rho,mu_p,char_height_px,font_name,text,phase_x,phase_y,noise_repeat,qe_total,aperture_width_px,mtf_nyquist,aperture_f50_cpp,ocr_text,cer,char_acc,preview_relpath
0.1,4,8,license_plate_bahnschrift.ttf,CBAGJWPD6YXT0RNZL49E3HSU875KFVMQ2,0,0,0,0.085,5.059644,0.959381,1.907975,PEMSELPHNRNCRERELW,0.878788,0.121212,point_previews/task000000_mu000004_rho010_n0.png
0.1,4,8,license_plate_bahnschrift.ttf,CBAGJWPD6YXT0RNZL49E3HSU875KFVMQ2,0,0,1,0.085,5.059644,0.959381,1.907975,,1.0,0.0,point_previews/task000000_mu000004_rho010_n1.png
0.2,4,8,license_plate_bahnschrift.ttf,CBAGJWPD6YXT0RNZL49E3HSU875KFVMQ2,0,0,0,0.17,7.155418,0.919759,1.349142,ENSTRPT,0.939394,0.060606,point_previews/task000000_mu000004_rho020_n0.png
0.2,4,8,license_plate_bahnschrift.ttf,CBAGJWPD6YXT0RNZL49E3HSU875KFVMQ2,0,0,1,0.17,7.155418,0.919759,1.349142,BRENT,0.909091,0.090909,point_previews/task000000_mu000004_rho020_n1.png
0.3,4,8,license_plate_bahnschrift.ttf,CBAGJWPD6YXT0RNZL49E3HSU875KFVMQ2,0,0,0,0.255,8.763561,0.881116,1.10157,SESTRARMHSAE,0.878788,0.121212,point_previews/task000000_mu000004_rho030_n0.png
0.3,4,8,license_plate_bahnschrift.ttf,CBAGJWPD6YXT0RNZL49E3HSU875KFVMQ2,0,0,1,0.255,8.763561,0.881116,1.10157,PEEAPRGRARNTGHSARTRC,0.848485,0.151515,point_previews/task000000_mu000004_rho030_n1.png
0.4,4,8,license_plate_bahnschrift.ttf,CBAGJWPD6YXT0RNZL49E3HSU875KFVMQ2,0,0,0,0.34,10.119289,0.843436,0.953987,,1.0,0.0,point_previews/task000000_mu000004_rho040_n0.png
0.4,4,8,license_plate_bahnschrift.ttf,CBAGJWPD6YXT0RNZL49E3HSU875KFVMQ2,0,0,1,0.34,10.119289,0.843436,0.953987,ERPSEUES,0.909091,0.090909,point_previews/task000000_mu000004_rho040_n1.png
0.5,4,8,license_plate_bahnschrift.ttf,CBAGJWPD6YXT0RNZL49E3HSU875KFVMQ2,0,0,0,0.425,11.313708,0.8067,0.853272,DTNVRSAAGSEBNSRTESRDG,0.878788,0.121212,point_previews/task000000_mu000004_rho050_n0.png
0.5,4,8,license_plate_bahnschrift.ttf,CBAGJWPD6YXT0RNZL49E3HSU875KFVMQ2,0,0,1,0.425,11.313708,0.8067,0.853272,APVWRSRTURCPD,0.878788,0.121212,point_previews/task000000_mu000004_rho050_n1.png
0.6,4,8,license_plate_bahnschrift.ttf,CBAGJWPD6YXT0RNZL49E3HSU875KFVMQ2,0,0,0,0.51,12.393547,0.770893,0.778927,,1.0,0.0,point_previews/task000000_mu000004_rho060_n0.png
0.6,4,8,license_plate_bahnschrift.ttf,CBAGJWPD6YXT0RNZL49E3HSU875KFVMQ2,0,0,1,0.51,12.393547,0.770893,0.778927,SAERAUPS,0.909091,0.090909,point_previews/task000000_mu000004_rho060_n1.png
0.7,4,8,license_plate_bahnschrift.ttf,CBAGJWPD6YXT0RNZL49E3HSU875KFVMQ2,0,0,0,0.595,13.38656,0.735998,0.721147,AREARSRARFEAREATSSAESNTERDE,0.878788,0.121212,point_previews/task000000_mu000004_rho070_n0.png
0.7,4,8,license_plate_bahnschrift.ttf,CBAGJWPD6YXT0RNZL49E3HSU875KFVMQ2,0,0,1,0.595,13.38656,0.735998,0.721147,ABABTPABRRPUENR9ME,0.818182,0.181818,point_previews/task000000_mu000004_rho070_n1.png
0.8,4,8,license_plate_bahnschrift.ttf,CBAGJWPD6YXT0RNZL49E3HSU875KFVMQ2,0,0,0,0.68,14.310835,0.701998,0.674571,SCRARBETSERTERABLTSACTS,0.848485,0.151515,point_previews/task000000_mu000004_rho080_n0.png
0.8,4,8,license_plate_bahnschrift.ttf,CBAGJWPD6YXT0RNZL49E3HSU875KFVMQ2,0,0,1,0.68,14.310835,0.701998,0.674571,,1.0,0.0,point_previews/task000000_mu000004_rho080_n1.png
0.9,4,8,license_plate_bahnschrift.ttf,CBAGJWPD6YXT0RNZL49E3HSU875KFVMQ2,0,0,0,0.765,15.178933,0.668877,0.635992,ESHPALAGWRCRAYSPSAEATSTALGS,0.909091,0.090909,point_previews/task000000_mu000004_rho090_n0.png
0.9,4,8,license_plate_bahnschrift.ttf,CBAGJWPD6YXT0RNZL49E3HSU875KFVMQ2,0,0,1,0.765,15.178933,0.668877,0.635992,QEATWUTTALASER,0.848485,0.151515,point_previews/task000000_mu000004_rho090_n1.png
1.0,4,8,license_plate_bahnschrift.ttf,CBAGJWPD6YXT0RNZL49E3HSU875KFVMQ2,0,0,0,0.85,16.0,0.63662,0.603355,CEADSMEUSUERMERAAREE,0.848485,0.151515,point_previews/task000000_mu000004_rho100_n0.png
1.0,4,8,license_plate_bahnschrift.ttf,CBAGJWPD6YXT0RNZL49E3HSU875KFVMQ2,0,0,1,0.85,16.0,0.63662,0.603355,ESEBEPTURELMARTTSANS2,0.818182,0.181818,point_previews/task000000_mu000004_rho100_n1.png
0.1,16,8,license_plate_bahnschrift.ttf,CBAGJWPD6YXT0RNZL49E3HSU875KFVMQ2,0,0,0,0.085,5.059644,0.959381,1.907975,BTAVBWEBRECMRRESFA,0.818182,0.181818,point_previews/task000001_mu000016_rho010_n0.png
0.1,16,8,license_plate_bahnschrift.ttf,CBAGJWPD6YXT0RNZL49E3HSU875KFVMQ2,0,0,1,0.085,5.059644,0.959381,1.907975,,1.0,0.0,point_previews/task000001_mu000016_rho010_n1.png
0.2,16,8,license_plate_bahnschrift.ttf,CBAGJWPD6YXT0RNZL49E3HSU875KFVMQ2,0,0,0,0.17,7.155418,0.919759,1.349142,23245FBCHR4RST3TSFFAM4,0.848485,0.151515,point_previews/task000001_mu000016_rho020_n0.png
0.2,16,8,license_plate_bahnschrift.ttf,CBAGJWPD6YXT0RNZL49E3HSU875KFVMQ2,0,0,1,0.17,7.155418,0.919759,1.349142,REASDEAEYURERRQEMSSTRETAGE,0.848485,0.151515,point_previews/task000001_mu000016_rho020_n1.png
0.3,16,8,license_plate_bahnschrift.ttf,CBAGJWPD6YXT0RNZL49E3HSU875KFVMQ2,0,0,0,0.255,8.763561,0.881116,1.10157,SRAGTWERSARTURNZLAVESSLQTGREVMGE,0.636364,0.363636,point_previews/task000001_mu000016_rho030_n0.png
0.3,16,8,license_plate_bahnschrift.ttf,CBAGJWPD6YXT0RNZL49E3HSU875KFVMQ2,0,0,1,0.255,8.763561,0.881116,1.10157,CBAGTUPDSATHRWZEATESPSLRSPS,0.666667,0.333333,point_previews/task000001_mu000016_rho030_n1.png
0.4,16,8,license_plate_bahnschrift.ttf,CBAGJWPD6YXT0RNZL49E3HSU875KFVMQ2,0,0,0,0.34,10.119289,0.843436,0.953987,,1.0,0.0,point_previews/task000001_mu000016_rho040_n0.png
0.4,16,8,license_plate_bahnschrift.ttf,CBAGJWPD6YXT0RNZL49E3HSU875KFVMQ2,0,0,1,0.34,10.119289,0.843436,0.953987,CEAGUNERGYKTURNZEATEHSESTSKRVMGS,0.575758,0.424242,point_previews/task000001_mu000016_rho040_n1.png
0.5,16,8,license_plate_bahnschrift.ttf,CBAGJWPD6YXT0RNZL49E3HSU875KFVMQ2,0,0,0,0.425,11.313708,0.8067,0.853272,NCBEGJWEDAYRTGRNZCAFESHSUSTSHENMG2,0.515152,0.484848,point_previews/task000001_mu000016_rho050_n0.png
0.5,16,8,license_plate_bahnschrift.ttf,CBAGJWPD6YXT0RNZL49E3HSU875KFVMQ2,0,0,1,0.425,11.313708,0.8067,0.853272,,1.0,0.0,point_previews/task000001_mu000016_rho050_n1.png
0.6,16,8,license_plate_bahnschrift.ttf,CBAGJWPD6YXT0RNZL49E3HSU875KFVMQ2,0,0,0,0.51,12.393547,0.770893,0.778927,,1.0,0.0,point_previews/task000001_mu000016_rho060_n0.png
0.6,16,8,license_plate_bahnschrift.ttf,CBAGJWPD6YXT0RNZL49E3HSU875KFVMQ2,0,0,1,0.51,12.393547,0.770893,0.778927,,1.0,0.0,point_previews/task000001_mu000016_rho060_n1.png
0.7,16,8,license_plate_bahnschrift.ttf,CBAGJWPD6YXT0RNZL49E3HSU875KFVMQ2,0,0,0,0.595,13.38656,0.735998,0.721147,EBAGJVEDSYXTURNZAFESHSUBTSKEVMB2,0.424242,0.575758,point_previews/task000001_mu000016_rho070_n0.png
0.7,16,8,license_plate_bahnschrift.ttf,CBAGJWPD6YXT0RNZL49E3HSU875KFVMQ2,0,0,1,0.595,13.38656,0.735998,0.721147,CBAGVPDEYXTURNZASESHSUSTSKFYBR2,0.424242,0.575758,point_previews/task000001_mu000016_rho070_n1.png
0.8,16,8,license_plate_bahnschrift.ttf,CBAGJWPD6YXT0RNZL49E3HSU875KFVMQ2,0,0,0,0.68,14.310835,0.701998,0.674571,,1.0,0.0,point_previews/task000001_mu000016_rho080_n0.png
0.8,16,8,license_plate_bahnschrift.ttf,CBAGJWPD6YXT0RNZL49E3HSU875KFVMQ2,0,0,1,0.68,14.310835,0.701998,0.674571,,1.0,0.0,point_previews/task000001_mu000016_rho080_n1.png
0.9,16,8,license_plate_bahnschrift.ttf,CBAGJWPD6YXT0RNZL49E3HSU875KFVMQ2,0,0,0,0.765,15.178933,0.668877,0.635992,,1.0,0.0,point_previews/task000001_mu000016_rho090_n0.png
0.9,16,8,license_plate_bahnschrift.ttf,CBAGJWPD6YXT0RNZL49E3HSU875KFVMQ2,0,0,1,0.765,15.178933,0.668877,0.635992,,1.0,0.0,point_previews/task000001_mu000016_rho090_n1.png
1.0,16,8,license_plate_bahnschrift.ttf,CBAGJWPD6YXT0RNZL49E3HSU875KFVMQ2,0,0,0,0.85,16.0,0.63662,0.603355,,1.0,0.0,point_previews/task000001_mu000016_rho100_n0.png
1.0,16,8,license_plate_bahnschrift.ttf,CBAGJWPD6YXT0RNZL49E3HSU875KFVMQ2,0,0,1,0.85,16.0,0.63662,0.603355,,1.0,0.0,point_previews/task000001_mu000016_rho100_n1.png
0.1,64,8,license_plate_bahnschrift.ttf,CBAGJWPD6YXT0RNZL49E3HSU875KFVMQ2,0,0,0,0.085,5.059644,0.959381,1.907975,CBAGJNEDAYATRMEASESHSU875KFYMEE,0.424242,0.575758,point_previews/task000002_mu000064_rho010_n0.png
0.1,64,8,license_plate_bahnschrift.ttf,CBAGJWPD6YXT0RNZL49E3HSU875KFVMQ2,0,0,1,0.085,5.059644,0.959381,1.907975,EBABAWEDETXTURRZEAPESHSUSTSKEVARD,0.575758,0.424242,point_previews/task000002_mu000064_rho010_n1.png
0.2,64,8,license_plate_bahnschrift.ttf,CBAGJWPD6YXT0RNZL49E3HSU875KFVMQ2,0,0,0,0.17,7.155418,0.919759,1.349142,,1.0,0.0,point_previews/task000002_mu000064_rho020_n0.png
0.2,64,8,license_plate_bahnschrift.ttf,CBAGJWPD6YXT0RNZL49E3HSU875KFVMQ2,0,0,1,0.17,7.155418,0.919759,1.349142,CBAGJWPEDSYATERNZLAPESASUBTSKFVMG2,0.363636,0.636364,point_previews/task000002_mu000064_rho020_n1.png
0.3,64,8,license_plate_bahnschrift.ttf,CBAGJWPD6YXT0RNZL49E3HSU875KFVMQ2,0,0,0,0.255,8.763561,0.881116,1.10157,EBAGJWEDEYXTURNZLGPESHSUSTSKFVMG2,0.333333,0.666667,point_previews/task000002_mu000064_rho030_n0.png
0.3,64,8,license_plate_bahnschrift.ttf,CBAGJWPD6YXT0RNZL49E3HSU875KFVMQ2,0,0,1,0.255,8.763561,0.881116,1.10157,,1.0,0.0,point_previews/task000002_mu000064_rho030_n1.png
0.4,64,8,license_plate_bahnschrift.ttf,CBAGJWPD6YXT0RNZL49E3HSU875KFVMQ2,0,0,0,0.34,10.119289,0.843436,0.953987,CBAGJWPD6YXTRNZLAPESHSUBTSKFEVMQ2,0.242424,0.757576,point_previews/task000002_mu000064_rho040_n0.png
0.4,64,8,license_plate_bahnschrift.ttf,CBAGJWPD6YXT0RNZL49E3HSU875KFVMQ2,0,0,1,0.34,10.119289,0.843436,0.953987,CBAGJWPD6YXTRNZL49ESHSUS7SKFYMQG2,0.181818,0.818182,point_previews/task000002_mu000064_rho040_n1.png
0.5,64,8,license_plate_bahnschrift.ttf,CBAGJWPD6YXT0RNZL49E3HSU875KFVMQ2,0,0,0,0.425,11.313708,0.8067,0.853272,CBAGJWPD6YXTGRNZLAPESHSUBTSKEVMG2,0.272727,0.727273,point_previews/task000002_mu000064_rho050_n0.png
0.5,64,8,license_plate_bahnschrift.ttf,CBAGJWPD6YXT0RNZL49E3HSU875KFVMQ2,0,0,1,0.425,11.313708,0.8067,0.853272,CBAGJWPD6YXTURNZLAPESHSUS7SKFVMG2,0.212121,0.787879,point_previews/task000002_mu000064_rho050_n1.png
0.6,64,8,license_plate_bahnschrift.ttf,CBAGJWPD6YXT0RNZL49E3HSU875KFVMQ2,0,0,0,0.51,12.393547,0.770893,0.778927,CBAGJWPD6YXTGRNZL49E3HSU87SKFYMQ2,0.090909,0.909091,point_previews/task000002_mu000064_rho060_n0.png
0.6,64,8,license_plate_bahnschrift.ttf,CBAGJWPD6YXT0RNZL49E3HSU875KFVMQ2,0,0,1,0.51,12.393547,0.770893,0.778927,CBAGJWPDSYXTURNZL4PESHSUSTSKFYMG2,0.272727,0.727273,point_previews/task000002_mu000064_rho060_n1.png
0.7,64,8,license_plate_bahnschrift.ttf,CBAGJWPD6YXT0RNZL49E3HSU875KFVMQ2,0,0,0,0.595,13.38656,0.735998,0.721147,CBAGJWPD6YXTRNZL49E3HSU875KFYMQ2,0.060606,0.939394,point_previews/task000002_mu000064_rho070_n0.png
0.7,64,8,license_plate_bahnschrift.ttf,CBAGJWPD6YXT0RNZL49E3HSU875KFVMQ2,0,0,1,0.595,13.38656,0.735998,0.721147,CBAGJWPD6YXTURNZL4PESHSUB7SKFVMG2,0.181818,0.818182,point_previews/task000002_mu000064_rho070_n1.png
0.8,64,8,license_plate_bahnschrift.ttf,CBAGJWPD6YXT0RNZL49E3HSU875KFVMQ2,0,0,0,0.68,14.310835,0.701998,0.674571,CBAGJWPD6YXTRNZL4PESHSUBTSKFYMG2,0.242424,0.757576,point_previews/task000002_mu000064_rho080_n0.png
0.8,64,8,license_plate_bahnschrift.ttf,CBAGJWPD6YXT0RNZL49E3HSU875KFVMQ2,0,0,1,0.68,14.310835,0.701998,0.674571,CBAGJWPD6YXTURNZLAVE3HSUB7SKFVMG2,0.181818,0.818182,point_previews/task000002_mu000064_rho080_n1.png
0.9,64,8,license_plate_bahnschrift.ttf,CBAGJWPD6YXT0RNZL49E3HSU875KFVMQ2,0,0,0,0.765,15.178933,0.668877,0.635992,CBAGJWPD6YXT0RNZLG9ESHSUB7SKFVMQ2,0.121212,0.878788,point_previews/task000002_mu000064_rho090_n0.png
0.9,64,8,license_plate_bahnschrift.ttf,CBAGJWPD6YXT0RNZL49E3HSU875KFVMQ2,0,0,1,0.765,15.178933,0.668877,0.635992,CBAGJWPD6YXT0RNZLA9ESHSUS7SKFVMQ2,0.121212,0.878788,point_previews/task000002_mu000064_rho090_n1.png
1.0,64,8,license_plate_bahnschrift.ttf,CBAGJWPD6YXT0RNZL49E3HSU875KFVMQ2,0,0,0,0.85,16.0,0.63662,0.603355,CBAGJWPD6YXT0RNZL49E3HSUB75KFVMQ2,0.030303,0.969697,point_previews/task000002_mu000064_rho100_n0.png
1.0,64,8,license_plate_bahnschrift.ttf,CBAGJWPD6YXT0RNZL49E3HSU875KFVMQ2,0,0,1,0.85,16.0,0.63662,0.603355,CBAGJWPD6YXTURNZL49ESHSUBTSKFVMQG2,0.181818,0.818182,point_previews/task000002_mu000064_rho100_n1.png
0.1,256,8,license_plate_bahnschrift.ttf,CBAGJWPD6YXT0RNZL49E3HSU875KFVMQ2,0,0,0,0.085,5.059644,0.959381,1.907975,CBAGJWPDSYXTURNZLAPESHSUBTSKEYMQ2,0.30303,0.69697,point_previews/task000003_mu000256_rho010_n0.png
0.1,256,8,license_plate_bahnschrift.ttf,CBAGJWPD6YXT0RNZL49E3HSU875KFVMQ2,0,0,1,0.085,5.059644,0.959381,1.907975,,1.0,0.0,point_previews/task000003_mu000256_rho010_n1.png
0.2,256,8,license_plate_bahnschrift.ttf,CBAGJWPD6YXT0RNZL49E3HSU875KFVMQ2,0,0,0,0.17,7.155418,0.919759,1.349142,CBAGJWPD6YXTRNZL49E3HSU875KFVYMG2,0.090909,0.909091,point_previews/task000003_mu000256_rho020_n0.png
0.2,256,8,license_plate_bahnschrift.ttf,CBAGJWPD6YXT0RNZL49E3HSU875KFVMQ2,0,0,1,0.17,7.155418,0.919759,1.349142,CBAGJWPD6YXTRNZLASE3HSU875KFYMQ2,0.121212,0.878788,point_previews/task000003_mu000256_rho020_n1.png
0.3,256,8,license_plate_bahnschrift.ttf,CBAGJWPD6YXT0RNZL49E3HSU875KFVMQ2,0,0,0,0.255,8.763561,0.881116,1.10157,CBAGJWPD46YXTURNZL49E3HSU875KFVMG2,0.090909,0.909091,point_previews/task000003_mu000256_rho030_n0.png
0.3,256,8,license_plate_bahnschrift.ttf,CBAGJWPD6YXT0RNZL49E3HSU875KFVMQ2,0,0,1,0.255,8.763561,0.881116,1.10157,CBAGJWPD6YXTRNZL49ESHSU875KFVMQ2,0.060606,0.939394,point_previews/task000003_mu000256_rho030_n1.png
0.4,256,8,license_plate_bahnschrift.ttf,CBAGJWPD6YXT0RNZL49E3HSU875KFVMQ2,0,0,0,0.34,10.119289,0.843436,0.953987,CBAGJWPD6YXTRNZL49E3HSU875KFVMQ2,0.030303,0.969697,point_previews/task000003_mu000256_rho040_n0.png
0.4,256,8,license_plate_bahnschrift.ttf,CBAGJWPD6YXT0RNZL49E3HSU875KFVMQ2,0,0,1,0.34,10.119289,0.843436,0.953987,CBAGJWPD6YXT0RNZL49E3HSUSTSKEVMG2,0.151515,0.848485,point_previews/task000003_mu000256_rho040_n1.png
0.5,256,8,license_plate_bahnschrift.ttf,CBAGJWPD6YXT0RNZL49E3HSU875KFVMQ2,0,0,0,0.425,11.313708,0.8067,0.853272,CBAGJWPD6YXT0RNZL49ESHSU87TSKFVMG2,0.121212,0.878788,point_previews/task000003_mu000256_rho050_n0.png
0.5,256,8,license_plate_bahnschrift.ttf,CBAGJWPD6YXT0RNZL49E3HSU875KFVMQ2,0,0,1,0.425,11.313708,0.8067,0.853272,CBAGJWPD6YXT0RNZL49E3HSUS75KFVMG2,0.060606,0.939394,point_previews/task000003_mu000256_rho050_n1.png
0.6,256,8,license_plate_bahnschrift.ttf,CBAGJWPD6YXT0RNZL49E3HSU875KFVMQ2,0,0,0,0.51,12.393547,0.770893,0.778927,CBAGJWPD6YXT0RNZL49E3SHSUSTSKFVMQ2,0.121212,0.878788,point_previews/task000003_mu000256_rho060_n0.png
0.6,256,8,license_plate_bahnschrift.ttf,CBAGJWPD6YXT0RNZL49E3HSU875KFVMQ2,0,0,1,0.51,12.393547,0.770893,0.778927,CBAGJWPD6YXT0RNZL49E3HSU87SKFVMG2,0.060606,0.939394,point_previews/task000003_mu000256_rho060_n1.png
0.7,256,8,license_plate_bahnschrift.ttf,CBAGJWPD6YXT0RNZL49E3HSU875KFVMQ2,0,0,0,0.595,13.38656,0.735998,0.721147,CBAGJWPD6YXT0RNZL49E3HSU875SKFVMG2,0.060606,0.939394,point_previews/task000003_mu000256_rho070_n0.png
0.7,256,8,license_plate_bahnschrift.ttf,CBAGJWPD6YXT0RNZL49E3HSU875KFVMQ2,0,0,1,0.595,13.38656,0.735998,0.721147,CBAGJWPD6YXT0RNZL49ESHSU87SKFVMG2,0.090909,0.909091,point_previews/task000003_mu000256_rho070_n1.png
0.8,256,8,license_plate_bahnschrift.ttf,CBAGJWPD6YXT0RNZL49E3HSU875KFVMQ2,0,0,0,0.68,14.310835,0.701998,0.674571,CBAGJWPD6YXT0RNZL49ESHSU87SKFVMQG2,0.090909,0.909091,point_previews/task000003_mu000256_rho080_n0.png
0.8,256,8,license_plate_bahnschrift.ttf,CBAGJWPD6YXT0RNZL49E3HSU875KFVMQ2,0,0,1,0.68,14.310835,0.701998,0.674571,CBAGJWPD6YXT0RNZL49ESHSU87TSKFVMQ2,0.090909,0.909091,point_previews/task000003_mu000256_rho080_n1.png
0.9,256,8,license_plate_bahnschrift.ttf,CBAGJWPD6YXT0RNZL49E3HSU875KFVMQ2,0,0,0,0.765,15.178933,0.668877,0.635992,CBAGJWPD6YXT0RNZL49ESHSU875SKFVMQG2,0.090909,0.909091,point_previews/task000003_mu000256_rho090_n0.png
0.9,256,8,license_plate_bahnschrift.ttf,CBAGJWPD6YXT0RNZL49E3HSU875KFVMQ2,0,0,1,0.765,15.178933,0.668877,0.635992,CBAGJWPD6YXT0RNZL49ESHSU875SKFVMQG2,0.090909,0.909091,point_previews/task000003_mu000256_rho090_n1.png
1.0,256,8,license_plate_bahnschrift.ttf,CBAGJWPD6YXT0RNZL49E3HSU875KFVMQ2,0,0,0,0.85,16.0,0.63662,0.603355,CBAGJWPD6YXT0RNZL49ESHSU875KFVMQG2,0.060606,0.939394,point_previews/task000003_mu000256_rho100_n0.png
1.0,256,8,license_plate_bahnschrift.ttf,CBAGJWPD6YXT0RNZL49E3HSU875KFVMQ2,0,0,1,0.85,16.0,0.63662,0.603355,CBAGJWPD6YXT0RNZL49E3HSUS7TSKFVMQG2,0.121212,0.878788,point_previews/task000003_mu000256_rho100_n1.png
0.1,1024,8,license_plate_bahnschrift.ttf,CBAGJWPD6YXT0RNZL49E3HSU875KFVMQ2,0,0,0,0.085,5.059644,0.959381,1.907975,CBAGJWPD6YXT0RNZL4PESHSUS7TSKFYMQ2,0.181818,0.818182,point_previews/task000004_mu001024_rho010_n0.png
0.1,1024,8,license_plate_bahnschrift.ttf,CBAGJWPD6YXT0RNZL49E3HSU875KFVMQ2,0,0,1,0.085,5.059644,0.959381,1.907975,CBAGJWPD6YXT0RNZL4PE3HSUS7SKFVMG2,0.121212,0.878788,point_previews/task000004_mu001024_rho010_n1.png
0.2,1024,8,license_plate_bahnschrift.ttf,CBAGJWPD6YXT0RNZL49E3HSU875KFVMQ2,0,0,0,0.17,7.155418,0.919759,1.349142,CBAGJWPD6YXTRNZL49E3HSUS75SKFVMG2,0.121212,0.878788,point_previews/task000004_mu001024_rho020_n0.png
0.2,1024,8,license_plate_bahnschrift.ttf,CBAGJWPD6YXT0RNZL49E3HSU875KFVMQ2,0,0,1,0.17,7.155418,0.919759,1.349142,CBAGJWPD6YXT0RNZL4PE3HSUS7SKFVMG2,0.121212,0.878788,point_previews/task000004_mu001024_rho020_n1.png
0.3,1024,8,license_plate_bahnschrift.ttf,CBAGJWPD6YXT0RNZL49E3HSU875KFVMQ2,0,0,0,0.255,8.763561,0.881116,1.10157,CBAGJWPD6YXT0RNZL49ESHSUS7SKFVMG2,0.121212,0.878788,point_previews/task000004_mu001024_rho030_n0.png
0.3,1024,8,license_plate_bahnschrift.ttf,CBAGJWPD6YXT0RNZL49E3HSU875KFVMQ2,0,0,1,0.255,8.763561,0.881116,1.10157,CBAGJWPD6YXT0RNZL4PE3HSUS75KFVMQ2,0.060606,0.939394,point_previews/task000004_mu001024_rho030_n1.png
0.4,1024,8,license_plate_bahnschrift.ttf,CBAGJWPD6YXT0RNZL49E3HSU875KFVMQ2,0,0,0,0.34,10.119289,0.843436,0.953987,CBAGJWPD6YXT0RNZL49E3HSU875KFVMQ2,0.0,1.0,point_previews/task000004_mu001024_rho040_n0.png
0.4,1024,8,license_plate_bahnschrift.ttf,CBAGJWPD6YXT0RNZL49E3HSU875KFVMQ2,0,0,1,0.34,10.119289,0.843436,0.953987,CBAGJWPD6YXT0RNZL49E3HSU875KFVMG2,0.030303,0.969697,point_previews/task000004_mu001024_rho040_n1.png
0.5,1024,8,license_plate_bahnschrift.ttf,CBAGJWPD6YXT0RNZL49E3HSU875KFVMQ2,0,0,0,0.425,11.313708,0.8067,0.853272,CBAGJWPD6YXT0RNZL49E3HSU875KFVMQG2,0.030303,0.969697,point_previews/task000004_mu001024_rho050_n0.png
0.5,1024,8,license_plate_bahnschrift.ttf,CBAGJWPD6YXT0RNZL49E3HSU875KFVMQ2,0,0,1,0.425,11.313708,0.8067,0.853272,CBAGJWPD6YXT0RNZL49E3HSU875SKFVMQG2,0.060606,0.939394,point_previews/task000004_mu001024_rho050_n1.png
0.6,1024,8,license_plate_bahnschrift.ttf,CBAGJWPD6YXT0RNZL49E3HSU875KFVMQ2,0,0,0,0.51,12.393547,0.770893,0.778927,CBAGJWPD6YXT0RNZL49ESHSU87SKFVMQ2,0.060606,0.939394,point_previews/task000004_mu001024_rho060_n0.png
0.6,1024,8,license_plate_bahnschrift.ttf,CBAGJWPD6YXT0RNZL49E3HSU875KFVMQ2,0,0,1,0.51,12.393547,0.770893,0.778927,CBAGJWPD6YXT0RNZL49ESHSU87SKFVMQG2,0.090909,0.909091,point_previews/task000004_mu001024_rho060_n1.png
0.7,1024,8,license_plate_bahnschrift.ttf,CBAGJWPD6YXT0RNZL49E3HSU875KFVMQ2,0,0,0,0.595,13.38656,0.735998,0.721147,CBAGJWPD6YXT0RNZL49ESHSU875KFVMQ2,0.030303,0.969697,point_previews/task000004_mu001024_rho070_n0.png
0.7,1024,8,license_plate_bahnschrift.ttf,CBAGJWPD6YXT0RNZL49E3HSU875KFVMQ2,0,0,1,0.595,13.38656,0.735998,0.721147,CBAGJWPD6YXT0RNZL49E3HSU87SKFVMQG2,0.060606,0.939394,point_previews/task000004_mu001024_rho070_n1.png
0.8,1024,8,license_plate_bahnschrift.ttf,CBAGJWPD6YXT0RNZL49E3HSU875KFVMQ2,0,0,0,0.68,14.310835,0.701998,0.674571,CBAGJWPD6YXT0RNZL49E3HSU87SKFVMQ2,0.030303,0.969697,point_previews/task000004_mu001024_rho080_n0.png
0.8,1024,8,license_plate_bahnschrift.ttf,CBAGJWPD6YXT0RNZL49E3HSU875KFVMQ2,0,0,1,0.68,14.310835,0.701998,0.674571,CBAGJWPD6YXT0RNZL49ESHSU875KFVMQG2,0.060606,0.939394,point_previews/task000004_mu001024_rho080_n1.png
0.9,1024,8,license_plate_bahnschrift.ttf,CBAGJWPD6YXT0RNZL49E3HSU875KFVMQ2,0,0,0,0.765,15.178933,0.668877,0.635992,CBAGJWPD6YXT0RNZL49ESHSU87SKFVMQG2,0.090909,0.909091,point_previews/task000004_mu001024_rho090_n0.png
0.9,1024,8,license_plate_bahnschrift.ttf,CBAGJWPD6YXT0RNZL49E3HSU875KFVMQ2,0,0,1,0.765,15.178933,0.668877,0.635992,CBAGJWPD6YXT0RNZL49E3HSU875SKFVMQ2,0.030303,0.969697,point_previews/task000004_mu001024_rho090_n1.png
1.0,1024,8,license_plate_bahnschrift.ttf,CBAGJWPD6YXT0RNZL49E3HSU875KFVMQ2,0,0,0,0.85,16.0,0.63662,0.603355,CBAGJWPD6YXT0RNZL49E3HSU875KFVMQ2,0.0,1.0,point_previews/task000004_mu001024_rho100_n0.png
1.0,1024,8,license_plate_bahnschrift.ttf,CBAGJWPD6YXT0RNZL49E3HSU875KFVMQ2,0,0,1,0.85,16.0,0.63662,0.603355,CBAGJWPD6YXT0RNZL49E3HSU87SKFVMQ2,0.030303,0.969697,point_previews/task000004_mu001024_rho100_n1.png
0.1,4096,8,license_plate_bahnschrift.ttf,CBAGJWPD6YXT0RNZL49E3HSU875KFVMQ2,0,0,0,0.085,5.059644,0.959381,1.907975,CBAGJWPD6YATERNZL49ESHSUS7SKFVMG2,0.181818,0.818182,point_previews/task000005_mu004096_rho010_n0.png
0.1,4096,8,license_plate_bahnschrift.ttf,CBAGJWPD6YXT0RNZL49E3HSU875KFVMQ2,0,0,1,0.085,5.059644,0.959381,1.907975,CBAGJWPD6YXT0RNZL49E3HSUS7SKFYMG2,0.121212,0.878788,point_previews/task000005_mu004096_rho010_n1.png
0.2,4096,8,license_plate_bahnschrift.ttf,CBAGJWPD6YXT0RNZL49E3HSU875KFVMQ2,0,0,0,0.17,7.155418,0.919759,1.349142,CBAGJWPD6YXT0RNZL49E3HSUS75KFVMG2,0.060606,0.939394,point_previews/task000005_mu004096_rho020_n0.png
0.2,4096,8,license_plate_bahnschrift.ttf,CBAGJWPD6YXT0RNZL49E3HSU875KFVMQ2,0,0,1,0.17,7.155418,0.919759,1.349142,CBAGJWPD6YXATERNZL49ESHSUS7SKFVMG2,0.181818,0.818182,point_previews/task000005_mu004096_rho020_n1.png
0.3,4096,8,license_plate_bahnschrift.ttf,CBAGJWPD6YXT0RNZL49E3HSU875KFVMQ2,0,0,0,0.255,8.763561,0.881116,1.10157,CBAGJWPD6YXT0RNZL49E3HSUS87SKFVMQ2,0.060606,0.939394,point_previews/task000005_mu004096_rho030_n0.png
0.3,4096,8,license_plate_bahnschrift.ttf,CBAGJWPD6YXT0RNZL49E3HSU875KFVMQ2,0,0,1,0.255,8.763561,0.881116,1.10157,CBAGJWPD6YXTERNZL49E3HSU87SKFVMQ2,0.060606,0.939394,point_previews/task000005_mu004096_rho030_n1.png
0.4,4096,8,license_plate_bahnschrift.ttf,CBAGJWPD6YXT0RNZL49E3HSU875KFVMQ2,0,0,0,0.34,10.119289,0.843436,0.953987,CBAGJWPD6YXT0RNZL49ESHSU87SKFVMQ2,0.060606,0.939394,point_previews/task000005_mu004096_rho040_n0.png
0.4,4096,8,license_plate_bahnschrift.ttf,CBAGJWPD6YXT0RNZL49E3HSU875KFVMQ2,0,0,1,0.34,10.119289,0.843436,0.953987,CBAGJWPD6YXT0RNZL49ESHSUS7SKFVMQ2,0.090909,0.909091,point_previews/task000005_mu004096_rho040_n1.png
0.5,4096,8,license_plate_bahnschrift.ttf,CBAGJWPD6YXT0RNZL49E3HSU875KFVMQ2,0,0,0,0.425,11.313708,0.8067,0.853272,CBAGJWPD6YXT0RNZL49ESHSU87SKFVMQ2,0.060606,0.939394,point_previews/task000005_mu004096_rho050_n0.png
0.5,4096,8,license_plate_bahnschrift.ttf,CBAGJWPD6YXT0RNZL49E3HSU875KFVMQ2,0,0,1,0.425,11.313708,0.8067,0.853272,CBAGJWPD6YXT0RNZL49ESHSU875SKFVMQ2,0.060606,0.939394,point_previews/task000005_mu004096_rho050_n1.png
0.6,4096,8,license_plate_bahnschrift.ttf,CBAGJWPD6YXT0RNZL49E3HSU875KFVMQ2,0,0,0,0.51,12.393547,0.770893,0.778927,CBAGJWPD6YXT0RNZL49E3HSU87SKFVMQ2,0.030303,0.969697,point_previews/task000005_mu004096_rho060_n0.png
0.6,4096,8,license_plate_bahnschrift.ttf,CBAGJWPD6YXT0RNZL49E3HSU875KFVMQ2,0,0,1,0.51,12.393547,0.770893,0.778927,CBAGJWPD6YXT0RNZL49E3HSU87SKFVMQ2,0.030303,0.969697,point_previews/task000005_mu004096_rho060_n1.png
0.7,4096,8,license_plate_bahnschrift.ttf,CBAGJWPD6YXT0RNZL49E3HSU875KFVMQ2,0,0,0,0.595,13.38656,0.735998,0.721147,CBAGJWPD6YXT0RNZL49E3HSU87SKFVMQ2,0.030303,0.969697,point_previews/task000005_mu004096_rho070_n0.png
0.7,4096,8,license_plate_bahnschrift.ttf,CBAGJWPD6YXT0RNZL49E3HSU875KFVMQ2,0,0,1,0.595,13.38656,0.735998,0.721147,CBAGJWPD6YXT0RNZL49E3HSU875SKFVMQG2,0.060606,0.939394,point_previews/task000005_mu004096_rho070_n1.png
0.8,4096,8,license_plate_bahnschrift.ttf,CBAGJWPD6YXT0RNZL49E3HSU875KFVMQ2,0,0,0,0.68,14.310835,0.701998,0.674571,CBAGJWPD6YXT0RNZL49E3HSU87SKFVMQ2,0.030303,0.969697,point_previews/task000005_mu004096_rho080_n0.png
0.8,4096,8,license_plate_bahnschrift.ttf,CBAGJWPD6YXT0RNZL49E3HSU875KFVMQ2,0,0,1,0.68,14.310835,0.701998,0.674571,CBAGJWPD6YXT0RNZL49E3HSU87SKFVMQ2,0.030303,0.969697,point_previews/task000005_mu004096_rho080_n1.png
0.9,4096,8,license_plate_bahnschrift.ttf,CBAGJWPD6YXT0RNZL49E3HSU875KFVMQ2,0,0,0,0.765,15.178933,0.668877,0.635992,CBAGJWPD6YXT0RNZL49E3HSU875KFVMQ2,0.0,1.0,point_previews/task000005_mu004096_rho090_n0.png
0.9,4096,8,license_plate_bahnschrift.ttf,CBAGJWPD6YXT0RNZL49E3HSU875KFVMQ2,0,0,1,0.765,15.178933,0.668877,0.635992,CBAGJWPD6YXT0RNZL49E3HSU87SKFVMQ2,0.030303,0.969697,point_previews/task000005_mu004096_rho090_n1.png
1.0,4096,8,license_plate_bahnschrift.ttf,CBAGJWPD6YXT0RNZL49E3HSU875KFVMQ2,0,0,0,0.85,16.0,0.63662,0.603355,CBAGJWPD6YXT0RNZL49E3HSU87SKFVMQ2,0.030303,0.969697,point_previews/task000005_mu004096_rho100_n0.png
1.0,4096,8,license_plate_bahnschrift.ttf,CBAGJWPD6YXT0RNZL49E3HSU875KFVMQ2,0,0,1,0.85,16.0,0.63662,0.603355,CBAGJWPD6YXT0RNZL49E3HSU87SKFVMQ2,0.030303,0.969697,point_previews/task000005_mu004096_rho100_n1.png
0.1,16384,8,license_plate_bahnschrift.ttf,CBAGJWPD6YXT0RNZL49E3HSU875KFVMQ2,0,0,0,0.085,5.059644,0.959381,1.907975,CBAGJWPD6YATURNZL4PESHSUS7SKFYVMG2,0.242424,0.757576,point_previews/task000006_mu016384_rho010_n0.png
0.1,16384,8,license_plate_bahnschrift.ttf,CBAGJWPD6YXT0RNZL49E3HSU875KFVMQ2,0,0,1,0.085,5.059644,0.959381,1.907975,CBAGJWPD6YATRNZL49ESHSUS7SKFVMG2,0.181818,0.818182,point_previews/task000006_mu016384_rho010_n1.png
0.2,16384,8,license_plate_bahnschrift.ttf,CBAGJWPD6YXT0RNZL49E3HSU875KFVMQ2,0,0,0,0.17,7.155418,0.919759,1.349142,CBAGJWPD6YXATERNZL49ESHSUS7SKFVMG2,0.181818,0.818182,point_previews/task000006_mu016384_rho020_n0.png
0.2,16384,8,license_plate_bahnschrift.ttf,CBAGJWPD6YXT0RNZL49E3HSU875KFVMQ2,0,0,1,0.17,7.155418,0.919759,1.349142,CBAGJWPD6YXTERNZL49ESHSUS7SKFVMG2,0.151515,0.848485,point_previews/task000006_mu016384_rho020_n1.png
0.3,16384,8,license_plate_bahnschrift.ttf,CBAGJWPD6YXT0RNZL49E3HSU875KFVMQ2,0,0,0,0.255,8.763561,0.881116,1.10157,CBAGJWPD6YXT0RNZL49E3HSU87SKFVMQ2,0.030303,0.969697,point_previews/task000006_mu016384_rho030_n0.png
0.3,16384,8,license_plate_bahnschrift.ttf,CBAGJWPD6YXT0RNZL49E3HSU875KFVMQ2,0,0,1,0.255,8.763561,0.881116,1.10157,CBAGJWPD6YXT0RNZL49E3HSUS87SKFVMQ2,0.060606,0.939394,point_previews/task000006_mu016384_rho030_n1.png
0.4,16384,8,license_plate_bahnschrift.ttf,CBAGJWPD6YXT0RNZL49E3HSU875KFVMQ2,0,0,0,0.34,10.119289,0.843436,0.953987,CBAGJWPD6YXT0RNZL49ESHSUS7SKFVMQ2,0.090909,0.909091,point_previews/task000006_mu016384_rho040_n0.png
0.4,16384,8,license_plate_bahnschrift.ttf,CBAGJWPD6YXT0RNZL49E3HSU875KFVMQ2,0,0,1,0.34,10.119289,0.843436,0.953987,CBAGJWPD6YXT0RNZL49E3SHSU87SKFVMQ2,0.060606,0.939394,point_previews/task000006_mu016384_rho040_n1.png
0.5,16384,8,license_plate_bahnschrift.ttf,CBAGJWPD6YXT0RNZL49E3HSU875KFVMQ2,0,0,0,0.425,11.313708,0.8067,0.853272,CBAGJWPD6YXT0RNZL49ESHSU87SKFVMQ2,0.060606,0.939394,point_previews/task000006_mu016384_rho050_n0.png
0.5,16384,8,license_plate_bahnschrift.ttf,CBAGJWPD6YXT0RNZL49E3HSU875KFVMQ2,0,0,1,0.425,11.313708,0.8067,0.853272,CBAGJWPD6YXT0RNZL49ESHSU875SKFVMQ2,0.060606,0.939394,point_previews/task000006_mu016384_rho050_n1.png
0.6,16384,8,license_plate_bahnschrift.ttf,CBAGJWPD6YXT0RNZL49E3HSU875KFVMQ2,0,0,0,0.51,12.393547,0.770893,0.778927,CBAGJWPD6YXT0RNZL49E3HSU87SKFVMQ2,0.030303,0.969697,point_previews/task000006_mu016384_rho060_n0.png
0.6,16384,8,license_plate_bahnschrift.ttf,CBAGJWPD6YXT0RNZL49E3HSU875KFVMQ2,0,0,1,0.51,12.393547,0.770893,0.778927,CBAGJWPD6YXT0RNZL49E3HSU87SKFVMQ2,0.030303,0.969697,point_previews/task000006_mu016384_rho060_n1.png
0.7,16384,8,license_plate_bahnschrift.ttf,CBAGJWPD6YXT0RNZL49E3HSU875KFVMQ2,0,0,0,0.595,13.38656,0.735998,0.721147,CBAGJWPD6YXT0RNZL49ESHSU875SKFVMQ2,0.060606,0.939394,point_previews/task000006_mu016384_rho070_n0.png
0.7,16384,8,license_plate_bahnschrift.ttf,CBAGJWPD6YXT0RNZL49E3HSU875KFVMQ2,0,0,1,0.595,13.38656,0.735998,0.721147,CBAGJWPD6YXT0RNZL49ESHSU875SKFVMQ2,0.060606,0.939394,point_previews/task000006_mu016384_rho070_n1.png
0.8,16384,8,license_plate_bahnschrift.ttf,CBAGJWPD6YXT0RNZL49E3HSU875KFVMQ2,0,0,0,0.68,14.310835,0.701998,0.674571,CBAGJWPD6YXT0RNZL49E3HSU875SKFVMQ2,0.030303,0.969697,point_previews/task000006_mu016384_rho080_n0.png
0.8,16384,8,license_plate_bahnschrift.ttf,CBAGJWPD6YXT0RNZL49E3HSU875KFVMQ2,0,0,1,0.68,14.310835,0.701998,0.674571,CBAGJWPD6YXT0RNZL49E3HSU87SKFVMQ2,0.030303,0.969697,point_previews/task000006_mu016384_rho080_n1.png
0.9,16384,8,license_plate_bahnschrift.ttf,CBAGJWPD6YXT0RNZL49E3HSU875KFVMQ2,0,0,0,0.765,15.178933,0.668877,0.635992,CBAGJWPD6YXT0RNZL49E3HSU875KFVMQ2,0.0,1.0,point_previews/task000006_mu016384_rho090_n0.png
0.9,16384,8,license_plate_bahnschrift.ttf,CBAGJWPD6YXT0RNZL49E3HSU875KFVMQ2,0,0,1,0.765,15.178933,0.668877,0.635992,CBAGJWPD6YXT0RNZL49E3HSU875KFVMQ2,0.0,1.0,point_previews/task000006_mu016384_rho090_n1.png
1.0,16384,8,license_plate_bahnschrift.ttf,CBAGJWPD6YXT0RNZL49E3HSU875KFVMQ2,0,0,0,0.85,16.0,0.63662,0.603355,CBAGJWPD6YXT0RNZL49E3HSU875SKFVMQ2,0.030303,0.969697,point_previews/task000006_mu016384_rho100_n0.png
1.0,16384,8,license_plate_bahnschrift.ttf,CBAGJWPD6YXT0RNZL49E3HSU875KFVMQ2,0,0,1,0.85,16.0,0.63662,0.603355,CBAGJWPD6YXT0RNZL49E3HSU87SKFVMQ2,0.030303,0.969697,point_previews/task000006_mu016384_rho100_n1.png
0.1,65536,8,license_plate_bahnschrift.ttf,CBAGJWPD6YXT0RNZL49E3HSU875KFVMQ2,0,0,0,0.085,5.059644,0.959381,1.907975,CBAGJWPD6YATURNZL49ESHSUS7SKFVMG2,0.181818,0.818182,point_previews/task000007_mu065536_rho010_n0.png
0.1,65536,8,license_plate_bahnschrift.ttf,CBAGJWPD6YXT0RNZL49E3HSU875KFVMQ2,0,0,1,0.085,5.059644,0.959381,1.907975,CBAGJWPD6YATRNZL49ESHSUS7SKFVMG2,0.181818,0.818182,point_previews/task000007_mu065536_rho010_n1.png
0.2,65536,8,license_plate_bahnschrift.ttf,CBAGJWPD6YXT0RNZL49E3HSU875KFVMQ2,0,0,0,0.17,7.155418,0.919759,1.349142,CBAGJWPD6YXTERNZL49E3HSU87SKFVMQ2,0.060606,0.939394,point_previews/task000007_mu065536_rho020_n0.png
0.2,65536,8,license_plate_bahnschrift.ttf,CBAGJWPD6YXT0RNZL49E3HSU875KFVMQ2,0,0,1,0.17,7.155418,0.919759,1.349142,CBAGJWPD6YXTERNZL49E3SHSUS7SKFVMQ2,0.121212,0.878788,point_previews/task000007_mu065536_rho020_n1.png
0.3,65536,8,license_plate_bahnschrift.ttf,CBAGJWPD6YXT0RNZL49E3HSU875KFVMQ2,0,0,0,0.255,8.763561,0.881116,1.10157,CBAGJWPD6YXTERNZL49E3HSU87SKFVMQ2,0.060606,0.939394,point_previews/task000007_mu065536_rho030_n0.png
0.3,65536,8,license_plate_bahnschrift.ttf,CBAGJWPD6YXT0RNZL49E3HSU875KFVMQ2,0,0,1,0.255,8.763561,0.881116,1.10157,CBAGJWPD6YXT0RNZL49E3HSU87SKFVMQ2,0.030303,0.969697,point_previews/task000007_mu065536_rho030_n1.png
0.4,65536,8,license_plate_bahnschrift.ttf,CBAGJWPD6YXT0RNZL49E3HSU875KFVMQ2,0,0,0,0.34,10.119289,0.843436,0.953987,CBAGJWPD6YXT0RNZL49E3HSU87SKFVMQ2,0.030303,0.969697,point_previews/task000007_mu065536_rho040_n0.png
0.4,65536,8,license_plate_bahnschrift.ttf,CBAGJWPD6YXT0RNZL49E3HSU875KFVMQ2,0,0,1,0.34,10.119289,0.843436,0.953987,CBAGJWPD6YXT0RNZL49E3HSU87SKFVMQ2,0.030303,0.969697,point_previews/task000007_mu065536_rho040_n1.png
0.5,65536,8,license_plate_bahnschrift.ttf,CBAGJWPD6YXT0RNZL49E3HSU875KFVMQ2,0,0,0,0.425,11.313708,0.8067,0.853272,CBAGJWPD6YXT0RNZL49ESHSU875KFVMQ2,0.030303,0.969697,point_previews/task000007_mu065536_rho050_n0.png
0.5,65536,8,license_plate_bahnschrift.ttf,CBAGJWPD6YXT0RNZL49E3HSU875KFVMQ2,0,0,1,0.425,11.313708,0.8067,0.853272,CBAGJWPD6YXT0RNZL49ESHSU87SKFVMQ2,0.060606,0.939394,point_previews/task000007_mu065536_rho050_n1.png
0.6,65536,8,license_plate_bahnschrift.ttf,CBAGJWPD6YXT0RNZL49E3HSU875KFVMQ2,0,0,0,0.51,12.393547,0.770893,0.778927,CBAGJWPD6YXT0RNZL49E3HSU87SKFVMQ2,0.030303,0.969697,point_previews/task000007_mu065536_rho060_n0.png
0.6,65536,8,license_plate_bahnschrift.ttf,CBAGJWPD6YXT0RNZL49E3HSU875KFVMQ2,0,0,1,0.51,12.393547,0.770893,0.778927,CBAGJWPD6YXT0RNZL49E3HSU87SKFVMQ2,0.030303,0.969697,point_previews/task000007_mu065536_rho060_n1.png
0.7,65536,8,license_plate_bahnschrift.ttf,CBAGJWPD6YXT0RNZL49E3HSU875KFVMQ2,0,0,0,0.595,13.38656,0.735998,0.721147,CBAGJWPD6YXT0RNZL49E3HSU875KFVMQ2,0.0,1.0,point_previews/task000007_mu065536_rho070_n0.png
0.7,65536,8,license_plate_bahnschrift.ttf,CBAGJWPD6YXT0RNZL49E3HSU875KFVMQ2,0,0,1,0.595,13.38656,0.735998,0.721147,CBAGJWPD6YXT0RNZL49E3HSU875SKFVMQ2,0.030303,0.969697,point_previews/task000007_mu065536_rho070_n1.png
0.8,65536,8,license_plate_bahnschrift.ttf,CBAGJWPD6YXT0RNZL49E3HSU875KFVMQ2,0,0,0,0.68,14.310835,0.701998,0.674571,CBAGJWPD6YXT0RNZL49E3HSU87SKFVMQ2,0.030303,0.969697,point_previews/task000007_mu065536_rho080_n0.png
0.8,65536,8,license_plate_bahnschrift.ttf,CBAGJWPD6YXT0RNZL49E3HSU875KFVMQ2,0,0,1,0.68,14.310835,0.701998,0.674571,CBAGJWPD6YXT0RNZL49E3HSU87SKFVMQ2,0.030303,0.969697,point_previews/task000007_mu065536_rho080_n1.png
0.9,65536,8,license_plate_bahnschrift.ttf,CBAGJWPD6YXT0RNZL49E3HSU875KFVMQ2,0,0,0,0.765,15.178933,0.668877,0.635992,CBAGJWPD6YXT0RNZL49E3HSU875KFVMQ2,0.0,1.0,point_previews/task000007_mu065536_rho090_n0.png
0.9,65536,8,license_plate_bahnschrift.ttf,CBAGJWPD6YXT0RNZL49E3HSU875KFVMQ2,0,0,1,0.765,15.178933,0.668877,0.635992,CBAGJWPD6YXT0RNZL49E3HSU875KFVMQ2,0.0,1.0,point_previews/task000007_mu065536_rho090_n1.png
1.0,65536,8,license_plate_bahnschrift.ttf,CBAGJWPD6YXT0RNZL49E3HSU875KFVMQ2,0,0,0,0.85,16.0,0.63662,0.603355,CBAGJWPD6YXT0RNZL49E3SHSU875KFVMQ2,0.030303,0.969697,point_previews/task000007_mu065536_rho100_n0.png
1.0,65536,8,license_plate_bahnschrift.ttf,CBAGJWPD6YXT0RNZL49E3HSU875KFVMQ2,0,0,1,0.85,16.0,0.63662,0.603355,CBAGJWPD6YXT0RNZL49E3HSU875SKFVMQ2,0.030303,0.969697,point_previews/task000007_mu065536_rho100_n1.png
0.1,4,8,license_plate_bahnschrift.ttf,CBAGJWPD6YXT0RNZL49E3HSU875KFVMQ2,0,3,0,0.085,5.059644,0.959381,1.907975,SRDMRNREAMSDMS,0.818182,0.181818,point_previews/task000008_mu000004_rho010_n0.png
0.1,4,8,license_plate_bahnschrift.ttf,CBAGJWPD6YXT0RNZL49E3HSU875KFVMQ2,0,3,1,0.085,5.059644,0.959381,1.907975,,1.0,0.0,point_previews/task000008_mu000004_rho010_n1.png
0.2,4,8,license_plate_bahnschrift.ttf,CBAGJWPD6YXT0RNZL49E3HSU875KFVMQ2,0,3,0,0.17,7.155418,0.919759,1.349142,,1.0,0.0,point_previews/task000008_mu000004_rho020_n0.png
0.2,4,8,license_plate_bahnschrift.ttf,CBAGJWPD6YXT0RNZL49E3HSU875KFVMQ2,0,3,1,0.17,7.155418,0.919759,1.349142,ERASEAEEE759FNYCPEL,0.909091,0.090909,point_previews/task000008_mu000004_rho020_n1.png
0.3,4,8,license_plate_bahnschrift.ttf,CBAGJWPD6YXT0RNZL49E3HSU875KFVMQ2,0,3,0,0.255,8.763561,0.881116,1.10157,SAUEERSTRLM,0.848485,0.151515,point_previews/task000008_mu000004_rho030_n0.png
0.3,4,8,license_plate_bahnschrift.ttf,CBAGJWPD6YXT0RNZL49E3HSU875KFVMQ2,0,3,1,0.255,8.763561,0.881116,1.10157,RSURRAEREWNPE,0.939394,0.060606,point_previews/task000008_mu000004_rho030_n1.png
0.4,4,8,license_plate_bahnschrift.ttf,CBAGJWPD6YXT0RNZL49E3HSU875KFVMQ2,0,3,0,0.34,10.119289,0.843436,0.953987,BSRRSHT,0.909091,0.090909,point_previews/task000008_mu000004_rho040_n0.png
0.4,4,8,license_plate_bahnschrift.ttf,CBAGJWPD6YXT0RNZL49E3HSU875KFVMQ2,0,3,1,0.34,10.119289,0.843436,0.953987,NPEMUMASWEASARENNTRA,0.909091,0.090909,point_previews/task000008_mu000004_rho040_n1.png
0.5,4,8,license_plate_bahnschrift.ttf,CBAGJWPD6YXT0RNZL49E3HSU875KFVMQ2,0,3,0,0.425,11.313708,0.8067,0.853272,HPHAYSEG,0.909091,0.090909,point_previews/task000008_mu000004_rho050_n0.png
0.5,4,8,license_plate_bahnschrift.ttf,CBAGJWPD6YXT0RNZL49E3HSU875KFVMQ2,0,3,1,0.425,11.313708,0.8067,0.853272,SSGPURDMGPRCSESERCER,0.848485,0.151515,point_previews/task000008_mu000004_rho050_n1.png
0.6,4,8,license_plate_bahnschrift.ttf,CBAGJWPD6YXT0RNZL49E3HSU875KFVMQ2,0,3,0,0.51,12.393547,0.770893,0.778927,PUSMUSTARTEAE,0.909091,0.090909,point_previews/task000008_mu000004_rho060_n0.png
0.6,4,8,license_plate_bahnschrift.ttf,CBAGJWPD6YXT0RNZL49E3HSU875KFVMQ2,0,3,1,0.51,12.393547,0.770893,0.778927,AAAS,0.939394,0.060606,point_previews/task000008_mu000004_rho060_n1.png
0.7,4,8,license_plate_bahnschrift.ttf,CBAGJWPD6YXT0RNZL49E3HSU875KFVMQ2,0,3,0,0.595,13.38656,0.735998,0.721147,GAAEBARPEAHRTESSSSSP,0.878788,0.121212,point_previews/task000008_mu000004_rho070_n0.png
0.7,4,8,license_plate_bahnschrift.ttf,CBAGJWPD6YXT0RNZL49E3HSU875KFVMQ2,0,3,1,0.595,13.38656,0.735998,0.721147,,1.0,0.0,point_previews/task000008_mu000004_rho070_n1.png
0.8,4,8,license_plate_bahnschrift.ttf,CBAGJWPD6YXT0RNZL49E3HSU875KFVMQ2,0,3,0,0.68,14.310835,0.701998,0.674571,SWERGRGARRMAMTDS,0.909091,0.090909,point_previews/task000008_mu000004_rho080_n0.png
0.8,4,8,license_plate_bahnschrift.ttf,CBAGJWPD6YXT0RNZL49E3HSU875KFVMQ2,0,3,1,0.68,14.310835,0.701998,0.674571,RRAPEREYRPSBAUYEURS,0.878788,0.121212,point_previews/task000008_mu000004_rho080_n1.png
0.9,4,8,license_plate_bahnschrift.ttf,CBAGJWPD6YXT0RNZL49E3HSU875KFVMQ2,0,3,0,0.765,15.178933,0.668877,0.635992,BEAEUEUAYRESRBTERRREEE,0.848485,0.151515,point_previews/task000008_mu000004_rho090_n0.png
0.9,4,8,license_plate_bahnschrift.ttf,CBAGJWPD6YXT0RNZL49E3HSU875KFVMQ2,0,3,1,0.765,15.178933,0.668877,0.635992,DKEURRRRSSDRERSMY,0.848485,0.151515,point_previews/task000008_mu000004_rho090_n1.png
1.0,4,8,license_plate_bahnschrift.ttf,CBAGJWPD6YXT0RNZL49E3HSU875KFVMQ2,0,3,0,0.85,16.0,0.63662,0.603355,,1.0,0.0,point_previews/task000008_mu000004_rho100_n0.png
1.0,4,8,license_plate_bahnschrift.ttf,CBAGJWPD6YXT0RNZL49E3HSU875KFVMQ2,0,3,1,0.85,16.0,0.63662,0.603355,AASLFRBSAC,0.909091,0.090909,point_previews/task000008_mu000004_rho100_n1.png
0.1,16,8,license_plate_bahnschrift.ttf,CBAGJWPD6YXT0RNZL49E3HSU875KFVMQ2,0,3,0,0.085,5.059644,0.959381,1.907975,BMERGSRERLTDRGP,0.909091,0.090909,point_previews/task000009_mu000016_rho010_n0.png
0.1,16,8,license_plate_bahnschrift.ttf,CBAGJWPD6YXT0RNZL49E3HSU875KFVMQ2,0,3,1,0.085,5.059644,0.959381,1.907975,PTPSERSVBRSRUPNECRTRENA,0.909091,0.090909,point_previews/task000009_mu000016_rho010_n1.png
0.2,16,8,license_plate_bahnschrift.ttf,CBAGJWPD6YXT0RNZL49E3HSU875KFVMQ2,0,3,0,0.17,7.155418,0.919759,1.349142,CRRTHEDRCSRNEALSSRTRREATU2S,0.818182,0.181818,point_previews/task000009_mu000016_rho020_n0.png
0.2,16,8,license_plate_bahnschrift.ttf,CBAGJWPD6YXT0RNZL49E3HSU875KFVMQ2,0,3,1,0.17,7.155418,0.919759,1.349142,RTANSBATSRRRRGENTES,0.878788,0.121212,point_previews/task000009_mu000016_rho020_n1.png
0.3,16,8,license_plate_bahnschrift.ttf,CBAGJWPD6YXT0RNZL49E3HSU875KFVMQ2,0,3,0,0.255,8.763561,0.881116,1.10157,SBEERSTGTSTUNNBEARSEYSCPYMDS,0.818182,0.181818,point_previews/task000009_mu000016_rho030_n0.png
0.3,16,8,license_plate_bahnschrift.ttf,CBAGJWPD6YXT0RNZL49E3HSU875KFVMQ2,0,3,1,0.255,8.763561,0.881116,1.10157,EESEDSYETRMZLSRESHCERPARE,0.757576,0.242424,point_previews/task000009_mu000016_rho030_n1.png
0.4,16,8,license_plate_bahnschrift.ttf,CBAGJWPD6YXT0RNZL49E3HSU875KFVMQ2,0,3,0,0.34,10.119289,0.843436,0.953987,BBAGWVEDSTNTHRNTLSSUATSREVMGZ,0.636364,0.363636,point_previews/task000009_mu000016_rho040_n0.png
0.4,16,8,license_plate_bahnschrift.ttf,CBAGJWPD6YXT0RNZL49E3HSU875KFVMQ2,0,3,1,0.34,10.119289,0.843436,0.953987,SBAGTNEDRVATERNEAAMSUSTCKFUMGS,0.636364,0.363636,point_previews/task000009_mu000016_rho040_n1.png
0.5,16,8,license_plate_bahnschrift.ttf,CBAGJWPD6YXT0RNZL49E3HSU875KFVMQ2,0,3,0,0.425,11.313708,0.8067,0.853272,,1.0,0.0,point_previews/task000009_mu000016_rho050_n0.png
0.5,16,8,license_plate_bahnschrift.ttf,CBAGJWPD6YXT0RNZL49E3HSU875KFVMQ2,0,3,1,0.425,11.313708,0.8067,0.853272,,1.0,0.0,point_previews/task000009_mu000016_rho050_n1.png
0.6,16,8,license_plate_bahnschrift.ttf,CBAGJWPD6YXT0RNZL49E3HSU875KFVMQ2,0,3,0,0.51,12.393547,0.770893,0.778927,EBAGJWERSGYSTURNZEZSESHSUR7EKEVMDD,0.484848,0.515152,point_previews/task000009_mu000016_rho060_n0.png
0.6,16,8,license_plate_bahnschrift.ttf,CBAGJWPD6YXT0RNZL49E3HSU875KFVMQ2,0,3,1,0.51,12.393547,0.770893,0.778927,SBAGTWEDEYCURNZLAGESHSURTSREZ,0.575758,0.424242,point_previews/task000009_mu000016_rho060_n1.png
0.7,16,8,license_plate_bahnschrift.ttf,CBAGJWPD6YXT0RNZL49E3HSU875KFVMQ2,0,3,0,0.595,13.38656,0.735998,0.721147,,1.0,0.0,point_previews/task000009_mu000016_rho070_n0.png
0.7,16,8,license_plate_bahnschrift.ttf,CBAGJWPD6YXT0RNZL49E3HSU875KFVMQ2,0,3,1,0.595,13.38656,0.735998,0.721147,JEBAGJNPDEYRTURNZE42ESHSG2BKEYAD2,0.515152,0.484848,point_previews/task000009_mu000016_rho070_n1.png
0.8,16,8,license_plate_bahnschrift.ttf,CBAGJWPD6YXT0RNZL49E3HSU875KFVMQ2,0,3,0,0.68,14.310835,0.701998,0.674571,,1.0,0.0,point_previews/task000009_mu000016_rho080_n0.png
0.8,16,8,license_plate_bahnschrift.ttf,CBAGJWPD6YXT0RNZL49E3HSU875KFVMQ2,0,3,1,0.68,14.310835,0.701998,0.674571,,1.0,0.0,point_previews/task000009_mu000016_rho080_n1.png
0.9,16,8,license_plate_bahnschrift.ttf,CBAGJWPD6YXT0RNZL49E3HSU875KFVMQ2,0,3,0,0.765,15.178933,0.668877,0.635992,CEAGWEBEYRTURNZEGSESASUBTSKEVMES,0.545455,0.454545,point_previews/task000009_mu000016_rho090_n0.png
0.9,16,8,license_plate_bahnschrift.ttf,CBAGJWPD6YXT0RNZL49E3HSU875KFVMQ2,0,3,1,0.765,15.178933,0.668877,0.635992,,1.0,0.0,point_previews/task000009_mu000016_rho090_n1.png
1.0,16,8,license_plate_bahnschrift.ttf,CBAGJWPD6YXT0RNZL49E3HSU875KFVMQ2,0,3,0,0.85,16.0,0.63662,0.603355,,1.0,0.0,point_previews/task000009_mu000016_rho100_n0.png
1.0,16,8,license_plate_bahnschrift.ttf,CBAGJWPD6YXT0RNZL49E3HSU875KFVMQ2,0,3,1,0.85,16.0,0.63662,0.603355,,1.0,0.0,point_previews/task000009_mu000016_rho100_n1.png
0.1,64,8,license_plate_bahnschrift.ttf,CBAGJWPD6YXT0RNZL49E3HSU875KFVMQ2,0,3,0,0.085,5.059644,0.959381,1.907975,,1.0,0.0,point_previews/task000010_mu000064_rho010_n0.png
0.1,64,8,license_plate_bahnschrift.ttf,CBAGJWPD6YXT0RNZL49E3HSU875KFVMQ2,0,3,1,0.085,5.059644,0.959381,1.907975,EBAGSWERETARNZECESHSUSTSKEVMES,0.545455,0.454545,point_previews/task000010_mu000064_rho010_n1.png
0.2,64,8,license_plate_bahnschrift.ttf,CBAGJWPD6YXT0RNZL49E3HSU875KFVMQ2,0,3,0,0.17,7.155418,0.919759,1.349142,CBAGJWRDSYXTRNZEAPESHSUBTSKFVMG2,0.333333,0.666667,point_previews/task000010_mu000064_rho020_n0.png
0.2,64,8,license_plate_bahnschrift.ttf,CBAGJWPD6YXT0RNZL49E3HSU875KFVMQ2,0,3,1,0.17,7.155418,0.919759,1.349142,,1.0,0.0,point_previews/task000010_mu000064_rho020_n1.png
0.3,64,8,license_plate_bahnschrift.ttf,CBAGJWPD6YXT0RNZL49E3HSU875KFVMQ2,0,3,0,0.255,8.763561,0.881116,1.10157,CBAGJWPDGYXTURNZLUSESHSUB7SKEYMG2,0.30303,0.69697,point_previews/task000010_mu000064_rho030_n0.png
0.3,64,8,license_plate_bahnschrift.ttf,CBAGJWPD6YXT0RNZL49E3HSU875KFVMQ2,0,3,1,0.255,8.763561,0.881116,1.10157,,1.0,0.0,point_previews/task000010_mu000064_rho030_n1.png
0.4,64,8,license_plate_bahnschrift.ttf,CBAGJWPD6YXT0RNZL49E3HSU875KFVMQ2,0,3,0,0.34,10.119289,0.843436,0.953987,CBAGJWPD6YXTQRNZLAPESHSUB7SKEVMDZ,0.272727,0.727273,point_previews/task000010_mu000064_rho040_n0.png
0.4,64,8,license_plate_bahnschrift.ttf,CBAGJWPD6YXT0RNZL49E3HSU875KFVMQ2,0,3,1,0.34,10.119289,0.843436,0.953987,CBAGJWPDEYXTRNZLASESHSUSTSKFYMG2,0.30303,0.69697,point_previews/task000010_mu000064_rho040_n1.png
0.5,64,8,license_plate_bahnschrift.ttf,CBAGJWPD6YXT0RNZL49E3HSU875KFVMQ2,0,3,0,0.425,11.313708,0.8067,0.853272,CBAGJWPDSYXTURNZL49ESHSUSTSKFYMG2,0.242424,0.757576,point_previews/task000010_mu000064_rho050_n0.png
0.5,64,8,license_plate_bahnschrift.ttf,CBAGJWPD6YXT0RNZL49E3HSU875KFVMQ2,0,3,1,0.425,11.313708,0.8067,0.853272,CEAGJMPDSYXTRNZLASESHSUS7SKFYMG2,0.333333,0.666667,point_previews/task000010_mu000064_rho050_n1.png
0.6,64,8,license_plate_bahnschrift.ttf,CBAGJWPD6YXT0RNZL49E3HSU875KFVMQ2,0,3,0,0.51,12.393547,0.770893,0.778927,CBAGJWPD6YXTRNZL49E3HSU875KEYM02,0.121212,0.878788,point_previews/task000010_mu000064_rho060_n0.png
0.6,64,8,license_plate_bahnschrift.ttf,CBAGJWPD6YXT0RNZL49E3HSU875KFVMQ2,0,3,1,0.51,12.393547,0.770893,0.778927,CBAGJWPD6YXTURNZLA9ESHSUBTSKFVMQ2,0.181818,0.818182,point_previews/task000010_mu000064_rho060_n1.png
0.7,64,8,license_plate_bahnschrift.ttf,CBAGJWPD6YXT0RNZL49E3HSU875KFVMQ2,0,3,0,0.595,13.38656,0.735998,0.721147,CBAGJWPD6YXTRNZLA9ESHSUB75KFVMG2,0.151515,0.848485,point_previews/task000010_mu000064_rho070_n0.png
0.7,64,8,license_plate_bahnschrift.ttf,CBAGJWPD6YXT0RNZL49E3HSU875KFVMQ2,0,3,1,0.595,13.38656,0.735998,0.721147,CBAGJWPD6YXTRNZLA9ESHSUB75KFVMQ2,0.121212,0.878788,point_previews/task000010_mu000064_rho070_n1.png
0.8,64,8,license_plate_bahnschrift.ttf,CBAGJWPD6YXT0RNZL49E3HSU875KFVMQ2,0,3,0,0.68,14.310835,0.701998,0.674571,CBAGJWPD6YXTRNZL49E3HSUB7SKFVMQ2,0.090909,0.909091,point_previews/task000010_mu000064_rho080_n0.png
0.8,64,8,license_plate_bahnschrift.ttf,CBAGJWPD6YXT0RNZL49E3HSU875KFVMQ2,0,3,1,0.68,14.310835,0.701998,0.674571,CBAGJWPD6YXTRNZL4SESHSUB7SKFVMG2,0.181818,0.818182,point_previews/task000010_mu000064_rho080_n1.png
0.9,64,8,license_plate_bahnschrift.ttf,CBAGJWPD6YXT0RNZL49E3HSU875KFVMQ2,0,3,0,0.765,15.178933,0.668877,0.635992,CBAGJWPD6YXT0RNZL49E3HSU87SKFVMQ2,0.030303,0.969697,point_previews/task000010_mu000064_rho090_n0.png
0.9,64,8,license_plate_bahnschrift.ttf,CBAGJWPD6YXT0RNZL49E3HSU875KFVMQ2,0,3,1,0.765,15.178933,0.668877,0.635992,CBAGJWPD6YXTRNZL49E3HSUB87SKFYMG2,0.151515,0.848485,point_previews/task000010_mu000064_rho090_n1.png
1.0,64,8,license_plate_bahnschrift.ttf,CBAGJWPD6YXT0RNZL49E3HSU875KFVMQ2,0,3,0,0.85,16.0,0.63662,0.603355,CBAGJWPD6YXTGRNZL49ESHSUS75KFVMG2,0.121212,0.878788,point_previews/task000010_mu000064_rho100_n0.png
1.0,64,8,license_plate_bahnschrift.ttf,CBAGJWPD6YXT0RNZL49E3HSU875KFVMQ2,0,3,1,0.85,16.0,0.63662,0.603355,CBAGJWPD6YXTURNZL49E3HSUS75KFVMG2,0.090909,0.909091,point_previews/task000010_mu000064_rho100_n1.png
0.1,256,8,license_plate_bahnschrift.ttf,CBAGJWPD6YXT0RNZL49E3HSU875KFVMQ2,0,3,0,0.085,5.059644,0.959381,1.907975,CBAGJWPDSYXTRNZLAPESHSUSTSKFYMG2,0.30303,0.69697,point_previews/task000011_mu000256_rho010_n0.png
0.1,256,8,license_plate_bahnschrift.ttf,CBAGJWPD6YXT0RNZL49E3HSU875KFVMQ2,0,3,1,0.085,5.059644,0.959381,1.907975,CBAGJWPD6YXT0RNZLASESHSUB75KFYMG2,0.181818,0.818182,point_previews/task000011_mu000256_rho010_n1.png
0.2,256,8,license_plate_bahnschrift.ttf,CBAGJWPD6YXT0RNZL49E3HSU875KFVMQ2,0,3,0,0.17,7.155418,0.919759,1.349142,CBAGJWPD6YXTURNZLAPESHSUSTSKFYMG2,0.272727,0.727273,point_previews/task000011_mu000256_rho020_n0.png
0.2,256,8,license_plate_bahnschrift.ttf,CBAGJWPD6YXT0RNZL49E3HSU875KFVMQ2,0,3,1,0.17,7.155418,0.919759,1.349142,CBAGJWPD6YXTURNZLA9ESHSUS875KFVMG2,0.151515,0.848485,point_previews/task000011_mu000256_rho020_n1.png
0.3,256,8,license_plate_bahnschrift.ttf,CBAGJWPD6YXT0RNZL49E3HSU875KFVMQ2,0,3,0,0.255,8.763561,0.881116,1.10157,CBAGJWPD6YXT0RNZLA9ESHSUSTSKFVMQG2,0.181818,0.818182,point_previews/task000011_mu000256_rho030_n0.png
0.3,256,8,license_plate_bahnschrift.ttf,CBAGJWPD6YXT0RNZL49E3HSU875KFVMQ2,0,3,1,0.255,8.763561,0.881116,1.10157,CBAGJWPD6YXT0RNZL49ESHSUS7TSKFYVMQG2,0.181818,0.818182,point_previews/task000011_mu000256_rho030_n1.png
0.4,256,8,license_plate_bahnschrift.ttf,CBAGJWPD6YXT0RNZL49E3HSU875KFVMQ2,0,3,0,0.34,10.119289,0.843436,0.953987,CBAGJWPD6YXT0RNZL49ESHSUS7SKFVMG2,0.121212,0.878788,point_previews/task000011_mu000256_rho040_n0.png
0.4,256,8,license_plate_bahnschrift.ttf,CBAGJWPD6YXT0RNZL49E3HSU875KFVMQ2,0,3,1,0.34,10.119289,0.843436,0.953987,CBAGJWPD6YXT0RNZL49E3HSU875KFVMG2,0.030303,0.969697,point_previews/task000011_mu000256_rho040_n1.png
0.5,256,8,license_plate_bahnschrift.ttf,CBAGJWPD6YXT0RNZL49E3HSU875KFVMQ2,0,3,0,0.425,11.313708,0.8067,0.853272,CBAGJWPD6YXTURNZL49ESHSUS7TSKFVMQ2,0.151515,0.848485,point_previews/task000011_mu000256_rho050_n0.png
0.5,256,8,license_plate_bahnschrift.ttf,CBAGJWPD6YXT0RNZL49E3HSU875KFVMQ2,0,3,1,0.425,11.313708,0.8067,0.853272,CBAGJWPD6YXTRNZL49E3HSU875SKFVMG2,0.090909,0.909091,point_previews/task000011_mu000256_rho050_n1.png
0.6,256,8,license_plate_bahnschrift.ttf,CBAGJWPD6YXT0RNZL49E3HSU875KFVMQ2,0,3,0,0.51,12.393547,0.770893,0.778927,CBAGJWPDS6YXT0RNZL49ESHSUS7TSKFVMQG2,0.181818,0.818182,point_previews/task000011_mu000256_rho060_n0.png
0.6,256,8,license_plate_bahnschrift.ttf,CBAGJWPD6YXT0RNZL49E3HSU875KFVMQ2,0,3,1,0.51,12.393547,0.770893,0.778927,CBAGJWPD6YXT0RNZL49ESHSU87SKFVMQG2,0.090909,0.909091,point_previews/task000011_mu000256_rho060_n1.png
0.7,256,8,license_plate_bahnschrift.ttf,CBAGJWPD6YXT0RNZL49E3HSU875KFVMQ2,0,3,0,0.595,13.38656,0.735998,0.721147,CBAGJWPD46YXT0RNZL49E3HSU8B75KFVMG2,0.090909,0.909091,point_previews/task000011_mu000256_rho070_n0.png
0.7,256,8,license_plate_bahnschrift.ttf,CBAGJWPD6YXT0RNZL49E3HSU875KFVMQ2,0,3,1,0.595,13.38656,0.735998,0.721147,CBAGJWPD6YXT0RNZL49E3HSUB75SKFVMQG2,0.090909,0.909091,point_previews/task000011_mu000256_rho070_n1.png
0.8,256,8,license_plate_bahnschrift.ttf,CBAGJWPD6YXT0RNZL49E3HSU875KFVMQ2,0,3,0,0.68,14.310835,0.701998,0.674571,CBAGJWPD6YXT0RNZL49ESHSU875KFVMQ2,0.030303,0.969697,point_previews/task000011_mu000256_rho080_n0.png
0.8,256,8,license_plate_bahnschrift.ttf,CBAGJWPD6YXT0RNZL49E3HSU875KFVMQ2,0,3,1,0.68,14.310835,0.701998,0.674571,CBAGJWPD6YXT0RNZL49ESHSUBTSKFVMG2,0.151515,0.848485,point_previews/task000011_mu000256_rho080_n1.png
0.9,256,8,license_plate_bahnschrift.ttf,CBAGJWPD6YXT0RNZL49E3HSU875KFVMQ2,0,3,0,0.765,15.178933,0.668877,0.635992,CBAGJWPD6YXTRNZL49ESHSU875KFVMQG2,0.090909,0.909091,point_previews/task000011_mu000256_rho090_n0.png
0.9,256,8,license_plate_bahnschrift.ttf,CBAGJWPD6YXT0RNZL49E3HSU875KFVMQ2,0,3,1,0.765,15.178933,0.668877,0.635992,CBAGJWPD6YXT0RNZL49E3HSUB875SKFVMQG2,0.090909,0.909091,point_previews/task000011_mu000256_rho090_n1.png
1.0,256,8,license_plate_bahnschrift.ttf,CBAGJWPD6YXT0RNZL49E3HSU875KFVMQ2,0,3,0,0.85,16.0,0.63662,0.603355,CBAGJWPD6YXT0RNZL49E3HSU875KFVMQ2,0.0,1.0,point_previews/task000011_mu000256_rho100_n0.png
1.0,256,8,license_plate_bahnschrift.ttf,CBAGJWPD6YXT0RNZL49E3HSU875KFVMQ2,0,3,1,0.85,16.0,0.63662,0.603355,CBAGJWPDS6YXTGRNZL49ESHSUS75KFVMQG2,0.151515,0.848485,point_previews/task000011_mu000256_rho100_n1.png
0.1,1024,8,license_plate_bahnschrift.ttf,CBAGJWPD6YXT0RNZL49E3HSU875KFVMQ2,0,3,0,0.085,5.059644,0.959381,1.907975,CBAGJWPD6YXT0RNZL4PESHSUS7SKFVMG2,0.151515,0.848485,point_previews/task000012_mu001024_rho010_n0.png
0.1,1024,8,license_plate_bahnschrift.ttf,CBAGJWPD6YXT0RNZL49E3HSU875KFVMQ2,0,3,1,0.085,5.059644,0.959381,1.907975,CBAGJWPD6YXTURNZL4PE3HSUS7TSKFYMG2,0.212121,0.787879,point_previews/task000012_mu001024_rho010_n1.png
0.2,1024,8,license_plate_bahnschrift.ttf,CBAGJWPD6YXT0RNZL49E3HSU875KFVMQ2,0,3,0,0.17,7.155418,0.919759,1.349142,CBAGJWPDSYXT0RNZL4PE3SHSU87SKFVMG2,0.151515,0.848485,point_previews/task000012_mu001024_rho020_n0.png
0.2,1024,8,license_plate_bahnschrift.ttf,CBAGJWPD6YXT0RNZL49E3HSU875KFVMQ2,0,3,1,0.17,7.155418,0.919759,1.349142,CBAGJWPD6YXT0RNZL49E3HSU8S7SKFVMG2,0.090909,0.909091,point_previews/task000012_mu001024_rho020_n1.png
0.3,1024,8,license_plate_bahnschrift.ttf,CBAGJWPD6YXT0RNZL49E3HSU875KFVMQ2,0,3,0,0.255,8.763561,0.881116,1.10157,CBAGJWPD6YXTARNZL4PE3HSU875KFVMG2,0.090909,0.909091,point_previews/task000012_mu001024_rho030_n0.png
0.3,1024,8,license_plate_bahnschrift.ttf,CBAGJWPD6YXT0RNZL49E3HSU875KFVMQ2,0,3,1,0.255,8.763561,0.881116,1.10157,CBAGJWPD6YXT0RNZL49E3HSUS7SKFVMG2,0.090909,0.909091,point_previews/task000012_mu001024_rho030_n1.png
0.4,1024,8,license_plate_bahnschrift.ttf,CBAGJWPD6YXT0RNZL49E3HSU875KFVMQ2,0,3,0,0.34,10.119289,0.843436,0.953987,CBAGJWPD6YXT0RNZL49ESHSUS7TSKFVMQG2,0.151515,0.848485,point_previews/task000012_mu001024_rho040_n0.png
0.4,1024,8,license_plate_bahnschrift.ttf,CBAGJWPD6YXT0RNZL49E3HSU875KFVMQ2,0,3,1,0.34,10.119289,0.843436,0.953987,CBAGJWPD6YXT0RNZL49ESHSUS7SKFVMQG2,0.121212,0.878788,point_previews/task000012_mu001024_rho040_n1.png
0.5,1024,8,license_plate_bahnschrift.ttf,CBAGJWPD6YXT0RNZL49E3HSU875KFVMQ2,0,3,0,0.425,11.313708,0.8067,0.853272,CBAGJWPD6YXT0RNZL49ESHSU875SKFVMG2,0.090909,0.909091,point_previews/task000012_mu001024_rho050_n0.png
0.5,1024,8,license_plate_bahnschrift.ttf,CBAGJWPD6YXT0RNZL49E3HSU875KFVMQ2,0,3,1,0.425,11.313708,0.8067,0.853272,CBAGJWPD6YXT0RNZL49E3HSU87SKFVMQ2,0.030303,0.969697,point_previews/task000012_mu001024_rho050_n1.png
0.6,1024,8,license_plate_bahnschrift.ttf,CBAGJWPD6YXT0RNZL49E3HSU875KFVMQ2,0,3,0,0.51,12.393547,0.770893,0.778927,CBAGJWPD46YXT0RNZL49ESHSUS7SKFVMQ2,0.121212,0.878788,point_previews/task000012_mu001024_rho060_n0.png
0.6,1024,8,license_plate_bahnschrift.ttf,CBAGJWPD6YXT0RNZL49E3HSU875KFVMQ2,0,3,1,0.51,12.393547,0.770893,0.778927,CBAGJWPDS6YXT0RNZL49ESHSUS7SKFVMQG2,0.151515,0.848485,point_previews/task000012_mu001024_rho060_n1.png
0.7,1024,8,license_plate_bahnschrift.ttf,CBAGJWPD6YXT0RNZL49E3HSU875KFVMQ2,0,3,0,0.595,13.38656,0.735998,0.721147,CBAGJWPD6YXT0RNZL49ESHSU875SKFVMQG2,0.090909,0.909091,point_previews/task000012_mu001024_rho070_n0.png
0.7,1024,8,license_plate_bahnschrift.ttf,CBAGJWPD6YXT0RNZL49E3HSU875KFVMQ2,0,3,1,0.595,13.38656,0.735998,0.721147,CBAGJWPD6YXT0RNZL49ESHSU87TSKFVMQG2,0.121212,0.878788,point_previews/task000012_mu001024_rho070_n1.png
0.8,1024,8,license_plate_bahnschrift.ttf,CBAGJWPD6YXT0RNZL49E3HSU875KFVMQ2,0,3,0,0.68,14.310835,0.701998,0.674571,CBAGJWPD46YXT0RNZL49E3HSU875KFVMQ2,0.030303,0.969697,point_previews/task000012_mu001024_rho080_n0.png
0.8,1024,8,license_plate_bahnschrift.ttf,CBAGJWPD6YXT0RNZL49E3HSU875KFVMQ2,0,3,1,0.68,14.310835,0.701998,0.674571,CBAGJWPD6YXT0RNZL49E3HSU875KFVMQG2,0.030303,0.969697,point_previews/task000012_mu001024_rho080_n1.png
0.9,1024,8,license_plate_bahnschrift.ttf,CBAGJWPD6YXT0RNZL49E3HSU875KFVMQ2,0,3,0,0.765,15.178933,0.668877,0.635992,CBAGJWPD6YXT0RNZL49E3HSU875KFVMQ2,0.0,1.0,point_previews/task000012_mu001024_rho090_n0.png
0.9,1024,8,license_plate_bahnschrift.ttf,CBAGJWPD6YXT0RNZL49E3HSU875KFVMQ2,0,3,1,0.765,15.178933,0.668877,0.635992,CBAGJWPD6YXT0RNZL49E3HSU875KFVMQ2,0.0,1.0,point_previews/task000012_mu001024_rho090_n1.png
1.0,1024,8,license_plate_bahnschrift.ttf,CBAGJWPD6YXT0RNZL49E3HSU875KFVMQ2,0,3,0,0.85,16.0,0.63662,0.603355,CBAGJWPD6YXT0RNZL49ESHSU875KFVMQ2,0.030303,0.969697,point_previews/task000012_mu001024_rho100_n0.png
1.0,1024,8,license_plate_bahnschrift.ttf,CBAGJWPD6YXT0RNZL49E3HSU875KFVMQ2,0,3,1,0.85,16.0,0.63662,0.603355,CBAGJWPD46YXT0RNZL49E3HSU875KFVMQ2,0.030303,0.969697,point_previews/task000012_mu001024_rho100_n1.png
0.1,4096,8,license_plate_bahnschrift.ttf,CBAGJWPD6YXT0RNZL49E3HSU875KFVMQ2,0,3,0,0.085,5.059644,0.959381,1.907975,CBAGJWPD6YXT0RNZL49ESHSUS7SKFVMG2,0.121212,0.878788,point_previews/task000013_mu004096_rho010_n0.png
0.1,4096,8,license_plate_bahnschrift.ttf,CBAGJWPD6YXT0RNZL49E3HSU875KFVMQ2,0,3,1,0.085,5.059644,0.959381,1.907975,CBAGJWPD6YXTGRNZL49ESHSUS7SKFVMG2,0.151515,0.848485,point_previews/task000013_mu004096_rho010_n1.png
0.2,4096,8,license_plate_bahnschrift.ttf,CBAGJWPD6YXT0RNZL49E3HSU875KFVMQ2,0,3,0,0.17,7.155418,0.919759,1.349142,CBAGJWPD6YXTGRNZL49E3HSUS7SKFVMG2,0.121212,0.878788,point_previews/task000013_mu004096_rho020_n0.png
0.2,4096,8,license_plate_bahnschrift.ttf,CBAGJWPD6YXT0RNZL49E3HSU875KFVMQ2,0,3,1,0.17,7.155418,0.919759,1.349142,CBAGJWPD6YXTRNZL49ESHSUS7SKFVMG2,0.151515,0.848485,point_previews/task000013_mu004096_rho020_n1.png
0.3,4096,8,license_plate_bahnschrift.ttf,CBAGJWPD6YXT0RNZL49E3HSU875KFVMQ2,0,3,0,0.255,8.763561,0.881116,1.10157,CBAGJWPD6YXT0RNZL49E3HSUS7SKFVMG2,0.090909,0.909091,point_previews/task000013_mu004096_rho030_n0.png
0.3,4096,8,license_plate_bahnschrift.ttf,CBAGJWPD6YXT0RNZL49E3HSU875KFVMQ2,0,3,1,0.255,8.763561,0.881116,1.10157,CBAGJWPD6YXT0RNZL49E3HSU87SKFVMG2,0.060606,0.939394,point_previews/task000013_mu004096_rho030_n1.png
0.4,4096,8,license_plate_bahnschrift.ttf,CBAGJWPD6YXT0RNZL49E3HSU875KFVMQ2,0,3,0,0.34,10.119289,0.843436,0.953987,CBAGJWPD46YXT0RNZL49ESHSUS7TSKFVMQG2,0.181818,0.818182,point_previews/task000013_mu004096_rho040_n0.png
0.4,4096,8,license_plate_bahnschrift.ttf,CBAGJWPD6YXT0RNZL49E3HSU875KFVMQ2,0,3,1,0.34,10.119289,0.843436,0.953987,CBAGJWPD6YXT0RNZL49ESHSU8S7SKFVMG2,0.121212,0.878788,point_previews/task000013_mu004096_rho040_n1.png
0.5,4096,8,license_plate_bahnschrift.ttf,CBAGJWPD6YXT0RNZL49E3HSU875KFVMQ2,0,3,0,0.425,11.313708,0.8067,0.853272,CBAGJWPD6YXT0RNZL49E3HSU8S7SKFVMQG2,0.090909,0.909091,point_previews/task000013_mu004096_rho050_n0.png
0.5,4096,8,license_plate_bahnschrift.ttf,CBAGJWPD6YXT0RNZL49E3HSU875KFVMQ2,0,3,1,0.425,11.313708,0.8067,0.853272,CBAGJWPD6YXT0RNZL49E3HSU875SKFVMQG2,0.060606,0.939394,point_previews/task000013_mu004096_rho050_n1.png
0.6,4096,8,license_plate_bahnschrift.ttf,CBAGJWPD6YXT0RNZL49E3HSU875KFVMQ2,0,3,0,0.51,12.393547,0.770893,0.778927,CBAGJWPD6YXT0RNZL49E3HSU875SKFVMQ2,0.030303,0.969697,point_previews/task000013_mu004096_rho060_n0.png
0.6,4096,8,license_plate_bahnschrift.ttf,CBAGJWPD6YXT0RNZL49E3HSU875KFVMQ2,0,3,1,0.51,12.393547,0.770893,0.778927,CBAGJWPD6YXT0RNZL49E3HSUS7SKFVMQ2,0.060606,0.939394,point_previews/task000013_mu004096_rho060_n1.png
0.7,4096,8,license_plate_bahnschrift.ttf,CBAGJWPD6YXT0RNZL49E3HSU875KFVMQ2,0,3,0,0.595,13.38656,0.735998,0.721147,CBAGJWPD6YXT0RNZL49E3HSU875KFVMQ2,0.0,1.0,point_previews/task000013_mu004096_rho070_n0.png
0.7,4096,8,license_plate_bahnschrift.ttf,CBAGJWPD6YXT0RNZL49E3HSU875KFVMQ2,0,3,1,0.595,13.38656,0.735998,0.721147,CBAGJWPD6YXT0RNZL49E3HSU875SKFVMQ2,0.030303,0.969697,point_previews/task000013_mu004096_rho070_n1.png
0.8,4096,8,license_plate_bahnschrift.ttf,CBAGJWPD6YXT0RNZL49E3HSU875KFVMQ2,0,3,0,0.68,14.310835,0.701998,0.674571,CBAGJWPD6YXT0RNZL49E3HSU875KFVMQ2,0.0,1.0,point_previews/task000013_mu004096_rho080_n0.png
0.8,4096,8,license_plate_bahnschrift.ttf,CBAGJWPD6YXT0RNZL49E3HSU875KFVMQ2,0,3,1,0.68,14.310835,0.701998,0.674571,CBAGJWPD46YXT0RNZL49E3HSU875KFVMQ2,0.030303,0.969697,point_previews/task000013_mu004096_rho080_n1.png
0.9,4096,8,license_plate_bahnschrift.ttf,CBAGJWPD6YXT0RNZL49E3HSU875KFVMQ2,0,3,0,0.765,15.178933,0.668877,0.635992,CBAGJWPD6YXT0RNZL49E3HSU875KFVMQ2,0.0,1.0,point_previews/task000013_mu004096_rho090_n0.png
0.9,4096,8,license_plate_bahnschrift.ttf,CBAGJWPD6YXT0RNZL49E3HSU875KFVMQ2,0,3,1,0.765,15.178933,0.668877,0.635992,CBAGJWPD6YXT0RNZL49E3HSU875KFVMQ2,0.0,1.0,point_previews/task000013_mu004096_rho090_n1.png
1.0,4096,8,license_plate_bahnschrift.ttf,CBAGJWPD6YXT0RNZL49E3HSU875KFVMQ2,0,3,0,0.85,16.0,0.63662,0.603355,CBAGJWPD6YXT0RNZL49E3HSU875KFVMQ2,0.0,1.0,point_previews/task000013_mu004096_rho100_n0.png
1.0,4096,8,license_plate_bahnschrift.ttf,CBAGJWPD6YXT0RNZL49E3HSU875KFVMQ2,0,3,1,0.85,16.0,0.63662,0.603355,CBAGJWPD46YXT0RNZL49E3HSU875KFVMQ2,0.030303,0.969697,point_previews/task000013_mu004096_rho100_n1.png
0.1,16384,8,license_plate_bahnschrift.ttf,CBAGJWPD6YXT0RNZL49E3HSU875KFVMQ2,0,3,0,0.085,5.059644,0.959381,1.907975,CBAGJWPD6YXT0RNZL49ESHSUS7SKFVMG2,0.121212,0.878788,point_previews/task000014_mu016384_rho010_n0.png
0.1,16384,8,license_plate_bahnschrift.ttf,CBAGJWPD6YXT0RNZL49E3HSU875KFVMQ2,0,3,1,0.085,5.059644,0.959381,1.907975,CBAGJWPD6YXT0RNZL49ESHSUS7SKFVMG2,0.121212,0.878788,point_previews/task000014_mu016384_rho010_n1.png
0.2,16384,8,license_plate_bahnschrift.ttf,CBAGJWPD6YXT0RNZL49E3HSU875KFVMQ2,0,3,0,0.17,7.155418,0.919759,1.349142,CBAGJWPD6YXT0RNZL49ESHSUS7SKFVMG2,0.121212,0.878788,point_previews/task000014_mu016384_rho020_n0.png
0.2,16384,8,license_plate_bahnschrift.ttf,CBAGJWPD6YXT0RNZL49E3HSU875KFVMQ2,0,3,1,0.17,7.155418,0.919759,1.349142,CBAGJWPD6YXT0RNZL49ESHSUS7SKFVMG2,0.121212,0.878788,point_previews/task000014_mu016384_rho020_n1.png
0.3,16384,8,license_plate_bahnschrift.ttf,CBAGJWPD6YXT0RNZL49E3HSU875KFVMQ2,0,3,0,0.255,8.763561,0.881116,1.10157,CBAGJWPD6YXT0RNZL49E3HSU87SKFVMG2,0.060606,0.939394,point_previews/task000014_mu016384_rho030_n0.png
0.3,16384,8,license_plate_bahnschrift.ttf,CBAGJWPD6YXT0RNZL49E3HSU875KFVMQ2,0,3,1,0.255,8.763561,0.881116,1.10157,CBAGJWPD6YXT0RNZL49E3HSU87SKFVMG2,0.060606,0.939394,point_previews/task000014_mu016384_rho030_n1.png
0.4,16384,8,license_plate_bahnschrift.ttf,CBAGJWPD6YXT0RNZL49E3HSU875KFVMQ2,0,3,0,0.34,10.119289,0.843436,0.953987,CBAGJWPD46YXT0RNZL49ESHSUS7SKFVMG2,0.151515,0.848485,point_previews/task000014_mu016384_rho040_n0.png
0.4,16384,8,license_plate_bahnschrift.ttf,CBAGJWPD6YXT0RNZL49E3HSU875KFVMQ2,0,3,1,0.34,10.119289,0.843436,0.953987,CBAGJWPD6YXT0RNZL49E3HSU87SKFVMG2,0.060606,0.939394,point_previews/task000014_mu016384_rho040_n1.png
0.5,16384,8,license_plate_bahnschrift.ttf,CBAGJWPD6YXT0RNZL49E3HSU875KFVMQ2,0,3,0,0.425,11.313708,0.8067,0.853272,CBAGJWPD6YXT0RNZL49E3HSU875SKFVMQ2,0.030303,0.969697,point_previews/task000014_mu016384_rho050_n0.png
0.5,16384,8,license_plate_bahnschrift.ttf,CBAGJWPD6YXT0RNZL49E3HSU875KFVMQ2,0,3,1,0.425,11.313708,0.8067,0.853272,CBAGJWPD6YXT0RNZL49ESHSU87SKFVMQG2,0.090909,0.909091,point_previews/task000014_mu016384_rho050_n1.png
0.6,16384,8,license_plate_bahnschrift.ttf,CBAGJWPD6YXT0RNZL49E3HSU875KFVMQ2,0,3,0,0.51,12.393547,0.770893,0.778927,CBAGJWPD6YXT0RNZL49E3HSU875SKFVMQ2,0.030303,0.969697,point_previews/task000014_mu016384_rho060_n0.png
0.6,16384,8,license_plate_bahnschrift.ttf,CBAGJWPD6YXT0RNZL49E3HSU875KFVMQ2,0,3,1,0.51,12.393547,0.770893,0.778927,CBAGJWPD6YXT0RNZL49E3HSU875KFVMQ2,0.0,1.0,point_previews/task000014_mu016384_rho060_n1.png
0.7,16384,8,license_plate_bahnschrift.ttf,CBAGJWPD6YXT0RNZL49E3HSU875KFVMQ2,0,3,0,0.595,13.38656,0.735998,0.721147,CBAGJWPD6YXT0RNZL49E3HSU875KFVMQ2,0.0,1.0,point_previews/task000014_mu016384_rho070_n0.png
0.7,16384,8,license_plate_bahnschrift.ttf,CBAGJWPD6YXT0RNZL49E3HSU875KFVMQ2,0,3,1,0.595,13.38656,0.735998,0.721147,CBAGJWPD6YXT0RNZL49E3HSU875KFVMQ2,0.0,1.0,point_previews/task000014_mu016384_rho070_n1.png
0.8,16384,8,license_plate_bahnschrift.ttf,CBAGJWPD6YXT0RNZL49E3HSU875KFVMQ2,0,3,0,0.68,14.310835,0.701998,0.674571,CBAGJWPD6YXT0RNZL49E3HSU875KFVMQ2,0.0,1.0,point_previews/task000014_mu016384_rho080_n0.png
0.8,16384,8,license_plate_bahnschrift.ttf,CBAGJWPD6YXT0RNZL49E3HSU875KFVMQ2,0,3,1,0.68,14.310835,0.701998,0.674571,CBAGJWPD6YXT0RNZL49E3HSU875KFVMQ2,0.0,1.0,point_previews/task000014_mu016384_rho080_n1.png
0.9,16384,8,license_plate_bahnschrift.ttf,CBAGJWPD6YXT0RNZL49E3HSU875KFVMQ2,0,3,0,0.765,15.178933,0.668877,0.635992,CBAGJWPD6YXT0RNZL49E3HSU875KFVMQ2,0.0,1.0,point_previews/task000014_mu016384_rho090_n0.png
0.9,16384,8,license_plate_bahnschrift.ttf,CBAGJWPD6YXT0RNZL49E3HSU875KFVMQ2,0,3,1,0.765,15.178933,0.668877,0.635992,CBAGJWPD6YXT0RNZL49E3HSU875KFVMQ2,0.0,1.0,point_previews/task000014_mu016384_rho090_n1.png
1.0,16384,8,license_plate_bahnschrift.ttf,CBAGJWPD6YXT0RNZL49E3HSU875KFVMQ2,0,3,0,0.85,16.0,0.63662,0.603355,CBAGJWPD6YXT0RNZL49E3HSU875KFVMQ2,0.0,1.0,point_previews/task000014_mu016384_rho100_n0.png
1.0,16384,8,license_plate_bahnschrift.ttf,CBAGJWPD6YXT0RNZL49E3HSU875KFVMQ2,0,3,1,0.85,16.0,0.63662,0.603355,CBAGJWPD6YXT0RNZL49E3HSU875KFVMQ2,0.0,1.0,point_previews/task000014_mu016384_rho100_n1.png
0.1,65536,8,license_plate_bahnschrift.ttf,CBAGJWPD6YXT0RNZL49E3HSU875KFVMQ2,0,3,0,0.085,5.059644,0.959381,1.907975,CBAGJWPD6YXT0RNZL49ESHSUS7SKFVMG2,0.121212,0.878788,point_previews/task000015_mu065536_rho010_n0.png
0.1,65536,8,license_plate_bahnschrift.ttf,CBAGJWPD6YXT0RNZL49E3HSU875KFVMQ2,0,3,1,0.085,5.059644,0.959381,1.907975,CBAGJWPD6YXT0RNZL49ESHSUS7SKFVMG2,0.121212,0.878788,point_previews/task000015_mu065536_rho010_n1.png
0.2,65536,8,license_plate_bahnschrift.ttf,CBAGJWPD6YXT0RNZL49E3HSU875KFVMQ2,0,3,0,0.17,7.155418,0.919759,1.349142,CBAGJWPD6YXT0RNZL49E3HSUS7SKFVMG2,0.090909,0.909091,point_previews/task000015_mu065536_rho020_n0.png
0.2,65536,8,license_plate_bahnschrift.ttf,CBAGJWPD6YXT0RNZL49E3HSU875KFVMQ2,0,3,1,0.17,7.155418,0.919759,1.349142,CBAGJWPD6YXT0RNZL49ESHSUS7SKFVMG2,0.121212,0.878788,point_previews/task000015_mu065536_rho020_n1.png
0.3,65536,8,license_plate_bahnschrift.ttf,CBAGJWPD6YXT0RNZL49E3HSU875KFVMQ2,0,3,0,0.255,8.763561,0.881116,1.10157,CBAGJWPD6YXT0RNZL49E3HSU87SKFVMG2,0.060606,0.939394,point_previews/task000015_mu065536_rho030_n0.png
0.3,65536,8,license_plate_bahnschrift.ttf,CBAGJWPD6YXT0RNZL49E3HSU875KFVMQ2,0,3,1,0.255,8.763561,0.881116,1.10157,CBAGJWPD6YXT0RNZL49E3HSUS7SKFVMG2,0.090909,0.909091,point_previews/task000015_mu065536_rho030_n1.png
0.4,65536,8,license_plate_bahnschrift.ttf,CBAGJWPD6YXT0RNZL49E3HSU875KFVMQ2,0,3,0,0.34,10.119289,0.843436,0.953987,CBAGJWPD6YXT0RNZL49E3SHSU87SKFVMG2,0.090909,0.909091,point_previews/task000015_mu065536_rho040_n0.png
0.4,65536,8,license_plate_bahnschrift.ttf,CBAGJWPD6YXT0RNZL49E3HSU875KFVMQ2,0,3,1,0.34,10.119289,0.843436,0.953987,CBAGJWPD6YXT0RNZL49E3HSU87SKFVMG2,0.060606,0.939394,point_previews/task000015_mu065536_rho040_n1.png
0.5,65536,8,license_plate_bahnschrift.ttf,CBAGJWPD6YXT0RNZL49E3HSU875KFVMQ2,0,3,0,0.425,11.313708,0.8067,0.853272,CBAGJWPD6YXT0RNZL49E3HSU87SKFVMQG2,0.060606,0.939394,point_previews/task000015_mu065536_rho050_n0.png
0.5,65536,8,license_plate_bahnschrift.ttf,CBAGJWPD6YXT0RNZL49E3HSU875KFVMQ2,0,3,1,0.425,11.313708,0.8067,0.853272,CBAGJWPD6YXT0RNZL49E3HSU875SKFVMQ2,0.030303,0.969697,point_previews/task000015_mu065536_rho050_n1.png
0.6,65536,8,license_plate_bahnschrift.ttf,CBAGJWPD6YXT0RNZL49E3HSU875KFVMQ2,0,3,0,0.51,12.393547,0.770893,0.778927,CBAGJWPD6YXT0RNZL49E3HSU875SKFVMQ2,0.030303,0.969697,point_previews/task000015_mu065536_rho060_n0.png
0.6,65536,8,license_plate_bahnschrift.ttf,CBAGJWPD6YXT0RNZL49E3HSU875KFVMQ2,0,3,1,0.51,12.393547,0.770893,0.778927,CBAGJWPD6YXT0RNZL49E3HSU875KFVMQ2,0.0,1.0,point_previews/task000015_mu065536_rho060_n1.png
0.7,65536,8,license_plate_bahnschrift.ttf,CBAGJWPD6YXT0RNZL49E3HSU875KFVMQ2,0,3,0,0.595,13.38656,0.735998,0.721147,CBAGJWPD6YXT0RNZL49E3HSU875KFVMQ2,0.0,1.0,point_previews/task000015_mu065536_rho070_n0.png
0.7,65536,8,license_plate_bahnschrift.ttf,CBAGJWPD6YXT0RNZL49E3HSU875KFVMQ2,0,3,1,0.595,13.38656,0.735998,0.721147,CBAGJWPD6YXT0RNZL49E3HSU875KFVMQ2,0.0,1.0,point_previews/task000015_mu065536_rho070_n1.png
0.8,65536,8,license_plate_bahnschrift.ttf,CBAGJWPD6YXT0RNZL49E3HSU875KFVMQ2,0,3,0,0.68,14.310835,0.701998,0.674571,CBAGJWPD6YXT0RNZL49E3HSU875KFVMQ2,0.0,1.0,point_previews/task000015_mu065536_rho080_n0.png
0.8,65536,8,license_plate_bahnschrift.ttf,CBAGJWPD6YXT0RNZL49E3HSU875KFVMQ2,0,3,1,0.68,14.310835,0.701998,0.674571,CBAGJWPD6YXT0RNZL49E3HSU875KFVMQ2,0.0,1.0,point_previews/task000015_mu065536_rho080_n1.png
0.9,65536,8,license_plate_bahnschrift.ttf,CBAGJWPD6YXT0RNZL49E3HSU875KFVMQ2,0,3,0,0.765,15.178933,0.668877,0.635992,CBAGJWPD6YXT0RNZL49E3HSU875KFVMQ2,0.0,1.0,point_previews/task000015_mu065536_rho090_n0.png
0.9,65536,8,license_plate_bahnschrift.ttf,CBAGJWPD6YXT0RNZL49E3HSU875KFVMQ2,0,3,1,0.765,15.178933,0.668877,0.635992,CBAGJWPD6YXT0RNZL49E3HSU875KFVMQ2,0.0,1.0,point_previews/task000015_mu065536_rho090_n1.png
1.0,65536,8,license_plate_bahnschrift.ttf,CBAGJWPD6YXT0RNZL49E3HSU875KFVMQ2,0,3,0,0.85,16.0,0.63662,0.603355,CBAGJWPD6YXT0RNZL49E3HSU875KFVMQ2,0.0,1.0,point_previews/task000015_mu065536_rho100_n0.png
1.0,65536,8,license_plate_bahnschrift.ttf,CBAGJWPD6YXT0RNZL49E3HSU875KFVMQ2,0,3,1,0.85,16.0,0.63662,0.603355,CBAGJWPD46YXT0RNZL49E3HSU875KFVMQ2,0.030303,0.969697,point_previews/task000015_mu065536_rho100_n1.png
0.1,4,8,license_plate_bahnschrift.ttf,CBAGJWPD6YXT0RNZL49E3HSU875KFVMQ2,0,7,0,0.085,5.059644,0.959381,1.907975,PRTWSRESTSEL,0.878788,0.121212,point_previews/task000016_mu000004_rho010_n0.png
0.1,4,8,license_plate_bahnschrift.ttf,CBAGJWPD6YXT0RNZL49E3HSU875KFVMQ2,0,7,1,0.085,5.059644,0.959381,1.907975,,1.0,0.0,point_previews/task000016_mu000004_rho010_n1.png
0.2,4,8,license_plate_bahnschrift.ttf,CBAGJWPD6YXT0RNZL49E3HSU875KFVMQ2,0,7,0,0.17,7.155418,0.919759,1.349142,BSSSRENTSCES,0.878788,0.121212,point_previews/task000016_mu000004_rho020_n0.png
0.2,4,8,license_plate_bahnschrift.ttf,CBAGJWPD6YXT0RNZL49E3HSU875KFVMQ2,0,7,1,0.17,7.155418,0.919759,1.349142,DWMETETCARRSLR,0.909091,0.090909,point_previews/task000016_mu000004_rho020_n1.png
0.3,4,8,license_plate_bahnschrift.ttf,CBAGJWPD6YXT0RNZL49E3HSU875KFVMQ2,0,7,0,0.255,8.763561,0.881116,1.10157,SSRPNTESAACASURPCEREAARLB,0.939394,0.060606,point_previews/task000016_mu000004_rho030_n0.png
0.3,4,8,license_plate_bahnschrift.ttf,CBAGJWPD6YXT0RNZL49E3HSU875KFVMQ2,0,7,1,0.255,8.763561,0.881116,1.10157,SEREEAUESFRUEARAU,0.909091,0.090909,point_previews/task000016_mu000004_rho030_n1.png
0.4,4,8,license_plate_bahnschrift.ttf,CBAGJWPD6YXT0RNZL49E3HSU875KFVMQ2,0,7,0,0.34,10.119289,0.843436,0.953987,ERSSAHPE,0.939394,0.060606,point_previews/task000016_mu000004_rho040_n0.png
0.4,4,8,license_plate_bahnschrift.ttf,CBAGJWPD6YXT0RNZL49E3HSU875KFVMQ2,0,7,1,0.34,10.119289,0.843436,0.953987,MMTRPATMDE,0.909091,0.090909,point_previews/task000016_mu000004_rho040_n1.png
0.5,4,8,license_plate_bahnschrift.ttf,CBAGJWPD6YXT0RNZL49E3HSU875KFVMQ2,0,7,0,0.425,11.313708,0.8067,0.853272,PMALEANLHR,0.878788,0.121212,point_previews/task000016_mu000004_rho050_n0.png
0.5,4,8,license_plate_bahnschrift.ttf,CBAGJWPD6YXT0RNZL49E3HSU875KFVMQ2,0,7,1,0.425,11.313708,0.8067,0.853272,SUERNSSRTHAPENEAEAYE,0.909091,0.090909,point_previews/task000016_mu000004_rho050_n1.png
0.6,4,8,license_plate_bahnschrift.ttf,CBAGJWPD6YXT0RNZL49E3HSU875KFVMQ2,0,7,0,0.51,12.393547,0.770893,0.778927,ARTCNSKR,0.848485,0.151515,point_previews/task000016_mu000004_rho060_n0.png
0.6,4,8,license_plate_bahnschrift.ttf,CBAGJWPD6YXT0RNZL49E3HSU875KFVMQ2,0,7,1,0.51,12.393547,0.770893,0.778927,RNAAHSRSERNEPSECADTA,0.848485,0.151515,point_previews/task000016_mu000004_rho060_n1.png
0.7,4,8,license_plate_bahnschrift.ttf,CBAGJWPD6YXT0RNZL49E3HSU875KFVMQ2,0,7,0,0.595,13.38656,0.735998,0.721147,CSSPRVGTNGCSCERSTRER,0.818182,0.181818,point_previews/task000016_mu000004_rho070_n0.png
0.7,4,8,license_plate_bahnschrift.ttf,CBAGJWPD6YXT0RNZL49E3HSU875KFVMQ2,0,7,1,0.595,13.38656,0.735998,0.721147,WEASUPSRTEMSNS,0.848485,0.151515,point_previews/task000016_mu000004_rho070_n1.png
0.8,4,8,license_plate_bahnschrift.ttf,CBAGJWPD6YXT0RNZL49E3HSU875KFVMQ2,0,7,0,0.68,14.310835,0.701998,0.674571,TREEGDENTPRPUEESAATF,0.818182,0.181818,point_previews/task000016_mu000004_rho080_n0.png
0.8,4,8,license_plate_bahnschrift.ttf,CBAGJWPD6YXT0RNZL49E3HSU875KFVMQ2,0,7,1,0.68,14.310835,0.701998,0.674571,TSAERSEEPSRSSERE,0.878788,0.121212,point_previews/task000016_mu000004_rho080_n1.png
0.9,4,8,license_plate_bahnschrift.ttf,CBAGJWPD6YXT0RNZL49E3HSU875KFVMQ2,0,7,0,0.765,15.178933,0.668877,0.635992,PBANR,0.909091,0.090909,point_previews/task000016_mu000004_rho090_n0.png
0.9,4,8,license_plate_bahnschrift.ttf,CBAGJWPD6YXT0RNZL49E3HSU875KFVMQ2,0,7,1,0.765,15.178933,0.668877,0.635992,PRUARTCRRELERSNMRYSCT,0.818182,0.181818,point_previews/task000016_mu000004_rho090_n1.png
1.0,4,8,license_plate_bahnschrift.ttf,CBAGJWPD6YXT0RNZL49E3HSU875KFVMQ2,0,7,0,0.85,16.0,0.63662,0.603355,SRESTEPASVSCELANEEAELEA,0.909091,0.090909,point_previews/task000016_mu000004_rho100_n0.png
1.0,4,8,license_plate_bahnschrift.ttf,CBAGJWPD6YXT0RNZL49E3HSU875KFVMQ2,0,7,1,0.85,16.0,0.63662,0.603355,LEREDHADSTGREAESASSEURD,0.848485,0.151515,point_previews/task000016_mu000004_rho100_n1.png
0.1,16,8,license_plate_bahnschrift.ttf,CBAGJWPD6YXT0RNZL49E3HSU875KFVMQ2,0,7,0,0.085,5.059644,0.959381,1.907975,SHBTCRPTYLPERLTS,0.848485,0.151515,point_previews/task000017_mu000016_rho010_n0.png
0.1,16,8,license_plate_bahnschrift.ttf,CBAGJWPD6YXT0RNZL49E3HSU875KFVMQ2,0,7,1,0.085,5.059644,0.959381,1.907975,USSEASPCEUSPGMR,0.878788,0.121212,point_previews/task000017_mu000016_rho010_n1.png
0.2,16,8,license_plate_bahnschrift.ttf,CBAGJWPD6YXT0RNZL49E3HSU875KFVMQ2,0,7,0,0.17,7.155418,0.919759,1.349142,TREWREEGMES,0.878788,0.121212,point_previews/task000017_mu000016_rho020_n0.png
0.2,16,8,license_plate_bahnschrift.ttf,CBAGJWPD6YXT0RNZL49E3HSU875KFVMQ2,0,7,1,0.17,7.155418,0.919759,1.349142,CSREPRRNTTA,0.878788,0.121212,point_previews/task000017_mu000016_rho020_n1.png
0.3,16,8,license_plate_bahnschrift.ttf,CBAGJWPD6YXT0RNZL49E3HSU875KFVMQ2,0,7,0,0.255,8.763561,0.881116,1.10157,,1.0,0.0,point_previews/task000017_mu000016_rho030_n0.png
0.3,16,8,license_plate_bahnschrift.ttf,CBAGJWPD6YXT0RNZL49E3HSU875KFVMQ2,0,7,1,0.255,8.763561,0.881116,1.10157,PRSERABEDCTRWECGTASSPRS,0.909091,0.090909,point_previews/task000017_mu000016_rho030_n1.png
0.4,16,8,license_plate_bahnschrift.ttf,CBAGJWPD6YXT0RNZL49E3HSU875KFVMQ2,0,7,0,0.34,10.119289,0.843436,0.953987,DEAGTSREYNTURNZELSESHSUREKEVRED,0.606061,0.393939,point_previews/task000017_mu000016_rho040_n0.png
0.4,16,8,license_plate_bahnschrift.ttf,CBAGJWPD6YXT0RNZL49E3HSU875KFVMQ2,0,7,1,0.34,10.119289,0.843436,0.953987,,1.0,0.0,point_previews/task000017_mu000016_rho040_n1.png
0.5,16,8,license_plate_bahnschrift.ttf,CBAGJWPD6YXT0RNZL49E3HSU875KFVMQ2,0,7,0,0.425,11.313708,0.8067,0.853272,CCBAGPWRUGATTRKZLASESHSUYDD,0.636364,0.363636,point_previews/task000017_mu000016_rho050_n0.png
0.5,16,8,license_plate_bahnschrift.ttf,CBAGJWPD6YXT0RNZL49E3HSU875KFVMQ2,0,7,1,0.425,11.313708,0.8067,0.853272,,1.0,0.0,point_previews/task000017_mu000016_rho050_n1.png
0.6,16,8,license_plate_bahnschrift.ttf,CBAGJWPD6YXT0RNZL49E3HSU875KFVMQ2,0,7,0,0.51,12.393547,0.770893,0.778927,BERGWPUSYXTRNZMEAASHEREKPUAP,0.636364,0.363636,point_previews/task000017_mu000016_rho060_n0.png
0.6,16,8,license_plate_bahnschrift.ttf,CBAGJWPD6YXT0RNZL49E3HSU875KFVMQ2,0,7,1,0.51,12.393547,0.770893,0.778927,DBAGJNPRGTRNZLASESHSGATSKEUMS,0.545455,0.454545,point_previews/task000017_mu000016_rho060_n1.png
0.7,16,8,license_plate_bahnschrift.ttf,CBAGJWPD6YXT0RNZL49E3HSU875KFVMQ2,0,7,0,0.595,13.38656,0.735998,0.721147,CBAGPHPRDCYXTRNZEASEBHSUSTEKEVA,0.484848,0.515152,point_previews/task000017_mu000016_rho070_n0.png
0.7,16,8,license_plate_bahnschrift.ttf,CBAGJWPD6YXT0RNZL49E3HSU875KFVMQ2,0,7,1,0.595,13.38656,0.735998,0.721147,,1.0,0.0,point_previews/task000017_mu000016_rho070_n1.png
0.8,16,8,license_plate_bahnschrift.ttf,CBAGJWPD6YXT0RNZL49E3HSU875KFVMQ2,0,7,0,0.68,14.310835,0.701998,0.674571,,1.0,0.0,point_previews/task000017_mu000016_rho080_n0.png
0.8,16,8,license_plate_bahnschrift.ttf,CBAGJWPD6YXT0RNZL49E3HSU875KFVMQ2,0,7,1,0.68,14.310835,0.701998,0.674571,CBAGTNENGYXDBNZUAGESHSUBTSKEVG2,0.545455,0.454545,point_previews/task000017_mu000016_rho080_n1.png
0.9,16,8,license_plate_bahnschrift.ttf,CBAGJWPD6YXT0RNZL49E3HSU875KFVMQ2,0,7,0,0.765,15.178933,0.668877,0.635992,,1.0,0.0,point_previews/task000017_mu000016_rho090_n0.png
0.9,16,8,license_plate_bahnschrift.ttf,CBAGJWPD6YXT0RNZL49E3HSU875KFVMQ2,0,7,1,0.765,15.178933,0.668877,0.635992,GRAGJWPDSYRTURNZEGSESHSUSTHKEVMG2,0.424242,0.575758,point_previews/task000017_mu000016_rho090_n1.png
1.0,16,8,license_plate_bahnschrift.ttf,CBAGJWPD6YXT0RNZL49E3HSU875KFVMQ2,0,7,0,0.85,16.0,0.63662,0.603355,CEAGJWECSYXTRNZEBPESHSERTSKEVG2,0.484848,0.515152,point_previews/task000017_mu000016_rho100_n0.png
1.0,16,8,license_plate_bahnschrift.ttf,CBAGJWPD6YXT0RNZL49E3HSU875KFVMQ2,0,7,1,0.85,16.0,0.63662,0.603355,CBAGJWPDSYXTURNZLAFESHSUSTAKEYHAZ,0.393939,0.606061,point_previews/task000017_mu000016_rho100_n1.png
0.1,64,8,license_plate_bahnschrift.ttf,CBAGJWPD6YXT0RNZL49E3HSU875KFVMQ2,0,7,0,0.085,5.059644,0.959381,1.907975,ASANHUPDGENTERAZEAGESHSUSSKEVM2,0.575758,0.424242,point_previews/task000018_mu000064_rho010_n0.png
0.1,64,8,license_plate_bahnschrift.ttf,CBAGJWPD6YXT0RNZL49E3HSU875KFVMQ2,0,7,1,0.085,5.059644,0.959381,1.907975,CRAGTWEHAXTURRESESESHCUESKEAS,0.666667,0.333333,point_previews/task000018_mu000064_rho010_n1.png
0.2,64,8,license_plate_bahnschrift.ttf,CBAGJWPD6YXT0RNZL49E3HSU875KFVMQ2,0,7,0,0.17,7.155418,0.919759,1.349142,,1.0,0.0,point_previews/task000018_mu000064_rho020_n0.png
0.2,64,8,license_plate_bahnschrift.ttf,CBAGJWPD6YXT0RNZL49E3HSU875KFVMQ2,0,7,1,0.17,7.155418,0.919759,1.349142,,1.0,0.0,point_previews/task000018_mu000064_rho020_n1.png
0.3,64,8,license_plate_bahnschrift.ttf,CBAGJWPD6YXT0RNZL49E3HSU875KFVMQ2,0,7,0,0.255,8.763561,0.881116,1.10157,,1.0,0.0,point_previews/task000018_mu000064_rho030_n0.png
0.3,64,8,license_plate_bahnschrift.ttf,CBAGJWPD6YXT0RNZL49E3HSU875KFVMQ2,0,7,1,0.255,8.763561,0.881116,1.10157,CENBJWPDSYXTURNZLAPESHSUS7SKEVMG2,0.363636,0.636364,point_previews/task000018_mu000064_rho030_n1.png
0.4,64,8,license_plate_bahnschrift.ttf,CBAGJWPD6YXT0RNZL49E3HSU875KFVMQ2,0,7,0,0.34,10.119289,0.843436,0.953987,CBAGJNEDSYXTRNZL49ES3HSUBTSKRVMQ2,0.272727,0.727273,point_previews/task000018_mu000064_rho040_n0.png
0.4,64,8,license_plate_bahnschrift.ttf,CBAGJWPD6YXT0RNZL49E3HSU875KFVMQ2,0,7,1,0.34,10.119289,0.843436,0.953987,CBAGJWPDSYXTRNZES9EZHSUS7BKEVMA2,0.272727,0.727273,point_previews/task000018_mu000064_rho040_n1.png
0.5,64,8,license_plate_bahnschrift.ttf,CBAGJWPD6YXT0RNZL49E3HSU875KFVMQ2,0,7,0,0.425,11.313708,0.8067,0.853272,CBAGJWPDSYXTURNZLA9ESHSUBTSKFVMG2,0.242424,0.757576,point_previews/task000018_mu000064_rho050_n0.png
0.5,64,8,license_plate_bahnschrift.ttf,CBAGJWPD6YXT0RNZL49E3HSU875KFVMQ2,0,7,1,0.425,11.313708,0.8067,0.853272,CBAGJWPDSYXTQRNZLAPESHSUBTSKEVMG2,0.30303,0.69697,point_previews/task000018_mu000064_rho050_n1.png
0.6,64,8,license_plate_bahnschrift.ttf,CBAGJWPD6YXT0RNZL49E3HSU875KFVMQ2,0,7,0,0.51,12.393547,0.770893,0.778927,CBAGJWPDSYXTCRNZL49E3HSUSTBKFYMQ2,0.181818,0.818182,point_previews/task000018_mu000064_rho060_n0.png
0.6,64,8,license_plate_bahnschrift.ttf,CBAGJWPD6YXT0RNZL49E3HSU875KFVMQ2,0,7,1,0.51,12.393547,0.770893,0.778927,CBAGJWPDEYXTURNZLAPESHSU8TSKFVMQ2,0.212121,0.787879,point_previews/task000018_mu000064_rho060_n1.png
0.7,64,8,license_plate_bahnschrift.ttf,CBAGJWPD6YXT0RNZL49E3HSU875KFVMQ2,0,7,0,0.595,13.38656,0.735998,0.721147,CBAGJWPDSYXTURNZLS9ESHSUBTSKFVMQG2,0.242424,0.757576,point_previews/task000018_mu000064_rho070_n0.png
0.7,64,8,license_plate_bahnschrift.ttf,CBAGJWPD6YXT0RNZL49E3HSU875KFVMQ2,0,7,1,0.595,13.38656,0.735998,0.721147,CBAGJWPDSYXTQRNZLA9ESHSUS75KFVMQ2,0.151515,0.848485,point_previews/task000018_mu000064_rho070_n1.png
0.8,64,8,license_plate_bahnschrift.ttf,CBAGJWPD6YXT0RNZL49E3HSU875KFVMQ2,0,7,0,0.68,14.310835,0.701998,0.674571,CBAGJWPD4YXTRNZLS9ESHSUSTSKEVMG2,0.272727,0.727273,point_previews/task000018_mu000064_rho080_n0.png
0.8,64,8,license_plate_bahnschrift.ttf,CBAGJWPD6YXT0RNZL49E3HSU875KFVMQ2,0,7,1,0.68,14.310835,0.701998,0.674571,CBAGJWPD6YXTGRNZL49ESHSUBTSKEVMG2,0.212121,0.787879,point_previews/task000018_mu000064_rho080_n1.png
0.9,64,8,license_plate_bahnschrift.ttf,CBAGJWPD6YXT0RNZL49E3HSU875KFVMQ2,0,7,0,0.765,15.178933,0.668877,0.635992,CBAGJWPD6YXTURNZL4SE3HSUS75KFVMQ02,0.121212,0.878788,point_previews/task000018_mu000064_rho090_n0.png
0.9,64,8,license_plate_bahnschrift.ttf,CBAGJWPD6YXT0RNZL49E3HSU875KFVMQ2,0,7,1,0.765,15.178933,0.668877,0.635992,CBAGJWPDAYXTURNZL49E3HSU875KFVMQ2,0.060606,0.939394,point_previews/task000018_mu000064_rho090_n1.png
1.0,64,8,license_plate_bahnschrift.ttf,CBAGJWPD6YXT0RNZL49E3HSU875KFVMQ2,0,7,0,0.85,16.0,0.63662,0.603355,CBAGJWPDSYXTURNZL49E3HSUB7SKEVMQ2,0.151515,0.848485,point_previews/task000018_mu000064_rho100_n0.png
1.0,64,8,license_plate_bahnschrift.ttf,CBAGJWPD6YXT0RNZL49E3HSU875KFVMQ2,0,7,1,0.85,16.0,0.63662,0.603355,CBAGJWPD6YXTURNZL49E3HSU875KFEVMG2,0.090909,0.909091,point_previews/task000018_mu000064_rho100_n1.png
0.1,256,8,license_plate_bahnschrift.ttf,CBAGJWPD6YXT0RNZL49E3HSU875KFVMQ2,0,7,0,0.085,5.059644,0.959381,1.907975,CBAGJWPDSYXTRNZLAPESHSUBTEKFVMGZ,0.30303,0.69697,point_previews/task000019_mu000256_rho010_n0.png
0.1,256,8,license_plate_bahnschrift.ttf,CBAGJWPD6YXT0RNZL49E3HSU875KFVMQ2,0,7,1,0.085,5.059644,0.959381,1.907975,CBAGJWPDSYXTRNZLAPESHSUSFBKFYMGA2,0.333333,0.666667,point_previews/task000019_mu000256_rho010_n1.png
0.2,256,8,license_plate_bahnschrift.ttf,CBAGJWPD6YXT0RNZL49E3HSU875KFVMQ2,0,7,0,0.17,7.155418,0.919759,1.349142,CBAGJWPUSYXTQRNZLA9ESHSU875KFYMQ2,0.181818,0.818182,point_previews/task000019_mu000256_rho020_n0.png
0.2,256,8,license_plate_bahnschrift.ttf,CBAGJWPD6YXT0RNZL49E3HSU875KFVMQ2,0,7,1,0.17,7.155418,0.919759,1.349142,CBAGJWPD4YXTQRNZL4PESHSUS75KFVM02,0.181818,0.818182,point_previews/task000019_mu000256_rho020_n1.png
0.3,256,8,license_plate_bahnschrift.ttf,CBAGJWPD6YXT0RNZL49E3HSU875KFVMQ2,0,7,0,0.255,8.763561,0.881116,1.10157,CBAGJWPDS6YXTURNZL49ESHSUS75KFVMG2,0.151515,0.848485,point_previews/task000019_mu000256_rho030_n0.png
0.3,256,8,license_plate_bahnschrift.ttf,CBAGJWPD6YXT0RNZL49E3HSU875KFVMQ2,0,7,1,0.255,8.763561,0.881116,1.10157,CBEAGJWPUSYXTURNZL4PESHSUS7TSKFVMG2,0.30303,0.69697,point_previews/task000019_mu000256_rho030_n1.png
0.4,256,8,license_plate_bahnschrift.ttf,CBAGJWPD6YXT0RNZL49E3HSU875KFVMQ2,0,7,0,0.34,10.119289,0.843436,0.953987,CBAGJWPDS4YXT0RNZL49ESHSUSTSKFVMQ2,0.181818,0.818182,point_previews/task000019_mu000256_rho040_n0.png
0.4,256,8,license_plate_bahnschrift.ttf,CBAGJWPD6YXT0RNZL49E3HSU875KFVMQ2,0,7,1,0.34,10.119289,0.843436,0.953987,CBAGJWPD4YXT0RNZL49ESHSUS7T5KFEVMQ2,0.151515,0.848485,point_previews/task000019_mu000256_rho040_n1.png
0.5,256,8,license_plate_bahnschrift.ttf,CBAGJWPD6YXT0RNZL49E3HSU875KFVMQ2,0,7,0,0.425,11.313708,0.8067,0.853272,CBAGJWPD6YXTGRNZL49ESHSUS7T5KFVMQ2,0.121212,0.878788,point_previews/task000019_mu000256_rho050_n0.png
0.5,256,8,license_plate_bahnschrift.ttf,CBAGJWPD6YXT0RNZL49E3HSU875KFVMQ2,0,7,1,0.425,11.313708,0.8067,0.853272,CBAGJWPD6YXTURNZL49ESHSUS7T5KFVMQ2,0.121212,0.878788,point_previews/task000019_mu000256_rho050_n1.png
0.6,256,8,license_plate_bahnschrift.ttf,CBAGJWPD6YXT0RNZL49E3HSU875KFVMQ2,0,7,0,0.51,12.393547,0.770893,0.778927,CBAGJWPD4YXTURNZL49ESHSUS7T5KFVMQ2,0.151515,0.848485,point_previews/task000019_mu000256_rho060_n0.png
0.6,256,8,license_plate_bahnschrift.ttf,CBAGJWPD6YXT0RNZL49E3HSU875KFVMQ2,0,7,1,0.51,12.393547,0.770893,0.778927,CBAGJWPD6YXTURNZL49ESHSUS7T5KFVMQ2,0.121212,0.878788,point_previews/task000019_mu000256_rho060_n1.png
0.7,256,8,license_plate_bahnschrift.ttf,CBAGJWPD6YXT0RNZL49E3HSU875KFVMQ2,0,7,0,0.595,13.38656,0.735998,0.721147,CBAGJWPD6YXT0RNZL49E3HSUBT5KFVMQ2,0.060606,0.939394,point_previews/task000019_mu000256_rho070_n0.png
0.7,256,8,license_plate_bahnschrift.ttf,CBAGJWPD6YXT0RNZL49E3HSU875KFVMQ2,0,7,1,0.595,13.38656,0.735998,0.721147,CBAGJWPD6YXTURNZL49E3HSU875KFVMQ2,0.030303,0.969697,point_previews/task000019_mu000256_rho070_n1.png
0.8,256,8,license_plate_bahnschrift.ttf,CBAGJWPD6YXT0RNZL49E3HSU875KFVMQ2,0,7,0,0.68,14.310835,0.701998,0.674571,CBAGJWPD6YXT0RNZL49ESHSU87T5SKFVMQ2,0.090909,0.909091,point_previews/task000019_mu000256_rho080_n0.png
0.8,256,8,license_plate_bahnschrift.ttf,CBAGJWPD6YXT0RNZL49E3HSU875KFVMQ2,0,7,1,0.68,14.310835,0.701998,0.674571,CBAGJWPD6YXT0RNZL49E3HSUS7T5KFVMQ2,0.060606,0.939394,point_previews/task000019_mu000256_rho080_n1.png
0.9,256,8,license_plate_bahnschrift.ttf,CBAGJWPD6YXT0RNZL49E3HSU875KFVMQ2,0,7,0,0.765,15.178933,0.668877,0.635992,CBAGJWPD6YXTURNZL49ESHSUS7TSKFVMQ2,0.151515,0.848485,point_previews/task000019_mu000256_rho090_n0.png
0.9,256,8,license_plate_bahnschrift.ttf,CBAGJWPD6YXT0RNZL49E3HSU875KFVMQ2,0,7,1,0.765,15.178933,0.668877,0.635992,CBAGJWPD4YXT0RNZL49ES3HSU875KFVMQ2,0.060606,0.939394,point_previews/task000019_mu000256_rho090_n1.png
1.0,256,8,license_plate_bahnschrift.ttf,CBAGJWPD6YXT0RNZL49E3HSU875KFVMQ2,0,7,0,0.85,16.0,0.63662,0.603355,CBAGJWPD6YXT0RNZL49ESHSU875KFVMQ2,0.030303,0.969697,point_previews/task000019_mu000256_rho100_n0.png
1.0,256,8,license_plate_bahnschrift.ttf,CBAGJWPD6YXT0RNZL49E3HSU875KFVMQ2,0,7,1,0.85,16.0,0.63662,0.603355,CBAGJWPD6YXT0RNZL49E3HSUB75KFVMQ2,0.030303,0.969697,point_previews/task000019_mu000256_rho100_n1.png
0.1,1024,8,license_plate_bahnschrift.ttf,CBAGJWPD6YXT0RNZL49E3HSU875KFVMQ2,0,7,0,0.085,5.059644,0.959381,1.907975,CBAGJWPDS4YXTRNZL4VESHSUS75KFVM02,0.212121,0.787879,point_previews/task000020_mu001024_rho010_n0.png
0.1,1024,8,license_plate_bahnschrift.ttf,CBAGJWPD6YXT0RNZL49E3HSU875KFVMQ2,0,7,1,0.085,5.059644,0.959381,1.907975,CBAGJWPDSAYXTRNZLAPESHSUS75KFVMG2,0.242424,0.757576,point_previews/task000020_mu001024_rho010_n1.png
0.2,1024,8,license_plate_bahnschrift.ttf,CBAGJWPD6YXT0RNZL49E3HSU875KFVMQ2,0,7,0,0.17,7.155418,0.919759,1.349142,CBAGJWPDS6YXTGRNZL49ESHSUS75KFVMQG2,0.151515,0.848485,point_previews/task000020_mu001024_rho020_n0.png
0.2,1024,8,license_plate_bahnschrift.ttf,CBAGJWPD6YXT0RNZL49E3HSU875KFVMQ2,0,7,1,0.17,7.155418,0.919759,1.349142,CBAGJWPD4SYXTRNZL49E3HSU875KFVMQ2,0.090909,0.909091,point_previews/task000020_mu001024_rho020_n1.png
0.3,1024,8,license_plate_bahnschrift.ttf,CBAGJWPD6YXT0RNZL49E3HSU875KFVMQ2,0,7,0,0.255,8.763561,0.881116,1.10157,CBAGJWPD6YXTRNZL49E3HSU875KFVMQ2,0.030303,0.969697,point_previews/task000020_mu001024_rho030_n0.png
0.3,1024,8,license_plate_bahnschrift.ttf,CBAGJWPD6YXT0RNZL49E3HSU875KFVMQ2,0,7,1,0.255,8.763561,0.881116,1.10157,CBAGJWPD6YXTRNZL49ESHSUS75KFVMQG2,0.121212,0.878788,point_previews/task000020_mu001024_rho030_n1.png
0.4,1024,8,license_plate_bahnschrift.ttf,CBAGJWPD6YXT0RNZL49E3HSU875KFVMQ2,0,7,0,0.34,10.119289,0.843436,0.953987,CBAGJWPD6YXT0RNZL49ESHSUS7T5SKFVMQ2,0.121212,0.878788,point_previews/task000020_mu001024_rho040_n0.png
0.4,1024,8,license_plate_bahnschrift.ttf,CBAGJWPD6YXT0RNZL49E3HSU875KFVMQ2,0,7,1,0.34,10.119289,0.843436,0.953987,CBAGJWPD4YXTRNZL49E3SHSUS75KFVMQ2,0.121212,0.878788,point_previews/task000020_mu001024_rho040_n1.png
0.5,1024,8,license_plate_bahnschrift.ttf,CBAGJWPD6YXT0RNZL49E3HSU875KFVMQ2,0,7,0,0.425,11.313708,0.8067,0.853272,CBAGJWPD6YXTRNZL49ESHSU875KFVMQ2,0.060606,0.939394,point_previews/task000020_mu001024_rho050_n0.png
0.5,1024,8,license_plate_bahnschrift.ttf,CBAGJWPD6YXT0RNZL49E3HSU875KFVMQ2,0,7,1,0.425,11.313708,0.8067,0.853272,CBAGJWPD6YXTERNZL49E3HSU875KFVMQ2,0.030303,0.969697,point_previews/task000020_mu001024_rho050_n1.png
0.6,1024,8,license_plate_bahnschrift.ttf,CBAGJWPD6YXT0RNZL49E3HSU875KFVMQ2,0,7,0,0.51,12.393547,0.770893,0.778927,CBAGJWPD6YXT0RNZL49E3HSU875KFVMQ2,0.0,1.0,point_previews/task000020_mu001024_rho060_n0.png
0.6,1024,8,license_plate_bahnschrift.ttf,CBAGJWPD6YXT0RNZL49E3HSU875KFVMQ2,0,7,1,0.51,12.393547,0.770893,0.778927,CBAGJWPD6YXT0RNZL49E3HSU875KFVMQ2,0.0,1.0,point_previews/task000020_mu001024_rho060_n1.png
0.7,1024,8,license_plate_bahnschrift.ttf,CBAGJWPD6YXT0RNZL49E3HSU875KFVMQ2,0,7,0,0.595,13.38656,0.735998,0.721147,CBAGJWPD6YXT0RNZL49E3HSU875KFVMQ2,0.0,1.0,point_previews/task000020_mu001024_rho070_n0.png
0.7,1024,8,license_plate_bahnschrift.ttf,CBAGJWPD6YXT0RNZL49E3HSU875KFVMQ2,0,7,1,0.595,13.38656,0.735998,0.721147,CBAGJWPD6YXT0RNZL49E3HSU875KFVMQ2,0.0,1.0,point_previews/task000020_mu001024_rho070_n1.png
0.8,1024,8,license_plate_bahnschrift.ttf,CBAGJWPD6YXT0RNZL49E3HSU875KFVMQ2,0,7,0,0.68,14.310835,0.701998,0.674571,CBAGJWPD6YXT0RNZL49E3HSU875KFVMQ2,0.0,1.0,point_previews/task000020_mu001024_rho080_n0.png
0.8,1024,8,license_plate_bahnschrift.ttf,CBAGJWPD6YXT0RNZL49E3HSU875KFVMQ2,0,7,1,0.68,14.310835,0.701998,0.674571,CBAGJWPD6YXT0RNZL49E3HSU875KFVMQ2,0.0,1.0,point_previews/task000020_mu001024_rho080_n1.png
0.9,1024,8,license_plate_bahnschrift.ttf,CBAGJWPD6YXT0RNZL49E3HSU875KFVMQ2,0,7,0,0.765,15.178933,0.668877,0.635992,CBAGJWPD6YXT0RNZL49ESHSU875KFVMQ2,0.030303,0.969697,point_previews/task000020_mu001024_rho090_n0.png
0.9,1024,8,license_plate_bahnschrift.ttf,CBAGJWPD6YXT0RNZL49E3HSU875KFVMQ2,0,7,1,0.765,15.178933,0.668877,0.635992,CBAGJWPD6YXT0RNZL49E3HSU875KFVMQ2,0.0,1.0,point_previews/task000020_mu001024_rho090_n1.png
1.0,1024,8,license_plate_bahnschrift.ttf,CBAGJWPD6YXT0RNZL49E3HSU875KFVMQ2,0,7,0,0.85,16.0,0.63662,0.603355,CBAGJWPD6YXT0RNZL49E3HSU875KFVMQ2,0.0,1.0,point_previews/task000020_mu001024_rho100_n0.png
1.0,1024,8,license_plate_bahnschrift.ttf,CBAGJWPD6YXT0RNZL49E3HSU875KFVMQ2,0,7,1,0.85,16.0,0.63662,0.603355,CBAGJWPD6YXT0RNZL49ESHSU87T5KFVMQ2,0.060606,0.939394,point_previews/task000020_mu001024_rho100_n1.png
0.1,4096,8,license_plate_bahnschrift.ttf,CBAGJWPD6YXT0RNZL49E3HSU875KFVMQ2,0,7,0,0.085,5.059644,0.959381,1.907975,CBAGJWPDSGYXTRNZL49E3HSUS75KFVMQ2,0.121212,0.878788,point_previews/task000021_mu004096_rho010_n0.png
0.1,4096,8,license_plate_bahnschrift.ttf,CBAGJWPD6YXT0RNZL49E3HSU875KFVMQ2,0,7,1,0.085,5.059644,0.959381,1.907975,CBAGJWPDSGYXTRNZL49E3HSUS7T5KFVMQG2,0.181818,0.818182,point_previews/task000021_mu004096_rho010_n1.png
0.2,4096,8,license_plate_bahnschrift.ttf,CBAGJWPD6YXT0RNZL49E3HSU875KFVMQ2,0,7,0,0.17,7.155418,0.919759,1.349142,CBAGJWPD4YXTRNZL4APESHSUS75KFVMQ02,0.212121,0.787879,point_previews/task000021_mu004096_rho020_n0.png
0.2,4096,8,license_plate_bahnschrift.ttf,CBAGJWPD6YXT0RNZL49E3HSU875KFVMQ2,0,7,1,0.17,7.155418,0.919759,1.349142,CBAGJWPDSYXTGRNZL49E3HSUS75KFVMQ2,0.090909,0.909091,point_previews/task000021_mu004096_rho020_n1.png
0.3,4096,8,license_plate_bahnschrift.ttf,CBAGJWPD6YXT0RNZL49E3HSU875KFVMQ2,0,7,0,0.255,8.763561,0.881116,1.10157,CBAGJWPD6YXTRNZL49ESHSUS75KFVMQ2,0.090909,0.909091,point_previews/task000021_mu004096_rho030_n0.png
0.3,4096,8,license_plate_bahnschrift.ttf,CBAGJWPD6YXT0RNZL49E3HSU875KFVMQ2,0,7,1,0.255,8.763561,0.881116,1.10157,CBAGJWPD6YXTGRNZL49ESHSU875KFVMQG2,0.090909,0.909091,point_previews/task000021_mu004096_rho030_n1.png
0.4,4096,8,license_plate_bahnschrift.ttf,CBAGJWPD6YXT0RNZL49E3HSU875KFVMQ2,0,7,0,0.34,10.119289,0.843436,0.953987,CBAGJWPD4YXT0RNZL49E3HSUS75KFVMQ2,0.060606,0.939394,point_previews/task000021_mu004096_rho040_n0.png
0.4,4096,8,license_plate_bahnschrift.ttf,CBAGJWPD6YXT0RNZL49E3HSU875KFVMQ2,0,7,1,0.34,10.119289,0.843436,0.953987,CBAGJWPD4YXT0RNZL49E3SHSUS75KFVMQ2,0.090909,0.909091,point_previews/task000021_mu004096_rho040_n1.png
0.5,4096,8,license_plate_bahnschrift.ttf,CBAGJWPD6YXT0RNZL49E3HSU875KFVMQ2,0,7,0,0.425,11.313708,0.8067,0.853272,CBAGJWPD6YXTURNZL49E3HSU875KFVMQ2,0.030303,0.969697,point_previews/task000021_mu004096_rho050_n0.png
0.5,4096,8,license_plate_bahnschrift.ttf,CBAGJWPD6YXT0RNZL49E3HSU875KFVMQ2,0,7,1,0.425,11.313708,0.8067,0.853272,CBAGJWPD6YXTURNZL49E3HSU875KFVMQ2,0.030303,0.969697,point_previews/task000021_mu004096_rho050_n1.png
0.6,4096,8,license_plate_bahnschrift.ttf,CBAGJWPD6YXT0RNZL49E3HSU875KFVMQ2,0,7,0,0.51,12.393547,0.770893,0.778927,CBAGJWPD6YXTURNZL49E3HSU875KFVMQ2,0.030303,0.969697,point_previews/task000021_mu004096_rho060_n0.png
0.6,4096,8,license_plate_bahnschrift.ttf,CBAGJWPD6YXT0RNZL49E3HSU875KFVMQ2,0,7,1,0.51,12.393547,0.770893,0.778927,CBAGJWPD6YXT0RNZL49E3HSU875KFVMQ2,0.0,1.0,point_previews/task000021_mu004096_rho060_n1.png
0.7,4096,8,license_plate_bahnschrift.ttf,CBAGJWPD6YXT0RNZL49E3HSU875KFVMQ2,0,7,0,0.595,13.38656,0.735998,0.721147,CBAGJWPD6YXT0RNZL49E3SHSU875KFVMQ2,0.030303,0.969697,point_previews/task000021_mu004096_rho070_n0.png
0.7,4096,8,license_plate_bahnschrift.ttf,CBAGJWPD6YXT0RNZL49E3HSU875KFVMQ2,0,7,1,0.595,13.38656,0.735998,0.721147,CBAGJWPD6YXT0RNZL49E3HSU875KFVMQ2,0.0,1.0,point_previews/task000021_mu004096_rho070_n1.png
0.8,4096,8,license_plate_bahnschrift.ttf,CBAGJWPD6YXT0RNZL49E3HSU875KFVMQ2,0,7,0,0.68,14.310835,0.701998,0.674571,CBAGJWPD6YXT0RNZL49E3HSU875KFVMQ2,0.0,1.0,point_previews/task000021_mu004096_rho080_n0.png
0.8,4096,8,license_plate_bahnschrift.ttf,CBAGJWPD6YXT0RNZL49E3HSU875KFVMQ2,0,7,1,0.68,14.310835,0.701998,0.674571,CBAGJWPD6YXT0RNZL49E3HSU87T5KFVMQ2,0.030303,0.969697,point_previews/task000021_mu004096_rho080_n1.png
0.9,4096,8,license_plate_bahnschrift.ttf,CBAGJWPD6YXT0RNZL49E3HSU875KFVMQ2,0,7,0,0.765,15.178933,0.668877,0.635992,CBAGJWPD6YXT0RNZL49E3HSU875KFVMQ2,0.0,1.0,point_previews/task000021_mu004096_rho090_n0.png
0.9,4096,8,license_plate_bahnschrift.ttf,CBAGJWPD6YXT0RNZL49E3HSU875KFVMQ2,0,7,1,0.765,15.178933,0.668877,0.635992,CBAGJWPD6YXT0RNZL49E3HSU875KFVMQ2,0.0,1.0,point_previews/task000021_mu004096_rho090_n1.png
1.0,4096,8,license_plate_bahnschrift.ttf,CBAGJWPD6YXT0RNZL49E3HSU875KFVMQ2,0,7,0,0.85,16.0,0.63662,0.603355,CBAGJWPD6YXT0RNZL49E3HSU875KFVMQ2,0.0,1.0,point_previews/task000021_mu004096_rho100_n0.png
1.0,4096,8,license_plate_bahnschrift.ttf,CBAGJWPD6YXT0RNZL49E3HSU875KFVMQ2,0,7,1,0.85,16.0,0.63662,0.603355,CBAGJWPD6YXT0RNZL49E3HSU875KFVMQ2,0.0,1.0,point_previews/task000021_mu004096_rho100_n1.png
0.1,16384,8,license_plate_bahnschrift.ttf,CBAGJWPD6YXT0RNZL49E3HSU875KFVMQ2,0,7,0,0.085,5.059644,0.959381,1.907975,CBAGJWPDSGYXTRNZL49E3HSUS75KFVMQG2,0.151515,0.848485,point_previews/task000022_mu016384_rho010_n0.png
0.1,16384,8,license_plate_bahnschrift.ttf,CBAGJWPD6YXT0RNZL49E3HSU875KFVMQ2,0,7,1,0.085,5.059644,0.959381,1.907975,CBAGJWPDSGYXTRNZL4APE3HSUS75KFVMQG2,0.212121,0.787879,point_previews/task000022_mu016384_rho010_n1.png
0.2,16384,8,license_plate_bahnschrift.ttf,CBAGJWPD6YXT0RNZL49E3HSU875KFVMQ2,0,7,0,0.17,7.155418,0.919759,1.349142,CBAGJWPD4YXTRNZL4PESHSUS75KFVMQ02,0.181818,0.818182,point_previews/task000022_mu016384_rho020_n0.png
0.2,16384,8,license_plate_bahnschrift.ttf,CBAGJWPD6YXT0RNZL49E3HSU875KFVMQ2,0,7,1,0.17,7.155418,0.919759,1.349142,CBAGJWPD4YXTRNZL4APESHSUS75KFVMQ02,0.212121,0.787879,point_previews/task000022_mu016384_rho020_n1.png
0.3,16384,8,license_plate_bahnschrift.ttf,CBAGJWPD6YXT0RNZL49E3HSU875KFVMQ2,0,7,0,0.255,8.763561,0.881116,1.10157,CBAGJWPD4YXT0RNZL49ESHSUS75KFVMQ02,0.121212,0.878788,point_previews/task000022_mu016384_rho030_n0.png
0.3,16384,8,license_plate_bahnschrift.ttf,CBAGJWPD6YXT0RNZL49E3HSU875KFVMQ2,0,7,1,0.255,8.763561,0.881116,1.10157,CBAGJWPD4YXTURNZL49E3HSUS75KFVMQ2,0.090909,0.909091,point_previews/task000022_mu016384_rho030_n1.png
0.4,16384,8,license_plate_bahnschrift.ttf,CBAGJWPD6YXT0RNZL49E3HSU875KFVMQ2,0,7,0,0.34,10.119289,0.843436,0.953987,CBAGJWPD4YXT0RNZL49E3HSUS75KFVMQ2,0.060606,0.939394,point_previews/task000022_mu016384_rho040_n0.png
0.4,16384,8,license_plate_bahnschrift.ttf,CBAGJWPD6YXT0RNZL49E3HSU875KFVMQ2,0,7,1,0.34,10.119289,0.843436,0.953987,CBAGJWPD4YXTURNZL49E3HSUS75KFVMQ2,0.090909,0.909091,point_previews/task000022_mu016384_rho040_n1.png
0.5,16384,8,license_plate_bahnschrift.ttf,CBAGJWPD6YXT0RNZL49E3HSU875KFVMQ2,0,7,0,0.425,11.313708,0.8067,0.853272,CBAGJWPD6YXTURNZL49E3SHSU875KFVMQ2,0.060606,0.939394,point_previews/task000022_mu016384_rho050_n0.png
0.5,16384,8,license_plate_bahnschrift.ttf,CBAGJWPD6YXT0RNZL49E3HSU875KFVMQ2,0,7,1,0.425,11.313708,0.8067,0.853272,CBAGJWPD6YXT0RNZL49E3HSU875KFVMQ2,0.0,1.0,point_previews/task000022_mu016384_rho050_n1.png
0.6,16384,8,license_plate_bahnschrift.ttf,CBAGJWPD6YXT0RNZL49E3HSU875KFVMQ2,0,7,0,0.51,12.393547,0.770893,0.778927,CBAGJWPD6YXT0RNZL49E3HSU875KFVMQ2,0.0,1.0,point_previews/task000022_mu016384_rho060_n0.png
0.6,16384,8,license_plate_bahnschrift.ttf,CBAGJWPD6YXT0RNZL49E3HSU875KFVMQ2,0,7,1,0.51,12.393547,0.770893,0.778927,CBAGJWPD6YXT0RNZL49E3HSU875KFVMQ2,0.0,1.0,point_previews/task000022_mu016384_rho060_n1.png
0.7,16384,8,license_plate_bahnschrift.ttf,CBAGJWPD6YXT0RNZL49E3HSU875KFVMQ2,0,7,0,0.595,13.38656,0.735998,0.721147,CBAGJWPD6YXT0RNZL49E3HSU875KFVMQ2,0.0,1.0,point_previews/task000022_mu016384_rho070_n0.png
0.7,16384,8,license_plate_bahnschrift.ttf,CBAGJWPD6YXT0RNZL49E3HSU875KFVMQ2,0,7,1,0.595,13.38656,0.735998,0.721147,CBAGJWPD6YXT0RNZL49E3HSU875KFVMQ2,0.0,1.0,point_previews/task000022_mu016384_rho070_n1.png
0.8,16384,8,license_plate_bahnschrift.ttf,CBAGJWPD6YXT0RNZL49E3HSU875KFVMQ2,0,7,0,0.68,14.310835,0.701998,0.674571,CBAGJWPD6YXT0RNZL49E3HSU875KFVMQ2,0.0,1.0,point_previews/task000022_mu016384_rho080_n0.png
0.8,16384,8,license_plate_bahnschrift.ttf,CBAGJWPD6YXT0RNZL49E3HSU875KFVMQ2,0,7,1,0.68,14.310835,0.701998,0.674571,CBAGJWPD6YXT0RNZL49E3HSU875KFVMQ2,0.0,1.0,point_previews/task000022_mu016384_rho080_n1.png
0.9,16384,8,license_plate_bahnschrift.ttf,CBAGJWPD6YXT0RNZL49E3HSU875KFVMQ2,0,7,0,0.765,15.178933,0.668877,0.635992,CBAGJWPD6YXT0RNZL49E3HSU875KFVMQ2,0.0,1.0,point_previews/task000022_mu016384_rho090_n0.png
0.9,16384,8,license_plate_bahnschrift.ttf,CBAGJWPD6YXT0RNZL49E3HSU875KFVMQ2,0,7,1,0.765,15.178933,0.668877,0.635992,CBAGJWPD6YXT0RNZL49E3HSU875KFVMQ2,0.0,1.0,point_previews/task000022_mu016384_rho090_n1.png
1.0,16384,8,license_plate_bahnschrift.ttf,CBAGJWPD6YXT0RNZL49E3HSU875KFVMQ2,0,7,0,0.85,16.0,0.63662,0.603355,CBAGJWPD6YXT0RNZL49E3HSU875KFVMQ2,0.0,1.0,point_previews/task000022_mu016384_rho100_n0.png
1.0,16384,8,license_plate_bahnschrift.ttf,CBAGJWPD6YXT0RNZL49E3HSU875KFVMQ2,0,7,1,0.85,16.0,0.63662,0.603355,CBAGJWPD6YXT0RNZL49E3HSU875KFVMQ2,0.0,1.0,point_previews/task000022_mu016384_rho100_n1.png
0.1,65536,8,license_plate_bahnschrift.ttf,CBAGJWPD6YXT0RNZL49E3HSU875KFVMQ2,0,7,0,0.085,5.059644,0.959381,1.907975,CBAGJWPDGYXTRNZLAPESHSUST5KFVM02,0.242424,0.757576,point_previews/task000023_mu065536_rho010_n0.png
0.1,65536,8,license_plate_bahnschrift.ttf,CBAGJWPD6YXT0RNZL49E3HSU875KFVMQ2,0,7,1,0.085,5.059644,0.959381,1.907975,CBAGJWPDGYXTRNZL4APESHSUST5KFVM02,0.242424,0.757576,point_previews/task000023_mu065536_rho010_n1.png
0.2,65536,8,license_plate_bahnschrift.ttf,CBAGJWPD6YXT0RNZL49E3HSU875KFVMQ2,0,7,0,0.17,7.155418,0.919759,1.349142,CBAGJWPD4YXTRNZL4P9ESHSUS75KFVMQ02,0.181818,0.818182,point_previews/task000023_mu065536_rho020_n0.png
0.2,65536,8,license_plate_bahnschrift.ttf,CBAGJWPD6YXT0RNZL49E3HSU875KFVMQ2,0,7,1,0.17,7.155418,0.919759,1.349142,CBAGJWPD4YXTRNZL4APESHSUS75KFVMQ02,0.212121,0.787879,point_previews/task000023_mu065536_rho020_n1.png
0.3,65536,8,license_plate_bahnschrift.ttf,CBAGJWPD6YXT0RNZL49E3HSU875KFVMQ2,0,7,0,0.255,8.763561,0.881116,1.10157,CBAGJWPD4YXTURNZL49E3HSUS75KFVMQ2,0.090909,0.909091,point_previews/task000023_mu065536_rho030_n0.png
0.3,65536,8,license_plate_bahnschrift.ttf,CBAGJWPD6YXT0RNZL49E3HSU875KFVMQ2,0,7,1,0.255,8.763561,0.881116,1.10157,CBAGJWPD4YXTRNZL49E3HSUS75KFVMQ2,0.090909,0.909091,point_previews/task000023_mu065536_rho030_n1.png
0.4,65536,8,license_plate_bahnschrift.ttf,CBAGJWPD6YXT0RNZL49E3HSU875KFVMQ2,0,7,0,0.34,10.119289,0.843436,0.953987,CBAGJWPD4YXT0RNZL49E3HSUS75KFVMQ2,0.060606,0.939394,point_previews/task000023_mu065536_rho040_n0.png
0.4,65536,8,license_plate_bahnschrift.ttf,CBAGJWPD6YXT0RNZL49E3HSU875KFVMQ2,0,7,1,0.34,10.119289,0.843436,0.953987,CBAGJWPD4YXTRNZL49E3HSUS75KFVMQ2,0.090909,0.909091,point_previews/task000023_mu065536_rho040_n1.png
0.5,65536,8,license_plate_bahnschrift.ttf,CBAGJWPD6YXT0RNZL49E3HSU875KFVMQ2,0,7,0,0.425,11.313708,0.8067,0.853272,CBAGJWPD6YXTRNZL49ESHSU875KFVMQ2,0.060606,0.939394,point_previews/task000023_mu065536_rho050_n0.png
0.5,65536,8,license_plate_bahnschrift.ttf,CBAGJWPD6YXT0RNZL49E3HSU875KFVMQ2,0,7,1,0.425,11.313708,0.8067,0.853272,CBAGJWPD6YXTRNZL49ESHSU875KFVMQ2,0.060606,0.939394,point_previews/task000023_mu065536_rho050_n1.png
0.6,65536,8,license_plate_bahnschrift.ttf,CBAGJWPD6YXT0RNZL49E3HSU875KFVMQ2,0,7,0,0.51,12.393547,0.770893,0.778927,CBAGJWPD6YXT0RNZL49E3HSU875KFVMQ2,0.0,1.0,point_previews/task000023_mu065536_rho060_n0.png
0.6,65536,8,license_plate_bahnschrift.ttf,CBAGJWPD6YXT0RNZL49E3HSU875KFVMQ2,0,7,1,0.51,12.393547,0.770893,0.778927,CBAGJWPD6YXT0RNZL49E3HSU875KFVMQ2,0.0,1.0,point_previews/task000023_mu065536_rho060_n1.png
0.7,65536,8,license_plate_bahnschrift.ttf,CBAGJWPD6YXT0RNZL49E3HSU875KFVMQ2,0,7,0,0.595,13.38656,0.735998,0.721147,CBAGJWPD6YXT0RNZL49E3HSU875KFVMQ2,0.0,1.0,point_previews/task000023_mu065536_rho070_n0.png
0.7,65536,8,license_plate_bahnschrift.ttf,CBAGJWPD6YXT0RNZL49E3HSU875KFVMQ2,0,7,1,0.595,13.38656,0.735998,0.721147,CBAGJWPD6YXT0RNZL49E3SHSU875KFVMQ2,0.030303,0.969697,point_previews/task000023_mu065536_rho070_n1.png
0.8,65536,8,license_plate_bahnschrift.ttf,CBAGJWPD6YXT0RNZL49E3HSU875KFVMQ2,0,7,0,0.68,14.310835,0.701998,0.674571,CBAGJWPD6YXT0RNZL49E3HSU875KFVMQ2,0.0,1.0,point_previews/task000023_mu065536_rho080_n0.png
0.8,65536,8,license_plate_bahnschrift.ttf,CBAGJWPD6YXT0RNZL49E3HSU875KFVMQ2,0,7,1,0.68,14.310835,0.701998,0.674571,CBAGJWPD6YXT0RNZL49E3HSU875KFVMQ2,0.0,1.0,point_previews/task000023_mu065536_rho080_n1.png
0.9,65536,8,license_plate_bahnschrift.ttf,CBAGJWPD6YXT0RNZL49E3HSU875KFVMQ2,0,7,0,0.765,15.178933,0.668877,0.635992,CBAGJWPD6YXT0RNZL49E3HSU875KFVMQ2,0.0,1.0,point_previews/task000023_mu065536_rho090_n0.png
0.9,65536,8,license_plate_bahnschrift.ttf,CBAGJWPD6YXT0RNZL49E3HSU875KFVMQ2,0,7,1,0.765,15.178933,0.668877,0.635992,CBAGJWPD6YXT0RNZL49E3HSU875KFVMQ2,0.0,1.0,point_previews/task000023_mu065536_rho090_n1.png
1.0,65536,8,license_plate_bahnschrift.ttf,CBAGJWPD6YXT0RNZL49E3HSU875KFVMQ2,0,7,0,0.85,16.0,0.63662,0.603355,CBAGJWPD6YXT0RNZL49E3HSU875KFVMQ2,0.0,1.0,point_previews/task000023_mu065536_rho100_n0.png
1.0,65536,8,license_plate_bahnschrift.ttf,CBAGJWPD6YXT0RNZL49E3HSU875KFVMQ2,0,7,1,0.85,16.0,0.63662,0.603355,CBAGJWPD6YXT0RNZL49E3HSU875KFVMQ2,0.0,1.0,point_previews/task000023_mu065536_rho100_n1.png
0.1,4,8,license_plate_bahnschrift.ttf,CBAGJWPD6YXT0RNZL49E3HSU875KFVMQ2,0,11,0,0.085,5.059644,0.959381,1.907975,PASSES,0.909091,0.090909,point_previews/task000024_mu000004_rho010_n0.png
0.1,4,8,license_plate_bahnschrift.ttf,CBAGJWPD6YXT0RNZL49E3HSU875KFVMQ2,0,11,1,0.085,5.059644,0.959381,1.907975,RREASERENNSGRANM,0.878788,0.121212,point_previews/task000024_mu000004_rho010_n1.png
0.2,4,8,license_plate_bahnschrift.ttf,CBAGJWPD6YXT0RNZL49E3HSU875KFVMQ2,0,11,0,0.17,7.155418,0.919759,1.349142,SEACNAERALEMSEEVERTKE,0.848485,0.151515,point_previews/task000024_mu000004_rho020_n0.png
0.2,4,8,license_plate_bahnschrift.ttf,CBAGJWPD6YXT0RNZL49E3HSU875KFVMQ2,0,11,1,0.17,7.155418,0.919759,1.349142,ARAMREPARRGTY,0.909091,0.090909,point_previews/task000024_mu000004_rho020_n1.png
0.3,4,8,license_plate_bahnschrift.ttf,CBAGJWPD6YXT0RNZL49E3HSU875KFVMQ2,0,11,0,0.255,8.763561,0.881116,1.10157,BSBAENBBRFNGCRLMRL,0.878788,0.121212,point_previews/task000024_mu000004_rho030_n0.png
0.3,4,8,license_plate_bahnschrift.ttf,CBAGJWPD6YXT0RNZL49E3HSU875KFVMQ2,0,11,1,0.255,8.763561,0.881116,1.10157,EYRNENENSLRNN,0.848485,0.151515,point_previews/task000024_mu000004_rho030_n1.png
0.4,4,8,license_plate_bahnschrift.ttf,CBAGJWPD6YXT0RNZL49E3HSU875KFVMQ2,0,11,0,0.34,10.119289,0.843436,0.953987,WGMNSARDKUCPTAP,0.909091,0.090909,point_previews/task000024_mu000004_rho040_n0.png
0.4,4,8,license_plate_bahnschrift.ttf,CBAGJWPD6YXT0RNZL49E3HSU875KFVMQ2,0,11,1,0.34,10.119289,0.843436,0.953987,,1.0,0.0,point_previews/task000024_mu000004_rho040_n1.png
0.5,4,8,license_plate_bahnschrift.ttf,CBAGJWPD6YXT0RNZL49E3HSU875KFVMQ2,0,11,0,0.425,11.313708,0.8067,0.853272,TAETRGBTNSSMAPARD,0.878788,0.121212,point_previews/task000024_mu000004_rho050_n0.png
0.5,4,8,license_plate_bahnschrift.ttf,CBAGJWPD6YXT0RNZL49E3HSU875KFVMQ2,0,11,1,0.425,11.313708,0.8067,0.853272,EPRYSTGERELAAL,0.878788,0.121212,point_previews/task000024_mu000004_rho050_n1.png
0.6,4,8,license_plate_bahnschrift.ttf,CBAGJWPD6YXT0RNZL49E3HSU875KFVMQ2,0,11,0,0.51,12.393547,0.770893,0.778927,,1.0,0.0,point_previews/task000024_mu000004_rho060_n0.png
0.6,4,8,license_plate_bahnschrift.ttf,CBAGJWPD6YXT0RNZL49E3HSU875KFVMQ2,0,11,1,0.51,12.393547,0.770893,0.778927,PNALNSRLECCSTS,0.848485,0.151515,point_previews/task000024_mu000004_rho060_n1.png
0.7,4,8,license_plate_bahnschrift.ttf,CBAGJWPD6YXT0RNZL49E3HSU875KFVMQ2,0,11,0,0.595,13.38656,0.735998,0.721147,SRRRSSTAMRECRY,0.939394,0.060606,point_previews/task000024_mu000004_rho070_n0.png
0.7,4,8,license_plate_bahnschrift.ttf,CBAGJWPD6YXT0RNZL49E3HSU875KFVMQ2,0,11,1,0.595,13.38656,0.735998,0.721147,,1.0,0.0,point_previews/task000024_mu000004_rho070_n1.png
0.8,4,8,license_plate_bahnschrift.ttf,CBAGJWPD6YXT0RNZL49E3HSU875KFVMQ2,0,11,0,0.68,14.310835,0.701998,0.674571,LEBEGWEYCHELDRCPUESDERUMERGS,0.848485,0.151515,point_previews/task000024_mu000004_rho080_n0.png
0.8,4,8,license_plate_bahnschrift.ttf,CBAGJWPD6YXT0RNZL49E3HSU875KFVMQ2,0,11,1,0.68,14.310835,0.701998,0.674571,PPRENSHEESRTHRE,0.878788,0.121212,point_previews/task000024_mu000004_rho080_n1.png
0.9,4,8,license_plate_bahnschrift.ttf,CBAGJWPD6YXT0RNZL49E3HSU875KFVMQ2,0,11,0,0.765,15.178933,0.668877,0.635992,SARAVTNRRTUSGRS,0.878788,0.121212,point_previews/task000024_mu000004_rho090_n0.png
0.9,4,8,license_plate_bahnschrift.ttf,CBAGJWPD6YXT0RNZL49E3HSU875KFVMQ2,0,11,1,0.765,15.178933,0.668877,0.635992,SBNYSDMEGAASSCRERE,0.909091,0.090909,point_previews/task000024_mu000004_rho090_n1.png
1.0,4,8,license_plate_bahnschrift.ttf,CBAGJWPD6YXT0RNZL49E3HSU875KFVMQ2,0,11,0,0.85,16.0,0.63662,0.603355,ERERLYUGRRRSGUR,0.909091,0.090909,point_previews/task000024_mu000004_rho100_n0.png
1.0,4,8,license_plate_bahnschrift.ttf,CBAGJWPD6YXT0RNZL49E3HSU875KFVMQ2,0,11,1,0.85,16.0,0.63662,0.603355,PSRCTSMGEAP,0.909091,0.090909,point_previews/task000024_mu000004_rho100_n1.png
0.1,16,8,license_plate_bahnschrift.ttf,CBAGJWPD6YXT0RNZL49E3HSU875KFVMQ2,0,11,0,0.085,5.059644,0.959381,1.907975,,1.0,0.0,point_previews/task000025_mu000016_rho010_n0.png
0.1,16,8,license_plate_bahnschrift.ttf,CBAGJWPD6YXT0RNZL49E3HSU875KFVMQ2,0,11,1,0.085,5.059644,0.959381,1.907975,AHEBTACPUMTAMNTE,0.909091,0.090909,point_previews/task000025_mu000016_rho010_n1.png
0.2,16,8,license_plate_bahnschrift.ttf,CBAGJWPD6YXT0RNZL49E3HSU875KFVMQ2,0,11,0,0.17,7.155418,0.919759,1.349142,PRTERLNETDMRRSURPRRE,0.848485,0.151515,point_previews/task000025_mu000016_rho020_n0.png
0.2,16,8,license_plate_bahnschrift.ttf,CBAGJWPD6YXT0RNZL49E3HSU875KFVMQ2,0,11,1,0.17,7.155418,0.919759,1.349142,,1.0,0.0,point_previews/task000025_mu000016_rho020_n1.png
0.3,16,8,license_plate_bahnschrift.ttf,CBAGJWPD6YXT0RNZL49E3HSU875KFVMQ2,0,11,0,0.255,8.763561,0.881116,1.10157,SGWPUBYSTURRELSCSHRTKRVMAE,0.666667,0.333333,point_previews/task000025_mu000016_rho030_n0.png
0.3,16,8,license_plate_bahnschrift.ttf,CBAGJWPD6YXT0RNZL49E3HSU875KFVMQ2,0,11,1,0.255,8.763561,0.881116,1.10157,CSESPEDDSTRENLETACRSTTRERMGY,0.787879,0.212121,point_previews/task000025_mu000016_rho030_n1.png
0.4,16,8,license_plate_bahnschrift.ttf,CBAGJWPD6YXT0RNZL49E3HSU875KFVMQ2,0,11,0,0.34,10.119289,0.843436,0.953987,,1.0,0.0,point_previews/task000025_mu000016_rho040_n0.png
0.4,16,8,license_plate_bahnschrift.ttf,CBAGJWPD6YXT0RNZL49E3HSU875KFVMQ2,0,11,1,0.34,10.119289,0.843436,0.953987,SCANGNUPHAYSTGRWAGEHSUSTAKEVL,0.666667,0.333333,point_previews/task000025_mu000016_rho040_n1.png
0.5,16,8,license_plate_bahnschrift.ttf,CBAGJWPD6YXT0RNZL49E3HSU875KFVMQ2,0,11,0,0.425,11.313708,0.8067,0.853272,CBABSWADBYATURNZEASESHSUBTSRER,0.575758,0.424242,point_previews/task000025_mu000016_rho050_n0.png
0.5,16,8,license_plate_bahnschrift.ttf,CBAGJWPD6YXT0RNZL49E3HSU875KFVMQ2,0,11,1,0.425,11.313708,0.8067,0.853272,CRAGLNEG6YXTURRELRRSHSUSZSKEVNG2,0.545455,0.454545,point_previews/task000025_mu000016_rho050_n1.png
0.6,16,8,license_plate_bahnschrift.ttf,CBAGJWPD6YXT0RNZL49E3HSU875KFVMQ2,0,11,0,0.51,12.393547,0.770893,0.778927,DRAGJWPDSYRTERNZSESHSURTSKEVMG2,0.424242,0.575758,point_previews/task000025_mu000016_rho060_n0.png
0.6,16,8,license_plate_bahnschrift.ttf,CBAGJWPD6YXT0RNZL49E3HSU875KFVMQ2,0,11,1,0.51,12.393547,0.770893,0.778927,CEAGJWRRSYXTHRNZES7RASUSTSKEVMD,0.515152,0.484848,point_previews/task000025_mu000016_rho060_n1.png
0.7,16,8,license_plate_bahnschrift.ttf,CBAGJWPD6YXT0RNZL49E3HSU875KFVMQ2,0,11,0,0.595,13.38656,0.735998,0.721147,LRRGNPDBYXTDRNTE4762HSUS7SKEVMGR,0.515152,0.484848,point_previews/task000025_mu000016_rho070_n0.png
0.7,16,8,license_plate_bahnschrift.ttf,CBAGJWPD6YXT0RNZL49E3HSU875KFVMQ2,0,11,1,0.595,13.38656,0.735998,0.721147,CRAGWFDSYRTARNZY9ESSSUSTSKEVMQD,0.454545,0.545455,point_previews/task000025_mu000016_rho070_n1.png
0.8,16,8,license_plate_bahnschrift.ttf,CBAGJWPD6YXT0RNZL49E3HSU875KFVMQ2,0,11,0,0.68,14.310835,0.701998,0.674571,CRAGWEHVXTGRNZLASESHSUSTSKRVMGP,0.484848,0.515152,point_previews/task000025_mu000016_rho080_n0.png
0.8,16,8,license_plate_bahnschrift.ttf,CBAGJWPD6YXT0RNZL49E3HSU875KFVMQ2,0,11,1,0.68,14.310835,0.701998,0.674571,CRAGUMPDSYXTGRNZLATESHSURTSHEYNGD,0.515152,0.484848,point_previews/task000025_mu000016_rho080_n1.png
0.9,16,8,license_plate_bahnschrift.ttf,CBAGJWPD6YXT0RNZL49E3HSU875KFVMQ2,0,11,0,0.765,15.178933,0.668877,0.635992,,1.0,0.0,point_previews/task000025_mu000016_rho090_n0.png
0.9,16,8,license_plate_bahnschrift.ttf,CBAGJWPD6YXT0RNZL49E3HSU875KFVMQ2,0,11,1,0.765,15.178933,0.668877,0.635992,CBAGJMPDSYXTRNZES9ESHSUBTSKEYMGD,0.393939,0.606061,point_previews/task000025_mu000016_rho090_n1.png
1.0,16,8,license_plate_bahnschrift.ttf,CBAGJWPD6YXT0RNZL49E3HSU875KFVMQ2,0,11,0,0.85,16.0,0.63662,0.603355,,1.0,0.0,point_previews/task000025_mu000016_rho100_n0.png
1.0,16,8,license_plate_bahnschrift.ttf,CBAGJWPD6YXT0RNZL49E3HSU875KFVMQ2,0,11,1,0.85,16.0,0.63662,0.603355,CBAGWEDSYXTURNZLAPESHSUSTSKFVMAZ,0.363636,0.636364,point_previews/task000025_mu000016_rho100_n1.png
0.1,64,8,license_plate_bahnschrift.ttf,CBAGJWPD6YXT0RNZL49E3HSU875KFVMQ2,0,11,0,0.085,5.059644,0.959381,1.907975,GAAEHHPDSYTURNZESAESHSURTSKEVU,0.575758,0.424242,point_previews/task000026_mu000064_rho010_n0.png
0.1,64,8,license_plate_bahnschrift.ttf,CBAGJWPD6YXT0RNZL49E3HSU875KFVMQ2,0,11,1,0.085,5.059644,0.959381,1.907975,EBSGTNEDAYRTURNZEASESHSUSTSEENE2,0.606061,0.393939,point_previews/task000026_mu000064_rho010_n1.png
0.2,64,8,license_plate_bahnschrift.ttf,CBAGJWPD6YXT0RNZL49E3HSU875KFVMQ2,0,11,0,0.17,7.155418,0.919759,1.349142,,1.0,0.0,point_previews/task000026_mu000064_rho020_n0.png
0.2,64,8,license_plate_bahnschrift.ttf,CBAGJWPD6YXT0RNZL49E3HSU875KFVMQ2,0,11,1,0.17,7.155418,0.919759,1.349142,,1.0,0.0,point_previews/task000026_mu000064_rho020_n1.png
0.3,64,8,license_plate_bahnschrift.ttf,CBAGJWPD6YXT0RNZL49E3HSU875KFVMQ2,0,11,0,0.255,8.763561,0.881116,1.10157,,1.0,0.0,point_previews/task000026_mu000064_rho030_n0.png
0.3,64,8,license_plate_bahnschrift.ttf,CBAGJWPD6YXT0RNZL49E3HSU875KFVMQ2,0,11,1,0.255,8.763561,0.881116,1.10157,GBAGJNPDSYXTRNZE49ESHSU87SKEYMGZ,0.333333,0.666667,point_previews/task000026_mu000064_rho030_n1.png
0.4,64,8,license_plate_bahnschrift.ttf,CBAGJWPD6YXT0RNZL49E3HSU875KFVMQ2,0,11,0,0.34,10.119289,0.843436,0.953987,CBAGJWPD6YXTURNZLAPESHSUBT5KEVMQ2,0.212121,0.787879,point_previews/task000026_mu000064_rho040_n0.png
0.4,64,8,license_plate_bahnschrift.ttf,CBAGJWPD6YXT0RNZL49E3HSU875KFVMQ2,0,11,1,0.34,10.119289,0.843436,0.953987,CBAGJWPDSYXTURNZL4FE3HSU875KFYMGZ,0.181818,0.818182,point_previews/task000026_mu000064_rho040_n1.png
0.5,64,8,license_plate_bahnschrift.ttf,CBAGJWPD6YXT0RNZL49E3HSU875KFVMQ2,0,11,0,0.425,11.313708,0.8067,0.853272,CEAGJNPDSYXTURNZLA9ESHSUBTSKFYMQ2,0.30303,0.69697,point_previews/task000026_mu000064_rho050_n0.png
0.5,64,8,license_plate_bahnschrift.ttf,CBAGJWPD6YXT0RNZL49E3HSU875KFVMQ2,0,11,1,0.425,11.313708,0.8067,0.853272,CBAGJWPD6YXTRNZLASE3HSUSTSKFYMQ2,0.212121,0.787879,point_previews/task000026_mu000064_rho050_n1.png
0.6,64,8,license_plate_bahnschrift.ttf,CBAGJWPD6YXT0RNZL49E3HSU875KFVMQ2,0,11,0,0.51,12.393547,0.770893,0.778927,CBAGUWPD6YXTRNZLS9ESHSUBTSKFYMG2,0.272727,0.727273,point_previews/task000026_mu000064_rho060_n0.png
0.6,64,8,license_plate_bahnschrift.ttf,CBAGJWPD6YXT0RNZL49E3HSU875KFVMQ2,0,11,1,0.51,12.393547,0.770893,0.778927,CBAGJWPDSYXTURNZL49E3HSU8S75KFYMQ2,0.121212,0.878788,point_previews/task000026_mu000064_rho060_n1.png
0.7,64,8,license_plate_bahnschrift.ttf,CBAGJWPD6YXT0RNZL49E3HSU875KFVMQ2,0,11,0,0.595,13.38656,0.735998,0.721147,CBAGJWPDEYXTURNZL49ESHSUB75KFVMQG2,0.151515,0.848485,point_previews/task000026_mu000064_rho070_n0.png
0.7,64,8,license_plate_bahnschrift.ttf,CBAGJWPD6YXT0RNZL49E3HSU875KFVMQ2,0,11,1,0.595,13.38656,0.735998,0.721147,CBAGJWPD6YXTURNZLA9ESHSUSTHKFVMQ2,0.181818,0.818182,point_previews/task000026_mu000064_rho070_n1.png
0.8,64,8,license_plate_bahnschrift.ttf,CBAGJWPD6YXT0RNZL49E3HSU875KFVMQ2,0,11,0,0.68,14.310835,0.701998,0.674571,CBAGJWPDS6YXTERNZLA9ESHSUSTSKFYMQ2,0.242424,0.757576,point_previews/task000026_mu000064_rho080_n0.png
0.8,64,8,license_plate_bahnschrift.ttf,CBAGJWPD6YXT0RNZL49E3HSU875KFVMQ2,0,11,1,0.68,14.310835,0.701998,0.674571,CBAGJWPD6YXT0RNZLG9ESHSUS7SKFYMQG2,0.181818,0.818182,point_previews/task000026_mu000064_rho080_n1.png
0.9,64,8,license_plate_bahnschrift.ttf,CBAGJWPD6YXT0RNZL49E3HSU875KFVMQ2,0,11,0,0.765,15.178933,0.668877,0.635992,CBAGJWPD6YXTURNZL47ES3HSUB7TSKFVMQ2,0.181818,0.818182,point_previews/task000026_mu000064_rho090_n0.png
0.9,64,8,license_plate_bahnschrift.ttf,CBAGJWPD6YXT0RNZL49E3HSU875KFVMQ2,0,11,1,0.765,15.178933,0.668877,0.635992,CBAGJWPD6YXTERNZLSSESHSUSTSKFVMG2,0.242424,0.757576,point_previews/task000026_mu000064_rho090_n1.png
1.0,64,8,license_plate_bahnschrift.ttf,CBAGJWPD6YXT0RNZL49E3HSU875KFVMQ2,0,11,0,0.85,16.0,0.63662,0.603355,CBAGJWPD6YXT0RNZL49E3HSUS75KFYMQ2,0.060606,0.939394,point_previews/task000026_mu000064_rho100_n0.png
1.0,64,8,license_plate_bahnschrift.ttf,CBAGJWPD6YXT0RNZL49E3HSU875KFVMQ2,0,11,1,0.85,16.0,0.63662,0.603355,CBAGJWPD6YXTRNZL49ESHSUB875KFVMQ2,0.090909,0.909091,point_previews/task000026_mu000064_rho100_n1.png
0.1,256,8,license_plate_bahnschrift.ttf,CBAGJWPD6YXT0RNZL49E3HSU875KFVMQ2,0,11,0,0.085,5.059644,0.959381,1.907975,CBAGJWPDGYXTURNZLASESHSUS75KFYMG2,0.242424,0.757576,point_previews/task000027_mu000256_rho010_n0.png
0.1,256,8,license_plate_bahnschrift.ttf,CBAGJWPD6YXT0RNZL49E3HSU875KFVMQ2,0,11,1,0.085,5.059644,0.959381,1.907975,CBAGJWPNSYXTDRNZLASESHSUS7SKEVMQ2,0.272727,0.727273,point_previews/task000027_mu000256_rho010_n1.png
0.2,256,8,license_plate_bahnschrift.ttf,CBAGJWPD6YXT0RNZL49E3HSU875KFVMQ2,0,11,0,0.17,7.155418,0.919759,1.349142,CBAGJWPU6YXTURNZL49E3HSU875KFVM2,0.090909,0.909091,point_previews/task000027_mu000256_rho020_n0.png
0.2,256,8,license_plate_bahnschrift.ttf,CBAGJWPD6YXT0RNZL49E3HSU875KFVMQ2,0,11,1,0.17,7.155418,0.919759,1.349142,CBAGJWPDSYXTURNZLSSE3HSUBTSKFYMQ2,0.242424,0.757576,point_previews/task000027_mu000256_rho020_n1.png
0.3,256,8,license_plate_bahnschrift.ttf,CBAGJWPD6YXT0RNZL49E3HSU875KFVMQ2,0,11,0,0.255,8.763561,0.881116,1.10157,CBAGJWPDSYXTURNZL4ESHSUBTSKFYMQ2,0.242424,0.757576,point_previews/task000027_mu000256_rho030_n0.png
0.3,256,8,license_plate_bahnschrift.ttf,CBAGJWPD6YXT0RNZL49E3HSU875KFVMQ2,0,11,1,0.255,8.763561,0.881116,1.10157,CBAGJWPD6YXTURNZL4SFESHSUS7SKFYMG2,0.242424,0.757576,point_previews/task000027_mu000256_rho030_n1.png
0.4,256,8,license_plate_bahnschrift.ttf,CBAGJWPD6YXT0RNZL49E3HSU875KFVMQ2,0,11,0,0.34,10.119289,0.843436,0.953987,CBAGJWPD6YATERNZL4FESHSUS7TSKFYMQ2,0.242424,0.757576,point_previews/task000027_mu000256_rho040_n0.png
0.4,256,8,license_plate_bahnschrift.ttf,CBAGJWPD6YXT0RNZL49E3HSU875KFVMQ2,0,11,1,0.34,10.119289,0.843436,0.953987,CBAGJWPDS6YXTRNZL49ESHSUS875KFYMQ2,0.151515,0.848485,point_previews/task000027_mu000256_rho040_n1.png
0.5,256,8,license_plate_bahnschrift.ttf,CBAGJWPD6YXT0RNZL49E3HSU875KFVMQ2,0,11,0,0.425,11.313708,0.8067,0.853272,CBAGJWPD6YXTERNZL4PESHSUSTSKFVMQ2,0.181818,0.818182,point_previews/task000027_mu000256_rho050_n0.png
0.5,256,8,license_plate_bahnschrift.ttf,CBAGJWPD6YXT0RNZL49E3HSU875KFVMQ2,0,11,1,0.425,11.313708,0.8067,0.853272,CBAGJWPD6YXTRNZL4VESHSUS7SKFYVMQG2,0.212121,0.787879,point_previews/task000027_mu000256_rho050_n1.png
0.6,256,8,license_plate_bahnschrift.ttf,CBAGJWPD6YXT0RNZL49E3HSU875KFVMQ2,0,11,0,0.51,12.393547,0.770893,0.778927,CBAGJWPD6YXTRNZL4PESHSU87SKFVMQ2,0.121212,0.878788,point_previews/task000027_mu000256_rho060_n0.png
0.6,256,8,license_plate_bahnschrift.ttf,CBAGJWPD6YXT0RNZL49E3HSU875KFVMQ2,0,11,1,0.51,12.393547,0.770893,0.778927,CBAGJWPD6YXTERNZL4PESHSUS7TSKFVMQ2,0.181818,0.818182,point_previews/task000027_mu000256_rho060_n1.png
0.7,256,8,license_plate_bahnschrift.ttf,CBAGJWPD6YXT0RNZL49E3HSU875KFVMQ2,0,11,0,0.595,13.38656,0.735998,0.721147,CBAGJWPD6YXT0RNZL49ESHSUS875KFVMQ2,0.060606,0.939394,point_previews/task000027_mu000256_rho070_n0.png
0.7,256,8,license_plate_bahnschrift.ttf,CBAGJWPD6YXT0RNZL49E3HSU875KFVMQ2,0,11,1,0.595,13.38656,0.735998,0.721147,CBAGJWPD6YXT0RNZL49ESHSU875SKFVMQ2,0.060606,0.939394,point_previews/task000027_mu000256_rho070_n1.png
0.8,256,8,license_plate_bahnschrift.ttf,CBAGJWPD6YXT0RNZL49E3HSU875KFVMQ2,0,11,0,0.68,14.310835,0.701998,0.674571,CBAGJWPD6YXTRNZL4PESHSUSTSKFVMQ2,0.181818,0.818182,point_previews/task000027_mu000256_rho080_n0.png
0.8,256,8,license_plate_bahnschrift.ttf,CBAGJWPD6YXT0RNZL49E3HSU875KFVMQ2,0,11,1,0.68,14.310835,0.701998,0.674571,CBAGJWPD6YXT0RNZL49ESHSUBS7TSKFVMQG2,0.181818,0.818182,point_previews/task000027_mu000256_rho080_n1.png
0.9,256,8,license_plate_bahnschrift.ttf,CBAGJWPD6YXT0RNZL49E3HSU875KFVMQ2,0,11,0,0.765,15.178933,0.668877,0.635992,CBAGJWPD6YXTU0RNZL49ESHSUB75SKFVMQ2,0.121212,0.878788,point_previews/task000027_mu000256_rho090_n0.png
0.9,256,8,license_plate_bahnschrift.ttf,CBAGJWPD6YXT0RNZL49E3HSU875KFVMQ2,0,11,1,0.765,15.178933,0.668877,0.635992,CBAGJWPD6YXT0RNZL49ESHSUB7TSKFVMQ2,0.121212,0.878788,point_previews/task000027_mu000256_rho090_n1.png
1.0,256,8,license_plate_bahnschrift.ttf,CBAGJWPD6YXT0RNZL49E3HSU875KFVMQ2,0,11,0,0.85,16.0,0.63662,0.603355,CBAGJWPD6YXT0RNZL4PE3HSUS87SKFVMQ2,0.090909,0.909091,point_previews/task000027_mu000256_rho100_n0.png
1.0,256,8,license_plate_bahnschrift.ttf,CBAGJWPD6YXT0RNZL49E3HSU875KFVMQ2,0,11,1,0.85,16.0,0.63662,0.603355,CBAGJWPD6YXT0RNZL49E3HSUSTSKFVMQ2,0.090909,0.909091,point_previews/task000027_mu000256_rho100_n1.png
0.1,1024,8,license_plate_bahnschrift.ttf,CBAGJWPD6YXT0RNZL49E3HSU875KFVMQ2,0,11,0,0.085,5.059644,0.959381,1.907975,CBAGJWPDSGYXTURNZLAPESHSUS7TSKFVMQ2,0.272727,0.727273,point_previews/task000028_mu001024_rho010_n0.png
0.1,1024,8,license_plate_bahnschrift.ttf,CBAGJWPD6YXT0RNZL49E3HSU875KFVMQ2,0,11,1,0.085,5.059644,0.959381,1.907975,CBAGJWPD6YXTRNZL49ESHSUB75KFYMQ2,0.121212,0.878788,point_previews/task000028_mu001024_rho010_n1.png
0.2,1024,8,license_plate_bahnschrift.ttf,CBAGJWPD6YXT0RNZL49E3HSU875KFVMQ2,0,11,0,0.17,7.155418,0.919759,1.349142,CBAGJWPD6YXTRNZL4S9ESHSUS75SKFYMQ2,0.181818,0.818182,point_previews/task000028_mu001024_rho020_n0.png
0.2,1024,8,license_plate_bahnschrift.ttf,CBAGJWPD6YXT0RNZL49E3HSU875KFVMQ2,0,11,1,0.17,7.155418,0.919759,1.349142,CBAGJWPDS6YXTURNZL49ESHSUS75KFYMQ2,0.151515,0.848485,point_previews/task000028_mu001024_rho020_n1.png
0.3,1024,8,license_plate_bahnschrift.ttf,CBAGJWPD6YXT0RNZL49E3HSU875KFVMQ2,0,11,0,0.255,8.763561,0.881116,1.10157,CBAGJWPD6YXTRNZL4PESHSUS7TSKFYVMQ2,0.212121,0.787879,point_previews/task000028_mu001024_rho030_n0.png
0.3,1024,8,license_plate_bahnschrift.ttf,CBAGJWPD6YXT0RNZL49E3HSU875KFVMQ2,0,11,1,0.255,8.763561,0.881116,1.10157,CBAGJWPDS6YXTURNZL49ESHSUS875KFVMQ2,0.121212,0.878788,point_previews/task000028_mu001024_rho030_n1.png
0.4,1024,8,license_plate_bahnschrift.ttf,CBAGJWPD6YXT0RNZL49E3HSU875KFVMQ2,0,11,0,0.34,10.119289,0.843436,0.953987,CBAGJWPD6YXTURNZL49ESHSUS75SKFVMQ2,0.121212,0.878788,point_previews/task000028_mu001024_rho040_n0.png
0.4,1024,8,license_plate_bahnschrift.ttf,CBAGJWPD6YXT0RNZL49E3HSU875KFVMQ2,0,11,1,0.34,10.119289,0.843436,0.953987,CBAGJWPD6YXT0RNZL49ESHSUS87SKFYMQ2,0.121212,0.878788,point_previews/task000028_mu001024_rho040_n1.png
0.5,1024,8,license_plate_bahnschrift.ttf,CBAGJWPD6YXT0RNZL49E3HSU875KFVMQ2,0,11,0,0.425,11.313708,0.8067,0.853272,CBAGJWPD6YXT0RNZL49ESHSUS7TSKFVMQ2,0.121212,0.878788,point_previews/task000028_mu001024_rho050_n0.png
0.5,1024,8,license_plate_bahnschrift.ttf,CBAGJWPD6YXT0RNZL49E3HSU875KFVMQ2,0,11,1,0.425,11.313708,0.8067,0.853272,CBAGJWPD6YXT0RNZL4SPESHSUS7TSKFYVMQ2,0.212121,0.787879,point_previews/task000028_mu001024_rho050_n1.png
0.6,1024,8,license_plate_bahnschrift.ttf,CBAGJWPD6YXT0RNZL49E3HSU875KFVMQ2,0,11,0,0.51,12.393547,0.770893,0.778927,CBAGJWPD6YXT0RNZL49ESHSUS75SKFVMQ2,0.090909,0.909091,point_previews/task000028_mu001024_rho060_n0.png
0.6,1024,8,license_plate_bahnschrift.ttf,CBAGJWPD6YXT0RNZL49E3HSU875KFVMQ2,0,11,1,0.51,12.393547,0.770893,0.778927,CBAGJWPD6YXT0RNZL49ESHSUS75KFVMQ2,0.060606,0.939394,point_previews/task000028_mu001024_rho060_n1.png
0.7,1024,8,license_plate_bahnschrift.ttf,CBAGJWPD6YXT0RNZL49E3HSU875KFVMQ2,0,11,0,0.595,13.38656,0.735998,0.721147,CBAGJWPD6YXT0RNZL49ESHSU875SKFVMQ2,0.060606,0.939394,point_previews/task000028_mu001024_rho070_n0.png
0.7,1024,8,license_plate_bahnschrift.ttf,CBAGJWPD6YXT0RNZL49E3HSU875KFVMQ2,0,11,1,0.595,13.38656,0.735998,0.721147,CBAGJWPD6YXT0RNZL4PESHSUS7TSKFVMQ2,0.151515,0.848485,point_previews/task000028_mu001024_rho070_n1.png
0.8,1024,8,license_plate_bahnschrift.ttf,CBAGJWPD6YXT0RNZL49E3HSU875KFVMQ2,0,11,0,0.68,14.310835,0.701998,0.674571,CBAGJWPD6YXT0RNZL49ESHSUS7SKFVMQ2,0.090909,0.909091,point_previews/task000028_mu001024_rho080_n0.png
0.8,1024,8,license_plate_bahnschrift.ttf,CBAGJWPD6YXT0RNZL49E3HSU875KFVMQ2,0,11,1,0.68,14.310835,0.701998,0.674571,CBAGJWPD6YXT0RNZL49E3SHSU87TSKFVMQ2,0.090909,0.909091,point_previews/task000028_mu001024_rho080_n1.png
0.9,1024,8,license_plate_bahnschrift.ttf,CBAGJWPD6YXT0RNZL49E3HSU875KFVMQ2,0,11,0,0.765,15.178933,0.668877,0.635992,CBAGJWPD6YXT0RNZL49E3HSUS87T5SKFVMQ2,0.090909,0.909091,point_previews/task000028_mu001024_rho090_n0.png
0.9,1024,8,license_plate_bahnschrift.ttf,CBAGJWPD6YXT0RNZL49E3HSU875KFVMQ2,0,11,1,0.765,15.178933,0.668877,0.635992,CBAGJWPD6YXT0RNZL49ESHSU875SKFVMQ2,0.060606,0.939394,point_previews/task000028_mu001024_rho090_n1.png
1.0,1024,8,license_plate_bahnschrift.ttf,CBAGJWPD6YXT0RNZL49E3HSU875KFVMQ2,0,11,0,0.85,16.0,0.63662,0.603355,CBAGJWPD6YXT0RNZL49ESHSU875SKFVMQ2,0.060606,0.939394,point_previews/task000028_mu001024_rho100_n0.png
1.0,1024,8,license_plate_bahnschrift.ttf,CBAGJWPD6YXT0RNZL49E3HSU875KFVMQ2,0,11,1,0.85,16.0,0.63662,0.603355,CBAGJWPD6YXT0RNZL49ESHSU87SKFVMQ2,0.060606,0.939394,point_previews/task000028_mu001024_rho100_n1.png
0.1,4096,8,license_plate_bahnschrift.ttf,CBAGJWPD6YXT0RNZL49E3HSU875KFVMQ2,0,11,0,0.085,5.059644,0.959381,1.907975,CBAGJWPD6YATURNZL4S9ESHSUB75KFYVMQG2,0.212121,0.787879,point_previews/task000029_mu004096_rho010_n0.png
0.1,4096,8,license_plate_bahnschrift.ttf,CBAGJWPD6YXT0RNZL49E3HSU875KFVMQ2,0,11,1,0.085,5.059644,0.959381,1.907975,CBAGJWPD6YXTURNZL49ESHSUB875SKFYMQ2,0.151515,0.848485,point_previews/task000029_mu004096_rho010_n1.png
0.2,4096,8,license_plate_bahnschrift.ttf,CBAGJWPD6YXT0RNZL49E3HSU875KFVMQ2,0,11,0,0.17,7.155418,0.919759,1.349142,CBAGJWPD6YATURNZL49ESHSUB875KFVMQ2,0.121212,0.878788,point_previews/task000029_mu004096_rho020_n0.png
0.2,4096,8,license_plate_bahnschrift.ttf,CBAGJWPD6YXT0RNZL49E3HSU875KFVMQ2,0,11,1,0.17,7.155418,0.919759,1.349142,CBAGJWPD6YXTURNZL49ESHSU875KFVMQ2,0.060606,0.939394,point_previews/task000029_mu004096_rho020_n1.png
0.3,4096,8,license_plate_bahnschrift.ttf,CBAGJWPD6YXT0RNZL49E3HSU875KFVMQ2,0,11,0,0.255,8.763561,0.881116,1.10157,CBAGJWPD6YXTURNZL49ESHSU875KFYVMQ2,0.090909,0.909091,point_previews/task000029_mu004096_rho030_n0.png
0.3,4096,8,license_plate_bahnschrift.ttf,CBAGJWPD6YXT0RNZL49E3HSU875KFVMQ2,0,11,1,0.255,8.763561,0.881116,1.10157,CBAGJWPD6YXT0RNZL4SP9ESHSU875KFYVMQ2,0.121212,0.878788,point_previews/task000029_mu004096_rho030_n1.png
0.4,4096,8,license_plate_bahnschrift.ttf,CBAGJWPD6YXT0RNZL49E3HSU875KFVMQ2,0,11,0,0.34,10.119289,0.843436,0.953987,CBAGJWPD6YXT0RNZL49ESHSUS7SKFYVMQ2,0.121212,0.878788,point_previews/task000029_mu004096_rho040_n0.png
0.4,4096,8,license_plate_bahnschrift.ttf,CBAGJWPD6YXT0RNZL49E3HSU875KFVMQ2,0,11,1,0.34,10.119289,0.843436,0.953987,CBAGJWPD6YXTURNZL49ESHSU875KFVMQ2,0.060606,0.939394,point_previews/task000029_mu004096_rho040_n1.png
0.5,4096,8,license_plate_bahnschrift.ttf,CBAGJWPD6YXT0RNZL49E3HSU875KFVMQ2,0,11,0,0.425,11.313708,0.8067,0.853272,CBAGJWPD6YXT0RNZL49ESHSUS75SKFVMQ2,0.090909,0.909091,point_previews/task000029_mu004096_rho050_n0.png
0.5,4096,8,license_plate_bahnschrift.ttf,CBAGJWPD6YXT0RNZL49E3HSU875KFVMQ2,0,11,1,0.425,11.313708,0.8067,0.853272,CBAGJWPD6YXT0RNZL49ESHSUS875SKFVMQ2,0.090909,0.909091,point_previews/task000029_mu004096_rho050_n1.png
0.6,4096,8,license_plate_bahnschrift.ttf,CBAGJWPD6YXT0RNZL49E3HSU875KFVMQ2,0,11,0,0.51,12.393547,0.770893,0.778927,CBAGJWPD6YXT0RNZL49ESHSU875KFVMQ2,0.030303,0.969697,point_previews/task000029_mu004096_rho060_n0.png
0.6,4096,8,license_plate_bahnschrift.ttf,CBAGJWPD6YXT0RNZL49E3HSU875KFVMQ2,0,11,1,0.51,12.393547,0.770893,0.778927,CBAGJWPD6YXT0RNZL49ESHSUS875SKFVMQ2,0.090909,0.909091,point_previews/task000029_mu004096_rho060_n1.png
0.7,4096,8,license_plate_bahnschrift.ttf,CBAGJWPD6YXT0RNZL49E3HSU875KFVMQ2,0,11,0,0.595,13.38656,0.735998,0.721147,CBAGJWPD6YXT0RNZL4VESHSUS7TSKFVMQ2,0.151515,0.848485,point_previews/task000029_mu004096_rho070_n0.png
0.7,4096,8,license_plate_bahnschrift.ttf,CBAGJWPD6YXT0RNZL49E3HSU875KFVMQ2,0,11,1,0.595,13.38656,0.735998,0.721147,CBAGJWPD6YXTRNZL4VESHSUS7T5SKFVMQ2,0.181818,0.818182,point_previews/task000029_mu004096_rho070_n1.png
0.8,4096,8,license_plate_bahnschrift.ttf,CBAGJWPD6YXT0RNZL49E3HSU875KFVMQ2,0,11,0,0.68,14.310835,0.701998,0.674571,CBAGJWPD6YXT0RNZL49ESHSUS87SKFVMQ2,0.090909,0.909091,point_previews/task000029_mu004096_rho080_n0.png
0.8,4096,8,license_plate_bahnschrift.ttf,CBAGJWPD6YXT0RNZL49E3HSU875KFVMQ2,0,11,1,0.68,14.310835,0.701998,0.674571,CBAGJWPD6YXT0RNZL49E3HSU875SKFVMQ2,0.030303,0.969697,point_previews/task000029_mu004096_rho080_n1.png
0.9,4096,8,license_plate_bahnschrift.ttf,CBAGJWPD6YXT0RNZL49E3HSU875KFVMQ2,0,11,0,0.765,15.178933,0.668877,0.635992,CBAGJWPD6YXT0RNZL49ESHSU875SKFVMQ2,0.060606,0.939394,point_previews/task000029_mu004096_rho090_n0.png
0.9,4096,8,license_plate_bahnschrift.ttf,CBAGJWPD6YXT0RNZL49E3HSU875KFVMQ2,0,11,1,0.765,15.178933,0.668877,0.635992,CBAGJWPD6YXT0RNZL49ESHSU875SKFVMQ2,0.060606,0.939394,point_previews/task000029_mu004096_rho090_n1.png
1.0,4096,8,license_plate_bahnschrift.ttf,CBAGJWPD6YXT0RNZL49E3HSU875KFVMQ2,0,11,0,0.85,16.0,0.63662,0.603355,CBAGJWPD6YXT0RNZL49ESHSU875SKFVMQ2,0.060606,0.939394,point_previews/task000029_mu004096_rho100_n0.png
1.0,4096,8,license_plate_bahnschrift.ttf,CBAGJWPD6YXT0RNZL49E3HSU875KFVMQ2,0,11,1,0.85,16.0,0.63662,0.603355,CBAGJWPD6YXT0RNZL49ESHSU875SKFVMQ2,0.060606,0.939394,point_previews/task000029_mu004096_rho100_n1.png
0.1,16384,8,license_plate_bahnschrift.ttf,CBAGJWPD6YXT0RNZL49E3HSU875KFVMQ2,0,11,0,0.085,5.059644,0.959381,1.907975,CBAGJWPD6YXTURNZL49ESHSU875KFYMQ2,0.090909,0.909091,point_previews/task000030_mu016384_rho010_n0.png
0.1,16384,8,license_plate_bahnschrift.ttf,CBAGJWPD6YXT0RNZL49E3HSU875KFVMQ2,0,11,1,0.085,5.059644,0.959381,1.907975,CBAGJWPD6YXTU0RNZL49ESHSU875KFVMQ2,0.060606,0.939394,point_previews/task000030_mu016384_rho010_n1.png
0.2,16384,8,license_plate_bahnschrift.ttf,CBAGJWPD6YXT0RNZL49E3HSU875KFVMQ2,0,11,0,0.17,7.155418,0.919759,1.349142,CBAGJWPD6YATURNZL49ESHSUS75KFVMQ2,0.121212,0.878788,point_previews/task000030_mu016384_rho020_n0.png
0.2,16384,8,license_plate_bahnschrift.ttf,CBAGJWPD6YXT0RNZL49E3HSU875KFVMQ2,0,11,1,0.17,7.155418,0.919759,1.349142,CBAGJWPD6YAT0RNZL49ESHSUS875KFVMQ2,0.090909,0.909091,point_previews/task000030_mu016384_rho020_n1.png
0.3,16384,8,license_plate_bahnschrift.ttf,CBAGJWPD6YXT0RNZL49E3HSU875KFVMQ2,0,11,0,0.255,8.763561,0.881116,1.10157,CBAGJWPD6YXTURNZL49ESHSU875KFYVMQ2,0.090909,0.909091,point_previews/task000030_mu016384_rho030_n0.png
0.3,16384,8,license_plate_bahnschrift.ttf,CBAGJWPD6YXT0RNZL49E3HSU875KFVMQ2,0,11,1,0.255,8.763561,0.881116,1.10157,CBAGJWPD6YXTURNZL49ESHSU875KFVMQ2,0.060606,0.939394,point_previews/task000030_mu016384_rho030_n1.png
0.4,16384,8,license_plate_bahnschrift.ttf,CBAGJWPD6YXT0RNZL49E3HSU875KFVMQ2,0,11,0,0.34,10.119289,0.843436,0.953987,CBAGJWPD6YXT0RNZL49ESHSUS875KFVMQ2,0.060606,0.939394,point_previews/task000030_mu016384_rho040_n0.png
0.4,16384,8,license_plate_bahnschrift.ttf,CBAGJWPD6YXT0RNZL49E3HSU875KFVMQ2,0,11,1,0.34,10.119289,0.843436,0.953987,CBAGJWPD6YXTU0RNZL49ESHSU875KFVMQ2,0.060606,0.939394,point_previews/task000030_mu016384_rho040_n1.png
0.5,16384,8,license_plate_bahnschrift.ttf,CBAGJWPD6YXT0RNZL49E3HSU875KFVMQ2,0,11,0,0.425,11.313708,0.8067,0.853272,CBAGJWPD6YXT0RNZL4SPESHSU87SKFVMQ2,0.121212,0.878788,point_previews/task000030_mu016384_rho050_n0.png
0.5,16384,8,license_plate_bahnschrift.ttf,CBAGJWPD6YXT0RNZL49E3HSU875KFVMQ2,0,11,1,0.425,11.313708,0.8067,0.853272,CBAGJWPD6YXTRNZL49ESHSUS875KFVMQ2,0.090909,0.909091,point_previews/task000030_mu016384_rho050_n1.png
0.6,16384,8,license_plate_bahnschrift.ttf,CBAGJWPD6YXT0RNZL49E3HSU875KFVMQ2,0,11,0,0.51,12.393547,0.770893,0.778927,CBAGJWPD6YXT0RNZL49ESHSUS875KFVMQ2,0.060606,0.939394,point_previews/task000030_mu016384_rho060_n0.png
0.6,16384,8,license_plate_bahnschrift.ttf,CBAGJWPD6YXT0RNZL49E3HSU875KFVMQ2,0,11,1,0.51,12.393547,0.770893,0.778927,CBAGJWPD6YXT0RNZL49ESHSU875KFVMQ2,0.030303,0.969697,point_previews/task000030_mu016384_rho060_n1.png
0.7,16384,8,license_plate_bahnschrift.ttf,CBAGJWPD6YXT0RNZL49E3HSU875KFVMQ2,0,11,0,0.595,13.38656,0.735998,0.721147,CBAGJWPD6YXT0RNZL49ESHSU875KFVMQ2,0.030303,0.969697,point_previews/task000030_mu016384_rho070_n0.png
0.7,16384,8,license_plate_bahnschrift.ttf,CBAGJWPD6YXT0RNZL49E3HSU875KFVMQ2,0,11,1,0.595,13.38656,0.735998,0.721147,CBAGJWPD6YXT0RNZL4PESHSUS7TSKFVMQ2,0.151515,0.848485,point_previews/task000030_mu016384_rho070_n1.png
0.8,16384,8,license_plate_bahnschrift.ttf,CBAGJWPD6YXT0RNZL49E3HSU875KFVMQ2,0,11,0,0.68,14.310835,0.701998,0.674571,CBAGJWPD6YXT0RNZL49ESHSU87TSKFVMQ2,0.090909,0.909091,point_previews/task000030_mu016384_rho080_n0.png
0.8,16384,8,license_plate_bahnschrift.ttf,CBAGJWPD6YXT0RNZL49E3HSU875KFVMQ2,0,11,1,0.68,14.310835,0.701998,0.674571,CBAGJWPD6YXT0RNZL49ESHSUS7TSKFVMQ2,0.121212,0.878788,point_previews/task000030_mu016384_rho080_n1.png
0.9,16384,8,license_plate_bahnschrift.ttf,CBAGJWPD6YXT0RNZL49E3HSU875KFVMQ2,0,11,0,0.765,15.178933,0.668877,0.635992,CBAGJWPD6YXT0RNZL49ESHSU875SKFVMQ2,0.060606,0.939394,point_previews/task000030_mu016384_rho090_n0.png
0.9,16384,8,license_plate_bahnschrift.ttf,CBAGJWPD6YXT0RNZL49E3HSU875KFVMQ2,0,11,1,0.765,15.178933,0.668877,0.635992,CBAGJWPD6YXT0RNZL49ESHSU875SKFVMQ2,0.060606,0.939394,point_previews/task000030_mu016384_rho090_n1.png
1.0,16384,8,license_plate_bahnschrift.ttf,CBAGJWPD6YXT0RNZL49E3HSU875KFVMQ2,0,11,0,0.85,16.0,0.63662,0.603355,CBAGJWPD6YXT0RNZL49ESHSU875KFVMQ2,0.030303,0.969697,point_previews/task000030_mu016384_rho100_n0.png
1.0,16384,8,license_plate_bahnschrift.ttf,CBAGJWPD6YXT0RNZL49E3HSU875KFVMQ2,0,11,1,0.85,16.0,0.63662,0.603355,CBAGJWPD6YXT0RNZL49ESHSU87TSKFVMQ2,0.090909,0.909091,point_previews/task000030_mu016384_rho100_n1.png
0.1,65536,8,license_plate_bahnschrift.ttf,CBAGJWPD6YXT0RNZL49E3HSU875KFVMQ2,0,11,0,0.085,5.059644,0.959381,1.907975,CBAGJWPD6YXTURNZL49ESHSU875KFYVMQ2,0.090909,0.909091,point_previews/task000031_mu065536_rho010_n0.png
0.1,65536,8,license_plate_bahnschrift.ttf,CBAGJWPD6YXT0RNZL49E3HSU875KFVMQ2,0,11,1,0.085,5.059644,0.959381,1.907975,CBAGJWPD6YATURNZL49ESHSU875KFYMQ2,0.121212,0.878788,point_previews/task000031_mu065536_rho010_n1.png
0.2,65536,8,license_plate_bahnschrift.ttf,CBAGJWPD6YXT0RNZL49E3HSU875KFVMQ2,0,11,0,0.17,7.155418,0.919759,1.349142,CBAGJWPD6YATURNZL49ESHSU875KFVMQ2,0.090909,0.909091,point_previews/task000031_mu065536_rho020_n0.png
0.2,65536,8,license_plate_bahnschrift.ttf,CBAGJWPD6YXT0RNZL49E3HSU875KFVMQ2,0,11,1,0.17,7.155418,0.919759,1.349142,CBAGJWPD6YXATURNZL49ESHSUS87SKFYMQ2,0.181818,0.818182,point_previews/task000031_mu065536_rho020_n1.png
0.3,65536,8,license_plate_bahnschrift.ttf,CBAGJWPD6YXT0RNZL49E3HSU875KFVMQ2,0,11,0,0.255,8.763561,0.881116,1.10157,CBAGJWPD6YXTU0RNZL49ESHSU875SKFVMQ2,0.090909,0.909091,point_previews/task000031_mu065536_rho030_n0.png
0.3,65536,8,license_plate_bahnschrift.ttf,CBAGJWPD6YXT0RNZL49E3HSU875KFVMQ2,0,11,1,0.255,8.763561,0.881116,1.10157,CBAGJWPD6YXT0RNZL49ESHSU875SKFVMQ2,0.060606,0.939394,point_previews/task000031_mu065536_rho030_n1.png
0.4,65536,8,license_plate_bahnschrift.ttf,CBAGJWPD6YXT0RNZL49E3HSU875KFVMQ2,0,11,0,0.34,10.119289,0.843436,0.953987,CBAGJWPD6YXT0RNZL49ESHSU875KFVMQ2,0.030303,0.969697,point_previews/task000031_mu065536_rho040_n0.png
0.4,65536,8,license_plate_bahnschrift.ttf,CBAGJWPD6YXT0RNZL49E3HSU875KFVMQ2,0,11,1,0.34,10.119289,0.843436,0.953987,CBAGJWPD6YXTURNZL49ESHSU875KFVMQ2,0.060606,0.939394,point_previews/task000031_mu065536_rho040_n1.png
0.5,65536,8,license_plate_bahnschrift.ttf,CBAGJWPD6YXT0RNZL49E3HSU875KFVMQ2,0,11,0,0.425,11.313708,0.8067,0.853272,CBAGJWPD6YXT0RNZL4SPESHSUS87SKFVMQ2,0.151515,0.848485,point_previews/task000031_mu065536_rho050_n0.png
0.5,65536,8,license_plate_bahnschrift.ttf,CBAGJWPD6YXT0RNZL49E3HSU875KFVMQ2,0,11,1,0.425,11.313708,0.8067,0.853272,CBAGJWPD6YXT0RNZL4SPESHSUS87SKFYVMQ2,0.181818,0.818182,point_previews/task000031_mu065536_rho050_n1.png
0.6,65536,8,license_plate_bahnschrift.ttf,CBAGJWPD6YXT0RNZL49E3HSU875KFVMQ2,0,11,0,0.51,12.393547,0.770893,0.778927,CBAGJWPD6YXT0RNZL49ESHSUS875SKFVMQ2,0.090909,0.909091,point_previews/task000031_mu065536_rho060_n0.png
0.6,65536,8,license_plate_bahnschrift.ttf,CBAGJWPD6YXT0RNZL49E3HSU875KFVMQ2,0,11,1,0.51,12.393547,0.770893,0.778927,CBAGJWPD6YXT0RNZL49ESHSU875SKFVMQ2,0.060606,0.939394,point_previews/task000031_mu065536_rho060_n1.png
0.7,65536,8,license_plate_bahnschrift.ttf,CBAGJWPD6YXT0RNZL49E3HSU875KFVMQ2,0,11,0,0.595,13.38656,0.735998,0.721147,CBAGJWPD6YXT0RNZL4VESHSU87TSKFVMQ2,0.121212,0.878788,point_previews/task000031_mu065536_rho070_n0.png
0.7,65536,8,license_plate_bahnschrift.ttf,CBAGJWPD6YXT0RNZL49E3HSU875KFVMQ2,0,11,1,0.595,13.38656,0.735998,0.721147,CBAGJWPD6YXT0RNZL49ESHSUS875KFVMQ2,0.060606,0.939394,point_previews/task000031_mu065536_rho070_n1.png
0.8,65536,8,license_plate_bahnschrift.ttf,CBAGJWPD6YXT0RNZL49E3HSU875KFVMQ2,0,11,0,0.68,14.310835,0.701998,0.674571,CBAGJWPD6YXT0RNZL49ESHSUS875KFVMQ2,0.060606,0.939394,point_previews/task000031_mu065536_rho080_n0.png
0.8,65536,8,license_plate_bahnschrift.ttf,CBAGJWPD6YXT0RNZL49E3HSU875KFVMQ2,0,11,1,0.68,14.310835,0.701998,0.674571,CBAGJWPD6YXT0RNZL49ESHSUS75SKFVMQ2,0.090909,0.909091,point_previews/task000031_mu065536_rho080_n1.png
0.9,65536,8,license_plate_bahnschrift.ttf,CBAGJWPD6YXT0RNZL49E3HSU875KFVMQ2,0,11,0,0.765,15.178933,0.668877,0.635992,CBAGJWPD6YXT0RNZL49ESHSU87SKFVMQ2,0.060606,0.939394,point_previews/task000031_mu065536_rho090_n0.png
0.9,65536,8,license_plate_bahnschrift.ttf,CBAGJWPD6YXT0RNZL49E3HSU875KFVMQ2,0,11,1,0.765,15.178933,0.668877,0.635992,CBAGJWPD6YXT0RNZL49ESHSU875SKFVMQ2,0.060606,0.939394,point_previews/task000031_mu065536_rho090_n1.png
1.0,65536,8,license_plate_bahnschrift.ttf,CBAGJWPD6YXT0RNZL49E3HSU875KFVMQ2,0,11,0,0.85,16.0,0.63662,0.603355,CBAGJWPD6YXT0RNZL49ESHSU875SKFVMQ2,0.060606,0.939394,point_previews/task000031_mu065536_rho100_n0.png
1.0,65536,8,license_plate_bahnschrift.ttf,CBAGJWPD6YXT0RNZL49E3HSU875KFVMQ2,0,11,1,0.85,16.0,0.63662,0.603355,CBAGJWPD6YXT0RNZL49ESHSU87TSKFVMQ2,0.090909,0.909091,point_previews/task000031_mu065536_rho100_n1.png
0.1,4,8,license_plate_bahnschrift.ttf,CBAGJWPD6YXT0RNZL49E3HSU875KFVMQ2,0,15,0,0.085,5.059644,0.959381,1.907975,,1.0,0.0,point_previews/task000032_mu000004_rho010_n0.png
0.1,4,8,license_plate_bahnschrift.ttf,CBAGJWPD6YXT0RNZL49E3HSU875KFVMQ2,0,15,1,0.085,5.059644,0.959381,1.907975,,1.0,0.0,point_previews/task000032_mu000004_rho010_n1.png
0.2,4,8,license_plate_bahnschrift.ttf,CBAGJWPD6YXT0RNZL49E3HSU875KFVMQ2,0,15,0,0.17,7.155418,0.919759,1.349142,,1.0,0.0,point_previews/task000032_mu000004_rho020_n0.png
0.2,4,8,license_plate_bahnschrift.ttf,CBAGJWPD6YXT0RNZL49E3HSU875KFVMQ2,0,15,1,0.17,7.155418,0.919759,1.349142,DFSCDEVRPRRCESESGERQRS,0.878788,0.121212,point_previews/task000032_mu000004_rho020_n1.png
0.3,4,8,license_plate_bahnschrift.ttf,CBAGJWPD6YXT0RNZL49E3HSU875KFVMQ2,0,15,0,0.255,8.763561,0.881116,1.10157,PEGGCEMNC,0.909091,0.090909,point_previews/task000032_mu000004_rho030_n0.png
0.3,4,8,license_plate_bahnschrift.ttf,CBAGJWPD6YXT0RNZL49E3HSU875KFVMQ2,0,15,1,0.255,8.763561,0.881116,1.10157,,1.0,0.0,point_previews/task000032_mu000004_rho030_n1.png
0.4,4,8,license_plate_bahnschrift.ttf,CBAGJWPD6YXT0RNZL49E3HSU875KFVMQ2,0,15,0,0.34,10.119289,0.843436,0.953987,SRASHRNTFRAMMBNUN,0.878788,0.121212,point_previews/task000032_mu000004_rho040_n0.png
0.4,4,8,license_plate_bahnschrift.ttf,CBAGJWPD6YXT0RNZL49E3HSU875KFVMQ2,0,15,1,0.34,10.119289,0.843436,0.953987,PRDSPPALTASFETERESEALS,0.878788,0.121212,point_previews/task000032_mu000004_rho040_n1.png
0.5,4,8,license_plate_bahnschrift.ttf,CBAGJWPD6YXT0RNZL49E3HSU875KFVMQ2,0,15,0,0.425,11.313708,0.8067,0.853272,BSRLRTPE,0.909091,0.090909,point_previews/task000032_mu000004_rho050_n0.png
0.5,4,8,license_plate_bahnschrift.ttf,CBAGJWPD6YXT0RNZL49E3HSU875KFVMQ2,0,15,1,0.425,11.313708,0.8067,0.853272,ASTETMECAL,0.909091,0.090909,point_previews/task000032_mu000004_rho050_n1.png
0.6,4,8,license_plate_bahnschrift.ttf,CBAGJWPD6YXT0RNZL49E3HSU875KFVMQ2,0,15,0,0.51,12.393547,0.770893,0.778927,TAPARRSPTRREYAMCLGRNCS,0.878788,0.121212,point_previews/task000032_mu000004_rho060_n0.png
0.6,4,8,license_plate_bahnschrift.ttf,CBAGJWPD6YXT0RNZL49E3HSU875KFVMQ2,0,15,1,0.51,12.393547,0.770893,0.778927,SGMLASETVCETDCPLPELEEERPRSAE,0.909091,0.090909,point_previews/task000032_mu000004_rho060_n1.png
0.7,4,8,license_plate_bahnschrift.ttf,CBAGJWPD6YXT0RNZL49E3HSU875KFVMQ2,0,15,0,0.595,13.38656,0.735998,0.721147,,1.0,0.0,point_previews/task000032_mu000004_rho070_n0.png
0.7,4,8,license_plate_bahnschrift.ttf,CBAGJWPD6YXT0RNZL49E3HSU875KFVMQ2,0,15,1,0.595,13.38656,0.735998,0.721147,NARETRRALAYTA,0.878788,0.121212,point_previews/task000032_mu000004_rho070_n1.png
0.8,4,8,license_plate_bahnschrift.ttf,CBAGJWPD6YXT0RNZL49E3HSU875KFVMQ2,0,15,0,0.68,14.310835,0.701998,0.674571,SREVTVETHNYSTARCUTSRETS,0.878788,0.121212,point_previews/task000032_mu000004_rho080_n0.png
0.8,4,8,license_plate_bahnschrift.ttf,CBAGJWPD6YXT0RNZL49E3HSU875KFVMQ2,0,15,1,0.68,14.310835,0.701998,0.674571,,1.0,0.0,point_previews/task000032_mu000004_rho080_n1.png
0.9,4,8,license_plate_bahnschrift.ttf,CBAGJWPD6YXT0RNZL49E3HSU875KFVMQ2,0,15,0,0.765,15.178933,0.668877,0.635992,RESURETRUETSEAATS,0.878788,0.121212,point_previews/task000032_mu000004_rho090_n0.png
0.9,4,8,license_plate_bahnschrift.ttf,CBAGJWPD6YXT0RNZL49E3HSU875KFVMQ2,0,15,1,0.765,15.178933,0.668877,0.635992,ARRASTNTHTRTUHENEDRGBSRUS,0.878788,0.121212,point_previews/task000032_mu000004_rho090_n1.png
1.0,4,8,license_plate_bahnschrift.ttf,CBAGJWPD6YXT0RNZL49E3HSU875KFVMQ2,0,15,0,0.85,16.0,0.63662,0.603355,RPTMERLTATP,0.909091,0.090909,point_previews/task000032_mu000004_rho100_n0.png
1.0,4,8,license_plate_bahnschrift.ttf,CBAGJWPD6YXT0RNZL49E3HSU875KFVMQ2,0,15,1,0.85,16.0,0.63662,0.603355,EEASPPEVCTERALESSHERUERTD,0.787879,0.212121,point_previews/task000032_mu000004_rho100_n1.png
0.1,16,8,license_plate_bahnschrift.ttf,CBAGJWPD6YXT0RNZL49E3HSU875KFVMQ2,0,15,0,0.085,5.059644,0.959381,1.907975,,1.0,0.0,point_previews/task000033_mu000016_rho010_n0.png
0.1,16,8,license_plate_bahnschrift.ttf,CBAGJWPD6YXT0RNZL49E3HSU875KFVMQ2,0,15,1,0.085,5.059644,0.959381,1.907975,NBALARS,0.878788,0.121212,point_previews/task000033_mu000016_rho010_n1.png
0.2,16,8,license_plate_bahnschrift.ttf,CBAGJWPD6YXT0RNZL49E3HSU875KFVMQ2,0,15,0,0.17,7.155418,0.919759,1.349142,PURSUNARTDRGEEASRSPRUSLERTAT,0.909091,0.090909,point_previews/task000033_mu000016_rho020_n0.png
0.2,16,8,license_plate_bahnschrift.ttf,CBAGJWPD6YXT0RNZL49E3HSU875KFVMQ2,0,15,1,0.17,7.155418,0.919759,1.349142,BHRDLSYETGRPFAUS,0.848485,0.151515,point_previews/task000033_mu000016_rho020_n1.png
0.3,16,8,license_plate_bahnschrift.ttf,CBAGJWPD6YXT0RNZL49E3HSU875KFVMQ2,0,15,0,0.255,8.763561,0.881116,1.10157,PHACPPDSYHPURDALAEASUSSMTALD,0.727273,0.272727,point_previews/task000033_mu000016_rho030_n0.png
0.3,16,8,license_plate_bahnschrift.ttf,CBAGJWPD6YXT0RNZL49E3HSU875KFVMQ2,0,15,1,0.255,8.763561,0.881116,1.10157,ERABAWEDSYMTAMRERSUSDSRECME,0.727273,0.272727,point_previews/task000033_mu000016_rho030_n1.png
0.4,16,8,license_plate_bahnschrift.ttf,CBAGJWPD6YXT0RNZL49E3HSU875KFVMQ2,0,15,0,0.34,10.119289,0.843436,0.953987,CHEGWEB6YLECANZUUSESNSUSTSKENMEER,0.666667,0.333333,point_previews/task000033_mu000016_rho040_n0.png
0.4,16,8,license_plate_bahnschrift.ttf,CBAGJWPD6YXT0RNZL49E3HSU875KFVMQ2,0,15,1,0.34,10.119289,0.843436,0.953987,CBAGTAPBEYXTURNFERTESHSLSPSKEVMGD,0.515152,0.484848,point_previews/task000033_mu000016_rho040_n1.png
0.5,16,8,license_plate_bahnschrift.ttf,CBAGJWPD6YXT0RNZL49E3HSU875KFVMQ2,0,15,0,0.425,11.313708,0.8067,0.853272,,1.0,0.0,point_previews/task000033_mu000016_rho050_n0.png
0.5,16,8,license_plate_bahnschrift.ttf,CBAGJWPD6YXT0RNZL49E3HSU875KFVMQ2,0,15,1,0.425,11.313708,0.8067,0.853272,CAGNERATETURNZLA9ESASUSTSKPRMG2,0.545455,0.454545,point_previews/task000033_mu000016_rho050_n1.png
0.6,16,8,license_plate_bahnschrift.ttf,CBAGJWPD6YXT0RNZL49E3HSU875KFVMQ2,0,15,0,0.51,12.393547,0.770893,0.778927,,1.0,0.0,point_previews/task000033_mu000016_rho060_n0.png
0.6,16,8,license_plate_bahnschrift.ttf,CBAGJWPD6YXT0RNZL49E3HSU875KFVMQ2,0,15,1,0.51,12.393547,0.770893,0.778927,CBAGWPDSVXTERNZEGPESNSUSTSKRYNGE,0.515152,0.484848,point_previews/task000033_mu000016_rho060_n1.png
0.7,16,8,license_plate_bahnschrift.ttf,CBAGJWPD6YXT0RNZL49E3HSU875KFVMQ2,0,15,0,0.595,13.38656,0.735998,0.721147,,1.0,0.0,point_previews/task000033_mu000016_rho070_n0.png
0.7,16,8,license_plate_bahnschrift.ttf,CBAGJWPD6YXT0RNZL49E3HSU875KFVMQ2,0,15,1,0.595,13.38656,0.735998,0.721147,,1.0,0.0,point_previews/task000033_mu000016_rho070_n1.png
0.8,16,8,license_plate_bahnschrift.ttf,CBAGJWPD6YXT0RNZL49E3HSU875KFVMQ2,0,15,0,0.68,14.310835,0.701998,0.674571,CBAGJNEDSYXTURNZLGESHSUBTSKEVMDD,0.393939,0.606061,point_previews/task000033_mu000016_rho080_n0.png
0.8,16,8,license_plate_bahnschrift.ttf,CBAGJWPD6YXT0RNZL49E3HSU875KFVMQ2,0,15,1,0.68,14.310835,0.701998,0.674571,CBEGSNEDEYXTGRNZLGPRSHSUSTSKEYMG2,0.484848,0.515152,point_previews/task000033_mu000016_rho080_n1.png
0.9,16,8,license_plate_bahnschrift.ttf,CBAGJWPD6YXT0RNZL49E3HSU875KFVMQ2,0,15,0,0.765,15.178933,0.668877,0.635992,GRAGJWPDAYXMTURNZLSSR3HSUBTSKEVMGR,0.424242,0.575758,point_previews/task000033_mu000016_rho090_n0.png
0.9,16,8,license_plate_bahnschrift.ttf,CBAGJWPD6YXT0RNZL49E3HSU875KFVMQ2,0,15,1,0.765,15.178933,0.668877,0.635992,,1.0,0.0,point_previews/task000033_mu000016_rho090_n1.png
1.0,16,8,license_plate_bahnschrift.ttf,CBAGJWPD6YXT0RNZL49E3HSU875KFVMQ2,0,15,0,0.85,16.0,0.63662,0.603355,CBNGWEDBYRTRNZEAPRSSUBTSKEVMG,0.545455,0.454545,point_previews/task000033_mu000016_rho100_n0.png
1.0,16,8,license_plate_bahnschrift.ttf,CBAGJWPD6YXT0RNZL49E3HSU875KFVMQ2,0,15,1,0.85,16.0,0.63662,0.603355,CBAGJNEREYXTRNZLAPESHSUSTSREVMG2,0.424242,0.575758,point_previews/task000033_mu000016_rho100_n1.png
0.1,64,8,license_plate_bahnschrift.ttf,CBAGJWPD6YXT0RNZL49E3HSU875KFVMQ2,0,15,0,0.085,5.059644,0.959381,1.907975,TSADSVEDSYRTURNZEAPESHSUSTSREVNGS,0.636364,0.363636,point_previews/task000034_mu000064_rho010_n0.png
0.1,64,8,license_plate_bahnschrift.ttf,CBAGJWPD6YXT0RNZL49E3HSU875KFVMQ2,0,15,1,0.085,5.059644,0.959381,1.907975,SCUACAPDSYETURNZLAPESHSUSSKEYAR,0.575758,0.424242,point_previews/task000034_mu000064_rho010_n1.png
0.2,64,8,license_plate_bahnschrift.ttf,CBAGJWPD6YXT0RNZL49E3HSU875KFVMQ2,0,15,0,0.17,7.155418,0.919759,1.349142,CEAGWPDSYRTURNZEAPESSSUBTSKEYMGZ,0.515152,0.484848,point_previews/task000034_mu000064_rho020_n0.png
0.2,64,8,license_plate_bahnschrift.ttf,CBAGJWPD6YXT0RNZL49E3HSU875KFVMQ2,0,15,1,0.17,7.155418,0.919759,1.349142,CBAGJWPD6YSTBRNZLGPESHSUSTSREVMQ2,0.30303,0.69697,point_previews/task000034_mu000064_rho020_n1.png
0.3,64,8,license_plate_bahnschrift.ttf,CBAGJWPD6YXT0RNZL49E3HSU875KFVMQ2,0,15,0,0.255,8.763561,0.881116,1.10157,CBAGJWPDEYXTURNZLAPESHSUSTSKEVMG2,0.30303,0.69697,point_previews/task000034_mu000064_rho030_n0.png
0.3,64,8,license_plate_bahnschrift.ttf,CBAGJWPD6YXT0RNZL49E3HSU875KFVMQ2,0,15,1,0.255,8.763561,0.881116,1.10157,CBAGJWPDSYXT0RNZLAPESHSUBTSKFVMQ2,0.212121,0.787879,point_previews/task000034_mu000064_rho030_n1.png
0.4,64,8,license_plate_bahnschrift.ttf,CBAGJWPD6YXT0RNZL49E3HSU875KFVMQ2,0,15,0,0.34,10.119289,0.843436,0.953987,CBAGJWPD6YXTRNZLASESHSUSTSKFYMG2,0.272727,0.727273,point_previews/task000034_mu000064_rho040_n0.png
0.4,64,8,license_plate_bahnschrift.ttf,CBAGJWPD6YXT0RNZL49E3HSU875KFVMQ2,0,15,1,0.34,10.119289,0.843436,0.953987,CBAGJNPDA6YXTURNZLGPESHSUSTSKFVMG2,0.30303,0.69697,point_previews/task000034_mu000064_rho040_n1.png
0.5,64,8,license_plate_bahnschrift.ttf,CBAGJWPD6YXT0RNZL49E3HSU875KFVMQ2,0,15,0,0.425,11.313708,0.8067,0.853272,CBAGJWPDSYXTURNZLASESHSUSTSKFVMG2,0.272727,0.727273,point_previews/task000034_mu000064_rho050_n0.png
0.5,64,8,license_plate_bahnschrift.ttf,CBAGJWPD6YXT0RNZL49E3HSU875KFVMQ2,0,15,1,0.425,11.313708,0.8067,0.853272,CBAGJWPD6YXTDRNZLG9ESHSUB7SKFYMQ2,0.181818,0.818182,point_previews/task000034_mu000064_rho050_n1.png
0.6,64,8,license_plate_bahnschrift.ttf,CBAGJWPD6YXT0RNZL49E3HSU875KFVMQ2,0,15,0,0.51,12.393547,0.770893,0.778927,CBAGJWPD4YXTURNZL49E3HSU875KFVMG2,0.090909,0.909091,point_previews/task000034_mu000064_rho060_n0.png
0.6,64,8,license_plate_bahnschrift.ttf,CBAGJWPD6YXT0RNZL49E3HSU875KFVMQ2,0,15,1,0.51,12.393547,0.770893,0.778927,CBAGJWPD6YXTRNZLAPESHSUBTSKFYMQ2,0.242424,0.757576,point_previews/task000034_mu000064_rho060_n1.png
0.7,64,8,license_plate_bahnschrift.ttf,CBAGJWPD6YXT0RNZL49E3HSU875KFVMQ2,0,15,0,0.595,13.38656,0.735998,0.721147,CBAGJWPDS6YXTURNZL49ESHSUS7SKFVMQ2,0.151515,0.848485,point_previews/task000034_mu000064_rho070_n0.png
0.7,64,8,license_plate_bahnschrift.ttf,CBAGJWPD6YXT0RNZL49E3HSU875KFVMQ2,0,15,1,0.595,13.38656,0.735998,0.721147,CBAGJWPD6YXTURNZL49ESHSUS75KFVMQ2,0.090909,0.909091,point_previews/task000034_mu000064_rho070_n1.png
0.8,64,8,license_plate_bahnschrift.ttf,CBAGJWPD6YXT0RNZL49E3HSU875KFVMQ2,0,15,0,0.68,14.310835,0.701998,0.674571,CBAGJWPD6YXTURNZL4SESHSUSTSKFVMG2,0.212121,0.787879,point_previews/task000034_mu000064_rho080_n0.png
0.8,64,8,license_plate_bahnschrift.ttf,CBAGJWPD6YXT0RNZL49E3HSU875KFVMQ2,0,15,1,0.68,14.310835,0.701998,0.674571,CBAGJWPD6YXT0RNZL49E3HSU875KFVMQ2,0.0,1.0,point_previews/task000034_mu000064_rho080_n1.png
0.9,64,8,license_plate_bahnschrift.ttf,CBAGJWPD6YXT0RNZL49E3HSU875KFVMQ2,0,15,0,0.765,15.178933,0.668877,0.635992,CBAGJWPD6YXTERNZL4PESHSUBTSKFVMG2,0.212121,0.787879,point_previews/task000034_mu000064_rho090_n0.png
0.9,64,8,license_plate_bahnschrift.ttf,CBAGJWPD6YXT0RNZL49E3HSU875KFVMQ2,0,15,1,0.765,15.178933,0.668877,0.635992,CBAGJWPD6YXTURNZL49E3HSUSTSKFVMQ2,0.121212,0.878788,point_previews/task000034_mu000064_rho090_n1.png
1.0,64,8,license_plate_bahnschrift.ttf,CBAGJWPD6YXT0RNZL49E3HSU875KFVMQ2,0,15,0,0.85,16.0,0.63662,0.603355,CBAGJWPD6YXTRNZL49ESHSUS7SKFVMQ2,0.121212,0.878788,point_previews/task000034_mu000064_rho100_n0.png
1.0,64,8,license_plate_bahnschrift.ttf,CBAGJWPD6YXT0RNZL49E3HSU875KFVMQ2,0,15,1,0.85,16.0,0.63662,0.603355,CBAGJWPDSYXTERNZL49E3HSUB875KFVMG2,0.121212,0.878788,point_previews/task000034_mu000064_rho100_n1.png
0.1,256,8,license_plate_bahnschrift.ttf,CBAGJWPD6YXT0RNZL49E3HSU875KFVMQ2,0,15,0,0.085,5.059644,0.959381,1.907975,CBAGJWPDSYXTURMZLAPESHSUSTSKFYMG2,0.333333,0.666667,point_previews/task000035_mu000256_rho010_n0.png
0.1,256,8,license_plate_bahnschrift.ttf,CBAGJWPD6YXT0RNZL49E3HSU875KFVMQ2,0,15,1,0.085,5.059644,0.959381,1.907975,CBAGJWPDSYXTRNZLASESHSUSTSKFEYMG2,0.333333,0.666667,point_previews/task000035_mu000256_rho010_n1.png
0.2,256,8,license_plate_bahnschrift.ttf,CBAGJWPD6YXT0RNZL49E3HSU875KFVMQ2,0,15,0,0.17,7.155418,0.919759,1.349142,CBAGJWPDSYXTRNZL49ESHSU87S5KFVMQ2,0.121212,0.878788,point_previews/task000035_mu000256_rho020_n0.png
0.2,256,8,license_plate_bahnschrift.ttf,CBAGJWPD6YXT0RNZL49E3HSU875KFVMQ2,0,15,1,0.17,7.155418,0.919759,1.349142,CBAGJWPD6YXTRNZLA9ESHSU87SKFYMG2,0.181818,0.818182,point_previews/task000035_mu000256_rho020_n1.png
0.3,256,8,license_plate_bahnschrift.ttf,CBAGJWPD6YXT0RNZL49E3HSU875KFVMQ2,0,15,0,0.255,8.763561,0.881116,1.10157,CBAGJWPD6YXT0RNZL49E3HSUB87SKFVMG2,0.090909,0.909091,point_previews/task000035_mu000256_rho030_n0.png
0.3,256,8,license_plate_bahnschrift.ttf,CBAGJWPD6YXT0RNZL49E3HSU875KFVMQ2,0,15,1,0.255,8.763561,0.881116,1.10157,CBAGJWPD6YXT0RNZL4PESHSUS7SKFYMG2,0.181818,0.818182,point_previews/task000035_mu000256_rho030_n1.png
0.4,256,8,license_plate_bahnschrift.ttf,CBAGJWPD6YXT0RNZL49E3HSU875KFVMQ2,0,15,0,0.34,10.119289,0.843436,0.953987,CBAGJWPD6YXT0RNZL4P9ESHSUS7TSKFVMQG2,0.181818,0.818182,point_previews/task000035_mu000256_rho040_n0.png
0.4,256,8,license_plate_bahnschrift.ttf,CBAGJWPD6YXT0RNZL49E3HSU875KFVMQ2,0,15,1,0.34,10.119289,0.843436,0.953987,CBAGJWPD6YXTURNZL49ESHSU875KFVMQ2,0.060606,0.939394,point_previews/task000035_mu000256_rho040_n1.png
0.5,256,8,license_plate_bahnschrift.ttf,CBAGJWPD6YXT0RNZL49E3HSU875KFVMQ2,0,15,0,0.425,11.313708,0.8067,0.853272,CBAGJWPD6YXT0RNZL49ESHSUS75KFVMG2,0.090909,0.909091,point_previews/task000035_mu000256_rho050_n0.png
0.5,256,8,license_plate_bahnschrift.ttf,CBAGJWPD6YXT0RNZL49E3HSU875KFVMQ2,0,15,1,0.425,11.313708,0.8067,0.853272,CBAGJWPD6YXT0RNZL49ESHSUS7SKFVMQ2,0.090909,0.909091,point_previews/task000035_mu000256_rho050_n1.png
0.6,256,8,license_plate_bahnschrift.ttf,CBAGJWPD6YXT0RNZL49E3HSU875KFVMQ2,0,15,0,0.51,12.393547,0.770893,0.778927,CBAGJWPD6YXT0RNZL49ESHSU87TSKFVMQ2,0.090909,0.909091,point_previews/task000035_mu000256_rho060_n0.png
0.6,256,8,license_plate_bahnschrift.ttf,CBAGJWPD6YXT0RNZL49E3HSU875KFVMQ2,0,15,1,0.51,12.393547,0.770893,0.778927,CBAGJWPD46YXT0RNZL4PE3HSU87SKFVMG2,0.121212,0.878788,point_previews/task000035_mu000256_rho060_n1.png
0.7,256,8,license_plate_bahnschrift.ttf,CBAGJWPD6YXT0RNZL49E3HSU875KFVMQ2,0,15,0,0.595,13.38656,0.735998,0.721147,CBAGJWPD6YXTERNZL49ESHSU875KFVMG2,0.090909,0.909091,point_previews/task000035_mu000256_rho070_n0.png
0.7,256,8,license_plate_bahnschrift.ttf,CBAGJWPD6YXT0RNZL49E3HSU875KFVMQ2,0,15,1,0.595,13.38656,0.735998,0.721147,CBAGJWPD6YXT0RNZL49ESHSU87SKFVMG2,0.090909,0.909091,point_previews/task000035_mu000256_rho070_n1.png
0.8,256,8,license_plate_bahnschrift.ttf,CBAGJWPD6YXT0RNZL49E3HSU875KFVMQ2,0,15,0,0.68,14.310835,0.701998,0.674571,CBAGJWPD6YXTU0RNZL49ESHSU875SKFVMG2,0.121212,0.878788,point_previews/task000035_mu000256_rho080_n0.png
0.8,256,8,license_plate_bahnschrift.ttf,CBAGJWPD6YXT0RNZL49E3HSU875KFVMQ2,0,15,1,0.68,14.310835,0.701998,0.674571,CBAGJWPD6YXT0RNZL49E3SHSUSTSKFVMG2,0.151515,0.848485,point_previews/task000035_mu000256_rho080_n1.png
0.9,256,8,license_plate_bahnschrift.ttf,CBAGJWPD6YXT0RNZL49E3HSU875KFVMQ2,0,15,0,0.765,15.178933,0.668877,0.635992,CBAGJWPD6YXT0RNZL49E3HSU875KFVMQ2,0.0,1.0,point_previews/task000035_mu000256_rho090_n0.png
0.9,256,8,license_plate_bahnschrift.ttf,CBAGJWPD6YXT0RNZL49E3HSU875KFVMQ2,0,15,1,0.765,15.178933,0.668877,0.635992,CBAGJWPD6YXT0RNZL49E3HSU87SKFVMG2,0.060606,0.939394,point_previews/task000035_mu000256_rho090_n1.png
1.0,256,8,license_plate_bahnschrift.ttf,CBAGJWPD6YXT0RNZL49E3HSU875KFVMQ2,0,15,0,0.85,16.0,0.63662,0.603355,CBAGJWPD6YXT0RNZL49E3SHSUSTSKFVMG2,0.151515,0.848485,point_previews/task000035_mu000256_rho100_n0.png
1.0,256,8,license_plate_bahnschrift.ttf,CBAGJWPD6YXT0RNZL49E3HSU875KFVMQ2,0,15,1,0.85,16.0,0.63662,0.603355,CBAGJWPD6YXT0RNZL49E3HSU87SKFVMG2,0.060606,0.939394,point_previews/task000035_mu000256_rho100_n1.png
0.1,1024,8,license_plate_bahnschrift.ttf,CBAGJWPD6YXT0RNZL49E3HSU875KFVMQ2,0,15,0,0.085,5.059644,0.959381,1.907975,CBAGJWPD6YATURNZL4PESHSUS75KFYHMQ2,0.212121,0.787879,point_previews/task000036_mu001024_rho010_n0.png
0.1,1024,8,license_plate_bahnschrift.ttf,CBAGJWPD6YXT0RNZL49E3HSU875KFVMQ2,0,15,1,0.085,5.059644,0.959381,1.907975,CBAGJWPDS6YXTURNZL4PESHSUS7SKFYMQ2,0.212121,0.787879,point_previews/task000036_mu001024_rho010_n1.png
0.2,1024,8,license_plate_bahnschrift.ttf,CBAGJWPD6YXT0RNZL49E3HSU875KFVMQ2,0,15,0,0.17,7.155418,0.919759,1.349142,CBAGJWPD6YXTRNZL49ESHSUS75KFVMQ2,0.090909,0.909091,point_previews/task000036_mu001024_rho020_n0.png
0.2,1024,8,license_plate_bahnschrift.ttf,CBAGJWPD6YXT0RNZL49E3HSU875KFVMQ2,0,15,1,0.17,7.155418,0.919759,1.349142,CBAGJWPD6YXTRNZL4PESHSU875KFVMQG2,0.121212,0.878788,point_previews/task000036_mu001024_rho020_n1.png
0.3,1024,8,license_plate_bahnschrift.ttf,CBAGJWPD6YXT0RNZL49E3HSU875KFVMQ2,0,15,0,0.255,8.763561,0.881116,1.10157,CBAGJWPD46YXTRNZL49ESHSU875KFVMQ2,0.090909,0.909091,point_previews/task000036_mu001024_rho030_n0.png
0.3,1024,8,license_plate_bahnschrift.ttf,CBAGJWPD6YXT0RNZL49E3HSU875KFVMQ2,0,15,1,0.255,8.763561,0.881116,1.10157,CBAGJWPD6YXT0RNZL49ESHSU875KFVMQ2,0.030303,0.969697,point_previews/task000036_mu001024_rho030_n1.png
0.4,1024,8,license_plate_bahnschrift.ttf,CBAGJWPD6YXT0RNZL49E3HSU875KFVMQ2,0,15,0,0.34,10.119289,0.843436,0.953987,CBAGJWPD46YXT0RNZL4PESHSU875KFVMQ2,0.090909,0.909091,point_previews/task000036_mu001024_rho040_n0.png
0.4,1024,8,license_plate_bahnschrift.ttf,CBAGJWPD6YXT0RNZL49E3HSU875KFVMQ2,0,15,1,0.34,10.119289,0.843436,0.953987,CBAGJWPD6YXT0RNZL49ESHSU875SKFVMQ2,0.060606,0.939394,point_previews/task000036_mu001024_rho040_n1.png
0.5,1024,8,license_plate_bahnschrift.ttf,CBAGJWPD6YXT0RNZL49E3HSU875KFVMQ2,0,15,0,0.425,11.313708,0.8067,0.853272,CBAGJWPD6YXT0RNZL49E3HSU875KFVMQ2,0.0,1.0,point_previews/task000036_mu001024_rho050_n0.png
0.5,1024,8,license_plate_bahnschrift.ttf,CBAGJWPD6YXT0RNZL49E3HSU875KFVMQ2,0,15,1,0.425,11.313708,0.8067,0.853272,CBAGJWPD6YXTU0RNZL49E3SHSU875SKFVMQ2,0.090909,0.909091,point_previews/task000036_mu001024_rho050_n1.png
0.6,1024,8,license_plate_bahnschrift.ttf,CBAGJWPD6YXT0RNZL49E3HSU875KFVMQ2,0,15,0,0.51,12.393547,0.770893,0.778927,CBAGJWPD6YXT0RNZL49E3HSU875KFVMGQ2,0.030303,0.969697,point_previews/task000036_mu001024_rho060_n0.png
0.6,1024,8,license_plate_bahnschrift.ttf,CBAGJWPD6YXT0RNZL49E3HSU875KFVMQ2,0,15,1,0.51,12.393547,0.770893,0.778927,CBAGJWPD6YXT0RNZL49ESHSU875KFVMG2,0.060606,0.939394,point_previews/task000036_mu001024_rho060_n1.png
0.7,1024,8,license_plate_bahnschrift.ttf,CBAGJWPD6YXT0RNZL49E3HSU875KFVMQ2,0,15,0,0.595,13.38656,0.735998,0.721147,CBAGJWPD6YXT0RNZL49E3HSU87TSKFVMG2,0.090909,0.909091,point_previews/task000036_mu001024_rho070_n0.png
0.7,1024,8,license_plate_bahnschrift.ttf,CBAGJWPD6YXT0RNZL49E3HSU875KFVMQ2,0,15,1,0.595,13.38656,0.735998,0.721147,CBAGJWPD6YXT0RNZL49E3HSU87TSKFVMG2,0.090909,0.909091,point_previews/task000036_mu001024_rho070_n1.png
0.8,1024,8,license_plate_bahnschrift.ttf,CBAGJWPD6YXT0RNZL49E3HSU875KFVMQ2,0,15,0,0.68,14.310835,0.701998,0.674571,CBAGJWPD6YXT0RNZL49ESHSU875KFVMQ2,0.030303,0.969697,point_previews/task000036_mu001024_rho080_n0.png
0.8,1024,8,license_plate_bahnschrift.ttf,CBAGJWPD6YXT0RNZL49E3HSU875KFVMQ2,0,15,1,0.68,14.310835,0.701998,0.674571,CBAGJWPD6YXT0RNZL49E3SHSU875KFVMQG2,0.060606,0.939394,point_previews/task000036_mu001024_rho080_n1.png
0.9,1024,8,license_plate_bahnschrift.ttf,CBAGJWPD6YXT0RNZL49E3HSU875KFVMQ2,0,15,0,0.765,15.178933,0.668877,0.635992,CBAGJWPD6YXT0RNZL49E3HSU87TSKFVMQG2,0.090909,0.909091,point_previews/task000036_mu001024_rho090_n0.png
0.9,1024,8,license_plate_bahnschrift.ttf,CBAGJWPD6YXT0RNZL49E3HSU875KFVMQ2,0,15,1,0.765,15.178933,0.668877,0.635992,CBAGJWPD6YXT0RNZL49E3SHSU87SKFVMG2,0.090909,0.909091,point_previews/task000036_mu001024_rho090_n1.png
1.0,1024,8,license_plate_bahnschrift.ttf,CBAGJWPD6YXT0RNZL49E3HSU875KFVMQ2,0,15,0,0.85,16.0,0.63662,0.603355,CBAGJWPD6YXT0RNZL49ESHSU875KFVMQG2,0.060606,0.939394,point_previews/task000036_mu001024_rho100_n0.png
1.0,1024,8,license_plate_bahnschrift.ttf,CBAGJWPD6YXT0RNZL49E3HSU875KFVMQ2,0,15,1,0.85,16.0,0.63662,0.603355,CBAGJWPD6YXT0RNZL49ESHSU875KFVMQ2,0.030303,0.969697,point_previews/task000036_mu001024_rho100_n1.png
0.1,4096,8,license_plate_bahnschrift.ttf,CBAGJWPD6YXT0RNZL49E3HSU875KFVMQ2,0,15,0,0.085,5.059644,0.959381,1.907975,CBAGJWPD6YATURNZL49E3SHSUS75SKFYMGQ2,0.212121,0.787879,point_previews/task000037_mu004096_rho010_n0.png
0.1,4096,8,license_plate_bahnschrift.ttf,CBAGJWPD6YXT0RNZL49E3HSU875KFVMQ2,0,15,1,0.085,5.059644,0.959381,1.907975,CBAGJWPD46YXATRNZLAPESHSUS75KFYMQG2,0.272727,0.727273,point_previews/task000037_mu004096_rho010_n1.png
0.2,4096,8,license_plate_bahnschrift.ttf,CBAGJWPD6YXT0RNZL49E3HSU875KFVMQ2,0,15,0,0.17,7.155418,0.919759,1.349142,CBAGJWPD6YATRNZL49ESHSU87SKFVMQ2,0.121212,0.878788,point_previews/task000037_mu004096_rho020_n0.png
0.2,4096,8,license_plate_bahnschrift.ttf,CBAGJWPD6YXT0RNZL49E3HSU875KFVMQ2,0,15,1,0.17,7.155418,0.919759,1.349142,CBAGJWPD6YXATURNZL49ESHSU87SKFYVMQ2,0.151515,0.848485,point_previews/task000037_mu004096_rho020_n1.png
0.3,4096,8,license_plate_bahnschrift.ttf,CBAGJWPD6YXT0RNZL49E3HSU875KFVMQ2,0,15,0,0.255,8.763561,0.881116,1.10157,CBAGJWPD6YXT0RNZL49E3HSU875SKFVMQ2,0.030303,0.969697,point_previews/task000037_mu004096_rho030_n0.png
0.3,4096,8,license_plate_bahnschrift.ttf,CBAGJWPD6YXT0RNZL49E3HSU875KFVMQ2,0,15,1,0.255,8.763561,0.881116,1.10157,CBAGJWPD6YXT0RNZL49ESHSU875KFVMQ2,0.030303,0.969697,point_previews/task000037_mu004096_rho030_n1.png
0.4,4096,8,license_plate_bahnschrift.ttf,CBAGJWPD6YXT0RNZL49E3HSU875KFVMQ2,0,15,0,0.34,10.119289,0.843436,0.953987,CBAGJWPD6YXT0RNZL49E3SHSU87SKFVMQ2,0.060606,0.939394,point_previews/task000037_mu004096_rho040_n0.png
0.4,4096,8,license_plate_bahnschrift.ttf,CBAGJWPD6YXT0RNZL49E3HSU875KFVMQ2,0,15,1,0.34,10.119289,0.843436,0.953987,CBAGJWPD6YXT0RNZL49E3HSU875SKFVMQ2,0.030303,0.969697,point_previews/task000037_mu004096_rho040_n1.png
0.5,4096,8,license_plate_bahnschrift.ttf,CBAGJWPD6YXT0RNZL49E3HSU875KFVMQ2,0,15,0,0.425,11.313708,0.8067,0.853272,CBAGJWPD6YXT0RNZL49ESHSU875KFVMQ2,0.030303,0.969697,point_previews/task000037_mu004096_rho050_n0.png
0.5,4096,8,license_plate_bahnschrift.ttf,CBAGJWPD6YXT0RNZL49E3HSU875KFVMQ2,0,15,1,0.425,11.313708,0.8067,0.853272,CBAGJWPD6YXT0RNZL49E3HSU875SKFVMQ2,0.030303,0.969697,point_previews/task000037_mu004096_rho050_n1.png
0.6,4096,8,license_plate_bahnschrift.ttf,CBAGJWPD6YXT0RNZL49E3HSU875KFVMQ2,0,15,0,0.51,12.393547,0.770893,0.778927,CBAGJWPD6YXT0RNZL49E3HSU87SKFVMQ2,0.030303,0.969697,point_previews/task000037_mu004096_rho060_n0.png
0.6,4096,8,license_plate_bahnschrift.ttf,CBAGJWPD6YXT0RNZL49E3HSU875KFVMQ2,0,15,1,0.51,12.393547,0.770893,0.778927,CBAGJWPD6YXT0RNZL49E3HSU87SKFVMQ2,0.030303,0.969697,point_previews/task000037_mu004096_rho060_n1.png
0.7,4096,8,license_plate_bahnschrift.ttf,CBAGJWPD6YXT0RNZL49E3HSU875KFVMQ2,0,15,0,0.595,13.38656,0.735998,0.721147,CBAGJWPD6YXT0RNZL4P9E3HSU875SKFVMQ2,0.060606,0.939394,point_previews/task000037_mu004096_rho070_n0.png
0.7,4096,8,license_plate_bahnschrift.ttf,CBAGJWPD6YXT0RNZL49E3HSU875KFVMQ2,0,15,1,0.595,13.38656,0.735998,0.721147,CBAGJWPD6YXT0RNZL4PVE3SHSU87SKFVMQ2,0.121212,0.878788,point_previews/task000037_mu004096_rho070_n1.png
0.8,4096,8,license_plate_bahnschrift.ttf,CBAGJWPD6YXT0RNZL49E3HSU875KFVMQ2,0,15,0,0.68,14.310835,0.701998,0.674571,CBAGJWPD6YXT0RNZL49ESHSU875KFVMG2,0.060606,0.939394,point_previews/task000037_mu004096_rho080_n0.png
0.8,4096,8,license_plate_bahnschrift.ttf,CBAGJWPD6YXT0RNZL49E3HSU875KFVMQ2,0,15,1,0.68,14.310835,0.701998,0.674571,CBAGJWPD6YXT0RNZL49E3HSU875KFVMQ2,0.0,1.0,point_previews/task000037_mu004096_rho080_n1.png
0.9,4096,8,license_plate_bahnschrift.ttf,CBAGJWPD6YXT0RNZL49E3HSU875KFVMQ2,0,15,0,0.765,15.178933,0.668877,0.635992,CBAGJWPD6YXT0RNZL49ESHSU87SKFVMQ2,0.060606,0.939394,point_previews/task000037_mu004096_rho090_n0.png
0.9,4096,8,license_plate_bahnschrift.ttf,CBAGJWPD6YXT0RNZL49E3HSU875KFVMQ2,0,15,1,0.765,15.178933,0.668877,0.635992,CBAGJWPD6YXT0RNZL4PVESHSU875SKFVMQ2,0.121212,0.878788,point_previews/task000037_mu004096_rho090_n1.png
1.0,4096,8,license_plate_bahnschrift.ttf,CBAGJWPD6YXT0RNZL49E3HSU875KFVMQ2,0,15,0,0.85,16.0,0.63662,0.603355,CBAGJWPD6YXT0RNZL49ESHSU87SKFVMQG2,0.090909,0.909091,point_previews/task000037_mu004096_rho100_n0.png
1.0,4096,8,license_plate_bahnschrift.ttf,CBAGJWPD6YXT0RNZL49E3HSU875KFVMQ2,0,15,1,0.85,16.0,0.63662,0.603355,CBAGJWPD6YXT0RNZL49ESHSU875SKFVMQ2,0.060606,0.939394,point_previews/task000037_mu004096_rho100_n1.png
0.1,16384,8,license_plate_bahnschrift.ttf,CBAGJWPD6YXT0RNZL49E3HSU875KFVMQ2,0,15,0,0.085,5.059644,0.959381,1.907975,CBAGJWPD6YATRNZL4PESHSUS7SKFYMQ2,0.212121,0.787879,point_previews/task000038_mu016384_rho010_n0.png
0.1,16384,8,license_plate_bahnschrift.ttf,CBAGJWPD6YXT0RNZL49E3HSU875KFVMQ2,0,15,1,0.085,5.059644,0.959381,1.907975,CBAGJWPD6YATURNZLAPESHSUS7SKFYMQ2,0.242424,0.757576,point_previews/task000038_mu016384_rho010_n1.png
0.2,16384,8,license_plate_bahnschrift.ttf,CBAGJWPD6YXT0RNZL49E3HSU875KFVMQ2,0,15,0,0.17,7.155418,0.919759,1.349142,CBAGJWPD6YATRNZL49ESHSU87SKFVMQ2,0.121212,0.878788,point_previews/task000038_mu016384_rho020_n0.png
0.2,16384,8,license_plate_bahnschrift.ttf,CBAGJWPD6YXT0RNZL49E3HSU875KFVMQ2,0,15,1,0.17,7.155418,0.919759,1.349142,CBAGJWPD6YXATRNZL49ESHSU87SKFVMQ2,0.121212,0.878788,point_previews/task000038_mu016384_rho020_n1.png
0.3,16384,8,license_plate_bahnschrift.ttf,CBAGJWPD6YXT0RNZL49E3HSU875KFVMQ2,0,15,0,0.255,8.763561,0.881116,1.10157,CBAGJWPD6YXT0RNZL49E3HSU87SKFVMQ2,0.030303,0.969697,point_previews/task000038_mu016384_rho030_n0.png
0.3,16384,8,license_plate_bahnschrift.ttf,CBAGJWPD6YXT0RNZL49E3HSU875KFVMQ2,0,15,1,0.255,8.763561,0.881116,1.10157,CBAGJWPD6YXT0RNZL49E3HSU87SKFVMQ2,0.030303,0.969697,point_previews/task000038_mu016384_rho030_n1.png
0.4,16384,8,license_plate_bahnschrift.ttf,CBAGJWPD6YXT0RNZL49E3HSU875KFVMQ2,0,15,0,0.34,10.119289,0.843436,0.953987,CBAGJWPD6YXT0RNZL49E3HSU87SKFVMQ2,0.030303,0.969697,point_previews/task000038_mu016384_rho040_n0.png
0.4,16384,8,license_plate_bahnschrift.ttf,CBAGJWPD6YXT0RNZL49E3HSU875KFVMQ2,0,15,1,0.34,10.119289,0.843436,0.953987,CBAGJWPD6YXT0RNZL49E3SHSU87SKFVMQ2,0.060606,0.939394,point_previews/task000038_mu016384_rho040_n1.png
0.5,16384,8,license_plate_bahnschrift.ttf,CBAGJWPD6YXT0RNZL49E3HSU875KFVMQ2,0,15,0,0.425,11.313708,0.8067,0.853272,CBAGJWPD6YXT0RNZL49E3HSU875SKFVMQ2,0.030303,0.969697,point_previews/task000038_mu016384_rho050_n0.png
0.5,16384,8,license_plate_bahnschrift.ttf,CBAGJWPD6YXT0RNZL49E3HSU875KFVMQ2,0,15,1,0.425,11.313708,0.8067,0.853272,CBAGJWPD6YXT0RNZL49E3HSU875KFVMQ2,0.0,1.0,point_previews/task000038_mu016384_rho050_n1.png
0.6,16384,8,license_plate_bahnschrift.ttf,CBAGJWPD6YXT0RNZL49E3HSU875KFVMQ2,0,15,0,0.51,12.393547,0.770893,0.778927,CBAGJWPD6YXT0RNZL49E3HSU87SKFVMQ2,0.030303,0.969697,point_previews/task000038_mu016384_rho060_n0.png
0.6,16384,8,license_plate_bahnschrift.ttf,CBAGJWPD6YXT0RNZL49E3HSU875KFVMQ2,0,15,1,0.51,12.393547,0.770893,0.778927,CBAGJWPD6YXT0RNZL49E3HSU875SKFVMQ2,0.030303,0.969697,point_previews/task000038_mu016384_rho060_n1.png
0.7,16384,8,license_plate_bahnschrift.ttf,CBAGJWPD6YXT0RNZL49E3HSU875KFVMQ2,0,15,0,0.595,13.38656,0.735998,0.721147,CBAGJWPD6YXT0RNZL49E3HSU875SKFVMQ2,0.030303,0.969697,point_previews/task000038_mu016384_rho070_n0.png
0.7,16384,8,license_plate_bahnschrift.ttf,CBAGJWPD6YXT0RNZL49E3HSU875KFVMQ2,0,15,1,0.595,13.38656,0.735998,0.721147,CBAGJWPD6YXT0RNZL49E3HSU87SKFVMQ2,0.030303,0.969697,point_previews/task000038_mu016384_rho070_n1.png
0.8,16384,8,license_plate_bahnschrift.ttf,CBAGJWPD6YXT0RNZL49E3HSU875KFVMQ2,0,15,0,0.68,14.310835,0.701998,0.674571,CBAGJWPD6YXT0RNZL49E3HSU875KFVMQ2,0.0,1.0,point_previews/task000038_mu016384_rho080_n0.png
0.8,16384,8,license_plate_bahnschrift.ttf,CBAGJWPD6YXT0RNZL49E3HSU875KFVMQ2,0,15,1,0.68,14.310835,0.701998,0.674571,CBAGJWPD6YXT0RNZL49E3HSU875KFVMQ2,0.0,1.0,point_previews/task000038_mu016384_rho080_n1.png
0.9,16384,8,license_plate_bahnschrift.ttf,CBAGJWPD6YXT0RNZL49E3HSU875KFVMQ2,0,15,0,0.765,15.178933,0.668877,0.635992,CBAGJWPD6YXT0RNZL4VESHSU875SKFVMQ2,0.090909,0.909091,point_previews/task000038_mu016384_rho090_n0.png
0.9,16384,8,license_plate_bahnschrift.ttf,CBAGJWPD6YXT0RNZL49E3HSU875KFVMQ2,0,15,1,0.765,15.178933,0.668877,0.635992,CBAGJWPD6YXT0RNZL4PVESHSU87SKFVMQ2,0.121212,0.878788,point_previews/task000038_mu016384_rho090_n1.png
1.0,16384,8,license_plate_bahnschrift.ttf,CBAGJWPD6YXT0RNZL49E3HSU875KFVMQ2,0,15,0,0.85,16.0,0.63662,0.603355,CBAGJWPD6YXT0RNZL49E3HSU875KFVMQ2,0.0,1.0,point_previews/task000038_mu016384_rho100_n0.png
1.0,16384,8,license_plate_bahnschrift.ttf,CBAGJWPD6YXT0RNZL49E3HSU875KFVMQ2,0,15,1,0.85,16.0,0.63662,0.603355,CBAGJWPD6YXT0RNZL4PVESHSU87SKFVMQ2,0.121212,0.878788,point_previews/task000038_mu016384_rho100_n1.png
0.1,65536,8,license_plate_bahnschrift.ttf,CBAGJWPD6YXT0RNZL49E3HSU875KFVMQ2,0,15,0,0.085,5.059644,0.959381,1.907975,CBAGJWPD6YATRNZLAPESHSUS7SKFYMQ2,0.242424,0.757576,point_previews/task000039_mu065536_rho010_n0.png
0.1,65536,8,license_plate_bahnschrift.ttf,CBAGJWPD6YXT0RNZL49E3HSU875KFVMQ2,0,15,1,0.085,5.059644,0.959381,1.907975,CBAGJWPD6YATURNZL4P9ESHSUS7SKFYMQ2,0.212121,0.787879,point_previews/task000039_mu065536_rho010_n1.png
0.2,65536,8,license_plate_bahnschrift.ttf,CBAGJWPD6YXT0RNZL49E3HSU875KFVMQ2,0,15,0,0.17,7.155418,0.919759,1.349142,CBAGJWPD6YXATURNZL49E3HSU87SKFVMQ2,0.090909,0.909091,point_previews/task000039_mu065536_rho020_n0.png
0.2,65536,8,license_plate_bahnschrift.ttf,CBAGJWPD6YXT0RNZL49E3HSU875KFVMQ2,0,15,1,0.17,7.155418,0.919759,1.349142,CBAGJWPD6YXATRNZL49E3HSU875SKFVMQ2,0.090909,0.909091,point_previews/task000039_mu065536_rho020_n1.png
0.3,65536,8,license_plate_bahnschrift.ttf,CBAGJWPD6YXT0RNZL49E3HSU875KFVMQ2,0,15,0,0.255,8.763561,0.881116,1.10157,CBAGJWPD6YXT0RNZL49E3HSU875SKFVMQ2,0.030303,0.969697,point_previews/task000039_mu065536_rho030_n0.png
0.3,65536,8,license_plate_bahnschrift.ttf,CBAGJWPD6YXT0RNZL49E3HSU875KFVMQ2,0,15,1,0.255,8.763561,0.881116,1.10157,CBAGJWPD6YXT0RNZL49E3HSU87SKFVMQ2,0.030303,0.969697,point_previews/task000039_mu065536_rho030_n1.png
0.4,65536,8,license_plate_bahnschrift.ttf,CBAGJWPD6YXT0RNZL49E3HSU875KFVMQ2,0,15,0,0.34,10.119289,0.843436,0.953987,CBAGJWPD6YXT0RNZL49E3HSU87SKFVMQ2,0.030303,0.969697,point_previews/task000039_mu065536_rho040_n0.png
0.4,65536,8,license_plate_bahnschrift.ttf,CBAGJWPD6YXT0RNZL49E3HSU875KFVMQ2,0,15,1,0.34,10.119289,0.843436,0.953987,CBAGJWPD6YXT0RNZL49E3HSU87SKFVMQ2,0.030303,0.969697,point_previews/task000039_mu065536_rho040_n1.png
0.5,65536,8,license_plate_bahnschrift.ttf,CBAGJWPD6YXT0RNZL49E3HSU875KFVMQ2,0,15,0,0.425,11.313708,0.8067,0.853272,CBAGJWPD6YXT0RNZL4P9E3HSU875SKFVMQ2,0.060606,0.939394,point_previews/task000039_mu065536_rho050_n0.png
0.5,65536,8,license_plate_bahnschrift.ttf,CBAGJWPD6YXT0RNZL49E3HSU875KFVMQ2,0,15,1,0.425,11.313708,0.8067,0.853272,CBAGJWPD6YXT0RNZL49E3HSU875KFVMQ2,0.0,1.0,point_previews/task000039_mu065536_rho050_n1.png
0.6,65536,8,license_plate_bahnschrift.ttf,CBAGJWPD6YXT0RNZL49E3HSU875KFVMQ2,0,15,0,0.51,12.393547,0.770893,0.778927,CBAGJWPD6YXT0RNZL49E3SHSU87SKFVMQ2,0.060606,0.939394,point_previews/task000039_mu065536_rho060_n0.png
0.6,65536,8,license_plate_bahnschrift.ttf,CBAGJWPD6YXT0RNZL49E3HSU875KFVMQ2,0,15,1,0.51,12.393547,0.770893,0.778927,CBAGJWPD6YXT0RNZL49E3HSU875SKFVMQ2,0.030303,0.969697,point_previews/task000039_mu065536_rho060_n1.png
0.7,65536,8,license_plate_bahnschrift.ttf,CBAGJWPD6YXT0RNZL49E3HSU875KFVMQ2,0,15,0,0.595,13.38656,0.735998,0.721147,CBAGJWPD6YXT0RNZL4P9E3HSU87SKFVMQ2,0.060606,0.939394,point_previews/task000039_mu065536_rho070_n0.png
0.7,65536,8,license_plate_bahnschrift.ttf,CBAGJWPD6YXT0RNZL49E3HSU875KFVMQ2,0,15,1,0.595,13.38656,0.735998,0.721147,CBAGJWPD6YXT0RNZL49E3SHSU87SKFVMQ2,0.060606,0.939394,point_previews/task000039_mu065536_rho070_n1.png
0.8,65536,8,license_plate_bahnschrift.ttf,CBAGJWPD6YXT0RNZL49E3HSU875KFVMQ2,0,15,0,0.68,14.310835,0.701998,0.674571,CBAGJWPD6YXT0RNZL49E3HSU875SKFVMQ2,0.030303,0.969697,point_previews/task000039_mu065536_rho080_n0.png
0.8,65536,8,license_plate_bahnschrift.ttf,CBAGJWPD6YXT0RNZL49E3HSU875KFVMQ2,0,15,1,0.68,14.310835,0.701998,0.674571,CBAGJWPD6YXT0RNZL49E3SHSU875SKFVMQ2,0.060606,0.939394,point_previews/task000039_mu065536_rho080_n1.png
0.9,65536,8,license_plate_bahnschrift.ttf,CBAGJWPD6YXT0RNZL49E3HSU875KFVMQ2,0,15,0,0.765,15.178933,0.668877,0.635992,CBAGJWPD6YXT0RNZL4VESHSU875SKFVMQ2,0.090909,0.909091,point_previews/task000039_mu065536_rho090_n0.png
0.9,65536,8,license_plate_bahnschrift.ttf,CBAGJWPD6YXT0RNZL49E3HSU875KFVMQ2,0,15,1,0.765,15.178933,0.668877,0.635992,CBAGJWPD6YXT0RNZL4VESHSU875SKFVMQ2,0.090909,0.909091,point_previews/task000039_mu065536_rho090_n1.png
1.0,65536,8,license_plate_bahnschrift.ttf,CBAGJWPD6YXT0RNZL49E3HSU875KFVMQ2,0,15,0,0.85,16.0,0.63662,0.603355,CBAGJWPD6YXT0RNZL49VE3HSU875KFVMQ2,0.030303,0.969697,point_previews/task000039_mu065536_rho100_n0.png
1.0,65536,8,license_plate_bahnschrift.ttf,CBAGJWPD6YXT0RNZL49E3HSU875KFVMQ2,0,15,1,0.85,16.0,0.63662,0.603355,CBAGJWPD6YXT0RNZL49E3HSU875KFVMQ2,0.0,1.0,point_previews/task000039_mu065536_rho100_n1.png
0.1,4,8,license_plate_bahnschrift.ttf,CBAGJWPD6YXT0RNZL49E3HSU875KFVMQ2,3,0,0,0.085,5.059644,0.959381,1.907975,BTEC,0.909091,0.090909,point_previews/task000040_mu000004_rho010_n0.png
0.1,4,8,license_plate_bahnschrift.ttf,CBAGJWPD6YXT0RNZL49E3HSU875KFVMQ2,3,0,1,0.085,5.059644,0.959381,1.907975,,1.0,0.0,point_previews/task000040_mu000004_rho010_n1.png
0.2,4,8,license_plate_bahnschrift.ttf,CBAGJWPD6YXT0RNZL49E3HSU875KFVMQ2,3,0,0,0.17,7.155418,0.919759,1.349142,,1.0,0.0,point_previews/task000040_mu000004_rho020_n0.png
0.2,4,8,license_plate_bahnschrift.ttf,CBAGJWPD6YXT0RNZL49E3HSU875KFVMQ2,3,0,1,0.17,7.155418,0.919759,1.349142,BPPRAREHTLCRL,0.848485,0.151515,point_previews/task000040_mu000004_rho020_n1.png
0.3,4,8,license_plate_bahnschrift.ttf,CBAGJWPD6YXT0RNZL49E3HSU875KFVMQ2,3,0,0,0.255,8.763561,0.881116,1.10157,,1.0,0.0,point_previews/task000040_mu000004_rho030_n0.png
0.3,4,8,license_plate_bahnschrift.ttf,CBAGJWPD6YXT0RNZL49E3HSU875KFVMQ2,3,0,1,0.255,8.763561,0.881116,1.10157,,1.0,0.0,point_previews/task000040_mu000004_rho030_n1.png
0.4,4,8,license_plate_bahnschrift.ttf,CBAGJWPD6YXT0RNZL49E3HSU875KFVMQ2,3,0,0,0.34,10.119289,0.843436,0.953987,NSRTEETPTECRRCEAH,0.909091,0.090909,point_previews/task000040_mu000004_rho040_n0.png
0.4,4,8,license_plate_bahnschrift.ttf,CBAGJWPD6YXT0RNZL49E3HSU875KFVMQ2,3,0,1,0.34,10.119289,0.843436,0.953987,EAEMESGETAGRE,0.909091,0.090909,point_previews/task000040_mu000004_rho040_n1.png
0.5,4,8,license_plate_bahnschrift.ttf,CBAGJWPD6YXT0RNZL49E3HSU875KFVMQ2,3,0,0,0.425,11.313708,0.8067,0.853272,RERESYAECRATEGYSPTS,0.878788,0.121212,point_previews/task000040_mu000004_rho050_n0.png
0.5,4,8,license_plate_bahnschrift.ttf,CBAGJWPD6YXT0RNZL49E3HSU875KFVMQ2,3,0,1,0.425,11.313708,0.8067,0.853272,EBRTSAMECEDHRSHAECSERYSH,0.878788,0.121212,point_previews/task000040_mu000004_rho050_n1.png
0.6,4,8,license_plate_bahnschrift.ttf,CBAGJWPD6YXT0RNZL49E3HSU875KFVMQ2,3,0,0,0.51,12.393547,0.770893,0.778927,SMMLUKLE,0.909091,0.090909,point_previews/task000040_mu000004_rho060_n0.png
0.6,4,8,license_plate_bahnschrift.ttf,CBAGJWPD6YXT0RNZL49E3HSU875KFVMQ2,3,0,1,0.51,12.393547,0.770893,0.778927,SSGLNPESHAUP,0.848485,0.151515,point_previews/task000040_mu000004_rho060_n1.png
0.7,4,8,license_plate_bahnschrift.ttf,CBAGJWPD6YXT0RNZL49E3HSU875KFVMQ2,3,0,0,0.595,13.38656,0.735998,0.721147,ARARRVMEASSERRENMSPBRPNTR,0.878788,0.121212,point_previews/task000040_mu000004_rho070_n0.png
0.7,4,8,license_plate_bahnschrift.ttf,CBAGJWPD6YXT0RNZL49E3HSU875KFVMQ2,3,0,1,0.595,13.38656,0.735998,0.721147,SEBUAUESAPRPCSRRERES,0.909091,0.090909,point_previews/task000040_mu000004_rho070_n1.png
0.8,4,8,license_plate_bahnschrift.ttf,CBAGJWPD6YXT0RNZL49E3HSU875KFVMQ2,3,0,0,0.68,14.310835,0.701998,0.674571,SPASPCHPENEPPG,0.878788,0.121212,point_previews/task000040_mu000004_rho080_n0.png
0.8,4,8,license_plate_bahnschrift.ttf,CBAGJWPD6YXT0RNZL49E3HSU875KFVMQ2,3,0,1,0.68,14.310835,0.701998,0.674571,HREAGFRNAULTRTNESARPRP,0.848485,0.151515,point_previews/task000040_mu000004_rho080_n1.png
0.9,4,8,license_plate_bahnschrift.ttf,CBAGJWPD6YXT0RNZL49E3HSU875KFVMQ2,3,0,0,0.765,15.178933,0.668877,0.635992,PRETRERRMRTCEAREHBSAERE,0.909091,0.090909,point_previews/task000040_mu000004_rho090_n0.png
0.9,4,8,license_plate_bahnschrift.ttf,CBAGJWPD6YXT0RNZL49E3HSU875KFVMQ2,3,0,1,0.765,15.178933,0.668877,0.635992,TRYAAENALACTARTMSSTRENRARDS,0.909091,0.090909,point_previews/task000040_mu000004_rho090_n1.png
1.0,4,8,license_plate_bahnschrift.ttf,CBAGJWPD6YXT0RNZL49E3HSU875KFVMQ2,3,0,0,0.85,16.0,0.63662,0.603355,PBENSNADCRNATSHATCGTESSURUT,0.848485,0.151515,point_previews/task000040_mu000004_rho100_n0.png
1.0,4,8,license_plate_bahnschrift.ttf,CBAGJWPD6YXT0RNZL49E3HSU875KFVMQ2,3,0,1,0.85,16.0,0.63662,0.603355,PGHSTCRCEGRSGRANEEE,0.848485,0.151515,point_previews/task000040_mu000004_rho100_n1.png
0.1,16,8,license_plate_bahnschrift.ttf,CBAGJWPD6YXT0RNZL49E3HSU875KFVMQ2,3,0,0,0.085,5.059644,0.959381,1.907975,PRARPWCERNNANSAPSE,0.848485,0.151515,point_previews/task000041_mu000016_rho010_n0.png
0.1,16,8,license_plate_bahnschrift.ttf,CBAGJWPD6YXT0RNZL49E3HSU875KFVMQ2,3,0,1,0.085,5.059644,0.959381,1.907975,,1.0,0.0,point_previews/task000041_mu000016_rho010_n1.png
0.2,16,8,license_plate_bahnschrift.ttf,CBAGJWPD6YXT0RNZL49E3HSU875KFVMQ2,3,0,0,0.17,7.155418,0.919759,1.349142,AGRAESEEELERCPBEEELRYPGS,0.878788,0.121212,point_previews/task000041_mu000016_rho020_n0.png
0.2,16,8,license_plate_bahnschrift.ttf,CBAGJWPD6YXT0RNZL49E3HSU875KFVMQ2,3,0,1,0.17,7.155418,0.919759,1.349142,SEBAGAGPECPETTERAHESSBANEE,0.818182,0.181818,point_previews/task000041_mu000016_rho020_n1.png
0.3,16,8,license_plate_bahnschrift.ttf,CBAGJWPD6YXT0RNZL49E3HSU875KFVMQ2,3,0,0,0.255,8.763561,0.881116,1.10157,CSABSSCEPATERAALGRSHSUSESKEVMGT,0.666667,0.333333,point_previews/task000041_mu000016_rho030_n0.png
0.3,16,8,license_plate_bahnschrift.ttf,CBAGJWPD6YXT0RNZL49E3HSU875KFVMQ2,3,0,1,0.255,8.763561,0.881116,1.10157,ASBAGHWYEDUENTERNELREMSUS7REYMES,0.636364,0.363636,point_previews/task000041_mu000016_rho030_n1.png
0.4,16,8,license_plate_bahnschrift.ttf,CBAGJWPD6YXT0RNZL49E3HSU875KFVMQ2,3,0,0,0.34,10.119289,0.843436,0.953987,TRAGTVPRSYXTGRNZESPESHSUBTSREMED,0.575758,0.424242,point_previews/task000041_mu000016_rho040_n0.png
0.4,16,8,license_plate_bahnschrift.ttf,CBAGJWPD6YXT0RNZL49E3HSU875KFVMQ2,3,0,1,0.34,10.119289,0.843436,0.953987,CHAGJAPHAYRTERNZEAESHSUBPSKEYR,0.545455,0.454545,point_previews/task000041_mu000016_rho040_n1.png
0.5,16,8,license_plate_bahnschrift.ttf,CBAGJWPD6YXT0RNZL49E3HSU875KFVMQ2,3,0,0,0.425,11.313708,0.8067,0.853272,,1.0,0.0,point_previews/task000041_mu000016_rho050_n0.png
0.5,16,8,license_plate_bahnschrift.ttf,CBAGJWPD6YXT0RNZL49E3HSU875KFVMQ2,3,0,1,0.425,11.313708,0.8067,0.853272,CBAGWEDEYRTDRNZLYSESHSUSTSKEUMGZ,0.454545,0.545455,point_previews/task000041_mu000016_rho050_n1.png
0.6,16,8,license_plate_bahnschrift.ttf,CBAGJWPD6YXT0RNZL49E3HSU875KFVMQ2,3,0,0,0.51,12.393547,0.770893,0.778927,EBAGWPRSYSTURNGEUYSHSUBTSKFUMG2,0.515152,0.484848,point_previews/task000041_mu000016_rho060_n0.png
0.6,16,8,license_plate_bahnschrift.ttf,CBAGJWPD6YXT0RNZL49E3HSU875KFVMQ2,3,0,1,0.51,12.393547,0.770893,0.778927,CBAGWPDSYXTERNZLAVESHSUS7SKEVMEZ,0.333333,0.666667,point_previews/task000041_mu000016_rho060_n1.png
0.7,16,8,license_plate_bahnschrift.ttf,CBAGJWPD6YXT0RNZL49E3HSU875KFVMQ2,3,0,0,0.595,13.38656,0.735998,0.721147,CBAGWPDAYTBRNZLASESHSURTSREYNDZ,0.484848,0.515152,point_previews/task000041_mu000016_rho070_n0.png
0.7,16,8,license_plate_bahnschrift.ttf,CBAGJWPD6YXT0RNZL49E3HSU875KFVMQ2,3,0,1,0.595,13.38656,0.735998,0.721147,,1.0,0.0,point_previews/task000041_mu000016_rho070_n1.png
0.8,16,8,license_plate_bahnschrift.ttf,CBAGJWPD6YXT0RNZL49E3HSU875KFVMQ2,3,0,0,0.68,14.310835,0.701998,0.674571,CBAGSWPREYXTURNZLWPESHSUBTSREVMG2,0.393939,0.606061,point_previews/task000041_mu000016_rho080_n0.png
0.8,16,8,license_plate_bahnschrift.ttf,CBAGJWPD6YXT0RNZL49E3HSU875KFVMQ2,3,0,1,0.68,14.310835,0.701998,0.674571,,1.0,0.0,point_previews/task000041_mu000016_rho080_n1.png
0.9,16,8,license_plate_bahnschrift.ttf,CBAGJWPD6YXT0RNZL49E3HSU875KFVMQ2,3,0,0,0.765,15.178933,0.668877,0.635992,,1.0,0.0,point_previews/task000041_mu000016_rho090_n0.png
0.9,16,8,license_plate_bahnschrift.ttf,CBAGJWPD6YXT0RNZL49E3HSU875KFVMQ2,3,0,1,0.765,15.178933,0.668877,0.635992,EBAGSWPDSYXTURNZLAQESHSUBTSKRVMQ2,0.333333,0.666667,point_previews/task000041_mu000016_rho090_n1.png
1.0,16,8,license_plate_bahnschrift.ttf,CBAGJWPD6YXT0RNZL49E3HSU875KFVMQ2,3,0,0,0.85,16.0,0.63662,0.603355,,1.0,0.0,point_previews/task000041_mu000016_rho100_n0.png
1.0,16,8,license_plate_bahnschrift.ttf,CBAGJWPD6YXT0RNZL49E3HSU875KFVMQ2,3,0,1,0.85,16.0,0.63662,0.603355,CBAGSWEDSYXTGRNZLGSESHSUBTSKEVMG2,0.363636,0.636364,point_previews/task000041_mu000016_rho100_n1.png
0.1,64,8,license_plate_bahnschrift.ttf,CBAGJWPD6YXT0RNZL49E3HSU875KFVMQ2,3,0,0,0.085,5.059644,0.959381,1.907975,CBEGWPDSYATERNZLAESHSUBTSKEVD2,0.424242,0.575758,point_previews/task000042_mu000064_rho010_n0.png
0.1,64,8,license_plate_bahnschrift.ttf,CBAGJWPD6YXT0RNZL49E3HSU875KFVMQ2,3,0,1,0.085,5.059644,0.959381,1.907975,CBYGRYPDEYRTURNZUGSESHSUSTSKERNGZ,0.545455,0.454545,point_previews/task000042_mu000064_rho010_n1.png
0.2,64,8,license_plate_bahnschrift.ttf,CBAGJWPD6YXT0RNZL49E3HSU875KFVMQ2,3,0,0,0.17,7.155418,0.919759,1.349142,CBAGJWPDEYXTURNZEGPESHSUBTSKRYNGZ,0.424242,0.575758,point_previews/task000042_mu000064_rho020_n0.png
0.2,64,8,license_plate_bahnschrift.ttf,CBAGJWPD6YXT0RNZL49E3HSU875KFVMQ2,3,0,1,0.17,7.155418,0.919759,1.349142,CBAGJWPDYXMTGRNZLUSESHSUBSTSKEVMGZ,0.393939,0.606061,point_previews/task000042_mu000064_rho020_n1.png
0.3,64,8,license_plate_bahnschrift.ttf,CBAGJWPD6YXT0RNZL49E3HSU875KFVMQ2,3,0,0,0.255,8.763561,0.881116,1.10157,CBAGJWPDSYXTCRNZL49E3HSUBTSKFYMG2,0.212121,0.787879,point_previews/task000042_mu000064_rho030_n0.png
0.3,64,8,license_plate_bahnschrift.ttf,CBAGJWPD6YXT0RNZL49E3HSU875KFVMQ2,3,0,1,0.255,8.763561,0.881116,1.10157,CBAGSWPDEYXTURNZLASESHSUBTSKFVMG2,0.30303,0.69697,point_previews/task000042_mu000064_rho030_n1.png
0.4,64,8,license_plate_bahnschrift.ttf,CBAGJWPD6YXT0RNZL49E3HSU875KFVMQ2,3,0,0,0.34,10.119289,0.843436,0.953987,CBAGJWPD6YXTURNZL49ESHSUBTSKFVMG2,0.181818,0.818182,point_previews/task000042_mu000064_rho040_n0.png
0.4,64,8,license_plate_bahnschrift.ttf,CBAGJWPD6YXT0RNZL49E3HSU875KFVMQ2,3,0,1,0.34,10.119289,0.843436,0.953987,CBAGJSWPD6YXTERNZL49ESHSUBTSKEVMG2,0.242424,0.757576,point_previews/task000042_mu000064_rho040_n1.png
0.5,64,8,license_plate_bahnschrift.ttf,CBAGJWPD6YXT0RNZL49E3HSU875KFVMQ2,3,0,0,0.425,11.313708,0.8067,0.853272,CBAGJWPD6YXTRNZLAPESHSUBTSKFYMG2,0.272727,0.727273,point_previews/task000042_mu000064_rho050_n0.png
0.5,64,8,license_plate_bahnschrift.ttf,CBAGJWPD6YXT0RNZL49E3HSU875KFVMQ2,3,0,1,0.425,11.313708,0.8067,0.853272,CBAGJWRD6YXTGRNZLASESHSUBTSKFYMG2,0.30303,0.69697,point_previews/task000042_mu000064_rho050_n1.png
0.6,64,8,license_plate_bahnschrift.ttf,CBAGJWPD6YXT0RNZL49E3HSU875KFVMQ2,3,0,0,0.51,12.393547,0.770893,0.778927,CBAGJWPD6YXTCRNZLAPESHSUBTSKFYMG2,0.272727,0.727273,point_previews/task000042_mu000064_rho060_n0.png
0.6,64,8,license_plate_bahnschrift.ttf,CBAGJWPD6YXT0RNZL49E3HSU875KFVMQ2,3,0,1,0.51,12.393547,0.770893,0.778927,CBAGJWPD6YXTGRNZLAPESHSUBTSKFYMG2,0.272727,0.727273,point_previews/task000042_mu000064_rho060_n1.png
0.7,64,8,license_plate_bahnschrift.ttf,CBAGJWPD6YXT0RNZL49E3HSU875KFVMQ2,3,0,0,0.595,13.38656,0.735998,0.721147,CBAGJWPD6YXTCRNZL49E3HSUSTSKFYMG2,0.181818,0.818182,point_previews/task000042_mu000064_rho070_n0.png
0.7,64,8,license_plate_bahnschrift.ttf,CBAGJWPD6YXT0RNZL49E3HSU875KFVMQ2,3,0,1,0.595,13.38656,0.735998,0.721147,CBAGJWPD6YXTURNZLA9ESHSUSTSKFVMG2,0.212121,0.787879,point_previews/task000042_mu000064_rho070_n1.png
0.8,64,8,license_plate_bahnschrift.ttf,CBAGJWPD6YXT0RNZL49E3HSU875KFVMQ2,3,0,0,0.68,14.310835,0.701998,0.674571,CBAGJSWPD6YXTERNZLAPESHSUBTSKFYMG2,0.30303,0.69697,point_previews/task000042_mu000064_rho080_n0.png
0.8,64,8,license_plate_bahnschrift.ttf,CBAGJWPD6YXT0RNZL49E3HSU875KFVMQ2,3,0,1,0.68,14.310835,0.701998,0.674571,CBAGJWPD6YXTURNZL49E3HSUB7SKFVMG2,0.121212,0.878788,point_previews/task000042_mu000064_rho080_n1.png
0.9,64,8,license_plate_bahnschrift.ttf,CBAGJWPD6YXT0RNZL49E3HSU875KFVMQ2,3,0,0,0.765,15.178933,0.668877,0.635992,CBAGJWPD6YXT0RNZL49ESHSU875KFVMG2,0.060606,0.939394,point_previews/task000042_mu000064_rho090_n0.png
0.9,64,8,license_plate_bahnschrift.ttf,CBAGJWPD6YXT0RNZL49E3HSU875KFVMQ2,3,0,1,0.765,15.178933,0.668877,0.635992,CBAGJWPD6YXTRNZL49ESHSUBTSKFVMG2,0.181818,0.818182,point_previews/task000042_mu000064_rho090_n1.png
1.0,64,8,license_plate_bahnschrift.ttf,CBAGJWPD6YXT0RNZL49E3HSU875KFVMQ2,3,0,0,0.85,16.0,0.63662,0.603355,CBAGJWPD6YXTRNZL49E3HSU875KFVMG2,0.060606,0.939394,point_previews/task000042_mu000064_rho100_n0.png
1.0,64,8,license_plate_bahnschrift.ttf,CBAGJWPD6YXT0RNZL49E3HSU875KFVMQ2,3,0,1,0.85,16.0,0.63662,0.603355,CBAGJWPD6YXTGRNZL49E3HSUB87TSKFYMQ2,0.151515,0.848485,point_previews/task000042_mu000064_rho100_n1.png
0.1,256,8,license_plate_bahnschrift.ttf,CBAGJWPD6YXT0RNZL49E3HSU875KFVMQ2,3,0,0,0.085,5.059644,0.959381,1.907975,CBAGJWPDSYXTURNZLGPESHSUBTSKFYMG2,0.30303,0.69697,point_previews/task000043_mu000256_rho010_n0.png
0.1,256,8,license_plate_bahnschrift.ttf,CBAGJWPD6YXT0RNZL49E3HSU875KFVMQ2,3,0,1,0.085,5.059644,0.959381,1.907975,CBAGJWPD6YXTERNZLAPESHSUSTSKEVMG2,0.272727,0.727273,point_previews/task000043_mu000256_rho010_n1.png
0.2,256,8,license_plate_bahnschrift.ttf,CBAGJWPD6YXT0RNZL49E3HSU875KFVMQ2,3,0,0,0.17,7.155418,0.919759,1.349142,CBAGJWPD6YXTURNZL49ESHSUBTSKFYMG2,0.212121,0.787879,point_previews/task000043_mu000256_rho020_n0.png
0.2,256,8,license_plate_bahnschrift.ttf,CBAGJWPD6YXT0RNZL49E3HSU875KFVMQ2,3,0,1,0.17,7.155418,0.919759,1.349142,CBAGJWPD6YXTRNZL49E3HSU8S75KFYMQ2,0.090909,0.909091,point_previews/task000043_mu000256_rho020_n1.png
0.3,256,8,license_plate_bahnschrift.ttf,CBAGJWPD6YXT0RNZL49E3HSU875KFVMQ2,3,0,0,0.255,8.763561,0.881116,1.10157,CBAGJWPD6YXTCRNZL49E3HSU8T5SKFYMG2,0.151515,0.848485,point_previews/task000043_mu000256_rho030_n0.png
0.3,256,8,license_plate_bahnschrift.ttf,CBAGJWPD6YXT0RNZL49E3HSU875KFVMQ2,3,0,1,0.255,8.763561,0.881116,1.10157,CBAGJWPD4YXT0RNZL49ESHSUBS7TSKFVMQ2,0.181818,0.818182,point_previews/task000043_mu000256_rho030_n1.png
0.4,256,8,license_plate_bahnschrift.ttf,CBAGJWPD6YXT0RNZL49E3HSU875KFVMQ2,3,0,0,0.34,10.119289,0.843436,0.953987,CBAGJWPDS6YXT0RNZL49ESHSUBTSKEVMG2,0.212121,0.787879,point_previews/task000043_mu000256_rho040_n0.png
0.4,256,8,license_plate_bahnschrift.ttf,CBAGJWPD6YXT0RNZL49E3HSU875KFVMQ2,3,0,1,0.34,10.119289,0.843436,0.953987,CBAGJWPD4YXTURNZL49ESHSUSTSKFVMG2,0.212121,0.787879,point_previews/task000043_mu000256_rho040_n1.png
0.5,256,8,license_plate_bahnschrift.ttf,CBAGJWPD6YXT0RNZL49E3HSU875KFVMQ2,3,0,0,0.425,11.313708,0.8067,0.853272,CBAGJWPD6YXT0RNZL49ESHSUSTSKFVMQ2,0.121212,0.878788,point_previews/task000043_mu000256_rho050_n0.png
0.5,256,8,license_plate_bahnschrift.ttf,CBAGJWPD6YXT0RNZL49E3HSU875KFVMQ2,3,0,1,0.425,11.313708,0.8067,0.853272,CBAGJWPDSYXT0RNZL49E3SHSUBS7TSKFVMGQ2,0.212121,0.787879,point_previews/task000043_mu000256_rho050_n1.png
0.6,256,8,license_plate_bahnschrift.ttf,CBAGJWPD6YXT0RNZL49E3HSU875KFVMQ2,3,0,0,0.51,12.393547,0.770893,0.778927,CBAGJWPD6YXT0RNZL49E3HSUS7TSKFVMQ2,0.090909,0.909091,point_previews/task000043_mu000256_rho060_n0.png
0.6,256,8,license_plate_bahnschrift.ttf,CBAGJWPD6YXT0RNZL49E3HSU875KFVMQ2,3,0,1,0.51,12.393547,0.770893,0.778927,CBAGJWPD4YXT0RNZL49E3SHSUSTSKFVMGQ2,0.181818,0.818182,point_previews/task000043_mu000256_rho060_n1.png
0.7,256,8,license_plate_bahnschrift.ttf,CBAGJWPD6YXT0RNZL49E3HSU875KFVMQ2,3,0,0,0.595,13.38656,0.735998,0.721147,CBAGJWPD6YXT0RNZL49ESHSUSTSKFVMQ2,0.121212,0.878788,point_previews/task000043_mu000256_rho070_n0.png
0.7,256,8,license_plate_bahnschrift.ttf,CBAGJWPD6YXT0RNZL49E3HSU875KFVMQ2,3,0,1,0.595,13.38656,0.735998,0.721147,CBAGJWPD6YXT0RNZL49ESHSU8TSKFVMQG2,0.121212,0.878788,point_previews/task000043_mu000256_rho070_n1.png
0.8,256,8,license_plate_bahnschrift.ttf,CBAGJWPD6YXT0RNZL49E3HSU875KFVMQ2,3,0,0,0.68,14.310835,0.701998,0.674571,CBAGJWPD6YXT0RNZL49ESHSUBTSKFVMQ2,0.121212,0.878788,point_previews/task000043_mu000256_rho080_n0.png
0.8,256,8,license_plate_bahnschrift.ttf,CBAGJWPD6YXT0RNZL49E3HSU875KFVMQ2,3,0,1,0.68,14.310835,0.701998,0.674571,CBAGJWPD6YXT0RNZL49ESHSU87T5KFVMQ2,0.060606,0.939394,point_previews/task000043_mu000256_rho080_n1.png
0.9,256,8,license_plate_bahnschrift.ttf,CBAGJWPD6YXT0RNZL49E3HSU875KFVMQ2,3,0,0,0.765,15.178933,0.668877,0.635992,CBAGJWPD6YXT0RNZL49ESHSUB7TSKFVMQ2,0.121212,0.878788,point_previews/task000043_mu000256_rho090_n0.png
0.9,256,8,license_plate_bahnschrift.ttf,CBAGJWPD6YXT0RNZL49E3HSU875KFVMQ2,3,0,1,0.765,15.178933,0.668877,0.635992,CBAGJWPD6YXT0RNZL49ESHSU87TSKFVMQ2,0.090909,0.909091,point_previews/task000043_mu000256_rho090_n1.png
1.0,256,8,license_plate_bahnschrift.ttf,CBAGJWPD6YXT0RNZL49E3HSU875KFVMQ2,3,0,0,0.85,16.0,0.63662,0.603355,CBAGJWPD6YXTCRNZL49ESHSUBTSKFVMQG2,0.181818,0.818182,point_previews/task000043_mu000256_rho100_n0.png
1.0,256,8,license_plate_bahnschrift.ttf,CBAGJWPD6YXT0RNZL49E3HSU875KFVMQ2,3,0,1,0.85,16.0,0.63662,0.603355,CBAGJWPD6YXTCRNZL49ESHSUBTSKFVMQ2,0.151515,0.848485,point_previews/task000043_mu000256_rho100_n1.png
0.1,1024,8,license_plate_bahnschrift.ttf,CBAGJWPD6YXT0RNZL49E3HSU875KFVMQ2,3,0,0,0.085,5.059644,0.959381,1.907975,CBAGJWPDSEYATURNZL49ESHSUS7TSKFYMQ2,0.272727,0.727273,point_previews/task000044_mu001024_rho010_n0.png
0.1,1024,8,license_plate_bahnschrift.ttf,CBAGJWPD6YXT0RNZL49E3HSU875KFVMQ2,3,0,1,0.085,5.059644,0.959381,1.907975,CBAGJWPDS6YXTURNZL49ESHSUS7TSKFVMQ2,0.181818,0.818182,point_previews/task000044_mu001024_rho010_n1.png
0.2,1024,8,license_plate_bahnschrift.ttf,CBAGJWPD6YXT0RNZL49E3HSU875KFVMQ2,3,0,0,0.17,7.155418,0.919759,1.349142,CBAGJWPD6YXT0RNZL49ESHSUSTSKFVMQ2,0.121212,0.878788,point_previews/task000044_mu001024_rho020_n0.png
0.2,1024,8,license_plate_bahnschrift.ttf,CBAGJWPD6YXT0RNZL49E3HSU875KFVMQ2,3,0,1,0.17,7.155418,0.919759,1.349142,CBAGJWPD6YXT0RNZL49ESHSUS7TSKFVMQ2,0.121212,0.878788,point_previews/task000044_mu001024_rho020_n1.png
0.3,1024,8,license_plate_bahnschrift.ttf,CBAGJWPD6YXT0RNZL49E3HSU875KFVMQ2,3,0,0,0.255,8.763561,0.881116,1.10157,CBAGJWPD6YXT0RNZL49ESHSU87SKFVMQ2,0.060606,0.939394,point_previews/task000044_mu001024_rho030_n0.png
0.3,1024,8,license_plate_bahnschrift.ttf,CBAGJWPD6YXT0RNZL49E3HSU875KFVMQ2,3,0,1,0.255,8.763561,0.881116,1.10157,CBAGJWPD6YXT0RNZL49E3HSUS7SKFVMQ2,0.060606,0.939394,point_previews/task000044_mu001024_rho030_n1.png
0.4,1024,8,license_plate_bahnschrift.ttf,CBAGJWPD6YXT0RNZL49E3HSU875KFVMQ2,3,0,0,0.34,10.119289,0.843436,0.953987,CBAGJWPD4YXT0RNZL49E3HSUSTSKFVMQ2,0.121212,0.878788,point_previews/task000044_mu001024_rho040_n0.png
0.4,1024,8,license_plate_bahnschrift.ttf,CBAGJWPD6YXT0RNZL49E3HSU875KFVMQ2,3,0,1,0.34,10.119289,0.843436,0.953987,CBAGJWPD6YXT0RNZL49ESHSUBTSKFVMQ2,0.121212,0.878788,point_previews/task000044_mu001024_rho040_n1.png
0.5,1024,8,license_plate_bahnschrift.ttf,CBAGJWPD6YXT0RNZL49E3HSU875KFVMQ2,3,0,0,0.425,11.313708,0.8067,0.853272,CBAGJWPD6YXT0RNZL49ESHSU87TSKFVMQ2,0.090909,0.909091,point_previews/task000044_mu001024_rho050_n0.png
0.5,1024,8,license_plate_bahnschrift.ttf,CBAGJWPD6YXT0RNZL49E3HSU875KFVMQ2,3,0,1,0.425,11.313708,0.8067,0.853272,CBAGJWPD6YXT0RNZL49ESHSU8TSKFVMQ2,0.090909,0.909091,point_previews/task000044_mu001024_rho050_n1.png
0.6,1024,8,license_plate_bahnschrift.ttf,CBAGJWPD6YXT0RNZL49E3HSU875KFVMQ2,3,0,0,0.51,12.393547,0.770893,0.778927,CBAGJWPD46YXT0RNZL49E3HSUBS7TSKFVMQ2,0.151515,0.848485,point_previews/task000044_mu001024_rho060_n0.png
0.6,1024,8,license_plate_bahnschrift.ttf,CBAGJWPD6YXT0RNZL49E3HSU875KFVMQ2,3,0,1,0.51,12.393547,0.770893,0.778927,CBAGJWPD46YXT0RNZL49E3HSUB7T5KFVMQ2,0.090909,0.909091,point_previews/task000044_mu001024_rho060_n1.png
0.7,1024,8,license_plate_bahnschrift.ttf,CBAGJWPD6YXT0RNZL49E3HSU875KFVMQ2,3,0,0,0.595,13.38656,0.735998,0.721147,CBAGJWPD6YXT0RNZL49ESHSUBTSKFVMQ2,0.121212,0.878788,point_previews/task000044_mu001024_rho070_n0.png
0.7,1024,8,license_plate_bahnschrift.ttf,CBAGJWPD6YXT0RNZL49E3HSU875KFVMQ2,3,0,1,0.595,13.38656,0.735998,0.721147,CBAGJWPD6YXT0RNZL49ESHSU875SKFVMQ2,0.060606,0.939394,point_previews/task000044_mu001024_rho070_n1.png
0.8,1024,8,license_plate_bahnschrift.ttf,CBAGJWPD6YXT0RNZL49E3HSU875KFVMQ2,3,0,0,0.68,14.310835,0.701998,0.674571,CBAGJWPD6YXT0RNZL49ESHSU8TSKFVMQ2,0.090909,0.909091,point_previews/task000044_mu001024_rho080_n0.png
0.8,1024,8,license_plate_bahnschrift.ttf,CBAGJWPD6YXT0RNZL49E3HSU875KFVMQ2,3,0,1,0.68,14.310835,0.701998,0.674571,CBAGJWPD6YXT0RNZL49ESHSU8BT5SKFVMQ2,0.121212,0.878788,point_previews/task000044_mu001024_rho080_n1.png
0.9,1024,8,license_plate_bahnschrift.ttf,CBAGJWPD6YXT0RNZL49E3HSU875KFVMQ2,3,0,0,0.765,15.178933,0.668877,0.635992,CBAGJWPD6YXT0RNZL49ESHSU8STSKFVMQ2,0.121212,0.878788,point_previews/task000044_mu001024_rho090_n0.png
0.9,1024,8,license_plate_bahnschrift.ttf,CBAGJWPD6YXT0RNZL49E3HSU875KFVMQ2,3,0,1,0.765,15.178933,0.668877,0.635992,CBAGJWPD6YXT0RNZL49ESHSU875KFVMQ2,0.030303,0.969697,point_previews/task000044_mu001024_rho090_n1.png
1.0,1024,8,license_plate_bahnschrift.ttf,CBAGJWPD6YXT0RNZL49E3HSU875KFVMQ2,3,0,0,0.85,16.0,0.63662,0.603355,CBAGJWPD46YXT0RNZL49ESHSUB7TSKFVMQ2,0.151515,0.848485,point_previews/task000044_mu001024_rho100_n0.png
1.0,1024,8,license_plate_bahnschrift.ttf,CBAGJWPD6YXT0RNZL49E3HSU875KFVMQ2,3,0,1,0.85,16.0,0.63662,0.603355,CBAGJWPD6YXT0RNZL49ESHSUBTSKFVMQ2,0.121212,0.878788,point_previews/task000044_mu001024_rho100_n1.png
0.1,4096,8,license_plate_bahnschrift.ttf,CBAGJWPD6YXT0RNZL49E3HSU875KFVMQ2,3,0,0,0.085,5.059644,0.959381,1.907975,CBAGJWPD6YXTERNZL429ESHSUS7SKFYVMQ2,0.181818,0.818182,point_previews/task000045_mu004096_rho010_n0.png
0.1,4096,8,license_plate_bahnschrift.ttf,CBAGJWPD6YXT0RNZL49E3HSU875KFVMQ2,3,0,1,0.085,5.059644,0.959381,1.907975,CBAGJWPD46YXT0RNZL49E3SHSUS7SKFYVMQ2,0.151515,0.848485,point_previews/task000045_mu004096_rho010_n1.png
0.2,4096,8,license_plate_bahnschrift.ttf,CBAGJWPD6YXT0RNZL49E3HSU875KFVMQ2,3,0,0,0.17,7.155418,0.919759,1.349142,CBAGJWPD6YXT0RNZL49ESHSU8STSKFVMQ2,0.121212,0.878788,point_previews/task000045_mu004096_rho020_n0.png
0.2,4096,8,license_plate_bahnschrift.ttf,CBAGJWPD6YXT0RNZL49E3HSU875KFVMQ2,3,0,1,0.17,7.155418,0.919759,1.349142,CBAGJWPD6YXT0RNZL49ESHSU8TSKFVMQ2,0.090909,0.909091,point_previews/task000045_mu004096_rho020_n1.png
0.3,4096,8,license_plate_bahnschrift.ttf,CBAGJWPD6YXT0RNZL49E3HSU875KFVMQ2,3,0,0,0.255,8.763561,0.881116,1.10157,CBAGJWPD6YXT0RNZL49ESHSU8STSKFVMQ2,0.121212,0.878788,point_previews/task000045_mu004096_rho030_n0.png
0.3,4096,8,license_plate_bahnschrift.ttf,CBAGJWPD6YXT0RNZL49E3HSU875KFVMQ2,3,0,1,0.255,8.763561,0.881116,1.10157,CBAGJWPD6YXT0RNZL49ESHSU8TSKFVMQ2,0.090909,0.909091,point_previews/task000045_mu004096_rho030_n1.png
0.4,4096,8,license_plate_bahnschrift.ttf,CBAGJWPD6YXT0RNZL49E3HSU875KFVMQ2,3,0,0,0.34,10.119289,0.843436,0.953987,CBAGJWPD6YXT0RNZL49ESHSU8TSKFVMQ2,0.090909,0.909091,point_previews/task000045_mu004096_rho040_n0.png
0.4,4096,8,license_plate_bahnschrift.ttf,CBAGJWPD6YXT0RNZL49E3HSU875KFVMQ2,3,0,1,0.34,10.119289,0.843436,0.953987,CBAGJWPD6YXT0RNZL49ESHSU8TSKFVMQ2,0.090909,0.909091,point_previews/task000045_mu004096_rho040_n1.png
0.5,4096,8,license_plate_bahnschrift.ttf,CBAGJWPD6YXT0RNZL49E3HSU875KFVMQ2,3,0,0,0.425,11.313708,0.8067,0.853272,CBAGJWPD6YXT0RNZL49ESHSU8TSKFVMQ2,0.090909,0.909091,point_previews/task000045_mu004096_rho050_n0.png
0.5,4096,8,license_plate_bahnschrift.ttf,CBAGJWPD6YXT0RNZL49E3HSU875KFVMQ2,3,0,1,0.425,11.313708,0.8067,0.853272,CBAGJWPD6YXT0RNZL49ESHSU8TSKFVMQ2,0.090909,0.909091,point_previews/task000045_mu004096_rho050_n1.png
0.6,4096,8,license_plate_bahnschrift.ttf,CBAGJWPD6YXT0RNZL49E3HSU875KFVMQ2,3,0,0,0.51,12.393547,0.770893,0.778927,CBAGJWPD6YXT0RNZL49ESHSU8TSKFVMQ2,0.090909,0.909091,point_previews/task000045_mu004096_rho060_n0.png
0.6,4096,8,license_plate_bahnschrift.ttf,CBAGJWPD6YXT0RNZL49E3HSU875KFVMQ2,3,0,1,0.51,12.393547,0.770893,0.778927,CBAGJWPD6YXT0RNZL49ESHSUBTSKFVMQ2,0.121212,0.878788,point_previews/task000045_mu004096_rho060_n1.png
0.7,4096,8,license_plate_bahnschrift.ttf,CBAGJWPD6YXT0RNZL49E3HSU875KFVMQ2,3,0,0,0.595,13.38656,0.735998,0.721147,CBAGJWPD4YXT0RNZL49ESHSUSTSKFVMQ2,0.151515,0.848485,point_previews/task000045_mu004096_rho070_n0.png
0.7,4096,8,license_plate_bahnschrift.ttf,CBAGJWPD6YXT0RNZL49E3HSU875KFVMQ2,3,0,1,0.595,13.38656,0.735998,0.721147,CBAGJWPD6YXT0RNZL49ESHSUBTSKFVMQ2,0.121212,0.878788,point_previews/task000045_mu004096_rho070_n1.png
0.8,4096,8,license_plate_bahnschrift.ttf,CBAGJWPD6YXT0RNZL49E3HSU875KFVMQ2,3,0,0,0.68,14.310835,0.701998,0.674571,CBAGJWPD46YXT0RNZL49ESHSUBTSKFVMQ2,0.151515,0.848485,point_previews/task000045_mu004096_rho080_n0.png
0.8,4096,8,license_plate_bahnschrift.ttf,CBAGJWPD6YXT0RNZL49E3HSU875KFVMQ2,3,0,1,0.68,14.310835,0.701998,0.674571,CBAGJWPD46YXT0RNZL49E3SHSUBTSKFVMQ2,0.151515,0.848485,point_previews/task000045_mu004096_rho080_n1.png
0.9,4096,8,license_plate_bahnschrift.ttf,CBAGJWPD6YXT0RNZL49E3HSU875KFVMQ2,3,0,0,0.765,15.178933,0.668877,0.635992,CBAGJWPD6YXT0RNZL49E3SHSUBTSKFVMQ2,0.121212,0.878788,point_previews/task000045_mu004096_rho090_n0.png
0.9,4096,8,license_plate_bahnschrift.ttf,CBAGJWPD6YXT0RNZL49E3HSU875KFVMQ2,3,0,1,0.765,15.178933,0.668877,0.635992,CBAGJWPD6YXT0RNZL49ESHSUB7TSKFVMQ2,0.121212,0.878788,point_previews/task000045_mu004096_rho090_n1.png
1.0,4096,8,license_plate_bahnschrift.ttf,CBAGJWPD6YXT0RNZL49E3HSU875KFVMQ2,3,0,0,0.85,16.0,0.63662,0.603355,CBAGJWPD6YXT0RNZL49E3HSUB7TSKFVMQ2,0.090909,0.909091,point_previews/task000045_mu004096_rho100_n0.png
1.0,4096,8,license_plate_bahnschrift.ttf,CBAGJWPD6YXT0RNZL49E3HSU875KFVMQ2,3,0,1,0.85,16.0,0.63662,0.603355,CBAGJWPD46YXT0RNZL49ESHSUB7TSKFVMQ2,0.151515,0.848485,point_previews/task000045_mu004096_rho100_n1.png
0.1,16384,8,license_plate_bahnschrift.ttf,CBAGJWPD6YXT0RNZL49E3HSU875KFVMQ2,3,0,0,0.085,5.059644,0.959381,1.907975,CBAGJWPD6YXTERNZL49ESHSUS7TSKFYVMQ2,0.181818,0.818182,point_previews/task000046_mu016384_rho010_n0.png
0.1,16384,8,license_plate_bahnschrift.ttf,CBAGJWPD6YXT0RNZL49E3HSU875KFVMQ2,3,0,1,0.085,5.059644,0.959381,1.907975,CBAGJWPDE6YXT0RNZL49ESHSUS7TSKFVMQ2,0.151515,0.848485,point_previews/task000046_mu016384_rho010_n1.png
0.2,16384,8,license_plate_bahnschrift.ttf,CBAGJWPD6YXT0RNZL49E3HSU875KFVMQ2,3,0,0,0.17,7.155418,0.919759,1.349142,CBAGJWPD6YXT0RNZL49ESHSU8TSKFVMQ2,0.090909,0.909091,point_previews/task000046_mu016384_rho020_n0.png
0.2,16384,8,license_plate_bahnschrift.ttf,CBAGJWPD6YXT0RNZL49E3HSU875KFVMQ2,3,0,1,0.17,7.155418,0.919759,1.349142,CBAGJWPD6YXT0RNZL49ESHSU8TSKFVMQ2,0.090909,0.909091,point_previews/task000046_mu016384_rho020_n1.png
0.3,16384,8,license_plate_bahnschrift.ttf,CBAGJWPD6YXT0RNZL49E3HSU875KFVMQ2,3,0,0,0.255,8.763561,0.881116,1.10157,CBAGJWPD6YXT0RNZL49ESHSU8TSKFVMQ2,0.090909,0.909091,point_previews/task000046_mu016384_rho030_n0.png
0.3,16384,8,license_plate_bahnschrift.ttf,CBAGJWPD6YXT0RNZL49E3HSU875KFVMQ2,3,0,1,0.255,8.763561,0.881116,1.10157,CBAGJWPD6YXT0RNZL49ESHSU8TSKFVMQ2,0.090909,0.909091,point_previews/task000046_mu016384_rho030_n1.png
0.4,16384,8,license_plate_bahnschrift.ttf,CBAGJWPD6YXT0RNZL49E3HSU875KFVMQ2,3,0,0,0.34,10.119289,0.843436,0.953987,CBAGJWPD6YXT0RNZL49ESHSU8TSKFVMQ2,0.090909,0.909091,point_previews/task000046_mu016384_rho040_n0.png
0.4,16384,8,license_plate_bahnschrift.ttf,CBAGJWPD6YXT0RNZL49E3HSU875KFVMQ2,3,0,1,0.34,10.119289,0.843436,0.953987,CBAGJWPD6YXT0RNZL49ESHSU8TSKFVMQ2,0.090909,0.909091,point_previews/task000046_mu016384_rho040_n1.png
0.5,16384,8,license_plate_bahnschrift.ttf,CBAGJWPD6YXT0RNZL49E3HSU875KFVMQ2,3,0,0,0.425,11.313708,0.8067,0.853272,CBAGJWPD6YXT0RNZL49ESHSU8TSKFVMQ2,0.090909,0.909091,point_previews/task000046_mu016384_rho050_n0.png
0.5,16384,8,license_plate_bahnschrift.ttf,CBAGJWPD6YXT0RNZL49E3HSU875KFVMQ2,3,0,1,0.425,11.313708,0.8067,0.853272,CBAGJWPD6YXT0RNZL49ESHSU8TSKFVMQ2,0.090909,0.909091,point_previews/task000046_mu016384_rho050_n1.png
0.6,16384,8,license_plate_bahnschrift.ttf,CBAGJWPD6YXT0RNZL49E3HSU875KFVMQ2,3,0,0,0.51,12.393547,0.770893,0.778927,CBAGJWPD6YXT0RNZL49ESHSU8TSKFVMQ2,0.090909,0.909091,point_previews/task000046_mu016384_rho060_n0.png
0.6,16384,8,license_plate_bahnschrift.ttf,CBAGJWPD6YXT0RNZL49E3HSU875KFVMQ2,3,0,1,0.51,12.393547,0.770893,0.778927,CBAGJWPD6YXT0RNZL49ESHSU8TSKFVMQ2,0.090909,0.909091,point_previews/task000046_mu016384_rho060_n1.png
0.7,16384,8,license_plate_bahnschrift.ttf,CBAGJWPD6YXT0RNZL49E3HSU875KFVMQ2,3,0,0,0.595,13.38656,0.735998,0.721147,CBAGJWPD46YXT0RNZL49ESHSUSTSKFVMQ2,0.151515,0.848485,point_previews/task000046_mu016384_rho070_n0.png
0.7,16384,8,license_plate_bahnschrift.ttf,CBAGJWPD6YXT0RNZL49E3HSU875KFVMQ2,3,0,1,0.595,13.38656,0.735998,0.721147,CBAGJWPD4YXT0RNZL49ESHSUBTSKFVMQ2,0.151515,0.848485,point_previews/task000046_mu016384_rho070_n1.png
0.8,16384,8,license_plate_bahnschrift.ttf,CBAGJWPD6YXT0RNZL49E3HSU875KFVMQ2,3,0,0,0.68,14.310835,0.701998,0.674571,CBAGJWPD46YXT0RNZL49E3SHSUBTSKFVMQ2,0.151515,0.848485,point_previews/task000046_mu016384_rho080_n0.png
0.8,16384,8,license_plate_bahnschrift.ttf,CBAGJWPD6YXT0RNZL49E3HSU875KFVMQ2,3,0,1,0.68,14.310835,0.701998,0.674571,CBAGJWPD46YXT0RNZL49ESHSUBTSKFVMQ2,0.151515,0.848485,point_previews/task000046_mu016384_rho080_n1.png
0.9,16384,8,license_plate_bahnschrift.ttf,CBAGJWPD6YXT0RNZL49E3HSU875KFVMQ2,3,0,0,0.765,15.178933,0.668877,0.635992,CBAGJWPD46YXT0RNZL49ESHSUBTSKFVMQ2,0.151515,0.848485,point_previews/task000046_mu016384_rho090_n0.png
0.9,16384,8,license_plate_bahnschrift.ttf,CBAGJWPD6YXT0RNZL49E3HSU875KFVMQ2,3,0,1,0.765,15.178933,0.668877,0.635992,CBAGJWPD46YXT0RNZL49ESHSUBTSKFVMQ2,0.151515,0.848485,point_previews/task000046_mu016384_rho090_n1.png
1.0,16384,8,license_plate_bahnschrift.ttf,CBAGJWPD6YXT0RNZL49E3HSU875KFVMQ2,3,0,0,0.85,16.0,0.63662,0.603355,CBAGJWPD46YXT0RNZL49ESHSUB7TSKFVMQ2,0.151515,0.848485,point_previews/task000046_mu016384_rho100_n0.png
1.0,16384,8,license_plate_bahnschrift.ttf,CBAGJWPD6YXT0RNZL49E3HSU875KFVMQ2,3,0,1,0.85,16.0,0.63662,0.603355,CBAGJWPD46YXT0RNZL49ESHSUB7TSKFVMQ2,0.151515,0.848485,point_previews/task000046_mu016384_rho100_n1.png
0.1,65536,8,license_plate_bahnschrift.ttf,CBAGJWPD6YXT0RNZL49E3HSU875KFVMQ2,3,0,0,0.085,5.059644,0.959381,1.907975,CBAGJWPDE6YXTURNZL49ESHSUS7TSKFYMQ2,0.212121,0.787879,point_previews/task000047_mu065536_rho010_n0.png
0.1,65536,8,license_plate_bahnschrift.ttf,CBAGJWPD6YXT0RNZL49E3HSU875KFVMQ2,3,0,1,0.085,5.059644,0.959381,1.907975,CBAGJWPD6YXTERNZL49ESHSUS7TSKFYMQ2,0.181818,0.818182,point_previews/task000047_mu065536_rho010_n1.png
0.2,65536,8,license_plate_bahnschrift.ttf,CBAGJWPD6YXT0RNZL49E3HSU875KFVMQ2,3,0,0,0.17,7.155418,0.919759,1.349142,CBAGJWPD6YXT0RNZL49ESHSU8TSKFVMQ2,0.090909,0.909091,point_previews/task000047_mu065536_rho020_n0.png
0.2,65536,8,license_plate_bahnschrift.ttf,CBAGJWPD6YXT0RNZL49E3HSU875KFVMQ2,3,0,1,0.17,7.155418,0.919759,1.349142,CBAGJWPD6YXT0RNZL49ESHSU8TSKFVMQ2,0.090909,0.909091,point_previews/task000047_mu065536_rho020_n1.png
0.3,65536,8,license_plate_bahnschrift.ttf,CBAGJWPD6YXT0RNZL49E3HSU875KFVMQ2,3,0,0,0.255,8.763561,0.881116,1.10157,CBAGJWPD6YXT0RNZL49ESHSU8STSKFVMQ2,0.121212,0.878788,point_previews/task000047_mu065536_rho030_n0.png
0.3,65536,8,license_plate_bahnschrift.ttf,CBAGJWPD6YXT0RNZL49E3HSU875KFVMQ2,3,0,1,0.255,8.763561,0.881116,1.10157,CBAGJWPD6YXT0RNZL49ESHSU8TSKFVMQ2,0.090909,0.909091,point_previews/task000047_mu065536_rho030_n1.png
0.4,65536,8,license_plate_bahnschrift.ttf,CBAGJWPD6YXT0RNZL49E3HSU875KFVMQ2,3,0,0,0.34,10.119289,0.843436,0.953987,CBAGJWPD6YXT0RNZL49ESHSU8TSKFVMQ2,0.090909,0.909091,point_previews/task000047_mu065536_rho040_n0.png
0.4,65536,8,license_plate_bahnschrift.ttf,CBAGJWPD6YXT0RNZL49E3HSU875KFVMQ2,3,0,1,0.34,10.119289,0.843436,0.953987,CBAGJWPD6YXT0RNZL49ESHSU8TSKFVMQ2,0.090909,0.909091,point_previews/task000047_mu065536_rho040_n1.png
0.5,65536,8,license_plate_bahnschrift.ttf,CBAGJWPD6YXT0RNZL49E3HSU875KFVMQ2,3,0,0,0.425,11.313708,0.8067,0.853272,CBAGJWPD6YXT0RNZL49ESHSU8TSKFVMQ2,0.090909,0.909091,point_previews/task000047_mu065536_rho050_n0.png
0.5,65536,8,license_plate_bahnschrift.ttf,CBAGJWPD6YXT0RNZL49E3HSU875KFVMQ2,3,0,1,0.425,11.313708,0.8067,0.853272,CBAGJWPD6YXT0RNZL49ESHSU8TSKFVMQ2,0.090909,0.909091,point_previews/task000047_mu065536_rho050_n1.png
0.6,65536,8,license_plate_bahnschrift.ttf,CBAGJWPD6YXT0RNZL49E3HSU875KFVMQ2,3,0,0,0.51,12.393547,0.770893,0.778927,CBAGJWPD6YXT0RNZL49ESHSU8TSKFVMQ2,0.090909,0.909091,point_previews/task000047_mu065536_rho060_n0.png
0.6,65536,8,license_plate_bahnschrift.ttf,CBAGJWPD6YXT0RNZL49E3HSU875KFVMQ2,3,0,1,0.51,12.393547,0.770893,0.778927,CBAGJWPD6YXT0RNZL49ESHSU8TSKFVMQ2,0.090909,0.909091,point_previews/task000047_mu065536_rho060_n1.png
0.7,65536,8,license_plate_bahnschrift.ttf,CBAGJWPD6YXT0RNZL49E3HSU875KFVMQ2,3,0,0,0.595,13.38656,0.735998,0.721147,CBAGJWPD46YXT0RNZL49ESHSUBTSKFVMQ2,0.151515,0.848485,point_previews/task000047_mu065536_rho070_n0.png
0.7,65536,8,license_plate_bahnschrift.ttf,CBAGJWPD6YXT0RNZL49E3HSU875KFVMQ2,3,0,1,0.595,13.38656,0.735998,0.721147,CBAGJWPD4YXT0RNZL49ESHSUBTSKFVMQ2,0.151515,0.848485,point_previews/task000047_mu065536_rho070_n1.png
0.8,65536,8,license_plate_bahnschrift.ttf,CBAGJWPD6YXT0RNZL49E3HSU875KFVMQ2,3,0,0,0.68,14.310835,0.701998,0.674571,CBAGJWPD6YXT0RNZL49E3SHSUBTSKFVMQ2,0.121212,0.878788,point_previews/task000047_mu065536_rho080_n0.png
0.8,65536,8,license_plate_bahnschrift.ttf,CBAGJWPD6YXT0RNZL49E3HSU875KFVMQ2,3,0,1,0.68,14.310835,0.701998,0.674571,CBAGJWPD46YXT0RNZL49ESHSUBTSKFVMQ2,0.151515,0.848485,point_previews/task000047_mu065536_rho080_n1.png
0.9,65536,8,license_plate_bahnschrift.ttf,CBAGJWPD6YXT0RNZL49E3HSU875KFVMQ2,3,0,0,0.765,15.178933,0.668877,0.635992,CBAGJWPD46YXT0RNZL49ESHSUB7TSKFVMQ2,0.151515,0.848485,point_previews/task000047_mu065536_rho090_n0.png
0.9,65536,8,license_plate_bahnschrift.ttf,CBAGJWPD6YXT0RNZL49E3HSU875KFVMQ2,3,0,1,0.765,15.178933,0.668877,0.635992,CBAGJWPD46YXT0RNZL49ESHSUBTSKFVMQ2,0.151515,0.848485,point_previews/task000047_mu065536_rho090_n1.png
1.0,65536,8,license_plate_bahnschrift.ttf,CBAGJWPD6YXT0RNZL49E3HSU875KFVMQ2,3,0,0,0.85,16.0,0.63662,0.603355,CBAGJWPD46YXT0RNZL49ESHSUB7TSKFVMQ2,0.151515,0.848485,point_previews/task000047_mu065536_rho100_n0.png
1.0,65536,8,license_plate_bahnschrift.ttf,CBAGJWPD6YXT0RNZL49E3HSU875KFVMQ2,3,0,1,0.85,16.0,0.63662,0.603355,CBAGJWPD6YXT0RNZL49ESHSUB7TSKFVMQ2,0.121212,0.878788,point_previews/task000047_mu065536_rho100_n1.png
0.1,4,8,license_plate_bahnschrift.ttf,CBAGJWPD6YXT0RNZL49E3HSU875KFVMQ2,3,3,0,0.085,5.059644,0.959381,1.907975,WEESNPSTRNRE,0.848485,0.151515,point_previews/task000048_mu000004_rho010_n0.png
0.1,4,8,license_plate_bahnschrift.ttf,CBAGJWPD6YXT0RNZL49E3HSU875KFVMQ2,3,3,1,0.085,5.059644,0.959381,1.907975,EMGSSRTEUAPC,0.878788,0.121212,point_previews/task000048_mu000004_rho010_n1.png
0.2,4,8,license_plate_bahnschrift.ttf,CBAGJWPD6YXT0RNZL49E3HSU875KFVMQ2,3,3,0,0.17,7.155418,0.919759,1.349142,RASERLRSETSA,0.848485,0.151515,point_previews/task000048_mu000004_rho020_n0.png
0.2,4,8,license_plate_bahnschrift.ttf,CBAGJWPD6YXT0RNZL49E3HSU875KFVMQ2,3,3,1,0.17,7.155418,0.919759,1.349142,,1.0,0.0,point_previews/task000048_mu000004_rho020_n1.png
0.3,4,8,license_plate_bahnschrift.ttf,CBAGJWPD6YXT0RNZL49E3HSU875KFVMQ2,3,3,0,0.255,8.763561,0.881116,1.10157,SRUECRTERARRSNEYDGSLEBGS,0.909091,0.090909,point_previews/task000048_mu000004_rho030_n0.png
0.3,4,8,license_plate_bahnschrift.ttf,CBAGJWPD6YXT0RNZL49E3HSU875KFVMQ2,3,3,1,0.255,8.763561,0.881116,1.10157,SYALEMETATESGLMAYARR,0.878788,0.121212,point_previews/task000048_mu000004_rho030_n1.png
0.4,4,8,license_plate_bahnschrift.ttf,CBAGJWPD6YXT0RNZL49E3HSU875KFVMQ2,3,3,0,0.34,10.119289,0.843436,0.953987,,1.0,0.0,point_previews/task000048_mu000004_rho040_n0.png
0.4,4,8,license_plate_bahnschrift.ttf,CBAGJWPD6YXT0RNZL49E3HSU875KFVMQ2,3,3,1,0.34,10.119289,0.843436,0.953987,RSRTBND7RRD,0.909091,0.090909,point_previews/task000048_mu000004_rho040_n1.png
0.5,4,8,license_plate_bahnschrift.ttf,CBAGJWPD6YXT0RNZL49E3HSU875KFVMQ2,3,3,0,0.425,11.313708,0.8067,0.853272,,1.0,0.0,point_previews/task000048_mu000004_rho050_n0.png
0.5,4,8,license_plate_bahnschrift.ttf,CBAGJWPD6YXT0RNZL49E3HSU875KFVMQ2,3,3,1,0.425,11.313708,0.8067,0.853272,TEEGGNASET,0.909091,0.090909,point_previews/task000048_mu000004_rho050_n1.png
0.6,4,8,license_plate_bahnschrift.ttf,CBAGJWPD6YXT0RNZL49E3HSU875KFVMQ2,3,3,0,0.51,12.393547,0.770893,0.778927,RSPCPMRTE,0.909091,0.090909,point_previews/task000048_mu000004_rho060_n0.png
0.6,4,8,license_plate_bahnschrift.ttf,CBAGJWPD6YXT0RNZL49E3HSU875KFVMQ2,3,3,1,0.51,12.393547,0.770893,0.778927,,1.0,0.0,point_previews/task000048_mu000004_rho060_n1.png
0.7,4,8,license_plate_bahnschrift.ttf,CBAGJWPD6YXT0RNZL49E3HSU875KFVMQ2,3,3,0,0.595,13.38656,0.735998,0.721147,ACHABSWHEATASHANUBR,0.878788,0.121212,point_previews/task000048_mu000004_rho070_n0.png
0.7,4,8,license_plate_bahnschrift.ttf,CBAGJWPD6YXT0RNZL49E3HSU875KFVMQ2,3,3,1,0.595,13.38656,0.735998,0.721147,RWMURDSTET,0.909091,0.090909,point_previews/task000048_mu000004_rho070_n1.png
0.8,4,8,license_plate_bahnschrift.ttf,CBAGJWPD6YXT0RNZL49E3HSU875KFVMQ2,3,3,0,0.68,14.310835,0.701998,0.674571,SAANWESPAETARALMGLSHSFRRESRGUTALE,0.848485,0.151515,point_previews/task000048_mu000004_rho080_n0.png
0.8,4,8,license_plate_bahnschrift.ttf,CBAGJWPD6YXT0RNZL49E3HSU875KFVMQ2,3,3,1,0.68,14.310835,0.701998,0.674571,SUSTSPRERYFMGHEEASDAERLE,0.878788,0.121212,point_previews/task000048_mu000004_rho080_n1.png
0.9,4,8,license_plate_bahnschrift.ttf,CBAGJWPD6YXT0RNZL49E3HSU875KFVMQ2,3,3,0,0.765,15.178933,0.668877,0.635992,EEEECDENVEGRRNA2SGRNCREAES,0.909091,0.090909,point_previews/task000048_mu000004_rho090_n0.png
0.9,4,8,license_plate_bahnschrift.ttf,CBAGJWPD6YXT0RNZL49E3HSU875KFVMQ2,3,3,1,0.765,15.178933,0.668877,0.635992,SRESPCRREGMRRGT,0.909091,0.090909,point_previews/task000048_mu000004_rho090_n1.png
1.0,4,8,license_plate_bahnschrift.ttf,CBAGJWPD6YXT0RNZL49E3HSU875KFVMQ2,3,3,0,0.85,16.0,0.63662,0.603355,RTETEPNSAPPEMSEESLRSTN,0.878788,0.121212,point_previews/task000048_mu000004_rho100_n0.png
1.0,4,8,license_plate_bahnschrift.ttf,CBAGJWPD6YXT0RNZL49E3HSU875KFVMQ2,3,3,1,0.85,16.0,0.63662,0.603355,ALBAGPYPDATSBSANESRE,0.787879,0.212121,point_previews/task000048_mu000004_rho100_n1.png
0.1,16,8,license_plate_bahnschrift.ttf,CBAGJWPD6YXT0RNZL49E3HSU875KFVMQ2,3,3,0,0.085,5.059644,0.959381,1.907975,,1.0,0.0,point_previews/task000049_mu000016_rho010_n0.png
0.1,16,8,license_plate_bahnschrift.ttf,CBAGJWPD6YXT0RNZL49E3HSU875KFVMQ2,3,3,1,0.085,5.059644,0.959381,1.907975,STCNTUSTEMATASSPTAANE,0.909091,0.090909,point_previews/task000049_mu000016_rho010_n1.png
0.2,16,8,license_plate_bahnschrift.ttf,CBAGJWPD6YXT0RNZL49E3HSU875KFVMQ2,3,3,0,0.17,7.155418,0.919759,1.349142,PEPARPLAYREGREAESAAAETS,0.848485,0.151515,point_previews/task000049_mu000016_rho020_n0.png
0.2,16,8,license_plate_bahnschrift.ttf,CBAGJWPD6YXT0RNZL49E3HSU875KFVMQ2,3,3,1,0.17,7.155418,0.919759,1.349142,PCEERRHNSERSTTSEADBCEG,0.878788,0.121212,point_previews/task000049_mu000016_rho020_n1.png
0.3,16,8,license_plate_bahnschrift.ttf,CBAGJWPD6YXT0RNZL49E3HSU875KFVMQ2,3,3,0,0.255,8.763561,0.881116,1.10157,SPRAGPUPDARTRAAEAYSSHBUBTSREYMGE,0.757576,0.242424,point_previews/task000049_mu000016_rho030_n0.png
0.3,16,8,license_plate_bahnschrift.ttf,CBAGJWPD6YXT0RNZL49E3HSU875KFVMQ2,3,3,1,0.255,8.763561,0.881116,1.10157,SRACAWEDANTERNALASBGRTSKGT,0.757576,0.242424,point_previews/task000049_mu000016_rho030_n1.png
0.4,16,8,license_plate_bahnschrift.ttf,CBAGJWPD6YXT0RNZL49E3HSU875KFVMQ2,3,3,0,0.34,10.119289,0.843436,0.953987,SCASEDNCHSYETGRNZEAYTSMSUBTSKEVAL,0.727273,0.272727,point_previews/task000049_mu000016_rho040_n0.png
0.4,16,8,license_plate_bahnschrift.ttf,CBAGJWPD6YXT0RNZL49E3HSU875KFVMQ2,3,3,1,0.34,10.119289,0.843436,0.953987,EBAGTAEMYXTERMZERCETHGUBTSREVMGE,0.606061,0.393939,point_previews/task000049_mu000016_rho040_n1.png
0.5,16,8,license_plate_bahnschrift.ttf,CBAGJWPD6YXT0RNZL49E3HSU875KFVMQ2,3,3,0,0.425,11.313708,0.8067,0.853272,,1.0,0.0,point_previews/task000049_mu000016_rho050_n0.png
0.5,16,8,license_plate_bahnschrift.ttf,CBAGJWPD6YXT0RNZL49E3HSU875KFVMQ2,3,3,1,0.425,11.313708,0.8067,0.853272,,1.0,0.0,point_previews/task000049_mu000016_rho050_n1.png
0.6,16,8,license_plate_bahnschrift.ttf,CBAGJWPD6YXT0RNZL49E3HSU875KFVMQ2,3,3,0,0.51,12.393547,0.770893,0.778927,SPAGZWEDSYXTERNZLUVEZNSUBTSKEVMGZ,0.484848,0.515152,point_previews/task000049_mu000016_rho060_n0.png
0.6,16,8,license_plate_bahnschrift.ttf,CBAGJWPD6YXT0RNZL49E3HSU875KFVMQ2,3,3,1,0.51,12.393547,0.770893,0.778927,ULBAGBVEBEYXTURNZEARESHSUCTSREAE,0.636364,0.363636,point_previews/task000049_mu000016_rho060_n1.png
0.7,16,8,license_plate_bahnschrift.ttf,CBAGJWPD6YXT0RNZL49E3HSU875KFVMQ2,3,3,0,0.595,13.38656,0.735998,0.721147,SEGAGSMPRAYXTCRNZEGPESHSUBTSKEVRGS,0.575758,0.424242,point_previews/task000049_mu000016_rho070_n0.png
0.7,16,8,license_plate_bahnschrift.ttf,CBAGJWPD6YXT0RNZL49E3HSU875KFVMQ2,3,3,1,0.595,13.38656,0.735998,0.721147,CBAGWPDRAYETGRNZLASESHSUSFSKEVMGE,0.424242,0.575758,point_previews/task000049_mu000016_rho070_n1.png
0.8,16,8,license_plate_bahnschrift.ttf,CBAGJWPD6YXT0RNZL49E3HSU875KFVMQ2,3,3,0,0.68,14.310835,0.701998,0.674571,CBAGHAYPDSYXTGRNZLAPEBHSUBTSKEVMQ2,0.363636,0.636364,point_previews/task000049_mu000016_rho080_n0.png
0.8,16,8,license_plate_bahnschrift.ttf,CBAGJWPD6YXT0RNZL49E3HSU875KFVMQ2,3,3,1,0.68,14.310835,0.701998,0.674571,,1.0,0.0,point_previews/task000049_mu000016_rho080_n1.png
0.9,16,8,license_plate_bahnschrift.ttf,CBAGJWPD6YXT0RNZL49E3HSU875KFVMQ2,3,3,0,0.765,15.178933,0.668877,0.635992,,1.0,0.0,point_previews/task000049_mu000016_rho090_n0.png
0.9,16,8,license_plate_bahnschrift.ttf,CBAGJWPD6YXT0RNZL49E3HSU875KFVMQ2,3,3,1,0.765,15.178933,0.668877,0.635992,,1.0,0.0,point_previews/task000049_mu000016_rho090_n1.png
1.0,16,8,license_plate_bahnschrift.ttf,CBAGJWPD6YXT0RNZL49E3HSU875KFVMQ2,3,3,0,0.85,16.0,0.63662,0.603355,CBAGSWPDSYXTERNZLG9ESHSUBTSKEVMG2,0.30303,0.69697,point_previews/task000049_mu000016_rho100_n0.png
1.0,16,8,license_plate_bahnschrift.ttf,CBAGJWPD6YXT0RNZL49E3HSU875KFVMQ2,3,3,1,0.85,16.0,0.63662,0.603355,,1.0,0.0,point_previews/task000049_mu000016_rho100_n1.png
0.1,64,8,license_plate_bahnschrift.ttf,CBAGJWPD6YXT0RNZL49E3HSU875KFVMQ2,3,3,0,0.085,5.059644,0.959381,1.907975,CBAGTAPUAYSTRNZLAGESHSUSPSRPUMG,0.515152,0.484848,point_previews/task000050_mu000064_rho010_n0.png
0.1,64,8,license_plate_bahnschrift.ttf,CBAGJWPD6YXT0RNZL49E3HSU875KFVMQ2,3,3,1,0.085,5.059644,0.959381,1.907975,,1.0,0.0,point_previews/task000050_mu000064_rho010_n1.png
0.2,64,8,license_plate_bahnschrift.ttf,CBAGJWPD6YXT0RNZL49E3HSU875KFVMQ2,3,3,0,0.17,7.155418,0.919759,1.349142,CBAGPAPDAYXTURNZEMSESHSUBTSKEYMG2,0.424242,0.575758,point_previews/task000050_mu000064_rho020_n0.png
0.2,64,8,license_plate_bahnschrift.ttf,CBAGJWPD6YXT0RNZL49E3HSU875KFVMQ2,3,3,1,0.17,7.155418,0.919759,1.349142,,1.0,0.0,point_previews/task000050_mu000064_rho020_n1.png
0.3,64,8,license_plate_bahnschrift.ttf,CBAGJWPD6YXT0RNZL49E3HSU875KFVMQ2,3,3,0,0.255,8.763561,0.881116,1.10157,,1.0,0.0,point_previews/task000050_mu000064_rho030_n0.png
0.3,64,8,license_plate_bahnschrift.ttf,CBAGJWPD6YXT0RNZL49E3HSU875KFVMQ2,3,3,1,0.255,8.763561,0.881116,1.10157,,1.0,0.0,point_previews/task000050_mu000064_rho030_n1.png
0.4,64,8,license_plate_bahnschrift.ttf,CBAGJWPD6YXT0RNZL49E3HSU875KFVMQ2,3,3,0,0.34,10.119289,0.843436,0.953987,CBAGJWPDSYXT0RNZLASESHSUBPSKEVMG2,0.272727,0.727273,point_previews/task000050_mu000064_rho040_n0.png
0.4,64,8,license_plate_bahnschrift.ttf,CBAGJWPD6YXT0RNZL49E3HSU875KFVMQ2,3,3,1,0.34,10.119289,0.843436,0.953987,CBAGJWPD6YXTRNZLA9ESHSUBTSKFVNQ2,0.212121,0.787879,point_previews/task000050_mu000064_rho040_n1.png
0.5,64,8,license_plate_bahnschrift.ttf,CBAGJWPD6YXT0RNZL49E3HSU875KFVMQ2,3,3,0,0.425,11.313708,0.8067,0.853272,CBAGJWPD6YXTRNZL4SESHSUBTSKFVMG2,0.212121,0.787879,point_previews/task000050_mu000064_rho050_n0.png
0.5,64,8,license_plate_bahnschrift.ttf,CBAGJWPD6YXT0RNZL49E3HSU875KFVMQ2,3,3,1,0.425,11.313708,0.8067,0.853272,CBAGSWPD6YXTURNZL49ESHSUBSTSKFYMG2,0.272727,0.727273,point_previews/task000050_mu000064_rho050_n1.png
0.6,64,8,license_plate_bahnschrift.ttf,CBAGJWPD6YXT0RNZL49E3HSU875KFVMQ2,3,3,0,0.51,12.393547,0.770893,0.778927,CBAGJWPDSYXTRNZLA9E3HSUBTSKFYMG2,0.242424,0.757576,point_previews/task000050_mu000064_rho060_n0.png
0.6,64,8,license_plate_bahnschrift.ttf,CBAGJWPD6YXT0RNZL49E3HSU875KFVMQ2,3,3,1,0.51,12.393547,0.770893,0.778927,CBAGJWPDSYXTCRNZLA9ESHSUBTSKFEVMG2,0.272727,0.727273,point_previews/task000050_mu000064_rho060_n1.png
0.7,64,8,license_plate_bahnschrift.ttf,CBAGJWPD6YXT0RNZL49E3HSU875KFVMQ2,3,3,0,0.595,13.38656,0.735998,0.721147,CBAGJWPDSYXTCRNZL49E3HSUBTSKFVMQG2,0.181818,0.818182,point_previews/task000050_mu000064_rho070_n0.png
0.7,64,8,license_plate_bahnschrift.ttf,CBAGJWPD6YXT0RNZL49E3HSU875KFVMQ2,3,3,1,0.595,13.38656,0.735998,0.721147,CBAGJWPD6YXTURNZL49E3HSUBTSKFYMG2,0.181818,0.818182,point_previews/task000050_mu000064_rho070_n1.png
0.8,64,8,license_plate_bahnschrift.ttf,CBAGJWPD6YXT0RNZL49E3HSU875KFVMQ2,3,3,0,0.68,14.310835,0.701998,0.674571,CBAGJWPD6YXTURNZL49E3HSU8TSKFYMQ2,0.121212,0.878788,point_previews/task000050_mu000064_rho080_n0.png
0.8,64,8,license_plate_bahnschrift.ttf,CBAGJWPD6YXT0RNZL49E3HSU875KFVMQ2,3,3,1,0.68,14.310835,0.701998,0.674571,CBAGJWPD6YXTQRNZL49E3HSU875KEVMQ2,0.060606,0.939394,point_previews/task000050_mu000064_rho080_n1.png
0.9,64,8,license_plate_bahnschrift.ttf,CBAGJWPD6YXT0RNZL49E3HSU875KFVMQ2,3,3,0,0.765,15.178933,0.668877,0.635992,CBAGJWPDSYXTURNZL49E3HSUSTSKFYMQ2,0.181818,0.818182,point_previews/task000050_mu000064_rho090_n0.png
0.9,64,8,license_plate_bahnschrift.ttf,CBAGJWPD6YXT0RNZL49E3HSU875KFVMQ2,3,3,1,0.765,15.178933,0.668877,0.635992,CBAGJWPD6YXTQRNZLA9ESHSUS7SKFVMG2,0.181818,0.818182,point_previews/task000050_mu000064_rho090_n1.png
1.0,64,8,license_plate_bahnschrift.ttf,CBAGJWPD6YXT0RNZL49E3HSU875KFVMQ2,3,3,0,0.85,16.0,0.63662,0.603355,CBAGJWPD4YXTRNZLA9ESHSUB87SKFYMG2,0.242424,0.757576,point_previews/task000050_mu000064_rho100_n0.png
1.0,64,8,license_plate_bahnschrift.ttf,CBAGJWPD6YXT0RNZL49E3HSU875KFVMQ2,3,3,1,0.85,16.0,0.63662,0.603355,CBAGJWPD6YXTURNZL49E3HSUSTSKEVMQ2,0.151515,0.848485,point_previews/task000050_mu000064_rho100_n1.png
0.1,256,8,license_plate_bahnschrift.ttf,CBAGJWPD6YXT0RNZL49E3HSU875KFVMQ2,3,3,0,0.085,5.059644,0.959381,1.907975,CBAGJWPDSYXTURNZL4SESHSUSTSKFYNG2,0.30303,0.69697,point_previews/task000051_mu000256_rho010_n0.png
0.1,256,8,license_plate_bahnschrift.ttf,CBAGJWPD6YXT0RNZL49E3HSU875KFVMQ2,3,3,1,0.085,5.059644,0.959381,1.907975,CBAGJWPDSYXTQRNZL49E3HSUSTSKEVMG2,0.212121,0.787879,point_previews/task000051_mu000256_rho010_n1.png
0.2,256,8,license_plate_bahnschrift.ttf,CBAGJWPD6YXT0RNZL49E3HSU875KFVMQ2,3,3,0,0.17,7.155418,0.919759,1.349142,CBAGJWPD4YXTQRNZLA9ESHSUSTSKFYMG2,0.272727,0.727273,point_previews/task000051_mu000256_rho020_n0.png
0.2,256,8,license_plate_bahnschrift.ttf,CBAGJWPD6YXT0RNZL49E3HSU875KFVMQ2,3,3,1,0.17,7.155418,0.919759,1.349142,CBAGJWPD6YXTRNZL49E3HSUSTSKFYMQ2,0.151515,0.848485,point_previews/task000051_mu000256_rho020_n1.png
0.3,256,8,license_plate_bahnschrift.ttf,CBAGJWPD6YXT0RNZL49E3HSU875KFVMQ2,3,3,0,0.255,8.763561,0.881116,1.10157,CBAGJWPD4YXT0RNZL49E3HSU8TSKFYMG2,0.151515,0.848485,point_previews/task000051_mu000256_rho030_n0.png
0.3,256,8,license_plate_bahnschrift.ttf,CBAGJWPD6YXT0RNZL49E3HSU875KFVMQ2,3,3,1,0.255,8.763561,0.881116,1.10157,CBAGJWPD4YXT0RNZL49E3HSU875KFVMG2,0.060606,0.939394,point_previews/task000051_mu000256_rho030_n1.png
0.4,256,8,license_plate_bahnschrift.ttf,CBAGJWPD6YXT0RNZL49E3HSU875KFVMQ2,3,3,0,0.34,10.119289,0.843436,0.953987,CBAGJWPD4YXT0RNZL49ESHSUBTSKFVMG2,0.181818,0.818182,point_previews/task000051_mu000256_rho040_n0.png
0.4,256,8,license_plate_bahnschrift.ttf,CBAGJWPD6YXT0RNZL49E3HSU875KFVMQ2,3,3,1,0.34,10.119289,0.843436,0.953987,CBAGJWPD4YXT0RNZL49E3HSUBTSKFYMGQ2,0.181818,0.818182,point_previews/task000051_mu000256_rho040_n1.png
0.5,256,8,license_plate_bahnschrift.ttf,CBAGJWPD6YXT0RNZL49E3HSU875KFVMQ2,3,3,0,0.425,11.313708,0.8067,0.853272,CBAGJWPD46YXT0RNZL49E3HSU87TSKFVMG2,0.121212,0.878788,point_previews/task000051_mu000256_rho050_n0.png
0.5,256,8,license_plate_bahnschrift.ttf,CBAGJWPD6YXT0RNZL49E3HSU875KFVMQ2,3,3,1,0.425,11.313708,0.8067,0.853272,CBAGJWPD4YXTGRNZL49E3HSUS75KFVMG2,0.121212,0.878788,point_previews/task000051_mu000256_rho050_n1.png
0.6,256,8,license_plate_bahnschrift.ttf,CBAGJWPD6YXT0RNZL49E3HSU875KFVMQ2,3,3,0,0.51,12.393547,0.770893,0.778927,CBAGJWPD46YXTRNZL49ESHSUSTSKFVMG2,0.212121,0.787879,point_previews/task000051_mu000256_rho060_n0.png
0.6,256,8,license_plate_bahnschrift.ttf,CBAGJWPD6YXT0RNZL49E3HSU875KFVMQ2,3,3,1,0.51,12.393547,0.770893,0.778927,CBAGJWPD4YXTCRNZL49E3HSUSTSKFVMQG2,0.181818,0.818182,point_previews/task000051_mu000256_rho060_n1.png
0.7,256,8,license_plate_bahnschrift.ttf,CBAGJWPD6YXT0RNZL49E3HSU875KFVMQ2,3,3,0,0.595,13.38656,0.735998,0.721147,CBAGJWPD4YXT0RNZL49E3HSU87TSKFVMQ2,0.090909,0.909091,point_previews/task000051_mu000256_rho070_n0.png
0.7,256,8,license_plate_bahnschrift.ttf,CBAGJWPD6YXT0RNZL49E3HSU875KFVMQ2,3,3,1,0.595,13.38656,0.735998,0.721147,CBAGJWPD6YXTC0RNZL49ESHSU875KFVMG2,0.090909,0.909091,point_previews/task000051_mu000256_rho070_n1.png
0.8,256,8,license_plate_bahnschrift.ttf,CBAGJWPD6YXT0RNZL49E3HSU875KFVMQ2,3,3,0,0.68,14.310835,0.701998,0.674571,CBAGJWPD4YXT0RNZL49E3HSUST5SKFVMQG2,0.151515,0.848485,point_previews/task000051_mu000256_rho080_n0.png
0.8,256,8,license_plate_bahnschrift.ttf,CBAGJWPD6YXT0RNZL49E3HSU875KFVMQ2,3,3,1,0.68,14.310835,0.701998,0.674571,CBAGJWPD6YXT0RNZL49ESHSU875KFVMQ2,0.030303,0.969697,point_previews/task000051_mu000256_rho080_n1.png
0.9,256,8,license_plate_bahnschrift.ttf,CBAGJWPD6YXT0RNZL49E3HSU875KFVMQ2,3,3,0,0.765,15.178933,0.668877,0.635992,CBAGJWPD6YXTCRNZL49ESHSU875KFVMQG2,0.090909,0.909091,point_previews/task000051_mu000256_rho090_n0.png
0.9,256,8,license_plate_bahnschrift.ttf,CBAGJWPD6YXT0RNZL49E3HSU875KFVMQ2,3,3,1,0.765,15.178933,0.668877,0.635992,CBAGJWPDS6YXT0RNZL49E3HSU8TSKFVMQ2,0.090909,0.909091,point_previews/task000051_mu000256_rho090_n1.png
1.0,256,8,license_plate_bahnschrift.ttf,CBAGJWPD6YXT0RNZL49E3HSU875KFVMQ2,3,3,0,0.85,16.0,0.63662,0.603355,CBAGJWPD6YXTRNZL49ESHSU875KFVMQG2,0.090909,0.909091,point_previews/task000051_mu000256_rho100_n0.png
1.0,256,8,license_plate_bahnschrift.ttf,CBAGJWPD6YXT0RNZL49E3HSU875KFVMQ2,3,3,1,0.85,16.0,0.63662,0.603355,CBAGJWPD6YXTC0RNZL49ESHSU87T5SKFVMQG2,0.151515,0.848485,point_previews/task000051_mu000256_rho100_n1.png
0.1,1024,8,license_plate_bahnschrift.ttf,CBAGJWPD6YXT0RNZL49E3HSU875KFVMQ2,3,3,0,0.085,5.059644,0.959381,1.907975,CBAGJWPDAYXTQRNZL49ESHSUSTSKFYMG2,0.242424,0.757576,point_previews/task000052_mu001024_rho010_n0.png
0.1,1024,8,license_plate_bahnschrift.ttf,CBAGJWPD6YXT0RNZL49E3HSU875KFVMQ2,3,3,1,0.085,5.059644,0.959381,1.907975,CBAGWPDAYXTQRNZL49ESHSUSTSKFVMNG2,0.272727,0.727273,point_previews/task000052_mu001024_rho010_n1.png
0.2,1024,8,license_plate_bahnschrift.ttf,CBAGJWPD6YXT0RNZL49E3HSU875KFVMQ2,3,3,0,0.17,7.155418,0.919759,1.349142,CBAGJWPD4YXT0RNZL49E3HSUS7TSKFVMGQ2,0.151515,0.848485,point_previews/task000052_mu001024_rho020_n0.png
0.2,1024,8,license_plate_bahnschrift.ttf,CBAGJWPD6YXT0RNZL49E3HSU875KFVMQ2,3,3,1,0.17,7.155418,0.919759,1.349142,CBAGJWPD4YXT0RNZL49ESHSUSTSKFVMQ2,0.151515,0.848485,point_previews/task000052_mu001024_rho020_n1.png
0.3,1024,8,license_plate_bahnschrift.ttf,CBAGJWPD6YXT0RNZL49E3HSU875KFVMQ2,3,3,0,0.255,8.763561,0.881116,1.10157,CBAGJWPD46YXT0RNZL49ESHSU8TSKFVMQ2,0.121212,0.878788,point_previews/task000052_mu001024_rho030_n0.png
0.3,1024,8,license_plate_bahnschrift.ttf,CBAGJWPD6YXT0RNZL49E3HSU875KFVMQ2,3,3,1,0.255,8.763561,0.881116,1.10157,CBAGJWPD4YXTRNZL49E3HSU875KFVMG2,0.090909,0.909091,point_previews/task000052_mu001024_rho030_n1.png
0.4,1024,8,license_plate_bahnschrift.ttf,CBAGJWPD6YXT0RNZL49E3HSU875KFVMQ2,3,3,0,0.34,10.119289,0.843436,0.953987,CBAGJWPD4YXT0RNZL49E3HSUSTSKFVMQG2,0.151515,0.848485,point_previews/task000052_mu001024_rho040_n0.png
0.4,1024,8,license_plate_bahnschrift.ttf,CBAGJWPD6YXT0RNZL49E3HSU875KFVMQ2,3,3,1,0.34,10.119289,0.843436,0.953987,CBAGJWPD6YXT0RNZL49ESHSU8TSKFVMQG2,0.121212,0.878788,point_previews/task000052_mu001024_rho040_n1.png
0.5,1024,8,license_plate_bahnschrift.ttf,CBAGJWPD6YXT0RNZL49E3HSU875KFVMQ2,3,3,0,0.425,11.313708,0.8067,0.853272,CBAGJWPD6YXT0RNZL49ESHSUSTSKFVMQG2,0.151515,0.848485,point_previews/task000052_mu001024_rho050_n0.png
0.5,1024,8,license_plate_bahnschrift.ttf,CBAGJWPD6YXT0RNZL49E3HSU875KFVMQ2,3,3,1,0.425,11.313708,0.8067,0.853272,CBAGJWPD6YXT0RNZL49ESHSU875KFVMQ2,0.030303,0.969697,point_previews/task000052_mu001024_rho050_n1.png
0.6,1024,8,license_plate_bahnschrift.ttf,CBAGJWPD6YXT0RNZL49E3HSU875KFVMQ2,3,3,0,0.51,12.393547,0.770893,0.778927,CBAGJWPD46YXT0RNZL49ESHSU87T5SKFVMQ2,0.121212,0.878788,point_previews/task000052_mu001024_rho060_n0.png
0.6,1024,8,license_plate_bahnschrift.ttf,CBAGJWPD6YXT0RNZL49E3HSU875KFVMQ2,3,3,1,0.51,12.393547,0.770893,0.778927,CBAGJWPD4YXT0RNZL49E3HSU8TSKFVMQG2,0.121212,0.878788,point_previews/task000052_mu001024_rho060_n1.png
0.7,1024,8,license_plate_bahnschrift.ttf,CBAGJWPD6YXT0RNZL49E3HSU875KFVMQ2,3,3,0,0.595,13.38656,0.735998,0.721147,CBAGJWPD6YXT0RNZL49E3HSU875KFVMQ2,0.0,1.0,point_previews/task000052_mu001024_rho070_n0.png
0.7,1024,8,license_plate_bahnschrift.ttf,CBAGJWPD6YXT0RNZL49E3HSU875KFVMQ2,3,3,1,0.595,13.38656,0.735998,0.721147,CBAGJWPD4YXT0RNZL49E3HSUBTSKFVMQ2,0.121212,0.878788,point_previews/task000052_mu001024_rho070_n1.png
0.8,1024,8,license_plate_bahnschrift.ttf,CBAGJWPD6YXT0RNZL49E3HSU875KFVMQ2,3,3,0,0.68,14.310835,0.701998,0.674571,CBAGJWPD46YXT0RNZL49E3HSUS7TSKFVMQG2,0.151515,0.848485,point_previews/task000052_mu001024_rho080_n0.png
0.8,1024,8,license_plate_bahnschrift.ttf,CBAGJWPD6YXT0RNZL49E3HSU875KFVMQ2,3,3,1,0.68,14.310835,0.701998,0.674571,CBAGJWPD6YXTRNZL49E3HSU875KFVMQ2,0.030303,0.969697,point_previews/task000052_mu001024_rho080_n1.png
0.9,1024,8,license_plate_bahnschrift.ttf,CBAGJWPD6YXT0RNZL49E3HSU875KFVMQ2,3,3,0,0.765,15.178933,0.668877,0.635992,CBAGJWPD46YXT0RNZL49E3HSU875KFVMG2,0.060606,0.939394,point_previews/task000052_mu001024_rho090_n0.png
0.9,1024,8,license_plate_bahnschrift.ttf,CBAGJWPD6YXT0RNZL49E3HSU875KFVMQ2,3,3,1,0.765,15.178933,0.668877,0.635992,CBAGJWPD6YXT0RNZL49ESHSU875KFVMQ2,0.030303,0.969697,point_previews/task000052_mu001024_rho090_n1.png
1.0,1024,8,license_plate_bahnschrift.ttf,CBAGJWPD6YXT0RNZL49E3HSU875KFVMQ2,3,3,0,0.85,16.0,0.63662,0.603355,CBAGJWPD6YXT0RNZL49E3HSU875KFVMQ2,0.0,1.0,point_previews/task000052_mu001024_rho100_n0.png
1.0,1024,8,license_plate_bahnschrift.ttf,CBAGJWPD6YXT0RNZL49E3HSU875KFVMQ2,3,3,1,0.85,16.0,0.63662,0.603355,CBAGJWPD46YXT0RNZL49E3HSU87TSKFVMQG2,0.121212,0.878788,point_previews/task000052_mu001024_rho100_n1.png
0.1,4096,8,license_plate_bahnschrift.ttf,CBAGJWPD6YXT0RNZL49E3HSU875KFVMQ2,3,3,0,0.085,5.059644,0.959381,1.907975,CBAGJWPD4YXTRNZL49ESHSUSTSKFYVMQG2,0.242424,0.757576,point_previews/task000053_mu004096_rho010_n0.png
0.1,4096,8,license_plate_bahnschrift.ttf,CBAGJWPD6YXT0RNZL49E3HSU875KFVMQ2,3,3,1,0.085,5.059644,0.959381,1.907975,CBAGJWPD4YXTARNZL49ESHSUSTSKFYMG2,0.242424,0.757576,point_previews/task000053_mu004096_rho010_n1.png
0.2,4096,8,license_plate_bahnschrift.ttf,CBAGJWPD6YXT0RNZL49E3HSU875KFVMQ2,3,3,0,0.17,7.155418,0.919759,1.349142,CBAGJWPD4YXT0RNZL49ESHSU8TSKFVMQ2,0.121212,0.878788,point_previews/task000053_mu004096_rho020_n0.png
0.2,4096,8,license_plate_bahnschrift.ttf,CBAGJWPD6YXT0RNZL49E3HSU875KFVMQ2,3,3,1,0.17,7.155418,0.919759,1.349142,CBAGJWPD4YXT0RNZL49ESHSUSTSKFVMQ2,0.151515,0.848485,point_previews/task000053_mu004096_rho020_n1.png
0.3,4096,8,license_plate_bahnschrift.ttf,CBAGJWPD6YXT0RNZL49E3HSU875KFVMQ2,3,3,0,0.255,8.763561,0.881116,1.10157,CBAGJWPD4SYXT0RNZL49ESHSUSTSKFVMQ2,0.181818,0.818182,point_previews/task000053_mu004096_rho030_n0.png
0.3,4096,8,license_plate_bahnschrift.ttf,CBAGJWPD6YXT0RNZL49E3HSU875KFVMQ2,3,3,1,0.255,8.763561,0.881116,1.10157,CBAGJWPD6YXT0RNZL49ESHSU8TSKFVMQ2,0.090909,0.909091,point_previews/task000053_mu004096_rho030_n1.png
0.4,4096,8,license_plate_bahnschrift.ttf,CBAGJWPD6YXT0RNZL49E3HSU875KFVMQ2,3,3,0,0.34,10.119289,0.843436,0.953987,CBAGJWPD4YXT0RNZL49ESHSUSTSKFVMQG2,0.181818,0.818182,point_previews/task000053_mu004096_rho040_n0.png
0.4,4096,8,license_plate_bahnschrift.ttf,CBAGJWPD6YXT0RNZL49E3HSU875KFVMQ2,3,3,1,0.34,10.119289,0.843436,0.953987,CBAGJWPD46YXT0RNZL49ESHSU875KFVMQ2,0.060606,0.939394,point_previews/task000053_mu004096_rho040_n1.png
0.5,4096,8,license_plate_bahnschrift.ttf,CBAGJWPD6YXT0RNZL49E3HSU875KFVMQ2,3,3,0,0.425,11.313708,0.8067,0.853272,CBAGJWPD4YXT0RNZL49E3HSUS7TSKFVMQ2,0.121212,0.878788,point_previews/task000053_mu004096_rho050_n0.png
0.5,4096,8,license_plate_bahnschrift.ttf,CBAGJWPD6YXT0RNZL49E3HSU875KFVMQ2,3,3,1,0.425,11.313708,0.8067,0.853272,CBAGJWPD4YXT0RNZL49E3HSUS75SKFVMQ2,0.090909,0.909091,point_previews/task000053_mu004096_rho050_n1.png
0.6,4096,8,license_plate_bahnschrift.ttf,CBAGJWPD6YXT0RNZL49E3HSU875KFVMQ2,3,3,0,0.51,12.393547,0.770893,0.778927,CBAGJWPD4YXT0RNZL49E3HSUB7T5SKFVMQG2,0.151515,0.848485,point_previews/task000053_mu004096_rho060_n0.png
0.6,4096,8,license_plate_bahnschrift.ttf,CBAGJWPD6YXT0RNZL49E3HSU875KFVMQ2,3,3,1,0.51,12.393547,0.770893,0.778927,CBAGJWPD4YXT0RNZL49E3HSU87TSKFVMQ2,0.090909,0.909091,point_previews/task000053_mu004096_rho060_n1.png
0.7,4096,8,license_plate_bahnschrift.ttf,CBAGJWPD6YXT0RNZL49E3HSU875KFVMQ2,3,3,0,0.595,13.38656,0.735998,0.721147,CBAGJWPD4YXT0RNZL49E3HSU87T5SKFVMQ2,0.090909,0.909091,point_previews/task000053_mu004096_rho070_n0.png
0.7,4096,8,license_plate_bahnschrift.ttf,CBAGJWPD6YXT0RNZL49E3HSU875KFVMQ2,3,3,1,0.595,13.38656,0.735998,0.721147,CBAGJWPD4YXT0RNZL49E3HSUSTSKFVMQ2,0.121212,0.878788,point_previews/task000053_mu004096_rho070_n1.png
0.8,4096,8,license_plate_bahnschrift.ttf,CBAGJWPD6YXT0RNZL49E3HSU875KFVMQ2,3,3,0,0.68,14.310835,0.701998,0.674571,CBAGJWPD46YXT0RNZL49E3HSUB7TSKFVMQ2,0.121212,0.878788,point_previews/task000053_mu004096_rho080_n0.png
0.8,4096,8,license_plate_bahnschrift.ttf,CBAGJWPD6YXT0RNZL49E3HSU875KFVMQ2,3,3,1,0.68,14.310835,0.701998,0.674571,CBAGJWPD46YXT0RNZL49E3HSUB75KFVMQ2,0.060606,0.939394,point_previews/task000053_mu004096_rho080_n1.png
0.9,4096,8,license_plate_bahnschrift.ttf,CBAGJWPD6YXT0RNZL49E3HSU875KFVMQ2,3,3,0,0.765,15.178933,0.668877,0.635992,CBAGJWPD4YXT0RNZL49E3HSU87T5SKFVMQG2,0.121212,0.878788,point_previews/task000053_mu004096_rho090_n0.png
0.9,4096,8,license_plate_bahnschrift.ttf,CBAGJWPD6YXT0RNZL49E3HSU875KFVMQ2,3,3,1,0.765,15.178933,0.668877,0.635992,CBAGJWPD4YXT0RNZL49ESHSU87TSKFVMQ2,0.121212,0.878788,point_previews/task000053_mu004096_rho090_n1.png
1.0,4096,8,license_plate_bahnschrift.ttf,CBAGJWPD6YXT0RNZL49E3HSU875KFVMQ2,3,3,0,0.85,16.0,0.63662,0.603355,CBAGJWPD6YXTCRNZL49E3HSU875KFVMQ2,0.030303,0.969697,point_previews/task000053_mu004096_rho100_n0.png
1.0,4096,8,license_plate_bahnschrift.ttf,CBAGJWPD6YXT0RNZL49E3HSU875KFVMQ2,3,3,1,0.85,16.0,0.63662,0.603355,CBAGJWPD6YXTCRNZL49E3HSU875KFVMQ2,0.030303,0.969697,point_previews/task000053_mu004096_rho100_n1.png
0.1,16384,8,license_plate_bahnschrift.ttf,CBAGJWPD6YXT0RNZL49E3HSU875KFVMQ2,3,3,0,0.085,5.059644,0.959381,1.907975,CBAGJWPD4YXTQRNZL49ESHSUSTSKFYMQ2,0.212121,0.787879,point_previews/task000054_mu016384_rho010_n0.png
0.1,16384,8,license_plate_bahnschrift.ttf,CBAGJWPD6YXT0RNZL49E3HSU875KFVMQ2,3,3,1,0.085,5.059644,0.959381,1.907975,CBAGJWPD4YXT0RNZL49ESHSUS7TSKFYMQG2,0.212121,0.787879,point_previews/task000054_mu016384_rho010_n1.png
0.2,16384,8,license_plate_bahnschrift.ttf,CBAGJWPD6YXT0RNZL49E3HSU875KFVMQ2,3,3,0,0.17,7.155418,0.919759,1.349142,CBAGJWPD4YXTRNZL49ESHSU87TSKFVMQ2,0.151515,0.848485,point_previews/task000054_mu016384_rho020_n0.png
0.2,16384,8,license_plate_bahnschrift.ttf,CBAGJWPD6YXT0RNZL49E3HSU875KFVMQ2,3,3,1,0.17,7.155418,0.919759,1.349142,CBAGJWPD4YXTRNZL49ESHSU8S7TSKFVMQ2,0.181818,0.818182,point_previews/task000054_mu016384_rho020_n1.png
0.3,16384,8,license_plate_bahnschrift.ttf,CBAGJWPD6YXT0RNZL49E3HSU875KFVMQ2,3,3,0,0.255,8.763561,0.881116,1.10157,CBAGJWPD6YXT0RNZL49ESHSU8TSKFVMQ2,0.090909,0.909091,point_previews/task000054_mu016384_rho030_n0.png
0.3,16384,8,license_plate_bahnschrift.ttf,CBAGJWPD6YXT0RNZL49E3HSU875KFVMQ2,3,3,1,0.255,8.763561,0.881116,1.10157,CBAGJWPD46YXT0RNZL49ESHSU87TSKFVMQ2,0.121212,0.878788,point_previews/task000054_mu016384_rho030_n1.png
0.4,16384,8,license_plate_bahnschrift.ttf,CBAGJWPD6YXT0RNZL49E3HSU875KFVMQ2,3,3,0,0.34,10.119289,0.843436,0.953987,CBAGJWPD4YXT0RNZL49ESHSUSTSKFVMQ2,0.151515,0.848485,point_previews/task000054_mu016384_rho040_n0.png
0.4,16384,8,license_plate_bahnschrift.ttf,CBAGJWPD6YXT0RNZL49E3HSU875KFVMQ2,3,3,1,0.34,10.119289,0.843436,0.953987,CBAGJWPD4YXT0RNZL49ESHSUSTSKFVMQ2,0.151515,0.848485,point_previews/task000054_mu016384_rho040_n1.png
0.5,16384,8,license_plate_bahnschrift.ttf,CBAGJWPD6YXT0RNZL49E3HSU875KFVMQ2,3,3,0,0.425,11.313708,0.8067,0.853272,CBAGJWPD4YXT0RNZL49ESHSUS7TSKFVMQ2,0.151515,0.848485,point_previews/task000054_mu016384_rho050_n0.png
0.5,16384,8,license_plate_bahnschrift.ttf,CBAGJWPD6YXT0RNZL49E3HSU875KFVMQ2,3,3,1,0.425,11.313708,0.8067,0.853272,CBAGJWPD4YXT0RNZL49E3HSUS7TSKFVMQ2,0.121212,0.878788,point_previews/task000054_mu016384_rho050_n1.png
0.6,16384,8,license_plate_bahnschrift.ttf,CBAGJWPD6YXT0RNZL49E3HSU875KFVMQ2,3,3,0,0.51,12.393547,0.770893,0.778927,CBAGJWPD4YXT0RNZL49E3HSUS7TSKFVMQ2,0.121212,0.878788,point_previews/task000054_mu016384_rho060_n0.png
0.6,16384,8,license_plate_bahnschrift.ttf,CBAGJWPD6YXT0RNZL49E3HSU875KFVMQ2,3,3,1,0.51,12.393547,0.770893,0.778927,CBAGJWPD4YXT0RNZL49E3HSU87TSKFVMQ2,0.090909,0.909091,point_previews/task000054_mu016384_rho060_n1.png
0.7,16384,8,license_plate_bahnschrift.ttf,CBAGJWPD6YXT0RNZL49E3HSU875KFVMQ2,3,3,0,0.595,13.38656,0.735998,0.721147,CBAGJWPD4YXT0RNZL49E3HSU87TSKFVMQ2,0.090909,0.909091,point_previews/task000054_mu016384_rho070_n0.png
0.7,16384,8,license_plate_bahnschrift.ttf,CBAGJWPD6YXT0RNZL49E3HSU875KFVMQ2,3,3,1,0.595,13.38656,0.735998,0.721147,CBAGJWPD4YXT0RNZL49E3HSU87TSKFVMQ2,0.090909,0.909091,point_previews/task000054_mu016384_rho070_n1.png
0.8,16384,8,license_plate_bahnschrift.ttf,CBAGJWPD6YXT0RNZL49E3HSU875KFVMQ2,3,3,0,0.68,14.310835,0.701998,0.674571,CBAGJWPD46YXT0RNZL49E3HSU87T5SKFVMQ2,0.090909,0.909091,point_previews/task000054_mu016384_rho080_n0.png
0.8,16384,8,license_plate_bahnschrift.ttf,CBAGJWPD6YXT0RNZL49E3HSU875KFVMQ2,3,3,1,0.68,14.310835,0.701998,0.674571,CBAGJWPD4YXT0RNZL49E3HSU8B7T5KFVMQ2,0.090909,0.909091,point_previews/task000054_mu016384_rho080_n1.png
0.9,16384,8,license_plate_bahnschrift.ttf,CBAGJWPD6YXT0RNZL49E3HSU875KFVMQ2,3,3,0,0.765,15.178933,0.668877,0.635992,CBAGJWPD4YXT0RNZL49E3HSU87T5SKFVMQ2,0.090909,0.909091,point_previews/task000054_mu016384_rho090_n0.png
0.9,16384,8,license_plate_bahnschrift.ttf,CBAGJWPD6YXT0RNZL49E3HSU875KFVMQ2,3,3,1,0.765,15.178933,0.668877,0.635992,CBAGJWPD6YXT0RNZL49E3HSU875KFVMQG2,0.030303,0.969697,point_previews/task000054_mu016384_rho090_n1.png
1.0,16384,8,license_plate_bahnschrift.ttf,CBAGJWPD6YXT0RNZL49E3HSU875KFVMQ2,3,3,0,0.85,16.0,0.63662,0.603355,CBAGJWPD6YXTCRNZL49E3HSU875KFVMQ2,0.030303,0.969697,point_previews/task000054_mu016384_rho100_n0.png
1.0,16384,8,license_plate_bahnschrift.ttf,CBAGJWPD6YXT0RNZL49E3HSU875KFVMQ2,3,3,1,0.85,16.0,0.63662,0.603355,CBAGJWPD6YXT0RNZL49E3HSU875KFVMQ2,0.0,1.0,point_previews/task000054_mu016384_rho100_n1.png
0.1,65536,8,license_plate_bahnschrift.ttf,CBAGJWPD6YXT0RNZL49E3HSU875KFVMQ2,3,3,0,0.085,5.059644,0.959381,1.907975,CBAGJWPD4YXT0RNZL49ESHSUS7TSKFYMQ2,0.181818,0.818182,point_previews/task000055_mu065536_rho010_n0.png
0.1,65536,8,license_plate_bahnschrift.ttf,CBAGJWPD6YXT0RNZL49E3HSU875KFVMQ2,3,3,1,0.085,5.059644,0.959381,1.907975,CBAGJWPD4YXTQRNZL49ESHSUSTSKFYMQG2,0.242424,0.757576,point_previews/task000055_mu065536_rho010_n1.png
0.2,65536,8,license_plate_bahnschrift.ttf,CBAGJWPD6YXT0RNZL49E3HSU875KFVMQ2,3,3,0,0.17,7.155418,0.919759,1.349142,CBAGJWPD4YXT0RNZL49ESHSU8TSKFVMQ2,0.121212,0.878788,point_previews/task000055_mu065536_rho020_n0.png
0.2,65536,8,license_plate_bahnschrift.ttf,CBAGJWPD6YXT0RNZL49E3HSU875KFVMQ2,3,3,1,0.17,7.155418,0.919759,1.349142,CBAGJWPD46YXT0RNZL49ESHSU8TSKFVMQ2,0.121212,0.878788,point_previews/task000055_mu065536_rho020_n1.png
0.3,65536,8,license_plate_bahnschrift.ttf,CBAGJWPD6YXT0RNZL49E3HSU875KFVMQ2,3,3,0,0.255,8.763561,0.881116,1.10157,CBAGJWPD6YXT0RNZL49ESHSU87TSKFVMQ2,0.090909,0.909091,point_previews/task000055_mu065536_rho030_n0.png
0.3,65536,8,license_plate_bahnschrift.ttf,CBAGJWPD6YXT0RNZL49E3HSU875KFVMQ2,3,3,1,0.255,8.763561,0.881116,1.10157,CBAGJWPD46YXT0RNZL49ESHSU8TSKFVMQ2,0.121212,0.878788,point_previews/task000055_mu065536_rho030_n1.png
0.4,65536,8,license_plate_bahnschrift.ttf,CBAGJWPD6YXT0RNZL49E3HSU875KFVMQ2,3,3,0,0.34,10.119289,0.843436,0.953987,CBAGJWPD4YXT0RNZL49ESHSUSTSKFVMQ2,0.151515,0.848485,point_previews/task000055_mu065536_rho040_n0.png
0.4,65536,8,license_plate_bahnschrift.ttf,CBAGJWPD6YXT0RNZL49E3HSU875KFVMQ2,3,3,1,0.34,10.119289,0.843436,0.953987,CBAGJWPD4YXT0RNZL49ESHSUSTSKFVMQG2,0.181818,0.818182,point_previews/task000055_mu065536_rho040_n1.png
0.5,65536,8,license_plate_bahnschrift.ttf,CBAGJWPD6YXT0RNZL49E3HSU875KFVMQ2,3,3,0,0.425,11.313708,0.8067,0.853272,CBAGJWPD4YXT0RNZL49E3HSU87TSKFVMQ2,0.090909,0.909091,point_previews/task000055_mu065536_rho050_n0.png
0.5,65536,8,license_plate_bahnschrift.ttf,CBAGJWPD6YXT0RNZL49E3HSU875KFVMQ2,3,3,1,0.425,11.313708,0.8067,0.853272,CBAGJWPD4YXT0RNZL49E3HSUS7TSKFVMQ2,0.121212,0.878788,point_previews/task000055_mu065536_rho050_n1.png
0.6,65536,8,license_plate_bahnschrift.ttf,CBAGJWPD6YXT0RNZL49E3HSU875KFVMQ2,3,3,0,0.51,12.393547,0.770893,0.778927,CBAGJWPD4YXT0RNZL49E3HSUSTSKFVMQ2,0.121212,0.878788,point_previews/task000055_mu065536_rho060_n0.png
0.6,65536,8,license_plate_bahnschrift.ttf,CBAGJWPD6YXT0RNZL49E3HSU875KFVMQ2,3,3,1,0.51,12.393547,0.770893,0.778927,CBAGJWPD4YXT0RNZL49E3HSU87T5SKFVMQ2,0.090909,0.909091,point_previews/task000055_mu065536_rho060_n1.png
0.7,65536,8,license_plate_bahnschrift.ttf,CBAGJWPD6YXT0RNZL49E3HSU875KFVMQ2,3,3,0,0.595,13.38656,0.735998,0.721147,CBAGJWPD4YXT0RNZL49E3HSU8TSKFVMQ2,0.090909,0.909091,point_previews/task000055_mu065536_rho070_n0.png
0.7,65536,8,license_plate_bahnschrift.ttf,CBAGJWPD6YXT0RNZL49E3HSU875KFVMQ2,3,3,1,0.595,13.38656,0.735998,0.721147,CBAGJWPD4YXT0RNZL49E3HSU87TSKFVMQ2,0.090909,0.909091,point_previews/task000055_mu065536_rho070_n1.png
0.8,65536,8,license_plate_bahnschrift.ttf,CBAGJWPD6YXT0RNZL49E3HSU875KFVMQ2,3,3,0,0.68,14.310835,0.701998,0.674571,CBAGJWPD4YXT0RNZL49E3HSUS7T5SKFVMQ2,0.121212,0.878788,point_previews/task000055_mu065536_rho080_n0.png
0.8,65536,8,license_plate_bahnschrift.ttf,CBAGJWPD6YXT0RNZL49E3HSU875KFVMQ2,3,3,1,0.68,14.310835,0.701998,0.674571,CBAGJWPD4YXT0RNZL49E3HSU87T5SKFVMQ2,0.090909,0.909091,point_previews/task000055_mu065536_rho080_n1.png
0.9,65536,8,license_plate_bahnschrift.ttf,CBAGJWPD6YXT0RNZL49E3HSU875KFVMQ2,3,3,0,0.765,15.178933,0.668877,0.635992,CBAGJWPD4YXT0RNZL49E3HSU8B7T5SKFVMQ2,0.121212,0.878788,point_previews/task000055_mu065536_rho090_n0.png
0.9,65536,8,license_plate_bahnschrift.ttf,CBAGJWPD6YXT0RNZL49E3HSU875KFVMQ2,3,3,1,0.765,15.178933,0.668877,0.635992,CBAGJWPD4YXT0RNZL49E3HSU87T5SKFVMQ2,0.090909,0.909091,point_previews/task000055_mu065536_rho090_n1.png
1.0,65536,8,license_plate_bahnschrift.ttf,CBAGJWPD6YXT0RNZL49E3HSU875KFVMQ2,3,3,0,0.85,16.0,0.63662,0.603355,CBAGJWPD6YXTCRNZL49E3HSU875KFVMQ2,0.030303,0.969697,point_previews/task000055_mu065536_rho100_n0.png
1.0,65536,8,license_plate_bahnschrift.ttf,CBAGJWPD6YXT0RNZL49E3HSU875KFVMQ2,3,3,1,0.85,16.0,0.63662,0.603355,CBAGJWPD6YXT0RNZL49E3HSU875KFVMQ2,0.0,1.0,point_previews/task000055_mu065536_rho100_n1.png
0.1,4,8,license_plate_bahnschrift.ttf,CBAGJWPD6YXT0RNZL49E3HSU875KFVMQ2,3,7,0,0.085,5.059644,0.959381,1.907975,TREYUMR,0.848485,0.151515,point_previews/task000056_mu000004_rho010_n0.png
0.1,4,8,license_plate_bahnschrift.ttf,CBAGJWPD6YXT0RNZL49E3HSU875KFVMQ2,3,7,1,0.085,5.059644,0.959381,1.907975,,1.0,0.0,point_previews/task000056_mu000004_rho010_n1.png
0.2,4,8,license_plate_bahnschrift.ttf,CBAGJWPD6YXT0RNZL49E3HSU875KFVMQ2,3,7,0,0.17,7.155418,0.919759,1.349142,2SAETPMTEPRD,0.878788,0.121212,point_previews/task000056_mu000004_rho020_n0.png
0.2,4,8,license_plate_bahnschrift.ttf,CBAGJWPD6YXT0RNZL49E3HSU875KFVMQ2,3,7,1,0.17,7.155418,0.919759,1.349142,PSPEAR,0.939394,0.060606,point_previews/task000056_mu000004_rho020_n1.png
0.3,4,8,license_plate_bahnschrift.ttf,CBAGJWPD6YXT0RNZL49E3HSU875KFVMQ2,3,7,0,0.255,8.763561,0.881116,1.10157,BLTARSAARERNSARS,0.848485,0.151515,point_previews/task000056_mu000004_rho030_n0.png
0.3,4,8,license_plate_bahnschrift.ttf,CBAGJWPD6YXT0RNZL49E3HSU875KFVMQ2,3,7,1,0.255,8.763561,0.881116,1.10157,SSTRFEWSTEANSALSANELSGEL,0.909091,0.090909,point_previews/task000056_mu000004_rho030_n1.png
0.4,4,8,license_plate_bahnschrift.ttf,CBAGJWPD6YXT0RNZL49E3HSU875KFVMQ2,3,7,0,0.34,10.119289,0.843436,0.953987,ERMNKFSNSF,0.909091,0.090909,point_previews/task000056_mu000004_rho040_n0.png
0.4,4,8,license_plate_bahnschrift.ttf,CBAGJWPD6YXT0RNZL49E3HSU875KFVMQ2,3,7,1,0.34,10.119289,0.843436,0.953987,RMM,0.939394,0.060606,point_previews/task000056_mu000004_rho040_n1.png
0.5,4,8,license_plate_bahnschrift.ttf,CBAGJWPD6YXT0RNZL49E3HSU875KFVMQ2,3,7,0,0.425,11.313708,0.8067,0.853272,RRDRRAEABRSARTTEE,0.909091,0.090909,point_previews/task000056_mu000004_rho050_n0.png
0.5,4,8,license_plate_bahnschrift.ttf,CBAGJWPD6YXT0RNZL49E3HSU875KFVMQ2,3,7,1,0.425,11.313708,0.8067,0.853272,BCMAD,0.939394,0.060606,point_previews/task000056_mu000004_rho050_n1.png
0.6,4,8,license_plate_bahnschrift.ttf,CBAGJWPD6YXT0RNZL49E3HSU875KFVMQ2,3,7,0,0.51,12.393547,0.770893,0.778927,SSTLERCPAEMSEAC,0.909091,0.090909,point_previews/task000056_mu000004_rho060_n0.png
0.6,4,8,license_plate_bahnschrift.ttf,CBAGJWPD6YXT0RNZL49E3HSU875KFVMQ2,3,7,1,0.51,12.393547,0.770893,0.778927,SSRGRSEYHNNESBDDRAR,0.848485,0.151515,point_previews/task000056_mu000004_rho060_n1.png
0.7,4,8,license_plate_bahnschrift.ttf,CBAGJWPD6YXT0RNZL49E3HSU875KFVMQ2,3,7,0,0.595,13.38656,0.735998,0.721147,PTMDE,0.909091,0.090909,point_previews/task000056_mu000004_rho070_n0.png
0.7,4,8,license_plate_bahnschrift.ttf,CBAGJWPD6YXT0RNZL49E3HSU875KFVMQ2,3,7,1,0.595,13.38656,0.735998,0.721147,AREATRCSMMTPR,0.878788,0.121212,point_previews/task000056_mu000004_rho070_n1.png
0.8,4,8,license_plate_bahnschrift.ttf,CBAGJWPD6YXT0RNZL49E3HSU875KFVMQ2,3,7,0,0.68,14.310835,0.701998,0.674571,SBESF6RSNTRTSBU,0.878788,0.121212,point_previews/task000056_mu000004_rho080_n0.png
0.8,4,8,license_plate_bahnschrift.ttf,CBAGJWPD6YXT0RNZL49E3HSU875KFVMQ2,3,7,1,0.68,14.310835,0.701998,0.674571,JRAPESATSASET7UEA,0.848485,0.151515,point_previews/task000056_mu000004_rho080_n1.png
0.9,4,8,license_plate_bahnschrift.ttf,CBAGJWPD6YXT0RNZL49E3HSU875KFVMQ2,3,7,0,0.765,15.178933,0.668877,0.635992,,1.0,0.0,point_previews/task000056_mu000004_rho090_n0.png
0.9,4,8,license_plate_bahnschrift.ttf,CBAGJWPD6YXT0RNZL49E3HSU875KFVMQ2,3,7,1,0.765,15.178933,0.668877,0.635992,CHARAWSEECSTAMS0CSCRRGE,0.848485,0.151515,point_previews/task000056_mu000004_rho090_n1.png
1.0,4,8,license_plate_bahnschrift.ttf,CBAGJWPD6YXT0RNZL49E3HSU875KFVMQ2,3,7,0,0.85,16.0,0.63662,0.603355,,1.0,0.0,point_previews/task000056_mu000004_rho100_n0.png
1.0,4,8,license_plate_bahnschrift.ttf,CBAGJWPD6YXT0RNZL49E3HSU875KFVMQ2,3,7,1,0.85,16.0,0.63662,0.603355,SBALTHACBYRERGEAGETHGSERY,0.818182,0.181818,point_previews/task000056_mu000004_rho100_n1.png
0.1,16,8,license_plate_bahnschrift.ttf,CBAGJWPD6YXT0RNZL49E3HSU875KFVMQ2,3,7,0,0.085,5.059644,0.959381,1.907975,BSUACRRERTANCAA,0.909091,0.090909,point_previews/task000057_mu000016_rho010_n0.png
0.1,16,8,license_plate_bahnschrift.ttf,CBAGJWPD6YXT0RNZL49E3HSU875KFVMQ2,3,7,1,0.085,5.059644,0.959381,1.907975,MSGHMERTSAESPNNA,0.878788,0.121212,point_previews/task000057_mu000016_rho010_n1.png
0.2,16,8,license_plate_bahnschrift.ttf,CBAGJWPD6YXT0RNZL49E3HSU875KFVMQ2,3,7,0,0.17,7.155418,0.919759,1.349142,RSABYREST2PLSPARYA,0.848485,0.151515,point_previews/task000057_mu000016_rho020_n0.png
0.2,16,8,license_plate_bahnschrift.ttf,CBAGJWPD6YXT0RNZL49E3HSU875KFVMQ2,3,7,1,0.17,7.155418,0.919759,1.349142,QUERUAATBANCCHYEEASCSEEUR,0.878788,0.121212,point_previews/task000057_mu000016_rho020_n1.png
0.3,16,8,license_plate_bahnschrift.ttf,CBAGJWPD6YXT0RNZL49E3HSU875KFVMQ2,3,7,0,0.255,8.763561,0.881116,1.10157,DERAGHREDSTTBRRELATESHSETEEY,0.757576,0.242424,point_previews/task000057_mu000016_rho030_n0.png
0.3,16,8,license_plate_bahnschrift.ttf,CBAGJWPD6YXT0RNZL49E3HSU875KFVMQ2,3,7,1,0.255,8.763561,0.881116,1.10157,APEAKSETRRSLPSSHUSSEDNS,0.818182,0.181818,point_previews/task000057_mu000016_rho030_n1.png
0.4,16,8,license_plate_bahnschrift.ttf,CBAGJWPD6YXT0RNZL49E3HSU875KFVMQ2,3,7,0,0.34,10.119289,0.843436,0.953987,QBAGAVUERSYSTURKELPESRSURRENE,0.727273,0.272727,point_previews/task000057_mu000016_rho040_n0.png
0.4,16,8,license_plate_bahnschrift.ttf,CBAGJWPD6YXT0RNZL49E3HSU875KFVMQ2,3,7,1,0.34,10.119289,0.843436,0.953987,EBAGRTPUGTRTDANZEAESHSUSEKR,0.636364,0.363636,point_previews/task000057_mu000016_rho040_n1.png
0.5,16,8,license_plate_bahnschrift.ttf,CBAGJWPD6YXT0RNZL49E3HSU875KFVMQ2,3,7,0,0.425,11.313708,0.8067,0.853272,EBAGEAEGATXTBRMELASESHSGTSKEVNGE,0.636364,0.363636,point_previews/task000057_mu000016_rho050_n0.png
0.5,16,8,license_plate_bahnschrift.ttf,CBAGJWPD6YXT0RNZL49E3HSU875KFVMQ2,3,7,1,0.425,11.313708,0.8067,0.853272,CRABAPGMXRRNZLZSESHCUASKEVNS,0.606061,0.393939,point_previews/task000057_mu000016_rho050_n1.png
0.6,16,8,license_plate_bahnschrift.ttf,CBAGJWPD6YXT0RNZL49E3HSU875KFVMQ2,3,7,0,0.51,12.393547,0.770893,0.778927,CBAGSWPDGYXTURNZLESESHSDSFSKEVMGE,0.393939,0.606061,point_previews/task000057_mu000016_rho060_n0.png
0.6,16,8,license_plate_bahnschrift.ttf,CBAGJWPD6YXT0RNZL49E3HSU875KFVMQ2,3,7,1,0.51,12.393547,0.770893,0.778927,CRAGVPDGYXTDANZLYZDESHSHAEKEVMER,0.515152,0.484848,point_previews/task000057_mu000016_rho060_n1.png
0.7,16,8,license_plate_bahnschrift.ttf,CBAGJWPD6YXT0RNZL49E3HSU875KFVMQ2,3,7,0,0.595,13.38656,0.735998,0.721147,CBAGAVPGGYXTURNZLAESHSUBTEKREVNGS,0.484848,0.515152,point_previews/task000057_mu000016_rho070_n0.png
0.7,16,8,license_plate_bahnschrift.ttf,CBAGJWPD6YXT0RNZL49E3HSU875KFVMQ2,3,7,1,0.595,13.38656,0.735998,0.721147,CBAGWPRSYRTCRHZLLVESHSUB7SKEUMGE,0.454545,0.545455,point_previews/task000057_mu000016_rho070_n1.png
0.8,16,8,license_plate_bahnschrift.ttf,CBAGJWPD6YXT0RNZL49E3HSU875KFVMQ2,3,7,0,0.68,14.310835,0.701998,0.674571,CBAGSWPBSYXTGRNZLESHSUSTSKEVMGZ,0.393939,0.606061,point_previews/task000057_mu000016_rho080_n0.png
0.8,16,8,license_plate_bahnschrift.ttf,CBAGJWPD6YXT0RNZL49E3HSU875KFVMQ2,3,7,1,0.68,14.310835,0.701998,0.674571,CRAGTWEDSTXTDRNZLGSESHSUSTAREUMGZ,0.515152,0.484848,point_previews/task000057_mu000016_rho080_n1.png
0.9,16,8,license_plate_bahnschrift.ttf,CBAGJWPD6YXT0RNZL49E3HSU875KFVMQ2,3,7,0,0.765,15.178933,0.668877,0.635992,DRAGJWPDSYXTURNZELEESHSUTAKEVMG2,0.393939,0.606061,point_previews/task000057_mu000016_rho090_n0.png
0.9,16,8,license_plate_bahnschrift.ttf,CBAGJWPD6YXT0RNZL49E3HSU875KFVMQ2,3,7,1,0.765,15.178933,0.668877,0.635992,CBAGSWPDSYRGRNELLSESHSUSTSKEYMGP,0.484848,0.515152,point_previews/task000057_mu000016_rho090_n1.png
1.0,16,8,license_plate_bahnschrift.ttf,CBAGJWPD6YXT0RNZL49E3HSU875KFVMQ2,3,7,0,0.85,16.0,0.63662,0.603355,,1.0,0.0,point_previews/task000057_mu000016_rho100_n0.png
1.0,16,8,license_plate_bahnschrift.ttf,CBAGJWPD6YXT0RNZL49E3HSU875KFVMQ2,3,7,1,0.85,16.0,0.63662,0.603355,,1.0,0.0,point_previews/task000057_mu000016_rho100_n1.png
0.1,64,8,license_plate_bahnschrift.ttf,CBAGJWPD6YXT0RNZL49E3HSU875KFVMQ2,3,7,0,0.085,5.059644,0.959381,1.907975,CRAGJMPUSXTHRNZLUPEFESULTAKEVNGZ,0.515152,0.484848,point_previews/task000058_mu000064_rho010_n0.png
0.1,64,8,license_plate_bahnschrift.ttf,CBAGJWPD6YXT0RNZL49E3HSU875KFVMQ2,3,7,1,0.085,5.059644,0.959381,1.907975,,1.0,0.0,point_previews/task000058_mu000064_rho010_n1.png
0.2,64,8,license_plate_bahnschrift.ttf,CBAGJWPD6YXT0RNZL49E3HSU875KFVMQ2,3,7,0,0.17,7.155418,0.919759,1.349142,BRAGSWPDSYXTURNZESSESHSUBTBKEYNGZ,0.515152,0.484848,point_previews/task000058_mu000064_rho020_n0.png
0.2,64,8,license_plate_bahnschrift.ttf,CBAGJWPD6YXT0RNZL49E3HSU875KFVMQ2,3,7,1,0.17,7.155418,0.919759,1.349142,,1.0,0.0,point_previews/task000058_mu000064_rho020_n1.png
0.3,64,8,license_plate_bahnschrift.ttf,CBAGJWPD6YXT0RNZL49E3HSU875KFVMQ2,3,7,0,0.255,8.763561,0.881116,1.10157,CBAGAWPDGYXTRNZLASESHSUBTEKEVMG2,0.333333,0.666667,point_previews/task000058_mu000064_rho030_n0.png
0.3,64,8,license_plate_bahnschrift.ttf,CBAGJWPD6YXT0RNZL49E3HSU875KFVMQ2,3,7,1,0.255,8.763561,0.881116,1.10157,,1.0,0.0,point_previews/task000058_mu000064_rho030_n1.png
0.4,64,8,license_plate_bahnschrift.ttf,CBAGJWPD6YXT0RNZL49E3HSU875KFVMQ2,3,7,0,0.34,10.119289,0.843436,0.953987,CBAGJWPDGYXTCRNZLAQESHSUBTSKEVMG2,0.30303,0.69697,point_previews/task000058_mu000064_rho040_n0.png
0.4,64,8,license_plate_bahnschrift.ttf,CBAGJWPD6YXT0RNZL49E3HSU875KFVMQ2,3,7,1,0.34,10.119289,0.843436,0.953987,CBAGJWPDSYXTCRNZCG9ESHSUSTSKEYMG2,0.333333,0.666667,point_previews/task000058_mu000064_rho040_n1.png
0.5,64,8,license_plate_bahnschrift.ttf,CBAGJWPD6YXT0RNZL49E3HSU875KFVMQ2,3,7,0,0.425,11.313708,0.8067,0.853272,CBAGJWEDAYXTRNZL49E3HSU8TSKEVMQ2,0.181818,0.818182,point_previews/task000058_mu000064_rho050_n0.png
0.5,64,8,license_plate_bahnschrift.ttf,CBAGJWPD6YXT0RNZL49E3HSU875KFVMQ2,3,7,1,0.425,11.313708,0.8067,0.853272,CBAGJWPDSYXTGRNZL49E3HSUB7HKFYMG2,0.181818,0.818182,point_previews/task000058_mu000064_rho050_n1.png
0.6,64,8,license_plate_bahnschrift.ttf,CBAGJWPD6YXT0RNZL49E3HSU875KFVMQ2,3,7,0,0.51,12.393547,0.770893,0.778927,CBAGJWPDSYXTCRNZL49ESHSUBTSKEVMQ2,0.212121,0.787879,point_previews/task000058_mu000064_rho060_n0.png
0.6,64,8,license_plate_bahnschrift.ttf,CBAGJWPD6YXT0RNZL49E3HSU875KFVMQ2,3,7,1,0.51,12.393547,0.770893,0.778927,CBAGJWPDSYXTDRNZL49ESHSU875KFVMQ2,0.090909,0.909091,point_previews/task000058_mu000064_rho060_n1.png
0.7,64,8,license_plate_bahnschrift.ttf,CBAGJWPD6YXT0RNZL49E3HSU875KFVMQ2,3,7,0,0.595,13.38656,0.735998,0.721147,CBAGJWPDSYXTURNZL49E3HSUBTSKFYMQ2,0.181818,0.818182,point_previews/task000058_mu000064_rho070_n0.png
0.7,64,8,license_plate_bahnschrift.ttf,CBAGJWPD6YXT0RNZL49E3HSU875KFVMQ2,3,7,1,0.595,13.38656,0.735998,0.721147,CBAGJWPDSYXTURNZL49E3HSUB875KFVMQ2,0.090909,0.909091,point_previews/task000058_mu000064_rho070_n1.png
0.8,64,8,license_plate_bahnschrift.ttf,CBAGJWPD6YXT0RNZL49E3HSU875KFVMQ2,3,7,0,0.68,14.310835,0.701998,0.674571,CBAGJWPDSYXTQRNZL49E3HSUS7T5KFVMQ2Z,0.151515,0.848485,point_previews/task000058_mu000064_rho080_n0.png
0.8,64,8,license_plate_bahnschrift.ttf,CBAGJWPD6YXT0RNZL49E3HSU875KFVMQ2,3,7,1,0.68,14.310835,0.701998,0.674571,CBAGJWPD4YXTCRNZL49E3HSUBTSKFYMG2,0.212121,0.787879,point_previews/task000058_mu000064_rho080_n1.png
0.9,64,8,license_plate_bahnschrift.ttf,CBAGJWPD6YXT0RNZL49E3HSU875KFVMQ2,3,7,0,0.765,15.178933,0.668877,0.635992,CBAGJWPD6YXTCRNZL49E3HSU875KFVMQ2,0.030303,0.969697,point_previews/task000058_mu000064_rho090_n0.png
0.9,64,8,license_plate_bahnschrift.ttf,CBAGJWPD6YXT0RNZL49E3HSU875KFVMQ2,3,7,1,0.765,15.178933,0.668877,0.635992,CBAGJWPD4YXTRNZL49ESHSUS75KFVMQ2,0.121212,0.878788,point_previews/task000058_mu000064_rho090_n1.png
1.0,64,8,license_plate_bahnschrift.ttf,CBAGJWPD6YXT0RNZL49E3HSU875KFVMQ2,3,7,0,0.85,16.0,0.63662,0.603355,CBAGJWPD4SYXTURNZLSJESHSUSTSKFVMQ2,0.272727,0.727273,point_previews/task000058_mu000064_rho100_n0.png
1.0,64,8,license_plate_bahnschrift.ttf,CBAGJWPD6YXT0RNZL49E3HSU875KFVMQ2,3,7,1,0.85,16.0,0.63662,0.603355,CBAGJWPDAYXTRNZL49E3HSUB75KFVMQ2,0.090909,0.909091,point_previews/task000058_mu000064_rho100_n1.png
0.1,256,8,license_plate_bahnschrift.ttf,CBAGJWPD6YXT0RNZL49E3HSU875KFVMQ2,3,7,0,0.085,5.059644,0.959381,1.907975,CBAGJWPDSYXTERNZL49ESHSUSTSKEYMQ2,0.242424,0.757576,point_previews/task000059_mu000256_rho010_n0.png
0.1,256,8,license_plate_bahnschrift.ttf,CBAGJWPD6YXT0RNZL49E3HSU875KFVMQ2,3,7,1,0.085,5.059644,0.959381,1.907975,EBAGJWPDAYXTURNZL29EZHSUB7SKFYMQ2,0.242424,0.757576,point_previews/task000059_mu000256_rho010_n1.png
0.2,256,8,license_plate_bahnschrift.ttf,CBAGJWPD6YXT0RNZL49E3HSU875KFVMQ2,3,7,0,0.17,7.155418,0.919759,1.349142,CBAGJWPDEYXTURNZL49ESHSUSTAKFYMQ2,0.212121,0.787879,point_previews/task000059_mu000256_rho020_n0.png
0.2,256,8,license_plate_bahnschrift.ttf,CBAGJWPD6YXT0RNZL49E3HSU875KFVMQ2,3,7,1,0.17,7.155418,0.919759,1.349142,CBAGJWPD4YXTRNZL49E3HSU875KFVMQ2,0.060606,0.939394,point_previews/task000059_mu000256_rho020_n1.png
0.3,256,8,license_plate_bahnschrift.ttf,CBAGJWPD6YXT0RNZL49E3HSU875KFVMQ2,3,7,0,0.255,8.763561,0.881116,1.10157,CBAGJWPDAYXTURNZL49E3HSUS8TSKEYMG2,0.242424,0.757576,point_previews/task000059_mu000256_rho030_n0.png
0.3,256,8,license_plate_bahnschrift.ttf,CBAGJWPD6YXT0RNZL49E3HSU875KFVMQ2,3,7,1,0.255,8.763561,0.881116,1.10157,CBAGJWPDAYXTRNZL49E3HSU8TSKFVMQ2,0.121212,0.878788,point_previews/task000059_mu000256_rho030_n1.png
0.4,256,8,license_plate_bahnschrift.ttf,CBAGJWPD6YXT0RNZL49E3HSU875KFVMQ2,3,7,0,0.34,10.119289,0.843436,0.953987,CBAGJWPDSYXTRNZL49E3HSU8S7T5SKFVMQ2,0.151515,0.848485,point_previews/task000059_mu000256_rho040_n0.png
0.4,256,8,license_plate_bahnschrift.ttf,CBAGJWPD6YXT0RNZL49E3HSU875KFVMQ2,3,7,1,0.34,10.119289,0.843436,0.953987,CBAGJWPD4YXTRNZL49E3HSUSTSKFEYVMQ2,0.212121,0.787879,point_previews/task000059_mu000256_rho040_n1.png
0.5,256,8,license_plate_bahnschrift.ttf,CBAGJWPD6YXT0RNZL49E3HSU875KFVMQ2,3,7,0,0.425,11.313708,0.8067,0.853272,CBAGJWPD4YXTCRNZL49E3HSU87T5KFVMQG2,0.121212,0.878788,point_previews/task000059_mu000256_rho050_n0.png
0.5,256,8,license_plate_bahnschrift.ttf,CBAGJWPD6YXT0RNZL49E3HSU875KFVMQ2,3,7,1,0.425,11.313708,0.8067,0.853272,CBAGJWPD46YXTCRNZL49ESHSU8T5SKFVMQG2,0.181818,0.818182,point_previews/task000059_mu000256_rho050_n1.png
0.6,256,8,license_plate_bahnschrift.ttf,CBAGJWPD6YXT0RNZL49E3HSU875KFVMQ2,3,7,0,0.51,12.393547,0.770893,0.778927,CBAGJWPD4YXTGRNZL49E3HSUST5SKFVMQ2,0.151515,0.848485,point_previews/task000059_mu000256_rho060_n0.png
0.6,256,8,license_plate_bahnschrift.ttf,CBAGJWPD6YXT0RNZL49E3HSU875KFVMQ2,3,7,1,0.51,12.393547,0.770893,0.778927,CBAGJWPD4YXTGRNZL49E3HSU8TSKFVMG2,0.151515,0.848485,point_previews/task000059_mu000256_rho060_n1.png
0.7,256,8,license_plate_bahnschrift.ttf,CBAGJWPD6YXT0RNZL49E3HSU875KFVMQ2,3,7,0,0.595,13.38656,0.735998,0.721147,CBAGJWPD4YXTRNZL49E3HSU875KFVMQ2,0.060606,0.939394,point_previews/task000059_mu000256_rho070_n0.png
0.7,256,8,license_plate_bahnschrift.ttf,CBAGJWPD6YXT0RNZL49E3HSU875KFVMQ2,3,7,1,0.595,13.38656,0.735998,0.721147,CBAGJWPD4YXTCRNZL49E3HSUS7T5SKFVMQ2,0.151515,0.848485,point_previews/task000059_mu000256_rho070_n1.png
0.8,256,8,license_plate_bahnschrift.ttf,CBAGJWPD6YXT0RNZL49E3HSU875KFVMQ2,3,7,0,0.68,14.310835,0.701998,0.674571,CBAGJWPD6YXTGRNZL49E3HSUS7T5SKFVMQ2,0.121212,0.878788,point_previews/task000059_mu000256_rho080_n0.png
0.8,256,8,license_plate_bahnschrift.ttf,CBAGJWPD6YXT0RNZL49E3HSU875KFVMQ2,3,7,1,0.68,14.310835,0.701998,0.674571,CBAGJWPD4YXTCRNZL49E3HSUS75KFVMQ2,0.090909,0.909091,point_previews/task000059_mu000256_rho080_n1.png
0.9,256,8,license_plate_bahnschrift.ttf,CBAGJWPD6YXT0RNZL49E3HSU875KFVMQ2,3,7,0,0.765,15.178933,0.668877,0.635992,CBAGJWPD6YXT0RNZL49E3HSU875KFVMQ2,0.0,1.0,point_previews/task000059_mu000256_rho090_n0.png
0.9,256,8,license_plate_bahnschrift.ttf,CBAGJWPD6YXT0RNZL49E3HSU875KFVMQ2,3,7,1,0.765,15.178933,0.668877,0.635992,CBAGJWPD46YXTC0RNZL49E3HSUB75KFVMQ2,0.090909,0.909091,point_previews/task000059_mu000256_rho090_n1.png
1.0,256,8,license_plate_bahnschrift.ttf,CBAGJWPD6YXT0RNZL49E3HSU875KFVMQ2,3,7,0,0.85,16.0,0.63662,0.603355,CBAGJWPD6YXT0RNZL49E3HSU87T5KFVMQG2,0.060606,0.939394,point_previews/task000059_mu000256_rho100_n0.png
1.0,256,8,license_plate_bahnschrift.ttf,CBAGJWPD6YXT0RNZL49E3HSU875KFVMQ2,3,7,1,0.85,16.0,0.63662,0.603355,CBAGJWPD4YXT0RNZL49E3HSUB75SKFVMQ2,0.090909,0.909091,point_previews/task000059_mu000256_rho100_n1.png
0.1,1024,8,license_plate_bahnschrift.ttf,CBAGJWPD6YXT0RNZL49E3HSU875KFVMQ2,3,7,0,0.085,5.059644,0.959381,1.907975,CBAGJWPDSYXTRNZL49ESHSUS75KFYMQ2,0.151515,0.848485,point_previews/task000060_mu001024_rho010_n0.png
0.1,1024,8,license_plate_bahnschrift.ttf,CBAGJWPD6YXT0RNZL49E3HSU875KFVMQ2,3,7,1,0.085,5.059644,0.959381,1.907975,CBAGJWPDAYXTERNZL49ESHSUSTSKFYMQ2,0.212121,0.787879,point_previews/task000060_mu001024_rho010_n1.png
0.2,1024,8,license_plate_bahnschrift.ttf,CBAGJWPD6YXT0RNZL49E3HSU875KFVMQ2,3,7,0,0.17,7.155418,0.919759,1.349142,CBAGJWPD4YXTRNZL49ESHSU8TSKFVMQ2,0.151515,0.848485,point_previews/task000060_mu001024_rho020_n0.png
0.2,1024,8,license_plate_bahnschrift.ttf,CBAGJWPD6YXT0RNZL49E3HSU875KFVMQ2,3,7,1,0.17,7.155418,0.919759,1.349142,CBAGJWPDAYXTGRNZL49ESHSUST5SKFVMQ2,0.181818,0.818182,point_previews/task000060_mu001024_rho020_n1.png
0.3,1024,8,license_plate_bahnschrift.ttf,CBAGJWPD6YXT0RNZL49E3HSU875KFVMQ2,3,7,0,0.255,8.763561,0.881116,1.10157,CBAGJWPD46YXT0RNZL49E3HSU875KFVMQ2,0.030303,0.969697,point_previews/task000060_mu001024_rho030_n0.png
0.3,1024,8,license_plate_bahnschrift.ttf,CBAGJWPD6YXT0RNZL49E3HSU875KFVMQ2,3,7,1,0.255,8.763561,0.881116,1.10157,CBAGJWPD4YXT0RNZL49ESHSUSTHKFVMQ2,0.151515,0.848485,point_previews/task000060_mu001024_rho030_n1.png
0.4,1024,8,license_plate_bahnschrift.ttf,CBAGJWPD6YXT0RNZL49E3HSU875KFVMQ2,3,7,0,0.34,10.119289,0.843436,0.953987,CBAGJWPD4YXT0RNZL49E3HSUB7T5SKFVMQ2,0.121212,0.878788,point_previews/task000060_mu001024_rho040_n0.png
0.4,1024,8,license_plate_bahnschrift.ttf,CBAGJWPD6YXT0RNZL49E3HSU875KFVMQ2,3,7,1,0.34,10.119289,0.843436,0.953987,CBAGJWPD4YXT0RNZL49ESHSU87T5KFVMQ2,0.090909,0.909091,point_previews/task000060_mu001024_rho040_n1.png
0.5,1024,8,license_plate_bahnschrift.ttf,CBAGJWPD6YXT0RNZL49E3HSU875KFVMQ2,3,7,0,0.425,11.313708,0.8067,0.853272,CBAGJWPD4YXT0RNZL49E3HSU87T5KFVMQ2,0.060606,0.939394,point_previews/task000060_mu001024_rho050_n0.png
0.5,1024,8,license_plate_bahnschrift.ttf,CBAGJWPD6YXT0RNZL49E3HSU875KFVMQ2,3,7,1,0.425,11.313708,0.8067,0.853272,CBAGJWPD6YXT0RNZL49E3HSU875KFVMQ2,0.0,1.0,point_previews/task000060_mu001024_rho050_n1.png
0.6,1024,8,license_plate_bahnschrift.ttf,CBAGJWPD6YXT0RNZL49E3HSU875KFVMQ2,3,7,0,0.51,12.393547,0.770893,0.778927,CBAGJWPD4YXT0RNZL49E3HSUB7T5KFVMQ2,0.090909,0.909091,point_previews/task000060_mu001024_rho060_n0.png
0.6,1024,8,license_plate_bahnschrift.ttf,CBAGJWPD6YXT0RNZL49E3HSU875KFVMQ2,3,7,1,0.51,12.393547,0.770893,0.778927,CBAGJWPD4YXT0RNZL49E3HSU87T5SKFVMQ2,0.090909,0.909091,point_previews/task000060_mu001024_rho060_n1.png
0.7,1024,8,license_plate_bahnschrift.ttf,CBAGJWPD6YXT0RNZL49E3HSU875KFVMQ2,3,7,0,0.595,13.38656,0.735998,0.721147,CBAGJWPD4YXT0RNZL49ESHSUB7T5KFVMQ2,0.121212,0.878788,point_previews/task000060_mu001024_rho070_n0.png
0.7,1024,8,license_plate_bahnschrift.ttf,CBAGJWPD6YXT0RNZL49E3HSU875KFVMQ2,3,7,1,0.595,13.38656,0.735998,0.721147,CBAGJWPD4YXT0RNZL49E3HSU87T5KFVMQ2,0.060606,0.939394,point_previews/task000060_mu001024_rho070_n1.png
0.8,1024,8,license_plate_bahnschrift.ttf,CBAGJWPD6YXT0RNZL49E3HSU875KFVMQ2,3,7,0,0.68,14.310835,0.701998,0.674571,CBAGJWPD4YXT0RNZL49E3HSU875KFVMQ2,0.030303,0.969697,point_previews/task000060_mu001024_rho080_n0.png
0.8,1024,8,license_plate_bahnschrift.ttf,CBAGJWPD6YXT0RNZL49E3HSU875KFVMQ2,3,7,1,0.68,14.310835,0.701998,0.674571,CBAGJWPD6YXT0RNZL49E3HSU87T5KFVMQ2,0.030303,0.969697,point_previews/task000060_mu001024_rho080_n1.png
0.9,1024,8,license_plate_bahnschrift.ttf,CBAGJWPD6YXT0RNZL49E3HSU875KFVMQ2,3,7,0,0.765,15.178933,0.668877,0.635992,CBAGJWPD6YXT0RNZL49E3HSU875KFVMQ2,0.0,1.0,point_previews/task000060_mu001024_rho090_n0.png
0.9,1024,8,license_plate_bahnschrift.ttf,CBAGJWPD6YXT0RNZL49E3HSU875KFVMQ2,3,7,1,0.765,15.178933,0.668877,0.635992,CBAGJWPD46YXT0RNZL49E3HSU87T5KFVMQ2,0.060606,0.939394,point_previews/task000060_mu001024_rho090_n1.png
1.0,1024,8,license_plate_bahnschrift.ttf,CBAGJWPD6YXT0RNZL49E3HSU875KFVMQ2,3,7,0,0.85,16.0,0.63662,0.603355,CBAGJWPD4YXT0RNZL49E3HSUB75KFVMQ2,0.060606,0.939394,point_previews/task000060_mu001024_rho100_n0.png
1.0,1024,8,license_plate_bahnschrift.ttf,CBAGJWPD6YXT0RNZL49E3HSU875KFVMQ2,3,7,1,0.85,16.0,0.63662,0.603355,CBAGJWPD46YXT0RNZL49E3HSU875KFVMQ2,0.030303,0.969697,point_previews/task000060_mu001024_rho100_n1.png
0.1,4096,8,license_plate_bahnschrift.ttf,CBAGJWPD6YXT0RNZL49E3HSU875KFVMQ2,3,7,0,0.085,5.059644,0.959381,1.907975,CBAGJWPDSYXT0RNZL4A9ESHSUS75KFYMQ2,0.151515,0.848485,point_previews/task000061_mu004096_rho010_n0.png
0.1,4096,8,license_plate_bahnschrift.ttf,CBAGJWPD6YXT0RNZL49E3HSU875KFVMQ2,3,7,1,0.085,5.059644,0.959381,1.907975,CBAGJWPDSYXT0RNZL49ESHSU875KFYMQ2,0.090909,0.909091,point_previews/task000061_mu004096_rho010_n1.png
0.2,4096,8,license_plate_bahnschrift.ttf,CBAGJWPD6YXT0RNZL49E3HSU875KFVMQ2,3,7,0,0.17,7.155418,0.919759,1.349142,CBAGJWPDSYXT0RNZL49ESHSU875KFVMQ2,0.060606,0.939394,point_previews/task000061_mu004096_rho020_n0.png
0.2,4096,8,license_plate_bahnschrift.ttf,CBAGJWPD6YXT0RNZL49E3HSU875KFVMQ2,3,7,1,0.17,7.155418,0.919759,1.349142,CBAGJWPD4YXT0RNZL49E3HSU875KFYVMQ2,0.060606,0.939394,point_previews/task000061_mu004096_rho020_n1.png
0.3,4096,8,license_plate_bahnschrift.ttf,CBAGJWPD6YXT0RNZL49E3HSU875KFVMQ2,3,7,0,0.255,8.763561,0.881116,1.10157,CBAGJWPD4YXT0RNZL49E3HSU87T5KFVMQ2,0.060606,0.939394,point_previews/task000061_mu004096_rho030_n0.png
0.3,4096,8,license_plate_bahnschrift.ttf,CBAGJWPD6YXT0RNZL49E3HSU875KFVMQ2,3,7,1,0.255,8.763561,0.881116,1.10157,CBAGJWPD4YXT0RNZL49E3HSU87T5KFVMQ2,0.060606,0.939394,point_previews/task000061_mu004096_rho030_n1.png
0.4,4096,8,license_plate_bahnschrift.ttf,CBAGJWPD6YXT0RNZL49E3HSU875KFVMQ2,3,7,0,0.34,10.119289,0.843436,0.953987,CBAGJWPD4YXT0RNZL49ESHSU87T5KFVMQ2,0.090909,0.909091,point_previews/task000061_mu004096_rho040_n0.png
0.4,4096,8,license_plate_bahnschrift.ttf,CBAGJWPD6YXT0RNZL49E3HSU875KFVMQ2,3,7,1,0.34,10.119289,0.843436,0.953987,CBAGJWPD4YXT0RNZL49E3HSU875KFVMQ2,0.030303,0.969697,point_previews/task000061_mu004096_rho040_n1.png
0.5,4096,8,license_plate_bahnschrift.ttf,CBAGJWPD6YXT0RNZL49E3HSU875KFVMQ2,3,7,0,0.425,11.313708,0.8067,0.853272,CBAGJWPD46YXT0RNZL49E3HSU875KFVMQ2,0.030303,0.969697,point_previews/task000061_mu004096_rho050_n0.png
0.5,4096,8,license_plate_bahnschrift.ttf,CBAGJWPD6YXT0RNZL49E3HSU875KFVMQ2,3,7,1,0.425,11.313708,0.8067,0.853272,CBAGJWPD4YXT0RNZL49E3HSU875KFVMQ2,0.030303,0.969697,point_previews/task000061_mu004096_rho050_n1.png
0.6,4096,8,license_plate_bahnschrift.ttf,CBAGJWPD6YXT0RNZL49E3HSU875KFVMQ2,3,7,0,0.51,12.393547,0.770893,0.778927,CBAGJWPD46YXT0RNZL49E3HSU8B7T5KFVMQ2,0.090909,0.909091,point_previews/task000061_mu004096_rho060_n0.png
0.6,4096,8,license_plate_bahnschrift.ttf,CBAGJWPD6YXT0RNZL49E3HSU875KFVMQ2,3,7,1,0.51,12.393547,0.770893,0.778927,CBAGJWPD46YXT0RNZL49E3HSU87T5KFVMQ2,0.060606,0.939394,point_previews/task000061_mu004096_rho060_n1.png
0.7,4096,8,license_plate_bahnschrift.ttf,CBAGJWPD6YXT0RNZL49E3HSU875KFVMQ2,3,7,0,0.595,13.38656,0.735998,0.721147,CBAGJWPD6YXT0RNZL49E3HSU875KFVMQ2,0.0,1.0,point_previews/task000061_mu004096_rho070_n0.png
0.7,4096,8,license_plate_bahnschrift.ttf,CBAGJWPD6YXT0RNZL49E3HSU875KFVMQ2,3,7,1,0.595,13.38656,0.735998,0.721147,CBAGJWPD46YXT0RNZL49E3HSU875KFVMQ2,0.030303,0.969697,point_previews/task000061_mu004096_rho070_n1.png
0.8,4096,8,license_plate_bahnschrift.ttf,CBAGJWPD6YXT0RNZL49E3HSU875KFVMQ2,3,7,0,0.68,14.310835,0.701998,0.674571,CBAGJWPD6YXT0RNZL49E3HSU875KFVMQ2,0.0,1.0,point_previews/task000061_mu004096_rho080_n0.png
0.8,4096,8,license_plate_bahnschrift.ttf,CBAGJWPD6YXT0RNZL49E3HSU875KFVMQ2,3,7,1,0.68,14.310835,0.701998,0.674571,CBAGJWPD6YXT0RNZL49E3HSU875KFVMQ2,0.0,1.0,point_previews/task000061_mu004096_rho080_n1.png
0.9,4096,8,license_plate_bahnschrift.ttf,CBAGJWPD6YXT0RNZL49E3HSU875KFVMQ2,3,7,0,0.765,15.178933,0.668877,0.635992,CBAGJWPD4YXT0RNZL49E3HSUS7T5KFVMQ2,0.090909,0.909091,point_previews/task000061_mu004096_rho090_n0.png
0.9,4096,8,license_plate_bahnschrift.ttf,CBAGJWPD6YXT0RNZL49E3HSU875KFVMQ2,3,7,1,0.765,15.178933,0.668877,0.635992,CBAGJWPD46YXT0RNZL49E3HSUB7T5KFVMQ2,0.090909,0.909091,point_previews/task000061_mu004096_rho090_n1.png
1.0,4096,8,license_plate_bahnschrift.ttf,CBAGJWPD6YXT0RNZL49E3HSU875KFVMQ2,3,7,0,0.85,16.0,0.63662,0.603355,CBAGJWPD46YXT0RNZL49E3HSUB75KFVMQ2,0.060606,0.939394,point_previews/task000061_mu004096_rho100_n0.png
1.0,4096,8,license_plate_bahnschrift.ttf,CBAGJWPD6YXT0RNZL49E3HSU875KFVMQ2,3,7,1,0.85,16.0,0.63662,0.603355,CBAGJWPD46YXT0RNZL49E3HSUB75KFVMQ2,0.060606,0.939394,point_previews/task000061_mu004096_rho100_n1.png
0.1,16384,8,license_plate_bahnschrift.ttf,CBAGJWPD6YXT0RNZL49E3HSU875KFVMQ2,3,7,0,0.085,5.059644,0.959381,1.907975,CBAGJWPDSYXT0RNZL49ESHSU875KFYMQ2,0.090909,0.909091,point_previews/task000062_mu016384_rho010_n0.png
0.1,16384,8,license_plate_bahnschrift.ttf,CBAGJWPD6YXT0RNZL49E3HSU875KFVMQ2,3,7,1,0.085,5.059644,0.959381,1.907975,CBAGJWPDSYXTRNZL49ESHSU875KFYMQ2,0.121212,0.878788,point_previews/task000062_mu016384_rho010_n1.png
0.2,16384,8,license_plate_bahnschrift.ttf,CBAGJWPD6YXT0RNZL49E3HSU875KFVMQ2,3,7,0,0.17,7.155418,0.919759,1.349142,CBAGJWPDSYXT0RNZL49E3HSU875KFVMQ2,0.030303,0.969697,point_previews/task000062_mu016384_rho020_n0.png
0.2,16384,8,license_plate_bahnschrift.ttf,CBAGJWPD6YXT0RNZL49E3HSU875KFVMQ2,3,7,1,0.17,7.155418,0.919759,1.349142,CBAGJWPD4YXT0RNZL49E3HSU875KFVMQ2,0.030303,0.969697,point_previews/task000062_mu016384_rho020_n1.png
0.3,16384,8,license_plate_bahnschrift.ttf,CBAGJWPD6YXT0RNZL49E3HSU875KFVMQ2,3,7,0,0.255,8.763561,0.881116,1.10157,CBAGJWPD4YXT0RNZL49E3HSU875KFVMQ2,0.030303,0.969697,point_previews/task000062_mu016384_rho030_n0.png
0.3,16384,8,license_plate_bahnschrift.ttf,CBAGJWPD6YXT0RNZL49E3HSU875KFVMQ2,3,7,1,0.255,8.763561,0.881116,1.10157,CBAGJWPD4YXT0RNZL49E3HSU87T5KFVMQ2,0.060606,0.939394,point_previews/task000062_mu016384_rho030_n1.png
0.4,16384,8,license_plate_bahnschrift.ttf,CBAGJWPD6YXT0RNZL49E3HSU875KFVMQ2,3,7,0,0.34,10.119289,0.843436,0.953987,CBAGJWPD46YXT0RNZL49E3HSU87T5KFVMQ2,0.060606,0.939394,point_previews/task000062_mu016384_rho040_n0.png
0.4,16384,8,license_plate_bahnschrift.ttf,CBAGJWPD6YXT0RNZL49E3HSU875KFVMQ2,3,7,1,0.34,10.119289,0.843436,0.953987,CBAGJWPD46YXT0RNZL49E3HSU87T5KFVMQ2,0.060606,0.939394,point_previews/task000062_mu016384_rho040_n1.png
0.5,16384,8,license_plate_bahnschrift.ttf,CBAGJWPD6YXT0RNZL49E3HSU875KFVMQ2,3,7,0,0.425,11.313708,0.8067,0.853272,CBAGJWPD46YXT0RNZL49E3HSU87T5KFVMQ2,0.060606,0.939394,point_previews/task000062_mu016384_rho050_n0.png
0.5,16384,8,license_plate_bahnschrift.ttf,CBAGJWPD6YXT0RNZL49E3HSU875KFVMQ2,3,7,1,0.425,11.313708,0.8067,0.853272,CBAGJWPD46YXT0RNZL49E3HSU87T5KFVMQ2,0.060606,0.939394,point_previews/task000062_mu016384_rho050_n1.png
0.6,16384,8,license_plate_bahnschrift.ttf,CBAGJWPD6YXT0RNZL49E3HSU875KFVMQ2,3,7,0,0.51,12.393547,0.770893,0.778927,CBAGJWPD46YXT0RNZL49E3HSU87T5KFVMQ2,0.060606,0.939394,point_previews/task000062_mu016384_rho060_n0.png
0.6,16384,8,license_plate_bahnschrift.ttf,CBAGJWPD6YXT0RNZL49E3HSU875KFVMQ2,3,7,1,0.51,12.393547,0.770893,0.778927,CBAGJWPD46YXT0RNZL49E3HSU87T5KFVMQ2,0.060606,0.939394,point_previews/task000062_mu016384_rho060_n1.png
0.7,16384,8,license_plate_bahnschrift.ttf,CBAGJWPD6YXT0RNZL49E3HSU875KFVMQ2,3,7,0,0.595,13.38656,0.735998,0.721147,CBAGJWPD6YXT0RNZL49E3HSU875KFVMQ2,0.0,1.0,point_previews/task000062_mu016384_rho070_n0.png
0.7,16384,8,license_plate_bahnschrift.ttf,CBAGJWPD6YXT0RNZL49E3HSU875KFVMQ2,3,7,1,0.595,13.38656,0.735998,0.721147,CBAGJWPD6YXT0RNZL49E3HSU875KFVMQ2,0.0,1.0,point_previews/task000062_mu016384_rho070_n1.png
0.8,16384,8,license_plate_bahnschrift.ttf,CBAGJWPD6YXT0RNZL49E3HSU875KFVMQ2,3,7,0,0.68,14.310835,0.701998,0.674571,CBAGJWPD4YXT0RNZL49E3HSUB7T5KFVMQ2,0.090909,0.909091,point_previews/task000062_mu016384_rho080_n0.png
0.8,16384,8,license_plate_bahnschrift.ttf,CBAGJWPD6YXT0RNZL49E3HSU875KFVMQ2,3,7,1,0.68,14.310835,0.701998,0.674571,CBAGJWPD6YXT0RNZL49E3HSU875KFVMQ2,0.0,1.0,point_previews/task000062_mu016384_rho080_n1.png
0.9,16384,8,license_plate_bahnschrift.ttf,CBAGJWPD6YXT0RNZL49E3HSU875KFVMQ2,3,7,0,0.765,15.178933,0.668877,0.635992,CBAGJWPD6YXT0RNZL49E3HSU875KFVMQ2,0.0,1.0,point_previews/task000062_mu016384_rho090_n0.png
0.9,16384,8,license_plate_bahnschrift.ttf,CBAGJWPD6YXT0RNZL49E3HSU875KFVMQ2,3,7,1,0.765,15.178933,0.668877,0.635992,CBAGJWPD6YXT0RNZL49E3HSU875KFVMQ2,0.0,1.0,point_previews/task000062_mu016384_rho090_n1.png
1.0,16384,8,license_plate_bahnschrift.ttf,CBAGJWPD6YXT0RNZL49E3HSU875KFVMQ2,3,7,0,0.85,16.0,0.63662,0.603355,CBAGJWPD46YXT0RNZL49E3HSUB75KFVMQ2,0.060606,0.939394,point_previews/task000062_mu016384_rho100_n0.png
1.0,16384,8,license_plate_bahnschrift.ttf,CBAGJWPD6YXT0RNZL49E3HSU875KFVMQ2,3,7,1,0.85,16.0,0.63662,0.603355,CBAGJWPD46YXT0RNZL49E3HSUB75KFVMQ2,0.060606,0.939394,point_previews/task000062_mu016384_rho100_n1.png
0.1,65536,8,license_plate_bahnschrift.ttf,CBAGJWPD6YXT0RNZL49E3HSU875KFVMQ2,3,7,0,0.085,5.059644,0.959381,1.907975,CBAGJWPDSYXT0RNZL49ESHSU875KFYMQ2,0.090909,0.909091,point_previews/task000063_mu065536_rho010_n0.png
0.1,65536,8,license_plate_bahnschrift.ttf,CBAGJWPD6YXT0RNZL49E3HSU875KFVMQ2,3,7,1,0.085,5.059644,0.959381,1.907975,CBAGJWPDSYXTRNZL49ESHSU875KFYMQ2,0.121212,0.878788,point_previews/task000063_mu065536_rho010_n1.png
0.2,65536,8,license_plate_bahnschrift.ttf,CBAGJWPD6YXT0RNZL49E3HSU875KFVMQ2,3,7,0,0.17,7.155418,0.919759,1.349142,CBAGJWPD4YXT0RNZL49E3HSU875KFVMQ2,0.030303,0.969697,point_previews/task000063_mu065536_rho020_n0.png
0.2,65536,8,license_plate_bahnschrift.ttf,CBAGJWPD6YXT0RNZL49E3HSU875KFVMQ2,3,7,1,0.17,7.155418,0.919759,1.349142,CBAGJWPD4YXT0RNZL49E3HSU87T5KFVMQ2,0.060606,0.939394,point_previews/task000063_mu065536_rho020_n1.png
0.3,65536,8,license_plate_bahnschrift.ttf,CBAGJWPD6YXT0RNZL49E3HSU875KFVMQ2,3,7,0,0.255,8.763561,0.881116,1.10157,CBAGJWPD4YXT0RNZL49E3HSU87T5KFVMQ2,0.060606,0.939394,point_previews/task000063_mu065536_rho030_n0.png
0.3,65536,8,license_plate_bahnschrift.ttf,CBAGJWPD6YXT0RNZL49E3HSU875KFVMQ2,3,7,1,0.255,8.763561,0.881116,1.10157,CBAGJWPD4YXT0RNZL49E3HSU87T5KFVMQ2,0.060606,0.939394,point_previews/task000063_mu065536_rho030_n1.png
0.4,65536,8,license_plate_bahnschrift.ttf,CBAGJWPD6YXT0RNZL49E3HSU875KFVMQ2,3,7,0,0.34,10.119289,0.843436,0.953987,CBAGJWPD46YXT0RNZL49E3HSU87T5KFVMQ2,0.060606,0.939394,point_previews/task000063_mu065536_rho040_n0.png
0.4,65536,8,license_plate_bahnschrift.ttf,CBAGJWPD6YXT0RNZL49E3HSU875KFVMQ2,3,7,1,0.34,10.119289,0.843436,0.953987,CBAGJWPD46YXT0RNZL49E3HSU87T5KFVMQ2,0.060606,0.939394,point_previews/task000063_mu065536_rho040_n1.png
0.5,65536,8,license_plate_bahnschrift.ttf,CBAGJWPD6YXT0RNZL49E3HSU875KFVMQ2,3,7,0,0.425,11.313708,0.8067,0.853272,CBAGJWPD46YXT0RNZL49E3HSU875KFVMQ2,0.030303,0.969697,point_previews/task000063_mu065536_rho050_n0.png
0.5,65536,8,license_plate_bahnschrift.ttf,CBAGJWPD6YXT0RNZL49E3HSU875KFVMQ2,3,7,1,0.425,11.313708,0.8067,0.853272,CBAGJWPD4YXT0RNZL49E3HSU87T5KFVMQ2,0.060606,0.939394,point_previews/task000063_mu065536_rho050_n1.png
0.6,65536,8,license_plate_bahnschrift.ttf,CBAGJWPD6YXT0RNZL49E3HSU875KFVMQ2,3,7,0,0.51,12.393547,0.770893,0.778927,CBAGJWPD46YXT0RNZL49E3HSU87T5KFVMQ2,0.060606,0.939394,point_previews/task000063_mu065536_rho060_n0.png
0.6,65536,8,license_plate_bahnschrift.ttf,CBAGJWPD6YXT0RNZL49E3HSU875KFVMQ2,3,7,1,0.51,12.393547,0.770893,0.778927,CBAGJWPD46YXT0RNZL49E3HSU87T5KFVMQ2,0.060606,0.939394,point_previews/task000063_mu065536_rho060_n1.png
0.7,65536,8,license_plate_bahnschrift.ttf,CBAGJWPD6YXT0RNZL49E3HSU875KFVMQ2,3,7,0,0.595,13.38656,0.735998,0.721147,CBAGJWPD6YXT0RNZL49E3HSU875KFVMQ2,0.0,1.0,point_previews/task000063_mu065536_rho070_n0.png
0.7,65536,8,license_plate_bahnschrift.ttf,CBAGJWPD6YXT0RNZL49E3HSU875KFVMQ2,3,7,1,0.595,13.38656,0.735998,0.721147,CBAGJWPD6YXT0RNZL49E3HSU875KFVMQ2,0.0,1.0,point_previews/task000063_mu065536_rho070_n1.png
0.8,65536,8,license_plate_bahnschrift.ttf,CBAGJWPD6YXT0RNZL49E3HSU875KFVMQ2,3,7,0,0.68,14.310835,0.701998,0.674571,CBAGJWPD6YXT0RNZL49E3HSU8B75KFVMQ2,0.030303,0.969697,point_previews/task000063_mu065536_rho080_n0.png
0.8,65536,8,license_plate_bahnschrift.ttf,CBAGJWPD6YXT0RNZL49E3HSU875KFVMQ2,3,7,1,0.68,14.310835,0.701998,0.674571,CBAGJWPD6YXT0RNZL49E3HSU875KFVMQ2,0.0,1.0,point_previews/task000063_mu065536_rho080_n1.png
0.9,65536,8,license_plate_bahnschrift.ttf,CBAGJWPD6YXT0RNZL49E3HSU875KFVMQ2,3,7,0,0.765,15.178933,0.668877,0.635992,CBAGJWPD6YXT0RNZL49E3HSU875KFVMQ2,0.0,1.0,point_previews/task000063_mu065536_rho090_n0.png
0.9,65536,8,license_plate_bahnschrift.ttf,CBAGJWPD6YXT0RNZL49E3HSU875KFVMQ2,3,7,1,0.765,15.178933,0.668877,0.635992,CBAGJWPD6YXT0RNZL49E3HSU875KFVMQ2,0.0,1.0,point_previews/task000063_mu065536_rho090_n1.png
1.0,65536,8,license_plate_bahnschrift.ttf,CBAGJWPD6YXT0RNZL49E3HSU875KFVMQ2,3,7,0,0.85,16.0,0.63662,0.603355,CBAGJWPD46YXT0RNZL49E3HSUB75KFVMQ2,0.060606,0.939394,point_previews/task000063_mu065536_rho100_n0.png
1.0,65536,8,license_plate_bahnschrift.ttf,CBAGJWPD6YXT0RNZL49E3HSU875KFVMQ2,3,7,1,0.85,16.0,0.63662,0.603355,CBAGJWPD46YXT0RNZL49E3HSUB7T5KFVMQ2,0.090909,0.909091,point_previews/task000063_mu065536_rho100_n1.png
0.1,4,8,license_plate_bahnschrift.ttf,CBAGJWPD6YXT0RNZL49E3HSU875KFVMQ2,3,11,0,0.085,5.059644,0.959381,1.907975,,1.0,0.0,point_previews/task000064_mu000004_rho010_n0.png
0.1,4,8,license_plate_bahnschrift.ttf,CBAGJWPD6YXT0RNZL49E3HSU875KFVMQ2,3,11,1,0.085,5.059644,0.959381,1.907975,SARWERCRHEATUTRUREE,0.848485,0.151515,point_previews/task000064_mu000004_rho010_n1.png
0.2,4,8,license_plate_bahnschrift.ttf,CBAGJWPD6YXT0RNZL49E3HSU875KFVMQ2,3,11,0,0.17,7.155418,0.919759,1.349142,SACCTRLNTARCURPA,0.848485,0.151515,point_previews/task000064_mu000004_rho020_n0.png
0.2,4,8,license_plate_bahnschrift.ttf,CBAGJWPD6YXT0RNZL49E3HSU875KFVMQ2,3,11,1,0.17,7.155418,0.919759,1.349142,,1.0,0.0,point_previews/task000064_mu000004_rho020_n1.png
0.3,4,8,license_plate_bahnschrift.ttf,CBAGJWPD6YXT0RNZL49E3HSU875KFVMQ2,3,11,0,0.255,8.763561,0.881116,1.10157,BDSWTRAETSSRLE,0.818182,0.181818,point_previews/task000064_mu000004_rho030_n0.png
0.3,4,8,license_plate_bahnschrift.ttf,CBAGJWPD6YXT0RNZL49E3HSU875KFVMQ2,3,11,1,0.255,8.763561,0.881116,1.10157,PBTDRASEUTASNUTAPE,0.848485,0.151515,point_previews/task000064_mu000004_rho030_n1.png
0.4,4,8,license_plate_bahnschrift.ttf,CBAGJWPD6YXT0RNZL49E3HSU875KFVMQ2,3,11,0,0.34,10.119289,0.843436,0.953987,SRRASEAMERELSNRRPRABESN,0.909091,0.090909,point_previews/task000064_mu000004_rho040_n0.png
0.4,4,8,license_plate_bahnschrift.ttf,CBAGJWPD6YXT0RNZL49E3HSU875KFVMQ2,3,11,1,0.34,10.119289,0.843436,0.953987,PSCEDRURSE,0.909091,0.090909,point_previews/task000064_mu000004_rho040_n1.png
0.5,4,8,license_plate_bahnschrift.ttf,CBAGJWPD6YXT0RNZL49E3HSU875KFVMQ2,3,11,0,0.425,11.313708,0.8067,0.853272,SUEDEBVATLSDSNC,0.909091,0.090909,point_previews/task000064_mu000004_rho050_n0.png
0.5,4,8,license_plate_bahnschrift.ttf,CBAGJWPD6YXT0RNZL49E3HSU875KFVMQ2,3,11,1,0.425,11.313708,0.8067,0.853272,REAMREYRRSLRGRAT,0.878788,0.121212,point_previews/task000064_mu000004_rho050_n1.png
0.6,4,8,license_plate_bahnschrift.ttf,CBAGJWPD6YXT0RNZL49E3HSU875KFVMQ2,3,11,0,0.51,12.393547,0.770893,0.778927,,1.0,0.0,point_previews/task000064_mu000004_rho060_n0.png
0.6,4,8,license_plate_bahnschrift.ttf,CBAGJWPD6YXT0RNZL49E3HSU875KFVMQ2,3,11,1,0.51,12.393547,0.770893,0.778927,BAMASPN,0.878788,0.121212,point_previews/task000064_mu000004_rho060_n1.png
0.7,4,8,license_plate_bahnschrift.ttf,CBAGJWPD6YXT0RNZL49E3HSU875KFVMQ2,3,11,0,0.595,13.38656,0.735998,0.721147,SUKEDRLHTATNEGRARSRSD,0.878788,0.121212,point_previews/task000064_mu000004_rho070_n0.png
0.7,4,8,license_plate_bahnschrift.ttf,CBAGJWPD6YXT0RNZL49E3HSU875KFVMQ2,3,11,1,0.595,13.38656,0.735998,0.721147,TRRMSETUBLLEEBHAET,0.878788,0.121212,point_previews/task000064_mu000004_rho070_n1.png
0.8,4,8,license_plate_bahnschrift.ttf,CBAGJWPD6YXT0RNZL49E3HSU875KFVMQ2,3,11,0,0.68,14.310835,0.701998,0.674571,ESEBRSY,0.939394,0.060606,point_previews/task000064_mu000004_rho080_n0.png
0.8,4,8,license_plate_bahnschrift.ttf,CBAGJWPD6YXT0RNZL49E3HSU875KFVMQ2,3,11,1,0.68,14.310835,0.701998,0.674571,PREGTHTSARTS,0.909091,0.090909,point_previews/task000064_mu000004_rho080_n1.png
0.9,4,8,license_plate_bahnschrift.ttf,CBAGJWPD6YXT0RNZL49E3HSU875KFVMQ2,3,11,0,0.765,15.178933,0.668877,0.635992,TSRSARRASCTRTGES,0.878788,0.121212,point_previews/task000064_mu000004_rho090_n0.png
0.9,4,8,license_plate_bahnschrift.ttf,CBAGJWPD6YXT0RNZL49E3HSU875KFVMQ2,3,11,1,0.765,15.178933,0.668877,0.635992,RRUSEEG,0.939394,0.060606,point_previews/task000064_mu000004_rho090_n1.png
1.0,4,8,license_plate_bahnschrift.ttf,CBAGJWPD6YXT0RNZL49E3HSU875KFVMQ2,3,11,0,0.85,16.0,0.63662,0.603355,PARRSWEECHERRBLECHKP,0.818182,0.181818,point_previews/task000064_mu000004_rho100_n0.png
1.0,4,8,license_plate_bahnschrift.ttf,CBAGJWPD6YXT0RNZL49E3HSU875KFVMQ2,3,11,1,0.85,16.0,0.63662,0.603355,CREATTGEBTSCHERTEEY,0.878788,0.121212,point_previews/task000064_mu000004_rho100_n1.png
0.1,16,8,license_plate_bahnschrift.ttf,CBAGJWPD6YXT0RNZL49E3HSU875KFVMQ2,3,11,0,0.085,5.059644,0.959381,1.907975,,1.0,0.0,point_previews/task000065_mu000016_rho010_n0.png
0.1,16,8,license_plate_bahnschrift.ttf,CBAGJWPD6YXT0RNZL49E3HSU875KFVMQ2,3,11,1,0.085,5.059644,0.959381,1.907975,,1.0,0.0,point_previews/task000065_mu000016_rho010_n1.png
0.2,16,8,license_plate_bahnschrift.ttf,CBAGJWPD6YXT0RNZL49E3HSU875KFVMQ2,3,11,0,0.17,7.155418,0.919759,1.349142,,1.0,0.0,point_previews/task000065_mu000016_rho020_n0.png
0.2,16,8,license_plate_bahnschrift.ttf,CBAGJWPD6YXT0RNZL49E3HSU875KFVMQ2,3,11,1,0.17,7.155418,0.919759,1.349142,GMGRYPERVETBPR7ESRS,0.848485,0.151515,point_previews/task000065_mu000016_rho020_n1.png
0.3,16,8,license_plate_bahnschrift.ttf,CBAGJWPD6YXT0RNZL49E3HSU875KFVMQ2,3,11,0,0.255,8.763561,0.881116,1.10157,CBARERPSRECRNTLRENRRCRE,0.757576,0.242424,point_previews/task000065_mu000016_rho030_n0.png
0.3,16,8,license_plate_bahnschrift.ttf,CBAGJWPD6YXT0RNZL49E3HSU875KFVMQ2,3,11,1,0.255,8.763561,0.881116,1.10157,DEAGSVRGAYRTNRNZMSESHSUSTAKEYMGR,0.606061,0.393939,point_previews/task000065_mu000016_rho030_n1.png
0.4,16,8,license_plate_bahnschrift.ttf,CBAGJWPD6YXT0RNZL49E3HSU875KFVMQ2,3,11,0,0.34,10.119289,0.843436,0.953987,CHAGJWPRGYXTNRTEAVESHBUSTSKEYMA,0.545455,0.454545,point_previews/task000065_mu000016_rho040_n0.png
0.4,16,8,license_plate_bahnschrift.ttf,CBAGJWPD6YXT0RNZL49E3HSU875KFVMQ2,3,11,1,0.34,10.119289,0.843436,0.953987,CBAUSHPUBTXTGRNGDATEAHSH87SRERMS,0.575758,0.424242,point_previews/task000065_mu000016_rho040_n1.png
0.5,16,8,license_plate_bahnschrift.ttf,CBAGJWPD6YXT0RNZL49E3HSU875KFVMQ2,3,11,0,0.425,11.313708,0.8067,0.853272,CREGUPTEPCTCRNEEAPESHSURTSKERMAZ,0.636364,0.363636,point_previews/task000065_mu000016_rho050_n0.png
0.5,16,8,license_plate_bahnschrift.ttf,CBAGJWPD6YXT0RNZL49E3HSU875KFVMQ2,3,11,1,0.425,11.313708,0.8067,0.853272,GRAGAWPDGYXTERNZNPEAHSUSTNKRVMGZ,0.454545,0.545455,point_previews/task000065_mu000016_rho050_n1.png
0.6,16,8,license_plate_bahnschrift.ttf,CBAGJWPD6YXT0RNZL49E3HSU875KFVMQ2,3,11,0,0.51,12.393547,0.770893,0.778927,EBEGAWPDSPTDRNGLASESHSUSTAKEVMG,0.515152,0.484848,point_previews/task000065_mu000016_rho060_n0.png
0.6,16,8,license_plate_bahnschrift.ttf,CBAGJWPD6YXT0RNZL49E3HSU875KFVMQ2,3,11,1,0.51,12.393547,0.770893,0.778927,,1.0,0.0,point_previews/task000065_mu000016_rho060_n1.png
0.7,16,8,license_plate_bahnschrift.ttf,CBAGJWPD6YXT0RNZL49E3HSU875KFVMQ2,3,11,0,0.595,13.38656,0.735998,0.721147,CRABSWPRAYXTURNZ49ESHSUBTSKEVMG2,0.393939,0.606061,point_previews/task000065_mu000016_rho070_n0.png
0.7,16,8,license_plate_bahnschrift.ttf,CBAGJWPD6YXT0RNZL49E3HSU875KFVMQ2,3,11,1,0.595,13.38656,0.735998,0.721147,CEACTWPRSYXTCRNELGHESHSGSTSKEVG2,0.515152,0.484848,point_previews/task000065_mu000016_rho070_n1.png
0.8,16,8,license_plate_bahnschrift.ttf,CBAGJWPD6YXT0RNZL49E3HSU875KFVMQ2,3,11,0,0.68,14.310835,0.701998,0.674571,,1.0,0.0,point_previews/task000065_mu000016_rho080_n0.png
0.8,16,8,license_plate_bahnschrift.ttf,CBAGJWPD6YXT0RNZL49E3HSU875KFVMQ2,3,11,1,0.68,14.310835,0.701998,0.674571,CBADJWPDSYXTCRNZEATESASLBTUKEYMGZ,0.484848,0.515152,point_previews/task000065_mu000016_rho080_n1.png
0.9,16,8,license_plate_bahnschrift.ttf,CBAGJWPD6YXT0RNZL49E3HSU875KFVMQ2,3,11,0,0.765,15.178933,0.668877,0.635992,CBAGJWPDSYXTERNZLGFESHSUSTHKEYM2,0.333333,0.666667,point_previews/task000065_mu000016_rho090_n0.png
0.9,16,8,license_plate_bahnschrift.ttf,CBAGJWPD6YXT0RNZL49E3HSU875KFVMQ2,3,11,1,0.765,15.178933,0.668877,0.635992,CHAGSWERSYXTGRNZLAPESHSUS7SKEVMQ2,0.363636,0.636364,point_previews/task000065_mu000016_rho090_n1.png
1.0,16,8,license_plate_bahnschrift.ttf,CBAGJWPD6YXT0RNZL49E3HSU875KFVMQ2,3,11,0,0.85,16.0,0.63662,0.603355,,1.0,0.0,point_previews/task000065_mu000016_rho100_n0.png
1.0,16,8,license_plate_bahnschrift.ttf,CBAGJWPD6YXT0RNZL49E3HSU875KFVMQ2,3,11,1,0.85,16.0,0.63662,0.603355,,1.0,0.0,point_previews/task000065_mu000016_rho100_n1.png
0.1,64,8,license_plate_bahnschrift.ttf,CBAGJWPD6YXT0RNZL49E3HSU875KFVMQ2,3,11,0,0.085,5.059644,0.959381,1.907975,CHAGWPGSTRTPRNTLARESHSUATSKEVGD,0.545455,0.454545,point_previews/task000066_mu000064_rho010_n0.png
0.1,64,8,license_plate_bahnschrift.ttf,CBAGJWPD6YXT0RNZL49E3HSU875KFVMQ2,3,11,1,0.085,5.059644,0.959381,1.907975,CRAGAVENSYATUBNZEW9SHSGS7SKEUM,0.606061,0.393939,point_previews/task000066_mu000064_rho010_n1.png
0.2,64,8,license_plate_bahnschrift.ttf,CBAGJWPD6YXT0RNZL49E3HSU875KFVMQ2,3,11,0,0.17,7.155418,0.919759,1.349142,,1.0,0.0,point_previews/task000066_mu000064_rho020_n0.png
0.2,64,8,license_plate_bahnschrift.ttf,CBAGJWPD6YXT0RNZL49E3HSU875KFVMQ2,3,11,1,0.17,7.155418,0.919759,1.349142,CBAGJMPRSYKTRRNZL49ESHSUSTSKEUMQ2,0.333333,0.666667,point_previews/task000066_mu000064_rho020_n1.png
0.3,64,8,license_plate_bahnschrift.ttf,CBAGJWPD6YXT0RNZL49E3HSU875KFVMQ2,3,11,0,0.255,8.763561,0.881116,1.10157,,1.0,0.0,point_previews/task000066_mu000064_rho030_n0.png
0.3,64,8,license_plate_bahnschrift.ttf,CBAGJWPD6YXT0RNZL49E3HSU875KFVMQ2,3,11,1,0.255,8.763561,0.881116,1.10157,,1.0,0.0,point_previews/task000066_mu000064_rho030_n1.png
0.4,64,8,license_plate_bahnschrift.ttf,CBAGJWPD6YXT0RNZL49E3HSU875KFVMQ2,3,11,0,0.34,10.119289,0.843436,0.953987,CBAGJWPDSYXTRNZL49ESHSUSTSKEYMG2,0.272727,0.727273,point_previews/task000066_mu000064_rho040_n0.png
0.4,64,8,license_plate_bahnschrift.ttf,CBAGJWPD6YXT0RNZL49E3HSU875KFVMQ2,3,11,1,0.34,10.119289,0.843436,0.953987,CBAGAWPDSYXTURNZE49E3HSUB75KEVMQ2,0.181818,0.818182,point_previews/task000066_mu000064_rho040_n1.png
0.5,64,8,license_plate_bahnschrift.ttf,CBAGJWPD6YXT0RNZL49E3HSU875KFVMQ2,3,11,0,0.425,11.313708,0.8067,0.853272,CBAGJWPDAYXTRNZL49E3HSUSTSKFYMG2,0.212121,0.787879,point_previews/task000066_mu000064_rho050_n0.png
0.5,64,8,license_plate_bahnschrift.ttf,CBAGJWPD6YXT0RNZL49E3HSU875KFVMQ2,3,11,1,0.425,11.313708,0.8067,0.853272,CBAGJWPBGYXTRNZL49ESHSUBSTSKFVMQ2,0.242424,0.757576,point_previews/task000066_mu000064_rho050_n1.png
0.6,64,8,license_plate_bahnschrift.ttf,CBAGJWPD6YXT0RNZL49E3HSU875KFVMQ2,3,11,0,0.51,12.393547,0.770893,0.778927,CBAGJWPD6YXTURNZL4GPESHSUSTSKFVMQ2,0.212121,0.787879,point_previews/task000066_mu000064_rho060_n0.png
0.6,64,8,license_plate_bahnschrift.ttf,CBAGJWPD6YXT0RNZL49E3HSU875KFVMQ2,3,11,1,0.51,12.393547,0.770893,0.778927,CBAGJWPDSYXTURNZLA9ESHSUBTSKFVYMQ2,0.242424,0.757576,point_previews/task000066_mu000064_rho060_n1.png
0.7,64,8,license_plate_bahnschrift.ttf,CBAGJWPD6YXT0RNZL49E3HSU875KFVMQ2,3,11,0,0.595,13.38656,0.735998,0.721147,CBAGJWPD6YXTCRNZL49E3HSUBTSKFVMG2,0.151515,0.848485,point_previews/task000066_mu000064_rho070_n0.png
0.7,64,8,license_plate_bahnschrift.ttf,CBAGJWPD6YXT0RNZL49E3HSU875KFVMQ2,3,11,1,0.595,13.38656,0.735998,0.721147,CBAGJWPDSYXTGRNZL49E3HSUS7TSKFYMQ2,0.181818,0.818182,point_previews/task000066_mu000064_rho070_n1.png
0.8,64,8,license_plate_bahnschrift.ttf,CBAGJWPD6YXT0RNZL49E3HSU875KFVMQ2,3,11,0,0.68,14.310835,0.701998,0.674571,CBAGJWPDSYXTRNZL49ESHSUBTSKFVMQ2,0.181818,0.818182,point_previews/task000066_mu000064_rho080_n0.png
0.8,64,8,license_plate_bahnschrift.ttf,CBAGJWPD6YXT0RNZL49E3HSU875KFVMQ2,3,11,1,0.68,14.310835,0.701998,0.674571,CBAGJWPD6YXTRNZL49ESHSUSTSKFYMQ2,0.181818,0.818182,point_previews/task000066_mu000064_rho080_n1.png
0.9,64,8,license_plate_bahnschrift.ttf,CBAGJWPD6YXT0RNZL49E3HSU875KFVMQ2,3,11,0,0.765,15.178933,0.668877,0.635992,CBAGJWPD4YXTGRNZL49E3HSUB75KFYMQ2,0.121212,0.878788,point_previews/task000066_mu000064_rho090_n0.png
0.9,64,8,license_plate_bahnschrift.ttf,CBAGJWPD6YXT0RNZL49E3HSU875KFVMQ2,3,11,1,0.765,15.178933,0.668877,0.635992,CBAGJWPD6YXTURNZL49E3HSU875KFYMQ2,0.060606,0.939394,point_previews/task000066_mu000064_rho090_n1.png
1.0,64,8,license_plate_bahnschrift.ttf,CBAGJWPD6YXT0RNZL49E3HSU875KFVMQ2,3,11,0,0.85,16.0,0.63662,0.603355,CBAGJWPD6YXTCRNZL49E3HSUBTSKFYMQ2,0.151515,0.848485,point_previews/task000066_mu000064_rho100_n0.png
1.0,64,8,license_plate_bahnschrift.ttf,CBAGJWPD6YXT0RNZL49E3HSU875KFVMQ2,3,11,1,0.85,16.0,0.63662,0.603355,CBAGJWPD6YXTURNZL49E3HSU87TSKFVMQ2,0.090909,0.909091,point_previews/task000066_mu000064_rho100_n1.png
0.1,256,8,license_plate_bahnschrift.ttf,CBAGJWPD6YXT0RNZL49E3HSU875KFVMQ2,3,11,0,0.085,5.059644,0.959381,1.907975,CRAGJWPRSYXTURNZL4SPE3HSURTSKFYMQ2,0.30303,0.69697,point_previews/task000067_mu000256_rho010_n0.png
0.1,256,8,license_plate_bahnschrift.ttf,CBAGJWPD6YXT0RNZL49E3HSU875KFVMQ2,3,11,1,0.085,5.059644,0.959381,1.907975,CBAGJWPD6YXTGRNZLASESHSUSTSKFYMG2,0.272727,0.727273,point_previews/task000067_mu000256_rho010_n1.png
0.2,256,8,license_plate_bahnschrift.ttf,CBAGJWPD6YXT0RNZL49E3HSU875KFVMQ2,3,11,0,0.17,7.155418,0.919759,1.349142,CBAGSJWPDSYXT0RNZL4PESHSUSTSKFYMQ2,0.242424,0.757576,point_previews/task000067_mu000256_rho020_n0.png
0.2,256,8,license_plate_bahnschrift.ttf,CBAGJWPD6YXT0RNZL49E3HSU875KFVMQ2,3,11,1,0.17,7.155418,0.919759,1.349142,CBAGJWPD6YXTURNZL49E3HSUS75KFYMG2,0.121212,0.878788,point_previews/task000067_mu000256_rho020_n1.png
0.3,256,8,license_plate_bahnschrift.ttf,CBAGJWPD6YXT0RNZL49E3HSU875KFVMQ2,3,11,0,0.255,8.763561,0.881116,1.10157,CBAGJWPD6YXTRNZL49ESHSUSTSKFYMQ2,0.181818,0.818182,point_previews/task000067_mu000256_rho030_n0.png
0.3,256,8,license_plate_bahnschrift.ttf,CBAGJWPD6YXT0RNZL49E3HSU875KFVMQ2,3,11,1,0.255,8.763561,0.881116,1.10157,CBAGJWPD6YXTRNZL4PESHSUSTSKFYMG2,0.242424,0.757576,point_previews/task000067_mu000256_rho030_n1.png
0.4,256,8,license_plate_bahnschrift.ttf,CBAGJWPD6YXT0RNZL49E3HSU875KFVMQ2,3,11,0,0.34,10.119289,0.843436,0.953987,CBAGJWPD6YXTRNZL49ESHSUSTSKFYMQ2,0.181818,0.818182,point_previews/task000067_mu000256_rho040_n0.png
0.4,256,8,license_plate_bahnschrift.ttf,CBAGJWPD6YXT0RNZL49E3HSU875KFVMQ2,3,11,1,0.34,10.119289,0.843436,0.953987,CBAGJWPDS6YXTRNZL49ESHSUBTSKFYMQ2,0.212121,0.787879,point_previews/task000067_mu000256_rho040_n1.png
0.5,256,8,license_plate_bahnschrift.ttf,CBAGJWPD6YXT0RNZL49E3HSU875KFVMQ2,3,11,0,0.425,11.313708,0.8067,0.853272,CBAGJWPDSYXTGRNZL4PESHSUSTSKFVMQ2,0.212121,0.787879,point_previews/task000067_mu000256_rho050_n0.png
0.5,256,8,license_plate_bahnschrift.ttf,CBAGJWPD6YXT0RNZL49E3HSU875KFVMQ2,3,11,1,0.425,11.313708,0.8067,0.853272,CBAGJWPD6YXTRNZL49ESHSUBTSKFYVMQ2,0.181818,0.818182,point_previews/task000067_mu000256_rho050_n1.png
0.6,256,8,license_plate_bahnschrift.ttf,CBAGJWPD6YXT0RNZL49E3HSU875KFVMQ2,3,11,0,0.51,12.393547,0.770893,0.778927,CBAGJWPD6YXTRNZL49ESHSUS7TSKFVMQ2,0.151515,0.848485,point_previews/task000067_mu000256_rho060_n0.png
0.6,256,8,license_plate_bahnschrift.ttf,CBAGJWPD6YXT0RNZL49E3HSU875KFVMQ2,3,11,1,0.51,12.393547,0.770893,0.778927,CBAGJWPDS6YXTRNZL49ESHSUSTSKFVMGQ2,0.212121,0.787879,point_previews/task000067_mu000256_rho060_n1.png
0.7,256,8,license_plate_bahnschrift.ttf,CBAGJWPD6YXT0RNZL49E3HSU875KFVMQ2,3,11,0,0.595,13.38656,0.735998,0.721147,CBAGJWPDSYXTGRNZL49ESHSUBSTSKFVMQ2,0.212121,0.787879,point_previews/task000067_mu000256_rho070_n0.png
0.7,256,8,license_plate_bahnschrift.ttf,CBAGJWPD6YXT0RNZL49E3HSU875KFVMQ2,3,11,1,0.595,13.38656,0.735998,0.721147,CBAGJWPD6YXTRNZL47ESHSUS7TSKFYVMQ2,0.212121,0.787879,point_previews/task000067_mu000256_rho070_n1.png
0.8,256,8,license_plate_bahnschrift.ttf,CBAGJWPD6YXT0RNZL49E3HSU875KFVMQ2,3,11,0,0.68,14.310835,0.701998,0.674571,CBAGJWPD6YXT0RNZL49ESHSUSTSKFVMQG2,0.151515,0.848485,point_previews/task000067_mu000256_rho080_n0.png
0.8,256,8,license_plate_bahnschrift.ttf,CBAGJWPD6YXT0RNZL49E3HSU875KFVMQ2,3,11,1,0.68,14.310835,0.701998,0.674571,CBAGJWPD6YXTRNZL49ESHSUSTSKFYMQ2,0.181818,0.818182,point_previews/task000067_mu000256_rho080_n1.png
0.9,256,8,license_plate_bahnschrift.ttf,CBAGJWPD6YXT0RNZL49E3HSU875KFVMQ2,3,11,0,0.765,15.178933,0.668877,0.635992,CBAGJWPD6YXT0RNZL49ESHSUB7TSKFVMQ2,0.121212,0.878788,point_previews/task000067_mu000256_rho090_n0.png
0.9,256,8,license_plate_bahnschrift.ttf,CBAGJWPD6YXT0RNZL49E3HSU875KFVMQ2,3,11,1,0.765,15.178933,0.668877,0.635992,CBAGJWPD6YXTRNZL49ESHSUBTSKFVMQ2,0.151515,0.848485,point_previews/task000067_mu000256_rho090_n1.png
1.0,256,8,license_plate_bahnschrift.ttf,CBAGJWPD6YXT0RNZL49E3HSU875KFVMQ2,3,11,0,0.85,16.0,0.63662,0.603355,CBAGJWPD6YXTRNZL49ESHSU875SKFVMQ2,0.090909,0.909091,point_previews/task000067_mu000256_rho100_n0.png
1.0,256,8,license_plate_bahnschrift.ttf,CBAGJWPD6YXT0RNZL49E3HSU875KFVMQ2,3,11,1,0.85,16.0,0.63662,0.603355,CBAGJWPD4YXTGRNZL49ESHSUBTSKFVMQ2,0.181818,0.818182,point_previews/task000067_mu000256_rho100_n1.png
0.1,1024,8,license_plate_bahnschrift.ttf,CBAGJWPD6YXT0RNZL49E3HSU875KFVMQ2,3,11,0,0.085,5.059644,0.959381,1.907975,CBAGJWPDSYATRNZL4PESHSUSTSKFYMQ2,0.272727,0.727273,point_previews/task000068_mu001024_rho010_n0.png
0.1,1024,8,license_plate_bahnschrift.ttf,CBAGJWPD6YXT0RNZL49E3HSU875KFVMQ2,3,11,1,0.085,5.059644,0.959381,1.907975,CBAGJWPDSYXTRNZL4P9ESHSUSTSKFYMQ2,0.242424,0.757576,point_previews/task000068_mu001024_rho010_n1.png
0.2,1024,8,license_plate_bahnschrift.ttf,CBAGJWPD6YXT0RNZL49E3HSU875KFVMQ2,3,11,0,0.17,7.155418,0.919759,1.349142,CBAGJWPDSYXT0RNZL49ESHSUSTSKFYMQ2,0.181818,0.818182,point_previews/task000068_mu001024_rho020_n0.png
0.2,1024,8,license_plate_bahnschrift.ttf,CBAGJWPD6YXT0RNZL49E3HSU875KFVMQ2,3,11,1,0.17,7.155418,0.919759,1.349142,CBAGJWPDSYXTRNZL4PESHSUSTSKFYMQ2,0.242424,0.757576,point_previews/task000068_mu001024_rho020_n1.png
0.3,1024,8,license_plate_bahnschrift.ttf,CBAGJWPD6YXT0RNZL49E3HSU875KFVMQ2,3,11,0,0.255,8.763561,0.881116,1.10157,CBAGJWPDSYXT0RNZL49ESHSUSTSKFYMQ2,0.181818,0.818182,point_previews/task000068_mu001024_rho030_n0.png
0.3,1024,8,license_plate_bahnschrift.ttf,CBAGJWPD6YXT0RNZL49E3HSU875KFVMQ2,3,11,1,0.255,8.763561,0.881116,1.10157,CBAGJWPDS6YXT0RNZL49ESHSUS7TSKFYMQ2,0.181818,0.818182,point_previews/task000068_mu001024_rho030_n1.png
0.4,1024,8,license_plate_bahnschrift.ttf,CBAGJWPD6YXT0RNZL49E3HSU875KFVMQ2,3,11,0,0.34,10.119289,0.843436,0.953987,CBAGJWPD6YXTRNZL49ESHSUSTSKFYMQ2,0.181818,0.818182,point_previews/task000068_mu001024_rho040_n0.png
0.4,1024,8,license_plate_bahnschrift.ttf,CBAGJWPD6YXT0RNZL49E3HSU875KFVMQ2,3,11,1,0.34,10.119289,0.843436,0.953987,CBAGJWPD6YXTRNZL49ESHSUSTSKFYVMQ2,0.181818,0.818182,point_previews/task000068_mu001024_rho040_n1.png
0.5,1024,8,license_plate_bahnschrift.ttf,CBAGJWPD6YXT0RNZL49E3HSU875KFVMQ2,3,11,0,0.425,11.313708,0.8067,0.853272,CBAGJWPD6YXT0RNZL49ESHSUB7TSKFVMQ2,0.121212,0.878788,point_previews/task000068_mu001024_rho050_n0.png
0.5,1024,8,license_plate_bahnschrift.ttf,CBAGJWPD6YXT0RNZL49E3HSU875KFVMQ2,3,11,1,0.425,11.313708,0.8067,0.853272,CBAGJWPD6YXTRNZL49ESHSUSTSKFVMQ2,0.151515,0.848485,point_previews/task000068_mu001024_rho050_n1.png
0.6,1024,8,license_plate_bahnschrift.ttf,CBAGJWPD6YXT0RNZL49E3HSU875KFVMQ2,3,11,0,0.51,12.393547,0.770893,0.778927,CBAGJWPD6YXTRNZL49ESHSUSTSKFVMQ2,0.151515,0.848485,point_previews/task000068_mu001024_rho060_n0.png
0.6,1024,8,license_plate_bahnschrift.ttf,CBAGJWPD6YXT0RNZL49E3HSU875KFVMQ2,3,11,1,0.51,12.393547,0.770893,0.778927,CBAGJWPD6YXTRNZL49ESHSUSTSKFVMGQ2,0.181818,0.818182,point_previews/task000068_mu001024_rho060_n1.png
0.7,1024,8,license_plate_bahnschrift.ttf,CBAGJWPD6YXT0RNZL49E3HSU875KFVMQ2,3,11,0,0.595,13.38656,0.735998,0.721147,CBAGJWPD6YXTRNZL49ESHSUB7TSKFVMQ2,0.151515,0.848485,point_previews/task000068_mu001024_rho070_n0.png
0.7,1024,8,license_plate_bahnschrift.ttf,CBAGJWPD6YXT0RNZL49E3HSU875KFVMQ2,3,11,1,0.595,13.38656,0.735998,0.721147,CBAGJWPD6YXT0RNZL49ESHSUB7TSKFVMQ2,0.121212,0.878788,point_previews/task000068_mu001024_rho070_n1.png
0.8,1024,8,license_plate_bahnschrift.ttf,CBAGJWPD6YXT0RNZL49E3HSU875KFVMQ2,3,11,0,0.68,14.310835,0.701998,0.674571,CBAGJWPD6YXT0RNZL49ESHSUB7SKFVMQ2,0.090909,0.909091,point_previews/task000068_mu001024_rho080_n0.png
0.8,1024,8,license_plate_bahnschrift.ttf,CBAGJWPD6YXT0RNZL49E3HSU875KFVMQ2,3,11,1,0.68,14.310835,0.701998,0.674571,CBAGJWPD6YXTRNZL49ESHSUBTSKFVMQ2,0.151515,0.848485,point_previews/task000068_mu001024_rho080_n1.png
0.9,1024,8,license_plate_bahnschrift.ttf,CBAGJWPD6YXT0RNZL49E3HSU875KFVMQ2,3,11,0,0.765,15.178933,0.668877,0.635992,CBAGJWPD6YXT0RNZL49ESHSUB7TSKFVMQ2,0.121212,0.878788,point_previews/task000068_mu001024_rho090_n0.png
0.9,1024,8,license_plate_bahnschrift.ttf,CBAGJWPD6YXT0RNZL49E3HSU875KFVMQ2,3,11,1,0.765,15.178933,0.668877,0.635992,CBAGJWPD6YXT0RNZL49ESHSUB7SKFVMQ2,0.090909,0.909091,point_previews/task000068_mu001024_rho090_n1.png
1.0,1024,8,license_plate_bahnschrift.ttf,CBAGJWPD6YXT0RNZL49E3HSU875KFVMQ2,3,11,0,0.85,16.0,0.63662,0.603355,CBAGJWPD6YXTRNZL49ESHSUB875SKFVMQ2,0.121212,0.878788,point_previews/task000068_mu001024_rho100_n0.png
1.0,1024,8,license_plate_bahnschrift.ttf,CBAGJWPD6YXT0RNZL49E3HSU875KFVMQ2,3,11,1,0.85,16.0,0.63662,0.603355,CBAGJWPD6YXT0RNZL49ESHSUB7TSKFVMGQ2,0.151515,0.848485,point_previews/task000068_mu001024_rho100_n1.png
0.1,4096,8,license_plate_bahnschrift.ttf,CBAGJWPD6YXT0RNZL49E3HSU875KFVMQ2,3,11,0,0.085,5.059644,0.959381,1.907975,CBAGJWPDSYXT0RNZL4P9ESHSUSTSKFVMQ2,0.181818,0.818182,point_previews/task000069_mu004096_rho010_n0.png
0.1,4096,8,license_plate_bahnschrift.ttf,CBAGJWPD6YXT0RNZL49E3HSU875KFVMQ2,3,11,1,0.085,5.059644,0.959381,1.907975,CBAGJWPDSGYXTRNZL4P9ESHSUS7TSKFYMQ2,0.272727,0.727273,point_previews/task000069_mu004096_rho010_n1.png
0.2,4096,8,license_plate_bahnschrift.ttf,CBAGJWPD6YXT0RNZL49E3HSU875KFVMQ2,3,11,0,0.17,7.155418,0.919759,1.349142,CBAGJWPDG6YXAT0RNZL49ESHSUS7TSKFYMQ2,0.212121,0.787879,point_previews/task000069_mu004096_rho020_n0.png
0.2,4096,8,license_plate_bahnschrift.ttf,CBAGJWPD6YXT0RNZL49E3HSU875KFVMQ2,3,11,1,0.17,7.155418,0.919759,1.349142,CBAGJWPDSYXT0RNZL49ESHSUSTSKFYMQ2,0.181818,0.818182,point_previews/task000069_mu004096_rho020_n1.png
0.3,4096,8,license_plate_bahnschrift.ttf,CBAGJWPD6YXT0RNZL49E3HSU875KFVMQ2,3,11,0,0.255,8.763561,0.881116,1.10157,CBAGJWPDS6YXT0RNZL49ESHSUS7TSKFYMQ2,0.181818,0.818182,point_previews/task000069_mu004096_rho030_n0.png
0.3,4096,8,license_plate_bahnschrift.ttf,CBAGJWPD6YXT0RNZL49E3HSU875KFVMQ2,3,11,1,0.255,8.763561,0.881116,1.10157,CBAGJWPDS6YXT0RNZL49ESHSUS7TSKFYMQ2,0.181818,0.818182,point_previews/task000069_mu004096_rho030_n1.png
0.4,4096,8,license_plate_bahnschrift.ttf,CBAGJWPD6YXT0RNZL49E3HSU875KFVMQ2,3,11,0,0.34,10.119289,0.843436,0.953987,CBAGJWPDSYXTRNZL49ESHSUSTSKFYMQ2,0.212121,0.787879,point_previews/task000069_mu004096_rho040_n0.png
0.4,4096,8,license_plate_bahnschrift.ttf,CBAGJWPD6YXT0RNZL49E3HSU875KFVMQ2,3,11,1,0.34,10.119289,0.843436,0.953987,CBAGJWPDSYXT0RNZL49ESHSUSTSKFYMQ2,0.181818,0.818182,point_previews/task000069_mu004096_rho040_n1.png
0.5,4096,8,license_plate_bahnschrift.ttf,CBAGJWPD6YXT0RNZL49E3HSU875KFVMQ2,3,11,0,0.425,11.313708,0.8067,0.853272,CBAGJWPD6YXT0RNZL49ESHSUSTSKFVMQ2,0.121212,0.878788,point_previews/task000069_mu004096_rho050_n0.png
0.5,4096,8,license_plate_bahnschrift.ttf,CBAGJWPD6YXT0RNZL49E3HSU875KFVMQ2,3,11,1,0.425,11.313708,0.8067,0.853272,CBAGJWPD6YXT0RNZL49ESHSUBTSKFYMQ2,0.151515,0.848485,point_previews/task000069_mu004096_rho050_n1.png
0.6,4096,8,license_plate_bahnschrift.ttf,CBAGJWPD6YXT0RNZL49E3HSU875KFVMQ2,3,11,0,0.51,12.393547,0.770893,0.778927,CBAGJWPD6YXTRNZL49ESHSUSTSKFVMQ2,0.151515,0.848485,point_previews/task000069_mu004096_rho060_n0.png
0.6,4096,8,license_plate_bahnschrift.ttf,CBAGJWPD6YXT0RNZL49E3HSU875KFVMQ2,3,11,1,0.51,12.393547,0.770893,0.778927,CBAGJWPD6YXTRNZL49ESHSUSTSKFVMQ2,0.151515,0.848485,point_previews/task000069_mu004096_rho060_n1.png
0.7,4096,8,license_plate_bahnschrift.ttf,CBAGJWPD6YXT0RNZL49E3HSU875KFVMQ2,3,11,0,0.595,13.38656,0.735998,0.721147,CBAGJWPD6YXTRNZL49ESHSU8S7TSKFVMQ2,0.151515,0.848485,point_previews/task000069_mu004096_rho070_n0.png
0.7,4096,8,license_plate_bahnschrift.ttf,CBAGJWPD6YXT0RNZL49E3HSU875KFVMQ2,3,11,1,0.595,13.38656,0.735998,0.721147,CBAGJWPD6YXTRNZL49ESHSU87TSKFVMQ2,0.121212,0.878788,point_previews/task000069_mu004096_rho070_n1.png
0.8,4096,8,license_plate_bahnschrift.ttf,CBAGJWPD6YXT0RNZL49E3HSU875KFVMQ2,3,11,0,0.68,14.310835,0.701998,0.674571,CBAGJWPD6YXT0RNZL49ESHSUS7TSKFVMQ2,0.121212,0.878788,point_previews/task000069_mu004096_rho080_n0.png
0.8,4096,8,license_plate_bahnschrift.ttf,CBAGJWPD6YXT0RNZL49E3HSU875KFVMQ2,3,11,1,0.68,14.310835,0.701998,0.674571,CBAGJWPD6YXT0RNZL49ESHSUSTSKFVMQ2,0.121212,0.878788,point_previews/task000069_mu004096_rho080_n1.png
0.9,4096,8,license_plate_bahnschrift.ttf,CBAGJWPD6YXT0RNZL49E3HSU875KFVMQ2,3,11,0,0.765,15.178933,0.668877,0.635992,CBAGJWPD6YXT0RNZL49ESHSUS7TSKFVMQ2,0.121212,0.878788,point_previews/task000069_mu004096_rho090_n0.png
0.9,4096,8,license_plate_bahnschrift.ttf,CBAGJWPD6YXT0RNZL49E3HSU875KFVMQ2,3,11,1,0.765,15.178933,0.668877,0.635992,CBAGJWPD6YXT0RNZL49ESHSUB87SKFVMQ2,0.090909,0.909091,point_previews/task000069_mu004096_rho090_n1.png
1.0,4096,8,license_plate_bahnschrift.ttf,CBAGJWPD6YXT0RNZL49E3HSU875KFVMQ2,3,11,0,0.85,16.0,0.63662,0.603355,CBAGJWPD6YXT0RNZL49ESHSUB7TSKFVMQ2,0.121212,0.878788,point_previews/task000069_mu004096_rho100_n0.png
1.0,4096,8,license_plate_bahnschrift.ttf,CBAGJWPD6YXT0RNZL49E3HSU875KFVMQ2,3,11,1,0.85,16.0,0.63662,0.603355,CBAGJWPD6YXT0RNZL49E3SHSUB7TSKFVMQ2,0.121212,0.878788,point_previews/task000069_mu004096_rho100_n1.png
0.1,16384,8,license_plate_bahnschrift.ttf,CBAGJWPD6YXT0RNZL49E3HSU875KFVMQ2,3,11,0,0.085,5.059644,0.959381,1.907975,CBAGJWPDS6YXT0RNZL4P9ESHSUSTSKFYMQ2,0.212121,0.787879,point_previews/task000070_mu016384_rho010_n0.png
0.1,16384,8,license_plate_bahnschrift.ttf,CBAGJWPD6YXT0RNZL49E3HSU875KFVMQ2,3,11,1,0.085,5.059644,0.959381,1.907975,CBAGJWPDS6YXT0RNZL4PESHSUSTSKFYMQ2,0.212121,0.787879,point_previews/task000070_mu016384_rho010_n1.png
0.2,16384,8,license_plate_bahnschrift.ttf,CBAGJWPD6YXT0RNZL49E3HSU875KFVMQ2,3,11,0,0.17,7.155418,0.919759,1.349142,CBAGJWPDG6YXT0RNZL49ESHSUSTSKFYMQ2,0.181818,0.818182,point_previews/task000070_mu016384_rho020_n0.png
0.2,16384,8,license_plate_bahnschrift.ttf,CBAGJWPD6YXT0RNZL49E3HSU875KFVMQ2,3,11,1,0.17,7.155418,0.919759,1.349142,CBAGJWPDG6YXT0RNZL49ESHSUS7TSKFYMQ2,0.181818,0.818182,point_previews/task000070_mu016384_rho020_n1.png
0.3,16384,8,license_plate_bahnschrift.ttf,CBAGJWPD6YXT0RNZL49E3HSU875KFVMQ2,3,11,0,0.255,8.763561,0.881116,1.10157,CBAGJWPDS6YXT0RNZL49ESHSUS7T5SKFYMQ2,0.181818,0.818182,point_previews/task000070_mu016384_rho030_n0.png
0.3,16384,8,license_plate_bahnschrift.ttf,CBAGJWPD6YXT0RNZL49E3HSU875KFVMQ2,3,11,1,0.255,8.763561,0.881116,1.10157,CBAGJWPDS6YXT0RNZL49ESHSUS7TSKFYMQ2,0.181818,0.818182,point_previews/task000070_mu016384_rho030_n1.png
0.4,16384,8,license_plate_bahnschrift.ttf,CBAGJWPD6YXT0RNZL49E3HSU875KFVMQ2,3,11,0,0.34,10.119289,0.843436,0.953987,CBAGJWPDSYXTRNZL49ESHSUSTSKFYMQ2,0.212121,0.787879,point_previews/task000070_mu016384_rho040_n0.png
0.4,16384,8,license_plate_bahnschrift.ttf,CBAGJWPD6YXT0RNZL49E3HSU875KFVMQ2,3,11,1,0.34,10.119289,0.843436,0.953987,CBAGJWPDSYXTRNZL49ESHSUSTSKFYMQ2,0.212121,0.787879,point_previews/task000070_mu016384_rho040_n1.png
0.5,16384,8,license_plate_bahnschrift.ttf,CBAGJWPD6YXT0RNZL49E3HSU875KFVMQ2,3,11,0,0.425,11.313708,0.8067,0.853272,CBAGJWPD6YXT0RNZL49ESHSU87TSKFYMQ2,0.121212,0.878788,point_previews/task000070_mu016384_rho050_n0.png
0.5,16384,8,license_plate_bahnschrift.ttf,CBAGJWPD6YXT0RNZL49E3HSU875KFVMQ2,3,11,1,0.425,11.313708,0.8067,0.853272,CBAGJWPD6YXT0RNZL49ESHSUBTSKFVMQ2,0.121212,0.878788,point_previews/task000070_mu016384_rho050_n1.png
0.6,16384,8,license_plate_bahnschrift.ttf,CBAGJWPD6YXT0RNZL49E3HSU875KFVMQ2,3,11,0,0.51,12.393547,0.770893,0.778927,CBAGJWPD6YXTRNZL49ESHSUSTSKFVMQ2,0.151515,0.848485,point_previews/task000070_mu016384_rho060_n0.png
0.6,16384,8,license_plate_bahnschrift.ttf,CBAGJWPD6YXT0RNZL49E3HSU875KFVMQ2,3,11,1,0.51,12.393547,0.770893,0.778927,CBAGJWPD6YXTRNZL49ESHSUSTSKFVMQ2,0.151515,0.848485,point_previews/task000070_mu016384_rho060_n1.png
0.7,16384,8,license_plate_bahnschrift.ttf,CBAGJWPD6YXT0RNZL49E3HSU875KFVMQ2,3,11,0,0.595,13.38656,0.735998,0.721147,CBAGJWPD6YXT0RNZL49ESHSUSTSKFVMQ2,0.121212,0.878788,point_previews/task000070_mu016384_rho070_n0.png
0.7,16384,8,license_plate_bahnschrift.ttf,CBAGJWPD6YXT0RNZL49E3HSU875KFVMQ2,3,11,1,0.595,13.38656,0.735998,0.721147,CBAGJWPD6YXT0RNZL49ESHSUBS7TSKFVMQ2,0.151515,0.848485,point_previews/task000070_mu016384_rho070_n1.png
0.8,16384,8,license_plate_bahnschrift.ttf,CBAGJWPD6YXT0RNZL49E3HSU875KFVMQ2,3,11,0,0.68,14.310835,0.701998,0.674571,CBAGJWPD6YXT0RNZL49ESHSUSTSKFVMQ2,0.121212,0.878788,point_previews/task000070_mu016384_rho080_n0.png
0.8,16384,8,license_plate_bahnschrift.ttf,CBAGJWPD6YXT0RNZL49E3HSU875KFVMQ2,3,11,1,0.68,14.310835,0.701998,0.674571,CBAGJWPD6YXT0RNZL49ESHSUSTSKFVMQ2,0.121212,0.878788,point_previews/task000070_mu016384_rho080_n1.png
0.9,16384,8,license_plate_bahnschrift.ttf,CBAGJWPD6YXT0RNZL49E3HSU875KFVMQ2,3,11,0,0.765,15.178933,0.668877,0.635992,CBAGJWPD6YXT0RNZL49ESHSU875SKFVMQ2,0.060606,0.939394,point_previews/task000070_mu016384_rho090_n0.png
0.9,16384,8,license_plate_bahnschrift.ttf,CBAGJWPD6YXT0RNZL49E3HSU875KFVMQ2,3,11,1,0.765,15.178933,0.668877,0.635992,CBAGJWPD6YXT0RNZL49ESHSU875SKFVMQ2,0.060606,0.939394,point_previews/task000070_mu016384_rho090_n1.png
1.0,16384,8,license_plate_bahnschrift.ttf,CBAGJWPD6YXT0RNZL49E3HSU875KFVMQ2,3,11,0,0.85,16.0,0.63662,0.603355,CBAGJWPD6YXT0RNZL49E3SHSU87TSKFVMQ2,0.090909,0.909091,point_previews/task000070_mu016384_rho100_n0.png
1.0,16384,8,license_plate_bahnschrift.ttf,CBAGJWPD6YXT0RNZL49E3HSU875KFVMQ2,3,11,1,0.85,16.0,0.63662,0.603355,CBAGJWPD6YXT0RNZL49E3HSU87TSKFVMQ2,0.060606,0.939394,point_previews/task000070_mu016384_rho100_n1.png
0.1,65536,8,license_plate_bahnschrift.ttf,CBAGJWPD6YXT0RNZL49E3HSU875KFVMQ2,3,11,0,0.085,5.059644,0.959381,1.907975,CBAGJWPDSYATRNZL4P9ESHSUS7TSKFYMQ2,0.272727,0.727273,point_previews/task000071_mu065536_rho010_n0.png
0.1,65536,8,license_plate_bahnschrift.ttf,CBAGJWPD6YXT0RNZL49E3HSU875KFVMQ2,3,11,1,0.085,5.059644,0.959381,1.907975,CBAGJWPD6YXT0RNZL4P9ESHSUSTSKFYMQ2,0.181818,0.818182,point_previews/task000071_mu065536_rho010_n1.png
0.2,65536,8,license_plate_bahnschrift.ttf,CBAGJWPD6YXT0RNZL49E3HSU875KFVMQ2,3,11,0,0.17,7.155418,0.919759,1.349142,CBAGJWPDG6YXT0RNZL49ESHSUSTSKFYMQ2,0.181818,0.818182,point_previews/task000071_mu065536_rho020_n0.png
0.2,65536,8,license_plate_bahnschrift.ttf,CBAGJWPD6YXT0RNZL49E3HSU875KFVMQ2,3,11,1,0.17,7.155418,0.919759,1.349142,CBAGJWPDE6YXT0RNZL49ESHSUS7TSKFYMQ2,0.181818,0.818182,point_previews/task000071_mu065536_rho020_n1.png
0.3,65536,8,license_plate_bahnschrift.ttf,CBAGJWPD6YXT0RNZL49E3HSU875KFVMQ2,3,11,0,0.255,8.763561,0.881116,1.10157,CBAGJWPD6YXT0RNZL49ESHSU8TSKFYMQ2,0.121212,0.878788,point_previews/task000071_mu065536_rho030_n0.png
0.3,65536,8,license_plate_bahnschrift.ttf,CBAGJWPD6YXT0RNZL49E3HSU875KFVMQ2,3,11,1,0.255,8.763561,0.881116,1.10157,CBAGJWPD6YXT0RNZL49ESHSU87TSKFYMQ2,0.121212,0.878788,point_previews/task000071_mu065536_rho030_n1.png
0.4,65536,8,license_plate_bahnschrift.ttf,CBAGJWPD6YXT0RNZL49E3HSU875KFVMQ2,3,11,0,0.34,10.119289,0.843436,0.953987,CBAGJWPDSYXTRNZL49ESHSUSTSKFYMQ2,0.212121,0.787879,point_previews/task000071_mu065536_rho040_n0.png
0.4,65536,8,license_plate_bahnschrift.ttf,CBAGJWPD6YXT0RNZL49E3HSU875KFVMQ2,3,11,1,0.34,10.119289,0.843436,0.953987,CBAGJWPDSYXTRNZL49ESHSUSTSKFYMQ2,0.212121,0.787879,point_previews/task000071_mu065536_rho040_n1.png
0.5,65536,8,license_plate_bahnschrift.ttf,CBAGJWPD6YXT0RNZL49E3HSU875KFVMQ2,3,11,0,0.425,11.313708,0.8067,0.853272,CBAGJWPD6YXT0RNZL49ESHSUBTSKFYVMQ2,0.151515,0.848485,point_previews/task000071_mu065536_rho050_n0.png
0.5,65536,8,license_plate_bahnschrift.ttf,CBAGJWPD6YXT0RNZL49E3HSU875KFVMQ2,3,11,1,0.425,11.313708,0.8067,0.853272,CBAGJWPD6YXT0RNZL49ESHSUBTSKFYVMQ2,0.151515,0.848485,point_previews/task000071_mu065536_rho050_n1.png
0.6,65536,8,license_plate_bahnschrift.ttf,CBAGJWPD6YXT0RNZL49E3HSU875KFVMQ2,3,11,0,0.51,12.393547,0.770893,0.778927,CBAGJWPD6YXT0RNZL49ESHSUSTSKFVMQ2,0.121212,0.878788,point_previews/task000071_mu065536_rho060_n0.png
0.6,65536,8,license_plate_bahnschrift.ttf,CBAGJWPD6YXT0RNZL49E3HSU875KFVMQ2,3,11,1,0.51,12.393547,0.770893,0.778927,CBAGJWPD6YXTRNZL49ESHSUSTSKFVMQ2,0.151515,0.848485,point_previews/task000071_mu065536_rho060_n1.png
0.7,65536,8,license_plate_bahnschrift.ttf,CBAGJWPD6YXT0RNZL49E3HSU875KFVMQ2,3,11,0,0.595,13.38656,0.735998,0.721147,CBAGJWPD6YXT0RNZL49ESHSUSTSKFVMQ2,0.121212,0.878788,point_previews/task000071_mu065536_rho070_n0.png
0.7,65536,8,license_plate_bahnschrift.ttf,CBAGJWPD6YXT0RNZL49E3HSU875KFVMQ2,3,11,1,0.595,13.38656,0.735998,0.721147,CBAGJWPD6YXTRNZL49ESHSUSTSKFVMQ2,0.151515,0.848485,point_previews/task000071_mu065536_rho070_n1.png
0.8,65536,8,license_plate_bahnschrift.ttf,CBAGJWPD6YXT0RNZL49E3HSU875KFVMQ2,3,11,0,0.68,14.310835,0.701998,0.674571,CBAGJWPD6YXT0RNZL49ESHSUSTSKFVMQ2,0.121212,0.878788,point_previews/task000071_mu065536_rho080_n0.png
0.8,65536,8,license_plate_bahnschrift.ttf,CBAGJWPD6YXT0RNZL49E3HSU875KFVMQ2,3,11,1,0.68,14.310835,0.701998,0.674571,CBAGJWPD6YXTRNZL49ESHSUSTSKFVMQ2,0.151515,0.848485,point_previews/task000071_mu065536_rho080_n1.png
0.9,65536,8,license_plate_bahnschrift.ttf,CBAGJWPD6YXT0RNZL49E3HSU875KFVMQ2,3,11,0,0.765,15.178933,0.668877,0.635992,CBAGJWPD6YXT0RNZL49ESHSU87SKFVMQ2,0.060606,0.939394,point_previews/task000071_mu065536_rho090_n0.png
0.9,65536,8,license_plate_bahnschrift.ttf,CBAGJWPD6YXT0RNZL49E3HSU875KFVMQ2,3,11,1,0.765,15.178933,0.668877,0.635992,CBAGJWPD6YXT0RNZL49E3SHSU875SKFVMQ2,0.060606,0.939394,point_previews/task000071_mu065536_rho090_n1.png
1.0,65536,8,license_plate_bahnschrift.ttf,CBAGJWPD6YXT0RNZL49E3HSU875KFVMQ2,3,11,0,0.85,16.0,0.63662,0.603355,CBAGJWPD6YXT0RNZL49E3SHSU87SKFVMQ2,0.060606,0.939394,point_previews/task000071_mu065536_rho100_n0.png
1.0,65536,8,license_plate_bahnschrift.ttf,CBAGJWPD6YXT0RNZL49E3HSU875KFVMQ2,3,11,1,0.85,16.0,0.63662,0.603355,CBAGJWPD6YXT0RNZL49E3SHSUB7TSKFVMQ2,0.121212,0.878788,point_previews/task000071_mu065536_rho100_n1.png
0.1,4,8,license_plate_bahnschrift.ttf,CBAGJWPD6YXT0RNZL49E3HSU875KFVMQ2,3,15,0,0.085,5.059644,0.959381,1.907975,PMTEMRBTECEFA,0.878788,0.121212,point_previews/task000072_mu000004_rho010_n0.png
0.1,4,8,license_plate_bahnschrift.ttf,CBAGJWPD6YXT0RNZL49E3HSU875KFVMQ2,3,15,1,0.085,5.059644,0.959381,1.907975,,1.0,0.0,point_previews/task000072_mu000004_rho010_n1.png
0.2,4,8,license_plate_bahnschrift.ttf,CBAGJWPD6YXT0RNZL49E3HSU875KFVMQ2,3,15,0,0.17,7.155418,0.919759,1.349142,PREETBNETEANCRA,0.878788,0.121212,point_previews/task000072_mu000004_rho020_n0.png
0.2,4,8,license_plate_bahnschrift.ttf,CBAGJWPD6YXT0RNZL49E3HSU875KFVMQ2,3,15,1,0.17,7.155418,0.919759,1.349142,,1.0,0.0,point_previews/task000072_mu000004_rho020_n1.png
0.3,4,8,license_plate_bahnschrift.ttf,CBAGJWPD6YXT0RNZL49E3HSU875KFVMQ2,3,15,0,0.255,8.763561,0.881116,1.10157,PMCRDRREDPRAMLREKY,0.848485,0.151515,point_previews/task000072_mu000004_rho030_n0.png
0.3,4,8,license_plate_bahnschrift.ttf,CBAGJWPD6YXT0RNZL49E3HSU875KFVMQ2,3,15,1,0.255,8.763561,0.881116,1.10157,PRRN,0.909091,0.090909,point_previews/task000072_mu000004_rho030_n1.png
0.4,4,8,license_plate_bahnschrift.ttf,CBAGJWPD6YXT0RNZL49E3HSU875KFVMQ2,3,15,0,0.34,10.119289,0.843436,0.953987,BARPUNNPMMERNB,0.848485,0.151515,point_previews/task000072_mu000004_rho040_n0.png
0.4,4,8,license_plate_bahnschrift.ttf,CBAGJWPD6YXT0RNZL49E3HSU875KFVMQ2,3,15,1,0.34,10.119289,0.843436,0.953987,BNEMAGNSCAMRLNTESTANEAPERC,0.848485,0.151515,point_previews/task000072_mu000004_rho040_n1.png
0.5,4,8,license_plate_bahnschrift.ttf,CBAGJWPD6YXT0RNZL49E3HSU875KFVMQ2,3,15,0,0.425,11.313708,0.8067,0.853272,SESMALTRASTECRVN,0.878788,0.121212,point_previews/task000072_mu000004_rho050_n0.png
0.5,4,8,license_plate_bahnschrift.ttf,CBAGJWPD6YXT0RNZL49E3HSU875KFVMQ2,3,15,1,0.425,11.313708,0.8067,0.853272,SATRBSEAEY,0.878788,0.121212,point_previews/task000072_mu000004_rho050_n1.png
0.6,4,8,license_plate_bahnschrift.ttf,CBAGJWPD6YXT0RNZL49E3HSU875KFVMQ2,3,15,0,0.51,12.393547,0.770893,0.778927,PUEECSERRACBPE,0.909091,0.090909,point_previews/task000072_mu000004_rho060_n0.png
0.6,4,8,license_plate_bahnschrift.ttf,CBAGJWPD6YXT0RNZL49E3HSU875KFVMQ2,3,15,1,0.51,12.393547,0.770893,0.778927,,1.0,0.0,point_previews/task000072_mu000004_rho060_n1.png
0.7,4,8,license_plate_bahnschrift.ttf,CBAGJWPD6YXT0RNZL49E3HSU875KFVMQ2,3,15,0,0.595,13.38656,0.735998,0.721147,WTAGUAS,0.909091,0.090909,point_previews/task000072_mu000004_rho070_n0.png
0.7,4,8,license_plate_bahnschrift.ttf,CBAGJWPD6YXT0RNZL49E3HSU875KFVMQ2,3,15,1,0.595,13.38656,0.735998,0.721147,CMERTNSLA,0.878788,0.121212,point_previews/task000072_mu000004_rho070_n1.png
0.8,4,8,license_plate_bahnschrift.ttf,CBAGJWPD6YXT0RNZL49E3HSU875KFVMQ2,3,15,0,0.68,14.310835,0.701998,0.674571,PPARLMSDERRRTUAEENREE,0.878788,0.121212,point_previews/task000072_mu000004_rho080_n0.png
0.8,4,8,license_plate_bahnschrift.ttf,CBAGJWPD6YXT0RNZL49E3HSU875KFVMQ2,3,15,1,0.68,14.310835,0.701998,0.674571,PMEEARNESSCERUERAKS,0.818182,0.181818,point_previews/task000072_mu000004_rho080_n1.png
0.9,4,8,license_plate_bahnschrift.ttf,CBAGJWPD6YXT0RNZL49E3HSU875KFVMQ2,3,15,0,0.765,15.178933,0.668877,0.635992,NPAGUUCARAYNTNEGEYBCS,0.848485,0.151515,point_previews/task000072_mu000004_rho090_n0.png
0.9,4,8,license_plate_bahnschrift.ttf,CBAGJWPD6YXT0RNZL49E3HSU875KFVMQ2,3,15,1,0.765,15.178933,0.668877,0.635992,SESERUSRTPHENSRNTREMER,0.878788,0.121212,point_previews/task000072_mu000004_rho090_n1.png
1.0,4,8,license_plate_bahnschrift.ttf,CBAGJWPD6YXT0RNZL49E3HSU875KFVMQ2,3,15,0,0.85,16.0,0.63662,0.603355,TERTUEREPETANSRRERUSPEMPPSLR,0.878788,0.121212,point_previews/task000072_mu000004_rho100_n0.png
1.0,4,8,license_plate_bahnschrift.ttf,CBAGJWPD6YXT0RNZL49E3HSU875KFVMQ2,3,15,1,0.85,16.0,0.63662,0.603355,BEDPRGN,0.909091,0.090909,point_previews/task000072_mu000004_rho100_n1.png
0.1,16,8,license_plate_bahnschrift.ttf,CBAGJWPD6YXT0RNZL49E3HSU875KFVMQ2,3,15,0,0.085,5.059644,0.959381,1.907975,SERUTERERMCRRWET,0.909091,0.090909,point_previews/task000073_mu000016_rho010_n0.png
0.1,16,8,license_plate_bahnschrift.ttf,CBAGJWPD6YXT0RNZL49E3HSU875KFVMQ2,3,15,1,0.085,5.059644,0.959381,1.907975,BPES,0.878788,0.121212,point_previews/task000073_mu000016_rho010_n1.png
0.2,16,8,license_plate_bahnschrift.ttf,CBAGJWPD6YXT0RNZL49E3HSU875KFVMQ2,3,15,0,0.17,7.155418,0.919759,1.349142,EBRRURAMRTUM2UEMRSEUGS,0.878788,0.121212,point_previews/task000073_mu000016_rho020_n0.png
0.2,16,8,license_plate_bahnschrift.ttf,CBAGJWPD6YXT0RNZL49E3HSU875KFVMQ2,3,15,1,0.17,7.155418,0.919759,1.349142,UARSPBATDRNTAMSPEM,0.787879,0.212121,point_previews/task000073_mu000016_rho020_n1.png
0.3,16,8,license_plate_bahnschrift.ttf,CBAGJWPD6YXT0RNZL49E3HSU875KFVMQ2,3,15,0,0.255,8.763561,0.881116,1.10157,ACESMUERERBERRTHSDATSR,0.878788,0.121212,point_previews/task000073_mu000016_rho030_n0.png
0.3,16,8,license_plate_bahnschrift.ttf,CBAGJWPD6YXT0RNZL49E3HSU875KFVMQ2,3,15,1,0.255,8.763561,0.881116,1.10157,BPPLEMETRMYSHSURRSWTR,0.787879,0.212121,point_previews/task000073_mu000016_rho030_n1.png
0.4,16,8,license_plate_bahnschrift.ttf,CBAGJWPD6YXT0RNZL49E3HSU875KFVMQ2,3,15,0,0.34,10.119289,0.843436,0.953987,CBAGTAEBRTETURMTGSESHSURTREVM,0.636364,0.363636,point_previews/task000073_mu000016_rho040_n0.png
0.4,16,8,license_plate_bahnschrift.ttf,CBAGJWPD6YXT0RNZL49E3HSU875KFVMQ2,3,15,1,0.34,10.119289,0.843436,0.953987,CBAGAWPDAYNTBRNZEGRESHS0S7SKRAM,0.454545,0.545455,point_previews/task000073_mu000016_rho040_n1.png
0.5,16,8,license_plate_bahnschrift.ttf,CBAGJWPD6YXT0RNZL49E3HSU875KFVMQ2,3,15,0,0.425,11.313708,0.8067,0.853272,EBAGSWEDSYKTERNZLATEANSTSKPZ,0.575758,0.424242,point_previews/task000073_mu000016_rho050_n0.png
0.5,16,8,license_plate_bahnschrift.ttf,CBAGJWPD6YXT0RNZL49E3HSU875KFVMQ2,3,15,1,0.425,11.313708,0.8067,0.853272,CRAGAWRDGYMTCRNELESHSURTKEVEGD,0.515152,0.484848,point_previews/task000073_mu000016_rho050_n1.png
0.6,16,8,license_plate_bahnschrift.ttf,CBAGJWPD6YXT0RNZL49E3HSU875KFVMQ2,3,15,0,0.51,12.393547,0.770893,0.778927,CBAGUWPSYXTRNZLATESHSUBTSKPVNAG2,0.424242,0.575758,point_previews/task000073_mu000016_rho060_n0.png
0.6,16,8,license_plate_bahnschrift.ttf,CBAGJWPD6YXT0RNZL49E3HSU875KFVMQ2,3,15,1,0.51,12.393547,0.770893,0.778927,CBAGTAPDAYRTERNZLWSSHSUBTSKEVMG2,0.424242,0.575758,point_previews/task000073_mu000016_rho060_n1.png
0.7,16,8,license_plate_bahnschrift.ttf,CBAGJWPD6YXT0RNZL49E3HSU875KFVMQ2,3,15,0,0.595,13.38656,0.735998,0.721147,SCBAGEWRRGYXTURNZLASESHSUBTSKEYM,0.484848,0.515152,point_previews/task000073_mu000016_rho070_n0.png
0.7,16,8,license_plate_bahnschrift.ttf,CBAGJWPD6YXT0RNZL49E3HSU875KFVMQ2,3,15,1,0.595,13.38656,0.735998,0.721147,EBAGAVPRDAYETERNZLGPESTSGSTSKEYMGZ,0.575758,0.424242,point_previews/task000073_mu000016_rho070_n1.png
0.8,16,8,license_plate_bahnschrift.ttf,CBAGJWPD6YXT0RNZL49E3HSU875KFVMQ2,3,15,0,0.68,14.310835,0.701998,0.674571,,1.0,0.0,point_previews/task000073_mu000016_rho080_n0.png
0.8,16,8,license_plate_bahnschrift.ttf,CBAGJWPD6YXT0RNZL49E3HSU875KFVMQ2,3,15,1,0.68,14.310835,0.701998,0.674571,CBAGHWEDGYXTURNELZVESHSUSTSKEVMGZ,0.424242,0.575758,point_previews/task000073_mu000016_rho080_n1.png
0.9,16,8,license_plate_bahnschrift.ttf,CBAGJWPD6YXT0RNZL49E3HSU875KFVMQ2,3,15,0,0.765,15.178933,0.668877,0.635992,CBAGWRDSYXTURNZU4TESHSUSTSKEVMGZ,0.393939,0.606061,point_previews/task000073_mu000016_rho090_n0.png
0.9,16,8,license_plate_bahnschrift.ttf,CBAGJWPD6YXT0RNZL49E3HSU875KFVMQ2,3,15,1,0.765,15.178933,0.668877,0.635992,,1.0,0.0,point_previews/task000073_mu000016_rho090_n1.png
1.0,16,8,license_plate_bahnschrift.ttf,CBAGJWPD6YXT0RNZL49E3HSU875KFVMQ2,3,15,0,0.85,16.0,0.63662,0.603355,CRAGJWPRGYXTCRNZLG9E3HSURTSKFYNG2,0.333333,0.666667,point_previews/task000073_mu000016_rho100_n0.png
1.0,16,8,license_plate_bahnschrift.ttf,CBAGJWPD6YXT0RNZL49E3HSU875KFVMQ2,3,15,1,0.85,16.0,0.63662,0.603355,,1.0,0.0,point_previews/task000073_mu000016_rho100_n1.png
0.1,64,8,license_plate_bahnschrift.ttf,CBAGJWPD6YXT0RNZL49E3HSU875KFVMQ2,3,15,0,0.085,5.059644,0.959381,1.907975,CBAGANPDSVXTRNZLAVESHSUSTEKPSMGD,0.454545,0.545455,point_previews/task000074_mu000064_rho010_n0.png
0.1,64,8,license_plate_bahnschrift.ttf,CBAGJWPD6YXT0RNZL49E3HSU875KFVMQ2,3,15,1,0.085,5.059644,0.959381,1.907975,,1.0,0.0,point_previews/task000074_mu000064_rho010_n1.png
0.2,64,8,license_plate_bahnschrift.ttf,CBAGJWPD6YXT0RNZL49E3HSU875KFVMQ2,3,15,0,0.17,7.155418,0.919759,1.349142,CBAGJWPBSYXTARNZLASEBHSUSTSKEVMG2,0.333333,0.666667,point_previews/task000074_mu000064_rho020_n0.png
0.2,64,8,license_plate_bahnschrift.ttf,CBAGJWPD6YXT0RNZL49E3HSU875KFVMQ2,3,15,1,0.17,7.155418,0.919759,1.349142,CBAGFWPDEYXTURNZEMPESHSUBTSKEVMGE,0.393939,0.606061,point_previews/task000074_mu000064_rho020_n1.png
0.3,64,8,license_plate_bahnschrift.ttf,CBAGJWPD6YXT0RNZL49E3HSU875KFVMQ2,3,15,0,0.255,8.763561,0.881116,1.10157,CBAGWPDSYXTRNZLASESHSUSTSKEVMQ2,0.30303,0.69697,point_previews/task000074_mu000064_rho030_n0.png
0.3,64,8,license_plate_bahnschrift.ttf,CBAGJWPD6YXT0RNZL49E3HSU875KFVMQ2,3,15,1,0.255,8.763561,0.881116,1.10157,,1.0,0.0,point_previews/task000074_mu000064_rho030_n1.png
0.4,64,8,license_plate_bahnschrift.ttf,CBAGJWPD6YXT0RNZL49E3HSU875KFVMQ2,3,15,0,0.34,10.119289,0.843436,0.953987,CBAGJWPD6YXTURNZLAVESHSUBTSKFYMQ2,0.242424,0.757576,point_previews/task000074_mu000064_rho040_n0.png
0.4,64,8,license_plate_bahnschrift.ttf,CBAGJWPD6YXT0RNZL49E3HSU875KFVMQ2,3,15,1,0.34,10.119289,0.843436,0.953987,CBAGSWPDSYXTERNZLGSESHSUBTSKFYMGZ,0.363636,0.636364,point_previews/task000074_mu000064_rho040_n1.png
0.5,64,8,license_plate_bahnschrift.ttf,CBAGJWPD6YXT0RNZL49E3HSU875KFVMQ2,3,15,0,0.425,11.313708,0.8067,0.853272,CBAGJWPD6YXTURNZL49ESHSUSTSKFVMQ2,0.151515,0.848485,point_previews/task000074_mu000064_rho050_n0.png
0.5,64,8,license_plate_bahnschrift.ttf,CBAGJWPD6YXT0RNZL49E3HSU875KFVMQ2,3,15,1,0.425,11.313708,0.8067,0.853272,CBAGJWPD6YXTCRNZL49E3HSUSTSKFVMG2,0.151515,0.848485,point_previews/task000074_mu000064_rho050_n1.png
0.6,64,8,license_plate_bahnschrift.ttf,CBAGJWPD6YXT0RNZL49E3HSU875KFVMQ2,3,15,0,0.51,12.393547,0.770893,0.778927,CBAGJWPDEYXTURNZL49ESHSUSTSKEVMQ2,0.212121,0.787879,point_previews/task000074_mu000064_rho060_n0.png
0.6,64,8,license_plate_bahnschrift.ttf,CBAGJWPD6YXT0RNZL49E3HSU875KFVMQ2,3,15,1,0.51,12.393547,0.770893,0.778927,CBAGJWPD4YXT0RNZLG9E3HSUS75KFYMG2,0.151515,0.848485,point_previews/task000074_mu000064_rho060_n1.png
0.7,64,8,license_plate_bahnschrift.ttf,CBAGJWPD6YXT0RNZL49E3HSU875KFVMQ2,3,15,0,0.595,13.38656,0.735998,0.721147,CBAGJWPD6YXTRNZL49E3HSUSTSKFVMG2,0.151515,0.848485,point_previews/task000074_mu000064_rho070_n0.png
0.7,64,8,license_plate_bahnschrift.ttf,CBAGJWPD6YXT0RNZL49E3HSU875KFVMQ2,3,15,1,0.595,13.38656,0.735998,0.721147,CBAGJWPD6YXTURNZL49ESHSUBTSKFYMQ2,0.181818,0.818182,point_previews/task000074_mu000064_rho070_n1.png
0.8,64,8,license_plate_bahnschrift.ttf,CBAGJWPD6YXT0RNZL49E3HSU875KFVMQ2,3,15,0,0.68,14.310835,0.701998,0.674571,CBAGJWPD6YXTRNZL49ESHSUB7SKFVMG2,0.151515,0.848485,point_previews/task000074_mu000064_rho080_n0.png
0.8,64,8,license_plate_bahnschrift.ttf,CBAGJWPD6YXT0RNZL49E3HSU875KFVMQ2,3,15,1,0.68,14.310835,0.701998,0.674571,CBAGJWPD46YXTRNZL49ESHSUSTSKFVMG2,0.212121,0.787879,point_previews/task000074_mu000064_rho080_n1.png
0.9,64,8,license_plate_bahnschrift.ttf,CBAGJWPD6YXT0RNZL49E3HSU875KFVMQ2,3,15,0,0.765,15.178933,0.668877,0.635992,CBAGJWPDSYXT0RNZLA9ESHSUSTSKFVMQ2,0.181818,0.818182,point_previews/task000074_mu000064_rho090_n0.png
0.9,64,8,license_plate_bahnschrift.ttf,CBAGJWPD6YXT0RNZL49E3HSU875KFVMQ2,3,15,1,0.765,15.178933,0.668877,0.635992,CBAGJWPD6YXTRNZL49ESHSUSTSKFYMQ2,0.181818,0.818182,point_previews/task000074_mu000064_rho090_n1.png
1.0,64,8,license_plate_bahnschrift.ttf,CBAGJWPD6YXT0RNZL49E3HSU875KFVMQ2,3,15,0,0.85,16.0,0.63662,0.603355,CBAGJWPD6YXTGRNZLGJESHSUBT5SKFVMQ2,0.212121,0.787879,point_previews/task000074_mu000064_rho100_n0.png
1.0,64,8,license_plate_bahnschrift.ttf,CBAGJWPD6YXT0RNZL49E3HSU875KFVMQ2,3,15,1,0.85,16.0,0.63662,0.603355,CBAGJWPD6YXTCRNZL49ESHSUB7TSKFYMQ2,0.181818,0.818182,point_previews/task000074_mu000064_rho100_n1.png
0.1,256,8,license_plate_bahnschrift.ttf,CBAGJWPD6YXT0RNZL49E3HSU875KFVMQ2,3,15,0,0.085,5.059644,0.959381,1.907975,CBAGJWPDSYXTQRNZLGPESHSUSTSKFYMQ2,0.272727,0.727273,point_previews/task000075_mu000256_rho010_n0.png
0.1,256,8,license_plate_bahnschrift.ttf,CBAGJWPD6YXT0RNZL49E3HSU875KFVMQ2,3,15,1,0.085,5.059644,0.959381,1.907975,CBAGJWPDAYXTRNZL49ESHSUSTSKFVMG2,0.212121,0.787879,point_previews/task000075_mu000256_rho010_n1.png
0.2,256,8,license_plate_bahnschrift.ttf,CBAGJWPD6YXT0RNZL49E3HSU875KFVMQ2,3,15,0,0.17,7.155418,0.919759,1.349142,CBAGJWPD6YXTRNZL49ESHSUSTSKFYMG2,0.212121,0.787879,point_previews/task000075_mu000256_rho020_n0.png
0.2,256,8,license_plate_bahnschrift.ttf,CBAGJWPD6YXT0RNZL49E3HSU875KFVMQ2,3,15,1,0.17,7.155418,0.919759,1.349142,CBAGJWPD6YXTURNZL49ESHSU8TSKFVMQ2,0.121212,0.878788,point_previews/task000075_mu000256_rho020_n1.png
0.3,256,8,license_plate_bahnschrift.ttf,CBAGJWPD6YXT0RNZL49E3HSU875KFVMQ2,3,15,0,0.255,8.763561,0.881116,1.10157,CBAGJWPD6YXT0RNZL49ESHSUB7TSKFVMG2,0.151515,0.848485,point_previews/task000075_mu000256_rho030_n0.png
0.3,256,8,license_plate_bahnschrift.ttf,CBAGJWPD6YXT0RNZL49E3HSU875KFVMQ2,3,15,1,0.255,8.763561,0.881116,1.10157,CBAGJWPD6YXTRNZL49ESHSUSTSKFVMG2,0.181818,0.818182,point_previews/task000075_mu000256_rho030_n1.png
0.4,256,8,license_plate_bahnschrift.ttf,CBAGJWPD6YXT0RNZL49E3HSU875KFVMQ2,3,15,0,0.34,10.119289,0.843436,0.953987,CBAGJWPD6YXT0RNZL49ESHSUSTSKFVMGQ2,0.151515,0.848485,point_previews/task000075_mu000256_rho040_n0.png
0.4,256,8,license_plate_bahnschrift.ttf,CBAGJWPD6YXT0RNZL49E3HSU875KFVMQ2,3,15,1,0.34,10.119289,0.843436,0.953987,CBAGJWPD6YXTRNZL49ESHSUBTSKFYVMG2,0.212121,0.787879,point_previews/task000075_mu000256_rho040_n1.png
0.5,256,8,license_plate_bahnschrift.ttf,CBAGJWPD6YXT0RNZL49E3HSU875KFVMQ2,3,15,0,0.425,11.313708,0.8067,0.853272,CBAGJWPDSYXT0RNZL49ESHSUSTSKFYMG2,0.212121,0.787879,point_previews/task000075_mu000256_rho050_n0.png
0.5,256,8,license_plate_bahnschrift.ttf,CBAGJWPD6YXT0RNZL49E3HSU875KFVMQ2,3,15,1,0.425,11.313708,0.8067,0.853272,CBAGJWPD6YXT0RNZL4SESHSUSTSKFEVMG2,0.212121,0.787879,point_previews/task000075_mu000256_rho050_n1.png
0.6,256,8,license_plate_bahnschrift.ttf,CBAGJWPD6YXT0RNZL49E3HSU875KFVMQ2,3,15,0,0.51,12.393547,0.770893,0.778927,CBAGJWPD6YXT0RNZL49ESHSUSTSKFVMG2,0.151515,0.848485,point_previews/task000075_mu000256_rho060_n0.png
0.6,256,8,license_plate_bahnschrift.ttf,CBAGJWPD6YXT0RNZL49E3HSU875KFVMQ2,3,15,1,0.51,12.393547,0.770893,0.778927,CBAGJWPD6YXT0RNZL49ESHSUSTSKFVMG2,0.151515,0.848485,point_previews/task000075_mu000256_rho060_n1.png
0.7,256,8,license_plate_bahnschrift.ttf,CBAGJWPD6YXT0RNZL49E3HSU875KFVMQ2,3,15,0,0.595,13.38656,0.735998,0.721147,CBAGJWPD6YXT0RNZL4SESHSUBTSKFVMG2,0.181818,0.818182,point_previews/task000075_mu000256_rho070_n0.png
0.7,256,8,license_plate_bahnschrift.ttf,CBAGJWPD6YXT0RNZL49E3HSU875KFVMQ2,3,15,1,0.595,13.38656,0.735998,0.721147,CBAGJWPD6YXT0RNZL49ESHSUSTSKFVMGQ2,0.151515,0.848485,point_previews/task000075_mu000256_rho070_n1.png
0.8,256,8,license_plate_bahnschrift.ttf,CBAGJWPD6YXT0RNZL49E3HSU875KFVMQ2,3,15,0,0.68,14.310835,0.701998,0.674571,CBAGJWPD6YXT0RNZL49ESHSUBTSKFVMG2,0.151515,0.848485,point_previews/task000075_mu000256_rho080_n0.png
0.8,256,8,license_plate_bahnschrift.ttf,CBAGJWPD6YXT0RNZL49E3HSU875KFVMQ2,3,15,1,0.68,14.310835,0.701998,0.674571,CBAGJWPD6YXT0RNZL49ESHSU87SKFVMG2,0.090909,0.909091,point_previews/task000075_mu000256_rho080_n1.png
0.9,256,8,license_plate_bahnschrift.ttf,CBAGJWPD6YXT0RNZL49E3HSU875KFVMQ2,3,15,0,0.765,15.178933,0.668877,0.635992,CBAGJWPD6YXT0RNZL49ESHSUB7TSKFVMG2,0.151515,0.848485,point_previews/task000075_mu000256_rho090_n0.png
0.9,256,8,license_plate_bahnschrift.ttf,CBAGJWPD6YXT0RNZL49E3HSU875KFVMQ2,3,15,1,0.765,15.178933,0.668877,0.635992,CBAGJWPD6YXT0RNZL49ESHSUBTSKFVMG2,0.151515,0.848485,point_previews/task000075_mu000256_rho090_n1.png
1.0,256,8,license_plate_bahnschrift.ttf,CBAGJWPD6YXT0RNZL49E3HSU875KFVMQ2,3,15,0,0.85,16.0,0.63662,0.603355,CBAGJWPD6YXT0RNZL49ESHSUBTSKFVMG2,0.151515,0.848485,point_previews/task000075_mu000256_rho100_n0.png
1.0,256,8,license_plate_bahnschrift.ttf,CBAGJWPD6YXT0RNZL49E3HSU875KFVMQ2,3,15,1,0.85,16.0,0.63662,0.603355,CBAGJWPD6YXTRNZL49ESHSUB75KFVMG2,0.121212,0.878788,point_previews/task000075_mu000256_rho100_n1.png
0.1,1024,8,license_plate_bahnschrift.ttf,CBAGJWPD6YXT0RNZL49E3HSU875KFVMQ2,3,15,0,0.085,5.059644,0.959381,1.907975,CBAGJWPD6YXAT0RNZL4PESHSUS75SKFVMQ2,0.151515,0.848485,point_previews/task000076_mu001024_rho010_n0.png
0.1,1024,8,license_plate_bahnschrift.ttf,CBAGJWPD6YXT0RNZL49E3HSU875KFVMQ2,3,15,1,0.085,5.059644,0.959381,1.907975,CBAGJWPDS6YXT0RNZL4PESHSUS75SKFVMQ2,0.151515,0.848485,point_previews/task000076_mu001024_rho010_n1.png
0.2,1024,8,license_plate_bahnschrift.ttf,CBAGJWPD6YXT0RNZL49E3HSU875KFVMQ2,3,15,0,0.17,7.155418,0.919759,1.349142,CBAGJWPD6YXT0RNZL49ESHSU875SKFYMQG2,0.121212,0.878788,point_previews/task000076_mu001024_rho020_n0.png
0.2,1024,8,license_plate_bahnschrift.ttf,CBAGJWPD6YXT0RNZL49E3HSU875KFVMQ2,3,15,1,0.17,7.155418,0.919759,1.349142,CBAGJWPDS6YXT0RNZL49ESHSUS7TSKFVMG2,0.181818,0.818182,point_previews/task000076_mu001024_rho020_n1.png
0.3,1024,8,license_plate_bahnschrift.ttf,CBAGJWPD6YXT0RNZL49E3HSU875KFVMQ2,3,15,0,0.255,8.763561,0.881116,1.10157,CBAGJWPD6YXT0RNZL49ESHSUS7TSKFVMG2,0.151515,0.848485,point_previews/task000076_mu001024_rho030_n0.png
0.3,1024,8,license_plate_bahnschrift.ttf,CBAGJWPD6YXT0RNZL49E3HSU875KFVMQ2,3,15,1,0.255,8.763561,0.881116,1.10157,CBAGJWPD6YXT0RNZL49ESHSUS7TSKFVMQ2,0.121212,0.878788,point_previews/task000076_mu001024_rho030_n1.png
0.4,1024,8,license_plate_bahnschrift.ttf,CBAGJWPD6YXT0RNZL49E3HSU875KFVMQ2,3,15,0,0.34,10.119289,0.843436,0.953987,CBAGJWPD6YXT0RNZL49ESHSUSTSKFVMG2,0.151515,0.848485,point_previews/task000076_mu001024_rho040_n0.png
0.4,1024,8,license_plate_bahnschrift.ttf,CBAGJWPD6YXT0RNZL49E3HSU875KFVMQ2,3,15,1,0.34,10.119289,0.843436,0.953987,CBAGJWPD46YXT0RNZL49ESHSU8S7T5SKFVMG2,0.181818,0.818182,point_previews/task000076_mu001024_rho040_n1.png
0.5,1024,8,license_plate_bahnschrift.ttf,CBAGJWPD6YXT0RNZL49E3HSU875KFVMQ2,3,15,0,0.425,11.313708,0.8067,0.853272,CBAGJWPD6YXT0RNZL49ESHSUSTSKFVMG2,0.151515,0.848485,point_previews/task000076_mu001024_rho050_n0.png
0.5,1024,8,license_plate_bahnschrift.ttf,CBAGJWPD6YXT0RNZL49E3HSU875KFVMQ2,3,15,1,0.425,11.313708,0.8067,0.853272,CBAGJWPD46YXT0RNZL49ESHSUS7T5SKFVMG2,0.181818,0.818182,point_previews/task000076_mu001024_rho050_n1.png
0.6,1024,8,license_plate_bahnschrift.ttf,CBAGJWPD6YXT0RNZL49E3HSU875KFVMQ2,3,15,0,0.51,12.393547,0.770893,0.778927,CBAGJWPD46YXT0RNZL49ESHSUBT5SKFVMG2,0.181818,0.818182,point_previews/task000076_mu001024_rho060_n0.png
0.6,1024,8,license_plate_bahnschrift.ttf,CBAGJWPD6YXT0RNZL49E3HSU875KFVMQ2,3,15,1,0.51,12.393547,0.770893,0.778927,CBAGJWPD6YXT0RNZL49ESHSUBTSKFVMQ2,0.121212,0.878788,point_previews/task000076_mu001024_rho060_n1.png
0.7,1024,8,license_plate_bahnschrift.ttf,CBAGJWPD6YXT0RNZL49E3HSU875KFVMQ2,3,15,0,0.595,13.38656,0.735998,0.721147,CBAGJWPD6YXT0RNZL49ESHSU87TSKFVMG2,0.121212,0.878788,point_previews/task000076_mu001024_rho070_n0.png
0.7,1024,8,license_plate_bahnschrift.ttf,CBAGJWPD6YXT0RNZL49E3HSU875KFVMQ2,3,15,1,0.595,13.38656,0.735998,0.721147,CBAGJWPD6YXT0RNZL49ESHSUSTSKFVMQ2,0.121212,0.878788,point_previews/task000076_mu001024_rho070_n1.png
0.8,1024,8,license_plate_bahnschrift.ttf,CBAGJWPD6YXT0RNZL49E3HSU875KFVMQ2,3,15,0,0.68,14.310835,0.701998,0.674571,CBAGJWPD6YXT0RNZL49ESHSU875SKFVMG2,0.090909,0.909091,point_previews/task000076_mu001024_rho080_n0.png
0.8,1024,8,license_plate_bahnschrift.ttf,CBAGJWPD6YXT0RNZL49E3HSU875KFVMQ2,3,15,1,0.68,14.310835,0.701998,0.674571,CBAGJWPD6YXT0RNZL49ESHSU87TSKFVMG2,0.121212,0.878788,point_previews/task000076_mu001024_rho080_n1.png
0.9,1024,8,license_plate_bahnschrift.ttf,CBAGJWPD6YXT0RNZL49E3HSU875KFVMQ2,3,15,0,0.765,15.178933,0.668877,0.635992,CBAGJWPD6YXT0RNZL49ESHSUS7T5SKFVMG2,0.151515,0.848485,point_previews/task000076_mu001024_rho090_n0.png
0.9,1024,8,license_plate_bahnschrift.ttf,CBAGJWPD6YXT0RNZL49E3HSU875KFVMQ2,3,15,1,0.765,15.178933,0.668877,0.635992,CBAGJWPD6YXT0RNZL49E3SHSUBSTSKFVMG2,0.181818,0.818182,point_previews/task000076_mu001024_rho090_n1.png
1.0,1024,8,license_plate_bahnschrift.ttf,CBAGJWPD6YXT0RNZL49E3HSU875KFVMQ2,3,15,0,0.85,16.0,0.63662,0.603355,CBAGJWPD6YXT0RNZL49ESHSUB7TSKFVMG2,0.151515,0.848485,point_previews/task000076_mu001024_rho100_n0.png
1.0,1024,8,license_plate_bahnschrift.ttf,CBAGJWPD6YXT0RNZL49E3HSU875KFVMQ2,3,15,1,0.85,16.0,0.63662,0.603355,CBAGJWPD6YXT0RNZL49ESHSU8S7T5SKFVMG2,0.151515,0.848485,point_previews/task000076_mu001024_rho100_n1.png
0.1,4096,8,license_plate_bahnschrift.ttf,CBAGJWPD6YXT0RNZL49E3HSU875KFVMQ2,3,15,0,0.085,5.059644,0.959381,1.907975,CBAGJWPD6YXT0RNZL4PESHSUS7SKFYMQ2,0.151515,0.848485,point_previews/task000077_mu004096_rho010_n0.png
0.1,4096,8,license_plate_bahnschrift.ttf,CBAGJWPD6YXT0RNZL49E3HSU875KFVMQ2,3,15,1,0.085,5.059644,0.959381,1.907975,CBAGJWPD6YXT0RNZL4PESHSUS7SKFYMQ2,0.151515,0.848485,point_previews/task000077_mu004096_rho010_n1.png
0.2,4096,8,license_plate_bahnschrift.ttf,CBAGJWPD6YXT0RNZL49E3HSU875KFVMQ2,3,15,0,0.17,7.155418,0.919759,1.349142,CBAGJWPD6YXT0RNZL4PESHSUS7TSKFVMQ2,0.151515,0.848485,point_previews/task000077_mu004096_rho020_n0.png
0.2,4096,8,license_plate_bahnschrift.ttf,CBAGJWPD6YXT0RNZL49E3HSU875KFVMQ2,3,15,1,0.17,7.155418,0.919759,1.349142,CBAGJWPD6YXT0RNZL4PSESHSUS7SKFVMQ2,0.151515,0.848485,point_previews/task000077_mu004096_rho020_n1.png
0.3,4096,8,license_plate_bahnschrift.ttf,CBAGJWPD6YXT0RNZL49E3HSU875KFVMQ2,3,15,0,0.255,8.763561,0.881116,1.10157,CBAGJWPD6YXT0RNZL4PESHSU8STSKFVMQ2,0.151515,0.848485,point_previews/task000077_mu004096_rho030_n0.png
0.3,4096,8,license_plate_bahnschrift.ttf,CBAGJWPD6YXT0RNZL49E3HSU875KFVMQ2,3,15,1,0.255,8.763561,0.881116,1.10157,CBAGJWPD6YXT0RNZL49ESHSU87TSKFVMQ2,0.090909,0.909091,point_previews/task000077_mu004096_rho030_n1.png
0.4,4096,8,license_plate_bahnschrift.ttf,CBAGJWPD6YXT0RNZL49E3HSU875KFVMQ2,3,15,0,0.34,10.119289,0.843436,0.953987,CBAGJWPD6YXT0RNZL49ESHSUSTSKFVMQ2,0.121212,0.878788,point_previews/task000077_mu004096_rho040_n0.png
0.4,4096,8,license_plate_bahnschrift.ttf,CBAGJWPD6YXT0RNZL49E3HSU875KFVMQ2,3,15,1,0.34,10.119289,0.843436,0.953987,CBAGJWPD6YXT0RNZL49ESHSUSTSKFVMQ2,0.121212,0.878788,point_previews/task000077_mu004096_rho040_n1.png
0.5,4096,8,license_plate_bahnschrift.ttf,CBAGJWPD6YXT0RNZL49E3HSU875KFVMQ2,3,15,0,0.425,11.313708,0.8067,0.853272,CBAGJWPD6YXT0RNZL49ESHSUSTSKFVMQ2,0.121212,0.878788,point_previews/task000077_mu004096_rho050_n0.png
0.5,4096,8,license_plate_bahnschrift.ttf,CBAGJWPD6YXT0RNZL49E3HSU875KFVMQ2,3,15,1,0.425,11.313708,0.8067,0.853272,CBAGJWPD6YXT0RNZL4SESHSU8TSKFVMGQ2,0.151515,0.848485,point_previews/task000077_mu004096_rho050_n1.png
0.6,4096,8,license_plate_bahnschrift.ttf,CBAGJWPD6YXT0RNZL49E3HSU875KFVMQ2,3,15,0,0.51,12.393547,0.770893,0.778927,CBAGJWPD6YXT0RNZL49ESHSUSTSKFVMQ2,0.121212,0.878788,point_previews/task000077_mu004096_rho060_n0.png
0.6,4096,8,license_plate_bahnschrift.ttf,CBAGJWPD6YXT0RNZL49E3HSU875KFVMQ2,3,15,1,0.51,12.393547,0.770893,0.778927,CBAGJWPD6YXT0RNZL49ESHSUSTSKFVMQ2,0.121212,0.878788,point_previews/task000077_mu004096_rho060_n1.png
0.7,4096,8,license_plate_bahnschrift.ttf,CBAGJWPD6YXT0RNZL49E3HSU875KFVMQ2,3,15,0,0.595,13.38656,0.735998,0.721147,CBAGJWPD6YXT0RNZL49ESHSUB7TSKFVMQ2,0.121212,0.878788,point_previews/task000077_mu004096_rho070_n0.png
0.7,4096,8,license_plate_bahnschrift.ttf,CBAGJWPD6YXT0RNZL49E3HSU875KFVMQ2,3,15,1,0.595,13.38656,0.735998,0.721147,CBAGJWPD6YXT0RNZL49ESHSUBTSKFVMQG2,0.151515,0.848485,point_previews/task000077_mu004096_rho070_n1.png
0.8,4096,8,license_plate_bahnschrift.ttf,CBAGJWPD6YXT0RNZL49E3HSU875KFVMQ2,3,15,0,0.68,14.310835,0.701998,0.674571,CBAGJWPD6YXT0RNZL49E3SHSUSTSKFVMQ2,0.121212,0.878788,point_previews/task000077_mu004096_rho080_n0.png
0.8,4096,8,license_plate_bahnschrift.ttf,CBAGJWPD6YXT0RNZL49E3HSU875KFVMQ2,3,15,1,0.68,14.310835,0.701998,0.674571,CBAGJWPD6YXT0RNZL49E3SHSU8T5SKFVMQ2,0.090909,0.909091,point_previews/task000077_mu004096_rho080_n1.png
0.9,4096,8,license_plate_bahnschrift.ttf,CBAGJWPD6YXT0RNZL49E3HSU875KFVMQ2,3,15,0,0.765,15.178933,0.668877,0.635992,CBAGJWPD6YXT0RNZL49E3SHSU8BTSKFVMQ2,0.121212,0.878788,point_previews/task000077_mu004096_rho090_n0.png
0.9,4096,8,license_plate_bahnschrift.ttf,CBAGJWPD6YXT0RNZL49E3HSU875KFVMQ2,3,15,1,0.765,15.178933,0.668877,0.635992,CBAGJWPD6YXT0RNZL49ESHSUSTSKFVMQG2,0.151515,0.848485,point_previews/task000077_mu004096_rho090_n1.png
1.0,4096,8,license_plate_bahnschrift.ttf,CBAGJWPD6YXT0RNZL49E3HSU875KFVMQ2,3,15,0,0.85,16.0,0.63662,0.603355,CBAGJWPD6YXT0RNZL49E3HSUST5SKFVMQ2,0.090909,0.909091,point_previews/task000077_mu004096_rho100_n0.png
1.0,4096,8,license_plate_bahnschrift.ttf,CBAGJWPD6YXT0RNZL49E3HSU875KFVMQ2,3,15,1,0.85,16.0,0.63662,0.603355,CBAGJWPD6YXT0RNZL49E3SHSU8T5KFVMQG2,0.090909,0.909091,point_previews/task000077_mu004096_rho100_n1.png
0.1,16384,8,license_plate_bahnschrift.ttf,CBAGJWPD6YXT0RNZL49E3HSU875KFVMQ2,3,15,0,0.085,5.059644,0.959381,1.907975,CBAGJWPD6YXT0RNZL4PESHSUSTSKFVMQ2,0.151515,0.848485,point_previews/task000078_mu016384_rho010_n0.png
0.1,16384,8,license_plate_bahnschrift.ttf,CBAGJWPD6YXT0RNZL49E3HSU875KFVMQ2,3,15,1,0.085,5.059644,0.959381,1.907975,CBAGJWPD6YXT0RNZL4PESHSUSTSKFVMQ2,0.151515,0.848485,point_previews/task000078_mu016384_rho010_n1.png
0.2,16384,8,license_plate_bahnschrift.ttf,CBAGJWPD6YXT0RNZL49E3HSU875KFVMQ2,3,15,0,0.17,7.155418,0.919759,1.349142,CBAGJWPD6YXT0RNZL4PESHSUS7TSKFVMG2,0.181818,0.818182,point_previews/task000078_mu016384_rho020_n0.png
0.2,16384,8,license_plate_bahnschrift.ttf,CBAGJWPD6YXT0RNZL49E3HSU875KFVMQ2,3,15,1,0.17,7.155418,0.919759,1.349142,CBAGJWPD6YXT0RNZL4PESHSUS7TSKFYVMQG2,0.212121,0.787879,point_previews/task000078_mu016384_rho020_n1.png
0.3,16384,8,license_plate_bahnschrift.ttf,CBAGJWPD6YXT0RNZL49E3HSU875KFVMQ2,3,15,0,0.255,8.763561,0.881116,1.10157,CBAGJWPD6YXT0RNZL4PESHSU8S7TSKFVMQG2,0.181818,0.818182,point_previews/task000078_mu016384_rho030_n0.png
0.3,16384,8,license_plate_bahnschrift.ttf,CBAGJWPD6YXT0RNZL49E3HSU875KFVMQ2,3,15,1,0.255,8.763561,0.881116,1.10157,CBAGJWPD6YXT0RNZL4SESHSUSTSKFVMQG2,0.181818,0.818182,point_previews/task000078_mu016384_rho030_n1.png
0.4,16384,8,license_plate_bahnschrift.ttf,CBAGJWPD6YXT0RNZL49E3HSU875KFVMQ2,3,15,0,0.34,10.119289,0.843436,0.953987,CBAGJWPD6YXT0RNZL49ESHSUSTSKFVMQ2,0.121212,0.878788,point_previews/task000078_mu016384_rho040_n0.png
0.4,16384,8,license_plate_bahnschrift.ttf,CBAGJWPD6YXT0RNZL49E3HSU875KFVMQ2,3,15,1,0.34,10.119289,0.843436,0.953987,CBAGJWPD6YXT0RNZL49ESHSUSTSKFVMQ2,0.121212,0.878788,point_previews/task000078_mu016384_rho040_n1.png
0.5,16384,8,license_plate_bahnschrift.ttf,CBAGJWPD6YXT0RNZL49E3HSU875KFVMQ2,3,15,0,0.425,11.313708,0.8067,0.853272,CBAGJWPD6YXT0RNZL49ESHSU8TSKFVMQG2,0.121212,0.878788,point_previews/task000078_mu016384_rho050_n0.png
0.5,16384,8,license_plate_bahnschrift.ttf,CBAGJWPD6YXT0RNZL49E3HSU875KFVMQ2,3,15,1,0.425,11.313708,0.8067,0.853272,CBAGJWPD6YXT0RNZL49ESHSUSTSKFVMQG2,0.151515,0.848485,point_previews/task000078_mu016384_rho050_n1.png
0.6,16384,8,license_plate_bahnschrift.ttf,CBAGJWPD6YXT0RNZL49E3HSU875KFVMQ2,3,15,0,0.51,12.393547,0.770893,0.778927,CBAGJWPD6YXT0RNZL49ESHSU8STSKFVMQ2,0.121212,0.878788,point_previews/task000078_mu016384_rho060_n0.png
0.6,16384,8,license_plate_bahnschrift.ttf,CBAGJWPD6YXT0RNZL49E3HSU875KFVMQ2,3,15,1,0.51,12.393547,0.770893,0.778927,CBAGJWPD6YXT0RNZL49ESHSUSTSKFVMQ2,0.121212,0.878788,point_previews/task000078_mu016384_rho060_n1.png
0.7,16384,8,license_plate_bahnschrift.ttf,CBAGJWPD6YXT0RNZL49E3HSU875KFVMQ2,3,15,0,0.595,13.38656,0.735998,0.721147,CBAGJWPD6YXT0RNZL49ESHSU8BTSKFVMQ2,0.121212,0.878788,point_previews/task000078_mu016384_rho070_n0.png
0.7,16384,8,license_plate_bahnschrift.ttf,CBAGJWPD6YXT0RNZL49E3HSU875KFVMQ2,3,15,1,0.595,13.38656,0.735998,0.721147,CBAGJWPD6YXT0RNZL49ESHSU8TSKFVMQ2,0.090909,0.909091,point_previews/task000078_mu016384_rho070_n1.png
0.8,16384,8,license_plate_bahnschrift.ttf,CBAGJWPD6YXT0RNZL49E3HSU875KFVMQ2,3,15,0,0.68,14.310835,0.701998,0.674571,CBAGJWPD6YXT0RNZL49E3SHSU8STSKFVMQ2,0.121212,0.878788,point_previews/task000078_mu016384_rho080_n0.png
0.8,16384,8,license_plate_bahnschrift.ttf,CBAGJWPD6YXT0RNZL49E3HSU875KFVMQ2,3,15,1,0.68,14.310835,0.701998,0.674571,CBAGJWPD6YXT0RNZL49ESHSU8BT5SKFVMQ2,0.121212,0.878788,point_previews/task000078_mu016384_rho080_n1.png
0.9,16384,8,license_plate_bahnschrift.ttf,CBAGJWPD6YXT0RNZL49E3HSU875KFVMQ2,3,15,0,0.765,15.178933,0.668877,0.635992,CBAGJWPD6YXT0RNZL49ESHSU8T5SKFVMQ2,0.090909,0.909091,point_previews/task000078_mu016384_rho090_n0.png
0.9,16384,8,license_plate_bahnschrift.ttf,CBAGJWPD6YXT0RNZL49E3HSU875KFVMQ2,3,15,1,0.765,15.178933,0.668877,0.635992,CBAGJWPD6YXT0RNZL49ESHSU8TSKFVMQ2,0.090909,0.909091,point_previews/task000078_mu016384_rho090_n1.png
1.0,16384,8,license_plate_bahnschrift.ttf,CBAGJWPD6YXT0RNZL49E3HSU875KFVMQ2,3,15,0,0.85,16.0,0.63662,0.603355,CBAGJWPD6YXT0RNZL49E3SHSUBTSKFVMQ2,0.121212,0.878788,point_previews/task000078_mu016384_rho100_n0.png
1.0,16384,8,license_plate_bahnschrift.ttf,CBAGJWPD6YXT0RNZL49E3HSU875KFVMQ2,3,15,1,0.85,16.0,0.63662,0.603355,CBAGJWPD6YXT0RNZL49E3SHSU87T5SKFVMQ2,0.090909,0.909091,point_previews/task000078_mu016384_rho100_n1.png
0.1,65536,8,license_plate_bahnschrift.ttf,CBAGJWPD6YXT0RNZL49E3HSU875KFVMQ2,3,15,0,0.085,5.059644,0.959381,1.907975,CBAGJWPD6YXT0RNZL4PESHSUS7SKFYMQ2,0.151515,0.848485,point_previews/task000079_mu065536_rho010_n0.png
0.1,65536,8,license_plate_bahnschrift.ttf,CBAGJWPD6YXT0RNZL49E3HSU875KFVMQ2,3,15,1,0.085,5.059644,0.959381,1.907975,CBAGJWPD6YXTURNZL4PESHSUS7SKFVMQ2,0.151515,0.848485,point_previews/task000079_mu065536_rho010_n1.png
0.2,65536,8,license_plate_bahnschrift.ttf,CBAGJWPD6YXT0RNZL49E3HSU875KFVMQ2,3,15,0,0.17,7.155418,0.919759,1.349142,CBAGJWPD6YXT0RNZL4PESHSUSTSKFVMQ2,0.151515,0.848485,point_previews/task000079_mu065536_rho020_n0.png
0.2,65536,8,license_plate_bahnschrift.ttf,CBAGJWPD6YXT0RNZL49E3HSU875KFVMQ2,3,15,1,0.17,7.155418,0.919759,1.349142,CBAGJWPD6YXT0RNZL4PESHSUSTSKFYMQG2,0.212121,0.787879,point_previews/task000079_mu065536_rho020_n1.png
0.3,65536,8,license_plate_bahnschrift.ttf,CBAGJWPD6YXT0RNZL49E3HSU875KFVMQ2,3,15,0,0.255,8.763561,0.881116,1.10157,CBAGJWPD6YXT0RNZL4SESHSU87TSKFVMQG2,0.151515,0.848485,point_previews/task000079_mu065536_rho030_n0.png
0.3,65536,8,license_plate_bahnschrift.ttf,CBAGJWPD6YXT0RNZL49E3HSU875KFVMQ2,3,15,1,0.255,8.763561,0.881116,1.10157,CBAGJWPD6YXT0RNZL4SESHSU8TSKFVMQ2,0.121212,0.878788,point_previews/task000079_mu065536_rho030_n1.png
0.4,65536,8,license_plate_bahnschrift.ttf,CBAGJWPD6YXT0RNZL49E3HSU875KFVMQ2,3,15,0,0.34,10.119289,0.843436,0.953987,CBAGJWPD6YXT0RNZL49ESHSU8TSKFVMQ2,0.090909,0.909091,point_previews/task000079_mu065536_rho040_n0.png
0.4,65536,8,license_plate_bahnschrift.ttf,CBAGJWPD6YXT0RNZL49E3HSU875KFVMQ2,3,15,1,0.34,10.119289,0.843436,0.953987,CBAGJWPD6YXT0RNZL49ESHSU8TSKFVMQ2,0.090909,0.909091,point_previews/task000079_mu065536_rho040_n1.png
0.5,65536,8,license_plate_bahnschrift.ttf,CBAGJWPD6YXT0RNZL49E3HSU875KFVMQ2,3,15,0,0.425,11.313708,0.8067,0.853272,CBAGJWPD6YXT0RNZL49ESHSU87TSKFVMQG2,0.121212,0.878788,point_previews/task000079_mu065536_rho050_n0.png
0.5,65536,8,license_plate_bahnschrift.ttf,CBAGJWPD6YXT0RNZL49E3HSU875KFVMQ2,3,15,1,0.425,11.313708,0.8067,0.853272,CBAGJWPD6YXT0RNZL49ESHSU8TSKFVMQ2,0.090909,0.909091,point_previews/task000079_mu065536_rho050_n1.png
0.6,65536,8,license_plate_bahnschrift.ttf,CBAGJWPD6YXT0RNZL49E3HSU875KFVMQ2,3,15,0,0.51,12.393547,0.770893,0.778927,CBAGJWPD6YXT0RNZL49ESHSUSTSKFVMQ2,0.121212,0.878788,point_previews/task000079_mu065536_rho060_n0.png
0.6,65536,8,license_plate_bahnschrift.ttf,CBAGJWPD6YXT0RNZL49E3HSU875KFVMQ2,3,15,1,0.51,12.393547,0.770893,0.778927,CBAGJWPD6YXT0RNZL49ESHSUSTSKFVMQ2,0.121212,0.878788,point_previews/task000079_mu065536_rho060_n1.png
0.7,65536,8,license_plate_bahnschrift.ttf,CBAGJWPD6YXT0RNZL49E3HSU875KFVMQ2,3,15,0,0.595,13.38656,0.735998,0.721147,CBAGJWPD6YXT0RNZL49ESHSUBTSKFVMQ2,0.121212,0.878788,point_previews/task000079_mu065536_rho070_n0.png
0.7,65536,8,license_plate_bahnschrift.ttf,CBAGJWPD6YXT0RNZL49E3HSU875KFVMQ2,3,15,1,0.595,13.38656,0.735998,0.721147,CBAGJWPD6YXT0RNZL49ESHSU8TSKFVMQ2,0.090909,0.909091,point_previews/task000079_mu065536_rho070_n1.png
0.8,65536,8,license_plate_bahnschrift.ttf,CBAGJWPD6YXT0RNZL49E3HSU875KFVMQ2,3,15,0,0.68,14.310835,0.701998,0.674571,CBAGJWPD6YXT0RNZL49ESHSU8BTSKFVMQ2,0.121212,0.878788,point_previews/task000079_mu065536_rho080_n0.png
0.8,65536,8,license_plate_bahnschrift.ttf,CBAGJWPD6YXT0RNZL49E3HSU875KFVMQ2,3,15,1,0.68,14.310835,0.701998,0.674571,CBAGJWPD6YXT0RNZL49E3SHSUST5SKFVMQ2,0.121212,0.878788,point_previews/task000079_mu065536_rho080_n1.png
0.9,65536,8,license_plate_bahnschrift.ttf,CBAGJWPD6YXT0RNZL49E3HSU875KFVMQ2,3,15,0,0.765,15.178933,0.668877,0.635992,CBAGJWPD6YXT0RNZL49ESHSU8TSKFVMQ2,0.090909,0.909091,point_previews/task000079_mu065536_rho090_n0.png
0.9,65536,8,license_plate_bahnschrift.ttf,CBAGJWPD6YXT0RNZL49E3HSU875KFVMQ2,3,15,1,0.765,15.178933,0.668877,0.635992,CBAGJWPD6YXT0RNZL49ESHSU8T5SKFVMQ2,0.090909,0.909091,point_previews/task000079_mu065536_rho090_n1.png
1.0,65536,8,license_plate_bahnschrift.ttf,CBAGJWPD6YXT0RNZL49E3HSU875KFVMQ2,3,15,0,0.85,16.0,0.63662,0.603355,CBAGJWPD6YXT0RNZL49E3HSUBT5SKFVMQG2,0.121212,0.878788,point_previews/task000079_mu065536_rho100_n0.png
1.0,65536,8,license_plate_bahnschrift.ttf,CBAGJWPD6YXT0RNZL49E3HSU875KFVMQ2,3,15,1,0.85,16.0,0.63662,0.603355,CBAGJWPD6YXT0RNZL49E3SHSUBT5SKFVMQG2,0.151515,0.848485,point_previews/task000079_mu065536_rho100_n1.png
0.1,4,8,license_plate_bahnschrift.ttf,CBAGJWPD6YXT0RNZL49E3HSU875KFVMQ2,7,0,0,0.085,5.059644,0.959381,1.907975,,1.0,0.0,point_previews/task000080_mu000004_rho010_n0.png
0.1,4,8,license_plate_bahnschrift.ttf,CBAGJWPD6YXT0RNZL49E3HSU875KFVMQ2,7,0,1,0.085,5.059644,0.959381,1.907975,MPPRENRCRESATTLMUR,0.848485,0.151515,point_previews/task000080_mu000004_rho010_n1.png
0.2,4,8,license_plate_bahnschrift.ttf,CBAGJWPD6YXT0RNZL49E3HSU875KFVMQ2,7,0,0,0.17,7.155418,0.919759,1.349142,FARERRGRERREGSPMS,0.848485,0.151515,point_previews/task000080_mu000004_rho020_n0.png
0.2,4,8,license_plate_bahnschrift.ttf,CBAGJWPD6YXT0RNZL49E3HSU875KFVMQ2,7,0,1,0.17,7.155418,0.919759,1.349142,,1.0,0.0,point_previews/task000080_mu000004_rho020_n1.png
0.3,4,8,license_plate_bahnschrift.ttf,CBAGJWPD6YXT0RNZL49E3HSU875KFVMQ2,7,0,0,0.255,8.763561,0.881116,1.10157,FAGSBPSC,0.878788,0.121212,point_previews/task000080_mu000004_rho030_n0.png
0.3,4,8,license_plate_bahnschrift.ttf,CBAGJWPD6YXT0RNZL49E3HSU875KFVMQ2,7,0,1,0.255,8.763561,0.881116,1.10157,BETBABTST,0.909091,0.090909,point_previews/task000080_mu000004_rho030_n1.png
0.4,4,8,license_plate_bahnschrift.ttf,CBAGJWPD6YXT0RNZL49E3HSU875KFVMQ2,7,0,0,0.34,10.119289,0.843436,0.953987,URSCTNESRUEMERAS,0.878788,0.121212,point_previews/task000080_mu000004_rho040_n0.png
0.4,4,8,license_plate_bahnschrift.ttf,CBAGJWPD6YXT0RNZL49E3HSU875KFVMQ2,7,0,1,0.34,10.119289,0.843436,0.953987,,1.0,0.0,point_previews/task000080_mu000004_rho040_n1.png
0.5,4,8,license_plate_bahnschrift.ttf,CBAGJWPD6YXT0RNZL49E3HSU875KFVMQ2,7,0,0,0.425,11.313708,0.8067,0.853272,PSSCPRSCYE,0.909091,0.090909,point_previews/task000080_mu000004_rho050_n0.png
0.5,4,8,license_plate_bahnschrift.ttf,CBAGJWPD6YXT0RNZL49E3HSU875KFVMQ2,7,0,1,0.425,11.313708,0.8067,0.853272,EPRESNSETETLSTERTSHLEER,0.878788,0.121212,point_previews/task000080_mu000004_rho050_n1.png
0.6,4,8,license_plate_bahnschrift.ttf,CBAGJWPD6YXT0RNZL49E3HSU875KFVMQ2,7,0,0,0.51,12.393547,0.770893,0.778927,RSEEUESELTRGESPREEAT2RP,0.878788,0.121212,point_previews/task000080_mu000004_rho060_n0.png
0.6,4,8,license_plate_bahnschrift.ttf,CBAGJWPD6YXT0RNZL49E3HSU875KFVMQ2,7,0,1,0.51,12.393547,0.770893,0.778927,SSSRRUSESKAKNABERGLS,0.939394,0.060606,point_previews/task000080_mu000004_rho060_n1.png
0.7,4,8,license_plate_bahnschrift.ttf,CBAGJWPD6YXT0RNZL49E3HSU875KFVMQ2,7,0,0,0.595,13.38656,0.735998,0.721147,SETRASSTMRGERSMNBRN,0.878788,0.121212,point_previews/task000080_mu000004_rho070_n0.png
0.7,4,8,license_plate_bahnschrift.ttf,CBAGJWPD6YXT0RNZL49E3HSU875KFVMQ2,7,0,1,0.595,13.38656,0.735998,0.721147,PREECETSREBAPSERTTERAS,0.909091,0.090909,point_previews/task000080_mu000004_rho070_n1.png
0.8,4,8,license_plate_bahnschrift.ttf,CBAGJWPD6YXT0RNZL49E3HSU875KFVMQ2,7,0,0,0.68,14.310835,0.701998,0.674571,ERAGSURCTEEEUPSNESE,0.848485,0.151515,point_previews/task000080_mu000004_rho080_n0.png
0.8,4,8,license_plate_bahnschrift.ttf,CBAGJWPD6YXT0RNZL49E3HSU875KFVMQ2,7,0,1,0.68,14.310835,0.701998,0.674571,LGESSRSERRTSS,0.909091,0.090909,point_previews/task000080_mu000004_rho080_n1.png
0.9,4,8,license_plate_bahnschrift.ttf,CBAGJWPD6YXT0RNZL49E3HSU875KFVMQ2,7,0,0,0.765,15.178933,0.668877,0.635992,SPESASRUERTGRNEAGEBERT,0.878788,0.121212,point_previews/task000080_mu000004_rho090_n0.png
0.9,4,8,license_plate_bahnschrift.ttf,CBAGJWPD6YXT0RNZL49E3HSU875KFVMQ2,7,0,1,0.765,15.178933,0.668877,0.635992,PBSCTHNCERNESADACRES2NSY,0.878788,0.121212,point_previews/task000080_mu000004_rho090_n1.png
1.0,4,8,license_plate_bahnschrift.ttf,CBAGJWPD6YXT0RNZL49E3HSU875KFVMQ2,7,0,0,0.85,16.0,0.63662,0.603355,,1.0,0.0,point_previews/task000080_mu000004_rho100_n0.png
1.0,4,8,license_plate_bahnschrift.ttf,CBAGJWPD6YXT0RNZL49E3HSU875KFVMQ2,7,0,1,0.85,16.0,0.63662,0.603355,SRRRRESPTRSSBACES,0.878788,0.121212,point_previews/task000080_mu000004_rho100_n1.png
0.1,16,8,license_plate_bahnschrift.ttf,CBAGJWPD6YXT0RNZL49E3HSU875KFVMQ2,7,0,0,0.085,5.059644,0.959381,1.907975,,1.0,0.0,point_previews/task000081_mu000016_rho010_n0.png
0.1,16,8,license_plate_bahnschrift.ttf,CBAGJWPD6YXT0RNZL49E3HSU875KFVMQ2,7,0,1,0.085,5.059644,0.959381,1.907975,,1.0,0.0,point_previews/task000081_mu000016_rho010_n1.png
0.2,16,8,license_plate_bahnschrift.ttf,CBAGJWPD6YXT0RNZL49E3HSU875KFVMQ2,7,0,0,0.17,7.155418,0.919759,1.349142,EREGSDSSPRFCREEAGTLWPE,0.878788,0.121212,point_previews/task000081_mu000016_rho020_n0.png
0.2,16,8,license_plate_bahnschrift.ttf,CBAGJWPD6YXT0RNZL49E3HSU875KFVMQ2,7,0,1,0.17,7.155418,0.919759,1.349142,CPHTRECRTMRATEMR,0.818182,0.181818,point_previews/task000081_mu000016_rho020_n1.png
0.3,16,8,license_plate_bahnschrift.ttf,CBAGJWPD6YXT0RNZL49E3HSU875KFVMQ2,7,0,0,0.255,8.763561,0.881116,1.10157,SBASTUPCEYRTURHAAVETHGURTSREYMD2,0.666667,0.333333,point_previews/task000081_mu000016_rho030_n0.png
0.3,16,8,license_plate_bahnschrift.ttf,CBAGJWPD6YXT0RNZL49E3HSU875KFVMQ2,7,0,1,0.255,8.763561,0.881116,1.10157,SRAGTWPAYBEDRNTEAETNSGREBRS,0.727273,0.272727,point_previews/task000081_mu000016_rho030_n1.png
0.4,16,8,license_plate_bahnschrift.ttf,CBAGJWPD6YXT0RNZL49E3HSU875KFVMQ2,7,0,0,0.34,10.119289,0.843436,0.953987,CRARTAPDCUCRRMELSSEJMSUSTSREME,0.69697,0.30303,point_previews/task000081_mu000016_rho040_n0.png
0.4,16,8,license_plate_bahnschrift.ttf,CBAGJWPD6YXT0RNZL49E3HSU875KFVMQ2,7,0,1,0.34,10.119289,0.843436,0.953987,CBAGFNPREPRTURNZEESHSUSTSRPVTAGE,0.606061,0.393939,point_previews/task000081_mu000016_rho040_n1.png
0.5,16,8,license_plate_bahnschrift.ttf,CBAGJWPD6YXT0RNZL49E3HSU875KFVMQ2,7,0,0,0.425,11.313708,0.8067,0.853272,TCBAGJNRDSVXTDRNZLS9EFRSURTSMEYMGL,0.515152,0.484848,point_previews/task000081_mu000016_rho050_n0.png
0.5,16,8,license_plate_bahnschrift.ttf,CBAGJWPD6YXT0RNZL49E3HSU875KFVMQ2,7,0,1,0.425,11.313708,0.8067,0.853272,EBAGTAPASRTBRNZLAPEZHSUBTSEYMD,0.575758,0.424242,point_previews/task000081_mu000016_rho050_n1.png
0.6,16,8,license_plate_bahnschrift.ttf,CBAGJWPD6YXT0RNZL49E3HSU875KFVMQ2,7,0,0,0.51,12.393547,0.770893,0.778927,,1.0,0.0,point_previews/task000081_mu000016_rho060_n0.png
0.6,16,8,license_plate_bahnschrift.ttf,CBAGJWPD6YXT0RNZL49E3HSU875KFVMQ2,7,0,1,0.51,12.393547,0.770893,0.778927,CRAGAWPDSCPQRNZLASESHEUBTSAPYPQ2,0.545455,0.454545,point_previews/task000081_mu000016_rho060_n1.png
0.7,16,8,license_plate_bahnschrift.ttf,CBAGJWPD6YXT0RNZL49E3HSU875KFVMQ2,7,0,0,0.595,13.38656,0.735998,0.721147,EDAGJMREGHCDENZLAPESNSUBTSKEVMGZ,0.636364,0.363636,point_previews/task000081_mu000016_rho070_n0.png
0.7,16,8,license_plate_bahnschrift.ttf,CBAGJWPD6YXT0RNZL49E3HSU875KFVMQ2,7,0,1,0.595,13.38656,0.735998,0.721147,,1.0,0.0,point_previews/task000081_mu000016_rho070_n1.png
0.8,16,8,license_plate_bahnschrift.ttf,CBAGJWPD6YXT0RNZL49E3HSU875KFVMQ2,7,0,0,0.68,14.310835,0.701998,0.674571,,1.0,0.0,point_previews/task000081_mu000016_rho080_n0.png
0.8,16,8,license_plate_bahnschrift.ttf,CBAGJWPD6YXT0RNZL49E3HSU875KFVMQ2,7,0,1,0.68,14.310835,0.701998,0.674571,,1.0,0.0,point_previews/task000081_mu000016_rho080_n1.png
0.9,16,8,license_plate_bahnschrift.ttf,CBAGJWPD6YXT0RNZL49E3HSU875KFVMQ2,7,0,0,0.765,15.178933,0.668877,0.635992,CBABSWPDEYXTURNZLGVESHSUBTSHEYMG2,0.424242,0.575758,point_previews/task000081_mu000016_rho090_n0.png
0.9,16,8,license_plate_bahnschrift.ttf,CBAGJWPD6YXT0RNZL49E3HSU875KFVMQ2,7,0,1,0.765,15.178933,0.668877,0.635992,,1.0,0.0,point_previews/task000081_mu000016_rho090_n1.png
1.0,16,8,license_plate_bahnschrift.ttf,CBAGJWPD6YXT0RNZL49E3HSU875KFVMQ2,7,0,0,0.85,16.0,0.63662,0.603355,,1.0,0.0,point_previews/task000081_mu000016_rho100_n0.png
1.0,16,8,license_plate_bahnschrift.ttf,CBAGJWPD6YXT0RNZL49E3HSU875KFVMQ2,7,0,1,0.85,16.0,0.63662,0.603355,CBAGJWPDEYXTRNZLAVESHSUBTSKEYMG2,0.333333,0.666667,point_previews/task000081_mu000016_rho100_n1.png
0.1,64,8,license_plate_bahnschrift.ttf,CBAGJWPD6YXT0RNZL49E3HSU875KFVMQ2,7,0,0,0.085,5.059644,0.959381,1.907975,,1.0,0.0,point_previews/task000082_mu000064_rho010_n0.png
0.1,64,8,license_plate_bahnschrift.ttf,CBAGJWPD6YXT0RNZL49E3HSU875KFVMQ2,7,0,1,0.085,5.059644,0.959381,1.907975,SCRAGWPET4QRNZEGSESNSUBTSKEYM,0.636364,0.363636,point_previews/task000082_mu000064_rho010_n1.png
0.2,64,8,license_plate_bahnschrift.ttf,CBAGJWPD6YXT0RNZL49E3HSU875KFVMQ2,7,0,0,0.17,7.155418,0.919759,1.349142,CRAGJWRESYRTCRNZLY9ESHSUB7SKEYMQ2,0.363636,0.636364,point_previews/task000082_mu000064_rho020_n0.png
0.2,64,8,license_plate_bahnschrift.ttf,CBAGJWPD6YXT0RNZL49E3HSU875KFVMQ2,7,0,1,0.17,7.155418,0.919759,1.349142,,1.0,0.0,point_previews/task000082_mu000064_rho020_n1.png
0.3,64,8,license_plate_bahnschrift.ttf,CBAGJWPD6YXT0RNZL49E3HSU875KFVMQ2,7,0,0,0.255,8.763561,0.881116,1.10157,,1.0,0.0,point_previews/task000082_mu000064_rho030_n0.png
0.3,64,8,license_plate_bahnschrift.ttf,CBAGJWPD6YXT0RNZL49E3HSU875KFVMQ2,7,0,1,0.255,8.763561,0.881116,1.10157,,1.0,0.0,point_previews/task000082_mu000064_rho030_n1.png
0.4,64,8,license_plate_bahnschrift.ttf,CBAGJWPD6YXT0RNZL49E3HSU875KFVMQ2,7,0,0,0.34,10.119289,0.843436,0.953987,CBAGUWPDSYXTRNZLSSESHSUBTSKFYMQZ,0.333333,0.666667,point_previews/task000082_mu000064_rho040_n0.png
0.4,64,8,license_plate_bahnschrift.ttf,CBAGJWPD6YXT0RNZL49E3HSU875KFVMQ2,7,0,1,0.34,10.119289,0.843436,0.953987,CBAGJWPDEYXTRNZLA9E3HSUBTSKEVMG2,0.242424,0.757576,point_previews/task000082_mu000064_rho040_n1.png
0.5,64,8,license_plate_bahnschrift.ttf,CBAGJWPD6YXT0RNZL49E3HSU875KFVMQ2,7,0,0,0.425,11.313708,0.8067,0.853272,CBAGJWPDEYXTRNZLASESHSUBTSKEVMG2,0.30303,0.69697,point_previews/task000082_mu000064_rho050_n0.png
0.5,64,8,license_plate_bahnschrift.ttf,CBAGJWPD6YXT0RNZL49E3HSU875KFVMQ2,7,0,1,0.425,11.313708,0.8067,0.853272,CBAGJWPD4YXTRNZLASESHSUBTSKEYMG2,0.333333,0.666667,point_previews/task000082_mu000064_rho050_n1.png
0.6,64,8,license_plate_bahnschrift.ttf,CBAGJWPD6YXT0RNZL49E3HSU875KFVMQ2,7,0,0,0.51,12.393547,0.770893,0.778927,CBAGJWPDSYXTRNZL49ESHSUBTSKFYMQ2,0.212121,0.787879,point_previews/task000082_mu000064_rho060_n0.png
0.6,64,8,license_plate_bahnschrift.ttf,CBAGJWPD6YXT0RNZL49E3HSU875KFVMQ2,7,0,1,0.51,12.393547,0.770893,0.778927,CBAGJWPDSYXTRNZLA9ESHSUBTSKEYMGZ,0.333333,0.666667,point_previews/task000082_mu000064_rho060_n1.png
0.7,64,8,license_plate_bahnschrift.ttf,CBAGJWPD6YXT0RNZL49E3HSU875KFVMQ2,7,0,0,0.595,13.38656,0.735998,0.721147,CBAGJWPDSYXTRNZLATESHSUBTSKFYMQ2,0.272727,0.727273,point_previews/task000082_mu000064_rho070_n0.png
0.7,64,8,license_plate_bahnschrift.ttf,CBAGJWPD6YXT0RNZL49E3HSU875KFVMQ2,7,0,1,0.595,13.38656,0.735998,0.721147,CBAGJWPD8YXTURNZL49ESHSUBTSKEYMG2,0.272727,0.727273,point_previews/task000082_mu000064_rho070_n1.png
0.8,64,8,license_plate_bahnschrift.ttf,CBAGJWPD6YXT0RNZL49E3HSU875KFVMQ2,7,0,0,0.68,14.310835,0.701998,0.674571,CBAGJWPDEYXTURNZL49E3HSUBTSKEVMQ2,0.181818,0.818182,point_previews/task000082_mu000064_rho080_n0.png
0.8,64,8,license_plate_bahnschrift.ttf,CBAGJWPD6YXT0RNZL49E3HSU875KFVMQ2,7,0,1,0.68,14.310835,0.701998,0.674571,CBAGJWPD6YXTRNZL49E3HSUB7SKFVMQ2,0.090909,0.909091,point_previews/task000082_mu000064_rho080_n1.png
0.9,64,8,license_plate_bahnschrift.ttf,CBAGJWPD6YXT0RNZL49E3HSU875KFVMQ2,7,0,0,0.765,15.178933,0.668877,0.635992,CBAGJWPD6YXTURNZL49E3HSUBTSKFYMG2,0.181818,0.818182,point_previews/task000082_mu000064_rho090_n0.png
0.9,64,8,license_plate_bahnschrift.ttf,CBAGJWPD6YXT0RNZL49E3HSU875KFVMQ2,7,0,1,0.765,15.178933,0.668877,0.635992,CBAGJWPD6YXTRNZLAJESHSUBTSKFVMQ2,0.212121,0.787879,point_previews/task000082_mu000064_rho090_n1.png
1.0,64,8,license_plate_bahnschrift.ttf,CBAGJWPD6YXT0RNZL49E3HSU875KFVMQ2,7,0,0,0.85,16.0,0.63662,0.603355,CBAGJWPD6YXTRNZL49E3HSUBTSKFVMQ2,0.121212,0.878788,point_previews/task000082_mu000064_rho100_n0.png
1.0,64,8,license_plate_bahnschrift.ttf,CBAGJWPD6YXT0RNZL49E3HSU875KFVMQ2,7,0,1,0.85,16.0,0.63662,0.603355,CBAGJWPDEYXTGRNZL49E3SHSUBTSKEVMQG2,0.242424,0.757576,point_previews/task000082_mu000064_rho100_n1.png
0.1,256,8,license_plate_bahnschrift.ttf,CBAGJWPD6YXT0RNZL49E3HSU875KFVMQ2,7,0,0,0.085,5.059644,0.959381,1.907975,CBAGJWPDSYXTRNZLA9ESHSUBTSKEYMG2,0.30303,0.69697,point_previews/task000083_mu000256_rho010_n0.png
0.1,256,8,license_plate_bahnschrift.ttf,CBAGJWPD6YXT0RNZL49E3HSU875KFVMQ2,7,0,1,0.085,5.059644,0.959381,1.907975,CBAGJWPDEYXTRNZLUSESHSUBTSKEYMQ2,0.30303,0.69697,point_previews/task000083_mu000256_rho010_n1.png
0.2,256,8,license_plate_bahnschrift.ttf,CBAGJWPD6YXT0RNZL49E3HSU875KFVMQ2,7,0,0,0.17,7.155418,0.919759,1.349142,CBAGJWPD6YXTRNZL49ESHSUBTSKFYMQ2,0.181818,0.818182,point_previews/task000083_mu000256_rho020_n0.png
0.2,256,8,license_plate_bahnschrift.ttf,CBAGJWPD6YXT0RNZL49E3HSU875KFVMQ2,7,0,1,0.17,7.155418,0.919759,1.349142,CBAGJWPD6YXTRNZL49ESHSUBTSKFYMQ2,0.181818,0.818182,point_previews/task000083_mu000256_rho020_n1.png
0.3,256,8,license_plate_bahnschrift.ttf,CBAGJWPD6YXT0RNZL49E3HSU875KFVMQ2,7,0,0,0.255,8.763561,0.881116,1.10157,CBAGJWPDSYXTRNZLAPESHSUBTSKFYMQ2,0.272727,0.727273,point_previews/task000083_mu000256_rho030_n0.png
0.3,256,8,license_plate_bahnschrift.ttf,CBAGJWPD6YXT0RNZL49E3HSU875KFVMQ2,7,0,1,0.255,8.763561,0.881116,1.10157,CBAGJWPD6YXTRNZLAPESHSUBTSKEYMQ2,0.272727,0.727273,point_previews/task000083_mu000256_rho030_n1.png
0.4,256,8,license_plate_bahnschrift.ttf,CBAGJWPD6YXT0RNZL49E3HSU875KFVMQ2,7,0,0,0.34,10.119289,0.843436,0.953987,CBAGJWPD6YXTARNZL49E3HSUBTSKFYMQ2,0.151515,0.848485,point_previews/task000083_mu000256_rho040_n0.png
0.4,256,8,license_plate_bahnschrift.ttf,CBAGJWPD6YXT0RNZL49E3HSU875KFVMQ2,7,0,1,0.34,10.119289,0.843436,0.953987,CBAGJWPD46YXTRNZL49ESHSUBTSKFYMQ2,0.212121,0.787879,point_previews/task000083_mu000256_rho040_n1.png
0.5,256,8,license_plate_bahnschrift.ttf,CBAGJWPD6YXT0RNZL49E3HSU875KFVMQ2,7,0,0,0.425,11.313708,0.8067,0.853272,CBAGJWPD6YXTRNZL49ESHSUBTSKFYMQ2,0.181818,0.818182,point_previews/task000083_mu000256_rho050_n0.png
0.5,256,8,license_plate_bahnschrift.ttf,CBAGJWPD6YXT0RNZL49E3HSU875KFVMQ2,7,0,1,0.425,11.313708,0.8067,0.853272,CBAGJWPDYXTCRNZL49ESHSUBTSKFYMQ2,0.212121,0.787879,point_previews/task000083_mu000256_rho050_n1.png
0.6,256,8,license_plate_bahnschrift.ttf,CBAGJWPD6YXT0RNZL49E3HSU875KFVMQ2,7,0,0,0.51,12.393547,0.770893,0.778927,CBAGJWPDSYXTRNZL49ESHSUBTSKFYMQ2,0.212121,0.787879,point_previews/task000083_mu000256_rho060_n0.png
0.6,256,8,license_plate_bahnschrift.ttf,CBAGJWPD6YXT0RNZL49E3HSU875KFVMQ2,7,0,1,0.51,12.393547,0.770893,0.778927,CBAGJWPDS6YXTRNZL49ESHSUBTSKEVYMGQ2,0.272727,0.727273,point_previews/task000083_mu000256_rho060_n1.png
0.7,256,8,license_plate_bahnschrift.ttf,CBAGJWPD6YXT0RNZL49E3HSU875KFVMQ2,7,0,0,0.595,13.38656,0.735998,0.721147,CBAGJWPD46YXTRNZLA9ESHSUBTSKFYMQ2,0.242424,0.757576,point_previews/task000083_mu000256_rho070_n0.png
0.7,256,8,license_plate_bahnschrift.ttf,CBAGJWPD6YXT0RNZL49E3HSU875KFVMQ2,7,0,1,0.595,13.38656,0.735998,0.721147,CBAGJWPD6YXTRNZL49E3HSUBTSKFYMQ2,0.151515,0.848485,point_previews/task000083_mu000256_rho070_n1.png
0.8,256,8,license_plate_bahnschrift.ttf,CBAGJWPD6YXT0RNZL49E3HSU875KFVMQ2,7,0,0,0.68,14.310835,0.701998,0.674571,CBAGJWPD6YXTRNZL49E3HSUBTSKEVMQ2,0.151515,0.848485,point_previews/task000083_mu000256_rho080_n0.png
0.8,256,8,license_plate_bahnschrift.ttf,CBAGJWPD6YXT0RNZL49E3HSU875KFVMQ2,7,0,1,0.68,14.310835,0.701998,0.674571,CBAGJWPD6YXTRNZL49ESHSUBTSKFYMQ2,0.181818,0.818182,point_previews/task000083_mu000256_rho080_n1.png
0.9,256,8,license_plate_bahnschrift.ttf,CBAGJWPD6YXT0RNZL49E3HSU875KFVMQ2,7,0,0,0.765,15.178933,0.668877,0.635992,CBAGJWPD6YXTRNZL49E3HSUBTSKFVMQ2,0.121212,0.878788,point_previews/task000083_mu000256_rho090_n0.png
0.9,256,8,license_plate_bahnschrift.ttf,CBAGJWPD6YXT0RNZL49E3HSU875KFVMQ2,7,0,1,0.765,15.178933,0.668877,0.635992,CBAGJWPD6YXTCRNZL49ESHSUBTSKFYMG2,0.212121,0.787879,point_previews/task000083_mu000256_rho090_n1.png
1.0,256,8,license_plate_bahnschrift.ttf,CBAGJWPD6YXT0RNZL49E3HSU875KFVMQ2,7,0,0,0.85,16.0,0.63662,0.603355,CBAGJWPD6YXTRNZL49ESHSUBTSKFVMQ2,0.151515,0.848485,point_previews/task000083_mu000256_rho100_n0.png
1.0,256,8,license_plate_bahnschrift.ttf,CBAGJWPD6YXT0RNZL49E3HSU875KFVMQ2,7,0,1,0.85,16.0,0.63662,0.603355,CBAGJWPD6YXTRNZL49E3HSUBTSKFYMG2,0.181818,0.818182,point_previews/task000083_mu000256_rho100_n1.png
0.1,1024,8,license_plate_bahnschrift.ttf,CBAGJWPD6YXT0RNZL49E3HSU875KFVMQ2,7,0,0,0.085,5.059644,0.959381,1.907975,CBAGJWPDSYXTRNZL49ESHSUBTSKFYMQ2,0.212121,0.787879,point_previews/task000084_mu001024_rho010_n0.png
0.1,1024,8,license_plate_bahnschrift.ttf,CBAGJWPD6YXT0RNZL49E3HSU875KFVMQ2,7,0,1,0.085,5.059644,0.959381,1.907975,CBAGJWPDAYXTRNZL49ESHSUBTSKEYMQ2,0.242424,0.757576,point_previews/task000084_mu001024_rho010_n1.png
0.2,1024,8,license_plate_bahnschrift.ttf,CBAGJWPD6YXT0RNZL49E3HSU875KFVMQ2,7,0,0,0.17,7.155418,0.919759,1.349142,CBAGJWPD4SYXTRNZL49ESHSUBTSKFYMQ2,0.242424,0.757576,point_previews/task000084_mu001024_rho020_n0.png
0.2,1024,8,license_plate_bahnschrift.ttf,CBAGJWPD6YXT0RNZL49E3HSU875KFVMQ2,7,0,1,0.17,7.155418,0.919759,1.349142,CBAGJWPDSYXTRNZL49ESHSUBTSKFYMQ2,0.212121,0.787879,point_previews/task000084_mu001024_rho020_n1.png
0.3,1024,8,license_plate_bahnschrift.ttf,CBAGJWPD6YXT0RNZL49E3HSU875KFVMQ2,7,0,0,0.255,8.763561,0.881116,1.10157,CBAGJWPDS6YXTRNZL49ESHSUBTSKFYMQ2,0.212121,0.787879,point_previews/task000084_mu001024_rho030_n0.png
0.3,1024,8,license_plate_bahnschrift.ttf,CBAGJWPD6YXT0RNZL49E3HSU875KFVMQ2,7,0,1,0.255,8.763561,0.881116,1.10157,CBAGJWPD46YXTRNZLA9ESHSUBTSKFYMQ2,0.242424,0.757576,point_previews/task000084_mu001024_rho030_n1.png
0.4,1024,8,license_plate_bahnschrift.ttf,CBAGJWPD6YXT0RNZL49E3HSU875KFVMQ2,7,0,0,0.34,10.119289,0.843436,0.953987,CBAGJWPD6YXTRNZL49E3HSUBTSKFYMQ2,0.151515,0.848485,point_previews/task000084_mu001024_rho040_n0.png
0.4,1024,8,license_plate_bahnschrift.ttf,CBAGJWPD6YXT0RNZL49E3HSU875KFVMQ2,7,0,1,0.34,10.119289,0.843436,0.953987,CBAGJWPD4EYXTRNZL49E3HSUBTSKEYMQ2,0.242424,0.757576,point_previews/task000084_mu001024_rho040_n1.png
0.5,1024,8,license_plate_bahnschrift.ttf,CBAGJWPD6YXT0RNZL49E3HSU875KFVMQ2,7,0,0,0.425,11.313708,0.8067,0.853272,CBAGJWPD4YXTRNZL49E3HSUBTSKFYMQ2,0.181818,0.818182,point_previews/task000084_mu001024_rho050_n0.png
0.5,1024,8,license_plate_bahnschrift.ttf,CBAGJWPD6YXT0RNZL49E3HSU875KFVMQ2,7,0,1,0.425,11.313708,0.8067,0.853272,CBAGJWPD6YXTRNZL49E3HSUBTSKFYMQ2,0.151515,0.848485,point_previews/task000084_mu001024_rho050_n1.png
0.6,1024,8,license_plate_bahnschrift.ttf,CBAGJWPD6YXT0RNZL49E3HSU875KFVMQ2,7,0,0,0.51,12.393547,0.770893,0.778927,CBAGJWPD6YXTRNZL49E3HSUBTSKFYMQ2,0.151515,0.848485,point_previews/task000084_mu001024_rho060_n0.png
0.6,1024,8,license_plate_bahnschrift.ttf,CBAGJWPD6YXT0RNZL49E3HSU875KFVMQ2,7,0,1,0.51,12.393547,0.770893,0.778927,CBAGJWPD46YXTRNZL49E3HSUBTSKFYMQ2,0.181818,0.818182,point_previews/task000084_mu001024_rho060_n1.png
0.7,1024,8,license_plate_bahnschrift.ttf,CBAGJWPD6YXT0RNZL49E3HSU875KFVMQ2,7,0,0,0.595,13.38656,0.735998,0.721147,CBAGJWPD46YXTRNZL49E3HSUBTSKFYMQ2,0.181818,0.818182,point_previews/task000084_mu001024_rho070_n0.png
0.7,1024,8,license_plate_bahnschrift.ttf,CBAGJWPD6YXT0RNZL49E3HSU875KFVMQ2,7,0,1,0.595,13.38656,0.735998,0.721147,CBAGJWPD6YXTRNZL49ESHSUBTSKFYVMQ2,0.181818,0.818182,point_previews/task000084_mu001024_rho070_n1.png
0.8,1024,8,license_plate_bahnschrift.ttf,CBAGJWPD6YXT0RNZL49E3HSU875KFVMQ2,7,0,0,0.68,14.310835,0.701998,0.674571,CBAGJWPD6YXTRNZL49ESHSUBTSKFEYMQ2,0.212121,0.787879,point_previews/task000084_mu001024_rho080_n0.png
0.8,1024,8,license_plate_bahnschrift.ttf,CBAGJWPD6YXT0RNZL49E3HSU875KFVMQ2,7,0,1,0.68,14.310835,0.701998,0.674571,CBAGJWPD6YXTRNZL49ESHSUBTSKFVMQ2,0.151515,0.848485,point_previews/task000084_mu001024_rho080_n1.png
0.9,1024,8,license_plate_bahnschrift.ttf,CBAGJWPD6YXT0RNZL49E3HSU875KFVMQ2,7,0,0,0.765,15.178933,0.668877,0.635992,CBAGJWPD6YXTRNZL49ESHSUB7TSKFVYMQ2,0.181818,0.818182,point_previews/task000084_mu001024_rho090_n0.png
0.9,1024,8,license_plate_bahnschrift.ttf,CBAGJWPD6YXT0RNZL49E3HSU875KFVMQ2,7,0,1,0.765,15.178933,0.668877,0.635992,CBAGJWPD6YXTRNZL49ESHSUBTSKFVMQ2,0.151515,0.848485,point_previews/task000084_mu001024_rho090_n1.png
1.0,1024,8,license_plate_bahnschrift.ttf,CBAGJWPD6YXT0RNZL49E3HSU875KFVMQ2,7,0,0,0.85,16.0,0.63662,0.603355,CBAGJWPD6YXTCRNZL49ESHSUB7TSKFVYMQ2,0.181818,0.818182,point_previews/task000084_mu001024_rho100_n0.png
1.0,1024,8,license_plate_bahnschrift.ttf,CBAGJWPD6YXT0RNZL49E3HSU875KFVMQ2,7,0,1,0.85,16.0,0.63662,0.603355,CBAGJWPD6YXTRNZL49E3HSUB7T5SKFVMQ2,0.121212,0.878788,point_previews/task000084_mu001024_rho100_n1.png
0.1,4096,8,license_plate_bahnschrift.ttf,CBAGJWPD6YXT0RNZL49E3HSU875KFVMQ2,7,0,0,0.085,5.059644,0.959381,1.907975,CBAGJWPD4SYXTRNZ2L49ESHSUBTSKFEYMQ2,0.30303,0.69697,point_previews/task000085_mu004096_rho010_n0.png
0.1,4096,8,license_plate_bahnschrift.ttf,CBAGJWPD6YXT0RNZL49E3HSU875KFVMQ2,7,0,1,0.085,5.059644,0.959381,1.907975,CBAGJWPDSYXTRNZL49ESHSUBTSKFYMQ2,0.212121,0.787879,point_previews/task000085_mu004096_rho010_n1.png
0.2,4096,8,license_plate_bahnschrift.ttf,CBAGJWPD6YXT0RNZL49E3HSU875KFVMQ2,7,0,0,0.17,7.155418,0.919759,1.349142,CBAGJWPDSYXTRNZL49ESHSUBTSKFYMQ2,0.212121,0.787879,point_previews/task000085_mu004096_rho020_n0.png
0.2,4096,8,license_plate_bahnschrift.ttf,CBAGJWPD6YXT0RNZL49E3HSU875KFVMQ2,7,0,1,0.17,7.155418,0.919759,1.349142,CBAGJWPDSYXTRNZL49ESHSUBTSKFYMQ2,0.212121,0.787879,point_previews/task000085_mu004096_rho020_n1.png
0.3,4096,8,license_plate_bahnschrift.ttf,CBAGJWPD6YXT0RNZL49E3HSU875KFVMQ2,7,0,0,0.255,8.763561,0.881116,1.10157,CBAGJWPD6YXTRNZL49ESHSUBTSKFYMQ2,0.181818,0.818182,point_previews/task000085_mu004096_rho030_n0.png
0.3,4096,8,license_plate_bahnschrift.ttf,CBAGJWPD6YXT0RNZL49E3HSU875KFVMQ2,7,0,1,0.255,8.763561,0.881116,1.10157,CBAGJWPD6YXTRNZL49ESHSUBTSKFYMQ2,0.181818,0.818182,point_previews/task000085_mu004096_rho030_n1.png
0.4,4096,8,license_plate_bahnschrift.ttf,CBAGJWPD6YXT0RNZL49E3HSU875KFVMQ2,7,0,0,0.34,10.119289,0.843436,0.953987,CBAGJWPD6YXTRNZL49ESHSUBTSKFYMQ2,0.181818,0.818182,point_previews/task000085_mu004096_rho040_n0.png
0.4,4096,8,license_plate_bahnschrift.ttf,CBAGJWPD6YXT0RNZL49E3HSU875KFVMQ2,7,0,1,0.34,10.119289,0.843436,0.953987,CBAGJWPD6YXTRNZL49ESHSUBTSKEYMQ2,0.212121,0.787879,point_previews/task000085_mu004096_rho040_n1.png
0.5,4096,8,license_plate_bahnschrift.ttf,CBAGJWPD6YXT0RNZL49E3HSU875KFVMQ2,7,0,0,0.425,11.313708,0.8067,0.853272,CBAGJWPD6YXTRNZL49ESHSUBTSKEYMQ2,0.212121,0.787879,point_previews/task000085_mu004096_rho050_n0.png
0.5,4096,8,license_plate_bahnschrift.ttf,CBAGJWPD6YXT0RNZL49E3HSU875KFVMQ2,7,0,1,0.425,11.313708,0.8067,0.853272,CBAGJWPD6YXTRNZL49ESHSUBTSKFYMQ2,0.181818,0.818182,point_previews/task000085_mu004096_rho050_n1.png
0.6,4096,8,license_plate_bahnschrift.ttf,CBAGJWPD6YXT0RNZL49E3HSU875KFVMQ2,7,0,0,0.51,12.393547,0.770893,0.778927,CBAGJWPD6YXTRNZL49ESHSUBTSKEYMQ2,0.212121,0.787879,point_previews/task000085_mu004096_rho060_n0.png
0.6,4096,8,license_plate_bahnschrift.ttf,CBAGJWPD6YXT0RNZL49E3HSU875KFVMQ2,7,0,1,0.51,12.393547,0.770893,0.778927,CBAGJWPD6YXTRNZL49ESHSUBTSKEYMQ2,0.212121,0.787879,point_previews/task000085_mu004096_rho060_n1.png
0.7,4096,8,license_plate_bahnschrift.ttf,CBAGJWPD6YXT0RNZL49E3HSU875KFVMQ2,7,0,0,0.595,13.38656,0.735998,0.721147,CBAGJWPD6YXTRNZL49ESHSUBTSKFVMQ2,0.151515,0.848485,point_previews/task000085_mu004096_rho070_n0.png
0.7,4096,8,license_plate_bahnschrift.ttf,CBAGJWPD6YXT0RNZL49E3HSU875KFVMQ2,7,0,1,0.595,13.38656,0.735998,0.721147,CBAGJWPD6YXTRNZL49ESHSUBTSKFYMQ2,0.181818,0.818182,point_previews/task000085_mu004096_rho070_n1.png
0.8,4096,8,license_plate_bahnschrift.ttf,CBAGJWPD6YXT0RNZL49E3HSU875KFVMQ2,7,0,0,0.68,14.310835,0.701998,0.674571,CBAGJWPD6YXTRNZL49ESHSUBTSKFYMQ2,0.181818,0.818182,point_previews/task000085_mu004096_rho080_n0.png
0.8,4096,8,license_plate_bahnschrift.ttf,CBAGJWPD6YXT0RNZL49E3HSU875KFVMQ2,7,0,1,0.68,14.310835,0.701998,0.674571,CBAGJWPD6YXTRNZL49ESHSUBTSKFVMQ2,0.151515,0.848485,point_previews/task000085_mu004096_rho080_n1.png
0.9,4096,8,license_plate_bahnschrift.ttf,CBAGJWPD6YXT0RNZL49E3HSU875KFVMQ2,7,0,0,0.765,15.178933,0.668877,0.635992,CBAGJWPD6YXTRNZL49ESHSUB7TSKFVMQ2,0.151515,0.848485,point_previews/task000085_mu004096_rho090_n0.png
0.9,4096,8,license_plate_bahnschrift.ttf,CBAGJWPD6YXT0RNZL49E3HSU875KFVMQ2,7,0,1,0.765,15.178933,0.668877,0.635992,CBAGJWPD6YXTRNZL49ESHSUB7TSKFVMQ2,0.151515,0.848485,point_previews/task000085_mu004096_rho090_n1.png
1.0,4096,8,license_plate_bahnschrift.ttf,CBAGJWPD6YXT0RNZL49E3HSU875KFVMQ2,7,0,0,0.85,16.0,0.63662,0.603355,CBAGJWPD6YXTRNZL49ESHSUBTSKFYVMQ2,0.181818,0.818182,point_previews/task000085_mu004096_rho100_n0.png
1.0,4096,8,license_plate_bahnschrift.ttf,CBAGJWPD6YXT0RNZL49E3HSU875KFVMQ2,7,0,1,0.85,16.0,0.63662,0.603355,CBAGJWPD6YXTRNZL49E3SHSUBTSKFVMQ2,0.151515,0.848485,point_previews/task000085_mu004096_rho100_n1.png
0.1,16384,8,license_plate_bahnschrift.ttf,CBAGJWPD6YXT0RNZL49E3HSU875KFVMQ2,7,0,0,0.085,5.059644,0.959381,1.907975,CBAGJWPDSYXTRN2ZL49ESHSUBTSKFYMQ2,0.242424,0.757576,point_previews/task000086_mu016384_rho010_n0.png
0.1,16384,8,license_plate_bahnschrift.ttf,CBAGJWPD6YXT0RNZL49E3HSU875KFVMQ2,7,0,1,0.085,5.059644,0.959381,1.907975,CBAGJWPDYXTRNZ2L49ESHSUBTSKFYMQ2,0.242424,0.757576,point_previews/task000086_mu016384_rho010_n1.png
0.2,16384,8,license_plate_bahnschrift.ttf,CBAGJWPD6YXT0RNZL49E3HSU875KFVMQ2,7,0,0,0.17,7.155418,0.919759,1.349142,CBAGJWPDSYXTRNZL49ESHSUBTSKFYMQ2,0.212121,0.787879,point_previews/task000086_mu016384_rho020_n0.png
0.2,16384,8,license_plate_bahnschrift.ttf,CBAGJWPD6YXT0RNZL49E3HSU875KFVMQ2,7,0,1,0.17,7.155418,0.919759,1.349142,CBAGJWPDSYXTRNZL49ESHSUBTSKFYMQ2,0.212121,0.787879,point_previews/task000086_mu016384_rho020_n1.png
0.3,16384,8,license_plate_bahnschrift.ttf,CBAGJWPD6YXT0RNZL49E3HSU875KFVMQ2,7,0,0,0.255,8.763561,0.881116,1.10157,CBAGJWPD6YXTRNZL49ESHSUBTSKFYMQ2,0.181818,0.818182,point_previews/task000086_mu016384_rho030_n0.png
0.3,16384,8,license_plate_bahnschrift.ttf,CBAGJWPD6YXT0RNZL49E3HSU875KFVMQ2,7,0,1,0.255,8.763561,0.881116,1.10157,CBAGJWPD6YXTRNZL49ESHSUBTSKFYMQ2,0.181818,0.818182,point_previews/task000086_mu016384_rho030_n1.png
0.4,16384,8,license_plate_bahnschrift.ttf,CBAGJWPD6YXT0RNZL49E3HSU875KFVMQ2,7,0,0,0.34,10.119289,0.843436,0.953987,CBAGJWPD6YXTRNZL49ESHSUBTSKEYMQ2,0.212121,0.787879,point_previews/task000086_mu016384_rho040_n0.png
0.4,16384,8,license_plate_bahnschrift.ttf,CBAGJWPD6YXT0RNZL49E3HSU875KFVMQ2,7,0,1,0.34,10.119289,0.843436,0.953987,CBAGJWPD6YXTRNZL49ESHSUBTSKEYMQ2,0.212121,0.787879,point_previews/task000086_mu016384_rho040_n1.png
0.5,16384,8,license_plate_bahnschrift.ttf,CBAGJWPD6YXT0RNZL49E3HSU875KFVMQ2,7,0,0,0.425,11.313708,0.8067,0.853272,CBAGJWPD6YXTRNZL49ESHSUBTSKFYMQ2,0.181818,0.818182,point_previews/task000086_mu016384_rho050_n0.png
0.5,16384,8,license_plate_bahnschrift.ttf,CBAGJWPD6YXT0RNZL49E3HSU875KFVMQ2,7,0,1,0.425,11.313708,0.8067,0.853272,CBAGJWPD6YXTRNZL49ESHSUBTSKFYMQ2,0.181818,0.818182,point_previews/task000086_mu016384_rho050_n1.png
0.6,16384,8,license_plate_bahnschrift.ttf,CBAGJWPD6YXT0RNZL49E3HSU875KFVMQ2,7,0,0,0.51,12.393547,0.770893,0.778927,CBAGJWPD6YXTRNZL49ESHSUBTSKEYMQ2,0.212121,0.787879,point_previews/task000086_mu016384_rho060_n0.png
0.6,16384,8,license_plate_bahnschrift.ttf,CBAGJWPD6YXT0RNZL49E3HSU875KFVMQ2,7,0,1,0.51,12.393547,0.770893,0.778927,CBAGJWPD6YXTRNZL49ESHSUBTSKEYMQ2,0.212121,0.787879,point_previews/task000086_mu016384_rho060_n1.png
0.7,16384,8,license_plate_bahnschrift.ttf,CBAGJWPD6YXT0RNZL49E3HSU875KFVMQ2,7,0,0,0.595,13.38656,0.735998,0.721147,CBAGJWPD6YXTRNZL49ESHSUBTSKFYVMQ2,0.181818,0.818182,point_previews/task000086_mu016384_rho070_n0.png
0.7,16384,8,license_plate_bahnschrift.ttf,CBAGJWPD6YXT0RNZL49E3HSU875KFVMQ2,7,0,1,0.595,13.38656,0.735998,0.721147,CBAGJWPD6YXTRNZL49ESHSUBTSKFYVMQ2,0.181818,0.818182,point_previews/task000086_mu016384_rho070_n1.png
0.8,16384,8,license_plate_bahnschrift.ttf,CBAGJWPD6YXT0RNZL49E3HSU875KFVMQ2,7,0,0,0.68,14.310835,0.701998,0.674571,CBAGJWPD6YXTRNZL49ESHSUBTSKFVMQ2,0.151515,0.848485,point_previews/task000086_mu016384_rho080_n0.png
0.8,16384,8,license_plate_bahnschrift.ttf,CBAGJWPD6YXT0RNZL49E3HSU875KFVMQ2,7,0,1,0.68,14.310835,0.701998,0.674571,CBAGJWPD6YXTRNZL49ESHSUBTSKFYVMQ2,0.181818,0.818182,point_previews/task000086_mu016384_rho080_n1.png
0.9,16384,8,license_plate_bahnschrift.ttf,CBAGJWPD6YXT0RNZL49E3HSU875KFVMQ2,7,0,0,0.765,15.178933,0.668877,0.635992,CBAGJWPD6YXTRNZL49ESHSUB7TSKFVMQ2,0.151515,0.848485,point_previews/task000086_mu016384_rho090_n0.png
0.9,16384,8,license_plate_bahnschrift.ttf,CBAGJWPD6YXT0RNZL49E3HSU875KFVMQ2,7,0,1,0.765,15.178933,0.668877,0.635992,CBAGJWPD6YXTRNZL49ESHSUBTSKFVMQ2,0.151515,0.848485,point_previews/task000086_mu016384_rho090_n1.png
1.0,16384,8,license_plate_bahnschrift.ttf,CBAGJWPD6YXT0RNZL49E3HSU875KFVMQ2,7,0,0,0.85,16.0,0.63662,0.603355,CBAGJWPD6YXTRNZL49E3HSUBTSKFVMQ2,0.121212,0.878788,point_previews/task000086_mu016384_rho100_n0.png
1.0,16384,8,license_plate_bahnschrift.ttf,CBAGJWPD6YXT0RNZL49E3HSU875KFVMQ2,7,0,1,0.85,16.0,0.63662,0.603355,CBAGJWPD6YXT0RNZL49E3SHSUB7TSKFVMQ2,0.121212,0.878788,point_previews/task000086_mu016384_rho100_n1.png
0.1,65536,8,license_plate_bahnschrift.ttf,CBAGJWPD6YXT0RNZL49E3HSU875KFVMQ2,7,0,0,0.085,5.059644,0.959381,1.907975,CBAGJWPDSYXTRNZ2L49ESHSUBTSKFYMQ2,0.242424,0.757576,point_previews/task000087_mu065536_rho010_n0.png
0.1,65536,8,license_plate_bahnschrift.ttf,CBAGJWPD6YXT0RNZL49E3HSU875KFVMQ2,7,0,1,0.085,5.059644,0.959381,1.907975,CBAGJWPDSYXTRN2L49ESHSUBTSKFYMQ2,0.242424,0.757576,point_previews/task000087_mu065536_rho010_n1.png
0.2,65536,8,license_plate_bahnschrift.ttf,CBAGJWPD6YXT0RNZL49E3HSU875KFVMQ2,7,0,0,0.17,7.155418,0.919759,1.349142,CBAGJWPDSYXTRNZL49ESHSUBTSKFYMQ2,0.212121,0.787879,point_previews/task000087_mu065536_rho020_n0.png
0.2,65536,8,license_plate_bahnschrift.ttf,CBAGJWPD6YXT0RNZL49E3HSU875KFVMQ2,7,0,1,0.17,7.155418,0.919759,1.349142,CBAGJWPDSYXTRNZL49ESHSUBTSKFYMQ2,0.212121,0.787879,point_previews/task000087_mu065536_rho020_n1.png
0.3,65536,8,license_plate_bahnschrift.ttf,CBAGJWPD6YXT0RNZL49E3HSU875KFVMQ2,7,0,0,0.255,8.763561,0.881116,1.10157,CBAGJWPD6YXTRNZL49ESHSUBTSKFYMQ2,0.181818,0.818182,point_previews/task000087_mu065536_rho030_n0.png
0.3,65536,8,license_plate_bahnschrift.ttf,CBAGJWPD6YXT0RNZL49E3HSU875KFVMQ2,7,0,1,0.255,8.763561,0.881116,1.10157,CBAGJWPD6YXTRNZL49ESHSUBTSKFYMQ2,0.181818,0.818182,point_previews/task000087_mu065536_rho030_n1.png
0.4,65536,8,license_plate_bahnschrift.ttf,CBAGJWPD6YXT0RNZL49E3HSU875KFVMQ2,7,0,0,0.34,10.119289,0.843436,0.953987,CBAGJWPD6YXTRNZL49ESHSUBTSKEYMQ2,0.212121,0.787879,point_previews/task000087_mu065536_rho040_n0.png
0.4,65536,8,license_plate_bahnschrift.ttf,CBAGJWPD6YXT0RNZL49E3HSU875KFVMQ2,7,0,1,0.34,10.119289,0.843436,0.953987,CBAGJWPD6YXTRNZL49ESHSUBTSKEYMQ2,0.212121,0.787879,point_previews/task000087_mu065536_rho040_n1.png
0.5,65536,8,license_plate_bahnschrift.ttf,CBAGJWPD6YXT0RNZL49E3HSU875KFVMQ2,7,0,0,0.425,11.313708,0.8067,0.853272,CBAGJWPD6YXTRNZL49ESHSUBTSKFYMQ2,0.181818,0.818182,point_previews/task000087_mu065536_rho050_n0.png
0.5,65536,8,license_plate_bahnschrift.ttf,CBAGJWPD6YXT0RNZL49E3HSU875KFVMQ2,7,0,1,0.425,11.313708,0.8067,0.853272,CBAGJWPD6YXTRNZL49ESHSUBTSKFYMQ2,0.181818,0.818182,point_previews/task000087_mu065536_rho050_n1.png
0.6,65536,8,license_plate_bahnschrift.ttf,CBAGJWPD6YXT0RNZL49E3HSU875KFVMQ2,7,0,0,0.51,12.393547,0.770893,0.778927,CBAGJWPD6YXTRNZL49ESHSUBTSKEYMQ2,0.212121,0.787879,point_previews/task000087_mu065536_rho060_n0.png
0.6,65536,8,license_plate_bahnschrift.ttf,CBAGJWPD6YXT0RNZL49E3HSU875KFVMQ2,7,0,1,0.51,12.393547,0.770893,0.778927,CBAGJWPD6YXTRNZL49ESHSUBTSKEYMQ2,0.212121,0.787879,point_previews/task000087_mu065536_rho060_n1.png
0.7,65536,8,license_plate_bahnschrift.ttf,CBAGJWPD6YXT0RNZL49E3HSU875KFVMQ2,7,0,0,0.595,13.38656,0.735998,0.721147,CBAGJWPD6YXTRNZL49ESHSUB7TSKFYVMQ2,0.181818,0.818182,point_previews/task000087_mu065536_rho070_n0.png
0.7,65536,8,license_plate_bahnschrift.ttf,CBAGJWPD6YXT0RNZL49E3HSU875KFVMQ2,7,0,1,0.595,13.38656,0.735998,0.721147,CBAGJWPD6YXTRNZL49ESHSUBTSKFVMQ2,0.151515,0.848485,point_previews/task000087_mu065536_rho070_n1.png
0.8,65536,8,license_plate_bahnschrift.ttf,CBAGJWPD6YXT0RNZL49E3HSU875KFVMQ2,7,0,0,0.68,14.310835,0.701998,0.674571,CBAGJWPD6YXTRNZL49ESHSUBTSKFYVMQ2,0.181818,0.818182,point_previews/task000087_mu065536_rho080_n0.png
0.8,65536,8,license_plate_bahnschrift.ttf,CBAGJWPD6YXT0RNZL49E3HSU875KFVMQ2,7,0,1,0.68,14.310835,0.701998,0.674571,CBAGJWPD6YXTRNZL49ESHSUBTSKFVYMQ2,0.181818,0.818182,point_previews/task000087_mu065536_rho080_n1.png
0.9,65536,8,license_plate_bahnschrift.ttf,CBAGJWPD6YXT0RNZL49E3HSU875KFVMQ2,7,0,0,0.765,15.178933,0.668877,0.635992,CBAGJWPD6YXTRNZL49ESHSUBTSKFVMQ2,0.151515,0.848485,point_previews/task000087_mu065536_rho090_n0.png
0.9,65536,8,license_plate_bahnschrift.ttf,CBAGJWPD6YXT0RNZL49E3HSU875KFVMQ2,7,0,1,0.765,15.178933,0.668877,0.635992,CBAGJWPD6YXTRNZL49ESHSUB7TSKFVMQ2,0.151515,0.848485,point_previews/task000087_mu065536_rho090_n1.png
1.0,65536,8,license_plate_bahnschrift.ttf,CBAGJWPD6YXT0RNZL49E3HSU875KFVMQ2,7,0,0,0.85,16.0,0.63662,0.603355,CBAGJWPD6YXTRNZL49ESHSUB7TSKFVMQ2,0.151515,0.848485,point_previews/task000087_mu065536_rho100_n0.png
1.0,65536,8,license_plate_bahnschrift.ttf,CBAGJWPD6YXT0RNZL49E3HSU875KFVMQ2,7,0,1,0.85,16.0,0.63662,0.603355,CBAGJWPD6YXT0RNZL49ESHSUBTSKFVMQ2,0.121212,0.878788,point_previews/task000087_mu065536_rho100_n1.png
0.1,4,8,license_plate_bahnschrift.ttf,CBAGJWPD6YXT0RNZL49E3HSU875KFVMQ2,7,3,0,0.085,5.059644,0.959381,1.907975,LLRRURRSE,0.939394,0.060606,point_previews/task000088_mu000004_rho010_n0.png
0.1,4,8,license_plate_bahnschrift.ttf,CBAGJWPD6YXT0RNZL49E3HSU875KFVMQ2,7,3,1,0.085,5.059644,0.959381,1.907975,MCFASARRETNSAMESRRET,0.848485,0.151515,point_previews/task000088_mu000004_rho010_n1.png
0.2,4,8,license_plate_bahnschrift.ttf,CBAGJWPD6YXT0RNZL49E3HSU875KFVMQ2,7,3,0,0.17,7.155418,0.919759,1.349142,CASRTRSRMASAN,0.848485,0.151515,point_previews/task000088_mu000004_rho020_n0.png
0.2,4,8,license_plate_bahnschrift.ttf,CBAGJWPD6YXT0RNZL49E3HSU875KFVMQ2,7,3,1,0.17,7.155418,0.919759,1.349142,THSCAESSSPPECENETRNCK,0.909091,0.090909,point_previews/task000088_mu000004_rho020_n1.png
0.3,4,8,license_plate_bahnschrift.ttf,CBAGJWPD6YXT0RNZL49E3HSU875KFVMQ2,7,3,0,0.255,8.763561,0.881116,1.10157,PANUDLLRRMAT7,0.878788,0.121212,point_previews/task000088_mu000004_rho030_n0.png
0.3,4,8,license_plate_bahnschrift.ttf,CBAGJWPD6YXT0RNZL49E3HSU875KFVMQ2,7,3,1,0.255,8.763561,0.881116,1.10157,EDRESAACARPMNVEBSERDMR,0.878788,0.121212,point_previews/task000088_mu000004_rho030_n1.png
0.4,4,8,license_plate_bahnschrift.ttf,CBAGJWPD6YXT0RNZL49E3HSU875KFVMQ2,7,3,0,0.34,10.119289,0.843436,0.953987,BSSPTESRERYBE,0.848485,0.151515,point_previews/task000088_mu000004_rho040_n0.png
0.4,4,8,license_plate_bahnschrift.ttf,CBAGJWPD6YXT0RNZL49E3HSU875KFVMQ2,7,3,1,0.34,10.119289,0.843436,0.953987,EPGMMANENATE,0.909091,0.090909,point_previews/task000088_mu000004_rho040_n1.png
0.5,4,8,license_plate_bahnschrift.ttf,CBAGJWPD6YXT0RNZL49E3HSU875KFVMQ2,7,3,0,0.425,11.313708,0.8067,0.853272,SMENSAARRSREGSRTRTRRRRE,0.909091,0.090909,point_previews/task000088_mu000004_rho050_n0.png
0.5,4,8,license_plate_bahnschrift.ttf,CBAGJWPD6YXT0RNZL49E3HSU875KFVMQ2,7,3,1,0.425,11.313708,0.8067,0.853272,DERSSMPTTAYYSTAUET4LCREH,0.909091,0.090909,point_previews/task000088_mu000004_rho050_n1.png
0.6,4,8,license_plate_bahnschrift.ttf,CBAGJWPD6YXT0RNZL49E3HSU875KFVMQ2,7,3,0,0.51,12.393547,0.770893,0.778927,,1.0,0.0,point_previews/task000088_mu000004_rho060_n0.png
0.6,4,8,license_plate_bahnschrift.ttf,CBAGJWPD6YXT0RNZL49E3HSU875KFVMQ2,7,3,1,0.51,12.393547,0.770893,0.778927,ERREWEESESTSUERNB,0.878788,0.121212,point_previews/task000088_mu000004_rho060_n1.png
0.7,4,8,license_plate_bahnschrift.ttf,CBAGJWPD6YXT0RNZL49E3HSU875KFVMQ2,7,3,0,0.595,13.38656,0.735998,0.721147,ERASPEEDAFEUSGSWERARE,0.878788,0.121212,point_previews/task000088_mu000004_rho070_n0.png
0.7,4,8,license_plate_bahnschrift.ttf,CBAGJWPD6YXT0RNZL49E3HSU875KFVMQ2,7,3,1,0.595,13.38656,0.735998,0.721147,,1.0,0.0,point_previews/task000088_mu000004_rho070_n1.png
0.8,4,8,license_plate_bahnschrift.ttf,CBAGJWPD6YXT0RNZL49E3HSU875KFVMQ2,7,3,0,0.68,14.310835,0.701998,0.674571,SARTSHGPCSSPSERTSRPNEREE,0.909091,0.090909,point_previews/task000088_mu000004_rho080_n0.png
0.8,4,8,license_plate_bahnschrift.ttf,CBAGJWPD6YXT0RNZL49E3HSU875KFVMQ2,7,3,1,0.68,14.310835,0.701998,0.674571,PHSB2DRRFCUETGTALY,0.909091,0.090909,point_previews/task000088_mu000004_rho080_n1.png
0.9,4,8,license_plate_bahnschrift.ttf,CBAGJWPD6YXT0RNZL49E3HSU875KFVMQ2,7,3,0,0.765,15.178933,0.668877,0.635992,UEPGEEBENAUSHSRYEE,0.878788,0.121212,point_previews/task000088_mu000004_rho090_n0.png
0.9,4,8,license_plate_bahnschrift.ttf,CBAGJWPD6YXT0RNZL49E3HSU875KFVMQ2,7,3,1,0.765,15.178933,0.668877,0.635992,MSERCPUESERSUBYERRS,0.878788,0.121212,point_previews/task000088_mu000004_rho090_n1.png
1.0,4,8,license_plate_bahnschrift.ttf,CBAGJWPD6YXT0RNZL49E3HSU875KFVMQ2,7,3,0,0.85,16.0,0.63662,0.603355,CBRGRTTENFRR,0.818182,0.181818,point_previews/task000088_mu000004_rho100_n0.png
1.0,4,8,license_plate_bahnschrift.ttf,CBAGJWPD6YXT0RNZL49E3HSU875KFVMQ2,7,3,1,0.85,16.0,0.63662,0.603355,EPAETSSTRENFEWERS,0.848485,0.151515,point_previews/task000088_mu000004_rho100_n1.png
0.1,16,8,license_plate_bahnschrift.ttf,CBAGJWPD6YXT0RNZL49E3HSU875KFVMQ2,7,3,0,0.085,5.059644,0.959381,1.907975,,1.0,0.0,point_previews/task000089_mu000016_rho010_n0.png
0.1,16,8,license_plate_bahnschrift.ttf,CBAGJWPD6YXT0RNZL49E3HSU875KFVMQ2,7,3,1,0.085,5.059644,0.959381,1.907975,GHFRRRRAECTA,0.909091,0.090909,point_previews/task000089_mu000016_rho010_n1.png
0.2,16,8,license_plate_bahnschrift.ttf,CBAGJWPD6YXT0RNZL49E3HSU875KFVMQ2,7,3,0,0.17,7.155418,0.919759,1.349142,,1.0,0.0,point_previews/task000089_mu000016_rho020_n0.png
0.2,16,8,license_plate_bahnschrift.ttf,CBAGJWPD6YXT0RNZL49E3HSU875KFVMQ2,7,3,1,0.17,7.155418,0.919759,1.349142,SARPEURETARTSSRESETGRER,0.818182,0.181818,point_previews/task000089_mu000016_rho020_n1.png
0.3,16,8,license_plate_bahnschrift.ttf,CBAGJWPD6YXT0RNZL49E3HSU875KFVMQ2,7,3,0,0.255,8.763561,0.881116,1.10157,LCBAGARPDSTARNELGRSASTSEVNEES,0.69697,0.30303,point_previews/task000089_mu000016_rho030_n0.png
0.3,16,8,license_plate_bahnschrift.ttf,CBAGJWPD6YXT0RNZL49E3HSU875KFVMQ2,7,3,1,0.255,8.763561,0.881116,1.10157,PASSCMPTENSCRAMELGSERHUGBKEYME,0.787879,0.212121,point_previews/task000089_mu000016_rho030_n1.png
0.4,16,8,license_plate_bahnschrift.ttf,CBAGJWPD6YXT0RNZL49E3HSU875KFVMQ2,7,3,0,0.34,10.119289,0.843436,0.953987,,1.0,0.0,point_previews/task000089_mu000016_rho040_n0.png
0.4,16,8,license_plate_bahnschrift.ttf,CBAGJWPD6YXT0RNZL49E3HSU875KFVMQ2,7,3,1,0.34,10.119289,0.843436,0.953987,EBAGTNPRETSTURN7LGSESHSUBTSKEUMG,0.575758,0.424242,point_previews/task000089_mu000016_rho040_n1.png
0.5,16,8,license_plate_bahnschrift.ttf,CBAGJWPD6YXT0RNZL49E3HSU875KFVMQ2,7,3,0,0.425,11.313708,0.8067,0.853272,CBAGWPDEYXTARNZEGUEDHSUBHKENS,0.454545,0.545455,point_previews/task000089_mu000016_rho050_n0.png
0.5,16,8,license_plate_bahnschrift.ttf,CBAGJWPD6YXT0RNZL49E3HSU875KFVMQ2,7,3,1,0.425,11.313708,0.8067,0.853272,UACAWPQSYXTURNELAVEAHSUBTSHEVMGD,0.545455,0.454545,point_previews/task000089_mu000016_rho050_n1.png
0.6,16,8,license_plate_bahnschrift.ttf,CBAGJWPD6YXT0RNZL49E3HSU875KFVMQ2,7,3,0,0.51,12.393547,0.770893,0.778927,,1.0,0.0,point_previews/task000089_mu000016_rho060_n0.png
0.6,16,8,license_plate_bahnschrift.ttf,CBAGJWPD6YXT0RNZL49E3HSU875KFVMQ2,7,3,1,0.51,12.393547,0.770893,0.778927,CBAGTWPDLYRTARNELSTESHSUBTSKENMAS,0.454545,0.545455,point_previews/task000089_mu000016_rho060_n1.png
0.7,16,8,license_plate_bahnschrift.ttf,CBAGJWPD6YXT0RNZL49E3HSU875KFVMQ2,7,3,0,0.595,13.38656,0.735998,0.721147,CBAGJWPDAYXTRNZEAYLSHSUBTSKEVMGZ,0.393939,0.606061,point_previews/task000089_mu000016_rho070_n0.png
0.7,16,8,license_plate_bahnschrift.ttf,CBAGJWPD6YXT0RNZL49E3HSU875KFVMQ2,7,3,1,0.595,13.38656,0.735998,0.721147,EBAGSWPDSPCURNZLEGESHSUBTSKEVMQ2,0.424242,0.575758,point_previews/task000089_mu000016_rho070_n1.png
0.8,16,8,license_plate_bahnschrift.ttf,CBAGJWPD6YXT0RNZL49E3HSU875KFVMQ2,7,3,0,0.68,14.310835,0.701998,0.674571,,1.0,0.0,point_previews/task000089_mu000016_rho080_n0.png
0.8,16,8,license_plate_bahnschrift.ttf,CBAGJWPD6YXT0RNZL49E3HSU875KFVMQ2,7,3,1,0.68,14.310835,0.701998,0.674571,EBRGANPUGYCTDRNZLAESHSUBTSKEVMQ2,0.454545,0.545455,point_previews/task000089_mu000016_rho080_n1.png
0.9,16,8,license_plate_bahnschrift.ttf,CBAGJWPD6YXT0RNZL49E3HSU875KFVMQ2,7,3,0,0.765,15.178933,0.668877,0.635992,,1.0,0.0,point_previews/task000089_mu000016_rho090_n0.png
0.9,16,8,license_plate_bahnschrift.ttf,CBAGJWPD6YXT0RNZL49E3HSU875KFVMQ2,7,3,1,0.765,15.178933,0.668877,0.635992,EBAGWPDSYRTCRNZLGFESHSUBTSKEVMG2,0.393939,0.606061,point_previews/task000089_mu000016_rho090_n1.png
1.0,16,8,license_plate_bahnschrift.ttf,CBAGJWPD6YXT0RNZL49E3HSU875KFVMQ2,7,3,0,0.85,16.0,0.63662,0.603355,,1.0,0.0,point_previews/task000089_mu000016_rho100_n0.png
1.0,16,8,license_plate_bahnschrift.ttf,CBAGJWPD6YXT0RNZL49E3HSU875KFVMQ2,7,3,1,0.85,16.0,0.63662,0.603355,,1.0,0.0,point_previews/task000089_mu000016_rho100_n1.png
0.1,64,8,license_plate_bahnschrift.ttf,CBAGJWPD6YXT0RNZL49E3HSU875KFVMQ2,7,3,0,0.085,5.059644,0.959381,1.907975,CRKGAYPDSCCRURNZLSSEGHSDBTSKEYMGD,0.606061,0.393939,point_previews/task000090_mu000064_rho010_n0.png
0.1,64,8,license_plate_bahnschrift.ttf,CBAGJWPD6YXT0RNZL49E3HSU875KFVMQ2,7,3,1,0.085,5.059644,0.959381,1.907975,EBAGTWPUETURLEGHSHBFSKPUMGD,0.606061,0.393939,point_previews/task000090_mu000064_rho010_n1.png
0.2,64,8,license_plate_bahnschrift.ttf,CBAGJWPD6YXT0RNZL49E3HSU875KFVMQ2,7,3,0,0.17,7.155418,0.919759,1.349142,CBAGJWPDSYXTCRNZLA9E3HSUBTSKEYMZ,0.30303,0.69697,point_previews/task000090_mu000064_rho020_n0.png
0.2,64,8,license_plate_bahnschrift.ttf,CBAGJWPD6YXT0RNZL49E3HSU875KFVMQ2,7,3,1,0.17,7.155418,0.919759,1.349142,CBAGWPRSPTRNZLATESHSUBTSKEVMG2,0.424242,0.575758,point_previews/task000090_mu000064_rho020_n1.png
0.3,64,8,license_plate_bahnschrift.ttf,CBAGJWPD6YXT0RNZL49E3HSU875KFVMQ2,7,3,0,0.255,8.763561,0.881116,1.10157,CBAGJWPDSYXTRNZLAVESHSUBTSKEVMQ2,0.272727,0.727273,point_previews/task000090_mu000064_rho030_n0.png
0.3,64,8,license_plate_bahnschrift.ttf,CBAGJWPD6YXT0RNZL49E3HSU875KFVMQ2,7,3,1,0.255,8.763561,0.881116,1.10157,CBAGAWPDAYXTRNZLGSE3HSUS7SKEYMG2,0.30303,0.69697,point_previews/task000090_mu000064_rho030_n1.png
0.4,64,8,license_plate_bahnschrift.ttf,CBAGJWPD6YXT0RNZL49E3HSU875KFVMQ2,7,3,0,0.34,10.119289,0.843436,0.953987,CBAGJWPDSYXTQRNZL49ESHSUB7SKEYMQ2,0.212121,0.787879,point_previews/task000090_mu000064_rho040_n0.png
0.4,64,8,license_plate_bahnschrift.ttf,CBAGJWPD6YXT0RNZL49E3HSU875KFVMQ2,7,3,1,0.34,10.119289,0.843436,0.953987,CBAGJWPDSYXTRNZLASESHSUBTSKEVMGZ,0.333333,0.666667,point_previews/task000090_mu000064_rho040_n1.png
0.5,64,8,license_plate_bahnschrift.ttf,CBAGJWPD6YXT0RNZL49E3HSU875KFVMQ2,7,3,0,0.425,11.313708,0.8067,0.853272,CBAGJWPDEYXTURNZLAYESHSUBTSKFEVMG2,0.30303,0.69697,point_previews/task000090_mu000064_rho050_n0.png
0.5,64,8,license_plate_bahnschrift.ttf,CBAGJWPD6YXT0RNZL49E3HSU875KFVMQ2,7,3,1,0.425,11.313708,0.8067,0.853272,,1.0,0.0,point_previews/task000090_mu000064_rho050_n1.png
0.6,64,8,license_plate_bahnschrift.ttf,CBAGJWPD6YXT0RNZL49E3HSU875KFVMQ2,7,3,0,0.51,12.393547,0.770893,0.778927,CBAGJWPDS6YXTRNZLA9ESHSUBTSKEVMQ2,0.242424,0.757576,point_previews/task000090_mu000064_rho060_n0.png
0.6,64,8,license_plate_bahnschrift.ttf,CBAGJWPD6YXT0RNZL49E3HSU875KFVMQ2,7,3,1,0.51,12.393547,0.770893,0.778927,CBAGJWPDAYXTARNZL49E3HSUSTSKEVMQ2,0.181818,0.818182,point_previews/task000090_mu000064_rho060_n1.png
0.7,64,8,license_plate_bahnschrift.ttf,CBAGJWPD6YXT0RNZL49E3HSU875KFVMQ2,7,3,0,0.595,13.38656,0.735998,0.721147,CBAGJWPDSYXTRNZLASESHSUBTSKEVMG2,0.30303,0.69697,point_previews/task000090_mu000064_rho070_n0.png
0.7,64,8,license_plate_bahnschrift.ttf,CBAGJWPD6YXT0RNZL49E3HSU875KFVMQ2,7,3,1,0.595,13.38656,0.735998,0.721147,CBAGJWPD4YXTGRNZL49E3HSUBTSKFYMG2,0.212121,0.787879,point_previews/task000090_mu000064_rho070_n1.png
0.8,64,8,license_plate_bahnschrift.ttf,CBAGJWPD6YXT0RNZL49E3HSU875KFVMQ2,7,3,0,0.68,14.310835,0.701998,0.674571,CBAGJWPDEYXTRNZL4JESHSUBSTSKEVMG2,0.30303,0.69697,point_previews/task000090_mu000064_rho080_n0.png
0.8,64,8,license_plate_bahnschrift.ttf,CBAGJWPD6YXT0RNZL49E3HSU875KFVMQ2,7,3,1,0.68,14.310835,0.701998,0.674571,CBAGJWPD6YXTRNZL49ESHSUBTSKEVMQ2,0.181818,0.818182,point_previews/task000090_mu000064_rho080_n1.png
0.9,64,8,license_plate_bahnschrift.ttf,CBAGJWPD6YXT0RNZL49E3HSU875KFVMQ2,7,3,0,0.765,15.178933,0.668877,0.635992,CBAGJWPD6YXTRNZL49ESHSUBTSKFYMQ2,0.181818,0.818182,point_previews/task000090_mu000064_rho090_n0.png
0.9,64,8,license_plate_bahnschrift.ttf,CBAGJWPD6YXT0RNZL49E3HSU875KFVMQ2,7,3,1,0.765,15.178933,0.668877,0.635992,CBAGJWPD4YXTURNZL49E3HSUB7TSKFYMQ2,0.181818,0.818182,point_previews/task000090_mu000064_rho090_n1.png
1.0,64,8,license_plate_bahnschrift.ttf,CBAGJWPD6YXT0RNZL49E3HSU875KFVMQ2,7,3,0,0.85,16.0,0.63662,0.603355,CBAGJWPD6YXTURNZL49E3HSUBTSKEYMG2,0.212121,0.787879,point_previews/task000090_mu000064_rho100_n0.png
1.0,64,8,license_plate_bahnschrift.ttf,CBAGJWPD6YXT0RNZL49E3HSU875KFVMQ2,7,3,1,0.85,16.0,0.63662,0.603355,CBAGJWPDASYXTURNZL49ESHSUBTSKEVMG2,0.272727,0.727273,point_previews/task000090_mu000064_rho100_n1.png
0.1,256,8,license_plate_bahnschrift.ttf,CBAGJWPD6YXT0RNZL49E3HSU875KFVMQ2,7,3,0,0.085,5.059644,0.959381,1.907975,CBAGJWPD4YXTQRNZLA9ESHSUBTSKFVMQ2,0.212121,0.787879,point_previews/task000091_mu000256_rho010_n0.png
0.1,256,8,license_plate_bahnschrift.ttf,CBAGJWPD6YXT0RNZL49E3HSU875KFVMQ2,7,3,1,0.085,5.059644,0.959381,1.907975,CBAGJWPDSYXTRNZLAESHSUBTSKEVMG2,0.30303,0.69697,point_previews/task000091_mu000256_rho010_n1.png
0.2,256,8,license_plate_bahnschrift.ttf,CBAGJWPD6YXT0RNZL49E3HSU875KFVMQ2,7,3,0,0.17,7.155418,0.919759,1.349142,CBAGJWPD4YXTRNZL49ESHSUBTSKEYMGQ2,0.272727,0.727273,point_previews/task000091_mu000256_rho020_n0.png
0.2,256,8,license_plate_bahnschrift.ttf,CBAGJWPD6YXT0RNZL49E3HSU875KFVMQ2,7,3,1,0.17,7.155418,0.919759,1.349142,CBAGJWPDSYXTRNZL49E3HSUBTSKFYMQ2,0.181818,0.818182,point_previews/task000091_mu000256_rho020_n1.png
0.3,256,8,license_plate_bahnschrift.ttf,CBAGJWPD6YXT0RNZL49E3HSU875KFVMQ2,7,3,0,0.255,8.763561,0.881116,1.10157,CBAGJWPD4YXTRNZL49ESHSUBTSKFYMGQ2,0.242424,0.757576,point_previews/task000091_mu000256_rho030_n0.png
0.3,256,8,license_plate_bahnschrift.ttf,CBAGJWPD6YXT0RNZL49E3HSU875KFVMQ2,7,3,1,0.255,8.763561,0.881116,1.10157,CBAGJWPDSYXTRNZL49E3HSUBTSKFEYMQ2,0.212121,0.787879,point_previews/task000091_mu000256_rho030_n1.png
0.4,256,8,license_plate_bahnschrift.ttf,CBAGJWPD6YXT0RNZL49E3HSU875KFVMQ2,7,3,0,0.34,10.119289,0.843436,0.953987,CBAGJWPDSYXTRNZL49E3HSUBTSKFYMG2,0.212121,0.787879,point_previews/task000091_mu000256_rho040_n0.png
0.4,256,8,license_plate_bahnschrift.ttf,CBAGJWPD6YXT0RNZL49E3HSU875KFVMQ2,7,3,1,0.34,10.119289,0.843436,0.953987,CBAGJWPD4YXTGRNZLA9ESHSUBTSKEYMQ2,0.272727,0.727273,point_previews/task000091_mu000256_rho040_n1.png
0.5,256,8,license_plate_bahnschrift.ttf,CBAGJWPD6YXT0RNZL49E3HSU875KFVMQ2,7,3,0,0.425,11.313708,0.8067,0.853272,CBAGJWPD46YXTQRNZL49ES3HSUBTSKFEVMG2,0.242424,0.757576,point_previews/task000091_mu000256_rho050_n0.png
0.5,256,8,license_plate_bahnschrift.ttf,CBAGJWPD6YXT0RNZL49E3HSU875KFVMQ2,7,3,1,0.425,11.313708,0.8067,0.853272,CBAGJWPD6YXTRNZL49ESHSUBTSKFYMQG2,0.212121,0.787879,point_previews/task000091_mu000256_rho050_n1.png
0.6,256,8,license_plate_bahnschrift.ttf,CBAGJWPD6YXT0RNZL49E3HSU875KFVMQ2,7,3,0,0.51,12.393547,0.770893,0.778927,CBAGJWPDSYXTRNZL49E3HSUBTSKEYMG2,0.242424,0.757576,point_previews/task000091_mu000256_rho060_n0.png
0.6,256,8,license_plate_bahnschrift.ttf,CBAGJWPD6YXT0RNZL49E3HSU875KFVMQ2,7,3,1,0.51,12.393547,0.770893,0.778927,CBAGJWPD4SYXTGRNZL49E3HSUBTSKEYMG2,0.272727,0.727273,point_previews/task000091_mu000256_rho060_n1.png
0.7,256,8,license_plate_bahnschrift.ttf,CBAGJWPD6YXT0RNZL49E3HSU875KFVMQ2,7,3,0,0.595,13.38656,0.735998,0.721147,CBAGJWPD46YXTCRNZL49ESHSUBTSKEVMQG2,0.242424,0.757576,point_previews/task000091_mu000256_rho070_n0.png
0.7,256,8,license_plate_bahnschrift.ttf,CBAGJWPD6YXT0RNZL49E3HSU875KFVMQ2,7,3,1,0.595,13.38656,0.735998,0.721147,CBAGJWPD4SYXTGRNZL49E3HSUBTSKFYMQ2,0.212121,0.787879,point_previews/task000091_mu000256_rho070_n1.png
0.8,256,8,license_plate_bahnschrift.ttf,CBAGJWPD6YXT0RNZL49E3HSU875KFVMQ2,7,3,0,0.68,14.310835,0.701998,0.674571,CBAGJWPD46YXTGRNZL49E3HSUBT5SKFVMQG2,0.181818,0.818182,point_previews/task000091_mu000256_rho080_n0.png
0.8,256,8,license_plate_bahnschrift.ttf,CBAGJWPD6YXT0RNZL49E3HSU875KFVMQ2,7,3,1,0.68,14.310835,0.701998,0.674571,CBAGJWPD6YXTRNZL49E3HSUBTSKFYMQ2,0.151515,0.848485,point_previews/task000091_mu000256_rho080_n1.png
0.9,256,8,license_plate_bahnschrift.ttf,CBAGJWPD6YXT0RNZL49E3HSU875KFVMQ2,7,3,0,0.765,15.178933,0.668877,0.635992,CBAGJWPD46YXTGRNZL49E3HSUBTSKFVMQ2,0.151515,0.848485,point_previews/task000091_mu000256_rho090_n0.png
0.9,256,8,license_plate_bahnschrift.ttf,CBAGJWPD6YXT0RNZL49E3HSU875KFVMQ2,7,3,1,0.765,15.178933,0.668877,0.635992,CBAGJWPD6YXTCRNZL49E3HSUB7TSKFVYMQ2,0.151515,0.848485,point_previews/task000091_mu000256_rho090_n1.png
1.0,256,8,license_plate_bahnschrift.ttf,CBAGJWPD6YXT0RNZL49E3HSU875KFVMQ2,7,3,0,0.85,16.0,0.63662,0.603355,CBAGJWPD6YXTGRNZL49E3HSUBTSKFYMG2,0.181818,0.818182,point_previews/task000091_mu000256_rho100_n0.png
1.0,256,8,license_plate_bahnschrift.ttf,CBAGJWPD6YXT0RNZL49E3HSU875KFVMQ2,7,3,1,0.85,16.0,0.63662,0.603355,CBAGJWPD6YXTCRNZL49E3HSUB7TSKEYMQG2,0.212121,0.787879,point_previews/task000091_mu000256_rho100_n1.png
0.1,1024,8,license_plate_bahnschrift.ttf,CBAGJWPD6YXT0RNZL49E3HSU875KFVMQ2,7,3,0,0.085,5.059644,0.959381,1.907975,CBAGJWPD4YXTRNZL49ES3HSUBTSKFYMQ2,0.212121,0.787879,point_previews/task000092_mu001024_rho010_n0.png
0.1,1024,8,license_plate_bahnschrift.ttf,CBAGJWPD6YXT0RNZL49E3HSU875KFVMQ2,7,3,1,0.085,5.059644,0.959381,1.907975,CBAGJWPD4YXTRNZL49ESHSUBTSKFYMQ2,0.212121,0.787879,point_previews/task000092_mu001024_rho010_n1.png
0.2,1024,8,license_plate_bahnschrift.ttf,CBAGJWPD6YXT0RNZL49E3HSU875KFVMQ2,7,3,0,0.17,7.155418,0.919759,1.349142,CBAGJWPD4YXTRNZL49ESHSUBTSKFYMQ2,0.212121,0.787879,point_previews/task000092_mu001024_rho020_n0.png
0.2,1024,8,license_plate_bahnschrift.ttf,CBAGJWPD6YXT0RNZL49E3HSU875KFVMQ2,7,3,1,0.17,7.155418,0.919759,1.349142,CBAGJWPD4YXTRNZL49E3HSUBTSKFYMQ2,0.181818,0.818182,point_previews/task000092_mu001024_rho020_n1.png
0.3,1024,8,license_plate_bahnschrift.ttf,CBAGJWPD6YXT0RNZL49E3HSU875KFVMQ2,7,3,0,0.255,8.763561,0.881116,1.10157,CBAGJWPD4SYXTRNZL49E3HSUBTSKFYMQ2,0.212121,0.787879,point_previews/task000092_mu001024_rho030_n0.png
0.3,1024,8,license_plate_bahnschrift.ttf,CBAGJWPD6YXT0RNZL49E3HSU875KFVMQ2,7,3,1,0.255,8.763561,0.881116,1.10157,CBAGJWPD4YXTRNZL49E3HSUBTSKFYMG2,0.212121,0.787879,point_previews/task000092_mu001024_rho030_n1.png
0.4,1024,8,license_plate_bahnschrift.ttf,CBAGJWPD6YXT0RNZL49E3HSU875KFVMQ2,7,3,0,0.34,10.119289,0.843436,0.953987,CBAGJWPD6YXTRNZL49E3HSUBTSKFYMG2,0.181818,0.818182,point_previews/task000092_mu001024_rho040_n0.png
0.4,1024,8,license_plate_bahnschrift.ttf,CBAGJWPD6YXT0RNZL49E3HSU875KFVMQ2,7,3,1,0.34,10.119289,0.843436,0.953987,CBAGJWPD6YXTRNZL49ESHSUBTSKFYMG2,0.212121,0.787879,point_previews/task000092_mu001024_rho040_n1.png
0.5,1024,8,license_plate_bahnschrift.ttf,CBAGJWPD6YXT0RNZL49E3HSU875KFVMQ2,7,3,0,0.425,11.313708,0.8067,0.853272,CBAGJWPD46YXTGRNZL49E3HSUBTSKFYMG2,0.212121,0.787879,point_previews/task000092_mu001024_rho050_n0.png
0.5,1024,8,license_plate_bahnschrift.ttf,CBAGJWPD6YXT0RNZL49E3HSU875KFVMQ2,7,3,1,0.425,11.313708,0.8067,0.853272,CBAGJWPD4YXTCRNZL49ES3HSUBTSKFYMQ2,0.212121,0.787879,point_previews/task000092_mu001024_rho050_n1.png
0.6,1024,8,license_plate_bahnschrift.ttf,CBAGJWPD6YXT0RNZL49E3HSU875KFVMQ2,7,3,0,0.51,12.393547,0.770893,0.778927,CBAGJWPD6YXTGRNZL49E3HSUBTSKFYMG2,0.181818,0.818182,point_previews/task000092_mu001024_rho060_n0.png
0.6,1024,8,license_plate_bahnschrift.ttf,CBAGJWPD6YXT0RNZL49E3HSU875KFVMQ2,7,3,1,0.51,12.393547,0.770893,0.778927,CBAGJWPD6YXTRNZL49ES3HSUBTSKFYMG2,0.212121,0.787879,point_previews/task000092_mu001024_rho060_n1.png
0.7,1024,8,license_plate_bahnschrift.ttf,CBAGJWPD6YXT0RNZL49E3HSU875KFVMQ2,7,3,0,0.595,13.38656,0.735998,0.721147,CBAGJWPD46YXTRNZL49ESHSUBTSKFVMQ2,0.181818,0.818182,point_previews/task000092_mu001024_rho070_n0.png
0.7,1024,8,license_plate_bahnschrift.ttf,CBAGJWPD6YXT0RNZL49E3HSU875KFVMQ2,7,3,1,0.595,13.38656,0.735998,0.721147,CBAGJWPD6YXTCRNZL49ES3HSUBTSKFYMQ2,0.181818,0.818182,point_previews/task000092_mu001024_rho070_n1.png
0.8,1024,8,license_plate_bahnschrift.ttf,CBAGJWPD6YXT0RNZL49E3HSU875KFVMQ2,7,3,0,0.68,14.310835,0.701998,0.674571,CBAGJWPD6YXTRNZL49ESHSUBTSKFEYMQ2,0.212121,0.787879,point_previews/task000092_mu001024_rho080_n0.png
0.8,1024,8,license_plate_bahnschrift.ttf,CBAGJWPD6YXT0RNZL49E3HSU875KFVMQ2,7,3,1,0.68,14.310835,0.701998,0.674571,CBAGJWPD6YXTRNZL49E3HSUBTSKFYMG2,0.181818,0.818182,point_previews/task000092_mu001024_rho080_n1.png
0.9,1024,8,license_plate_bahnschrift.ttf,CBAGJWPD6YXT0RNZL49E3HSU875KFVMQ2,7,3,0,0.765,15.178933,0.668877,0.635992,CBAGJWPD6YXTCRNZL49E3HSUB7T5SKFYMQ2,0.151515,0.848485,point_previews/task000092_mu001024_rho090_n0.png
0.9,1024,8,license_plate_bahnschrift.ttf,CBAGJWPD6YXT0RNZL49E3HSU875KFVMQ2,7,3,1,0.765,15.178933,0.668877,0.635992,CBAGJWPD6YXTCRNZL49E3HSUB7TSKFYVMQ2,0.151515,0.848485,point_previews/task000092_mu001024_rho090_n1.png
1.0,1024,8,license_plate_bahnschrift.ttf,CBAGJWPD6YXT0RNZL49E3HSU875KFVMQ2,7,3,0,0.85,16.0,0.63662,0.603355,CBAGJWPD6YXTCRNZL49E3HSUB7T5SKFYMG2,0.181818,0.818182,point_previews/task000092_mu001024_rho100_n0.png
1.0,1024,8,license_plate_bahnschrift.ttf,CBAGJWPD6YXT0RNZL49E3HSU875KFVMQ2,7,3,1,0.85,16.0,0.63662,0.603355,CBAGJWPD6YXTCRNZL49E3HSUB7T5SKFYMQG2,0.181818,0.818182,point_previews/task000092_mu001024_rho100_n1.png
0.1,4096,8,license_plate_bahnschrift.ttf,CBAGJWPD6YXT0RNZL49E3HSU875KFVMQ2,7,3,0,0.085,5.059644,0.959381,1.907975,CBAGJWPD4YXTRN2ZL49ESHSUBTSKFYMGQ2,0.272727,0.727273,point_previews/task000093_mu004096_rho010_n0.png
0.1,4096,8,license_plate_bahnschrift.ttf,CBAGJWPD6YXT0RNZL49E3HSU875KFVMQ2,7,3,1,0.085,5.059644,0.959381,1.907975,CBAGJWPD4YXTRN2ZL49ESHSUBTSKFYMGQ2,0.272727,0.727273,point_previews/task000093_mu004096_rho010_n1.png
0.2,4096,8,license_plate_bahnschrift.ttf,CBAGJWPD6YXT0RNZL49E3HSU875KFVMQ2,7,3,0,0.17,7.155418,0.919759,1.349142,CBAGJWPD4YXTRNZL49ESHSUBTSKFYMQ2,0.212121,0.787879,point_previews/task000093_mu004096_rho020_n0.png
0.2,4096,8,license_plate_bahnschrift.ttf,CBAGJWPD6YXT0RNZL49E3HSU875KFVMQ2,7,3,1,0.17,7.155418,0.919759,1.349142,CBAGJWPD4YXTRNZL49ESHSUBTSKFYMG2,0.242424,0.757576,point_previews/task000093_mu004096_rho020_n1.png
0.3,4096,8,license_plate_bahnschrift.ttf,CBAGJWPD6YXT0RNZL49E3HSU875KFVMQ2,7,3,0,0.255,8.763561,0.881116,1.10157,CBAGJWPD4YXTRNZL49ES3HSUBTSKFYMQ2,0.212121,0.787879,point_previews/task000093_mu004096_rho030_n0.png
0.3,4096,8,license_plate_bahnschrift.ttf,CBAGJWPD6YXT0RNZL49E3HSU875KFVMQ2,7,3,1,0.255,8.763561,0.881116,1.10157,CBAGJWPD4YXTGRNZL49E3HSUBTSKFYMQ2,0.181818,0.818182,point_previews/task000093_mu004096_rho030_n1.png
0.4,4096,8,license_plate_bahnschrift.ttf,CBAGJWPD6YXT0RNZL49E3HSU875KFVMQ2,7,3,0,0.34,10.119289,0.843436,0.953987,CBAGJWPD4YXTGRNZL49ES3HSUBTSKFYMGQ2,0.242424,0.757576,point_previews/task000093_mu004096_rho040_n0.png
0.4,4096,8,license_plate_bahnschrift.ttf,CBAGJWPD6YXT0RNZL49E3HSU875KFVMQ2,7,3,1,0.34,10.119289,0.843436,0.953987,CBAGJWPD4YXTGRNZL49ESHSUBTSKFYMGQ2,0.242424,0.757576,point_previews/task000093_mu004096_rho040_n1.png
0.5,4096,8,license_plate_bahnschrift.ttf,CBAGJWPD6YXT0RNZL49E3HSU875KFVMQ2,7,3,0,0.425,11.313708,0.8067,0.853272,CBAGJWPD4YXTGRNZL49ES3HSUBTSKFYMQ2,0.212121,0.787879,point_previews/task000093_mu004096_rho050_n0.png
0.5,4096,8,license_plate_bahnschrift.ttf,CBAGJWPD6YXT0RNZL49E3HSU875KFVMQ2,7,3,1,0.425,11.313708,0.8067,0.853272,CBAGJWPD6YXTGRNZL49E3HSUBTSKFYMQ2,0.151515,0.848485,point_previews/task000093_mu004096_rho050_n1.png
0.6,4096,8,license_plate_bahnschrift.ttf,CBAGJWPD6YXT0RNZL49E3HSU875KFVMQ2,7,3,0,0.51,12.393547,0.770893,0.778927,CBAGJWPDSYXTCRNZL49ESHSUBTSKFYMQ2,0.212121,0.787879,point_previews/task000093_mu004096_rho060_n0.png
0.6,4096,8,license_plate_bahnschrift.ttf,CBAGJWPD6YXT0RNZL49E3HSU875KFVMQ2,7,3,1,0.51,12.393547,0.770893,0.778927,CBAGJWPD6YXTRNZL49ESHSUBTSKFYMQ2,0.181818,0.818182,point_previews/task000093_mu004096_rho060_n1.png
0.7,4096,8,license_plate_bahnschrift.ttf,CBAGJWPD6YXT0RNZL49E3HSU875KFVMQ2,7,3,0,0.595,13.38656,0.735998,0.721147,CBAGJWPD46YXTCRNZL49ESHSUBTSKFVMQ2,0.181818,0.818182,point_previews/task000093_mu004096_rho070_n0.png
0.7,4096,8,license_plate_bahnschrift.ttf,CBAGJWPD6YXT0RNZL49E3HSU875KFVMQ2,7,3,1,0.595,13.38656,0.735998,0.721147,CBAGJWPD46YXTRNZL49ESHSUBTSKFYMQ2,0.212121,0.787879,point_previews/task000093_mu004096_rho070_n1.png
0.8,4096,8,license_plate_bahnschrift.ttf,CBAGJWPD6YXT0RNZL49E3HSU875KFVMQ2,7,3,0,0.68,14.310835,0.701998,0.674571,CBAGJWPD6YXTRNZL49E3HSUB7TSKFYVMQ2,0.151515,0.848485,point_previews/task000093_mu004096_rho080_n0.png
0.8,4096,8,license_plate_bahnschrift.ttf,CBAGJWPD6YXT0RNZL49E3HSU875KFVMQ2,7,3,1,0.68,14.310835,0.701998,0.674571,CBAGJWPD6YXTGRNZL49E3HSUB7T5SKFYMQG2,0.181818,0.818182,point_previews/task000093_mu004096_rho080_n1.png
0.9,4096,8,license_plate_bahnschrift.ttf,CBAGJWPD6YXT0RNZL49E3HSU875KFVMQ2,7,3,0,0.765,15.178933,0.668877,0.635992,CBAGJWPD6YXTRNZL49E3HSUB7T5SKFVMQ2,0.121212,0.878788,point_previews/task000093_mu004096_rho090_n0.png
0.9,4096,8,license_plate_bahnschrift.ttf,CBAGJWPD6YXT0RNZL49E3HSU875KFVMQ2,7,3,1,0.765,15.178933,0.668877,0.635992,CBAGJWPD46YXTRNZL49E3HSUB75KFVMQ2,0.090909,0.909091,point_previews/task000093_mu004096_rho090_n1.png
1.0,4096,8,license_plate_bahnschrift.ttf,CBAGJWPD6YXT0RNZL49E3HSU875KFVMQ2,7,3,0,0.85,16.0,0.63662,0.603355,CBAGJWPD46YXT0RNZL49E3HSUB75KFVMQ2,0.060606,0.939394,point_previews/task000093_mu004096_rho100_n0.png
1.0,4096,8,license_plate_bahnschrift.ttf,CBAGJWPD6YXT0RNZL49E3HSU875KFVMQ2,7,3,1,0.85,16.0,0.63662,0.603355,CBAGJWPD6YXTCRNZL49E3HSUB75KFYMQ2,0.090909,0.909091,point_previews/task000093_mu004096_rho100_n1.png
0.1,16384,8,license_plate_bahnschrift.ttf,CBAGJWPD6YXT0RNZL49E3HSU875KFVMQ2,7,3,0,0.085,5.059644,0.959381,1.907975,CBAGJWPD4YXTRNZL49E3HSUBTSKFYMGQ2,0.212121,0.787879,point_previews/task000094_mu016384_rho010_n0.png
0.1,16384,8,license_plate_bahnschrift.ttf,CBAGJWPD6YXT0RNZL49E3HSU875KFVMQ2,7,3,1,0.085,5.059644,0.959381,1.907975,CBAGJWPD4YXTRNZL49E3HSUBTSKFYMGQ2,0.212121,0.787879,point_previews/task000094_mu016384_rho010_n1.png
0.2,16384,8,license_plate_bahnschrift.ttf,CBAGJWPD6YXT0RNZL49E3HSU875KFVMQ2,7,3,0,0.17,7.155418,0.919759,1.349142,CBAGJWPD4YXTRNZL49ESHSUBTSKFYMGQ2,0.242424,0.757576,point_previews/task000094_mu016384_rho020_n0.png
0.2,16384,8,license_plate_bahnschrift.ttf,CBAGJWPD6YXT0RNZL49E3HSU875KFVMQ2,7,3,1,0.17,7.155418,0.919759,1.349142,CBAGJWPD4SYXTRNZL49ES3HSUBTSKFYMGQ2,0.272727,0.727273,point_previews/task000094_mu016384_rho020_n1.png
0.3,16384,8,license_plate_bahnschrift.ttf,CBAGJWPD6YXT0RNZL49E3HSU875KFVMQ2,7,3,0,0.255,8.763561,0.881116,1.10157,CBAGJWPD4YXTRNZL49E3HSUBTSKFYMQ2,0.181818,0.818182,point_previews/task000094_mu016384_rho030_n0.png
0.3,16384,8,license_plate_bahnschrift.ttf,CBAGJWPD6YXT0RNZL49E3HSU875KFVMQ2,7,3,1,0.255,8.763561,0.881116,1.10157,CBAGJWPD4YXTRNZL49E3HSUBTSKFYMQ2,0.181818,0.818182,point_previews/task000094_mu016384_rho030_n1.png
0.4,16384,8,license_plate_bahnschrift.ttf,CBAGJWPD6YXT0RNZL49E3HSU875KFVMQ2,7,3,0,0.34,10.119289,0.843436,0.953987,CBAGJWPD6YXTRNZL49E3HSUBTSKFYMGQ2,0.181818,0.818182,point_previews/task000094_mu016384_rho040_n0.png
0.4,16384,8,license_plate_bahnschrift.ttf,CBAGJWPD6YXT0RNZL49E3HSU875KFVMQ2,7,3,1,0.34,10.119289,0.843436,0.953987,CBAGJWPD46YXTGRNZL49ES3HSUBTSKFYMGQ2,0.242424,0.757576,point_previews/task000094_mu016384_rho040_n1.png
0.5,16384,8,license_plate_bahnschrift.ttf,CBAGJWPD6YXT0RNZL49E3HSU875KFVMQ2,7,3,0,0.425,11.313708,0.8067,0.853272,CBAGJWPD4YXTCRNZL49ES3HSUBTSKFYMQ2,0.212121,0.787879,point_previews/task000094_mu016384_rho050_n0.png
0.5,16384,8,license_plate_bahnschrift.ttf,CBAGJWPD6YXT0RNZL49E3HSU875KFVMQ2,7,3,1,0.425,11.313708,0.8067,0.853272,CBAGJWPD6YXTGRNZL49ES3HSUBTSKFYMQ2,0.181818,0.818182,point_previews/task000094_mu016384_rho050_n1.png
0.6,16384,8,license_plate_bahnschrift.ttf,CBAGJWPD6YXT0RNZL49E3HSU875KFVMQ2,7,3,0,0.51,12.393547,0.770893,0.778927,CBAGJWPD46YXTRNZL49ESHSUBTSKFYMG2,0.242424,0.757576,point_previews/task000094_mu016384_rho060_n0.png
0.6,16384,8,license_plate_bahnschrift.ttf,CBAGJWPD6YXT0RNZL49E3HSU875KFVMQ2,7,3,1,0.51,12.393547,0.770893,0.778927,CBAGJWPD4YXTRNZL49ESHSUBTSKFYMQ2,0.212121,0.787879,point_previews/task000094_mu016384_rho060_n1.png
0.7,16384,8,license_plate_bahnschrift.ttf,CBAGJWPD6YXT0RNZL49E3HSU875KFVMQ2,7,3,0,0.595,13.38656,0.735998,0.721147,CBAGJWPD46YXTRNZL49E3HSUBTSKFYMQ2,0.181818,0.818182,point_previews/task000094_mu016384_rho070_n0.png
0.7,16384,8,license_plate_bahnschrift.ttf,CBAGJWPD6YXT0RNZL49E3HSU875KFVMQ2,7,3,1,0.595,13.38656,0.735998,0.721147,CBAGJWPD6YXTRNZL49ES3HSUB7TSKFVMQ2,0.151515,0.848485,point_previews/task000094_mu016384_rho070_n1.png
0.8,16384,8,license_plate_bahnschrift.ttf,CBAGJWPD6YXT0RNZL49E3HSU875KFVMQ2,7,3,0,0.68,14.310835,0.701998,0.674571,CBAGJWPD46YXTGRNZL49E3HSUBTSKFYVMQ2,0.181818,0.818182,point_previews/task000094_mu016384_rho080_n0.png
0.8,16384,8,license_plate_bahnschrift.ttf,CBAGJWPD6YXT0RNZL49E3HSU875KFVMQ2,7,3,1,0.68,14.310835,0.701998,0.674571,CBAGJWPD46YXTRNZL49E3HSUB7TSKFYMQ2,0.181818,0.818182,point_previews/task000094_mu016384_rho080_n1.png
0.9,16384,8,license_plate_bahnschrift.ttf,CBAGJWPD6YXT0RNZL49E3HSU875KFVMQ2,7,3,0,0.765,15.178933,0.668877,0.635992,CBAGJWPD46YXT0RNZL49E3HSUB7T5SKFVMQ2,0.121212,0.878788,point_previews/task000094_mu016384_rho090_n0.png
0.9,16384,8,license_plate_bahnschrift.ttf,CBAGJWPD6YXT0RNZL49E3HSU875KFVMQ2,7,3,1,0.765,15.178933,0.668877,0.635992,CBAGJWPD6YXTRNZL49E3HSUB7T5SKFVMQ2,0.121212,0.878788,point_previews/task000094_mu016384_rho090_n1.png
1.0,16384,8,license_plate_bahnschrift.ttf,CBAGJWPD6YXT0RNZL49E3HSU875KFVMQ2,7,3,0,0.85,16.0,0.63662,0.603355,CBAGJWPD6YXT0RNZL49E3HSUB75KFVMQ2,0.030303,0.969697,point_previews/task000094_mu016384_rho100_n0.png
1.0,16384,8,license_plate_bahnschrift.ttf,CBAGJWPD6YXT0RNZL49E3HSU875KFVMQ2,7,3,1,0.85,16.0,0.63662,0.603355,CBAGJWPD46YXT0RNZL49E3HSUB75KFVMQ2,0.060606,0.939394,point_previews/task000094_mu016384_rho100_n1.png
0.1,65536,8,license_plate_bahnschrift.ttf,CBAGJWPD6YXT0RNZL49E3HSU875KFVMQ2,7,3,0,0.085,5.059644,0.959381,1.907975,CBAGJWPD4YXTRNZL49E3HSUBTSKFYMGQ2,0.212121,0.787879,point_previews/task000095_mu065536_rho010_n0.png
0.1,65536,8,license_plate_bahnschrift.ttf,CBAGJWPD6YXT0RNZL49E3HSU875KFVMQ2,7,3,1,0.085,5.059644,0.959381,1.907975,CBAGJWPD4YXTRNZL49E3HSUBTSKFYMGQ2,0.212121,0.787879,point_previews/task000095_mu065536_rho010_n1.png
0.2,65536,8,license_plate_bahnschrift.ttf,CBAGJWPD6YXT0RNZL49E3HSU875KFVMQ2,7,3,0,0.17,7.155418,0.919759,1.349142,CBAGJWPD4YXTRNZL49ESHSUBTSKFYMGQ2,0.242424,0.757576,point_previews/task000095_mu065536_rho020_n0.png
0.2,65536,8,license_plate_bahnschrift.ttf,CBAGJWPD6YXT0RNZL49E3HSU875KFVMQ2,7,3,1,0.17,7.155418,0.919759,1.349142,CBAGJWPD4YXTRNZL49ES3HSUBTSKFYMGQ2,0.242424,0.757576,point_previews/task000095_mu065536_rho020_n1.png
0.3,65536,8,license_plate_bahnschrift.ttf,CBAGJWPD6YXT0RNZL49E3HSU875KFVMQ2,7,3,0,0.255,8.763561,0.881116,1.10157,CBAGJWPD46YXTGRNZL49E3HSUBTSKFYMQ2,0.181818,0.818182,point_previews/task000095_mu065536_rho030_n0.png
0.3,65536,8,license_plate_bahnschrift.ttf,CBAGJWPD6YXT0RNZL49E3HSU875KFVMQ2,7,3,1,0.255,8.763561,0.881116,1.10157,CBAGJWPD4YXTRNZL49ES3HSUBTSKFYMQ2,0.212121,0.787879,point_previews/task000095_mu065536_rho030_n1.png
0.4,65536,8,license_plate_bahnschrift.ttf,CBAGJWPD6YXT0RNZL49E3HSU875KFVMQ2,7,3,0,0.34,10.119289,0.843436,0.953987,CBAGJWPD6YXTGRNZL49ES3HSUBTSKFYMG2,0.212121,0.787879,point_previews/task000095_mu065536_rho040_n0.png
0.4,65536,8,license_plate_bahnschrift.ttf,CBAGJWPD6YXT0RNZL49E3HSU875KFVMQ2,7,3,1,0.34,10.119289,0.843436,0.953987,CBAGJWPD46YXTGRNZL49E3HSUBTSKFYMGQ2,0.212121,0.787879,point_previews/task000095_mu065536_rho040_n1.png
0.5,65536,8,license_plate_bahnschrift.ttf,CBAGJWPD6YXT0RNZL49E3HSU875KFVMQ2,7,3,0,0.425,11.313708,0.8067,0.853272,CBAGJWPD6YXTCRNZL49E3HSUBTSKFYMQG2,0.181818,0.818182,point_previews/task000095_mu065536_rho050_n0.png
0.5,65536,8,license_plate_bahnschrift.ttf,CBAGJWPD6YXT0RNZL49E3HSU875KFVMQ2,7,3,1,0.425,11.313708,0.8067,0.853272,CBAGJWPD6YXTGRNZL49E3HSUBTSKFYMQ2,0.151515,0.848485,point_previews/task000095_mu065536_rho050_n1.png
0.6,65536,8,license_plate_bahnschrift.ttf,CBAGJWPD6YXT0RNZL49E3HSU875KFVMQ2,7,3,0,0.51,12.393547,0.770893,0.778927,CBAGJWPD4YXTRNZL49ESHSUBTSKFYMQ2,0.212121,0.787879,point_previews/task000095_mu065536_rho060_n0.png
0.6,65536,8,license_plate_bahnschrift.ttf,CBAGJWPD6YXT0RNZL49E3HSU875KFVMQ2,7,3,1,0.51,12.393547,0.770893,0.778927,CBAGJWPD46YXTCRNZL49ESHSUBTSKFYMQ2,0.212121,0.787879,point_previews/task000095_mu065536_rho060_n1.png
0.7,65536,8,license_plate_bahnschrift.ttf,CBAGJWPD6YXT0RNZL49E3HSU875KFVMQ2,7,3,0,0.595,13.38656,0.735998,0.721147,CBAGJWPD6YXTRNZL49ES3HSUBTSKFYVMQ2,0.181818,0.818182,point_previews/task000095_mu065536_rho070_n0.png
0.7,65536,8,license_plate_bahnschrift.ttf,CBAGJWPD6YXT0RNZL49E3HSU875KFVMQ2,7,3,1,0.595,13.38656,0.735998,0.721147,CBAGJWPD6YXTCRNZL49E3HSUBTSKFYMQ2,0.151515,0.848485,point_previews/task000095_mu065536_rho070_n1.png
0.8,65536,8,license_plate_bahnschrift.ttf,CBAGJWPD6YXT0RNZL49E3HSU875KFVMQ2,7,3,0,0.68,14.310835,0.701998,0.674571,CBAGJWPD6YXTRNZL49E3HSUB7T5SKFYMQ2,0.151515,0.848485,point_previews/task000095_mu065536_rho080_n0.png
0.8,65536,8,license_plate_bahnschrift.ttf,CBAGJWPD6YXT0RNZL49E3HSU875KFVMQ2,7,3,1,0.68,14.310835,0.701998,0.674571,CBAGJWPD46YXTRNZL49E3HSUB7T5SKFYVMQ2,0.181818,0.818182,point_previews/task000095_mu065536_rho080_n1.png
0.9,65536,8,license_plate_bahnschrift.ttf,CBAGJWPD6YXT0RNZL49E3HSU875KFVMQ2,7,3,0,0.765,15.178933,0.668877,0.635992,CBAGJWPD46YXT0RNZL49E3HSUB75SKFVMQ2,0.090909,0.909091,point_previews/task000095_mu065536_rho090_n0.png
0.9,65536,8,license_plate_bahnschrift.ttf,CBAGJWPD6YXT0RNZL49E3HSU875KFVMQ2,7,3,1,0.765,15.178933,0.668877,0.635992,CBAGJWPD6YXTRNZL49E3HSUB7T5SKFVMQ2,0.121212,0.878788,point_previews/task000095_mu065536_rho090_n1.png
1.0,65536,8,license_plate_bahnschrift.ttf,CBAGJWPD6YXT0RNZL49E3HSU875KFVMQ2,7,3,0,0.85,16.0,0.63662,0.603355,CBAGJWPD46YXT0RNZL49E3HSUB75KFVMQ2,0.060606,0.939394,point_previews/task000095_mu065536_rho100_n0.png
1.0,65536,8,license_plate_bahnschrift.ttf,CBAGJWPD6YXT0RNZL49E3HSU875KFVMQ2,7,3,1,0.85,16.0,0.63662,0.603355,CBAGJWPD6YXT0RNZL49E3HSUB75KFVMQ2,0.030303,0.969697,point_previews/task000095_mu065536_rho100_n1.png
0.1,4,8,license_plate_bahnschrift.ttf,CBAGJWPD6YXT0RNZL49E3HSU875KFVMQ2,7,7,0,0.085,5.059644,0.959381,1.907975,,1.0,0.0,point_previews/task000096_mu000004_rho010_n0.png
0.1,4,8,license_plate_bahnschrift.ttf,CBAGJWPD6YXT0RNZL49E3HSU875KFVMQ2,7,7,1,0.085,5.059644,0.959381,1.907975,BRTMERNGER,0.878788,0.121212,point_previews/task000096_mu000004_rho010_n1.png
0.2,4,8,license_plate_bahnschrift.ttf,CBAGJWPD6YXT0RNZL49E3HSU875KFVMQ2,7,7,0,0.17,7.155418,0.919759,1.349142,CRLMSEUARRP,0.848485,0.151515,point_previews/task000096_mu000004_rho020_n0.png
0.2,4,8,license_plate_bahnschrift.ttf,CBAGJWPD6YXT0RNZL49E3HSU875KFVMQ2,7,7,1,0.17,7.155418,0.919759,1.349142,,1.0,0.0,point_previews/task000096_mu000004_rho020_n1.png
0.3,4,8,license_plate_bahnschrift.ttf,CBAGJWPD6YXT0RNZL49E3HSU875KFVMQ2,7,7,0,0.255,8.763561,0.881116,1.10157,BSCAUSSC,0.939394,0.060606,point_previews/task000096_mu000004_rho030_n0.png
0.3,4,8,license_plate_bahnschrift.ttf,CBAGJWPD6YXT0RNZL49E3HSU875KFVMQ2,7,7,1,0.255,8.763561,0.881116,1.10157,SASNNEPGRETSHNS,0.878788,0.121212,point_previews/task000096_mu000004_rho030_n1.png
0.4,4,8,license_plate_bahnschrift.ttf,CBAGJWPD6YXT0RNZL49E3HSU875KFVMQ2,7,7,0,0.34,10.119289,0.843436,0.953987,,1.0,0.0,point_previews/task000096_mu000004_rho040_n0.png
0.4,4,8,license_plate_bahnschrift.ttf,CBAGJWPD6YXT0RNZL49E3HSU875KFVMQ2,7,7,1,0.34,10.119289,0.843436,0.953987,TESWER,0.909091,0.090909,point_previews/task000096_mu000004_rho040_n1.png
0.5,4,8,license_plate_bahnschrift.ttf,CBAGJWPD6YXT0RNZL49E3HSU875KFVMQ2,7,7,0,0.425,11.313708,0.8067,0.853272,RRETSEET,0.909091,0.090909,point_previews/task000096_mu000004_rho050_n0.png
0.5,4,8,license_plate_bahnschrift.ttf,CBAGJWPD6YXT0RNZL49E3HSU875KFVMQ2,7,7,1,0.425,11.313708,0.8067,0.853272,,1.0,0.0,point_previews/task000096_mu000004_rho050_n1.png
0.6,4,8,license_plate_bahnschrift.ttf,CBAGJWPD6YXT0RNZL49E3HSU875KFVMQ2,7,7,0,0.51,12.393547,0.770893,0.778927,PESGATYSRCENDEESSLM,0.818182,0.181818,point_previews/task000096_mu000004_rho060_n0.png
0.6,4,8,license_plate_bahnschrift.ttf,CBAGJWPD6YXT0RNZL49E3HSU875KFVMQ2,7,7,1,0.51,12.393547,0.770893,0.778927,PEEERSSLRRATERSARBC,0.909091,0.090909,point_previews/task000096_mu000004_rho060_n1.png
0.7,4,8,license_plate_bahnschrift.ttf,CBAGJWPD6YXT0RNZL49E3HSU875KFVMQ2,7,7,0,0.595,13.38656,0.735998,0.721147,SAUUSLESPETR,0.878788,0.121212,point_previews/task000096_mu000004_rho070_n0.png
0.7,4,8,license_plate_bahnschrift.ttf,CBAGJWPD6YXT0RNZL49E3HSU875KFVMQ2,7,7,1,0.595,13.38656,0.735998,0.721147,ASSAPRSRLDRERSAEESTE,0.818182,0.181818,point_previews/task000096_mu000004_rho070_n1.png
0.8,4,8,license_plate_bahnschrift.ttf,CBAGJWPD6YXT0RNZL49E3HSU875KFVMQ2,7,7,0,0.68,14.310835,0.701998,0.674571,BSASNEWBUACTASMATNTS,0.909091,0.090909,point_previews/task000096_mu000004_rho080_n0.png
0.8,4,8,license_plate_bahnschrift.ttf,CBAGJWPD6YXT0RNZL49E3HSU875KFVMQ2,7,7,1,0.68,14.310835,0.701998,0.674571,SSEREAATDM4DES5,0.848485,0.151515,point_previews/task000096_mu000004_rho080_n1.png
0.9,4,8,license_plate_bahnschrift.ttf,CBAGJWPD6YXT0RNZL49E3HSU875KFVMQ2,7,7,0,0.765,15.178933,0.668877,0.635992,CERPECRSAUEARSAARS,0.848485,0.151515,point_previews/task000096_mu000004_rho090_n0.png
0.9,4,8,license_plate_bahnschrift.ttf,CBAGJWPD6YXT0RNZL49E3HSU875KFVMQ2,7,7,1,0.765,15.178933,0.668877,0.635992,RUSJGW,0.939394,0.060606,point_previews/task000096_mu000004_rho090_n1.png
1.0,4,8,license_plate_bahnschrift.ttf,CBAGJWPD6YXT0RNZL49E3HSU875KFVMQ2,7,7,0,0.85,16.0,0.63662,0.603355,RRARARCSG2GESRPE,0.878788,0.121212,point_previews/task000096_mu000004_rho100_n0.png
1.0,4,8,license_plate_bahnschrift.ttf,CBAGJWPD6YXT0RNZL49E3HSU875KFVMQ2,7,7,1,0.85,16.0,0.63662,0.603355,SEABSSPURANGATESVRPETPTR,0.848485,0.151515,point_previews/task000096_mu000004_rho100_n1.png
0.1,16,8,license_plate_bahnschrift.ttf,CBAGJWPD6YXT0RNZL49E3HSU875KFVMQ2,7,7,0,0.085,5.059644,0.959381,1.907975,,1.0,0.0,point_previews/task000097_mu000016_rho010_n0.png
0.1,16,8,license_plate_bahnschrift.ttf,CBAGJWPD6YXT0RNZL49E3HSU875KFVMQ2,7,7,1,0.085,5.059644,0.959381,1.907975,70RAPERRTSCCAERGTTSM3,0.878788,0.121212,point_previews/task000097_mu000016_rho010_n1.png
0.2,16,8,license_plate_bahnschrift.ttf,CBAGJWPD6YXT0RNZL49E3HSU875KFVMQ2,7,7,0,0.17,7.155418,0.919759,1.349142,SSBYSLSN,0.909091,0.090909,point_previews/task000097_mu000016_rho020_n0.png
0.2,16,8,license_plate_bahnschrift.ttf,CBAGJWPD6YXT0RNZL49E3HSU875KFVMQ2,7,7,1,0.17,7.155418,0.919759,1.349142,AEHAREARUAGSWSEPZGGERSRTEU,0.909091,0.090909,point_previews/task000097_mu000016_rho020_n1.png
0.3,16,8,license_plate_bahnschrift.ttf,CBAGJWPD6YXT0RNZL49E3HSU875KFVMQ2,7,7,0,0.255,8.763561,0.881116,1.10157,UEWREGRRSTASCEMY,0.878788,0.121212,point_previews/task000097_mu000016_rho030_n0.png
0.3,16,8,license_plate_bahnschrift.ttf,CBAGJWPD6YXT0RNZL49E3HSU875KFVMQ2,7,7,1,0.255,8.763561,0.881116,1.10157,GEAEGPSSERNTCESESBSESV,0.787879,0.212121,point_previews/task000097_mu000016_rho030_n1.png
0.4,16,8,license_plate_bahnschrift.ttf,CBAGJWPD6YXT0RNZL49E3HSU875KFVMQ2,7,7,0,0.34,10.119289,0.843436,0.953987,CWGWRUGUNTHANDEGRESHSBR,0.757576,0.242424,point_previews/task000097_mu000016_rho040_n0.png
0.4,16,8,license_plate_bahnschrift.ttf,CBAGJWPD6YXT0RNZL49E3HSU875KFVMQ2,7,7,1,0.34,10.119289,0.843436,0.953987,SRSWPETARAZEAUESHSDETRNRD,0.757576,0.242424,point_previews/task000097_mu000016_rho040_n1.png
0.5,16,8,license_plate_bahnschrift.ttf,CBAGJWPD6YXT0RNZL49E3HSU875KFVMQ2,7,7,0,0.425,11.313708,0.8067,0.853272,CBAGTWPDSYPTARNEELSEJHSUBTEREDD,0.545455,0.454545,point_previews/task000097_mu000016_rho050_n0.png
0.5,16,8,license_plate_bahnschrift.ttf,CBAGJWPD6YXT0RNZL49E3HSU875KFVMQ2,7,7,1,0.425,11.313708,0.8067,0.853272,,1.0,0.0,point_previews/task000097_mu000016_rho050_n1.png
0.6,16,8,license_plate_bahnschrift.ttf,CBAGJWPD6YXT0RNZL49E3HSU875KFVMQ2,7,7,0,0.51,12.393547,0.770893,0.778927,,1.0,0.0,point_previews/task000097_mu000016_rho060_n0.png
0.6,16,8,license_plate_bahnschrift.ttf,CBAGJWPD6YXT0RNZL49E3HSU875KFVMQ2,7,7,1,0.51,12.393547,0.770893,0.778927,CBAGWPRURTAANZLSTESHSUBTEKEVMG2,0.454545,0.545455,point_previews/task000097_mu000016_rho060_n1.png
0.7,16,8,license_plate_bahnschrift.ttf,CBAGJWPD6YXT0RNZL49E3HSU875KFVMQ2,7,7,0,0.595,13.38656,0.735998,0.721147,CBAGWPRETXTERNZEAESHSUBAREURGD,0.545455,0.454545,point_previews/task000097_mu000016_rho070_n0.png
0.7,16,8,license_plate_bahnschrift.ttf,CBAGJWPD6YXT0RNZL49E3HSU875KFVMQ2,7,7,1,0.595,13.38656,0.735998,0.721147,,1.0,0.0,point_previews/task000097_mu000016_rho070_n1.png
0.8,16,8,license_plate_bahnschrift.ttf,CBAGJWPD6YXT0RNZL49E3HSU875KFVMQ2,7,7,0,0.68,14.310835,0.701998,0.674571,,1.0,0.0,point_previews/task000097_mu000016_rho080_n0.png
0.8,16,8,license_plate_bahnschrift.ttf,CBAGJWPD6YXT0RNZL49E3HSU875KFVMQ2,7,7,1,0.68,14.310835,0.701998,0.674571,,1.0,0.0,point_previews/task000097_mu000016_rho080_n1.png
0.9,16,8,license_plate_bahnschrift.ttf,CBAGJWPD6YXT0RNZL49E3HSU875KFVMQ2,7,7,0,0.765,15.178933,0.668877,0.635992,CBAGJWPDAYXTDRN2LA9EZHSUBTSKEVNG2,0.333333,0.666667,point_previews/task000097_mu000016_rho090_n0.png
0.9,16,8,license_plate_bahnschrift.ttf,CBAGJWPD6YXT0RNZL49E3HSU875KFVMQ2,7,7,1,0.765,15.178933,0.668877,0.635992,CBAGWPDEYXTRRN2LGESHSUSPSKEVMG2,0.363636,0.636364,point_previews/task000097_mu000016_rho090_n1.png
1.0,16,8,license_plate_bahnschrift.ttf,CBAGJWPD6YXT0RNZL49E3HSU875KFVMQ2,7,7,0,0.85,16.0,0.63662,0.603355,CBAGYWPUSUGRNZLATETHSUBTSKEYMG2,0.484848,0.515152,point_previews/task000097_mu000016_rho100_n0.png
1.0,16,8,license_plate_bahnschrift.ttf,CBAGJWPD6YXT0RNZL49E3HSU875KFVMQ2,7,7,1,0.85,16.0,0.63662,0.603355,,1.0,0.0,point_previews/task000097_mu000016_rho100_n1.png
0.1,64,8,license_plate_bahnschrift.ttf,CBAGJWPD6YXT0RNZL49E3HSU875KFVMQ2,7,7,0,0.085,5.059644,0.959381,1.907975,CBAGSWEDSSCRNEE4SESHSUBRREMRASD,0.606061,0.393939,point_previews/task000098_mu000064_rho010_n0.png
0.1,64,8,license_plate_bahnschrift.ttf,CBAGJWPD6YXT0RNZL49E3HSU875KFVMQ2,7,7,1,0.085,5.059644,0.959381,1.907975,SCHAGHWPBSTTURM2L49ESHSUBTSKEYMZ,0.545455,0.454545,point_previews/task000098_mu000064_rho010_n1.png
0.2,64,8,license_plate_bahnschrift.ttf,CBAGJWPD6YXT0RNZL49E3HSU875KFVMQ2,7,7,0,0.17,7.155418,0.919759,1.349142,CBAGJNPDYXPRNZLASESHSUBTSKFVMZ,0.363636,0.636364,point_previews/task000098_mu000064_rho020_n0.png
0.2,64,8,license_plate_bahnschrift.ttf,CBAGJWPD6YXT0RNZL49E3HSU875KFVMQ2,7,7,1,0.17,7.155418,0.919759,1.349142,CBAGJWPDGYXTRRZLASEAASUBTEKEVMG2,0.363636,0.636364,point_previews/task000098_mu000064_rho020_n1.png
0.3,64,8,license_plate_bahnschrift.ttf,CBAGJWPD6YXT0RNZL49E3HSU875KFVMQ2,7,7,0,0.255,8.763561,0.881116,1.10157,,1.0,0.0,point_previews/task000098_mu000064_rho030_n0.png
0.3,64,8,license_plate_bahnschrift.ttf,CBAGJWPD6YXT0RNZL49E3HSU875KFVMQ2,7,7,1,0.255,8.763561,0.881116,1.10157,,1.0,0.0,point_previews/task000098_mu000064_rho030_n1.png
0.4,64,8,license_plate_bahnschrift.ttf,CBAGJWPD6YXT0RNZL49E3HSU875KFVMQ2,7,7,0,0.34,10.119289,0.843436,0.953987,CBAGJWPD6YXTURNZLA9ESHSUSTSKEYMQ2,0.242424,0.757576,point_previews/task000098_mu000064_rho040_n0.png
0.4,64,8,license_plate_bahnschrift.ttf,CBAGJWPD6YXT0RNZL49E3HSU875KFVMQ2,7,7,1,0.34,10.119289,0.843436,0.953987,CBAGJWPDSYXTQRNZLASESHSUBTSKEVMG2,0.30303,0.69697,point_previews/task000098_mu000064_rho040_n1.png
0.5,64,8,license_plate_bahnschrift.ttf,CBAGJWPD6YXT0RNZL49E3HSU875KFVMQ2,7,7,0,0.425,11.313708,0.8067,0.853272,CBAGJWPDSYXTRNZLAESHSUB7SKEVMGZ,0.30303,0.69697,point_previews/task000098_mu000064_rho050_n0.png
0.5,64,8,license_plate_bahnschrift.ttf,CBAGJWPD6YXT0RNZL49E3HSU875KFVMQ2,7,7,1,0.425,11.313708,0.8067,0.853272,CBAGJWPDSYXTRNZL49ESHSUBTSKFYMQ2,0.212121,0.787879,point_previews/task000098_mu000064_rho050_n1.png
0.6,64,8,license_plate_bahnschrift.ttf,CBAGJWPD6YXT0RNZL49E3HSU875KFVMQ2,7,7,0,0.51,12.393547,0.770893,0.778927,CBAGJWPDSYXTRNZL49ESHSUB75KEVMQ2,0.151515,0.848485,point_previews/task000098_mu000064_rho060_n0.png
0.6,64,8,license_plate_bahnschrift.ttf,CBAGJWPD6YXT0RNZL49E3HSU875KFVMQ2,7,7,1,0.51,12.393547,0.770893,0.778927,CBAGJWPDSYXTURNZL49ESHSUS7TSKEYMG2,0.272727,0.727273,point_previews/task000098_mu000064_rho060_n1.png
0.7,64,8,license_plate_bahnschrift.ttf,CBAGJWPD6YXT0RNZL49E3HSU875KFVMQ2,7,7,0,0.595,13.38656,0.735998,0.721147,CBAGJWPDSYXTRNZLA49ESHSUSTSKEVMG2,0.272727,0.727273,point_previews/task000098_mu000064_rho070_n0.png
0.7,64,8,license_plate_bahnschrift.ttf,CBAGJWPD6YXT0RNZL49E3HSU875KFVMQ2,7,7,1,0.595,13.38656,0.735998,0.721147,CBAGJWPDSYXTGRNZLA49ESHSUSTSKEYMQ2,0.272727,0.727273,point_previews/task000098_mu000064_rho070_n1.png
0.8,64,8,license_plate_bahnschrift.ttf,CBAGJWPD6YXT0RNZL49E3HSU875KFVMQ2,7,7,0,0.68,14.310835,0.701998,0.674571,CBAGJWPDSYXTRNZLASESHSUBTSKEVMQ2,0.272727,0.727273,point_previews/task000098_mu000064_rho080_n0.png
0.8,64,8,license_plate_bahnschrift.ttf,CBAGJWPD6YXT0RNZL49E3HSU875KFVMQ2,7,7,1,0.68,14.310835,0.701998,0.674571,CBAGJWPDSYXTRNZL49E3HSUBTSKEYMQ2,0.212121,0.787879,point_previews/task000098_mu000064_rho080_n1.png
0.9,64,8,license_plate_bahnschrift.ttf,CBAGJWPD6YXT0RNZL49E3HSU875KFVMQ2,7,7,0,0.765,15.178933,0.668877,0.635992,CBAGJWPD4YXTCRNZL49E3HSUS75KFEVMQ2,0.121212,0.878788,point_previews/task000098_mu000064_rho090_n0.png
0.9,64,8,license_plate_bahnschrift.ttf,CBAGJWPD6YXT0RNZL49E3HSU875KFVMQ2,7,7,1,0.765,15.178933,0.668877,0.635992,CBAGJWPBAYXTRNZL49ESHSUBTSKEVMQ2,0.242424,0.757576,point_previews/task000098_mu000064_rho090_n1.png
1.0,64,8,license_plate_bahnschrift.ttf,CBAGJWPD6YXT0RNZL49E3HSU875KFVMQ2,7,7,0,0.85,16.0,0.63662,0.603355,CBAGJWPDSYXTERNZL49ESHSUBTSKFVMQ2,0.181818,0.818182,point_previews/task000098_mu000064_rho100_n0.png
1.0,64,8,license_plate_bahnschrift.ttf,CBAGJWPD6YXT0RNZL49E3HSU875KFVMQ2,7,7,1,0.85,16.0,0.63662,0.603355,EBAGJWPD6YXTERNZL49E3HSUB7TSKEVMG2,0.212121,0.787879,point_previews/task000098_mu000064_rho100_n1.png
0.1,256,8,license_plate_bahnschrift.ttf,CBAGJWPD6YXT0RNZL49E3HSU875KFVMQ2,7,7,0,0.085,5.059644,0.959381,1.907975,CBAGJWPDSYXTURNZL4SESHSUBTSKEYMG2,0.30303,0.69697,point_previews/task000099_mu000256_rho010_n0.png
0.1,256,8,license_plate_bahnschrift.ttf,CBAGJWPD6YXT0RNZL49E3HSU875KFVMQ2,7,7,1,0.085,5.059644,0.959381,1.907975,CBAGJWPDSYXTRNZL49E3HSUBSKFYMA2,0.212121,0.787879,point_previews/task000099_mu000256_rho010_n1.png
0.2,256,8,license_plate_bahnschrift.ttf,CBAGJWPD6YXT0RNZL49E3HSU875KFVMQ2,7,7,0,0.17,7.155418,0.919759,1.349142,CBAGJWPDSYXTRNZLE9ESHSUBTSKEVMQ2,0.242424,0.757576,point_previews/task000099_mu000256_rho020_n0.png
0.2,256,8,license_plate_bahnschrift.ttf,CBAGJWPD6YXT0RNZL49E3HSU875KFVMQ2,7,7,1,0.17,7.155418,0.919759,1.349142,CBAGJWPDSYXTRNZL49ESHSUBT5KFYMQ2,0.181818,0.818182,point_previews/task000099_mu000256_rho020_n1.png
0.3,256,8,license_plate_bahnschrift.ttf,CBAGJWPD6YXT0RNZL49E3HSU875KFVMQ2,7,7,0,0.255,8.763561,0.881116,1.10157,CBAGJWPDSYXTRNZLA9ESHSUBTSKFYMQ2,0.242424,0.757576,point_previews/task000099_mu000256_rho030_n0.png
0.3,256,8,license_plate_bahnschrift.ttf,CBAGJWPD6YXT0RNZL49E3HSU875KFVMQ2,7,7,1,0.255,8.763561,0.881116,1.10157,CBAGJWPDSYXTRNZL49ES3HSUBTSKFYMQ2,0.212121,0.787879,point_previews/task000099_mu000256_rho030_n1.png
0.4,256,8,license_plate_bahnschrift.ttf,CBAGJWPD6YXT0RNZL49E3HSU875KFVMQ2,7,7,0,0.34,10.119289,0.843436,0.953987,CBAGJWPD4SYXTRNZL49ESHSUBTSKFYMQ2,0.242424,0.757576,point_previews/task000099_mu000256_rho040_n0.png
0.4,256,8,license_plate_bahnschrift.ttf,CBAGJWPD6YXT0RNZL49E3HSU875KFVMQ2,7,7,1,0.34,10.119289,0.843436,0.953987,CBAGJWPDSYXTRNZL49EZHSUBTSKFYMQ2Z,0.242424,0.757576,point_previews/task000099_mu000256_rho040_n1.png
0.5,256,8,license_plate_bahnschrift.ttf,CBAGJWPD6YXT0RNZL49E3HSU875KFVMQ2,7,7,0,0.425,11.313708,0.8067,0.853272,CBAGJWPD4YXTRNZL49E3HSUBTSKFYMQ2,0.181818,0.818182,point_previews/task000099_mu000256_rho050_n0.png
0.5,256,8,license_plate_bahnschrift.ttf,CBAGJWPD6YXT0RNZL49E3HSU875KFVMQ2,7,7,1,0.425,11.313708,0.8067,0.853272,CBAGJWPD4YXTRNZL49E3HSUBTSKFYMQ2,0.181818,0.818182,point_previews/task000099_mu000256_rho050_n1.png
0.6,256,8,license_plate_bahnschrift.ttf,CBAGJWPD6YXT0RNZL49E3HSU875KFVMQ2,7,7,0,0.51,12.393547,0.770893,0.778927,CBAGJWPD46YXTRNZL49E3HSUBTSKFYMQG2,0.212121,0.787879,point_previews/task000099_mu000256_rho060_n0.png
0.6,256,8,license_plate_bahnschrift.ttf,CBAGJWPD6YXT0RNZL49E3HSU875KFVMQ2,7,7,1,0.51,12.393547,0.770893,0.778927,CBAGJWPD4YXTGRNZL49E3HSUBTSKFYMQ2,0.181818,0.818182,point_previews/task000099_mu000256_rho060_n1.png
0.7,256,8,license_plate_bahnschrift.ttf,CBAGJWPD6YXT0RNZL49E3HSU875KFVMQ2,7,7,0,0.595,13.38656,0.735998,0.721147,CBAGJWPD4SYXTRNZL49E3HSUBTSKFYMQ2,0.212121,0.787879,point_previews/task000099_mu000256_rho070_n0.png
0.7,256,8,license_plate_bahnschrift.ttf,CBAGJWPD6YXT0RNZL49E3HSU875KFVMQ2,7,7,1,0.595,13.38656,0.735998,0.721147,CBAGJWPD6YXTRNZL49E3HSUBTSKFVMQ2,0.121212,0.878788,point_previews/task000099_mu000256_rho070_n1.png
0.8,256,8,license_plate_bahnschrift.ttf,CBAGJWPD6YXT0RNZL49E3HSU875KFVMQ2,7,7,0,0.68,14.310835,0.701998,0.674571,CBAGJWPD6YXTGRNZL49E3HSUB7TSKFYMQZ,0.181818,0.818182,point_previews/task000099_mu000256_rho080_n0.png
0.8,256,8,license_plate_bahnschrift.ttf,CBAGJWPD6YXT0RNZL49E3HSU875KFVMQ2,7,7,1,0.68,14.310835,0.701998,0.674571,CBAGJWPD6YXTRNZL49E3HSUB7TSKFYMQ2,0.151515,0.848485,point_previews/task000099_mu000256_rho080_n1.png
0.9,256,8,license_plate_bahnschrift.ttf,CBAGJWPD6YXT0RNZL49E3HSU875KFVMQ2,7,7,0,0.765,15.178933,0.668877,0.635992,CBAGJWPD4YXTGRNZL49E3HSUBTSKFYMQ2,0.181818,0.818182,point_previews/task000099_mu000256_rho090_n0.png
0.9,256,8,license_plate_bahnschrift.ttf,CBAGJWPD6YXT0RNZL49E3HSU875KFVMQ2,7,7,1,0.765,15.178933,0.668877,0.635992,CBAGJWPD6YXTRNZL49E3HSUB87TSKFYMQ2,0.151515,0.848485,point_previews/task000099_mu000256_rho090_n1.png
1.0,256,8,license_plate_bahnschrift.ttf,CBAGJWPD6YXT0RNZL49E3HSU875KFVMQ2,7,7,0,0.85,16.0,0.63662,0.603355,CBAGJWPD6YXTGRNZL49E3HSUB7TSKFYMQG2,0.181818,0.818182,point_previews/task000099_mu000256_rho100_n0.png
1.0,256,8,license_plate_bahnschrift.ttf,CBAGJWPD6YXT0RNZL49E3HSU875KFVMQ2,7,7,1,0.85,16.0,0.63662,0.603355,CBAGJWPD6YXTGRNZL49ESHSUB7TSKFYMQ2,0.181818,0.818182,point_previews/task000099_mu000256_rho100_n1.png
0.1,1024,8,license_plate_bahnschrift.ttf,CBAGJWPD6YXT0RNZL49E3HSU875KFVMQ2,7,7,0,0.085,5.059644,0.959381,1.907975,CBAGJWPD4SYXTRNZL49ESHSUBTSKFYMQ2,0.242424,0.757576,point_previews/task000100_mu001024_rho010_n0.png
0.1,1024,8,license_plate_bahnschrift.ttf,CBAGJWPD6YXT0RNZL49E3HSU875KFVMQ2,7,7,1,0.085,5.059644,0.959381,1.907975,CBAGJWPD4YXTGRNZL49E3HSUBTSKFYMQ2,0.181818,0.818182,point_previews/task000100_mu001024_rho010_n1.png
0.2,1024,8,license_plate_bahnschrift.ttf,CBAGJWPD6YXT0RNZL49E3HSU875KFVMQ2,7,7,0,0.17,7.155418,0.919759,1.349142,CBAGJWPDSYXTRNZL49ES3HSUBTSKFYMQ2,0.212121,0.787879,point_previews/task000100_mu001024_rho020_n0.png
0.2,1024,8,license_plate_bahnschrift.ttf,CBAGJWPD6YXT0RNZL49E3HSU875KFVMQ2,7,7,1,0.17,7.155418,0.919759,1.349142,CBAGJWPD4SYXTRNZLA49ESHSUBTSKFYMQ2,0.272727,0.727273,point_previews/task000100_mu001024_rho020_n1.png
0.3,1024,8,license_plate_bahnschrift.ttf,CBAGJWPD6YXT0RNZL49E3HSU875KFVMQ2,7,7,0,0.255,8.763561,0.881116,1.10157,CBAGJWPD4YXTRNZL49E3HSUBTSKFYMQ2,0.181818,0.818182,point_previews/task000100_mu001024_rho030_n0.png
0.3,1024,8,license_plate_bahnschrift.ttf,CBAGJWPD6YXT0RNZL49E3HSU875KFVMQ2,7,7,1,0.255,8.763561,0.881116,1.10157,CBAGJWPD4YXTRNZL49E3HSUBTSKFYMG2,0.212121,0.787879,point_previews/task000100_mu001024_rho030_n1.png
0.4,1024,8,license_plate_bahnschrift.ttf,CBAGJWPD6YXT0RNZL49E3HSU875KFVMQ2,7,7,0,0.34,10.119289,0.843436,0.953987,CBAGJWPD46YXTRNZL49ESHSUBTSKFYMQ2,0.212121,0.787879,point_previews/task000100_mu001024_rho040_n0.png
0.4,1024,8,license_plate_bahnschrift.ttf,CBAGJWPD6YXT0RNZL49E3HSU875KFVMQ2,7,7,1,0.34,10.119289,0.843436,0.953987,CBAGJWPD46YXTRNZL49ES3HSUBTSKFYMQ2,0.212121,0.787879,point_previews/task000100_mu001024_rho040_n1.png
0.5,1024,8,license_plate_bahnschrift.ttf,CBAGJWPD6YXT0RNZL49E3HSU875KFVMQ2,7,7,0,0.425,11.313708,0.8067,0.853272,CBAGJWPDSYXTRNZL49E3HSUBTSKFYMQG2,0.212121,0.787879,point_previews/task000100_mu001024_rho050_n0.png
0.5,1024,8,license_plate_bahnschrift.ttf,CBAGJWPD6YXT0RNZL49E3HSU875KFVMQ2,7,7,1,0.425,11.313708,0.8067,0.853272,CBAGJWPD46YXTRNZL49ESHSUBTSKFYMQ2,0.212121,0.787879,point_previews/task000100_mu001024_rho050_n1.png
0.6,1024,8,license_plate_bahnschrift.ttf,CBAGJWPD6YXT0RNZL49E3HSU875KFVMQ2,7,7,0,0.51,12.393547,0.770893,0.778927,CBAGJWPD4YXTRNZL49E3HSUBT5KFYMQ2,0.151515,0.848485,point_previews/task000100_mu001024_rho060_n0.png
0.6,1024,8,license_plate_bahnschrift.ttf,CBAGJWPD6YXT0RNZL49E3HSU875KFVMQ2,7,7,1,0.51,12.393547,0.770893,0.778927,CBAGJWPD46YXTRNZL49E3HSUBTSKFVMG2,0.181818,0.818182,point_previews/task000100_mu001024_rho060_n1.png
0.7,1024,8,license_plate_bahnschrift.ttf,CBAGJWPD6YXT0RNZL49E3HSU875KFVMQ2,7,7,0,0.595,13.38656,0.735998,0.721147,CBAGJWPD4YXTRNZL49E3HSUBTSKFYMQ2,0.181818,0.818182,point_previews/task000100_mu001024_rho070_n0.png
0.7,1024,8,license_plate_bahnschrift.ttf,CBAGJWPD6YXT0RNZL49E3HSU875KFVMQ2,7,7,1,0.595,13.38656,0.735998,0.721147,CBAGJWPDSYXTRNZL49E3HSUBTSKFVMQ2,0.151515,0.848485,point_previews/task000100_mu001024_rho070_n1.png
0.8,1024,8,license_plate_bahnschrift.ttf,CBAGJWPD6YXT0RNZL49E3HSU875KFVMQ2,7,7,0,0.68,14.310835,0.701998,0.674571,CBAGJWPD6YXTRNZL49ESHSUB7TSKFYMQ2,0.181818,0.818182,point_previews/task000100_mu001024_rho080_n0.png
0.8,1024,8,license_plate_bahnschrift.ttf,CBAGJWPD6YXT0RNZL49E3HSU875KFVMQ2,7,7,1,0.68,14.310835,0.701998,0.674571,CBAGJWPD6YXTRNZL49E3HSUB7T5SKFYMQ2,0.151515,0.848485,point_previews/task000100_mu001024_rho080_n1.png
0.9,1024,8,license_plate_bahnschrift.ttf,CBAGJWPD6YXT0RNZL49E3HSU875KFVMQ2,7,7,0,0.765,15.178933,0.668877,0.635992,CBAGJWPD6YXTCRNZL49E3HSU875KFVMQ2,0.030303,0.969697,point_previews/task000100_mu001024_rho090_n0.png
0.9,1024,8,license_plate_bahnschrift.ttf,CBAGJWPD6YXT0RNZL49E3HSU875KFVMQ2,7,7,1,0.765,15.178933,0.668877,0.635992,CBAGJWPD6YXTGRNZL49E3HSUB875KFVMQG2,0.090909,0.909091,point_previews/task000100_mu001024_rho090_n1.png
1.0,1024,8,license_plate_bahnschrift.ttf,CBAGJWPD6YXT0RNZL49E3HSU875KFVMQ2,7,7,0,0.85,16.0,0.63662,0.603355,CBAGJWPD6YXTGRNZL49E3HSUB75KFYMQ2,0.090909,0.909091,point_previews/task000100_mu001024_rho100_n0.png
1.0,1024,8,license_plate_bahnschrift.ttf,CBAGJWPD6YXT0RNZL49E3HSU875KFVMQ2,7,7,1,0.85,16.0,0.63662,0.603355,CBAGJWPD46YXTRNZL49E3HSUB75KFYMQ2,0.121212,0.878788,point_previews/task000100_mu001024_rho100_n1.png
0.1,4096,8,license_plate_bahnschrift.ttf,CBAGJWPD6YXT0RNZL49E3HSU875KFVMQ2,7,7,0,0.085,5.059644,0.959381,1.907975,CBAGJWPD4YXTRNZL49E3HSUBTSKFYMQ2,0.181818,0.818182,point_previews/task000101_mu004096_rho010_n0.png
0.1,4096,8,license_plate_bahnschrift.ttf,CBAGJWPD6YXT0RNZL49E3HSU875KFVMQ2,7,7,1,0.085,5.059644,0.959381,1.907975,CBAGJWPD4YXTRNZL49ESHSUBTSKFYMQ2,0.212121,0.787879,point_previews/task000101_mu004096_rho010_n1.png
0.2,4096,8,license_plate_bahnschrift.ttf,CBAGJWPD6YXT0RNZL49E3HSU875KFVMQ2,7,7,0,0.17,7.155418,0.919759,1.349142,CBAGJWPDSYXTRNZL49E3HSUBTSKFYMQ2,0.181818,0.818182,point_previews/task000101_mu004096_rho020_n0.png
0.2,4096,8,license_plate_bahnschrift.ttf,CBAGJWPD6YXT0RNZL49E3HSU875KFVMQ2,7,7,1,0.17,7.155418,0.919759,1.349142,CBAGJWPD4SYXTRNZL49ES3HSUBTSKFYMQ2,0.242424,0.757576,point_previews/task000101_mu004096_rho020_n1.png
0.3,4096,8,license_plate_bahnschrift.ttf,CBAGJWPD6YXT0RNZL49E3HSU875KFVMQ2,7,7,0,0.255,8.763561,0.881116,1.10157,CBAGJWPD4SYXTRNZL49E3HSUBTSKFYMQ2,0.212121,0.787879,point_previews/task000101_mu004096_rho030_n0.png
0.3,4096,8,license_plate_bahnschrift.ttf,CBAGJWPD6YXT0RNZL49E3HSU875KFVMQ2,7,7,1,0.255,8.763561,0.881116,1.10157,CBAGJWPD46YXTRNZL49ES3HSUBTSKFYMQ2,0.212121,0.787879,point_previews/task000101_mu004096_rho030_n1.png
0.4,4096,8,license_plate_bahnschrift.ttf,CBAGJWPD6YXT0RNZL49E3HSU875KFVMQ2,7,7,0,0.34,10.119289,0.843436,0.953987,CBAGJWPDSYXTRNZL49ESHSUBTSKFYMQ2,0.212121,0.787879,point_previews/task000101_mu004096_rho040_n0.png
0.4,4096,8,license_plate_bahnschrift.ttf,CBAGJWPD6YXT0RNZL49E3HSU875KFVMQ2,7,7,1,0.34,10.119289,0.843436,0.953987,CBAGJWPDSYXTRNZL49ESHSUBTSKFYMQ2,0.212121,0.787879,point_previews/task000101_mu004096_rho040_n1.png
0.5,4096,8,license_plate_bahnschrift.ttf,CBAGJWPD6YXT0RNZL49E3HSU875KFVMQ2,7,7,0,0.425,11.313708,0.8067,0.853272,CBAGJWPD46YXTRNZL49E3HSUBT5SKFYMQ2,0.181818,0.818182,point_previews/task000101_mu004096_rho050_n0.png
0.5,4096,8,license_plate_bahnschrift.ttf,CBAGJWPD6YXT0RNZL49E3HSU875KFVMQ2,7,7,1,0.425,11.313708,0.8067,0.853272,CBAGJWPD46YXTRNZL49ESHSUBTSKFYMQ2,0.212121,0.787879,point_previews/task000101_mu004096_rho050_n1.png
0.6,4096,8,license_plate_bahnschrift.ttf,CBAGJWPD6YXT0RNZL49E3HSU875KFVMQ2,7,7,0,0.51,12.393547,0.770893,0.778927,CBAGJWPD4YXTRNZL49E3HSUBTSKFYMQ2,0.181818,0.818182,point_previews/task000101_mu004096_rho060_n0.png
0.6,4096,8,license_plate_bahnschrift.ttf,CBAGJWPD6YXT0RNZL49E3HSU875KFVMQ2,7,7,1,0.51,12.393547,0.770893,0.778927,CBAGJWPD6YXTRNZL49E3HSUBTSKFYMQ2,0.151515,0.848485,point_previews/task000101_mu004096_rho060_n1.png
0.7,4096,8,license_plate_bahnschrift.ttf,CBAGJWPD6YXT0RNZL49E3HSU875KFVMQ2,7,7,0,0.595,13.38656,0.735998,0.721147,CBAGJWPD46YXTRNZL49E3HSUBTSKFYMQ2,0.181818,0.818182,point_previews/task000101_mu004096_rho070_n0.png
0.7,4096,8,license_plate_bahnschrift.ttf,CBAGJWPD6YXT0RNZL49E3HSU875KFVMQ2,7,7,1,0.595,13.38656,0.735998,0.721147,CBAGJWPD64YXTRNZL49E3HSUBTS5SKFYMQ2,0.212121,0.787879,point_previews/task000101_mu004096_rho070_n1.png
0.8,4096,8,license_plate_bahnschrift.ttf,CBAGJWPD6YXT0RNZL49E3HSU875KFVMQ2,7,7,0,0.68,14.310835,0.701998,0.674571,CBAGJWPD6YXTRNZL49E3HSUB7T5KFYMQ2,0.121212,0.878788,point_previews/task000101_mu004096_rho080_n0.png
0.8,4096,8,license_plate_bahnschrift.ttf,CBAGJWPD6YXT0RNZL49E3HSU875KFVMQ2,7,7,1,0.68,14.310835,0.701998,0.674571,CBAGJWPD46YXTRNZL49E3HSUB7T5KFYMQ2,0.151515,0.848485,point_previews/task000101_mu004096_rho080_n1.png
0.9,4096,8,license_plate_bahnschrift.ttf,CBAGJWPD6YXT0RNZL49E3HSU875KFVMQ2,7,7,0,0.765,15.178933,0.668877,0.635992,CBAGJWPD46YXTRNZL49E3HSUBT5SKFYMQ2,0.181818,0.818182,point_previews/task000101_mu004096_rho090_n0.png
0.9,4096,8,license_plate_bahnschrift.ttf,CBAGJWPD6YXT0RNZL49E3HSU875KFVMQ2,7,7,1,0.765,15.178933,0.668877,0.635992,CBAGJWPD64YXTRNZL49E3HSUBT5SKFYMQ2,0.181818,0.818182,point_previews/task000101_mu004096_rho090_n1.png
1.0,4096,8,license_plate_bahnschrift.ttf,CBAGJWPD6YXT0RNZL49E3HSU875KFVMQ2,7,7,0,0.85,16.0,0.63662,0.603355,CBAGJWPD6YXTRNZL49E3HSUB75KFYMQ2,0.090909,0.909091,point_previews/task000101_mu004096_rho100_n0.png
1.0,4096,8,license_plate_bahnschrift.ttf,CBAGJWPD6YXT0RNZL49E3HSU875KFVMQ2,7,7,1,0.85,16.0,0.63662,0.603355,CBAGJWPD6YXTRNZL49E3HSUB75KFYMQ2,0.090909,0.909091,point_previews/task000101_mu004096_rho100_n1.png
0.1,16384,8,license_plate_bahnschrift.ttf,CBAGJWPD6YXT0RNZL49E3HSU875KFVMQ2,7,7,0,0.085,5.059644,0.959381,1.907975,CBAGJWPD4SYXTRNZL49ES3HSUBTSKFYMG2,0.272727,0.727273,point_previews/task000102_mu016384_rho010_n0.png
0.1,16384,8,license_plate_bahnschrift.ttf,CBAGJWPD6YXT0RNZL49E3HSU875KFVMQ2,7,7,1,0.085,5.059644,0.959381,1.907975,CBAGJWPD4SYXTRNZL49ES3HSUBTSKFYMQ2,0.242424,0.757576,point_previews/task000102_mu016384_rho010_n1.png
0.2,16384,8,license_plate_bahnschrift.ttf,CBAGJWPD6YXT0RNZL49E3HSU875KFVMQ2,7,7,0,0.17,7.155418,0.919759,1.349142,CBAGJWPD4SYXTRNZL49ES3HSUBT5SKFYMQ2,0.242424,0.757576,point_previews/task000102_mu016384_rho020_n0.png
0.2,16384,8,license_plate_bahnschrift.ttf,CBAGJWPD6YXT0RNZL49E3HSU875KFVMQ2,7,7,1,0.17,7.155418,0.919759,1.349142,CBAGJWPD4SYXTRNZL49E3HSUBTSKFYMQ2,0.212121,0.787879,point_previews/task000102_mu016384_rho020_n1.png
0.3,16384,8,license_plate_bahnschrift.ttf,CBAGJWPD6YXT0RNZL49E3HSU875KFVMQ2,7,7,0,0.255,8.763561,0.881116,1.10157,CBAGJWPD46YXTRNZL49ESHSUBTSKFYMQ2,0.212121,0.787879,point_previews/task000102_mu016384_rho030_n0.png
0.3,16384,8,license_plate_bahnschrift.ttf,CBAGJWPD6YXT0RNZL49E3HSU875KFVMQ2,7,7,1,0.255,8.763561,0.881116,1.10157,CBAGJWPD46YXTRNZL49ES3HSUBTSKFYMQ2,0.212121,0.787879,point_previews/task000102_mu016384_rho030_n1.png
0.4,16384,8,license_plate_bahnschrift.ttf,CBAGJWPD6YXT0RNZL49E3HSU875KFVMQ2,7,7,0,0.34,10.119289,0.843436,0.953987,CBAGJWPD46YXTRNZL49ESHSUBTSKFYMQ2,0.212121,0.787879,point_previews/task000102_mu016384_rho040_n0.png
0.4,16384,8,license_plate_bahnschrift.ttf,CBAGJWPD6YXT0RNZL49E3HSU875KFVMQ2,7,7,1,0.34,10.119289,0.843436,0.953987,CBAGJWPD46YXTRNZL49ESHSUBTSKFYMQ2,0.212121,0.787879,point_previews/task000102_mu016384_rho040_n1.png
0.5,16384,8,license_plate_bahnschrift.ttf,CBAGJWPD6YXT0RNZL49E3HSU875KFVMQ2,7,7,0,0.425,11.313708,0.8067,0.853272,CBAGJWPD46YXTRNZL49E3HSUBTSKFYMQ2,0.181818,0.818182,point_previews/task000102_mu016384_rho050_n0.png
0.5,16384,8,license_plate_bahnschrift.ttf,CBAGJWPD6YXT0RNZL49E3HSU875KFVMQ2,7,7,1,0.425,11.313708,0.8067,0.853272,CBAGJWPD46YXTRNZL49E3HSUBTSKFYMQ2,0.181818,0.818182,point_previews/task000102_mu016384_rho050_n1.png
0.6,16384,8,license_plate_bahnschrift.ttf,CBAGJWPD6YXT0RNZL49E3HSU875KFVMQ2,7,7,0,0.51,12.393547,0.770893,0.778927,CBAGJWPD46YXTRNZL49E3HSUBTSKFYMQ2,0.181818,0.818182,point_previews/task000102_mu016384_rho060_n0.png
0.6,16384,8,license_plate_bahnschrift.ttf,CBAGJWPD6YXT0RNZL49E3HSU875KFVMQ2,7,7,1,0.51,12.393547,0.770893,0.778927,CBAGJWPD46YXTRNZL49E3HSUBTSKFYMQ2,0.181818,0.818182,point_previews/task000102_mu016384_rho060_n1.png
0.7,16384,8,license_plate_bahnschrift.ttf,CBAGJWPD6YXT0RNZL49E3HSU875KFVMQ2,7,7,0,0.595,13.38656,0.735998,0.721147,CBAGJWPD4YXTRNZL49E3HSUBTSKFYMQ2,0.181818,0.818182,point_previews/task000102_mu016384_rho070_n0.png
0.7,16384,8,license_plate_bahnschrift.ttf,CBAGJWPD6YXT0RNZL49E3HSU875KFVMQ2,7,7,1,0.595,13.38656,0.735998,0.721147,CBAGJWPD46YXTRNZL49E3HSUBTSKFYMQ2,0.181818,0.818182,point_previews/task000102_mu016384_rho070_n1.png
0.8,16384,8,license_plate_bahnschrift.ttf,CBAGJWPD6YXT0RNZL49E3HSU875KFVMQ2,7,7,0,0.68,14.310835,0.701998,0.674571,CBAGJWPD46YXTRNZL49E3HSUBT5SKFYMQ2,0.181818,0.818182,point_previews/task000102_mu016384_rho080_n0.png
0.8,16384,8,license_plate_bahnschrift.ttf,CBAGJWPD6YXT0RNZL49E3HSU875KFVMQ2,7,7,1,0.68,14.310835,0.701998,0.674571,CBAGJWPD4YXTRNZL49E3HSUBT5SKFYMQ2,0.181818,0.818182,point_previews/task000102_mu016384_rho080_n1.png
0.9,16384,8,license_plate_bahnschrift.ttf,CBAGJWPD6YXT0RNZL49E3HSU875KFVMQ2,7,7,0,0.765,15.178933,0.668877,0.635992,CBAGJWPD6YXTRNZL49E3HSUBTSKFYMQ2,0.151515,0.848485,point_previews/task000102_mu016384_rho090_n0.png
0.9,16384,8,license_plate_bahnschrift.ttf,CBAGJWPD6YXT0RNZL49E3HSU875KFVMQ2,7,7,1,0.765,15.178933,0.668877,0.635992,CBAGJWPD64YXTRNZL49E3HSUBTSKFYMQ2,0.181818,0.818182,point_previews/task000102_mu016384_rho090_n1.png
1.0,16384,8,license_plate_bahnschrift.ttf,CBAGJWPD6YXT0RNZL49E3HSU875KFVMQ2,7,7,0,0.85,16.0,0.63662,0.603355,CBAGJWPD6YXTRNZL49E3HSUB75KFYMQ2,0.090909,0.909091,point_previews/task000102_mu016384_rho100_n0.png
1.0,16384,8,license_plate_bahnschrift.ttf,CBAGJWPD6YXT0RNZL49E3HSU875KFVMQ2,7,7,1,0.85,16.0,0.63662,0.603355,CBAGJWPD46YXTRNZL49E3HSUB75KFYMQ2,0.121212,0.878788,point_previews/task000102_mu016384_rho100_n1.png
0.1,65536,8,license_plate_bahnschrift.ttf,CBAGJWPD6YXT0RNZL49E3HSU875KFVMQ2,7,7,0,0.085,5.059644,0.959381,1.907975,CBAGJWPD4SYXTRNZL49ES3HSUBTSKFYMQ2,0.242424,0.757576,point_previews/task000103_mu065536_rho010_n0.png
0.1,65536,8,license_plate_bahnschrift.ttf,CBAGJWPD6YXT0RNZL49E3HSU875KFVMQ2,7,7,1,0.085,5.059644,0.959381,1.907975,CBAGJWPD4SYXTRNZL49ES3HSUBTSKFYMQ2,0.242424,0.757576,point_previews/task000103_mu065536_rho010_n1.png
0.2,65536,8,license_plate_bahnschrift.ttf,CBAGJWPD6YXT0RNZL49E3HSU875KFVMQ2,7,7,0,0.17,7.155418,0.919759,1.349142,CBAGJWPD4SYXTRNZL49E3HSUBT5SKFYMQ2,0.212121,0.787879,point_previews/task000103_mu065536_rho020_n0.png
0.2,65536,8,license_plate_bahnschrift.ttf,CBAGJWPD6YXT0RNZL49E3HSU875KFVMQ2,7,7,1,0.17,7.155418,0.919759,1.349142,CBAGJWPD4SYXTRNZL49E3HSUBTSKFYMQ2,0.212121,0.787879,point_previews/task000103_mu065536_rho020_n1.png
0.3,65536,8,license_plate_bahnschrift.ttf,CBAGJWPD6YXT0RNZL49E3HSU875KFVMQ2,7,7,0,0.255,8.763561,0.881116,1.10157,CBAGJWPD4SYXTRNZL49ESHSUBTSKFYMQ2,0.242424,0.757576,point_previews/task000103_mu065536_rho030_n0.png
0.3,65536,8,license_plate_bahnschrift.ttf,CBAGJWPD6YXT0RNZL49E3HSU875KFVMQ2,7,7,1,0.255,8.763561,0.881116,1.10157,CBAGJWPD46YXTRNZL49ES3HSUBTSKFYMQ2,0.212121,0.787879,point_previews/task000103_mu065536_rho030_n1.png
0.4,65536,8,license_plate_bahnschrift.ttf,CBAGJWPD6YXT0RNZL49E3HSU875KFVMQ2,7,7,0,0.34,10.119289,0.843436,0.953987,CBAGJWPDS6YXTRNZL49ESHSUBTSKFYMQ2,0.212121,0.787879,point_previews/task000103_mu065536_rho040_n0.png
0.4,65536,8,license_plate_bahnschrift.ttf,CBAGJWPD6YXT0RNZL49E3HSU875KFVMQ2,7,7,1,0.34,10.119289,0.843436,0.953987,CBAGJWPD46YXTRNZL49ESHSUBTSKFYMQ2,0.212121,0.787879,point_previews/task000103_mu065536_rho040_n1.png
0.5,65536,8,license_plate_bahnschrift.ttf,CBAGJWPD6YXT0RNZL49E3HSU875KFVMQ2,7,7,0,0.425,11.313708,0.8067,0.853272,CBAGJWPD46YXTRNZL49E3HSUBTSKFYMQ2,0.181818,0.818182,point_previews/task000103_mu065536_rho050_n0.png
0.5,65536,8,license_plate_bahnschrift.ttf,CBAGJWPD6YXT0RNZL49E3HSU875KFVMQ2,7,7,1,0.425,11.313708,0.8067,0.853272,CBAGJWPD46YXTRNZL49E3HSUBTSKFYMQ2,0.181818,0.818182,point_previews/task000103_mu065536_rho050_n1.png
0.6,65536,8,license_plate_bahnschrift.ttf,CBAGJWPD6YXT0RNZL49E3HSU875KFVMQ2,7,7,0,0.51,12.393547,0.770893,0.778927,CBAGJWPD6YXTRNZL49E3HSUBTSKFYMQ2,0.151515,0.848485,point_previews/task000103_mu065536_rho060_n0.png
0.6,65536,8,license_plate_bahnschrift.ttf,CBAGJWPD6YXT0RNZL49E3HSU875KFVMQ2,7,7,1,0.51,12.393547,0.770893,0.778927,CBAGJWPD46YXTRNZL49E3HSUBTSKFYMQ2,0.181818,0.818182,point_previews/task000103_mu065536_rho060_n1.png
0.7,65536,8,license_plate_bahnschrift.ttf,CBAGJWPD6YXT0RNZL49E3HSU875KFVMQ2,7,7,0,0.595,13.38656,0.735998,0.721147,CBAGJWPD46YXTRNZL49E3HSUBTSKFYMQ2,0.181818,0.818182,point_previews/task000103_mu065536_rho070_n0.png
0.7,65536,8,license_plate_bahnschrift.ttf,CBAGJWPD6YXT0RNZL49E3HSU875KFVMQ2,7,7,1,0.595,13.38656,0.735998,0.721147,CBAGJWPD46YXTRNZL49E3HSUBTSKFYMQ2,0.181818,0.818182,point_previews/task000103_mu065536_rho070_n1.png
0.8,65536,8,license_plate_bahnschrift.ttf,CBAGJWPD6YXT0RNZL49E3HSU875KFVMQ2,7,7,0,0.68,14.310835,0.701998,0.674571,CBAGJWPD46YXTRNZL49E3HSUBT5SKFYMQ2,0.181818,0.818182,point_previews/task000103_mu065536_rho080_n0.png
0.8,65536,8,license_plate_bahnschrift.ttf,CBAGJWPD6YXT0RNZL49E3HSU875KFVMQ2,7,7,1,0.68,14.310835,0.701998,0.674571,CBAGJWPD46YXTRNZL49E3HSUB7T5SKFYMQ2,0.181818,0.818182,point_previews/task000103_mu065536_rho080_n1.png
0.9,65536,8,license_plate_bahnschrift.ttf,CBAGJWPD6YXT0RNZL49E3HSU875KFVMQ2,7,7,0,0.765,15.178933,0.668877,0.635992,CBAGJWPD46YXTRNZL49E3HSUB7T5KFYMQ2,0.151515,0.848485,point_previews/task000103_mu065536_rho090_n0.png
0.9,65536,8,license_plate_bahnschrift.ttf,CBAGJWPD6YXT0RNZL49E3HSU875KFVMQ2,7,7,1,0.765,15.178933,0.668877,0.635992,CBAGJWPD46YXTRNZL49E3HSUB7T5KFYMQ2,0.151515,0.848485,point_previews/task000103_mu065536_rho090_n1.png
1.0,65536,8,license_plate_bahnschrift.ttf,CBAGJWPD6YXT0RNZL49E3HSU875KFVMQ2,7,7,0,0.85,16.0,0.63662,0.603355,CBAGJWPD46YXTRNZL49E3HSUB75KFYMQ2,0.121212,0.878788,point_previews/task000103_mu065536_rho100_n0.png
1.0,65536,8,license_plate_bahnschrift.ttf,CBAGJWPD6YXT0RNZL49E3HSU875KFVMQ2,7,7,1,0.85,16.0,0.63662,0.603355,CBAGJWPD46YXTRNZL49E3HSUB75KFYMQ2,0.121212,0.878788,point_previews/task000103_mu065536_rho100_n1.png
0.1,4,8,license_plate_bahnschrift.ttf,CBAGJWPD6YXT0RNZL49E3HSU875KFVMQ2,7,11,0,0.085,5.059644,0.959381,1.907975,,1.0,0.0,point_previews/task000104_mu000004_rho010_n0.png
0.1,4,8,license_plate_bahnschrift.ttf,CBAGJWPD6YXT0RNZL49E3HSU875KFVMQ2,7,11,1,0.085,5.059644,0.959381,1.907975,,1.0,0.0,point_previews/task000104_mu000004_rho010_n1.png
0.2,4,8,license_plate_bahnschrift.ttf,CBAGJWPD6YXT0RNZL49E3HSU875KFVMQ2,7,11,0,0.17,7.155418,0.919759,1.349142,SELSATRATCAPNESTEDN,0.909091,0.090909,point_previews/task000104_mu000004_rho020_n0.png
0.2,4,8,license_plate_bahnschrift.ttf,CBAGJWPD6YXT0RNZL49E3HSU875KFVMQ2,7,11,1,0.17,7.155418,0.919759,1.349142,PAATRRRS,0.878788,0.121212,point_previews/task000104_mu000004_rho020_n1.png
0.3,4,8,license_plate_bahnschrift.ttf,CBAGJWPD6YXT0RNZL49E3HSU875KFVMQ2,7,11,0,0.255,8.763561,0.881116,1.10157,,1.0,0.0,point_previews/task000104_mu000004_rho030_n0.png
0.3,4,8,license_plate_bahnschrift.ttf,CBAGJWPD6YXT0RNZL49E3HSU875KFVMQ2,7,11,1,0.255,8.763561,0.881116,1.10157,LSERPSBUESSPF,0.878788,0.121212,point_previews/task000104_mu000004_rho030_n1.png
0.4,4,8,license_plate_bahnschrift.ttf,CBAGJWPD6YXT0RNZL49E3HSU875KFVMQ2,7,11,0,0.34,10.119289,0.843436,0.953987,AEPGNATLTEPMLTURYC,0.848485,0.151515,point_previews/task000104_mu000004_rho040_n0.png
0.4,4,8,license_plate_bahnschrift.ttf,CBAGJWPD6YXT0RNZL49E3HSU875KFVMQ2,7,11,1,0.34,10.119289,0.843436,0.953987,SRETCRMEWEWTPA,0.909091,0.090909,point_previews/task000104_mu000004_rho040_n1.png
0.5,4,8,license_plate_bahnschrift.ttf,CBAGJWPD6YXT0RNZL49E3HSU875KFVMQ2,7,11,0,0.425,11.313708,0.8067,0.853272,MRCTRCPASRACPERPRGT,0.909091,0.090909,point_previews/task000104_mu000004_rho050_n0.png
0.5,4,8,license_plate_bahnschrift.ttf,CBAGJWPD6YXT0RNZL49E3HSU875KFVMQ2,7,11,1,0.425,11.313708,0.8067,0.853272,AGRDDATRBPSSNALPERCNS,0.818182,0.181818,point_previews/task000104_mu000004_rho050_n1.png
0.6,4,8,license_plate_bahnschrift.ttf,CBAGJWPD6YXT0RNZL49E3HSU875KFVMQ2,7,11,0,0.51,12.393547,0.770893,0.778927,RU4PN,0.939394,0.060606,point_previews/task000104_mu000004_rho060_n0.png
0.6,4,8,license_plate_bahnschrift.ttf,CBAGJWPD6YXT0RNZL49E3HSU875KFVMQ2,7,11,1,0.51,12.393547,0.770893,0.778927,LAAERNSPTR,0.878788,0.121212,point_previews/task000104_mu000004_rho060_n1.png
0.7,4,8,license_plate_bahnschrift.ttf,CBAGJWPD6YXT0RNZL49E3HSU875KFVMQ2,7,11,0,0.595,13.38656,0.735998,0.721147,ESBSP74SSTRES,0.848485,0.151515,point_previews/task000104_mu000004_rho070_n0.png
0.7,4,8,license_plate_bahnschrift.ttf,CBAGJWPD6YXT0RNZL49E3HSU875KFVMQ2,7,11,1,0.595,13.38656,0.735998,0.721147,MGPNS,0.878788,0.121212,point_previews/task000104_mu000004_rho070_n1.png
0.8,4,8,license_plate_bahnschrift.ttf,CBAGJWPD6YXT0RNZL49E3HSU875KFVMQ2,7,11,0,0.68,14.310835,0.701998,0.674571,WC,0.969697,0.030303,point_previews/task000104_mu000004_rho080_n0.png
0.8,4,8,license_plate_bahnschrift.ttf,CBAGJWPD6YXT0RNZL49E3HSU875KFVMQ2,7,11,1,0.68,14.310835,0.701998,0.674571,SPRWSUTUS2PR0ARMEESHSREERSS,0.848485,0.151515,point_previews/task000104_mu000004_rho080_n1.png
0.9,4,8,license_plate_bahnschrift.ttf,CBAGJWPD6YXT0RNZL49E3HSU875KFVMQ2,7,11,0,0.765,15.178933,0.668877,0.635992,DARSTHUCREGPERSSURE,0.848485,0.151515,point_previews/task000104_mu000004_rho090_n0.png
0.9,4,8,license_plate_bahnschrift.ttf,CBAGJWPD6YXT0RNZL49E3HSU875KFVMQ2,7,11,1,0.765,15.178933,0.668877,0.635992,SATVENSSANFASAA,0.848485,0.151515,point_previews/task000104_mu000004_rho090_n1.png
1.0,4,8,license_plate_bahnschrift.ttf,CBAGJWPD6YXT0RNZL49E3HSU875KFVMQ2,7,11,0,0.85,16.0,0.63662,0.603355,CRRNSBM,0.848485,0.151515,point_previews/task000104_mu000004_rho100_n0.png
1.0,4,8,license_plate_bahnschrift.ttf,CBAGJWPD6YXT0RNZL49E3HSU875KFVMQ2,7,11,1,0.85,16.0,0.63662,0.603355,,1.0,0.0,point_previews/task000104_mu000004_rho100_n1.png
0.1,16,8,license_plate_bahnschrift.ttf,CBAGJWPD6YXT0RNZL49E3HSU875KFVMQ2,7,11,0,0.085,5.059644,0.959381,1.907975,SAFPYSERA,0.878788,0.121212,point_previews/task000105_mu000016_rho010_n0.png
0.1,16,8,license_plate_bahnschrift.ttf,CBAGJWPD6YXT0RNZL49E3HSU875KFVMQ2,7,11,1,0.085,5.059644,0.959381,1.907975,,1.0,0.0,point_previews/task000105_mu000016_rho010_n1.png
0.2,16,8,license_plate_bahnschrift.ttf,CBAGJWPD6YXT0RNZL49E3HSU875KFVMQ2,7,11,0,0.17,7.155418,0.919759,1.349142,BASREDETSAEEACESHSBERYE,0.787879,0.212121,point_previews/task000105_mu000016_rho020_n0.png
0.2,16,8,license_plate_bahnschrift.ttf,CBAGJWPD6YXT0RNZL49E3HSU875KFVMQ2,7,11,1,0.17,7.155418,0.919759,1.349142,SPBEMDRVSPUNPEACSRGTENERECS,0.878788,0.121212,point_previews/task000105_mu000016_rho020_n1.png
0.3,16,8,license_plate_bahnschrift.ttf,CBAGJWPD6YXT0RNZL49E3HSU875KFVMQ2,7,11,0,0.255,8.763561,0.881116,1.10157,ERUETAPDATRHYPESHGASTANN,0.818182,0.181818,point_previews/task000105_mu000016_rho030_n0.png
0.3,16,8,license_plate_bahnschrift.ttf,CBAGJWPD6YXT0RNZL49E3HSU875KFVMQ2,7,11,1,0.255,8.763561,0.881116,1.10157,CRASAPSRETRMALGSERHSUBSSRRNTELE,0.727273,0.272727,point_previews/task000105_mu000016_rho030_n1.png
0.4,16,8,license_plate_bahnschrift.ttf,CBAGJWPD6YXT0RNZL49E3HSU875KFVMQ2,7,11,0,0.34,10.119289,0.843436,0.953987,BRAGUWRDAYRENNTHDESHSUSTSKEYGZ,0.666667,0.333333,point_previews/task000105_mu000016_rho040_n0.png
0.4,16,8,license_plate_bahnschrift.ttf,CBAGJWPD6YXT0RNZL49E3HSU875KFVMQ2,7,11,1,0.34,10.119289,0.843436,0.953987,EBAGWCDATRNZLASRCHSUBTSEMMS,0.575758,0.424242,point_previews/task000105_mu000016_rho040_n1.png
0.5,16,8,license_plate_bahnschrift.ttf,CBAGJWPD6YXT0RNZL49E3HSU875KFVMQ2,7,11,0,0.425,11.313708,0.8067,0.853272,,1.0,0.0,point_previews/task000105_mu000016_rho050_n0.png
0.5,16,8,license_plate_bahnschrift.ttf,CBAGJWPD6YXT0RNZL49E3HSU875KFVMQ2,7,11,1,0.425,11.313708,0.8067,0.853272,,1.0,0.0,point_previews/task000105_mu000016_rho050_n1.png
0.6,16,8,license_plate_bahnschrift.ttf,CBAGJWPD6YXT0RNZL49E3HSU875KFVMQ2,7,11,0,0.51,12.393547,0.770893,0.778927,,1.0,0.0,point_previews/task000105_mu000016_rho060_n0.png
0.6,16,8,license_plate_bahnschrift.ttf,CBAGJWPD6YXT0RNZL49E3HSU875KFVMQ2,7,11,1,0.51,12.393547,0.770893,0.778927,CRAGANPTBYRTGRNZLASESHSURTSKEUME,0.515152,0.484848,point_previews/task000105_mu000016_rho060_n1.png
0.7,16,8,license_plate_bahnschrift.ttf,CBAGJWPD6YXT0RNZL49E3HSU875KFVMQ2,7,11,0,0.595,13.38656,0.735998,0.721147,CEEGJWPDEYXTRNZLAVESHSUBTSKEVMRD,0.393939,0.606061,point_previews/task000105_mu000016_rho070_n0.png
0.7,16,8,license_plate_bahnschrift.ttf,CBAGJWPD6YXT0RNZL49E3HSU875KFVMQ2,7,11,1,0.595,13.38656,0.735998,0.721147,CRAGUWPAGAMTGRNZEG9EJHSUBTSKEUME2,0.484848,0.515152,point_previews/task000105_mu000016_rho070_n1.png
0.8,16,8,license_plate_bahnschrift.ttf,CBAGJWPD6YXT0RNZL49E3HSU875KFVMQ2,7,11,0,0.68,14.310835,0.701998,0.674571,,1.0,0.0,point_previews/task000105_mu000016_rho080_n0.png
0.8,16,8,license_plate_bahnschrift.ttf,CBAGJWPD6YXT0RNZL49E3HSU875KFVMQ2,7,11,1,0.68,14.310835,0.701998,0.674571,CBAGUWPBAYXTCRNALGSESRSUBTSKEVMGE,0.454545,0.545455,point_previews/task000105_mu000016_rho080_n1.png
0.9,16,8,license_plate_bahnschrift.ttf,CBAGJWPD6YXT0RNZL49E3HSU875KFVMQ2,7,11,0,0.765,15.178933,0.668877,0.635992,EBAGJWPHSYRTQRNZLAPESHSUBTSKEVMD2,0.393939,0.606061,point_previews/task000105_mu000016_rho090_n0.png
0.9,16,8,license_plate_bahnschrift.ttf,CBAGJWPD6YXT0RNZL49E3HSU875KFVMQ2,7,11,1,0.765,15.178933,0.668877,0.635992,CBAGUWPDSYRTGRNZLUAESHSUBTSKENMQZ,0.393939,0.606061,point_previews/task000105_mu000016_rho090_n1.png
1.0,16,8,license_plate_bahnschrift.ttf,CBAGJWPD6YXT0RNZL49E3HSU875KFVMQ2,7,11,0,0.85,16.0,0.63662,0.603355,,1.0,0.0,point_previews/task000105_mu000016_rho100_n0.png
1.0,16,8,license_plate_bahnschrift.ttf,CBAGJWPD6YXT0RNZL49E3HSU875KFVMQ2,7,11,1,0.85,16.0,0.63662,0.603355,CBNGJWPDEYETBRNZLAVESHSUBTSKFYMAZ,0.393939,0.606061,point_previews/task000105_mu000016_rho100_n1.png
0.1,64,8,license_plate_bahnschrift.ttf,CBAGJWPD6YXT0RNZL49E3HSU875KFVMQ2,7,11,0,0.085,5.059644,0.959381,1.907975,REAGTAPSCPURNZLAESHSUETSKEYMGZ,0.606061,0.393939,point_previews/task000106_mu000064_rho010_n0.png
0.1,64,8,license_plate_bahnschrift.ttf,CBAGJWPD6YXT0RNZL49E3HSU875KFVMQ2,7,11,1,0.085,5.059644,0.959381,1.907975,SBAGJAPDRERURNFLRPESHSUBTSKEUNGD,0.575758,0.424242,point_previews/task000106_mu000064_rho010_n1.png
0.2,64,8,license_plate_bahnschrift.ttf,CBAGJWPD6YXT0RNZL49E3HSU875KFVMQ2,7,11,0,0.17,7.155418,0.919759,1.349142,CRAGJWPDAYXTURNZLSPESHSUBTSKREYMQ2,0.363636,0.636364,point_previews/task000106_mu000064_rho020_n0.png
0.2,64,8,license_plate_bahnschrift.ttf,CBAGJWPD6YXT0RNZL49E3HSU875KFVMQ2,7,11,1,0.17,7.155418,0.919759,1.349142,CBAGJWPDSYRTRNZLYSESHSEBTSKEYMQZ,0.393939,0.606061,point_previews/task000106_mu000064_rho020_n1.png
0.3,64,8,license_plate_bahnschrift.ttf,CBAGJWPD6YXT0RNZL49E3HSU875KFVMQ2,7,11,0,0.255,8.763561,0.881116,1.10157,,1.0,0.0,point_previews/task000106_mu000064_rho030_n0.png
0.3,64,8,license_plate_bahnschrift.ttf,CBAGJWPD6YXT0RNZL49E3HSU875KFVMQ2,7,11,1,0.255,8.763561,0.881116,1.10157,CBAGJWPDEYXTRNZLYPESHSUSTSKEVMGZ,0.333333,0.666667,point_previews/task000106_mu000064_rho030_n1.png
0.4,64,8,license_plate_bahnschrift.ttf,CBAGJWPD6YXT0RNZL49E3HSU875KFVMQ2,7,11,0,0.34,10.119289,0.843436,0.953987,CBAGUWPDSYXTURNZL49ESHSUBTSKFYMQZ,0.272727,0.727273,point_previews/task000106_mu000064_rho040_n0.png
0.4,64,8,license_plate_bahnschrift.ttf,CBAGJWPD6YXT0RNZL49E3HSU875KFVMQ2,7,11,1,0.34,10.119289,0.843436,0.953987,CBAGJWPDSYXTRNZL49ESHSUBTSKEVMQ2,0.212121,0.787879,point_previews/task000106_mu000064_rho040_n1.png
0.5,64,8,license_plate_bahnschrift.ttf,CBAGJWPD6YXT0RNZL49E3HSU875KFVMQ2,7,11,0,0.425,11.313708,0.8067,0.853272,CBAGJWPD6YXTARNZL49ESHSUBTSKFVMQ2,0.151515,0.848485,point_previews/task000106_mu000064_rho050_n0.png
0.5,64,8,license_plate_bahnschrift.ttf,CBAGJWPD6YXT0RNZL49E3HSU875KFVMQ2,7,11,1,0.425,11.313708,0.8067,0.853272,CBAGJWPDSYXTARNZL49ESHSUBTSKFYMQZ,0.242424,0.757576,point_previews/task000106_mu000064_rho050_n1.png
0.6,64,8,license_plate_bahnschrift.ttf,CBAGJWPD6YXT0RNZL49E3HSU875KFVMQ2,7,11,0,0.51,12.393547,0.770893,0.778927,CBAGSWPDSYXTURNZL49ESHSUBTSKFYMQZ,0.272727,0.727273,point_previews/task000106_mu000064_rho060_n0.png
0.6,64,8,license_plate_bahnschrift.ttf,CBAGJWPD6YXT0RNZL49E3HSU875KFVMQ2,7,11,1,0.51,12.393547,0.770893,0.778927,CBAGJWPDSYXTURNZL49ESHSUBT7SKEVMQ2,0.212121,0.787879,point_previews/task000106_mu000064_rho060_n1.png
0.7,64,8,license_plate_bahnschrift.ttf,CBAGJWPD6YXT0RNZL49E3HSU875KFVMQ2,7,11,0,0.595,13.38656,0.735998,0.721147,CBAGJWPDSYXTRNZL49E3HSUBTSKEVMQ2,0.181818,0.818182,point_previews/task000106_mu000064_rho070_n0.png
0.7,64,8,license_plate_bahnschrift.ttf,CBAGJWPD6YXT0RNZL49E3HSU875KFVMQ2,7,11,1,0.595,13.38656,0.735998,0.721147,CBAGJWPDEYXTRNZL49ESHSUBTSKEYMQ2,0.242424,0.757576,point_previews/task000106_mu000064_rho070_n1.png
0.8,64,8,license_plate_bahnschrift.ttf,CBAGJWPD6YXT0RNZL49E3HSU875KFVMQ2,7,11,0,0.68,14.310835,0.701998,0.674571,CBAGJWPDSYXTSRNZLA4TESHSUBTSKFYMQ2,0.272727,0.727273,point_previews/task000106_mu000064_rho080_n0.png
0.8,64,8,license_plate_bahnschrift.ttf,CBAGJWPD6YXT0RNZL49E3HSU875KFVMQ2,7,11,1,0.68,14.310835,0.701998,0.674571,CBAGJWPDSYXTGRNZL49ESHSUBTSKFYMQZ,0.242424,0.757576,point_previews/task000106_mu000064_rho080_n1.png
0.9,64,8,license_plate_bahnschrift.ttf,CBAGJWPD6YXT0RNZL49E3HSU875KFVMQ2,7,11,0,0.765,15.178933,0.668877,0.635992,CBAGJWPD6YXTRNZL49ESHSUB7TSKFYMQ2,0.181818,0.818182,point_previews/task000106_mu000064_rho090_n0.png
0.9,64,8,license_plate_bahnschrift.ttf,CBAGJWPD6YXT0RNZL49E3HSU875KFVMQ2,7,11,1,0.765,15.178933,0.668877,0.635992,CBAGJWPDSYXTRNZL49E3HSU875KFVYMQ2,0.090909,0.909091,point_previews/task000106_mu000064_rho090_n1.png
1.0,64,8,license_plate_bahnschrift.ttf,CBAGJWPD6YXT0RNZL49E3HSU875KFVMQ2,7,11,0,0.85,16.0,0.63662,0.603355,CBAGJWPD4YXTRNZLA9ESHSUBTSKFYMQ2,0.242424,0.757576,point_previews/task000106_mu000064_rho100_n0.png
1.0,64,8,license_plate_bahnschrift.ttf,CBAGJWPD6YXT0RNZL49E3HSU875KFVMQ2,7,11,1,0.85,16.0,0.63662,0.603355,CBAGJWPDSYXTURNZL49ESHSUB7TSKFYMG2,0.242424,0.757576,point_previews/task000106_mu000064_rho100_n1.png
0.1,256,8,license_plate_bahnschrift.ttf,CBAGJWPD6YXT0RNZL49E3HSU875KFVMQ2,7,11,0,0.085,5.059644,0.959381,1.907975,CBAGJWPDSYRTURNZL49ESHSUBTSKFYMQZ,0.272727,0.727273,point_previews/task000107_mu000256_rho010_n0.png
0.1,256,8,license_plate_bahnschrift.ttf,CBAGJWPD6YXT0RNZL49E3HSU875KFVMQ2,7,11,1,0.085,5.059644,0.959381,1.907975,CBAGJWPDSYXTRNZLS9ESHSUBTSKFYMQ2,0.242424,0.757576,point_previews/task000107_mu000256_rho010_n1.png
0.2,256,8,license_plate_bahnschrift.ttf,CBAGJWPD6YXT0RNZL49E3HSU875KFVMQ2,7,11,0,0.17,7.155418,0.919759,1.349142,CBAGJWPDSYXTRNZL49ESHSUBTSKFYMQZ,0.242424,0.757576,point_previews/task000107_mu000256_rho020_n0.png
0.2,256,8,license_plate_bahnschrift.ttf,CBAGJWPD6YXT0RNZL49E3HSU875KFVMQ2,7,11,1,0.17,7.155418,0.919759,1.349142,CBAGJWPDSYXTRNZL49ESHSUSTSKEYMQ2Z,0.272727,0.727273,point_previews/task000107_mu000256_rho020_n1.png
0.3,256,8,license_plate_bahnschrift.ttf,CBAGJWPD6YXT0RNZL49E3HSU875KFVMQ2,7,11,0,0.255,8.763561,0.881116,1.10157,CBAGJWPDSYXTRNZL49E3HSUBTSKFYMQ2,0.181818,0.818182,point_previews/task000107_mu000256_rho030_n0.png
0.3,256,8,license_plate_bahnschrift.ttf,CBAGJWPD6YXT0RNZL49E3HSU875KFVMQ2,7,11,1,0.255,8.763561,0.881116,1.10157,CBAGJWPDSYXTRNZL49ESHSUBTSKFVMQ2,0.181818,0.818182,point_previews/task000107_mu000256_rho030_n1.png
0.4,256,8,license_plate_bahnschrift.ttf,CBAGJWPD6YXT0RNZL49E3HSU875KFVMQ2,7,11,0,0.34,10.119289,0.843436,0.953987,CBAGJWPD6YXTRNZL49ESHSUBTSKFYMGZ,0.242424,0.757576,point_previews/task000107_mu000256_rho040_n0.png
0.4,256,8,license_plate_bahnschrift.ttf,CBAGJWPD6YXT0RNZL49E3HSU875KFVMQ2,7,11,1,0.34,10.119289,0.843436,0.953987,CBAGJWPD6YXTRNZL49ESHSUBTSKFYMGQ2,0.212121,0.787879,point_previews/task000107_mu000256_rho040_n1.png
0.5,256,8,license_plate_bahnschrift.ttf,CBAGJWPD6YXT0RNZL49E3HSU875KFVMQ2,7,11,0,0.425,11.313708,0.8067,0.853272,CBAGJWPD6YXTQRNZL49ESHSUSTSKFYMGZ,0.242424,0.757576,point_previews/task000107_mu000256_rho050_n0.png
0.5,256,8,license_plate_bahnschrift.ttf,CBAGJWPD6YXT0RNZL49E3HSU875KFVMQ2,7,11,1,0.425,11.313708,0.8067,0.853272,CBAGJWPD6YXTRNZL49ESHSUBTSKFYMQ2,0.181818,0.818182,point_previews/task000107_mu000256_rho050_n1.png
0.6,256,8,license_plate_bahnschrift.ttf,CBAGJWPD6YXT0RNZL49E3HSU875KFVMQ2,7,11,0,0.51,12.393547,0.770893,0.778927,CBAGJWPD6YXTGRNZL49ESHSUSTSKFYMGZ,0.242424,0.757576,point_previews/task000107_mu000256_rho060_n0.png
0.6,256,8,license_plate_bahnschrift.ttf,CBAGJWPD6YXT0RNZL49E3HSU875KFVMQ2,7,11,1,0.51,12.393547,0.770893,0.778927,CBAGJWPD6EYXTRNZL49ESHSUBTSKFYMGQZ,0.272727,0.727273,point_previews/task000107_mu000256_rho060_n1.png
0.7,256,8,license_plate_bahnschrift.ttf,CBAGJWPD6YXT0RNZL49E3HSU875KFVMQ2,7,11,0,0.595,13.38656,0.735998,0.721147,CBAGJWPD6YXTRNZL49ESHSUBTSKFYVMQ2,0.181818,0.818182,point_previews/task000107_mu000256_rho070_n0.png
0.7,256,8,license_plate_bahnschrift.ttf,CBAGJWPD6YXT0RNZL49E3HSU875KFVMQ2,7,11,1,0.595,13.38656,0.735998,0.721147,CBAGJWPD6YXTGRNZL49ESHSUBTSKFYMG2,0.212121,0.787879,point_previews/task000107_mu000256_rho070_n1.png
0.8,256,8,license_plate_bahnschrift.ttf,CBAGJWPD6YXT0RNZL49E3HSU875KFVMQ2,7,11,0,0.68,14.310835,0.701998,0.674571,CBAGJWPD6YXTRNZL49ESHSUBTSKFYMQ2,0.181818,0.818182,point_previews/task000107_mu000256_rho080_n0.png
0.8,256,8,license_plate_bahnschrift.ttf,CBAGJWPD6YXT0RNZL49E3HSU875KFVMQ2,7,11,1,0.68,14.310835,0.701998,0.674571,CBAGJWPD6YXTRNZL49ESHSUBTSKFVMG2,0.181818,0.818182,point_previews/task000107_mu000256_rho080_n1.png
0.9,256,8,license_plate_bahnschrift.ttf,CBAGJWPD6YXT0RNZL49E3HSU875KFVMQ2,7,11,0,0.765,15.178933,0.668877,0.635992,CBAGJWPD46YXTRNZL49ESHSUSTSKFYMQ2,0.212121,0.787879,point_previews/task000107_mu000256_rho090_n0.png
0.9,256,8,license_plate_bahnschrift.ttf,CBAGJWPD6YXT0RNZL49E3HSU875KFVMQ2,7,11,1,0.765,15.178933,0.668877,0.635992,CBAGJWPD6YXTRNZL49ESHSUBTSKFYMQG2,0.212121,0.787879,point_previews/task000107_mu000256_rho090_n1.png
1.0,256,8,license_plate_bahnschrift.ttf,CBAGJWPD6YXT0RNZL49E3HSU875KFVMQ2,7,11,0,0.85,16.0,0.63662,0.603355,CBAGJWPD6YXTRNZL49ESHSUBTSKFYMQ2,0.181818,0.818182,point_previews/task000107_mu000256_rho100_n0.png
1.0,256,8,license_plate_bahnschrift.ttf,CBAGJWPD6YXT0RNZL49E3HSU875KFVMQ2,7,11,1,0.85,16.0,0.63662,0.603355,CBAGJWPD6YXTRNZL49ESHSUSTSKFYMQ2,0.181818,0.818182,point_previews/task000107_mu000256_rho100_n1.png
0.1,1024,8,license_plate_bahnschrift.ttf,CBAGJWPD6YXT0RNZL49E3HSU875KFVMQ2,7,11,0,0.085,5.059644,0.959381,1.907975,CBAGJWPD6XTRNZL49ESHSUSTSKFYMQZ,0.242424,0.757576,point_previews/task000108_mu001024_rho010_n0.png
0.1,1024,8,license_plate_bahnschrift.ttf,CBAGJWPD6YXT0RNZL49E3HSU875KFVMQ2,7,11,1,0.085,5.059644,0.959381,1.907975,CBAGJWPDSXTRNZL49ESHSUBTSKFYMQ2,0.242424,0.757576,point_previews/task000108_mu001024_rho010_n1.png
0.2,1024,8,license_plate_bahnschrift.ttf,CBAGJWPD6YXT0RNZL49E3HSU875KFVMQ2,7,11,0,0.17,7.155418,0.919759,1.349142,CBAGJWPD6YXTRNZL49ESHSUBTSKFYMQZ,0.212121,0.787879,point_previews/task000108_mu001024_rho020_n0.png
0.2,1024,8,license_plate_bahnschrift.ttf,CBAGJWPD6YXT0RNZL49E3HSU875KFVMQ2,7,11,1,0.17,7.155418,0.919759,1.349142,CBAGJWPDSYXTRNZL49ESHSUBTSKFYMQ2,0.212121,0.787879,point_previews/task000108_mu001024_rho020_n1.png
0.3,1024,8,license_plate_bahnschrift.ttf,CBAGJWPD6YXT0RNZL49E3HSU875KFVMQ2,7,11,0,0.255,8.763561,0.881116,1.10157,CBAGJWPDSYXTRNZL49ESHSUBTSKFYMQ2,0.212121,0.787879,point_previews/task000108_mu001024_rho030_n0.png
0.3,1024,8,license_plate_bahnschrift.ttf,CBAGJWPD6YXT0RNZL49E3HSU875KFVMQ2,7,11,1,0.255,8.763561,0.881116,1.10157,CBAGJWPD4SYXTRNZL49ESHSUBTSKFYMQ2,0.242424,0.757576,point_previews/task000108_mu001024_rho030_n1.png
0.4,1024,8,license_plate_bahnschrift.ttf,CBAGJWPD6YXT0RNZL49E3HSU875KFVMQ2,7,11,0,0.34,10.119289,0.843436,0.953987,CBAGJWPD6SYXTRNZL49ESHSUBTSKFYMQ2,0.212121,0.787879,point_previews/task000108_mu001024_rho040_n0.png
0.4,1024,8,license_plate_bahnschrift.ttf,CBAGJWPD6YXT0RNZL49E3HSU875KFVMQ2,7,11,1,0.34,10.119289,0.843436,0.953987,CBAGJWPD6YXTRNZL49ESHSUBTSKFYMQ2,0.181818,0.818182,point_previews/task000108_mu001024_rho040_n1.png
0.5,1024,8,license_plate_bahnschrift.ttf,CBAGJWPD6YXT0RNZL49E3HSU875KFVMQ2,7,11,0,0.425,11.313708,0.8067,0.853272,CBAGJWPDSEYXTRNZL49ESHSUBTSKFYMQ2,0.242424,0.757576,point_previews/task000108_mu001024_rho050_n0.png
0.5,1024,8,license_plate_bahnschrift.ttf,CBAGJWPD6YXT0RNZL49E3HSU875KFVMQ2,7,11,1,0.425,11.313708,0.8067,0.853272,CBAGJWPD6YXTRNZL49ESHSUBTSKFYMQ2Z,0.212121,0.787879,point_previews/task000108_mu001024_rho050_n1.png
0.6,1024,8,license_plate_bahnschrift.ttf,CBAGJWPD6YXT0RNZL49E3HSU875KFVMQ2,7,11,0,0.51,12.393547,0.770893,0.778927,CBAGJWPD6YXTRNZL49ESHSUBTSKFYMQ2,0.181818,0.818182,point_previews/task000108_mu001024_rho060_n0.png
0.6,1024,8,license_plate_bahnschrift.ttf,CBAGJWPD6YXT0RNZL49E3HSU875KFVMQ2,7,11,1,0.51,12.393547,0.770893,0.778927,CBAGJWPD6YXTRNZL49ESHSUBTSKFYMG2,0.212121,0.787879,point_previews/task000108_mu001024_rho060_n1.png
0.7,1024,8,license_plate_bahnschrift.ttf,CBAGJWPD6YXT0RNZL49E3HSU875KFVMQ2,7,11,0,0.595,13.38656,0.735998,0.721147,CBAGJWPD6YXTRNZL49ESHSUBTSKFYMQZ,0.212121,0.787879,point_previews/task000108_mu001024_rho070_n0.png
0.7,1024,8,license_plate_bahnschrift.ttf,CBAGJWPD6YXT0RNZL49E3HSU875KFVMQ2,7,11,1,0.595,13.38656,0.735998,0.721147,CBAGJWPD6YXTRNZL49ESHSUBTSKFYMQ2,0.181818,0.818182,point_previews/task000108_mu001024_rho070_n1.png
0.8,1024,8,license_plate_bahnschrift.ttf,CBAGJWPD6YXT0RNZL49E3HSU875KFVMQ2,7,11,0,0.68,14.310835,0.701998,0.674571,CBAGJWPD6YXTRNZL49ESHSUBTSKFYMGQ2,0.212121,0.787879,point_previews/task000108_mu001024_rho080_n0.png
0.8,1024,8,license_plate_bahnschrift.ttf,CBAGJWPD6YXT0RNZL49E3HSU875KFVMQ2,7,11,1,0.68,14.310835,0.701998,0.674571,CBAGJWPD6YXTRNZL49ESHSUBTSKFYMQ2,0.181818,0.818182,point_previews/task000108_mu001024_rho080_n1.png
0.9,1024,8,license_plate_bahnschrift.ttf,CBAGJWPD6YXT0RNZL49E3HSU875KFVMQ2,7,11,0,0.765,15.178933,0.668877,0.635992,CBAGJWPD6YXTRNZL49ESHSUBTSKFYMG2,0.212121,0.787879,point_previews/task000108_mu001024_rho090_n0.png
0.9,1024,8,license_plate_bahnschrift.ttf,CBAGJWPD6YXT0RNZL49E3HSU875KFVMQ2,7,11,1,0.765,15.178933,0.668877,0.635992,CBAGJWPD46YXTRNZL49ESHSUBTSKFYMQ2,0.212121,0.787879,point_previews/task000108_mu001024_rho090_n1.png
1.0,1024,8,license_plate_bahnschrift.ttf,CBAGJWPD6YXT0RNZL49E3HSU875KFVMQ2,7,11,0,0.85,16.0,0.63662,0.603355,CBAGJWPD6YXTRNZL49E3HSUBTSKFYMG2,0.181818,0.818182,point_previews/task000108_mu001024_rho100_n0.png
1.0,1024,8,license_plate_bahnschrift.ttf,CBAGJWPD6YXT0RNZL49E3HSU875KFVMQ2,7,11,1,0.85,16.0,0.63662,0.603355,CBAGJWPD6YXTRNZL49ESHSUB7TSKFYMQ2,0.181818,0.818182,point_previews/task000108_mu001024_rho100_n1.png
0.1,4096,8,license_plate_bahnschrift.ttf,CBAGJWPD6YXT0RNZL49E3HSU875KFVMQ2,7,11,0,0.085,5.059644,0.959381,1.907975,CBAGJWPDSYXTRNZL49ESHSUBTSKFYMQ2,0.212121,0.787879,point_previews/task000109_mu004096_rho010_n0.png
0.1,4096,8,license_plate_bahnschrift.ttf,CBAGJWPD6YXT0RNZL49E3HSU875KFVMQ2,7,11,1,0.085,5.059644,0.959381,1.907975,CBAGJWPD6XTRNZL49ESHSUBTSKFYMQZ,0.242424,0.757576,point_previews/task000109_mu004096_rho010_n1.png
0.2,4096,8,license_plate_bahnschrift.ttf,CBAGJWPD6YXT0RNZL49E3HSU875KFVMQ2,7,11,0,0.17,7.155418,0.919759,1.349142,CBAGJWPDSYXTRNZL49ESHSUBTSKFYMQ2,0.212121,0.787879,point_previews/task000109_mu004096_rho020_n0.png
0.2,4096,8,license_plate_bahnschrift.ttf,CBAGJWPD6YXT0RNZL49E3HSU875KFVMQ2,7,11,1,0.17,7.155418,0.919759,1.349142,CBAGJWPD6XTRNZL49ESHSUBTSKFYMQ2Z,0.242424,0.757576,point_previews/task000109_mu004096_rho020_n1.png
0.3,4096,8,license_plate_bahnschrift.ttf,CBAGJWPD6YXT0RNZL49E3HSU875KFVMQ2,7,11,0,0.255,8.763561,0.881116,1.10157,CBAGJWPDSYXTRNZL49ESHSUBTSKFYMQ2,0.212121,0.787879,point_previews/task000109_mu004096_rho030_n0.png
0.3,4096,8,license_plate_bahnschrift.ttf,CBAGJWPD6YXT0RNZL49E3HSU875KFVMQ2,7,11,1,0.255,8.763561,0.881116,1.10157,CBAGJWPDSYXTRNZL49ESHSUBTSKFYMQ2,0.212121,0.787879,point_previews/task000109_mu004096_rho030_n1.png
0.4,4096,8,license_plate_bahnschrift.ttf,CBAGJWPD6YXT0RNZL49E3HSU875KFVMQ2,7,11,0,0.34,10.119289,0.843436,0.953987,CBAGJWPD6YXTRNZL49ESHSUBTSKFYMQ2,0.181818,0.818182,point_previews/task000109_mu004096_rho040_n0.png
0.4,4096,8,license_plate_bahnschrift.ttf,CBAGJWPD6YXT0RNZL49E3HSU875KFVMQ2,7,11,1,0.34,10.119289,0.843436,0.953987,CBAGJWPD6YXTRNZL49ESHSUBTSKFYMQ2,0.181818,0.818182,point_previews/task000109_mu004096_rho040_n1.png
0.5,4096,8,license_plate_bahnschrift.ttf,CBAGJWPD6YXT0RNZL49E3HSU875KFVMQ2,7,11,0,0.425,11.313708,0.8067,0.853272,CBAGJWPD6YXTRNZL49ESHSUBTSKFYMQ2,0.181818,0.818182,point_previews/task000109_mu004096_rho050_n0.png
0.5,4096,8,license_plate_bahnschrift.ttf,CBAGJWPD6YXT0RNZL49E3HSU875KFVMQ2,7,11,1,0.425,11.313708,0.8067,0.853272,CBAGJWPD6YXTRNZL49ESHSUBTSKFYMQ2,0.181818,0.818182,point_previews/task000109_mu004096_rho050_n1.png
0.6,4096,8,license_plate_bahnschrift.ttf,CBAGJWPD6YXT0RNZL49E3HSU875KFVMQ2,7,11,0,0.51,12.393547,0.770893,0.778927,CBAGJWPD6YXTRNZL49ESHSUBTSKFYMQ2,0.181818,0.818182,point_previews/task000109_mu004096_rho060_n0.png
0.6,4096,8,license_plate_bahnschrift.ttf,CBAGJWPD6YXT0RNZL49E3HSU875KFVMQ2,7,11,1,0.51,12.393547,0.770893,0.778927,CBAGJWPD6YXTRNZL49ESHSUBTSKFYMQ2,0.181818,0.818182,point_previews/task000109_mu004096_rho060_n1.png
0.7,4096,8,license_plate_bahnschrift.ttf,CBAGJWPD6YXT0RNZL49E3HSU875KFVMQ2,7,11,0,0.595,13.38656,0.735998,0.721147,CBAGJWPD6YXTRNZL49ESHSUBTSKFYMQ2,0.181818,0.818182,point_previews/task000109_mu004096_rho070_n0.png
0.7,4096,8,license_plate_bahnschrift.ttf,CBAGJWPD6YXT0RNZL49E3HSU875KFVMQ2,7,11,1,0.595,13.38656,0.735998,0.721147,CBAGJWPD6YXTRNZL49ESHSUBTSKFYMQ2,0.181818,0.818182,point_previews/task000109_mu004096_rho070_n1.png
0.8,4096,8,license_plate_bahnschrift.ttf,CBAGJWPD6YXT0RNZL49E3HSU875KFVMQ2,7,11,0,0.68,14.310835,0.701998,0.674571,CBAGJWPD6YXTRNZL49ESHSUBTSKFYMQ2,0.181818,0.818182,point_previews/task000109_mu004096_rho080_n0.png
0.8,4096,8,license_plate_bahnschrift.ttf,CBAGJWPD6YXT0RNZL49E3HSU875KFVMQ2,7,11,1,0.68,14.310835,0.701998,0.674571,CBAGJWPD6YXTRNZL49ESHSUBTSKFYMQ2,0.181818,0.818182,point_previews/task000109_mu004096_rho080_n1.png
0.9,4096,8,license_plate_bahnschrift.ttf,CBAGJWPD6YXT0RNZL49E3HSU875KFVMQ2,7,11,0,0.765,15.178933,0.668877,0.635992,CBAGJWPD6YXTRNZL49ESHSUBTSKFYMQ2,0.181818,0.818182,point_previews/task000109_mu004096_rho090_n0.png
0.9,4096,8,license_plate_bahnschrift.ttf,CBAGJWPD6YXT0RNZL49E3HSU875KFVMQ2,7,11,1,0.765,15.178933,0.668877,0.635992,CBAGJWPD6YXTRNZL49ESHSUBTSKFYMQ2,0.181818,0.818182,point_previews/task000109_mu004096_rho090_n1.png
1.0,4096,8,license_plate_bahnschrift.ttf,CBAGJWPD6YXT0RNZL49E3HSU875KFVMQ2,7,11,0,0.85,16.0,0.63662,0.603355,CBAGJWPD6YXTRNZL49E3HSUBTSKFYMQ2,0.151515,0.848485,point_previews/task000109_mu004096_rho100_n0.png
1.0,4096,8,license_plate_bahnschrift.ttf,CBAGJWPD6YXT0RNZL49E3HSU875KFVMQ2,7,11,1,0.85,16.0,0.63662,0.603355,CBAGJWPD6YXTRNZL49E3HSUB7TSKFYMQ2,0.151515,0.848485,point_previews/task000109_mu004096_rho100_n1.png
0.1,16384,8,license_plate_bahnschrift.ttf,CBAGJWPD6YXT0RNZL49E3HSU875KFVMQ2,7,11,0,0.085,5.059644,0.959381,1.907975,CBAGJWPDSYXTRNZL49ESHSUSTSKFYMQ2Z,0.242424,0.757576,point_previews/task000110_mu016384_rho010_n0.png
0.1,16384,8,license_plate_bahnschrift.ttf,CBAGJWPD6YXT0RNZL49E3HSU875KFVMQ2,7,11,1,0.085,5.059644,0.959381,1.907975,CBAGJWPDS6XTRNZL49ESHSUBTSKFYMQZ,0.272727,0.727273,point_previews/task000110_mu016384_rho010_n1.png
0.2,16384,8,license_plate_bahnschrift.ttf,CBAGJWPD6YXT0RNZL49E3HSU875KFVMQ2,7,11,0,0.17,7.155418,0.919759,1.349142,CBAGJWPD6XTRNZL49ESHSUBTSKFYMQ2Z,0.242424,0.757576,point_previews/task000110_mu016384_rho020_n0.png
0.2,16384,8,license_plate_bahnschrift.ttf,CBAGJWPD6YXT0RNZL49E3HSU875KFVMQ2,7,11,1,0.17,7.155418,0.919759,1.349142,CBAGJWPDSYXTRNZL49ESHSUBTSKFYMQ2,0.212121,0.787879,point_previews/task000110_mu016384_rho020_n1.png
0.3,16384,8,license_plate_bahnschrift.ttf,CBAGJWPD6YXT0RNZL49E3HSU875KFVMQ2,7,11,0,0.255,8.763561,0.881116,1.10157,CBAGJWPD6YXTRNZL49ESHSUBTSKFYMQ2,0.181818,0.818182,point_previews/task000110_mu016384_rho030_n0.png
0.3,16384,8,license_plate_bahnschrift.ttf,CBAGJWPD6YXT0RNZL49E3HSU875KFVMQ2,7,11,1,0.255,8.763561,0.881116,1.10157,CBAGJWPDSYXTRNZL49ESHSUBTSKFYMQ2,0.212121,0.787879,point_previews/task000110_mu016384_rho030_n1.png
0.4,16384,8,license_plate_bahnschrift.ttf,CBAGJWPD6YXT0RNZL49E3HSU875KFVMQ2,7,11,0,0.34,10.119289,0.843436,0.953987,CBAGJWPD6YXTRNZL49ESHSUBTSKFYMQ2,0.181818,0.818182,point_previews/task000110_mu016384_rho040_n0.png
0.4,16384,8,license_plate_bahnschrift.ttf,CBAGJWPD6YXT0RNZL49E3HSU875KFVMQ2,7,11,1,0.34,10.119289,0.843436,0.953987,CBAGJWPD6YXTRNZL49ESHSUBTSKFYMQ2,0.181818,0.818182,point_previews/task000110_mu016384_rho040_n1.png
0.5,16384,8,license_plate_bahnschrift.ttf,CBAGJWPD6YXT0RNZL49E3HSU875KFVMQ2,7,11,0,0.425,11.313708,0.8067,0.853272,CBAGJWPD6YXTRNZL49ESHSUBTSKFYMQ2,0.181818,0.818182,point_previews/task000110_mu016384_rho050_n0.png
0.5,16384,8,license_plate_bahnschrift.ttf,CBAGJWPD6YXT0RNZL49E3HSU875KFVMQ2,7,11,1,0.425,11.313708,0.8067,0.853272,CBAGJWPD6YXTRNZL49ESHSUBTSKFYMQ2,0.181818,0.818182,point_previews/task000110_mu016384_rho050_n1.png
0.6,16384,8,license_plate_bahnschrift.ttf,CBAGJWPD6YXT0RNZL49E3HSU875KFVMQ2,7,11,0,0.51,12.393547,0.770893,0.778927,CBAGJWPD6YXTRNZL49ESHSUBTSKFYMQ2,0.181818,0.818182,point_previews/task000110_mu016384_rho060_n0.png
0.6,16384,8,license_plate_bahnschrift.ttf,CBAGJWPD6YXT0RNZL49E3HSU875KFVMQ2,7,11,1,0.51,12.393547,0.770893,0.778927,CBAGJWPD6YXTRNZL49ESHSUBTSKFYMQ2,0.181818,0.818182,point_previews/task000110_mu016384_rho060_n1.png
0.7,16384,8,license_plate_bahnschrift.ttf,CBAGJWPD6YXT0RNZL49E3HSU875KFVMQ2,7,11,0,0.595,13.38656,0.735998,0.721147,CBAGJWPD6YXTRNZL49ESHSUBTSKFYMQ2,0.181818,0.818182,point_previews/task000110_mu016384_rho070_n0.png
0.7,16384,8,license_plate_bahnschrift.ttf,CBAGJWPD6YXT0RNZL49E3HSU875KFVMQ2,7,11,1,0.595,13.38656,0.735998,0.721147,CBAGJWPD6YXTRNZL49ESHSUBTSKFYMQ2,0.181818,0.818182,point_previews/task000110_mu016384_rho070_n1.png
0.8,16384,8,license_plate_bahnschrift.ttf,CBAGJWPD6YXT0RNZL49E3HSU875KFVMQ2,7,11,0,0.68,14.310835,0.701998,0.674571,CBAGJWPD6YXTRNZL49ESHSUBTSKFYMQ2,0.181818,0.818182,point_previews/task000110_mu016384_rho080_n0.png
0.8,16384,8,license_plate_bahnschrift.ttf,CBAGJWPD6YXT0RNZL49E3HSU875KFVMQ2,7,11,1,0.68,14.310835,0.701998,0.674571,CBAGJWPD6YXTRNZL49ESHSUBTSKFYMQ2,0.181818,0.818182,point_previews/task000110_mu016384_rho080_n1.png
0.9,16384,8,license_plate_bahnschrift.ttf,CBAGJWPD6YXT0RNZL49E3HSU875KFVMQ2,7,11,0,0.765,15.178933,0.668877,0.635992,CBAGJWPD6YXTRNZL49ESHSUBTSKFYMQ2,0.181818,0.818182,point_previews/task000110_mu016384_rho090_n0.png
0.9,16384,8,license_plate_bahnschrift.ttf,CBAGJWPD6YXT0RNZL49E3HSU875KFVMQ2,7,11,1,0.765,15.178933,0.668877,0.635992,CBAGJWPD6YXTRNZL49ESHSUBTSKFYMQ2,0.181818,0.818182,point_previews/task000110_mu016384_rho090_n1.png
1.0,16384,8,license_plate_bahnschrift.ttf,CBAGJWPD6YXT0RNZL49E3HSU875KFVMQ2,7,11,0,0.85,16.0,0.63662,0.603355,CBAGJWPD6YXTRNZL49E3HSUB7TSKFYMG2,0.181818,0.818182,point_previews/task000110_mu016384_rho100_n0.png
1.0,16384,8,license_plate_bahnschrift.ttf,CBAGJWPD6YXT0RNZL49E3HSU875KFVMQ2,7,11,1,0.85,16.0,0.63662,0.603355,CBAGJWPD6YXTRNZL49ESHSUB7TSKFYMG2,0.212121,0.787879,point_previews/task000110_mu016384_rho100_n1.png
0.1,65536,8,license_plate_bahnschrift.ttf,CBAGJWPD6YXT0RNZL49E3HSU875KFVMQ2,7,11,0,0.085,5.059644,0.959381,1.907975,CBAGJWPDS6XTRNZL49ESHSUBTSKFYMQZ,0.272727,0.727273,point_previews/task000111_mu065536_rho010_n0.png
0.1,65536,8,license_plate_bahnschrift.ttf,CBAGJWPD6YXT0RNZL49E3HSU875KFVMQ2,7,11,1,0.085,5.059644,0.959381,1.907975,CBAGJWPDSXTRNZL49ESHSUBTSKFYMQZ,0.272727,0.727273,point_previews/task000111_mu065536_rho010_n1.png
0.2,65536,8,license_plate_bahnschrift.ttf,CBAGJWPD6YXT0RNZL49E3HSU875KFVMQ2,7,11,0,0.17,7.155418,0.919759,1.349142,CBAGJWPD6YXTRNZL49ESHSUBTSKFYMQZ,0.212121,0.787879,point_previews/task000111_mu065536_rho020_n0.png
0.2,65536,8,license_plate_bahnschrift.ttf,CBAGJWPD6YXT0RNZL49E3HSU875KFVMQ2,7,11,1,0.17,7.155418,0.919759,1.349142,CBAGJWPDE6YXTRNZL49ESHSUBTSKFYMQ2Z,0.242424,0.757576,point_previews/task000111_mu065536_rho020_n1.png
0.3,65536,8,license_plate_bahnschrift.ttf,CBAGJWPD6YXT0RNZL49E3HSU875KFVMQ2,7,11,0,0.255,8.763561,0.881116,1.10157,CBAGJWPDSYXTRNZL49ESHSUBTSKFYMQ2,0.212121,0.787879,point_previews/task000111_mu065536_rho030_n0.png
0.3,65536,8,license_plate_bahnschrift.ttf,CBAGJWPD6YXT0RNZL49E3HSU875KFVMQ2,7,11,1,0.255,8.763561,0.881116,1.10157,CBAGJWPDSYXTRNZL49ESHSUBTSKFYMQ2,0.212121,0.787879,point_previews/task000111_mu065536_rho030_n1.png
0.4,65536,8,license_plate_bahnschrift.ttf,CBAGJWPD6YXT0RNZL49E3HSU875KFVMQ2,7,11,0,0.34,10.119289,0.843436,0.953987,CBAGJWPD6YXTRNZL49ESHSUBTSKFYMQ2,0.181818,0.818182,point_previews/task000111_mu065536_rho040_n0.png
0.4,65536,8,license_plate_bahnschrift.ttf,CBAGJWPD6YXT0RNZL49E3HSU875KFVMQ2,7,11,1,0.34,10.119289,0.843436,0.953987,CBAGJWPD6YXTRNZL49ESHSUBTSKFYMQ2,0.181818,0.818182,point_previews/task000111_mu065536_rho040_n1.png
0.5,65536,8,license_plate_bahnschrift.ttf,CBAGJWPD6YXT0RNZL49E3HSU875KFVMQ2,7,11,0,0.425,11.313708,0.8067,0.853272,CBAGJWPD6YXTRNZL49ESHSUBTSKFYMQ2,0.181818,0.818182,point_previews/task000111_mu065536_rho050_n0.png
0.5,65536,8,license_plate_bahnschrift.ttf,CBAGJWPD6YXT0RNZL49E3HSU875KFVMQ2,7,11,1,0.425,11.313708,0.8067,0.853272,CBAGJWPD6YXTRNZL49ESHSUBTSKFYMQ2,0.181818,0.818182,point_previews/task000111_mu065536_rho050_n1.png
0.6,65536,8,license_plate_bahnschrift.ttf,CBAGJWPD6YXT0RNZL49E3HSU875KFVMQ2,7,11,0,0.51,12.393547,0.770893,0.778927,CBAGJWPD6YXTRNZL49ESHSUBTSKFYMQ2,0.181818,0.818182,point_previews/task000111_mu065536_rho060_n0.png
0.6,65536,8,license_plate_bahnschrift.ttf,CBAGJWPD6YXT0RNZL49E3HSU875KFVMQ2,7,11,1,0.51,12.393547,0.770893,0.778927,CBAGJWPD6YXTRNZL49ESHSUBTSKFYMQ2,0.181818,0.818182,point_previews/task000111_mu065536_rho060_n1.png
0.7,65536,8,license_plate_bahnschrift.ttf,CBAGJWPD6YXT0RNZL49E3HSU875KFVMQ2,7,11,0,0.595,13.38656,0.735998,0.721147,CBAGJWPD6YXTRNZL49ESHSUBTSKFYMQ2,0.181818,0.818182,point_previews/task000111_mu065536_rho070_n0.png
0.7,65536,8,license_plate_bahnschrift.ttf,CBAGJWPD6YXT0RNZL49E3HSU875KFVMQ2,7,11,1,0.595,13.38656,0.735998,0.721147,CBAGJWPD6YXTRNZL49ESHSUBTSKFYMQ2,0.181818,0.818182,point_previews/task000111_mu065536_rho070_n1.png
0.8,65536,8,license_plate_bahnschrift.ttf,CBAGJWPD6YXT0RNZL49E3HSU875KFVMQ2,7,11,0,0.68,14.310835,0.701998,0.674571,CBAGJWPD6YXTRNZL49ESHSUBTSKFYMGQ2,0.212121,0.787879,point_previews/task000111_mu065536_rho080_n0.png
0.8,65536,8,license_plate_bahnschrift.ttf,CBAGJWPD6YXT0RNZL49E3HSU875KFVMQ2,7,11,1,0.68,14.310835,0.701998,0.674571,CBAGJWPD6YXTRNZL49ESHSUBTSKFYMQ2,0.181818,0.818182,point_previews/task000111_mu065536_rho080_n1.png
0.9,65536,8,license_plate_bahnschrift.ttf,CBAGJWPD6YXT0RNZL49E3HSU875KFVMQ2,7,11,0,0.765,15.178933,0.668877,0.635992,CBAGJWPD6YXTRNZL49ESHSUBTSKFYMQ2,0.181818,0.818182,point_previews/task000111_mu065536_rho090_n0.png
0.9,65536,8,license_plate_bahnschrift.ttf,CBAGJWPD6YXT0RNZL49E3HSU875KFVMQ2,7,11,1,0.765,15.178933,0.668877,0.635992,CBAGJWPD6YXTRNZL49ESHSUBTSKFYMQ2,0.181818,0.818182,point_previews/task000111_mu065536_rho090_n1.png
1.0,65536,8,license_plate_bahnschrift.ttf,CBAGJWPD6YXT0RNZL49E3HSU875KFVMQ2,7,11,0,0.85,16.0,0.63662,0.603355,CBAGJWPD6YXTRNZL49E3HSUB7TSKFYMG2,0.181818,0.818182,point_previews/task000111_mu065536_rho100_n0.png
1.0,65536,8,license_plate_bahnschrift.ttf,CBAGJWPD6YXT0RNZL49E3HSU875KFVMQ2,7,11,1,0.85,16.0,0.63662,0.603355,CBAGJWPD6YXTRNZL49ESHSUBTSKFYMG2,0.212121,0.787879,point_previews/task000111_mu065536_rho100_n1.png
0.1,4,8,license_plate_bahnschrift.ttf,CBAGJWPD6YXT0RNZL49E3HSU875KFVMQ2,7,15,0,0.085,5.059644,0.959381,1.907975,ARPAARRPRTCGNLMATEEUSS,0.848485,0.151515,point_previews/task000112_mu000004_rho010_n0.png
0.1,4,8,license_plate_bahnschrift.ttf,CBAGJWPD6YXT0RNZL49E3HSU875KFVMQ2,7,15,1,0.085,5.059644,0.959381,1.907975,SSCRASAMVE,0.909091,0.090909,point_previews/task000112_mu000004_rho010_n1.png
0.2,4,8,license_plate_bahnschrift.ttf,CBAGJWPD6YXT0RNZL49E3HSU875KFVMQ2,7,15,0,0.17,7.155418,0.919759,1.349142,,1.0,0.0,point_previews/task000112_mu000004_rho020_n0.png
0.2,4,8,license_plate_bahnschrift.ttf,CBAGJWPD6YXT0RNZL49E3HSU875KFVMQ2,7,15,1,0.17,7.155418,0.919759,1.349142,,1.0,0.0,point_previews/task000112_mu000004_rho020_n1.png
0.3,4,8,license_plate_bahnschrift.ttf,CBAGJWPD6YXT0RNZL49E3HSU875KFVMQ2,7,15,0,0.255,8.763561,0.881116,1.10157,WASAECRUES,0.878788,0.121212,point_previews/task000112_mu000004_rho030_n0.png
0.3,4,8,license_plate_bahnschrift.ttf,CBAGJWPD6YXT0RNZL49E3HSU875KFVMQ2,7,15,1,0.255,8.763561,0.881116,1.10157,,1.0,0.0,point_previews/task000112_mu000004_rho030_n1.png
0.4,4,8,license_plate_bahnschrift.ttf,CBAGJWPD6YXT0RNZL49E3HSU875KFVMQ2,7,15,0,0.34,10.119289,0.843436,0.953987,MRCPTATRRRTHRUSETRN,0.848485,0.151515,point_previews/task000112_mu000004_rho040_n0.png
0.4,4,8,license_plate_bahnschrift.ttf,CBAGJWPD6YXT0RNZL49E3HSU875KFVMQ2,7,15,1,0.34,10.119289,0.843436,0.953987,RPLERCUSTRCWRNELERBT,0.878788,0.121212,point_previews/task000112_mu000004_rho040_n1.png
0.5,4,8,license_plate_bahnschrift.ttf,CBAGJWPD6YXT0RNZL49E3HSU875KFVMQ2,7,15,0,0.425,11.313708,0.8067,0.853272,BCASN,0.939394,0.060606,point_previews/task000112_mu000004_rho050_n0.png
0.5,4,8,license_plate_bahnschrift.ttf,CBAGJWPD6YXT0RNZL49E3HSU875KFVMQ2,7,15,1,0.425,11.313708,0.8067,0.853272,SESRRSRERREERS,0.909091,0.090909,point_previews/task000112_mu000004_rho050_n1.png
0.6,4,8,license_plate_bahnschrift.ttf,CBAGJWPD6YXT0RNZL49E3HSU875KFVMQ2,7,15,0,0.51,12.393547,0.770893,0.778927,LBSAACSATRMSLEPESERAES,0.818182,0.181818,point_previews/task000112_mu000004_rho060_n0.png
0.6,4,8,license_plate_bahnschrift.ttf,CBAGJWPD6YXT0RNZL49E3HSU875KFVMQ2,7,15,1,0.51,12.393547,0.770893,0.778927,EMUEERSEPNPEATEACMRES,0.939394,0.060606,point_previews/task000112_mu000004_rho060_n1.png
0.7,4,8,license_plate_bahnschrift.ttf,CBAGJWPD6YXT0RNZL49E3HSU875KFVMQ2,7,15,0,0.595,13.38656,0.735998,0.721147,SERCETLTNGPPENSAEGRES,0.878788,0.121212,point_previews/task000112_mu000004_rho070_n0.png
0.7,4,8,license_plate_bahnschrift.ttf,CBAGJWPD6YXT0RNZL49E3HSU875KFVMQ2,7,15,1,0.595,13.38656,0.735998,0.721147,RCBSSASSVRNVANMTAER,0.909091,0.090909,point_previews/task000112_mu000004_rho070_n1.png
0.8,4,8,license_plate_bahnschrift.ttf,CBAGJWPD6YXT0RNZL49E3HSU875KFVMQ2,7,15,0,0.68,14.310835,0.701998,0.674571,ESEYSSEELSEEDSEMD2,0.818182,0.181818,point_previews/task000112_mu000004_rho080_n0.png
0.8,4,8,license_plate_bahnschrift.ttf,CBAGJWPD6YXT0RNZL49E3HSU875KFVMQ2,7,15,1,0.68,14.310835,0.701998,0.674571,AAGGEAGRLAAEDFS,0.818182,0.181818,point_previews/task000112_mu000004_rho080_n1.png
0.9,4,8,license_plate_bahnschrift.ttf,CBAGJWPD6YXT0RNZL49E3HSU875KFVMQ2,7,15,0,0.765,15.178933,0.668877,0.635992,,1.0,0.0,point_previews/task000112_mu000004_rho090_n0.png
0.9,4,8,license_plate_bahnschrift.ttf,CBAGJWPD6YXT0RNZL49E3HSU875KFVMQ2,7,15,1,0.765,15.178933,0.668877,0.635992,PPSHMMRLPATES,0.878788,0.121212,point_previews/task000112_mu000004_rho090_n1.png
1.0,4,8,license_plate_bahnschrift.ttf,CBAGJWPD6YXT0RNZL49E3HSU875KFVMQ2,7,15,0,0.85,16.0,0.63662,0.603355,SHAGSREERRAREELTE,0.848485,0.151515,point_previews/task000112_mu000004_rho100_n0.png
1.0,4,8,license_plate_bahnschrift.ttf,CBAGJWPD6YXT0RNZL49E3HSU875KFVMQ2,7,15,1,0.85,16.0,0.63662,0.603355,LERSPRSFMBLGATASLRAEAE,0.909091,0.090909,point_previews/task000112_mu000004_rho100_n1.png
0.1,16,8,license_plate_bahnschrift.ttf,CBAGJWPD6YXT0RNZL49E3HSU875KFVMQ2,7,15,0,0.085,5.059644,0.959381,1.907975,PRUYCRRRRH,0.878788,0.121212,point_previews/task000113_mu000016_rho010_n0.png
0.1,16,8,license_plate_bahnschrift.ttf,CBAGJWPD6YXT0RNZL49E3HSU875KFVMQ2,7,15,1,0.085,5.059644,0.959381,1.907975,EEALAETTANYASUESESWATTSA,0.848485,0.151515,point_previews/task000113_mu000016_rho010_n1.png
0.2,16,8,license_plate_bahnschrift.ttf,CBAGJWPD6YXT0RNZL49E3HSU875KFVMQ2,7,15,0,0.17,7.155418,0.919759,1.349142,RANNYEMRASSGS,0.878788,0.121212,point_previews/task000113_mu000016_rho020_n0.png
0.2,16,8,license_plate_bahnschrift.ttf,CBAGJWPD6YXT0RNZL49E3HSU875KFVMQ2,7,15,1,0.17,7.155418,0.919759,1.349142,ERUETAEDCURAECRSESBRCEASE,0.878788,0.121212,point_previews/task000113_mu000016_rho020_n1.png
0.3,16,8,license_plate_bahnschrift.ttf,CBAGJWPD6YXT0RNZL49E3HSU875KFVMQ2,7,15,0,0.255,8.763561,0.881116,1.10157,EBAGTNPDREDRGARNSAAESRUG,0.757576,0.242424,point_previews/task000113_mu000016_rho030_n0.png
0.3,16,8,license_plate_bahnschrift.ttf,CBAGJWPD6YXT0RNZL49E3HSU875KFVMQ2,7,15,1,0.255,8.763561,0.881116,1.10157,CUACNUPERCRARNSTDESHSURTAKERA,0.69697,0.30303,point_previews/task000113_mu000016_rho030_n1.png
0.4,16,8,license_plate_bahnschrift.ttf,CBAGJWPD6YXT0RNZL49E3HSU875KFVMQ2,7,15,0,0.34,10.119289,0.843436,0.953987,CBAGSWPDESURRELMEDSUSTERPERME,0.636364,0.363636,point_previews/task000113_mu000016_rho040_n0.png
0.4,16,8,license_plate_bahnschrift.ttf,CBAGJWPD6YXT0RNZL49E3HSU875KFVMQ2,7,15,1,0.34,10.119289,0.843436,0.953987,SBAGTUPBSATCRNZUMGESRSURSKEUMED,0.606061,0.393939,point_previews/task000113_mu000016_rho040_n1.png
0.5,16,8,license_plate_bahnschrift.ttf,CBAGJWPD6YXT0RNZL49E3HSU875KFVMQ2,7,15,0,0.425,11.313708,0.8067,0.853272,CBAGAPRSYXTDRNZLAVESASUAPRY2,0.515152,0.484848,point_previews/task000113_mu000016_rho050_n0.png
0.5,16,8,license_plate_bahnschrift.ttf,CBAGJWPD6YXT0RNZL49E3HSU875KFVMQ2,7,15,1,0.425,11.313708,0.8067,0.853272,CBABANPDSTRTDNNZLEAHSHBTGKENMG2,0.545455,0.454545,point_previews/task000113_mu000016_rho050_n1.png
0.6,16,8,license_plate_bahnschrift.ttf,CBAGJWPD6YXT0RNZL49E3HSU875KFVMQ2,7,15,0,0.51,12.393547,0.770893,0.778927,CAACJWPDSYRRDRNZLGUESHSUBTSKEUMAS,0.484848,0.515152,point_previews/task000113_mu000016_rho060_n0.png
0.6,16,8,license_plate_bahnschrift.ttf,CBAGJWPD6YXT0RNZL49E3HSU875KFVMQ2,7,15,1,0.51,12.393547,0.770893,0.778927,CHAGMPEBYTARNZL4UESNSUSTSKRVMGD,0.484848,0.515152,point_previews/task000113_mu000016_rho060_n1.png
0.7,16,8,license_plate_bahnschrift.ttf,CBAGJWPD6YXT0RNZL49E3HSU875KFVMQ2,7,15,0,0.595,13.38656,0.735998,0.721147,CRAGTWPDGYRTSRNZEUPESNSUBTSREVMGZ,0.515152,0.484848,point_previews/task000113_mu000016_rho070_n0.png
0.7,16,8,license_plate_bahnschrift.ttf,CBAGJWPD6YXT0RNZL49E3HSU875KFVMQ2,7,15,1,0.595,13.38656,0.735998,0.721147,CBAGSWPBSNGBRNZLGSESHSUBTSKRYMGZ,0.515152,0.484848,point_previews/task000113_mu000016_rho070_n1.png
0.8,16,8,license_plate_bahnschrift.ttf,CBAGJWPD6YXT0RNZL49E3HSU875KFVMQ2,7,15,0,0.68,14.310835,0.701998,0.674571,,1.0,0.0,point_previews/task000113_mu000016_rho080_n0.png
0.8,16,8,license_plate_bahnschrift.ttf,CBAGJWPD6YXT0RNZL49E3HSU875KFVMQ2,7,15,1,0.68,14.310835,0.701998,0.674571,CBAGWRDSYRTURNZEAETHSHSTSKEVMGT,0.484848,0.515152,point_previews/task000113_mu000016_rho080_n1.png
0.9,16,8,license_plate_bahnschrift.ttf,CBAGJWPD6YXT0RNZL49E3HSU875KFVMQ2,7,15,0,0.765,15.178933,0.668877,0.635992,CBAGSWPDMURNZLAESMSUBTSKEYMGZ,0.515152,0.484848,point_previews/task000113_mu000016_rho090_n0.png
0.9,16,8,license_plate_bahnschrift.ttf,CBAGJWPD6YXT0RNZL49E3HSU875KFVMQ2,7,15,1,0.765,15.178933,0.668877,0.635992,CBAGJWPREYXTGRNZLUGESNSUBSKEVMG2,0.363636,0.636364,point_previews/task000113_mu000016_rho090_n1.png
1.0,16,8,license_plate_bahnschrift.ttf,CBAGJWPD6YXT0RNZL49E3HSU875KFVMQ2,7,15,0,0.85,16.0,0.63662,0.603355,CBAGUWPDEYRTGRNZLAVESHSUBTSREYMQZ,0.424242,0.575758,point_previews/task000113_mu000016_rho100_n0.png
1.0,16,8,license_plate_bahnschrift.ttf,CBAGJWPD6YXT0RNZL49E3HSU875KFVMQ2,7,15,1,0.85,16.0,0.63662,0.603355,2BAGWPDEYXTRRNZEGESNSUBTEREUMGZ,0.515152,0.484848,point_previews/task000113_mu000016_rho100_n1.png
0.1,64,8,license_plate_bahnschrift.ttf,CBAGJWPD6YXT0RNZL49E3HSU875KFVMQ2,7,15,0,0.085,5.059644,0.959381,1.907975,SCHACVPHSCTURERLSTEHSUBTSKEVGE,0.666667,0.333333,point_previews/task000114_mu000064_rho010_n0.png
0.1,64,8,license_plate_bahnschrift.ttf,CBAGJWPD6YXT0RNZL49E3HSU875KFVMQ2,7,15,1,0.085,5.059644,0.959381,1.907975,CBRAGAUPDERNTURMALASEAHSURTSKEYR,0.606061,0.393939,point_previews/task000114_mu000064_rho010_n1.png
0.2,64,8,license_plate_bahnschrift.ttf,CBAGJWPD6YXT0RNZL49E3HSU875KFVMQ2,7,15,0,0.17,7.155418,0.919759,1.349142,CBAGUWPDSYXTRNZLESHSUBTSKEVMGS,0.363636,0.636364,point_previews/task000114_mu000064_rho020_n0.png
0.2,64,8,license_plate_bahnschrift.ttf,CBAGJWPD6YXT0RNZL49E3HSU875KFVMQ2,7,15,1,0.17,7.155418,0.919759,1.349142,CBAGWPQSYXTURNZLAVESHSUBTSKEVMMQ2,0.363636,0.636364,point_previews/task000114_mu000064_rho020_n1.png
0.3,64,8,license_plate_bahnschrift.ttf,CBAGJWPD6YXT0RNZL49E3HSU875KFVMQ2,7,15,0,0.255,8.763561,0.881116,1.10157,CBAGJWPDEYXTRNZLAPESHSUBTSKEYMQZ,0.333333,0.666667,point_previews/task000114_mu000064_rho030_n0.png
0.3,64,8,license_plate_bahnschrift.ttf,CBAGJWPD6YXT0RNZL49E3HSU875KFVMQ2,7,15,1,0.255,8.763561,0.881116,1.10157,CBAGUWPDSYXTURNELUDESHSUBTSKEVMA2,0.363636,0.636364,point_previews/task000114_mu000064_rho030_n1.png
0.4,64,8,license_plate_bahnschrift.ttf,CBAGJWPD6YXT0RNZL49E3HSU875KFVMQ2,7,15,0,0.34,10.119289,0.843436,0.953987,CBAGJWPD8YXTRNZLASESHSUBTSKEVMQ2,0.272727,0.727273,point_previews/task000114_mu000064_rho040_n0.png
0.4,64,8,license_plate_bahnschrift.ttf,CBAGJWPD6YXT0RNZL49E3HSU875KFVMQ2,7,15,1,0.34,10.119289,0.843436,0.953987,CBAGUWPDSYXTURNZL49E3HSUBTSKEYMQZ,0.272727,0.727273,point_previews/task000114_mu000064_rho040_n1.png
0.5,64,8,license_plate_bahnschrift.ttf,CBAGJWPD6YXT0RNZL49E3HSU875KFVMQ2,7,15,0,0.425,11.313708,0.8067,0.853272,ACBAGJWPDEYXTRNZLAVESHSUBTSKFYMQ2,0.30303,0.69697,point_previews/task000114_mu000064_rho050_n0.png
0.5,64,8,license_plate_bahnschrift.ttf,CBAGJWPD6YXT0RNZL49E3HSU875KFVMQ2,7,15,1,0.425,11.313708,0.8067,0.853272,CBAGJWPDSYXTURNZL49E3HSUBTSKFYMQ2,0.181818,0.818182,point_previews/task000114_mu000064_rho050_n1.png
0.6,64,8,license_plate_bahnschrift.ttf,CBAGJWPD6YXT0RNZL49E3HSU875KFVMQ2,7,15,0,0.51,12.393547,0.770893,0.778927,CBAGJWPDSYXTURNZL49ESHSUBTSKFYMQ2,0.212121,0.787879,point_previews/task000114_mu000064_rho060_n0.png
0.6,64,8,license_plate_bahnschrift.ttf,CBAGJWPD6YXT0RNZL49E3HSU875KFVMQ2,7,15,1,0.51,12.393547,0.770893,0.778927,CBAGJWPD4YXTARNZLAESHSUBTSKEYMG2,0.333333,0.666667,point_previews/task000114_mu000064_rho060_n1.png
0.7,64,8,license_plate_bahnschrift.ttf,CBAGJWPD6YXT0RNZL49E3HSU875KFVMQ2,7,15,0,0.595,13.38656,0.735998,0.721147,CBAGJWPDSYXTRNZL49ESHSUBTSKFYMG2,0.242424,0.757576,point_previews/task000114_mu000064_rho070_n0.png
0.7,64,8,license_plate_bahnschrift.ttf,CBAGJWPD6YXT0RNZL49E3HSU875KFVMQ2,7,15,1,0.595,13.38656,0.735998,0.721147,CBAGJWPDSYXTGRNZL49ESHSUBTSKFYMQZ,0.242424,0.757576,point_previews/task000114_mu000064_rho070_n1.png
0.8,64,8,license_plate_bahnschrift.ttf,CBAGJWPD6YXT0RNZL49E3HSU875KFVMQ2,7,15,0,0.68,14.310835,0.701998,0.674571,CBAGJWPDSYXTRNZL49EJHSUBTSKFYMQ2,0.212121,0.787879,point_previews/task000114_mu000064_rho080_n0.png
0.8,64,8,license_plate_bahnschrift.ttf,CBAGJWPD6YXT0RNZL49E3HSU875KFVMQ2,7,15,1,0.68,14.310835,0.701998,0.674571,CBAGJWPDSYXTURNZL49ESHSUBTSKEYMG2,0.272727,0.727273,point_previews/task000114_mu000064_rho080_n1.png
0.9,64,8,license_plate_bahnschrift.ttf,CBAGJWPD6YXT0RNZL49E3HSU875KFVMQ2,7,15,0,0.765,15.178933,0.668877,0.635992,CBAGJWPDSYXTURNZL49E3HSUS7TSKEYMGZ,0.272727,0.727273,point_previews/task000114_mu000064_rho090_n0.png
0.9,64,8,license_plate_bahnschrift.ttf,CBAGJWPD6YXT0RNZL49E3HSU875KFVMQ2,7,15,1,0.765,15.178933,0.668877,0.635992,CBAGJWPD6YXTRNZL49ESHSUBTSKFVMG2,0.181818,0.818182,point_previews/task000114_mu000064_rho090_n1.png
1.0,64,8,license_plate_bahnschrift.ttf,CBAGJWPD6YXT0RNZL49E3HSU875KFVMQ2,7,15,0,0.85,16.0,0.63662,0.603355,CBAGJWPD6YXTRNZL49ESHSUBTSKFYMG2,0.212121,0.787879,point_previews/task000114_mu000064_rho100_n0.png
1.0,64,8,license_plate_bahnschrift.ttf,CBAGJWPD6YXT0RNZL49E3HSU875KFVMQ2,7,15,1,0.85,16.0,0.63662,0.603355,CBAGJWPDS6YXTURNZL49ESHSUBTSKFYMQ2Z,0.242424,0.757576,point_previews/task000114_mu000064_rho100_n1.png
0.1,256,8,license_plate_bahnschrift.ttf,CBAGJWPD6YXT0RNZL49E3HSU875KFVMQ2,7,15,0,0.085,5.059644,0.959381,1.907975,CBAGJWPDSYXTURNZL49E3HSUBTSKEVMQZ,0.212121,0.787879,point_previews/task000115_mu000256_rho010_n0.png
0.1,256,8,license_plate_bahnschrift.ttf,CBAGJWPD6YXT0RNZL49E3HSU875KFVMQ2,7,15,1,0.085,5.059644,0.959381,1.907975,CBAGJWPDSYXTURNZLAYESHSUBTSKEYMQ2,0.30303,0.69697,point_previews/task000115_mu000256_rho010_n1.png
0.2,256,8,license_plate_bahnschrift.ttf,CBAGJWPD6YXT0RNZL49E3HSU875KFVMQ2,7,15,0,0.17,7.155418,0.919759,1.349142,CBAGJWPD6YXTRNZL49ESHSUBTSKFYMQ2,0.181818,0.818182,point_previews/task000115_mu000256_rho020_n0.png
0.2,256,8,license_plate_bahnschrift.ttf,CBAGJWPD6YXT0RNZL49E3HSU875KFVMQ2,7,15,1,0.17,7.155418,0.919759,1.349142,CBAGJWPD8YXTRNZLA9ESHSUBTSKFYMQ2,0.242424,0.757576,point_previews/task000115_mu000256_rho020_n1.png
0.3,256,8,license_plate_bahnschrift.ttf,CBAGJWPD6YXT0RNZL49E3HSU875KFVMQ2,7,15,0,0.255,8.763561,0.881116,1.10157,CBAGJWPDSYXTURNZL49ESHSUBTSKFYVMQ2,0.212121,0.787879,point_previews/task000115_mu000256_rho030_n0.png
0.3,256,8,license_plate_bahnschrift.ttf,CBAGJWPD6YXT0RNZL49E3HSU875KFVMQ2,7,15,1,0.255,8.763561,0.881116,1.10157,CBAGJWPD6YXTRNZL49ESHSUBTSKFYMG2,0.212121,0.787879,point_previews/task000115_mu000256_rho030_n1.png
0.4,256,8,license_plate_bahnschrift.ttf,CBAGJWPD6YXT0RNZL49E3HSU875KFVMQ2,7,15,0,0.34,10.119289,0.843436,0.953987,CBAGJWPDSYXTRNZL49ESHSUBTSKFYMG2,0.242424,0.757576,point_previews/task000115_mu000256_rho040_n0.png
0.4,256,8,license_plate_bahnschrift.ttf,CBAGJWPD6YXT0RNZL49E3HSU875KFVMQ2,7,15,1,0.34,10.119289,0.843436,0.953987,CBAGJWPD6YXTCRNZLA9ESHSUBTSKEYMG2,0.272727,0.727273,point_previews/task000115_mu000256_rho040_n1.png
0.5,256,8,license_plate_bahnschrift.ttf,CBAGJWPD6YXT0RNZL49E3HSU875KFVMQ2,7,15,0,0.425,11.313708,0.8067,0.853272,CBAGJWPD6YXTGRNZL49ESHSUBTSKFYMG2,0.212121,0.787879,point_previews/task000115_mu000256_rho050_n0.png
0.5,256,8,license_plate_bahnschrift.ttf,CBAGJWPD6YXT0RNZL49E3HSU875KFVMQ2,7,15,1,0.425,11.313708,0.8067,0.853272,CBAGJWPD6YXTRNZLA9ESHSUBTSKFYMG2,0.242424,0.757576,point_previews/task000115_mu000256_rho050_n1.png
0.6,256,8,license_plate_bahnschrift.ttf,CBAGJWPD6YXT0RNZL49E3HSU875KFVMQ2,7,15,0,0.51,12.393547,0.770893,0.778927,CBAGJWPD6YXTCRNZL49ESHSUBTSKFYMG2,0.212121,0.787879,point_previews/task000115_mu000256_rho060_n0.png
0.6,256,8,license_plate_bahnschrift.ttf,CBAGJWPD6YXT0RNZL49E3HSU875KFVMQ2,7,15,1,0.51,12.393547,0.770893,0.778927,CBAGJWPDSYXTRNZL49ESHSUBT5SKFYMG2,0.242424,0.757576,point_previews/task000115_mu000256_rho060_n1.png
0.7,256,8,license_plate_bahnschrift.ttf,CBAGJWPD6YXT0RNZL49E3HSU875KFVMQ2,7,15,0,0.595,13.38656,0.735998,0.721147,CBAGJWPD6YXTRNZL49ESHSUBTSKFYMG2,0.212121,0.787879,point_previews/task000115_mu000256_rho070_n0.png
0.7,256,8,license_plate_bahnschrift.ttf,CBAGJWPD6YXT0RNZL49E3HSU875KFVMQ2,7,15,1,0.595,13.38656,0.735998,0.721147,CBAGJWPD6YXTRNZL49ESHSUBTSKFYMG2,0.212121,0.787879,point_previews/task000115_mu000256_rho070_n1.png
0.8,256,8,license_plate_bahnschrift.ttf,CBAGJWPD6YXT0RNZL49E3HSU875KFVMQ2,7,15,0,0.68,14.310835,0.701998,0.674571,CBAGJWPD6YXTCRNZL49ESHSUBTSKFYMG2,0.212121,0.787879,point_previews/task000115_mu000256_rho080_n0.png
0.8,256,8,license_plate_bahnschrift.ttf,CBAGJWPD6YXT0RNZL49E3HSU875KFVMQ2,7,15,1,0.68,14.310835,0.701998,0.674571,CBAGJWPD6YXTRNZL49ESHSUBTSKFEYMGQ2,0.242424,0.757576,point_previews/task000115_mu000256_rho080_n1.png
0.9,256,8,license_plate_bahnschrift.ttf,CBAGJWPD6YXT0RNZL49E3HSU875KFVMQ2,7,15,0,0.765,15.178933,0.668877,0.635992,CBAGJWPD6YXTCRNZL49ESHSUBTSKFYMG2,0.212121,0.787879,point_previews/task000115_mu000256_rho090_n0.png
0.9,256,8,license_plate_bahnschrift.ttf,CBAGJWPD6YXT0RNZL49E3HSU875KFVMQ2,7,15,1,0.765,15.178933,0.668877,0.635992,CBAGJWPD6YXTRNZL49ESHSUBTSKFYMG2,0.212121,0.787879,point_previews/task000115_mu000256_rho090_n1.png
1.0,256,8,license_plate_bahnschrift.ttf,CBAGJWPD6YXT0RNZL49E3HSU875KFVMQ2,7,15,0,0.85,16.0,0.63662,0.603355,CBAGJWPD6YXTRNZL49ESHSUBTSKFYMG2,0.212121,0.787879,point_previews/task000115_mu000256_rho100_n0.png
1.0,256,8,license_plate_bahnschrift.ttf,CBAGJWPD6YXT0RNZL49E3HSU875KFVMQ2,7,15,1,0.85,16.0,0.63662,0.603355,CBAGJWPD6YXTRNZL49ESHSUB75KFVYMG2,0.151515,0.848485,point_previews/task000115_mu000256_rho100_n1.png
0.1,1024,8,license_plate_bahnschrift.ttf,CBAGJWPD6YXT0RNZL49E3HSU875KFVMQ2,7,15,0,0.085,5.059644,0.959381,1.907975,CBAGJWPDSYXTRNZL49ESHSUBTSKEYMQ2,0.242424,0.757576,point_previews/task000116_mu001024_rho010_n0.png
0.1,1024,8,license_plate_bahnschrift.ttf,CBAGJWPD6YXT0RNZL49E3HSU875KFVMQ2,7,15,1,0.085,5.059644,0.959381,1.907975,CBAGJWPD6YXTRNZL49ESHSUBTSKFYMG2,0.212121,0.787879,point_previews/task000116_mu001024_rho010_n1.png
0.2,1024,8,license_plate_bahnschrift.ttf,CBAGJWPD6YXT0RNZL49E3HSU875KFVMQ2,7,15,0,0.17,7.155418,0.919759,1.349142,CBAGJWPDYXTRNZL49ESHSUBTSKFYMGQ2,0.242424,0.757576,point_previews/task000116_mu001024_rho020_n0.png
0.2,1024,8,license_plate_bahnschrift.ttf,CBAGJWPD6YXT0RNZL49E3HSU875KFVMQ2,7,15,1,0.17,7.155418,0.919759,1.349142,CBAGJWPDSYXTCRNZL49ESHSUBTSKFYMG2,0.242424,0.757576,point_previews/task000116_mu001024_rho020_n1.png
0.3,1024,8,license_plate_bahnschrift.ttf,CBAGJWPD6YXT0RNZL49E3HSU875KFVMQ2,7,15,0,0.255,8.763561,0.881116,1.10157,CBAGJWPD6YXTRNZL49ESHSUBTSKFYMG2,0.212121,0.787879,point_previews/task000116_mu001024_rho030_n0.png
0.3,1024,8,license_plate_bahnschrift.ttf,CBAGJWPD6YXT0RNZL49E3HSU875KFVMQ2,7,15,1,0.255,8.763561,0.881116,1.10157,CBAGJWPD6YXTCRNZL49ESHSUBTSKFYMG2,0.212121,0.787879,point_previews/task000116_mu001024_rho030_n1.png
0.4,1024,8,license_plate_bahnschrift.ttf,CBAGJWPD6YXT0RNZL49E3HSU875KFVMQ2,7,15,0,0.34,10.119289,0.843436,0.953987,CBAGJWPD6YXTRNZL49ESHSUBTSKFYMG2,0.212121,0.787879,point_previews/task000116_mu001024_rho040_n0.png
0.4,1024,8,license_plate_bahnschrift.ttf,CBAGJWPD6YXT0RNZL49E3HSU875KFVMQ2,7,15,1,0.34,10.119289,0.843436,0.953987,CBAGJWPDSYXTRNZL49ESHSUBTSKFYMG2,0.242424,0.757576,point_previews/task000116_mu001024_rho040_n1.png
0.5,1024,8,license_plate_bahnschrift.ttf,CBAGJWPD6YXT0RNZL49E3HSU875KFVMQ2,7,15,0,0.425,11.313708,0.8067,0.853272,CBAGJWPD6YXTCRNZL49ESHSUBTSKFYMG2,0.212121,0.787879,point_previews/task000116_mu001024_rho050_n0.png
0.5,1024,8,license_plate_bahnschrift.ttf,CBAGJWPD6YXT0RNZL49E3HSU875KFVMQ2,7,15,1,0.425,11.313708,0.8067,0.853272,CBAGJWPD6YXTRNZL49ESHSUBTSKFYMG2,0.212121,0.787879,point_previews/task000116_mu001024_rho050_n1.png
0.6,1024,8,license_plate_bahnschrift.ttf,CBAGJWPD6YXT0RNZL49E3HSU875KFVMQ2,7,15,0,0.51,12.393547,0.770893,0.778927,CBAGJWPD6YXTRNZL49ESHSUBTSKFYMG2,0.212121,0.787879,point_previews/task000116_mu001024_rho060_n0.png
0.6,1024,8,license_plate_bahnschrift.ttf,CBAGJWPD6YXT0RNZL49E3HSU875KFVMQ2,7,15,1,0.51,12.393547,0.770893,0.778927,CBAGJWPD6YXTRNZL49ESHSUBTSKFYMG2,0.212121,0.787879,point_previews/task000116_mu001024_rho060_n1.png
0.7,1024,8,license_plate_bahnschrift.ttf,CBAGJWPD6YXT0RNZL49E3HSU875KFVMQ2,7,15,0,0.595,13.38656,0.735998,0.721147,CBAGJWPD6YXTRNZL49ESHSUBTSKFYMG2,0.212121,0.787879,point_previews/task000116_mu001024_rho070_n0.png
0.7,1024,8,license_plate_bahnschrift.ttf,CBAGJWPD6YXT0RNZL49E3HSU875KFVMQ2,7,15,1,0.595,13.38656,0.735998,0.721147,CBAGJWPD6YXTRNZL49ESHSUBTSKFYMG2,0.212121,0.787879,point_previews/task000116_mu001024_rho070_n1.png
0.8,1024,8,license_plate_bahnschrift.ttf,CBAGJWPD6YXT0RNZL49E3HSU875KFVMQ2,7,15,0,0.68,14.310835,0.701998,0.674571,CBAGJWPD6YXTRNZL49ESHSUBTSKFYMG2,0.212121,0.787879,point_previews/task000116_mu001024_rho080_n0.png
0.8,1024,8,license_plate_bahnschrift.ttf,CBAGJWPD6YXT0RNZL49E3HSU875KFVMQ2,7,15,1,0.68,14.310835,0.701998,0.674571,CBAGJWPD6YXTRNZL49ESHSUB87TSKFYMG2,0.212121,0.787879,point_previews/task000116_mu001024_rho080_n1.png
0.9,1024,8,license_plate_bahnschrift.ttf,CBAGJWPD6YXT0RNZL49E3HSU875KFVMQ2,7,15,0,0.765,15.178933,0.668877,0.635992,CBAGJWPD6YXTRNZL49ESHSUBTSKFYMG2,0.212121,0.787879,point_previews/task000116_mu001024_rho090_n0.png
0.9,1024,8,license_plate_bahnschrift.ttf,CBAGJWPD6YXT0RNZL49E3HSU875KFVMQ2,7,15,1,0.765,15.178933,0.668877,0.635992,CBAGJWPD6YXTRNZL49ESHSUBTSKFVMG2,0.181818,0.818182,point_previews/task000116_mu001024_rho090_n1.png
1.0,1024,8,license_plate_bahnschrift.ttf,CBAGJWPD6YXT0RNZL49E3HSU875KFVMQ2,7,15,0,0.85,16.0,0.63662,0.603355,CBAGJWPD6YXTRNZL49ESHSU87SKFVYMG2,0.151515,0.848485,point_previews/task000116_mu001024_rho100_n0.png
1.0,1024,8,license_plate_bahnschrift.ttf,CBAGJWPD6YXT0RNZL49E3HSU875KFVMQ2,7,15,1,0.85,16.0,0.63662,0.603355,CBAGJWPD6YXTRNZL49ESHSUB7TSKFYMG2,0.212121,0.787879,point_previews/task000116_mu001024_rho100_n1.png
0.1,4096,8,license_plate_bahnschrift.ttf,CBAGJWPD6YXT0RNZL49E3HSU875KFVMQ2,7,15,0,0.085,5.059644,0.959381,1.907975,CBAGJWPDSYXTRNZL49ESHSUBTSKFYMG2,0.242424,0.757576,point_previews/task000117_mu004096_rho010_n0.png
0.1,4096,8,license_plate_bahnschrift.ttf,CBAGJWPD6YXT0RNZL49E3HSU875KFVMQ2,7,15,1,0.085,5.059644,0.959381,1.907975,CBAGJWPD8YXTRNZL49ESHSUBTSKFYMG2,0.242424,0.757576,point_previews/task000117_mu004096_rho010_n1.png
0.2,4096,8,license_plate_bahnschrift.ttf,CBAGJWPD6YXT0RNZL49E3HSU875KFVMQ2,7,15,0,0.17,7.155418,0.919759,1.349142,CBAGJWPDSYXTRNZL49ESHSUBTSKFYMQ2,0.212121,0.787879,point_previews/task000117_mu004096_rho020_n0.png
0.2,4096,8,license_plate_bahnschrift.ttf,CBAGJWPD6YXT0RNZL49E3HSU875KFVMQ2,7,15,1,0.17,7.155418,0.919759,1.349142,CBAGJWPDSYXTRNZL49ESHSUBTSKFYMG2,0.242424,0.757576,point_previews/task000117_mu004096_rho020_n1.png
0.3,4096,8,license_plate_bahnschrift.ttf,CBAGJWPD6YXT0RNZL49E3HSU875KFVMQ2,7,15,0,0.255,8.763561,0.881116,1.10157,CBAGJWPD6YXTCRNZL49ESHSUBTSKFYMQ2,0.181818,0.818182,point_previews/task000117_mu004096_rho030_n0.png
0.3,4096,8,license_plate_bahnschrift.ttf,CBAGJWPD6YXT0RNZL49E3HSU875KFVMQ2,7,15,1,0.255,8.763561,0.881116,1.10157,CBAGJWPD6YXTRNZL49ESHSUBTSKFYMQ2,0.181818,0.818182,point_previews/task000117_mu004096_rho030_n1.png
0.4,4096,8,license_plate_bahnschrift.ttf,CBAGJWPD6YXT0RNZL49E3HSU875KFVMQ2,7,15,0,0.34,10.119289,0.843436,0.953987,CBAGJWPD6YXTRNZL49ESHSUBTSKFYMQG2,0.212121,0.787879,point_previews/task000117_mu004096_rho040_n0.png
0.4,4096,8,license_plate_bahnschrift.ttf,CBAGJWPD6YXT0RNZL49E3HSU875KFVMQ2,7,15,1,0.34,10.119289,0.843436,0.953987,CBAGJWPD6YXTRNZL49ESHSUBTSKFYMQ2,0.181818,0.818182,point_previews/task000117_mu004096_rho040_n1.png
0.5,4096,8,license_plate_bahnschrift.ttf,CBAGJWPD6YXT0RNZL49E3HSU875KFVMQ2,7,15,0,0.425,11.313708,0.8067,0.853272,CBAGJWPD6YXTRNZL49ESHSUBTSKFYMG2,0.212121,0.787879,point_previews/task000117_mu004096_rho050_n0.png
0.5,4096,8,license_plate_bahnschrift.ttf,CBAGJWPD6YXT0RNZL49E3HSU875KFVMQ2,7,15,1,0.425,11.313708,0.8067,0.853272,CBAGJWPD6YXTRNZL49ESHSUBTSKFYMQG2,0.212121,0.787879,point_previews/task000117_mu004096_rho050_n1.png
0.6,4096,8,license_plate_bahnschrift.ttf,CBAGJWPD6YXT0RNZL49E3HSU875KFVMQ2,7,15,0,0.51,12.393547,0.770893,0.778927,CBAGJWPD6YXTRNZL49ESHSUBTSKFYMQ2,0.181818,0.818182,point_previews/task000117_mu004096_rho060_n0.png
0.6,4096,8,license_plate_bahnschrift.ttf,CBAGJWPD6YXT0RNZL49E3HSU875KFVMQ2,7,15,1,0.51,12.393547,0.770893,0.778927,CBAGJWPD6YXTRNZL49ESHSUBTSKFYMQ2,0.181818,0.818182,point_previews/task000117_mu004096_rho060_n1.png
0.7,4096,8,license_plate_bahnschrift.ttf,CBAGJWPD6YXT0RNZL49E3HSU875KFVMQ2,7,15,0,0.595,13.38656,0.735998,0.721147,CBAGJWPD6YXTRNZL49ESHSUBTSKFYMG2,0.212121,0.787879,point_previews/task000117_mu004096_rho070_n0.png
0.7,4096,8,license_plate_bahnschrift.ttf,CBAGJWPD6YXT0RNZL49E3HSU875KFVMQ2,7,15,1,0.595,13.38656,0.735998,0.721147,CBAGJWPD6YXTRNZL49ESHSUBTSKFYMGQ2,0.212121,0.787879,point_previews/task000117_mu004096_rho070_n1.png
0.8,4096,8,license_plate_bahnschrift.ttf,CBAGJWPD6YXT0RNZL49E3HSU875KFVMQ2,7,15,0,0.68,14.310835,0.701998,0.674571,CBAGJWPD6YXTRNZL49ESHSUBTSKFYMGQ2,0.212121,0.787879,point_previews/task000117_mu004096_rho080_n0.png
0.8,4096,8,license_plate_bahnschrift.ttf,CBAGJWPD6YXT0RNZL49E3HSU875KFVMQ2,7,15,1,0.68,14.310835,0.701998,0.674571,CBAGJWPD6YXTRNZL49ESHSUB7TSKFYMG2,0.212121,0.787879,point_previews/task000117_mu004096_rho080_n1.png
0.9,4096,8,license_plate_bahnschrift.ttf,CBAGJWPD6YXT0RNZL49E3HSU875KFVMQ2,7,15,0,0.765,15.178933,0.668877,0.635992,CBAGJWPD6YXTRNZL49ESHSUBTSKFVMGQG2,0.212121,0.787879,point_previews/task000117_mu004096_rho090_n0.png
0.9,4096,8,license_plate_bahnschrift.ttf,CBAGJWPD6YXT0RNZL49E3HSU875KFVMQ2,7,15,1,0.765,15.178933,0.668877,0.635992,CBAGJWPD6YXTRNZL49ESHSUBTSKFYMG2,0.212121,0.787879,point_previews/task000117_mu004096_rho090_n1.png
1.0,4096,8,license_plate_bahnschrift.ttf,CBAGJWPD6YXT0RNZL49E3HSU875KFVMQ2,7,15,0,0.85,16.0,0.63662,0.603355,CBAGJWPD6YXT0RNZL49E3SHSUBTSKFVMGQG2,0.181818,0.818182,point_previews/task000117_mu004096_rho100_n0.png
1.0,4096,8,license_plate_bahnschrift.ttf,CBAGJWPD6YXT0RNZL49E3HSU875KFVMQ2,7,15,1,0.85,16.0,0.63662,0.603355,CBAGJWPD6YXT0RNZL49ESHSUBTSKFYMG2,0.181818,0.818182,point_previews/task000117_mu004096_rho100_n1.png
0.1,16384,8,license_plate_bahnschrift.ttf,CBAGJWPD6YXT0RNZL49E3HSU875KFVMQ2,7,15,0,0.085,5.059644,0.959381,1.907975,CBAGJWPDSYXTRNZL49ESHSUBTSKFYMQ2,0.212121,0.787879,point_previews/task000118_mu016384_rho010_n0.png
0.1,16384,8,license_plate_bahnschrift.ttf,CBAGJWPD6YXT0RNZL49E3HSU875KFVMQ2,7,15,1,0.085,5.059644,0.959381,1.907975,CBAGJWPDSYXTRNZL49ESHSUBTSKFYMG2,0.242424,0.757576,point_previews/task000118_mu016384_rho010_n1.png
0.2,16384,8,license_plate_bahnschrift.ttf,CBAGJWPD6YXT0RNZL49E3HSU875KFVMQ2,7,15,0,0.17,7.155418,0.919759,1.349142,CBAGJWPDSYXTRNZL49ESHSUBTSKFYMQ2,0.212121,0.787879,point_previews/task000118_mu016384_rho020_n0.png
0.2,16384,8,license_plate_bahnschrift.ttf,CBAGJWPD6YXT0RNZL49E3HSU875KFVMQ2,7,15,1,0.17,7.155418,0.919759,1.349142,CBAGJWPDSYXTCRNZL49ESHSUBTSKFYMQ2,0.212121,0.787879,point_previews/task000118_mu016384_rho020_n1.png
0.3,16384,8,license_plate_bahnschrift.ttf,CBAGJWPD6YXT0RNZL49E3HSU875KFVMQ2,7,15,0,0.255,8.763561,0.881116,1.10157,CBAGJWPD6YXTRNZL49ESHSUBTSKFYMQG2,0.212121,0.787879,point_previews/task000118_mu016384_rho030_n0.png
0.3,16384,8,license_plate_bahnschrift.ttf,CBAGJWPD6YXT0RNZL49E3HSU875KFVMQ2,7,15,1,0.255,8.763561,0.881116,1.10157,CBAGJWPD6YXTCRNZL49ESHSUBTSKFYMQ2,0.181818,0.818182,point_previews/task000118_mu016384_rho030_n1.png
0.4,16384,8,license_plate_bahnschrift.ttf,CBAGJWPD6YXT0RNZL49E3HSU875KFVMQ2,7,15,0,0.34,10.119289,0.843436,0.953987,CBAGJWPD6YXTCRNZL49ESHSUBTSKFYMQ2,0.181818,0.818182,point_previews/task000118_mu016384_rho040_n0.png
0.4,16384,8,license_plate_bahnschrift.ttf,CBAGJWPD6YXT0RNZL49E3HSU875KFVMQ2,7,15,1,0.34,10.119289,0.843436,0.953987,CBAGJWPD6YXTRNZL49ESHSUBTSKFYMQ2,0.181818,0.818182,point_previews/task000118_mu016384_rho040_n1.png
0.5,16384,8,license_plate_bahnschrift.ttf,CBAGJWPD6YXT0RNZL49E3HSU875KFVMQ2,7,15,0,0.425,11.313708,0.8067,0.853272,CBAGJWPD6YXTRNZL49ESHSUBTSKFYMQ2,0.181818,0.818182,point_previews/task000118_mu016384_rho050_n0.png
0.5,16384,8,license_plate_bahnschrift.ttf,CBAGJWPD6YXT0RNZL49E3HSU875KFVMQ2,7,15,1,0.425,11.313708,0.8067,0.853272,CBAGJWPD6YXTRNZL49ESHSUBTSKFYMQ2,0.181818,0.818182,point_previews/task000118_mu016384_rho050_n1.png
0.6,16384,8,license_plate_bahnschrift.ttf,CBAGJWPD6YXT0RNZL49E3HSU875KFVMQ2,7,15,0,0.51,12.393547,0.770893,0.778927,CBAGJWPD6YXTRNZL49ESHSUBTSKFYMQ2,0.181818,0.818182,point_previews/task000118_mu016384_rho060_n0.png
0.6,16384,8,license_plate_bahnschrift.ttf,CBAGJWPD6YXT0RNZL49E3HSU875KFVMQ2,7,15,1,0.51,12.393547,0.770893,0.778927,CBAGJWPD6YXTCRNZL49ESHSUBTSKFYMQ2,0.181818,0.818182,point_previews/task000118_mu016384_rho060_n1.png
0.7,16384,8,license_plate_bahnschrift.ttf,CBAGJWPD6YXT0RNZL49E3HSU875KFVMQ2,7,15,0,0.595,13.38656,0.735998,0.721147,CBAGJWPD6YXTRNZL49ESHSUBTSKFYMGQG2,0.242424,0.757576,point_previews/task000118_mu016384_rho070_n0.png
0.7,16384,8,license_plate_bahnschrift.ttf,CBAGJWPD6YXT0RNZL49E3HSU875KFVMQ2,7,15,1,0.595,13.38656,0.735998,0.721147,CBAGJWPD6YXTRNZL49ESHSUBTSKFYMGQG2,0.242424,0.757576,point_previews/task000118_mu016384_rho070_n1.png
0.8,16384,8,license_plate_bahnschrift.ttf,CBAGJWPD6YXT0RNZL49E3HSU875KFVMQ2,7,15,0,0.68,14.310835,0.701998,0.674571,CBAGJWPD6YXTRNZL49E3SHSUBTSKFYMQG2,0.212121,0.787879,point_previews/task000118_mu016384_rho080_n0.png
0.8,16384,8,license_plate_bahnschrift.ttf,CBAGJWPD6YXT0RNZL49E3HSU875KFVMQ2,7,15,1,0.68,14.310835,0.701998,0.674571,CBAGJWPD6YXTRNZL49ESHSUBTSKFYMGQG2,0.242424,0.757576,point_previews/task000118_mu016384_rho080_n1.png
0.9,16384,8,license_plate_bahnschrift.ttf,CBAGJWPD6YXT0RNZL49E3HSU875KFVMQ2,7,15,0,0.765,15.178933,0.668877,0.635992,CBAGJWPD6YXTRNZL49ESHSUBTSKFYMGQG2,0.242424,0.757576,point_previews/task000118_mu016384_rho090_n0.png
0.9,16384,8,license_plate_bahnschrift.ttf,CBAGJWPD6YXT0RNZL49E3HSU875KFVMQ2,7,15,1,0.765,15.178933,0.668877,0.635992,CBAGJWPD6YXTRNZL49ESHSUBTSKFVMGQG2,0.212121,0.787879,point_previews/task000118_mu016384_rho090_n1.png
1.0,16384,8,license_plate_bahnschrift.ttf,CBAGJWPD6YXT0RNZL49E3HSU875KFVMQ2,7,15,0,0.85,16.0,0.63662,0.603355,CBAGJWPD6YXT0RNZL49E3HSUBTSKFVYMGQG2,0.181818,0.818182,point_previews/task000118_mu016384_rho100_n0.png
1.0,16384,8,license_plate_bahnschrift.ttf,CBAGJWPD6YXT0RNZL49E3HSU875KFVMQ2,7,15,1,0.85,16.0,0.63662,0.603355,CBAGJWPD6YXTRNZL49E3HSUBTSKFVMG2,0.151515,0.848485,point_previews/task000118_mu016384_rho100_n1.png
0.1,65536,8,license_plate_bahnschrift.ttf,CBAGJWPD6YXT0RNZL49E3HSU875KFVMQ2,7,15,0,0.085,5.059644,0.959381,1.907975,CBAGJWPDSYXTRNZL49ESHSUBTSKFYMQ2,0.212121,0.787879,point_previews/task000119_mu065536_rho010_n0.png
0.1,65536,8,license_plate_bahnschrift.ttf,CBAGJWPD6YXT0RNZL49E3HSU875KFVMQ2,7,15,1,0.085,5.059644,0.959381,1.907975,CBAGJWPDSYXTRNZL49ESHSUBTSKFYMG2,0.242424,0.757576,point_previews/task000119_mu065536_rho010_n1.png
0.2,65536,8,license_plate_bahnschrift.ttf,CBAGJWPD6YXT0RNZL49E3HSU875KFVMQ2,7,15,0,0.17,7.155418,0.919759,1.349142,CBAGJWPDSYXTRNZL49ESHSUBTSKFYMQ2,0.212121,0.787879,point_previews/task000119_mu065536_rho020_n0.png
0.2,65536,8,license_plate_bahnschrift.ttf,CBAGJWPD6YXT0RNZL49E3HSU875KFVMQ2,7,15,1,0.17,7.155418,0.919759,1.349142,CBAGJWPDSYXTRNZL49ESHSUBTSKFYMQ2,0.212121,0.787879,point_previews/task000119_mu065536_rho020_n1.png
0.3,65536,8,license_plate_bahnschrift.ttf,CBAGJWPD6YXT0RNZL49E3HSU875KFVMQ2,7,15,0,0.255,8.763561,0.881116,1.10157,CBAGJWPD6YXTRNZL49ESHSUBTSKFYMQ2,0.181818,0.818182,point_previews/task000119_mu065536_rho030_n0.png
0.3,65536,8,license_plate_bahnschrift.ttf,CBAGJWPD6YXT0RNZL49E3HSU875KFVMQ2,7,15,1,0.255,8.763561,0.881116,1.10157,CBAGJWPD6YXTRNZL49ESHSUBTSKFYMQ2,0.181818,0.818182,point_previews/task000119_mu065536_rho030_n1.png
0.4,65536,8,license_plate_bahnschrift.ttf,CBAGJWPD6YXT0RNZL49E3HSU875KFVMQ2,7,15,0,0.34,10.119289,0.843436,0.953987,CBAGJWPD6YXTRNZL49ESHSUBTSKFYMQ2,0.181818,0.818182,point_previews/task000119_mu065536_rho040_n0.png
0.4,65536,8,license_plate_bahnschrift.ttf,CBAGJWPD6YXT0RNZL49E3HSU875KFVMQ2,7,15,1,0.34,10.119289,0.843436,0.953987,CBAGJWPD6YXTRNZL49ESHSUBTSKFYMQ2,0.181818,0.818182,point_previews/task000119_mu065536_rho040_n1.png
0.5,65536,8,license_plate_bahnschrift.ttf,CBAGJWPD6YXT0RNZL49E3HSU875KFVMQ2,7,15,0,0.425,11.313708,0.8067,0.853272,CBAGJWPD6YXTRNZL49ESHSUBTSKFYMQ2,0.181818,0.818182,point_previews/task000119_mu065536_rho050_n0.png
0.5,65536,8,license_plate_bahnschrift.ttf,CBAGJWPD6YXT0RNZL49E3HSU875KFVMQ2,7,15,1,0.425,11.313708,0.8067,0.853272,CBAGJWPD6YXTRNZL49ESHSUBTSKFYMQG2,0.212121,0.787879,point_previews/task000119_mu065536_rho050_n1.png
0.6,65536,8,license_plate_bahnschrift.ttf,CBAGJWPD6YXT0RNZL49E3HSU875KFVMQ2,7,15,0,0.51,12.393547,0.770893,0.778927,CBAGJWPD6YXTRNZL49ESHSUBTSKFYMQ2,0.181818,0.818182,point_previews/task000119_mu065536_rho060_n0.png
0.6,65536,8,license_plate_bahnschrift.ttf,CBAGJWPD6YXT0RNZL49E3HSU875KFVMQ2,7,15,1,0.51,12.393547,0.770893,0.778927,CBAGJWPD6YXTRNZL49ESHSUBTSKFYMGQ2,0.212121,0.787879,point_previews/task000119_mu065536_rho060_n1.png
0.7,65536,8,license_plate_bahnschrift.ttf,CBAGJWPD6YXT0RNZL49E3HSU875KFVMQ2,7,15,0,0.595,13.38656,0.735998,0.721147,CBAGJWPD6YXTRNZL49ESHSUBTSKFYMGQG2,0.242424,0.757576,point_previews/task000119_mu065536_rho070_n0.png
0.7,65536,8,license_plate_bahnschrift.ttf,CBAGJWPD6YXT0RNZL49E3HSU875KFVMQ2,7,15,1,0.595,13.38656,0.735998,0.721147,CBAGJWPD6YXTRNZL49ESHSUBTSKFYMGQG2,0.242424,0.757576,point_previews/task000119_mu065536_rho070_n1.png
0.8,65536,8,license_plate_bahnschrift.ttf,CBAGJWPD6YXT0RNZL49E3HSU875KFVMQ2,7,15,0,0.68,14.310835,0.701998,0.674571,CBAGJWPD6YXTRNZL49ESHSUBTSKFYMQG2,0.212121,0.787879,point_previews/task000119_mu065536_rho080_n0.png
0.8,65536,8,license_plate_bahnschrift.ttf,CBAGJWPD6YXT0RNZL49E3HSU875KFVMQ2,7,15,1,0.68,14.310835,0.701998,0.674571,CBAGJWPD6YXTRNZL49E3HSUBTSKFYMQ2,0.151515,0.848485,point_previews/task000119_mu065536_rho080_n1.png
0.9,65536,8,license_plate_bahnschrift.ttf,CBAGJWPD6YXT0RNZL49E3HSU875KFVMQ2,7,15,0,0.765,15.178933,0.668877,0.635992,CBAGJWPD6YXTRNZL49ESHSUBTSKFYMGQG2,0.242424,0.757576,point_previews/task000119_mu065536_rho090_n0.png
0.9,65536,8,license_plate_bahnschrift.ttf,CBAGJWPD6YXT0RNZL49E3HSU875KFVMQ2,7,15,1,0.765,15.178933,0.668877,0.635992,CBAGJWPD6YXTRNZL49ESHSUBTSKFVYMGQG2,0.242424,0.757576,point_previews/task000119_mu065536_rho090_n1.png
1.0,65536,8,license_plate_bahnschrift.ttf,CBAGJWPD6YXT0RNZL49E3HSU875KFVMQ2,7,15,0,0.85,16.0,0.63662,0.603355,CBAGJWPD6YXT0RNZL49E3SHSUBTSKFVYMGQG2,0.212121,0.787879,point_previews/task000119_mu065536_rho100_n0.png
1.0,65536,8,license_plate_bahnschrift.ttf,CBAGJWPD6YXT0RNZL49E3HSU875KFVMQ2,7,15,1,0.85,16.0,0.63662,0.603355,CBAGJWPD6YXT0RNZL49E3SHSUBTSKFVMGQG2,0.181818,0.818182,point_previews/task000119_mu065536_rho100_n1.png
0.1,4,8,license_plate_bahnschrift.ttf,CBAGJWPD6YXT0RNZL49E3HSU875KFVMQ2,11,0,0,0.085,5.059644,0.959381,1.907975,,1.0,0.0,point_previews/task000120_mu000004_rho010_n0.png
0.1,4,8,license_plate_bahnschrift.ttf,CBAGJWPD6YXT0RNZL49E3HSU875KFVMQ2,11,0,1,0.085,5.059644,0.959381,1.907975,NRPEHPEERNRRYTNS,0.878788,0.121212,point_previews/task000120_mu000004_rho010_n1.png
0.2,4,8,license_plate_bahnschrift.ttf,CBAGJWPD6YXT0RNZL49E3HSU875KFVMQ2,11,0,0,0.17,7.155418,0.919759,1.349142,DRURATESEREDSEERYSRERAU,0.909091,0.090909,point_previews/task000120_mu000004_rho020_n0.png
0.2,4,8,license_plate_bahnschrift.ttf,CBAGJWPD6YXT0RNZL49E3HSU875KFVMQ2,11,0,1,0.17,7.155418,0.919759,1.349142,GRETERRGUGENWT,0.878788,0.121212,point_previews/task000120_mu000004_rho020_n1.png
0.3,4,8,license_plate_bahnschrift.ttf,CBAGJWPD6YXT0RNZL49E3HSU875KFVMQ2,11,0,0,0.255,8.763561,0.881116,1.10157,SPRHCHGURCEPT,0.878788,0.121212,point_previews/task000120_mu000004_rho030_n0.png
0.3,4,8,license_plate_bahnschrift.ttf,CBAGJWPD6YXT0RNZL49E3HSU875KFVMQ2,11,0,1,0.255,8.763561,0.881116,1.10157,RAUSPRATRARARBRSHATMEAEWA,0.848485,0.151515,point_previews/task000120_mu000004_rho030_n1.png
0.4,4,8,license_plate_bahnschrift.ttf,CBAGJWPD6YXT0RNZL49E3HSU875KFVMQ2,11,0,0,0.34,10.119289,0.843436,0.953987,FHUSNUBSLLTN,0.939394,0.060606,point_previews/task000120_mu000004_rho040_n0.png
0.4,4,8,license_plate_bahnschrift.ttf,CBAGJWPD6YXT0RNZL49E3HSU875KFVMQ2,11,0,1,0.34,10.119289,0.843436,0.953987,RSSEHURGERACRR,0.878788,0.121212,point_previews/task000120_mu000004_rho040_n1.png
0.5,4,8,license_plate_bahnschrift.ttf,CBAGJWPD6YXT0RNZL49E3HSU875KFVMQ2,11,0,0,0.425,11.313708,0.8067,0.853272,PSASETHRSUENNLGUPTARCAT,0.878788,0.121212,point_previews/task000120_mu000004_rho050_n0.png
0.5,4,8,license_plate_bahnschrift.ttf,CBAGJWPD6YXT0RNZL49E3HSU875KFVMQ2,11,0,1,0.425,11.313708,0.8067,0.853272,EESBAESTFUCESATRRESAENAEE,0.909091,0.090909,point_previews/task000120_mu000004_rho050_n1.png
0.6,4,8,license_plate_bahnschrift.ttf,CBAGJWPD6YXT0RNZL49E3HSU875KFVMQ2,11,0,0,0.51,12.393547,0.770893,0.778927,ESNSRYTSTASNLSNS0SS,0.878788,0.121212,point_previews/task000120_mu000004_rho060_n0.png
0.6,4,8,license_plate_bahnschrift.ttf,CBAGJWPD6YXT0RNZL49E3HSU875KFVMQ2,11,0,1,0.51,12.393547,0.770893,0.778927,RSCTRECNSLRANREDSSESALSATUEECERAURSS,1.0,0.0,point_previews/task000120_mu000004_rho060_n1.png
0.7,4,8,license_plate_bahnschrift.ttf,CBAGJWPD6YXT0RNZL49E3HSU875KFVMQ2,11,0,0,0.595,13.38656,0.735998,0.721147,MTAAASEAERGNAEGHNEST,0.878788,0.121212,point_previews/task000120_mu000004_rho070_n0.png
0.7,4,8,license_plate_bahnschrift.ttf,CBAGJWPD6YXT0RNZL49E3HSU875KFVMQ2,11,0,1,0.595,13.38656,0.735998,0.721147,SRMEACRULLR,0.909091,0.090909,point_previews/task000120_mu000004_rho070_n1.png
0.8,4,8,license_plate_bahnschrift.ttf,CBAGJWPD6YXT0RNZL49E3HSU875KFVMQ2,11,0,0,0.68,14.310835,0.701998,0.674571,,1.0,0.0,point_previews/task000120_mu000004_rho080_n0.png
0.8,4,8,license_plate_bahnschrift.ttf,CBAGJWPD6YXT0RNZL49E3HSU875KFVMQ2,11,0,1,0.68,14.310835,0.701998,0.674571,,1.0,0.0,point_previews/task000120_mu000004_rho080_n1.png
0.9,4,8,license_plate_bahnschrift.ttf,CBAGJWPD6YXT0RNZL49E3HSU875KFVMQ2,11,0,0,0.765,15.178933,0.668877,0.635992,EAESLAVSMATACLCMNGEPZ,0.909091,0.090909,point_previews/task000120_mu000004_rho090_n0.png
0.9,4,8,license_plate_bahnschrift.ttf,CBAGJWPD6YXT0RNZL49E3HSU875KFVMQ2,11,0,1,0.765,15.178933,0.668877,0.635992,ESESPAUAYASERTNAEP,0.909091,0.090909,point_previews/task000120_mu000004_rho090_n1.png
1.0,4,8,license_plate_bahnschrift.ttf,CBAGJWPD6YXT0RNZL49E3HSU875KFVMQ2,11,0,0,0.85,16.0,0.63662,0.603355,CBRETRUEYATBRNEEREESPRGNESN,0.757576,0.242424,point_previews/task000120_mu000004_rho100_n0.png
1.0,4,8,license_plate_bahnschrift.ttf,CBAGJWPD6YXT0RNZL49E3HSU875KFVMQ2,11,0,1,0.85,16.0,0.63662,0.603355,CABGSUEPDANADRPRESLAAREH,0.818182,0.181818,point_previews/task000120_mu000004_rho100_n1.png
0.1,16,8,license_plate_bahnschrift.ttf,CBAGJWPD6YXT0RNZL49E3HSU875KFVMQ2,11,0,0,0.085,5.059644,0.959381,1.907975,PCUSAESRMLSS,0.878788,0.121212,point_previews/task000121_mu000016_rho010_n0.png
0.1,16,8,license_plate_bahnschrift.ttf,CBAGJWPD6YXT0RNZL49E3HSU875KFVMQ2,11,0,1,0.085,5.059644,0.959381,1.907975,EANYSRSAPERPURERYPRE,0.848485,0.151515,point_previews/task000121_mu000016_rho010_n1.png
0.2,16,8,license_plate_bahnschrift.ttf,CBAGJWPD6YXT0RNZL49E3HSU875KFVMQ2,11,0,0,0.17,7.155418,0.919759,1.349142,,1.0,0.0,point_previews/task000121_mu000016_rho020_n0.png
0.2,16,8,license_plate_bahnschrift.ttf,CBAGJWPD6YXT0RNZL49E3HSU875KFVMQ2,11,0,1,0.17,7.155418,0.919759,1.349142,CSHRRUHPRSCTERNCEHEASHAB,0.818182,0.181818,point_previews/task000121_mu000016_rho020_n1.png
0.3,16,8,license_plate_bahnschrift.ttf,CBAGJWPD6YXT0RNZL49E3HSU875KFVMQ2,11,0,0,0.255,8.763561,0.881116,1.10157,SEARRREBBYERT7RE9ESFSHEPSAD,0.818182,0.181818,point_previews/task000121_mu000016_rho030_n0.png
0.3,16,8,license_plate_bahnschrift.ttf,CBAGJWPD6YXT0RNZL49E3HSU875KFVMQ2,11,0,1,0.255,8.763561,0.881116,1.10157,LEAGTRPRESBRNELESUETS,0.727273,0.272727,point_previews/task000121_mu000016_rho030_n1.png
0.4,16,8,license_plate_bahnschrift.ttf,CBAGJWPD6YXT0RNZL49E3HSU875KFVMQ2,11,0,0,0.34,10.119289,0.843436,0.953987,ACBADBNPDAYXGANZ69EBNSUBTMSUMD2,0.575758,0.424242,point_previews/task000121_mu000016_rho040_n0.png
0.4,16,8,license_plate_bahnschrift.ttf,CBAGJWPD6YXT0RNZL49E3HSU875KFVMQ2,11,0,1,0.34,10.119289,0.843436,0.953987,LHASTWPAEERTRNACPRSEUATSRRYMS,0.757576,0.242424,point_previews/task000121_mu000016_rho040_n1.png
0.5,16,8,license_plate_bahnschrift.ttf,CBAGJWPD6YXT0RNZL49E3HSU875KFVMQ2,11,0,0,0.425,11.313708,0.8067,0.853272,,1.0,0.0,point_previews/task000121_mu000016_rho050_n0.png
0.5,16,8,license_plate_bahnschrift.ttf,CBAGJWPD6YXT0RNZL49E3HSU875KFVMQ2,11,0,1,0.425,11.313708,0.8067,0.853272,EBRANPDEYXTRNZLSETHSUSTSKEYMA2,0.484848,0.515152,point_previews/task000121_mu000016_rho050_n1.png
0.6,16,8,license_plate_bahnschrift.ttf,CBAGJWPD6YXT0RNZL49E3HSU875KFVMQ2,11,0,0,0.51,12.393547,0.770893,0.778927,,1.0,0.0,point_previews/task000121_mu000016_rho060_n0.png
0.6,16,8,license_plate_bahnschrift.ttf,CBAGJWPD6YXT0RNZL49E3HSU875KFVMQ2,11,0,1,0.51,12.393547,0.770893,0.778927,CBASNPDEYATURNZEAPESREUCFDRERMGZ,0.606061,0.393939,point_previews/task000121_mu000016_rho060_n1.png
0.7,16,8,license_plate_bahnschrift.ttf,CBAGJWPD6YXT0RNZL49E3HSU875KFVMQ2,11,0,0,0.595,13.38656,0.735998,0.721147,,1.0,0.0,point_previews/task000121_mu000016_rho070_n0.png
0.7,16,8,license_plate_bahnschrift.ttf,CBAGJWPD6YXT0RNZL49E3HSU875KFVMQ2,11,0,1,0.595,13.38656,0.735998,0.721147,SBAGTWRDSYMTDRNZLETHSUSTEKEVMGD,0.454545,0.545455,point_previews/task000121_mu000016_rho070_n1.png
0.8,16,8,license_plate_bahnschrift.ttf,CBAGJWPD6YXT0RNZL49E3HSU875KFVMQ2,11,0,0,0.68,14.310835,0.701998,0.674571,CBAGUWPDSEYXTURNZEAQESHSUBT7SKEVMQ2,0.363636,0.636364,point_previews/task000121_mu000016_rho080_n0.png
0.8,16,8,license_plate_bahnschrift.ttf,CBAGJWPD6YXT0RNZL49E3HSU875KFVMQ2,11,0,1,0.68,14.310835,0.701998,0.674571,,1.0,0.0,point_previews/task000121_mu000016_rho080_n1.png
0.9,16,8,license_plate_bahnschrift.ttf,CBAGJWPD6YXT0RNZL49E3HSU875KFVMQ2,11,0,0,0.765,15.178933,0.668877,0.635992,CBAGJWPDSYXTRNZLA9ESHSUB7SKEVM02,0.242424,0.757576,point_previews/task000121_mu000016_rho090_n0.png
0.9,16,8,license_plate_bahnschrift.ttf,CBAGJWPD6YXT0RNZL49E3HSU875KFVMQ2,11,0,1,0.765,15.178933,0.668877,0.635992,CBAGJNPDEYXTRNZLATESHSUG2EKEVG2,0.363636,0.636364,point_previews/task000121_mu000016_rho090_n1.png
1.0,16,8,license_plate_bahnschrift.ttf,CBAGJWPD6YXT0RNZL49E3HSU875KFVMQ2,11,0,0,0.85,16.0,0.63662,0.603355,CRAGJWPDSYXTRNZLS9ESHSUB7SKEVM2,0.272727,0.727273,point_previews/task000121_mu000016_rho100_n0.png
1.0,16,8,license_plate_bahnschrift.ttf,CBAGJWPD6YXT0RNZL49E3HSU875KFVMQ2,11,0,1,0.85,16.0,0.63662,0.603355,CBAGSWPDEYXTRNZLSTESHSUBTSKEYM2,0.363636,0.636364,point_previews/task000121_mu000016_rho100_n1.png
0.1,64,8,license_plate_bahnschrift.ttf,CBAGJWPD6YXT0RNZL49E3HSU875KFVMQ2,11,0,0,0.085,5.059644,0.959381,1.907975,EBASDUPBSYETURNZEATESHSUBTSKERMD2,0.545455,0.454545,point_previews/task000122_mu000064_rho010_n0.png
0.1,64,8,license_plate_bahnschrift.ttf,CBAGJWPD6YXT0RNZL49E3HSU875KFVMQ2,11,0,1,0.085,5.059644,0.959381,1.907975,CRASTEDEYRTBRNZEASEASUBESERVTGY,0.636364,0.363636,point_previews/task000122_mu000064_rho010_n1.png
0.2,64,8,license_plate_bahnschrift.ttf,CBAGJWPD6YXT0RNZL49E3HSU875KFVMQ2,11,0,0,0.17,7.155418,0.919759,1.349142,,1.0,0.0,point_previews/task000122_mu000064_rho020_n0.png
0.2,64,8,license_plate_bahnschrift.ttf,CBAGJWPD6YXT0RNZL49E3HSU875KFVMQ2,11,0,1,0.17,7.155418,0.919759,1.349142,CBAGJWPDEYXTGRNZLSTESHSUA7SKEVMQZ,0.272727,0.727273,point_previews/task000122_mu000064_rho020_n1.png
0.3,64,8,license_plate_bahnschrift.ttf,CBAGJWPD6YXT0RNZL49E3HSU875KFVMQ2,11,0,0,0.255,8.763561,0.881116,1.10157,,1.0,0.0,point_previews/task000122_mu000064_rho030_n0.png
0.3,64,8,license_plate_bahnschrift.ttf,CBAGJWPD6YXT0RNZL49E3HSU875KFVMQ2,11,0,1,0.255,8.763561,0.881116,1.10157,,1.0,0.0,point_previews/task000122_mu000064_rho030_n1.png
0.4,64,8,license_plate_bahnschrift.ttf,CBAGJWPD6YXT0RNZL49E3HSU875KFVMQ2,11,0,0,0.34,10.119289,0.843436,0.953987,CBAGJWPDSYXTRNZLAJESHSUBTSKEVMG2,0.30303,0.69697,point_previews/task000122_mu000064_rho040_n0.png
0.4,64,8,license_plate_bahnschrift.ttf,CBAGJWPD6YXT0RNZL49E3HSU875KFVMQ2,11,0,1,0.34,10.119289,0.843436,0.953987,CBAGJWPD6YXTRNZLASESHSUB7SKEVM2,0.242424,0.757576,point_previews/task000122_mu000064_rho040_n1.png
0.5,64,8,license_plate_bahnschrift.ttf,CBAGJWPD6YXT0RNZL49E3HSU875KFVMQ2,11,0,0,0.425,11.313708,0.8067,0.853272,CBAGJWPDEYXTRNZLA9ESHSUBTSKEVM02,0.272727,0.727273,point_previews/task000122_mu000064_rho050_n0.png
0.5,64,8,license_plate_bahnschrift.ttf,CBAGJWPD6YXT0RNZL49E3HSU875KFVMQ2,11,0,1,0.425,11.313708,0.8067,0.853272,CBAGJWPDSYXTURNZL49E3HSUB7SKFYMG2,0.181818,0.818182,point_previews/task000122_mu000064_rho050_n1.png
0.6,64,8,license_plate_bahnschrift.ttf,CBAGJWPD6YXT0RNZL49E3HSU875KFVMQ2,11,0,0,0.51,12.393547,0.770893,0.778927,CBAGJWPD6YXT0RNZL49ESHSUR7SKFYMQG2,0.151515,0.848485,point_previews/task000122_mu000064_rho060_n0.png
0.6,64,8,license_plate_bahnschrift.ttf,CBAGJWPD6YXT0RNZL49E3HSU875KFVMQ2,11,0,1,0.51,12.393547,0.770893,0.778927,CBAGJWPD6YXTURNZL49E3HSU875KEVMG2,0.090909,0.909091,point_previews/task000122_mu000064_rho060_n1.png
0.7,64,8,license_plate_bahnschrift.ttf,CBAGJWPD6YXT0RNZL49E3HSU875KFVMQ2,11,0,0,0.595,13.38656,0.735998,0.721147,CBAGJWPDEYXTURNZL49ESHSU87SKFYMG2,0.181818,0.818182,point_previews/task000122_mu000064_rho070_n0.png
0.7,64,8,license_plate_bahnschrift.ttf,CBAGJWPD6YXT0RNZL49E3HSU875KFVMQ2,11,0,1,0.595,13.38656,0.735998,0.721147,CBAGJWPD6YXTRNZL4PESHSUBTSKFVMG2,0.212121,0.787879,point_previews/task000122_mu000064_rho070_n1.png
0.8,64,8,license_plate_bahnschrift.ttf,CBAGJWPD6YXT0RNZL49E3HSU875KFVMQ2,11,0,0,0.68,14.310835,0.701998,0.674571,CBAGJWPD6YXTRNZL49E3HSUS7SKEVMG2,0.151515,0.848485,point_previews/task000122_mu000064_rho080_n0.png
0.8,64,8,license_plate_bahnschrift.ttf,CBAGJWPD6YXT0RNZL49E3HSU875KFVMQ2,11,0,1,0.68,14.310835,0.701998,0.674571,CBAGJWPD6YXTURNZL49ESHSUS7SKFYM2,0.181818,0.818182,point_previews/task000122_mu000064_rho080_n1.png
0.9,64,8,license_plate_bahnschrift.ttf,CBAGJWPD6YXT0RNZL49E3HSU875KFVMQ2,11,0,0,0.765,15.178933,0.668877,0.635992,CBAGJWPD6YXT0RNZL49ESHSUBTSKEVMZ,0.212121,0.787879,point_previews/task000122_mu000064_rho090_n0.png
0.9,64,8,license_plate_bahnschrift.ttf,CBAGJWPD6YXT0RNZL49E3HSU875KFVMQ2,11,0,1,0.765,15.178933,0.668877,0.635992,CBAGJWPD6YXTURNZL4ESMSUB7SKFYMQ2,0.212121,0.787879,point_previews/task000122_mu000064_rho090_n1.png
1.0,64,8,license_plate_bahnschrift.ttf,CBAGJWPD6YXT0RNZL49E3HSU875KFVMQ2,11,0,0,0.85,16.0,0.63662,0.603355,CBAGJWPD6YXTRNZL49ESHSUBTSKFVMG2,0.181818,0.818182,point_previews/task000122_mu000064_rho100_n0.png
1.0,64,8,license_plate_bahnschrift.ttf,CBAGJWPD6YXT0RNZL49E3HSU875KFVMQ2,11,0,1,0.85,16.0,0.63662,0.603355,CBAGJWPD6YXTRNZL49ESHSUB75KFVMQ2,0.090909,0.909091,point_previews/task000122_mu000064_rho100_n1.png
0.1,256,8,license_plate_bahnschrift.ttf,CBAGJWPD6YXT0RNZL49E3HSU875KFVMQ2,11,0,0,0.085,5.059644,0.959381,1.907975,CBAGJWPDBYXTURNZLAYESNSUSTSKEVM02,0.333333,0.666667,point_previews/task000123_mu000256_rho010_n0.png
0.1,256,8,license_plate_bahnschrift.ttf,CBAGJWPD6YXT0RNZL49E3HSU875KFVMQ2,11,0,1,0.085,5.059644,0.959381,1.907975,EBAGJWPDESYXTDRNZL49ESHSUBTSKEVMD,0.333333,0.666667,point_previews/task000123_mu000256_rho010_n1.png
0.2,256,8,license_plate_bahnschrift.ttf,CBAGJWPD6YXT0RNZL49E3HSU875KFVMQ2,11,0,0,0.17,7.155418,0.919759,1.349142,CBAGJWPDSYXTRNZL4EJHSUB7SKEYMQ2,0.242424,0.757576,point_previews/task000123_mu000256_rho020_n0.png
0.2,256,8,license_plate_bahnschrift.ttf,CBAGJWPD6YXT0RNZL49E3HSU875KFVMQ2,11,0,1,0.17,7.155418,0.919759,1.349142,CBAGJWPD6YXTRNZL49E3HSUS75KFYMQ2,0.090909,0.909091,point_previews/task000123_mu000256_rho020_n1.png
0.3,256,8,license_plate_bahnschrift.ttf,CBAGJWPD6YXT0RNZL49E3HSU875KFVMQ2,11,0,0,0.255,8.763561,0.881116,1.10157,CBAGJWPD6YXTRNZLSJESHSUB7SKEVMG2,0.242424,0.757576,point_previews/task000123_mu000256_rho030_n0.png
0.3,256,8,license_plate_bahnschrift.ttf,CBAGJWPD6YXT0RNZL49E3HSU875KFVMQ2,11,0,1,0.255,8.763561,0.881116,1.10157,CBAGJWPD6YXTURNZL49E3HSUB875KFVMQ2,0.060606,0.939394,point_previews/task000123_mu000256_rho030_n1.png
0.4,256,8,license_plate_bahnschrift.ttf,CBAGJWPD6YXT0RNZL49E3HSU875KFVMQ2,11,0,0,0.34,10.119289,0.843436,0.953987,CBAGJWPD6YXT0RNZL49E3HSUB7SKEVMG2,0.121212,0.878788,point_previews/task000123_mu000256_rho040_n0.png
0.4,256,8,license_plate_bahnschrift.ttf,CBAGJWPD6YXT0RNZL49E3HSU875KFVMQ2,11,0,1,0.34,10.119289,0.843436,0.953987,CBAGJWPD6YXT0RNZL49E3HSUB7SKEVMG2,0.121212,0.878788,point_previews/task000123_mu000256_rho040_n1.png
0.5,256,8,license_plate_bahnschrift.ttf,CBAGJWPD6YXT0RNZL49E3HSU875KFVMQ2,11,0,0,0.425,11.313708,0.8067,0.853272,CBAGJWPD6YXT0RNZL49ESHSUBTSKEVMGQ2,0.181818,0.818182,point_previews/task000123_mu000256_rho050_n0.png
0.5,256,8,license_plate_bahnschrift.ttf,CBAGJWPD6YXT0RNZL49E3HSU875KFVMQ2,11,0,1,0.425,11.313708,0.8067,0.853272,CBAGJWPD6YXT0RNZL49E3HSUB7SKEVMQ2,0.090909,0.909091,point_previews/task000123_mu000256_rho050_n1.png
0.6,256,8,license_plate_bahnschrift.ttf,CBAGJWPD6YXT0RNZL49E3HSU875KFVMQ2,11,0,0,0.51,12.393547,0.770893,0.778927,CBAGJWPD6YXTRNZL49ESHSUB7SKEVMQ2,0.151515,0.848485,point_previews/task000123_mu000256_rho060_n0.png
0.6,256,8,license_plate_bahnschrift.ttf,CBAGJWPD6YXT0RNZL49E3HSU875KFVMQ2,11,0,1,0.51,12.393547,0.770893,0.778927,CBAGJWPD6YXTURNZL49E3HSUB7SKEVMG2,0.151515,0.848485,point_previews/task000123_mu000256_rho060_n1.png
0.7,256,8,license_plate_bahnschrift.ttf,CBAGJWPD6YXT0RNZL49E3HSU875KFVMQ2,11,0,0,0.595,13.38656,0.735998,0.721147,CBAGJWPD6YXTRNZL49ESHSUB7SKEVMG2,0.181818,0.818182,point_previews/task000123_mu000256_rho070_n0.png
0.7,256,8,license_plate_bahnschrift.ttf,CBAGJWPD6YXT0RNZL49E3HSU875KFVMQ2,11,0,1,0.595,13.38656,0.735998,0.721147,CBAGJWPD6YXT0RNZL49ESHSUBS7TSKEVMQ2,0.181818,0.818182,point_previews/task000123_mu000256_rho070_n1.png
0.8,256,8,license_plate_bahnschrift.ttf,CBAGJWPD6YXT0RNZL49E3HSU875KFVMQ2,11,0,0,0.68,14.310835,0.701998,0.674571,CBAGJWPD6YXT0RNZL49ESHSUB7SKEVMG2,0.151515,0.848485,point_previews/task000123_mu000256_rho080_n0.png
0.8,256,8,license_plate_bahnschrift.ttf,CBAGJWPD6YXT0RNZL49E3HSU875KFVMQ2,11,0,1,0.68,14.310835,0.701998,0.674571,CBAGJWPD6YXTURNZL49ESHSUB7SKEVMG2,0.181818,0.818182,point_previews/task000123_mu000256_rho080_n1.png
0.9,256,8,license_plate_bahnschrift.ttf,CBAGJWPD6YXT0RNZL49E3HSU875KFVMQ2,11,0,0,0.765,15.178933,0.668877,0.635992,CBAGJWPD6YXT0RNZL4JESHSUB7SKEVMGQ2,0.181818,0.818182,point_previews/task000123_mu000256_rho090_n0.png
0.9,256,8,license_plate_bahnschrift.ttf,CBAGJWPD6YXT0RNZL49E3HSU875KFVMQ2,11,0,1,0.765,15.178933,0.668877,0.635992,CBAGJWPD6YXTERNZL49ESHSUB7SKEVMGQ2,0.181818,0.818182,point_previews/task000123_mu000256_rho090_n1.png
1.0,256,8,license_plate_bahnschrift.ttf,CBAGJWPD6YXT0RNZL49E3HSU875KFVMQ2,11,0,0,0.85,16.0,0.63662,0.603355,CBAGJWPD6YXT0RNZL4PESHSUBTSKFVMQ2,0.151515,0.848485,point_previews/task000123_mu000256_rho100_n0.png
1.0,256,8,license_plate_bahnschrift.ttf,CBAGJWPD6YXT0RNZL49E3HSU875KFVMQ2,11,0,1,0.85,16.0,0.63662,0.603355,CBAGJWPD6YXTERNZL49ESHSUB7TSKEVMQG2,0.212121,0.787879,point_previews/task000123_mu000256_rho100_n1.png
0.1,1024,8,license_plate_bahnschrift.ttf,CBAGJWPD6YXT0RNZL49E3HSU875KFVMQ2,11,0,0,0.085,5.059644,0.959381,1.907975,CBAGJWPD6YXTRNZL49EJHSUS7SKEVYMDZ,0.242424,0.757576,point_previews/task000124_mu001024_rho010_n0.png
0.1,1024,8,license_plate_bahnschrift.ttf,CBAGJWPD6YXT0RNZL49E3HSU875KFVMQ2,11,0,1,0.085,5.059644,0.959381,1.907975,CBAGJWPD6YXT0RNZLA9EJHSUB7SKEVMB2,0.181818,0.818182,point_previews/task000124_mu001024_rho010_n1.png
0.2,1024,8,license_plate_bahnschrift.ttf,CBAGJWPD6YXT0RNZL49E3HSU875KFVMQ2,11,0,0,0.17,7.155418,0.919759,1.349142,CBAGJWPD6YXTERNZL4SJESHSUB7SKEVMG2,0.242424,0.757576,point_previews/task000124_mu001024_rho020_n0.png
0.2,1024,8,license_plate_bahnschrift.ttf,CBAGJWPD6YXT0RNZL49E3HSU875KFVMQ2,11,0,1,0.17,7.155418,0.919759,1.349142,CBAGJWPD6YXT0RNZL49E3HSUS7SKEVM02,0.121212,0.878788,point_previews/task000124_mu001024_rho020_n1.png
0.3,1024,8,license_plate_bahnschrift.ttf,CBAGJWPD6YXT0RNZL49E3HSU875KFVMQ2,11,0,0,0.255,8.763561,0.881116,1.10157,CBAGJWPD6YXT0RNZL49EJHSUB7SKEVMG2,0.151515,0.848485,point_previews/task000124_mu001024_rho030_n0.png
0.3,1024,8,license_plate_bahnschrift.ttf,CBAGJWPD6YXT0RNZL49E3HSU875KFVMQ2,11,0,1,0.255,8.763561,0.881116,1.10157,CBAGJWPD6YXT0RNZL49E3HSUB7TSKEVMG2,0.151515,0.848485,point_previews/task000124_mu001024_rho030_n1.png
0.4,1024,8,license_plate_bahnschrift.ttf,CBAGJWPD6YXT0RNZL49E3HSU875KFVMQ2,11,0,0,0.34,10.119289,0.843436,0.953987,CBAGJWPD6YXT0RNZL4S9ESHSUB7SKEVMQ2,0.151515,0.848485,point_previews/task000124_mu001024_rho040_n0.png
0.4,1024,8,license_plate_bahnschrift.ttf,CBAGJWPD6YXT0RNZL49E3HSU875KFVMQ2,11,0,1,0.34,10.119289,0.843436,0.953987,CBAGJWPD6YXT0RNZL49E3HSUB7SKEVMQG2,0.121212,0.878788,point_previews/task000124_mu001024_rho040_n1.png
0.5,1024,8,license_plate_bahnschrift.ttf,CBAGJWPD6YXT0RNZL49E3HSU875KFVMQ2,11,0,0,0.425,11.313708,0.8067,0.853272,CBAGJWPD6YXT0RNZL49ESHSUB7SKEVMG2,0.151515,0.848485,point_previews/task000124_mu001024_rho050_n0.png
0.5,1024,8,license_plate_bahnschrift.ttf,CBAGJWPD6YXT0RNZL49E3HSU875KFVMQ2,11,0,1,0.425,11.313708,0.8067,0.853272,CBAGJWPD6YXT0RNZL49ESHSUB87SKEVMGQ2,0.151515,0.848485,point_previews/task000124_mu001024_rho050_n1.png
0.6,1024,8,license_plate_bahnschrift.ttf,CBAGJWPD6YXT0RNZL49E3HSU875KFVMQ2,11,0,0,0.51,12.393547,0.770893,0.778927,CBAGJWPD6YXT0RNZL49E3HSUB7TSKEVMG2,0.151515,0.848485,point_previews/task000124_mu001024_rho060_n0.png
0.6,1024,8,license_plate_bahnschrift.ttf,CBAGJWPD6YXT0RNZL49E3HSU875KFVMQ2,11,0,1,0.51,12.393547,0.770893,0.778927,CBAGJWPD6YXT0RNZL49E3SHSUB7TSKEVMQ2,0.151515,0.848485,point_previews/task000124_mu001024_rho060_n1.png
0.7,1024,8,license_plate_bahnschrift.ttf,CBAGJWPD6YXT0RNZL49E3HSU875KFVMQ2,11,0,0,0.595,13.38656,0.735998,0.721147,CBAGJWPD6YXT0RNZL49ESHSUB87TSKEVMGQ2,0.181818,0.818182,point_previews/task000124_mu001024_rho070_n0.png
0.7,1024,8,license_plate_bahnschrift.ttf,CBAGJWPD6YXT0RNZL49E3HSU875KFVMQ2,11,0,1,0.595,13.38656,0.735998,0.721147,CBAGJWPD6YXT0RNZL49ESHSU87SKEVMG2,0.121212,0.878788,point_previews/task000124_mu001024_rho070_n1.png
0.8,1024,8,license_plate_bahnschrift.ttf,CBAGJWPD6YXT0RNZL49E3HSU875KFVMQ2,11,0,0,0.68,14.310835,0.701998,0.674571,CBAGJWPD6YXT0RNZL49E3SHSUB7SKEVMQ2,0.121212,0.878788,point_previews/task000124_mu001024_rho080_n0.png
0.8,1024,8,license_plate_bahnschrift.ttf,CBAGJWPD6YXT0RNZL49E3HSU875KFVMQ2,11,0,1,0.68,14.310835,0.701998,0.674571,CBAGJWPD6YXT0RNZL49ESHSUB7TSKEVMQ2,0.151515,0.848485,point_previews/task000124_mu001024_rho080_n1.png
0.9,1024,8,license_plate_bahnschrift.ttf,CBAGJWPD6YXT0RNZL49E3HSU875KFVMQ2,11,0,0,0.765,15.178933,0.668877,0.635992,CBAGJWPD6YXT0RNZL49ESHSUB7TSKEVMG2,0.181818,0.818182,point_previews/task000124_mu001024_rho090_n0.png
0.9,1024,8,license_plate_bahnschrift.ttf,CBAGJWPD6YXT0RNZL49E3HSU875KFVMQ2,11,0,1,0.765,15.178933,0.668877,0.635992,CBAGJWPD6YXT0RNZL49E3SHSUB7TSKEVMGQ2,0.181818,0.818182,point_previews/task000124_mu001024_rho090_n1.png
1.0,1024,8,license_plate_bahnschrift.ttf,CBAGJWPD6YXT0RNZL49E3HSU875KFVMQ2,11,0,0,0.85,16.0,0.63662,0.603355,CBAGJWPD6YXT0RNZL49E3HSUB7SKFEVMQ2,0.090909,0.909091,point_previews/task000124_mu001024_rho100_n0.png
1.0,1024,8,license_plate_bahnschrift.ttf,CBAGJWPD6YXT0RNZL49E3HSU875KFVMQ2,11,0,1,0.85,16.0,0.63662,0.603355,CBAGJWPD6YXT0RNZL49E3HSUB7TSKFEVMQ2,0.121212,0.878788,point_previews/task000124_mu001024_rho100_n1.png
0.1,4096,8,license_plate_bahnschrift.ttf,CBAGJWPD6YXT0RNZL49E3HSU875KFVMQ2,11,0,0,0.085,5.059644,0.959381,1.907975,CBAGJWPD6YXT0RNZLAJEJHSUB7SKEVMD2,0.212121,0.787879,point_previews/task000125_mu004096_rho010_n0.png
0.1,4096,8,license_plate_bahnschrift.ttf,CBAGJWPD6YXT0RNZL49E3HSU875KFVMQ2,11,0,1,0.085,5.059644,0.959381,1.907975,CBAGJWPD6YXT0RNZLA9JEJHSUB7SKEVMDZ2,0.242424,0.757576,point_previews/task000125_mu004096_rho010_n1.png
0.2,4096,8,license_plate_bahnschrift.ttf,CBAGJWPD6YXT0RNZL49E3HSU875KFVMQ2,11,0,0,0.17,7.155418,0.919759,1.349142,CBAGJWPD6YXT0RNZL49ESHSUB7TSKEVMG2,0.181818,0.818182,point_previews/task000125_mu004096_rho020_n0.png
0.2,4096,8,license_plate_bahnschrift.ttf,CBAGJWPD6YXT0RNZL49E3HSU875KFVMQ2,11,0,1,0.17,7.155418,0.919759,1.349142,CBAGJWPD6YXTRNZL49E3HSUB7SKEVMQ2,0.121212,0.878788,point_previews/task000125_mu004096_rho020_n1.png
0.3,4096,8,license_plate_bahnschrift.ttf,CBAGJWPD6YXT0RNZL49E3HSU875KFVMQ2,11,0,0,0.255,8.763561,0.881116,1.10157,CBAGJWPD6YXTURNZL49EJHSUB7SKEVMQG2,0.181818,0.818182,point_previews/task000125_mu004096_rho030_n0.png
0.3,4096,8,license_plate_bahnschrift.ttf,CBAGJWPD6YXT0RNZL49E3HSU875KFVMQ2,11,0,1,0.255,8.763561,0.881116,1.10157,CBAGJWPD6YXT0RNZL49E3HSUB7SKEVMG2,0.121212,0.878788,point_previews/task000125_mu004096_rho030_n1.png
0.4,4096,8,license_plate_bahnschrift.ttf,CBAGJWPD6YXT0RNZL49E3HSU875KFVMQ2,11,0,0,0.34,10.119289,0.843436,0.953987,CBAGJWPD6YXT0RNZL49E3SHSUB7SKEVMQ2,0.121212,0.878788,point_previews/task000125_mu004096_rho040_n0.png
0.4,4096,8,license_plate_bahnschrift.ttf,CBAGJWPD6YXT0RNZL49E3HSU875KFVMQ2,11,0,1,0.34,10.119289,0.843436,0.953987,CBAGJWPD6YXTURNZL49ESHSUB7SKEVMQG2,0.181818,0.818182,point_previews/task000125_mu004096_rho040_n1.png
0.5,4096,8,license_plate_bahnschrift.ttf,CBAGJWPD6YXT0RNZL49E3HSU875KFVMQ2,11,0,0,0.425,11.313708,0.8067,0.853272,CBAGJWPD6YXT0RNZL49ESJHSUB7SKEVMGQ2,0.181818,0.818182,point_previews/task000125_mu004096_rho050_n0.png
0.5,4096,8,license_plate_bahnschrift.ttf,CBAGJWPD6YXT0RNZL49E3HSU875KFVMQ2,11,0,1,0.425,11.313708,0.8067,0.853272,CBAGJWPD6YXT0RNZL49ESHSUB7SKEVMQ2,0.121212,0.878788,point_previews/task000125_mu004096_rho050_n1.png
0.6,4096,8,license_plate_bahnschrift.ttf,CBAGJWPD6YXT0RNZL49E3HSU875KFVMQ2,11,0,0,0.51,12.393547,0.770893,0.778927,CBAGJWPD6YXT0RNZL49ESHSUB7SKEVMQ2,0.121212,0.878788,point_previews/task000125_mu004096_rho060_n0.png
0.6,4096,8,license_plate_bahnschrift.ttf,CBAGJWPD6YXT0RNZL49E3HSU875KFVMQ2,11,0,1,0.51,12.393547,0.770893,0.778927,CBAGJWPD6YXT0RNZL49E3HSUB7SKEVMQ2,0.090909,0.909091,point_previews/task000125_mu004096_rho060_n1.png
0.7,4096,8,license_plate_bahnschrift.ttf,CBAGJWPD6YXT0RNZL49E3HSU875KFVMQ2,11,0,0,0.595,13.38656,0.735998,0.721147,CBAGJWPD6YXT0RNZL49E3HSUB7SKEVMQ2,0.090909,0.909091,point_previews/task000125_mu004096_rho070_n0.png
0.7,4096,8,license_plate_bahnschrift.ttf,CBAGJWPD6YXT0RNZL49E3HSU875KFVMQ2,11,0,1,0.595,13.38656,0.735998,0.721147,CBAGJWPD6YXT0RNZL49E3SHSUB7SKEVMQ2,0.121212,0.878788,point_previews/task000125_mu004096_rho070_n1.png
0.8,4096,8,license_plate_bahnschrift.ttf,CBAGJWPD6YXT0RNZL49E3HSU875KFVMQ2,11,0,0,0.68,14.310835,0.701998,0.674571,CBAGJWPD6YXT0RNZL49E3HSUB7SKEVMGQ2,0.121212,0.878788,point_previews/task000125_mu004096_rho080_n0.png
0.8,4096,8,license_plate_bahnschrift.ttf,CBAGJWPD6YXT0RNZL49E3HSU875KFVMQ2,11,0,1,0.68,14.310835,0.701998,0.674571,CBAGJWPD6YXT0RNZL49E3HSUB7SKEVMGQ2,0.121212,0.878788,point_previews/task000125_mu004096_rho080_n1.png
0.9,4096,8,license_plate_bahnschrift.ttf,CBAGJWPD6YXT0RNZL49E3HSU875KFVMQ2,11,0,0,0.765,15.178933,0.668877,0.635992,CBAGJWPD6YXT0RNZL49ESHSUBTSKEVMGQ2,0.181818,0.818182,point_previews/task000125_mu004096_rho090_n0.png
0.9,4096,8,license_plate_bahnschrift.ttf,CBAGJWPD6YXT0RNZL49E3HSU875KFVMQ2,11,0,1,0.765,15.178933,0.668877,0.635992,CBAGJWPD6YXT0RNZL49ESHSUB7TSKEVMQ2,0.151515,0.848485,point_previews/task000125_mu004096_rho090_n1.png
1.0,4096,8,license_plate_bahnschrift.ttf,CBAGJWPD6YXT0RNZL49E3HSU875KFVMQ2,11,0,0,0.85,16.0,0.63662,0.603355,CBAGJWPD6YXT0RNZL49E3HSUB7SKEVMQ2,0.090909,0.909091,point_previews/task000125_mu004096_rho100_n0.png
1.0,4096,8,license_plate_bahnschrift.ttf,CBAGJWPD6YXT0RNZL49E3HSU875KFVMQ2,11,0,1,0.85,16.0,0.63662,0.603355,CBAGJWPD6YXT0RNZL49E3HSUB7SKEVMGQ2,0.121212,0.878788,point_previews/task000125_mu004096_rho100_n1.png
0.1,16384,8,license_plate_bahnschrift.ttf,CBAGJWPD6YXT0RNZL49E3HSU875KFVMQ2,11,0,0,0.085,5.059644,0.959381,1.907975,CBAGJWPD6YXTRNZL49EJHSUS7SKEVM02,0.181818,0.818182,point_previews/task000126_mu016384_rho010_n0.png
0.1,16384,8,license_plate_bahnschrift.ttf,CBAGJWPD6YXT0RNZL49E3HSU875KFVMQ2,11,0,1,0.085,5.059644,0.959381,1.907975,CBAGJWPD6YXT0RNZL49EJHSUB7SKEVM02,0.151515,0.848485,point_previews/task000126_mu016384_rho010_n1.png
0.2,16384,8,license_plate_bahnschrift.ttf,CBAGJWPD6YXT0RNZL49E3HSU875KFVMQ2,11,0,0,0.17,7.155418,0.919759,1.349142,CBAGJWPD6YXT0RNZL49EJHSUB7SKEVMQ2,0.121212,0.878788,point_previews/task000126_mu016384_rho020_n0.png
0.2,16384,8,license_plate_bahnschrift.ttf,CBAGJWPD6YXT0RNZL49E3HSU875KFVMQ2,11,0,1,0.17,7.155418,0.919759,1.349142,CBAGJWPD6YXTURNZL49EJHSUS7TSKEVMG2,0.212121,0.787879,point_previews/task000126_mu016384_rho020_n1.png
0.3,16384,8,license_plate_bahnschrift.ttf,CBAGJWPD6YXT0RNZL49E3HSU875KFVMQ2,11,0,0,0.255,8.763561,0.881116,1.10157,CBAGJWPD6YXTURNZL49E3HSUB7TSKEVMQG2,0.181818,0.818182,point_previews/task000126_mu016384_rho030_n0.png
0.3,16384,8,license_plate_bahnschrift.ttf,CBAGJWPD6YXT0RNZL49E3HSU875KFVMQ2,11,0,1,0.255,8.763561,0.881116,1.10157,CBAGJWPD6YXTURNZL49E3JHSUB7TSKEVMQG2,0.212121,0.787879,point_previews/task000126_mu016384_rho030_n1.png
0.4,16384,8,license_plate_bahnschrift.ttf,CBAGJWPD6YXT0RNZL49E3HSU875KFVMQ2,11,0,0,0.34,10.119289,0.843436,0.953987,CBAGJWPD6YXT0RNZL49ESHSUB7SKEVMQ2,0.121212,0.878788,point_previews/task000126_mu016384_rho040_n0.png
0.4,16384,8,license_plate_bahnschrift.ttf,CBAGJWPD6YXT0RNZL49E3HSU875KFVMQ2,11,0,1,0.34,10.119289,0.843436,0.953987,CBAGJWPD6YXT0RNZL49E3HSUB7SKEVMQ2,0.090909,0.909091,point_previews/task000126_mu016384_rho040_n1.png
0.5,16384,8,license_plate_bahnschrift.ttf,CBAGJWPD6YXT0RNZL49E3HSU875KFVMQ2,11,0,0,0.425,11.313708,0.8067,0.853272,CBAGJWPD6YXT0RNZL49E3HSUB7SKEVMQ2,0.090909,0.909091,point_previews/task000126_mu016384_rho050_n0.png
0.5,16384,8,license_plate_bahnschrift.ttf,CBAGJWPD6YXT0RNZL49E3HSU875KFVMQ2,11,0,1,0.425,11.313708,0.8067,0.853272,CBAGJWPD6YXT0RNZL49ESHSUB7SKEVMQ2,0.121212,0.878788,point_previews/task000126_mu016384_rho050_n1.png
0.6,16384,8,license_plate_bahnschrift.ttf,CBAGJWPD6YXT0RNZL49E3HSU875KFVMQ2,11,0,0,0.51,12.393547,0.770893,0.778927,CBAGJWPD6YXT0RNZL49E3HSUB7SKEVMQ2,0.090909,0.909091,point_previews/task000126_mu016384_rho060_n0.png
0.6,16384,8,license_plate_bahnschrift.ttf,CBAGJWPD6YXT0RNZL49E3HSU875KFVMQ2,11,0,1,0.51,12.393547,0.770893,0.778927,CBAGJWPD6YXT0RNZL49E3HSUB7SKEVMQ2,0.090909,0.909091,point_previews/task000126_mu016384_rho060_n1.png
0.7,16384,8,license_plate_bahnschrift.ttf,CBAGJWPD6YXT0RNZL49E3HSU875KFVMQ2,11,0,0,0.595,13.38656,0.735998,0.721147,CBAGJWPD6YXT0RNZL49E3HSUB7SKEVMQ2,0.090909,0.909091,point_previews/task000126_mu016384_rho070_n0.png
0.7,16384,8,license_plate_bahnschrift.ttf,CBAGJWPD6YXT0RNZL49E3HSU875KFVMQ2,11,0,1,0.595,13.38656,0.735998,0.721147,CBAGJWPD6YXT0RNZL49E3HSUB7SKEVMQ2,0.090909,0.909091,point_previews/task000126_mu016384_rho070_n1.png
0.8,16384,8,license_plate_bahnschrift.ttf,CBAGJWPD6YXT0RNZL49E3HSU875KFVMQ2,11,0,0,0.68,14.310835,0.701998,0.674571,CBAGJWPD6YXT0RNZL49E3SHSUB7SKEVMGQ2,0.151515,0.848485,point_previews/task000126_mu016384_rho080_n0.png
0.8,16384,8,license_plate_bahnschrift.ttf,CBAGJWPD6YXT0RNZL49E3HSU875KFVMQ2,11,0,1,0.68,14.310835,0.701998,0.674571,CBAGJWPD6YXT0RNZL49E3HSUB7SKEVMGQ2,0.121212,0.878788,point_previews/task000126_mu016384_rho080_n1.png
0.9,16384,8,license_plate_bahnschrift.ttf,CBAGJWPD6YXT0RNZL49E3HSU875KFVMQ2,11,0,0,0.765,15.178933,0.668877,0.635992,CBAGJWPD6YXT0RNZL49E3SHSUB7TSKEVMQ2,0.151515,0.848485,point_previews/task000126_mu016384_rho090_n0.png
0.9,16384,8,license_plate_bahnschrift.ttf,CBAGJWPD6YXT0RNZL49E3HSU875KFVMQ2,11,0,1,0.765,15.178933,0.668877,0.635992,CBAGJWPD6YXT0RNZL49ESHSUB7TSKEVMQ2,0.151515,0.848485,point_previews/task000126_mu016384_rho090_n1.png
1.0,16384,8,license_plate_bahnschrift.ttf,CBAGJWPD6YXT0RNZL49E3HSU875KFVMQ2,11,0,0,0.85,16.0,0.63662,0.603355,CBAGJWPD6YXT0RNZL49E3HSUB7SKFEVMGQ2,0.121212,0.878788,point_previews/task000126_mu016384_rho100_n0.png
1.0,16384,8,license_plate_bahnschrift.ttf,CBAGJWPD6YXT0RNZL49E3HSU875KFVMQ2,11,0,1,0.85,16.0,0.63662,0.603355,CBAGJWPD6YXT0RNZL49E3HSUB7SKEVMGQ2,0.121212,0.878788,point_previews/task000126_mu016384_rho100_n1.png
0.1,65536,8,license_plate_bahnschrift.ttf,CBAGJWPD6YXT0RNZL49E3HSU875KFVMQ2,11,0,0,0.085,5.059644,0.959381,1.907975,CBAGJWPD6YXTRNZL49EJHSUB7SKEVM02,0.181818,0.818182,point_previews/task000127_mu065536_rho010_n0.png
0.1,65536,8,license_plate_bahnschrift.ttf,CBAGJWPD6YXT0RNZL49E3HSU875KFVMQ2,11,0,1,0.085,5.059644,0.959381,1.907975,CBAGJWPD6YXT0RNZL49EJHSUB7SKEVM02,0.151515,0.848485,point_previews/task000127_mu065536_rho010_n1.png
0.2,65536,8,license_plate_bahnschrift.ttf,CBAGJWPD6YXT0RNZL49E3HSU875KFVMQ2,11,0,0,0.17,7.155418,0.919759,1.349142,CBAGJWPD6YXTURNZL49EJHSUS7TSKEVMQ2,0.181818,0.818182,point_previews/task000127_mu065536_rho020_n0.png
0.2,65536,8,license_plate_bahnschrift.ttf,CBAGJWPD6YXT0RNZL49E3HSU875KFVMQ2,11,0,1,0.17,7.155418,0.919759,1.349142,CBAGJWPD6YXTURNZL49EJHSUBTSKEVMG2,0.212121,0.787879,point_previews/task000127_mu065536_rho020_n1.png
0.3,65536,8,license_plate_bahnschrift.ttf,CBAGJWPD6YXT0RNZL49E3HSU875KFVMQ2,11,0,0,0.255,8.763561,0.881116,1.10157,CBAGJWPD6YXTURNZL49E3HSUB7SKEVMQG2,0.151515,0.848485,point_previews/task000127_mu065536_rho030_n0.png
0.3,65536,8,license_plate_bahnschrift.ttf,CBAGJWPD6YXT0RNZL49E3HSU875KFVMQ2,11,0,1,0.255,8.763561,0.881116,1.10157,CBAGJWPD6YXTURNZL49E3HSUB7SKEVMQG2,0.151515,0.848485,point_previews/task000127_mu065536_rho030_n1.png
0.4,65536,8,license_plate_bahnschrift.ttf,CBAGJWPD6YXT0RNZL49E3HSU875KFVMQ2,11,0,0,0.34,10.119289,0.843436,0.953987,CBAGJWPD6YXT0RNZL49E3SHSUB7SKEVMQ2,0.121212,0.878788,point_previews/task000127_mu065536_rho040_n0.png
0.4,65536,8,license_plate_bahnschrift.ttf,CBAGJWPD6YXT0RNZL49E3HSU875KFVMQ2,11,0,1,0.34,10.119289,0.843436,0.953987,CBAGJWPD6YXT0RNZL49E3HSUB7SKEVMQ2,0.090909,0.909091,point_previews/task000127_mu065536_rho040_n1.png
0.5,65536,8,license_plate_bahnschrift.ttf,CBAGJWPD6YXT0RNZL49E3HSU875KFVMQ2,11,0,0,0.425,11.313708,0.8067,0.853272,CBAGJWPD6YXT0RNZL49ESJHSUBTSKEVMQG2,0.212121,0.787879,point_previews/task000127_mu065536_rho050_n0.png
0.5,65536,8,license_plate_bahnschrift.ttf,CBAGJWPD6YXT0RNZL49E3HSU875KFVMQ2,11,0,1,0.425,11.313708,0.8067,0.853272,CBAGJWPD6YXT0RNZL49E3JHSUB7TSKEVMQ2,0.151515,0.848485,point_previews/task000127_mu065536_rho050_n1.png
0.6,65536,8,license_plate_bahnschrift.ttf,CBAGJWPD6YXT0RNZL49E3HSU875KFVMQ2,11,0,0,0.51,12.393547,0.770893,0.778927,CBAGJWPD6YXT0RNZL49E3HSUB7SKEVMGQ2,0.121212,0.878788,point_previews/task000127_mu065536_rho060_n0.png
0.6,65536,8,license_plate_bahnschrift.ttf,CBAGJWPD6YXT0RNZL49E3HSU875KFVMQ2,11,0,1,0.51,12.393547,0.770893,0.778927,CBAGJWPD6YXT0RNZL49ESHSUB7SKEVMGQ2,0.151515,0.848485,point_previews/task000127_mu065536_rho060_n1.png
0.7,65536,8,license_plate_bahnschrift.ttf,CBAGJWPD6YXT0RNZL49E3HSU875KFVMQ2,11,0,0,0.595,13.38656,0.735998,0.721147,CBAGJWPD6YXT0RNZL49E3HSUB7SKEVMQ2,0.090909,0.909091,point_previews/task000127_mu065536_rho070_n0.png
0.7,65536,8,license_plate_bahnschrift.ttf,CBAGJWPD6YXT0RNZL49E3HSU875KFVMQ2,11,0,1,0.595,13.38656,0.735998,0.721147,CBAGJWPD6YXT0RNZL49E3HSUB7SKEVMQ2,0.090909,0.909091,point_previews/task000127_mu065536_rho070_n1.png
0.8,65536,8,license_plate_bahnschrift.ttf,CBAGJWPD6YXT0RNZL49E3HSU875KFVMQ2,11,0,0,0.68,14.310835,0.701998,0.674571,CBAGJWPD6YXT0RNZL49E3HSUB7SKEVMGQ2,0.121212,0.878788,point_previews/task000127_mu065536_rho080_n0.png
0.8,65536,8,license_plate_bahnschrift.ttf,CBAGJWPD6YXT0RNZL49E3HSU875KFVMQ2,11,0,1,0.68,14.310835,0.701998,0.674571,CBAGJWPD6YXT0RNZL49E3HSUB7SKEVMGQ2,0.121212,0.878788,point_previews/task000127_mu065536_rho080_n1.png
0.9,65536,8,license_plate_bahnschrift.ttf,CBAGJWPD6YXT0RNZL49E3HSU875KFVMQ2,11,0,0,0.765,15.178933,0.668877,0.635992,CBAGJWPD6YXT0RNZL49E3HSUB7SKEVMQ2,0.090909,0.909091,point_previews/task000127_mu065536_rho090_n0.png
0.9,65536,8,license_plate_bahnschrift.ttf,CBAGJWPD6YXT0RNZL49E3HSU875KFVMQ2,11,0,1,0.765,15.178933,0.668877,0.635992,CBAGJWPD6YXT0RNZL49ESHSUB7TSKEVMQ2,0.151515,0.848485,point_previews/task000127_mu065536_rho090_n1.png
1.0,65536,8,license_plate_bahnschrift.ttf,CBAGJWPD6YXT0RNZL49E3HSU875KFVMQ2,11,0,0,0.85,16.0,0.63662,0.603355,CBAGJWPD6YXT0RNZL49E3HSUB7SKFEVMQ2,0.090909,0.909091,point_previews/task000127_mu065536_rho100_n0.png
1.0,65536,8,license_plate_bahnschrift.ttf,CBAGJWPD6YXT0RNZL49E3HSU875KFVMQ2,11,0,1,0.85,16.0,0.63662,0.603355,CBAGJWPD6YXT0RNZL49E3HSUB7SKFEVMQ2,0.090909,0.909091,point_previews/task000127_mu065536_rho100_n1.png
0.1,4,8,license_plate_bahnschrift.ttf,CBAGJWPD6YXT0RNZL49E3HSU875KFVMQ2,11,3,0,0.085,5.059644,0.959381,1.907975,,1.0,0.0,point_previews/task000128_mu000004_rho010_n0.png
0.1,4,8,license_plate_bahnschrift.ttf,CBAGJWPD6YXT0RNZL49E3HSU875KFVMQ2,11,3,1,0.085,5.059644,0.959381,1.907975,TRARCTU,0.909091,0.090909,point_previews/task000128_mu000004_rho010_n1.png
0.2,4,8,license_plate_bahnschrift.ttf,CBAGJWPD6YXT0RNZL49E3HSU875KFVMQ2,11,3,0,0.17,7.155418,0.919759,1.349142,,1.0,0.0,point_previews/task000128_mu000004_rho020_n0.png
0.2,4,8,license_plate_bahnschrift.ttf,CBAGJWPD6YXT0RNZL49E3HSU875KFVMQ2,11,3,1,0.17,7.155418,0.919759,1.349142,SEEPRUAACUNA,0.909091,0.090909,point_previews/task000128_mu000004_rho020_n1.png
0.3,4,8,license_plate_bahnschrift.ttf,CBAGJWPD6YXT0RNZL49E3HSU875KFVMQ2,11,3,0,0.255,8.763561,0.881116,1.10157,LSEMSTRESAWLSUE,0.878788,0.121212,point_previews/task000128_mu000004_rho030_n0.png
0.3,4,8,license_plate_bahnschrift.ttf,CBAGJWPD6YXT0RNZL49E3HSU875KFVMQ2,11,3,1,0.255,8.763561,0.881116,1.10157,ANABSNCMCREPR,0.909091,0.090909,point_previews/task000128_mu000004_rho030_n1.png
0.4,4,8,license_plate_bahnschrift.ttf,CBAGJWPD6YXT0RNZL49E3HSU875KFVMQ2,11,3,0,0.34,10.119289,0.843436,0.953987,RERCGDSBPRMPEPRERESATCRATAT,0.878788,0.121212,point_previews/task000128_mu000004_rho040_n0.png
0.4,4,8,license_plate_bahnschrift.ttf,CBAGJWPD6YXT0RNZL49E3HSU875KFVMQ2,11,3,1,0.34,10.119289,0.843436,0.953987,SETERRLEYSTSAPSRMSRAD,0.878788,0.121212,point_previews/task000128_mu000004_rho040_n1.png
0.5,4,8,license_plate_bahnschrift.ttf,CBAGJWPD6YXT0RNZL49E3HSU875KFVMQ2,11,3,0,0.425,11.313708,0.8067,0.853272,TSDBSHARYE,0.909091,0.090909,point_previews/task000128_mu000004_rho050_n0.png
0.5,4,8,license_plate_bahnschrift.ttf,CBAGJWPD6YXT0RNZL49E3HSU875KFVMQ2,11,3,1,0.425,11.313708,0.8067,0.853272,AERRRNSPRRDAEE,0.878788,0.121212,point_previews/task000128_mu000004_rho050_n1.png
0.6,4,8,license_plate_bahnschrift.ttf,CBAGJWPD6YXT0RNZL49E3HSU875KFVMQ2,11,3,0,0.51,12.393547,0.770893,0.778927,SASRSHNCEMTS,0.878788,0.121212,point_previews/task000128_mu000004_rho060_n0.png
0.6,4,8,license_plate_bahnschrift.ttf,CBAGJWPD6YXT0RNZL49E3HSU875KFVMQ2,11,3,1,0.51,12.393547,0.770893,0.778927,SPESCERETLARERLMLDTCMR,0.848485,0.151515,point_previews/task000128_mu000004_rho060_n1.png
0.7,4,8,license_plate_bahnschrift.ttf,CBAGJWPD6YXT0RNZL49E3HSU875KFVMQ2,11,3,0,0.595,13.38656,0.735998,0.721147,MRSTTYSERNEM,0.848485,0.151515,point_previews/task000128_mu000004_rho070_n0.png
0.7,4,8,license_plate_bahnschrift.ttf,CBAGJWPD6YXT0RNZL49E3HSU875KFVMQ2,11,3,1,0.595,13.38656,0.735998,0.721147,RUSRAETAWLSYPE,0.909091,0.090909,point_previews/task000128_mu000004_rho070_n1.png
0.8,4,8,license_plate_bahnschrift.ttf,CBAGJWPD6YXT0RNZL49E3HSU875KFVMQ2,11,3,0,0.68,14.310835,0.701998,0.674571,,1.0,0.0,point_previews/task000128_mu000004_rho080_n0.png
0.8,4,8,license_plate_bahnschrift.ttf,CBAGJWPD6YXT0RNZL49E3HSU875KFVMQ2,11,3,1,0.68,14.310835,0.701998,0.674571,ADCCRTRENAREESUEE,0.787879,0.212121,point_previews/task000128_mu000004_rho080_n1.png
0.9,4,8,license_plate_bahnschrift.ttf,CBAGJWPD6YXT0RNZL49E3HSU875KFVMQ2,11,3,0,0.765,15.178933,0.668877,0.635992,SRNPNDRTAVRREALS,0.878788,0.121212,point_previews/task000128_mu000004_rho090_n0.png
0.9,4,8,license_plate_bahnschrift.ttf,CBAGJWPD6YXT0RNZL49E3HSU875KFVMQ2,11,3,1,0.765,15.178933,0.668877,0.635992,SBANGPR2EAUGBRA,0.818182,0.181818,point_previews/task000128_mu000004_rho090_n1.png
1.0,4,8,license_plate_bahnschrift.ttf,CBAGJWPD6YXT0RNZL49E3HSU875KFVMQ2,11,3,0,0.85,16.0,0.63662,0.603355,PURETAREKUEAPESSRRES,0.878788,0.121212,point_previews/task000128_mu000004_rho100_n0.png
1.0,4,8,license_plate_bahnschrift.ttf,CBAGJWPD6YXT0RNZL49E3HSU875KFVMQ2,11,3,1,0.85,16.0,0.63662,0.603355,VDBACUPLPBEETCSETBSSNZ,0.878788,0.121212,point_previews/task000128_mu000004_rho100_n1.png
0.1,16,8,license_plate_bahnschrift.ttf,CBAGJWPD6YXT0RNZL49E3HSU875KFVMQ2,11,3,0,0.085,5.059644,0.959381,1.907975,ADMAENAPEAESRTNET9SRUE,0.848485,0.151515,point_previews/task000129_mu000016_rho010_n0.png
0.1,16,8,license_plate_bahnschrift.ttf,CBAGJWPD6YXT0RNZL49E3HSU875KFVMQ2,11,3,1,0.085,5.059644,0.959381,1.907975,SRTTRSSFCLE,0.878788,0.121212,point_previews/task000129_mu000016_rho010_n1.png
0.2,16,8,license_plate_bahnschrift.ttf,CBAGJWPD6YXT0RNZL49E3HSU875KFVMQ2,11,3,0,0.17,7.155418,0.919759,1.349142,,1.0,0.0,point_previews/task000129_mu000016_rho020_n0.png
0.2,16,8,license_plate_bahnschrift.ttf,CBAGJWPD6YXT0RNZL49E3HSU875KFVMQ2,11,3,1,0.17,7.155418,0.919759,1.349142,SSLASNSNEUPCNTRAEE,0.909091,0.090909,point_previews/task000129_mu000016_rho020_n1.png
0.3,16,8,license_plate_bahnschrift.ttf,CBAGJWPD6YXT0RNZL49E3HSU875KFVMQ2,11,3,0,0.255,8.763561,0.881116,1.10157,SEARWPRGRTGRNALAPESHSATSRC,0.69697,0.30303,point_previews/task000129_mu000016_rho030_n0.png
0.3,16,8,license_plate_bahnschrift.ttf,CBAGJWPD6YXT0RNZL49E3HSU875KFVMQ2,11,3,1,0.255,8.763561,0.881116,1.10157,REASWEDGNEPUBRELASEAUNSREYMLS,0.787879,0.212121,point_previews/task000129_mu000016_rho030_n1.png
0.4,16,8,license_plate_bahnschrift.ttf,CBAGJWPD6YXT0RNZL49E3HSU875KFVMQ2,11,3,0,0.34,10.119289,0.843436,0.953987,ERASUNPDSYRTRNZCASESMSTSTSKEMEE,0.636364,0.363636,point_previews/task000129_mu000016_rho040_n0.png
0.4,16,8,license_plate_bahnschrift.ttf,CBAGJWPD6YXT0RNZL49E3HSU875KFVMQ2,11,3,1,0.34,10.119289,0.843436,0.953987,,1.0,0.0,point_previews/task000129_mu000016_rho040_n1.png
0.5,16,8,license_plate_bahnschrift.ttf,CBAGJWPD6YXT0RNZL49E3HSU875KFVMQ2,11,3,0,0.425,11.313708,0.8067,0.853272,ABAGPRRTERNZLA263PSUBTSREYMD,0.606061,0.393939,point_previews/task000129_mu000016_rho050_n0.png
0.5,16,8,license_plate_bahnschrift.ttf,CBAGJWPD6YXT0RNZL49E3HSU875KFVMQ2,11,3,1,0.425,11.313708,0.8067,0.853272,CBAGWPDSYRTGRNALASLARSUB7SKDMB,0.484848,0.515152,point_previews/task000129_mu000016_rho050_n1.png
0.6,16,8,license_plate_bahnschrift.ttf,CBAGJWPD6YXT0RNZL49E3HSU875KFVMQ2,11,3,0,0.51,12.393547,0.770893,0.778927,CEAGLWPREYRTDRNZLSVESHEUSTSREVMAZ,0.515152,0.484848,point_previews/task000129_mu000016_rho060_n0.png
0.6,16,8,license_plate_bahnschrift.ttf,CBAGJWPD6YXT0RNZL49E3HSU875KFVMQ2,11,3,1,0.51,12.393547,0.770893,0.778927,LEAGWPDEYCTURNZLASESHSURTSKEMDS,0.484848,0.515152,point_previews/task000129_mu000016_rho060_n1.png
0.7,16,8,license_plate_bahnschrift.ttf,CBAGJWPD6YXT0RNZL49E3HSU875KFVMQ2,11,3,0,0.595,13.38656,0.735998,0.721147,DBAGUWPUSETRNZLSESHSUGTSKSVMDS,0.484848,0.515152,point_previews/task000129_mu000016_rho070_n0.png
0.7,16,8,license_plate_bahnschrift.ttf,CBAGJWPD6YXT0RNZL49E3HSU875KFVMQ2,11,3,1,0.595,13.38656,0.735998,0.721147,,1.0,0.0,point_previews/task000129_mu000016_rho070_n1.png
0.8,16,8,license_plate_bahnschrift.ttf,CBAGJWPD6YXT0RNZL49E3HSU875KFVMQ2,11,3,0,0.68,14.310835,0.701998,0.674571,,1.0,0.0,point_previews/task000129_mu000016_rho080_n0.png
0.8,16,8,license_plate_bahnschrift.ttf,CBAGJWPD6YXT0RNZL49E3HSU875KFVMQ2,11,3,1,0.68,14.310835,0.701998,0.674571,CRAGJWPDSYRDRNZL4FESHSUBTSKEVMA2,0.363636,0.636364,point_previews/task000129_mu000016_rho080_n1.png
0.9,16,8,license_plate_bahnschrift.ttf,CBAGJWPD6YXT0RNZL49E3HSU875KFVMQ2,11,3,0,0.765,15.178933,0.668877,0.635992,,1.0,0.0,point_previews/task000129_mu000016_rho090_n0.png
0.9,16,8,license_plate_bahnschrift.ttf,CBAGJWPD6YXT0RNZL49E3HSU875KFVMQ2,11,3,1,0.765,15.178933,0.668877,0.635992,LBASJWPDGERTURNZLASESHSUBYSKEVM02,0.424242,0.575758,point_previews/task000129_mu000016_rho090_n1.png
1.0,16,8,license_plate_bahnschrift.ttf,CBAGJWPD6YXT0RNZL49E3HSU875KFVMQ2,11,3,0,0.85,16.0,0.63662,0.603355,,1.0,0.0,point_previews/task000129_mu000016_rho100_n0.png
1.0,16,8,license_plate_bahnschrift.ttf,CBAGJWPD6YXT0RNZL49E3HSU875KFVMQ2,11,3,1,0.85,16.0,0.63662,0.603355,,1.0,0.0,point_previews/task000129_mu000016_rho100_n1.png
0.1,64,8,license_plate_bahnschrift.ttf,CBAGJWPD6YXT0RNZL49E3HSU875KFVMQ2,11,3,0,0.085,5.059644,0.959381,1.907975,CHAGAWPSEYRTCRNZEDTEFASURTSKEVMDE,0.515152,0.484848,point_previews/task000130_mu000064_rho010_n0.png
0.1,64,8,license_plate_bahnschrift.ttf,CBAGJWPD6YXT0RNZL49E3HSU875KFVMQ2,11,3,1,0.085,5.059644,0.959381,1.907975,CRASNPBSPADRNZLATETHSGBPREVMBS,0.636364,0.363636,point_previews/task000130_mu000064_rho010_n1.png
0.2,64,8,license_plate_bahnschrift.ttf,CBAGJWPD6YXT0RNZL49E3HSU875KFVMQ2,11,3,0,0.17,7.155418,0.919759,1.349142,,1.0,0.0,point_previews/task000130_mu000064_rho020_n0.png
0.2,64,8,license_plate_bahnschrift.ttf,CBAGJWPD6YXT0RNZL49E3HSU875KFVMQ2,11,3,1,0.17,7.155418,0.919759,1.349142,,1.0,0.0,point_previews/task000130_mu000064_rho020_n1.png
0.3,64,8,license_plate_bahnschrift.ttf,CBAGJWPD6YXT0RNZL49E3HSU875KFVMQ2,11,3,0,0.255,8.763561,0.881116,1.10157,,1.0,0.0,point_previews/task000130_mu000064_rho030_n0.png
0.3,64,8,license_plate_bahnschrift.ttf,CBAGJWPD6YXT0RNZL49E3HSU875KFVMQ2,11,3,1,0.255,8.763561,0.881116,1.10157,CBAGJWPDSYXTRNZL49ESHSUSTSKEVMG2,0.242424,0.757576,point_previews/task000130_mu000064_rho030_n1.png
0.4,64,8,license_plate_bahnschrift.ttf,CBAGJWPD6YXT0RNZL49E3HSU875KFVMQ2,11,3,0,0.34,10.119289,0.843436,0.953987,CBAGJWPDSYXTRNZL49ESHSUB7SKEVMG2,0.212121,0.787879,point_previews/task000130_mu000064_rho040_n0.png
0.4,64,8,license_plate_bahnschrift.ttf,CBAGJWPD6YXT0RNZL49E3HSU875KFVMQ2,11,3,1,0.34,10.119289,0.843436,0.953987,EBAGJWPDSYXTRNZLAPEAHSUBTSKEVMQ2,0.30303,0.69697,point_previews/task000130_mu000064_rho040_n1.png
0.5,64,8,license_plate_bahnschrift.ttf,CBAGJWPD6YXT0RNZL49E3HSU875KFVMQ2,11,3,0,0.425,11.313708,0.8067,0.853272,CBAGJWPDSYXTRNZL49ESHSUBTSKEVMQ2,0.212121,0.787879,point_previews/task000130_mu000064_rho050_n0.png
0.5,64,8,license_plate_bahnschrift.ttf,CBAGJWPD6YXT0RNZL49E3HSU875KFVMQ2,11,3,1,0.425,11.313708,0.8067,0.853272,CBAGJWPDSYXTURNZLA9ESHSUBTSKEVMD2,0.272727,0.727273,point_previews/task000130_mu000064_rho050_n1.png
0.6,64,8,license_plate_bahnschrift.ttf,CBAGJWPD6YXT0RNZL49E3HSU875KFVMQ2,11,3,0,0.51,12.393547,0.770893,0.778927,CBAGJWPDSYXTRNZLSESHSUB7SKEVMQ2,0.242424,0.757576,point_previews/task000130_mu000064_rho060_n0.png
0.6,64,8,license_plate_bahnschrift.ttf,CBAGJWPD6YXT0RNZL49E3HSU875KFVMQ2,11,3,1,0.51,12.393547,0.770893,0.778927,CBAGJWPD6YXTURNZL49E3HSUA7SKEVMQ2,0.121212,0.878788,point_previews/task000130_mu000064_rho060_n1.png
0.7,64,8,license_plate_bahnschrift.ttf,CBAGJWPD6YXT0RNZL49E3HSU875KFVMQ2,11,3,0,0.595,13.38656,0.735998,0.721147,CBAGJWPDSYXTRNZLS9ESHSUBTSKEVMG2,0.272727,0.727273,point_previews/task000130_mu000064_rho070_n0.png
0.7,64,8,license_plate_bahnschrift.ttf,CBAGJWPD6YXT0RNZL49E3HSU875KFVMQ2,11,3,1,0.595,13.38656,0.735998,0.721147,CBAGJWPD6YXTRNZL49E3HSUBTSKEYMG2,0.212121,0.787879,point_previews/task000130_mu000064_rho070_n1.png
0.8,64,8,license_plate_bahnschrift.ttf,CBAGJWPD6YXT0RNZL49E3HSU875KFVMQ2,11,3,0,0.68,14.310835,0.701998,0.674571,CBAGJWPD6YXTURNZL49ESHSUBTSKFEYMG2,0.242424,0.757576,point_previews/task000130_mu000064_rho080_n0.png
0.8,64,8,license_plate_bahnschrift.ttf,CBAGJWPD6YXT0RNZL49E3HSU875KFVMQ2,11,3,1,0.68,14.310835,0.701998,0.674571,CBAGJWPD6YXTURNZL49ESHSUBTSKFEYMG2,0.242424,0.757576,point_previews/task000130_mu000064_rho080_n1.png
0.9,64,8,license_plate_bahnschrift.ttf,CBAGJWPD6YXT0RNZL49E3HSU875KFVMQ2,11,3,0,0.765,15.178933,0.668877,0.635992,CBAGJWPD6YXTRNZL49E3HSUBTSKEVMQ2,0.151515,0.848485,point_previews/task000130_mu000064_rho090_n0.png
0.9,64,8,license_plate_bahnschrift.ttf,CBAGJWPD6YXT0RNZL49E3HSU875KFVMQ2,11,3,1,0.765,15.178933,0.668877,0.635992,CBAGJWPD46YXTQRNZL49E3HSUB7SKEVMQ2,0.151515,0.848485,point_previews/task000130_mu000064_rho090_n1.png
1.0,64,8,license_plate_bahnschrift.ttf,CBAGJWPD6YXT0RNZL49E3HSU875KFVMQ2,11,3,0,0.85,16.0,0.63662,0.603355,CBAGJWPD6YXTRNZL49E3HSUB7SKEVMQ2,0.121212,0.878788,point_previews/task000130_mu000064_rho100_n0.png
1.0,64,8,license_plate_bahnschrift.ttf,CBAGJWPD6YXT0RNZL49E3HSU875KFVMQ2,11,3,1,0.85,16.0,0.63662,0.603355,CBAGJWPDSYXTRNZL4SESHSUBTSKEVMG2,0.272727,0.727273,point_previews/task000130_mu000064_rho100_n1.png
0.1,256,8,license_plate_bahnschrift.ttf,CBAGJWPD6YXT0RNZL49E3HSU875KFVMQ2,11,3,0,0.085,5.059644,0.959381,1.907975,CBAGJWPDEYXTRNZL49EJHSUATSKEVM2,0.242424,0.757576,point_previews/task000131_mu000256_rho010_n0.png
0.1,256,8,license_plate_bahnschrift.ttf,CBAGJWPD6YXT0RNZL49E3HSU875KFVMQ2,11,3,1,0.085,5.059644,0.959381,1.907975,CBAGJWPDSYXTURNZL49EGHSUATSKFYM2,0.242424,0.757576,point_previews/task000131_mu000256_rho010_n1.png
0.2,256,8,license_plate_bahnschrift.ttf,CBAGJWPD6YXT0RNZL49E3HSU875KFVMQ2,11,3,0,0.17,7.155418,0.919759,1.349142,CBAGJWPDSYXTRNZL49ESHSUBTSKEVMQ2,0.212121,0.787879,point_previews/task000131_mu000256_rho020_n0.png
0.2,256,8,license_plate_bahnschrift.ttf,CBAGJWPD6YXT0RNZL49E3HSU875KFVMQ2,11,3,1,0.17,7.155418,0.919759,1.349142,CBAGJWPDSYXTRNZL49EJHSUBTSKFVMG2,0.212121,0.787879,point_previews/task000131_mu000256_rho020_n1.png
0.3,256,8,license_plate_bahnschrift.ttf,CBAGJWPD6YXT0RNZL49E3HSU875KFVMQ2,11,3,0,0.255,8.763561,0.881116,1.10157,CBAGJWPD6YXTRNZL49ESHSUB7TSKEVMG2,0.212121,0.787879,point_previews/task000131_mu000256_rho030_n0.png
0.3,256,8,license_plate_bahnschrift.ttf,CBAGJWPD6YXT0RNZL49E3HSU875KFVMQ2,11,3,1,0.255,8.763561,0.881116,1.10157,CBAGJWPD6YXT0RNZL49EJHSUB7SKEVMG2,0.151515,0.848485,point_previews/task000131_mu000256_rho030_n1.png
0.4,256,8,license_plate_bahnschrift.ttf,CBAGJWPD6YXT0RNZL49E3HSU875KFVMQ2,11,3,0,0.34,10.119289,0.843436,0.953987,CBAGJWPD6YXT0RNZL49E3HSUBTSKEVM02,0.151515,0.848485,point_previews/task000131_mu000256_rho040_n0.png
0.4,256,8,license_plate_bahnschrift.ttf,CBAGJWPD6YXT0RNZL49E3HSU875KFVMQ2,11,3,1,0.34,10.119289,0.843436,0.953987,CBAGJWPD6YXTURNZL49ESHSUB7TSKEVMQ2,0.181818,0.818182,point_previews/task000131_mu000256_rho040_n1.png
0.5,256,8,license_plate_bahnschrift.ttf,CBAGJWPD6YXT0RNZL49E3HSU875KFVMQ2,11,3,0,0.425,11.313708,0.8067,0.853272,CBAGJWPD6YXT0RNZL49EJHSUBTSKEVMG2,0.181818,0.818182,point_previews/task000131_mu000256_rho050_n0.png
0.5,256,8,license_plate_bahnschrift.ttf,CBAGJWPD6YXT0RNZL49E3HSU875KFVMQ2,11,3,1,0.425,11.313708,0.8067,0.853272,CBAGJWPD6YXTGRNZL49ESHSUBTSKEVMQ2,0.181818,0.818182,point_previews/task000131_mu000256_rho050_n1.png
0.6,256,8,license_plate_bahnschrift.ttf,CBAGJWPD6YXT0RNZL49E3HSU875KFVMQ2,11,3,0,0.51,12.393547,0.770893,0.778927,CBAGJWPD6YXTURNZL49E3HSUB75KEVMG2,0.121212,0.878788,point_previews/task000131_mu000256_rho060_n0.png
0.6,256,8,license_plate_bahnschrift.ttf,CBAGJWPD6YXT0RNZL49E3HSU875KFVMQ2,11,3,1,0.51,12.393547,0.770893,0.778927,CBAGJWPD6YXT0RNZL49ESHSUBTSKEVMQG2,0.181818,0.818182,point_previews/task000131_mu000256_rho060_n1.png
0.7,256,8,license_plate_bahnschrift.ttf,CBAGJWPD6YXT0RNZL49E3HSU875KFVMQ2,11,3,0,0.595,13.38656,0.735998,0.721147,CBAGJWPD6YXTARNZL49ESHSUB7SKEVMGQ2,0.181818,0.818182,point_previews/task000131_mu000256_rho070_n0.png
0.7,256,8,license_plate_bahnschrift.ttf,CBAGJWPD6YXT0RNZL49E3HSU875KFVMQ2,11,3,1,0.595,13.38656,0.735998,0.721147,CBAGJWPD6YXTQRNZL49E3HSUB7TSKEVMG2,0.181818,0.818182,point_previews/task000131_mu000256_rho070_n1.png
0.8,256,8,license_plate_bahnschrift.ttf,CBAGJWPD6YXT0RNZL49E3HSU875KFVMQ2,11,3,0,0.68,14.310835,0.701998,0.674571,CBAGJWPD6YXTERNZL49E3HSUB7TSKEVMQG2,0.181818,0.818182,point_previews/task000131_mu000256_rho080_n0.png
0.8,256,8,license_plate_bahnschrift.ttf,CBAGJWPD6YXT0RNZL49E3HSU875KFVMQ2,11,3,1,0.68,14.310835,0.701998,0.674571,CBAGJWPD6YXTARNZL49ESHSUBTSKEVMQ2,0.181818,0.818182,point_previews/task000131_mu000256_rho080_n1.png
0.9,256,8,license_plate_bahnschrift.ttf,CBAGJWPD6YXT0RNZL49E3HSU875KFVMQ2,11,3,0,0.765,15.178933,0.668877,0.635992,CBAGJWPD6YXTURNZL49ESHSUB7SKEVMGQ2,0.181818,0.818182,point_previews/task000131_mu000256_rho090_n0.png
0.9,256,8,license_plate_bahnschrift.ttf,CBAGJWPD6YXT0RNZL49E3HSU875KFVMQ2,11,3,1,0.765,15.178933,0.668877,0.635992,CBAGJWPD6YXTURNZL49E3HSUB7SKEVMGQ2,0.151515,0.848485,point_previews/task000131_mu000256_rho090_n1.png
1.0,256,8,license_plate_bahnschrift.ttf,CBAGJWPD6YXT0RNZL49E3HSU875KFVMQ2,11,3,0,0.85,16.0,0.63662,0.603355,CBAGJWPD6YXT0RNZL49E3HSUB75SKEVMQ2,0.090909,0.909091,point_previews/task000131_mu000256_rho100_n0.png
1.0,256,8,license_plate_bahnschrift.ttf,CBAGJWPD6YXT0RNZL49E3HSU875KFVMQ2,11,3,1,0.85,16.0,0.63662,0.603355,CBAGJWPD6YXTARNZL49ESHSUB7SKFVMQ2,0.121212,0.878788,point_previews/task000131_mu000256_rho100_n1.png
0.1,1024,8,license_plate_bahnschrift.ttf,CBAGJWPD6YXT0RNZL49E3HSU875KFVMQ2,11,3,0,0.085,5.059644,0.959381,1.907975,CBAGJWPD6YXT0RNZLAJEJHSUB7SKEVMQ2,0.181818,0.818182,point_previews/task000132_mu001024_rho010_n0.png
0.1,1024,8,license_plate_bahnschrift.ttf,CBAGJWPD6YXT0RNZL49E3HSU875KFVMQ2,11,3,1,0.085,5.059644,0.959381,1.907975,CBAGJWPDSYXTRNZL49ESHSUB7SKEVMQ2,0.181818,0.818182,point_previews/task000132_mu001024_rho010_n1.png
0.2,1024,8,license_plate_bahnschrift.ttf,CBAGJWPD6YXT0RNZL49E3HSU875KFVMQ2,11,3,0,0.17,7.155418,0.919759,1.349142,CBAGJWPD6YXT0RNZL49ESHSUB7SKEVMQ2,0.121212,0.878788,point_previews/task000132_mu001024_rho020_n0.png
0.2,1024,8,license_plate_bahnschrift.ttf,CBAGJWPD6YXT0RNZL49E3HSU875KFVMQ2,11,3,1,0.17,7.155418,0.919759,1.349142,CBAGJWPD6YXTQRNZL49ESHSUBTSKEVMQ2,0.181818,0.818182,point_previews/task000132_mu001024_rho020_n1.png
0.3,1024,8,license_plate_bahnschrift.ttf,CBAGJWPD6YXT0RNZL49E3HSU875KFVMQ2,11,3,0,0.255,8.763561,0.881116,1.10157,CBAGJWPD6YXTQRNZL49ESHSUBTSKEVMQ2,0.181818,0.818182,point_previews/task000132_mu001024_rho030_n0.png
0.3,1024,8,license_plate_bahnschrift.ttf,CBAGJWPD6YXT0RNZL49E3HSU875KFVMQ2,11,3,1,0.255,8.763561,0.881116,1.10157,CBAGJWPD6YXT0RNZL49E3HSUB7TSKEVMG2,0.151515,0.848485,point_previews/task000132_mu001024_rho030_n1.png
0.4,1024,8,license_plate_bahnschrift.ttf,CBAGJWPD6YXT0RNZL49E3HSU875KFVMQ2,11,3,0,0.34,10.119289,0.843436,0.953987,CBAGJWPD6YXT0RNZL49ES3HSUB7SKEVMQ2,0.121212,0.878788,point_previews/task000132_mu001024_rho040_n0.png
0.4,1024,8,license_plate_bahnschrift.ttf,CBAGJWPD6YXT0RNZL49E3HSU875KFVMQ2,11,3,1,0.34,10.119289,0.843436,0.953987,CBAGJWPD6YXT0RNZL49ES3HSUB7SKEVMG2,0.151515,0.848485,point_previews/task000132_mu001024_rho040_n1.png
0.5,1024,8,license_plate_bahnschrift.ttf,CBAGJWPD6YXT0RNZL49E3HSU875KFVMQ2,11,3,0,0.425,11.313708,0.8067,0.853272,CBAGJWPD6YXT0RNZL49ES3HSUB7SKEVMGQ2,0.151515,0.848485,point_previews/task000132_mu001024_rho050_n0.png
0.5,1024,8,license_plate_bahnschrift.ttf,CBAGJWPD6YXT0RNZL49E3HSU875KFVMQ2,11,3,1,0.425,11.313708,0.8067,0.853272,CBAGJWPD6YXT0RNZL49ESHSUBTSKEVMG2,0.181818,0.818182,point_previews/task000132_mu001024_rho050_n1.png
0.6,1024,8,license_plate_bahnschrift.ttf,CBAGJWPD6YXT0RNZL49E3HSU875KFVMQ2,11,3,0,0.51,12.393547,0.770893,0.778927,CBAGJWPD6YXT0RNZL49E3HSUB7SKEVMGQ2,0.121212,0.878788,point_previews/task000132_mu001024_rho060_n0.png
0.6,1024,8,license_plate_bahnschrift.ttf,CBAGJWPD6YXT0RNZL49E3HSU875KFVMQ2,11,3,1,0.51,12.393547,0.770893,0.778927,CBAGJWPD6YXT0RNZL49ES3HSUB7SKEVMQ2,0.121212,0.878788,point_previews/task000132_mu001024_rho060_n1.png
0.7,1024,8,license_plate_bahnschrift.ttf,CBAGJWPD6YXT0RNZL49E3HSU875KFVMQ2,11,3,0,0.595,13.38656,0.735998,0.721147,CBAGJWPD6YXT0RNZL49ES3HSUB7SKEVMG2,0.151515,0.848485,point_previews/task000132_mu001024_rho070_n0.png
0.7,1024,8,license_plate_bahnschrift.ttf,CBAGJWPD6YXT0RNZL49E3HSU875KFVMQ2,11,3,1,0.595,13.38656,0.735998,0.721147,CBAGJWPD6YXT0RNZL49E3HSUB7SKEVMG2,0.121212,0.878788,point_previews/task000132_mu001024_rho070_n1.png
0.8,1024,8,license_plate_bahnschrift.ttf,CBAGJWPD6YXT0RNZL49E3HSU875KFVMQ2,11,3,0,0.68,14.310835,0.701998,0.674571,CBAGJWPD6YXT0RNZL49E3HSUB75KFEVMQ2,0.060606,0.939394,point_previews/task000132_mu001024_rho080_n0.png
0.8,1024,8,license_plate_bahnschrift.ttf,CBAGJWPD6YXT0RNZL49E3HSU875KFVMQ2,11,3,1,0.68,14.310835,0.701998,0.674571,CBAGJWPD6YXT0RNZL49E3HSUB7SKEVMQ2,0.090909,0.909091,point_previews/task000132_mu001024_rho080_n1.png
0.9,1024,8,license_plate_bahnschrift.ttf,CBAGJWPD6YXT0RNZL49E3HSU875KFVMQ2,11,3,0,0.765,15.178933,0.668877,0.635992,CBAGJWPD6YXT0RNZL49ESHSUB7TSKEVMQ2,0.151515,0.848485,point_previews/task000132_mu001024_rho090_n0.png
0.9,1024,8,license_plate_bahnschrift.ttf,CBAGJWPD6YXT0RNZL49E3HSU875KFVMQ2,11,3,1,0.765,15.178933,0.668877,0.635992,CBAGJWPD6YXT0RNZL49E3HSUB75KEVMG2,0.090909,0.909091,point_previews/task000132_mu001024_rho090_n1.png
1.0,1024,8,license_plate_bahnschrift.ttf,CBAGJWPD6YXT0RNZL49E3HSU875KFVMQ2,11,3,0,0.85,16.0,0.63662,0.603355,CBAGJWPD6YXT0RNZL49E3HSUB75KEVMQ2,0.060606,0.939394,point_previews/task000132_mu001024_rho100_n0.png
1.0,1024,8,license_plate_bahnschrift.ttf,CBAGJWPD6YXT0RNZL49E3HSU875KFVMQ2,11,3,1,0.85,16.0,0.63662,0.603355,CBAGJWPD6YXT0RNZL49E3HSUB75KFEVMQ2,0.060606,0.939394,point_previews/task000132_mu001024_rho100_n1.png
0.1,4096,8,license_plate_bahnschrift.ttf,CBAGJWPD6YXT0RNZL49E3HSU875KFVMQ2,11,3,0,0.085,5.059644,0.959381,1.907975,CBAGJWPD6YXTRNZL4A9EJHSUB7SKEVM02,0.212121,0.787879,point_previews/task000133_mu004096_rho010_n0.png
0.1,4096,8,license_plate_bahnschrift.ttf,CBAGJWPD6YXT0RNZL49E3HSU875KFVMQ2,11,3,1,0.085,5.059644,0.959381,1.907975,CBAGJWPDSYXTRNZLA9EJHSUBTSKEVM02,0.272727,0.727273,point_previews/task000133_mu004096_rho010_n1.png
0.2,4096,8,license_plate_bahnschrift.ttf,CBAGJWPD6YXT0RNZL49E3HSU875KFVMQ2,11,3,0,0.17,7.155418,0.919759,1.349142,CBAGJWPD6YXTRNZL49ESHSUB7SKEVMQ2,0.151515,0.848485,point_previews/task000133_mu004096_rho020_n0.png
0.2,4096,8,license_plate_bahnschrift.ttf,CBAGJWPD6YXT0RNZL49E3HSU875KFVMQ2,11,3,1,0.17,7.155418,0.919759,1.349142,CBAGJWPD6YXT0RNZLA9EJHSUBTSKEVMQ2,0.181818,0.818182,point_previews/task000133_mu004096_rho020_n1.png
0.3,4096,8,license_plate_bahnschrift.ttf,CBAGJWPD6YXT0RNZL49E3HSU875KFVMQ2,11,3,0,0.255,8.763561,0.881116,1.10157,CBAGJWPD6YXT0RNZL49ESHSUBTSKEVMQ2,0.151515,0.848485,point_previews/task000133_mu004096_rho030_n0.png
0.3,4096,8,license_plate_bahnschrift.ttf,CBAGJWPD6YXT0RNZL49E3HSU875KFVMQ2,11,3,1,0.255,8.763561,0.881116,1.10157,CBAGJWPD6YXT0RNZL49ESHSUB7SKEVMGQ2,0.151515,0.848485,point_previews/task000133_mu004096_rho030_n1.png
0.4,4096,8,license_plate_bahnschrift.ttf,CBAGJWPD6YXT0RNZL49E3HSU875KFVMQ2,11,3,0,0.34,10.119289,0.843436,0.953987,CBAGJWPD6YXT0RNZL49ES3HSUB7SKEVMQ2,0.121212,0.878788,point_previews/task000133_mu004096_rho040_n0.png
0.4,4096,8,license_plate_bahnschrift.ttf,CBAGJWPD6YXT0RNZL49E3HSU875KFVMQ2,11,3,1,0.34,10.119289,0.843436,0.953987,CBAGJWPD6YXT0RNZL49ES3HSUB7SKEVMQ2,0.121212,0.878788,point_previews/task000133_mu004096_rho040_n1.png
0.5,4096,8,license_plate_bahnschrift.ttf,CBAGJWPD6YXT0RNZL49E3HSU875KFVMQ2,11,3,0,0.425,11.313708,0.8067,0.853272,CBAGJWPD6YXT0RNZL49ES3HSUB7SKEVMG2,0.151515,0.848485,point_previews/task000133_mu004096_rho050_n0.png
0.5,4096,8,license_plate_bahnschrift.ttf,CBAGJWPD6YXT0RNZL49E3HSU875KFVMQ2,11,3,1,0.425,11.313708,0.8067,0.853272,CBAGJWPD6YXT0RNZL49ES3HSUB7SKEVMG2,0.151515,0.848485,point_previews/task000133_mu004096_rho050_n1.png
0.6,4096,8,license_plate_bahnschrift.ttf,CBAGJWPD6YXT0RNZL49E3HSU875KFVMQ2,11,3,0,0.51,12.393547,0.770893,0.778927,CBAGJWPD6YXT0RNZL49ES3HSUB7SKEVMGQ2,0.151515,0.848485,point_previews/task000133_mu004096_rho060_n0.png
0.6,4096,8,license_plate_bahnschrift.ttf,CBAGJWPD6YXT0RNZL49E3HSU875KFVMQ2,11,3,1,0.51,12.393547,0.770893,0.778927,CBAGJWPD6YXT0RNZL49E3HSUB7SKEVMG2,0.121212,0.878788,point_previews/task000133_mu004096_rho060_n1.png
0.7,4096,8,license_plate_bahnschrift.ttf,CBAGJWPD6YXT0RNZL49E3HSU875KFVMQ2,11,3,0,0.595,13.38656,0.735998,0.721147,CBAGJWPD6YXT0RNZL49E3HSUB7SKEVMGQ2,0.121212,0.878788,point_previews/task000133_mu004096_rho070_n0.png
0.7,4096,8,license_plate_bahnschrift.ttf,CBAGJWPD6YXT0RNZL49E3HSU875KFVMQ2,11,3,1,0.595,13.38656,0.735998,0.721147,CBAGJWPD6YXT0RNZL49E3HSUB7SKEVMG2,0.121212,0.878788,point_previews/task000133_mu004096_rho070_n1.png
0.8,4096,8,license_plate_bahnschrift.ttf,CBAGJWPD6YXT0RNZL49E3HSU875KFVMQ2,11,3,0,0.68,14.310835,0.701998,0.674571,CBAGJWPD6YXT0RNZL49E3HSUB75KEVMGQ2,0.090909,0.909091,point_previews/task000133_mu004096_rho080_n0.png
0.8,4096,8,license_plate_bahnschrift.ttf,CBAGJWPD6YXT0RNZL49E3HSU875KFVMQ2,11,3,1,0.68,14.310835,0.701998,0.674571,CBAGJWPD6YXT0RNZL49E3HSUB75KEVMGQ2,0.090909,0.909091,point_previews/task000133_mu004096_rho080_n1.png
0.9,4096,8,license_plate_bahnschrift.ttf,CBAGJWPD6YXT0RNZL49E3HSU875KFVMQ2,11,3,0,0.765,15.178933,0.668877,0.635992,CBAGJWPD6YXT0RNZL49E3HSUB75KFEVMQ2,0.060606,0.939394,point_previews/task000133_mu004096_rho090_n0.png
0.9,4096,8,license_plate_bahnschrift.ttf,CBAGJWPD6YXT0RNZL49E3HSU875KFVMQ2,11,3,1,0.765,15.178933,0.668877,0.635992,CBAGJWPD6YXT0RNZL49E3HSUB75KEVMQ2,0.060606,0.939394,point_previews/task000133_mu004096_rho090_n1.png
1.0,4096,8,license_plate_bahnschrift.ttf,CBAGJWPD6YXT0RNZL49E3HSU875KFVMQ2,11,3,0,0.85,16.0,0.63662,0.603355,CBAGJWPD6YXT0RNZL49E3HSUB7SKFEVMQ2,0.090909,0.909091,point_previews/task000133_mu004096_rho100_n0.png
1.0,4096,8,license_plate_bahnschrift.ttf,CBAGJWPD6YXT0RNZL49E3HSU875KFVMQ2,11,3,1,0.85,16.0,0.63662,0.603355,CBAGJWPD6YXT0RNZL49E3HSUB75KFEVMQ2,0.060606,0.939394,point_previews/task000133_mu004096_rho100_n1.png
0.1,16384,8,license_plate_bahnschrift.ttf,CBAGJWPD6YXT0RNZL49E3HSU875KFVMQ2,11,3,0,0.085,5.059644,0.959381,1.907975,CBAGJWPD6YXTRNZL49E9HSUB7SKEVMQ2,0.151515,0.848485,point_previews/task000134_mu016384_rho010_n0.png
0.1,16384,8,license_plate_bahnschrift.ttf,CBAGJWPD6YXT0RNZL49E3HSU875KFVMQ2,11,3,1,0.085,5.059644,0.959381,1.907975,CBAGJWPD6YXTQRNZL49EJHSUB7SKEVMQ2,0.151515,0.848485,point_previews/task000134_mu016384_rho010_n1.png
0.2,16384,8,license_plate_bahnschrift.ttf,CBAGJWPD6YXT0RNZL49E3HSU875KFVMQ2,11,3,0,0.17,7.155418,0.919759,1.349142,CBAGJWPD6YXT0RNZLA9EJHSUBTSKEVMQ2,0.181818,0.818182,point_previews/task000134_mu016384_rho020_n0.png
0.2,16384,8,license_plate_bahnschrift.ttf,CBAGJWPD6YXT0RNZL49E3HSU875KFVMQ2,11,3,1,0.17,7.155418,0.919759,1.349142,CBAGJWPD6YXT0RNZLA9EJHSUBTSKEVMQ2,0.181818,0.818182,point_previews/task000134_mu016384_rho020_n1.png
0.3,16384,8,license_plate_bahnschrift.ttf,CBAGJWPD6YXT0RNZL49E3HSU875KFVMQ2,11,3,0,0.255,8.763561,0.881116,1.10157,CBAGJWPD6YXT0RNZL49ESHSUBTSKEVMQ2,0.151515,0.848485,point_previews/task000134_mu016384_rho030_n0.png
0.3,16384,8,license_plate_bahnschrift.ttf,CBAGJWPD6YXT0RNZL49E3HSU875KFVMQ2,11,3,1,0.255,8.763561,0.881116,1.10157,CBAGJWPD6YXT0RNZL49EJHSUBTSKEVMQ2,0.151515,0.848485,point_previews/task000134_mu016384_rho030_n1.png
0.4,16384,8,license_plate_bahnschrift.ttf,CBAGJWPD6YXT0RNZL49E3HSU875KFVMQ2,11,3,0,0.34,10.119289,0.843436,0.953987,CBAGJWPD6YXT0RNZL49ES3HSUB7SKEVMGQ2,0.151515,0.848485,point_previews/task000134_mu016384_rho040_n0.png
0.4,16384,8,license_plate_bahnschrift.ttf,CBAGJWPD6YXT0RNZL49E3HSU875KFVMQ2,11,3,1,0.34,10.119289,0.843436,0.953987,CBAGJWPD6YXT0RNZL49ES3HSUB7SKEVMQ2,0.121212,0.878788,point_previews/task000134_mu016384_rho040_n1.png
0.5,16384,8,license_plate_bahnschrift.ttf,CBAGJWPD6YXT0RNZL49E3HSU875KFVMQ2,11,3,0,0.425,11.313708,0.8067,0.853272,CBAGJWPD6YXT0RNZL49E3HSUB7SKEVMGQ2,0.121212,0.878788,point_previews/task000134_mu016384_rho050_n0.png
0.5,16384,8,license_plate_bahnschrift.ttf,CBAGJWPD6YXT0RNZL49E3HSU875KFVMQ2,11,3,1,0.425,11.313708,0.8067,0.853272,CBAGJWPD6YXT0RNZL49ES3HSUB7SKEVMGQ2,0.151515,0.848485,point_previews/task000134_mu016384_rho050_n1.png
0.6,16384,8,license_plate_bahnschrift.ttf,CBAGJWPD6YXT0RNZL49E3HSU875KFVMQ2,11,3,0,0.51,12.393547,0.770893,0.778927,CBAGJWPD6YXT0RNZL49ES3HSUB7SKEVMGQ2,0.151515,0.848485,point_previews/task000134_mu016384_rho060_n0.png
0.6,16384,8,license_plate_bahnschrift.ttf,CBAGJWPD6YXT0RNZL49E3HSU875KFVMQ2,11,3,1,0.51,12.393547,0.770893,0.778927,CBAGJWPD6YXT0RNZL49ES3HSUB7SKEVMGQ2,0.151515,0.848485,point_previews/task000134_mu016384_rho060_n1.png
0.7,16384,8,license_plate_bahnschrift.ttf,CBAGJWPD6YXT0RNZL49E3HSU875KFVMQ2,11,3,0,0.595,13.38656,0.735998,0.721147,CBAGJWPD6YXT0RNZL49E3HSUB7SKEVMGQ2,0.121212,0.878788,point_previews/task000134_mu016384_rho070_n0.png
0.7,16384,8,license_plate_bahnschrift.ttf,CBAGJWPD6YXT0RNZL49E3HSU875KFVMQ2,11,3,1,0.595,13.38656,0.735998,0.721147,CBAGJWPD6YXT0RNZL49E3HSUB7SKEVMGQ2,0.121212,0.878788,point_previews/task000134_mu016384_rho070_n1.png
0.8,16384,8,license_plate_bahnschrift.ttf,CBAGJWPD6YXT0RNZL49E3HSU875KFVMQ2,11,3,0,0.68,14.310835,0.701998,0.674571,CBAGJWPD6YXT0RNZL49E3HSUB75KFEVMGQ2,0.090909,0.909091,point_previews/task000134_mu016384_rho080_n0.png
0.8,16384,8,license_plate_bahnschrift.ttf,CBAGJWPD6YXT0RNZL49E3HSU875KFVMQ2,11,3,1,0.68,14.310835,0.701998,0.674571,CBAGJWPD6YXT0RNZL49E3HSUB75KEVMGQ2,0.090909,0.909091,point_previews/task000134_mu016384_rho080_n1.png
0.9,16384,8,license_plate_bahnschrift.ttf,CBAGJWPD6YXT0RNZL49E3HSU875KFVMQ2,11,3,0,0.765,15.178933,0.668877,0.635992,CBAGJWPD6YXT0RNZL49E3HSUB75KFEVMQ2,0.060606,0.939394,point_previews/task000134_mu016384_rho090_n0.png
0.9,16384,8,license_plate_bahnschrift.ttf,CBAGJWPD6YXT0RNZL49E3HSU875KFVMQ2,11,3,1,0.765,15.178933,0.668877,0.635992,CBAGJWPD6YXT0RNZL49E3HSUB75KFEVMQ2,0.060606,0.939394,point_previews/task000134_mu016384_rho090_n1.png
1.0,16384,8,license_plate_bahnschrift.ttf,CBAGJWPD6YXT0RNZL49E3HSU875KFVMQ2,11,3,0,0.85,16.0,0.63662,0.603355,CBAGJWPD6YXT0RNZL49E3HSUB75KFEVMQ2,0.060606,0.939394,point_previews/task000134_mu016384_rho100_n0.png
1.0,16384,8,license_plate_bahnschrift.ttf,CBAGJWPD6YXT0RNZL49E3HSU875KFVMQ2,11,3,1,0.85,16.0,0.63662,0.603355,CBAGJWPD6YXT0RNZL49E3HSUB75KFVMQ2,0.030303,0.969697,point_previews/task000134_mu016384_rho100_n1.png
0.1,65536,8,license_plate_bahnschrift.ttf,CBAGJWPD6YXT0RNZL49E3HSU875KFVMQ2,11,3,0,0.085,5.059644,0.959381,1.907975,CBAGJWPD6YXTRNZL4A9EJHSUB7SKEVMQ2,0.181818,0.818182,point_previews/task000135_mu065536_rho010_n0.png
0.1,65536,8,license_plate_bahnschrift.ttf,CBAGJWPD6YXT0RNZL49E3HSU875KFVMQ2,11,3,1,0.085,5.059644,0.959381,1.907975,CBAGJWPD6YXTRNZL49EJHSUB7SKEVM02,0.181818,0.818182,point_previews/task000135_mu065536_rho010_n1.png
0.2,65536,8,license_plate_bahnschrift.ttf,CBAGJWPD6YXT0RNZL49E3HSU875KFVMQ2,11,3,0,0.17,7.155418,0.919759,1.349142,CBAGJWPD6YXT0RNZLA9EJHSUBTSKEVMQ2,0.181818,0.818182,point_previews/task000135_mu065536_rho020_n0.png
0.2,65536,8,license_plate_bahnschrift.ttf,CBAGJWPD6YXT0RNZL49E3HSU875KFVMQ2,11,3,1,0.17,7.155418,0.919759,1.349142,CBAGJWPD6YXT0RNZLA9EJHSUBTSKEVMQ2,0.181818,0.818182,point_previews/task000135_mu065536_rho020_n1.png
0.3,65536,8,license_plate_bahnschrift.ttf,CBAGJWPD6YXT0RNZL49E3HSU875KFVMQ2,11,3,0,0.255,8.763561,0.881116,1.10157,CBAGJWPD6YXT0RNZL49ES3HSUB7SKEVMGQ2,0.151515,0.848485,point_previews/task000135_mu065536_rho030_n0.png
0.3,65536,8,license_plate_bahnschrift.ttf,CBAGJWPD6YXT0RNZL49E3HSU875KFVMQ2,11,3,1,0.255,8.763561,0.881116,1.10157,CBAGJWPD6YXT0RNZL49ES3HSUB7SKEVMG2,0.151515,0.848485,point_previews/task000135_mu065536_rho030_n1.png
0.4,65536,8,license_plate_bahnschrift.ttf,CBAGJWPD6YXT0RNZL49E3HSU875KFVMQ2,11,3,0,0.34,10.119289,0.843436,0.953987,CBAGJWPD6YXT0RNZL49ES3HSUB7SKEVMGQ2,0.151515,0.848485,point_previews/task000135_mu065536_rho040_n0.png
0.4,65536,8,license_plate_bahnschrift.ttf,CBAGJWPD6YXT0RNZL49E3HSU875KFVMQ2,11,3,1,0.34,10.119289,0.843436,0.953987,CBAGJWPD6YXT0RNZL49ES3HSUB7SKEVMG2,0.151515,0.848485,point_previews/task000135_mu065536_rho040_n1.png
0.5,65536,8,license_plate_bahnschrift.ttf,CBAGJWPD6YXT0RNZL49E3HSU875KFVMQ2,11,3,0,0.425,11.313708,0.8067,0.853272,CBAGJWPD6YXT0RNZL49E3HSUB7SKEVMGQ2,0.121212,0.878788,point_previews/task000135_mu065536_rho050_n0.png
0.5,65536,8,license_plate_bahnschrift.ttf,CBAGJWPD6YXT0RNZL49E3HSU875KFVMQ2,11,3,1,0.425,11.313708,0.8067,0.853272,CBAGJWPD6YXT0RNZL49ES3HSUB7SKEVMGQ2,0.151515,0.848485,point_previews/task000135_mu065536_rho050_n1.png
0.6,65536,8,license_plate_bahnschrift.ttf,CBAGJWPD6YXT0RNZL49E3HSU875KFVMQ2,11,3,0,0.51,12.393547,0.770893,0.778927,CBAGJWPD6YXT0RNZL49ES3HSUB75SKEVMGQ2,0.151515,0.848485,point_previews/task000135_mu065536_rho060_n0.png
0.6,65536,8,license_plate_bahnschrift.ttf,CBAGJWPD6YXT0RNZL49E3HSU875KFVMQ2,11,3,1,0.51,12.393547,0.770893,0.778927,CBAGJWPD6YXT0RNZL49E3HSUB7SKEVMGQ2,0.121212,0.878788,point_previews/task000135_mu065536_rho060_n1.png
0.7,65536,8,license_plate_bahnschrift.ttf,CBAGJWPD6YXT0RNZL49E3HSU875KFVMQ2,11,3,0,0.595,13.38656,0.735998,0.721147,CBAGJWPD6YXT0RNZL49E3HSUB7S5KEVMGQ2,0.121212,0.878788,point_previews/task000135_mu065536_rho070_n0.png
0.7,65536,8,license_plate_bahnschrift.ttf,CBAGJWPD6YXT0RNZL49E3HSU875KFVMQ2,11,3,1,0.595,13.38656,0.735998,0.721147,CBAGJWPD6YXT0RNZL49E3HSUB7SKEVMGQ2,0.121212,0.878788,point_previews/task000135_mu065536_rho070_n1.png
0.8,65536,8,license_plate_bahnschrift.ttf,CBAGJWPD6YXT0RNZL49E3HSU875KFVMQ2,11,3,0,0.68,14.310835,0.701998,0.674571,CBAGJWPD6YXT0RNZL49E3HSUB75KFEVMGQ2,0.090909,0.909091,point_previews/task000135_mu065536_rho080_n0.png
0.8,65536,8,license_plate_bahnschrift.ttf,CBAGJWPD6YXT0RNZL49E3HSU875KFVMQ2,11,3,1,0.68,14.310835,0.701998,0.674571,CBAGJWPD6YXT0RNZL49E3HSUB75KEVMGQ2,0.090909,0.909091,point_previews/task000135_mu065536_rho080_n1.png
0.9,65536,8,license_plate_bahnschrift.ttf,CBAGJWPD6YXT0RNZL49E3HSU875KFVMQ2,11,3,0,0.765,15.178933,0.668877,0.635992,CBAGJWPD6YXT0RNZL49E3HSUB75KFEVMQ2,0.060606,0.939394,point_previews/task000135_mu065536_rho090_n0.png
0.9,65536,8,license_plate_bahnschrift.ttf,CBAGJWPD6YXT0RNZL49E3HSU875KFVMQ2,11,3,1,0.765,15.178933,0.668877,0.635992,CBAGJWPD6YXT0RNZL49E3HSUB75KFEVMQ2,0.060606,0.939394,point_previews/task000135_mu065536_rho090_n1.png
1.0,65536,8,license_plate_bahnschrift.ttf,CBAGJWPD6YXT0RNZL49E3HSU875KFVMQ2,11,3,0,0.85,16.0,0.63662,0.603355,CBAGJWPD6YXT0RNZL49E3HSUB75KFEVMQ2,0.060606,0.939394,point_previews/task000135_mu065536_rho100_n0.png
1.0,65536,8,license_plate_bahnschrift.ttf,CBAGJWPD6YXT0RNZL49E3HSU875KFVMQ2,11,3,1,0.85,16.0,0.63662,0.603355,CBAGJWPD6YXT0RNZL49E3HSUB75KEVMQ2,0.060606,0.939394,point_previews/task000135_mu065536_rho100_n1.png
0.1,4,8,license_plate_bahnschrift.ttf,CBAGJWPD6YXT0RNZL49E3HSU875KFVMQ2,11,7,0,0.085,5.059644,0.959381,1.907975,SCMSNURPUGRN,0.909091,0.090909,point_previews/task000136_mu000004_rho010_n0.png
0.1,4,8,license_plate_bahnschrift.ttf,CBAGJWPD6YXT0RNZL49E3HSU875KFVMQ2,11,7,1,0.085,5.059644,0.959381,1.907975,EABRESSSSERNSSCR,0.878788,0.121212,point_previews/task000136_mu000004_rho010_n1.png
0.2,4,8,license_plate_bahnschrift.ttf,CBAGJWPD6YXT0RNZL49E3HSU875KFVMQ2,11,7,0,0.17,7.155418,0.919759,1.349142,PNVANPRFSRE,0.909091,0.090909,point_previews/task000136_mu000004_rho020_n0.png
0.2,4,8,license_plate_bahnschrift.ttf,CBAGJWPD6YXT0RNZL49E3HSU875KFVMQ2,11,7,1,0.17,7.155418,0.919759,1.349142,NBASSCRSRBBMTRE,0.878788,0.121212,point_previews/task000136_mu000004_rho020_n1.png
0.3,4,8,license_plate_bahnschrift.ttf,CBAGJWPD6YXT0RNZL49E3HSU875KFVMQ2,11,7,0,0.255,8.763561,0.881116,1.10157,,1.0,0.0,point_previews/task000136_mu000004_rho030_n0.png
0.3,4,8,license_plate_bahnschrift.ttf,CBAGJWPD6YXT0RNZL49E3HSU875KFVMQ2,11,7,1,0.255,8.763561,0.881116,1.10157,SCDESP,0.909091,0.090909,point_previews/task000136_mu000004_rho030_n1.png
0.4,4,8,license_plate_bahnschrift.ttf,CBAGJWPD6YXT0RNZL49E3HSU875KFVMQ2,11,7,0,0.34,10.119289,0.843436,0.953987,RRMEERAPRFNSERN,0.939394,0.060606,point_previews/task000136_mu000004_rho040_n0.png
0.4,4,8,license_plate_bahnschrift.ttf,CBAGJWPD6YXT0RNZL49E3HSU875KFVMQ2,11,7,1,0.34,10.119289,0.843436,0.953987,FERRDPRMRSRSETSS,0.878788,0.121212,point_previews/task000136_mu000004_rho040_n1.png
0.5,4,8,license_plate_bahnschrift.ttf,CBAGJWPD6YXT0RNZL49E3HSU875KFVMQ2,11,7,0,0.425,11.313708,0.8067,0.853272,AHREERSRSMBGRSPLEAC,0.909091,0.090909,point_previews/task000136_mu000004_rho050_n0.png
0.5,4,8,license_plate_bahnschrift.ttf,CBAGJWPD6YXT0RNZL49E3HSU875KFVMQ2,11,7,1,0.425,11.313708,0.8067,0.853272,ULTESERSSSSSPRNB,0.909091,0.090909,point_previews/task000136_mu000004_rho050_n1.png
0.6,4,8,license_plate_bahnschrift.ttf,CBAGJWPD6YXT0RNZL49E3HSU875KFVMQ2,11,7,0,0.51,12.393547,0.770893,0.778927,BRAT,0.939394,0.060606,point_previews/task000136_mu000004_rho060_n0.png
0.6,4,8,license_plate_bahnschrift.ttf,CBAGJWPD6YXT0RNZL49E3HSU875KFVMQ2,11,7,1,0.51,12.393547,0.770893,0.778927,MYDESUESAPCAETASS,0.909091,0.090909,point_previews/task000136_mu000004_rho060_n1.png
0.7,4,8,license_plate_bahnschrift.ttf,CBAGJWPD6YXT0RNZL49E3HSU875KFVMQ2,11,7,0,0.595,13.38656,0.735998,0.721147,TBSZSR,0.909091,0.090909,point_previews/task000136_mu000004_rho070_n0.png
0.7,4,8,license_plate_bahnschrift.ttf,CBAGJWPD6YXT0RNZL49E3HSU875KFVMQ2,11,7,1,0.595,13.38656,0.735998,0.721147,SPAGELNTRSSCEEASUD,0.787879,0.212121,point_previews/task000136_mu000004_rho070_n1.png
0.8,4,8,license_plate_bahnschrift.ttf,CBAGJWPD6YXT0RNZL49E3HSU875KFVMQ2,11,7,0,0.68,14.310835,0.701998,0.674571,MWEASEMPSLERLET,0.878788,0.121212,point_previews/task000136_mu000004_rho080_n0.png
0.8,4,8,license_plate_bahnschrift.ttf,CBAGJWPD6YXT0RNZL49E3HSU875KFVMQ2,11,7,1,0.68,14.310835,0.701998,0.674571,AWCRTSWDSSENREEDSSEPERDRSY,0.878788,0.121212,point_previews/task000136_mu000004_rho080_n1.png
0.9,4,8,license_plate_bahnschrift.ttf,CBAGJWPD6YXT0RNZL49E3HSU875KFVMQ2,11,7,0,0.765,15.178933,0.668877,0.635992,SAPRENSUSLMLGRASPRE,0.878788,0.121212,point_previews/task000136_mu000004_rho090_n0.png
0.9,4,8,license_plate_bahnschrift.ttf,CBAGJWPD6YXT0RNZL49E3HSU875KFVMQ2,11,7,1,0.765,15.178933,0.668877,0.635992,EANSERVETRESTPERZ,0.848485,0.151515,point_previews/task000136_mu000004_rho090_n1.png
1.0,4,8,license_plate_bahnschrift.ttf,CBAGJWPD6YXT0RNZL49E3HSU875KFVMQ2,11,7,0,0.85,16.0,0.63662,0.603355,PEASSHRREEREAGEDEASBS,0.878788,0.121212,point_previews/task000136_mu000004_rho100_n0.png
1.0,4,8,license_plate_bahnschrift.ttf,CBAGJWPD6YXT0RNZL49E3HSU875KFVMQ2,11,7,1,0.85,16.0,0.63662,0.603355,ASASRSRRLEEMSYDEERACL,0.848485,0.151515,point_previews/task000136_mu000004_rho100_n1.png
0.1,16,8,license_plate_bahnschrift.ttf,CBAGJWPD6YXT0RNZL49E3HSU875KFVMQ2,11,7,0,0.085,5.059644,0.959381,1.907975,SPTRMYSAETAESHRSN,0.878788,0.121212,point_previews/task000137_mu000016_rho010_n0.png
0.1,16,8,license_plate_bahnschrift.ttf,CBAGJWPD6YXT0RNZL49E3HSU875KFVMQ2,11,7,1,0.085,5.059644,0.959381,1.907975,,1.0,0.0,point_previews/task000137_mu000016_rho010_n1.png
0.2,16,8,license_plate_bahnschrift.ttf,CBAGJWPD6YXT0RNZL49E3HSU875KFVMQ2,11,7,0,0.17,7.155418,0.919759,1.349142,SNLEMPTSRENTEAAST,0.848485,0.151515,point_previews/task000137_mu000016_rho020_n0.png
0.2,16,8,license_plate_bahnschrift.ttf,CBAGJWPD6YXT0RNZL49E3HSU875KFVMQ2,11,7,1,0.17,7.155418,0.919759,1.349142,TEABMEUSSSTNENYSSCRAES,0.848485,0.151515,point_previews/task000137_mu000016_rho020_n1.png
0.3,16,8,license_plate_bahnschrift.ttf,CBAGJWPD6YXT0RNZL49E3HSU875KFVMQ2,11,7,0,0.255,8.763561,0.881116,1.10157,,1.0,0.0,point_previews/task000137_mu000016_rho030_n0.png
0.3,16,8,license_plate_bahnschrift.ttf,CBAGJWPD6YXT0RNZL49E3HSU875KFVMQ2,11,7,1,0.255,8.763561,0.881116,1.10157,HAGUWPLSTSBRNAESBRMY,0.727273,0.272727,point_previews/task000137_mu000016_rho030_n1.png
0.4,16,8,license_plate_bahnschrift.ttf,CBAGJWPD6YXT0RNZL49E3HSU875KFVMQ2,11,7,0,0.34,10.119289,0.843436,0.953987,CRAGAEDVTURAZEAEEARSUBTEUME,0.666667,0.333333,point_previews/task000137_mu000016_rho040_n0.png
0.4,16,8,license_plate_bahnschrift.ttf,CBAGJWPD6YXT0RNZL49E3HSU875KFVMQ2,11,7,1,0.34,10.119289,0.843436,0.953987,SRAGNEDAYMREGRETRSHA7EMRMAS,0.727273,0.272727,point_previews/task000137_mu000016_rho040_n1.png
0.5,16,8,license_plate_bahnschrift.ttf,CBAGJWPD6YXT0RNZL49E3HSU875KFVMQ2,11,7,0,0.425,11.313708,0.8067,0.853272,EBAGMPDLYXTRNZESSERRSURPSKENM,0.515152,0.484848,point_previews/task000137_mu000016_rho050_n0.png
0.5,16,8,license_plate_bahnschrift.ttf,CBAGJWPD6YXT0RNZL49E3HSU875KFVMQ2,11,7,1,0.425,11.313708,0.8067,0.853272,CRAGNPUSYRTRNZLGSEAHSUR95,0.545455,0.454545,point_previews/task000137_mu000016_rho050_n1.png
0.6,16,8,license_plate_bahnschrift.ttf,CBAGJWPD6YXT0RNZL49E3HSU875KFVMQ2,11,7,0,0.51,12.393547,0.770893,0.778927,SCBAGUWPDEYMDRNZLCHESRSUBTSREYMGZ,0.545455,0.454545,point_previews/task000137_mu000016_rho060_n0.png
0.6,16,8,license_plate_bahnschrift.ttf,CBAGJWPD6YXT0RNZL49E3HSU875KFVMQ2,11,7,1,0.51,12.393547,0.770893,0.778927,SCEASJWPDEVCRNZEZSEASUS2HKEVETED,0.636364,0.363636,point_previews/task000137_mu000016_rho060_n1.png
0.7,16,8,license_plate_bahnschrift.ttf,CBAGJWPD6YXT0RNZL49E3HSU875KFVMQ2,11,7,0,0.595,13.38656,0.735998,0.721147,SRAGWPDEYKTCANZL2SERRSUBTSREYMG2,0.545455,0.454545,point_previews/task000137_mu000016_rho070_n0.png
0.7,16,8,license_plate_bahnschrift.ttf,CBAGJWPD6YXT0RNZL49E3HSU875KFVMQ2,11,7,1,0.595,13.38656,0.735998,0.721147,,1.0,0.0,point_previews/task000137_mu000016_rho070_n1.png
0.8,16,8,license_plate_bahnschrift.ttf,CBAGJWPD6YXT0RNZL49E3HSU875KFVMQ2,11,7,0,0.68,14.310835,0.701998,0.674571,CRAGJWPDSYXTRNELSSEARSUBTSKEV2,0.424242,0.575758,point_previews/task000137_mu000016_rho080_n0.png
0.8,16,8,license_plate_bahnschrift.ttf,CBAGJWPD6YXT0RNZL49E3HSU875KFVMQ2,11,7,1,0.68,14.310835,0.701998,0.674571,,1.0,0.0,point_previews/task000137_mu000016_rho080_n1.png
0.9,16,8,license_plate_bahnschrift.ttf,CBAGJWPD6YXT0RNZL49E3HSU875KFVMQ2,11,7,0,0.765,15.178933,0.668877,0.635992,CBAGJWPDSYSDRNZLASESBSUBTSKENMG,0.454545,0.545455,point_previews/task000137_mu000016_rho090_n0.png
0.9,16,8,license_plate_bahnschrift.ttf,CBAGJWPD6YXT0RNZL49E3HSU875KFVMQ2,11,7,1,0.765,15.178933,0.668877,0.635992,CBAGJWPDEYSTURAZEAPEQHSURTSKEVMDY,0.424242,0.575758,point_previews/task000137_mu000016_rho090_n1.png
1.0,16,8,license_plate_bahnschrift.ttf,CBAGJWPD6YXT0RNZL49E3HSU875KFVMQ2,11,7,0,0.85,16.0,0.63662,0.603355,CBAGWPDSYXTURNZELFEARSUSTSKEVMG2,0.393939,0.606061,point_previews/task000137_mu000016_rho100_n0.png
1.0,16,8,license_plate_bahnschrift.ttf,CBAGJWPD6YXT0RNZL49E3HSU875KFVMQ2,11,7,1,0.85,16.0,0.63662,0.603355,CBAGJNEDEYXTURNZEASESHSUBTEREVMGE,0.454545,0.545455,point_previews/task000137_mu000016_rho100_n1.png
0.1,64,8,license_plate_bahnschrift.ttf,CBAGJWPD6YXT0RNZL49E3HSU875KFVMQ2,11,7,0,0.085,5.059644,0.959381,1.907975,,1.0,0.0,point_previews/task000138_mu000064_rho010_n0.png
0.1,64,8,license_plate_bahnschrift.ttf,CBAGJWPD6YXT0RNZL49E3HSU875KFVMQ2,11,7,1,0.085,5.059644,0.959381,1.907975,ERSNDEYRURNYLADBSBTEKEVMER2,0.727273,0.272727,point_previews/task000138_mu000064_rho010_n1.png
0.2,64,8,license_plate_bahnschrift.ttf,CBAGJWPD6YXT0RNZL49E3HSU875KFVMQ2,11,7,0,0.17,7.155418,0.919759,1.349142,EBAGJWPDSTXTURNZLAPESHSUBTSKEVMS,0.393939,0.606061,point_previews/task000138_mu000064_rho020_n0.png
0.2,64,8,license_plate_bahnschrift.ttf,CBAGJWPD6YXT0RNZL49E3HSU875KFVMQ2,11,7,1,0.17,7.155418,0.919759,1.349142,CHAGNPDSYRTBRN2LS9EGHSUBYSKPYM,0.484848,0.515152,point_previews/task000138_mu000064_rho020_n1.png
0.3,64,8,license_plate_bahnschrift.ttf,CBAGJWPD6YXT0RNZL49E3HSU875KFVMQ2,11,7,0,0.255,8.763561,0.881116,1.10157,CBAGWPUSYXTARNZLE9ESHSUB7SKFYM2,0.30303,0.69697,point_previews/task000138_mu000064_rho030_n0.png
0.3,64,8,license_plate_bahnschrift.ttf,CBAGJWPD6YXT0RNZL49E3HSU875KFVMQ2,11,7,1,0.255,8.763561,0.881116,1.10157,CBAGJWPLS6YXTURNZLSEFHSUBTSKEVMG2,0.333333,0.666667,point_previews/task000138_mu000064_rho030_n1.png
0.4,64,8,license_plate_bahnschrift.ttf,CBAGJWPD6YXT0RNZL49E3HSU875KFVMQ2,11,7,0,0.34,10.119289,0.843436,0.953987,CBAGJWPDSYXTRNZLASESHSUBYSKEYMQ2,0.30303,0.69697,point_previews/task000138_mu000064_rho040_n0.png
0.4,64,8,license_plate_bahnschrift.ttf,CBAGJWPD6YXT0RNZL49E3HSU875KFVMQ2,11,7,1,0.34,10.119289,0.843436,0.953987,CBAGJWPDSYXTURNZL49ESHSUB7SKEVM2,0.212121,0.787879,point_previews/task000138_mu000064_rho040_n1.png
0.5,64,8,license_plate_bahnschrift.ttf,CBAGJWPD6YXT0RNZL49E3HSU875KFVMQ2,11,7,0,0.425,11.313708,0.8067,0.853272,CBAGJWPDSYXTRNZL4ESHSUBTEKEVM02,0.272727,0.727273,point_previews/task000138_mu000064_rho050_n0.png
0.5,64,8,license_plate_bahnschrift.ttf,CBAGJWPD6YXT0RNZL49E3HSU875KFVMQ2,11,7,1,0.425,11.313708,0.8067,0.853272,CBAGJWPDGYXTURNZLSSEJHSUBTSKEVMDY,0.333333,0.666667,point_previews/task000138_mu000064_rho050_n1.png
0.6,64,8,license_plate_bahnschrift.ttf,CBAGJWPD6YXT0RNZL49E3HSU875KFVMQ2,11,7,0,0.51,12.393547,0.770893,0.778927,CBAGJWPDEYXTRNZLESESHSUBTSKEVM2,0.30303,0.69697,point_previews/task000138_mu000064_rho060_n0.png
0.6,64,8,license_plate_bahnschrift.ttf,CBAGJWPD6YXT0RNZL49E3HSU875KFVMQ2,11,7,1,0.51,12.393547,0.770893,0.778927,CBAGJWPDSYXTRNZL49ESHSUBTSKEVMG2,0.242424,0.757576,point_previews/task000138_mu000064_rho060_n1.png
0.7,64,8,license_plate_bahnschrift.ttf,CBAGJWPD6YXT0RNZL49E3HSU875KFVMQ2,11,7,0,0.595,13.38656,0.735998,0.721147,CBAGJWPDSYXTRNZL49ESHSUBTSKEVMG2,0.242424,0.757576,point_previews/task000138_mu000064_rho070_n0.png
0.7,64,8,license_plate_bahnschrift.ttf,CBAGJWPD6YXT0RNZL49E3HSU875KFVMQ2,11,7,1,0.595,13.38656,0.735998,0.721147,CBAGJWPDSYXTERNZLSTESHSUBTSKEVMZ,0.333333,0.666667,point_previews/task000138_mu000064_rho070_n1.png
0.8,64,8,license_plate_bahnschrift.ttf,CBAGJWPD6YXT0RNZL49E3HSU875KFVMQ2,11,7,0,0.68,14.310835,0.701998,0.674571,CBAGJWPD6YXTRNZL49EGHSUS7SKEVMQ2,0.151515,0.848485,point_previews/task000138_mu000064_rho080_n0.png
0.8,64,8,license_plate_bahnschrift.ttf,CBAGJWPD6YXT0RNZL49E3HSU875KFVMQ2,11,7,1,0.68,14.310835,0.701998,0.674571,CBAGJWPDSYXTURNZLAPESHSUBTSKEVMQ2,0.272727,0.727273,point_previews/task000138_mu000064_rho080_n1.png
0.9,64,8,license_plate_bahnschrift.ttf,CBAGJWPD6YXT0RNZL49E3HSU875KFVMQ2,11,7,0,0.765,15.178933,0.668877,0.635992,CBAGJWPDSYXTURNZL49ESHSUB75KFYMQ2,0.151515,0.848485,point_previews/task000138_mu000064_rho090_n0.png
0.9,64,8,license_plate_bahnschrift.ttf,CBAGJWPD6YXT0RNZL49E3HSU875KFVMQ2,11,7,1,0.765,15.178933,0.668877,0.635992,CBAGJWPDSYXTURNZL49ESHSUS75KFVMQ2,0.121212,0.878788,point_previews/task000138_mu000064_rho090_n1.png
1.0,64,8,license_plate_bahnschrift.ttf,CBAGJWPD6YXT0RNZL49E3HSU875KFVMQ2,11,7,0,0.85,16.0,0.63662,0.603355,CBAGJWPDSYXTRNZL4JESHSUBTSKEVMQ2,0.242424,0.757576,point_previews/task000138_mu000064_rho100_n0.png
1.0,64,8,license_plate_bahnschrift.ttf,CBAGJWPD6YXT0RNZL49E3HSU875KFVMQ2,11,7,1,0.85,16.0,0.63662,0.603355,CBAGJWPD6YXTRNZL49ESHSUS75KEVMQ2,0.121212,0.878788,point_previews/task000138_mu000064_rho100_n1.png
0.1,256,8,license_plate_bahnschrift.ttf,CBAGJWPD6YXT0RNZL49E3HSU875KFVMQ2,11,7,0,0.085,5.059644,0.959381,1.907975,CBAGJWPDSYXTRNZLAJESHSUBTSKEVMD2,0.30303,0.69697,point_previews/task000139_mu000256_rho010_n0.png
0.1,256,8,license_plate_bahnschrift.ttf,CBAGJWPD6YXT0RNZL49E3HSU875KFVMQ2,11,7,1,0.085,5.059644,0.959381,1.907975,CBAGJWPDSYXTURNZLSSEAHSUBTSKEVMD2,0.30303,0.69697,point_previews/task000139_mu000256_rho010_n1.png
0.2,256,8,license_plate_bahnschrift.ttf,CBAGJWPD6YXT0RNZL49E3HSU875KFVMQ2,11,7,0,0.17,7.155418,0.919759,1.349142,CBAGJWPDEYXTRNZL49ESHSUBTSKEVMQ2,0.212121,0.787879,point_previews/task000139_mu000256_rho020_n0.png
0.2,256,8,license_plate_bahnschrift.ttf,CBAGJWPD6YXT0RNZL49E3HSU875KFVMQ2,11,7,1,0.17,7.155418,0.919759,1.349142,CBAGJWPDSYXTURNZL49E3HSUS7SKEVMD2,0.181818,0.818182,point_previews/task000139_mu000256_rho020_n1.png
0.3,256,8,license_plate_bahnschrift.ttf,CBAGJWPD6YXT0RNZL49E3HSU875KFVMQ2,11,7,0,0.255,8.763561,0.881116,1.10157,CBAGJWPDSYXTURNZL49EAHSUBTSKEVMQ2,0.212121,0.787879,point_previews/task000139_mu000256_rho030_n0.png
0.3,256,8,license_plate_bahnschrift.ttf,CBAGJWPD6YXT0RNZL49E3HSU875KFVMQ2,11,7,1,0.255,8.763561,0.881116,1.10157,CBAGJWPDSYXTRNZL49E3HSUB7SKEVM02,0.181818,0.818182,point_previews/task000139_mu000256_rho030_n1.png
0.4,256,8,license_plate_bahnschrift.ttf,CBAGJWPD6YXT0RNZL49E3HSU875KFVMQ2,11,7,0,0.34,10.119289,0.843436,0.953987,CBAGJWPDS6YXTRNZL49E3HSUBTSKEVMQ2,0.181818,0.818182,point_previews/task000139_mu000256_rho040_n0.png
0.4,256,8,license_plate_bahnschrift.ttf,CBAGJWPD6YXT0RNZL49E3HSU875KFVMQ2,11,7,1,0.34,10.119289,0.843436,0.953987,CBAGJWPD6YXTRNZL49E3HSUB75KFVMQ02,0.090909,0.909091,point_previews/task000139_mu000256_rho040_n1.png
0.5,256,8,license_plate_bahnschrift.ttf,CBAGJWPD6YXT0RNZL49E3HSU875KFVMQ2,11,7,0,0.425,11.313708,0.8067,0.853272,CBAGJWPD6YXTURNZL49ESHSUB75SKEVMQ02,0.181818,0.818182,point_previews/task000139_mu000256_rho050_n0.png
0.5,256,8,license_plate_bahnschrift.ttf,CBAGJWPD6YXT0RNZL49E3HSU875KFVMQ2,11,7,1,0.425,11.313708,0.8067,0.853272,CBAGJWPD6YXTRNZL49ES3HSUB7SKFEVMQ02,0.181818,0.818182,point_previews/task000139_mu000256_rho050_n1.png
0.6,256,8,license_plate_bahnschrift.ttf,CBAGJWPD6YXT0RNZL49E3HSU875KFVMQ2,11,7,0,0.51,12.393547,0.770893,0.778927,CBAGJWPD6YXTGRNZL49ES3HSUB75KEVMQ2,0.121212,0.878788,point_previews/task000139_mu000256_rho060_n0.png
0.6,256,8,license_plate_bahnschrift.ttf,CBAGJWPD6YXT0RNZL49E3HSU875KFVMQ2,11,7,1,0.51,12.393547,0.770893,0.778927,CBAGJWPD6YXTRNZL49E3HSUB7TSKEVMQ2,0.151515,0.848485,point_previews/task000139_mu000256_rho060_n1.png
0.7,256,8,license_plate_bahnschrift.ttf,CBAGJWPD6YXT0RNZL49E3HSU875KFVMQ2,11,7,0,0.595,13.38656,0.735998,0.721147,CBAGJWPD6YXT0RNZL49E3HSUB75KFVM02,0.060606,0.939394,point_previews/task000139_mu000256_rho070_n0.png
0.7,256,8,license_plate_bahnschrift.ttf,CBAGJWPD6YXT0RNZL49E3HSU875KFVMQ2,11,7,1,0.595,13.38656,0.735998,0.721147,CBAGJWPD6YXTURNZL49ESHSUB75KEVMQ2,0.121212,0.878788,point_previews/task000139_mu000256_rho070_n1.png
0.8,256,8,license_plate_bahnschrift.ttf,CBAGJWPD6YXT0RNZL49E3HSU875KFVMQ2,11,7,0,0.68,14.310835,0.701998,0.674571,CBAGJWPD6YXT0RNZL49ESHSUB75KFVMQ2,0.060606,0.939394,point_previews/task000139_mu000256_rho080_n0.png
0.8,256,8,license_plate_bahnschrift.ttf,CBAGJWPD6YXT0RNZL49E3HSU875KFVMQ2,11,7,1,0.68,14.310835,0.701998,0.674571,CBAGJWPD6YXTURNZL49ESHSUB75KFVMQ2,0.090909,0.909091,point_previews/task000139_mu000256_rho080_n1.png
0.9,256,8,license_plate_bahnschrift.ttf,CBAGJWPD6YXT0RNZL49E3HSU875KFVMQ2,11,7,0,0.765,15.178933,0.668877,0.635992,CBAGJWPD6YXT0RNZL49E3HSUBTSKEVMQ2,0.121212,0.878788,point_previews/task000139_mu000256_rho090_n0.png
0.9,256,8,license_plate_bahnschrift.ttf,CBAGJWPD6YXT0RNZL49E3HSU875KFVMQ2,11,7,1,0.765,15.178933,0.668877,0.635992,CBAGJWPD46YXTURNZL49E3HSUB75KEVMQ2,0.121212,0.878788,point_previews/task000139_mu000256_rho090_n1.png
1.0,256,8,license_plate_bahnschrift.ttf,CBAGJWPD6YXT0RNZL49E3HSU875KFVMQ2,11,7,0,0.85,16.0,0.63662,0.603355,CBAGJWPD6YXTURNZL49ES3HSUB75KFVMQ2,0.090909,0.909091,point_previews/task000139_mu000256_rho100_n0.png
1.0,256,8,license_plate_bahnschrift.ttf,CBAGJWPD6YXT0RNZL49E3HSU875KFVMQ2,11,7,1,0.85,16.0,0.63662,0.603355,CBAGJWPD6YXTURNZL49E3HSUB75SKFVMQ2,0.090909,0.909091,point_previews/task000139_mu000256_rho100_n1.png
0.1,1024,8,license_plate_bahnschrift.ttf,CBAGJWPD6YXT0RNZL49E3HSU875KFVMQ2,11,7,0,0.085,5.059644,0.959381,1.907975,CBAGJWPDSYXTURNZL49ESHSUBT5KEVMD2,0.212121,0.787879,point_previews/task000140_mu001024_rho010_n0.png
0.1,1024,8,license_plate_bahnschrift.ttf,CBAGJWPD6YXT0RNZL49E3HSU875KFVMQ2,11,7,1,0.085,5.059644,0.959381,1.907975,CBAGJWPDSYXTURNZL49ESHSUB7SKEVYMD2,0.242424,0.757576,point_previews/task000140_mu001024_rho010_n1.png
0.2,1024,8,license_plate_bahnschrift.ttf,CBAGJWPD6YXT0RNZL49E3HSU875KFVMQ2,11,7,0,0.17,7.155418,0.919759,1.349142,CBAGJWPDSYXTURNZL49E3HSUBT5SKEVM02,0.212121,0.787879,point_previews/task000140_mu001024_rho020_n0.png
0.2,1024,8,license_plate_bahnschrift.ttf,CBAGJWPD6YXT0RNZL49E3HSU875KFVMQ2,11,7,1,0.17,7.155418,0.919759,1.349142,CBAGJWPDS6YXTRNZL49ESHSUSTSKEVM02,0.242424,0.757576,point_previews/task000140_mu001024_rho020_n1.png
0.3,1024,8,license_plate_bahnschrift.ttf,CBAGJWPD6YXT0RNZL49E3HSU875KFVMQ2,11,7,0,0.255,8.763561,0.881116,1.10157,CBAGJWPD6YXTRNZL49ESHSUBTSKEVMD2,0.212121,0.787879,point_previews/task000140_mu001024_rho030_n0.png
0.3,1024,8,license_plate_bahnschrift.ttf,CBAGJWPD6YXT0RNZL49E3HSU875KFVMQ2,11,7,1,0.255,8.763561,0.881116,1.10157,CBAGJWPD6YXT0RNZL49E3HSUB7T5SKEVMQ02,0.151515,0.848485,point_previews/task000140_mu001024_rho030_n1.png
0.4,1024,8,license_plate_bahnschrift.ttf,CBAGJWPD6YXT0RNZL49E3HSU875KFVMQ2,11,7,0,0.34,10.119289,0.843436,0.953987,CBAGJWPD6YXT0RNZL49ES3HSUB75KFVMQ2,0.060606,0.939394,point_previews/task000140_mu001024_rho040_n0.png
0.4,1024,8,license_plate_bahnschrift.ttf,CBAGJWPD6YXT0RNZL49E3HSU875KFVMQ2,11,7,1,0.34,10.119289,0.843436,0.953987,CBAGJWPD6YXT0RNZL49ES3HSUB75KFVMQ2,0.060606,0.939394,point_previews/task000140_mu001024_rho040_n1.png
0.5,1024,8,license_plate_bahnschrift.ttf,CBAGJWPD6YXT0RNZL49E3HSU875KFVMQ2,11,7,0,0.425,11.313708,0.8067,0.853272,CBAGJWPD6YXT0RNZL49ESHSUB75KFEVMQ2,0.090909,0.909091,point_previews/task000140_mu001024_rho050_n0.png
0.5,1024,8,license_plate_bahnschrift.ttf,CBAGJWPD6YXT0RNZL49E3HSU875KFVMQ2,11,7,1,0.425,11.313708,0.8067,0.853272,CBAGJWPD6YXTRNZL49E3HSUB7T5KFEVMQG2,0.151515,0.848485,point_previews/task000140_mu001024_rho050_n1.png
0.6,1024,8,license_plate_bahnschrift.ttf,CBAGJWPD6YXT0RNZL49E3HSU875KFVMQ2,11,7,0,0.51,12.393547,0.770893,0.778927,CBAGJWPD6YXT0RNZL49E3HSUB75KFEVMQ2,0.060606,0.939394,point_previews/task000140_mu001024_rho060_n0.png
0.6,1024,8,license_plate_bahnschrift.ttf,CBAGJWPD6YXT0RNZL49E3HSU875KFVMQ2,11,7,1,0.51,12.393547,0.770893,0.778927,CBAGJWPD6YXT0RNZL49E3HSUB75KFVMQ2,0.030303,0.969697,point_previews/task000140_mu001024_rho060_n1.png
0.7,1024,8,license_plate_bahnschrift.ttf,CBAGJWPD6YXT0RNZL49E3HSU875KFVMQ2,11,7,0,0.595,13.38656,0.735998,0.721147,CBAGJWPD6YXT0RNZL49E3HSUB75KFVMQ2,0.030303,0.969697,point_previews/task000140_mu001024_rho070_n0.png
0.7,1024,8,license_plate_bahnschrift.ttf,CBAGJWPD6YXT0RNZL49E3HSU875KFVMQ2,11,7,1,0.595,13.38656,0.735998,0.721147,CBAGJWPD6YXT0RNZL49E3HSUB75KFVMQ2,0.030303,0.969697,point_previews/task000140_mu001024_rho070_n1.png
0.8,1024,8,license_plate_bahnschrift.ttf,CBAGJWPD6YXT0RNZL49E3HSU875KFVMQ2,11,7,0,0.68,14.310835,0.701998,0.674571,CBAGJWPD6YXTRNZL49E3HSUB75KFVMQ2,0.060606,0.939394,point_previews/task000140_mu001024_rho080_n0.png
0.8,1024,8,license_plate_bahnschrift.ttf,CBAGJWPD6YXT0RNZL49E3HSU875KFVMQ2,11,7,1,0.68,14.310835,0.701998,0.674571,CBAGJWPD6YXT0RNZL49E3HSUB75KFVMQ2,0.030303,0.969697,point_previews/task000140_mu001024_rho080_n1.png
0.9,1024,8,license_plate_bahnschrift.ttf,CBAGJWPD6YXT0RNZL49E3HSU875KFVMQ2,11,7,0,0.765,15.178933,0.668877,0.635992,CBAGJWPD6YXTURNZL49ES3HSUB75KFVMQ2,0.090909,0.909091,point_previews/task000140_mu001024_rho090_n0.png
0.9,1024,8,license_plate_bahnschrift.ttf,CBAGJWPD6YXT0RNZL49E3HSU875KFVMQ2,11,7,1,0.765,15.178933,0.668877,0.635992,CBAGJWPD6YXTRNZL49E3HSUB75KFVMQ2,0.060606,0.939394,point_previews/task000140_mu001024_rho090_n1.png
1.0,1024,8,license_plate_bahnschrift.ttf,CBAGJWPD6YXT0RNZL49E3HSU875KFVMQ2,11,7,0,0.85,16.0,0.63662,0.603355,CBAGJWPD6YXTRNZL49E3HSU875KFVMQ2,0.030303,0.969697,point_previews/task000140_mu001024_rho100_n0.png
1.0,1024,8,license_plate_bahnschrift.ttf,CBAGJWPD6YXT0RNZL49E3HSU875KFVMQ2,11,7,1,0.85,16.0,0.63662,0.603355,CBAGJWPD6YXT0RNZL49E3HSUB75KFVMQ2,0.030303,0.969697,point_previews/task000140_mu001024_rho100_n1.png
0.1,4096,8,license_plate_bahnschrift.ttf,CBAGJWPD6YXT0RNZL49E3HSU875KFVMQ2,11,7,0,0.085,5.059644,0.959381,1.907975,CBAGJWPD6YXTURNZL49ESHSUBTSKEVMD2,0.212121,0.787879,point_previews/task000141_mu004096_rho010_n0.png
0.1,4096,8,license_plate_bahnschrift.ttf,CBAGJWPD6YXT0RNZL49E3HSU875KFVMQ2,11,7,1,0.085,5.059644,0.959381,1.907975,CBAGJWPDS6YXTRNZLA9ESHSUB7T5KEVMD2,0.242424,0.757576,point_previews/task000141_mu004096_rho010_n1.png
0.2,4096,8,license_plate_bahnschrift.ttf,CBAGJWPD6YXT0RNZL49E3HSU875KFVMQ2,11,7,0,0.17,7.155418,0.919759,1.349142,CBAGJWPDS6YXTRNZL49ESHSUB75KEVMD2,0.181818,0.818182,point_previews/task000141_mu004096_rho020_n0.png
0.2,4096,8,license_plate_bahnschrift.ttf,CBAGJWPD6YXT0RNZL49E3HSU875KFVMQ2,11,7,1,0.17,7.155418,0.919759,1.349142,CBAGJWPDSYXTRNZL49ESHSUB7T5SKEVMD02,0.272727,0.727273,point_previews/task000141_mu004096_rho020_n1.png
0.3,4096,8,license_plate_bahnschrift.ttf,CBAGJWPD6YXT0RNZL49E3HSU875KFVMQ2,11,7,0,0.255,8.763561,0.881116,1.10157,CBAGJWPD6YXTRNZL49ESHSUB7T5KEVMQ2,0.151515,0.848485,point_previews/task000141_mu004096_rho030_n0.png
0.3,4096,8,license_plate_bahnschrift.ttf,CBAGJWPD6YXT0RNZL49E3HSU875KFVMQ2,11,7,1,0.255,8.763561,0.881116,1.10157,CBAGJWPD6YXTRNZL49E3HSUB75KEVMQ02,0.121212,0.878788,point_previews/task000141_mu004096_rho030_n1.png
0.4,4096,8,license_plate_bahnschrift.ttf,CBAGJWPD6YXT0RNZL49E3HSU875KFVMQ2,11,7,0,0.34,10.119289,0.843436,0.953987,CBAGJWPD6YXTRNZL49E3HSUB75KFVMQ2,0.060606,0.939394,point_previews/task000141_mu004096_rho040_n0.png
0.4,4096,8,license_plate_bahnschrift.ttf,CBAGJWPD6YXT0RNZL49E3HSU875KFVMQ2,11,7,1,0.34,10.119289,0.843436,0.953987,CBAGJWPD6YXT0RNZL49E3HSUB75KFVMQ2,0.030303,0.969697,point_previews/task000141_mu004096_rho040_n1.png
0.5,4096,8,license_plate_bahnschrift.ttf,CBAGJWPD6YXT0RNZL49E3HSU875KFVMQ2,11,7,0,0.425,11.313708,0.8067,0.853272,CBAGJWPD6YXT0RNZL49E3HSUB75KFVMQ2,0.030303,0.969697,point_previews/task000141_mu004096_rho050_n0.png
0.5,4096,8,license_plate_bahnschrift.ttf,CBAGJWPD6YXT0RNZL49E3HSU875KFVMQ2,11,7,1,0.425,11.313708,0.8067,0.853272,CBAGJWPD6YXT0RNZL49ESHSUB7T5KFEVMQ2,0.121212,0.878788,point_previews/task000141_mu004096_rho050_n1.png
0.6,4096,8,license_plate_bahnschrift.ttf,CBAGJWPD6YXT0RNZL49E3HSU875KFVMQ2,11,7,0,0.51,12.393547,0.770893,0.778927,CBAGJWPD6YXT0RNZL49E3HSUB75KFVMQ2,0.030303,0.969697,point_previews/task000141_mu004096_rho060_n0.png
0.6,4096,8,license_plate_bahnschrift.ttf,CBAGJWPD6YXT0RNZL49E3HSU875KFVMQ2,11,7,1,0.51,12.393547,0.770893,0.778927,CBAGJWPD6YXT0RNZL49E3HSUB75KFEVMQ2,0.060606,0.939394,point_previews/task000141_mu004096_rho060_n1.png
0.7,4096,8,license_plate_bahnschrift.ttf,CBAGJWPD6YXT0RNZL49E3HSU875KFVMQ2,11,7,0,0.595,13.38656,0.735998,0.721147,CBAGJWPD6YXT0RNZL49E3HSUB75KFVMQ2,0.030303,0.969697,point_previews/task000141_mu004096_rho070_n0.png
0.7,4096,8,license_plate_bahnschrift.ttf,CBAGJWPD6YXT0RNZL49E3HSU875KFVMQ2,11,7,1,0.595,13.38656,0.735998,0.721147,CBAGJWPD6YXT0RNZL49E3HSUB75KFEVMQ2,0.060606,0.939394,point_previews/task000141_mu004096_rho070_n1.png
0.8,4096,8,license_plate_bahnschrift.ttf,CBAGJWPD6YXT0RNZL49E3HSU875KFVMQ2,11,7,0,0.68,14.310835,0.701998,0.674571,CBAGJWPD6YXT0RNZL49E3HSUB75KFVMQ2,0.030303,0.969697,point_previews/task000141_mu004096_rho080_n0.png
0.8,4096,8,license_plate_bahnschrift.ttf,CBAGJWPD6YXT0RNZL49E3HSU875KFVMQ2,11,7,1,0.68,14.310835,0.701998,0.674571,CBAGJWPD6YXT0RNZL49E3HSUB75KFVMQ2,0.030303,0.969697,point_previews/task000141_mu004096_rho080_n1.png
0.9,4096,8,license_plate_bahnschrift.ttf,CBAGJWPD6YXT0RNZL49E3HSU875KFVMQ2,11,7,0,0.765,15.178933,0.668877,0.635992,CBAGJWPD6YXTRNZL49ES3HSUB75KFVMQ2,0.090909,0.909091,point_previews/task000141_mu004096_rho090_n0.png
0.9,4096,8,license_plate_bahnschrift.ttf,CBAGJWPD6YXT0RNZL49E3HSU875KFVMQ2,11,7,1,0.765,15.178933,0.668877,0.635992,CBAGJWPD6YXT0RNZL49E3HSUB75KFVMQ2,0.030303,0.969697,point_previews/task000141_mu004096_rho090_n1.png
1.0,4096,8,license_plate_bahnschrift.ttf,CBAGJWPD6YXT0RNZL49E3HSU875KFVMQ2,11,7,0,0.85,16.0,0.63662,0.603355,CBAGJWPD6YXT0RNZL49E3HSUB75KFVMQ2,0.030303,0.969697,point_previews/task000141_mu004096_rho100_n0.png
1.0,4096,8,license_plate_bahnschrift.ttf,CBAGJWPD6YXT0RNZL49E3HSU875KFVMQ2,11,7,1,0.85,16.0,0.63662,0.603355,CBAGJWPD6YXT0RNZL49E3HSU875KFVMQ2,0.0,1.0,point_previews/task000141_mu004096_rho100_n1.png
0.1,16384,8,license_plate_bahnschrift.ttf,CBAGJWPD6YXT0RNZL49E3HSU875KFVMQ2,11,7,0,0.085,5.059644,0.959381,1.907975,CBAGJWPD6YXTRNZL4A9ESHSUBTSKEVMD2,0.242424,0.757576,point_previews/task000142_mu016384_rho010_n0.png
0.1,16384,8,license_plate_bahnschrift.ttf,CBAGJWPD6YXT0RNZL49E3HSU875KFVMQ2,11,7,1,0.085,5.059644,0.959381,1.907975,CBAGJWPD6YXTRNZL4A9ESHSUBTSKEVMD2,0.242424,0.757576,point_previews/task000142_mu016384_rho010_n1.png
0.2,16384,8,license_plate_bahnschrift.ttf,CBAGJWPD6YXT0RNZL49E3HSU875KFVMQ2,11,7,0,0.17,7.155418,0.919759,1.349142,CBAGJWPDS6YXTRNZL49ESHSUBT5KEVMQ02,0.212121,0.787879,point_previews/task000142_mu016384_rho020_n0.png
0.2,16384,8,license_plate_bahnschrift.ttf,CBAGJWPD6YXT0RNZL49E3HSU875KFVMQ2,11,7,1,0.17,7.155418,0.919759,1.349142,CBAGJWPD6YXTRNZL49ESHSUB7T5KEVM02,0.181818,0.818182,point_previews/task000142_mu016384_rho020_n1.png
0.3,16384,8,license_plate_bahnschrift.ttf,CBAGJWPD6YXT0RNZL49E3HSU875KFVMQ2,11,7,0,0.255,8.763561,0.881116,1.10157,CBAGJWPD6YXT0RNZL49E3HSUB75KEVMQ02,0.090909,0.909091,point_previews/task000142_mu016384_rho030_n0.png
0.3,16384,8,license_plate_bahnschrift.ttf,CBAGJWPD6YXT0RNZL49E3HSU875KFVMQ2,11,7,1,0.255,8.763561,0.881116,1.10157,CBAGJWPD6YXT0RNZL49ESHSUB7T5SKEVMQ02,0.181818,0.818182,point_previews/task000142_mu016384_rho030_n1.png
0.4,16384,8,license_plate_bahnschrift.ttf,CBAGJWPD6YXT0RNZL49E3HSU875KFVMQ2,11,7,0,0.34,10.119289,0.843436,0.953987,CBAGJWPD6YXT0RNZL49E3HSUB75KFVMQ2,0.030303,0.969697,point_previews/task000142_mu016384_rho040_n0.png
0.4,16384,8,license_plate_bahnschrift.ttf,CBAGJWPD6YXT0RNZL49E3HSU875KFVMQ2,11,7,1,0.34,10.119289,0.843436,0.953987,CBAGJWPD6YXT0RNZL49E3HSUB75KFVMQ2,0.030303,0.969697,point_previews/task000142_mu016384_rho040_n1.png
0.5,16384,8,license_plate_bahnschrift.ttf,CBAGJWPD6YXT0RNZL49E3HSU875KFVMQ2,11,7,0,0.425,11.313708,0.8067,0.853272,CBAGJWPD6YXT0RNZL49ES3HSUB7T5KFEVMQ2,0.121212,0.878788,point_previews/task000142_mu016384_rho050_n0.png
0.5,16384,8,license_plate_bahnschrift.ttf,CBAGJWPD6YXT0RNZL49E3HSU875KFVMQ2,11,7,1,0.425,11.313708,0.8067,0.853272,CBAGJWPD6YXT0RNZL49E3HSUB75KFEVMQ2,0.060606,0.939394,point_previews/task000142_mu016384_rho050_n1.png
0.6,16384,8,license_plate_bahnschrift.ttf,CBAGJWPD6YXT0RNZL49E3HSU875KFVMQ2,11,7,0,0.51,12.393547,0.770893,0.778927,CBAGJWPD6YXT0RNZL49E3HSUB75KFVMQ2,0.030303,0.969697,point_previews/task000142_mu016384_rho060_n0.png
0.6,16384,8,license_plate_bahnschrift.ttf,CBAGJWPD6YXT0RNZL49E3HSU875KFVMQ2,11,7,1,0.51,12.393547,0.770893,0.778927,CBAGJWPD6YXT0RNZL49E3HSUB75KFVMQ2,0.030303,0.969697,point_previews/task000142_mu016384_rho060_n1.png
0.7,16384,8,license_plate_bahnschrift.ttf,CBAGJWPD6YXT0RNZL49E3HSU875KFVMQ2,11,7,0,0.595,13.38656,0.735998,0.721147,CBAGJWPD6YXT0RNZL49E3HSUB75KFVMQ2,0.030303,0.969697,point_previews/task000142_mu016384_rho070_n0.png
0.7,16384,8,license_plate_bahnschrift.ttf,CBAGJWPD6YXT0RNZL49E3HSU875KFVMQ2,11,7,1,0.595,13.38656,0.735998,0.721147,CBAGJWPD6YXT0RNZL49E3HSUB75KFVMQ2,0.030303,0.969697,point_previews/task000142_mu016384_rho070_n1.png
0.8,16384,8,license_plate_bahnschrift.ttf,CBAGJWPD6YXT0RNZL49E3HSU875KFVMQ2,11,7,0,0.68,14.310835,0.701998,0.674571,CBAGJWPD6YXT0RNZL49E3HSUB75KFVMQ2,0.030303,0.969697,point_previews/task000142_mu016384_rho080_n0.png
0.8,16384,8,license_plate_bahnschrift.ttf,CBAGJWPD6YXT0RNZL49E3HSU875KFVMQ2,11,7,1,0.68,14.310835,0.701998,0.674571,CBAGJWPD6YXT0RNZL49E3HSU875KFVMQ2,0.0,1.0,point_previews/task000142_mu016384_rho080_n1.png
0.9,16384,8,license_plate_bahnschrift.ttf,CBAGJWPD6YXT0RNZL49E3HSU875KFVMQ2,11,7,0,0.765,15.178933,0.668877,0.635992,CBAGJWPD6YXT0RNZL49E3HSUB75KFVMQ2,0.030303,0.969697,point_previews/task000142_mu016384_rho090_n0.png
0.9,16384,8,license_plate_bahnschrift.ttf,CBAGJWPD6YXT0RNZL49E3HSU875KFVMQ2,11,7,1,0.765,15.178933,0.668877,0.635992,CBAGJWPD6YXT0RNZL49E3HSUB75KFVMQ2,0.030303,0.969697,point_previews/task000142_mu016384_rho090_n1.png
1.0,16384,8,license_plate_bahnschrift.ttf,CBAGJWPD6YXT0RNZL49E3HSU875KFVMQ2,11,7,0,0.85,16.0,0.63662,0.603355,CBAGJWPD6YXTRNZL49E3HSU875KFVMQ2,0.030303,0.969697,point_previews/task000142_mu016384_rho100_n0.png
1.0,16384,8,license_plate_bahnschrift.ttf,CBAGJWPD6YXT0RNZL49E3HSU875KFVMQ2,11,7,1,0.85,16.0,0.63662,0.603355,CBAGJWPD6YXT0RNZL49E3HSU875KFVMQ2,0.0,1.0,point_previews/task000142_mu016384_rho100_n1.png
0.1,65536,8,license_plate_bahnschrift.ttf,CBAGJWPD6YXT0RNZL49E3HSU875KFVMQ2,11,7,0,0.085,5.059644,0.959381,1.907975,CBAGJWPDSYXTURNZL4A9ESHSUB75KEVMD2,0.212121,0.787879,point_previews/task000143_mu065536_rho010_n0.png
0.1,65536,8,license_plate_bahnschrift.ttf,CBAGJWPD6YXT0RNZL49E3HSU875KFVMQ2,11,7,1,0.085,5.059644,0.959381,1.907975,CBAGJWPDS6YXTURNZL49ESHSUB75KEVMD2,0.181818,0.818182,point_previews/task000143_mu065536_rho010_n1.png
0.2,65536,8,license_plate_bahnschrift.ttf,CBAGJWPD6YXT0RNZL49E3HSU875KFVMQ2,11,7,0,0.17,7.155418,0.919759,1.349142,CBAGJWPD6YXTRNZL49ESHSUBT5SKEVMQ02,0.212121,0.787879,point_previews/task000143_mu065536_rho020_n0.png
0.2,65536,8,license_plate_bahnschrift.ttf,CBAGJWPD6YXT0RNZL49E3HSU875KFVMQ2,11,7,1,0.17,7.155418,0.919759,1.349142,CBAGJWPD6YXTRNZL49ESHSUB75KEVMQ02,0.151515,0.848485,point_previews/task000143_mu065536_rho020_n1.png
0.3,65536,8,license_plate_bahnschrift.ttf,CBAGJWPD6YXT0RNZL49E3HSU875KFVMQ2,11,7,0,0.255,8.763561,0.881116,1.10157,CBAGJWPD6YXT0RNZL49E3HSUB75KEVMQ02,0.090909,0.909091,point_previews/task000143_mu065536_rho030_n0.png
0.3,65536,8,license_plate_bahnschrift.ttf,CBAGJWPD6YXT0RNZL49E3HSU875KFVMQ2,11,7,1,0.255,8.763561,0.881116,1.10157,CBAGJWPD6YXT0RNZL49ES3HSUB75KEVMQ02,0.121212,0.878788,point_previews/task000143_mu065536_rho030_n1.png
0.4,65536,8,license_plate_bahnschrift.ttf,CBAGJWPD6YXT0RNZL49E3HSU875KFVMQ2,11,7,0,0.34,10.119289,0.843436,0.953987,CBAGJWPD6YXT0RNZL49E3HSUB75KFVMQ2,0.030303,0.969697,point_previews/task000143_mu065536_rho040_n0.png
0.4,65536,8,license_plate_bahnschrift.ttf,CBAGJWPD6YXT0RNZL49E3HSU875KFVMQ2,11,7,1,0.34,10.119289,0.843436,0.953987,CBAGJWPD6YXTRNZL49ES3HSUB75KFVMQ2,0.090909,0.909091,point_previews/task000143_mu065536_rho040_n1.png
0.5,65536,8,license_plate_bahnschrift.ttf,CBAGJWPD6YXT0RNZL49E3HSU875KFVMQ2,11,7,0,0.425,11.313708,0.8067,0.853272,CBAGJWPD6YXT0RNZL49E3HSUB75KFVMQ2,0.030303,0.969697,point_previews/task000143_mu065536_rho050_n0.png
0.5,65536,8,license_plate_bahnschrift.ttf,CBAGJWPD6YXT0RNZL49E3HSU875KFVMQ2,11,7,1,0.425,11.313708,0.8067,0.853272,CBAGJWPD6YXTRNZL49ES3HSUB75KFEVMQ2,0.121212,0.878788,point_previews/task000143_mu065536_rho050_n1.png
0.6,65536,8,license_plate_bahnschrift.ttf,CBAGJWPD6YXT0RNZL49E3HSU875KFVMQ2,11,7,0,0.51,12.393547,0.770893,0.778927,CBAGJWPD6YXT0RNZL49E3HSUB75KFVMQ2,0.030303,0.969697,point_previews/task000143_mu065536_rho060_n0.png
0.6,65536,8,license_plate_bahnschrift.ttf,CBAGJWPD6YXT0RNZL49E3HSU875KFVMQ2,11,7,1,0.51,12.393547,0.770893,0.778927,CBAGJWPD6YXT0RNZL49E3HSUB75KFVMQ2,0.030303,0.969697,point_previews/task000143_mu065536_rho060_n1.png
0.7,65536,8,license_plate_bahnschrift.ttf,CBAGJWPD6YXT0RNZL49E3HSU875KFVMQ2,11,7,0,0.595,13.38656,0.735998,0.721147,CBAGJWPD6YXT0RNZL49E3HSUB75KFVMQ2,0.030303,0.969697,point_previews/task000143_mu065536_rho070_n0.png
0.7,65536,8,license_plate_bahnschrift.ttf,CBAGJWPD6YXT0RNZL49E3HSU875KFVMQ2,11,7,1,0.595,13.38656,0.735998,0.721147,CBAGJWPD6YXT0RNZL49E3HSUB75KFVMQ2,0.030303,0.969697,point_previews/task000143_mu065536_rho070_n1.png
0.8,65536,8,license_plate_bahnschrift.ttf,CBAGJWPD6YXT0RNZL49E3HSU875KFVMQ2,11,7,0,0.68,14.310835,0.701998,0.674571,CBAGJWPD6YXT0RNZL49E3HSUB75KFVMQ2,0.030303,0.969697,point_previews/task000143_mu065536_rho080_n0.png
0.8,65536,8,license_plate_bahnschrift.ttf,CBAGJWPD6YXT0RNZL49E3HSU875KFVMQ2,11,7,1,0.68,14.310835,0.701998,0.674571,CBAGJWPD6YXT0RNZL49E3HSU875KFVMQ2,0.0,1.0,point_previews/task000143_mu065536_rho080_n1.png
0.9,65536,8,license_plate_bahnschrift.ttf,CBAGJWPD6YXT0RNZL49E3HSU875KFVMQ2,11,7,0,0.765,15.178933,0.668877,0.635992,CBAGJWPD6YXT0RNZL49E3HSUB75KFVMQ2,0.030303,0.969697,point_previews/task000143_mu065536_rho090_n0.png
0.9,65536,8,license_plate_bahnschrift.ttf,CBAGJWPD6YXT0RNZL49E3HSU875KFVMQ2,11,7,1,0.765,15.178933,0.668877,0.635992,CBAGJWPD6YXT0RNZL49E3HSUB75KFVMQ2,0.030303,0.969697,point_previews/task000143_mu065536_rho090_n1.png
1.0,65536,8,license_plate_bahnschrift.ttf,CBAGJWPD6YXT0RNZL49E3HSU875KFVMQ2,11,7,0,0.85,16.0,0.63662,0.603355,CBAGJWPD6YXT0RNZL49E3HSU875KFVMQ2,0.0,1.0,point_previews/task000143_mu065536_rho100_n0.png
1.0,65536,8,license_plate_bahnschrift.ttf,CBAGJWPD6YXT0RNZL49E3HSU875KFVMQ2,11,7,1,0.85,16.0,0.63662,0.603355,CBAGJWPD6YXT0RNZL49E3HSU875KFVMQ2,0.0,1.0,point_previews/task000143_mu065536_rho100_n1.png
0.1,4,8,license_plate_bahnschrift.ttf,CBAGJWPD6YXT0RNZL49E3HSU875KFVMQ2,11,11,0,0.085,5.059644,0.959381,1.907975,,1.0,0.0,point_previews/task000144_mu000004_rho010_n0.png
0.1,4,8,license_plate_bahnschrift.ttf,CBAGJWPD6YXT0RNZL49E3HSU875KFVMQ2,11,11,1,0.085,5.059644,0.959381,1.907975,EERAPL,0.939394,0.060606,point_previews/task000144_mu000004_rho010_n1.png
0.2,4,8,license_plate_bahnschrift.ttf,CBAGJWPD6YXT0RNZL49E3HSU875KFVMQ2,11,11,0,0.17,7.155418,0.919759,1.349142,BSCRNEEY2N,0.878788,0.121212,point_previews/task000144_mu000004_rho020_n0.png
0.2,4,8,license_plate_bahnschrift.ttf,CBAGJWPD6YXT0RNZL49E3HSU875KFVMQ2,11,11,1,0.17,7.155418,0.919759,1.349142,AERTS,0.909091,0.090909,point_previews/task000144_mu000004_rho020_n1.png
0.3,4,8,license_plate_bahnschrift.ttf,CBAGJWPD6YXT0RNZL49E3HSU875KFVMQ2,11,11,0,0.255,8.763561,0.881116,1.10157,BSDR,0.909091,0.090909,point_previews/task000144_mu000004_rho030_n0.png
0.3,4,8,license_plate_bahnschrift.ttf,CBAGJWPD6YXT0RNZL49E3HSU875KFVMQ2,11,11,1,0.255,8.763561,0.881116,1.10157,,1.0,0.0,point_previews/task000144_mu000004_rho030_n1.png
0.4,4,8,license_plate_bahnschrift.ttf,CBAGJWPD6YXT0RNZL49E3HSU875KFVMQ2,11,11,0,0.34,10.119289,0.843436,0.953987,BSGS7SSCRR,0.878788,0.121212,point_previews/task000144_mu000004_rho040_n0.png
0.4,4,8,license_plate_bahnschrift.ttf,CBAGJWPD6YXT0RNZL49E3HSU875KFVMQ2,11,11,1,0.34,10.119289,0.843436,0.953987,NZRSB,0.909091,0.090909,point_previews/task000144_mu000004_rho040_n1.png
0.5,4,8,license_plate_bahnschrift.ttf,CBAGJWPD6YXT0RNZL49E3HSU875KFVMQ2,11,11,0,0.425,11.313708,0.8067,0.853272,EERLTMGRASEFETMELATSDEHAEM,0.909091,0.090909,point_previews/task000144_mu000004_rho050_n0.png
0.5,4,8,license_plate_bahnschrift.ttf,CBAGJWPD6YXT0RNZL49E3HSU875KFVMQ2,11,11,1,0.425,11.313708,0.8067,0.853272,PSPAARRAPACES,0.878788,0.121212,point_previews/task000144_mu000004_rho050_n1.png
0.6,4,8,license_plate_bahnschrift.ttf,CBAGJWPD6YXT0RNZL49E3HSU875KFVMQ2,11,11,0,0.51,12.393547,0.770893,0.778927,,1.0,0.0,point_previews/task000144_mu000004_rho060_n0.png
0.6,4,8,license_plate_bahnschrift.ttf,CBAGJWPD6YXT0RNZL49E3HSU875KFVMQ2,11,11,1,0.51,12.393547,0.770893,0.778927,SSEATSANARAMPLCA,0.939394,0.060606,point_previews/task000144_mu000004_rho060_n1.png
0.7,4,8,license_plate_bahnschrift.ttf,CBAGJWPD6YXT0RNZL49E3HSU875KFVMQ2,11,11,0,0.595,13.38656,0.735998,0.721147,TTAEMAPERPANRS2PUCHEERSN,0.878788,0.121212,point_previews/task000144_mu000004_rho070_n0.png
0.7,4,8,license_plate_bahnschrift.ttf,CBAGJWPD6YXT0RNZL49E3HSU875KFVMQ2,11,11,1,0.595,13.38656,0.735998,0.721147,,1.0,0.0,point_previews/task000144_mu000004_rho070_n1.png
0.8,4,8,license_plate_bahnschrift.ttf,CBAGJWPD6YXT0RNZL49E3HSU875KFVMQ2,11,11,0,0.68,14.310835,0.701998,0.674571,CUEGARNYNRGRTSSTRURRRATT,0.848485,0.151515,point_previews/task000144_mu000004_rho080_n0.png
0.8,4,8,license_plate_bahnschrift.ttf,CBAGJWPD6YXT0RNZL49E3HSU875KFVMQ2,11,11,1,0.68,14.310835,0.701998,0.674571,TRRSPV,0.878788,0.121212,point_previews/task000144_mu000004_rho080_n1.png
0.9,4,8,license_plate_bahnschrift.ttf,CBAGJWPD6YXT0RNZL49E3HSU875KFVMQ2,11,11,0,0.765,15.178933,0.668877,0.635992,EBARSGSFARESCETSEHEDBAS,0.848485,0.151515,point_previews/task000144_mu000004_rho090_n0.png
0.9,4,8,license_plate_bahnschrift.ttf,CBAGJWPD6YXT0RNZL49E3HSU875KFVMQ2,11,11,1,0.765,15.178933,0.668877,0.635992,SWMULLTACETS,0.878788,0.121212,point_previews/task000144_mu000004_rho090_n1.png
1.0,4,8,license_plate_bahnschrift.ttf,CBAGJWPD6YXT0RNZL49E3HSU875KFVMQ2,11,11,0,0.85,16.0,0.63662,0.603355,LEAWATAVSS,0.878788,0.121212,point_previews/task000144_mu000004_rho100_n0.png
1.0,4,8,license_plate_bahnschrift.ttf,CBAGJWPD6YXT0RNZL49E3HSU875KFVMQ2,11,11,1,0.85,16.0,0.63662,0.603355,CBAASWTNHRRY,0.787879,0.212121,point_previews/task000144_mu000004_rho100_n1.png
0.1,16,8,license_plate_bahnschrift.ttf,CBAGJWPD6YXT0RNZL49E3HSU875KFVMQ2,11,11,0,0.085,5.059644,0.959381,1.907975,,1.0,0.0,point_previews/task000145_mu000016_rho010_n0.png
0.1,16,8,license_plate_bahnschrift.ttf,CBAGJWPD6YXT0RNZL49E3HSU875KFVMQ2,11,11,1,0.085,5.059644,0.959381,1.907975,TENAENEDHSERCTGMSA,0.818182,0.181818,point_previews/task000145_mu000016_rho010_n1.png
0.2,16,8,license_plate_bahnschrift.ttf,CBAGJWPD6YXT0RNZL49E3HSU875KFVMQ2,11,11,0,0.17,7.155418,0.919759,1.349142,HUDUTERRBMTLYSZMNTSRY,0.878788,0.121212,point_previews/task000145_mu000016_rho020_n0.png
0.2,16,8,license_plate_bahnschrift.ttf,CBAGJWPD6YXT0RNZL49E3HSU875KFVMQ2,11,11,1,0.17,7.155418,0.919759,1.349142,VARTRURBGSTEGTERBCACRAENS,0.909091,0.090909,point_previews/task000145_mu000016_rho020_n1.png
0.3,16,8,license_plate_bahnschrift.ttf,CBAGJWPD6YXT0RNZL49E3HSU875KFVMQ2,11,11,0,0.255,8.763561,0.881116,1.10157,CHERANAMMTTRNGLPETHDNGPAHANEZ,0.787879,0.212121,point_previews/task000145_mu000016_rho030_n0.png
0.3,16,8,license_plate_bahnschrift.ttf,CBAGJWPD6YXT0RNZL49E3HSU875KFVMQ2,11,11,1,0.255,8.763561,0.881116,1.10157,SRASPSTASHAAESHSURTSRSUNAD,0.787879,0.212121,point_previews/task000145_mu000016_rho030_n1.png
0.4,16,8,license_plate_bahnschrift.ttf,CBAGJWPD6YXT0RNZL49E3HSU875KFVMQ2,11,11,0,0.34,10.119289,0.843436,0.953987,LEBRUWPDSTRNDRESESSUSTERFARD,0.69697,0.30303,point_previews/task000145_mu000016_rho040_n0.png
0.4,16,8,license_plate_bahnschrift.ttf,CBAGJWPD6YXT0RNZL49E3HSU875KFVMQ2,11,11,1,0.34,10.119289,0.843436,0.953987,CRARWREECRNZLEAHSEBTEKTD,0.666667,0.333333,point_previews/task000145_mu000016_rho040_n1.png
0.5,16,8,license_plate_bahnschrift.ttf,CBAGJWPD6YXT0RNZL49E3HSU875KFVMQ2,11,11,0,0.425,11.313708,0.8067,0.853272,,1.0,0.0,point_previews/task000145_mu000016_rho050_n0.png
0.5,16,8,license_plate_bahnschrift.ttf,CBAGJWPD6YXT0RNZL49E3HSU875KFVMQ2,11,11,1,0.425,11.313708,0.8067,0.853272,CPAGWPDATURMZLRSRSNETAREVMDZ,0.606061,0.393939,point_previews/task000145_mu000016_rho050_n1.png
0.6,16,8,license_plate_bahnschrift.ttf,CBAGJWPD6YXT0RNZL49E3HSU875KFVMQ2,11,11,0,0.51,12.393547,0.770893,0.778927,SBAWEDEVETHRNZTDESHSURTSREMMDD,0.606061,0.393939,point_previews/task000145_mu000016_rho060_n0.png
0.6,16,8,license_plate_bahnschrift.ttf,CBAGJWPD6YXT0RNZL49E3HSU875KFVMQ2,11,11,1,0.51,12.393547,0.770893,0.778927,SBAGJWPDAYXTURNZLAPESHSSSKFM,0.393939,0.606061,point_previews/task000145_mu000016_rho060_n1.png
0.7,16,8,license_plate_bahnschrift.ttf,CBAGJWPD6YXT0RNZL49E3HSU875KFVMQ2,11,11,0,0.595,13.38656,0.735998,0.721147,EBAGJWPD6YSTURNZLQSESHSUBTSARUM2,0.393939,0.606061,point_previews/task000145_mu000016_rho070_n0.png
0.7,16,8,license_plate_bahnschrift.ttf,CBAGJWPD6YXT0RNZL49E3HSU875KFVMQ2,11,11,1,0.595,13.38656,0.735998,0.721147,,1.0,0.0,point_previews/task000145_mu000016_rho070_n1.png
0.8,16,8,license_plate_bahnschrift.ttf,CBAGJWPD6YXT0RNZL49E3HSU875KFVMQ2,11,11,0,0.68,14.310835,0.701998,0.674571,,1.0,0.0,point_previews/task000145_mu000016_rho080_n0.png
0.8,16,8,license_plate_bahnschrift.ttf,CBAGJWPD6YXT0RNZL49E3HSU875KFVMQ2,11,11,1,0.68,14.310835,0.701998,0.674571,ERASTWPNATRNZLSPESHSUSTEKEMZ,0.575758,0.424242,point_previews/task000145_mu000016_rho080_n1.png
0.9,16,8,license_plate_bahnschrift.ttf,CBAGJWPD6YXT0RNZL49E3HSU875KFVMQ2,11,11,0,0.765,15.178933,0.668877,0.635992,CBAGJWPHSYXTURNZLGUESASUBTSKEVMAS,0.393939,0.606061,point_previews/task000145_mu000016_rho090_n0.png
0.9,16,8,license_plate_bahnschrift.ttf,CBAGJWPD6YXT0RNZL49E3HSU875KFVMQ2,11,11,1,0.765,15.178933,0.668877,0.635992,SBAGJWPDGYRTGRNZLGFESHSHBTSKEYMG2,0.424242,0.575758,point_previews/task000145_mu000016_rho090_n1.png
1.0,16,8,license_plate_bahnschrift.ttf,CBAGJWPD6YXT0RNZL49E3HSU875KFVMQ2,11,11,0,0.85,16.0,0.63662,0.603355,DBASJWPDSPTGRNZEAYETHSUSTSKEYMQT,0.484848,0.515152,point_previews/task000145_mu000016_rho100_n0.png
1.0,16,8,license_plate_bahnschrift.ttf,CBAGJWPD6YXT0RNZL49E3HSU875KFVMQ2,11,11,1,0.85,16.0,0.63662,0.603355,,1.0,0.0,point_previews/task000145_mu000016_rho100_n1.png
0.1,64,8,license_plate_bahnschrift.ttf,CBAGJWPD6YXT0RNZL49E3HSU875KFVMQ2,11,11,0,0.085,5.059644,0.959381,1.907975,CBAGTWPUSERTURNZLWAESHSHSTSREVMGZ,0.515152,0.484848,point_previews/task000146_mu000064_rho010_n0.png
0.1,64,8,license_plate_bahnschrift.ttf,CBAGJWPD6YXT0RNZL49E3HSU875KFVMQ2,11,11,1,0.085,5.059644,0.959381,1.907975,CRAGPURATARNZL49RTHSUBTSKEURDS,0.545455,0.454545,point_previews/task000146_mu000064_rho010_n1.png
0.2,64,8,license_plate_bahnschrift.ttf,CBAGJWPD6YXT0RNZL49E3HSU875KFVMQ2,11,11,0,0.17,7.155418,0.919759,1.349142,CBAGJWPDAYXTQRNZLSSETHSURTSKPYMDZ,0.363636,0.636364,point_previews/task000146_mu000064_rho020_n0.png
0.2,64,8,license_plate_bahnschrift.ttf,CBAGJWPD6YXT0RNZL49E3HSU875KFVMQ2,11,11,1,0.17,7.155418,0.919759,1.349142,EBAGWPDRYXTURNZLASESHSYSTSKEVM2,0.393939,0.606061,point_previews/task000146_mu000064_rho020_n1.png
0.3,64,8,license_plate_bahnschrift.ttf,CBAGJWPD6YXT0RNZL49E3HSU875KFVMQ2,11,11,0,0.255,8.763561,0.881116,1.10157,CBAGJWPDSYXTURNZLS9ESHSUBTSREVMGS,0.333333,0.666667,point_previews/task000146_mu000064_rho030_n0.png
0.3,64,8,license_plate_bahnschrift.ttf,CBAGJWPD6YXT0RNZL49E3HSU875KFVMQ2,11,11,1,0.255,8.763561,0.881116,1.10157,,1.0,0.0,point_previews/task000146_mu000064_rho030_n1.png
0.4,64,8,license_plate_bahnschrift.ttf,CBAGJWPD6YXT0RNZL49E3HSU875KFVMQ2,11,11,0,0.34,10.119289,0.843436,0.953987,CBAGJWPDSYXTURNZL49ESHSUSTSKPNMD,0.30303,0.69697,point_previews/task000146_mu000064_rho040_n0.png
0.4,64,8,license_plate_bahnschrift.ttf,CBAGJWPD6YXT0RNZL49E3HSU875KFVMQ2,11,11,1,0.34,10.119289,0.843436,0.953987,CBAGJWPDSYXTRNZL49E3HSUB75KFVMD2,0.121212,0.878788,point_previews/task000146_mu000064_rho040_n1.png
0.5,64,8,license_plate_bahnschrift.ttf,CBAGJWPD6YXT0RNZL49E3HSU875KFVMQ2,11,11,0,0.425,11.313708,0.8067,0.853272,CBAGJWPDSYXTURNZL49ESHSUS75KEVMQ2,0.151515,0.848485,point_previews/task000146_mu000064_rho050_n0.png
0.5,64,8,license_plate_bahnschrift.ttf,CBAGJWPD6YXT0RNZL49E3HSU875KFVMQ2,11,11,1,0.425,11.313708,0.8067,0.853272,CBAGJWPDSYXTURNZLSSEJHSUBTSKEVMQZ,0.30303,0.69697,point_previews/task000146_mu000064_rho050_n1.png
0.6,64,8,license_plate_bahnschrift.ttf,CBAGJWPD6YXT0RNZL49E3HSU875KFVMQ2,11,11,0,0.51,12.393547,0.770893,0.778927,CBAGJWPDSYXTRNZLAPESHSUBTSKEVMQ2,0.272727,0.727273,point_previews/task000146_mu000064_rho060_n0.png
0.6,64,8,license_plate_bahnschrift.ttf,CBAGJWPD6YXT0RNZL49E3HSU875KFVMQ2,11,11,1,0.51,12.393547,0.770893,0.778927,CBAGJWPDSYXTURNZL49E3HSUB875KFVMQ2,0.090909,0.909091,point_previews/task000146_mu000064_rho060_n1.png
0.7,64,8,license_plate_bahnschrift.ttf,CBAGJWPD6YXT0RNZL49E3HSU875KFVMQ2,11,11,0,0.595,13.38656,0.735998,0.721147,CBAGJWPDSYXTURNZL49ESHSUBTSKEVMQZ,0.242424,0.757576,point_previews/task000146_mu000064_rho070_n0.png
0.7,64,8,license_plate_bahnschrift.ttf,CBAGJWPD6YXT0RNZL49E3HSU875KFVMQ2,11,11,1,0.595,13.38656,0.735998,0.721147,CBAGJWPDSYXTRNZL4PESHSUBTSKEVMQZ,0.272727,0.727273,point_previews/task000146_mu000064_rho070_n1.png
0.8,64,8,license_plate_bahnschrift.ttf,CBAGJWPD6YXT0RNZL49E3HSU875KFVMQ2,11,11,0,0.68,14.310835,0.701998,0.674571,CBAGJWPDSYXTURNZL49E3HSUSTSKFVMQ2,0.151515,0.848485,point_previews/task000146_mu000064_rho080_n0.png
0.8,64,8,license_plate_bahnschrift.ttf,CBAGJWPD6YXT0RNZL49E3HSU875KFVMQ2,11,11,1,0.68,14.310835,0.701998,0.674571,CBAGJWPD6YXTURNZL49ESHSUBTSKEVMGZ,0.242424,0.757576,point_previews/task000146_mu000064_rho080_n1.png
0.9,64,8,license_plate_bahnschrift.ttf,CBAGJWPD6YXT0RNZL49E3HSU875KFVMQ2,11,11,0,0.765,15.178933,0.668877,0.635992,CBAGJWPD6YXTRNZL49ESHSUBTSKEVMQZ,0.212121,0.787879,point_previews/task000146_mu000064_rho090_n0.png
0.9,64,8,license_plate_bahnschrift.ttf,CBAGJWPD6YXT0RNZL49E3HSU875KFVMQ2,11,11,1,0.765,15.178933,0.668877,0.635992,CBAGJWPDSYXTRNZL49E3HSUBTSKFYMQ2,0.181818,0.818182,point_previews/task000146_mu000064_rho090_n1.png
1.0,64,8,license_plate_bahnschrift.ttf,CBAGJWPD6YXT0RNZL49E3HSU875KFVMQ2,11,11,0,0.85,16.0,0.63662,0.603355,CBAGJWPDSYXTURNZL49E3HSUB7SKEVMQ2,0.151515,0.848485,point_previews/task000146_mu000064_rho100_n0.png
1.0,64,8,license_plate_bahnschrift.ttf,CBAGJWPD6YXT0RNZL49E3HSU875KFVMQ2,11,11,1,0.85,16.0,0.63662,0.603355,CBAGJWPD6YXTURNZL49ESHSUB75KFVMQ2,0.090909,0.909091,point_previews/task000146_mu000064_rho100_n1.png
0.1,256,8,license_plate_bahnschrift.ttf,CBAGJWPD6YXT0RNZL49E3HSU875KFVMQ2,11,11,0,0.085,5.059644,0.959381,1.907975,CBAGJWPDSYXTURNZLATESHSUST5KFEVMGZ,0.30303,0.69697,point_previews/task000147_mu000256_rho010_n0.png
0.1,256,8,license_plate_bahnschrift.ttf,CBAGJWPD6YXT0RNZL49E3HSU875KFVMQ2,11,11,1,0.085,5.059644,0.959381,1.907975,CRAGJWPUSYXTERNZLSESHSUBTSKEVMGZ,0.393939,0.606061,point_previews/task000147_mu000256_rho010_n1.png
0.2,256,8,license_plate_bahnschrift.ttf,CBAGJWPD6YXT0RNZL49E3HSU875KFVMQ2,11,11,0,0.17,7.155418,0.919759,1.349142,CBAGJWPD6YXTURNZL49E3HSUS75KEVMQZ,0.121212,0.878788,point_previews/task000147_mu000256_rho020_n0.png
0.2,256,8,license_plate_bahnschrift.ttf,CBAGJWPD6YXT0RNZL49E3HSU875KFVMQ2,11,11,1,0.17,7.155418,0.919759,1.349142,CBAGJWPDSYXTURNZL49ESHSUBTSKEVMD2,0.242424,0.757576,point_previews/task000147_mu000256_rho020_n1.png
0.3,256,8,license_plate_bahnschrift.ttf,CBAGJWPD6YXT0RNZL49E3HSU875KFVMQ2,11,11,0,0.255,8.763561,0.881116,1.10157,CBAGJWPDS6YXTURNZL49ES3HSUS75KFVMQZ,0.151515,0.848485,point_previews/task000147_mu000256_rho030_n0.png
0.3,256,8,license_plate_bahnschrift.ttf,CBAGJWPD6YXT0RNZL49E3HSU875KFVMQ2,11,11,1,0.255,8.763561,0.881116,1.10157,CBAGJWPD6YXTURNZL49E3HSUS75KFYMQZ,0.121212,0.878788,point_previews/task000147_mu000256_rho030_n1.png
0.4,256,8,license_plate_bahnschrift.ttf,CBAGJWPD6YXT0RNZL49E3HSU875KFVMQ2,11,11,0,0.34,10.119289,0.843436,0.953987,CBAGJWPD6YXTURNZL4S9E3HSUB7SKFEVMGZ,0.212121,0.787879,point_previews/task000147_mu000256_rho040_n0.png
0.4,256,8,license_plate_bahnschrift.ttf,CBAGJWPD6YXT0RNZL49E3HSU875KFVMQ2,11,11,1,0.34,10.119289,0.843436,0.953987,CBAGJWPD6YXTURNZL49ESHSUB75SKFVMG2,0.151515,0.848485,point_previews/task000147_mu000256_rho040_n1.png
0.5,256,8,license_plate_bahnschrift.ttf,CBAGJWPD6YXT0RNZL49E3HSU875KFVMQ2,11,11,0,0.425,11.313708,0.8067,0.853272,CBAGJWPD6YXTRNZL49E3HSU875KFYMQ2,0.060606,0.939394,point_previews/task000147_mu000256_rho050_n0.png
0.5,256,8,license_plate_bahnschrift.ttf,CBAGJWPD6YXT0RNZL49E3HSU875KFVMQ2,11,11,1,0.425,11.313708,0.8067,0.853272,CBAGJWPD6YXTURNZL49ESHSUB7TSKFVMQ2,0.151515,0.848485,point_previews/task000147_mu000256_rho050_n1.png
0.6,256,8,license_plate_bahnschrift.ttf,CBAGJWPD6YXT0RNZL49E3HSU875KFVMQ2,11,11,0,0.51,12.393547,0.770893,0.778927,CBAGJWPD6YXT0RNZL4S9ESHSUS75SKFVMQG2,0.151515,0.848485,point_previews/task000147_mu000256_rho060_n0.png
0.6,256,8,license_plate_bahnschrift.ttf,CBAGJWPD6YXT0RNZL49E3HSU875KFVMQ2,11,11,1,0.51,12.393547,0.770893,0.778927,CBAGJWPD6YXT0RNZL497E3SHSUB75KFVMG2,0.121212,0.878788,point_previews/task000147_mu000256_rho060_n1.png
0.7,256,8,license_plate_bahnschrift.ttf,CBAGJWPD6YXT0RNZL49E3HSU875KFVMQ2,11,11,0,0.595,13.38656,0.735998,0.721147,CBAGJWPD6YXTRNZL49E3HSUBTSKFVMQ2,0.121212,0.878788,point_previews/task000147_mu000256_rho070_n0.png
0.7,256,8,license_plate_bahnschrift.ttf,CBAGJWPD6YXT0RNZL49E3HSU875KFVMQ2,11,11,1,0.595,13.38656,0.735998,0.721147,CBAGJWPD6YXTRNZL49E3HSUB7SKFVMG2,0.121212,0.878788,point_previews/task000147_mu000256_rho070_n1.png
0.8,256,8,license_plate_bahnschrift.ttf,CBAGJWPD6YXT0RNZL49E3HSU875KFVMQ2,11,11,0,0.68,14.310835,0.701998,0.674571,CBAGJWPD6YXT0RNZL4S9ESHSUS7TSKFVMQ2,0.151515,0.848485,point_previews/task000147_mu000256_rho080_n0.png
0.8,256,8,license_plate_bahnschrift.ttf,CBAGJWPD6YXT0RNZL49E3HSU875KFVMQ2,11,11,1,0.68,14.310835,0.701998,0.674571,CBAGJWPD6YXTRNZL4S9ESHSUB7TSKFYMGQ2,0.242424,0.757576,point_previews/task000147_mu000256_rho080_n1.png
0.9,256,8,license_plate_bahnschrift.ttf,CBAGJWPD6YXT0RNZL49E3HSU875KFVMQ2,11,11,0,0.765,15.178933,0.668877,0.635992,CBAGJWPD6YXTRNZL49E3HSUB7TSKFVMQ2,0.121212,0.878788,point_previews/task000147_mu000256_rho090_n0.png
0.9,256,8,license_plate_bahnschrift.ttf,CBAGJWPD6YXT0RNZL49E3HSU875KFVMQ2,11,11,1,0.765,15.178933,0.668877,0.635992,CBAGJWPD6YXT0RNZL49ESHSU87SKFVMQ2,0.060606,0.939394,point_previews/task000147_mu000256_rho090_n1.png
1.0,256,8,license_plate_bahnschrift.ttf,CBAGJWPD6YXT0RNZL49E3HSU875KFVMQ2,11,11,0,0.85,16.0,0.63662,0.603355,CBAGJWPD6YXT0RNZL4SP9E3HSUB7TSKFVMQZ2,0.181818,0.818182,point_previews/task000147_mu000256_rho100_n0.png
1.0,256,8,license_plate_bahnschrift.ttf,CBAGJWPD6YXT0RNZL49E3HSU875KFVMQ2,11,11,1,0.85,16.0,0.63662,0.603355,CBAGJWPD6YXTRNZL49ESHSUS7SKFYMQ2,0.151515,0.848485,point_previews/task000147_mu000256_rho100_n1.png
0.1,1024,8,license_plate_bahnschrift.ttf,CBAGJWPD6YXT0RNZL49E3HSU875KFVMQ2,11,11,0,0.085,5.059644,0.959381,1.907975,CBAGJWPD6YXTURNZL49ESHSUS7TSKEVMD2,0.212121,0.787879,point_previews/task000148_mu001024_rho010_n0.png
0.1,1024,8,license_plate_bahnschrift.ttf,CBAGJWPD6YXT0RNZL49E3HSU875KFVMQ2,11,11,1,0.085,5.059644,0.959381,1.907975,CBAGJWPD6YXATURNZL49ESHSUS7TSKEYMQ2,0.242424,0.757576,point_previews/task000148_mu001024_rho010_n1.png
0.2,1024,8,license_plate_bahnschrift.ttf,CBAGJWPD6YXT0RNZL49E3HSU875KFVMQ2,11,11,0,0.17,7.155418,0.919759,1.349142,CBAGJWPD6YXTARNZL49ESHSUS7TSKEVMQ2,0.181818,0.818182,point_previews/task000148_mu001024_rho020_n0.png
0.2,1024,8,license_plate_bahnschrift.ttf,CBAGJWPD6YXT0RNZL49E3HSU875KFVMQ2,11,11,1,0.17,7.155418,0.919759,1.349142,CBAGJWPD6YXTURNZL49ESHSUSTSKEVMQ2,0.181818,0.818182,point_previews/task000148_mu001024_rho020_n1.png
0.3,1024,8,license_plate_bahnschrift.ttf,CBAGJWPD6YXT0RNZL49E3HSU875KFVMQ2,11,11,0,0.255,8.763561,0.881116,1.10157,CBAGJWPD6YXTGRNZL49ESHSUBS7TSKFVMQ2,0.181818,0.818182,point_previews/task000148_mu001024_rho030_n0.png
0.3,1024,8,license_plate_bahnschrift.ttf,CBAGJWPD6YXT0RNZL49E3HSU875KFVMQ2,11,11,1,0.255,8.763561,0.881116,1.10157,CBAGJWPD6YXT0RNZL49ES3HSUB87TSKFVMQ2,0.121212,0.878788,point_previews/task000148_mu001024_rho030_n1.png
0.4,1024,8,license_plate_bahnschrift.ttf,CBAGJWPD6YXT0RNZL49E3HSU875KFVMQ2,11,11,0,0.34,10.119289,0.843436,0.953987,CBAGJWPD6YXT0RNZL4S9ESHSUSTSKFVMG2,0.181818,0.818182,point_previews/task000148_mu001024_rho040_n0.png
0.4,1024,8,license_plate_bahnschrift.ttf,CBAGJWPD6YXT0RNZL49E3HSU875KFVMQ2,11,11,1,0.34,10.119289,0.843436,0.953987,CBAGJWPD6YXT0RNZL49ESHSUB7TSKFVMG2,0.151515,0.848485,point_previews/task000148_mu001024_rho040_n1.png
0.5,1024,8,license_plate_bahnschrift.ttf,CBAGJWPD6YXT0RNZL49E3HSU875KFVMQ2,11,11,0,0.425,11.313708,0.8067,0.853272,CBAGJWPD6YXT0RNZL49E3HSUS75KFVMGQ2,0.060606,0.939394,point_previews/task000148_mu001024_rho050_n0.png
0.5,1024,8,license_plate_bahnschrift.ttf,CBAGJWPD6YXT0RNZL49E3HSU875KFVMQ2,11,11,1,0.425,11.313708,0.8067,0.853272,CBAGJWPD6YXTRNZL4S9ESHSUBTSKFVMQ2,0.181818,0.818182,point_previews/task000148_mu001024_rho050_n1.png
0.6,1024,8,license_plate_bahnschrift.ttf,CBAGJWPD6YXT0RNZL49E3HSU875KFVMQ2,11,11,0,0.51,12.393547,0.770893,0.778927,CBAGJWPD6YXT0RNZL49E3HSUS7TSKFVMG2,0.121212,0.878788,point_previews/task000148_mu001024_rho060_n0.png
0.6,1024,8,license_plate_bahnschrift.ttf,CBAGJWPD6YXT0RNZL49E3HSU875KFVMQ2,11,11,1,0.51,12.393547,0.770893,0.778927,CBAGJWPD6YXTRNZL4S9ESHSUBTSKFVMQ2,0.181818,0.818182,point_previews/task000148_mu001024_rho060_n1.png
0.7,1024,8,license_plate_bahnschrift.ttf,CBAGJWPD6YXT0RNZL49E3HSU875KFVMQ2,11,11,0,0.595,13.38656,0.735998,0.721147,CBAGJWPD6YXTRNZL49E3HSUB7SKFVMGQ2,0.121212,0.878788,point_previews/task000148_mu001024_rho070_n0.png
0.7,1024,8,license_plate_bahnschrift.ttf,CBAGJWPD6YXT0RNZL49E3HSU875KFVMQ2,11,11,1,0.595,13.38656,0.735998,0.721147,CBAGJWPD6YXTRNZL49E3HSU87SKFYVMQ2,0.090909,0.909091,point_previews/task000148_mu001024_rho070_n1.png
0.8,1024,8,license_plate_bahnschrift.ttf,CBAGJWPD6YXT0RNZL49E3HSU875KFVMQ2,11,11,0,0.68,14.310835,0.701998,0.674571,CBAGJWPD6YXT0RNZL4S9ESHSUS7TSKFVMQ2,0.151515,0.848485,point_previews/task000148_mu001024_rho080_n0.png
0.8,1024,8,license_plate_bahnschrift.ttf,CBAGJWPD6YXT0RNZL49E3HSU875KFVMQ2,11,11,1,0.68,14.310835,0.701998,0.674571,CBAGJWPD6YXT0RNZL49E3HSU875SKFYVMGQ2,0.090909,0.909091,point_previews/task000148_mu001024_rho080_n1.png
0.9,1024,8,license_plate_bahnschrift.ttf,CBAGJWPD6YXT0RNZL49E3HSU875KFVMQ2,11,11,0,0.765,15.178933,0.668877,0.635992,CBAGJWPD6YXTRNZL49ESHSU87SKFVMQ2,0.090909,0.909091,point_previews/task000148_mu001024_rho090_n0.png
0.9,1024,8,license_plate_bahnschrift.ttf,CBAGJWPD6YXT0RNZL49E3HSU875KFVMQ2,11,11,1,0.765,15.178933,0.668877,0.635992,CBAGJWPD6YXTRNZL49ESHSUB87TSKFVMQ2,0.151515,0.848485,point_previews/task000148_mu001024_rho090_n1.png
1.0,1024,8,license_plate_bahnschrift.ttf,CBAGJWPD6YXT0RNZL49E3HSU875KFVMQ2,11,11,0,0.85,16.0,0.63662,0.603355,CBAGJWPD6YXT0RNZL49ESHSU87SKFVMGQ2,0.090909,0.909091,point_previews/task000148_mu001024_rho100_n0.png
1.0,1024,8,license_plate_bahnschrift.ttf,CBAGJWPD6YXT0RNZL49E3HSU875KFVMQ2,11,11,1,0.85,16.0,0.63662,0.603355,CBAGJWPD6YXT0RNZL49ESHSUB7TSKFVMQ2,0.121212,0.878788,point_previews/task000148_mu001024_rho100_n1.png
0.1,4096,8,license_plate_bahnschrift.ttf,CBAGJWPD6YXT0RNZL49E3HSU875KFVMQ2,11,11,0,0.085,5.059644,0.959381,1.907975,CBAGJWPD6EYXTURNZL49ESHSUSTSKEVMQ2,0.212121,0.787879,point_previews/task000149_mu004096_rho010_n0.png
0.1,4096,8,license_plate_bahnschrift.ttf,CBAGJWPD6YXT0RNZL49E3HSU875KFVMQ2,11,11,1,0.085,5.059644,0.959381,1.907975,CBAGJWPD6YATRNZL49ESHSUSTSKEVMD2,0.242424,0.757576,point_previews/task000149_mu004096_rho010_n1.png
0.2,4096,8,license_plate_bahnschrift.ttf,CBAGJWPD6YXT0RNZL49E3HSU875KFVMQ2,11,11,0,0.17,7.155418,0.919759,1.349142,CBAGJWPD6YXTRNZL49ESHSUSTSKFVMQ2,0.151515,0.848485,point_previews/task000149_mu004096_rho020_n0.png
0.2,4096,8,license_plate_bahnschrift.ttf,CBAGJWPD6YXT0RNZL49E3HSU875KFVMQ2,11,11,1,0.17,7.155418,0.919759,1.349142,CBAGJWPD6YXTURNZL49ESHSUS7TSKEVMQ2,0.181818,0.818182,point_previews/task000149_mu004096_rho020_n1.png
0.3,4096,8,license_plate_bahnschrift.ttf,CBAGJWPD6YXT0RNZL49E3HSU875KFVMQ2,11,11,0,0.255,8.763561,0.881116,1.10157,CBAGJWPD6YXT0RNZL4S9ESHSUBTSKFVMQ2,0.151515,0.848485,point_previews/task000149_mu004096_rho030_n0.png
0.3,4096,8,license_plate_bahnschrift.ttf,CBAGJWPD6YXT0RNZL49E3HSU875KFVMQ2,11,11,1,0.255,8.763561,0.881116,1.10157,CBAGJWPD6YXT0RNZL49ESHSUSTSKFVMQ2,0.121212,0.878788,point_previews/task000149_mu004096_rho030_n1.png
0.4,4096,8,license_plate_bahnschrift.ttf,CBAGJWPD6YXT0RNZL49E3HSU875KFVMQ2,11,11,0,0.34,10.119289,0.843436,0.953987,CBAGJWPD6YXT0RNZL4S9ESHSUS7TSKFVMQG2,0.181818,0.818182,point_previews/task000149_mu004096_rho040_n0.png
0.4,4096,8,license_plate_bahnschrift.ttf,CBAGJWPD6YXT0RNZL49E3HSU875KFVMQ2,11,11,1,0.34,10.119289,0.843436,0.953987,CBAGJWPD6YXT0RNZL4S9ES3HSUS7TSKFVMQG2,0.181818,0.818182,point_previews/task000149_mu004096_rho040_n1.png
0.5,4096,8,license_plate_bahnschrift.ttf,CBAGJWPD6YXT0RNZL49E3HSU875KFVMQ2,11,11,0,0.425,11.313708,0.8067,0.853272,CBAGJWPD6YXTRNZL4S9ESHSUBSTSKFVMQ2,0.212121,0.787879,point_previews/task000149_mu004096_rho050_n0.png
0.5,4096,8,license_plate_bahnschrift.ttf,CBAGJWPD6YXT0RNZL49E3HSU875KFVMQ2,11,11,1,0.425,11.313708,0.8067,0.853272,CBAGJWPD6YXTRNZL4S9ESHSUBTSKFVMQ2,0.181818,0.818182,point_previews/task000149_mu004096_rho050_n1.png
0.6,4096,8,license_plate_bahnschrift.ttf,CBAGJWPD6YXT0RNZL49E3HSU875KFVMQ2,11,11,0,0.51,12.393547,0.770893,0.778927,CBAGJWPD6YXT0RNZL4S9ESHSUBS7TSKFVMQ2,0.181818,0.818182,point_previews/task000149_mu004096_rho060_n0.png
0.6,4096,8,license_plate_bahnschrift.ttf,CBAGJWPD6YXT0RNZL49E3HSU875KFVMQ2,11,11,1,0.51,12.393547,0.770893,0.778927,CBAGJWPD6YXTRNZL4SP9ESHSUS7TSKFVMQ2,0.212121,0.787879,point_previews/task000149_mu004096_rho060_n1.png
0.7,4096,8,license_plate_bahnschrift.ttf,CBAGJWPD6YXT0RNZL49E3HSU875KFVMQ2,11,11,0,0.595,13.38656,0.735998,0.721147,CBAGJWPD6YXTRNZL49E3HSU875SKFVMQ2,0.060606,0.939394,point_previews/task000149_mu004096_rho070_n0.png
0.7,4096,8,license_plate_bahnschrift.ttf,CBAGJWPD6YXT0RNZL49E3HSU875KFVMQ2,11,11,1,0.595,13.38656,0.735998,0.721147,CBAGJWPD6YXTRNZL49E3HSU875SKFVMQ2,0.060606,0.939394,point_previews/task000149_mu004096_rho070_n1.png
0.8,4096,8,license_plate_bahnschrift.ttf,CBAGJWPD6YXT0RNZL49E3HSU875KFVMQ2,11,11,0,0.68,14.310835,0.701998,0.674571,CBAGJWPD6YXTRNZL4S9ESHSUB7TSKFVMQ2,0.181818,0.818182,point_previews/task000149_mu004096_rho080_n0.png
0.8,4096,8,license_plate_bahnschrift.ttf,CBAGJWPD6YXT0RNZL49E3HSU875KFVMQ2,11,11,1,0.68,14.310835,0.701998,0.674571,CBAGJWPD6YXTRNZL4SP9ESHSUBTSKFVMQ2,0.212121,0.787879,point_previews/task000149_mu004096_rho080_n1.png
0.9,4096,8,license_plate_bahnschrift.ttf,CBAGJWPD6YXT0RNZL49E3HSU875KFVMQ2,11,11,0,0.765,15.178933,0.668877,0.635992,CBAGJWPD6YXTRNZL49E3HSU87SKFVMQ2,0.060606,0.939394,point_previews/task000149_mu004096_rho090_n0.png
0.9,4096,8,license_plate_bahnschrift.ttf,CBAGJWPD6YXT0RNZL49E3HSU875KFVMQ2,11,11,1,0.765,15.178933,0.668877,0.635992,CBAGJWPD6YXTRNZL49E3HSUB7SKFVMQ2,0.090909,0.909091,point_previews/task000149_mu004096_rho090_n1.png
1.0,4096,8,license_plate_bahnschrift.ttf,CBAGJWPD6YXT0RNZL49E3HSU875KFVMQ2,11,11,0,0.85,16.0,0.63662,0.603355,CBAGJWPD6YXT0RNZL49E3HSU87SKFVMQ2,0.030303,0.969697,point_previews/task000149_mu004096_rho100_n0.png
1.0,4096,8,license_plate_bahnschrift.ttf,CBAGJWPD6YXT0RNZL49E3HSU875KFVMQ2,11,11,1,0.85,16.0,0.63662,0.603355,CBAGJWPD6YXT0RNZL49E3HSU87SKFYVMQ2,0.060606,0.939394,point_previews/task000149_mu004096_rho100_n1.png
0.1,16384,8,license_plate_bahnschrift.ttf,CBAGJWPD6YXT0RNZL49E3HSU875KFVMQ2,11,11,0,0.085,5.059644,0.959381,1.907975,CBAGJWPD6YATRNZL49ESHSUS75SKEVMQ2,0.181818,0.818182,point_previews/task000150_mu016384_rho010_n0.png
0.1,16384,8,license_plate_bahnschrift.ttf,CBAGJWPD6YXT0RNZL49E3HSU875KFVMQ2,11,11,1,0.085,5.059644,0.959381,1.907975,CBAGJWPD6YATRNZL49ESHSUS75SKEVMD2,0.212121,0.787879,point_previews/task000150_mu016384_rho010_n1.png
0.2,16384,8,license_plate_bahnschrift.ttf,CBAGJWPD6YXT0RNZL49E3HSU875KFVMQ2,11,11,0,0.17,7.155418,0.919759,1.349142,CBAGJWPD6YXT0RNZL49ESHSUS7TSKFEVMQ2,0.151515,0.848485,point_previews/task000150_mu016384_rho020_n0.png
0.2,16384,8,license_plate_bahnschrift.ttf,CBAGJWPD6YXT0RNZL49E3HSU875KFVMQ2,11,11,1,0.17,7.155418,0.919759,1.349142,CBAGJWPD6YXTURNZL49ESHSUS7TSKFEVMQ2,0.181818,0.818182,point_previews/task000150_mu016384_rho020_n1.png
0.3,16384,8,license_plate_bahnschrift.ttf,CBAGJWPD6YXT0RNZL49E3HSU875KFVMQ2,11,11,0,0.255,8.763561,0.881116,1.10157,CBAGJWPD6YXTRNZL4S9ESHSUBTSKFVMQ2,0.181818,0.818182,point_previews/task000150_mu016384_rho030_n0.png
0.3,16384,8,license_plate_bahnschrift.ttf,CBAGJWPD6YXT0RNZL49E3HSU875KFVMQ2,11,11,1,0.255,8.763561,0.881116,1.10157,CBAGJWPD6YXTRNZL49ESHSUB7TSKFVMQ2,0.151515,0.848485,point_previews/task000150_mu016384_rho030_n1.png
0.4,16384,8,license_plate_bahnschrift.ttf,CBAGJWPD6YXT0RNZL49E3HSU875KFVMQ2,11,11,0,0.34,10.119289,0.843436,0.953987,CBAGJWPD6YXT0RNZL4S9ES3HSUS7TSKFVMQ2,0.151515,0.848485,point_previews/task000150_mu016384_rho040_n0.png
0.4,16384,8,license_plate_bahnschrift.ttf,CBAGJWPD6YXT0RNZL49E3HSU875KFVMQ2,11,11,1,0.34,10.119289,0.843436,0.953987,CBAGJWPD6YXT0RNZL4S9ES3HSUS7TSKFVMQ2,0.151515,0.848485,point_previews/task000150_mu016384_rho040_n1.png
0.5,16384,8,license_plate_bahnschrift.ttf,CBAGJWPD6YXT0RNZL49E3HSU875KFVMQ2,11,11,0,0.425,11.313708,0.8067,0.853272,CBAGJWPD6YXTRNZL49ESHSUB7TSKFVMQ2,0.151515,0.848485,point_previews/task000150_mu016384_rho050_n0.png
0.5,16384,8,license_plate_bahnschrift.ttf,CBAGJWPD6YXT0RNZL49E3HSU875KFVMQ2,11,11,1,0.425,11.313708,0.8067,0.853272,CBAGJWPD6YXTRNZL4S9ESHSUS7TSKFVMQ2,0.181818,0.818182,point_previews/task000150_mu016384_rho050_n1.png
0.6,16384,8,license_plate_bahnschrift.ttf,CBAGJWPD6YXT0RNZL49E3HSU875KFVMQ2,11,11,0,0.51,12.393547,0.770893,0.778927,CBAGJWPD6YXTRNZL4S9ESHSUB7TSKFVMQ2,0.181818,0.818182,point_previews/task000150_mu016384_rho060_n0.png
0.6,16384,8,license_plate_bahnschrift.ttf,CBAGJWPD6YXT0RNZL49E3HSU875KFVMQ2,11,11,1,0.51,12.393547,0.770893,0.778927,CBAGJWPD6YXTRNZL4S9ESHSUB7TSKFVMQG2,0.212121,0.787879,point_previews/task000150_mu016384_rho060_n1.png
0.7,16384,8,license_plate_bahnschrift.ttf,CBAGJWPD6YXT0RNZL49E3HSU875KFVMQ2,11,11,0,0.595,13.38656,0.735998,0.721147,CBAGJWPD6YXTRNZL49E3HSU87SKFVMQ2,0.060606,0.939394,point_previews/task000150_mu016384_rho070_n0.png
0.7,16384,8,license_plate_bahnschrift.ttf,CBAGJWPD6YXT0RNZL49E3HSU875KFVMQ2,11,11,1,0.595,13.38656,0.735998,0.721147,CBAGJWPD6YXTRNZL4S9ESHSUB7TSKFVMQ2,0.181818,0.818182,point_previews/task000150_mu016384_rho070_n1.png
0.8,16384,8,license_plate_bahnschrift.ttf,CBAGJWPD6YXT0RNZL49E3HSU875KFVMQ2,11,11,0,0.68,14.310835,0.701998,0.674571,CBAGJWPD6YXTRNZL4S9ESHSUB7TSKFVMQ2,0.181818,0.818182,point_previews/task000150_mu016384_rho080_n0.png
0.8,16384,8,license_plate_bahnschrift.ttf,CBAGJWPD6YXT0RNZL49E3HSU875KFVMQ2,11,11,1,0.68,14.310835,0.701998,0.674571,CBAGJWPD6YXTRNZL4SP9ESHSUB7TSKFVMQ2,0.212121,0.787879,point_previews/task000150_mu016384_rho080_n1.png
0.9,16384,8,license_plate_bahnschrift.ttf,CBAGJWPD6YXT0RNZL49E3HSU875KFVMQ2,11,11,0,0.765,15.178933,0.668877,0.635992,CBAGJWPD6YXTRNZL49E3HSUB7TSKFVMQ2,0.121212,0.878788,point_previews/task000150_mu016384_rho090_n0.png
0.9,16384,8,license_plate_bahnschrift.ttf,CBAGJWPD6YXT0RNZL49E3HSU875KFVMQ2,11,11,1,0.765,15.178933,0.668877,0.635992,CBAGJWPD6YXTRNZL49ESHSUB7SKFVMQ2,0.121212,0.878788,point_previews/task000150_mu016384_rho090_n1.png
1.0,16384,8,license_plate_bahnschrift.ttf,CBAGJWPD6YXT0RNZL49E3HSU875KFVMQ2,11,11,0,0.85,16.0,0.63662,0.603355,CBAGJWPD6YXT0RNZL4S9ESHSU87SKFVMQ2,0.090909,0.909091,point_previews/task000150_mu016384_rho100_n0.png
1.0,16384,8,license_plate_bahnschrift.ttf,CBAGJWPD6YXT0RNZL49E3HSU875KFVMQ2,11,11,1,0.85,16.0,0.63662,0.603355,CBAGJWPD6YXT0RNZL4S9E3HSUB87SKFVMQ2,0.090909,0.909091,point_previews/task000150_mu016384_rho100_n1.png
0.1,65536,8,license_plate_bahnschrift.ttf,CBAGJWPD6YXT0RNZL49E3HSU875KFVMQ2,11,11,0,0.085,5.059644,0.959381,1.907975,CBAGJWPD6YATRNZL49ESHSUSTSKEYMD2,0.272727,0.727273,point_previews/task000151_mu065536_rho010_n0.png
0.1,65536,8,license_plate_bahnschrift.ttf,CBAGJWPD6YXT0RNZL49E3HSU875KFVMQ2,11,11,1,0.085,5.059644,0.959381,1.907975,CBAGJWPD6YATURNZL49ESHSUSTSKEYMD2,0.272727,0.727273,point_previews/task000151_mu065536_rho010_n1.png
0.2,65536,8,license_plate_bahnschrift.ttf,CBAGJWPD6YXT0RNZL49E3HSU875KFVMQ2,11,11,0,0.17,7.155418,0.919759,1.349142,CBAGJWPD6YXTURNZL49ESHSUS7TSKEVMQ2,0.181818,0.818182,point_previews/task000151_mu065536_rho020_n0.png
0.2,65536,8,license_plate_bahnschrift.ttf,CBAGJWPD6YXT0RNZL49E3HSU875KFVMQ2,11,11,1,0.17,7.155418,0.919759,1.349142,CBAGJWPD6YXTURNZL49ESHSUS7TSKEVMQ2,0.181818,0.818182,point_previews/task000151_mu065536_rho020_n1.png
0.3,65536,8,license_plate_bahnschrift.ttf,CBAGJWPD6YXT0RNZL49E3HSU875KFVMQ2,11,11,0,0.255,8.763561,0.881116,1.10157,CBAGJWPD6YXTRNZL49ESHSUB7TSKFVMQ2,0.151515,0.848485,point_previews/task000151_mu065536_rho030_n0.png
0.3,65536,8,license_plate_bahnschrift.ttf,CBAGJWPD6YXT0RNZL49E3HSU875KFVMQ2,11,11,1,0.255,8.763561,0.881116,1.10157,CBAGJWPD6YXTRNZL49ESHSUB7TSKFVMQ2,0.151515,0.848485,point_previews/task000151_mu065536_rho030_n1.png
0.4,65536,8,license_plate_bahnschrift.ttf,CBAGJWPD6YXT0RNZL49E3HSU875KFVMQ2,11,11,0,0.34,10.119289,0.843436,0.953987,CBAGJWPD6YXT0RNZL4S9ESHSUS7TSKFVMQG2,0.181818,0.818182,point_previews/task000151_mu065536_rho040_n0.png
0.4,65536,8,license_plate_bahnschrift.ttf,CBAGJWPD6YXT0RNZL49E3HSU875KFVMQ2,11,11,1,0.34,10.119289,0.843436,0.953987,CBAGJWPD6YXT0RNZL4S9ESHSUS7TSKFVMQG2,0.181818,0.818182,point_previews/task000151_mu065536_rho040_n1.png
0.5,65536,8,license_plate_bahnschrift.ttf,CBAGJWPD6YXT0RNZL49E3HSU875KFVMQ2,11,11,0,0.425,11.313708,0.8067,0.853272,CBAGJWPD6YXTRNZL4S9ESHSUB7TSKFVMQ2,0.181818,0.818182,point_previews/task000151_mu065536_rho050_n0.png
0.5,65536,8,license_plate_bahnschrift.ttf,CBAGJWPD6YXT0RNZL49E3HSU875KFVMQ2,11,11,1,0.425,11.313708,0.8067,0.853272,CBAGJWPD6YXTRNZL4S9ES3HSUB7TSKFVMQ2,0.181818,0.818182,point_previews/task000151_mu065536_rho050_n1.png
0.6,65536,8,license_plate_bahnschrift.ttf,CBAGJWPD6YXT0RNZL49E3HSU875KFVMQ2,11,11,0,0.51,12.393547,0.770893,0.778927,CBAGJWPD6YXTRNZL4S9ESHSUBS7TSKFVMQ2,0.212121,0.787879,point_previews/task000151_mu065536_rho060_n0.png
0.6,65536,8,license_plate_bahnschrift.ttf,CBAGJWPD6YXT0RNZL49E3HSU875KFVMQ2,11,11,1,0.51,12.393547,0.770893,0.778927,CBAGJWPD6YXT0RNZL4S9ESHSUBS7TSKFVMQ2,0.181818,0.818182,point_previews/task000151_mu065536_rho060_n1.png
0.7,65536,8,license_plate_bahnschrift.ttf,CBAGJWPD6YXT0RNZL49E3HSU875KFVMQ2,11,11,0,0.595,13.38656,0.735998,0.721147,CBAGJWPD6YXTRNZL4S9ESHSUBTSKFVMQ2,0.181818,0.818182,point_previews/task000151_mu065536_rho070_n0.png
0.7,65536,8,license_plate_bahnschrift.ttf,CBAGJWPD6YXT0RNZL49E3HSU875KFVMQ2,11,11,1,0.595,13.38656,0.735998,0.721147,CBAGJWPD6YXT0RNZL49ESHSU87SKFVMQ2,0.060606,0.939394,point_previews/task000151_mu065536_rho070_n1.png
0.8,65536,8,license_plate_bahnschrift.ttf,CBAGJWPD6YXT0RNZL49E3HSU875KFVMQ2,11,11,0,0.68,14.310835,0.701998,0.674571,CBAGJWPD6YXTRNZL4S9ESHSUB7TSKFVMQ2,0.181818,0.818182,point_previews/task000151_mu065536_rho080_n0.png
0.8,65536,8,license_plate_bahnschrift.ttf,CBAGJWPD6YXT0RNZL49E3HSU875KFVMQ2,11,11,1,0.68,14.310835,0.701998,0.674571,CBAGJWPD6YXTRNZL4S9ESHSUB7TSKFVMQ2,0.181818,0.818182,point_previews/task000151_mu065536_rho080_n1.png
0.9,65536,8,license_plate_bahnschrift.ttf,CBAGJWPD6YXT0RNZL49E3HSU875KFVMQ2,11,11,0,0.765,15.178933,0.668877,0.635992,CBAGJWPD6YXTRNZL49ESHSUB87TSKFVMQ2,0.151515,0.848485,point_previews/task000151_mu065536_rho090_n0.png
0.9,65536,8,license_plate_bahnschrift.ttf,CBAGJWPD6YXT0RNZL49E3HSU875KFVMQ2,11,11,1,0.765,15.178933,0.668877,0.635992,CBAGJWPD6YXTRNZL49E3HSUB7TSKFVMQ2,0.121212,0.878788,point_previews/task000151_mu065536_rho090_n1.png
1.0,65536,8,license_plate_bahnschrift.ttf,CBAGJWPD6YXT0RNZL49E3HSU875KFVMQ2,11,11,0,0.85,16.0,0.63662,0.603355,CBAGJWPD6YXT0RNZL49E3HSU875SKFVMQ2,0.030303,0.969697,point_previews/task000151_mu065536_rho100_n0.png
1.0,65536,8,license_plate_bahnschrift.ttf,CBAGJWPD6YXT0RNZL49E3HSU875KFVMQ2,11,11,1,0.85,16.0,0.63662,0.603355,CBAGJWPD6YXT0RNZL49E3HSU875SKFVMQ2,0.030303,0.969697,point_previews/task000151_mu065536_rho100_n1.png
0.1,4,8,license_plate_bahnschrift.ttf,CBAGJWPD6YXT0RNZL49E3HSU875KFVMQ2,11,15,0,0.085,5.059644,0.959381,1.907975,SEGEACUEENEN,0.909091,0.090909,point_previews/task000152_mu000004_rho010_n0.png
0.1,4,8,license_plate_bahnschrift.ttf,CBAGJWPD6YXT0RNZL49E3HSU875KFVMQ2,11,15,1,0.085,5.059644,0.959381,1.907975,,1.0,0.0,point_previews/task000152_mu000004_rho010_n1.png
0.2,4,8,license_plate_bahnschrift.ttf,CBAGJWPD6YXT0RNZL49E3HSU875KFVMQ2,11,15,0,0.17,7.155418,0.919759,1.349142,RSNRSTV,0.909091,0.090909,point_previews/task000152_mu000004_rho020_n0.png
0.2,4,8,license_plate_bahnschrift.ttf,CBAGJWPD6YXT0RNZL49E3HSU875KFVMQ2,11,15,1,0.17,7.155418,0.919759,1.349142,,1.0,0.0,point_previews/task000152_mu000004_rho020_n1.png
0.3,4,8,license_plate_bahnschrift.ttf,CBAGJWPD6YXT0RNZL49E3HSU875KFVMQ2,11,15,0,0.255,8.763561,0.881116,1.10157,SEANTARLSCRETREC,0.848485,0.151515,point_previews/task000152_mu000004_rho030_n0.png
0.3,4,8,license_plate_bahnschrift.ttf,CBAGJWPD6YXT0RNZL49E3HSU875KFVMQ2,11,15,1,0.255,8.763561,0.881116,1.10157,,1.0,0.0,point_previews/task000152_mu000004_rho030_n1.png
0.4,4,8,license_plate_bahnschrift.ttf,CBAGJWPD6YXT0RNZL49E3HSU875KFVMQ2,11,15,0,0.34,10.119289,0.843436,0.953987,TSCANSHSESEEALBTNS,0.909091,0.090909,point_previews/task000152_mu000004_rho040_n0.png
0.4,4,8,license_plate_bahnschrift.ttf,CBAGJWPD6YXT0RNZL49E3HSU875KFVMQ2,11,15,1,0.34,10.119289,0.843436,0.953987,REDDDCHRRTSSVTCTEURED,0.909091,0.090909,point_previews/task000152_mu000004_rho040_n1.png
0.5,4,8,license_plate_bahnschrift.ttf,CBAGJWPD6YXT0RNZL49E3HSU875KFVMQ2,11,15,0,0.425,11.313708,0.8067,0.853272,SEALRTCNGLSNEALE,0.848485,0.151515,point_previews/task000152_mu000004_rho050_n0.png
0.5,4,8,license_plate_bahnschrift.ttf,CBAGJWPD6YXT0RNZL49E3HSU875KFVMQ2,11,15,1,0.425,11.313708,0.8067,0.853272,RNSRCUTEEG,0.909091,0.090909,point_previews/task000152_mu000004_rho050_n1.png
0.6,4,8,license_plate_bahnschrift.ttf,CBAGJWPD6YXT0RNZL49E3HSU875KFVMQ2,11,15,0,0.51,12.393547,0.770893,0.778927,SAESGUMRRT,0.909091,0.090909,point_previews/task000152_mu000004_rho060_n0.png
0.6,4,8,license_plate_bahnschrift.ttf,CBAGJWPD6YXT0RNZL49E3HSU875KFVMQ2,11,15,1,0.51,12.393547,0.770893,0.778927,FSCRGNPAESPMRTALR,0.909091,0.090909,point_previews/task000152_mu000004_rho060_n1.png
0.7,4,8,license_plate_bahnschrift.ttf,CBAGJWPD6YXT0RNZL49E3HSU875KFVMQ2,11,15,0,0.595,13.38656,0.735998,0.721147,ZRTNTERSUALMSMCNATD,0.878788,0.121212,point_previews/task000152_mu000004_rho070_n0.png
0.7,4,8,license_plate_bahnschrift.ttf,CBAGJWPD6YXT0RNZL49E3HSU875KFVMQ2,11,15,1,0.595,13.38656,0.735998,0.721147,RPET,0.939394,0.060606,point_previews/task000152_mu000004_rho070_n1.png
0.8,4,8,license_plate_bahnschrift.ttf,CBAGJWPD6YXT0RNZL49E3HSU875KFVMQ2,11,15,0,0.68,14.310835,0.701998,0.674571,STRATMPANPTPRSASES,0.848485,0.151515,point_previews/task000152_mu000004_rho080_n0.png
0.8,4,8,license_plate_bahnschrift.ttf,CBAGJWPD6YXT0RNZL49E3HSU875KFVMQ2,11,15,1,0.68,14.310835,0.701998,0.674571,JTCRRSANANRCHGTAGDLRPTMRRTS,0.939394,0.060606,point_previews/task000152_mu000004_rho080_n1.png
0.9,4,8,license_plate_bahnschrift.ttf,CBAGJWPD6YXT0RNZL49E3HSU875KFVMQ2,11,15,0,0.765,15.178933,0.668877,0.635992,SERADVSTAG,0.939394,0.060606,point_previews/task000152_mu000004_rho090_n0.png
0.9,4,8,license_plate_bahnschrift.ttf,CBAGJWPD6YXT0RNZL49E3HSU875KFVMQ2,11,15,1,0.765,15.178933,0.668877,0.635992,ELATAPEASTRHATS,0.848485,0.151515,point_previews/task000152_mu000004_rho090_n1.png
1.0,4,8,license_plate_bahnschrift.ttf,CBAGJWPD6YXT0RNZL49E3HSU875KFVMQ2,11,15,0,0.85,16.0,0.63662,0.603355,SBESSREPDASEMRMESASU,0.818182,0.181818,point_previews/task000152_mu000004_rho100_n0.png
1.0,4,8,license_plate_bahnschrift.ttf,CBAGJWPD6YXT0RNZL49E3HSU875KFVMQ2,11,15,1,0.85,16.0,0.63662,0.603355,EESRRESWMLBSTAS,0.909091,0.090909,point_previews/task000152_mu000004_rho100_n1.png
0.1,16,8,license_plate_bahnschrift.ttf,CBAGJWPD6YXT0RNZL49E3HSU875KFVMQ2,11,15,0,0.085,5.059644,0.959381,1.907975,LRSSRTCRT,0.939394,0.060606,point_previews/task000153_mu000016_rho010_n0.png
0.1,16,8,license_plate_bahnschrift.ttf,CBAGJWPD6YXT0RNZL49E3HSU875KFVMQ2,11,15,1,0.085,5.059644,0.959381,1.907975,,1.0,0.0,point_previews/task000153_mu000016_rho010_n1.png
0.2,16,8,license_plate_bahnschrift.ttf,CBAGJWPD6YXT0RNZL49E3HSU875KFVMQ2,11,15,0,0.17,7.155418,0.919759,1.349142,BEREATBTASCERESULCRTEKEMEAS,0.878788,0.121212,point_previews/task000153_mu000016_rho020_n0.png
0.2,16,8,license_plate_bahnschrift.ttf,CBAGJWPD6YXT0RNZL49E3HSU875KFVMQ2,11,15,1,0.17,7.155418,0.919759,1.349142,SRLESRPYRETEREARAPRT,0.878788,0.121212,point_previews/task000153_mu000016_rho020_n1.png
0.3,16,8,license_plate_bahnschrift.ttf,CBAGJWPD6YXT0RNZL49E3HSU875KFVMQ2,11,15,0,0.255,8.763561,0.881116,1.10157,SAARJPABCRSZCATPAHSLSPLS,0.787879,0.212121,point_previews/task000153_mu000016_rho030_n0.png
0.3,16,8,license_plate_bahnschrift.ttf,CBAGJWPD6YXT0RNZL49E3HSU875KFVMQ2,11,15,1,0.255,8.763561,0.881116,1.10157,ERAGUSPERMRTDEHELATEGHSUGTSATMGE,0.69697,0.30303,point_previews/task000153_mu000016_rho030_n1.png
0.4,16,8,license_plate_bahnschrift.ttf,CBAGJWPD6YXT0RNZL49E3HSU875KFVMQ2,11,15,0,0.34,10.119289,0.843436,0.953987,SCRAGANEDRTRAELMESHBTSREZ,0.757576,0.242424,point_previews/task000153_mu000016_rho040_n0.png
0.4,16,8,license_plate_bahnschrift.ttf,CBAGJWPD6YXT0RNZL49E3HSU875KFVMQ2,11,15,1,0.34,10.119289,0.843436,0.953987,TAGTPARRTURREEETSUEFEMS,0.69697,0.30303,point_previews/task000153_mu000016_rho040_n1.png
0.5,16,8,license_plate_bahnschrift.ttf,CBAGJWPD6YXT0RNZL49E3HSU875KFVMQ2,11,15,0,0.425,11.313708,0.8067,0.853272,EBAGJNPSXTGRNZLEPETHAUATSEMS,0.545455,0.454545,point_previews/task000153_mu000016_rho050_n0.png
0.5,16,8,license_plate_bahnschrift.ttf,CBAGJWPD6YXT0RNZL49E3HSU875KFVMQ2,11,15,1,0.425,11.313708,0.8067,0.853272,SCBASMAPTGATURMZLAPESSUBTSREZ,0.69697,0.30303,point_previews/task000153_mu000016_rho050_n1.png
0.6,16,8,license_plate_bahnschrift.ttf,CBAGJWPD6YXT0RNZL49E3HSU875KFVMQ2,11,15,0,0.51,12.393547,0.770893,0.778927,,1.0,0.0,point_previews/task000153_mu000016_rho060_n0.png
0.6,16,8,license_plate_bahnschrift.ttf,CBAGJWPD6YXT0RNZL49E3HSU875KFVMQ2,11,15,1,0.51,12.393547,0.770893,0.778927,DBAGJWPDSYSTURNZEW9CSHSUBPSKEVMU,0.424242,0.575758,point_previews/task000153_mu000016_rho060_n1.png
0.7,16,8,license_plate_bahnschrift.ttf,CBAGJWPD6YXT0RNZL49E3HSU875KFVMQ2,11,15,0,0.595,13.38656,0.735998,0.721147,CRSGWPDEYXTURNZEESHSUBTSKEYMA2,0.454545,0.545455,point_previews/task000153_mu000016_rho070_n0.png
0.7,16,8,license_plate_bahnschrift.ttf,CBAGJWPD6YXT0RNZL49E3HSU875KFVMQ2,11,15,1,0.595,13.38656,0.735998,0.721147,CBAGJPDEYATARNZGRVESHSURTEKEYMG,0.454545,0.545455,point_previews/task000153_mu000016_rho070_n1.png
0.8,16,8,license_plate_bahnschrift.ttf,CBAGJWPD6YXT0RNZL49E3HSU875KFVMQ2,11,15,0,0.68,14.310835,0.701998,0.674571,SBAGWPDESRTURNZLSUESHSUSTSKEVMG2,0.424242,0.575758,point_previews/task000153_mu000016_rho080_n0.png
0.8,16,8,license_plate_bahnschrift.ttf,CBAGJWPD6YXT0RNZL49E3HSU875KFVMQ2,11,15,1,0.68,14.310835,0.701998,0.674571,CRAGJWPDSYXTURNZSESHSUBTSREVMG2,0.393939,0.606061,point_previews/task000153_mu000016_rho080_n1.png
0.9,16,8,license_plate_bahnschrift.ttf,CBAGJWPD6YXT0RNZL49E3HSU875KFVMQ2,11,15,0,0.765,15.178933,0.668877,0.635992,,1.0,0.0,point_previews/task000153_mu000016_rho090_n0.png
0.9,16,8,license_plate_bahnschrift.ttf,CBAGJWPD6YXT0RNZL49E3HSU875KFVMQ2,11,15,1,0.765,15.178933,0.668877,0.635992,CBAGJWPDEYRTRNZLLQEJHSUBTCKEVMD2,0.333333,0.666667,point_previews/task000153_mu000016_rho090_n1.png
1.0,16,8,license_plate_bahnschrift.ttf,CBAGJWPD6YXT0RNZL49E3HSU875KFVMQ2,11,15,0,0.85,16.0,0.63662,0.603355,,1.0,0.0,point_previews/task000153_mu000016_rho100_n0.png
1.0,16,8,license_plate_bahnschrift.ttf,CBAGJWPD6YXT0RNZL49E3HSU875KFVMQ2,11,15,1,0.85,16.0,0.63662,0.603355,ESAGJWPDEXXTURNZLATESHSURTSXEVMAZ,0.454545,0.545455,point_previews/task000153_mu000016_rho100_n1.png
0.1,64,8,license_plate_bahnschrift.ttf,CBAGJWPD6YXT0RNZL49E3HSU875KFVMQ2,11,15,0,0.085,5.059644,0.959381,1.907975,,1.0,0.0,point_previews/task000154_mu000064_rho010_n0.png
0.1,64,8,license_plate_bahnschrift.ttf,CBAGJWPD6YXT0RNZL49E3HSU875KFVMQ2,11,15,1,0.085,5.059644,0.959381,1.907975,SBAGTNPSRTCRHCLATEAMSLEATSKEW,0.727273,0.272727,point_previews/task000154_mu000064_rho010_n1.png
0.2,64,8,license_plate_bahnschrift.ttf,CBAGJWPD6YXT0RNZL49E3HSU875KFVMQ2,11,15,0,0.17,7.155418,0.919759,1.349142,CBAGUWPBSYXTRNZLSETHSUBTSKEVMGZ,0.393939,0.606061,point_previews/task000154_mu000064_rho020_n0.png
0.2,64,8,license_plate_bahnschrift.ttf,CBAGJWPD6YXT0RNZL49E3HSU875KFVMQ2,11,15,1,0.17,7.155418,0.919759,1.349142,,1.0,0.0,point_previews/task000154_mu000064_rho020_n1.png
0.3,64,8,license_plate_bahnschrift.ttf,CBAGJWPD6YXT0RNZL49E3HSU875KFVMQ2,11,15,0,0.255,8.763561,0.881116,1.10157,CBAGJWPDSYXTURNZLSTEJHSUBTSKEVMGZ,0.333333,0.666667,point_previews/task000154_mu000064_rho030_n0.png
0.3,64,8,license_plate_bahnschrift.ttf,CBAGJWPD6YXT0RNZL49E3HSU875KFVMQ2,11,15,1,0.255,8.763561,0.881116,1.10157,,1.0,0.0,point_previews/task000154_mu000064_rho030_n1.png
0.4,64,8,license_plate_bahnschrift.ttf,CBAGJWPD6YXT0RNZL49E3HSU875KFVMQ2,11,15,0,0.34,10.119289,0.843436,0.953987,CBAGJWPDSYXTURNZL4JESHSUB7SKEVM02,0.242424,0.757576,point_previews/task000154_mu000064_rho040_n0.png
0.4,64,8,license_plate_bahnschrift.ttf,CBAGJWPD6YXT0RNZL49E3HSU875KFVMQ2,11,15,1,0.34,10.119289,0.843436,0.953987,CBAGJWRD6YXTURNZLAPESHSUB7SKFVMGZ,0.272727,0.727273,point_previews/task000154_mu000064_rho040_n1.png
0.5,64,8,license_plate_bahnschrift.ttf,CBAGJWPD6YXT0RNZL49E3HSU875KFVMQ2,11,15,0,0.425,11.313708,0.8067,0.853272,CBAGJWPDSYXTURNZLAESHSUB7SKEVMG2,0.272727,0.727273,point_previews/task000154_mu000064_rho050_n0.png
0.5,64,8,license_plate_bahnschrift.ttf,CBAGJWPD6YXT0RNZL49E3HSU875KFVMQ2,11,15,1,0.425,11.313708,0.8067,0.853272,CBAGJWPDS6YXTURNZLAESHSUBTSKEVMQZ,0.30303,0.69697,point_previews/task000154_mu000064_rho050_n1.png
0.6,64,8,license_plate_bahnschrift.ttf,CBAGJWPD6YXT0RNZL49E3HSU875KFVMQ2,11,15,0,0.51,12.393547,0.770893,0.778927,CBAGJWPDSYXTURNZLASESHSUSTSKEVMG2,0.30303,0.69697,point_previews/task000154_mu000064_rho060_n0.png
0.6,64,8,license_plate_bahnschrift.ttf,CBAGJWPD6YXT0RNZL49E3HSU875KFVMQ2,11,15,1,0.51,12.393547,0.770893,0.778927,CBAGJWPD6YXTRNZL49E3HSUB7SKEVMG2,0.151515,0.848485,point_previews/task000154_mu000064_rho060_n1.png
0.7,64,8,license_plate_bahnschrift.ttf,CBAGJWPD6YXT0RNZL49E3HSU875KFVMQ2,11,15,0,0.595,13.38656,0.735998,0.721147,CBAGJWPDSYXTURNZLGPESHSUBTSKEVMG2,0.30303,0.69697,point_previews/task000154_mu000064_rho070_n0.png
0.7,64,8,license_plate_bahnschrift.ttf,CBAGJWPD6YXT0RNZL49E3HSU875KFVMQ2,11,15,1,0.595,13.38656,0.735998,0.721147,CBAGJWPD6YXTRNZLAJESHSUSTSKEVMG2,0.272727,0.727273,point_previews/task000154_mu000064_rho070_n1.png
0.8,64,8,license_plate_bahnschrift.ttf,CBAGJWPD6YXT0RNZL49E3HSU875KFVMQ2,11,15,0,0.68,14.310835,0.701998,0.674571,CBAGJWPD6YXTURNZL49E3HSUB7SKEVM02,0.151515,0.848485,point_previews/task000154_mu000064_rho080_n0.png
0.8,64,8,license_plate_bahnschrift.ttf,CBAGJWPD6YXT0RNZL49E3HSU875KFVMQ2,11,15,1,0.68,14.310835,0.701998,0.674571,CBAGJWPD65YXTURNZL49E3HSUB7SKFVMG2,0.151515,0.848485,point_previews/task000154_mu000064_rho080_n1.png
0.9,64,8,license_plate_bahnschrift.ttf,CBAGJWPD6YXT0RNZL49E3HSU875KFVMQ2,11,15,0,0.765,15.178933,0.668877,0.635992,CBAGJWPDSYXTURNZLAJESHSUBTSKFVMG2,0.272727,0.727273,point_previews/task000154_mu000064_rho090_n0.png
0.9,64,8,license_plate_bahnschrift.ttf,CBAGJWPD6YXT0RNZL49E3HSU875KFVMQ2,11,15,1,0.765,15.178933,0.668877,0.635992,CBAGJWPD6YXTURNZL49E3HSUS75KEVMG2,0.121212,0.878788,point_previews/task000154_mu000064_rho090_n1.png
1.0,64,8,license_plate_bahnschrift.ttf,CBAGJWPD6YXT0RNZL49E3HSU875KFVMQ2,11,15,0,0.85,16.0,0.63662,0.603355,CBAGJWPDSYXT0RNZL49E3HSUB75KFVMG2,0.090909,0.909091,point_previews/task000154_mu000064_rho100_n0.png
1.0,64,8,license_plate_bahnschrift.ttf,CBAGJWPD6YXT0RNZL49E3HSU875KFVMQ2,11,15,1,0.85,16.0,0.63662,0.603355,CBAGJWPD6YXTRNZL49ESHSUS75KFVMQ2,0.090909,0.909091,point_previews/task000154_mu000064_rho100_n1.png
0.1,256,8,license_plate_bahnschrift.ttf,CBAGJWPD6YXT0RNZL49E3HSU875KFVMQ2,11,15,0,0.085,5.059644,0.959381,1.907975,CBAGJWPD6YXTURNZLAJESHSUBTSKEYMGZ,0.333333,0.666667,point_previews/task000155_mu000256_rho010_n0.png
0.1,256,8,license_plate_bahnschrift.ttf,CBAGJWPD6YXT0RNZL49E3HSU875KFVMQ2,11,15,1,0.085,5.059644,0.959381,1.907975,CBAGJWPDEYXTURNZLASESJNSUSTSKEVMG2,0.363636,0.636364,point_previews/task000155_mu000256_rho010_n1.png
0.2,256,8,license_plate_bahnschrift.ttf,CBAGJWPD6YXT0RNZL49E3HSU875KFVMQ2,11,15,0,0.17,7.155418,0.919759,1.349142,CBAGJWPDSYXTURNZLAJESHSUSTSKEVMQ2,0.272727,0.727273,point_previews/task000155_mu000256_rho020_n0.png
0.2,256,8,license_plate_bahnschrift.ttf,CBAGJWPD6YXT0RNZL49E3HSU875KFVMQ2,11,15,1,0.17,7.155418,0.919759,1.349142,CBAGJWPD6YXTURNZLAESHSUS75KFVMQ2,0.151515,0.848485,point_previews/task000155_mu000256_rho020_n1.png
0.3,256,8,license_plate_bahnschrift.ttf,CBAGJWPD6YXT0RNZL49E3HSU875KFVMQ2,11,15,0,0.255,8.763561,0.881116,1.10157,CBAGJWPD6YXT0RNZL49E3NSUS7SKFYVMG2,0.151515,0.848485,point_previews/task000155_mu000256_rho030_n0.png
0.3,256,8,license_plate_bahnschrift.ttf,CBAGJWPD6YXT0RNZL49E3HSU875KFVMQ2,11,15,1,0.255,8.763561,0.881116,1.10157,CBAGJWPD6YXTURNZL49E3HSUS75KFVYMQ2,0.090909,0.909091,point_previews/task000155_mu000256_rho030_n1.png
0.4,256,8,license_plate_bahnschrift.ttf,CBAGJWPD6YXT0RNZL49E3HSU875KFVMQ2,11,15,0,0.34,10.119289,0.843436,0.953987,CBAGJWPD6YXT0RNZL4PSESHSUB7SKFYMG2,0.212121,0.787879,point_previews/task000155_mu000256_rho040_n0.png
0.4,256,8,license_plate_bahnschrift.ttf,CBAGJWPD6YXT0RNZL49E3HSU875KFVMQ2,11,15,1,0.34,10.119289,0.843436,0.953987,CBAGJWPD6YXT0RNZL49ESJHSUB7TSKEVMG2,0.212121,0.787879,point_previews/task000155_mu000256_rho040_n1.png
0.5,256,8,license_plate_bahnschrift.ttf,CBAGJWPD6YXT0RNZL49E3HSU875KFVMQ2,11,15,0,0.425,11.313708,0.8067,0.853272,CBAGJWPD6YXTRNZL49ESHSUSTSKEFVMQ2,0.181818,0.818182,point_previews/task000155_mu000256_rho050_n0.png
0.5,256,8,license_plate_bahnschrift.ttf,CBAGJWPD6YXT0RNZL49E3HSU875KFVMQ2,11,15,1,0.425,11.313708,0.8067,0.853272,CBAGJWPD6YXT0RNZL49ESHSUS7SKEVMG2,0.151515,0.848485,point_previews/task000155_mu000256_rho050_n1.png
0.6,256,8,license_plate_bahnschrift.ttf,CBAGJWPD6YXT0RNZL49E3HSU875KFVMQ2,11,15,0,0.51,12.393547,0.770893,0.778927,CBAGJWPD6YXT0RNZLSJESHSUB7SKEVMG2,0.212121,0.787879,point_previews/task000155_mu000256_rho060_n0.png
0.6,256,8,license_plate_bahnschrift.ttf,CBAGJWPD6YXT0RNZL49E3HSU875KFVMQ2,11,15,1,0.51,12.393547,0.770893,0.778927,CBAGJWPD6YXT0RNZL4PESHSUBTSKEVMG2,0.212121,0.787879,point_previews/task000155_mu000256_rho060_n1.png
0.7,256,8,license_plate_bahnschrift.ttf,CBAGJWPD6YXT0RNZL49E3HSU875KFVMQ2,11,15,0,0.595,13.38656,0.735998,0.721147,CBAGJWPD6YXT0RNZL49ESHSUS7SKFEVMQG2,0.151515,0.848485,point_previews/task000155_mu000256_rho070_n0.png
0.7,256,8,license_plate_bahnschrift.ttf,CBAGJWPD6YXT0RNZL49E3HSU875KFVMQ2,11,15,1,0.595,13.38656,0.735998,0.721147,CBAGJWPD6YXT0RNZL49ESHSUBS7TSKFVMG2,0.181818,0.818182,point_previews/task000155_mu000256_rho070_n1.png
0.8,256,8,license_plate_bahnschrift.ttf,CBAGJWPD6YXT0RNZL49E3HSU875KFVMQ2,11,15,0,0.68,14.310835,0.701998,0.674571,CBAGJWPD6YXT0RNZL4P9ESHSUBTSKEVMG2,0.212121,0.787879,point_previews/task000155_mu000256_rho080_n0.png
0.8,256,8,license_plate_bahnschrift.ttf,CBAGJWPD6YXT0RNZL49E3HSU875KFVMQ2,11,15,1,0.68,14.310835,0.701998,0.674571,CBAGJWPD6YXT0RNZL49ESHSUB7TSKFEVMG2,0.181818,0.818182,point_previews/task000155_mu000256_rho080_n1.png
0.9,256,8,license_plate_bahnschrift.ttf,CBAGJWPD6YXT0RNZL49E3HSU875KFVMQ2,11,15,0,0.765,15.178933,0.668877,0.635992,CBAGJWPD6YXT0RNZL49ESHSUB7TSKFYVMG2,0.181818,0.818182,point_previews/task000155_mu000256_rho090_n0.png
0.9,256,8,license_plate_bahnschrift.ttf,CBAGJWPD6YXT0RNZL49E3HSU875KFVMQ2,11,15,1,0.765,15.178933,0.668877,0.635992,CBAGJWPD6YXT0RNZLS9JESHSUB7TSKFEVMG2,0.242424,0.757576,point_previews/task000155_mu000256_rho090_n1.png
1.0,256,8,license_plate_bahnschrift.ttf,CBAGJWPD6YXT0RNZL49E3HSU875KFVMQ2,11,15,0,0.85,16.0,0.63662,0.603355,CBAGJWPD6YXT0RNZLSJESHSUB7SKFYVMQG2,0.212121,0.787879,point_previews/task000155_mu000256_rho100_n0.png
1.0,256,8,license_plate_bahnschrift.ttf,CBAGJWPD6YXT0RNZL49E3HSU875KFVMQ2,11,15,1,0.85,16.0,0.63662,0.603355,CBAGJWPD6YXT0RNZL49ESHSUB87TSKFVMG2,0.151515,0.848485,point_previews/task000155_mu000256_rho100_n1.png
0.1,1024,8,license_plate_bahnschrift.ttf,CBAGJWPD6YXT0RNZL49E3HSU875KFVMQ2,11,15,0,0.085,5.059644,0.959381,1.907975,CBAGJWPD6YXTURNZL49ESHSUS75KEYMGZ2,0.212121,0.787879,point_previews/task000156_mu001024_rho010_n0.png
0.1,1024,8,license_plate_bahnschrift.ttf,CBAGJWPD6YXT0RNZL49E3HSU875KFVMQ2,11,15,1,0.085,5.059644,0.959381,1.907975,CBAGJWPD6YXT0RNZL49ESHSUS7SKEYMG2,0.181818,0.818182,point_previews/task000156_mu001024_rho010_n1.png
0.2,1024,8,license_plate_bahnschrift.ttf,CBAGJWPD6YXT0RNZL49E3HSU875KFVMQ2,11,15,0,0.17,7.155418,0.919759,1.349142,CBAGJWPD6YXT0RNZL49ESHSUB7SKFYVMG2,0.151515,0.848485,point_previews/task000156_mu001024_rho020_n0.png
0.2,1024,8,license_plate_bahnschrift.ttf,CBAGJWPD6YXT0RNZL49E3HSU875KFVMQ2,11,15,1,0.17,7.155418,0.919759,1.349142,CBAGJWPD6YXT0RNZLA9ESHSUS7SKEFYVMG2,0.212121,0.787879,point_previews/task000156_mu001024_rho020_n1.png
0.3,1024,8,license_plate_bahnschrift.ttf,CBAGJWPD6YXT0RNZL49E3HSU875KFVMQ2,11,15,0,0.255,8.763561,0.881116,1.10157,CBAGJWPD6YXT0RNZL4S9JESHSUS87SKEVMG2,0.212121,0.787879,point_previews/task000156_mu001024_rho030_n0.png
0.3,1024,8,license_plate_bahnschrift.ttf,CBAGJWPD6YXT0RNZL49E3HSU875KFVMQ2,11,15,1,0.255,8.763561,0.881116,1.10157,CBAGJWPD6YXT0RNZL49ESHSUS75SKFVMG2,0.121212,0.878788,point_previews/task000156_mu001024_rho030_n1.png
0.4,1024,8,license_plate_bahnschrift.ttf,CBAGJWPD6YXT0RNZL49E3HSU875KFVMQ2,11,15,0,0.34,10.119289,0.843436,0.953987,CBAGJWPD6YXT0RNZL49ESHSUB87SKFVMG2,0.121212,0.878788,point_previews/task000156_mu001024_rho040_n0.png
0.4,1024,8,license_plate_bahnschrift.ttf,CBAGJWPD6YXT0RNZL49E3HSU875KFVMQ2,11,15,1,0.34,10.119289,0.843436,0.953987,CBAGJWPD6YXT0RNZL49ESHSUB7SKEVMQG2,0.151515,0.848485,point_previews/task000156_mu001024_rho040_n1.png
0.5,1024,8,license_plate_bahnschrift.ttf,CBAGJWPD6YXT0RNZL49E3HSU875KFVMQ2,11,15,0,0.425,11.313708,0.8067,0.853272,CBAGJWPD6YXT0RNZL49ESHSUB87TSKFYVMG2,0.181818,0.818182,point_previews/task000156_mu001024_rho050_n0.png
0.5,1024,8,license_plate_bahnschrift.ttf,CBAGJWPD6YXT0RNZL49E3HSU875KFVMQ2,11,15,1,0.425,11.313708,0.8067,0.853272,CBAGJWPD6YXT0RNZL4S9ESHSUB87SKEVMG2,0.181818,0.818182,point_previews/task000156_mu001024_rho050_n1.png
0.6,1024,8,license_plate_bahnschrift.ttf,CBAGJWPD6YXT0RNZL49E3HSU875KFVMQ2,11,15,0,0.51,12.393547,0.770893,0.778927,CBAGJWPD6YXT0RNZL49ESHSUB87SKEVMG2,0.151515,0.848485,point_previews/task000156_mu001024_rho060_n0.png
0.6,1024,8,license_plate_bahnschrift.ttf,CBAGJWPD6YXT0RNZL49E3HSU875KFVMQ2,11,15,1,0.51,12.393547,0.770893,0.778927,CBAGJWPD6YXT0RNZL49ESHSUB87SKFYVMG2,0.151515,0.848485,point_previews/task000156_mu001024_rho060_n1.png
0.7,1024,8,license_plate_bahnschrift.ttf,CBAGJWPD6YXT0RNZL49E3HSU875KFVMQ2,11,15,0,0.595,13.38656,0.735998,0.721147,CBAGJWPD6YXT0RNZL49ESHSUB7TSKFVMG2,0.151515,0.848485,point_previews/task000156_mu001024_rho070_n0.png
0.7,1024,8,license_plate_bahnschrift.ttf,CBAGJWPD6YXT0RNZL49E3HSU875KFVMQ2,11,15,1,0.595,13.38656,0.735998,0.721147,CBAGJWPD6YXT0RNZL49E3SHSUB87TSKFYVMG2,0.181818,0.818182,point_previews/task000156_mu001024_rho070_n1.png
0.8,1024,8,license_plate_bahnschrift.ttf,CBAGJWPD6YXT0RNZL49E3HSU875KFVMQ2,11,15,0,0.68,14.310835,0.701998,0.674571,CBAGJWPD6YXT0RNZL4JESHSUB75SKFVMQG2,0.151515,0.848485,point_previews/task000156_mu001024_rho080_n0.png
0.8,1024,8,license_plate_bahnschrift.ttf,CBAGJWPD6YXT0RNZL49E3HSU875KFVMQ2,11,15,1,0.68,14.310835,0.701998,0.674571,CBAGJWPD6YXT0RNZL49ESHSUB7SKFVMQG2,0.121212,0.878788,point_previews/task000156_mu001024_rho080_n1.png
0.9,1024,8,license_plate_bahnschrift.ttf,CBAGJWPD6YXT0RNZL49E3HSU875KFVMQ2,11,15,0,0.765,15.178933,0.668877,0.635992,CBAGJWPD6YXT0RNZL4SJESHSUB87TSKFVMG2,0.212121,0.787879,point_previews/task000156_mu001024_rho090_n0.png
0.9,1024,8,license_plate_bahnschrift.ttf,CBAGJWPD6YXT0RNZL49E3HSU875KFVMQ2,11,15,1,0.765,15.178933,0.668877,0.635992,CBAGJWPD6YXT0RNZL49ESHSUB87TSKEVMG2,0.181818,0.818182,point_previews/task000156_mu001024_rho090_n1.png
1.0,1024,8,license_plate_bahnschrift.ttf,CBAGJWPD6YXT0RNZL49E3HSU875KFVMQ2,11,15,0,0.85,16.0,0.63662,0.603355,CBAGJWPD6YXT0RNZL4PE3HSUB7TSKFVMQ2,0.121212,0.878788,point_previews/task000156_mu001024_rho100_n0.png
1.0,1024,8,license_plate_bahnschrift.ttf,CBAGJWPD6YXT0RNZL49E3HSU875KFVMQ2,11,15,1,0.85,16.0,0.63662,0.603355,CBAGJWPD6YXT0RNZL49ESHSUB7TSKFVMG2,0.151515,0.848485,point_previews/task000156_mu001024_rho100_n1.png
0.1,4096,8,license_plate_bahnschrift.ttf,CBAGJWPD6YXT0RNZL49E3HSU875KFVMQ2,11,15,0,0.085,5.059644,0.959381,1.907975,CBAGJWPD6YXT0RNZL49ESHSUS7SKEYMG2,0.181818,0.818182,point_previews/task000157_mu004096_rho010_n0.png
0.1,4096,8,license_plate_bahnschrift.ttf,CBAGJWPD6YXT0RNZL49E3HSU875KFVMQ2,11,15,1,0.085,5.059644,0.959381,1.907975,CBAGJWPD6YXT0RNZL4A9JESJHSUS7SKFYMG2,0.242424,0.757576,point_previews/task000157_mu004096_rho010_n1.png
0.2,4096,8,license_plate_bahnschrift.ttf,CBAGJWPD6YXT0RNZL49E3HSU875KFVMQ2,11,15,0,0.17,7.155418,0.919759,1.349142,CBAGJWPD6YXT0RNZL49ESHSUS7SKEYMG2,0.181818,0.818182,point_previews/task000157_mu004096_rho020_n0.png
0.2,4096,8,license_plate_bahnschrift.ttf,CBAGJWPD6YXT0RNZL49E3HSU875KFVMQ2,11,15,1,0.17,7.155418,0.919759,1.349142,CBAGJWPD6YXT0RNZL49ESHSUS7SKEVMGZ2,0.181818,0.818182,point_previews/task000157_mu004096_rho020_n1.png
0.3,4096,8,license_plate_bahnschrift.ttf,CBAGJWPD6YXT0RNZL49E3HSU875KFVMQ2,11,15,0,0.255,8.763561,0.881116,1.10157,CBAGJWPD6YXT0RNZL49ESHSUS7SKEVMQG2,0.151515,0.848485,point_previews/task000157_mu004096_rho030_n0.png
0.3,4096,8,license_plate_bahnschrift.ttf,CBAGJWPD6YXT0RNZL49E3HSU875KFVMQ2,11,15,1,0.255,8.763561,0.881116,1.10157,CBAGJWPD6YXT0RNZL49E3HSUS7SKEVMQG2,0.121212,0.878788,point_previews/task000157_mu004096_rho030_n1.png
0.4,4096,8,license_plate_bahnschrift.ttf,CBAGJWPD6YXT0RNZL49E3HSU875KFVMQ2,11,15,0,0.34,10.119289,0.843436,0.953987,CBAGJWPD6YXT0RNZL49ESHSU875SKFVMG2,0.090909,0.909091,point_previews/task000157_mu004096_rho040_n0.png
0.4,4096,8,license_plate_bahnschrift.ttf,CBAGJWPD6YXT0RNZL49E3HSU875KFVMQ2,11,15,1,0.34,10.119289,0.843436,0.953987,CBAGJWPD6YXT0RNZL49E3HSU87SKEVMQG2,0.090909,0.909091,point_previews/task000157_mu004096_rho040_n1.png
0.5,4096,8,license_plate_bahnschrift.ttf,CBAGJWPD6YXT0RNZL49E3HSU875KFVMQ2,11,15,0,0.425,11.313708,0.8067,0.853272,CBAGJWPD6YXT0RNZL49ESHSUB7SKEFVMQG2,0.151515,0.848485,point_previews/task000157_mu004096_rho050_n0.png
0.5,4096,8,license_plate_bahnschrift.ttf,CBAGJWPD6YXT0RNZL49E3HSU875KFVMQ2,11,15,1,0.425,11.313708,0.8067,0.853272,CBAGJWPD6YXT0RNZL49ESHSUB7TSKEFVMQG2,0.181818,0.818182,point_previews/task000157_mu004096_rho050_n1.png
0.6,4096,8,license_plate_bahnschrift.ttf,CBAGJWPD6YXT0RNZL49E3HSU875KFVMQ2,11,15,0,0.51,12.393547,0.770893,0.778927,CBAGJWPD6YXT0RNZL49E3HSUB7SKEVMQG2,0.121212,0.878788,point_previews/task000157_mu004096_rho060_n0.png
0.6,4096,8,license_plate_bahnschrift.ttf,CBAGJWPD6YXT0RNZL49E3HSU875KFVMQ2,11,15,1,0.51,12.393547,0.770893,0.778927,CBAGJWPD6YXT0RNZL49E3SHSUB7SKEVMQG2,0.151515,0.848485,point_previews/task000157_mu004096_rho060_n1.png
0.7,4096,8,license_plate_bahnschrift.ttf,CBAGJWPD6YXT0RNZL49E3HSU875KFVMQ2,11,15,0,0.595,13.38656,0.735998,0.721147,CBAGJWPD6YXT0RNZL49ESHSUB7SKEFVMQ2,0.121212,0.878788,point_previews/task000157_mu004096_rho070_n0.png
0.7,4096,8,license_plate_bahnschrift.ttf,CBAGJWPD6YXT0RNZL49E3HSU875KFVMQ2,11,15,1,0.595,13.38656,0.735998,0.721147,CBAGJWPD6YXT0RNZL49ESHSUB7TSKEFVMQ2,0.151515,0.848485,point_previews/task000157_mu004096_rho070_n1.png
0.8,4096,8,license_plate_bahnschrift.ttf,CBAGJWPD6YXT0RNZL49E3HSU875KFVMQ2,11,15,0,0.68,14.310835,0.701998,0.674571,CBAGJWPD6YXT0RNZL49ESHSUB7SKEVMQG2,0.151515,0.848485,point_previews/task000157_mu004096_rho080_n0.png
0.8,4096,8,license_plate_bahnschrift.ttf,CBAGJWPD6YXT0RNZL49E3HSU875KFVMQ2,11,15,1,0.68,14.310835,0.701998,0.674571,CBAGJWPD6YXT0RNZL49E3SHSUB7SKEFVMQG2,0.151515,0.848485,point_previews/task000157_mu004096_rho080_n1.png
0.9,4096,8,license_plate_bahnschrift.ttf,CBAGJWPD6YXT0RNZL49E3HSU875KFVMQ2,11,15,0,0.765,15.178933,0.668877,0.635992,CBAGJWPD6YXT0RNZL4SJESHSUB7TSKFVMG2,0.212121,0.787879,point_previews/task000157_mu004096_rho090_n0.png
0.9,4096,8,license_plate_bahnschrift.ttf,CBAGJWPD6YXT0RNZL49E3HSU875KFVMQ2,11,15,1,0.765,15.178933,0.668877,0.635992,CBAGJWPD6YXT0RNZL49ESHSUB87SKFVMG2,0.121212,0.878788,point_previews/task000157_mu004096_rho090_n1.png
1.0,4096,8,license_plate_bahnschrift.ttf,CBAGJWPD6YXT0RNZL49E3HSU875KFVMQ2,11,15,0,0.85,16.0,0.63662,0.603355,CBAGJWPD6YXT0RNZL49ESHSUB7SKFEVMQ2,0.121212,0.878788,point_previews/task000157_mu004096_rho100_n0.png
1.0,4096,8,license_plate_bahnschrift.ttf,CBAGJWPD6YXT0RNZL49E3HSU875KFVMQ2,11,15,1,0.85,16.0,0.63662,0.603355,CBAGJWPD6YXT0RNZL49E3SHSUB7TSKFEVMQ2,0.151515,0.848485,point_previews/task000157_mu004096_rho100_n1.png
0.1,16384,8,license_plate_bahnschrift.ttf,CBAGJWPD6YXT0RNZL49E3HSU875KFVMQ2,11,15,0,0.085,5.059644,0.959381,1.907975,CBAGJWPD6YXT0RNZL49ESHSUS7SKEYMG2Z,0.212121,0.787879,point_previews/task000158_mu016384_rho010_n0.png
0.1,16384,8,license_plate_bahnschrift.ttf,CBAGJWPD6YXT0RNZL49E3HSU875KFVMQ2,11,15,1,0.085,5.059644,0.959381,1.907975,CBAGJWPD6YXT0RNZL49ESHSUS7SKEVMG2,0.151515,0.848485,point_previews/task000158_mu016384_rho010_n1.png
0.2,16384,8,license_plate_bahnschrift.ttf,CBAGJWPD6YXT0RNZL49E3HSU875KFVMQ2,11,15,0,0.17,7.155418,0.919759,1.349142,CBAGJWPD6YXT0RNZL49ESHSUS7SKEVMGZ2,0.181818,0.818182,point_previews/task000158_mu016384_rho020_n0.png
0.2,16384,8,license_plate_bahnschrift.ttf,CBAGJWPD6YXT0RNZL49E3HSU875KFVMQ2,11,15,1,0.17,7.155418,0.919759,1.349142,CBAGJWPD6YXT0RNZL49ESHSUS7SKEYMGZ2,0.212121,0.787879,point_previews/task000158_mu016384_rho020_n1.png
0.3,16384,8,license_plate_bahnschrift.ttf,CBAGJWPD6YXT0RNZL49E3HSU875KFVMQ2,11,15,0,0.255,8.763561,0.881116,1.10157,CBAGJWPD6YXT0RNZL49ESHSUBS7SKEFYVMQG2,0.212121,0.787879,point_previews/task000158_mu016384_rho030_n0.png
0.3,16384,8,license_plate_bahnschrift.ttf,CBAGJWPD6YXT0RNZL49E3HSU875KFVMQ2,11,15,1,0.255,8.763561,0.881116,1.10157,CBAGJWPD6YXT0RNZL49E3HSUS7SKEVMQG2,0.121212,0.878788,point_previews/task000158_mu016384_rho030_n1.png
0.4,16384,8,license_plate_bahnschrift.ttf,CBAGJWPD6YXT0RNZL49E3HSU875KFVMQ2,11,15,0,0.34,10.119289,0.843436,0.953987,CBAGJWPD6YXT0RNZL49E3SHSU875SKFVMG2,0.090909,0.909091,point_previews/task000158_mu016384_rho040_n0.png
0.4,16384,8,license_plate_bahnschrift.ttf,CBAGJWPD6YXT0RNZL49E3HSU875KFVMQ2,11,15,1,0.34,10.119289,0.843436,0.953987,CBAGJWPD6YXT0RNZL49ESHSU875KFVMG2,0.060606,0.939394,point_previews/task000158_mu016384_rho040_n1.png
0.5,16384,8,license_plate_bahnschrift.ttf,CBAGJWPD6YXT0RNZL49E3HSU875KFVMQ2,11,15,0,0.425,11.313708,0.8067,0.853272,CBAGJWPD6YXT0RNZL49ESHSUB7TSKEFVMQG2,0.181818,0.818182,point_previews/task000158_mu016384_rho050_n0.png
0.5,16384,8,license_plate_bahnschrift.ttf,CBAGJWPD6YXT0RNZL49E3HSU875KFVMQ2,11,15,1,0.425,11.313708,0.8067,0.853272,CBAGJWPD6YXT0RNZL49ESHSUB7SKEVMQ2,0.121212,0.878788,point_previews/task000158_mu016384_rho050_n1.png
0.6,16384,8,license_plate_bahnschrift.ttf,CBAGJWPD6YXT0RNZL49E3HSU875KFVMQ2,11,15,0,0.51,12.393547,0.770893,0.778927,CBAGJWPD6YXT0RNZL49ESHSUB7SKEVMQG2,0.151515,0.848485,point_previews/task000158_mu016384_rho060_n0.png
0.6,16384,8,license_plate_bahnschrift.ttf,CBAGJWPD6YXT0RNZL49E3HSU875KFVMQ2,11,15,1,0.51,12.393547,0.770893,0.778927,CBAGJWPD6YXT0RNZL49ESHSUB7SKEVMQG2,0.151515,0.848485,point_previews/task000158_mu016384_rho060_n1.png
0.7,16384,8,license_plate_bahnschrift.ttf,CBAGJWPD6YXT0RNZL49E3HSU875KFVMQ2,11,15,0,0.595,13.38656,0.735998,0.721147,CBAGJWPD6YXT0RNZL49ESHSUB7SKEVMQ2,0.121212,0.878788,point_previews/task000158_mu016384_rho070_n0.png
0.7,16384,8,license_plate_bahnschrift.ttf,CBAGJWPD6YXT0RNZL49E3HSU875KFVMQ2,11,15,1,0.595,13.38656,0.735998,0.721147,CBAGJWPD6YXT0RNZL49ESHSUB7SKEVMQ2,0.121212,0.878788,point_previews/task000158_mu016384_rho070_n1.png
0.8,16384,8,license_plate_bahnschrift.ttf,CBAGJWPD6YXT0RNZL49E3HSU875KFVMQ2,11,15,0,0.68,14.310835,0.701998,0.674571,CBAGJWPD6YXT0RNZL49ESHSUB7SKEVMQ2,0.121212,0.878788,point_previews/task000158_mu016384_rho080_n0.png
0.8,16384,8,license_plate_bahnschrift.ttf,CBAGJWPD6YXT0RNZL49E3HSU875KFVMQ2,11,15,1,0.68,14.310835,0.701998,0.674571,CBAGJWPD6YXT0RNZL49ESHSUB7SKEVMQG2,0.151515,0.848485,point_previews/task000158_mu016384_rho080_n1.png
0.9,16384,8,license_plate_bahnschrift.ttf,CBAGJWPD6YXT0RNZL49E3HSU875KFVMQ2,11,15,0,0.765,15.178933,0.668877,0.635992,CBAGJWPD6YXT0RNZL49ESHSUB7TSKFVMQ2,0.121212,0.878788,point_previews/task000158_mu016384_rho090_n0.png
0.9,16384,8,license_plate_bahnschrift.ttf,CBAGJWPD6YXT0RNZL49E3HSU875KFVMQ2,11,15,1,0.765,15.178933,0.668877,0.635992,CBAGJWPD6YXT0RNZL49ESHSUB7TSKFEVMQ2,0.151515,0.848485,point_previews/task000158_mu016384_rho090_n1.png
1.0,16384,8,license_plate_bahnschrift.ttf,CBAGJWPD6YXT0RNZL49E3HSU875KFVMQ2,11,15,0,0.85,16.0,0.63662,0.603355,CBAGJWPD6YXT0RNZL4PE3SHSUB7TSKFEVMQ2,0.181818,0.818182,point_previews/task000158_mu016384_rho100_n0.png
1.0,16384,8,license_plate_bahnschrift.ttf,CBAGJWPD6YXT0RNZL49E3HSU875KFVMQ2,11,15,1,0.85,16.0,0.63662,0.603355,CBAGJWPD6YXT0RNZL49E3SHSUB7TSKFEVMQ2,0.151515,0.848485,point_previews/task000158_mu016384_rho100_n1.png
0.1,65536,8,license_plate_bahnschrift.ttf,CBAGJWPD6YXT0RNZL49E3HSU875KFVMQ2,11,15,0,0.085,5.059644,0.959381,1.907975,CBAGJWPD6YXT0RNZL49ESHSUS7SKEYMG2,0.181818,0.818182,point_previews/task000159_mu065536_rho010_n0.png
0.1,65536,8,license_plate_bahnschrift.ttf,CBAGJWPD6YXT0RNZL49E3HSU875KFVMQ2,11,15,1,0.085,5.059644,0.959381,1.907975,CBAGJWPD6YXT0RNZL49ESHSUS7SKEYMG2,0.181818,0.818182,point_previews/task000159_mu065536_rho010_n1.png
0.2,65536,8,license_plate_bahnschrift.ttf,CBAGJWPD6YXT0RNZL49E3HSU875KFVMQ2,11,15,0,0.17,7.155418,0.919759,1.349142,CBAGJWPD6YXT0RNZL49ESHSUS7SKEVMG2,0.151515,0.848485,point_previews/task000159_mu065536_rho020_n0.png
0.2,65536,8,license_plate_bahnschrift.ttf,CBAGJWPD6YXT0RNZL49E3HSU875KFVMQ2,11,15,1,0.17,7.155418,0.919759,1.349142,CBAGJWPD6YXT0RNZL49ESHSUS7SKEVMQGZ2,0.181818,0.818182,point_previews/task000159_mu065536_rho020_n1.png
0.3,65536,8,license_plate_bahnschrift.ttf,CBAGJWPD6YXT0RNZL49E3HSU875KFVMQ2,11,15,0,0.255,8.763561,0.881116,1.10157,CBAGJWPD6YXT0RNZL49ESHSUBS7SKEVMQG2,0.181818,0.818182,point_previews/task000159_mu065536_rho030_n0.png
0.3,65536,8,license_plate_bahnschrift.ttf,CBAGJWPD6YXT0RNZL49E3HSU875KFVMQ2,11,15,1,0.255,8.763561,0.881116,1.10157,CBAGJWPD6YXT0RNZL49ESHSUS7SKEVMQG2,0.151515,0.848485,point_previews/task000159_mu065536_rho030_n1.png
0.4,65536,8,license_plate_bahnschrift.ttf,CBAGJWPD6YXT0RNZL49E3HSU875KFVMQ2,11,15,0,0.34,10.119289,0.843436,0.953987,CBAGJWPD6YXT0RNZL49E3HSU87SKEVMQG2,0.090909,0.909091,point_previews/task000159_mu065536_rho040_n0.png
0.4,65536,8,license_plate_bahnschrift.ttf,CBAGJWPD6YXT0RNZL49E3HSU875KFVMQ2,11,15,1,0.34,10.119289,0.843436,0.953987,CBAGJWPD6YXT0RNZL49ESHSU87SKFVMG2,0.090909,0.909091,point_previews/task000159_mu065536_rho040_n1.png
0.5,65536,8,license_plate_bahnschrift.ttf,CBAGJWPD6YXT0RNZL49E3HSU875KFVMQ2,11,15,0,0.425,11.313708,0.8067,0.853272,CBAGJWPD6YXT0RNZL49ESHSUB7SKEFVMQG2,0.151515,0.848485,point_previews/task000159_mu065536_rho050_n0.png
0.5,65536,8,license_plate_bahnschrift.ttf,CBAGJWPD6YXT0RNZL49E3HSU875KFVMQ2,11,15,1,0.425,11.313708,0.8067,0.853272,CBAGJWPD6YXT0RNZL49ESHSUB7SKEVMQG2,0.151515,0.848485,point_previews/task000159_mu065536_rho050_n1.png
0.6,65536,8,license_plate_bahnschrift.ttf,CBAGJWPD6YXT0RNZL49E3HSU875KFVMQ2,11,15,0,0.51,12.393547,0.770893,0.778927,CBAGJWPD6YXT0RNZL49ESHSUB7SKEVMQG2,0.151515,0.848485,point_previews/task000159_mu065536_rho060_n0.png
0.6,65536,8,license_plate_bahnschrift.ttf,CBAGJWPD6YXT0RNZL49E3HSU875KFVMQ2,11,15,1,0.51,12.393547,0.770893,0.778927,CBAGJWPD6YXT0RNZL49E3HSUB7SKEVMQG2,0.121212,0.878788,point_previews/task000159_mu065536_rho060_n1.png
0.7,65536,8,license_plate_bahnschrift.ttf,CBAGJWPD6YXT0RNZL49E3HSU875KFVMQ2,11,15,0,0.595,13.38656,0.735998,0.721147,CBAGJWPD6YXT0RNZL49ESHSUB7SKEVMQG2,0.151515,0.848485,point_previews/task000159_mu065536_rho070_n0.png
0.7,65536,8,license_plate_bahnschrift.ttf,CBAGJWPD6YXT0RNZL49E3HSU875KFVMQ2,11,15,1,0.595,13.38656,0.735998,0.721147,CBAGJWPD6YXT0RNZL49ESHSUB7SKEFVMQG2,0.151515,0.848485,point_previews/task000159_mu065536_rho070_n1.png
0.8,65536,8,license_plate_bahnschrift.ttf,CBAGJWPD6YXT0RNZL49E3HSU875KFVMQ2,11,15,0,0.68,14.310835,0.701998,0.674571,CBAGJWPD6YXT0RNZL49E3SHSUB7SKEVMQ2,0.121212,0.878788,point_previews/task000159_mu065536_rho080_n0.png
0.8,65536,8,license_plate_bahnschrift.ttf,CBAGJWPD6YXT0RNZL49E3HSU875KFVMQ2,11,15,1,0.68,14.310835,0.701998,0.674571,CBAGJWPD6YXT0RNZL49E3HSUB7SKEVMQG2,0.121212,0.878788,point_previews/task000159_mu065536_rho080_n1.png
0.9,65536,8,license_plate_bahnschrift.ttf,CBAGJWPD6YXT0RNZL49E3HSU875KFVMQ2,11,15,0,0.765,15.178933,0.668877,0.635992,CBAGJWPD6YXT0RNZL49ESHSUB7TSKFVMQ2,0.121212,0.878788,point_previews/task000159_mu065536_rho090_n0.png
0.9,65536,8,license_plate_bahnschrift.ttf,CBAGJWPD6YXT0RNZL49E3HSU875KFVMQ2,11,15,1,0.765,15.178933,0.668877,0.635992,CBAGJWPD6YXT0RNZL49ESHSUB7TSKFEFVMQG2,0.212121,0.787879,point_previews/task000159_mu065536_rho090_n1.png
1.0,65536,8,license_plate_bahnschrift.ttf,CBAGJWPD6YXT0RNZL49E3HSU875KFVMQ2,11,15,0,0.85,16.0,0.63662,0.603355,CBAGJWPD6YXT0RNZL49E3HSUB7TSKFVMQG2,0.121212,0.878788,point_previews/task000159_mu065536_rho100_n0.png
1.0,65536,8,license_plate_bahnschrift.ttf,CBAGJWPD6YXT0RNZL49E3HSU875KFVMQ2,11,15,1,0.85,16.0,0.63662,0.603355,CBAGJWPD6YXT0RNZL49E3SHSUB7SKFVMQ2,0.090909,0.909091,point_previews/task000159_mu065536_rho100_n1.png
0.1,4,8,license_plate_bahnschrift.ttf,CBAGJWPD6YXT0RNZL49E3HSU875KFVMQ2,15,0,0,0.085,5.059644,0.959381,1.907975,BAESSG,0.878788,0.121212,point_previews/task000160_mu000004_rho010_n0.png
0.1,4,8,license_plate_bahnschrift.ttf,CBAGJWPD6YXT0RNZL49E3HSU875KFVMQ2,15,0,1,0.085,5.059644,0.959381,1.907975,SARRERSESEUCSSDGNMES,0.848485,0.151515,point_previews/task000160_mu000004_rho010_n1.png
0.2,4,8,license_plate_bahnschrift.ttf,CBAGJWPD6YXT0RNZL49E3HSU875KFVMQ2,15,0,0,0.17,7.155418,0.919759,1.349142,DEFLAMPEAUBEBTECTRS,0.909091,0.090909,point_previews/task000160_mu000004_rho020_n0.png
0.2,4,8,license_plate_bahnschrift.ttf,CBAGJWPD6YXT0RNZL49E3HSU875KFVMQ2,15,0,1,0.17,7.155418,0.919759,1.349142,ERURRSSMEMATRETTEMEA,0.878788,0.121212,point_previews/task000160_mu000004_rho020_n1.png
0.3,4,8,license_plate_bahnschrift.ttf,CBAGJWPD6YXT0RNZL49E3HSU875KFVMQ2,15,0,0,0.255,8.763561,0.881116,1.10157,AGL2SPCRSPRE,0.878788,0.121212,point_previews/task000160_mu000004_rho030_n0.png
0.3,4,8,license_plate_bahnschrift.ttf,CBAGJWPD6YXT0RNZL49E3HSU875KFVMQ2,15,0,1,0.255,8.763561,0.881116,1.10157,RASSYBPWAS,0.909091,0.090909,point_previews/task000160_mu000004_rho030_n1.png
0.4,4,8,license_plate_bahnschrift.ttf,CBAGJWPD6YXT0RNZL49E3HSU875KFVMQ2,15,0,0,0.34,10.119289,0.843436,0.953987,URRBCPTR,0.909091,0.090909,point_previews/task000160_mu000004_rho040_n0.png
0.4,4,8,license_plate_bahnschrift.ttf,CBAGJWPD6YXT0RNZL49E3HSU875KFVMQ2,15,0,1,0.34,10.119289,0.843436,0.953987,SREGRSAH2SRNT,0.909091,0.090909,point_previews/task000160_mu000004_rho040_n1.png
0.5,4,8,license_plate_bahnschrift.ttf,CBAGJWPD6YXT0RNZL49E3HSU875KFVMQ2,15,0,0,0.425,11.313708,0.8067,0.853272,GCPRSRDETTALCTUNCTALNLS,0.878788,0.121212,point_previews/task000160_mu000004_rho050_n0.png
0.5,4,8,license_plate_bahnschrift.ttf,CBAGJWPD6YXT0RNZL49E3HSU875KFVMQ2,15,0,1,0.425,11.313708,0.8067,0.853272,,1.0,0.0,point_previews/task000160_mu000004_rho050_n1.png
0.6,4,8,license_plate_bahnschrift.ttf,CBAGJWPD6YXT0RNZL49E3HSU875KFVMQ2,15,0,0,0.51,12.393547,0.770893,0.778927,ATENRRAETBRRTCPE,0.878788,0.121212,point_previews/task000160_mu000004_rho060_n0.png
0.6,4,8,license_plate_bahnschrift.ttf,CBAGJWPD6YXT0RNZL49E3HSU875KFVMQ2,15,0,1,0.51,12.393547,0.770893,0.778927,BTNERGUCNRSENETTRALPLMESERS,0.909091,0.090909,point_previews/task000160_mu000004_rho060_n1.png
0.7,4,8,license_plate_bahnschrift.ttf,CBAGJWPD6YXT0RNZL49E3HSU875KFVMQ2,15,0,0,0.595,13.38656,0.735998,0.721147,RPSTUAGAATNASPA64,0.909091,0.090909,point_previews/task000160_mu000004_rho070_n0.png
0.7,4,8,license_plate_bahnschrift.ttf,CBAGJWPD6YXT0RNZL49E3HSU875KFVMQ2,15,0,1,0.595,13.38656,0.735998,0.721147,,1.0,0.0,point_previews/task000160_mu000004_rho070_n1.png
0.8,4,8,license_plate_bahnschrift.ttf,CBAGJWPD6YXT0RNZL49E3HSU875KFVMQ2,15,0,0,0.68,14.310835,0.701998,0.674571,DESHSMPUTRVRTRAALTMEES,0.848485,0.151515,point_previews/task000160_mu000004_rho080_n0.png
0.8,4,8,license_plate_bahnschrift.ttf,CBAGJWPD6YXT0RNZL49E3HSU875KFVMQ2,15,0,1,0.68,14.310835,0.701998,0.674571,WEAGFHSPES,0.878788,0.121212,point_previews/task000160_mu000004_rho080_n1.png
0.9,4,8,license_plate_bahnschrift.ttf,CBAGJWPD6YXT0RNZL49E3HSU875KFVMQ2,15,0,0,0.765,15.178933,0.668877,0.635992,EDRTRPAPETTRPELSCFERYGAES,0.848485,0.151515,point_previews/task000160_mu000004_rho090_n0.png
0.9,4,8,license_plate_bahnschrift.ttf,CBAGJWPD6YXT0RNZL49E3HSU875KFVMQ2,15,0,1,0.765,15.178933,0.668877,0.635992,AEDAYSTTMNBGAA,0.848485,0.151515,point_previews/task000160_mu000004_rho090_n1.png
1.0,4,8,license_plate_bahnschrift.ttf,CBAGJWPD6YXT0RNZL49E3HSU875KFVMQ2,15,0,0,0.85,16.0,0.63662,0.603355,,1.0,0.0,point_previews/task000160_mu000004_rho100_n0.png
1.0,4,8,license_plate_bahnschrift.ttf,CBAGJWPD6YXT0RNZL49E3HSU875KFVMQ2,15,0,1,0.85,16.0,0.63662,0.603355,FRTDEVRTEGLEDETG958BHE,0.848485,0.151515,point_previews/task000160_mu000004_rho100_n1.png
0.1,16,8,license_plate_bahnschrift.ttf,CBAGJWPD6YXT0RNZL49E3HSU875KFVMQ2,15,0,0,0.085,5.059644,0.959381,1.907975,BRCCRUHSTAKTSNULESU,0.818182,0.181818,point_previews/task000161_mu000016_rho010_n0.png
0.1,16,8,license_plate_bahnschrift.ttf,CBAGJWPD6YXT0RNZL49E3HSU875KFVMQ2,15,0,1,0.085,5.059644,0.959381,1.907975,SCRLTPMARTRRNTEEGUGSSTRRNSHR,0.848485,0.151515,point_previews/task000161_mu000016_rho010_n1.png
0.2,16,8,license_plate_bahnschrift.ttf,CBAGJWPD6YXT0RNZL49E3HSU875KFVMQ2,15,0,0,0.17,7.155418,0.919759,1.349142,EESHERGERCHRASP,0.939394,0.060606,point_previews/task000161_mu000016_rho020_n0.png
0.2,16,8,license_plate_bahnschrift.ttf,CBAGJWPD6YXT0RNZL49E3HSU875KFVMQ2,15,0,1,0.17,7.155418,0.919759,1.349142,URAAUNRDSUCLAGRESRTSARMESTR,0.878788,0.121212,point_previews/task000161_mu000016_rho020_n1.png
0.3,16,8,license_plate_bahnschrift.ttf,CBAGJWPD6YXT0RNZL49E3HSU875KFVMQ2,15,0,0,0.255,8.763561,0.881116,1.10157,PRSBWRUGEXTURNZEMSE34SUEA,0.69697,0.30303,point_previews/task000161_mu000016_rho030_n0.png
0.3,16,8,license_plate_bahnschrift.ttf,CBAGJWPD6YXT0RNZL49E3HSU875KFVMQ2,15,0,1,0.255,8.763561,0.881116,1.10157,SPSAGTVEDGRTSRNZEEBESUBTSKEG,0.69697,0.30303,point_previews/task000161_mu000016_rho030_n1.png
0.4,16,8,license_plate_bahnschrift.ttf,CBAGJWPD6YXT0RNZL49E3HSU875KFVMQ2,15,0,0,0.34,10.119289,0.843436,0.953987,CRABSWPRSYXTURNG20E3SUBTSKEV,0.545455,0.454545,point_previews/task000161_mu000016_rho040_n0.png
0.4,16,8,license_plate_bahnschrift.ttf,CBAGJWPD6YXT0RNZL49E3HSU875KFVMQ2,15,0,1,0.34,10.119289,0.843436,0.953987,SCRAGHYPDSYATURNZEB9FTASUBTSCRHS,0.636364,0.363636,point_previews/task000161_mu000016_rho040_n1.png
0.5,16,8,license_plate_bahnschrift.ttf,CBAGJWPD6YXT0RNZL49E3HSU875KFVMQ2,15,0,0,0.425,11.313708,0.8067,0.853272,SUBAGTWED6YXTURNZLAPESMSUBTSKEYMDZ,0.484848,0.515152,point_previews/task000161_mu000016_rho050_n0.png
0.5,16,8,license_plate_bahnschrift.ttf,CBAGJWPD6YXT0RNZL49E3HSU875KFVMQ2,15,0,1,0.425,11.313708,0.8067,0.853272,CBAGJWPDSYATARNZLSPEBMSURTKEVAQZ,0.393939,0.606061,point_previews/task000161_mu000016_rho050_n1.png
0.6,16,8,license_plate_bahnschrift.ttf,CBAGJWPD6YXT0RNZL49E3HSU875KFVMQ2,15,0,0,0.51,12.393547,0.770893,0.778927,CRACNPDBYETGRNAESHSUSTKEVMRS,0.545455,0.454545,point_previews/task000161_mu000016_rho060_n0.png
0.6,16,8,license_plate_bahnschrift.ttf,CBAGJWPD6YXT0RNZL49E3HSU875KFVMQ2,15,0,1,0.51,12.393547,0.770893,0.778927,PBNGWEDSYRTURNZESFESHSUBTSKEVMGZ,0.515152,0.484848,point_previews/task000161_mu000016_rho060_n1.png
0.7,16,8,license_plate_bahnschrift.ttf,CBAGJWPD6YXT0RNZL49E3HSU875KFVMQ2,15,0,0,0.595,13.38656,0.735998,0.721147,ACBAGWEDEYXTURNZCATESHSUBTSKEWGZ,0.515152,0.484848,point_previews/task000161_mu000016_rho070_n0.png
0.7,16,8,license_plate_bahnschrift.ttf,CBAGJWPD6YXT0RNZL49E3HSU875KFVMQ2,15,0,1,0.595,13.38656,0.735998,0.721147,CBAGJWPDBYXTARNZES9ESHSUETSKPYMG2,0.333333,0.666667,point_previews/task000161_mu000016_rho070_n1.png
0.8,16,8,license_plate_bahnschrift.ttf,CBAGJWPD6YXT0RNZL49E3HSU875KFVMQ2,15,0,0,0.68,14.310835,0.701998,0.674571,CBAGSWPDSYXTARVZEAPESHSUBTSKEVMR2,0.393939,0.606061,point_previews/task000161_mu000016_rho080_n0.png
0.8,16,8,license_plate_bahnschrift.ttf,CBAGJWPD6YXT0RNZL49E3HSU875KFVMQ2,15,0,1,0.68,14.310835,0.701998,0.674571,SEEAGPYPD6YATRNZCAPEANSUSTSKFVMD2,0.484848,0.515152,point_previews/task000161_mu000016_rho080_n1.png
0.9,16,8,license_plate_bahnschrift.ttf,CBAGJWPD6YXT0RNZL49E3HSU875KFVMQ2,15,0,0,0.765,15.178933,0.668877,0.635992,,1.0,0.0,point_previews/task000161_mu000016_rho090_n0.png
0.9,16,8,license_plate_bahnschrift.ttf,CBAGJWPD6YXT0RNZL49E3HSU875KFVMQ2,15,0,1,0.765,15.178933,0.668877,0.635992,CRAGJWPDGYATRNZEASESHSUS7SKEYMG2,0.393939,0.606061,point_previews/task000161_mu000016_rho090_n1.png
1.0,16,8,license_plate_bahnschrift.ttf,CBAGJWPD6YXT0RNZL49E3HSU875KFVMQ2,15,0,0,0.85,16.0,0.63662,0.603355,CBAGWEDSYRTGRNZEWPESHSUSTSKFVHG2,0.424242,0.575758,point_previews/task000161_mu000016_rho100_n0.png
1.0,16,8,license_plate_bahnschrift.ttf,CBAGJWPD6YXT0RNZL49E3HSU875KFVMQ2,15,0,1,0.85,16.0,0.63662,0.603355,,1.0,0.0,point_previews/task000161_mu000016_rho100_n1.png
0.1,64,8,license_plate_bahnschrift.ttf,CBAGJWPD6YXT0RNZL49E3HSU875KFVMQ2,15,0,0,0.085,5.059644,0.959381,1.907975,SBACTMPCAYNTCRZEMPESHSUBTSKRVMGZ,0.575758,0.424242,point_previews/task000162_mu000064_rho010_n0.png
0.1,64,8,license_plate_bahnschrift.ttf,CBAGJWPD6YXT0RNZL49E3HSU875KFVMQ2,15,0,1,0.085,5.059644,0.959381,1.907975,CRABSWRHSYRTURNZLGSESHSUBTSKEUHMG2,0.545455,0.454545,point_previews/task000162_mu000064_rho010_n1.png
0.2,64,8,license_plate_bahnschrift.ttf,CBAGJWPD6YXT0RNZL49E3HSU875KFVMQ2,15,0,0,0.17,7.155418,0.919759,1.349142,,1.0,0.0,point_previews/task000162_mu000064_rho020_n0.png
0.2,64,8,license_plate_bahnschrift.ttf,CBAGJWPD6YXT0RNZL49E3HSU875KFVMQ2,15,0,1,0.17,7.155418,0.919759,1.349142,,1.0,0.0,point_previews/task000162_mu000064_rho020_n1.png
0.3,64,8,license_plate_bahnschrift.ttf,CBAGJWPD6YXT0RNZL49E3HSU875KFVMQ2,15,0,0,0.255,8.763561,0.881116,1.10157,CBAGJWPD6YXTRNZLAVESHSUBTSKFYMG2,0.272727,0.727273,point_previews/task000162_mu000064_rho030_n0.png
0.3,64,8,license_plate_bahnschrift.ttf,CBAGJWPD6YXT0RNZL49E3HSU875KFVMQ2,15,0,1,0.255,8.763561,0.881116,1.10157,CBAGUWPDSYXTURNZLA9ESHSUS7SKFVMB2,0.242424,0.757576,point_previews/task000162_mu000064_rho030_n1.png
0.4,64,8,license_plate_bahnschrift.ttf,CBAGJWPD6YXT0RNZL49E3HSU875KFVMQ2,15,0,0,0.34,10.119289,0.843436,0.953987,CBAGJWPDSYXTURNZLAPESHSUBTSKFVMG2,0.272727,0.727273,point_previews/task000162_mu000064_rho040_n0.png
0.4,64,8,license_plate_bahnschrift.ttf,CBAGJWPD6YXT0RNZL49E3HSU875KFVMQ2,15,0,1,0.34,10.119289,0.843436,0.953987,CBAGJWPDSYXTURNZL49ESHSUBTSKFVM02,0.212121,0.787879,point_previews/task000162_mu000064_rho040_n1.png
0.5,64,8,license_plate_bahnschrift.ttf,CBAGJWPD6YXT0RNZL49E3HSU875KFVMQ2,15,0,0,0.425,11.313708,0.8067,0.853272,CBAGJWPDGYXT0RNZL4PESHSUBTSKFYMG2,0.242424,0.757576,point_previews/task000162_mu000064_rho050_n0.png
0.5,64,8,license_plate_bahnschrift.ttf,CBAGJWPD6YXT0RNZL49E3HSU875KFVMQ2,15,0,1,0.425,11.313708,0.8067,0.853272,CBAGJWPDSYXTURNZEGPESHSUBTSKFYMG2,0.333333,0.666667,point_previews/task000162_mu000064_rho050_n1.png
0.6,64,8,license_plate_bahnschrift.ttf,CBAGJWPD6YXT0RNZL49E3HSU875KFVMQ2,15,0,0,0.51,12.393547,0.770893,0.778927,CBAGJWPD6YXTURNZL4SESHSUS7SKFVMQ2,0.151515,0.848485,point_previews/task000162_mu000064_rho060_n0.png
0.6,64,8,license_plate_bahnschrift.ttf,CBAGJWPD6YXT0RNZL49E3HSU875KFVMQ2,15,0,1,0.51,12.393547,0.770893,0.778927,CBAGJWPD46YXT0RNZL49ESHSU875KFYMG2,0.121212,0.878788,point_previews/task000162_mu000064_rho060_n1.png
0.7,64,8,license_plate_bahnschrift.ttf,CBAGJWPD6YXT0RNZL49E3HSU875KFVMQ2,15,0,0,0.595,13.38656,0.735998,0.721147,CBAGJWPDSYXTRNZLAPESHSU8TSKFVMQ2,0.212121,0.787879,point_previews/task000162_mu000064_rho070_n0.png
0.7,64,8,license_plate_bahnschrift.ttf,CBAGJWPD6YXT0RNZL49E3HSU875KFVMQ2,15,0,1,0.595,13.38656,0.735998,0.721147,CBAGJWPD6YXTURNZL4PESHSUB75KFVMG2,0.151515,0.848485,point_previews/task000162_mu000064_rho070_n1.png
0.8,64,8,license_plate_bahnschrift.ttf,CBAGJWPD6YXT0RNZL49E3HSU875KFVMQ2,15,0,0,0.68,14.310835,0.701998,0.674571,CBAGJWPD6YXTURNZL49E3HSUB7SKFVYMG2,0.151515,0.848485,point_previews/task000162_mu000064_rho080_n0.png
0.8,64,8,license_plate_bahnschrift.ttf,CBAGJWPD6YXT0RNZL49E3HSU875KFVMQ2,15,0,1,0.68,14.310835,0.701998,0.674571,CBAGJWPD6YXTURNZL49E3HSUB75KFVMG2,0.090909,0.909091,point_previews/task000162_mu000064_rho080_n1.png
0.9,64,8,license_plate_bahnschrift.ttf,CBAGJWPD6YXT0RNZL49E3HSU875KFVMQ2,15,0,0,0.765,15.178933,0.668877,0.635992,CBAGJWPD4YXT0RNZL49E3HSUB75KFVMQ2,0.060606,0.939394,point_previews/task000162_mu000064_rho090_n0.png
0.9,64,8,license_plate_bahnschrift.ttf,CBAGJWPD6YXT0RNZL49E3HSU875KFVMQ2,15,0,1,0.765,15.178933,0.668877,0.635992,CBAGJWPD6YXT0RNZL4PESHSUB75KFVMG2,0.121212,0.878788,point_previews/task000162_mu000064_rho090_n1.png
1.0,64,8,license_plate_bahnschrift.ttf,CBAGJWPD6YXT0RNZL49E3HSU875KFVMQ2,15,0,0,0.85,16.0,0.63662,0.603355,CBAGJWPD6YXT0RNZL49E3HSU87T5KFVMG2,0.060606,0.939394,point_previews/task000162_mu000064_rho100_n0.png
1.0,64,8,license_plate_bahnschrift.ttf,CBAGJWPD6YXT0RNZL49E3HSU875KFVMQ2,15,0,1,0.85,16.0,0.63662,0.603355,CBAGJWPD6YXTRNZLASESHSUB75KFYMQ2,0.181818,0.818182,point_previews/task000162_mu000064_rho100_n1.png
0.1,256,8,license_plate_bahnschrift.ttf,CBAGJWPD6YXT0RNZL49E3HSU875KFVMQ2,15,0,0,0.085,5.059644,0.959381,1.907975,CBAGJWPDS6YXTURNZES9SESHSUS7SKFVM2,0.272727,0.727273,point_previews/task000163_mu000256_rho010_n0.png
0.1,256,8,license_plate_bahnschrift.ttf,CBAGJWPD6YXT0RNZL49E3HSU875KFVMQ2,15,0,1,0.085,5.059644,0.959381,1.907975,CBAGJWPDS6YXTURNZLA9ESHSUSTSKFVMG2,0.242424,0.757576,point_previews/task000163_mu000256_rho010_n1.png
0.2,256,8,license_plate_bahnschrift.ttf,CBAGJWPD6YXT0RNZL49E3HSU875KFVMQ2,15,0,0,0.17,7.155418,0.919759,1.349142,CBAGJWPDSYXT0RNZL49E3HSUB75KFVMG2,0.090909,0.909091,point_previews/task000163_mu000256_rho020_n0.png
0.2,256,8,license_plate_bahnschrift.ttf,CBAGJWPD6YXT0RNZL49E3HSU875KFVMQ2,15,0,1,0.17,7.155418,0.919759,1.349142,CBAGJWPD6YXTURNZL49ESHSUS7TSKFYMG2,0.212121,0.787879,point_previews/task000163_mu000256_rho020_n1.png
0.3,256,8,license_plate_bahnschrift.ttf,CBAGJWPD6YXT0RNZL49E3HSU875KFVMQ2,15,0,0,0.255,8.763561,0.881116,1.10157,CBAGJWPD6YXTURNZL49E3HSU87SKFVMG2,0.090909,0.909091,point_previews/task000163_mu000256_rho030_n0.png
0.3,256,8,license_plate_bahnschrift.ttf,CBAGJWPD6YXT0RNZL49E3HSU875KFVMQ2,15,0,1,0.255,8.763561,0.881116,1.10157,CBAGJWPD6YXTURNZL49E3HSU875KFVMG2,0.060606,0.939394,point_previews/task000163_mu000256_rho030_n1.png
0.4,256,8,license_plate_bahnschrift.ttf,CBAGJWPD6YXT0RNZL49E3HSU875KFVMQ2,15,0,0,0.34,10.119289,0.843436,0.953987,CBAGJWPD6YXT0RNZL49E3HSUS75KFEVMG2,0.090909,0.909091,point_previews/task000163_mu000256_rho040_n0.png
0.4,256,8,license_plate_bahnschrift.ttf,CBAGJWPD6YXT0RNZL49E3HSU875KFVMQ2,15,0,1,0.34,10.119289,0.843436,0.953987,CBAGJWPD6YXT0RNZL4PESHSUS7SKFVMQG2,0.151515,0.848485,point_previews/task000163_mu000256_rho040_n1.png
0.5,256,8,license_plate_bahnschrift.ttf,CBAGJWPD6YXT0RNZL49E3HSU875KFVMQ2,15,0,0,0.425,11.313708,0.8067,0.853272,CBAGJWPD6YXT0RNZL4APE3HSU87SKFVMG2,0.121212,0.878788,point_previews/task000163_mu000256_rho050_n0.png
0.5,256,8,license_plate_bahnschrift.ttf,CBAGJWPD6YXT0RNZL49E3HSU875KFVMQ2,15,0,1,0.425,11.313708,0.8067,0.853272,CBAGJWPD6YXT0RNZL49E3HSU87SKFVMG2,0.060606,0.939394,point_previews/task000163_mu000256_rho050_n1.png
0.6,256,8,license_plate_bahnschrift.ttf,CBAGJWPD6YXT0RNZL49E3HSU875KFVMQ2,15,0,0,0.51,12.393547,0.770893,0.778927,CBAGJWPD6YXTURNZL49E3HSU87SKFVMQG2,0.090909,0.909091,point_previews/task000163_mu000256_rho060_n0.png
0.6,256,8,license_plate_bahnschrift.ttf,CBAGJWPD6YXT0RNZL49E3HSU875KFVMQ2,15,0,1,0.51,12.393547,0.770893,0.778927,CBAGJWPD6YXT0RNZL49E3HSUB87SKFVMQG2,0.090909,0.909091,point_previews/task000163_mu000256_rho060_n1.png
0.7,256,8,license_plate_bahnschrift.ttf,CBAGJWPD6YXT0RNZL49E3HSU875KFVMQ2,15,0,0,0.595,13.38656,0.735998,0.721147,CBAGJWPD6YXT0RNZL49E3HSU87SKFYVMG2,0.090909,0.909091,point_previews/task000163_mu000256_rho070_n0.png
0.7,256,8,license_plate_bahnschrift.ttf,CBAGJWPD6YXT0RNZL49E3HSU875KFVMQ2,15,0,1,0.595,13.38656,0.735998,0.721147,CBAGJWPD6YXT0RNZL49E3HSUS75KFVMQ2,0.030303,0.969697,point_previews/task000163_mu000256_rho070_n1.png
0.8,256,8,license_plate_bahnschrift.ttf,CBAGJWPD6YXT0RNZL49E3HSU875KFVMQ2,15,0,0,0.68,14.310835,0.701998,0.674571,CBAGJWPD6YXT0RNZL49E3HSU875KFVMQG2,0.030303,0.969697,point_previews/task000163_mu000256_rho080_n0.png
0.8,256,8,license_plate_bahnschrift.ttf,CBAGJWPD6YXT0RNZL49E3HSU875KFVMQ2,15,0,1,0.68,14.310835,0.701998,0.674571,CBAGJWPD6YXT0RNZL49ESHSUB7TSKFVMQ2,0.121212,0.878788,point_previews/task000163_mu000256_rho080_n1.png
0.9,256,8,license_plate_bahnschrift.ttf,CBAGJWPD6YXT0RNZL49E3HSU875KFVMQ2,15,0,0,0.765,15.178933,0.668877,0.635992,CBAGJWPD6YXT0RNZL49E3HSU875SKFVMQ2,0.030303,0.969697,point_previews/task000163_mu000256_rho090_n0.png
0.9,256,8,license_plate_bahnschrift.ttf,CBAGJWPD6YXT0RNZL49E3HSU875KFVMQ2,15,0,1,0.765,15.178933,0.668877,0.635992,CBAGJWPD6YXT0RNZL49E3SHSUB875SKFVMQG2,0.121212,0.878788,point_previews/task000163_mu000256_rho090_n1.png
1.0,256,8,license_plate_bahnschrift.ttf,CBAGJWPD6YXT0RNZL49E3HSU875KFVMQ2,15,0,0,0.85,16.0,0.63662,0.603355,CBAGJWPD6YXT0RNZL49E3HSU87SKFVMQ2,0.030303,0.969697,point_previews/task000163_mu000256_rho100_n0.png
1.0,256,8,license_plate_bahnschrift.ttf,CBAGJWPD6YXT0RNZL49E3HSU875KFVMQ2,15,0,1,0.85,16.0,0.63662,0.603355,CBAGJWPD6YXT0RNZL49E3SHSU87SKFVMQ2,0.060606,0.939394,point_previews/task000163_mu000256_rho100_n1.png
0.1,1024,8,license_plate_bahnschrift.ttf,CBAGJWPD6YXT0RNZL49E3HSU875KFVMQ2,15,0,0,0.085,5.059644,0.959381,1.907975,CBAGJWPD6YXT0RNZL49ESHSUS7SKFYMG2,0.151515,0.848485,point_previews/task000164_mu001024_rho010_n0.png
0.1,1024,8,license_plate_bahnschrift.ttf,CBAGJWPD6YXT0RNZL49E3HSU875KFVMQ2,15,0,1,0.085,5.059644,0.959381,1.907975,CBAGJWPDS6YXT0RNZL4PE3HSUS7SKFVMG2,0.151515,0.848485,point_previews/task000164_mu001024_rho010_n1.png
0.2,1024,8,license_plate_bahnschrift.ttf,CBAGJWPD6YXT0RNZL49E3HSU875KFVMQ2,15,0,0,0.17,7.155418,0.919759,1.349142,CBAGJWPD6YXT0RNZL49E3HSUBS7SKFVMG2,0.121212,0.878788,point_previews/task000164_mu001024_rho020_n0.png
0.2,1024,8,license_plate_bahnschrift.ttf,CBAGJWPD6YXT0RNZL49E3HSU875KFVMQ2,15,0,1,0.17,7.155418,0.919759,1.349142,CBAGJWPD6YXTRNZL49E3HSUS75KFVMG2,0.090909,0.909091,point_previews/task000164_mu001024_rho020_n1.png
0.3,1024,8,license_plate_bahnschrift.ttf,CBAGJWPD6YXT0RNZL49E3HSU875KFVMQ2,15,0,0,0.255,8.763561,0.881116,1.10157,CBAGJWPD6YXTURNZL49E3HSU875SKFVMG2,0.090909,0.909091,point_previews/task000164_mu001024_rho030_n0.png
0.3,1024,8,license_plate_bahnschrift.ttf,CBAGJWPD6YXT0RNZL49E3HSU875KFVMQ2,15,0,1,0.255,8.763561,0.881116,1.10157,CBAGJWPD6YXTURNZL49E3HSU875SKFVMG2,0.090909,0.909091,point_previews/task000164_mu001024_rho030_n1.png
0.4,1024,8,license_plate_bahnschrift.ttf,CBAGJWPD6YXT0RNZL49E3HSU875KFVMQ2,15,0,0,0.34,10.119289,0.843436,0.953987,CBAGJWPD6YXT0RNZL49E3HSU875KFVMQG2,0.030303,0.969697,point_previews/task000164_mu001024_rho040_n0.png
0.4,1024,8,license_plate_bahnschrift.ttf,CBAGJWPD6YXT0RNZL49E3HSU875KFVMQ2,15,0,1,0.34,10.119289,0.843436,0.953987,CBAGJWPD6YXT0RNZL49E3HSU875SKFVMQG2,0.060606,0.939394,point_previews/task000164_mu001024_rho040_n1.png
0.5,1024,8,license_plate_bahnschrift.ttf,CBAGJWPD6YXT0RNZL49E3HSU875KFVMQ2,15,0,0,0.425,11.313708,0.8067,0.853272,CBAGJWPD6YXT0RNZL49E3HSU875KFVMQG2,0.030303,0.969697,point_previews/task000164_mu001024_rho050_n0.png
0.5,1024,8,license_plate_bahnschrift.ttf,CBAGJWPD6YXT0RNZL49E3HSU875KFVMQ2,15,0,1,0.425,11.313708,0.8067,0.853272,CBAGJWPD6YXT0RNZL49E3HSU875KFVMQG2,0.030303,0.969697,point_previews/task000164_mu001024_rho050_n1.png
0.6,1024,8,license_plate_bahnschrift.ttf,CBAGJWPD6YXT0RNZL49E3HSU875KFVMQ2,15,0,0,0.51,12.393547,0.770893,0.778927,CBAGJWPD6YXT0RNZL49E3HSU875SKFVMG2,0.060606,0.939394,point_previews/task000164_mu001024_rho060_n0.png
0.6,1024,8,license_plate_bahnschrift.ttf,CBAGJWPD6YXT0RNZL49E3HSU875KFVMQ2,15,0,1,0.51,12.393547,0.770893,0.778927,CBAGJWPD6YXT0RNZL49E3HSU875KFVMQ2,0.0,1.0,point_previews/task000164_mu001024_rho060_n1.png
0.7,1024,8,license_plate_bahnschrift.ttf,CBAGJWPD6YXT0RNZL49E3HSU875KFVMQ2,15,0,0,0.595,13.38656,0.735998,0.721147,CBAGJWPD6YXT0RNZL49E3HSU875KFVMQ2,0.0,1.0,point_previews/task000164_mu001024_rho070_n0.png
0.7,1024,8,license_plate_bahnschrift.ttf,CBAGJWPD6YXT0RNZL49E3HSU875KFVMQ2,15,0,1,0.595,13.38656,0.735998,0.721147,CBAGJWPD6YXT0RNZL49E3SHSU875SKFVMQ2,0.060606,0.939394,point_previews/task000164_mu001024_rho070_n1.png
0.8,1024,8,license_plate_bahnschrift.ttf,CBAGJWPD6YXT0RNZL49E3HSU875KFVMQ2,15,0,0,0.68,14.310835,0.701998,0.674571,CBAGJWPD6YXT0RNZL49E3HSU875KFVMQG2,0.030303,0.969697,point_previews/task000164_mu001024_rho080_n0.png
0.8,1024,8,license_plate_bahnschrift.ttf,CBAGJWPD6YXT0RNZL49E3HSU875KFVMQ2,15,0,1,0.68,14.310835,0.701998,0.674571,CBAGJWPD6YXT0RNZL49E3HSU87SKFVMQ2,0.030303,0.969697,point_previews/task000164_mu001024_rho080_n1.png
0.9,1024,8,license_plate_bahnschrift.ttf,CBAGJWPD6YXT0RNZL49E3HSU875KFVMQ2,15,0,0,0.765,15.178933,0.668877,0.635992,CBAGJWPD6YXT0RNZL49E3HSU875KFVMQ2,0.0,1.0,point_previews/task000164_mu001024_rho090_n0.png
0.9,1024,8,license_plate_bahnschrift.ttf,CBAGJWPD6YXT0RNZL49E3HSU875KFVMQ2,15,0,1,0.765,15.178933,0.668877,0.635992,CBAGJWPD6YXT0RNZL49E3SHSU87SKFVMQG2,0.090909,0.909091,point_previews/task000164_mu001024_rho090_n1.png
1.0,1024,8,license_plate_bahnschrift.ttf,CBAGJWPD6YXT0RNZL49E3HSU875KFVMQ2,15,0,0,0.85,16.0,0.63662,0.603355,CBAGJWPD6YXT0RNZL49E3HSU875KFVMQ2,0.0,1.0,point_previews/task000164_mu001024_rho100_n0.png
1.0,1024,8,license_plate_bahnschrift.ttf,CBAGJWPD6YXT0RNZL49E3HSU875KFVMQ2,15,0,1,0.85,16.0,0.63662,0.603355,CBAGJWPD6YXT0RNZL49E3HSU875KFVMQG2,0.030303,0.969697,point_previews/task000164_mu001024_rho100_n1.png
0.1,4096,8,license_plate_bahnschrift.ttf,CBAGJWPD6YXT0RNZL49E3HSU875KFVMQ2,15,0,0,0.085,5.059644,0.959381,1.907975,CBAGJWPD6YXT0RNZL4PE3HSUS7SKFVMG2,0.121212,0.878788,point_previews/task000165_mu004096_rho010_n0.png
0.1,4096,8,license_plate_bahnschrift.ttf,CBAGJWPD6YXT0RNZL49E3HSU875KFVMQ2,15,0,1,0.085,5.059644,0.959381,1.907975,CBAGJWPD6YXT0RNZL49E3HSUS7SKFYMG2,0.121212,0.878788,point_previews/task000165_mu004096_rho010_n1.png
0.2,4096,8,license_plate_bahnschrift.ttf,CBAGJWPD6YXT0RNZL49E3HSU875KFVMQ2,15,0,0,0.17,7.155418,0.919759,1.349142,CBAGJWPD6YXT0RNZL49E3HSUS7SKFVMG2,0.090909,0.909091,point_previews/task000165_mu004096_rho020_n0.png
0.2,4096,8,license_plate_bahnschrift.ttf,CBAGJWPD6YXT0RNZL49E3HSU875KFVMQ2,15,0,1,0.17,7.155418,0.919759,1.349142,CBAGJWPD6YXT0RNZL49E3HSU875KFVMG2,0.030303,0.969697,point_previews/task000165_mu004096_rho020_n1.png
0.3,4096,8,license_plate_bahnschrift.ttf,CBAGJWPD6YXT0RNZL49E3HSU875KFVMQ2,15,0,0,0.255,8.763561,0.881116,1.10157,CBAGJWPD6YXT0RNZL49E3HSU875KFVMQ2,0.0,1.0,point_previews/task000165_mu004096_rho030_n0.png
0.3,4096,8,license_plate_bahnschrift.ttf,CBAGJWPD6YXT0RNZL49E3HSU875KFVMQ2,15,0,1,0.255,8.763561,0.881116,1.10157,CBAGJWPD6YXT0RNZL49E3HSU875KFVMQ2,0.0,1.0,point_previews/task000165_mu004096_rho030_n1.png
0.4,4096,8,license_plate_bahnschrift.ttf,CBAGJWPD6YXT0RNZL49E3HSU875KFVMQ2,15,0,0,0.34,10.119289,0.843436,0.953987,CBAGJWPD6YXT0RNZL49E3HSU875SKFVMQG2,0.060606,0.939394,point_previews/task000165_mu004096_rho040_n0.png
0.4,4096,8,license_plate_bahnschrift.ttf,CBAGJWPD6YXT0RNZL49E3HSU875KFVMQ2,15,0,1,0.34,10.119289,0.843436,0.953987,CBAGJWPD6YXT0RNZL49E3SHSU875KFVMQ2,0.030303,0.969697,point_previews/task000165_mu004096_rho040_n1.png
0.5,4096,8,license_plate_bahnschrift.ttf,CBAGJWPD6YXT0RNZL49E3HSU875KFVMQ2,15,0,0,0.425,11.313708,0.8067,0.853272,CBAGJWPD6YXT0RNZL49E3HSU875KFVMQ2,0.0,1.0,point_previews/task000165_mu004096_rho050_n0.png
0.5,4096,8,license_plate_bahnschrift.ttf,CBAGJWPD6YXT0RNZL49E3HSU875KFVMQ2,15,0,1,0.425,11.313708,0.8067,0.853272,CBAGJWPD6YXT0RNZL49E3HSU875KFVMQ2,0.0,1.0,point_previews/task000165_mu004096_rho050_n1.png
0.6,4096,8,license_plate_bahnschrift.ttf,CBAGJWPD6YXT0RNZL49E3HSU875KFVMQ2,15,0,0,0.51,12.393547,0.770893,0.778927,CBAGJWPD6YXT0RNZL49E3HSU87SKFVMQ2,0.030303,0.969697,point_previews/task000165_mu004096_rho060_n0.png
0.6,4096,8,license_plate_bahnschrift.ttf,CBAGJWPD6YXT0RNZL49E3HSU875KFVMQ2,15,0,1,0.51,12.393547,0.770893,0.778927,CBAGJWPD6YXT0RNZL49E3SHSU875SKFVMQ2,0.060606,0.939394,point_previews/task000165_mu004096_rho060_n1.png
0.7,4096,8,license_plate_bahnschrift.ttf,CBAGJWPD6YXT0RNZL49E3HSU875KFVMQ2,15,0,0,0.595,13.38656,0.735998,0.721147,CBAGJWPD6YXT0RNZL49E3HSU87SKFVMQ2,0.030303,0.969697,point_previews/task000165_mu004096_rho070_n0.png
0.7,4096,8,license_plate_bahnschrift.ttf,CBAGJWPD6YXT0RNZL49E3HSU875KFVMQ2,15,0,1,0.595,13.38656,0.735998,0.721147,CBAGJWPD6YXT0RNZL49E3HSU87SKFVMQ2,0.030303,0.969697,point_previews/task000165_mu004096_rho070_n1.png
0.8,4096,8,license_plate_bahnschrift.ttf,CBAGJWPD6YXT0RNZL49E3HSU875KFVMQ2,15,0,0,0.68,14.310835,0.701998,0.674571,CBAGJWPD6YXT0RNZL49E3HSU875SKFVMQ2,0.030303,0.969697,point_previews/task000165_mu004096_rho080_n0.png
0.8,4096,8,license_plate_bahnschrift.ttf,CBAGJWPD6YXT0RNZL49E3HSU875KFVMQ2,15,0,1,0.68,14.310835,0.701998,0.674571,CBAGJWPD6YXT0RNZL49E3HSU87SKFVMQ2,0.030303,0.969697,point_previews/task000165_mu004096_rho080_n1.png
0.9,4096,8,license_plate_bahnschrift.ttf,CBAGJWPD6YXT0RNZL49E3HSU875KFVMQ2,15,0,0,0.765,15.178933,0.668877,0.635992,CBAGJWPD6YXT0RNZL49E3SHSU875SKFVMQG2,0.090909,0.909091,point_previews/task000165_mu004096_rho090_n0.png
0.9,4096,8,license_plate_bahnschrift.ttf,CBAGJWPD6YXT0RNZL49E3HSU875KFVMQ2,15,0,1,0.765,15.178933,0.668877,0.635992,CBAGJWPD6YXT0RNZL49E3HSU875SKFVMQG2,0.060606,0.939394,point_previews/task000165_mu004096_rho090_n1.png
1.0,4096,8,license_plate_bahnschrift.ttf,CBAGJWPD6YXT0RNZL49E3HSU875KFVMQ2,15,0,0,0.85,16.0,0.63662,0.603355,CBAGJWPD6YXT0RNZL49E3SHSU875KFVMQG2,0.060606,0.939394,point_previews/task000165_mu004096_rho100_n0.png
1.0,4096,8,license_plate_bahnschrift.ttf,CBAGJWPD6YXT0RNZL49E3HSU875KFVMQ2,15,0,1,0.85,16.0,0.63662,0.603355,CBAGJWPD6YXT0RNZL49E3HSU87SKFVMQ2,0.030303,0.969697,point_previews/task000165_mu004096_rho100_n1.png
0.1,16384,8,license_plate_bahnschrift.ttf,CBAGJWPD6YXT0RNZL49E3HSU875KFVMQ2,15,0,0,0.085,5.059644,0.959381,1.907975,CBAGJWPD6YXATERNZL4PESHSUS7SKFYVMG2,0.242424,0.757576,point_previews/task000166_mu016384_rho010_n0.png
0.1,16384,8,license_plate_bahnschrift.ttf,CBAGJWPD6YXT0RNZL49E3HSU875KFVMQ2,15,0,1,0.085,5.059644,0.959381,1.907975,CBAGJWPD6YXTERNZL49ESHSUS7SKFYMG2,0.181818,0.818182,point_previews/task000166_mu016384_rho010_n1.png
0.2,16384,8,license_plate_bahnschrift.ttf,CBAGJWPD6YXT0RNZL49E3HSU875KFVMQ2,15,0,0,0.17,7.155418,0.919759,1.349142,CBAGJWPD6YXT0RNZL49E3HSUS7SKFVMG2,0.090909,0.909091,point_previews/task000166_mu016384_rho020_n0.png
0.2,16384,8,license_plate_bahnschrift.ttf,CBAGJWPD6YXT0RNZL49E3HSU875KFVMQ2,15,0,1,0.17,7.155418,0.919759,1.349142,CBAGJWPD6YXT0RNZL49E3HSUB7SKFVMG2,0.090909,0.909091,point_previews/task000166_mu016384_rho020_n1.png
0.3,16384,8,license_plate_bahnschrift.ttf,CBAGJWPD6YXT0RNZL49E3HSU875KFVMQ2,15,0,0,0.255,8.763561,0.881116,1.10157,CBAGJWPD6YXT0RNZL49E3HSU875KFVMQ2,0.0,1.0,point_previews/task000166_mu016384_rho030_n0.png
0.3,16384,8,license_plate_bahnschrift.ttf,CBAGJWPD6YXT0RNZL49E3HSU875KFVMQ2,15,0,1,0.255,8.763561,0.881116,1.10157,CBAGJWPD6YXTRNZL49E3HSU875KFVMQG2,0.060606,0.939394,point_previews/task000166_mu016384_rho030_n1.png
0.4,16384,8,license_plate_bahnschrift.ttf,CBAGJWPD6YXT0RNZL49E3HSU875KFVMQ2,15,0,0,0.34,10.119289,0.843436,0.953987,CBAGJWPD6YXT0RNZL49E3HSU875KFVMQ2,0.0,1.0,point_previews/task000166_mu016384_rho040_n0.png
0.4,16384,8,license_plate_bahnschrift.ttf,CBAGJWPD6YXT0RNZL49E3HSU875KFVMQ2,15,0,1,0.34,10.119289,0.843436,0.953987,CBAGJWPD6YXT0RNZL49E3HSU875KFVMQ2,0.0,1.0,point_previews/task000166_mu016384_rho040_n1.png
0.5,16384,8,license_plate_bahnschrift.ttf,CBAGJWPD6YXT0RNZL49E3HSU875KFVMQ2,15,0,0,0.425,11.313708,0.8067,0.853272,CBAGJWPD6YXT0RNZL49E3HSU875KFVMQ2,0.0,1.0,point_previews/task000166_mu016384_rho050_n0.png
0.5,16384,8,license_plate_bahnschrift.ttf,CBAGJWPD6YXT0RNZL49E3HSU875KFVMQ2,15,0,1,0.425,11.313708,0.8067,0.853272,CBAGJWPD6YXT0RNZL49E3HSU875KFVMQ2,0.0,1.0,point_previews/task000166_mu016384_rho050_n1.png
0.6,16384,8,license_plate_bahnschrift.ttf,CBAGJWPD6YXT0RNZL49E3HSU875KFVMQ2,15,0,0,0.51,12.393547,0.770893,0.778927,CBAGJWPD6YXT0RNZL49E3HSU875KFVMQ2,0.0,1.0,point_previews/task000166_mu016384_rho060_n0.png
0.6,16384,8,license_plate_bahnschrift.ttf,CBAGJWPD6YXT0RNZL49E3HSU875KFVMQ2,15,0,1,0.51,12.393547,0.770893,0.778927,CBAGJWPD6YXT0RNZL49E3HSU875KFVMQ2,0.0,1.0,point_previews/task000166_mu016384_rho060_n1.png
0.7,16384,8,license_plate_bahnschrift.ttf,CBAGJWPD6YXT0RNZL49E3HSU875KFVMQ2,15,0,0,0.595,13.38656,0.735998,0.721147,CBAGJWPD6YXT0RNZL49E3HSU87SKFVMQ2,0.030303,0.969697,point_previews/task000166_mu016384_rho070_n0.png
0.7,16384,8,license_plate_bahnschrift.ttf,CBAGJWPD6YXT0RNZL49E3HSU875KFVMQ2,15,0,1,0.595,13.38656,0.735998,0.721147,CBAGJWPD6YXT0RNZL49E3HSU87SKFVMQ2,0.030303,0.969697,point_previews/task000166_mu016384_rho070_n1.png
0.8,16384,8,license_plate_bahnschrift.ttf,CBAGJWPD6YXT0RNZL49E3HSU875KFVMQ2,15,0,0,0.68,14.310835,0.701998,0.674571,CBAGJWPD6YXT0RNZL49E3HSU87SKFVMQ2,0.030303,0.969697,point_previews/task000166_mu016384_rho080_n0.png
0.8,16384,8,license_plate_bahnschrift.ttf,CBAGJWPD6YXT0RNZL49E3HSU875KFVMQ2,15,0,1,0.68,14.310835,0.701998,0.674571,CBAGJWPD6YXT0RNZL49E3HSU87SKFVMQ2,0.030303,0.969697,point_previews/task000166_mu016384_rho080_n1.png
0.9,16384,8,license_plate_bahnschrift.ttf,CBAGJWPD6YXT0RNZL49E3HSU875KFVMQ2,15,0,0,0.765,15.178933,0.668877,0.635992,CBAGJWPD6YXT0RNZL49E3HSU875SKFVMQG2,0.060606,0.939394,point_previews/task000166_mu016384_rho090_n0.png
0.9,16384,8,license_plate_bahnschrift.ttf,CBAGJWPD6YXT0RNZL49E3HSU875KFVMQ2,15,0,1,0.765,15.178933,0.668877,0.635992,CBAGJWPD6YXT0RNZL49E3HSU875SKFVMQG2,0.060606,0.939394,point_previews/task000166_mu016384_rho090_n1.png
1.0,16384,8,license_plate_bahnschrift.ttf,CBAGJWPD6YXT0RNZL49E3HSU875KFVMQ2,15,0,0,0.85,16.0,0.63662,0.603355,CBAGJWPD6YXT0RNZL49E3SHSU875KFVMQG2,0.060606,0.939394,point_previews/task000166_mu016384_rho100_n0.png
1.0,16384,8,license_plate_bahnschrift.ttf,CBAGJWPD6YXT0RNZL49E3HSU875KFVMQ2,15,0,1,0.85,16.0,0.63662,0.603355,CBAGJWPD6YXT0RNZL49ESHSU875KFVMQG2,0.060606,0.939394,point_previews/task000166_mu016384_rho100_n1.png
0.1,65536,8,license_plate_bahnschrift.ttf,CBAGJWPD6YXT0RNZL49E3HSU875KFVMQ2,15,0,0,0.085,5.059644,0.959381,1.907975,CBAGJWPD6YXATERNZL49ESHSUS7SKFVMG2,0.181818,0.818182,point_previews/task000167_mu065536_rho010_n0.png
0.1,65536,8,license_plate_bahnschrift.ttf,CBAGJWPD6YXT0RNZL49E3HSU875KFVMQ2,15,0,1,0.085,5.059644,0.959381,1.907975,CBAGJWPD6YXTERNZL4PESHSUS7SKFVMG2,0.181818,0.818182,point_previews/task000167_mu065536_rho010_n1.png
0.2,65536,8,license_plate_bahnschrift.ttf,CBAGJWPD6YXT0RNZL49E3HSU875KFVMQ2,15,0,0,0.17,7.155418,0.919759,1.349142,CBAGJWPD6YXT0RNZL49E3HSUBS7SKFVMG2,0.121212,0.878788,point_previews/task000167_mu065536_rho020_n0.png
0.2,65536,8,license_plate_bahnschrift.ttf,CBAGJWPD6YXT0RNZL49E3HSU875KFVMQ2,15,0,1,0.17,7.155418,0.919759,1.349142,CBAGJWPD6YXT0RNZL49E3HSUS7SKFVMG2,0.090909,0.909091,point_previews/task000167_mu065536_rho020_n1.png
0.3,65536,8,license_plate_bahnschrift.ttf,CBAGJWPD6YXT0RNZL49E3HSU875KFVMQ2,15,0,0,0.255,8.763561,0.881116,1.10157,CBAGJWPD6YXT0RNZL49E3HSU875KFVMQ2,0.0,1.0,point_previews/task000167_mu065536_rho030_n0.png
0.3,65536,8,license_plate_bahnschrift.ttf,CBAGJWPD6YXT0RNZL49E3HSU875KFVMQ2,15,0,1,0.255,8.763561,0.881116,1.10157,CBAGJWPD6YXT0RNZL49E3HSU875KFVMQ2,0.0,1.0,point_previews/task000167_mu065536_rho030_n1.png
0.4,65536,8,license_plate_bahnschrift.ttf,CBAGJWPD6YXT0RNZL49E3HSU875KFVMQ2,15,0,0,0.34,10.119289,0.843436,0.953987,CBAGJWPD6YXT0RNZL49E3HSU875KFVMQ2,0.0,1.0,point_previews/task000167_mu065536_rho040_n0.png
0.4,65536,8,license_plate_bahnschrift.ttf,CBAGJWPD6YXT0RNZL49E3HSU875KFVMQ2,15,0,1,0.34,10.119289,0.843436,0.953987,CBAGJWPD6YXT0RNZL49E3HSU875KFVMQ2,0.0,1.0,point_previews/task000167_mu065536_rho040_n1.png
0.5,65536,8,license_plate_bahnschrift.ttf,CBAGJWPD6YXT0RNZL49E3HSU875KFVMQ2,15,0,0,0.425,11.313708,0.8067,0.853272,CBAGJWPD6YXT0RNZL49E3HSU875KFVMQ2,0.0,1.0,point_previews/task000167_mu065536_rho050_n0.png
0.5,65536,8,license_plate_bahnschrift.ttf,CBAGJWPD6YXT0RNZL49E3HSU875KFVMQ2,15,0,1,0.425,11.313708,0.8067,0.853272,CBAGJWPD6YXT0RNZL49E3HSU875SKFVMQ2,0.030303,0.969697,point_previews/task000167_mu065536_rho050_n1.png
0.6,65536,8,license_plate_bahnschrift.ttf,CBAGJWPD6YXT0RNZL49E3HSU875KFVMQ2,15,0,0,0.51,12.393547,0.770893,0.778927,CBAGJWPD6YXT0RNZL49E3HSU875KFVMQ2,0.0,1.0,point_previews/task000167_mu065536_rho060_n0.png
0.6,65536,8,license_plate_bahnschrift.ttf,CBAGJWPD6YXT0RNZL49E3HSU875KFVMQ2,15,0,1,0.51,12.393547,0.770893,0.778927,CBAGJWPD6YXT0RNZL49E3HSU875KFVMQ2,0.0,1.0,point_previews/task000167_mu065536_rho060_n1.png
0.7,65536,8,license_plate_bahnschrift.ttf,CBAGJWPD6YXT0RNZL49E3HSU875KFVMQ2,15,0,0,0.595,13.38656,0.735998,0.721147,CBAGJWPD6YXT0RNZL49E3HSU875SKFVMQ2,0.030303,0.969697,point_previews/task000167_mu065536_rho070_n0.png
0.7,65536,8,license_plate_bahnschrift.ttf,CBAGJWPD6YXT0RNZL49E3HSU875KFVMQ2,15,0,1,0.595,13.38656,0.735998,0.721147,CBAGJWPD6YXT0RNZL49E3HSU87SKFVMQ2,0.030303,0.969697,point_previews/task000167_mu065536_rho070_n1.png
0.8,65536,8,license_plate_bahnschrift.ttf,CBAGJWPD6YXT0RNZL49E3HSU875KFVMQ2,15,0,0,0.68,14.310835,0.701998,0.674571,CBAGJWPD6YXT0RNZL49E3HSU875SKFVMQ2,0.030303,0.969697,point_previews/task000167_mu065536_rho080_n0.png
0.8,65536,8,license_plate_bahnschrift.ttf,CBAGJWPD6YXT0RNZL49E3HSU875KFVMQ2,15,0,1,0.68,14.310835,0.701998,0.674571,CBAGJWPD6YXT0RNZL49E3HSU87SKFVMQ2,0.030303,0.969697,point_previews/task000167_mu065536_rho080_n1.png
0.9,65536,8,license_plate_bahnschrift.ttf,CBAGJWPD6YXT0RNZL49E3HSU875KFVMQ2,15,0,0,0.765,15.178933,0.668877,0.635992,CBAGJWPD6YXT0RNZL49E3HSU875SKFVMQG2,0.060606,0.939394,point_previews/task000167_mu065536_rho090_n0.png
0.9,65536,8,license_plate_bahnschrift.ttf,CBAGJWPD6YXT0RNZL49E3HSU875KFVMQ2,15,0,1,0.765,15.178933,0.668877,0.635992,CBAGJWPD6YXT0RNZL49E3HSU875SKFVMQG2,0.060606,0.939394,point_previews/task000167_mu065536_rho090_n1.png
1.0,65536,8,license_plate_bahnschrift.ttf,CBAGJWPD6YXT0RNZL49E3HSU875KFVMQ2,15,0,0,0.85,16.0,0.63662,0.603355,CBAGJWPD6YXT0RNZL49E3SHSU875KFVMQG2,0.060606,0.939394,point_previews/task000167_mu065536_rho100_n0.png
1.0,65536,8,license_plate_bahnschrift.ttf,CBAGJWPD6YXT0RNZL49E3HSU875KFVMQ2,15,0,1,0.85,16.0,0.63662,0.603355,CBAGJWPD6YXT0RNZL49E3HSU875KFVMQ2,0.0,1.0,point_previews/task000167_mu065536_rho100_n1.png
0.1,4,8,license_plate_bahnschrift.ttf,CBAGJWPD6YXT0RNZL49E3HSU875KFVMQ2,15,3,0,0.085,5.059644,0.959381,1.907975,CSERFERRERGAG,0.909091,0.090909,point_previews/task000168_mu000004_rho010_n0.png
0.1,4,8,license_plate_bahnschrift.ttf,CBAGJWPD6YXT0RNZL49E3HSU875KFVMQ2,15,3,1,0.085,5.059644,0.959381,1.907975,,1.0,0.0,point_previews/task000168_mu000004_rho010_n1.png
0.2,4,8,license_plate_bahnschrift.ttf,CBAGJWPD6YXT0RNZL49E3HSU875KFVMQ2,15,3,0,0.17,7.155418,0.919759,1.349142,SCERNENSSR,0.878788,0.121212,point_previews/task000168_mu000004_rho020_n0.png
0.2,4,8,license_plate_bahnschrift.ttf,CBAGJWPD6YXT0RNZL49E3HSU875KFVMQ2,15,3,1,0.17,7.155418,0.919759,1.349142,,1.0,0.0,point_previews/task000168_mu000004_rho020_n1.png
0.3,4,8,license_plate_bahnschrift.ttf,CBAGJWPD6YXT0RNZL49E3HSU875KFVMQ2,15,3,0,0.255,8.763561,0.881116,1.10157,EAUDRERTEAEAVRAATMLSTSRRUE,0.909091,0.090909,point_previews/task000168_mu000004_rho030_n0.png
0.3,4,8,license_plate_bahnschrift.ttf,CBAGJWPD6YXT0RNZL49E3HSU875KFVMQ2,15,3,1,0.255,8.763561,0.881116,1.10157,LRNRPUEGWRRLSLUSRER,0.878788,0.121212,point_previews/task000168_mu000004_rho030_n1.png
0.4,4,8,license_plate_bahnschrift.ttf,CBAGJWPD6YXT0RNZL49E3HSU875KFVMQ2,15,3,0,0.34,10.119289,0.843436,0.953987,EPRATANSEERYNRSMATECSARANE,0.909091,0.090909,point_previews/task000168_mu000004_rho040_n0.png
0.4,4,8,license_plate_bahnschrift.ttf,CBAGJWPD6YXT0RNZL49E3HSU875KFVMQ2,15,3,1,0.34,10.119289,0.843436,0.953987,RLRTNTAESSESRESESEBEATESEA,0.909091,0.090909,point_previews/task000168_mu000004_rho040_n1.png
0.5,4,8,license_plate_bahnschrift.ttf,CBAGJWPD6YXT0RNZL49E3HSU875KFVMQ2,15,3,0,0.425,11.313708,0.8067,0.853272,EVLASBLSRSRRALRRESA,0.878788,0.121212,point_previews/task000168_mu000004_rho050_n0.png
0.5,4,8,license_plate_bahnschrift.ttf,CBAGJWPD6YXT0RNZL49E3HSU875KFVMQ2,15,3,1,0.425,11.313708,0.8067,0.853272,DRERASGAACESTACSSNTSFE,0.909091,0.090909,point_previews/task000168_mu000004_rho050_n1.png
0.6,4,8,license_plate_bahnschrift.ttf,CBAGJWPD6YXT0RNZL49E3HSU875KFVMQ2,15,3,0,0.51,12.393547,0.770893,0.778927,URNSUEERETDRCAMSESANYSBNRS,0.878788,0.121212,point_previews/task000168_mu000004_rho060_n0.png
0.6,4,8,license_plate_bahnschrift.ttf,CBAGJWPD6YXT0RNZL49E3HSU875KFVMQ2,15,3,1,0.51,12.393547,0.770893,0.778927,SSSRAYELECURENRSPALCARAB,0.909091,0.090909,point_previews/task000168_mu000004_rho060_n1.png
0.7,4,8,license_plate_bahnschrift.ttf,CBAGJWPD6YXT0RNZL49E3HSU875KFVMQ2,15,3,0,0.595,13.38656,0.735998,0.721147,ERRACTBHSAGHRED2FBESERSTEFHRSTPAL,0.939394,0.060606,point_previews/task000168_mu000004_rho070_n0.png
0.7,4,8,license_plate_bahnschrift.ttf,CBAGJWPD6YXT0RNZL49E3HSU875KFVMQ2,15,3,1,0.595,13.38656,0.735998,0.721147,SEPSNENPRATRLCAM,0.878788,0.121212,point_previews/task000168_mu000004_rho070_n1.png
0.8,4,8,license_plate_bahnschrift.ttf,CBAGJWPD6YXT0RNZL49E3HSU875KFVMQ2,15,3,0,0.68,14.310835,0.701998,0.674571,SFEDERERTHTSSSUENTAEATE,0.878788,0.121212,point_previews/task000168_mu000004_rho080_n0.png
0.8,4,8,license_plate_bahnschrift.ttf,CBAGJWPD6YXT0RNZL49E3HSU875KFVMQ2,15,3,1,0.68,14.310835,0.701998,0.674571,,1.0,0.0,point_previews/task000168_mu000004_rho080_n1.png
0.9,4,8,license_plate_bahnschrift.ttf,CBAGJWPD6YXT0RNZL49E3HSU875KFVMQ2,15,3,0,0.765,15.178933,0.668877,0.635992,EGSBERMZERCTETSE,0.878788,0.121212,point_previews/task000168_mu000004_rho090_n0.png
0.9,4,8,license_plate_bahnschrift.ttf,CBAGJWPD6YXT0RNZL49E3HSU875KFVMQ2,15,3,1,0.765,15.178933,0.668877,0.635992,B4PAMNCTMECEM,0.848485,0.151515,point_previews/task000168_mu000004_rho090_n1.png
1.0,4,8,license_plate_bahnschrift.ttf,CBAGJWPD6YXT0RNZL49E3HSU875KFVMQ2,15,3,0,0.85,16.0,0.63662,0.603355,SEGDFESRYLU9GER,0.848485,0.151515,point_previews/task000168_mu000004_rho100_n0.png
1.0,4,8,license_plate_bahnschrift.ttf,CBAGJWPD6YXT0RNZL49E3HSU875KFVMQ2,15,3,1,0.85,16.0,0.63662,0.603355,YEDURUEASTREEREGL,0.878788,0.121212,point_previews/task000168_mu000004_rho100_n1.png
0.1,16,8,license_plate_bahnschrift.ttf,CBAGJWPD6YXT0RNZL49E3HSU875KFVMQ2,15,3,0,0.085,5.059644,0.959381,1.907975,CELLEYMARER,0.878788,0.121212,point_previews/task000169_mu000016_rho010_n0.png
0.1,16,8,license_plate_bahnschrift.ttf,CBAGJWPD6YXT0RNZL49E3HSU875KFVMQ2,15,3,1,0.085,5.059644,0.959381,1.907975,,1.0,0.0,point_previews/task000169_mu000016_rho010_n1.png
0.2,16,8,license_plate_bahnschrift.ttf,CBAGJWPD6YXT0RNZL49E3HSU875KFVMQ2,15,3,0,0.17,7.155418,0.919759,1.349142,ESSSABXTMRTREACAKRT,0.848485,0.151515,point_previews/task000169_mu000016_rho020_n0.png
0.2,16,8,license_plate_bahnschrift.ttf,CBAGJWPD6YXT0RNZL49E3HSU875KFVMQ2,15,3,1,0.17,7.155418,0.919759,1.349142,PRSRBELRSSHSSUBRED,0.848485,0.151515,point_previews/task000169_mu000016_rho020_n1.png
0.3,16,8,license_plate_bahnschrift.ttf,CBAGJWPD6YXT0RNZL49E3HSU875KFVMQ2,15,3,0,0.255,8.763561,0.881116,1.10157,SGTRBAYTRREEEREASPKEAS,0.787879,0.212121,point_previews/task000169_mu000016_rho030_n0.png
0.3,16,8,license_plate_bahnschrift.ttf,CBAGJWPD6YXT0RNZL49E3HSU875KFVMQ2,15,3,1,0.255,8.763561,0.881116,1.10157,ERRENRUSETDPRELCSPZHGUBTSREVAMES,0.848485,0.151515,point_previews/task000169_mu000016_rho030_n1.png
0.4,16,8,license_plate_bahnschrift.ttf,CBAGJWPD6YXT0RNZL49E3HSU875KFVMQ2,15,3,0,0.34,10.119289,0.843436,0.953987,BSMSTWPAMABRRAEAUEEHSEESEPVGS,0.787879,0.212121,point_previews/task000169_mu000016_rho040_n0.png
0.4,16,8,license_plate_bahnschrift.ttf,CBAGJWPD6YXT0RNZL49E3HSU875KFVMQ2,15,3,1,0.34,10.119289,0.843436,0.953987,PEABAMWPUSYXPURNZCLFECASG87BKEYS,0.636364,0.363636,point_previews/task000169_mu000016_rho040_n1.png
0.5,16,8,license_plate_bahnschrift.ttf,CBAGJWPD6YXT0RNZL49E3HSU875KFVMQ2,15,3,0,0.425,11.313708,0.8067,0.853272,SEAGWPDSYATERNZEAVESHCUETEKE400,0.575758,0.424242,point_previews/task000169_mu000016_rho050_n0.png
0.5,16,8,license_plate_bahnschrift.ttf,CBAGJWPD6YXT0RNZL49E3HSU875KFVMQ2,15,3,1,0.425,11.313708,0.8067,0.853272,,1.0,0.0,point_previews/task000169_mu000016_rho050_n1.png
0.6,16,8,license_plate_bahnschrift.ttf,CBAGJWPD6YXT0RNZL49E3HSU875KFVMQ2,15,3,0,0.51,12.393547,0.770893,0.778927,,1.0,0.0,point_previews/task000169_mu000016_rho060_n0.png
0.6,16,8,license_plate_bahnschrift.ttf,CBAGJWPD6YXT0RNZL49E3HSU875KFVMQ2,15,3,1,0.51,12.393547,0.770893,0.778927,SBRBWEDUYXTGRNZE2SESHSUSTSKEVMRD,0.515152,0.484848,point_previews/task000169_mu000016_rho060_n1.png
0.7,16,8,license_plate_bahnschrift.ttf,CBAGJWPD6YXT0RNZL49E3HSU875KFVMQ2,15,3,0,0.595,13.38656,0.735998,0.721147,,1.0,0.0,point_previews/task000169_mu000016_rho070_n0.png
0.7,16,8,license_plate_bahnschrift.ttf,CBAGJWPD6YXT0RNZL49E3HSU875KFVMQ2,15,3,1,0.595,13.38656,0.735998,0.721147,CBABJWPDGYRTURNZLGGESHSUB7SKEVMED,0.363636,0.636364,point_previews/task000169_mu000016_rho070_n1.png
0.8,16,8,license_plate_bahnschrift.ttf,CBAGJWPD6YXT0RNZL49E3HSU875KFVMQ2,15,3,0,0.68,14.310835,0.701998,0.674571,CBAGJWPDYXTURNZLASESHSUBTSKEYMR2,0.333333,0.666667,point_previews/task000169_mu000016_rho080_n0.png
0.8,16,8,license_plate_bahnschrift.ttf,CBAGJWPD6YXT0RNZL49E3HSU875KFVMQ2,15,3,1,0.68,14.310835,0.701998,0.674571,,1.0,0.0,point_previews/task000169_mu000016_rho080_n1.png
0.9,16,8,license_plate_bahnschrift.ttf,CBAGJWPD6YXT0RNZL49E3HSU875KFVMQ2,15,3,0,0.765,15.178933,0.668877,0.635992,CBAGJWPDSYXTURNZLAVESHSUSTSKEVMGZ,0.333333,0.666667,point_previews/task000169_mu000016_rho090_n0.png
0.9,16,8,license_plate_bahnschrift.ttf,CBAGJWPD6YXT0RNZL49E3HSU875KFVMQ2,15,3,1,0.765,15.178933,0.668877,0.635992,,1.0,0.0,point_previews/task000169_mu000016_rho090_n1.png
1.0,16,8,license_plate_bahnschrift.ttf,CBAGJWPD6YXT0RNZL49E3HSU875KFVMQ2,15,3,0,0.85,16.0,0.63662,0.603355,,1.0,0.0,point_previews/task000169_mu000016_rho100_n0.png
1.0,16,8,license_plate_bahnschrift.ttf,CBAGJWPD6YXT0RNZL49E3HSU875KFVMQ2,15,3,1,0.85,16.0,0.63662,0.603355,,1.0,0.0,point_previews/task000169_mu000016_rho100_n1.png
0.1,64,8,license_plate_bahnschrift.ttf,CBAGJWPD6YXT0RNZL49E3HSU875KFVMQ2,15,3,0,0.085,5.059644,0.959381,1.907975,CBABPMPGUTURRZLSFESRSUBSKEUMD2,0.575758,0.424242,point_previews/task000170_mu000064_rho010_n0.png
0.1,64,8,license_plate_bahnschrift.ttf,CBAGJWPD6YXT0RNZL49E3HSU875KFVMQ2,15,3,1,0.085,5.059644,0.959381,1.907975,SEBAGUVPDEYXTGRNZEMRHSHBTSKEMDS,0.575758,0.424242,point_previews/task000170_mu000064_rho010_n1.png
0.2,64,8,license_plate_bahnschrift.ttf,CBAGJWPD6YXT0RNZL49E3HSU875KFVMQ2,15,3,0,0.17,7.155418,0.919759,1.349142,,1.0,0.0,point_previews/task000170_mu000064_rho020_n0.png
0.2,64,8,license_plate_bahnschrift.ttf,CBAGJWPD6YXT0RNZL49E3HSU875KFVMQ2,15,3,1,0.17,7.155418,0.919759,1.349142,CBAGJWPDGYXTURNZLEFESHSHBTSKEWHG2,0.393939,0.606061,point_previews/task000170_mu000064_rho020_n1.png
0.3,64,8,license_plate_bahnschrift.ttf,CBAGJWPD6YXT0RNZL49E3HSU875KFVMQ2,15,3,0,0.255,8.763561,0.881116,1.10157,,1.0,0.0,point_previews/task000170_mu000064_rho030_n0.png
0.3,64,8,license_plate_bahnschrift.ttf,CBAGJWPD6YXT0RNZL49E3HSU875KFVMQ2,15,3,1,0.255,8.763561,0.881116,1.10157,CBAGJWPD6YXTRNZLZPESHSUSTSKEYMG2,0.30303,0.69697,point_previews/task000170_mu000064_rho030_n1.png
0.4,64,8,license_plate_bahnschrift.ttf,CBAGJWPD6YXT0RNZL49E3HSU875KFVMQ2,15,3,0,0.34,10.119289,0.843436,0.953987,CBAGJWPDSYXTRNZLASESHSUBTSKFEVMG2,0.30303,0.69697,point_previews/task000170_mu000064_rho040_n0.png
0.4,64,8,license_plate_bahnschrift.ttf,CBAGJWPD6YXT0RNZL49E3HSU875KFVMQ2,15,3,1,0.34,10.119289,0.843436,0.953987,CBAGJWPDSYXTARNZLS9ESHSUB75KFVMD2,0.181818,0.818182,point_previews/task000170_mu000064_rho040_n1.png
0.5,64,8,license_plate_bahnschrift.ttf,CBAGJWPD6YXT0RNZL49E3HSU875KFVMQ2,15,3,0,0.425,11.313708,0.8067,0.853272,EBAGJWPDEYXTURNZEYSESHSUS7SKFVMQ2,0.272727,0.727273,point_previews/task000170_mu000064_rho050_n0.png
0.5,64,8,license_plate_bahnschrift.ttf,CBAGJWPD6YXT0RNZL49E3HSU875KFVMQ2,15,3,1,0.425,11.313708,0.8067,0.853272,CBAGJWPD4YXTARNZL49ESHSUBTSKEVM02,0.242424,0.757576,point_previews/task000170_mu000064_rho050_n1.png
0.6,64,8,license_plate_bahnschrift.ttf,CBAGJWPD6YXT0RNZL49E3HSU875KFVMQ2,15,3,0,0.51,12.393547,0.770893,0.778927,CBAGJWPD6YXT0RNZL4SESHSUSSKEVMG2,0.212121,0.787879,point_previews/task000170_mu000064_rho060_n0.png
0.6,64,8,license_plate_bahnschrift.ttf,CBAGJWPD6YXT0RNZL49E3HSU875KFVMQ2,15,3,1,0.51,12.393547,0.770893,0.778927,CBAGJWPD6YXTRNZL49ESHSUBTSKFVMG2,0.181818,0.818182,point_previews/task000170_mu000064_rho060_n1.png
0.7,64,8,license_plate_bahnschrift.ttf,CBAGJWPD6YXT0RNZL49E3HSU875KFVMQ2,15,3,0,0.595,13.38656,0.735998,0.721147,CBAGJWPDSYXTURNZL49ESHSUBTSKEVMG2,0.242424,0.757576,point_previews/task000170_mu000064_rho070_n0.png
0.7,64,8,license_plate_bahnschrift.ttf,CBAGJWPD6YXT0RNZL49E3HSU875KFVMQ2,15,3,1,0.595,13.38656,0.735998,0.721147,CBAGJWPDSYXTRNZLASESHSUSTSKFVMQ2,0.242424,0.757576,point_previews/task000170_mu000064_rho070_n1.png
0.8,64,8,license_plate_bahnschrift.ttf,CBAGJWPD6YXT0RNZL49E3HSU875KFVMQ2,15,3,0,0.68,14.310835,0.701998,0.674571,CBAGJWPD6YXTURNZL49ESHSU87SKFVMG2,0.121212,0.878788,point_previews/task000170_mu000064_rho080_n0.png
0.8,64,8,license_plate_bahnschrift.ttf,CBAGJWPD6YXT0RNZL49E3HSU875KFVMQ2,15,3,1,0.68,14.310835,0.701998,0.674571,CBAGJWPDSYXTRNZL49ESHSUB7SKFVMG2,0.181818,0.818182,point_previews/task000170_mu000064_rho080_n1.png
0.9,64,8,license_plate_bahnschrift.ttf,CBAGJWPD6YXT0RNZL49E3HSU875KFVMQ2,15,3,0,0.765,15.178933,0.668877,0.635992,CBAGJWPD6YXTRNZL49E3HSUS75KFVMG2,0.090909,0.909091,point_previews/task000170_mu000064_rho090_n0.png
0.9,64,8,license_plate_bahnschrift.ttf,CBAGJWPD6YXT0RNZL49E3HSU875KFVMQ2,15,3,1,0.765,15.178933,0.668877,0.635992,CBAGJWPD6YXT0RNZL49E3HSU875KFVMG2,0.030303,0.969697,point_previews/task000170_mu000064_rho090_n1.png
1.0,64,8,license_plate_bahnschrift.ttf,CBAGJWPD6YXT0RNZL49E3HSU875KFVMQ2,15,3,0,0.85,16.0,0.63662,0.603355,CBAGJWPD6YXTURNZL49ESHSU87SKFVMQ2,0.090909,0.909091,point_previews/task000170_mu000064_rho100_n0.png
1.0,64,8,license_plate_bahnschrift.ttf,CBAGJWPD6YXT0RNZL49E3HSU875KFVMQ2,15,3,1,0.85,16.0,0.63662,0.603355,CBAGJWPD6YXTRNZL49E3HSUSTSKFVMG2,0.151515,0.848485,point_previews/task000170_mu000064_rho100_n1.png
0.1,256,8,license_plate_bahnschrift.ttf,CBAGJWPD6YXT0RNZL49E3HSU875KFVMQ2,15,3,0,0.085,5.059644,0.959381,1.907975,CBAGJWPD6YXTRNZLASE3HSUS7SKFVMG2,0.181818,0.818182,point_previews/task000171_mu000256_rho010_n0.png
0.1,256,8,license_plate_bahnschrift.ttf,CBAGJWPD6YXT0RNZL49E3HSU875KFVMQ2,15,3,1,0.085,5.059644,0.959381,1.907975,CBAGJWPD6YXTURNZLAPESHSUBTSKEVM02,0.272727,0.727273,point_previews/task000171_mu000256_rho010_n1.png
0.2,256,8,license_plate_bahnschrift.ttf,CBAGJWPD6YXT0RNZL49E3HSU875KFVMQ2,15,3,0,0.17,7.155418,0.919759,1.349142,CBAGJWPD6YXTURNZL49ESHSUB7SKFVMQ2,0.121212,0.878788,point_previews/task000171_mu000256_rho020_n0.png
0.2,256,8,license_plate_bahnschrift.ttf,CBAGJWPD6YXT0RNZL49E3HSU875KFVMQ2,15,3,1,0.17,7.155418,0.919759,1.349142,CBAGJWPD6YXTRNZL49ESHSU87SKFVMG2,0.121212,0.878788,point_previews/task000171_mu000256_rho020_n1.png
0.3,256,8,license_plate_bahnschrift.ttf,CBAGJWPD6YXT0RNZL49E3HSU875KFVMQ2,15,3,0,0.255,8.763561,0.881116,1.10157,CBAGJWPD6YXT0RNZL4PE3HSUS7SKFVMG2,0.121212,0.878788,point_previews/task000171_mu000256_rho030_n0.png
0.3,256,8,license_plate_bahnschrift.ttf,CBAGJWPD6YXT0RNZL49E3HSU875KFVMQ2,15,3,1,0.255,8.763561,0.881116,1.10157,CBAGJWPDS6YXT0RNZL49E3HSU875SKFVMG2,0.090909,0.909091,point_previews/task000171_mu000256_rho030_n1.png
0.4,256,8,license_plate_bahnschrift.ttf,CBAGJWPD6YXT0RNZL49E3HSU875KFVMQ2,15,3,0,0.34,10.119289,0.843436,0.953987,CBAGJWPDS6YXTURNZL49ESHSU875SKFVMG2,0.151515,0.848485,point_previews/task000171_mu000256_rho040_n0.png
0.4,256,8,license_plate_bahnschrift.ttf,CBAGJWPD6YXT0RNZL49E3HSU875KFVMQ2,15,3,1,0.34,10.119289,0.843436,0.953987,CBAGJWPD6YXT0RNZL4PESHSUS7SKFYM02,0.181818,0.818182,point_previews/task000171_mu000256_rho040_n1.png
0.5,256,8,license_plate_bahnschrift.ttf,CBAGJWPD6YXT0RNZL49E3HSU875KFVMQ2,15,3,0,0.425,11.313708,0.8067,0.853272,CBAGJWPD6YXTRNZL49ES3HSUB7SKFVMG2,0.151515,0.848485,point_previews/task000171_mu000256_rho050_n0.png
0.5,256,8,license_plate_bahnschrift.ttf,CBAGJWPD6YXT0RNZL49E3HSU875KFVMQ2,15,3,1,0.425,11.313708,0.8067,0.853272,CBAGJWPD6YXT0RNZL49E3HSU875SKFVMG2,0.060606,0.939394,point_previews/task000171_mu000256_rho050_n1.png
0.6,256,8,license_plate_bahnschrift.ttf,CBAGJWPD6YXT0RNZL49E3HSU875KFVMQ2,15,3,0,0.51,12.393547,0.770893,0.778927,CBAGJWPD6YXTURNZL49ESHSUS7TSKFVMG2,0.181818,0.818182,point_previews/task000171_mu000256_rho060_n0.png
0.6,256,8,license_plate_bahnschrift.ttf,CBAGJWPD6YXT0RNZL49E3HSU875KFVMQ2,15,3,1,0.51,12.393547,0.770893,0.778927,CBAGJWPD46YXT0RNZL49ESHSU875KFVMQG2,0.090909,0.909091,point_previews/task000171_mu000256_rho060_n1.png
0.7,256,8,license_plate_bahnschrift.ttf,CBAGJWPD6YXT0RNZL49E3HSU875KFVMQ2,15,3,0,0.595,13.38656,0.735998,0.721147,CBAGJWPD46YXTURNZL49E3HSUBS7TSKFVMQG2,0.212121,0.787879,point_previews/task000171_mu000256_rho070_n0.png
0.7,256,8,license_plate_bahnschrift.ttf,CBAGJWPD6YXT0RNZL49E3HSU875KFVMQ2,15,3,1,0.595,13.38656,0.735998,0.721147,CBAGJWPD6YXTURNZL49ESHSUB7TSKFVMQG2,0.181818,0.818182,point_previews/task000171_mu000256_rho070_n1.png
0.8,256,8,license_plate_bahnschrift.ttf,CBAGJWPD6YXT0RNZL49E3HSU875KFVMQ2,15,3,0,0.68,14.310835,0.701998,0.674571,CBAGJWPD6YXT0RNZL49E3HSUS7SKFVMQG2,0.090909,0.909091,point_previews/task000171_mu000256_rho080_n0.png
0.8,256,8,license_plate_bahnschrift.ttf,CBAGJWPD6YXT0RNZL49E3HSU875KFVMQ2,15,3,1,0.68,14.310835,0.701998,0.674571,CBAGJWPD6YXTURNZL49ESHSUS75KFVMQG2,0.121212,0.878788,point_previews/task000171_mu000256_rho080_n1.png
0.9,256,8,license_plate_bahnschrift.ttf,CBAGJWPD6YXT0RNZL49E3HSU875KFVMQ2,15,3,0,0.765,15.178933,0.668877,0.635992,CBAGJWPD6YXT0RNZL49ESHSUB75SKFVMQG2,0.121212,0.878788,point_previews/task000171_mu000256_rho090_n0.png
0.9,256,8,license_plate_bahnschrift.ttf,CBAGJWPD6YXT0RNZL49E3HSU875KFVMQ2,15,3,1,0.765,15.178933,0.668877,0.635992,CBAGJWPD6YXTURNZL49E3HSUB7TSKFVMQ2,0.121212,0.878788,point_previews/task000171_mu000256_rho090_n1.png
1.0,256,8,license_plate_bahnschrift.ttf,CBAGJWPD6YXT0RNZL49E3HSU875KFVMQ2,15,3,0,0.85,16.0,0.63662,0.603355,CBAGJWPD6YXTURNZL49E3HSU875KFVMQG2,0.060606,0.939394,point_previews/task000171_mu000256_rho100_n0.png
1.0,256,8,license_plate_bahnschrift.ttf,CBAGJWPD6YXT0RNZL49E3HSU875KFVMQ2,15,3,1,0.85,16.0,0.63662,0.603355,CBAGJWPD6YXT0RNZL49ESHSU875KFVMQG2,0.060606,0.939394,point_previews/task000171_mu000256_rho100_n1.png
0.1,1024,8,license_plate_bahnschrift.ttf,CBAGJWPD6YXT0RNZL49E3HSU875KFVMQ2,15,3,0,0.085,5.059644,0.959381,1.907975,CBAGJWPD6YXTURNZL49E3HSUS7SKFYMG2,0.151515,0.848485,point_previews/task000172_mu001024_rho010_n0.png
0.1,1024,8,license_plate_bahnschrift.ttf,CBAGJWPD6YXT0RNZL49E3HSU875KFVMQ2,15,3,1,0.085,5.059644,0.959381,1.907975,CBAGJWPDS6YXTGRNZLAPESHSUB7SKFVMG2,0.242424,0.757576,point_previews/task000172_mu001024_rho010_n1.png
0.2,1024,8,license_plate_bahnschrift.ttf,CBAGJWPD6YXT0RNZL49E3HSU875KFVMQ2,15,3,0,0.17,7.155418,0.919759,1.349142,CBAGJWPD6YXT0RNZL49E3HSU87SKFVMG2,0.060606,0.939394,point_previews/task000172_mu001024_rho020_n0.png
0.2,1024,8,license_plate_bahnschrift.ttf,CBAGJWPD6YXT0RNZL49E3HSU875KFVMQ2,15,3,1,0.17,7.155418,0.919759,1.349142,CBAGJWPDS6YXTURNZL49E3HSUS75KFVMG2,0.121212,0.878788,point_previews/task000172_mu001024_rho020_n1.png
0.3,1024,8,license_plate_bahnschrift.ttf,CBAGJWPD6YXT0RNZL49E3HSU875KFVMQ2,15,3,0,0.255,8.763561,0.881116,1.10157,CBAGJWPD6YXT0RNZL49E3HSUB7SKFVMG2,0.090909,0.909091,point_previews/task000172_mu001024_rho030_n0.png
0.3,1024,8,license_plate_bahnschrift.ttf,CBAGJWPD6YXT0RNZL49E3HSU875KFVMQ2,15,3,1,0.255,8.763561,0.881116,1.10157,CBAGJWPD6YXT0RNZL49ESHSUB7SKFVMG2,0.121212,0.878788,point_previews/task000172_mu001024_rho030_n1.png
0.4,1024,8,license_plate_bahnschrift.ttf,CBAGJWPD6YXT0RNZL49E3HSU875KFVMQ2,15,3,0,0.34,10.119289,0.843436,0.953987,CBAGJWPDS6YXTRNZL49ESHSUB87SKFVMG2,0.181818,0.818182,point_previews/task000172_mu001024_rho040_n0.png
0.4,1024,8,license_plate_bahnschrift.ttf,CBAGJWPD6YXT0RNZL49E3HSU875KFVMQ2,15,3,1,0.34,10.119289,0.843436,0.953987,CBAGJWPDS6YXTRNZL49ESHSUBS7SKFVMG2,0.212121,0.787879,point_previews/task000172_mu001024_rho040_n1.png
0.5,1024,8,license_plate_bahnschrift.ttf,CBAGJWPD6YXT0RNZL49E3HSU875KFVMQ2,15,3,0,0.425,11.313708,0.8067,0.853272,CBAGJWPD6YXT0RNZL49E3HSUB7SKFVMQ2,0.060606,0.939394,point_previews/task000172_mu001024_rho050_n0.png
0.5,1024,8,license_plate_bahnschrift.ttf,CBAGJWPD6YXT0RNZL49E3HSU875KFVMQ2,15,3,1,0.425,11.313708,0.8067,0.853272,CBAGJWPD6YXT0RNZL49E3HSU87SKFVMQG2,0.060606,0.939394,point_previews/task000172_mu001024_rho050_n1.png
0.6,1024,8,license_plate_bahnschrift.ttf,CBAGJWPD6YXT0RNZL49E3HSU875KFVMQ2,15,3,0,0.51,12.393547,0.770893,0.778927,CBAGJWPD6YXT0RNZL49ESHSUB7SKFVMQG2,0.121212,0.878788,point_previews/task000172_mu001024_rho060_n0.png
0.6,1024,8,license_plate_bahnschrift.ttf,CBAGJWPD6YXT0RNZL49E3HSU875KFVMQ2,15,3,1,0.51,12.393547,0.770893,0.778927,CBAGJWPD6YXT0RNZL49E3HSUS75SKFVMQG2,0.090909,0.909091,point_previews/task000172_mu001024_rho060_n1.png
0.7,1024,8,license_plate_bahnschrift.ttf,CBAGJWPD6YXT0RNZL49E3HSU875KFVMQ2,15,3,0,0.595,13.38656,0.735998,0.721147,CBAGJWPD6YXT0RNZL49E3HSUB7SKFVMQ2,0.060606,0.939394,point_previews/task000172_mu001024_rho070_n0.png
0.7,1024,8,license_plate_bahnschrift.ttf,CBAGJWPD6YXT0RNZL49E3HSU875KFVMQ2,15,3,1,0.595,13.38656,0.735998,0.721147,CBAGJWPD6YXT0RNZL49E3HSUB87SKFVMQG2,0.090909,0.909091,point_previews/task000172_mu001024_rho070_n1.png
0.8,1024,8,license_plate_bahnschrift.ttf,CBAGJWPD6YXT0RNZL49E3HSU875KFVMQ2,15,3,0,0.68,14.310835,0.701998,0.674571,CBAGJWPD6YXT0RNZL49E3HSU875SKFVMQG2,0.060606,0.939394,point_previews/task000172_mu001024_rho080_n0.png
0.8,1024,8,license_plate_bahnschrift.ttf,CBAGJWPD6YXT0RNZL49E3HSU875KFVMQ2,15,3,1,0.68,14.310835,0.701998,0.674571,CBAGJWPD6YXT0RNZL49E3HSU875KFVMQG2,0.030303,0.969697,point_previews/task000172_mu001024_rho080_n1.png
0.9,1024,8,license_plate_bahnschrift.ttf,CBAGJWPD6YXT0RNZL49E3HSU875KFVMQ2,15,3,0,0.765,15.178933,0.668877,0.635992,CBAGJWPD6YXT0RNZL49E3HSU875SKFVMQG2,0.060606,0.939394,point_previews/task000172_mu001024_rho090_n0.png
0.9,1024,8,license_plate_bahnschrift.ttf,CBAGJWPD6YXT0RNZL49E3HSU875KFVMQ2,15,3,1,0.765,15.178933,0.668877,0.635992,CBAGJWPD6YXT0RNZL49E3HSUB75KFVMQ2,0.030303,0.969697,point_previews/task000172_mu001024_rho090_n1.png
1.0,1024,8,license_plate_bahnschrift.ttf,CBAGJWPD6YXT0RNZL49E3HSU875KFVMQ2,15,3,0,0.85,16.0,0.63662,0.603355,CBAGJWPD6YXT0RNZL49E3HSU875KFVMQ2,0.0,1.0,point_previews/task000172_mu001024_rho100_n0.png
1.0,1024,8,license_plate_bahnschrift.ttf,CBAGJWPD6YXT0RNZL49E3HSU875KFVMQ2,15,3,1,0.85,16.0,0.63662,0.603355,CBAGJWPD6YXT0RNZL49E3HSU875KFVMQ2,0.0,1.0,point_previews/task000172_mu001024_rho100_n1.png
0.1,4096,8,license_plate_bahnschrift.ttf,CBAGJWPD6YXT0RNZL49E3HSU875KFVMQ2,15,3,0,0.085,5.059644,0.959381,1.907975,CBAGJWPDGYXTURNZL49E3HSUB75KFYVMG2,0.151515,0.848485,point_previews/task000173_mu004096_rho010_n0.png
0.1,4096,8,license_plate_bahnschrift.ttf,CBAGJWPD6YXT0RNZL49E3HSU875KFVMQ2,15,3,1,0.085,5.059644,0.959381,1.907975,CBAGJWPD6YXTGRNZL49E3HSUS7SKFVMG2,0.121212,0.878788,point_previews/task000173_mu004096_rho010_n1.png
0.2,4096,8,license_plate_bahnschrift.ttf,CBAGJWPD6YXT0RNZL49E3HSU875KFVMQ2,15,3,0,0.17,7.155418,0.919759,1.349142,CBAGJWPD6YXTRNZL49E3HSUBS7SKFVMG2,0.151515,0.848485,point_previews/task000173_mu004096_rho020_n0.png
0.2,4096,8,license_plate_bahnschrift.ttf,CBAGJWPD6YXT0RNZL49E3HSU875KFVMQ2,15,3,1,0.17,7.155418,0.919759,1.349142,CBAGJWPD6YXT0RNZL49ESHSUB7SKFVMG2,0.121212,0.878788,point_previews/task000173_mu004096_rho020_n1.png
0.3,4096,8,license_plate_bahnschrift.ttf,CBAGJWPD6YXT0RNZL49E3HSU875KFVMQ2,15,3,0,0.255,8.763561,0.881116,1.10157,CBAGJWPD6YXTRNZL49ESHSU875SKFVMQG2,0.121212,0.878788,point_previews/task000173_mu004096_rho030_n0.png
0.3,4096,8,license_plate_bahnschrift.ttf,CBAGJWPD6YXT0RNZL49E3HSU875KFVMQ2,15,3,1,0.255,8.763561,0.881116,1.10157,CBAGJWPD6YXTURNZL49E3HSUB7SKFVMQG2,0.121212,0.878788,point_previews/task000173_mu004096_rho030_n1.png
0.4,4096,8,license_plate_bahnschrift.ttf,CBAGJWPD6YXT0RNZL49E3HSU875KFVMQ2,15,3,0,0.34,10.119289,0.843436,0.953987,CBAGJWPD6YXT0RNZL49E3HSU87SKFVMQG2,0.060606,0.939394,point_previews/task000173_mu004096_rho040_n0.png
0.4,4096,8,license_plate_bahnschrift.ttf,CBAGJWPD6YXT0RNZL49E3HSU875KFVMQ2,15,3,1,0.34,10.119289,0.843436,0.953987,CBAGJWPD6YXTRNZL49E3HSUB87SKFVMG2,0.121212,0.878788,point_previews/task000173_mu004096_rho040_n1.png
0.5,4096,8,license_plate_bahnschrift.ttf,CBAGJWPD6YXT0RNZL49E3HSU875KFVMQ2,15,3,0,0.425,11.313708,0.8067,0.853272,CBAGJWPD6YXT0RNZL49E3HSUB87SKFVMG2,0.090909,0.909091,point_previews/task000173_mu004096_rho050_n0.png
0.5,4096,8,license_plate_bahnschrift.ttf,CBAGJWPD6YXT0RNZL49E3HSU875KFVMQ2,15,3,1,0.425,11.313708,0.8067,0.853272,CBAGJWPD6YXT0RNZL49E3HSUB75SKFVMQG2,0.090909,0.909091,point_previews/task000173_mu004096_rho050_n1.png
0.6,4096,8,license_plate_bahnschrift.ttf,CBAGJWPD6YXT0RNZL49E3HSU875KFVMQ2,15,3,0,0.51,12.393547,0.770893,0.778927,CBAGJWPD6YXT0RNZL49E3HSUB87SKFVMQG2,0.090909,0.909091,point_previews/task000173_mu004096_rho060_n0.png
0.6,4096,8,license_plate_bahnschrift.ttf,CBAGJWPD6YXT0RNZL49E3HSU875KFVMQ2,15,3,1,0.51,12.393547,0.770893,0.778927,CBAGJWPD6YXT0RNZL49E3HSU87SKFVMQG2,0.060606,0.939394,point_previews/task000173_mu004096_rho060_n1.png
0.7,4096,8,license_plate_bahnschrift.ttf,CBAGJWPD6YXT0RNZL49E3HSU875KFVMQ2,15,3,0,0.595,13.38656,0.735998,0.721147,CBAGJWPD6YXT0RNZL49E3HSU875KFVMQ2,0.0,1.0,point_previews/task000173_mu004096_rho070_n0.png
0.7,4096,8,license_plate_bahnschrift.ttf,CBAGJWPD6YXT0RNZL49E3HSU875KFVMQ2,15,3,1,0.595,13.38656,0.735998,0.721147,CBAGJWPD6YXT0RNZL49E3HSU875SKFVMQ2,0.030303,0.969697,point_previews/task000173_mu004096_rho070_n1.png
0.8,4096,8,license_plate_bahnschrift.ttf,CBAGJWPD6YXT0RNZL49E3HSU875KFVMQ2,15,3,0,0.68,14.310835,0.701998,0.674571,CBAGJWPD6YXT0RNZL49E3HSU875KFVMQ2,0.0,1.0,point_previews/task000173_mu004096_rho080_n0.png
0.8,4096,8,license_plate_bahnschrift.ttf,CBAGJWPD6YXT0RNZL49E3HSU875KFVMQ2,15,3,1,0.68,14.310835,0.701998,0.674571,CBAGJWPD6YXT0RNZL49E3HSU875KFVMQ2,0.0,1.0,point_previews/task000173_mu004096_rho080_n1.png
0.9,4096,8,license_plate_bahnschrift.ttf,CBAGJWPD6YXT0RNZL49E3HSU875KFVMQ2,15,3,0,0.765,15.178933,0.668877,0.635992,CBAGJWPD6YXT0RNZL49E3HSU875SKFVMQ2,0.030303,0.969697,point_previews/task000173_mu004096_rho090_n0.png
0.9,4096,8,license_plate_bahnschrift.ttf,CBAGJWPD6YXT0RNZL49E3HSU875KFVMQ2,15,3,1,0.765,15.178933,0.668877,0.635992,CBAGJWPD6YXT0RNZL49E3HSU875KFVMQ2,0.0,1.0,point_previews/task000173_mu004096_rho090_n1.png
1.0,4096,8,license_plate_bahnschrift.ttf,CBAGJWPD6YXT0RNZL49E3HSU875KFVMQ2,15,3,0,0.85,16.0,0.63662,0.603355,CBAGJWPD6YXT0RNZL49E3HSU875KFVMQ2,0.0,1.0,point_previews/task000173_mu004096_rho100_n0.png
1.0,4096,8,license_plate_bahnschrift.ttf,CBAGJWPD6YXT0RNZL49E3HSU875KFVMQ2,15,3,1,0.85,16.0,0.63662,0.603355,CBAGJWPD6YXT0RNZL49E3HSU875KFVMQ2,0.0,1.0,point_previews/task000173_mu004096_rho100_n1.png
0.1,16384,8,license_plate_bahnschrift.ttf,CBAGJWPD6YXT0RNZL49E3HSU875KFVMQ2,15,3,0,0.085,5.059644,0.959381,1.907975,CBAGJWPD6YXTURNZL49E3HSUBS7SKFVMG2,0.151515,0.848485,point_previews/task000174_mu016384_rho010_n0.png
0.1,16384,8,license_plate_bahnschrift.ttf,CBAGJWPD6YXT0RNZL49E3HSU875KFVMQ2,15,3,1,0.085,5.059644,0.959381,1.907975,CBAGJWPD6YXTGRNZL49E3HSUS7SKFVMG2,0.121212,0.878788,point_previews/task000174_mu016384_rho010_n1.png
0.2,16384,8,license_plate_bahnschrift.ttf,CBAGJWPD6YXT0RNZL49E3HSU875KFVMQ2,15,3,0,0.17,7.155418,0.919759,1.349142,CBAGJWPD6YXT0RNZL49E3HSUS7SKFVMG2,0.090909,0.909091,point_previews/task000174_mu016384_rho020_n0.png
0.2,16384,8,license_plate_bahnschrift.ttf,CBAGJWPD6YXT0RNZL49E3HSU875KFVMQ2,15,3,1,0.17,7.155418,0.919759,1.349142,CBAGJWPD6YXTRNZL49E3HSUS7SKFVMG2,0.121212,0.878788,point_previews/task000174_mu016384_rho020_n1.png
0.3,16384,8,license_plate_bahnschrift.ttf,CBAGJWPD6YXT0RNZL49E3HSU875KFVMQ2,15,3,0,0.255,8.763561,0.881116,1.10157,CBAGJWPD6YXTURNZL49ESHSU875SKFVMQG2,0.121212,0.878788,point_previews/task000174_mu016384_rho030_n0.png
0.3,16384,8,license_plate_bahnschrift.ttf,CBAGJWPD6YXT0RNZL49E3HSU875KFVMQ2,15,3,1,0.255,8.763561,0.881116,1.10157,CBAGJWPD6YXTRNZL49E3HSU875SKFVMQG2,0.090909,0.909091,point_previews/task000174_mu016384_rho030_n1.png
0.4,16384,8,license_plate_bahnschrift.ttf,CBAGJWPD6YXT0RNZL49E3HSU875KFVMQ2,15,3,0,0.34,10.119289,0.843436,0.953987,CBAGJWPD6YXT0RNZL49E3HSU87SKFVMG2,0.060606,0.939394,point_previews/task000174_mu016384_rho040_n0.png
0.4,16384,8,license_plate_bahnschrift.ttf,CBAGJWPD6YXT0RNZL49E3HSU875KFVMQ2,15,3,1,0.34,10.119289,0.843436,0.953987,CBAGJWPD6YXT0RNZL49ES3HSU87SKFVMG2,0.090909,0.909091,point_previews/task000174_mu016384_rho040_n1.png
0.5,16384,8,license_plate_bahnschrift.ttf,CBAGJWPD6YXT0RNZL49E3HSU875KFVMQ2,15,3,0,0.425,11.313708,0.8067,0.853272,CBAGJWPD6YXT0RNZL49E3HSU875SKFVMQG2,0.060606,0.939394,point_previews/task000174_mu016384_rho050_n0.png
0.5,16384,8,license_plate_bahnschrift.ttf,CBAGJWPD6YXT0RNZL49E3HSU875KFVMQ2,15,3,1,0.425,11.313708,0.8067,0.853272,CBAGJWPD6YXT0RNZL49E3HSU875SKFVMQG2,0.060606,0.939394,point_previews/task000174_mu016384_rho050_n1.png
0.6,16384,8,license_plate_bahnschrift.ttf,CBAGJWPD6YXT0RNZL49E3HSU875KFVMQ2,15,3,0,0.51,12.393547,0.770893,0.778927,CBAGJWPD6YXT0RNZL49E3HSU875KFVMQG2,0.030303,0.969697,point_previews/task000174_mu016384_rho060_n0.png
0.6,16384,8,license_plate_bahnschrift.ttf,CBAGJWPD6YXT0RNZL49E3HSU875KFVMQ2,15,3,1,0.51,12.393547,0.770893,0.778927,CBAGJWPD6YXT0RNZL49E3HSU875SKFVMQG2,0.060606,0.939394,point_previews/task000174_mu016384_rho060_n1.png
0.7,16384,8,license_plate_bahnschrift.ttf,CBAGJWPD6YXT0RNZL49E3HSU875KFVMQ2,15,3,0,0.595,13.38656,0.735998,0.721147,CBAGJWPD6YXT0RNZL49E3HSU875KFVMQ2,0.0,1.0,point_previews/task000174_mu016384_rho070_n0.png
0.7,16384,8,license_plate_bahnschrift.ttf,CBAGJWPD6YXT0RNZL49E3HSU875KFVMQ2,15,3,1,0.595,13.38656,0.735998,0.721147,CBAGJWPD6YXT0RNZL49E3HSU875SKFVMQ2,0.030303,0.969697,point_previews/task000174_mu016384_rho070_n1.png
0.8,16384,8,license_plate_bahnschrift.ttf,CBAGJWPD6YXT0RNZL49E3HSU875KFVMQ2,15,3,0,0.68,14.310835,0.701998,0.674571,CBAGJWPD6YXT0RNZL49E3HSU875KFVMQ2,0.0,1.0,point_previews/task000174_mu016384_rho080_n0.png
0.8,16384,8,license_plate_bahnschrift.ttf,CBAGJWPD6YXT0RNZL49E3HSU875KFVMQ2,15,3,1,0.68,14.310835,0.701998,0.674571,CBAGJWPD6YXT0RNZL49E3HSU875KFVMQ2,0.0,1.0,point_previews/task000174_mu016384_rho080_n1.png
0.9,16384,8,license_plate_bahnschrift.ttf,CBAGJWPD6YXT0RNZL49E3HSU875KFVMQ2,15,3,0,0.765,15.178933,0.668877,0.635992,CBAGJWPD6YXT0RNZL49E3HSU875KFVMQ2,0.0,1.0,point_previews/task000174_mu016384_rho090_n0.png
0.9,16384,8,license_plate_bahnschrift.ttf,CBAGJWPD6YXT0RNZL49E3HSU875KFVMQ2,15,3,1,0.765,15.178933,0.668877,0.635992,CBAGJWPD6YXT0RNZL49E3HSU875KFVMQG2,0.030303,0.969697,point_previews/task000174_mu016384_rho090_n1.png
1.0,16384,8,license_plate_bahnschrift.ttf,CBAGJWPD6YXT0RNZL49E3HSU875KFVMQ2,15,3,0,0.85,16.0,0.63662,0.603355,CBAGJWPD6YXT0RNZL49E3HSU875KFVMQ2,0.0,1.0,point_previews/task000174_mu016384_rho100_n0.png
1.0,16384,8,license_plate_bahnschrift.ttf,CBAGJWPD6YXT0RNZL49E3HSU875KFVMQ2,15,3,1,0.85,16.0,0.63662,0.603355,CBAGJWPD6YXT0RNZL49E3HSU875KFVMQ2,0.0,1.0,point_previews/task000174_mu016384_rho100_n1.png
0.1,65536,8,license_plate_bahnschrift.ttf,CBAGJWPD6YXT0RNZL49E3HSU875KFVMQ2,15,3,0,0.085,5.059644,0.959381,1.907975,CBAGJWPD6YXTGRNZL49ESHSUS7SKFVMG2,0.151515,0.848485,point_previews/task000175_mu065536_rho010_n0.png
0.1,65536,8,license_plate_bahnschrift.ttf,CBAGJWPD6YXT0RNZL49E3HSU875KFVMQ2,15,3,1,0.085,5.059644,0.959381,1.907975,CBAGJWPD6YXTGRNZL49ES3HSUBS7SKFVMG2,0.181818,0.818182,point_previews/task000175_mu065536_rho010_n1.png
0.2,65536,8,license_plate_bahnschrift.ttf,CBAGJWPD6YXT0RNZL49E3HSU875KFVMQ2,15,3,0,0.17,7.155418,0.919759,1.349142,CBAGJWPD6YXTRNZL49E3HSUS7SKFVMG2,0.121212,0.878788,point_previews/task000175_mu065536_rho020_n0.png
0.2,65536,8,license_plate_bahnschrift.ttf,CBAGJWPD6YXT0RNZL49E3HSU875KFVMQ2,15,3,1,0.17,7.155418,0.919759,1.349142,CBAGJWPD6YXT0RNZL49E3HSUBS7SKFVMG2,0.121212,0.878788,point_previews/task000175_mu065536_rho020_n1.png
0.3,65536,8,license_plate_bahnschrift.ttf,CBAGJWPD6YXT0RNZL49E3HSU875KFVMQ2,15,3,0,0.255,8.763561,0.881116,1.10157,CBAGJWPD6YXTRNZL49E3HSU875KFVMQG2,0.060606,0.939394,point_previews/task000175_mu065536_rho030_n0.png
0.3,65536,8,license_plate_bahnschrift.ttf,CBAGJWPD6YXT0RNZL49E3HSU875KFVMQ2,15,3,1,0.255,8.763561,0.881116,1.10157,CBAGJWPD6YXT0RNZL49E3HSU87SKFVMQG2,0.060606,0.939394,point_previews/task000175_mu065536_rho030_n1.png
0.4,65536,8,license_plate_bahnschrift.ttf,CBAGJWPD6YXT0RNZL49E3HSU875KFVMQ2,15,3,0,0.34,10.119289,0.843436,0.953987,CBAGJWPD6YXT0RNZL49E3HSU87SKFVMQG2,0.060606,0.939394,point_previews/task000175_mu065536_rho040_n0.png
0.4,65536,8,license_plate_bahnschrift.ttf,CBAGJWPD6YXT0RNZL49E3HSU875KFVMQ2,15,3,1,0.34,10.119289,0.843436,0.953987,CBAGJWPD6YXT0RNZL49E3HSU87SKFVMG2,0.060606,0.939394,point_previews/task000175_mu065536_rho040_n1.png
0.5,65536,8,license_plate_bahnschrift.ttf,CBAGJWPD6YXT0RNZL49E3HSU875KFVMQ2,15,3,0,0.425,11.313708,0.8067,0.853272,CBAGJWPD6YXT0RNZL49E3HSU87SKFVMG2,0.060606,0.939394,point_previews/task000175_mu065536_rho050_n0.png
0.5,65536,8,license_plate_bahnschrift.ttf,CBAGJWPD6YXT0RNZL49E3HSU875KFVMQ2,15,3,1,0.425,11.313708,0.8067,0.853272,CBAGJWPD6YXT0RNZL49E3HSU875SKFVMQG2,0.060606,0.939394,point_previews/task000175_mu065536_rho050_n1.png
0.6,65536,8,license_plate_bahnschrift.ttf,CBAGJWPD6YXT0RNZL49E3HSU875KFVMQ2,15,3,0,0.51,12.393547,0.770893,0.778927,CBAGJWPD6YXT0RNZL49E3HSU875SKFVMQG2,0.060606,0.939394,point_previews/task000175_mu065536_rho060_n0.png
0.6,65536,8,license_plate_bahnschrift.ttf,CBAGJWPD6YXT0RNZL49E3HSU875KFVMQ2,15,3,1,0.51,12.393547,0.770893,0.778927,CBAGJWPD6YXT0RNZL49E3HSU87SKFVMQG2,0.060606,0.939394,point_previews/task000175_mu065536_rho060_n1.png
0.7,65536,8,license_plate_bahnschrift.ttf,CBAGJWPD6YXT0RNZL49E3HSU875KFVMQ2,15,3,0,0.595,13.38656,0.735998,0.721147,CBAGJWPD6YXT0RNZL49E3HSU875KFVMQ2,0.0,1.0,point_previews/task000175_mu065536_rho070_n0.png
0.7,65536,8,license_plate_bahnschrift.ttf,CBAGJWPD6YXT0RNZL49E3HSU875KFVMQ2,15,3,1,0.595,13.38656,0.735998,0.721147,CBAGJWPD6YXT0RNZL49E3HSU875KFVMQ2,0.0,1.0,point_previews/task000175_mu065536_rho070_n1.png
0.8,65536,8,license_plate_bahnschrift.ttf,CBAGJWPD6YXT0RNZL49E3HSU875KFVMQ2,15,3,0,0.68,14.310835,0.701998,0.674571,CBAGJWPD6YXT0RNZL49E3HSU875KFVMQ2,0.0,1.0,point_previews/task000175_mu065536_rho080_n0.png
0.8,65536,8,license_plate_bahnschrift.ttf,CBAGJWPD6YXT0RNZL49E3HSU875KFVMQ2,15,3,1,0.68,14.310835,0.701998,0.674571,CBAGJWPD6YXT0RNZL49E3HSU875KFVMQ2,0.0,1.0,point_previews/task000175_mu065536_rho080_n1.png
0.9,65536,8,license_plate_bahnschrift.ttf,CBAGJWPD6YXT0RNZL49E3HSU875KFVMQ2,15,3,0,0.765,15.178933,0.668877,0.635992,CBAGJWPD6YXT0RNZL49E3HSU875KFVMQG2,0.030303,0.969697,point_previews/task000175_mu065536_rho090_n0.png
0.9,65536,8,license_plate_bahnschrift.ttf,CBAGJWPD6YXT0RNZL49E3HSU875KFVMQ2,15,3,1,0.765,15.178933,0.668877,0.635992,CBAGJWPD6YXT0RNZL49E3HSU875KFVMQ2,0.0,1.0,point_previews/task000175_mu065536_rho090_n1.png
1.0,65536,8,license_plate_bahnschrift.ttf,CBAGJWPD6YXT0RNZL49E3HSU875KFVMQ2,15,3,0,0.85,16.0,0.63662,0.603355,CBAGJWPD6YXT0RNZL49E3HSU875KFVMQ2,0.0,1.0,point_previews/task000175_mu065536_rho100_n0.png
1.0,65536,8,license_plate_bahnschrift.ttf,CBAGJWPD6YXT0RNZL49E3HSU875KFVMQ2,15,3,1,0.85,16.0,0.63662,0.603355,CBAGJWPD6YXT0RNZL49E3HSU875KFVMQ2,0.0,1.0,point_previews/task000175_mu065536_rho100_n1.png
0.1,4,8,license_plate_bahnschrift.ttf,CBAGJWPD6YXT0RNZL49E3HSU875KFVMQ2,15,7,0,0.085,5.059644,0.959381,1.907975,,1.0,0.0,point_previews/task000176_mu000004_rho010_n0.png
0.1,4,8,license_plate_bahnschrift.ttf,CBAGJWPD6YXT0RNZL49E3HSU875KFVMQ2,15,7,1,0.085,5.059644,0.959381,1.907975,SASWBEPMRERTEASAUHAEE,0.848485,0.151515,point_previews/task000176_mu000004_rho010_n1.png
0.2,4,8,license_plate_bahnschrift.ttf,CBAGJWPD6YXT0RNZL49E3HSU875KFVMQ2,15,7,0,0.17,7.155418,0.919759,1.349142,LFDTEMYHASLASPSR,0.909091,0.090909,point_previews/task000176_mu000004_rho020_n0.png
0.2,4,8,license_plate_bahnschrift.ttf,CBAGJWPD6YXT0RNZL49E3HSU875KFVMQ2,15,7,1,0.17,7.155418,0.919759,1.349142,,1.0,0.0,point_previews/task000176_mu000004_rho020_n1.png
0.3,4,8,license_plate_bahnschrift.ttf,CBAGJWPD6YXT0RNZL49E3HSU875KFVMQ2,15,7,0,0.255,8.763561,0.881116,1.10157,ZGANUASLESAREESREET,0.878788,0.121212,point_previews/task000176_mu000004_rho030_n0.png
0.3,4,8,license_plate_bahnschrift.ttf,CBAGJWPD6YXT0RNZL49E3HSU875KFVMQ2,15,7,1,0.255,8.763561,0.881116,1.10157,CAESARRASUC,0.848485,0.151515,point_previews/task000176_mu000004_rho030_n1.png
0.4,4,8,license_plate_bahnschrift.ttf,CBAGJWPD6YXT0RNZL49E3HSU875KFVMQ2,15,7,0,0.34,10.119289,0.843436,0.953987,RALGEBMRNRAELUALSTTPCA,0.848485,0.151515,point_previews/task000176_mu000004_rho040_n0.png
0.4,4,8,license_plate_bahnschrift.ttf,CBAGJWPD6YXT0RNZL49E3HSU875KFVMQ2,15,7,1,0.34,10.119289,0.843436,0.953987,GEEASCPALRUGPDUAENCRN,0.909091,0.090909,point_previews/task000176_mu000004_rho040_n1.png
0.5,4,8,license_plate_bahnschrift.ttf,CBAGJWPD6YXT0RNZL49E3HSU875KFVMQ2,15,7,0,0.425,11.313708,0.8067,0.853272,7ERTSNERUREAS,0.878788,0.121212,point_previews/task000176_mu000004_rho050_n0.png
0.5,4,8,license_plate_bahnschrift.ttf,CBAGJWPD6YXT0RNZL49E3HSU875KFVMQ2,15,7,1,0.425,11.313708,0.8067,0.853272,APRNSTESNSATSRNERSRAUSMS,0.818182,0.181818,point_previews/task000176_mu000004_rho050_n1.png
0.6,4,8,license_plate_bahnschrift.ttf,CBAGJWPD6YXT0RNZL49E3HSU875KFVMQ2,15,7,0,0.51,12.393547,0.770893,0.778927,RYSRRCCE,0.909091,0.090909,point_previews/task000176_mu000004_rho060_n0.png
0.6,4,8,license_plate_bahnschrift.ttf,CBAGJWPD6YXT0RNZL49E3HSU875KFVMQ2,15,7,1,0.51,12.393547,0.770893,0.778927,ETATRERACALAANTEARPEREUE,0.909091,0.090909,point_previews/task000176_mu000004_rho060_n1.png
0.7,4,8,license_plate_bahnschrift.ttf,CBAGJWPD6YXT0RNZL49E3HSU875KFVMQ2,15,7,0,0.595,13.38656,0.735998,0.721147,BRSRCATCAR,0.909091,0.090909,point_previews/task000176_mu000004_rho070_n0.png
0.7,4,8,license_plate_bahnschrift.ttf,CBAGJWPD6YXT0RNZL49E3HSU875KFVMQ2,15,7,1,0.595,13.38656,0.735998,0.721147,SRR2CHNEEBEUE,0.909091,0.090909,point_previews/task000176_mu000004_rho070_n1.png
0.8,4,8,license_plate_bahnschrift.ttf,CBAGJWPD6YXT0RNZL49E3HSU875KFVMQ2,15,7,0,0.68,14.310835,0.701998,0.674571,EREBTSTYPRNBGERARETCA,0.878788,0.121212,point_previews/task000176_mu000004_rho080_n0.png
0.8,4,8,license_plate_bahnschrift.ttf,CBAGJWPD6YXT0RNZL49E3HSU875KFVMQ2,15,7,1,0.68,14.310835,0.701998,0.674571,RTRSAYEANNPSCSNERE,0.909091,0.090909,point_previews/task000176_mu000004_rho080_n1.png
0.9,4,8,license_plate_bahnschrift.ttf,CBAGJWPD6YXT0RNZL49E3HSU875KFVMQ2,15,7,0,0.765,15.178933,0.668877,0.635992,SCSLESTRASGYLNRRHEACEESS,0.909091,0.090909,point_previews/task000176_mu000004_rho090_n0.png
0.9,4,8,license_plate_bahnschrift.ttf,CBAGJWPD6YXT0RNZL49E3HSU875KFVMQ2,15,7,1,0.765,15.178933,0.668877,0.635992,ASEMTRSTRERSEDRPEBNSERBRELN,0.878788,0.121212,point_previews/task000176_mu000004_rho090_n1.png
1.0,4,8,license_plate_bahnschrift.ttf,CBAGJWPD6YXT0RNZL49E3HSU875KFVMQ2,15,7,0,0.85,16.0,0.63662,0.603355,CRAHMAGBESTBRALASESESREE,0.787879,0.212121,point_previews/task000176_mu000004_rho100_n0.png
1.0,4,8,license_plate_bahnschrift.ttf,CBAGJWPD6YXT0RNZL49E3HSU875KFVMQ2,15,7,1,0.85,16.0,0.63662,0.603355,RSRSRCPSSHNBAR,0.939394,0.060606,point_previews/task000176_mu000004_rho100_n1.png
0.1,16,8,license_plate_bahnschrift.ttf,CBAGJWPD6YXT0RNZL49E3HSU875KFVMQ2,15,7,0,0.085,5.059644,0.959381,1.907975,SUATERSRURSSPAGGSSEAEBTB,0.909091,0.090909,point_previews/task000177_mu000016_rho010_n0.png
0.1,16,8,license_plate_bahnschrift.ttf,CBAGJWPD6YXT0RNZL49E3HSU875KFVMQ2,15,7,1,0.085,5.059644,0.959381,1.907975,SNRESRMRNFNREAERABCLEUEME,0.878788,0.121212,point_previews/task000177_mu000016_rho010_n1.png
0.2,16,8,license_plate_bahnschrift.ttf,CBAGJWPD6YXT0RNZL49E3HSU875KFVMQ2,15,7,0,0.17,7.155418,0.919759,1.349142,AEEASSSPPUEYSUGAPENGJRCHRT,0.939394,0.060606,point_previews/task000177_mu000016_rho020_n0.png
0.2,16,8,license_plate_bahnschrift.ttf,CBAGJWPD6YXT0RNZL49E3HSU875KFVMQ2,15,7,1,0.17,7.155418,0.919759,1.349142,HRSGSUPGZTBPRRKE0RALEE,0.878788,0.121212,point_previews/task000177_mu000016_rho020_n1.png
0.3,16,8,license_plate_bahnschrift.ttf,CBAGJWPD6YXT0RNZL49E3HSU875KFVMQ2,15,7,0,0.255,8.763561,0.881116,1.10157,CEERGUNRURRCRRNAEPTRRRTATS,0.878788,0.121212,point_previews/task000177_mu000016_rho030_n0.png
0.3,16,8,license_plate_bahnschrift.ttf,CBAGJWPD6YXT0RNZL49E3HSU875KFVMQ2,15,7,1,0.255,8.763561,0.881116,1.10157,HPSDGURRES8PAPE,0.848485,0.151515,point_previews/task000177_mu000016_rho030_n1.png
0.4,16,8,license_plate_bahnschrift.ttf,CBAGJWPD6YXT0RNZL49E3HSU875KFVMQ2,15,7,0,0.34,10.119289,0.843436,0.953987,TRAGTMBUECTRNZELSETASUREPAS,0.727273,0.272727,point_previews/task000177_mu000016_rho040_n0.png
0.4,16,8,license_plate_bahnschrift.ttf,CBAGJWPD6YXT0RNZL49E3HSU875KFVMQ2,15,7,1,0.34,10.119289,0.843436,0.953987,CBEGUAPTSYRTDRNELZPESHSHBTEMENMED,0.606061,0.393939,point_previews/task000177_mu000016_rho040_n1.png
0.5,16,8,license_plate_bahnschrift.ttf,CBAGJWPD6YXT0RNZL49E3HSU875KFVMQ2,15,7,0,0.425,11.313708,0.8067,0.853272,CRAGDYPBGPXTARNZLAGEZHSUESKEVBGY,0.515152,0.484848,point_previews/task000177_mu000016_rho050_n0.png
0.5,16,8,license_plate_bahnschrift.ttf,CBAGJWPD6YXT0RNZL49E3HSU875KFVMQ2,15,7,1,0.425,11.313708,0.8067,0.853272,CNGNEDWETGRNELGSE4SU876REVMGE,0.575758,0.424242,point_previews/task000177_mu000016_rho050_n1.png
0.6,16,8,license_plate_bahnschrift.ttf,CBAGJWPD6YXT0RNZL49E3HSU875KFVMQ2,15,7,0,0.51,12.393547,0.770893,0.778927,,1.0,0.0,point_previews/task000177_mu000016_rho060_n0.png
0.6,16,8,license_plate_bahnschrift.ttf,CBAGJWPD6YXT0RNZL49E3HSU875KFVMQ2,15,7,1,0.51,12.393547,0.770893,0.778927,,1.0,0.0,point_previews/task000177_mu000016_rho060_n1.png
0.7,16,8,license_plate_bahnschrift.ttf,CBAGJWPD6YXT0RNZL49E3HSU875KFVMQ2,15,7,0,0.595,13.38656,0.735998,0.721147,CSAGFWPGSYXTBRNZL2YE8HSURTSKFVMGED,0.424242,0.575758,point_previews/task000177_mu000016_rho070_n0.png
0.7,16,8,license_plate_bahnschrift.ttf,CBAGJWPD6YXT0RNZL49E3HSU875KFVMQ2,15,7,1,0.595,13.38656,0.735998,0.721147,,1.0,0.0,point_previews/task000177_mu000016_rho070_n1.png
0.8,16,8,license_plate_bahnschrift.ttf,CBAGJWPD6YXT0RNZL49E3HSU875KFVMQ2,15,7,0,0.68,14.310835,0.701998,0.674571,PENGWEDSYRTURNZEESESHS8FECEVH2,0.575758,0.424242,point_previews/task000177_mu000016_rho080_n0.png
0.8,16,8,license_plate_bahnschrift.ttf,CBAGJWPD6YXT0RNZL49E3HSU875KFVMQ2,15,7,1,0.68,14.310835,0.701998,0.674571,,1.0,0.0,point_previews/task000177_mu000016_rho080_n1.png
0.9,16,8,license_plate_bahnschrift.ttf,CBAGJWPD6YXT0RNZL49E3HSU875KFVMQ2,15,7,0,0.765,15.178933,0.668877,0.635992,CRABDAPDEYXTURNZLESESHSURTSKEYMAZ,0.484848,0.515152,point_previews/task000177_mu000016_rho090_n0.png
0.9,16,8,license_plate_bahnschrift.ttf,CBAGJWPD6YXT0RNZL49E3HSU875KFVMQ2,15,7,1,0.765,15.178933,0.668877,0.635992,CEABSVPDSATARNZLASESNSUSTSKEVMA2,0.515152,0.484848,point_previews/task000177_mu000016_rho090_n1.png
1.0,16,8,license_plate_bahnschrift.ttf,CBAGJWPD6YXT0RNZL49E3HSU875KFVMQ2,15,7,0,0.85,16.0,0.63662,0.603355,CRAGNPDEYXT0RNZ49ESASUBTSKEVM2,0.363636,0.636364,point_previews/task000177_mu000016_rho100_n0.png
1.0,16,8,license_plate_bahnschrift.ttf,CBAGJWPD6YXT0RNZL49E3HSU875KFVMQ2,15,7,1,0.85,16.0,0.63662,0.603355,,1.0,0.0,point_previews/task000177_mu000016_rho100_n1.png
0.1,64,8,license_plate_bahnschrift.ttf,CBAGJWPD6YXT0RNZL49E3HSU875KFVMQ2,15,7,0,0.085,5.059644,0.959381,1.907975,ZBERGAWPURYSDRRZEASESNSHATEREYM,0.727273,0.272727,point_previews/task000178_mu000064_rho010_n0.png
0.1,64,8,license_plate_bahnschrift.ttf,CBAGJWPD6YXT0RNZL49E3HSU875KFVMQ2,15,7,1,0.085,5.059644,0.959381,1.907975,CEABUMETTGNXTBRZEAYESHSTBKEVMEZ,0.666667,0.333333,point_previews/task000178_mu000064_rho010_n1.png
0.2,64,8,license_plate_bahnschrift.ttf,CBAGJWPD6YXT0RNZL49E3HSU875KFVMQ2,15,7,0,0.17,7.155418,0.919759,1.349142,SCRAGPNPBAYXTURNZLZSE3HSUCBKEU2,0.484848,0.515152,point_previews/task000178_mu000064_rho020_n0.png
0.2,64,8,license_plate_bahnschrift.ttf,CBAGJWPD6YXT0RNZL49E3HSU875KFVMQ2,15,7,1,0.17,7.155418,0.919759,1.349142,CEAGNPDEYXTURNZEAPESHSUB7SKEVMG2,0.393939,0.606061,point_previews/task000178_mu000064_rho020_n1.png
0.3,64,8,license_plate_bahnschrift.ttf,CBAGJWPD6YXT0RNZL49E3HSU875KFVMQ2,15,7,0,0.255,8.763561,0.881116,1.10157,CBAGJWPDSYXTURNZL4FESHSUR7SKEVMG2,0.242424,0.757576,point_previews/task000178_mu000064_rho030_n0.png
0.3,64,8,license_plate_bahnschrift.ttf,CBAGJWPD6YXT0RNZL49E3HSU875KFVMQ2,15,7,1,0.255,8.763561,0.881116,1.10157,CBAGJWPDEYXTQRNZ49ESHSUS7EKEVMAZ,0.272727,0.727273,point_previews/task000178_mu000064_rho030_n1.png
0.4,64,8,license_plate_bahnschrift.ttf,CBAGJWPD6YXT0RNZL49E3HSU875KFVMQ2,15,7,0,0.34,10.119289,0.843436,0.953987,CBAGJWPDSYXTURNZLASESHSUSTSKFYMA2,0.30303,0.69697,point_previews/task000178_mu000064_rho040_n0.png
0.4,64,8,license_plate_bahnschrift.ttf,CBAGJWPD6YXT0RNZL49E3HSU875KFVMQ2,15,7,1,0.34,10.119289,0.843436,0.953987,CBAGJWPD6YXTQRNZLASESHSUSTSKEVMG2,0.272727,0.727273,point_previews/task000178_mu000064_rho040_n1.png
0.5,64,8,license_plate_bahnschrift.ttf,CBAGJWPD6YXT0RNZL49E3HSU875KFVMQ2,15,7,0,0.425,11.313708,0.8067,0.853272,CBAGJWPDSYXTURNZLASESHSUB75KEVMG2,0.242424,0.757576,point_previews/task000178_mu000064_rho050_n0.png
0.5,64,8,license_plate_bahnschrift.ttf,CBAGJWPD6YXT0RNZL49E3HSU875KFVMQ2,15,7,1,0.425,11.313708,0.8067,0.853272,CEAGJWPDSYXTURNZL4PESHSUB7SKEVMA2,0.272727,0.727273,point_previews/task000178_mu000064_rho050_n1.png
0.6,64,8,license_plate_bahnschrift.ttf,CBAGJWPD6YXT0RNZL49E3HSU875KFVMQ2,15,7,0,0.51,12.393547,0.770893,0.778927,PBAGJWPDSYXTRNZLA9ESHSUB75KFVM02,0.212121,0.787879,point_previews/task000178_mu000064_rho060_n0.png
0.6,64,8,license_plate_bahnschrift.ttf,CBAGJWPD6YXT0RNZL49E3HSU875KFVMQ2,15,7,1,0.51,12.393547,0.770893,0.778927,CBAGJWPD6YXTURNZL49ESHSUSTSKFYMG2,0.212121,0.787879,point_previews/task000178_mu000064_rho060_n1.png
0.7,64,8,license_plate_bahnschrift.ttf,CBAGJWPD6YXT0RNZL49E3HSU875KFVMQ2,15,7,0,0.595,13.38656,0.735998,0.721147,CBAGJWPDSYXTURNZLSSESHSUBTSKEVMQG2,0.30303,0.69697,point_previews/task000178_mu000064_rho070_n0.png
0.7,64,8,license_plate_bahnschrift.ttf,CBAGJWPD6YXT0RNZL49E3HSU875KFVMQ2,15,7,1,0.595,13.38656,0.735998,0.721147,CBAGJWPD6YXTURNZL49ESHSUSTSKEVMQ2,0.181818,0.818182,point_previews/task000178_mu000064_rho070_n1.png
0.8,64,8,license_plate_bahnschrift.ttf,CBAGJWPD6YXT0RNZL49E3HSU875KFVMQ2,15,7,0,0.68,14.310835,0.701998,0.674571,CBAGJWPD6YXTRNZLL9EZHSUBTSKEVMQG2,0.242424,0.757576,point_previews/task000178_mu000064_rho080_n0.png
0.8,64,8,license_plate_bahnschrift.ttf,CBAGJWPD6YXT0RNZL49E3HSU875KFVMQ2,15,7,1,0.68,14.310835,0.701998,0.674571,CBAGJWEDEYXTURNZL4SESHSUBT5KEVMQ2,0.242424,0.757576,point_previews/task000178_mu000064_rho080_n1.png
0.9,64,8,license_plate_bahnschrift.ttf,CBAGJWPD6YXT0RNZL49E3HSU875KFVMQ2,15,7,0,0.765,15.178933,0.668877,0.635992,CBAGJWPD6YXTURNZLASESHSUS75KFVMQ2,0.151515,0.848485,point_previews/task000178_mu000064_rho090_n0.png
0.9,64,8,license_plate_bahnschrift.ttf,CBAGJWPD6YXT0RNZL49E3HSU875KFVMQ2,15,7,1,0.765,15.178933,0.668877,0.635992,CBAGJWPD4YXTURNZL49ESHSUB75KEVMQ2,0.151515,0.848485,point_previews/task000178_mu000064_rho090_n1.png
1.0,64,8,license_plate_bahnschrift.ttf,CBAGJWPD6YXT0RNZL49E3HSU875KFVMQ2,15,7,0,0.85,16.0,0.63662,0.603355,CSAGJWPD6YXTURNZL49ESHSUS7SKFVMG2,0.181818,0.818182,point_previews/task000178_mu000064_rho100_n0.png
1.0,64,8,license_plate_bahnschrift.ttf,CBAGJWPD6YXT0RNZL49E3HSU875KFVMQ2,15,7,1,0.85,16.0,0.63662,0.603355,CBAGJWPDS6YXT0RNZL49E3HSUB7SKFVMQ2,0.090909,0.909091,point_previews/task000178_mu000064_rho100_n1.png
0.1,256,8,license_plate_bahnschrift.ttf,CBAGJWPD6YXT0RNZL49E3HSU875KFVMQ2,15,7,0,0.085,5.059644,0.959381,1.907975,CBAGAJWPDGYXTQRNZLASE3HSUS2SKFYMD2,0.30303,0.69697,point_previews/task000179_mu000256_rho010_n0.png
0.1,256,8,license_plate_bahnschrift.ttf,CBAGJWPD6YXT0RNZL49E3HSU875KFVMQ2,15,7,1,0.085,5.059644,0.959381,1.907975,CBAGJWPDSYXTRNZCLSESHSUB7SKEVM2,0.30303,0.69697,point_previews/task000179_mu000256_rho010_n1.png
0.2,256,8,license_plate_bahnschrift.ttf,CBAGJWPD6YXT0RNZL49E3HSU875KFVMQ2,15,7,0,0.17,7.155418,0.919759,1.349142,CBAGJWPD6YXTRNZL49ESHSUSTSKFYM2,0.212121,0.787879,point_previews/task000179_mu000256_rho020_n0.png
0.2,256,8,license_plate_bahnschrift.ttf,CBAGJWPD6YXT0RNZL49E3HSU875KFVMQ2,15,7,1,0.17,7.155418,0.919759,1.349142,CBAGJWPDSYXTRNZLAPESHSUBTSKEVM2,0.30303,0.69697,point_previews/task000179_mu000256_rho020_n1.png
0.3,256,8,license_plate_bahnschrift.ttf,CBAGJWPD6YXT0RNZL49E3HSU875KFVMQ2,15,7,0,0.255,8.763561,0.881116,1.10157,CBAGJWPDAYXTRNZL49E3HSUS75KEVM2,0.151515,0.848485,point_previews/task000179_mu000256_rho030_n0.png
0.3,256,8,license_plate_bahnschrift.ttf,CBAGJWPD6YXT0RNZL49E3HSU875KFVMQ2,15,7,1,0.255,8.763561,0.881116,1.10157,CBAGJWPDS6YXTURNZL49ESHSUSTSKFVMQ2,0.181818,0.818182,point_previews/task000179_mu000256_rho030_n1.png
0.4,256,8,license_plate_bahnschrift.ttf,CBAGJWPD6YXT0RNZL49E3HSU875KFVMQ2,15,7,0,0.34,10.119289,0.843436,0.953987,CBAGJWPDSYXTRNZL49ESHSUB75KFVMG2,0.151515,0.848485,point_previews/task000179_mu000256_rho040_n0.png
0.4,256,8,license_plate_bahnschrift.ttf,CBAGJWPD6YXT0RNZL49E3HSU875KFVMQ2,15,7,1,0.34,10.119289,0.843436,0.953987,CBAGJWPD4YXTURNZL4SESHSUS75KFVMQ2,0.151515,0.848485,point_previews/task000179_mu000256_rho040_n1.png
0.5,256,8,license_plate_bahnschrift.ttf,CBAGJWPD6YXT0RNZL49E3HSU875KFVMQ2,15,7,0,0.425,11.313708,0.8067,0.853272,CEAGJWPDSYXTURNZL49ESHSUS75KFVMQ2,0.151515,0.848485,point_previews/task000179_mu000256_rho050_n0.png
0.5,256,8,license_plate_bahnschrift.ttf,CBAGJWPD6YXT0RNZL49E3HSU875KFVMQ2,15,7,1,0.425,11.313708,0.8067,0.853272,CBAGJWPD6YXTURNZL4SESHSUS75KFVMD02,0.181818,0.818182,point_previews/task000179_mu000256_rho050_n1.png
0.6,256,8,license_plate_bahnschrift.ttf,CBAGJWPD6YXT0RNZL49E3HSU875KFVMQ2,15,7,0,0.51,12.393547,0.770893,0.778927,CBAGJWPD6YXTRNZL49E3HSU87T5SKFVMQ2,0.090909,0.909091,point_previews/task000179_mu000256_rho060_n0.png
0.6,256,8,license_plate_bahnschrift.ttf,CBAGJWPD6YXT0RNZL49E3HSU875KFVMQ2,15,7,1,0.51,12.393547,0.770893,0.778927,CBAGJWPD6YXTURNZL49E3HSU875KFVMQ2,0.030303,0.969697,point_previews/task000179_mu000256_rho060_n1.png
0.7,256,8,license_plate_bahnschrift.ttf,CBAGJWPD6YXT0RNZL49E3HSU875KFVMQ2,15,7,0,0.595,13.38656,0.735998,0.721147,CBAGJWPD6YXT0RNZL49ESHSUSTSKFVMQ2,0.121212,0.878788,point_previews/task000179_mu000256_rho070_n0.png
0.7,256,8,license_plate_bahnschrift.ttf,CBAGJWPD6YXT0RNZL49E3HSU875KFVMQ2,15,7,1,0.595,13.38656,0.735998,0.721147,CBAGJWPD6YXTURNZL49ESHSUS75KFVMQ2,0.090909,0.909091,point_previews/task000179_mu000256_rho070_n1.png
0.8,256,8,license_plate_bahnschrift.ttf,CBAGJWPD6YXT0RNZL49E3HSU875KFVMQ2,15,7,0,0.68,14.310835,0.701998,0.674571,CBAGJWPD6YXTURNZL49ESHSUB75KFVMQ2,0.090909,0.909091,point_previews/task000179_mu000256_rho080_n0.png
0.8,256,8,license_plate_bahnschrift.ttf,CBAGJWPD6YXT0RNZL49E3HSU875KFVMQ2,15,7,1,0.68,14.310835,0.701998,0.674571,CBAGJWPD6YXTURNZL49E3HSU875KFVMQ2,0.030303,0.969697,point_previews/task000179_mu000256_rho080_n1.png
0.9,256,8,license_plate_bahnschrift.ttf,CBAGJWPD6YXT0RNZL49E3HSU875KFVMQ2,15,7,0,0.765,15.178933,0.668877,0.635992,CBAGJWPD6YXTURNZL49ESHSUB75KFVMQ2,0.090909,0.909091,point_previews/task000179_mu000256_rho090_n0.png
0.9,256,8,license_plate_bahnschrift.ttf,CBAGJWPD6YXT0RNZL49E3HSU875KFVMQ2,15,7,1,0.765,15.178933,0.668877,0.635992,CBAGJWPD6YXTURNZL49ESHSUB75KFVMQ2,0.090909,0.909091,point_previews/task000179_mu000256_rho090_n1.png
1.0,256,8,license_plate_bahnschrift.ttf,CBAGJWPD6YXT0RNZL49E3HSU875KFVMQ2,15,7,0,0.85,16.0,0.63662,0.603355,CBAGJWPD6YXTURNZL49ESHSUB75SKFVMQ2,0.121212,0.878788,point_previews/task000179_mu000256_rho100_n0.png
1.0,256,8,license_plate_bahnschrift.ttf,CBAGJWPD6YXT0RNZL49E3HSU875KFVMQ2,15,7,1,0.85,16.0,0.63662,0.603355,CBAGJWPD6YXT0RNZL49E3HSU8S75KFVMQ2,0.030303,0.969697,point_previews/task000179_mu000256_rho100_n1.png
0.1,1024,8,license_plate_bahnschrift.ttf,CBAGJWPD6YXT0RNZL49E3HSU875KFVMQ2,15,7,0,0.085,5.059644,0.959381,1.907975,CBAGJWPDSYXTRNZL49ESHSUS75KFVMG2,0.151515,0.848485,point_previews/task000180_mu001024_rho010_n0.png
0.1,1024,8,license_plate_bahnschrift.ttf,CBAGJWPD6YXT0RNZL49E3HSU875KFVMQ2,15,7,1,0.085,5.059644,0.959381,1.907975,CBAGJWPD6YXTRNZL4VESHSUS75KFVM2,0.151515,0.848485,point_previews/task000180_mu001024_rho010_n1.png
0.2,1024,8,license_plate_bahnschrift.ttf,CBAGJWPD6YXT0RNZL49E3HSU875KFVMQ2,15,7,0,0.17,7.155418,0.919759,1.349142,CBAGJWPD6YXTRNZL49ES3HSU875KFVMQ02,0.090909,0.909091,point_previews/task000180_mu001024_rho020_n0.png
0.2,1024,8,license_plate_bahnschrift.ttf,CBAGJWPD6YXT0RNZL49E3HSU875KFVMQ2,15,7,1,0.17,7.155418,0.919759,1.349142,CBAGJWPD6YXTRNZL49ESHSUS75KFVM02,0.121212,0.878788,point_previews/task000180_mu001024_rho020_n1.png
0.3,1024,8,license_plate_bahnschrift.ttf,CBAGJWPD6YXT0RNZL49E3HSU875KFVMQ2,15,7,0,0.255,8.763561,0.881116,1.10157,CBAGJWPD6YXTRNZL49ESHSUB75KFVMQ2,0.090909,0.909091,point_previews/task000180_mu001024_rho030_n0.png
0.3,1024,8,license_plate_bahnschrift.ttf,CBAGJWPD6YXT0RNZL49E3HSU875KFVMQ2,15,7,1,0.255,8.763561,0.881116,1.10157,CBAGJWPD6YXTRNZL49E3HSU875KFVMQG2,0.060606,0.939394,point_previews/task000180_mu001024_rho030_n1.png
0.4,1024,8,license_plate_bahnschrift.ttf,CBAGJWPD6YXT0RNZL49E3HSU875KFVMQ2,15,7,0,0.34,10.119289,0.843436,0.953987,CBAGJWPD6YXTRNZL49ESHSU875KFVMQ2,0.060606,0.939394,point_previews/task000180_mu001024_rho040_n0.png
0.4,1024,8,license_plate_bahnschrift.ttf,CBAGJWPD6YXT0RNZL49E3HSU875KFVMQ2,15,7,1,0.34,10.119289,0.843436,0.953987,CBAGJWPD6YXTRNZL49ESHSU875KFVMQ2,0.060606,0.939394,point_previews/task000180_mu001024_rho040_n1.png
0.5,1024,8,license_plate_bahnschrift.ttf,CBAGJWPD6YXT0RNZL49E3HSU875KFVMQ2,15,7,0,0.425,11.313708,0.8067,0.853272,CBAGJWPD6YXTRNZL49ESHSU875KFVMQ2,0.060606,0.939394,point_previews/task000180_mu001024_rho050_n0.png
0.5,1024,8,license_plate_bahnschrift.ttf,CBAGJWPD6YXT0RNZL49E3HSU875KFVMQ2,15,7,1,0.425,11.313708,0.8067,0.853272,CBAGJWPD6YXTRNZL49ESHSUS75KFVMQ2,0.090909,0.909091,point_previews/task000180_mu001024_rho050_n1.png
0.6,1024,8,license_plate_bahnschrift.ttf,CBAGJWPD6YXT0RNZL49E3HSU875KFVMQ2,15,7,0,0.51,12.393547,0.770893,0.778927,CBAGJWPD6YXT0RNZL49E3HSU875KFVMQ2,0.0,1.0,point_previews/task000180_mu001024_rho060_n0.png
0.6,1024,8,license_plate_bahnschrift.ttf,CBAGJWPD6YXT0RNZL49E3HSU875KFVMQ2,15,7,1,0.51,12.393547,0.770893,0.778927,CBAGJWPD6YXT0RNZL49E3HSU875KFVMQ2,0.0,1.0,point_previews/task000180_mu001024_rho060_n1.png
0.7,1024,8,license_plate_bahnschrift.ttf,CBAGJWPD6YXT0RNZL49E3HSU875KFVMQ2,15,7,0,0.595,13.38656,0.735998,0.721147,CBAGJWPD6YXT0RNZL49ESHSU875KFVMQ2,0.030303,0.969697,point_previews/task000180_mu001024_rho070_n0.png
0.7,1024,8,license_plate_bahnschrift.ttf,CBAGJWPD6YXT0RNZL49E3HSU875KFVMQ2,15,7,1,0.595,13.38656,0.735998,0.721147,CBAGJWPD6YXT0RNZL49ESHSU875KFVMQ2,0.030303,0.969697,point_previews/task000180_mu001024_rho070_n1.png
0.8,1024,8,license_plate_bahnschrift.ttf,CBAGJWPD6YXT0RNZL49E3HSU875KFVMQ2,15,7,0,0.68,14.310835,0.701998,0.674571,CBAGJWPD6YXTURNZL49E3HSU875KFVMQ2,0.030303,0.969697,point_previews/task000180_mu001024_rho080_n0.png
0.8,1024,8,license_plate_bahnschrift.ttf,CBAGJWPD6YXT0RNZL49E3HSU875KFVMQ2,15,7,1,0.68,14.310835,0.701998,0.674571,CBAGJWPD6YXT0RNZL49E3HSU875KFVMQ2,0.0,1.0,point_previews/task000180_mu001024_rho080_n1.png
0.9,1024,8,license_plate_bahnschrift.ttf,CBAGJWPD6YXT0RNZL49E3HSU875KFVMQ2,15,7,0,0.765,15.178933,0.668877,0.635992,CBAGJWPD6YXT0RNZL49E3HSU875KFVMQ2,0.0,1.0,point_previews/task000180_mu001024_rho090_n0.png
0.9,1024,8,license_plate_bahnschrift.ttf,CBAGJWPD6YXT0RNZL49E3HSU875KFVMQ2,15,7,1,0.765,15.178933,0.668877,0.635992,CBAGJWPD6YXT0RNZL49E3HSU875KFVMQ2,0.0,1.0,point_previews/task000180_mu001024_rho090_n1.png
1.0,1024,8,license_plate_bahnschrift.ttf,CBAGJWPD6YXT0RNZL49E3HSU875KFVMQ2,15,7,0,0.85,16.0,0.63662,0.603355,CBAGJWPD6YXT0RNZL49ESHSU875KFVMQ2,0.030303,0.969697,point_previews/task000180_mu001024_rho100_n0.png
1.0,1024,8,license_plate_bahnschrift.ttf,CBAGJWPD6YXT0RNZL49E3HSU875KFVMQ2,15,7,1,0.85,16.0,0.63662,0.603355,CBAGJWPD6YXT0RNZL49ESHSU875KFVMQ2,0.030303,0.969697,point_previews/task000180_mu001024_rho100_n1.png
0.1,4096,8,license_plate_bahnschrift.ttf,CBAGJWPD6YXT0RNZL49E3HSU875KFVMQ2,15,7,0,0.085,5.059644,0.959381,1.907975,CBAGJWPDS6YXTRNZL49ESHSUS75KFVMQG2,0.151515,0.848485,point_previews/task000181_mu004096_rho010_n0.png
0.1,4096,8,license_plate_bahnschrift.ttf,CBAGJWPD6YXT0RNZL49E3HSU875KFVMQ2,15,7,1,0.085,5.059644,0.959381,1.907975,CBAGJWPD6YXTRNZL4FESHSUS75KFVM02,0.151515,0.848485,point_previews/task000181_mu004096_rho010_n1.png
0.2,4096,8,license_plate_bahnschrift.ttf,CBAGJWPD6YXT0RNZL49E3HSU875KFVMQ2,15,7,0,0.17,7.155418,0.919759,1.349142,CBAGJWPDS4YXTURNZL49E3HSUS75KFVMQG2,0.151515,0.848485,point_previews/task000181_mu004096_rho020_n0.png
0.2,4096,8,license_plate_bahnschrift.ttf,CBAGJWPD6YXT0RNZL49E3HSU875KFVMQ2,15,7,1,0.17,7.155418,0.919759,1.349142,CBAGJWPD6YXTRNZL49ESHSUS75KFVM02,0.121212,0.878788,point_previews/task000181_mu004096_rho020_n1.png
0.3,4096,8,license_plate_bahnschrift.ttf,CBAGJWPD6YXT0RNZL49E3HSU875KFVMQ2,15,7,0,0.255,8.763561,0.881116,1.10157,CBAGJWPD6YXTGRNZL49ESHSUS75KFVM02,0.121212,0.878788,point_previews/task000181_mu004096_rho030_n0.png
0.3,4096,8,license_plate_bahnschrift.ttf,CBAGJWPD6YXT0RNZL49E3HSU875KFVMQ2,15,7,1,0.255,8.763561,0.881116,1.10157,CBAGJWPD6YXTRNZL49ESHSUS75KFVM02,0.121212,0.878788,point_previews/task000181_mu004096_rho030_n1.png
0.4,4096,8,license_plate_bahnschrift.ttf,CBAGJWPD6YXT0RNZL49E3HSU875KFVMQ2,15,7,0,0.34,10.119289,0.843436,0.953987,CBAGJWPD6YXTRNZL49ESHSU875KFVMQ2,0.060606,0.939394,point_previews/task000181_mu004096_rho040_n0.png
0.4,4096,8,license_plate_bahnschrift.ttf,CBAGJWPD6YXT0RNZL49E3HSU875KFVMQ2,15,7,1,0.34,10.119289,0.843436,0.953987,CBAGJWPD6YXTRNZL49ESHSU875KFVMQ2,0.060606,0.939394,point_previews/task000181_mu004096_rho040_n1.png
0.5,4096,8,license_plate_bahnschrift.ttf,CBAGJWPD6YXT0RNZL49E3HSU875KFVMQ2,15,7,0,0.425,11.313708,0.8067,0.853272,CBAGJWPD6YXTRNZL49ESHSU875KFVMQ2,0.060606,0.939394,point_previews/task000181_mu004096_rho050_n0.png
0.5,4096,8,license_plate_bahnschrift.ttf,CBAGJWPD6YXT0RNZL49E3HSU875KFVMQ2,15,7,1,0.425,11.313708,0.8067,0.853272,CBAGJWPD6YXTRNZL49ESHSU875KFVMQ2,0.060606,0.939394,point_previews/task000181_mu004096_rho050_n1.png
0.6,4096,8,license_plate_bahnschrift.ttf,CBAGJWPD6YXT0RNZL49E3HSU875KFVMQ2,15,7,0,0.51,12.393547,0.770893,0.778927,CBAGJWPD6YXTURNZL49ESHSU875KFVMQ2,0.060606,0.939394,point_previews/task000181_mu004096_rho060_n0.png
0.6,4096,8,license_plate_bahnschrift.ttf,CBAGJWPD6YXT0RNZL49E3HSU875KFVMQ2,15,7,1,0.51,12.393547,0.770893,0.778927,CBAGJWPD6YXT0RNZL49E3HSU875KFVMQ2,0.0,1.0,point_previews/task000181_mu004096_rho060_n1.png
0.7,4096,8,license_plate_bahnschrift.ttf,CBAGJWPD6YXT0RNZL49E3HSU875KFVMQ2,15,7,0,0.595,13.38656,0.735998,0.721147,CBAGJWPD6YXT0RNZL49ES3HSU875KFVMQ2,0.030303,0.969697,point_previews/task000181_mu004096_rho070_n0.png
0.7,4096,8,license_plate_bahnschrift.ttf,CBAGJWPD6YXT0RNZL49E3HSU875KFVMQ2,15,7,1,0.595,13.38656,0.735998,0.721147,CBAGJWPD6YXT0RNZL49E3HSU875KFVMQ2,0.0,1.0,point_previews/task000181_mu004096_rho070_n1.png
0.8,4096,8,license_plate_bahnschrift.ttf,CBAGJWPD6YXT0RNZL49E3HSU875KFVMQ2,15,7,0,0.68,14.310835,0.701998,0.674571,CBAGJWPD6YXT0RNZL49E3HSU875KFVMQ2,0.0,1.0,point_previews/task000181_mu004096_rho080_n0.png
0.8,4096,8,license_plate_bahnschrift.ttf,CBAGJWPD6YXT0RNZL49E3HSU875KFVMQ2,15,7,1,0.68,14.310835,0.701998,0.674571,CBAGJWPD6YXT0RNZL49E3HSU875KFVMQ2,0.0,1.0,point_previews/task000181_mu004096_rho080_n1.png
0.9,4096,8,license_plate_bahnschrift.ttf,CBAGJWPD6YXT0RNZL49E3HSU875KFVMQ2,15,7,0,0.765,15.178933,0.668877,0.635992,CBAGJWPD6YXT0RNZL49ESHSU875KFVMQ2,0.030303,0.969697,point_previews/task000181_mu004096_rho090_n0.png
0.9,4096,8,license_plate_bahnschrift.ttf,CBAGJWPD6YXT0RNZL49E3HSU875KFVMQ2,15,7,1,0.765,15.178933,0.668877,0.635992,CBAGJWPD6YXT0RNZL49E3HSU875KFVMQ2,0.0,1.0,point_previews/task000181_mu004096_rho090_n1.png
1.0,4096,8,license_plate_bahnschrift.ttf,CBAGJWPD6YXT0RNZL49E3HSU875KFVMQ2,15,7,0,0.85,16.0,0.63662,0.603355,CBAGJWPD6YXT0RNZL49E3HSU875KFVMQ2,0.0,1.0,point_previews/task000181_mu004096_rho100_n0.png
1.0,4096,8,license_plate_bahnschrift.ttf,CBAGJWPD6YXT0RNZL49E3HSU875KFVMQ2,15,7,1,0.85,16.0,0.63662,0.603355,CBAGJWPD6YXT0RNZL49E3HSU875KFVMQ2,0.0,1.0,point_previews/task000181_mu004096_rho100_n1.png
0.1,16384,8,license_plate_bahnschrift.ttf,CBAGJWPD6YXT0RNZL49E3HSU875KFVMQ2,15,7,0,0.085,5.059644,0.959381,1.907975,CBAGJWPDS6YXTRNZL4FE3SHSUS75KFVMQG2,0.181818,0.818182,point_previews/task000182_mu016384_rho010_n0.png
0.1,16384,8,license_plate_bahnschrift.ttf,CBAGJWPD6YXT0RNZL49E3HSU875KFVMQ2,15,7,1,0.085,5.059644,0.959381,1.907975,CBAGJWPD64YXTRNZL4FESHSUS75KFVM02,0.181818,0.818182,point_previews/task000182_mu016384_rho010_n1.png
0.2,16384,8,license_plate_bahnschrift.ttf,CBAGJWPD6YXT0RNZL49E3HSU875KFVMQ2,15,7,0,0.17,7.155418,0.919759,1.349142,CBAGJWPD6YXTRNZL4FESHSUS75KFVM02,0.151515,0.848485,point_previews/task000182_mu016384_rho020_n0.png
0.2,16384,8,license_plate_bahnschrift.ttf,CBAGJWPD6YXT0RNZL49E3HSU875KFVMQ2,15,7,1,0.17,7.155418,0.919759,1.349142,CBAGJWPD6YXTRNZL4FESHSUS75KFVM02,0.151515,0.848485,point_previews/task000182_mu016384_rho020_n1.png
0.3,16384,8,license_plate_bahnschrift.ttf,CBAGJWPD6YXT0RNZL49E3HSU875KFVMQ2,15,7,0,0.255,8.763561,0.881116,1.10157,CBAGJWPD6YXTRNZL49ESHSU875KFVMQ02,0.090909,0.909091,point_previews/task000182_mu016384_rho030_n0.png
0.3,16384,8,license_plate_bahnschrift.ttf,CBAGJWPD6YXT0RNZL49E3HSU875KFVMQ2,15,7,1,0.255,8.763561,0.881116,1.10157,CBAGJWPD6YXTRNZL49ESHSUS75KFVM02,0.121212,0.878788,point_previews/task000182_mu016384_rho030_n1.png
0.4,16384,8,license_plate_bahnschrift.ttf,CBAGJWPD6YXT0RNZL49E3HSU875KFVMQ2,15,7,0,0.34,10.119289,0.843436,0.953987,CBAGJWPD6YXTURNZL49ESHSU875KFVMQ02,0.090909,0.909091,point_previews/task000182_mu016384_rho040_n0.png
0.4,16384,8,license_plate_bahnschrift.ttf,CBAGJWPD6YXT0RNZL49E3HSU875KFVMQ2,15,7,1,0.34,10.119289,0.843436,0.953987,CBAGJWPD6YXTRNZL49ESHSU875KFVMQ02,0.090909,0.909091,point_previews/task000182_mu016384_rho040_n1.png
0.5,16384,8,license_plate_bahnschrift.ttf,CBAGJWPD6YXT0RNZL49E3HSU875KFVMQ2,15,7,0,0.425,11.313708,0.8067,0.853272,CBAGJWPD6YXTRNZL49ESHSU875KFVMQ2,0.060606,0.939394,point_previews/task000182_mu016384_rho050_n0.png
0.5,16384,8,license_plate_bahnschrift.ttf,CBAGJWPD6YXT0RNZL49E3HSU875KFVMQ2,15,7,1,0.425,11.313708,0.8067,0.853272,CBAGJWPD6YXT0RNZL49ES3HSU875KFVMQ2,0.030303,0.969697,point_previews/task000182_mu016384_rho050_n1.png
0.6,16384,8,license_plate_bahnschrift.ttf,CBAGJWPD6YXT0RNZL49E3HSU875KFVMQ2,15,7,0,0.51,12.393547,0.770893,0.778927,CBAGJWPD6YXTRNZL49E3HSU875KFVMQ2,0.030303,0.969697,point_previews/task000182_mu016384_rho060_n0.png
0.6,16384,8,license_plate_bahnschrift.ttf,CBAGJWPD6YXT0RNZL49E3HSU875KFVMQ2,15,7,1,0.51,12.393547,0.770893,0.778927,CBAGJWPD6YXTRNZL49E3HSU875KFVMQ2,0.030303,0.969697,point_previews/task000182_mu016384_rho060_n1.png
0.7,16384,8,license_plate_bahnschrift.ttf,CBAGJWPD6YXT0RNZL49E3HSU875KFVMQ2,15,7,0,0.595,13.38656,0.735998,0.721147,CBAGJWPD6YXT0RNZL49ES3HSU875KFVMQ2,0.030303,0.969697,point_previews/task000182_mu016384_rho070_n0.png
0.7,16384,8,license_plate_bahnschrift.ttf,CBAGJWPD6YXT0RNZL49E3HSU875KFVMQ2,15,7,1,0.595,13.38656,0.735998,0.721147,CBAGJWPD6YXT0RNZL49E3SHSU875KFVMQ2,0.030303,0.969697,point_previews/task000182_mu016384_rho070_n1.png
0.8,16384,8,license_plate_bahnschrift.ttf,CBAGJWPD6YXT0RNZL49E3HSU875KFVMQ2,15,7,0,0.68,14.310835,0.701998,0.674571,CBAGJWPD6YXT0RNZL49E3HSU875KFVMQ2,0.0,1.0,point_previews/task000182_mu016384_rho080_n0.png
0.8,16384,8,license_plate_bahnschrift.ttf,CBAGJWPD6YXT0RNZL49E3HSU875KFVMQ2,15,7,1,0.68,14.310835,0.701998,0.674571,CBAGJWPD6YXT0RNZL49E3HSU875KFVMQ2,0.0,1.0,point_previews/task000182_mu016384_rho080_n1.png
0.9,16384,8,license_plate_bahnschrift.ttf,CBAGJWPD6YXT0RNZL49E3HSU875KFVMQ2,15,7,0,0.765,15.178933,0.668877,0.635992,CBAGJWPD6YXT0RNZL49E3HSU875KFVMQ2,0.0,1.0,point_previews/task000182_mu016384_rho090_n0.png
0.9,16384,8,license_plate_bahnschrift.ttf,CBAGJWPD6YXT0RNZL49E3HSU875KFVMQ2,15,7,1,0.765,15.178933,0.668877,0.635992,CBAGJWPD6YXT0RNZL49E3HSU875KFVMQ2,0.0,1.0,point_previews/task000182_mu016384_rho090_n1.png
1.0,16384,8,license_plate_bahnschrift.ttf,CBAGJWPD6YXT0RNZL49E3HSU875KFVMQ2,15,7,0,0.85,16.0,0.63662,0.603355,CBAGJWPD6YXT0RNZL49E3HSU875KFVMQ2,0.0,1.0,point_previews/task000182_mu016384_rho100_n0.png
1.0,16384,8,license_plate_bahnschrift.ttf,CBAGJWPD6YXT0RNZL49E3HSU875KFVMQ2,15,7,1,0.85,16.0,0.63662,0.603355,CBAGJWPD6YXT0RNZL49E3HSU875KFVMQ2,0.0,1.0,point_previews/task000182_mu016384_rho100_n1.png
0.1,65536,8,license_plate_bahnschrift.ttf,CBAGJWPD6YXT0RNZL49E3HSU875KFVMQ2,15,7,0,0.085,5.059644,0.959381,1.907975,CBAGJWPD4YXTRNZL4FESHSUS75KFVM02,0.181818,0.818182,point_previews/task000183_mu065536_rho010_n0.png
0.1,65536,8,license_plate_bahnschrift.ttf,CBAGJWPD6YXT0RNZL49E3HSU875KFVMQ2,15,7,1,0.085,5.059644,0.959381,1.907975,CBAGJWPD6SYXTRNZL4APVESHSUS75KFVM02,0.242424,0.757576,point_previews/task000183_mu065536_rho010_n1.png
0.2,65536,8,license_plate_bahnschrift.ttf,CBAGJWPD6YXT0RNZL49E3HSU875KFVMQ2,15,7,0,0.17,7.155418,0.919759,1.349142,CBAGJWPD6YXT0RNZL4FESHSUS75KFVM02,0.121212,0.878788,point_previews/task000183_mu065536_rho020_n0.png
0.2,65536,8,license_plate_bahnschrift.ttf,CBAGJWPD6YXT0RNZL49E3HSU875KFVMQ2,15,7,1,0.17,7.155418,0.919759,1.349142,CBAGJWPD6YXTURNZL4PESHSUS75KFVM02,0.151515,0.848485,point_previews/task000183_mu065536_rho020_n1.png
0.3,65536,8,license_plate_bahnschrift.ttf,CBAGJWPD6YXT0RNZL49E3HSU875KFVMQ2,15,7,0,0.255,8.763561,0.881116,1.10157,CBAGJWPD6YXTRNZL49ESHSU875KFVMQ02,0.090909,0.909091,point_previews/task000183_mu065536_rho030_n0.png
0.3,65536,8,license_plate_bahnschrift.ttf,CBAGJWPD6YXT0RNZL49E3HSU875KFVMQ2,15,7,1,0.255,8.763561,0.881116,1.10157,CBAGJWPD6YXTURNZL49ESHSU875KFVM02,0.090909,0.909091,point_previews/task000183_mu065536_rho030_n1.png
0.4,65536,8,license_plate_bahnschrift.ttf,CBAGJWPD6YXT0RNZL49E3HSU875KFVMQ2,15,7,0,0.34,10.119289,0.843436,0.953987,CBAGJWPD6YXTRNZL49ESHSU875KFVMQ2,0.060606,0.939394,point_previews/task000183_mu065536_rho040_n0.png
0.4,65536,8,license_plate_bahnschrift.ttf,CBAGJWPD6YXT0RNZL49E3HSU875KFVMQ2,15,7,1,0.34,10.119289,0.843436,0.953987,CBAGJWPD6YXTRNZL49ESHSU875KFVMQ2,0.060606,0.939394,point_previews/task000183_mu065536_rho040_n1.png
0.5,65536,8,license_plate_bahnschrift.ttf,CBAGJWPD6YXT0RNZL49E3HSU875KFVMQ2,15,7,0,0.425,11.313708,0.8067,0.853272,CBAGJWPD6YXTURNZL49E3HSU875KFVMQ2,0.030303,0.969697,point_previews/task000183_mu065536_rho050_n0.png
0.5,65536,8,license_plate_bahnschrift.ttf,CBAGJWPD6YXT0RNZL49E3HSU875KFVMQ2,15,7,1,0.425,11.313708,0.8067,0.853272,CBAGJWPD6YXTRNZL49E3HSU875KFVMQ2,0.030303,0.969697,point_previews/task000183_mu065536_rho050_n1.png
0.6,65536,8,license_plate_bahnschrift.ttf,CBAGJWPD6YXT0RNZL49E3HSU875KFVMQ2,15,7,0,0.51,12.393547,0.770893,0.778927,CBAGJWPD6YXT0RNZL49E3HSU875KFVMQ2,0.0,1.0,point_previews/task000183_mu065536_rho060_n0.png
0.6,65536,8,license_plate_bahnschrift.ttf,CBAGJWPD6YXT0RNZL49E3HSU875KFVMQ2,15,7,1,0.51,12.393547,0.770893,0.778927,CBAGJWPD6YXT0RNZL49E3HSU875KFVMQ2,0.0,1.0,point_previews/task000183_mu065536_rho060_n1.png
0.7,65536,8,license_plate_bahnschrift.ttf,CBAGJWPD6YXT0RNZL49E3HSU875KFVMQ2,15,7,0,0.595,13.38656,0.735998,0.721147,CBAGJWPD6YXT0RNZL49ESHSU875KFVMQ2,0.030303,0.969697,point_previews/task000183_mu065536_rho070_n0.png
0.7,65536,8,license_plate_bahnschrift.ttf,CBAGJWPD6YXT0RNZL49E3HSU875KFVMQ2,15,7,1,0.595,13.38656,0.735998,0.721147,CBAGJWPD6YXT0RNZL49ESHSU875KFVMQ2,0.030303,0.969697,point_previews/task000183_mu065536_rho070_n1.png
0.8,65536,8,license_plate_bahnschrift.ttf,CBAGJWPD6YXT0RNZL49E3HSU875KFVMQ2,15,7,0,0.68,14.310835,0.701998,0.674571,CBAGJWPD6YXT0RNZL49E3HSU875KFVMQ2,0.0,1.0,point_previews/task000183_mu065536_rho080_n0.png
0.8,65536,8,license_plate_bahnschrift.ttf,CBAGJWPD6YXT0RNZL49E3HSU875KFVMQ2,15,7,1,0.68,14.310835,0.701998,0.674571,CBAGJWPD6YXT0RNZL49E3HSU875KFVMQ2,0.0,1.0,point_previews/task000183_mu065536_rho080_n1.png
0.9,65536,8,license_plate_bahnschrift.ttf,CBAGJWPD6YXT0RNZL49E3HSU875KFVMQ2,15,7,0,0.765,15.178933,0.668877,0.635992,CBAGJWPD6YXT0RNZL49E3HSU875KFVMQ2,0.0,1.0,point_previews/task000183_mu065536_rho090_n0.png
0.9,65536,8,license_plate_bahnschrift.ttf,CBAGJWPD6YXT0RNZL49E3HSU875KFVMQ2,15,7,1,0.765,15.178933,0.668877,0.635992,CBAGJWPD6YXT0RNZL49E3HSU875KFVMQ2,0.0,1.0,point_previews/task000183_mu065536_rho090_n1.png
1.0,65536,8,license_plate_bahnschrift.ttf,CBAGJWPD6YXT0RNZL49E3HSU875KFVMQ2,15,7,0,0.85,16.0,0.63662,0.603355,CBAGJWPD6YXT0RNZL49E3HSU875KFVMQ2,0.0,1.0,point_previews/task000183_mu065536_rho100_n0.png
1.0,65536,8,license_plate_bahnschrift.ttf,CBAGJWPD6YXT0RNZL49E3HSU875KFVMQ2,15,7,1,0.85,16.0,0.63662,0.603355,CBAGJWPD6YXT0RNZL49E3HSU875KFVMQ2,0.0,1.0,point_previews/task000183_mu065536_rho100_n1.png
0.1,4,8,license_plate_bahnschrift.ttf,CBAGJWPD6YXT0RNZL49E3HSU875KFVMQ2,15,11,0,0.085,5.059644,0.959381,1.907975,SLSPAARBNENLP,0.909091,0.090909,point_previews/task000184_mu000004_rho010_n0.png
0.1,4,8,license_plate_bahnschrift.ttf,CBAGJWPD6YXT0RNZL49E3HSU875KFVMQ2,15,11,1,0.085,5.059644,0.959381,1.907975,,1.0,0.0,point_previews/task000184_mu000004_rho010_n1.png
0.2,4,8,license_plate_bahnschrift.ttf,CBAGJWPD6YXT0RNZL49E3HSU875KFVMQ2,15,11,0,0.17,7.155418,0.919759,1.349142,,1.0,0.0,point_previews/task000184_mu000004_rho020_n0.png
0.2,4,8,license_plate_bahnschrift.ttf,CBAGJWPD6YXT0RNZL49E3HSU875KFVMQ2,15,11,1,0.17,7.155418,0.919759,1.349142,,1.0,0.0,point_previews/task000184_mu000004_rho020_n1.png
0.3,4,8,license_plate_bahnschrift.ttf,CBAGJWPD6YXT0RNZL49E3HSU875KFVMQ2,15,11,0,0.255,8.763561,0.881116,1.10157,DUEEASGSRSNSSREETASSRRUT,0.909091,0.090909,point_previews/task000184_mu000004_rho030_n0.png
0.3,4,8,license_plate_bahnschrift.ttf,CBAGJWPD6YXT0RNZL49E3HSU875KFVMQ2,15,11,1,0.255,8.763561,0.881116,1.10157,SUMESEAEMLM,0.909091,0.090909,point_previews/task000184_mu000004_rho030_n1.png
0.4,4,8,license_plate_bahnschrift.ttf,CBAGJWPD6YXT0RNZL49E3HSU875KFVMQ2,15,11,0,0.34,10.119289,0.843436,0.953987,RPASGARGPEASBSEHSSE3,0.878788,0.121212,point_previews/task000184_mu000004_rho040_n0.png
0.4,4,8,license_plate_bahnschrift.ttf,CBAGJWPD6YXT0RNZL49E3HSU875KFVMQ2,15,11,1,0.34,10.119289,0.843436,0.953987,SDVNEERNSRDESM,0.818182,0.181818,point_previews/task000184_mu000004_rho040_n1.png
0.5,4,8,license_plate_bahnschrift.ttf,CBAGJWPD6YXT0RNZL49E3HSU875KFVMQ2,15,11,0,0.425,11.313708,0.8067,0.853272,RRUURANECHNRETREANRCSB,0.939394,0.060606,point_previews/task000184_mu000004_rho050_n0.png
0.5,4,8,license_plate_bahnschrift.ttf,CBAGJWPD6YXT0RNZL49E3HSU875KFVMQ2,15,11,1,0.425,11.313708,0.8067,0.853272,,1.0,0.0,point_previews/task000184_mu000004_rho050_n1.png
0.6,4,8,license_plate_bahnschrift.ttf,CBAGJWPD6YXT0RNZL49E3HSU875KFVMQ2,15,11,0,0.51,12.393547,0.770893,0.778927,URTALYAAEPTRETSLBSEC,0.878788,0.121212,point_previews/task000184_mu000004_rho060_n0.png
0.6,4,8,license_plate_bahnschrift.ttf,CBAGJWPD6YXT0RNZL49E3HSU875KFVMQ2,15,11,1,0.51,12.393547,0.770893,0.778927,SRSALHCKASCSSSMNLEESBEHG,0.878788,0.121212,point_previews/task000184_mu000004_rho060_n1.png
0.7,4,8,license_plate_bahnschrift.ttf,CBAGJWPD6YXT0RNZL49E3HSU875KFVMQ2,15,11,0,0.595,13.38656,0.735998,0.721147,PBBALESEGRRGCCN,0.878788,0.121212,point_previews/task000184_mu000004_rho070_n0.png
0.7,4,8,license_plate_bahnschrift.ttf,CBAGJWPD6YXT0RNZL49E3HSU875KFVMQ2,15,11,1,0.595,13.38656,0.735998,0.721147,DEASUTRTERRTESMSEP,0.848485,0.151515,point_previews/task000184_mu000004_rho070_n1.png
0.8,4,8,license_plate_bahnschrift.ttf,CBAGJWPD6YXT0RNZL49E3HSU875KFVMQ2,15,11,0,0.68,14.310835,0.701998,0.674571,SRRESRTQTURNYDBCHECRRENES,0.878788,0.121212,point_previews/task000184_mu000004_rho080_n0.png
0.8,4,8,license_plate_bahnschrift.ttf,CBAGJWPD6YXT0RNZL49E3HSU875KFVMQ2,15,11,1,0.68,14.310835,0.701998,0.674571,CPNAMGRANSRU,0.878788,0.121212,point_previews/task000184_mu000004_rho080_n1.png
0.9,4,8,license_plate_bahnschrift.ttf,CBAGJWPD6YXT0RNZL49E3HSU875KFVMQ2,15,11,0,0.765,15.178933,0.668877,0.635992,,1.0,0.0,point_previews/task000184_mu000004_rho090_n0.png
0.9,4,8,license_plate_bahnschrift.ttf,CBAGJWPD6YXT0RNZL49E3HSU875KFVMQ2,15,11,1,0.765,15.178933,0.668877,0.635992,RRGETHEARETTRMCERSURREPE,0.818182,0.181818,point_previews/task000184_mu000004_rho090_n1.png
1.0,4,8,license_plate_bahnschrift.ttf,CBAGJWPD6YXT0RNZL49E3HSU875KFVMQ2,15,11,0,0.85,16.0,0.63662,0.603355,RESSURSCMTRNECRGARRH,0.878788,0.121212,point_previews/task000184_mu000004_rho100_n0.png
1.0,4,8,license_plate_bahnschrift.ttf,CBAGJWPD6YXT0RNZL49E3HSU875KFVMQ2,15,11,1,0.85,16.0,0.63662,0.603355,AGUPSBATYTSSGEAPAE,0.848485,0.151515,point_previews/task000184_mu000004_rho100_n1.png
0.1,16,8,license_plate_bahnschrift.ttf,CBAGJWPD6YXT0RNZL49E3HSU875KFVMQ2,15,11,0,0.085,5.059644,0.959381,1.907975,BFSSSPGRBSP5PSAM,0.818182,0.181818,point_previews/task000185_mu000016_rho010_n0.png
0.1,16,8,license_plate_bahnschrift.ttf,CBAGJWPD6YXT0RNZL49E3HSU875KFVMQ2,15,11,1,0.085,5.059644,0.959381,1.907975,SSSSELDSSHERPMLGAENSY,0.848485,0.151515,point_previews/task000185_mu000016_rho010_n1.png
0.2,16,8,license_plate_bahnschrift.ttf,CBAGJWPD6YXT0RNZL49E3HSU875KFVMQ2,15,11,0,0.17,7.155418,0.919759,1.349142,SPRALPAVRRRTYRERRRHGET,0.909091,0.090909,point_previews/task000185_mu000016_rho020_n0.png
0.2,16,8,license_plate_bahnschrift.ttf,CBAGJWPD6YXT0RNZL49E3HSU875KFVMQ2,15,11,1,0.17,7.155418,0.919759,1.349142,,1.0,0.0,point_previews/task000185_mu000016_rho020_n1.png
0.3,16,8,license_plate_bahnschrift.ttf,CBAGJWPD6YXT0RNZL49E3HSU875KFVMQ2,15,11,0,0.255,8.763561,0.881116,1.10157,LEREGRRBYXRNHEGEEARSUSAREME,0.757576,0.242424,point_previews/task000185_mu000016_rho030_n0.png
0.3,16,8,license_plate_bahnschrift.ttf,CBAGJWPD6YXT0RNZL49E3HSU875KFVMQ2,15,11,1,0.255,8.763561,0.881116,1.10157,PENCATEHEYERRRYEA9DDRPRKED,0.878788,0.121212,point_previews/task000185_mu000016_rho030_n1.png
0.4,16,8,license_plate_bahnschrift.ttf,CBAGJWPD6YXT0RNZL49E3HSU875KFVMQ2,15,11,0,0.34,10.119289,0.843436,0.953987,CSRELVRASYRTDARZLABSHSUATSMEVAAE,0.727273,0.272727,point_previews/task000185_mu000016_rho040_n0.png
0.4,16,8,license_plate_bahnschrift.ttf,CBAGJWPD6YXT0RNZL49E3HSU875KFVMQ2,15,11,1,0.34,10.119289,0.843436,0.953987,CEAGWRNBYXTARRN7LASRGHSURTSRRVMAZ,0.575758,0.424242,point_previews/task000185_mu000016_rho040_n1.png
0.5,16,8,license_plate_bahnschrift.ttf,CBAGJWPD6YXT0RNZL49E3HSU875KFVMQ2,15,11,0,0.425,11.313708,0.8067,0.853272,,1.0,0.0,point_previews/task000185_mu000016_rho050_n0.png
0.5,16,8,license_plate_bahnschrift.ttf,CBAGJWPD6YXT0RNZL49E3HSU875KFVMQ2,15,11,1,0.425,11.313708,0.8067,0.853272,,1.0,0.0,point_previews/task000185_mu000016_rho050_n1.png
0.6,16,8,license_plate_bahnschrift.ttf,CBAGJWPD6YXT0RNZL49E3HSU875KFVMQ2,15,11,0,0.51,12.393547,0.770893,0.778927,CRAGVPRBYRTNRNZEAPESHSLSTEKEYMDZ,0.575758,0.424242,point_previews/task000185_mu000016_rho060_n0.png
0.6,16,8,license_plate_bahnschrift.ttf,CBAGJWPD6YXT0RNZL49E3HSU875KFVMQ2,15,11,1,0.51,12.393547,0.770893,0.778927,CRAGJPDSYXTURNZDTESHSUSTEKEVM2,0.393939,0.606061,point_previews/task000185_mu000016_rho060_n1.png
0.7,16,8,license_plate_bahnschrift.ttf,CBAGJWPD6YXT0RNZL49E3HSU875KFVMQ2,15,11,0,0.595,13.38656,0.735998,0.721147,CBAGJWEDSYXTDRNZESTRSHSURTSKEMMR2,0.424242,0.575758,point_previews/task000185_mu000016_rho070_n0.png
0.7,16,8,license_plate_bahnschrift.ttf,CBAGJWPD6YXT0RNZL49E3HSU875KFVMQ2,15,11,1,0.595,13.38656,0.735998,0.721147,CRAGJWPDSYXTURNZLATEPNSUGTDREYM,0.454545,0.545455,point_previews/task000185_mu000016_rho070_n1.png
0.8,16,8,license_plate_bahnschrift.ttf,CBAGJWPD6YXT0RNZL49E3HSU875KFVMQ2,15,11,0,0.68,14.310835,0.701998,0.674571,,1.0,0.0,point_previews/task000185_mu000016_rho080_n0.png
0.8,16,8,license_plate_bahnschrift.ttf,CBAGJWPD6YXT0RNZL49E3HSU875KFVMQ2,15,11,1,0.68,14.310835,0.701998,0.674571,SCBAGJWPRBYXTERNZ4953NSUTSKFVMG,0.363636,0.636364,point_previews/task000185_mu000016_rho080_n1.png
0.9,16,8,license_plate_bahnschrift.ttf,CBAGJWPD6YXT0RNZL49E3HSU875KFVMQ2,15,11,0,0.765,15.178933,0.668877,0.635992,CEAGWPTSYXTURZSESHSUCTSKFVMGD,0.454545,0.545455,point_previews/task000185_mu000016_rho090_n0.png
0.9,16,8,license_plate_bahnschrift.ttf,CBAGJWPD6YXT0RNZL49E3HSU875KFVMQ2,15,11,1,0.765,15.178933,0.668877,0.635992,,1.0,0.0,point_previews/task000185_mu000016_rho090_n1.png
1.0,16,8,license_plate_bahnschrift.ttf,CBAGJWPD6YXT0RNZL49E3HSU875KFVMQ2,15,11,0,0.85,16.0,0.63662,0.603355,CBAGJWEDAYXTDRNZLSFEGHSUBTHKEVMQZ,0.333333,0.666667,point_previews/task000185_mu000016_rho100_n0.png
1.0,16,8,license_plate_bahnschrift.ttf,CBAGJWPD6YXT0RNZL49E3HSU875KFVMQ2,15,11,1,0.85,16.0,0.63662,0.603355,,1.0,0.0,point_previews/task000185_mu000016_rho100_n1.png
0.1,64,8,license_plate_bahnschrift.ttf,CBAGJWPD6YXT0RNZL49E3HSU875KFVMQ2,15,11,0,0.085,5.059644,0.959381,1.907975,CRAGJWFYXTURW2ERCRSURTSRE,0.666667,0.333333,point_previews/task000186_mu000064_rho010_n0.png
0.1,64,8,license_plate_bahnschrift.ttf,CBAGJWPD6YXT0RNZL49E3HSU875KFVMQ2,15,11,1,0.085,5.059644,0.959381,1.907975,TCEAGNPRETURNZLBFRSHSGSTSKRVM,0.606061,0.393939,point_previews/task000186_mu000064_rho010_n1.png
0.2,64,8,license_plate_bahnschrift.ttf,CBAGJWPD6YXT0RNZL49E3HSU875KFVMQ2,15,11,0,0.17,7.155418,0.919759,1.349142,,1.0,0.0,point_previews/task000186_mu000064_rho020_n0.png
0.2,64,8,license_plate_bahnschrift.ttf,CBAGJWPD6YXT0RNZL49E3HSU875KFVMQ2,15,11,1,0.17,7.155418,0.919759,1.349142,,1.0,0.0,point_previews/task000186_mu000064_rho020_n1.png
0.3,64,8,license_plate_bahnschrift.ttf,CBAGJWPD6YXT0RNZL49E3HSU875KFVMQ2,15,11,0,0.255,8.763561,0.881116,1.10157,,1.0,0.0,point_previews/task000186_mu000064_rho030_n0.png
0.3,64,8,license_plate_bahnschrift.ttf,CBAGJWPD6YXT0RNZL49E3HSU875KFVMQ2,15,11,1,0.255,8.763561,0.881116,1.10157,,1.0,0.0,point_previews/task000186_mu000064_rho030_n1.png
0.4,64,8,license_plate_bahnschrift.ttf,CBAGJWPD6YXT0RNZL49E3HSU875KFVMQ2,15,11,0,0.34,10.119289,0.843436,0.953987,CBAGJWPD6YXTARNZLATESHSUBTSKFVMGZ,0.272727,0.727273,point_previews/task000186_mu000064_rho040_n0.png
0.4,64,8,license_plate_bahnschrift.ttf,CBAGJWPD6YXT0RNZL49E3HSU875KFVMQ2,15,11,1,0.34,10.119289,0.843436,0.953987,CBAGJWPD6SYXTURNZL49ESHSUB7SKEVMG2,0.212121,0.787879,point_previews/task000186_mu000064_rho040_n1.png
0.5,64,8,license_plate_bahnschrift.ttf,CBAGJWPD6YXT0RNZL49E3HSU875KFVMQ2,15,11,0,0.425,11.313708,0.8067,0.853272,CBAGJWPUSYXTRNZL49EZHSUBTSKFVM02,0.242424,0.757576,point_previews/task000186_mu000064_rho050_n0.png
0.5,64,8,license_plate_bahnschrift.ttf,CBAGJWPD6YXT0RNZL49E3HSU875KFVMQ2,15,11,1,0.425,11.313708,0.8067,0.853272,CBAGJWPD6YXTURNZLS9E3HSUS75KFVM02,0.121212,0.878788,point_previews/task000186_mu000064_rho050_n1.png
0.6,64,8,license_plate_bahnschrift.ttf,CBAGJWPD6YXT0RNZL49E3HSU875KFVMQ2,15,11,0,0.51,12.393547,0.770893,0.778927,CBAGJWPD6YXTURNZL4TESHSUS7SKFVM2,0.181818,0.818182,point_previews/task000186_mu000064_rho060_n0.png
0.6,64,8,license_plate_bahnschrift.ttf,CBAGJWPD6YXT0RNZL49E3HSU875KFVMQ2,15,11,1,0.51,12.393547,0.770893,0.778927,CBAGJWPDSYXTURNZL49E3HSUB7SKFYMQ2,0.151515,0.848485,point_previews/task000186_mu000064_rho060_n1.png
0.7,64,8,license_plate_bahnschrift.ttf,CBAGJWPD6YXT0RNZL49E3HSU875KFVMQ2,15,11,0,0.595,13.38656,0.735998,0.721147,CBAGJWPDEYXTURNZL49E3HSUB7TSKFVMQ2,0.151515,0.848485,point_previews/task000186_mu000064_rho070_n0.png
0.7,64,8,license_plate_bahnschrift.ttf,CBAGJWPD6YXT0RNZL49E3HSU875KFVMQ2,15,11,1,0.595,13.38656,0.735998,0.721147,CBAGJWPD6YXTURNZL49E3HSUS75KFVMQ2,0.060606,0.939394,point_previews/task000186_mu000064_rho070_n1.png
0.8,64,8,license_plate_bahnschrift.ttf,CBAGJWPD6YXT0RNZL49E3HSU875KFVMQ2,15,11,0,0.68,14.310835,0.701998,0.674571,CBAGJWPUS6YXT0RNZL49E3HSUS75KFYMQ2,0.121212,0.878788,point_previews/task000186_mu000064_rho080_n0.png
0.8,64,8,license_plate_bahnschrift.ttf,CBAGJWPD6YXT0RNZL49E3HSU875KFVMQ2,15,11,1,0.68,14.310835,0.701998,0.674571,CBAGJWPD6YXTRNZL49E3HSUB75KFYMQ2,0.090909,0.909091,point_previews/task000186_mu000064_rho080_n1.png
0.9,64,8,license_plate_bahnschrift.ttf,CBAGJWPD6YXT0RNZL49E3HSU875KFVMQ2,15,11,0,0.765,15.178933,0.668877,0.635992,CBAGJWPD6YXTRNZL49ESHSU875KFVMQ2,0.060606,0.939394,point_previews/task000186_mu000064_rho090_n0.png
0.9,64,8,license_plate_bahnschrift.ttf,CBAGJWPD6YXT0RNZL49E3HSU875KFVMQ2,15,11,1,0.765,15.178933,0.668877,0.635992,CBAGJWPD6YXTURNZL49ESHSUSTSKFVMQ2,0.151515,0.848485,point_previews/task000186_mu000064_rho090_n1.png
1.0,64,8,license_plate_bahnschrift.ttf,CBAGJWPD6YXT0RNZL49E3HSU875KFVMQ2,15,11,0,0.85,16.0,0.63662,0.603355,CBAGJWPD46YXTRNZLASESHSUBTSKFVMQ2,0.242424,0.757576,point_previews/task000186_mu000064_rho100_n0.png
1.0,64,8,license_plate_bahnschrift.ttf,CBAGJWPD6YXT0RNZL49E3HSU875KFVMQ2,15,11,1,0.85,16.0,0.63662,0.603355,CBAGJWPD6YXTURNZLA9ESHSUB7S5KFVMQ2,0.151515,0.848485,point_previews/task000186_mu000064_rho100_n1.png
0.1,256,8,license_plate_bahnschrift.ttf,CBAGJWPD6YXT0RNZL49E3HSU875KFVMQ2,15,11,0,0.085,5.059644,0.959381,1.907975,CBAGJWPDS6YXTURNZL49ESHSUS7SKFVMZ,0.212121,0.787879,point_previews/task000187_mu000256_rho010_n0.png
0.1,256,8,license_plate_bahnschrift.ttf,CBAGJWPD6YXT0RNZL49E3HSU875KFVMQ2,15,11,1,0.085,5.059644,0.959381,1.907975,CBAGJWPD6YXTURNZL4PESHSUSTSKFVMGZ,0.242424,0.757576,point_previews/task000187_mu000256_rho010_n1.png
0.2,256,8,license_plate_bahnschrift.ttf,CBAGJWPD6YXT0RNZL49E3HSU875KFVMQ2,15,11,0,0.17,7.155418,0.919759,1.349142,CBAGJWPD6YXTURNZL49E3HSUB75KFVMQG2,0.090909,0.909091,point_previews/task000187_mu000256_rho020_n0.png
0.2,256,8,license_plate_bahnschrift.ttf,CBAGJWPD6YXT0RNZL49E3HSU875KFVMQ2,15,11,1,0.17,7.155418,0.919759,1.349142,CBAGJWPDSYXTURNZL49E3HSUB75KFVMGZ,0.151515,0.848485,point_previews/task000187_mu000256_rho020_n1.png
0.3,256,8,license_plate_bahnschrift.ttf,CBAGJWPD6YXT0RNZL49E3HSU875KFVMQ2,15,11,0,0.255,8.763561,0.881116,1.10157,CBAGJWPD6YXTURNZL49ESHSUS7TSKFVMQ2,0.151515,0.848485,point_previews/task000187_mu000256_rho030_n0.png
0.3,256,8,license_plate_bahnschrift.ttf,CBAGJWPD6YXT0RNZL49E3HSU875KFVMQ2,15,11,1,0.255,8.763561,0.881116,1.10157,CBAGJWPD6YXTRNZL49E3HSUS75KFVMQG2,0.090909,0.909091,point_previews/task000187_mu000256_rho030_n1.png
0.4,256,8,license_plate_bahnschrift.ttf,CBAGJWPD6YXT0RNZL49E3HSU875KFVMQ2,15,11,0,0.34,10.119289,0.843436,0.953987,CBAGJWPD6YXT0RNZL4SFESHSUS7TSKFVMQ2,0.181818,0.818182,point_previews/task000187_mu000256_rho040_n0.png
0.4,256,8,license_plate_bahnschrift.ttf,CBAGJWPD6YXT0RNZL49E3HSU875KFVMQ2,15,11,1,0.34,10.119289,0.843436,0.953987,CBAGJWPD6YXTURNZL47ESHSUS875KFYMQ2,0.151515,0.848485,point_previews/task000187_mu000256_rho040_n1.png
0.5,256,8,license_plate_bahnschrift.ttf,CBAGJWPD6YXT0RNZL49E3HSU875KFVMQ2,15,11,0,0.425,11.313708,0.8067,0.853272,CBAGJWPD6YXTERNZL4FESHSUS7T5SKFVMQ2,0.181818,0.818182,point_previews/task000187_mu000256_rho050_n0.png
0.5,256,8,license_plate_bahnschrift.ttf,CBAGJWPD6YXT0RNZL49E3HSU875KFVMQ2,15,11,1,0.425,11.313708,0.8067,0.853272,CBAGJWPD6YXTERNZLAPFESHSUS7SKFVMQ2,0.212121,0.787879,point_previews/task000187_mu000256_rho050_n1.png
0.6,256,8,license_plate_bahnschrift.ttf,CBAGJWPD6YXT0RNZL49E3HSU875KFVMQ2,15,11,0,0.51,12.393547,0.770893,0.778927,CBAGJWPD6YATRNZL4PESHSUS7TSKFVMQ2,0.212121,0.787879,point_previews/task000187_mu000256_rho060_n0.png
0.6,256,8,license_plate_bahnschrift.ttf,CBAGJWPD6YXT0RNZL49E3HSU875KFVMQ2,15,11,1,0.51,12.393547,0.770893,0.778927,CBAGJWPD6YXT0RNZL4PESHSUS7TSKFVMQ2,0.151515,0.848485,point_previews/task000187_mu000256_rho060_n1.png
0.7,256,8,license_plate_bahnschrift.ttf,CBAGJWPD6YXT0RNZL49E3HSU875KFVMQ2,15,11,0,0.595,13.38656,0.735998,0.721147,CBAGJWPD6YXT0RNZL4PESHSUSTSKFVMQ2,0.151515,0.848485,point_previews/task000187_mu000256_rho070_n0.png
0.7,256,8,license_plate_bahnschrift.ttf,CBAGJWPD6YXT0RNZL49E3HSU875KFVMQ2,15,11,1,0.595,13.38656,0.735998,0.721147,CBAGJWPD6YXT0RNZL4FE3HSUS75KFVMQ2,0.060606,0.939394,point_previews/task000187_mu000256_rho070_n1.png
0.8,256,8,license_plate_bahnschrift.ttf,CBAGJWPD6YXT0RNZL49E3HSU875KFVMQ2,15,11,0,0.68,14.310835,0.701998,0.674571,CBAGJWPD6YXT0RNZL4PESHSU87TSKFVMQ2,0.121212,0.878788,point_previews/task000187_mu000256_rho080_n0.png
0.8,256,8,license_plate_bahnschrift.ttf,CBAGJWPD6YXT0RNZL49E3HSU875KFVMQ2,15,11,1,0.68,14.310835,0.701998,0.674571,CBAGJWPD6YXT0RNZL49ESHSUS75SKFVMQ2,0.090909,0.909091,point_previews/task000187_mu000256_rho080_n1.png
0.9,256,8,license_plate_bahnschrift.ttf,CBAGJWPD6YXT0RNZL49E3HSU875KFVMQ2,15,11,0,0.765,15.178933,0.668877,0.635992,CBAGJWPD6YXT0RNZL49ESHSU875KFVMQ2,0.030303,0.969697,point_previews/task000187_mu000256_rho090_n0.png
0.9,256,8,license_plate_bahnschrift.ttf,CBAGJWPD6YXT0RNZL49E3HSU875KFVMQ2,15,11,1,0.765,15.178933,0.668877,0.635992,CBAGJWPD6YXT0RNZL4PESHSUS7TSKFVMQ2,0.151515,0.848485,point_previews/task000187_mu000256_rho090_n1.png
1.0,256,8,license_plate_bahnschrift.ttf,CBAGJWPD6YXT0RNZL49E3HSU875KFVMQ2,15,11,0,0.85,16.0,0.63662,0.603355,CBAGJWPD6YXT0RNZL4PESHSUS7TSKFVMQ2,0.151515,0.848485,point_previews/task000187_mu000256_rho100_n0.png
1.0,256,8,license_plate_bahnschrift.ttf,CBAGJWPD6YXT0RNZL49E3HSU875KFVMQ2,15,11,1,0.85,16.0,0.63662,0.603355,CBAGJWPD6YXT0RNZL4PESHSUS7TSKFVMQ2,0.151515,0.848485,point_previews/task000187_mu000256_rho100_n1.png
0.1,1024,8,license_plate_bahnschrift.ttf,CBAGJWPD6YXT0RNZL49E3HSU875KFVMQ2,15,11,0,0.085,5.059644,0.959381,1.907975,CBAGJWPQGYXTURNZL47ESHSUS7SKFYMQ2,0.242424,0.757576,point_previews/task000188_mu001024_rho010_n0.png
0.1,1024,8,license_plate_bahnschrift.ttf,CBAGJWPD6YXT0RNZL49E3HSU875KFVMQ2,15,11,1,0.085,5.059644,0.959381,1.907975,CBAGJWPQ6YATURNZL4S7ESHSUSTSKFYMG2,0.333333,0.666667,point_previews/task000188_mu001024_rho010_n1.png
0.2,1024,8,license_plate_bahnschrift.ttf,CBAGJWPD6YXT0RNZL49E3HSU875KFVMQ2,15,11,0,0.17,7.155418,0.919759,1.349142,CBAGJWPD6YXTURNZL4SFESHSUS7T5SKFYMQ2,0.242424,0.757576,point_previews/task000188_mu001024_rho020_n0.png
0.2,1024,8,license_plate_bahnschrift.ttf,CBAGJWPD6YXT0RNZL49E3HSU875KFVMQ2,15,11,1,0.17,7.155418,0.919759,1.349142,CBAGJWPD6YXTURNZL4SPESHSUS7SKFYMQ2,0.212121,0.787879,point_previews/task000188_mu001024_rho020_n1.png
0.3,1024,8,license_plate_bahnschrift.ttf,CBAGJWPD6YXT0RNZL49E3HSU875KFVMQ2,15,11,0,0.255,8.763561,0.881116,1.10157,CBAGJWPD6YXTURNZL49ESHSUS75KFVMQ2,0.090909,0.909091,point_previews/task000188_mu001024_rho030_n0.png
0.3,1024,8,license_plate_bahnschrift.ttf,CBAGJWPD6YXT0RNZL49E3HSU875KFVMQ2,15,11,1,0.255,8.763561,0.881116,1.10157,CBAGJWPD6YXTURNZL4PESHSUS75KFVMQ2,0.121212,0.878788,point_previews/task000188_mu001024_rho030_n1.png
0.4,1024,8,license_plate_bahnschrift.ttf,CBAGJWPD6YXT0RNZL49E3HSU875KFVMQ2,15,11,0,0.34,10.119289,0.843436,0.953987,CBAGJWPD6YXT0RNZL49ESHSUS75KFVMQ2,0.060606,0.939394,point_previews/task000188_mu001024_rho040_n0.png
0.4,1024,8,license_plate_bahnschrift.ttf,CBAGJWPD6YXT0RNZL49E3HSU875KFVMQ2,15,11,1,0.34,10.119289,0.843436,0.953987,CBAGJWPD6YXTURNZL49ESHSUS875KFVMQ2,0.090909,0.909091,point_previews/task000188_mu001024_rho040_n1.png
0.5,1024,8,license_plate_bahnschrift.ttf,CBAGJWPD6YXT0RNZL49E3HSU875KFVMQ2,15,11,0,0.425,11.313708,0.8067,0.853272,CBAGJWPD6YXT0RNZL49ESHSUS75KFVMQ2,0.060606,0.939394,point_previews/task000188_mu001024_rho050_n0.png
0.5,1024,8,license_plate_bahnschrift.ttf,CBAGJWPD6YXT0RNZL49E3HSU875KFVMQ2,15,11,1,0.425,11.313708,0.8067,0.853272,CBAGJWPD6YXTURNZL4FESHSU87SKFVMQ2,0.121212,0.878788,point_previews/task000188_mu001024_rho050_n1.png
0.6,1024,8,license_plate_bahnschrift.ttf,CBAGJWPD6YXT0RNZL49E3HSU875KFVMQ2,15,11,0,0.51,12.393547,0.770893,0.778927,CBAGJWPD6YXTRNZL4SPESHSUS7TSKFYVMQ2,0.242424,0.757576,point_previews/task000188_mu001024_rho060_n0.png
0.6,1024,8,license_plate_bahnschrift.ttf,CBAGJWPD6YXT0RNZL49E3HSU875KFVMQ2,15,11,1,0.51,12.393547,0.770893,0.778927,CBAGJWPD6YXTRNZL49ESHSU875SKFVMQ2,0.090909,0.909091,point_previews/task000188_mu001024_rho060_n1.png
0.7,1024,8,license_plate_bahnschrift.ttf,CBAGJWPD6YXT0RNZL49E3HSU875KFVMQ2,15,11,0,0.595,13.38656,0.735998,0.721147,CBAGJWPD6YXT0RNZL49ESHSU87SKFVMQ2,0.060606,0.939394,point_previews/task000188_mu001024_rho070_n0.png
0.7,1024,8,license_plate_bahnschrift.ttf,CBAGJWPD6YXT0RNZL49E3HSU875KFVMQ2,15,11,1,0.595,13.38656,0.735998,0.721147,CBAGJWPD6YXT0RNZL4VESHSU87SKFVMQ2,0.090909,0.909091,point_previews/task000188_mu001024_rho070_n1.png
0.8,1024,8,license_plate_bahnschrift.ttf,CBAGJWPD6YXT0RNZL49E3HSU875KFVMQ2,15,11,0,0.68,14.310835,0.701998,0.674571,CBAGJWPD6YXT0RNZL49ESHSU87SKFVMQ2,0.060606,0.939394,point_previews/task000188_mu001024_rho080_n0.png
0.8,1024,8,license_plate_bahnschrift.ttf,CBAGJWPD6YXT0RNZL49E3HSU875KFVMQ2,15,11,1,0.68,14.310835,0.701998,0.674571,CBAGJWPD6YXT0RNZL49ESHSU875SKFVMQ2,0.060606,0.939394,point_previews/task000188_mu001024_rho080_n1.png
0.9,1024,8,license_plate_bahnschrift.ttf,CBAGJWPD6YXT0RNZL49E3HSU875KFVMQ2,15,11,0,0.765,15.178933,0.668877,0.635992,CBAGJWPD6YXT0RNZL49ESHSU87TSKFVMQ2,0.090909,0.909091,point_previews/task000188_mu001024_rho090_n0.png
0.9,1024,8,license_plate_bahnschrift.ttf,CBAGJWPD6YXT0RNZL49E3HSU875KFVMQ2,15,11,1,0.765,15.178933,0.668877,0.635992,CBAGJWPD6YXT0RNZL49ESHSU87SKFVMQ2,0.060606,0.939394,point_previews/task000188_mu001024_rho090_n1.png
1.0,1024,8,license_plate_bahnschrift.ttf,CBAGJWPD6YXT0RNZL49E3HSU875KFVMQ2,15,11,0,0.85,16.0,0.63662,0.603355,CBAGJWPD6YXT0RNZL49ESHSUB7SKFVMQ2,0.090909,0.909091,point_previews/task000188_mu001024_rho100_n0.png
1.0,1024,8,license_plate_bahnschrift.ttf,CBAGJWPD6YXT0RNZL49E3HSU875KFVMQ2,15,11,1,0.85,16.0,0.63662,0.603355,CBAGJWPD6YXT0RNZL49ESHSU87SKFVMQ2,0.060606,0.939394,point_previews/task000188_mu001024_rho100_n1.png
0.1,4096,8,license_plate_bahnschrift.ttf,CBAGJWPD6YXT0RNZL49E3HSU875KFVMQ2,15,11,0,0.085,5.059644,0.959381,1.907975,CBAGJWP06YATURNZL4S7ESHSU875KFYMQ2,0.212121,0.787879,point_previews/task000189_mu004096_rho010_n0.png
0.1,4096,8,license_plate_bahnschrift.ttf,CBAGJWPD6YXT0RNZL49E3HSU875KFVMQ2,15,11,1,0.085,5.059644,0.959381,1.907975,CBAGJWPD6YXTU0RNZL49ESHSUS7TSKFYMQ2,0.181818,0.818182,point_previews/task000189_mu004096_rho010_n1.png
0.2,4096,8,license_plate_bahnschrift.ttf,CBAGJWPD6YXT0RNZL49E3HSU875KFVMQ2,15,11,0,0.17,7.155418,0.919759,1.349142,CBAGJWPD6YXTURNZL4S9ESHSUS75KFYMQG2,0.181818,0.818182,point_previews/task000189_mu004096_rho020_n0.png
0.2,4096,8,license_plate_bahnschrift.ttf,CBAGJWPD6YXT0RNZL49E3HSU875KFVMQ2,15,11,1,0.17,7.155418,0.919759,1.349142,CBAGJWPD6YATURNZL4S9ESHSUS75KFYMQG2,0.212121,0.787879,point_previews/task000189_mu004096_rho020_n1.png
0.3,4096,8,license_plate_bahnschrift.ttf,CBAGJWPD6YXT0RNZL49E3HSU875KFVMQ2,15,11,0,0.255,8.763561,0.881116,1.10157,CBAGJWPD6YXTURNZLSPESHSUS75SKFVMQ2,0.181818,0.818182,point_previews/task000189_mu004096_rho030_n0.png
0.3,4096,8,license_plate_bahnschrift.ttf,CBAGJWPD6YXT0RNZL49E3HSU875KFVMQ2,15,11,1,0.255,8.763561,0.881116,1.10157,CBAGJWPD6YXTU0RNZL4S9ESHSU875KFVMQ2,0.090909,0.909091,point_previews/task000189_mu004096_rho030_n1.png
0.4,4096,8,license_plate_bahnschrift.ttf,CBAGJWPD6YXT0RNZL49E3HSU875KFVMQ2,15,11,0,0.34,10.119289,0.843436,0.953987,CBAGJWPD6YXT0RNZL49ESHSUS875KFVMQ2,0.060606,0.939394,point_previews/task000189_mu004096_rho040_n0.png
0.4,4096,8,license_plate_bahnschrift.ttf,CBAGJWPD6YXT0RNZL49E3HSU875KFVMQ2,15,11,1,0.34,10.119289,0.843436,0.953987,CBAGJWPD6YXT0RNZL49ESHSUS75KFVMQ2,0.060606,0.939394,point_previews/task000189_mu004096_rho040_n1.png
0.5,4096,8,license_plate_bahnschrift.ttf,CBAGJWPD6YXT0RNZL49E3HSU875KFVMQ2,15,11,0,0.425,11.313708,0.8067,0.853272,CBAGJWPD6YXT0RNZL49ESHSU875KFVMQ2,0.030303,0.969697,point_previews/task000189_mu004096_rho050_n0.png
0.5,4096,8,license_plate_bahnschrift.ttf,CBAGJWPD6YXT0RNZL49E3HSU875KFVMQ2,15,11,1,0.425,11.313708,0.8067,0.853272,CBAGJWPD6YXT0RNZL4SPESHSUS75SKFVMQ2,0.151515,0.848485,point_previews/task000189_mu004096_rho050_n1.png
0.6,4096,8,license_plate_bahnschrift.ttf,CBAGJWPD6YXT0RNZL49E3HSU875KFVMQ2,15,11,0,0.51,12.393547,0.770893,0.778927,CBAGJWPD6YXT0RNZL49ESHSU875KFVMQ2,0.030303,0.969697,point_previews/task000189_mu004096_rho060_n0.png
0.6,4096,8,license_plate_bahnschrift.ttf,CBAGJWPD6YXT0RNZL49E3HSU875KFVMQ2,15,11,1,0.51,12.393547,0.770893,0.778927,CBAGJWPD6YXT0RNZL49ESHSUS875SKFVMQ2,0.090909,0.909091,point_previews/task000189_mu004096_rho060_n1.png
0.7,4096,8,license_plate_bahnschrift.ttf,CBAGJWPD6YXT0RNZL49E3HSU875KFVMQ2,15,11,0,0.595,13.38656,0.735998,0.721147,CBAGJWPD6YXT0RNZL4PESHSU875SKFVMQ2,0.090909,0.909091,point_previews/task000189_mu004096_rho070_n0.png
0.7,4096,8,license_plate_bahnschrift.ttf,CBAGJWPD6YXT0RNZL49E3HSU875KFVMQ2,15,11,1,0.595,13.38656,0.735998,0.721147,CBAGJWPD6YXT0RNZL4PESHSU87SKFVMQ2,0.090909,0.909091,point_previews/task000189_mu004096_rho070_n1.png
0.8,4096,8,license_plate_bahnschrift.ttf,CBAGJWPD6YXT0RNZL49E3HSU875KFVMQ2,15,11,0,0.68,14.310835,0.701998,0.674571,CBAGJWPD6YXT0RNZL49ESHSUS7TSKFVMQ2,0.121212,0.878788,point_previews/task000189_mu004096_rho080_n0.png
0.8,4096,8,license_plate_bahnschrift.ttf,CBAGJWPD6YXT0RNZL49E3HSU875KFVMQ2,15,11,1,0.68,14.310835,0.701998,0.674571,CBAGJWPD6YXT0RNZL49ESHSUS7TSKFVMQ2,0.121212,0.878788,point_previews/task000189_mu004096_rho080_n1.png
0.9,4096,8,license_plate_bahnschrift.ttf,CBAGJWPD6YXT0RNZL49E3HSU875KFVMQ2,15,11,0,0.765,15.178933,0.668877,0.635992,CBAGJWPD6YXT0RNZL49ESHSU87SKFVMQ2,0.060606,0.939394,point_previews/task000189_mu004096_rho090_n0.png
0.9,4096,8,license_plate_bahnschrift.ttf,CBAGJWPD6YXT0RNZL49E3HSU875KFVMQ2,15,11,1,0.765,15.178933,0.668877,0.635992,CBAGJWPD6YXT0RNZL49ESHSU87SKFVMQ2,0.060606,0.939394,point_previews/task000189_mu004096_rho090_n1.png
1.0,4096,8,license_plate_bahnschrift.ttf,CBAGJWPD6YXT0RNZL49E3HSU875KFVMQ2,15,11,0,0.85,16.0,0.63662,0.603355,CBAGJWPD6YXT0RNZL49ESHSU87SKFVMQ2,0.060606,0.939394,point_previews/task000189_mu004096_rho100_n0.png
1.0,4096,8,license_plate_bahnschrift.ttf,CBAGJWPD6YXT0RNZL49E3HSU875KFVMQ2,15,11,1,0.85,16.0,0.63662,0.603355,CBAGJWPD6YXT0RNZL49ESHSUB87SKFVMQ2,0.090909,0.909091,point_previews/task000189_mu004096_rho100_n1.png
0.1,16384,8,license_plate_bahnschrift.ttf,CBAGJWPD6YXT0RNZL49E3HSU875KFVMQ2,15,11,0,0.085,5.059644,0.959381,1.907975,CBAGJWPD6YATURNZL4S7ESHSU875KFYMQG2,0.212121,0.787879,point_previews/task000190_mu016384_rho010_n0.png
0.1,16384,8,license_plate_bahnschrift.ttf,CBAGJWPD6YXT0RNZL49E3HSU875KFVMQ2,15,11,1,0.085,5.059644,0.959381,1.907975,CBAGJWPD6YXTURNZL47ESHSUS7SKFYMQ2,0.181818,0.818182,point_previews/task000190_mu016384_rho010_n1.png
0.2,16384,8,license_plate_bahnschrift.ttf,CBAGJWPD6YXT0RNZL49E3HSU875KFVMQ2,15,11,0,0.17,7.155418,0.919759,1.349142,CBAGJWPD6YATU0RNZL4S9ESHSU875KFYMQG2,0.181818,0.818182,point_previews/task000190_mu016384_rho020_n0.png
0.2,16384,8,license_plate_bahnschrift.ttf,CBAGJWPD6YXT0RNZL49E3HSU875KFVMQ2,15,11,1,0.17,7.155418,0.919759,1.349142,CBAGJWPD6YXTURNZL49ESHSU87SKFYMQ2,0.121212,0.878788,point_previews/task000190_mu016384_rho020_n1.png
0.3,16384,8,license_plate_bahnschrift.ttf,CBAGJWPD6YXT0RNZL49E3HSU875KFVMQ2,15,11,0,0.255,8.763561,0.881116,1.10157,CBAGJWPD6YXTURNZL4S9ESHSU875KFVMQ2,0.090909,0.909091,point_previews/task000190_mu016384_rho030_n0.png
0.3,16384,8,license_plate_bahnschrift.ttf,CBAGJWPD6YXT0RNZL49E3HSU875KFVMQ2,15,11,1,0.255,8.763561,0.881116,1.10157,CBAGJWPD6YXTURNZL4SPESHSUS75SKFVMQ2,0.181818,0.818182,point_previews/task000190_mu016384_rho030_n1.png
0.4,16384,8,license_plate_bahnschrift.ttf,CBAGJWPD6YXT0RNZL49E3HSU875KFVMQ2,15,11,0,0.34,10.119289,0.843436,0.953987,CBAGJWPD6YXT0RNZL49ESHSUS875KFVMQ2,0.060606,0.939394,point_previews/task000190_mu016384_rho040_n0.png
0.4,16384,8,license_plate_bahnschrift.ttf,CBAGJWPD6YXT0RNZL49E3HSU875KFVMQ2,15,11,1,0.34,10.119289,0.843436,0.953987,CBAGJWPD6YXT0RNZL49ESHSU875KFVMQ2,0.030303,0.969697,point_previews/task000190_mu016384_rho040_n1.png
0.5,16384,8,license_plate_bahnschrift.ttf,CBAGJWPD6YXT0RNZL49E3HSU875KFVMQ2,15,11,0,0.425,11.313708,0.8067,0.853272,CBAGJWPD6YXTRNZL49ESHSU875KFVMQ2,0.060606,0.939394,point_previews/task000190_mu016384_rho050_n0.png
0.5,16384,8,license_plate_bahnschrift.ttf,CBAGJWPD6YXT0RNZL49E3HSU875KFVMQ2,15,11,1,0.425,11.313708,0.8067,0.853272,CBAGJWPD6YXT0RNZL4SPFESHSUS75SKFVMQ2,0.181818,0.818182,point_previews/task000190_mu016384_rho050_n1.png
0.6,16384,8,license_plate_bahnschrift.ttf,CBAGJWPD6YXT0RNZL49E3HSU875KFVMQ2,15,11,0,0.51,12.393547,0.770893,0.778927,CBAGJWPD6YXT0RNZL49ESHSU875KFVMQ2,0.030303,0.969697,point_previews/task000190_mu016384_rho060_n0.png
0.6,16384,8,license_plate_bahnschrift.ttf,CBAGJWPD6YXT0RNZL49E3HSU875KFVMQ2,15,11,1,0.51,12.393547,0.770893,0.778927,CBAGJWPD6YXT0RNZL49ESHSUS875KFVMQ2,0.060606,0.939394,point_previews/task000190_mu016384_rho060_n1.png
0.7,16384,8,license_plate_bahnschrift.ttf,CBAGJWPD6YXT0RNZL49E3HSU875KFVMQ2,15,11,0,0.595,13.38656,0.735998,0.721147,CBAGJWPD6YXT0RNZL49ESHSU87SKFVMQ2,0.060606,0.939394,point_previews/task000190_mu016384_rho070_n0.png
0.7,16384,8,license_plate_bahnschrift.ttf,CBAGJWPD6YXT0RNZL49E3HSU875KFVMQ2,15,11,1,0.595,13.38656,0.735998,0.721147,CBAGJWPD6YXT0RNZL49ESHSU875SKFVMQ2,0.060606,0.939394,point_previews/task000190_mu016384_rho070_n1.png
0.8,16384,8,license_plate_bahnschrift.ttf,CBAGJWPD6YXT0RNZL49E3HSU875KFVMQ2,15,11,0,0.68,14.310835,0.701998,0.674571,CBAGJWPD6YXT0RNZL49ESHSUS7TSKFVMQ2,0.121212,0.878788,point_previews/task000190_mu016384_rho080_n0.png
0.8,16384,8,license_plate_bahnschrift.ttf,CBAGJWPD6YXT0RNZL49E3HSU875KFVMQ2,15,11,1,0.68,14.310835,0.701998,0.674571,CBAGJWPD6YXT0RNZL49ESHSU875SKFVMQ2,0.060606,0.939394,point_previews/task000190_mu016384_rho080_n1.png
0.9,16384,8,license_plate_bahnschrift.ttf,CBAGJWPD6YXT0RNZL49E3HSU875KFVMQ2,15,11,0,0.765,15.178933,0.668877,0.635992,CBAGJWPD6YXT0RNZL49ESHSU87SKFVMQ2,0.060606,0.939394,point_previews/task000190_mu016384_rho090_n0.png
0.9,16384,8,license_plate_bahnschrift.ttf,CBAGJWPD6YXT0RNZL49E3HSU875KFVMQ2,15,11,1,0.765,15.178933,0.668877,0.635992,CBAGJWPD6YXT0RNZL49ESHSU87SKFVMQ2,0.060606,0.939394,point_previews/task000190_mu016384_rho090_n1.png
1.0,16384,8,license_plate_bahnschrift.ttf,CBAGJWPD6YXT0RNZL49E3HSU875KFVMQ2,15,11,0,0.85,16.0,0.63662,0.603355,CBAGJWPD6YXT0RNZL49ESHSUB7SKFVMQ2,0.090909,0.909091,point_previews/task000190_mu016384_rho100_n0.png
1.0,16384,8,license_plate_bahnschrift.ttf,CBAGJWPD6YXT0RNZL49E3HSU875KFVMQ2,15,11,1,0.85,16.0,0.63662,0.603355,CBAGJWPD6YXT0RNZL49ESHSU875SKFVMQ2,0.060606,0.939394,point_previews/task000190_mu016384_rho100_n1.png
0.1,65536,8,license_plate_bahnschrift.ttf,CBAGJWPD6YXT0RNZL49E3HSU875KFVMQ2,15,11,0,0.085,5.059644,0.959381,1.907975,CBAGJWPD6YXATURNZL47ESHSU875KFYMQ2,0.151515,0.848485,point_previews/task000191_mu065536_rho010_n0.png
0.1,65536,8,license_plate_bahnschrift.ttf,CBAGJWPD6YXT0RNZL49E3HSU875KFVMQ2,15,11,1,0.085,5.059644,0.959381,1.907975,CBAGJWPD6YXTURNZL4S7ESHSU875KFYMQ2,0.151515,0.848485,point_previews/task000191_mu065536_rho010_n1.png
0.2,65536,8,license_plate_bahnschrift.ttf,CBAGJWPD6YXT0RNZL49E3HSU875KFVMQ2,15,11,0,0.17,7.155418,0.919759,1.349142,CBAGJWPD6YXTURNZL49ESHSU875SKFYMQ2,0.121212,0.878788,point_previews/task000191_mu065536_rho020_n0.png
0.2,65536,8,license_plate_bahnschrift.ttf,CBAGJWPD6YXT0RNZL49E3HSU875KFVMQ2,15,11,1,0.17,7.155418,0.919759,1.349142,CBAGJWPD6YATURNZL4S9ESHSUS75SKFYMQG2,0.242424,0.757576,point_previews/task000191_mu065536_rho020_n1.png
0.3,65536,8,license_plate_bahnschrift.ttf,CBAGJWPD6YXT0RNZL49E3HSU875KFVMQ2,15,11,0,0.255,8.763561,0.881116,1.10157,CBAGJWPD6YXTURNZL4SPESHSUS7SKFVMQ2,0.181818,0.818182,point_previews/task000191_mu065536_rho030_n0.png
0.3,65536,8,license_plate_bahnschrift.ttf,CBAGJWPD6YXT0RNZL49E3HSU875KFVMQ2,15,11,1,0.255,8.763561,0.881116,1.10157,CBAGJWPD6YXTURNZL4SPESHSUS7SKFVMQ2,0.181818,0.818182,point_previews/task000191_mu065536_rho030_n1.png
0.4,65536,8,license_plate_bahnschrift.ttf,CBAGJWPD6YXT0RNZL49E3HSU875KFVMQ2,15,11,0,0.34,10.119289,0.843436,0.953987,CBAGJWPD6YXT0RNZL49ESHSU875KFVMQ2,0.030303,0.969697,point_previews/task000191_mu065536_rho040_n0.png
0.4,65536,8,license_plate_bahnschrift.ttf,CBAGJWPD6YXT0RNZL49E3HSU875KFVMQ2,15,11,1,0.34,10.119289,0.843436,0.953987,CBAGJWPD6YXT0RNZL49ESHSU875KFVMQ2,0.030303,0.969697,point_previews/task000191_mu065536_rho040_n1.png
0.5,65536,8,license_plate_bahnschrift.ttf,CBAGJWPD6YXT0RNZL49E3HSU875KFVMQ2,15,11,0,0.425,11.313708,0.8067,0.853272,CBAGJWPD6YXT0RNZL4SPESHSUS7SKFYVMQ2,0.181818,0.818182,point_previews/task000191_mu065536_rho050_n0.png
0.5,65536,8,license_plate_bahnschrift.ttf,CBAGJWPD6YXT0RNZL49E3HSU875KFVMQ2,15,11,1,0.425,11.313708,0.8067,0.853272,CBAGJWPD6YXT0RNZL4SPESHSUS7TSKFVMQ2,0.181818,0.818182,point_previews/task000191_mu065536_rho050_n1.png
0.6,65536,8,license_plate_bahnschrift.ttf,CBAGJWPD6YXT0RNZL49E3HSU875KFVMQ2,15,11,0,0.51,12.393547,0.770893,0.778927,CBAGJWPD6YXT0RNZL49ESHSU875KFVMQ2,0.030303,0.969697,point_previews/task000191_mu065536_rho060_n0.png
0.6,65536,8,license_plate_bahnschrift.ttf,CBAGJWPD6YXT0RNZL49E3HSU875KFVMQ2,15,11,1,0.51,12.393547,0.770893,0.778927,CBAGJWPD6YXT0RNZL49ESHSUS875KFVMQ2,0.060606,0.939394,point_previews/task000191_mu065536_rho060_n1.png
0.7,65536,8,license_plate_bahnschrift.ttf,CBAGJWPD6YXT0RNZL49E3HSU875KFVMQ2,15,11,0,0.595,13.38656,0.735998,0.721147,CBAGJWPD6YXT0RNZL49E3SHSU875KFVMQ2,0.030303,0.969697,point_previews/task000191_mu065536_rho070_n0.png
0.7,65536,8,license_plate_bahnschrift.ttf,CBAGJWPD6YXT0RNZL49E3HSU875KFVMQ2,15,11,1,0.595,13.38656,0.735998,0.721147,CBAGJWPD6YXT0RNZL49ESHSU875KFVMQ2,0.030303,0.969697,point_previews/task000191_mu065536_rho070_n1.png
0.8,65536,8,license_plate_bahnschrift.ttf,CBAGJWPD6YXT0RNZL49E3HSU875KFVMQ2,15,11,0,0.68,14.310835,0.701998,0.674571,CBAGJWPD6YXT0RNZL49ESHSU875SKFVMQ2,0.060606,0.939394,point_previews/task000191_mu065536_rho080_n0.png
0.8,65536,8,license_plate_bahnschrift.ttf,CBAGJWPD6YXT0RNZL49E3HSU875KFVMQ2,15,11,1,0.68,14.310835,0.701998,0.674571,CBAGJWPD6YXT0RNZL49ESHSU87SKFVMQ2,0.060606,0.939394,point_previews/task000191_mu065536_rho080_n1.png
0.9,65536,8,license_plate_bahnschrift.ttf,CBAGJWPD6YXT0RNZL49E3HSU875KFVMQ2,15,11,0,0.765,15.178933,0.668877,0.635992,CBAGJWPD6YXT0RNZL49ESHSU875SKFVMQ2,0.060606,0.939394,point_previews/task000191_mu065536_rho090_n0.png
0.9,65536,8,license_plate_bahnschrift.ttf,CBAGJWPD6YXT0RNZL49E3HSU875KFVMQ2,15,11,1,0.765,15.178933,0.668877,0.635992,CBAGJWPD6YXT0RNZL49ESHSU875SKFVMQ2,0.060606,0.939394,point_previews/task000191_mu065536_rho090_n1.png
1.0,65536,8,license_plate_bahnschrift.ttf,CBAGJWPD6YXT0RNZL49E3HSU875KFVMQ2,15,11,0,0.85,16.0,0.63662,0.603355,CBAGJWPD6YXT0RNZL49ESHSUB87SKFVMQ2,0.090909,0.909091,point_previews/task000191_mu065536_rho100_n0.png
1.0,65536,8,license_plate_bahnschrift.ttf,CBAGJWPD6YXT0RNZL49E3HSU875KFVMQ2,15,11,1,0.85,16.0,0.63662,0.603355,CBAGJWPD6YXT0RNZL49ESHSU875SKFVMQ2,0.060606,0.939394,point_previews/task000191_mu065536_rho100_n1.png
0.1,4,8,license_plate_bahnschrift.ttf,CBAGJWPD6YXT0RNZL49E3HSU875KFVMQ2,15,15,0,0.085,5.059644,0.959381,1.907975,SPMPSRRRS,0.909091,0.090909,point_previews/task000192_mu000004_rho010_n0.png
0.1,4,8,license_plate_bahnschrift.ttf,CBAGJWPD6YXT0RNZL49E3HSU875KFVMQ2,15,15,1,0.085,5.059644,0.959381,1.907975,BTNSAEFANAANMABSYD,0.878788,0.121212,point_previews/task000192_mu000004_rho010_n1.png
0.2,4,8,license_plate_bahnschrift.ttf,CBAGJWPD6YXT0RNZL49E3HSU875KFVMQ2,15,15,0,0.17,7.155418,0.919759,1.349142,,1.0,0.0,point_previews/task000192_mu000004_rho020_n0.png
0.2,4,8,license_plate_bahnschrift.ttf,CBAGJWPD6YXT0RNZL49E3HSU875KFVMQ2,15,15,1,0.17,7.155418,0.919759,1.349142,,1.0,0.0,point_previews/task000192_mu000004_rho020_n1.png
0.3,4,8,license_plate_bahnschrift.ttf,CBAGJWPD6YXT0RNZL49E3HSU875KFVMQ2,15,15,0,0.255,8.763561,0.881116,1.10157,SNALDPR,0.909091,0.090909,point_previews/task000192_mu000004_rho030_n0.png
0.3,4,8,license_plate_bahnschrift.ttf,CBAGJWPD6YXT0RNZL49E3HSU875KFVMQ2,15,15,1,0.255,8.763561,0.881116,1.10157,RESTAARATCNAAPESRATS,0.878788,0.121212,point_previews/task000192_mu000004_rho030_n1.png
0.4,4,8,license_plate_bahnschrift.ttf,CBAGJWPD6YXT0RNZL49E3HSU875KFVMQ2,15,15,0,0.34,10.119289,0.843436,0.953987,URDARSSAUNALESE,0.848485,0.151515,point_previews/task000192_mu000004_rho040_n0.png
0.4,4,8,license_plate_bahnschrift.ttf,CBAGJWPD6YXT0RNZL49E3HSU875KFVMQ2,15,15,1,0.34,10.119289,0.843436,0.953987,CNP2PTRATRTRBALGRSS,0.848485,0.151515,point_previews/task000192_mu000004_rho040_n1.png
0.5,4,8,license_plate_bahnschrift.ttf,CBAGJWPD6YXT0RNZL49E3HSU875KFVMQ2,15,15,0,0.425,11.313708,0.8067,0.853272,PSTASGRREWBRST,0.909091,0.090909,point_previews/task000192_mu000004_rho050_n0.png
0.5,4,8,license_plate_bahnschrift.ttf,CBAGJWPD6YXT0RNZL49E3HSU875KFVMQ2,15,15,1,0.425,11.313708,0.8067,0.853272,PRMTPAEMENUSNATHAEA,0.878788,0.121212,point_previews/task000192_mu000004_rho050_n1.png
0.6,4,8,license_plate_bahnschrift.ttf,CBAGJWPD6YXT0RNZL49E3HSU875KFVMQ2,15,15,0,0.51,12.393547,0.770893,0.778927,EPSTRMURESEMTLMSSH,0.848485,0.151515,point_previews/task000192_mu000004_rho060_n0.png
0.6,4,8,license_plate_bahnschrift.ttf,CBAGJWPD6YXT0RNZL49E3HSU875KFVMQ2,15,15,1,0.51,12.393547,0.770893,0.778927,,1.0,0.0,point_previews/task000192_mu000004_rho060_n1.png
0.7,4,8,license_plate_bahnschrift.ttf,CBAGJWPD6YXT0RNZL49E3HSU875KFVMQ2,15,15,0,0.595,13.38656,0.735998,0.721147,7PRAGWM4CAT,0.909091,0.090909,point_previews/task000192_mu000004_rho070_n0.png
0.7,4,8,license_plate_bahnschrift.ttf,CBAGJWPD6YXT0RNZL49E3HSU875KFVMQ2,15,15,1,0.595,13.38656,0.735998,0.721147,SRERREUTGSRT,0.909091,0.090909,point_previews/task000192_mu000004_rho070_n1.png
0.8,4,8,license_plate_bahnschrift.ttf,CBAGJWPD6YXT0RNZL49E3HSU875KFVMQ2,15,15,0,0.68,14.310835,0.701998,0.674571,PAHUDRAEMS,0.848485,0.151515,point_previews/task000192_mu000004_rho080_n0.png
0.8,4,8,license_plate_bahnschrift.ttf,CBAGJWPD6YXT0RNZL49E3HSU875KFVMQ2,15,15,1,0.68,14.310835,0.701998,0.674571,EDESSACRECTERGEMESNCPUCEUSTES,0.909091,0.090909,point_previews/task000192_mu000004_rho080_n1.png
0.9,4,8,license_plate_bahnschrift.ttf,CBAGJWPD6YXT0RNZL49E3HSU875KFVMQ2,15,15,0,0.765,15.178933,0.668877,0.635992,HRG4WS2,0.878788,0.121212,point_previews/task000192_mu000004_rho090_n0.png
0.9,4,8,license_plate_bahnschrift.ttf,CBAGJWPD6YXT0RNZL49E3HSU875KFVMQ2,15,15,1,0.765,15.178933,0.668877,0.635992,SSRAGACRATERRERSH,0.848485,0.151515,point_previews/task000192_mu000004_rho090_n1.png
1.0,4,8,license_plate_bahnschrift.ttf,CBAGJWPD6YXT0RNZL49E3HSU875KFVMQ2,15,15,0,0.85,16.0,0.63662,0.603355,,1.0,0.0,point_previews/task000192_mu000004_rho100_n0.png
1.0,4,8,license_plate_bahnschrift.ttf,CBAGJWPD6YXT0RNZL49E3HSU875KFVMQ2,15,15,1,0.85,16.0,0.63662,0.603355,CRP4RENS,0.848485,0.151515,point_previews/task000192_mu000004_rho100_n1.png
0.1,16,8,license_plate_bahnschrift.ttf,CBAGJWPD6YXT0RNZL49E3HSU875KFVMQ2,15,15,0,0.085,5.059644,0.959381,1.907975,SCRRSAMGMLNFREREAEGERC,0.939394,0.060606,point_previews/task000193_mu000016_rho010_n0.png
0.1,16,8,license_plate_bahnschrift.ttf,CBAGJWPD6YXT0RNZL49E3HSU875KFVMQ2,15,15,1,0.085,5.059644,0.959381,1.907975,ARSHECRLRRRTEMEMT,0.878788,0.121212,point_previews/task000193_mu000016_rho010_n1.png
0.2,16,8,license_plate_bahnschrift.ttf,CBAGJWPD6YXT0RNZL49E3HSU875KFVMQ2,15,15,0,0.17,7.155418,0.919759,1.349142,CEPNNATENYRSEMSERERUAGEE,0.818182,0.181818,point_previews/task000193_mu000016_rho020_n0.png
0.2,16,8,license_plate_bahnschrift.ttf,CBAGJWPD6YXT0RNZL49E3HSU875KFVMQ2,15,15,1,0.17,7.155418,0.919759,1.349142,SEEATTARG2YV8RLASEGSELBSMKEMELE,0.848485,0.151515,point_previews/task000193_mu000016_rho020_n1.png
0.3,16,8,license_plate_bahnschrift.ttf,CBAGJWPD6YXT0RNZL49E3HSU875KFVMQ2,15,15,0,0.255,8.763561,0.881116,1.10157,,1.0,0.0,point_previews/task000193_mu000016_rho030_n0.png
0.3,16,8,license_plate_bahnschrift.ttf,CBAGJWPD6YXT0RNZL49E3HSU875KFVMQ2,15,15,1,0.255,8.763561,0.881116,1.10157,PBECTUDGBELTURNCRUCSSUBTSHRYMUZ,0.787879,0.212121,point_previews/task000193_mu000016_rho030_n1.png
0.4,16,8,license_plate_bahnschrift.ttf,CBAGJWPD6YXT0RNZL49E3HSU875KFVMQ2,15,15,0,0.34,10.119289,0.843436,0.953987,SESBWPRSYXTGRNZEAPESSMATSKEAA,0.666667,0.333333,point_previews/task000193_mu000016_rho040_n0.png
0.4,16,8,license_plate_bahnschrift.ttf,CBAGJWPD6YXT0RNZL49E3HSU875KFVMQ2,15,15,1,0.34,10.119289,0.843436,0.953987,PRAGBJWEDSYMTURNZERTESHGLETSREUMS,0.636364,0.363636,point_previews/task000193_mu000016_rho040_n1.png
0.5,16,8,license_plate_bahnschrift.ttf,CBAGJWPD6YXT0RNZL49E3HSU875KFVMQ2,15,15,0,0.425,11.313708,0.8067,0.853272,SBACTWEBSXTURNZLEFESHSUBTSKPYMDZ,0.545455,0.454545,point_previews/task000193_mu000016_rho050_n0.png
0.5,16,8,license_plate_bahnschrift.ttf,CBAGJWPD6YXT0RNZL49E3HSU875KFVMQ2,15,15,1,0.425,11.313708,0.8067,0.853272,,1.0,0.0,point_previews/task000193_mu000016_rho050_n1.png
0.6,16,8,license_plate_bahnschrift.ttf,CBAGJWPD6YXT0RNZL49E3HSU875KFVMQ2,15,15,0,0.51,12.393547,0.770893,0.778927,,1.0,0.0,point_previews/task000193_mu000016_rho060_n0.png
0.6,16,8,license_plate_bahnschrift.ttf,CBAGJWPD6YXT0RNZL49E3HSU875KFVMQ2,15,15,1,0.51,12.393547,0.770893,0.778927,CRAGTNEDSYXTRNEAESHSUSTSREVHDZ,0.575758,0.424242,point_previews/task000193_mu000016_rho060_n1.png
0.7,16,8,license_plate_bahnschrift.ttf,CBAGJWPD6YXT0RNZL49E3HSU875KFVMQ2,15,15,0,0.595,13.38656,0.735998,0.721147,PSAGLVEDAYXTARNZEZESHSUSTSKFYMGZ,0.515152,0.484848,point_previews/task000193_mu000016_rho070_n0.png
0.7,16,8,license_plate_bahnschrift.ttf,CBAGJWPD6YXT0RNZL49E3HSU875KFVMQ2,15,15,1,0.595,13.38656,0.735998,0.721147,SCBAGJWEDSYXTARNZLGTESHSUBTSKPVMGZ,0.393939,0.606061,point_previews/task000193_mu000016_rho070_n1.png
0.8,16,8,license_plate_bahnschrift.ttf,CBAGJWPD6YXT0RNZL49E3HSU875KFVMQ2,15,15,0,0.68,14.310835,0.701998,0.674571,SCRAGMPDAYXTGRNZ269R3HSUBTSKEVMG2,0.424242,0.575758,point_previews/task000193_mu000016_rho080_n0.png
0.8,16,8,license_plate_bahnschrift.ttf,CBAGJWPD6YXT0RNZL49E3HSU875KFVMQ2,15,15,1,0.68,14.310835,0.701998,0.674571,CBAGWPDETXTRNZLGPESTSUSTSKEVMGS,0.424242,0.575758,point_previews/task000193_mu000016_rho080_n1.png
0.9,16,8,license_plate_bahnschrift.ttf,CBAGJWPD6YXT0RNZL49E3HSU875KFVMQ2,15,15,0,0.765,15.178933,0.668877,0.635992,,1.0,0.0,point_previews/task000193_mu000016_rho090_n0.png
0.9,16,8,license_plate_bahnschrift.ttf,CBAGJWPD6YXT0RNZL49E3HSU875KFVMQ2,15,15,1,0.765,15.178933,0.668877,0.635992,CBAGUWPDSTNTURNELGPESHSUBTSKEVMG2,0.424242,0.575758,point_previews/task000193_mu000016_rho090_n1.png
1.0,16,8,license_plate_bahnschrift.ttf,CBAGJWPD6YXT0RNZL49E3HSU875KFVMQ2,15,15,0,0.85,16.0,0.63662,0.603355,CBAGJWPDSYXTARNZLATEZASUSTSKEVMG2,0.333333,0.666667,point_previews/task000193_mu000016_rho100_n0.png
1.0,16,8,license_plate_bahnschrift.ttf,CBAGJWPD6YXT0RNZL49E3HSU875KFVMQ2,15,15,1,0.85,16.0,0.63662,0.603355,EBAGWPDSYXTURNZLSEPESHSURTSKEVMGZ,0.424242,0.575758,point_previews/task000193_mu000016_rho100_n1.png
0.1,64,8,license_plate_bahnschrift.ttf,CBAGJWPD6YXT0RNZL49E3HSU875KFVMQ2,15,15,0,0.085,5.059644,0.959381,1.907975,ERAGMUPDSYSTUMNZAFESHUSEKEVMH,0.575758,0.424242,point_previews/task000194_mu000064_rho010_n0.png
0.1,64,8,license_plate_bahnschrift.ttf,CBAGJWPD6YXT0RNZL49E3HSU875KFVMQ2,15,15,1,0.085,5.059644,0.959381,1.907975,CEAGBYPDECTRRNZLCRSHSUSSSREVMG2,0.515152,0.484848,point_previews/task000194_mu000064_rho010_n1.png
0.2,64,8,license_plate_bahnschrift.ttf,CBAGJWPD6YXT0RNZL49E3HSU875KFVMQ2,15,15,0,0.17,7.155418,0.919759,1.349142,CBAGJWPDSYXTRNZESPESHSUBTSKFVMG2,0.30303,0.69697,point_previews/task000194_mu000064_rho020_n0.png
0.2,64,8,license_plate_bahnschrift.ttf,CBAGJWPD6YXT0RNZL49E3HSU875KFVMQ2,15,15,1,0.17,7.155418,0.919759,1.349142,,1.0,0.0,point_previews/task000194_mu000064_rho020_n1.png
0.3,64,8,license_plate_bahnschrift.ttf,CBAGJWPD6YXT0RNZL49E3HSU875KFVMQ2,15,15,0,0.255,8.763561,0.881116,1.10157,CBAGJWPDSYXTRNZLAPESHSUBTSKFVMG2,0.272727,0.727273,point_previews/task000194_mu000064_rho030_n0.png
0.3,64,8,license_plate_bahnschrift.ttf,CBAGJWPD6YXT0RNZL49E3HSU875KFVMQ2,15,15,1,0.255,8.763561,0.881116,1.10157,CBAGJWPDEYXTURNZLAPESHSUS7SKEVMQ2,0.242424,0.757576,point_previews/task000194_mu000064_rho030_n1.png
0.4,64,8,license_plate_bahnschrift.ttf,CBAGJWPD6YXT0RNZL49E3HSU875KFVMQ2,15,15,0,0.34,10.119289,0.843436,0.953987,CBAGJWPD6YXTURNZLAVESHSUB7SKFYMG2,0.242424,0.757576,point_previews/task000194_mu000064_rho040_n0.png
0.4,64,8,license_plate_bahnschrift.ttf,CBAGJWPD6YXT0RNZL49E3HSU875KFVMQ2,15,15,1,0.34,10.119289,0.843436,0.953987,CBAGJWPD6YXTRNZL49ESHSUB7SKFVMG2,0.151515,0.848485,point_previews/task000194_mu000064_rho040_n1.png
0.5,64,8,license_plate_bahnschrift.ttf,CBAGJWPD6YXT0RNZL49E3HSU875KFVMQ2,15,15,0,0.425,11.313708,0.8067,0.853272,CBAGJWPD6YXTURNZLA9ESHSUSTSKEVM02,0.242424,0.757576,point_previews/task000194_mu000064_rho050_n0.png
0.5,64,8,license_plate_bahnschrift.ttf,CBAGJWPD6YXT0RNZL49E3HSU875KFVMQ2,15,15,1,0.425,11.313708,0.8067,0.853272,CBAGJWPD6YXTURNZL49ESHSU875KFYMG2,0.121212,0.878788,point_previews/task000194_mu000064_rho050_n1.png
0.6,64,8,license_plate_bahnschrift.ttf,CBAGJWPD6YXT0RNZL49E3HSU875KFVMQ2,15,15,0,0.51,12.393547,0.770893,0.778927,CBAGJWPDSYXTURNZL49ESHSUSTSKFVMG2,0.212121,0.787879,point_previews/task000194_mu000064_rho060_n0.png
0.6,64,8,license_plate_bahnschrift.ttf,CBAGJWPD6YXT0RNZL49E3HSU875KFVMQ2,15,15,1,0.51,12.393547,0.770893,0.778927,CBAGJWPD6YXTURNZLG9ESHSUB75KFVMQG2,0.151515,0.848485,point_previews/task000194_mu000064_rho060_n1.png
0.7,64,8,license_plate_bahnschrift.ttf,CBAGJWPD6YXT0RNZL49E3HSU875KFVMQ2,15,15,0,0.595,13.38656,0.735998,0.721147,CBAGJWPD6YXTURNZL4ESHSUB75KFYMQ2,0.151515,0.848485,point_previews/task000194_mu000064_rho070_n0.png
0.7,64,8,license_plate_bahnschrift.ttf,CBAGJWPD6YXT0RNZL49E3HSU875KFVMQ2,15,15,1,0.595,13.38656,0.735998,0.721147,CBAGJWPDS6YXTRNZLS9ESHSUB75KFVMQ2,0.151515,0.848485,point_previews/task000194_mu000064_rho070_n1.png
0.8,64,8,license_plate_bahnschrift.ttf,CBAGJWPD6YXT0RNZL49E3HSU875KFVMQ2,15,15,0,0.68,14.310835,0.701998,0.674571,CBAGJWPD4YXTURNZL49ESHSUB75KFVMQ2,0.121212,0.878788,point_previews/task000194_mu000064_rho080_n0.png
0.8,64,8,license_plate_bahnschrift.ttf,CBAGJWPD6YXT0RNZL49E3HSU875KFVMQ2,15,15,1,0.68,14.310835,0.701998,0.674571,CBAGJWPD6YXTURNZL4VESHSUSTSKFVMG2,0.212121,0.787879,point_previews/task000194_mu000064_rho080_n1.png
0.9,64,8,license_plate_bahnschrift.ttf,CBAGJWPD6YXT0RNZL49E3HSU875KFVMQ2,15,15,0,0.765,15.178933,0.668877,0.635992,CBAGJWPD6YXT0RNZL49E3HSUS7SKFVMQ2,0.060606,0.939394,point_previews/task000194_mu000064_rho090_n0.png
0.9,64,8,license_plate_bahnschrift.ttf,CBAGJWPD6YXT0RNZL49E3HSU875KFVMQ2,15,15,1,0.765,15.178933,0.668877,0.635992,CBAGJWPD6YXT0RNZL49E3HSU875KFVMQ2,0.0,1.0,point_previews/task000194_mu000064_rho090_n1.png
1.0,64,8,license_plate_bahnschrift.ttf,CBAGJWPD6YXT0RNZL49E3HSU875KFVMQ2,15,15,0,0.85,16.0,0.63662,0.603355,CBAGJWPD6YXTURNZL49E3HSU875KFVMQ2,0.030303,0.969697,point_previews/task000194_mu000064_rho100_n0.png
1.0,64,8,license_plate_bahnschrift.ttf,CBAGJWPD6YXT0RNZL49E3HSU875KFVMQ2,15,15,1,0.85,16.0,0.63662,0.603355,CBAGJWPD6YXTRNZL49E3HSUB875KFVMQ2,0.060606,0.939394,point_previews/task000194_mu000064_rho100_n1.png
0.1,256,8,license_plate_bahnschrift.ttf,CBAGJWPD6YXT0RNZL49E3HSU875KFVMQ2,15,15,0,0.085,5.059644,0.959381,1.907975,CBAGJWPDSYXTERNZEA9ESHSUS7SKEVMG2,0.272727,0.727273,point_previews/task000195_mu000256_rho010_n0.png
0.1,256,8,license_plate_bahnschrift.ttf,CBAGJWPD6YXT0RNZL49E3HSU875KFVMQ2,15,15,1,0.085,5.059644,0.959381,1.907975,CBAGJWPDSYXTURNZLAPESHSUSTSKFVMG2,0.272727,0.727273,point_previews/task000195_mu000256_rho010_n1.png
0.2,256,8,license_plate_bahnschrift.ttf,CBAGJWPD6YXT0RNZL49E3HSU875KFVMQ2,15,15,0,0.17,7.155418,0.919759,1.349142,CBAGJWPD6YXTURNZL49E3HSU875KFVMG2,0.060606,0.939394,point_previews/task000195_mu000256_rho020_n0.png
0.2,256,8,license_plate_bahnschrift.ttf,CBAGJWPD6YXT0RNZL49E3HSU875KFVMQ2,15,15,1,0.17,7.155418,0.919759,1.349142,CBAGJWPD6YXT0RNZL49E3HSU875KFVMG2,0.030303,0.969697,point_previews/task000195_mu000256_rho020_n1.png
0.3,256,8,license_plate_bahnschrift.ttf,CBAGJWPD6YXT0RNZL49E3HSU875KFVMQ2,15,15,0,0.255,8.763561,0.881116,1.10157,CBAGJWPD6YXTRNZL49E3HSUS7SKFYMQ2,0.121212,0.878788,point_previews/task000195_mu000256_rho030_n0.png
0.3,256,8,license_plate_bahnschrift.ttf,CBAGJWPD6YXT0RNZL49E3HSU875KFVMQ2,15,15,1,0.255,8.763561,0.881116,1.10157,CBAGJWPDS6YXTRNZL49ESHSU875KFVMQ2,0.090909,0.909091,point_previews/task000195_mu000256_rho030_n1.png
0.4,256,8,license_plate_bahnschrift.ttf,CBAGJWPD6YXT0RNZL49E3HSU875KFVMQ2,15,15,0,0.34,10.119289,0.843436,0.953987,CBAGJWPD6YXTEURNZL49E3SHSUS75KFVMQ2,0.121212,0.878788,point_previews/task000195_mu000256_rho040_n0.png
0.4,256,8,license_plate_bahnschrift.ttf,CBAGJWPD6YXT0RNZL49E3HSU875KFVMQ2,15,15,1,0.34,10.119289,0.843436,0.953987,CBAGJWPD6YXT0RNZL49ESHSU87SKFVMG2,0.090909,0.909091,point_previews/task000195_mu000256_rho040_n1.png
0.5,256,8,license_plate_bahnschrift.ttf,CBAGJWPD6YXT0RNZL49E3HSU875KFVMQ2,15,15,0,0.425,11.313708,0.8067,0.853272,CBAGJWPD6YXT0RNZL49ESHSUS7SKFVMQ2,0.090909,0.909091,point_previews/task000195_mu000256_rho050_n0.png
0.5,256,8,license_plate_bahnschrift.ttf,CBAGJWPD6YXT0RNZL49E3HSU875KFVMQ2,15,15,1,0.425,11.313708,0.8067,0.853272,CBAGJWPD6YXT0RNZL49E3HSU87SKFVMQG2,0.060606,0.939394,point_previews/task000195_mu000256_rho050_n1.png
0.6,256,8,license_plate_bahnschrift.ttf,CBAGJWPD6YXT0RNZL49E3HSU875KFVMQ2,15,15,0,0.51,12.393547,0.770893,0.778927,CBAGJWPD6YXT0RNZL4PESHSUS7SKFYVMG2,0.181818,0.818182,point_previews/task000195_mu000256_rho060_n0.png
0.6,256,8,license_plate_bahnschrift.ttf,CBAGJWPD6YXT0RNZL49E3HSU875KFVMQ2,15,15,1,0.51,12.393547,0.770893,0.778927,CBAGJWPD6YXT0RNZL49E3HSUS7SKFVMG2,0.090909,0.909091,point_previews/task000195_mu000256_rho060_n1.png
0.7,256,8,license_plate_bahnschrift.ttf,CBAGJWPD6YXT0RNZL49E3HSU875KFVMQ2,15,15,0,0.595,13.38656,0.735998,0.721147,CBAGJWPD6YXT0RNZL49ESHSU875KFVMQ2,0.030303,0.969697,point_previews/task000195_mu000256_rho070_n0.png
0.7,256,8,license_plate_bahnschrift.ttf,CBAGJWPD6YXT0RNZL49E3HSU875KFVMQ2,15,15,1,0.595,13.38656,0.735998,0.721147,CBAGJWPD6YXTU0RNZL49E3SHSU875KFVMQ2,0.060606,0.939394,point_previews/task000195_mu000256_rho070_n1.png
0.8,256,8,license_plate_bahnschrift.ttf,CBAGJWPD6YXT0RNZL49E3HSU875KFVMQ2,15,15,0,0.68,14.310835,0.701998,0.674571,CBAGJWPD6YXT0RNZL49E3HSU87SKFVMG2,0.060606,0.939394,point_previews/task000195_mu000256_rho080_n0.png
0.8,256,8,license_plate_bahnschrift.ttf,CBAGJWPD6YXT0RNZL49E3HSU875KFVMQ2,15,15,1,0.68,14.310835,0.701998,0.674571,CBAGJWPD6YXT0RNZL49E3HSU87SKFVMG2,0.060606,0.939394,point_previews/task000195_mu000256_rho080_n1.png
0.9,256,8,license_plate_bahnschrift.ttf,CBAGJWPD6YXT0RNZL49E3HSU875KFVMQ2,15,15,0,0.765,15.178933,0.668877,0.635992,CBAGJWPD6YXT0RNZL4PESHSUS7TSKFVMGQ2,0.181818,0.818182,point_previews/task000195_mu000256_rho090_n0.png
0.9,256,8,license_plate_bahnschrift.ttf,CBAGJWPD6YXT0RNZL49E3HSU875KFVMQ2,15,15,1,0.765,15.178933,0.668877,0.635992,CBAGJWPD6YXT0RNZL49E3SHSU87SKFVMG2,0.090909,0.909091,point_previews/task000195_mu000256_rho090_n1.png
1.0,256,8,license_plate_bahnschrift.ttf,CBAGJWPD6YXT0RNZL49E3HSU875KFVMQ2,15,15,0,0.85,16.0,0.63662,0.603355,CBAGJWPD6YXT0RNZL49E3SHSU87SKFVMQ2,0.060606,0.939394,point_previews/task000195_mu000256_rho100_n0.png
1.0,256,8,license_plate_bahnschrift.ttf,CBAGJWPD6YXT0RNZL49E3HSU875KFVMQ2,15,15,1,0.85,16.0,0.63662,0.603355,CBAGJWPD6YXT0RNZLSPE3SHSUS7TSKFVMGQ2,0.212121,0.787879,point_previews/task000195_mu000256_rho100_n1.png
0.1,1024,8,license_plate_bahnschrift.ttf,CBAGJWPD6YXT0RNZL49E3HSU875KFVMQ2,15,15,0,0.085,5.059644,0.959381,1.907975,CBAGJWPD46YXTURNZL4APESHSUS75KFVMG2,0.212121,0.787879,point_previews/task000196_mu001024_rho010_n0.png
0.1,1024,8,license_plate_bahnschrift.ttf,CBAGJWPD6YXT0RNZL49E3HSU875KFVMQ2,15,15,1,0.085,5.059644,0.959381,1.907975,CBAGJWPDS6YXTRNZL47E3HSU87SKFYMQG2,0.181818,0.818182,point_previews/task000196_mu001024_rho010_n1.png
0.2,1024,8,license_plate_bahnschrift.ttf,CBAGJWPD6YXT0RNZL49E3HSU875KFVMQ2,15,15,0,0.17,7.155418,0.919759,1.349142,CBAGJWPDS6YXTRNZL49E3SHSUS75SKFYVMQG2,0.212121,0.787879,point_previews/task000196_mu001024_rho020_n0.png
0.2,1024,8,license_plate_bahnschrift.ttf,CBAGJWPD6YXT0RNZL49E3HSU875KFVMQ2,15,15,1,0.17,7.155418,0.919759,1.349142,CBAGJWPD6YXT0RNZL49ESHSUS875KFVMQG2,0.090909,0.909091,point_previews/task000196_mu001024_rho020_n1.png
0.3,1024,8,license_plate_bahnschrift.ttf,CBAGJWPD6YXT0RNZL49E3HSU875KFVMQ2,15,15,0,0.255,8.763561,0.881116,1.10157,CBAGJWPD6YXT0RNZL47E3HSU875KFVMQ2,0.030303,0.969697,point_previews/task000196_mu001024_rho030_n0.png
0.3,1024,8,license_plate_bahnschrift.ttf,CBAGJWPD6YXT0RNZL49E3HSU875KFVMQ2,15,15,1,0.255,8.763561,0.881116,1.10157,CBAGJWPD6YXT0RNZL49E3HSU875SKFVMQ2,0.030303,0.969697,point_previews/task000196_mu001024_rho030_n1.png
0.4,1024,8,license_plate_bahnschrift.ttf,CBAGJWPD6YXT0RNZL49E3HSU875KFVMQ2,15,15,0,0.34,10.119289,0.843436,0.953987,CBAGJWPD46YXT0RNZL49E3HSU875KFVMQ2,0.030303,0.969697,point_previews/task000196_mu001024_rho040_n0.png
0.4,1024,8,license_plate_bahnschrift.ttf,CBAGJWPD6YXT0RNZL49E3HSU875KFVMQ2,15,15,1,0.34,10.119289,0.843436,0.953987,CBAGJWPD6YXT0RNZL49E3HSU875KFVMQ2,0.0,1.0,point_previews/task000196_mu001024_rho040_n1.png
0.5,1024,8,license_plate_bahnschrift.ttf,CBAGJWPD6YXT0RNZL49E3HSU875KFVMQ2,15,15,0,0.425,11.313708,0.8067,0.853272,CBAGJWPD6YXT0RNZL4PE3SHSUS75SKFVMG2,0.151515,0.848485,point_previews/task000196_mu001024_rho050_n0.png
0.5,1024,8,license_plate_bahnschrift.ttf,CBAGJWPD6YXT0RNZL49E3HSU875KFVMQ2,15,15,1,0.425,11.313708,0.8067,0.853272,CBAGJWPD6YXT0RNZL49E3HSU875KFVMQ2,0.0,1.0,point_previews/task000196_mu001024_rho050_n1.png
0.6,1024,8,license_plate_bahnschrift.ttf,CBAGJWPD6YXT0RNZL49E3HSU875KFVMQ2,15,15,0,0.51,12.393547,0.770893,0.778927,CBAGJWPD6YXTU0RNZL49E3HSU875SKFVMQ2,0.060606,0.939394,point_previews/task000196_mu001024_rho060_n0.png
0.6,1024,8,license_plate_bahnschrift.ttf,CBAGJWPD6YXT0RNZL49E3HSU875KFVMQ2,15,15,1,0.51,12.393547,0.770893,0.778927,CBAGJWPD6YXT0RNZL49E3HSU875KFVMQ2,0.0,1.0,point_previews/task000196_mu001024_rho060_n1.png
0.7,1024,8,license_plate_bahnschrift.ttf,CBAGJWPD6YXT0RNZL49E3HSU875KFVMQ2,15,15,0,0.595,13.38656,0.735998,0.721147,CBAGJWPD6YXT0RNZL4S9E3HSU87SKFVMG2,0.090909,0.909091,point_previews/task000196_mu001024_rho070_n0.png
0.7,1024,8,license_plate_bahnschrift.ttf,CBAGJWPD6YXT0RNZL49E3HSU875KFVMQ2,15,15,1,0.595,13.38656,0.735998,0.721147,CBAGJWPD6YXT0RNZL49E3HSU87SKFVMG2,0.060606,0.939394,point_previews/task000196_mu001024_rho070_n1.png
0.8,1024,8,license_plate_bahnschrift.ttf,CBAGJWPD6YXT0RNZL49E3HSU875KFVMQ2,15,15,0,0.68,14.310835,0.701998,0.674571,CBAGJWPD6YXT0RNZL49E3HSU87SKFVMG2,0.060606,0.939394,point_previews/task000196_mu001024_rho080_n0.png
0.8,1024,8,license_plate_bahnschrift.ttf,CBAGJWPD6YXT0RNZL49E3HSU875KFVMQ2,15,15,1,0.68,14.310835,0.701998,0.674571,CBAGJWPD6YXT0RNZL49E3HSU87SKFVMG2,0.060606,0.939394,point_previews/task000196_mu001024_rho080_n1.png
0.9,1024,8,license_plate_bahnschrift.ttf,CBAGJWPD6YXT0RNZL49E3HSU875KFVMQ2,15,15,0,0.765,15.178933,0.668877,0.635992,CBAGJWPD6YXT0RNZL49E3HSU87SKFVMQ2,0.030303,0.969697,point_previews/task000196_mu001024_rho090_n0.png
0.9,1024,8,license_plate_bahnschrift.ttf,CBAGJWPD6YXT0RNZL49E3HSU875KFVMQ2,15,15,1,0.765,15.178933,0.668877,0.635992,CBAGJWPD6YXT0RNZL49E3HSU87SKFVMGQ2,0.060606,0.939394,point_previews/task000196_mu001024_rho090_n1.png
1.0,1024,8,license_plate_bahnschrift.ttf,CBAGJWPD6YXT0RNZL49E3HSU875KFVMQ2,15,15,0,0.85,16.0,0.63662,0.603355,CBAGJWPD6YXT0RNZL49E3HSU87SKFVMG2,0.060606,0.939394,point_previews/task000196_mu001024_rho100_n0.png
1.0,1024,8,license_plate_bahnschrift.ttf,CBAGJWPD6YXT0RNZL49E3HSU875KFVMQ2,15,15,1,0.85,16.0,0.63662,0.603355,CBAGJWPD6YXT0RNZL49E3HSU87SKFVMQG2,0.060606,0.939394,point_previews/task000196_mu001024_rho100_n1.png
0.1,4096,8,license_plate_bahnschrift.ttf,CBAGJWPD6YXT0RNZL49E3HSU875KFVMQ2,15,15,0,0.085,5.059644,0.959381,1.907975,CBAGJWPD6YXTURNZLAPESHSUS75KFYMQ2,0.181818,0.818182,point_previews/task000197_mu004096_rho010_n0.png
0.1,4096,8,license_plate_bahnschrift.ttf,CBAGJWPD6YXT0RNZL49E3HSU875KFVMQ2,15,15,1,0.085,5.059644,0.959381,1.907975,CBAGJWPD6YATURNZLAPZESHSUS7SKFYVMG2,0.30303,0.69697,point_previews/task000197_mu004096_rho010_n1.png
0.2,4096,8,license_plate_bahnschrift.ttf,CBAGJWPD6YXT0RNZL49E3HSU875KFVMQ2,15,15,0,0.17,7.155418,0.919759,1.349142,CBAGJWPD6YXTRNZL49E3SHSUS7SKFYVMQ2,0.151515,0.848485,point_previews/task000197_mu004096_rho020_n0.png
0.2,4096,8,license_plate_bahnschrift.ttf,CBAGJWPD6YXT0RNZL49E3HSU875KFVMQ2,15,15,1,0.17,7.155418,0.919759,1.349142,CBAGJWPD6YXT0RNZL49E3HSU87SKFVMQ2,0.030303,0.969697,point_previews/task000197_mu004096_rho020_n1.png
0.3,4096,8,license_plate_bahnschrift.ttf,CBAGJWPD6YXT0RNZL49E3HSU875KFVMQ2,15,15,0,0.255,8.763561,0.881116,1.10157,CBAGJWPD6YXT0RNZL49E3HSU875SKFVMQ2,0.030303,0.969697,point_previews/task000197_mu004096_rho030_n0.png
0.3,4096,8,license_plate_bahnschrift.ttf,CBAGJWPD6YXT0RNZL49E3HSU875KFVMQ2,15,15,1,0.255,8.763561,0.881116,1.10157,CBAGJWPD6YXTU0RNZL49E3HSU875KFVMQ2,0.030303,0.969697,point_previews/task000197_mu004096_rho030_n1.png
0.4,4096,8,license_plate_bahnschrift.ttf,CBAGJWPD6YXT0RNZL49E3HSU875KFVMQ2,15,15,0,0.34,10.119289,0.843436,0.953987,CBAGJWPD6YXT0RNZL49E3HSU875KFVMQ2,0.0,1.0,point_previews/task000197_mu004096_rho040_n0.png
0.4,4096,8,license_plate_bahnschrift.ttf,CBAGJWPD6YXT0RNZL49E3HSU875KFVMQ2,15,15,1,0.34,10.119289,0.843436,0.953987,CBAGJWPD6YXT0RNZL49E3HSU875KFVMQ2,0.0,1.0,point_previews/task000197_mu004096_rho040_n1.png
0.5,4096,8,license_plate_bahnschrift.ttf,CBAGJWPD6YXT0RNZL49E3HSU875KFVMQ2,15,15,0,0.425,11.313708,0.8067,0.853272,CBAGJWPD6YXT0RNZL49E3HSUS875SKFVMQ2,0.060606,0.939394,point_previews/task000197_mu004096_rho050_n0.png
0.5,4096,8,license_plate_bahnschrift.ttf,CBAGJWPD6YXT0RNZL49E3HSU875KFVMQ2,15,15,1,0.425,11.313708,0.8067,0.853272,CBAGJWPD6YXT0RNZL49E3HSU875KFVMQ2,0.0,1.0,point_previews/task000197_mu004096_rho050_n1.png
0.6,4096,8,license_plate_bahnschrift.ttf,CBAGJWPD6YXT0RNZL49E3HSU875KFVMQ2,15,15,0,0.51,12.393547,0.770893,0.778927,CBAGJWPD6YXT0RNZL49E3HSU875SKFVMQ2,0.030303,0.969697,point_previews/task000197_mu004096_rho060_n0.png
0.6,4096,8,license_plate_bahnschrift.ttf,CBAGJWPD6YXT0RNZL49E3HSU875KFVMQ2,15,15,1,0.51,12.393547,0.770893,0.778927,CBAGJWPD6YXT0RNZL49E3HSU875KFVMQ2,0.0,1.0,point_previews/task000197_mu004096_rho060_n1.png
0.7,4096,8,license_plate_bahnschrift.ttf,CBAGJWPD6YXT0RNZL49E3HSU875KFVMQ2,15,15,0,0.595,13.38656,0.735998,0.721147,CBAGJWPD6YXT0RNZL49E3HSU875KFVMQ2,0.0,1.0,point_previews/task000197_mu004096_rho070_n0.png
0.7,4096,8,license_plate_bahnschrift.ttf,CBAGJWPD6YXT0RNZL49E3HSU875KFVMQ2,15,15,1,0.595,13.38656,0.735998,0.721147,CBAGJWPD6YXT0RNZL49E3HSU875KFVMQ2,0.0,1.0,point_previews/task000197_mu004096_rho070_n1.png
0.8,4096,8,license_plate_bahnschrift.ttf,CBAGJWPD6YXT0RNZL49E3HSU875KFVMQ2,15,15,0,0.68,14.310835,0.701998,0.674571,CBAGJWPD6YXT0RNZL49E3HSU87SKFVMG2,0.060606,0.939394,point_previews/task000197_mu004096_rho080_n0.png
0.8,4096,8,license_plate_bahnschrift.ttf,CBAGJWPD6YXT0RNZL49E3HSU875KFVMQ2,15,15,1,0.68,14.310835,0.701998,0.674571,CBAGJWPD6YXT0RNZL49E3HSU875KFVMQ2,0.0,1.0,point_previews/task000197_mu004096_rho080_n1.png
0.9,4096,8,license_plate_bahnschrift.ttf,CBAGJWPD6YXT0RNZL49E3HSU875KFVMQ2,15,15,0,0.765,15.178933,0.668877,0.635992,CBAGJWPD6YXT0RNZL49E3HSU87SKFVMG2,0.060606,0.939394,point_previews/task000197_mu004096_rho090_n0.png
0.9,4096,8,license_plate_bahnschrift.ttf,CBAGJWPD6YXT0RNZL49E3HSU875KFVMQ2,15,15,1,0.765,15.178933,0.668877,0.635992,CBAGJWPD6YXT0RNZL49E3HSU87SKFVMG2,0.060606,0.939394,point_previews/task000197_mu004096_rho090_n1.png
1.0,4096,8,license_plate_bahnschrift.ttf,CBAGJWPD6YXT0RNZL49E3HSU875KFVMQ2,15,15,0,0.85,16.0,0.63662,0.603355,CBAGJWPD6YXT0RNZL49E3SHSU87SKFVMG2,0.090909,0.909091,point_previews/task000197_mu004096_rho100_n0.png
1.0,4096,8,license_plate_bahnschrift.ttf,CBAGJWPD6YXT0RNZL49E3HSU875KFVMQ2,15,15,1,0.85,16.0,0.63662,0.603355,CBAGJWPD6YXT0RNZL4PVE3SHSU875SKFVMQG2,0.151515,0.848485,point_previews/task000197_mu004096_rho100_n1.png
0.1,16384,8,license_plate_bahnschrift.ttf,CBAGJWPD6YXT0RNZL49E3HSU875KFVMQ2,15,15,0,0.085,5.059644,0.959381,1.907975,CBAGJWPD6YXATURNZLAP9E3SHSUS7SKFYMGQ2,0.272727,0.727273,point_previews/task000198_mu016384_rho010_n0.png
0.1,16384,8,license_plate_bahnschrift.ttf,CBAGJWPD6YXT0RNZL49E3HSU875KFVMQ2,15,15,1,0.085,5.059644,0.959381,1.907975,CBAGJWPD6YXATURNZLAPZESHSUS7SKFYMGQ2,0.30303,0.69697,point_previews/task000198_mu016384_rho010_n1.png
0.2,16384,8,license_plate_bahnschrift.ttf,CBAGJWPD6YXT0RNZL49E3HSU875KFVMQ2,15,15,0,0.17,7.155418,0.919759,1.349142,CBAGJWPD6YXT0RNZL49E3HSU87SKFVMQ2,0.030303,0.969697,point_previews/task000198_mu016384_rho020_n0.png
0.2,16384,8,license_plate_bahnschrift.ttf,CBAGJWPD6YXT0RNZL49E3HSU875KFVMQ2,15,15,1,0.17,7.155418,0.919759,1.349142,CBAGJWPD6YXT0RNZL49E3HSU87SKFVMQ2,0.030303,0.969697,point_previews/task000198_mu016384_rho020_n1.png
0.3,16384,8,license_plate_bahnschrift.ttf,CBAGJWPD6YXT0RNZL49E3HSU875KFVMQ2,15,15,0,0.255,8.763561,0.881116,1.10157,CBAGJWPD6YXT0RNZL49E3HSU875KFVMQ2,0.0,1.0,point_previews/task000198_mu016384_rho030_n0.png
0.3,16384,8,license_plate_bahnschrift.ttf,CBAGJWPD6YXT0RNZL49E3HSU875KFVMQ2,15,15,1,0.255,8.763561,0.881116,1.10157,CBAGJWPD6YXT0RNZL49E3HSU875SKFVMQ2,0.030303,0.969697,point_previews/task000198_mu016384_rho030_n1.png
0.4,16384,8,license_plate_bahnschrift.ttf,CBAGJWPD6YXT0RNZL49E3HSU875KFVMQ2,15,15,0,0.34,10.119289,0.843436,0.953987,CBAGJWPD6YXT0RNZL49E3HSU875KFVMQ2,0.0,1.0,point_previews/task000198_mu016384_rho040_n0.png
0.4,16384,8,license_plate_bahnschrift.ttf,CBAGJWPD6YXT0RNZL49E3HSU875KFVMQ2,15,15,1,0.34,10.119289,0.843436,0.953987,CBAGJWPD6YXT0RNZL49E3HSU875KFVMQ2,0.0,1.0,point_previews/task000198_mu016384_rho040_n1.png
0.5,16384,8,license_plate_bahnschrift.ttf,CBAGJWPD6YXT0RNZL49E3HSU875KFVMQ2,15,15,0,0.425,11.313708,0.8067,0.853272,CBAGJWPD6YXT0RNZL49E3HSU875KFVMQ2,0.0,1.0,point_previews/task000198_mu016384_rho050_n0.png
0.5,16384,8,license_plate_bahnschrift.ttf,CBAGJWPD6YXT0RNZL49E3HSU875KFVMQ2,15,15,1,0.425,11.313708,0.8067,0.853272,CBAGJWPD6YXT0RNZL49E3HSU875SKFVMQ2,0.030303,0.969697,point_previews/task000198_mu016384_rho050_n1.png
0.6,16384,8,license_plate_bahnschrift.ttf,CBAGJWPD6YXT0RNZL49E3HSU875KFVMQ2,15,15,0,0.51,12.393547,0.770893,0.778927,CBAGJWPD6YXT0RNZL49E3HSU875SKFVMQ2,0.030303,0.969697,point_previews/task000198_mu016384_rho060_n0.png
0.6,16384,8,license_plate_bahnschrift.ttf,CBAGJWPD6YXT0RNZL49E3HSU875KFVMQ2,15,15,1,0.51,12.393547,0.770893,0.778927,CBAGJWPD6YXT0RNZL49E3HSU875KFVMQ2,0.0,1.0,point_previews/task000198_mu016384_rho060_n1.png
0.7,16384,8,license_plate_bahnschrift.ttf,CBAGJWPD6YXT0RNZL49E3HSU875KFVMQ2,15,15,0,0.595,13.38656,0.735998,0.721147,CBAGJWPD6YXT0RNZL49E3HSU875KFVMQ2,0.0,1.0,point_previews/task000198_mu016384_rho070_n0.png
0.7,16384,8,license_plate_bahnschrift.ttf,CBAGJWPD6YXT0RNZL49E3HSU875KFVMQ2,15,15,1,0.595,13.38656,0.735998,0.721147,CBAGJWPD6YXT0RNZL49E3HSU875KFVMQ2,0.0,1.0,point_previews/task000198_mu016384_rho070_n1.png
0.8,16384,8,license_plate_bahnschrift.ttf,CBAGJWPD6YXT0RNZL49E3HSU875KFVMQ2,15,15,0,0.68,14.310835,0.701998,0.674571,CBAGJWPD6YXT0RNZL49E3HSU87SKFVMG2,0.060606,0.939394,point_previews/task000198_mu016384_rho080_n0.png
0.8,16384,8,license_plate_bahnschrift.ttf,CBAGJWPD6YXT0RNZL49E3HSU875KFVMQ2,15,15,1,0.68,14.310835,0.701998,0.674571,CBAGJWPD6YXT0RNZL49E3HSU87SKFVMG2,0.060606,0.939394,point_previews/task000198_mu016384_rho080_n1.png
0.9,16384,8,license_plate_bahnschrift.ttf,CBAGJWPD6YXT0RNZL49E3HSU875KFVMQ2,15,15,0,0.765,15.178933,0.668877,0.635992,CBAGJWPD6YXT0RNZL49E3HSU87SKFVMQ2,0.030303,0.969697,point_previews/task000198_mu016384_rho090_n0.png
0.9,16384,8,license_plate_bahnschrift.ttf,CBAGJWPD6YXT0RNZL49E3HSU875KFVMQ2,15,15,1,0.765,15.178933,0.668877,0.635992,CBAGJWPD6YXT0RNZL49E3HSU87SKFVMG2,0.060606,0.939394,point_previews/task000198_mu016384_rho090_n1.png
1.0,16384,8,license_plate_bahnschrift.ttf,CBAGJWPD6YXT0RNZL49E3HSU875KFVMQ2,15,15,0,0.85,16.0,0.63662,0.603355,CBAGJWPD6YXT0RNZL49E3HSU87SKFVMG2,0.060606,0.939394,point_previews/task000198_mu016384_rho100_n0.png
1.0,16384,8,license_plate_bahnschrift.ttf,CBAGJWPD6YXT0RNZL49E3HSU875KFVMQ2,15,15,1,0.85,16.0,0.63662,0.603355,CBAGJWPD6YXT0RNZL49E3HSU87SKFVMG2,0.060606,0.939394,point_previews/task000198_mu016384_rho100_n1.png
0.1,65536,8,license_plate_bahnschrift.ttf,CBAGJWPD6YXT0RNZL49E3HSU875KFVMQ2,15,15,0,0.085,5.059644,0.959381,1.907975,CBAGJWPD6YXATURNZLAPZESHSUS7SKFYMQ2,0.272727,0.727273,point_previews/task000199_mu065536_rho010_n0.png
0.1,65536,8,license_plate_bahnschrift.ttf,CBAGJWPD6YXT0RNZL49E3HSU875KFVMQ2,15,15,1,0.085,5.059644,0.959381,1.907975,CBAGJWPD6YXATURNZLAP9E3SHSUS7SKFYMQ2,0.242424,0.757576,point_previews/task000199_mu065536_rho010_n1.png
0.2,65536,8,license_plate_bahnschrift.ttf,CBAGJWPD6YXT0RNZL49E3HSU875KFVMQ2,15,15,0,0.17,7.155418,0.919759,1.349142,CBAGJWPD6YXT0RNZL49E3HSU87SKFVMQ2,0.030303,0.969697,point_previews/task000199_mu065536_rho020_n0.png
0.2,65536,8,license_plate_bahnschrift.ttf,CBAGJWPD6YXT0RNZL49E3HSU875KFVMQ2,15,15,1,0.17,7.155418,0.919759,1.349142,CBAGJWPD6YXT0RNZL49E3HSU87SKFVMQ2,0.030303,0.969697,point_previews/task000199_mu065536_rho020_n1.png
0.3,65536,8,license_plate_bahnschrift.ttf,CBAGJWPD6YXT0RNZL49E3HSU875KFVMQ2,15,15,0,0.255,8.763561,0.881116,1.10157,CBAGJWPD6YXTU0RNZL49E3HSU875SKFVMQ2,0.060606,0.939394,point_previews/task000199_mu065536_rho030_n0.png
0.3,65536,8,license_plate_bahnschrift.ttf,CBAGJWPD6YXT0RNZL49E3HSU875KFVMQ2,15,15,1,0.255,8.763561,0.881116,1.10157,CBAGJWPD6YXT0RNZL49E3HSU875SKFVMQ2,0.030303,0.969697,point_previews/task000199_mu065536_rho030_n1.png
0.4,65536,8,license_plate_bahnschrift.ttf,CBAGJWPD6YXT0RNZL49E3HSU875KFVMQ2,15,15,0,0.34,10.119289,0.843436,0.953987,CBAGJWPD6YXT0RNZL49E3HSU875KFVMQ2,0.0,1.0,point_previews/task000199_mu065536_rho040_n0.png
0.4,65536,8,license_plate_bahnschrift.ttf,CBAGJWPD6YXT0RNZL49E3HSU875KFVMQ2,15,15,1,0.34,10.119289,0.843436,0.953987,CBAGJWPD6YXT0RNZL49E3HSU875KFVMQ2,0.0,1.0,point_previews/task000199_mu065536_rho040_n1.png
0.5,65536,8,license_plate_bahnschrift.ttf,CBAGJWPD6YXT0RNZL49E3HSU875KFVMQ2,15,15,0,0.425,11.313708,0.8067,0.853272,CBAGJWPD6YXT0RNZL49E3HSU875SKFVMQ2,0.030303,0.969697,point_previews/task000199_mu065536_rho050_n0.png
0.5,65536,8,license_plate_bahnschrift.ttf,CBAGJWPD6YXT0RNZL49E3HSU875KFVMQ2,15,15,1,0.425,11.313708,0.8067,0.853272,CBAGJWPD6YXT0RNZL49E3HSU875KFVMQ2,0.0,1.0,point_previews/task000199_mu065536_rho050_n1.png
0.6,65536,8,license_plate_bahnschrift.ttf,CBAGJWPD6YXT0RNZL49E3HSU875KFVMQ2,15,15,0,0.51,12.393547,0.770893,0.778927,CBAGJWPD6YXT0RNZL49E3HSU875KFVMQ2,0.0,1.0,point_previews/task000199_mu065536_rho060_n0.png
0.6,65536,8,license_plate_bahnschrift.ttf,CBAGJWPD6YXT0RNZL49E3HSU875KFVMQ2,15,15,1,0.51,12.393547,0.770893,0.778927,CBAGJWPD6YXT0RNZL49E3HSU875KFVMQ2,0.0,1.0,point_previews/task000199_mu065536_rho060_n1.png
0.7,65536,8,license_plate_bahnschrift.ttf,CBAGJWPD6YXT0RNZL49E3HSU875KFVMQ2,15,15,0,0.595,13.38656,0.735998,0.721147,CBAGJWPD6YXT0RNZL49E3HSU875KFVMQ2,0.0,1.0,point_previews/task000199_mu065536_rho070_n0.png
0.7,65536,8,license_plate_bahnschrift.ttf,CBAGJWPD6YXT0RNZL49E3HSU875KFVMQ2,15,15,1,0.595,13.38656,0.735998,0.721147,CBAGJWPD6YXT0RNZL49E3HSU875KFVMQ2,0.0,1.0,point_previews/task000199_mu065536_rho070_n1.png
0.8,65536,8,license_plate_bahnschrift.ttf,CBAGJWPD6YXT0RNZL49E3HSU875KFVMQ2,15,15,0,0.68,14.310835,0.701998,0.674571,CBAGJWPD6YXT0RNZL49E3HSU87SKFVMG2,0.060606,0.939394,point_previews/task000199_mu065536_rho080_n0.png
0.8,65536,8,license_plate_bahnschrift.ttf,CBAGJWPD6YXT0RNZL49E3HSU875KFVMQ2,15,15,1,0.68,14.310835,0.701998,0.674571,CBAGJWPD6YXT0RNZL49E3HSU87SKFVMG2,0.060606,0.939394,point_previews/task000199_mu065536_rho080_n1.png
0.9,65536,8,license_plate_bahnschrift.ttf,CBAGJWPD6YXT0RNZL49E3HSU875KFVMQ2,15,15,0,0.765,15.178933,0.668877,0.635992,CBAGJWPD6YXT0RNZL49E3HSU87SKFVMGQ2,0.060606,0.939394,point_previews/task000199_mu065536_rho090_n0.png
0.9,65536,8,license_plate_bahnschrift.ttf,CBAGJWPD6YXT0RNZL49E3HSU875KFVMQ2,15,15,1,0.765,15.178933,0.668877,0.635992,CBAGJWPD6YXT0RNZL49E3HSU87SKFVMG2,0.060606,0.939394,point_previews/task000199_mu065536_rho090_n1.png
1.0,65536,8,license_plate_bahnschrift.ttf,CBAGJWPD6YXT0RNZL49E3HSU875KFVMQ2,15,15,0,0.85,16.0,0.63662,0.603355,CBAGJWPD6YXT0RNZL49E3HSU87SKFVMG2,0.060606,0.939394,point_previews/task000199_mu065536_rho100_n0.png
1.0,65536,8,license_plate_bahnschrift.ttf,CBAGJWPD6YXT0RNZL49E3HSU875KFVMQ2,15,15,1,0.85,16.0,0.63662,0.603355,CBAGJWPD6YXT0RNZL49E3HSU87SKFVMQ2,0.030303,0.969697,point_previews/task000199_mu065536_rho100_n1.png
