rho,mu_p,char_height_px,font_name,text,phase_x,phase_y,noise_repeat,qe_total,aperture_width_px,mtf_nyquist,aperture_f50_cpp,ocr_text,cer,char_acc
0.1,4,4,license_plate_bahnschrift.ttf,VJNKYFDZICRAQLPMWHGESOUXBT,0,0,0,0.085,5.059644,0.959381,1.907975,,1.0,0.0
0.1,4,4,license_plate_bahnschrift.ttf,VJNKYFDZICRAQLPMWHGESOUXBT,0,0,1,0.085,5.059644,0.959381,1.907975,,1.0,0.0
0.2,4,4,license_plate_bahnschrift.ttf,VJNKYFDZICRAQLPMWHGESOUXBT,0,0,0,0.17,7.155418,0.919759,1.349142,,1.0,0.0
0.2,4,4,license_plate_bahnschrift.ttf,VJNKYFDZICRAQLPMWHGESOUXBT,0,0,1,0.17,7.155418,0.919759,1.349142,PABFB,0.923077,0.076923
0.3,4,4,license_plate_bahnschrift.ttf,VJNKYFDZICRAQLPMWHGESOUXBT,0,0,0,0.255,8.763561,0.881116,1.10157,M,0.961538,0.038462
0.3,4,4,license_plate_bahnschrift.ttf,VJNKYFDZICRAQLPMWHGESOUXBT,0,0,1,0.255,8.763561,0.881116,1.10157,SSSA,0.961538,0.038462
0.4,4,4,license_plate_bahnschrift.ttf,VJNKYFDZICRAQLPMWHGESOUXBT,0,0,0,0.34,10.119289,0.843436,0.953987,,1.0,0.0
0.4,4,4,license_plate_bahnschrift.ttf,VJNKYFDZICRAQLPMWHGESOUXBT,0,0,1,0.34,10.119289,0.843436,0.953987,SLRSESICRAESS,0.769231,0.230769
0.5,4,4,license_plate_bahnschrift.ttf,VJNKYFDZICRAQLPMWHGESOUXBT,0,0,0,0.425,11.313708,0.8067,0.853272,,1.0,0.0
0.5,4,4,license_plate_bahnschrift.ttf,VJNKYFDZICRAQLPMWHGESOUXBT,0,0,1,0.425,11.313708,0.8067,0.853272,BCDNTTS,0.923077,0.076923
0.6,4,4,license_plate_bahnschrift.ttf,VJNKYFDZICRAQLPMWHGESOUXBT,0,0,0,0.51,12.393547,0.770893,0.778927,FGNGLS,0.884615,0.115385
0.6,4,4,license_plate_bahnschrift.ttf,VJNKYFDZICRAQLPMWHGESOUXBT,0,0,1,0.51,12.393547,0.770893,0.778927,,1.0,0.0
0.7,4,4,license_plate_bahnschrift.ttf,VJNKYFDZICRAQLPMWHGESOUXBT,0,0,0,0.595,13.38656,0.735998,0.721147,,1.0,0.0
0.7,4,4,license_plate_bahnschrift.ttf,VJNKYFDZICRAQLPMWHGESOUXBT,0,0,1,0.595,13.38656,0.735998,0.721147,RO,0.923077,0.076923
0.8,4,4,license_plate_bahnschrift.ttf,VJNKYFDZICRAQLPMWHGESOUXBT,0,0,0,0.68,14.310835,0.701998,0.674571,,1.0,0.0
0.8,4,4,license_plate_bahnschrift.ttf,VJNKYFDZICRAQLPMWHGESOUXBT,0,0,1,0.68,14.310835,0.701998,0.674571,SODSEK,0.923077,0.076923
0.9,4,4,license_plate_bahnschrift.ttf,VJNKYFDZICRAQLPMWHGESOUXBT,0,0,0,0.765,15.178933,0.668877,0.635992,,1.0,0.0
0.9,4,4,license_plate_bahnschrift.ttf,VJNKYFDZICRAQLPMWHGESOUXBT,0,0,1,0.765,15.178933,0.668877,0.635992,SC,0.961538,0.038462
1.0,4,4,license_plate_bahnschrift.ttf,VJNKYFDZICRAQLPMWHGESOUXBT,0,0,0,0.85,16.0,0.63662,0.603355,RED,0.923077,0.076923
1.0,4,4,license_plate_bahnschrift.ttf,VJNKYFDZICRAQLPMWHGESOUXBT,0,0,1,0.85,16.0,0.63662,0.603355,,1.0,0.0
0.1,16,4,license_plate_bahnschrift.ttf,VJNKYFDZICRAQLPMWHGESOUXBT,0,0,0,0.085,5.059644,0.959381,1.907975,WRSGRE,0.923077,0.076923
0.1,16,4,license_plate_bahnschrift.ttf,VJNKYFDZICRAQLPMWHGESOUXBT,0,0,1,0.085,5.059644,0.959381,1.907975,,1.0,0.0
0.2,16,4,license_plate_bahnschrift.ttf,VJNKYFDZICRAQLPMWHGESOUXBT,0,0,0,0.17,7.155418,0.919759,1.349142,,1.0,0.0
0.2,16,4,license_plate_bahnschrift.ttf,VJNKYFDZICRAQLPMWHGESOUXBT,0,0,1,0.17,7.155418,0.919759,1.349142,TOLKSUERRT,0.884615,0.115385
0.3,16,4,license_plate_bahnschrift.ttf,VJNKYFDZICRAQLPMWHGESOUXBT,0,0,0,0.255,8.763561,0.881116,1.10157,,1.0,0.0
0.3,16,4,license_plate_bahnschrift.ttf,VJNKYFDZICRAQLPMWHGESOUXBT,0,0,1,0.255,8.763561,0.881116,1.10157,DASES,0.846154,0.153846
0.4,16,4,license_plate_bahnschrift.ttf,VJNKYFDZICRAQLPMWHGESOUXBT,0,0,0,0.34,10.119289,0.843436,0.953987,,1.0,0.0
0.4,16,4,license_plate_bahnschrift.ttf,VJNKYFDZICRAQLPMWHGESOUXBT,0,0,1,0.34,10.119289,0.843436,0.953987,,1.0,0.0
0.5,16,4,license_plate_bahnschrift.ttf,VJNKYFDZICRAQLPMWHGESOUXBT,0,0,0,0.425,11.313708,0.8067,0.853272,UNTT,0.923077,0.076923
0.5,16,4,license_plate_bahnschrift.ttf,VJNKYFDZICRAQLPMWHGESOUXBT,0,0,1,0.425,11.313708,0.8067,0.853272,,1.0,0.0
0.6,16,4,license_plate_bahnschrift.ttf,VJNKYFDZICRAQLPMWHGESOUXBT,0,0,0,0.51,12.393547,0.770893,0.778927,,1.0,0.0
0.6,16,4,license_plate_bahnschrift.ttf,VJNKYFDZICRAQLPMWHGESOUXBT,0,0,1,0.51,12.393547,0.770893,0.778927,,1.0,0.0
0.7,16,4,license_plate_bahnschrift.ttf,VJNKYFDZICRAQLPMWHGESOUXBT,0,0,0,0.595,13.38656,0.735998,0.721147,,1.0,0.0
0.7,16,4,license_plate_bahnschrift.ttf,VJNKYFDZICRAQLPMWHGESOUXBT,0,0,1,0.595,13.38656,0.735998,0.721147,,1.0,0.0
0.8,16,4,license_plate_bahnschrift.ttf,VJNKYFDZICRAQLPMWHGESOUXBT,0,0,0,0.68,14.310835,0.701998,0.674571,,1.0,0.0
0.8,16,4,license_plate_bahnschrift.ttf,VJNKYFDZICRAQLPMWHGESOUXBT,0,0,1,0.68,14.310835,0.701998,0.674571,BSN,0.961538,0.038462
0.9,16,4,license_plate_bahnschrift.ttf,VJNKYFDZICRAQLPMWHGESOUXBT,0,0,0,0.765,15.178933,0.668877,0.635992,,1.0,0.0
0.9,16,4,license_plate_bahnschrift.ttf,VJNKYFDZICRAQLPMWHGESOUXBT,0,0,1,0.765,15.178933,0.668877,0.635992,WRNSTEREAAFALPEIAET,0.769231,0.230769
1.0,16,4,license_plate_bahnschrift.ttf,VJNKYFDZICRAQLPMWHGESOUXBT,0,0,0,0.85,16.0,0.63662,0.603355,ALMSED,0.846154,0.153846
1.0,16,4,license_plate_bahnschrift.ttf,VJNKYFDZICRAQLPMWHGESOUXBT,0,0,1,0.85,16.0,0.63662,0.603355,,1.0,0.0
0.1,64,4,license_plate_bahnschrift.ttf,VJNKYFDZICRAQLPMWHGESOUXBT,0,0,0,0.085,5.059644,0.959381,1.907975,,1.0,0.0
0.1,64,4,license_plate_bahnschrift.ttf,VJNKYFDZICRAQLPMWHGESOUXBT,0,0,1,0.085,5.059644,0.959381,1.907975,,1.0,0.0
0.2,64,4,license_plate_bahnschrift.ttf,VJNKYFDZICRAQLPMWHGESOUXBT,0,0,0,0.17,7.155418,0.919759,1.349142,,1.0,0.0
0.2,64,4,license_plate_bahnschrift.ttf,VJNKYFDZICRAQLPMWHGESOUXBT,0,0,1,0.17,7.155418,0.919759,1.349142,,1.0,0.0
0.3,64,4,license_plate_bahnschrift.ttf,VJNKYFDZICRAQLPMWHGESOUXBT,0,0,0,0.255,8.763561,0.881116,1.10157,,1.0,0.0
0.3,64,4,license_plate_bahnschrift.ttf,VJNKYFDZICRAQLPMWHGESOUXBT,0,0,1,0.255,8.763561,0.881116,1.10157,,1.0,0.0
0.4,64,4,license_plate_bahnschrift.ttf,VJNKYFDZICRAQLPMWHGESOUXBT,0,0,0,0.34,10.119289,0.843436,0.953987,,1.0,0.0
0.4,64,4,license_plate_bahnschrift.ttf,VJNKYFDZICRAQLPMWHGESOUXBT,0,0,1,0.34,10.119289,0.843436,0.953987,,1.0,0.0
0.5,64,4,license_plate_bahnschrift.ttf,VJNKYFDZICRAQLPMWHGESOUXBT,0,0,0,0.425,11.313708,0.8067,0.853272,HAMANTDISOLENCLOT,0.807692,0.192308
0.5,64,4,license_plate_bahnschrift.ttf,VJNKYFDZICRAQLPMWHGESOUXBT,0,0,1,0.425,11.313708,0.8067,0.853272,LNTTOCTALPNCEST,0.692308,0.307692
0.6,64,4,license_plate_bahnschrift.ttf,VJNKYFDZICRAQLPMWHGESOUXBT,0,0,0,0.51,12.393547,0.770893,0.778927,,1.0,0.0
0.6,64,4,license_plate_bahnschrift.ttf,VJNKYFDZICRAQLPMWHGESOUXBT,0,0,1,0.51,12.393547,0.770893,0.778927,,1.0,0.0
0.7,64,4,license_plate_bahnschrift.ttf,VJNKYFDZICRAQLPMWHGESOUXBT,0,0,0,0.595,13.38656,0.735998,0.721147,,1.0,0.0
0.7,64,4,license_plate_bahnschrift.ttf,VJNKYFDZICRAQLPMWHGESOUXBT,0,0,1,0.595,13.38656,0.735998,0.721147,VAMOTODTRASPYROKEEDUEDT,0.692308,0.307692
0.8,64,4,license_plate_bahnschrift.ttf,VJNKYFDZICRAQLPMWHGESOUXBT,0,0,0,0.68,14.310835,0.701998,0.674571,,1.0,0.0
0.8,64,4,license_plate_bahnschrift.ttf,VJNKYFDZICRAQLPMWHGESOUXBT,0,0,1,0.68,14.310835,0.701998,0.674571,VIMKVFODERACLPYMGESORET,0.538462,0.461538
0.9,64,4,license_plate_bahnschrift.ttf,VJNKYFDZICRAQLPMWHGESOUXBT,0,0,0,0.765,15.178933,0.668877,0.635992,,1.0,0.0
0.9,64,4,license_plate_bahnschrift.ttf,VJNKYFDZICRAQLPMWHGESOUXBT,0,0,1,0.765,15.178933,0.668877,0.635992,YPMIYFCIINGRASLPATPESOUNET,0.576923,0.423077
1.0,64,4,license_plate_bahnschrift.ttf,VJNKYFDZICRAQLPMWHGESOUXBT,0,0,0,0.85,16.0,0.63662,0.603355,,1.0,0.0
1.0,64,4,license_plate_bahnschrift.ttf,VJNKYFDZICRAQLPMWHGESOUXBT,0,0,1,0.85,16.0,0.63662,0.603355,,1.0,0.0
0.1,256,4,license_plate_bahnschrift.ttf,VJNKYFDZICRAQLPMWHGESOUXBT,0,0,0,0.085,5.059644,0.959381,1.907975,,1.0,0.0
0.1,256,4,license_plate_bahnschrift.ttf,VJNKYFDZICRAQLPMWHGESOUXBT,0,0,1,0.085,5.059644,0.959381,1.907975,,1.0,0.0
0.2,256,4,license_plate_bahnschrift.ttf,VJNKYFDZICRAQLPMWHGESOUXBT,0,0,0,0.17,7.155418,0.919759,1.349142,VMTDOZRASGEEDT,0.730769,0.269231
0.2,256,4,license_plate_bahnschrift.ttf,VJNKYFDZICRAQLPMWHGESOUXBT,0,0,1,0.17,7.155418,0.919759,1.349142,VHATOOSGIIGLADT,0.846154,0.153846
0.3,256,4,license_plate_bahnschrift.ttf,VJNKYFDZICRAQLPMWHGESOUXBT,0,0,0,0.255,8.763561,0.881116,1.10157,WAMAYTOCERASLPNAGOLOEDT,0.692308,0.307692
0.3,256,4,license_plate_bahnschrift.ttf,VJNKYFDZICRAQLPMWHGESOUXBT,0,0,1,0.255,8.763561,0.881116,1.10157,VINRATODIIMASLEARGIEDUEDT,0.692308,0.307692
0.4,256,4,license_plate_bahnschrift.ttf,VJNKYFDZICRAQLPMWHGESOUXBT,0,0,0,0.34,10.119289,0.843436,0.953987,VANEVTOOIRASLPSWGTEOLABT,0.538462,0.461538
0.4,256,4,license_plate_bahnschrift.ttf,VJNKYFDZICRAQLPMWHGESOUXBT,0,0,1,0.34,10.119289,0.843436,0.953987,VMATODIPASLPGICOLEDT,0.653846,0.346154
0.5,256,4,license_plate_bahnschrift.ttf,VJNKYFDZICRAQLPMWHGESOUXBT,0,0,0,0.425,11.313708,0.8067,0.853272,WUMAYTOOTRADLANGLAAD,0.807692,0.192308
0.5,256,4,license_plate_bahnschrift.ttf,VJNKYFDZICRAQLPMWHGESOUXBT,0,0,1,0.425,11.313708,0.8067,0.853272,VANAYTODDOPASLPNGCOLEDT,0.653846,0.346154
0.6,256,4,license_plate_bahnschrift.ttf,VJNKYFDZICRAQLPMWHGESOUXBT,0,0,0,0.51,12.393547,0.770893,0.778927,VINEYTODCRAOLPMAGSCOUEDT,0.5,0.5
0.6,256,4,license_plate_bahnschrift.ttf,VJNKYFDZICRAQLPMWHGESOUXBT,0,0,1,0.51,12.393547,0.770893,0.778927,VIWEVTOLDDCRASLENAGESOLEDT,0.653846,0.346154
0.7,256,4,license_plate_bahnschrift.ttf,VJNKYFDZICRAQLPMWHGESOUXBT,0,0,0,0.595,13.38656,0.735998,0.721147,VINAYTODDDRASLEMAGESOUEDT,0.5,0.5
0.7,256,4,license_plate_bahnschrift.ttf,VJNKYFDZICRAQLPMWHGESOUXBT,0,0,1,0.595,13.38656,0.735998,0.721147,VINAYTOUISRASLEMAGLSORLEDT,0.576923,0.423077
0.8,256,4,license_plate_bahnschrift.ttf,VJNKYFDZICRAQLPMWHGESOUXBT,0,0,0,0.68,14.310835,0.701998,0.674571,VINAYTODDCRADLEMWOGESOUEDT,0.423077,0.576923
0.8,256,4,license_plate_bahnschrift.ttf,VJNKYFDZICRAQLPMWHGESOUXBT,0,0,1,0.68,14.310835,0.701998,0.674571,VIWFYTOLUDCRASLEMWGESOUEDT,0.5,0.5
0.9,256,4,license_plate_bahnschrift.ttf,VJNKYFDZICRAQLPMWHGESOUXBT,0,0,0,0.765,15.178933,0.668877,0.635992,VINEYTODCRASLEMMTGESOUEDT,0.461538,0.538462
0.9,256,4,license_plate_bahnschrift.ttf,VJNKYFDZICRAQLPMWHGESOUXBT,0,0,1,0.765,15.178933,0.668877,0.635992,VIMEYFODCRADLEMWMDTSOLSET,0.538462,0.461538
1.0,256,4,license_plate_bahnschrift.ttf,VJNKYFDZICRAQLPMWHGESOUXBT,0,0,0,0.85,16.0,0.63662,0.603355,VINEYIODCRASLPMWGESOUEDT,0.384615,0.615385
1.0,256,4,license_plate_bahnschrift.ttf,VJNKYFDZICRAQLPMWHGESOUXBT,0,0,1,0.85,16.0,0.63662,0.603355,VIWAYEUODCRAGLEMWOGESOUEDT,0.461538,0.538462
0.1,1024,4,license_plate_bahnschrift.ttf,VJNKYFDZICRAQLPMWHGESOUXBT,0,0,0,0.085,5.059644,0.959381,1.907975,VHATOOIRACLINGILOLSOT,0.692308,0.307692
0.1,1024,4,license_plate_bahnschrift.ttf,VJNKYFDZICRAQLPMWHGESOUXBT,0,0,1,0.085,5.059644,0.959381,1.907975,VMAITOOCRASLUAGISOUSOT,0.615385,0.384615
0.2,1024,4,license_plate_bahnschrift.ttf,VJNKYFDZICRAQLPMWHGESOUXBT,0,0,0,0.17,7.155418,0.919759,1.349142,VHAITOOCRACLONAGILOLEDT,0.692308,0.307692
0.2,1024,4,license_plate_bahnschrift.ttf,VJNKYFDZICRAQLPMWHGESOUXBT,0,0,1,0.17,7.155418,0.919759,1.349142,VAMAVTOOIRASUAYGISOUEDT,0.653846,0.346154
0.3,1024,4,license_plate_bahnschrift.ttf,VJNKYFDZICRAQLPMWHGESOUXBT,0,0,0,0.255,8.763561,0.881116,1.10157,VNAYTOOIRASLINAGOLSOUEDT,0.576923,0.423077
0.3,1024,4,license_plate_bahnschrift.ttf,VJNKYFDZICRAQLPMWHGESOUXBT,0,0,1,0.255,8.763561,0.881116,1.10157,VWAITOOIRASLENMGOOOUEDT,0.653846,0.346154
0.4,1024,4,license_plate_bahnschrift.ttf,VJNKYFDZICRAQLPMWHGESOUXBT,0,0,0,0.34,10.119289,0.843436,0.953987,VWANTOOCRASLPNAGOLCOLEDT,0.692308,0.307692
0.4,1024,4,license_plate_bahnschrift.ttf,VJNKYFDZICRAQLPMWHGESOUXBT,0,0,1,0.34,10.119289,0.843436,0.953987,VNEYTOOCRASLENMGOSOLEDT,0.576923,0.423077
0.5,1024,4,license_plate_bahnschrift.ttf,VJNKYFDZICRAQLPMWHGESOUXBT,0,0,0,0.425,11.313708,0.8067,0.853272,VINEYTOOCRASLENAGOSOUEDT,0.538462,0.461538
0.5,1024,4,license_plate_bahnschrift.ttf,VJNKYFDZICRAQLPMWHGESOUXBT,0,0,1,0.425,11.313708,0.8067,0.853272,VINAYTOOIRASLPNMGLISOUEDT,0.538462,0.461538
0.6,1024,4,license_plate_bahnschrift.ttf,VJNKYFDZICRAQLPMWHGESOUXBT,0,0,0,0.51,12.393547,0.770893,0.778927,VINEVTOLDCRASLEMAGTSOUEDT,0.538462,0.461538
0.6,1024,4,license_plate_bahnschrift.ttf,VJNKYFDZICRAQLPMWHGESOUXBT,0,0,1,0.51,12.393547,0.770893,0.778927,VINEYTOOCRASLENGICOLEDT,0.615385,0.384615
0.7,1024,4,license_plate_bahnschrift.ttf,VJNKYFDZICRAQLPMWHGESOUXBT,0,0,0,0.595,13.38656,0.735998,0.721147,VINEYTOODCRASLEPMANGSOUEDT,0.5,0.5
0.7,1024,4,license_plate_bahnschrift.ttf,VJNKYFDZICRAQLPMWHGESOUXBT,0,0,1,0.595,13.38656,0.735998,0.721147,VINAYTODDCRASLEMWGCSOLEDT,0.5,0.5
0.8,1024,4,license_plate_bahnschrift.ttf,VJNKYFDZICRAQLPMWHGESOUXBT,0,0,0,0.68,14.310835,0.701998,0.674571,VINEYPODCRASLEMMNGESOUEDT,0.461538,0.538462
0.8,1024,4,license_plate_bahnschrift.ttf,VJNKYFDZICRAQLPMWHGESOUXBT,0,0,1,0.68,14.310835,0.701998,0.674571,VINEYTODCRASLEMWGESOUEDT,0.423077,0.576923
0.9,1024,4,license_plate_bahnschrift.ttf,VJNKYFDZICRAQLPMWHGESOUXBT,0,0,0,0.765,15.178933,0.668877,0.635992,VINEYTODCRASLEMMNGESOUEDT,0.461538,0.538462
0.9,1024,4,license_plate_bahnschrift.ttf,VJNKYFDZICRAQLPMWHGESOUXBT,0,0,1,0.765,15.178933,0.668877,0.635992,VINEYTODCRASLPMMGESOUEDT,0.423077,0.576923
1.0,1024,4,license_plate_bahnschrift.ttf,VJNKYFDZICRAQLPMWHGESOUXBT,0,0,0,0.85,16.0,0.63662,0.603355,VINEYTOLDCRASLPMWESOUEDT,0.423077,0.576923
1.0,1024,4,license_plate_bahnschrift.ttf,VJNKYFDZICRAQLPMWHGESOUXBT,0,0,1,0.85,16.0,0.63662,0.603355,VINEYPOLDCRADLPMWMGESOUEDT,0.384615,0.615385
0.1,4096,4,license_plate_bahnschrift.ttf,VJNKYFDZICRAQLPMWHGESOUXBT,0,0,0,0.085,5.059644,0.959381,1.907975,VAHAOTOOIRACLPNAYGIOOLEDT,0.653846,0.346154
0.1,4096,4,license_plate_bahnschrift.ttf,VJNKYFDZICRAQLPMWHGESOUXBT,0,0,1,0.085,5.059644,0.959381,1.907975,VAHATOOCPRAOLAGIIMEOT,0.730769,0.269231
0.2,4096,4,license_plate_bahnschrift.ttf,VJNKYFDZICRAQLPMWHGESOUXBT,0,0,0,0.17,7.155418,0.919759,1.349142,VMATOOSRAOOLAGIOLOEDT,0.807692,0.192308
0.2,4096,4,license_plate_bahnschrift.ttf,VJNKYFDZICRAQLPMWHGESOUXBT,0,0,1,0.17,7.155418,0.919759,1.349142,VAMAITOOIPAOLPAGISOLEDT,0.653846,0.346154
0.3,4096,4,license_plate_bahnschrift.ttf,VJNKYFDZICRAQLPMWHGESOUXBT,0,0,0,0.255,8.763561,0.881116,1.10157,VMAYTOOIRASLENAGOSOUEDT,0.576923,0.423077
0.3,4096,4,license_plate_bahnschrift.ttf,VJNKYFDZICRAQLPMWHGESOUXBT,0,0,1,0.255,8.763561,0.881116,1.10157,VMAYTOOIRASLENAYGOSOUEDT,0.576923,0.423077
0.4,4096,4,license_plate_bahnschrift.ttf,VJNKYFDZICRAQLPMWHGESOUXBT,0,0,0,0.34,10.119289,0.843436,0.953987,VNANTOOCRASLPNAGOCOUEDT,0.576923,0.423077
0.4,4096,4,license_plate_bahnschrift.ttf,VJNKYFDZICRAQLPMWHGESOUXBT,0,0,1,0.34,10.119289,0.843436,0.953987,VMPITOOCRASLPNAGIOOUEDT,0.615385,0.384615
0.5,4096,4,license_plate_bahnschrift.ttf,VJNKYFDZICRAQLPMWHGESOUXBT,0,0,0,0.425,11.313708,0.8067,0.853272,VNAYTOOOCRASLENANGCSOUEDT,0.538462,0.461538
0.5,4096,4,license_plate_bahnschrift.ttf,VJNKYFDZICRAQLPMWHGESOUXBT,0,0,1,0.425,11.313708,0.8067,0.853272,VNAYTOOCRASLENAGLSOUEDT,0.538462,0.461538
0.6,4096,4,license_plate_bahnschrift.ttf,VJNKYFDZICRAQLPMWHGESOUXBT,0,0,0,0.51,12.393547,0.770893,0.778927,VINEYTOOCRASLENMGISOLEDT,0.576923,0.423077
0.6,4096,4,license_plate_bahnschrift.ttf,VJNKYFDZICRAQLPMWHGESOUXBT,0,0,1,0.51,12.393547,0.770893,0.778927,VINAYTODOCRASLENWGISOUEDT,0.5,0.5
0.7,4096,4,license_plate_bahnschrift.ttf,VJNKYFDZICRAQLPMWHGESOUXBT,0,0,0,0.595,13.38656,0.735998,0.721147,VINEYTODOCRASLEMWGESOUEDT,0.423077,0.576923
0.7,4096,4,license_plate_bahnschrift.ttf,VJNKYFDZICRAQLPMWHGESOUXBT,0,0,1,0.595,13.38656,0.735998,0.721147,VINEYTOOOCRASLEMWNGESOUEDT,0.423077,0.576923
0.8,4096,4,license_plate_bahnschrift.ttf,VJNKYFDZICRAQLPMWHGESOUXBT,0,0,0,0.68,14.310835,0.701998,0.674571,VINEYTODCRASLEMWUGESOUEDT,0.423077,0.576923
0.8,4096,4,license_plate_bahnschrift.ttf,VJNKYFDZICRAQLPMWHGESOUXBT,0,0,1,0.68,14.310835,0.701998,0.674571,VINEYTODOCRASLEMWGESOUEDT,0.423077,0.576923
0.9,4096,4,license_plate_bahnschrift.ttf,VJNKYFDZICRAQLPMWHGESOUXBT,0,0,0,0.765,15.178933,0.668877,0.635992,VINEYTODCRASLEPMWGESOUEDT,0.423077,0.576923
0.9,4096,4,license_plate_bahnschrift.ttf,VJNKYFDZICRAQLPMWHGESOUXBT,0,0,1,0.765,15.178933,0.668877,0.635992,VINEYTODCRASLPMWNGESOUEDT,0.384615,0.615385
1.0,4096,4,license_plate_bahnschrift.ttf,VJNKYFDZICRAQLPMWHGESOUXBT,0,0,0,0.85,16.0,0.63662,0.603355,VINEYTOLDCRASLPMWGESOUEDT,0.384615,0.615385
1.0,4096,4,license_plate_bahnschrift.ttf,VJNKYFDZICRAQLPMWHGESOUXBT,0,0,1,0.85,16.0,0.63662,0.603355,VINEYPOLDCRASLPMWOGESOUEDT,0.384615,0.615385
0.1,16384,4,license_plate_bahnschrift.ttf,VJNKYFDZICRAQLPMWHGESOUXBT,0,0,0,0.085,5.059644,0.959381,1.907975,VAHATOOCRACLNAGCIOILEOT,0.730769,0.269231
0.1,16384,4,license_plate_bahnschrift.ttf,VJNKYFDZICRAQLPMWHGESOUXBT,0,0,1,0.085,5.059644,0.959381,1.907975,VAHATOOCRAOLNAGCIIOLEDT,0.730769,0.269231
0.2,16384,4,license_plate_bahnschrift.ttf,VJNKYFDZICRAQLPMWHGESOUXBT,0,0,0,0.17,7.155418,0.919759,1.349142,VHAITOOCRACLENAGIOOOEDT,0.692308,0.307692
0.2,16384,4,license_plate_bahnschrift.ttf,VJNKYFDZICRAQLPMWHGESOUXBT,0,0,1,0.17,7.155418,0.919759,1.349142,VMATOOSRAOLNAGIOIOUEDT,0.730769,0.269231
0.3,16384,4,license_plate_bahnschrift.ttf,VJNKYFDZICRAQLPMWHGESOUXBT,0,0,0,0.255,8.763561,0.881116,1.10157,VMAITOOSPASLPNAGISOLEDT,0.692308,0.307692
0.3,16384,4,license_plate_bahnschrift.ttf,VJNKYFDZICRAQLPMWHGESOUXBT,0,0,1,0.255,8.763561,0.881116,1.10157,VIMAYTOOSPRAOLPNAGOIOLEDT,0.653846,0.346154
0.4,16384,4,license_plate_bahnschrift.ttf,VJNKYFDZICRAQLPMWHGESOUXBT,0,0,0,0.34,10.119289,0.843436,0.953987,VMAITOOCRASLPNAGOOOUEDT,0.615385,0.384615
0.4,16384,4,license_plate_bahnschrift.ttf,VJNKYFDZICRAQLPMWHGESOUXBT,0,0,1,0.34,10.119289,0.843436,0.953987,VNAITOOCRASLPNAGOSOUEDT,0.538462,0.461538
0.5,16384,4,license_plate_bahnschrift.ttf,VJNKYFDZICRAQLPMWHGESOUXBT,0,0,0,0.425,11.313708,0.8067,0.853272,VINAYTOOCRASLENGLSOLEDT,0.576923,0.423077
0.5,16384,4,license_plate_bahnschrift.ttf,VJNKYFDZICRAQLPMWHGESOUXBT,0,0,1,0.425,11.313708,0.8067,0.853272,VINEYTOOCRASLENAGOCOUEDT,0.576923,0.423077
0.6,16384,4,license_plate_bahnschrift.ttf,VJNKYFDZICRAQLPMWHGESOUXBT,0,0,0,0.51,12.393547,0.770893,0.778927,VINEYTOOCRASLENMGLSOLEDT,0.576923,0.423077
0.6,16384,4,license_plate_bahnschrift.ttf,VJNKYFDZICRAQLPMWHGESOUXBT,0,0,1,0.51,12.393547,0.770893,0.778927,VINEYTOLOCRASLPNGLSOUEDT,0.5,0.5
0.7,16384,4,license_plate_bahnschrift.ttf,VJNKYFDZICRAQLPMWHGESOUXBT,0,0,0,0.595,13.38656,0.735998,0.721147,VINAYTODDCRASLENMGESOLEDT,0.538462,0.461538
0.7,16384,4,license_plate_bahnschrift.ttf,VJNKYFDZICRAQLPMWHGESOUXBT,0,0,1,0.595,13.38656,0.735998,0.721147,VINEYTODOCRASLENWGESOUEDT,0.461538,0.538462
0.8,16384,4,license_plate_bahnschrift.ttf,VJNKYFDZICRAQLPMWHGESOUXBT,0,0,0,0.68,14.310835,0.701998,0.674571,VINEYTODOCRASLEMWGESOUEDT,0.423077,0.576923
0.8,16384,4,license_plate_bahnschrift.ttf,VJNKYFDZICRAQLPMWHGESOUXBT,0,0,1,0.68,14.310835,0.701998,0.674571,VINEYTOLDCRASLPMWGESOUEDT,0.384615,0.615385
0.9,16384,4,license_plate_bahnschrift.ttf,VJNKYFDZICRAQLPMWHGESOUXBT,0,0,0,0.765,15.178933,0.668877,0.635992,VINEYTOLDCRASLEMMNGESOLEDT,0.5,0.5
0.9,16384,4,license_plate_bahnschrift.ttf,VJNKYFDZICRAQLPMWHGESOUXBT,0,0,1,0.765,15.178933,0.668877,0.635992,VINEYTOLDOCRASLEMWGESOUEDT,0.461538,0.538462
1.0,16384,4,license_plate_bahnschrift.ttf,VJNKYFDZICRAQLPMWHGESOUXBT,0,0,0,0.85,16.0,0.63662,0.603355,VINEYTOLDCRASLPMWOGESOUEDT,0.384615,0.615385
1.0,16384,4,license_plate_bahnschrift.ttf,VJNKYFDZICRAQLPMWHGESOUXBT,0,0,1,0.85,16.0,0.63662,0.603355,VINEYTOLDCRASLPMWGESOUEDT,0.384615,0.615385
0.1,65536,4,license_plate_bahnschrift.ttf,VJNKYFDZICRAQLPMWHGESOUXBT,0,0,0,0.085,5.059644,0.959381,1.907975,VHATOOCRACLNAGIOOOEDT,0.692308,0.307692
0.1,65536,4,license_plate_bahnschrift.ttf,VJNKYFDZICRAQLPMWHGESOUXBT,0,0,1,0.085,5.059644,0.959381,1.907975,VLHATOOCRACLNAGCIOOLEDT,0.730769,0.269231
0.2,65536,4,license_plate_bahnschrift.ttf,VJNKYFDZICRAQLPMWHGESOUXBT,0,0,0,0.17,7.155418,0.919759,1.349142,VMAITOOCRACLPNAGIOOOLEDT,0.692308,0.307692
0.2,65536,4,license_plate_bahnschrift.ttf,VJNKYFDZICRAQLPMWHGESOUXBT,0,0,1,0.17,7.155418,0.919759,1.349142,VMAITOOCRACLPNAGIOOLEDT,0.653846,0.346154
0.3,65536,4,license_plate_bahnschrift.ttf,VJNKYFDZICRAQLPMWHGESOUXBT,0,0,0,0.255,8.763561,0.881116,1.10157,VMAYTOOIRASLENAGOSOUEDT,0.576923,0.423077
0.3,65536,4,license_plate_bahnschrift.ttf,VJNKYFDZICRAQLPMWHGESOUXBT,0,0,1,0.255,8.763561,0.881116,1.10157,VMATOOCRASLENAGOSOLEDT,0.653846,0.346154
0.4,65536,4,license_plate_bahnschrift.ttf,VJNKYFDZICRAQLPMWHGESOUXBT,0,0,0,0.34,10.119289,0.843436,0.953987,VWANTOOCRASLPNAGOCOUEDT,0.615385,0.384615
0.4,65536,4,license_plate_bahnschrift.ttf,VJNKYFDZICRAQLPMWHGESOUXBT,0,0,1,0.34,10.119289,0.843436,0.953987,VMPITOOCRASLPNMGIOOLEDT,0.653846,0.346154
0.5,65536,4,license_plate_bahnschrift.ttf,VJNKYFDZICRAQLPMWHGESOUXBT,0,0,0,0.425,11.313708,0.8067,0.853272,VINAYTOOCRASLENAGCOLEDT,0.615385,0.384615
0.5,65536,4,license_plate_bahnschrift.ttf,VJNKYFDZICRAQLPMWHGESOUXBT,0,0,1,0.425,11.313708,0.8067,0.853272,VINEYTOOCRASLENGCSOUEDT,0.538462,0.461538
0.6,65536,4,license_plate_bahnschrift.ttf,VJNKYFDZICRAQLPMWHGESOUXBT,0,0,0,0.51,12.393547,0.770893,0.778927,VINEYTODCRASLPNMGLSOUEDT,0.5,0.5
0.6,65536,4,license_plate_bahnschrift.ttf,VJNKYFDZICRAQLPMWHGESOUXBT,0,0,1,0.51,12.393547,0.770893,0.778927,VINEYTODOCRASLPNGISOUEDT,0.5,0.5
0.7,65536,4,license_plate_bahnschrift.ttf,VJNKYFDZICRAQLPMWHGESOUXBT,0,0,0,0.595,13.38656,0.735998,0.721147,VINEYTODOCRASLENWGSOUEDT,0.5,0.5
0.7,65536,4,license_plate_bahnschrift.ttf,VJNKYFDZICRAQLPMWHGESOUXBT,0,0,1,0.595,13.38656,0.735998,0.721147,VINEYTODCRASLENWGESOUEDT,0.461538,0.538462
0.8,65536,4,license_plate_bahnschrift.ttf,VJNKYFDZICRAQLPMWHGESOUXBT,0,0,0,0.68,14.310835,0.701998,0.674571,VINEYTOLDCRASLPMWGESOUEDT,0.384615,0.615385
0.8,65536,4,license_plate_bahnschrift.ttf,VJNKYFDZICRAQLPMWHGESOUXBT,0,0,1,0.68,14.310835,0.701998,0.674571,VINEYTODCRASLEMWGESOUEDT,0.423077,0.576923
0.9,65536,4,license_plate_bahnschrift.ttf,VJNKYFDZICRAQLPMWHGESOUXBT,0,0,0,0.765,15.178933,0.668877,0.635992,VINEYTODCRASLEMWGESOUEDT,0.423077,0.576923
0.9,65536,4,license_plate_bahnschrift.ttf,VJNKYFDZICRAQLPMWHGESOUXBT,0,0,1,0.765,15.178933,0.668877,0.635992,VINEYTOLDOCRASLEMWNGESOLEDT,0.5,0.5
1.0,65536,4,license_plate_bahnschrift.ttf,VJNKYFDZICRAQLPMWHGESOUXBT,0,0,0,0.85,16.0,0.63662,0.603355,VINEYTOLDCRASLPMWGESOUEDT,0.384615,0.615385
1.0,65536,4,license_plate_bahnschrift.ttf,VJNKYFDZICRAQLPMWHGESOUXBT,0,0,1,0.85,16.0,0.63662,0.603355,VINEYTOLDCRASLPMWGESOUEDT,0.384615,0.615385
0.1,4,4,license_plate_bahnschrift.ttf,VJNKYFDZICRAQLPMWHGESOUXBT,0,3,0,0.085,5.059644,0.959381,1.907975,,1.0,0.0
0.1,4,4,license_plate_bahnschrift.ttf,VJNKYFDZICRAQLPMWHGESOUXBT,0,3,1,0.085,5.059644,0.959381,1.907975,EEESPO,0.923077,0.076923
0.2,4,4,license_plate_bahnschrift.ttf,VJNKYFDZICRAQLPMWHGESOUXBT,0,3,0,0.17,7.155418,0.919759,1.349142,,1.0,0.0
0.2,4,4,license_plate_bahnschrift.ttf,VJNKYFDZICRAQLPMWHGESOUXBT,0,3,1,0.17,7.155418,0.919759,1.349142,,1.0,0.0
0.3,4,4,license_plate_bahnschrift.ttf,VJNKYFDZICRAQLPMWHGESOUXBT,0,3,0,0.255,8.763561,0.881116,1.10157,,1.0,0.0
0.3,4,4,license_plate_bahnschrift.ttf,VJNKYFDZICRAQLPMWHGESOUXBT,0,3,1,0.255,8.763561,0.881116,1.10157,,1.0,0.0
0.4,4,4,license_plate_bahnschrift.ttf,VJNKYFDZICRAQLPMWHGESOUXBT,0,3,0,0.34,10.119289,0.843436,0.953987,,1.0,0.0
0.4,4,4,license_plate_bahnschrift.ttf,VJNKYFDZICRAQLPMWHGESOUXBT,0,3,1,0.34,10.119289,0.843436,0.953987,,1.0,0.0
0.5,4,4,license_plate_bahnschrift.ttf,VJNKYFDZICRAQLPMWHGESOUXBT,0,3,0,0.425,11.313708,0.8067,0.853272,,1.0,0.0
0.5,4,4,license_plate_bahnschrift.ttf,VJNKYFDZICRAQLPMWHGESOUXBT,0,3,1,0.425,11.313708,0.8067,0.853272,,1.0,0.0
0.6,4,4,license_plate_bahnschrift.ttf,VJNKYFDZICRAQLPMWHGESOUXBT,0,3,0,0.51,12.393547,0.770893,0.778927,FHSM,0.884615,0.115385
0.6,4,4,license_plate_bahnschrift.ttf,VJNKYFDZICRAQLPMWHGESOUXBT,0,3,1,0.51,12.393547,0.770893,0.778927,BATY,0.961538,0.038462
0.7,4,4,license_plate_bahnschrift.ttf,VJNKYFDZICRAQLPMWHGESOUXBT,0,3,0,0.595,13.38656,0.735998,0.721147,SRAESSTS,0.846154,0.153846
0.7,4,4,license_plate_bahnschrift.ttf,VJNKYFDZICRAQLPMWHGESOUXBT,0,3,1,0.595,13.38656,0.735998,0.721147,,1.0,0.0
0.8,4,4,license_plate_bahnschrift.ttf,VJNKYFDZICRAQLPMWHGESOUXBT,0,3,0,0.68,14.310835,0.701998,0.674571,,1.0,0.0
0.8,4,4,license_plate_bahnschrift.ttf,VJNKYFDZICRAQLPMWHGESOUXBT,0,3,1,0.68,14.310835,0.701998,0.674571,ANEAPOATAP,0.846154,0.153846
0.9,4,4,license_plate_bahnschrift.ttf,VJNKYFDZICRAQLPMWHGESOUXBT,0,3,0,0.765,15.178933,0.668877,0.635992,CONTMSLR,0.884615,0.115385
0.9,4,4,license_plate_bahnschrift.ttf,VJNKYFDZICRAQLPMWHGESOUXBT,0,3,1,0.765,15.178933,0.668877,0.635992,UTES,0.923077,0.076923
1.0,4,4,license_plate_bahnschrift.ttf,VJNKYFDZICRAQLPMWHGESOUXBT,0,3,0,0.85,16.0,0.63662,0.603355,,1.0,0.0
1.0,4,4,license_plate_bahnschrift.ttf,VJNKYFDZICRAQLPMWHGESOUXBT,0,3,1,0.85,16.0,0.63662,0.603355,FARSS,0.884615,0.115385
0.1,16,4,license_plate_bahnschrift.ttf,VJNKYFDZICRAQLPMWHGESOUXBT,0,3,0,0.085,5.059644,0.959381,1.907975,,1.0,0.0
0.1,16,4,license_plate_bahnschrift.ttf,VJNKYFDZICRAQLPMWHGESOUXBT,0,3,1,0.085,5.059644,0.959381,1.907975,,1.0,0.0
0.2,16,4,license_plate_bahnschrift.ttf,VJNKYFDZICRAQLPMWHGESOUXBT,0,3,0,0.17,7.155418,0.919759,1.349142,,1.0,0.0
0.2,16,4,license_plate_bahnschrift.ttf,VJNKYFDZICRAQLPMWHGESOUXBT,0,3,1,0.17,7.155418,0.919759,1.349142,,1.0,0.0
0.3,16,4,license_plate_bahnschrift.ttf,VJNKYFDZICRAQLPMWHGESOUXBT,0,3,0,0.255,8.763561,0.881116,1.10157,CPAORSPTOSONIEP,0.846154,0.153846
0.3,16,4,license_plate_bahnschrift.ttf,VJNKYFDZICRAQLPMWHGESOUXBT,0,3,1,0.255,8.763561,0.881116,1.10157,,1.0,0.0
0.4,16,4,license_plate_bahnschrift.ttf,VJNKYFDZICRAQLPMWHGESOUXBT,0,3,0,0.34,10.119289,0.843436,0.953987,CRINARGESALH,0.807692,0.192308
0.4,16,4,license_plate_bahnschrift.ttf,VJNKYFDZICRAQLPMWHGESOUXBT,0,3,1,0.34,10.119289,0.843436,0.953987,SRUORSBS,0.884615,0.115385
0.5,16,4,license_plate_bahnschrift.ttf,VJNKYFDZICRAQLPMWHGESOUXBT,0,3,0,0.425,11.313708,0.8067,0.853272,,1.0,0.0
0.5,16,4,license_plate_bahnschrift.ttf,VJNKYFDZICRAQLPMWHGESOUXBT,0,3,1,0.425,11.313708,0.8067,0.853272,REMERILED,0.884615,0.115385
0.6,16,4,license_plate_bahnschrift.ttf,VJNKYFDZICRAQLPMWHGESOUXBT,0,3,0,0.51,12.393547,0.770893,0.778927,,1.0,0.0
0.6,16,4,license_plate_bahnschrift.ttf,VJNKYFDZICRAQLPMWHGESOUXBT,0,3,1,0.51,12.393547,0.770893,0.778927,MERAISESIO,0.846154,0.153846
0.7,16,4,license_plate_bahnschrift.ttf,VJNKYFDZICRAQLPMWHGESOUXBT,0,3,0,0.595,13.38656,0.735998,0.721147,,1.0,0.0
0.7,16,4,license_plate_bahnschrift.ttf,VJNKYFDZICRAQLPMWHGESOUXBT,0,3,1,0.595,13.38656,0.735998,0.721147,,1.0,0.0
0.8,16,4,license_plate_bahnschrift.ttf,VJNKYFDZICRAQLPMWHGESOUXBT,0,3,0,0.68,14.310835,0.701998,0.674571,,1.0,0.0
0.8,16,4,license_plate_bahnschrift.ttf,VJNKYFDZICRAQLPMWHGESOUXBT,0,3,1,0.68,14.310835,0.701998,0.674571,,1.0,0.0
0.9,16,4,license_plate_bahnschrift.ttf,VJNKYFDZICRAQLPMWHGESOUXBT,0,3,0,0.765,15.178933,0.668877,0.635992,,1.0,0.0
0.9,16,4,license_plate_bahnschrift.ttf,VJNKYFDZICRAQLPMWHGESOUXBT,0,3,1,0.765,15.178933,0.668877,0.635992,,1.0,0.0
1.0,16,4,license_plate_bahnschrift.ttf,VJNKYFDZICRAQLPMWHGESOUXBT,0,3,0,0.85,16.0,0.63662,0.603355,,1.0,0.0
1.0,16,4,license_plate_bahnschrift.ttf,VJNKYFDZICRAQLPMWHGESOUXBT,0,3,1,0.85,16.0,0.63662,0.603355,SAEGRAREOMEREREBACS,0.846154,0.153846
0.1,64,4,license_plate_bahnschrift.ttf,VJNKYFDZICRAQLPMWHGESOUXBT,0,3,0,0.085,5.059644,0.959381,1.907975,AMLERTER,0.884615,0.115385
0.1,64,4,license_plate_bahnschrift.ttf,VJNKYFDZICRAQLPMWHGESOUXBT,0,3,1,0.085,5.059644,0.959381,1.907975,HATST,0.884615,0.115385
0.2,64,4,license_plate_bahnschrift.ttf,VJNKYFDZICRAQLPMWHGESOUXBT,0,3,0,0.17,7.155418,0.919759,1.349142,,1.0,0.0
0.2,64,4,license_plate_bahnschrift.ttf,VJNKYFDZICRAQLPMWHGESOUXBT,0,3,1,0.17,7.155418,0.919759,1.349142,,1.0,0.0
0.3,64,4,license_plate_bahnschrift.ttf,VJNKYFDZICRAQLPMWHGESOUXBT,0,3,0,0.255,8.763561,0.881116,1.10157,,1.0,0.0
0.3,64,4,license_plate_bahnschrift.ttf,VJNKYFDZICRAQLPMWHGESOUXBT,0,3,1,0.255,8.763561,0.881116,1.10157,,1.0,0.0
0.4,64,4,license_plate_bahnschrift.ttf,VJNKYFDZICRAQLPMWHGESOUXBT,0,3,0,0.34,10.119289,0.843436,0.953987,,1.0,0.0
0.4,64,4,license_plate_bahnschrift.ttf,VJNKYFDZICRAQLPMWHGESOUXBT,0,3,1,0.34,10.119289,0.843436,0.953987,,1.0,0.0
0.5,64,4,license_plate_bahnschrift.ttf,VJNKYFDZICRAQLPMWHGESOUXBT,0,3,0,0.425,11.313708,0.8067,0.853272,SMEWAYFRODPNSEPAASORSERT,0.846154,0.153846
0.5,64,4,license_plate_bahnschrift.ttf,VJNKYFDZICRAQLPMWHGESOUXBT,0,3,1,0.425,11.313708,0.8067,0.853272,WVOOHERALESACANT,0.769231,0.230769
0.6,64,4,license_plate_bahnschrift.ttf,VJNKYFDZICRAQLPMWHGESOUXBT,0,3,0,0.51,12.393547,0.770893,0.778927,SOT,0.884615,0.115385
0.6,64,4,license_plate_bahnschrift.ttf,VJNKYFDZICRAQLPMWHGESOUXBT,0,3,1,0.51,12.393547,0.770893,0.778927,ARENFUCIEPALLDMARCSOIROT,0.692308,0.307692
0.7,64,4,license_plate_bahnschrift.ttf,VJNKYFDZICRAQLPMWHGESOUXBT,0,3,0,0.595,13.38656,0.735998,0.721147,,1.0,0.0
0.7,64,4,license_plate_bahnschrift.ttf,VJNKYFDZICRAQLPMWHGESOUXBT,0,3,1,0.595,13.38656,0.735998,0.721147,PAMTFOOANTEPANRSOUERT,0.769231,0.230769
0.8,64,4,license_plate_bahnschrift.ttf,VJNKYFDZICRAQLPMWHGESOUXBT,0,3,0,0.68,14.310835,0.701998,0.674571,,1.0,0.0
0.8,64,4,license_plate_bahnschrift.ttf,VJNKYFDZICRAQLPMWHGESOUXBT,0,3,1,0.68,14.310835,0.701998,0.674571,,1.0,0.0
0.9,64,4,license_plate_bahnschrift.ttf,VJNKYFDZICRAQLPMWHGESOUXBT,0,3,0,0.765,15.178933,0.668877,0.635992,,1.0,0.0
0.9,64,4,license_plate_bahnschrift.ttf,VJNKYFDZICRAQLPMWHGESOUXBT,0,3,1,0.765,15.178933,0.668877,0.635992,,1.0,0.0
1.0,64,4,license_plate_bahnschrift.ttf,VJNKYFDZICRAQLPMWHGESOUXBT,0,3,0,0.85,16.0,0.63662,0.603355,,1.0,0.0
1.0,64,4,license_plate_bahnschrift.ttf,VJNKYFDZICRAQLPMWHGESOUXBT,0,3,1,0.85,16.0,0.63662,0.603355,,1.0,0.0
0.1,256,4,license_plate_bahnschrift.ttf,VJNKYFDZICRAQLPMWHGESOUXBT,0,3,0,0.085,5.059644,0.959381,1.907975,MANPRSPASAT,0.807692,0.192308
0.1,256,4,license_plate_bahnschrift.ttf,VJNKYFDZICRAQLPMWHGESOUXBT,0,3,1,0.085,5.059644,0.959381,1.907975,ROUANFROIZENCLPNAPRTTOHET,0.769231,0.230769
0.2,256,4,license_plate_bahnschrift.ttf,VJNKYFDZICRAQLPMWHGESOUXBT,0,3,0,0.17,7.155418,0.919759,1.349142,WAMAVETOISRSAPMASGSSOAT,0.692308,0.307692
0.2,256,4,license_plate_bahnschrift.ttf,VJNKYFDZICRAQLPMWHGESOUXBT,0,3,1,0.17,7.155418,0.919759,1.349142,YMANTTONDPSDAPYFSORLEDT,0.846154,0.153846
0.3,256,4,license_plate_bahnschrift.ttf,VJNKYFDZICRAQLPMWHGESOUXBT,0,3,0,0.255,8.763561,0.881116,1.10157,WUMAVTTIODRASLPNWGEOUEDT,0.615385,0.384615
0.3,256,4,license_plate_bahnschrift.ttf,VJNKYFDZICRAQLPMWHGESOUXBT,0,3,1,0.255,8.763561,0.881116,1.10157,HANSVTREITRSTAPMWEGSDUIEDT,0.653846,0.346154
0.4,256,4,license_plate_bahnschrift.ttf,VJNKYFDZICRAQLPMWHGESOUXBT,0,3,0,0.34,10.119289,0.843436,0.953987,VANONVETOIORALPMASOPLET,0.615385,0.384615
0.4,256,4,license_plate_bahnschrift.ttf,VJNKYFDZICRAQLPMWHGESOUXBT,0,3,1,0.34,10.119289,0.843436,0.953987,NMANPTIOISRADLPMWSOLERIT,0.653846,0.346154
0.5,256,4,license_plate_bahnschrift.ttf,VJNKYFDZICRAQLPMWHGESOUXBT,0,3,0,0.425,11.313708,0.8067,0.853272,VAHEYEDOISRASLPNSOLERT,0.576923,0.423077
0.5,256,4,license_plate_bahnschrift.ttf,VJNKYFDZICRAQLPMWHGESOUXBT,0,3,1,0.425,11.313708,0.8067,0.853272,VIMENFTOIERNSLPAESOLEDT,0.615385,0.384615
0.6,256,4,license_plate_bahnschrift.ttf,VJNKYFDZICRAQLPMWHGESOUXBT,0,3,0,0.51,12.393547,0.770893,0.778927,VIMAVETOUDRADLOMMGSOLEDT,0.653846,0.346154
0.6,256,4,license_plate_bahnschrift.ttf,VJNKYFDZICRAQLPMWHGESOUXBT,0,3,1,0.51,12.393547,0.770893,0.778927,VINEVEDOCRAOLPMASOLEDT,0.538462,0.461538
0.7,256,4,license_plate_bahnschrift.ttf,VJNKYFDZICRAQLPMWHGESOUXBT,0,3,0,0.595,13.38656,0.735998,0.721147,VIMAYEDODCRASLPMASOALEDT,0.576923,0.423077
0.7,256,4,license_plate_bahnschrift.ttf,VJNKYFDZICRAQLPMWHGESOUXBT,0,3,1,0.595,13.38656,0.735998,0.721147,VINAYPIOICRWOLPMANGESOLLEDT,0.5,0.5
0.8,256,4,license_plate_bahnschrift.ttf,VJNKYFDZICRAQLPMWHGESOUXBT,0,3,0,0.68,14.310835,0.701998,0.674571,VINEVFDOICRADEPMWASOUET,0.423077,0.576923
0.8,256,4,license_plate_bahnschrift.ttf,VJNKYFDZICRAQLPMWHGESOUXBT,0,3,1,0.68,14.310835,0.701998,0.674571,VINAYETODCRADLPMMSOEDT,0.538462,0.461538
0.9,256,4,license_plate_bahnschrift.ttf,VJNKYFDZICRAQLPMWHGESOUXBT,0,3,0,0.765,15.178933,0.668877,0.635992,VIWAYFODDCRADLPMAGESOUEDT,0.423077,0.576923
0.9,256,4,license_plate_bahnschrift.ttf,VJNKYFDZICRAQLPMWHGESOUXBT,0,3,1,0.765,15.178933,0.668877,0.635992,VINAYEOOIERASLPMAGESOUEDT,0.423077,0.576923
1.0,256,4,license_plate_bahnschrift.ttf,VJNKYFDZICRAQLPMWHGESOUXBT,0,3,0,0.85,16.0,0.63662,0.603355,VIMEYFDUDCRADLOMWOGSOUERT,0.423077,0.576923
1.0,256,4,license_plate_bahnschrift.ttf,VJNKYFDZICRAQLPMWHGESOUXBT,0,3,1,0.85,16.0,0.63662,0.603355,VINPYEOUICRACLPMSOLEDT,0.5,0.5
0.1,1024,4,license_plate_bahnschrift.ttf,VJNKYFDZICRAQLPMWHGESOUXBT,0,3,0,0.085,5.059644,0.959381,1.907975,SMANTIONSPAOLPAGTSMLEDT,0.769231,0.230769
0.1,1024,4,license_plate_bahnschrift.ttf,VJNKYFDZICRAQLPMWHGESOUXBT,0,3,1,0.085,5.059644,0.959381,1.907975,WMAVTTOICRSILPAYGOTMLEDT,0.730769,0.269231
0.2,1024,4,license_plate_bahnschrift.ttf,VJNKYFDZICRAQLPMWHGESOUXBT,0,3,0,0.17,7.155418,0.919759,1.349142,LMAVETOISPSOLPAYGOSOEDT,0.730769,0.269231
0.2,1024,4,license_plate_bahnschrift.ttf,VJNKYFDZICRAQLPMWHGESOUXBT,0,3,1,0.17,7.155418,0.919759,1.349142,HAVFTOISRSOLPMAGTSMLEDT,0.653846,0.346154
0.3,1024,4,license_plate_bahnschrift.ttf,VJNKYFDZICRAQLPMWHGESOUXBT,0,3,0,0.255,8.763561,0.881116,1.10157,VMAVTIOISRALPMAGSSORLEDT,0.615385,0.384615
0.3,1024,4,license_plate_bahnschrift.ttf,VJNKYFDZICRAQLPMWHGESOUXBT,0,3,1,0.255,8.763561,0.881116,1.10157,VLMAVIIOIORSOLPMAMGSSOLEDT,0.615385,0.384615
0.4,1024,4,license_plate_bahnschrift.ttf,VJNKYFDZICRAQLPMWHGESOUXBT,0,3,0,0.34,10.119289,0.843436,0.953987,VMAVITOIIRSLPMAGSSOLET,0.615385,0.384615
0.4,1024,4,license_plate_bahnschrift.ttf,VJNKYFDZICRAQLPMWHGESOUXBT,0,3,1,0.34,10.119289,0.843436,0.953987,VMEVETOICRASLPMGSOLEDT,0.538462,0.461538
0.5,1024,4,license_plate_bahnschrift.ttf,VJNKYFDZICRAQLPMWHGESOUXBT,0,3,0,0.425,11.313708,0.8067,0.853272,VIMAVEDOIIRASLPMALGSSOUEDT,0.5,0.5
0.5,1024,4,license_plate_bahnschrift.ttf,VJNKYFDZICRAQLPMWHGESOUXBT,0,3,1,0.425,11.313708,0.8067,0.853272,VNAYPIOICRASLPMADGSSOUEDT,0.423077,0.576923
0.6,1024,4,license_plate_bahnschrift.ttf,VJNKYFDZICRAQLPMWHGESOUXBT,0,3,0,0.51,12.393547,0.770893,0.778927,VWNEVEDOICRAOLPMSOUEDT,0.461538,0.538462
0.6,1024,4,license_plate_bahnschrift.ttf,VJNKYFDZICRAQLPMWHGESOUXBT,0,3,1,0.51,12.393547,0.770893,0.778927,VINEYPTOICRADLPMMGSSOLEDT,0.461538,0.538462
0.7,1024,4,license_plate_bahnschrift.ttf,VJNKYFDZICRAQLPMWHGESOUXBT,0,3,0,0.595,13.38656,0.735998,0.721147,VANEYPOOICRAOLPMAGSSOLEDT,0.461538,0.538462
0.7,1024,4,license_plate_bahnschrift.ttf,VJNKYFDZICRAQLPMWHGESOUXBT,0,3,1,0.595,13.38656,0.735998,0.721147,VIWEYPOOICRASLEMAGSSOLEDT,0.538462,0.461538
0.8,1024,4,license_plate_bahnschrift.ttf,VJNKYFDZICRAQLPMWHGESOUXBT,0,3,0,0.68,14.310835,0.701998,0.674571,VINEVEDOICRADLPMWSOUERT,0.423077,0.576923
0.8,1024,4,license_plate_bahnschrift.ttf,VJNKYFDZICRAQLPMWHGESOUXBT,0,3,1,0.68,14.310835,0.701998,0.674571,VINEVEDOCRADLPMWSSOUEDT,0.461538,0.538462
0.9,1024,4,license_plate_bahnschrift.ttf,VJNKYFDZICRAQLPMWHGESOUXBT,0,3,0,0.765,15.178933,0.668877,0.635992,VJNEYPOOICRAGLPMWGESOUEDT,0.307692,0.692308
0.9,1024,4,license_plate_bahnschrift.ttf,VJNKYFDZICRAQLPMWHGESOUXBT,0,3,1,0.765,15.178933,0.668877,0.635992,VJNAYFOODCRADLPMWGESOUEDT,0.307692,0.692308
1.0,1024,4,license_plate_bahnschrift.ttf,VJNKYFDZICRAQLPMWHGESOUXBT,0,3,0,0.85,16.0,0.63662,0.603355,VJNEYPODDCRADLPMWIGESOUEDT,0.346154,0.653846
1.0,1024,4,license_plate_bahnschrift.ttf,VJNKYFDZICRAQLPMWHGESOUXBT,0,3,1,0.85,16.0,0.63662,0.603355,VINAYFOODCRADLOMMGESOUERT,0.423077,0.576923
0.1,4096,4,license_plate_bahnschrift.ttf,VJNKYFDZICRAQLPMWHGESOUXBT,0,3,0,0.085,5.059644,0.959381,1.907975,MANTTOIIPSOLPMAYGOSMLEDT,0.692308,0.307692
0.1,4096,4,license_plate_bahnschrift.ttf,VJNKYFDZICRAQLPMWHGESOUXBT,0,3,1,0.085,5.059644,0.959381,1.907975,WHNTTOCIIPSOLPMAYGOSMLEDT,0.692308,0.307692
0.2,4096,4,license_plate_bahnschrift.ttf,VJNKYFDZICRAQLPMWHGESOUXBT,0,3,0,0.17,7.155418,0.919759,1.349142,MAVTTOIIRSOLPANGSSOLEDIT,0.730769,0.269231
0.2,4096,4,license_plate_bahnschrift.ttf,VJNKYFDZICRAQLPMWHGESOUXBT,0,3,1,0.17,7.155418,0.919759,1.349142,VMNTIOIIRSOLPMANGSSMLEDT,0.615385,0.384615
0.3,4096,4,license_plate_bahnschrift.ttf,VJNKYFDZICRAQLPMWHGESOUXBT,0,3,0,0.255,8.763561,0.881116,1.10157,VAMAVETOIIRALPMANGSSORLEDT,0.615385,0.384615
0.3,4096,4,license_plate_bahnschrift.ttf,VJNKYFDZICRAQLPMWHGESOUXBT,0,3,1,0.255,8.763561,0.881116,1.10157,VMAVPTOICRAOLPMANGSSORLEDT,0.576923,0.423077
0.4,4096,4,license_plate_bahnschrift.ttf,VJNKYFDZICRAQLPMWHGESOUXBT,0,3,0,0.34,10.119289,0.843436,0.953987,VMEVPTOICRASLPNAGSSOLET,0.576923,0.423077
0.4,4096,4,license_plate_bahnschrift.ttf,VJNKYFDZICRAQLPMWHGESOUXBT,0,3,1,0.34,10.119289,0.843436,0.953987,VMEVETOICRASPNAGSSORLOT,0.615385,0.384615
0.5,4096,4,license_plate_bahnschrift.ttf,VJNKYFDZICRAQLPMWHGESOUXBT,0,3,0,0.425,11.313708,0.8067,0.853272,VNAYFDOIORAOLPMANGSSORLEDIT,0.5,0.5
0.5,4096,4,license_plate_bahnschrift.ttf,VJNKYFDZICRAQLPMWHGESOUXBT,0,3,1,0.425,11.313708,0.8067,0.853272,VIMEVFDOIIRASLPMANGSSOUEDT,0.461538,0.538462
0.6,4096,4,license_plate_bahnschrift.ttf,VJNKYFDZICRAQLPMWHGESOUXBT,0,3,0,0.51,12.393547,0.770893,0.778927,VINEVEDOICRADLPMSOUEDT,0.461538,0.538462
0.6,4096,4,license_plate_bahnschrift.ttf,VJNKYFDZICRAQLPMWHGESOUXBT,0,3,1,0.51,12.393547,0.770893,0.778927,VIMEVEIOCRADLPNSORLEDT,0.692308,0.307692
0.7,4096,4,license_plate_bahnschrift.ttf,VJNKYFDZICRAQLPMWHGESOUXBT,0,3,0,0.595,13.38656,0.735998,0.721147,VINAYPOOICRAOLPMAGESOLLEDT,0.461538,0.538462
0.7,4096,4,license_plate_bahnschrift.ttf,VJNKYFDZICRAQLPMWHGESOUXBT,0,3,1,0.595,13.38656,0.735998,0.721147,VINAYPOOICRASLPNAGESOLEDT,0.461538,0.538462
0.8,4096,4,license_plate_bahnschrift.ttf,VJNKYFDZICRAQLPMWHGESOUXBT,0,3,0,0.68,14.310835,0.701998,0.674571,VINEYPOOCRADLPMGSOUEDT,0.461538,0.538462
0.8,4096,4,license_plate_bahnschrift.ttf,VJNKYFDZICRAQLPMWHGESOUXBT,0,3,1,0.68,14.310835,0.701998,0.674571,VINAYPOOCRADLPMGSOUERT,0.461538,0.538462
0.9,4096,4,license_plate_bahnschrift.ttf,VJNKYFDZICRAQLPMWHGESOUXBT,0,3,0,0.765,15.178933,0.668877,0.635992,VIMAYFOODDCRASLPMWGESOLEDT,0.461538,0.538462
0.9,4096,4,license_plate_bahnschrift.ttf,VJNKYFDZICRAQLPMWHGESOUXBT,0,3,1,0.765,15.178933,0.668877,0.635992,VINAYFOODCRASLPMWGESOUEDT,0.346154,0.653846
1.0,4096,4,license_plate_bahnschrift.ttf,VJNKYFDZICRAQLPMWHGESOUXBT,0,3,0,0.85,16.0,0.63662,0.603355,VINEYFODCRADLPMWGESOUERT,0.346154,0.653846
1.0,4096,4,license_plate_bahnschrift.ttf,VJNKYFDZICRAQLPMWHGESOUXBT,0,3,1,0.85,16.0,0.63662,0.603355,VIWEVEOUDDCRACLPMWGSSOUEDT,0.538462,0.461538
0.1,16384,4,license_plate_bahnschrift.ttf,VJNKYFDZICRAQLPMWHGESOUXBT,0,3,0,0.085,5.059644,0.959381,1.907975,HNTTOIIPSOLPMAYGOSMLEDT,0.692308,0.307692
0.1,16384,4,license_plate_bahnschrift.ttf,VJNKYFDZICRAQLPMWHGESOUXBT,0,3,1,0.085,5.059644,0.959381,1.907975,HANTTOIIPSOLPMAGOSMLEDT,0.692308,0.307692
0.2,16384,4,license_plate_bahnschrift.ttf,VJNKYFDZICRAQLPMWHGESOUXBT,0,3,0,0.17,7.155418,0.919759,1.349142,VMAVTTOIPSOLPMAYGOSOLEDT,0.653846,0.346154
0.2,16384,4,license_plate_bahnschrift.ttf,VJNKYFDZICRAQLPMWHGESOUXBT,0,3,1,0.17,7.155418,0.919759,1.349142,SMAVITOIIRSLPMANGSOLEDT,0.653846,0.346154
0.3,16384,4,license_plate_bahnschrift.ttf,VJNKYFDZICRAQLPMWHGESOUXBT,0,3,0,0.255,8.763561,0.881116,1.10157,VMAVIIOIIRSLPMANGSSOREDIT,0.653846,0.346154
0.3,16384,4,license_plate_bahnschrift.ttf,VJNKYFDZICRAQLPMWHGESOUXBT,0,3,1,0.255,8.763561,0.881116,1.10157,VMAVPTOISRASOLPMANGSSORLEDT,0.653846,0.346154
0.4,16384,4,license_plate_bahnschrift.ttf,VJNKYFDZICRAQLPMWHGESOUXBT,0,3,0,0.34,10.119289,0.843436,0.953987,VMEVETONCRAOPASSOET,0.692308,0.307692
0.4,16384,4,license_plate_bahnschrift.ttf,VJNKYFDZICRAQLPMWHGESOUXBT,0,3,1,0.34,10.119289,0.843436,0.953987,VMAVETONCRAOPMAGSSOET,0.615385,0.384615
0.5,16384,4,license_plate_bahnschrift.ttf,VJNKYFDZICRAQLPMWHGESOUXBT,0,3,0,0.425,11.313708,0.8067,0.853272,VIMAVPTOIORAOLPNAGSSORLEDT,0.653846,0.346154
0.5,16384,4,license_plate_bahnschrift.ttf,VJNKYFDZICRAQLPMWHGESOUXBT,0,3,1,0.425,11.313708,0.8067,0.853272,VMAYPIOICRAOLPNAGSSORLEDT,0.576923,0.423077
0.6,16384,4,license_plate_bahnschrift.ttf,VJNKYFDZICRAQLPMWHGESOUXBT,0,3,0,0.51,12.393547,0.770893,0.778927,VIMAVETOICRAOLPNASORLEDT,0.653846,0.346154
0.6,16384,4,license_plate_bahnschrift.ttf,VJNKYFDZICRAQLPMWHGESOUXBT,0,3,1,0.51,12.393547,0.770893,0.778927,VIMEVPDOICRAOLPNGSORLEDT,0.576923,0.423077
0.7,16384,4,license_plate_bahnschrift.ttf,VJNKYFDZICRAQLPMWHGESOUXBT,0,3,0,0.595,13.38656,0.735998,0.721147,VIMAYPOOICRAOLPNAGESOLEDT,0.5,0.5
0.7,16384,4,license_plate_bahnschrift.ttf,VJNKYFDZICRAQLPMWHGESOUXBT,0,3,1,0.595,13.38656,0.735998,0.721147,VIMAYPOOICRAOLPNAGESOLLEDT,0.538462,0.461538
0.8,16384,4,license_plate_bahnschrift.ttf,VJNKYFDZICRAQLPMWHGESOUXBT,0,3,0,0.68,14.310835,0.701998,0.674571,VINAYPOOCRADLPMWGSOUERT,0.423077,0.576923
0.8,16384,4,license_plate_bahnschrift.ttf,VJNKYFDZICRAQLPMWHGESOUXBT,0,3,1,0.68,14.310835,0.701998,0.674571,VIMAYPOOCRADLPMWGSOUEDT,0.461538,0.538462
0.9,16384,4,license_plate_bahnschrift.ttf,VJNKYFDZICRAQLPMWHGESOUXBT,0,3,0,0.765,15.178933,0.668877,0.635992,VINEYPOODCRASLPMWGESOUEDT,0.384615,0.615385
0.9,16384,4,license_plate_bahnschrift.ttf,VJNKYFDZICRAQLPMWHGESOUXBT,0,3,1,0.765,15.178933,0.668877,0.635992,VINEYFOODCRASLPEMWGESOUEDT,0.384615,0.615385
1.0,16384,4,license_plate_bahnschrift.ttf,VJNKYFDZICRAQLPMWHGESOUXBT,0,3,0,0.85,16.0,0.63662,0.603355,VINEYFODCRADLPMWGESOUEDRT,0.384615,0.615385
1.0,16384,4,license_plate_bahnschrift.ttf,VJNKYFDZICRAQLPMWHGESOUXBT,0,3,1,0.85,16.0,0.63662,0.603355,VINEYEODCRADLPMWGESOUERT,0.384615,0.615385
0.1,65536,4,license_plate_bahnschrift.ttf,VJNKYFDZICRAQLPMWHGESOUXBT,0,3,0,0.085,5.059644,0.959381,1.907975,WMANTTOIPSOLPMAYGOSMLEDT,0.730769,0.269231
0.1,65536,4,license_plate_bahnschrift.ttf,VJNKYFDZICRAQLPMWHGESOUXBT,0,3,1,0.085,5.059644,0.959381,1.907975,WMANTTOIIPSOLPMAGOSMLEDT,0.730769,0.269231
0.2,65536,4,license_plate_bahnschrift.ttf,VJNKYFDZICRAQLPMWHGESOUXBT,0,3,0,0.17,7.155418,0.919759,1.349142,VMAVTTOIIRSOLPMANGSSMLEDT,0.653846,0.346154
0.2,65536,4,license_plate_bahnschrift.ttf,VJNKYFDZICRAQLPMWHGESOUXBT,0,3,1,0.17,7.155418,0.919759,1.349142,WLMVTTOIIPSOLPMAYGSSOLEDT,0.692308,0.307692
0.3,65536,4,license_plate_bahnschrift.ttf,VJNKYFDZICRAQLPMWHGESOUXBT,0,3,0,0.255,8.763561,0.881116,1.10157,VMAVETOIIRSSLPMANGSSORLEDIT,0.692308,0.307692
0.3,65536,4,license_plate_bahnschrift.ttf,VJNKYFDZICRAQLPMWHGESOUXBT,0,3,1,0.255,8.763561,0.881116,1.10157,VMEVITOIIRSSLPMANGSSOREDIT,0.653846,0.346154
0.4,65536,4,license_plate_bahnschrift.ttf,VJNKYFDZICRAQLPMWHGESOUXBT,0,3,0,0.34,10.119289,0.843436,0.953987,VMAVETONCRAOPMAGSSOET,0.615385,0.384615
0.4,65536,4,license_plate_bahnschrift.ttf,VJNKYFDZICRAQLPMWHGESOUXBT,0,3,1,0.34,10.119289,0.843436,0.953987,VMEVETONCRAOLPAGSSOET,0.615385,0.384615
0.5,65536,4,license_plate_bahnschrift.ttf,VJNKYFDZICRAQLPMWHGESOUXBT,0,3,0,0.425,11.313708,0.8067,0.853272,VIMAVPTOIORAOLPNAGSORLEDT,0.653846,0.346154
0.5,65536,4,license_plate_bahnschrift.ttf,VJNKYFDZICRAQLPMWHGESOUXBT,0,3,1,0.425,11.313708,0.8067,0.853272,VMAVPIOICRAOLPNAGSORLEDT,0.615385,0.384615
0.6,65536,4,license_plate_bahnschrift.ttf,VJNKYFDZICRAQLPMWHGESOUXBT,0,3,0,0.51,12.393547,0.770893,0.778927,VIMEVETOCRAOLPNASSORLEDT,0.692308,0.307692
0.6,65536,4,license_plate_bahnschrift.ttf,VJNKYFDZICRAQLPMWHGESOUXBT,0,3,1,0.51,12.393547,0.770893,0.778927,VIMAVPTOICRAOLPNASSOEDT,0.615385,0.384615
0.7,65536,4,license_plate_bahnschrift.ttf,VJNKYFDZICRAQLPMWHGESOUXBT,0,3,0,0.595,13.38656,0.735998,0.721147,VIMAYPOOICRAOLPNWGESOLLEDT,0.5,0.5
0.7,65536,4,license_plate_bahnschrift.ttf,VJNKYFDZICRAQLPMWHGESOUXBT,0,3,1,0.595,13.38656,0.735998,0.721147,VIMAYPOOICRAOLPNWGESOLLEDT,0.5,0.5
0.8,65536,4,license_plate_bahnschrift.ttf,VJNKYFDZICRAQLPMWHGESOUXBT,0,3,0,0.68,14.310835,0.701998,0.674571,VIMEYPOOCRADLPMWGSSOUERT,0.461538,0.538462
0.8,65536,4,license_plate_bahnschrift.ttf,VJNKYFDZICRAQLPMWHGESOUXBT,0,3,1,0.68,14.310835,0.701998,0.674571,VINEYPOOCRADLPMWGSOUEDRT,0.461538,0.538462
0.9,65536,4,license_plate_bahnschrift.ttf,VJNKYFDZICRAQLPMWHGESOUXBT,0,3,0,0.765,15.178933,0.668877,0.635992,VINEYFOODCRASLPMWGESOUEDT,0.346154,0.653846
0.9,65536,4,license_plate_bahnschrift.ttf,VJNKYFDZICRAQLPMWHGESOUXBT,0,3,1,0.765,15.178933,0.668877,0.635992,VINEYFOODCRASLPMWGESOUEDT,0.346154,0.653846
1.0,65536,4,license_plate_bahnschrift.ttf,VJNKYFDZICRAQLPMWHGESOUXBT,0,3,0,0.85,16.0,0.63662,0.603355,VINEYFODCRADLPMWGESOUERT,0.346154,0.653846
1.0,65536,4,license_plate_bahnschrift.ttf,VJNKYFDZICRAQLPMWHGESOUXBT,0,3,1,0.85,16.0,0.63662,0.603355,VINEYFODDCRADLPMWGESOUEDT,0.346154,0.653846
0.1,4,4,license_plate_bahnschrift.ttf,VJNKYFDZICRAQLPMWHGESOUXBT,0,7,0,0.085,5.059644,0.959381,1.907975,,1.0,0.0
0.1,4,4,license_plate_bahnschrift.ttf,VJNKYFDZICRAQLPMWHGESOUXBT,0,7,1,0.085,5.059644,0.959381,1.907975,,1.0,0.0
0.2,4,4,license_plate_bahnschrift.ttf,VJNKYFDZICRAQLPMWHGESOUXBT,0,7,0,0.17,7.155418,0.919759,1.349142,,1.0,0.0
0.2,4,4,license_plate_bahnschrift.ttf,VJNKYFDZICRAQLPMWHGESOUXBT,0,7,1,0.17,7.155418,0.919759,1.349142,RESASKAONRETF,0.923077,0.076923
0.3,4,4,license_plate_bahnschrift.ttf,VJNKYFDZICRAQLPMWHGESOUXBT,0,7,0,0.255,8.763561,0.881116,1.10157,,1.0,0.0
0.3,4,4,license_plate_bahnschrift.ttf,VJNKYFDZICRAQLPMWHGESOUXBT,0,7,1,0.255,8.763561,0.881116,1.10157,,1.0,0.0
0.4,4,4,license_plate_bahnschrift.ttf,VJNKYFDZICRAQLPMWHGESOUXBT,0,7,0,0.34,10.119289,0.843436,0.953987,,1.0,0.0
0.4,4,4,license_plate_bahnschrift.ttf,VJNKYFDZICRAQLPMWHGESOUXBT,0,7,1,0.34,10.119289,0.843436,0.953987,UAAG,0.923077,0.076923
0.5,4,4,license_plate_bahnschrift.ttf,VJNKYFDZICRAQLPMWHGESOUXBT,0,7,0,0.425,11.313708,0.8067,0.853272,P,0.961538,0.038462
0.5,4,4,license_plate_bahnschrift.ttf,VJNKYFDZICRAQLPMWHGESOUXBT,0,7,1,0.425,11.313708,0.8067,0.853272,,1.0,0.0
0.6,4,4,license_plate_bahnschrift.ttf,VJNKYFDZICRAQLPMWHGESOUXBT,0,7,0,0.51,12.393547,0.770893,0.778927,FPSGTVERS,0.884615,0.115385
0.6,4,4,license_plate_bahnschrift.ttf,VJNKYFDZICRAQLPMWHGESOUXBT,0,7,1,0.51,12.393547,0.770893,0.778927,,1.0,0.0
0.7,4,4,license_plate_bahnschrift.ttf,VJNKYFDZICRAQLPMWHGESOUXBT,0,7,0,0.595,13.38656,0.735998,0.721147,,1.0,0.0
0.7,4,4,license_plate_bahnschrift.ttf,VJNKYFDZICRAQLPMWHGESOUXBT,0,7,1,0.595,13.38656,0.735998,0.721147,SMEB,0.884615,0.115385
0.8,4,4,license_plate_bahnschrift.ttf,VJNKYFDZICRAQLPMWHGESOUXBT,0,7,0,0.68,14.310835,0.701998,0.674571,,1.0,0.0
0.8,4,4,license_plate_bahnschrift.ttf,VJNKYFDZICRAQLPMWHGESOUXBT,0,7,1,0.68,14.310835,0.701998,0.674571,,1.0,0.0
0.9,4,4,license_plate_bahnschrift.ttf,VJNKYFDZICRAQLPMWHGESOUXBT,0,7,0,0.765,15.178933,0.668877,0.635992,,1.0,0.0
0.9,4,4,license_plate_bahnschrift.ttf,VJNKYFDZICRAQLPMWHGESOUXBT,0,7,1,0.765,15.178933,0.668877,0.635992,LR,0.961538,0.038462
1.0,4,4,license_plate_bahnschrift.ttf,VJNKYFDZICRAQLPMWHGESOUXBT,0,7,0,0.85,16.0,0.63662,0.603355,,1.0,0.0
1.0,4,4,license_plate_bahnschrift.ttf,VJNKYFDZICRAQLPMWHGESOUXBT,0,7,1,0.85,16.0,0.63662,0.603355,S,0.961538,0.038462
0.1,16,4,license_plate_bahnschrift.ttf,VJNKYFDZICRAQLPMWHGESOUXBT,0,7,0,0.085,5.059644,0.959381,1.907975,,1.0,0.0
0.1,16,4,license_plate_bahnschrift.ttf,VJNKYFDZICRAQLPMWHGESOUXBT,0,7,1,0.085,5.059644,0.959381,1.907975,FPSCANYCSOA,0.807692,0.192308
0.2,16,4,license_plate_bahnschrift.ttf,VJNKYFDZICRAQLPMWHGESOUXBT,0,7,0,0.17,7.155418,0.919759,1.349142,,1.0,0.0
0.2,16,4,license_plate_bahnschrift.ttf,VJNKYFDZICRAQLPMWHGESOUXBT,0,7,1,0.17,7.155418,0.919759,1.349142,UPRTRIM,0.923077,0.076923
0.3,16,4,license_plate_bahnschrift.ttf,VJNKYFDZICRAQLPMWHGESOUXBT,0,7,0,0.255,8.763561,0.881116,1.10157,,1.0,0.0
0.3,16,4,license_plate_bahnschrift.ttf,VJNKYFDZICRAQLPMWHGESOUXBT,0,7,1,0.255,8.763561,0.881116,1.10157,,1.0,0.0
0.4,16,4,license_plate_bahnschrift.ttf,VJNKYFDZICRAQLPMWHGESOUXBT,0,7,0,0.34,10.119289,0.843436,0.953987,,1.0,0.0
0.4,16,4,license_plate_bahnschrift.ttf,VJNKYFDZICRAQLPMWHGESOUXBT,0,7,1,0.34,10.119289,0.843436,0.953987,PAAMRGGSP,0.846154,0.153846
0.5,16,4,license_plate_bahnschrift.ttf,VJNKYFDZICRAQLPMWHGESOUXBT,0,7,0,0.425,11.313708,0.8067,0.853272,,1.0,0.0
0.5,16,4,license_plate_bahnschrift.ttf,VJNKYFDZICRAQLPMWHGESOUXBT,0,7,1,0.425,11.313708,0.8067,0.853272,,1.0,0.0
0.6,16,4,license_plate_bahnschrift.ttf,VJNKYFDZICRAQLPMWHGESOUXBT,0,7,0,0.51,12.393547,0.770893,0.778927,THPSS,0.923077,0.076923
0.6,16,4,license_plate_bahnschrift.ttf,VJNKYFDZICRAQLPMWHGESOUXBT,0,7,1,0.51,12.393547,0.770893,0.778927,SAAOKDPSA,0.884615,0.115385
0.7,16,4,license_plate_bahnschrift.ttf,VJNKYFDZICRAQLPMWHGESOUXBT,0,7,0,0.595,13.38656,0.735998,0.721147,,1.0,0.0
0.7,16,4,license_plate_bahnschrift.ttf,VJNKYFDZICRAQLPMWHGESOUXBT,0,7,1,0.595,13.38656,0.735998,0.721147,,1.0,0.0
0.8,16,4,license_plate_bahnschrift.ttf,VJNKYFDZICRAQLPMWHGESOUXBT,0,7,0,0.68,14.310835,0.701998,0.674571,,1.0,0.0
0.8,16,4,license_plate_bahnschrift.ttf,VJNKYFDZICRAQLPMWHGESOUXBT,0,7,1,0.68,14.310835,0.701998,0.674571,,1.0,0.0
0.9,16,4,license_plate_bahnschrift.ttf,VJNKYFDZICRAQLPMWHGESOUXBT,0,7,0,0.765,15.178933,0.668877,0.635992,,1.0,0.0
0.9,16,4,license_plate_bahnschrift.ttf,VJNKYFDZICRAQLPMWHGESOUXBT,0,7,1,0.765,15.178933,0.668877,0.635992,YIRSACTEDWR,0.846154,0.153846
1.0,16,4,license_plate_bahnschrift.ttf,VJNKYFDZICRAQLPMWHGESOUXBT,0,7,0,0.85,16.0,0.63662,0.603355,,1.0,0.0
1.0,16,4,license_plate_bahnschrift.ttf,VJNKYFDZICRAQLPMWHGESOUXBT,0,7,1,0.85,16.0,0.63662,0.603355,,1.0,0.0
0.1,64,4,license_plate_bahnschrift.ttf,VJNKYFDZICRAQLPMWHGESOUXBT,0,7,0,0.085,5.059644,0.959381,1.907975,RPICHRRSP,0.846154,0.153846
0.1,64,4,license_plate_bahnschrift.ttf,VJNKYFDZICRAQLPMWHGESOUXBT,0,7,1,0.085,5.059644,0.959381,1.907975,,1.0,0.0
0.2,64,4,license_plate_bahnschrift.ttf,VJNKYFDZICRAQLPMWHGESOUXBT,0,7,0,0.17,7.155418,0.919759,1.349142,COMEARRRELMARSGLERT,0.807692,0.192308
0.2,64,4,license_plate_bahnschrift.ttf,VJNKYFDZICRAQLPMWHGESOUXBT,0,7,1,0.17,7.155418,0.919759,1.349142,,1.0,0.0
0.3,64,4,license_plate_bahnschrift.ttf,VJNKYFDZICRAQLPMWHGESOUXBT,0,7,0,0.255,8.763561,0.881116,1.10157,,1.0,0.0
0.3,64,4,license_plate_bahnschrift.ttf,VJNKYFDZICRAQLPMWHGESOUXBT,0,7,1,0.255,8.763561,0.881116,1.10157,,1.0,0.0
0.4,64,4,license_plate_bahnschrift.ttf,VJNKYFDZICRAQLPMWHGESOUXBT,0,7,0,0.34,10.119289,0.843436,0.953987,,1.0,0.0
0.4,64,4,license_plate_bahnschrift.ttf,VJNKYFDZICRAQLPMWHGESOUXBT,0,7,1,0.34,10.119289,0.843436,0.953987,,1.0,0.0
0.5,64,4,license_plate_bahnschrift.ttf,VJNKYFDZICRAQLPMWHGESOUXBT,0,7,0,0.425,11.313708,0.8067,0.853272,,1.0,0.0
0.5,64,4,license_plate_bahnschrift.ttf,VJNKYFDZICRAQLPMWHGESOUXBT,0,7,1,0.425,11.313708,0.8067,0.853272,HMAFDENPSSPRETS,0.846154,0.153846
0.6,64,4,license_plate_bahnschrift.ttf,VJNKYFDZICRAQLPMWHGESOUXBT,0,7,0,0.51,12.393547,0.770893,0.778927,,1.0,0.0
0.6,64,4,license_plate_bahnschrift.ttf,VJNKYFDZICRAQLPMWHGESOUXBT,0,7,1,0.51,12.393547,0.770893,0.778927,NIWANFEGYRPSSR,0.846154,0.153846
0.7,64,4,license_plate_bahnschrift.ttf,VJNKYFDZICRAQLPMWHGESOUXBT,0,7,0,0.595,13.38656,0.735998,0.721147,,1.0,0.0
0.7,64,4,license_plate_bahnschrift.ttf,VJNKYFDZICRAQLPMWHGESOUXBT,0,7,1,0.595,13.38656,0.735998,0.721147,SQMOPIOHRISPURRESEET,0.807692,0.192308
0.8,64,4,license_plate_bahnschrift.ttf,VJNKYFDZICRAQLPMWHGESOUXBT,0,7,0,0.68,14.310835,0.701998,0.674571,AUMESFOQNERAPAECEET,0.769231,0.230769
0.8,64,4,license_plate_bahnschrift.ttf,VJNKYFDZICRAQLPMWHGESOUXBT,0,7,1,0.68,14.310835,0.701998,0.674571,RANFLOTERSAPSONERT,0.730769,0.269231
0.9,64,4,license_plate_bahnschrift.ttf,VJNKYFDZICRAQLPMWHGESOUXBT,0,7,0,0.765,15.178933,0.668877,0.635992,,1.0,0.0
0.9,64,4,license_plate_bahnschrift.ttf,VJNKYFDZICRAQLPMWHGESOUXBT,0,7,1,0.765,15.178933,0.668877,0.635992,VIMINFREERPESOGET,0.692308,0.307692
1.0,64,4,license_plate_bahnschrift.ttf,VJNKYFDZICRAQLPMWHGESOUXBT,0,7,0,0.85,16.0,0.63662,0.603355,,1.0,0.0
1.0,64,4,license_plate_bahnschrift.ttf,VJNKYFDZICRAQLPMWHGESOUXBT,0,7,1,0.85,16.0,0.63662,0.603355,SPMOFNYRAPNGESOADURT,0.692308,0.307692
0.1,256,4,license_plate_bahnschrift.ttf,VJNKYFDZICRAQLPMWHGESOUXBT,0,7,0,0.085,5.059644,0.959381,1.907975,LOT,0.884615,0.115385
0.1,256,4,license_plate_bahnschrift.ttf,VJNKYFDZICRAQLPMWHGESOUXBT,0,7,1,0.085,5.059644,0.959381,1.907975,,1.0,0.0
0.2,256,4,license_plate_bahnschrift.ttf,VJNKYFDZICRAQLPMWHGESOUXBT,0,7,0,0.17,7.155418,0.919759,1.349142,WIMAVEICLRPSMERT,0.807692,0.192308
0.2,256,4,license_plate_bahnschrift.ttf,VJNKYFDZICRAQLPMWHGESOUXBT,0,7,1,0.17,7.155418,0.919759,1.349142,SHAVERCTTAPUAERT,0.846154,0.153846
0.3,256,4,license_plate_bahnschrift.ttf,VJNKYFDZICRAQLPMWHGESOUXBT,0,7,0,0.255,8.763561,0.881116,1.10157,MANERAPCRT,0.807692,0.192308
0.3,256,4,license_plate_bahnschrift.ttf,VJNKYFDZICRAQLPMWHGESOUXBT,0,7,1,0.255,8.763561,0.881116,1.10157,POMAVEIEIESRLET,0.846154,0.153846
0.4,256,4,license_plate_bahnschrift.ttf,VJNKYFDZICRAQLPMWHGESOUXBT,0,7,0,0.34,10.119289,0.843436,0.953987,UMPYEREDCRSRT,0.807692,0.192308
0.4,256,4,license_plate_bahnschrift.ttf,VJNKYFDZICRAQLPMWHGESOUXBT,0,7,1,0.34,10.119289,0.843436,0.953987,WWPYPTELRPMAPBSRT,0.769231,0.230769
0.5,256,4,license_plate_bahnschrift.ttf,VJNKYFDZICRAQLPMWHGESOUXBT,0,7,0,0.425,11.313708,0.8067,0.853272,MAYETONCRSLEPAASELERT,0.769231,0.230769
0.5,256,4,license_plate_bahnschrift.ttf,VJNKYFDZICRAQLPMWHGESOUXBT,0,7,1,0.425,11.313708,0.8067,0.853272,VAMMYPODILROCEPALASLRERT,0.730769,0.269231
0.6,256,4,license_plate_bahnschrift.ttf,VJNKYFDZICRAQLPMWHGESOUXBT,0,7,0,0.51,12.393547,0.770893,0.778927,VINAVEDGICRODPSERT,0.653846,0.346154
0.6,256,4,license_plate_bahnschrift.ttf,VJNKYFDZICRAQLPMWHGESOUXBT,0,7,1,0.51,12.393547,0.770893,0.778927,WIVFOTIEROPXCRT,0.807692,0.192308
0.7,256,4,license_plate_bahnschrift.ttf,VJNKYFDZICRAQLPMWHGESOUXBT,0,7,0,0.595,13.38656,0.735998,0.721147,VIRAVFDOYCPSOPWONERT,0.692308,0.307692
0.7,256,4,license_plate_bahnschrift.ttf,VJNKYFDZICRAQLPMWHGESOUXBT,0,7,1,0.595,13.38656,0.735998,0.721147,VIMVETOVCRYPMCOUSRT,0.692308,0.307692
0.8,256,4,license_plate_bahnschrift.ttf,VJNKYFDZICRAQLPMWHGESOUXBT,0,7,0,0.68,14.310835,0.701998,0.674571,VEMAVEIOCRODPMSORRT,0.692308,0.307692
0.8,256,4,license_plate_bahnschrift.ttf,VJNKYFDZICRAQLPMWHGESOUXBT,0,7,1,0.68,14.310835,0.701998,0.674571,VINEVETOICRALPCORT,0.615385,0.384615
0.9,256,4,license_plate_bahnschrift.ttf,VJNKYFDZICRAQLPMWHGESOUXBT,0,7,0,0.765,15.178933,0.668877,0.635992,VAWAYFOOTEROPMWBORSERT,0.653846,0.346154
0.9,256,4,license_plate_bahnschrift.ttf,VJNKYFDZICRAQLPMWHGESOUXBT,0,7,1,0.765,15.178933,0.668877,0.635992,VIMEYVEDDCRAPMWBLEERT,0.615385,0.384615
1.0,256,4,license_plate_bahnschrift.ttf,VJNKYFDZICRAQLPMWHGESOUXBT,0,7,0,0.85,16.0,0.63662,0.603355,VIMEVEDCCRSOLPMSONERT,0.615385,0.384615
1.0,256,4,license_plate_bahnschrift.ttf,VJNKYFDZICRAQLPMWHGESOUXBT,0,7,1,0.85,16.0,0.63662,0.603355,VANEYFOACRADPMSRT,0.576923,0.423077
0.1,1024,4,license_plate_bahnschrift.ttf,VJNKYFDZICRAQLPMWHGESOUXBT,0,7,0,0.085,5.059644,0.959381,1.907975,HAVEIGDRSBASECRT,0.846154,0.153846
0.1,1024,4,license_plate_bahnschrift.ttf,VJNKYFDZICRAQLPMWHGESOUXBT,0,7,1,0.085,5.059644,0.959381,1.907975,HSPICPSBUAAHISRT,0.807692,0.192308
0.2,1024,4,license_plate_bahnschrift.ttf,VJNKYFDZICRAQLPMWHGESOUXBT,0,7,0,0.17,7.155418,0.919759,1.349142,SMEVEICRPUMASRT,0.769231,0.230769
0.2,1024,4,license_plate_bahnschrift.ttf,VJNKYFDZICRAQLPMWHGESOUXBT,0,7,1,0.17,7.155418,0.919759,1.349142,SHOVEICLRSPASHCRT,0.807692,0.192308
0.3,1024,4,license_plate_bahnschrift.ttf,VJNKYFDZICRAQLPMWHGESOUXBT,0,7,0,0.255,8.763561,0.881116,1.10157,SMOVPTCLRSPMASSHCRT,0.807692,0.192308
0.3,1024,4,license_plate_bahnschrift.ttf,VJNKYFDZICRAQLPMWHGESOUXBT,0,7,1,0.255,8.763561,0.881116,1.10157,JMOVPTCIRSPMABSIHERT,0.730769,0.269231
0.4,1024,4,license_plate_bahnschrift.ttf,VJNKYFDZICRAQLPMWHGESOUXBT,0,7,0,0.34,10.119289,0.843436,0.953987,VROVEICCRSPSRT,0.769231,0.230769
0.4,1024,4,license_plate_bahnschrift.ttf,VJNKYFDZICRAQLPMWHGESOUXBT,0,7,1,0.34,10.119289,0.843436,0.953987,VOMOVETOICRSPSRT,0.730769,0.269231
0.5,1024,4,license_plate_bahnschrift.ttf,VJNKYFDZICRAQLPMWHGESOUXBT,0,7,0,0.425,11.313708,0.8067,0.853272,VIMOVETOICRSOPNASLCRT,0.730769,0.269231
0.5,1024,4,license_plate_bahnschrift.ttf,VJNKYFDZICRAQLPMWHGESOUXBT,0,7,1,0.425,11.313708,0.8067,0.853272,VINOVFIGICRSOPMABLRT,0.653846,0.346154
0.6,1024,4,license_plate_bahnschrift.ttf,VJNKYFDZICRAQLPMWHGESOUXBT,0,7,0,0.51,12.393547,0.770893,0.778927,VIROVEICIRAOPMSOEERT,0.653846,0.346154
0.6,1024,4,license_plate_bahnschrift.ttf,VJNKYFDZICRAQLPMWHGESOUXBT,0,7,1,0.51,12.393547,0.770893,0.778927,JMOVEIOIROPNASERT,0.769231,0.230769
0.7,1024,4,license_plate_bahnschrift.ttf,VJNKYFDZICRAQLPMWHGESOUXBT,0,7,0,0.595,13.38656,0.735998,0.721147,VIHNVFICICRSOPNABSOEERT,0.653846,0.346154
0.7,1024,4,license_plate_bahnschrift.ttf,VJNKYFDZICRAQLPMWHGESOUXBT,0,7,1,0.595,13.38656,0.735998,0.721147,VAMVFIOICRSOPMCORT,0.653846,0.346154
0.8,1024,4,license_plate_bahnschrift.ttf,VJNKYFDZICRAQLPMWHGESOUXBT,0,7,0,0.68,14.310835,0.701998,0.674571,VINOVETOCRACPMCOEERT,0.653846,0.346154
0.8,1024,4,license_plate_bahnschrift.ttf,VJNKYFDZICRAQLPMWHGESOUXBT,0,7,1,0.68,14.310835,0.701998,0.674571,VINOVEIOICRAGPMCORT,0.615385,0.384615
0.9,1024,4,license_plate_bahnschrift.ttf,VJNKYFDZICRAQLPMWHGESOUXBT,0,7,0,0.765,15.178933,0.668877,0.635992,VINVFDOCRADPMAWECOUERT,0.5,0.5
0.9,1024,4,license_plate_bahnschrift.ttf,VJNKYFDZICRAQLPMWHGESOUXBT,0,7,1,0.765,15.178933,0.668877,0.635992,VAMVEDODCRADEPMWCONSERT,0.615385,0.384615
1.0,1024,4,license_plate_bahnschrift.ttf,VJNKYFDZICRAQLPMWHGESOUXBT,0,7,0,0.85,16.0,0.63662,0.603355,VINEVEIOCRAOLPMCORT,0.615385,0.384615
1.0,1024,4,license_plate_bahnschrift.ttf,VJNKYFDZICRAQLPMWHGESOUXBT,0,7,1,0.85,16.0,0.63662,0.603355,VIMEVETODCROCPMMCOESERT,0.692308,0.307692
0.1,4096,4,license_plate_bahnschrift.ttf,VJNKYFDZICRAQLPMWHGESOUXBT,0,7,0,0.085,5.059644,0.959381,1.907975,SHAVEICLRSPARART,0.846154,0.153846
0.1,4096,4,license_plate_bahnschrift.ttf,VJNKYFDZICRAQLPMWHGESOUXBT,0,7,1,0.085,5.059644,0.959381,1.907975,HANFICLRSPVAPRT,0.769231,0.230769
0.2,4096,4,license_plate_bahnschrift.ttf,VJNKYFDZICRAQLPMWHGESOUXBT,0,7,0,0.17,7.155418,0.919759,1.349142,SHVPTCRSPVASRT,0.807692,0.192308
0.2,4096,4,license_plate_bahnschrift.ttf,VJNKYFDZICRAQLPMWHGESOUXBT,0,7,1,0.17,7.155418,0.919759,1.349142,SHAVPIGLRPASPCRT,0.846154,0.153846
0.3,4096,4,license_plate_bahnschrift.ttf,VJNKYFDZICRAQLPMWHGESOUXBT,0,7,0,0.255,8.763561,0.881116,1.10157,SMONPICIRSPMASLHCRT,0.769231,0.230769
0.3,4096,4,license_plate_bahnschrift.ttf,VJNKYFDZICRAQLPMWHGESOUXBT,0,7,1,0.255,8.763561,0.881116,1.10157,VHVPICLRSPMASRT,0.730769,0.269231
0.4,4096,4,license_plate_bahnschrift.ttf,VJNKYFDZICRAQLPMWHGESOUXBT,0,7,0,0.34,10.119289,0.843436,0.953987,VROVEIOCRSPHSRT,0.730769,0.269231
0.4,4096,4,license_plate_bahnschrift.ttf,VJNKYFDZICRAQLPMWHGESOUXBT,0,7,1,0.34,10.119289,0.843436,0.953987,VMOVPTCIROPSCRT,0.769231,0.230769
0.5,4096,4,license_plate_bahnschrift.ttf,VJNKYFDZICRAQLPMWHGESOUXBT,0,7,0,0.425,11.313708,0.8067,0.853272,VAMOVETOICRSOPNASLCRT,0.730769,0.269231
0.5,4096,4,license_plate_bahnschrift.ttf,VJNKYFDZICRAQLPMWHGESOUXBT,0,7,1,0.425,11.313708,0.8067,0.853272,VMPTOCRSOPNASLCRT,0.769231,0.230769
0.6,4096,4,license_plate_bahnschrift.ttf,VJNKYFDZICRAQLPMWHGESOUXBT,0,7,0,0.51,12.393547,0.770893,0.778927,VINOVEIOICRSOPCORT,0.692308,0.307692
0.6,4096,4,license_plate_bahnschrift.ttf,VJNKYFDZICRAQLPMWHGESOUXBT,0,7,1,0.51,12.393547,0.770893,0.778927,VINOVEICICRSOPCOERT,0.692308,0.307692
0.7,4096,4,license_plate_bahnschrift.ttf,VJNKYFDZICRAQLPMWHGESOUXBT,0,7,0,0.595,13.38656,0.735998,0.721147,VINVETODCRSOPMASOEERT,0.653846,0.346154
0.7,4096,4,license_plate_bahnschrift.ttf,VJNKYFDZICRAQLPMWHGESOUXBT,0,7,1,0.595,13.38656,0.735998,0.721147,VINOVETOICRAOPMWCOEERT,0.576923,0.423077
0.8,4096,4,license_plate_bahnschrift.ttf,VJNKYFDZICRAQLPMWHGESOUXBT,0,7,0,0.68,14.310835,0.701998,0.674571,VINEVEIODCRAGEPNACORERT,0.692308,0.307692
0.8,4096,4,license_plate_bahnschrift.ttf,VJNKYFDZICRAQLPMWHGESOUXBT,0,7,1,0.68,14.310835,0.701998,0.674571,VINAVETOCRAOPMCORERT,0.653846,0.346154
0.9,4096,4,license_plate_bahnschrift.ttf,VJNKYFDZICRAQLPMWHGESOUXBT,0,7,0,0.765,15.178933,0.668877,0.635992,VIMAVEDOICRAOPMCORERT,0.615385,0.384615
0.9,4096,4,license_plate_bahnschrift.ttf,VJNKYFDZICRAQLPMWHGESOUXBT,0,7,1,0.765,15.178933,0.668877,0.635992,VAIMVEDOICRSCPMCORRT,0.653846,0.346154
1.0,4096,4,license_plate_bahnschrift.ttf,VJNKYFDZICRAQLPMWHGESOUXBT,0,7,0,0.85,16.0,0.63662,0.603355,VINAVETODCRSCPMCORT,0.692308,0.307692
1.0,4096,4,license_plate_bahnschrift.ttf,VJNKYFDZICRAQLPMWHGESOUXBT,0,7,1,0.85,16.0,0.63662,0.603355,VINAVEOICRSDPMWCORERT,0.615385,0.384615
0.1,16384,4,license_plate_bahnschrift.ttf,VJNKYFDZICRAQLPMWHGESOUXBT,0,7,0,0.085,5.059644,0.959381,1.907975,SHAVPICLBSPVAHPRT,0.807692,0.192308
0.1,16384,4,license_plate_bahnschrift.ttf,VJNKYFDZICRAQLPMWHGESOUXBT,0,7,1,0.085,5.059644,0.959381,1.907975,SHAVFICLRSPAPRT,0.769231,0.230769
0.2,16384,4,license_plate_bahnschrift.ttf,VJNKYFDZICRAQLPMWHGESOUXBT,0,7,0,0.17,7.155418,0.919759,1.349142,SHAVPICLRSPASPHCRT,0.807692,0.192308
0.2,16384,4,license_plate_bahnschrift.ttf,VJNKYFDZICRAQLPMWHGESOUXBT,0,7,1,0.17,7.155418,0.919759,1.349142,SHAVPICLRSPASSRT,0.807692,0.192308
0.3,16384,4,license_plate_bahnschrift.ttf,VJNKYFDZICRAQLPMWHGESOUXBT,0,7,0,0.255,8.763561,0.881116,1.10157,SMOVPTCIRPMASSHCRT,0.769231,0.230769
0.3,16384,4,license_plate_bahnschrift.ttf,VJNKYFDZICRAQLPMWHGESOUXBT,0,7,1,0.255,8.763561,0.881116,1.10157,WHOVPICIRSPMASSCRT,0.769231,0.230769
0.4,16384,4,license_plate_bahnschrift.ttf,VJNKYFDZICRAQLPMWHGESOUXBT,0,7,0,0.34,10.119289,0.843436,0.953987,VMOVPICIRSOPSERT,0.769231,0.230769
0.4,16384,4,license_plate_bahnschrift.ttf,VJNKYFDZICRAQLPMWHGESOUXBT,0,7,1,0.34,10.119289,0.843436,0.953987,VROVEICIORSOPMSSESRT,0.692308,0.307692
0.5,16384,4,license_plate_bahnschrift.ttf,VJNKYFDZICRAQLPMWHGESOUXBT,0,7,0,0.425,11.313708,0.8067,0.853272,VROVFIOICRSOPMASORT,0.615385,0.384615
0.5,16384,4,license_plate_bahnschrift.ttf,VJNKYFDZICRAQLPMWHGESOUXBT,0,7,1,0.425,11.313708,0.8067,0.853272,VMVPTOCRSOPNASLEERT,0.769231,0.230769
0.6,16384,4,license_plate_bahnschrift.ttf,VJNKYFDZICRAQLPMWHGESOUXBT,0,7,0,0.51,12.393547,0.770893,0.778927,VINOVETOICRSOPCORT,0.692308,0.307692
0.6,16384,4,license_plate_bahnschrift.ttf,VJNKYFDZICRAQLPMWHGESOUXBT,0,7,1,0.51,12.393547,0.770893,0.778927,VINOVEIODCRSOPMASOEERT,0.653846,0.346154
0.7,16384,4,license_plate_bahnschrift.ttf,VJNKYFDZICRAQLPMWHGESOUXBT,0,7,0,0.595,13.38656,0.735998,0.721147,VIMVFIOICRSOPMACLEERT,0.653846,0.346154
0.7,16384,4,license_plate_bahnschrift.ttf,VJNKYFDZICRAQLPMWHGESOUXBT,0,7,1,0.595,13.38656,0.735998,0.721147,VANOVETOICRYOPMACOERT,0.653846,0.346154
0.8,16384,4,license_plate_bahnschrift.ttf,VJNKYFDZICRAQLPMWHGESOUXBT,0,7,0,0.68,14.310835,0.701998,0.674571,VINAVEDODCRACEPMMCORERT,0.615385,0.384615
0.8,16384,4,license_plate_bahnschrift.ttf,VJNKYFDZICRAQLPMWHGESOUXBT,0,7,1,0.68,14.310835,0.701998,0.674571,VINAVETODCRADEPMWCORERT,0.615385,0.384615
0.9,16384,4,license_plate_bahnschrift.ttf,VJNKYFDZICRAQLPMWHGESOUXBT,0,7,0,0.765,15.178933,0.668877,0.635992,VINOVEIOICRAOLPMECORERT,0.538462,0.461538
0.9,16384,4,license_plate_bahnschrift.ttf,VJNKYFDZICRAQLPMWHGESOUXBT,0,7,1,0.765,15.178933,0.668877,0.635992,VINGVETODCRACEPMSOEERT,0.615385,0.384615
1.0,16384,4,license_plate_bahnschrift.ttf,VJNKYFDZICRAQLPMWHGESOUXBT,0,7,0,0.85,16.0,0.63662,0.603355,VIMAVEDDCRAOLPMCORERT,0.615385,0.384615
1.0,16384,4,license_plate_bahnschrift.ttf,VJNKYFDZICRAQLPMWHGESOUXBT,0,7,1,0.85,16.0,0.63662,0.603355,VIMAVEDOCRACLPMCORERT,0.615385,0.384615
0.1,65536,4,license_plate_bahnschrift.ttf,VJNKYFDZICRAQLPMWHGESOUXBT,0,7,0,0.085,5.059644,0.959381,1.907975,SHAVEICLBSPVAPRT,0.846154,0.153846
0.1,65536,4,license_plate_bahnschrift.ttf,VJNKYFDZICRAQLPMWHGESOUXBT,0,7,1,0.085,5.059644,0.959381,1.907975,SHAVEICLRSPACRT,0.807692,0.192308
0.2,65536,4,license_plate_bahnschrift.ttf,VJNKYFDZICRAQLPMWHGESOUXBT,0,7,0,0.17,7.155418,0.919759,1.349142,SHAVPIGLRSPART,0.846154,0.153846
0.2,65536,4,license_plate_bahnschrift.ttf,VJNKYFDZICRAQLPMWHGESOUXBT,0,7,1,0.17,7.155418,0.919759,1.349142,SHVPICRSPASRT,0.769231,0.230769
0.3,65536,4,license_plate_bahnschrift.ttf,VJNKYFDZICRAQLPMWHGESOUXBT,0,7,0,0.255,8.763561,0.881116,1.10157,MOVPTCRSPMASSCRT,0.769231,0.230769
0.3,65536,4,license_plate_bahnschrift.ttf,VJNKYFDZICRAQLPMWHGESOUXBT,0,7,1,0.255,8.763561,0.881116,1.10157,WMOVETCIRSPMASSCRT,0.769231,0.230769
0.4,65536,4,license_plate_bahnschrift.ttf,VJNKYFDZICRAQLPMWHGESOUXBT,0,7,0,0.34,10.119289,0.843436,0.953987,VHOVFICCRSOPVASRT,0.730769,0.269231
0.4,65536,4,license_plate_bahnschrift.ttf,VJNKYFDZICRAQLPMWHGESOUXBT,0,7,1,0.34,10.119289,0.843436,0.953987,VROVEICROPVHSRT,0.692308,0.307692
0.5,65536,4,license_plate_bahnschrift.ttf,VJNKYFDZICRAQLPMWHGESOUXBT,0,7,0,0.425,11.313708,0.8067,0.853272,VAMVPIOICRSOPMASLECRT,0.692308,0.307692
0.5,65536,4,license_plate_bahnschrift.ttf,VJNKYFDZICRAQLPMWHGESOUXBT,0,7,1,0.425,11.313708,0.8067,0.853272,VMVPTOICRSOPMASLHERT,0.692308,0.307692
0.6,65536,4,license_plate_bahnschrift.ttf,VJNKYFDZICRAQLPMWHGESOUXBT,0,7,0,0.51,12.393547,0.770893,0.778927,VIMOVETIOICROPCRT,0.807692,0.192308
0.6,65536,4,license_plate_bahnschrift.ttf,VJNKYFDZICRAQLPMWHGESOUXBT,0,7,1,0.51,12.393547,0.770893,0.778927,VKOYVFIOCRSOPMCERT,0.692308,0.307692
0.7,65536,4,license_plate_bahnschrift.ttf,VJNKYFDZICRAQLPMWHGESOUXBT,0,7,0,0.595,13.38656,0.735998,0.721147,VINVEIOICRSOPNACOEERT,0.692308,0.307692
0.7,65536,4,license_plate_bahnschrift.ttf,VJNKYFDZICRAQLPMWHGESOUXBT,0,7,1,0.595,13.38656,0.735998,0.721147,VAINEVETOICRSOPMACOERT,0.692308,0.307692
0.8,65536,4,license_plate_bahnschrift.ttf,VJNKYFDZICRAQLPMWHGESOUXBT,0,7,0,0.68,14.310835,0.701998,0.674571,VINAVETOCRACEPMWSORERT,0.576923,0.423077
0.8,65536,4,license_plate_bahnschrift.ttf,VJNKYFDZICRAQLPMWHGESOUXBT,0,7,1,0.68,14.310835,0.701998,0.674571,VINEVEDODCRACEPMMCORERT,0.615385,0.384615
0.9,65536,4,license_plate_bahnschrift.ttf,VJNKYFDZICRAQLPMWHGESOUXBT,0,7,0,0.765,15.178933,0.668877,0.635992,VIMEVEIOCRADPMCORERT,0.692308,0.307692
0.9,65536,4,license_plate_bahnschrift.ttf,VJNKYFDZICRAQLPMWHGESOUXBT,0,7,1,0.765,15.178933,0.668877,0.635992,VIMAVFDOICRACPMCORERT,0.576923,0.423077
1.0,65536,4,license_plate_bahnschrift.ttf,VJNKYFDZICRAQLPMWHGESOUXBT,0,7,0,0.85,16.0,0.63662,0.603355,VINAYEDOCRSCEPMCORRT,0.615385,0.384615
1.0,65536,4,license_plate_bahnschrift.ttf,VJNKYFDZICRAQLPMWHGESOUXBT,0,7,1,0.85,16.0,0.63662,0.603355,VINAYEDOICRSCEPMCORRT,0.576923,0.423077
0.1,4,4,license_plate_bahnschrift.ttf,VJNKYFDZICRAQLPMWHGESOUXBT,0,11,0,0.085,5.059644,0.959381,1.907975,,1.0,0.0
0.1,4,4,license_plate_bahnschrift.ttf,VJNKYFDZICRAQLPMWHGESOUXBT,0,11,1,0.085,5.059644,0.959381,1.907975,,1.0,0.0
0.2,4,4,license_plate_bahnschrift.ttf,VJNKYFDZICRAQLPMWHGESOUXBT,0,11,0,0.17,7.155418,0.919759,1.349142,,1.0,0.0
0.2,4,4,license_plate_bahnschrift.ttf,VJNKYFDZICRAQLPMWHGESOUXBT,0,11,1,0.17,7.155418,0.919759,1.349142,,1.0,0.0
0.3,4,4,license_plate_bahnschrift.ttf,VJNKYFDZICRAQLPMWHGESOUXBT,0,11,0,0.255,8.763561,0.881116,1.10157,SPRL,0.923077,0.076923
0.3,4,4,license_plate_bahnschrift.ttf,VJNKYFDZICRAQLPMWHGESOUXBT,0,11,1,0.255,8.763561,0.881116,1.10157,SARSYOELESSILVIRR,0.923077,0.076923
0.4,4,4,license_plate_bahnschrift.ttf,VJNKYFDZICRAQLPMWHGESOUXBT,0,11,0,0.34,10.119289,0.843436,0.953987,,1.0,0.0
0.4,4,4,license_plate_bahnschrift.ttf,VJNKYFDZICRAQLPMWHGESOUXBT,0,11,1,0.34,10.119289,0.843436,0.953987,,1.0,0.0
0.5,4,4,license_plate_bahnschrift.ttf,VJNKYFDZICRAQLPMWHGESOUXBT,0,11,0,0.425,11.313708,0.8067,0.853272,,1.0,0.0
0.5,4,4,license_plate_bahnschrift.ttf,VJNKYFDZICRAQLPMWHGESOUXBT,0,11,1,0.425,11.313708,0.8067,0.853272,FESSPAZ,0.884615,0.115385
0.6,4,4,license_plate_bahnschrift.ttf,VJNKYFDZICRAQLPMWHGESOUXBT,0,11,0,0.51,12.393547,0.770893,0.778927,,1.0,0.0
0.6,4,4,license_plate_bahnschrift.ttf,VJNKYFDZICRAQLPMWHGESOUXBT,0,11,1,0.51,12.393547,0.770893,0.778927,PSTEESMSSU,0.884615,0.115385
0.7,4,4,license_plate_bahnschrift.ttf,VJNKYFDZICRAQLPMWHGESOUXBT,0,11,0,0.595,13.38656,0.735998,0.721147,,1.0,0.0
0.7,4,4,license_plate_bahnschrift.ttf,VJNKYFDZICRAQLPMWHGESOUXBT,0,11,1,0.595,13.38656,0.735998,0.721147,,1.0,0.0
0.8,4,4,license_plate_bahnschrift.ttf,VJNKYFDZICRAQLPMWHGESOUXBT,0,11,0,0.68,14.310835,0.701998,0.674571,POIMGFELSOE,0.846154,0.153846
0.8,4,4,license_plate_bahnschrift.ttf,VJNKYFDZICRAQLPMWHGESOUXBT,0,11,1,0.68,14.310835,0.701998,0.674571,TRDR,0.923077,0.076923
0.9,4,4,license_plate_bahnschrift.ttf,VJNKYFDZICRAQLPMWHGESOUXBT,0,11,0,0.765,15.178933,0.668877,0.635992,GRENCPNEET,0.846154,0.153846
0.9,4,4,license_plate_bahnschrift.ttf,VJNKYFDZICRAQLPMWHGESOUXBT,0,11,1,0.765,15.178933,0.668877,0.635992,SE,0.961538,0.038462
1.0,4,4,license_plate_bahnschrift.ttf,VJNKYFDZICRAQLPMWHGESOUXBT,0,11,0,0.85,16.0,0.63662,0.603355,ASLRRETITS,0.884615,0.115385
1.0,4,4,license_plate_bahnschrift.ttf,VJNKYFDZICRAQLPMWHGESOUXBT,0,11,1,0.85,16.0,0.63662,0.603355,AESREN,0.884615,0.115385
0.1,16,4,license_plate_bahnschrift.ttf,VJNKYFDZICRAQLPMWHGESOUXBT,0,11,0,0.085,5.059644,0.959381,1.907975,,1.0,0.0
0.1,16,4,license_plate_bahnschrift.ttf,VJNKYFDZICRAQLPMWHGESOUXBT,0,11,1,0.085,5.059644,0.959381,1.907975,,1.0,0.0
0.2,16,4,license_plate_bahnschrift.ttf,VJNKYFDZICRAQLPMWHGESOUXBT,0,11,0,0.17,7.155418,0.919759,1.349142,,1.0,0.0
0.2,16,4,license_plate_bahnschrift.ttf,VJNKYFDZICRAQLPMWHGESOUXBT,0,11,1,0.17,7.155418,0.919759,1.349142,AISWPSRSEERMES,0.846154,0.153846
0.3,16,4,license_plate_bahnschrift.ttf,VJNKYFDZICRAQLPMWHGESOUXBT,0,11,0,0.255,8.763561,0.881116,1.10157,,1.0,0.0
0.3,16,4,license_plate_bahnschrift.ttf,VJNKYFDZICRAQLPMWHGESOUXBT,0,11,1,0.255,8.763561,0.881116,1.10157,,1.0,0.0
0.4,16,4,license_plate_bahnschrift.ttf,VJNKYFDZICRAQLPMWHGESOUXBT,0,11,0,0.34,10.119289,0.843436,0.953987,,1.0,0.0
0.4,16,4,license_plate_bahnschrift.ttf,VJNKYFDZICRAQLPMWHGESOUXBT,0,11,1,0.34,10.119289,0.843436,0.953987,SA,0.961538,0.038462
0.5,16,4,license_plate_bahnschrift.ttf,VJNKYFDZICRAQLPMWHGESOUXBT,0,11,0,0.425,11.313708,0.8067,0.853272,,1.0,0.0
0.5,16,4,license_plate_bahnschrift.ttf,VJNKYFDZICRAQLPMWHGESOUXBT,0,11,1,0.425,11.313708,0.8067,0.853272,SWARRE,0.923077,0.076923
0.6,16,4,license_plate_bahnschrift.ttf,VJNKYFDZICRAQLPMWHGESOUXBT,0,11,0,0.51,12.393547,0.770893,0.778927,OT,0.923077,0.076923
0.6,16,4,license_plate_bahnschrift.ttf,VJNKYFDZICRAQLPMWHGESOUXBT,0,11,1,0.51,12.393547,0.770893,0.778927,,1.0,0.0
0.7,16,4,license_plate_bahnschrift.ttf,VJNKYFDZICRAQLPMWHGESOUXBT,0,11,0,0.595,13.38656,0.735998,0.721147,,1.0,0.0
0.7,16,4,license_plate_bahnschrift.ttf,VJNKYFDZICRAQLPMWHGESOUXBT,0,11,1,0.595,13.38656,0.735998,0.721147,,1.0,0.0
0.8,16,4,license_plate_bahnschrift.ttf,VJNKYFDZICRAQLPMWHGESOUXBT,0,11,0,0.68,14.310835,0.701998,0.674571,,1.0,0.0
0.8,16,4,license_plate_bahnschrift.ttf,VJNKYFDZICRAQLPMWHGESOUXBT,0,11,1,0.68,14.310835,0.701998,0.674571,,1.0,0.0
0.9,16,4,license_plate_bahnschrift.ttf,VJNKYFDZICRAQLPMWHGESOUXBT,0,11,0,0.765,15.178933,0.668877,0.635992,,1.0,0.0
0.9,16,4,license_plate_bahnschrift.ttf,VJNKYFDZICRAQLPMWHGESOUXBT,0,11,1,0.765,15.178933,0.668877,0.635992,DAANDIARREDEE,0.846154,0.153846
1.0,16,4,license_plate_bahnschrift.ttf,VJNKYFDZICRAQLPMWHGESOUXBT,0,11,0,0.85,16.0,0.63662,0.603355,RSPCOREE,0.884615,0.115385
1.0,16,4,license_plate_bahnschrift.ttf,VJNKYFDZICRAQLPMWHGESOUXBT,0,11,1,0.85,16.0,0.63662,0.603355,,1.0,0.0
0.1,64,4,license_plate_bahnschrift.ttf,VJNKYFDZICRAQLPMWHGESOUXBT,0,11,0,0.085,5.059644,0.959381,1.907975,RPCMSEAGEV,0.884615,0.115385
0.1,64,4,license_plate_bahnschrift.ttf,VJNKYFDZICRAQLPMWHGESOUXBT,0,11,1,0.085,5.059644,0.959381,1.907975,STRB,0.923077,0.076923
0.2,64,4,license_plate_bahnschrift.ttf,VJNKYFDZICRAQLPMWHGESOUXBT,0,11,0,0.17,7.155418,0.919759,1.349142,,1.0,0.0
0.2,64,4,license_plate_bahnschrift.ttf,VJNKYFDZICRAQLPMWHGESOUXBT,0,11,1,0.17,7.155418,0.919759,1.349142,,1.0,0.0
0.3,64,4,license_plate_bahnschrift.ttf,VJNKYFDZICRAQLPMWHGESOUXBT,0,11,0,0.255,8.763561,0.881116,1.10157,,1.0,0.0
0.3,64,4,license_plate_bahnschrift.ttf,VJNKYFDZICRAQLPMWHGESOUXBT,0,11,1,0.255,8.763561,0.881116,1.10157,,1.0,0.0
0.4,64,4,license_plate_bahnschrift.ttf,VJNKYFDZICRAQLPMWHGESOUXBT,0,11,0,0.34,10.119289,0.843436,0.953987,,1.0,0.0
0.4,64,4,license_plate_bahnschrift.ttf,VJNKYFDZICRAQLPMWHGESOUXBT,0,11,1,0.34,10.119289,0.843436,0.953987,,1.0,0.0
0.5,64,4,license_plate_bahnschrift.ttf,VJNKYFDZICRAQLPMWHGESOUXBT,0,11,0,0.425,11.313708,0.8067,0.853272,SPMARPSE,0.884615,0.115385
0.5,64,4,license_plate_bahnschrift.ttf,VJNKYFDZICRAQLPMWHGESOUXBT,0,11,1,0.425,11.313708,0.8067,0.853272,,1.0,0.0
0.6,64,4,license_plate_bahnschrift.ttf,VJNKYFDZICRAQLPMWHGESOUXBT,0,11,0,0.51,12.393547,0.770893,0.778927,,1.0,0.0
0.6,64,4,license_plate_bahnschrift.ttf,VJNKYFDZICRAQLPMWHGESOUXBT,0,11,1,0.51,12.393547,0.770893,0.778927,UKARORUURECECRBE,0.846154,0.153846
0.7,64,4,license_plate_bahnschrift.ttf,VJNKYFDZICRAQLPMWHGESOUXBT,0,11,0,0.595,13.38656,0.735998,0.721147,,1.0,0.0
0.7,64,4,license_plate_bahnschrift.ttf,VJNKYFDZICRAQLPMWHGESOUXBT,0,11,1,0.595,13.38656,0.735998,0.721147,MAYERS,0.884615,0.115385
0.8,64,4,license_plate_bahnschrift.ttf,VJNKYFDZICRAQLPMWHGESOUXBT,0,11,0,0.68,14.310835,0.701998,0.674571,WNVPUCRADLMB,0.730769,0.269231
0.8,64,4,license_plate_bahnschrift.ttf,VJNKYFDZICRAQLPMWHGESOUXBT,0,11,1,0.68,14.310835,0.701998,0.674571,,1.0,0.0
0.9,64,4,license_plate_bahnschrift.ttf,VJNKYFDZICRAQLPMWHGESOUXBT,0,11,0,0.765,15.178933,0.668877,0.635992,,1.0,0.0
0.9,64,4,license_plate_bahnschrift.ttf,VJNKYFDZICRAQLPMWHGESOUXBT,0,11,1,0.765,15.178933,0.668877,0.635992,,1.0,0.0
1.0,64,4,license_plate_bahnschrift.ttf,VJNKYFDZICRAQLPMWHGESOUXBT,0,11,0,0.85,16.0,0.63662,0.603355,WAMKYPODCRSBY,0.769231,0.230769
1.0,64,4,license_plate_bahnschrift.ttf,VJNKYFDZICRAQLPMWHGESOUXBT,0,11,1,0.85,16.0,0.63662,0.603355,ONRYEOLIENADLPEY,0.730769,0.269231
0.1,256,4,license_plate_bahnschrift.ttf,VJNKYFDZICRAQLPMWHGESOUXBT,0,11,0,0.085,5.059644,0.959381,1.907975,,1.0,0.0
0.1,256,4,license_plate_bahnschrift.ttf,VJNKYFDZICRAQLPMWHGESOUXBT,0,11,1,0.085,5.059644,0.959381,1.907975,,1.0,0.0
0.2,256,4,license_plate_bahnschrift.ttf,VJNKYFDZICRAQLPMWHGESOUXBT,0,11,0,0.17,7.155418,0.919759,1.349142,WWAE,0.923077,0.076923
0.2,256,4,license_plate_bahnschrift.ttf,VJNKYFDZICRAQLPMWHGESOUXBT,0,11,1,0.17,7.155418,0.919759,1.349142,SWYPLL,0.923077,0.076923
0.3,256,4,license_plate_bahnschrift.ttf,VJNKYFDZICRAQLPMWHGESOUXBT,0,11,0,0.255,8.763561,0.881116,1.10157,UNPOPUGSLMAGLIMANE,0.807692,0.192308
0.3,256,4,license_plate_bahnschrift.ttf,VJNKYFDZICRAQLPMWHGESOUXBT,0,11,1,0.255,8.763561,0.881116,1.10157,PIMEYPUEDSLUMUR,0.846154,0.153846
0.4,256,4,license_plate_bahnschrift.ttf,VJNKYFDZICRAQLPMWHGESOUXBT,0,11,0,0.34,10.119289,0.843436,0.953987,VMEUSHARLMWEET,0.730769,0.269231
0.4,256,4,license_plate_bahnschrift.ttf,VJNKYFDZICRAQLPMWHGESOUXBT,0,11,1,0.34,10.119289,0.843436,0.953987,PAYPAL,0.884615,0.115385
0.5,256,4,license_plate_bahnschrift.ttf,VJNKYFDZICRAQLPMWHGESOUXBT,0,11,0,0.425,11.313708,0.8067,0.853272,VINOYELLITHAGLMAS,0.692308,0.307692
0.5,256,4,license_plate_bahnschrift.ttf,VJNKYFDZICRAQLPMWHGESOUXBT,0,11,1,0.425,11.313708,0.8067,0.853272,VINCENT,0.807692,0.192308
0.6,256,4,license_plate_bahnschrift.ttf,VJNKYFDZICRAQLPMWHGESOUXBT,0,11,0,0.51,12.393547,0.770893,0.778927,VIMAYEULOLR,0.846154,0.153846
0.6,256,4,license_plate_bahnschrift.ttf,VJNKYFDZICRAQLPMWHGESOUXBT,0,11,1,0.51,12.393547,0.770893,0.778927,VINAYEULDLMASLMSREST,0.653846,0.346154
0.7,256,4,license_plate_bahnschrift.ttf,VJNKYFDZICRAQLPMWHGESOUXBT,0,11,0,0.595,13.38656,0.735998,0.721147,WIMRYPDULRACLPMA,0.730769,0.269231
0.7,256,4,license_plate_bahnschrift.ttf,VJNKYFDZICRAQLPMWHGESOUXBT,0,11,1,0.595,13.38656,0.735998,0.721147,VIREYFLLDCMASLPNWEY,0.653846,0.346154
0.8,256,4,license_plate_bahnschrift.ttf,VJNKYFDZICRAQLPMWHGESOUXBT,0,11,0,0.68,14.310835,0.701998,0.674571,VIMAYPURTCHASLPMWRSSBBY,0.615385,0.384615
0.8,256,4,license_plate_bahnschrift.ttf,VJNKYFDZICRAQLPMWHGESOUXBT,0,11,1,0.68,14.310835,0.701998,0.674571,VIWAYPUDCMAOLYNBESOCT,0.653846,0.346154
0.9,256,4,license_plate_bahnschrift.ttf,VJNKYFDZICRAQLPMWHGESOUXBT,0,11,0,0.765,15.178933,0.668877,0.635992,VINAYFQOCRADLMMWESOY,0.5,0.5
0.9,256,4,license_plate_bahnschrift.ttf,VJNKYFDZICRAQLPMWHGESOUXBT,0,11,1,0.765,15.178933,0.668877,0.635992,VIWAYPLCRSOLPNWEST,0.615385,0.384615
1.0,256,4,license_plate_bahnschrift.ttf,VJNKYFDZICRAQLPMWHGESOUXBT,0,11,0,0.85,16.0,0.63662,0.603355,VINEYPRDCHAOLPMESOBT,0.5,0.5
1.0,256,4,license_plate_bahnschrift.ttf,VJNKYFDZICRAQLPMWHGESOUXBT,0,11,1,0.85,16.0,0.63662,0.603355,VINEYPODCRADLPMWESOUEBT,0.384615,0.615385
0.1,1024,4,license_plate_bahnschrift.ttf,VJNKYFDZICRAQLPMWHGESOUXBT,0,11,0,0.085,5.059644,0.959381,1.907975,AUEUDMALP,0.846154,0.153846
0.1,1024,4,license_plate_bahnschrift.ttf,VJNKYFDZICRAQLPMWHGESOUXBT,0,11,1,0.085,5.059644,0.959381,1.907975,VRUPUDMA,0.846154,0.153846
0.2,1024,4,license_plate_bahnschrift.ttf,VJNKYFDZICRAQLPMWHGESOUXBT,0,11,0,0.17,7.155418,0.919759,1.349142,VPLS,0.884615,0.115385
0.2,1024,4,license_plate_bahnschrift.ttf,VJNKYFDZICRAQLPMWHGESOUXBT,0,11,1,0.17,7.155418,0.919759,1.349142,TINAYEUDMAL,0.846154,0.153846
0.3,1024,4,license_plate_bahnschrift.ttf,VJNKYFDZICRAQLPMWHGESOUXBT,0,11,0,0.255,8.763561,0.881116,1.10157,PINAY,0.923077,0.076923
0.3,1024,4,license_plate_bahnschrift.ttf,VJNKYFDZICRAQLPMWHGESOUXBT,0,11,1,0.255,8.763561,0.881116,1.10157,VIRAPUTLMASEM,0.769231,0.230769
0.4,1024,4,license_plate_bahnschrift.ttf,VJNKYFDZICRAQLPMWHGESOUXBT,0,11,0,0.34,10.119289,0.843436,0.953987,VIRAYEULDCMASLYASET,0.730769,0.269231
0.4,1024,4,license_plate_bahnschrift.ttf,VJNKYFDZICRAQLPMWHGESOUXBT,0,11,1,0.34,10.119289,0.843436,0.953987,VIRAYPUDLMASLYMWBS,0.730769,0.269231
0.5,1024,4,license_plate_bahnschrift.ttf,VJNKYFDZICRAQLPMWHGESOUXBT,0,11,0,0.425,11.313708,0.8067,0.853272,VINAYPLLTCMASLPMWSBT,0.538462,0.461538
0.5,1024,4,license_plate_bahnschrift.ttf,VJNKYFDZICRAQLPMWHGESOUXBT,0,11,1,0.425,11.313708,0.8067,0.853272,VINAYPULDCMASLMWS,0.653846,0.346154
0.6,1024,4,license_plate_bahnschrift.ttf,VJNKYFDZICRAQLPMWHGESOUXBT,0,11,0,0.51,12.393547,0.770893,0.778927,VINAYPULDCMAGLPMWSLEEET,0.576923,0.423077
0.6,1024,4,license_plate_bahnschrift.ttf,VJNKYFDZICRAQLPMWHGESOUXBT,0,11,1,0.51,12.393547,0.770893,0.778927,VIRAYPULDCMAOLPMSLEET,0.653846,0.346154
0.7,1024,4,license_plate_bahnschrift.ttf,VJNKYFDZICRAQLPMWHGESOUXBT,0,11,0,0.595,13.38656,0.735998,0.721147,VINAYPULDCHAOLEMWSTET,0.615385,0.384615
0.7,1024,4,license_plate_bahnschrift.ttf,VJNKYFDZICRAQLPMWHGESOUXBT,0,11,1,0.595,13.38656,0.735998,0.721147,VINEYFOLOCHADLPMWST,0.538462,0.461538
0.8,1024,4,license_plate_bahnschrift.ttf,VJNKYFDZICRAQLPMWHGESOUXBT,0,11,0,0.68,14.310835,0.701998,0.674571,VINAYPOLDCHAGLPMWBSIREBT,0.538462,0.461538
0.8,1024,4,license_plate_bahnschrift.ttf,VJNKYFDZICRAQLPMWHGESOUXBT,0,11,1,0.68,14.310835,0.701998,0.674571,VINAYPUDCHAGLEMWESOREBT,0.5,0.5
0.9,1024,4,license_plate_bahnschrift.ttf,VJNKYFDZICRAQLPMWHGESOUXBT,0,11,0,0.765,15.178933,0.668877,0.635992,VINAYPDRLOCRASLPMWESOREBT,0.423077,0.576923
0.9,1024,4,license_plate_bahnschrift.ttf,VJNKYFDZICRAQLPMWHGESOUXBT,0,11,1,0.765,15.178933,0.668877,0.635992,VINAYPDOCHAGLPMWSOREBT,0.461538,0.538462
1.0,1024,4,license_plate_bahnschrift.ttf,VJNKYFDZICRAQLPMWHGESOUXBT,0,11,0,0.85,16.0,0.63662,0.603355,VINEYPROCRAGLPMWEESOEBT,0.423077,0.576923
1.0,1024,4,license_plate_bahnschrift.ttf,VJNKYFDZICRAQLPMWHGESOUXBT,0,11,1,0.85,16.0,0.63662,0.603355,VINEYPODCRAGLPMWESOEBT,0.423077,0.576923
0.1,4096,4,license_plate_bahnschrift.ttf,VJNKYFDZICRAQLPMWHGESOUXBT,0,11,0,0.085,5.059644,0.959381,1.907975,SORYPUDMALB,0.846154,0.153846
0.1,4096,4,license_plate_bahnschrift.ttf,VJNKYFDZICRAQLPMWHGESOUXBT,0,11,1,0.085,5.059644,0.959381,1.907975,TOAYPULDL,0.884615,0.115385
0.2,4096,4,license_plate_bahnschrift.ttf,VJNKYFDZICRAQLPMWHGESOUXBT,0,11,0,0.17,7.155418,0.919759,1.349142,FORCED,0.884615,0.115385
0.2,4096,4,license_plate_bahnschrift.ttf,VJNKYFDZICRAQLPMWHGESOUXBT,0,11,1,0.17,7.155418,0.919759,1.349142,TIRCPUDMAL,0.884615,0.115385
0.3,4096,4,license_plate_bahnschrift.ttf,VJNKYFDZICRAQLPMWHGESOUXBT,0,11,0,0.255,8.763561,0.881116,1.10157,PRAYED,0.884615,0.115385
0.3,4096,4,license_plate_bahnschrift.ttf,VJNKYFDZICRAQLPMWHGESOUXBT,0,11,1,0.255,8.763561,0.881116,1.10157,VIMAYPULMALPNWB,0.730769,0.269231
0.4,4096,4,license_plate_bahnschrift.ttf,VJNKYFDZICRAQLPMWHGESOUXBT,0,11,0,0.34,10.119289,0.843436,0.953987,VINAYPULDLMASLYMWBS,0.692308,0.307692
0.4,4096,4,license_plate_bahnschrift.ttf,VJNKYFDZICRAQLPMWHGESOUXBT,0,11,1,0.34,10.119289,0.843436,0.953987,VIRAYPULDCMASLYMWS,0.692308,0.307692
0.5,4096,4,license_plate_bahnschrift.ttf,VJNKYFDZICRAQLPMWHGESOUXBT,0,11,0,0.425,11.313708,0.8067,0.853272,VIMAYPULICMASLPMWS,0.615385,0.384615
0.5,4096,4,license_plate_bahnschrift.ttf,VJNKYFDZICRAQLPMWHGESOUXBT,0,11,1,0.425,11.313708,0.8067,0.853272,VINAYPULDCMASLPNWSET,0.615385,0.384615
0.6,4096,4,license_plate_bahnschrift.ttf,VJNKYFDZICRAQLPMWHGESOUXBT,0,11,0,0.51,12.393547,0.770893,0.778927,VINAYPULDCMASLPMMESLREBT,0.538462,0.461538
0.6,4096,4,license_plate_bahnschrift.ttf,VJNKYFDZICRAQLPMWHGESOUXBT,0,11,1,0.51,12.393547,0.770893,0.778927,VINAYPULDCMASLPMWSUEBT,0.5,0.5
0.7,4096,4,license_plate_bahnschrift.ttf,VJNKYFDZICRAQLPMWHGESOUXBT,0,11,0,0.595,13.38656,0.735998,0.721147,VINAYELLOCHARLEMWSONEBT,0.538462,0.461538
0.7,4096,4,license_plate_bahnschrift.ttf,VJNKYFDZICRAQLPMWHGESOUXBT,0,11,1,0.595,13.38656,0.735998,0.721147,VINEYEODCHASLPNWS,0.653846,0.346154
0.8,4096,4,license_plate_bahnschrift.ttf,VJNKYFDZICRAQLPMWHGESOUXBT,0,11,0,0.68,14.310835,0.701998,0.674571,VINEYPLLDCHAGLEMWESOEBT,0.5,0.5
0.8,4096,4,license_plate_bahnschrift.ttf,VJNKYFDZICRAQLPMWHGESOUXBT,0,11,1,0.68,14.310835,0.701998,0.674571,VINAYPOLDCHAGLEMWEESOEBT,0.5,0.5
0.9,4096,4,license_plate_bahnschrift.ttf,VJNKYFDZICRAQLPMWHGESOUXBT,0,11,0,0.765,15.178933,0.668877,0.635992,VINEYERLOCRASLPMWSOBT,0.461538,0.538462
0.9,4096,4,license_plate_bahnschrift.ttf,VJNKYFDZICRAQLPMWHGESOUXBT,0,11,1,0.765,15.178933,0.668877,0.635992,VINAYEDLOCHAGLPMWEESOREBT,0.423077,0.576923
1.0,4096,4,license_plate_bahnschrift.ttf,VJNKYFDZICRAQLPMWHGESOUXBT,0,11,0,0.85,16.0,0.63662,0.603355,VINAYEOLDCHAGLPMWEESOUEBT,0.423077,0.576923
1.0,4096,4,license_plate_bahnschrift.ttf,VJNKYFDZICRAQLPMWHGESOUXBT,0,11,1,0.85,16.0,0.63662,0.603355,VINEYPOLOCHAGLPMWEESOUEBT,0.423077,0.576923
0.1,16384,4,license_plate_bahnschrift.ttf,VJNKYFDZICRAQLPMWHGESOUXBT,0,11,0,0.085,5.059644,0.959381,1.907975,TORPUDML,0.884615,0.115385
0.1,16384,4,license_plate_bahnschrift.ttf,VJNKYFDZICRAQLPMWHGESOUXBT,0,11,1,0.085,5.059644,0.959381,1.907975,VORCPUDML,0.846154,0.153846
0.2,16384,4,license_plate_bahnschrift.ttf,VJNKYFDZICRAQLPMWHGESOUXBT,0,11,0,0.17,7.155418,0.919759,1.349142,VORP,0.884615,0.115385
0.2,16384,4,license_plate_bahnschrift.ttf,VJNKYFDZICRAQLPMWHGESOUXBT,0,11,1,0.17,7.155418,0.919759,1.349142,VINCE,0.846154,0.153846
0.3,16384,4,license_plate_bahnschrift.ttf,VJNKYFDZICRAQLPMWHGESOUXBT,0,11,0,0.255,8.763561,0.881116,1.10157,VIMAYPULDUALSLE,0.807692,0.192308
0.3,16384,4,license_plate_bahnschrift.ttf,VJNKYFDZICRAQLPMWHGESOUXBT,0,11,1,0.255,8.763561,0.881116,1.10157,VIMAYPULDLMLMWBS,0.769231,0.230769
0.4,16384,4,license_plate_bahnschrift.ttf,VJNKYFDZICRAQLPMWHGESOUXBT,0,11,0,0.34,10.119289,0.843436,0.953987,VIRAYPULDMALNBSEET,0.769231,0.230769
0.4,16384,4,license_plate_bahnschrift.ttf,VJNKYFDZICRAQLPMWHGESOUXBT,0,11,1,0.34,10.119289,0.843436,0.953987,VIRAYPUDMALNWST,0.730769,0.269231
0.5,16384,4,license_plate_bahnschrift.ttf,VJNKYFDZICRAQLPMWHGESOUXBT,0,11,0,0.425,11.313708,0.8067,0.853272,VINAYPULDCMALMWST,0.615385,0.384615
0.5,16384,4,license_plate_bahnschrift.ttf,VJNKYFDZICRAQLPMWHGESOUXBT,0,11,1,0.425,11.313708,0.8067,0.853272,VINAYEULDCMASLPMWSERT,0.576923,0.423077
0.6,16384,4,license_plate_bahnschrift.ttf,VJNKYFDZICRAQLPMWHGESOUXBT,0,11,0,0.51,12.393547,0.770893,0.778927,VINAYPULDCMASLPMWESEREET,0.538462,0.461538
0.6,16384,4,license_plate_bahnschrift.ttf,VJNKYFDZICRAQLPMWHGESOUXBT,0,11,1,0.51,12.393547,0.770893,0.778927,VINAYPUDCMAGLPMWSEREBT,0.538462,0.461538
0.7,16384,4,license_plate_bahnschrift.ttf,VJNKYFDZICRAQLPMWHGESOUXBT,0,11,0,0.595,13.38656,0.735998,0.721147,VINAYEULOCHASLPMWBSET,0.576923,0.423077
0.7,16384,4,license_plate_bahnschrift.ttf,VJNKYFDZICRAQLPMWHGESOUXBT,0,11,1,0.595,13.38656,0.735998,0.721147,VINAYELLCHASLEMWESUREBT,0.538462,0.461538
0.8,16384,4,license_plate_bahnschrift.ttf,VJNKYFDZICRAQLPMWHGESOUXBT,0,11,0,0.68,14.310835,0.701998,0.674571,VINAYPOLDCHAGLEMWESOEBT,0.5,0.5
0.8,16384,4,license_plate_bahnschrift.ttf,VJNKYFDZICRAQLPMWHGESOUXBT,0,11,1,0.68,14.310835,0.701998,0.674571,VINAYPOLDCHAGLPMWESOREBT,0.461538,0.538462
0.9,16384,4,license_plate_bahnschrift.ttf,VJNKYFDZICRAQLPMWHGESOUXBT,0,11,0,0.765,15.178933,0.668877,0.635992,VINEYEDOCHAGLPMWEESOREBT,0.423077,0.576923
0.9,16384,4,license_plate_bahnschrift.ttf,VJNKYFDZICRAQLPMWHGESOUXBT,0,11,1,0.765,15.178933,0.668877,0.635992,VINAYEDLOCHAGLPMWESOUEBT,0.384615,0.615385
1.0,16384,4,license_plate_bahnschrift.ttf,VJNKYFDZICRAQLPMWHGESOUXBT,0,11,0,0.85,16.0,0.63662,0.603355,VINEYEOLDCHAGLPMWESESOUEBT,0.423077,0.576923
1.0,16384,4,license_plate_bahnschrift.ttf,VJNKYFDZICRAQLPMWHGESOUXBT,0,11,1,0.85,16.0,0.63662,0.603355,VINEYEOLDOCHADLPMWESESOUEBT,0.461538,0.538462
0.1,65536,4,license_plate_bahnschrift.ttf,VJNKYFDZICRAQLPMWHGESOUXBT,0,11,0,0.085,5.059644,0.959381,1.907975,VORPUDMB,0.846154,0.153846
0.1,65536,4,license_plate_bahnschrift.ttf,VJNKYFDZICRAQLPMWHGESOUXBT,0,11,1,0.085,5.059644,0.959381,1.907975,VORPUSDMLB,0.807692,0.192308
0.2,65536,4,license_plate_bahnschrift.ttf,VJNKYFDZICRAQLPMWHGESOUXBT,0,11,0,0.17,7.155418,0.919759,1.349142,VORP,0.884615,0.115385
0.2,65536,4,license_plate_bahnschrift.ttf,VJNKYFDZICRAQLPMWHGESOUXBT,0,11,1,0.17,7.155418,0.919759,1.349142,VORP,0.884615,0.115385
0.3,65536,4,license_plate_bahnschrift.ttf,VJNKYFDZICRAQLPMWHGESOUXBT,0,11,0,0.255,8.763561,0.881116,1.10157,VIRAYPUDAS,0.769231,0.230769
0.3,65536,4,license_plate_bahnschrift.ttf,VJNKYFDZICRAQLPMWHGESOUXBT,0,11,1,0.255,8.763561,0.881116,1.10157,VIRAYPUDLS,0.769231,0.230769
0.4,65536,4,license_plate_bahnschrift.ttf,VJNKYFDZICRAQLPMWHGESOUXBT,0,11,0,0.34,10.119289,0.843436,0.953987,VIRAYPULDLMASLYNWS,0.769231,0.230769
0.4,65536,4,license_plate_bahnschrift.ttf,VJNKYFDZICRAQLPMWHGESOUXBT,0,11,1,0.34,10.119289,0.843436,0.953987,VIRAYPULDMASLYNWSEB,0.730769,0.269231
0.5,65536,4,license_plate_bahnschrift.ttf,VJNKYFDZICRAQLPMWHGESOUXBT,0,11,0,0.425,11.313708,0.8067,0.853272,VINAYEULDCMASLPMWSET,0.576923,0.423077
0.5,65536,4,license_plate_bahnschrift.ttf,VJNKYFDZICRAQLPMWHGESOUXBT,0,11,1,0.425,11.313708,0.8067,0.853272,VINAYPULDCMASLPNWSEET,0.615385,0.384615
0.6,65536,4,license_plate_bahnschrift.ttf,VJNKYFDZICRAQLPMWHGESOUXBT,0,11,0,0.51,12.393547,0.770893,0.778927,VINAYPULDCMASLPMWSUREBT,0.538462,0.461538
0.6,65536,4,license_plate_bahnschrift.ttf,VJNKYFDZICRAQLPMWHGESOUXBT,0,11,1,0.51,12.393547,0.770893,0.778927,VINAYPUDCMASLYMWSEREET,0.615385,0.384615
0.7,65536,4,license_plate_bahnschrift.ttf,VJNKYFDZICRAQLPMWHGESOUXBT,0,11,0,0.595,13.38656,0.735998,0.721147,VINEYEULCHASLEMWESOREBT,0.5,0.5
0.7,65536,4,license_plate_bahnschrift.ttf,VJNKYFDZICRAQLPMWHGESOUXBT,0,11,1,0.595,13.38656,0.735998,0.721147,VINAYEULOCHARLEMWSOREBT,0.538462,0.461538
0.8,65536,4,license_plate_bahnschrift.ttf,VJNKYFDZICRAQLPMWHGESOUXBT,0,11,0,0.68,14.310835,0.701998,0.674571,VINAYPULDCHAGLEMWESOEBT,0.5,0.5
0.8,65536,4,license_plate_bahnschrift.ttf,VJNKYFDZICRAQLPMWHGESOUXBT,0,11,1,0.68,14.310835,0.701998,0.674571,VINAYPULOCHAGLPMWEESOREBT,0.461538,0.538462
0.9,65536,4,license_plate_bahnschrift.ttf,VJNKYFDZICRAQLPMWHGESOUXBT,0,11,0,0.765,15.178933,0.668877,0.635992,VINEYEDLOCHAGLPMWEESOUEBT,0.384615,0.615385
0.9,65536,4,license_plate_bahnschrift.ttf,VJNKYFDZICRAQLPMWHGESOUXBT,0,11,1,0.765,15.178933,0.668877,0.635992,VINAYEOOCHAGLPMWESOUEBT,0.423077,0.576923
1.0,65536,4,license_plate_bahnschrift.ttf,VJNKYFDZICRAQLPMWHGESOUXBT,0,11,0,0.85,16.0,0.63662,0.603355,VINAYPOLDCHAGLPMWEESOUEBT,0.423077,0.576923
1.0,65536,4,license_plate_bahnschrift.ttf,VJNKYFDZICRAQLPMWHGESOUXBT,0,11,1,0.85,16.0,0.63662,0.603355,VINAYEODCHAGLPMWEESOUEBT,0.423077,0.576923
0.1,4,4,license_plate_bahnschrift.ttf,VJNKYFDZICRAQLPMWHGESOUXBT,0,15,0,0.085,5.059644,0.959381,1.907975,,1.0,0.0
0.1,4,4,license_plate_bahnschrift.ttf,VJNKYFDZICRAQLPMWHGESOUXBT,0,15,1,0.085,5.059644,0.959381,1.907975,,1.0,0.0
0.2,4,4,license_plate_bahnschrift.ttf,VJNKYFDZICRAQLPMWHGESOUXBT,0,15,0,0.17,7.155418,0.919759,1.349142,AS,0.923077,0.076923
0.2,4,4,license_plate_bahnschrift.ttf,VJNKYFDZICRAQLPMWHGESOUXBT,0,15,1,0.17,7.155418,0.919759,1.349142,,1.0,0.0
0.3,4,4,license_plate_bahnschrift.ttf,VJNKYFDZICRAQLPMWHGESOUXBT,0,15,0,0.255,8.763561,0.881116,1.10157,,1.0,0.0
0.3,4,4,license_plate_bahnschrift.ttf,VJNKYFDZICRAQLPMWHGESOUXBT,0,15,1,0.255,8.763561,0.881116,1.10157,PEOUSET,0.807692,0.192308
0.4,4,4,license_plate_bahnschrift.ttf,VJNKYFDZICRAQLPMWHGESOUXBT,0,15,0,0.34,10.119289,0.843436,0.953987,,1.0,0.0
0.4,4,4,license_plate_bahnschrift.ttf,VJNKYFDZICRAQLPMWHGESOUXBT,0,15,1,0.34,10.119289,0.843436,0.953987,,1.0,0.0
0.5,4,4,license_plate_bahnschrift.ttf,VJNKYFDZICRAQLPMWHGESOUXBT,0,15,0,0.425,11.313708,0.8067,0.853272,,1.0,0.0
0.5,4,4,license_plate_bahnschrift.ttf,VJNKYFDZICRAQLPMWHGESOUXBT,0,15,1,0.425,11.313708,0.8067,0.853272,RERSESEM,0.884615,0.115385
0.6,4,4,license_plate_bahnschrift.ttf,VJNKYFDZICRAQLPMWHGESOUXBT,0,15,0,0.51,12.393547,0.770893,0.778927,SAYS,0.923077,0.076923
0.6,4,4,license_plate_bahnschrift.ttf,VJNKYFDZICRAQLPMWHGESOUXBT,0,15,1,0.51,12.393547,0.770893,0.778927,SINSBS,0.884615,0.115385
0.7,4,4,license_plate_bahnschrift.ttf,VJNKYFDZICRAQLPMWHGESOUXBT,0,15,0,0.595,13.38656,0.735998,0.721147,,1.0,0.0
0.7,4,4,license_plate_bahnschrift.ttf,VJNKYFDZICRAQLPMWHGESOUXBT,0,15,1,0.595,13.38656,0.735998,0.721147,,1.0,0.0
0.8,4,4,license_plate_bahnschrift.ttf,VJNKYFDZICRAQLPMWHGESOUXBT,0,15,0,0.68,14.310835,0.701998,0.674571,STC,0.961538,0.038462
0.8,4,4,license_plate_bahnschrift.ttf,VJNKYFDZICRAQLPMWHGESOUXBT,0,15,1,0.68,14.310835,0.701998,0.674571,,1.0,0.0
0.9,4,4,license_plate_bahnschrift.ttf,VJNKYFDZICRAQLPMWHGESOUXBT,0,15,0,0.765,15.178933,0.668877,0.635992,,1.0,0.0
0.9,4,4,license_plate_bahnschrift.ttf,VJNKYFDZICRAQLPMWHGESOUXBT,0,15,1,0.765,15.178933,0.668877,0.635992,PO,0.923077,0.076923
1.0,4,4,license_plate_bahnschrift.ttf,VJNKYFDZICRAQLPMWHGESOUXBT,0,15,0,0.85,16.0,0.63662,0.603355,WAL,0.923077,0.076923
1.0,4,4,license_plate_bahnschrift.ttf,VJNKYFDZICRAQLPMWHGESOUXBT,0,15,1,0.85,16.0,0.63662,0.603355,C,0.961538,0.038462
0.1,16,4,license_plate_bahnschrift.ttf,VJNKYFDZICRAQLPMWHGESOUXBT,0,15,0,0.085,5.059644,0.959381,1.907975,PFL,0.923077,0.076923
0.1,16,4,license_plate_bahnschrift.ttf,VJNKYFDZICRAQLPMWHGESOUXBT,0,15,1,0.085,5.059644,0.959381,1.907975,PEER,0.923077,0.076923
0.2,16,4,license_plate_bahnschrift.ttf,VJNKYFDZICRAQLPMWHGESOUXBT,0,15,0,0.17,7.155418,0.919759,1.349142,MREHRSBSS,0.884615,0.115385
0.2,16,4,license_plate_bahnschrift.ttf,VJNKYFDZICRAQLPMWHGESOUXBT,0,15,1,0.17,7.155418,0.919759,1.349142,TAREE,0.923077,0.076923
0.3,16,4,license_plate_bahnschrift.ttf,VJNKYFDZICRAQLPMWHGESOUXBT,0,15,0,0.255,8.763561,0.881116,1.10157,SSSESAO,0.923077,0.076923
0.3,16,4,license_plate_bahnschrift.ttf,VJNKYFDZICRAQLPMWHGESOUXBT,0,15,1,0.255,8.763561,0.881116,1.10157,BEI,0.961538,0.038462
0.4,16,4,license_plate_bahnschrift.ttf,VJNKYFDZICRAQLPMWHGESOUXBT,0,15,0,0.34,10.119289,0.843436,0.953987,,1.0,0.0
0.4,16,4,license_plate_bahnschrift.ttf,VJNKYFDZICRAQLPMWHGESOUXBT,0,15,1,0.34,10.119289,0.843436,0.953987,,1.0,0.0
0.5,16,4,license_plate_bahnschrift.ttf,VJNKYFDZICRAQLPMWHGESOUXBT,0,15,0,0.425,11.313708,0.8067,0.853272,,1.0,0.0
0.5,16,4,license_plate_bahnschrift.ttf,VJNKYFDZICRAQLPMWHGESOUXBT,0,15,1,0.425,11.313708,0.8067,0.853272,SSCU,0.923077,0.076923
0.6,16,4,license_plate_bahnschrift.ttf,VJNKYFDZICRAQLPMWHGESOUXBT,0,15,0,0.51,12.393547,0.770893,0.778927,,1.0,0.0
0.6,16,4,license_plate_bahnschrift.ttf,VJNKYFDZICRAQLPMWHGESOUXBT,0,15,1,0.51,12.393547,0.770893,0.778927,,1.0,0.0
0.7,16,4,license_plate_bahnschrift.ttf,VJNKYFDZICRAQLPMWHGESOUXBT,0,15,0,0.595,13.38656,0.735998,0.721147,E,0.961538,0.038462
0.7,16,4,license_plate_bahnschrift.ttf,VJNKYFDZICRAQLPMWHGESOUXBT,0,15,1,0.595,13.38656,0.735998,0.721147,GN,0.961538,0.038462
0.8,16,4,license_plate_bahnschrift.ttf,VJNKYFDZICRAQLPMWHGESOUXBT,0,15,0,0.68,14.310835,0.701998,0.674571,,1.0,0.0
0.8,16,4,license_plate_bahnschrift.ttf,VJNKYFDZICRAQLPMWHGESOUXBT,0,15,1,0.68,14.310835,0.701998,0.674571,,1.0,0.0
0.9,16,4,license_plate_bahnschrift.ttf,VJNKYFDZICRAQLPMWHGESOUXBT,0,15,0,0.765,15.178933,0.668877,0.635992,MGAA,0.923077,0.076923
0.9,16,4,license_plate_bahnschrift.ttf,VJNKYFDZICRAQLPMWHGESOUXBT,0,15,1,0.765,15.178933,0.668877,0.635992,,1.0,0.0
1.0,16,4,license_plate_bahnschrift.ttf,VJNKYFDZICRAQLPMWHGESOUXBT,0,15,0,0.85,16.0,0.63662,0.603355,,1.0,0.0
1.0,16,4,license_plate_bahnschrift.ttf,VJNKYFDZICRAQLPMWHGESOUXBT,0,15,1,0.85,16.0,0.63662,0.603355,,1.0,0.0
0.1,64,4,license_plate_bahnschrift.ttf,VJNKYFDZICRAQLPMWHGESOUXBT,0,15,0,0.085,5.059644,0.959381,1.907975,SGRGOWAPF,0.884615,0.115385
0.1,64,4,license_plate_bahnschrift.ttf,VJNKYFDZICRAQLPMWHGESOUXBT,0,15,1,0.085,5.059644,0.959381,1.907975,,1.0,0.0
0.2,64,4,license_plate_bahnschrift.ttf,VJNKYFDZICRAQLPMWHGESOUXBT,0,15,0,0.17,7.155418,0.919759,1.349142,SOMEBLY,0.923077,0.076923
0.2,64,4,license_plate_bahnschrift.ttf,VJNKYFDZICRAQLPMWHGESOUXBT,0,15,1,0.17,7.155418,0.919759,1.349142,,1.0,0.0
0.3,64,4,license_plate_bahnschrift.ttf,VJNKYFDZICRAQLPMWHGESOUXBT,0,15,0,0.255,8.763561,0.881116,1.10157,,1.0,0.0
0.3,64,4,license_plate_bahnschrift.ttf,VJNKYFDZICRAQLPMWHGESOUXBT,0,15,1,0.255,8.763561,0.881116,1.10157,,1.0,0.0
0.4,64,4,license_plate_bahnschrift.ttf,VJNKYFDZICRAQLPMWHGESOUXBT,0,15,0,0.34,10.119289,0.843436,0.953987,,1.0,0.0
0.4,64,4,license_plate_bahnschrift.ttf,VJNKYFDZICRAQLPMWHGESOUXBT,0,15,1,0.34,10.119289,0.843436,0.953987,,1.0,0.0
0.5,64,4,license_plate_bahnschrift.ttf,VJNKYFDZICRAQLPMWHGESOUXBT,0,15,0,0.425,11.313708,0.8067,0.853272,ROGN,0.923077,0.076923
0.5,64,4,license_plate_bahnschrift.ttf,VJNKYFDZICRAQLPMWHGESOUXBT,0,15,1,0.425,11.313708,0.8067,0.853272,,1.0,0.0
0.6,64,4,license_plate_bahnschrift.ttf,VJNKYFDZICRAQLPMWHGESOUXBT,0,15,0,0.51,12.393547,0.770893,0.778927,EMTS,0.923077,0.076923
0.6,64,4,license_plate_bahnschrift.ttf,VJNKYFDZICRAQLPMWHGESOUXBT,0,15,1,0.51,12.393547,0.770893,0.778927,VUNAAINIERASLPPDTEDZEST,0.653846,0.346154
0.7,64,4,license_plate_bahnschrift.ttf,VJNKYFDZICRAQLPMWHGESOUXBT,0,15,0,0.595,13.38656,0.735998,0.721147,,1.0,0.0
0.7,64,4,license_plate_bahnschrift.ttf,VJNKYFDZICRAQLPMWHGESOUXBT,0,15,1,0.595,13.38656,0.735998,0.721147,,1.0,0.0
0.8,64,4,license_plate_bahnschrift.ttf,VJNKYFDZICRAQLPMWHGESOUXBT,0,15,0,0.68,14.310835,0.701998,0.674571,VIMRATORSPADLEMMOLSOALET,0.730769,0.269231
0.8,64,4,license_plate_bahnschrift.ttf,VJNKYFDZICRAQLPMWHGESOUXBT,0,15,1,0.68,14.310835,0.701998,0.674571,,1.0,0.0
0.9,64,4,license_plate_bahnschrift.ttf,VJNKYFDZICRAQLPMWHGESOUXBT,0,15,0,0.765,15.178933,0.668877,0.635992,,1.0,0.0
0.9,64,4,license_plate_bahnschrift.ttf,VJNKYFDZICRAQLPMWHGESOUXBT,0,15,1,0.765,15.178933,0.668877,0.635992,,1.0,0.0
1.0,64,4,license_plate_bahnschrift.ttf,VJNKYFDZICRAQLPMWHGESOUXBT,0,15,0,0.85,16.0,0.63662,0.603355,,1.0,0.0
1.0,64,4,license_plate_bahnschrift.ttf,VJNKYFDZICRAQLPMWHGESOUXBT,0,15,1,0.85,16.0,0.63662,0.603355,,1.0,0.0
0.1,256,4,license_plate_bahnschrift.ttf,VJNKYFDZICRAQLPMWHGESOUXBT,0,15,0,0.085,5.059644,0.959381,1.907975,,1.0,0.0
0.1,256,4,license_plate_bahnschrift.ttf,VJNKYFDZICRAQLPMWHGESOUXBT,0,15,1,0.085,5.059644,0.959381,1.907975,,1.0,0.0
0.2,256,4,license_plate_bahnschrift.ttf,VJNKYFDZICRAQLPMWHGESOUXBT,0,15,0,0.17,7.155418,0.919759,1.349142,AMATOG,0.884615,0.115385
0.2,256,4,license_plate_bahnschrift.ttf,VJNKYFDZICRAQLPMWHGESOUXBT,0,15,1,0.17,7.155418,0.919759,1.349142,MAMUODTASLVAGSDOUEET,0.730769,0.269231
0.3,256,4,license_plate_bahnschrift.ttf,VJNKYFDZICRAQLPMWHGESOUXBT,0,15,0,0.255,8.763561,0.881116,1.10157,WMAATBOTRASUNAGU,0.846154,0.153846
0.3,256,4,license_plate_bahnschrift.ttf,VJNKYFDZICRAQLPMWHGESOUXBT,0,15,1,0.255,8.763561,0.881116,1.10157,VANATTUOLRASUNAGCLOT,0.730769,0.269231
0.4,256,4,license_plate_bahnschrift.ttf,VJNKYFDZICRAQLPMWHGESOUXBT,0,15,0,0.34,10.119289,0.843436,0.953987,VHRATOOIIASLINAGLOOUEDT,0.692308,0.307692
0.4,256,4,license_plate_bahnschrift.ttf,VJNKYFDZICRAQLPMWHGESOUXBT,0,15,1,0.34,10.119289,0.843436,0.953987,VNATODIRASLIOGLLOLEDT,0.615385,0.384615
0.5,256,4,license_plate_bahnschrift.ttf,VJNKYFDZICRAQLPMWHGESOUXBT,0,15,0,0.425,11.313708,0.8067,0.853272,VNAYERLLEDT,0.730769,0.269231
0.5,256,4,license_plate_bahnschrift.ttf,VJNKYFDZICRAQLPMWHGESOUXBT,0,15,1,0.425,11.313708,0.8067,0.853272,VOHAYTUOOCIASLENWGLLOUEDT,0.615385,0.384615
0.6,256,4,license_plate_bahnschrift.ttf,VJNKYFDZICRAQLPMWHGESOUXBT,0,15,0,0.51,12.393547,0.770893,0.778927,VINPITOOCRAGLPMCOSOLEDT,0.576923,0.423077
0.6,256,4,license_plate_bahnschrift.ttf,VJNKYFDZICRAQLPMWHGESOUXBT,0,15,1,0.51,12.393547,0.770893,0.778927,VNRTODCRASLEMAGOILOUEDT,0.576923,0.423077
0.7,256,4,license_plate_bahnschrift.ttf,VJNKYFDZICRAQLPMWHGESOUXBT,0,15,0,0.595,13.38656,0.735998,0.721147,YINEYTUDRASLPMNHGSEOUST,0.538462,0.461538
0.7,256,4,license_plate_bahnschrift.ttf,VJNKYFDZICRAQLPMWHGESOUXBT,0,15,1,0.595,13.38656,0.735998,0.721147,VINEYTOOCRASLEMAGCSOUEET,0.5,0.5
0.8,256,4,license_plate_bahnschrift.ttf,VJNKYFDZICRAQLPMWHGESOUXBT,0,15,0,0.68,14.310835,0.701998,0.674571,VINEYPTLOCRLADLEMWOGGTSOLEDT,0.576923,0.423077
0.8,256,4,license_plate_bahnschrift.ttf,VJNKYFDZICRAQLPMWHGESOUXBT,0,15,1,0.68,14.310835,0.701998,0.674571,VINEYTODCRASLPAGSOUEDT,0.5,0.5
0.9,256,4,license_plate_bahnschrift.ttf,VJNKYFDZICRAQLPMWHGESOUXBT,0,15,0,0.765,15.178933,0.668877,0.635992,VINEYTOLDCRASLIMWGESOUEDT,0.423077,0.576923
0.9,256,4,license_plate_bahnschrift.ttf,VJNKYFDZICRAQLPMWHGESOUXBT,0,15,1,0.765,15.178933,0.668877,0.635992,VINEYTCLOCRASLIMWNESOUET,0.461538,0.538462
1.0,256,4,license_plate_bahnschrift.ttf,VJNKYFDZICRAQLPMWHGESOUXBT,0,15,0,0.85,16.0,0.63662,0.603355,VINEYTODCRASLIMWOSESOLEDT,0.5,0.5
1.0,256,4,license_plate_bahnschrift.ttf,VJNKYFDZICRAQLPMWHGESOUXBT,0,15,1,0.85,16.0,0.63662,0.603355,VINEYTODCRASLPMWCTSOUEDT,0.461538,0.538462
0.1,1024,4,license_plate_bahnschrift.ttf,VJNKYFDZICRAQLPMWHGESOUXBT,0,15,0,0.085,5.059644,0.959381,1.907975,VRATOOIEAILGIEOT,0.730769,0.269231
0.1,1024,4,license_plate_bahnschrift.ttf,VJNKYFDZICRAQLPMWHGESOUXBT,0,15,1,0.085,5.059644,0.959381,1.907975,VAHQTOOIRACLCLOULEOT,0.692308,0.307692
0.2,1024,4,license_plate_bahnschrift.ttf,VJNKYFDZICRAQLPMWHGESOUXBT,0,15,0,0.17,7.155418,0.919759,1.349142,VHATODIMACLPNACLICRLEDT,0.730769,0.269231
0.2,1024,4,license_plate_bahnschrift.ttf,VJNKYFDZICRAQLPMWHGESOUXBT,0,15,1,0.17,7.155418,0.919759,1.349142,VRTOOIIASLACLSOEDT,0.730769,0.269231
0.3,1024,4,license_plate_bahnschrift.ttf,VJNKYFDZICRAQLPMWHGESOUXBT,0,15,0,0.255,8.763561,0.881116,1.10157,VINAYTOOSPASLNAGOLOLEDT,0.692308,0.307692
0.3,1024,4,license_plate_bahnschrift.ttf,VJNKYFDZICRAQLPMWHGESOUXBT,0,15,1,0.255,8.763561,0.881116,1.10157,VMRITOOIRASLNAGOSOLEDT,0.653846,0.346154
0.4,1024,4,license_plate_bahnschrift.ttf,VJNKYFDZICRAQLPMWHGESOUXBT,0,15,0,0.34,10.119289,0.843436,0.953987,VHRITODOIRASLONAGISOUEDT,0.576923,0.423077
0.4,1024,4,license_plate_bahnschrift.ttf,VJNKYFDZICRAQLPMWHGESOUXBT,0,15,1,0.34,10.119289,0.843436,0.953987,VNRYTOOCRASLENAGLSOLEDT,0.576923,0.423077
0.5,1024,4,license_plate_bahnschrift.ttf,VJNKYFDZICRAQLPMWHGESOUXBT,0,15,0,0.425,11.313708,0.8067,0.853272,VINAYTOOCRASLENWGLSOLEDT,0.538462,0.461538
0.5,1024,4,license_plate_bahnschrift.ttf,VJNKYFDZICRAQLPMWHGESOUXBT,0,15,1,0.425,11.313708,0.8067,0.853272,VANAYTOOOCRASLENAGSSOLEDT,0.576923,0.423077
0.6,1024,4,license_plate_bahnschrift.ttf,VJNKYFDZICRAQLPMWHGESOUXBT,0,15,0,0.51,12.393547,0.770893,0.778927,VINFYTOLOCRASLEMWGLSOUEDT,0.461538,0.538462
0.6,1024,4,license_plate_bahnschrift.ttf,VJNKYFDZICRAQLPMWHGESOUXBT,0,15,1,0.51,12.393547,0.770893,0.778927,VINEYTOOCRASLENGLSOUEDT,0.538462,0.461538
0.7,1024,4,license_plate_bahnschrift.ttf,VJNKYFDZICRAQLPMWHGESOUXBT,0,15,0,0.595,13.38656,0.735998,0.721147,VINAYTOOCRASLIMAGSSOUEDT,0.5,0.5
0.7,1024,4,license_plate_bahnschrift.ttf,VJNKYFDZICRAQLPMWHGESOUXBT,0,15,1,0.595,13.38656,0.735998,0.721147,VINEYTOLDOCRASLEMAPOSSOLEDT,0.615385,0.384615
0.8,1024,4,license_plate_bahnschrift.ttf,VJNKYFDZICRAQLPMWHGESOUXBT,0,15,0,0.68,14.310835,0.701998,0.674571,VINEYTOLDCRASLIPMMOGESOUEDT,0.461538,0.538462
0.8,1024,4,license_plate_bahnschrift.ttf,VJNKYFDZICRAQLPMWHGESOUXBT,0,15,1,0.68,14.310835,0.701998,0.674571,VINEYTOLDCRASLEMWOGESOUEDT,0.423077,0.576923
0.9,1024,4,license_plate_bahnschrift.ttf,VJNKYFDZICRAQLPMWHGESOUXBT,0,15,0,0.765,15.178933,0.668877,0.635992,VINEYTODCRASLEMWGESOUEBT,0.384615,0.615385
0.9,1024,4,license_plate_bahnschrift.ttf,VJNKYFDZICRAQLPMWHGESOUXBT,0,15,1,0.765,15.178933,0.668877,0.635992,VIMAYTOLCRASLEMWGESOLEDT,0.5,0.5
1.0,1024,4,license_plate_bahnschrift.ttf,VJNKYFDZICRAQLPMWHGESOUXBT,0,15,0,0.85,16.0,0.63662,0.603355,VINEYTODCRASLEMWNGESOUEBT,0.384615,0.615385
1.0,1024,4,license_plate_bahnschrift.ttf,VJNKYFDZICRAQLPMWHGESOUXBT,0,15,1,0.85,16.0,0.63662,0.603355,VINEYTODCRASLEPMMOGESOUEDT,0.461538,0.538462
0.1,4096,4,license_plate_bahnschrift.ttf,VJNKYFDZICRAQLPMWHGESOUXBT,0,15,0,0.085,5.059644,0.959381,1.907975,JAHATOOCRACLUNAGLEOEDT,0.692308,0.307692
0.1,4096,4,license_plate_bahnschrift.ttf,VJNKYFDZICRAQLPMWHGESOUXBT,0,15,1,0.085,5.059644,0.959381,1.907975,JAHATOOCMACLNAGLOEDT,0.730769,0.269231
0.2,4096,4,license_plate_bahnschrift.ttf,VJNKYFDZICRAQLPMWHGESOUXBT,0,15,0,0.17,7.155418,0.919759,1.349142,VMAITOOSPASLNAGLOLEDT,0.769231,0.230769
0.2,4096,4,license_plate_bahnschrift.ttf,VJNKYFDZICRAQLPMWHGESOUXBT,0,15,1,0.17,7.155418,0.919759,1.349142,VMAITOOSPRAOLNAGCLOULEDT,0.730769,0.269231
0.3,4096,4,license_plate_bahnschrift.ttf,VJNKYFDZICRAQLPMWHGESOUXBT,0,15,0,0.255,8.763561,0.881116,1.10157,VMAYTOOIRASLONAGLSOLEDT,0.615385,0.384615
0.3,4096,4,license_plate_bahnschrift.ttf,VJNKYFDZICRAQLPMWHGESOUXBT,0,15,1,0.255,8.763561,0.881116,1.10157,VMAYTOOLPRASLNAGOLOEDT,0.692308,0.307692
0.4,4096,4,license_plate_bahnschrift.ttf,VJNKYFDZICRAQLPMWHGESOUXBT,0,15,0,0.34,10.119289,0.843436,0.953987,VNPAITOOCRASLENAOLSOLEDT,0.653846,0.346154
0.4,4096,4,license_plate_bahnschrift.ttf,VJNKYFDZICRAQLPMWHGESOUXBT,0,15,1,0.34,10.119289,0.843436,0.953987,VONAYTOOCRASLNAGLSOUEDT,0.538462,0.461538
0.5,4096,4,license_plate_bahnschrift.ttf,VJNKYFDZICRAQLPMWHGESOUXBT,0,15,0,0.425,11.313708,0.8067,0.853272,VINEYTODOCPRASLIENAGSSOLEDT,0.615385,0.384615
0.5,4096,4,license_plate_bahnschrift.ttf,VJNKYFDZICRAQLPMWHGESOUXBT,0,15,1,0.425,11.313708,0.8067,0.853272,VINAYTOLOCRASLENAGCSOLEDT,0.576923,0.423077
0.6,4096,4,license_plate_bahnschrift.ttf,VJNKYFDZICRAQLPMWHGESOUXBT,0,15,0,0.51,12.393547,0.770893,0.778927,VINEYTOLDCRASLENGLSOLEDT,0.576923,0.423077
0.6,4096,4,license_plate_bahnschrift.ttf,VJNKYFDZICRAQLPMWHGESOUXBT,0,15,1,0.51,12.393547,0.770893,0.778927,VINAYTOLOCRASLEMWGLSOUEDT,0.461538,0.538462
0.7,4096,4,license_plate_bahnschrift.ttf,VJNKYFDZICRAQLPMWHGESOUXBT,0,15,0,0.595,13.38656,0.735998,0.721147,VINEYTONDOCRASLEMWGESOLLEDT,0.538462,0.461538
0.7,4096,4,license_plate_bahnschrift.ttf,VJNKYFDZICRAQLPMWHGESOUXBT,0,15,1,0.595,13.38656,0.735998,0.721147,VINEYTODOCRASLIMAGSSOUEDT,0.5,0.5
0.8,4096,4,license_plate_bahnschrift.ttf,VJNKYFDZICRAQLPMWHGESOUXBT,0,15,0,0.68,14.310835,0.701998,0.674571,VINEYTOLDCRASLEMWONGESOUEDT,0.461538,0.538462
0.8,4096,4,license_plate_bahnschrift.ttf,VJNKYFDZICRAQLPMWHGESOUXBT,0,15,1,0.68,14.310835,0.701998,0.674571,VINEYTOLDCRASLEMWGESOUEDT,0.423077,0.576923
0.9,4096,4,license_plate_bahnschrift.ttf,VJNKYFDZICRAQLPMWHGESOUXBT,0,15,0,0.765,15.178933,0.668877,0.635992,VINEYTODCRASLEMWESOLEDT,0.5,0.5
0.9,4096,4,license_plate_bahnschrift.ttf,VJNKYFDZICRAQLPMWHGESOUXBT,0,15,1,0.765,15.178933,0.668877,0.635992,VINEYTOLDOCRASLEMWPGESOUEDT,0.461538,0.538462
1.0,4096,4,license_plate_bahnschrift.ttf,VJNKYFDZICRAQLPMWHGESOUXBT,0,15,0,0.85,16.0,0.63662,0.603355,VINEYTODCRASLPMWONESOUEDT,0.423077,0.576923
1.0,4096,4,license_plate_bahnschrift.ttf,VJNKYFDZICRAQLPMWHGESOUXBT,0,15,1,0.85,16.0,0.63662,0.603355,VINEYTOLDCRASLPMWONGESOUEDT,0.423077,0.576923
0.1,16384,4,license_plate_bahnschrift.ttf,VJNKYFDZICRAQLPMWHGESOUXBT,0,15,0,0.085,5.059644,0.959381,1.907975,VAHATOOIERAGLNAGLOOLEDT,0.692308,0.307692
0.1,16384,4,license_plate_bahnschrift.ttf,VJNKYFDZICRAQLPMWHGESOUXBT,0,15,1,0.085,5.059644,0.959381,1.907975,VAHAOTOOIRACLNAGLOGLEDT,0.730769,0.269231
0.2,16384,4,license_plate_bahnschrift.ttf,VJNKYFDZICRAQLPMWHGESOUXBT,0,15,0,0.17,7.155418,0.919759,1.349142,VRATOOIRACLNAGILOLEDT,0.692308,0.307692
0.2,16384,4,license_plate_bahnschrift.ttf,VJNKYFDZICRAQLPMWHGESOUXBT,0,15,1,0.17,7.155418,0.919759,1.349142,VMAITOOSPASLNAGLOLEDT,0.769231,0.230769
0.3,16384,4,license_plate_bahnschrift.ttf,VJNKYFDZICRAQLPMWHGESOUXBT,0,15,0,0.255,8.763561,0.881116,1.10157,VOMAITOOSPASLNAGILOLEDT,0.769231,0.230769
0.3,16384,4,license_plate_bahnschrift.ttf,VJNKYFDZICRAQLPMWHGESOUXBT,0,15,1,0.255,8.763561,0.881116,1.10157,VSMAITOOSPRASLNAGLLOLEDT,0.730769,0.269231
0.4,16384,4,license_plate_bahnschrift.ttf,VJNKYFDZICRAQLPMWHGESOUXBT,0,15,0,0.34,10.119289,0.843436,0.953987,VMPITOOCRASLPNAMGOSOULEDT,0.615385,0.384615
0.4,16384,4,license_plate_bahnschrift.ttf,VJNKYFDZICRAQLPMWHGESOUXBT,0,15,1,0.34,10.119289,0.843436,0.953987,VNRITOOCRASLENAGISOLEDT,0.615385,0.384615
0.5,16384,4,license_plate_bahnschrift.ttf,VJNKYFDZICRAQLPMWHGESOUXBT,0,15,0,0.425,11.313708,0.8067,0.853272,VINAYTOOCRASLENWGSSOUEDT,0.5,0.5
0.5,16384,4,license_plate_bahnschrift.ttf,VJNKYFDZICRAQLPMWHGESOUXBT,0,15,1,0.425,11.313708,0.8067,0.853272,VINAYTODOCRASLINAGCSOLEDT,0.576923,0.423077
0.6,16384,4,license_plate_bahnschrift.ttf,VJNKYFDZICRAQLPMWHGESOUXBT,0,15,0,0.51,12.393547,0.770893,0.778927,VINAYTOLDCRASLENWGLSOUEDT,0.5,0.5
0.6,16384,4,license_plate_bahnschrift.ttf,VJNKYFDZICRAQLPMWHGESOUXBT,0,15,1,0.51,12.393547,0.770893,0.778927,VINAYTOLDCRASLEMWGLSOUEDT,0.461538,0.538462
0.7,16384,4,license_plate_bahnschrift.ttf,VJNKYFDZICRAQLPMWHGESOUXBT,0,15,0,0.595,13.38656,0.735998,0.721147,VINAYTOLDOCRASLEMWGESOLEDT,0.5,0.5
0.7,16384,4,license_plate_bahnschrift.ttf,VJNKYFDZICRAQLPMWHGESOUXBT,0,15,1,0.595,13.38656,0.735998,0.721147,VINAYTOLDOCRASLEMWGESOLEDT,0.5,0.5
0.8,16384,4,license_plate_bahnschrift.ttf,VJNKYFDZICRAQLPMWHGESOUXBT,0,15,0,0.68,14.310835,0.701998,0.674571,VINEYTOLDCRASLIPMWGESOUEDT,0.423077,0.576923
0.8,16384,4,license_plate_bahnschrift.ttf,VJNKYFDZICRAQLPMWHGESOUXBT,0,15,1,0.68,14.310835,0.701998,0.674571,VINEYTOLDCRASLIPMWNGESOUEDT,0.423077,0.576923
0.9,16384,4,license_plate_bahnschrift.ttf,VJNKYFDZICRAQLPMWHGESOUXBT,0,15,0,0.765,15.178933,0.668877,0.635992,VINEYTOLDCRASLEMWESOUEDT,0.461538,0.538462
0.9,16384,4,license_plate_bahnschrift.ttf,VJNKYFDZICRAQLPMWHGESOUXBT,0,15,1,0.765,15.178933,0.668877,0.635992,VINEYTODCRASLIPMWGESOUEDT,0.423077,0.576923
1.0,16384,4,license_plate_bahnschrift.ttf,VJNKYFDZICRAQLPMWHGESOUXBT,0,15,0,0.85,16.0,0.63662,0.603355,VINEYTOLDCRASLPMWNGESOUEDT,0.384615,0.615385
1.0,16384,4,license_plate_bahnschrift.ttf,VJNKYFDZICRAQLPMWHGESOUXBT,0,15,1,0.85,16.0,0.63662,0.603355,VINEYTOLDCRASLPMWESOUEDT,0.423077,0.576923
0.1,65536,4,license_plate_bahnschrift.ttf,VJNKYFDZICRAQLPMWHGESOUXBT,0,15,0,0.085,5.059644,0.959381,1.907975,VAHATOOIERACLNAGCLOULEDT,0.692308,0.307692
0.1,65536,4,license_plate_bahnschrift.ttf,VJNKYFDZICRAQLPMWHGESOUXBT,0,15,1,0.085,5.059644,0.959381,1.907975,VAHATOOIEACLNAGLOUEDT,0.692308,0.307692
0.2,65536,4,license_plate_bahnschrift.ttf,VJNKYFDZICRAQLPMWHGESOUXBT,0,15,0,0.17,7.155418,0.919759,1.349142,VRATOOIPRACLNAGCLIOLEDT,0.730769,0.269231
0.2,65536,4,license_plate_bahnschrift.ttf,VJNKYFDZICRAQLPMWHGESOUXBT,0,15,1,0.17,7.155418,0.919759,1.349142,VMAITOOLPASLNAGLOULEDT,0.769231,0.230769
0.3,65536,4,license_plate_bahnschrift.ttf,VJNKYFDZICRAQLPMWHGESOUXBT,0,15,0,0.255,8.763561,0.881116,1.10157,VSMAITOOSPRASLNAGISOLEDT,0.692308,0.307692
0.3,65536,4,license_plate_bahnschrift.ttf,VJNKYFDZICRAQLPMWHGESOUXBT,0,15,1,0.255,8.763561,0.881116,1.10157,VSMAITOOSPRASLNAGLIOLEDT,0.730769,0.269231
0.4,65536,4,license_plate_bahnschrift.ttf,VJNKYFDZICRAQLPMWHGESOUXBT,0,15,0,0.34,10.119289,0.843436,0.953987,VNPITOOCRASLPNAGISOUEDT,0.538462,0.461538
0.4,65536,4,license_plate_bahnschrift.ttf,VJNKYFDZICRAQLPMWHGESOUXBT,0,15,1,0.34,10.119289,0.843436,0.953987,VWRITOOCPAOLPNAGCLSOLEDT,0.692308,0.307692
0.5,65536,4,license_plate_bahnschrift.ttf,VJNKYFDZICRAQLPMWHGESOUXBT,0,15,0,0.425,11.313708,0.8067,0.853272,VINAYTOOCRASLENWGSSOLEDT,0.538462,0.461538
0.5,65536,4,license_plate_bahnschrift.ttf,VJNKYFDZICRAQLPMWHGESOUXBT,0,15,1,0.425,11.313708,0.8067,0.853272,VINAYTOLOCRASLENWGSSOLEDT,0.538462,0.461538
0.6,65536,4,license_plate_bahnschrift.ttf,VJNKYFDZICRAQLPMWHGESOUXBT,0,15,0,0.51,12.393547,0.770893,0.778927,VINEYTOLDCRASLENGLSOLEDT,0.576923,0.423077
0.6,65536,4,license_plate_bahnschrift.ttf,VJNKYFDZICRAQLPMWHGESOUXBT,0,15,1,0.51,12.393547,0.770893,0.778927,VINAYTOLDCRASLPNGLSOLEDT,0.538462,0.461538
0.7,65536,4,license_plate_bahnschrift.ttf,VJNKYFDZICRAQLPMWHGESOUXBT,0,15,0,0.595,13.38656,0.735998,0.721147,VINAYTOLOCRASLEMWGESOLEDT,0.461538,0.538462
0.7,65536,4,license_plate_bahnschrift.ttf,VJNKYFDZICRAQLPMWHGESOUXBT,0,15,1,0.595,13.38656,0.735998,0.721147,VINAYTOLDOCRASLEMAGESOUEDT,0.5,0.5
0.8,65536,4,license_plate_bahnschrift.ttf,VJNKYFDZICRAQLPMWHGESOUXBT,0,15,0,0.68,14.310835,0.701998,0.674571,VINEYTOLDCRASLIPMWGESOUEDT,0.423077,0.576923
0.8,65536,4,license_plate_bahnschrift.ttf,VJNKYFDZICRAQLPMWHGESOUXBT,0,15,1,0.68,14.310835,0.701998,0.674571,VINEYTOLDCRASLIPMWPGESOUEDT,0.423077,0.576923
0.9,65536,4,license_plate_bahnschrift.ttf,VJNKYFDZICRAQLPMWHGESOUXBT,0,15,0,0.765,15.178933,0.668877,0.635992,VINEYTOLOCRASLEMWTGESOUEDT,0.423077,0.576923
0.9,65536,4,license_plate_bahnschrift.ttf,VJNKYFDZICRAQLPMWHGESOUXBT,0,15,1,0.765,15.178933,0.668877,0.635992,VINEYTODCRASLIPMWESOUEDT,0.461538,0.538462
1.0,65536,4,license_plate_bahnschrift.ttf,VJNKYFDZICRAQLPMWHGESOUXBT,0,15,0,0.85,16.0,0.63662,0.603355,VINEYTOLDCRASLPMWNGESOUEDT,0.384615,0.615385
1.0,65536,4,license_plate_bahnschrift.ttf,VJNKYFDZICRAQLPMWHGESOUXBT,0,15,1,0.85,16.0,0.63662,0.603355,VINEYTOLDCRASLPMWESOUEDT,0.423077,0.576923
0.1,4,4,license_plate_bahnschrift.ttf,VJNKYFDZICRAQLPMWHGESOUXBT,3,0,0,0.085,5.059644,0.959381,1.907975,,1.0,0.0
0.1,4,4,license_plate_bahnschrift.ttf,VJNKYFDZICRAQLPMWHGESOUXBT,3,0,1,0.085,5.059644,0.959381,1.907975,,1.0,0.0
0.2,4,4,license_plate_bahnschrift.ttf,VJNKYFDZICRAQLPMWHGESOUXBT,3,0,0,0.17,7.155418,0.919759,1.349142,SB,0.923077,0.076923
0.2,4,4,license_plate_bahnschrift.ttf,VJNKYFDZICRAQLPMWHGESOUXBT,3,0,1,0.17,7.155418,0.919759,1.349142,,1.0,0.0
0.3,4,4,license_plate_bahnschrift.ttf,VJNKYFDZICRAQLPMWHGESOUXBT,3,0,0,0.255,8.763561,0.881116,1.10157,,1.0,0.0
0.3,4,4,license_plate_bahnschrift.ttf,VJNKYFDZICRAQLPMWHGESOUXBT,3,0,1,0.255,8.763561,0.881116,1.10157,PRECS,0.923077,0.076923
0.4,4,4,license_plate_bahnschrift.ttf,VJNKYFDZICRAQLPMWHGESOUXBT,3,0,0,0.34,10.119289,0.843436,0.953987,,1.0,0.0
0.4,4,4,license_plate_bahnschrift.ttf,VJNKYFDZICRAQLPMWHGESOUXBT,3,0,1,0.34,10.119289,0.843436,0.953987,SP,0.961538,0.038462
0.5,4,4,license_plate_bahnschrift.ttf,VJNKYFDZICRAQLPMWHGESOUXBT,3,0,0,0.425,11.313708,0.8067,0.853272,,1.0,0.0
0.5,4,4,license_plate_bahnschrift.ttf,VJNKYFDZICRAQLPMWHGESOUXBT,3,0,1,0.425,11.313708,0.8067,0.853272,LEMTTRUGLGSTNEY,0.846154,0.153846
0.6,4,4,license_plate_bahnschrift.ttf,VJNKYFDZICRAQLPMWHGESOUXBT,3,0,0,0.51,12.393547,0.770893,0.778927,,1.0,0.0
0.6,4,4,license_plate_bahnschrift.ttf,VJNKYFDZICRAQLPMWHGESOUXBT,3,0,1,0.51,12.393547,0.770893,0.778927,,1.0,0.0
0.7,4,4,license_plate_bahnschrift.ttf,VJNKYFDZICRAQLPMWHGESOUXBT,3,0,0,0.595,13.38656,0.735998,0.721147,,1.0,0.0
0.7,4,4,license_plate_bahnschrift.ttf,VJNKYFDZICRAQLPMWHGESOUXBT,3,0,1,0.595,13.38656,0.735998,0.721147,SS,0.961538,0.038462
0.8,4,4,license_plate_bahnschrift.ttf,VJNKYFDZICRAQLPMWHGESOUXBT,3,0,0,0.68,14.310835,0.701998,0.674571,,1.0,0.0
0.8,4,4,license_plate_bahnschrift.ttf,VJNKYFDZICRAQLPMWHGESOUXBT,3,0,1,0.68,14.310835,0.701998,0.674571,RENTAL,0.884615,0.115385
0.9,4,4,license_plate_bahnschrift.ttf,VJNKYFDZICRAQLPMWHGESOUXBT,3,0,0,0.765,15.178933,0.668877,0.635992,,1.0,0.0
0.9,4,4,license_plate_bahnschrift.ttf,VJNKYFDZICRAQLPMWHGESOUXBT,3,0,1,0.765,15.178933,0.668877,0.635992,NSRMESRP,0.807692,0.192308
1.0,4,4,license_plate_bahnschrift.ttf,VJNKYFDZICRAQLPMWHGESOUXBT,3,0,0,0.85,16.0,0.63662,0.603355,TREMROERIST,0.846154,0.153846
1.0,4,4,license_plate_bahnschrift.ttf,VJNKYFDZICRAQLPMWHGESOUXBT,3,0,1,0.85,16.0,0.63662,0.603355,SMNYTSRSCSA,0.846154,0.153846
0.1,16,4,license_plate_bahnschrift.ttf,VJNKYFDZICRAQLPMWHGESOUXBT,3,0,0,0.085,5.059644,0.959381,1.907975,DARRTOSE,0.884615,0.115385
0.1,16,4,license_plate_bahnschrift.ttf,VJNKYFDZICRAQLPMWHGESOUXBT,3,0,1,0.085,5.059644,0.959381,1.907975,EASAYG,0.923077,0.076923
0.2,16,4,license_plate_bahnschrift.ttf,VJNKYFDZICRAQLPMWHGESOUXBT,3,0,0,0.17,7.155418,0.919759,1.349142,VAPENGERNSPIEE,0.846154,0.153846
0.2,16,4,license_plate_bahnschrift.ttf,VJNKYFDZICRAQLPMWHGESOUXBT,3,0,1,0.17,7.155418,0.919759,1.349142,,1.0,0.0
0.3,16,4,license_plate_bahnschrift.ttf,VJNKYFDZICRAQLPMWHGESOUXBT,3,0,0,0.255,8.763561,0.881116,1.10157,SBPAUSSELER,0.923077,0.076923
0.3,16,4,license_plate_bahnschrift.ttf,VJNKYFDZICRAQLPMWHGESOUXBT,3,0,1,0.255,8.763561,0.881116,1.10157,,1.0,0.0
0.4,16,4,license_plate_bahnschrift.ttf,VJNKYFDZICRAQLPMWHGESOUXBT,3,0,0,0.34,10.119289,0.843436,0.953987,OETSEEEM,0.961538,0.038462
0.4,16,4,license_plate_bahnschrift.ttf,VJNKYFDZICRAQLPMWHGESOUXBT,3,0,1,0.34,10.119289,0.843436,0.953987,PATS,0.923077,0.076923
0.5,16,4,license_plate_bahnschrift.ttf,VJNKYFDZICRAQLPMWHGESOUXBT,3,0,0,0.425,11.313708,0.8067,0.853272,JREO,0.846154,0.153846
0.5,16,4,license_plate_bahnschrift.ttf,VJNKYFDZICRAQLPMWHGESOUXBT,3,0,1,0.425,11.313708,0.8067,0.853272,,1.0,0.0
0.6,16,4,license_plate_bahnschrift.ttf,VJNKYFDZICRAQLPMWHGESOUXBT,3,0,0,0.51,12.393547,0.770893,0.778927,,1.0,0.0
0.6,16,4,license_plate_bahnschrift.ttf,VJNKYFDZICRAQLPMWHGESOUXBT,3,0,1,0.51,12.393547,0.770893,0.778927,,1.0,0.0
0.7,16,4,license_plate_bahnschrift.ttf,VJNKYFDZICRAQLPMWHGESOUXBT,3,0,0,0.595,13.38656,0.735998,0.721147,V,0.961538,0.038462
0.7,16,4,license_plate_bahnschrift.ttf,VJNKYFDZICRAQLPMWHGESOUXBT,3,0,1,0.595,13.38656,0.735998,0.721147,,1.0,0.0
0.8,16,4,license_plate_bahnschrift.ttf,VJNKYFDZICRAQLPMWHGESOUXBT,3,0,0,0.68,14.310835,0.701998,0.674571,SPATELERNSL,0.923077,0.076923
0.8,16,4,license_plate_bahnschrift.ttf,VJNKYFDZICRAQLPMWHGESOUXBT,3,0,1,0.68,14.310835,0.701998,0.674571,,1.0,0.0
0.9,16,4,license_plate_bahnschrift.ttf,VJNKYFDZICRAQLPMWHGESOUXBT,3,0,0,0.765,15.178933,0.668877,0.635992,CTANA,0.923077,0.076923
0.9,16,4,license_plate_bahnschrift.ttf,VJNKYFDZICRAQLPMWHGESOUXBT,3,0,1,0.765,15.178933,0.668877,0.635992,,1.0,0.0
1.0,16,4,license_plate_bahnschrift.ttf,VJNKYFDZICRAQLPMWHGESOUXBT,3,0,0,0.85,16.0,0.63662,0.603355,,1.0,0.0
1.0,16,4,license_plate_bahnschrift.ttf,VJNKYFDZICRAQLPMWHGESOUXBT,3,0,1,0.85,16.0,0.63662,0.603355,,1.0,0.0
0.1,64,4,license_plate_bahnschrift.ttf,VJNKYFDZICRAQLPMWHGESOUXBT,3,0,0,0.085,5.059644,0.959381,1.907975,,1.0,0.0
0.1,64,4,license_plate_bahnschrift.ttf,VJNKYFDZICRAQLPMWHGESOUXBT,3,0,1,0.085,5.059644,0.959381,1.907975,,1.0,0.0
0.2,64,4,license_plate_bahnschrift.ttf,VJNKYFDZICRAQLPMWHGESOUXBT,3,0,0,0.17,7.155418,0.919759,1.349142,WT,0.923077,0.076923
0.2,64,4,license_plate_bahnschrift.ttf,VJNKYFDZICRAQLPMWHGESOUXBT,3,0,1,0.17,7.155418,0.919759,1.349142,,1.0,0.0
0.3,64,4,license_plate_bahnschrift.ttf,VJNKYFDZICRAQLPMWHGESOUXBT,3,0,0,0.255,8.763561,0.881116,1.10157,,1.0,0.0
0.3,64,4,license_plate_bahnschrift.ttf,VJNKYFDZICRAQLPMWHGESOUXBT,3,0,1,0.255,8.763561,0.881116,1.10157,,1.0,0.0
0.4,64,4,license_plate_bahnschrift.ttf,VJNKYFDZICRAQLPMWHGESOUXBT,3,0,0,0.34,10.119289,0.843436,0.953987,,1.0,0.0
0.4,64,4,license_plate_bahnschrift.ttf,VJNKYFDZICRAQLPMWHGESOUXBT,3,0,1,0.34,10.119289,0.843436,0.953987,,1.0,0.0
0.5,64,4,license_plate_bahnschrift.ttf,VJNKYFDZICRAQLPMWHGESOUXBT,3,0,0,0.425,11.313708,0.8067,0.853272,,1.0,0.0
0.5,64,4,license_plate_bahnschrift.ttf,VJNKYFDZICRAQLPMWHGESOUXBT,3,0,1,0.425,11.313708,0.8067,0.853272,PTDWOAT,0.846154,0.153846
0.6,64,4,license_plate_bahnschrift.ttf,VJNKYFDZICRAQLPMWHGESOUXBT,3,0,0,0.51,12.393547,0.770893,0.778927,,1.0,0.0
0.6,64,4,license_plate_bahnschrift.ttf,VJNKYFDZICRAQLPMWHGESOUXBT,3,0,1,0.51,12.393547,0.770893,0.778927,,1.0,0.0
0.7,64,4,license_plate_bahnschrift.ttf,VJNKYFDZICRAQLPMWHGESOUXBT,3,0,0,0.595,13.38656,0.735998,0.721147,,1.0,0.0
0.7,64,4,license_plate_bahnschrift.ttf,VJNKYFDZICRAQLPMWHGESOUXBT,3,0,1,0.595,13.38656,0.735998,0.721147,,1.0,0.0
0.8,64,4,license_plate_bahnschrift.ttf,VJNKYFDZICRAQLPMWHGESOUXBT,3,0,0,0.68,14.310835,0.701998,0.674571,,1.0,0.0
0.8,64,4,license_plate_bahnschrift.ttf,VJNKYFDZICRAQLPMWHGESOUXBT,3,0,1,0.68,14.310835,0.701998,0.674571,,1.0,0.0
0.9,64,4,license_plate_bahnschrift.ttf,VJNKYFDZICRAQLPMWHGESOUXBT,3,0,0,0.765,15.178933,0.668877,0.635992,PAWNTODTIOTEPWRNELADT,0.769231,0.230769
0.9,64,4,license_plate_bahnschrift.ttf,VJNKYFDZICRAQLPMWHGESOUXBT,3,0,1,0.765,15.178933,0.668877,0.635992,VSRASTTOERALESWELOPT,0.692308,0.307692
1.0,64,4,license_plate_bahnschrift.ttf,VJNKYFDZICRAQLPMWHGESOUXBT,3,0,0,0.85,16.0,0.63662,0.603355,,1.0,0.0
1.0,64,4,license_plate_bahnschrift.ttf,VJNKYFDZICRAQLPMWHGESOUXBT,3,0,1,0.85,16.0,0.63662,0.603355,,1.0,0.0
0.1,256,4,license_plate_bahnschrift.ttf,VJNKYFDZICRAQLPMWHGESOUXBT,3,0,0,0.085,5.059644,0.959381,1.907975,,1.0,0.0
0.1,256,4,license_plate_bahnschrift.ttf,VJNKYFDZICRAQLPMWHGESOUXBT,3,0,1,0.085,5.059644,0.959381,1.907975,,1.0,0.0
0.2,256,4,license_plate_bahnschrift.ttf,VJNKYFDZICRAQLPMWHGESOUXBT,3,0,0,0.17,7.155418,0.919759,1.349142,YRTODCL,0.884615,0.115385
0.2,256,4,license_plate_bahnschrift.ttf,VJNKYFDZICRAQLPMWHGESOUXBT,3,0,1,0.17,7.155418,0.919759,1.349142,VRADVLDT,0.846154,0.153846
0.3,256,4,license_plate_bahnschrift.ttf,VJNKYFDZICRAQLPMWHGESOUXBT,3,0,0,0.255,8.763561,0.881116,1.10157,TCALEYGAPUT,0.769231,0.230769
0.3,256,4,license_plate_bahnschrift.ttf,VJNKYFDZICRAQLPMWHGESOUXBT,3,0,1,0.255,8.763561,0.881116,1.10157,TUDCTCILOLMT,0.807692,0.192308
0.4,256,4,license_plate_bahnschrift.ttf,VJNKYFDZICRAQLPMWHGESOUXBT,3,0,0,0.34,10.119289,0.843436,0.953987,WITUOCSVGT,0.884615,0.115385
0.4,256,4,license_plate_bahnschrift.ttf,VJNKYFDZICRAQLPMWHGESOUXBT,3,0,1,0.34,10.119289,0.843436,0.953987,PET,0.884615,0.115385
0.5,256,4,license_plate_bahnschrift.ttf,VJNKYFDZICRAQLPMWHGESOUXBT,3,0,0,0.425,11.313708,0.8067,0.853272,VAAPNTODCRADLSGDSOLODT,0.653846,0.346154
0.5,256,4,license_plate_bahnschrift.ttf,VJNKYFDZICRAQLPMWHGESOUXBT,3,0,1,0.425,11.313708,0.8067,0.853272,PIVOTALLY,0.923077,0.076923
0.6,256,4,license_plate_bahnschrift.ttf,VJNKYFDZICRAQLPMWHGESOUXBT,3,0,0,0.51,12.393547,0.770893,0.778927,VRPYTODCRACCSOUDT,0.653846,0.346154
0.6,256,4,license_plate_bahnschrift.ttf,VJNKYFDZICRAQLPMWHGESOUXBT,3,0,1,0.51,12.393547,0.770893,0.778927,VPPITOSCRADLSVEOOLDT,0.692308,0.307692
0.7,256,4,license_plate_bahnschrift.ttf,VJNKYFDZICRAQLPMWHGESOUXBT,3,0,0,0.595,13.38656,0.735998,0.721147,VANPITODCREGLSMCLOOLPDT,0.692308,0.307692
0.7,256,4,license_plate_bahnschrift.ttf,VJNKYFDZICRAQLPMWHGESOUXBT,3,0,1,0.595,13.38656,0.735998,0.721147,VAWYTODCRALSESOUEDT,0.576923,0.423077
0.8,256,4,license_plate_bahnschrift.ttf,VJNKYFDZICRAQLPMWHGESOUXBT,3,0,0,0.68,14.310835,0.701998,0.674571,VINPTOLDCRAGLPVGESOLSDT,0.538462,0.461538
0.8,256,4,license_plate_bahnschrift.ttf,VJNKYFDZICRAQLPMWHGESOUXBT,3,0,1,0.68,14.310835,0.701998,0.674571,VINWITODCRADLOUNGESOUODT,0.538462,0.461538
0.9,256,4,license_plate_bahnschrift.ttf,VJNKYFDZICRAQLPMWHGESOUXBT,3,0,0,0.765,15.178933,0.668877,0.635992,VINIITODCADLEVNGESOLIDT,0.615385,0.384615
0.9,256,4,license_plate_bahnschrift.ttf,VJNKYFDZICRAQLPMWHGESOUXBT,3,0,1,0.765,15.178933,0.668877,0.635992,VOWIITODCRAGLPMMMGESOUEDT,0.5,0.5
1.0,256,4,license_plate_bahnschrift.ttf,VJNKYFDZICRAQLPMWHGESOUXBT,3,0,0,0.85,16.0,0.63662,0.603355,VINTODCRADPUMNGESODT,0.538462,0.461538
1.0,256,4,license_plate_bahnschrift.ttf,VJNKYFDZICRAQLPMWHGESOUXBT,3,0,1,0.85,16.0,0.63662,0.603355,VANTODCRADSYMMGESODT,0.538462,0.461538
0.1,1024,4,license_plate_bahnschrift.ttf,VJNKYFDZICRAQLPMWHGESOUXBT,3,0,0,0.085,5.059644,0.959381,1.907975,VRPATOSCOT,0.807692,0.192308
0.1,1024,4,license_plate_bahnschrift.ttf,VJNKYFDZICRAQLPMWHGESOUXBT,3,0,1,0.085,5.059644,0.959381,1.907975,VRPATOSCCLDT,0.807692,0.192308
0.2,1024,4,license_plate_bahnschrift.ttf,VJNKYFDZICRAQLPMWHGESOUXBT,3,0,0,0.17,7.155418,0.919759,1.349142,VRPATOSCMSIT,0.807692,0.192308
0.2,1024,4,license_plate_bahnschrift.ttf,VJNKYFDZICRAQLPMWHGESOUXBT,3,0,1,0.17,7.155418,0.919759,1.349142,VRPATOSCGCOOOLOT,0.807692,0.192308
0.3,1024,4,license_plate_bahnschrift.ttf,VJNKYFDZICRAQLPMWHGESOUXBT,3,0,0,0.255,8.763561,0.881116,1.10157,VRPITODCMASSLLT,0.769231,0.230769
0.3,1024,4,license_plate_bahnschrift.ttf,VJNKYFDZICRAQLPMWHGESOUXBT,3,0,1,0.255,8.763561,0.881116,1.10157,VZRRITODCSOOLT,0.769231,0.230769
0.4,1024,4,license_plate_bahnschrift.ttf,VJNKYFDZICRAQLPMWHGESOUXBT,3,0,0,0.34,10.119289,0.843436,0.953987,VRMITCSCYCCLT,0.846154,0.153846
0.4,1024,4,license_plate_bahnschrift.ttf,VJNKYFDZICRAQLPMWHGESOUXBT,3,0,1,0.34,10.119289,0.843436,0.953987,VRPITODCRGVCCOLDT,0.769231,0.230769
0.5,1024,4,license_plate_bahnschrift.ttf,VJNKYFDZICRAQLPMWHGESOUXBT,3,0,0,0.425,11.313708,0.8067,0.853272,VRPITODCRAOLYCLSOLDT,0.653846,0.346154
0.5,1024,4,license_plate_bahnschrift.ttf,VJNKYFDZICRAQLPMWHGESOUXBT,3,0,1,0.425,11.313708,0.8067,0.853272,VRPITODCRYCCEOLDT,0.730769,0.269231
0.6,1024,4,license_plate_bahnschrift.ttf,VJNKYFDZICRAQLPMWHGESOUXBT,3,0,0,0.51,12.393547,0.770893,0.778927,VWPTODCVCCSOLDT,0.769231,0.230769
0.6,1024,4,license_plate_bahnschrift.ttf,VJNKYFDZICRAQLPMWHGESOUXBT,3,0,1,0.51,12.393547,0.770893,0.778927,VAPITODCRAGYCCSOLDT,0.692308,0.307692
0.7,1024,4,license_plate_bahnschrift.ttf,VJNKYFDZICRAQLPMWHGESOUXBT,3,0,0,0.595,13.38656,0.735998,0.721147,VONPITOLDCRAGLOYNCESOLIDT,0.615385,0.384615
0.7,1024,4,license_plate_bahnschrift.ttf,VJNKYFDZICRAQLPMWHGESOUXBT,3,0,1,0.595,13.38656,0.735998,0.721147,VONPITOLDCRADLSVMNGESOLEDT,0.576923,0.423077
0.8,1024,4,license_plate_bahnschrift.ttf,VJNKYFDZICRAQLPMWHGESOUXBT,3,0,0,0.68,14.310835,0.701998,0.674571,VIAPITODCRAGLSVGESOLPDT,0.615385,0.384615
0.8,1024,4,license_plate_bahnschrift.ttf,VJNKYFDZICRAQLPMWHGESOUXBT,3,0,1,0.68,14.310835,0.701998,0.674571,VINKITODCRADLSVGESOLRDT,0.538462,0.461538
0.9,1024,4,license_plate_bahnschrift.ttf,VJNKYFDZICRAQLPMWHGESOUXBT,3,0,0,0.765,15.178933,0.668877,0.635992,VINPYTOLDCRAGLOVNGESOUIDT,0.5,0.5
0.9,1024,4,license_plate_bahnschrift.ttf,VJNKYFDZICRAQLPMWHGESOUXBT,3,0,1,0.765,15.178933,0.668877,0.635992,VINKYIOLDCRADLPYMNGESOURDT,0.423077,0.576923
1.0,1024,4,license_plate_bahnschrift.ttf,VJNKYFDZICRAQLPMWHGESOUXBT,3,0,0,0.85,16.0,0.63662,0.603355,VINPYTODCRADLPMMNGESOLSDT,0.461538,0.538462
1.0,1024,4,license_plate_bahnschrift.ttf,VJNKYFDZICRAQLPMWHGESOUXBT,3,0,1,0.85,16.0,0.63662,0.603355,VINWYTODCRADLPVMNGESOUSDT,0.461538,0.538462
0.1,4096,4,license_plate_bahnschrift.ttf,VJNKYFDZICRAQLPMWHGESOUXBT,3,0,0,0.085,5.059644,0.959381,1.907975,VRPATOSCMSVOT,0.807692,0.192308
0.1,4096,4,license_plate_bahnschrift.ttf,VJNKYFDZICRAQLPMWHGESOUXBT,3,0,1,0.085,5.059644,0.959381,1.907975,VRPATOSCMSYCLOLOT,0.807692,0.192308
0.2,4096,4,license_plate_bahnschrift.ttf,VJNKYFDZICRAQLPMWHGESOUXBT,3,0,0,0.17,7.155418,0.919759,1.349142,VRPATODCMSCLOOLDT,0.769231,0.230769
0.2,4096,4,license_plate_bahnschrift.ttf,VJNKYFDZICRAQLPMWHGESOUXBT,3,0,1,0.17,7.155418,0.919759,1.349142,VRPATOSCMSCLLDT,0.807692,0.192308
0.3,4096,4,license_plate_bahnschrift.ttf,VJNKYFDZICRAQLPMWHGESOUXBT,3,0,0,0.255,8.763561,0.881116,1.10157,VRPRITODCMASLCOLDT,0.769231,0.230769
0.3,4096,4,license_plate_bahnschrift.ttf,VJNKYFDZICRAQLPMWHGESOUXBT,3,0,1,0.255,8.763561,0.881116,1.10157,VRPITODCNSVCOT,0.807692,0.192308
0.4,4096,4,license_plate_bahnschrift.ttf,VJNKYFDZICRAQLPMWHGESOUXBT,3,0,0,0.34,10.119289,0.843436,0.953987,VRPITODCRDVCOT,0.769231,0.230769
0.4,4096,4,license_plate_bahnschrift.ttf,VJNKYFDZICRAQLPMWHGESOUXBT,3,0,1,0.34,10.119289,0.843436,0.953987,VRRITODCRYCLT,0.769231,0.230769
0.5,4096,4,license_plate_bahnschrift.ttf,VJNKYFDZICRAQLPMWHGESOUXBT,3,0,0,0.425,11.313708,0.8067,0.853272,VRPRITODCROLCCSOLDT,0.730769,0.269231
0.5,4096,4,license_plate_bahnschrift.ttf,VJNKYFDZICRAQLPMWHGESOUXBT,3,0,1,0.425,11.313708,0.8067,0.853272,VRPITODCROLYCCSOLDT,0.692308,0.307692
0.6,4096,4,license_plate_bahnschrift.ttf,VJNKYFDZICRAQLPMWHGESOUXBT,3,0,0,0.51,12.393547,0.770893,0.778927,VAITODCRAGLSYCCSOLSDT,0.653846,0.346154
0.6,4096,4,license_plate_bahnschrift.ttf,VJNKYFDZICRAQLPMWHGESOUXBT,3,0,1,0.51,12.393547,0.770893,0.778927,VANPITODCRADLSYCCSOLSDT,0.653846,0.346154
0.7,4096,4,license_plate_bahnschrift.ttf,VJNKYFDZICRAQLPMWHGESOUXBT,3,0,0,0.595,13.38656,0.735998,0.721147,VONPTULDCRADLEVNGESOLEDT,0.576923,0.423077
0.7,4096,4,license_plate_bahnschrift.ttf,VJNKYFDZICRAQLPMWHGESOUXBT,3,0,1,0.595,13.38656,0.735998,0.721147,VANPITOLDCRAGLYNCESOLEDT,0.615385,0.384615
0.8,4096,4,license_plate_bahnschrift.ttf,VJNKYFDZICRAQLPMWHGESOUXBT,3,0,0,0.68,14.310835,0.701998,0.674571,VINPYTODCRADLSVMNGESOLSDT,0.538462,0.461538
0.8,4096,4,license_plate_bahnschrift.ttf,VJNKYFDZICRAQLPMWHGESOUXBT,3,0,1,0.68,14.310835,0.701998,0.674571,VINPITODCRADLPEVNGESOLIDT,0.538462,0.461538
0.9,4096,4,license_plate_bahnschrift.ttf,VJNKYFDZICRAQLPMWHGESOUXBT,3,0,0,0.765,15.178933,0.668877,0.635992,VINPYTOLDCRADLPYMNGESOUIDT,0.461538,0.538462
0.9,4096,4,license_plate_bahnschrift.ttf,VJNKYFDZICRAQLPMWHGESOUXBT,3,0,1,0.765,15.178933,0.668877,0.635992,VINPYTOLDCRADLOVMNGESOURDT,0.5,0.5
1.0,4096,4,license_plate_bahnschrift.ttf,VJNKYFDZICRAQLPMWHGESOUXBT,3,0,0,0.85,16.0,0.63662,0.603355,VINKYFODCRADLOMMNGESOUIDT,0.384615,0.615385
1.0,4096,4,license_plate_bahnschrift.ttf,VJNKYFDZICRAQLPMWHGESOUXBT,3,0,1,0.85,16.0,0.63662,0.603355,VINPYTODCRADLOUMNGESOUIDT,0.5,0.5
0.1,16384,4,license_plate_bahnschrift.ttf,VJNKYFDZICRAQLPMWHGESOUXBT,3,0,0,0.085,5.059644,0.959381,1.907975,VRPATOSCMSYCLOOT,0.807692,0.192308
0.1,16384,4,license_plate_bahnschrift.ttf,VJNKYFDZICRAQLPMWHGESOUXBT,3,0,1,0.085,5.059644,0.959381,1.907975,VRPATOSCMSYCLOT,0.807692,0.192308
0.2,16384,4,license_plate_bahnschrift.ttf,VJNKYFDZICRAQLPMWHGESOUXBT,3,0,0,0.17,7.155418,0.919759,1.349142,VRPATODCMSVCIOOT,0.769231,0.230769
0.2,16384,4,license_plate_bahnschrift.ttf,VJNKYFDZICRAQLPMWHGESOUXBT,3,0,1,0.17,7.155418,0.919759,1.349142,VRPATODCMSYCLOOOT,0.769231,0.230769
0.3,16384,4,license_plate_bahnschrift.ttf,VJNKYFDZICRAQLPMWHGESOUXBT,3,0,0,0.255,8.763561,0.881116,1.10157,VRPRITODCMGCOLT,0.769231,0.230769
0.3,16384,4,license_plate_bahnschrift.ttf,VJNKYFDZICRAQLPMWHGESOUXBT,3,0,1,0.255,8.763561,0.881116,1.10157,VZRRITODCMGSVCLOLT,0.807692,0.192308
0.4,16384,4,license_plate_bahnschrift.ttf,VJNKYFDZICRAQLPMWHGESOUXBT,3,0,0,0.34,10.119289,0.843436,0.953987,VRPITODCRDYCCOLDT,0.769231,0.230769
0.4,16384,4,license_plate_bahnschrift.ttf,VJNKYFDZICRAQLPMWHGESOUXBT,3,0,1,0.34,10.119289,0.843436,0.953987,VRRITOCSCYCOOOLT,0.846154,0.153846
0.5,16384,4,license_plate_bahnschrift.ttf,VJNKYFDZICRAQLPMWHGESOUXBT,3,0,0,0.425,11.313708,0.8067,0.853272,VRPRITODCROLYCCSOLDT,0.730769,0.269231
0.5,16384,4,license_plate_bahnschrift.ttf,VJNKYFDZICRAQLPMWHGESOUXBT,3,0,1,0.425,11.313708,0.8067,0.853272,VRPRITODCRLYCCSOLDT,0.730769,0.269231
0.6,16384,4,license_plate_bahnschrift.ttf,VJNKYFDZICRAQLPMWHGESOUXBT,3,0,0,0.51,12.393547,0.770893,0.778927,VARPITODCRAGLSYCCSOLSDT,0.692308,0.307692
0.6,16384,4,license_plate_bahnschrift.ttf,VJNKYFDZICRAQLPMWHGESOUXBT,3,0,1,0.51,12.393547,0.770893,0.778927,VAPITODCRADLSYCCSOLDT,0.653846,0.346154
0.7,16384,4,license_plate_bahnschrift.ttf,VJNKYFDZICRAQLPMWHGESOUXBT,3,0,0,0.595,13.38656,0.735998,0.721147,VONPITOLDCRADLSYNGESOLEDT,0.576923,0.423077
0.7,16384,4,license_plate_bahnschrift.ttf,VJNKYFDZICRAQLPMWHGESOUXBT,3,0,1,0.595,13.38656,0.735998,0.721147,VAAPYTOLDCRAGLPYNCESOLEDT,0.576923,0.423077
0.8,16384,4,license_plate_bahnschrift.ttf,VJNKYFDZICRAQLPMWHGESOUXBT,3,0,0,0.68,14.310835,0.701998,0.674571,VINPITODCRADLOVNGESOLSDT,0.576923,0.423077
0.8,16384,4,license_plate_bahnschrift.ttf,VJNKYFDZICRAQLPMWHGESOUXBT,3,0,1,0.68,14.310835,0.701998,0.674571,VINPTODCRADLOVNGESOLSDT,0.538462,0.461538
0.9,16384,4,license_plate_bahnschrift.ttf,VJNKYFDZICRAQLPMWHGESOUXBT,3,0,0,0.765,15.178933,0.668877,0.635992,VINKYTULDCRADLOVMNGESOURDT,0.461538,0.538462
0.9,16384,4,license_plate_bahnschrift.ttf,VJNKYFDZICRAQLPMWHGESOUXBT,3,0,1,0.765,15.178933,0.668877,0.635992,VINPYTOLDCRADLPMMNGESOUIDT,0.423077,0.576923
1.0,16384,4,license_plate_bahnschrift.ttf,VJNKYFDZICRAQLPMWHGESOUXBT,3,0,0,0.85,16.0,0.63662,0.603355,VINKYPODCRADLPVMNGESOUIDT,0.423077,0.576923
1.0,16384,4,license_plate_bahnschrift.ttf,VJNKYFDZICRAQLPMWHGESOUXBT,3,0,1,0.85,16.0,0.63662,0.603355,VINKYFODCRADLPMUMNGESOUIDT,0.384615,0.615385
0.1,65536,4,license_plate_bahnschrift.ttf,VJNKYFDZICRAQLPMWHGESOUXBT,3,0,0,0.085,5.059644,0.959381,1.907975,VRPATOSCMSYCLOOLOT,0.807692,0.192308
0.1,65536,4,license_plate_bahnschrift.ttf,VJNKYFDZICRAQLPMWHGESOUXBT,3,0,1,0.085,5.059644,0.959381,1.907975,VRPATOSCMSVCLOOOT,0.807692,0.192308
0.2,65536,4,license_plate_bahnschrift.ttf,VJNKYFDZICRAQLPMWHGESOUXBT,3,0,0,0.17,7.155418,0.919759,1.349142,VRRITODCMSVCLOOT,0.769231,0.230769
0.2,65536,4,license_plate_bahnschrift.ttf,VJNKYFDZICRAQLPMWHGESOUXBT,3,0,1,0.17,7.155418,0.919759,1.349142,VRPATODCMGVCLOOOT,0.769231,0.230769
0.3,65536,4,license_plate_bahnschrift.ttf,VJNKYFDZICRAQLPMWHGESOUXBT,3,0,0,0.255,8.763561,0.881116,1.10157,VRPRITODCMSCOLT,0.807692,0.192308
0.3,65536,4,license_plate_bahnschrift.ttf,VJNKYFDZICRAQLPMWHGESOUXBT,3,0,1,0.255,8.763561,0.881116,1.10157,VRPITODCMASSCOOLDT,0.769231,0.230769
0.4,65536,4,license_plate_bahnschrift.ttf,VJNKYFDZICRAQLPMWHGESOUXBT,3,0,0,0.34,10.119289,0.843436,0.953987,VRPITODCRYCCOLDT,0.769231,0.230769
0.4,65536,4,license_plate_bahnschrift.ttf,VJNKYFDZICRAQLPMWHGESOUXBT,3,0,1,0.34,10.119289,0.843436,0.953987,VRPITODCRYCODT,0.769231,0.230769
0.5,65536,4,license_plate_bahnschrift.ttf,VJNKYFDZICRAQLPMWHGESOUXBT,3,0,0,0.425,11.313708,0.8067,0.853272,VARPRITODCROLYCCSOLDT,0.730769,0.269231
0.5,65536,4,license_plate_bahnschrift.ttf,VJNKYFDZICRAQLPMWHGESOUXBT,3,0,1,0.425,11.313708,0.8067,0.853272,VRPRITODCROLSYCCSOLDT,0.730769,0.269231
0.6,65536,4,license_plate_bahnschrift.ttf,VJNKYFDZICRAQLPMWHGESOUXBT,3,0,0,0.51,12.393547,0.770893,0.778927,VAAPITODCRADLYCCSOLSDT,0.692308,0.307692
0.6,65536,4,license_plate_bahnschrift.ttf,VJNKYFDZICRAQLPMWHGESOUXBT,3,0,1,0.51,12.393547,0.770893,0.778927,VAPITODCRALSYCCSOLDT,0.653846,0.346154
0.7,65536,4,license_plate_bahnschrift.ttf,VJNKYFDZICRAQLPMWHGESOUXBT,3,0,0,0.595,13.38656,0.735998,0.721147,VONPITOLDCRADLSYNGESOLSDT,0.576923,0.423077
0.7,65536,4,license_plate_bahnschrift.ttf,VJNKYFDZICRAQLPMWHGESOUXBT,3,0,1,0.595,13.38656,0.735998,0.721147,VANPITOLDCRADLSYCESOLSDT,0.615385,0.384615
0.8,65536,4,license_plate_bahnschrift.ttf,VJNKYFDZICRAQLPMWHGESOUXBT,3,0,0,0.68,14.310835,0.701998,0.674571,VINPITODCRADLOVMNGESOUIDT,0.538462,0.461538
0.8,65536,4,license_plate_bahnschrift.ttf,VJNKYFDZICRAQLPMWHGESOUXBT,3,0,1,0.68,14.310835,0.701998,0.674571,VINPTODCRADLEVNGESOLSDT,0.538462,0.461538
0.9,65536,4,license_plate_bahnschrift.ttf,VJNKYFDZICRAQLPMWHGESOUXBT,3,0,0,0.765,15.178933,0.668877,0.635992,VINPYTOLDCRADLOVMNGESOUIDT,0.5,0.5
0.9,65536,4,license_plate_bahnschrift.ttf,VJNKYFDZICRAQLPMWHGESOUXBT,3,0,1,0.765,15.178933,0.668877,0.635992,VINWYTODCRADLPYMNGESOUIDT,0.461538,0.538462
1.0,65536,4,license_plate_bahnschrift.ttf,VJNKYFDZICRAQLPMWHGESOUXBT,3,0,0,0.85,16.0,0.63662,0.603355,VINKYFODCRADLOVUMNGESOUIDT,0.461538,0.538462
1.0,65536,4,license_plate_bahnschrift.ttf,VJNKYFDZICRAQLPMWHGESOUXBT,3,0,1,0.85,16.0,0.63662,0.603355,VINKYTODCRADLOVMNGESOUNDT,0.461538,0.538462
0.1,4,4,license_plate_bahnschrift.ttf,VJNKYFDZICRAQLPMWHGESOUXBT,3,3,0,0.085,5.059644,0.959381,1.907975,OETIEMFETGKAN,0.884615,0.115385
0.1,4,4,license_plate_bahnschrift.ttf,VJNKYFDZICRAQLPMWHGESOUXBT,3,3,1,0.085,5.059644,0.959381,1.907975,SRPITEPP,0.884615,0.115385
0.2,4,4,license_plate_bahnschrift.ttf,VJNKYFDZICRAQLPMWHGESOUXBT,3,3,0,0.17,7.155418,0.919759,1.349142,SRGS,0.884615,0.115385
0.2,4,4,license_plate_bahnschrift.ttf,VJNKYFDZICRAQLPMWHGESOUXBT,3,3,1,0.17,7.155418,0.919759,1.349142,E,0.961538,0.038462
0.3,4,4,license_plate_bahnschrift.ttf,VJNKYFDZICRAQLPMWHGESOUXBT,3,3,0,0.255,8.763561,0.881116,1.10157,,1.0,0.0
0.3,4,4,license_plate_bahnschrift.ttf,VJNKYFDZICRAQLPMWHGESOUXBT,3,3,1,0.255,8.763561,0.881116,1.10157,P,0.961538,0.038462
0.4,4,4,license_plate_bahnschrift.ttf,VJNKYFDZICRAQLPMWHGESOUXBT,3,3,0,0.34,10.119289,0.843436,0.953987,BOG,0.961538,0.038462
0.4,4,4,license_plate_bahnschrift.ttf,VJNKYFDZICRAQLPMWHGESOUXBT,3,3,1,0.34,10.119289,0.843436,0.953987,A,0.961538,0.038462
0.5,4,4,license_plate_bahnschrift.ttf,VJNKYFDZICRAQLPMWHGESOUXBT,3,3,0,0.425,11.313708,0.8067,0.853272,,1.0,0.0
0.5,4,4,license_plate_bahnschrift.ttf,VJNKYFDZICRAQLPMWHGESOUXBT,3,3,1,0.425,11.313708,0.8067,0.853272,,1.0,0.0
0.6,4,4,license_plate_bahnschrift.ttf,VJNKYFDZICRAQLPMWHGESOUXBT,3,3,0,0.51,12.393547,0.770893,0.778927,RELORS,0.884615,0.115385
0.6,4,4,license_plate_bahnschrift.ttf,VJNKYFDZICRAQLPMWHGESOUXBT,3,3,1,0.51,12.393547,0.770893,0.778927,,1.0,0.0
0.7,4,4,license_plate_bahnschrift.ttf,VJNKYFDZICRAQLPMWHGESOUXBT,3,3,0,0.595,13.38656,0.735998,0.721147,E,0.961538,0.038462
0.7,4,4,license_plate_bahnschrift.ttf,VJNKYFDZICRAQLPMWHGESOUXBT,3,3,1,0.595,13.38656,0.735998,0.721147,WCTORARBLAGOES,0.846154,0.153846
0.8,4,4,license_plate_bahnschrift.ttf,VJNKYFDZICRAQLPMWHGESOUXBT,3,3,0,0.68,14.310835,0.701998,0.674571,,1.0,0.0
0.8,4,4,license_plate_bahnschrift.ttf,VJNKYFDZICRAQLPMWHGESOUXBT,3,3,1,0.68,14.310835,0.701998,0.674571,,1.0,0.0
0.9,4,4,license_plate_bahnschrift.ttf,VJNKYFDZICRAQLPMWHGESOUXBT,3,3,0,0.765,15.178933,0.668877,0.635992,,1.0,0.0
0.9,4,4,license_plate_bahnschrift.ttf,VJNKYFDZICRAQLPMWHGESOUXBT,3,3,1,0.765,15.178933,0.668877,0.635992,SL,0.961538,0.038462
1.0,4,4,license_plate_bahnschrift.ttf,VJNKYFDZICRAQLPMWHGESOUXBT,3,3,0,0.85,16.0,0.63662,0.603355,RUTSBI,0.884615,0.115385
1.0,4,4,license_plate_bahnschrift.ttf,VJNKYFDZICRAQLPMWHGESOUXBT,3,3,1,0.85,16.0,0.63662,0.603355,ESPUARSSAA,0.923077,0.076923
0.1,16,4,license_plate_bahnschrift.ttf,VJNKYFDZICRAQLPMWHGESOUXBT,3,3,0,0.085,5.059644,0.959381,1.907975,CRKWACHEA,0.846154,0.153846
0.1,16,4,license_plate_bahnschrift.ttf,VJNKYFDZICRAQLPMWHGESOUXBT,3,3,1,0.085,5.059644,0.959381,1.907975,SAIEAESFOSPEEA,0.884615,0.115385
0.2,16,4,license_plate_bahnschrift.ttf,VJNKYFDZICRAQLPMWHGESOUXBT,3,3,0,0.17,7.155418,0.919759,1.349142,,1.0,0.0
0.2,16,4,license_plate_bahnschrift.ttf,VJNKYFDZICRAQLPMWHGESOUXBT,3,3,1,0.17,7.155418,0.919759,1.349142,BN,0.961538,0.038462
0.3,16,4,license_plate_bahnschrift.ttf,VJNKYFDZICRAQLPMWHGESOUXBT,3,3,0,0.255,8.763561,0.881116,1.10157,SNAERCRAL,0.807692,0.192308
0.3,16,4,license_plate_bahnschrift.ttf,VJNKYFDZICRAQLPMWHGESOUXBT,3,3,1,0.255,8.763561,0.881116,1.10157,,1.0,0.0
0.4,16,4,license_plate_bahnschrift.ttf,VJNKYFDZICRAQLPMWHGESOUXBT,3,3,0,0.34,10.119289,0.843436,0.953987,SRRREDSBR,0.884615,0.115385
0.4,16,4,license_plate_bahnschrift.ttf,VJNKYFDZICRAQLPMWHGESOUXBT,3,3,1,0.34,10.119289,0.843436,0.953987,,1.0,0.0
0.5,16,4,license_plate_bahnschrift.ttf,VJNKYFDZICRAQLPMWHGESOUXBT,3,3,0,0.425,11.313708,0.8067,0.853272,,1.0,0.0
0.5,16,4,license_plate_bahnschrift.ttf,VJNKYFDZICRAQLPMWHGESOUXBT,3,3,1,0.425,11.313708,0.8067,0.853272,,1.0,0.0
0.6,16,4,license_plate_bahnschrift.ttf,VJNKYFDZICRAQLPMWHGESOUXBT,3,3,0,0.51,12.393547,0.770893,0.778927,,1.0,0.0
0.6,16,4,license_plate_bahnschrift.ttf,VJNKYFDZICRAQLPMWHGESOUXBT,3,3,1,0.51,12.393547,0.770893,0.778927,MONSEPCB,0.884615,0.115385
0.7,16,4,license_plate_bahnschrift.ttf,VJNKYFDZICRAQLPMWHGESOUXBT,3,3,0,0.595,13.38656,0.735998,0.721147,,1.0,0.0
0.7,16,4,license_plate_bahnschrift.ttf,VJNKYFDZICRAQLPMWHGESOUXBT,3,3,1,0.595,13.38656,0.735998,0.721147,YSL,0.923077,0.076923
0.8,16,4,license_plate_bahnschrift.ttf,VJNKYFDZICRAQLPMWHGESOUXBT,3,3,0,0.68,14.310835,0.701998,0.674571,SGAOGAT,0.884615,0.115385
0.8,16,4,license_plate_bahnschrift.ttf,VJNKYFDZICRAQLPMWHGESOUXBT,3,3,1,0.68,14.310835,0.701998,0.674571,LBNOEREREVOAT,0.807692,0.192308
0.9,16,4,license_plate_bahnschrift.ttf,VJNKYFDZICRAQLPMWHGESOUXBT,3,3,0,0.765,15.178933,0.668877,0.635992,,1.0,0.0
0.9,16,4,license_plate_bahnschrift.ttf,VJNKYFDZICRAQLPMWHGESOUXBT,3,3,1,0.765,15.178933,0.668877,0.635992,,1.0,0.0
1.0,16,4,license_plate_bahnschrift.ttf,VJNKYFDZICRAQLPMWHGESOUXBT,3,3,0,0.85,16.0,0.63662,0.603355,SSS,0.961538,0.038462
1.0,16,4,license_plate_bahnschrift.ttf,VJNKYFDZICRAQLPMWHGESOUXBT,3,3,1,0.85,16.0,0.63662,0.603355,,1.0,0.0
0.1,64,4,license_plate_bahnschrift.ttf,VJNKYFDZICRAQLPMWHGESOUXBT,3,3,0,0.085,5.059644,0.959381,1.907975,,1.0,0.0
0.1,64,4,license_plate_bahnschrift.ttf,VJNKYFDZICRAQLPMWHGESOUXBT,3,3,1,0.085,5.059644,0.959381,1.907975,PRRENCSP,0.923077,0.076923
0.2,64,4,license_plate_bahnschrift.ttf,VJNKYFDZICRAQLPMWHGESOUXBT,3,3,0,0.17,7.155418,0.919759,1.349142,,1.0,0.0
0.2,64,4,license_plate_bahnschrift.ttf,VJNKYFDZICRAQLPMWHGESOUXBT,3,3,1,0.17,7.155418,0.919759,1.349142,,1.0,0.0
0.3,64,4,license_plate_bahnschrift.ttf,VJNKYFDZICRAQLPMWHGESOUXBT,3,3,0,0.255,8.763561,0.881116,1.10157,,1.0,0.0
0.3,64,4,license_plate_bahnschrift.ttf,VJNKYFDZICRAQLPMWHGESOUXBT,3,3,1,0.255,8.763561,0.881116,1.10157,,1.0,0.0
0.4,64,4,license_plate_bahnschrift.ttf,VJNKYFDZICRAQLPMWHGESOUXBT,3,3,0,0.34,10.119289,0.843436,0.953987,WRICRPE,0.807692,0.192308
0.4,64,4,license_plate_bahnschrift.ttf,VJNKYFDZICRAQLPMWHGESOUXBT,3,3,1,0.34,10.119289,0.843436,0.953987,,1.0,0.0
0.5,64,4,license_plate_bahnschrift.ttf,VJNKYFDZICRAQLPMWHGESOUXBT,3,3,0,0.425,11.313708,0.8067,0.853272,,1.0,0.0
0.5,64,4,license_plate_bahnschrift.ttf,VJNKYFDZICRAQLPMWHGESOUXBT,3,3,1,0.425,11.313708,0.8067,0.853272,,1.0,0.0
0.6,64,4,license_plate_bahnschrift.ttf,VJNKYFDZICRAQLPMWHGESOUXBT,3,3,0,0.51,12.393547,0.770893,0.778927,,1.0,0.0
0.6,64,4,license_plate_bahnschrift.ttf,VJNKYFDZICRAQLPMWHGESOUXBT,3,3,1,0.51,12.393547,0.770893,0.778927,,1.0,0.0
0.7,64,4,license_plate_bahnschrift.ttf,VJNKYFDZICRAQLPMWHGESOUXBT,3,3,0,0.595,13.38656,0.735998,0.721147,,1.0,0.0
0.7,64,4,license_plate_bahnschrift.ttf,VJNKYFDZICRAQLPMWHGESOUXBT,3,3,1,0.595,13.38656,0.735998,0.721147,AMEIFODERERPGTSOSOT,0.730769,0.269231
0.8,64,4,license_plate_bahnschrift.ttf,VJNKYFDZICRAQLPMWHGESOUXBT,3,3,0,0.68,14.310835,0.701998,0.674571,,1.0,0.0
0.8,64,4,license_plate_bahnschrift.ttf,VJNKYFDZICRAQLPMWHGESOUXBT,3,3,1,0.68,14.310835,0.701998,0.674571,,1.0,0.0
0.9,64,4,license_plate_bahnschrift.ttf,VJNKYFDZICRAQLPMWHGESOUXBT,3,3,0,0.765,15.178933,0.668877,0.635992,,1.0,0.0
0.9,64,4,license_plate_bahnschrift.ttf,VJNKYFDZICRAQLPMWHGESOUXBT,3,3,1,0.765,15.178933,0.668877,0.635992,,1.0,0.0
1.0,64,4,license_plate_bahnschrift.ttf,VJNKYFDZICRAQLPMWHGESOUXBT,3,3,0,0.85,16.0,0.63662,0.603355,,1.0,0.0
1.0,64,4,license_plate_bahnschrift.ttf,VJNKYFDZICRAQLPMWHGESOUXBT,3,3,1,0.85,16.0,0.63662,0.603355,,1.0,0.0
0.1,256,4,license_plate_bahnschrift.ttf,VJNKYFDZICRAQLPMWHGESOUXBT,3,3,0,0.085,5.059644,0.959381,1.907975,PRSONT,0.846154,0.153846
0.1,256,4,license_plate_bahnschrift.ttf,VJNKYFDZICRAQLPMWHGESOUXBT,3,3,1,0.085,5.059644,0.959381,1.907975,RITE,0.923077,0.076923
0.2,256,4,license_plate_bahnschrift.ttf,VJNKYFDZICRAQLPMWHGESOUXBT,3,3,0,0.17,7.155418,0.919759,1.349142,YERICITIRCFEGTFTIT,0.807692,0.192308
0.2,256,4,license_plate_bahnschrift.ttf,VJNKYFDZICRAQLPMWHGESOUXBT,3,3,1,0.17,7.155418,0.919759,1.349142,PUBT,0.846154,0.153846
0.3,256,4,license_plate_bahnschrift.ttf,VJNKYFDZICRAQLPMWHGESOUXBT,3,3,0,0.255,8.763561,0.881116,1.10157,CRRTEOCRSSST,0.846154,0.153846
0.3,256,4,license_plate_bahnschrift.ttf,VJNKYFDZICRAQLPMWHGESOUXBT,3,3,1,0.255,8.763561,0.881116,1.10157,VRRTTOCRGOOT,0.769231,0.230769
0.4,256,4,license_plate_bahnschrift.ttf,VJNKYFDZICRAQLPMWHGESOUXBT,3,3,0,0.34,10.119289,0.843436,0.953987,P,0.961538,0.038462
0.4,256,4,license_plate_bahnschrift.ttf,VJNKYFDZICRAQLPMWHGESOUXBT,3,3,1,0.34,10.119289,0.843436,0.953987,VARSCRATEWESNT,0.692308,0.307692
0.5,256,4,license_plate_bahnschrift.ttf,VJNKYFDZICRAQLPMWHGESOUXBT,3,3,0,0.425,11.313708,0.8067,0.853272,DRITOCRYYESOLT,0.769231,0.230769
0.5,256,4,license_plate_bahnschrift.ttf,VJNKYFDZICRAQLPMWHGESOUXBT,3,3,1,0.425,11.313708,0.8067,0.853272,YORWVTSCRADLEGEOUENT,0.653846,0.346154
0.6,256,4,license_plate_bahnschrift.ttf,VJNKYFDZICRAQLPMWHGESOUXBT,3,3,0,0.51,12.393547,0.770893,0.778927,VCRADSUMNESOOOT,0.653846,0.346154
0.6,256,4,license_plate_bahnschrift.ttf,VJNKYFDZICRAQLPMWHGESOUXBT,3,3,1,0.51,12.393547,0.770893,0.778927,VANIFTSCRDEYESOONT,0.653846,0.346154
0.7,256,4,license_plate_bahnschrift.ttf,VJNKYFDZICRAQLPMWHGESOUXBT,3,3,0,0.595,13.38656,0.735998,0.721147,VINEVPODCRAGLEYGESOT,0.576923,0.423077
0.7,256,4,license_plate_bahnschrift.ttf,VJNKYFDZICRAQLPMWHGESOUXBT,3,3,1,0.595,13.38656,0.735998,0.721147,VONRVPTIDCRADLSYHGESOSDT,0.538462,0.461538
0.8,256,4,license_plate_bahnschrift.ttf,VJNKYFDZICRAQLPMWHGESOUXBT,3,3,0,0.68,14.310835,0.701998,0.674571,JANEVEODCRGSESOLT,0.730769,0.269231
0.8,256,4,license_plate_bahnschrift.ttf,VJNKYFDZICRAQLPMWHGESOUXBT,3,3,1,0.68,14.310835,0.701998,0.674571,VANEYFODCRAGLEYHGESOLORT,0.461538,0.538462
0.9,256,4,license_plate_bahnschrift.ttf,VJNKYFDZICRAQLPMWHGESOUXBT,3,3,0,0.765,15.178933,0.668877,0.635992,VINRYFOLDCRAGLOMRGESOLSDT,0.461538,0.538462
0.9,256,4,license_plate_bahnschrift.ttf,VJNKYFDZICRAQLPMWHGESOUXBT,3,3,1,0.765,15.178933,0.668877,0.635992,VANEYPODCRAGLPYGESOUSDT,0.461538,0.538462
1.0,256,4,license_plate_bahnschrift.ttf,VJNKYFDZICRAQLPMWHGESOUXBT,3,3,0,0.85,16.0,0.63662,0.603355,VINKVFODCRAGOVWHGESOLRT,0.461538,0.538462
1.0,256,4,license_plate_bahnschrift.ttf,VJNKYFDZICRAQLPMWHGESOUXBT,3,3,1,0.85,16.0,0.63662,0.603355,VINAYPODCRADLOMNGESOCST,0.5,0.5
0.1,1024,4,license_plate_bahnschrift.ttf,VJNKYFDZICRAQLPMWHGESOUXBT,3,3,0,0.085,5.059644,0.959381,1.907975,VRATTSCRDGATT,0.807692,0.192308
0.1,1024,4,license_plate_bahnschrift.ttf,VJNKYFDZICRAQLPMWHGESOUXBT,3,3,1,0.085,5.059644,0.959381,1.907975,VRRVTTISCRT,0.846154,0.153846
0.2,1024,4,license_plate_bahnschrift.ttf,VJNKYFDZICRAQLPMWHGESOUXBT,3,3,0,0.17,7.155418,0.919759,1.349142,VRPATTIOCRDETT,0.807692,0.192308
0.2,1024,4,license_plate_bahnschrift.ttf,VJNKYFDZICRAQLPMWHGESOUXBT,3,3,1,0.17,7.155418,0.919759,1.349142,VRPATTOCRSTT,0.807692,0.192308
0.3,1024,4,license_plate_bahnschrift.ttf,VJNKYFDZICRAQLPMWHGESOUXBT,3,3,0,0.255,8.763561,0.881116,1.10157,ZRPITTIOCRDET,0.846154,0.153846
0.3,1024,4,license_plate_bahnschrift.ttf,VJNKYFDZICRAQLPMWHGESOUXBT,3,3,1,0.255,8.763561,0.881116,1.10157,VRTTIDCRDST,0.769231,0.230769
0.4,1024,4,license_plate_bahnschrift.ttf,VJNKYFDZICRAQLPMWHGESOUXBT,3,3,0,0.34,10.119289,0.843436,0.953987,VAPTISCRDSVT,0.807692,0.192308
0.4,1024,4,license_plate_bahnschrift.ttf,VJNKYFDZICRAQLPMWHGESOUXBT,3,3,1,0.34,10.119289,0.843436,0.953987,VARPOSCRDSVEST,0.769231,0.230769
0.5,1024,4,license_plate_bahnschrift.ttf,VJNKYFDZICRAQLPMWHGESOUXBT,3,3,0,0.425,11.313708,0.8067,0.853272,VRRPODCRDSVESOLT,0.692308,0.307692
0.5,1024,4,license_plate_bahnschrift.ttf,VJNKYFDZICRAQLPMWHGESOUXBT,3,3,1,0.425,11.313708,0.8067,0.853272,VRPIFOSDCRADSST,0.730769,0.269231
0.6,1024,4,license_plate_bahnschrift.ttf,VJNKYFDZICRAQLPMWHGESOUXBT,3,3,0,0.51,12.393547,0.770893,0.778927,VIPVETIDCRDSYESOLT,0.730769,0.269231
0.6,1024,4,license_plate_bahnschrift.ttf,VJNKYFDZICRAQLPMWHGESOUXBT,3,3,1,0.51,12.393547,0.770893,0.778927,VAAKVPODCRGSYGESORT,0.653846,0.346154
0.7,1024,4,license_plate_bahnschrift.ttf,VJNKYFDZICRAQLPMWHGESOUXBT,3,3,0,0.595,13.38656,0.735998,0.721147,VONVITIDCRADLEYHGESOLONT,0.538462,0.461538
0.7,1024,4,license_plate_bahnschrift.ttf,VJNKYFDZICRAQLPMWHGESOUXBT,3,3,1,0.595,13.38656,0.735998,0.721147,VANVPODCRAGSOYGESOLST,0.576923,0.423077
0.8,1024,4,license_plate_bahnschrift.ttf,VJNKYFDZICRAQLPMWHGESOUXBT,3,3,0,0.68,14.310835,0.701998,0.674571,VINRVFODCRADSYHGESOLST,0.538462,0.461538
0.8,1024,4,license_plate_bahnschrift.ttf,VJNKYFDZICRAQLPMWHGESOUXBT,3,3,1,0.68,14.310835,0.701998,0.674571,VANKVPODCRADLSYHGESOLORT,0.5,0.5
0.9,1024,4,license_plate_bahnschrift.ttf,VJNKYFDZICRAQLPMWHGESOUXBT,3,3,0,0.765,15.178933,0.668877,0.635992,VANEVPODCRADLOMHGESOUSDT,0.461538,0.538462
0.9,1024,4,license_plate_bahnschrift.ttf,VJNKYFDZICRAQLPMWHGESOUXBT,3,3,1,0.765,15.178933,0.668877,0.635992,VANKYFODCRADLOMHGESOLSRT,0.384615,0.615385
1.0,1024,4,license_plate_bahnschrift.ttf,VJNKYFDZICRAQLPMWHGESOUXBT,3,3,0,0.85,16.0,0.63662,0.603355,VINRYFODCRAGLOMMHGESOUSRT,0.384615,0.615385
1.0,1024,4,license_plate_bahnschrift.ttf,VJNKYFDZICRAQLPMWHGESOUXBT,3,3,1,0.85,16.0,0.63662,0.603355,VINKYPODCRAGLOWMNGESOUSDT,0.461538,0.538462
0.1,4096,4,license_plate_bahnschrift.ttf,VJNKYFDZICRAQLPMWHGESOUXBT,3,3,0,0.085,5.059644,0.959381,1.907975,VRRATTIOCRDSTOT,0.807692,0.192308
0.1,4096,4,license_plate_bahnschrift.ttf,VJNKYFDZICRAQLPMWHGESOUXBT,3,3,1,0.085,5.059644,0.959381,1.907975,VRRTTIOCRDT,0.846154,0.153846
0.2,4096,4,license_plate_bahnschrift.ttf,VJNKYFDZICRAQLPMWHGESOUXBT,3,3,0,0.17,7.155418,0.919759,1.349142,VRPATTIDCRDST,0.807692,0.192308
0.2,4096,4,license_plate_bahnschrift.ttf,VJNKYFDZICRAQLPMWHGESOUXBT,3,3,1,0.17,7.155418,0.919759,1.349142,VRPATTIOCRST,0.807692,0.192308
0.3,4096,4,license_plate_bahnschrift.ttf,VJNKYFDZICRAQLPMWHGESOUXBT,3,3,0,0.255,8.763561,0.881116,1.10157,VRITTIDCRST,0.769231,0.230769
0.3,4096,4,license_plate_bahnschrift.ttf,VJNKYFDZICRAQLPMWHGESOUXBT,3,3,1,0.255,8.763561,0.881116,1.10157,VRSCA,0.884615,0.115385
0.4,4096,4,license_plate_bahnschrift.ttf,VJNKYFDZICRAQLPMWHGESOUXBT,3,3,0,0.34,10.119289,0.843436,0.953987,VRIPTSCRDEYT,0.807692,0.192308
0.4,4096,4,license_plate_bahnschrift.ttf,VJNKYFDZICRAQLPMWHGESOUXBT,3,3,1,0.34,10.119289,0.843436,0.953987,VRSCA,0.884615,0.115385
0.5,4096,4,license_plate_bahnschrift.ttf,VJNKYFDZICRAQLPMWHGESOUXBT,3,3,0,0.425,11.313708,0.8067,0.853272,VRVPTIDCRDLSYT,0.730769,0.269231
0.5,4096,4,license_plate_bahnschrift.ttf,VJNKYFDZICRAQLPMWHGESOUXBT,3,3,1,0.425,11.313708,0.8067,0.853272,VARPVITIDCRDLSVESOLT,0.692308,0.307692
0.6,4096,4,license_plate_bahnschrift.ttf,VJNKYFDZICRAQLPMWHGESOUXBT,3,3,0,0.51,12.393547,0.770893,0.778927,VAVPOSDCRADEGESOT,0.615385,0.384615
0.6,4096,4,license_plate_bahnschrift.ttf,VJNKYFDZICRAQLPMWHGESOUXBT,3,3,1,0.51,12.393547,0.770893,0.778927,VARVIODCRAGSYGESOLRT,0.615385,0.384615
0.7,4096,4,license_plate_bahnschrift.ttf,VJNKYFDZICRAQLPMWHGESOUXBT,3,3,0,0.595,13.38656,0.735998,0.721147,VAARVEODCRADLSYGESOLDT,0.615385,0.384615
0.7,4096,4,license_plate_bahnschrift.ttf,VJNKYFDZICRAQLPMWHGESOUXBT,3,3,1,0.595,13.38656,0.735998,0.721147,VARVPODCRADLSYGESOLSRT,0.576923,0.423077
0.8,4096,4,license_plate_bahnschrift.ttf,VJNKYFDZICRAQLPMWHGESOUXBT,3,3,0,0.68,14.310835,0.701998,0.674571,VANPVFODCRADLSVHGESOLST,0.5,0.5
0.8,4096,4,license_plate_bahnschrift.ttf,VJNKYFDZICRAQLPMWHGESOUXBT,3,3,1,0.68,14.310835,0.701998,0.674571,VANRVFODCRADSVHGESOLSRT,0.538462,0.461538
0.9,4096,4,license_plate_bahnschrift.ttf,VJNKYFDZICRAQLPMWHGESOUXBT,3,3,0,0.765,15.178933,0.668877,0.635992,VANKVFODCRAGLOMHGESOLSRT,0.423077,0.576923
0.9,4096,4,license_plate_bahnschrift.ttf,VJNKYFDZICRAQLPMWHGESOUXBT,3,3,1,0.765,15.178933,0.668877,0.635992,VANRYFODCRADLOWHGESOUSDT,0.384615,0.615385
1.0,4096,4,license_plate_bahnschrift.ttf,VJNKYFDZICRAQLPMWHGESOUXBT,3,3,0,0.85,16.0,0.63662,0.603355,VINRYFODCRAGLOMMHGESOLSRT,0.423077,0.576923
1.0,4096,4,license_plate_bahnschrift.ttf,VJNKYFDZICRAQLPMWHGESOUXBT,3,3,1,0.85,16.0,0.63662,0.603355,VANRYFODCRAGLOWMHGESOLSRT,0.461538,0.538462
0.1,16384,4,license_plate_bahnschrift.ttf,VJNKYFDZICRAQLPMWHGESOUXBT,3,3,0,0.085,5.059644,0.959381,1.907975,VRRTTISCRDST,0.807692,0.192308
0.1,16384,4,license_plate_bahnschrift.ttf,VJNKYFDZICRAQLPMWHGESOUXBT,3,3,1,0.085,5.059644,0.959381,1.907975,VRRATTISCRDST,0.807692,0.192308
0.2,16384,4,license_plate_bahnschrift.ttf,VJNKYFDZICRAQLPMWHGESOUXBT,3,3,0,0.17,7.155418,0.919759,1.349142,VRPATTIOCRSVT,0.807692,0.192308
0.2,16384,4,license_plate_bahnschrift.ttf,VJNKYFDZICRAQLPMWHGESOUXBT,3,3,1,0.17,7.155418,0.919759,1.349142,VRRTTIOCRDST,0.807692,0.192308
0.3,16384,4,license_plate_bahnschrift.ttf,VJNKYFDZICRAQLPMWHGESOUXBT,3,3,0,0.255,8.763561,0.881116,1.10157,VRTTIDCRDST,0.769231,0.230769
0.3,16384,4,license_plate_bahnschrift.ttf,VJNKYFDZICRAQLPMWHGESOUXBT,3,3,1,0.255,8.763561,0.881116,1.10157,VRPTTIDCRDET,0.769231,0.230769
0.4,16384,4,license_plate_bahnschrift.ttf,VJNKYFDZICRAQLPMWHGESOUXBT,3,3,0,0.34,10.119289,0.843436,0.953987,VRPSCRDEYST,0.807692,0.192308
0.4,16384,4,license_plate_bahnschrift.ttf,VJNKYFDZICRAQLPMWHGESOUXBT,3,3,1,0.34,10.119289,0.843436,0.953987,VRSCA,0.884615,0.115385
0.5,16384,4,license_plate_bahnschrift.ttf,VJNKYFDZICRAQLPMWHGESOUXBT,3,3,0,0.425,11.313708,0.8067,0.853272,VRVPODCRADSGESOLT,0.615385,0.384615
0.5,16384,4,license_plate_bahnschrift.ttf,VJNKYFDZICRAQLPMWHGESOUXBT,3,3,1,0.425,11.313708,0.8067,0.853272,VRVPTIDCRADLSEVESOT,0.615385,0.384615
0.6,16384,4,license_plate_bahnschrift.ttf,VJNKYFDZICRAQLPMWHGESOUXBT,3,3,0,0.51,12.393547,0.770893,0.778927,VAVEODCRADSYGESOLST,0.615385,0.384615
0.6,16384,4,license_plate_bahnschrift.ttf,VJNKYFDZICRAQLPMWHGESOUXBT,3,3,1,0.51,12.393547,0.770893,0.778927,VARRVEODCRAGSYGESOLST,0.653846,0.346154
0.7,16384,4,license_plate_bahnschrift.ttf,VJNKYFDZICRAQLPMWHGESOUXBT,3,3,0,0.595,13.38656,0.735998,0.721147,VOVPODCRAGLSYHGESOLST,0.538462,0.461538
0.7,16384,4,license_plate_bahnschrift.ttf,VJNKYFDZICRAQLPMWHGESOUXBT,3,3,1,0.595,13.38656,0.735998,0.721147,VAARVEODCRADLSVGESOLSDT,0.615385,0.384615
0.8,16384,4,license_plate_bahnschrift.ttf,VJNKYFDZICRAQLPMWHGESOUXBT,3,3,0,0.68,14.310835,0.701998,0.674571,VANPVFODCRAGSVHGESOLT,0.538462,0.461538
0.8,16384,4,license_plate_bahnschrift.ttf,VJNKYFDZICRAQLPMWHGESOUXBT,3,3,1,0.68,14.310835,0.701998,0.674571,VANRVPODCRAGSYHGESOLT,0.576923,0.423077
0.9,16384,4,license_plate_bahnschrift.ttf,VJNKYFDZICRAQLPMWHGESOUXBT,3,3,0,0.765,15.178933,0.668877,0.635992,VONKYFODCRADLOMHGESOLSDT,0.384615,0.615385
0.9,16384,4,license_plate_bahnschrift.ttf,VJNKYFDZICRAQLPMWHGESOUXBT,3,3,1,0.765,15.178933,0.668877,0.635992,VANKYFODCRAGLOHGESOLSDT,0.423077,0.576923
1.0,16384,4,license_plate_bahnschrift.ttf,VJNKYFDZICRAQLPMWHGESOUXBT,3,3,0,0.85,16.0,0.63662,0.603355,VINRYFODCRAGLOMMHGESOUSRT,0.384615,0.615385
1.0,16384,4,license_plate_bahnschrift.ttf,VJNKYFDZICRAQLPMWHGESOUXBT,3,3,1,0.85,16.0,0.63662,0.603355,VINRYFODCRAGLOMMHGESOLSRT,0.423077,0.576923
0.1,65536,4,license_plate_bahnschrift.ttf,VJNKYFDZICRAQLPMWHGESOUXBT,3,3,0,0.085,5.059644,0.959381,1.907975,VRRATTSCRDSST,0.807692,0.192308
0.1,65536,4,license_plate_bahnschrift.ttf,VJNKYFDZICRAQLPMWHGESOUXBT,3,3,1,0.085,5.059644,0.959381,1.907975,VRRTTISCRDSST,0.807692,0.192308
0.2,65536,4,license_plate_bahnschrift.ttf,VJNKYFDZICRAQLPMWHGESOUXBT,3,3,0,0.17,7.155418,0.919759,1.349142,ZRRTTOCRDST,0.846154,0.153846
0.2,65536,4,license_plate_bahnschrift.ttf,VJNKYFDZICRAQLPMWHGESOUXBT,3,3,1,0.17,7.155418,0.919759,1.349142,VRPATTIOCRDST,0.807692,0.192308
0.3,65536,4,license_plate_bahnschrift.ttf,VJNKYFDZICRAQLPMWHGESOUXBT,3,3,0,0.255,8.763561,0.881116,1.10157,VRITTIDCRDST,0.769231,0.230769
0.3,65536,4,license_plate_bahnschrift.ttf,VJNKYFDZICRAQLPMWHGESOUXBT,3,3,1,0.255,8.763561,0.881116,1.10157,VRTTIDCRDSET,0.769231,0.230769
0.4,65536,4,license_plate_bahnschrift.ttf,VJNKYFDZICRAQLPMWHGESOUXBT,3,3,0,0.34,10.119289,0.843436,0.953987,VRPTDCRDEYT,0.769231,0.230769
0.4,65536,4,license_plate_bahnschrift.ttf,VJNKYFDZICRAQLPMWHGESOUXBT,3,3,1,0.34,10.119289,0.843436,0.953987,VRC,0.923077,0.076923
0.5,65536,4,license_plate_bahnschrift.ttf,VJNKYFDZICRAQLPMWHGESOUXBT,3,3,0,0.425,11.313708,0.8067,0.853272,VRVPTIDCRADSESOLPT,0.653846,0.346154
0.5,65536,4,license_plate_bahnschrift.ttf,VJNKYFDZICRAQLPMWHGESOUXBT,3,3,1,0.425,11.313708,0.8067,0.853272,VRVPTDCRADSESOLT,0.653846,0.346154
0.6,65536,4,license_plate_bahnschrift.ttf,VJNKYFDZICRAQLPMWHGESOUXBT,3,3,0,0.51,12.393547,0.770893,0.778927,VAVEODCRADSYGESOLSRT,0.615385,0.384615
0.6,65536,4,license_plate_bahnschrift.ttf,VJNKYFDZICRAQLPMWHGESOUXBT,3,3,1,0.51,12.393547,0.770893,0.778927,VAVPOSDCRADSYGESOLSRT,0.615385,0.384615
0.7,65536,4,license_plate_bahnschrift.ttf,VJNKYFDZICRAQLPMWHGESOUXBT,3,3,0,0.595,13.38656,0.735998,0.721147,VAARVEODCRADLSVGESOLSDT,0.615385,0.384615
0.7,65536,4,license_plate_bahnschrift.ttf,VJNKYFDZICRAQLPMWHGESOUXBT,3,3,1,0.595,13.38656,0.735998,0.721147,VAARVPODCRADLSVGESOLSDT,0.615385,0.384615
0.8,65536,4,license_plate_bahnschrift.ttf,VJNKYFDZICRAQLPMWHGESOUXBT,3,3,0,0.68,14.310835,0.701998,0.674571,VANPVFODCRAGSVHGESOLST,0.538462,0.461538
0.8,65536,4,license_plate_bahnschrift.ttf,VJNKYFDZICRAQLPMWHGESOUXBT,3,3,1,0.68,14.310835,0.701998,0.674571,VANPVFODCRAGSVHGESOLST,0.538462,0.461538
0.9,65536,4,license_plate_bahnschrift.ttf,VJNKYFDZICRAQLPMWHGESOUXBT,3,3,0,0.765,15.178933,0.668877,0.635992,VANRYFODCRADLOMHGESOLSDT,0.423077,0.576923
0.9,65536,4,license_plate_bahnschrift.ttf,VJNKYFDZICRAQLPMWHGESOUXBT,3,3,1,0.765,15.178933,0.668877,0.635992,VONKYFODCRAGLOVHGESOUSDT,0.384615,0.615385
1.0,65536,4,license_plate_bahnschrift.ttf,VJNKYFDZICRAQLPMWHGESOUXBT,3,3,0,0.85,16.0,0.63662,0.603355,VINRYFODCRAGLOMMHGESOLSRT,0.423077,0.576923
1.0,65536,4,license_plate_bahnschrift.ttf,VJNKYFDZICRAQLPMWHGESOUXBT,3,3,1,0.85,16.0,0.63662,0.603355,VINRYFODCRAGOWMHGESOLSRT,0.461538,0.538462
0.1,4,4,license_plate_bahnschrift.ttf,VJNKYFDZICRAQLPMWHGESOUXBT,3,7,0,0.085,5.059644,0.959381,1.907975,FSUWA,0.884615,0.115385
0.1,4,4,license_plate_bahnschrift.ttf,VJNKYFDZICRAQLPMWHGESOUXBT,3,7,1,0.085,5.059644,0.959381,1.907975,PMS,0.884615,0.115385
0.2,4,4,license_plate_bahnschrift.ttf,VJNKYFDZICRAQLPMWHGESOUXBT,3,7,0,0.17,7.155418,0.919759,1.349142,DYF,0.923077,0.076923
0.2,4,4,license_plate_bahnschrift.ttf,VJNKYFDZICRAQLPMWHGESOUXBT,3,7,1,0.17,7.155418,0.919759,1.349142,FRTO,0.884615,0.115385
0.3,4,4,license_plate_bahnschrift.ttf,VJNKYFDZICRAQLPMWHGESOUXBT,3,7,0,0.255,8.763561,0.881116,1.10157,,1.0,0.0
0.3,4,4,license_plate_bahnschrift.ttf,VJNKYFDZICRAQLPMWHGESOUXBT,3,7,1,0.255,8.763561,0.881116,1.10157,,1.0,0.0
0.4,4,4,license_plate_bahnschrift.ttf,VJNKYFDZICRAQLPMWHGESOUXBT,3,7,0,0.34,10.119289,0.843436,0.953987,EME,0.923077,0.076923
0.4,4,4,license_plate_bahnschrift.ttf,VJNKYFDZICRAQLPMWHGESOUXBT,3,7,1,0.34,10.119289,0.843436,0.953987,LASEGEE,0.884615,0.115385
0.5,4,4,license_plate_bahnschrift.ttf,VJNKYFDZICRAQLPMWHGESOUXBT,3,7,0,0.425,11.313708,0.8067,0.853272,PR,0.961538,0.038462
0.5,4,4,license_plate_bahnschrift.ttf,VJNKYFDZICRAQLPMWHGESOUXBT,3,7,1,0.425,11.313708,0.8067,0.853272,,1.0,0.0
0.6,4,4,license_plate_bahnschrift.ttf,VJNKYFDZICRAQLPMWHGESOUXBT,3,7,0,0.51,12.393547,0.770893,0.778927,,1.0,0.0
0.6,4,4,license_plate_bahnschrift.ttf,VJNKYFDZICRAQLPMWHGESOUXBT,3,7,1,0.51,12.393547,0.770893,0.778927,SAKES,0.884615,0.115385
0.7,4,4,license_plate_bahnschrift.ttf,VJNKYFDZICRAQLPMWHGESOUXBT,3,7,0,0.595,13.38656,0.735998,0.721147,,1.0,0.0
0.7,4,4,license_plate_bahnschrift.ttf,VJNKYFDZICRAQLPMWHGESOUXBT,3,7,1,0.595,13.38656,0.735998,0.721147,,1.0,0.0
0.8,4,4,license_plate_bahnschrift.ttf,VJNKYFDZICRAQLPMWHGESOUXBT,3,7,0,0.68,14.310835,0.701998,0.674571,,1.0,0.0
0.8,4,4,license_plate_bahnschrift.ttf,VJNKYFDZICRAQLPMWHGESOUXBT,3,7,1,0.68,14.310835,0.701998,0.674571,SFRAPEDCE,0.807692,0.192308
0.9,4,4,license_plate_bahnschrift.ttf,VJNKYFDZICRAQLPMWHGESOUXBT,3,7,0,0.765,15.178933,0.668877,0.635992,GRT,0.923077,0.076923
0.9,4,4,license_plate_bahnschrift.ttf,VJNKYFDZICRAQLPMWHGESOUXBT,3,7,1,0.765,15.178933,0.668877,0.635992,,1.0,0.0
1.0,4,4,license_plate_bahnschrift.ttf,VJNKYFDZICRAQLPMWHGESOUXBT,3,7,0,0.85,16.0,0.63662,0.603355,MEAL,0.923077,0.076923
1.0,4,4,license_plate_bahnschrift.ttf,VJNKYFDZICRAQLPMWHGESOUXBT,3,7,1,0.85,16.0,0.63662,0.603355,,1.0,0.0
0.1,16,4,license_plate_bahnschrift.ttf,VJNKYFDZICRAQLPMWHGESOUXBT,3,7,0,0.085,5.059644,0.959381,1.907975,SAENSCAP,0.884615,0.115385
0.1,16,4,license_plate_bahnschrift.ttf,VJNKYFDZICRAQLPMWHGESOUXBT,3,7,1,0.085,5.059644,0.959381,1.907975,RRREMOEAA,0.884615,0.115385
0.2,16,4,license_plate_bahnschrift.ttf,VJNKYFDZICRAQLPMWHGESOUXBT,3,7,0,0.17,7.155418,0.919759,1.349142,SSSBESLSASB,0.884615,0.115385
0.2,16,4,license_plate_bahnschrift.ttf,VJNKYFDZICRAQLPMWHGESOUXBT,3,7,1,0.17,7.155418,0.919759,1.349142,,1.0,0.0
0.3,16,4,license_plate_bahnschrift.ttf,VJNKYFDZICRAQLPMWHGESOUXBT,3,7,0,0.255,8.763561,0.881116,1.10157,LARAPSAATS,0.846154,0.153846
0.3,16,4,license_plate_bahnschrift.ttf,VJNKYFDZICRAQLPMWHGESOUXBT,3,7,1,0.255,8.763561,0.881116,1.10157,ATRERERTYAGOSANOR,0.884615,0.115385
0.4,16,4,license_plate_bahnschrift.ttf,VJNKYFDZICRAQLPMWHGESOUXBT,3,7,0,0.34,10.119289,0.843436,0.953987,WRCURAESS,0.846154,0.153846
0.4,16,4,license_plate_bahnschrift.ttf,VJNKYFDZICRAQLPMWHGESOUXBT,3,7,1,0.34,10.119289,0.843436,0.953987,WRPALBF,0.884615,0.115385
0.5,16,4,license_plate_bahnschrift.ttf,VJNKYFDZICRAQLPMWHGESOUXBT,3,7,0,0.425,11.313708,0.8067,0.853272,,1.0,0.0
0.5,16,4,license_plate_bahnschrift.ttf,VJNKYFDZICRAQLPMWHGESOUXBT,3,7,1,0.425,11.313708,0.8067,0.853272,,1.0,0.0
0.6,16,4,license_plate_bahnschrift.ttf,VJNKYFDZICRAQLPMWHGESOUXBT,3,7,0,0.51,12.393547,0.770893,0.778927,,1.0,0.0
0.6,16,4,license_plate_bahnschrift.ttf,VJNKYFDZICRAQLPMWHGESOUXBT,3,7,1,0.51,12.393547,0.770893,0.778927,ASAOR,0.923077,0.076923
0.7,16,4,license_plate_bahnschrift.ttf,VJNKYFDZICRAQLPMWHGESOUXBT,3,7,0,0.595,13.38656,0.735998,0.721147,,1.0,0.0
0.7,16,4,license_plate_bahnschrift.ttf,VJNKYFDZICRAQLPMWHGESOUXBT,3,7,1,0.595,13.38656,0.735998,0.721147,,1.0,0.0
0.8,16,4,license_plate_bahnschrift.ttf,VJNKYFDZICRAQLPMWHGESOUXBT,3,7,0,0.68,14.310835,0.701998,0.674571,ATEONAI,0.884615,0.115385
0.8,16,4,license_plate_bahnschrift.ttf,VJNKYFDZICRAQLPMWHGESOUXBT,3,7,1,0.68,14.310835,0.701998,0.674571,,1.0,0.0
0.9,16,4,license_plate_bahnschrift.ttf,VJNKYFDZICRAQLPMWHGESOUXBT,3,7,0,0.765,15.178933,0.668877,0.635992,,1.0,0.0
0.9,16,4,license_plate_bahnschrift.ttf,VJNKYFDZICRAQLPMWHGESOUXBT,3,7,1,0.765,15.178933,0.668877,0.635992,,1.0,0.0
1.0,16,4,license_plate_bahnschrift.ttf,VJNKYFDZICRAQLPMWHGESOUXBT,3,7,0,0.85,16.0,0.63662,0.603355,,1.0,0.0
1.0,16,4,license_plate_bahnschrift.ttf,VJNKYFDZICRAQLPMWHGESOUXBT,3,7,1,0.85,16.0,0.63662,0.603355,,1.0,0.0
0.1,64,4,license_plate_bahnschrift.ttf,VJNKYFDZICRAQLPMWHGESOUXBT,3,7,0,0.085,5.059644,0.959381,1.907975,LR,0.961538,0.038462
0.1,64,4,license_plate_bahnschrift.ttf,VJNKYFDZICRAQLPMWHGESOUXBT,3,7,1,0.085,5.059644,0.959381,1.907975,PMSNYELOCERT,0.807692,0.192308
0.2,64,4,license_plate_bahnschrift.ttf,VJNKYFDZICRAQLPMWHGESOUXBT,3,7,0,0.17,7.155418,0.919759,1.349142,VERELRTEAEERE,0.846154,0.153846
0.2,64,4,license_plate_bahnschrift.ttf,VJNKYFDZICRAQLPMWHGESOUXBT,3,7,1,0.17,7.155418,0.919759,1.349142,,1.0,0.0
0.3,64,4,license_plate_bahnschrift.ttf,VJNKYFDZICRAQLPMWHGESOUXBT,3,7,0,0.255,8.763561,0.881116,1.10157,DNARCAE,0.846154,0.153846
0.3,64,4,license_plate_bahnschrift.ttf,VJNKYFDZICRAQLPMWHGESOUXBT,3,7,1,0.255,8.763561,0.881116,1.10157,,1.0,0.0
0.4,64,4,license_plate_bahnschrift.ttf,VJNKYFDZICRAQLPMWHGESOUXBT,3,7,0,0.34,10.119289,0.843436,0.953987,,1.0,0.0
0.4,64,4,license_plate_bahnschrift.ttf,VJNKYFDZICRAQLPMWHGESOUXBT,3,7,1,0.34,10.119289,0.843436,0.953987,ERAGBR,0.846154,0.153846
0.5,64,4,license_plate_bahnschrift.ttf,VJNKYFDZICRAQLPMWHGESOUXBT,3,7,0,0.425,11.313708,0.8067,0.853272,,1.0,0.0
0.5,64,4,license_plate_bahnschrift.ttf,VJNKYFDZICRAQLPMWHGESOUXBT,3,7,1,0.425,11.313708,0.8067,0.853272,ONOTITRIDSMRESTRT,0.730769,0.269231
0.6,64,4,license_plate_bahnschrift.ttf,VJNKYFDZICRAQLPMWHGESOUXBT,3,7,0,0.51,12.393547,0.770893,0.778927,,1.0,0.0
0.6,64,4,license_plate_bahnschrift.ttf,VJNKYFDZICRAQLPMWHGESOUXBT,3,7,1,0.51,12.393547,0.770893,0.778927,,1.0,0.0
0.7,64,4,license_plate_bahnschrift.ttf,VJNKYFDZICRAQLPMWHGESOUXBT,3,7,0,0.595,13.38656,0.735998,0.721147,,1.0,0.0
0.7,64,4,license_plate_bahnschrift.ttf,VJNKYFDZICRAQLPMWHGESOUXBT,3,7,1,0.595,13.38656,0.735998,0.721147,,1.0,0.0
0.8,64,4,license_plate_bahnschrift.ttf,VJNKYFDZICRAQLPMWHGESOUXBT,3,7,0,0.68,14.310835,0.701998,0.674571,YRNRDDTRAGAESRT,0.730769,0.269231
0.8,64,4,license_plate_bahnschrift.ttf,VJNKYFDZICRAQLPMWHGESOUXBT,3,7,1,0.68,14.310835,0.701998,0.674571,,1.0,0.0
0.9,64,4,license_plate_bahnschrift.ttf,VJNKYFDZICRAQLPMWHGESOUXBT,3,7,0,0.765,15.178933,0.668877,0.635992,,1.0,0.0
0.9,64,4,license_plate_bahnschrift.ttf,VJNKYFDZICRAQLPMWHGESOUXBT,3,7,1,0.765,15.178933,0.668877,0.635992,,1.0,0.0
1.0,64,4,license_plate_bahnschrift.ttf,VJNKYFDZICRAQLPMWHGESOUXBT,3,7,0,0.85,16.0,0.63662,0.603355,APUYEODCAALLPMOESOET,0.615385,0.384615
1.0,64,4,license_plate_bahnschrift.ttf,VJNKYFDZICRAQLPMWHGESOUXBT,3,7,1,0.85,16.0,0.63662,0.603355,WWFDDCRAFUMESOART,0.615385,0.384615
0.1,256,4,license_plate_bahnschrift.ttf,VJNKYFDZICRAQLPMWHGESOUXBT,3,7,0,0.085,5.059644,0.959381,1.907975,,1.0,0.0
0.1,256,4,license_plate_bahnschrift.ttf,VJNKYFDZICRAQLPMWHGESOUXBT,3,7,1,0.085,5.059644,0.959381,1.907975,,1.0,0.0
0.2,256,4,license_plate_bahnschrift.ttf,VJNKYFDZICRAQLPMWHGESOUXBT,3,7,0,0.17,7.155418,0.919759,1.349142,PB,0.923077,0.076923
0.2,256,4,license_plate_bahnschrift.ttf,VJNKYFDZICRAQLPMWHGESOUXBT,3,7,1,0.17,7.155418,0.919759,1.349142,WNKOTACRERESAYRET,0.730769,0.269231
0.3,256,4,license_plate_bahnschrift.ttf,VJNKYFDZICRAQLPMWHGESOUXBT,3,7,0,0.255,8.763561,0.881116,1.10157,KIVENAROAUESYRT,0.807692,0.192308
0.3,256,4,license_plate_bahnschrift.ttf,VJNKYFDZICRAQLPMWHGESOUXBT,3,7,1,0.255,8.763561,0.881116,1.10157,VREPESSELSRT,0.807692,0.192308
0.4,256,4,license_plate_bahnschrift.ttf,VJNKYFDZICRAQLPMWHGESOUXBT,3,7,0,0.34,10.119289,0.843436,0.953987,YREVEOACABUSRT,0.846154,0.153846
0.4,256,4,license_plate_bahnschrift.ttf,VJNKYFDZICRAQLPMWHGESOUXBT,3,7,1,0.34,10.119289,0.843436,0.953987,MOVEDACRGSSRT,0.769231,0.230769
0.5,256,4,license_plate_bahnschrift.ttf,VJNKYFDZICRAQLPMWHGESOUXBT,3,7,0,0.425,11.313708,0.8067,0.853272,VRRVEIAERSRT,0.807692,0.192308
0.5,256,4,license_plate_bahnschrift.ttf,VJNKYFDZICRAQLPMWHGESOUXBT,3,7,1,0.425,11.313708,0.8067,0.853272,VREVEOACRSRT,0.807692,0.192308
0.6,256,4,license_plate_bahnschrift.ttf,VJNKYFDZICRAQLPMWHGESOUXBT,3,7,0,0.51,12.393547,0.770893,0.778927,CNEVPODCRNGESUNPSST,0.769231,0.230769
0.6,256,4,license_plate_bahnschrift.ttf,VJNKYFDZICRAQLPMWHGESOUXBT,3,7,1,0.51,12.393547,0.770893,0.778927,VREVEOACRPESRT,0.730769,0.269231
0.7,256,4,license_plate_bahnschrift.ttf,VJNKYFDZICRAQLPMWHGESOUXBT,3,7,0,0.595,13.38656,0.735998,0.721147,VRECRAGPUMESRT,0.692308,0.307692
0.7,256,4,license_plate_bahnschrift.ttf,VJNKYFDZICRAQLPMWHGESOUXBT,3,7,1,0.595,13.38656,0.735998,0.721147,JOWAVPODCRAGOSERT,0.730769,0.269231
0.8,256,4,license_plate_bahnschrift.ttf,VJNKYFDZICRAQLPMWHGESOUXBT,3,7,0,0.68,14.310835,0.701998,0.674571,VNEVEODCRAGEPESPBT,0.615385,0.384615
0.8,256,4,license_plate_bahnschrift.ttf,VJNKYFDZICRAQLPMWHGESOUXBT,3,7,1,0.68,14.310835,0.701998,0.674571,VARRVPTIDCRAGOVFRT,0.730769,0.269231
0.9,256,4,license_plate_bahnschrift.ttf,VJNKYFDZICRAQLPMWHGESOUXBT,3,7,0,0.765,15.178933,0.668877,0.635992,VANRYPRDCRAGEPMHESOERT,0.5,0.5
0.9,256,4,license_plate_bahnschrift.ttf,VJNKYFDZICRAQLPMWHGESOUXBT,3,7,1,0.765,15.178933,0.668877,0.635992,VNPVEDDCRAGPMSORT,0.576923,0.423077
1.0,256,4,license_plate_bahnschrift.ttf,VJNKYFDZICRAQLPMWHGESOUXBT,3,7,0,0.85,16.0,0.63662,0.603355,VAKVFODCRAGPMESOUTAT,0.5,0.5
1.0,256,4,license_plate_bahnschrift.ttf,VJNKYFDZICRAQLPMWHGESOUXBT,3,7,1,0.85,16.0,0.63662,0.603355,VANAVETDCRAGPESOLORT,0.615385,0.384615
0.1,1024,4,license_plate_bahnschrift.ttf,VJNKYFDZICRAQLPMWHGESOUXBT,3,7,0,0.085,5.059644,0.959381,1.907975,VREVETOPRCRT,0.846154,0.153846
0.1,1024,4,license_plate_bahnschrift.ttf,VJNKYFDZICRAQLPMWHGESOUXBT,3,7,1,0.085,5.059644,0.959381,1.907975,YRETEPRMTRT,0.846154,0.153846
0.2,1024,4,license_plate_bahnschrift.ttf,VJNKYFDZICRAQLPMWHGESOUXBT,3,7,0,0.17,7.155418,0.919759,1.349142,FREVETOCRBRT,0.807692,0.192308
0.2,1024,4,license_plate_bahnschrift.ttf,VJNKYFDZICRAQLPMWHGESOUXBT,3,7,1,0.17,7.155418,0.919759,1.349142,YREVETOCRCBRT,0.846154,0.153846
0.3,1024,4,license_plate_bahnschrift.ttf,VJNKYFDZICRAQLPMWHGESOUXBT,3,7,0,0.255,8.763561,0.881116,1.10157,VREVETOCRBESRT,0.769231,0.230769
0.3,1024,4,license_plate_bahnschrift.ttf,VJNKYFDZICRAQLPMWHGESOUXBT,3,7,1,0.255,8.763561,0.881116,1.10157,VREVETIACRBESRT,0.769231,0.230769
0.4,1024,4,license_plate_bahnschrift.ttf,VJNKYFDZICRAQLPMWHGESOUXBT,3,7,0,0.34,10.119289,0.843436,0.953987,VREVETIACRBORT,0.807692,0.192308
0.4,1024,4,license_plate_bahnschrift.ttf,VJNKYFDZICRAQLPMWHGESOUXBT,3,7,1,0.34,10.119289,0.843436,0.953987,VREVEIACRHERT,0.769231,0.230769
0.5,1024,4,license_plate_bahnschrift.ttf,VJNKYFDZICRAQLPMWHGESOUXBT,3,7,0,0.425,11.313708,0.8067,0.853272,VREVETIACROECRT,0.807692,0.192308
0.5,1024,4,license_plate_bahnschrift.ttf,VJNKYFDZICRAQLPMWHGESOUXBT,3,7,1,0.425,11.313708,0.8067,0.853272,VREVETACRGBRT,0.807692,0.192308
0.6,1024,4,license_plate_bahnschrift.ttf,VJNKYFDZICRAQLPMWHGESOUXBT,3,7,0,0.51,12.393547,0.770893,0.778927,VNPVEIACREGPSRT,0.730769,0.269231
0.6,1024,4,license_plate_bahnschrift.ttf,VJNKYFDZICRAQLPMWHGESOUXBT,3,7,1,0.51,12.393547,0.770893,0.778927,VRRVEODCRGOEORT,0.730769,0.269231
0.7,1024,4,license_plate_bahnschrift.ttf,VJNKYFDZICRAQLPMWHGESOUXBT,3,7,0,0.595,13.38656,0.735998,0.721147,VOARVETIACRALCECRT,0.730769,0.269231
0.7,1024,4,license_plate_bahnschrift.ttf,VJNKYFDZICRAQLPMWHGESOUXBT,3,7,1,0.595,13.38656,0.735998,0.721147,VANRVETIDCRAGOESRT,0.692308,0.307692
0.8,1024,4,license_plate_bahnschrift.ttf,VJNKYFDZICRAQLPMWHGESOUXBT,3,7,0,0.68,14.310835,0.701998,0.674571,VARVEODCRAGPESSRT,0.653846,0.346154
0.8,1024,4,license_plate_bahnschrift.ttf,VJNKYFDZICRAQLPMWHGESOUXBT,3,7,1,0.68,14.310835,0.701998,0.674571,VANRYFDDCRAGPESOSRT,0.5,0.5
0.9,1024,4,license_plate_bahnschrift.ttf,VJNKYFDZICRAQLPMWHGESOUXBT,3,7,0,0.765,15.178933,0.668877,0.635992,VANRVEOLDCRAGEPWESOSRT,0.576923,0.423077
0.9,1024,4,license_plate_bahnschrift.ttf,VJNKYFDZICRAQLPMWHGESOUXBT,3,7,1,0.765,15.178933,0.668877,0.635992,VANRVEODCRAGPESOORT,0.615385,0.384615
1.0,1024,4,license_plate_bahnschrift.ttf,VJNKYFDZICRAQLPMWHGESOUXBT,3,7,0,0.85,16.0,0.63662,0.603355,VANRYFODCRAGPESSBT,0.538462,0.461538
1.0,1024,4,license_plate_bahnschrift.ttf,VJNKYFDZICRAQLPMWHGESOUXBT,3,7,1,0.85,16.0,0.63662,0.603355,VAWRVFODCRAGPVESOSRT,0.615385,0.384615
0.1,4096,4,license_plate_bahnschrift.ttf,VJNKYFDZICRAQLPMWHGESOUXBT,3,7,0,0.085,5.059644,0.959381,1.907975,YREVETSORSRT,0.807692,0.192308
0.1,4096,4,license_plate_bahnschrift.ttf,VJNKYFDZICRAQLPMWHGESOUXBT,3,7,1,0.085,5.059644,0.959381,1.907975,FREVETEPRORT,0.846154,0.153846
0.2,4096,4,license_plate_bahnschrift.ttf,VJNKYFDZICRAQLPMWHGESOUXBT,3,7,0,0.17,7.155418,0.919759,1.349142,YREVETARBRT,0.846154,0.153846
0.2,4096,4,license_plate_bahnschrift.ttf,VJNKYFDZICRAQLPMWHGESOUXBT,3,7,1,0.17,7.155418,0.919759,1.349142,VREVETOPRSRT,0.846154,0.153846
0.3,4096,4,license_plate_bahnschrift.ttf,VJNKYFDZICRAQLPMWHGESOUXBT,3,7,0,0.255,8.763561,0.881116,1.10157,VREVETACRBERT,0.807692,0.192308
0.3,4096,4,license_plate_bahnschrift.ttf,VJNKYFDZICRAQLPMWHGESOUXBT,3,7,1,0.255,8.763561,0.881116,1.10157,VARRVETOAPRSRT,0.807692,0.192308
0.4,4096,4,license_plate_bahnschrift.ttf,VJNKYFDZICRAQLPMWHGESOUXBT,3,7,0,0.34,10.119289,0.843436,0.953987,VRRVENACRASORT,0.730769,0.269231
0.4,4096,4,license_plate_bahnschrift.ttf,VJNKYFDZICRAQLPMWHGESOUXBT,3,7,1,0.34,10.119289,0.843436,0.953987,VREVETOCRSRT,0.807692,0.192308
0.5,4096,4,license_plate_bahnschrift.ttf,VJNKYFDZICRAQLPMWHGESOUXBT,3,7,0,0.425,11.313708,0.8067,0.853272,VRRVETIACRGPEORT,0.730769,0.269231
0.5,4096,4,license_plate_bahnschrift.ttf,VJNKYFDZICRAQLPMWHGESOUXBT,3,7,1,0.425,11.313708,0.8067,0.853272,VRPVETIACRPRT,0.807692,0.192308
0.6,4096,4,license_plate_bahnschrift.ttf,VJNKYFDZICRAQLPMWHGESOUXBT,3,7,0,0.51,12.393547,0.770893,0.778927,VONEVETIACRAGOEORT,0.692308,0.307692
0.6,4096,4,license_plate_bahnschrift.ttf,VJNKYFDZICRAQLPMWHGESOUXBT,3,7,1,0.51,12.393547,0.770893,0.778927,VAEVETIACRAGSECORT,0.730769,0.269231
0.7,4096,4,license_plate_bahnschrift.ttf,VJNKYFDZICRAQLPMWHGESOUXBT,3,7,0,0.595,13.38656,0.735998,0.721147,VONEVEACRAGEPCRT,0.692308,0.307692
0.7,4096,4,license_plate_bahnschrift.ttf,VJNKYFDZICRAQLPMWHGESOUXBT,3,7,1,0.595,13.38656,0.735998,0.721147,VONRVEDACRAGPSORT,0.615385,0.384615
0.8,4096,4,license_plate_bahnschrift.ttf,VJNKYFDZICRAQLPMWHGESOUXBT,3,7,0,0.68,14.310835,0.701998,0.674571,VAVRVEODCRAGPVESOORT,0.653846,0.346154
0.8,4096,4,license_plate_bahnschrift.ttf,VJNKYFDZICRAQLPMWHGESOUXBT,3,7,1,0.68,14.310835,0.701998,0.674571,VANEVPODCRAGPESOSRT,0.615385,0.384615
0.9,4096,4,license_plate_bahnschrift.ttf,VJNKYFDZICRAQLPMWHGESOUXBT,3,7,0,0.765,15.178933,0.668877,0.635992,VANRVEODCRAGPWSOSRT,0.615385,0.384615
0.9,4096,4,license_plate_bahnschrift.ttf,VJNKYFDZICRAQLPMWHGESOUXBT,3,7,1,0.765,15.178933,0.668877,0.635992,VANRVFODCRAGPWESOTRT,0.538462,0.461538
1.0,4096,4,license_plate_bahnschrift.ttf,VJNKYFDZICRAQLPMWHGESOUXBT,3,7,0,0.85,16.0,0.63662,0.603355,VANRYFODCRAGPWESOOBT,0.461538,0.538462
1.0,4096,4,license_plate_bahnschrift.ttf,VJNKYFDZICRAQLPMWHGESOUXBT,3,7,1,0.85,16.0,0.63662,0.603355,VANAVFODCRAGPESOORT,0.576923,0.423077
0.1,16384,4,license_plate_bahnschrift.ttf,VJNKYFDZICRAQLPMWHGESOUXBT,3,7,0,0.085,5.059644,0.959381,1.907975,YREVETOPRRT,0.807692,0.192308
0.1,16384,4,license_plate_bahnschrift.ttf,VJNKYFDZICRAQLPMWHGESOUXBT,3,7,1,0.085,5.059644,0.959381,1.907975,YREVETORORT,0.807692,0.192308
0.2,16384,4,license_plate_bahnschrift.ttf,VJNKYFDZICRAQLPMWHGESOUXBT,3,7,0,0.17,7.155418,0.919759,1.349142,VREVETOPRBRT,0.807692,0.192308
0.2,16384,4,license_plate_bahnschrift.ttf,VJNKYFDZICRAQLPMWHGESOUXBT,3,7,1,0.17,7.155418,0.919759,1.349142,VREVETOCRSRT,0.807692,0.192308
0.3,16384,4,license_plate_bahnschrift.ttf,VJNKYFDZICRAQLPMWHGESOUXBT,3,7,0,0.255,8.763561,0.881116,1.10157,VREVETIACRBSRT,0.807692,0.192308
0.3,16384,4,license_plate_bahnschrift.ttf,VJNKYFDZICRAQLPMWHGESOUXBT,3,7,1,0.255,8.763561,0.881116,1.10157,VRRVETIACRBEORT,0.769231,0.230769
0.4,16384,4,license_plate_bahnschrift.ttf,VJNKYFDZICRAQLPMWHGESOUXBT,3,7,0,0.34,10.119289,0.843436,0.953987,VRRVETACRPRT,0.807692,0.192308
0.4,16384,4,license_plate_bahnschrift.ttf,VJNKYFDZICRAQLPMWHGESOUXBT,3,7,1,0.34,10.119289,0.843436,0.953987,VREVETACRERT,0.807692,0.192308
0.5,16384,4,license_plate_bahnschrift.ttf,VJNKYFDZICRAQLPMWHGESOUXBT,3,7,0,0.425,11.313708,0.8067,0.853272,VAEVETIACRGCERT,0.807692,0.192308
0.5,16384,4,license_plate_bahnschrift.ttf,VJNKYFDZICRAQLPMWHGESOUXBT,3,7,1,0.425,11.313708,0.8067,0.853272,VREVETIACRGPORT,0.769231,0.230769
0.6,16384,4,license_plate_bahnschrift.ttf,VJNKYFDZICRAQLPMWHGESOUXBT,3,7,0,0.51,12.393547,0.770893,0.778927,VONRVETIACRAGOEORT,0.692308,0.307692
0.6,16384,4,license_plate_bahnschrift.ttf,VJNKYFDZICRAQLPMWHGESOUXBT,3,7,1,0.51,12.393547,0.770893,0.778927,VOARVETIACRGOEORT,0.769231,0.230769
0.7,16384,4,license_plate_bahnschrift.ttf,VJNKYFDZICRAQLPMWHGESOUXBT,3,7,0,0.595,13.38656,0.735998,0.721147,VANRVEDACRAGPSRT,0.653846,0.346154
0.7,16384,4,license_plate_bahnschrift.ttf,VJNKYFDZICRAQLPMWHGESOUXBT,3,7,1,0.595,13.38656,0.735998,0.721147,VANRVEDACRAGPESLRT,0.615385,0.384615
0.8,16384,4,license_plate_bahnschrift.ttf,VJNKYFDZICRAQLPMWHGESOUXBT,3,7,0,0.68,14.310835,0.701998,0.674571,VANRVFODCRAGPESOORT,0.576923,0.423077
0.8,16384,4,license_plate_bahnschrift.ttf,VJNKYFDZICRAQLPMWHGESOUXBT,3,7,1,0.68,14.310835,0.701998,0.674571,VANRVFODCRAGPESORT,0.576923,0.423077
0.9,16384,4,license_plate_bahnschrift.ttf,VJNKYFDZICRAQLPMWHGESOUXBT,3,7,0,0.765,15.178933,0.668877,0.635992,VANRVEODCRAGEPSOSRT,0.653846,0.346154
0.9,16384,4,license_plate_bahnschrift.ttf,VJNKYFDZICRAQLPMWHGESOUXBT,3,7,1,0.765,15.178933,0.668877,0.635992,VANRVEODCRAGPWSOSRT,0.615385,0.384615
1.0,16384,4,license_plate_bahnschrift.ttf,VJNKYFDZICRAQLPMWHGESOUXBT,3,7,0,0.85,16.0,0.63662,0.603355,VANRVFODCRAGPESOORT,0.576923,0.423077
1.0,16384,4,license_plate_bahnschrift.ttf,VJNKYFDZICRAQLPMWHGESOUXBT,3,7,1,0.85,16.0,0.63662,0.603355,VANRVFODCRAGPVESOSRT,0.576923,0.423077
0.1,65536,4,license_plate_bahnschrift.ttf,VJNKYFDZICRAQLPMWHGESOUXBT,3,7,0,0.085,5.059644,0.959381,1.907975,YREVETIORSRT,0.846154,0.153846
0.1,65536,4,license_plate_bahnschrift.ttf,VJNKYFDZICRAQLPMWHGESOUXBT,3,7,1,0.085,5.059644,0.959381,1.907975,YREVETIORORT,0.846154,0.153846
0.2,65536,4,license_plate_bahnschrift.ttf,VJNKYFDZICRAQLPMWHGESOUXBT,3,7,0,0.17,7.155418,0.919759,1.349142,VREVETOPRSSRT,0.846154,0.153846
0.2,65536,4,license_plate_bahnschrift.ttf,VJNKYFDZICRAQLPMWHGESOUXBT,3,7,1,0.17,7.155418,0.919759,1.349142,VREVETIOCRSRT,0.807692,0.192308
0.3,65536,4,license_plate_bahnschrift.ttf,VJNKYFDZICRAQLPMWHGESOUXBT,3,7,0,0.255,8.763561,0.881116,1.10157,VREVETACRBORT,0.807692,0.192308
0.3,65536,4,license_plate_bahnschrift.ttf,VJNKYFDZICRAQLPMWHGESOUXBT,3,7,1,0.255,8.763561,0.881116,1.10157,VREVETIACRGBORT,0.769231,0.230769
0.4,65536,4,license_plate_bahnschrift.ttf,VJNKYFDZICRAQLPMWHGESOUXBT,3,7,0,0.34,10.119289,0.843436,0.953987,VRRVETACRPERT,0.769231,0.230769
0.4,65536,4,license_plate_bahnschrift.ttf,VJNKYFDZICRAQLPMWHGESOUXBT,3,7,1,0.34,10.119289,0.843436,0.953987,VRRVETACRPERT,0.769231,0.230769
0.5,65536,4,license_plate_bahnschrift.ttf,VJNKYFDZICRAQLPMWHGESOUXBT,3,7,0,0.425,11.313708,0.8067,0.853272,VREVETIACRGPERT,0.769231,0.230769
0.5,65536,4,license_plate_bahnschrift.ttf,VJNKYFDZICRAQLPMWHGESOUXBT,3,7,1,0.425,11.313708,0.8067,0.853272,VRRVETIACRAGPSRT,0.730769,0.269231
0.6,65536,4,license_plate_bahnschrift.ttf,VJNKYFDZICRAQLPMWHGESOUXBT,3,7,0,0.51,12.393547,0.770893,0.778927,VONRVETIACRAGOEORT,0.692308,0.307692
0.6,65536,4,license_plate_bahnschrift.ttf,VJNKYFDZICRAQLPMWHGESOUXBT,3,7,1,0.51,12.393547,0.770893,0.778927,VOAKVETIACRGSESORT,0.692308,0.307692
0.7,65536,4,license_plate_bahnschrift.ttf,VJNKYFDZICRAQLPMWHGESOUXBT,3,7,0,0.595,13.38656,0.735998,0.721147,VONEVETIACRAGORT,0.692308,0.307692
0.7,65536,4,license_plate_bahnschrift.ttf,VJNKYFDZICRAQLPMWHGESOUXBT,3,7,1,0.595,13.38656,0.735998,0.721147,VARVEDDCRAGPYSORT,0.653846,0.346154
0.8,65536,4,license_plate_bahnschrift.ttf,VJNKYFDZICRAQLPMWHGESOUXBT,3,7,0,0.68,14.310835,0.701998,0.674571,VANRVFODCRAGPESOORT,0.576923,0.423077
0.8,65536,4,license_plate_bahnschrift.ttf,VJNKYFDZICRAQLPMWHGESOUXBT,3,7,1,0.68,14.310835,0.701998,0.674571,VANRVFODCRAGPESORT,0.576923,0.423077
0.9,65536,4,license_plate_bahnschrift.ttf,VJNKYFDZICRAQLPMWHGESOUXBT,3,7,0,0.765,15.178933,0.668877,0.635992,VANRVEODCRAGPSOSRT,0.653846,0.346154
0.9,65536,4,license_plate_bahnschrift.ttf,VJNKYFDZICRAQLPMWHGESOUXBT,3,7,1,0.765,15.178933,0.668877,0.635992,VANRVEODCRAGEPSOSRT,0.653846,0.346154
1.0,65536,4,license_plate_bahnschrift.ttf,VJNKYFDZICRAQLPMWHGESOUXBT,3,7,0,0.85,16.0,0.63662,0.603355,VANRVFODCRAGPESOORT,0.576923,0.423077
1.0,65536,4,license_plate_bahnschrift.ttf,VJNKYFDZICRAQLPMWHGESOUXBT,3,7,1,0.85,16.0,0.63662,0.603355,VANRVFODCRAGPESOORT,0.576923,0.423077
0.1,4,4,license_plate_bahnschrift.ttf,VJNKYFDZICRAQLPMWHGESOUXBT,3,11,0,0.085,5.059644,0.959381,1.907975,,1.0,0.0
0.1,4,4,license_plate_bahnschrift.ttf,VJNKYFDZICRAQLPMWHGESOUXBT,3,11,1,0.085,5.059644,0.959381,1.907975,,1.0,0.0
0.2,4,4,license_plate_bahnschrift.ttf,VJNKYFDZICRAQLPMWHGESOUXBT,3,11,0,0.17,7.155418,0.919759,1.349142,,1.0,0.0
0.2,4,4,license_plate_bahnschrift.ttf,VJNKYFDZICRAQLPMWHGESOUXBT,3,11,1,0.17,7.155418,0.919759,1.349142,,1.0,0.0
0.3,4,4,license_plate_bahnschrift.ttf,VJNKYFDZICRAQLPMWHGESOUXBT,3,11,0,0.255,8.763561,0.881116,1.10157,LFA,0.923077,0.076923
0.3,4,4,license_plate_bahnschrift.ttf,VJNKYFDZICRAQLPMWHGESOUXBT,3,11,1,0.255,8.763561,0.881116,1.10157,YERRDSDU,0.846154,0.153846
0.4,4,4,license_plate_bahnschrift.ttf,VJNKYFDZICRAQLPMWHGESOUXBT,3,11,0,0.34,10.119289,0.843436,0.953987,,1.0,0.0
0.4,4,4,license_plate_bahnschrift.ttf,VJNKYFDZICRAQLPMWHGESOUXBT,3,11,1,0.34,10.119289,0.843436,0.953987,ESARSSA,0.923077,0.076923
0.5,4,4,license_plate_bahnschrift.ttf,VJNKYFDZICRAQLPMWHGESOUXBT,3,11,0,0.425,11.313708,0.8067,0.853272,BTNP,0.923077,0.076923
0.5,4,4,license_plate_bahnschrift.ttf,VJNKYFDZICRAQLPMWHGESOUXBT,3,11,1,0.425,11.313708,0.8067,0.853272,FE,0.923077,0.076923
0.6,4,4,license_plate_bahnschrift.ttf,VJNKYFDZICRAQLPMWHGESOUXBT,3,11,0,0.51,12.393547,0.770893,0.778927,EISSEYTAO,0.923077,0.076923
0.6,4,4,license_plate_bahnschrift.ttf,VJNKYFDZICRAQLPMWHGESOUXBT,3,11,1,0.51,12.393547,0.770893,0.778927,,1.0,0.0
0.7,4,4,license_plate_bahnschrift.ttf,VJNKYFDZICRAQLPMWHGESOUXBT,3,11,0,0.595,13.38656,0.735998,0.721147,,1.0,0.0
0.7,4,4,license_plate_bahnschrift.ttf,VJNKYFDZICRAQLPMWHGESOUXBT,3,11,1,0.595,13.38656,0.735998,0.721147,SPPALSB,0.846154,0.153846
0.8,4,4,license_plate_bahnschrift.ttf,VJNKYFDZICRAQLPMWHGESOUXBT,3,11,0,0.68,14.310835,0.701998,0.674571,,1.0,0.0
0.8,4,4,license_plate_bahnschrift.ttf,VJNKYFDZICRAQLPMWHGESOUXBT,3,11,1,0.68,14.310835,0.701998,0.674571,,1.0,0.0
0.9,4,4,license_plate_bahnschrift.ttf,VJNKYFDZICRAQLPMWHGESOUXBT,3,11,0,0.765,15.178933,0.668877,0.635992,,1.0,0.0
0.9,4,4,license_plate_bahnschrift.ttf,VJNKYFDZICRAQLPMWHGESOUXBT,3,11,1,0.765,15.178933,0.668877,0.635992,,1.0,0.0
1.0,4,4,license_plate_bahnschrift.ttf,VJNKYFDZICRAQLPMWHGESOUXBT,3,11,0,0.85,16.0,0.63662,0.603355,,1.0,0.0
1.0,4,4,license_plate_bahnschrift.ttf,VJNKYFDZICRAQLPMWHGESOUXBT,3,11,1,0.85,16.0,0.63662,0.603355,PR,0.961538,0.038462
0.1,16,4,license_plate_bahnschrift.ttf,VJNKYFDZICRAQLPMWHGESOUXBT,3,11,0,0.085,5.059644,0.959381,1.907975,N,0.961538,0.038462
0.1,16,4,license_plate_bahnschrift.ttf,VJNKYFDZICRAQLPMWHGESOUXBT,3,11,1,0.085,5.059644,0.959381,1.907975,,1.0,0.0
0.2,16,4,license_plate_bahnschrift.ttf,VJNKYFDZICRAQLPMWHGESOUXBT,3,11,0,0.17,7.155418,0.919759,1.349142,LORE,0.923077,0.076923
0.2,16,4,license_plate_bahnschrift.ttf,VJNKYFDZICRAQLPMWHGESOUXBT,3,11,1,0.17,7.155418,0.919759,1.349142,ASICS,0.884615,0.115385
0.3,16,4,license_plate_bahnschrift.ttf,VJNKYFDZICRAQLPMWHGESOUXBT,3,11,0,0.255,8.763561,0.881116,1.10157,LVLRR,0.961538,0.038462
0.3,16,4,license_plate_bahnschrift.ttf,VJNKYFDZICRAQLPMWHGESOUXBT,3,11,1,0.255,8.763561,0.881116,1.10157,NURSE,0.884615,0.115385
0.4,16,4,license_plate_bahnschrift.ttf,VJNKYFDZICRAQLPMWHGESOUXBT,3,11,0,0.34,10.119289,0.843436,0.953987,OAROASLRE,0.884615,0.115385
0.4,16,4,license_plate_bahnschrift.ttf,VJNKYFDZICRAQLPMWHGESOUXBT,3,11,1,0.34,10.119289,0.843436,0.953987,,1.0,0.0
0.5,16,4,license_plate_bahnschrift.ttf,VJNKYFDZICRAQLPMWHGESOUXBT,3,11,0,0.425,11.313708,0.8067,0.853272,,1.0,0.0
0.5,16,4,license_plate_bahnschrift.ttf,VJNKYFDZICRAQLPMWHGESOUXBT,3,11,1,0.425,11.313708,0.8067,0.853272,,1.0,0.0
0.6,16,4,license_plate_bahnschrift.ttf,VJNKYFDZICRAQLPMWHGESOUXBT,3,11,0,0.51,12.393547,0.770893,0.778927,ASRROE,0.923077,0.076923
0.6,16,4,license_plate_bahnschrift.ttf,VJNKYFDZICRAQLPMWHGESOUXBT,3,11,1,0.51,12.393547,0.770893,0.778927,,1.0,0.0
0.7,16,4,license_plate_bahnschrift.ttf,VJNKYFDZICRAQLPMWHGESOUXBT,3,11,0,0.595,13.38656,0.735998,0.721147,EB,0.923077,0.076923
0.7,16,4,license_plate_bahnschrift.ttf,VJNKYFDZICRAQLPMWHGESOUXBT,3,11,1,0.595,13.38656,0.735998,0.721147,REEBPOSNABC,0.846154,0.153846
0.8,16,4,license_plate_bahnschrift.ttf,VJNKYFDZICRAQLPMWHGESOUXBT,3,11,0,0.68,14.310835,0.701998,0.674571,GAAVEASBF,0.884615,0.115385
0.8,16,4,license_plate_bahnschrift.ttf,VJNKYFDZICRAQLPMWHGESOUXBT,3,11,1,0.68,14.310835,0.701998,0.674571,,1.0,0.0
0.9,16,4,license_plate_bahnschrift.ttf,VJNKYFDZICRAQLPMWHGESOUXBT,3,11,0,0.765,15.178933,0.668877,0.635992,,1.0,0.0
0.9,16,4,license_plate_bahnschrift.ttf,VJNKYFDZICRAQLPMWHGESOUXBT,3,11,1,0.765,15.178933,0.668877,0.635992,RORDARIDTA,0.923077,0.076923
1.0,16,4,license_plate_bahnschrift.ttf,VJNKYFDZICRAQLPMWHGESOUXBT,3,11,0,0.85,16.0,0.63662,0.603355,,1.0,0.0
1.0,16,4,license_plate_bahnschrift.ttf,VJNKYFDZICRAQLPMWHGESOUXBT,3,11,1,0.85,16.0,0.63662,0.603355,ORFSUYRT,0.846154,0.153846
0.1,64,4,license_plate_bahnschrift.ttf,VJNKYFDZICRAQLPMWHGESOUXBT,3,11,0,0.085,5.059644,0.959381,1.907975,V,0.961538,0.038462
0.1,64,4,license_plate_bahnschrift.ttf,VJNKYFDZICRAQLPMWHGESOUXBT,3,11,1,0.085,5.059644,0.959381,1.907975,,1.0,0.0
0.2,64,4,license_plate_bahnschrift.ttf,VJNKYFDZICRAQLPMWHGESOUXBT,3,11,0,0.17,7.155418,0.919759,1.349142,,1.0,0.0
0.2,64,4,license_plate_bahnschrift.ttf,VJNKYFDZICRAQLPMWHGESOUXBT,3,11,1,0.17,7.155418,0.919759,1.349142,,1.0,0.0
0.3,64,4,license_plate_bahnschrift.ttf,VJNKYFDZICRAQLPMWHGESOUXBT,3,11,0,0.255,8.763561,0.881116,1.10157,GMAEUBP,0.846154,0.153846
0.3,64,4,license_plate_bahnschrift.ttf,VJNKYFDZICRAQLPMWHGESOUXBT,3,11,1,0.255,8.763561,0.881116,1.10157,,1.0,0.0
0.4,64,4,license_plate_bahnschrift.ttf,VJNKYFDZICRAQLPMWHGESOUXBT,3,11,0,0.34,10.119289,0.843436,0.953987,,1.0,0.0
0.4,64,4,license_plate_bahnschrift.ttf,VJNKYFDZICRAQLPMWHGESOUXBT,3,11,1,0.34,10.119289,0.843436,0.953987,,1.0,0.0
0.5,64,4,license_plate_bahnschrift.ttf,VJNKYFDZICRAQLPMWHGESOUXBT,3,11,0,0.425,11.313708,0.8067,0.853272,SSOOSB,0.884615,0.115385
0.5,64,4,license_plate_bahnschrift.ttf,VJNKYFDZICRAQLPMWHGESOUXBT,3,11,1,0.425,11.313708,0.8067,0.853272,,1.0,0.0
0.6,64,4,license_plate_bahnschrift.ttf,VJNKYFDZICRAQLPMWHGESOUXBT,3,11,0,0.51,12.393547,0.770893,0.778927,DG,0.923077,0.076923
0.6,64,4,license_plate_bahnschrift.ttf,VJNKYFDZICRAQLPMWHGESOUXBT,3,11,1,0.51,12.393547,0.770893,0.778927,CRCOUMS,0.846154,0.153846
0.7,64,4,license_plate_bahnschrift.ttf,VJNKYFDZICRAQLPMWHGESOUXBT,3,11,0,0.595,13.38656,0.735998,0.721147,AARPODOUEDSET,0.846154,0.153846
0.7,64,4,license_plate_bahnschrift.ttf,VJNKYFDZICRAQLPMWHGESOUXBT,3,11,1,0.595,13.38656,0.735998,0.721147,,1.0,0.0
0.8,64,4,license_plate_bahnschrift.ttf,VJNKYFDZICRAQLPMWHGESOUXBT,3,11,0,0.68,14.310835,0.701998,0.674571,,1.0,0.0
0.8,64,4,license_plate_bahnschrift.ttf,VJNKYFDZICRAQLPMWHGESOUXBT,3,11,1,0.68,14.310835,0.701998,0.674571,T,0.961538,0.038462
0.9,64,4,license_plate_bahnschrift.ttf,VJNKYFDZICRAQLPMWHGESOUXBT,3,11,0,0.765,15.178933,0.668877,0.635992,WRFUDLNOESBT,0.769231,0.230769
0.9,64,4,license_plate_bahnschrift.ttf,VJNKYFDZICRAQLPMWHGESOUXBT,3,11,1,0.765,15.178933,0.668877,0.635992,,1.0,0.0
1.0,64,4,license_plate_bahnschrift.ttf,VJNKYFDZICRAQLPMWHGESOUXBT,3,11,0,0.85,16.0,0.63662,0.603355,,1.0,0.0
1.0,64,4,license_plate_bahnschrift.ttf,VJNKYFDZICRAQLPMWHGESOUXBT,3,11,1,0.85,16.0,0.63662,0.603355,RDYSOOCPMOEURT,0.730769,0.269231
0.1,256,4,license_plate_bahnschrift.ttf,VJNKYFDZICRAQLPMWHGESOUXBT,3,11,0,0.085,5.059644,0.959381,1.907975,,1.0,0.0
0.1,256,4,license_plate_bahnschrift.ttf,VJNKYFDZICRAQLPMWHGESOUXBT,3,11,1,0.085,5.059644,0.959381,1.907975,,1.0,0.0
0.2,256,4,license_plate_bahnschrift.ttf,VJNKYFDZICRAQLPMWHGESOUXBT,3,11,0,0.17,7.155418,0.919759,1.349142,ERRNPUSTHAASBT,0.807692,0.192308
0.2,256,4,license_plate_bahnschrift.ttf,VJNKYFDZICRAQLPMWHGESOUXBT,3,11,1,0.17,7.155418,0.919759,1.349142,LRRWUDUAI,0.884615,0.115385
0.3,256,4,license_plate_bahnschrift.ttf,VJNKYFDZICRAQLPMWHGESOUXBT,3,11,0,0.255,8.763561,0.881116,1.10157,OLAUOHAMBE,0.884615,0.115385
0.3,256,4,license_plate_bahnschrift.ttf,VJNKYFDZICRAQLPMWHGESOUXBT,3,11,1,0.255,8.763561,0.881116,1.10157,YWRVPUCOMAMLSFBI,0.846154,0.153846
0.4,256,4,license_plate_bahnschrift.ttf,VJNKYFDZICRAQLPMWHGESOUXBT,3,11,0,0.34,10.119289,0.843436,0.953987,VAPRYPUDCOHAEB,0.769231,0.230769
0.4,256,4,license_plate_bahnschrift.ttf,VJNKYFDZICRAQLPMWHGESOUXBT,3,11,1,0.34,10.119289,0.843436,0.953987,VASPYPUOUHAULUSB,0.769231,0.230769
0.5,256,4,license_plate_bahnschrift.ttf,VJNKYFDZICRAQLPMWHGESOUXBT,3,11,0,0.425,11.313708,0.8067,0.853272,VRPYPUOUHAMYUSSBT,0.730769,0.269231
0.5,256,4,license_plate_bahnschrift.ttf,VJNKYFDZICRAQLPMWHGESOUXBT,3,11,1,0.425,11.313708,0.8067,0.853272,VORPYPUDOAVSB,0.807692,0.192308
0.6,256,4,license_plate_bahnschrift.ttf,VJNKYFDZICRAQLPMWHGESOUXBT,3,11,0,0.51,12.393547,0.770893,0.778927,VORAYPUOCHAULYUBT,0.692308,0.307692
0.6,256,4,license_plate_bahnschrift.ttf,VJNKYFDZICRAQLPMWHGESOUXBT,3,11,1,0.51,12.393547,0.770893,0.778927,VORAYPUOCHAUSBT,0.730769,0.269231
0.7,256,4,license_plate_bahnschrift.ttf,VJNKYFDZICRAQLPMWHGESOUXBT,3,11,0,0.595,13.38656,0.735998,0.721147,VIRPYPOOUHAULSUSBT,0.692308,0.307692
0.7,256,4,license_plate_bahnschrift.ttf,VJNKYFDZICRAQLPMWHGESOUXBT,3,11,1,0.595,13.38656,0.735998,0.721147,VINAYPUDCHAULYOSBT,0.653846,0.346154
0.8,256,4,license_plate_bahnschrift.ttf,VJNKYFDZICRAQLPMWHGESOUXBT,3,11,0,0.68,14.310835,0.701998,0.674571,VARRYPODCHADLPUESBT,0.615385,0.384615
0.8,256,4,license_plate_bahnschrift.ttf,VJNKYFDZICRAQLPMWHGESOUXBT,3,11,1,0.68,14.310835,0.701998,0.674571,VAAYPUOCHARLYUESBT,0.653846,0.346154
0.9,256,4,license_plate_bahnschrift.ttf,VJNKYFDZICRAQLPMWHGESOUXBT,3,11,0,0.765,15.178933,0.668877,0.635992,VINAYPODCHAGLPYBESOSBT,0.538462,0.461538
0.9,256,4,license_plate_bahnschrift.ttf,VJNKYFDZICRAQLPMWHGESOUXBT,3,11,1,0.765,15.178933,0.668877,0.635992,VANAYFUDURAGLPYSBT,0.576923,0.423077
1.0,256,4,license_plate_bahnschrift.ttf,VJNKYFDZICRAQLPMWHGESOUXBT,3,11,0,0.85,16.0,0.63662,0.603355,VINKYFUDCAAGPSUBT,0.538462,0.461538
1.0,256,4,license_plate_bahnschrift.ttf,VJNKYFDZICRAQLPMWHGESOUXBT,3,11,1,0.85,16.0,0.63662,0.603355,VINRYFUDCUGPVSBT,0.653846,0.346154
0.1,1024,4,license_plate_bahnschrift.ttf,VJNKYFDZICRAQLPMWHGESOUXBT,3,11,0,0.085,5.059644,0.959381,1.907975,ERPYPULLARS,0.884615,0.115385
0.1,1024,4,license_plate_bahnschrift.ttf,VJNKYFDZICRAQLPMWHGESOUXBT,3,11,1,0.085,5.059644,0.959381,1.907975,PPRIPUSHAMSSSB,0.807692,0.192308
0.2,1024,4,license_plate_bahnschrift.ttf,VJNKYFDZICRAQLPMWHGESOUXBT,3,11,0,0.17,7.155418,0.919759,1.349142,PDPYPUSUMAVS,0.884615,0.115385
0.2,1024,4,license_plate_bahnschrift.ttf,VJNKYFDZICRAQLPMWHGESOUXBT,3,11,1,0.17,7.155418,0.919759,1.349142,VRPYPUDUMAMVO,0.807692,0.192308
0.3,1024,4,license_plate_bahnschrift.ttf,VJNKYFDZICRAQLPMWHGESOUXBT,3,11,0,0.255,8.763561,0.881116,1.10157,VIRPTPULDUMAMYS,0.846154,0.153846
0.3,1024,4,license_plate_bahnschrift.ttf,VJNKYFDZICRAQLPMWHGESOUXBT,3,11,1,0.255,8.763561,0.881116,1.10157,VARPIPUOUMAMUSOT,0.769231,0.230769
0.4,1024,4,license_plate_bahnschrift.ttf,VJNKYFDZICRAQLPMWHGESOUXBT,3,11,0,0.34,10.119289,0.843436,0.953987,VARPTPUOUNAMYSB,0.807692,0.192308
0.4,1024,4,license_plate_bahnschrift.ttf,VJNKYFDZICRAQLPMWHGESOUXBT,3,11,1,0.34,10.119289,0.843436,0.953987,VIPYPUDOAMVBT,0.769231,0.230769
0.5,1024,4,license_plate_bahnschrift.ttf,VJNKYFDZICRAQLPMWHGESOUXBT,3,11,0,0.425,11.313708,0.8067,0.853272,VBAYPUDCHAUVBT,0.730769,0.269231
0.5,1024,4,license_plate_bahnschrift.ttf,VJNKYFDZICRAQLPMWHGESOUXBT,3,11,1,0.425,11.313708,0.8067,0.853272,VARPYPUDONAULVSBT,0.730769,0.269231
0.6,1024,4,license_plate_bahnschrift.ttf,VJNKYFDZICRAQLPMWHGESOUXBT,3,11,0,0.51,12.393547,0.770893,0.778927,VARPYPUDCHAULYUMEOBT,0.653846,0.346154
0.6,1024,4,license_plate_bahnschrift.ttf,VJNKYFDZICRAQLPMWHGESOUXBT,3,11,1,0.51,12.393547,0.770893,0.778927,VARRYPULOCHAGLYYMSBT,0.692308,0.307692
0.7,1024,4,license_plate_bahnschrift.ttf,VJNKYFDZICRAQLPMWHGESOUXBT,3,11,0,0.595,13.38656,0.735998,0.721147,VAAAYPULDCHAULYVSUSBT,0.653846,0.346154
0.7,1024,4,license_plate_bahnschrift.ttf,VJNKYFDZICRAQLPMWHGESOUXBT,3,11,1,0.595,13.38656,0.735998,0.721147,VARAYPULOCHAULYUBESBT,0.653846,0.346154
0.8,1024,4,license_plate_bahnschrift.ttf,VJNKYFDZICRAQLPMWHGESOUXBT,3,11,0,0.68,14.310835,0.701998,0.674571,VANIYPUDCHAULYSBT,0.653846,0.346154
0.8,1024,4,license_plate_bahnschrift.ttf,VJNKYFDZICRAQLPMWHGESOUXBT,3,11,1,0.68,14.310835,0.701998,0.674571,VANIYPUDCAAULPUHESLOBT,0.538462,0.461538
0.9,1024,4,license_plate_bahnschrift.ttf,VJNKYFDZICRAQLPMWHGESOUXBT,3,11,0,0.765,15.178933,0.668877,0.635992,VINAYPODCHAGLPYESOSBT,0.538462,0.461538
0.9,1024,4,license_plate_bahnschrift.ttf,VJNKYFDZICRAQLPMWHGESOUXBT,3,11,1,0.765,15.178933,0.668877,0.635992,VANAYPODCHAGPYESOSBT,0.576923,0.423077
1.0,1024,4,license_plate_bahnschrift.ttf,VJNKYFDZICRAQLPMWHGESOUXBT,3,11,0,0.85,16.0,0.63662,0.603355,VINKVFUDCHAGLPYMESOPEBT,0.5,0.5
1.0,1024,4,license_plate_bahnschrift.ttf,VJNKYFDZICRAQLPMWHGESOUXBT,3,11,1,0.85,16.0,0.63662,0.603355,VANKYPODCAAGLPUPESBT,0.538462,0.461538
0.1,4096,4,license_plate_bahnschrift.ttf,VJNKYFDZICRAQLPMWHGESOUXBT,3,11,0,0.085,5.059644,0.959381,1.907975,PRPYPUSLHAMSSS,0.846154,0.153846
0.1,4096,4,license_plate_bahnschrift.ttf,VJNKYFDZICRAQLPMWHGESOUXBT,3,11,1,0.085,5.059644,0.959381,1.907975,PRPYPUSUHASS,0.884615,0.115385
0.2,4096,4,license_plate_bahnschrift.ttf,VJNKYFDZICRAQLPMWHGESOUXBT,3,11,0,0.17,7.155418,0.919759,1.349142,PRPYPUDUHAMVSO,0.807692,0.192308
0.2,4096,4,license_plate_bahnschrift.ttf,VJNKYFDZICRAQLPMWHGESOUXBT,3,11,1,0.17,7.155418,0.919759,1.349142,FRPYPUDUHEMS,0.846154,0.153846
0.3,4096,4,license_plate_bahnschrift.ttf,VJNKYFDZICRAQLPMWHGESOUXBT,3,11,0,0.255,8.763561,0.881116,1.10157,VARPYTEUDUNAMYS,0.807692,0.192308
0.3,4096,4,license_plate_bahnschrift.ttf,VJNKYFDZICRAQLPMWHGESOUXBT,3,11,1,0.255,8.763561,0.881116,1.10157,VABRIPUSUNASOBT,0.730769,0.269231
0.4,4096,4,license_plate_bahnschrift.ttf,VJNKYFDZICRAQLPMWHGESOUXBT,3,11,0,0.34,10.119289,0.843436,0.953987,VAPRYPULOUHAMLYSBT,0.730769,0.269231
0.4,4096,4,license_plate_bahnschrift.ttf,VJNKYFDZICRAQLPMWHGESOUXBT,3,11,1,0.34,10.119289,0.843436,0.953987,VAPYPUOUHEUYT,0.769231,0.230769
0.5,4096,4,license_plate_bahnschrift.ttf,VJNKYFDZICRAQLPMWHGESOUXBT,3,11,0,0.425,11.313708,0.8067,0.853272,VAAYPUDCMAULYYBT,0.730769,0.269231
0.5,4096,4,license_plate_bahnschrift.ttf,VJNKYFDZICRAQLPMWHGESOUXBT,3,11,1,0.425,11.313708,0.8067,0.853272,VARAYPULOCHAULVSBT,0.692308,0.307692
0.6,4096,4,license_plate_bahnschrift.ttf,VJNKYFDZICRAQLPMWHGESOUXBT,3,11,0,0.51,12.393547,0.770893,0.778927,VOARAYPUOCHAULYEBT,0.730769,0.269231
0.6,4096,4,license_plate_bahnschrift.ttf,VJNKYFDZICRAQLPMWHGESOUXBT,3,11,1,0.51,12.393547,0.770893,0.778927,VARAYPULDCHAULYSBT,0.692308,0.307692
0.7,4096,4,license_plate_bahnschrift.ttf,VJNKYFDZICRAQLPMWHGESOUXBT,3,11,0,0.595,13.38656,0.735998,0.721147,VANAYPUDCHAULYUESBT,0.615385,0.384615
0.7,4096,4,license_plate_bahnschrift.ttf,VJNKYFDZICRAQLPMWHGESOUXBT,3,11,1,0.595,13.38656,0.735998,0.721147,VANAYPULDCHAGLYYMSSBT,0.653846,0.346154
0.8,4096,4,license_plate_bahnschrift.ttf,VJNKYFDZICRAQLPMWHGESOUXBT,3,11,0,0.68,14.310835,0.701998,0.674571,VANIYPUDCHAGLYUESUSBT,0.576923,0.423077
0.8,4096,4,license_plate_bahnschrift.ttf,VJNKYFDZICRAQLPMWHGESOUXBT,3,11,1,0.68,14.310835,0.701998,0.674571,VANAYPUDCHAULPVESSBT,0.576923,0.423077
0.9,4096,4,license_plate_bahnschrift.ttf,VJNKYFDZICRAQLPMWHGESOUXBT,3,11,0,0.765,15.178933,0.668877,0.635992,VINWYFODCHAGLPYMESBT,0.538462,0.461538
0.9,4096,4,license_plate_bahnschrift.ttf,VJNKYFDZICRAQLPMWHGESOUXBT,3,11,1,0.765,15.178933,0.668877,0.635992,VINAYPODCHAGLPYMPESBT,0.576923,0.423077
1.0,4096,4,license_plate_bahnschrift.ttf,VJNKYFDZICRAQLPMWHGESOUXBT,3,11,0,0.85,16.0,0.63662,0.603355,VANRYPODCHAGLPMMDESRSBT,0.538462,0.461538
1.0,4096,4,license_plate_bahnschrift.ttf,VJNKYFDZICRAQLPMWHGESOUXBT,3,11,1,0.85,16.0,0.63662,0.603355,VINKYPODCAAGPUHESSBT,0.538462,0.461538
0.1,16384,4,license_plate_bahnschrift.ttf,VJNKYFDZICRAQLPMWHGESOUXBT,3,11,0,0.085,5.059644,0.959381,1.907975,FDPYPUSAYSS,0.846154,0.153846
0.1,16384,4,license_plate_bahnschrift.ttf,VJNKYFDZICRAQLPMWHGESOUXBT,3,11,1,0.085,5.059644,0.959381,1.907975,PRPIPUSMSS,0.884615,0.115385
0.2,16384,4,license_plate_bahnschrift.ttf,VJNKYFDZICRAQLPMWHGESOUXBT,3,11,0,0.17,7.155418,0.919759,1.349142,ZBPRIPUDUHAMS,0.846154,0.153846
0.2,16384,4,license_plate_bahnschrift.ttf,VJNKYFDZICRAQLPMWHGESOUXBT,3,11,1,0.17,7.155418,0.919759,1.349142,ZBRIPUDUHAMVOB,0.807692,0.192308
0.3,16384,4,license_plate_bahnschrift.ttf,VJNKYFDZICRAQLPMWHGESOUXBT,3,11,0,0.255,8.763561,0.881116,1.10157,FAPYPUDUMAMYSB,0.807692,0.192308
0.3,16384,4,license_plate_bahnschrift.ttf,VJNKYFDZICRAQLPMWHGESOUXBT,3,11,1,0.255,8.763561,0.881116,1.10157,VARPTEUDUMAMSB,0.807692,0.192308
0.4,16384,4,license_plate_bahnschrift.ttf,VJNKYFDZICRAQLPMWHGESOUXBT,3,11,0,0.34,10.119289,0.843436,0.953987,VARPYPULOCHAULYSBT,0.692308,0.307692
0.4,16384,4,license_plate_bahnschrift.ttf,VJNKYFDZICRAQLPMWHGESOUXBT,3,11,1,0.34,10.119289,0.843436,0.953987,VARPYPUOCHEMSBT,0.730769,0.269231
0.5,16384,4,license_plate_bahnschrift.ttf,VJNKYFDZICRAQLPMWHGESOUXBT,3,11,0,0.425,11.313708,0.8067,0.853272,VOABRYPULOCNAULUSBT,0.730769,0.269231
0.5,16384,4,license_plate_bahnschrift.ttf,VJNKYFDZICRAQLPMWHGESOUXBT,3,11,1,0.425,11.313708,0.8067,0.853272,VOIBAYPUDCMAULYSBT,0.730769,0.269231
0.6,16384,4,license_plate_bahnschrift.ttf,VJNKYFDZICRAQLPMWHGESOUXBT,3,11,0,0.51,12.393547,0.770893,0.778927,VANAYPUDCHAULYSBT,0.653846,0.346154
0.6,16384,4,license_plate_bahnschrift.ttf,VJNKYFDZICRAQLPMWHGESOUXBT,3,11,1,0.51,12.393547,0.770893,0.778927,VOARRYPUDCHAULYESBT,0.692308,0.307692
0.7,16384,4,license_plate_bahnschrift.ttf,VJNKYFDZICRAQLPMWHGESOUXBT,3,11,0,0.595,13.38656,0.735998,0.721147,VANAYPULDCHAGLPYESBT,0.576923,0.423077
0.7,16384,4,license_plate_bahnschrift.ttf,VJNKYFDZICRAQLPMWHGESOUXBT,3,11,1,0.595,13.38656,0.735998,0.721147,VONAYPUDCHAGLPVESBT,0.576923,0.423077
0.8,16384,4,license_plate_bahnschrift.ttf,VJNKYFDZICRAQLPMWHGESOUXBT,3,11,0,0.68,14.310835,0.701998,0.674571,VANKYPUDCHAGLPVMESUBT,0.5,0.5
0.8,16384,4,license_plate_bahnschrift.ttf,VJNKYFDZICRAQLPMWHGESOUXBT,3,11,1,0.68,14.310835,0.701998,0.674571,VANIYPUDCHAGLPYESUBT,0.538462,0.461538
0.9,16384,4,license_plate_bahnschrift.ttf,VJNKYFDZICRAQLPMWHGESOUXBT,3,11,0,0.765,15.178933,0.668877,0.635992,VANRYFODCHAGLPMMESSBT,0.5,0.5
0.9,16384,4,license_plate_bahnschrift.ttf,VJNKYFDZICRAQLPMWHGESOUXBT,3,11,1,0.765,15.178933,0.668877,0.635992,VINAYPODCAAGLPUESOSBT,0.538462,0.461538
1.0,16384,4,license_plate_bahnschrift.ttf,VJNKYFDZICRAQLPMWHGESOUXBT,3,11,0,0.85,16.0,0.63662,0.603355,VANRYPODCAADPUMHESOUSBT,0.5,0.5
1.0,16384,4,license_plate_bahnschrift.ttf,VJNKYFDZICRAQLPMWHGESOUXBT,3,11,1,0.85,16.0,0.63662,0.603355,VANRYPUDCAAGPUHESUOBT,0.538462,0.461538
0.1,65536,4,license_plate_bahnschrift.ttf,VJNKYFDZICRAQLPMWHGESOUXBT,3,11,0,0.085,5.059644,0.959381,1.907975,PDPRIPUSLAMSSSI,0.846154,0.153846
0.1,65536,4,license_plate_bahnschrift.ttf,VJNKYFDZICRAQLPMWHGESOUXBT,3,11,1,0.085,5.059644,0.959381,1.907975,PDPRIPUSLAHAMSSS,0.846154,0.153846
0.2,65536,4,license_plate_bahnschrift.ttf,VJNKYFDZICRAQLPMWHGESOUXBT,3,11,0,0.17,7.155418,0.919759,1.349142,FDPYPUDUHEVS,0.846154,0.153846
0.2,65536,4,license_plate_bahnschrift.ttf,VJNKYFDZICRAQLPMWHGESOUXBT,3,11,1,0.17,7.155418,0.919759,1.349142,ZBRIPUDUHAMVSO,0.807692,0.192308
0.3,65536,4,license_plate_bahnschrift.ttf,VJNKYFDZICRAQLPMWHGESOUXBT,3,11,0,0.255,8.763561,0.881116,1.10157,VARPYPUDUMAMSB,0.769231,0.230769
0.3,65536,4,license_plate_bahnschrift.ttf,VJNKYFDZICRAQLPMWHGESOUXBT,3,11,1,0.255,8.763561,0.881116,1.10157,PAPYEUDUNAMSB,0.807692,0.192308
0.4,65536,4,license_plate_bahnschrift.ttf,VJNKYFDZICRAQLPMWHGESOUXBT,3,11,0,0.34,10.119289,0.843436,0.953987,VARPYPULODCHAMSBT,0.730769,0.269231
0.4,65536,4,license_plate_bahnschrift.ttf,VJNKYFDZICRAQLPMWHGESOUXBT,3,11,1,0.34,10.119289,0.843436,0.953987,VARPYPUOCHAULYSBT,0.692308,0.307692
0.5,65536,4,license_plate_bahnschrift.ttf,VJNKYFDZICRAQLPMWHGESOUXBT,3,11,0,0.425,11.313708,0.8067,0.853272,VOARAYPUOCHAULUSBT,0.730769,0.269231
0.5,65536,4,license_plate_bahnschrift.ttf,VJNKYFDZICRAQLPMWHGESOUXBT,3,11,1,0.425,11.313708,0.8067,0.853272,VARRYPUDCHAULUSBT,0.692308,0.307692
0.6,65536,4,license_plate_bahnschrift.ttf,VJNKYFDZICRAQLPMWHGESOUXBT,3,11,0,0.51,12.393547,0.770893,0.778927,VARAYPUDCHAULYSBT,0.692308,0.307692
0.6,65536,4,license_plate_bahnschrift.ttf,VJNKYFDZICRAQLPMWHGESOUXBT,3,11,1,0.51,12.393547,0.770893,0.778927,VARAYPUDCHAULYESLOBT,0.653846,0.346154
0.7,65536,4,license_plate_bahnschrift.ttf,VJNKYFDZICRAQLPMWHGESOUXBT,3,11,0,0.595,13.38656,0.735998,0.721147,VINAYPULDCHAGLYYMSSBT,0.653846,0.346154
0.7,65536,4,license_plate_bahnschrift.ttf,VJNKYFDZICRAQLPMWHGESOUXBT,3,11,1,0.595,13.38656,0.735998,0.721147,VARAYPULDCHAGLPYMESBT,0.615385,0.384615
0.8,65536,4,license_plate_bahnschrift.ttf,VJNKYFDZICRAQLPMWHGESOUXBT,3,11,0,0.68,14.310835,0.701998,0.674571,VANAYPUDCHAGLYVPESUSBT,0.576923,0.423077
0.8,65536,4,license_plate_bahnschrift.ttf,VJNKYFDZICRAQLPMWHGESOUXBT,3,11,1,0.68,14.310835,0.701998,0.674571,VANRYPUDCHAGPVESUSBT,0.576923,0.423077
0.9,65536,4,license_plate_bahnschrift.ttf,VJNKYFDZICRAQLPMWHGESOUXBT,3,11,0,0.765,15.178933,0.668877,0.635992,VINRYPODCAAGLPMMESSBT,0.538462,0.461538
0.9,65536,4,license_plate_bahnschrift.ttf,VJNKYFDZICRAQLPMWHGESOUXBT,3,11,1,0.765,15.178933,0.668877,0.635992,VINRYFODCAAGLPMMESSBT,0.5,0.5
1.0,65536,4,license_plate_bahnschrift.ttf,VJNKYFDZICRAQLPMWHGESOUXBT,3,11,0,0.85,16.0,0.63662,0.603355,VANKYPODCAADPUMHESUSBT,0.5,0.5
1.0,65536,4,license_plate_bahnschrift.ttf,VJNKYFDZICRAQLPMWHGESOUXBT,3,11,1,0.85,16.0,0.63662,0.603355,VANRYPUDCAAGLPUHESOUSBT,0.461538,0.538462
0.1,4,4,license_plate_bahnschrift.ttf,VJNKYFDZICRAQLPMWHGESOUXBT,3,15,0,0.085,5.059644,0.959381,1.907975,,1.0,0.0
0.1,4,4,license_plate_bahnschrift.ttf,VJNKYFDZICRAQLPMWHGESOUXBT,3,15,1,0.085,5.059644,0.959381,1.907975,,1.0,0.0
0.2,4,4,license_plate_bahnschrift.ttf,VJNKYFDZICRAQLPMWHGESOUXBT,3,15,0,0.17,7.155418,0.919759,1.349142,GE,0.923077,0.076923
0.2,4,4,license_plate_bahnschrift.ttf,VJNKYFDZICRAQLPMWHGESOUXBT,3,15,1,0.17,7.155418,0.919759,1.349142,S,0.961538,0.038462
0.3,4,4,license_plate_bahnschrift.ttf,VJNKYFDZICRAQLPMWHGESOUXBT,3,15,0,0.255,8.763561,0.881116,1.10157,,1.0,0.0
0.3,4,4,license_plate_bahnschrift.ttf,VJNKYFDZICRAQLPMWHGESOUXBT,3,15,1,0.255,8.763561,0.881116,1.10157,SBPROTR,0.923077,0.076923
0.4,4,4,license_plate_bahnschrift.ttf,VJNKYFDZICRAQLPMWHGESOUXBT,3,15,0,0.34,10.119289,0.843436,0.953987,,1.0,0.0
0.4,4,4,license_plate_bahnschrift.ttf,VJNKYFDZICRAQLPMWHGESOUXBT,3,15,1,0.34,10.119289,0.843436,0.953987,,1.0,0.0
0.5,4,4,license_plate_bahnschrift.ttf,VJNKYFDZICRAQLPMWHGESOUXBT,3,15,0,0.425,11.313708,0.8067,0.853272,PESNSE,0.884615,0.115385
0.5,4,4,license_plate_bahnschrift.ttf,VJNKYFDZICRAQLPMWHGESOUXBT,3,15,1,0.425,11.313708,0.8067,0.853272,,1.0,0.0
0.6,4,4,license_plate_bahnschrift.ttf,VJNKYFDZICRAQLPMWHGESOUXBT,3,15,0,0.51,12.393547,0.770893,0.778927,,1.0,0.0
0.6,4,4,license_plate_bahnschrift.ttf,VJNKYFDZICRAQLPMWHGESOUXBT,3,15,1,0.51,12.393547,0.770893,0.778927,,1.0,0.0
0.7,4,4,license_plate_bahnschrift.ttf,VJNKYFDZICRAQLPMWHGESOUXBT,3,15,0,0.595,13.38656,0.735998,0.721147,,1.0,0.0
0.7,4,4,license_plate_bahnschrift.ttf,VJNKYFDZICRAQLPMWHGESOUXBT,3,15,1,0.595,13.38656,0.735998,0.721147,S,0.961538,0.038462
0.8,4,4,license_plate_bahnschrift.ttf,VJNKYFDZICRAQLPMWHGESOUXBT,3,15,0,0.68,14.310835,0.701998,0.674571,,1.0,0.0
0.8,4,4,license_plate_bahnschrift.ttf,VJNKYFDZICRAQLPMWHGESOUXBT,3,15,1,0.68,14.310835,0.701998,0.674571,,1.0,0.0
0.9,4,4,license_plate_bahnschrift.ttf,VJNKYFDZICRAQLPMWHGESOUXBT,3,15,0,0.765,15.178933,0.668877,0.635992,,1.0,0.0
0.9,4,4,license_plate_bahnschrift.ttf,VJNKYFDZICRAQLPMWHGESOUXBT,3,15,1,0.765,15.178933,0.668877,0.635992,,1.0,0.0
1.0,4,4,license_plate_bahnschrift.ttf,VJNKYFDZICRAQLPMWHGESOUXBT,3,15,0,0.85,16.0,0.63662,0.603355,CEYBN,0.884615,0.115385
1.0,4,4,license_plate_bahnschrift.ttf,VJNKYFDZICRAQLPMWHGESOUXBT,3,15,1,0.85,16.0,0.63662,0.603355,,1.0,0.0
0.1,16,4,license_plate_bahnschrift.ttf,VJNKYFDZICRAQLPMWHGESOUXBT,3,15,0,0.085,5.059644,0.959381,1.907975,LF,0.961538,0.038462
0.1,16,4,license_plate_bahnschrift.ttf,VJNKYFDZICRAQLPMWHGESOUXBT,3,15,1,0.085,5.059644,0.959381,1.907975,,1.0,0.0
0.2,16,4,license_plate_bahnschrift.ttf,VJNKYFDZICRAQLPMWHGESOUXBT,3,15,0,0.17,7.155418,0.919759,1.349142,,1.0,0.0
0.2,16,4,license_plate_bahnschrift.ttf,VJNKYFDZICRAQLPMWHGESOUXBT,3,15,1,0.17,7.155418,0.919759,1.349142,B,0.961538,0.038462
0.3,16,4,license_plate_bahnschrift.ttf,VJNKYFDZICRAQLPMWHGESOUXBT,3,15,0,0.255,8.763561,0.881116,1.10157,,1.0,0.0
0.3,16,4,license_plate_bahnschrift.ttf,VJNKYFDZICRAQLPMWHGESOUXBT,3,15,1,0.255,8.763561,0.881116,1.10157,,1.0,0.0
0.4,16,4,license_plate_bahnschrift.ttf,VJNKYFDZICRAQLPMWHGESOUXBT,3,15,0,0.34,10.119289,0.843436,0.953987,AREESOE,0.846154,0.153846
0.4,16,4,license_plate_bahnschrift.ttf,VJNKYFDZICRAQLPMWHGESOUXBT,3,15,1,0.34,10.119289,0.843436,0.953987,,1.0,0.0
0.5,16,4,license_plate_bahnschrift.ttf,VJNKYFDZICRAQLPMWHGESOUXBT,3,15,0,0.425,11.313708,0.8067,0.853272,,1.0,0.0
0.5,16,4,license_plate_bahnschrift.ttf,VJNKYFDZICRAQLPMWHGESOUXBT,3,15,1,0.425,11.313708,0.8067,0.853272,,1.0,0.0
0.6,16,4,license_plate_bahnschrift.ttf,VJNKYFDZICRAQLPMWHGESOUXBT,3,15,0,0.51,12.393547,0.770893,0.778927,SQP,0.923077,0.076923
0.6,16,4,license_plate_bahnschrift.ttf,VJNKYFDZICRAQLPMWHGESOUXBT,3,15,1,0.51,12.393547,0.770893,0.778927,,1.0,0.0
0.7,16,4,license_plate_bahnschrift.ttf,VJNKYFDZICRAQLPMWHGESOUXBT,3,15,0,0.595,13.38656,0.735998,0.721147,,1.0,0.0
0.7,16,4,license_plate_bahnschrift.ttf,VJNKYFDZICRAQLPMWHGESOUXBT,3,15,1,0.595,13.38656,0.735998,0.721147,RRTP,0.923077,0.076923
0.8,16,4,license_plate_bahnschrift.ttf,VJNKYFDZICRAQLPMWHGESOUXBT,3,15,0,0.68,14.310835,0.701998,0.674571,,1.0,0.0
0.8,16,4,license_plate_bahnschrift.ttf,VJNKYFDZICRAQLPMWHGESOUXBT,3,15,1,0.68,14.310835,0.701998,0.674571,,1.0,0.0
0.9,16,4,license_plate_bahnschrift.ttf,VJNKYFDZICRAQLPMWHGESOUXBT,3,15,0,0.765,15.178933,0.668877,0.635992,SSRE,0.923077,0.076923
0.9,16,4,license_plate_bahnschrift.ttf,VJNKYFDZICRAQLPMWHGESOUXBT,3,15,1,0.765,15.178933,0.668877,0.635992,S,0.961538,0.038462
1.0,16,4,license_plate_bahnschrift.ttf,VJNKYFDZICRAQLPMWHGESOUXBT,3,15,0,0.85,16.0,0.63662,0.603355,,1.0,0.0
1.0,16,4,license_plate_bahnschrift.ttf,VJNKYFDZICRAQLPMWHGESOUXBT,3,15,1,0.85,16.0,0.63662,0.603355,,1.0,0.0
0.1,64,4,license_plate_bahnschrift.ttf,VJNKYFDZICRAQLPMWHGESOUXBT,3,15,0,0.085,5.059644,0.959381,1.907975,VAFARUSESFURD,0.769231,0.230769
0.1,64,4,license_plate_bahnschrift.ttf,VJNKYFDZICRAQLPMWHGESOUXBT,3,15,1,0.085,5.059644,0.959381,1.907975,,1.0,0.0
0.2,64,4,license_plate_bahnschrift.ttf,VJNKYFDZICRAQLPMWHGESOUXBT,3,15,0,0.17,7.155418,0.919759,1.349142,,1.0,0.0
0.2,64,4,license_plate_bahnschrift.ttf,VJNKYFDZICRAQLPMWHGESOUXBT,3,15,1,0.17,7.155418,0.919759,1.349142,,1.0,0.0
0.3,64,4,license_plate_bahnschrift.ttf,VJNKYFDZICRAQLPMWHGESOUXBT,3,15,0,0.255,8.763561,0.881116,1.10157,,1.0,0.0
0.3,64,4,license_plate_bahnschrift.ttf,VJNKYFDZICRAQLPMWHGESOUXBT,3,15,1,0.255,8.763561,0.881116,1.10157,,1.0,0.0
0.4,64,4,license_plate_bahnschrift.ttf,VJNKYFDZICRAQLPMWHGESOUXBT,3,15,0,0.34,10.119289,0.843436,0.953987,IEETAOYCCAT,0.884615,0.115385
0.4,64,4,license_plate_bahnschrift.ttf,VJNKYFDZICRAQLPMWHGESOUXBT,3,15,1,0.34,10.119289,0.843436,0.953987,SHANKNDSCESBT,0.730769,0.269231
0.5,64,4,license_plate_bahnschrift.ttf,VJNKYFDZICRAQLPMWHGESOUXBT,3,15,0,0.425,11.313708,0.8067,0.853272,,1.0,0.0
0.5,64,4,license_plate_bahnschrift.ttf,VJNKYFDZICRAQLPMWHGESOUXBT,3,15,1,0.425,11.313708,0.8067,0.853272,TSCBT,0.884615,0.115385
0.6,64,4,license_plate_bahnschrift.ttf,VJNKYFDZICRAQLPMWHGESOUXBT,3,15,0,0.51,12.393547,0.770893,0.778927,OT,0.923077,0.076923
0.6,64,4,license_plate_bahnschrift.ttf,VJNKYFDZICRAQLPMWHGESOUXBT,3,15,1,0.51,12.393547,0.770893,0.778927,,1.0,0.0
0.7,64,4,license_plate_bahnschrift.ttf,VJNKYFDZICRAQLPMWHGESOUXBT,3,15,0,0.595,13.38656,0.735998,0.721147,,1.0,0.0
0.7,64,4,license_plate_bahnschrift.ttf,VJNKYFDZICRAQLPMWHGESOUXBT,3,15,1,0.595,13.38656,0.735998,0.721147,EMAAPABT,0.846154,0.153846
0.8,64,4,license_plate_bahnschrift.ttf,VJNKYFDZICRAQLPMWHGESOUXBT,3,15,0,0.68,14.310835,0.701998,0.674571,,1.0,0.0
0.8,64,4,license_plate_bahnschrift.ttf,VJNKYFDZICRAQLPMWHGESOUXBT,3,15,1,0.68,14.310835,0.701998,0.674571,YDT,0.884615,0.115385
0.9,64,4,license_plate_bahnschrift.ttf,VJNKYFDZICRAQLPMWHGESOUXBT,3,15,0,0.765,15.178933,0.668877,0.635992,,1.0,0.0
0.9,64,4,license_plate_bahnschrift.ttf,VJNKYFDZICRAQLPMWHGESOUXBT,3,15,1,0.765,15.178933,0.668877,0.635992,,1.0,0.0
1.0,64,4,license_plate_bahnschrift.ttf,VJNKYFDZICRAQLPMWHGESOUXBT,3,15,0,0.85,16.0,0.63662,0.603355,,1.0,0.0
1.0,64,4,license_plate_bahnschrift.ttf,VJNKYFDZICRAQLPMWHGESOUXBT,3,15,1,0.85,16.0,0.63662,0.603355,,1.0,0.0
0.1,256,4,license_plate_bahnschrift.ttf,VJNKYFDZICRAQLPMWHGESOUXBT,3,15,0,0.085,5.059644,0.959381,1.907975,SRERTEDTCSUT,0.807692,0.192308
0.1,256,4,license_plate_bahnschrift.ttf,VJNKYFDZICRAQLPMWHGESOUXBT,3,15,1,0.085,5.059644,0.959381,1.907975,,1.0,0.0
0.2,256,4,license_plate_bahnschrift.ttf,VJNKYFDZICRAQLPMWHGESOUXBT,3,15,0,0.17,7.155418,0.919759,1.349142,CRRAUOUECLEOT,0.807692,0.192308
0.2,256,4,license_plate_bahnschrift.ttf,VJNKYFDZICRAQLPMWHGESOUXBT,3,15,1,0.17,7.155418,0.919759,1.349142,LBPATOOUTOCLEBT,0.846154,0.153846
0.3,256,4,license_plate_bahnschrift.ttf,VJNKYFDZICRAQLPMWHGESOUXBT,3,15,0,0.255,8.763561,0.881116,1.10157,VHPITUDCILDT,0.807692,0.192308
0.3,256,4,license_plate_bahnschrift.ttf,VJNKYFDZICRAQLPMWHGESOUXBT,3,15,1,0.255,8.763561,0.881116,1.10157,PBPATUDCBLALOT,0.807692,0.192308
0.4,256,4,license_plate_bahnschrift.ttf,VJNKYFDZICRAQLPMWHGESOUXBT,3,15,0,0.34,10.119289,0.843436,0.953987,VRPITOSCTLT,0.807692,0.192308
0.4,256,4,license_plate_bahnschrift.ttf,VJNKYFDZICRAQLPMWHGESOUXBT,3,15,1,0.34,10.119289,0.843436,0.953987,VAWITODOLADLYCESDT,0.730769,0.269231
0.5,256,4,license_plate_bahnschrift.ttf,VJNKYFDZICRAQLPMWHGESOUXBT,3,15,0,0.425,11.313708,0.8067,0.853272,VOARPITTDCICOLT,0.846154,0.153846
0.5,256,4,license_plate_bahnschrift.ttf,VJNKYFDZICRAQLPMWHGESOUXBT,3,15,1,0.425,11.313708,0.8067,0.853272,VARPITODCIBLT,0.846154,0.153846
0.6,256,4,license_plate_bahnschrift.ttf,VJNKYFDZICRAQLPMWHGESOUXBT,3,15,0,0.51,12.393547,0.770893,0.778927,VAPITOSCOESLYNCLSOLT,0.769231,0.230769
0.6,256,4,license_plate_bahnschrift.ttf,VJNKYFDZICRAQLPMWHGESOUXBT,3,15,1,0.51,12.393547,0.770893,0.778927,VAITUDCHADLSYGESOLBT,0.576923,0.423077
0.7,256,4,license_plate_bahnschrift.ttf,VJNKYFDZICRAQLPMWHGESOUXBT,3,15,0,0.595,13.38656,0.735998,0.721147,VAYTOOCNAGLSVELT,0.730769,0.269231
0.7,256,4,license_plate_bahnschrift.ttf,VJNKYFDZICRAQLPMWHGESOUXBT,3,15,1,0.595,13.38656,0.735998,0.721147,YMPATUDCTADLPMGESORBT,0.538462,0.461538
0.8,256,4,license_plate_bahnschrift.ttf,VJNKYFDZICRAQLPMWHGESOUXBT,3,15,0,0.68,14.310835,0.701998,0.674571,VINPITUODCRADLOYMIGSLDT,0.653846,0.346154
0.8,256,4,license_plate_bahnschrift.ttf,VJNKYFDZICRAQLPMWHGESOUXBT,3,15,1,0.68,14.310835,0.701998,0.674571,VARYIODCMDUCESOUEDT,0.653846,0.346154
0.9,256,4,license_plate_bahnschrift.ttf,VJNKYFDZICRAQLPMWHGESOUXBT,3,15,0,0.765,15.178933,0.668877,0.635992,VINIYTODCRADLYVNCESOUPDT,0.538462,0.461538
0.9,256,4,license_plate_bahnschrift.ttf,VJNKYFDZICRAQLPMWHGESOUXBT,3,15,1,0.765,15.178933,0.668877,0.635992,WTODCRADLYEAT,0.730769,0.269231
1.0,256,4,license_plate_bahnschrift.ttf,VJNKYFDZICRAQLPMWHGESOUXBT,3,15,0,0.85,16.0,0.63662,0.603355,VAPYTODCREDPMMOESODT,0.615385,0.384615
1.0,256,4,license_plate_bahnschrift.ttf,VJNKYFDZICRAQLPMWHGESOUXBT,3,15,1,0.85,16.0,0.63662,0.603355,VANITODCRARPUMMGESODT,0.538462,0.461538
0.1,1024,4,license_plate_bahnschrift.ttf,VJNKYFDZICRAQLPMWHGESOUXBT,3,15,0,0.085,5.059644,0.959381,1.907975,ZEPATUSTIELVLE,0.884615,0.115385
0.1,1024,4,license_plate_bahnschrift.ttf,VJNKYFDZICRAQLPMWHGESOUXBT,3,15,1,0.085,5.059644,0.959381,1.907975,FRPITOSULLT,0.769231,0.230769
0.2,1024,4,license_plate_bahnschrift.ttf,VJNKYFDZICRAQLPMWHGESOUXBT,3,15,0,0.17,7.155418,0.919759,1.349142,VRPATUDCIYLLT,0.807692,0.192308
0.2,1024,4,license_plate_bahnschrift.ttf,VJNKYFDZICRAQLPMWHGESOUXBT,3,15,1,0.17,7.155418,0.919759,1.349142,VRPATUSCMSLT,0.807692,0.192308
0.3,1024,4,license_plate_bahnschrift.ttf,VJNKYFDZICRAQLPMWHGESOUXBT,3,15,0,0.255,8.763561,0.881116,1.10157,VRPITODCLLT,0.807692,0.192308
0.3,1024,4,license_plate_bahnschrift.ttf,VJNKYFDZICRAQLPMWHGESOUXBT,3,15,1,0.255,8.763561,0.881116,1.10157,VRPATODCIYT,0.846154,0.153846
0.4,1024,4,license_plate_bahnschrift.ttf,VJNKYFDZICRAQLPMWHGESOUXBT,3,15,0,0.34,10.119289,0.843436,0.953987,VRRITODCYCT,0.846154,0.153846
0.4,1024,4,license_plate_bahnschrift.ttf,VJNKYFDZICRAQLPMWHGESOUXBT,3,15,1,0.34,10.119289,0.843436,0.953987,VRPITOSCGLYCLT,0.846154,0.153846
0.5,1024,4,license_plate_bahnschrift.ttf,VJNKYFDZICRAQLPMWHGESOUXBT,3,15,0,0.425,11.313708,0.8067,0.853272,VRPITODCISLVLT,0.807692,0.192308
0.5,1024,4,license_plate_bahnschrift.ttf,VJNKYFDZICRAQLPMWHGESOUXBT,3,15,1,0.425,11.313708,0.8067,0.853272,VRPITODCIGYLT,0.807692,0.192308
0.6,1024,4,license_plate_bahnschrift.ttf,VJNKYFDZICRAQLPMWHGESOUXBT,3,15,0,0.51,12.393547,0.770893,0.778927,VRPITODCGYCLSOLDT,0.730769,0.269231
0.6,1024,4,license_plate_bahnschrift.ttf,VJNKYFDZICRAQLPMWHGESOUXBT,3,15,1,0.51,12.393547,0.770893,0.778927,VAPITODCOLYCCSOLT,0.730769,0.269231
0.7,1024,4,license_plate_bahnschrift.ttf,VJNKYFDZICRAQLPMWHGESOUXBT,3,15,0,0.595,13.38656,0.735998,0.721147,VONPITODCRDLYNCESOEDT,0.653846,0.346154
0.7,1024,4,license_plate_bahnschrift.ttf,VJNKYFDZICRAQLPMWHGESOUXBT,3,15,1,0.595,13.38656,0.735998,0.721147,VONPTULDCLAGLYGESOLEDT,0.615385,0.384615
0.8,1024,4,license_plate_bahnschrift.ttf,VJNKYFDZICRAQLPMWHGESOUXBT,3,15,0,0.68,14.310835,0.701998,0.674571,VINPYTUOLDCRLDLPVGESOLSDT,0.576923,0.423077
0.8,1024,4,license_plate_bahnschrift.ttf,VJNKYFDZICRAQLPMWHGESOUXBT,3,15,1,0.68,14.310835,0.701998,0.674571,VANPITODCAGLPVNGESOUIDT,0.538462,0.461538
0.9,1024,4,license_plate_bahnschrift.ttf,VJNKYFDZICRAQLPMWHGESOUXBT,3,15,0,0.765,15.178933,0.668877,0.635992,VANWITOLDCRAGLPNGESOUEBT,0.461538,0.538462
0.9,1024,4,license_plate_bahnschrift.ttf,VJNKYFDZICRAQLPMWHGESOUXBT,3,15,1,0.765,15.178933,0.668877,0.635992,VNKYTULDCHLADLPNGESOUSDT,0.5,0.5
1.0,1024,4,license_plate_bahnschrift.ttf,VJNKYFDZICRAQLPMWHGESOUXBT,3,15,0,0.85,16.0,0.63662,0.603355,VINWYTODCRADLPVMNGESODT,0.5,0.5
1.0,1024,4,license_plate_bahnschrift.ttf,VJNKYFDZICRAQLPMWHGESOUXBT,3,15,1,0.85,16.0,0.63662,0.603355,VIAKYTODCRADLPVNESOUDT,0.5,0.5
0.1,4096,4,license_plate_bahnschrift.ttf,VJNKYFDZICRAQLPMWHGESOUXBT,3,15,0,0.085,5.059644,0.959381,1.907975,VARPATOSUMSCLT,0.846154,0.153846
0.1,4096,4,license_plate_bahnschrift.ttf,VJNKYFDZICRAQLPMWHGESOUXBT,3,15,1,0.085,5.059644,0.959381,1.907975,VRPATOSCMLLT,0.807692,0.192308
0.2,4096,4,license_plate_bahnschrift.ttf,VJNKYFDZICRAQLPMWHGESOUXBT,3,15,0,0.17,7.155418,0.919759,1.349142,VRPATODCLT,0.807692,0.192308
0.2,4096,4,license_plate_bahnschrift.ttf,VJNKYFDZICRAQLPMWHGESOUXBT,3,15,1,0.17,7.155418,0.919759,1.349142,VRPATODCRVLLT,0.769231,0.230769
0.3,4096,4,license_plate_bahnschrift.ttf,VJNKYFDZICRAQLPMWHGESOUXBT,3,15,0,0.255,8.763561,0.881116,1.10157,VRPATUEDCIYT,0.807692,0.192308
0.3,4096,4,license_plate_bahnschrift.ttf,VJNKYFDZICRAQLPMWHGESOUXBT,3,15,1,0.255,8.763561,0.881116,1.10157,VRPITODCIYT,0.846154,0.153846
0.4,4096,4,license_plate_bahnschrift.ttf,VJNKYFDZICRAQLPMWHGESOUXBT,3,15,0,0.34,10.119289,0.843436,0.953987,VRPITOCDCIGYCLT,0.846154,0.153846
0.4,4096,4,license_plate_bahnschrift.ttf,VJNKYFDZICRAQLPMWHGESOUXBT,3,15,1,0.34,10.119289,0.843436,0.953987,VRPITODCLYT,0.807692,0.192308
0.5,4096,4,license_plate_bahnschrift.ttf,VJNKYFDZICRAQLPMWHGESOUXBT,3,15,0,0.425,11.313708,0.8067,0.853272,VORPYTUOLDCILAQYGSLT,0.769231,0.230769
0.5,4096,4,license_plate_bahnschrift.ttf,VJNKYFDZICRAQLPMWHGESOUXBT,3,15,1,0.425,11.313708,0.8067,0.853272,VRPITULDCILAGLYLT,0.807692,0.192308
0.6,4096,4,license_plate_bahnschrift.ttf,VJNKYFDZICRAQLPMWHGESOUXBT,3,15,0,0.51,12.393547,0.770893,0.778927,VARPITODCLVCCSOLDT,0.769231,0.230769
0.6,4096,4,license_plate_bahnschrift.ttf,VJNKYFDZICRAQLPMWHGESOUXBT,3,15,1,0.51,12.393547,0.770893,0.778927,VANPITODCAGLYCESOLT,0.653846,0.346154
0.7,4096,4,license_plate_bahnschrift.ttf,VJNKYFDZICRAQLPMWHGESOUXBT,3,15,0,0.595,13.38656,0.735998,0.721147,VONPITOLDCGLYGESOLDT,0.653846,0.346154
0.7,4096,4,license_plate_bahnschrift.ttf,VJNKYFDZICRAQLPMWHGESOUXBT,3,15,1,0.595,13.38656,0.735998,0.721147,VONPITULDCLAGLPYNCESOLET,0.615385,0.384615
0.8,4096,4,license_plate_bahnschrift.ttf,VJNKYFDZICRAQLPMWHGESOUXBT,3,15,0,0.68,14.310835,0.701998,0.674571,VINKYTOLDCRAGLPVCESOLEDT,0.5,0.5
0.8,4096,4,license_plate_bahnschrift.ttf,VJNKYFDZICRAQLPMWHGESOUXBT,3,15,1,0.68,14.310835,0.701998,0.674571,VINPITODCAGLPVNGESOLSDT,0.576923,0.423077
0.9,4096,4,license_plate_bahnschrift.ttf,VJNKYFDZICRAQLPMWHGESOUXBT,3,15,0,0.765,15.178933,0.668877,0.635992,VINKYTULDCRADLPNGESOUSDT,0.423077,0.576923
0.9,4096,4,license_plate_bahnschrift.ttf,VJNKYFDZICRAQLPMWHGESOUXBT,3,15,1,0.765,15.178933,0.668877,0.635992,VINPYTOLDCRADLPYNGESOUIDT,0.461538,0.538462
1.0,4096,4,license_plate_bahnschrift.ttf,VJNKYFDZICRAQLPMWHGESOUXBT,3,15,0,0.85,16.0,0.63662,0.603355,VINWYTUDCRADLPVUMNGESODT,0.538462,0.461538
1.0,4096,4,license_plate_bahnschrift.ttf,VJNKYFDZICRAQLPMWHGESOUXBT,3,15,1,0.85,16.0,0.63662,0.603355,VINKYTODCRADLPVMNGESOUIDT,0.423077,0.576923
0.1,16384,4,license_plate_bahnschrift.ttf,VJNKYFDZICRAQLPMWHGESOUXBT,3,15,0,0.085,5.059644,0.959381,1.907975,VRPATOSCYCLLT,0.846154,0.153846
0.1,16384,4,license_plate_bahnschrift.ttf,VJNKYFDZICRAQLPMWHGESOUXBT,3,15,1,0.085,5.059644,0.959381,1.907975,VRPATOOCSLLT,0.807692,0.192308
0.2,16384,4,license_plate_bahnschrift.ttf,VJNKYFDZICRAQLPMWHGESOUXBT,3,15,0,0.17,7.155418,0.919759,1.349142,VRPATODCGYLT,0.807692,0.192308
0.2,16384,4,license_plate_bahnschrift.ttf,VJNKYFDZICRAQLPMWHGESOUXBT,3,15,1,0.17,7.155418,0.919759,1.349142,VRPATUDCMRVLT,0.807692,0.192308
0.3,16384,4,license_plate_bahnschrift.ttf,VJNKYFDZICRAQLPMWHGESOUXBT,3,15,0,0.255,8.763561,0.881116,1.10157,VRPITODCILAGYT,0.769231,0.230769
0.3,16384,4,license_plate_bahnschrift.ttf,VJNKYFDZICRAQLPMWHGESOUXBT,3,15,1,0.255,8.763561,0.881116,1.10157,VRPITOLDCILYT,0.846154,0.153846
0.4,16384,4,license_plate_bahnschrift.ttf,VJNKYFDZICRAQLPMWHGESOUXBT,3,15,0,0.34,10.119289,0.843436,0.953987,VRPITODCIGYLT,0.807692,0.192308
0.4,16384,4,license_plate_bahnschrift.ttf,VJNKYFDZICRAQLPMWHGESOUXBT,3,15,1,0.34,10.119289,0.843436,0.953987,VRPITODCYCT,0.846154,0.153846
0.5,16384,4,license_plate_bahnschrift.ttf,VJNKYFDZICRAQLPMWHGESOUXBT,3,15,0,0.425,11.313708,0.8067,0.853272,VRPITULDCILYCLT,0.846154,0.153846
0.5,16384,4,license_plate_bahnschrift.ttf,VJNKYFDZICRAQLPMWHGESOUXBT,3,15,1,0.425,11.313708,0.8067,0.853272,VRPITOLDCILGLYCLT,0.807692,0.192308
0.6,16384,4,license_plate_bahnschrift.ttf,VJNKYFDZICRAQLPMWHGESOUXBT,3,15,0,0.51,12.393547,0.770893,0.778927,VARPITODCGLSYCSOLDT,0.769231,0.230769
0.6,16384,4,license_plate_bahnschrift.ttf,VJNKYFDZICRAQLPMWHGESOUXBT,3,15,1,0.51,12.393547,0.770893,0.778927,VANPRITODCLVCCSOLDT,0.730769,0.269231
0.7,16384,4,license_plate_bahnschrift.ttf,VJNKYFDZICRAQLPMWHGESOUXBT,3,15,0,0.595,13.38656,0.735998,0.721147,VOINPITULDCRLGLPYNGESOLT,0.615385,0.384615
0.7,16384,4,license_plate_bahnschrift.ttf,VJNKYFDZICRAQLPMWHGESOUXBT,3,15,1,0.595,13.38656,0.735998,0.721147,VANPITULDCLAOLYICESOLEDT,0.653846,0.346154
0.8,16384,4,license_plate_bahnschrift.ttf,VJNKYFDZICRAQLPMWHGESOUXBT,3,15,0,0.68,14.310835,0.701998,0.674571,VINKYTUDCRAGLPVMNGESOLSDT,0.461538,0.538462
0.8,16384,4,license_plate_bahnschrift.ttf,VJNKYFDZICRAQLPMWHGESOUXBT,3,15,1,0.68,14.310835,0.701998,0.674571,VIANKYTODCRAGLPVMNGESOLSDT,0.5,0.5
0.9,16384,4,license_plate_bahnschrift.ttf,VJNKYFDZICRAQLPMWHGESOUXBT,3,15,0,0.765,15.178933,0.668877,0.635992,VINKYTULDCRAGLPMNGESOUSDT,0.384615,0.615385
0.9,16384,4,license_plate_bahnschrift.ttf,VJNKYFDZICRAQLPMWHGESOUXBT,3,15,1,0.765,15.178933,0.668877,0.635992,VINWYTULDCRLADLPYNGESOUIDT,0.5,0.5
1.0,16384,4,license_plate_bahnschrift.ttf,VJNKYFDZICRAQLPMWHGESOUXBT,3,15,0,0.85,16.0,0.63662,0.603355,VINKYTODCRADLPVMNGESOUIDT,0.423077,0.576923
1.0,16384,4,license_plate_bahnschrift.ttf,VJNKYFDZICRAQLPMWHGESOUXBT,3,15,1,0.85,16.0,0.63662,0.603355,VINWYTODCRADLPVMNGESOUIDT,0.461538,0.538462
0.1,65536,4,license_plate_bahnschrift.ttf,VJNKYFDZICRAQLPMWHGESOUXBT,3,15,0,0.085,5.059644,0.959381,1.907975,VRPATUSCMYLLT,0.846154,0.153846
0.1,65536,4,license_plate_bahnschrift.ttf,VJNKYFDZICRAQLPMWHGESOUXBT,3,15,1,0.085,5.059644,0.959381,1.907975,VRPATOSCLLT,0.807692,0.192308
0.2,65536,4,license_plate_bahnschrift.ttf,VJNKYFDZICRAQLPMWHGESOUXBT,3,15,0,0.17,7.155418,0.919759,1.349142,VRPATODCMLT,0.807692,0.192308
0.2,65536,4,license_plate_bahnschrift.ttf,VJNKYFDZICRAQLPMWHGESOUXBT,3,15,1,0.17,7.155418,0.919759,1.349142,VRPATODCRYLT,0.769231,0.230769
0.3,65536,4,license_plate_bahnschrift.ttf,VJNKYFDZICRAQLPMWHGESOUXBT,3,15,0,0.255,8.763561,0.881116,1.10157,VRPITODCIYT,0.846154,0.153846
0.3,65536,4,license_plate_bahnschrift.ttf,VJNKYFDZICRAQLPMWHGESOUXBT,3,15,1,0.255,8.763561,0.881116,1.10157,VRPITUODCILALYT,0.807692,0.192308
0.4,65536,4,license_plate_bahnschrift.ttf,VJNKYFDZICRAQLPMWHGESOUXBT,3,15,0,0.34,10.119289,0.843436,0.953987,VRPRITODCGYCCLT,0.846154,0.153846
0.4,65536,4,license_plate_bahnschrift.ttf,VJNKYFDZICRAQLPMWHGESOUXBT,3,15,1,0.34,10.119289,0.843436,0.953987,VRPRITODCGYCLT,0.846154,0.153846
0.5,65536,4,license_plate_bahnschrift.ttf,VJNKYFDZICRAQLPMWHGESOUXBT,3,15,0,0.425,11.313708,0.8067,0.853272,VRPITOLDCILGLYCELT,0.807692,0.192308
0.5,65536,4,license_plate_bahnschrift.ttf,VJNKYFDZICRAQLPMWHGESOUXBT,3,15,1,0.425,11.313708,0.8067,0.853272,VRPITOLDCIGLYSLT,0.807692,0.192308
0.6,65536,4,license_plate_bahnschrift.ttf,VJNKYFDZICRAQLPMWHGESOUXBT,3,15,0,0.51,12.393547,0.770893,0.778927,VANPITOLDCGLYCCSOLDT,0.730769,0.269231
0.6,65536,4,license_plate_bahnschrift.ttf,VJNKYFDZICRAQLPMWHGESOUXBT,3,15,1,0.51,12.393547,0.770893,0.778927,VANPRITODCGLYCCSOLDT,0.730769,0.269231
0.7,65536,4,license_plate_bahnschrift.ttf,VJNKYFDZICRAQLPMWHGESOUXBT,3,15,0,0.595,13.38656,0.735998,0.721147,VONPITULDCLAGLPYNGESOLEDT,0.576923,0.423077
0.7,65536,4,license_plate_bahnschrift.ttf,VJNKYFDZICRAQLPMWHGESOUXBT,3,15,1,0.595,13.38656,0.735998,0.721147,VOINPITULDCILAGLPYNGESOLET,0.653846,0.346154
0.8,65536,4,license_plate_bahnschrift.ttf,VJNKYFDZICRAQLPMWHGESOUXBT,3,15,0,0.68,14.310835,0.701998,0.674571,VANYTODCRAGLPVGESOLSDT,0.5,0.5
0.8,65536,4,license_plate_bahnschrift.ttf,VJNKYFDZICRAQLPMWHGESOUXBT,3,15,1,0.68,14.310835,0.701998,0.674571,VIANKYTODCRAGLPVNGESOLSDT,0.5,0.5
0.9,65536,4,license_plate_bahnschrift.ttf,VJNKYFDZICRAQLPMWHGESOUXBT,3,15,0,0.765,15.178933,0.668877,0.635992,VINPYTULDCRLADLPYNGESOUIDT,0.5,0.5
0.9,65536,4,license_plate_bahnschrift.ttf,VJNKYFDZICRAQLPMWHGESOUXBT,3,15,1,0.765,15.178933,0.668877,0.635992,VINPYTOLDCRAGLPNGESOUIDT,0.461538,0.538462
1.0,65536,4,license_plate_bahnschrift.ttf,VJNKYFDZICRAQLPMWHGESOUXBT,3,15,0,0.85,16.0,0.63662,0.603355,VINKYTODCRAGLPVMNGESOUIDT,0.423077,0.576923
1.0,65536,4,license_plate_bahnschrift.ttf,VJNKYFDZICRAQLPMWHGESOUXBT,3,15,1,0.85,16.0,0.63662,0.603355,VINWYTODCRADLPVMNGESOUDT,0.461538,0.538462
0.1,4,4,license_plate_bahnschrift.ttf,VJNKYFDZICRAQLPMWHGESOUXBT,7,0,0,0.085,5.059644,0.959381,1.907975,,1.0,0.0
0.1,4,4,license_plate_bahnschrift.ttf,VJNKYFDZICRAQLPMWHGESOUXBT,7,0,1,0.085,5.059644,0.959381,1.907975,,1.0,0.0
0.2,4,4,license_plate_bahnschrift.ttf,VJNKYFDZICRAQLPMWHGESOUXBT,7,0,0,0.17,7.155418,0.919759,1.349142,SRT,0.923077,0.076923
0.2,4,4,license_plate_bahnschrift.ttf,VJNKYFDZICRAQLPMWHGESOUXBT,7,0,1,0.17,7.155418,0.919759,1.349142,,1.0,0.0
0.3,4,4,license_plate_bahnschrift.ttf,VJNKYFDZICRAQLPMWHGESOUXBT,7,0,0,0.255,8.763561,0.881116,1.10157,TAL,0.923077,0.076923
0.3,4,4,license_plate_bahnschrift.ttf,VJNKYFDZICRAQLPMWHGESOUXBT,7,0,1,0.255,8.763561,0.881116,1.10157,SPAS,0.923077,0.076923
0.4,4,4,license_plate_bahnschrift.ttf,VJNKYFDZICRAQLPMWHGESOUXBT,7,0,0,0.34,10.119289,0.843436,0.953987,PERCRSEADSGRINE,0.884615,0.115385
0.4,4,4,license_plate_bahnschrift.ttf,VJNKYFDZICRAQLPMWHGESOUXBT,7,0,1,0.34,10.119289,0.843436,0.953987,ONETERETS,0.884615,0.115385
0.5,4,4,license_plate_bahnschrift.ttf,VJNKYFDZICRAQLPMWHGESOUXBT,7,0,0,0.425,11.313708,0.8067,0.853272,ANTRAL,0.846154,0.153846
0.5,4,4,license_plate_bahnschrift.ttf,VJNKYFDZICRAQLPMWHGESOUXBT,7,0,1,0.425,11.313708,0.8067,0.853272,,1.0,0.0
0.6,4,4,license_plate_bahnschrift.ttf,VJNKYFDZICRAQLPMWHGESOUXBT,7,0,0,0.51,12.393547,0.770893,0.778927,,1.0,0.0
0.6,4,4,license_plate_bahnschrift.ttf,VJNKYFDZICRAQLPMWHGESOUXBT,7,0,1,0.51,12.393547,0.770893,0.778927,ANLYSSAS,0.846154,0.153846
0.7,4,4,license_plate_bahnschrift.ttf,VJNKYFDZICRAQLPMWHGESOUXBT,7,0,0,0.595,13.38656,0.735998,0.721147,,1.0,0.0
0.7,4,4,license_plate_bahnschrift.ttf,VJNKYFDZICRAQLPMWHGESOUXBT,7,0,1,0.595,13.38656,0.735998,0.721147,,1.0,0.0
0.8,4,4,license_plate_bahnschrift.ttf,VJNKYFDZICRAQLPMWHGESOUXBT,7,0,0,0.68,14.310835,0.701998,0.674571,,1.0,0.0
0.8,4,4,license_plate_bahnschrift.ttf,VJNKYFDZICRAQLPMWHGESOUXBT,7,0,1,0.68,14.310835,0.701998,0.674571,MPANGAG,0.923077,0.076923
0.9,4,4,license_plate_bahnschrift.ttf,VJNKYFDZICRAQLPMWHGESOUXBT,7,0,0,0.765,15.178933,0.668877,0.635992,,1.0,0.0
0.9,4,4,license_plate_bahnschrift.ttf,VJNKYFDZICRAQLPMWHGESOUXBT,7,0,1,0.765,15.178933,0.668877,0.635992,SECASS,0.884615,0.115385
1.0,4,4,license_plate_bahnschrift.ttf,VJNKYFDZICRAQLPMWHGESOUXBT,7,0,0,0.85,16.0,0.63662,0.603355,SRNSR,0.923077,0.076923
1.0,4,4,license_plate_bahnschrift.ttf,VJNKYFDZICRAQLPMWHGESOUXBT,7,0,1,0.85,16.0,0.63662,0.603355,,1.0,0.0
0.1,16,4,license_plate_bahnschrift.ttf,VJNKYFDZICRAQLPMWHGESOUXBT,7,0,0,0.085,5.059644,0.959381,1.907975,BCS,0.923077,0.076923
0.1,16,4,license_plate_bahnschrift.ttf,VJNKYFDZICRAQLPMWHGESOUXBT,7,0,1,0.085,5.059644,0.959381,1.907975,PSS,0.923077,0.076923
0.2,16,4,license_plate_bahnschrift.ttf,VJNKYFDZICRAQLPMWHGESOUXBT,7,0,0,0.17,7.155418,0.919759,1.349142,,1.0,0.0
0.2,16,4,license_plate_bahnschrift.ttf,VJNKYFDZICRAQLPMWHGESOUXBT,7,0,1,0.17,7.155418,0.919759,1.349142,,1.0,0.0
0.3,16,4,license_plate_bahnschrift.ttf,VJNKYFDZICRAQLPMWHGESOUXBT,7,0,0,0.255,8.763561,0.881116,1.10157,ACES,0.884615,0.115385
0.3,16,4,license_plate_bahnschrift.ttf,VJNKYFDZICRAQLPMWHGESOUXBT,7,0,1,0.255,8.763561,0.881116,1.10157,RAO,0.884615,0.115385
0.4,16,4,license_plate_bahnschrift.ttf,VJNKYFDZICRAQLPMWHGESOUXBT,7,0,0,0.34,10.119289,0.843436,0.953987,RSOET,0.846154,0.153846
0.4,16,4,license_plate_bahnschrift.ttf,VJNKYFDZICRAQLPMWHGESOUXBT,7,0,1,0.34,10.119289,0.843436,0.953987,OOS,0.961538,0.038462
0.5,16,4,license_plate_bahnschrift.ttf,VJNKYFDZICRAQLPMWHGESOUXBT,7,0,0,0.425,11.313708,0.8067,0.853272,,1.0,0.0
0.5,16,4,license_plate_bahnschrift.ttf,VJNKYFDZICRAQLPMWHGESOUXBT,7,0,1,0.425,11.313708,0.8067,0.853272,,1.0,0.0
0.6,16,4,license_plate_bahnschrift.ttf,VJNKYFDZICRAQLPMWHGESOUXBT,7,0,0,0.51,12.393547,0.770893,0.778927,R,0.961538,0.038462
0.6,16,4,license_plate_bahnschrift.ttf,VJNKYFDZICRAQLPMWHGESOUXBT,7,0,1,0.51,12.393547,0.770893,0.778927,WS,0.923077,0.076923
0.7,16,4,license_plate_bahnschrift.ttf,VJNKYFDZICRAQLPMWHGESOUXBT,7,0,0,0.595,13.38656,0.735998,0.721147,,1.0,0.0
0.7,16,4,license_plate_bahnschrift.ttf,VJNKYFDZICRAQLPMWHGESOUXBT,7,0,1,0.595,13.38656,0.735998,0.721147,,1.0,0.0
0.8,16,4,license_plate_bahnschrift.ttf,VJNKYFDZICRAQLPMWHGESOUXBT,7,0,0,0.68,14.310835,0.701998,0.674571,,1.0,0.0
0.8,16,4,license_plate_bahnschrift.ttf,VJNKYFDZICRAQLPMWHGESOUXBT,7,0,1,0.68,14.310835,0.701998,0.674571,,1.0,0.0
0.9,16,4,license_plate_bahnschrift.ttf,VJNKYFDZICRAQLPMWHGESOUXBT,7,0,0,0.765,15.178933,0.668877,0.635992,,1.0,0.0
0.9,16,4,license_plate_bahnschrift.ttf,VJNKYFDZICRAQLPMWHGESOUXBT,7,0,1,0.765,15.178933,0.668877,0.635992,,1.0,0.0
1.0,16,4,license_plate_bahnschrift.ttf,VJNKYFDZICRAQLPMWHGESOUXBT,7,0,0,0.85,16.0,0.63662,0.603355,,1.0,0.0
1.0,16,4,license_plate_bahnschrift.ttf,VJNKYFDZICRAQLPMWHGESOUXBT,7,0,1,0.85,16.0,0.63662,0.603355,LYELTT,0.884615,0.115385
0.1,64,4,license_plate_bahnschrift.ttf,VJNKYFDZICRAQLPMWHGESOUXBT,7,0,0,0.085,5.059644,0.959381,1.907975,,1.0,0.0
0.1,64,4,license_plate_bahnschrift.ttf,VJNKYFDZICRAQLPMWHGESOUXBT,7,0,1,0.085,5.059644,0.959381,1.907975,,1.0,0.0
0.2,64,4,license_plate_bahnschrift.ttf,VJNKYFDZICRAQLPMWHGESOUXBT,7,0,0,0.17,7.155418,0.919759,1.349142,,1.0,0.0
0.2,64,4,license_plate_bahnschrift.ttf,VJNKYFDZICRAQLPMWHGESOUXBT,7,0,1,0.17,7.155418,0.919759,1.349142,,1.0,0.0
0.3,64,4,license_plate_bahnschrift.ttf,VJNKYFDZICRAQLPMWHGESOUXBT,7,0,0,0.255,8.763561,0.881116,1.10157,,1.0,0.0
0.3,64,4,license_plate_bahnschrift.ttf,VJNKYFDZICRAQLPMWHGESOUXBT,7,0,1,0.255,8.763561,0.881116,1.10157,OROESHAADEEPAWZEAEET,0.846154,0.153846
0.4,64,4,license_plate_bahnschrift.ttf,VJNKYFDZICRAQLPMWHGESOUXBT,7,0,0,0.34,10.119289,0.843436,0.953987,,1.0,0.0
0.4,64,4,license_plate_bahnschrift.ttf,VJNKYFDZICRAQLPMWHGESOUXBT,7,0,1,0.34,10.119289,0.843436,0.953987,,1.0,0.0
0.5,64,4,license_plate_bahnschrift.ttf,VJNKYFDZICRAQLPMWHGESOUXBT,7,0,0,0.425,11.313708,0.8067,0.853272,,1.0,0.0
0.5,64,4,license_plate_bahnschrift.ttf,VJNKYFDZICRAQLPMWHGESOUXBT,7,0,1,0.425,11.313708,0.8067,0.853272,,1.0,0.0
0.6,64,4,license_plate_bahnschrift.ttf,VJNKYFDZICRAQLPMWHGESOUXBT,7,0,0,0.51,12.393547,0.770893,0.778927,,1.0,0.0
0.6,64,4,license_plate_bahnschrift.ttf,VJNKYFDZICRAQLPMWHGESOUXBT,7,0,1,0.51,12.393547,0.770893,0.778927,,1.0,0.0
0.7,64,4,license_plate_bahnschrift.ttf,VJNKYFDZICRAQLPMWHGESOUXBT,7,0,0,0.595,13.38656,0.735998,0.721147,,1.0,0.0
0.7,64,4,license_plate_bahnschrift.ttf,VJNKYFDZICRAQLPMWHGESOUXBT,7,0,1,0.595,13.38656,0.735998,0.721147,SRMEOT,0.807692,0.192308
0.8,64,4,license_plate_bahnschrift.ttf,VJNKYFDZICRAQLPMWHGESOUXBT,7,0,0,0.68,14.310835,0.701998,0.674571,,1.0,0.0
0.8,64,4,license_plate_bahnschrift.ttf,VJNKYFDZICRAQLPMWHGESOUXBT,7,0,1,0.68,14.310835,0.701998,0.674571,,1.0,0.0
0.9,64,4,license_plate_bahnschrift.ttf,VJNKYFDZICRAQLPMWHGESOUXBT,7,0,0,0.765,15.178933,0.668877,0.635992,,1.0,0.0
0.9,64,4,license_plate_bahnschrift.ttf,VJNKYFDZICRAQLPMWHGESOUXBT,7,0,1,0.765,15.178933,0.668877,0.635992,,1.0,0.0
1.0,64,4,license_plate_bahnschrift.ttf,VJNKYFDZICRAQLPMWHGESOUXBT,7,0,0,0.85,16.0,0.63662,0.603355,,1.0,0.0
1.0,64,4,license_plate_bahnschrift.ttf,VJNKYFDZICRAQLPMWHGESOUXBT,7,0,1,0.85,16.0,0.63662,0.603355,,1.0,0.0
0.1,256,4,license_plate_bahnschrift.ttf,VJNKYFDZICRAQLPMWHGESOUXBT,7,0,0,0.085,5.059644,0.959381,1.907975,HPC,0.961538,0.038462
0.1,256,4,license_plate_bahnschrift.ttf,VJNKYFDZICRAQLPMWHGESOUXBT,7,0,1,0.085,5.059644,0.959381,1.907975,OL,0.961538,0.038462
0.2,256,4,license_plate_bahnschrift.ttf,VJNKYFDZICRAQLPMWHGESOUXBT,7,0,0,0.17,7.155418,0.919759,1.349142,WREICSECDLEPWIRLSULOUT,0.807692,0.192308
0.2,256,4,license_plate_bahnschrift.ttf,VJNKYFDZICRAQLPMWHGESOUXBT,7,0,1,0.17,7.155418,0.919759,1.349142,CTADHWNZCSCOT,0.807692,0.192308
0.3,256,4,license_plate_bahnschrift.ttf,VJNKYFDZICRAQLPMWHGESOUXBT,7,0,0,0.255,8.763561,0.881116,1.10157,RJNITOSOAPPMICT,0.769231,0.230769
0.3,256,4,license_plate_bahnschrift.ttf,VJNKYFDZICRAQLPMWHGESOUXBT,7,0,1,0.255,8.763561,0.881116,1.10157,ARKINEEONANPMICOTT,0.769231,0.230769
0.4,256,4,license_plate_bahnschrift.ttf,VJNKYFDZICRAQLPMWHGESOUXBT,7,0,0,0.34,10.119289,0.843436,0.953987,SITSOVDPRANCT,0.846154,0.153846
0.4,256,4,license_plate_bahnschrift.ttf,VJNKYFDZICRAQLPMWHGESOUXBT,7,0,1,0.34,10.119289,0.843436,0.953987,SMEITSOOTADPNIELOT,0.807692,0.192308
0.5,256,4,license_plate_bahnschrift.ttf,VJNKYFDZICRAQLPMWHGESOUXBT,7,0,0,0.425,11.313708,0.8067,0.853272,SIMETOOOTALPMCSILOT,0.769231,0.230769
0.5,256,4,license_plate_bahnschrift.ttf,VJNKYFDZICRAQLPMWHGESOUXBT,7,0,1,0.425,11.313708,0.8067,0.853272,TACUOUAHYMIRCSOWOT,0.807692,0.192308
0.6,256,4,license_plate_bahnschrift.ttf,VJNKYFDZICRAQLPMWHGESOUXBT,7,0,0,0.51,12.393547,0.770893,0.778927,WINNYTOUOTADLTYMIESLOT,0.730769,0.269231
0.6,256,4,license_plate_bahnschrift.ttf,VJNKYFDZICRAQLPMWHGESOUXBT,7,0,1,0.51,12.393547,0.770893,0.778927,CIMTITOROAAOLIHANIESIOUT,0.769231,0.230769
0.7,256,4,license_plate_bahnschrift.ttf,VJNKYFDZICRAQLPMWHGESOUXBT,7,0,0,0.595,13.38656,0.735998,0.721147,ERMTSSCUARLPYMNCOSLOLIT,0.769231,0.230769
0.7,256,4,license_plate_bahnschrift.ttf,VJNKYFDZICRAQLPMWHGESOUXBT,7,0,1,0.595,13.38656,0.735998,0.721147,WITOLD,0.923077,0.076923
0.8,256,4,license_plate_bahnschrift.ttf,VJNKYFDZICRAQLPMWHGESOUXBT,7,0,0,0.68,14.310835,0.701998,0.674571,WRNYPOUCTALIMWHSESOUNIIT,0.538462,0.461538
0.8,256,4,license_plate_bahnschrift.ttf,VJNKYFDZICRAQLPMWHGESOUXBT,7,0,1,0.68,14.310835,0.701998,0.674571,VIMTONIOUADLPMESOLIT,0.615385,0.384615
0.9,256,4,license_plate_bahnschrift.ttf,VJNKYFDZICRAQLPMWHGESOUXBT,7,0,0,0.765,15.178933,0.668877,0.635992,WINAYTODCAGLPMAESUTIT,0.576923,0.423077
0.9,256,4,license_plate_bahnschrift.ttf,VJNKYFDZICRAQLPMWHGESOUXBT,7,0,1,0.765,15.178933,0.668877,0.635992,WINPSOOIAOLFMMCSOLODT,0.692308,0.307692
1.0,256,4,license_plate_bahnschrift.ttf,VJNKYFDZICRAQLPMWHGESOUXBT,7,0,0,0.85,16.0,0.63662,0.603355,,1.0,0.0
1.0,256,4,license_plate_bahnschrift.ttf,VJNKYFDZICRAQLPMWHGESOUXBT,7,0,1,0.85,16.0,0.63662,0.603355,WNPODOUDLIMANESOUWYT,0.653846,0.346154
0.1,1024,4,license_plate_bahnschrift.ttf,VJNKYFDZICRAQLPMWHGESOUXBT,7,0,0,0.085,5.059644,0.959381,1.907975,SESOMDFWIRCSOUT,0.769231,0.230769
0.1,1024,4,license_plate_bahnschrift.ttf,VJNKYFDZICRAQLPMWHGESOUXBT,7,0,1,0.085,5.059644,0.959381,1.907975,SJKOFDFWINCSSOOT,0.730769,0.269231
0.2,1024,4,license_plate_bahnschrift.ttf,VJNKYFDZICRAQLPMWHGESOUXBT,7,0,0,0.17,7.155418,0.919759,1.349142,ROIEOTADPWINCSSOOT,0.807692,0.192308
0.2,1024,4,license_plate_bahnschrift.ttf,VJNKYFDZICRAQLPMWHGESOUXBT,7,0,1,0.17,7.155418,0.919759,1.349142,CLOTADWOST,0.846154,0.153846
0.3,1024,4,license_plate_bahnschrift.ttf,VJNKYFDZICRAQLPMWHGESOUXBT,7,0,0,0.255,8.763561,0.881116,1.10157,SITOFAPWICSLOT,0.769231,0.230769
0.3,1024,4,license_plate_bahnschrift.ttf,VJNKYFDZICRAQLPMWHGESOUXBT,7,0,1,0.255,8.763561,0.881116,1.10157,SSOP,0.923077,0.076923
0.4,1024,4,license_plate_bahnschrift.ttf,VJNKYFDZICRAQLPMWHGESOUXBT,7,0,0,0.34,10.119289,0.843436,0.953987,SOTO,0.923077,0.076923
0.4,1024,4,license_plate_bahnschrift.ttf,VJNKYFDZICRAQLPMWHGESOUXBT,7,0,1,0.34,10.119289,0.843436,0.953987,SIMSON,0.846154,0.153846
0.5,1024,4,license_plate_bahnschrift.ttf,VJNKYFDZICRAQLPMWHGESOUXBT,7,0,0,0.425,11.313708,0.8067,0.853272,WINITCEOVOFYMINESLOT,0.807692,0.192308
0.5,1024,4,license_plate_bahnschrift.ttf,VJNKYFDZICRAQLPMWHGESOUXBT,7,0,1,0.425,11.313708,0.8067,0.853272,CTCEOVALFYMIICSOT,0.807692,0.192308
0.6,1024,4,license_plate_bahnschrift.ttf,VJNKYFDZICRAQLPMWHGESOUXBT,7,0,0,0.51,12.393547,0.770893,0.778927,CPATTIOUALPMANESLOUT,0.653846,0.346154
0.6,1024,4,license_plate_bahnschrift.ttf,VJNKYFDZICRAQLPMWHGESOUXBT,7,0,1,0.51,12.393547,0.770893,0.778927,WIMTTOSOUALPAOSLOT,0.807692,0.192308
0.7,1024,4,license_plate_bahnschrift.ttf,VJNKYFDZICRAQLPMWHGESOUXBT,7,0,0,0.595,13.38656,0.735998,0.721147,WIMTOUOULPYMNESLOT,0.807692,0.192308
0.7,1024,4,license_plate_bahnschrift.ttf,VJNKYFDZICRAQLPMWHGESOUXBT,7,0,1,0.595,13.38656,0.735998,0.721147,WIMTOEOUOLFYMIEESILOT,0.846154,0.153846
0.8,1024,4,license_plate_bahnschrift.ttf,VJNKYFDZICRAQLPMWHGESOUXBT,7,0,0,0.68,14.310835,0.701998,0.674571,WINATPODOLADLPYMCSOLOT,0.730769,0.269231
0.8,1024,4,license_plate_bahnschrift.ttf,VJNKYFDZICRAQLPMWHGESOUXBT,7,0,1,0.68,14.310835,0.701998,0.674571,WIMATPODOLADLIFMMNCESOLOIT,0.769231,0.230769
0.9,1024,4,license_plate_bahnschrift.ttf,VJNKYFDZICRAQLPMWHGESOUXBT,7,0,0,0.765,15.178933,0.668877,0.635992,CINNITOSOLADLPYMTCSOUWDIT,0.730769,0.269231
0.9,1024,4,license_plate_bahnschrift.ttf,VJNKYFDZICRAQLPMWHGESOUXBT,7,0,1,0.765,15.178933,0.668877,0.635992,WINKTPODRILAGLPYMNGESOLWOIT,0.615385,0.384615
1.0,1024,4,license_plate_bahnschrift.ttf,VJNKYFDZICRAQLPMWHGESOUXBT,7,0,0,0.85,16.0,0.63662,0.603355,SCOUT,0.846154,0.153846
1.0,1024,4,license_plate_bahnschrift.ttf,VJNKYFDZICRAQLPMWHGESOUXBT,7,0,1,0.85,16.0,0.63662,0.603355,WINKNIPOSIOTADLPYMESOUIT,0.615385,0.384615
0.1,4096,4,license_plate_bahnschrift.ttf,VJNKYFDZICRAQLPMWHGESOUXBT,7,0,0,0.085,5.059644,0.959381,1.907975,JROFADFWICOT,0.769231,0.230769
0.1,4096,4,license_plate_bahnschrift.ttf,VJNKYFDZICRAQLPMWHGESOUXBT,7,0,1,0.085,5.059644,0.959381,1.907975,PROFADFWINCOT,0.807692,0.192308
0.2,4096,4,license_plate_bahnschrift.ttf,VJNKYFDZICRAQLPMWHGESOUXBT,7,0,0,0.17,7.155418,0.919759,1.349142,SCIEOFAPWINCOT,0.769231,0.230769
0.2,4096,4,license_plate_bahnschrift.ttf,VJNKYFDZICRAQLPMWHGESOUXBT,7,0,1,0.17,7.155418,0.919759,1.349142,JOTADWCSOT,0.769231,0.230769
0.3,4096,4,license_plate_bahnschrift.ttf,VJNKYFDZICRAQLPMWHGESOUXBT,7,0,0,0.255,8.763561,0.881116,1.10157,CITIDEL,0.923077,0.076923
0.3,4096,4,license_plate_bahnschrift.ttf,VJNKYFDZICRAQLPMWHGESOUXBT,7,0,1,0.255,8.763561,0.881116,1.10157,CITIES,0.884615,0.115385
0.4,4096,4,license_plate_bahnschrift.ttf,VJNKYFDZICRAQLPMWHGESOUXBT,7,0,0,0.34,10.119289,0.843436,0.953987,SIMTIEOMPAOSLT,0.846154,0.153846
0.4,4096,4,license_plate_bahnschrift.ttf,VJNKYFDZICRAQLPMWHGESOUXBT,7,0,1,0.34,10.119289,0.843436,0.953987,SIMITSSOTALPACSLOT,0.807692,0.192308
0.5,4096,4,license_plate_bahnschrift.ttf,VJNKYFDZICRAQLPMWHGESOUXBT,7,0,0,0.425,11.313708,0.8067,0.853272,SIITCEOVADPYMISLT,0.846154,0.153846
0.5,4096,4,license_plate_bahnschrift.ttf,VJNKYFDZICRAQLPMWHGESOUXBT,7,0,1,0.425,11.313708,0.8067,0.853272,STCEOVPPMCST,0.807692,0.192308
0.6,4096,4,license_plate_bahnschrift.ttf,VJNKYFDZICRAQLPMWHGESOUXBT,7,0,0,0.51,12.393547,0.770893,0.778927,WINNITSEOUALPMANCSLOT,0.730769,0.269231
0.6,4096,4,license_plate_bahnschrift.ttf,VJNKYFDZICRAQLPMWHGESOUXBT,7,0,1,0.51,12.393547,0.770893,0.778927,WINMITSSOTALPRAICSLOT,0.769231,0.230769
0.7,4096,4,license_plate_bahnschrift.ttf,VJNKYFDZICRAQLPMWHGESOUXBT,7,0,0,0.595,13.38656,0.735998,0.721147,WIMITCEOUOLFYMISLOT,0.884615,0.115385
0.7,4096,4,license_plate_bahnschrift.ttf,VJNKYFDZICRAQLPMWHGESOUXBT,7,0,1,0.595,13.38656,0.735998,0.721147,CPMTTCEOLADLPYMESOLOT,0.730769,0.269231
0.8,4096,4,license_plate_bahnschrift.ttf,VJNKYFDZICRAQLPMWHGESOUXBT,7,0,0,0.68,14.310835,0.701998,0.674571,WIMTPODOLADLPMMNCESOLOT,0.653846,0.346154
0.8,4096,4,license_plate_bahnschrift.ttf,VJNKYFDZICRAQLPMWHGESOUXBT,7,0,1,0.68,14.310835,0.701998,0.674571,WIMTOROUADLPMMNICESOLODT,0.730769,0.269231
0.9,4096,4,license_plate_bahnschrift.ttf,VJNKYFDZICRAQLPMWHGESOUXBT,7,0,0,0.765,15.178933,0.668877,0.635992,WINKTFODOUAGLPYMNCCSOLONIT,0.692308,0.307692
0.9,4096,4,license_plate_bahnschrift.ttf,VJNKYFDZICRAQLPMWHGESOUXBT,7,0,1,0.765,15.178933,0.668877,0.635992,WINNTPODOLADLIPMMCSOLOIT,0.730769,0.269231
1.0,4096,4,license_plate_bahnschrift.ttf,VJNKYFDZICRAQLPMWHGESOUXBT,7,0,0,0.85,16.0,0.63662,0.603355,WINATFODIOLADLIMANGESOWT,0.576923,0.423077
1.0,4096,4,license_plate_bahnschrift.ttf,VJNKYFDZICRAQLPMWHGESOUXBT,7,0,1,0.85,16.0,0.63662,0.603355,,1.0,0.0
0.1,16384,4,license_plate_bahnschrift.ttf,VJNKYFDZICRAQLPMWHGESOUXBT,7,0,0,0.085,5.059644,0.959381,1.907975,JROFOFWICOT,0.807692,0.192308
0.1,16384,4,license_plate_bahnschrift.ttf,VJNKYFDZICRAQLPMWHGESOUXBT,7,0,1,0.085,5.059644,0.959381,1.907975,JROTOPWICT,0.807692,0.192308
0.2,16384,4,license_plate_bahnschrift.ttf,VJNKYFDZICRAQLPMWHGESOUXBT,7,0,0,0.17,7.155418,0.919759,1.349142,JCIOFADPWINCOT,0.730769,0.269231
0.2,16384,4,license_plate_bahnschrift.ttf,VJNKYFDZICRAQLPMWHGESOUXBT,7,0,1,0.17,7.155418,0.919759,1.349142,ICISOTADPWICOT,0.807692,0.192308
0.3,16384,4,license_plate_bahnschrift.ttf,VJNKYFDZICRAQLPMWHGESOUXBT,7,0,0,0.255,8.763561,0.881116,1.10157,STSSOTADPMIOSOT,0.769231,0.230769
0.3,16384,4,license_plate_bahnschrift.ttf,VJNKYFDZICRAQLPMWHGESOUXBT,7,0,1,0.255,8.763561,0.881116,1.10157,CSSA,0.923077,0.076923
0.4,16384,4,license_plate_bahnschrift.ttf,VJNKYFDZICRAQLPMWHGESOUXBT,7,0,0,0.34,10.119289,0.843436,0.953987,SIMEON,0.846154,0.153846
0.4,16384,4,license_plate_bahnschrift.ttf,VJNKYFDZICRAQLPMWHGESOUXBT,7,0,1,0.34,10.119289,0.843436,0.953987,SIMEON,0.846154,0.153846
0.5,16384,4,license_plate_bahnschrift.ttf,VJNKYFDZICRAQLPMWHGESOUXBT,7,0,0,0.425,11.313708,0.8067,0.853272,SMITE,0.923077,0.076923
0.5,16384,4,license_plate_bahnschrift.ttf,VJNKYFDZICRAQLPMWHGESOUXBT,7,0,1,0.425,11.313708,0.8067,0.853272,SIMITCEOLADPPMCSLT,0.807692,0.192308
0.6,16384,4,license_plate_bahnschrift.ttf,VJNKYFDZICRAQLPMWHGESOUXBT,7,0,0,0.51,12.393547,0.770893,0.778927,WIMNITOSOUALPMAICSLOT,0.769231,0.230769
0.6,16384,4,license_plate_bahnschrift.ttf,VJNKYFDZICRAQLPMWHGESOUXBT,7,0,1,0.51,12.393547,0.770893,0.778927,WIMNITODOTALPRANICSLOT,0.769231,0.230769
0.7,16384,4,license_plate_bahnschrift.ttf,VJNKYFDZICRAQLPMWHGESOUXBT,7,0,0,0.595,13.38656,0.735998,0.721147,WIMITCEOLADLPYMICSOLOT,0.769231,0.230769
0.7,16384,4,license_plate_bahnschrift.ttf,VJNKYFDZICRAQLPMWHGESOUXBT,7,0,1,0.595,13.38656,0.735998,0.721147,WIMITCEOUOFYMICSOLOT,0.846154,0.153846
0.8,16384,4,license_plate_bahnschrift.ttf,VJNKYFDZICRAQLPMWHGESOUXBT,7,0,0,0.68,14.310835,0.701998,0.674571,WINATPODIOUADLPMMESOLOT,0.615385,0.384615
0.8,16384,4,license_plate_bahnschrift.ttf,VJNKYFDZICRAQLPMWHGESOUXBT,7,0,1,0.68,14.310835,0.701998,0.674571,WINATPOROLADLPMMNESOLOT,0.653846,0.346154
0.9,16384,4,license_plate_bahnschrift.ttf,VJNKYFDZICRAQLPMWHGESOUXBT,7,0,0,0.765,15.178933,0.668877,0.635992,WINNTPODOLADLIFYMNCESOLODT,0.769231,0.230769
0.9,16384,4,license_plate_bahnschrift.ttf,VJNKYFDZICRAQLPMWHGESOUXBT,7,0,1,0.765,15.178933,0.668877,0.635992,WINNPODOUADLIYMNCSOLOT,0.730769,0.269231
1.0,16384,4,license_plate_bahnschrift.ttf,VJNKYFDZICRAQLPMWHGESOUXBT,7,0,0,0.85,16.0,0.63662,0.603355,WINATPODIOLADLPMMNGESOUWOIT,0.576923,0.423077
1.0,16384,4,license_plate_bahnschrift.ttf,VJNKYFDZICRAQLPMWHGESOUXBT,7,0,1,0.85,16.0,0.63662,0.603355,,1.0,0.0
0.1,65536,4,license_plate_bahnschrift.ttf,VJNKYFDZICRAQLPMWHGESOUXBT,7,0,0,0.085,5.059644,0.959381,1.907975,JEOTDFWICT,0.846154,0.153846
0.1,65536,4,license_plate_bahnschrift.ttf,VJNKYFDZICRAQLPMWHGESOUXBT,7,0,1,0.085,5.059644,0.959381,1.907975,JOEOTDFWICT,0.846154,0.153846
0.2,65536,4,license_plate_bahnschrift.ttf,VJNKYFDZICRAQLPMWHGESOUXBT,7,0,0,0.17,7.155418,0.919759,1.349142,HTOPWICOT,0.846154,0.153846
0.2,65536,4,license_plate_bahnschrift.ttf,VJNKYFDZICRAQLPMWHGESOUXBT,7,0,1,0.17,7.155418,0.919759,1.349142,ICIOFAPWICOT,0.769231,0.230769
0.3,65536,4,license_plate_bahnschrift.ttf,VJNKYFDZICRAQLPMWHGESOUXBT,7,0,0,0.255,8.763561,0.881116,1.10157,CTO,0.923077,0.076923
0.3,65536,4,license_plate_bahnschrift.ttf,VJNKYFDZICRAQLPMWHGESOUXBT,7,0,1,0.255,8.763561,0.881116,1.10157,CITISOVADPMIOLOT,0.807692,0.192308
0.4,65536,4,license_plate_bahnschrift.ttf,VJNKYFDZICRAQLPMWHGESOUXBT,7,0,0,0.34,10.119289,0.843436,0.953987,SIMEOSEOTAOPSL,0.884615,0.115385
0.4,65536,4,license_plate_bahnschrift.ttf,VJNKYFDZICRAQLPMWHGESOUXBT,7,0,1,0.34,10.119289,0.843436,0.953987,SIMETSTOTPRAOSL,0.884615,0.115385
0.5,65536,4,license_plate_bahnschrift.ttf,VJNKYFDZICRAQLPMWHGESOUXBT,7,0,0,0.425,11.313708,0.8067,0.853272,SINITCEOLAPPMICSLT,0.769231,0.230769
0.5,65536,4,license_plate_bahnschrift.ttf,VJNKYFDZICRAQLPMWHGESOUXBT,7,0,1,0.425,11.313708,0.8067,0.853272,SIMEITCEOLADFPMICSLT,0.807692,0.192308
0.6,65536,4,license_plate_bahnschrift.ttf,VJNKYFDZICRAQLPMWHGESOUXBT,7,0,0,0.51,12.393547,0.770893,0.778927,WINITOSOTADLPMANICSLOT,0.730769,0.269231
0.6,65536,4,license_plate_bahnschrift.ttf,VJNKYFDZICRAQLPMWHGESOUXBT,7,0,1,0.51,12.393547,0.770893,0.778927,WIMNITOSOUADLPRMNIESLOT,0.769231,0.230769
0.7,65536,4,license_plate_bahnschrift.ttf,VJNKYFDZICRAQLPMWHGESOUXBT,7,0,0,0.595,13.38656,0.735998,0.721147,WINNITOEOLADLPYMIESLT,0.730769,0.269231
0.7,65536,4,license_plate_bahnschrift.ttf,VJNKYFDZICRAQLPMWHGESOUXBT,7,0,1,0.595,13.38656,0.735998,0.721147,WIMITOROLADLPYMICSLT,0.807692,0.192308
0.8,65536,4,license_plate_bahnschrift.ttf,VJNKYFDZICRAQLPMWHGESOUXBT,7,0,0,0.68,14.310835,0.701998,0.674571,WIMTPODOLADLFMMNICESOLOUT,0.730769,0.269231
0.8,65536,4,license_plate_bahnschrift.ttf,VJNKYFDZICRAQLPMWHGESOUXBT,7,0,1,0.68,14.310835,0.701998,0.674571,WIMATPOROLADLPMMNESOLOT,0.692308,0.307692
0.9,65536,4,license_plate_bahnschrift.ttf,VJNKYFDZICRAQLPMWHGESOUXBT,7,0,0,0.765,15.178933,0.668877,0.635992,WINNTIPODOUADLIYMNCSOLOIT,0.769231,0.230769
0.9,65536,4,license_plate_bahnschrift.ttf,VJNKYFDZICRAQLPMWHGESOUXBT,7,0,1,0.765,15.178933,0.668877,0.635992,WINNTPODOUAGLIYMNCSOLWOIT,0.807692,0.192308
1.0,65536,4,license_plate_bahnschrift.ttf,VJNKYFDZICRAQLPMWHGESOUXBT,7,0,0,0.85,16.0,0.63662,0.603355,WINATFODIOLADLIMMNGESOWOIT,0.576923,0.423077
1.0,65536,4,license_plate_bahnschrift.ttf,VJNKYFDZICRAQLPMWHGESOUXBT,7,0,1,0.85,16.0,0.63662,0.603355,WINATFODIOLADLFPMMNGESOLWONT,0.615385,0.384615
0.1,4,4,license_plate_bahnschrift.ttf,VJNKYFDZICRAQLPMWHGESOUXBT,7,3,0,0.085,5.059644,0.959381,1.907975,,1.0,0.0
0.1,4,4,license_plate_bahnschrift.ttf,VJNKYFDZICRAQLPMWHGESOUXBT,7,3,1,0.085,5.059644,0.959381,1.907975,,1.0,0.0
0.2,4,4,license_plate_bahnschrift.ttf,VJNKYFDZICRAQLPMWHGESOUXBT,7,3,0,0.17,7.155418,0.919759,1.349142,,1.0,0.0
0.2,4,4,license_plate_bahnschrift.ttf,VJNKYFDZICRAQLPMWHGESOUXBT,7,3,1,0.17,7.155418,0.919759,1.349142,TN,0.961538,0.038462
0.3,4,4,license_plate_bahnschrift.ttf,VJNKYFDZICRAQLPMWHGESOUXBT,7,3,0,0.255,8.763561,0.881116,1.10157,SBEY,0.961538,0.038462
0.3,4,4,license_plate_bahnschrift.ttf,VJNKYFDZICRAQLPMWHGESOUXBT,7,3,1,0.255,8.763561,0.881116,1.10157,LRBNPPM,0.884615,0.115385
0.4,4,4,license_plate_bahnschrift.ttf,VJNKYFDZICRAQLPMWHGESOUXBT,7,3,0,0.34,10.119289,0.843436,0.953987,,1.0,0.0
0.4,4,4,license_plate_bahnschrift.ttf,VJNKYFDZICRAQLPMWHGESOUXBT,7,3,1,0.34,10.119289,0.843436,0.953987,,1.0,0.0
0.5,4,4,license_plate_bahnschrift.ttf,VJNKYFDZICRAQLPMWHGESOUXBT,7,3,0,0.425,11.313708,0.8067,0.853272,,1.0,0.0
0.5,4,4,license_plate_bahnschrift.ttf,VJNKYFDZICRAQLPMWHGESOUXBT,7,3,1,0.425,11.313708,0.8067,0.853272,LEAGTCIRCSSTF,0.884615,0.115385
0.6,4,4,license_plate_bahnschrift.ttf,VJNKYFDZICRAQLPMWHGESOUXBT,7,3,0,0.51,12.393547,0.770893,0.778927,REL,0.923077,0.076923
0.6,4,4,license_plate_bahnschrift.ttf,VJNKYFDZICRAQLPMWHGESOUXBT,7,3,1,0.51,12.393547,0.770893,0.778927,PSRO,0.923077,0.076923
0.7,4,4,license_plate_bahnschrift.ttf,VJNKYFDZICRAQLPMWHGESOUXBT,7,3,0,0.595,13.38656,0.735998,0.721147,CRITPLEY,0.846154,0.153846
0.7,4,4,license_plate_bahnschrift.ttf,VJNKYFDZICRAQLPMWHGESOUXBT,7,3,1,0.595,13.38656,0.735998,0.721147,,1.0,0.0
0.8,4,4,license_plate_bahnschrift.ttf,VJNKYFDZICRAQLPMWHGESOUXBT,7,3,0,0.68,14.310835,0.701998,0.674571,,1.0,0.0
0.8,4,4,license_plate_bahnschrift.ttf,VJNKYFDZICRAQLPMWHGESOUXBT,7,3,1,0.68,14.310835,0.701998,0.674571,,1.0,0.0
0.9,4,4,license_plate_bahnschrift.ttf,VJNKYFDZICRAQLPMWHGESOUXBT,7,3,0,0.765,15.178933,0.668877,0.635992,,1.0,0.0
0.9,4,4,license_plate_bahnschrift.ttf,VJNKYFDZICRAQLPMWHGESOUXBT,7,3,1,0.765,15.178933,0.668877,0.635992,YREEE,0.884615,0.115385
1.0,4,4,license_plate_bahnschrift.ttf,VJNKYFDZICRAQLPMWHGESOUXBT,7,3,0,0.85,16.0,0.63662,0.603355,TSE,0.961538,0.038462
1.0,4,4,license_plate_bahnschrift.ttf,VJNKYFDZICRAQLPMWHGESOUXBT,7,3,1,0.85,16.0,0.63662,0.603355,EEDRSNTOMRAE,0.846154,0.153846
0.1,16,4,license_plate_bahnschrift.ttf,VJNKYFDZICRAQLPMWHGESOUXBT,7,3,0,0.085,5.059644,0.959381,1.907975,RSM,0.923077,0.076923
0.1,16,4,license_plate_bahnschrift.ttf,VJNKYFDZICRAQLPMWHGESOUXBT,7,3,1,0.085,5.059644,0.959381,1.907975,SURRM,0.923077,0.076923
0.2,16,4,license_plate_bahnschrift.ttf,VJNKYFDZICRAQLPMWHGESOUXBT,7,3,0,0.17,7.155418,0.919759,1.349142,FERTSADNGE,0.846154,0.153846
0.2,16,4,license_plate_bahnschrift.ttf,VJNKYFDZICRAQLPMWHGESOUXBT,7,3,1,0.17,7.155418,0.919759,1.349142,SISSS,0.923077,0.076923
0.3,16,4,license_plate_bahnschrift.ttf,VJNKYFDZICRAQLPMWHGESOUXBT,7,3,0,0.255,8.763561,0.881116,1.10157,AKR,0.923077,0.076923
0.3,16,4,license_plate_bahnschrift.ttf,VJNKYFDZICRAQLPMWHGESOUXBT,7,3,1,0.255,8.763561,0.881116,1.10157,,1.0,0.0
0.4,16,4,license_plate_bahnschrift.ttf,VJNKYFDZICRAQLPMWHGESOUXBT,7,3,0,0.34,10.119289,0.843436,0.953987,,1.0,0.0
0.4,16,4,license_plate_bahnschrift.ttf,VJNKYFDZICRAQLPMWHGESOUXBT,7,3,1,0.34,10.119289,0.843436,0.953987,,1.0,0.0
0.5,16,4,license_plate_bahnschrift.ttf,VJNKYFDZICRAQLPMWHGESOUXBT,7,3,0,0.425,11.313708,0.8067,0.853272,,1.0,0.0
0.5,16,4,license_plate_bahnschrift.ttf,VJNKYFDZICRAQLPMWHGESOUXBT,7,3,1,0.425,11.313708,0.8067,0.853272,,1.0,0.0
0.6,16,4,license_plate_bahnschrift.ttf,VJNKYFDZICRAQLPMWHGESOUXBT,7,3,0,0.51,12.393547,0.770893,0.778927,,1.0,0.0
0.6,16,4,license_plate_bahnschrift.ttf,VJNKYFDZICRAQLPMWHGESOUXBT,7,3,1,0.51,12.393547,0.770893,0.778927,,1.0,0.0
0.7,16,4,license_plate_bahnschrift.ttf,VJNKYFDZICRAQLPMWHGESOUXBT,7,3,0,0.595,13.38656,0.735998,0.721147,,1.0,0.0
0.7,16,4,license_plate_bahnschrift.ttf,VJNKYFDZICRAQLPMWHGESOUXBT,7,3,1,0.595,13.38656,0.735998,0.721147,,1.0,0.0
0.8,16,4,license_plate_bahnschrift.ttf,VJNKYFDZICRAQLPMWHGESOUXBT,7,3,0,0.68,14.310835,0.701998,0.674571,,1.0,0.0
0.8,16,4,license_plate_bahnschrift.ttf,VJNKYFDZICRAQLPMWHGESOUXBT,7,3,1,0.68,14.310835,0.701998,0.674571,DSF,0.923077,0.076923
0.9,16,4,license_plate_bahnschrift.ttf,VJNKYFDZICRAQLPMWHGESOUXBT,7,3,0,0.765,15.178933,0.668877,0.635992,,1.0,0.0
0.9,16,4,license_plate_bahnschrift.ttf,VJNKYFDZICRAQLPMWHGESOUXBT,7,3,1,0.765,15.178933,0.668877,0.635992,EAA,0.961538,0.038462
1.0,16,4,license_plate_bahnschrift.ttf,VJNKYFDZICRAQLPMWHGESOUXBT,7,3,0,0.85,16.0,0.63662,0.603355,,1.0,0.0
1.0,16,4,license_plate_bahnschrift.ttf,VJNKYFDZICRAQLPMWHGESOUXBT,7,3,1,0.85,16.0,0.63662,0.603355,,1.0,0.0
0.1,64,4,license_plate_bahnschrift.ttf,VJNKYFDZICRAQLPMWHGESOUXBT,7,3,0,0.085,5.059644,0.959381,1.907975,,1.0,0.0
0.1,64,4,license_plate_bahnschrift.ttf,VJNKYFDZICRAQLPMWHGESOUXBT,7,3,1,0.085,5.059644,0.959381,1.907975,,1.0,0.0
0.2,64,4,license_plate_bahnschrift.ttf,VJNKYFDZICRAQLPMWHGESOUXBT,7,3,0,0.17,7.155418,0.919759,1.349142,,1.0,0.0
0.2,64,4,license_plate_bahnschrift.ttf,VJNKYFDZICRAQLPMWHGESOUXBT,7,3,1,0.17,7.155418,0.919759,1.349142,ASSPMPOT,0.807692,0.192308
0.3,64,4,license_plate_bahnschrift.ttf,VJNKYFDZICRAQLPMWHGESOUXBT,7,3,0,0.255,8.763561,0.881116,1.10157,,1.0,0.0
0.3,64,4,license_plate_bahnschrift.ttf,VJNKYFDZICRAQLPMWHGESOUXBT,7,3,1,0.255,8.763561,0.881116,1.10157,,1.0,0.0
0.4,64,4,license_plate_bahnschrift.ttf,VJNKYFDZICRAQLPMWHGESOUXBT,7,3,0,0.34,10.119289,0.843436,0.953987,,1.0,0.0
0.4,64,4,license_plate_bahnschrift.ttf,VJNKYFDZICRAQLPMWHGESOUXBT,7,3,1,0.34,10.119289,0.843436,0.953987,,1.0,0.0
0.5,64,4,license_plate_bahnschrift.ttf,VJNKYFDZICRAQLPMWHGESOUXBT,7,3,0,0.425,11.313708,0.8067,0.853272,,1.0,0.0
0.5,64,4,license_plate_bahnschrift.ttf,VJNKYFDZICRAQLPMWHGESOUXBT,7,3,1,0.425,11.313708,0.8067,0.853272,,1.0,0.0
0.6,64,4,license_plate_bahnschrift.ttf,VJNKYFDZICRAQLPMWHGESOUXBT,7,3,0,0.51,12.393547,0.770893,0.778927,,1.0,0.0
0.6,64,4,license_plate_bahnschrift.ttf,VJNKYFDZICRAQLPMWHGESOUXBT,7,3,1,0.51,12.393547,0.770893,0.778927,,1.0,0.0
0.7,64,4,license_plate_bahnschrift.ttf,VJNKYFDZICRAQLPMWHGESOUXBT,7,3,0,0.595,13.38656,0.735998,0.721147,,1.0,0.0
0.7,64,4,license_plate_bahnschrift.ttf,VJNKYFDZICRAQLPMWHGESOUXBT,7,3,1,0.595,13.38656,0.735998,0.721147,,1.0,0.0
0.8,64,4,license_plate_bahnschrift.ttf,VJNKYFDZICRAQLPMWHGESOUXBT,7,3,0,0.68,14.310835,0.701998,0.674571,,1.0,0.0
0.8,64,4,license_plate_bahnschrift.ttf,VJNKYFDZICRAQLPMWHGESOUXBT,7,3,1,0.68,14.310835,0.701998,0.674571,,1.0,0.0
0.9,64,4,license_plate_bahnschrift.ttf,VJNKYFDZICRAQLPMWHGESOUXBT,7,3,0,0.765,15.178933,0.668877,0.635992,,1.0,0.0
0.9,64,4,license_plate_bahnschrift.ttf,VJNKYFDZICRAQLPMWHGESOUXBT,7,3,1,0.765,15.178933,0.668877,0.635992,,1.0,0.0
1.0,64,4,license_plate_bahnschrift.ttf,VJNKYFDZICRAQLPMWHGESOUXBT,7,3,0,0.85,16.0,0.63662,0.603355,,1.0,0.0
1.0,64,4,license_plate_bahnschrift.ttf,VJNKYFDZICRAQLPMWHGESOUXBT,7,3,1,0.85,16.0,0.63662,0.603355,,1.0,0.0
0.1,256,4,license_plate_bahnschrift.ttf,VJNKYFDZICRAQLPMWHGESOUXBT,7,3,0,0.085,5.059644,0.959381,1.907975,SERITEPI,0.923077,0.076923
0.1,256,4,license_plate_bahnschrift.ttf,VJNKYFDZICRAQLPMWHGESOUXBT,7,3,1,0.085,5.059644,0.959381,1.907975,KGTNOF,0.884615,0.115385
0.2,256,4,license_plate_bahnschrift.ttf,VJNKYFDZICRAQLPMWHGESOUXBT,7,3,0,0.17,7.155418,0.919759,1.349142,RMCIPSTCTAMLOT,0.807692,0.192308
0.2,256,4,license_plate_bahnschrift.ttf,VJNKYFDZICRAQLPMWHGESOUXBT,7,3,1,0.17,7.155418,0.919759,1.349142,KON,0.923077,0.076923
0.3,256,4,license_plate_bahnschrift.ttf,VJNKYFDZICRAQLPMWHGESOUXBT,7,3,0,0.255,8.763561,0.881116,1.10157,WNNNAIOW,0.884615,0.115385
0.3,256,4,license_plate_bahnschrift.ttf,VJNKYFDZICRAQLPMWHGESOUXBT,7,3,1,0.255,8.763561,0.881116,1.10157,CUTFYMNEESODT,0.769231,0.230769
0.4,256,4,license_plate_bahnschrift.ttf,VJNKYFDZICRAQLPMWHGESOUXBT,7,3,0,0.34,10.119289,0.843436,0.953987,CVHANFSLOT,0.846154,0.153846
0.4,256,4,license_plate_bahnschrift.ttf,VJNKYFDZICRAQLPMWHGESOUXBT,7,3,1,0.34,10.119289,0.843436,0.953987,ROITSANLOT,0.807692,0.192308
0.5,256,4,license_plate_bahnschrift.ttf,VJNKYFDZICRAQLPMWHGESOUXBT,7,3,0,0.425,11.313708,0.8067,0.853272,WIINESSOADFPMESLOT,0.769231,0.230769
0.5,256,4,license_plate_bahnschrift.ttf,VJNKYFDZICRAQLPMWHGESOUXBT,7,3,1,0.425,11.313708,0.8067,0.853272,IYCSTOASAESLOTIT,0.807692,0.192308
0.6,256,4,license_plate_bahnschrift.ttf,VJNKYFDZICRAQLPMWHGESOUXBT,7,3,0,0.51,12.393547,0.770893,0.778927,PEEORSOASESILOUIT,0.846154,0.153846
0.6,256,4,license_plate_bahnschrift.ttf,VJNKYFDZICRAQLPMWHGESOUXBT,7,3,1,0.51,12.393547,0.770893,0.778927,WPF,0.961538,0.038462
0.7,256,4,license_plate_bahnschrift.ttf,VJNKYFDZICRAQLPMWHGESOUXBT,7,3,0,0.595,13.38656,0.735998,0.721147,APCECAADFYMWESLOIT,0.730769,0.269231
0.7,256,4,license_plate_bahnschrift.ttf,VJNKYFDZICRAQLPMWHGESOUXBT,7,3,1,0.595,13.38656,0.735998,0.721147,ENECECAAALFPMGESOLOOT,0.615385,0.384615
0.8,256,4,license_plate_bahnschrift.ttf,VJNKYFDZICRAQLPMWHGESOUXBT,7,3,0,0.68,14.310835,0.701998,0.674571,WINEDT,0.884615,0.115385
0.8,256,4,license_plate_bahnschrift.ttf,VJNKYFDZICRAQLPMWHGESOUXBT,7,3,1,0.68,14.310835,0.701998,0.674571,WEWPSOAAPYMWESIUIT,0.730769,0.269231
0.9,256,4,license_plate_bahnschrift.ttf,VJNKYFDZICRAQLPMWHGESOUXBT,7,3,0,0.765,15.178933,0.668877,0.635992,WINNTFODOAAOPMMWCESIONT,0.692308,0.307692
0.9,256,4,license_plate_bahnschrift.ttf,VJNKYFDZICRAQLPMWHGESOUXBT,7,3,1,0.765,15.178933,0.668877,0.635992,CPRTEOUCRAOLPYMWGESOLONT,0.576923,0.423077
1.0,256,4,license_plate_bahnschrift.ttf,VJNKYFDZICRAQLPMWHGESOUXBT,7,3,0,0.85,16.0,0.63662,0.603355,CINKTERDCRADLEMAHESOLONT,0.538462,0.461538
1.0,256,4,license_plate_bahnschrift.ttf,VJNKYFDZICRAQLPMWHGESOUXBT,7,3,1,0.85,16.0,0.63662,0.603355,WINKFOCICALOLIMANIESOUONT,0.538462,0.461538
0.1,1024,4,license_plate_bahnschrift.ttf,VJNKYFDZICRAQLPMWHGESOUXBT,7,3,0,0.085,5.059644,0.959381,1.907975,CAEOT,0.807692,0.192308
0.1,1024,4,license_plate_bahnschrift.ttf,VJNKYFDZICRAQLPMWHGESOUXBT,7,3,1,0.085,5.059644,0.959381,1.907975,CSWIEOT,0.807692,0.192308
0.2,1024,4,license_plate_bahnschrift.ttf,VJNKYFDZICRAQLPMWHGESOUXBT,7,3,0,0.17,7.155418,0.919759,1.349142,SNCSTOASPET,0.807692,0.192308
0.2,1024,4,license_plate_bahnschrift.ttf,VJNKYFDZICRAQLPMWHGESOUXBT,7,3,1,0.17,7.155418,0.919759,1.349142,ORPESCSPNEOTIT,0.807692,0.192308
0.3,1024,4,license_plate_bahnschrift.ttf,VJNKYFDZICRAQLPMWHGESOUXBT,7,3,0,0.255,8.763561,0.881116,1.10157,NESTS,0.884615,0.115385
0.3,1024,4,license_plate_bahnschrift.ttf,VJNKYFDZICRAQLPMWHGESOUXBT,7,3,1,0.255,8.763561,0.881116,1.10157,CPNESCDSANIESOTIT,0.730769,0.269231
0.4,1024,4,license_plate_bahnschrift.ttf,VJNKYFDZICRAQLPMWHGESOUXBT,7,3,0,0.34,10.119289,0.843436,0.953987,SINNTELTODPHESLOT,0.769231,0.230769
0.4,1024,4,license_plate_bahnschrift.ttf,VJNKYFDZICRAQLPMWHGESOUXBT,7,3,1,0.34,10.119289,0.843436,0.953987,SUINIESOPANTELOTIT,0.807692,0.192308
0.5,1024,4,license_plate_bahnschrift.ttf,VJNKYFDZICRAQLPMWHGESOUXBT,7,3,0,0.425,11.313708,0.8067,0.853272,SELTCADPYMESILOT,0.769231,0.230769
0.5,1024,4,license_plate_bahnschrift.ttf,VJNKYFDZICRAQLPMWHGESOUXBT,7,3,1,0.425,11.313708,0.8067,0.853272,SNECECUDFYMESLOT,0.769231,0.230769
0.6,1024,4,license_plate_bahnschrift.ttf,VJNKYFDZICRAQLPMWHGESOUXBT,7,3,0,0.51,12.393547,0.770893,0.778927,WINESTOAAPANTESOLONT,0.730769,0.269231
0.6,1024,4,license_plate_bahnschrift.ttf,VJNKYFDZICRAQLPMWHGESOUXBT,7,3,1,0.51,12.393547,0.770893,0.778927,PNESESLPAWESOLOT,0.692308,0.307692
0.7,1024,4,license_plate_bahnschrift.ttf,VJNKYFDZICRAQLPMWHGESOUXBT,7,3,0,0.595,13.38656,0.735998,0.721147,WUNNPCROUAOFYMESLOT,0.769231,0.230769
0.7,1024,4,license_plate_bahnschrift.ttf,VJNKYFDZICRAQLPMWHGESOUXBT,7,3,1,0.595,13.38656,0.735998,0.721147,WAPORCAALEYESLOT,0.769231,0.230769
0.8,1024,4,license_plate_bahnschrift.ttf,VJNKYFDZICRAQLPMWHGESOUXBT,7,3,0,0.68,14.310835,0.701998,0.674571,WUNTPODCAAOLPOMNGESOLOT,0.576923,0.423077
0.8,1024,4,license_plate_bahnschrift.ttf,VJNKYFDZICRAQLPMWHGESOUXBT,7,3,1,0.68,14.310835,0.701998,0.674571,CINKTEODCAAOLPYMWESOLONT,0.576923,0.423077
0.9,1024,4,license_plate_bahnschrift.ttf,VJNKYFDZICRAQLPMWHGESOUXBT,7,3,0,0.765,15.178933,0.668877,0.635992,WAIMFODCAADLIMMNGESOLONT,0.615385,0.384615
0.9,1024,4,license_plate_bahnschrift.ttf,VJNKYFDZICRAQLPMWHGESOUXBT,7,3,1,0.765,15.178933,0.668877,0.635992,WUINKTPODCAADLFYMESOUONT,0.653846,0.346154
1.0,1024,4,license_plate_bahnschrift.ttf,VJNKYFDZICRAQLPMWHGESOUXBT,7,3,0,0.85,16.0,0.63662,0.603355,WINNPFECUICAAOLPYMWESOUWIT,0.538462,0.461538
1.0,1024,4,license_plate_bahnschrift.ttf,VJNKYFDZICRAQLPMWHGESOUXBT,7,3,1,0.85,16.0,0.63662,0.603355,WUNIPEODIORAGLPMAWCESOLONT,0.576923,0.423077
0.1,4096,4,license_plate_bahnschrift.ttf,VJNKYFDZICRAQLPMWHGESOUXBT,7,3,0,0.085,5.059644,0.959381,1.907975,CTWEOTIT,0.807692,0.192308
0.1,4096,4,license_plate_bahnschrift.ttf,VJNKYFDZICRAQLPMWHGESOUXBT,7,3,1,0.085,5.059644,0.959381,1.907975,CWIOTIT,0.846154,0.153846
0.2,4096,4,license_plate_bahnschrift.ttf,VJNKYFDZICRAQLPMWHGESOUXBT,7,3,0,0.17,7.155418,0.919759,1.349142,ELCSPANIEOTIT,0.807692,0.192308
0.2,4096,4,license_plate_bahnschrift.ttf,VJNKYFDZICRAQLPMWHGESOUXBT,7,3,1,0.17,7.155418,0.919759,1.349142,NEDSS,0.884615,0.115385
0.3,4096,4,license_plate_bahnschrift.ttf,VJNKYFDZICRAQLPMWHGESOUXBT,7,3,0,0.255,8.763561,0.881116,1.10157,UNESODFPMAELOTIT,0.730769,0.269231
0.3,4096,4,license_plate_bahnschrift.ttf,VJNKYFDZICRAQLPMWHGESOUXBT,7,3,1,0.255,8.763561,0.881116,1.10157,UINESCDFPMELOT,0.730769,0.269231
0.4,4096,4,license_plate_bahnschrift.ttf,VJNKYFDZICRAQLPMWHGESOUXBT,7,3,0,0.34,10.119289,0.843436,0.953987,UNEASE,0.884615,0.115385
0.4,4096,4,license_plate_bahnschrift.ttf,VJNKYFDZICRAQLPMWHGESOUXBT,7,3,1,0.34,10.119289,0.843436,0.953987,SINESTODPANESLOT,0.807692,0.192308
0.5,4096,4,license_plate_bahnschrift.ttf,VJNKYFDZICRAQLPMWHGESOUXBT,7,3,0,0.425,11.313708,0.8067,0.853272,WUNESCAPYMESLOT,0.730769,0.269231
0.5,4096,4,license_plate_bahnschrift.ttf,VJNKYFDZICRAQLPMWHGESOUXBT,7,3,1,0.425,11.313708,0.8067,0.853272,INESTODPYAESLOT,0.807692,0.192308
0.6,4096,4,license_plate_bahnschrift.ttf,VJNKYFDZICRAQLPMWHGESOUXBT,7,3,0,0.51,12.393547,0.770893,0.778927,UINIECTOAPYANESLOT,0.769231,0.230769
0.6,4096,4,license_plate_bahnschrift.ttf,VJNKYFDZICRAQLPMWHGESOUXBT,7,3,1,0.51,12.393547,0.770893,0.778927,WESTOPANESLONT,0.846154,0.153846
0.7,4096,4,license_plate_bahnschrift.ttf,VJNKYFDZICRAQLPMWHGESOUXBT,7,3,0,0.595,13.38656,0.735998,0.721147,WUNPCEOUAOLPYMESOLOT,0.692308,0.307692
0.7,4096,4,license_plate_bahnschrift.ttf,VJNKYFDZICRAQLPMWHGESOUXBT,7,3,1,0.595,13.38656,0.735998,0.721147,WAINIECEOUAOLFYMWESLONT,0.769231,0.230769
0.8,4096,4,license_plate_bahnschrift.ttf,VJNKYFDZICRAQLPMWHGESOUXBT,7,3,0,0.68,14.310835,0.701998,0.674571,EUINNECEOAAOLPYAESOLOT,0.730769,0.269231
0.8,4096,4,license_plate_bahnschrift.ttf,VJNKYFDZICRAQLPMWHGESOUXBT,7,3,1,0.68,14.310835,0.701998,0.674571,WIMNTECCAAOLPYMWESOLONT,0.653846,0.346154
0.9,4096,4,license_plate_bahnschrift.ttf,VJNKYFDZICRAQLPMWHGESOUXBT,7,3,0,0.765,15.178933,0.668877,0.635992,WANRTPODCUAGLPYMESOWONT,0.653846,0.346154
0.9,4096,4,license_plate_bahnschrift.ttf,VJNKYFDZICRAQLPMWHGESOUXBT,7,3,1,0.765,15.178933,0.668877,0.635992,WINRFODCAAGLPYMWESOLWONT,0.615385,0.384615
1.0,4096,4,license_plate_bahnschrift.ttf,VJNKYFDZICRAQLPMWHGESOUXBT,7,3,0,0.85,16.0,0.63662,0.603355,WINKPODICAADLPMMANGESOWRT,0.5,0.5
1.0,4096,4,license_plate_bahnschrift.ttf,VJNKYFDZICRAQLPMWHGESOUXBT,7,3,1,0.85,16.0,0.63662,0.603355,LO,0.923077,0.076923
0.1,16384,4,license_plate_bahnschrift.ttf,VJNKYFDZICRAQLPMWHGESOUXBT,7,3,0,0.085,5.059644,0.959381,1.907975,CPWIEOTIT,0.769231,0.230769
0.1,16384,4,license_plate_bahnschrift.ttf,VJNKYFDZICRAQLPMWHGESOUXBT,7,3,1,0.085,5.059644,0.959381,1.907975,PCSPWIEAOTIT,0.769231,0.230769
0.2,16384,4,license_plate_bahnschrift.ttf,VJNKYFDZICRAQLPMWHGESOUXBT,7,3,0,0.17,7.155418,0.919759,1.349142,SINESCFSPANESOTIT,0.730769,0.269231
0.2,16384,4,license_plate_bahnschrift.ttf,VJNKYFDZICRAQLPMWHGESOUXBT,7,3,1,0.17,7.155418,0.919759,1.349142,ELCSPEOTIT,0.807692,0.192308
0.3,16384,4,license_plate_bahnschrift.ttf,VJNKYFDZICRAQLPMWHGESOUXBT,7,3,0,0.255,8.763561,0.881116,1.10157,SUNESOFPMESLOT,0.769231,0.230769
0.3,16384,4,license_plate_bahnschrift.ttf,VJNKYFDZICRAQLPMWHGESOUXBT,7,3,1,0.255,8.763561,0.881116,1.10157,SUNESCSMELOT,0.769231,0.230769
0.4,16384,4,license_plate_bahnschrift.ttf,VJNKYFDZICRAQLPMWHGESOUXBT,7,3,0,0.34,10.119289,0.843436,0.953987,SIELODPANTESLONIT,0.807692,0.192308
0.4,16384,4,license_plate_bahnschrift.ttf,VJNKYFDZICRAQLPMWHGESOUXBT,7,3,1,0.34,10.119289,0.843436,0.953987,SINPESTDPANESLOT,0.807692,0.192308
0.5,16384,4,license_plate_bahnschrift.ttf,VJNKYFDZICRAQLPMWHGESOUXBT,7,3,0,0.425,11.313708,0.8067,0.853272,WINESODFYMESLOT,0.769231,0.230769
0.5,16384,4,license_plate_bahnschrift.ttf,VJNKYFDZICRAQLPMWHGESOUXBT,7,3,1,0.425,11.313708,0.8067,0.853272,WUNIECTOFYMESLOT,0.769231,0.230769
0.6,16384,4,license_plate_bahnschrift.ttf,VJNKYFDZICRAQLPMWHGESOUXBT,7,3,0,0.51,12.393547,0.770893,0.778927,WUNESOLPAESLOT,0.769231,0.230769
0.6,16384,4,license_plate_bahnschrift.ttf,VJNKYFDZICRAQLPMWHGESOUXBT,7,3,1,0.51,12.393547,0.770893,0.778927,WUESAOPAWESLOT,0.769231,0.230769
0.7,16384,4,license_plate_bahnschrift.ttf,VJNKYFDZICRAQLPMWHGESOUXBT,7,3,0,0.595,13.38656,0.735998,0.721147,UINIECEOUAOFYMESOLONT,0.730769,0.269231
0.7,16384,4,license_plate_bahnschrift.ttf,VJNKYFDZICRAQLPMWHGESOUXBT,7,3,1,0.595,13.38656,0.735998,0.721147,WANICEOUAOFYMESLOT,0.769231,0.230769
0.8,16384,4,license_plate_bahnschrift.ttf,VJNKYFDZICRAQLPMWHGESOUXBT,7,3,0,0.68,14.310835,0.701998,0.674571,WUNIECTOAAOLPYAWESOLONT,0.692308,0.307692
0.8,16384,4,license_plate_bahnschrift.ttf,VJNKYFDZICRAQLPMWHGESOUXBT,7,3,1,0.68,14.310835,0.701998,0.674571,WUNIECTOAAOLPYESOLOT,0.692308,0.307692
0.9,16384,4,license_plate_bahnschrift.ttf,VJNKYFDZICRAQLPMWHGESOUXBT,7,3,0,0.765,15.178933,0.668877,0.635992,WINIFODOAADLPYMWESOLWOT,0.615385,0.384615
0.9,16384,4,license_plate_bahnschrift.ttf,VJNKYFDZICRAQLPMWHGESOUXBT,7,3,1,0.765,15.178933,0.668877,0.635992,WINRFODOAAGLFYMWESOLWOIT,0.692308,0.307692
1.0,16384,4,license_plate_bahnschrift.ttf,VJNKYFDZICRAQLPMWHGESOUXBT,7,3,0,0.85,16.0,0.63662,0.603355,WINKPPODICRADLPMMNGESOLWORT,0.5,0.5
1.0,16384,4,license_plate_bahnschrift.ttf,VJNKYFDZICRAQLPMWHGESOUXBT,7,3,1,0.85,16.0,0.63662,0.603355,WINATEODCAAOLPMMWGESOWONT,0.576923,0.423077
0.1,65536,4,license_plate_bahnschrift.ttf,VJNKYFDZICRAQLPMWHGESOUXBT,7,3,0,0.085,5.059644,0.959381,1.907975,PSPWIEAOTIT,0.807692,0.192308
0.1,65536,4,license_plate_bahnschrift.ttf,VJNKYFDZICRAQLPMWHGESOUXBT,7,3,1,0.085,5.059644,0.959381,1.907975,CTCWIEOTIT,0.807692,0.192308
0.2,65536,4,license_plate_bahnschrift.ttf,VJNKYFDZICRAQLPMWHGESOUXBT,7,3,0,0.17,7.155418,0.919759,1.349142,SINELOFDSPANESOTIT,0.730769,0.269231
0.2,65536,4,license_plate_bahnschrift.ttf,VJNKYFDZICRAQLPMWHGESOUXBT,7,3,1,0.17,7.155418,0.919759,1.349142,INEESTCFNSPWHESOTIT,0.653846,0.346154
0.3,65536,4,license_plate_bahnschrift.ttf,VJNKYFDZICRAQLPMWHGESOUXBT,7,3,0,0.255,8.763561,0.881116,1.10157,UNIESODFYELOT,0.807692,0.192308
0.3,65536,4,license_plate_bahnschrift.ttf,VJNKYFDZICRAQLPMWHGESOUXBT,7,3,1,0.255,8.763561,0.881116,1.10157,UNESOSMESLOT,0.807692,0.192308
0.4,65536,4,license_plate_bahnschrift.ttf,VJNKYFDZICRAQLPMWHGESOUXBT,7,3,0,0.34,10.119289,0.843436,0.953987,SINESTODPYANESLONT,0.807692,0.192308
0.4,65536,4,license_plate_bahnschrift.ttf,VJNKYFDZICRAQLPMWHGESOUXBT,7,3,1,0.34,10.119289,0.843436,0.953987,SINIESTODPANESLOT,0.769231,0.230769
0.5,65536,4,license_plate_bahnschrift.ttf,VJNKYFDZICRAQLPMWHGESOUXBT,7,3,0,0.425,11.313708,0.8067,0.853272,WINECODFYMELOT,0.769231,0.230769
0.5,65536,4,license_plate_bahnschrift.ttf,VJNKYFDZICRAQLPMWHGESOUXBT,7,3,1,0.425,11.313708,0.8067,0.853272,WUNECTOOFYESLOT,0.807692,0.192308
0.6,65536,4,license_plate_bahnschrift.ttf,VJNKYFDZICRAQLPMWHGESOUXBT,7,3,0,0.51,12.393547,0.770893,0.778927,WUNIECTOAOPYAESLOT,0.769231,0.230769
0.6,65536,4,license_plate_bahnschrift.ttf,VJNKYFDZICRAQLPMWHGESOUXBT,7,3,1,0.51,12.393547,0.770893,0.778927,WUNIECTOOPYANESLOT,0.769231,0.230769
0.7,65536,4,license_plate_bahnschrift.ttf,VJNKYFDZICRAQLPMWHGESOUXBT,7,3,0,0.595,13.38656,0.735998,0.721147,WINIECOUAOFYMESOLONT,0.730769,0.269231
0.7,65536,4,license_plate_bahnschrift.ttf,VJNKYFDZICRAQLPMWHGESOUXBT,7,3,1,0.595,13.38656,0.735998,0.721147,WUINIECOAOFYMESOLOT,0.730769,0.269231
0.8,65536,4,license_plate_bahnschrift.ttf,VJNKYFDZICRAQLPMWHGESOUXBT,7,3,0,0.68,14.310835,0.701998,0.674571,WUINIECTOAAOLPYESOLOT,0.730769,0.269231
0.8,65536,4,license_plate_bahnschrift.ttf,VJNKYFDZICRAQLPMWHGESOUXBT,7,3,1,0.68,14.310835,0.701998,0.674571,WUINIECEOAAOLPYAESOLOIT,0.730769,0.269231
0.9,65536,4,license_plate_bahnschrift.ttf,VJNKYFDZICRAQLPMWHGESOUXBT,7,3,0,0.765,15.178933,0.668877,0.635992,WINRFCDCAAGLFYMESOUWONIT,0.692308,0.307692
0.9,65536,4,license_plate_bahnschrift.ttf,VJNKYFDZICRAQLPMWHGESOUXBT,7,3,1,0.765,15.178933,0.668877,0.635992,WINFCDCUAGLFYMWESOUWONIT,0.653846,0.346154
1.0,65536,4,license_plate_bahnschrift.ttf,VJNKYFDZICRAQLPMWHGESOUXBT,7,3,0,0.85,16.0,0.63662,0.603355,UINKTPORCAAOLPMMWESOUWOIT,0.576923,0.423077
1.0,65536,4,license_plate_bahnschrift.ttf,VJNKYFDZICRAQLPMWHGESOUXBT,7,3,1,0.85,16.0,0.63662,0.603355,,1.0,0.0
0.1,4,4,license_plate_bahnschrift.ttf,VJNKYFDZICRAQLPMWHGESOUXBT,7,7,0,0.085,5.059644,0.959381,1.907975,,1.0,0.0
0.1,4,4,license_plate_bahnschrift.ttf,VJNKYFDZICRAQLPMWHGESOUXBT,7,7,1,0.085,5.059644,0.959381,1.907975,,1.0,0.0
0.2,4,4,license_plate_bahnschrift.ttf,VJNKYFDZICRAQLPMWHGESOUXBT,7,7,0,0.17,7.155418,0.919759,1.349142,ANY,0.923077,0.076923
0.2,4,4,license_plate_bahnschrift.ttf,VJNKYFDZICRAQLPMWHGESOUXBT,7,7,1,0.17,7.155418,0.919759,1.349142,S,0.961538,0.038462
0.3,4,4,license_plate_bahnschrift.ttf,VJNKYFDZICRAQLPMWHGESOUXBT,7,7,0,0.255,8.763561,0.881116,1.10157,,1.0,0.0
0.3,4,4,license_plate_bahnschrift.ttf,VJNKYFDZICRAQLPMWHGESOUXBT,7,7,1,0.255,8.763561,0.881116,1.10157,,1.0,0.0
0.4,4,4,license_plate_bahnschrift.ttf,VJNKYFDZICRAQLPMWHGESOUXBT,7,7,0,0.34,10.119289,0.843436,0.953987,,1.0,0.0
0.4,4,4,license_plate_bahnschrift.ttf,VJNKYFDZICRAQLPMWHGESOUXBT,7,7,1,0.34,10.119289,0.843436,0.953987,ASSRS,0.923077,0.076923
0.5,4,4,license_plate_bahnschrift.ttf,VJNKYFDZICRAQLPMWHGESOUXBT,7,7,0,0.425,11.313708,0.8067,0.853272,NASER,0.884615,0.115385
0.5,4,4,license_plate_bahnschrift.ttf,VJNKYFDZICRAQLPMWHGESOUXBT,7,7,1,0.425,11.313708,0.8067,0.853272,,1.0,0.0
0.6,4,4,license_plate_bahnschrift.ttf,VJNKYFDZICRAQLPMWHGESOUXBT,7,7,0,0.51,12.393547,0.770893,0.778927,CNBSAG,0.884615,0.115385
0.6,4,4,license_plate_bahnschrift.ttf,VJNKYFDZICRAQLPMWHGESOUXBT,7,7,1,0.51,12.393547,0.770893,0.778927,SAAECTLTB,0.884615,0.115385
0.7,4,4,license_plate_bahnschrift.ttf,VJNKYFDZICRAQLPMWHGESOUXBT,7,7,0,0.595,13.38656,0.735998,0.721147,BO,0.961538,0.038462
0.7,4,4,license_plate_bahnschrift.ttf,VJNKYFDZICRAQLPMWHGESOUXBT,7,7,1,0.595,13.38656,0.735998,0.721147,,1.0,0.0
0.8,4,4,license_plate_bahnschrift.ttf,VJNKYFDZICRAQLPMWHGESOUXBT,7,7,0,0.68,14.310835,0.701998,0.674571,SEARFET,0.884615,0.115385
0.8,4,4,license_plate_bahnschrift.ttf,VJNKYFDZICRAQLPMWHGESOUXBT,7,7,1,0.68,14.310835,0.701998,0.674571,,1.0,0.0
0.9,4,4,license_plate_bahnschrift.ttf,VJNKYFDZICRAQLPMWHGESOUXBT,7,7,0,0.765,15.178933,0.668877,0.635992,SPSPEST,0.846154,0.153846
0.9,4,4,license_plate_bahnschrift.ttf,VJNKYFDZICRAQLPMWHGESOUXBT,7,7,1,0.765,15.178933,0.668877,0.635992,,1.0,0.0
1.0,4,4,license_plate_bahnschrift.ttf,VJNKYFDZICRAQLPMWHGESOUXBT,7,7,0,0.85,16.0,0.63662,0.603355,SBMRRRTFS,0.923077,0.076923
1.0,4,4,license_plate_bahnschrift.ttf,VJNKYFDZICRAQLPMWHGESOUXBT,7,7,1,0.85,16.0,0.63662,0.603355,DB,0.923077,0.076923
0.1,16,4,license_plate_bahnschrift.ttf,VJNKYFDZICRAQLPMWHGESOUXBT,7,7,0,0.085,5.059644,0.959381,1.907975,FSET,0.884615,0.115385
0.1,16,4,license_plate_bahnschrift.ttf,VJNKYFDZICRAQLPMWHGESOUXBT,7,7,1,0.085,5.059644,0.959381,1.907975,,1.0,0.0
0.2,16,4,license_plate_bahnschrift.ttf,VJNKYFDZICRAQLPMWHGESOUXBT,7,7,0,0.17,7.155418,0.919759,1.349142,,1.0,0.0
0.2,16,4,license_plate_bahnschrift.ttf,VJNKYFDZICRAQLPMWHGESOUXBT,7,7,1,0.17,7.155418,0.919759,1.349142,,1.0,0.0
0.3,16,4,license_plate_bahnschrift.ttf,VJNKYFDZICRAQLPMWHGESOUXBT,7,7,0,0.255,8.763561,0.881116,1.10157,PETRESRH,0.884615,0.115385
0.3,16,4,license_plate_bahnschrift.ttf,VJNKYFDZICRAQLPMWHGESOUXBT,7,7,1,0.255,8.763561,0.881116,1.10157,,1.0,0.0
0.4,16,4,license_plate_bahnschrift.ttf,VJNKYFDZICRAQLPMWHGESOUXBT,7,7,0,0.34,10.119289,0.843436,0.953987,,1.0,0.0
0.4,16,4,license_plate_bahnschrift.ttf,VJNKYFDZICRAQLPMWHGESOUXBT,7,7,1,0.34,10.119289,0.843436,0.953987,,1.0,0.0
0.5,16,4,license_plate_bahnschrift.ttf,VJNKYFDZICRAQLPMWHGESOUXBT,7,7,0,0.425,11.313708,0.8067,0.853272,SRESHE,0.884615,0.115385
0.5,16,4,license_plate_bahnschrift.ttf,VJNKYFDZICRAQLPMWHGESOUXBT,7,7,1,0.425,11.313708,0.8067,0.853272,CEKSCWH,0.846154,0.153846
0.6,16,4,license_plate_bahnschrift.ttf,VJNKYFDZICRAQLPMWHGESOUXBT,7,7,0,0.51,12.393547,0.770893,0.778927,,1.0,0.0
0.6,16,4,license_plate_bahnschrift.ttf,VJNKYFDZICRAQLPMWHGESOUXBT,7,7,1,0.51,12.393547,0.770893,0.778927,SAYA,0.923077,0.076923
0.7,16,4,license_plate_bahnschrift.ttf,VJNKYFDZICRAQLPMWHGESOUXBT,7,7,0,0.595,13.38656,0.735998,0.721147,,1.0,0.0
0.7,16,4,license_plate_bahnschrift.ttf,VJNKYFDZICRAQLPMWHGESOUXBT,7,7,1,0.595,13.38656,0.735998,0.721147,ADOETOMT,0.846154,0.153846
0.8,16,4,license_plate_bahnschrift.ttf,VJNKYFDZICRAQLPMWHGESOUXBT,7,7,0,0.68,14.310835,0.701998,0.674571,,1.0,0.0
0.8,16,4,license_plate_bahnschrift.ttf,VJNKYFDZICRAQLPMWHGESOUXBT,7,7,1,0.68,14.310835,0.701998,0.674571,,1.0,0.0
0.9,16,4,license_plate_bahnschrift.ttf,VJNKYFDZICRAQLPMWHGESOUXBT,7,7,0,0.765,15.178933,0.668877,0.635992,,1.0,0.0
0.9,16,4,license_plate_bahnschrift.ttf,VJNKYFDZICRAQLPMWHGESOUXBT,7,7,1,0.765,15.178933,0.668877,0.635992,,1.0,0.0
1.0,16,4,license_plate_bahnschrift.ttf,VJNKYFDZICRAQLPMWHGESOUXBT,7,7,0,0.85,16.0,0.63662,0.603355,ERKERM,0.884615,0.115385
1.0,16,4,license_plate_bahnschrift.ttf,VJNKYFDZICRAQLPMWHGESOUXBT,7,7,1,0.85,16.0,0.63662,0.603355,,1.0,0.0
0.1,64,4,license_plate_bahnschrift.ttf,VJNKYFDZICRAQLPMWHGESOUXBT,7,7,0,0.085,5.059644,0.959381,1.907975,,1.0,0.0
0.1,64,4,license_plate_bahnschrift.ttf,VJNKYFDZICRAQLPMWHGESOUXBT,7,7,1,0.085,5.059644,0.959381,1.907975,,1.0,0.0
0.2,64,4,license_plate_bahnschrift.ttf,VJNKYFDZICRAQLPMWHGESOUXBT,7,7,0,0.17,7.155418,0.919759,1.349142,,1.0,0.0
0.2,64,4,license_plate_bahnschrift.ttf,VJNKYFDZICRAQLPMWHGESOUXBT,7,7,1,0.17,7.155418,0.919759,1.349142,SSENB,0.923077,0.076923
0.3,64,4,license_plate_bahnschrift.ttf,VJNKYFDZICRAQLPMWHGESOUXBT,7,7,0,0.255,8.763561,0.881116,1.10157,,1.0,0.0
0.3,64,4,license_plate_bahnschrift.ttf,VJNKYFDZICRAQLPMWHGESOUXBT,7,7,1,0.255,8.763561,0.881116,1.10157,,1.0,0.0
0.4,64,4,license_plate_bahnschrift.ttf,VJNKYFDZICRAQLPMWHGESOUXBT,7,7,0,0.34,10.119289,0.843436,0.953987,,1.0,0.0
0.4,64,4,license_plate_bahnschrift.ttf,VJNKYFDZICRAQLPMWHGESOUXBT,7,7,1,0.34,10.119289,0.843436,0.953987,,1.0,0.0
0.5,64,4,license_plate_bahnschrift.ttf,VJNKYFDZICRAQLPMWHGESOUXBT,7,7,0,0.425,11.313708,0.8067,0.853272,,1.0,0.0
0.5,64,4,license_plate_bahnschrift.ttf,VJNKYFDZICRAQLPMWHGESOUXBT,7,7,1,0.425,11.313708,0.8067,0.853272,,1.0,0.0
0.6,64,4,license_plate_bahnschrift.ttf,VJNKYFDZICRAQLPMWHGESOUXBT,7,7,0,0.51,12.393547,0.770893,0.778927,CTEDENNFIMHESOGHT,0.730769,0.269231
0.6,64,4,license_plate_bahnschrift.ttf,VJNKYFDZICRAQLPMWHGESOUXBT,7,7,1,0.51,12.393547,0.770893,0.778927,RL,0.923077,0.076923
0.7,64,4,license_plate_bahnschrift.ttf,VJNKYFDZICRAQLPMWHGESOUXBT,7,7,0,0.595,13.38656,0.735998,0.721147,,1.0,0.0
0.7,64,4,license_plate_bahnschrift.ttf,VJNKYFDZICRAQLPMWHGESOUXBT,7,7,1,0.595,13.38656,0.735998,0.721147,SERRICIRTAFNMOESTLOBT,0.730769,0.269231
0.8,64,4,license_plate_bahnschrift.ttf,VJNKYFDZICRAQLPMWHGESOUXBT,7,7,0,0.68,14.310835,0.701998,0.674571,,1.0,0.0
0.8,64,4,license_plate_bahnschrift.ttf,VJNKYFDZICRAQLPMWHGESOUXBT,7,7,1,0.68,14.310835,0.701998,0.674571,,1.0,0.0
0.9,64,4,license_plate_bahnschrift.ttf,VJNKYFDZICRAQLPMWHGESOUXBT,7,7,0,0.765,15.178933,0.668877,0.635992,,1.0,0.0
0.9,64,4,license_plate_bahnschrift.ttf,VJNKYFDZICRAQLPMWHGESOUXBT,7,7,1,0.765,15.178933,0.668877,0.635992,,1.0,0.0
1.0,64,4,license_plate_bahnschrift.ttf,VJNKYFDZICRAQLPMWHGESOUXBT,7,7,0,0.85,16.0,0.63662,0.603355,PMEITDMHESORT,0.730769,0.269231
1.0,64,4,license_plate_bahnschrift.ttf,VJNKYFDZICRAQLPMWHGESOUXBT,7,7,1,0.85,16.0,0.63662,0.603355,APKPRRTALEROT,0.769231,0.230769
0.1,256,4,license_plate_bahnschrift.ttf,VJNKYFDZICRAQLPMWHGESOUXBT,7,7,0,0.085,5.059644,0.959381,1.907975,,1.0,0.0
0.1,256,4,license_plate_bahnschrift.ttf,VJNKYFDZICRAQLPMWHGESOUXBT,7,7,1,0.085,5.059644,0.959381,1.907975,WEWWOHT,0.884615,0.115385
0.2,256,4,license_plate_bahnschrift.ttf,VJNKYFDZICRAQLPMWHGESOUXBT,7,7,0,0.17,7.155418,0.919759,1.349142,PSSVHESAOWT,0.846154,0.153846
0.2,256,4,license_plate_bahnschrift.ttf,VJNKYFDZICRAQLPMWHGESOUXBT,7,7,1,0.17,7.155418,0.919759,1.349142,AFOMAHIESLORT,0.769231,0.230769
0.3,256,4,license_plate_bahnschrift.ttf,VJNKYFDZICRAQLPMWHGESOUXBT,7,7,0,0.255,8.763561,0.881116,1.10157,RETDWAGNFWHESORT,0.692308,0.307692
0.3,256,4,license_plate_bahnschrift.ttf,VJNKYFDZICRAQLPMWHGESOUXBT,7,7,1,0.255,8.763561,0.881116,1.10157,KPSVARIRSORT,0.807692,0.192308
0.4,256,4,license_plate_bahnschrift.ttf,VJNKYFDZICRAQLPMWHGESOUXBT,7,7,0,0.34,10.119289,0.843436,0.953987,PKETIAPAHIESORT,0.653846,0.346154
0.4,256,4,license_plate_bahnschrift.ttf,VJNKYFDZICRAQLPMWHGESOUXBT,7,7,1,0.34,10.119289,0.843436,0.953987,PAPOAEDPOAHESTDORT,0.769231,0.230769
0.5,256,4,license_plate_bahnschrift.ttf,VJNKYFDZICRAQLPMWHGESOUXBT,7,7,0,0.425,11.313708,0.8067,0.853272,RAEOCADPMAHSESORT,0.653846,0.346154
0.5,256,4,license_plate_bahnschrift.ttf,VJNKYFDZICRAQLPMWHGESOUXBT,7,7,1,0.425,11.313708,0.8067,0.853272,ERRORTAEDFVWHIESDORT,0.769231,0.230769
0.6,256,4,license_plate_bahnschrift.ttf,VJNKYFDZICRAQLPMWHGESOUXBT,7,7,0,0.51,12.393547,0.770893,0.778927,CERCREDFMAHRESOLOBT,0.653846,0.346154
0.6,256,4,license_plate_bahnschrift.ttf,VJNKYFDZICRAQLPMWHGESOUXBT,7,7,1,0.51,12.393547,0.770893,0.778927,PROOTTAEDPHIAHIESDORT,0.807692,0.192308
0.7,256,4,license_plate_bahnschrift.ttf,VJNKYFDZICRAQLPMWHGESOUXBT,7,7,0,0.595,13.38656,0.735998,0.721147,,1.0,0.0
0.7,256,4,license_plate_bahnschrift.ttf,VJNKYFDZICRAQLPMWHGESOUXBT,7,7,1,0.595,13.38656,0.735998,0.721147,SRARDTAOOMNHOFSODRT,0.730769,0.269231
0.8,256,4,license_plate_bahnschrift.ttf,VJNKYFDZICRAQLPMWHGESOUXBT,7,7,0,0.68,14.310835,0.701998,0.674571,PAKPFOREALDLPVMARSESDORT,0.730769,0.269231
0.8,256,4,license_plate_bahnschrift.ttf,VJNKYFDZICRAQLPMWHGESOUXBT,7,7,1,0.68,14.310835,0.701998,0.674571,CIAEOROPAHESLORT,0.769231,0.230769
0.9,256,4,license_plate_bahnschrift.ttf,VJNKYFDZICRAQLPMWHGESOUXBT,7,7,0,0.765,15.178933,0.668877,0.635992,EKPOUCALOLEYHOESLORT,0.730769,0.269231
0.9,256,4,license_plate_bahnschrift.ttf,VJNKYFDZICRAQLPMWHGESOUXBT,7,7,1,0.765,15.178933,0.668877,0.635992,,1.0,0.0
1.0,256,4,license_plate_bahnschrift.ttf,VJNKYFDZICRAQLPMWHGESOUXBT,7,7,0,0.85,16.0,0.63662,0.603355,BANKFPOROAADPEMHESOLORT,0.615385,0.384615
1.0,256,4,license_plate_bahnschrift.ttf,VJNKYFDZICRAQLPMWHGESOUXBT,7,7,1,0.85,16.0,0.63662,0.603355,EIMRKEORCRADPHOESOLONT,0.653846,0.346154
0.1,1024,4,license_plate_bahnschrift.ttf,VJNKYFDZICRAQLPMWHGESOUXBT,7,7,0,0.085,5.059644,0.959381,1.907975,RCEPERWHPSORT,0.769231,0.230769
0.1,1024,4,license_plate_bahnschrift.ttf,VJNKYFDZICRAQLPMWHGESOUXBT,7,7,1,0.085,5.059644,0.959381,1.907975,RAWESLORT,0.769231,0.230769
0.2,1024,4,license_plate_bahnschrift.ttf,VJNKYFDZICRAQLPMWHGESOUXBT,7,7,0,0.17,7.155418,0.919759,1.349142,PREPESHWHIESORT,0.730769,0.269231
0.2,1024,4,license_plate_bahnschrift.ttf,VJNKYFDZICRAQLPMWHGESOUXBT,7,7,1,0.17,7.155418,0.919759,1.349142,SRRRIPSHAHESORT,0.769231,0.230769
0.3,1024,4,license_plate_bahnschrift.ttf,VJNKYFDZICRAQLPMWHGESOUXBT,7,7,0,0.255,8.763561,0.881116,1.10157,PRCIERGPYMHIESORT,0.692308,0.307692
0.3,1024,4,license_plate_bahnschrift.ttf,VJNKYFDZICRAQLPMWHGESOUXBT,7,7,1,0.255,8.763561,0.881116,1.10157,CKOCRPYWHOESLORT,0.653846,0.346154
0.4,1024,4,license_plate_bahnschrift.ttf,VJNKYFDZICRAQLPMWHGESOUXBT,7,7,0,0.34,10.119289,0.843436,0.953987,SPARRITESPMAHIESILORT,0.730769,0.269231
0.4,1024,4,license_plate_bahnschrift.ttf,VJNKYFDZICRAQLPMWHGESOUXBT,7,7,1,0.34,10.119289,0.843436,0.953987,SPARCHCTEREPWAHIESLORT,0.769231,0.230769
0.5,1024,4,license_plate_bahnschrift.ttf,VJNKYFDZICRAQLPMWHGESOUXBT,7,7,0,0.425,11.313708,0.8067,0.853272,PRECTEREDPYAHOESLORT,0.769231,0.230769
0.5,1024,4,license_plate_bahnschrift.ttf,VJNKYFDZICRAQLPMWHGESOUXBT,7,7,1,0.425,11.313708,0.8067,0.853272,CPARCCTTAGPWMHIESLORT,0.769231,0.230769
0.6,1024,4,license_plate_bahnschrift.ttf,VJNKYFDZICRAQLPMWHGESOUXBT,7,7,0,0.51,12.393547,0.770893,0.778927,RARORERPYAHOESLORT,0.769231,0.230769
0.6,1024,4,license_plate_bahnschrift.ttf,VJNKYFDZICRAQLPMWHGESOUXBT,7,7,1,0.51,12.393547,0.770893,0.778927,PAHOTERAPYMHOESLORT,0.730769,0.269231
0.7,1024,4,license_plate_bahnschrift.ttf,VJNKYFDZICRAQLPMWHGESOUXBT,7,7,0,0.595,13.38656,0.735998,0.721147,FOPTAPYHOESOLORT,0.692308,0.307692
0.7,1024,4,license_plate_bahnschrift.ttf,VJNKYFDZICRAQLPMWHGESOUXBT,7,7,1,0.595,13.38656,0.735998,0.721147,PAEODAPYMWESLORT,0.730769,0.269231
0.8,1024,4,license_plate_bahnschrift.ttf,VJNKYFDZICRAQLPMWHGESOUXBT,7,7,0,0.68,14.310835,0.701998,0.674571,VEFPORCAEDPRAHIESOLORT,0.615385,0.384615
0.8,1024,4,license_plate_bahnschrift.ttf,VJNKYFDZICRAQLPMWHGESOUXBT,7,7,1,0.68,14.310835,0.701998,0.674571,PARTEORAEDPYMHIESOLORT,0.692308,0.307692
0.9,1024,4,license_plate_bahnschrift.ttf,VJNKYFDZICRAQLPMWHGESOUXBT,7,7,0,0.765,15.178933,0.668877,0.635992,BVRFORTAOPEMHIESOLORT,0.692308,0.307692
0.9,1024,4,license_plate_bahnschrift.ttf,VJNKYFDZICRAQLPMWHGESOUXBT,7,7,1,0.765,15.178933,0.668877,0.635992,WIRFORCRLDFEMHOESOUORT,0.615385,0.384615
1.0,1024,4,license_plate_bahnschrift.ttf,VJNKYFDZICRAQLPMWHGESOUXBT,7,7,0,0.85,16.0,0.63662,0.603355,RROUALDPEMHESOUORT,0.692308,0.307692
1.0,1024,4,license_plate_bahnschrift.ttf,VJNKYFDZICRAQLPMWHGESOUXBT,7,7,1,0.85,16.0,0.63662,0.603355,EINKFFORERLOPEHESOUORT,0.576923,0.423077
0.1,4096,4,license_plate_bahnschrift.ttf,VJNKYFDZICRAQLPMWHGESOUXBT,7,7,0,0.085,5.059644,0.959381,1.907975,RPAWHGEYORT,0.692308,0.307692
0.1,4096,4,license_plate_bahnschrift.ttf,VJNKYFDZICRAQLPMWHGESOUXBT,7,7,1,0.085,5.059644,0.959381,1.907975,RSAHIESORT,0.769231,0.230769
0.2,4096,4,license_plate_bahnschrift.ttf,VJNKYFDZICRAQLPMWHGESOUXBT,7,7,0,0.17,7.155418,0.919759,1.349142,SRREIESHWHESORT,0.730769,0.269231
0.2,4096,4,license_plate_bahnschrift.ttf,VJNKYFDZICRAQLPMWHGESOUXBT,7,7,1,0.17,7.155418,0.919759,1.349142,,1.0,0.0
0.3,4096,4,license_plate_bahnschrift.ttf,VJNKYFDZICRAQLPMWHGESOUXBT,7,7,0,0.255,8.763561,0.881116,1.10157,PRECTERGFVMHIESORT,0.730769,0.269231
0.3,4096,4,license_plate_bahnschrift.ttf,VJNKYFDZICRAQLPMWHGESOUXBT,7,7,1,0.255,8.763561,0.881116,1.10157,PREIERGPYMAHESORT,0.692308,0.307692
0.4,4096,4,license_plate_bahnschrift.ttf,VJNKYFDZICRAQLPMWHGESOUXBT,7,7,0,0.34,10.119289,0.843436,0.953987,PRROTESGPMAHIESLORT,0.769231,0.230769
0.4,4096,4,license_plate_bahnschrift.ttf,VJNKYFDZICRAQLPMWHGESOUXBT,7,7,1,0.34,10.119289,0.843436,0.953987,PRERCTERGPAHDESLORT,0.769231,0.230769
0.5,4096,4,license_plate_bahnschrift.ttf,VJNKYFDZICRAQLPMWHGESOUXBT,7,7,0,0.425,11.313708,0.8067,0.853272,PRCOTERGPYMHIESLORT,0.769231,0.230769
0.5,4096,4,license_plate_bahnschrift.ttf,VJNKYFDZICRAQLPMWHGESOUXBT,7,7,1,0.425,11.313708,0.8067,0.853272,PRCOERPYMHOESLORT,0.769231,0.230769
0.6,4096,4,license_plate_bahnschrift.ttf,VJNKYFDZICRAQLPMWHGESOUXBT,7,7,0,0.51,12.393547,0.770893,0.778927,PARPROEREDPYOAHIESDLORT,0.807692,0.192308
0.6,4096,4,license_plate_bahnschrift.ttf,VJNKYFDZICRAQLPMWHGESOUXBT,7,7,1,0.51,12.393547,0.770893,0.778927,PARROREREDPRAHIESDLORT,0.769231,0.230769
0.7,4096,4,license_plate_bahnschrift.ttf,VJNKYFDZICRAQLPMWHGESOUXBT,7,7,0,0.595,13.38656,0.735998,0.721147,PARPEORCADPYMHIESOLORT,0.692308,0.307692
0.7,4096,4,license_plate_bahnschrift.ttf,VJNKYFDZICRAQLPMWHGESOUXBT,7,7,1,0.595,13.38656,0.735998,0.721147,PAFOREROPYMHESORT,0.692308,0.307692
0.8,4096,4,license_plate_bahnschrift.ttf,VJNKYFDZICRAQLPMWHGESOUXBT,7,7,0,0.68,14.310835,0.701998,0.674571,RFORRDPYHOESOLORT,0.692308,0.307692
0.8,4096,4,license_plate_bahnschrift.ttf,VJNKYFDZICRAQLPMWHGESOUXBT,7,7,1,0.68,14.310835,0.701998,0.674571,BIMRPORCAEDPYHOESOLORT,0.692308,0.307692
0.9,4096,4,license_plate_bahnschrift.ttf,VJNKYFDZICRAQLPMWHGESOUXBT,7,7,0,0.765,15.178933,0.668877,0.635992,ERPFORAAOPEMHOESOLORT,0.653846,0.346154
0.9,4096,4,license_plate_bahnschrift.ttf,VJNKYFDZICRAQLPMWHGESOUXBT,7,7,1,0.765,15.178933,0.668877,0.635992,ERRFOROALDPEMHIESOLORT,0.692308,0.307692
1.0,4096,4,license_plate_bahnschrift.ttf,VJNKYFDZICRAQLPMWHGESOUXBT,7,7,0,0.85,16.0,0.63662,0.603355,WPPFORIREDPAHESOULORT,0.653846,0.346154
1.0,4096,4,license_plate_bahnschrift.ttf,VJNKYFDZICRAQLPMWHGESOUXBT,7,7,1,0.85,16.0,0.63662,0.603355,EPTEOUIALDPEHESOLORT,0.692308,0.307692
0.1,16384,4,license_plate_bahnschrift.ttf,VJNKYFDZICRAQLPMWHGESOUXBT,7,7,0,0.085,5.059644,0.959381,1.907975,RCAHAHIESORT,0.730769,0.269231
0.1,16384,4,license_plate_bahnschrift.ttf,VJNKYFDZICRAQLPMWHGESOUXBT,7,7,1,0.085,5.059644,0.959381,1.907975,RCRPSHAHIESORT,0.730769,0.269231
0.2,16384,4,license_plate_bahnschrift.ttf,VJNKYFDZICRAQLPMWHGESOUXBT,7,7,0,0.17,7.155418,0.919759,1.349142,PREIERGRAHIESORT,0.730769,0.269231
0.2,16384,4,license_plate_bahnschrift.ttf,VJNKYFDZICRAQLPMWHGESOUXBT,7,7,1,0.17,7.155418,0.919759,1.349142,RREPERGRAHIESORT,0.730769,0.269231
0.3,16384,4,license_plate_bahnschrift.ttf,VJNKYFDZICRAQLPMWHGESOUXBT,7,7,0,0.255,8.763561,0.881116,1.10157,PRECIERGFYMHIFSORT,0.730769,0.269231
0.3,16384,4,license_plate_bahnschrift.ttf,VJNKYFDZICRAQLPMWHGESOUXBT,7,7,1,0.255,8.763561,0.881116,1.10157,PRECTERGPYMHIESORT,0.730769,0.269231
0.4,16384,4,license_plate_bahnschrift.ttf,VJNKYFDZICRAQLPMWHGESOUXBT,7,7,0,0.34,10.119289,0.843436,0.953987,PARRCTERGPAHIESLORT,0.769231,0.230769
0.4,16384,4,license_plate_bahnschrift.ttf,VJNKYFDZICRAQLPMWHGESOUXBT,7,7,1,0.34,10.119289,0.843436,0.953987,PARHCTERGPAHIESLORT,0.769231,0.230769
0.5,16384,4,license_plate_bahnschrift.ttf,VJNKYFDZICRAQLPMWHGESOUXBT,7,7,0,0.425,11.313708,0.8067,0.853272,PRCOTERGPYMHOFSLORT,0.807692,0.192308
0.5,16384,4,license_plate_bahnschrift.ttf,VJNKYFDZICRAQLPMWHGESOUXBT,7,7,1,0.425,11.313708,0.8067,0.853272,PREOTERDPYMHESLORT,0.769231,0.230769
0.6,16384,4,license_plate_bahnschrift.ttf,VJNKYFDZICRAQLPMWHGESOUXBT,7,7,0,0.51,12.393547,0.770893,0.778927,PARPROREODPYAHIESDLORT,0.769231,0.230769
0.6,16384,4,license_plate_bahnschrift.ttf,VJNKYFDZICRAQLPMWHGESOUXBT,7,7,1,0.51,12.393547,0.770893,0.778927,RAROREDPAHESLORT,0.769231,0.230769
0.7,16384,4,license_plate_bahnschrift.ttf,VJNKYFDZICRAQLPMWHGESOUXBT,7,7,0,0.595,13.38656,0.735998,0.721147,RORERAOPYMHOESOLORT,0.692308,0.307692
0.7,16384,4,license_plate_bahnschrift.ttf,VJNKYFDZICRAQLPMWHGESOUXBT,7,7,1,0.595,13.38656,0.735998,0.721147,PAEOREROPYMHESLORT,0.769231,0.230769
0.8,16384,4,license_plate_bahnschrift.ttf,VJNKYFDZICRAQLPMWHGESOUXBT,7,7,0,0.68,14.310835,0.701998,0.674571,INKEORCREDPYMHOESOLORT,0.615385,0.384615
0.8,16384,4,license_plate_bahnschrift.ttf,VJNKYFDZICRAQLPMWHGESOUXBT,7,7,1,0.68,14.310835,0.701998,0.674571,RPORRDPEHESOLORT,0.730769,0.269231
0.9,16384,4,license_plate_bahnschrift.ttf,VJNKYFDZICRAQLPMWHGESOUXBT,7,7,0,0.765,15.178933,0.668877,0.635992,EPRFORCALDPYMHIESOLORT,0.653846,0.346154
0.9,16384,4,license_plate_bahnschrift.ttf,VJNKYFDZICRAQLPMWHGESOUXBT,7,7,1,0.765,15.178933,0.668877,0.635992,EPAFORERDPEMHESOLORT,0.692308,0.307692
1.0,16384,4,license_plate_bahnschrift.ttf,VJNKYFDZICRAQLPMWHGESOUXBT,7,7,0,0.85,16.0,0.63662,0.603355,ERTFORRADPEHESOUORT,0.615385,0.384615
1.0,16384,4,license_plate_bahnschrift.ttf,VJNKYFDZICRAQLPMWHGESOUXBT,7,7,1,0.85,16.0,0.63662,0.603355,EAPFORRLOPHIESOUORT,0.653846,0.346154
0.1,65536,4,license_plate_bahnschrift.ttf,VJNKYFDZICRAQLPMWHGESOUXBT,7,7,0,0.085,5.059644,0.959381,1.907975,PRPAAHGESORT,0.692308,0.307692
0.1,65536,4,license_plate_bahnschrift.ttf,VJNKYFDZICRAQLPMWHGESOUXBT,7,7,1,0.085,5.059644,0.959381,1.907975,CRPRAHGESORT,0.653846,0.346154
0.2,65536,4,license_plate_bahnschrift.ttf,VJNKYFDZICRAQLPMWHGESOUXBT,7,7,0,0.17,7.155418,0.919759,1.349142,PRRPERRMAHIESORT,0.730769,0.269231
0.2,65536,4,license_plate_bahnschrift.ttf,VJNKYFDZICRAQLPMWHGESOUXBT,7,7,1,0.17,7.155418,0.919759,1.349142,REIERGHAHIESORT,0.730769,0.269231
0.3,65536,4,license_plate_bahnschrift.ttf,VJNKYFDZICRAQLPMWHGESOUXBT,7,7,0,0.255,8.763561,0.881116,1.10157,PRECIERGPYMHIFSORT,0.730769,0.269231
0.3,65536,4,license_plate_bahnschrift.ttf,VJNKYFDZICRAQLPMWHGESOUXBT,7,7,1,0.255,8.763561,0.881116,1.10157,PRECTERGFYMHIFSORT,0.769231,0.230769
0.4,65536,4,license_plate_bahnschrift.ttf,VJNKYFDZICRAQLPMWHGESOUXBT,7,7,0,0.34,10.119289,0.843436,0.953987,PARECTERGPAHIESLORT,0.769231,0.230769
0.4,65536,4,license_plate_bahnschrift.ttf,VJNKYFDZICRAQLPMWHGESOUXBT,7,7,1,0.34,10.119289,0.843436,0.953987,PARHOTERGPHAHIESLORT,0.769231,0.230769
0.5,65536,4,license_plate_bahnschrift.ttf,VJNKYFDZICRAQLPMWHGESOUXBT,7,7,0,0.425,11.313708,0.8067,0.853272,PRCOTERDPYMAHOFSLORT,0.807692,0.192308
0.5,65536,4,license_plate_bahnschrift.ttf,VJNKYFDZICRAQLPMWHGESOUXBT,7,7,1,0.425,11.313708,0.8067,0.853272,PRCOTERDPYMAHFSLORT,0.807692,0.192308
0.6,65536,4,license_plate_bahnschrift.ttf,VJNKYFDZICRAQLPMWHGESOUXBT,7,7,0,0.51,12.393547,0.770893,0.778927,PARORERDPAHIESLORT,0.769231,0.230769
0.6,65536,4,license_plate_bahnschrift.ttf,VJNKYFDZICRAQLPMWHGESOUXBT,7,7,1,0.51,12.393547,0.770893,0.778927,RAERORERDPAHESLORT,0.769231,0.230769
0.7,65536,4,license_plate_bahnschrift.ttf,VJNKYFDZICRAQLPMWHGESOUXBT,7,7,0,0.595,13.38656,0.735998,0.721147,PAPORERDPYMHOESOLORT,0.730769,0.269231
0.7,65536,4,license_plate_bahnschrift.ttf,VJNKYFDZICRAQLPMWHGESOUXBT,7,7,1,0.595,13.38656,0.735998,0.721147,PAPORERDPYMHOESOLORT,0.730769,0.269231
0.8,65536,4,license_plate_bahnschrift.ttf,VJNKYFDZICRAQLPMWHGESOUXBT,7,7,0,0.68,14.310835,0.701998,0.674571,IREORCRDPYMHOESOLORT,0.692308,0.307692
0.8,65536,4,license_plate_bahnschrift.ttf,VJNKYFDZICRAQLPMWHGESOUXBT,7,7,1,0.68,14.310835,0.701998,0.674571,IREORCRDPEHOESOLORT,0.692308,0.307692
0.9,65536,4,license_plate_bahnschrift.ttf,VJNKYFDZICRAQLPMWHGESOUXBT,7,7,0,0.765,15.178933,0.668877,0.635992,ERPRFORCRLDPEMHIESOLORT,0.653846,0.346154
0.9,65536,4,license_plate_bahnschrift.ttf,VJNKYFDZICRAQLPMWHGESOUXBT,7,7,1,0.765,15.178933,0.668877,0.635992,EPRPFORCRLDPEMHIESOLORT,0.653846,0.346154
1.0,65536,4,license_plate_bahnschrift.ttf,VJNKYFDZICRAQLPMWHGESOUXBT,7,7,0,0.85,16.0,0.63662,0.603355,ERPFORAOPNHESOUWORT,0.653846,0.346154
1.0,65536,4,license_plate_bahnschrift.ttf,VJNKYFDZICRAQLPMWHGESOUXBT,7,7,1,0.85,16.0,0.63662,0.603355,EKFORERLOPENHESOUWORT,0.653846,0.346154
0.1,4,4,license_plate_bahnschrift.ttf,VJNKYFDZICRAQLPMWHGESOUXBT,7,11,0,0.085,5.059644,0.959381,1.907975,,1.0,0.0
0.1,4,4,license_plate_bahnschrift.ttf,VJNKYFDZICRAQLPMWHGESOUXBT,7,11,1,0.085,5.059644,0.959381,1.907975,BPG,0.923077,0.076923
0.2,4,4,license_plate_bahnschrift.ttf,VJNKYFDZICRAQLPMWHGESOUXBT,7,11,0,0.17,7.155418,0.919759,1.349142,,1.0,0.0
0.2,4,4,license_plate_bahnschrift.ttf,VJNKYFDZICRAQLPMWHGESOUXBT,7,11,1,0.17,7.155418,0.919759,1.349142,,1.0,0.0
0.3,4,4,license_plate_bahnschrift.ttf,VJNKYFDZICRAQLPMWHGESOUXBT,7,11,0,0.255,8.763561,0.881116,1.10157,VSSK,0.923077,0.076923
0.3,4,4,license_plate_bahnschrift.ttf,VJNKYFDZICRAQLPMWHGESOUXBT,7,11,1,0.255,8.763561,0.881116,1.10157,,1.0,0.0
0.4,4,4,license_plate_bahnschrift.ttf,VJNKYFDZICRAQLPMWHGESOUXBT,7,11,0,0.34,10.119289,0.843436,0.953987,,1.0,0.0
0.4,4,4,license_plate_bahnschrift.ttf,VJNKYFDZICRAQLPMWHGESOUXBT,7,11,1,0.34,10.119289,0.843436,0.953987,EASWERNSEE,0.884615,0.115385
0.5,4,4,license_plate_bahnschrift.ttf,VJNKYFDZICRAQLPMWHGESOUXBT,7,11,0,0.425,11.313708,0.8067,0.853272,BNSSBRN,0.923077,0.076923
0.5,4,4,license_plate_bahnschrift.ttf,VJNKYFDZICRAQLPMWHGESOUXBT,7,11,1,0.425,11.313708,0.8067,0.853272,,1.0,0.0
0.6,4,4,license_plate_bahnschrift.ttf,VJNKYFDZICRAQLPMWHGESOUXBT,7,11,0,0.51,12.393547,0.770893,0.778927,TASNT,0.884615,0.115385
0.6,4,4,license_plate_bahnschrift.ttf,VJNKYFDZICRAQLPMWHGESOUXBT,7,11,1,0.51,12.393547,0.770893,0.778927,ASESP,0.884615,0.115385
0.7,4,4,license_plate_bahnschrift.ttf,VJNKYFDZICRAQLPMWHGESOUXBT,7,11,0,0.595,13.38656,0.735998,0.721147,,1.0,0.0
0.7,4,4,license_plate_bahnschrift.ttf,VJNKYFDZICRAQLPMWHGESOUXBT,7,11,1,0.595,13.38656,0.735998,0.721147,EROS,0.923077,0.076923
0.8,4,4,license_plate_bahnschrift.ttf,VJNKYFDZICRAQLPMWHGESOUXBT,7,11,0,0.68,14.310835,0.701998,0.674571,SERASPLTHE,0.807692,0.192308
0.8,4,4,license_plate_bahnschrift.ttf,VJNKYFDZICRAQLPMWHGESOUXBT,7,11,1,0.68,14.310835,0.701998,0.674571,,1.0,0.0
0.9,4,4,license_plate_bahnschrift.ttf,VJNKYFDZICRAQLPMWHGESOUXBT,7,11,0,0.765,15.178933,0.668877,0.635992,,1.0,0.0
0.9,4,4,license_plate_bahnschrift.ttf,VJNKYFDZICRAQLPMWHGESOUXBT,7,11,1,0.765,15.178933,0.668877,0.635992,SEOMTS,0.923077,0.076923
1.0,4,4,license_plate_bahnschrift.ttf,VJNKYFDZICRAQLPMWHGESOUXBT,7,11,0,0.85,16.0,0.63662,0.603355,ORBSN,0.923077,0.076923
1.0,4,4,license_plate_bahnschrift.ttf,VJNKYFDZICRAQLPMWHGESOUXBT,7,11,1,0.85,16.0,0.63662,0.603355,BEO,0.923077,0.076923
0.1,16,4,license_plate_bahnschrift.ttf,VJNKYFDZICRAQLPMWHGESOUXBT,7,11,0,0.085,5.059644,0.959381,1.907975,,1.0,0.0
0.1,16,4,license_plate_bahnschrift.ttf,VJNKYFDZICRAQLPMWHGESOUXBT,7,11,1,0.085,5.059644,0.959381,1.907975,SS,0.961538,0.038462
0.2,16,4,license_plate_bahnschrift.ttf,VJNKYFDZICRAQLPMWHGESOUXBT,7,11,0,0.17,7.155418,0.919759,1.349142,VS,0.923077,0.076923
0.2,16,4,license_plate_bahnschrift.ttf,VJNKYFDZICRAQLPMWHGESOUXBT,7,11,1,0.17,7.155418,0.919759,1.349142,,1.0,0.0
0.3,16,4,license_plate_bahnschrift.ttf,VJNKYFDZICRAQLPMWHGESOUXBT,7,11,0,0.255,8.763561,0.881116,1.10157,HORAAALA,0.923077,0.076923
0.3,16,4,license_plate_bahnschrift.ttf,VJNKYFDZICRAQLPMWHGESOUXBT,7,11,1,0.255,8.763561,0.881116,1.10157,,1.0,0.0
0.4,16,4,license_plate_bahnschrift.ttf,VJNKYFDZICRAQLPMWHGESOUXBT,7,11,0,0.34,10.119289,0.843436,0.953987,PRENARE,0.923077,0.076923
0.4,16,4,license_plate_bahnschrift.ttf,VJNKYFDZICRAQLPMWHGESOUXBT,7,11,1,0.34,10.119289,0.843436,0.953987,,1.0,0.0
0.5,16,4,license_plate_bahnschrift.ttf,VJNKYFDZICRAQLPMWHGESOUXBT,7,11,0,0.425,11.313708,0.8067,0.853272,,1.0,0.0
0.5,16,4,license_plate_bahnschrift.ttf,VJNKYFDZICRAQLPMWHGESOUXBT,7,11,1,0.425,11.313708,0.8067,0.853272,,1.0,0.0
0.6,16,4,license_plate_bahnschrift.ttf,VJNKYFDZICRAQLPMWHGESOUXBT,7,11,0,0.51,12.393547,0.770893,0.778927,,1.0,0.0
0.6,16,4,license_plate_bahnschrift.ttf,VJNKYFDZICRAQLPMWHGESOUXBT,7,11,1,0.51,12.393547,0.770893,0.778927,RPSERLOELOBD,0.807692,0.192308
0.7,16,4,license_plate_bahnschrift.ttf,VJNKYFDZICRAQLPMWHGESOUXBT,7,11,0,0.595,13.38656,0.735998,0.721147,,1.0,0.0
0.7,16,4,license_plate_bahnschrift.ttf,VJNKYFDZICRAQLPMWHGESOUXBT,7,11,1,0.595,13.38656,0.735998,0.721147,SOLE,0.923077,0.076923
0.8,16,4,license_plate_bahnschrift.ttf,VJNKYFDZICRAQLPMWHGESOUXBT,7,11,0,0.68,14.310835,0.701998,0.674571,,1.0,0.0
0.8,16,4,license_plate_bahnschrift.ttf,VJNKYFDZICRAQLPMWHGESOUXBT,7,11,1,0.68,14.310835,0.701998,0.674571,,1.0,0.0
0.9,16,4,license_plate_bahnschrift.ttf,VJNKYFDZICRAQLPMWHGESOUXBT,7,11,0,0.765,15.178933,0.668877,0.635992,,1.0,0.0
0.9,16,4,license_plate_bahnschrift.ttf,VJNKYFDZICRAQLPMWHGESOUXBT,7,11,1,0.765,15.178933,0.668877,0.635992,,1.0,0.0
1.0,16,4,license_plate_bahnschrift.ttf,VJNKYFDZICRAQLPMWHGESOUXBT,7,11,0,0.85,16.0,0.63662,0.603355,,1.0,0.0
1.0,16,4,license_plate_bahnschrift.ttf,VJNKYFDZICRAQLPMWHGESOUXBT,7,11,1,0.85,16.0,0.63662,0.603355,,1.0,0.0
0.1,64,4,license_plate_bahnschrift.ttf,VJNKYFDZICRAQLPMWHGESOUXBT,7,11,0,0.085,5.059644,0.959381,1.907975,,1.0,0.0
0.1,64,4,license_plate_bahnschrift.ttf,VJNKYFDZICRAQLPMWHGESOUXBT,7,11,1,0.085,5.059644,0.959381,1.907975,,1.0,0.0
0.2,64,4,license_plate_bahnschrift.ttf,VJNKYFDZICRAQLPMWHGESOUXBT,7,11,0,0.17,7.155418,0.919759,1.349142,,1.0,0.0
0.2,64,4,license_plate_bahnschrift.ttf,VJNKYFDZICRAQLPMWHGESOUXBT,7,11,1,0.17,7.155418,0.919759,1.349142,,1.0,0.0
0.3,64,4,license_plate_bahnschrift.ttf,VJNKYFDZICRAQLPMWHGESOUXBT,7,11,0,0.255,8.763561,0.881116,1.10157,,1.0,0.0
0.3,64,4,license_plate_bahnschrift.ttf,VJNKYFDZICRAQLPMWHGESOUXBT,7,11,1,0.255,8.763561,0.881116,1.10157,SSALEAGDOMSESSBE,0.807692,0.192308
0.4,64,4,license_plate_bahnschrift.ttf,VJNKYFDZICRAQLPMWHGESOUXBT,7,11,0,0.34,10.119289,0.843436,0.953987,,1.0,0.0
0.4,64,4,license_plate_bahnschrift.ttf,VJNKYFDZICRAQLPMWHGESOUXBT,7,11,1,0.34,10.119289,0.843436,0.953987,,1.0,0.0
0.5,64,4,license_plate_bahnschrift.ttf,VJNKYFDZICRAQLPMWHGESOUXBT,7,11,0,0.425,11.313708,0.8067,0.853272,,1.0,0.0
0.5,64,4,license_plate_bahnschrift.ttf,VJNKYFDZICRAQLPMWHGESOUXBT,7,11,1,0.425,11.313708,0.8067,0.853272,RPILOBL,0.846154,0.153846
0.6,64,4,license_plate_bahnschrift.ttf,VJNKYFDZICRAQLPMWHGESOUXBT,7,11,0,0.51,12.393547,0.770893,0.778927,,1.0,0.0
0.6,64,4,license_plate_bahnschrift.ttf,VJNKYFDZICRAQLPMWHGESOUXBT,7,11,1,0.51,12.393547,0.770893,0.778927,,1.0,0.0
0.7,64,4,license_plate_bahnschrift.ttf,VJNKYFDZICRAQLPMWHGESOUXBT,7,11,0,0.595,13.38656,0.735998,0.721147,,1.0,0.0
0.7,64,4,license_plate_bahnschrift.ttf,VJNKYFDZICRAQLPMWHGESOUXBT,7,11,1,0.595,13.38656,0.735998,0.721147,AA,0.961538,0.038462
0.8,64,4,license_plate_bahnschrift.ttf,VJNKYFDZICRAQLPMWHGESOUXBT,7,11,0,0.68,14.310835,0.701998,0.674571,,1.0,0.0
0.8,64,4,license_plate_bahnschrift.ttf,VJNKYFDZICRAQLPMWHGESOUXBT,7,11,1,0.68,14.310835,0.701998,0.674571,,1.0,0.0
0.9,64,4,license_plate_bahnschrift.ttf,VJNKYFDZICRAQLPMWHGESOUXBT,7,11,0,0.765,15.178933,0.668877,0.635992,,1.0,0.0
0.9,64,4,license_plate_bahnschrift.ttf,VJNKYFDZICRAQLPMWHGESOUXBT,7,11,1,0.765,15.178933,0.668877,0.635992,,1.0,0.0
1.0,64,4,license_plate_bahnschrift.ttf,VJNKYFDZICRAQLPMWHGESOUXBT,7,11,0,0.85,16.0,0.63662,0.603355,,1.0,0.0
1.0,64,4,license_plate_bahnschrift.ttf,VJNKYFDZICRAQLPMWHGESOUXBT,7,11,1,0.85,16.0,0.63662,0.603355,POLIO,0.923077,0.076923
0.1,256,4,license_plate_bahnschrift.ttf,VJNKYFDZICRAQLPMWHGESOUXBT,7,11,0,0.085,5.059644,0.959381,1.907975,RDPE,0.884615,0.115385
0.1,256,4,license_plate_bahnschrift.ttf,VJNKYFDZICRAQLPMWHGESOUXBT,7,11,1,0.085,5.059644,0.959381,1.907975,DMHST,0.807692,0.192308
0.2,256,4,license_plate_bahnschrift.ttf,VJNKYFDZICRAQLPMWHGESOUXBT,7,11,0,0.17,7.155418,0.919759,1.349142,PT,0.923077,0.076923
0.2,256,4,license_plate_bahnschrift.ttf,VJNKYFDZICRAQLPMWHGESOUXBT,7,11,1,0.17,7.155418,0.919759,1.349142,ERRVINMSESLOM,0.846154,0.153846
0.3,256,4,license_plate_bahnschrift.ttf,VJNKYFDZICRAQLPMWHGESOUXBT,7,11,0,0.255,8.763561,0.881116,1.10157,KELAMLESOLOHT,0.730769,0.269231
0.3,256,4,license_plate_bahnschrift.ttf,VJNKYFDZICRAQLPMWHGESOUXBT,7,11,1,0.255,8.763561,0.881116,1.10157,RKEUINDWLESILOBE,0.769231,0.230769
0.4,256,4,license_plate_bahnschrift.ttf,VJNKYFDZICRAQLPMWHGESOUXBT,7,11,0,0.34,10.119289,0.843436,0.953987,LASHIAHIESTLOT,0.769231,0.230769
0.4,256,4,license_plate_bahnschrift.ttf,VJNKYFDZICRAQLPMWHGESOUXBT,7,11,1,0.34,10.119289,0.843436,0.953987,FKSRDLWAESDLORS,0.769231,0.230769
0.5,256,4,license_plate_bahnschrift.ttf,VJNKYFDZICRAQLPMWHGESOUXBT,7,11,0,0.425,11.313708,0.8067,0.853272,WECUESOLOB,0.807692,0.192308
0.5,256,4,license_plate_bahnschrift.ttf,VJNKYFDZICRAQLPMWHGESOUXBT,7,11,1,0.425,11.313708,0.8067,0.853272,RACLAPPHTESLOT,0.730769,0.269231
0.6,256,4,license_plate_bahnschrift.ttf,VJNKYFDZICRAQLPMWHGESOUXBT,7,11,0,0.51,12.393547,0.770893,0.778927,CPARTRLCEPAHIESILOMT,0.769231,0.230769
0.6,256,4,license_plate_bahnschrift.ttf,VJNKYFDZICRAQLPMWHGESOUXBT,7,11,1,0.51,12.393547,0.770893,0.778927,OPARTRILAMEALPMAHESILOT,0.692308,0.307692
0.7,256,4,license_plate_bahnschrift.ttf,VJNKYFDZICRAQLPMWHGESOUXBT,7,11,0,0.595,13.38656,0.735998,0.721147,ACALLHHESOLOT,0.692308,0.307692
0.7,256,4,license_plate_bahnschrift.ttf,VJNKYFDZICRAQLPMWHGESOUXBT,7,11,1,0.595,13.38656,0.735998,0.721147,UETPOLTAADLFPMHIESILOBT,0.692308,0.307692
0.8,256,4,license_plate_bahnschrift.ttf,VJNKYFDZICRAQLPMWHGESOUXBT,7,11,0,0.68,14.310835,0.701998,0.674571,CPRTENAADLOMHIESILOT,0.730769,0.269231
0.8,256,4,license_plate_bahnschrift.ttf,VJNKYFDZICRAQLPMWHGESOUXBT,7,11,1,0.68,14.310835,0.701998,0.674571,OIAOLPMAHIESILOBT,0.615385,0.384615
0.9,256,4,license_plate_bahnschrift.ttf,VJNKYFDZICRAQLPMWHGESOUXBT,7,11,0,0.765,15.178933,0.668877,0.635992,CIMEPOREOLPHIESILOBT,0.692308,0.307692
0.9,256,4,license_plate_bahnschrift.ttf,VJNKYFDZICRAQLPMWHGESOUXBT,7,11,1,0.765,15.178933,0.668877,0.635992,PRPOLEALOPYMHIESOLOBT,0.692308,0.307692
1.0,256,4,license_plate_bahnschrift.ttf,VJNKYFDZICRAQLPMWHGESOUXBT,7,11,0,0.85,16.0,0.63662,0.603355,PITPOUCAADLPMAHIESILORT,0.653846,0.346154
1.0,256,4,license_plate_bahnschrift.ttf,VJNKYFDZICRAQLPMWHGESOUXBT,7,11,1,0.85,16.0,0.63662,0.603355,WINETRODITAILPESOLOBT,0.615385,0.384615
0.1,1024,4,license_plate_bahnschrift.ttf,VJNKYFDZICRAQLPMWHGESOUXBT,7,11,0,0.085,5.059644,0.959381,1.907975,OPBEPWESOR,0.807692,0.192308
0.1,1024,4,license_plate_bahnschrift.ttf,VJNKYFDZICRAQLPMWHGESOUXBT,7,11,1,0.085,5.059644,0.959381,1.907975,PD,0.961538,0.038462
0.2,1024,4,license_plate_bahnschrift.ttf,VJNKYFDZICRAQLPMWHGESOUXBT,7,11,0,0.17,7.155418,0.919759,1.349142,ORRTROSAEVAMIESILOBT,0.769231,0.230769
0.2,1024,4,license_plate_bahnschrift.ttf,VJNKYFDZICRAQLPMWHGESOUXBT,7,11,1,0.17,7.155418,0.919759,1.349142,ORRECEMPAMIESOM,0.807692,0.192308
0.3,1024,4,license_plate_bahnschrift.ttf,VJNKYFDZICRAQLPMWHGESOUXBT,7,11,0,0.255,8.763561,0.881116,1.10157,OPRTRLEAMIIESOMT,0.769231,0.230769
0.3,1024,4,license_plate_bahnschrift.ttf,VJNKYFDZICRAQLPMWHGESOUXBT,7,11,1,0.255,8.763561,0.881116,1.10157,ORRTREMEMPMPIESLOM,0.846154,0.153846
0.4,1024,4,license_plate_bahnschrift.ttf,VJNKYFDZICRAQLPMWHGESOUXBT,7,11,0,0.34,10.119289,0.843436,0.953987,PRROSEEAPPESDLORT,0.807692,0.192308
0.4,1024,4,license_plate_bahnschrift.ttf,VJNKYFDZICRAQLPMWHGESOUXBT,7,11,1,0.34,10.119289,0.843436,0.953987,PARRCMAHIESLORT,0.769231,0.230769
0.5,1024,4,license_plate_bahnschrift.ttf,VJNKYFDZICRAQLPMWHGESOUXBT,7,11,0,0.425,11.313708,0.8067,0.853272,PRICELESS,0.807692,0.192308
0.5,1024,4,license_plate_bahnschrift.ttf,VJNKYFDZICRAQLPMWHGESOUXBT,7,11,1,0.425,11.313708,0.8067,0.853272,ORROLAEDYMHIESLOM,0.807692,0.192308
0.6,1024,4,license_plate_bahnschrift.ttf,VJNKYFDZICRAQLPMWHGESOUXBT,7,11,0,0.51,12.393547,0.770893,0.778927,PTPOEEPAHIESLOMT,0.807692,0.192308
0.6,1024,4,license_plate_bahnschrift.ttf,VJNKYFDZICRAQLPMWHGESOUXBT,7,11,1,0.51,12.393547,0.770893,0.778927,CPRIOAELPMMHIESLOMT,0.653846,0.346154
0.7,1024,4,license_plate_bahnschrift.ttf,VJNKYFDZICRAQLPMWHGESOUXBT,7,11,0,0.595,13.38656,0.735998,0.721147,EPRTPOCUAAILPMMHIESLOBT,0.653846,0.346154
0.7,1024,4,license_plate_bahnschrift.ttf,VJNKYFDZICRAQLPMWHGESOUXBT,7,11,1,0.595,13.38656,0.735998,0.721147,PRTPOOCAADLPMMHIESLOBT,0.615385,0.384615
0.8,1024,4,license_plate_bahnschrift.ttf,VJNKYFDZICRAQLPMWHGESOUXBT,7,11,0,0.68,14.310835,0.701998,0.674571,CINTPOLCALULPMMHIESOLONT,0.615385,0.384615
0.8,1024,4,license_plate_bahnschrift.ttf,VJNKYFDZICRAQLPMWHGESOUXBT,7,11,1,0.68,14.310835,0.701998,0.674571,CPPOCCAAILPPMHIESILORT,0.692308,0.307692
0.9,1024,4,license_plate_bahnschrift.ttf,VJNKYFDZICRAQLPMWHGESOUXBT,7,11,0,0.765,15.178933,0.668877,0.635992,CPRPODTALILPYMHIESOLORT,0.692308,0.307692
0.9,1024,4,license_plate_bahnschrift.ttf,VJNKYFDZICRAQLPMWHGESOUXBT,7,11,1,0.765,15.178933,0.668877,0.635992,CIRPOCCAAULPYMHIESOLOBT,0.615385,0.384615
1.0,1024,4,license_plate_bahnschrift.ttf,VJNKYFDZICRAQLPMWHGESOUXBT,7,11,0,0.85,16.0,0.63662,0.603355,EINNTPOUICAAULPMNHIESOLONT,0.538462,0.461538
1.0,1024,4,license_plate_bahnschrift.ttf,VJNKYFDZICRAQLPMWHGESOUXBT,7,11,1,0.85,16.0,0.63662,0.603355,WINKTPORRAAOLPMMHIESOLORT,0.576923,0.423077
0.1,4096,4,license_plate_bahnschrift.ttf,VJNKYFDZICRAQLPMWHGESOUXBT,7,11,0,0.085,5.059644,0.959381,1.907975,OPRCIEPAMIESSOBT,0.730769,0.269231
0.1,4096,4,license_plate_bahnschrift.ttf,VJNKYFDZICRAQLPMWHGESOUXBT,7,11,1,0.085,5.059644,0.959381,1.907975,OPRCAEMPAMIESOR,0.769231,0.230769
0.2,4096,4,license_plate_bahnschrift.ttf,VJNKYFDZICRAQLPMWHGESOUXBT,7,11,0,0.17,7.155418,0.919759,1.349142,OPRTCLAEMPIESLOM,0.807692,0.192308
0.2,4096,4,license_plate_bahnschrift.ttf,VJNKYFDZICRAQLPMWHGESOUXBT,7,11,1,0.17,7.155418,0.919759,1.349142,OPRPRLEPIESOM,0.807692,0.192308
0.3,4096,4,license_plate_bahnschrift.ttf,VJNKYFDZICRAQLPMWHGESOUXBT,7,11,0,0.255,8.763561,0.881116,1.10157,ORRTLEMMIESILOMT,0.769231,0.230769
0.3,4096,4,license_plate_bahnschrift.ttf,VJNKYFDZICRAQLPMWHGESOUXBT,7,11,1,0.255,8.763561,0.881116,1.10157,ORRTRLEVMHIESLOB,0.769231,0.230769
0.4,4096,4,license_plate_bahnschrift.ttf,VJNKYFDZICRAQLPMWHGESOUXBT,7,11,0,0.34,10.119289,0.843436,0.953987,OPARPRDEAPRAHIESILORT,0.730769,0.269231
0.4,4096,4,license_plate_bahnschrift.ttf,VJNKYFDZICRAQLPMWHGESOUXBT,7,11,1,0.34,10.119289,0.843436,0.953987,OPTS,0.923077,0.076923
0.5,4096,4,license_plate_bahnschrift.ttf,VJNKYFDZICRAQLPMWHGESOUXBT,7,11,0,0.425,11.313708,0.8067,0.853272,OPRTROCLAEMMIESLOMT,0.769231,0.230769
0.5,4096,4,license_plate_bahnschrift.ttf,VJNKYFDZICRAQLPMWHGESOUXBT,7,11,1,0.425,11.313708,0.8067,0.853272,OPARTROSEPYHIESILOMT,0.769231,0.230769
0.6,4096,4,license_plate_bahnschrift.ttf,VJNKYFDZICRAQLPMWHGESOUXBT,7,11,0,0.51,12.393547,0.770893,0.778927,OPARPOEELPMAHIESLOMT,0.730769,0.269231
0.6,4096,4,license_plate_bahnschrift.ttf,VJNKYFDZICRAQLPMWHGESOUXBT,7,11,1,0.51,12.393547,0.770893,0.778927,CPARTROSAELPMAHIESLOMT,0.692308,0.307692
0.7,4096,4,license_plate_bahnschrift.ttf,VJNKYFDZICRAQLPMWHGESOUXBT,7,11,0,0.595,13.38656,0.735998,0.721147,CPTPOCTCAAULPPMHIESILONT,0.692308,0.307692
0.7,4096,4,license_plate_bahnschrift.ttf,VJNKYFDZICRAQLPMWHGESOUXBT,7,11,1,0.595,13.38656,0.735998,0.721147,CPPOCCAAPYMHIESILONT,0.730769,0.269231
0.8,4096,4,license_plate_bahnschrift.ttf,VJNKYFDZICRAQLPMWHGESOUXBT,7,11,0,0.68,14.310835,0.701998,0.674571,EPNTPOLEAADLPYMHIESILONT,0.692308,0.307692
0.8,4096,4,license_plate_bahnschrift.ttf,VJNKYFDZICRAQLPMWHGESOUXBT,7,11,1,0.68,14.310835,0.701998,0.674571,EPNTPOLCAAODLIMMHIESILONT,0.692308,0.307692
0.9,4096,4,license_plate_bahnschrift.ttf,VJNKYFDZICRAQLPMWHGESOUXBT,7,11,0,0.765,15.178933,0.668877,0.635992,EPNTPOOTALOLPEMHIESOLOBT,0.653846,0.346154
0.9,4096,4,license_plate_bahnschrift.ttf,VJNKYFDZICRAQLPMWHGESOUXBT,7,11,1,0.765,15.178933,0.668877,0.635992,CINTPODTALULPEHIESOLORT,0.653846,0.346154
1.0,4096,4,license_plate_bahnschrift.ttf,VJNKYFDZICRAQLPMWHGESOUXBT,7,11,0,0.85,16.0,0.63662,0.603355,WINKTPOUCALOLPMHIESOLONT,0.576923,0.423077
1.0,4096,4,license_plate_bahnschrift.ttf,VJNKYFDZICRAQLPMWHGESOUXBT,7,11,1,0.85,16.0,0.63662,0.603355,WIMNTPOUALOLIMHIESOLORT,0.730769,0.269231
0.1,16384,4,license_plate_bahnschrift.ttf,VJNKYFDZICRAQLPMWHGESOUXBT,7,11,0,0.085,5.059644,0.959381,1.907975,OPRCEBAMIESOR,0.807692,0.192308
0.1,16384,4,license_plate_bahnschrift.ttf,VJNKYFDZICRAQLPMWHGESOUXBT,7,11,1,0.085,5.059644,0.959381,1.907975,OFREMPAMIESOR,0.769231,0.230769
0.2,16384,4,license_plate_bahnschrift.ttf,VJNKYFDZICRAQLPMWHGESOUXBT,7,11,0,0.17,7.155418,0.919759,1.349142,,1.0,0.0
0.2,16384,4,license_plate_bahnschrift.ttf,VJNKYFDZICRAQLPMWHGESOUXBT,7,11,1,0.17,7.155418,0.919759,1.349142,ORRTCLAEMPPIESLOMT,0.769231,0.230769
0.3,16384,4,license_plate_bahnschrift.ttf,VJNKYFDZICRAQLPMWHGESOUXBT,7,11,0,0.255,8.763561,0.881116,1.10157,OPRTRLEVMHIESOM,0.769231,0.230769
0.3,16384,4,license_plate_bahnschrift.ttf,VJNKYFDZICRAQLPMWHGESOUXBT,7,11,1,0.255,8.763561,0.881116,1.10157,ORRTRLEVMMIESLOM,0.846154,0.153846
0.4,16384,4,license_plate_bahnschrift.ttf,VJNKYFDZICRAQLPMWHGESOUXBT,7,11,0,0.34,10.119289,0.843436,0.953987,OPARTRSLEPMAHIESLOMT,0.730769,0.269231
0.4,16384,4,license_plate_bahnschrift.ttf,VJNKYFDZICRAQLPMWHGESOUXBT,7,11,1,0.34,10.119289,0.843436,0.953987,PARTRLLEPRAHIESLOMT,0.769231,0.230769
0.5,16384,4,license_plate_bahnschrift.ttf,VJNKYFDZICRAQLPMWHGESOUXBT,7,11,0,0.425,11.313708,0.8067,0.853272,RARTROEEMMAESLOMT,0.807692,0.192308
0.5,16384,4,license_plate_bahnschrift.ttf,VJNKYFDZICRAQLPMWHGESOUXBT,7,11,1,0.425,11.313708,0.8067,0.853272,ORARTROSLEMMIESLOMT,0.769231,0.230769
0.6,16384,4,license_plate_bahnschrift.ttf,VJNKYFDZICRAQLPMWHGESOUXBT,7,11,0,0.51,12.393547,0.770893,0.778927,OPARTPOCAELPMAHIESLOMT,0.653846,0.346154
0.6,16384,4,license_plate_bahnschrift.ttf,VJNKYFDZICRAQLPMWHGESOUXBT,7,11,1,0.51,12.393547,0.770893,0.778927,CPARTROAELPMAHIESLOMT,0.692308,0.307692
0.7,16384,4,license_plate_bahnschrift.ttf,VJNKYFDZICRAQLPMWHGESOUXBT,7,11,0,0.595,13.38656,0.735998,0.721147,CPATPOCCAAOLPPMHIESLOBT,0.653846,0.346154
0.7,16384,4,license_plate_bahnschrift.ttf,VJNKYFDZICRAQLPMWHGESOUXBT,7,11,1,0.595,13.38656,0.735998,0.721147,CPPOCCAAULPYMHIESILONT,0.692308,0.307692
0.8,16384,4,license_plate_bahnschrift.ttf,VJNKYFDZICRAQLPMWHGESOUXBT,7,11,0,0.68,14.310835,0.701998,0.674571,EPNTPOLCAAULIMHIESILORT,0.653846,0.346154
0.8,16384,4,license_plate_bahnschrift.ttf,VJNKYFDZICRAQLPMWHGESOUXBT,7,11,1,0.68,14.310835,0.701998,0.674571,CPNTPOLAAOLPYMHIESILONT,0.692308,0.307692
0.9,16384,4,license_plate_bahnschrift.ttf,VJNKYFDZICRAQLPMWHGESOUXBT,7,11,0,0.765,15.178933,0.668877,0.635992,CITPODTALOLIYEMHIESOLORT,0.730769,0.269231
0.9,16384,4,license_plate_bahnschrift.ttf,VJNKYFDZICRAQLPMWHGESOUXBT,7,11,1,0.765,15.178933,0.668877,0.635992,CINNTPODCALOLPEMHIESOLORT,0.653846,0.346154
1.0,16384,4,license_plate_bahnschrift.ttf,VJNKYFDZICRAQLPMWHGESOUXBT,7,11,0,0.85,16.0,0.63662,0.603355,WINNTPORCAAOLPMHIESOLORT,0.576923,0.423077
1.0,16384,4,license_plate_bahnschrift.ttf,VJNKYFDZICRAQLPMWHGESOUXBT,7,11,1,0.85,16.0,0.63662,0.603355,TINNTPOUAAOLIMMHIESOLORT,0.653846,0.346154
0.1,65536,4,license_plate_bahnschrift.ttf,VJNKYFDZICRAQLPMWHGESOUXBT,7,11,0,0.085,5.059644,0.959381,1.907975,FRLEPAMIESOF,0.769231,0.230769
0.1,65536,4,license_plate_bahnschrift.ttf,VJNKYFDZICRAQLPMWHGESOUXBT,7,11,1,0.085,5.059644,0.959381,1.907975,OFRLEPAMIESOR,0.769231,0.230769
0.2,65536,4,license_plate_bahnschrift.ttf,VJNKYFDZICRAQLPMWHGESOUXBT,7,11,0,0.17,7.155418,0.919759,1.349142,RRRLEBPAIESOM,0.807692,0.192308
0.2,65536,4,license_plate_bahnschrift.ttf,VJNKYFDZICRAQLPMWHGESOUXBT,7,11,1,0.17,7.155418,0.919759,1.349142,ORRTLEPMIESOM,0.769231,0.230769
0.3,65536,4,license_plate_bahnschrift.ttf,VJNKYFDZICRAQLPMWHGESOUXBT,7,11,0,0.255,8.763561,0.881116,1.10157,ORRTRLEPMMIESLOM,0.807692,0.192308
0.3,65536,4,license_plate_bahnschrift.ttf,VJNKYFDZICRAQLPMWHGESOUXBT,7,11,1,0.255,8.763561,0.881116,1.10157,ORRTRLEPMMIESLOM,0.807692,0.192308
0.4,65536,4,license_plate_bahnschrift.ttf,VJNKYFDZICRAQLPMWHGESOUXBT,7,11,0,0.34,10.119289,0.843436,0.953987,OPARRISEPRAHIESLOMT,0.769231,0.230769
0.4,65536,4,license_plate_bahnschrift.ttf,VJNKYFDZICRAQLPMWHGESOUXBT,7,11,1,0.34,10.119289,0.843436,0.953987,PARTRSEPMAHIESLOMT,0.730769,0.269231
0.5,65536,4,license_plate_bahnschrift.ttf,VJNKYFDZICRAQLPMWHGESOUXBT,7,11,0,0.425,11.313708,0.8067,0.853272,OPARTROCAEMMESLOMT,0.769231,0.230769
0.5,65536,4,license_plate_bahnschrift.ttf,VJNKYFDZICRAQLPMWHGESOUXBT,7,11,1,0.425,11.313708,0.8067,0.853272,ORARTROSLAEMMIESLOBT,0.769231,0.230769
0.6,65536,4,license_plate_bahnschrift.ttf,VJNKYFDZICRAQLPMWHGESOUXBT,7,11,0,0.51,12.393547,0.770893,0.778927,OPARPOAELPMAHIESLOMT,0.692308,0.307692
0.6,65536,4,license_plate_bahnschrift.ttf,VJNKYFDZICRAQLPMWHGESOUXBT,7,11,1,0.51,12.393547,0.770893,0.778927,OPARTROELPMAHIESLOMT,0.692308,0.307692
0.7,65536,4,license_plate_bahnschrift.ttf,VJNKYFDZICRAQLPMWHGESOUXBT,7,11,0,0.595,13.38656,0.735998,0.721147,PATPOCAEDPMMHIESDLOBT,0.653846,0.346154
0.7,65536,4,license_plate_bahnschrift.ttf,VJNKYFDZICRAQLPMWHGESOUXBT,7,11,1,0.595,13.38656,0.735998,0.721147,CPTPOCCAADLPMMHIESLOBT,0.615385,0.384615
0.8,65536,4,license_plate_bahnschrift.ttf,VJNKYFDZICRAQLPMWHGESOUXBT,7,11,0,0.68,14.310835,0.701998,0.674571,EPNTPORCAAULPMHIESILORT,0.615385,0.384615
0.8,65536,4,license_plate_bahnschrift.ttf,VJNKYFDZICRAQLPMWHGESOUXBT,7,11,1,0.68,14.310835,0.701998,0.674571,CPNTPORCAADLPPMHIESLONT,0.653846,0.346154
0.9,65536,4,license_plate_bahnschrift.ttf,VJNKYFDZICRAQLPMWHGESOUXBT,7,11,0,0.765,15.178933,0.668877,0.635992,EIRTPODTCALOLPEMHIESOLORT,0.653846,0.346154
0.9,65536,4,license_plate_bahnschrift.ttf,VJNKYFDZICRAQLPMWHGESOUXBT,7,11,1,0.765,15.178933,0.668877,0.635992,EPNTPOCTALOLPEMHIESILORT,0.692308,0.307692
1.0,65536,4,license_plate_bahnschrift.ttf,VJNKYFDZICRAQLPMWHGESOUXBT,7,11,0,0.85,16.0,0.63662,0.603355,WIMNTPORALOLPMMHIESOLORT,0.653846,0.346154
1.0,65536,4,license_plate_bahnschrift.ttf,VJNKYFDZICRAQLPMWHGESOUXBT,7,11,1,0.85,16.0,0.63662,0.603355,WINNTPODTALOLIMMHIESOLORT,0.692308,0.307692
0.1,4,4,license_plate_bahnschrift.ttf,VJNKYFDZICRAQLPMWHGESOUXBT,7,15,0,0.085,5.059644,0.959381,1.907975,,1.0,0.0
0.1,4,4,license_plate_bahnschrift.ttf,VJNKYFDZICRAQLPMWHGESOUXBT,7,15,1,0.085,5.059644,0.959381,1.907975,,1.0,0.0
0.2,4,4,license_plate_bahnschrift.ttf,VJNKYFDZICRAQLPMWHGESOUXBT,7,15,0,0.17,7.155418,0.919759,1.349142,,1.0,0.0
0.2,4,4,license_plate_bahnschrift.ttf,VJNKYFDZICRAQLPMWHGESOUXBT,7,15,1,0.17,7.155418,0.919759,1.349142,,1.0,0.0
0.3,4,4,license_plate_bahnschrift.ttf,VJNKYFDZICRAQLPMWHGESOUXBT,7,15,0,0.255,8.763561,0.881116,1.10157,,1.0,0.0
0.3,4,4,license_plate_bahnschrift.ttf,VJNKYFDZICRAQLPMWHGESOUXBT,7,15,1,0.255,8.763561,0.881116,1.10157,,1.0,0.0
0.4,4,4,license_plate_bahnschrift.ttf,VJNKYFDZICRAQLPMWHGESOUXBT,7,15,0,0.34,10.119289,0.843436,0.953987,,1.0,0.0
0.4,4,4,license_plate_bahnschrift.ttf,VJNKYFDZICRAQLPMWHGESOUXBT,7,15,1,0.34,10.119289,0.843436,0.953987,,1.0,0.0
0.5,4,4,license_plate_bahnschrift.ttf,VJNKYFDZICRAQLPMWHGESOUXBT,7,15,0,0.425,11.313708,0.8067,0.853272,SSBSS,0.961538,0.038462
0.5,4,4,license_plate_bahnschrift.ttf,VJNKYFDZICRAQLPMWHGESOUXBT,7,15,1,0.425,11.313708,0.8067,0.853272,,1.0,0.0
0.6,4,4,license_plate_bahnschrift.ttf,VJNKYFDZICRAQLPMWHGESOUXBT,7,15,0,0.51,12.393547,0.770893,0.778927,EGR,0.961538,0.038462
0.6,4,4,license_plate_bahnschrift.ttf,VJNKYFDZICRAQLPMWHGESOUXBT,7,15,1,0.51,12.393547,0.770893,0.778927,EALESSSRASA,0.884615,0.115385
0.7,4,4,license_plate_bahnschrift.ttf,VJNKYFDZICRAQLPMWHGESOUXBT,7,15,0,0.595,13.38656,0.735998,0.721147,,1.0,0.0
0.7,4,4,license_plate_bahnschrift.ttf,VJNKYFDZICRAQLPMWHGESOUXBT,7,15,1,0.595,13.38656,0.735998,0.721147,,1.0,0.0
0.8,4,4,license_plate_bahnschrift.ttf,VJNKYFDZICRAQLPMWHGESOUXBT,7,15,0,0.68,14.310835,0.701998,0.674571,,1.0,0.0
0.8,4,4,license_plate_bahnschrift.ttf,VJNKYFDZICRAQLPMWHGESOUXBT,7,15,1,0.68,14.310835,0.701998,0.674571,,1.0,0.0
0.9,4,4,license_plate_bahnschrift.ttf,VJNKYFDZICRAQLPMWHGESOUXBT,7,15,0,0.765,15.178933,0.668877,0.635992,,1.0,0.0
0.9,4,4,license_plate_bahnschrift.ttf,VJNKYFDZICRAQLPMWHGESOUXBT,7,15,1,0.765,15.178933,0.668877,0.635992,SPNAU,0.884615,0.115385
1.0,4,4,license_plate_bahnschrift.ttf,VJNKYFDZICRAQLPMWHGESOUXBT,7,15,0,0.85,16.0,0.63662,0.603355,PSENRORSIS,0.923077,0.076923
1.0,4,4,license_plate_bahnschrift.ttf,VJNKYFDZICRAQLPMWHGESOUXBT,7,15,1,0.85,16.0,0.63662,0.603355,,1.0,0.0
0.1,16,4,license_plate_bahnschrift.ttf,VJNKYFDZICRAQLPMWHGESOUXBT,7,15,0,0.085,5.059644,0.959381,1.907975,,1.0,0.0
0.1,16,4,license_plate_bahnschrift.ttf,VJNKYFDZICRAQLPMWHGESOUXBT,7,15,1,0.085,5.059644,0.959381,1.907975,,1.0,0.0
0.2,16,4,license_plate_bahnschrift.ttf,VJNKYFDZICRAQLPMWHGESOUXBT,7,15,0,0.17,7.155418,0.919759,1.349142,TSCOLBSOP,0.846154,0.153846
0.2,16,4,license_plate_bahnschrift.ttf,VJNKYFDZICRAQLPMWHGESOUXBT,7,15,1,0.17,7.155418,0.919759,1.349142,ORLA,0.923077,0.076923
0.3,16,4,license_plate_bahnschrift.ttf,VJNKYFDZICRAQLPMWHGESOUXBT,7,15,0,0.255,8.763561,0.881116,1.10157,SNRSE,0.884615,0.115385
0.3,16,4,license_plate_bahnschrift.ttf,VJNKYFDZICRAQLPMWHGESOUXBT,7,15,1,0.255,8.763561,0.881116,1.10157,SORERLNR,0.923077,0.076923
0.4,16,4,license_plate_bahnschrift.ttf,VJNKYFDZICRAQLPMWHGESOUXBT,7,15,0,0.34,10.119289,0.843436,0.953987,,1.0,0.0
0.4,16,4,license_plate_bahnschrift.ttf,VJNKYFDZICRAQLPMWHGESOUXBT,7,15,1,0.34,10.119289,0.843436,0.953987,,1.0,0.0
0.5,16,4,license_plate_bahnschrift.ttf,VJNKYFDZICRAQLPMWHGESOUXBT,7,15,0,0.425,11.313708,0.8067,0.853272,,1.0,0.0
0.5,16,4,license_plate_bahnschrift.ttf,VJNKYFDZICRAQLPMWHGESOUXBT,7,15,1,0.425,11.313708,0.8067,0.853272,,1.0,0.0
0.6,16,4,license_plate_bahnschrift.ttf,VJNKYFDZICRAQLPMWHGESOUXBT,7,15,0,0.51,12.393547,0.770893,0.778927,YLMSS,0.846154,0.153846
0.6,16,4,license_plate_bahnschrift.ttf,VJNKYFDZICRAQLPMWHGESOUXBT,7,15,1,0.51,12.393547,0.770893,0.778927,,1.0,0.0
0.7,16,4,license_plate_bahnschrift.ttf,VJNKYFDZICRAQLPMWHGESOUXBT,7,15,0,0.595,13.38656,0.735998,0.721147,,1.0,0.0
0.7,16,4,license_plate_bahnschrift.ttf,VJNKYFDZICRAQLPMWHGESOUXBT,7,15,1,0.595,13.38656,0.735998,0.721147,,1.0,0.0
0.8,16,4,license_plate_bahnschrift.ttf,VJNKYFDZICRAQLPMWHGESOUXBT,7,15,0,0.68,14.310835,0.701998,0.674571,,1.0,0.0
0.8,16,4,license_plate_bahnschrift.ttf,VJNKYFDZICRAQLPMWHGESOUXBT,7,15,1,0.68,14.310835,0.701998,0.674571,,1.0,0.0
0.9,16,4,license_plate_bahnschrift.ttf,VJNKYFDZICRAQLPMWHGESOUXBT,7,15,0,0.765,15.178933,0.668877,0.635992,SAO,0.923077,0.076923
0.9,16,4,license_plate_bahnschrift.ttf,VJNKYFDZICRAQLPMWHGESOUXBT,7,15,1,0.765,15.178933,0.668877,0.635992,SOMEB,0.884615,0.115385
1.0,16,4,license_plate_bahnschrift.ttf,VJNKYFDZICRAQLPMWHGESOUXBT,7,15,0,0.85,16.0,0.63662,0.603355,,1.0,0.0
1.0,16,4,license_plate_bahnschrift.ttf,VJNKYFDZICRAQLPMWHGESOUXBT,7,15,1,0.85,16.0,0.63662,0.603355,,1.0,0.0
0.1,64,4,license_plate_bahnschrift.ttf,VJNKYFDZICRAQLPMWHGESOUXBT,7,15,0,0.085,5.059644,0.959381,1.907975,RSRCL,0.923077,0.076923
0.1,64,4,license_plate_bahnschrift.ttf,VJNKYFDZICRAQLPMWHGESOUXBT,7,15,1,0.085,5.059644,0.959381,1.907975,,1.0,0.0
0.2,64,4,license_plate_bahnschrift.ttf,VJNKYFDZICRAQLPMWHGESOUXBT,7,15,0,0.17,7.155418,0.919759,1.349142,RA,0.923077,0.076923
0.2,64,4,license_plate_bahnschrift.ttf,VJNKYFDZICRAQLPMWHGESOUXBT,7,15,1,0.17,7.155418,0.919759,1.349142,WRECSORSO,0.884615,0.115385
0.3,64,4,license_plate_bahnschrift.ttf,VJNKYFDZICRAQLPMWHGESOUXBT,7,15,0,0.255,8.763561,0.881116,1.10157,,1.0,0.0
0.3,64,4,license_plate_bahnschrift.ttf,VJNKYFDZICRAQLPMWHGESOUXBT,7,15,1,0.255,8.763561,0.881116,1.10157,,1.0,0.0
0.4,64,4,license_plate_bahnschrift.ttf,VJNKYFDZICRAQLPMWHGESOUXBT,7,15,0,0.34,10.119289,0.843436,0.953987,,1.0,0.0
0.4,64,4,license_plate_bahnschrift.ttf,VJNKYFDZICRAQLPMWHGESOUXBT,7,15,1,0.34,10.119289,0.843436,0.953987,,1.0,0.0
0.5,64,4,license_plate_bahnschrift.ttf,VJNKYFDZICRAQLPMWHGESOUXBT,7,15,0,0.425,11.313708,0.8067,0.853272,,1.0,0.0
0.5,64,4,license_plate_bahnschrift.ttf,VJNKYFDZICRAQLPMWHGESOUXBT,7,15,1,0.425,11.313708,0.8067,0.853272,,1.0,0.0
0.6,64,4,license_plate_bahnschrift.ttf,VJNKYFDZICRAQLPMWHGESOUXBT,7,15,0,0.51,12.393547,0.770893,0.778927,,1.0,0.0
0.6,64,4,license_plate_bahnschrift.ttf,VJNKYFDZICRAQLPMWHGESOUXBT,7,15,1,0.51,12.393547,0.770893,0.778927,ASCTNAMOGTS,0.846154,0.153846
0.7,64,4,license_plate_bahnschrift.ttf,VJNKYFDZICRAQLPMWHGESOUXBT,7,15,0,0.595,13.38656,0.735998,0.721147,,1.0,0.0
0.7,64,4,license_plate_bahnschrift.ttf,VJNKYFDZICRAQLPMWHGESOUXBT,7,15,1,0.595,13.38656,0.735998,0.721147,,1.0,0.0
0.8,64,4,license_plate_bahnschrift.ttf,VJNKYFDZICRAQLPMWHGESOUXBT,7,15,0,0.68,14.310835,0.701998,0.674571,,1.0,0.0
0.8,64,4,license_plate_bahnschrift.ttf,VJNKYFDZICRAQLPMWHGESOUXBT,7,15,1,0.68,14.310835,0.701998,0.674571,,1.0,0.0
0.9,64,4,license_plate_bahnschrift.ttf,VJNKYFDZICRAQLPMWHGESOUXBT,7,15,0,0.765,15.178933,0.668877,0.635992,,1.0,0.0
0.9,64,4,license_plate_bahnschrift.ttf,VJNKYFDZICRAQLPMWHGESOUXBT,7,15,1,0.765,15.178933,0.668877,0.635992,,1.0,0.0
1.0,64,4,license_plate_bahnschrift.ttf,VJNKYFDZICRAQLPMWHGESOUXBT,7,15,0,0.85,16.0,0.63662,0.603355,,1.0,0.0
1.0,64,4,license_plate_bahnschrift.ttf,VJNKYFDZICRAQLPMWHGESOUXBT,7,15,1,0.85,16.0,0.63662,0.603355,,1.0,0.0
0.1,256,4,license_plate_bahnschrift.ttf,VJNKYFDZICRAQLPMWHGESOUXBT,7,15,0,0.085,5.059644,0.959381,1.907975,CW,0.923077,0.076923
0.1,256,4,license_plate_bahnschrift.ttf,VJNKYFDZICRAQLPMWHGESOUXBT,7,15,1,0.085,5.059644,0.959381,1.907975,CTPIEST,0.807692,0.192308
0.2,256,4,license_plate_bahnschrift.ttf,VJNKYFDZICRAQLPMWHGESOUXBT,7,15,0,0.17,7.155418,0.919759,1.349142,INEIPTECHADTOAESST,0.769231,0.230769
0.2,256,4,license_plate_bahnschrift.ttf,VJNKYFDZICRAQLPMWHGESOUXBT,7,15,1,0.17,7.155418,0.919759,1.349142,KMCINIESIOT,0.807692,0.192308
0.3,256,4,license_plate_bahnschrift.ttf,VJNKYFDZICRAQLPMWHGESOUXBT,7,15,0,0.255,8.763561,0.881116,1.10157,,1.0,0.0
0.3,256,4,license_plate_bahnschrift.ttf,VJNKYFDZICRAQLPMWHGESOUXBT,7,15,1,0.255,8.763561,0.881116,1.10157,CE,0.923077,0.076923
0.4,256,4,license_plate_bahnschrift.ttf,VJNKYFDZICRAQLPMWHGESOUXBT,7,15,0,0.34,10.119289,0.843436,0.953987,SCOADMAL,0.884615,0.115385
0.4,256,4,license_plate_bahnschrift.ttf,VJNKYFDZICRAQLPMWHGESOUXBT,7,15,1,0.34,10.119289,0.843436,0.953987,SPTEOTUARLPYMCSSLOT,0.807692,0.192308
0.5,256,4,license_plate_bahnschrift.ttf,VJNKYFDZICRAQLPMWHGESOUXBT,7,15,0,0.425,11.313708,0.8067,0.853272,CIKICDOLADLPMWNCLSOLO,0.653846,0.346154
0.5,256,4,license_plate_bahnschrift.ttf,VJNKYFDZICRAQLPMWHGESOUXBT,7,15,1,0.425,11.313708,0.8067,0.853272,SPITIEONADYMMIESLODT,0.807692,0.192308
0.6,256,4,license_plate_bahnschrift.ttf,VJNKYFDZICRAQLPMWHGESOUXBT,7,15,0,0.51,12.393547,0.770893,0.778927,SIMTTSSOTADLPMANOSSLOT,0.769231,0.230769
0.6,256,4,license_plate_bahnschrift.ttf,VJNKYFDZICRAQLPMWHGESOUXBT,7,15,1,0.51,12.393547,0.770893,0.778927,CPATIPSEOTADPAESLOT,0.807692,0.192308
0.7,256,4,license_plate_bahnschrift.ttf,VJNKYFDZICRAQLPMWHGESOUXBT,7,15,0,0.595,13.38656,0.735998,0.721147,WINATTCOOTADLPPMNCST,0.769231,0.230769
0.7,256,4,license_plate_bahnschrift.ttf,VJNKYFDZICRAQLPMWHGESOUXBT,7,15,1,0.595,13.38656,0.735998,0.721147,CPACEOLRLIMMESILOT,0.769231,0.230769
0.8,256,4,license_plate_bahnschrift.ttf,VJNKYFDZICRAQLPMWHGESOUXBT,7,15,0,0.68,14.310835,0.701998,0.674571,CPPCOOUALIMANSISIWT,0.807692,0.192308
0.8,256,4,license_plate_bahnschrift.ttf,VJNKYFDZICRAQLPMWHGESOUXBT,7,15,1,0.68,14.310835,0.701998,0.674571,CTODLADLIPMINELT,0.769231,0.230769
0.9,256,4,license_plate_bahnschrift.ttf,VJNKYFDZICRAQLPMWHGESOUXBT,7,15,0,0.765,15.178933,0.668877,0.635992,SNNITCTOUAPYMTIESOUYT,0.692308,0.307692
0.9,256,4,license_plate_bahnschrift.ttf,VJNKYFDZICRAQLPMWHGESOUXBT,7,15,1,0.765,15.178933,0.668877,0.635992,,1.0,0.0
1.0,256,4,license_plate_bahnschrift.ttf,VJNKYFDZICRAQLPMWHGESOUXBT,7,15,0,0.85,16.0,0.63662,0.603355,WIMITOROAADLIMYNCSOLONT,0.769231,0.230769
1.0,256,4,license_plate_bahnschrift.ttf,VJNKYFDZICRAQLPMWHGESOUXBT,7,15,1,0.85,16.0,0.63662,0.603355,CINNTPODOLADLPMMNESOWT,0.653846,0.346154
0.1,1024,4,license_plate_bahnschrift.ttf,VJNKYFDZICRAQLPMWHGESOUXBT,7,15,0,0.085,5.059644,0.959381,1.907975,ASKETOMDANCSOLT,0.807692,0.192308
0.1,1024,4,license_plate_bahnschrift.ttf,VJNKYFDZICRAQLPMWHGESOUXBT,7,15,1,0.085,5.059644,0.959381,1.907975,POMDPANLCSOUT,0.730769,0.269231
0.2,1024,4,license_plate_bahnschrift.ttf,VJNKYFDZICRAQLPMWHGESOUXBT,7,15,0,0.17,7.155418,0.919759,1.349142,SILSOVDPWILSOT,0.769231,0.230769
0.2,1024,4,license_plate_bahnschrift.ttf,VJNKYFDZICRAQLPMWHGESOUXBT,7,15,1,0.17,7.155418,0.919759,1.349142,PRODPMWINCSOUT,0.692308,0.307692
0.3,1024,4,license_plate_bahnschrift.ttf,VJNKYFDZICRAQLPMWHGESOUXBT,7,15,0,0.255,8.763561,0.881116,1.10157,STISOANPMIECSOT,0.730769,0.269231
0.3,1024,4,license_plate_bahnschrift.ttf,VJNKYFDZICRAQLPMWHGESOUXBT,7,15,1,0.255,8.763561,0.881116,1.10157,PIMPCEOUADPMICSOT,0.769231,0.230769
0.4,1024,4,license_plate_bahnschrift.ttf,VJNKYFDZICRAQLPMWHGESOUXBT,7,15,0,0.34,10.119289,0.843436,0.953987,PTSOTADLPMNCCSSLO,0.807692,0.192308
0.4,1024,4,license_plate_bahnschrift.ttf,VJNKYFDZICRAQLPMWHGESOUXBT,7,15,1,0.34,10.119289,0.843436,0.953987,EIMICSOUALPAOSLOT,0.807692,0.192308
0.5,1024,4,license_plate_bahnschrift.ttf,VJNKYFDZICRAQLPMWHGESOUXBT,7,15,0,0.425,11.313708,0.8067,0.853272,SPRTCEOUALYMNCESLOT,0.769231,0.230769
0.5,1024,4,license_plate_bahnschrift.ttf,VJNKYFDZICRAQLPMWHGESOUXBT,7,15,1,0.425,11.313708,0.8067,0.853272,PTCEOLADPPMESLOT,0.769231,0.230769
0.6,1024,4,license_plate_bahnschrift.ttf,VJNKYFDZICRAQLPMWHGESOUXBT,7,15,0,0.51,12.393547,0.770893,0.778927,SITS,0.923077,0.076923
0.6,1024,4,license_plate_bahnschrift.ttf,VJNKYFDZICRAQLPMWHGESOUXBT,7,15,1,0.51,12.393547,0.770893,0.778927,WIMITOSOLADLPRANESLOT,0.769231,0.230769
0.7,1024,4,license_plate_bahnschrift.ttf,VJNKYFDZICRAQLPMWHGESOUXBT,7,15,0,0.595,13.38656,0.735998,0.721147,CNNITOSOLARLIYMIECSIWDT,0.807692,0.192308
0.7,1024,4,license_plate_bahnschrift.ttf,VJNKYFDZICRAQLPMWHGESOUXBT,7,15,1,0.595,13.38656,0.735998,0.721147,SCITCOOTADPMMNICSLOT,0.807692,0.192308
0.8,1024,4,license_plate_bahnschrift.ttf,VJNKYFDZICRAQLPMWHGESOUXBT,7,15,0,0.68,14.310835,0.701998,0.674571,WINNITOOOLADLPMANCESOLOT,0.653846,0.346154
0.8,1024,4,license_plate_bahnschrift.ttf,VJNKYFDZICRAQLPMWHGESOUXBT,7,15,1,0.68,14.310835,0.701998,0.674571,WIMATPCOOLADLIPMMNIESOLOUT,0.730769,0.269231
0.9,1024,4,license_plate_bahnschrift.ttf,VJNKYFDZICRAQLPMWHGESOUXBT,7,15,0,0.765,15.178933,0.668877,0.635992,VINNITOSOUDLIYMNCSOUDT,0.730769,0.269231
0.9,1024,4,license_plate_bahnschrift.ttf,VJNKYFDZICRAQLPMWHGESOUXBT,7,15,1,0.765,15.178933,0.668877,0.635992,WINNTTOROLADLIMMNCSILODIT,0.807692,0.192308
1.0,1024,4,license_plate_bahnschrift.ttf,VJNKYFDZICRAQLPMWHGESOUXBT,7,15,0,0.85,16.0,0.63662,0.603355,TINKTPOCIOLADLPMMNGESOLWODT,0.576923,0.423077
1.0,1024,4,license_plate_bahnschrift.ttf,VJNKYFDZICRAQLPMWHGESOUXBT,7,15,1,0.85,16.0,0.63662,0.603355,WINATTOROUADLIMMNESOLODT,0.692308,0.307692
0.1,4096,4,license_plate_bahnschrift.ttf,VJNKYFDZICRAQLPMWHGESOUXBT,7,15,0,0.085,5.059644,0.959381,1.907975,SRTOTDWICOLT,0.807692,0.192308
0.1,4096,4,license_plate_bahnschrift.ttf,VJNKYFDZICRAQLPMWHGESOUXBT,7,15,1,0.085,5.059644,0.959381,1.907975,ROTDPWINLT,0.846154,0.153846
0.2,4096,4,license_plate_bahnschrift.ttf,VJNKYFDZICRAQLPMWHGESOUXBT,7,15,0,0.17,7.155418,0.919759,1.349142,OUDPWICSOUT,0.730769,0.269231
0.2,4096,4,license_plate_bahnschrift.ttf,VJNKYFDZICRAQLPMWHGESOUXBT,7,15,1,0.17,7.155418,0.919759,1.349142,BRITISOTADPWICSOLT,0.769231,0.230769
0.3,4096,4,license_plate_bahnschrift.ttf,VJNKYFDZICRAQLPMWHGESOUXBT,7,15,0,0.255,8.763561,0.881116,1.10157,PTSEOUDPMNCCSSOLT,0.769231,0.230769
0.3,4096,4,license_plate_bahnschrift.ttf,VJNKYFDZICRAQLPMWHGESOUXBT,7,15,1,0.255,8.763561,0.881116,1.10157,PITSSOUDPMICSIOT,0.846154,0.153846
0.4,4096,4,license_plate_bahnschrift.ttf,VJNKYFDZICRAQLPMWHGESOUXBT,7,15,0,0.34,10.119289,0.843436,0.953987,CPITSOTADPACSSLOT,0.846154,0.153846
0.4,4096,4,license_plate_bahnschrift.ttf,VJNKYFDZICRAQLPMWHGESOUXBT,7,15,1,0.34,10.119289,0.843436,0.953987,SIMITOSOUADLPANCSSLOT,0.807692,0.192308
0.5,4096,4,license_plate_bahnschrift.ttf,VJNKYFDZICRAQLPMWHGESOUXBT,7,15,0,0.425,11.313708,0.8067,0.853272,PATCEOVADLPPMNESLOT,0.769231,0.230769
0.5,4096,4,license_plate_bahnschrift.ttf,VJNKYFDZICRAQLPMWHGESOUXBT,7,15,1,0.425,11.313708,0.8067,0.853272,SIMITCEOLADPPMNCCSLOT,0.807692,0.192308
0.6,4096,4,license_plate_bahnschrift.ttf,VJNKYFDZICRAQLPMWHGESOUXBT,7,15,0,0.51,12.393547,0.770893,0.778927,SINISE,0.884615,0.115385
0.6,4096,4,license_plate_bahnschrift.ttf,VJNKYFDZICRAQLPMWHGESOUXBT,7,15,1,0.51,12.393547,0.770893,0.778927,WIMNITOEOTALPRANCSLOT,0.807692,0.192308
0.7,4096,4,license_plate_bahnschrift.ttf,VJNKYFDZICRAQLPMWHGESOUXBT,7,15,0,0.595,13.38656,0.735998,0.721147,WIMTOSOLADLPYMIESLOT,0.769231,0.230769
0.7,4096,4,license_plate_bahnschrift.ttf,VJNKYFDZICRAQLPMWHGESOUXBT,7,15,1,0.595,13.38656,0.735998,0.721147,CMITCEOLADLPYMNESLOT,0.769231,0.230769
0.8,4096,4,license_plate_bahnschrift.ttf,VJNKYFDZICRAQLPMWHGESOUXBT,7,15,0,0.68,14.310835,0.701998,0.674571,WIMTTCROLADLIPMMNESOLODT,0.730769,0.269231
0.8,4096,4,license_plate_bahnschrift.ttf,VJNKYFDZICRAQLPMWHGESOUXBT,7,15,1,0.68,14.310835,0.701998,0.674571,WINATPCUOTADLPRANSESOLONIT,0.730769,0.269231
0.9,4096,4,license_plate_bahnschrift.ttf,VJNKYFDZICRAQLPMWHGESOUXBT,7,15,0,0.765,15.178933,0.668877,0.635992,WINNTTOCDOUADLIYMNCCSOLWOT,0.769231,0.230769
0.9,4096,4,license_plate_bahnschrift.ttf,VJNKYFDZICRAQLPMWHGESOUXBT,7,15,1,0.765,15.178933,0.668877,0.635992,WINNTODOLADLPYMNCESOLODT,0.653846,0.346154
1.0,4096,4,license_plate_bahnschrift.ttf,VJNKYFDZICRAQLPMWHGESOUXBT,7,15,0,0.85,16.0,0.63662,0.603355,WINATPOCIOLADLPMMNSESOLONIT,0.653846,0.346154
1.0,4096,4,license_plate_bahnschrift.ttf,VJNKYFDZICRAQLPMWHGESOUXBT,7,15,1,0.85,16.0,0.63662,0.603355,WINATFOCOUADLIMMNSESOWOT,0.653846,0.346154
0.1,16384,4,license_plate_bahnschrift.ttf,VJNKYFDZICRAQLPMWHGESOUXBT,7,15,0,0.085,5.059644,0.959381,1.907975,ROTDPWICOT,0.807692,0.192308
0.1,16384,4,license_plate_bahnschrift.ttf,VJNKYFDZICRAQLPMWHGESOUXBT,7,15,1,0.085,5.059644,0.959381,1.907975,ROMDPWICST,0.807692,0.192308
0.2,16384,4,license_plate_bahnschrift.ttf,VJNKYFDZICRAQLPMWHGESOUXBT,7,15,0,0.17,7.155418,0.919759,1.349142,IOTADPWICSOLT,0.730769,0.269231
0.2,16384,4,license_plate_bahnschrift.ttf,VJNKYFDZICRAQLPMWHGESOUXBT,7,15,1,0.17,7.155418,0.919759,1.349142,RIIOTADPWICSOLT,0.730769,0.269231
0.3,16384,4,license_plate_bahnschrift.ttf,VJNKYFDZICRAQLPMWHGESOUXBT,7,15,0,0.255,8.763561,0.881116,1.10157,PITCSOUADPMNCSLOT,0.807692,0.192308
0.3,16384,4,license_plate_bahnschrift.ttf,VJNKYFDZICRAQLPMWHGESOUXBT,7,15,1,0.255,8.763561,0.881116,1.10157,HITSOTDPMICST,0.807692,0.192308
0.4,16384,4,license_plate_bahnschrift.ttf,VJNKYFDZICRAQLPMWHGESOUXBT,7,15,0,0.34,10.119289,0.843436,0.953987,EPITSOUADLPMANCSLOT,0.769231,0.230769
0.4,16384,4,license_plate_bahnschrift.ttf,VJNKYFDZICRAQLPMWHGESOUXBT,7,15,1,0.34,10.119289,0.843436,0.953987,EPITOSOUADLPATCSLOT,0.807692,0.192308
0.5,16384,4,license_plate_bahnschrift.ttf,VJNKYFDZICRAQLPMWHGESOUXBT,7,15,0,0.425,11.313708,0.8067,0.853272,CPTCEOUDLPPMNCSILOT,0.846154,0.153846
0.5,16384,4,license_plate_bahnschrift.ttf,VJNKYFDZICRAQLPMWHGESOUXBT,7,15,1,0.425,11.313708,0.8067,0.853272,CPITCEOVADPPMNESLOT,0.769231,0.230769
0.6,16384,4,license_plate_bahnschrift.ttf,VJNKYFDZICRAQLPMWHGESOUXBT,7,15,0,0.51,12.393547,0.770893,0.778927,WIMNITCEOTADLPMANESLOT,0.730769,0.269231
0.6,16384,4,license_plate_bahnschrift.ttf,VJNKYFDZICRAQLPMWHGESOUXBT,7,15,1,0.51,12.393547,0.770893,0.778927,SIMITOSOTADLPRANCCSLOT,0.807692,0.192308
0.7,16384,4,license_plate_bahnschrift.ttf,VJNKYFDZICRAQLPMWHGESOUXBT,7,15,0,0.595,13.38656,0.735998,0.721147,CIMITCEOLADLPPMNESLOT,0.769231,0.230769
0.7,16384,4,license_plate_bahnschrift.ttf,VJNKYFDZICRAQLPMWHGESOUXBT,7,15,1,0.595,13.38656,0.735998,0.721147,CPITCEOLADLPYMNIESOLODT,0.730769,0.269231
0.8,16384,4,license_plate_bahnschrift.ttf,VJNKYFDZICRAQLPMWHGESOUXBT,7,15,0,0.68,14.310835,0.701998,0.674571,WIMTTOROLADLIPMMNCESOLODT,0.730769,0.269231
0.8,16384,4,license_plate_bahnschrift.ttf,VJNKYFDZICRAQLPMWHGESOUXBT,7,15,1,0.68,14.310835,0.701998,0.674571,WIMATTCROLADLPMMNSESOLONT,0.692308,0.307692
0.9,16384,4,license_plate_bahnschrift.ttf,VJNKYFDZICRAQLPMWHGESOUXBT,7,15,0,0.765,15.178933,0.668877,0.635992,WINATTODOLAGLIYMNCSOLWODT,0.807692,0.192308
0.9,16384,4,license_plate_bahnschrift.ttf,VJNKYFDZICRAQLPMWHGESOUXBT,7,15,1,0.765,15.178933,0.668877,0.635992,WINNITODOUGLIYMNCSOUWT,0.769231,0.230769
1.0,16384,4,license_plate_bahnschrift.ttf,VJNKYFDZICRAQLPMWHGESOUXBT,7,15,0,0.85,16.0,0.63662,0.603355,WINATPOCIOLADLIMANSESOLWODT,0.692308,0.307692
1.0,16384,4,license_plate_bahnschrift.ttf,VJNKYFDZICRAQLPMWHGESOUXBT,7,15,1,0.85,16.0,0.63662,0.603355,WINATPOCIOLADLIMMNSESOWODT,0.653846,0.346154
0.1,65536,4,license_plate_bahnschrift.ttf,VJNKYFDZICRAQLPMWHGESOUXBT,7,15,0,0.085,5.059644,0.959381,1.907975,JROTDPWICOLT,0.769231,0.230769
0.1,65536,4,license_plate_bahnschrift.ttf,VJNKYFDZICRAQLPMWHGESOUXBT,7,15,1,0.085,5.059644,0.959381,1.907975,SROTDPWINCSOLT,0.769231,0.230769
0.2,65536,4,license_plate_bahnschrift.ttf,VJNKYFDZICRAQLPMWHGESOUXBT,7,15,0,0.17,7.155418,0.919759,1.349142,RLEOTADWICSSOLT,0.769231,0.230769
0.2,65536,4,license_plate_bahnschrift.ttf,VJNKYFDZICRAQLPMWHGESOUXBT,7,15,1,0.17,7.155418,0.919759,1.349142,HTOTDPWICT,0.846154,0.153846
0.3,65536,4,license_plate_bahnschrift.ttf,VJNKYFDZICRAQLPMWHGESOUXBT,7,15,0,0.255,8.763561,0.881116,1.10157,CITSSOTADPMNCCSOT,0.769231,0.230769
0.3,65536,4,license_plate_bahnschrift.ttf,VJNKYFDZICRAQLPMWHGESOUXBT,7,15,1,0.255,8.763561,0.881116,1.10157,TSEOUADPMNCCSSOUT,0.730769,0.269231
0.4,65536,4,license_plate_bahnschrift.ttf,VJNKYFDZICRAQLPMWHGESOUXBT,7,15,0,0.34,10.119289,0.843436,0.953987,EPITSOUDLPANCSLOT,0.846154,0.153846
0.4,65536,4,license_plate_bahnschrift.ttf,VJNKYFDZICRAQLPMWHGESOUXBT,7,15,1,0.34,10.119289,0.843436,0.953987,SPITSSOUADLPANCSILOT,0.807692,0.192308
0.5,65536,4,license_plate_bahnschrift.ttf,VJNKYFDZICRAQLPMWHGESOUXBT,7,15,0,0.425,11.313708,0.8067,0.853272,SEITCEOLADPPMICSLOT,0.807692,0.192308
0.5,65536,4,license_plate_bahnschrift.ttf,VJNKYFDZICRAQLPMWHGESOUXBT,7,15,1,0.425,11.313708,0.8067,0.853272,CPARTCEOUADPPMNCSLOT,0.807692,0.192308
0.6,65536,4,license_plate_bahnschrift.ttf,VJNKYFDZICRAQLPMWHGESOUXBT,7,15,0,0.51,12.393547,0.770893,0.778927,SINITCEOUADLPMANCCSLOT,0.730769,0.269231
0.6,65536,4,license_plate_bahnschrift.ttf,VJNKYFDZICRAQLPMWHGESOUXBT,7,15,1,0.51,12.393547,0.770893,0.778927,WIMITCEOUALPMANCSLOT,0.769231,0.230769
0.7,65536,4,license_plate_bahnschrift.ttf,VJNKYFDZICRAQLPMWHGESOUXBT,7,15,0,0.595,13.38656,0.735998,0.721147,CPTTCEOUADLPYMNESOLODT,0.730769,0.269231
0.7,65536,4,license_plate_bahnschrift.ttf,VJNKYFDZICRAQLPMWHGESOUXBT,7,15,1,0.595,13.38656,0.735998,0.721147,CPTCEOLADLPYMNESOLODT,0.730769,0.269231
0.8,65536,4,license_plate_bahnschrift.ttf,VJNKYFDZICRAQLPMWHGESOUXBT,7,15,0,0.68,14.310835,0.701998,0.674571,WIMTTOROLADLPMMNISESOLODT,0.730769,0.269231
0.8,65536,4,license_plate_bahnschrift.ttf,VJNKYFDZICRAQLPMWHGESOUXBT,7,15,1,0.68,14.310835,0.701998,0.674571,WIMATTOROLADLPMMNSESOLOUT,0.692308,0.307692
0.9,65536,4,license_plate_bahnschrift.ttf,VJNKYFDZICRAQLPMWHGESOUXBT,7,15,0,0.765,15.178933,0.668877,0.635992,WINATTODOLADLIYMNCCSOLODT,0.769231,0.230769
0.9,65536,4,license_plate_bahnschrift.ttf,VJNKYFDZICRAQLPMWHGESOUXBT,7,15,1,0.765,15.178933,0.668877,0.635992,WINATTOCOLADLIYMNCCSOLWOT,0.769231,0.230769
1.0,65536,4,license_plate_bahnschrift.ttf,VJNKYFDZICRAQLPMWHGESOUXBT,7,15,0,0.85,16.0,0.63662,0.603355,WINATPODIOLADLIMMNSESOLOT,0.653846,0.346154
1.0,65536,4,license_plate_bahnschrift.ttf,VJNKYFDZICRAQLPMWHGESOUXBT,7,15,1,0.85,16.0,0.63662,0.603355,WINATPODIOLADLIMMNSESOWODT,0.653846,0.346154
0.1,4,4,license_plate_bahnschrift.ttf,VJNKYFDZICRAQLPMWHGESOUXBT,11,0,0,0.085,5.059644,0.959381,1.907975,,1.0,0.0
0.1,4,4,license_plate_bahnschrift.ttf,VJNKYFDZICRAQLPMWHGESOUXBT,11,0,1,0.085,5.059644,0.959381,1.907975,BYAS,0.884615,0.115385
0.2,4,4,license_plate_bahnschrift.ttf,VJNKYFDZICRAQLPMWHGESOUXBT,11,0,0,0.17,7.155418,0.919759,1.349142,,1.0,0.0
0.2,4,4,license_plate_bahnschrift.ttf,VJNKYFDZICRAQLPMWHGESOUXBT,11,0,1,0.17,7.155418,0.919759,1.349142,NOE,0.923077,0.076923
0.3,4,4,license_plate_bahnschrift.ttf,VJNKYFDZICRAQLPMWHGESOUXBT,11,0,0,0.255,8.763561,0.881116,1.10157,,1.0,0.0
0.3,4,4,license_plate_bahnschrift.ttf,VJNKYFDZICRAQLPMWHGESOUXBT,11,0,1,0.255,8.763561,0.881116,1.10157,,1.0,0.0
0.4,4,4,license_plate_bahnschrift.ttf,VJNKYFDZICRAQLPMWHGESOUXBT,11,0,0,0.34,10.119289,0.843436,0.953987,ERSTE,0.923077,0.076923
0.4,4,4,license_plate_bahnschrift.ttf,VJNKYFDZICRAQLPMWHGESOUXBT,11,0,1,0.34,10.119289,0.843436,0.953987,FATES,0.846154,0.153846
0.5,4,4,license_plate_bahnschrift.ttf,VJNKYFDZICRAQLPMWHGESOUXBT,11,0,0,0.425,11.313708,0.8067,0.853272,,1.0,0.0
0.5,4,4,license_plate_bahnschrift.ttf,VJNKYFDZICRAQLPMWHGESOUXBT,11,0,1,0.425,11.313708,0.8067,0.853272,,1.0,0.0
0.6,4,4,license_plate_bahnschrift.ttf,VJNKYFDZICRAQLPMWHGESOUXBT,11,0,0,0.51,12.393547,0.770893,0.778927,NBP,0.923077,0.076923
0.6,4,4,license_plate_bahnschrift.ttf,VJNKYFDZICRAQLPMWHGESOUXBT,11,0,1,0.51,12.393547,0.770893,0.778927,,1.0,0.0
0.7,4,4,license_plate_bahnschrift.ttf,VJNKYFDZICRAQLPMWHGESOUXBT,11,0,0,0.595,13.38656,0.735998,0.721147,SRENEAERROE,0.923077,0.076923
0.7,4,4,license_plate_bahnschrift.ttf,VJNKYFDZICRAQLPMWHGESOUXBT,11,0,1,0.595,13.38656,0.735998,0.721147,ETC,0.961538,0.038462
0.8,4,4,license_plate_bahnschrift.ttf,VJNKYFDZICRAQLPMWHGESOUXBT,11,0,0,0.68,14.310835,0.701998,0.674571,,1.0,0.0
0.8,4,4,license_plate_bahnschrift.ttf,VJNKYFDZICRAQLPMWHGESOUXBT,11,0,1,0.68,14.310835,0.701998,0.674571,HEMT,0.884615,0.115385
0.9,4,4,license_plate_bahnschrift.ttf,VJNKYFDZICRAQLPMWHGESOUXBT,11,0,0,0.765,15.178933,0.668877,0.635992,BPE,0.923077,0.076923
0.9,4,4,license_plate_bahnschrift.ttf,VJNKYFDZICRAQLPMWHGESOUXBT,11,0,1,0.765,15.178933,0.668877,0.635992,,1.0,0.0
1.0,4,4,license_plate_bahnschrift.ttf,VJNKYFDZICRAQLPMWHGESOUXBT,11,0,0,0.85,16.0,0.63662,0.603355,,1.0,0.0
1.0,4,4,license_plate_bahnschrift.ttf,VJNKYFDZICRAQLPMWHGESOUXBT,11,0,1,0.85,16.0,0.63662,0.603355,,1.0,0.0
0.1,16,4,license_plate_bahnschrift.ttf,VJNKYFDZICRAQLPMWHGESOUXBT,11,0,0,0.085,5.059644,0.959381,1.907975,RW,0.923077,0.076923
0.1,16,4,license_plate_bahnschrift.ttf,VJNKYFDZICRAQLPMWHGESOUXBT,11,0,1,0.085,5.059644,0.959381,1.907975,,1.0,0.0
0.2,16,4,license_plate_bahnschrift.ttf,VJNKYFDZICRAQLPMWHGESOUXBT,11,0,0,0.17,7.155418,0.919759,1.349142,,1.0,0.0
0.2,16,4,license_plate_bahnschrift.ttf,VJNKYFDZICRAQLPMWHGESOUXBT,11,0,1,0.17,7.155418,0.919759,1.349142,EE,0.961538,0.038462
0.3,16,4,license_plate_bahnschrift.ttf,VJNKYFDZICRAQLPMWHGESOUXBT,11,0,0,0.255,8.763561,0.881116,1.10157,YLEETRRARATERYRTN,0.846154,0.153846
0.3,16,4,license_plate_bahnschrift.ttf,VJNKYFDZICRAQLPMWHGESOUXBT,11,0,1,0.255,8.763561,0.881116,1.10157,,1.0,0.0
0.4,16,4,license_plate_bahnschrift.ttf,VJNKYFDZICRAQLPMWHGESOUXBT,11,0,0,0.34,10.119289,0.843436,0.953987,FFHNG,0.923077,0.076923
0.4,16,4,license_plate_bahnschrift.ttf,VJNKYFDZICRAQLPMWHGESOUXBT,11,0,1,0.34,10.119289,0.843436,0.953987,,1.0,0.0
0.5,16,4,license_plate_bahnschrift.ttf,VJNKYFDZICRAQLPMWHGESOUXBT,11,0,0,0.425,11.313708,0.8067,0.853272,,1.0,0.0
0.5,16,4,license_plate_bahnschrift.ttf,VJNKYFDZICRAQLPMWHGESOUXBT,11,0,1,0.425,11.313708,0.8067,0.853272,,1.0,0.0
0.6,16,4,license_plate_bahnschrift.ttf,VJNKYFDZICRAQLPMWHGESOUXBT,11,0,0,0.51,12.393547,0.770893,0.778927,,1.0,0.0
0.6,16,4,license_plate_bahnschrift.ttf,VJNKYFDZICRAQLPMWHGESOUXBT,11,0,1,0.51,12.393547,0.770893,0.778927,,1.0,0.0
0.7,16,4,license_plate_bahnschrift.ttf,VJNKYFDZICRAQLPMWHGESOUXBT,11,0,0,0.595,13.38656,0.735998,0.721147,,1.0,0.0
0.7,16,4,license_plate_bahnschrift.ttf,VJNKYFDZICRAQLPMWHGESOUXBT,11,0,1,0.595,13.38656,0.735998,0.721147,,1.0,0.0
0.8,16,4,license_plate_bahnschrift.ttf,VJNKYFDZICRAQLPMWHGESOUXBT,11,0,0,0.68,14.310835,0.701998,0.674571,,1.0,0.0
0.8,16,4,license_plate_bahnschrift.ttf,VJNKYFDZICRAQLPMWHGESOUXBT,11,0,1,0.68,14.310835,0.701998,0.674571,,1.0,0.0
0.9,16,4,license_plate_bahnschrift.ttf,VJNKYFDZICRAQLPMWHGESOUXBT,11,0,0,0.765,15.178933,0.668877,0.635992,,1.0,0.0
0.9,16,4,license_plate_bahnschrift.ttf,VJNKYFDZICRAQLPMWHGESOUXBT,11,0,1,0.765,15.178933,0.668877,0.635992,,1.0,0.0
1.0,16,4,license_plate_bahnschrift.ttf,VJNKYFDZICRAQLPMWHGESOUXBT,11,0,0,0.85,16.0,0.63662,0.603355,,1.0,0.0
1.0,16,4,license_plate_bahnschrift.ttf,VJNKYFDZICRAQLPMWHGESOUXBT,11,0,1,0.85,16.0,0.63662,0.603355,,1.0,0.0
0.1,64,4,license_plate_bahnschrift.ttf,VJNKYFDZICRAQLPMWHGESOUXBT,11,0,0,0.085,5.059644,0.959381,1.907975,,1.0,0.0
0.1,64,4,license_plate_bahnschrift.ttf,VJNKYFDZICRAQLPMWHGESOUXBT,11,0,1,0.085,5.059644,0.959381,1.907975,,1.0,0.0
0.2,64,4,license_plate_bahnschrift.ttf,VJNKYFDZICRAQLPMWHGESOUXBT,11,0,0,0.17,7.155418,0.919759,1.349142,NMRSL,0.884615,0.115385
0.2,64,4,license_plate_bahnschrift.ttf,VJNKYFDZICRAQLPMWHGESOUXBT,11,0,1,0.17,7.155418,0.919759,1.349142,SSSR,0.961538,0.038462
0.3,64,4,license_plate_bahnschrift.ttf,VJNKYFDZICRAQLPMWHGESOUXBT,11,0,0,0.255,8.763561,0.881116,1.10157,,1.0,0.0
0.3,64,4,license_plate_bahnschrift.ttf,VJNKYFDZICRAQLPMWHGESOUXBT,11,0,1,0.255,8.763561,0.881116,1.10157,,1.0,0.0
0.4,64,4,license_plate_bahnschrift.ttf,VJNKYFDZICRAQLPMWHGESOUXBT,11,0,0,0.34,10.119289,0.843436,0.953987,,1.0,0.0
0.4,64,4,license_plate_bahnschrift.ttf,VJNKYFDZICRAQLPMWHGESOUXBT,11,0,1,0.34,10.119289,0.843436,0.953987,,1.0,0.0
0.5,64,4,license_plate_bahnschrift.ttf,VJNKYFDZICRAQLPMWHGESOUXBT,11,0,0,0.425,11.313708,0.8067,0.853272,,1.0,0.0
0.5,64,4,license_plate_bahnschrift.ttf,VJNKYFDZICRAQLPMWHGESOUXBT,11,0,1,0.425,11.313708,0.8067,0.853272,,1.0,0.0
0.6,64,4,license_plate_bahnschrift.ttf,VJNKYFDZICRAQLPMWHGESOUXBT,11,0,0,0.51,12.393547,0.770893,0.778927,VPRRILEHOANCOSUKTT,0.807692,0.192308
0.6,64,4,license_plate_bahnschrift.ttf,VJNKYFDZICRAQLPMWHGESOUXBT,11,0,1,0.51,12.393547,0.770893,0.778927,,1.0,0.0
0.7,64,4,license_plate_bahnschrift.ttf,VJNKYFDZICRAQLPMWHGESOUXBT,11,0,0,0.595,13.38656,0.735998,0.721147,,1.0,0.0
0.7,64,4,license_plate_bahnschrift.ttf,VJNKYFDZICRAQLPMWHGESOUXBT,11,0,1,0.595,13.38656,0.735998,0.721147,,1.0,0.0
0.8,64,4,license_plate_bahnschrift.ttf,VJNKYFDZICRAQLPMWHGESOUXBT,11,0,0,0.68,14.310835,0.701998,0.674571,,1.0,0.0
0.8,64,4,license_plate_bahnschrift.ttf,VJNKYFDZICRAQLPMWHGESOUXBT,11,0,1,0.68,14.310835,0.701998,0.674571,,1.0,0.0
0.9,64,4,license_plate_bahnschrift.ttf,VJNKYFDZICRAQLPMWHGESOUXBT,11,0,0,0.765,15.178933,0.668877,0.635992,DERNILPEANESDUEST,0.692308,0.307692
0.9,64,4,license_plate_bahnschrift.ttf,VJNKYFDZICRAQLPMWHGESOUXBT,11,0,1,0.765,15.178933,0.668877,0.635992,,1.0,0.0
1.0,64,4,license_plate_bahnschrift.ttf,VJNKYFDZICRAQLPMWHGESOUXBT,11,0,0,0.85,16.0,0.63662,0.603355,,1.0,0.0
1.0,64,4,license_plate_bahnschrift.ttf,VJNKYFDZICRAQLPMWHGESOUXBT,11,0,1,0.85,16.0,0.63662,0.603355,,1.0,0.0
0.1,256,4,license_plate_bahnschrift.ttf,VJNKYFDZICRAQLPMWHGESOUXBT,11,0,0,0.085,5.059644,0.959381,1.907975,,1.0,0.0
0.1,256,4,license_plate_bahnschrift.ttf,VJNKYFDZICRAQLPMWHGESOUXBT,11,0,1,0.085,5.059644,0.959381,1.907975,,1.0,0.0
0.2,256,4,license_plate_bahnschrift.ttf,VJNKYFDZICRAQLPMWHGESOUXBT,11,0,0,0.17,7.155418,0.919759,1.349142,OKTRALMRMISCISUS,0.769231,0.230769
0.2,256,4,license_plate_bahnschrift.ttf,VJNKYFDZICRAQLPMWHGESOUXBT,11,0,1,0.17,7.155418,0.919759,1.349142,SISSOKTLPEEMITUS,0.884615,0.115385
0.3,256,4,license_plate_bahnschrift.ttf,VJNKYFDZICRAQLPMWHGESOUXBT,11,0,0,0.255,8.763561,0.881116,1.10157,VISSTORSCLPPPATISOSOUS,0.769231,0.230769
0.3,256,4,license_plate_bahnschrift.ttf,VJNKYFDZICRAQLPMWHGESOUXBT,11,0,1,0.255,8.763561,0.881116,1.10157,ODT,0.923077,0.076923
0.4,256,4,license_plate_bahnschrift.ttf,VJNKYFDZICRAQLPMWHGESOUXBT,11,0,0,0.34,10.119289,0.843436,0.953987,VIMESTDOITRACLPREATIECSUC,0.692308,0.307692
0.4,256,4,license_plate_bahnschrift.ttf,VJNKYFDZICRAQLPMWHGESOUXBT,11,0,1,0.34,10.119289,0.843436,0.953987,VIMECTOORPAULPATSOSTUS,0.769231,0.230769
0.5,256,4,license_plate_bahnschrift.ttf,VJNKYFDZICRAQLPMWHGESOUXBT,11,0,0,0.425,11.313708,0.8067,0.853272,WIMSTDUAOLPMATIZOE,0.769231,0.230769
0.5,256,4,license_plate_bahnschrift.ttf,VJNKYFDZICRAQLPMWHGESOUXBT,11,0,1,0.425,11.313708,0.8067,0.853272,VIMNTSUEALEPAATOCSIUNST,0.769231,0.230769
0.6,256,4,license_plate_bahnschrift.ttf,VJNKYFDZICRAQLPMWHGESOUXBT,11,0,0,0.51,12.393547,0.770893,0.778927,VIMNTODDCEAGLPMEATCCSOUS,0.653846,0.346154
0.6,256,4,license_plate_bahnschrift.ttf,VJNKYFDZICRAQLPMWHGESOUXBT,11,0,1,0.51,12.393547,0.770893,0.778927,VIMSTIREBAGLPYATIECSUE,0.769231,0.230769
0.7,256,4,license_plate_bahnschrift.ttf,VJNKYFDZICRAQLPMWHGESOUXBT,11,0,0,0.595,13.38656,0.735998,0.721147,VIMSTIREAILPTATCCSOUS,0.692308,0.307692
0.7,256,4,license_plate_bahnschrift.ttf,VJNKYFDZICRAQLPMWHGESOUXBT,11,0,1,0.595,13.38656,0.735998,0.721147,VIMNSTIREBAGLPTANOCSCUT,0.730769,0.269231
0.8,256,4,license_plate_bahnschrift.ttf,VJNKYFDZICRAQLPMWHGESOUXBT,11,0,0,0.68,14.310835,0.701998,0.674571,VIMESTICICEAGLPYTATITCSCUET,0.730769,0.269231
0.8,256,4,license_plate_bahnschrift.ttf,VJNKYFDZICRAQLPMWHGESOUXBT,11,0,1,0.68,14.310835,0.701998,0.674571,VIMETICICRAGLPMANCCSOUCST,0.538462,0.461538
0.9,256,4,license_plate_bahnschrift.ttf,VJNKYFDZICRAQLPMWHGESOUXBT,11,0,0,0.765,15.178933,0.668877,0.635992,VINCTTDOCRAILPPTANTESOUET,0.538462,0.461538
0.9,256,4,license_plate_bahnschrift.ttf,VJNKYFDZICRAQLPMWHGESOUXBT,11,0,1,0.765,15.178933,0.668877,0.635992,VIMACPTOCICRATLPMANDCSOLIST,0.615385,0.384615
1.0,256,4,license_plate_bahnschrift.ttf,VJNKYFDZICRAQLPMWHGESOUXBT,11,0,0,0.85,16.0,0.63662,0.603355,VIMENFDEICRAGLPMAHELSOLIESS,0.538462,0.461538
1.0,256,4,license_plate_bahnschrift.ttf,VJNKYFDZICRAQLPMWHGESOUXBT,11,0,1,0.85,16.0,0.63662,0.603355,VIMESTDCICPAOLPTANCOSOUST,0.576923,0.423077
0.1,1024,4,license_plate_bahnschrift.ttf,VJNKYFDZICRAQLPMWHGESOUXBT,11,0,0,0.085,5.059644,0.959381,1.907975,VSORCLACS,0.846154,0.153846
0.1,1024,4,license_plate_bahnschrift.ttf,VJNKYFDZICRAQLPMWHGESOUXBT,11,0,1,0.085,5.059644,0.959381,1.907975,WERALPCU,0.807692,0.192308
0.2,1024,4,license_plate_bahnschrift.ttf,VJNKYFDZICRAQLPMWHGESOUXBT,11,0,0,0.17,7.155418,0.919759,1.349142,VJSOOPACLPEATIOCSSU,0.769231,0.230769
0.2,1024,4,license_plate_bahnschrift.ttf,VJNKYFDZICRAQLPMWHGESOUXBT,11,0,1,0.17,7.155418,0.919759,1.349142,VJERACLPATISCSU,0.692308,0.307692
0.3,1024,4,license_plate_bahnschrift.ttf,VJNKYFDZICRAQLPMWHGESOUXBT,11,0,0,0.255,8.763561,0.881116,1.10157,VIMSTOSSACLPRPATIOCSOUS,0.769231,0.230769
0.3,1024,4,license_plate_bahnschrift.ttf,VJNKYFDZICRAQLPMWHGESOUXBT,11,0,1,0.255,8.763561,0.881116,1.10157,VIJMSOOEALPTSCSOUS,0.730769,0.269231
0.4,1024,4,license_plate_bahnschrift.ttf,VJNKYFDZICRAQLPMWHGESOUXBT,11,0,0,0.34,10.119289,0.843436,0.953987,VIJMSFOCDSRALPATICSOUS,0.653846,0.346154
0.4,1024,4,license_plate_bahnschrift.ttf,VJNKYFDZICRAQLPMWHGESOUXBT,11,0,1,0.34,10.119289,0.843436,0.953987,VIMSTOOREACLPAATDCSIUNS,0.769231,0.230769
0.5,1024,4,license_plate_bahnschrift.ttf,VJNKYFDZICRAQLPMWHGESOUXBT,11,0,0,0.425,11.313708,0.8067,0.853272,VIMSTOORRACLPATICCSOUNS,0.692308,0.307692
0.5,1024,4,license_plate_bahnschrift.ttf,VJNKYFDZICRAQLPMWHGESOUXBT,11,0,1,0.425,11.313708,0.8067,0.853272,VIMSTODEAOLPTATCCSOUST,0.653846,0.346154
0.6,1024,4,license_plate_bahnschrift.ttf,VJNKYFDZICRAQLPMWHGESOUXBT,11,0,0,0.51,12.393547,0.770893,0.778927,VIMCSTOORACLPAATCOSOUS,0.692308,0.307692
0.6,1024,4,license_plate_bahnschrift.ttf,VJNKYFDZICRAQLPMWHGESOUXBT,11,0,1,0.51,12.393547,0.770893,0.778927,VIMSTDCEAOLPANCCSOUS,0.653846,0.346154
0.7,1024,4,license_plate_bahnschrift.ttf,VJNKYFDZICRAQLPMWHGESOUXBT,11,0,0,0.595,13.38656,0.735998,0.721147,VIMNETDOEAOLPRTANECSOUST,0.653846,0.346154
0.7,1024,4,license_plate_bahnschrift.ttf,VJNKYFDZICRAQLPMWHGESOUXBT,11,0,1,0.595,13.38656,0.735998,0.721147,VIMSSTDORAOLPAANICSOUST,0.615385,0.384615
0.8,1024,4,license_plate_bahnschrift.ttf,VJNKYFDZICRAQLPMWHGESOUXBT,11,0,0,0.68,14.310835,0.701998,0.674571,VIMNTTCOREAULPRTANCCSOUCST,0.730769,0.269231
0.8,1024,4,license_plate_bahnschrift.ttf,VJNKYFDZICRAQLPMWHGESOUXBT,11,0,1,0.68,14.310835,0.701998,0.674571,VIMESTDORRAOLPRTATICCSOUCST,0.692308,0.307692
0.9,1024,4,license_plate_bahnschrift.ttf,VJNKYFDZICRAQLPMWHGESOUXBT,11,0,0,0.765,15.178933,0.668877,0.635992,VIMSFTIOICEAILPRTAWECSOUET,0.615385,0.384615
0.9,1024,4,license_plate_bahnschrift.ttf,VJNKYFDZICRAQLPMWHGESOUXBT,11,0,1,0.765,15.178933,0.668877,0.635992,VIMATDOICEAOLPAANECSOUET,0.576923,0.423077
1.0,1024,4,license_plate_bahnschrift.ttf,VJNKYFDZICRAQLPMWHGESOUXBT,11,0,0,0.85,16.0,0.63662,0.603355,VIMETTIDICEAGLPMTANECSOUICST,0.615385,0.384615
1.0,1024,4,license_plate_bahnschrift.ttf,VJNKYFDZICRAQLPMWHGESOUXBT,11,0,1,0.85,16.0,0.63662,0.603355,VIMETFICIEAULPMANCCSOUET,0.576923,0.423077
0.1,4096,4,license_plate_bahnschrift.ttf,VJNKYFDZICRAQLPMWHGESOUXBT,11,0,0,0.085,5.059644,0.959381,1.907975,VDSLPCSUS,0.769231,0.230769
0.1,4096,4,license_plate_bahnschrift.ttf,VJNKYFDZICRAQLPMWHGESOUXBT,11,0,1,0.085,5.059644,0.959381,1.907975,VJSOLPETICSU,0.769231,0.230769
0.2,4096,4,license_plate_bahnschrift.ttf,VJNKYFDZICRAQLPMWHGESOUXBT,11,0,0,0.17,7.155418,0.919759,1.349142,VJOOALPEATICSU,0.730769,0.269231
0.2,4096,4,license_plate_bahnschrift.ttf,VJNKYFDZICRAQLPMWHGESOUXBT,11,0,1,0.17,7.155418,0.919759,1.349142,VJDORACLPPEATISCSTUS,0.692308,0.307692
0.3,4096,4,license_plate_bahnschrift.ttf,VJNKYFDZICRAQLPMWHGESOUXBT,11,0,0,0.255,8.763561,0.881116,1.10157,VIMSTDOSALPATISCSOUS,0.692308,0.307692
0.3,4096,4,license_plate_bahnschrift.ttf,VJNKYFDZICRAQLPMWHGESOUXBT,11,0,1,0.255,8.763561,0.881116,1.10157,VIMSDOEACLPATISCSOUS,0.692308,0.307692
0.4,4096,4,license_plate_bahnschrift.ttf,VJNKYFDZICRAQLPMWHGESOUXBT,11,0,0,0.34,10.119289,0.843436,0.953987,VIMSTDORRACLPMATOCSOUS,0.615385,0.384615
0.4,4096,4,license_plate_bahnschrift.ttf,VJNKYFDZICRAQLPMWHGESOUXBT,11,0,1,0.34,10.119289,0.843436,0.953987,VIMSTDORRAOLPATOCSOUS,0.653846,0.346154
0.5,4096,4,license_plate_bahnschrift.ttf,VJNKYFDZICRAQLPMWHGESOUXBT,11,0,0,0.425,11.313708,0.8067,0.853272,VIMSTDOEACLPATOCSOUNCS,0.692308,0.307692
0.5,4096,4,license_plate_bahnschrift.ttf,VJNKYFDZICRAQLPMWHGESOUXBT,11,0,1,0.425,11.313708,0.8067,0.853272,VJMETOORACLPTATSCSOUS,0.653846,0.346154
0.6,4096,4,license_plate_bahnschrift.ttf,VJNKYFDZICRAQLPMWHGESOUXBT,11,0,0,0.51,12.393547,0.770893,0.778927,VIMSTDCIRAOLPAATCCSOUS,0.615385,0.384615
0.6,4096,4,license_plate_bahnschrift.ttf,VJNKYFDZICRAQLPMWHGESOUXBT,11,0,1,0.51,12.393547,0.770893,0.778927,VIMSTDORBAOLPAANCCSOUS,0.692308,0.307692
0.7,4096,4,license_plate_bahnschrift.ttf,VJNKYFDZICRAQLPMWHGESOUXBT,11,0,0,0.595,13.38656,0.735998,0.721147,VIMNETOOEAGLPAANCCSOUST,0.692308,0.307692
0.7,4096,4,license_plate_bahnschrift.ttf,VJNKYFDZICRAQLPMWHGESOUXBT,11,0,1,0.595,13.38656,0.735998,0.721147,VIMNSTOOICEAOLPANCCSOUS,0.653846,0.346154
0.8,4096,4,license_plate_bahnschrift.ttf,VJNKYFDZICRAQLPMWHGESOUXBT,11,0,0,0.68,14.310835,0.701998,0.674571,VIMATTICREAOLPRAWCCSOUCET,0.615385,0.384615
0.8,4096,4,license_plate_bahnschrift.ttf,VJNKYFDZICRAQLPMWHGESOUXBT,11,0,1,0.68,14.310835,0.701998,0.674571,VIMASTOCICRAOLPAANCCSOUST,0.576923,0.423077
0.9,4096,4,license_plate_bahnschrift.ttf,VJNKYFDZICRAQLPMWHGESOUXBT,11,0,0,0.765,15.178933,0.668877,0.635992,VIMAFTICICEAGLPRTANECSOUST,0.615385,0.384615
0.9,4096,4,license_plate_bahnschrift.ttf,VJNKYFDZICRAQLPMWHGESOUXBT,11,0,1,0.765,15.178933,0.668877,0.635992,VIMETODICEAULPRTANICCSOUET,0.653846,0.346154
1.0,4096,4,license_plate_bahnschrift.ttf,VJNKYFDZICRAQLPMWHGESOUXBT,11,0,0,0.85,16.0,0.63662,0.603355,VIMEETDCICEAGLPANCOSOUIOST,0.615385,0.384615
1.0,4096,4,license_plate_bahnschrift.ttf,VJNKYFDZICRAQLPMWHGESOUXBT,11,0,1,0.85,16.0,0.63662,0.603355,VIMATTIQICRAGLPATANECSOUOST,0.576923,0.423077
0.1,16384,4,license_plate_bahnschrift.ttf,VJNKYFDZICRAQLPMWHGESOUXBT,11,0,0,0.085,5.059644,0.959381,1.907975,VJRLPPTCSU,0.730769,0.269231
0.1,16384,4,license_plate_bahnschrift.ttf,VJNKYFDZICRAQLPMWHGESOUXBT,11,0,1,0.085,5.059644,0.959381,1.907975,VEOLPTCSSU,0.807692,0.192308
0.2,16384,4,license_plate_bahnschrift.ttf,VJNKYFDZICRAQLPMWHGESOUXBT,11,0,0,0.17,7.155418,0.919759,1.349142,VJDORALPPTICSSU,0.653846,0.346154
0.2,16384,4,license_plate_bahnschrift.ttf,VJNKYFDZICRAQLPMWHGESOUXBT,11,0,1,0.17,7.155418,0.919759,1.349142,VJSOORACLPATISCSU,0.692308,0.307692
0.3,16384,4,license_plate_bahnschrift.ttf,VJNKYFDZICRAQLPMWHGESOUXBT,11,0,0,0.255,8.763561,0.881116,1.10157,VJMSTOSRSACLPAATISCSOUS,0.730769,0.269231
0.3,16384,4,license_plate_bahnschrift.ttf,VJNKYFDZICRAQLPMWHGESOUXBT,11,0,1,0.255,8.763561,0.881116,1.10157,VJMSTOOEALPATISCSOUS,0.692308,0.307692
0.4,16384,4,license_plate_bahnschrift.ttf,VJNKYFDZICRAQLPMWHGESOUXBT,11,0,0,0.34,10.119289,0.843436,0.953987,VIMSTDORACLPAATOCSOU,0.653846,0.346154
0.4,16384,4,license_plate_bahnschrift.ttf,VJNKYFDZICRAQLPMWHGESOUXBT,11,0,1,0.34,10.119289,0.843436,0.953987,VIMSTDORRACLPAATOCSOU,0.653846,0.346154
0.5,16384,4,license_plate_bahnschrift.ttf,VJNKYFDZICRAQLPMWHGESOUXBT,11,0,0,0.425,11.313708,0.8067,0.853272,VIMSTDOEAOLPTATOCSOUNRS,0.692308,0.307692
0.5,16384,4,license_plate_bahnschrift.ttf,VJNKYFDZICRAQLPMWHGESOUXBT,11,0,1,0.425,11.313708,0.8067,0.853272,VIMSTOOBACLPTATOCSOUNS,0.730769,0.269231
0.6,16384,4,license_plate_bahnschrift.ttf,VJNKYFDZICRAQLPMWHGESOUXBT,11,0,0,0.51,12.393547,0.770893,0.778927,VIMSTDORAOLPATCCSOUS,0.653846,0.346154
0.6,16384,4,license_plate_bahnschrift.ttf,VJNKYFDZICRAQLPMWHGESOUXBT,11,0,1,0.51,12.393547,0.770893,0.778927,VIMSSTDORAGLPAANCCSOUS,0.653846,0.346154
0.7,16384,4,license_plate_bahnschrift.ttf,VJNKYFDZICRAQLPMWHGESOUXBT,11,0,0,0.595,13.38656,0.735998,0.721147,VIMATOOREAOLPATANCCSOUST,0.730769,0.269231
0.7,16384,4,license_plate_bahnschrift.ttf,VJNKYFDZICRAQLPMWHGESOUXBT,11,0,1,0.595,13.38656,0.735998,0.721147,VIMSTOOEAOLPRTANCCSOUST,0.730769,0.269231
0.8,16384,4,license_plate_bahnschrift.ttf,VJNKYFDZICRAQLPMWHGESOUXBT,11,0,0,0.68,14.310835,0.701998,0.674571,VIMETDOICEAILPTANCOSOUET,0.576923,0.423077
0.8,16384,4,license_plate_bahnschrift.ttf,VJNKYFDZICRAQLPMWHGESOUXBT,11,0,1,0.68,14.310835,0.701998,0.674571,VIMATICIEAOLPRAWCCSOUST,0.653846,0.346154
0.9,16384,4,license_plate_bahnschrift.ttf,VJNKYFDZICRAQLPMWHGESOUXBT,11,0,0,0.765,15.178933,0.668877,0.635992,VIMATTOCIEAILPRTANECSOUET,0.653846,0.346154
0.9,16384,4,license_plate_bahnschrift.ttf,VJNKYFDZICRAQLPMWHGESOUXBT,11,0,1,0.765,15.178933,0.668877,0.635992,VIMEETDDICEAULPMTANCOSOUCET,0.576923,0.423077
1.0,16384,4,license_plate_bahnschrift.ttf,VJNKYFDZICRAQLPMWHGESOUXBT,11,0,0,0.85,16.0,0.63662,0.603355,VIMEETIDICEAULPTANECSOUICET,0.653846,0.346154
1.0,16384,4,license_plate_bahnschrift.ttf,VJNKYFDZICRAQLPMWHGESOUXBT,11,0,1,0.85,16.0,0.63662,0.603355,VIMETTICICRAULPRTAWCCSOUET,0.615385,0.384615
0.1,65536,4,license_plate_bahnschrift.ttf,VJNKYFDZICRAQLPMWHGESOUXBT,11,0,0,0.085,5.059644,0.959381,1.907975,VALPPTCSU,0.769231,0.230769
0.1,65536,4,license_plate_bahnschrift.ttf,VJNKYFDZICRAQLPMWHGESOUXBT,11,0,1,0.085,5.059644,0.959381,1.907975,VJSLPCSU,0.769231,0.230769
0.2,65536,4,license_plate_bahnschrift.ttf,VJNKYFDZICRAQLPMWHGESOUXBT,11,0,0,0.17,7.155418,0.919759,1.349142,VJSDORALPPTICSU,0.653846,0.346154
0.2,65536,4,license_plate_bahnschrift.ttf,VJNKYFDZICRAQLPMWHGESOUXBT,11,0,1,0.17,7.155418,0.919759,1.349142,VJDORALPPATICSU,0.653846,0.346154
0.3,65536,4,license_plate_bahnschrift.ttf,VJNKYFDZICRAQLPMWHGESOUXBT,11,0,0,0.255,8.763561,0.881116,1.10157,VJMSTOOREACLPATISCSOUS,0.692308,0.307692
0.3,65536,4,license_plate_bahnschrift.ttf,VJNKYFDZICRAQLPMWHGESOUXBT,11,0,1,0.255,8.763561,0.881116,1.10157,VIJMSTOORSACLPATISCSOUS,0.730769,0.269231
0.4,65536,4,license_plate_bahnschrift.ttf,VJNKYFDZICRAQLPMWHGESOUXBT,11,0,0,0.34,10.119289,0.843436,0.953987,VIJMSTDORRACLPAATOCSOUS,0.653846,0.346154
0.4,65536,4,license_plate_bahnschrift.ttf,VJNKYFDZICRAQLPMWHGESOUXBT,11,0,1,0.34,10.119289,0.843436,0.953987,VIMSTDORRACLPAATOCSOU,0.653846,0.346154
0.5,65536,4,license_plate_bahnschrift.ttf,VJNKYFDZICRAQLPMWHGESOUXBT,11,0,0,0.425,11.313708,0.8067,0.853272,VIMSTOOEAOLPTATOCSOUNST,0.692308,0.307692
0.5,65536,4,license_plate_bahnschrift.ttf,VJNKYFDZICRAQLPMWHGESOUXBT,11,0,1,0.425,11.313708,0.8067,0.853272,VJMSTDORAOLPTATOCSOUST,0.576923,0.423077
0.6,65536,4,license_plate_bahnschrift.ttf,VJNKYFDZICRAQLPMWHGESOUXBT,11,0,0,0.51,12.393547,0.770893,0.778927,VIMSTDORAOLPATCCSOUS,0.653846,0.346154
0.6,65536,4,license_plate_bahnschrift.ttf,VJNKYFDZICRAQLPMWHGESOUXBT,11,0,1,0.51,12.393547,0.770893,0.778927,VIMSTDORAOLPAATCCSOUS,0.653846,0.346154
0.7,65536,4,license_plate_bahnschrift.ttf,VJNKYFDZICRAQLPMWHGESOUXBT,11,0,0,0.595,13.38656,0.735998,0.721147,VIMSTDOEAOLPTANCCSOUET,0.653846,0.346154
0.7,65536,4,license_plate_bahnschrift.ttf,VJNKYFDZICRAQLPMWHGESOUXBT,11,0,1,0.595,13.38656,0.735998,0.721147,VIMNTDOEAOLPTANCCSOUET,0.653846,0.346154
0.8,65536,4,license_plate_bahnschrift.ttf,VJNKYFDZICRAQLPMWHGESOUXBT,11,0,0,0.68,14.310835,0.701998,0.674571,VIMETDCIBEAOLPRTAWCCSOUET,0.653846,0.346154
0.8,65536,4,license_plate_bahnschrift.ttf,VJNKYFDZICRAQLPMWHGESOUXBT,11,0,1,0.68,14.310835,0.701998,0.674571,VIMETDDICBAILPTANCOCSOUET,0.615385,0.384615
0.9,65536,4,license_plate_bahnschrift.ttf,VJNKYFDZICRAQLPMWHGESOUXBT,11,0,0,0.765,15.178933,0.668877,0.635992,VIMAFTICICEAGLPRTANECSOUET,0.615385,0.384615
0.9,65536,4,license_plate_bahnschrift.ttf,VJNKYFDZICRAQLPMWHGESOUXBT,11,0,1,0.765,15.178933,0.668877,0.635992,VIMETDOICEAILPPTANECSOUICET,0.615385,0.384615
1.0,65536,4,license_plate_bahnschrift.ttf,VJNKYFDZICRAQLPMWHGESOUXBT,11,0,0,0.85,16.0,0.63662,0.603355,VIMCTTODICRAGLPTANCCSOLIOST,0.653846,0.346154
1.0,65536,4,license_plate_bahnschrift.ttf,VJNKYFDZICRAQLPMWHGESOUXBT,11,0,1,0.85,16.0,0.63662,0.603355,VIMCTTODICEAGLPTANECSOLIOST,0.692308,0.307692
0.1,4,4,license_plate_bahnschrift.ttf,VJNKYFDZICRAQLPMWHGESOUXBT,11,3,0,0.085,5.059644,0.959381,1.907975,,1.0,0.0
0.1,4,4,license_plate_bahnschrift.ttf,VJNKYFDZICRAQLPMWHGESOUXBT,11,3,1,0.085,5.059644,0.959381,1.907975,,1.0,0.0
0.2,4,4,license_plate_bahnschrift.ttf,VJNKYFDZICRAQLPMWHGESOUXBT,11,3,0,0.17,7.155418,0.919759,1.349142,PEARPRTE,0.884615,0.115385
0.2,4,4,license_plate_bahnschrift.ttf,VJNKYFDZICRAQLPMWHGESOUXBT,11,3,1,0.17,7.155418,0.919759,1.349142,,1.0,0.0
0.3,4,4,license_plate_bahnschrift.ttf,VJNKYFDZICRAQLPMWHGESOUXBT,11,3,0,0.255,8.763561,0.881116,1.10157,PRESNES,0.884615,0.115385
0.3,4,4,license_plate_bahnschrift.ttf,VJNKYFDZICRAQLPMWHGESOUXBT,11,3,1,0.255,8.763561,0.881116,1.10157,,1.0,0.0
0.4,4,4,license_plate_bahnschrift.ttf,VJNKYFDZICRAQLPMWHGESOUXBT,11,3,0,0.34,10.119289,0.843436,0.953987,STCTEY,0.923077,0.076923
0.4,4,4,license_plate_bahnschrift.ttf,VJNKYFDZICRAQLPMWHGESOUXBT,11,3,1,0.34,10.119289,0.843436,0.953987,,1.0,0.0
0.5,4,4,license_plate_bahnschrift.ttf,VJNKYFDZICRAQLPMWHGESOUXBT,11,3,0,0.425,11.313708,0.8067,0.853272,P,0.961538,0.038462
0.5,4,4,license_plate_bahnschrift.ttf,VJNKYFDZICRAQLPMWHGESOUXBT,11,3,1,0.425,11.313708,0.8067,0.853272,PPOR,0.923077,0.076923
0.6,4,4,license_plate_bahnschrift.ttf,VJNKYFDZICRAQLPMWHGESOUXBT,11,3,0,0.51,12.393547,0.770893,0.778927,CNACS,0.884615,0.115385
0.6,4,4,license_plate_bahnschrift.ttf,VJNKYFDZICRAQLPMWHGESOUXBT,11,3,1,0.51,12.393547,0.770893,0.778927,PENS,0.923077,0.076923
0.7,4,4,license_plate_bahnschrift.ttf,VJNKYFDZICRAQLPMWHGESOUXBT,11,3,0,0.595,13.38656,0.735998,0.721147,B,0.961538,0.038462
0.7,4,4,license_plate_bahnschrift.ttf,VJNKYFDZICRAQLPMWHGESOUXBT,11,3,1,0.595,13.38656,0.735998,0.721147,,1.0,0.0
0.8,4,4,license_plate_bahnschrift.ttf,VJNKYFDZICRAQLPMWHGESOUXBT,11,3,0,0.68,14.310835,0.701998,0.674571,,1.0,0.0
0.8,4,4,license_plate_bahnschrift.ttf,VJNKYFDZICRAQLPMWHGESOUXBT,11,3,1,0.68,14.310835,0.701998,0.674571,DT,0.923077,0.076923
0.9,4,4,license_plate_bahnschrift.ttf,VJNKYFDZICRAQLPMWHGESOUXBT,11,3,0,0.765,15.178933,0.668877,0.635992,SEEUBRETGBS,0.884615,0.115385
0.9,4,4,license_plate_bahnschrift.ttf,VJNKYFDZICRAQLPMWHGESOUXBT,11,3,1,0.765,15.178933,0.668877,0.635992,REANE,0.923077,0.076923
1.0,4,4,license_plate_bahnschrift.ttf,VJNKYFDZICRAQLPMWHGESOUXBT,11,3,0,0.85,16.0,0.63662,0.603355,,1.0,0.0
1.0,4,4,license_plate_bahnschrift.ttf,VJNKYFDZICRAQLPMWHGESOUXBT,11,3,1,0.85,16.0,0.63662,0.603355,SR,0.961538,0.038462
0.1,16,4,license_plate_bahnschrift.ttf,VJNKYFDZICRAQLPMWHGESOUXBT,11,3,0,0.085,5.059644,0.959381,1.907975,BDLPO,0.846154,0.153846
0.1,16,4,license_plate_bahnschrift.ttf,VJNKYFDZICRAQLPMWHGESOUXBT,11,3,1,0.085,5.059644,0.959381,1.907975,,1.0,0.0
0.2,16,4,license_plate_bahnschrift.ttf,VJNKYFDZICRAQLPMWHGESOUXBT,11,3,0,0.17,7.155418,0.919759,1.349142,,1.0,0.0
0.2,16,4,license_plate_bahnschrift.ttf,VJNKYFDZICRAQLPMWHGESOUXBT,11,3,1,0.17,7.155418,0.919759,1.349142,,1.0,0.0
0.3,16,4,license_plate_bahnschrift.ttf,VJNKYFDZICRAQLPMWHGESOUXBT,11,3,0,0.255,8.763561,0.881116,1.10157,,1.0,0.0
0.3,16,4,license_plate_bahnschrift.ttf,VJNKYFDZICRAQLPMWHGESOUXBT,11,3,1,0.255,8.763561,0.881116,1.10157,BRRONETFRIERONE,0.884615,0.115385
0.4,16,4,license_plate_bahnschrift.ttf,VJNKYFDZICRAQLPMWHGESOUXBT,11,3,0,0.34,10.119289,0.843436,0.953987,,1.0,0.0
0.4,16,4,license_plate_bahnschrift.ttf,VJNKYFDZICRAQLPMWHGESOUXBT,11,3,1,0.34,10.119289,0.843436,0.953987,RSLO,0.884615,0.115385
0.5,16,4,license_plate_bahnschrift.ttf,VJNKYFDZICRAQLPMWHGESOUXBT,11,3,0,0.425,11.313708,0.8067,0.853272,,1.0,0.0
0.5,16,4,license_plate_bahnschrift.ttf,VJNKYFDZICRAQLPMWHGESOUXBT,11,3,1,0.425,11.313708,0.8067,0.853272,,1.0,0.0
0.6,16,4,license_plate_bahnschrift.ttf,VJNKYFDZICRAQLPMWHGESOUXBT,11,3,0,0.51,12.393547,0.770893,0.778927,,1.0,0.0
0.6,16,4,license_plate_bahnschrift.ttf,VJNKYFDZICRAQLPMWHGESOUXBT,11,3,1,0.51,12.393547,0.770893,0.778927,,1.0,0.0
0.7,16,4,license_plate_bahnschrift.ttf,VJNKYFDZICRAQLPMWHGESOUXBT,11,3,0,0.595,13.38656,0.735998,0.721147,,1.0,0.0
0.7,16,4,license_plate_bahnschrift.ttf,VJNKYFDZICRAQLPMWHGESOUXBT,11,3,1,0.595,13.38656,0.735998,0.721147,,1.0,0.0
0.8,16,4,license_plate_bahnschrift.ttf,VJNKYFDZICRAQLPMWHGESOUXBT,11,3,0,0.68,14.310835,0.701998,0.674571,SAT,0.923077,0.076923
0.8,16,4,license_plate_bahnschrift.ttf,VJNKYFDZICRAQLPMWHGESOUXBT,11,3,1,0.68,14.310835,0.701998,0.674571,A,0.961538,0.038462
0.9,16,4,license_plate_bahnschrift.ttf,VJNKYFDZICRAQLPMWHGESOUXBT,11,3,0,0.765,15.178933,0.668877,0.635992,,1.0,0.0
0.9,16,4,license_plate_bahnschrift.ttf,VJNKYFDZICRAQLPMWHGESOUXBT,11,3,1,0.765,15.178933,0.668877,0.635992,,1.0,0.0
1.0,16,4,license_plate_bahnschrift.ttf,VJNKYFDZICRAQLPMWHGESOUXBT,11,3,0,0.85,16.0,0.63662,0.603355,,1.0,0.0
1.0,16,4,license_plate_bahnschrift.ttf,VJNKYFDZICRAQLPMWHGESOUXBT,11,3,1,0.85,16.0,0.63662,0.603355,,1.0,0.0
0.1,64,4,license_plate_bahnschrift.ttf,VJNKYFDZICRAQLPMWHGESOUXBT,11,3,0,0.085,5.059644,0.959381,1.907975,,1.0,0.0
0.1,64,4,license_plate_bahnschrift.ttf,VJNKYFDZICRAQLPMWHGESOUXBT,11,3,1,0.085,5.059644,0.959381,1.907975,SSA,0.961538,0.038462
0.2,64,4,license_plate_bahnschrift.ttf,VJNKYFDZICRAQLPMWHGESOUXBT,11,3,0,0.17,7.155418,0.919759,1.349142,,1.0,0.0
0.2,64,4,license_plate_bahnschrift.ttf,VJNKYFDZICRAQLPMWHGESOUXBT,11,3,1,0.17,7.155418,0.919759,1.349142,,1.0,0.0
0.3,64,4,license_plate_bahnschrift.ttf,VJNKYFDZICRAQLPMWHGESOUXBT,11,3,0,0.255,8.763561,0.881116,1.10157,,1.0,0.0
0.3,64,4,license_plate_bahnschrift.ttf,VJNKYFDZICRAQLPMWHGESOUXBT,11,3,1,0.255,8.763561,0.881116,1.10157,BS,0.961538,0.038462
0.4,64,4,license_plate_bahnschrift.ttf,VJNKYFDZICRAQLPMWHGESOUXBT,11,3,0,0.34,10.119289,0.843436,0.953987,,1.0,0.0
0.4,64,4,license_plate_bahnschrift.ttf,VJNKYFDZICRAQLPMWHGESOUXBT,11,3,1,0.34,10.119289,0.843436,0.953987,,1.0,0.0
0.5,64,4,license_plate_bahnschrift.ttf,VJNKYFDZICRAQLPMWHGESOUXBT,11,3,0,0.425,11.313708,0.8067,0.853272,,1.0,0.0
0.5,64,4,license_plate_bahnschrift.ttf,VJNKYFDZICRAQLPMWHGESOUXBT,11,3,1,0.425,11.313708,0.8067,0.853272,,1.0,0.0
0.6,64,4,license_plate_bahnschrift.ttf,VJNKYFDZICRAQLPMWHGESOUXBT,11,3,0,0.51,12.393547,0.770893,0.778927,AMSPOSNLPYAMEESUE,0.807692,0.192308
0.6,64,4,license_plate_bahnschrift.ttf,VJNKYFDZICRAQLPMWHGESOUXBT,11,3,1,0.51,12.393547,0.770893,0.778927,,1.0,0.0
0.7,64,4,license_plate_bahnschrift.ttf,VJNKYFDZICRAQLPMWHGESOUXBT,11,3,0,0.595,13.38656,0.735998,0.721147,,1.0,0.0
0.7,64,4,license_plate_bahnschrift.ttf,VJNKYFDZICRAQLPMWHGESOUXBT,11,3,1,0.595,13.38656,0.735998,0.721147,,1.0,0.0
0.8,64,4,license_plate_bahnschrift.ttf,VJNKYFDZICRAQLPMWHGESOUXBT,11,3,0,0.68,14.310835,0.701998,0.674571,VMFDONSRNPRNRL,0.807692,0.192308
0.8,64,4,license_plate_bahnschrift.ttf,VJNKYFDZICRAQLPMWHGESOUXBT,11,3,1,0.68,14.310835,0.701998,0.674571,,1.0,0.0
0.9,64,4,license_plate_bahnschrift.ttf,VJNKYFDZICRAQLPMWHGESOUXBT,11,3,0,0.765,15.178933,0.668877,0.635992,VPDRICHAALPRAWEKULET,0.615385,0.384615
0.9,64,4,license_plate_bahnschrift.ttf,VJNKYFDZICRAQLPMWHGESOUXBT,11,3,1,0.765,15.178933,0.668877,0.635992,,1.0,0.0
1.0,64,4,license_plate_bahnschrift.ttf,VJNKYFDZICRAQLPMWHGESOUXBT,11,3,0,0.85,16.0,0.63662,0.603355,,1.0,0.0
1.0,64,4,license_plate_bahnschrift.ttf,VJNKYFDZICRAQLPMWHGESOUXBT,11,3,1,0.85,16.0,0.63662,0.603355,,1.0,0.0
0.1,256,4,license_plate_bahnschrift.ttf,VJNKYFDZICRAQLPMWHGESOUXBT,11,3,0,0.085,5.059644,0.959381,1.907975,SS,0.961538,0.038462
0.1,256,4,license_plate_bahnschrift.ttf,VJNKYFDZICRAQLPMWHGESOUXBT,11,3,1,0.085,5.059644,0.959381,1.907975,,1.0,0.0
0.2,256,4,license_plate_bahnschrift.ttf,VJNKYFDZICRAQLPMWHGESOUXBT,11,3,0,0.17,7.155418,0.919759,1.349142,PHWINT,0.884615,0.115385
0.2,256,4,license_plate_bahnschrift.ttf,VJNKYFDZICRAQLPMWHGESOUXBT,11,3,1,0.17,7.155418,0.919759,1.349142,NUPDRERVALPMNSU,0.692308,0.307692
0.3,256,4,license_plate_bahnschrift.ttf,VJNKYFDZICRAQLPMWHGESOUXBT,11,3,0,0.255,8.763561,0.881116,1.10157,VEASSESCIELPREASESCLS,0.769231,0.230769
0.3,256,4,license_plate_bahnschrift.ttf,VJNKYFDZICRAQLPMWHGESOUXBT,11,3,1,0.255,8.763561,0.881116,1.10157,WIMSTDOVALPMAWEESGTA,0.730769,0.269231
0.4,256,4,license_plate_bahnschrift.ttf,VJNKYFDZICRAQLPMWHGESOUXBT,11,3,0,0.34,10.119289,0.843436,0.953987,VIMSSEIORVVLPASS,0.769231,0.230769
0.4,256,4,license_plate_bahnschrift.ttf,VJNKYFDZICRAQLPMWHGESOUXBT,11,3,1,0.34,10.119289,0.843436,0.953987,WMEEEDONLEALPAAWERSTULEST,0.769231,0.230769
0.5,256,4,license_plate_bahnschrift.ttf,VJNKYFDZICRAQLPMWHGESOUXBT,11,3,0,0.425,11.313708,0.8067,0.853272,VISSFIORBALPAS,0.730769,0.269231
0.5,256,4,license_plate_bahnschrift.ttf,VJNKYFDZICRAQLPMWHGESOUXBT,11,3,1,0.425,11.313708,0.8067,0.853272,VIMSFOCRSALPAWCESOLCT,0.576923,0.423077
0.6,256,4,license_plate_bahnschrift.ttf,VJNKYFDZICRAQLPMWHGESOUXBT,11,3,0,0.51,12.393547,0.770893,0.778927,NIMASFDCICEALPENHBCACS,0.692308,0.307692
0.6,256,4,license_plate_bahnschrift.ttf,VJNKYFDZICRAQLPMWHGESOUXBT,11,3,1,0.51,12.393547,0.770893,0.778927,VIMMEDUIEYLPMAMEESTAICS,0.692308,0.307692
0.7,256,4,license_plate_bahnschrift.ttf,VJNKYFDZICRAQLPMWHGESOUXBT,11,3,0,0.595,13.38656,0.735998,0.721147,VIMATTDOSYLLPANEESOLOT,0.692308,0.307692
0.7,256,4,license_plate_bahnschrift.ttf,VJNKYFDZICRAQLPMWHGESOUXBT,11,3,1,0.595,13.38656,0.735998,0.721147,VIMATFOCRROLPANCOSUST,0.653846,0.346154
0.8,256,4,license_plate_bahnschrift.ttf,VJNKYFDZICRAQLPMWHGESOUXBT,11,3,0,0.68,14.310835,0.701998,0.674571,VINATEOSICEYVOLPAHDOSTLLC,0.730769,0.269231
0.8,256,4,license_plate_bahnschrift.ttf,VJNKYFDZICRAQLPMWHGESOUXBT,11,3,1,0.68,14.310835,0.701998,0.674571,VINCTEDDICRAGLPAWCOSLL,0.576923,0.423077
0.9,256,4,license_plate_bahnschrift.ttf,VJNKYFDZICRAQLPMWHGESOUXBT,11,3,0,0.765,15.178933,0.668877,0.635992,VIMATEISIORACLPRTAWEESOUCTT,0.615385,0.384615
0.9,256,4,license_plate_bahnschrift.ttf,VJNKYFDZICRAQLPMWHGESOUXBT,11,3,1,0.765,15.178933,0.668877,0.635992,NIMASTDOICEAOLPMAWCESOLOCRT,0.615385,0.384615
1.0,256,4,license_plate_bahnschrift.ttf,VJNKYFDZICRAQLPMWHGESOUXBT,11,3,0,0.85,16.0,0.63662,0.603355,VIMATEIOIORAOLPMAWEESOLICRT,0.615385,0.384615
1.0,256,4,license_plate_bahnschrift.ttf,VJNKYFDZICRAQLPMWHGESOUXBT,11,3,1,0.85,16.0,0.63662,0.603355,VIMOTEDOICRACLPMIAWEESOLLCST,0.576923,0.423077
0.1,1024,4,license_plate_bahnschrift.ttf,VJNKYFDZICRAQLPMWHGESOUXBT,11,3,0,0.085,5.059644,0.959381,1.907975,VDSSOALPE,0.769231,0.230769
0.1,1024,4,license_plate_bahnschrift.ttf,VJNKYFDZICRAQLPMWHGESOUXBT,11,3,1,0.085,5.059644,0.959381,1.907975,VDSS,0.884615,0.115385
0.2,1024,4,license_plate_bahnschrift.ttf,VJNKYFDZICRAQLPMWHGESOUXBT,11,3,0,0.17,7.155418,0.919759,1.349142,VIMSFDCRSYALPHEAYOSCS,0.692308,0.307692
0.2,1024,4,license_plate_bahnschrift.ttf,VJNKYFDZICRAQLPMWHGESOUXBT,11,3,1,0.17,7.155418,0.919759,1.349142,VIMSFDCRSALPMAWSESCLT,0.576923,0.423077
0.3,1024,4,license_plate_bahnschrift.ttf,VJNKYFDZICRAQLPMWHGESOUXBT,11,3,0,0.255,8.763561,0.881116,1.10157,VIMSSTDORSVLPAWOCSLST,0.692308,0.307692
0.3,1024,4,license_plate_bahnschrift.ttf,VJNKYFDZICRAQLPMWHGESOUXBT,11,3,1,0.255,8.763561,0.881116,1.10157,VIMSFDORSYLPMAYCES,0.653846,0.346154
0.4,1024,4,license_plate_bahnschrift.ttf,VJNKYFDZICRAQLPMWHGESOUXBT,11,3,0,0.34,10.119289,0.843436,0.953987,VIMSTFOOKEALPAAWBESAS,0.730769,0.269231
0.4,1024,4,license_plate_bahnschrift.ttf,VJNKYFDZICRAQLPMWHGESOUXBT,11,3,1,0.34,10.119289,0.843436,0.953987,VIMSSFICREVALPAAWBESS,0.692308,0.307692
0.5,1024,4,license_plate_bahnschrift.ttf,VJNKYFDZICRAQLPMWHGESOUXBT,11,3,0,0.425,11.313708,0.8067,0.853272,VIMTEIOREYALPMAWESTLCT,0.692308,0.307692
0.5,1024,4,license_plate_bahnschrift.ttf,VJNKYFDZICRAQLPMWHGESOUXBT,11,3,1,0.425,11.313708,0.8067,0.853272,VIMSTFDCRSVALPRAWCESTLCT,0.653846,0.346154
0.6,1024,4,license_plate_bahnschrift.ttf,VJNKYFDZICRAQLPMWHGESOUXBT,11,3,0,0.51,12.393547,0.770893,0.778927,VIMAEDCICRYVOLPAWCOSOLD,0.653846,0.346154
0.6,1024,4,license_plate_bahnschrift.ttf,VJNKYFDZICRAQLPMWHGESOUXBT,11,3,1,0.51,12.393547,0.770893,0.778927,VIMEFDCIRYOLPAAWBSA,0.692308,0.307692
0.7,1024,4,license_plate_bahnschrift.ttf,VJNKYFDZICRAQLPMWHGESOUXBT,11,3,0,0.595,13.38656,0.735998,0.721147,VIMFEDDRCRYOLPAWCOSOLOS,0.653846,0.346154
0.7,1024,4,license_plate_bahnschrift.ttf,VJNKYFDZICRAQLPMWHGESOUXBT,11,3,1,0.595,13.38656,0.735998,0.721147,VIMSTEDOCOLPAWCESOUT,0.576923,0.423077
0.8,1024,4,license_plate_bahnschrift.ttf,VJNKYFDZICRAQLPMWHGESOUXBT,11,3,0,0.68,14.310835,0.701998,0.674571,VINETEDOICRYOLPAWCESU,0.538462,0.461538
0.8,1024,4,license_plate_bahnschrift.ttf,VJNKYFDZICRAQLPMWHGESOUXBT,11,3,1,0.68,14.310835,0.701998,0.674571,VIMETEOCICEAOLPAWCESOLDT,0.576923,0.423077
0.9,1024,4,license_plate_bahnschrift.ttf,VJNKYFDZICRAQLPMWHGESOUXBT,11,3,0,0.765,15.178933,0.668877,0.635992,VIMEFEDOICEAQLPMTAWEESOLIOST,0.576923,0.423077
0.9,1024,4,license_plate_bahnschrift.ttf,VJNKYFDZICRAQLPMWHGESOUXBT,11,3,1,0.765,15.178933,0.668877,0.635992,VIMOOUTEDCICEAOLPMAWCESOLIORT,0.653846,0.346154
1.0,1024,4,license_plate_bahnschrift.ttf,VJNKYFDZICRAQLPMWHGESOUXBT,11,3,0,0.85,16.0,0.63662,0.603355,VINOOTEODICEAOLPAWCESOLOST,0.576923,0.423077
1.0,1024,4,license_plate_bahnschrift.ttf,VJNKYFDZICRAQLPMWHGESOUXBT,11,3,1,0.85,16.0,0.63662,0.603355,VINOTEDDICEOLPPAWCESOLLORT,0.615385,0.384615
0.1,4096,4,license_plate_bahnschrift.ttf,VJNKYFDZICRAQLPMWHGESOUXBT,11,3,0,0.085,5.059644,0.959381,1.907975,VIGTORALPEAMSS,0.769231,0.230769
0.1,4096,4,license_plate_bahnschrift.ttf,VJNKYFDZICRAQLPMWHGESOUXBT,11,3,1,0.085,5.059644,0.959381,1.907975,VISALIA,0.846154,0.153846
0.2,4096,4,license_plate_bahnschrift.ttf,VJNKYFDZICRAQLPMWHGESOUXBT,11,3,0,0.17,7.155418,0.919759,1.349142,VIMSTDORSALPAWESUT,0.615385,0.384615
0.2,4096,4,license_plate_bahnschrift.ttf,VJNKYFDZICRAQLPMWHGESOUXBT,11,3,1,0.17,7.155418,0.919759,1.349142,VIMSTOCRSALPAAMSESUS,0.692308,0.307692
0.3,4096,4,license_plate_bahnschrift.ttf,VJNKYFDZICRAQLPMWHGESOUXBT,11,3,0,0.255,8.763561,0.881116,1.10157,VIMSFOCRSYALPAAWSESCUS,0.692308,0.307692
0.3,4096,4,license_plate_bahnschrift.ttf,VJNKYFDZICRAQLPMWHGESOUXBT,11,3,1,0.255,8.763561,0.881116,1.10157,VIMSFOCRSYALPAAWSESU,0.692308,0.307692
0.4,4096,4,license_plate_bahnschrift.ttf,VJNKYFDZICRAQLPMWHGESOUXBT,11,3,0,0.34,10.119289,0.843436,0.953987,VIMSFOCRRYALPAAWEESS,0.730769,0.269231
0.4,4096,4,license_plate_bahnschrift.ttf,VJNKYFDZICRAQLPMWHGESOUXBT,11,3,1,0.34,10.119289,0.843436,0.953987,VIMSFICREYVLPAAWCESAS,0.692308,0.307692
0.5,4096,4,license_plate_bahnschrift.ttf,VJNKYFDZICRAQLPMWHGESOUXBT,11,3,0,0.425,11.313708,0.8067,0.853272,VIMNTFDCRSYALPMAWCESLO,0.653846,0.346154
0.5,4096,4,license_plate_bahnschrift.ttf,VJNKYFDZICRAQLPMWHGESOUXBT,11,3,1,0.425,11.313708,0.8067,0.853272,VIMSTFDCRSYALPMAWCESU,0.615385,0.384615
0.6,4096,4,license_plate_bahnschrift.ttf,VJNKYFDZICRAQLPMWHGESOUXBT,11,3,0,0.51,12.393547,0.770893,0.778927,VIMATFOCRVLPAAWCOSA,0.730769,0.269231
0.6,4096,4,license_plate_bahnschrift.ttf,VJNKYFDZICRAQLPMWHGESOUXBT,11,3,1,0.51,12.393547,0.770893,0.778927,VIMSTFOCIRYVOLPAAWCESAL,0.730769,0.269231
0.7,4096,4,license_plate_bahnschrift.ttf,VJNKYFDZICRAQLPMWHGESOUXBT,11,3,0,0.595,13.38656,0.735998,0.721147,VIMNTEDOSOLPAWCESOLOT,0.653846,0.346154
0.7,4096,4,license_plate_bahnschrift.ttf,VJNKYFDZICRAQLPMWHGESOUXBT,11,3,1,0.595,13.38656,0.735998,0.721147,VIMATEDOREAOLPAWCOSOLLT,0.653846,0.346154
0.8,4096,4,license_plate_bahnschrift.ttf,VJNKYFDZICRAQLPMWHGESOUXBT,11,3,0,0.68,14.310835,0.701998,0.674571,VIMNETFOOICEVOLPAWCESOLT,0.576923,0.423077
0.8,4096,4,license_plate_bahnschrift.ttf,VJNKYFDZICRAQLPMWHGESOUXBT,11,3,1,0.68,14.310835,0.701998,0.674571,VIMETEDCICRAOLPAAWCESOLLCST,0.576923,0.423077
0.9,4096,4,license_plate_bahnschrift.ttf,VJNKYFDZICRAQLPMWHGESOUXBT,11,3,0,0.765,15.178933,0.668877,0.635992,VIMCTFDDICRAOLPPAWCESOLORT,0.5,0.5
0.9,4096,4,license_plate_bahnschrift.ttf,VJNKYFDZICRAQLPMWHGESOUXBT,11,3,1,0.765,15.178933,0.668877,0.635992,VIMNCTFDDICEAOLPAWCESOLIOST,0.538462,0.461538
1.0,4096,4,license_plate_bahnschrift.ttf,VJNKYFDZICRAQLPMWHGESOUXBT,11,3,0,0.85,16.0,0.63662,0.603355,VINOOTEDOICRAOLPPAWCESOUORT,0.5,0.5
1.0,4096,4,license_plate_bahnschrift.ttf,VJNKYFDZICRAQLPMWHGESOUXBT,11,3,1,0.85,16.0,0.63662,0.603355,VINOOTEDOICRAOLPAWCESOLORT,0.5,0.5
0.1,16384,4,license_plate_bahnschrift.ttf,VJNKYFDZICRAQLPMWHGESOUXBT,11,3,0,0.085,5.059644,0.959381,1.907975,VISSORALPSL,0.769231,0.230769
0.1,16384,4,license_plate_bahnschrift.ttf,VJNKYFDZICRAQLPMWHGESOUXBT,11,3,1,0.085,5.059644,0.959381,1.907975,VISALIA,0.846154,0.153846
0.2,16384,4,license_plate_bahnschrift.ttf,VJNKYFDZICRAQLPMWHGESOUXBT,11,3,0,0.17,7.155418,0.919759,1.349142,VIMSTOCRSVALPAWSESLUS,0.692308,0.307692
0.2,16384,4,license_plate_bahnschrift.ttf,VJNKYFDZICRAQLPMWHGESOUXBT,11,3,1,0.17,7.155418,0.919759,1.349142,VISSTOORSALPMAEESLS,0.730769,0.269231
0.3,16384,4,license_plate_bahnschrift.ttf,VJNKYFDZICRAQLPMWHGESOUXBT,11,3,0,0.255,8.763561,0.881116,1.10157,VIMSFDCRSYALPMAWSESTU,0.615385,0.384615
0.3,16384,4,license_plate_bahnschrift.ttf,VJNKYFDZICRAQLPMWHGESOUXBT,11,3,1,0.255,8.763561,0.881116,1.10157,VIMSFDCRSYALPMAESU,0.615385,0.384615
0.4,16384,4,license_plate_bahnschrift.ttf,VJNKYFDZICRAQLPMWHGESOUXBT,11,3,0,0.34,10.119289,0.843436,0.953987,VIMSTFDCRRYVALPAAWFSAS,0.769231,0.230769
0.4,16384,4,license_plate_bahnschrift.ttf,VJNKYFDZICRAQLPMWHGESOUXBT,11,3,1,0.34,10.119289,0.843436,0.953987,VIMSFDCREYALPAAWEESS,0.692308,0.307692
0.5,16384,4,license_plate_bahnschrift.ttf,VJNKYFDZICRAQLPMWHGESOUXBT,11,3,0,0.425,11.313708,0.8067,0.853272,VIMSTFOCEYALPMAWCESOLC,0.653846,0.346154
0.5,16384,4,license_plate_bahnschrift.ttf,VJNKYFDZICRAQLPMWHGESOUXBT,11,3,1,0.425,11.313708,0.8067,0.853272,VIMSTFTDCSYALPMAWCESOU,0.615385,0.384615
0.6,16384,4,license_plate_bahnschrift.ttf,VJNKYFDZICRAQLPMWHGESOUXBT,11,3,0,0.51,12.393547,0.770893,0.778927,VIMSTEDOIELPAWCES,0.692308,0.307692
0.6,16384,4,license_plate_bahnschrift.ttf,VJNKYFDZICRAQLPMWHGESOUXBT,11,3,1,0.51,12.393547,0.770893,0.778927,VIMATEDCICVILPAWCES,0.653846,0.346154
0.7,16384,4,license_plate_bahnschrift.ttf,VJNKYFDZICRAQLPMWHGESOUXBT,11,3,0,0.595,13.38656,0.735998,0.721147,VIMATFDDICEYLPAWCESOLT,0.538462,0.461538
0.7,16384,4,license_plate_bahnschrift.ttf,VJNKYFDZICRAQLPMWHGESOUXBT,11,3,1,0.595,13.38656,0.735998,0.721147,VIMATFDDICSYALPAWCESOT,0.538462,0.461538
0.8,16384,4,license_plate_bahnschrift.ttf,VJNKYFDZICRAQLPMWHGESOUXBT,11,3,0,0.68,14.310835,0.701998,0.674571,VIMOTEDDCBVLPAWCSOLT,0.653846,0.346154
0.8,16384,4,license_plate_bahnschrift.ttf,VJNKYFDZICRAQLPMWHGESOUXBT,11,3,1,0.68,14.310835,0.701998,0.674571,VIMTEDDICVOLPAWCSOL,0.653846,0.346154
0.9,16384,4,license_plate_bahnschrift.ttf,VJNKYFDZICRAQLPMWHGESOUXBT,11,3,0,0.765,15.178933,0.668877,0.635992,VIMCTEDDICRAOLPPAWCESOLOT,0.538462,0.461538
0.9,16384,4,license_plate_bahnschrift.ttf,VJNKYFDZICRAQLPMWHGESOUXBT,11,3,1,0.765,15.178933,0.668877,0.635992,VIMCTEDDICEAOLPTAWCESOLOT,0.576923,0.423077
1.0,16384,4,license_plate_bahnschrift.ttf,VJNKYFDZICRAQLPMWHGESOUXBT,11,3,0,0.85,16.0,0.63662,0.603355,VINOOTEDCICRAQLPRPAWCESOLIORT,0.576923,0.423077
1.0,16384,4,license_plate_bahnschrift.ttf,VJNKYFDZICRAQLPMWHGESOUXBT,11,3,1,0.85,16.0,0.63662,0.603355,VINOTEDOICRAOLPAWCESOLORT,0.461538,0.538462
0.1,65536,4,license_plate_bahnschrift.ttf,VJNKYFDZICRAQLPMWHGESOUXBT,11,3,0,0.085,5.059644,0.959381,1.907975,VIRALPAESCL,0.692308,0.307692
0.1,65536,4,license_plate_bahnschrift.ttf,VJNKYFDZICRAQLPMWHGESOUXBT,11,3,1,0.085,5.059644,0.959381,1.907975,VIMSRALPAESL,0.730769,0.269231
0.2,65536,4,license_plate_bahnschrift.ttf,VJNKYFDZICRAQLPMWHGESOUXBT,11,3,0,0.17,7.155418,0.919759,1.349142,VIMSTOORSALPAAWSESLS,0.769231,0.230769
0.2,65536,4,license_plate_bahnschrift.ttf,VJNKYFDZICRAQLPMWHGESOUXBT,11,3,1,0.17,7.155418,0.919759,1.349142,VIMSTOORSALPAAWSESLS,0.769231,0.230769
0.3,65536,4,license_plate_bahnschrift.ttf,VJNKYFDZICRAQLPMWHGESOUXBT,11,3,0,0.255,8.763561,0.881116,1.10157,VIMSFDCRSYALPMAWCES,0.653846,0.346154
0.3,65536,4,license_plate_bahnschrift.ttf,VJNKYFDZICRAQLPMWHGESOUXBT,11,3,1,0.255,8.763561,0.881116,1.10157,VIMSFDCRSYALPMAWESOU,0.576923,0.423077
0.4,65536,4,license_plate_bahnschrift.ttf,VJNKYFDZICRAQLPMWHGESOUXBT,11,3,0,0.34,10.119289,0.843436,0.953987,VIMSFDCREYALPAAWEESS,0.692308,0.307692
0.4,65536,4,license_plate_bahnschrift.ttf,VJNKYFDZICRAQLPMWHGESOUXBT,11,3,1,0.34,10.119289,0.843436,0.953987,VIMSFDCRRYALPAAWEESACS,0.692308,0.307692
0.5,65536,4,license_plate_bahnschrift.ttf,VJNKYFDZICRAQLPMWHGESOUXBT,11,3,0,0.425,11.313708,0.8067,0.853272,VIMSTFDCRSYALPMAWCESOU,0.576923,0.423077
0.5,65536,4,license_plate_bahnschrift.ttf,VJNKYFDZICRAQLPMWHGESOUXBT,11,3,1,0.425,11.313708,0.8067,0.853272,VIMSTTDDISYALPAWCOST,0.653846,0.346154
0.6,65536,4,license_plate_bahnschrift.ttf,VJNKYFDZICRAQLPMWHGESOUXBT,11,3,0,0.51,12.393547,0.770893,0.778927,VIMATEDCIVILPAWCES,0.692308,0.307692
0.6,65536,4,license_plate_bahnschrift.ttf,VJNKYFDZICRAQLPMWHGESOUXBT,11,3,1,0.51,12.393547,0.770893,0.778927,VIMATEDOIEVILPAAWCES,0.730769,0.269231
0.7,65536,4,license_plate_bahnschrift.ttf,VJNKYFDZICRAQLPMWHGESOUXBT,11,3,0,0.595,13.38656,0.735998,0.721147,VIMNTFDDICSAOLPAWCESOLOT,0.5,0.5
0.7,65536,4,license_plate_bahnschrift.ttf,VJNKYFDZICRAQLPMWHGESOUXBT,11,3,1,0.595,13.38656,0.735998,0.721147,VIMATFDDICBYALPAWCESOLOT,0.538462,0.461538
0.8,65536,4,license_plate_bahnschrift.ttf,VJNKYFDZICRAQLPMWHGESOUXBT,11,3,0,0.68,14.310835,0.701998,0.674571,VIMOTEDDICVOLPAWCSO,0.653846,0.346154
0.8,65536,4,license_plate_bahnschrift.ttf,VJNKYFDZICRAQLPMWHGESOUXBT,11,3,1,0.68,14.310835,0.701998,0.674571,VIMGTEDCICRVOLPAWCSOL,0.615385,0.384615
0.9,65536,4,license_plate_bahnschrift.ttf,VJNKYFDZICRAQLPMWHGESOUXBT,11,3,0,0.765,15.178933,0.668877,0.635992,VIMCTEDDICEAOLPAWCESOLOT,0.538462,0.461538
0.9,65536,4,license_plate_bahnschrift.ttf,VJNKYFDZICRAQLPMWHGESOUXBT,11,3,1,0.765,15.178933,0.668877,0.635992,VIMCTEDDICRAOLPPAWCESOLLOT,0.538462,0.461538
1.0,65536,4,license_plate_bahnschrift.ttf,VJNKYFDZICRAQLPMWHGESOUXBT,11,3,0,0.85,16.0,0.63662,0.603355,VINOTEDOICBAOLPPAWCESOLLORT,0.576923,0.423077
1.0,65536,4,license_plate_bahnschrift.ttf,VJNKYFDZICRAQLPMWHGESOUXBT,11,3,1,0.85,16.0,0.63662,0.603355,VINOOTEDOICRAQLPPAWCESOLLOST,0.538462,0.461538
0.1,4,4,license_plate_bahnschrift.ttf,VJNKYFDZICRAQLPMWHGESOUXBT,11,7,0,0.085,5.059644,0.959381,1.907975,,1.0,0.0
0.1,4,4,license_plate_bahnschrift.ttf,VJNKYFDZICRAQLPMWHGESOUXBT,11,7,1,0.085,5.059644,0.959381,1.907975,,1.0,0.0
0.2,4,4,license_plate_bahnschrift.ttf,VJNKYFDZICRAQLPMWHGESOUXBT,11,7,0,0.17,7.155418,0.919759,1.349142,,1.0,0.0
0.2,4,4,license_plate_bahnschrift.ttf,VJNKYFDZICRAQLPMWHGESOUXBT,11,7,1,0.17,7.155418,0.919759,1.349142,,1.0,0.0
0.3,4,4,license_plate_bahnschrift.ttf,VJNKYFDZICRAQLPMWHGESOUXBT,11,7,0,0.255,8.763561,0.881116,1.10157,,1.0,0.0
0.3,4,4,license_plate_bahnschrift.ttf,VJNKYFDZICRAQLPMWHGESOUXBT,11,7,1,0.255,8.763561,0.881116,1.10157,TRAN,0.923077,0.076923
0.4,4,4,license_plate_bahnschrift.ttf,VJNKYFDZICRAQLPMWHGESOUXBT,11,7,0,0.34,10.119289,0.843436,0.953987,,1.0,0.0
0.4,4,4,license_plate_bahnschrift.ttf,VJNKYFDZICRAQLPMWHGESOUXBT,11,7,1,0.34,10.119289,0.843436,0.953987,,1.0,0.0
0.5,4,4,license_plate_bahnschrift.ttf,VJNKYFDZICRAQLPMWHGESOUXBT,11,7,0,0.425,11.313708,0.8067,0.853272,,1.0,0.0
0.5,4,4,license_plate_bahnschrift.ttf,VJNKYFDZICRAQLPMWHGESOUXBT,11,7,1,0.425,11.313708,0.8067,0.853272,,1.0,0.0
0.6,4,4,license_plate_bahnschrift.ttf,VJNKYFDZICRAQLPMWHGESOUXBT,11,7,0,0.51,12.393547,0.770893,0.778927,PUSSWPRKSS,0.923077,0.076923
0.6,4,4,license_plate_bahnschrift.ttf,VJNKYFDZICRAQLPMWHGESOUXBT,11,7,1,0.51,12.393547,0.770893,0.778927,OW,0.961538,0.038462
0.7,4,4,license_plate_bahnschrift.ttf,VJNKYFDZICRAQLPMWHGESOUXBT,11,7,0,0.595,13.38656,0.735998,0.721147,AYDEN,0.884615,0.115385
0.7,4,4,license_plate_bahnschrift.ttf,VJNKYFDZICRAQLPMWHGESOUXBT,11,7,1,0.595,13.38656,0.735998,0.721147,ONRHSPPRIKF,0.884615,0.115385
0.8,4,4,license_plate_bahnschrift.ttf,VJNKYFDZICRAQLPMWHGESOUXBT,11,7,0,0.68,14.310835,0.701998,0.674571,SEMETBCRNASTOT,0.846154,0.153846
0.8,4,4,license_plate_bahnschrift.ttf,VJNKYFDZICRAQLPMWHGESOUXBT,11,7,1,0.68,14.310835,0.701998,0.674571,SHRADES,0.846154,0.153846
0.9,4,4,license_plate_bahnschrift.ttf,VJNKYFDZICRAQLPMWHGESOUXBT,11,7,0,0.765,15.178933,0.668877,0.635992,CSMAAACRSL,0.884615,0.115385
0.9,4,4,license_plate_bahnschrift.ttf,VJNKYFDZICRAQLPMWHGESOUXBT,11,7,1,0.765,15.178933,0.668877,0.635992,,1.0,0.0
1.0,4,4,license_plate_bahnschrift.ttf,VJNKYFDZICRAQLPMWHGESOUXBT,11,7,0,0.85,16.0,0.63662,0.603355,POPECIE,0.923077,0.076923
1.0,4,4,license_plate_bahnschrift.ttf,VJNKYFDZICRAQLPMWHGESOUXBT,11,7,1,0.85,16.0,0.63662,0.603355,,1.0,0.0
0.1,16,4,license_plate_bahnschrift.ttf,VJNKYFDZICRAQLPMWHGESOUXBT,11,7,0,0.085,5.059644,0.959381,1.907975,,1.0,0.0
0.1,16,4,license_plate_bahnschrift.ttf,VJNKYFDZICRAQLPMWHGESOUXBT,11,7,1,0.085,5.059644,0.959381,1.907975,,1.0,0.0
0.2,16,4,license_plate_bahnschrift.ttf,VJNKYFDZICRAQLPMWHGESOUXBT,11,7,0,0.17,7.155418,0.919759,1.349142,DOA,0.923077,0.076923
0.2,16,4,license_plate_bahnschrift.ttf,VJNKYFDZICRAQLPMWHGESOUXBT,11,7,1,0.17,7.155418,0.919759,1.349142,REEMCSEEDERS,0.884615,0.115385
0.3,16,4,license_plate_bahnschrift.ttf,VJNKYFDZICRAQLPMWHGESOUXBT,11,7,0,0.255,8.763561,0.881116,1.10157,AYSSFITRBA,0.846154,0.153846
0.3,16,4,license_plate_bahnschrift.ttf,VJNKYFDZICRAQLPMWHGESOUXBT,11,7,1,0.255,8.763561,0.881116,1.10157,TAORT,0.884615,0.115385
0.4,16,4,license_plate_bahnschrift.ttf,VJNKYFDZICRAQLPMWHGESOUXBT,11,7,0,0.34,10.119289,0.843436,0.953987,,1.0,0.0
0.4,16,4,license_plate_bahnschrift.ttf,VJNKYFDZICRAQLPMWHGESOUXBT,11,7,1,0.34,10.119289,0.843436,0.953987,,1.0,0.0
0.5,16,4,license_plate_bahnschrift.ttf,VJNKYFDZICRAQLPMWHGESOUXBT,11,7,0,0.425,11.313708,0.8067,0.853272,,1.0,0.0
0.5,16,4,license_plate_bahnschrift.ttf,VJNKYFDZICRAQLPMWHGESOUXBT,11,7,1,0.425,11.313708,0.8067,0.853272,,1.0,0.0
0.6,16,4,license_plate_bahnschrift.ttf,VJNKYFDZICRAQLPMWHGESOUXBT,11,7,0,0.51,12.393547,0.770893,0.778927,NRPS,0.846154,0.153846
0.6,16,4,license_plate_bahnschrift.ttf,VJNKYFDZICRAQLPMWHGESOUXBT,11,7,1,0.51,12.393547,0.770893,0.778927,RUHAPSPESROES,0.846154,0.153846
0.7,16,4,license_plate_bahnschrift.ttf,VJNKYFDZICRAQLPMWHGESOUXBT,11,7,0,0.595,13.38656,0.735998,0.721147,,1.0,0.0
0.7,16,4,license_plate_bahnschrift.ttf,VJNKYFDZICRAQLPMWHGESOUXBT,11,7,1,0.595,13.38656,0.735998,0.721147,,1.0,0.0
0.8,16,4,license_plate_bahnschrift.ttf,VJNKYFDZICRAQLPMWHGESOUXBT,11,7,0,0.68,14.310835,0.701998,0.674571,,1.0,0.0
0.8,16,4,license_plate_bahnschrift.ttf,VJNKYFDZICRAQLPMWHGESOUXBT,11,7,1,0.68,14.310835,0.701998,0.674571,,1.0,0.0
0.9,16,4,license_plate_bahnschrift.ttf,VJNKYFDZICRAQLPMWHGESOUXBT,11,7,0,0.765,15.178933,0.668877,0.635992,,1.0,0.0
0.9,16,4,license_plate_bahnschrift.ttf,VJNKYFDZICRAQLPMWHGESOUXBT,11,7,1,0.765,15.178933,0.668877,0.635992,SMAFECDRGTRHATESALA,0.846154,0.153846
1.0,16,4,license_plate_bahnschrift.ttf,VJNKYFDZICRAQLPMWHGESOUXBT,11,7,0,0.85,16.0,0.63662,0.603355,TRPOGHNCLESS,0.846154,0.153846
1.0,16,4,license_plate_bahnschrift.ttf,VJNKYFDZICRAQLPMWHGESOUXBT,11,7,1,0.85,16.0,0.63662,0.603355,,1.0,0.0
0.1,64,4,license_plate_bahnschrift.ttf,VJNKYFDZICRAQLPMWHGESOUXBT,11,7,0,0.085,5.059644,0.959381,1.907975,,1.0,0.0
0.1,64,4,license_plate_bahnschrift.ttf,VJNKYFDZICRAQLPMWHGESOUXBT,11,7,1,0.085,5.059644,0.959381,1.907975,,1.0,0.0
0.2,64,4,license_plate_bahnschrift.ttf,VJNKYFDZICRAQLPMWHGESOUXBT,11,7,0,0.17,7.155418,0.919759,1.349142,,1.0,0.0
0.2,64,4,license_plate_bahnschrift.ttf,VJNKYFDZICRAQLPMWHGESOUXBT,11,7,1,0.17,7.155418,0.919759,1.349142,REMSEHEBSIE,0.884615,0.115385
0.3,64,4,license_plate_bahnschrift.ttf,VJNKYFDZICRAQLPMWHGESOUXBT,11,7,0,0.255,8.763561,0.881116,1.10157,,1.0,0.0
0.3,64,4,license_plate_bahnschrift.ttf,VJNKYFDZICRAQLPMWHGESOUXBT,11,7,1,0.255,8.763561,0.881116,1.10157,BOD,0.961538,0.038462
0.4,64,4,license_plate_bahnschrift.ttf,VJNKYFDZICRAQLPMWHGESOUXBT,11,7,0,0.34,10.119289,0.843436,0.953987,,1.0,0.0
0.4,64,4,license_plate_bahnschrift.ttf,VJNKYFDZICRAQLPMWHGESOUXBT,11,7,1,0.34,10.119289,0.843436,0.953987,,1.0,0.0
0.5,64,4,license_plate_bahnschrift.ttf,VJNKYFDZICRAQLPMWHGESOUXBT,11,7,0,0.425,11.313708,0.8067,0.853272,WPASA,0.923077,0.076923
0.5,64,4,license_plate_bahnschrift.ttf,VJNKYFDZICRAQLPMWHGESOUXBT,11,7,1,0.425,11.313708,0.8067,0.853272,,1.0,0.0
0.6,64,4,license_plate_bahnschrift.ttf,VJNKYFDZICRAQLPMWHGESOUXBT,11,7,0,0.51,12.393547,0.770893,0.778927,,1.0,0.0
0.6,64,4,license_plate_bahnschrift.ttf,VJNKYFDZICRAQLPMWHGESOUXBT,11,7,1,0.51,12.393547,0.770893,0.778927,VRSEAPSAT,0.807692,0.192308
0.7,64,4,license_plate_bahnschrift.ttf,VJNKYFDZICRAQLPMWHGESOUXBT,11,7,0,0.595,13.38656,0.735998,0.721147,,1.0,0.0
0.7,64,4,license_plate_bahnschrift.ttf,VJNKYFDZICRAQLPMWHGESOUXBT,11,7,1,0.595,13.38656,0.735998,0.721147,,1.0,0.0
0.8,64,4,license_plate_bahnschrift.ttf,VJNKYFDZICRAQLPMWHGESOUXBT,11,7,0,0.68,14.310835,0.701998,0.674571,RUMAIECOIRAGIPSES,0.769231,0.230769
0.8,64,4,license_plate_bahnschrift.ttf,VJNKYFDZICRAQLPMWHGESOUXBT,11,7,1,0.68,14.310835,0.701998,0.674571,,1.0,0.0
0.9,64,4,license_plate_bahnschrift.ttf,VJNKYFDZICRAQLPMWHGESOUXBT,11,7,0,0.765,15.178933,0.668877,0.635992,,1.0,0.0
0.9,64,4,license_plate_bahnschrift.ttf,VJNKYFDZICRAQLPMWHGESOUXBT,11,7,1,0.765,15.178933,0.668877,0.635992,,1.0,0.0
1.0,64,4,license_plate_bahnschrift.ttf,VJNKYFDZICRAQLPMWHGESOUXBT,11,7,0,0.85,16.0,0.63662,0.603355,,1.0,0.0
1.0,64,4,license_plate_bahnschrift.ttf,VJNKYFDZICRAQLPMWHGESOUXBT,11,7,1,0.85,16.0,0.63662,0.603355,,1.0,0.0
0.1,256,4,license_plate_bahnschrift.ttf,VJNKYFDZICRAQLPMWHGESOUXBT,11,7,0,0.085,5.059644,0.959381,1.907975,,1.0,0.0
0.1,256,4,license_plate_bahnschrift.ttf,VJNKYFDZICRAQLPMWHGESOUXBT,11,7,1,0.085,5.059644,0.959381,1.907975,,1.0,0.0
0.2,256,4,license_plate_bahnschrift.ttf,VJNKYFDZICRAQLPMWHGESOUXBT,11,7,0,0.17,7.155418,0.919759,1.349142,NPWFSMKS,0.846154,0.153846
0.2,256,4,license_plate_bahnschrift.ttf,VJNKYFDZICRAQLPMWHGESOUXBT,11,7,1,0.17,7.155418,0.919759,1.349142,UEPHHSESS,0.846154,0.153846
0.3,256,4,license_plate_bahnschrift.ttf,VJNKYFDZICRAQLPMWHGESOUXBT,11,7,0,0.255,8.763561,0.881116,1.10157,VIMSENORLO,0.807692,0.192308
0.3,256,4,license_plate_bahnschrift.ttf,VJNKYFDZICRAQLPMWHGESOUXBT,11,7,1,0.255,8.763561,0.881116,1.10157,UIMAPETONTSTAPRRAWAESC,0.884615,0.115385
0.4,256,4,license_plate_bahnschrift.ttf,VJNKYFDZICRAQLPMWHGESOUXBT,11,7,0,0.34,10.119289,0.843436,0.953987,ITFTORAPHAMSESTIMS,0.769231,0.230769
0.4,256,4,license_plate_bahnschrift.ttf,VJNKYFDZICRAQLPMWHGESOUXBT,11,7,1,0.34,10.119289,0.843436,0.953987,WIMAYENOREABPAWSESTULCS,0.730769,0.269231
0.5,256,4,license_plate_bahnschrift.ttf,VJNKYFDZICRAQLPMWHGESOUXBT,11,7,0,0.425,11.313708,0.8067,0.853272,VISUTSLPS,0.807692,0.192308
0.5,256,4,license_plate_bahnschrift.ttf,VJNKYFDZICRAQLPMWHGESOUXBT,11,7,1,0.425,11.313708,0.8067,0.853272,VIQOEAAPHEAWARSS,0.807692,0.192308
0.6,256,4,license_plate_bahnschrift.ttf,VJNKYFDZICRAQLPMWHGESOUXBT,11,7,0,0.51,12.393547,0.770893,0.778927,WIMATEIONAOLPHAWEESCUICS,0.730769,0.269231
0.6,256,4,license_plate_bahnschrift.ttf,VJNKYFDZICRAQLPMWHGESOUXBT,11,7,1,0.51,12.393547,0.770893,0.778927,VIMCTEDOELPARSAT,0.769231,0.230769
0.7,256,4,license_plate_bahnschrift.ttf,VJNKYFDZICRAQLPMWHGESOUXBT,11,7,0,0.595,13.38656,0.735998,0.721147,VINTEIOICLPRPAWSESAIEST,0.653846,0.346154
0.7,256,4,license_plate_bahnschrift.ttf,VJNKYFDZICRAQLPMWHGESOUXBT,11,7,1,0.595,13.38656,0.735998,0.721147,VISOTEOONSSEADLPHEAWRESSALCT,0.807692,0.192308
0.8,256,4,license_plate_bahnschrift.ttf,VJNKYFDZICRAQLPMWHGESOUXBT,11,7,0,0.68,14.310835,0.701998,0.674571,VISOTEIORPRAWEESOULORT,0.692308,0.307692
0.8,256,4,license_plate_bahnschrift.ttf,VJNKYFDZICRAQLPMWHGESOUXBT,11,7,1,0.68,14.310835,0.701998,0.674571,VIMATEDOIOADPRCAHSESCULT,0.653846,0.346154
0.9,256,4,license_plate_bahnschrift.ttf,VJNKYFDZICRAQLPMWHGESOUXBT,11,7,0,0.765,15.178933,0.668877,0.635992,VANMPFIOIEALPRAWRESCULOST,0.615385,0.384615
0.9,256,4,license_plate_bahnschrift.ttf,VJNKYFDZICRAQLPMWHGESOUXBT,11,7,1,0.765,15.178933,0.668877,0.635992,VJSOFFDUIRLALPRENHEESOULEST,0.538462,0.461538
1.0,256,4,license_plate_bahnschrift.ttf,VJNKYFDZICRAQLPMWHGESOUXBT,11,7,0,0.85,16.0,0.63662,0.603355,VIMAIEDQIEDPREAHEESOELORT,0.730769,0.269231
1.0,256,4,license_plate_bahnschrift.ttf,VJNKYFDZICRAQLPMWHGESOUXBT,11,7,1,0.85,16.0,0.63662,0.603355,VINTFEDQICRALLPRIWWGESOELST,0.461538,0.538462
0.1,1024,4,license_plate_bahnschrift.ttf,VJNKYFDZICRAQLPMWHGESOUXBT,11,7,0,0.085,5.059644,0.959381,1.907975,VIMSTEORLULPHEAWOESIT,0.730769,0.269231
0.1,1024,4,license_plate_bahnschrift.ttf,VJNKYFDZICRAQLPMWHGESOUXBT,11,7,1,0.085,5.059644,0.959381,1.907975,VIMETSCRLSPHEAEPSII,0.769231,0.230769
0.2,1024,4,license_plate_bahnschrift.ttf,VJNKYFDZICRAQLPMWHGESOUXBT,11,7,0,0.17,7.155418,0.919759,1.349142,VIMSTETORLSLPREAS,0.807692,0.192308
0.2,1024,4,license_plate_bahnschrift.ttf,VJNKYFDZICRAQLPMWHGESOUXBT,11,7,1,0.17,7.155418,0.919759,1.349142,NIMSTEORLSLPHEAWORSCIKS,0.846154,0.153846
0.3,1024,4,license_plate_bahnschrift.ttf,VJNKYFDZICRAQLPMWHGESOUXBT,11,7,0,0.255,8.763561,0.881116,1.10157,VIMATEIORLSPHEAWRESIS,0.807692,0.192308
0.3,1024,4,license_plate_bahnschrift.ttf,VJNKYFDZICRAQLPMWHGESOUXBT,11,7,1,0.255,8.763561,0.881116,1.10157,VIMETETORLSPAWSESCS,0.769231,0.230769
0.4,1024,4,license_plate_bahnschrift.ttf,VJNKYFDZICRAQLPMWHGESOUXBT,11,7,0,0.34,10.119289,0.843436,0.953987,VIMATETORRPHAWRS,0.846154,0.153846
0.4,1024,4,license_plate_bahnschrift.ttf,VJNKYFDZICRAQLPMWHGESOUXBT,11,7,1,0.34,10.119289,0.843436,0.953987,VIMTETORSPHEAWRPSS,0.807692,0.192308
0.5,1024,4,license_plate_bahnschrift.ttf,VJNKYFDZICRAQLPMWHGESOUXBT,11,7,0,0.425,11.313708,0.8067,0.853272,VIMMTEDOPLLPPAWSALS,0.807692,0.192308
0.5,1024,4,license_plate_bahnschrift.ttf,VJNKYFDZICRAQLPMWHGESOUXBT,11,7,1,0.425,11.313708,0.8067,0.853272,VIMTETORSPREAWSESLES,0.807692,0.192308
0.6,1024,4,license_plate_bahnschrift.ttf,VJNKYFDZICRAQLPMWHGESOUXBT,11,7,0,0.51,12.393547,0.770893,0.778927,VIMACTEIORSPRAWRSS,0.807692,0.192308
0.6,1024,4,license_plate_bahnschrift.ttf,VJNKYFDZICRAQLPMWHGESOUXBT,11,7,1,0.51,12.393547,0.770893,0.778927,VIMMTEIORSBOLPREAHBSAST,0.769231,0.230769
0.7,1024,4,license_plate_bahnschrift.ttf,VJNKYFDZICRAQLPMWHGESOUXBT,11,7,0,0.595,13.38656,0.735998,0.721147,VIMMTEDOICSLPREAHSESSULCST,0.653846,0.346154
0.7,1024,4,license_plate_bahnschrift.ttf,VJNKYFDZICRAQLPMWHGESOUXBT,11,7,1,0.595,13.38656,0.735998,0.721147,VIMATEDOEPALPRAWSESCAUS,0.730769,0.269231
0.8,1024,4,license_plate_bahnschrift.ttf,VJNKYFDZICRAQLPMWHGESOUXBT,11,7,0,0.68,14.310835,0.701998,0.674571,VISTEIOICRLPPAHBESOLO,0.615385,0.384615
0.8,1024,4,license_plate_bahnschrift.ttf,VJNKYFDZICRAQLPMWHGESOUXBT,11,7,1,0.68,14.310835,0.701998,0.674571,VIMATEIOIOALPRAHSESCULOST,0.653846,0.346154
0.9,1024,4,license_plate_bahnschrift.ttf,VJNKYFDZICRAQLPMWHGESOUXBT,11,7,0,0.765,15.178933,0.668877,0.635992,VINUTEDQICRLPRAWBESOULORT,0.538462,0.461538
0.9,1024,4,license_plate_bahnschrift.ttf,VJNKYFDZICRAQLPMWHGESOUXBT,11,7,1,0.765,15.178933,0.668877,0.635992,VIMAPEDOICRAOLPRRAHSESCLT,0.576923,0.423077
1.0,1024,4,license_plate_bahnschrift.ttf,VJNKYFDZICRAQLPMWHGESOUXBT,11,7,0,0.85,16.0,0.63662,0.603355,VINCTEDOICRALPRRAHSESOUOT,0.461538,0.538462
1.0,1024,4,license_plate_bahnschrift.ttf,VJNKYFDZICRAQLPMWHGESOUXBT,11,7,1,0.85,16.0,0.63662,0.603355,VISEOTEDOICRADLPREWHSESOULCT,0.5,0.5
0.1,4096,4,license_plate_bahnschrift.ttf,VJNKYFDZICRAQLPMWHGESOUXBT,11,7,0,0.085,5.059644,0.959381,1.907975,VIMGTEORLEUPHWOS,0.807692,0.192308
0.1,4096,4,license_plate_bahnschrift.ttf,VJNKYFDZICRAQLPMWHGESOUXBT,11,7,1,0.085,5.059644,0.959381,1.907975,NIMSTCRLSPREAWORSI,0.807692,0.192308
0.2,4096,4,license_plate_bahnschrift.ttf,VJNKYFDZICRAQLPMWHGESOUXBT,11,7,0,0.17,7.155418,0.919759,1.349142,VIMSTETORLSALLPHEAWORSIS,0.769231,0.230769
0.2,4096,4,license_plate_bahnschrift.ttf,VJNKYFDZICRAQLPMWHGESOUXBT,11,7,1,0.17,7.155418,0.919759,1.349142,VIMATETORLSPREAWERSOITS,0.807692,0.192308
0.3,4096,4,license_plate_bahnschrift.ttf,VJNKYFDZICRAQLPMWHGESOUXBT,11,7,0,0.255,8.763561,0.881116,1.10157,VIMSTETORLSLPHEAWFRSS,0.769231,0.230769
0.3,4096,4,license_plate_bahnschrift.ttf,VJNKYFDZICRAQLPMWHGESOUXBT,11,7,1,0.255,8.763561,0.881116,1.10157,VIMSTETORLSPAWSRSLS,0.807692,0.192308
0.4,4096,4,license_plate_bahnschrift.ttf,VJNKYFDZICRAQLPMWHGESOUXBT,11,7,0,0.34,10.119289,0.843436,0.953987,VIMATEIORPHEAWRSCS,0.769231,0.230769
0.4,4096,4,license_plate_bahnschrift.ttf,VJNKYFDZICRAQLPMWHGESOUXBT,11,7,1,0.34,10.119289,0.843436,0.953987,VIMATEIORSPHEAWBRSS,0.769231,0.230769
0.5,4096,4,license_plate_bahnschrift.ttf,VJNKYFDZICRAQLPMWHGESOUXBT,11,7,0,0.425,11.313708,0.8067,0.853272,VIMCTEDORSPREAWBESALES,0.769231,0.230769
0.5,4096,4,license_plate_bahnschrift.ttf,VJNKYFDZICRAQLPMWHGESOUXBT,11,7,1,0.425,11.313708,0.8067,0.853272,VIMATEDORSPREAWBESALEST,0.730769,0.269231
0.6,4096,4,license_plate_bahnschrift.ttf,VJNKYFDZICRAQLPMWHGESOUXBT,11,7,0,0.51,12.393547,0.770893,0.778927,VIMATEIOISBLPRAEAWBESALS,0.846154,0.153846
0.6,4096,4,license_plate_bahnschrift.ttf,VJNKYFDZICRAQLPMWHGESOUXBT,11,7,1,0.51,12.393547,0.770893,0.778927,VIMATEIOISBLPREAHSCALS,0.807692,0.192308
0.7,4096,4,license_plate_bahnschrift.ttf,VJNKYFDZICRAQLPMWHGESOUXBT,11,7,0,0.595,13.38656,0.735998,0.721147,VIMCTEDOICSLPRPAWBESCALOST,0.692308,0.307692
0.7,4096,4,license_plate_bahnschrift.ttf,VJNKYFDZICRAQLPMWHGESOUXBT,11,7,1,0.595,13.38656,0.735998,0.721147,VIMAMTEIOISALPAWSESUST,0.653846,0.346154
0.8,4096,4,license_plate_bahnschrift.ttf,VJNKYFDZICRAQLPMWHGESOUXBT,11,7,0,0.68,14.310835,0.701998,0.674571,VINECTEDQICROLPRAHBESCELOST,0.615385,0.384615
0.8,4096,4,license_plate_bahnschrift.ttf,VJNKYFDZICRAQLPMWHGESOUXBT,11,7,1,0.68,14.310835,0.701998,0.674571,VINECTEDOICRLPAHBSOELORT,0.615385,0.384615
0.9,4096,4,license_plate_bahnschrift.ttf,VJNKYFDZICRAQLPMWHGESOUXBT,11,7,0,0.765,15.178933,0.668877,0.635992,VIMCTEDOICRAOLPREAWSESOCLOST,0.615385,0.384615
0.9,4096,4,license_plate_bahnschrift.ttf,VJNKYFDZICRAQLPMWHGESOUXBT,11,7,1,0.765,15.178933,0.668877,0.635992,VIMCTEDOICRADLPREAHSESOULORT,0.538462,0.461538
1.0,4096,4,license_plate_bahnschrift.ttf,VJNKYFDZICRAQLPMWHGESOUXBT,11,7,0,0.85,16.0,0.63662,0.603355,VINCTEDOICRADLPREAHGESOULORT,0.461538,0.538462
1.0,4096,4,license_plate_bahnschrift.ttf,VJNKYFDZICRAQLPMWHGESOUXBT,11,7,1,0.85,16.0,0.63662,0.603355,VINTEDQICRADLPRRAHSESOULORT,0.5,0.5
0.1,16384,4,license_plate_bahnschrift.ttf,VJNKYFDZICRAQLPMWHGESOUXBT,11,7,0,0.085,5.059644,0.959381,1.907975,VIMSTCRLSUALLPHAWOPSIKS,0.807692,0.192308
0.1,16384,4,license_plate_bahnschrift.ttf,VJNKYFDZICRAQLPMWHGESOUXBT,11,7,1,0.085,5.059644,0.959381,1.907975,VIMKTETORLSPHAWORSIK,0.769231,0.230769
0.2,16384,4,license_plate_bahnschrift.ttf,VJNKYFDZICRAQLPMWHGESOUXBT,11,7,0,0.17,7.155418,0.919759,1.349142,VIMSTETORLELPREAWERSOIS,0.769231,0.230769
0.2,16384,4,license_plate_bahnschrift.ttf,VJNKYFDZICRAQLPMWHGESOUXBT,11,7,1,0.17,7.155418,0.919759,1.349142,VIMATETORLSPREAWORSOIS,0.846154,0.153846
0.3,16384,4,license_plate_bahnschrift.ttf,VJNKYFDZICRAQLPMWHGESOUXBT,11,7,0,0.255,8.763561,0.881116,1.10157,VIMETETORSPEAWSCS,0.846154,0.153846
0.3,16384,4,license_plate_bahnschrift.ttf,VJNKYFDZICRAQLPMWHGESOUXBT,11,7,1,0.255,8.763561,0.881116,1.10157,VIMATETORLSPREAWSOS,0.807692,0.192308
0.4,16384,4,license_plate_bahnschrift.ttf,VJNKYFDZICRAQLPMWHGESOUXBT,11,7,0,0.34,10.119289,0.843436,0.953987,VIMATEIORSPHEAWSAS,0.769231,0.230769
0.4,16384,4,license_plate_bahnschrift.ttf,VJNKYFDZICRAQLPMWHGESOUXBT,11,7,1,0.34,10.119289,0.843436,0.953987,VIMATEIORSPHEAWSS,0.769231,0.230769
0.5,16384,4,license_plate_bahnschrift.ttf,VJNKYFDZICRAQLPMWHGESOUXBT,11,7,0,0.425,11.313708,0.8067,0.853272,VIMTEDOISPREAWBESALES,0.769231,0.230769
0.5,16384,4,license_plate_bahnschrift.ttf,VJNKYFDZICRAQLPMWHGESOUXBT,11,7,1,0.425,11.313708,0.8067,0.853272,VIMTEDORLPREAWESULES,0.692308,0.307692
0.6,16384,4,license_plate_bahnschrift.ttf,VJNKYFDZICRAQLPMWHGESOUXBT,11,7,0,0.51,12.393547,0.770893,0.778927,VIMTEIORSPRAWBSCALS,0.807692,0.192308
0.6,16384,4,license_plate_bahnschrift.ttf,VJNKYFDZICRAQLPMWHGESOUXBT,11,7,1,0.51,12.393547,0.770893,0.778927,VIMATEIOISBLPREAHBSCAS,0.807692,0.192308
0.7,16384,4,license_plate_bahnschrift.ttf,VJNKYFDZICRAQLPMWHGESOUXBT,11,7,0,0.595,13.38656,0.735998,0.721147,VIMATEDOSPAHBSCALOST,0.807692,0.192308
0.7,16384,4,license_plate_bahnschrift.ttf,VJNKYFDZICRAQLPMWHGESOUXBT,11,7,1,0.595,13.38656,0.735998,0.721147,VIMATEIOIAOPRAWSESOLLST,0.692308,0.307692
0.8,16384,4,license_plate_bahnschrift.ttf,VJNKYFDZICRAQLPMWHGESOUXBT,11,7,0,0.68,14.310835,0.701998,0.674571,VISECTEDQICOLPRRAHBESOELOST,0.692308,0.307692
0.8,16384,4,license_plate_bahnschrift.ttf,VJNKYFDZICRAQLPMWHGESOUXBT,11,7,1,0.68,14.310835,0.701998,0.674571,VINECTEDOICRLPRRAHBESOELOST,0.615385,0.384615
0.9,16384,4,license_plate_bahnschrift.ttf,VJNKYFDZICRAQLPMWHGESOUXBT,11,7,0,0.765,15.178933,0.668877,0.635992,VIMCTEDOICRAOLPRPAWESOLOT,0.538462,0.461538
0.9,16384,4,license_plate_bahnschrift.ttf,VJNKYFDZICRAQLPMWHGESOUXBT,11,7,1,0.765,15.178933,0.668877,0.635992,VIMCTEDOICRAOLPRRAWEESOULOST,0.576923,0.423077
1.0,16384,4,license_plate_bahnschrift.ttf,VJNKYFDZICRAQLPMWHGESOUXBT,11,7,0,0.85,16.0,0.63662,0.603355,VINECTEDOICRADLPRRAWGESOULORT,0.538462,0.461538
1.0,16384,4,license_plate_bahnschrift.ttf,VJNKYFDZICRAQLPMWHGESOUXBT,11,7,1,0.85,16.0,0.63662,0.603355,VINECTEDQICROLPRPAWBESOULORT,0.615385,0.384615
0.1,65536,4,license_plate_bahnschrift.ttf,VJNKYFDZICRAQLPMWHGESOUXBT,11,7,0,0.085,5.059644,0.959381,1.907975,VIMSTORLSUALLPHAWOPSIKS,0.807692,0.192308
0.1,65536,4,license_plate_bahnschrift.ttf,VJNKYFDZICRAQLPMWHGESOUXBT,11,7,1,0.085,5.059644,0.959381,1.907975,VIMSTORLSULLPHEAWOPSOIKS,0.846154,0.153846
0.2,65536,4,license_plate_bahnschrift.ttf,VJNKYFDZICRAQLPMWHGESOUXBT,11,7,0,0.17,7.155418,0.919759,1.349142,VIMSTETORLSLLPEAWOPSOIS,0.807692,0.192308
0.2,65536,4,license_plate_bahnschrift.ttf,VJNKYFDZICRAQLPMWHGESOUXBT,11,7,1,0.17,7.155418,0.919759,1.349142,VIMSTETORLSPREAWSOIS,0.807692,0.192308
0.3,65536,4,license_plate_bahnschrift.ttf,VJNKYFDZICRAQLPMWHGESOUXBT,11,7,0,0.255,8.763561,0.881116,1.10157,VIMATEIORSPEAWSS,0.807692,0.192308
0.3,65536,4,license_plate_bahnschrift.ttf,VJNKYFDZICRAQLPMWHGESOUXBT,11,7,1,0.255,8.763561,0.881116,1.10157,VIMETETORSPAWSOS,0.769231,0.230769
0.4,65536,4,license_plate_bahnschrift.ttf,VJNKYFDZICRAQLPMWHGESOUXBT,11,7,0,0.34,10.119289,0.843436,0.953987,VIMATEIORSBLPAEAWBSCS,0.769231,0.230769
0.4,65536,4,license_plate_bahnschrift.ttf,VJNKYFDZICRAQLPMWHGESOUXBT,11,7,1,0.34,10.119289,0.843436,0.953987,VIMATEIORSPHEAWBSAS,0.769231,0.230769
0.5,65536,4,license_plate_bahnschrift.ttf,VJNKYFDZICRAQLPMWHGESOUXBT,11,7,0,0.425,11.313708,0.8067,0.853272,VIMTEDORSPREAWSESULGS,0.730769,0.269231
0.5,65536,4,license_plate_bahnschrift.ttf,VJNKYFDZICRAQLPMWHGESOUXBT,11,7,1,0.425,11.313708,0.8067,0.853272,VIMATEDORSLPREAWSESALEST,0.730769,0.269231
0.6,65536,4,license_plate_bahnschrift.ttf,VJNKYFDZICRAQLPMWHGESOUXBT,11,7,0,0.51,12.393547,0.770893,0.778927,VIMCTEIORSBLPRAHBSALS,0.730769,0.269231
0.6,65536,4,license_plate_bahnschrift.ttf,VJNKYFDZICRAQLPMWHGESOUXBT,11,7,1,0.51,12.393547,0.770893,0.778927,VIMATEIORLPREAWBESCALS,0.769231,0.230769
0.7,65536,4,license_plate_bahnschrift.ttf,VJNKYFDZICRAQLPMWHGESOUXBT,11,7,0,0.595,13.38656,0.735998,0.721147,VIMACTEDOICSOLPREAWSESCULEST,0.730769,0.269231
0.7,65536,4,license_plate_bahnschrift.ttf,VJNKYFDZICRAQLPMWHGESOUXBT,11,7,1,0.595,13.38656,0.735998,0.721147,VIMATEIOICSOLPREAWSESOULST,0.653846,0.346154
0.8,65536,4,license_plate_bahnschrift.ttf,VJNKYFDZICRAQLPMWHGESOUXBT,11,7,0,0.68,14.310835,0.701998,0.674571,VINECTEDOICROLPRAHBESOELORT,0.576923,0.423077
0.8,65536,4,license_plate_bahnschrift.ttf,VJNKYFDZICRAQLPMWHGESOUXBT,11,7,1,0.68,14.310835,0.701998,0.674571,VIMCTEIOICRAOPAHBESCLST,0.615385,0.384615
0.9,65536,4,license_plate_bahnschrift.ttf,VJNKYFDZICRAQLPMWHGESOUXBT,11,7,0,0.765,15.178933,0.668877,0.635992,VIMCTEDOICRAOLPREAWEESOULORT,0.576923,0.423077
0.9,65536,4,license_plate_bahnschrift.ttf,VJNKYFDZICRAQLPMWHGESOUXBT,11,7,1,0.765,15.178933,0.668877,0.635992,VINCTEDOICSAOLPRPAWEESCULOST,0.615385,0.384615
1.0,65536,4,license_plate_bahnschrift.ttf,VJNKYFDZICRAQLPMWHGESOUXBT,11,7,0,0.85,16.0,0.63662,0.603355,VINECTEDQICRADLPROAWBESOLORT,0.576923,0.423077
1.0,65536,4,license_plate_bahnschrift.ttf,VJNKYFDZICRAQLPMWHGESOUXBT,11,7,1,0.85,16.0,0.63662,0.603355,VINECTEDQICAOLPRPAWSESOCLORT,0.653846,0.346154
0.1,4,4,license_plate_bahnschrift.ttf,VJNKYFDZICRAQLPMWHGESOUXBT,11,11,0,0.085,5.059644,0.959381,1.907975,,1.0,0.0
0.1,4,4,license_plate_bahnschrift.ttf,VJNKYFDZICRAQLPMWHGESOUXBT,11,11,1,0.085,5.059644,0.959381,1.907975,,1.0,0.0
0.2,4,4,license_plate_bahnschrift.ttf,VJNKYFDZICRAQLPMWHGESOUXBT,11,11,0,0.17,7.155418,0.919759,1.349142,,1.0,0.0
0.2,4,4,license_plate_bahnschrift.ttf,VJNKYFDZICRAQLPMWHGESOUXBT,11,11,1,0.17,7.155418,0.919759,1.349142,,1.0,0.0
0.3,4,4,license_plate_bahnschrift.ttf,VJNKYFDZICRAQLPMWHGESOUXBT,11,11,0,0.255,8.763561,0.881116,1.10157,ANTT,0.923077,0.076923
0.3,4,4,license_plate_bahnschrift.ttf,VJNKYFDZICRAQLPMWHGESOUXBT,11,11,1,0.255,8.763561,0.881116,1.10157,CAOT,0.846154,0.153846
0.4,4,4,license_plate_bahnschrift.ttf,VJNKYFDZICRAQLPMWHGESOUXBT,11,11,0,0.34,10.119289,0.843436,0.953987,,1.0,0.0
0.4,4,4,license_plate_bahnschrift.ttf,VJNKYFDZICRAQLPMWHGESOUXBT,11,11,1,0.34,10.119289,0.843436,0.953987,,1.0,0.0
0.5,4,4,license_plate_bahnschrift.ttf,VJNKYFDZICRAQLPMWHGESOUXBT,11,11,0,0.425,11.313708,0.8067,0.853272,BREAD,0.923077,0.076923
0.5,4,4,license_plate_bahnschrift.ttf,VJNKYFDZICRAQLPMWHGESOUXBT,11,11,1,0.425,11.313708,0.8067,0.853272,DTT,0.923077,0.076923
0.6,4,4,license_plate_bahnschrift.ttf,VJNKYFDZICRAQLPMWHGESOUXBT,11,11,0,0.51,12.393547,0.770893,0.778927,REPTELLS,0.884615,0.115385
0.6,4,4,license_plate_bahnschrift.ttf,VJNKYFDZICRAQLPMWHGESOUXBT,11,11,1,0.51,12.393547,0.770893,0.778927,,1.0,0.0
0.7,4,4,license_plate_bahnschrift.ttf,VJNKYFDZICRAQLPMWHGESOUXBT,11,11,0,0.595,13.38656,0.735998,0.721147,AEATEEA,0.923077,0.076923
0.7,4,4,license_plate_bahnschrift.ttf,VJNKYFDZICRAQLPMWHGESOUXBT,11,11,1,0.595,13.38656,0.735998,0.721147,S,0.961538,0.038462
0.8,4,4,license_plate_bahnschrift.ttf,VJNKYFDZICRAQLPMWHGESOUXBT,11,11,0,0.68,14.310835,0.701998,0.674571,,1.0,0.0
0.8,4,4,license_plate_bahnschrift.ttf,VJNKYFDZICRAQLPMWHGESOUXBT,11,11,1,0.68,14.310835,0.701998,0.674571,,1.0,0.0
0.9,4,4,license_plate_bahnschrift.ttf,VJNKYFDZICRAQLPMWHGESOUXBT,11,11,0,0.765,15.178933,0.668877,0.635992,CEDURES,0.846154,0.153846
0.9,4,4,license_plate_bahnschrift.ttf,VJNKYFDZICRAQLPMWHGESOUXBT,11,11,1,0.765,15.178933,0.668877,0.635992,NTSOIREEEATS,0.846154,0.153846
1.0,4,4,license_plate_bahnschrift.ttf,VJNKYFDZICRAQLPMWHGESOUXBT,11,11,0,0.85,16.0,0.63662,0.603355,TASBOM,0.923077,0.076923
1.0,4,4,license_plate_bahnschrift.ttf,VJNKYFDZICRAQLPMWHGESOUXBT,11,11,1,0.85,16.0,0.63662,0.603355,SE,0.961538,0.038462
0.1,16,4,license_plate_bahnschrift.ttf,VJNKYFDZICRAQLPMWHGESOUXBT,11,11,0,0.085,5.059644,0.959381,1.907975,,1.0,0.0
0.1,16,4,license_plate_bahnschrift.ttf,VJNKYFDZICRAQLPMWHGESOUXBT,11,11,1,0.085,5.059644,0.959381,1.907975,MSEFSTRETCF,0.884615,0.115385
0.2,16,4,license_plate_bahnschrift.ttf,VJNKYFDZICRAQLPMWHGESOUXBT,11,11,0,0.17,7.155418,0.919759,1.349142,PRRIBRYAL,0.884615,0.115385
0.2,16,4,license_plate_bahnschrift.ttf,VJNKYFDZICRAQLPMWHGESOUXBT,11,11,1,0.17,7.155418,0.919759,1.349142,BPT,0.923077,0.076923
0.3,16,4,license_plate_bahnschrift.ttf,VJNKYFDZICRAQLPMWHGESOUXBT,11,11,0,0.255,8.763561,0.881116,1.10157,,1.0,0.0
0.3,16,4,license_plate_bahnschrift.ttf,VJNKYFDZICRAQLPMWHGESOUXBT,11,11,1,0.255,8.763561,0.881116,1.10157,,1.0,0.0
0.4,16,4,license_plate_bahnschrift.ttf,VJNKYFDZICRAQLPMWHGESOUXBT,11,11,0,0.34,10.119289,0.843436,0.953987,,1.0,0.0
0.4,16,4,license_plate_bahnschrift.ttf,VJNKYFDZICRAQLPMWHGESOUXBT,11,11,1,0.34,10.119289,0.843436,0.953987,,1.0,0.0
0.5,16,4,license_plate_bahnschrift.ttf,VJNKYFDZICRAQLPMWHGESOUXBT,11,11,0,0.425,11.313708,0.8067,0.853272,TMM,0.961538,0.038462
0.5,16,4,license_plate_bahnschrift.ttf,VJNKYFDZICRAQLPMWHGESOUXBT,11,11,1,0.425,11.313708,0.8067,0.853272,ST,0.923077,0.076923
0.6,16,4,license_plate_bahnschrift.ttf,VJNKYFDZICRAQLPMWHGESOUXBT,11,11,0,0.51,12.393547,0.770893,0.778927,QOYR,0.923077,0.076923
0.6,16,4,license_plate_bahnschrift.ttf,VJNKYFDZICRAQLPMWHGESOUXBT,11,11,1,0.51,12.393547,0.770893,0.778927,,1.0,0.0
0.7,16,4,license_plate_bahnschrift.ttf,VJNKYFDZICRAQLPMWHGESOUXBT,11,11,0,0.595,13.38656,0.735998,0.721147,,1.0,0.0
0.7,16,4,license_plate_bahnschrift.ttf,VJNKYFDZICRAQLPMWHGESOUXBT,11,11,1,0.595,13.38656,0.735998,0.721147,B,0.961538,0.038462
0.8,16,4,license_plate_bahnschrift.ttf,VJNKYFDZICRAQLPMWHGESOUXBT,11,11,0,0.68,14.310835,0.701998,0.674571,,1.0,0.0
0.8,16,4,license_plate_bahnschrift.ttf,VJNKYFDZICRAQLPMWHGESOUXBT,11,11,1,0.68,14.310835,0.701998,0.674571,PARSER,0.923077,0.076923
0.9,16,4,license_plate_bahnschrift.ttf,VJNKYFDZICRAQLPMWHGESOUXBT,11,11,0,0.765,15.178933,0.668877,0.635992,VANPIEESSFASSVA,0.846154,0.153846
0.9,16,4,license_plate_bahnschrift.ttf,VJNKYFDZICRAQLPMWHGESOUXBT,11,11,1,0.765,15.178933,0.668877,0.635992,,1.0,0.0
1.0,16,4,license_plate_bahnschrift.ttf,VJNKYFDZICRAQLPMWHGESOUXBT,11,11,0,0.85,16.0,0.63662,0.603355,,1.0,0.0
1.0,16,4,license_plate_bahnschrift.ttf,VJNKYFDZICRAQLPMWHGESOUXBT,11,11,1,0.85,16.0,0.63662,0.603355,,1.0,0.0
0.1,64,4,license_plate_bahnschrift.ttf,VJNKYFDZICRAQLPMWHGESOUXBT,11,11,0,0.085,5.059644,0.959381,1.907975,,1.0,0.0
0.1,64,4,license_plate_bahnschrift.ttf,VJNKYFDZICRAQLPMWHGESOUXBT,11,11,1,0.085,5.059644,0.959381,1.907975,,1.0,0.0
0.2,64,4,license_plate_bahnschrift.ttf,VJNKYFDZICRAQLPMWHGESOUXBT,11,11,0,0.17,7.155418,0.919759,1.349142,,1.0,0.0
0.2,64,4,license_plate_bahnschrift.ttf,VJNKYFDZICRAQLPMWHGESOUXBT,11,11,1,0.17,7.155418,0.919759,1.349142,RS,0.923077,0.076923
0.3,64,4,license_plate_bahnschrift.ttf,VJNKYFDZICRAQLPMWHGESOUXBT,11,11,0,0.255,8.763561,0.881116,1.10157,SDLS,0.884615,0.115385
0.3,64,4,license_plate_bahnschrift.ttf,VJNKYFDZICRAQLPMWHGESOUXBT,11,11,1,0.255,8.763561,0.881116,1.10157,,1.0,0.0
0.4,64,4,license_plate_bahnschrift.ttf,VJNKYFDZICRAQLPMWHGESOUXBT,11,11,0,0.34,10.119289,0.843436,0.953987,,1.0,0.0
0.4,64,4,license_plate_bahnschrift.ttf,VJNKYFDZICRAQLPMWHGESOUXBT,11,11,1,0.34,10.119289,0.843436,0.953987,,1.0,0.0
0.5,64,4,license_plate_bahnschrift.ttf,VJNKYFDZICRAQLPMWHGESOUXBT,11,11,0,0.425,11.313708,0.8067,0.853272,,1.0,0.0
0.5,64,4,license_plate_bahnschrift.ttf,VJNKYFDZICRAQLPMWHGESOUXBT,11,11,1,0.425,11.313708,0.8067,0.853272,NES,0.884615,0.115385
0.6,64,4,license_plate_bahnschrift.ttf,VJNKYFDZICRAQLPMWHGESOUXBT,11,11,0,0.51,12.393547,0.770893,0.778927,SLE,0.923077,0.076923
0.6,64,4,license_plate_bahnschrift.ttf,VJNKYFDZICRAQLPMWHGESOUXBT,11,11,1,0.51,12.393547,0.770893,0.778927,,1.0,0.0
0.7,64,4,license_plate_bahnschrift.ttf,VJNKYFDZICRAQLPMWHGESOUXBT,11,11,0,0.595,13.38656,0.735998,0.721147,,1.0,0.0
0.7,64,4,license_plate_bahnschrift.ttf,VJNKYFDZICRAQLPMWHGESOUXBT,11,11,1,0.595,13.38656,0.735998,0.721147,,1.0,0.0
0.8,64,4,license_plate_bahnschrift.ttf,VJNKYFDZICRAQLPMWHGESOUXBT,11,11,0,0.68,14.310835,0.701998,0.674571,,1.0,0.0
0.8,64,4,license_plate_bahnschrift.ttf,VJNKYFDZICRAQLPMWHGESOUXBT,11,11,1,0.68,14.310835,0.701998,0.674571,,1.0,0.0
0.9,64,4,license_plate_bahnschrift.ttf,VJNKYFDZICRAQLPMWHGESOUXBT,11,11,0,0.765,15.178933,0.668877,0.635992,,1.0,0.0
0.9,64,4,license_plate_bahnschrift.ttf,VJNKYFDZICRAQLPMWHGESOUXBT,11,11,1,0.765,15.178933,0.668877,0.635992,,1.0,0.0
1.0,64,4,license_plate_bahnschrift.ttf,VJNKYFDZICRAQLPMWHGESOUXBT,11,11,0,0.85,16.0,0.63662,0.603355,,1.0,0.0
1.0,64,4,license_plate_bahnschrift.ttf,VJNKYFDZICRAQLPMWHGESOUXBT,11,11,1,0.85,16.0,0.63662,0.603355,ROE,0.923077,0.076923
0.1,256,4,license_plate_bahnschrift.ttf,VJNKYFDZICRAQLPMWHGESOUXBT,11,11,0,0.085,5.059644,0.959381,1.907975,,1.0,0.0
0.1,256,4,license_plate_bahnschrift.ttf,VJNKYFDZICRAQLPMWHGESOUXBT,11,11,1,0.085,5.059644,0.959381,1.907975,,1.0,0.0
0.2,256,4,license_plate_bahnschrift.ttf,VJNKYFDZICRAQLPMWHGESOUXBT,11,11,0,0.17,7.155418,0.919759,1.349142,VIUSLWPSLPSES,0.807692,0.192308
0.2,256,4,license_plate_bahnschrift.ttf,VJNKYFDZICRAQLPMWHGESOUXBT,11,11,1,0.17,7.155418,0.919759,1.349142,SOMEONE,0.884615,0.115385
0.3,256,4,license_plate_bahnschrift.ttf,VJNKYFDZICRAQLPMWHGESOUXBT,11,11,0,0.255,8.763561,0.881116,1.10157,VDUETOLPAASU,0.769231,0.230769
0.3,256,4,license_plate_bahnschrift.ttf,VJNKYFDZICRAQLPMWHGESOUXBT,11,11,1,0.255,8.763561,0.881116,1.10157,VINESLU,0.807692,0.192308
0.4,256,4,license_plate_bahnschrift.ttf,VJNKYFDZICRAQLPMWHGESOUXBT,11,11,0,0.34,10.119289,0.843436,0.953987,VIMASSLLTUSS,0.846154,0.153846
0.4,256,4,license_plate_bahnschrift.ttf,VJNKYFDZICRAQLPMWHGESOUXBT,11,11,1,0.34,10.119289,0.843436,0.953987,WUMSIUEAGLPAHSSCU,0.730769,0.269231
0.5,256,4,license_plate_bahnschrift.ttf,VJNKYFDZICRAQLPMWHGESOUXBT,11,11,0,0.425,11.313708,0.8067,0.853272,VUMKDUCELPAWSESTUC,0.615385,0.384615
0.5,256,4,license_plate_bahnschrift.ttf,VJNKYFDZICRAQLPMWHGESOUXBT,11,11,1,0.425,11.313708,0.8067,0.853272,VIMKEFTRECHCLHATAWSESUE,0.730769,0.269231
0.6,256,4,license_plate_bahnschrift.ttf,VJNKYFDZICRAQLPMWHGESOUXBT,11,11,0,0.51,12.393547,0.770893,0.778927,VIMKTFDRICLPPTAHCRSOLCS,0.615385,0.384615
0.6,256,4,license_plate_bahnschrift.ttf,VJNKYFDZICRAQLPMWHGESOUXBT,11,11,1,0.51,12.393547,0.770893,0.778927,VIMETFIICRAOLYAHDESLST,0.576923,0.423077
0.7,256,4,license_plate_bahnschrift.ttf,VJNKYFDZICRAQLPMWHGESOUXBT,11,11,0,0.595,13.38656,0.735998,0.721147,VECFUREOLPNHDESMUST,0.615385,0.384615
0.7,256,4,license_plate_bahnschrift.ttf,VJNKYFDZICRAQLPMWHGESOUXBT,11,11,1,0.595,13.38656,0.735998,0.721147,VIMOULPHESCUKC,0.692308,0.307692
0.8,256,4,license_plate_bahnschrift.ttf,VJNKYFDZICRAQLPMWHGESOUXBT,11,11,0,0.68,14.310835,0.701998,0.674571,VIMSTPIREAOLPDESO,0.692308,0.307692
0.8,256,4,license_plate_bahnschrift.ttf,VJNKYFDZICRAQLPMWHGESOUXBT,11,11,1,0.68,14.310835,0.701998,0.674571,VIMEFELICEAGLPTANDESOU,0.576923,0.423077
0.9,256,4,license_plate_bahnschrift.ttf,VJNKYFDZICRAQLPMWHGESOUXBT,11,11,0,0.765,15.178933,0.668877,0.635992,VIMEPFEDUIORADLPAHBESOLKCST,0.576923,0.423077
0.9,256,4,license_plate_bahnschrift.ttf,VJNKYFDZICRAQLPMWHGESOUXBT,11,11,1,0.765,15.178933,0.668877,0.635992,VIMATFDLUIOTALPTAHSESOLOS,0.615385,0.384615
1.0,256,4,license_plate_bahnschrift.ttf,VJNKYFDZICRAQLPMWHGESOUXBT,11,11,0,0.85,16.0,0.63662,0.603355,VIMEIEDICRALPOTAWEESOLKCR,0.615385,0.384615
1.0,256,4,license_plate_bahnschrift.ttf,VJNKYFDZICRAQLPMWHGESOUXBT,11,11,1,0.85,16.0,0.63662,0.603355,VIMETFICIAOLPTWHCES,0.576923,0.423077
0.1,1024,4,license_plate_bahnschrift.ttf,VJNKYFDZICRAQLPMWHGESOUXBT,11,11,0,0.085,5.059644,0.959381,1.907975,SIESSESSLPATHU,0.846154,0.153846
0.1,1024,4,license_plate_bahnschrift.ttf,VJNKYFDZICRAQLPMWHGESOUXBT,11,11,1,0.085,5.059644,0.959381,1.907975,SISUS,0.884615,0.115385
0.2,1024,4,license_plate_bahnschrift.ttf,VJNKYFDZICRAQLPMWHGESOUXBT,11,11,0,0.17,7.155418,0.919759,1.349142,SIESLPPEH,0.846154,0.153846
0.2,1024,4,license_plate_bahnschrift.ttf,VJNKYFDZICRAQLPMWHGESOUXBT,11,11,1,0.17,7.155418,0.919759,1.349142,SIMSRSSLPPTHU,0.807692,0.192308
0.3,1024,4,license_plate_bahnschrift.ttf,VJNKYFDZICRAQLPMWHGESOUXBT,11,11,0,0.255,8.763561,0.881116,1.10157,VIMELSRSRULPATH,0.807692,0.192308
0.3,1024,4,license_plate_bahnschrift.ttf,VJNKYFDZICRAQLPMWHGESOUXBT,11,11,1,0.255,8.763561,0.881116,1.10157,VIMATPIISULMPTHSSL,0.807692,0.192308
0.4,1024,4,license_plate_bahnschrift.ttf,VJNKYFDZICRAQLPMWHGESOUXBT,11,11,0,0.34,10.119289,0.843436,0.953987,VIMSPFIRESMALPPTAHDESC,0.730769,0.269231
0.4,1024,4,license_plate_bahnschrift.ttf,VJNKYFDZICRAQLPMWHGESOUXBT,11,11,1,0.34,10.119289,0.843436,0.953987,VIMATPIRESALPAHOESC,0.730769,0.269231
0.5,1024,4,license_plate_bahnschrift.ttf,VJNKYFDZICRAQLPMWHGESOUXBT,11,11,0,0.425,11.313708,0.8067,0.853272,VIMATISAULPTAHSO,0.692308,0.307692
0.5,1024,4,license_plate_bahnschrift.ttf,VJNKYFDZICRAQLPMWHGESOUXBT,11,11,1,0.425,11.313708,0.8067,0.853272,VIMATIESALPAAHEESCULCS,0.653846,0.346154
0.6,1024,4,license_plate_bahnschrift.ttf,VJNKYFDZICRAQLPMWHGESOUXBT,11,11,0,0.51,12.393547,0.770893,0.778927,VIMESFODIALPATAHESCLLOS,0.692308,0.307692
0.6,1024,4,license_plate_bahnschrift.ttf,VJNKYFDZICRAQLPMWHGESOUXBT,11,11,1,0.51,12.393547,0.770893,0.778927,VIMATIQICMAOLPAHSSOAS,0.653846,0.346154
0.7,1024,4,license_plate_bahnschrift.ttf,VJNKYFDZICRAQLPMWHGESOUXBT,11,11,0,0.595,13.38656,0.735998,0.721147,VIMKDUCSAGLPATAHDESOLCS,0.615385,0.384615
0.7,1024,4,license_plate_bahnschrift.ttf,VJNKYFDZICRAQLPMWHGESOUXBT,11,11,1,0.595,13.38656,0.735998,0.721147,VIMATEIUICALPTAHSESOUC,0.576923,0.423077
0.8,1024,4,license_plate_bahnschrift.ttf,VJNKYFDZICRAQLPMWHGESOUXBT,11,11,0,0.68,14.310835,0.701998,0.674571,VIMETFDOIEAOLPATANSESOLICS,0.653846,0.346154
0.8,1024,4,license_plate_bahnschrift.ttf,VJNKYFDZICRAQLPMWHGESOUXBT,11,11,1,0.68,14.310835,0.701998,0.674571,VIMATEIUCEAGLPTAHDESOLICS,0.653846,0.346154
0.9,1024,4,license_plate_bahnschrift.ttf,VJNKYFDZICRAQLPMWHGESOUXBT,11,11,0,0.765,15.178933,0.668877,0.635992,VIMEFFICIOIAGLPTAHEESOUICS,0.576923,0.423077
0.9,1024,4,license_plate_bahnschrift.ttf,VJNKYFDZICRAQLPMWHGESOUXBT,11,11,1,0.765,15.178933,0.668877,0.635992,VIMATFIUICEADLPAHSESOLCST,0.538462,0.461538
1.0,1024,4,license_plate_bahnschrift.ttf,VJNKYFDZICRAQLPMWHGESOUXBT,11,11,0,0.85,16.0,0.63662,0.603355,VINETEDUICEAGLPATAWDESOLCET,0.576923,0.423077
1.0,1024,4,license_plate_bahnschrift.ttf,VJNKYFDZICRAQLPMWHGESOUXBT,11,11,1,0.85,16.0,0.63662,0.603355,VIMATEDICEAGLPMTANEESOLCE,0.615385,0.384615
0.1,4096,4,license_plate_bahnschrift.ttf,VJNKYFDZICRAQLPMWHGESOUXBT,11,11,0,0.085,5.059644,0.959381,1.907975,SUESRLPPE,0.846154,0.153846
0.1,4096,4,license_plate_bahnschrift.ttf,VJNKYFDZICRAQLPMWHGESOUXBT,11,11,1,0.085,5.059644,0.959381,1.907975,SRLPPS,0.846154,0.153846
0.2,4096,4,license_plate_bahnschrift.ttf,VJNKYFDZICRAQLPMWHGESOUXBT,11,11,0,0.17,7.155418,0.919759,1.349142,VIMRTRLPT,0.769231,0.230769
0.2,4096,4,license_plate_bahnschrift.ttf,VJNKYFDZICRAQLPMWHGESOUXBT,11,11,1,0.17,7.155418,0.919759,1.349142,VIMRTRSLPPEHS,0.769231,0.230769
0.3,4096,4,license_plate_bahnschrift.ttf,VJNKYFDZICRAQLPMWHGESOUXBT,11,11,0,0.255,8.763561,0.881116,1.10157,VJMRTNRLPPTHDS,0.730769,0.269231
0.3,4096,4,license_plate_bahnschrift.ttf,VJNKYFDZICRAQLPMWHGESOUXBT,11,11,1,0.255,8.763561,0.881116,1.10157,VIMETPORSLPPTHS,0.769231,0.230769
0.4,4096,4,license_plate_bahnschrift.ttf,VJNKYFDZICRAQLPMWHGESOUXBT,11,11,0,0.34,10.119289,0.843436,0.953987,VIMSFURDSSALPTHDSC,0.730769,0.269231
0.4,4096,4,license_plate_bahnschrift.ttf,VJNKYFDZICRAQLPMWHGESOUXBT,11,11,1,0.34,10.119289,0.843436,0.953987,VIMSPINDSSALPTHDSC,0.769231,0.230769
0.5,4096,4,license_plate_bahnschrift.ttf,VJNKYFDZICRAQLPMWHGESOUXBT,11,11,0,0.425,11.313708,0.8067,0.853272,VIMATPIUSAULPTAHDES,0.692308,0.307692
0.5,4096,4,license_plate_bahnschrift.ttf,VJNKYFDZICRAQLPMWHGESOUXBT,11,11,1,0.425,11.313708,0.8067,0.853272,VIMETIUSALPHSS,0.730769,0.269231
0.6,4096,4,license_plate_bahnschrift.ttf,VJNKYFDZICRAQLPMWHGESOUXBT,11,11,0,0.51,12.393547,0.770893,0.778927,VIMSTIICEALPAWESCCS,0.653846,0.346154
0.6,4096,4,license_plate_bahnschrift.ttf,VJNKYFDZICRAQLPMWHGESOUXBT,11,11,1,0.51,12.393547,0.770893,0.778927,VIMETIRISAOLPAHSSCUS,0.692308,0.307692
0.7,4096,4,license_plate_bahnschrift.ttf,VJNKYFDZICRAQLPMWHGESOUXBT,11,11,0,0.595,13.38656,0.735998,0.721147,VIMATCUICSALPTAHBESOS,0.615385,0.384615
0.7,4096,4,license_plate_bahnschrift.ttf,VJNKYFDZICRAQLPMWHGESOUXBT,11,11,1,0.595,13.38656,0.735998,0.721147,VIMETIUICSAOLPTAHSESOUS,0.576923,0.423077
0.8,4096,4,license_plate_bahnschrift.ttf,VJNKYFDZICRAQLPMWHGESOUXBT,11,11,0,0.68,14.310835,0.701998,0.674571,VIMETFDICEAOLPATAWDESOLICS,0.615385,0.384615
0.8,4096,4,license_plate_bahnschrift.ttf,VJNKYFDZICRAQLPMWHGESOUXBT,11,11,1,0.68,14.310835,0.701998,0.674571,VIMATFIUCEAGLPATAHSESLCS,0.692308,0.307692
0.9,4096,4,license_plate_bahnschrift.ttf,VJNKYFDZICRAQLPMWHGESOUXBT,11,11,0,0.765,15.178933,0.668877,0.635992,VIMATEIICEADLPTAHSESOLCST,0.576923,0.423077
0.9,4096,4,license_plate_bahnschrift.ttf,VJNKYFDZICRAQLPMWHGESOUXBT,11,11,1,0.765,15.178933,0.668877,0.635992,VIMETFDICEAOLPAHSESOLCT,0.5,0.5
1.0,4096,4,license_plate_bahnschrift.ttf,VJNKYFDZICRAQLPMWHGESOUXBT,11,11,0,0.85,16.0,0.63662,0.603355,VIMCTEIUICEAGLPAHDESOLCST,0.576923,0.423077
1.0,4096,4,license_plate_bahnschrift.ttf,VJNKYFDZICRAQLPMWHGESOUXBT,11,11,1,0.85,16.0,0.63662,0.603355,VIMCTFDICEAGLPAHDESOUCST,0.461538,0.538462
0.1,16384,4,license_plate_bahnschrift.ttf,VJNKYFDZICRAQLPMWHGESOUXBT,11,11,0,0.085,5.059644,0.959381,1.907975,SJRLPPTH,0.807692,0.192308
0.1,16384,4,license_plate_bahnschrift.ttf,VJNKYFDZICRAQLPMWHGESOUXBT,11,11,1,0.085,5.059644,0.959381,1.907975,SJESSRSLPPTU,0.807692,0.192308
0.2,16384,4,license_plate_bahnschrift.ttf,VJNKYFDZICRAQLPMWHGESOUXBT,11,11,0,0.17,7.155418,0.919759,1.349142,VIRRLPTH,0.769231,0.230769
0.2,16384,4,license_plate_bahnschrift.ttf,VJNKYFDZICRAQLPMWHGESOUXBT,11,11,1,0.17,7.155418,0.919759,1.349142,VIMSESLPTDU,0.807692,0.192308
0.3,16384,4,license_plate_bahnschrift.ttf,VJNKYFDZICRAQLPMWHGESOUXBT,11,11,0,0.255,8.763561,0.881116,1.10157,VIMATNRSSLPPTHDSL,0.769231,0.230769
0.3,16384,4,license_plate_bahnschrift.ttf,VJNKYFDZICRAQLPMWHGESOUXBT,11,11,1,0.255,8.763561,0.881116,1.10157,VIMETSRSLPPTHDSU,0.730769,0.269231
0.4,16384,4,license_plate_bahnschrift.ttf,VJNKYFDZICRAQLPMWHGESOUXBT,11,11,0,0.34,10.119289,0.843436,0.953987,VIMSFIRESALPTDSC,0.769231,0.230769
0.4,16384,4,license_plate_bahnschrift.ttf,VJNKYFDZICRAQLPMWHGESOUXBT,11,11,1,0.34,10.119289,0.843436,0.953987,VIMSFIRESSALPATAHDESS,0.730769,0.269231
0.5,16384,4,license_plate_bahnschrift.ttf,VJNKYFDZICRAQLPMWHGESOUXBT,11,11,0,0.425,11.313708,0.8067,0.853272,VIMATPIISAULPTAHDESS,0.692308,0.307692
0.5,16384,4,license_plate_bahnschrift.ttf,VJNKYFDZICRAQLPMWHGESOUXBT,11,11,1,0.425,11.313708,0.8067,0.853272,VIMATIESAULPTAHDESS,0.692308,0.307692
0.6,16384,4,license_plate_bahnschrift.ttf,VJNKYFDZICRAQLPMWHGESOUXBT,11,11,0,0.51,12.393547,0.770893,0.778927,VIMETPIDISAOLPAWSESS,0.692308,0.307692
0.6,16384,4,license_plate_bahnschrift.ttf,VJNKYFDZICRAQLPMWHGESOUXBT,11,11,1,0.51,12.393547,0.770893,0.778927,VIMEIEEAOLPAHESS,0.692308,0.307692
0.7,16384,4,license_plate_bahnschrift.ttf,VJNKYFDZICRAQLPMWHGESOUXBT,11,11,0,0.595,13.38656,0.735998,0.721147,VIMATFDUICSAOLPTAHSESOLS,0.538462,0.461538
0.7,16384,4,license_plate_bahnschrift.ttf,VJNKYFDZICRAQLPMWHGESOUXBT,11,11,1,0.595,13.38656,0.735998,0.721147,VIMETFIUICSAOLPTAHDESOUS,0.538462,0.461538
0.8,16384,4,license_plate_bahnschrift.ttf,VJNKYFDZICRAQLPMWHGESOUXBT,11,11,0,0.68,14.310835,0.701998,0.674571,VIMATFIOICEAGLPATAHSESOLC,0.615385,0.384615
0.8,16384,4,license_plate_bahnschrift.ttf,VJNKYFDZICRAQLPMWHGESOUXBT,11,11,1,0.68,14.310835,0.701998,0.674571,VIMATFCOICEAGLPATAHDESOL,0.615385,0.384615
0.9,16384,4,license_plate_bahnschrift.ttf,VJNKYFDZICRAQLPMWHGESOUXBT,11,11,0,0.765,15.178933,0.668877,0.635992,VIMCFFDUICEAGLPAHSESOLCST,0.5,0.5
0.9,16384,4,license_plate_bahnschrift.ttf,VJNKYFDZICRAQLPMWHGESOUXBT,11,11,1,0.765,15.178933,0.668877,0.635992,VIMAFFIUICRAGLPTAHSESOLCST,0.5,0.5
1.0,16384,4,license_plate_bahnschrift.ttf,VJNKYFDZICRAQLPMWHGESOUXBT,11,11,0,0.85,16.0,0.63662,0.603355,VIMETEDUICEAGLPPAHDESOLCST,0.538462,0.461538
1.0,16384,4,license_plate_bahnschrift.ttf,VJNKYFDZICRAQLPMWHGESOUXBT,11,11,1,0.85,16.0,0.63662,0.603355,VIMETEIDICEAGLPPAHDESOLCST,0.576923,0.423077
0.1,65536,4,license_plate_bahnschrift.ttf,VJNKYFDZICRAQLPMWHGESOUXBT,11,11,0,0.085,5.059644,0.959381,1.907975,SESLPPTU,0.884615,0.115385
0.1,65536,4,license_plate_bahnschrift.ttf,VJNKYFDZICRAQLPMWHGESOUXBT,11,11,1,0.085,5.059644,0.959381,1.907975,VIESRSLPPU,0.807692,0.192308
0.2,65536,4,license_plate_bahnschrift.ttf,VJNKYFDZICRAQLPMWHGESOUXBT,11,11,0,0.17,7.155418,0.919759,1.349142,VIMRTIRSSSLMTHSSU,0.730769,0.269231
0.2,65536,4,license_plate_bahnschrift.ttf,VJNKYFDZICRAQLPMWHGESOUXBT,11,11,1,0.17,7.155418,0.919759,1.349142,VIMRTLPPTH,0.769231,0.230769
0.3,65536,4,license_plate_bahnschrift.ttf,VJNKYFDZICRAQLPMWHGESOUXBT,11,11,0,0.255,8.763561,0.881116,1.10157,VIMRTICRSALMATHDU,0.730769,0.269231
0.3,65536,4,license_plate_bahnschrift.ttf,VJNKYFDZICRAQLPMWHGESOUXBT,11,11,1,0.255,8.763561,0.881116,1.10157,VIMRTISRSLMTHSSU,0.692308,0.307692
0.4,65536,4,license_plate_bahnschrift.ttf,VJNKYFDZICRAQLPMWHGESOUXBT,11,11,0,0.34,10.119289,0.843436,0.953987,VIMAIRDSSALPTHDSC,0.730769,0.269231
0.4,65536,4,license_plate_bahnschrift.ttf,VJNKYFDZICRAQLPMWHGESOUXBT,11,11,1,0.34,10.119289,0.843436,0.953987,VIMSFIRDSSALPTHDSC,0.730769,0.269231
0.5,65536,4,license_plate_bahnschrift.ttf,VJNKYFDZICRAQLPMWHGESOUXBT,11,11,0,0.425,11.313708,0.8067,0.853272,VIMATPIISAULPTAHDESS,0.692308,0.307692
0.5,65536,4,license_plate_bahnschrift.ttf,VJNKYFDZICRAQLPMWHGESOUXBT,11,11,1,0.425,11.313708,0.8067,0.853272,VIMATIISAULPTAHDESS,0.692308,0.307692
0.6,65536,4,license_plate_bahnschrift.ttf,VJNKYFDZICRAQLPMWHGESOUXBT,11,11,0,0.51,12.393547,0.770893,0.778927,VIMSTIEALPHDESS,0.692308,0.307692
0.6,65536,4,license_plate_bahnschrift.ttf,VJNKYFDZICRAQLPMWHGESOUXBT,11,11,1,0.51,12.393547,0.770893,0.778927,VIMSTIICMALPAWSESCS,0.653846,0.346154
0.7,65536,4,license_plate_bahnschrift.ttf,VJNKYFDZICRAQLPMWHGESOUXBT,11,11,0,0.595,13.38656,0.735998,0.721147,VIMATFCUICSAOLPAHSESOLS,0.576923,0.423077
0.7,65536,4,license_plate_bahnschrift.ttf,VJNKYFDZICRAQLPMWHGESOUXBT,11,11,1,0.595,13.38656,0.735998,0.721147,VIMATFDUICSAOLPATAHSESOLCST,0.538462,0.461538
0.8,65536,4,license_plate_bahnschrift.ttf,VJNKYFDZICRAQLPMWHGESOUXBT,11,11,0,0.68,14.310835,0.701998,0.674571,VIMATFIOICSAGLPATAHSESOLCS,0.615385,0.384615
0.8,65536,4,license_plate_bahnschrift.ttf,VJNKYFDZICRAQLPMWHGESOUXBT,11,11,1,0.68,14.310835,0.701998,0.674571,VIMATFDOICEAGLPATAHDESOLCS,0.576923,0.423077
0.9,65536,4,license_plate_bahnschrift.ttf,VJNKYFDZICRAQLPMWHGESOUXBT,11,11,0,0.765,15.178933,0.668877,0.635992,VIMCTFDUICEAGLPPAHSESOLCST,0.5,0.5
0.9,65536,4,license_plate_bahnschrift.ttf,VJNKYFDZICRAQLPMWHGESOUXBT,11,11,1,0.765,15.178933,0.668877,0.635992,VIMATFIUICEAGLPAHSESOLCST,0.538462,0.461538
1.0,65536,4,license_plate_bahnschrift.ttf,VJNKYFDZICRAQLPMWHGESOUXBT,11,11,0,0.85,16.0,0.63662,0.603355,VIMETEIDICEAGLPPAHSESOLICST,0.615385,0.384615
1.0,65536,4,license_plate_bahnschrift.ttf,VJNKYFDZICRAQLPMWHGESOUXBT,11,11,1,0.85,16.0,0.63662,0.603355,VIMETEIICEAGLPPAHSESOUICST,0.576923,0.423077
0.1,4,4,license_plate_bahnschrift.ttf,VJNKYFDZICRAQLPMWHGESOUXBT,11,15,0,0.085,5.059644,0.959381,1.907975,GC,0.961538,0.038462
0.1,4,4,license_plate_bahnschrift.ttf,VJNKYFDZICRAQLPMWHGESOUXBT,11,15,1,0.085,5.059644,0.959381,1.907975,REM,0.923077,0.076923
0.2,4,4,license_plate_bahnschrift.ttf,VJNKYFDZICRAQLPMWHGESOUXBT,11,15,0,0.17,7.155418,0.919759,1.349142,,1.0,0.0
0.2,4,4,license_plate_bahnschrift.ttf,VJNKYFDZICRAQLPMWHGESOUXBT,11,15,1,0.17,7.155418,0.919759,1.349142,,1.0,0.0
0.3,4,4,license_plate_bahnschrift.ttf,VJNKYFDZICRAQLPMWHGESOUXBT,11,15,0,0.255,8.763561,0.881116,1.10157,,1.0,0.0
0.3,4,4,license_plate_bahnschrift.ttf,VJNKYFDZICRAQLPMWHGESOUXBT,11,15,1,0.255,8.763561,0.881116,1.10157,BACAASONNDD,0.846154,0.153846
0.4,4,4,license_plate_bahnschrift.ttf,VJNKYFDZICRAQLPMWHGESOUXBT,11,15,0,0.34,10.119289,0.843436,0.953987,,1.0,0.0
0.4,4,4,license_plate_bahnschrift.ttf,VJNKYFDZICRAQLPMWHGESOUXBT,11,15,1,0.34,10.119289,0.843436,0.953987,,1.0,0.0
0.5,4,4,license_plate_bahnschrift.ttf,VJNKYFDZICRAQLPMWHGESOUXBT,11,15,0,0.425,11.313708,0.8067,0.853272,RONRVC,0.923077,0.076923
0.5,4,4,license_plate_bahnschrift.ttf,VJNKYFDZICRAQLPMWHGESOUXBT,11,15,1,0.425,11.313708,0.8067,0.853272,NUNE,0.923077,0.076923
0.6,4,4,license_plate_bahnschrift.ttf,VJNKYFDZICRAQLPMWHGESOUXBT,11,15,0,0.51,12.393547,0.770893,0.778927,NAESS,0.846154,0.153846
0.6,4,4,license_plate_bahnschrift.ttf,VJNKYFDZICRAQLPMWHGESOUXBT,11,15,1,0.51,12.393547,0.770893,0.778927,,1.0,0.0
0.7,4,4,license_plate_bahnschrift.ttf,VJNKYFDZICRAQLPMWHGESOUXBT,11,15,0,0.595,13.38656,0.735998,0.721147,,1.0,0.0
0.7,4,4,license_plate_bahnschrift.ttf,VJNKYFDZICRAQLPMWHGESOUXBT,11,15,1,0.595,13.38656,0.735998,0.721147,,1.0,0.0
0.8,4,4,license_plate_bahnschrift.ttf,VJNKYFDZICRAQLPMWHGESOUXBT,11,15,0,0.68,14.310835,0.701998,0.674571,HSDCTST,0.846154,0.153846
0.8,4,4,license_plate_bahnschrift.ttf,VJNKYFDZICRAQLPMWHGESOUXBT,11,15,1,0.68,14.310835,0.701998,0.674571,FROL,0.884615,0.115385
0.9,4,4,license_plate_bahnschrift.ttf,VJNKYFDZICRAQLPMWHGESOUXBT,11,15,0,0.765,15.178933,0.668877,0.635992,,1.0,0.0
0.9,4,4,license_plate_bahnschrift.ttf,VJNKYFDZICRAQLPMWHGESOUXBT,11,15,1,0.765,15.178933,0.668877,0.635992,AEOF,0.884615,0.115385
1.0,4,4,license_plate_bahnschrift.ttf,VJNKYFDZICRAQLPMWHGESOUXBT,11,15,0,0.85,16.0,0.63662,0.603355,ROBERT,0.884615,0.115385
1.0,4,4,license_plate_bahnschrift.ttf,VJNKYFDZICRAQLPMWHGESOUXBT,11,15,1,0.85,16.0,0.63662,0.603355,,1.0,0.0
0.1,16,4,license_plate_bahnschrift.ttf,VJNKYFDZICRAQLPMWHGESOUXBT,11,15,0,0.085,5.059644,0.959381,1.907975,ERSS,0.923077,0.076923
0.1,16,4,license_plate_bahnschrift.ttf,VJNKYFDZICRAQLPMWHGESOUXBT,11,15,1,0.085,5.059644,0.959381,1.907975,RLNS,0.884615,0.115385
0.2,16,4,license_plate_bahnschrift.ttf,VJNKYFDZICRAQLPMWHGESOUXBT,11,15,0,0.17,7.155418,0.919759,1.349142,OSRASAA,0.884615,0.115385
0.2,16,4,license_plate_bahnschrift.ttf,VJNKYFDZICRAQLPMWHGESOUXBT,11,15,1,0.17,7.155418,0.919759,1.349142,,1.0,0.0
0.3,16,4,license_plate_bahnschrift.ttf,VJNKYFDZICRAQLPMWHGESOUXBT,11,15,0,0.255,8.763561,0.881116,1.10157,,1.0,0.0
0.3,16,4,license_plate_bahnschrift.ttf,VJNKYFDZICRAQLPMWHGESOUXBT,11,15,1,0.255,8.763561,0.881116,1.10157,SNBYSHEAS,0.846154,0.153846
0.4,16,4,license_plate_bahnschrift.ttf,VJNKYFDZICRAQLPMWHGESOUXBT,11,15,0,0.34,10.119289,0.843436,0.953987,,1.0,0.0
0.4,16,4,license_plate_bahnschrift.ttf,VJNKYFDZICRAQLPMWHGESOUXBT,11,15,1,0.34,10.119289,0.843436,0.953987,,1.0,0.0
0.5,16,4,license_plate_bahnschrift.ttf,VJNKYFDZICRAQLPMWHGESOUXBT,11,15,0,0.425,11.313708,0.8067,0.853272,PRCSUOT,0.846154,0.153846
0.5,16,4,license_plate_bahnschrift.ttf,VJNKYFDZICRAQLPMWHGESOUXBT,11,15,1,0.425,11.313708,0.8067,0.853272,,1.0,0.0
0.6,16,4,license_plate_bahnschrift.ttf,VJNKYFDZICRAQLPMWHGESOUXBT,11,15,0,0.51,12.393547,0.770893,0.778927,,1.0,0.0
0.6,16,4,license_plate_bahnschrift.ttf,VJNKYFDZICRAQLPMWHGESOUXBT,11,15,1,0.51,12.393547,0.770893,0.778927,,1.0,0.0
0.7,16,4,license_plate_bahnschrift.ttf,VJNKYFDZICRAQLPMWHGESOUXBT,11,15,0,0.595,13.38656,0.735998,0.721147,S,0.961538,0.038462
0.7,16,4,license_plate_bahnschrift.ttf,VJNKYFDZICRAQLPMWHGESOUXBT,11,15,1,0.595,13.38656,0.735998,0.721147,,1.0,0.0
0.8,16,4,license_plate_bahnschrift.ttf,VJNKYFDZICRAQLPMWHGESOUXBT,11,15,0,0.68,14.310835,0.701998,0.674571,,1.0,0.0
0.8,16,4,license_plate_bahnschrift.ttf,VJNKYFDZICRAQLPMWHGESOUXBT,11,15,1,0.68,14.310835,0.701998,0.674571,,1.0,0.0
0.9,16,4,license_plate_bahnschrift.ttf,VJNKYFDZICRAQLPMWHGESOUXBT,11,15,0,0.765,15.178933,0.668877,0.635992,,1.0,0.0
0.9,16,4,license_plate_bahnschrift.ttf,VJNKYFDZICRAQLPMWHGESOUXBT,11,15,1,0.765,15.178933,0.668877,0.635992,,1.0,0.0
1.0,16,4,license_plate_bahnschrift.ttf,VJNKYFDZICRAQLPMWHGESOUXBT,11,15,0,0.85,16.0,0.63662,0.603355,,1.0,0.0
1.0,16,4,license_plate_bahnschrift.ttf,VJNKYFDZICRAQLPMWHGESOUXBT,11,15,1,0.85,16.0,0.63662,0.603355,,1.0,0.0
0.1,64,4,license_plate_bahnschrift.ttf,VJNKYFDZICRAQLPMWHGESOUXBT,11,15,0,0.085,5.059644,0.959381,1.907975,,1.0,0.0
0.1,64,4,license_plate_bahnschrift.ttf,VJNKYFDZICRAQLPMWHGESOUXBT,11,15,1,0.085,5.059644,0.959381,1.907975,,1.0,0.0
0.2,64,4,license_plate_bahnschrift.ttf,VJNKYFDZICRAQLPMWHGESOUXBT,11,15,0,0.17,7.155418,0.919759,1.349142,,1.0,0.0
0.2,64,4,license_plate_bahnschrift.ttf,VJNKYFDZICRAQLPMWHGESOUXBT,11,15,1,0.17,7.155418,0.919759,1.349142,,1.0,0.0
0.3,64,4,license_plate_bahnschrift.ttf,VJNKYFDZICRAQLPMWHGESOUXBT,11,15,0,0.255,8.763561,0.881116,1.10157,,1.0,0.0
0.3,64,4,license_plate_bahnschrift.ttf,VJNKYFDZICRAQLPMWHGESOUXBT,11,15,1,0.255,8.763561,0.881116,1.10157,GET,0.884615,0.115385
0.4,64,4,license_plate_bahnschrift.ttf,VJNKYFDZICRAQLPMWHGESOUXBT,11,15,0,0.34,10.119289,0.843436,0.953987,S,0.961538,0.038462
0.4,64,4,license_plate_bahnschrift.ttf,VJNKYFDZICRAQLPMWHGESOUXBT,11,15,1,0.34,10.119289,0.843436,0.953987,,1.0,0.0
0.5,64,4,license_plate_bahnschrift.ttf,VJNKYFDZICRAQLPMWHGESOUXBT,11,15,0,0.425,11.313708,0.8067,0.853272,WORNALETEESS,0.846154,0.153846
0.5,64,4,license_plate_bahnschrift.ttf,VJNKYFDZICRAQLPMWHGESOUXBT,11,15,1,0.425,11.313708,0.8067,0.853272,,1.0,0.0
0.6,64,4,license_plate_bahnschrift.ttf,VJNKYFDZICRAQLPMWHGESOUXBT,11,15,0,0.51,12.393547,0.770893,0.778927,,1.0,0.0
0.6,64,4,license_plate_bahnschrift.ttf,VJNKYFDZICRAQLPMWHGESOUXBT,11,15,1,0.51,12.393547,0.770893,0.778927,,1.0,0.0
0.7,64,4,license_plate_bahnschrift.ttf,VJNKYFDZICRAQLPMWHGESOUXBT,11,15,0,0.595,13.38656,0.735998,0.721147,,1.0,0.0
0.7,64,4,license_plate_bahnschrift.ttf,VJNKYFDZICRAQLPMWHGESOUXBT,11,15,1,0.595,13.38656,0.735998,0.721147,EU,0.923077,0.076923
0.8,64,4,license_plate_bahnschrift.ttf,VJNKYFDZICRAQLPMWHGESOUXBT,11,15,0,0.68,14.310835,0.701998,0.674571,,1.0,0.0
0.8,64,4,license_plate_bahnschrift.ttf,VJNKYFDZICRAQLPMWHGESOUXBT,11,15,1,0.68,14.310835,0.701998,0.674571,,1.0,0.0
0.9,64,4,license_plate_bahnschrift.ttf,VJNKYFDZICRAQLPMWHGESOUXBT,11,15,0,0.765,15.178933,0.668877,0.635992,,1.0,0.0
0.9,64,4,license_plate_bahnschrift.ttf,VJNKYFDZICRAQLPMWHGESOUXBT,11,15,1,0.765,15.178933,0.668877,0.635992,,1.0,0.0
1.0,64,4,license_plate_bahnschrift.ttf,VJNKYFDZICRAQLPMWHGESOUXBT,11,15,0,0.85,16.0,0.63662,0.603355,,1.0,0.0
1.0,64,4,license_plate_bahnschrift.ttf,VJNKYFDZICRAQLPMWHGESOUXBT,11,15,1,0.85,16.0,0.63662,0.603355,,1.0,0.0
0.1,256,4,license_plate_bahnschrift.ttf,VJNKYFDZICRAQLPMWHGESOUXBT,11,15,0,0.085,5.059644,0.959381,1.907975,WMS,0.923077,0.076923
0.1,256,4,license_plate_bahnschrift.ttf,VJNKYFDZICRAQLPMWHGESOUXBT,11,15,1,0.085,5.059644,0.959381,1.907975,,1.0,0.0
0.2,256,4,license_plate_bahnschrift.ttf,VJNKYFDZICRAQLPMWHGESOUXBT,11,15,0,0.17,7.155418,0.919759,1.349142,SL,0.961538,0.038462
0.2,256,4,license_plate_bahnschrift.ttf,VJNKYFDZICRAQLPMWHGESOUXBT,11,15,1,0.17,7.155418,0.919759,1.349142,,1.0,0.0
0.3,256,4,license_plate_bahnschrift.ttf,VJNKYFDZICRAQLPMWHGESOUXBT,11,15,0,0.255,8.763561,0.881116,1.10157,VIMETORKBALPADESU,0.730769,0.269231
0.3,256,4,license_plate_bahnschrift.ttf,VJNKYFDZICRAQLPMWHGESOUXBT,11,15,1,0.255,8.763561,0.881116,1.10157,VIMEFTORICRROLTNANIZETUE,0.769231,0.230769
0.4,256,4,license_plate_bahnschrift.ttf,VJNKYFDZICRAQLPMWHGESOUXBT,11,15,0,0.34,10.119289,0.843436,0.953987,VIMSSTDRPAGLIMATICSU,0.730769,0.269231
0.4,256,4,license_plate_bahnschrift.ttf,VJNKYFDZICRAQLPMWHGESOUXBT,11,15,1,0.34,10.119289,0.843436,0.953987,VJMPTOUIEACLPMANIECSSU,0.653846,0.346154
0.5,256,4,license_plate_bahnschrift.ttf,VJNKYFDZICRAQLPMWHGESOUXBT,11,15,0,0.425,11.313708,0.8067,0.853272,VIMSTDRCEAOLPTITCSOUCST,0.615385,0.384615
0.5,256,4,license_plate_bahnschrift.ttf,VJNKYFDZICRAQLPMWHGESOUXBT,11,15,1,0.425,11.313708,0.8067,0.853272,VIMSTSPAOLPAATSC,0.807692,0.192308
0.6,256,4,license_plate_bahnschrift.ttf,VJNKYFDZICRAQLPMWHGESOUXBT,11,15,0,0.51,12.393547,0.770893,0.778927,VMCORMELPMANEESCURE,0.692308,0.307692
0.6,256,4,license_plate_bahnschrift.ttf,VJNKYFDZICRAQLPMWHGESOUXBT,11,15,1,0.51,12.393547,0.770893,0.778927,MATDQOAILPRTAN,0.846154,0.153846
0.7,256,4,license_plate_bahnschrift.ttf,VJNKYFDZICRAQLPMWHGESOUXBT,11,15,0,0.595,13.38656,0.735998,0.721147,VIMCTTINEEAULIPTANICSOUNE,0.769231,0.230769
0.7,256,4,license_plate_bahnschrift.ttf,VJNKYFDZICRAQLPMWHGESOUXBT,11,15,1,0.595,13.38656,0.735998,0.721147,VIMNPTIRESAGLPRTANICSOUCS,0.769231,0.230769
0.8,256,4,license_plate_bahnschrift.ttf,VJNKYFDZICRAQLPMWHGESOUXBT,11,15,0,0.68,14.310835,0.701998,0.674571,VIMSTTDCIEAOLIPPTATCOSOLOST,0.730769,0.269231
0.8,256,4,license_plate_bahnschrift.ttf,VJNKYFDZICRAQLPMWHGESOUXBT,11,15,1,0.68,14.310835,0.701998,0.674571,VIMSTICERAILPAEOSOLCE,0.692308,0.307692
0.9,256,4,license_plate_bahnschrift.ttf,VJNKYFDZICRAQLPMWHGESOUXBT,11,15,0,0.765,15.178933,0.668877,0.635992,VIMATODICPAGLIATANECSOUCST,0.615385,0.384615
0.9,256,4,license_plate_bahnschrift.ttf,VJNKYFDZICRAQLPMWHGESOUXBT,11,15,1,0.765,15.178933,0.668877,0.635992,NVIMASTDRIORAILIPANESOUST,0.615385,0.384615
1.0,256,4,license_plate_bahnschrift.ttf,VJNKYFDZICRAQLPMWHGESOUXBT,11,15,0,0.85,16.0,0.63662,0.603355,VIMAYPODICRAOLPRTATICESOLIET,0.615385,0.384615
1.0,256,4,license_plate_bahnschrift.ttf,VJNKYFDZICRAQLPMWHGESOUXBT,11,15,1,0.85,16.0,0.63662,0.603355,VIMETDORPAGLPPTANIIDESOLOS,0.807692,0.192308
0.1,1024,4,license_plate_bahnschrift.ttf,VJNKYFDZICRAQLPMWHGESOUXBT,11,15,0,0.085,5.059644,0.959381,1.907975,VDESOLITISCSS,0.846154,0.153846
0.1,1024,4,license_plate_bahnschrift.ttf,VJNKYFDZICRAQLPMWHGESOUXBT,11,15,1,0.085,5.059644,0.959381,1.907975,VJAUPETS,0.807692,0.192308
0.2,1024,4,license_plate_bahnschrift.ttf,VJNKYFDZICRAQLPMWHGESOUXBT,11,15,0,0.17,7.155418,0.919759,1.349142,VJORALIPECS,0.769231,0.230769
0.2,1024,4,license_plate_bahnschrift.ttf,VJNKYFDZICRAQLPMWHGESOUXBT,11,15,1,0.17,7.155418,0.919759,1.349142,VJOOPALIPATISCSUS,0.769231,0.230769
0.3,1024,4,license_plate_bahnschrift.ttf,VJNKYFDZICRAQLPMWHGESOUXBT,11,15,0,0.255,8.763561,0.881116,1.10157,VJMSDOCEALPATIDCSU,0.653846,0.346154
0.3,1024,4,license_plate_bahnschrift.ttf,VJNKYFDZICRAQLPMWHGESOUXBT,11,15,1,0.255,8.763561,0.881116,1.10157,VJMSOOEAOLPACSU,0.730769,0.269231
0.4,1024,4,license_plate_bahnschrift.ttf,VJNKYFDZICRAQLPMWHGESOUXBT,11,15,0,0.34,10.119289,0.843436,0.953987,VIMSTDORACGLIATCCSOUCS,0.730769,0.269231
0.4,1024,4,license_plate_bahnschrift.ttf,VJNKYFDZICRAQLPMWHGESOUXBT,11,15,1,0.34,10.119289,0.843436,0.953987,VIMSTCOORBAGLPAATICCSOUS,0.769231,0.230769
0.5,1024,4,license_plate_bahnschrift.ttf,VJNKYFDZICRAQLPMWHGESOUXBT,11,15,0,0.425,11.313708,0.8067,0.853272,VJMSTODSAOLPRATCOSOUST,0.615385,0.384615
0.5,1024,4,license_plate_bahnschrift.ttf,VJNKYFDZICRAQLPMWHGESOUXBT,11,15,1,0.425,11.313708,0.8067,0.853272,VIMNTODSALPATSCSOUET,0.653846,0.346154
0.6,1024,4,license_plate_bahnschrift.ttf,VJNKYFDZICRAQLPMWHGESOUXBT,11,15,0,0.51,12.393547,0.770893,0.778927,VIMASTOOIEAOLPATANDOCSOUCST,0.730769,0.269231
0.6,1024,4,license_plate_bahnschrift.ttf,VJNKYFDZICRAQLPMWHGESOUXBT,11,15,1,0.51,12.393547,0.770893,0.778927,VIMSTDCIRAOLPAATCOSOUS,0.615385,0.384615
0.7,1024,4,license_plate_bahnschrift.ttf,VJNKYFDZICRAQLPMWHGESOUXBT,11,15,0,0.595,13.38656,0.735998,0.721147,VIMETDOCEAOLIATATCCSOUET,0.692308,0.307692
0.7,1024,4,license_plate_bahnschrift.ttf,VJNKYFDZICRAQLPMWHGESOUXBT,11,15,1,0.595,13.38656,0.735998,0.721147,VIMMTORALPTANICSOUET,0.653846,0.346154
0.8,1024,4,license_plate_bahnschrift.ttf,VJNKYFDZICRAQLPMWHGESOUXBT,11,15,0,0.68,14.310835,0.701998,0.674571,VIMSTOOEAOLPTANCCSOUET,0.692308,0.307692
0.8,1024,4,license_plate_bahnschrift.ttf,VJNKYFDZICRAQLPMWHGESOUXBT,11,15,1,0.68,14.310835,0.701998,0.674571,VIMSTDOIEAILPTANCOSOUCST,0.615385,0.384615
0.9,1024,4,license_plate_bahnschrift.ttf,VJNKYFDZICRAQLPMWHGESOUXBT,11,15,0,0.765,15.178933,0.668877,0.635992,VIMATTICICEAILPRANTESOUCET,0.576923,0.423077
0.9,1024,4,license_plate_bahnschrift.ttf,VJNKYFDZICRAQLPMWHGESOUXBT,11,15,1,0.765,15.178933,0.668877,0.635992,VIMSFTODICRADLPAANCCSOUET,0.576923,0.423077
1.0,1024,4,license_plate_bahnschrift.ttf,VJNKYFDZICRAQLPMWHGESOUXBT,11,15,0,0.85,16.0,0.63662,0.603355,VIMATTICICEAILPMTANIESOUCET,0.576923,0.423077
1.0,1024,4,license_plate_bahnschrift.ttf,VJNKYFDZICRAQLPMWHGESOUXBT,11,15,1,0.85,16.0,0.63662,0.603355,VIMESTICICEAILPMANECSOUCET,0.576923,0.423077
0.1,4096,4,license_plate_bahnschrift.ttf,VJNKYFDZICRAQLPMWHGESOUXBT,11,15,0,0.085,5.059644,0.959381,1.907975,WJEC,0.923077,0.076923
0.1,4096,4,license_plate_bahnschrift.ttf,VJNKYFDZICRAQLPMWHGESOUXBT,11,15,1,0.085,5.059644,0.959381,1.907975,VJERLIPETICSUS,0.769231,0.230769
0.2,4096,4,license_plate_bahnschrift.ttf,VJNKYFDZICRAQLPMWHGESOUXBT,11,15,0,0.17,7.155418,0.919759,1.349142,VIEORALIATICSU,0.769231,0.230769
0.2,4096,4,license_plate_bahnschrift.ttf,VJNKYFDZICRAQLPMWHGESOUXBT,11,15,1,0.17,7.155418,0.919759,1.349142,VJERALTCSU,0.730769,0.269231
0.3,4096,4,license_plate_bahnschrift.ttf,VJNKYFDZICRAQLPMWHGESOUXBT,11,15,0,0.255,8.763561,0.881116,1.10157,VIMRTOOSAOLPATSCSU,0.769231,0.230769
0.3,4096,4,license_plate_bahnschrift.ttf,VJNKYFDZICRAQLPMWHGESOUXBT,11,15,1,0.255,8.763561,0.881116,1.10157,VIMRDOSAOLIPTATIOCSOUS,0.769231,0.230769
0.4,4096,4,license_plate_bahnschrift.ttf,VJNKYFDZICRAQLPMWHGESOUXBT,11,15,0,0.34,10.119289,0.843436,0.953987,VIMSTDORAOLPATDCSOUCS,0.653846,0.346154
0.4,4096,4,license_plate_bahnschrift.ttf,VJNKYFDZICRAQLPMWHGESOUXBT,11,15,1,0.34,10.119289,0.843436,0.953987,VIMSTDORRAOLPATOCSOUS,0.653846,0.346154
0.5,4096,4,license_plate_bahnschrift.ttf,VJNKYFDZICRAQLPMWHGESOUXBT,11,15,0,0.425,11.313708,0.8067,0.853272,VIMSTDOEAOLPTATCOSOUS,0.692308,0.307692
0.5,4096,4,license_plate_bahnschrift.ttf,VJNKYFDZICRAQLPMWHGESOUXBT,11,15,1,0.425,11.313708,0.8067,0.853272,VIMESTDOSAOLPATOCSOUS,0.692308,0.307692
0.6,4096,4,license_plate_bahnschrift.ttf,VJNKYFDZICRAQLPMWHGESOUXBT,11,15,0,0.51,12.393547,0.770893,0.778927,VIMMSTOORBACLPAANDCSOUCS,0.730769,0.269231
0.6,4096,4,license_plate_bahnschrift.ttf,VJNKYFDZICRAQLPMWHGESOUXBT,11,15,1,0.51,12.393547,0.770893,0.778927,VIMSTOOBAGLPAATCCSOUS,0.730769,0.269231
0.7,4096,4,license_plate_bahnschrift.ttf,VJNKYFDZICRAQLPMWHGESOUXBT,11,15,0,0.595,13.38656,0.735998,0.721147,VIMASTDOEAOLPATANIOSOUST,0.692308,0.307692
0.7,4096,4,license_plate_bahnschrift.ttf,VJNKYFDZICRAQLPMWHGESOUXBT,11,15,1,0.595,13.38656,0.735998,0.721147,VIMASTIOEAOLPAANICSOUET,0.653846,0.346154
0.8,4096,4,license_plate_bahnschrift.ttf,VJNKYFDZICRAQLPMWHGESOUXBT,11,15,0,0.68,14.310835,0.701998,0.674571,VIMATDOICRAOLPAANCCSOUST,0.538462,0.461538
0.8,4096,4,license_plate_bahnschrift.ttf,VJNKYFDZICRAQLPMWHGESOUXBT,11,15,1,0.68,14.310835,0.701998,0.674571,VIMSTDOCRAOLPAANCCSOUCST,0.576923,0.423077
0.9,4096,4,license_plate_bahnschrift.ttf,VJNKYFDZICRAQLPMWHGESOUXBT,11,15,0,0.765,15.178933,0.668877,0.635992,VIMAFTODICEAULPATANICSOUCET,0.653846,0.346154
0.9,4096,4,license_plate_bahnschrift.ttf,VJNKYFDZICRAQLPMWHGESOUXBT,11,15,1,0.765,15.178933,0.668877,0.635992,VIMAFTOCICEAGLIATANCOSOUET,0.692308,0.307692
1.0,4096,4,license_plate_bahnschrift.ttf,VJNKYFDZICRAQLPMWHGESOUXBT,11,15,0,0.85,16.0,0.63662,0.603355,VIMATTICICEAILPRTANCCSOUCET,0.653846,0.346154
1.0,4096,4,license_plate_bahnschrift.ttf,VJNKYFDZICRAQLPMWHGESOUXBT,11,15,1,0.85,16.0,0.63662,0.603355,VIMETTICICEAULPMTANCCSOUCET,0.615385,0.384615
0.1,16384,4,license_plate_bahnschrift.ttf,VJNKYFDZICRAQLPMWHGESOUXBT,11,15,0,0.085,5.059644,0.959381,1.907975,VJEALPPSCU,0.730769,0.269231
0.1,16384,4,license_plate_bahnschrift.ttf,VJNKYFDZICRAQLPMWHGESOUXBT,11,15,1,0.085,5.059644,0.959381,1.907975,VJEALPTSU,0.730769,0.269231
0.2,16384,4,license_plate_bahnschrift.ttf,VJNKYFDZICRAQLPMWHGESOUXBT,11,15,0,0.17,7.155418,0.919759,1.349142,VJSDOALTCSU,0.730769,0.269231
0.2,16384,4,license_plate_bahnschrift.ttf,VJNKYFDZICRAQLPMWHGESOUXBT,11,15,1,0.17,7.155418,0.919759,1.349142,VJSOALTCSU,0.769231,0.230769
0.3,16384,4,license_plate_bahnschrift.ttf,VJNKYFDZICRAQLPMWHGESOUXBT,11,15,0,0.255,8.763561,0.881116,1.10157,VJMSTOOEALIPATSCSIUS,0.769231,0.230769
0.3,16384,4,license_plate_bahnschrift.ttf,VJNKYFDZICRAQLPMWHGESOUXBT,11,15,1,0.255,8.763561,0.881116,1.10157,VJMSTOOEAOLIATSOSOUS,0.730769,0.269231
0.4,16384,4,license_plate_bahnschrift.ttf,VJNKYFDZICRAQLPMWHGESOUXBT,11,15,0,0.34,10.119289,0.843436,0.953987,VJMSTDORAOLPATOCSOUS,0.615385,0.384615
0.4,16384,4,license_plate_bahnschrift.ttf,VJNKYFDZICRAQLPMWHGESOUXBT,11,15,1,0.34,10.119289,0.843436,0.953987,VIMSTDORRAOLPATOCSOUS,0.653846,0.346154
0.5,16384,4,license_plate_bahnschrift.ttf,VJNKYFDZICRAQLPMWHGESOUXBT,11,15,0,0.425,11.313708,0.8067,0.853272,VIMNTOOBAOLPTATCCSOUNS,0.730769,0.269231
0.5,16384,4,license_plate_bahnschrift.ttf,VJNKYFDZICRAQLPMWHGESOUXBT,11,15,1,0.425,11.313708,0.8067,0.853272,VIMSTOOEAOLPTANDOSOUS,0.730769,0.269231
0.6,16384,4,license_plate_bahnschrift.ttf,VJNKYFDZICRAQLPMWHGESOUXBT,11,15,0,0.51,12.393547,0.770893,0.778927,VIMSTDOBAOLPAATCCSOUS,0.692308,0.307692
0.6,16384,4,license_plate_bahnschrift.ttf,VJNKYFDZICRAQLPMWHGESOUXBT,11,15,1,0.51,12.393547,0.770893,0.778927,VIMSTOOBAOLPATCCSOUS,0.730769,0.269231
0.7,16384,4,license_plate_bahnschrift.ttf,VJNKYFDZICRAQLPMWHGESOUXBT,11,15,0,0.595,13.38656,0.735998,0.721147,VIMATOOEAOLPTANICCSOUCET,0.730769,0.269231
0.7,16384,4,license_plate_bahnschrift.ttf,VJNKYFDZICRAQLPMWHGESOUXBT,11,15,1,0.595,13.38656,0.735998,0.721147,VIMSTOOEAOLPATANIOSOUET,0.730769,0.269231
0.8,16384,4,license_plate_bahnschrift.ttf,VJNKYFDZICRAQLPMWHGESOUXBT,11,15,0,0.68,14.310835,0.701998,0.674571,VIMSTDOICEAGLPATANCCSOUCST,0.615385,0.384615
0.8,16384,4,license_plate_bahnschrift.ttf,VJNKYFDZICRAQLPMWHGESOUXBT,11,15,1,0.68,14.310835,0.701998,0.674571,VIMSTDOICEAOLPATANCCSOUCST,0.615385,0.384615
0.9,16384,4,license_plate_bahnschrift.ttf,VJNKYFDZICRAQLPMWHGESOUXBT,11,15,0,0.765,15.178933,0.668877,0.635992,VIMATTIOICEAILPRTANTCSOUCET,0.653846,0.346154
0.9,16384,4,license_plate_bahnschrift.ttf,VJNKYFDZICRAQLPMWHGESOUXBT,11,15,1,0.765,15.178933,0.668877,0.635992,VIMAFTOOICEAILPTANTCSOUCET,0.615385,0.384615
1.0,16384,4,license_plate_bahnschrift.ttf,VJNKYFDZICRAQLPMWHGESOUXBT,11,15,0,0.85,16.0,0.63662,0.603355,VIMESTICIRAILPTANCCSOUCET,0.615385,0.384615
1.0,16384,4,license_plate_bahnschrift.ttf,VJNKYFDZICRAQLPMWHGESOUXBT,11,15,1,0.85,16.0,0.63662,0.603355,VIMETTISICRAGLPTANCCSOUET,0.576923,0.423077
0.1,65536,4,license_plate_bahnschrift.ttf,VJNKYFDZICRAQLPMWHGESOUXBT,11,15,0,0.085,5.059644,0.959381,1.907975,VJELPPTISCU,0.769231,0.230769
0.1,65536,4,license_plate_bahnschrift.ttf,VJNKYFDZICRAQLPMWHGESOUXBT,11,15,1,0.085,5.059644,0.959381,1.907975,VJELPTSSU,0.769231,0.230769
0.2,65536,4,license_plate_bahnschrift.ttf,VJNKYFDZICRAQLPMWHGESOUXBT,11,15,0,0.17,7.155418,0.919759,1.349142,VJSOALPTSU,0.730769,0.269231
0.2,65536,4,license_plate_bahnschrift.ttf,VJNKYFDZICRAQLPMWHGESOUXBT,11,15,1,0.17,7.155418,0.919759,1.349142,VJOALATICSCU,0.769231,0.230769
0.3,65536,4,license_plate_bahnschrift.ttf,VJNKYFDZICRAQLPMWHGESOUXBT,11,15,0,0.255,8.763561,0.881116,1.10157,VJMETOOEAOLPATSCSUS,0.730769,0.269231
0.3,65536,4,license_plate_bahnschrift.ttf,VJNKYFDZICRAQLPMWHGESOUXBT,11,15,1,0.255,8.763561,0.881116,1.10157,VJMSTOOEAOLIATSCSU,0.769231,0.230769
0.4,65536,4,license_plate_bahnschrift.ttf,VJNKYFDZICRAQLPMWHGESOUXBT,11,15,0,0.34,10.119289,0.843436,0.953987,VIMSTOORAOLPAATIDCSOUS,0.730769,0.269231
0.4,65536,4,license_plate_bahnschrift.ttf,VJNKYFDZICRAQLPMWHGESOUXBT,11,15,1,0.34,10.119289,0.843436,0.953987,VIJMSTODRRAOLPATDCSOUS,0.653846,0.346154
0.5,65536,4,license_plate_bahnschrift.ttf,VJNKYFDZICRAQLPMWHGESOUXBT,11,15,0,0.425,11.313708,0.8067,0.853272,VIMSTDOBAOLPTATDCSOUST,0.653846,0.346154
0.5,65536,4,license_plate_bahnschrift.ttf,VJNKYFDZICRAQLPMWHGESOUXBT,11,15,1,0.425,11.313708,0.8067,0.853272,VIMSTDOEAOLPPTANDOSOUST,0.692308,0.307692
0.6,65536,4,license_plate_bahnschrift.ttf,VJNKYFDZICRAQLPMWHGESOUXBT,11,15,0,0.51,12.393547,0.770893,0.778927,VIMSTDOBAGLPAATOCSOUS,0.692308,0.307692
0.6,65536,4,license_plate_bahnschrift.ttf,VJNKYFDZICRAQLPMWHGESOUXBT,11,15,1,0.51,12.393547,0.770893,0.778927,VIMSTOOBAOLPAANOOSOUS,0.730769,0.269231
0.7,65536,4,license_plate_bahnschrift.ttf,VJNKYFDZICRAQLPMWHGESOUXBT,11,15,0,0.595,13.38656,0.735998,0.721147,VIMSTOOCEAOLPATANCCSOUST,0.692308,0.307692
0.7,65536,4,license_plate_bahnschrift.ttf,VJNKYFDZICRAQLPMWHGESOUXBT,11,15,1,0.595,13.38656,0.735998,0.721147,VIMSTOOEAOLPRTANICSOUET,0.730769,0.269231
0.8,65536,4,license_plate_bahnschrift.ttf,VJNKYFDZICRAQLPMWHGESOUXBT,11,15,0,0.68,14.310835,0.701998,0.674571,VIMSTDORAOLPATANCCSOUST,0.653846,0.346154
0.8,65536,4,license_plate_bahnschrift.ttf,VJNKYFDZICRAQLPMWHGESOUXBT,11,15,1,0.68,14.310835,0.701998,0.674571,VIMASTOOEAOLPRTANCCSOUET,0.730769,0.269231
0.9,65536,4,license_plate_bahnschrift.ttf,VJNKYFDZICRAQLPMWHGESOUXBT,11,15,0,0.765,15.178933,0.668877,0.635992,VIMAFTOCICEAILPATANTCSOUCET,0.653846,0.346154
0.9,65536,4,license_plate_bahnschrift.ttf,VJNKYFDZICRAQLPMWHGESOUXBT,11,15,1,0.765,15.178933,0.668877,0.635992,VIMATTDOICEAILPATANTCSOUET,0.615385,0.384615
1.0,65536,4,license_plate_bahnschrift.ttf,VJNKYFDZICRAQLPMWHGESOUXBT,11,15,0,0.85,16.0,0.63662,0.603355,VIMETTICICEAILPATANCCSOUST,0.653846,0.346154
1.0,65536,4,license_plate_bahnschrift.ttf,VJNKYFDZICRAQLPMWHGESOUXBT,11,15,1,0.85,16.0,0.63662,0.603355,VIMATTICICEAULPRTANCCSOUCET,0.653846,0.346154
0.1,4,4,license_plate_bahnschrift.ttf,VJNKYFDZICRAQLPMWHGESOUXBT,15,0,0,0.085,5.059644,0.959381,1.907975,,1.0,0.0
0.1,4,4,license_plate_bahnschrift.ttf,VJNKYFDZICRAQLPMWHGESOUXBT,15,0,1,0.085,5.059644,0.959381,1.907975,,1.0,0.0
0.2,4,4,license_plate_bahnschrift.ttf,VJNKYFDZICRAQLPMWHGESOUXBT,15,0,0,0.17,7.155418,0.919759,1.349142,,1.0,0.0
0.2,4,4,license_plate_bahnschrift.ttf,VJNKYFDZICRAQLPMWHGESOUXBT,15,0,1,0.17,7.155418,0.919759,1.349142,,1.0,0.0
0.3,4,4,license_plate_bahnschrift.ttf,VJNKYFDZICRAQLPMWHGESOUXBT,15,0,0,0.255,8.763561,0.881116,1.10157,,1.0,0.0
0.3,4,4,license_plate_bahnschrift.ttf,VJNKYFDZICRAQLPMWHGESOUXBT,15,0,1,0.255,8.763561,0.881116,1.10157,,1.0,0.0
0.4,4,4,license_plate_bahnschrift.ttf,VJNKYFDZICRAQLPMWHGESOUXBT,15,0,0,0.34,10.119289,0.843436,0.953987,OM,0.961538,0.038462
0.4,4,4,license_plate_bahnschrift.ttf,VJNKYFDZICRAQLPMWHGESOUXBT,15,0,1,0.34,10.119289,0.843436,0.953987,BS,0.961538,0.038462
0.5,4,4,license_plate_bahnschrift.ttf,VJNKYFDZICRAQLPMWHGESOUXBT,15,0,0,0.425,11.313708,0.8067,0.853272,SS,0.961538,0.038462
0.5,4,4,license_plate_bahnschrift.ttf,VJNKYFDZICRAQLPMWHGESOUXBT,15,0,1,0.425,11.313708,0.8067,0.853272,,1.0,0.0
0.6,4,4,license_plate_bahnschrift.ttf,VJNKYFDZICRAQLPMWHGESOUXBT,15,0,0,0.51,12.393547,0.770893,0.778927,YS,0.923077,0.076923
0.6,4,4,license_plate_bahnschrift.ttf,VJNKYFDZICRAQLPMWHGESOUXBT,15,0,1,0.51,12.393547,0.770893,0.778927,SES,0.923077,0.076923
0.7,4,4,license_plate_bahnschrift.ttf,VJNKYFDZICRAQLPMWHGESOUXBT,15,0,0,0.595,13.38656,0.735998,0.721147,,1.0,0.0
0.7,4,4,license_plate_bahnschrift.ttf,VJNKYFDZICRAQLPMWHGESOUXBT,15,0,1,0.595,13.38656,0.735998,0.721147,SUSE,0.923077,0.076923
0.8,4,4,license_plate_bahnschrift.ttf,VJNKYFDZICRAQLPMWHGESOUXBT,15,0,0,0.68,14.310835,0.701998,0.674571,AETBRSPNTSSS,0.884615,0.115385
0.8,4,4,license_plate_bahnschrift.ttf,VJNKYFDZICRAQLPMWHGESOUXBT,15,0,1,0.68,14.310835,0.701998,0.674571,BESB,0.884615,0.115385
0.9,4,4,license_plate_bahnschrift.ttf,VJNKYFDZICRAQLPMWHGESOUXBT,15,0,0,0.765,15.178933,0.668877,0.635992,GRSSEPR,0.923077,0.076923
0.9,4,4,license_plate_bahnschrift.ttf,VJNKYFDZICRAQLPMWHGESOUXBT,15,0,1,0.765,15.178933,0.668877,0.635992,,1.0,0.0
1.0,4,4,license_plate_bahnschrift.ttf,VJNKYFDZICRAQLPMWHGESOUXBT,15,0,0,0.85,16.0,0.63662,0.603355,,1.0,0.0
1.0,4,4,license_plate_bahnschrift.ttf,VJNKYFDZICRAQLPMWHGESOUXBT,15,0,1,0.85,16.0,0.63662,0.603355,UESO,0.884615,0.115385
0.1,16,4,license_plate_bahnschrift.ttf,VJNKYFDZICRAQLPMWHGESOUXBT,15,0,0,0.085,5.059644,0.959381,1.907975,,1.0,0.0
0.1,16,4,license_plate_bahnschrift.ttf,VJNKYFDZICRAQLPMWHGESOUXBT,15,0,1,0.085,5.059644,0.959381,1.907975,,1.0,0.0
0.2,16,4,license_plate_bahnschrift.ttf,VJNKYFDZICRAQLPMWHGESOUXBT,15,0,0,0.17,7.155418,0.919759,1.349142,PRTAPT,0.884615,0.115385
0.2,16,4,license_plate_bahnschrift.ttf,VJNKYFDZICRAQLPMWHGESOUXBT,15,0,1,0.17,7.155418,0.919759,1.349142,,1.0,0.0
0.3,16,4,license_plate_bahnschrift.ttf,VJNKYFDZICRAQLPMWHGESOUXBT,15,0,0,0.255,8.763561,0.881116,1.10157,BHSR,0.923077,0.076923
0.3,16,4,license_plate_bahnschrift.ttf,VJNKYFDZICRAQLPMWHGESOUXBT,15,0,1,0.255,8.763561,0.881116,1.10157,AEC,0.923077,0.076923
0.4,16,4,license_plate_bahnschrift.ttf,VJNKYFDZICRAQLPMWHGESOUXBT,15,0,0,0.34,10.119289,0.843436,0.953987,,1.0,0.0
0.4,16,4,license_plate_bahnschrift.ttf,VJNKYFDZICRAQLPMWHGESOUXBT,15,0,1,0.34,10.119289,0.843436,0.953987,,1.0,0.0
0.5,16,4,license_plate_bahnschrift.ttf,VJNKYFDZICRAQLPMWHGESOUXBT,15,0,0,0.425,11.313708,0.8067,0.853272,GORERRAPFRES,0.807692,0.192308
0.5,16,4,license_plate_bahnschrift.ttf,VJNKYFDZICRAQLPMWHGESOUXBT,15,0,1,0.425,11.313708,0.8067,0.853272,ALBRN,0.923077,0.076923
0.6,16,4,license_plate_bahnschrift.ttf,VJNKYFDZICRAQLPMWHGESOUXBT,15,0,0,0.51,12.393547,0.770893,0.778927,,1.0,0.0
0.6,16,4,license_plate_bahnschrift.ttf,VJNKYFDZICRAQLPMWHGESOUXBT,15,0,1,0.51,12.393547,0.770893,0.778927,,1.0,0.0
0.7,16,4,license_plate_bahnschrift.ttf,VJNKYFDZICRAQLPMWHGESOUXBT,15,0,0,0.595,13.38656,0.735998,0.721147,,1.0,0.0
0.7,16,4,license_plate_bahnschrift.ttf,VJNKYFDZICRAQLPMWHGESOUXBT,15,0,1,0.595,13.38656,0.735998,0.721147,,1.0,0.0
0.8,16,4,license_plate_bahnschrift.ttf,VJNKYFDZICRAQLPMWHGESOUXBT,15,0,0,0.68,14.310835,0.701998,0.674571,,1.0,0.0
0.8,16,4,license_plate_bahnschrift.ttf,VJNKYFDZICRAQLPMWHGESOUXBT,15,0,1,0.68,14.310835,0.701998,0.674571,,1.0,0.0
0.9,16,4,license_plate_bahnschrift.ttf,VJNKYFDZICRAQLPMWHGESOUXBT,15,0,0,0.765,15.178933,0.668877,0.635992,,1.0,0.0
0.9,16,4,license_plate_bahnschrift.ttf,VJNKYFDZICRAQLPMWHGESOUXBT,15,0,1,0.765,15.178933,0.668877,0.635992,YOERTPMOTS,0.807692,0.192308
1.0,16,4,license_plate_bahnschrift.ttf,VJNKYFDZICRAQLPMWHGESOUXBT,15,0,0,0.85,16.0,0.63662,0.603355,,1.0,0.0
1.0,16,4,license_plate_bahnschrift.ttf,VJNKYFDZICRAQLPMWHGESOUXBT,15,0,1,0.85,16.0,0.63662,0.603355,,1.0,0.0
0.1,64,4,license_plate_bahnschrift.ttf,VJNKYFDZICRAQLPMWHGESOUXBT,15,0,0,0.085,5.059644,0.959381,1.907975,TOFONLRORERHHA,0.884615,0.115385
0.1,64,4,license_plate_bahnschrift.ttf,VJNKYFDZICRAQLPMWHGESOUXBT,15,0,1,0.085,5.059644,0.959381,1.907975,,1.0,0.0
0.2,64,4,license_plate_bahnschrift.ttf,VJNKYFDZICRAQLPMWHGESOUXBT,15,0,0,0.17,7.155418,0.919759,1.349142,,1.0,0.0
0.2,64,4,license_plate_bahnschrift.ttf,VJNKYFDZICRAQLPMWHGESOUXBT,15,0,1,0.17,7.155418,0.919759,1.349142,,1.0,0.0
0.3,64,4,license_plate_bahnschrift.ttf,VJNKYFDZICRAQLPMWHGESOUXBT,15,0,0,0.255,8.763561,0.881116,1.10157,,1.0,0.0
0.3,64,4,license_plate_bahnschrift.ttf,VJNKYFDZICRAQLPMWHGESOUXBT,15,0,1,0.255,8.763561,0.881116,1.10157,,1.0,0.0
0.4,64,4,license_plate_bahnschrift.ttf,VJNKYFDZICRAQLPMWHGESOUXBT,15,0,0,0.34,10.119289,0.843436,0.953987,YSTODIDRALLINGS,0.730769,0.269231
0.4,64,4,license_plate_bahnschrift.ttf,VJNKYFDZICRAQLPMWHGESOUXBT,15,0,1,0.34,10.119289,0.843436,0.953987,PMSNTOLRLPADTT,0.846154,0.153846
0.5,64,4,license_plate_bahnschrift.ttf,VJNKYFDZICRAQLPMWHGESOUXBT,15,0,0,0.425,11.313708,0.8067,0.853272,,1.0,0.0
0.5,64,4,license_plate_bahnschrift.ttf,VJNKYFDZICRAQLPMWHGESOUXBT,15,0,1,0.425,11.313708,0.8067,0.853272,,1.0,0.0
0.6,64,4,license_plate_bahnschrift.ttf,VJNKYFDZICRAQLPMWHGESOUXBT,15,0,0,0.51,12.393547,0.770893,0.778927,,1.0,0.0
0.6,64,4,license_plate_bahnschrift.ttf,VJNKYFDZICRAQLPMWHGESOUXBT,15,0,1,0.51,12.393547,0.770893,0.778927,URAYTDHRALPANCSADY,0.730769,0.269231
0.7,64,4,license_plate_bahnschrift.ttf,VJNKYFDZICRAQLPMWHGESOUXBT,15,0,0,0.595,13.38656,0.735998,0.721147,,1.0,0.0
0.7,64,4,license_plate_bahnschrift.ttf,VJNKYFDZICRAQLPMWHGESOUXBT,15,0,1,0.595,13.38656,0.735998,0.721147,,1.0,0.0
0.8,64,4,license_plate_bahnschrift.ttf,VJNKYFDZICRAQLPMWHGESOUXBT,15,0,0,0.68,14.310835,0.701998,0.674571,,1.0,0.0
0.8,64,4,license_plate_bahnschrift.ttf,VJNKYFDZICRAQLPMWHGESOUXBT,15,0,1,0.68,14.310835,0.701998,0.674571,AMAYPIOTSMOLPNMORSENRT,0.807692,0.192308
0.9,64,4,license_plate_bahnschrift.ttf,VJNKYFDZICRAQLPMWHGESOUXBT,15,0,0,0.765,15.178933,0.668877,0.635992,,1.0,0.0
0.9,64,4,license_plate_bahnschrift.ttf,VJNKYFDZICRAQLPMWHGESOUXBT,15,0,1,0.765,15.178933,0.668877,0.635992,,1.0,0.0
1.0,64,4,license_plate_bahnschrift.ttf,VJNKYFDZICRAQLPMWHGESOUXBT,15,0,0,0.85,16.0,0.63662,0.603355,,1.0,0.0
1.0,64,4,license_plate_bahnschrift.ttf,VJNKYFDZICRAQLPMWHGESOUXBT,15,0,1,0.85,16.0,0.63662,0.603355,,1.0,0.0
0.1,256,4,license_plate_bahnschrift.ttf,VJNKYFDZICRAQLPMWHGESOUXBT,15,0,0,0.085,5.059644,0.959381,1.907975,,1.0,0.0
0.1,256,4,license_plate_bahnschrift.ttf,VJNKYFDZICRAQLPMWHGESOUXBT,15,0,1,0.085,5.059644,0.959381,1.907975,,1.0,0.0
0.2,256,4,license_plate_bahnschrift.ttf,VJNKYFDZICRAQLPMWHGESOUXBT,15,0,0,0.17,7.155418,0.919759,1.349142,VMTDOPAGZDAEDT,0.807692,0.192308
0.2,256,4,license_plate_bahnschrift.ttf,VJNKYFDZICRAQLPMWHGESOUXBT,15,0,1,0.17,7.155418,0.919759,1.349142,MAMSYEDOLSPLVGLPANLUET,0.807692,0.192308
0.3,256,4,license_plate_bahnschrift.ttf,VJNKYFDZICRAQLPMWHGESOUXBT,15,0,0,0.255,8.763561,0.881116,1.10157,WANAYTOCUIRACLENASGOCOUEDT,0.653846,0.346154
0.3,256,4,license_plate_bahnschrift.ttf,VJNKYFDZICRAQLPMWHGESOUXBT,15,0,1,0.255,8.763561,0.881116,1.10157,VVMAYTIRIZANSLEANGOSEALEDT,0.769231,0.230769
0.4,256,4,license_plate_bahnschrift.ttf,VJNKYFDZICRAQLPMWHGESOUXBT,15,0,0,0.34,10.119289,0.843436,0.953987,VIMANTOOIRASLENMCOSOUEDT,0.653846,0.346154
0.4,256,4,license_plate_bahnschrift.ttf,VJNKYFDZICRAQLPMWHGESOUXBT,15,0,1,0.34,10.119289,0.843436,0.953987,VIMAYPIOISRASLPMAWCOSDUNET,0.576923,0.423077
0.5,256,4,license_plate_bahnschrift.ttf,VJNKYFDZICRAQLPMWHGESOUXBT,15,0,0,0.425,11.313708,0.8067,0.853272,VIMAYTDGEZRADLEAANECULEDT,0.692308,0.307692
0.5,256,4,license_plate_bahnschrift.ttf,VJNKYFDZICRAQLPMWHGESOUXBT,15,0,1,0.425,11.313708,0.8067,0.853272,VIMANTOCIIRASLINANCOOOUIEDT,0.730769,0.269231
0.6,256,4,license_plate_bahnschrift.ttf,VJNKYFDZICRAQLPMWHGESOUXBT,15,0,0,0.51,12.393547,0.770893,0.778927,VMAYTOCIERACLEMANCOSOUEDT,0.576923,0.423077
0.6,256,4,license_plate_bahnschrift.ttf,VJNKYFDZICRAQLPMWHGESOUXBT,15,0,1,0.51,12.393547,0.770893,0.778927,VINAYTOOIRASLENAYOCSOUEST,0.576923,0.423077
0.7,256,4,license_plate_bahnschrift.ttf,VJNKYFDZICRAQLPMWHGESOUXBT,15,0,0,0.595,13.38656,0.735998,0.721147,VIWAYTOORAGLENANIGCSOLIEDT,0.730769,0.269231
0.7,256,4,license_plate_bahnschrift.ttf,VJNKYFDZICRAQLPMWHGESOUXBT,15,0,1,0.595,13.38656,0.735998,0.721147,VIMEYTOODRASLENICCSOLEDT,0.692308,0.307692
0.8,256,4,license_plate_bahnschrift.ttf,VJNKYFDZICRAQLPMWHGESOUXBT,15,0,0,0.68,14.310835,0.701998,0.674571,VIWNEYTODCRASLPMANCCSOLLSDT,0.615385,0.384615
0.8,256,4,license_plate_bahnschrift.ttf,VJNKYFDZICRAQLPMWHGESOUXBT,15,0,1,0.68,14.310835,0.701998,0.674571,VJHAYFOUICRASLPMWHGESOUST,0.269231,0.730769
0.9,256,4,license_plate_bahnschrift.ttf,VJNKYFDZICRAQLPMWHGESOUXBT,15,0,0,0.765,15.178933,0.668877,0.635992,VINETIDCRASLPMANICCSOUEET,0.538462,0.461538
0.9,256,4,license_plate_bahnschrift.ttf,VJNKYFDZICRAQLPMWHGESOUXBT,15,0,1,0.765,15.178933,0.668877,0.635992,VINEYTIRICRAGLEMATICESOUEDT,0.5,0.5
1.0,256,4,license_plate_bahnschrift.ttf,VJNKYFDZICRAQLPMWHGESOUXBT,15,0,0,0.85,16.0,0.63662,0.603355,VIWEYIOUDCRAGLPMWESOLEDT,0.5,0.5
1.0,256,4,license_plate_bahnschrift.ttf,VJNKYFDZICRAQLPMWHGESOUXBT,15,0,1,0.85,16.0,0.63662,0.603355,VINEYTDLDCRAGLPMMIOGESOLEDT,0.461538,0.538462
0.1,1024,4,license_plate_bahnschrift.ttf,VJNKYFDZICRAQLPMWHGESOUXBT,15,0,0,0.085,5.059644,0.959381,1.907975,VAMOTOCIIRACLEMASGOLT,0.653846,0.346154
0.1,1024,4,license_plate_bahnschrift.ttf,VJNKYFDZICRAQLPMWHGESOUXBT,15,0,1,0.085,5.059644,0.959381,1.907975,WAHAOTOOIRACLIMASGOSDUCT,0.653846,0.346154
0.2,1024,4,license_plate_bahnschrift.ttf,VJNKYFDZICRAQLPMWHGESOUXBT,15,0,0,0.17,7.155418,0.919759,1.349142,VAMAYTOCIIRACLENASGOSDEOT,0.653846,0.346154
0.2,1024,4,license_plate_bahnschrift.ttf,VJNKYFDZICRAQLPMWHGESOUXBT,15,0,1,0.17,7.155418,0.919759,1.349142,VMAYTOCIIRACLINANGOSDAIEDT,0.692308,0.307692
0.3,1024,4,license_plate_bahnschrift.ttf,VJNKYFDZICRAQLPMWHGESOUXBT,15,0,0,0.255,8.763561,0.881116,1.10157,VINAYTOOISRACLENANGOSDLIEDT,0.653846,0.346154
0.3,1024,4,license_plate_bahnschrift.ttf,VJNKYFDZICRAQLPMWHGESOUXBT,15,0,1,0.255,8.763561,0.881116,1.10157,VIMAYTOOIIPACLEMAYGOSOUEDT,0.576923,0.423077
0.4,1024,4,license_plate_bahnschrift.ttf,VJNKYFDZICRAQLPMWHGESOUXBT,15,0,0,0.34,10.119289,0.843436,0.953987,VINAYTOOOCRASLENANGCSOUEDT,0.538462,0.461538
0.4,1024,4,license_plate_bahnschrift.ttf,VJNKYFDZICRAQLPMWHGESOUXBT,15,0,1,0.34,10.119289,0.843436,0.953987,VIMAYTOOISRASLENANGOSOUEDT,0.576923,0.423077
0.5,1024,4,license_plate_bahnschrift.ttf,VJNKYFDZICRAQLPMWHGESOUXBT,15,0,0,0.425,11.313708,0.8067,0.853272,VIMAYTOQDRASLENANCOSOUEDT,0.653846,0.346154
0.5,1024,4,license_plate_bahnschrift.ttf,VJNKYFDZICRAQLPMWHGESOUXBT,15,0,1,0.425,11.313708,0.8067,0.853272,VIMAYTOQDSRASLPNACCSOLEST,0.653846,0.346154
0.6,1024,4,license_plate_bahnschrift.ttf,VJNKYFDZICRAQLPMWHGESOUXBT,15,0,0,0.51,12.393547,0.770893,0.778927,VINAYTOODSRASLPNANGCSOUEDT,0.538462,0.461538
0.6,1024,4,license_plate_bahnschrift.ttf,VJNKYFDZICRAQLPMWHGESOUXBT,15,0,1,0.51,12.393547,0.770893,0.778927,VINEYTOODCRASLENAGCSOLEDT,0.576923,0.423077
0.7,1024,4,license_plate_bahnschrift.ttf,VJNKYFDZICRAQLPMWHGESOUXBT,15,0,0,0.595,13.38656,0.735998,0.721147,VIMAYTOODSRASLPNAGCSOUEDT,0.576923,0.423077
0.7,1024,4,license_plate_bahnschrift.ttf,VJNKYFDZICRAQLPMWHGESOUXBT,15,0,1,0.595,13.38656,0.735998,0.721147,VINEYTOODERASLPMACCSOLEDT,0.576923,0.423077
0.8,1024,4,license_plate_bahnschrift.ttf,VJNKYFDZICRAQLPMWHGESOUXBT,15,0,0,0.68,14.310835,0.701998,0.674571,VINEYTOOCRASLPMMIGESOUEDT,0.423077,0.576923
0.8,1024,4,license_plate_bahnschrift.ttf,VJNKYFDZICRAQLPMWHGESOUXBT,15,0,1,0.68,14.310835,0.701998,0.674571,VINEYTOODCRASLPMWIGESOUEDT,0.384615,0.615385
0.9,1024,4,license_plate_bahnschrift.ttf,VJNKYFDZICRAQLPMWHGESOUXBT,15,0,0,0.765,15.178933,0.668877,0.635992,VIWEYTODDERASLPMACESOLLEDT,0.615385,0.384615
0.9,1024,4,license_plate_bahnschrift.ttf,VJNKYFDZICRAQLPMWHGESOUXBT,15,0,1,0.765,15.178933,0.668877,0.635992,VINENTODCRASLPMMICESOUEDT,0.5,0.5
1.0,1024,4,license_plate_bahnschrift.ttf,VJNKYFDZICRAQLPMWHGESOUXBT,15,0,0,0.85,16.0,0.63662,0.603355,VINEYFOLDDCRASLPMWGESOUEDT,0.384615,0.615385
1.0,1024,4,license_plate_bahnschrift.ttf,VJNKYFDZICRAQLPMWHGESOUXBT,15,0,1,0.85,16.0,0.63662,0.603355,VINEYIODDCRASLPMWGESOUEDT,0.384615,0.615385
0.1,4096,4,license_plate_bahnschrift.ttf,VJNKYFDZICRAQLPMWHGESOUXBT,15,0,0,0.085,5.059644,0.959381,1.907975,VMITOCUIRACLIMASGOLSKUOT,0.653846,0.346154
0.1,4096,4,license_plate_bahnschrift.ttf,VJNKYFDZICRAQLPMWHGESOUXBT,15,0,1,0.085,5.059644,0.959381,1.907975,VAMAYTOCDIRACLOMASGOSMCST,0.653846,0.346154
0.2,4096,4,license_plate_bahnschrift.ttf,VJNKYFDZICRAQLPMWHGESOUXBT,15,0,0,0.17,7.155418,0.919759,1.349142,VIMAYTOCIIRACLIMASGOSOUEDT,0.538462,0.461538
0.2,4096,4,license_plate_bahnschrift.ttf,VJNKYFDZICRAQLPMWHGESOUXBT,15,0,1,0.17,7.155418,0.919759,1.349142,VIMAYTOCIIRACLENANGOLDUEOT,0.653846,0.346154
0.3,4096,4,license_plate_bahnschrift.ttf,VJNKYFDZICRAQLPMWHGESOUXBT,15,0,0,0.255,8.763561,0.881116,1.10157,VIMAYTOODIRASLENANGOSOUEDT,0.615385,0.384615
0.3,4096,4,license_plate_bahnschrift.ttf,VJNKYFDZICRAQLPMWHGESOUXBT,15,0,1,0.255,8.763561,0.881116,1.10157,VINAYTOOIIRASLEMANGOSOUEDT,0.5,0.5
0.4,4096,4,license_plate_bahnschrift.ttf,VJNKYFDZICRAQLPMWHGESOUXBT,15,0,0,0.34,10.119289,0.843436,0.953987,VINAYTOOOIRASLENADGCCOUEDT,0.615385,0.384615
0.4,4096,4,license_plate_bahnschrift.ttf,VJNKYFDZICRAQLPMWHGESOUXBT,15,0,1,0.34,10.119289,0.843436,0.953987,VIMAYTOOISRASLENAYGOSOLEDT,0.615385,0.384615
0.5,4096,4,license_plate_bahnschrift.ttf,VJNKYFDZICRAQLPMWHGESOUXBT,15,0,0,0.425,11.313708,0.8067,0.853272,VIMAYTOODSRASLPNANCCSOUEDT,0.615385,0.384615
0.5,4096,4,license_plate_bahnschrift.ttf,VJNKYFDZICRAQLPMWHGESOUXBT,15,0,1,0.425,11.313708,0.8067,0.853272,VINAYTOQDSRASLEPNANGCSOLEDT,0.615385,0.384615
0.6,4096,4,license_plate_bahnschrift.ttf,VJNKYFDZICRAQLPMWHGESOUXBT,15,0,0,0.51,12.393547,0.770893,0.778927,VINEYTOODCRASLENGCCOUEDT,0.576923,0.423077
0.6,4096,4,license_plate_bahnschrift.ttf,VJNKYFDZICRAQLPMWHGESOUXBT,15,0,1,0.51,12.393547,0.770893,0.778927,VINEYTOOCRASLPNANGCSOUEDT,0.5,0.5
0.7,4096,4,license_plate_bahnschrift.ttf,VJNKYFDZICRAQLPMWHGESOUXBT,15,0,0,0.595,13.38656,0.735998,0.721147,VINENTOODCRASLIPMANICCSOLEDT,0.653846,0.346154
0.7,4096,4,license_plate_bahnschrift.ttf,VJNKYFDZICRAQLPMWHGESOUXBT,15,0,1,0.595,13.38656,0.735998,0.721147,VINEYTOODCRASLEMANIGCSOUEDT,0.538462,0.461538
0.8,4096,4,license_plate_bahnschrift.ttf,VJNKYFDZICRAQLPMWHGESOUXBT,15,0,0,0.68,14.310835,0.701998,0.674571,VINEYTOOCRASLPMMIGESOUEDT,0.423077,0.576923
0.8,4096,4,license_plate_bahnschrift.ttf,VJNKYFDZICRAQLPMWHGESOUXBT,15,0,1,0.68,14.310835,0.701998,0.674571,VINMEYTODDCRASLPNWGESOUEDT,0.461538,0.538462
0.9,4096,4,license_plate_bahnschrift.ttf,VJNKYFDZICRAQLPMWHGESOUXBT,15,0,0,0.765,15.178933,0.668877,0.635992,VINEYTOODCRASLPMMICESOUEDT,0.461538,0.538462
0.9,4096,4,license_plate_bahnschrift.ttf,VJNKYFDZICRAQLPMWHGESOUXBT,15,0,1,0.765,15.178933,0.668877,0.635992,VINEYTOOCRASLEMWGESOUEDT,0.423077,0.576923
1.0,4096,4,license_plate_bahnschrift.ttf,VJNKYFDZICRAQLPMWHGESOUXBT,15,0,0,0.85,16.0,0.63662,0.603355,VINEYTOLDCRASLEMWGESOLEDT,0.461538,0.538462
1.0,4096,4,license_plate_bahnschrift.ttf,VJNKYFDZICRAQLPMWHGESOUXBT,15,0,1,0.85,16.0,0.63662,0.603355,VINEYTODCRASLPMWGESOUEDT,0.384615,0.615385
0.1,16384,4,license_plate_bahnschrift.ttf,VJNKYFDZICRAQLPMWHGESOUXBT,15,0,0,0.085,5.059644,0.959381,1.907975,VSMAYTOOUCRACLEMASGOSMUT,0.576923,0.423077
0.1,16384,4,license_plate_bahnschrift.ttf,VJNKYFDZICRAQLPMWHGESOUXBT,15,0,1,0.085,5.059644,0.959381,1.907975,VAMAATOOCRACLPMASGOSMET,0.615385,0.384615
0.2,16384,4,license_plate_bahnschrift.ttf,VJNKYFDZICRAQLPMWHGESOUXBT,15,0,0,0.17,7.155418,0.919759,1.349142,VIMAYTOOIIRACLENANGOSDUEOT,0.615385,0.384615
0.2,16384,4,license_plate_bahnschrift.ttf,VJNKYFDZICRAQLPMWHGESOUXBT,15,0,1,0.17,7.155418,0.919759,1.349142,VMAYTOCISRACLENASGOSDUEDT,0.615385,0.384615
0.3,16384,4,license_plate_bahnschrift.ttf,VJNKYFDZICRAQLPMWHGESOUXBT,15,0,0,0.255,8.763561,0.881116,1.10157,VIMAYTOOIIRASLENANGOSOUEDT,0.576923,0.423077
0.3,16384,4,license_plate_bahnschrift.ttf,VJNKYFDZICRAQLPMWHGESOUXBT,15,0,1,0.255,8.763561,0.881116,1.10157,VIMAYTOOISRACLENANGOSOUEDT,0.576923,0.423077
0.4,16384,4,license_plate_bahnschrift.ttf,VJNKYFDZICRAQLPMWHGESOUXBT,15,0,0,0.34,10.119289,0.843436,0.953987,VINAYTOOIRASLENANGOOOUEDT,0.576923,0.423077
0.4,16384,4,license_plate_bahnschrift.ttf,VJNKYFDZICRAQLPMWHGESOUXBT,15,0,1,0.34,10.119289,0.843436,0.953987,VINAYTOOOIRASLENASGCCOUEDT,0.615385,0.384615
0.5,16384,4,license_plate_bahnschrift.ttf,VJNKYFDZICRAQLPMWHGESOUXBT,15,0,0,0.425,11.313708,0.8067,0.853272,VINAYTOODIRASLENANCCSOUEDT,0.615385,0.384615
0.5,16384,4,license_plate_bahnschrift.ttf,VJNKYFDZICRAQLPMWHGESOUXBT,15,0,1,0.425,11.313708,0.8067,0.853272,VIMAYTOODSRASLENATCOSOLEDT,0.692308,0.307692
0.6,16384,4,license_plate_bahnschrift.ttf,VJNKYFDZICRAQLPMWHGESOUXBT,15,0,0,0.51,12.393547,0.770893,0.778927,VINEYTOODCRASLEMANGCSOUEDT,0.5,0.5
0.6,16384,4,license_plate_bahnschrift.ttf,VJNKYFDZICRAQLPMWHGESOUXBT,15,0,1,0.51,12.393547,0.770893,0.778927,VINAYTOOCRASLEMANGCSOUEDT,0.5,0.5
0.7,16384,4,license_plate_bahnschrift.ttf,VJNKYFDZICRAQLPMWHGESOUXBT,15,0,0,0.595,13.38656,0.735998,0.721147,VIMAYTOODCRASLEMMCCSOLEDT,0.615385,0.384615
0.7,16384,4,license_plate_bahnschrift.ttf,VJNKYFDZICRAQLPMWHGESOUXBT,15,0,1,0.595,13.38656,0.735998,0.721147,VINEYTOODCRASLPNMCCSOLEDT,0.576923,0.423077
0.8,16384,4,license_plate_bahnschrift.ttf,VJNKYFDZICRAQLPMWHGESOUXBT,15,0,0,0.68,14.310835,0.701998,0.674571,VINEYTODDCRASLPMMGESOLEDT,0.461538,0.538462
0.8,16384,4,license_plate_bahnschrift.ttf,VJNKYFDZICRAQLPMWHGESOUXBT,15,0,1,0.68,14.310835,0.701998,0.674571,VINEYTOODCRASLPMMGESOUEDT,0.423077,0.576923
0.9,16384,4,license_plate_bahnschrift.ttf,VJNKYFDZICRAQLPMWHGESOUXBT,15,0,0,0.765,15.178933,0.668877,0.635992,VINEYTODDCRASLPMMGESOUEDT,0.423077,0.576923
0.9,16384,4,license_plate_bahnschrift.ttf,VJNKYFDZICRAQLPMWHGESOUXBT,15,0,1,0.765,15.178933,0.668877,0.635992,VINEYTOODCRASLPMWGESOUEDT,0.384615,0.615385
1.0,16384,4,license_plate_bahnschrift.ttf,VJNKYFDZICRAQLPMWHGESOUXBT,15,0,0,0.85,16.0,0.63662,0.603355,VINEYTODCRASLPMWGESOUEDT,0.384615,0.615385
1.0,16384,4,license_plate_bahnschrift.ttf,VJNKYFDZICRAQLPMWHGESOUXBT,15,0,1,0.85,16.0,0.63662,0.603355,VINEYTODCRASLPMWGESOUEDT,0.384615,0.615385
0.1,65536,4,license_plate_bahnschrift.ttf,VJNKYFDZICRAQLPMWHGESOUXBT,15,0,0,0.085,5.059644,0.959381,1.907975,VSMAATOOIRACLEMASGOSMUCOT,0.615385,0.384615
0.1,65536,4,license_plate_bahnschrift.ttf,VJNKYFDZICRAQLPMWHGESOUXBT,15,0,1,0.085,5.059644,0.959381,1.907975,VAMAYTOOIRACLIMASGOSMUEOT,0.576923,0.423077
0.2,65536,4,license_plate_bahnschrift.ttf,VJNKYFDZICRAQLPMWHGESOUXBT,15,0,0,0.17,7.155418,0.919759,1.349142,VSMAYTOOIIRACLENASGOSDUEDT,0.615385,0.384615
0.2,65536,4,license_plate_bahnschrift.ttf,VJNKYFDZICRAQLPMWHGESOUXBT,15,0,1,0.17,7.155418,0.919759,1.349142,VSMAYTOOIIRACLENANGOSMUEDT,0.615385,0.384615
0.3,65536,4,license_plate_bahnschrift.ttf,VJNKYFDZICRAQLPMWHGESOUXBT,15,0,0,0.255,8.763561,0.881116,1.10157,VIMAYTOODRACLENANGOSOOLEDT,0.692308,0.307692
0.3,65536,4,license_plate_bahnschrift.ttf,VJNKYFDZICRAQLPMWHGESOUXBT,15,0,1,0.255,8.763561,0.881116,1.10157,VIMAYTOOIPACLENANGOIOOLEDT,0.730769,0.269231
0.4,65536,4,license_plate_bahnschrift.ttf,VJNKYFDZICRAQLPMWHGESOUXBT,15,0,0,0.34,10.119289,0.843436,0.953987,VIMAYTOOUSRASLENAGOCOLEDT,0.692308,0.307692
0.4,65536,4,license_plate_bahnschrift.ttf,VJNKYFDZICRAQLPMWHGESOUXBT,15,0,1,0.34,10.119289,0.843436,0.953987,VINAYTOOOIRASLENAGCCOUEDT,0.615385,0.384615
0.5,65536,4,license_plate_bahnschrift.ttf,VJNKYFDZICRAQLPMWHGESOUXBT,15,0,0,0.425,11.313708,0.8067,0.853272,VIMAYTOODRASLPNANCCSOLEDT,0.653846,0.346154
0.5,65536,4,license_plate_bahnschrift.ttf,VJNKYFDZICRAQLPMWHGESOUXBT,15,0,1,0.425,11.313708,0.8067,0.853272,VIMAYTOODSRASLPNANCOSOLEDT,0.653846,0.346154
0.6,65536,4,license_plate_bahnschrift.ttf,VJNKYFDZICRAQLPMWHGESOUXBT,15,0,0,0.51,12.393547,0.770893,0.778927,VINAYTOODSRASLPNGCSOLEDT,0.576923,0.423077
0.6,65536,4,license_plate_bahnschrift.ttf,VJNKYFDZICRAQLPMWHGESOUXBT,15,0,1,0.51,12.393547,0.770893,0.778927,VINAYTOODSRASLPNGCSOLEDT,0.576923,0.423077
0.7,65536,4,license_plate_bahnschrift.ttf,VJNKYFDZICRAQLPMWHGESOUXBT,15,0,0,0.595,13.38656,0.735998,0.721147,VIMEYTOODCRASLPMMCCSOLEDT,0.576923,0.423077
0.7,65536,4,license_plate_bahnschrift.ttf,VJNKYFDZICRAQLPMWHGESOUXBT,15,0,1,0.595,13.38656,0.735998,0.721147,VIMEYTODDCRASLEMCCSOLEDT,0.615385,0.384615
0.8,65536,4,license_plate_bahnschrift.ttf,VJNKYFDZICRAQLPMWHGESOUXBT,15,0,0,0.68,14.310835,0.701998,0.674571,VINEYTODDCRASLPMWGESOLEDT,0.423077,0.576923
0.8,65536,4,license_plate_bahnschrift.ttf,VJNKYFDZICRAQLPMWHGESOUXBT,15,0,1,0.68,14.310835,0.701998,0.674571,VINEYTODDCRASLPMMGESOUEDT,0.423077,0.576923
0.9,65536,4,license_plate_bahnschrift.ttf,VJNKYFDZICRAQLPMWHGESOUXBT,15,0,0,0.765,15.178933,0.668877,0.635992,VINEYTODCRASLPMWGESOLIEDT,0.461538,0.538462
0.9,65536,4,license_plate_bahnschrift.ttf,VJNKYFDZICRAQLPMWHGESOUXBT,15,0,1,0.765,15.178933,0.668877,0.635992,VIMEYTODCRASLPMWGESOLEDT,0.461538,0.538462
1.0,65536,4,license_plate_bahnschrift.ttf,VJNKYFDZICRAQLPMWHGESOUXBT,15,0,0,0.85,16.0,0.63662,0.603355,VINEYTODCRASLPMWGESOUEDT,0.384615,0.615385
1.0,65536,4,license_plate_bahnschrift.ttf,VJNKYFDZICRAQLPMWHGESOUXBT,15,0,1,0.85,16.0,0.63662,0.603355,VINEYTODCRASLPMWGESOUEDT,0.384615,0.615385
0.1,4,4,license_plate_bahnschrift.ttf,VJNKYFDZICRAQLPMWHGESOUXBT,15,3,0,0.085,5.059644,0.959381,1.907975,,1.0,0.0
0.1,4,4,license_plate_bahnschrift.ttf,VJNKYFDZICRAQLPMWHGESOUXBT,15,3,1,0.085,5.059644,0.959381,1.907975,,1.0,0.0
0.2,4,4,license_plate_bahnschrift.ttf,VJNKYFDZICRAQLPMWHGESOUXBT,15,3,0,0.17,7.155418,0.919759,1.349142,,1.0,0.0
0.2,4,4,license_plate_bahnschrift.ttf,VJNKYFDZICRAQLPMWHGESOUXBT,15,3,1,0.17,7.155418,0.919759,1.349142,SATE,0.923077,0.076923
0.3,4,4,license_plate_bahnschrift.ttf,VJNKYFDZICRAQLPMWHGESOUXBT,15,3,0,0.255,8.763561,0.881116,1.10157,,1.0,0.0
0.3,4,4,license_plate_bahnschrift.ttf,VJNKYFDZICRAQLPMWHGESOUXBT,15,3,1,0.255,8.763561,0.881116,1.10157,,1.0,0.0
0.4,4,4,license_plate_bahnschrift.ttf,VJNKYFDZICRAQLPMWHGESOUXBT,15,3,0,0.34,10.119289,0.843436,0.953987,,1.0,0.0
0.4,4,4,license_plate_bahnschrift.ttf,VJNKYFDZICRAQLPMWHGESOUXBT,15,3,1,0.34,10.119289,0.843436,0.953987,,1.0,0.0
0.5,4,4,license_plate_bahnschrift.ttf,VJNKYFDZICRAQLPMWHGESOUXBT,15,3,0,0.425,11.313708,0.8067,0.853272,,1.0,0.0
0.5,4,4,license_plate_bahnschrift.ttf,VJNKYFDZICRAQLPMWHGESOUXBT,15,3,1,0.425,11.313708,0.8067,0.853272,,1.0,0.0
0.6,4,4,license_plate_bahnschrift.ttf,VJNKYFDZICRAQLPMWHGESOUXBT,15,3,0,0.51,12.393547,0.770893,0.778927,,1.0,0.0
0.6,4,4,license_plate_bahnschrift.ttf,VJNKYFDZICRAQLPMWHGESOUXBT,15,3,1,0.51,12.393547,0.770893,0.778927,,1.0,0.0
0.7,4,4,license_plate_bahnschrift.ttf,VJNKYFDZICRAQLPMWHGESOUXBT,15,3,0,0.595,13.38656,0.735998,0.721147,SATO,0.923077,0.076923
0.7,4,4,license_plate_bahnschrift.ttf,VJNKYFDZICRAQLPMWHGESOUXBT,15,3,1,0.595,13.38656,0.735998,0.721147,RBES,0.884615,0.115385
0.8,4,4,license_plate_bahnschrift.ttf,VJNKYFDZICRAQLPMWHGESOUXBT,15,3,0,0.68,14.310835,0.701998,0.674571,YN,0.961538,0.038462
0.8,4,4,license_plate_bahnschrift.ttf,VJNKYFDZICRAQLPMWHGESOUXBT,15,3,1,0.68,14.310835,0.701998,0.674571,DL,0.923077,0.076923
0.9,4,4,license_plate_bahnschrift.ttf,VJNKYFDZICRAQLPMWHGESOUXBT,15,3,0,0.765,15.178933,0.668877,0.635992,,1.0,0.0
0.9,4,4,license_plate_bahnschrift.ttf,VJNKYFDZICRAQLPMWHGESOUXBT,15,3,1,0.765,15.178933,0.668877,0.635992,,1.0,0.0
1.0,4,4,license_plate_bahnschrift.ttf,VJNKYFDZICRAQLPMWHGESOUXBT,15,3,0,0.85,16.0,0.63662,0.603355,BTMPLEA,0.923077,0.076923
1.0,4,4,license_plate_bahnschrift.ttf,VJNKYFDZICRAQLPMWHGESOUXBT,15,3,1,0.85,16.0,0.63662,0.603355,,1.0,0.0
0.1,16,4,license_plate_bahnschrift.ttf,VJNKYFDZICRAQLPMWHGESOUXBT,15,3,0,0.085,5.059644,0.959381,1.907975,,1.0,0.0
0.1,16,4,license_plate_bahnschrift.ttf,VJNKYFDZICRAQLPMWHGESOUXBT,15,3,1,0.085,5.059644,0.959381,1.907975,FENN,0.923077,0.076923
0.2,16,4,license_plate_bahnschrift.ttf,VJNKYFDZICRAQLPMWHGESOUXBT,15,3,0,0.17,7.155418,0.919759,1.349142,,1.0,0.0
0.2,16,4,license_plate_bahnschrift.ttf,VJNKYFDZICRAQLPMWHGESOUXBT,15,3,1,0.17,7.155418,0.919759,1.349142,,1.0,0.0
0.3,16,4,license_plate_bahnschrift.ttf,VJNKYFDZICRAQLPMWHGESOUXBT,15,3,0,0.255,8.763561,0.881116,1.10157,,1.0,0.0
0.3,16,4,license_plate_bahnschrift.ttf,VJNKYFDZICRAQLPMWHGESOUXBT,15,3,1,0.255,8.763561,0.881116,1.10157,,1.0,0.0
0.4,16,4,license_plate_bahnschrift.ttf,VJNKYFDZICRAQLPMWHGESOUXBT,15,3,0,0.34,10.119289,0.843436,0.953987,,1.0,0.0
0.4,16,4,license_plate_bahnschrift.ttf,VJNKYFDZICRAQLPMWHGESOUXBT,15,3,1,0.34,10.119289,0.843436,0.953987,,1.0,0.0
0.5,16,4,license_plate_bahnschrift.ttf,VJNKYFDZICRAQLPMWHGESOUXBT,15,3,0,0.425,11.313708,0.8067,0.853272,,1.0,0.0
0.5,16,4,license_plate_bahnschrift.ttf,VJNKYFDZICRAQLPMWHGESOUXBT,15,3,1,0.425,11.313708,0.8067,0.853272,SAMETNAPAEMGTA,0.884615,0.115385
0.6,16,4,license_plate_bahnschrift.ttf,VJNKYFDZICRAQLPMWHGESOUXBT,15,3,0,0.51,12.393547,0.770893,0.778927,TSETFAUPBT,0.807692,0.192308
0.6,16,4,license_plate_bahnschrift.ttf,VJNKYFDZICRAQLPMWHGESOUXBT,15,3,1,0.51,12.393547,0.770893,0.778927,RMPOT,0.846154,0.153846
0.7,16,4,license_plate_bahnschrift.ttf,VJNKYFDZICRAQLPMWHGESOUXBT,15,3,0,0.595,13.38656,0.735998,0.721147,,1.0,0.0
0.7,16,4,license_plate_bahnschrift.ttf,VJNKYFDZICRAQLPMWHGESOUXBT,15,3,1,0.595,13.38656,0.735998,0.721147,AURTRARDE,0.884615,0.115385
0.8,16,4,license_plate_bahnschrift.ttf,VJNKYFDZICRAQLPMWHGESOUXBT,15,3,0,0.68,14.310835,0.701998,0.674571,,1.0,0.0
0.8,16,4,license_plate_bahnschrift.ttf,VJNKYFDZICRAQLPMWHGESOUXBT,15,3,1,0.68,14.310835,0.701998,0.674571,CMNAYETRERLALRN,0.846154,0.153846
0.9,16,4,license_plate_bahnschrift.ttf,VJNKYFDZICRAQLPMWHGESOUXBT,15,3,0,0.765,15.178933,0.668877,0.635992,AMTROONSAPFRMANGAERES,0.884615,0.115385
0.9,16,4,license_plate_bahnschrift.ttf,VJNKYFDZICRAQLPMWHGESOUXBT,15,3,1,0.765,15.178933,0.668877,0.635992,,1.0,0.0
1.0,16,4,license_plate_bahnschrift.ttf,VJNKYFDZICRAQLPMWHGESOUXBT,15,3,0,0.85,16.0,0.63662,0.603355,,1.0,0.0
1.0,16,4,license_plate_bahnschrift.ttf,VJNKYFDZICRAQLPMWHGESOUXBT,15,3,1,0.85,16.0,0.63662,0.603355,,1.0,0.0
0.1,64,4,license_plate_bahnschrift.ttf,VJNKYFDZICRAQLPMWHGESOUXBT,15,3,0,0.085,5.059644,0.959381,1.907975,,1.0,0.0
0.1,64,4,license_plate_bahnschrift.ttf,VJNKYFDZICRAQLPMWHGESOUXBT,15,3,1,0.085,5.059644,0.959381,1.907975,,1.0,0.0
0.2,64,4,license_plate_bahnschrift.ttf,VJNKYFDZICRAQLPMWHGESOUXBT,15,3,0,0.17,7.155418,0.919759,1.349142,,1.0,0.0
0.2,64,4,license_plate_bahnschrift.ttf,VJNKYFDZICRAQLPMWHGESOUXBT,15,3,1,0.17,7.155418,0.919759,1.349142,,1.0,0.0
0.3,64,4,license_plate_bahnschrift.ttf,VJNKYFDZICRAQLPMWHGESOUXBT,15,3,0,0.255,8.763561,0.881116,1.10157,,1.0,0.0
0.3,64,4,license_plate_bahnschrift.ttf,VJNKYFDZICRAQLPMWHGESOUXBT,15,3,1,0.255,8.763561,0.881116,1.10157,,1.0,0.0
0.4,64,4,license_plate_bahnschrift.ttf,VJNKYFDZICRAQLPMWHGESOUXBT,15,3,0,0.34,10.119289,0.843436,0.953987,,1.0,0.0
0.4,64,4,license_plate_bahnschrift.ttf,VJNKYFDZICRAQLPMWHGESOUXBT,15,3,1,0.34,10.119289,0.843436,0.953987,,1.0,0.0
0.5,64,4,license_plate_bahnschrift.ttf,VJNKYFDZICRAQLPMWHGESOUXBT,15,3,0,0.425,11.313708,0.8067,0.853272,,1.0,0.0
0.5,64,4,license_plate_bahnschrift.ttf,VJNKYFDZICRAQLPMWHGESOUXBT,15,3,1,0.425,11.313708,0.8067,0.853272,,1.0,0.0
0.6,64,4,license_plate_bahnschrift.ttf,VJNKYFDZICRAQLPMWHGESOUXBT,15,3,0,0.51,12.393547,0.770893,0.778927,,1.0,0.0
0.6,64,4,license_plate_bahnschrift.ttf,VJNKYFDZICRAQLPMWHGESOUXBT,15,3,1,0.51,12.393547,0.770893,0.778927,,1.0,0.0
0.7,64,4,license_plate_bahnschrift.ttf,VJNKYFDZICRAQLPMWHGESOUXBT,15,3,0,0.595,13.38656,0.735998,0.721147,,1.0,0.0
0.7,64,4,license_plate_bahnschrift.ttf,VJNKYFDZICRAQLPMWHGESOUXBT,15,3,1,0.595,13.38656,0.735998,0.721147,VANCOEPACAPAIHCRSCALERT,0.730769,0.269231
0.8,64,4,license_plate_bahnschrift.ttf,VJNKYFDZICRAQLPMWHGESOUXBT,15,3,0,0.68,14.310835,0.701998,0.674571,WIMEYETOCRNDAPMSCET,0.730769,0.269231
0.8,64,4,license_plate_bahnschrift.ttf,VJNKYFDZICRAQLPMWHGESOUXBT,15,3,1,0.68,14.310835,0.701998,0.674571,,1.0,0.0
0.9,64,4,license_plate_bahnschrift.ttf,VJNKYFDZICRAQLPMWHGESOUXBT,15,3,0,0.765,15.178933,0.668877,0.635992,,1.0,0.0
0.9,64,4,license_plate_bahnschrift.ttf,VJNKYFDZICRAQLPMWHGESOUXBT,15,3,1,0.765,15.178933,0.668877,0.635992,,1.0,0.0
1.0,64,4,license_plate_bahnschrift.ttf,VJNKYFDZICRAQLPMWHGESOUXBT,15,3,0,0.85,16.0,0.63662,0.603355,,1.0,0.0
1.0,64,4,license_plate_bahnschrift.ttf,VJNKYFDZICRAQLPMWHGESOUXBT,15,3,1,0.85,16.0,0.63662,0.603355,,1.0,0.0
0.1,256,4,license_plate_bahnschrift.ttf,VJNKYFDZICRAQLPMWHGESOUXBT,15,3,0,0.085,5.059644,0.959381,1.907975,TPASLPAAERDOMETT,0.807692,0.192308
0.1,256,4,license_plate_bahnschrift.ttf,VJNKYFDZICRAQLPMWHGESOUXBT,15,3,1,0.085,5.059644,0.959381,1.907975,PEMYEROIERSELPAGTET,0.730769,0.269231
0.2,256,4,license_plate_bahnschrift.ttf,VJNKYFDZICRAQLPMWHGESOUXBT,15,3,0,0.17,7.155418,0.919759,1.349142,NUMAYPICISRSSLPNMGOMEDT,0.692308,0.307692
0.2,256,4,license_plate_bahnschrift.ttf,VJNKYFDZICRAQLPMWHGESOUXBT,15,3,1,0.17,7.155418,0.919759,1.349142,MMVFCIZPSLPMANYGODKDT,0.730769,0.269231
0.3,256,4,license_plate_bahnschrift.ttf,VJNKYFDZICRAQLPMWHGESOUXBT,15,3,0,0.255,8.763561,0.881116,1.10157,WIMAYFTOILPNILEMASGCSOLLEDT,0.692308,0.307692
0.3,256,4,license_plate_bahnschrift.ttf,VJNKYFDZICRAQLPMWHGESOUXBT,15,3,1,0.255,8.763561,0.881116,1.10157,WIMAYPIODRVOLPMASGSSDMEDT,0.692308,0.307692
0.4,256,4,license_plate_bahnschrift.ttf,VJNKYFDZICRAQLPMWHGESOUXBT,15,3,0,0.34,10.119289,0.843436,0.953987,UUMAYFTONTRYSEPNAESOASET,0.692308,0.307692
0.4,256,4,license_plate_bahnschrift.ttf,VJNKYFDZICRAQLPMWHGESOUXBT,15,3,1,0.34,10.119289,0.843436,0.953987,VLHAYETOISPSOLPMANBSOELSIT,0.692308,0.307692
0.5,256,4,license_plate_bahnschrift.ttf,VJNKYFDZICRAQLPMWHGESOUXBT,15,3,0,0.425,11.313708,0.8067,0.853272,VIMAYFOCIIPWOLPNADCSCALEDT,0.730769,0.269231
0.5,256,4,license_plate_bahnschrift.ttf,VJNKYFDZICRAQLPMWHGESOUXBT,15,3,1,0.425,11.313708,0.8067,0.853272,VIMAYEDOIIRSLPMAGSDMIET,0.576923,0.423077
0.6,256,4,license_plate_bahnschrift.ttf,VJNKYFDZICRAQLPMWHGESOUXBT,15,3,0,0.51,12.393547,0.770893,0.778927,VMAYPTOCRNSLPMAWEESOELBT,0.538462,0.461538
0.6,256,4,license_plate_bahnschrift.ttf,VJNKYFDZICRAQLPMWHGESOUXBT,15,3,1,0.51,12.393547,0.770893,0.778927,VAMAYPDODCRASLPAWHGSOLLEDT,0.5,0.5
0.7,256,4,license_plate_bahnschrift.ttf,VJNKYFDZICRAQLPMWHGESOUXBT,15,3,0,0.595,13.38656,0.735998,0.721147,VIMENPIODSRSLPMAESORSEDT,0.692308,0.307692
0.7,256,4,license_plate_bahnschrift.ttf,VJNKYFDZICRAQLPMWHGESOUXBT,15,3,1,0.595,13.38656,0.735998,0.721147,VIMAYFIODSRASLPMACOSCALET,0.615385,0.384615
0.8,256,4,license_plate_bahnschrift.ttf,VJNKYFDZICRAQLPMWHGESOUXBT,15,3,0,0.68,14.310835,0.701998,0.674571,VIWAVFOODRADLPMAGSSOLLERT,0.615385,0.384615
0.8,256,4,license_plate_bahnschrift.ttf,VJNKYFDZICRAQLPMWHGESOUXBT,15,3,1,0.68,14.310835,0.701998,0.674571,VINEYFDOICRASLOMMGESOUET,0.346154,0.653846
0.9,256,4,license_plate_bahnschrift.ttf,VJNKYFDZICRAQLPMWHGESOUXBT,15,3,0,0.765,15.178933,0.668877,0.635992,VINEYFOOSRASLPMWHEESOUEDT,0.384615,0.615385
0.9,256,4,license_plate_bahnschrift.ttf,VJNKYFDZICRAQLPMWHGESOUXBT,15,3,1,0.765,15.178933,0.668877,0.635992,VINEYEODDERAGLPMAESOLERT,0.538462,0.461538
1.0,256,4,license_plate_bahnschrift.ttf,VJNKYFDZICRAQLPMWHGESOUXBT,15,3,0,0.85,16.0,0.63662,0.603355,VINEYEOUDCRASELPMAMIGESOLTERT,0.576923,0.423077
1.0,256,4,license_plate_bahnschrift.ttf,VJNKYFDZICRAQLPMWHGESOUXBT,15,3,1,0.85,16.0,0.63662,0.603355,VINEYPODICRASLPMWEESOUERT,0.384615,0.615385
0.1,1024,4,license_plate_bahnschrift.ttf,VJNKYFDZICRAQLPMWHGESOUXBT,15,3,0,0.085,5.059644,0.959381,1.907975,WUHYPIOIIRSOLPMASGOSMEDT,0.653846,0.346154
0.1,1024,4,license_plate_bahnschrift.ttf,VJNKYFDZICRAQLPMWHGESOUXBT,15,3,1,0.085,5.059644,0.959381,1.907975,SHAYPTCISRSOLPMASGOSMET,0.653846,0.346154
0.2,1024,4,license_plate_bahnschrift.ttf,VJNKYFDZICRAQLPMWHGESOUXBT,15,3,0,0.17,7.155418,0.919759,1.349142,WUHSTICISRNCLPMANGCSDADT,0.692308,0.307692
0.2,1024,4,license_plate_bahnschrift.ttf,VJNKYFDZICRAQLPMWHGESOUXBT,15,3,1,0.17,7.155418,0.919759,1.349142,WAHASPICIZRSOLPMANGOSDMIEDT,0.730769,0.269231
0.3,1024,4,license_plate_bahnschrift.ttf,VJNKYFDZICRAQLPMWHGESOUXBT,15,3,0,0.255,8.763561,0.881116,1.10157,VIMASTICIIROLPNADGESDALEDT,0.692308,0.307692
0.3,1024,4,license_plate_bahnschrift.ttf,VJNKYFDZICRAQLPMWHGESOUXBT,15,3,1,0.255,8.763561,0.881116,1.10157,VIMANFIOIRNVOLPMADGOSDAIEDT,0.692308,0.307692
0.4,1024,4,license_plate_bahnschrift.ttf,VJNKYFDZICRAQLPMWHGESOUXBT,15,3,0,0.34,10.119289,0.843436,0.953987,VMOYEDOIIRAOLPMANGSOLERT,0.5,0.5
0.4,1024,4,license_plate_bahnschrift.ttf,VJNKYFDZICRAQLPMWHGESOUXBT,15,3,1,0.34,10.119289,0.843436,0.953987,VIMANFIOCISRASLPMAYSOLEDT,0.615385,0.384615
0.5,1024,4,license_plate_bahnschrift.ttf,VJNKYFDZICRAQLPMWHGESOUXBT,15,3,0,0.425,11.313708,0.8067,0.853272,VIMAYFOOISRVOLPNANGGSOLTEDT,0.615385,0.384615
0.5,1024,4,license_plate_bahnschrift.ttf,VJNKYFDZICRAQLPMWHGESOUXBT,15,3,1,0.425,11.313708,0.8067,0.853272,VIMAYTOODSRWOLPMANGSSOAIEDT,0.653846,0.346154
0.6,1024,4,license_plate_bahnschrift.ttf,VJNKYFDZICRAQLPMWHGESOUXBT,15,3,0,0.51,12.393547,0.770893,0.778927,VIMEYFDOICRASLPNAGSSOLLEDT,0.5,0.5
0.6,1024,4,license_plate_bahnschrift.ttf,VJNKYFDZICRAQLPMWHGESOUXBT,15,3,1,0.51,12.393547,0.770893,0.778927,VIMAYFDODIRASLPMASSOEDT,0.538462,0.461538
0.7,1024,4,license_plate_bahnschrift.ttf,VJNKYFDZICRAQLPMWHGESOUXBT,15,3,0,0.595,13.38656,0.735998,0.721147,VINAFOODCRWOLPMAESOULEDT,0.538462,0.461538
0.7,1024,4,license_plate_bahnschrift.ttf,VJNKYFDZICRAQLPMWHGESOUXBT,15,3,1,0.595,13.38656,0.735998,0.721147,VIMENFOODCRWOLPMAWESSOEDT,0.615385,0.384615
0.8,1024,4,license_plate_bahnschrift.ttf,VJNKYFDZICRAQLPMWHGESOUXBT,15,3,0,0.68,14.310835,0.701998,0.674571,VINAYFOOICRWOLPMAGSSOLEDT,0.461538,0.538462
0.8,1024,4,license_plate_bahnschrift.ttf,VJNKYFDZICRAQLPMWHGESOUXBT,15,3,1,0.68,14.310835,0.701998,0.674571,VIMAYFOODSRASLPMAGSOUEDT,0.5,0.5
0.9,1024,4,license_plate_bahnschrift.ttf,VJNKYFDZICRAQLPMWHGESOUXBT,15,3,0,0.765,15.178933,0.668877,0.635992,VIMEYFOODCRAWSLPMWHGESOLEDT,0.423077,0.576923
0.9,1024,4,license_plate_bahnschrift.ttf,VJNKYFDZICRAQLPMWHGESOUXBT,15,3,1,0.765,15.178933,0.668877,0.635992,VJNAYFOODCRASLPMWHGESOUEDT,0.269231,0.730769
1.0,1024,4,license_plate_bahnschrift.ttf,VJNKYFDZICRAQLPMWHGESOUXBT,15,3,0,0.85,16.0,0.63662,0.603355,VIMEYFOUDCRASLPMAWGSSOLERT,0.5,0.5
1.0,1024,4,license_plate_bahnschrift.ttf,VJNKYFDZICRAQLPMWHGESOUXBT,15,3,1,0.85,16.0,0.63662,0.603355,VINEYFOODCRACLPMWGSSOUERT,0.384615,0.615385
0.1,4096,4,license_plate_bahnschrift.ttf,VJNKYFDZICRAQLPMWHGESOUXBT,15,3,0,0.085,5.059644,0.959381,1.907975,WHAYTICISRSILPMASGOSMIEDT,0.653846,0.346154
0.1,4096,4,license_plate_bahnschrift.ttf,VJNKYFDZICRAQLPMWHGESOUXBT,15,3,1,0.085,5.059644,0.959381,1.907975,WIHASTICIIRSILPMASGOSMEDT,0.692308,0.307692
0.2,4096,4,license_plate_bahnschrift.ttf,VJNKYFDZICRAQLPMWHGESOUXBT,15,3,0,0.17,7.155418,0.919759,1.349142,WHYFICIIRSILPMANGSSIAEDT,0.615385,0.384615
0.2,4096,4,license_plate_bahnschrift.ttf,VJNKYFDZICRAQLPMWHGESOUXBT,15,3,1,0.17,7.155418,0.919759,1.349142,WHASTIOCIIRSOLPMANSSSOMLEDT,0.730769,0.269231
0.3,4096,4,license_plate_bahnschrift.ttf,VJNKYFDZICRAQLPMWHGESOUXBT,15,3,0,0.255,8.763561,0.881116,1.10157,VIMAYFIOCIIRNOLPMANGCSOMLEDIT,0.653846,0.346154
0.3,4096,4,license_plate_bahnschrift.ttf,VJNKYFDZICRAQLPMWHGESOUXBT,15,3,1,0.255,8.763561,0.881116,1.10157,VIMAYFIOIIRNILPMANGSSOALEDT,0.576923,0.423077
0.4,4096,4,license_plate_bahnschrift.ttf,VJNKYFDZICRAQLPMWHGESOUXBT,15,3,0,0.34,10.119289,0.843436,0.953987,VIMAVFIOIIRNOLPNANSORLEDT,0.692308,0.307692
0.4,4096,4,license_plate_bahnschrift.ttf,VJNKYFDZICRAQLPMWHGESOUXBT,15,3,1,0.34,10.119289,0.843436,0.953987,VIHAYFIOIIRANOLPMANGSOMLEDIT,0.615385,0.384615
0.5,4096,4,license_plate_bahnschrift.ttf,VJNKYFDZICRAQLPMWHGESOUXBT,15,3,0,0.425,11.313708,0.8067,0.853272,VIMAYFOODSRWOLPMANGSSOALEDIT,0.653846,0.346154
0.5,4096,4,license_plate_bahnschrift.ttf,VJNKYFDZICRAQLPMWHGESOUXBT,15,3,1,0.425,11.313708,0.8067,0.853272,VIMAYFOOISRAWOLPMANGSOALEDIT,0.615385,0.384615
0.6,4096,4,license_plate_bahnschrift.ttf,VJNKYFDZICRAQLPMWHGESOUXBT,15,3,0,0.51,12.393547,0.770893,0.778927,VIMAYFIODSRWOLPMAGSOEDIT,0.576923,0.423077
0.6,4096,4,license_plate_bahnschrift.ttf,VJNKYFDZICRAQLPMWHGESOUXBT,15,3,1,0.51,12.393547,0.770893,0.778927,VIMAYPIOICRAWOLPNAGSORLEDT,0.615385,0.384615
0.7,4096,4,license_plate_bahnschrift.ttf,VJNKYFDZICRAQLPMWHGESOUXBT,15,3,0,0.595,13.38656,0.735998,0.721147,VINEYFDODCRASLPNASSOLEDT,0.5,0.5
0.7,4096,4,license_plate_bahnschrift.ttf,VJNKYFDZICRAQLPMWHGESOUXBT,15,3,1,0.595,13.38656,0.735998,0.721147,VINEYFOODCRAWSLPMASOLEDT,0.538462,0.461538
0.8,4096,4,license_plate_bahnschrift.ttf,VJNKYFDZICRAQLPMWHGESOUXBT,15,3,0,0.68,14.310835,0.701998,0.674571,VIMAYFOOICRASLPMAWGESOULEDT,0.423077,0.576923
0.8,4096,4,license_plate_bahnschrift.ttf,VJNKYFDZICRAQLPMWHGESOUXBT,15,3,1,0.68,14.310835,0.701998,0.674571,VINEYFOODCRASLPMAGSSOUET,0.423077,0.576923
0.9,4096,4,license_plate_bahnschrift.ttf,VJNKYFDZICRAQLPMWHGESOUXBT,15,3,0,0.765,15.178933,0.668877,0.635992,VIMEYEOOICRASLPMWHGESOUEDT,0.346154,0.653846
0.9,4096,4,license_plate_bahnschrift.ttf,VJNKYFDZICRAQLPMWHGESOUXBT,15,3,1,0.765,15.178933,0.668877,0.635992,VIMEYFOODCRASLPMAGESOLLEDT,0.5,0.5
1.0,4096,4,license_plate_bahnschrift.ttf,VJNKYFDZICRAQLPMWHGESOUXBT,15,3,0,0.85,16.0,0.63662,0.603355,VINEYFOODCRAGLPMWHGESOLTERT,0.384615,0.615385
1.0,4096,4,license_plate_bahnschrift.ttf,VJNKYFDZICRAQLPMWHGESOUXBT,15,3,1,0.85,16.0,0.63662,0.603355,VJNEYFOOCRASLPMWGESOUERT,0.307692,0.692308
0.1,16384,4,license_plate_bahnschrift.ttf,VJNKYFDZICRAQLPMWHGESOUXBT,15,3,0,0.085,5.059644,0.959381,1.907975,WHAYTICIIRSILPMASGOSMEDT,0.653846,0.346154
0.1,16384,4,license_plate_bahnschrift.ttf,VJNKYFDZICRAQLPMWHGESOUXBT,15,3,1,0.085,5.059644,0.959381,1.907975,SHASTICICRSILPMASGOSMEDT,0.653846,0.346154
0.2,16384,4,license_plate_bahnschrift.ttf,VJNKYFDZICRAQLPMWHGESOUXBT,15,3,0,0.17,7.155418,0.919759,1.349142,WHAYTICICRSILPMASGSSDMIEDT,0.653846,0.346154
0.2,16384,4,license_plate_bahnschrift.ttf,VJNKYFDZICRAQLPMWHGESOUXBT,15,3,1,0.17,7.155418,0.919759,1.349142,SJHASTICIIRSOLPMASGOSDIEDT,0.653846,0.346154
0.3,16384,4,license_plate_bahnschrift.ttf,VJNKYFDZICRAQLPMWHGESOUXBT,15,3,0,0.255,8.763561,0.881116,1.10157,VIMASPIOCIIRVOLPMASGOSDAIEDT,0.730769,0.269231
0.3,16384,4,license_plate_bahnschrift.ttf,VJNKYFDZICRAQLPMWHGESOUXBT,15,3,1,0.255,8.763561,0.881116,1.10157,VIMAYFICIIRNOLPMANGCSOALEDT,0.576923,0.423077
0.4,16384,4,license_plate_bahnschrift.ttf,VJNKYFDZICRAQLPMWHGESOUXBT,15,3,0,0.34,10.119289,0.843436,0.953987,VIMAYFIOIIRNOLPMANGGSOMEDIT,0.576923,0.423077
0.4,16384,4,license_plate_bahnschrift.ttf,VJNKYFDZICRAQLPMWHGESOUXBT,15,3,1,0.34,10.119289,0.843436,0.953987,VIHAYFIOIIRASLPMANGGSOMLEDIT,0.576923,0.423077
0.5,16384,4,license_plate_bahnschrift.ttf,VJNKYFDZICRAQLPMWHGESOUXBT,15,3,0,0.425,11.313708,0.8067,0.853272,VIMAYFIOIIRWVOLPNAYGESOMLEDT,0.615385,0.384615
0.5,16384,4,license_plate_bahnschrift.ttf,VJNKYFDZICRAQLPMWHGESOUXBT,15,3,1,0.425,11.313708,0.8067,0.853272,VIMAYFOOIIRWOLPNAYGSSORLEDT,0.615385,0.384615
0.6,16384,4,license_plate_bahnschrift.ttf,VJNKYFDZICRAQLPMWHGESOUXBT,15,3,0,0.51,12.393547,0.770893,0.778927,VIMAYPIOIORAWOLPNAGSORLEDT,0.653846,0.346154
0.6,16384,4,license_plate_bahnschrift.ttf,VJNKYFDZICRAQLPMWHGESOUXBT,15,3,1,0.51,12.393547,0.770893,0.778927,VIMAYPDOIDCRAWOLPNAGSORLEDT,0.615385,0.384615
0.7,16384,4,license_plate_bahnschrift.ttf,VJNKYFDZICRAQLPMWHGESOUXBT,15,3,0,0.595,13.38656,0.735998,0.721147,VIMAYPOODSRAWOLPNAGESOALEDT,0.653846,0.346154
0.7,16384,4,license_plate_bahnschrift.ttf,VJNKYFDZICRAQLPMWHGESOUXBT,15,3,1,0.595,13.38656,0.735998,0.721147,VIMAYFOODCRAWOLPNAGESOALEDT,0.576923,0.423077
0.8,16384,4,license_plate_bahnschrift.ttf,VJNKYFDZICRAQLPMWHGESOUXBT,15,3,0,0.68,14.310835,0.701998,0.674571,VIMEYPOODCRASLPMAGESOLLEDT,0.538462,0.461538
0.8,16384,4,license_plate_bahnschrift.ttf,VJNKYFDZICRAQLPMWHGESOUXBT,15,3,1,0.68,14.310835,0.701998,0.674571,VIMAYPOOICRASLPNAESOLLEDT,0.576923,0.423077
0.9,16384,4,license_plate_bahnschrift.ttf,VJNKYFDZICRAQLPMWHGESOUXBT,15,3,0,0.765,15.178933,0.668877,0.635992,VIMEYFOODCRASLPMAWGESOLEDT,0.461538,0.538462
0.9,16384,4,license_plate_bahnschrift.ttf,VJNKYFDZICRAQLPMWHGESOUXBT,15,3,1,0.765,15.178933,0.668877,0.635992,VIMEYEOODCRASLPNAWGESOLLEDT,0.576923,0.423077
1.0,16384,4,license_plate_bahnschrift.ttf,VJNKYFDZICRAQLPMWHGESOUXBT,15,3,0,0.85,16.0,0.63662,0.603355,VINEYFOODCRASLPMWHGESOUERT,0.307692,0.692308
1.0,16384,4,license_plate_bahnschrift.ttf,VJNKYFDZICRAQLPMWHGESOUXBT,15,3,1,0.85,16.0,0.63662,0.603355,VINAYFOUDCRASLPMWGESOUERT,0.346154,0.653846
0.1,65536,4,license_plate_bahnschrift.ttf,VJNKYFDZICRAQLPMWHGESOUXBT,15,3,0,0.085,5.059644,0.959381,1.907975,SSHASTICIIORSILPMASGOSMEDT,0.730769,0.269231
0.1,65536,4,license_plate_bahnschrift.ttf,VJNKYFDZICRAQLPMWHGESOUXBT,15,3,1,0.085,5.059644,0.959381,1.907975,SHASTICICRSILPMASGOSMEOT,0.653846,0.346154
0.2,65536,4,license_plate_bahnschrift.ttf,VJNKYFDZICRAQLPMWHGESOUXBT,15,3,0,0.17,7.155418,0.919759,1.349142,WHASTICIIRSOLPMASGOSDAIEDT,0.730769,0.269231
0.2,65536,4,license_plate_bahnschrift.ttf,VJNKYFDZICRAQLPMWHGESOUXBT,15,3,1,0.17,7.155418,0.919759,1.349142,WIHAYFIOCIIRSOLPMANGCSDMIEDT,0.692308,0.307692
0.3,65536,4,license_plate_bahnschrift.ttf,VJNKYFDZICRAQLPMWHGESOUXBT,15,3,0,0.255,8.763561,0.881116,1.10157,VIMAYPIOIIRVOLPMASGCSDAIECDT,0.692308,0.307692
0.3,65536,4,license_plate_bahnschrift.ttf,VJNKYFDZICRAQLPMWHGESOUXBT,15,3,1,0.255,8.763561,0.881116,1.10157,VIMANTIOIIRNOLPMASGOSDAIEDT,0.692308,0.307692
0.4,65536,4,license_plate_bahnschrift.ttf,VJNKYFDZICRAQLPMWHGESOUXBT,15,3,0,0.34,10.119289,0.843436,0.953987,VMAYFIOIIRANOLPMANGSOMLEDIT,0.615385,0.384615
0.4,65536,4,license_plate_bahnschrift.ttf,VJNKYFDZICRAQLPMWHGESOUXBT,15,3,1,0.34,10.119289,0.843436,0.953987,VIMAYFIOIIRANOLPMANGSOMLEDIT,0.615385,0.384615
0.5,65536,4,license_plate_bahnschrift.ttf,VJNKYFDZICRAQLPMWHGESOUXBT,15,3,0,0.425,11.313708,0.8067,0.853272,VIMAYFDODSRAWOLPMAGSSOALEDT,0.576923,0.423077
0.5,65536,4,license_plate_bahnschrift.ttf,VJNKYFDZICRAQLPMWHGESOUXBT,15,3,1,0.425,11.313708,0.8067,0.853272,VIMAYFIOISRAWOLPMAGSOALEDIT,0.615385,0.384615
0.6,65536,4,license_plate_bahnschrift.ttf,VJNKYFDZICRAQLPMWHGESOUXBT,15,3,0,0.51,12.393547,0.770893,0.778927,VIMAYPIOIORAWOLPNASORLEDT,0.692308,0.307692
0.6,65536,4,license_plate_bahnschrift.ttf,VJNKYFDZICRAQLPMWHGESOUXBT,15,3,1,0.51,12.393547,0.770893,0.778927,VIMAYPDOICRAWOLPNASORLEDT,0.615385,0.384615
0.7,65536,4,license_plate_bahnschrift.ttf,VJNKYFDZICRAQLPMWHGESOUXBT,15,3,0,0.595,13.38656,0.735998,0.721147,VIMAYPOODSRAWOLPNAGESOLLEDT,0.653846,0.346154
0.7,65536,4,license_plate_bahnschrift.ttf,VJNKYFDZICRAQLPMWHGESOUXBT,15,3,1,0.595,13.38656,0.735998,0.721147,VIMAYPOODCRAWOLPNAGSOULEDT,0.615385,0.384615
0.8,65536,4,license_plate_bahnschrift.ttf,VJNKYFDZICRAQLPMWHGESOUXBT,15,3,0,0.68,14.310835,0.701998,0.674571,VIMAYPOOICRASLPMAGESOLLEDT,0.5,0.5
0.8,65536,4,license_plate_bahnschrift.ttf,VJNKYFDZICRAQLPMWHGESOUXBT,15,3,1,0.68,14.310835,0.701998,0.674571,VIMEYPOOICRAWSLPNAGESOLLEDT,0.576923,0.423077
0.9,65536,4,license_plate_bahnschrift.ttf,VJNKYFDZICRAQLPMWHGESOUXBT,15,3,0,0.765,15.178933,0.668877,0.635992,VIMEYFOODCRASLPMWHGESOLTEDT,0.423077,0.576923
0.9,65536,4,license_plate_bahnschrift.ttf,VJNKYFDZICRAQLPMWHGESOUXBT,15,3,1,0.765,15.178933,0.668877,0.635992,VIMEYFOODCRASLPMWHGESOLTEDT,0.423077,0.576923
1.0,65536,4,license_plate_bahnschrift.ttf,VJNKYFDZICRAQLPMWHGESOUXBT,15,3,0,0.85,16.0,0.63662,0.603355,VINEYFOODCRASLPMWHGESOUERT,0.307692,0.692308
1.0,65536,4,license_plate_bahnschrift.ttf,VJNKYFDZICRAQLPMWHGESOUXBT,15,3,1,0.85,16.0,0.63662,0.603355,VINEYEOODCRASLPMWHGESOUERT,0.346154,0.653846
0.1,4,4,license_plate_bahnschrift.ttf,VJNKYFDZICRAQLPMWHGESOUXBT,15,7,0,0.085,5.059644,0.959381,1.907975,,1.0,0.0
0.1,4,4,license_plate_bahnschrift.ttf,VJNKYFDZICRAQLPMWHGESOUXBT,15,7,1,0.085,5.059644,0.959381,1.907975,EE,0.961538,0.038462
0.2,4,4,license_plate_bahnschrift.ttf,VJNKYFDZICRAQLPMWHGESOUXBT,15,7,0,0.17,7.155418,0.919759,1.349142,,1.0,0.0
0.2,4,4,license_plate_bahnschrift.ttf,VJNKYFDZICRAQLPMWHGESOUXBT,15,7,1,0.17,7.155418,0.919759,1.349142,,1.0,0.0
0.3,4,4,license_plate_bahnschrift.ttf,VJNKYFDZICRAQLPMWHGESOUXBT,15,7,0,0.255,8.763561,0.881116,1.10157,,1.0,0.0
0.3,4,4,license_plate_bahnschrift.ttf,VJNKYFDZICRAQLPMWHGESOUXBT,15,7,1,0.255,8.763561,0.881116,1.10157,,1.0,0.0
0.4,4,4,license_plate_bahnschrift.ttf,VJNKYFDZICRAQLPMWHGESOUXBT,15,7,0,0.34,10.119289,0.843436,0.953987,,1.0,0.0
0.4,4,4,license_plate_bahnschrift.ttf,VJNKYFDZICRAQLPMWHGESOUXBT,15,7,1,0.34,10.119289,0.843436,0.953987,,1.0,0.0
0.5,4,4,license_plate_bahnschrift.ttf,VJNKYFDZICRAQLPMWHGESOUXBT,15,7,0,0.425,11.313708,0.8067,0.853272,,1.0,0.0
0.5,4,4,license_plate_bahnschrift.ttf,VJNKYFDZICRAQLPMWHGESOUXBT,15,7,1,0.425,11.313708,0.8067,0.853272,TSENRDP,0.923077,0.076923
0.6,4,4,license_plate_bahnschrift.ttf,VJNKYFDZICRAQLPMWHGESOUXBT,15,7,0,0.51,12.393547,0.770893,0.778927,OT,0.923077,0.076923
0.6,4,4,license_plate_bahnschrift.ttf,VJNKYFDZICRAQLPMWHGESOUXBT,15,7,1,0.51,12.393547,0.770893,0.778927,SPG,0.923077,0.076923
0.7,4,4,license_plate_bahnschrift.ttf,VJNKYFDZICRAQLPMWHGESOUXBT,15,7,0,0.595,13.38656,0.735998,0.721147,EEC,0.961538,0.038462
0.7,4,4,license_plate_bahnschrift.ttf,VJNKYFDZICRAQLPMWHGESOUXBT,15,7,1,0.595,13.38656,0.735998,0.721147,RIETIARR,0.923077,0.076923
0.8,4,4,license_plate_bahnschrift.ttf,VJNKYFDZICRAQLPMWHGESOUXBT,15,7,0,0.68,14.310835,0.701998,0.674571,,1.0,0.0
0.8,4,4,license_plate_bahnschrift.ttf,VJNKYFDZICRAQLPMWHGESOUXBT,15,7,1,0.68,14.310835,0.701998,0.674571,,1.0,0.0
0.9,4,4,license_plate_bahnschrift.ttf,VJNKYFDZICRAQLPMWHGESOUXBT,15,7,0,0.765,15.178933,0.668877,0.635992,SRCHMT,0.884615,0.115385
0.9,4,4,license_plate_bahnschrift.ttf,VJNKYFDZICRAQLPMWHGESOUXBT,15,7,1,0.765,15.178933,0.668877,0.635992,AH,0.923077,0.076923
1.0,4,4,license_plate_bahnschrift.ttf,VJNKYFDZICRAQLPMWHGESOUXBT,15,7,0,0.85,16.0,0.63662,0.603355,BIBJG,0.923077,0.076923
1.0,4,4,license_plate_bahnschrift.ttf,VJNKYFDZICRAQLPMWHGESOUXBT,15,7,1,0.85,16.0,0.63662,0.603355,BERRA,0.923077,0.076923
0.1,16,4,license_plate_bahnschrift.ttf,VJNKYFDZICRAQLPMWHGESOUXBT,15,7,0,0.085,5.059644,0.959381,1.907975,EWPSL,0.923077,0.076923
0.1,16,4,license_plate_bahnschrift.ttf,VJNKYFDZICRAQLPMWHGESOUXBT,15,7,1,0.085,5.059644,0.959381,1.907975,,1.0,0.0
0.2,16,4,license_plate_bahnschrift.ttf,VJNKYFDZICRAQLPMWHGESOUXBT,15,7,0,0.17,7.155418,0.919759,1.349142,BS,0.961538,0.038462
0.2,16,4,license_plate_bahnschrift.ttf,VJNKYFDZICRAQLPMWHGESOUXBT,15,7,1,0.17,7.155418,0.919759,1.349142,RSPHARATESG,0.846154,0.153846
0.3,16,4,license_plate_bahnschrift.ttf,VJNKYFDZICRAQLPMWHGESOUXBT,15,7,0,0.255,8.763561,0.881116,1.10157,,1.0,0.0
0.3,16,4,license_plate_bahnschrift.ttf,VJNKYFDZICRAQLPMWHGESOUXBT,15,7,1,0.255,8.763561,0.881116,1.10157,,1.0,0.0
0.4,16,4,license_plate_bahnschrift.ttf,VJNKYFDZICRAQLPMWHGESOUXBT,15,7,0,0.34,10.119289,0.843436,0.953987,BET,0.923077,0.076923
0.4,16,4,license_plate_bahnschrift.ttf,VJNKYFDZICRAQLPMWHGESOUXBT,15,7,1,0.34,10.119289,0.843436,0.953987,BNRO,0.884615,0.115385
0.5,16,4,license_plate_bahnschrift.ttf,VJNKYFDZICRAQLPMWHGESOUXBT,15,7,0,0.425,11.313708,0.8067,0.853272,,1.0,0.0
0.5,16,4,license_plate_bahnschrift.ttf,VJNKYFDZICRAQLPMWHGESOUXBT,15,7,1,0.425,11.313708,0.8067,0.853272,,1.0,0.0
0.6,16,4,license_plate_bahnschrift.ttf,VJNKYFDZICRAQLPMWHGESOUXBT,15,7,0,0.51,12.393547,0.770893,0.778927,SMANFASOCKO,0.846154,0.153846
0.6,16,4,license_plate_bahnschrift.ttf,VJNKYFDZICRAQLPMWHGESOUXBT,15,7,1,0.51,12.393547,0.770893,0.778927,,1.0,0.0
0.7,16,4,license_plate_bahnschrift.ttf,VJNKYFDZICRAQLPMWHGESOUXBT,15,7,0,0.595,13.38656,0.735998,0.721147,,1.0,0.0
0.7,16,4,license_plate_bahnschrift.ttf,VJNKYFDZICRAQLPMWHGESOUXBT,15,7,1,0.595,13.38656,0.735998,0.721147,YSSLAEGRIC,0.884615,0.115385
0.8,16,4,license_plate_bahnschrift.ttf,VJNKYFDZICRAQLPMWHGESOUXBT,15,7,0,0.68,14.310835,0.701998,0.674571,,1.0,0.0
0.8,16,4,license_plate_bahnschrift.ttf,VJNKYFDZICRAQLPMWHGESOUXBT,15,7,1,0.68,14.310835,0.701998,0.674571,SERTRPRSHNSCOESE,0.846154,0.153846
0.9,16,4,license_plate_bahnschrift.ttf,VJNKYFDZICRAQLPMWHGESOUXBT,15,7,0,0.765,15.178933,0.668877,0.635992,,1.0,0.0
0.9,16,4,license_plate_bahnschrift.ttf,VJNKYFDZICRAQLPMWHGESOUXBT,15,7,1,0.765,15.178933,0.668877,0.635992,,1.0,0.0
1.0,16,4,license_plate_bahnschrift.ttf,VJNKYFDZICRAQLPMWHGESOUXBT,15,7,0,0.85,16.0,0.63662,0.603355,,1.0,0.0
1.0,16,4,license_plate_bahnschrift.ttf,VJNKYFDZICRAQLPMWHGESOUXBT,15,7,1,0.85,16.0,0.63662,0.603355,,1.0,0.0
0.1,64,4,license_plate_bahnschrift.ttf,VJNKYFDZICRAQLPMWHGESOUXBT,15,7,0,0.085,5.059644,0.959381,1.907975,,1.0,0.0
0.1,64,4,license_plate_bahnschrift.ttf,VJNKYFDZICRAQLPMWHGESOUXBT,15,7,1,0.085,5.059644,0.959381,1.907975,,1.0,0.0
0.2,64,4,license_plate_bahnschrift.ttf,VJNKYFDZICRAQLPMWHGESOUXBT,15,7,0,0.17,7.155418,0.919759,1.349142,,1.0,0.0
0.2,64,4,license_plate_bahnschrift.ttf,VJNKYFDZICRAQLPMWHGESOUXBT,15,7,1,0.17,7.155418,0.919759,1.349142,,1.0,0.0
0.3,64,4,license_plate_bahnschrift.ttf,VJNKYFDZICRAQLPMWHGESOUXBT,15,7,0,0.255,8.763561,0.881116,1.10157,,1.0,0.0
0.3,64,4,license_plate_bahnschrift.ttf,VJNKYFDZICRAQLPMWHGESOUXBT,15,7,1,0.255,8.763561,0.881116,1.10157,,1.0,0.0
0.4,64,4,license_plate_bahnschrift.ttf,VJNKYFDZICRAQLPMWHGESOUXBT,15,7,0,0.34,10.119289,0.843436,0.953987,WIERSPCDTEP,0.846154,0.153846
0.4,64,4,license_plate_bahnschrift.ttf,VJNKYFDZICRAQLPMWHGESOUXBT,15,7,1,0.34,10.119289,0.843436,0.953987,,1.0,0.0
0.5,64,4,license_plate_bahnschrift.ttf,VJNKYFDZICRAQLPMWHGESOUXBT,15,7,0,0.425,11.313708,0.8067,0.853272,SAMANFIONPNEPCT,0.807692,0.192308
0.5,64,4,license_plate_bahnschrift.ttf,VJNKYFDZICRAQLPMWHGESOUXBT,15,7,1,0.425,11.313708,0.8067,0.853272,,1.0,0.0
0.6,64,4,license_plate_bahnschrift.ttf,VJNKYFDZICRAQLPMWHGESOUXBT,15,7,0,0.51,12.393547,0.770893,0.778927,APMANFLEIZRNPBOKEL,0.807692,0.192308
0.6,64,4,license_plate_bahnschrift.ttf,VJNKYFDZICRAQLPMWHGESOUXBT,15,7,1,0.51,12.393547,0.770893,0.778927,,1.0,0.0
0.7,64,4,license_plate_bahnschrift.ttf,VJNKYFDZICRAQLPMWHGESOUXBT,15,7,0,0.595,13.38656,0.735998,0.721147,,1.0,0.0
0.7,64,4,license_plate_bahnschrift.ttf,VJNKYFDZICRAQLPMWHGESOUXBT,15,7,1,0.595,13.38656,0.735998,0.721147,,1.0,0.0
0.8,64,4,license_plate_bahnschrift.ttf,VJNKYFDZICRAQLPMWHGESOUXBT,15,7,0,0.68,14.310835,0.701998,0.674571,,1.0,0.0
0.8,64,4,license_plate_bahnschrift.ttf,VJNKYFDZICRAQLPMWHGESOUXBT,15,7,1,0.68,14.310835,0.701998,0.674571,VAMRNEDELEISPCET,0.807692,0.192308
0.9,64,4,license_plate_bahnschrift.ttf,VJNKYFDZICRAQLPMWHGESOUXBT,15,7,0,0.765,15.178933,0.668877,0.635992,,1.0,0.0
0.9,64,4,license_plate_bahnschrift.ttf,VJNKYFDZICRAQLPMWHGESOUXBT,15,7,1,0.765,15.178933,0.668877,0.635992,WPNOPPMMSESTUERT,0.730769,0.269231
1.0,64,4,license_plate_bahnschrift.ttf,VJNKYFDZICRAQLPMWHGESOUXBT,15,7,0,0.85,16.0,0.63662,0.603355,GARIYEDOLERAGUPSISCKEET,0.730769,0.269231
1.0,64,4,license_plate_bahnschrift.ttf,VJNKYFDZICRAQLPMWHGESOUXBT,15,7,1,0.85,16.0,0.63662,0.603355,VABRYPDDYSRORLONIMESESCRKERT,0.769231,0.230769
0.1,256,4,license_plate_bahnschrift.ttf,VJNKYFDZICRAQLPMWHGESOUXBT,15,7,0,0.085,5.059644,0.959381,1.907975,,1.0,0.0
0.1,256,4,license_plate_bahnschrift.ttf,VJNKYFDZICRAQLPMWHGESOUXBT,15,7,1,0.085,5.059644,0.959381,1.907975,,1.0,0.0
0.2,256,4,license_plate_bahnschrift.ttf,VJNKYFDZICRAQLPMWHGESOUXBT,15,7,0,0.17,7.155418,0.919759,1.349142,MVEIEIYAWAHT,0.846154,0.153846
0.2,256,4,license_plate_bahnschrift.ttf,VJNKYFDZICRAQLPMWHGESOUXBT,15,7,1,0.17,7.155418,0.919759,1.349142,UMAVEIOTBBLAET,0.846154,0.153846
0.3,256,4,license_plate_bahnschrift.ttf,VJNKYFDZICRAQLPMWHGESOUXBT,15,7,0,0.255,8.763561,0.881116,1.10157,UMAVEICTERAPMASHESRT,0.730769,0.269231
0.3,256,4,license_plate_bahnschrift.ttf,VJNKYFDZICRAQLPMWHGESOUXBT,15,7,1,0.255,8.763561,0.881116,1.10157,METOITSOPMSCRT,0.807692,0.192308
0.4,256,4,license_plate_bahnschrift.ttf,VJNKYFDZICRAQLPMWHGESOUXBT,15,7,0,0.34,10.119289,0.843436,0.953987,SIMNETCICRSOPSERT,0.769231,0.230769
0.4,256,4,license_plate_bahnschrift.ttf,VJNKYFDZICRAQLPMWHGESOUXBT,15,7,1,0.34,10.119289,0.843436,0.953987,WVFIPIRPWT,0.769231,0.230769
0.5,256,4,license_plate_bahnschrift.ttf,VJNKYFDZICRAQLPMWHGESOUXBT,15,7,0,0.425,11.313708,0.8067,0.853272,VEIOTCRSTLPMABEOELCRT,0.692308,0.307692
0.5,256,4,license_plate_bahnschrift.ttf,VJNKYFDZICRAQLPMWHGESOUXBT,15,7,1,0.425,11.313708,0.8067,0.853272,VIMSYFICNSRPAASCALERT,0.730769,0.269231
0.6,256,4,license_plate_bahnschrift.ttf,VJNKYFDZICRAQLPMWHGESOUXBT,15,7,0,0.51,12.393547,0.770893,0.778927,UMAYETOUTRADAPASLEERT,0.769231,0.230769
0.6,256,4,license_plate_bahnschrift.ttf,VJNKYFDZICRAQLPMWHGESOUXBT,15,7,1,0.51,12.393547,0.770893,0.778927,JMFICICPMAESRT,0.653846,0.346154
0.7,256,4,license_plate_bahnschrift.ttf,VJNKYFDZICRAQLPMWHGESOUXBT,15,7,0,0.595,13.38656,0.735998,0.721147,VAMMYPIOIERYOPMSERT,0.692308,0.307692
0.7,256,4,license_plate_bahnschrift.ttf,VJNKYFDZICRAQLPMWHGESOUXBT,15,7,1,0.595,13.38656,0.735998,0.721147,VAMVPIUPWOPMACOULRT,0.730769,0.269231
0.8,256,4,license_plate_bahnschrift.ttf,VJNKYFDZICRAQLPMWHGESOUXBT,15,7,0,0.68,14.310835,0.701998,0.674571,VIMOVETONRSPMAS,0.807692,0.192308
0.8,256,4,license_plate_bahnschrift.ttf,VJNKYFDZICRAQLPMWHGESOUXBT,15,7,1,0.68,14.310835,0.701998,0.674571,WMAYFLODCRACLPOSSLELERT,0.653846,0.346154
0.9,256,4,license_plate_bahnschrift.ttf,VJNKYFDZICRAQLPMWHGESOUXBT,15,7,0,0.765,15.178933,0.668877,0.635992,VNVECONERPMSSORLERT,0.730769,0.269231
0.9,256,4,license_plate_bahnschrift.ttf,VJNKYFDZICRAQLPMWHGESOUXBT,15,7,1,0.765,15.178933,0.668877,0.635992,MUNAYFRODCRASPSCLERT,0.653846,0.346154
1.0,256,4,license_plate_bahnschrift.ttf,VJNKYFDZICRAQLPMWHGESOUXBT,15,7,0,0.85,16.0,0.63662,0.603355,VIMAYEDUISRPMSOUERT,0.576923,0.423077
1.0,256,4,license_plate_bahnschrift.ttf,VJNKYFDZICRAQLPMWHGESOUXBT,15,7,1,0.85,16.0,0.63662,0.603355,VAWRVPDOIERASLPMSONERT,0.576923,0.423077
0.1,1024,4,license_plate_bahnschrift.ttf,VJNKYFDZICRAQLPMWHGESOUXBT,15,7,0,0.085,5.059644,0.959381,1.907975,SHAFIDLPAAPMASHTCRT,0.769231,0.230769
0.1,1024,4,license_plate_bahnschrift.ttf,VJNKYFDZICRAQLPMWHGESOUXBT,15,7,1,0.085,5.059644,0.959381,1.907975,HASFICLPSEPMASTCRT,0.730769,0.269231
0.2,1024,4,license_plate_bahnschrift.ttf,VJNKYFDZICRAQLPMWHGESOUXBT,15,7,0,0.17,7.155418,0.919759,1.349142,SHASPICLPSUPMASHSRT,0.769231,0.230769
0.2,1024,4,license_plate_bahnschrift.ttf,VJNKYFDZICRAQLPMWHGESOUXBT,15,7,1,0.17,7.155418,0.919759,1.349142,SUHSPIOLBSPMASECRT,0.807692,0.192308
0.3,1024,4,license_plate_bahnschrift.ttf,VJNKYFDZICRAQLPMWHGESOUXBT,15,7,0,0.255,8.763561,0.881116,1.10157,VIMVFIONPPMASFPRT,0.730769,0.269231
0.3,1024,4,license_plate_bahnschrift.ttf,VJNKYFDZICRAQLPMWHGESOUXBT,15,7,1,0.255,8.763561,0.881116,1.10157,VIMASFIODPPMASSCRT,0.730769,0.269231
0.4,1024,4,license_plate_bahnschrift.ttf,VJNKYFDZICRAQLPMWHGESOUXBT,15,7,0,0.34,10.119289,0.843436,0.953987,SMVETCIRPMASCRT,0.769231,0.230769
0.4,1024,4,license_plate_bahnschrift.ttf,VJNKYFDZICRAQLPMWHGESOUXBT,15,7,1,0.34,10.119289,0.843436,0.953987,VHSVFICIRYPMAHCRT,0.692308,0.307692
0.5,1024,4,license_plate_bahnschrift.ttf,VJNKYFDZICRAQLPMWHGESOUXBT,15,7,0,0.425,11.313708,0.8067,0.853272,VIMVFICIORSPMARESIMCRT,0.653846,0.346154
0.5,1024,4,license_plate_bahnschrift.ttf,VJNKYFDZICRAQLPMWHGESOUXBT,15,7,1,0.425,11.313708,0.8067,0.853272,VIMSFICIORYPNAMSOUCRT,0.653846,0.346154
0.6,1024,4,license_plate_bahnschrift.ttf,VJNKYFDZICRAQLPMWHGESOUXBT,15,7,0,0.51,12.393547,0.770893,0.778927,VIMFICICRSOPNASCRT,0.692308,0.307692
0.6,1024,4,license_plate_bahnschrift.ttf,VJNKYFDZICRAQLPMWHGESOUXBT,15,7,1,0.51,12.393547,0.770893,0.778927,VIMOVPICICRPMARBLRT,0.730769,0.269231
0.7,1024,4,license_plate_bahnschrift.ttf,VJNKYFDZICRAQLPMWHGESOUXBT,15,7,0,0.595,13.38656,0.735998,0.721147,VAIMAYFDODCRPNASORERT,0.653846,0.346154
0.7,1024,4,license_plate_bahnschrift.ttf,VJNKYFDZICRAQLPMWHGESOUXBT,15,7,1,0.595,13.38656,0.735998,0.721147,VIMFICICRASPMARSOEIERT,0.615385,0.384615
0.8,1024,4,license_plate_bahnschrift.ttf,VJNKYFDZICRAQLPMWHGESOUXBT,15,7,0,0.68,14.310835,0.701998,0.674571,VINAVEIODCRAPMASLURT,0.615385,0.384615
0.8,1024,4,license_plate_bahnschrift.ttf,VJNKYFDZICRAQLPMWHGESOUXBT,15,7,1,0.68,14.310835,0.701998,0.674571,VINAYFTOICRAOPMCRT,0.576923,0.423077
0.9,1024,4,license_plate_bahnschrift.ttf,VJNKYFDZICRAQLPMWHGESOUXBT,15,7,0,0.765,15.178933,0.668877,0.635992,VINSVFIOICRASEPMASORLERT,0.576923,0.423077
0.9,1024,4,license_plate_bahnschrift.ttf,VJNKYFDZICRAQLPMWHGESOUXBT,15,7,1,0.765,15.178933,0.668877,0.635992,VIMGYEDOIERPMWSORLERT,0.615385,0.384615
1.0,1024,4,license_plate_bahnschrift.ttf,VJNKYFDZICRAQLPMWHGESOUXBT,15,7,0,0.85,16.0,0.63662,0.603355,VWVEDUICRPSOERT,0.653846,0.346154
1.0,1024,4,license_plate_bahnschrift.ttf,VJNKYFDZICRAQLPMWHGESOUXBT,15,7,1,0.85,16.0,0.63662,0.603355,VANAVEDODERPMWSORRT,0.615385,0.384615
0.1,4096,4,license_plate_bahnschrift.ttf,VJNKYFDZICRAQLPMWHGESOUXBT,15,7,0,0.085,5.059644,0.959381,1.907975,SHSFICLPSLLPMARPCRT,0.769231,0.230769
0.1,4096,4,license_plate_bahnschrift.ttf,VJNKYFDZICRAQLPMWHGESOUXBT,15,7,1,0.085,5.059644,0.959381,1.907975,SHANFICLPSLLPMASTCRT,0.730769,0.269231
0.2,4096,4,license_plate_bahnschrift.ttf,VJNKYFDZICRAQLPMWHGESOUXBT,15,7,0,0.17,7.155418,0.919759,1.349142,SMASPIGLPSPMAMHCRT,0.846154,0.153846
0.2,4096,4,license_plate_bahnschrift.ttf,VJNKYFDZICRAQLPMWHGESOUXBT,15,7,1,0.17,7.155418,0.919759,1.349142,SUMASPICLPSPMATCRT,0.807692,0.192308
0.3,4096,4,license_plate_bahnschrift.ttf,VJNKYFDZICRAQLPMWHGESOUXBT,15,7,0,0.255,8.763561,0.881116,1.10157,VIMANPIGLPPMASCRT,0.769231,0.230769
0.3,4096,4,license_plate_bahnschrift.ttf,VJNKYFDZICRAQLPMWHGESOUXBT,15,7,1,0.255,8.763561,0.881116,1.10157,WIMASPIOLPPMASSCRT,0.807692,0.192308
0.4,4096,4,license_plate_bahnschrift.ttf,VJNKYFDZICRAQLPMWHGESOUXBT,15,7,0,0.34,10.119289,0.843436,0.953987,VMVPICIRSPMARSORT,0.692308,0.307692
0.4,4096,4,license_plate_bahnschrift.ttf,VJNKYFDZICRAQLPMWHGESOUXBT,15,7,1,0.34,10.119289,0.843436,0.953987,VMVFICICRSPMASSHCRT,0.653846,0.346154
0.5,4096,4,license_plate_bahnschrift.ttf,VJNKYFDZICRAQLPMWHGESOUXBT,15,7,0,0.425,11.313708,0.8067,0.853272,VIMVFIOICRSPNARSLMLCRT,0.730769,0.269231
0.5,4096,4,license_plate_bahnschrift.ttf,VJNKYFDZICRAQLPMWHGESOUXBT,15,7,1,0.425,11.313708,0.8067,0.853272,VIMAVFICICRSPMARESOMCRT,0.576923,0.423077
0.6,4096,4,license_plate_bahnschrift.ttf,VJNKYFDZICRAQLPMWHGESOUXBT,15,7,0,0.51,12.393547,0.770893,0.778927,VIMVFDOICRSOPMSOERT,0.576923,0.423077
0.6,4096,4,license_plate_bahnschrift.ttf,VJNKYFDZICRAQLPMWHGESOUXBT,15,7,1,0.51,12.393547,0.770893,0.778927,VAINVFICCRYOPNASLERT,0.730769,0.269231
0.7,4096,4,license_plate_bahnschrift.ttf,VJNKYFDZICRAQLPMWHGESOUXBT,15,7,0,0.595,13.38656,0.735998,0.721147,VINVFTONCRYOPNARSORLERT,0.692308,0.307692
0.7,4096,4,license_plate_bahnschrift.ttf,VJNKYFDZICRAQLPMWHGESOUXBT,15,7,1,0.595,13.38656,0.735998,0.721147,VINGVFIOICRAPNARSORERT,0.576923,0.423077
0.8,4096,4,license_plate_bahnschrift.ttf,VJNKYFDZICRAQLPMWHGESOUXBT,15,7,0,0.68,14.310835,0.701998,0.674571,VAINYFTOICROPMWSORERT,0.538462,0.461538
0.8,4096,4,license_plate_bahnschrift.ttf,VJNKYFDZICRAQLPMWHGESOUXBT,15,7,1,0.68,14.310835,0.701998,0.674571,VAINOVFIODCRSOPMWSORT,0.615385,0.384615
0.9,4096,4,license_plate_bahnschrift.ttf,VJNKYFDZICRAQLPMWHGESOUXBT,15,7,0,0.765,15.178933,0.668877,0.635992,VINGVEDODCRWSPMWSORLERT,0.615385,0.384615
0.9,4096,4,license_plate_bahnschrift.ttf,VJNKYFDZICRAQLPMWHGESOUXBT,15,7,1,0.765,15.178933,0.668877,0.635992,VANSYEDODCRWSPMWESORLERT,0.538462,0.461538
1.0,4096,4,license_plate_bahnschrift.ttf,VJNKYFDZICRAQLPMWHGESOUXBT,15,7,0,0.85,16.0,0.63662,0.603355,VANEYEDODCRSPMSORLERT,0.615385,0.384615
1.0,4096,4,license_plate_bahnschrift.ttf,VJNKYFDZICRAQLPMWHGESOUXBT,15,7,1,0.85,16.0,0.63662,0.603355,VINAYETODCRPMWSORERT,0.576923,0.423077
0.1,16384,4,license_plate_bahnschrift.ttf,VJNKYFDZICRAQLPMWHGESOUXBT,15,7,0,0.085,5.059644,0.959381,1.907975,SHASFICLBSLPMASSCRT,0.692308,0.307692
0.1,16384,4,license_plate_bahnschrift.ttf,VJNKYFDZICRAQLPMWHGESOUXBT,15,7,1,0.085,5.059644,0.959381,1.907975,SOHASFICLPSLPMAPCRT,0.730769,0.269231
0.2,16384,4,license_plate_bahnschrift.ttf,VJNKYFDZICRAQLPMWHGESOUXBT,15,7,0,0.17,7.155418,0.919759,1.349142,SUMFICTPPMASBTCRT,0.730769,0.269231
0.2,16384,4,license_plate_bahnschrift.ttf,VJNKYFDZICRAQLPMWHGESOUXBT,15,7,1,0.17,7.155418,0.919759,1.349142,SMSFICLBPMAPCRT,0.769231,0.230769
0.3,16384,4,license_plate_bahnschrift.ttf,VJNKYFDZICRAQLPMWHGESOUXBT,15,7,0,0.255,8.763561,0.881116,1.10157,SIMASPICTRSPMARSHCRT,0.769231,0.230769
0.3,16384,4,license_plate_bahnschrift.ttf,VJNKYFDZICRAQLPMWHGESOUXBT,15,7,1,0.255,8.763561,0.881116,1.10157,SIMASFICLRSPMARSCRT,0.730769,0.269231
0.4,16384,4,license_plate_bahnschrift.ttf,VJNKYFDZICRAQLPMWHGESOUXBT,15,7,0,0.34,10.119289,0.843436,0.953987,VMVFICIORSPMARSSHCRT,0.692308,0.307692
0.4,16384,4,license_plate_bahnschrift.ttf,VJNKYFDZICRAQLPMWHGESOUXBT,15,7,1,0.34,10.119289,0.843436,0.953987,VWVPICIORSPMASSRT,0.730769,0.269231
0.5,16384,4,license_plate_bahnschrift.ttf,VJNKYFDZICRAQLPMWHGESOUXBT,15,7,0,0.425,11.313708,0.8067,0.853272,VIMAVFICICRAPMASLART,0.615385,0.384615
0.5,16384,4,license_plate_bahnschrift.ttf,VJNKYFDZICRAQLPMWHGESOUXBT,15,7,1,0.425,11.313708,0.8067,0.853272,VIMVFICICRSPMARSLMCRT,0.653846,0.346154
0.6,16384,4,license_plate_bahnschrift.ttf,VJNKYFDZICRAQLPMWHGESOUXBT,15,7,0,0.51,12.393547,0.770893,0.778927,VIMFICICRSOPNASCRT,0.692308,0.307692
0.6,16384,4,license_plate_bahnschrift.ttf,VJNKYFDZICRAQLPMWHGESOUXBT,15,7,1,0.51,12.393547,0.770893,0.778927,VIMVEDOICRSOPMSRT,0.653846,0.346154
0.7,16384,4,license_plate_bahnschrift.ttf,VJNKYFDZICRAQLPMWHGESOUXBT,15,7,0,0.595,13.38656,0.735998,0.721147,VINAVEIONCRYOPMARSORLERT,0.692308,0.307692
0.7,16384,4,license_plate_bahnschrift.ttf,VJNKYFDZICRAQLPMWHGESOUXBT,15,7,1,0.595,13.38656,0.735998,0.721147,VINVFIONCRYOPNARSOUERT,0.615385,0.384615
0.8,16384,4,license_plate_bahnschrift.ttf,VJNKYFDZICRAQLPMWHGESOUXBT,15,7,0,0.68,14.310835,0.701998,0.674571,VIMEVFIOICRAOPMAECLERT,0.615385,0.384615
0.8,16384,4,license_plate_bahnschrift.ttf,VJNKYFDZICRAQLPMWHGESOUXBT,15,7,1,0.68,14.310835,0.701998,0.674571,VAINYFDOCRSOPMSOUERT,0.538462,0.461538
0.9,16384,4,license_plate_bahnschrift.ttf,VJNKYFDZICRAQLPMWHGESOUXBT,15,7,0,0.765,15.178933,0.668877,0.635992,VANGYFDODCRPMWSORLERT,0.538462,0.461538
0.9,16384,4,license_plate_bahnschrift.ttf,VJNKYFDZICRAQLPMWHGESOUXBT,15,7,1,0.765,15.178933,0.668877,0.635992,VINGVFDODCRSPMWRSORERT,0.538462,0.461538
1.0,16384,4,license_plate_bahnschrift.ttf,VJNKYFDZICRAQLPMWHGESOUXBT,15,7,0,0.85,16.0,0.63662,0.603355,VINAYEDODCRPMSORERT,0.576923,0.423077
1.0,16384,4,license_plate_bahnschrift.ttf,VJNKYFDZICRAQLPMWHGESOUXBT,15,7,1,0.85,16.0,0.63662,0.603355,VINAYEDODCRASPMSORERT,0.538462,0.461538
0.1,65536,4,license_plate_bahnschrift.ttf,VJNKYFDZICRAQLPMWHGESOUXBT,15,7,0,0.085,5.059644,0.959381,1.907975,SOHASFICLPSLPMASSCRT,0.692308,0.307692
0.1,65536,4,license_plate_bahnschrift.ttf,VJNKYFDZICRAQLPMWHGESOUXBT,15,7,1,0.085,5.059644,0.959381,1.907975,SOHASFICLPSLPMACRT,0.730769,0.269231
0.2,65536,4,license_plate_bahnschrift.ttf,VJNKYFDZICRAQLPMWHGESOUXBT,15,7,0,0.17,7.155418,0.919759,1.349142,SUMSSFICLPSPMATCRT,0.769231,0.230769
0.2,65536,4,license_plate_bahnschrift.ttf,VJNKYFDZICRAQLPMWHGESOUXBT,15,7,1,0.17,7.155418,0.919759,1.349142,SUMASPICLPSPMASCRT,0.769231,0.230769
0.3,65536,4,license_plate_bahnschrift.ttf,VJNKYFDZICRAQLPMWHGESOUXBT,15,7,0,0.255,8.763561,0.881116,1.10157,SIMANFICILRSPMARSTCRT,0.730769,0.269231
0.3,65536,4,license_plate_bahnschrift.ttf,VJNKYFDZICRAQLPMWHGESOUXBT,15,7,1,0.255,8.763561,0.881116,1.10157,WMANFICLRSPMAESCRT,0.692308,0.307692
0.4,65536,4,license_plate_bahnschrift.ttf,VJNKYFDZICRAQLPMWHGESOUXBT,15,7,0,0.34,10.119289,0.843436,0.953987,VAMVFICIRSPMASSCRT,0.692308,0.307692
0.4,65536,4,license_plate_bahnschrift.ttf,VJNKYFDZICRAQLPMWHGESOUXBT,15,7,1,0.34,10.119289,0.843436,0.953987,VIMVPICIRSPMASCRT,0.730769,0.269231
0.5,65536,4,license_plate_bahnschrift.ttf,VJNKYFDZICRAQLPMWHGESOUXBT,15,7,0,0.425,11.313708,0.8067,0.853272,VIMVFICICRSPMARSOACRT,0.615385,0.384615
0.5,65536,4,license_plate_bahnschrift.ttf,VJNKYFDZICRAQLPMWHGESOUXBT,15,7,1,0.425,11.313708,0.8067,0.853272,VIMVFIOICRSPMARSLART,0.653846,0.346154
0.6,65536,4,license_plate_bahnschrift.ttf,VJNKYFDZICRAQLPMWHGESOUXBT,15,7,0,0.51,12.393547,0.770893,0.778927,VIMVFICICRSOPMASOELRT,0.615385,0.384615
0.6,65536,4,license_plate_bahnschrift.ttf,VJNKYFDZICRAQLPMWHGESOUXBT,15,7,1,0.51,12.393547,0.770893,0.778927,VINVFDOICRSPNASOERT,0.576923,0.423077
0.7,65536,4,license_plate_bahnschrift.ttf,VJNKYFDZICRAQLPMWHGESOUXBT,15,7,0,0.595,13.38656,0.735998,0.721147,VIMAYFIOICRYPMASOELERT,0.615385,0.384615
0.7,65536,4,license_plate_bahnschrift.ttf,VJNKYFDZICRAQLPMWHGESOUXBT,15,7,1,0.595,13.38656,0.735998,0.721147,VIMEVFIOICRYOPMARSLELERT,0.692308,0.307692
0.8,65536,4,license_plate_bahnschrift.ttf,VJNKYFDZICRAQLPMWHGESOUXBT,15,7,0,0.68,14.310835,0.701998,0.674571,VAINVFDODCRSOPMWSORERT,0.576923,0.423077
0.8,65536,4,license_plate_bahnschrift.ttf,VJNKYFDZICRAQLPMWHGESOUXBT,15,7,1,0.68,14.310835,0.701998,0.674571,VINYFIODCRAOPMWSORERT,0.5,0.5
0.9,65536,4,license_plate_bahnschrift.ttf,VJNKYFDZICRAQLPMWHGESOUXBT,15,7,0,0.765,15.178933,0.668877,0.635992,VINGVFTODCRSPMWSORERT,0.576923,0.423077
0.9,65536,4,license_plate_bahnschrift.ttf,VJNKYFDZICRAQLPMWHGESOUXBT,15,7,1,0.765,15.178933,0.668877,0.635992,VANGVFDODCRSPMWSORLERT,0.576923,0.423077
1.0,65536,4,license_plate_bahnschrift.ttf,VJNKYFDZICRAQLPMWHGESOUXBT,15,7,0,0.85,16.0,0.63662,0.603355,VANAVETODCRPMSORSERT,0.692308,0.307692
1.0,65536,4,license_plate_bahnschrift.ttf,VJNKYFDZICRAQLPMWHGESOUXBT,15,7,1,0.85,16.0,0.63662,0.603355,VINGVEIODCRAGPMRESOLIERT,0.615385,0.384615
0.1,4,4,license_plate_bahnschrift.ttf,VJNKYFDZICRAQLPMWHGESOUXBT,15,11,0,0.085,5.059644,0.959381,1.907975,,1.0,0.0
0.1,4,4,license_plate_bahnschrift.ttf,VJNKYFDZICRAQLPMWHGESOUXBT,15,11,1,0.085,5.059644,0.959381,1.907975,,1.0,0.0
0.2,4,4,license_plate_bahnschrift.ttf,VJNKYFDZICRAQLPMWHGESOUXBT,15,11,0,0.17,7.155418,0.919759,1.349142,TBW,0.961538,0.038462
0.2,4,4,license_plate_bahnschrift.ttf,VJNKYFDZICRAQLPMWHGESOUXBT,15,11,1,0.17,7.155418,0.919759,1.349142,TLE,0.923077,0.076923
0.3,4,4,license_plate_bahnschrift.ttf,VJNKYFDZICRAQLPMWHGESOUXBT,15,11,0,0.255,8.763561,0.881116,1.10157,DFRS,0.884615,0.115385
0.3,4,4,license_plate_bahnschrift.ttf,VJNKYFDZICRAQLPMWHGESOUXBT,15,11,1,0.255,8.763561,0.881116,1.10157,,1.0,0.0
0.4,4,4,license_plate_bahnschrift.ttf,VJNKYFDZICRAQLPMWHGESOUXBT,15,11,0,0.34,10.119289,0.843436,0.953987,ASERE,0.923077,0.076923
0.4,4,4,license_plate_bahnschrift.ttf,VJNKYFDZICRAQLPMWHGESOUXBT,15,11,1,0.34,10.119289,0.843436,0.953987,POANSSL,0.923077,0.076923
0.5,4,4,license_plate_bahnschrift.ttf,VJNKYFDZICRAQLPMWHGESOUXBT,15,11,0,0.425,11.313708,0.8067,0.853272,DSR,0.923077,0.076923
0.5,4,4,license_plate_bahnschrift.ttf,VJNKYFDZICRAQLPMWHGESOUXBT,15,11,1,0.425,11.313708,0.8067,0.853272,,1.0,0.0
0.6,4,4,license_plate_bahnschrift.ttf,VJNKYFDZICRAQLPMWHGESOUXBT,15,11,0,0.51,12.393547,0.770893,0.778927,ES,0.923077,0.076923
0.6,4,4,license_plate_bahnschrift.ttf,VJNKYFDZICRAQLPMWHGESOUXBT,15,11,1,0.51,12.393547,0.770893,0.778927,,1.0,0.0
0.7,4,4,license_plate_bahnschrift.ttf,VJNKYFDZICRAQLPMWHGESOUXBT,15,11,0,0.595,13.38656,0.735998,0.721147,,1.0,0.0
0.7,4,4,license_plate_bahnschrift.ttf,VJNKYFDZICRAQLPMWHGESOUXBT,15,11,1,0.595,13.38656,0.735998,0.721147,CSUNAEAAP,0.923077,0.076923
0.8,4,4,license_plate_bahnschrift.ttf,VJNKYFDZICRAQLPMWHGESOUXBT,15,11,0,0.68,14.310835,0.701998,0.674571,LAS,0.923077,0.076923
0.8,4,4,license_plate_bahnschrift.ttf,VJNKYFDZICRAQLPMWHGESOUXBT,15,11,1,0.68,14.310835,0.701998,0.674571,,1.0,0.0
0.9,4,4,license_plate_bahnschrift.ttf,VJNKYFDZICRAQLPMWHGESOUXBT,15,11,0,0.765,15.178933,0.668877,0.635992,NNPAESTYTEE,0.846154,0.153846
0.9,4,4,license_plate_bahnschrift.ttf,VJNKYFDZICRAQLPMWHGESOUXBT,15,11,1,0.765,15.178933,0.668877,0.635992,,1.0,0.0
1.0,4,4,license_plate_bahnschrift.ttf,VJNKYFDZICRAQLPMWHGESOUXBT,15,11,0,0.85,16.0,0.63662,0.603355,,1.0,0.0
1.0,4,4,license_plate_bahnschrift.ttf,VJNKYFDZICRAQLPMWHGESOUXBT,15,11,1,0.85,16.0,0.63662,0.603355,GROTSSE,0.923077,0.076923
0.1,16,4,license_plate_bahnschrift.ttf,VJNKYFDZICRAQLPMWHGESOUXBT,15,11,0,0.085,5.059644,0.959381,1.907975,WBPBSPR,0.923077,0.076923
0.1,16,4,license_plate_bahnschrift.ttf,VJNKYFDZICRAQLPMWHGESOUXBT,15,11,1,0.085,5.059644,0.959381,1.907975,,1.0,0.0
0.2,16,4,license_plate_bahnschrift.ttf,VJNKYFDZICRAQLPMWHGESOUXBT,15,11,0,0.17,7.155418,0.919759,1.349142,,1.0,0.0
0.2,16,4,license_plate_bahnschrift.ttf,VJNKYFDZICRAQLPMWHGESOUXBT,15,11,1,0.17,7.155418,0.919759,1.349142,RPUYSP,0.884615,0.115385
0.3,16,4,license_plate_bahnschrift.ttf,VJNKYFDZICRAQLPMWHGESOUXBT,15,11,0,0.255,8.763561,0.881116,1.10157,WBMAGLF,0.923077,0.076923
0.3,16,4,license_plate_bahnschrift.ttf,VJNKYFDZICRAQLPMWHGESOUXBT,15,11,1,0.255,8.763561,0.881116,1.10157,SEBO,0.923077,0.076923
0.4,16,4,license_plate_bahnschrift.ttf,VJNKYFDZICRAQLPMWHGESOUXBT,15,11,0,0.34,10.119289,0.843436,0.953987,,1.0,0.0
0.4,16,4,license_plate_bahnschrift.ttf,VJNKYFDZICRAQLPMWHGESOUXBT,15,11,1,0.34,10.119289,0.843436,0.953987,DAC,0.923077,0.076923
0.5,16,4,license_plate_bahnschrift.ttf,VJNKYFDZICRAQLPMWHGESOUXBT,15,11,0,0.425,11.313708,0.8067,0.853272,,1.0,0.0
0.5,16,4,license_plate_bahnschrift.ttf,VJNKYFDZICRAQLPMWHGESOUXBT,15,11,1,0.425,11.313708,0.8067,0.853272,,1.0,0.0
0.6,16,4,license_plate_bahnschrift.ttf,VJNKYFDZICRAQLPMWHGESOUXBT,15,11,0,0.51,12.393547,0.770893,0.778927,VGRUEBR,0.846154,0.153846
0.6,16,4,license_plate_bahnschrift.ttf,VJNKYFDZICRAQLPMWHGESOUXBT,15,11,1,0.51,12.393547,0.770893,0.778927,,1.0,0.0
0.7,16,4,license_plate_bahnschrift.ttf,VJNKYFDZICRAQLPMWHGESOUXBT,15,11,0,0.595,13.38656,0.735998,0.721147,,1.0,0.0
0.7,16,4,license_plate_bahnschrift.ttf,VJNKYFDZICRAQLPMWHGESOUXBT,15,11,1,0.595,13.38656,0.735998,0.721147,,1.0,0.0
0.8,16,4,license_plate_bahnschrift.ttf,VJNKYFDZICRAQLPMWHGESOUXBT,15,11,0,0.68,14.310835,0.701998,0.674571,GP,0.961538,0.038462
0.8,16,4,license_plate_bahnschrift.ttf,VJNKYFDZICRAQLPMWHGESOUXBT,15,11,1,0.68,14.310835,0.701998,0.674571,,1.0,0.0
0.9,16,4,license_plate_bahnschrift.ttf,VJNKYFDZICRAQLPMWHGESOUXBT,15,11,0,0.765,15.178933,0.668877,0.635992,,1.0,0.0
0.9,16,4,license_plate_bahnschrift.ttf,VJNKYFDZICRAQLPMWHGESOUXBT,15,11,1,0.765,15.178933,0.668877,0.635992,,1.0,0.0
1.0,16,4,license_plate_bahnschrift.ttf,VJNKYFDZICRAQLPMWHGESOUXBT,15,11,0,0.85,16.0,0.63662,0.603355,,1.0,0.0
1.0,16,4,license_plate_bahnschrift.ttf,VJNKYFDZICRAQLPMWHGESOUXBT,15,11,1,0.85,16.0,0.63662,0.603355,,1.0,0.0
0.1,64,4,license_plate_bahnschrift.ttf,VJNKYFDZICRAQLPMWHGESOUXBT,15,11,0,0.085,5.059644,0.959381,1.907975,,1.0,0.0
0.1,64,4,license_plate_bahnschrift.ttf,VJNKYFDZICRAQLPMWHGESOUXBT,15,11,1,0.085,5.059644,0.959381,1.907975,,1.0,0.0
0.2,64,4,license_plate_bahnschrift.ttf,VJNKYFDZICRAQLPMWHGESOUXBT,15,11,0,0.17,7.155418,0.919759,1.349142,MRTBUNSEY,0.923077,0.076923
0.2,64,4,license_plate_bahnschrift.ttf,VJNKYFDZICRAQLPMWHGESOUXBT,15,11,1,0.17,7.155418,0.919759,1.349142,,1.0,0.0
0.3,64,4,license_plate_bahnschrift.ttf,VJNKYFDZICRAQLPMWHGESOUXBT,15,11,0,0.255,8.763561,0.881116,1.10157,,1.0,0.0
0.3,64,4,license_plate_bahnschrift.ttf,VJNKYFDZICRAQLPMWHGESOUXBT,15,11,1,0.255,8.763561,0.881116,1.10157,,1.0,0.0
0.4,64,4,license_plate_bahnschrift.ttf,VJNKYFDZICRAQLPMWHGESOUXBT,15,11,0,0.34,10.119289,0.843436,0.953987,,1.0,0.0
0.4,64,4,license_plate_bahnschrift.ttf,VJNKYFDZICRAQLPMWHGESOUXBT,15,11,1,0.34,10.119289,0.843436,0.953987,,1.0,0.0
0.5,64,4,license_plate_bahnschrift.ttf,VJNKYFDZICRAQLPMWHGESOUXBT,15,11,0,0.425,11.313708,0.8067,0.853272,,1.0,0.0
0.5,64,4,license_plate_bahnschrift.ttf,VJNKYFDZICRAQLPMWHGESOUXBT,15,11,1,0.425,11.313708,0.8067,0.853272,,1.0,0.0
0.6,64,4,license_plate_bahnschrift.ttf,VJNKYFDZICRAQLPMWHGESOUXBT,15,11,0,0.51,12.393547,0.770893,0.778927,C,0.961538,0.038462
0.6,64,4,license_plate_bahnschrift.ttf,VJNKYFDZICRAQLPMWHGESOUXBT,15,11,1,0.51,12.393547,0.770893,0.778927,,1.0,0.0
0.7,64,4,license_plate_bahnschrift.ttf,VJNKYFDZICRAQLPMWHGESOUXBT,15,11,0,0.595,13.38656,0.735998,0.721147,,1.0,0.0
0.7,64,4,license_plate_bahnschrift.ttf,VJNKYFDZICRAQLPMWHGESOUXBT,15,11,1,0.595,13.38656,0.735998,0.721147,,1.0,0.0
0.8,64,4,license_plate_bahnschrift.ttf,VJNKYFDZICRAQLPMWHGESOUXBT,15,11,0,0.68,14.310835,0.701998,0.674571,,1.0,0.0
0.8,64,4,license_plate_bahnschrift.ttf,VJNKYFDZICRAQLPMWHGESOUXBT,15,11,1,0.68,14.310835,0.701998,0.674571,WNAYRRDTRASUMINROESCUEST,0.692308,0.307692
0.9,64,4,license_plate_bahnschrift.ttf,VJNKYFDZICRAQLPMWHGESOUXBT,15,11,0,0.765,15.178933,0.668877,0.635992,,1.0,0.0
0.9,64,4,license_plate_bahnschrift.ttf,VJNKYFDZICRAQLPMWHGESOUXBT,15,11,1,0.765,15.178933,0.668877,0.635992,,1.0,0.0
1.0,64,4,license_plate_bahnschrift.ttf,VJNKYFDZICRAQLPMWHGESOUXBT,15,11,0,0.85,16.0,0.63662,0.603355,VINEYRODSBARLNWROESEST,0.653846,0.346154
1.0,64,4,license_plate_bahnschrift.ttf,VJNKYFDZICRAQLPMWHGESOUXBT,15,11,1,0.85,16.0,0.63662,0.603355,VENAYPDRDCRLPMWHRSOET,0.461538,0.538462
0.1,256,4,license_plate_bahnschrift.ttf,VJNKYFDZICRAQLPMWHGESOUXBT,15,11,0,0.085,5.059644,0.959381,1.907975,UROFURIULAS,0.846154,0.153846
0.1,256,4,license_plate_bahnschrift.ttf,VJNKYFDZICRAQLPMWHGESOUXBT,15,11,1,0.085,5.059644,0.959381,1.907975,,1.0,0.0
0.2,256,4,license_plate_bahnschrift.ttf,VJNKYFDZICRAQLPMWHGESOUXBT,15,11,0,0.17,7.155418,0.919759,1.349142,PMAYEDDLPNMMEH,0.807692,0.192308
0.2,256,4,license_plate_bahnschrift.ttf,VJNKYFDZICRAQLPMWHGESOUXBT,15,11,1,0.17,7.155418,0.919759,1.349142,WUMADEUISHALMNSSMLESE,0.807692,0.192308
0.3,256,4,license_plate_bahnschrift.ttf,VJNKYFDZICRAQLPMWHGESOUXBT,15,11,0,0.255,8.763561,0.881116,1.10157,WUMCOPULDLPAGLPN,0.884615,0.115385
0.3,256,4,license_plate_bahnschrift.ttf,VJNKYFDZICRAQLPMWHGESOUXBT,15,11,1,0.255,8.763561,0.881116,1.10157,SHHUGNHP,0.961538,0.038462
0.4,256,4,license_plate_bahnschrift.ttf,VJNKYFDZICRAQLPMWHGESOUXBT,15,11,0,0.34,10.119289,0.843436,0.953987,VINAYPLGIPALYNAP,0.769231,0.230769
0.4,256,4,license_plate_bahnschrift.ttf,VJNKYFDZICRAQLPMWHGESOUXBT,15,11,1,0.34,10.119289,0.843436,0.953987,VAWAYEILTSHALNABSTSST,0.769231,0.230769
0.5,256,4,license_plate_bahnschrift.ttf,VJNKYFDZICRAQLPMWHGESOUXBT,15,11,0,0.425,11.313708,0.8067,0.853272,TIMAYPULDMAGLPMASL,0.769231,0.230769
0.5,256,4,license_plate_bahnschrift.ttf,VJNKYFDZICRAQLPMWHGESOUXBT,15,11,1,0.425,11.313708,0.8067,0.853272,WNAYFLLICHAGLMWHBS,0.576923,0.423077
0.6,256,4,license_plate_bahnschrift.ttf,VJNKYFDZICRAQLPMWHGESOUXBT,15,11,0,0.51,12.393547,0.770893,0.778927,HMAYROUCRASLPMWESTET,0.576923,0.423077
0.6,256,4,license_plate_bahnschrift.ttf,VJNKYFDZICRAQLPMWHGESOUXBT,15,11,1,0.51,12.393547,0.770893,0.778927,VINAYPOICMASLINSURT,0.615385,0.384615
0.7,256,4,license_plate_bahnschrift.ttf,VJNKYFDZICRAQLPMWHGESOUXBT,15,11,0,0.595,13.38656,0.735998,0.721147,VIMSYECRIEGILIMOSOR,0.730769,0.269231
0.7,256,4,license_plate_bahnschrift.ttf,VJNKYFDZICRAQLPMWHGESOUXBT,15,11,1,0.595,13.38656,0.735998,0.721147,VINGYPLCMASLINAST,0.692308,0.307692
0.8,256,4,license_plate_bahnschrift.ttf,VJNKYFDZICRAQLPMWHGESOUXBT,15,11,0,0.68,14.310835,0.701998,0.674571,VINEYELCHASLPMWESUREBT,0.5,0.5
0.8,256,4,license_plate_bahnschrift.ttf,VJNKYFDZICRAQLPMWHGESOUXBT,15,11,1,0.68,14.310835,0.701998,0.674571,VINEVELCICMASLPMWVESSUUCET,0.538462,0.461538
0.9,256,4,license_plate_bahnschrift.ttf,VJNKYFDZICRAQLPMWHGESOUXBT,15,11,0,0.765,15.178933,0.668877,0.635992,VINEYRCCHAGLENWHEESOUERT,0.5,0.5
0.9,256,4,license_plate_bahnschrift.ttf,VJNKYFDZICRAQLPMWHGESOUXBT,15,11,1,0.765,15.178933,0.668877,0.635992,VIHAYPDCRAGLPMWHESOUEET,0.384615,0.615385
1.0,256,4,license_plate_bahnschrift.ttf,VJNKYFDZICRAQLPMWHGESOUXBT,15,11,0,0.85,16.0,0.63662,0.603355,VINAVERDCMAGLPMWHSTUEST,0.538462,0.461538
1.0,256,4,license_plate_bahnschrift.ttf,VJNKYFDZICRAQLPMWHGESOUXBT,15,11,1,0.85,16.0,0.63662,0.603355,VINEYPODCMAGLPMWDSCLEBT,0.538462,0.461538
0.1,1024,4,license_plate_bahnschrift.ttf,VJNKYFDZICRAQLPMWHGESOUXBT,15,11,0,0.085,5.059644,0.959381,1.907975,SOMYPULDSMLI,0.884615,0.115385
0.1,1024,4,license_plate_bahnschrift.ttf,VJNKYFDZICRAQLPMWHGESOUXBT,15,11,1,0.085,5.059644,0.959381,1.907975,SOMCPUGDMU,0.846154,0.153846
0.2,1024,4,license_plate_bahnschrift.ttf,VJNKYFDZICRAQLPMWHGESOUXBT,15,11,0,0.17,7.155418,0.919759,1.349142,VIMCPUDPALPA,0.807692,0.192308
0.2,1024,4,license_plate_bahnschrift.ttf,VJNKYFDZICRAQLPMWHGESOUXBT,15,11,1,0.17,7.155418,0.919759,1.349142,TUMAYPULDMLMA,0.884615,0.115385
0.3,1024,4,license_plate_bahnschrift.ttf,VJNKYFDZICRAQLPMWHGESOUXBT,15,11,0,0.255,8.763561,0.881116,1.10157,VIMOYPLDMAOLPMASL,0.730769,0.269231
0.3,1024,4,license_plate_bahnschrift.ttf,VJNKYFDZICRAQLPMWHGESOUXBT,15,11,1,0.255,8.763561,0.881116,1.10157,VIMAYPUGDMLPMA,0.807692,0.192308
0.4,1024,4,license_plate_bahnschrift.ttf,VJNKYFDZICRAQLPMWHGESOUXBT,15,11,0,0.34,10.119289,0.843436,0.953987,VIMAYPLTCMASLNASE,0.769231,0.230769
0.4,1024,4,license_plate_bahnschrift.ttf,VJNKYFDZICRAQLPMWHGESOUXBT,15,11,1,0.34,10.119289,0.843436,0.953987,VINAYEULTLMASLNASE,0.769231,0.230769
0.5,1024,4,license_plate_bahnschrift.ttf,VJNKYFDZICRAQLPMWHGESOUXBT,15,11,0,0.425,11.313708,0.8067,0.853272,VINAYELLOCHAGLPNWS,0.653846,0.346154
0.5,1024,4,license_plate_bahnschrift.ttf,VJNKYFDZICRAQLPMWHGESOUXBT,15,11,1,0.425,11.313708,0.8067,0.853272,VIMEYPLDMAOLPNAS,0.769231,0.230769
0.6,1024,4,license_plate_bahnschrift.ttf,VJNKYFDZICRAQLPMWHGESOUXBT,15,11,0,0.51,12.393547,0.770893,0.778927,VINAYELLOCHAGLPMWSEREET,0.576923,0.423077
0.6,1024,4,license_plate_bahnschrift.ttf,VJNKYFDZICRAQLPMWHGESOUXBT,15,11,1,0.51,12.393547,0.770893,0.778927,VIMAYPULICHAGLEMWSLERT,0.615385,0.384615
0.7,1024,4,license_plate_bahnschrift.ttf,VJNKYFDZICRAQLPMWHGESOUXBT,15,11,0,0.595,13.38656,0.735998,0.721147,VINEYELOITRAGLEMWS,0.615385,0.384615
0.7,1024,4,license_plate_bahnschrift.ttf,VJNKYFDZICRAQLPMWHGESOUXBT,15,11,1,0.595,13.38656,0.735998,0.721147,VINAYELICHASLPMWSOR,0.538462,0.461538
0.8,1024,4,license_plate_bahnschrift.ttf,VJNKYFDZICRAQLPMWHGESOUXBT,15,11,0,0.68,14.310835,0.701998,0.674571,VINEYEDOCRAGLEMWSORERT,0.5,0.5
0.8,1024,4,license_plate_bahnschrift.ttf,VJNKYFDZICRAQLPMWHGESOUXBT,15,11,1,0.68,14.310835,0.701998,0.674571,VIWAYEDLOCMASLEMWSOUEET,0.538462,0.461538
0.9,1024,4,license_plate_bahnschrift.ttf,VJNKYFDZICRAQLPMWHGESOUXBT,15,11,0,0.765,15.178933,0.668877,0.635992,VINAYEDOCRASLEMWDESCLEET,0.5,0.5
0.9,1024,4,license_plate_bahnschrift.ttf,VJNKYFDZICRAQLPMWHGESOUXBT,15,11,1,0.765,15.178933,0.668877,0.635992,VIWEYEOZICBAGLPMWHDESOLIEEY,0.5,0.5
1.0,1024,4,license_plate_bahnschrift.ttf,VJNKYFDZICRAQLPMWHGESOUXBT,15,11,0,0.85,16.0,0.63662,0.603355,VIWEYECOCHASLEMWHDESOLEBT,0.5,0.5
1.0,1024,4,license_plate_bahnschrift.ttf,VJNKYFDZICRAQLPMWHGESOUXBT,15,11,1,0.85,16.0,0.63662,0.603355,VINGYEKDCRASLPMWESCUEBT,0.423077,0.576923
0.1,4096,4,license_plate_bahnschrift.ttf,VJNKYFDZICRAQLPMWHGESOUXBT,15,11,0,0.085,5.059644,0.959381,1.907975,SOMCYPUGDBLA,0.884615,0.115385
0.1,4096,4,license_plate_bahnschrift.ttf,VJNKYFDZICRAQLPMWHGESOUXBT,15,11,1,0.085,5.059644,0.959381,1.907975,VOMCPUGDBLMA,0.846154,0.153846
0.2,4096,4,license_plate_bahnschrift.ttf,VJNKYFDZICRAQLPMWHGESOUXBT,15,11,0,0.17,7.155418,0.919759,1.349142,VIMCYPUDMLNA,0.884615,0.115385
0.2,4096,4,license_plate_bahnschrift.ttf,VJNKYFDZICRAQLPMWHGESOUXBT,15,11,1,0.17,7.155418,0.919759,1.349142,VIMCYPUGDMLPNA,0.846154,0.153846
0.3,4096,4,license_plate_bahnschrift.ttf,VJNKYFDZICRAQLPMWHGESOUXBT,15,11,0,0.255,8.763561,0.881116,1.10157,VIMAYPUDAGLNAS,0.807692,0.192308
0.3,4096,4,license_plate_bahnschrift.ttf,VJNKYFDZICRAQLPMWHGESOUXBT,15,11,1,0.255,8.763561,0.881116,1.10157,VIMCYPUDMLNAS,0.846154,0.153846
0.4,4096,4,license_plate_bahnschrift.ttf,VJNKYFDZICRAQLPMWHGESOUXBT,15,11,0,0.34,10.119289,0.843436,0.953987,VINAYPULDCMALNABSLT,0.692308,0.307692
0.4,4096,4,license_plate_bahnschrift.ttf,VJNKYFDZICRAQLPMWHGESOUXBT,15,11,1,0.34,10.119289,0.843436,0.953987,VIMAYEULDCMASLMASU,0.692308,0.307692
0.5,4096,4,license_plate_bahnschrift.ttf,VJNKYFDZICRAQLPMWHGESOUXBT,15,11,0,0.425,11.313708,0.8067,0.853272,VIMAYELDCMAGLNASU,0.730769,0.269231
0.5,4096,4,license_plate_bahnschrift.ttf,VJNKYFDZICRAQLPMWHGESOUXBT,15,11,1,0.425,11.313708,0.8067,0.853272,VIMEYPUDCMALNASO,0.730769,0.269231
0.6,4096,4,license_plate_bahnschrift.ttf,VJNKYFDZICRAQLPMWHGESOUXBT,15,11,0,0.51,12.393547,0.770893,0.778927,VINAYELLOCHAGLPMWSENEET,0.576923,0.423077
0.6,4096,4,license_plate_bahnschrift.ttf,VJNKYFDZICRAQLPMWHGESOUXBT,15,11,1,0.51,12.393547,0.770893,0.778927,VINAYPLLOCHAGLIMWSCREET,0.615385,0.384615
0.7,4096,4,license_plate_bahnschrift.ttf,VJNKYFDZICRAQLPMWHGESOUXBT,15,11,0,0.595,13.38656,0.735998,0.721147,VINGYELICRASLPMWSOU,0.461538,0.538462
0.7,4096,4,license_plate_bahnschrift.ttf,VJNKYFDZICRAQLPMWHGESOUXBT,15,11,1,0.595,13.38656,0.735998,0.721147,VINAYPLICHAGLPMWSOUEET,0.461538,0.538462
0.8,4096,4,license_plate_bahnschrift.ttf,VJNKYFDZICRAQLPMWHGESOUXBT,15,11,0,0.68,14.310835,0.701998,0.674571,VINEYECOCHASLEMWESOUEET,0.5,0.5
0.8,4096,4,license_plate_bahnschrift.ttf,VJNKYFDZICRAQLPMWHGESOUXBT,15,11,1,0.68,14.310835,0.701998,0.674571,VINAYEDOCHASLEMWSOREET,0.538462,0.461538
0.9,4096,4,license_plate_bahnschrift.ttf,VJNKYFDZICRAQLPMWHGESOUXBT,15,11,0,0.765,15.178933,0.668877,0.635992,VINEYEKCRAGLPMWHEESOREET,0.423077,0.576923
0.9,4096,4,license_plate_bahnschrift.ttf,VJNKYFDZICRAQLPMWHGESOUXBT,15,11,1,0.765,15.178933,0.668877,0.635992,VIWEYEDOCRASLPMWHRESOUEET,0.384615,0.615385
1.0,4096,4,license_plate_bahnschrift.ttf,VJNKYFDZICRAQLPMWHGESOUXBT,15,11,0,0.85,16.0,0.63662,0.603355,VINEYEDOCHAGLPMWHEESOUEBT,0.346154,0.653846
1.0,4096,4,license_plate_bahnschrift.ttf,VJNKYFDZICRAQLPMWHGESOUXBT,15,11,1,0.85,16.0,0.63662,0.603355,VIWEYEDLOCRAGLPMWHEESOUIEBT,0.384615,0.615385
0.1,16384,4,license_plate_bahnschrift.ttf,VJNKYFDZICRAQLPMWHGESOUXBT,15,11,0,0.085,5.059644,0.959381,1.907975,SUMCPUDMLA,0.923077,0.076923
0.1,16384,4,license_plate_bahnschrift.ttf,VJNKYFDZICRAQLPMWHGESOUXBT,15,11,1,0.085,5.059644,0.959381,1.907975,SOMCYPUDML,0.884615,0.115385
0.2,16384,4,license_plate_bahnschrift.ttf,VJNKYFDZICRAQLPMWHGESOUXBT,15,11,0,0.17,7.155418,0.919759,1.349142,SIMCYPUDMLNA,0.923077,0.076923
0.2,16384,4,license_plate_bahnschrift.ttf,VJNKYFDZICRAQLPMWHGESOUXBT,15,11,1,0.17,7.155418,0.919759,1.349142,SIMCYPUDMLPMA,0.846154,0.153846
0.3,16384,4,license_plate_bahnschrift.ttf,VJNKYFDZICRAQLPMWHGESOUXBT,15,11,0,0.255,8.763561,0.881116,1.10157,VIMCYPUDMLNASU,0.807692,0.192308
0.3,16384,4,license_plate_bahnschrift.ttf,VJNKYFDZICRAQLPMWHGESOUXBT,15,11,1,0.255,8.763561,0.881116,1.10157,VIMAYPUDMALNASU,0.769231,0.230769
0.4,16384,4,license_plate_bahnschrift.ttf,VJNKYFDZICRAQLPMWHGESOUXBT,15,11,0,0.34,10.119289,0.843436,0.953987,VIMAYEULDMASLNBSUEY,0.769231,0.230769
0.4,16384,4,license_plate_bahnschrift.ttf,VJNKYFDZICRAQLPMWHGESOUXBT,15,11,1,0.34,10.119289,0.843436,0.953987,VIMAYEUDCMASLONBSET,0.730769,0.269231
0.5,16384,4,license_plate_bahnschrift.ttf,VJNKYFDZICRAQLPMWHGESOUXBT,15,11,0,0.425,11.313708,0.8067,0.853272,VIMAYEULDCAGILENASE,0.807692,0.192308
0.5,16384,4,license_plate_bahnschrift.ttf,VJNKYFDZICRAQLPMWHGESOUXBT,15,11,1,0.425,11.313708,0.8067,0.853272,VINAYELDCMASLPNASL,0.692308,0.307692
0.6,16384,4,license_plate_bahnschrift.ttf,VJNKYFDZICRAQLPMWHGESOUXBT,15,11,0,0.51,12.393547,0.770893,0.778927,VINAYELLDCHASLMWESOREET,0.538462,0.461538
0.6,16384,4,license_plate_bahnschrift.ttf,VJNKYFDZICRAQLPMWHGESOUXBT,15,11,1,0.51,12.393547,0.770893,0.778927,VINAYEULOCHAGLEMWSUNEET,0.615385,0.384615
0.7,16384,4,license_plate_bahnschrift.ttf,VJNKYFDZICRAQLPMWHGESOUXBT,15,11,0,0.595,13.38656,0.735998,0.721147,VINAYELICASLPMWSOT,0.5,0.5
0.7,16384,4,license_plate_bahnschrift.ttf,VJNKYFDZICRAQLPMWHGESOUXBT,15,11,1,0.595,13.38656,0.735998,0.721147,VINAYELICRASLPMWSORCET,0.461538,0.538462
0.8,16384,4,license_plate_bahnschrift.ttf,VJNKYFDZICRAQLPMWHGESOUXBT,15,11,0,0.68,14.310835,0.701998,0.674571,VINEYECOCHASLEMWSOUEET,0.538462,0.461538
0.8,16384,4,license_plate_bahnschrift.ttf,VJNKYFDZICRAQLPMWHGESOUXBT,15,11,1,0.68,14.310835,0.701998,0.674571,VINAYECOCHASLEMWSOUEET,0.538462,0.461538
0.9,16384,4,license_plate_bahnschrift.ttf,VJNKYFDZICRAQLPMWHGESOUXBT,15,11,0,0.765,15.178933,0.668877,0.635992,VIWAYEDOCRASLPMWHESOUEET,0.384615,0.615385
0.9,16384,4,license_plate_bahnschrift.ttf,VJNKYFDZICRAQLPMWHGESOUXBT,15,11,1,0.765,15.178933,0.668877,0.635992,VIWEYEDOCRASLPMWHRESOUEET,0.384615,0.615385
1.0,16384,4,license_plate_bahnschrift.ttf,VJNKYFDZICRAQLPMWHGESOUXBT,15,11,0,0.85,16.0,0.63662,0.603355,VINEYEDOCHAGLEMWHESOUIEBT,0.423077,0.576923
1.0,16384,4,license_plate_bahnschrift.ttf,VJNKYFDZICRAQLPMWHGESOUXBT,15,11,1,0.85,16.0,0.63662,0.603355,VINEYEOCHAGLEMWHEESOUEBT,0.423077,0.576923
0.1,65536,4,license_plate_bahnschrift.ttf,VJNKYFDZICRAQLPMWHGESOUXBT,15,11,0,0.085,5.059644,0.959381,1.907975,SURPUGDMLA,0.884615,0.115385
0.1,65536,4,license_plate_bahnschrift.ttf,VJNKYFDZICRAQLPMWHGESOUXBT,15,11,1,0.085,5.059644,0.959381,1.907975,SOMCYPUGDBLA,0.884615,0.115385
0.2,65536,4,license_plate_bahnschrift.ttf,VJNKYFDZICRAQLPMWHGESOUXBT,15,11,0,0.17,7.155418,0.919759,1.349142,VIMCYPUDMLPMA,0.807692,0.192308
0.2,65536,4,license_plate_bahnschrift.ttf,VJNKYFDZICRAQLPMWHGESOUXBT,15,11,1,0.17,7.155418,0.919759,1.349142,VIMCYPUDMLMA,0.846154,0.153846
0.3,65536,4,license_plate_bahnschrift.ttf,VJNKYFDZICRAQLPMWHGESOUXBT,15,11,0,0.255,8.763561,0.881116,1.10157,VIMAYPUDMLNASU,0.807692,0.192308
0.3,65536,4,license_plate_bahnschrift.ttf,VJNKYFDZICRAQLPMWHGESOUXBT,15,11,1,0.255,8.763561,0.881116,1.10157,VIMAYPUDMOLNASU,0.807692,0.192308
0.4,65536,4,license_plate_bahnschrift.ttf,VJNKYFDZICRAQLPMWHGESOUXBT,15,11,0,0.34,10.119289,0.843436,0.953987,VINAYPULDCMASLINASLET,0.692308,0.307692
0.4,65536,4,license_plate_bahnschrift.ttf,VJNKYFDZICRAQLPMWHGESOUXBT,15,11,1,0.34,10.119289,0.843436,0.953987,VIMAYPUDCMASLIONASLET,0.730769,0.269231
0.5,65536,4,license_plate_bahnschrift.ttf,VJNKYFDZICRAQLPMWHGESOUXBT,15,11,0,0.425,11.313708,0.8067,0.853272,VINAYELDCHAGLNASL,0.730769,0.269231
0.5,65536,4,license_plate_bahnschrift.ttf,VJNKYFDZICRAQLPMWHGESOUXBT,15,11,1,0.425,11.313708,0.8067,0.853272,VINAYELDCMAGLNWSU,0.653846,0.346154
0.6,65536,4,license_plate_bahnschrift.ttf,VJNKYFDZICRAQLPMWHGESOUXBT,15,11,0,0.51,12.393547,0.770893,0.778927,VINAYELLOCHASLIMWSOREET,0.576923,0.423077
0.6,65536,4,license_plate_bahnschrift.ttf,VJNKYFDZICRAQLPMWHGESOUXBT,15,11,1,0.51,12.393547,0.770893,0.778927,VINAYELLOCHAGLIMWSCREET,0.615385,0.384615
0.7,65536,4,license_plate_bahnschrift.ttf,VJNKYFDZICRAQLPMWHGESOUXBT,15,11,0,0.595,13.38656,0.735998,0.721147,VINAYELOCHASLEMWSOUSET,0.538462,0.461538
0.7,65536,4,license_plate_bahnschrift.ttf,VJNKYFDZICRAQLPMWHGESOUXBT,15,11,1,0.595,13.38656,0.735998,0.721147,VINEYELEICHAGLEMWSOUEET,0.5,0.5
0.8,65536,4,license_plate_bahnschrift.ttf,VJNKYFDZICRAQLPMWHGESOUXBT,15,11,0,0.68,14.310835,0.701998,0.674571,VINEYECOCHASLEMWSOLEET,0.576923,0.423077
0.8,65536,4,license_plate_bahnschrift.ttf,VJNKYFDZICRAQLPMWHGESOUXBT,15,11,1,0.68,14.310835,0.701998,0.674571,VINEYECOCHAGLEMWSOLEET,0.576923,0.423077
0.9,65536,4,license_plate_bahnschrift.ttf,VJNKYFDZICRAQLPMWHGESOUXBT,15,11,0,0.765,15.178933,0.668877,0.635992,VIWEYEDOCRASLPMWHRESOUEET,0.384615,0.615385
0.9,65536,4,license_plate_bahnschrift.ttf,VJNKYFDZICRAQLPMWHGESOUXBT,15,11,1,0.765,15.178933,0.668877,0.635992,VIWEYEDOCRASLPMWHRESOUEET,0.384615,0.615385
1.0,65536,4,license_plate_bahnschrift.ttf,VJNKYFDZICRAQLPMWHGESOUXBT,15,11,0,0.85,16.0,0.63662,0.603355,VINEYEKOCHAGLEMWHESOUEBT,0.423077,0.576923
1.0,65536,4,license_plate_bahnschrift.ttf,VJNKYFDZICRAQLPMWHGESOUXBT,15,11,1,0.85,16.0,0.63662,0.603355,VINEYEOCHAGLEMWHEESOUEBT,0.423077,0.576923
0.1,4,4,license_plate_bahnschrift.ttf,VJNKYFDZICRAQLPMWHGESOUXBT,15,15,0,0.085,5.059644,0.959381,1.907975,COEES,0.884615,0.115385
0.1,4,4,license_plate_bahnschrift.ttf,VJNKYFDZICRAQLPMWHGESOUXBT,15,15,1,0.085,5.059644,0.959381,1.907975,,1.0,0.0
0.2,4,4,license_plate_bahnschrift.ttf,VJNKYFDZICRAQLPMWHGESOUXBT,15,15,0,0.17,7.155418,0.919759,1.349142,,1.0,0.0
0.2,4,4,license_plate_bahnschrift.ttf,VJNKYFDZICRAQLPMWHGESOUXBT,15,15,1,0.17,7.155418,0.919759,1.349142,B,0.961538,0.038462
0.3,4,4,license_plate_bahnschrift.ttf,VJNKYFDZICRAQLPMWHGESOUXBT,15,15,0,0.255,8.763561,0.881116,1.10157,,1.0,0.0
0.3,4,4,license_plate_bahnschrift.ttf,VJNKYFDZICRAQLPMWHGESOUXBT,15,15,1,0.255,8.763561,0.881116,1.10157,PLNSP,0.923077,0.076923
0.4,4,4,license_plate_bahnschrift.ttf,VJNKYFDZICRAQLPMWHGESOUXBT,15,15,0,0.34,10.119289,0.843436,0.953987,RE,0.923077,0.076923
0.4,4,4,license_plate_bahnschrift.ttf,VJNKYFDZICRAQLPMWHGESOUXBT,15,15,1,0.34,10.119289,0.843436,0.953987,,1.0,0.0
0.5,4,4,license_plate_bahnschrift.ttf,VJNKYFDZICRAQLPMWHGESOUXBT,15,15,0,0.425,11.313708,0.8067,0.853272,RRSEOE,0.884615,0.115385
0.5,4,4,license_plate_bahnschrift.ttf,VJNKYFDZICRAQLPMWHGESOUXBT,15,15,1,0.425,11.313708,0.8067,0.853272,,1.0,0.0
0.6,4,4,license_plate_bahnschrift.ttf,VJNKYFDZICRAQLPMWHGESOUXBT,15,15,0,0.51,12.393547,0.770893,0.778927,SS,0.961538,0.038462
0.6,4,4,license_plate_bahnschrift.ttf,VJNKYFDZICRAQLPMWHGESOUXBT,15,15,1,0.51,12.393547,0.770893,0.778927,PISRA,0.884615,0.115385
0.7,4,4,license_plate_bahnschrift.ttf,VJNKYFDZICRAQLPMWHGESOUXBT,15,15,0,0.595,13.38656,0.735998,0.721147,SED,0.961538,0.038462
0.7,4,4,license_plate_bahnschrift.ttf,VJNKYFDZICRAQLPMWHGESOUXBT,15,15,1,0.595,13.38656,0.735998,0.721147,,1.0,0.0
0.8,4,4,license_plate_bahnschrift.ttf,VJNKYFDZICRAQLPMWHGESOUXBT,15,15,0,0.68,14.310835,0.701998,0.674571,,1.0,0.0
0.8,4,4,license_plate_bahnschrift.ttf,VJNKYFDZICRAQLPMWHGESOUXBT,15,15,1,0.68,14.310835,0.701998,0.674571,PRA,0.923077,0.076923
0.9,4,4,license_plate_bahnschrift.ttf,VJNKYFDZICRAQLPMWHGESOUXBT,15,15,0,0.765,15.178933,0.668877,0.635992,SAWP,0.923077,0.076923
0.9,4,4,license_plate_bahnschrift.ttf,VJNKYFDZICRAQLPMWHGESOUXBT,15,15,1,0.765,15.178933,0.668877,0.635992,,1.0,0.0
1.0,4,4,license_plate_bahnschrift.ttf,VJNKYFDZICRAQLPMWHGESOUXBT,15,15,0,0.85,16.0,0.63662,0.603355,ARSSCRRSR,0.884615,0.115385
1.0,4,4,license_plate_bahnschrift.ttf,VJNKYFDZICRAQLPMWHGESOUXBT,15,15,1,0.85,16.0,0.63662,0.603355,,1.0,0.0
0.1,16,4,license_plate_bahnschrift.ttf,VJNKYFDZICRAQLPMWHGESOUXBT,15,15,0,0.085,5.059644,0.959381,1.907975,TESABYSS,0.923077,0.076923
0.1,16,4,license_plate_bahnschrift.ttf,VJNKYFDZICRAQLPMWHGESOUXBT,15,15,1,0.085,5.059644,0.959381,1.907975,SGT,0.923077,0.076923
0.2,16,4,license_plate_bahnschrift.ttf,VJNKYFDZICRAQLPMWHGESOUXBT,15,15,0,0.17,7.155418,0.919759,1.349142,U,0.961538,0.038462
0.2,16,4,license_plate_bahnschrift.ttf,VJNKYFDZICRAQLPMWHGESOUXBT,15,15,1,0.17,7.155418,0.919759,1.349142,,1.0,0.0
0.3,16,4,license_plate_bahnschrift.ttf,VJNKYFDZICRAQLPMWHGESOUXBT,15,15,0,0.255,8.763561,0.881116,1.10157,,1.0,0.0
0.3,16,4,license_plate_bahnschrift.ttf,VJNKYFDZICRAQLPMWHGESOUXBT,15,15,1,0.255,8.763561,0.881116,1.10157,PDARSWS,0.846154,0.153846
0.4,16,4,license_plate_bahnschrift.ttf,VJNKYFDZICRAQLPMWHGESOUXBT,15,15,0,0.34,10.119289,0.843436,0.953987,TH,0.961538,0.038462
0.4,16,4,license_plate_bahnschrift.ttf,VJNKYFDZICRAQLPMWHGESOUXBT,15,15,1,0.34,10.119289,0.843436,0.953987,ARRTTEMYAY,0.923077,0.076923
0.5,16,4,license_plate_bahnschrift.ttf,VJNKYFDZICRAQLPMWHGESOUXBT,15,15,0,0.425,11.313708,0.8067,0.853272,,1.0,0.0
0.5,16,4,license_plate_bahnschrift.ttf,VJNKYFDZICRAQLPMWHGESOUXBT,15,15,1,0.425,11.313708,0.8067,0.853272,YEAN,0.923077,0.076923
0.6,16,4,license_plate_bahnschrift.ttf,VJNKYFDZICRAQLPMWHGESOUXBT,15,15,0,0.51,12.393547,0.770893,0.778927,,1.0,0.0
0.6,16,4,license_plate_bahnschrift.ttf,VJNKYFDZICRAQLPMWHGESOUXBT,15,15,1,0.51,12.393547,0.770893,0.778927,,1.0,0.0
0.7,16,4,license_plate_bahnschrift.ttf,VJNKYFDZICRAQLPMWHGESOUXBT,15,15,0,0.595,13.38656,0.735998,0.721147,VR,0.923077,0.076923
0.7,16,4,license_plate_bahnschrift.ttf,VJNKYFDZICRAQLPMWHGESOUXBT,15,15,1,0.595,13.38656,0.735998,0.721147,,1.0,0.0
0.8,16,4,license_plate_bahnschrift.ttf,VJNKYFDZICRAQLPMWHGESOUXBT,15,15,0,0.68,14.310835,0.701998,0.674571,,1.0,0.0
0.8,16,4,license_plate_bahnschrift.ttf,VJNKYFDZICRAQLPMWHGESOUXBT,15,15,1,0.68,14.310835,0.701998,0.674571,OT,0.923077,0.076923
0.9,16,4,license_plate_bahnschrift.ttf,VJNKYFDZICRAQLPMWHGESOUXBT,15,15,0,0.765,15.178933,0.668877,0.635992,,1.0,0.0
0.9,16,4,license_plate_bahnschrift.ttf,VJNKYFDZICRAQLPMWHGESOUXBT,15,15,1,0.765,15.178933,0.668877,0.635992,BON,0.961538,0.038462
1.0,16,4,license_plate_bahnschrift.ttf,VJNKYFDZICRAQLPMWHGESOUXBT,15,15,0,0.85,16.0,0.63662,0.603355,YNNWDOEES,0.846154,0.153846
1.0,16,4,license_plate_bahnschrift.ttf,VJNKYFDZICRAQLPMWHGESOUXBT,15,15,1,0.85,16.0,0.63662,0.603355,,1.0,0.0
0.1,64,4,license_plate_bahnschrift.ttf,VJNKYFDZICRAQLPMWHGESOUXBT,15,15,0,0.085,5.059644,0.959381,1.907975,,1.0,0.0
0.1,64,4,license_plate_bahnschrift.ttf,VJNKYFDZICRAQLPMWHGESOUXBT,15,15,1,0.085,5.059644,0.959381,1.907975,YSURSSLIWB,0.807692,0.192308
0.2,64,4,license_plate_bahnschrift.ttf,VJNKYFDZICRAQLPMWHGESOUXBT,15,15,0,0.17,7.155418,0.919759,1.349142,,1.0,0.0
0.2,64,4,license_plate_bahnschrift.ttf,VJNKYFDZICRAQLPMWHGESOUXBT,15,15,1,0.17,7.155418,0.919759,1.349142,,1.0,0.0
0.3,64,4,license_plate_bahnschrift.ttf,VJNKYFDZICRAQLPMWHGESOUXBT,15,15,0,0.255,8.763561,0.881116,1.10157,,1.0,0.0
0.3,64,4,license_plate_bahnschrift.ttf,VJNKYFDZICRAQLPMWHGESOUXBT,15,15,1,0.255,8.763561,0.881116,1.10157,,1.0,0.0
0.4,64,4,license_plate_bahnschrift.ttf,VJNKYFDZICRAQLPMWHGESOUXBT,15,15,0,0.34,10.119289,0.843436,0.953987,,1.0,0.0
0.4,64,4,license_plate_bahnschrift.ttf,VJNKYFDZICRAQLPMWHGESOUXBT,15,15,1,0.34,10.119289,0.843436,0.953987,,1.0,0.0
0.5,64,4,license_plate_bahnschrift.ttf,VJNKYFDZICRAQLPMWHGESOUXBT,15,15,0,0.425,11.313708,0.8067,0.853272,,1.0,0.0
0.5,64,4,license_plate_bahnschrift.ttf,VJNKYFDZICRAQLPMWHGESOUXBT,15,15,1,0.425,11.313708,0.8067,0.853272,,1.0,0.0
0.6,64,4,license_plate_bahnschrift.ttf,VJNKYFDZICRAQLPMWHGESOUXBT,15,15,0,0.51,12.393547,0.770893,0.778927,MOOMNTRADLAGEON,0.769231,0.230769
0.6,64,4,license_plate_bahnschrift.ttf,VJNKYFDZICRAQLPMWHGESOUXBT,15,15,1,0.51,12.393547,0.770893,0.778927,,1.0,0.0
0.7,64,4,license_plate_bahnschrift.ttf,VJNKYFDZICRAQLPMWHGESOUXBT,15,15,0,0.595,13.38656,0.735998,0.721147,,1.0,0.0
0.7,64,4,license_plate_bahnschrift.ttf,VJNKYFDZICRAQLPMWHGESOUXBT,15,15,1,0.595,13.38656,0.735998,0.721147,,1.0,0.0
0.8,64,4,license_plate_bahnschrift.ttf,VJNKYFDZICRAQLPMWHGESOUXBT,15,15,0,0.68,14.310835,0.701998,0.674571,,1.0,0.0
0.8,64,4,license_plate_bahnschrift.ttf,VJNKYFDZICRAQLPMWHGESOUXBT,15,15,1,0.68,14.310835,0.701998,0.674571,VINAVTDORAGEPMMMEDSOUSST,0.576923,0.423077
0.9,64,4,license_plate_bahnschrift.ttf,VJNKYFDZICRAQLPMWHGESOUXBT,15,15,0,0.765,15.178933,0.668877,0.635992,HINANONIERGLPMRCSSOLEST,0.653846,0.346154
0.9,64,4,license_plate_bahnschrift.ttf,VJNKYFDZICRAQLPMWHGESOUXBT,15,15,1,0.765,15.178933,0.668877,0.635992,,1.0,0.0
1.0,64,4,license_plate_bahnschrift.ttf,VJNKYFDZICRAQLPMWHGESOUXBT,15,15,0,0.85,16.0,0.63662,0.603355,MDOCRASLPANCSOURET,0.615385,0.384615
1.0,64,4,license_plate_bahnschrift.ttf,VJNKYFDZICRAQLPMWHGESOUXBT,15,15,1,0.85,16.0,0.63662,0.603355,,1.0,0.0
0.1,256,4,license_plate_bahnschrift.ttf,VJNKYFDZICRAQLPMWHGESOUXBT,15,15,0,0.085,5.059644,0.959381,1.907975,,1.0,0.0
0.1,256,4,license_plate_bahnschrift.ttf,VJNKYFDZICRAQLPMWHGESOUXBT,15,15,1,0.085,5.059644,0.959381,1.907975,,1.0,0.0
0.2,256,4,license_plate_bahnschrift.ttf,VJNKYFDZICRAQLPMWHGESOUXBT,15,15,0,0.17,7.155418,0.919759,1.349142,UHAYTEOLPALUEAGL,0.846154,0.153846
0.2,256,4,license_plate_bahnschrift.ttf,VJNKYFDZICRAQLPMWHGESOUXBT,15,15,1,0.17,7.155418,0.919759,1.349142,SUMAITDZHACLADCOLDS,0.807692,0.192308
0.3,256,4,license_plate_bahnschrift.ttf,VJNKYFDZICRAQLPMWHGESOUXBT,15,15,0,0.255,8.763561,0.881116,1.10157,VIMANTOCDIPACLONANCOSOUED,0.730769,0.269231
0.3,256,4,license_plate_bahnschrift.ttf,VJNKYFDZICRAQLPMWHGESOUXBT,15,15,1,0.255,8.763561,0.881116,1.10157,WMAYTOUIRAZLEADG,0.769231,0.230769
0.4,256,4,license_plate_bahnschrift.ttf,VJNKYFDZICRAQLPMWHGESOUXBT,15,15,0,0.34,10.119289,0.843436,0.953987,VIWAYTDIRASLIONAECLSDUEDT,0.653846,0.346154
0.4,256,4,license_plate_bahnschrift.ttf,VJNKYFDZICRAQLPMWHGESOUXBT,15,15,1,0.34,10.119289,0.843436,0.953987,VMAYTOOOISLPNOLSOEDT,0.730769,0.269231
0.5,256,4,license_plate_bahnschrift.ttf,VJNKYFDZICRAQLPMWHGESOUXBT,15,15,0,0.425,11.313708,0.8067,0.853272,VJMENTOOLRACLEMACCIOEDT,0.692308,0.307692
0.5,256,4,license_plate_bahnschrift.ttf,VJNKYFDZICRAQLPMWHGESOUXBT,15,15,1,0.425,11.313708,0.8067,0.853272,VIMAYTORIIRAOLINAOCSOUEDT,0.615385,0.384615
0.6,256,4,license_plate_bahnschrift.ttf,VJNKYFDZICRAQLPMWHGESOUXBT,15,15,0,0.51,12.393547,0.770893,0.778927,VINEYTOLOIPRASLENOCSOLEDT,0.653846,0.346154
0.6,256,4,license_plate_bahnschrift.ttf,VJNKYFDZICRAQLPMWHGESOUXBT,15,15,1,0.51,12.393547,0.770893,0.778927,VIWAYTOCISRAGLPNASOLSOLLEDT,0.653846,0.346154
0.7,256,4,license_plate_bahnschrift.ttf,VJNKYFDZICRAQLPMWHGESOUXBT,15,15,0,0.595,13.38656,0.735998,0.721147,VIWEYTODCRAGLPMATLEESOLIEDT,0.615385,0.384615
0.7,256,4,license_plate_bahnschrift.ttf,VJNKYFDZICRAQLPMWHGESOUXBT,15,15,1,0.595,13.38656,0.735998,0.721147,VIMESTODDCRASLENANLESOLIEST,0.692308,0.307692
0.8,256,4,license_plate_bahnschrift.ttf,VJNKYFDZICRAQLPMWHGESOUXBT,15,15,0,0.68,14.310835,0.701998,0.674571,VINEYTOOCRASLEMMGLSOUEDT,0.5,0.5
0.8,256,4,license_plate_bahnschrift.ttf,VJNKYFDZICRAQLPMWHGESOUXBT,15,15,1,0.68,14.310835,0.701998,0.674571,VINEYTODDCRAOLPMALSOUEDT,0.5,0.5
0.9,256,4,license_plate_bahnschrift.ttf,VJNKYFDZICRAQLPMWHGESOUXBT,15,15,0,0.765,15.178933,0.668877,0.635992,VINENTDLDDERASLOMAOSSOLEDT,0.653846,0.346154
0.9,256,4,license_plate_bahnschrift.ttf,VJNKYFDZICRAQLPMWHGESOUXBT,15,15,1,0.765,15.178933,0.668877,0.635992,VIWEYTODCRAGLPMACESOLIEST,0.576923,0.423077
1.0,256,4,license_plate_bahnschrift.ttf,VJNKYFDZICRAQLPMWHGESOUXBT,15,15,0,0.85,16.0,0.63662,0.603355,VIMEYTODCRASLEMWEESOUEDT,0.5,0.5
1.0,256,4,license_plate_bahnschrift.ttf,VJNKYFDZICRAQLPMWHGESOUXBT,15,15,1,0.85,16.0,0.63662,0.603355,VINAEYTODCRASLPMMICTSOUEDT,0.538462,0.461538
0.1,1024,4,license_plate_bahnschrift.ttf,VJNKYFDZICRAQLPMWHGESOUXBT,15,15,0,0.085,5.059644,0.959381,1.907975,MAYDAGT,0.807692,0.192308
0.1,1024,4,license_plate_bahnschrift.ttf,VJNKYFDZICRAQLPMWHGESOUXBT,15,15,1,0.085,5.059644,0.959381,1.907975,MAYTODDIRACLMATGOSMUT,0.615385,0.384615
0.2,1024,4,license_plate_bahnschrift.ttf,VJNKYFDZICRAQLPMWHGESOUXBT,15,15,0,0.17,7.155418,0.919759,1.349142,VIMAYTOOIPACLINAYGOSCUT,0.653846,0.346154
0.2,1024,4,license_plate_bahnschrift.ttf,VJNKYFDZICRAQLPMWHGESOUXBT,15,15,1,0.17,7.155418,0.919759,1.349142,VAMAYTOOIRACLNAYGOSDUET,0.615385,0.384615
0.3,1024,4,license_plate_bahnschrift.ttf,VJNKYFDZICRAQLPMWHGESOUXBT,15,15,0,0.255,8.763561,0.881116,1.10157,VIMAYTOODSPRACLNATGOSOUET,0.653846,0.346154
0.3,1024,4,license_plate_bahnschrift.ttf,VJNKYFDZICRAQLPMWHGESOUXBT,15,15,1,0.255,8.763561,0.881116,1.10157,VIMAYTOCDSRASLINATCOSOUEDT,0.653846,0.346154
0.4,1024,4,license_plate_bahnschrift.ttf,VJNKYFDZICRAQLPMWHGESOUXBT,15,15,0,0.34,10.119289,0.843436,0.953987,VINAYTOOOIRASLENAOCSOULEDT,0.653846,0.346154
0.4,1024,4,license_plate_bahnschrift.ttf,VJNKYFDZICRAQLPMWHGESOUXBT,15,15,1,0.34,10.119289,0.843436,0.953987,VNAYTOOIRASLINAYGOSOUEDT,0.538462,0.461538
0.5,1024,4,license_plate_bahnschrift.ttf,VJNKYFDZICRAQLPMWHGESOUXBT,15,15,0,0.425,11.313708,0.8067,0.853272,VINEYTOOCRASLINANCOIOLLEDT,0.692308,0.307692
0.5,1024,4,license_plate_bahnschrift.ttf,VJNKYFDZICRAQLPMWHGESOUXBT,15,15,1,0.425,11.313708,0.8067,0.853272,VINEYTOODIRASLIMANCOSOUEDT,0.576923,0.423077
0.6,1024,4,license_plate_bahnschrift.ttf,VJNKYFDZICRAQLPMWHGESOUXBT,15,15,0,0.51,12.393547,0.770893,0.778927,VINEYTOOCRASLENOCSOUEDT,0.576923,0.423077
0.6,1024,4,license_plate_bahnschrift.ttf,VJNKYFDZICRAQLPMWHGESOUXBT,15,15,1,0.51,12.393547,0.770893,0.778927,VINAYTOOCRASLENANGCTOUEDT,0.576923,0.423077
0.7,1024,4,license_plate_bahnschrift.ttf,VJNKYFDZICRAQLPMWHGESOUXBT,15,15,0,0.595,13.38656,0.735998,0.721147,VINEYTIOCRASLIMANGSSOLEST,0.538462,0.461538
0.7,1024,4,license_plate_bahnschrift.ttf,VJNKYFDZICRAQLPMWHGESOUXBT,15,15,1,0.595,13.38656,0.735998,0.721147,VINEYTOOCRASLENANCCSOUEST,0.576923,0.423077
0.8,1024,4,license_plate_bahnschrift.ttf,VJNKYFDZICRAQLPMWHGESOUXBT,15,15,0,0.68,14.310835,0.701998,0.674571,VINAYTOODCRASLEMMIGESOLEDT,0.5,0.5
0.8,1024,4,license_plate_bahnschrift.ttf,VJNKYFDZICRAQLPMWHGESOUXBT,15,15,1,0.68,14.310835,0.701998,0.674571,VIMEYTODCRASLEMWPGESOLEDT,0.5,0.5
0.9,1024,4,license_plate_bahnschrift.ttf,VJNKYFDZICRAQLPMWHGESOUXBT,15,15,0,0.765,15.178933,0.668877,0.635992,VINEYTODOCRASLEMACSSOLIEST,0.615385,0.384615
0.9,1024,4,license_plate_bahnschrift.ttf,VJNKYFDZICRAQLPMWHGESOUXBT,15,15,1,0.765,15.178933,0.668877,0.635992,VIMEYTODCRASLPMAOSSOUEST,0.538462,0.461538
1.0,1024,4,license_plate_bahnschrift.ttf,VJNKYFDZICRAQLPMWHGESOUXBT,15,15,0,0.85,16.0,0.63662,0.603355,VINEYTODICRASLEMWDESOUEDT,0.423077,0.576923
1.0,1024,4,license_plate_bahnschrift.ttf,VJNKYFDZICRAQLPMWHGESOUXBT,15,15,1,0.85,16.0,0.63662,0.603355,VINEYTODCRASLPMWGESOUEDT,0.384615,0.615385
0.1,4096,4,license_plate_bahnschrift.ttf,VJNKYFDZICRAQLPMWHGESOUXBT,15,15,0,0.085,5.059644,0.959381,1.907975,SSHATOOIRACUNASGLMT,0.807692,0.192308
0.1,4096,4,license_plate_bahnschrift.ttf,VJNKYFDZICRAQLPMWHGESOUXBT,15,15,1,0.085,5.059644,0.959381,1.907975,VINAYTODIRACUMASGILSMUT,0.615385,0.384615
0.2,4096,4,license_plate_bahnschrift.ttf,VJNKYFDZICRAQLPMWHGESOUXBT,15,15,0,0.17,7.155418,0.919759,1.349142,VIMAYTOOIRACLNATGOSOUEST,0.576923,0.423077
0.2,4096,4,license_plate_bahnschrift.ttf,VJNKYFDZICRAQLPMWHGESOUXBT,15,15,1,0.17,7.155418,0.919759,1.349142,VAMAYTOCIPACLNANCLIOUST,0.692308,0.307692
0.3,4096,4,license_plate_bahnschrift.ttf,VJNKYFDZICRAQLPMWHGESOUXBT,15,15,0,0.255,8.763561,0.881116,1.10157,VIMAYTOCIIPACLINATGOSOUEST,0.615385,0.384615
0.3,4096,4,license_plate_bahnschrift.ttf,VJNKYFDZICRAQLPMWHGESOUXBT,15,15,1,0.255,8.763561,0.881116,1.10157,VIMAYTOCDPRACLENATCOOOLEDT,0.730769,0.269231
0.4,4096,4,license_plate_bahnschrift.ttf,VJNKYFDZICRAQLPMWHGESOUXBT,15,15,0,0.34,10.119289,0.843436,0.953987,VIMAYTOOOIRASLENATGOSOUEDT,0.615385,0.384615
0.4,4096,4,license_plate_bahnschrift.ttf,VJNKYFDZICRAQLPMWHGESOUXBT,15,15,1,0.34,10.119289,0.843436,0.953987,VINAYTOOSRASLENAOCSOUEDT,0.615385,0.384615
0.5,4096,4,license_plate_bahnschrift.ttf,VJNKYFDZICRAQLPMWHGESOUXBT,15,15,0,0.425,11.313708,0.8067,0.853272,VINEYTOODIRASLENATGCOSOUEDT,0.615385,0.384615
0.5,4096,4,license_plate_bahnschrift.ttf,VJNKYFDZICRAQLPMWHGESOUXBT,15,15,1,0.425,11.313708,0.8067,0.853272,VINAYTOOCRASLENATCOSOUEDT,0.576923,0.423077
0.6,4096,4,license_plate_bahnschrift.ttf,VJNKYFDZICRAQLPMWHGESOUXBT,15,15,0,0.51,12.393547,0.770893,0.778927,VINAYTODDCRASLINAGCSOUEDT,0.538462,0.461538
0.6,4096,4,license_plate_bahnschrift.ttf,VJNKYFDZICRAQLPMWHGESOUXBT,15,15,1,0.51,12.393547,0.770893,0.778927,VINEYTOOCRASLEMANGCSOLEDT,0.538462,0.461538
0.7,4096,4,license_plate_bahnschrift.ttf,VJNKYFDZICRAQLPMWHGESOUXBT,15,15,0,0.595,13.38656,0.735998,0.721147,VINEYTOODCRASLEPMANCCSOUEST,0.538462,0.461538
0.7,4096,4,license_plate_bahnschrift.ttf,VJNKYFDZICRAQLPMWHGESOUXBT,15,15,1,0.595,13.38656,0.735998,0.721147,VIMEYTODDSRASLIMANCCSOLEDST,0.692308,0.307692
0.8,4096,4,license_plate_bahnschrift.ttf,VJNKYFDZICRAQLPMWHGESOUXBT,15,15,0,0.68,14.310835,0.701998,0.674571,VINEYTOOCRASLEMMGCSOUEDT,0.5,0.5
0.8,4096,4,license_plate_bahnschrift.ttf,VJNKYFDZICRAQLPMWHGESOUXBT,15,15,1,0.68,14.310835,0.701998,0.674571,VINAYTODCRASLEMMGESOLEDT,0.5,0.5
0.9,4096,4,license_plate_bahnschrift.ttf,VJNKYFDZICRAQLPMWHGESOUXBT,15,15,0,0.765,15.178933,0.668877,0.635992,VIMEYTODDCRASLPMACESOUEST,0.5,0.5
0.9,4096,4,license_plate_bahnschrift.ttf,VJNKYFDZICRAQLPMWHGESOUXBT,15,15,1,0.765,15.178933,0.668877,0.635992,VIWEYTOCRASLPMWPICESOUEST,0.5,0.5
1.0,4096,4,license_plate_bahnschrift.ttf,VJNKYFDZICRAQLPMWHGESOUXBT,15,15,0,0.85,16.0,0.63662,0.603355,VINEYTOOCRASLPMWDESOUEBT,0.384615,0.615385
1.0,4096,4,license_plate_bahnschrift.ttf,VJNKYFDZICRAQLPMWHGESOUXBT,15,15,1,0.85,16.0,0.63662,0.603355,VINEYTODOCRASLEMWGESOLEDT,0.461538,0.538462
0.1,16384,4,license_plate_bahnschrift.ttf,VJNKYFDZICRAQLPMWHGESOUXBT,15,15,0,0.085,5.059644,0.959381,1.907975,VSMATOODIRACLUMASGOSMT,0.653846,0.346154
0.1,16384,4,license_plate_bahnschrift.ttf,VJNKYFDZICRAQLPMWHGESOUXBT,15,15,1,0.085,5.059644,0.959381,1.907975,VSMATOOIRACUMASGOSMET,0.692308,0.307692
0.2,16384,4,license_plate_bahnschrift.ttf,VJNKYFDZICRAQLPMWHGESOUXBT,15,15,0,0.17,7.155418,0.919759,1.349142,VSMANTOOURACLENATGOSDET,0.730769,0.269231
0.2,16384,4,license_plate_bahnschrift.ttf,VJNKYFDZICRAQLPMWHGESOUXBT,15,15,1,0.17,7.155418,0.919759,1.349142,VIMAYTOOOIRACLYNATGOSDUET,0.653846,0.346154
0.3,16384,4,license_plate_bahnschrift.ttf,VJNKYFDZICRAQLPMWHGESOUXBT,15,15,0,0.255,8.763561,0.881116,1.10157,VIMAYTOODSRACLENATGOSOLEDT,0.653846,0.346154
0.3,16384,4,license_plate_bahnschrift.ttf,VJNKYFDZICRAQLPMWHGESOUXBT,15,15,1,0.255,8.763561,0.881116,1.10157,VIMAYTOODSPRACLENATGOSOLLEDT,0.730769,0.269231
0.4,16384,4,license_plate_bahnschrift.ttf,VJNKYFDZICRAQLPMWHGESOUXBT,15,15,0,0.34,10.119289,0.843436,0.953987,VINAYTOOCRASLENAYGOOOLLEDT,0.653846,0.346154
0.4,16384,4,license_plate_bahnschrift.ttf,VJNKYFDZICRAQLPMWHGESOUXBT,15,15,1,0.34,10.119289,0.843436,0.953987,VIMAYTOOCRASLENATGOSOLEDT,0.615385,0.384615
0.5,16384,4,license_plate_bahnschrift.ttf,VJNKYFDZICRAQLPMWHGESOUXBT,15,15,0,0.425,11.313708,0.8067,0.853272,VIMAYTOODSRASLENATCOSOLEST,0.692308,0.307692
0.5,16384,4,license_plate_bahnschrift.ttf,VJNKYFDZICRAQLPMWHGESOUXBT,15,15,1,0.425,11.313708,0.8067,0.853272,VINAYTOODIRASLINATGOSOUEDT,0.576923,0.423077
0.6,16384,4,license_plate_bahnschrift.ttf,VJNKYFDZICRAQLPMWHGESOUXBT,15,15,0,0.51,12.393547,0.770893,0.778927,VINEYTOODCRASLIPNAGCSOUEDT,0.538462,0.461538
0.6,16384,4,license_plate_bahnschrift.ttf,VJNKYFDZICRAQLPMWHGESOUXBT,15,15,1,0.51,12.393547,0.770893,0.778927,VINEYTOOOCRASLIPNAGCSOUEDT,0.538462,0.461538
0.7,16384,4,license_plate_bahnschrift.ttf,VJNKYFDZICRAQLPMWHGESOUXBT,15,15,0,0.595,13.38656,0.735998,0.721147,VINEYTOODCRASLEMACCSOLEDST,0.615385,0.384615
0.7,16384,4,license_plate_bahnschrift.ttf,VJNKYFDZICRAQLPMWHGESOUXBT,15,15,1,0.595,13.38656,0.735998,0.721147,VINEYTODCRASLENACCSOLEDT,0.615385,0.384615
0.8,16384,4,license_plate_bahnschrift.ttf,VJNKYFDZICRAQLPMWHGESOUXBT,15,15,0,0.68,14.310835,0.701998,0.674571,VINEYTOOCRASLEMMIGESOUEDT,0.461538,0.538462
0.8,16384,4,license_plate_bahnschrift.ttf,VJNKYFDZICRAQLPMWHGESOUXBT,15,15,1,0.68,14.310835,0.701998,0.674571,VINEYTOOCRASLEMMGESOLEDT,0.5,0.5
0.9,16384,4,license_plate_bahnschrift.ttf,VJNKYFDZICRAQLPMWHGESOUXBT,15,15,0,0.765,15.178933,0.668877,0.635992,VINEYTODCRASLPMMNICESOUEST,0.5,0.5
0.9,16384,4,license_plate_bahnschrift.ttf,VJNKYFDZICRAQLPMWHGESOUXBT,15,15,1,0.765,15.178933,0.668877,0.635992,VINEYTODCRASLPMWCESOLIEDT,0.5,0.5
1.0,16384,4,license_plate_bahnschrift.ttf,VJNKYFDZICRAQLPMWHGESOUXBT,15,15,0,0.85,16.0,0.63662,0.603355,VINEYTODCRASLEMWGESOUEDT,0.423077,0.576923
1.0,16384,4,license_plate_bahnschrift.ttf,VJNKYFDZICRAQLPMWHGESOUXBT,15,15,1,0.85,16.0,0.63662,0.603355,VINEYTODCRASLPMWGESOUEDT,0.384615,0.615385
0.1,65536,4,license_plate_bahnschrift.ttf,VJNKYFDZICRAQLPMWHGESOUXBT,15,15,0,0.085,5.059644,0.959381,1.907975,VSMATOOIRACLUMASGOSMT,0.653846,0.346154
0.1,65536,4,license_plate_bahnschrift.ttf,VJNKYFDZICRAQLPMWHGESOUXBT,15,15,1,0.085,5.059644,0.959381,1.907975,VAMATOOIRACUMASGOSMET,0.692308,0.307692
0.2,65536,4,license_plate_bahnschrift.ttf,VJNKYFDZICRAQLPMWHGESOUXBT,15,15,0,0.17,7.155418,0.919759,1.349142,VIMAYTOODIRACLNATGOSDLEST,0.692308,0.307692
0.2,65536,4,license_plate_bahnschrift.ttf,VJNKYFDZICRAQLPMWHGESOUXBT,15,15,1,0.17,7.155418,0.919759,1.349142,VIMAYTOOCRACLNATGOSDEST,0.653846,0.346154
0.3,65536,4,license_plate_bahnschrift.ttf,VJNKYFDZICRAQLPMWHGESOUXBT,15,15,0,0.255,8.763561,0.881116,1.10157,VIMAYTOODSRACLENATGOSOLLEDST,0.730769,0.269231
0.3,65536,4,license_plate_bahnschrift.ttf,VJNKYFDZICRAQLPMWHGESOUXBT,15,15,1,0.255,8.763561,0.881116,1.10157,VIMAYTOODSRACLENATGOSOLLEDT,0.692308,0.307692
0.4,65536,4,license_plate_bahnschrift.ttf,VJNKYFDZICRAQLPMWHGESOUXBT,15,15,0,0.34,10.119289,0.843436,0.953987,VIMAYTOOCRASLENATGOOOLEDT,0.653846,0.346154
0.4,65536,4,license_plate_bahnschrift.ttf,VJNKYFDZICRAQLPMWHGESOUXBT,15,15,1,0.34,10.119289,0.843436,0.953987,VIMAYTOOOCPASLENATGOOOLEDT,0.692308,0.307692
0.5,65536,4,license_plate_bahnschrift.ttf,VJNKYFDZICRAQLPMWHGESOUXBT,15,15,0,0.425,11.313708,0.8067,0.853272,VINAYTOODIRASLINATCCSOUEDT,0.615385,0.384615
0.5,65536,4,license_plate_bahnschrift.ttf,VJNKYFDZICRAQLPMWHGESOUXBT,15,15,1,0.425,11.313708,0.8067,0.853272,VINAYTOODIRASLINATGCSOUEDT,0.576923,0.423077
0.6,65536,4,license_plate_bahnschrift.ttf,VJNKYFDZICRAQLPMWHGESOUXBT,15,15,0,0.51,12.393547,0.770893,0.778927,VINAYTOODCRASLENAGCSOLEDT,0.576923,0.423077
0.6,65536,4,license_plate_bahnschrift.ttf,VJNKYFDZICRAQLPMWHGESOUXBT,15,15,1,0.51,12.393547,0.770893,0.778927,VINAYTOOOCRASLENAGCSOLEDT,0.576923,0.423077
0.7,65536,4,license_plate_bahnschrift.ttf,VJNKYFDZICRAQLPMWHGESOUXBT,15,15,0,0.595,13.38656,0.735998,0.721147,VIMEYTOODCRASLENACCSOLIEST,0.692308,0.307692
0.7,65536,4,license_plate_bahnschrift.ttf,VJNKYFDZICRAQLPMWHGESOUXBT,15,15,1,0.595,13.38656,0.735998,0.721147,VINEYTOOCRASLEMACCSOLIEST,0.615385,0.384615
0.8,65536,4,license_plate_bahnschrift.ttf,VJNKYFDZICRAQLPMWHGESOUXBT,15,15,0,0.68,14.310835,0.701998,0.674571,VINEYTOOCRASLEMMIGESOLEDT,0.5,0.5
0.8,65536,4,license_plate_bahnschrift.ttf,VJNKYFDZICRAQLPMWHGESOUXBT,15,15,1,0.68,14.310835,0.701998,0.674571,VINEYTOOOCRASLEMMGESOLEDT,0.5,0.5
0.9,65536,4,license_plate_bahnschrift.ttf,VJNKYFDZICRAQLPMWHGESOUXBT,15,15,0,0.765,15.178933,0.668877,0.635992,VINEYTODCRASLPMMNICESOUEST,0.5,0.5
0.9,65536,4,license_plate_bahnschrift.ttf,VJNKYFDZICRAQLPMWHGESOUXBT,15,15,1,0.765,15.178933,0.668877,0.635992,VINEYTOOCRASLPMANIGESOUEST,0.461538,0.538462
1.0,65536,4,license_plate_bahnschrift.ttf,VJNKYFDZICRAQLPMWHGESOUXBT,15,15,0,0.85,16.0,0.63662,0.603355,VINEYTODCRASLEMWGESOUEDT,0.423077,0.576923
1.0,65536,4,license_plate_bahnschrift.ttf,VJNKYFDZICRAQLPMWHGESOUXBT,15,15,1,0.85,16.0,0.63662,0.603355,VINEYTODCRASLEMWGESOLEDT,0.461538,0.538462
