rho,mu_p,char_height_px,font_name,text,phase_x,phase_y,noise_repeat,qe_total,aperture_width_px,mtf_nyquist,aperture_f50_cpp,ocr_text,cer,char_acc
0.1,16384,1,license_plate_bahnschrift.ttf,VJNKYFDZICRAQLPMWHGESOUXBT,0,0,0,0.085,5.059644,0.959381,1.907975,,1.0,0.0
0.1,16384,1,license_plate_bahnschrift.ttf,VJNKYFDZICRAQLPMWHGESOUXBT,0,0,1,0.085,5.059644,0.959381,1.907975,,1.0,0.0
0.2,16384,1,license_plate_bahnschrift.ttf,VJNKYFDZICRAQLPMWHGESOUXBT,0,0,0,0.17,7.155418,0.919759,1.349142,,1.0,0.0
0.2,16384,1,license_plate_bahnschrift.ttf,VJNKYFDZICRAQLPMWHGESOUXBT,0,0,1,0.17,7.155418,0.919759,1.349142,,1.0,0.0
0.3,16384,1,license_plate_bahnschrift.ttf,VJNKYFDZICRAQLPMWHGESOUXBT,0,0,0,0.255,8.763561,0.881116,1.10157,,1.0,0.0
0.3,16384,1,license_plate_bahnschrift.ttf,VJNKYFDZICRAQLPMWHGESOUXBT,0,0,1,0.255,8.763561,0.881116,1.10157,,1.0,0.0
0.4,16384,1,license_plate_bahnschrift.ttf,VJNKYFDZICRAQLPMWHGESOUXBT,0,0,0,0.34,10.119289,0.843436,0.953987,,1.0,0.0
0.4,16384,1,license_plate_bahnschrift.ttf,VJNKYFDZICRAQLPMWHGESOUXBT,0,0,1,0.34,10.119289,0.843436,0.953987,,1.0,0.0
0.5,16384,1,license_plate_bahnschrift.ttf,VJNKYFDZICRAQLPMWHGESOUXBT,0,0,0,0.425,11.313708,0.8067,0.853272,,1.0,0.0
0.5,16384,1,license_plate_bahnschrift.ttf,VJNKYFDZICRAQLPMWHGESOUXBT,0,0,1,0.425,11.313708,0.8067,0.853272,,1.0,0.0
0.6,16384,1,license_plate_bahnschrift.ttf,VJNKYFDZICRAQLPMWHGESOUXBT,0,0,0,0.51,12.393547,0.770893,0.778927,,1.0,0.0
0.6,16384,1,license_plate_bahnschrift.ttf,VJNKYFDZICRAQLPMWHGESOUXBT,0,0,1,0.51,12.393547,0.770893,0.778927,,1.0,0.0
0.7,16384,1,license_plate_bahnschrift.ttf,VJNKYFDZICRAQLPMWHGESOUXBT,0,0,0,0.595,13.38656,0.735998,0.721147,,1.0,0.0
0.7,16384,1,license_plate_bahnschrift.ttf,VJNKYFDZICRAQLPMWHGESOUXBT,0,0,1,0.595,13.38656,0.735998,0.721147,,1.0,0.0
0.8,16384,1,license_plate_bahnschrift.ttf,VJNKYFDZICRAQLPMWHGESOUXBT,0,0,0,0.68,14.310835,0.701998,0.674571,,1.0,0.0
0.8,16384,1,license_plate_bahnschrift.ttf,VJNKYFDZICRAQLPMWHGESOUXBT,0,0,1,0.68,14.310835,0.701998,0.674571,,1.0,0.0
0.9,16384,1,license_plate_bahnschrift.ttf,VJNKYFDZICRAQLPMWHGESOUXBT,0,0,0,0.765,15.178933,0.668877,0.635992,,1.0,0.0
0.9,16384,1,license_plate_bahnschrift.ttf,VJNKYFDZICRAQLPMWHGESOUXBT,0,0,1,0.765,15.178933,0.668877,0.635992,,1.0,0.0
1.0,16384,1,license_plate_bahnschrift.ttf,VJNKYFDZICRAQLPMWHGESOUXBT,0,0,0,0.85,16.0,0.63662,0.603355,,1.0,0.0
1.0,16384,1,license_plate_bahnschrift.ttf,VJNKYFDZICRAQLPMWHGESOUXBT,0,0,1,0.85,16.0,0.63662,0.603355,,1.0,0.0
0.1,16384,1,license_plate_bahnschrift.ttf,VJNKYFDZICRAQLPMWHGESOUXBT,0,3,0,0.085,5.059644,0.959381,1.907975,,1.0,0.0
0.1,16384,1,license_plate_bahnschrift.ttf,VJNKYFDZICRAQLPMWHGESOUXBT,0,3,1,0.085,5.059644,0.959381,1.907975,,1.0,0.0
0.2,16384,1,license_plate_bahnschrift.ttf,VJNKYFDZICRAQLPMWHGESOUXBT,0,3,0,0.17,7.155418,0.919759,1.349142,,1.0,0.0
0.2,16384,1,license_plate_bahnschrift.ttf,VJNKYFDZICRAQLPMWHGESOUXBT,0,3,1,0.17,7.155418,0.919759,1.349142,,1.0,0.0
0.3,16384,1,license_plate_bahnschrift.ttf,VJNKYFDZICRAQLPMWHGESOUXBT,0,3,0,0.255,8.763561,0.881116,1.10157,,1.0,0.0
0.3,16384,1,license_plate_bahnschrift.ttf,VJNKYFDZICRAQLPMWHGESOUXBT,0,3,1,0.255,8.763561,0.881116,1.10157,,1.0,0.0
0.4,16384,1,license_plate_bahnschrift.ttf,VJNKYFDZICRAQLPMWHGESOUXBT,0,3,0,0.34,10.119289,0.843436,0.953987,,1.0,0.0
0.4,16384,1,license_plate_bahnschrift.ttf,VJNKYFDZICRAQLPMWHGESOUXBT,0,3,1,0.34,10.119289,0.843436,0.953987,,1.0,0.0
0.5,16384,1,license_plate_bahnschrift.ttf,VJNKYFDZICRAQLPMWHGESOUXBT,0,3,0,0.425,11.313708,0.8067,0.853272,,1.0,0.0
0.5,16384,1,license_plate_bahnschrift.ttf,VJNKYFDZICRAQLPMWHGESOUXBT,0,3,1,0.425,11.313708,0.8067,0.853272,,1.0,0.0
0.6,16384,1,license_plate_bahnschrift.ttf,VJNKYFDZICRAQLPMWHGESOUXBT,0,3,0,0.51,12.393547,0.770893,0.778927,,1.0,0.0
0.6,16384,1,license_plate_bahnschrift.ttf,VJNKYFDZICRAQLPMWHGESOUXBT,0,3,1,0.51,12.393547,0.770893,0.778927,,1.0,0.0
0.7,16384,1,license_plate_bahnschrift.ttf,VJNKYFDZICRAQLPMWHGESOUXBT,0,3,0,0.595,13.38656,0.735998,0.721147,,1.0,0.0
0.7,16384,1,license_plate_bahnschrift.ttf,VJNKYFDZICRAQLPMWHGESOUXBT,0,3,1,0.595,13.38656,0.735998,0.721147,,1.0,0.0
0.8,16384,1,license_plate_bahnschrift.ttf,VJNKYFDZICRAQLPMWHGESOUXBT,0,3,0,0.68,14.310835,0.701998,0.674571,,1.0,0.0
0.8,16384,1,license_plate_bahnschrift.ttf,VJNKYFDZICRAQLPMWHGESOUXBT,0,3,1,0.68,14.310835,0.701998,0.674571,,1.0,0.0
0.9,16384,1,license_plate_bahnschrift.ttf,VJNKYFDZICRAQLPMWHGESOUXBT,0,3,0,0.765,15.178933,0.668877,0.635992,,1.0,0.0
0.9,16384,1,license_plate_bahnschrift.ttf,VJNKYFDZICRAQLPMWHGESOUXBT,0,3,1,0.765,15.178933,0.668877,0.635992,,1.0,0.0
1.0,16384,1,license_plate_bahnschrift.ttf,VJNKYFDZICRAQLPMWHGESOUXBT,0,3,0,0.85,16.0,0.63662,0.603355,,1.0,0.0
1.0,16384,1,license_plate_bahnschrift.ttf,VJNKYFDZICRAQLPMWHGESOUXBT,0,3,1,0.85,16.0,0.63662,0.603355,,1.0,0.0
0.1,16384,1,license_plate_bahnschrift.ttf,VJNKYFDZICRAQLPMWHGESOUXBT,0,7,0,0.085,5.059644,0.959381,1.907975,,1.0,0.0
0.1,16384,1,license_plate_bahnschrift.ttf,VJNKYFDZICRAQLPMWHGESOUXBT,0,7,1,0.085,5.059644,0.959381,1.907975,,1.0,0.0
0.2,16384,1,license_plate_bahnschrift.ttf,VJNKYFDZICRAQLPMWHGESOUXBT,0,7,0,0.17,7.155418,0.919759,1.349142,,1.0,0.0
0.2,16384,1,license_plate_bahnschrift.ttf,VJNKYFDZICRAQLPMWHGESOUXBT,0,7,1,0.17,7.155418,0.919759,1.349142,,1.0,0.0
0.3,16384,1,license_plate_bahnschrift.ttf,VJNKYFDZICRAQLPMWHGESOUXBT,0,7,0,0.255,8.763561,0.881116,1.10157,,1.0,0.0
0.3,16384,1,license_plate_bahnschrift.ttf,VJNKYFDZICRAQLPMWHGESOUXBT,0,7,1,0.255,8.763561,0.881116,1.10157,TO,0.961538,0.038462
0.4,16384,1,license_plate_bahnschrift.ttf,VJNKYFDZICRAQLPMWHGESOUXBT,0,7,0,0.34,10.119289,0.843436,0.953987,,1.0,0.0
0.4,16384,1,license_plate_bahnschrift.ttf,VJNKYFDZICRAQLPMWHGESOUXBT,0,7,1,0.34,10.119289,0.843436,0.953987,,1.0,0.0
0.5,16384,1,license_plate_bahnschrift.ttf,VJNKYFDZICRAQLPMWHGESOUXBT,0,7,0,0.425,11.313708,0.8067,0.853272,,1.0,0.0
0.5,16384,1,license_plate_bahnschrift.ttf,VJNKYFDZICRAQLPMWHGESOUXBT,0,7,1,0.425,11.313708,0.8067,0.853272,,1.0,0.0
0.6,16384,1,license_plate_bahnschrift.ttf,VJNKYFDZICRAQLPMWHGESOUXBT,0,7,0,0.51,12.393547,0.770893,0.778927,,1.0,0.0
0.6,16384,1,license_plate_bahnschrift.ttf,VJNKYFDZICRAQLPMWHGESOUXBT,0,7,1,0.51,12.393547,0.770893,0.778927,,1.0,0.0
0.7,16384,1,license_plate_bahnschrift.ttf,VJNKYFDZICRAQLPMWHGESOUXBT,0,7,0,0.595,13.38656,0.735998,0.721147,,1.0,0.0
0.7,16384,1,license_plate_bahnschrift.ttf,VJNKYFDZICRAQLPMWHGESOUXBT,0,7,1,0.595,13.38656,0.735998,0.721147,,1.0,0.0
0.8,16384,1,license_plate_bahnschrift.ttf,VJNKYFDZICRAQLPMWHGESOUXBT,0,7,0,0.68,14.310835,0.701998,0.674571,,1.0,0.0
0.8,16384,1,license_plate_bahnschrift.ttf,VJNKYFDZICRAQLPMWHGESOUXBT,0,7,1,0.68,14.310835,0.701998,0.674571,,1.0,0.0
0.9,16384,1,license_plate_bahnschrift.ttf,VJNKYFDZICRAQLPMWHGESOUXBT,0,7,0,0.765,15.178933,0.668877,0.635992,,1.0,0.0
0.9,16384,1,license_plate_bahnschrift.ttf,VJNKYFDZICRAQLPMWHGESOUXBT,0,7,1,0.765,15.178933,0.668877,0.635992,,1.0,0.0
1.0,16384,1,license_plate_bahnschrift.ttf,VJNKYFDZICRAQLPMWHGESOUXBT,0,7,0,0.85,16.0,0.63662,0.603355,,1.0,0.0
1.0,16384,1,license_plate_bahnschrift.ttf,VJNKYFDZICRAQLPMWHGESOUXBT,0,7,1,0.85,16.0,0.63662,0.603355,,1.0,0.0
0.1,16384,1,license_plate_bahnschrift.ttf,VJNKYFDZICRAQLPMWHGESOUXBT,0,11,0,0.085,5.059644,0.959381,1.907975,,1.0,0.0
0.1,16384,1,license_plate_bahnschrift.ttf,VJNKYFDZICRAQLPMWHGESOUXBT,0,11,1,0.085,5.059644,0.959381,1.907975,,1.0,0.0
0.2,16384,1,license_plate_bahnschrift.ttf,VJNKYFDZICRAQLPMWHGESOUXBT,0,11,0,0.17,7.155418,0.919759,1.349142,,1.0,0.0
0.2,16384,1,license_plate_bahnschrift.ttf,VJNKYFDZICRAQLPMWHGESOUXBT,0,11,1,0.17,7.155418,0.919759,1.349142,,1.0,0.0
0.3,16384,1,license_plate_bahnschrift.ttf,VJNKYFDZICRAQLPMWHGESOUXBT,0,11,0,0.255,8.763561,0.881116,1.10157,,1.0,0.0
0.3,16384,1,license_plate_bahnschrift.ttf,VJNKYFDZICRAQLPMWHGESOUXBT,0,11,1,0.255,8.763561,0.881116,1.10157,,1.0,0.0
0.4,16384,1,license_plate_bahnschrift.ttf,VJNKYFDZICRAQLPMWHGESOUXBT,0,11,0,0.34,10.119289,0.843436,0.953987,,1.0,0.0
0.4,16384,1,license_plate_bahnschrift.ttf,VJNKYFDZICRAQLPMWHGESOUXBT,0,11,1,0.34,10.119289,0.843436,0.953987,,1.0,0.0
0.5,16384,1,license_plate_bahnschrift.ttf,VJNKYFDZICRAQLPMWHGESOUXBT,0,11,0,0.425,11.313708,0.8067,0.853272,,1.0,0.0
0.5,16384,1,license_plate_bahnschrift.ttf,VJNKYFDZICRAQLPMWHGESOUXBT,0,11,1,0.425,11.313708,0.8067,0.853272,,1.0,0.0
0.6,16384,1,license_plate_bahnschrift.ttf,VJNKYFDZICRAQLPMWHGESOUXBT,0,11,0,0.51,12.393547,0.770893,0.778927,,1.0,0.0
0.6,16384,1,license_plate_bahnschrift.ttf,VJNKYFDZICRAQLPMWHGESOUXBT,0,11,1,0.51,12.393547,0.770893,0.778927,,1.0,0.0
0.7,16384,1,license_plate_bahnschrift.ttf,VJNKYFDZICRAQLPMWHGESOUXBT,0,11,0,0.595,13.38656,0.735998,0.721147,,1.0,0.0
0.7,16384,1,license_plate_bahnschrift.ttf,VJNKYFDZICRAQLPMWHGESOUXBT,0,11,1,0.595,13.38656,0.735998,0.721147,,1.0,0.0
0.8,16384,1,license_plate_bahnschrift.ttf,VJNKYFDZICRAQLPMWHGESOUXBT,0,11,0,0.68,14.310835,0.701998,0.674571,,1.0,0.0
0.8,16384,1,license_plate_bahnschrift.ttf,VJNKYFDZICRAQLPMWHGESOUXBT,0,11,1,0.68,14.310835,0.701998,0.674571,,1.0,0.0
0.9,16384,1,license_plate_bahnschrift.ttf,VJNKYFDZICRAQLPMWHGESOUXBT,0,11,0,0.765,15.178933,0.668877,0.635992,,1.0,0.0
0.9,16384,1,license_plate_bahnschrift.ttf,VJNKYFDZICRAQLPMWHGESOUXBT,0,11,1,0.765,15.178933,0.668877,0.635992,,1.0,0.0
1.0,16384,1,license_plate_bahnschrift.ttf,VJNKYFDZICRAQLPMWHGESOUXBT,0,11,0,0.85,16.0,0.63662,0.603355,,1.0,0.0
1.0,16384,1,license_plate_bahnschrift.ttf,VJNKYFDZICRAQLPMWHGESOUXBT,0,11,1,0.85,16.0,0.63662,0.603355,,1.0,0.0
0.1,16384,1,license_plate_bahnschrift.ttf,VJNKYFDZICRAQLPMWHGESOUXBT,0,15,0,0.085,5.059644,0.959381,1.907975,,1.0,0.0
0.1,16384,1,license_plate_bahnschrift.ttf,VJNKYFDZICRAQLPMWHGESOUXBT,0,15,1,0.085,5.059644,0.959381,1.907975,,1.0,0.0
0.2,16384,1,license_plate_bahnschrift.ttf,VJNKYFDZICRAQLPMWHGESOUXBT,0,15,0,0.17,7.155418,0.919759,1.349142,,1.0,0.0
0.2,16384,1,license_plate_bahnschrift.ttf,VJNKYFDZICRAQLPMWHGESOUXBT,0,15,1,0.17,7.155418,0.919759,1.349142,,1.0,0.0
0.3,16384,1,license_plate_bahnschrift.ttf,VJNKYFDZICRAQLPMWHGESOUXBT,0,15,0,0.255,8.763561,0.881116,1.10157,,1.0,0.0
0.3,16384,1,license_plate_bahnschrift.ttf,VJNKYFDZICRAQLPMWHGESOUXBT,0,15,1,0.255,8.763561,0.881116,1.10157,,1.0,0.0
0.4,16384,1,license_plate_bahnschrift.ttf,VJNKYFDZICRAQLPMWHGESOUXBT,0,15,0,0.34,10.119289,0.843436,0.953987,,1.0,0.0
0.4,16384,1,license_plate_bahnschrift.ttf,VJNKYFDZICRAQLPMWHGESOUXBT,0,15,1,0.34,10.119289,0.843436,0.953987,,1.0,0.0
0.5,16384,1,license_plate_bahnschrift.ttf,VJNKYFDZICRAQLPMWHGESOUXBT,0,15,0,0.425,11.313708,0.8067,0.853272,,1.0,0.0
0.5,16384,1,license_plate_bahnschrift.ttf,VJNKYFDZICRAQLPMWHGESOUXBT,0,15,1,0.425,11.313708,0.8067,0.853272,,1.0,0.0
0.6,16384,1,license_plate_bahnschrift.ttf,VJNKYFDZICRAQLPMWHGESOUXBT,0,15,0,0.51,12.393547,0.770893,0.778927,,1.0,0.0
0.6,16384,1,license_plate_bahnschrift.ttf,VJNKYFDZICRAQLPMWHGESOUXBT,0,15,1,0.51,12.393547,0.770893,0.778927,,1.0,0.0
0.7,16384,1,license_plate_bahnschrift.ttf,VJNKYFDZICRAQLPMWHGESOUXBT,0,15,0,0.595,13.38656,0.735998,0.721147,,1.0,0.0
0.7,16384,1,license_plate_bahnschrift.ttf,VJNKYFDZICRAQLPMWHGESOUXBT,0,15,1,0.595,13.38656,0.735998,0.721147,,1.0,0.0
0.8,16384,1,license_plate_bahnschrift.ttf,VJNKYFDZICRAQLPMWHGESOUXBT,0,15,0,0.68,14.310835,0.701998,0.674571,,1.0,0.0
0.8,16384,1,license_plate_bahnschrift.ttf,VJNKYFDZICRAQLPMWHGESOUXBT,0,15,1,0.68,14.310835,0.701998,0.674571,,1.0,0.0
0.9,16384,1,license_plate_bahnschrift.ttf,VJNKYFDZICRAQLPMWHGESOUXBT,0,15,0,0.765,15.178933,0.668877,0.635992,,1.0,0.0
0.9,16384,1,license_plate_bahnschrift.ttf,VJNKYFDZICRAQLPMWHGESOUXBT,0,15,1,0.765,15.178933,0.668877,0.635992,,1.0,0.0
1.0,16384,1,license_plate_bahnschrift.ttf,VJNKYFDZICRAQLPMWHGESOUXBT,0,15,0,0.85,16.0,0.63662,0.603355,,1.0,0.0
1.0,16384,1,license_plate_bahnschrift.ttf,VJNKYFDZICRAQLPMWHGESOUXBT,0,15,1,0.85,16.0,0.63662,0.603355,,1.0,0.0
0.1,16384,1,license_plate_bahnschrift.ttf,VJNKYFDZICRAQLPMWHGESOUXBT,3,0,0,0.085,5.059644,0.959381,1.907975,,1.0,0.0
0.1,16384,1,license_plate_bahnschrift.ttf,VJNKYFDZICRAQLPMWHGESOUXBT,3,0,1,0.085,5.059644,0.959381,1.907975,,1.0,0.0
0.2,16384,1,license_plate_bahnschrift.ttf,VJNKYFDZICRAQLPMWHGESOUXBT,3,0,0,0.17,7.155418,0.919759,1.349142,,1.0,0.0
0.2,16384,1,license_plate_bahnschrift.ttf,VJNKYFDZICRAQLPMWHGESOUXBT,3,0,1,0.17,7.155418,0.919759,1.349142,,1.0,0.0
0.3,16384,1,license_plate_bahnschrift.ttf,VJNKYFDZICRAQLPMWHGESOUXBT,3,0,0,0.255,8.763561,0.881116,1.10157,,1.0,0.0
0.3,16384,1,license_plate_bahnschrift.ttf,VJNKYFDZICRAQLPMWHGESOUXBT,3,0,1,0.255,8.763561,0.881116,1.10157,,1.0,0.0
0.4,16384,1,license_plate_bahnschrift.ttf,VJNKYFDZICRAQLPMWHGESOUXBT,3,0,0,0.34,10.119289,0.843436,0.953987,,1.0,0.0
0.4,16384,1,license_plate_bahnschrift.ttf,VJNKYFDZICRAQLPMWHGESOUXBT,3,0,1,0.34,10.119289,0.843436,0.953987,,1.0,0.0
0.5,16384,1,license_plate_bahnschrift.ttf,VJNKYFDZICRAQLPMWHGESOUXBT,3,0,0,0.425,11.313708,0.8067,0.853272,,1.0,0.0
0.5,16384,1,license_plate_bahnschrift.ttf,VJNKYFDZICRAQLPMWHGESOUXBT,3,0,1,0.425,11.313708,0.8067,0.853272,,1.0,0.0
0.6,16384,1,license_plate_bahnschrift.ttf,VJNKYFDZICRAQLPMWHGESOUXBT,3,0,0,0.51,12.393547,0.770893,0.778927,,1.0,0.0
0.6,16384,1,license_plate_bahnschrift.ttf,VJNKYFDZICRAQLPMWHGESOUXBT,3,0,1,0.51,12.393547,0.770893,0.778927,,1.0,0.0
0.7,16384,1,license_plate_bahnschrift.ttf,VJNKYFDZICRAQLPMWHGESOUXBT,3,0,0,0.595,13.38656,0.735998,0.721147,,1.0,0.0
0.7,16384,1,license_plate_bahnschrift.ttf,VJNKYFDZICRAQLPMWHGESOUXBT,3,0,1,0.595,13.38656,0.735998,0.721147,,1.0,0.0
0.8,16384,1,license_plate_bahnschrift.ttf,VJNKYFDZICRAQLPMWHGESOUXBT,3,0,0,0.68,14.310835,0.701998,0.674571,,1.0,0.0
0.8,16384,1,license_plate_bahnschrift.ttf,VJNKYFDZICRAQLPMWHGESOUXBT,3,0,1,0.68,14.310835,0.701998,0.674571,,1.0,0.0
0.9,16384,1,license_plate_bahnschrift.ttf,VJNKYFDZICRAQLPMWHGESOUXBT,3,0,0,0.765,15.178933,0.668877,0.635992,,1.0,0.0
0.9,16384,1,license_plate_bahnschrift.ttf,VJNKYFDZICRAQLPMWHGESOUXBT,3,0,1,0.765,15.178933,0.668877,0.635992,,1.0,0.0
1.0,16384,1,license_plate_bahnschrift.ttf,VJNKYFDZICRAQLPMWHGESOUXBT,3,0,0,0.85,16.0,0.63662,0.603355,,1.0,0.0
1.0,16384,1,license_plate_bahnschrift.ttf,VJNKYFDZICRAQLPMWHGESOUXBT,3,0,1,0.85,16.0,0.63662,0.603355,,1.0,0.0
0.1,16384,1,license_plate_bahnschrift.ttf,VJNKYFDZICRAQLPMWHGESOUXBT,3,3,0,0.085,5.059644,0.959381,1.907975,SE,0.961538,0.038462
0.1,16384,1,license_plate_bahnschrift.ttf,VJNKYFDZICRAQLPMWHGESOUXBT,3,3,1,0.085,5.059644,0.959381,1.907975,,1.0,0.0
0.2,16384,1,license_plate_bahnschrift.ttf,VJNKYFDZICRAQLPMWHGESOUXBT,3,3,0,0.17,7.155418,0.919759,1.349142,,1.0,0.0
0.2,16384,1,license_plate_bahnschrift.ttf,VJNKYFDZICRAQLPMWHGESOUXBT,3,3,1,0.17,7.155418,0.919759,1.349142,,1.0,0.0
0.3,16384,1,license_plate_bahnschrift.ttf,VJNKYFDZICRAQLPMWHGESOUXBT,3,3,0,0.255,8.763561,0.881116,1.10157,,1.0,0.0
0.3,16384,1,license_plate_bahnschrift.ttf,VJNKYFDZICRAQLPMWHGESOUXBT,3,3,1,0.255,8.763561,0.881116,1.10157,,1.0,0.0
0.4,16384,1,license_plate_bahnschrift.ttf,VJNKYFDZICRAQLPMWHGESOUXBT,3,3,0,0.34,10.119289,0.843436,0.953987,,1.0,0.0
0.4,16384,1,license_plate_bahnschrift.ttf,VJNKYFDZICRAQLPMWHGESOUXBT,3,3,1,0.34,10.119289,0.843436,0.953987,,1.0,0.0
0.5,16384,1,license_plate_bahnschrift.ttf,VJNKYFDZICRAQLPMWHGESOUXBT,3,3,0,0.425,11.313708,0.8067,0.853272,,1.0,0.0
0.5,16384,1,license_plate_bahnschrift.ttf,VJNKYFDZICRAQLPMWHGESOUXBT,3,3,1,0.425,11.313708,0.8067,0.853272,,1.0,0.0
0.6,16384,1,license_plate_bahnschrift.ttf,VJNKYFDZICRAQLPMWHGESOUXBT,3,3,0,0.51,12.393547,0.770893,0.778927,,1.0,0.0
0.6,16384,1,license_plate_bahnschrift.ttf,VJNKYFDZICRAQLPMWHGESOUXBT,3,3,1,0.51,12.393547,0.770893,0.778927,,1.0,0.0
0.7,16384,1,license_plate_bahnschrift.ttf,VJNKYFDZICRAQLPMWHGESOUXBT,3,3,0,0.595,13.38656,0.735998,0.721147,,1.0,0.0
0.7,16384,1,license_plate_bahnschrift.ttf,VJNKYFDZICRAQLPMWHGESOUXBT,3,3,1,0.595,13.38656,0.735998,0.721147,,1.0,0.0
0.8,16384,1,license_plate_bahnschrift.ttf,VJNKYFDZICRAQLPMWHGESOUXBT,3,3,0,0.68,14.310835,0.701998,0.674571,,1.0,0.0
0.8,16384,1,license_plate_bahnschrift.ttf,VJNKYFDZICRAQLPMWHGESOUXBT,3,3,1,0.68,14.310835,0.701998,0.674571,,1.0,0.0
0.9,16384,1,license_plate_bahnschrift.ttf,VJNKYFDZICRAQLPMWHGESOUXBT,3,3,0,0.765,15.178933,0.668877,0.635992,,1.0,0.0
0.9,16384,1,license_plate_bahnschrift.ttf,VJNKYFDZICRAQLPMWHGESOUXBT,3,3,1,0.765,15.178933,0.668877,0.635992,,1.0,0.0
1.0,16384,1,license_plate_bahnschrift.ttf,VJNKYFDZICRAQLPMWHGESOUXBT,3,3,0,0.85,16.0,0.63662,0.603355,,1.0,0.0
1.0,16384,1,license_plate_bahnschrift.ttf,VJNKYFDZICRAQLPMWHGESOUXBT,3,3,1,0.85,16.0,0.63662,0.603355,,1.0,0.0
0.1,16384,1,license_plate_bahnschrift.ttf,VJNKYFDZICRAQLPMWHGESOUXBT,3,7,0,0.085,5.059644,0.959381,1.907975,,1.0,0.0
0.1,16384,1,license_plate_bahnschrift.ttf,VJNKYFDZICRAQLPMWHGESOUXBT,3,7,1,0.085,5.059644,0.959381,1.907975,,1.0,0.0
0.2,16384,1,license_plate_bahnschrift.ttf,VJNKYFDZICRAQLPMWHGESOUXBT,3,7,0,0.17,7.155418,0.919759,1.349142,,1.0,0.0
0.2,16384,1,license_plate_bahnschrift.ttf,VJNKYFDZICRAQLPMWHGESOUXBT,3,7,1,0.17,7.155418,0.919759,1.349142,,1.0,0.0
0.3,16384,1,license_plate_bahnschrift.ttf,VJNKYFDZICRAQLPMWHGESOUXBT,3,7,0,0.255,8.763561,0.881116,1.10157,,1.0,0.0
0.3,16384,1,license_plate_bahnschrift.ttf,VJNKYFDZICRAQLPMWHGESOUXBT,3,7,1,0.255,8.763561,0.881116,1.10157,,1.0,0.0
0.4,16384,1,license_plate_bahnschrift.ttf,VJNKYFDZICRAQLPMWHGESOUXBT,3,7,0,0.34,10.119289,0.843436,0.953987,,1.0,0.0
0.4,16384,1,license_plate_bahnschrift.ttf,VJNKYFDZICRAQLPMWHGESOUXBT,3,7,1,0.34,10.119289,0.843436,0.953987,,1.0,0.0
0.5,16384,1,license_plate_bahnschrift.ttf,VJNKYFDZICRAQLPMWHGESOUXBT,3,7,0,0.425,11.313708,0.8067,0.853272,,1.0,0.0
0.5,16384,1,license_plate_bahnschrift.ttf,VJNKYFDZICRAQLPMWHGESOUXBT,3,7,1,0.425,11.313708,0.8067,0.853272,,1.0,0.0
0.6,16384,1,license_plate_bahnschrift.ttf,VJNKYFDZICRAQLPMWHGESOUXBT,3,7,0,0.51,12.393547,0.770893,0.778927,,1.0,0.0
0.6,16384,1,license_plate_bahnschrift.ttf,VJNKYFDZICRAQLPMWHGESOUXBT,3,7,1,0.51,12.393547,0.770893,0.778927,,1.0,0.0
0.7,16384,1,license_plate_bahnschrift.ttf,VJNKYFDZICRAQLPMWHGESOUXBT,3,7,0,0.595,13.38656,0.735998,0.721147,,1.0,0.0
0.7,16384,1,license_plate_bahnschrift.ttf,VJNKYFDZICRAQLPMWHGESOUXBT,3,7,1,0.595,13.38656,0.735998,0.721147,,1.0,0.0
0.8,16384,1,license_plate_bahnschrift.ttf,VJNKYFDZICRAQLPMWHGESOUXBT,3,7,0,0.68,14.310835,0.701998,0.674571,,1.0,0.0
0.8,16384,1,license_plate_bahnschrift.ttf,VJNKYFDZICRAQLPMWHGESOUXBT,3,7,1,0.68,14.310835,0.701998,0.674571,,1.0,0.0
0.9,16384,1,license_plate_bahnschrift.ttf,VJNKYFDZICRAQLPMWHGESOUXBT,3,7,0,0.765,15.178933,0.668877,0.635992,,1.0,0.0
0.9,16384,1,license_plate_bahnschrift.ttf,VJNKYFDZICRAQLPMWHGESOUXBT,3,7,1,0.765,15.178933,0.668877,0.635992,,1.0,0.0
1.0,16384,1,license_plate_bahnschrift.ttf,VJNKYFDZICRAQLPMWHGESOUXBT,3,7,0,0.85,16.0,0.63662,0.603355,,1.0,0.0
1.0,16384,1,license_plate_bahnschrift.ttf,VJNKYFDZICRAQLPMWHGESOUXBT,3,7,1,0.85,16.0,0.63662,0.603355,,1.0,0.0
0.1,16384,1,license_plate_bahnschrift.ttf,VJNKYFDZICRAQLPMWHGESOUXBT,3,11,0,0.085,5.059644,0.959381,1.907975,,1.0,0.0
0.1,16384,1,license_plate_bahnschrift.ttf,VJNKYFDZICRAQLPMWHGESOUXBT,3,11,1,0.085,5.059644,0.959381,1.907975,,1.0,0.0
0.2,16384,1,license_plate_bahnschrift.ttf,VJNKYFDZICRAQLPMWHGESOUXBT,3,11,0,0.17,7.155418,0.919759,1.349142,,1.0,0.0
0.2,16384,1,license_plate_bahnschrift.ttf,VJNKYFDZICRAQLPMWHGESOUXBT,3,11,1,0.17,7.155418,0.919759,1.349142,,1.0,0.0
0.3,16384,1,license_plate_bahnschrift.ttf,VJNKYFDZICRAQLPMWHGESOUXBT,3,11,0,0.255,8.763561,0.881116,1.10157,,1.0,0.0
0.3,16384,1,license_plate_bahnschrift.ttf,VJNKYFDZICRAQLPMWHGESOUXBT,3,11,1,0.255,8.763561,0.881116,1.10157,,1.0,0.0
0.4,16384,1,license_plate_bahnschrift.ttf,VJNKYFDZICRAQLPMWHGESOUXBT,3,11,0,0.34,10.119289,0.843436,0.953987,,1.0,0.0
0.4,16384,1,license_plate_bahnschrift.ttf,VJNKYFDZICRAQLPMWHGESOUXBT,3,11,1,0.34,10.119289,0.843436,0.953987,,1.0,0.0
0.5,16384,1,license_plate_bahnschrift.ttf,VJNKYFDZICRAQLPMWHGESOUXBT,3,11,0,0.425,11.313708,0.8067,0.853272,,1.0,0.0
0.5,16384,1,license_plate_bahnschrift.ttf,VJNKYFDZICRAQLPMWHGESOUXBT,3,11,1,0.425,11.313708,0.8067,0.853272,,1.0,0.0
0.6,16384,1,license_plate_bahnschrift.ttf,VJNKYFDZICRAQLPMWHGESOUXBT,3,11,0,0.51,12.393547,0.770893,0.778927,,1.0,0.0
0.6,16384,1,license_plate_bahnschrift.ttf,VJNKYFDZICRAQLPMWHGESOUXBT,3,11,1,0.51,12.393547,0.770893,0.778927,,1.0,0.0
0.7,16384,1,license_plate_bahnschrift.ttf,VJNKYFDZICRAQLPMWHGESOUXBT,3,11,0,0.595,13.38656,0.735998,0.721147,,1.0,0.0
0.7,16384,1,license_plate_bahnschrift.ttf,VJNKYFDZICRAQLPMWHGESOUXBT,3,11,1,0.595,13.38656,0.735998,0.721147,,1.0,0.0
0.8,16384,1,license_plate_bahnschrift.ttf,VJNKYFDZICRAQLPMWHGESOUXBT,3,11,0,0.68,14.310835,0.701998,0.674571,,1.0,0.0
0.8,16384,1,license_plate_bahnschrift.ttf,VJNKYFDZICRAQLPMWHGESOUXBT,3,11,1,0.68,14.310835,0.701998,0.674571,,1.0,0.0
0.9,16384,1,license_plate_bahnschrift.ttf,VJNKYFDZICRAQLPMWHGESOUXBT,3,11,0,0.765,15.178933,0.668877,0.635992,,1.0,0.0
0.9,16384,1,license_plate_bahnschrift.ttf,VJNKYFDZICRAQLPMWHGESOUXBT,3,11,1,0.765,15.178933,0.668877,0.635992,,1.0,0.0
1.0,16384,1,license_plate_bahnschrift.ttf,VJNKYFDZICRAQLPMWHGESOUXBT,3,11,0,0.85,16.0,0.63662,0.603355,,1.0,0.0
1.0,16384,1,license_plate_bahnschrift.ttf,VJNKYFDZICRAQLPMWHGESOUXBT,3,11,1,0.85,16.0,0.63662,0.603355,,1.0,0.0
0.1,16384,1,license_plate_bahnschrift.ttf,VJNKYFDZICRAQLPMWHGESOUXBT,3,15,0,0.085,5.059644,0.959381,1.907975,,1.0,0.0
0.1,16384,1,license_plate_bahnschrift.ttf,VJNKYFDZICRAQLPMWHGESOUXBT,3,15,1,0.085,5.059644,0.959381,1.907975,,1.0,0.0
0.2,16384,1,license_plate_bahnschrift.ttf,VJNKYFDZICRAQLPMWHGESOUXBT,3,15,0,0.17,7.155418,0.919759,1.349142,,1.0,0.0
0.2,16384,1,license_plate_bahnschrift.ttf,VJNKYFDZICRAQLPMWHGESOUXBT,3,15,1,0.17,7.155418,0.919759,1.349142,,1.0,0.0
0.3,16384,1,license_plate_bahnschrift.ttf,VJNKYFDZICRAQLPMWHGESOUXBT,3,15,0,0.255,8.763561,0.881116,1.10157,,1.0,0.0
0.3,16384,1,license_plate_bahnschrift.ttf,VJNKYFDZICRAQLPMWHGESOUXBT,3,15,1,0.255,8.763561,0.881116,1.10157,,1.0,0.0
0.4,16384,1,license_plate_bahnschrift.ttf,VJNKYFDZICRAQLPMWHGESOUXBT,3,15,0,0.34,10.119289,0.843436,0.953987,,1.0,0.0
0.4,16384,1,license_plate_bahnschrift.ttf,VJNKYFDZICRAQLPMWHGESOUXBT,3,15,1,0.34,10.119289,0.843436,0.953987,,1.0,0.0
0.5,16384,1,license_plate_bahnschrift.ttf,VJNKYFDZICRAQLPMWHGESOUXBT,3,15,0,0.425,11.313708,0.8067,0.853272,,1.0,0.0
0.5,16384,1,license_plate_bahnschrift.ttf,VJNKYFDZICRAQLPMWHGESOUXBT,3,15,1,0.425,11.313708,0.8067,0.853272,,1.0,0.0
0.6,16384,1,license_plate_bahnschrift.ttf,VJNKYFDZICRAQLPMWHGESOUXBT,3,15,0,0.51,12.393547,0.770893,0.778927,,1.0,0.0
0.6,16384,1,license_plate_bahnschrift.ttf,VJNKYFDZICRAQLPMWHGESOUXBT,3,15,1,0.51,12.393547,0.770893,0.778927,,1.0,0.0
0.7,16384,1,license_plate_bahnschrift.ttf,VJNKYFDZICRAQLPMWHGESOUXBT,3,15,0,0.595,13.38656,0.735998,0.721147,,1.0,0.0
0.7,16384,1,license_plate_bahnschrift.ttf,VJNKYFDZICRAQLPMWHGESOUXBT,3,15,1,0.595,13.38656,0.735998,0.721147,,1.0,0.0
0.8,16384,1,license_plate_bahnschrift.ttf,VJNKYFDZICRAQLPMWHGESOUXBT,3,15,0,0.68,14.310835,0.701998,0.674571,,1.0,0.0
0.8,16384,1,license_plate_bahnschrift.ttf,VJNKYFDZICRAQLPMWHGESOUXBT,3,15,1,0.68,14.310835,0.701998,0.674571,,1.0,0.0
0.9,16384,1,license_plate_bahnschrift.ttf,VJNKYFDZICRAQLPMWHGESOUXBT,3,15,0,0.765,15.178933,0.668877,0.635992,,1.0,0.0
0.9,16384,1,license_plate_bahnschrift.ttf,VJNKYFDZICRAQLPMWHGESOUXBT,3,15,1,0.765,15.178933,0.668877,0.635992,,1.0,0.0
1.0,16384,1,license_plate_bahnschrift.ttf,VJNKYFDZICRAQLPMWHGESOUXBT,3,15,0,0.85,16.0,0.63662,0.603355,,1.0,0.0
1.0,16384,1,license_plate_bahnschrift.ttf,VJNKYFDZICRAQLPMWHGESOUXBT,3,15,1,0.85,16.0,0.63662,0.603355,,1.0,0.0
0.1,16384,1,license_plate_bahnschrift.ttf,VJNKYFDZICRAQLPMWHGESOUXBT,7,0,0,0.085,5.059644,0.959381,1.907975,,1.0,0.0
0.1,16384,1,license_plate_bahnschrift.ttf,VJNKYFDZICRAQLPMWHGESOUXBT,7,0,1,0.085,5.059644,0.959381,1.907975,,1.0,0.0
0.2,16384,1,license_plate_bahnschrift.ttf,VJNKYFDZICRAQLPMWHGESOUXBT,7,0,0,0.17,7.155418,0.919759,1.349142,,1.0,0.0
0.2,16384,1,license_plate_bahnschrift.ttf,VJNKYFDZICRAQLPMWHGESOUXBT,7,0,1,0.17,7.155418,0.919759,1.349142,,1.0,0.0
0.3,16384,1,license_plate_bahnschrift.ttf,VJNKYFDZICRAQLPMWHGESOUXBT,7,0,0,0.255,8.763561,0.881116,1.10157,,1.0,0.0
0.3,16384,1,license_plate_bahnschrift.ttf,VJNKYFDZICRAQLPMWHGESOUXBT,7,0,1,0.255,8.763561,0.881116,1.10157,,1.0,0.0
0.4,16384,1,license_plate_bahnschrift.ttf,VJNKYFDZICRAQLPMWHGESOUXBT,7,0,0,0.34,10.119289,0.843436,0.953987,,1.0,0.0
0.4,16384,1,license_plate_bahnschrift.ttf,VJNKYFDZICRAQLPMWHGESOUXBT,7,0,1,0.34,10.119289,0.843436,0.953987,,1.0,0.0
0.5,16384,1,license_plate_bahnschrift.ttf,VJNKYFDZICRAQLPMWHGESOUXBT,7,0,0,0.425,11.313708,0.8067,0.853272,,1.0,0.0
0.5,16384,1,license_plate_bahnschrift.ttf,VJNKYFDZICRAQLPMWHGESOUXBT,7,0,1,0.425,11.313708,0.8067,0.853272,,1.0,0.0
0.6,16384,1,license_plate_bahnschrift.ttf,VJNKYFDZICRAQLPMWHGESOUXBT,7,0,0,0.51,12.393547,0.770893,0.778927,,1.0,0.0
0.6,16384,1,license_plate_bahnschrift.ttf,VJNKYFDZICRAQLPMWHGESOUXBT,7,0,1,0.51,12.393547,0.770893,0.778927,,1.0,0.0
0.7,16384,1,license_plate_bahnschrift.ttf,VJNKYFDZICRAQLPMWHGESOUXBT,7,0,0,0.595,13.38656,0.735998,0.721147,,1.0,0.0
0.7,16384,1,license_plate_bahnschrift.ttf,VJNKYFDZICRAQLPMWHGESOUXBT,7,0,1,0.595,13.38656,0.735998,0.721147,,1.0,0.0
0.8,16384,1,license_plate_bahnschrift.ttf,VJNKYFDZICRAQLPMWHGESOUXBT,7,0,0,0.68,14.310835,0.701998,0.674571,,1.0,0.0
0.8,16384,1,license_plate_bahnschrift.ttf,VJNKYFDZICRAQLPMWHGESOUXBT,7,0,1,0.68,14.310835,0.701998,0.674571,,1.0,0.0
0.9,16384,1,license_plate_bahnschrift.ttf,VJNKYFDZICRAQLPMWHGESOUXBT,7,0,0,0.765,15.178933,0.668877,0.635992,,1.0,0.0
0.9,16384,1,license_plate_bahnschrift.ttf,VJNKYFDZICRAQLPMWHGESOUXBT,7,0,1,0.765,15.178933,0.668877,0.635992,,1.0,0.0
1.0,16384,1,license_plate_bahnschrift.ttf,VJNKYFDZICRAQLPMWHGESOUXBT,7,0,0,0.85,16.0,0.63662,0.603355,,1.0,0.0
1.0,16384,1,license_plate_bahnschrift.ttf,VJNKYFDZICRAQLPMWHGESOUXBT,7,0,1,0.85,16.0,0.63662,0.603355,,1.0,0.0
0.1,16384,1,license_plate_bahnschrift.ttf,VJNKYFDZICRAQLPMWHGESOUXBT,7,3,0,0.085,5.059644,0.959381,1.907975,,1.0,0.0
0.1,16384,1,license_plate_bahnschrift.ttf,VJNKYFDZICRAQLPMWHGESOUXBT,7,3,1,0.085,5.059644,0.959381,1.907975,,1.0,0.0
0.2,16384,1,license_plate_bahnschrift.ttf,VJNKYFDZICRAQLPMWHGESOUXBT,7,3,0,0.17,7.155418,0.919759,1.349142,,1.0,0.0
0.2,16384,1,license_plate_bahnschrift.ttf,VJNKYFDZICRAQLPMWHGESOUXBT,7,3,1,0.17,7.155418,0.919759,1.349142,,1.0,0.0
0.3,16384,1,license_plate_bahnschrift.ttf,VJNKYFDZICRAQLPMWHGESOUXBT,7,3,0,0.255,8.763561,0.881116,1.10157,,1.0,0.0
0.3,16384,1,license_plate_bahnschrift.ttf,VJNKYFDZICRAQLPMWHGESOUXBT,7,3,1,0.255,8.763561,0.881116,1.10157,,1.0,0.0
0.4,16384,1,license_plate_bahnschrift.ttf,VJNKYFDZICRAQLPMWHGESOUXBT,7,3,0,0.34,10.119289,0.843436,0.953987,,1.0,0.0
0.4,16384,1,license_plate_bahnschrift.ttf,VJNKYFDZICRAQLPMWHGESOUXBT,7,3,1,0.34,10.119289,0.843436,0.953987,,1.0,0.0
0.5,16384,1,license_plate_bahnschrift.ttf,VJNKYFDZICRAQLPMWHGESOUXBT,7,3,0,0.425,11.313708,0.8067,0.853272,,1.0,0.0
0.5,16384,1,license_plate_bahnschrift.ttf,VJNKYFDZICRAQLPMWHGESOUXBT,7,3,1,0.425,11.313708,0.8067,0.853272,,1.0,0.0
0.6,16384,1,license_plate_bahnschrift.ttf,VJNKYFDZICRAQLPMWHGESOUXBT,7,3,0,0.51,12.393547,0.770893,0.778927,,1.0,0.0
0.6,16384,1,license_plate_bahnschrift.ttf,VJNKYFDZICRAQLPMWHGESOUXBT,7,3,1,0.51,12.393547,0.770893,0.778927,,1.0,0.0
0.7,16384,1,license_plate_bahnschrift.ttf,VJNKYFDZICRAQLPMWHGESOUXBT,7,3,0,0.595,13.38656,0.735998,0.721147,,1.0,0.0
0.7,16384,1,license_plate_bahnschrift.ttf,VJNKYFDZICRAQLPMWHGESOUXBT,7,3,1,0.595,13.38656,0.735998,0.721147,,1.0,0.0
0.8,16384,1,license_plate_bahnschrift.ttf,VJNKYFDZICRAQLPMWHGESOUXBT,7,3,0,0.68,14.310835,0.701998,0.674571,,1.0,0.0
0.8,16384,1,license_plate_bahnschrift.ttf,VJNKYFDZICRAQLPMWHGESOUXBT,7,3,1,0.68,14.310835,0.701998,0.674571,,1.0,0.0
0.9,16384,1,license_plate_bahnschrift.ttf,VJNKYFDZICRAQLPMWHGESOUXBT,7,3,0,0.765,15.178933,0.668877,0.635992,,1.0,0.0
0.9,16384,1,license_plate_bahnschrift.ttf,VJNKYFDZICRAQLPMWHGESOUXBT,7,3,1,0.765,15.178933,0.668877,0.635992,,1.0,0.0
1.0,16384,1,license_plate_bahnschrift.ttf,VJNKYFDZICRAQLPMWHGESOUXBT,7,3,0,0.85,16.0,0.63662,0.603355,,1.0,0.0
1.0,16384,1,license_plate_bahnschrift.ttf,VJNKYFDZICRAQLPMWHGESOUXBT,7,3,1,0.85,16.0,0.63662,0.603355,,1.0,0.0
0.1,16384,1,license_plate_bahnschrift.ttf,VJNKYFDZICRAQLPMWHGESOUXBT,7,7,0,0.085,5.059644,0.959381,1.907975,,1.0,0.0
0.1,16384,1,license_plate_bahnschrift.ttf,VJNKYFDZICRAQLPMWHGESOUXBT,7,7,1,0.085,5.059644,0.959381,1.907975,,1.0,0.0
0.2,16384,1,license_plate_bahnschrift.ttf,VJNKYFDZICRAQLPMWHGESOUXBT,7,7,0,0.17,7.155418,0.919759,1.349142,,1.0,0.0
0.2,16384,1,license_plate_bahnschrift.ttf,VJNKYFDZICRAQLPMWHGESOUXBT,7,7,1,0.17,7.155418,0.919759,1.349142,,1.0,0.0
0.3,16384,1,license_plate_bahnschrift.ttf,VJNKYFDZICRAQLPMWHGESOUXBT,7,7,0,0.255,8.763561,0.881116,1.10157,,1.0,0.0
0.3,16384,1,license_plate_bahnschrift.ttf,VJNKYFDZICRAQLPMWHGESOUXBT,7,7,1,0.255,8.763561,0.881116,1.10157,,1.0,0.0
0.4,16384,1,license_plate_bahnschrift.ttf,VJNKYFDZICRAQLPMWHGESOUXBT,7,7,0,0.34,10.119289,0.843436,0.953987,,1.0,0.0
0.4,16384,1,license_plate_bahnschrift.ttf,VJNKYFDZICRAQLPMWHGESOUXBT,7,7,1,0.34,10.119289,0.843436,0.953987,,1.0,0.0
0.5,16384,1,license_plate_bahnschrift.ttf,VJNKYFDZICRAQLPMWHGESOUXBT,7,7,0,0.425,11.313708,0.8067,0.853272,,1.0,0.0
0.5,16384,1,license_plate_bahnschrift.ttf,VJNKYFDZICRAQLPMWHGESOUXBT,7,7,1,0.425,11.313708,0.8067,0.853272,,1.0,0.0
0.6,16384,1,license_plate_bahnschrift.ttf,VJNKYFDZICRAQLPMWHGESOUXBT,7,7,0,0.51,12.393547,0.770893,0.778927,,1.0,0.0
0.6,16384,1,license_plate_bahnschrift.ttf,VJNKYFDZICRAQLPMWHGESOUXBT,7,7,1,0.51,12.393547,0.770893,0.778927,,1.0,0.0
0.7,16384,1,license_plate_bahnschrift.ttf,VJNKYFDZICRAQLPMWHGESOUXBT,7,7,0,0.595,13.38656,0.735998,0.721147,,1.0,0.0
0.7,16384,1,license_plate_bahnschrift.ttf,VJNKYFDZICRAQLPMWHGESOUXBT,7,7,1,0.595,13.38656,0.735998,0.721147,,1.0,0.0
0.8,16384,1,license_plate_bahnschrift.ttf,VJNKYFDZICRAQLPMWHGESOUXBT,7,7,0,0.68,14.310835,0.701998,0.674571,,1.0,0.0
0.8,16384,1,license_plate_bahnschrift.ttf,VJNKYFDZICRAQLPMWHGESOUXBT,7,7,1,0.68,14.310835,0.701998,0.674571,,1.0,0.0
0.9,16384,1,license_plate_bahnschrift.ttf,VJNKYFDZICRAQLPMWHGESOUXBT,7,7,0,0.765,15.178933,0.668877,0.635992,,1.0,0.0
0.9,16384,1,license_plate_bahnschrift.ttf,VJNKYFDZICRAQLPMWHGESOUXBT,7,7,1,0.765,15.178933,0.668877,0.635992,,1.0,0.0
1.0,16384,1,license_plate_bahnschrift.ttf,VJNKYFDZICRAQLPMWHGESOUXBT,7,7,0,0.85,16.0,0.63662,0.603355,,1.0,0.0
1.0,16384,1,license_plate_bahnschrift.ttf,VJNKYFDZICRAQLPMWHGESOUXBT,7,7,1,0.85,16.0,0.63662,0.603355,,1.0,0.0
0.1,16384,1,license_plate_bahnschrift.ttf,VJNKYFDZICRAQLPMWHGESOUXBT,7,11,0,0.085,5.059644,0.959381,1.907975,,1.0,0.0
0.1,16384,1,license_plate_bahnschrift.ttf,VJNKYFDZICRAQLPMWHGESOUXBT,7,11,1,0.085,5.059644,0.959381,1.907975,,1.0,0.0
0.2,16384,1,license_plate_bahnschrift.ttf,VJNKYFDZICRAQLPMWHGESOUXBT,7,11,0,0.17,7.155418,0.919759,1.349142,,1.0,0.0
0.2,16384,1,license_plate_bahnschrift.ttf,VJNKYFDZICRAQLPMWHGESOUXBT,7,11,1,0.17,7.155418,0.919759,1.349142,,1.0,0.0
0.3,16384,1,license_plate_bahnschrift.ttf,VJNKYFDZICRAQLPMWHGESOUXBT,7,11,0,0.255,8.763561,0.881116,1.10157,S,0.961538,0.038462
0.3,16384,1,license_plate_bahnschrift.ttf,VJNKYFDZICRAQLPMWHGESOUXBT,7,11,1,0.255,8.763561,0.881116,1.10157,,1.0,0.0
0.4,16384,1,license_plate_bahnschrift.ttf,VJNKYFDZICRAQLPMWHGESOUXBT,7,11,0,0.34,10.119289,0.843436,0.953987,,1.0,0.0
0.4,16384,1,license_plate_bahnschrift.ttf,VJNKYFDZICRAQLPMWHGESOUXBT,7,11,1,0.34,10.119289,0.843436,0.953987,,1.0,0.0
0.5,16384,1,license_plate_bahnschrift.ttf,VJNKYFDZICRAQLPMWHGESOUXBT,7,11,0,0.425,11.313708,0.8067,0.853272,,1.0,0.0
0.5,16384,1,license_plate_bahnschrift.ttf,VJNKYFDZICRAQLPMWHGESOUXBT,7,11,1,0.425,11.313708,0.8067,0.853272,,1.0,0.0
0.6,16384,1,license_plate_bahnschrift.ttf,VJNKYFDZICRAQLPMWHGESOUXBT,7,11,0,0.51,12.393547,0.770893,0.778927,,1.0,0.0
0.6,16384,1,license_plate_bahnschrift.ttf,VJNKYFDZICRAQLPMWHGESOUXBT,7,11,1,0.51,12.393547,0.770893,0.778927,,1.0,0.0
0.7,16384,1,license_plate_bahnschrift.ttf,VJNKYFDZICRAQLPMWHGESOUXBT,7,11,0,0.595,13.38656,0.735998,0.721147,,1.0,0.0
0.7,16384,1,license_plate_bahnschrift.ttf,VJNKYFDZICRAQLPMWHGESOUXBT,7,11,1,0.595,13.38656,0.735998,0.721147,,1.0,0.0
0.8,16384,1,license_plate_bahnschrift.ttf,VJNKYFDZICRAQLPMWHGESOUXBT,7,11,0,0.68,14.310835,0.701998,0.674571,,1.0,0.0
0.8,16384,1,license_plate_bahnschrift.ttf,VJNKYFDZICRAQLPMWHGESOUXBT,7,11,1,0.68,14.310835,0.701998,0.674571,,1.0,0.0
0.9,16384,1,license_plate_bahnschrift.ttf,VJNKYFDZICRAQLPMWHGESOUXBT,7,11,0,0.765,15.178933,0.668877,0.635992,,1.0,0.0
0.9,16384,1,license_plate_bahnschrift.ttf,VJNKYFDZICRAQLPMWHGESOUXBT,7,11,1,0.765,15.178933,0.668877,0.635992,,1.0,0.0
1.0,16384,1,license_plate_bahnschrift.ttf,VJNKYFDZICRAQLPMWHGESOUXBT,7,11,0,0.85,16.0,0.63662,0.603355,,1.0,0.0
1.0,16384,1,license_plate_bahnschrift.ttf,VJNKYFDZICRAQLPMWHGESOUXBT,7,11,1,0.85,16.0,0.63662,0.603355,,1.0,0.0
0.1,16384,1,license_plate_bahnschrift.ttf,VJNKYFDZICRAQLPMWHGESOUXBT,7,15,0,0.085,5.059644,0.959381,1.907975,,1.0,0.0
0.1,16384,1,license_plate_bahnschrift.ttf,VJNKYFDZICRAQLPMWHGESOUXBT,7,15,1,0.085,5.059644,0.959381,1.907975,,1.0,0.0
0.2,16384,1,license_plate_bahnschrift.ttf,VJNKYFDZICRAQLPMWHGESOUXBT,7,15,0,0.17,7.155418,0.919759,1.349142,,1.0,0.0
0.2,16384,1,license_plate_bahnschrift.ttf,VJNKYFDZICRAQLPMWHGESOUXBT,7,15,1,0.17,7.155418,0.919759,1.349142,,1.0,0.0
0.3,16384,1,license_plate_bahnschrift.ttf,VJNKYFDZICRAQLPMWHGESOUXBT,7,15,0,0.255,8.763561,0.881116,1.10157,,1.0,0.0
0.3,16384,1,license_plate_bahnschrift.ttf,VJNKYFDZICRAQLPMWHGESOUXBT,7,15,1,0.255,8.763561,0.881116,1.10157,,1.0,0.0
0.4,16384,1,license_plate_bahnschrift.ttf,VJNKYFDZICRAQLPMWHGESOUXBT,7,15,0,0.34,10.119289,0.843436,0.953987,,1.0,0.0
0.4,16384,1,license_plate_bahnschrift.ttf,VJNKYFDZICRAQLPMWHGESOUXBT,7,15,1,0.34,10.119289,0.843436,0.953987,,1.0,0.0
0.5,16384,1,license_plate_bahnschrift.ttf,VJNKYFDZICRAQLPMWHGESOUXBT,7,15,0,0.425,11.313708,0.8067,0.853272,,1.0,0.0
0.5,16384,1,license_plate_bahnschrift.ttf,VJNKYFDZICRAQLPMWHGESOUXBT,7,15,1,0.425,11.313708,0.8067,0.853272,,1.0,0.0
0.6,16384,1,license_plate_bahnschrift.ttf,VJNKYFDZICRAQLPMWHGESOUXBT,7,15,0,0.51,12.393547,0.770893,0.778927,,1.0,0.0
0.6,16384,1,license_plate_bahnschrift.ttf,VJNKYFDZICRAQLPMWHGESOUXBT,7,15,1,0.51,12.393547,0.770893,0.778927,,1.0,0.0
0.7,16384,1,license_plate_bahnschrift.ttf,VJNKYFDZICRAQLPMWHGESOUXBT,7,15,0,0.595,13.38656,0.735998,0.721147,,1.0,0.0
0.7,16384,1,license_plate_bahnschrift.ttf,VJNKYFDZICRAQLPMWHGESOUXBT,7,15,1,0.595,13.38656,0.735998,0.721147,,1.0,0.0
0.8,16384,1,license_plate_bahnschrift.ttf,VJNKYFDZICRAQLPMWHGESOUXBT,7,15,0,0.68,14.310835,0.701998,0.674571,,1.0,0.0
0.8,16384,1,license_plate_bahnschrift.ttf,VJNKYFDZICRAQLPMWHGESOUXBT,7,15,1,0.68,14.310835,0.701998,0.674571,,1.0,0.0
0.9,16384,1,license_plate_bahnschrift.ttf,VJNKYFDZICRAQLPMWHGESOUXBT,7,15,0,0.765,15.178933,0.668877,0.635992,,1.0,0.0
0.9,16384,1,license_plate_bahnschrift.ttf,VJNKYFDZICRAQLPMWHGESOUXBT,7,15,1,0.765,15.178933,0.668877,0.635992,,1.0,0.0
1.0,16384,1,license_plate_bahnschrift.ttf,VJNKYFDZICRAQLPMWHGESOUXBT,7,15,0,0.85,16.0,0.63662,0.603355,,1.0,0.0
1.0,16384,1,license_plate_bahnschrift.ttf,VJNKYFDZICRAQLPMWHGESOUXBT,7,15,1,0.85,16.0,0.63662,0.603355,,1.0,0.0
0.1,16384,1,license_plate_bahnschrift.ttf,VJNKYFDZICRAQLPMWHGESOUXBT,11,0,0,0.085,5.059644,0.959381,1.907975,,1.0,0.0
0.1,16384,1,license_plate_bahnschrift.ttf,VJNKYFDZICRAQLPMWHGESOUXBT,11,0,1,0.085,5.059644,0.959381,1.907975,,1.0,0.0
0.2,16384,1,license_plate_bahnschrift.ttf,VJNKYFDZICRAQLPMWHGESOUXBT,11,0,0,0.17,7.155418,0.919759,1.349142,,1.0,0.0
0.2,16384,1,license_plate_bahnschrift.ttf,VJNKYFDZICRAQLPMWHGESOUXBT,11,0,1,0.17,7.155418,0.919759,1.349142,,1.0,0.0
0.3,16384,1,license_plate_bahnschrift.ttf,VJNKYFDZICRAQLPMWHGESOUXBT,11,0,0,0.255,8.763561,0.881116,1.10157,,1.0,0.0
0.3,16384,1,license_plate_bahnschrift.ttf,VJNKYFDZICRAQLPMWHGESOUXBT,11,0,1,0.255,8.763561,0.881116,1.10157,,1.0,0.0
0.4,16384,1,license_plate_bahnschrift.ttf,VJNKYFDZICRAQLPMWHGESOUXBT,11,0,0,0.34,10.119289,0.843436,0.953987,,1.0,0.0
0.4,16384,1,license_plate_bahnschrift.ttf,VJNKYFDZICRAQLPMWHGESOUXBT,11,0,1,0.34,10.119289,0.843436,0.953987,,1.0,0.0
0.5,16384,1,license_plate_bahnschrift.ttf,VJNKYFDZICRAQLPMWHGESOUXBT,11,0,0,0.425,11.313708,0.8067,0.853272,,1.0,0.0
0.5,16384,1,license_plate_bahnschrift.ttf,VJNKYFDZICRAQLPMWHGESOUXBT,11,0,1,0.425,11.313708,0.8067,0.853272,,1.0,0.0
0.6,16384,1,license_plate_bahnschrift.ttf,VJNKYFDZICRAQLPMWHGESOUXBT,11,0,0,0.51,12.393547,0.770893,0.778927,,1.0,0.0
0.6,16384,1,license_plate_bahnschrift.ttf,VJNKYFDZICRAQLPMWHGESOUXBT,11,0,1,0.51,12.393547,0.770893,0.778927,,1.0,0.0
0.7,16384,1,license_plate_bahnschrift.ttf,VJNKYFDZICRAQLPMWHGESOUXBT,11,0,0,0.595,13.38656,0.735998,0.721147,,1.0,0.0
0.7,16384,1,license_plate_bahnschrift.ttf,VJNKYFDZICRAQLPMWHGESOUXBT,11,0,1,0.595,13.38656,0.735998,0.721147,,1.0,0.0
0.8,16384,1,license_plate_bahnschrift.ttf,VJNKYFDZICRAQLPMWHGESOUXBT,11,0,0,0.68,14.310835,0.701998,0.674571,,1.0,0.0
0.8,16384,1,license_plate_bahnschrift.ttf,VJNKYFDZICRAQLPMWHGESOUXBT,11,0,1,0.68,14.310835,0.701998,0.674571,,1.0,0.0
0.9,16384,1,license_plate_bahnschrift.ttf,VJNKYFDZICRAQLPMWHGESOUXBT,11,0,0,0.765,15.178933,0.668877,0.635992,,1.0,0.0
0.9,16384,1,license_plate_bahnschrift.ttf,VJNKYFDZICRAQLPMWHGESOUXBT,11,0,1,0.765,15.178933,0.668877,0.635992,,1.0,0.0
1.0,16384,1,license_plate_bahnschrift.ttf,VJNKYFDZICRAQLPMWHGESOUXBT,11,0,0,0.85,16.0,0.63662,0.603355,,1.0,0.0
1.0,16384,1,license_plate_bahnschrift.ttf,VJNKYFDZICRAQLPMWHGESOUXBT,11,0,1,0.85,16.0,0.63662,0.603355,,1.0,0.0
0.1,16384,1,license_plate_bahnschrift.ttf,VJNKYFDZICRAQLPMWHGESOUXBT,11,3,0,0.085,5.059644,0.959381,1.907975,,1.0,0.0
0.1,16384,1,license_plate_bahnschrift.ttf,VJNKYFDZICRAQLPMWHGESOUXBT,11,3,1,0.085,5.059644,0.959381,1.907975,,1.0,0.0
0.2,16384,1,license_plate_bahnschrift.ttf,VJNKYFDZICRAQLPMWHGESOUXBT,11,3,0,0.17,7.155418,0.919759,1.349142,,1.0,0.0
0.2,16384,1,license_plate_bahnschrift.ttf,VJNKYFDZICRAQLPMWHGESOUXBT,11,3,1,0.17,7.155418,0.919759,1.349142,,1.0,0.0
0.3,16384,1,license_plate_bahnschrift.ttf,VJNKYFDZICRAQLPMWHGESOUXBT,11,3,0,0.255,8.763561,0.881116,1.10157,,1.0,0.0
0.3,16384,1,license_plate_bahnschrift.ttf,VJNKYFDZICRAQLPMWHGESOUXBT,11,3,1,0.255,8.763561,0.881116,1.10157,,1.0,0.0
0.4,16384,1,license_plate_bahnschrift.ttf,VJNKYFDZICRAQLPMWHGESOUXBT,11,3,0,0.34,10.119289,0.843436,0.953987,,1.0,0.0
0.4,16384,1,license_plate_bahnschrift.ttf,VJNKYFDZICRAQLPMWHGESOUXBT,11,3,1,0.34,10.119289,0.843436,0.953987,,1.0,0.0
0.5,16384,1,license_plate_bahnschrift.ttf,VJNKYFDZICRAQLPMWHGESOUXBT,11,3,0,0.425,11.313708,0.8067,0.853272,,1.0,0.0
0.5,16384,1,license_plate_bahnschrift.ttf,VJNKYFDZICRAQLPMWHGESOUXBT,11,3,1,0.425,11.313708,0.8067,0.853272,,1.0,0.0
0.6,16384,1,license_plate_bahnschrift.ttf,VJNKYFDZICRAQLPMWHGESOUXBT,11,3,0,0.51,12.393547,0.770893,0.778927,,1.0,0.0
0.6,16384,1,license_plate_bahnschrift.ttf,VJNKYFDZICRAQLPMWHGESOUXBT,11,3,1,0.51,12.393547,0.770893,0.778927,,1.0,0.0
0.7,16384,1,license_plate_bahnschrift.ttf,VJNKYFDZICRAQLPMWHGESOUXBT,11,3,0,0.595,13.38656,0.735998,0.721147,,1.0,0.0
0.7,16384,1,license_plate_bahnschrift.ttf,VJNKYFDZICRAQLPMWHGESOUXBT,11,3,1,0.595,13.38656,0.735998,0.721147,,1.0,0.0
0.8,16384,1,license_plate_bahnschrift.ttf,VJNKYFDZICRAQLPMWHGESOUXBT,11,3,0,0.68,14.310835,0.701998,0.674571,,1.0,0.0
0.8,16384,1,license_plate_bahnschrift.ttf,VJNKYFDZICRAQLPMWHGESOUXBT,11,3,1,0.68,14.310835,0.701998,0.674571,,1.0,0.0
0.9,16384,1,license_plate_bahnschrift.ttf,VJNKYFDZICRAQLPMWHGESOUXBT,11,3,0,0.765,15.178933,0.668877,0.635992,,1.0,0.0
0.9,16384,1,license_plate_bahnschrift.ttf,VJNKYFDZICRAQLPMWHGESOUXBT,11,3,1,0.765,15.178933,0.668877,0.635992,,1.0,0.0
1.0,16384,1,license_plate_bahnschrift.ttf,VJNKYFDZICRAQLPMWHGESOUXBT,11,3,0,0.85,16.0,0.63662,0.603355,,1.0,0.0
1.0,16384,1,license_plate_bahnschrift.ttf,VJNKYFDZICRAQLPMWHGESOUXBT,11,3,1,0.85,16.0,0.63662,0.603355,,1.0,0.0
0.1,16384,1,license_plate_bahnschrift.ttf,VJNKYFDZICRAQLPMWHGESOUXBT,11,7,0,0.085,5.059644,0.959381,1.907975,,1.0,0.0
0.1,16384,1,license_plate_bahnschrift.ttf,VJNKYFDZICRAQLPMWHGESOUXBT,11,7,1,0.085,5.059644,0.959381,1.907975,,1.0,0.0
0.2,16384,1,license_plate_bahnschrift.ttf,VJNKYFDZICRAQLPMWHGESOUXBT,11,7,0,0.17,7.155418,0.919759,1.349142,,1.0,0.0
0.2,16384,1,license_plate_bahnschrift.ttf,VJNKYFDZICRAQLPMWHGESOUXBT,11,7,1,0.17,7.155418,0.919759,1.349142,,1.0,0.0
0.3,16384,1,license_plate_bahnschrift.ttf,VJNKYFDZICRAQLPMWHGESOUXBT,11,7,0,0.255,8.763561,0.881116,1.10157,,1.0,0.0
0.3,16384,1,license_plate_bahnschrift.ttf,VJNKYFDZICRAQLPMWHGESOUXBT,11,7,1,0.255,8.763561,0.881116,1.10157,,1.0,0.0
0.4,16384,1,license_plate_bahnschrift.ttf,VJNKYFDZICRAQLPMWHGESOUXBT,11,7,0,0.34,10.119289,0.843436,0.953987,,1.0,0.0
0.4,16384,1,license_plate_bahnschrift.ttf,VJNKYFDZICRAQLPMWHGESOUXBT,11,7,1,0.34,10.119289,0.843436,0.953987,,1.0,0.0
0.5,16384,1,license_plate_bahnschrift.ttf,VJNKYFDZICRAQLPMWHGESOUXBT,11,7,0,0.425,11.313708,0.8067,0.853272,,1.0,0.0
0.5,16384,1,license_plate_bahnschrift.ttf,VJNKYFDZICRAQLPMWHGESOUXBT,11,7,1,0.425,11.313708,0.8067,0.853272,,1.0,0.0
0.6,16384,1,license_plate_bahnschrift.ttf,VJNKYFDZICRAQLPMWHGESOUXBT,11,7,0,0.51,12.393547,0.770893,0.778927,,1.0,0.0
0.6,16384,1,license_plate_bahnschrift.ttf,VJNKYFDZICRAQLPMWHGESOUXBT,11,7,1,0.51,12.393547,0.770893,0.778927,,1.0,0.0
0.7,16384,1,license_plate_bahnschrift.ttf,VJNKYFDZICRAQLPMWHGESOUXBT,11,7,0,0.595,13.38656,0.735998,0.721147,,1.0,0.0
0.7,16384,1,license_plate_bahnschrift.ttf,VJNKYFDZICRAQLPMWHGESOUXBT,11,7,1,0.595,13.38656,0.735998,0.721147,,1.0,0.0
0.8,16384,1,license_plate_bahnschrift.ttf,VJNKYFDZICRAQLPMWHGESOUXBT,11,7,0,0.68,14.310835,0.701998,0.674571,,1.0,0.0
0.8,16384,1,license_plate_bahnschrift.ttf,VJNKYFDZICRAQLPMWHGESOUXBT,11,7,1,0.68,14.310835,0.701998,0.674571,,1.0,0.0
0.9,16384,1,license_plate_bahnschrift.ttf,VJNKYFDZICRAQLPMWHGESOUXBT,11,7,0,0.765,15.178933,0.668877,0.635992,,1.0,0.0
0.9,16384,1,license_plate_bahnschrift.ttf,VJNKYFDZICRAQLPMWHGESOUXBT,11,7,1,0.765,15.178933,0.668877,0.635992,,1.0,0.0
1.0,16384,1,license_plate_bahnschrift.ttf,VJNKYFDZICRAQLPMWHGESOUXBT,11,7,0,0.85,16.0,0.63662,0.603355,,1.0,0.0
1.0,16384,1,license_plate_bahnschrift.ttf,VJNKYFDZICRAQLPMWHGESOUXBT,11,7,1,0.85,16.0,0.63662,0.603355,,1.0,0.0
0.1,16384,1,license_plate_bahnschrift.ttf,VJNKYFDZICRAQLPMWHGESOUXBT,11,11,0,0.085,5.059644,0.959381,1.907975,,1.0,0.0
0.1,16384,1,license_plate_bahnschrift.ttf,VJNKYFDZICRAQLPMWHGESOUXBT,11,11,1,0.085,5.059644,0.959381,1.907975,,1.0,0.0
0.2,16384,1,license_plate_bahnschrift.ttf,VJNKYFDZICRAQLPMWHGESOUXBT,11,11,0,0.17,7.155418,0.919759,1.349142,,1.0,0.0
0.2,16384,1,license_plate_bahnschrift.ttf,VJNKYFDZICRAQLPMWHGESOUXBT,11,11,1,0.17,7.155418,0.919759,1.349142,,1.0,0.0
0.3,16384,1,license_plate_bahnschrift.ttf,VJNKYFDZICRAQLPMWHGESOUXBT,11,11,0,0.255,8.763561,0.881116,1.10157,,1.0,0.0
0.3,16384,1,license_plate_bahnschrift.ttf,VJNKYFDZICRAQLPMWHGESOUXBT,11,11,1,0.255,8.763561,0.881116,1.10157,,1.0,0.0
0.4,16384,1,license_plate_bahnschrift.ttf,VJNKYFDZICRAQLPMWHGESOUXBT,11,11,0,0.34,10.119289,0.843436,0.953987,,1.0,0.0
0.4,16384,1,license_plate_bahnschrift.ttf,VJNKYFDZICRAQLPMWHGESOUXBT,11,11,1,0.34,10.119289,0.843436,0.953987,,1.0,0.0
0.5,16384,1,license_plate_bahnschrift.ttf,VJNKYFDZICRAQLPMWHGESOUXBT,11,11,0,0.425,11.313708,0.8067,0.853272,,1.0,0.0
0.5,16384,1,license_plate_bahnschrift.ttf,VJNKYFDZICRAQLPMWHGESOUXBT,11,11,1,0.425,11.313708,0.8067,0.853272,,1.0,0.0
0.6,16384,1,license_plate_bahnschrift.ttf,VJNKYFDZICRAQLPMWHGESOUXBT,11,11,0,0.51,12.393547,0.770893,0.778927,,1.0,0.0
0.6,16384,1,license_plate_bahnschrift.ttf,VJNKYFDZICRAQLPMWHGESOUXBT,11,11,1,0.51,12.393547,0.770893,0.778927,,1.0,0.0
0.7,16384,1,license_plate_bahnschrift.ttf,VJNKYFDZICRAQLPMWHGESOUXBT,11,11,0,0.595,13.38656,0.735998,0.721147,,1.0,0.0
0.7,16384,1,license_plate_bahnschrift.ttf,VJNKYFDZICRAQLPMWHGESOUXBT,11,11,1,0.595,13.38656,0.735998,0.721147,,1.0,0.0
0.8,16384,1,license_plate_bahnschrift.ttf,VJNKYFDZICRAQLPMWHGESOUXBT,11,11,0,0.68,14.310835,0.701998,0.674571,,1.0,0.0
0.8,16384,1,license_plate_bahnschrift.ttf,VJNKYFDZICRAQLPMWHGESOUXBT,11,11,1,0.68,14.310835,0.701998,0.674571,,1.0,0.0
0.9,16384,1,license_plate_bahnschrift.ttf,VJNKYFDZICRAQLPMWHGESOUXBT,11,11,0,0.765,15.178933,0.668877,0.635992,,1.0,0.0
0.9,16384,1,license_plate_bahnschrift.ttf,VJNKYFDZICRAQLPMWHGESOUXBT,11,11,1,0.765,15.178933,0.668877,0.635992,,1.0,0.0
1.0,16384,1,license_plate_bahnschrift.ttf,VJNKYFDZICRAQLPMWHGESOUXBT,11,11,0,0.85,16.0,0.63662,0.603355,,1.0,0.0
1.0,16384,1,license_plate_bahnschrift.ttf,VJNKYFDZICRAQLPMWHGESOUXBT,11,11,1,0.85,16.0,0.63662,0.603355,,1.0,0.0
0.1,16384,1,license_plate_bahnschrift.ttf,VJNKYFDZICRAQLPMWHGESOUXBT,11,15,0,0.085,5.059644,0.959381,1.907975,,1.0,0.0
0.1,16384,1,license_plate_bahnschrift.ttf,VJNKYFDZICRAQLPMWHGESOUXBT,11,15,1,0.085,5.059644,0.959381,1.907975,,1.0,0.0
0.2,16384,1,license_plate_bahnschrift.ttf,VJNKYFDZICRAQLPMWHGESOUXBT,11,15,0,0.17,7.155418,0.919759,1.349142,,1.0,0.0
0.2,16384,1,license_plate_bahnschrift.ttf,VJNKYFDZICRAQLPMWHGESOUXBT,11,15,1,0.17,7.155418,0.919759,1.349142,,1.0,0.0
0.3,16384,1,license_plate_bahnschrift.ttf,VJNKYFDZICRAQLPMWHGESOUXBT,11,15,0,0.255,8.763561,0.881116,1.10157,,1.0,0.0
0.3,16384,1,license_plate_bahnschrift.ttf,VJNKYFDZICRAQLPMWHGESOUXBT,11,15,1,0.255,8.763561,0.881116,1.10157,,1.0,0.0
0.4,16384,1,license_plate_bahnschrift.ttf,VJNKYFDZICRAQLPMWHGESOUXBT,11,15,0,0.34,10.119289,0.843436,0.953987,,1.0,0.0
0.4,16384,1,license_plate_bahnschrift.ttf,VJNKYFDZICRAQLPMWHGESOUXBT,11,15,1,0.34,10.119289,0.843436,0.953987,,1.0,0.0
0.5,16384,1,license_plate_bahnschrift.ttf,VJNKYFDZICRAQLPMWHGESOUXBT,11,15,0,0.425,11.313708,0.8067,0.853272,,1.0,0.0
0.5,16384,1,license_plate_bahnschrift.ttf,VJNKYFDZICRAQLPMWHGESOUXBT,11,15,1,0.425,11.313708,0.8067,0.853272,,1.0,0.0
0.6,16384,1,license_plate_bahnschrift.ttf,VJNKYFDZICRAQLPMWHGESOUXBT,11,15,0,0.51,12.393547,0.770893,0.778927,,1.0,0.0
0.6,16384,1,license_plate_bahnschrift.ttf,VJNKYFDZICRAQLPMWHGESOUXBT,11,15,1,0.51,12.393547,0.770893,0.778927,,1.0,0.0
0.7,16384,1,license_plate_bahnschrift.ttf,VJNKYFDZICRAQLPMWHGESOUXBT,11,15,0,0.595,13.38656,0.735998,0.721147,,1.0,0.0
0.7,16384,1,license_plate_bahnschrift.ttf,VJNKYFDZICRAQLPMWHGESOUXBT,11,15,1,0.595,13.38656,0.735998,0.721147,,1.0,0.0
0.8,16384,1,license_plate_bahnschrift.ttf,VJNKYFDZICRAQLPMWHGESOUXBT,11,15,0,0.68,14.310835,0.701998,0.674571,,1.0,0.0
0.8,16384,1,license_plate_bahnschrift.ttf,VJNKYFDZICRAQLPMWHGESOUXBT,11,15,1,0.68,14.310835,0.701998,0.674571,,1.0,0.0
0.9,16384,1,license_plate_bahnschrift.ttf,VJNKYFDZICRAQLPMWHGESOUXBT,11,15,0,0.765,15.178933,0.668877,0.635992,,1.0,0.0
0.9,16384,1,license_plate_bahnschrift.ttf,VJNKYFDZICRAQLPMWHGESOUXBT,11,15,1,0.765,15.178933,0.668877,0.635992,,1.0,0.0
1.0,16384,1,license_plate_bahnschrift.ttf,VJNKYFDZICRAQLPMWHGESOUXBT,11,15,0,0.85,16.0,0.63662,0.603355,,1.0,0.0
1.0,16384,1,license_plate_bahnschrift.ttf,VJNKYFDZICRAQLPMWHGESOUXBT,11,15,1,0.85,16.0,0.63662,0.603355,,1.0,0.0
0.1,16384,1,license_plate_bahnschrift.ttf,VJNKYFDZICRAQLPMWHGESOUXBT,15,0,0,0.085,5.059644,0.959381,1.907975,,1.0,0.0
0.1,16384,1,license_plate_bahnschrift.ttf,VJNKYFDZICRAQLPMWHGESOUXBT,15,0,1,0.085,5.059644,0.959381,1.907975,,1.0,0.0
0.2,16384,1,license_plate_bahnschrift.ttf,VJNKYFDZICRAQLPMWHGESOUXBT,15,0,0,0.17,7.155418,0.919759,1.349142,,1.0,0.0
0.2,16384,1,license_plate_bahnschrift.ttf,VJNKYFDZICRAQLPMWHGESOUXBT,15,0,1,0.17,7.155418,0.919759,1.349142,,1.0,0.0
0.3,16384,1,license_plate_bahnschrift.ttf,VJNKYFDZICRAQLPMWHGESOUXBT,15,0,0,0.255,8.763561,0.881116,1.10157,,1.0,0.0
0.3,16384,1,license_plate_bahnschrift.ttf,VJNKYFDZICRAQLPMWHGESOUXBT,15,0,1,0.255,8.763561,0.881116,1.10157,,1.0,0.0
0.4,16384,1,license_plate_bahnschrift.ttf,VJNKYFDZICRAQLPMWHGESOUXBT,15,0,0,0.34,10.119289,0.843436,0.953987,,1.0,0.0
0.4,16384,1,license_plate_bahnschrift.ttf,VJNKYFDZICRAQLPMWHGESOUXBT,15,0,1,0.34,10.119289,0.843436,0.953987,,1.0,0.0
0.5,16384,1,license_plate_bahnschrift.ttf,VJNKYFDZICRAQLPMWHGESOUXBT,15,0,0,0.425,11.313708,0.8067,0.853272,,1.0,0.0
0.5,16384,1,license_plate_bahnschrift.ttf,VJNKYFDZICRAQLPMWHGESOUXBT,15,0,1,0.425,11.313708,0.8067,0.853272,,1.0,0.0
0.6,16384,1,license_plate_bahnschrift.ttf,VJNKYFDZICRAQLPMWHGESOUXBT,15,0,0,0.51,12.393547,0.770893,0.778927,,1.0,0.0
0.6,16384,1,license_plate_bahnschrift.ttf,VJNKYFDZICRAQLPMWHGESOUXBT,15,0,1,0.51,12.393547,0.770893,0.778927,,1.0,0.0
0.7,16384,1,license_plate_bahnschrift.ttf,VJNKYFDZICRAQLPMWHGESOUXBT,15,0,0,0.595,13.38656,0.735998,0.721147,,1.0,0.0
0.7,16384,1,license_plate_bahnschrift.ttf,VJNKYFDZICRAQLPMWHGESOUXBT,15,0,1,0.595,13.38656,0.735998,0.721147,,1.0,0.0
0.8,16384,1,license_plate_bahnschrift.ttf,VJNKYFDZICRAQLPMWHGESOUXBT,15,0,0,0.68,14.310835,0.701998,0.674571,,1.0,0.0
0.8,16384,1,license_plate_bahnschrift.ttf,VJNKYFDZICRAQLPMWHGESOUXBT,15,0,1,0.68,14.310835,0.701998,0.674571,,1.0,0.0
0.9,16384,1,license_plate_bahnschrift.ttf,VJNKYFDZICRAQLPMWHGESOUXBT,15,0,0,0.765,15.178933,0.668877,0.635992,,1.0,0.0
0.9,16384,1,license_plate_bahnschrift.ttf,VJNKYFDZICRAQLPMWHGESOUXBT,15,0,1,0.765,15.178933,0.668877,0.635992,,1.0,0.0
1.0,16384,1,license_plate_bahnschrift.ttf,VJNKYFDZICRAQLPMWHGESOUXBT,15,0,0,0.85,16.0,0.63662,0.603355,,1.0,0.0
1.0,16384,1,license_plate_bahnschrift.ttf,VJNKYFDZICRAQLPMWHGESOUXBT,15,0,1,0.85,16.0,0.63662,0.603355,,1.0,0.0
0.1,16384,1,license_plate_bahnschrift.ttf,VJNKYFDZICRAQLPMWHGESOUXBT,15,3,0,0.085,5.059644,0.959381,1.907975,,1.0,0.0
0.1,16384,1,license_plate_bahnschrift.ttf,VJNKYFDZICRAQLPMWHGESOUXBT,15,3,1,0.085,5.059644,0.959381,1.907975,,1.0,0.0
0.2,16384,1,license_plate_bahnschrift.ttf,VJNKYFDZICRAQLPMWHGESOUXBT,15,3,0,0.17,7.155418,0.919759,1.349142,,1.0,0.0
0.2,16384,1,license_plate_bahnschrift.ttf,VJNKYFDZICRAQLPMWHGESOUXBT,15,3,1,0.17,7.155418,0.919759,1.349142,,1.0,0.0
0.3,16384,1,license_plate_bahnschrift.ttf,VJNKYFDZICRAQLPMWHGESOUXBT,15,3,0,0.255,8.763561,0.881116,1.10157,,1.0,0.0
0.3,16384,1,license_plate_bahnschrift.ttf,VJNKYFDZICRAQLPMWHGESOUXBT,15,3,1,0.255,8.763561,0.881116,1.10157,,1.0,0.0
0.4,16384,1,license_plate_bahnschrift.ttf,VJNKYFDZICRAQLPMWHGESOUXBT,15,3,0,0.34,10.119289,0.843436,0.953987,,1.0,0.0
0.4,16384,1,license_plate_bahnschrift.ttf,VJNKYFDZICRAQLPMWHGESOUXBT,15,3,1,0.34,10.119289,0.843436,0.953987,,1.0,0.0
0.5,16384,1,license_plate_bahnschrift.ttf,VJNKYFDZICRAQLPMWHGESOUXBT,15,3,0,0.425,11.313708,0.8067,0.853272,,1.0,0.0
0.5,16384,1,license_plate_bahnschrift.ttf,VJNKYFDZICRAQLPMWHGESOUXBT,15,3,1,0.425,11.313708,0.8067,0.853272,,1.0,0.0
0.6,16384,1,license_plate_bahnschrift.ttf,VJNKYFDZICRAQLPMWHGESOUXBT,15,3,0,0.51,12.393547,0.770893,0.778927,,1.0,0.0
0.6,16384,1,license_plate_bahnschrift.ttf,VJNKYFDZICRAQLPMWHGESOUXBT,15,3,1,0.51,12.393547,0.770893,0.778927,,1.0,0.0
0.7,16384,1,license_plate_bahnschrift.ttf,VJNKYFDZICRAQLPMWHGESOUXBT,15,3,0,0.595,13.38656,0.735998,0.721147,,1.0,0.0
0.7,16384,1,license_plate_bahnschrift.ttf,VJNKYFDZICRAQLPMWHGESOUXBT,15,3,1,0.595,13.38656,0.735998,0.721147,,1.0,0.0
0.8,16384,1,license_plate_bahnschrift.ttf,VJNKYFDZICRAQLPMWHGESOUXBT,15,3,0,0.68,14.310835,0.701998,0.674571,,1.0,0.0
0.8,16384,1,license_plate_bahnschrift.ttf,VJNKYFDZICRAQLPMWHGESOUXBT,15,3,1,0.68,14.310835,0.701998,0.674571,,1.0,0.0
0.9,16384,1,license_plate_bahnschrift.ttf,VJNKYFDZICRAQLPMWHGESOUXBT,15,3,0,0.765,15.178933,0.668877,0.635992,,1.0,0.0
0.9,16384,1,license_plate_bahnschrift.ttf,VJNKYFDZICRAQLPMWHGESOUXBT,15,3,1,0.765,15.178933,0.668877,0.635992,,1.0,0.0
1.0,16384,1,license_plate_bahnschrift.ttf,VJNKYFDZICRAQLPMWHGESOUXBT,15,3,0,0.85,16.0,0.63662,0.603355,,1.0,0.0
1.0,16384,1,license_plate_bahnschrift.ttf,VJNKYFDZICRAQLPMWHGESOUXBT,15,3,1,0.85,16.0,0.63662,0.603355,,1.0,0.0
0.1,16384,1,license_plate_bahnschrift.ttf,VJNKYFDZICRAQLPMWHGESOUXBT,15,7,0,0.085,5.059644,0.959381,1.907975,,1.0,0.0
0.1,16384,1,license_plate_bahnschrift.ttf,VJNKYFDZICRAQLPMWHGESOUXBT,15,7,1,0.085,5.059644,0.959381,1.907975,,1.0,0.0
0.2,16384,1,license_plate_bahnschrift.ttf,VJNKYFDZICRAQLPMWHGESOUXBT,15,7,0,0.17,7.155418,0.919759,1.349142,,1.0,0.0
0.2,16384,1,license_plate_bahnschrift.ttf,VJNKYFDZICRAQLPMWHGESOUXBT,15,7,1,0.17,7.155418,0.919759,1.349142,,1.0,0.0
0.3,16384,1,license_plate_bahnschrift.ttf,VJNKYFDZICRAQLPMWHGESOUXBT,15,7,0,0.255,8.763561,0.881116,1.10157,,1.0,0.0
0.3,16384,1,license_plate_bahnschrift.ttf,VJNKYFDZICRAQLPMWHGESOUXBT,15,7,1,0.255,8.763561,0.881116,1.10157,,1.0,0.0
0.4,16384,1,license_plate_bahnschrift.ttf,VJNKYFDZICRAQLPMWHGESOUXBT,15,7,0,0.34,10.119289,0.843436,0.953987,,1.0,0.0
0.4,16384,1,license_plate_bahnschrift.ttf,VJNKYFDZICRAQLPMWHGESOUXBT,15,7,1,0.34,10.119289,0.843436,0.953987,,1.0,0.0
0.5,16384,1,license_plate_bahnschrift.ttf,VJNKYFDZICRAQLPMWHGESOUXBT,15,7,0,0.425,11.313708,0.8067,0.853272,,1.0,0.0
0.5,16384,1,license_plate_bahnschrift.ttf,VJNKYFDZICRAQLPMWHGESOUXBT,15,7,1,0.425,11.313708,0.8067,0.853272,,1.0,0.0
0.6,16384,1,license_plate_bahnschrift.ttf,VJNKYFDZICRAQLPMWHGESOUXBT,15,7,0,0.51,12.393547,0.770893,0.778927,,1.0,0.0
0.6,16384,1,license_plate_bahnschrift.ttf,VJNKYFDZICRAQLPMWHGESOUXBT,15,7,1,0.51,12.393547,0.770893,0.778927,,1.0,0.0
0.7,16384,1,license_plate_bahnschrift.ttf,VJNKYFDZICRAQLPMWHGESOUXBT,15,7,0,0.595,13.38656,0.735998,0.721147,,1.0,0.0
0.7,16384,1,license_plate_bahnschrift.ttf,VJNKYFDZICRAQLPMWHGESOUXBT,15,7,1,0.595,13.38656,0.735998,0.721147,,1.0,0.0
0.8,16384,1,license_plate_bahnschrift.ttf,VJNKYFDZICRAQLPMWHGESOUXBT,15,7,0,0.68,14.310835,0.701998,0.674571,,1.0,0.0
0.8,16384,1,license_plate_bahnschrift.ttf,VJNKYFDZICRAQLPMWHGESOUXBT,15,7,1,0.68,14.310835,0.701998,0.674571,,1.0,0.0
0.9,16384,1,license_plate_bahnschrift.ttf,VJNKYFDZICRAQLPMWHGESOUXBT,15,7,0,0.765,15.178933,0.668877,0.635992,,1.0,0.0
0.9,16384,1,license_plate_bahnschrift.ttf,VJNKYFDZICRAQLPMWHGESOUXBT,15,7,1,0.765,15.178933,0.668877,0.635992,,1.0,0.0
1.0,16384,1,license_plate_bahnschrift.ttf,VJNKYFDZICRAQLPMWHGESOUXBT,15,7,0,0.85,16.0,0.63662,0.603355,,1.0,0.0
1.0,16384,1,license_plate_bahnschrift.ttf,VJNKYFDZICRAQLPMWHGESOUXBT,15,7,1,0.85,16.0,0.63662,0.603355,,1.0,0.0
0.1,16384,1,license_plate_bahnschrift.ttf,VJNKYFDZICRAQLPMWHGESOUXBT,15,11,0,0.085,5.059644,0.959381,1.907975,,1.0,0.0
0.1,16384,1,license_plate_bahnschrift.ttf,VJNKYFDZICRAQLPMWHGESOUXBT,15,11,1,0.085,5.059644,0.959381,1.907975,,1.0,0.0
0.2,16384,1,license_plate_bahnschrift.ttf,VJNKYFDZICRAQLPMWHGESOUXBT,15,11,0,0.17,7.155418,0.919759,1.349142,,1.0,0.0
0.2,16384,1,license_plate_bahnschrift.ttf,VJNKYFDZICRAQLPMWHGESOUXBT,15,11,1,0.17,7.155418,0.919759,1.349142,,1.0,0.0
0.3,16384,1,license_plate_bahnschrift.ttf,VJNKYFDZICRAQLPMWHGESOUXBT,15,11,0,0.255,8.763561,0.881116,1.10157,A,0.961538,0.038462
0.3,16384,1,license_plate_bahnschrift.ttf,VJNKYFDZICRAQLPMWHGESOUXBT,15,11,1,0.255,8.763561,0.881116,1.10157,,1.0,0.0
0.4,16384,1,license_plate_bahnschrift.ttf,VJNKYFDZICRAQLPMWHGESOUXBT,15,11,0,0.34,10.119289,0.843436,0.953987,,1.0,0.0
0.4,16384,1,license_plate_bahnschrift.ttf,VJNKYFDZICRAQLPMWHGESOUXBT,15,11,1,0.34,10.119289,0.843436,0.953987,,1.0,0.0
0.5,16384,1,license_plate_bahnschrift.ttf,VJNKYFDZICRAQLPMWHGESOUXBT,15,11,0,0.425,11.313708,0.8067,0.853272,,1.0,0.0
0.5,16384,1,license_plate_bahnschrift.ttf,VJNKYFDZICRAQLPMWHGESOUXBT,15,11,1,0.425,11.313708,0.8067,0.853272,,1.0,0.0
0.6,16384,1,license_plate_bahnschrift.ttf,VJNKYFDZICRAQLPMWHGESOUXBT,15,11,0,0.51,12.393547,0.770893,0.778927,,1.0,0.0
0.6,16384,1,license_plate_bahnschrift.ttf,VJNKYFDZICRAQLPMWHGESOUXBT,15,11,1,0.51,12.393547,0.770893,0.778927,,1.0,0.0
0.7,16384,1,license_plate_bahnschrift.ttf,VJNKYFDZICRAQLPMWHGESOUXBT,15,11,0,0.595,13.38656,0.735998,0.721147,,1.0,0.0
0.7,16384,1,license_plate_bahnschrift.ttf,VJNKYFDZICRAQLPMWHGESOUXBT,15,11,1,0.595,13.38656,0.735998,0.721147,,1.0,0.0
0.8,16384,1,license_plate_bahnschrift.ttf,VJNKYFDZICRAQLPMWHGESOUXBT,15,11,0,0.68,14.310835,0.701998,0.674571,,1.0,0.0
0.8,16384,1,license_plate_bahnschrift.ttf,VJNKYFDZICRAQLPMWHGESOUXBT,15,11,1,0.68,14.310835,0.701998,0.674571,,1.0,0.0
0.9,16384,1,license_plate_bahnschrift.ttf,VJNKYFDZICRAQLPMWHGESOUXBT,15,11,0,0.765,15.178933,0.668877,0.635992,,1.0,0.0
0.9,16384,1,license_plate_bahnschrift.ttf,VJNKYFDZICRAQLPMWHGESOUXBT,15,11,1,0.765,15.178933,0.668877,0.635992,,1.0,0.0
1.0,16384,1,license_plate_bahnschrift.ttf,VJNKYFDZICRAQLPMWHGESOUXBT,15,11,0,0.85,16.0,0.63662,0.603355,,1.0,0.0
1.0,16384,1,license_plate_bahnschrift.ttf,VJNKYFDZICRAQLPMWHGESOUXBT,15,11,1,0.85,16.0,0.63662,0.603355,,1.0,0.0
0.1,16384,1,license_plate_bahnschrift.ttf,VJNKYFDZICRAQLPMWHGESOUXBT,15,15,0,0.085,5.059644,0.959381,1.907975,,1.0,0.0
0.1,16384,1,license_plate_bahnschrift.ttf,VJNKYFDZICRAQLPMWHGESOUXBT,15,15,1,0.085,5.059644,0.959381,1.907975,,1.0,0.0
0.2,16384,1,license_plate_bahnschrift.ttf,VJNKYFDZICRAQLPMWHGESOUXBT,15,15,0,0.17,7.155418,0.919759,1.349142,,1.0,0.0
0.2,16384,1,license_plate_bahnschrift.ttf,VJNKYFDZICRAQLPMWHGESOUXBT,15,15,1,0.17,7.155418,0.919759,1.349142,,1.0,0.0
0.3,16384,1,license_plate_bahnschrift.ttf,VJNKYFDZICRAQLPMWHGESOUXBT,15,15,0,0.255,8.763561,0.881116,1.10157,,1.0,0.0
0.3,16384,1,license_plate_bahnschrift.ttf,VJNKYFDZICRAQLPMWHGESOUXBT,15,15,1,0.255,8.763561,0.881116,1.10157,,1.0,0.0
0.4,16384,1,license_plate_bahnschrift.ttf,VJNKYFDZICRAQLPMWHGESOUXBT,15,15,0,0.34,10.119289,0.843436,0.953987,,1.0,0.0
0.4,16384,1,license_plate_bahnschrift.ttf,VJNKYFDZICRAQLPMWHGESOUXBT,15,15,1,0.34,10.119289,0.843436,0.953987,,1.0,0.0
0.5,16384,1,license_plate_bahnschrift.ttf,VJNKYFDZICRAQLPMWHGESOUXBT,15,15,0,0.425,11.313708,0.8067,0.853272,,1.0,0.0
0.5,16384,1,license_plate_bahnschrift.ttf,VJNKYFDZICRAQLPMWHGESOUXBT,15,15,1,0.425,11.313708,0.8067,0.853272,,1.0,0.0
0.6,16384,1,license_plate_bahnschrift.ttf,VJNKYFDZICRAQLPMWHGESOUXBT,15,15,0,0.51,12.393547,0.770893,0.778927,,1.0,0.0
0.6,16384,1,license_plate_bahnschrift.ttf,VJNKYFDZICRAQLPMWHGESOUXBT,15,15,1,0.51,12.393547,0.770893,0.778927,,1.0,0.0
0.7,16384,1,license_plate_bahnschrift.ttf,VJNKYFDZICRAQLPMWHGESOUXBT,15,15,0,0.595,13.38656,0.735998,0.721147,,1.0,0.0
0.7,16384,1,license_plate_bahnschrift.ttf,VJNKYFDZICRAQLPMWHGESOUXBT,15,15,1,0.595,13.38656,0.735998,0.721147,,1.0,0.0
0.8,16384,1,license_plate_bahnschrift.ttf,VJNKYFDZICRAQLPMWHGESOUXBT,15,15,0,0.68,14.310835,0.701998,0.674571,,1.0,0.0
0.8,16384,1,license_plate_bahnschrift.ttf,VJNKYFDZICRAQLPMWHGESOUXBT,15,15,1,0.68,14.310835,0.701998,0.674571,,1.0,0.0
0.9,16384,1,license_plate_bahnschrift.ttf,VJNKYFDZICRAQLPMWHGESOUXBT,15,15,0,0.765,15.178933,0.668877,0.635992,,1.0,0.0
0.9,16384,1,license_plate_bahnschrift.ttf,VJNKYFDZICRAQLPMWHGESOUXBT,15,15,1,0.765,15.178933,0.668877,0.635992,,1.0,0.0
1.0,16384,1,license_plate_bahnschrift.ttf,VJNKYFDZICRAQLPMWHGESOUXBT,15,15,0,0.85,16.0,0.63662,0.603355,,1.0,0.0
1.0,16384,1,license_plate_bahnschrift.ttf,VJNKYFDZICRAQLPMWHGESOUXBT,15,15,1,0.85,16.0,0.63662,0.603355,,1.0,0.0
0.1,16384,2,license_plate_bahnschrift.ttf,VJNKYFDZICRAQLPMWHGESOUXBT,0,0,0,0.085,5.059644,0.959381,1.907975,,1.0,0.0
0.1,16384,2,license_plate_bahnschrift.ttf,VJNKYFDZICRAQLPMWHGESOUXBT,0,0,1,0.085,5.059644,0.959381,1.907975,,1.0,0.0
0.2,16384,2,license_plate_bahnschrift.ttf,VJNKYFDZICRAQLPMWHGESOUXBT,0,0,0,0.17,7.155418,0.919759,1.349142,AO,0.923077,0.076923
0.2,16384,2,license_plate_bahnschrift.ttf,VJNKYFDZICRAQLPMWHGESOUXBT,0,0,1,0.17,7.155418,0.919759,1.349142,O,0.961538,0.038462
0.3,16384,2,license_plate_bahnschrift.ttf,VJNKYFDZICRAQLPMWHGESOUXBT,0,0,0,0.255,8.763561,0.881116,1.10157,,1.0,0.0
0.3,16384,2,license_plate_bahnschrift.ttf,VJNKYFDZICRAQLPMWHGESOUXBT,0,0,1,0.255,8.763561,0.881116,1.10157,,1.0,0.0
0.4,16384,2,license_plate_bahnschrift.ttf,VJNKYFDZICRAQLPMWHGESOUXBT,0,0,0,0.34,10.119289,0.843436,0.953987,,1.0,0.0
0.4,16384,2,license_plate_bahnschrift.ttf,VJNKYFDZICRAQLPMWHGESOUXBT,0,0,1,0.34,10.119289,0.843436,0.953987,,1.0,0.0
0.5,16384,2,license_plate_bahnschrift.ttf,VJNKYFDZICRAQLPMWHGESOUXBT,0,0,0,0.425,11.313708,0.8067,0.853272,,1.0,0.0
0.5,16384,2,license_plate_bahnschrift.ttf,VJNKYFDZICRAQLPMWHGESOUXBT,0,0,1,0.425,11.313708,0.8067,0.853272,,1.0,0.0
0.6,16384,2,license_plate_bahnschrift.ttf,VJNKYFDZICRAQLPMWHGESOUXBT,0,0,0,0.51,12.393547,0.770893,0.778927,,1.0,0.0
0.6,16384,2,license_plate_bahnschrift.ttf,VJNKYFDZICRAQLPMWHGESOUXBT,0,0,1,0.51,12.393547,0.770893,0.778927,,1.0,0.0
0.7,16384,2,license_plate_bahnschrift.ttf,VJNKYFDZICRAQLPMWHGESOUXBT,0,0,0,0.595,13.38656,0.735998,0.721147,,1.0,0.0
0.7,16384,2,license_plate_bahnschrift.ttf,VJNKYFDZICRAQLPMWHGESOUXBT,0,0,1,0.595,13.38656,0.735998,0.721147,,1.0,0.0
0.8,16384,2,license_plate_bahnschrift.ttf,VJNKYFDZICRAQLPMWHGESOUXBT,0,0,0,0.68,14.310835,0.701998,0.674571,,1.0,0.0
0.8,16384,2,license_plate_bahnschrift.ttf,VJNKYFDZICRAQLPMWHGESOUXBT,0,0,1,0.68,14.310835,0.701998,0.674571,,1.0,0.0
0.9,16384,2,license_plate_bahnschrift.ttf,VJNKYFDZICRAQLPMWHGESOUXBT,0,0,0,0.765,15.178933,0.668877,0.635992,,1.0,0.0
0.9,16384,2,license_plate_bahnschrift.ttf,VJNKYFDZICRAQLPMWHGESOUXBT,0,0,1,0.765,15.178933,0.668877,0.635992,,1.0,0.0
1.0,16384,2,license_plate_bahnschrift.ttf,VJNKYFDZICRAQLPMWHGESOUXBT,0,0,0,0.85,16.0,0.63662,0.603355,,1.0,0.0
1.0,16384,2,license_plate_bahnschrift.ttf,VJNKYFDZICRAQLPMWHGESOUXBT,0,0,1,0.85,16.0,0.63662,0.603355,,1.0,0.0
0.1,16384,2,license_plate_bahnschrift.ttf,VJNKYFDZICRAQLPMWHGESOUXBT,0,3,0,0.085,5.059644,0.959381,1.907975,O,0.961538,0.038462
0.1,16384,2,license_plate_bahnschrift.ttf,VJNKYFDZICRAQLPMWHGESOUXBT,0,3,1,0.085,5.059644,0.959381,1.907975,O,0.961538,0.038462
0.2,16384,2,license_plate_bahnschrift.ttf,VJNKYFDZICRAQLPMWHGESOUXBT,0,3,0,0.17,7.155418,0.919759,1.349142,,1.0,0.0
0.2,16384,2,license_plate_bahnschrift.ttf,VJNKYFDZICRAQLPMWHGESOUXBT,0,3,1,0.17,7.155418,0.919759,1.349142,,1.0,0.0
0.3,16384,2,license_plate_bahnschrift.ttf,VJNKYFDZICRAQLPMWHGESOUXBT,0,3,0,0.255,8.763561,0.881116,1.10157,,1.0,0.0
0.3,16384,2,license_plate_bahnschrift.ttf,VJNKYFDZICRAQLPMWHGESOUXBT,0,3,1,0.255,8.763561,0.881116,1.10157,S,0.961538,0.038462
0.4,16384,2,license_plate_bahnschrift.ttf,VJNKYFDZICRAQLPMWHGESOUXBT,0,3,0,0.34,10.119289,0.843436,0.953987,,1.0,0.0
0.4,16384,2,license_plate_bahnschrift.ttf,VJNKYFDZICRAQLPMWHGESOUXBT,0,3,1,0.34,10.119289,0.843436,0.953987,,1.0,0.0
0.5,16384,2,license_plate_bahnschrift.ttf,VJNKYFDZICRAQLPMWHGESOUXBT,0,3,0,0.425,11.313708,0.8067,0.853272,,1.0,0.0
0.5,16384,2,license_plate_bahnschrift.ttf,VJNKYFDZICRAQLPMWHGESOUXBT,0,3,1,0.425,11.313708,0.8067,0.853272,,1.0,0.0
0.6,16384,2,license_plate_bahnschrift.ttf,VJNKYFDZICRAQLPMWHGESOUXBT,0,3,0,0.51,12.393547,0.770893,0.778927,,1.0,0.0
0.6,16384,2,license_plate_bahnschrift.ttf,VJNKYFDZICRAQLPMWHGESOUXBT,0,3,1,0.51,12.393547,0.770893,0.778927,,1.0,0.0
0.7,16384,2,license_plate_bahnschrift.ttf,VJNKYFDZICRAQLPMWHGESOUXBT,0,3,0,0.595,13.38656,0.735998,0.721147,,1.0,0.0
0.7,16384,2,license_plate_bahnschrift.ttf,VJNKYFDZICRAQLPMWHGESOUXBT,0,3,1,0.595,13.38656,0.735998,0.721147,,1.0,0.0
0.8,16384,2,license_plate_bahnschrift.ttf,VJNKYFDZICRAQLPMWHGESOUXBT,0,3,0,0.68,14.310835,0.701998,0.674571,,1.0,0.0
0.8,16384,2,license_plate_bahnschrift.ttf,VJNKYFDZICRAQLPMWHGESOUXBT,0,3,1,0.68,14.310835,0.701998,0.674571,,1.0,0.0
0.9,16384,2,license_plate_bahnschrift.ttf,VJNKYFDZICRAQLPMWHGESOUXBT,0,3,0,0.765,15.178933,0.668877,0.635992,,1.0,0.0
0.9,16384,2,license_plate_bahnschrift.ttf,VJNKYFDZICRAQLPMWHGESOUXBT,0,3,1,0.765,15.178933,0.668877,0.635992,,1.0,0.0
1.0,16384,2,license_plate_bahnschrift.ttf,VJNKYFDZICRAQLPMWHGESOUXBT,0,3,0,0.85,16.0,0.63662,0.603355,,1.0,0.0
1.0,16384,2,license_plate_bahnschrift.ttf,VJNKYFDZICRAQLPMWHGESOUXBT,0,3,1,0.85,16.0,0.63662,0.603355,,1.0,0.0
0.1,16384,2,license_plate_bahnschrift.ttf,VJNKYFDZICRAQLPMWHGESOUXBT,0,7,0,0.085,5.059644,0.959381,1.907975,TW,0.961538,0.038462
0.1,16384,2,license_plate_bahnschrift.ttf,VJNKYFDZICRAQLPMWHGESOUXBT,0,7,1,0.085,5.059644,0.959381,1.907975,TW,0.961538,0.038462
0.2,16384,2,license_plate_bahnschrift.ttf,VJNKYFDZICRAQLPMWHGESOUXBT,0,7,0,0.17,7.155418,0.919759,1.349142,,1.0,0.0
0.2,16384,2,license_plate_bahnschrift.ttf,VJNKYFDZICRAQLPMWHGESOUXBT,0,7,1,0.17,7.155418,0.919759,1.349142,H,0.961538,0.038462
0.3,16384,2,license_plate_bahnschrift.ttf,VJNKYFDZICRAQLPMWHGESOUXBT,0,7,0,0.255,8.763561,0.881116,1.10157,,1.0,0.0
0.3,16384,2,license_plate_bahnschrift.ttf,VJNKYFDZICRAQLPMWHGESOUXBT,0,7,1,0.255,8.763561,0.881116,1.10157,S,0.961538,0.038462
0.4,16384,2,license_plate_bahnschrift.ttf,VJNKYFDZICRAQLPMWHGESOUXBT,0,7,0,0.34,10.119289,0.843436,0.953987,CSD,0.923077,0.076923
0.4,16384,2,license_plate_bahnschrift.ttf,VJNKYFDZICRAQLPMWHGESOUXBT,0,7,1,0.34,10.119289,0.843436,0.953987,TP,0.961538,0.038462
0.5,16384,2,license_plate_bahnschrift.ttf,VJNKYFDZICRAQLPMWHGESOUXBT,0,7,0,0.425,11.313708,0.8067,0.853272,,1.0,0.0
0.5,16384,2,license_plate_bahnschrift.ttf,VJNKYFDZICRAQLPMWHGESOUXBT,0,7,1,0.425,11.313708,0.8067,0.853272,,1.0,0.0
0.6,16384,2,license_plate_bahnschrift.ttf,VJNKYFDZICRAQLPMWHGESOUXBT,0,7,0,0.51,12.393547,0.770893,0.778927,J,0.961538,0.038462
0.6,16384,2,license_plate_bahnschrift.ttf,VJNKYFDZICRAQLPMWHGESOUXBT,0,7,1,0.51,12.393547,0.770893,0.778927,J,0.961538,0.038462
0.7,16384,2,license_plate_bahnschrift.ttf,VJNKYFDZICRAQLPMWHGESOUXBT,0,7,0,0.595,13.38656,0.735998,0.721147,J,0.961538,0.038462
0.7,16384,2,license_plate_bahnschrift.ttf,VJNKYFDZICRAQLPMWHGESOUXBT,0,7,1,0.595,13.38656,0.735998,0.721147,,1.0,0.0
0.8,16384,2,license_plate_bahnschrift.ttf,VJNKYFDZICRAQLPMWHGESOUXBT,0,7,0,0.68,14.310835,0.701998,0.674571,TO,0.961538,0.038462
0.8,16384,2,license_plate_bahnschrift.ttf,VJNKYFDZICRAQLPMWHGESOUXBT,0,7,1,0.68,14.310835,0.701998,0.674571,TO,0.961538,0.038462
0.9,16384,2,license_plate_bahnschrift.ttf,VJNKYFDZICRAQLPMWHGESOUXBT,0,7,0,0.765,15.178933,0.668877,0.635992,,1.0,0.0
0.9,16384,2,license_plate_bahnschrift.ttf,VJNKYFDZICRAQLPMWHGESOUXBT,0,7,1,0.765,15.178933,0.668877,0.635992,OO,0.961538,0.038462
1.0,16384,2,license_plate_bahnschrift.ttf,VJNKYFDZICRAQLPMWHGESOUXBT,0,7,0,0.85,16.0,0.63662,0.603355,TO,0.961538,0.038462
1.0,16384,2,license_plate_bahnschrift.ttf,VJNKYFDZICRAQLPMWHGESOUXBT,0,7,1,0.85,16.0,0.63662,0.603355,TO,0.961538,0.038462
0.1,16384,2,license_plate_bahnschrift.ttf,VJNKYFDZICRAQLPMWHGESOUXBT,0,11,0,0.085,5.059644,0.959381,1.907975,OM,0.961538,0.038462
0.1,16384,2,license_plate_bahnschrift.ttf,VJNKYFDZICRAQLPMWHGESOUXBT,0,11,1,0.085,5.059644,0.959381,1.907975,COM,0.923077,0.076923
0.2,16384,2,license_plate_bahnschrift.ttf,VJNKYFDZICRAQLPMWHGESOUXBT,0,11,0,0.17,7.155418,0.919759,1.349142,FP,0.923077,0.076923
0.2,16384,2,license_plate_bahnschrift.ttf,VJNKYFDZICRAQLPMWHGESOUXBT,0,11,1,0.17,7.155418,0.919759,1.349142,FPP,0.923077,0.076923
0.3,16384,2,license_plate_bahnschrift.ttf,VJNKYFDZICRAQLPMWHGESOUXBT,0,11,0,0.255,8.763561,0.881116,1.10157,PP,0.961538,0.038462
0.3,16384,2,license_plate_bahnschrift.ttf,VJNKYFDZICRAQLPMWHGESOUXBT,0,11,1,0.255,8.763561,0.881116,1.10157,,1.0,0.0
0.4,16384,2,license_plate_bahnschrift.ttf,VJNKYFDZICRAQLPMWHGESOUXBT,0,11,0,0.34,10.119289,0.843436,0.953987,I,0.961538,0.038462
0.4,16384,2,license_plate_bahnschrift.ttf,VJNKYFDZICRAQLPMWHGESOUXBT,0,11,1,0.34,10.119289,0.843436,0.953987,PP,0.961538,0.038462
0.5,16384,2,license_plate_bahnschrift.ttf,VJNKYFDZICRAQLPMWHGESOUXBT,0,11,0,0.425,11.313708,0.8067,0.853272,I,0.961538,0.038462
0.5,16384,2,license_plate_bahnschrift.ttf,VJNKYFDZICRAQLPMWHGESOUXBT,0,11,1,0.425,11.313708,0.8067,0.853272,,1.0,0.0
0.6,16384,2,license_plate_bahnschrift.ttf,VJNKYFDZICRAQLPMWHGESOUXBT,0,11,0,0.51,12.393547,0.770893,0.778927,,1.0,0.0
0.6,16384,2,license_plate_bahnschrift.ttf,VJNKYFDZICRAQLPMWHGESOUXBT,0,11,1,0.51,12.393547,0.770893,0.778927,L,0.961538,0.038462
0.7,16384,2,license_plate_bahnschrift.ttf,VJNKYFDZICRAQLPMWHGESOUXBT,0,11,0,0.595,13.38656,0.735998,0.721147,LO,0.923077,0.076923
0.7,16384,2,license_plate_bahnschrift.ttf,VJNKYFDZICRAQLPMWHGESOUXBT,0,11,1,0.595,13.38656,0.735998,0.721147,,1.0,0.0
0.8,16384,2,license_plate_bahnschrift.ttf,VJNKYFDZICRAQLPMWHGESOUXBT,0,11,0,0.68,14.310835,0.701998,0.674571,PG,0.923077,0.076923
0.8,16384,2,license_plate_bahnschrift.ttf,VJNKYFDZICRAQLPMWHGESOUXBT,0,11,1,0.68,14.310835,0.701998,0.674571,,1.0,0.0
0.9,16384,2,license_plate_bahnschrift.ttf,VJNKYFDZICRAQLPMWHGESOUXBT,0,11,0,0.765,15.178933,0.668877,0.635992,PT,0.923077,0.076923
0.9,16384,2,license_plate_bahnschrift.ttf,VJNKYFDZICRAQLPMWHGESOUXBT,0,11,1,0.765,15.178933,0.668877,0.635992,,1.0,0.0
1.0,16384,2,license_plate_bahnschrift.ttf,VJNKYFDZICRAQLPMWHGESOUXBT,0,11,0,0.85,16.0,0.63662,0.603355,,1.0,0.0
1.0,16384,2,license_plate_bahnschrift.ttf,VJNKYFDZICRAQLPMWHGESOUXBT,0,11,1,0.85,16.0,0.63662,0.603355,NO,0.923077,0.076923
0.1,16384,2,license_plate_bahnschrift.ttf,VJNKYFDZICRAQLPMWHGESOUXBT,0,15,0,0.085,5.059644,0.959381,1.907975,O,0.961538,0.038462
0.1,16384,2,license_plate_bahnschrift.ttf,VJNKYFDZICRAQLPMWHGESOUXBT,0,15,1,0.085,5.059644,0.959381,1.907975,O,0.961538,0.038462
0.2,16384,2,license_plate_bahnschrift.ttf,VJNKYFDZICRAQLPMWHGESOUXBT,0,15,0,0.17,7.155418,0.919759,1.349142,SO,0.923077,0.076923
0.2,16384,2,license_plate_bahnschrift.ttf,VJNKYFDZICRAQLPMWHGESOUXBT,0,15,1,0.17,7.155418,0.919759,1.349142,,1.0,0.0
0.3,16384,2,license_plate_bahnschrift.ttf,VJNKYFDZICRAQLPMWHGESOUXBT,0,15,0,0.255,8.763561,0.881116,1.10157,WA,0.961538,0.038462
0.3,16384,2,license_plate_bahnschrift.ttf,VJNKYFDZICRAQLPMWHGESOUXBT,0,15,1,0.255,8.763561,0.881116,1.10157,WAS,0.923077,0.076923
0.4,16384,2,license_plate_bahnschrift.ttf,VJNKYFDZICRAQLPMWHGESOUXBT,0,15,0,0.34,10.119289,0.843436,0.953987,,1.0,0.0
0.4,16384,2,license_plate_bahnschrift.ttf,VJNKYFDZICRAQLPMWHGESOUXBT,0,15,1,0.34,10.119289,0.843436,0.953987,WO,0.923077,0.076923
0.5,16384,2,license_plate_bahnschrift.ttf,VJNKYFDZICRAQLPMWHGESOUXBT,0,15,0,0.425,11.313708,0.8067,0.853272,,1.0,0.0
0.5,16384,2,license_plate_bahnschrift.ttf,VJNKYFDZICRAQLPMWHGESOUXBT,0,15,1,0.425,11.313708,0.8067,0.853272,,1.0,0.0
0.6,16384,2,license_plate_bahnschrift.ttf,VJNKYFDZICRAQLPMWHGESOUXBT,0,15,0,0.51,12.393547,0.770893,0.778927,,1.0,0.0
0.6,16384,2,license_plate_bahnschrift.ttf,VJNKYFDZICRAQLPMWHGESOUXBT,0,15,1,0.51,12.393547,0.770893,0.778927,,1.0,0.0
0.7,16384,2,license_plate_bahnschrift.ttf,VJNKYFDZICRAQLPMWHGESOUXBT,0,15,0,0.595,13.38656,0.735998,0.721147,,1.0,0.0
0.7,16384,2,license_plate_bahnschrift.ttf,VJNKYFDZICRAQLPMWHGESOUXBT,0,15,1,0.595,13.38656,0.735998,0.721147,,1.0,0.0
0.8,16384,2,license_plate_bahnschrift.ttf,VJNKYFDZICRAQLPMWHGESOUXBT,0,15,0,0.68,14.310835,0.701998,0.674571,,1.0,0.0
0.8,16384,2,license_plate_bahnschrift.ttf,VJNKYFDZICRAQLPMWHGESOUXBT,0,15,1,0.68,14.310835,0.701998,0.674571,,1.0,0.0
0.9,16384,2,license_plate_bahnschrift.ttf,VJNKYFDZICRAQLPMWHGESOUXBT,0,15,0,0.765,15.178933,0.668877,0.635992,,1.0,0.0
0.9,16384,2,license_plate_bahnschrift.ttf,VJNKYFDZICRAQLPMWHGESOUXBT,0,15,1,0.765,15.178933,0.668877,0.635992,,1.0,0.0
1.0,16384,2,license_plate_bahnschrift.ttf,VJNKYFDZICRAQLPMWHGESOUXBT,0,15,0,0.85,16.0,0.63662,0.603355,,1.0,0.0
1.0,16384,2,license_plate_bahnschrift.ttf,VJNKYFDZICRAQLPMWHGESOUXBT,0,15,1,0.85,16.0,0.63662,0.603355,,1.0,0.0
0.1,16384,2,license_plate_bahnschrift.ttf,VJNKYFDZICRAQLPMWHGESOUXBT,3,0,0,0.085,5.059644,0.959381,1.907975,S,0.961538,0.038462
0.1,16384,2,license_plate_bahnschrift.ttf,VJNKYFDZICRAQLPMWHGESOUXBT,3,0,1,0.085,5.059644,0.959381,1.907975,S,0.961538,0.038462
0.2,16384,2,license_plate_bahnschrift.ttf,VJNKYFDZICRAQLPMWHGESOUXBT,3,0,0,0.17,7.155418,0.919759,1.349142,,1.0,0.0
0.2,16384,2,license_plate_bahnschrift.ttf,VJNKYFDZICRAQLPMWHGESOUXBT,3,0,1,0.17,7.155418,0.919759,1.349142,S,0.961538,0.038462
0.3,16384,2,license_plate_bahnschrift.ttf,VJNKYFDZICRAQLPMWHGESOUXBT,3,0,0,0.255,8.763561,0.881116,1.10157,,1.0,0.0
0.3,16384,2,license_plate_bahnschrift.ttf,VJNKYFDZICRAQLPMWHGESOUXBT,3,0,1,0.255,8.763561,0.881116,1.10157,,1.0,0.0
0.4,16384,2,license_plate_bahnschrift.ttf,VJNKYFDZICRAQLPMWHGESOUXBT,3,0,0,0.34,10.119289,0.843436,0.953987,TO,0.961538,0.038462
0.4,16384,2,license_plate_bahnschrift.ttf,VJNKYFDZICRAQLPMWHGESOUXBT,3,0,1,0.34,10.119289,0.843436,0.953987,TO,0.961538,0.038462
0.5,16384,2,license_plate_bahnschrift.ttf,VJNKYFDZICRAQLPMWHGESOUXBT,3,0,0,0.425,11.313708,0.8067,0.853272,,1.0,0.0
0.5,16384,2,license_plate_bahnschrift.ttf,VJNKYFDZICRAQLPMWHGESOUXBT,3,0,1,0.425,11.313708,0.8067,0.853272,,1.0,0.0
0.6,16384,2,license_plate_bahnschrift.ttf,VJNKYFDZICRAQLPMWHGESOUXBT,3,0,0,0.51,12.393547,0.770893,0.778927,,1.0,0.0
0.6,16384,2,license_plate_bahnschrift.ttf,VJNKYFDZICRAQLPMWHGESOUXBT,3,0,1,0.51,12.393547,0.770893,0.778927,,1.0,0.0
0.7,16384,2,license_plate_bahnschrift.ttf,VJNKYFDZICRAQLPMWHGESOUXBT,3,0,0,0.595,13.38656,0.735998,0.721147,,1.0,0.0
0.7,16384,2,license_plate_bahnschrift.ttf,VJNKYFDZICRAQLPMWHGESOUXBT,3,0,1,0.595,13.38656,0.735998,0.721147,,1.0,0.0
0.8,16384,2,license_plate_bahnschrift.ttf,VJNKYFDZICRAQLPMWHGESOUXBT,3,0,0,0.68,14.310835,0.701998,0.674571,,1.0,0.0
0.8,16384,2,license_plate_bahnschrift.ttf,VJNKYFDZICRAQLPMWHGESOUXBT,3,0,1,0.68,14.310835,0.701998,0.674571,,1.0,0.0
0.9,16384,2,license_plate_bahnschrift.ttf,VJNKYFDZICRAQLPMWHGESOUXBT,3,0,0,0.765,15.178933,0.668877,0.635992,,1.0,0.0
0.9,16384,2,license_plate_bahnschrift.ttf,VJNKYFDZICRAQLPMWHGESOUXBT,3,0,1,0.765,15.178933,0.668877,0.635992,,1.0,0.0
1.0,16384,2,license_plate_bahnschrift.ttf,VJNKYFDZICRAQLPMWHGESOUXBT,3,0,0,0.85,16.0,0.63662,0.603355,,1.0,0.0
1.0,16384,2,license_plate_bahnschrift.ttf,VJNKYFDZICRAQLPMWHGESOUXBT,3,0,1,0.85,16.0,0.63662,0.603355,,1.0,0.0
0.1,16384,2,license_plate_bahnschrift.ttf,VJNKYFDZICRAQLPMWHGESOUXBT,3,3,0,0.085,5.059644,0.959381,1.907975,,1.0,0.0
0.1,16384,2,license_plate_bahnschrift.ttf,VJNKYFDZICRAQLPMWHGESOUXBT,3,3,1,0.085,5.059644,0.959381,1.907975,,1.0,0.0
0.2,16384,2,license_plate_bahnschrift.ttf,VJNKYFDZICRAQLPMWHGESOUXBT,3,3,0,0.17,7.155418,0.919759,1.349142,P,0.961538,0.038462
0.2,16384,2,license_plate_bahnschrift.ttf,VJNKYFDZICRAQLPMWHGESOUXBT,3,3,1,0.17,7.155418,0.919759,1.349142,P,0.961538,0.038462
0.3,16384,2,license_plate_bahnschrift.ttf,VJNKYFDZICRAQLPMWHGESOUXBT,3,3,0,0.255,8.763561,0.881116,1.10157,E,0.961538,0.038462
0.3,16384,2,license_plate_bahnschrift.ttf,VJNKYFDZICRAQLPMWHGESOUXBT,3,3,1,0.255,8.763561,0.881116,1.10157,E,0.961538,0.038462
0.4,16384,2,license_plate_bahnschrift.ttf,VJNKYFDZICRAQLPMWHGESOUXBT,3,3,0,0.34,10.119289,0.843436,0.953987,,1.0,0.0
0.4,16384,2,license_plate_bahnschrift.ttf,VJNKYFDZICRAQLPMWHGESOUXBT,3,3,1,0.34,10.119289,0.843436,0.953987,,1.0,0.0
0.5,16384,2,license_plate_bahnschrift.ttf,VJNKYFDZICRAQLPMWHGESOUXBT,3,3,0,0.425,11.313708,0.8067,0.853272,,1.0,0.0
0.5,16384,2,license_plate_bahnschrift.ttf,VJNKYFDZICRAQLPMWHGESOUXBT,3,3,1,0.425,11.313708,0.8067,0.853272,,1.0,0.0
0.6,16384,2,license_plate_bahnschrift.ttf,VJNKYFDZICRAQLPMWHGESOUXBT,3,3,0,0.51,12.393547,0.770893,0.778927,,1.0,0.0
0.6,16384,2,license_plate_bahnschrift.ttf,VJNKYFDZICRAQLPMWHGESOUXBT,3,3,1,0.51,12.393547,0.770893,0.778927,,1.0,0.0
0.7,16384,2,license_plate_bahnschrift.ttf,VJNKYFDZICRAQLPMWHGESOUXBT,3,3,0,0.595,13.38656,0.735998,0.721147,STE,0.961538,0.038462
0.7,16384,2,license_plate_bahnschrift.ttf,VJNKYFDZICRAQLPMWHGESOUXBT,3,3,1,0.595,13.38656,0.735998,0.721147,,1.0,0.0
0.8,16384,2,license_plate_bahnschrift.ttf,VJNKYFDZICRAQLPMWHGESOUXBT,3,3,0,0.68,14.310835,0.701998,0.674571,,1.0,0.0
0.8,16384,2,license_plate_bahnschrift.ttf,VJNKYFDZICRAQLPMWHGESOUXBT,3,3,1,0.68,14.310835,0.701998,0.674571,E,0.961538,0.038462
0.9,16384,2,license_plate_bahnschrift.ttf,VJNKYFDZICRAQLPMWHGESOUXBT,3,3,0,0.765,15.178933,0.668877,0.635992,,1.0,0.0
0.9,16384,2,license_plate_bahnschrift.ttf,VJNKYFDZICRAQLPMWHGESOUXBT,3,3,1,0.765,15.178933,0.668877,0.635992,,1.0,0.0
1.0,16384,2,license_plate_bahnschrift.ttf,VJNKYFDZICRAQLPMWHGESOUXBT,3,3,0,0.85,16.0,0.63662,0.603355,,1.0,0.0
1.0,16384,2,license_plate_bahnschrift.ttf,VJNKYFDZICRAQLPMWHGESOUXBT,3,3,1,0.85,16.0,0.63662,0.603355,,1.0,0.0
0.1,16384,2,license_plate_bahnschrift.ttf,VJNKYFDZICRAQLPMWHGESOUXBT,3,7,0,0.085,5.059644,0.959381,1.907975,OO,0.961538,0.038462
0.1,16384,2,license_plate_bahnschrift.ttf,VJNKYFDZICRAQLPMWHGESOUXBT,3,7,1,0.085,5.059644,0.959381,1.907975,OO,0.961538,0.038462
0.2,16384,2,license_plate_bahnschrift.ttf,VJNKYFDZICRAQLPMWHGESOUXBT,3,7,0,0.17,7.155418,0.919759,1.349142,R,0.961538,0.038462
0.2,16384,2,license_plate_bahnschrift.ttf,VJNKYFDZICRAQLPMWHGESOUXBT,3,7,1,0.17,7.155418,0.919759,1.349142,,1.0,0.0
0.3,16384,2,license_plate_bahnschrift.ttf,VJNKYFDZICRAQLPMWHGESOUXBT,3,7,0,0.255,8.763561,0.881116,1.10157,OT,0.923077,0.076923
0.3,16384,2,license_plate_bahnschrift.ttf,VJNKYFDZICRAQLPMWHGESOUXBT,3,7,1,0.255,8.763561,0.881116,1.10157,ON,0.961538,0.038462
0.4,16384,2,license_plate_bahnschrift.ttf,VJNKYFDZICRAQLPMWHGESOUXBT,3,7,0,0.34,10.119289,0.843436,0.953987,,1.0,0.0
0.4,16384,2,license_plate_bahnschrift.ttf,VJNKYFDZICRAQLPMWHGESOUXBT,3,7,1,0.34,10.119289,0.843436,0.953987,,1.0,0.0
0.5,16384,2,license_plate_bahnschrift.ttf,VJNKYFDZICRAQLPMWHGESOUXBT,3,7,0,0.425,11.313708,0.8067,0.853272,PIOPT,0.884615,0.115385
0.5,16384,2,license_plate_bahnschrift.ttf,VJNKYFDZICRAQLPMWHGESOUXBT,3,7,1,0.425,11.313708,0.8067,0.853272,PSIVOPT,0.884615,0.115385
0.6,16384,2,license_plate_bahnschrift.ttf,VJNKYFDZICRAQLPMWHGESOUXBT,3,7,0,0.51,12.393547,0.770893,0.778927,,1.0,0.0
0.6,16384,2,license_plate_bahnschrift.ttf,VJNKYFDZICRAQLPMWHGESOUXBT,3,7,1,0.51,12.393547,0.770893,0.778927,,1.0,0.0
0.7,16384,2,license_plate_bahnschrift.ttf,VJNKYFDZICRAQLPMWHGESOUXBT,3,7,0,0.595,13.38656,0.735998,0.721147,,1.0,0.0
0.7,16384,2,license_plate_bahnschrift.ttf,VJNKYFDZICRAQLPMWHGESOUXBT,3,7,1,0.595,13.38656,0.735998,0.721147,,1.0,0.0
0.8,16384,2,license_plate_bahnschrift.ttf,VJNKYFDZICRAQLPMWHGESOUXBT,3,7,0,0.68,14.310835,0.701998,0.674571,,1.0,0.0
0.8,16384,2,license_plate_bahnschrift.ttf,VJNKYFDZICRAQLPMWHGESOUXBT,3,7,1,0.68,14.310835,0.701998,0.674571,O,0.961538,0.038462
0.9,16384,2,license_plate_bahnschrift.ttf,VJNKYFDZICRAQLPMWHGESOUXBT,3,7,0,0.765,15.178933,0.668877,0.635992,OO,0.961538,0.038462
0.9,16384,2,license_plate_bahnschrift.ttf,VJNKYFDZICRAQLPMWHGESOUXBT,3,7,1,0.765,15.178933,0.668877,0.635992,OF,0.961538,0.038462
1.0,16384,2,license_plate_bahnschrift.ttf,VJNKYFDZICRAQLPMWHGESOUXBT,3,7,0,0.85,16.0,0.63662,0.603355,,1.0,0.0
1.0,16384,2,license_plate_bahnschrift.ttf,VJNKYFDZICRAQLPMWHGESOUXBT,3,7,1,0.85,16.0,0.63662,0.603355,OO,0.961538,0.038462
0.1,16384,2,license_plate_bahnschrift.ttf,VJNKYFDZICRAQLPMWHGESOUXBT,3,11,0,0.085,5.059644,0.959381,1.907975,OS,0.961538,0.038462
0.1,16384,2,license_plate_bahnschrift.ttf,VJNKYFDZICRAQLPMWHGESOUXBT,3,11,1,0.085,5.059644,0.959381,1.907975,,1.0,0.0
0.2,16384,2,license_plate_bahnschrift.ttf,VJNKYFDZICRAQLPMWHGESOUXBT,3,11,0,0.17,7.155418,0.919759,1.349142,OS,0.961538,0.038462
0.2,16384,2,license_plate_bahnschrift.ttf,VJNKYFDZICRAQLPMWHGESOUXBT,3,11,1,0.17,7.155418,0.919759,1.349142,OS,0.961538,0.038462
0.3,16384,2,license_plate_bahnschrift.ttf,VJNKYFDZICRAQLPMWHGESOUXBT,3,11,0,0.255,8.763561,0.881116,1.10157,OP,0.961538,0.038462
0.3,16384,2,license_plate_bahnschrift.ttf,VJNKYFDZICRAQLPMWHGESOUXBT,3,11,1,0.255,8.763561,0.881116,1.10157,O,0.961538,0.038462
0.4,16384,2,license_plate_bahnschrift.ttf,VJNKYFDZICRAQLPMWHGESOUXBT,3,11,0,0.34,10.119289,0.843436,0.953987,,1.0,0.0
0.4,16384,2,license_plate_bahnschrift.ttf,VJNKYFDZICRAQLPMWHGESOUXBT,3,11,1,0.34,10.119289,0.843436,0.953987,OSPF,0.961538,0.038462
0.5,16384,2,license_plate_bahnschrift.ttf,VJNKYFDZICRAQLPMWHGESOUXBT,3,11,0,0.425,11.313708,0.8067,0.853272,P,0.961538,0.038462
0.5,16384,2,license_plate_bahnschrift.ttf,VJNKYFDZICRAQLPMWHGESOUXBT,3,11,1,0.425,11.313708,0.8067,0.853272,OP,0.961538,0.038462
0.6,16384,2,license_plate_bahnschrift.ttf,VJNKYFDZICRAQLPMWHGESOUXBT,3,11,0,0.51,12.393547,0.770893,0.778927,PO,0.923077,0.076923
0.6,16384,2,license_plate_bahnschrift.ttf,VJNKYFDZICRAQLPMWHGESOUXBT,3,11,1,0.51,12.393547,0.770893,0.778927,,1.0,0.0
0.7,16384,2,license_plate_bahnschrift.ttf,VJNKYFDZICRAQLPMWHGESOUXBT,3,11,0,0.595,13.38656,0.735998,0.721147,W,0.961538,0.038462
0.7,16384,2,license_plate_bahnschrift.ttf,VJNKYFDZICRAQLPMWHGESOUXBT,3,11,1,0.595,13.38656,0.735998,0.721147,S,0.961538,0.038462
0.8,16384,2,license_plate_bahnschrift.ttf,VJNKYFDZICRAQLPMWHGESOUXBT,3,11,0,0.68,14.310835,0.701998,0.674571,,1.0,0.0
0.8,16384,2,license_plate_bahnschrift.ttf,VJNKYFDZICRAQLPMWHGESOUXBT,3,11,1,0.68,14.310835,0.701998,0.674571,,1.0,0.0
0.9,16384,2,license_plate_bahnschrift.ttf,VJNKYFDZICRAQLPMWHGESOUXBT,3,11,0,0.765,15.178933,0.668877,0.635992,,1.0,0.0
0.9,16384,2,license_plate_bahnschrift.ttf,VJNKYFDZICRAQLPMWHGESOUXBT,3,11,1,0.765,15.178933,0.668877,0.635992,,1.0,0.0
1.0,16384,2,license_plate_bahnschrift.ttf,VJNKYFDZICRAQLPMWHGESOUXBT,3,11,0,0.85,16.0,0.63662,0.603355,,1.0,0.0
1.0,16384,2,license_plate_bahnschrift.ttf,VJNKYFDZICRAQLPMWHGESOUXBT,3,11,1,0.85,16.0,0.63662,0.603355,,1.0,0.0
0.1,16384,2,license_plate_bahnschrift.ttf,VJNKYFDZICRAQLPMWHGESOUXBT,3,15,0,0.085,5.059644,0.959381,1.907975,,1.0,0.0
0.1,16384,2,license_plate_bahnschrift.ttf,VJNKYFDZICRAQLPMWHGESOUXBT,3,15,1,0.085,5.059644,0.959381,1.907975,,1.0,0.0
0.2,16384,2,license_plate_bahnschrift.ttf,VJNKYFDZICRAQLPMWHGESOUXBT,3,15,0,0.17,7.155418,0.919759,1.349142,,1.0,0.0
0.2,16384,2,license_plate_bahnschrift.ttf,VJNKYFDZICRAQLPMWHGESOUXBT,3,15,1,0.17,7.155418,0.919759,1.349142,Y,0.961538,0.038462
0.3,16384,2,license_plate_bahnschrift.ttf,VJNKYFDZICRAQLPMWHGESOUXBT,3,15,0,0.255,8.763561,0.881116,1.10157,,1.0,0.0
0.3,16384,2,license_plate_bahnschrift.ttf,VJNKYFDZICRAQLPMWHGESOUXBT,3,15,1,0.255,8.763561,0.881116,1.10157,OT,0.923077,0.076923
0.4,16384,2,license_plate_bahnschrift.ttf,VJNKYFDZICRAQLPMWHGESOUXBT,3,15,0,0.34,10.119289,0.843436,0.953987,,1.0,0.0
0.4,16384,2,license_plate_bahnschrift.ttf,VJNKYFDZICRAQLPMWHGESOUXBT,3,15,1,0.34,10.119289,0.843436,0.953987,SO,0.923077,0.076923
0.5,16384,2,license_plate_bahnschrift.ttf,VJNKYFDZICRAQLPMWHGESOUXBT,3,15,0,0.425,11.313708,0.8067,0.853272,,1.0,0.0
0.5,16384,2,license_plate_bahnschrift.ttf,VJNKYFDZICRAQLPMWHGESOUXBT,3,15,1,0.425,11.313708,0.8067,0.853272,,1.0,0.0
0.6,16384,2,license_plate_bahnschrift.ttf,VJNKYFDZICRAQLPMWHGESOUXBT,3,15,0,0.51,12.393547,0.770893,0.778927,,1.0,0.0
0.6,16384,2,license_plate_bahnschrift.ttf,VJNKYFDZICRAQLPMWHGESOUXBT,3,15,1,0.51,12.393547,0.770893,0.778927,,1.0,0.0
0.7,16384,2,license_plate_bahnschrift.ttf,VJNKYFDZICRAQLPMWHGESOUXBT,3,15,0,0.595,13.38656,0.735998,0.721147,,1.0,0.0
0.7,16384,2,license_plate_bahnschrift.ttf,VJNKYFDZICRAQLPMWHGESOUXBT,3,15,1,0.595,13.38656,0.735998,0.721147,,1.0,0.0
0.8,16384,2,license_plate_bahnschrift.ttf,VJNKYFDZICRAQLPMWHGESOUXBT,3,15,0,0.68,14.310835,0.701998,0.674571,,1.0,0.0
0.8,16384,2,license_plate_bahnschrift.ttf,VJNKYFDZICRAQLPMWHGESOUXBT,3,15,1,0.68,14.310835,0.701998,0.674571,,1.0,0.0
0.9,16384,2,license_plate_bahnschrift.ttf,VJNKYFDZICRAQLPMWHGESOUXBT,3,15,0,0.765,15.178933,0.668877,0.635992,,1.0,0.0
0.9,16384,2,license_plate_bahnschrift.ttf,VJNKYFDZICRAQLPMWHGESOUXBT,3,15,1,0.765,15.178933,0.668877,0.635992,,1.0,0.0
1.0,16384,2,license_plate_bahnschrift.ttf,VJNKYFDZICRAQLPMWHGESOUXBT,3,15,0,0.85,16.0,0.63662,0.603355,,1.0,0.0
1.0,16384,2,license_plate_bahnschrift.ttf,VJNKYFDZICRAQLPMWHGESOUXBT,3,15,1,0.85,16.0,0.63662,0.603355,,1.0,0.0
0.1,16384,2,license_plate_bahnschrift.ttf,VJNKYFDZICRAQLPMWHGESOUXBT,7,0,0,0.085,5.059644,0.959381,1.907975,PP,0.961538,0.038462
0.1,16384,2,license_plate_bahnschrift.ttf,VJNKYFDZICRAQLPMWHGESOUXBT,7,0,1,0.085,5.059644,0.959381,1.907975,P,0.961538,0.038462
0.2,16384,2,license_plate_bahnschrift.ttf,VJNKYFDZICRAQLPMWHGESOUXBT,7,0,0,0.17,7.155418,0.919759,1.349142,,1.0,0.0
0.2,16384,2,license_plate_bahnschrift.ttf,VJNKYFDZICRAQLPMWHGESOUXBT,7,0,1,0.17,7.155418,0.919759,1.349142,,1.0,0.0
0.3,16384,2,license_plate_bahnschrift.ttf,VJNKYFDZICRAQLPMWHGESOUXBT,7,0,0,0.255,8.763561,0.881116,1.10157,,1.0,0.0
0.3,16384,2,license_plate_bahnschrift.ttf,VJNKYFDZICRAQLPMWHGESOUXBT,7,0,1,0.255,8.763561,0.881116,1.10157,,1.0,0.0
0.4,16384,2,license_plate_bahnschrift.ttf,VJNKYFDZICRAQLPMWHGESOUXBT,7,0,0,0.34,10.119289,0.843436,0.953987,,1.0,0.0
0.4,16384,2,license_plate_bahnschrift.ttf,VJNKYFDZICRAQLPMWHGESOUXBT,7,0,1,0.34,10.119289,0.843436,0.953987,,1.0,0.0
0.5,16384,2,license_plate_bahnschrift.ttf,VJNKYFDZICRAQLPMWHGESOUXBT,7,0,0,0.425,11.313708,0.8067,0.853272,,1.0,0.0
0.5,16384,2,license_plate_bahnschrift.ttf,VJNKYFDZICRAQLPMWHGESOUXBT,7,0,1,0.425,11.313708,0.8067,0.853272,,1.0,0.0
0.6,16384,2,license_plate_bahnschrift.ttf,VJNKYFDZICRAQLPMWHGESOUXBT,7,0,0,0.51,12.393547,0.770893,0.778927,,1.0,0.0
0.6,16384,2,license_plate_bahnschrift.ttf,VJNKYFDZICRAQLPMWHGESOUXBT,7,0,1,0.51,12.393547,0.770893,0.778927,,1.0,0.0
0.7,16384,2,license_plate_bahnschrift.ttf,VJNKYFDZICRAQLPMWHGESOUXBT,7,0,0,0.595,13.38656,0.735998,0.721147,,1.0,0.0
0.7,16384,2,license_plate_bahnschrift.ttf,VJNKYFDZICRAQLPMWHGESOUXBT,7,0,1,0.595,13.38656,0.735998,0.721147,,1.0,0.0
0.8,16384,2,license_plate_bahnschrift.ttf,VJNKYFDZICRAQLPMWHGESOUXBT,7,0,0,0.68,14.310835,0.701998,0.674571,,1.0,0.0
0.8,16384,2,license_plate_bahnschrift.ttf,VJNKYFDZICRAQLPMWHGESOUXBT,7,0,1,0.68,14.310835,0.701998,0.674571,,1.0,0.0
0.9,16384,2,license_plate_bahnschrift.ttf,VJNKYFDZICRAQLPMWHGESOUXBT,7,0,0,0.765,15.178933,0.668877,0.635992,,1.0,0.0
0.9,16384,2,license_plate_bahnschrift.ttf,VJNKYFDZICRAQLPMWHGESOUXBT,7,0,1,0.765,15.178933,0.668877,0.635992,,1.0,0.0
1.0,16384,2,license_plate_bahnschrift.ttf,VJNKYFDZICRAQLPMWHGESOUXBT,7,0,0,0.85,16.0,0.63662,0.603355,,1.0,0.0
1.0,16384,2,license_plate_bahnschrift.ttf,VJNKYFDZICRAQLPMWHGESOUXBT,7,0,1,0.85,16.0,0.63662,0.603355,,1.0,0.0
0.1,16384,2,license_plate_bahnschrift.ttf,VJNKYFDZICRAQLPMWHGESOUXBT,7,3,0,0.085,5.059644,0.959381,1.907975,T,0.961538,0.038462
0.1,16384,2,license_plate_bahnschrift.ttf,VJNKYFDZICRAQLPMWHGESOUXBT,7,3,1,0.085,5.059644,0.959381,1.907975,TA,0.961538,0.038462
0.2,16384,2,license_plate_bahnschrift.ttf,VJNKYFDZICRAQLPMWHGESOUXBT,7,3,0,0.17,7.155418,0.919759,1.349142,,1.0,0.0
0.2,16384,2,license_plate_bahnschrift.ttf,VJNKYFDZICRAQLPMWHGESOUXBT,7,3,1,0.17,7.155418,0.919759,1.349142,SS,0.961538,0.038462
0.3,16384,2,license_plate_bahnschrift.ttf,VJNKYFDZICRAQLPMWHGESOUXBT,7,3,0,0.255,8.763561,0.881116,1.10157,CC,0.961538,0.038462
0.3,16384,2,license_plate_bahnschrift.ttf,VJNKYFDZICRAQLPMWHGESOUXBT,7,3,1,0.255,8.763561,0.881116,1.10157,SC,0.961538,0.038462
0.4,16384,2,license_plate_bahnschrift.ttf,VJNKYFDZICRAQLPMWHGESOUXBT,7,3,0,0.34,10.119289,0.843436,0.953987,I,0.961538,0.038462
0.4,16384,2,license_plate_bahnschrift.ttf,VJNKYFDZICRAQLPMWHGESOUXBT,7,3,1,0.34,10.119289,0.843436,0.953987,I,0.961538,0.038462
0.5,16384,2,license_plate_bahnschrift.ttf,VJNKYFDZICRAQLPMWHGESOUXBT,7,3,0,0.425,11.313708,0.8067,0.853272,I,0.961538,0.038462
0.5,16384,2,license_plate_bahnschrift.ttf,VJNKYFDZICRAQLPMWHGESOUXBT,7,3,1,0.425,11.313708,0.8067,0.853272,,1.0,0.0
0.6,16384,2,license_plate_bahnschrift.ttf,VJNKYFDZICRAQLPMWHGESOUXBT,7,3,0,0.51,12.393547,0.770893,0.778927,,1.0,0.0
0.6,16384,2,license_plate_bahnschrift.ttf,VJNKYFDZICRAQLPMWHGESOUXBT,7,3,1,0.51,12.393547,0.770893,0.778927,,1.0,0.0
0.7,16384,2,license_plate_bahnschrift.ttf,VJNKYFDZICRAQLPMWHGESOUXBT,7,3,0,0.595,13.38656,0.735998,0.721147,,1.0,0.0
0.7,16384,2,license_plate_bahnschrift.ttf,VJNKYFDZICRAQLPMWHGESOUXBT,7,3,1,0.595,13.38656,0.735998,0.721147,,1.0,0.0
0.8,16384,2,license_plate_bahnschrift.ttf,VJNKYFDZICRAQLPMWHGESOUXBT,7,3,0,0.68,14.310835,0.701998,0.674571,,1.0,0.0
0.8,16384,2,license_plate_bahnschrift.ttf,VJNKYFDZICRAQLPMWHGESOUXBT,7,3,1,0.68,14.310835,0.701998,0.674571,,1.0,0.0
0.9,16384,2,license_plate_bahnschrift.ttf,VJNKYFDZICRAQLPMWHGESOUXBT,7,3,0,0.765,15.178933,0.668877,0.635992,,1.0,0.0
0.9,16384,2,license_plate_bahnschrift.ttf,VJNKYFDZICRAQLPMWHGESOUXBT,7,3,1,0.765,15.178933,0.668877,0.635992,,1.0,0.0
1.0,16384,2,license_plate_bahnschrift.ttf,VJNKYFDZICRAQLPMWHGESOUXBT,7,3,0,0.85,16.0,0.63662,0.603355,,1.0,0.0
1.0,16384,2,license_plate_bahnschrift.ttf,VJNKYFDZICRAQLPMWHGESOUXBT,7,3,1,0.85,16.0,0.63662,0.603355,,1.0,0.0
0.1,16384,2,license_plate_bahnschrift.ttf,VJNKYFDZICRAQLPMWHGESOUXBT,7,7,0,0.085,5.059644,0.959381,1.907975,SSO,0.923077,0.076923
0.1,16384,2,license_plate_bahnschrift.ttf,VJNKYFDZICRAQLPMWHGESOUXBT,7,7,1,0.085,5.059644,0.959381,1.907975,SF,0.961538,0.038462
0.2,16384,2,license_plate_bahnschrift.ttf,VJNKYFDZICRAQLPMWHGESOUXBT,7,7,0,0.17,7.155418,0.919759,1.349142,SS,0.961538,0.038462
0.2,16384,2,license_plate_bahnschrift.ttf,VJNKYFDZICRAQLPMWHGESOUXBT,7,7,1,0.17,7.155418,0.919759,1.349142,SS,0.961538,0.038462
0.3,16384,2,license_plate_bahnschrift.ttf,VJNKYFDZICRAQLPMWHGESOUXBT,7,7,0,0.255,8.763561,0.881116,1.10157,,1.0,0.0
0.3,16384,2,license_plate_bahnschrift.ttf,VJNKYFDZICRAQLPMWHGESOUXBT,7,7,1,0.255,8.763561,0.881116,1.10157,,1.0,0.0
0.4,16384,2,license_plate_bahnschrift.ttf,VJNKYFDZICRAQLPMWHGESOUXBT,7,7,0,0.34,10.119289,0.843436,0.953987,VT,0.923077,0.076923
0.4,16384,2,license_plate_bahnschrift.ttf,VJNKYFDZICRAQLPMWHGESOUXBT,7,7,1,0.34,10.119289,0.843436,0.953987,VT,0.923077,0.076923
0.5,16384,2,license_plate_bahnschrift.ttf,VJNKYFDZICRAQLPMWHGESOUXBT,7,7,0,0.425,11.313708,0.8067,0.853272,VT,0.923077,0.076923
0.5,16384,2,license_plate_bahnschrift.ttf,VJNKYFDZICRAQLPMWHGESOUXBT,7,7,1,0.425,11.313708,0.8067,0.853272,VT,0.923077,0.076923
0.6,16384,2,license_plate_bahnschrift.ttf,VJNKYFDZICRAQLPMWHGESOUXBT,7,7,0,0.51,12.393547,0.770893,0.778927,VT,0.923077,0.076923
0.6,16384,2,license_plate_bahnschrift.ttf,VJNKYFDZICRAQLPMWHGESOUXBT,7,7,1,0.51,12.393547,0.770893,0.778927,VOT,0.884615,0.115385
0.7,16384,2,license_plate_bahnschrift.ttf,VJNKYFDZICRAQLPMWHGESOUXBT,7,7,0,0.595,13.38656,0.735998,0.721147,,1.0,0.0
0.7,16384,2,license_plate_bahnschrift.ttf,VJNKYFDZICRAQLPMWHGESOUXBT,7,7,1,0.595,13.38656,0.735998,0.721147,,1.0,0.0
0.8,16384,2,license_plate_bahnschrift.ttf,VJNKYFDZICRAQLPMWHGESOUXBT,7,7,0,0.68,14.310835,0.701998,0.674571,,1.0,0.0
0.8,16384,2,license_plate_bahnschrift.ttf,VJNKYFDZICRAQLPMWHGESOUXBT,7,7,1,0.68,14.310835,0.701998,0.674571,CAF,0.923077,0.076923
0.9,16384,2,license_plate_bahnschrift.ttf,VJNKYFDZICRAQLPMWHGESOUXBT,7,7,0,0.765,15.178933,0.668877,0.635992,,1.0,0.0
0.9,16384,2,license_plate_bahnschrift.ttf,VJNKYFDZICRAQLPMWHGESOUXBT,7,7,1,0.765,15.178933,0.668877,0.635992,,1.0,0.0
1.0,16384,2,license_plate_bahnschrift.ttf,VJNKYFDZICRAQLPMWHGESOUXBT,7,7,0,0.85,16.0,0.63662,0.603355,,1.0,0.0
1.0,16384,2,license_plate_bahnschrift.ttf,VJNKYFDZICRAQLPMWHGESOUXBT,7,7,1,0.85,16.0,0.63662,0.603355,,1.0,0.0
0.1,16384,2,license_plate_bahnschrift.ttf,VJNKYFDZICRAQLPMWHGESOUXBT,7,11,0,0.085,5.059644,0.959381,1.907975,,1.0,0.0
0.1,16384,2,license_plate_bahnschrift.ttf,VJNKYFDZICRAQLPMWHGESOUXBT,7,11,1,0.085,5.059644,0.959381,1.907975,VERVROO,0.884615,0.115385
0.2,16384,2,license_plate_bahnschrift.ttf,VJNKYFDZICRAQLPMWHGESOUXBT,7,11,0,0.17,7.155418,0.919759,1.349142,VR,0.923077,0.076923
0.2,16384,2,license_plate_bahnschrift.ttf,VJNKYFDZICRAQLPMWHGESOUXBT,7,11,1,0.17,7.155418,0.919759,1.349142,VR,0.923077,0.076923
0.3,16384,2,license_plate_bahnschrift.ttf,VJNKYFDZICRAQLPMWHGESOUXBT,7,11,0,0.255,8.763561,0.881116,1.10157,,1.0,0.0
0.3,16384,2,license_plate_bahnschrift.ttf,VJNKYFDZICRAQLPMWHGESOUXBT,7,11,1,0.255,8.763561,0.881116,1.10157,SO,0.923077,0.076923
0.4,16384,2,license_plate_bahnschrift.ttf,VJNKYFDZICRAQLPMWHGESOUXBT,7,11,0,0.34,10.119289,0.843436,0.953987,SO,0.923077,0.076923
0.4,16384,2,license_plate_bahnschrift.ttf,VJNKYFDZICRAQLPMWHGESOUXBT,7,11,1,0.34,10.119289,0.843436,0.953987,,1.0,0.0
0.5,16384,2,license_plate_bahnschrift.ttf,VJNKYFDZICRAQLPMWHGESOUXBT,7,11,0,0.425,11.313708,0.8067,0.853272,,1.0,0.0
0.5,16384,2,license_plate_bahnschrift.ttf,VJNKYFDZICRAQLPMWHGESOUXBT,7,11,1,0.425,11.313708,0.8067,0.853272,,1.0,0.0
0.6,16384,2,license_plate_bahnschrift.ttf,VJNKYFDZICRAQLPMWHGESOUXBT,7,11,0,0.51,12.393547,0.770893,0.778927,,1.0,0.0
0.6,16384,2,license_plate_bahnschrift.ttf,VJNKYFDZICRAQLPMWHGESOUXBT,7,11,1,0.51,12.393547,0.770893,0.778927,,1.0,0.0
0.7,16384,2,license_plate_bahnschrift.ttf,VJNKYFDZICRAQLPMWHGESOUXBT,7,11,0,0.595,13.38656,0.735998,0.721147,,1.0,0.0
0.7,16384,2,license_plate_bahnschrift.ttf,VJNKYFDZICRAQLPMWHGESOUXBT,7,11,1,0.595,13.38656,0.735998,0.721147,,1.0,0.0
0.8,16384,2,license_plate_bahnschrift.ttf,VJNKYFDZICRAQLPMWHGESOUXBT,7,11,0,0.68,14.310835,0.701998,0.674571,,1.0,0.0
0.8,16384,2,license_plate_bahnschrift.ttf,VJNKYFDZICRAQLPMWHGESOUXBT,7,11,1,0.68,14.310835,0.701998,0.674571,,1.0,0.0
0.9,16384,2,license_plate_bahnschrift.ttf,VJNKYFDZICRAQLPMWHGESOUXBT,7,11,0,0.765,15.178933,0.668877,0.635992,,1.0,0.0
0.9,16384,2,license_plate_bahnschrift.ttf,VJNKYFDZICRAQLPMWHGESOUXBT,7,11,1,0.765,15.178933,0.668877,0.635992,,1.0,0.0
1.0,16384,2,license_plate_bahnschrift.ttf,VJNKYFDZICRAQLPMWHGESOUXBT,7,11,0,0.85,16.0,0.63662,0.603355,,1.0,0.0
1.0,16384,2,license_plate_bahnschrift.ttf,VJNKYFDZICRAQLPMWHGESOUXBT,7,11,1,0.85,16.0,0.63662,0.603355,,1.0,0.0
0.1,16384,2,license_plate_bahnschrift.ttf,VJNKYFDZICRAQLPMWHGESOUXBT,7,15,0,0.085,5.059644,0.959381,1.907975,,1.0,0.0
0.1,16384,2,license_plate_bahnschrift.ttf,VJNKYFDZICRAQLPMWHGESOUXBT,7,15,1,0.085,5.059644,0.959381,1.907975,,1.0,0.0
0.2,16384,2,license_plate_bahnschrift.ttf,VJNKYFDZICRAQLPMWHGESOUXBT,7,15,0,0.17,7.155418,0.919759,1.349142,,1.0,0.0
0.2,16384,2,license_plate_bahnschrift.ttf,VJNKYFDZICRAQLPMWHGESOUXBT,7,15,1,0.17,7.155418,0.919759,1.349142,MA,0.961538,0.038462
0.3,16384,2,license_plate_bahnschrift.ttf,VJNKYFDZICRAQLPMWHGESOUXBT,7,15,0,0.255,8.763561,0.881116,1.10157,,1.0,0.0
0.3,16384,2,license_plate_bahnschrift.ttf,VJNKYFDZICRAQLPMWHGESOUXBT,7,15,1,0.255,8.763561,0.881116,1.10157,,1.0,0.0
0.4,16384,2,license_plate_bahnschrift.ttf,VJNKYFDZICRAQLPMWHGESOUXBT,7,15,0,0.34,10.119289,0.843436,0.953987,VO,0.923077,0.076923
0.4,16384,2,license_plate_bahnschrift.ttf,VJNKYFDZICRAQLPMWHGESOUXBT,7,15,1,0.34,10.119289,0.843436,0.953987,VO,0.923077,0.076923
0.5,16384,2,license_plate_bahnschrift.ttf,VJNKYFDZICRAQLPMWHGESOUXBT,7,15,0,0.425,11.313708,0.8067,0.853272,PF,0.961538,0.038462
0.5,16384,2,license_plate_bahnschrift.ttf,VJNKYFDZICRAQLPMWHGESOUXBT,7,15,1,0.425,11.313708,0.8067,0.853272,,1.0,0.0
0.6,16384,2,license_plate_bahnschrift.ttf,VJNKYFDZICRAQLPMWHGESOUXBT,7,15,0,0.51,12.393547,0.770893,0.778927,,1.0,0.0
0.6,16384,2,license_plate_bahnschrift.ttf,VJNKYFDZICRAQLPMWHGESOUXBT,7,15,1,0.51,12.393547,0.770893,0.778927,,1.0,0.0
0.7,16384,2,license_plate_bahnschrift.ttf,VJNKYFDZICRAQLPMWHGESOUXBT,7,15,0,0.595,13.38656,0.735998,0.721147,,1.0,0.0
0.7,16384,2,license_plate_bahnschrift.ttf,VJNKYFDZICRAQLPMWHGESOUXBT,7,15,1,0.595,13.38656,0.735998,0.721147,,1.0,0.0
0.8,16384,2,license_plate_bahnschrift.ttf,VJNKYFDZICRAQLPMWHGESOUXBT,7,15,0,0.68,14.310835,0.701998,0.674571,,1.0,0.0
0.8,16384,2,license_plate_bahnschrift.ttf,VJNKYFDZICRAQLPMWHGESOUXBT,7,15,1,0.68,14.310835,0.701998,0.674571,,1.0,0.0
0.9,16384,2,license_plate_bahnschrift.ttf,VJNKYFDZICRAQLPMWHGESOUXBT,7,15,0,0.765,15.178933,0.668877,0.635992,,1.0,0.0
0.9,16384,2,license_plate_bahnschrift.ttf,VJNKYFDZICRAQLPMWHGESOUXBT,7,15,1,0.765,15.178933,0.668877,0.635992,,1.0,0.0
1.0,16384,2,license_plate_bahnschrift.ttf,VJNKYFDZICRAQLPMWHGESOUXBT,7,15,0,0.85,16.0,0.63662,0.603355,,1.0,0.0
1.0,16384,2,license_plate_bahnschrift.ttf,VJNKYFDZICRAQLPMWHGESOUXBT,7,15,1,0.85,16.0,0.63662,0.603355,,1.0,0.0
0.1,16384,2,license_plate_bahnschrift.ttf,VJNKYFDZICRAQLPMWHGESOUXBT,11,0,0,0.085,5.059644,0.959381,1.907975,CD,0.961538,0.038462
0.1,16384,2,license_plate_bahnschrift.ttf,VJNKYFDZICRAQLPMWHGESOUXBT,11,0,1,0.085,5.059644,0.959381,1.907975,,1.0,0.0
0.2,16384,2,license_plate_bahnschrift.ttf,VJNKYFDZICRAQLPMWHGESOUXBT,11,0,0,0.17,7.155418,0.919759,1.349142,F,0.961538,0.038462
0.2,16384,2,license_plate_bahnschrift.ttf,VJNKYFDZICRAQLPMWHGESOUXBT,11,0,1,0.17,7.155418,0.919759,1.349142,,1.0,0.0
0.3,16384,2,license_plate_bahnschrift.ttf,VJNKYFDZICRAQLPMWHGESOUXBT,11,0,0,0.255,8.763561,0.881116,1.10157,SA,0.961538,0.038462
0.3,16384,2,license_plate_bahnschrift.ttf,VJNKYFDZICRAQLPMWHGESOUXBT,11,0,1,0.255,8.763561,0.881116,1.10157,A,0.961538,0.038462
0.4,16384,2,license_plate_bahnschrift.ttf,VJNKYFDZICRAQLPMWHGESOUXBT,11,0,0,0.34,10.119289,0.843436,0.953987,TS,0.961538,0.038462
0.4,16384,2,license_plate_bahnschrift.ttf,VJNKYFDZICRAQLPMWHGESOUXBT,11,0,1,0.34,10.119289,0.843436,0.953987,TSVW,0.961538,0.038462
0.5,16384,2,license_plate_bahnschrift.ttf,VJNKYFDZICRAQLPMWHGESOUXBT,11,0,0,0.425,11.313708,0.8067,0.853272,,1.0,0.0
0.5,16384,2,license_plate_bahnschrift.ttf,VJNKYFDZICRAQLPMWHGESOUXBT,11,0,1,0.425,11.313708,0.8067,0.853272,,1.0,0.0
0.6,16384,2,license_plate_bahnschrift.ttf,VJNKYFDZICRAQLPMWHGESOUXBT,11,0,0,0.51,12.393547,0.770893,0.778927,,1.0,0.0
0.6,16384,2,license_plate_bahnschrift.ttf,VJNKYFDZICRAQLPMWHGESOUXBT,11,0,1,0.51,12.393547,0.770893,0.778927,,1.0,0.0
0.7,16384,2,license_plate_bahnschrift.ttf,VJNKYFDZICRAQLPMWHGESOUXBT,11,0,0,0.595,13.38656,0.735998,0.721147,,1.0,0.0
0.7,16384,2,license_plate_bahnschrift.ttf,VJNKYFDZICRAQLPMWHGESOUXBT,11,0,1,0.595,13.38656,0.735998,0.721147,,1.0,0.0
0.8,16384,2,license_plate_bahnschrift.ttf,VJNKYFDZICRAQLPMWHGESOUXBT,11,0,0,0.68,14.310835,0.701998,0.674571,,1.0,0.0
0.8,16384,2,license_plate_bahnschrift.ttf,VJNKYFDZICRAQLPMWHGESOUXBT,11,0,1,0.68,14.310835,0.701998,0.674571,,1.0,0.0
0.9,16384,2,license_plate_bahnschrift.ttf,VJNKYFDZICRAQLPMWHGESOUXBT,11,0,0,0.765,15.178933,0.668877,0.635992,,1.0,0.0
0.9,16384,2,license_plate_bahnschrift.ttf,VJNKYFDZICRAQLPMWHGESOUXBT,11,0,1,0.765,15.178933,0.668877,0.635992,,1.0,0.0
1.0,16384,2,license_plate_bahnschrift.ttf,VJNKYFDZICRAQLPMWHGESOUXBT,11,0,0,0.85,16.0,0.63662,0.603355,,1.0,0.0
1.0,16384,2,license_plate_bahnschrift.ttf,VJNKYFDZICRAQLPMWHGESOUXBT,11,0,1,0.85,16.0,0.63662,0.603355,,1.0,0.0
0.1,16384,2,license_plate_bahnschrift.ttf,VJNKYFDZICRAQLPMWHGESOUXBT,11,3,0,0.085,5.059644,0.959381,1.907975,PRPLE,0.884615,0.115385
0.1,16384,2,license_plate_bahnschrift.ttf,VJNKYFDZICRAQLPMWHGESOUXBT,11,3,1,0.085,5.059644,0.959381,1.907975,PAP,0.923077,0.076923
0.2,16384,2,license_plate_bahnschrift.ttf,VJNKYFDZICRAQLPMWHGESOUXBT,11,3,0,0.17,7.155418,0.919759,1.349142,PT,0.923077,0.076923
0.2,16384,2,license_plate_bahnschrift.ttf,VJNKYFDZICRAQLPMWHGESOUXBT,11,3,1,0.17,7.155418,0.919759,1.349142,PTC,0.961538,0.038462
0.3,16384,2,license_plate_bahnschrift.ttf,VJNKYFDZICRAQLPMWHGESOUXBT,11,3,0,0.255,8.763561,0.881116,1.10157,B,0.961538,0.038462
0.3,16384,2,license_plate_bahnschrift.ttf,VJNKYFDZICRAQLPMWHGESOUXBT,11,3,1,0.255,8.763561,0.881116,1.10157,BS,0.961538,0.038462
0.4,16384,2,license_plate_bahnschrift.ttf,VJNKYFDZICRAQLPMWHGESOUXBT,11,3,0,0.34,10.119289,0.843436,0.953987,,1.0,0.0
0.4,16384,2,license_plate_bahnschrift.ttf,VJNKYFDZICRAQLPMWHGESOUXBT,11,3,1,0.34,10.119289,0.843436,0.953987,,1.0,0.0
0.5,16384,2,license_plate_bahnschrift.ttf,VJNKYFDZICRAQLPMWHGESOUXBT,11,3,0,0.425,11.313708,0.8067,0.853272,T,0.961538,0.038462
0.5,16384,2,license_plate_bahnschrift.ttf,VJNKYFDZICRAQLPMWHGESOUXBT,11,3,1,0.425,11.313708,0.8067,0.853272,S,0.961538,0.038462
0.6,16384,2,license_plate_bahnschrift.ttf,VJNKYFDZICRAQLPMWHGESOUXBT,11,3,0,0.51,12.393547,0.770893,0.778927,,1.0,0.0
0.6,16384,2,license_plate_bahnschrift.ttf,VJNKYFDZICRAQLPMWHGESOUXBT,11,3,1,0.51,12.393547,0.770893,0.778927,,1.0,0.0
0.7,16384,2,license_plate_bahnschrift.ttf,VJNKYFDZICRAQLPMWHGESOUXBT,11,3,0,0.595,13.38656,0.735998,0.721147,EF,0.961538,0.038462
0.7,16384,2,license_plate_bahnschrift.ttf,VJNKYFDZICRAQLPMWHGESOUXBT,11,3,1,0.595,13.38656,0.735998,0.721147,TEVE,0.961538,0.038462
0.8,16384,2,license_plate_bahnschrift.ttf,VJNKYFDZICRAQLPMWHGESOUXBT,11,3,0,0.68,14.310835,0.701998,0.674571,,1.0,0.0
0.8,16384,2,license_plate_bahnschrift.ttf,VJNKYFDZICRAQLPMWHGESOUXBT,11,3,1,0.68,14.310835,0.701998,0.674571,,1.0,0.0
0.9,16384,2,license_plate_bahnschrift.ttf,VJNKYFDZICRAQLPMWHGESOUXBT,11,3,0,0.765,15.178933,0.668877,0.635992,,1.0,0.0
0.9,16384,2,license_plate_bahnschrift.ttf,VJNKYFDZICRAQLPMWHGESOUXBT,11,3,1,0.765,15.178933,0.668877,0.635992,,1.0,0.0
1.0,16384,2,license_plate_bahnschrift.ttf,VJNKYFDZICRAQLPMWHGESOUXBT,11,3,0,0.85,16.0,0.63662,0.603355,,1.0,0.0
1.0,16384,2,license_plate_bahnschrift.ttf,VJNKYFDZICRAQLPMWHGESOUXBT,11,3,1,0.85,16.0,0.63662,0.603355,,1.0,0.0
0.1,16384,2,license_plate_bahnschrift.ttf,VJNKYFDZICRAQLPMWHGESOUXBT,11,7,0,0.085,5.059644,0.959381,1.907975,OUTT,0.884615,0.115385
0.1,16384,2,license_plate_bahnschrift.ttf,VJNKYFDZICRAQLPMWHGESOUXBT,11,7,1,0.085,5.059644,0.959381,1.907975,OWT,0.923077,0.076923
0.2,16384,2,license_plate_bahnschrift.ttf,VJNKYFDZICRAQLPMWHGESOUXBT,11,7,0,0.17,7.155418,0.919759,1.349142,,1.0,0.0
0.2,16384,2,license_plate_bahnschrift.ttf,VJNKYFDZICRAQLPMWHGESOUXBT,11,7,1,0.17,7.155418,0.919759,1.349142,,1.0,0.0
0.3,16384,2,license_plate_bahnschrift.ttf,VJNKYFDZICRAQLPMWHGESOUXBT,11,7,0,0.255,8.763561,0.881116,1.10157,OR,0.961538,0.038462
0.3,16384,2,license_plate_bahnschrift.ttf,VJNKYFDZICRAQLPMWHGESOUXBT,11,7,1,0.255,8.763561,0.881116,1.10157,RR,0.961538,0.038462
0.4,16384,2,license_plate_bahnschrift.ttf,VJNKYFDZICRAQLPMWHGESOUXBT,11,7,0,0.34,10.119289,0.843436,0.953987,UTASCF,0.923077,0.076923
0.4,16384,2,license_plate_bahnschrift.ttf,VJNKYFDZICRAQLPMWHGESOUXBT,11,7,1,0.34,10.119289,0.843436,0.953987,AWETTABF,0.846154,0.153846
0.5,16384,2,license_plate_bahnschrift.ttf,VJNKYFDZICRAQLPMWHGESOUXBT,11,7,0,0.425,11.313708,0.8067,0.853272,CN,0.961538,0.038462
0.5,16384,2,license_plate_bahnschrift.ttf,VJNKYFDZICRAQLPMWHGESOUXBT,11,7,1,0.425,11.313708,0.8067,0.853272,TOF,0.961538,0.038462
0.6,16384,2,license_plate_bahnschrift.ttf,VJNKYFDZICRAQLPMWHGESOUXBT,11,7,0,0.51,12.393547,0.770893,0.778927,,1.0,0.0
0.6,16384,2,license_plate_bahnschrift.ttf,VJNKYFDZICRAQLPMWHGESOUXBT,11,7,1,0.51,12.393547,0.770893,0.778927,OEROOF,0.923077,0.076923
0.7,16384,2,license_plate_bahnschrift.ttf,VJNKYFDZICRAQLPMWHGESOUXBT,11,7,0,0.595,13.38656,0.735998,0.721147,CRF,0.923077,0.076923
0.7,16384,2,license_plate_bahnschrift.ttf,VJNKYFDZICRAQLPMWHGESOUXBT,11,7,1,0.595,13.38656,0.735998,0.721147,ERT,0.923077,0.076923
0.8,16384,2,license_plate_bahnschrift.ttf,VJNKYFDZICRAQLPMWHGESOUXBT,11,7,0,0.68,14.310835,0.701998,0.674571,,1.0,0.0
0.8,16384,2,license_plate_bahnschrift.ttf,VJNKYFDZICRAQLPMWHGESOUXBT,11,7,1,0.68,14.310835,0.701998,0.674571,,1.0,0.0
0.9,16384,2,license_plate_bahnschrift.ttf,VJNKYFDZICRAQLPMWHGESOUXBT,11,7,0,0.765,15.178933,0.668877,0.635992,,1.0,0.0
0.9,16384,2,license_plate_bahnschrift.ttf,VJNKYFDZICRAQLPMWHGESOUXBT,11,7,1,0.765,15.178933,0.668877,0.635992,,1.0,0.0
1.0,16384,2,license_plate_bahnschrift.ttf,VJNKYFDZICRAQLPMWHGESOUXBT,11,7,0,0.85,16.0,0.63662,0.603355,,1.0,0.0
1.0,16384,2,license_plate_bahnschrift.ttf,VJNKYFDZICRAQLPMWHGESOUXBT,11,7,1,0.85,16.0,0.63662,0.603355,F,0.961538,0.038462
0.1,16384,2,license_plate_bahnschrift.ttf,VJNKYFDZICRAQLPMWHGESOUXBT,11,11,0,0.085,5.059644,0.959381,1.907975,ST,0.923077,0.076923
0.1,16384,2,license_plate_bahnschrift.ttf,VJNKYFDZICRAQLPMWHGESOUXBT,11,11,1,0.085,5.059644,0.959381,1.907975,TTO,0.961538,0.038462
0.2,16384,2,license_plate_bahnschrift.ttf,VJNKYFDZICRAQLPMWHGESOUXBT,11,11,0,0.17,7.155418,0.919759,1.349142,S,0.961538,0.038462
0.2,16384,2,license_plate_bahnschrift.ttf,VJNKYFDZICRAQLPMWHGESOUXBT,11,11,1,0.17,7.155418,0.919759,1.349142,ST,0.923077,0.076923
0.3,16384,2,license_plate_bahnschrift.ttf,VJNKYFDZICRAQLPMWHGESOUXBT,11,11,0,0.255,8.763561,0.881116,1.10157,,1.0,0.0
0.3,16384,2,license_plate_bahnschrift.ttf,VJNKYFDZICRAQLPMWHGESOUXBT,11,11,1,0.255,8.763561,0.881116,1.10157,,1.0,0.0
0.4,16384,2,license_plate_bahnschrift.ttf,VJNKYFDZICRAQLPMWHGESOUXBT,11,11,0,0.34,10.119289,0.843436,0.953987,,1.0,0.0
0.4,16384,2,license_plate_bahnschrift.ttf,VJNKYFDZICRAQLPMWHGESOUXBT,11,11,1,0.34,10.119289,0.843436,0.953987,SS,0.961538,0.038462
0.5,16384,2,license_plate_bahnschrift.ttf,VJNKYFDZICRAQLPMWHGESOUXBT,11,11,0,0.425,11.313708,0.8067,0.853272,AS,0.923077,0.076923
0.5,16384,2,license_plate_bahnschrift.ttf,VJNKYFDZICRAQLPMWHGESOUXBT,11,11,1,0.425,11.313708,0.8067,0.853272,AS,0.923077,0.076923
0.6,16384,2,license_plate_bahnschrift.ttf,VJNKYFDZICRAQLPMWHGESOUXBT,11,11,0,0.51,12.393547,0.770893,0.778927,LSSOF,0.884615,0.115385
0.6,16384,2,license_plate_bahnschrift.ttf,VJNKYFDZICRAQLPMWHGESOUXBT,11,11,1,0.51,12.393547,0.770893,0.778927,SF,0.961538,0.038462
0.7,16384,2,license_plate_bahnschrift.ttf,VJNKYFDZICRAQLPMWHGESOUXBT,11,11,0,0.595,13.38656,0.735998,0.721147,LOSOF,0.884615,0.115385
0.7,16384,2,license_plate_bahnschrift.ttf,VJNKYFDZICRAQLPMWHGESOUXBT,11,11,1,0.595,13.38656,0.735998,0.721147,OS,0.961538,0.038462
0.8,16384,2,license_plate_bahnschrift.ttf,VJNKYFDZICRAQLPMWHGESOUXBT,11,11,0,0.68,14.310835,0.701998,0.674571,SAOF,0.923077,0.076923
0.8,16384,2,license_plate_bahnschrift.ttf,VJNKYFDZICRAQLPMWHGESOUXBT,11,11,1,0.68,14.310835,0.701998,0.674571,OCSOF,0.884615,0.115385
0.9,16384,2,license_plate_bahnschrift.ttf,VJNKYFDZICRAQLPMWHGESOUXBT,11,11,0,0.765,15.178933,0.668877,0.635992,,1.0,0.0
0.9,16384,2,license_plate_bahnschrift.ttf,VJNKYFDZICRAQLPMWHGESOUXBT,11,11,1,0.765,15.178933,0.668877,0.635992,,1.0,0.0
1.0,16384,2,license_plate_bahnschrift.ttf,VJNKYFDZICRAQLPMWHGESOUXBT,11,11,0,0.85,16.0,0.63662,0.603355,,1.0,0.0
1.0,16384,2,license_plate_bahnschrift.ttf,VJNKYFDZICRAQLPMWHGESOUXBT,11,11,1,0.85,16.0,0.63662,0.603355,,1.0,0.0
0.1,16384,2,license_plate_bahnschrift.ttf,VJNKYFDZICRAQLPMWHGESOUXBT,11,15,0,0.085,5.059644,0.959381,1.907975,,1.0,0.0
0.1,16384,2,license_plate_bahnschrift.ttf,VJNKYFDZICRAQLPMWHGESOUXBT,11,15,1,0.085,5.059644,0.959381,1.907975,SD,0.961538,0.038462
0.2,16384,2,license_plate_bahnschrift.ttf,VJNKYFDZICRAQLPMWHGESOUXBT,11,15,0,0.17,7.155418,0.919759,1.349142,F,0.961538,0.038462
0.2,16384,2,license_plate_bahnschrift.ttf,VJNKYFDZICRAQLPMWHGESOUXBT,11,15,1,0.17,7.155418,0.919759,1.349142,,1.0,0.0
0.3,16384,2,license_plate_bahnschrift.ttf,VJNKYFDZICRAQLPMWHGESOUXBT,11,15,0,0.255,8.763561,0.881116,1.10157,,1.0,0.0
0.3,16384,2,license_plate_bahnschrift.ttf,VJNKYFDZICRAQLPMWHGESOUXBT,11,15,1,0.255,8.763561,0.881116,1.10157,,1.0,0.0
0.4,16384,2,license_plate_bahnschrift.ttf,VJNKYFDZICRAQLPMWHGESOUXBT,11,15,0,0.34,10.119289,0.843436,0.953987,A,0.961538,0.038462
0.4,16384,2,license_plate_bahnschrift.ttf,VJNKYFDZICRAQLPMWHGESOUXBT,11,15,1,0.34,10.119289,0.843436,0.953987,A,0.961538,0.038462
0.5,16384,2,license_plate_bahnschrift.ttf,VJNKYFDZICRAQLPMWHGESOUXBT,11,15,0,0.425,11.313708,0.8067,0.853272,SV,0.961538,0.038462
0.5,16384,2,license_plate_bahnschrift.ttf,VJNKYFDZICRAQLPMWHGESOUXBT,11,15,1,0.425,11.313708,0.8067,0.853272,SE,0.961538,0.038462
0.6,16384,2,license_plate_bahnschrift.ttf,VJNKYFDZICRAQLPMWHGESOUXBT,11,15,0,0.51,12.393547,0.770893,0.778927,,1.0,0.0
0.6,16384,2,license_plate_bahnschrift.ttf,VJNKYFDZICRAQLPMWHGESOUXBT,11,15,1,0.51,12.393547,0.770893,0.778927,,1.0,0.0
0.7,16384,2,license_plate_bahnschrift.ttf,VJNKYFDZICRAQLPMWHGESOUXBT,11,15,0,0.595,13.38656,0.735998,0.721147,,1.0,0.0
0.7,16384,2,license_plate_bahnschrift.ttf,VJNKYFDZICRAQLPMWHGESOUXBT,11,15,1,0.595,13.38656,0.735998,0.721147,,1.0,0.0
0.8,16384,2,license_plate_bahnschrift.ttf,VJNKYFDZICRAQLPMWHGESOUXBT,11,15,0,0.68,14.310835,0.701998,0.674571,,1.0,0.0
0.8,16384,2,license_plate_bahnschrift.ttf,VJNKYFDZICRAQLPMWHGESOUXBT,11,15,1,0.68,14.310835,0.701998,0.674571,,1.0,0.0
0.9,16384,2,license_plate_bahnschrift.ttf,VJNKYFDZICRAQLPMWHGESOUXBT,11,15,0,0.765,15.178933,0.668877,0.635992,,1.0,0.0
0.9,16384,2,license_plate_bahnschrift.ttf,VJNKYFDZICRAQLPMWHGESOUXBT,11,15,1,0.765,15.178933,0.668877,0.635992,,1.0,0.0
1.0,16384,2,license_plate_bahnschrift.ttf,VJNKYFDZICRAQLPMWHGESOUXBT,11,15,0,0.85,16.0,0.63662,0.603355,,1.0,0.0
1.0,16384,2,license_plate_bahnschrift.ttf,VJNKYFDZICRAQLPMWHGESOUXBT,11,15,1,0.85,16.0,0.63662,0.603355,,1.0,0.0
0.1,16384,2,license_plate_bahnschrift.ttf,VJNKYFDZICRAQLPMWHGESOUXBT,15,0,0,0.085,5.059644,0.959381,1.907975,,1.0,0.0
0.1,16384,2,license_plate_bahnschrift.ttf,VJNKYFDZICRAQLPMWHGESOUXBT,15,0,1,0.085,5.059644,0.959381,1.907975,,1.0,0.0
0.2,16384,2,license_plate_bahnschrift.ttf,VJNKYFDZICRAQLPMWHGESOUXBT,15,0,0,0.17,7.155418,0.919759,1.349142,,1.0,0.0
0.2,16384,2,license_plate_bahnschrift.ttf,VJNKYFDZICRAQLPMWHGESOUXBT,15,0,1,0.17,7.155418,0.919759,1.349142,,1.0,0.0
0.3,16384,2,license_plate_bahnschrift.ttf,VJNKYFDZICRAQLPMWHGESOUXBT,15,0,0,0.255,8.763561,0.881116,1.10157,,1.0,0.0
0.3,16384,2,license_plate_bahnschrift.ttf,VJNKYFDZICRAQLPMWHGESOUXBT,15,0,1,0.255,8.763561,0.881116,1.10157,,1.0,0.0
0.4,16384,2,license_plate_bahnschrift.ttf,VJNKYFDZICRAQLPMWHGESOUXBT,15,0,0,0.34,10.119289,0.843436,0.953987,,1.0,0.0
0.4,16384,2,license_plate_bahnschrift.ttf,VJNKYFDZICRAQLPMWHGESOUXBT,15,0,1,0.34,10.119289,0.843436,0.953987,,1.0,0.0
0.5,16384,2,license_plate_bahnschrift.ttf,VJNKYFDZICRAQLPMWHGESOUXBT,15,0,0,0.425,11.313708,0.8067,0.853272,,1.0,0.0
0.5,16384,2,license_plate_bahnschrift.ttf,VJNKYFDZICRAQLPMWHGESOUXBT,15,0,1,0.425,11.313708,0.8067,0.853272,,1.0,0.0
0.6,16384,2,license_plate_bahnschrift.ttf,VJNKYFDZICRAQLPMWHGESOUXBT,15,0,0,0.51,12.393547,0.770893,0.778927,,1.0,0.0
0.6,16384,2,license_plate_bahnschrift.ttf,VJNKYFDZICRAQLPMWHGESOUXBT,15,0,1,0.51,12.393547,0.770893,0.778927,,1.0,0.0
0.7,16384,2,license_plate_bahnschrift.ttf,VJNKYFDZICRAQLPMWHGESOUXBT,15,0,0,0.595,13.38656,0.735998,0.721147,,1.0,0.0
0.7,16384,2,license_plate_bahnschrift.ttf,VJNKYFDZICRAQLPMWHGESOUXBT,15,0,1,0.595,13.38656,0.735998,0.721147,,1.0,0.0
0.8,16384,2,license_plate_bahnschrift.ttf,VJNKYFDZICRAQLPMWHGESOUXBT,15,0,0,0.68,14.310835,0.701998,0.674571,,1.0,0.0
0.8,16384,2,license_plate_bahnschrift.ttf,VJNKYFDZICRAQLPMWHGESOUXBT,15,0,1,0.68,14.310835,0.701998,0.674571,,1.0,0.0
0.9,16384,2,license_plate_bahnschrift.ttf,VJNKYFDZICRAQLPMWHGESOUXBT,15,0,0,0.765,15.178933,0.668877,0.635992,,1.0,0.0
0.9,16384,2,license_plate_bahnschrift.ttf,VJNKYFDZICRAQLPMWHGESOUXBT,15,0,1,0.765,15.178933,0.668877,0.635992,,1.0,0.0
1.0,16384,2,license_plate_bahnschrift.ttf,VJNKYFDZICRAQLPMWHGESOUXBT,15,0,0,0.85,16.0,0.63662,0.603355,,1.0,0.0
1.0,16384,2,license_plate_bahnschrift.ttf,VJNKYFDZICRAQLPMWHGESOUXBT,15,0,1,0.85,16.0,0.63662,0.603355,,1.0,0.0
0.1,16384,2,license_plate_bahnschrift.ttf,VJNKYFDZICRAQLPMWHGESOUXBT,15,3,0,0.085,5.059644,0.959381,1.907975,O,0.961538,0.038462
0.1,16384,2,license_plate_bahnschrift.ttf,VJNKYFDZICRAQLPMWHGESOUXBT,15,3,1,0.085,5.059644,0.959381,1.907975,AS,0.923077,0.076923
0.2,16384,2,license_plate_bahnschrift.ttf,VJNKYFDZICRAQLPMWHGESOUXBT,15,3,0,0.17,7.155418,0.919759,1.349142,MS,0.923077,0.076923
0.2,16384,2,license_plate_bahnschrift.ttf,VJNKYFDZICRAQLPMWHGESOUXBT,15,3,1,0.17,7.155418,0.919759,1.349142,MSS,0.923077,0.076923
0.3,16384,2,license_plate_bahnschrift.ttf,VJNKYFDZICRAQLPMWHGESOUXBT,15,3,0,0.255,8.763561,0.881116,1.10157,SS,0.961538,0.038462
0.3,16384,2,license_plate_bahnschrift.ttf,VJNKYFDZICRAQLPMWHGESOUXBT,15,3,1,0.255,8.763561,0.881116,1.10157,S,0.961538,0.038462
0.4,16384,2,license_plate_bahnschrift.ttf,VJNKYFDZICRAQLPMWHGESOUXBT,15,3,0,0.34,10.119289,0.843436,0.953987,,1.0,0.0
0.4,16384,2,license_plate_bahnschrift.ttf,VJNKYFDZICRAQLPMWHGESOUXBT,15,3,1,0.34,10.119289,0.843436,0.953987,T,0.961538,0.038462
0.5,16384,2,license_plate_bahnschrift.ttf,VJNKYFDZICRAQLPMWHGESOUXBT,15,3,0,0.425,11.313708,0.8067,0.853272,W,0.961538,0.038462
0.5,16384,2,license_plate_bahnschrift.ttf,VJNKYFDZICRAQLPMWHGESOUXBT,15,3,1,0.425,11.313708,0.8067,0.853272,,1.0,0.0
0.6,16384,2,license_plate_bahnschrift.ttf,VJNKYFDZICRAQLPMWHGESOUXBT,15,3,0,0.51,12.393547,0.770893,0.778927,,1.0,0.0
0.6,16384,2,license_plate_bahnschrift.ttf,VJNKYFDZICRAQLPMWHGESOUXBT,15,3,1,0.51,12.393547,0.770893,0.778927,,1.0,0.0
0.7,16384,2,license_plate_bahnschrift.ttf,VJNKYFDZICRAQLPMWHGESOUXBT,15,3,0,0.595,13.38656,0.735998,0.721147,,1.0,0.0
0.7,16384,2,license_plate_bahnschrift.ttf,VJNKYFDZICRAQLPMWHGESOUXBT,15,3,1,0.595,13.38656,0.735998,0.721147,,1.0,0.0
0.8,16384,2,license_plate_bahnschrift.ttf,VJNKYFDZICRAQLPMWHGESOUXBT,15,3,0,0.68,14.310835,0.701998,0.674571,,1.0,0.0
0.8,16384,2,license_plate_bahnschrift.ttf,VJNKYFDZICRAQLPMWHGESOUXBT,15,3,1,0.68,14.310835,0.701998,0.674571,,1.0,0.0
0.9,16384,2,license_plate_bahnschrift.ttf,VJNKYFDZICRAQLPMWHGESOUXBT,15,3,0,0.765,15.178933,0.668877,0.635992,,1.0,0.0
0.9,16384,2,license_plate_bahnschrift.ttf,VJNKYFDZICRAQLPMWHGESOUXBT,15,3,1,0.765,15.178933,0.668877,0.635992,,1.0,0.0
1.0,16384,2,license_plate_bahnschrift.ttf,VJNKYFDZICRAQLPMWHGESOUXBT,15,3,0,0.85,16.0,0.63662,0.603355,,1.0,0.0
1.0,16384,2,license_plate_bahnschrift.ttf,VJNKYFDZICRAQLPMWHGESOUXBT,15,3,1,0.85,16.0,0.63662,0.603355,,1.0,0.0
0.1,16384,2,license_plate_bahnschrift.ttf,VJNKYFDZICRAQLPMWHGESOUXBT,15,7,0,0.085,5.059644,0.959381,1.907975,O,0.961538,0.038462
0.1,16384,2,license_plate_bahnschrift.ttf,VJNKYFDZICRAQLPMWHGESOUXBT,15,7,1,0.085,5.059644,0.959381,1.907975,CO,0.923077,0.076923
0.2,16384,2,license_plate_bahnschrift.ttf,VJNKYFDZICRAQLPMWHGESOUXBT,15,7,0,0.17,7.155418,0.919759,1.349142,OF,0.961538,0.038462
0.2,16384,2,license_plate_bahnschrift.ttf,VJNKYFDZICRAQLPMWHGESOUXBT,15,7,1,0.17,7.155418,0.919759,1.349142,,1.0,0.0
0.3,16384,2,license_plate_bahnschrift.ttf,VJNKYFDZICRAQLPMWHGESOUXBT,15,7,0,0.255,8.763561,0.881116,1.10157,TT,0.961538,0.038462
0.3,16384,2,license_plate_bahnschrift.ttf,VJNKYFDZICRAQLPMWHGESOUXBT,15,7,1,0.255,8.763561,0.881116,1.10157,S,0.961538,0.038462
0.4,16384,2,license_plate_bahnschrift.ttf,VJNKYFDZICRAQLPMWHGESOUXBT,15,7,0,0.34,10.119289,0.843436,0.953987,SS,0.961538,0.038462
0.4,16384,2,license_plate_bahnschrift.ttf,VJNKYFDZICRAQLPMWHGESOUXBT,15,7,1,0.34,10.119289,0.843436,0.953987,S,0.961538,0.038462
0.5,16384,2,license_plate_bahnschrift.ttf,VJNKYFDZICRAQLPMWHGESOUXBT,15,7,0,0.425,11.313708,0.8067,0.853272,OTP,0.961538,0.038462
0.5,16384,2,license_plate_bahnschrift.ttf,VJNKYFDZICRAQLPMWHGESOUXBT,15,7,1,0.425,11.313708,0.8067,0.853272,,1.0,0.0
0.6,16384,2,license_plate_bahnschrift.ttf,VJNKYFDZICRAQLPMWHGESOUXBT,15,7,0,0.51,12.393547,0.770893,0.778927,CT,0.923077,0.076923
0.6,16384,2,license_plate_bahnschrift.ttf,VJNKYFDZICRAQLPMWHGESOUXBT,15,7,1,0.51,12.393547,0.770893,0.778927,CT,0.923077,0.076923
0.7,16384,2,license_plate_bahnschrift.ttf,VJNKYFDZICRAQLPMWHGESOUXBT,15,7,0,0.595,13.38656,0.735998,0.721147,,1.0,0.0
0.7,16384,2,license_plate_bahnschrift.ttf,VJNKYFDZICRAQLPMWHGESOUXBT,15,7,1,0.595,13.38656,0.735998,0.721147,,1.0,0.0
0.8,16384,2,license_plate_bahnschrift.ttf,VJNKYFDZICRAQLPMWHGESOUXBT,15,7,0,0.68,14.310835,0.701998,0.674571,,1.0,0.0
0.8,16384,2,license_plate_bahnschrift.ttf,VJNKYFDZICRAQLPMWHGESOUXBT,15,7,1,0.68,14.310835,0.701998,0.674571,,1.0,0.0
0.9,16384,2,license_plate_bahnschrift.ttf,VJNKYFDZICRAQLPMWHGESOUXBT,15,7,0,0.765,15.178933,0.668877,0.635992,,1.0,0.0
0.9,16384,2,license_plate_bahnschrift.ttf,VJNKYFDZICRAQLPMWHGESOUXBT,15,7,1,0.765,15.178933,0.668877,0.635992,,1.0,0.0
1.0,16384,2,license_plate_bahnschrift.ttf,VJNKYFDZICRAQLPMWHGESOUXBT,15,7,0,0.85,16.0,0.63662,0.603355,OO,0.961538,0.038462
1.0,16384,2,license_plate_bahnschrift.ttf,VJNKYFDZICRAQLPMWHGESOUXBT,15,7,1,0.85,16.0,0.63662,0.603355,,1.0,0.0
0.1,16384,2,license_plate_bahnschrift.ttf,VJNKYFDZICRAQLPMWHGESOUXBT,15,11,0,0.085,5.059644,0.959381,1.907975,OF,0.961538,0.038462
0.1,16384,2,license_plate_bahnschrift.ttf,VJNKYFDZICRAQLPMWHGESOUXBT,15,11,1,0.085,5.059644,0.959381,1.907975,FOF,0.923077,0.076923
0.2,16384,2,license_plate_bahnschrift.ttf,VJNKYFDZICRAQLPMWHGESOUXBT,15,11,0,0.17,7.155418,0.919759,1.349142,PF,0.961538,0.038462
0.2,16384,2,license_plate_bahnschrift.ttf,VJNKYFDZICRAQLPMWHGESOUXBT,15,11,1,0.17,7.155418,0.919759,1.349142,VP,0.923077,0.076923
0.3,16384,2,license_plate_bahnschrift.ttf,VJNKYFDZICRAQLPMWHGESOUXBT,15,11,0,0.255,8.763561,0.881116,1.10157,PP,0.961538,0.038462
0.3,16384,2,license_plate_bahnschrift.ttf,VJNKYFDZICRAQLPMWHGESOUXBT,15,11,1,0.255,8.763561,0.881116,1.10157,PS,0.923077,0.076923
0.4,16384,2,license_plate_bahnschrift.ttf,VJNKYFDZICRAQLPMWHGESOUXBT,15,11,0,0.34,10.119289,0.843436,0.953987,I,0.961538,0.038462
0.4,16384,2,license_plate_bahnschrift.ttf,VJNKYFDZICRAQLPMWHGESOUXBT,15,11,1,0.34,10.119289,0.843436,0.953987,P,0.961538,0.038462
0.5,16384,2,license_plate_bahnschrift.ttf,VJNKYFDZICRAQLPMWHGESOUXBT,15,11,0,0.425,11.313708,0.8067,0.853272,OO,0.961538,0.038462
0.5,16384,2,license_plate_bahnschrift.ttf,VJNKYFDZICRAQLPMWHGESOUXBT,15,11,1,0.425,11.313708,0.8067,0.853272,OL,0.961538,0.038462
0.6,16384,2,license_plate_bahnschrift.ttf,VJNKYFDZICRAQLPMWHGESOUXBT,15,11,0,0.51,12.393547,0.770893,0.778927,ON,0.961538,0.038462
0.6,16384,2,license_plate_bahnschrift.ttf,VJNKYFDZICRAQLPMWHGESOUXBT,15,11,1,0.51,12.393547,0.770893,0.778927,OO,0.961538,0.038462
0.7,16384,2,license_plate_bahnschrift.ttf,VJNKYFDZICRAQLPMWHGESOUXBT,15,11,0,0.595,13.38656,0.735998,0.721147,,1.0,0.0
0.7,16384,2,license_plate_bahnschrift.ttf,VJNKYFDZICRAQLPMWHGESOUXBT,15,11,1,0.595,13.38656,0.735998,0.721147,,1.0,0.0
0.8,16384,2,license_plate_bahnschrift.ttf,VJNKYFDZICRAQLPMWHGESOUXBT,15,11,0,0.68,14.310835,0.701998,0.674571,UP,0.961538,0.038462
0.8,16384,2,license_plate_bahnschrift.ttf,VJNKYFDZICRAQLPMWHGESOUXBT,15,11,1,0.68,14.310835,0.701998,0.674571,CT,0.923077,0.076923
0.9,16384,2,license_plate_bahnschrift.ttf,VJNKYFDZICRAQLPMWHGESOUXBT,15,11,0,0.765,15.178933,0.668877,0.635992,L,0.961538,0.038462
0.9,16384,2,license_plate_bahnschrift.ttf,VJNKYFDZICRAQLPMWHGESOUXBT,15,11,1,0.765,15.178933,0.668877,0.635992,,1.0,0.0
1.0,16384,2,license_plate_bahnschrift.ttf,VJNKYFDZICRAQLPMWHGESOUXBT,15,11,0,0.85,16.0,0.63662,0.603355,TS,0.961538,0.038462
1.0,16384,2,license_plate_bahnschrift.ttf,VJNKYFDZICRAQLPMWHGESOUXBT,15,11,1,0.85,16.0,0.63662,0.603355,,1.0,0.0
0.1,16384,2,license_plate_bahnschrift.ttf,VJNKYFDZICRAQLPMWHGESOUXBT,15,15,0,0.085,5.059644,0.959381,1.907975,,1.0,0.0
0.1,16384,2,license_plate_bahnschrift.ttf,VJNKYFDZICRAQLPMWHGESOUXBT,15,15,1,0.085,5.059644,0.959381,1.907975,,1.0,0.0
0.2,16384,2,license_plate_bahnschrift.ttf,VJNKYFDZICRAQLPMWHGESOUXBT,15,15,0,0.17,7.155418,0.919759,1.349142,,1.0,0.0
0.2,16384,2,license_plate_bahnschrift.ttf,VJNKYFDZICRAQLPMWHGESOUXBT,15,15,1,0.17,7.155418,0.919759,1.349142,,1.0,0.0
0.3,16384,2,license_plate_bahnschrift.ttf,VJNKYFDZICRAQLPMWHGESOUXBT,15,15,0,0.255,8.763561,0.881116,1.10157,OA,0.961538,0.038462
0.3,16384,2,license_plate_bahnschrift.ttf,VJNKYFDZICRAQLPMWHGESOUXBT,15,15,1,0.255,8.763561,0.881116,1.10157,,1.0,0.0
0.4,16384,2,license_plate_bahnschrift.ttf,VJNKYFDZICRAQLPMWHGESOUXBT,15,15,0,0.34,10.119289,0.843436,0.953987,WSA,0.923077,0.076923
0.4,16384,2,license_plate_bahnschrift.ttf,VJNKYFDZICRAQLPMWHGESOUXBT,15,15,1,0.34,10.119289,0.843436,0.953987,,1.0,0.0
0.5,16384,2,license_plate_bahnschrift.ttf,VJNKYFDZICRAQLPMWHGESOUXBT,15,15,0,0.425,11.313708,0.8067,0.853272,,1.0,0.0
0.5,16384,2,license_plate_bahnschrift.ttf,VJNKYFDZICRAQLPMWHGESOUXBT,15,15,1,0.425,11.313708,0.8067,0.853272,,1.0,0.0
0.6,16384,2,license_plate_bahnschrift.ttf,VJNKYFDZICRAQLPMWHGESOUXBT,15,15,0,0.51,12.393547,0.770893,0.778927,,1.0,0.0
0.6,16384,2,license_plate_bahnschrift.ttf,VJNKYFDZICRAQLPMWHGESOUXBT,15,15,1,0.51,12.393547,0.770893,0.778927,,1.0,0.0
0.7,16384,2,license_plate_bahnschrift.ttf,VJNKYFDZICRAQLPMWHGESOUXBT,15,15,0,0.595,13.38656,0.735998,0.721147,,1.0,0.0
0.7,16384,2,license_plate_bahnschrift.ttf,VJNKYFDZICRAQLPMWHGESOUXBT,15,15,1,0.595,13.38656,0.735998,0.721147,,1.0,0.0
0.8,16384,2,license_plate_bahnschrift.ttf,VJNKYFDZICRAQLPMWHGESOUXBT,15,15,0,0.68,14.310835,0.701998,0.674571,,1.0,0.0
0.8,16384,2,license_plate_bahnschrift.ttf,VJNKYFDZICRAQLPMWHGESOUXBT,15,15,1,0.68,14.310835,0.701998,0.674571,,1.0,0.0
0.9,16384,2,license_plate_bahnschrift.ttf,VJNKYFDZICRAQLPMWHGESOUXBT,15,15,0,0.765,15.178933,0.668877,0.635992,,1.0,0.0
0.9,16384,2,license_plate_bahnschrift.ttf,VJNKYFDZICRAQLPMWHGESOUXBT,15,15,1,0.765,15.178933,0.668877,0.635992,,1.0,0.0
1.0,16384,2,license_plate_bahnschrift.ttf,VJNKYFDZICRAQLPMWHGESOUXBT,15,15,0,0.85,16.0,0.63662,0.603355,,1.0,0.0
1.0,16384,2,license_plate_bahnschrift.ttf,VJNKYFDZICRAQLPMWHGESOUXBT,15,15,1,0.85,16.0,0.63662,0.603355,,1.0,0.0
0.1,16384,3,license_plate_bahnschrift.ttf,VJNKYFDZICRAQLPMWHGESOUXBT,0,0,0,0.085,5.059644,0.959381,1.907975,VOGPCRAN,0.846154,0.153846
0.1,16384,3,license_plate_bahnschrift.ttf,VJNKYFDZICRAQLPMWHGESOUXBT,0,0,1,0.085,5.059644,0.959381,1.907975,VOMECRANSES,0.769231,0.230769
0.2,16384,3,license_plate_bahnschrift.ttf,VJNKYFDZICRAQLPMWHGESOUXBT,0,0,0,0.17,7.155418,0.919759,1.349142,VGMEVSRANBELS,0.846154,0.153846
0.2,16384,3,license_plate_bahnschrift.ttf,VJNKYFDZICRAQLPMWHGESOUXBT,0,0,1,0.17,7.155418,0.919759,1.349142,VOMEVSRANBES,0.807692,0.192308
0.3,16384,3,license_plate_bahnschrift.ttf,VJNKYFDZICRAQLPMWHGESOUXBT,0,0,0,0.255,8.763561,0.881116,1.10157,VOEVSZANYSBECS,0.846154,0.153846
0.3,16384,3,license_plate_bahnschrift.ttf,VJNKYFDZICRAQLPMWHGESOUXBT,0,0,1,0.255,8.763561,0.881116,1.10157,WOEVSANYSBECS,0.923077,0.076923
0.4,16384,3,license_plate_bahnschrift.ttf,VJNKYFDZICRAQLPMWHGESOUXBT,0,0,0,0.34,10.119289,0.843436,0.953987,VOVEEVSZANPBCO,0.807692,0.192308
0.4,16384,3,license_plate_bahnschrift.ttf,VJNKYFDZICRAQLPMWHGESOUXBT,0,0,1,0.34,10.119289,0.843436,0.953987,VOTREEVZANYBEO,0.807692,0.192308
0.5,16384,3,license_plate_bahnschrift.ttf,VJNKYFDZICRAQLPMWHGESOUXBT,0,0,0,0.425,11.313708,0.8067,0.853272,VOCVAEVZAANYSBEOS,0.807692,0.192308
0.5,16384,3,license_plate_bahnschrift.ttf,VJNKYFDZICRAQLPMWHGESOUXBT,0,0,1,0.425,11.313708,0.8067,0.853272,VOSCTVAKVAANYSBEOS,0.846154,0.153846
0.6,16384,3,license_plate_bahnschrift.ttf,VJNKYFDZICRAQLPMWHGESOUXBT,0,0,0,0.51,12.393547,0.770893,0.778927,VPSCTIREVSAANPBOOG,0.846154,0.153846
0.6,16384,3,license_plate_bahnschrift.ttf,VJNKYFDZICRAQLPMWHGESOUXBT,0,0,1,0.51,12.393547,0.770893,0.778927,SPSCTIREVSAANPBDO,0.884615,0.115385
0.7,16384,3,license_plate_bahnschrift.ttf,VJNKYFDZICRAQLPMWHGESOUXBT,0,0,0,0.595,13.38656,0.735998,0.721147,,1.0,0.0
0.7,16384,3,license_plate_bahnschrift.ttf,VJNKYFDZICRAQLPMWHGESOUXBT,0,0,1,0.595,13.38656,0.735998,0.721147,,1.0,0.0
0.8,16384,3,license_plate_bahnschrift.ttf,VJNKYFDZICRAQLPMWHGESOUXBT,0,0,0,0.68,14.310835,0.701998,0.674571,,1.0,0.0
0.8,16384,3,license_plate_bahnschrift.ttf,VJNKYFDZICRAQLPMWHGESOUXBT,0,0,1,0.68,14.310835,0.701998,0.674571,,1.0,0.0
0.9,16384,3,license_plate_bahnschrift.ttf,VJNKYFDZICRAQLPMWHGESOUXBT,0,0,0,0.765,15.178933,0.668877,0.635992,APPTICTEMSHPSIOF,0.807692,0.192308
0.9,16384,3,license_plate_bahnschrift.ttf,VJNKYFDZICRAQLPMWHGESOUXBT,0,0,1,0.765,15.178933,0.668877,0.635992,PCS,0.923077,0.076923
1.0,16384,3,license_plate_bahnschrift.ttf,VJNKYFDZICRAQLPMWHGESOUXBT,0,0,0,0.85,16.0,0.63662,0.603355,PCSLO,0.884615,0.115385
1.0,16384,3,license_plate_bahnschrift.ttf,VJNKYFDZICRAQLPMWHGESOUXBT,0,0,1,0.85,16.0,0.63662,0.603355,FPLO,0.884615,0.115385
0.1,16384,3,license_plate_bahnschrift.ttf,VJNKYFDZICRAQLPMWHGESOUXBT,0,3,0,0.085,5.059644,0.959381,1.907975,OTVYVIFTCS,0.884615,0.115385
0.1,16384,3,license_plate_bahnschrift.ttf,VJNKYFDZICRAQLPMWHGESOUXBT,0,3,1,0.085,5.059644,0.959381,1.907975,STHVYVIFTCS,0.884615,0.115385
0.2,16384,3,license_plate_bahnschrift.ttf,VJNKYFDZICRAQLPMWHGESOUXBT,0,3,0,0.17,7.155418,0.919759,1.349142,STVV,0.961538,0.038462
0.2,16384,3,license_plate_bahnschrift.ttf,VJNKYFDZICRAQLPMWHGESOUXBT,0,3,1,0.17,7.155418,0.919759,1.349142,A,0.961538,0.038462
0.3,16384,3,license_plate_bahnschrift.ttf,VJNKYFDZICRAQLPMWHGESOUXBT,0,3,0,0.255,8.763561,0.881116,1.10157,STEEVSMAYITOT,0.884615,0.115385
0.3,16384,3,license_plate_bahnschrift.ttf,VJNKYFDZICRAQLPMWHGESOUXBT,0,3,1,0.255,8.763561,0.881116,1.10157,STEEVSWFTOT,0.884615,0.115385
0.4,16384,3,license_plate_bahnschrift.ttf,VJNKYFDZICRAQLPMWHGESOUXBT,0,3,0,0.34,10.119289,0.843436,0.953987,SUWFTOT,0.884615,0.115385
0.4,16384,3,license_plate_bahnschrift.ttf,VJNKYFDZICRAQLPMWHGESOUXBT,0,3,1,0.34,10.119289,0.843436,0.953987,SUMAFTOT,0.884615,0.115385
0.5,16384,3,license_plate_bahnschrift.ttf,VJNKYFDZICRAQLPMWHGESOUXBT,0,3,0,0.425,11.313708,0.8067,0.853272,SPCIEEVSMAYFCOT,0.846154,0.153846
0.5,16384,3,license_plate_bahnschrift.ttf,VJNKYFDZICRAQLPMWHGESOUXBT,0,3,1,0.425,11.313708,0.8067,0.853272,SPIEEVSMAYFTOT,0.846154,0.153846
0.6,16384,3,license_plate_bahnschrift.ttf,VJNKYFDZICRAQLPMWHGESOUXBT,0,3,0,0.51,12.393547,0.770893,0.778927,SPWEEUSAAPFDOT,0.846154,0.153846
0.6,16384,3,license_plate_bahnschrift.ttf,VJNKYFDZICRAQLPMWHGESOUXBT,0,3,1,0.51,12.393547,0.770893,0.778927,SPCWEEUSAAPFDOT,0.846154,0.153846
0.7,16384,3,license_plate_bahnschrift.ttf,VJNKYFDZICRAQLPMWHGESOUXBT,0,3,0,0.595,13.38656,0.735998,0.721147,SPCITCENSANYFDOT,0.884615,0.115385
0.7,16384,3,license_plate_bahnschrift.ttf,VJNKYFDZICRAQLPMWHGESOUXBT,0,3,1,0.595,13.38656,0.735998,0.721147,SPCTICEUSAAYFDOT,0.846154,0.153846
0.8,16384,3,license_plate_bahnschrift.ttf,VJNKYFDZICRAQLPMWHGESOUXBT,0,3,0,0.68,14.310835,0.701998,0.674571,SPOTTEENSANPFDOT,0.846154,0.153846
0.8,16384,3,license_plate_bahnschrift.ttf,VJNKYFDZICRAQLPMWHGESOUXBT,0,3,1,0.68,14.310835,0.701998,0.674571,SPOTTKENSANPFDOT,0.846154,0.153846
0.9,16384,3,license_plate_bahnschrift.ttf,VJNKYFDZICRAQLPMWHGESOUXBT,0,3,0,0.765,15.178933,0.668877,0.635992,,1.0,0.0
0.9,16384,3,license_plate_bahnschrift.ttf,VJNKYFDZICRAQLPMWHGESOUXBT,0,3,1,0.765,15.178933,0.668877,0.635992,,1.0,0.0
1.0,16384,3,license_plate_bahnschrift.ttf,VJNKYFDZICRAQLPMWHGESOUXBT,0,3,0,0.85,16.0,0.63662,0.603355,,1.0,0.0
1.0,16384,3,license_plate_bahnschrift.ttf,VJNKYFDZICRAQLPMWHGESOUXBT,0,3,1,0.85,16.0,0.63662,0.603355,,1.0,0.0
0.1,16384,3,license_plate_bahnschrift.ttf,VJNKYFDZICRAQLPMWHGESOUXBT,0,7,0,0.085,5.059644,0.959381,1.907975,STWNWAOVOT,0.884615,0.115385
0.1,16384,3,license_plate_bahnschrift.ttf,VJNKYFDZICRAQLPMWHGESOUXBT,0,7,1,0.085,5.059644,0.959381,1.907975,STWVYWVT,0.884615,0.115385
0.2,16384,3,license_plate_bahnschrift.ttf,VJNKYFDZICRAQLPMWHGESOUXBT,0,7,0,0.17,7.155418,0.919759,1.349142,,1.0,0.0
0.2,16384,3,license_plate_bahnschrift.ttf,VJNKYFDZICRAQLPMWHGESOUXBT,0,7,1,0.17,7.155418,0.919759,1.349142,CT,0.923077,0.076923
0.3,16384,3,license_plate_bahnschrift.ttf,VJNKYFDZICRAQLPMWHGESOUXBT,0,7,0,0.255,8.763561,0.881116,1.10157,SVWAPZVT,0.884615,0.115385
0.3,16384,3,license_plate_bahnschrift.ttf,VJNKYFDZICRAQLPMWHGESOUXBT,0,7,1,0.255,8.763561,0.881116,1.10157,SVWAPZVYT,0.884615,0.115385
0.4,16384,3,license_plate_bahnschrift.ttf,VJNKYFDZICRAQLPMWHGESOUXBT,0,7,0,0.34,10.119289,0.843436,0.953987,SVEMAYZWYT,0.846154,0.153846
0.4,16384,3,license_plate_bahnschrift.ttf,VJNKYFDZICRAQLPMWHGESOUXBT,0,7,1,0.34,10.119289,0.843436,0.953987,STVESMAY,0.923077,0.076923
0.5,16384,3,license_plate_bahnschrift.ttf,VJNKYFDZICRAQLPMWHGESOUXBT,0,7,0,0.425,11.313708,0.8067,0.853272,SVMAPTDT,0.884615,0.115385
0.5,16384,3,license_plate_bahnschrift.ttf,VJNKYFDZICRAQLPMWHGESOUXBT,0,7,1,0.425,11.313708,0.8067,0.853272,SVEMAPTDT,0.884615,0.115385
0.6,16384,3,license_plate_bahnschrift.ttf,VJNKYFDZICRAQLPMWHGESOUXBT,0,7,0,0.51,12.393547,0.770893,0.778927,SPVESAPY,0.884615,0.115385
0.6,16384,3,license_plate_bahnschrift.ttf,VJNKYFDZICRAQLPMWHGESOUXBT,0,7,1,0.51,12.393547,0.770893,0.778927,SPETKVESMAPZDT,0.884615,0.115385
0.7,16384,3,license_plate_bahnschrift.ttf,VJNKYFDZICRAQLPMWHGESOUXBT,0,7,0,0.595,13.38656,0.735998,0.721147,SPTVSSAZDT,0.884615,0.115385
0.7,16384,3,license_plate_bahnschrift.ttf,VJNKYFDZICRAQLPMWHGESOUXBT,0,7,1,0.595,13.38656,0.735998,0.721147,SPVSAP,0.923077,0.076923
0.8,16384,3,license_plate_bahnschrift.ttf,VJNKYFDZICRAQLPMWHGESOUXBT,0,7,0,0.68,14.310835,0.701998,0.674571,PMA,0.923077,0.076923
0.8,16384,3,license_plate_bahnschrift.ttf,VJNKYFDZICRAQLPMWHGESOUXBT,0,7,1,0.68,14.310835,0.701998,0.674571,PTMA,0.961538,0.038462
0.9,16384,3,license_plate_bahnschrift.ttf,VJNKYFDZICRAQLPMWHGESOUXBT,0,7,0,0.765,15.178933,0.668877,0.635992,CPOTTKMN,0.923077,0.076923
0.9,16384,3,license_plate_bahnschrift.ttf,VJNKYFDZICRAQLPMWHGESOUXBT,0,7,1,0.765,15.178933,0.668877,0.635992,CPOTTKCMN,0.923077,0.076923
1.0,16384,3,license_plate_bahnschrift.ttf,VJNKYFDZICRAQLPMWHGESOUXBT,0,7,0,0.85,16.0,0.63662,0.603355,FF,0.961538,0.038462
1.0,16384,3,license_plate_bahnschrift.ttf,VJNKYFDZICRAQLPMWHGESOUXBT,0,7,1,0.85,16.0,0.63662,0.603355,P,0.961538,0.038462
0.1,16384,3,license_plate_bahnschrift.ttf,VJNKYFDZICRAQLPMWHGESOUXBT,0,11,0,0.085,5.059644,0.959381,1.907975,WPIARYAWSAAS,0.846154,0.153846
0.1,16384,3,license_plate_bahnschrift.ttf,VJNKYFDZICRAQLPMWHGESOUXBT,0,11,1,0.085,5.059644,0.959381,1.907975,SEPIA,0.923077,0.076923
0.2,16384,3,license_plate_bahnschrift.ttf,VJNKYFDZICRAQLPMWHGESOUXBT,0,11,0,0.17,7.155418,0.919759,1.349142,SIPTUARSAWMNEAAD,0.884615,0.115385
0.2,16384,3,license_plate_bahnschrift.ttf,VJNKYFDZICRAQLPMWHGESOUXBT,0,11,1,0.17,7.155418,0.919759,1.349142,WPTIARYAWPAAD,0.884615,0.115385
0.3,16384,3,license_plate_bahnschrift.ttf,VJNKYFDZICRAQLPMWHGESOUXBT,0,11,0,0.255,8.763561,0.881116,1.10157,WPTUARYAWMNPAAIS,0.923077,0.076923
0.3,16384,3,license_plate_bahnschrift.ttf,VJNKYFDZICRAQLPMWHGESOUXBT,0,11,1,0.255,8.763561,0.881116,1.10157,SPPTVARYRMNPAAIS,0.884615,0.115385
0.4,16384,3,license_plate_bahnschrift.ttf,VJNKYFDZICRAQLPMWHGESOUXBT,0,11,0,0.34,10.119289,0.843436,0.953987,SIPTVARYSRWMPAADS,0.884615,0.115385
0.4,16384,3,license_plate_bahnschrift.ttf,VJNKYFDZICRAQLPMWHGESOUXBT,0,11,1,0.34,10.119289,0.843436,0.953987,SIPTVARYRMPAAD,0.923077,0.076923
0.5,16384,3,license_plate_bahnschrift.ttf,VJNKYFDZICRAQLPMWHGESOUXBT,0,11,0,0.425,11.313708,0.8067,0.853272,SPPTVARYAAPA,0.923077,0.076923
0.5,16384,3,license_plate_bahnschrift.ttf,VJNKYFDZICRAQLPMWHGESOUXBT,0,11,1,0.425,11.313708,0.8067,0.853272,SPORES,0.884615,0.115385
0.6,16384,3,license_plate_bahnschrift.ttf,VJNKYFDZICRAQLPMWHGESOUXBT,0,11,0,0.51,12.393547,0.770893,0.778927,SPPTVARYSMNPAAS,0.884615,0.115385
0.6,16384,3,license_plate_bahnschrift.ttf,VJNKYFDZICRAQLPMWHGESOUXBT,0,11,1,0.51,12.393547,0.770893,0.778927,SPPTVARYSAAS,0.923077,0.076923
0.7,16384,3,license_plate_bahnschrift.ttf,VJNKYFDZICRAQLPMWHGESOUXBT,0,11,0,0.595,13.38656,0.735998,0.721147,,1.0,0.0
0.7,16384,3,license_plate_bahnschrift.ttf,VJNKYFDZICRAQLPMWHGESOUXBT,0,11,1,0.595,13.38656,0.735998,0.721147,,1.0,0.0
0.8,16384,3,license_plate_bahnschrift.ttf,VJNKYFDZICRAQLPMWHGESOUXBT,0,11,0,0.68,14.310835,0.701998,0.674571,,1.0,0.0
0.8,16384,3,license_plate_bahnschrift.ttf,VJNKYFDZICRAQLPMWHGESOUXBT,0,11,1,0.68,14.310835,0.701998,0.674571,,1.0,0.0
0.9,16384,3,license_plate_bahnschrift.ttf,VJNKYFDZICRAQLPMWHGESOUXBT,0,11,0,0.765,15.178933,0.668877,0.635992,,1.0,0.0
0.9,16384,3,license_plate_bahnschrift.ttf,VJNKYFDZICRAQLPMWHGESOUXBT,0,11,1,0.765,15.178933,0.668877,0.635992,S,0.961538,0.038462
1.0,16384,3,license_plate_bahnschrift.ttf,VJNKYFDZICRAQLPMWHGESOUXBT,0,11,0,0.85,16.0,0.63662,0.603355,,1.0,0.0
1.0,16384,3,license_plate_bahnschrift.ttf,VJNKYFDZICRAQLPMWHGESOUXBT,0,11,1,0.85,16.0,0.63662,0.603355,,1.0,0.0
0.1,16384,3,license_plate_bahnschrift.ttf,VJNKYFDZICRAQLPMWHGESOUXBT,0,15,0,0.085,5.059644,0.959381,1.907975,VOCLAN,0.884615,0.115385
0.1,16384,3,license_plate_bahnschrift.ttf,VJNKYFDZICRAQLPMWHGESOUXBT,0,15,1,0.085,5.059644,0.959381,1.907975,VOVSANS,0.884615,0.115385
0.2,16384,3,license_plate_bahnschrift.ttf,VJNKYFDZICRAQLPMWHGESOUXBT,0,15,0,0.17,7.155418,0.919759,1.349142,VOHMRCSANS,0.846154,0.153846
0.2,16384,3,license_plate_bahnschrift.ttf,VJNKYFDZICRAQLPMWHGESOUXBT,0,15,1,0.17,7.155418,0.919759,1.349142,VOMEVSLANS,0.884615,0.115385
0.3,16384,3,license_plate_bahnschrift.ttf,VJNKYFDZICRAQLPMWHGESOUXBT,0,15,0,0.255,8.763561,0.881116,1.10157,WOVARVSLANECS,0.884615,0.115385
0.3,16384,3,license_plate_bahnschrift.ttf,VJNKYFDZICRAQLPMWHGESOUXBT,0,15,1,0.255,8.763561,0.881116,1.10157,WOWARVSANPES,0.846154,0.153846
0.4,16384,3,license_plate_bahnschrift.ttf,VJNKYFDZICRAQLPMWHGESOUXBT,0,15,0,0.34,10.119289,0.843436,0.953987,WOVAEVSANPBEOT,0.807692,0.192308
0.4,16384,3,license_plate_bahnschrift.ttf,VJNKYFDZICRAQLPMWHGESOUXBT,0,15,1,0.34,10.119289,0.843436,0.953987,VWOARVSANPBEOS,0.807692,0.192308
0.5,16384,3,license_plate_bahnschrift.ttf,VJNKYFDZICRAQLPMWHGESOUXBT,0,15,0,0.425,11.313708,0.8067,0.853272,SPOIARVSAANYROE,0.884615,0.115385
0.5,16384,3,license_plate_bahnschrift.ttf,VJNKYFDZICRAQLPMWHGESOUXBT,0,15,1,0.425,11.313708,0.8067,0.853272,VOOVARVZANPAOS,0.807692,0.192308
0.6,16384,3,license_plate_bahnschrift.ttf,VJNKYFDZICRAQLPMWHGESOUXBT,0,15,0,0.51,12.393547,0.770893,0.778927,SPOIAKVAAPBOF,0.884615,0.115385
0.6,16384,3,license_plate_bahnschrift.ttf,VJNKYFDZICRAQLPMWHGESOUXBT,0,15,1,0.51,12.393547,0.770893,0.778927,SPOSIARVSWPBIOT,0.807692,0.192308
0.7,16384,3,license_plate_bahnschrift.ttf,VJNKYFDZICRAQLPMWHGESOUXBT,0,15,0,0.595,13.38656,0.735998,0.721147,SPPNAKVSWPSIDOE,0.884615,0.115385
0.7,16384,3,license_plate_bahnschrift.ttf,VJNKYFDZICRAQLPMWHGESOUXBT,0,15,1,0.595,13.38656,0.735998,0.721147,LPCNAKVSWPSIOOE,0.846154,0.153846
0.8,16384,3,license_plate_bahnschrift.ttf,VJNKYFDZICRAQLPMWHGESOUXBT,0,15,0,0.68,14.310835,0.701998,0.674571,,1.0,0.0
0.8,16384,3,license_plate_bahnschrift.ttf,VJNKYFDZICRAQLPMWHGESOUXBT,0,15,1,0.68,14.310835,0.701998,0.674571,S,0.961538,0.038462
0.9,16384,3,license_plate_bahnschrift.ttf,VJNKYFDZICRAQLPMWHGESOUXBT,0,15,0,0.765,15.178933,0.668877,0.635992,,1.0,0.0
0.9,16384,3,license_plate_bahnschrift.ttf,VJNKYFDZICRAQLPMWHGESOUXBT,0,15,1,0.765,15.178933,0.668877,0.635992,,1.0,0.0
1.0,16384,3,license_plate_bahnschrift.ttf,VJNKYFDZICRAQLPMWHGESOUXBT,0,15,0,0.85,16.0,0.63662,0.603355,TT,0.961538,0.038462
1.0,16384,3,license_plate_bahnschrift.ttf,VJNKYFDZICRAQLPMWHGESOUXBT,0,15,1,0.85,16.0,0.63662,0.603355,TT,0.961538,0.038462
0.1,16384,3,license_plate_bahnschrift.ttf,VJNKYFDZICRAQLPMWHGESOUXBT,3,0,0,0.085,5.059644,0.959381,1.907975,OY,0.961538,0.038462
0.1,16384,3,license_plate_bahnschrift.ttf,VJNKYFDZICRAQLPMWHGESOUXBT,3,0,1,0.085,5.059644,0.959381,1.907975,,1.0,0.0
0.2,16384,3,license_plate_bahnschrift.ttf,VJNKYFDZICRAQLPMWHGESOUXBT,3,0,0,0.17,7.155418,0.919759,1.349142,ISPS,0.884615,0.115385
0.2,16384,3,license_plate_bahnschrift.ttf,VJNKYFDZICRAQLPMWHGESOUXBT,3,0,1,0.17,7.155418,0.919759,1.349142,SISPEECSATDED,0.884615,0.115385
0.3,16384,3,license_plate_bahnschrift.ttf,VJNKYFDZICRAQLPMWHGESOUXBT,3,0,0,0.255,8.763561,0.881116,1.10157,WARES,0.884615,0.115385
0.3,16384,3,license_plate_bahnschrift.ttf,VJNKYFDZICRAQLPMWHGESOUXBT,3,0,1,0.255,8.763561,0.881116,1.10157,WARES,0.884615,0.115385
0.4,16384,3,license_plate_bahnschrift.ttf,VJNKYFDZICRAQLPMWHGESOUXBT,3,0,0,0.34,10.119289,0.843436,0.953987,WORSE,0.923077,0.076923
0.4,16384,3,license_plate_bahnschrift.ttf,VJNKYFDZICRAQLPMWHGESOUXBT,3,0,1,0.34,10.119289,0.843436,0.953987,VPS,0.884615,0.115385
0.5,16384,3,license_plate_bahnschrift.ttf,VJNKYFDZICRAQLPMWHGESOUXBT,3,0,0,0.425,11.313708,0.8067,0.853272,VWPSEESABD,0.807692,0.192308
0.5,16384,3,license_plate_bahnschrift.ttf,VJNKYFDZICRAQLPMWHGESOUXBT,3,0,1,0.425,11.313708,0.8067,0.853272,WPS,0.923077,0.076923
0.6,16384,3,license_plate_bahnschrift.ttf,VJNKYFDZICRAQLPMWHGESOUXBT,3,0,0,0.51,12.393547,0.770893,0.778927,VSOPSEESODET,0.769231,0.230769
0.6,16384,3,license_plate_bahnschrift.ttf,VJNKYFDZICRAQLPMWHGESOUXBT,3,0,1,0.51,12.393547,0.770893,0.778927,VSOPSESBIODET,0.846154,0.153846
0.7,16384,3,license_plate_bahnschrift.ttf,VJNKYFDZICRAQLPMWHGESOUXBT,3,0,0,0.595,13.38656,0.735998,0.721147,VORTPEEOSODET,0.769231,0.230769
0.7,16384,3,license_plate_bahnschrift.ttf,VJNKYFDZICRAQLPMWHGESOUXBT,3,0,1,0.595,13.38656,0.735998,0.721147,VOSVPOERSODE,0.846154,0.153846
0.8,16384,3,license_plate_bahnschrift.ttf,VJNKYFDZICRAQLPMWHGESOUXBT,3,0,0,0.68,14.310835,0.701998,0.674571,VOSOPISASPSEOET,0.730769,0.269231
0.8,16384,3,license_plate_bahnschrift.ttf,VJNKYFDZICRAQLPMWHGESOUXBT,3,0,1,0.68,14.310835,0.701998,0.674571,VPSOPREALSPEODET,0.769231,0.230769
0.9,16384,3,license_plate_bahnschrift.ttf,VJNKYFDZICRAQLPMWHGESOUXBT,3,0,0,0.765,15.178933,0.668877,0.635992,,1.0,0.0
0.9,16384,3,license_plate_bahnschrift.ttf,VJNKYFDZICRAQLPMWHGESOUXBT,3,0,1,0.765,15.178933,0.668877,0.635992,,1.0,0.0
1.0,16384,3,license_plate_bahnschrift.ttf,VJNKYFDZICRAQLPMWHGESOUXBT,3,0,0,0.85,16.0,0.63662,0.603355,VOPTOPO,0.884615,0.115385
1.0,16384,3,license_plate_bahnschrift.ttf,VJNKYFDZICRAQLPMWHGESOUXBT,3,0,1,0.85,16.0,0.63662,0.603355,,1.0,0.0
0.1,16384,3,license_plate_bahnschrift.ttf,VJNKYFDZICRAQLPMWHGESOUXBT,3,3,0,0.085,5.059644,0.959381,1.907975,OFOS,0.923077,0.076923
0.1,16384,3,license_plate_bahnschrift.ttf,VJNKYFDZICRAQLPMWHGESOUXBT,3,3,1,0.085,5.059644,0.959381,1.907975,OW,0.961538,0.038462
0.2,16384,3,license_plate_bahnschrift.ttf,VJNKYFDZICRAQLPMWHGESOUXBT,3,3,0,0.17,7.155418,0.919759,1.349142,SOFCVSVA,0.884615,0.115385
0.2,16384,3,license_plate_bahnschrift.ttf,VJNKYFDZICRAQLPMWHGESOUXBT,3,3,1,0.17,7.155418,0.919759,1.349142,SOFCVA,0.884615,0.115385
0.3,16384,3,license_plate_bahnschrift.ttf,VJNKYFDZICRAQLPMWHGESOUXBT,3,3,0,0.255,8.763561,0.881116,1.10157,VOPCY,0.923077,0.076923
0.3,16384,3,license_plate_bahnschrift.ttf,VJNKYFDZICRAQLPMWHGESOUXBT,3,3,1,0.255,8.763561,0.881116,1.10157,V,0.961538,0.038462
0.4,16384,3,license_plate_bahnschrift.ttf,VJNKYFDZICRAQLPMWHGESOUXBT,3,3,0,0.34,10.119289,0.843436,0.953987,VORAA,0.884615,0.115385
0.4,16384,3,license_plate_bahnschrift.ttf,VJNKYFDZICRAQLPMWHGESOUXBT,3,3,1,0.34,10.119289,0.843436,0.953987,VOFPYEWA,0.846154,0.153846
0.5,16384,3,license_plate_bahnschrift.ttf,VJNKYFDZICRAQLPMWHGESOUXBT,3,3,0,0.425,11.313708,0.8067,0.853272,VP,0.923077,0.076923
0.5,16384,3,license_plate_bahnschrift.ttf,VJNKYFDZICRAQLPMWHGESOUXBT,3,3,1,0.425,11.313708,0.8067,0.853272,VR,0.923077,0.076923
0.6,16384,3,license_plate_bahnschrift.ttf,VJNKYFDZICRAQLPMWHGESOUXBT,3,3,0,0.51,12.393547,0.770893,0.778927,VOS,0.923077,0.076923
0.6,16384,3,license_plate_bahnschrift.ttf,VJNKYFDZICRAQLPMWHGESOUXBT,3,3,1,0.51,12.393547,0.770893,0.778927,VOFEYELSOOO,0.807692,0.192308
0.7,16384,3,license_plate_bahnschrift.ttf,VJNKYFDZICRAQLPMWHGESOUXBT,3,3,0,0.595,13.38656,0.735998,0.721147,VFEAO,0.846154,0.153846
0.7,16384,3,license_plate_bahnschrift.ttf,VJNKYFDZICRAQLPMWHGESOUXBT,3,3,1,0.595,13.38656,0.735998,0.721147,VOFADO,0.846154,0.153846
0.8,16384,3,license_plate_bahnschrift.ttf,VJNKYFDZICRAQLPMWHGESOUXBT,3,3,0,0.68,14.310835,0.701998,0.674571,VSOFSYELSAGT,0.807692,0.192308
0.8,16384,3,license_plate_bahnschrift.ttf,VJNKYFDZICRAQLPMWHGESOUXBT,3,3,1,0.68,14.310835,0.701998,0.674571,VOFSVELSA,0.846154,0.153846
0.9,16384,3,license_plate_bahnschrift.ttf,VJNKYFDZICRAQLPMWHGESOUXBT,3,3,0,0.765,15.178933,0.668877,0.635992,VPSOPOEKALSAGOT,0.769231,0.230769
0.9,16384,3,license_plate_bahnschrift.ttf,VJNKYFDZICRAQLPMWHGESOUXBT,3,3,1,0.765,15.178933,0.668877,0.635992,VOSOFOALSAFGOT,0.730769,0.269231
1.0,16384,3,license_plate_bahnschrift.ttf,VJNKYFDZICRAQLPMWHGESOUXBT,3,3,0,0.85,16.0,0.63662,0.603355,,1.0,0.0
1.0,16384,3,license_plate_bahnschrift.ttf,VJNKYFDZICRAQLPMWHGESOUXBT,3,3,1,0.85,16.0,0.63662,0.603355,,1.0,0.0
0.1,16384,3,license_plate_bahnschrift.ttf,VJNKYFDZICRAQLPMWHGESOUXBT,3,7,0,0.085,5.059644,0.959381,1.907975,STVA,0.961538,0.038462
0.1,16384,3,license_plate_bahnschrift.ttf,VJNKYFDZICRAQLPMWHGESOUXBT,3,7,1,0.085,5.059644,0.959381,1.907975,SVA,0.961538,0.038462
0.2,16384,3,license_plate_bahnschrift.ttf,VJNKYFDZICRAQLPMWHGESOUXBT,3,7,0,0.17,7.155418,0.919759,1.349142,WWA,0.961538,0.038462
0.2,16384,3,license_plate_bahnschrift.ttf,VJNKYFDZICRAQLPMWHGESOUXBT,3,7,1,0.17,7.155418,0.919759,1.349142,STWATT,0.923077,0.076923
0.3,16384,3,license_plate_bahnschrift.ttf,VJNKYFDZICRAQLPMWHGESOUXBT,3,7,0,0.255,8.763561,0.881116,1.10157,STYMVAT,0.884615,0.115385
0.3,16384,3,license_plate_bahnschrift.ttf,VJNKYFDZICRAQLPMWHGESOUXBT,3,7,1,0.255,8.763561,0.881116,1.10157,TYAOYT,0.846154,0.153846
0.4,16384,3,license_plate_bahnschrift.ttf,VJNKYFDZICRAQLPMWHGESOUXBT,3,7,0,0.34,10.119289,0.843436,0.953987,POT,0.884615,0.115385
0.4,16384,3,license_plate_bahnschrift.ttf,VJNKYFDZICRAQLPMWHGESOUXBT,3,7,1,0.34,10.119289,0.843436,0.953987,VP,0.923077,0.076923
0.5,16384,3,license_plate_bahnschrift.ttf,VJNKYFDZICRAQLPMWHGESOUXBT,3,7,0,0.425,11.313708,0.8067,0.853272,T,0.961538,0.038462
0.5,16384,3,license_plate_bahnschrift.ttf,VJNKYFDZICRAQLPMWHGESOUXBT,3,7,1,0.425,11.313708,0.8067,0.853272,SOT,0.884615,0.115385
0.6,16384,3,license_plate_bahnschrift.ttf,VJNKYFDZICRAQLPMWHGESOUXBT,3,7,0,0.51,12.393547,0.770893,0.778927,VOT,0.884615,0.115385
0.6,16384,3,license_plate_bahnschrift.ttf,VJNKYFDZICRAQLPMWHGESOUXBT,3,7,1,0.51,12.393547,0.770893,0.778927,VPOTAA,0.884615,0.115385
0.7,16384,3,license_plate_bahnschrift.ttf,VJNKYFDZICRAQLPMWHGESOUXBT,3,7,0,0.595,13.38656,0.735998,0.721147,VPOAAST,0.846154,0.153846
0.7,16384,3,license_plate_bahnschrift.ttf,VJNKYFDZICRAQLPMWHGESOUXBT,3,7,1,0.595,13.38656,0.735998,0.721147,VPOTOAASPST,0.807692,0.192308
0.8,16384,3,license_plate_bahnschrift.ttf,VJNKYFDZICRAQLPMWHGESOUXBT,3,7,0,0.68,14.310835,0.701998,0.674571,VPPOTORAASST,0.807692,0.192308
0.8,16384,3,license_plate_bahnschrift.ttf,VJNKYFDZICRAQLPMWHGESOUXBT,3,7,1,0.68,14.310835,0.701998,0.674571,VPPOFAAS,0.846154,0.153846
0.9,16384,3,license_plate_bahnschrift.ttf,VJNKYFDZICRAQLPMWHGESOUXBT,3,7,0,0.765,15.178933,0.668877,0.635992,VPPOTOAARAS,0.846154,0.153846
0.9,16384,3,license_plate_bahnschrift.ttf,VJNKYFDZICRAQLPMWHGESOUXBT,3,7,1,0.765,15.178933,0.668877,0.635992,VPPOTORBARAS,0.846154,0.153846
1.0,16384,3,license_plate_bahnschrift.ttf,VJNKYFDZICRAQLPMWHGESOUXBT,3,7,0,0.85,16.0,0.63662,0.603355,VPROTORBARRST,0.846154,0.153846
1.0,16384,3,license_plate_bahnschrift.ttf,VJNKYFDZICRAQLPMWHGESOUXBT,3,7,1,0.85,16.0,0.63662,0.603355,VPROTORAARAST,0.807692,0.192308
0.1,16384,3,license_plate_bahnschrift.ttf,VJNKYFDZICRAQLPMWHGESOUXBT,3,11,0,0.085,5.059644,0.959381,1.907975,VTIADVSIMAIAAMS,0.807692,0.192308
0.1,16384,3,license_plate_bahnschrift.ttf,VJNKYFDZICRAQLPMWHGESOUXBT,3,11,1,0.085,5.059644,0.959381,1.907975,VTIADVSHMIAAMS,0.846154,0.153846
0.2,16384,3,license_plate_bahnschrift.ttf,VJNKYFDZICRAQLPMWHGESOUXBT,3,11,0,0.17,7.155418,0.919759,1.349142,VOADVOIHAALS,0.807692,0.192308
0.2,16384,3,license_plate_bahnschrift.ttf,VJNKYFDZICRAQLPMWHGESOUXBT,3,11,1,0.17,7.155418,0.919759,1.349142,VOAPVSIMMAALS,0.807692,0.192308
0.3,16384,3,license_plate_bahnschrift.ttf,VJNKYFDZICRAQLPMWHGESOUXBT,3,11,0,0.255,8.763561,0.881116,1.10157,SDOAVSHAA,0.884615,0.115385
0.3,16384,3,license_plate_bahnschrift.ttf,VJNKYFDZICRAQLPMWHGESOUXBT,3,11,1,0.255,8.763561,0.881116,1.10157,WADA,0.923077,0.076923
0.4,16384,3,license_plate_bahnschrift.ttf,VJNKYFDZICRAQLPMWHGESOUXBT,3,11,0,0.34,10.119289,0.843436,0.953987,WPA,0.961538,0.038462
0.4,16384,3,license_plate_bahnschrift.ttf,VJNKYFDZICRAQLPMWHGESOUXBT,3,11,1,0.34,10.119289,0.843436,0.953987,WFAA,0.923077,0.076923
0.5,16384,3,license_plate_bahnschrift.ttf,VJNKYFDZICRAQLPMWHGESOUXBT,3,11,0,0.425,11.313708,0.8067,0.853272,SWAP,0.923077,0.076923
0.5,16384,3,license_plate_bahnschrift.ttf,VJNKYFDZICRAQLPMWHGESOUXBT,3,11,1,0.425,11.313708,0.8067,0.853272,LU,0.923077,0.076923
0.6,16384,3,license_plate_bahnschrift.ttf,VJNKYFDZICRAQLPMWHGESOUXBT,3,11,0,0.51,12.393547,0.770893,0.778927,SL,0.961538,0.038462
0.6,16384,3,license_plate_bahnschrift.ttf,VJNKYFDZICRAQLPMWHGESOUXBT,3,11,1,0.51,12.393547,0.770893,0.778927,VWF,0.923077,0.076923
0.7,16384,3,license_plate_bahnschrift.ttf,VJNKYFDZICRAQLPMWHGESOUXBT,3,11,0,0.595,13.38656,0.735998,0.721147,SWAP,0.923077,0.076923
0.7,16384,3,license_plate_bahnschrift.ttf,VJNKYFDZICRAQLPMWHGESOUXBT,3,11,1,0.595,13.38656,0.735998,0.721147,SWRA,0.923077,0.076923
0.8,16384,3,license_plate_bahnschrift.ttf,VJNKYFDZICRAQLPMWHGESOUXBT,3,11,0,0.68,14.310835,0.701998,0.674571,VPARP,0.884615,0.115385
0.8,16384,3,license_plate_bahnschrift.ttf,VJNKYFDZICRAQLPMWHGESOUXBT,3,11,1,0.68,14.310835,0.701998,0.674571,VPA,0.923077,0.076923
0.9,16384,3,license_plate_bahnschrift.ttf,VJNKYFDZICRAQLPMWHGESOUXBT,3,11,0,0.765,15.178933,0.668877,0.635992,VFO,0.884615,0.115385
0.9,16384,3,license_plate_bahnschrift.ttf,VJNKYFDZICRAQLPMWHGESOUXBT,3,11,1,0.765,15.178933,0.668877,0.635992,VFO,0.884615,0.115385
1.0,16384,3,license_plate_bahnschrift.ttf,VJNKYFDZICRAQLPMWHGESOUXBT,3,11,0,0.85,16.0,0.63662,0.603355,,1.0,0.0
1.0,16384,3,license_plate_bahnschrift.ttf,VJNKYFDZICRAQLPMWHGESOUXBT,3,11,1,0.85,16.0,0.63662,0.603355,,1.0,0.0
0.1,16384,3,license_plate_bahnschrift.ttf,VJNKYFDZICRAQLPMWHGESOUXBT,3,15,0,0.085,5.059644,0.959381,1.907975,SPARS,0.923077,0.076923
0.1,16384,3,license_plate_bahnschrift.ttf,VJNKYFDZICRAQLPMWHGESOUXBT,3,15,1,0.085,5.059644,0.959381,1.907975,SISPADCSPDBD,0.846154,0.153846
0.2,16384,3,license_plate_bahnschrift.ttf,VJNKYFDZICRAQLPMWHGESOUXBT,3,15,0,0.17,7.155418,0.919759,1.349142,STISPADCSPDDE,0.846154,0.153846
0.2,16384,3,license_plate_bahnschrift.ttf,VJNKYFDZICRAQLPMWHGESOUXBT,3,15,1,0.17,7.155418,0.919759,1.349142,STISPADCSPDEDE,0.846154,0.153846
0.3,16384,3,license_plate_bahnschrift.ttf,VJNKYFDZICRAQLPMWHGESOUXBT,3,15,0,0.255,8.763561,0.881116,1.10157,WRAPS,0.846154,0.153846
0.3,16384,3,license_plate_bahnschrift.ttf,VJNKYFDZICRAQLPMWHGESOUXBT,3,15,1,0.255,8.763561,0.881116,1.10157,WAS,0.923077,0.076923
0.4,16384,3,license_plate_bahnschrift.ttf,VJNKYFDZICRAQLPMWHGESOUXBT,3,15,0,0.34,10.119289,0.843436,0.953987,VTOPRESD,0.846154,0.153846
0.4,16384,3,license_plate_bahnschrift.ttf,VJNKYFDZICRAQLPMWHGESOUXBT,3,15,1,0.34,10.119289,0.843436,0.953987,VOSS,0.923077,0.076923
0.5,16384,3,license_plate_bahnschrift.ttf,VJNKYFDZICRAQLPMWHGESOUXBT,3,15,0,0.425,11.313708,0.8067,0.853272,WPS,0.923077,0.076923
0.5,16384,3,license_plate_bahnschrift.ttf,VJNKYFDZICRAQLPMWHGESOUXBT,3,15,1,0.425,11.313708,0.8067,0.853272,VWPANESBDE,0.846154,0.153846
0.6,16384,3,license_plate_bahnschrift.ttf,VJNKYFDZICRAQLPMWHGESOUXBT,3,15,0,0.51,12.393547,0.770893,0.778927,VWOPRASODE,0.807692,0.192308
0.6,16384,3,license_plate_bahnschrift.ttf,VJNKYFDZICRAQLPMWHGESOUXBT,3,15,1,0.51,12.393547,0.770893,0.778927,VEWOPREOSBODE,0.884615,0.115385
0.7,16384,3,license_plate_bahnschrift.ttf,VJNKYFDZICRAQLPMWHGESOUXBT,3,15,0,0.595,13.38656,0.735998,0.721147,VOWOPORESPODET,0.807692,0.192308
0.7,16384,3,license_plate_bahnschrift.ttf,VJNKYFDZICRAQLPMWHGESOUXBT,3,15,1,0.595,13.38656,0.735998,0.721147,VOPTPREOSODET,0.807692,0.192308
0.8,16384,3,license_plate_bahnschrift.ttf,VJNKYFDZICRAQLPMWHGESOUXBT,3,15,0,0.68,14.310835,0.701998,0.674571,VUROPIASPOET,0.769231,0.230769
0.8,16384,3,license_plate_bahnschrift.ttf,VJNKYFDZICRAQLPMWHGESOUXBT,3,15,1,0.68,14.310835,0.701998,0.674571,VOOPICASPODET,0.730769,0.269231
0.9,16384,3,license_plate_bahnschrift.ttf,VJNKYFDZICRAQLPMWHGESOUXBT,3,15,0,0.765,15.178933,0.668877,0.635992,,1.0,0.0
0.9,16384,3,license_plate_bahnschrift.ttf,VJNKYFDZICRAQLPMWHGESOUXBT,3,15,1,0.765,15.178933,0.668877,0.635992,,1.0,0.0
1.0,16384,3,license_plate_bahnschrift.ttf,VJNKYFDZICRAQLPMWHGESOUXBT,3,15,0,0.85,16.0,0.63662,0.603355,CASPOT,0.807692,0.192308
1.0,16384,3,license_plate_bahnschrift.ttf,VJNKYFDZICRAQLPMWHGESOUXBT,3,15,1,0.85,16.0,0.63662,0.603355,VEOPTAOT,0.846154,0.153846
0.1,16384,3,license_plate_bahnschrift.ttf,VJNKYFDZICRAQLPMWHGESOUXBT,7,0,0,0.085,5.059644,0.959381,1.907975,ASPP,0.923077,0.076923
0.1,16384,3,license_plate_bahnschrift.ttf,VJNKYFDZICRAQLPMWHGESOUXBT,7,0,1,0.085,5.059644,0.959381,1.907975,SASPPRAB,0.884615,0.115385
0.2,16384,3,license_plate_bahnschrift.ttf,VJNKYFDZICRAQLPMWHGESOUXBT,7,0,0,0.17,7.155418,0.919759,1.349142,SAVSPEPSMEOATT,0.807692,0.192308
0.2,16384,3,license_plate_bahnschrift.ttf,VJNKYFDZICRAQLPMWHGESOUXBT,7,0,1,0.17,7.155418,0.919759,1.349142,SAVSPEPKMSOATT,0.807692,0.192308
0.3,16384,3,license_plate_bahnschrift.ttf,VJNKYFDZICRAQLPMWHGESOUXBT,7,0,0,0.255,8.763561,0.881116,1.10157,SACKHDPLPMSATT,0.730769,0.269231
0.3,16384,3,license_plate_bahnschrift.ttf,VJNKYFDZICRAQLPMWHGESOUXBT,7,0,1,0.255,8.763561,0.881116,1.10157,SACKHDIPLSMSOATI,0.730769,0.269231
0.4,16384,3,license_plate_bahnschrift.ttf,VJNKYFDZICRAQLPMWHGESOUXBT,7,0,0,0.34,10.119289,0.843436,0.953987,JACKYRDIKPMSOATTI,0.692308,0.307692
0.4,16384,3,license_plate_bahnschrift.ttf,VJNKYFDZICRAQLPMWHGESOUXBT,7,0,1,0.34,10.119289,0.843436,0.953987,YACYRAPPMSOATI,0.730769,0.269231
0.5,16384,3,license_plate_bahnschrift.ttf,VJNKYFDZICRAQLPMWHGESOUXBT,7,0,0,0.425,11.313708,0.8067,0.853272,VACHDIKHS,0.807692,0.192308
0.5,16384,3,license_plate_bahnschrift.ttf,VJNKYFDZICRAQLPMWHGESOUXBT,7,0,1,0.425,11.313708,0.8067,0.853272,VACEDAKISS,0.846154,0.153846
0.6,16384,3,license_plate_bahnschrift.ttf,VJNKYFDZICRAQLPMWHGESOUXBT,7,0,0,0.51,12.393547,0.770893,0.778927,VACHDALPS,0.769231,0.230769
0.6,16384,3,license_plate_bahnschrift.ttf,VJNKYFDZICRAQLPMWHGESOUXBT,7,0,1,0.51,12.393547,0.770893,0.778927,VACPDAMPSS,0.807692,0.192308
0.7,16384,3,license_plate_bahnschrift.ttf,VJNKYFDZICRAQLPMWHGESOUXBT,7,0,0,0.595,13.38656,0.735998,0.721147,VACPDAKISSTI,0.846154,0.153846
0.7,16384,3,license_plate_bahnschrift.ttf,VJNKYFDZICRAQLPMWHGESOUXBT,7,0,1,0.595,13.38656,0.735998,0.721147,VACPDAKPST,0.769231,0.230769
0.8,16384,3,license_plate_bahnschrift.ttf,VJNKYFDZICRAQLPMWHGESOUXBT,7,0,0,0.68,14.310835,0.701998,0.674571,VACODAMP,0.846154,0.153846
0.8,16384,3,license_plate_bahnschrift.ttf,VJNKYFDZICRAQLPMWHGESOUXBT,7,0,1,0.68,14.310835,0.701998,0.674571,VACPDAMPS,0.807692,0.192308
0.9,16384,3,license_plate_bahnschrift.ttf,VJNKYFDZICRAQLPMWHGESOUXBT,7,0,0,0.765,15.178933,0.668877,0.635992,NSD,0.923077,0.076923
0.9,16384,3,license_plate_bahnschrift.ttf,VJNKYFDZICRAQLPMWHGESOUXBT,7,0,1,0.765,15.178933,0.668877,0.635992,DO,0.923077,0.076923
1.0,16384,3,license_plate_bahnschrift.ttf,VJNKYFDZICRAQLPMWHGESOUXBT,7,0,0,0.85,16.0,0.63662,0.603355,VEEOSDCRACLPSIT,0.653846,0.346154
1.0,16384,3,license_plate_bahnschrift.ttf,VJNKYFDZICRAQLPMWHGESOUXBT,7,0,1,0.85,16.0,0.63662,0.603355,VERSA,0.884615,0.115385
0.1,16384,3,license_plate_bahnschrift.ttf,VJNKYFDZICRAQLPMWHGESOUXBT,7,3,0,0.085,5.059644,0.959381,1.907975,A,0.961538,0.038462
0.1,16384,3,license_plate_bahnschrift.ttf,VJNKYFDZICRAQLPMWHGESOUXBT,7,3,1,0.085,5.059644,0.959381,1.907975,D,0.961538,0.038462
0.2,16384,3,license_plate_bahnschrift.ttf,VJNKYFDZICRAQLPMWHGESOUXBT,7,3,0,0.17,7.155418,0.919759,1.349142,SLDSPET,0.846154,0.153846
0.2,16384,3,license_plate_bahnschrift.ttf,VJNKYFDZICRAQLPMWHGESOUXBT,7,3,1,0.17,7.155418,0.919759,1.349142,SUDSPOEPT,0.846154,0.153846
0.3,16384,3,license_plate_bahnschrift.ttf,VJNKYFDZICRAQLPMWHGESOUXBT,7,3,0,0.255,8.763561,0.881116,1.10157,SRCOUSPEOT,0.807692,0.192308
0.3,16384,3,license_plate_bahnschrift.ttf,VJNKYFDZICRAQLPMWHGESOUXBT,7,3,1,0.255,8.763561,0.881116,1.10157,SCODSPSOEFT,0.807692,0.192308
0.4,16384,3,license_plate_bahnschrift.ttf,VJNKYFDZICRAQLPMWHGESOUXBT,7,3,0,0.34,10.119289,0.843436,0.953987,SRCRSPT,0.846154,0.153846
0.4,16384,3,license_plate_bahnschrift.ttf,VJNKYFDZICRAQLPMWHGESOUXBT,7,3,1,0.34,10.119289,0.843436,0.953987,AB,0.923077,0.076923
0.5,16384,3,license_plate_bahnschrift.ttf,VJNKYFDZICRAQLPMWHGESOUXBT,7,3,0,0.425,11.313708,0.8067,0.853272,SRCORNSPHOEOEFT,0.769231,0.230769
0.5,16384,3,license_plate_bahnschrift.ttf,VJNKYFDZICRAQLPMWHGESOUXBT,7,3,1,0.425,11.313708,0.8067,0.853272,SRCORSMPHOSOET,0.769231,0.230769
0.6,16384,3,license_plate_bahnschrift.ttf,VJNKYFDZICRAQLPMWHGESOUXBT,7,3,0,0.51,12.393547,0.770893,0.778927,SRCORDBPEOT,0.807692,0.192308
0.6,16384,3,license_plate_bahnschrift.ttf,VJNKYFDZICRAQLPMWHGESOUXBT,7,3,1,0.51,12.393547,0.770893,0.778927,SRCORDBPEOT,0.807692,0.192308
0.7,16384,3,license_plate_bahnschrift.ttf,VJNKYFDZICRAQLPMWHGESOUXBT,7,3,0,0.595,13.38656,0.735998,0.721147,VRCORNAMPS,0.846154,0.153846
0.7,16384,3,license_plate_bahnschrift.ttf,VJNKYFDZICRAQLPMWHGESOUXBT,7,3,1,0.595,13.38656,0.735998,0.721147,VACORINAMPS,0.807692,0.192308
0.8,16384,3,license_plate_bahnschrift.ttf,VJNKYFDZICRAQLPMWHGESOUXBT,7,3,0,0.68,14.310835,0.701998,0.674571,VACODAMP,0.846154,0.153846
0.8,16384,3,license_plate_bahnschrift.ttf,VJNKYFDZICRAQLPMWHGESOUXBT,7,3,1,0.68,14.310835,0.701998,0.674571,VRCOEDAMP,0.846154,0.153846
0.9,16384,3,license_plate_bahnschrift.ttf,VJNKYFDZICRAQLPMWHGESOUXBT,7,3,0,0.765,15.178933,0.668877,0.635992,VRCOPAMP,0.884615,0.115385
0.9,16384,3,license_plate_bahnschrift.ttf,VJNKYFDZICRAQLPMWHGESOUXBT,7,3,1,0.765,15.178933,0.668877,0.635992,VRCWRPAP,0.884615,0.115385
1.0,16384,3,license_plate_bahnschrift.ttf,VJNKYFDZICRAQLPMWHGESOUXBT,7,3,0,0.85,16.0,0.63662,0.603355,VROOENCRPT,0.807692,0.192308
1.0,16384,3,license_plate_bahnschrift.ttf,VJNKYFDZICRAQLPMWHGESOUXBT,7,3,1,0.85,16.0,0.63662,0.603355,VROOEPCRP,0.846154,0.153846
0.1,16384,3,license_plate_bahnschrift.ttf,VJNKYFDZICRAQLPMWHGESOUXBT,7,7,0,0.085,5.059644,0.959381,1.907975,SRT,0.923077,0.076923
0.1,16384,3,license_plate_bahnschrift.ttf,VJNKYFDZICRAQLPMWHGESOUXBT,7,7,1,0.085,5.059644,0.959381,1.907975,B,0.961538,0.038462
0.2,16384,3,license_plate_bahnschrift.ttf,VJNKYFDZICRAQLPMWHGESOUXBT,7,7,0,0.17,7.155418,0.919759,1.349142,SROSCT,0.884615,0.115385
0.2,16384,3,license_plate_bahnschrift.ttf,VJNKYFDZICRAQLPMWHGESOUXBT,7,7,1,0.17,7.155418,0.919759,1.349142,SROSFTT,0.884615,0.115385
0.3,16384,3,license_plate_bahnschrift.ttf,VJNKYFDZICRAQLPMWHGESOUXBT,7,7,0,0.255,8.763561,0.881116,1.10157,SROOREMFT,0.884615,0.115385
0.3,16384,3,license_plate_bahnschrift.ttf,VJNKYFDZICRAQLPMWHGESOUXBT,7,7,1,0.255,8.763561,0.881116,1.10157,SROTREMPT,0.884615,0.115385
0.4,16384,3,license_plate_bahnschrift.ttf,VJNKYFDZICRAQLPMWHGESOUXBT,7,7,0,0.34,10.119289,0.843436,0.953987,SROREEMSOT,0.807692,0.192308
0.4,16384,3,license_plate_bahnschrift.ttf,VJNKYFDZICRAQLPMWHGESOUXBT,7,7,1,0.34,10.119289,0.843436,0.953987,EROOREEMST,0.846154,0.153846
0.5,16384,3,license_plate_bahnschrift.ttf,VJNKYFDZICRAQLPMWHGESOUXBT,7,7,0,0.425,11.313708,0.8067,0.853272,FROTRNEMPOET,0.807692,0.192308
0.5,16384,3,license_plate_bahnschrift.ttf,VJNKYFDZICRAQLPMWHGESOUXBT,7,7,1,0.425,11.313708,0.8067,0.853272,PROTRNEMPEOT,0.807692,0.192308
0.6,16384,3,license_plate_bahnschrift.ttf,VJNKYFDZICRAQLPMWHGESOUXBT,7,7,0,0.51,12.393547,0.770893,0.778927,CROTRDEMEOET,0.807692,0.192308
0.6,16384,3,license_plate_bahnschrift.ttf,VJNKYFDZICRAQLPMWHGESOUXBT,7,7,1,0.51,12.393547,0.770893,0.778927,VROOREMPTOET,0.807692,0.192308
0.7,16384,3,license_plate_bahnschrift.ttf,VJNKYFDZICRAQLPMWHGESOUXBT,7,7,0,0.595,13.38656,0.735998,0.721147,VROTRRMPRT,0.846154,0.153846
0.7,16384,3,license_plate_bahnschrift.ttf,VJNKYFDZICRAQLPMWHGESOUXBT,7,7,1,0.595,13.38656,0.735998,0.721147,VROTRSEMOST,0.807692,0.192308
0.8,16384,3,license_plate_bahnschrift.ttf,VJNKYFDZICRAQLPMWHGESOUXBT,7,7,0,0.68,14.310835,0.701998,0.674571,VAOTRSEMUET,0.807692,0.192308
0.8,16384,3,license_plate_bahnschrift.ttf,VJNKYFDZICRAQLPMWHGESOUXBT,7,7,1,0.68,14.310835,0.701998,0.674571,VROTRSEMET,0.807692,0.192308
0.9,16384,3,license_plate_bahnschrift.ttf,VJNKYFDZICRAQLPMWHGESOUXBT,7,7,0,0.765,15.178933,0.668877,0.635992,VRSTKSRMESET,0.769231,0.230769
0.9,16384,3,license_plate_bahnschrift.ttf,VJNKYFDZICRAQLPMWHGESOUXBT,7,7,1,0.765,15.178933,0.668877,0.635992,VROTRSRMSET,0.807692,0.192308
1.0,16384,3,license_plate_bahnschrift.ttf,VJNKYFDZICRAQLPMWHGESOUXBT,7,7,0,0.85,16.0,0.63662,0.603355,VROTEDRCET,0.807692,0.192308
1.0,16384,3,license_plate_bahnschrift.ttf,VJNKYFDZICRAQLPMWHGESOUXBT,7,7,1,0.85,16.0,0.63662,0.603355,VROERRPST,0.807692,0.192308
0.1,16384,3,license_plate_bahnschrift.ttf,VJNKYFDZICRAQLPMWHGESOUXBT,7,11,0,0.085,5.059644,0.959381,1.907975,TJSPADSMRA,0.846154,0.153846
0.1,16384,3,license_plate_bahnschrift.ttf,VJNKYFDZICRAQLPMWHGESOUXBT,7,11,1,0.085,5.059644,0.959381,1.907975,TJSPADSMRA,0.846154,0.153846
0.2,16384,3,license_plate_bahnschrift.ttf,VJNKYFDZICRAQLPMWHGESOUXBT,7,11,0,0.17,7.155418,0.919759,1.349142,CPATPMDARAA,0.846154,0.153846
0.2,16384,3,license_plate_bahnschrift.ttf,VJNKYFDZICRAQLPMWHGESOUXBT,7,11,1,0.17,7.155418,0.919759,1.349142,CPATLPMADRA,0.807692,0.192308
0.3,16384,3,license_plate_bahnschrift.ttf,VJNKYFDZICRAQLPMWHGESOUXBT,7,11,0,0.255,8.763561,0.881116,1.10157,CEPLPMSORA,0.769231,0.230769
0.3,16384,3,license_plate_bahnschrift.ttf,VJNKYFDZICRAQLPMWHGESOUXBT,7,11,1,0.255,8.763561,0.881116,1.10157,EPROM,0.923077,0.076923
0.4,16384,3,license_plate_bahnschrift.ttf,VJNKYFDZICRAQLPMWHGESOUXBT,7,11,0,0.34,10.119289,0.843436,0.953987,RL,0.923077,0.076923
0.4,16384,3,license_plate_bahnschrift.ttf,VJNKYFDZICRAQLPMWHGESOUXBT,7,11,1,0.34,10.119289,0.843436,0.953987,CPEPPMSRA,0.846154,0.153846
0.5,16384,3,license_plate_bahnschrift.ttf,VJNKYFDZICRAQLPMWHGESOUXBT,7,11,0,0.425,11.313708,0.8067,0.853272,OPDDOMSATA,0.884615,0.115385
0.5,16384,3,license_plate_bahnschrift.ttf,VJNKYFDZICRAQLPMWHGESOUXBT,7,11,1,0.425,11.313708,0.8067,0.853272,AOPDPMSRTA,0.846154,0.153846
0.6,16384,3,license_plate_bahnschrift.ttf,VJNKYFDZICRAQLPMWHGESOUXBT,7,11,0,0.51,12.393547,0.770893,0.778927,OEPEDPMAAE,0.846154,0.153846
0.6,16384,3,license_plate_bahnschrift.ttf,VJNKYFDZICRAQLPMWHGESOUXBT,7,11,1,0.51,12.393547,0.770893,0.778927,COEPRDPMUPA,0.846154,0.153846
0.7,16384,3,license_plate_bahnschrift.ttf,VJNKYFDZICRAQLPMWHGESOUXBT,7,11,0,0.595,13.38656,0.735998,0.721147,VACERDMU,0.846154,0.153846
0.7,16384,3,license_plate_bahnschrift.ttf,VJNKYFDZICRAQLPMWHGESOUXBT,7,11,1,0.595,13.38656,0.735998,0.721147,VAEEIDAMU,0.807692,0.192308
0.8,16384,3,license_plate_bahnschrift.ttf,VJNKYFDZICRAQLPMWHGESOUXBT,7,11,0,0.68,14.310835,0.701998,0.674571,VACDSMU,0.846154,0.153846
0.8,16384,3,license_plate_bahnschrift.ttf,VJNKYFDZICRAQLPMWHGESOUXBT,7,11,1,0.68,14.310835,0.701998,0.674571,VAEERDBMUPY,0.846154,0.153846
0.9,16384,3,license_plate_bahnschrift.ttf,VJNKYFDZICRAQLPMWHGESOUXBT,7,11,0,0.765,15.178933,0.668877,0.635992,VAOEDMP,0.884615,0.115385
0.9,16384,3,license_plate_bahnschrift.ttf,VJNKYFDZICRAQLPMWHGESOUXBT,7,11,1,0.765,15.178933,0.668877,0.635992,RU,0.923077,0.076923
1.0,16384,3,license_plate_bahnschrift.ttf,VJNKYFDZICRAQLPMWHGESOUXBT,7,11,0,0.85,16.0,0.63662,0.603355,VED,0.923077,0.076923
1.0,16384,3,license_plate_bahnschrift.ttf,VJNKYFDZICRAQLPMWHGESOUXBT,7,11,1,0.85,16.0,0.63662,0.603355,VOB,0.884615,0.115385
0.1,16384,3,license_plate_bahnschrift.ttf,VJNKYFDZICRAQLPMWHGESOUXBT,7,15,0,0.085,5.059644,0.959381,1.907975,JOSPLSMOOA,0.846154,0.153846
0.1,16384,3,license_plate_bahnschrift.ttf,VJNKYFDZICRAQLPMWHGESOUXBT,7,15,1,0.085,5.059644,0.959381,1.907975,SPUSMOVA,0.923077,0.076923
0.2,16384,3,license_plate_bahnschrift.ttf,VJNKYFDZICRAQLPMWHGESOUXBT,7,15,0,0.17,7.155418,0.919759,1.349142,SAVSPKLDSMOUAI,0.846154,0.153846
0.2,16384,3,license_plate_bahnschrift.ttf,VJNKYFDZICRAQLPMWHGESOUXBT,7,15,1,0.17,7.155418,0.919759,1.349142,SAVSPKLSMOWA,0.884615,0.115385
0.3,16384,3,license_plate_bahnschrift.ttf,VJNKYFDZICRAQLPMWHGESOUXBT,7,15,0,0.255,8.763561,0.881116,1.10157,SACVDPKLSMEUAI,0.807692,0.192308
0.3,16384,3,license_plate_bahnschrift.ttf,VJNKYFDZICRAQLPMWHGESOUXBT,7,15,1,0.255,8.763561,0.881116,1.10157,SAVDPLSMEWAT,0.807692,0.192308
0.4,16384,3,license_plate_bahnschrift.ttf,VJNKYFDZICRAQLPMWHGESOUXBT,7,15,0,0.34,10.119289,0.843436,0.953987,ACHRIKLSMSOATI,0.807692,0.192308
0.4,16384,3,license_plate_bahnschrift.ttf,VJNKYFDZICRAQLPMWHGESOUXBT,7,15,1,0.34,10.119289,0.843436,0.953987,ACHDIPKLSMSWAI,0.807692,0.192308
0.5,16384,3,license_plate_bahnschrift.ttf,VJNKYFDZICRAQLPMWHGESOUXBT,7,15,0,0.425,11.313708,0.8067,0.853272,VACHDAKHSUI,0.769231,0.230769
0.5,16384,3,license_plate_bahnschrift.ttf,VJNKYFDZICRAQLPMWHGESOUXBT,7,15,1,0.425,11.313708,0.8067,0.853272,VACPDAKHS,0.807692,0.192308
0.6,16384,3,license_plate_bahnschrift.ttf,VJNKYFDZICRAQLPMWHGESOUXBT,7,15,0,0.51,12.393547,0.770893,0.778927,VACORIKUHSWA,0.846154,0.153846
0.6,16384,3,license_plate_bahnschrift.ttf,VJNKYFDZICRAQLPMWHGESOUXBT,7,15,1,0.51,12.393547,0.770893,0.778927,VACHRDIKUHSVATI,0.807692,0.192308
0.7,16384,3,license_plate_bahnschrift.ttf,VJNKYFDZICRAQLPMWHGESOUXBT,7,15,0,0.595,13.38656,0.735998,0.721147,VACPDAKLPSAT,0.730769,0.269231
0.7,16384,3,license_plate_bahnschrift.ttf,VJNKYFDZICRAQLPMWHGESOUXBT,7,15,1,0.595,13.38656,0.735998,0.721147,VACPDAKUPSI,0.807692,0.192308
0.8,16384,3,license_plate_bahnschrift.ttf,VJNKYFDZICRAQLPMWHGESOUXBT,7,15,0,0.68,14.310835,0.701998,0.674571,VACPDAIC,0.846154,0.153846
0.8,16384,3,license_plate_bahnschrift.ttf,VJNKYFDZICRAQLPMWHGESOUXBT,7,15,1,0.68,14.310835,0.701998,0.674571,VACODAM,0.846154,0.153846
0.9,16384,3,license_plate_bahnschrift.ttf,VJNKYFDZICRAQLPMWHGESOUXBT,7,15,0,0.765,15.178933,0.668877,0.635992,VECO,0.884615,0.115385
0.9,16384,3,license_plate_bahnschrift.ttf,VJNKYFDZICRAQLPMWHGESOUXBT,7,15,1,0.765,15.178933,0.668877,0.635992,VECOLDNPP,0.884615,0.115385
1.0,16384,3,license_plate_bahnschrift.ttf,VJNKYFDZICRAQLPMWHGESOUXBT,7,15,0,0.85,16.0,0.63662,0.603355,VEOSDRACLPT,0.730769,0.269231
1.0,16384,3,license_plate_bahnschrift.ttf,VJNKYFDZICRAQLPMWHGESOUXBT,7,15,1,0.85,16.0,0.63662,0.603355,VECOLDRACLPT,0.730769,0.269231
0.1,16384,3,license_plate_bahnschrift.ttf,VJNKYFDZICRAQLPMWHGESOUXBT,11,0,0,0.085,5.059644,0.959381,1.907975,COPSHKPAOR,0.846154,0.153846
0.1,16384,3,license_plate_bahnschrift.ttf,VJNKYFDZICRAQLPMWHGESOUXBT,11,0,1,0.085,5.059644,0.959381,1.907975,COPSKPORI,0.884615,0.115385
0.2,16384,3,license_plate_bahnschrift.ttf,VJNKYFDZICRAQLPMWHGESOUXBT,11,0,0,0.17,7.155418,0.919759,1.349142,AD,0.961538,0.038462
0.2,16384,3,license_plate_bahnschrift.ttf,VJNKYFDZICRAQLPMWHGESOUXBT,11,0,1,0.17,7.155418,0.919759,1.349142,UD,0.961538,0.038462
0.3,16384,3,license_plate_bahnschrift.ttf,VJNKYFDZICRAQLPMWHGESOUXBT,11,0,0,0.255,8.763561,0.881116,1.10157,PUSPAOT,0.884615,0.115385
0.3,16384,3,license_plate_bahnschrift.ttf,VJNKYFDZICRAQLPMWHGESOUXBT,11,0,1,0.255,8.763561,0.881116,1.10157,OUSPAOBT,0.846154,0.153846
0.4,16384,3,license_plate_bahnschrift.ttf,VJNKYFDZICRAQLPMWHGESOUXBT,11,0,0,0.34,10.119289,0.843436,0.953987,PCSPAODOT,0.846154,0.153846
0.4,16384,3,license_plate_bahnschrift.ttf,VJNKYFDZICRAQLPMWHGESOUXBT,11,0,1,0.34,10.119289,0.843436,0.953987,OCOPDOT,0.846154,0.153846
0.5,16384,3,license_plate_bahnschrift.ttf,VJNKYFDZICRAQLPMWHGESOUXBT,11,0,0,0.425,11.313708,0.8067,0.853272,SCSPAOD,0.884615,0.115385
0.5,16384,3,license_plate_bahnschrift.ttf,VJNKYFDZICRAQLPMWHGESOUXBT,11,0,1,0.425,11.313708,0.8067,0.853272,OUSPAODT,0.884615,0.115385
0.6,16384,3,license_plate_bahnschrift.ttf,VJNKYFDZICRAQLPMWHGESOUXBT,11,0,0,0.51,12.393547,0.770893,0.778927,SUOPODOT,0.884615,0.115385
0.6,16384,3,license_plate_bahnschrift.ttf,VJNKYFDZICRAQLPMWHGESOUXBT,11,0,1,0.51,12.393547,0.770893,0.778927,SUOPT,0.884615,0.115385
0.7,16384,3,license_plate_bahnschrift.ttf,VJNKYFDZICRAQLPMWHGESOUXBT,11,0,0,0.595,13.38656,0.735998,0.721147,,1.0,0.0
0.7,16384,3,license_plate_bahnschrift.ttf,VJNKYFDZICRAQLPMWHGESOUXBT,11,0,1,0.595,13.38656,0.735998,0.721147,,1.0,0.0
0.8,16384,3,license_plate_bahnschrift.ttf,VJNKYFDZICRAQLPMWHGESOUXBT,11,0,0,0.68,14.310835,0.701998,0.674571,,1.0,0.0
0.8,16384,3,license_plate_bahnschrift.ttf,VJNKYFDZICRAQLPMWHGESOUXBT,11,0,1,0.68,14.310835,0.701998,0.674571,,1.0,0.0
0.9,16384,3,license_plate_bahnschrift.ttf,VJNKYFDZICRAQLPMWHGESOUXBT,11,0,0,0.765,15.178933,0.668877,0.635992,,1.0,0.0
0.9,16384,3,license_plate_bahnschrift.ttf,VJNKYFDZICRAQLPMWHGESOUXBT,11,0,1,0.765,15.178933,0.668877,0.635992,,1.0,0.0
1.0,16384,3,license_plate_bahnschrift.ttf,VJNKYFDZICRAQLPMWHGESOUXBT,11,0,0,0.85,16.0,0.63662,0.603355,,1.0,0.0
1.0,16384,3,license_plate_bahnschrift.ttf,VJNKYFDZICRAQLPMWHGESOUXBT,11,0,1,0.85,16.0,0.63662,0.603355,,1.0,0.0
0.1,16384,3,license_plate_bahnschrift.ttf,VJNKYFDZICRAQLPMWHGESOUXBT,11,3,0,0.085,5.059644,0.959381,1.907975,TK,0.961538,0.038462
0.1,16384,3,license_plate_bahnschrift.ttf,VJNKYFDZICRAQLPMWHGESOUXBT,11,3,1,0.085,5.059644,0.959381,1.907975,T,0.961538,0.038462
0.2,16384,3,license_plate_bahnschrift.ttf,VJNKYFDZICRAQLPMWHGESOUXBT,11,3,0,0.17,7.155418,0.919759,1.349142,SA,0.961538,0.038462
0.2,16384,3,license_plate_bahnschrift.ttf,VJNKYFDZICRAQLPMWHGESOUXBT,11,3,1,0.17,7.155418,0.919759,1.349142,OTSP,0.961538,0.038462
0.3,16384,3,license_plate_bahnschrift.ttf,VJNKYFDZICRAQLPMWHGESOUXBT,11,3,0,0.255,8.763561,0.881116,1.10157,BETSP,0.961538,0.038462
0.3,16384,3,license_plate_bahnschrift.ttf,VJNKYFDZICRAQLPMWHGESOUXBT,11,3,1,0.255,8.763561,0.881116,1.10157,OETSPT,0.923077,0.076923
0.4,16384,3,license_plate_bahnschrift.ttf,VJNKYFDZICRAQLPMWHGESOUXBT,11,3,0,0.34,10.119289,0.843436,0.953987,RETTSMAT,0.884615,0.115385
0.4,16384,3,license_plate_bahnschrift.ttf,VJNKYFDZICRAQLPMWHGESOUXBT,11,3,1,0.34,10.119289,0.843436,0.953987,OETTSAT,0.923077,0.076923
0.5,16384,3,license_plate_bahnschrift.ttf,VJNKYFDZICRAQLPMWHGESOUXBT,11,3,0,0.425,11.313708,0.8067,0.853272,CREVTSPT,0.846154,0.153846
0.5,16384,3,license_plate_bahnschrift.ttf,VJNKYFDZICRAQLPMWHGESOUXBT,11,3,1,0.425,11.313708,0.8067,0.853272,CRETSPT,0.846154,0.153846
0.6,16384,3,license_plate_bahnschrift.ttf,VJNKYFDZICRAQLPMWHGESOUXBT,11,3,0,0.51,12.393547,0.770893,0.778927,,1.0,0.0
0.6,16384,3,license_plate_bahnschrift.ttf,VJNKYFDZICRAQLPMWHGESOUXBT,11,3,1,0.51,12.393547,0.770893,0.778927,RCMAT,0.884615,0.115385
0.7,16384,3,license_plate_bahnschrift.ttf,VJNKYFDZICRAQLPMWHGESOUXBT,11,3,0,0.595,13.38656,0.735998,0.721147,,1.0,0.0
0.7,16384,3,license_plate_bahnschrift.ttf,VJNKYFDZICRAQLPMWHGESOUXBT,11,3,1,0.595,13.38656,0.735998,0.721147,,1.0,0.0
0.8,16384,3,license_plate_bahnschrift.ttf,VJNKYFDZICRAQLPMWHGESOUXBT,11,3,0,0.68,14.310835,0.701998,0.674571,,1.0,0.0
0.8,16384,3,license_plate_bahnschrift.ttf,VJNKYFDZICRAQLPMWHGESOUXBT,11,3,1,0.68,14.310835,0.701998,0.674571,,1.0,0.0
0.9,16384,3,license_plate_bahnschrift.ttf,VJNKYFDZICRAQLPMWHGESOUXBT,11,3,0,0.765,15.178933,0.668877,0.635992,,1.0,0.0
0.9,16384,3,license_plate_bahnschrift.ttf,VJNKYFDZICRAQLPMWHGESOUXBT,11,3,1,0.765,15.178933,0.668877,0.635992,,1.0,0.0
1.0,16384,3,license_plate_bahnschrift.ttf,VJNKYFDZICRAQLPMWHGESOUXBT,11,3,0,0.85,16.0,0.63662,0.603355,,1.0,0.0
1.0,16384,3,license_plate_bahnschrift.ttf,VJNKYFDZICRAQLPMWHGESOUXBT,11,3,1,0.85,16.0,0.63662,0.603355,,1.0,0.0
0.1,16384,3,license_plate_bahnschrift.ttf,VJNKYFDZICRAQLPMWHGESOUXBT,11,7,0,0.085,5.059644,0.959381,1.907975,OTTA,0.961538,0.038462
0.1,16384,3,license_plate_bahnschrift.ttf,VJNKYFDZICRAQLPMWHGESOUXBT,11,7,1,0.085,5.059644,0.959381,1.907975,OTTAV,0.961538,0.038462
0.2,16384,3,license_plate_bahnschrift.ttf,VJNKYFDZICRAQLPMWHGESOUXBT,11,7,0,0.17,7.155418,0.919759,1.349142,TT,0.961538,0.038462
0.2,16384,3,license_plate_bahnschrift.ttf,VJNKYFDZICRAQLPMWHGESOUXBT,11,7,1,0.17,7.155418,0.919759,1.349142,OTT,0.923077,0.076923
0.3,16384,3,license_plate_bahnschrift.ttf,VJNKYFDZICRAQLPMWHGESOUXBT,11,7,0,0.255,8.763561,0.881116,1.10157,CROTPO,0.846154,0.153846
0.3,16384,3,license_plate_bahnschrift.ttf,VJNKYFDZICRAQLPMWHGESOUXBT,11,7,1,0.255,8.763561,0.881116,1.10157,CRSTPO,0.846154,0.153846
0.4,16384,3,license_plate_bahnschrift.ttf,VJNKYFDZICRAQLPMWHGESOUXBT,11,7,0,0.34,10.119289,0.843436,0.953987,CROTTOL,0.884615,0.115385
0.4,16384,3,license_plate_bahnschrift.ttf,VJNKYFDZICRAQLPMWHGESOUXBT,11,7,1,0.34,10.119289,0.843436,0.953987,CROTTOE,0.884615,0.115385
0.5,16384,3,license_plate_bahnschrift.ttf,VJNKYFDZICRAQLPMWHGESOUXBT,11,7,0,0.425,11.313708,0.8067,0.853272,CRONTTCC,0.923077,0.076923
0.5,16384,3,license_plate_bahnschrift.ttf,VJNKYFDZICRAQLPMWHGESOUXBT,11,7,1,0.425,11.313708,0.8067,0.853272,CROTTC,0.884615,0.115385
0.6,16384,3,license_plate_bahnschrift.ttf,VJNKYFDZICRAQLPMWHGESOUXBT,11,7,0,0.51,12.393547,0.770893,0.778927,CRSITTLC,0.884615,0.115385
0.6,16384,3,license_plate_bahnschrift.ttf,VJNKYFDZICRAQLPMWHGESOUXBT,11,7,1,0.51,12.393547,0.770893,0.778927,CROITTC,0.884615,0.115385
0.7,16384,3,license_plate_bahnschrift.ttf,VJNKYFDZICRAQLPMWHGESOUXBT,11,7,0,0.595,13.38656,0.735998,0.721147,ORSTTCOCLT,0.884615,0.115385
0.7,16384,3,license_plate_bahnschrift.ttf,VJNKYFDZICRAQLPMWHGESOUXBT,11,7,1,0.595,13.38656,0.735998,0.721147,ORSTTCOCT,0.884615,0.115385
0.8,16384,3,license_plate_bahnschrift.ttf,VJNKYFDZICRAQLPMWHGESOUXBT,11,7,0,0.68,14.310835,0.701998,0.674571,ORSTTCSLT,0.884615,0.115385
0.8,16384,3,license_plate_bahnschrift.ttf,VJNKYFDZICRAQLPMWHGESOUXBT,11,7,1,0.68,14.310835,0.701998,0.674571,ORSVTECOCLET,0.846154,0.153846
0.9,16384,3,license_plate_bahnschrift.ttf,VJNKYFDZICRAQLPMWHGESOUXBT,11,7,0,0.765,15.178933,0.668877,0.635992,ORVTECSLET,0.846154,0.153846
0.9,16384,3,license_plate_bahnschrift.ttf,VJNKYFDZICRAQLPMWHGESOUXBT,11,7,1,0.765,15.178933,0.668877,0.635992,ORTECC,0.923077,0.076923
1.0,16384,3,license_plate_bahnschrift.ttf,VJNKYFDZICRAQLPMWHGESOUXBT,11,7,0,0.85,16.0,0.63662,0.603355,ORTTCSLT,0.884615,0.115385
1.0,16384,3,license_plate_bahnschrift.ttf,VJNKYFDZICRAQLPMWHGESOUXBT,11,7,1,0.85,16.0,0.63662,0.603355,I,0.961538,0.038462
0.1,16384,3,license_plate_bahnschrift.ttf,VJNKYFDZICRAQLPMWHGESOUXBT,11,11,0,0.085,5.059644,0.959381,1.907975,PLPMOB,0.807692,0.192308
0.1,16384,3,license_plate_bahnschrift.ttf,VJNKYFDZICRAQLPMWHGESOUXBT,11,11,1,0.085,5.059644,0.959381,1.907975,,1.0,0.0
0.2,16384,3,license_plate_bahnschrift.ttf,VJNKYFDZICRAQLPMWHGESOUXBT,11,11,0,0.17,7.155418,0.919759,1.349142,CPLOAT,0.846154,0.153846
0.2,16384,3,license_plate_bahnschrift.ttf,VJNKYFDZICRAQLPMWHGESOUXBT,11,11,1,0.17,7.155418,0.919759,1.349142,CPLOAT,0.846154,0.153846
0.3,16384,3,license_plate_bahnschrift.ttf,VJNKYFDZICRAQLPMWHGESOUXBT,11,11,0,0.255,8.763561,0.881116,1.10157,COPLPOL,0.846154,0.153846
0.3,16384,3,license_plate_bahnschrift.ttf,VJNKYFDZICRAQLPMWHGESOUXBT,11,11,1,0.255,8.763561,0.881116,1.10157,COPLOOO,0.884615,0.115385
0.4,16384,3,license_plate_bahnschrift.ttf,VJNKYFDZICRAQLPMWHGESOUXBT,11,11,0,0.34,10.119289,0.843436,0.953987,CPLOOOAT,0.846154,0.153846
0.4,16384,3,license_plate_bahnschrift.ttf,VJNKYFDZICRAQLPMWHGESOUXBT,11,11,1,0.34,10.119289,0.843436,0.953987,COPLANAR,0.923077,0.076923
0.5,16384,3,license_plate_bahnschrift.ttf,VJNKYFDZICRAQLPMWHGESOUXBT,11,11,0,0.425,11.313708,0.8067,0.853272,OPOLLOO,0.923077,0.076923
0.5,16384,3,license_plate_bahnschrift.ttf,VJNKYFDZICRAQLPMWHGESOUXBT,11,11,1,0.425,11.313708,0.8067,0.853272,CORLL,0.923077,0.076923
0.6,16384,3,license_plate_bahnschrift.ttf,VJNKYFDZICRAQLPMWHGESOUXBT,11,11,0,0.51,12.393547,0.770893,0.778927,OLA,0.961538,0.038462
0.6,16384,3,license_plate_bahnschrift.ttf,VJNKYFDZICRAQLPMWHGESOUXBT,11,11,1,0.51,12.393547,0.770893,0.778927,OOO,0.961538,0.038462
0.7,16384,3,license_plate_bahnschrift.ttf,VJNKYFDZICRAQLPMWHGESOUXBT,11,11,0,0.595,13.38656,0.735998,0.721147,COLL,0.923077,0.076923
0.7,16384,3,license_plate_bahnschrift.ttf,VJNKYFDZICRAQLPMWHGESOUXBT,11,11,1,0.595,13.38656,0.735998,0.721147,CLOS,0.884615,0.115385
0.8,16384,3,license_plate_bahnschrift.ttf,VJNKYFDZICRAQLPMWHGESOUXBT,11,11,0,0.68,14.310835,0.701998,0.674571,OPOLCOMASONATOT,0.846154,0.153846
0.8,16384,3,license_plate_bahnschrift.ttf,VJNKYFDZICRAQLPMWHGESOUXBT,11,11,1,0.68,14.310835,0.701998,0.674571,ORILLIA,0.923077,0.076923
0.9,16384,3,license_plate_bahnschrift.ttf,VJNKYFDZICRAQLPMWHGESOUXBT,11,11,0,0.765,15.178933,0.668877,0.635992,PCCOMASNT,0.846154,0.153846
0.9,16384,3,license_plate_bahnschrift.ttf,VJNKYFDZICRAQLPMWHGESOUXBT,11,11,1,0.765,15.178933,0.668877,0.635992,OCCOASOT,0.807692,0.192308
1.0,16384,3,license_plate_bahnschrift.ttf,VJNKYFDZICRAQLPMWHGESOUXBT,11,11,0,0.85,16.0,0.63662,0.603355,OVOECPT,0.884615,0.115385
1.0,16384,3,license_plate_bahnschrift.ttf,VJNKYFDZICRAQLPMWHGESOUXBT,11,11,1,0.85,16.0,0.63662,0.603355,LSLS,0.923077,0.076923
0.1,16384,3,license_plate_bahnschrift.ttf,VJNKYFDZICRAQLPMWHGESOUXBT,11,15,0,0.085,5.059644,0.959381,1.907975,LL,0.961538,0.038462
0.1,16384,3,license_plate_bahnschrift.ttf,VJNKYFDZICRAQLPMWHGESOUXBT,11,15,1,0.085,5.059644,0.959381,1.907975,LL,0.961538,0.038462
0.2,16384,3,license_plate_bahnschrift.ttf,VJNKYFDZICRAQLPMWHGESOUXBT,11,15,0,0.17,7.155418,0.919759,1.349142,OPSPONHOORI,0.884615,0.115385
0.2,16384,3,license_plate_bahnschrift.ttf,VJNKYFDZICRAQLPMWHGESOUXBT,11,15,1,0.17,7.155418,0.919759,1.349142,,1.0,0.0
0.3,16384,3,license_plate_bahnschrift.ttf,VJNKYFDZICRAQLPMWHGESOUXBT,11,15,0,0.255,8.763561,0.881116,1.10157,,1.0,0.0
0.3,16384,3,license_plate_bahnschrift.ttf,VJNKYFDZICRAQLPMWHGESOUXBT,11,15,1,0.255,8.763561,0.881116,1.10157,FSPNHODT,0.807692,0.192308
0.4,16384,3,license_plate_bahnschrift.ttf,VJNKYFDZICRAQLPMWHGESOUXBT,11,15,0,0.34,10.119289,0.843436,0.953987,OOHDOT,0.884615,0.115385
0.4,16384,3,license_plate_bahnschrift.ttf,VJNKYFDZICRAQLPMWHGESOUXBT,11,15,1,0.34,10.119289,0.843436,0.953987,OOPHODOT,0.846154,0.153846
0.5,16384,3,license_plate_bahnschrift.ttf,VJNKYFDZICRAQLPMWHGESOUXBT,11,15,0,0.425,11.313708,0.8067,0.853272,PUOPAOOT,0.884615,0.115385
0.5,16384,3,license_plate_bahnschrift.ttf,VJNKYFDZICRAQLPMWHGESOUXBT,11,15,1,0.425,11.313708,0.8067,0.853272,AUSPPOT,0.846154,0.153846
0.6,16384,3,license_plate_bahnschrift.ttf,VJNKYFDZICRAQLPMWHGESOUXBT,11,15,0,0.51,12.393547,0.770893,0.778927,SCOPOOT,0.846154,0.153846
0.6,16384,3,license_plate_bahnschrift.ttf,VJNKYFDZICRAQLPMWHGESOUXBT,11,15,1,0.51,12.393547,0.770893,0.778927,SUOPPHODOT,0.846154,0.153846
0.7,16384,3,license_plate_bahnschrift.ttf,VJNKYFDZICRAQLPMWHGESOUXBT,11,15,0,0.595,13.38656,0.735998,0.721147,PCOMPAOT,0.846154,0.153846
0.7,16384,3,license_plate_bahnschrift.ttf,VJNKYFDZICRAQLPMWHGESOUXBT,11,15,1,0.595,13.38656,0.735998,0.721147,,1.0,0.0
0.8,16384,3,license_plate_bahnschrift.ttf,VJNKYFDZICRAQLPMWHGESOUXBT,11,15,0,0.68,14.310835,0.701998,0.674571,,1.0,0.0
0.8,16384,3,license_plate_bahnschrift.ttf,VJNKYFDZICRAQLPMWHGESOUXBT,11,15,1,0.68,14.310835,0.701998,0.674571,,1.0,0.0
0.9,16384,3,license_plate_bahnschrift.ttf,VJNKYFDZICRAQLPMWHGESOUXBT,11,15,0,0.765,15.178933,0.668877,0.635992,,1.0,0.0
0.9,16384,3,license_plate_bahnschrift.ttf,VJNKYFDZICRAQLPMWHGESOUXBT,11,15,1,0.765,15.178933,0.668877,0.635992,,1.0,0.0
1.0,16384,3,license_plate_bahnschrift.ttf,VJNKYFDZICRAQLPMWHGESOUXBT,11,15,0,0.85,16.0,0.63662,0.603355,,1.0,0.0
1.0,16384,3,license_plate_bahnschrift.ttf,VJNKYFDZICRAQLPMWHGESOUXBT,11,15,1,0.85,16.0,0.63662,0.603355,,1.0,0.0
0.1,16384,3,license_plate_bahnschrift.ttf,VJNKYFDZICRAQLPMWHGESOUXBT,15,0,0,0.085,5.059644,0.959381,1.907975,SOMEVAANBEC,0.923077,0.076923
0.1,16384,3,license_plate_bahnschrift.ttf,VJNKYFDZICRAQLPMWHGESOUXBT,15,0,1,0.085,5.059644,0.959381,1.907975,OOMIEVRANBEC,0.884615,0.115385
0.2,16384,3,license_plate_bahnschrift.ttf,VJNKYFDZICRAQLPMWHGESOUXBT,15,0,0,0.17,7.155418,0.919759,1.349142,SOMIEVEANBCS,0.923077,0.076923
0.2,16384,3,license_plate_bahnschrift.ttf,VJNKYFDZICRAQLPMWHGESOUXBT,15,0,1,0.17,7.155418,0.919759,1.349142,SOMEVEANSBCS,0.923077,0.076923
0.3,16384,3,license_plate_bahnschrift.ttf,VJNKYFDZICRAQLPMWHGESOUXBT,15,0,0,0.255,8.763561,0.881116,1.10157,SSOMIEVAANCSECS,0.884615,0.115385
0.3,16384,3,license_plate_bahnschrift.ttf,VJNKYFDZICRAQLPMWHGESOUXBT,15,0,1,0.255,8.763561,0.881116,1.10157,SPOWIEVAZANSOBT,0.769231,0.230769
0.4,16384,3,license_plate_bahnschrift.ttf,VJNKYFDZICRAQLPMWHGESOUXBT,15,0,0,0.34,10.119289,0.843436,0.953987,VCOKEVZANSBECOC,0.769231,0.230769
0.4,16384,3,license_plate_bahnschrift.ttf,VJNKYFDZICRAQLPMWHGESOUXBT,15,0,1,0.34,10.119289,0.843436,0.953987,SPOTKEVAANSBECS,0.923077,0.076923
0.5,16384,3,license_plate_bahnschrift.ttf,VJNKYFDZICRAQLPMWHGESOUXBT,15,0,0,0.425,11.313708,0.8067,0.853272,SPOVUIEVAANSSOS,0.846154,0.153846
0.5,16384,3,license_plate_bahnschrift.ttf,VJNKYFDZICRAQLPMWHGESOUXBT,15,0,1,0.425,11.313708,0.8067,0.853272,SPOVUIKVAZANSSICE,0.884615,0.115385
0.6,16384,3,license_plate_bahnschrift.ttf,VJNKYFDZICRAQLPMWHGESOUXBT,15,0,0,0.51,12.393547,0.770893,0.778927,SPPTUCEKVSAANYSBOT,0.884615,0.115385
0.6,16384,3,license_plate_bahnschrift.ttf,VJNKYFDZICRAQLPMWHGESOUXBT,15,0,1,0.51,12.393547,0.770893,0.778927,SPPTUIKVAZANYSBOT,0.846154,0.153846
0.7,16384,3,license_plate_bahnschrift.ttf,VJNKYFDZICRAQLPMWHGESOUXBT,15,0,0,0.595,13.38656,0.735998,0.721147,,1.0,0.0
0.7,16384,3,license_plate_bahnschrift.ttf,VJNKYFDZICRAQLPMWHGESOUXBT,15,0,1,0.595,13.38656,0.735998,0.721147,,1.0,0.0
0.8,16384,3,license_plate_bahnschrift.ttf,VJNKYFDZICRAQLPMWHGESOUXBT,15,0,0,0.68,14.310835,0.701998,0.674571,,1.0,0.0
0.8,16384,3,license_plate_bahnschrift.ttf,VJNKYFDZICRAQLPMWHGESOUXBT,15,0,1,0.68,14.310835,0.701998,0.674571,TT,0.961538,0.038462
0.9,16384,3,license_plate_bahnschrift.ttf,VJNKYFDZICRAQLPMWHGESOUXBT,15,0,0,0.765,15.178933,0.668877,0.635992,,1.0,0.0
0.9,16384,3,license_plate_bahnschrift.ttf,VJNKYFDZICRAQLPMWHGESOUXBT,15,0,1,0.765,15.178933,0.668877,0.635992,,1.0,0.0
1.0,16384,3,license_plate_bahnschrift.ttf,VJNKYFDZICRAQLPMWHGESOUXBT,15,0,0,0.85,16.0,0.63662,0.603355,CSPOWELO,0.807692,0.192308
1.0,16384,3,license_plate_bahnschrift.ttf,VJNKYFDZICRAQLPMWHGESOUXBT,15,0,1,0.85,16.0,0.63662,0.603355,,1.0,0.0
0.1,16384,3,license_plate_bahnschrift.ttf,VJNKYFDZICRAQLPMWHGESOUXBT,15,3,0,0.085,5.059644,0.959381,1.907975,STCC,0.961538,0.038462
0.1,16384,3,license_plate_bahnschrift.ttf,VJNKYFDZICRAQLPMWHGESOUXBT,15,3,1,0.085,5.059644,0.959381,1.907975,SVMAFOCS,0.884615,0.115385
0.2,16384,3,license_plate_bahnschrift.ttf,VJNKYFDZICRAQLPMWHGESOUXBT,15,3,0,0.17,7.155418,0.919759,1.349142,SPVAC,0.961538,0.038462
0.2,16384,3,license_plate_bahnschrift.ttf,VJNKYFDZICRAQLPMWHGESOUXBT,15,3,1,0.17,7.155418,0.919759,1.349142,SPVMA,0.961538,0.038462
0.3,16384,3,license_plate_bahnschrift.ttf,VJNKYFDZICRAQLPMWHGESOUXBT,15,3,0,0.255,8.763561,0.881116,1.10157,SEVMASVSCT,0.884615,0.115385
0.3,16384,3,license_plate_bahnschrift.ttf,VJNKYFDZICRAQLPMWHGESOUXBT,15,3,1,0.255,8.763561,0.881116,1.10157,STEVMAPSCCT,0.846154,0.153846
0.4,16384,3,license_plate_bahnschrift.ttf,VJNKYFDZICRAQLPMWHGESOUXBT,15,3,0,0.34,10.119289,0.843436,0.953987,SEVSMAYTSOT,0.846154,0.153846
0.4,16384,3,license_plate_bahnschrift.ttf,VJNKYFDZICRAQLPMWHGESOUXBT,15,3,1,0.34,10.119289,0.843436,0.953987,SEVSMAYTSOT,0.846154,0.153846
0.5,16384,3,license_plate_bahnschrift.ttf,VJNKYFDZICRAQLPMWHGESOUXBT,15,3,0,0.425,11.313708,0.8067,0.853272,SPITCEVSMAYPSCOT,0.846154,0.153846
0.5,16384,3,license_plate_bahnschrift.ttf,VJNKYFDZICRAQLPMWHGESOUXBT,15,3,1,0.425,11.313708,0.8067,0.853272,SPITCEVSMAYPSOT,0.807692,0.192308
0.6,16384,3,license_plate_bahnschrift.ttf,VJNKYFDZICRAQLPMWHGESOUXBT,15,3,0,0.51,12.393547,0.770893,0.778927,SPITCEVSMAYTDOT,0.846154,0.153846
0.6,16384,3,license_plate_bahnschrift.ttf,VJNKYFDZICRAQLPMWHGESOUXBT,15,3,1,0.51,12.393547,0.770893,0.778927,SPITCEVSMAYFDOT,0.846154,0.153846
0.7,16384,3,license_plate_bahnschrift.ttf,VJNKYFDZICRAQLPMWHGESOUXBT,15,3,0,0.595,13.38656,0.735998,0.721147,,1.0,0.0
0.7,16384,3,license_plate_bahnschrift.ttf,VJNKYFDZICRAQLPMWHGESOUXBT,15,3,1,0.595,13.38656,0.735998,0.721147,,1.0,0.0
0.8,16384,3,license_plate_bahnschrift.ttf,VJNKYFDZICRAQLPMWHGESOUXBT,15,3,0,0.68,14.310835,0.701998,0.674571,,1.0,0.0
0.8,16384,3,license_plate_bahnschrift.ttf,VJNKYFDZICRAQLPMWHGESOUXBT,15,3,1,0.68,14.310835,0.701998,0.674571,POTTTCENSAAPFDOT,0.846154,0.153846
0.9,16384,3,license_plate_bahnschrift.ttf,VJNKYFDZICRAQLPMWHGESOUXBT,15,3,0,0.765,15.178933,0.668877,0.635992,TTS,0.961538,0.038462
0.9,16384,3,license_plate_bahnschrift.ttf,VJNKYFDZICRAQLPMWHGESOUXBT,15,3,1,0.765,15.178933,0.668877,0.635992,,1.0,0.0
1.0,16384,3,license_plate_bahnschrift.ttf,VJNKYFDZICRAQLPMWHGESOUXBT,15,3,0,0.85,16.0,0.63662,0.603355,TDBT,0.884615,0.115385
1.0,16384,3,license_plate_bahnschrift.ttf,VJNKYFDZICRAQLPMWHGESOUXBT,15,3,1,0.85,16.0,0.63662,0.603355,CTSFD,0.923077,0.076923
0.1,16384,3,license_plate_bahnschrift.ttf,VJNKYFDZICRAQLPMWHGESOUXBT,15,7,0,0.085,5.059644,0.959381,1.907975,WVMAOVEY,0.923077,0.076923
0.1,16384,3,license_plate_bahnschrift.ttf,VJNKYFDZICRAQLPMWHGESOUXBT,15,7,1,0.085,5.059644,0.959381,1.907975,SWVMAOVEY,0.923077,0.076923
0.2,16384,3,license_plate_bahnschrift.ttf,VJNKYFDZICRAQLPMWHGESOUXBT,15,7,0,0.17,7.155418,0.919759,1.349142,TVMAOTT,0.884615,0.115385
0.2,16384,3,license_plate_bahnschrift.ttf,VJNKYFDZICRAQLPMWHGESOUXBT,15,7,1,0.17,7.155418,0.919759,1.349142,TVEMATT,0.923077,0.076923
0.3,16384,3,license_plate_bahnschrift.ttf,VJNKYFDZICRAQLPMWHGESOUXBT,15,7,0,0.255,8.763561,0.881116,1.10157,WAT,0.923077,0.076923
0.3,16384,3,license_plate_bahnschrift.ttf,VJNKYFDZICRAQLPMWHGESOUXBT,15,7,1,0.255,8.763561,0.881116,1.10157,VMANTT,0.884615,0.115385
0.4,16384,3,license_plate_bahnschrift.ttf,VJNKYFDZICRAQLPMWHGESOUXBT,15,7,0,0.34,10.119289,0.843436,0.953987,SVEMAY,0.961538,0.038462
0.4,16384,3,license_plate_bahnschrift.ttf,VJNKYFDZICRAQLPMWHGESOUXBT,15,7,1,0.34,10.119289,0.843436,0.953987,SVWA,0.961538,0.038462
0.5,16384,3,license_plate_bahnschrift.ttf,VJNKYFDZICRAQLPMWHGESOUXBT,15,7,0,0.425,11.313708,0.8067,0.853272,TVSAST,0.884615,0.115385
0.5,16384,3,license_plate_bahnschrift.ttf,VJNKYFDZICRAQLPMWHGESOUXBT,15,7,1,0.425,11.313708,0.8067,0.853272,STVSASTDT,0.884615,0.115385
0.6,16384,3,license_plate_bahnschrift.ttf,VJNKYFDZICRAQLPMWHGESOUXBT,15,7,0,0.51,12.393547,0.770893,0.778927,PTVWA,0.961538,0.038462
0.6,16384,3,license_plate_bahnschrift.ttf,VJNKYFDZICRAQLPMWHGESOUXBT,15,7,1,0.51,12.393547,0.770893,0.778927,SPTVEWT,0.884615,0.115385
0.7,16384,3,license_plate_bahnschrift.ttf,VJNKYFDZICRAQLPMWHGESOUXBT,15,7,0,0.595,13.38656,0.735998,0.721147,SPTKVSMAT,0.884615,0.115385
0.7,16384,3,license_plate_bahnschrift.ttf,VJNKYFDZICRAQLPMWHGESOUXBT,15,7,1,0.595,13.38656,0.735998,0.721147,PTVSSA,0.923077,0.076923
0.8,16384,3,license_plate_bahnschrift.ttf,VJNKYFDZICRAQLPMWHGESOUXBT,15,7,0,0.68,14.310835,0.701998,0.674571,PTMNA,0.961538,0.038462
0.8,16384,3,license_plate_bahnschrift.ttf,VJNKYFDZICRAQLPMWHGESOUXBT,15,7,1,0.68,14.310835,0.701998,0.674571,PTKCNO,0.884615,0.115385
0.9,16384,3,license_plate_bahnschrift.ttf,VJNKYFDZICRAQLPMWHGESOUXBT,15,7,0,0.765,15.178933,0.668877,0.635992,FFT,0.923077,0.076923
0.9,16384,3,license_plate_bahnschrift.ttf,VJNKYFDZICRAQLPMWHGESOUXBT,15,7,1,0.765,15.178933,0.668877,0.635992,F,0.961538,0.038462
1.0,16384,3,license_plate_bahnschrift.ttf,VJNKYFDZICRAQLPMWHGESOUXBT,15,7,0,0.85,16.0,0.63662,0.603355,WZZ,0.961538,0.038462
1.0,16384,3,license_plate_bahnschrift.ttf,VJNKYFDZICRAQLPMWHGESOUXBT,15,7,1,0.85,16.0,0.63662,0.603355,FF,0.961538,0.038462
0.1,16384,3,license_plate_bahnschrift.ttf,VJNKYFDZICRAQLPMWHGESOUXBT,15,11,0,0.085,5.059644,0.959381,1.907975,WRIWUAYAWMAAP,0.884615,0.115385
0.1,16384,3,license_plate_bahnschrift.ttf,VJNKYFDZICRAQLPMWHGESOUXBT,15,11,1,0.085,5.059644,0.959381,1.907975,SPPNAYAWSAAP,0.846154,0.153846
0.2,16384,3,license_plate_bahnschrift.ttf,VJNKYFDZICRAQLPMWHGESOUXBT,15,11,0,0.17,7.155418,0.919759,1.349142,SPPTARYAWMNAAS,0.884615,0.115385
0.2,16384,3,license_plate_bahnschrift.ttf,VJNKYFDZICRAQLPMWHGESOUXBT,15,11,1,0.17,7.155418,0.919759,1.349142,SWPPTALYAWNAA,0.884615,0.115385
0.3,16384,3,license_plate_bahnschrift.ttf,VJNKYFDZICRAQLPMWHGESOUXBT,15,11,0,0.255,8.763561,0.881116,1.10157,SPPTHWARYAHMNAAIS,0.884615,0.115385
0.3,16384,3,license_plate_bahnschrift.ttf,VJNKYFDZICRAQLPMWHGESOUXBT,15,11,1,0.255,8.763561,0.881116,1.10157,SPPTWARYAWNCAAS,0.923077,0.076923
0.4,16384,3,license_plate_bahnschrift.ttf,VJNKYFDZICRAQLPMWHGESOUXBT,15,11,0,0.34,10.119289,0.843436,0.953987,SPRTVUARYRMNPAAS,0.884615,0.115385
0.4,16384,3,license_plate_bahnschrift.ttf,VJNKYFDZICRAQLPMWHGESOUXBT,15,11,1,0.34,10.119289,0.843436,0.953987,SPROTVWARYRWNEAAIS,0.884615,0.115385
0.5,16384,3,license_plate_bahnschrift.ttf,VJNKYFDZICRAQLPMWHGESOUXBT,15,11,0,0.425,11.313708,0.8067,0.853272,AF,0.961538,0.038462
0.5,16384,3,license_plate_bahnschrift.ttf,VJNKYFDZICRAQLPMWHGESOUXBT,15,11,1,0.425,11.313708,0.8067,0.853272,SPORTS,0.923077,0.076923
0.6,16384,3,license_plate_bahnschrift.ttf,VJNKYFDZICRAQLPMWHGESOUXBT,15,11,0,0.51,12.393547,0.770893,0.778927,POTARYRMNPAAIS,0.884615,0.115385
0.6,16384,3,license_plate_bahnschrift.ttf,VJNKYFDZICRAQLPMWHGESOUXBT,15,11,1,0.51,12.393547,0.770893,0.778927,SPPTVARYSMNAAS,0.884615,0.115385
0.7,16384,3,license_plate_bahnschrift.ttf,VJNKYFDZICRAQLPMWHGESOUXBT,15,11,0,0.595,13.38656,0.735998,0.721147,,1.0,0.0
0.7,16384,3,license_plate_bahnschrift.ttf,VJNKYFDZICRAQLPMWHGESOUXBT,15,11,1,0.595,13.38656,0.735998,0.721147,,1.0,0.0
0.8,16384,3,license_plate_bahnschrift.ttf,VJNKYFDZICRAQLPMWHGESOUXBT,15,11,0,0.68,14.310835,0.701998,0.674571,PPO,0.923077,0.076923
0.8,16384,3,license_plate_bahnschrift.ttf,VJNKYFDZICRAQLPMWHGESOUXBT,15,11,1,0.68,14.310835,0.701998,0.674571,PPO,0.923077,0.076923
0.9,16384,3,license_plate_bahnschrift.ttf,VJNKYFDZICRAQLPMWHGESOUXBT,15,11,0,0.765,15.178933,0.668877,0.635992,P,0.961538,0.038462
0.9,16384,3,license_plate_bahnschrift.ttf,VJNKYFDZICRAQLPMWHGESOUXBT,15,11,1,0.765,15.178933,0.668877,0.635992,POAO,0.923077,0.076923
1.0,16384,3,license_plate_bahnschrift.ttf,VJNKYFDZICRAQLPMWHGESOUXBT,15,11,0,0.85,16.0,0.63662,0.603355,,1.0,0.0
1.0,16384,3,license_plate_bahnschrift.ttf,VJNKYFDZICRAQLPMWHGESOUXBT,15,11,1,0.85,16.0,0.63662,0.603355,,1.0,0.0
0.1,16384,3,license_plate_bahnschrift.ttf,VJNKYFDZICRAQLPMWHGESOUXBT,15,15,0,0.085,5.059644,0.959381,1.907975,SPMARYSANA,0.884615,0.115385
0.1,16384,3,license_plate_bahnschrift.ttf,VJNKYFDZICRAQLPMWHGESOUXBT,15,15,1,0.085,5.059644,0.959381,1.907975,PPMLYSANO,0.884615,0.115385
0.2,16384,3,license_plate_bahnschrift.ttf,VJNKYFDZICRAQLPMWHGESOUXBT,15,15,0,0.17,7.155418,0.919759,1.349142,POMIEYSANSALE,0.884615,0.115385
0.2,16384,3,license_plate_bahnschrift.ttf,VJNKYFDZICRAQLPMWHGESOUXBT,15,15,1,0.17,7.155418,0.919759,1.349142,POMALYSANAE,0.884615,0.115385
0.3,16384,3,license_plate_bahnschrift.ttf,VJNKYFDZICRAQLPMWHGESOUXBT,15,15,0,0.255,8.763561,0.881116,1.10157,POWMIEYVLANCAE,0.884615,0.115385
0.3,16384,3,license_plate_bahnschrift.ttf,VJNKYFDZICRAQLPMWHGESOUXBT,15,15,1,0.255,8.763561,0.881116,1.10157,POWMAEYVSLANGCAE,0.923077,0.076923
0.4,16384,3,license_plate_bahnschrift.ttf,VJNKYFDZICRAQLPMWHGESOUXBT,15,15,0,0.34,10.119289,0.843436,0.953987,VCWAKVZANSCSE,0.846154,0.153846
0.4,16384,3,license_plate_bahnschrift.ttf,VJNKYFDZICRAQLPMWHGESOUXBT,15,15,1,0.34,10.119289,0.843436,0.953987,WOWAKVSZANSSE,0.884615,0.115385
0.5,16384,3,license_plate_bahnschrift.ttf,VJNKYFDZICRAQLPMWHGESOUXBT,15,15,0,0.425,11.313708,0.8067,0.853272,SPOVAKVAANCAIDCE,0.923077,0.076923
0.5,16384,3,license_plate_bahnschrift.ttf,VJNKYFDZICRAQLPMWHGESOUXBT,15,15,1,0.425,11.313708,0.8067,0.853272,SPPWAKVAZANACE,0.923077,0.076923
0.6,16384,3,license_plate_bahnschrift.ttf,VJNKYFDZICRAQLPMWHGESOUXBT,15,15,0,0.51,12.393547,0.770893,0.778927,SPCNTAKVSANSOE,0.884615,0.115385
0.6,16384,3,license_plate_bahnschrift.ttf,VJNKYFDZICRAQLPMWHGESOUXBT,15,15,1,0.51,12.393547,0.770893,0.778927,SPPNAKVSWSIOE,0.884615,0.115385
0.7,16384,3,license_plate_bahnschrift.ttf,VJNKYFDZICRAQLPMWHGESOUXBT,15,15,0,0.595,13.38656,0.735998,0.721147,,1.0,0.0
0.7,16384,3,license_plate_bahnschrift.ttf,VJNKYFDZICRAQLPMWHGESOUXBT,15,15,1,0.595,13.38656,0.735998,0.721147,,1.0,0.0
0.8,16384,3,license_plate_bahnschrift.ttf,VJNKYFDZICRAQLPMWHGESOUXBT,15,15,0,0.68,14.310835,0.701998,0.674571,,1.0,0.0
0.8,16384,3,license_plate_bahnschrift.ttf,VJNKYFDZICRAQLPMWHGESOUXBT,15,15,1,0.68,14.310835,0.701998,0.674571,,1.0,0.0
0.9,16384,3,license_plate_bahnschrift.ttf,VJNKYFDZICRAQLPMWHGESOUXBT,15,15,0,0.765,15.178933,0.668877,0.635992,,1.0,0.0
0.9,16384,3,license_plate_bahnschrift.ttf,VJNKYFDZICRAQLPMWHGESOUXBT,15,15,1,0.765,15.178933,0.668877,0.635992,,1.0,0.0
1.0,16384,3,license_plate_bahnschrift.ttf,VJNKYFDZICRAQLPMWHGESOUXBT,15,15,0,0.85,16.0,0.63662,0.603355,,1.0,0.0
1.0,16384,3,license_plate_bahnschrift.ttf,VJNKYFDZICRAQLPMWHGESOUXBT,15,15,1,0.85,16.0,0.63662,0.603355,,1.0,0.0
0.1,16384,4,license_plate_bahnschrift.ttf,VJNKYFDZICRAQLPMWHGESOUXBT,0,0,0,0.085,5.059644,0.959381,1.907975,JHATOOIRACLNAGIOMLEOT,0.730769,0.269231
0.1,16384,4,license_plate_bahnschrift.ttf,VJNKYFDZICRAQLPMWHGESOUXBT,0,0,1,0.085,5.059644,0.959381,1.907975,VHATOOCRACLNAGIOOOLEDT,0.730769,0.269231
0.2,16384,4,license_plate_bahnschrift.ttf,VJNKYFDZICRAQLPMWHGESOUXBT,0,0,0,0.17,7.155418,0.919759,1.349142,VSHATOOSRACLNAGIIOEDT,0.730769,0.269231
0.2,16384,4,license_plate_bahnschrift.ttf,VJNKYFDZICRAQLPMWHGESOUXBT,0,0,1,0.17,7.155418,0.919759,1.349142,VMAITOOIRACLINAYGILOUEDT,0.653846,0.346154
0.3,16384,4,license_plate_bahnschrift.ttf,VJNKYFDZICRAQLPMWHGESOUXBT,0,0,0,0.255,8.763561,0.881116,1.10157,VSMAITOOCPASLPNAGOSOUEDT,0.615385,0.384615
0.3,16384,4,license_plate_bahnschrift.ttf,VJNKYFDZICRAQLPMWHGESOUXBT,0,0,1,0.255,8.763561,0.881116,1.10157,VNAYTOOIRASLENAYGOSOUEDT,0.538462,0.461538
0.4,16384,4,license_plate_bahnschrift.ttf,VJNKYFDZICRAQLPMWHGESOUXBT,0,0,0,0.34,10.119289,0.843436,0.953987,VMAITOOCRASLPNAGOCOUEDT,0.615385,0.384615
0.4,16384,4,license_plate_bahnschrift.ttf,VJNKYFDZICRAQLPMWHGESOUXBT,0,0,1,0.34,10.119289,0.843436,0.953987,VWAITOOCRASLPNAGOCOLEDT,0.653846,0.346154
0.5,16384,4,license_plate_bahnschrift.ttf,VJNKYFDZICRAQLPMWHGESOUXBT,0,0,0,0.425,11.313708,0.8067,0.853272,VINAYTOOCRASLENAGSOUEDT,0.538462,0.461538
0.5,16384,4,license_plate_bahnschrift.ttf,VJNKYFDZICRAQLPMWHGESOUXBT,0,0,1,0.425,11.313708,0.8067,0.853272,VINAYTOOCRASLENGOCOLEDT,0.615385,0.384615
0.6,16384,4,license_plate_bahnschrift.ttf,VJNKYFDZICRAQLPMWHGESOUXBT,0,0,0,0.51,12.393547,0.770893,0.778927,VINEYTODCRASLPNGESOUEDT,0.461538,0.538462
0.6,16384,4,license_plate_bahnschrift.ttf,VJNKYFDZICRAQLPMWHGESOUXBT,0,0,1,0.51,12.393547,0.770893,0.778927,VINEYTODCRASLPNMGESOUEDT,0.461538,0.538462
0.7,16384,4,license_plate_bahnschrift.ttf,VJNKYFDZICRAQLPMWHGESOUXBT,0,0,0,0.595,13.38656,0.735998,0.721147,VINEYTODOCRASLENWGESOUEDT,0.461538,0.538462
0.7,16384,4,license_plate_bahnschrift.ttf,VJNKYFDZICRAQLPMWHGESOUXBT,0,0,1,0.595,13.38656,0.735998,0.721147,VINAYTODOCRASLEMWGESOUEDT,0.423077,0.576923
0.8,16384,4,license_plate_bahnschrift.ttf,VJNKYFDZICRAQLPMWHGESOUXBT,0,0,0,0.68,14.310835,0.701998,0.674571,VINEYTODCRASLPMWGESOUEDT,0.384615,0.615385
0.8,16384,4,license_plate_bahnschrift.ttf,VJNKYFDZICRAQLPMWHGESOUXBT,0,0,1,0.68,14.310835,0.701998,0.674571,VINEYTOLDCRASLPMWNGESOUEDT,0.384615,0.615385
0.9,16384,4,license_plate_bahnschrift.ttf,VJNKYFDZICRAQLPMWHGESOUXBT,0,0,0,0.765,15.178933,0.668877,0.635992,VINEYTOLDCRASLEMMGESOUEDT,0.461538,0.538462
0.9,16384,4,license_plate_bahnschrift.ttf,VJNKYFDZICRAQLPMWHGESOUXBT,0,0,1,0.765,15.178933,0.668877,0.635992,VINEYTODCRASLPMWNGESOUEDT,0.384615,0.615385
1.0,16384,4,license_plate_bahnschrift.ttf,VJNKYFDZICRAQLPMWHGESOUXBT,0,0,0,0.85,16.0,0.63662,0.603355,VINEYTOLDCRASLPMMGESOUEDT,0.423077,0.576923
1.0,16384,4,license_plate_bahnschrift.ttf,VJNKYFDZICRAQLPMWHGESOUXBT,0,0,1,0.85,16.0,0.63662,0.603355,VINEYTOLDCRASLPMWOGESOUEDT,0.384615,0.615385
0.1,16384,4,license_plate_bahnschrift.ttf,VJNKYFDZICRAQLPMWHGESOUXBT,0,3,0,0.085,5.059644,0.959381,1.907975,SHANTTOIPSOLPMAYGOSMLEDT,0.730769,0.269231
0.1,16384,4,license_plate_bahnschrift.ttf,VJNKYFDZICRAQLPMWHGESOUXBT,0,3,1,0.085,5.059644,0.959381,1.907975,MNTTOIIPSOLPMAYGOSMLEDT,0.692308,0.307692
0.2,16384,4,license_plate_bahnschrift.ttf,VJNKYFDZICRAQLPMWHGESOUXBT,0,3,0,0.17,7.155418,0.919759,1.349142,WMAVTTOIIRSOLPMANGSSOLEDT,0.653846,0.346154
0.2,16384,4,license_plate_bahnschrift.ttf,VJNKYFDZICRAQLPMWHGESOUXBT,0,3,1,0.17,7.155418,0.919759,1.349142,VMANTTOIIRSOLPMANGSSOLEDT,0.615385,0.384615
0.3,16384,4,license_plate_bahnschrift.ttf,VJNKYFDZICRAQLPMWHGESOUXBT,0,3,0,0.255,8.763561,0.881116,1.10157,VMAVITOIIRSSLPMANGSSOEDIT,0.615385,0.384615
0.3,16384,4,license_plate_bahnschrift.ttf,VJNKYFDZICRAQLPMWHGESOUXBT,0,3,1,0.255,8.763561,0.881116,1.10157,VMAVETOIIRASSLPNANGSSORLEDT,0.692308,0.307692
0.4,16384,4,license_plate_bahnschrift.ttf,VJNKYFDZICRAQLPMWHGESOUXBT,0,3,0,0.34,10.119289,0.843436,0.953987,VMEVETOICRASPNAGSSORLT,0.615385,0.384615
0.4,16384,4,license_plate_bahnschrift.ttf,VJNKYFDZICRAQLPMWHGESOUXBT,0,3,1,0.34,10.119289,0.843436,0.953987,VMAVETOICRASLPNAGSSORLET,0.576923,0.423077
0.5,16384,4,license_plate_bahnschrift.ttf,VJNKYFDZICRAQLPMWHGESOUXBT,0,3,0,0.425,11.313708,0.8067,0.853272,VIMAVPIOICRAOLPNAGSSORLEDT,0.615385,0.384615
0.5,16384,4,license_plate_bahnschrift.ttf,VJNKYFDZICRAQLPMWHGESOUXBT,0,3,1,0.425,11.313708,0.8067,0.853272,VIMAYPTOICRAOLPNAGSORLEDT,0.576923,0.423077
0.6,16384,4,license_plate_bahnschrift.ttf,VJNKYFDZICRAQLPMWHGESOUXBT,0,3,0,0.51,12.393547,0.770893,0.778927,VIMEVPTOICRAOLPNGSORLEDT,0.615385,0.384615
0.6,16384,4,license_plate_bahnschrift.ttf,VJNKYFDZICRAQLPMWHGESOUXBT,0,3,1,0.51,12.393547,0.770893,0.778927,VIMEVETOICRAOLPNSOEDT,0.615385,0.384615
0.7,16384,4,license_plate_bahnschrift.ttf,VJNKYFDZICRAQLPMWHGESOUXBT,0,3,0,0.595,13.38656,0.735998,0.721147,VIMAYPOOICRAOLPNWGSSOLLEDT,0.538462,0.461538
0.7,16384,4,license_plate_bahnschrift.ttf,VJNKYFDZICRAQLPMWHGESOUXBT,0,3,1,0.595,13.38656,0.735998,0.721147,VIMAYPOOICRAOLPNAGESOLLEDT,0.538462,0.461538
0.8,16384,4,license_plate_bahnschrift.ttf,VJNKYFDZICRAQLPMWHGESOUXBT,0,3,0,0.68,14.310835,0.701998,0.674571,VINEYPOOCRADLPMWGSSOUERT,0.423077,0.576923
0.8,16384,4,license_plate_bahnschrift.ttf,VJNKYFDZICRAQLPMWHGESOUXBT,0,3,1,0.68,14.310835,0.701998,0.674571,VINEYPOOCRADLPMMGSOUEDT,0.461538,0.538462
0.9,16384,4,license_plate_bahnschrift.ttf,VJNKYFDZICRAQLPMWHGESOUXBT,0,3,0,0.765,15.178933,0.668877,0.635992,VINEYFODDCRASLPMWGESOUEDT,0.346154,0.653846
0.9,16384,4,license_plate_bahnschrift.ttf,VJNKYFDZICRAQLPMWHGESOUXBT,0,3,1,0.765,15.178933,0.668877,0.635992,VINEYFOODCRASLPMWGESOUEDT,0.346154,0.653846
1.0,16384,4,license_plate_bahnschrift.ttf,VJNKYFDZICRAQLPMWHGESOUXBT,0,3,0,0.85,16.0,0.63662,0.603355,VINEYFODDCRADLPMWGESOUERT,0.346154,0.653846
1.0,16384,4,license_plate_bahnschrift.ttf,VJNKYFDZICRAQLPMWHGESOUXBT,0,3,1,0.85,16.0,0.63662,0.603355,VINEYFOLDCRADLPMWGESOUERT,0.346154,0.653846
0.1,16384,4,license_plate_bahnschrift.ttf,VJNKYFDZICRAQLPMWHGESOUXBT,0,7,0,0.085,5.059644,0.959381,1.907975,SHAVFICLRSPACRT,0.769231,0.230769
0.1,16384,4,license_plate_bahnschrift.ttf,VJNKYFDZICRAQLPMWHGESOUXBT,0,7,1,0.085,5.059644,0.959381,1.907975,SHAVFIGLBSPACRT,0.807692,0.192308
0.2,16384,4,license_plate_bahnschrift.ttf,VJNKYFDZICRAQLPMWHGESOUXBT,0,7,0,0.17,7.155418,0.919759,1.349142,SHEVPICLRSPART,0.807692,0.192308
0.2,16384,4,license_plate_bahnschrift.ttf,VJNKYFDZICRAQLPMWHGESOUXBT,0,7,1,0.17,7.155418,0.919759,1.349142,SHEVPICLRSPASRT,0.807692,0.192308
0.3,16384,4,license_plate_bahnschrift.ttf,VJNKYFDZICRAQLPMWHGESOUXBT,0,7,0,0.255,8.763561,0.881116,1.10157,SHOVPTCRSPMASSCRT,0.769231,0.230769
0.3,16384,4,license_plate_bahnschrift.ttf,VJNKYFDZICRAQLPMWHGESOUXBT,0,7,1,0.255,8.763561,0.881116,1.10157,SHOVPTCRSPASSCRT,0.807692,0.192308
0.4,16384,4,license_plate_bahnschrift.ttf,VJNKYFDZICRAQLPMWHGESOUXBT,0,7,0,0.34,10.119289,0.843436,0.953987,VMOVETOIROPMSERT,0.730769,0.269231
0.4,16384,4,license_plate_bahnschrift.ttf,VJNKYFDZICRAQLPMWHGESOUXBT,0,7,1,0.34,10.119289,0.843436,0.953987,VMOVPICIROPSRT,0.769231,0.230769
0.5,16384,4,license_plate_bahnschrift.ttf,VJNKYFDZICRAQLPMWHGESOUXBT,0,7,0,0.425,11.313708,0.8067,0.853272,VAMVFIOICRSOPMASLEERT,0.653846,0.346154
0.5,16384,4,license_plate_bahnschrift.ttf,VJNKYFDZICRAQLPMWHGESOUXBT,0,7,1,0.425,11.313708,0.8067,0.853272,VMOVFICICRSOPMASOEERT,0.615385,0.384615
0.6,16384,4,license_plate_bahnschrift.ttf,VJNKYFDZICRAQLPMWHGESOUXBT,0,7,0,0.51,12.393547,0.770893,0.778927,VINOVEIODCRSOPMSOEERT,0.653846,0.346154
0.6,16384,4,license_plate_bahnschrift.ttf,VJNKYFDZICRAQLPMWHGESOUXBT,0,7,1,0.51,12.393547,0.770893,0.778927,VIMOVEIOICRSOPMCRT,0.730769,0.269231
0.7,16384,4,license_plate_bahnschrift.ttf,VJNKYFDZICRAQLPMWHGESOUXBT,0,7,0,0.595,13.38656,0.735998,0.721147,VANOVETOICRSOPMACLERT,0.653846,0.346154
0.7,16384,4,license_plate_bahnschrift.ttf,VJNKYFDZICRAQLPMWHGESOUXBT,0,7,1,0.595,13.38656,0.735998,0.721147,VIMVFIOICRSOPMACLEERT,0.653846,0.346154
0.8,16384,4,license_plate_bahnschrift.ttf,VJNKYFDZICRAQLPMWHGESOUXBT,0,7,0,0.68,14.310835,0.701998,0.674571,VINOVETOCRSOEPMWSORERT,0.615385,0.384615
0.8,16384,4,license_plate_bahnschrift.ttf,VJNKYFDZICRAQLPMWHGESOUXBT,0,7,1,0.68,14.310835,0.701998,0.674571,VINAVEDODCRACEPMMSOERT,0.576923,0.423077
0.9,16384,4,license_plate_bahnschrift.ttf,VJNKYFDZICRAQLPMWHGESOUXBT,0,7,0,0.765,15.178933,0.668877,0.635992,VINEVFTODCRACEPMSLEERT,0.615385,0.384615
0.9,16384,4,license_plate_bahnschrift.ttf,VJNKYFDZICRAQLPMWHGESOUXBT,0,7,1,0.765,15.178933,0.668877,0.635992,VIMEVEIOICROPMECORERT,0.653846,0.346154
1.0,16384,4,license_plate_bahnschrift.ttf,VJNKYFDZICRAQLPMWHGESOUXBT,0,7,0,0.85,16.0,0.63662,0.603355,VINAYEDODCRSCEPMCORERT,0.615385,0.384615
1.0,16384,4,license_plate_bahnschrift.ttf,VJNKYFDZICRAQLPMWHGESOUXBT,0,7,1,0.85,16.0,0.63662,0.603355,VIMAVEDOICRAOLPMCORRT,0.576923,0.423077
0.1,16384,4,license_plate_bahnschrift.ttf,VJNKYFDZICRAQLPMWHGESOUXBT,0,11,0,0.085,5.059644,0.959381,1.907975,VORYPUDMA,0.846154,0.153846
0.1,16384,4,license_plate_bahnschrift.ttf,VJNKYFDZICRAQLPMWHGESOUXBT,0,11,1,0.085,5.059644,0.959381,1.907975,TORPUDM,0.884615,0.115385
0.2,16384,4,license_plate_bahnschrift.ttf,VJNKYFDZICRAQLPMWHGESOUXBT,0,11,0,0.17,7.155418,0.919759,1.349142,PIRCPUSDM,0.846154,0.153846
0.2,16384,4,license_plate_bahnschrift.ttf,VJNKYFDZICRAQLPMWHGESOUXBT,0,11,1,0.17,7.155418,0.919759,1.349142,VIRCYPUDMAL,0.846154,0.153846
0.3,16384,4,license_plate_bahnschrift.ttf,VJNKYFDZICRAQLPMWHGESOUXBT,0,11,0,0.255,8.763561,0.881116,1.10157,VIMAYPUDLMASLMWBS,0.730769,0.269231
0.3,16384,4,license_plate_bahnschrift.ttf,VJNKYFDZICRAQLPMWHGESOUXBT,0,11,1,0.255,8.763561,0.881116,1.10157,VIMAYPUDLMASLMWS,0.730769,0.269231
0.4,16384,4,license_plate_bahnschrift.ttf,VJNKYFDZICRAQLPMWHGESOUXBT,0,11,0,0.34,10.119289,0.843436,0.953987,VINAYPUDLMASLYMWSE,0.692308,0.307692
0.4,16384,4,license_plate_bahnschrift.ttf,VJNKYFDZICRAQLPMWHGESOUXBT,0,11,1,0.34,10.119289,0.843436,0.953987,VIRAYPUDMASLYNWS,0.769231,0.230769
0.5,16384,4,license_plate_bahnschrift.ttf,VJNKYFDZICRAQLPMWHGESOUXBT,0,11,0,0.425,11.313708,0.8067,0.853272,VINAYEULDCMASLPMWSET,0.576923,0.423077
0.5,16384,4,license_plate_bahnschrift.ttf,VJNKYFDZICRAQLPMWHGESOUXBT,0,11,1,0.425,11.313708,0.8067,0.853272,VINAYEULDCMASLPMWSET,0.576923,0.423077
0.6,16384,4,license_plate_bahnschrift.ttf,VJNKYFDZICRAQLPMWHGESOUXBT,0,11,0,0.51,12.393547,0.770893,0.778927,VINAYPULDCMASLPMWSREET,0.576923,0.423077
0.6,16384,4,license_plate_bahnschrift.ttf,VJNKYFDZICRAQLPMWHGESOUXBT,0,11,1,0.51,12.393547,0.770893,0.778927,VINAYPUDCMASLYMWESEREET,0.576923,0.423077
0.7,16384,4,license_plate_bahnschrift.ttf,VJNKYFDZICRAQLPMWHGESOUXBT,0,11,0,0.595,13.38656,0.735998,0.721147,VINEYELOCHASLEMWSOEBT,0.538462,0.461538
0.7,16384,4,license_plate_bahnschrift.ttf,VJNKYFDZICRAQLPMWHGESOUXBT,0,11,1,0.595,13.38656,0.735998,0.721147,VINAYPULOCHARLEMWSOREBT,0.538462,0.461538
0.8,16384,4,license_plate_bahnschrift.ttf,VJNKYFDZICRAQLPMWHGESOUXBT,0,11,0,0.68,14.310835,0.701998,0.674571,VINAYPULDCHAGLEMWESOREBT,0.5,0.5
0.8,16384,4,license_plate_bahnschrift.ttf,VJNKYFDZICRAQLPMWHGESOUXBT,0,11,1,0.68,14.310835,0.701998,0.674571,VINEYPULDCHAGLEMWESOEBT,0.5,0.5
0.9,16384,4,license_plate_bahnschrift.ttf,VJNKYFDZICRAQLPMWHGESOUXBT,0,11,0,0.765,15.178933,0.668877,0.635992,VINAYEDOCHAGLPMWEESOREBT,0.423077,0.576923
0.9,16384,4,license_plate_bahnschrift.ttf,VJNKYFDZICRAQLPMWHGESOUXBT,0,11,1,0.765,15.178933,0.668877,0.635992,VINEYEDOCHASLPMWEESOUEBT,0.384615,0.615385
1.0,16384,4,license_plate_bahnschrift.ttf,VJNKYFDZICRAQLPMWHGESOUXBT,0,11,0,0.85,16.0,0.63662,0.603355,VINEYEODCHAGLPMWESESOUEBT,0.423077,0.576923
1.0,16384,4,license_plate_bahnschrift.ttf,VJNKYFDZICRAQLPMWHGESOUXBT,0,11,1,0.85,16.0,0.63662,0.603355,VINAYEOLDCHAGLEMWEESOUEBT,0.461538,0.538462
0.1,16384,4,license_plate_bahnschrift.ttf,VJNKYFDZICRAQLPMWHGESOUXBT,0,15,0,0.085,5.059644,0.959381,1.907975,VAHATOOIIACLNAGLOUEDT,0.692308,0.307692
0.1,16384,4,license_plate_bahnschrift.ttf,VJNKYFDZICRAQLPMWHGESOUXBT,0,15,1,0.085,5.059644,0.959381,1.907975,VHATOOIIRALACLOUEDT,0.692308,0.307692
0.2,16384,4,license_plate_bahnschrift.ttf,VJNKYFDZICRAQLPMWHGESOUXBT,0,15,0,0.17,7.155418,0.919759,1.349142,VMAITOOSPASLNAGILLEDT,0.807692,0.192308
0.2,16384,4,license_plate_bahnschrift.ttf,VJNKYFDZICRAQLPMWHGESOUXBT,0,15,1,0.17,7.155418,0.919759,1.349142,VMAITOOSPRACLNAGIOLOLEDT,0.769231,0.230769
0.3,16384,4,license_plate_bahnschrift.ttf,VJNKYFDZICRAQLPMWHGESOUXBT,0,15,0,0.255,8.763561,0.881116,1.10157,VMAITOOSPRASLNAGOSOLEDT,0.692308,0.307692
0.3,16384,4,license_plate_bahnschrift.ttf,VJNKYFDZICRAQLPMWHGESOUXBT,0,15,1,0.255,8.763561,0.881116,1.10157,VOMAITOOSPRASLENAGISOLEDT,0.692308,0.307692
0.4,16384,4,license_plate_bahnschrift.ttf,VJNKYFDZICRAQLPMWHGESOUXBT,0,15,0,0.34,10.119289,0.843436,0.953987,VMPITOOCRASLPNAMGIOOLEDT,0.653846,0.346154
0.4,16384,4,license_plate_bahnschrift.ttf,VJNKYFDZICRAQLPMWHGESOUXBT,0,15,1,0.34,10.119289,0.843436,0.953987,VNPITOOCRASLPNMGISOLEDT,0.576923,0.423077
0.5,16384,4,license_plate_bahnschrift.ttf,VJNKYFDZICRAQLPMWHGESOUXBT,0,15,0,0.425,11.313708,0.8067,0.853272,VINAYTOLOCRASLENWGSSOLEDT,0.538462,0.461538
0.5,16384,4,license_plate_bahnschrift.ttf,VJNKYFDZICRAQLPMWHGESOUXBT,0,15,1,0.425,11.313708,0.8067,0.853272,VINAYTOOCRASLENWGSSOUEDT,0.5,0.5
0.6,16384,4,license_plate_bahnschrift.ttf,VJNKYFDZICRAQLPMWHGESOUXBT,0,15,0,0.51,12.393547,0.770893,0.778927,VINAYTOLDCRASLEMWGLSOLEDT,0.5,0.5
0.6,16384,4,license_plate_bahnschrift.ttf,VJNKYFDZICRAQLPMWHGESOUXBT,0,15,1,0.51,12.393547,0.770893,0.778927,VINPYTOLDCRASLPNWGLSOLEDT,0.5,0.5
0.7,16384,4,license_plate_bahnschrift.ttf,VJNKYFDZICRAQLPMWHGESOUXBT,0,15,0,0.595,13.38656,0.735998,0.721147,VINAYTOLDOCRASLEMWGSSOUEDT,0.5,0.5
0.7,16384,4,license_plate_bahnschrift.ttf,VJNKYFDZICRAQLPMWHGESOUXBT,0,15,1,0.595,13.38656,0.735998,0.721147,VINAYTOLDOCRASLEMWGESOLEDT,0.5,0.5
0.8,16384,4,license_plate_bahnschrift.ttf,VJNKYFDZICRAQLPMWHGESOUXBT,0,15,0,0.68,14.310835,0.701998,0.674571,VINEYTOLDCRASLIPMMGESOUEDT,0.461538,0.538462
0.8,16384,4,license_plate_bahnschrift.ttf,VJNKYFDZICRAQLPMWHGESOUXBT,0,15,1,0.68,14.310835,0.701998,0.674571,VINEYTOLDCRASLIPMMNGESOUEDT,0.461538,0.538462
0.9,16384,4,license_plate_bahnschrift.ttf,VJNKYFDZICRAQLPMWHGESOUXBT,0,15,0,0.765,15.178933,0.668877,0.635992,VINEYTODCRASLIPMWTESOUEBT,0.423077,0.576923
0.9,16384,4,license_plate_bahnschrift.ttf,VJNKYFDZICRAQLPMWHGESOUXBT,0,15,1,0.765,15.178933,0.668877,0.635992,VINEYTOLDCRASLEMWNGESOUEDT,0.423077,0.576923
1.0,16384,4,license_plate_bahnschrift.ttf,VJNKYFDZICRAQLPMWHGESOUXBT,0,15,0,0.85,16.0,0.63662,0.603355,VINEYTOLDCRASLPMWONESOUEDT,0.423077,0.576923
1.0,16384,4,license_plate_bahnschrift.ttf,VJNKYFDZICRAQLPMWHGESOUXBT,0,15,1,0.85,16.0,0.63662,0.603355,VINEYTODCRASLEPMWNESOUEDT,0.461538,0.538462
0.1,16384,4,license_plate_bahnschrift.ttf,VJNKYFDZICRAQLPMWHGESOUXBT,3,0,0,0.085,5.059644,0.959381,1.907975,VRPATOSCMSVCLOOLOT,0.807692,0.192308
0.1,16384,4,license_plate_bahnschrift.ttf,VJNKYFDZICRAQLPMWHGESOUXBT,3,0,1,0.085,5.059644,0.959381,1.907975,VRPATOSCMYCLOOT,0.807692,0.192308
0.2,16384,4,license_plate_bahnschrift.ttf,VJNKYFDZICRAQLPMWHGESOUXBT,3,0,0,0.17,7.155418,0.919759,1.349142,VRPATODCMSVCLOOT,0.769231,0.230769
0.2,16384,4,license_plate_bahnschrift.ttf,VJNKYFDZICRAQLPMWHGESOUXBT,3,0,1,0.17,7.155418,0.919759,1.349142,VRPATOOCMSVCIOOT,0.807692,0.192308
0.3,16384,4,license_plate_bahnschrift.ttf,VJNKYFDZICRAQLPMWHGESOUXBT,3,0,0,0.255,8.763561,0.881116,1.10157,VRRITODCMAGLVCLOLDT,0.730769,0.269231
0.3,16384,4,license_plate_bahnschrift.ttf,VJNKYFDZICRAQLPMWHGESOUXBT,3,0,1,0.255,8.763561,0.881116,1.10157,VRPRITODCMSCOOLT,0.807692,0.192308
0.4,16384,4,license_plate_bahnschrift.ttf,VJNKYFDZICRAQLPMWHGESOUXBT,3,0,0,0.34,10.119289,0.843436,0.953987,VRPRITOSCVCOODT,0.846154,0.153846
0.4,16384,4,license_plate_bahnschrift.ttf,VJNKYFDZICRAQLPMWHGESOUXBT,3,0,1,0.34,10.119289,0.843436,0.953987,VRPITODCRDYCOLDT,0.769231,0.230769
0.5,16384,4,license_plate_bahnschrift.ttf,VJNKYFDZICRAQLPMWHGESOUXBT,3,0,0,0.425,11.313708,0.8067,0.853272,VARPITODCPLYCCSOLDT,0.769231,0.230769
0.5,16384,4,license_plate_bahnschrift.ttf,VJNKYFDZICRAQLPMWHGESOUXBT,3,0,1,0.425,11.313708,0.8067,0.853272,VRPITODCROLYCCSOLDT,0.692308,0.307692
0.6,16384,4,license_plate_bahnschrift.ttf,VJNKYFDZICRAQLPMWHGESOUXBT,3,0,0,0.51,12.393547,0.770893,0.778927,VAAPITODCRADLYCCSOLSDT,0.692308,0.307692
0.6,16384,4,license_plate_bahnschrift.ttf,VJNKYFDZICRAQLPMWHGESOUXBT,3,0,1,0.51,12.393547,0.770893,0.778927,VAPITODCRAGLYCCSOLDT,0.653846,0.346154
0.7,16384,4,license_plate_bahnschrift.ttf,VJNKYFDZICRAQLPMWHGESOUXBT,3,0,0,0.595,13.38656,0.735998,0.721147,VONITOLDCRADLPVNCESOLSDT,0.576923,0.423077
0.7,16384,4,license_plate_bahnschrift.ttf,VJNKYFDZICRAQLPMWHGESOUXBT,3,0,1,0.595,13.38656,0.735998,0.721147,VONPITTLDCRADLSYNGESOLIDT,0.576923,0.423077
0.8,16384,4,license_plate_bahnschrift.ttf,VJNKYFDZICRAQLPMWHGESOUXBT,3,0,0,0.68,14.310835,0.701998,0.674571,VINPITODCRADLEVNGESOLSDT,0.576923,0.423077
0.8,16384,4,license_plate_bahnschrift.ttf,VJNKYFDZICRAQLPMWHGESOUXBT,3,0,1,0.68,14.310835,0.701998,0.674571,VINPITODCRADLOVNGESOLPDT,0.576923,0.423077
0.9,16384,4,license_plate_bahnschrift.ttf,VJNKYFDZICRAQLPMWHGESOUXBT,3,0,0,0.765,15.178933,0.668877,0.635992,VINKYTODCRADLPVMNGESOUIDT,0.423077,0.576923
0.9,16384,4,license_plate_bahnschrift.ttf,VJNKYFDZICRAQLPMWHGESOUXBT,3,0,1,0.765,15.178933,0.668877,0.635992,VINWYTOLDCRADLPVNGESOUIDT,0.461538,0.538462
1.0,16384,4,license_plate_bahnschrift.ttf,VJNKYFDZICRAQLPMWHGESOUXBT,3,0,0,0.85,16.0,0.63662,0.603355,VINKYFODCRADLOVUMNGESOUIDT,0.461538,0.538462
1.0,16384,4,license_plate_bahnschrift.ttf,VJNKYFDZICRAQLPMWHGESOUXBT,3,0,1,0.85,16.0,0.63662,0.603355,VINKYFODCRADLPUMNGESOUIDT,0.384615,0.615385
0.1,16384,4,license_plate_bahnschrift.ttf,VJNKYFDZICRAQLPMWHGESOUXBT,3,3,0,0.085,5.059644,0.959381,1.907975,VRRATTIOCRDSTST,0.807692,0.192308
0.1,16384,4,license_plate_bahnschrift.ttf,VJNKYFDZICRAQLPMWHGESOUXBT,3,3,1,0.085,5.059644,0.959381,1.907975,ZRRATTIOCRDSST,0.807692,0.192308
0.2,16384,4,license_plate_bahnschrift.ttf,VJNKYFDZICRAQLPMWHGESOUXBT,3,3,0,0.17,7.155418,0.919759,1.349142,VRPATTIOCRST,0.807692,0.192308
0.2,16384,4,license_plate_bahnschrift.ttf,VJNKYFDZICRAQLPMWHGESOUXBT,3,3,1,0.17,7.155418,0.919759,1.349142,VRPATTIOCRDST,0.807692,0.192308
0.3,16384,4,license_plate_bahnschrift.ttf,VJNKYFDZICRAQLPMWHGESOUXBT,3,3,0,0.255,8.763561,0.881116,1.10157,VRITIDCRDSYT,0.769231,0.230769
0.3,16384,4,license_plate_bahnschrift.ttf,VJNKYFDZICRAQLPMWHGESOUXBT,3,3,1,0.255,8.763561,0.881116,1.10157,VRTTIDCRDST,0.769231,0.230769
0.4,16384,4,license_plate_bahnschrift.ttf,VJNKYFDZICRAQLPMWHGESOUXBT,3,3,0,0.34,10.119289,0.843436,0.953987,VARRPTSCRDEYT,0.807692,0.192308
0.4,16384,4,license_plate_bahnschrift.ttf,VJNKYFDZICRAQLPMWHGESOUXBT,3,3,1,0.34,10.119289,0.843436,0.953987,VRVPSDCRDEYT,0.769231,0.230769
0.5,16384,4,license_plate_bahnschrift.ttf,VJNKYFDZICRAQLPMWHGESOUXBT,3,3,0,0.425,11.313708,0.8067,0.853272,VRPTIDCRADLEYESOLT,0.615385,0.384615
0.5,16384,4,license_plate_bahnschrift.ttf,VJNKYFDZICRAQLPMWHGESOUXBT,3,3,1,0.425,11.313708,0.8067,0.853272,VARVIODCRADSGESOLPT,0.615385,0.384615
0.6,16384,4,license_plate_bahnschrift.ttf,VJNKYFDZICRAQLPMWHGESOUXBT,3,3,0,0.51,12.393547,0.770893,0.778927,VAVPODCRADSYGESOLRT,0.615385,0.384615
0.6,16384,4,license_plate_bahnschrift.ttf,VJNKYFDZICRAQLPMWHGESOUXBT,3,3,1,0.51,12.393547,0.770893,0.778927,VARRVEODCRADSYGESOLRT,0.653846,0.346154
0.7,16384,4,license_plate_bahnschrift.ttf,VJNKYFDZICRAQLPMWHGESOUXBT,3,3,0,0.595,13.38656,0.735998,0.721147,VAARVPODCRADLSVGESOLSNT,0.615385,0.384615
0.7,16384,4,license_plate_bahnschrift.ttf,VJNKYFDZICRAQLPMWHGESOUXBT,3,3,1,0.595,13.38656,0.735998,0.721147,VAARVEODCRADLSVGESOLST,0.615385,0.384615
0.8,16384,4,license_plate_bahnschrift.ttf,VJNKYFDZICRAQLPMWHGESOUXBT,3,3,0,0.68,14.310835,0.701998,0.674571,VANRYFODCRAGSVHGESOLRT,0.5,0.5
0.8,16384,4,license_plate_bahnschrift.ttf,VJNKYFDZICRAQLPMWHGESOUXBT,3,3,1,0.68,14.310835,0.701998,0.674571,VANPVFODCRAGSVHGESOLT,0.538462,0.461538
0.9,16384,4,license_plate_bahnschrift.ttf,VJNKYFDZICRAQLPMWHGESOUXBT,3,3,0,0.765,15.178933,0.668877,0.635992,VONRYFODCRADLOMHGESOLSRT,0.423077,0.576923
0.9,16384,4,license_plate_bahnschrift.ttf,VJNKYFDZICRAQLPMWHGESOUXBT,3,3,1,0.765,15.178933,0.668877,0.635992,VANKYFODCRADLOMHGESOLSRT,0.384615,0.615385
1.0,16384,4,license_plate_bahnschrift.ttf,VJNKYFDZICRAQLPMWHGESOUXBT,3,3,0,0.85,16.0,0.63662,0.603355,VANKYFODCRAGLOWMHGESOLSRT,0.423077,0.576923
1.0,16384,4,license_plate_bahnschrift.ttf,VJNKYFDZICRAQLPMWHGESOUXBT,3,3,1,0.85,16.0,0.63662,0.603355,VINRYFODCRAGLOMMHGESOLSRT,0.423077,0.576923
0.1,16384,4,license_plate_bahnschrift.ttf,VJNKYFDZICRAQLPMWHGESOUXBT,3,7,0,0.085,5.059644,0.959381,1.907975,YREVETOORRT,0.807692,0.192308
0.1,16384,4,license_plate_bahnschrift.ttf,VJNKYFDZICRAQLPMWHGESOUXBT,3,7,1,0.085,5.059644,0.959381,1.907975,VREVETIORRT,0.846154,0.153846
0.2,16384,4,license_plate_bahnschrift.ttf,VJNKYFDZICRAQLPMWHGESOUXBT,3,7,0,0.17,7.155418,0.919759,1.349142,VREVETIOCRSRT,0.807692,0.192308
0.2,16384,4,license_plate_bahnschrift.ttf,VJNKYFDZICRAQLPMWHGESOUXBT,3,7,1,0.17,7.155418,0.919759,1.349142,VREVETOPRSRT,0.846154,0.153846
0.3,16384,4,license_plate_bahnschrift.ttf,VJNKYFDZICRAQLPMWHGESOUXBT,3,7,0,0.255,8.763561,0.881116,1.10157,VRRVETACRBERT,0.807692,0.192308
0.3,16384,4,license_plate_bahnschrift.ttf,VJNKYFDZICRAQLPMWHGESOUXBT,3,7,1,0.255,8.763561,0.881116,1.10157,VREVETACROBSORT,0.769231,0.230769
0.4,16384,4,license_plate_bahnschrift.ttf,VJNKYFDZICRAQLPMWHGESOUXBT,3,7,0,0.34,10.119289,0.843436,0.953987,VREVETACRSORT,0.769231,0.230769
0.4,16384,4,license_plate_bahnschrift.ttf,VJNKYFDZICRAQLPMWHGESOUXBT,3,7,1,0.34,10.119289,0.843436,0.953987,VREVETACRBORT,0.807692,0.192308
0.5,16384,4,license_plate_bahnschrift.ttf,VJNKYFDZICRAQLPMWHGESOUXBT,3,7,0,0.425,11.313708,0.8067,0.853272,VARVETIACRGBECRT,0.807692,0.192308
0.5,16384,4,license_plate_bahnschrift.ttf,VJNKYFDZICRAQLPMWHGESOUXBT,3,7,1,0.425,11.313708,0.8067,0.853272,VAEVETIACRGPRT,0.807692,0.192308
0.6,16384,4,license_plate_bahnschrift.ttf,VJNKYFDZICRAQLPMWHGESOUXBT,3,7,0,0.51,12.393547,0.770893,0.778927,VORRVEDACRGORT,0.730769,0.269231
0.6,16384,4,license_plate_bahnschrift.ttf,VJNKYFDZICRAQLPMWHGESOUXBT,3,7,1,0.51,12.393547,0.770893,0.778927,VONRVETIACRGSECORT,0.730769,0.269231
0.7,16384,4,license_plate_bahnschrift.ttf,VJNKYFDZICRAQLPMWHGESOUXBT,3,7,0,0.595,13.38656,0.735998,0.721147,VOAPVETIACRAGEPSLRT,0.730769,0.269231
0.7,16384,4,license_plate_bahnschrift.ttf,VJNKYFDZICRAQLPMWHGESOUXBT,3,7,1,0.595,13.38656,0.735998,0.721147,VOARVETIACRAGEPLSRT,0.730769,0.269231
0.8,16384,4,license_plate_bahnschrift.ttf,VJNKYFDZICRAQLPMWHGESOUXBT,3,7,0,0.68,14.310835,0.701998,0.674571,VANRVFODCRAGPESORT,0.576923,0.423077
0.8,16384,4,license_plate_bahnschrift.ttf,VJNKYFDZICRAQLPMWHGESOUXBT,3,7,1,0.68,14.310835,0.701998,0.674571,VANRVFODCRAGPESORT,0.576923,0.423077
0.9,16384,4,license_plate_bahnschrift.ttf,VJNKYFDZICRAQLPMWHGESOUXBT,3,7,0,0.765,15.178933,0.668877,0.635992,VANRVEODCRAGPSOSRT,0.653846,0.346154
0.9,16384,4,license_plate_bahnschrift.ttf,VJNKYFDZICRAQLPMWHGESOUXBT,3,7,1,0.765,15.178933,0.668877,0.635992,VANRVEOLDCRAGPWSOSRT,0.615385,0.384615
1.0,16384,4,license_plate_bahnschrift.ttf,VJNKYFDZICRAQLPMWHGESOUXBT,3,7,0,0.85,16.0,0.63662,0.603355,VAVRVFODCRAGPESOSBT,0.576923,0.423077
1.0,16384,4,license_plate_bahnschrift.ttf,VJNKYFDZICRAQLPMWHGESOUXBT,3,7,1,0.85,16.0,0.63662,0.603355,VANRVYFODCRAGPUESOUSBT,0.5,0.5
0.1,16384,4,license_plate_bahnschrift.ttf,VJNKYFDZICRAQLPMWHGESOUXBT,3,11,0,0.085,5.059644,0.959381,1.907975,PRPIPUSLAMSS,0.846154,0.153846
0.1,16384,4,license_plate_bahnschrift.ttf,VJNKYFDZICRAQLPMWHGESOUXBT,3,11,1,0.085,5.059644,0.959381,1.907975,FDPYPUSAASSS,0.846154,0.153846
0.2,16384,4,license_plate_bahnschrift.ttf,VJNKYFDZICRAQLPMWHGESOUXBT,3,11,0,0.17,7.155418,0.919759,1.349142,FDPYPUDUAVS,0.846154,0.153846
0.2,16384,4,license_plate_bahnschrift.ttf,VJNKYFDZICRAQLPMWHGESOUXBT,3,11,1,0.17,7.155418,0.919759,1.349142,PBPYPUDUAVS,0.884615,0.115385
0.3,16384,4,license_plate_bahnschrift.ttf,VJNKYFDZICRAQLPMWHGESOUXBT,3,11,0,0.255,8.763561,0.881116,1.10157,FARPTPUDUMAMB,0.846154,0.153846
0.3,16384,4,license_plate_bahnschrift.ttf,VJNKYFDZICRAQLPMWHGESOUXBT,3,11,1,0.255,8.763561,0.881116,1.10157,VARPYRUDUMAMS,0.807692,0.192308
0.4,16384,4,license_plate_bahnschrift.ttf,VJNKYFDZICRAQLPMWHGESOUXBT,3,11,0,0.34,10.119289,0.843436,0.953987,VARPYPULOOHAMYSBT,0.730769,0.269231
0.4,16384,4,license_plate_bahnschrift.ttf,VJNKYFDZICRAQLPMWHGESOUXBT,3,11,1,0.34,10.119289,0.843436,0.953987,VAPTPUOCHAULYSBT,0.730769,0.269231
0.5,16384,4,license_plate_bahnschrift.ttf,VJNKYFDZICRAQLPMWHGESOUXBT,3,11,0,0.425,11.313708,0.8067,0.853272,VOARAYPULDUMAULVBT,0.769231,0.230769
0.5,16384,4,license_plate_bahnschrift.ttf,VJNKYFDZICRAQLPMWHGESOUXBT,3,11,1,0.425,11.313708,0.8067,0.853272,VOARAYPUOCMAULYSBT,0.730769,0.269231
0.6,16384,4,license_plate_bahnschrift.ttf,VJNKYFDZICRAQLPMWHGESOUXBT,3,11,0,0.51,12.393547,0.770893,0.778927,VANRYPUDCHAULYMESBT,0.576923,0.423077
0.6,16384,4,license_plate_bahnschrift.ttf,VJNKYFDZICRAQLPMWHGESOUXBT,3,11,1,0.51,12.393547,0.770893,0.778927,VARPYPUOCHAULYESOBT,0.615385,0.384615
0.7,16384,4,license_plate_bahnschrift.ttf,VJNKYFDZICRAQLPMWHGESOUXBT,3,11,0,0.595,13.38656,0.735998,0.721147,VANAYPULDCHAULYYESBT,0.615385,0.384615
0.7,16384,4,license_plate_bahnschrift.ttf,VJNKYFDZICRAQLPMWHGESOUXBT,3,11,1,0.595,13.38656,0.735998,0.721147,VINAYPULDCHAGLYYSBT,0.653846,0.346154
0.8,16384,4,license_plate_bahnschrift.ttf,VJNKYFDZICRAQLPMWHGESOUXBT,3,11,0,0.68,14.310835,0.701998,0.674571,VANAYPUDCHAULPVMESBT,0.576923,0.423077
0.8,16384,4,license_plate_bahnschrift.ttf,VJNKYFDZICRAQLPMWHGESOUXBT,3,11,1,0.68,14.310835,0.701998,0.674571,VINIYPUDCHAGLPYMESUOBT,0.538462,0.461538
0.9,16384,4,license_plate_bahnschrift.ttf,VJNKYFDZICRAQLPMWHGESOUXBT,3,11,0,0.765,15.178933,0.668877,0.635992,VINAYPODCHAGLPYMESOBT,0.538462,0.461538
0.9,16384,4,license_plate_bahnschrift.ttf,VJNKYFDZICRAQLPMWHGESOUXBT,3,11,1,0.765,15.178933,0.668877,0.635992,VINKYFODCHAGLPYMESSBT,0.5,0.5
1.0,16384,4,license_plate_bahnschrift.ttf,VJNKYFDZICRAQLPMWHGESOUXBT,3,11,0,0.85,16.0,0.63662,0.603355,VINRYPUDCHADLPUHESOUSBT,0.461538,0.538462
1.0,16384,4,license_plate_bahnschrift.ttf,VJNKYFDZICRAQLPMWHGESOUXBT,3,11,1,0.85,16.0,0.63662,0.603355,VINRYFODCAADLPMMHESUSBT,0.423077,0.576923
0.1,16384,4,license_plate_bahnschrift.ttf,VJNKYFDZICRAQLPMWHGESOUXBT,3,15,0,0.085,5.059644,0.959381,1.907975,VRPATOSCMYLLDT,0.846154,0.153846
0.1,16384,4,license_plate_bahnschrift.ttf,VJNKYFDZICRAQLPMWHGESOUXBT,3,15,1,0.085,5.059644,0.959381,1.907975,VRPATOOCSYCLLUT,0.807692,0.192308
0.2,16384,4,license_plate_bahnschrift.ttf,VJNKYFDZICRAQLPMWHGESOUXBT,3,15,0,0.17,7.155418,0.919759,1.349142,VRPATODCRVLT,0.769231,0.230769
0.2,16384,4,license_plate_bahnschrift.ttf,VJNKYFDZICRAQLPMWHGESOUXBT,3,15,1,0.17,7.155418,0.919759,1.349142,VRPATUSCLLT,0.807692,0.192308
0.3,16384,4,license_plate_bahnschrift.ttf,VJNKYFDZICRAQLPMWHGESOUXBT,3,15,0,0.255,8.763561,0.881116,1.10157,VRPITOLDCILYT,0.846154,0.153846
0.3,16384,4,license_plate_bahnschrift.ttf,VJNKYFDZICRAQLPMWHGESOUXBT,3,15,1,0.255,8.763561,0.881116,1.10157,VRPITOLDCIYT,0.846154,0.153846
0.4,16384,4,license_plate_bahnschrift.ttf,VJNKYFDZICRAQLPMWHGESOUXBT,3,15,0,0.34,10.119289,0.843436,0.953987,VRPITODCYCT,0.846154,0.153846
0.4,16384,4,license_plate_bahnschrift.ttf,VJNKYFDZICRAQLPMWHGESOUXBT,3,15,1,0.34,10.119289,0.843436,0.953987,VRPITODCYT,0.807692,0.192308
0.5,16384,4,license_plate_bahnschrift.ttf,VJNKYFDZICRAQLPMWHGESOUXBT,3,15,0,0.425,11.313708,0.8067,0.853272,VRPITULDCTLYLT,0.846154,0.153846
0.5,16384,4,license_plate_bahnschrift.ttf,VJNKYFDZICRAQLPMWHGESOUXBT,3,15,1,0.425,11.313708,0.8067,0.853272,VARPITOLDCILGYCLT,0.807692,0.192308
0.6,16384,4,license_plate_bahnschrift.ttf,VJNKYFDZICRAQLPMWHGESOUXBT,3,15,0,0.51,12.393547,0.770893,0.778927,VANPITODCALYCCSOLDT,0.692308,0.307692
0.6,16384,4,license_plate_bahnschrift.ttf,VJNKYFDZICRAQLPMWHGESOUXBT,3,15,1,0.51,12.393547,0.770893,0.778927,VAPITODCGLYCCSOLEDT,0.730769,0.269231
0.7,16384,4,license_plate_bahnschrift.ttf,VJNKYFDZICRAQLPMWHGESOUXBT,3,15,0,0.595,13.38656,0.735998,0.721147,VONPITOLDCTGLPYNGESOLEDT,0.615385,0.384615
0.7,16384,4,license_plate_bahnschrift.ttf,VJNKYFDZICRAQLPMWHGESOUXBT,3,15,1,0.595,13.38656,0.735998,0.721147,VONPITULDCRLAGLPYNGESOLEDT,0.576923,0.423077
0.8,16384,4,license_plate_bahnschrift.ttf,VJNKYFDZICRAQLPMWHGESOUXBT,3,15,0,0.68,14.310835,0.701998,0.674571,VANPYTODCRAGLPVNGESOLSDT,0.5,0.5
0.8,16384,4,license_plate_bahnschrift.ttf,VJNKYFDZICRAQLPMWHGESOUXBT,3,15,1,0.68,14.310835,0.701998,0.674571,VANPYTODCRAGLPVNGESOLSDT,0.5,0.5
0.9,16384,4,license_plate_bahnschrift.ttf,VJNKYFDZICRAQLPMWHGESOUXBT,3,15,0,0.765,15.178933,0.668877,0.635992,VINKYTUOLDCRADLPMNGESOUIDT,0.423077,0.576923
0.9,16384,4,license_plate_bahnschrift.ttf,VJNKYFDZICRAQLPMWHGESOUXBT,3,15,1,0.765,15.178933,0.668877,0.635992,VINKYTULDCRAGLPMNGESOUSDT,0.384615,0.615385
1.0,16384,4,license_plate_bahnschrift.ttf,VJNKYFDZICRAQLPMWHGESOUXBT,3,15,0,0.85,16.0,0.63662,0.603355,VINWYTODCRADLPVUMNGESOUDT,0.5,0.5
1.0,16384,4,license_plate_bahnschrift.ttf,VJNKYFDZICRAQLPMWHGESOUXBT,3,15,1,0.85,16.0,0.63662,0.603355,VINPYTODCRAGLPVMNGESOUIDT,0.461538,0.538462
0.1,16384,4,license_plate_bahnschrift.ttf,VJNKYFDZICRAQLPMWHGESOUXBT,7,0,0,0.085,5.059644,0.959381,1.907975,DROFDFWICOT,0.807692,0.192308
0.1,16384,4,license_plate_bahnschrift.ttf,VJNKYFDZICRAQLPMWHGESOUXBT,7,0,1,0.085,5.059644,0.959381,1.907975,JROADFWICOT,0.807692,0.192308
0.2,16384,4,license_plate_bahnschrift.ttf,VJNKYFDZICRAQLPMWHGESOUXBT,7,0,0,0.17,7.155418,0.919759,1.349142,COAPWICSOUT,0.692308,0.307692
0.2,16384,4,license_plate_bahnschrift.ttf,VJNKYFDZICRAQLPMWHGESOUXBT,7,0,1,0.17,7.155418,0.919759,1.349142,CISOTAWICOT,0.846154,0.153846
0.3,16384,4,license_plate_bahnschrift.ttf,VJNKYFDZICRAQLPMWHGESOUXBT,7,0,0,0.255,8.763561,0.881116,1.10157,STSADM,0.923077,0.076923
0.3,16384,4,license_plate_bahnschrift.ttf,VJNKYFDZICRAQLPMWHGESOUXBT,7,0,1,0.255,8.763561,0.881116,1.10157,CSOT,0.846154,0.153846
0.4,16384,4,license_plate_bahnschrift.ttf,VJNKYFDZICRAQLPMWHGESOUXBT,7,0,0,0.34,10.119289,0.843436,0.953987,SITEOPT,0.846154,0.153846
0.4,16384,4,license_plate_bahnschrift.ttf,VJNKYFDZICRAQLPMWHGESOUXBT,7,0,1,0.34,10.119289,0.843436,0.953987,SIMEOITOMPAOSLT,0.846154,0.153846
0.5,16384,4,license_plate_bahnschrift.ttf,VJNKYFDZICRAQLPMWHGESOUXBT,7,0,0,0.425,11.313708,0.8067,0.853272,SITCEOVDFPMICSLT,0.846154,0.153846
0.5,16384,4,license_plate_bahnschrift.ttf,VJNKYFDZICRAQLPMWHGESOUXBT,7,0,1,0.425,11.313708,0.8067,0.853272,CPTCEOVADFYMIOSLOT,0.846154,0.153846
0.6,16384,4,license_plate_bahnschrift.ttf,VJNKYFDZICRAQLPMWHGESOUXBT,7,0,0,0.51,12.393547,0.770893,0.778927,WIMIPOROUADLPRMIESLOT,0.769231,0.230769
0.6,16384,4,license_plate_bahnschrift.ttf,VJNKYFDZICRAQLPMWHGESOUXBT,7,0,1,0.51,12.393547,0.770893,0.778927,SIMITOSOUALPPAICSLOT,0.807692,0.192308
0.7,16384,4,license_plate_bahnschrift.ttf,VJNKYFDZICRAQLPMWHGESOUXBT,7,0,0,0.595,13.38656,0.735998,0.721147,WIMITOEOLADLPYMIESLOT,0.769231,0.230769
0.7,16384,4,license_plate_bahnschrift.ttf,VJNKYFDZICRAQLPMWHGESOUXBT,7,0,1,0.595,13.38656,0.735998,0.721147,WIMITOEOLAOLFYMICSOLOT,0.807692,0.192308
0.8,16384,4,license_plate_bahnschrift.ttf,VJNKYFDZICRAQLPMWHGESOUXBT,7,0,0,0.68,14.310835,0.701998,0.674571,WIMATPOROUADLFMMNESOLOT,0.730769,0.269231
0.8,16384,4,license_plate_bahnschrift.ttf,VJNKYFDZICRAQLPMWHGESOUXBT,7,0,1,0.68,14.310835,0.701998,0.674571,WIMTPOROLADLIPMMNCESOLOT,0.730769,0.269231
0.9,16384,4,license_plate_bahnschrift.ttf,VJNKYFDZICRAQLPMWHGESOUXBT,7,0,0,0.765,15.178933,0.668877,0.635992,WINKTFODOLADLIYMNCESOLODT,0.653846,0.346154
0.9,16384,4,license_plate_bahnschrift.ttf,VJNKYFDZICRAQLPMWHGESOUXBT,7,0,1,0.765,15.178933,0.668877,0.635992,WINNTFODOUADLIYMNCCSOLWOT,0.730769,0.269231
1.0,16384,4,license_plate_bahnschrift.ttf,VJNKYFDZICRAQLPMWHGESOUXBT,7,0,0,0.85,16.0,0.63662,0.603355,WINATPODIOLADLIMMNGESOWT,0.615385,0.384615
1.0,16384,4,license_plate_bahnschrift.ttf,VJNKYFDZICRAQLPMWHGESOUXBT,7,0,1,0.85,16.0,0.63662,0.603355,WINATFODIOLADLFMMNGESOLWOIT,0.615385,0.384615
0.1,16384,4,license_plate_bahnschrift.ttf,VJNKYFDZICRAQLPMWHGESOUXBT,7,3,0,0.085,5.059644,0.959381,1.907975,CPWEOTIT,0.769231,0.230769
0.1,16384,4,license_plate_bahnschrift.ttf,VJNKYFDZICRAQLPMWHGESOUXBT,7,3,1,0.085,5.059644,0.959381,1.907975,PPWEOTIT,0.807692,0.192308
0.2,16384,4,license_plate_bahnschrift.ttf,VJNKYFDZICRAQLPMWHGESOUXBT,7,3,0,0.17,7.155418,0.919759,1.349142,SINELCSANESOTIT,0.730769,0.269231
0.2,16384,4,license_plate_bahnschrift.ttf,VJNKYFDZICRAQLPMWHGESOUXBT,7,3,1,0.17,7.155418,0.919759,1.349142,SINESCFSANESOTIT,0.769231,0.230769
0.3,16384,4,license_plate_bahnschrift.ttf,VJNKYFDZICRAQLPMWHGESOUXBT,7,3,0,0.255,8.763561,0.881116,1.10157,UINIESCDPESLOT,0.769231,0.230769
0.3,16384,4,license_plate_bahnschrift.ttf,VJNKYFDZICRAQLPMWHGESOUXBT,7,3,1,0.255,8.763561,0.881116,1.10157,UINESOPELOT,0.807692,0.192308
0.4,16384,4,license_plate_bahnschrift.ttf,VJNKYFDZICRAQLPMWHGESOUXBT,7,3,0,0.34,10.119289,0.843436,0.953987,SUINESTODPYANESLOT,0.846154,0.153846
0.4,16384,4,license_plate_bahnschrift.ttf,VJNKYFDZICRAQLPMWHGESOUXBT,7,3,1,0.34,10.119289,0.843436,0.953987,UINESTODPHANESLONT,0.807692,0.192308
0.5,16384,4,license_plate_bahnschrift.ttf,VJNKYFDZICRAQLPMWHGESOUXBT,7,3,0,0.425,11.313708,0.8067,0.853272,WUNIECTOOPYESLOT,0.769231,0.230769
0.5,16384,4,license_plate_bahnschrift.ttf,VJNKYFDZICRAQLPMWHGESOUXBT,7,3,1,0.425,11.313708,0.8067,0.853272,UNIECOPYESLOT,0.769231,0.230769
0.6,16384,4,license_plate_bahnschrift.ttf,VJNKYFDZICRAQLPMWHGESOUXBT,7,3,0,0.51,12.393547,0.770893,0.778927,WUNESOAOLPAWESLOT,0.692308,0.307692
0.6,16384,4,license_plate_bahnschrift.ttf,VJNKYFDZICRAQLPMWHGESOUXBT,7,3,1,0.51,12.393547,0.770893,0.778927,UINIECTOADPYAESLOT,0.769231,0.230769
0.7,16384,4,license_plate_bahnschrift.ttf,VJNKYFDZICRAQLPMWHGESOUXBT,7,3,0,0.595,13.38656,0.735998,0.721147,WNIFCEOUAOLFYMESOLONT,0.692308,0.307692
0.7,16384,4,license_plate_bahnschrift.ttf,VJNKYFDZICRAQLPMWHGESOUXBT,7,3,1,0.595,13.38656,0.735998,0.721147,INECEOUAOFYMESOLONT,0.730769,0.269231
0.8,16384,4,license_plate_bahnschrift.ttf,VJNKYFDZICRAQLPMWHGESOUXBT,7,3,0,0.68,14.310835,0.701998,0.674571,WUNNPCEOAAOLPYESOLOT,0.692308,0.307692
0.8,16384,4,license_plate_bahnschrift.ttf,VJNKYFDZICRAQLPMWHGESOUXBT,7,3,1,0.68,14.310835,0.701998,0.674571,UINEECTOAAOLPYAWESOLOT,0.692308,0.307692
0.9,16384,4,license_plate_bahnschrift.ttf,VJNKYFDZICRAQLPMWHGESOUXBT,7,3,0,0.765,15.178933,0.668877,0.635992,WUNIFODCAAGLPYMWESOWONT,0.576923,0.423077
0.9,16384,4,license_plate_bahnschrift.ttf,VJNKYFDZICRAQLPMWHGESOUXBT,7,3,1,0.765,15.178933,0.668877,0.635992,WINFODCAAGLFYMWESOLWOIT,0.653846,0.346154
1.0,16384,4,license_plate_bahnschrift.ttf,VJNKYFDZICRAQLPMWHGESOUXBT,7,3,0,0.85,16.0,0.63662,0.603355,PSL,0.923077,0.076923
1.0,16384,4,license_plate_bahnschrift.ttf,VJNKYFDZICRAQLPMWHGESOUXBT,7,3,1,0.85,16.0,0.63662,0.603355,UINIPODCAAOLPMMWESOUWOIT,0.576923,0.423077
0.1,16384,4,license_plate_bahnschrift.ttf,VJNKYFDZICRAQLPMWHGESOUXBT,7,7,0,0.085,5.059644,0.959381,1.907975,RCERPAHIESORT,0.730769,0.269231
0.1,16384,4,license_plate_bahnschrift.ttf,VJNKYFDZICRAQLPMWHGESOUXBT,7,7,1,0.085,5.059644,0.959381,1.907975,RCEPSHAHIESORT,0.769231,0.230769
0.2,16384,4,license_plate_bahnschrift.ttf,VJNKYFDZICRAQLPMWHGESOUXBT,7,7,0,0.17,7.155418,0.919759,1.349142,PREIPRRYWHIESORT,0.692308,0.307692
0.2,16384,4,license_plate_bahnschrift.ttf,VJNKYFDZICRAQLPMWHGESOUXBT,7,7,1,0.17,7.155418,0.919759,1.349142,PREIERGHAHIESORT,0.730769,0.269231
0.3,16384,4,license_plate_bahnschrift.ttf,VJNKYFDZICRAQLPMWHGESOUXBT,7,7,0,0.255,8.763561,0.881116,1.10157,PRECTERGFYMHIFSORT,0.769231,0.230769
0.3,16384,4,license_plate_bahnschrift.ttf,VJNKYFDZICRAQLPMWHGESOUXBT,7,7,1,0.255,8.763561,0.881116,1.10157,PRECTERGFYMHIFSORT,0.769231,0.230769
0.4,16384,4,license_plate_bahnschrift.ttf,VJNKYFDZICRAQLPMWHGESOUXBT,7,7,0,0.34,10.119289,0.843436,0.953987,PAERCERGPMAHIESLORT,0.730769,0.269231
0.4,16384,4,license_plate_bahnschrift.ttf,VJNKYFDZICRAQLPMWHGESOUXBT,7,7,1,0.34,10.119289,0.843436,0.953987,PREOIERGPMAHIESLORT,0.692308,0.307692
0.5,16384,4,license_plate_bahnschrift.ttf,VJNKYFDZICRAQLPMWHGESOUXBT,7,7,0,0.425,11.313708,0.8067,0.853272,PRCOTERDPYMHOFSLORT,0.807692,0.192308
0.5,16384,4,license_plate_bahnschrift.ttf,VJNKYFDZICRAQLPMWHGESOUXBT,7,7,1,0.425,11.313708,0.8067,0.853272,PRCOTERDPYMHESLORT,0.769231,0.230769
0.6,16384,4,license_plate_bahnschrift.ttf,VJNKYFDZICRAQLPMWHGESOUXBT,7,7,0,0.51,12.393547,0.770893,0.778927,PARPRORERODPRAHIESDLORT,0.769231,0.230769
0.6,16384,4,license_plate_bahnschrift.ttf,VJNKYFDZICRAQLPMWHGESOUXBT,7,7,1,0.51,12.393547,0.770893,0.778927,PARPROERODPYAHESDLORT,0.769231,0.230769
0.7,16384,4,license_plate_bahnschrift.ttf,VJNKYFDZICRAQLPMWHGESOUXBT,7,7,0,0.595,13.38656,0.735998,0.721147,PAEORERADPYMHESOLORT,0.692308,0.307692
0.7,16384,4,license_plate_bahnschrift.ttf,VJNKYFDZICRAQLPMWHGESOUXBT,7,7,1,0.595,13.38656,0.735998,0.721147,PARPFORCADPYHOESOLORT,0.653846,0.346154
0.8,16384,4,license_plate_bahnschrift.ttf,VJNKYFDZICRAQLPMWHGESOUXBT,7,7,0,0.68,14.310835,0.701998,0.674571,SIREORCRDPYMHOESOLORT,0.692308,0.307692
0.8,16384,4,license_plate_bahnschrift.ttf,VJNKYFDZICRAQLPMWHGESOUXBT,7,7,1,0.68,14.310835,0.701998,0.674571,IKEORRDPYHOESOLORT,0.692308,0.307692
0.9,16384,4,license_plate_bahnschrift.ttf,VJNKYFDZICRAQLPMWHGESOUXBT,7,7,0,0.765,15.178933,0.668877,0.635992,EPRFORERLDPEMHESOLORT,0.692308,0.307692
0.9,16384,4,license_plate_bahnschrift.ttf,VJNKYFDZICRAQLPMWHGESOUXBT,7,7,1,0.765,15.178933,0.668877,0.635992,ERRFORCRLDPEMHIESOLORT,0.653846,0.346154
1.0,16384,4,license_plate_bahnschrift.ttf,VJNKYFDZICRAQLPMWHGESOUXBT,7,7,0,0.85,16.0,0.63662,0.603355,EINAFODIRLDPRNHESOLORT,0.615385,0.384615
1.0,16384,4,license_plate_bahnschrift.ttf,VJNKYFDZICRAQLPMWHGESOUXBT,7,7,1,0.85,16.0,0.63662,0.603355,EKPFORRLDPMHESOUORT,0.576923,0.423077
0.1,16384,4,license_plate_bahnschrift.ttf,VJNKYFDZICRAQLPMWHGESOUXBT,7,11,0,0.085,5.059644,0.959381,1.907975,PRCAEUBAMIESSOF,0.846154,0.153846
0.1,16384,4,license_plate_bahnschrift.ttf,VJNKYFDZICRAQLPMWHGESOUXBT,7,11,1,0.085,5.059644,0.959381,1.907975,PRPYIESLORT,0.807692,0.192308
0.2,16384,4,license_plate_bahnschrift.ttf,VJNKYFDZICRAQLPMWHGESOUXBT,7,11,0,0.17,7.155418,0.919759,1.349142,ORRTCAEMVAMIESOM,0.807692,0.192308
0.2,16384,4,license_plate_bahnschrift.ttf,VJNKYFDZICRAQLPMWHGESOUXBT,7,11,1,0.17,7.155418,0.919759,1.349142,RRTCLAEMMIESOM,0.769231,0.230769
0.3,16384,4,license_plate_bahnschrift.ttf,VJNKYFDZICRAQLPMWHGESOUXBT,7,11,0,0.255,8.763561,0.881116,1.10157,ORRTRLEPMHIESLOM,0.769231,0.230769
0.3,16384,4,license_plate_bahnschrift.ttf,VJNKYFDZICRAQLPMWHGESOUXBT,7,11,1,0.255,8.763561,0.881116,1.10157,ORRTRLEVMMIESLOM,0.846154,0.153846
0.4,16384,4,license_plate_bahnschrift.ttf,VJNKYFDZICRAQLPMWHGESOUXBT,7,11,0,0.34,10.119289,0.843436,0.953987,OPARTRILEAPMAHIESILORT,0.692308,0.307692
0.4,16384,4,license_plate_bahnschrift.ttf,VJNKYFDZICRAQLPMWHGESOUXBT,7,11,1,0.34,10.119289,0.843436,0.953987,OPARTREPMAHIESLOMT,0.730769,0.269231
0.5,16384,4,license_plate_bahnschrift.ttf,VJNKYFDZICRAQLPMWHGESOUXBT,7,11,0,0.425,11.313708,0.8067,0.853272,ORARTROSEPMIESLOMT,0.769231,0.230769
0.5,16384,4,license_plate_bahnschrift.ttf,VJNKYFDZICRAQLPMWHGESOUXBT,7,11,1,0.425,11.313708,0.8067,0.853272,ORATROEMMHIESLOMT,0.769231,0.230769
0.6,16384,4,license_plate_bahnschrift.ttf,VJNKYFDZICRAQLPMWHGESOUXBT,7,11,0,0.51,12.393547,0.770893,0.778927,OPARPOSELPMAHIESLOMT,0.730769,0.269231
0.6,16384,4,license_plate_bahnschrift.ttf,VJNKYFDZICRAQLPMWHGESOUXBT,7,11,1,0.51,12.393547,0.770893,0.778927,OPARTPOELPMAHIESLOMT,0.730769,0.269231
0.7,16384,4,license_plate_bahnschrift.ttf,VJNKYFDZICRAQLPMWHGESOUXBT,7,11,0,0.595,13.38656,0.735998,0.721147,CPATPOCCAADPYMHIESILONT,0.730769,0.269231
0.7,16384,4,license_plate_bahnschrift.ttf,VJNKYFDZICRAQLPMWHGESOUXBT,7,11,1,0.595,13.38656,0.735998,0.721147,CRARTPOSCAEDPPMHIESLOBT,0.692308,0.307692
0.8,16384,4,license_plate_bahnschrift.ttf,VJNKYFDZICRAQLPMWHGESOUXBT,7,11,0,0.68,14.310835,0.701998,0.674571,EPNTPOCCAADLPMMHIESILORT,0.615385,0.384615
0.8,16384,4,license_plate_bahnschrift.ttf,VJNKYFDZICRAQLPMWHGESOUXBT,7,11,1,0.68,14.310835,0.701998,0.674571,EPNTPOCCAAULIMHIESILORT,0.653846,0.346154
0.9,16384,4,license_plate_bahnschrift.ttf,VJNKYFDZICRAQLPMWHGESOUXBT,7,11,0,0.765,15.178933,0.668877,0.635992,EPNTPODTALOLFEMHIESOLOBT,0.653846,0.346154
0.9,16384,4,license_plate_bahnschrift.ttf,VJNKYFDZICRAQLPMWHGESOUXBT,7,11,1,0.765,15.178933,0.668877,0.635992,CINTPODTALOLIYMHIESOLORT,0.692308,0.307692
1.0,16384,4,license_plate_bahnschrift.ttf,VJNKYFDZICRAQLPMWHGESOUXBT,7,11,0,0.85,16.0,0.63662,0.603355,WINNTPOCALOLIMMHIESOLORT,0.653846,0.346154
1.0,16384,4,license_plate_bahnschrift.ttf,VJNKYFDZICRAQLPMWHGESOUXBT,7,11,1,0.85,16.0,0.63662,0.603355,WINNTPOUCAAOLPMHIESOLORT,0.576923,0.423077
0.1,16384,4,license_plate_bahnschrift.ttf,VJNKYFDZICRAQLPMWHGESOUXBT,7,15,0,0.085,5.059644,0.959381,1.907975,JROTDPWICOT,0.769231,0.230769
0.1,16384,4,license_plate_bahnschrift.ttf,VJNKYFDZICRAQLPMWHGESOUXBT,7,15,1,0.085,5.059644,0.959381,1.907975,JROTDPWINCOLT,0.769231,0.230769
0.2,16384,4,license_plate_bahnschrift.ttf,VJNKYFDZICRAQLPMWHGESOUXBT,7,15,0,0.17,7.155418,0.919759,1.349142,ORIOTADPWICSOUT,0.692308,0.307692
0.2,16384,4,license_plate_bahnschrift.ttf,VJNKYFDZICRAQLPMWHGESOUXBT,7,15,1,0.17,7.155418,0.919759,1.349142,IEOTADPWNCSOLT,0.769231,0.230769
0.3,16384,4,license_plate_bahnschrift.ttf,VJNKYFDZICRAQLPMWHGESOUXBT,7,15,0,0.255,8.763561,0.881116,1.10157,HTSOUDSPMICSLT,0.807692,0.192308
0.3,16384,4,license_plate_bahnschrift.ttf,VJNKYFDZICRAQLPMWHGESOUXBT,7,15,1,0.255,8.763561,0.881116,1.10157,EPITSSOUADPWNCSOUT,0.730769,0.269231
0.4,16384,4,license_plate_bahnschrift.ttf,VJNKYFDZICRAQLPMWHGESOUXBT,7,15,0,0.34,10.119289,0.843436,0.953987,SPITISOUDLPANCOSSLOUT,0.769231,0.230769
0.4,16384,4,license_plate_bahnschrift.ttf,VJNKYFDZICRAQLPMWHGESOUXBT,7,15,1,0.34,10.119289,0.843436,0.953987,SIITOSOUADLPMANCSSLOT,0.769231,0.230769
0.5,16384,4,license_plate_bahnschrift.ttf,VJNKYFDZICRAQLPMWHGESOUXBT,7,15,0,0.425,11.313708,0.8067,0.853272,CPARITCSOVADPPMNCSLOUT,0.769231,0.230769
0.5,16384,4,license_plate_bahnschrift.ttf,VJNKYFDZICRAQLPMWHGESOUXBT,7,15,1,0.425,11.313708,0.8067,0.853272,SCPITCEOUADLPPMNCESLOUT,0.730769,0.269231
0.6,16384,4,license_plate_bahnschrift.ttf,VJNKYFDZICRAQLPMWHGESOUXBT,7,15,0,0.51,12.393547,0.770893,0.778927,WIMNITCSOTADLPRANICSLOT,0.807692,0.192308
0.6,16384,4,license_plate_bahnschrift.ttf,VJNKYFDZICRAQLPMWHGESOUXBT,7,15,1,0.51,12.393547,0.770893,0.778927,SINNITCEOUARLPPMANCSLOT,0.769231,0.230769
0.7,16384,4,license_plate_bahnschrift.ttf,VJNKYFDZICRAQLPMWHGESOUXBT,7,15,0,0.595,13.38656,0.735998,0.721147,CIMITCEOLADLPYMNESOLODT,0.730769,0.269231
0.7,16384,4,license_plate_bahnschrift.ttf,VJNKYFDZICRAQLPMWHGESOUXBT,7,15,1,0.595,13.38656,0.735998,0.721147,CPITCEOLADLIPYMNESLOT,0.807692,0.192308
0.8,16384,4,license_plate_bahnschrift.ttf,VJNKYFDZICRAQLPMWHGESOUXBT,7,15,0,0.68,14.310835,0.701998,0.674571,WIMTTODOLADLPMMNSESOLOUT,0.653846,0.346154
0.8,16384,4,license_plate_bahnschrift.ttf,VJNKYFDZICRAQLPMWHGESOUXBT,7,15,1,0.68,14.310835,0.701998,0.674571,WIMTTOROLADLPMMANIESOLODIT,0.769231,0.230769
0.9,16384,4,license_plate_bahnschrift.ttf,VJNKYFDZICRAQLPMWHGESOUXBT,7,15,0,0.765,15.178933,0.668877,0.635992,WINATTOCOLADLIMMNESOLOT,0.692308,0.307692
0.9,16384,4,license_plate_bahnschrift.ttf,VJNKYFDZICRAQLPMWHGESOUXBT,7,15,1,0.765,15.178933,0.668877,0.635992,WINATITODOLADLIYMNCCSOLWOT,0.769231,0.230769
1.0,16384,4,license_plate_bahnschrift.ttf,VJNKYFDZICRAQLPMWHGESOUXBT,7,15,0,0.85,16.0,0.63662,0.603355,WINATPODIOLADLIMMNSESOWODT,0.653846,0.346154
1.0,16384,4,license_plate_bahnschrift.ttf,VJNKYFDZICRAQLPMWHGESOUXBT,7,15,1,0.85,16.0,0.63662,0.603355,WINATPODIOLADLFMMNSESOWDT,0.653846,0.346154
0.1,16384,4,license_plate_bahnschrift.ttf,VJNKYFDZICRAQLPMWHGESOUXBT,11,0,0,0.085,5.059644,0.959381,1.907975,VSL,0.923077,0.076923
0.1,16384,4,license_plate_bahnschrift.ttf,VJNKYFDZICRAQLPMWHGESOUXBT,11,0,1,0.085,5.059644,0.959381,1.907975,VJELPCSU,0.769231,0.230769
0.2,16384,4,license_plate_bahnschrift.ttf,VJNKYFDZICRAQLPMWHGESOUXBT,11,0,0,0.17,7.155418,0.919759,1.349142,VJEDORACLPATISCSU,0.653846,0.346154
0.2,16384,4,license_plate_bahnschrift.ttf,VJNKYFDZICRAQLPMWHGESOUXBT,11,0,1,0.17,7.155418,0.919759,1.349142,VJSDOREACLPEATICSU,0.692308,0.307692
0.3,16384,4,license_plate_bahnschrift.ttf,VJNKYFDZICRAQLPMWHGESOUXBT,11,0,0,0.255,8.763561,0.881116,1.10157,VJMSTOOREACLPATISCSOUS,0.692308,0.307692
0.3,16384,4,license_plate_bahnschrift.ttf,VJNKYFDZICRAQLPMWHGESOUXBT,11,0,1,0.255,8.763561,0.881116,1.10157,VIMSTOOREACLPATISCSOUS,0.730769,0.269231
0.4,16384,4,license_plate_bahnschrift.ttf,VJNKYFDZICRAQLPMWHGESOUXBT,11,0,0,0.34,10.119289,0.843436,0.953987,VIMSTOORRACLPAATOCSOU,0.692308,0.307692
0.4,16384,4,license_plate_bahnschrift.ttf,VJNKYFDZICRAQLPMWHGESOUXBT,11,0,1,0.34,10.119289,0.843436,0.953987,VIMSTOORRACLPAATOCSOUS,0.692308,0.307692
0.5,16384,4,license_plate_bahnschrift.ttf,VJNKYFDZICRAQLPMWHGESOUXBT,11,0,0,0.425,11.313708,0.8067,0.853272,VIMSTDOEAOLPTATOCSOUST,0.653846,0.346154
0.5,16384,4,license_plate_bahnschrift.ttf,VJNKYFDZICRAQLPMWHGESOUXBT,11,0,1,0.425,11.313708,0.8067,0.853272,VIJMSTOOBAOLPTATOCSOUST,0.692308,0.307692
0.6,16384,4,license_plate_bahnschrift.ttf,VJNKYFDZICRAQLPMWHGESOUXBT,11,0,0,0.51,12.393547,0.770893,0.778927,VIMSTOORAOLPAANCCSOUS,0.692308,0.307692
0.6,16384,4,license_plate_bahnschrift.ttf,VJNKYFDZICRAQLPMWHGESOUXBT,11,0,1,0.51,12.393547,0.770893,0.778927,VIMSTOORAOLPAATCCSOUCS,0.692308,0.307692
0.7,16384,4,license_plate_bahnschrift.ttf,VJNKYFDZICRAQLPMWHGESOUXBT,11,0,0,0.595,13.38656,0.735998,0.721147,VIMSTDOIRAOLPAANCCSOUET,0.576923,0.423077
0.7,16384,4,license_plate_bahnschrift.ttf,VJNKYFDZICRAQLPMWHGESOUXBT,11,0,1,0.595,13.38656,0.735998,0.721147,VIMNTDOEAOLPTANCCSOUET,0.653846,0.346154
0.8,16384,4,license_plate_bahnschrift.ttf,VJNKYFDZICRAQLPMWHGESOUXBT,11,0,0,0.68,14.310835,0.701998,0.674571,VIMATDCRBAOLPRTANCCSOUET,0.653846,0.346154
0.8,16384,4,license_plate_bahnschrift.ttf,VJNKYFDZICRAQLPMWHGESOUXBT,11,0,1,0.68,14.310835,0.701998,0.674571,VIMSTDCBAOLPRTAWCOSOUCET,0.653846,0.346154
0.9,16384,4,license_plate_bahnschrift.ttf,VJNKYFDZICRAQLPMWHGESOUXBT,11,0,0,0.765,15.178933,0.668877,0.635992,VIMEETDDICEAULPTANCCSOUICET,0.615385,0.384615
0.9,16384,4,license_plate_bahnschrift.ttf,VJNKYFDZICRAQLPMWHGESOUXBT,11,0,1,0.765,15.178933,0.668877,0.635992,VIMEETDDICEAILPRTANCCSOUET,0.615385,0.384615
1.0,16384,4,license_plate_bahnschrift.ttf,VJNKYFDZICRAQLPMWHGESOUXBT,11,0,0,0.85,16.0,0.63662,0.603355,VIMCTTDDICRAGLPTANCCSOLIOST,0.615385,0.384615
1.0,16384,4,license_plate_bahnschrift.ttf,VJNKYFDZICRAQLPMWHGESOUXBT,11,0,1,0.85,16.0,0.63662,0.603355,VIMETTICICRAGLPMTAWCCSOUET,0.576923,0.423077
0.1,16384,4,license_plate_bahnschrift.ttf,VJNKYFDZICRAQLPMWHGESOUXBT,11,3,0,0.085,5.059644,0.959381,1.907975,VIEALPHESL,0.692308,0.307692
0.1,16384,4,license_plate_bahnschrift.ttf,VJNKYFDZICRAQLPMWHGESOUXBT,11,3,1,0.085,5.059644,0.959381,1.907975,VISALIA,0.846154,0.153846
0.2,16384,4,license_plate_bahnschrift.ttf,VJNKYFDZICRAQLPMWHGESOUXBT,11,3,0,0.17,7.155418,0.919759,1.349142,VIMSTDORSALPAESL,0.730769,0.269231
0.2,16384,4,license_plate_bahnschrift.ttf,VJNKYFDZICRAQLPMWHGESOUXBT,11,3,1,0.17,7.155418,0.919759,1.349142,VIMSTOCRSALPAMSESUS,0.692308,0.307692
0.3,16384,4,license_plate_bahnschrift.ttf,VJNKYFDZICRAQLPMWHGESOUXBT,11,3,0,0.255,8.763561,0.881116,1.10157,VIMSFDCRSYALPMAWSES,0.653846,0.346154
0.3,16384,4,license_plate_bahnschrift.ttf,VJNKYFDZICRAQLPMWHGESOUXBT,11,3,1,0.255,8.763561,0.881116,1.10157,VIMSFDCKSYALPMAWESOUS,0.576923,0.423077
0.4,16384,4,license_plate_bahnschrift.ttf,VJNKYFDZICRAQLPMWHGESOUXBT,11,3,0,0.34,10.119289,0.843436,0.953987,VIMSFICRRYALPAAWEESAS,0.692308,0.307692
0.4,16384,4,license_plate_bahnschrift.ttf,VJNKYFDZICRAQLPMWHGESOUXBT,11,3,1,0.34,10.119289,0.843436,0.953987,VIMSFICRRYALPAAWFESAS,0.692308,0.307692
0.5,16384,4,license_plate_bahnschrift.ttf,VJNKYFDZICRAQLPMWHGESOUXBT,11,3,0,0.425,11.313708,0.8067,0.853272,VIMSTFTOCRSYALPMAWCESU,0.653846,0.346154
0.5,16384,4,license_plate_bahnschrift.ttf,VJNKYFDZICRAQLPMWHGESOUXBT,11,3,1,0.425,11.313708,0.8067,0.853272,VIMNTTDDISYALPAAWCES,0.692308,0.307692
0.6,16384,4,license_plate_bahnschrift.ttf,VJNKYFDZICRAQLPMWHGESOUXBT,11,3,0,0.51,12.393547,0.770893,0.778927,VIMATFDCIEVILPAWCES,0.653846,0.346154
0.6,16384,4,license_plate_bahnschrift.ttf,VJNKYFDZICRAQLPMWHGESOUXBT,11,3,1,0.51,12.393547,0.770893,0.778927,VIMATEDCIVLPAWCES,0.692308,0.307692
0.7,16384,4,license_plate_bahnschrift.ttf,VJNKYFDZICRAQLPMWHGESOUXBT,11,3,0,0.595,13.38656,0.735998,0.721147,VIMATEDDICSYOLPAWCESOLOT,0.576923,0.423077
0.7,16384,4,license_plate_bahnschrift.ttf,VJNKYFDZICRAQLPMWHGESOUXBT,11,3,1,0.595,13.38656,0.735998,0.721147,VIMNTFDDICELPAWCESOLO,0.576923,0.423077
0.8,16384,4,license_plate_bahnschrift.ttf,VJNKYFDZICRAQLPMWHGESOUXBT,11,3,0,0.68,14.310835,0.701998,0.674571,VIMCTEDDICBVOLPACESOL,0.653846,0.346154
0.8,16384,4,license_plate_bahnschrift.ttf,VJNKYFDZICRAQLPMWHGESOUXBT,11,3,1,0.68,14.310835,0.701998,0.674571,VIMOTEDDICBVOLPAWCSOLT,0.615385,0.384615
0.9,16384,4,license_plate_bahnschrift.ttf,VJNKYFDZICRAQLPMWHGESOUXBT,11,3,0,0.765,15.178933,0.668877,0.635992,VIMCTEDDICEAOLPPAWCESOLOT,0.576923,0.423077
0.9,16384,4,license_plate_bahnschrift.ttf,VJNKYFDZICRAQLPMWHGESOUXBT,11,3,1,0.765,15.178933,0.668877,0.635992,VINCTEDDICEAOLPPAWCESOLOT,0.538462,0.461538
1.0,16384,4,license_plate_bahnschrift.ttf,VJNKYFDZICRAQLPMWHGESOUXBT,11,3,0,0.85,16.0,0.63662,0.603355,VISOOTEDCICRAOLPPAWCESOLLORT,0.615385,0.384615
1.0,16384,4,license_plate_bahnschrift.ttf,VJNKYFDZICRAQLPMWHGESOUXBT,11,3,1,0.85,16.0,0.63662,0.603355,VINOOTEDCICRAOLPPAWCESOLICRT,0.576923,0.423077
0.1,16384,4,license_plate_bahnschrift.ttf,VJNKYFDZICRAQLPMWHGESOUXBT,11,7,0,0.085,5.059644,0.959381,1.907975,VIMSTECRLSALLPHAWOPSI,0.769231,0.230769
0.1,16384,4,license_plate_bahnschrift.ttf,VJNKYFDZICRAQLPMWHGESOUXBT,11,7,1,0.085,5.059644,0.959381,1.907975,VIMSTETCRLSLPHAWORSI,0.730769,0.269231
0.2,16384,4,license_plate_bahnschrift.ttf,VJNKYFDZICRAQLPMWHGESOUXBT,11,7,0,0.17,7.155418,0.919759,1.349142,VIMSTETORLSLLPREAWOPSOIS,0.846154,0.153846
0.2,16384,4,license_plate_bahnschrift.ttf,VJNKYFDZICRAQLPMWHGESOUXBT,11,7,1,0.17,7.155418,0.919759,1.349142,VIMSTETORLSPREAWERSOIS,0.807692,0.192308
0.3,16384,4,license_plate_bahnschrift.ttf,VJNKYFDZICRAQLPMWHGESOUXBT,11,7,0,0.255,8.763561,0.881116,1.10157,VIMTETORLSPEAWBSOS,0.807692,0.192308
0.3,16384,4,license_plate_bahnschrift.ttf,VJNKYFDZICRAQLPMWHGESOUXBT,11,7,1,0.255,8.763561,0.881116,1.10157,VIMATETORSPHEAWEESTS,0.807692,0.192308
0.4,16384,4,license_plate_bahnschrift.ttf,VJNKYFDZICRAQLPMWHGESOUXBT,11,7,0,0.34,10.119289,0.843436,0.953987,VIMATEIORSPHEAWRESS,0.769231,0.230769
0.4,16384,4,license_plate_bahnschrift.ttf,VJNKYFDZICRAQLPMWHGESOUXBT,11,7,1,0.34,10.119289,0.843436,0.953987,VIMMTETORSPREAWSS,0.846154,0.153846
0.5,16384,4,license_plate_bahnschrift.ttf,VJNKYFDZICRAQLPMWHGESOUXBT,11,7,0,0.425,11.313708,0.8067,0.853272,VIMTEDORSPREAHESALST,0.730769,0.269231
0.5,16384,4,license_plate_bahnschrift.ttf,VJNKYFDZICRAQLPMWHGESOUXBT,11,7,1,0.425,11.313708,0.8067,0.853272,VIMATEIORSPREAWESALST,0.730769,0.269231
0.6,16384,4,license_plate_bahnschrift.ttf,VJNKYFDZICRAQLPMWHGESOUXBT,11,7,0,0.51,12.393547,0.770893,0.778927,VIMATEIOISBLPREAHBSCAS,0.807692,0.192308
0.6,16384,4,license_plate_bahnschrift.ttf,VJNKYFDZICRAQLPMWHGESOUXBT,11,7,1,0.51,12.393547,0.770893,0.778927,VIMATEIORBPRAEAWBESCALS,0.807692,0.192308
0.7,16384,4,license_plate_bahnschrift.ttf,VJNKYFDZICRAQLPMWHGESOUXBT,11,7,0,0.595,13.38656,0.735998,0.721147,VIMTEDOICSOLPREAWSESOALST,0.653846,0.346154
0.7,16384,4,license_plate_bahnschrift.ttf,VJNKYFDZICRAQLPMWHGESOUXBT,11,7,1,0.595,13.38656,0.735998,0.721147,VIMCTEDOISPREAHESOALST,0.692308,0.307692
0.8,16384,4,license_plate_bahnschrift.ttf,VJNKYFDZICRAQLPMWHGESOUXBT,11,7,0,0.68,14.310835,0.701998,0.674571,VINECTEDOICROLPRPAHBESOELOST,0.615385,0.384615
0.8,16384,4,license_plate_bahnschrift.ttf,VJNKYFDZICRAQLPMWHGESOUXBT,11,7,1,0.68,14.310835,0.701998,0.674571,VISECTEDQICRAOLPAHESOALOST,0.576923,0.423077
0.9,16384,4,license_plate_bahnschrift.ttf,VJNKYFDZICRAQLPMWHGESOUXBT,11,7,0,0.765,15.178933,0.668877,0.635992,VIMCTEDOICRAOLPRPAWESOULOST,0.538462,0.461538
0.9,16384,4,license_plate_bahnschrift.ttf,VJNKYFDZICRAQLPMWHGESOUXBT,11,7,1,0.765,15.178933,0.668877,0.635992,VINECTEDOICRALPRRAWSESOLLORT,0.615385,0.384615
1.0,16384,4,license_plate_bahnschrift.ttf,VJNKYFDZICRAQLPMWHGESOUXBT,11,7,0,0.85,16.0,0.63662,0.603355,VINECTEDQICALPRPAWSESOLLORT,0.653846,0.346154
1.0,16384,4,license_plate_bahnschrift.ttf,VJNKYFDZICRAQLPMWHGESOUXBT,11,7,1,0.85,16.0,0.63662,0.603355,VINECTEDOICRADLPRRAWBESOULORT,0.576923,0.423077
0.1,16384,4,license_plate_bahnschrift.ttf,VJNKYFDZICRAQLPMWHGESOUXBT,11,11,0,0.085,5.059644,0.959381,1.907975,SPERSLPPT,0.846154,0.153846
0.1,16384,4,license_plate_bahnschrift.ttf,VJNKYFDZICRAQLPMWHGESOUXBT,11,11,1,0.085,5.059644,0.959381,1.907975,SERSLPPT,0.846154,0.153846
0.2,16384,4,license_plate_bahnschrift.ttf,VJNKYFDZICRAQLPMWHGESOUXBT,11,11,0,0.17,7.155418,0.919759,1.349142,VIMARSLYPTHSU,0.769231,0.230769
0.2,16384,4,license_plate_bahnschrift.ttf,VJNKYFDZICRAQLPMWHGESOUXBT,11,11,1,0.17,7.155418,0.919759,1.349142,SIMRLPPTD,0.846154,0.153846
0.3,16384,4,license_plate_bahnschrift.ttf,VJNKYFDZICRAQLPMWHGESOUXBT,11,11,0,0.255,8.763561,0.881116,1.10157,VIMATNRSALMPTHDL,0.846154,0.153846
0.3,16384,4,license_plate_bahnschrift.ttf,VJNKYFDZICRAQLPMWHGESOUXBT,11,11,1,0.255,8.763561,0.881116,1.10157,VIMETRSLPPHD,0.807692,0.192308
0.4,16384,4,license_plate_bahnschrift.ttf,VJNKYFDZICRAQLPMWHGESOUXBT,11,11,0,0.34,10.119289,0.843436,0.953987,VIMAIRESSALPTAHDESCS,0.730769,0.269231
0.4,16384,4,license_plate_bahnschrift.ttf,VJNKYFDZICRAQLPMWHGESOUXBT,11,11,1,0.34,10.119289,0.843436,0.953987,VIMAFIRESSALPTAHDESC,0.692308,0.307692
0.5,16384,4,license_plate_bahnschrift.ttf,VJNKYFDZICRAQLPMWHGESOUXBT,11,11,0,0.425,11.313708,0.8067,0.853272,VIMETPIISALPHSS,0.730769,0.269231
0.5,16384,4,license_plate_bahnschrift.ttf,VJNKYFDZICRAQLPMWHGESOUXBT,11,11,1,0.425,11.313708,0.8067,0.853272,VIMETPIISALPPTHSSS,0.730769,0.269231
0.6,16384,4,license_plate_bahnschrift.ttf,VJNKYFDZICRAQLPMWHGESOUXBT,11,11,0,0.51,12.393547,0.770893,0.778927,VIMETFIIAOLPSESS,0.692308,0.307692
0.6,16384,4,license_plate_bahnschrift.ttf,VJNKYFDZICRAQLPMWHGESOUXBT,11,11,1,0.51,12.393547,0.770893,0.778927,VIMETISAOLPAWSSCS,0.730769,0.269231
0.7,16384,4,license_plate_bahnschrift.ttf,VJNKYFDZICRAQLPMWHGESOUXBT,11,11,0,0.595,13.38656,0.735998,0.721147,VIMATCUICSALPTAHSESOUS,0.576923,0.423077
0.7,16384,4,license_plate_bahnschrift.ttf,VJNKYFDZICRAQLPMWHGESOUXBT,11,11,1,0.595,13.38656,0.735998,0.721147,VIMATFCUICSALPAHSESOLST,0.538462,0.461538
0.8,16384,4,license_plate_bahnschrift.ttf,VJNKYFDZICRAQLPMWHGESOUXBT,11,11,0,0.68,14.310835,0.701998,0.674571,VIMATFIOICEAGLPATAHSESOLCS,0.615385,0.384615
0.8,16384,4,license_plate_bahnschrift.ttf,VJNKYFDZICRAQLPMWHGESOUXBT,11,11,1,0.68,14.310835,0.701998,0.674571,VIMATFIOICSAGLPATAHSESOLCS,0.615385,0.384615
0.9,16384,4,license_plate_bahnschrift.ttf,VJNKYFDZICRAQLPMWHGESOUXBT,11,11,0,0.765,15.178933,0.668877,0.635992,VIMCTFDICEAGLPAHSESOLICST,0.538462,0.461538
0.9,16384,4,license_plate_bahnschrift.ttf,VJNKYFDZICRAQLPMWHGESOUXBT,11,11,1,0.765,15.178933,0.668877,0.635992,VIMCTFIICEAGLPPAHSESOLICST,0.576923,0.423077
1.0,16384,4,license_plate_bahnschrift.ttf,VJNKYFDZICRAQLPMWHGESOUXBT,11,11,0,0.85,16.0,0.63662,0.603355,VIMCTEDICEAGLPTAHDESOLOST,0.538462,0.461538
1.0,16384,4,license_plate_bahnschrift.ttf,VJNKYFDZICRAQLPMWHGESOUXBT,11,11,1,0.85,16.0,0.63662,0.603355,VIMCTFDDICEAGLPTAHSESOUICST,0.5,0.5
0.1,16384,4,license_plate_bahnschrift.ttf,VJNKYFDZICRAQLPMWHGESOUXBT,11,15,0,0.085,5.059644,0.959381,1.907975,VJSRALIPTICSU,0.730769,0.269231
0.1,16384,4,license_plate_bahnschrift.ttf,VJNKYFDZICRAQLPMWHGESOUXBT,11,15,1,0.085,5.059644,0.959381,1.907975,VJALIPCSU,0.769231,0.230769
0.2,16384,4,license_plate_bahnschrift.ttf,VJNKYFDZICRAQLPMWHGESOUXBT,11,15,0,0.17,7.155418,0.919759,1.349142,VJSOALTSU,0.769231,0.230769
0.2,16384,4,license_plate_bahnschrift.ttf,VJNKYFDZICRAQLPMWHGESOUXBT,11,15,1,0.17,7.155418,0.919759,1.349142,VJESOOALIATICSU,0.769231,0.230769
0.3,16384,4,license_plate_bahnschrift.ttf,VJNKYFDZICRAQLPMWHGESOUXBT,11,15,0,0.255,8.763561,0.881116,1.10157,VJMSTOOEAOLIATISCSOUS,0.730769,0.269231
0.3,16384,4,license_plate_bahnschrift.ttf,VJNKYFDZICRAQLPMWHGESOUXBT,11,15,1,0.255,8.763561,0.881116,1.10157,VJMSTOOEAOLIPATSCSU,0.769231,0.230769
0.4,16384,4,license_plate_bahnschrift.ttf,VJNKYFDZICRAQLPMWHGESOUXBT,11,15,0,0.34,10.119289,0.843436,0.953987,VIMSTOORRAOLPAATOCSOUCS,0.692308,0.307692
0.4,16384,4,license_plate_bahnschrift.ttf,VJNKYFDZICRAQLPMWHGESOUXBT,11,15,1,0.34,10.119289,0.843436,0.953987,VIMSTDOBAOLPATOCSOUS,0.692308,0.307692
0.5,16384,4,license_plate_bahnschrift.ttf,VJNKYFDZICRAQLPMWHGESOUXBT,11,15,0,0.425,11.313708,0.8067,0.853272,VIMSTODEAOLPTATOCSOUS,0.692308,0.307692
0.5,16384,4,license_plate_bahnschrift.ttf,VJNKYFDZICRAQLPMWHGESOUXBT,11,15,1,0.425,11.313708,0.8067,0.853272,VIMSTDOEAOLPATOCSOUS,0.692308,0.307692
0.6,16384,4,license_plate_bahnschrift.ttf,VJNKYFDZICRAQLPMWHGESOUXBT,11,15,0,0.51,12.393547,0.770893,0.778927,VIMSTDOBAOLPAANCCSOUS,0.692308,0.307692
0.6,16384,4,license_plate_bahnschrift.ttf,VJNKYFDZICRAQLPMWHGESOUXBT,11,15,1,0.51,12.393547,0.770893,0.778927,VIMSTOOBAOLPAATCOCSOUS,0.769231,0.230769
0.7,16384,4,license_plate_bahnschrift.ttf,VJNKYFDZICRAQLPMWHGESOUXBT,11,15,0,0.595,13.38656,0.735998,0.721147,VIMSTDOEAOLPATANCCSOUET,0.692308,0.307692
0.7,16384,4,license_plate_bahnschrift.ttf,VJNKYFDZICRAQLPMWHGESOUXBT,11,15,1,0.595,13.38656,0.735998,0.721147,VIMASTOOEAOLPATANCCSOUST,0.730769,0.269231
0.8,16384,4,license_plate_bahnschrift.ttf,VJNKYFDZICRAQLPMWHGESOUXBT,11,15,0,0.68,14.310835,0.701998,0.674571,VIMSTDOIBAOLPAANCCSOUCST,0.615385,0.384615
0.8,16384,4,license_plate_bahnschrift.ttf,VJNKYFDZICRAQLPMWHGESOUXBT,11,15,1,0.68,14.310835,0.701998,0.674571,VIMSTDOICEAOLPAANCCSOUST,0.576923,0.423077
0.9,16384,4,license_plate_bahnschrift.ttf,VJNKYFDZICRAQLPMWHGESOUXBT,11,15,0,0.765,15.178933,0.668877,0.635992,VIMAFTODICEAILPATANTCSOUCET,0.653846,0.346154
0.9,16384,4,license_plate_bahnschrift.ttf,VJNKYFDZICRAQLPMWHGESOUXBT,11,15,1,0.765,15.178933,0.668877,0.635992,VIMATTODICEAILPATANTCSOUET,0.653846,0.346154
1.0,16384,4,license_plate_bahnschrift.ttf,VJNKYFDZICRAQLPMWHGESOUXBT,11,15,0,0.85,16.0,0.63662,0.603355,VIMESTICICRAGLPYTANCCSOUCET,0.615385,0.384615
1.0,16384,4,license_plate_bahnschrift.ttf,VJNKYFDZICRAQLPMWHGESOUXBT,11,15,1,0.85,16.0,0.63662,0.603355,VIMEETICIRAILPTANCCSOUCET,0.615385,0.384615
0.1,16384,4,license_plate_bahnschrift.ttf,VJNKYFDZICRAQLPMWHGESOUXBT,15,0,0,0.085,5.059644,0.959381,1.907975,VSMAYTOOIRACLPMASGOSMT,0.576923,0.423077
0.1,16384,4,license_plate_bahnschrift.ttf,VJNKYFDZICRAQLPMWHGESOUXBT,15,0,1,0.085,5.059644,0.959381,1.907975,VSMAYTOOIRACLEMASGOSMUEOT,0.576923,0.423077
0.2,16384,4,license_plate_bahnschrift.ttf,VJNKYFDZICRAQLPMWHGESOUXBT,15,0,0,0.17,7.155418,0.919759,1.349142,VSMAYTOOIIRACLENASGOSMUEDT,0.615385,0.384615
0.2,16384,4,license_plate_bahnschrift.ttf,VJNKYFDZICRAQLPMWHGESOUXBT,15,0,1,0.17,7.155418,0.919759,1.349142,VIMANTOCIIRACLENASGOSDUEDT,0.653846,0.346154
0.3,16384,4,license_plate_bahnschrift.ttf,VJNKYFDZICRAQLPMWHGESOUXBT,15,0,0,0.255,8.763561,0.881116,1.10157,VIMAYTOOIIPACLENANGOSOLEDT,0.653846,0.346154
0.3,16384,4,license_plate_bahnschrift.ttf,VJNKYFDZICRAQLPMWHGESOUXBT,15,0,1,0.255,8.763561,0.881116,1.10157,VIMAYTOORACLENANGOSOLEDT,0.653846,0.346154
0.4,16384,4,license_plate_bahnschrift.ttf,VJNKYFDZICRAQLPMWHGESOUXBT,15,0,0,0.34,10.119289,0.843436,0.953987,VINAYTOOOIRASLENANGOCOUEDT,0.615385,0.384615
0.4,16384,4,license_plate_bahnschrift.ttf,VJNKYFDZICRAQLPMWHGESOUXBT,15,0,1,0.34,10.119289,0.843436,0.953987,VINAYTOOIRASLENAGOCOUEDT,0.576923,0.423077
0.5,16384,4,license_plate_bahnschrift.ttf,VJNKYFDZICRAQLPMWHGESOUXBT,15,0,0,0.425,11.313708,0.8067,0.853272,VIMAYTOODSRASLENANCOSOLEDT,0.692308,0.307692
0.5,16384,4,license_plate_bahnschrift.ttf,VJNKYFDZICRAQLPMWHGESOUXBT,15,0,1,0.425,11.313708,0.8067,0.853272,VIMAYTOQDRASLPNANCOSOLLEDT,0.692308,0.307692
0.6,16384,4,license_plate_bahnschrift.ttf,VJNKYFDZICRAQLPMWHGESOUXBT,15,0,0,0.51,12.393547,0.770893,0.778927,VINAYTOODCRASLPNGCSOLEDT,0.538462,0.461538
0.6,16384,4,license_plate_bahnschrift.ttf,VJNKYFDZICRAQLPMWHGESOUXBT,15,0,1,0.51,12.393547,0.770893,0.778927,VIMAYTOODCRASLPNAGCSOLEDT,0.576923,0.423077
0.7,16384,4,license_plate_bahnschrift.ttf,VJNKYFDZICRAQLPMWHGESOUXBT,15,0,0,0.595,13.38656,0.735998,0.721147,VINEYTOODCRASLPNMGCSOUEDT,0.5,0.5
0.7,16384,4,license_plate_bahnschrift.ttf,VJNKYFDZICRAQLPMWHGESOUXBT,15,0,1,0.595,13.38656,0.735998,0.721147,VIMEYTOODSRASLPMCCSOLIEDT,0.653846,0.346154
0.8,16384,4,license_plate_bahnschrift.ttf,VJNKYFDZICRAQLPMWHGESOUXBT,15,0,0,0.68,14.310835,0.701998,0.674571,VINEYTOODCRASLPMMIGESOUEDT,0.423077,0.576923
0.8,16384,4,license_plate_bahnschrift.ttf,VJNKYFDZICRAQLPMWHGESOUXBT,15,0,1,0.68,14.310835,0.701998,0.674571,VINAYTODDCRASLEMMGESOLEDT,0.5,0.5
0.9,16384,4,license_plate_bahnschrift.ttf,VJNKYFDZICRAQLPMWHGESOUXBT,15,0,0,0.765,15.178933,0.668877,0.635992,VIMEYTOOCRASLPMWGESOUEDT,0.423077,0.576923
0.9,16384,4,license_plate_bahnschrift.ttf,VJNKYFDZICRAQLPMWHGESOUXBT,15,0,1,0.765,15.178933,0.668877,0.635992,VINEYTODDCRASLPMMGESOLEDT,0.461538,0.538462
1.0,16384,4,license_plate_bahnschrift.ttf,VJNKYFDZICRAQLPMWHGESOUXBT,15,0,0,0.85,16.0,0.63662,0.603355,VINEYTOUDCRASLPMWGESOLIEDT,0.461538,0.538462
1.0,16384,4,license_plate_bahnschrift.ttf,VJNKYFDZICRAQLPMWHGESOUXBT,15,0,1,0.85,16.0,0.63662,0.603355,VINEYTODCRASLPMWGESOUEDT,0.384615,0.615385
0.1,16384,4,license_plate_bahnschrift.ttf,VJNKYFDZICRAQLPMWHGESOUXBT,15,3,0,0.085,5.059644,0.959381,1.907975,SSHSTICIIRSILPMASGOSMEST,0.692308,0.307692
0.1,16384,4,license_plate_bahnschrift.ttf,VJNKYFDZICRAQLPMWHGESOUXBT,15,3,1,0.085,5.059644,0.959381,1.907975,SHYTICIIRSIOLPMASGOSMEDT,0.692308,0.307692
0.2,16384,4,license_plate_bahnschrift.ttf,VJNKYFDZICRAQLPMWHGESOUXBT,15,3,0,0.17,7.155418,0.919759,1.349142,WSHAYTIOCIIRSOLPMANGCSOMSEDT,0.692308,0.307692
0.2,16384,4,license_plate_bahnschrift.ttf,VJNKYFDZICRAQLPMWHGESOUXBT,15,3,1,0.17,7.155418,0.919759,1.349142,WHAYFICIIRSILPMANGSSOMIEDT,0.615385,0.384615
0.3,16384,4,license_plate_bahnschrift.ttf,VJNKYFDZICRAQLPMWHGESOUXBT,15,3,0,0.255,8.763561,0.881116,1.10157,VIMAYTIOIIRVOLPMASGSDALEDT,0.653846,0.346154
0.3,16384,4,license_plate_bahnschrift.ttf,VJNKYFDZICRAQLPMWHGESOUXBT,15,3,1,0.255,8.763561,0.881116,1.10157,VIMAYFIOIIRVOLPMANGOSDALEDT,0.615385,0.384615
0.4,16384,4,license_plate_bahnschrift.ttf,VJNKYFDZICRAQLPMWHGESOUXBT,15,3,0,0.34,10.119289,0.843436,0.953987,VIMAYFIOIIRNOLPMANGSSOALEDIT,0.615385,0.384615
0.4,16384,4,license_plate_bahnschrift.ttf,VJNKYFDZICRAQLPMWHGESOUXBT,15,3,1,0.34,10.119289,0.843436,0.953987,VIMAVFIOIIRNOLPNANGSORLEDT,0.653846,0.346154
0.5,16384,4,license_plate_bahnschrift.ttf,VJNKYFDZICRAQLPMWHGESOUXBT,15,3,0,0.425,11.313708,0.8067,0.853272,VIMAYFIODSRAWVOLPNMANGSOMLEDIT,0.730769,0.269231
0.5,16384,4,license_plate_bahnschrift.ttf,VJNKYFDZICRAQLPMWHGESOUXBT,15,3,1,0.425,11.313708,0.8067,0.853272,VIMAYFIOISRWVOLPNANGSOALEDT,0.653846,0.346154
0.6,16384,4,license_plate_bahnschrift.ttf,VJNKYFDZICRAQLPMWHGESOUXBT,15,3,0,0.51,12.393547,0.770893,0.778927,VIMAYPDOICRAOLPNASSORLEDT,0.576923,0.423077
0.6,16384,4,license_plate_bahnschrift.ttf,VJNKYFDZICRAQLPMWHGESOUXBT,15,3,1,0.51,12.393547,0.770893,0.778927,VIMAYFIOICRAOLPNASORLEDT,0.576923,0.423077
0.7,16384,4,license_plate_bahnschrift.ttf,VJNKYFDZICRAQLPMWHGESOUXBT,15,3,0,0.595,13.38656,0.735998,0.721147,VIMAYPOODSRAWOLPNAGSOLLEDT,0.692308,0.307692
0.7,16384,4,license_plate_bahnschrift.ttf,VJNKYFDZICRAQLPMWHGESOUXBT,15,3,1,0.595,13.38656,0.735998,0.721147,VIMAYPOODSRAWOLPNAGSOLLEDT,0.692308,0.307692
0.8,16384,4,license_plate_bahnschrift.ttf,VJNKYFDZICRAQLPMWHGESOUXBT,15,3,0,0.68,14.310835,0.701998,0.674571,VIMEYPOOICRASLPNAESOLLEDT,0.576923,0.423077
0.8,16384,4,license_plate_bahnschrift.ttf,VJNKYFDZICRAQLPMWHGESOUXBT,15,3,1,0.68,14.310835,0.701998,0.674571,VIMEYFOODCRASLPNAGESOLLEDT,0.538462,0.461538
0.9,16384,4,license_plate_bahnschrift.ttf,VJNKYFDZICRAQLPMWHGESOUXBT,15,3,0,0.765,15.178933,0.668877,0.635992,VIMEYFOODCRASLPMAWHGESOLEDT,0.423077,0.576923
0.9,16384,4,license_plate_bahnschrift.ttf,VJNKYFDZICRAQLPMWHGESOUXBT,15,3,1,0.765,15.178933,0.668877,0.635992,VINEYFOODCRASLPMWHGESOLEDT,0.346154,0.653846
1.0,16384,4,license_plate_bahnschrift.ttf,VJNKYFDZICRAQLPMWHGESOUXBT,15,3,0,0.85,16.0,0.63662,0.603355,VINEYFOODCRASLPMWHGESOUERT,0.307692,0.692308
1.0,16384,4,license_plate_bahnschrift.ttf,VJNKYFDZICRAQLPMWHGESOUXBT,15,3,1,0.85,16.0,0.63662,0.603355,VINEYFOODCRASLPMWHGESOUERT,0.307692,0.692308
0.1,16384,4,license_plate_bahnschrift.ttf,VJNKYFDZICRAQLPMWHGESOUXBT,15,7,0,0.085,5.059644,0.959381,1.907975,SOHASFICLPSLLPMASECRT,0.730769,0.269231
0.1,16384,4,license_plate_bahnschrift.ttf,VJNKYFDZICRAQLPMWHGESOUXBT,15,7,1,0.085,5.059644,0.959381,1.907975,SHASFICLPSLLPMASRMCRT,0.730769,0.269231
0.2,16384,4,license_plate_bahnschrift.ttf,VJNKYFDZICRAQLPMWHGESOUXBT,15,7,0,0.17,7.155418,0.919759,1.349142,SUMASPICLSBSPMAMBCRT,0.807692,0.192308
0.2,16384,4,license_plate_bahnschrift.ttf,VJNKYFDZICRAQLPMWHGESOUXBT,15,7,1,0.17,7.155418,0.919759,1.349142,SUMSPICTPSPMAMSCRT,0.769231,0.230769
0.3,16384,4,license_plate_bahnschrift.ttf,VJNKYFDZICRAQLPMWHGESOUXBT,15,7,0,0.255,8.763561,0.881116,1.10157,WIMSPICTRSPMARSSCRT,0.769231,0.230769
0.3,16384,4,license_plate_bahnschrift.ttf,VJNKYFDZICRAQLPMWHGESOUXBT,15,7,1,0.255,8.763561,0.881116,1.10157,SIMANPICTRSPMAMRSCRT,0.769231,0.230769
0.4,16384,4,license_plate_bahnschrift.ttf,VJNKYFDZICRAQLPMWHGESOUXBT,15,7,0,0.34,10.119289,0.843436,0.953987,VIMVFICICRSPMASPHRT,0.653846,0.346154
0.4,16384,4,license_plate_bahnschrift.ttf,VJNKYFDZICRAQLPMWHGESOUXBT,15,7,1,0.34,10.119289,0.843436,0.953987,VIMVPICIORSPNARSSCRT,0.769231,0.230769
0.5,16384,4,license_plate_bahnschrift.ttf,VJNKYFDZICRAQLPMWHGESOUXBT,15,7,0,0.425,11.313708,0.8067,0.853272,VINVFICICRSPMARSLRT,0.615385,0.384615
0.5,16384,4,license_plate_bahnschrift.ttf,VJNKYFDZICRAQLPMWHGESOUXBT,15,7,1,0.425,11.313708,0.8067,0.853272,VIMAVFICICRYPMARSIECRT,0.653846,0.346154
0.6,16384,4,license_plate_bahnschrift.ttf,VJNKYFDZICRAQLPMWHGESOUXBT,15,7,0,0.51,12.393547,0.770893,0.778927,VIMFICICRSOPNASCRT,0.692308,0.307692
0.6,16384,4,license_plate_bahnschrift.ttf,VJNKYFDZICRAQLPMWHGESOUXBT,15,7,1,0.51,12.393547,0.770893,0.778927,VINYFDOICRSOPMASRT,0.538462,0.461538
0.7,16384,4,license_plate_bahnschrift.ttf,VJNKYFDZICRAQLPMWHGESOUXBT,15,7,0,0.595,13.38656,0.735998,0.721147,VINAVFIOICRSCPMARSOUIERT,0.576923,0.423077
0.7,16384,4,license_plate_bahnschrift.ttf,VJNKYFDZICRAQLPMWHGESOUXBT,15,7,1,0.595,13.38656,0.735998,0.721147,VINVFIOICRYOPMARSORERT,0.576923,0.423077
0.8,16384,4,license_plate_bahnschrift.ttf,VJNKYFDZICRAQLPMWHGESOUXBT,15,7,0,0.68,14.310835,0.701998,0.674571,VAINVETODCRSOPMWSORERT,0.653846,0.346154
0.8,16384,4,license_plate_bahnschrift.ttf,VJNKYFDZICRAQLPMWHGESOUXBT,15,7,1,0.68,14.310835,0.701998,0.674571,VINGVEIODCRSOPMWSOERT,0.615385,0.384615
0.9,16384,4,license_plate_bahnschrift.ttf,VJNKYFDZICRAQLPMWHGESOUXBT,15,7,0,0.765,15.178933,0.668877,0.635992,VAIMEYFDOICRWSPMSORLERT,0.615385,0.384615
0.9,16384,4,license_plate_bahnschrift.ttf,VJNKYFDZICRAQLPMWHGESOUXBT,15,7,1,0.765,15.178933,0.668877,0.635992,VINGVFDODCRSPMWSORLERT,0.576923,0.423077
1.0,16384,4,license_plate_bahnschrift.ttf,VJNKYFDZICRAQLPMWHGESOUXBT,15,7,0,0.85,16.0,0.63662,0.603355,VINAYEDODCRPMESORERT,0.538462,0.461538
1.0,16384,4,license_plate_bahnschrift.ttf,VJNKYFDZICRAQLPMWHGESOUXBT,15,7,1,0.85,16.0,0.63662,0.603355,VINAYEDODCRPMESORERT,0.538462,0.461538
0.1,16384,4,license_plate_bahnschrift.ttf,VJNKYFDZICRAQLPMWHGESOUXBT,15,11,0,0.085,5.059644,0.959381,1.907975,SIMCYPUDBLA,0.884615,0.115385
0.1,16384,4,license_plate_bahnschrift.ttf,VJNKYFDZICRAQLPMWHGESOUXBT,15,11,1,0.085,5.059644,0.959381,1.907975,SOMCYPUGDBLAS,0.884615,0.115385
0.2,16384,4,license_plate_bahnschrift.ttf,VJNKYFDZICRAQLPMWHGESOUXBT,15,11,0,0.17,7.155418,0.919759,1.349142,SIMPL,0.923077,0.076923
0.2,16384,4,license_plate_bahnschrift.ttf,VJNKYFDZICRAQLPMWHGESOUXBT,15,11,1,0.17,7.155418,0.919759,1.349142,VIMACYPUDMLNA,0.846154,0.153846
0.3,16384,4,license_plate_bahnschrift.ttf,VJNKYFDZICRAQLPMWHGESOUXBT,15,11,0,0.255,8.763561,0.881116,1.10157,VIMY,0.884615,0.115385
0.3,16384,4,license_plate_bahnschrift.ttf,VJNKYFDZICRAQLPMWHGESOUXBT,15,11,1,0.255,8.763561,0.881116,1.10157,VIMAYPUDMLNAS,0.846154,0.153846
0.4,16384,4,license_plate_bahnschrift.ttf,VJNKYFDZICRAQLPMWHGESOUXBT,15,11,0,0.34,10.119289,0.843436,0.953987,VIMAYEUDCMASLNSLE,0.769231,0.230769
0.4,16384,4,license_plate_bahnschrift.ttf,VJNKYFDZICRAQLPMWHGESOUXBT,15,11,1,0.34,10.119289,0.843436,0.953987,VIMAYPULDCMASLINASET,0.730769,0.269231
0.5,16384,4,license_plate_bahnschrift.ttf,VJNKYFDZICRAQLPMWHGESOUXBT,15,11,0,0.425,11.313708,0.8067,0.853272,VINAYELDCMASLMASUT,0.615385,0.384615
0.5,16384,4,license_plate_bahnschrift.ttf,VJNKYFDZICRAQLPMWHGESOUXBT,15,11,1,0.425,11.313708,0.8067,0.853272,VIMAYELDCHAGLNAS,0.769231,0.230769
0.6,16384,4,license_plate_bahnschrift.ttf,VJNKYFDZICRAQLPMWHGESOUXBT,15,11,0,0.51,12.393547,0.770893,0.778927,VINAYPLLOCHAGLIMWESONEET,0.538462,0.461538
0.6,16384,4,license_plate_bahnschrift.ttf,VJNKYFDZICRAQLPMWHGESOUXBT,15,11,1,0.51,12.393547,0.770893,0.778927,VINAYELLOCHAGLMWSOREET,0.576923,0.423077
0.7,16384,4,license_plate_bahnschrift.ttf,VJNKYFDZICRAQLPMWHGESOUXBT,15,11,0,0.595,13.38656,0.735998,0.721147,VINGYELEICHASLEMWSORCET,0.538462,0.461538
0.7,16384,4,license_plate_bahnschrift.ttf,VJNKYFDZICRAQLPMWHGESOUXBT,15,11,1,0.595,13.38656,0.735998,0.721147,VINEYELEICHASLEMWSOREET,0.538462,0.461538
0.8,16384,4,license_plate_bahnschrift.ttf,VJNKYFDZICRAQLPMWHGESOUXBT,15,11,0,0.68,14.310835,0.701998,0.674571,VINEYECLOCHASLEMWSOREET,0.576923,0.423077
0.8,16384,4,license_plate_bahnschrift.ttf,VJNKYFDZICRAQLPMWHGESOUXBT,15,11,1,0.68,14.310835,0.701998,0.674571,VINEYECROCHASLEMWSOUEET,0.538462,0.461538
0.9,16384,4,license_plate_bahnschrift.ttf,VJNKYFDZICRAQLPMWHGESOUXBT,15,11,0,0.765,15.178933,0.668877,0.635992,VIWEYEDOCRASLPMWRESOUCET,0.423077,0.576923
0.9,16384,4,license_plate_bahnschrift.ttf,VJNKYFDZICRAQLPMWHGESOUXBT,15,11,1,0.765,15.178933,0.668877,0.635992,VIWEYEDOCRASLPMWHRESOUEET,0.384615,0.615385
1.0,16384,4,license_plate_bahnschrift.ttf,VJNKYFDZICRAQLPMWHGESOUXBT,15,11,0,0.85,16.0,0.63662,0.603355,VINEYEKOCRAGLPMWESOUEBT,0.384615,0.615385
1.0,16384,4,license_plate_bahnschrift.ttf,VJNKYFDZICRAQLPMWHGESOUXBT,15,11,1,0.85,16.0,0.63662,0.603355,VIWEYEDLOCHAGLPMWHEESOUEBT,0.384615,0.615385
0.1,16384,4,license_plate_bahnschrift.ttf,VJNKYFDZICRAQLPMWHGESOUXBT,15,15,0,0.085,5.059644,0.959381,1.907975,VSMATOSOIRACLMASGOSMT,0.653846,0.346154
0.1,16384,4,license_plate_bahnschrift.ttf,VJNKYFDZICRAQLPMWHGESOUXBT,15,15,1,0.085,5.059644,0.959381,1.907975,SAMATOOIRACLNASGOSST,0.730769,0.269231
0.2,16384,4,license_plate_bahnschrift.ttf,VJNKYFDZICRAQLPMWHGESOUXBT,15,15,0,0.17,7.155418,0.919759,1.349142,VIMAYTOOIRACLENANGOSOUCDT,0.576923,0.423077
0.2,16384,4,license_plate_bahnschrift.ttf,VJNKYFDZICRAQLPMWHGESOUXBT,15,15,1,0.17,7.155418,0.919759,1.349142,VIMATOOIRACLIYNATGOSMUSST,0.692308,0.307692
0.3,16384,4,license_plate_bahnschrift.ttf,VJNKYFDZICRAQLPMWHGESOUXBT,15,15,0,0.255,8.763561,0.881116,1.10157,VIMAYTOODIPACLENAYGOSOLEDST,0.730769,0.269231
0.3,16384,4,license_plate_bahnschrift.ttf,VJNKYFDZICRAQLPMWHGESOUXBT,15,15,1,0.255,8.763561,0.881116,1.10157,VIMAYTOODSRACLENATGOSOLEDT,0.653846,0.346154
0.4,16384,4,license_plate_bahnschrift.ttf,VJNKYFDZICRAQLPMWHGESOUXBT,15,15,0,0.34,10.119289,0.843436,0.953987,VIMAYTOOSRASLENATGOOOLLEDT,0.730769,0.269231
0.4,16384,4,license_plate_bahnschrift.ttf,VJNKYFDZICRAQLPMWHGESOUXBT,15,15,1,0.34,10.119289,0.843436,0.953987,VIMAYTOOOCRASLENAYGOSOLEDT,0.615385,0.384615
0.5,16384,4,license_plate_bahnschrift.ttf,VJNKYFDZICRAQLPMWHGESOUXBT,15,15,0,0.425,11.313708,0.8067,0.853272,VINAYTOODCRASLENATCOOOLEDST,0.692308,0.307692
0.5,16384,4,license_plate_bahnschrift.ttf,VJNKYFDZICRAQLPMWHGESOUXBT,15,15,1,0.425,11.313708,0.8067,0.853272,VIMAYTOODSRASLENATCOSOLEST,0.692308,0.307692
0.6,16384,4,license_plate_bahnschrift.ttf,VJNKYFDZICRAQLPMWHGESOUXBT,15,15,0,0.51,12.393547,0.770893,0.778927,VINAYTOOOCRASLENAGCSOLEDT,0.576923,0.423077
0.6,16384,4,license_plate_bahnschrift.ttf,VJNKYFDZICRAQLPMWHGESOUXBT,15,15,1,0.51,12.393547,0.770893,0.778927,VINAYTOOCRASLENAGCSOLEDT,0.576923,0.423077
0.7,16384,4,license_plate_bahnschrift.ttf,VJNKYFDZICRAQLPMWHGESOUXBT,15,15,0,0.595,13.38656,0.735998,0.721147,VIMAYTOODCRASLEMANCCSOLEDST,0.653846,0.346154
0.7,16384,4,license_plate_bahnschrift.ttf,VJNKYFDZICRAQLPMWHGESOUXBT,15,15,1,0.595,13.38656,0.735998,0.721147,VINEYTODDCRASLEMACCSOLIEDT,0.615385,0.384615
0.8,16384,4,license_plate_bahnschrift.ttf,VJNKYFDZICRAQLPMWHGESOUXBT,15,15,0,0.68,14.310835,0.701998,0.674571,VINEYTODCRASLIMAGESOUEDT,0.461538,0.538462
0.8,16384,4,license_plate_bahnschrift.ttf,VJNKYFDZICRAQLPMWHGESOUXBT,15,15,1,0.68,14.310835,0.701998,0.674571,VINEYTOOCRASLEMMIGESOLEDT,0.5,0.5
0.9,16384,4,license_plate_bahnschrift.ttf,VJNKYFDZICRAQLPMWHGESOUXBT,15,15,0,0.765,15.178933,0.668877,0.635992,VINEYTODCRASLEPMMNIGESOUEDT,0.5,0.5
0.9,16384,4,license_plate_bahnschrift.ttf,VJNKYFDZICRAQLPMWHGESOUXBT,15,15,1,0.765,15.178933,0.668877,0.635992,VINEYTODCRASLPMWNIGESOUEDT,0.423077,0.576923
1.0,16384,4,license_plate_bahnschrift.ttf,VJNKYFDZICRAQLPMWHGESOUXBT,15,15,0,0.85,16.0,0.63662,0.603355,VINEYTODCRASLPMWGESOLUEDT,0.423077,0.576923
1.0,16384,4,license_plate_bahnschrift.ttf,VJNKYFDZICRAQLPMWHGESOUXBT,15,15,1,0.85,16.0,0.63662,0.603355,VINEYTODCRASLEMWGESOLEDT,0.461538,0.538462
