rho,mu_p,char_height_px,font_name,text,phase_x,phase_y,noise_repeat,qe_total,aperture_width_px,mtf_nyquist,aperture_f50_cpp,ocr_text,cer,char_acc,preview_relpath
0.1,4,8,license_plate_bahnschrift.ttf,CBAGJWPD6YXT0RNZL49E3HSU875KFVMQ2,0,0,0,0.085,5.059644,0.959381,1.907975,PEMSELPHNRNCRERELW,0.878788,0.121212,point_previews/task000000_mu000004_rho010_n0.png
0.1,4,8,license_plate_bahnschrift.ttf,CBAGJWPD6YXT0RNZL49E3HSU875KFVMQ2,0,0,1,0.085,5.059644,0.959381,1.907975,,1.0,0.0,point_previews/task000000_mu000004_rho010_n1.png
0.2,4,8,license_plate_bahnschrift.ttf,CBAGJWPD6YXT0RNZL49E3HSU875KFVMQ2,0,0,0,0.17,7.155418,0.919759,1.349142,ENSTRPT,0.939394,0.060606,point_previews/task000000_mu000004_rho020_n0.png
0.2,4,8,license_plate_bahnschrift.ttf,CBAGJWPD6YXT0RNZL49E3HSU875KFVMQ2,0,0,1,0.17,7.155418,0.919759,1.349142,BRENT,0.909091,0.090909,point_previews/task000000_mu000004_rho020_n1.png
0.3,4,8,license_plate_bahnschrift.ttf,CBAGJWPD6YXT0RNZL49E3HSU875KFVMQ2,0,0,0,0.255,8.763561,0.881116,1.10157,SESTRARMHSAE,0.878788,0.121212,point_previews/task000000_mu000004_rho030_n0.png
0.3,4,8,license_plate_bahnschrift.ttf,CBAGJWPD6YXT0RNZL49E3HSU875KFVMQ2,0,0,1,0.255,8.763561,0.881116,1.10157,PEEAPRGRARNTGHSARTRC,0.848485,0.151515,point_previews/task000000_mu000004_rho030_n1.png
0.4,4,8,license_plate_bahnschrift.ttf,CBAGJWPD6YXT0RNZL49E3HSU875KFVMQ2,0,0,0,0.34,10.119289,0.843436,0.953987,,1.0,0.0,point_previews/task000000_mu000004_rho040_n0.png
0.4,4,8,license_plate_bahnschrift.ttf,CBAGJWPD6YXT0RNZL49E3HSU875KFVMQ2,0,0,1,0.34,10.119289,0.843436,0.953987,ERPSEUES,0.909091,0.090909,point_previews/task000000_mu000004_rho040_n1.png
0.5,4,8,license_plate_bahnschrift.ttf,CBAGJWPD6YXT0RNZL49E3HSU875KFVMQ2,0,0,0,0.425,11.313708,0.8067,0.853272,DTNVRSAAGSEBNSRTESRDG,0.878788,0.121212,point_previews/task000000_mu000004_rho050_n0.png
0.5,4,8,license_plate_bahnschrift.ttf,CBAGJWPD6YXT0RNZL49E3HSU875KFVMQ2,0,0,1,0.425,11.313708,0.8067,0.853272,APVWRSRTURCPD,0.878788,0.121212,point_previews/task000000_mu000004_rho050_n1.png
0.6,4,8,license_plate_bahnschrift.ttf,CBAGJWPD6YXT0RNZL49E3HSU875KFVMQ2,0,0,0,0.51,12.393547,0.770893,0.778927,,1.0,0.0,point_previews/task000000_mu000004_rho060_n0.png
0.6,4,8,license_plate_bahnschrift.ttf,CBAGJWPD6YXT0RNZL49E3HSU875KFVMQ2,0,0,1,0.51,12.393547,0.770893,0.778927,SAERAUPS,0.909091,0.090909,point_previews/task000000_mu000004_rho060_n1.png
0.7,4,8,license_plate_bahnschrift.ttf,CBAGJWPD6YXT0RNZL49E3HSU875KFVMQ2,0,0,0,0.595,13.38656,0.735998,0.721147,AREARSRARFEAREATSSAESNTERDE,0.878788,0.121212,point_previews/task000000_mu000004_rho070_n0.png
0.7,4,8,license_plate_bahnschrift.ttf,CBAGJWPD6YXT0RNZL49E3HSU875KFVMQ2,0,0,1,0.595,13.38656,0.735998,0.721147,ABABTPABRRPUENR9ME,0.818182,0.181818,point_previews/task000000_mu000004_rho070_n1.png
0.8,4,8,license_plate_bahnschrift.ttf,CBAGJWPD6YXT0RNZL49E3HSU875KFVMQ2,0,0,0,0.68,14.310835,0.701998,0.674571,SCRARBETSERTERABLTSACTS,0.848485,0.151515,point_previews/task000000_mu000004_rho080_n0.png
0.8,4,8,license_plate_bahnschrift.ttf,CBAGJWPD6YXT0RNZL49E3HSU875KFVMQ2,0,0,1,0.68,14.310835,0.701998,0.674571,,1.0,0.0,point_previews/task000000_mu000004_rho080_n1.png
0.9,4,8,license_plate_bahnschrift.ttf,CBAGJWPD6YXT0RNZL49E3HSU875KFVMQ2,0,0,0,0.765,15.178933,0.668877,0.635992,ESHPALAGWRCRAYSPSAEATSTALGS,0.909091,0.090909,point_previews/task000000_mu000004_rho090_n0.png
0.9,4,8,license_plate_bahnschrift.ttf,CBAGJWPD6YXT0RNZL49E3HSU875KFVMQ2,0,0,1,0.765,15.178933,0.668877,0.635992,QEATWUTTALASER,0.848485,0.151515,point_previews/task000000_mu000004_rho090_n1.png
1.0,4,8,license_plate_bahnschrift.ttf,CBAGJWPD6YXT0RNZL49E3HSU875KFVMQ2,0,0,0,0.85,16.0,0.63662,0.603355,CEADSMEUSUERMERAAREE,0.848485,0.151515,point_previews/task000000_mu000004_rho100_n0.png
1.0,4,8,license_plate_bahnschrift.ttf,CBAGJWPD6YXT0RNZL49E3HSU875KFVMQ2,0,0,1,0.85,16.0,0.63662,0.603355,ESEBEPTURELMARTTSANS2,0.818182,0.181818,point_previews/task000000_mu000004_rho100_n1.png
0.1,6,8,license_plate_bahnschrift.ttf,CBAGJWPD6YXT0RNZL49E3HSU875KFVMQ2,0,0,0,0.085,5.059644,0.959381,1.907975,SRBBET,0.939394,0.060606,point_previews/task000001_mu000006_rho010_n0.png
0.1,6,8,license_plate_bahnschrift.ttf,CBAGJWPD6YXT0RNZL49E3HSU875KFVMQ2,0,0,1,0.085,5.059644,0.959381,1.907975,,1.0,0.0,point_previews/task000001_mu000006_rho010_n1.png
0.2,6,8,license_plate_bahnschrift.ttf,CBAGJWPD6YXT0RNZL49E3HSU875KFVMQ2,0,0,0,0.17,7.155418,0.919759,1.349142,UTRELGHRRYCRECSBG2E,0.878788,0.121212,point_previews/task000001_mu000006_rho020_n0.png
0.2,6,8,license_plate_bahnschrift.ttf,CBAGJWPD6YXT0RNZL49E3HSU875KFVMQ2,0,0,1,0.17,7.155418,0.919759,1.349142,DASEASMTSNAGREE,0.878788,0.121212,point_previews/task000001_mu000006_rho020_n1.png
0.3,6,8,license_plate_bahnschrift.ttf,CBAGJWPD6YXT0RNZL49E3HSU875KFVMQ2,0,0,0,0.255,8.763561,0.881116,1.10157,BRREAANADW,0.909091,0.090909,point_previews/task000001_mu000006_rho030_n0.png
0.3,6,8,license_plate_bahnschrift.ttf,CBAGJWPD6YXT0RNZL49E3HSU875KFVMQ2,0,0,1,0.255,8.763561,0.881116,1.10157,SPERCPDUNEERNTCUGPARCTAEA,0.848485,0.151515,point_previews/task000001_mu000006_rho030_n1.png
0.4,6,8,license_plate_bahnschrift.ttf,CBAGJWPD6YXT0RNZL49E3HSU875KFVMQ2,0,0,0,0.34,10.119289,0.843436,0.953987,SEATETARHCTYCSRUC,0.878788,0.121212,point_previews/task000001_mu000006_rho040_n0.png
0.4,6,8,license_plate_bahnschrift.ttf,CBAGJWPD6YXT0RNZL49E3HSU875KFVMQ2,0,0,1,0.34,10.119289,0.843436,0.953987,PNSUETRRCARGNTSCFSE,0.848485,0.151515,point_previews/task000001_mu000006_rho040_n1.png
0.5,6,8,license_plate_bahnschrift.ttf,CBAGJWPD6YXT0RNZL49E3HSU875KFVMQ2,0,0,0,0.425,11.313708,0.8067,0.853272,UEEESMETRASETSSF7SSLPSREYETG,0.909091,0.090909,point_previews/task000001_mu000006_rho050_n0.png
0.5,6,8,license_plate_bahnschrift.ttf,CBAGJWPD6YXT0RNZL49E3HSU875KFVMQ2,0,0,1,0.425,11.313708,0.8067,0.853272,ERTTSRTGPRASENSRH,0.909091,0.090909,point_previews/task000001_mu000006_rho050_n1.png
0.6,6,8,license_plate_bahnschrift.ttf,CBAGJWPD6YXT0RNZL49E3HSU875KFVMQ2,0,0,0,0.51,12.393547,0.770893,0.778927,SUERSAVEERR4CRNBS7USAPRERUMD2,0.848485,0.151515,point_previews/task000001_mu000006_rho060_n0.png
0.6,6,8,license_plate_bahnschrift.ttf,CBAGJWPD6YXT0RNZL49E3HSU875KFVMQ2,0,0,1,0.51,12.393547,0.770893,0.778927,CERGTRNNRTERAZPERLVMS,0.757576,0.242424,point_previews/task000001_mu000006_rho060_n1.png
0.7,6,8,license_plate_bahnschrift.ttf,CBAGJWPD6YXT0RNZL49E3HSU875KFVMQ2,0,0,0,0.595,13.38656,0.735998,0.721147,PSPCTVARSFETUNMEEGMGHSWRTSEE,0.878788,0.121212,point_previews/task000001_mu000006_rho070_n0.png
0.7,6,8,license_plate_bahnschrift.ttf,CBAGJWPD6YXT0RNZL49E3HSU875KFVMQ2,0,0,1,0.595,13.38656,0.735998,0.721147,TBSGDRCRRVATARETEASSESTBRESARD,0.818182,0.181818,point_previews/task000001_mu000006_rho070_n1.png
0.8,6,8,license_plate_bahnschrift.ttf,CBAGJWPD6YXT0RNZL49E3HSU875KFVMQ2,0,0,0,0.68,14.310835,0.701998,0.674571,CUSEWRULYSFRETEGASREUY,0.818182,0.181818,point_previews/task000001_mu000006_rho080_n0.png
0.8,6,8,license_plate_bahnschrift.ttf,CBAGJWPD6YXT0RNZL49E3HSU875KFVMQ2,0,0,1,0.68,14.310835,0.701998,0.674571,WEREUASTDRCCLAPSHLATS,0.878788,0.121212,point_previews/task000001_mu000006_rho080_n1.png
0.9,6,8,license_plate_bahnschrift.ttf,CBAGJWPD6YXT0RNZL49E3HSU875KFVMQ2,0,0,0,0.765,15.178933,0.668877,0.635992,CRARTVEDRRTNENTSHAUSTSREENTS,0.787879,0.212121,point_previews/task000001_mu000006_rho090_n0.png
0.9,6,8,license_plate_bahnschrift.ttf,CBAGJWPD6YXT0RNZL49E3HSU875KFVMQ2,0,0,1,0.765,15.178933,0.668877,0.635992,LRABTMRPLTNHARALCAURPMEESS,0.878788,0.121212,point_previews/task000001_mu000006_rho090_n1.png
1.0,6,8,license_plate_bahnschrift.ttf,CBAGJWPD6YXT0RNZL49E3HSU875KFVMQ2,0,0,0,0.85,16.0,0.63662,0.603355,,1.0,0.0,point_previews/task000001_mu000006_rho100_n0.png
1.0,6,8,license_plate_bahnschrift.ttf,CBAGJWPD6YXT0RNZL49E3HSU875KFVMQ2,0,0,1,0.85,16.0,0.63662,0.603355,CRRGUWPDAYSTERNEYS08SSERTGHWRAS,0.69697,0.30303,point_previews/task000001_mu000006_rho100_n1.png
0.1,8,8,license_plate_bahnschrift.ttf,CBAGJWPD6YXT0RNZL49E3HSU875KFVMQ2,0,0,0,0.085,5.059644,0.959381,1.907975,,1.0,0.0,point_previews/task000002_mu000008_rho010_n0.png
0.1,8,8,license_plate_bahnschrift.ttf,CBAGJWPD6YXT0RNZL49E3HSU875KFVMQ2,0,0,1,0.085,5.059644,0.959381,1.907975,DTARCWNYZCE,0.848485,0.151515,point_previews/task000002_mu000008_rho010_n1.png
0.2,8,8,license_plate_bahnschrift.ttf,CBAGJWPD6YXT0RNZL49E3HSU875KFVMQ2,0,0,0,0.17,7.155418,0.919759,1.349142,LURYHETNUPARAABT,0.909091,0.090909,point_previews/task000002_mu000008_rho020_n0.png
0.2,8,8,license_plate_bahnschrift.ttf,CBAGJWPD6YXT0RNZL49E3HSU875KFVMQ2,0,0,1,0.17,7.155418,0.919759,1.349142,RGNBERAREEES,0.878788,0.121212,point_previews/task000002_mu000008_rho020_n1.png
0.3,8,8,license_plate_bahnschrift.ttf,CBAGJWPD6YXT0RNZL49E3HSU875KFVMQ2,0,0,0,0.255,8.763561,0.881116,1.10157,SGPRUSPAEPUTSANGNGRSBS,0.878788,0.121212,point_previews/task000002_mu000008_rho030_n0.png
0.3,8,8,license_plate_bahnschrift.ttf,CBAGJWPD6YXT0RNZL49E3HSU875KFVMQ2,0,0,1,0.255,8.763561,0.881116,1.10157,,1.0,0.0,point_previews/task000002_mu000008_rho030_n1.png
0.4,8,8,license_plate_bahnschrift.ttf,CBAGJWPD6YXT0RNZL49E3HSU875KFVMQ2,0,0,0,0.34,10.119289,0.843436,0.953987,FSBACUNECADAERLSEEEEGRAP,0.878788,0.121212,point_previews/task000002_mu000008_rho040_n0.png
0.4,8,8,license_plate_bahnschrift.ttf,CBAGJWPD6YXT0RNZL49E3HSU875KFVMQ2,0,0,1,0.34,10.119289,0.843436,0.953987,PESGNNSETEZAGW,0.909091,0.090909,point_previews/task000002_mu000008_rho040_n1.png
0.5,8,8,license_plate_bahnschrift.ttf,CBAGJWPD6YXT0RNZL49E3HSU875KFVMQ2,0,0,0,0.425,11.313708,0.8067,0.853272,SSELEAGDDTREEDEDD5REAAELB,0.878788,0.121212,point_previews/task000002_mu000008_rho050_n0.png
0.5,8,8,license_plate_bahnschrift.ttf,CBAGJWPD6YXT0RNZL49E3HSU875KFVMQ2,0,0,1,0.425,11.313708,0.8067,0.853272,BBASTEDEMKTRDACEPPSSRTAETS,0.787879,0.212121,point_previews/task000002_mu000008_rho050_n1.png
0.6,8,8,license_plate_bahnschrift.ttf,CBAGJWPD6YXT0RNZL49E3HSU875KFVMQ2,0,0,0,0.51,12.393547,0.770893,0.778927,,1.0,0.0,point_previews/task000002_mu000008_rho060_n0.png
0.6,8,8,license_plate_bahnschrift.ttf,CBAGJWPD6YXT0RNZL49E3HSU875KFVMQ2,0,0,1,0.51,12.393547,0.770893,0.778927,TSAGTAUBYRTCRNAASSRSREL,0.787879,0.212121,point_previews/task000002_mu000008_rho060_n1.png
0.7,8,8,license_plate_bahnschrift.ttf,CBAGJWPD6YXT0RNZL49E3HSU875KFVMQ2,0,0,0,0.595,13.38656,0.735998,0.721147,CRERAYPDAYSFURBRYADESMUSTDREA,0.787879,0.212121,point_previews/task000002_mu000008_rho070_n0.png
0.7,8,8,license_plate_bahnschrift.ttf,CBAGJWPD6YXT0RNZL49E3HSU875KFVMQ2,0,0,1,0.595,13.38656,0.735998,0.721147,,1.0,0.0,point_previews/task000002_mu000008_rho070_n1.png
0.8,8,8,license_plate_bahnschrift.ttf,CBAGJWPD6YXT0RNZL49E3HSU875KFVMQ2,0,0,0,0.68,14.310835,0.701998,0.674571,EENGTWEVEYRTERNASEANSESTREG,0.757576,0.242424,point_previews/task000002_mu000008_rho080_n0.png
0.8,8,8,license_plate_bahnschrift.ttf,CBAGJWPD6YXT0RNZL49E3HSU875KFVMQ2,0,0,1,0.68,14.310835,0.701998,0.674571,CBEBUAPRGERTARNZLG0ETUSEATGREUGS,0.69697,0.30303,point_previews/task000002_mu000008_rho080_n1.png
0.9,8,8,license_plate_bahnschrift.ttf,CBAGJWPD6YXT0RNZL49E3HSU875KFVMQ2,0,0,0,0.765,15.178933,0.668877,0.635992,CRABEAPUANTTURNELASEASUSTEREVMDE,0.636364,0.363636,point_previews/task000002_mu000008_rho090_n0.png
0.9,8,8,license_plate_bahnschrift.ttf,CBAGJWPD6YXT0RNZL49E3HSU875KFVMQ2,0,0,1,0.765,15.178933,0.668877,0.635992,CRAGWPDLTXTURGZLGSEANSUBLGKEYHG,0.545455,0.454545,point_previews/task000002_mu000008_rho090_n1.png
1.0,8,8,license_plate_bahnschrift.ttf,CBAGJWPD6YXT0RNZL49E3HSU875KFVMQ2,0,0,0,0.85,16.0,0.63662,0.603355,CRATPNEDSYATRGZEQESASUBTSREVHED,0.666667,0.333333,point_previews/task000002_mu000008_rho100_n0.png
1.0,8,8,license_plate_bahnschrift.ttf,CBAGJWPD6YXT0RNZL49E3HSU875KFVMQ2,0,0,1,0.85,16.0,0.63662,0.603355,CRAGJWPDAYSTURNZELESSHETSEEVMG2,0.484848,0.515152,point_previews/task000002_mu000008_rho100_n1.png
0.1,11,8,license_plate_bahnschrift.ttf,CBAGJWPD6YXT0RNZL49E3HSU875KFVMQ2,0,0,0,0.085,5.059644,0.959381,1.907975,NPLRATCASRT,0.909091,0.090909,point_previews/task000003_mu000011_rho010_n0.png
0.1,11,8,license_plate_bahnschrift.ttf,CBAGJWPD6YXT0RNZL49E3HSU875KFVMQ2,0,0,1,0.085,5.059644,0.959381,1.907975,BNGSPUE,0.878788,0.121212,point_previews/task000003_mu000011_rho010_n1.png
0.2,11,8,license_plate_bahnschrift.ttf,CBAGJWPD6YXT0RNZL49E3HSU875KFVMQ2,0,0,0,0.17,7.155418,0.919759,1.349142,RURSTHCRSREBEYA,0.939394,0.060606,point_previews/task000003_mu000011_rho020_n0.png
0.2,11,8,license_plate_bahnschrift.ttf,CBAGJWPD6YXT0RNZL49E3HSU875KFVMQ2,0,0,1,0.17,7.155418,0.919759,1.349142,,1.0,0.0,point_previews/task000003_mu000011_rho020_n1.png
0.3,11,8,license_plate_bahnschrift.ttf,CBAGJWPD6YXT0RNZL49E3HSU875KFVMQ2,0,0,0,0.255,8.763561,0.881116,1.10157,CEASLEPDENRTNRRUSGAN,0.787879,0.212121,point_previews/task000003_mu000011_rho030_n0.png
0.3,11,8,license_plate_bahnschrift.ttf,CBAGJWPD6YXT0RNZL49E3HSU875KFVMQ2,0,0,1,0.255,8.763561,0.881116,1.10157,CEPLAPUNSCBECUSRARCRLEY,0.848485,0.151515,point_previews/task000003_mu000011_rho030_n1.png
0.4,11,8,license_plate_bahnschrift.ttf,CBAGJWPD6YXT0RNZL49E3HSU875KFVMQ2,0,0,0,0.34,10.119289,0.843436,0.953987,TERGURTBVATTSWRTCRBURGCRRATSD,0.909091,0.090909,point_previews/task000003_mu000011_rho040_n0.png
0.4,11,8,license_plate_bahnschrift.ttf,CBAGJWPD6YXT0RNZL49E3HSU875KFVMQ2,0,0,1,0.34,10.119289,0.843436,0.953987,CSKELPRETRTPLSHSRTAMS,0.757576,0.242424,point_previews/task000003_mu000011_rho040_n1.png
0.5,11,8,license_plate_bahnschrift.ttf,CBAGJWPD6YXT0RNZL49E3HSU875KFVMQ2,0,0,0,0.425,11.313708,0.8067,0.853272,TBSCTNSGAYRTURZEHPESHSHSTSREVNG2,0.69697,0.30303,point_previews/task000003_mu000011_rho050_n0.png
0.5,11,8,license_plate_bahnschrift.ttf,CBAGJWPD6YXT0RNZL49E3HSU875KFVMQ2,0,0,1,0.425,11.313708,0.8067,0.853272,CRABHAPLEYCLASERAPESHSGETEKEVM2,0.666667,0.333333,point_previews/task000003_mu000011_rho050_n1.png
0.6,11,8,license_plate_bahnschrift.ttf,CBAGJWPD6YXT0RNZL49E3HSU875KFVMQ2,0,0,0,0.51,12.393547,0.770893,0.778927,CBEGAWERSYRTURNZEATESHSUSSKRVMGZ,0.515152,0.484848,point_previews/task000003_mu000011_rho060_n0.png
0.6,11,8,license_plate_bahnschrift.ttf,CBAGJWPD6YXT0RNZL49E3HSU875KFVMQ2,0,0,1,0.51,12.393547,0.770893,0.778927,CBAGWNESD6P2TURNALRFESUSRSTSKEVGS,0.606061,0.393939,point_previews/task000003_mu000011_rho060_n1.png
0.7,11,8,license_plate_bahnschrift.ttf,CBAGJWPD6YXT0RNZL49E3HSU875KFVMQ2,0,0,0,0.595,13.38656,0.735998,0.721147,CRAGTWPLEYRTGRNZLSPESUSURTBUEVMG2,0.484848,0.515152,point_previews/task000003_mu000011_rho070_n0.png
0.7,11,8,license_plate_bahnschrift.ttf,CBAGJWPD6YXT0RNZL49E3HSU875KFVMQ2,0,0,1,0.595,13.38656,0.735998,0.721147,CRAGWEDPXTARNGLFESHSUBTSREVDZ,0.545455,0.454545,point_previews/task000003_mu000011_rho070_n1.png
0.8,11,8,license_plate_bahnschrift.ttf,CBAGJWPD6YXT0RNZL49E3HSU875KFVMQ2,0,0,0,0.68,14.310835,0.701998,0.674571,CSALWPDEYRTRRZELFESHSUSTSMEVMD2,0.515152,0.484848,point_previews/task000003_mu000011_rho080_n0.png
0.8,11,8,license_plate_bahnschrift.ttf,CBAGJWPD6YXT0RNZL49E3HSU875KFVMQ2,0,0,1,0.68,14.310835,0.701998,0.674571,ABAGHVEDEYRTERKZEABESNSUBTEREMMZ,0.636364,0.363636,point_previews/task000003_mu000011_rho080_n1.png
0.9,11,8,license_plate_bahnschrift.ttf,CBAGJWPD6YXT0RNZL49E3HSU875KFVMQ2,0,0,0,0.765,15.178933,0.668877,0.635992,DBAGSWPDEYXTERNZEGPEHSUSPSREVMGD,0.454545,0.545455,point_previews/task000003_mu000011_rho090_n0.png
0.9,11,8,license_plate_bahnschrift.ttf,CBAGJWPD6YXT0RNZL49E3HSU875KFVMQ2,0,0,1,0.765,15.178933,0.668877,0.635992,,1.0,0.0,point_previews/task000003_mu000011_rho090_n1.png
1.0,11,8,license_plate_bahnschrift.ttf,CBAGJWPD6YXT0RNZL49E3HSU875KFVMQ2,0,0,0,0.85,16.0,0.63662,0.603355,LBACTMEDSTXTURNZLATEJHSUBTSKEYMG2,0.515152,0.484848,point_previews/task000003_mu000011_rho100_n0.png
1.0,11,8,license_plate_bahnschrift.ttf,CBAGJWPD6YXT0RNZL49E3HSU875KFVMQ2,0,0,1,0.85,16.0,0.63662,0.603355,CBAGWVEDGYXTERNZPCSHSUBTSKEYMG2,0.484848,0.515152,point_previews/task000003_mu000011_rho100_n1.png
0.1,16,8,license_plate_bahnschrift.ttf,CBAGJWPD6YXT0RNZL49E3HSU875KFVMQ2,0,0,0,0.085,5.059644,0.959381,1.907975,,1.0,0.0,point_previews/task000004_mu000016_rho010_n0.png
0.1,16,8,license_plate_bahnschrift.ttf,CBAGJWPD6YXT0RNZL49E3HSU875KFVMQ2,0,0,1,0.085,5.059644,0.959381,1.907975,NRSSAGMAS,0.909091,0.090909,point_previews/task000004_mu000016_rho010_n1.png
0.2,16,8,license_plate_bahnschrift.ttf,CBAGJWPD6YXT0RNZL49E3HSU875KFVMQ2,0,0,0,0.17,7.155418,0.919759,1.349142,REDNSD6RTRHAESASRBSRKYP,0.787879,0.212121,point_previews/task000004_mu000016_rho020_n0.png
0.2,16,8,license_plate_bahnschrift.ttf,CBAGJWPD6YXT0RNZL49E3HSU875KFVMQ2,0,0,1,0.17,7.155418,0.919759,1.349142,CREREETGBPADENPSMY,0.848485,0.151515,point_previews/task000004_mu000016_rho020_n1.png
0.3,16,8,license_plate_bahnschrift.ttf,CBAGJWPD6YXT0RNZL49E3HSU875KFVMQ2,0,0,0,0.255,8.763561,0.881116,1.10157,CEREBUSDSTARNZSURPSREVEGS,0.727273,0.272727,point_previews/task000004_mu000016_rho030_n0.png
0.3,16,8,license_plate_bahnschrift.ttf,CBAGJWPD6YXT0RNZL49E3HSU875KFVMQ2,0,0,1,0.255,8.763561,0.881116,1.10157,SSAGWRBEENFURRZESTESHSUBTSKED,0.69697,0.30303,point_previews/task000004_mu000016_rho030_n1.png
0.4,16,8,license_plate_bahnschrift.ttf,CBAGJWPD6YXT0RNZL49E3HSU875KFVMQ2,0,0,0,0.34,10.119289,0.843436,0.953987,ERAGTAPDSYSLRNZEAPESUSTSKEYE,0.636364,0.363636,point_previews/task000004_mu000016_rho040_n0.png
0.4,16,8,license_plate_bahnschrift.ttf,CBAGJWPD6YXT0RNZL49E3HSU875KFVMQ2,0,0,1,0.34,10.119289,0.843436,0.953987,EBAGAMEVEVXTRNLEGTRSHSUSTSREVGZ,0.666667,0.333333,point_previews/task000004_mu000016_rho040_n1.png
0.5,16,8,license_plate_bahnschrift.ttf,CBAGJWPD6YXT0RNZL49E3HSU875KFVMQ2,0,0,0,0.425,11.313708,0.8067,0.853272,,1.0,0.0,point_previews/task000004_mu000016_rho050_n0.png
0.5,16,8,license_plate_bahnschrift.ttf,CBAGJWPD6YXT0RNZL49E3HSU875KFVMQ2,0,0,1,0.425,11.313708,0.8067,0.853272,,1.0,0.0,point_previews/task000004_mu000016_rho050_n1.png
0.6,16,8,license_plate_bahnschrift.ttf,CBAGJWPD6YXT0RNZL49E3HSU875KFVMQ2,0,0,0,0.51,12.393547,0.770893,0.778927,CRAGWEDEYRTURNZEGTESHSUSTSRPVMGZ,0.515152,0.484848,point_previews/task000004_mu000016_rho060_n0.png
0.6,16,8,license_plate_bahnschrift.ttf,CBAGJWPD6YXT0RNZL49E3HSU875KFVMQ2,0,0,1,0.51,12.393547,0.770893,0.778927,SCSSGLAPDSYETARNZLAPESHSUSTSKFYMG2,0.484848,0.515152,point_previews/task000004_mu000016_rho060_n1.png
0.7,16,8,license_plate_bahnschrift.ttf,CBAGJWPD6YXT0RNZL49E3HSU875KFVMQ2,0,0,0,0.595,13.38656,0.735998,0.721147,CBAGJWERGYXTRNZEGPESHSUBTSKEVMGZ,0.424242,0.575758,point_previews/task000004_mu000016_rho070_n0.png
0.7,16,8,license_plate_bahnschrift.ttf,CBAGJWPD6YXT0RNZL49E3HSU875KFVMQ2,0,0,1,0.595,13.38656,0.735998,0.721147,CBAGTARDSYATURNZEGFESHSUSTSRPYMG2,0.515152,0.484848,point_previews/task000004_mu000016_rho070_n1.png
0.8,16,8,license_plate_bahnschrift.ttf,CBAGJWPD6YXT0RNZL49E3HSU875KFVMQ2,0,0,0,0.68,14.310835,0.701998,0.674571,CSSGTWPDEYXTRNZEAZE3H5U8TSKEVNGZ,0.454545,0.545455,point_previews/task000004_mu000016_rho080_n0.png
0.8,16,8,license_plate_bahnschrift.ttf,CBAGJWPD6YXT0RNZL49E3HSU875KFVMQ2,0,0,1,0.68,14.310835,0.701998,0.674571,,1.0,0.0,point_previews/task000004_mu000016_rho080_n1.png
0.9,16,8,license_plate_bahnschrift.ttf,CBAGJWPD6YXT0RNZL49E3HSU875KFVMQ2,0,0,0,0.765,15.178933,0.668877,0.635992,CBAGJWERSYXTURNZLAPESMSUESKEVMG2,0.393939,0.606061,point_previews/task000004_mu000016_rho090_n0.png
0.9,16,8,license_plate_bahnschrift.ttf,CBAGJWPD6YXT0RNZL49E3HSU875KFVMQ2,0,0,1,0.765,15.178933,0.668877,0.635992,SCBAGJNPDGYXTURN2LATESHSUBTSKEYMGZ,0.454545,0.545455,point_previews/task000004_mu000016_rho090_n1.png
1.0,16,8,license_plate_bahnschrift.ttf,CBAGJWPD6YXT0RNZL49E3HSU875KFVMQ2,0,0,0,0.85,16.0,0.63662,0.603355,CBAGSNPDSYXTRNZLGPESHSUSTSKFVMG2,0.333333,0.666667,point_previews/task000004_mu000016_rho100_n0.png
1.0,16,8,license_plate_bahnschrift.ttf,CBAGJWPD6YXT0RNZL49E3HSU875KFVMQ2,0,0,1,0.85,16.0,0.63662,0.603355,,1.0,0.0,point_previews/task000004_mu000016_rho100_n1.png
0.1,23,8,license_plate_bahnschrift.ttf,CBAGJWPD6YXT0RNZL49E3HSU875KFVMQ2,0,0,0,0.085,5.059644,0.959381,1.907975,PUVAGEANEYSSARESGNPGAAWTRRD,0.878788,0.121212,point_previews/task000005_mu000023_rho010_n0.png
0.1,23,8,license_plate_bahnschrift.ttf,CBAGJWPD6YXT0RNZL49E3HSU875KFVMQ2,0,0,1,0.085,5.059644,0.959381,1.907975,,1.0,0.0,point_previews/task000005_mu000023_rho010_n1.png
0.2,23,8,license_plate_bahnschrift.ttf,CBAGJWPD6YXT0RNZL49E3HSU875KFVMQ2,0,0,0,0.17,7.155418,0.919759,1.349142,PERSHSDASRTURSSRESHSUTSKEMTAQ,0.757576,0.242424,point_previews/task000005_mu000023_rho020_n0.png
0.2,23,8,license_plate_bahnschrift.ttf,CBAGJWPD6YXT0RNZL49E3HSU875KFVMQ2,0,0,1,0.17,7.155418,0.919759,1.349142,BERGVEDAYRRMUSCRMDS,0.818182,0.181818,point_previews/task000005_mu000023_rho020_n1.png
0.3,23,8,license_plate_bahnschrift.ttf,CBAGJWPD6YXT0RNZL49E3HSU875KFVMQ2,0,0,0,0.255,8.763561,0.881116,1.10157,CBAGYPDAYXTRRZERTESHSUETSCEYS,0.545455,0.454545,point_previews/task000005_mu000023_rho030_n0.png
0.3,23,8,license_plate_bahnschrift.ttf,CBAGJWPD6YXT0RNZL49E3HSU875KFVMQ2,0,0,1,0.255,8.763561,0.881116,1.10157,DBAGTNSEEXTRNZASESHSUSTRPAE,0.636364,0.363636,point_previews/task000005_mu000023_rho030_n1.png
0.4,23,8,license_plate_bahnschrift.ttf,CBAGJWPD6YXT0RNZL49E3HSU875KFVMQ2,0,0,0,0.34,10.119289,0.843436,0.953987,CBAGJMPDSYSTGRNZLA2ESNSUBTEKEUM2,0.424242,0.575758,point_previews/task000005_mu000023_rho040_n0.png
0.4,23,8,license_plate_bahnschrift.ttf,CBAGJWPD6YXT0RNZL49E3HSU875KFVMQ2,0,0,1,0.34,10.119289,0.843436,0.953987,GBAGJWPBSYRTBRNZEGSESHEURTSREVMQ2,0.454545,0.545455,point_previews/task000005_mu000023_rho040_n1.png
0.5,23,8,license_plate_bahnschrift.ttf,CBAGJWPD6YXT0RNZL49E3HSU875KFVMQ2,0,0,0,0.425,11.313708,0.8067,0.853272,,1.0,0.0,point_previews/task000005_mu000023_rho050_n0.png
0.5,23,8,license_plate_bahnschrift.ttf,CBAGJWPD6YXT0RNZL49E3HSU875KFVMQ2,0,0,1,0.425,11.313708,0.8067,0.853272,CBAGJWEDSYXTERNZLATESHSUB7SKEVMG2,0.30303,0.69697,point_previews/task000005_mu000023_rho050_n1.png
0.6,23,8,license_plate_bahnschrift.ttf,CBAGJWPD6YXT0RNZL49E3HSU875KFVMQ2,0,0,0,0.51,12.393547,0.770893,0.778927,CBAGEWPDSVETGRNZEAPESHSUBTSKFVMG2,0.393939,0.606061,point_previews/task000005_mu000023_rho060_n0.png
0.6,23,8,license_plate_bahnschrift.ttf,CBAGJWPD6YXT0RNZL49E3HSU875KFVMQ2,0,0,1,0.51,12.393547,0.770893,0.778927,CBAGJWPEDGYXTERNZLS9E3ESUSTSKEYMG2,0.333333,0.666667,point_previews/task000005_mu000023_rho060_n1.png
0.7,23,8,license_plate_bahnschrift.ttf,CBAGJWPD6YXT0RNZL49E3HSU875KFVMQ2,0,0,0,0.595,13.38656,0.735998,0.721147,,1.0,0.0,point_previews/task000005_mu000023_rho070_n0.png
0.7,23,8,license_plate_bahnschrift.ttf,CBAGJWPD6YXT0RNZL49E3HSU875KFVMQ2,0,0,1,0.595,13.38656,0.735998,0.721147,CBAGSWPDSYXTRNZLGPESHSHS75SREVMG2,0.363636,0.636364,point_previews/task000005_mu000023_rho070_n1.png
0.8,23,8,license_plate_bahnschrift.ttf,CBAGJWPD6YXT0RNZL49E3HSU875KFVMQ2,0,0,0,0.68,14.310835,0.701998,0.674571,CBAGJWPDEYXTURNERGSESHSUSTSKFYMQ2,0.333333,0.666667,point_previews/task000005_mu000023_rho080_n0.png
0.8,23,8,license_plate_bahnschrift.ttf,CBAGJWPD6YXT0RNZL49E3HSU875KFVMQ2,0,0,1,0.68,14.310835,0.701998,0.674571,,1.0,0.0,point_previews/task000005_mu000023_rho080_n1.png
0.9,23,8,license_plate_bahnschrift.ttf,CBAGJWPD6YXT0RNZL49E3HSU875KFVMQ2,0,0,0,0.765,15.178933,0.668877,0.635992,,1.0,0.0,point_previews/task000005_mu000023_rho090_n0.png
0.9,23,8,license_plate_bahnschrift.ttf,CBAGJWPD6YXT0RNZL49E3HSU875KFVMQ2,0,0,1,0.765,15.178933,0.668877,0.635992,CBAGJWPD6YXTRNZLAPESHSUSTSKFVMD2,0.242424,0.757576,point_previews/task000005_mu000023_rho090_n1.png
1.0,23,8,license_plate_bahnschrift.ttf,CBAGJWPD6YXT0RNZL49E3HSU875KFVMQ2,0,0,0,0.85,16.0,0.63662,0.603355,CBAGEAPDSYXTERNZL49E3HSUSTSKEYMA2,0.30303,0.69697,point_previews/task000005_mu000023_rho100_n0.png
1.0,23,8,license_plate_bahnschrift.ttf,CBAGJWPD6YXT0RNZL49E3HSU875KFVMQ2,0,0,1,0.85,16.0,0.63662,0.603355,CBAGJWPEDEYXTURNZLAPESHSUBTSKFVMQ2,0.272727,0.727273,point_previews/task000005_mu000023_rho100_n1.png
0.1,32,8,license_plate_bahnschrift.ttf,CBAGJWPD6YXT0RNZL49E3HSU875KFVMQ2,0,0,0,0.085,5.059644,0.959381,1.907975,CSTSERTARPMRESSLSG,0.848485,0.151515,point_previews/task000006_mu000032_rho010_n0.png
0.1,32,8,license_plate_bahnschrift.ttf,CBAGJWPD6YXT0RNZL49E3HSU875KFVMQ2,0,0,1,0.085,5.059644,0.959381,1.907975,SDERSESMERLEARATRRRSEDY2,0.878788,0.121212,point_previews/task000006_mu000032_rho010_n1.png
0.2,32,8,license_plate_bahnschrift.ttf,CBAGJWPD6YXT0RNZL49E3HSU875KFVMQ2,0,0,0,0.17,7.155418,0.919759,1.349142,ESAGTAPERLSTRRZEAPESSUSPSKEYMG2,0.636364,0.363636,point_previews/task000006_mu000032_rho020_n0.png
0.2,32,8,license_plate_bahnschrift.ttf,CBAGJWPD6YXT0RNZL49E3HSU875KFVMQ2,0,0,1,0.17,7.155418,0.919759,1.349142,EBLDNPDGYSTRMELAPESSESTSKEVMDS,0.636364,0.363636,point_previews/task000006_mu000032_rho020_n1.png
0.3,32,8,license_plate_bahnschrift.ttf,CBAGJWPD6YXT0RNZL49E3HSU875KFVMQ2,0,0,0,0.255,8.763561,0.881116,1.10157,EBAGJWPDAYRTARNZESFESHSUSTSKEVMGZ,0.424242,0.575758,point_previews/task000006_mu000032_rho030_n0.png
0.3,32,8,license_plate_bahnschrift.ttf,CBAGJWPD6YXT0RNZL49E3HSU875KFVMQ2,0,0,1,0.255,8.763561,0.881116,1.10157,CBAGSNFDEYXTURNZEAPEGHSUSTKRYMG2,0.454545,0.545455,point_previews/task000006_mu000032_rho030_n1.png
0.4,32,8,license_plate_bahnschrift.ttf,CBAGJWPD6YXT0RNZL49E3HSU875KFVMQ2,0,0,0,0.34,10.119289,0.843436,0.953987,CBAGJWPDSYSTERNZEASESHSUSTSKEVMGZ,0.393939,0.606061,point_previews/task000006_mu000032_rho040_n0.png
0.4,32,8,license_plate_bahnschrift.ttf,CBAGJWPD6YXT0RNZL49E3HSU875KFVMQ2,0,0,1,0.34,10.119289,0.843436,0.953987,CHAGJWPDEYXTRNZLATESHSUBTSKEVMQ2,0.30303,0.69697,point_previews/task000006_mu000032_rho040_n1.png
0.5,32,8,license_plate_bahnschrift.ttf,CBAGJWPD6YXT0RNZL49E3HSU875KFVMQ2,0,0,0,0.425,11.313708,0.8067,0.853272,,1.0,0.0,point_previews/task000006_mu000032_rho050_n0.png
0.5,32,8,license_plate_bahnschrift.ttf,CBAGJWPD6YXT0RNZL49E3HSU875KFVMQ2,0,0,1,0.425,11.313708,0.8067,0.853272,CBAGJWRDEYXTURNZEGPESHSUBTSKFVMG2,0.333333,0.666667,point_previews/task000006_mu000032_rho050_n1.png
0.6,32,8,license_plate_bahnschrift.ttf,CBAGJWPD6YXT0RNZL49E3HSU875KFVMQ2,0,0,0,0.51,12.393547,0.770893,0.778927,,1.0,0.0,point_previews/task000006_mu000032_rho060_n0.png
0.6,32,8,license_plate_bahnschrift.ttf,CBAGJWPD6YXT0RNZL49E3HSU875KFVMQ2,0,0,1,0.51,12.393547,0.770893,0.778927,,1.0,0.0,point_previews/task000006_mu000032_rho060_n1.png
0.7,32,8,license_plate_bahnschrift.ttf,CBAGJWPD6YXT0RNZL49E3HSU875KFVMQ2,0,0,0,0.595,13.38656,0.735998,0.721147,,1.0,0.0,point_previews/task000006_mu000032_rho070_n0.png
0.7,32,8,license_plate_bahnschrift.ttf,CBAGJWPD6YXT0RNZL49E3HSU875KFVMQ2,0,0,1,0.595,13.38656,0.735998,0.721147,CBAGJWPDSYXTURNZL49ESHSUBTSKFVMG2,0.212121,0.787879,point_previews/task000006_mu000032_rho070_n1.png
0.8,32,8,license_plate_bahnschrift.ttf,CBAGJWPD6YXT0RNZL49E3HSU875KFVMQ2,0,0,0,0.68,14.310835,0.701998,0.674571,,1.0,0.0,point_previews/task000006_mu000032_rho080_n0.png
0.8,32,8,license_plate_bahnschrift.ttf,CBAGJWPD6YXT0RNZL49E3HSU875KFVMQ2,0,0,1,0.68,14.310835,0.701998,0.674571,CBAGJWPDEYXTRNZLSPESHSUBTSKFYMQ2,0.272727,0.727273,point_previews/task000006_mu000032_rho080_n1.png
0.9,32,8,license_plate_bahnschrift.ttf,CBAGJWPD6YXT0RNZL49E3HSU875KFVMQ2,0,0,0,0.765,15.178933,0.668877,0.635992,CBAGJWPDAYXTURNZL4PESHSUBTSKFYMQ2,0.242424,0.757576,point_previews/task000006_mu000032_rho090_n0.png
0.9,32,8,license_plate_bahnschrift.ttf,CBAGJWPD6YXT0RNZL49E3HSU875KFVMQ2,0,0,1,0.765,15.178933,0.668877,0.635992,CBAGJWPDSYXTURNZLA9ESMSUB7SKFYMG2,0.272727,0.727273,point_previews/task000006_mu000032_rho090_n1.png
1.0,32,8,license_plate_bahnschrift.ttf,CBAGJWPD6YXT0RNZL49E3HSU875KFVMQ2,0,0,0,0.85,16.0,0.63662,0.603355,CBAGJWPD6YXTURNZLAPESHSUBTSKFVMGZ,0.272727,0.727273,point_previews/task000006_mu000032_rho100_n0.png
1.0,32,8,license_plate_bahnschrift.ttf,CBAGJWPD6YXT0RNZL49E3HSU875KFVMQ2,0,0,1,0.85,16.0,0.63662,0.603355,CBAGJWPD6YXTURNZL4PESHSUB7SKFYMG2,0.212121,0.787879,point_previews/task000006_mu000032_rho100_n1.png
0.1,45,8,license_plate_bahnschrift.ttf,CBAGJWPD6YXT0RNZL49E3HSU875KFVMQ2,0,0,0,0.085,5.059644,0.959381,1.907975,CSAGHYPDSURELGECHSUSTREMMED,0.636364,0.363636,point_previews/task000007_mu000045_rho010_n0.png
0.1,45,8,license_plate_bahnschrift.ttf,CBAGJWPD6YXT0RNZL49E3HSU875KFVMQ2,0,0,1,0.085,5.059644,0.959381,1.907975,,1.0,0.0,point_previews/task000007_mu000045_rho010_n1.png
0.2,45,8,license_plate_bahnschrift.ttf,CBAGJWPD6YXT0RNZL49E3HSU875KFVMQ2,0,0,0,0.17,7.155418,0.919759,1.349142,,1.0,0.0,point_previews/task000007_mu000045_rho020_n0.png
0.2,45,8,license_plate_bahnschrift.ttf,CBAGJWPD6YXT0RNZL49E3HSU875KFVMQ2,0,0,1,0.17,7.155418,0.919759,1.349142,,1.0,0.0,point_previews/task000007_mu000045_rho020_n1.png
0.3,45,8,license_plate_bahnschrift.ttf,CBAGJWPD6YXT0RNZL49E3HSU875KFVMQ2,0,0,0,0.255,8.763561,0.881116,1.10157,,1.0,0.0,point_previews/task000007_mu000045_rho030_n0.png
0.3,45,8,license_plate_bahnschrift.ttf,CBAGJWPD6YXT0RNZL49E3HSU875KFVMQ2,0,0,1,0.255,8.763561,0.881116,1.10157,EBAGJWPDSYXTURNZAPESHSUSTSKEYHG2,0.424242,0.575758,point_previews/task000007_mu000045_rho030_n1.png
0.4,45,8,license_plate_bahnschrift.ttf,CBAGJWPD6YXT0RNZL49E3HSU875KFVMQ2,0,0,0,0.34,10.119289,0.843436,0.953987,CBAGJWPDSYXTURNZL4PESHSUBTSKEVHG2,0.30303,0.69697,point_previews/task000007_mu000045_rho040_n0.png
0.4,45,8,license_plate_bahnschrift.ttf,CBAGJWPD6YXT0RNZL49E3HSU875KFVMQ2,0,0,1,0.34,10.119289,0.843436,0.953987,CBAGJWPD6YXTRNZLAVESHSUBTSKFYMG2,0.272727,0.727273,point_previews/task000007_mu000045_rho040_n1.png
0.5,45,8,license_plate_bahnschrift.ttf,CBAGJWPD6YXT0RNZL49E3HSU875KFVMQ2,0,0,0,0.425,11.313708,0.8067,0.853272,,1.0,0.0,point_previews/task000007_mu000045_rho050_n0.png
0.5,45,8,license_plate_bahnschrift.ttf,CBAGJWPD6YXT0RNZL49E3HSU875KFVMQ2,0,0,1,0.425,11.313708,0.8067,0.853272,,1.0,0.0,point_previews/task000007_mu000045_rho050_n1.png
0.6,45,8,license_plate_bahnschrift.ttf,CBAGJWPD6YXT0RNZL49E3HSU875KFVMQ2,0,0,0,0.51,12.393547,0.770893,0.778927,CBAGJWPD6YXTRNZL4PESHSUB7SKFVMG2,0.181818,0.818182,point_previews/task000007_mu000045_rho060_n0.png
0.6,45,8,license_plate_bahnschrift.ttf,CBAGJWPD6YXT0RNZL49E3HSU875KFVMQ2,0,0,1,0.51,12.393547,0.770893,0.778927,CBAGJWPD6YXTRNZL49ESHSUBTSKFVMG2,0.181818,0.818182,point_previews/task000007_mu000045_rho060_n1.png
0.7,45,8,license_plate_bahnschrift.ttf,CBAGJWPD6YXT0RNZL49E3HSU875KFVMQ2,0,0,0,0.595,13.38656,0.735998,0.721147,CBAGJWPDSYXTQRNZL4PESHSUBTSKFYMG2,0.272727,0.727273,point_previews/task000007_mu000045_rho070_n0.png
0.7,45,8,license_plate_bahnschrift.ttf,CBAGJWPD6YXT0RNZL49E3HSU875KFVMQ2,0,0,1,0.595,13.38656,0.735998,0.721147,CBAGJWPDEYXTRNZLA4VESHSUB7SKFYMQ2,0.242424,0.757576,point_previews/task000007_mu000045_rho070_n1.png
0.8,45,8,license_plate_bahnschrift.ttf,CBAGJWPD6YXT0RNZL49E3HSU875KFVMQ2,0,0,0,0.68,14.310835,0.701998,0.674571,EBAGJWPDSYXTURNZLAVESHSUBTSKFVMG2,0.30303,0.69697,point_previews/task000007_mu000045_rho080_n0.png
0.8,45,8,license_plate_bahnschrift.ttf,CBAGJWPD6YXT0RNZL49E3HSU875KFVMQ2,0,0,1,0.68,14.310835,0.701998,0.674571,CBAGJWPD6YXTURNZLAPESHSUSTSKEVMG2,0.272727,0.727273,point_previews/task000007_mu000045_rho080_n1.png
0.9,45,8,license_plate_bahnschrift.ttf,CBAGJWPD6YXT0RNZL49E3HSU875KFVMQ2,0,0,0,0.765,15.178933,0.668877,0.635992,CBAGJWPD6YXT0RNZLS9ESHSU87SKFYMG2,0.151515,0.848485,point_previews/task000007_mu000045_rho090_n0.png
0.9,45,8,license_plate_bahnschrift.ttf,CBAGJWPD6YXT0RNZL49E3HSU875KFVMQ2,0,0,1,0.765,15.178933,0.668877,0.635992,CBAGJWPD6YXTRNZL4PESHSUST5KFVMQ2,0.151515,0.848485,point_previews/task000007_mu000045_rho090_n1.png
1.0,45,8,license_plate_bahnschrift.ttf,CBAGJWPD6YXT0RNZL49E3HSU875KFVMQ2,0,0,0,0.85,16.0,0.63662,0.603355,CBAGJWPD4YXT0RNZL49ESHSUBTSKFVMG2,0.181818,0.818182,point_previews/task000007_mu000045_rho100_n0.png
1.0,45,8,license_plate_bahnschrift.ttf,CBAGJWPD6YXT0RNZL49E3HSU875KFVMQ2,0,0,1,0.85,16.0,0.63662,0.603355,CBAGJWPD6YXTURNZL47E3HSUB7TSKFVMQ2,0.151515,0.848485,point_previews/task000007_mu000045_rho100_n1.png
0.1,64,8,license_plate_bahnschrift.ttf,CBAGJWPD6YXT0RNZL49E3HSU875KFVMQ2,0,0,0,0.085,5.059644,0.959381,1.907975,EBASFUPHGYSTDRNZUNSRSHSUSZSKEPMES,0.606061,0.393939,point_previews/task000008_mu000064_rho010_n0.png
0.1,64,8,license_plate_bahnschrift.ttf,CBAGJWPD6YXT0RNZL49E3HSU875KFVMQ2,0,0,1,0.085,5.059644,0.959381,1.907975,CEAEEVRGSYATDRNZLEESHSUSPSKEAS,0.606061,0.393939,point_previews/task000008_mu000064_rho010_n1.png
0.2,64,8,license_plate_bahnschrift.ttf,CBAGJWPD6YXT0RNZL49E3HSU875KFVMQ2,0,0,0,0.17,7.155418,0.919759,1.349142,CBAGUNPD6YXTURNZLAPESHSUB7SKEVMG2,0.30303,0.69697,point_previews/task000008_mu000064_rho020_n0.png
0.2,64,8,license_plate_bahnschrift.ttf,CBAGJWPD6YXT0RNZL49E3HSU875KFVMQ2,0,0,1,0.17,7.155418,0.919759,1.349142,,1.0,0.0,point_previews/task000008_mu000064_rho020_n1.png
0.3,64,8,license_plate_bahnschrift.ttf,CBAGJWPD6YXT0RNZL49E3HSU875KFVMQ2,0,0,0,0.255,8.763561,0.881116,1.10157,TCBAGJWPDSYXTURNZESPESHSUBTSKEVMG2,0.363636,0.636364,point_previews/task000008_mu000064_rho030_n0.png
0.3,64,8,license_plate_bahnschrift.ttf,CBAGJWPD6YXT0RNZL49E3HSU875KFVMQ2,0,0,1,0.255,8.763561,0.881116,1.10157,,1.0,0.0,point_previews/task000008_mu000064_rho030_n1.png
0.4,64,8,license_plate_bahnschrift.ttf,CBAGJWPD6YXT0RNZL49E3HSU875KFVMQ2,0,0,0,0.34,10.119289,0.843436,0.953987,CBAGJWPDEYXTURNZLAPESHSUBTSKEVMD2,0.30303,0.69697,point_previews/task000008_mu000064_rho040_n0.png
0.4,64,8,license_plate_bahnschrift.ttf,CBAGJWPD6YXT0RNZL49E3HSU875KFVMQ2,0,0,1,0.34,10.119289,0.843436,0.953987,CBAGJWPDSYXTURNZLA9ESHSUSTSKEVMG2,0.272727,0.727273,point_previews/task000008_mu000064_rho040_n1.png
0.5,64,8,license_plate_bahnschrift.ttf,CBAGJWPD6YXT0RNZL49E3HSU875KFVMQ2,0,0,0,0.425,11.313708,0.8067,0.853272,CBAGJWPD6YXTRNZL49E3HSUB7SKFYMGZ,0.181818,0.818182,point_previews/task000008_mu000064_rho050_n0.png
0.5,64,8,license_plate_bahnschrift.ttf,CBAGJWPD6YXT0RNZL49E3HSU875KFVMQ2,0,0,1,0.425,11.313708,0.8067,0.853272,CBAGJWPDSYXTURNZL4PESHSUBTSKFYMGZ,0.30303,0.69697,point_previews/task000008_mu000064_rho050_n1.png
0.6,64,8,license_plate_bahnschrift.ttf,CBAGJWPD6YXT0RNZL49E3HSU875KFVMQ2,0,0,0,0.51,12.393547,0.770893,0.778927,CBAGJWPD6YXTRNZLAPEZHSUSTSKFVMG2,0.242424,0.757576,point_previews/task000008_mu000064_rho060_n0.png
0.6,64,8,license_plate_bahnschrift.ttf,CBAGJWPD6YXT0RNZL49E3HSU875KFVMQ2,0,0,1,0.51,12.393547,0.770893,0.778927,CBAGJWPD6YXTURNZL49ESHSUSTSKEVMG2,0.212121,0.787879,point_previews/task000008_mu000064_rho060_n1.png
0.7,64,8,license_plate_bahnschrift.ttf,CBAGJWPD6YXT0RNZL49E3HSU875KFVMQ2,0,0,0,0.595,13.38656,0.735998,0.721147,CBAGJWPDS6YXTRNZL49E3HSUB7SKFYMQ2,0.151515,0.848485,point_previews/task000008_mu000064_rho070_n0.png
0.7,64,8,license_plate_bahnschrift.ttf,CBAGJWPD6YXT0RNZL49E3HSU875KFVMQ2,0,0,1,0.595,13.38656,0.735998,0.721147,CBAGJWPD6YXTRNZLAPE3HSUB7SKEVMG2,0.212121,0.787879,point_previews/task000008_mu000064_rho070_n1.png
0.8,64,8,license_plate_bahnschrift.ttf,CBAGJWPD6YXT0RNZL49E3HSU875KFVMQ2,0,0,0,0.68,14.310835,0.701998,0.674571,CBAGJWPDS6YXTRNZL49E3HSUB75SKFYMG2,0.181818,0.818182,point_previews/task000008_mu000064_rho080_n0.png
0.8,64,8,license_plate_bahnschrift.ttf,CBAGJWPD6YXT0RNZL49E3HSU875KFVMQ2,0,0,1,0.68,14.310835,0.701998,0.674571,CBAGJWPD6YXTURNZL49E3HSUB7SKFYMQ2,0.121212,0.878788,point_previews/task000008_mu000064_rho080_n1.png
0.9,64,8,license_plate_bahnschrift.ttf,CBAGJWPD6YXT0RNZL49E3HSU875KFVMQ2,0,0,0,0.765,15.178933,0.668877,0.635992,CBAGJWPD6YXTRNZLSPESHSUBTSKFVMG2,0.242424,0.757576,point_previews/task000008_mu000064_rho090_n0.png
0.9,64,8,license_plate_bahnschrift.ttf,CBAGJWPD6YXT0RNZL49E3HSU875KFVMQ2,0,0,1,0.765,15.178933,0.668877,0.635992,CBAGJWPD6YXTURNZ49E3HSU875KFVMQ2,0.060606,0.939394,point_previews/task000008_mu000064_rho090_n1.png
1.0,64,8,license_plate_bahnschrift.ttf,CBAGJWPD6YXT0RNZL49E3HSU875KFVMQ2,0,0,0,0.85,16.0,0.63662,0.603355,CBAGJWPD6YXTRNZLASESHSU875KFVMG2,0.151515,0.848485,point_previews/task000008_mu000064_rho100_n0.png
1.0,64,8,license_plate_bahnschrift.ttf,CBAGJWPD6YXT0RNZL49E3HSU875KFVMQ2,0,0,1,0.85,16.0,0.63662,0.603355,CBAGJWPD6YXTURNZL49ESHSU875KFVMG2,0.090909,0.909091,point_previews/task000008_mu000064_rho100_n1.png
0.1,4,8,license_plate_bahnschrift.ttf,CBAGJWPD6YXT0RNZL49E3HSU875KFVMQ2,0,3,0,0.085,5.059644,0.959381,1.907975,EAATRUARNSDKSSPRL,0.848485,0.151515,point_previews/task000009_mu000004_rho010_n0.png
0.1,4,8,license_plate_bahnschrift.ttf,CBAGJWPD6YXT0RNZL49E3HSU875KFVMQ2,0,3,1,0.085,5.059644,0.959381,1.907975,,1.0,0.0,point_previews/task000009_mu000004_rho010_n1.png
0.2,4,8,license_plate_bahnschrift.ttf,CBAGJWPD6YXT0RNZL49E3HSU875KFVMQ2,0,3,0,0.17,7.155418,0.919759,1.349142,UELESA,0.909091,0.090909,point_previews/task000009_mu000004_rho020_n0.png
0.2,4,8,license_plate_bahnschrift.ttf,CBAGJWPD6YXT0RNZL49E3HSU875KFVMQ2,0,3,1,0.17,7.155418,0.919759,1.349142,FPRBEATTMRREMETEE,0.909091,0.090909,point_previews/task000009_mu000004_rho020_n1.png
0.3,4,8,license_plate_bahnschrift.ttf,CBAGJWPD6YXT0RNZL49E3HSU875KFVMQ2,0,3,0,0.255,8.763561,0.881116,1.10157,,1.0,0.0,point_previews/task000009_mu000004_rho030_n0.png
0.3,4,8,license_plate_bahnschrift.ttf,CBAGJWPD6YXT0RNZL49E3HSU875KFVMQ2,0,3,1,0.255,8.763561,0.881116,1.10157,SEEPS,0.939394,0.060606,point_previews/task000009_mu000004_rho030_n1.png
0.4,4,8,license_plate_bahnschrift.ttf,CBAGJWPD6YXT0RNZL49E3HSU875KFVMQ2,0,3,0,0.34,10.119289,0.843436,0.953987,SFXQUTENEDGAAUSRTA,0.909091,0.090909,point_previews/task000009_mu000004_rho040_n0.png
0.4,4,8,license_plate_bahnschrift.ttf,CBAGJWPD6YXT0RNZL49E3HSU875KFVMQ2,0,3,1,0.34,10.119289,0.843436,0.953987,PRNSAAUEBBSMRSTT,0.848485,0.151515,point_previews/task000009_mu000004_rho040_n1.png
0.5,4,8,license_plate_bahnschrift.ttf,CBAGJWPD6YXT0RNZL49E3HSU875KFVMQ2,0,3,0,0.425,11.313708,0.8067,0.853272,SRCENATSNTYLACEWR,0.909091,0.090909,point_previews/task000009_mu000004_rho050_n0.png
0.5,4,8,license_plate_bahnschrift.ttf,CBAGJWPD6YXT0RNZL49E3HSU875KFVMQ2,0,3,1,0.425,11.313708,0.8067,0.853272,PGSMESSTER,0.909091,0.090909,point_previews/task000009_mu000004_rho050_n1.png
0.6,4,8,license_plate_bahnschrift.ttf,CBAGJWPD6YXT0RNZL49E3HSU875KFVMQ2,0,3,0,0.51,12.393547,0.770893,0.778927,AAFGRNUERARRLUAESAET,0.848485,0.151515,point_previews/task000009_mu000004_rho060_n0.png
0.6,4,8,license_plate_bahnschrift.ttf,CBAGJWPD6YXT0RNZL49E3HSU875KFVMQ2,0,3,1,0.51,12.393547,0.770893,0.778927,PRPSFUSALATRUPGRRRRAAS,0.909091,0.090909,point_previews/task000009_mu000004_rho060_n1.png
0.7,4,8,license_plate_bahnschrift.ttf,CBAGJWPD6YXT0RNZL49E3HSU875KFVMQ2,0,3,0,0.595,13.38656,0.735998,0.721147,,1.0,0.0,point_previews/task000009_mu000004_rho070_n0.png
0.7,4,8,license_plate_bahnschrift.ttf,CBAGJWPD6YXT0RNZL49E3HSU875KFVMQ2,0,3,1,0.595,13.38656,0.735998,0.721147,BUCUAUR,0.939394,0.060606,point_previews/task000009_mu000004_rho070_n1.png
0.8,4,8,license_plate_bahnschrift.ttf,CBAGJWPD6YXT0RNZL49E3HSU875KFVMQ2,0,3,0,0.68,14.310835,0.701998,0.674571,PATTE2SESCNPFF,0.848485,0.151515,point_previews/task000009_mu000004_rho080_n0.png
0.8,4,8,license_plate_bahnschrift.ttf,CBAGJWPD6YXT0RNZL49E3HSU875KFVMQ2,0,3,1,0.68,14.310835,0.701998,0.674571,,1.0,0.0,point_previews/task000009_mu000004_rho080_n1.png
0.9,4,8,license_plate_bahnschrift.ttf,CBAGJWPD6YXT0RNZL49E3HSU875KFVMQ2,0,3,0,0.765,15.178933,0.668877,0.635992,CEASEASEEDATDRMBGURTAEE,0.848485,0.151515,point_previews/task000009_mu000004_rho090_n0.png
0.9,4,8,license_plate_bahnschrift.ttf,CBAGJWPD6YXT0RNZL49E3HSU875KFVMQ2,0,3,1,0.765,15.178933,0.668877,0.635992,ERAGSAGHSTPSREST,0.848485,0.151515,point_previews/task000009_mu000004_rho090_n1.png
1.0,4,8,license_plate_bahnschrift.ttf,CBAGJWPD6YXT0RNZL49E3HSU875KFVMQ2,0,3,0,0.85,16.0,0.63662,0.603355,LERERSYRCHEESERAEEL,0.878788,0.121212,point_previews/task000009_mu000004_rho100_n0.png
1.0,4,8,license_plate_bahnschrift.ttf,CBAGJWPD6YXT0RNZL49E3HSU875KFVMQ2,0,3,1,0.85,16.0,0.63662,0.603355,,1.0,0.0,point_previews/task000009_mu000004_rho100_n1.png
0.1,6,8,license_plate_bahnschrift.ttf,CBAGJWPD6YXT0RNZL49E3HSU875KFVMQ2,0,3,0,0.085,5.059644,0.959381,1.907975,EESPAFNSEELASPS,0.878788,0.121212,point_previews/task000010_mu000006_rho010_n0.png
0.1,6,8,license_plate_bahnschrift.ttf,CBAGJWPD6YXT0RNZL49E3HSU875KFVMQ2,0,3,1,0.085,5.059644,0.959381,1.907975,,1.0,0.0,point_previews/task000010_mu000006_rho010_n1.png
0.2,6,8,license_plate_bahnschrift.ttf,CBAGJWPD6YXT0RNZL49E3HSU875KFVMQ2,0,3,0,0.17,7.155418,0.919759,1.349142,RSRPWESSN,0.909091,0.090909,point_previews/task000010_mu000006_rho020_n0.png
0.2,6,8,license_plate_bahnschrift.ttf,CBAGJWPD6YXT0RNZL49E3HSU875KFVMQ2,0,3,1,0.17,7.155418,0.919759,1.349142,SESERHSALSSA,0.909091,0.090909,point_previews/task000010_mu000006_rho020_n1.png
0.3,6,8,license_plate_bahnschrift.ttf,CBAGJWPD6YXT0RNZL49E3HSU875KFVMQ2,0,3,0,0.255,8.763561,0.881116,1.10157,PERSMPTRSPRTSP,0.878788,0.121212,point_previews/task000010_mu000006_rho030_n0.png
0.3,6,8,license_plate_bahnschrift.ttf,CBAGJWPD6YXT0RNZL49E3HSU875KFVMQ2,0,3,1,0.255,8.763561,0.881116,1.10157,RUNMTCSARLSEA,0.909091,0.090909,point_previews/task000010_mu000006_rho030_n1.png
0.4,6,8,license_plate_bahnschrift.ttf,CBAGJWPD6YXT0RNZL49E3HSU875KFVMQ2,0,3,0,0.34,10.119289,0.843436,0.953987,RERESAHESE,0.909091,0.090909,point_previews/task000010_mu000006_rho040_n0.png
0.4,6,8,license_plate_bahnschrift.ttf,CBAGJWPD6YXT0RNZL49E3HSU875KFVMQ2,0,3,1,0.34,10.119289,0.843436,0.953987,BMSETMET,0.909091,0.090909,point_previews/task000010_mu000006_rho040_n1.png
0.5,6,8,license_plate_bahnschrift.ttf,CBAGJWPD6YXT0RNZL49E3HSU875KFVMQ2,0,3,0,0.425,11.313708,0.8067,0.853272,MSGNALEGENTTRASSWSBR,0.878788,0.121212,point_previews/task000010_mu000006_rho050_n0.png
0.5,6,8,license_plate_bahnschrift.ttf,CBAGJWPD6YXT0RNZL49E3HSU875KFVMQ2,0,3,1,0.425,11.313708,0.8067,0.853272,BMASPS,0.909091,0.090909,point_previews/task000010_mu000006_rho050_n1.png
0.6,6,8,license_plate_bahnschrift.ttf,CBAGJWPD6YXT0RNZL49E3HSU875KFVMQ2,0,3,0,0.51,12.393547,0.770893,0.778927,SSANBTNGRRNERWTAV,0.848485,0.151515,point_previews/task000010_mu000006_rho060_n0.png
0.6,6,8,license_plate_bahnschrift.ttf,CBAGJWPD6YXT0RNZL49E3HSU875KFVMQ2,0,3,1,0.51,12.393547,0.770893,0.778927,CAGTECLAYSLTRRRCBDAEALSD,0.787879,0.212121,point_previews/task000010_mu000006_rho060_n1.png
0.7,6,8,license_plate_bahnschrift.ttf,CBAGJWPD6YXT0RNZL49E3HSU875KFVMQ2,0,3,0,0.595,13.38656,0.735998,0.721147,EENSTLERNHRRESHSSTDRPEAE,0.848485,0.151515,point_previews/task000010_mu000006_rho070_n0.png
0.7,6,8,license_plate_bahnschrift.ttf,CBAGJWPD6YXT0RNZL49E3HSU875KFVMQ2,0,3,1,0.595,13.38656,0.735998,0.721147,ESADTNEESTATRCRETASDTSEMTY,0.818182,0.181818,point_previews/task000010_mu000006_rho070_n1.png
0.8,6,8,license_plate_bahnschrift.ttf,CBAGJWPD6YXT0RNZL49E3HSU875KFVMQ2,0,3,0,0.68,14.310835,0.701998,0.674571,ERASSSGVATRP2958PURELG,0.848485,0.151515,point_previews/task000010_mu000006_rho080_n0.png
0.8,6,8,license_plate_bahnschrift.ttf,CBAGJWPD6YXT0RNZL49E3HSU875KFVMQ2,0,3,1,0.68,14.310835,0.701998,0.674571,PUDANSCERRNSERRTRTVR,0.878788,0.121212,point_previews/task000010_mu000006_rho080_n1.png
0.9,6,8,license_plate_bahnschrift.ttf,CBAGJWPD6YXT0RNZL49E3HSU875KFVMQ2,0,3,0,0.765,15.178933,0.668877,0.635992,VSDNERGENTURMETGHSUATSRECAU2,0.818182,0.181818,point_previews/task000010_mu000006_rho090_n0.png
0.9,6,8,license_plate_bahnschrift.ttf,CBAGJWPD6YXT0RNZL49E3HSU875KFVMQ2,0,3,1,0.765,15.178933,0.668877,0.635992,EPRCANSDAYETURNECAUESUGESTSREUMER,0.787879,0.212121,point_previews/task000010_mu000006_rho090_n1.png
1.0,6,8,license_plate_bahnschrift.ttf,CBAGJWPD6YXT0RNZL49E3HSU875KFVMQ2,0,3,0,0.85,16.0,0.63662,0.603355,CBADDAPLBESDRNZLETSSAGERSEREUMES,0.727273,0.272727,point_previews/task000010_mu000006_rho100_n0.png
1.0,6,8,license_plate_bahnschrift.ttf,CBAGJWPD6YXT0RNZL49E3HSU875KFVMQ2,0,3,1,0.85,16.0,0.63662,0.603355,LSEEYNTURNZSSEANCLSTSEED,0.818182,0.181818,point_previews/task000010_mu000006_rho100_n1.png
0.1,8,8,license_plate_bahnschrift.ttf,CBAGJWPD6YXT0RNZL49E3HSU875KFVMQ2,0,3,0,0.085,5.059644,0.959381,1.907975,EBEEAEPRANBRC,0.909091,0.090909,point_previews/task000011_mu000008_rho010_n0.png
0.1,8,8,license_plate_bahnschrift.ttf,CBAGJWPD6YXT0RNZL49E3HSU875KFVMQ2,0,3,1,0.085,5.059644,0.959381,1.907975,URSTNHC,0.909091,0.090909,point_previews/task000011_mu000008_rho010_n1.png
0.2,8,8,license_plate_bahnschrift.ttf,CBAGJWPD6YXT0RNZL49E3HSU875KFVMQ2,0,3,0,0.17,7.155418,0.919759,1.349142,SPURERSRRCRRR,0.878788,0.121212,point_previews/task000011_mu000008_rho020_n0.png
0.2,8,8,license_plate_bahnschrift.ttf,CBAGJWPD6YXT0RNZL49E3HSU875KFVMQ2,0,3,1,0.17,7.155418,0.919759,1.349142,,1.0,0.0,point_previews/task000011_mu000008_rho020_n1.png
0.3,8,8,license_plate_bahnschrift.ttf,CBAGJWPD6YXT0RNZL49E3HSU875KFVMQ2,0,3,0,0.255,8.763561,0.881116,1.10157,SDARETAPRPURLESRDASS,0.848485,0.151515,point_previews/task000011_mu000008_rho030_n0.png
0.3,8,8,license_plate_bahnschrift.ttf,CBAGJWPD6YXT0RNZL49E3HSU875KFVMQ2,0,3,1,0.255,8.763561,0.881116,1.10157,SSSMTNATRREEN,0.909091,0.090909,point_previews/task000011_mu000008_rho030_n1.png
0.4,8,8,license_plate_bahnschrift.ttf,CBAGJWPD6YXT0RNZL49E3HSU875KFVMQ2,0,3,0,0.34,10.119289,0.843436,0.953987,SEBATUCERGTRPTSLEERS,0.848485,0.151515,point_previews/task000011_mu000008_rho040_n0.png
0.4,8,8,license_plate_bahnschrift.ttf,CBAGJWPD6YXT0RNZL49E3HSU875KFVMQ2,0,3,1,0.34,10.119289,0.843436,0.953987,GSMENTPEASSRPEENHESSCURDT,0.878788,0.121212,point_previews/task000011_mu000008_rho040_n1.png
0.5,8,8,license_plate_bahnschrift.ttf,CBAGJWPD6YXT0RNZL49E3HSU875KFVMQ2,0,3,0,0.425,11.313708,0.8067,0.853272,CEPGTWSTGYSTUHEERRESSRES,0.787879,0.212121,point_previews/task000011_mu000008_rho050_n0.png
0.5,8,8,license_plate_bahnschrift.ttf,CBAGJWPD6YXT0RNZL49E3HSU875KFVMQ2,0,3,1,0.425,11.313708,0.8067,0.853272,TARWEHSTGEN2EPHSNB,0.787879,0.212121,point_previews/task000011_mu000008_rho050_n1.png
0.6,8,8,license_plate_bahnschrift.ttf,CBAGJWPD6YXT0RNZL49E3HSU875KFVMQ2,0,3,0,0.51,12.393547,0.770893,0.778927,ESRUSYREEVEYBRWSEESEUEPPBKEVZ,0.878788,0.121212,point_previews/task000011_mu000008_rho060_n0.png
0.6,8,8,license_plate_bahnschrift.ttf,CBAGJWPD6YXT0RNZL49E3HSU875KFVMQ2,0,3,1,0.51,12.393547,0.770893,0.778927,AAGSERYSFERREGSESHSERKEVE,0.727273,0.272727,point_previews/task000011_mu000008_rho060_n1.png
0.7,8,8,license_plate_bahnschrift.ttf,CBAGJWPD6YXT0RNZL49E3HSU875KFVMQ2,0,3,0,0.595,13.38656,0.735998,0.721147,ABESTVHTEMRNUATESHSUSTSRERHCL,0.787879,0.212121,point_previews/task000011_mu000008_rho070_n0.png
0.7,8,8,license_plate_bahnschrift.ttf,CBAGJWPD6YXT0RNZL49E3HSU875KFVMQ2,0,3,1,0.595,13.38656,0.735998,0.721147,CHBTMEESYCTURREARSSAEUSEKEVRTS,0.787879,0.212121,point_previews/task000011_mu000008_rho070_n1.png
0.8,8,8,license_plate_bahnschrift.ttf,CBAGJWPD6YXT0RNZL49E3HSU875KFVMQ2,0,3,0,0.68,14.310835,0.701998,0.674571,GRAGPLVEDGYETURNRREAEURTERED,0.757576,0.242424,point_previews/task000011_mu000008_rho080_n0.png
0.8,8,8,license_plate_bahnschrift.ttf,CBAGJWPD6YXT0RNZL49E3HSU875KFVMQ2,0,3,1,0.68,14.310835,0.701998,0.674571,LEAGUVERUPATGRRASESHBEESEEU,0.818182,0.181818,point_previews/task000011_mu000008_rho080_n1.png
0.9,8,8,license_plate_bahnschrift.ttf,CBAGJWPD6YXT0RNZL49E3HSU875KFVMQ2,0,3,0,0.765,15.178933,0.668877,0.635992,,1.0,0.0,point_previews/task000011_mu000008_rho090_n0.png
0.9,8,8,license_plate_bahnschrift.ttf,CBAGJWPD6YXT0RNZL49E3HSU875KFVMQ2,0,3,1,0.765,15.178933,0.668877,0.635992,CSAGNADGYRTDANELS2ASUBTSKEVMQE,0.575758,0.424242,point_previews/task000011_mu000008_rho090_n1.png
1.0,8,8,license_plate_bahnschrift.ttf,CBAGJWPD6YXT0RNZL49E3HSU875KFVMQ2,0,3,0,0.85,16.0,0.63662,0.603355,CERGTVPDAYNTDREAESASUSTSKEUMGD,0.636364,0.363636,point_previews/task000011_mu000008_rho100_n0.png
1.0,8,8,license_plate_bahnschrift.ttf,CBAGJWPD6YXT0RNZL49E3HSU875KFVMQ2,0,3,1,0.85,16.0,0.63662,0.603355,,1.0,0.0,point_previews/task000011_mu000008_rho100_n1.png
0.1,11,8,license_plate_bahnschrift.ttf,CBAGJWPD6YXT0RNZL49E3HSU875KFVMQ2,0,3,0,0.085,5.059644,0.959381,1.907975,BSCS,0.939394,0.060606,point_previews/task000012_mu000011_rho010_n0.png
0.1,11,8,license_plate_bahnschrift.ttf,CBAGJWPD6YXT0RNZL49E3HSU875KFVMQ2,0,3,1,0.085,5.059644,0.959381,1.907975,,1.0,0.0,point_previews/task000012_mu000011_rho010_n1.png
0.2,11,8,license_plate_bahnschrift.ttf,CBAGJWPD6YXT0RNZL49E3HSU875KFVMQ2,0,3,0,0.17,7.155418,0.919759,1.349142,BRANESDENRRLSASNNYETTER,0.848485,0.151515,point_previews/task000012_mu000011_rho020_n0.png
0.2,11,8,license_plate_bahnschrift.ttf,CBAGJWPD6YXT0RNZL49E3HSU875KFVMQ2,0,3,1,0.17,7.155418,0.919759,1.349142,,1.0,0.0,point_previews/task000012_mu000011_rho020_n1.png
0.3,11,8,license_plate_bahnschrift.ttf,CBAGJWPD6YXT0RNZL49E3HSU875KFVMQ2,0,3,0,0.255,8.763561,0.881116,1.10157,PERTSRSHGUCRE,0.848485,0.151515,point_previews/task000012_mu000011_rho030_n0.png
0.3,11,8,license_plate_bahnschrift.ttf,CBAGJWPD6YXT0RNZL49E3HSU875KFVMQ2,0,3,1,0.255,8.763561,0.881116,1.10157,LHEESTRSSTNRUMESLWSACL,0.878788,0.121212,point_previews/task000012_mu000011_rho030_n1.png
0.4,11,8,license_plate_bahnschrift.ttf,CBAGJWPD6YXT0RNZL49E3HSU875KFVMQ2,0,3,0,0.34,10.119289,0.843436,0.953987,CBSEGAUSYYTAARTLSEESNSUEPSECPMED,0.727273,0.272727,point_previews/task000012_mu000011_rho040_n0.png
0.4,11,8,license_plate_bahnschrift.ttf,CBAGJWPD6YXT0RNZL49E3HSU875KFVMQ2,0,3,1,0.34,10.119289,0.843436,0.953987,SESRGLWPRBVMTDRESPSCUSFSERE,0.787879,0.212121,point_previews/task000012_mu000011_rho040_n1.png
0.5,11,8,license_plate_bahnschrift.ttf,CBAGJWPD6YXT0RNZL49E3HSU875KFVMQ2,0,3,0,0.425,11.313708,0.8067,0.853272,ERACAWEDYFRZCESSSSBEAA,0.757576,0.242424,point_previews/task000012_mu000011_rho050_n0.png
0.5,11,8,license_plate_bahnschrift.ttf,CBAGJWPD6YXT0RNZL49E3HSU875KFVMQ2,0,3,1,0.425,11.313708,0.8067,0.853272,SBRGNEBDAVATSRNELSAESHSUSTSHGS,0.666667,0.333333,point_previews/task000012_mu000011_rho050_n1.png
0.6,11,8,license_plate_bahnschrift.ttf,CBAGJWPD6YXT0RNZL49E3HSU875KFVMQ2,0,3,0,0.51,12.393547,0.770893,0.778927,,1.0,0.0,point_previews/task000012_mu000011_rho060_n0.png
0.6,11,8,license_plate_bahnschrift.ttf,CBAGJWPD6YXT0RNZL49E3HSU875KFVMQ2,0,3,1,0.51,12.393547,0.770893,0.778927,CBAGUVEDAFRHBSHSURTKEWAND,0.69697,0.30303,point_previews/task000012_mu000011_rho060_n1.png
0.7,11,8,license_plate_bahnschrift.ttf,CBAGJWPD6YXT0RNZL49E3HSU875KFVMQ2,0,3,0,0.595,13.38656,0.735998,0.721147,CHAGVERSYXTURNZLSPSSHSDB7GKEYMGD,0.545455,0.454545,point_previews/task000012_mu000011_rho070_n0.png
0.7,11,8,license_plate_bahnschrift.ttf,CBAGJWPD6YXT0RNZL49E3HSU875KFVMQ2,0,3,1,0.595,13.38656,0.735998,0.721147,CBAGLWEBGRTRNZEREESSUBTSKEVM2,0.515152,0.484848,point_previews/task000012_mu000011_rho070_n1.png
0.8,11,8,license_plate_bahnschrift.ttf,CBAGJWPD6YXT0RNZL49E3HSU875KFVMQ2,0,3,0,0.68,14.310835,0.701998,0.674571,EBAUSWEDSTXTGRRAZESHSUSS5REVA2,0.575758,0.424242,point_previews/task000012_mu000011_rho080_n0.png
0.8,11,8,license_plate_bahnschrift.ttf,CBAGJWPD6YXT0RNZL49E3HSU875KFVMQ2,0,3,1,0.68,14.310835,0.701998,0.674571,,1.0,0.0,point_previews/task000012_mu000011_rho080_n1.png
0.9,11,8,license_plate_bahnschrift.ttf,CBAGJWPD6YXT0RNZL49E3HSU875KFVMQ2,0,3,0,0.765,15.178933,0.668877,0.635992,ACBAGJUPDSTXTDRNZEAPESASEFSKEYD2,0.545455,0.454545,point_previews/task000012_mu000011_rho090_n0.png
0.9,11,8,license_plate_bahnschrift.ttf,CBAGJWPD6YXT0RNZL49E3HSU875KFVMQ2,0,3,1,0.765,15.178933,0.668877,0.635992,,1.0,0.0,point_previews/task000012_mu000011_rho090_n1.png
1.0,11,8,license_plate_bahnschrift.ttf,CBAGJWPD6YXT0RNZL49E3HSU875KFVMQ2,0,3,0,0.85,16.0,0.63662,0.603355,CRAGSWABEYXTERNZU4PESHSUSTSKEV2,0.454545,0.545455,point_previews/task000012_mu000011_rho100_n0.png
1.0,11,8,license_plate_bahnschrift.ttf,CBAGJWPD6YXT0RNZL49E3HSU875KFVMQ2,0,3,1,0.85,16.0,0.63662,0.603355,,1.0,0.0,point_previews/task000012_mu000011_rho100_n1.png
0.1,16,8,license_plate_bahnschrift.ttf,CBAGJWPD6YXT0RNZL49E3HSU875KFVMQ2,0,3,0,0.085,5.059644,0.959381,1.907975,ATGNRAEBRCMURRTESEREEDED,0.878788,0.121212,point_previews/task000013_mu000016_rho010_n0.png
0.1,16,8,license_plate_bahnschrift.ttf,CBAGJWPD6YXT0RNZL49E3HSU875KFVMQ2,0,3,1,0.085,5.059644,0.959381,1.907975,,1.0,0.0,point_previews/task000013_mu000016_rho010_n1.png
0.2,16,8,license_plate_bahnschrift.ttf,CBAGJWPD6YXT0RNZL49E3HSU875KFVMQ2,0,3,0,0.17,7.155418,0.919759,1.349142,TRMSEERRNCSESRRYA,0.878788,0.121212,point_previews/task000013_mu000016_rho020_n0.png
0.2,16,8,license_plate_bahnschrift.ttf,CBAGJWPD6YXT0RNZL49E3HSU875KFVMQ2,0,3,1,0.17,7.155418,0.919759,1.349142,,1.0,0.0,point_previews/task000013_mu000016_rho020_n1.png
0.3,16,8,license_plate_bahnschrift.ttf,CBAGJWPD6YXT0RNZL49E3HSU875KFVMQ2,0,3,0,0.255,8.763561,0.881116,1.10157,CHSCRUPDATBRNZCAESHSLSCREMED,0.666667,0.333333,point_previews/task000013_mu000016_rho030_n0.png
0.3,16,8,license_plate_bahnschrift.ttf,CBAGJWPD6YXT0RNZL49E3HSU875KFVMQ2,0,3,1,0.255,8.763561,0.881116,1.10157,BRATBENGMSUE2AMSE,0.818182,0.181818,point_previews/task000013_mu000016_rho030_n1.png
0.4,16,8,license_plate_bahnschrift.ttf,CBAGJWPD6YXT0RNZL49E3HSU875KFVMQ2,0,3,0,0.34,10.119289,0.843436,0.953987,SCBARMERRTRNZEATEHSUATEKEVMB,0.606061,0.393939,point_previews/task000013_mu000016_rho040_n0.png
0.4,16,8,license_plate_bahnschrift.ttf,CBAGJWPD6YXT0RNZL49E3HSU875KFVMQ2,0,3,1,0.34,10.119289,0.843436,0.953987,ESAGJWEGRTURNZEGESHSUSTSREMDS,0.606061,0.393939,point_previews/task000013_mu000016_rho040_n1.png
0.5,16,8,license_plate_bahnschrift.ttf,CBAGJWPD6YXT0RNZL49E3HSU875KFVMQ2,0,3,0,0.425,11.313708,0.8067,0.853272,CEAGWEDAYRTARNZELFESHSES9SKFEMDD,0.515152,0.484848,point_previews/task000013_mu000016_rho050_n0.png
0.5,16,8,license_plate_bahnschrift.ttf,CBAGJWPD6YXT0RNZL49E3HSU875KFVMQ2,0,3,1,0.425,11.313708,0.8067,0.853272,CBADSPDANNTURNE2R6SHSUSTSKEME,0.606061,0.393939,point_previews/task000013_mu000016_rho050_n1.png
0.6,16,8,license_plate_bahnschrift.ttf,CBAGJWPD6YXT0RNZL49E3HSU875KFVMQ2,0,3,0,0.51,12.393547,0.770893,0.778927,,1.0,0.0,point_previews/task000013_mu000016_rho060_n0.png
0.6,16,8,license_plate_bahnschrift.ttf,CBAGJWPD6YXT0RNZL49E3HSU875KFVMQ2,0,3,1,0.51,12.393547,0.770893,0.778927,,1.0,0.0,point_previews/task000013_mu000016_rho060_n1.png
0.7,16,8,license_plate_bahnschrift.ttf,CBAGJWPD6YXT0RNZL49E3HSU875KFVMQ2,0,3,0,0.595,13.38656,0.735998,0.721147,,1.0,0.0,point_previews/task000013_mu000016_rho070_n0.png
0.7,16,8,license_plate_bahnschrift.ttf,CBAGJWPD6YXT0RNZL49E3HSU875KFVMQ2,0,3,1,0.595,13.38656,0.735998,0.721147,,1.0,0.0,point_previews/task000013_mu000016_rho070_n1.png
0.8,16,8,license_plate_bahnschrift.ttf,CBAGJWPD6YXT0RNZL49E3HSU875KFVMQ2,0,3,0,0.68,14.310835,0.701998,0.674571,,1.0,0.0,point_previews/task000013_mu000016_rho080_n0.png
0.8,16,8,license_plate_bahnschrift.ttf,CBAGJWPD6YXT0RNZL49E3HSU875KFVMQ2,0,3,1,0.68,14.310835,0.701998,0.674571,,1.0,0.0,point_previews/task000013_mu000016_rho080_n1.png
0.9,16,8,license_plate_bahnschrift.ttf,CBAGJWPD6YXT0RNZL49E3HSU875KFVMQ2,0,3,0,0.765,15.178933,0.668877,0.635992,CBAGJNEDSYXTURNZELSESHSUBTSKEUMGZ,0.454545,0.545455,point_previews/task000013_mu000016_rho090_n0.png
0.9,16,8,license_plate_bahnschrift.ttf,CBAGJWPD6YXT0RNZL49E3HSU875KFVMQ2,0,3,1,0.765,15.178933,0.668877,0.635992,CEABWPDSYXTURNZLGPESHSUBTSKEVMGD,0.424242,0.575758,point_previews/task000013_mu000016_rho090_n1.png
1.0,16,8,license_plate_bahnschrift.ttf,CBAGJWPD6YXT0RNZL49E3HSU875KFVMQ2,0,3,0,0.85,16.0,0.63662,0.603355,,1.0,0.0,point_previews/task000013_mu000016_rho100_n0.png
1.0,16,8,license_plate_bahnschrift.ttf,CBAGJWPD6YXT0RNZL49E3HSU875KFVMQ2,0,3,1,0.85,16.0,0.63662,0.603355,CBAGJWEDSYXTCRNZLASESHSUTSKEVMG2,0.333333,0.666667,point_previews/task000013_mu000016_rho100_n1.png
0.1,23,8,license_plate_bahnschrift.ttf,CBAGJWPD6YXT0RNZL49E3HSU875KFVMQ2,0,3,0,0.085,5.059644,0.959381,1.907975,,1.0,0.0,point_previews/task000014_mu000023_rho010_n0.png
0.1,23,8,license_plate_bahnschrift.ttf,CBAGJWPD6YXT0RNZL49E3HSU875KFVMQ2,0,3,1,0.085,5.059644,0.959381,1.907975,,1.0,0.0,point_previews/task000014_mu000023_rho010_n1.png
0.2,23,8,license_plate_bahnschrift.ttf,CBAGJWPD6YXT0RNZL49E3HSU875KFVMQ2,0,3,0,0.17,7.155418,0.919759,1.349142,ERAERSETTRAPEAESAELCTSREUM,0.848485,0.151515,point_previews/task000014_mu000023_rho020_n0.png
0.2,23,8,license_plate_bahnschrift.ttf,CBAGJWPD6YXT0RNZL49E3HSU875KFVMQ2,0,3,1,0.17,7.155418,0.919759,1.349142,CBAGTWEDMNTARNAETTKEY40,0.666667,0.333333,point_previews/task000014_mu000023_rho020_n1.png
0.3,23,8,license_plate_bahnschrift.ttf,CBAGJWPD6YXT0RNZL49E3HSU875KFVMQ2,0,3,0,0.255,8.763561,0.881116,1.10157,EESGSWERGEXTURNZEARESHEMATAKPM,0.666667,0.333333,point_previews/task000014_mu000023_rho030_n0.png
0.3,23,8,license_plate_bahnschrift.ttf,CBAGJWPD6YXT0RNZL49E3HSU875KFVMQ2,0,3,1,0.255,8.763561,0.881116,1.10157,,1.0,0.0,point_previews/task000014_mu000023_rho030_n1.png
0.4,23,8,license_plate_bahnschrift.ttf,CBAGJWPD6YXT0RNZL49E3HSU875KFVMQ2,0,3,0,0.34,10.119289,0.843436,0.953987,,1.0,0.0,point_previews/task000014_mu000023_rho040_n0.png
0.4,23,8,license_plate_bahnschrift.ttf,CBAGJWPD6YXT0RNZL49E3HSU875KFVMQ2,0,3,1,0.34,10.119289,0.843436,0.953987,CBAGSWFDGYETURNZLASESHSUBTSKEVUMED,0.454545,0.545455,point_previews/task000014_mu000023_rho040_n1.png
0.5,23,8,license_plate_bahnschrift.ttf,CBAGJWPD6YXT0RNZL49E3HSU875KFVMQ2,0,3,0,0.425,11.313708,0.8067,0.853272,,1.0,0.0,point_previews/task000014_mu000023_rho050_n0.png
0.5,23,8,license_plate_bahnschrift.ttf,CBAGJWPD6YXT0RNZL49E3HSU875KFVMQ2,0,3,1,0.425,11.313708,0.8067,0.853272,CBAGJWEDSYXTURNZEMSESHSUSTSKEY2,0.424242,0.575758,point_previews/task000014_mu000023_rho050_n1.png
0.6,23,8,license_plate_bahnschrift.ttf,CBAGJWPD6YXT0RNZL49E3HSU875KFVMQ2,0,3,0,0.51,12.393547,0.770893,0.778927,EBAGJMEDEYXTRNZLESESUSLSTSKEYMB2,0.484848,0.515152,point_previews/task000014_mu000023_rho060_n0.png
0.6,23,8,license_plate_bahnschrift.ttf,CBAGJWPD6YXT0RNZL49E3HSU875KFVMQ2,0,3,1,0.51,12.393547,0.770893,0.778927,CRAGJWPDSYXTARNZLGSESHSUSTEKEVAG2,0.363636,0.636364,point_previews/task000014_mu000023_rho060_n1.png
0.7,23,8,license_plate_bahnschrift.ttf,CBAGJWPD6YXT0RNZL49E3HSU875KFVMQ2,0,3,0,0.595,13.38656,0.735998,0.721147,,1.0,0.0,point_previews/task000014_mu000023_rho070_n0.png
0.7,23,8,license_plate_bahnschrift.ttf,CBAGJWPD6YXT0RNZL49E3HSU875KFVMQ2,0,3,1,0.595,13.38656,0.735998,0.721147,,1.0,0.0,point_previews/task000014_mu000023_rho070_n1.png
0.8,23,8,license_plate_bahnschrift.ttf,CBAGJWPD6YXT0RNZL49E3HSU875KFVMQ2,0,3,0,0.68,14.310835,0.701998,0.674571,CBAGJWPDSYXTURNZLA9ESHSUBTSKEVMG2,0.272727,0.727273,point_previews/task000014_mu000023_rho080_n0.png
0.8,23,8,license_plate_bahnschrift.ttf,CBAGJWPD6YXT0RNZL49E3HSU875KFVMQ2,0,3,1,0.68,14.310835,0.701998,0.674571,,1.0,0.0,point_previews/task000014_mu000023_rho080_n1.png
0.9,23,8,license_plate_bahnschrift.ttf,CBAGJWPD6YXT0RNZL49E3HSU875KFVMQ2,0,3,0,0.765,15.178933,0.668877,0.635992,CBAGSNPD4YXTRNZLASESHSUBTSKEVMG2,0.363636,0.636364,point_previews/task000014_mu000023_rho090_n0.png
0.9,23,8,license_plate_bahnschrift.ttf,CBAGJWPD6YXT0RNZL49E3HSU875KFVMQ2,0,3,1,0.765,15.178933,0.668877,0.635992,CBAGJWEDSYXTURNZE49ESHSUBTSKEVMGD,0.333333,0.666667,point_previews/task000014_mu000023_rho090_n1.png
1.0,23,8,license_plate_bahnschrift.ttf,CBAGJWPD6YXT0RNZL49E3HSU875KFVMQ2,0,3,0,0.85,16.0,0.63662,0.603355,,1.0,0.0,point_previews/task000014_mu000023_rho100_n0.png
1.0,23,8,license_plate_bahnschrift.ttf,CBAGJWPD6YXT0RNZL49E3HSU875KFVMQ2,0,3,1,0.85,16.0,0.63662,0.603355,,1.0,0.0,point_previews/task000014_mu000023_rho100_n1.png
0.1,32,8,license_plate_bahnschrift.ttf,CBAGJWPD6YXT0RNZL49E3HSU875KFVMQ2,0,3,0,0.085,5.059644,0.959381,1.907975,REREHUPTAYMTURFFEREGSSEAD,0.818182,0.181818,point_previews/task000015_mu000032_rho010_n0.png
0.1,32,8,license_plate_bahnschrift.ttf,CBAGJWPD6YXT0RNZL49E3HSU875KFVMQ2,0,3,1,0.085,5.059644,0.959381,1.907975,ELEEHEESPRRSRLEPSSSUGTAMS,0.848485,0.151515,point_previews/task000015_mu000032_rho010_n1.png
0.2,32,8,license_plate_bahnschrift.ttf,CBAGJWPD6YXT0RNZL49E3HSU875KFVMQ2,0,3,0,0.17,7.155418,0.919759,1.349142,02SGHYPSYMTURNZESSESHSSJEREVEE,0.666667,0.333333,point_previews/task000015_mu000032_rho020_n0.png
0.2,32,8,license_plate_bahnschrift.ttf,CBAGJWPD6YXT0RNZL49E3HSU875KFVMQ2,0,3,1,0.17,7.155418,0.919759,1.349142,SRABTWEG6YRHRNZESSESHSUSTSKEVMGT,0.575758,0.424242,point_previews/task000015_mu000032_rho020_n1.png
0.3,32,8,license_plate_bahnschrift.ttf,CBAGJWPD6YXT0RNZL49E3HSU875KFVMQ2,0,3,0,0.255,8.763561,0.881116,1.10157,,1.0,0.0,point_previews/task000015_mu000032_rho030_n0.png
0.3,32,8,license_plate_bahnschrift.ttf,CBAGJWPD6YXT0RNZL49E3HSU875KFVMQ2,0,3,1,0.255,8.763561,0.881116,1.10157,,1.0,0.0,point_previews/task000015_mu000032_rho030_n1.png
0.4,32,8,license_plate_bahnschrift.ttf,CBAGJWPD6YXT0RNZL49E3HSU875KFVMQ2,0,3,0,0.34,10.119289,0.843436,0.953987,SBAGJWPDEYXTRNZEASE3HSUBTSKFVMG2,0.30303,0.69697,point_previews/task000015_mu000032_rho040_n0.png
0.4,32,8,license_plate_bahnschrift.ttf,CBAGJWPD6YXT0RNZL49E3HSU875KFVMQ2,0,3,1,0.34,10.119289,0.843436,0.953987,GBAGJWEDSYXTURNZLAPE3HSURTSKFYMB2,0.333333,0.666667,point_previews/task000015_mu000032_rho040_n1.png
0.5,32,8,license_plate_bahnschrift.ttf,CBAGJWPD6YXT0RNZL49E3HSU875KFVMQ2,0,3,0,0.425,11.313708,0.8067,0.853272,,1.0,0.0,point_previews/task000015_mu000032_rho050_n0.png
0.5,32,8,license_plate_bahnschrift.ttf,CBAGJWPD6YXT0RNZL49E3HSU875KFVMQ2,0,3,1,0.425,11.313708,0.8067,0.853272,CBAGJWED6YXTERNZLASESHSUS2SKEYMQ2,0.30303,0.69697,point_previews/task000015_mu000032_rho050_n1.png
0.6,32,8,license_plate_bahnschrift.ttf,CBAGJWPD6YXT0RNZL49E3HSU875KFVMQ2,0,3,0,0.51,12.393547,0.770893,0.778927,,1.0,0.0,point_previews/task000015_mu000032_rho060_n0.png
0.6,32,8,license_plate_bahnschrift.ttf,CBAGJWPD6YXT0RNZL49E3HSU875KFVMQ2,0,3,1,0.51,12.393547,0.770893,0.778927,CBAGJWRDUGYXTURNZEASESHSUSTSKEVMG2,0.393939,0.606061,point_previews/task000015_mu000032_rho060_n1.png
0.7,32,8,license_plate_bahnschrift.ttf,CBAGJWPD6YXT0RNZL49E3HSU875KFVMQ2,0,3,0,0.595,13.38656,0.735998,0.721147,,1.0,0.0,point_previews/task000015_mu000032_rho070_n0.png
0.7,32,8,license_plate_bahnschrift.ttf,CBAGJWPD6YXT0RNZL49E3HSU875KFVMQ2,0,3,1,0.595,13.38656,0.735998,0.721147,CBAGJWEDSYXTURNZLZPESHSUSTSKEVMGZ,0.363636,0.636364,point_previews/task000015_mu000032_rho070_n1.png
0.8,32,8,license_plate_bahnschrift.ttf,CBAGJWPD6YXT0RNZL49E3HSU875KFVMQ2,0,3,0,0.68,14.310835,0.701998,0.674571,,1.0,0.0,point_previews/task000015_mu000032_rho080_n0.png
0.8,32,8,license_plate_bahnschrift.ttf,CBAGJWPD6YXT0RNZL49E3HSU875KFVMQ2,0,3,1,0.68,14.310835,0.701998,0.674571,CBAGJWPDSYXTURNZL49E3HSUBYSKEVMGZ,0.242424,0.757576,point_previews/task000015_mu000032_rho080_n1.png
0.9,32,8,license_plate_bahnschrift.ttf,CBAGJWPD6YXT0RNZL49E3HSU875KFVMQ2,0,3,0,0.765,15.178933,0.668877,0.635992,CBAGJWPEDEYXTRNZL49ESHSUSTSKEVMG2,0.272727,0.727273,point_previews/task000015_mu000032_rho090_n0.png
0.9,32,8,license_plate_bahnschrift.ttf,CBAGJWPD6YXT0RNZL49E3HSU875KFVMQ2,0,3,1,0.765,15.178933,0.668877,0.635992,CBAGJWPDSYXTRNZLS9ESHSUBSTSKFVMG2,0.272727,0.727273,point_previews/task000015_mu000032_rho090_n1.png
1.0,32,8,license_plate_bahnschrift.ttf,CBAGJWPD6YXT0RNZL49E3HSU875KFVMQ2,0,3,0,0.85,16.0,0.63662,0.603355,CBAGJWPDSYXTURNZL49ESHSUB7SKFVMG2,0.181818,0.818182,point_previews/task000015_mu000032_rho100_n0.png
1.0,32,8,license_plate_bahnschrift.ttf,CBAGJWPD6YXT0RNZL49E3HSU875KFVMQ2,0,3,1,0.85,16.0,0.63662,0.603355,CBAGJWPDSYXTCRNZL49ESHSUBTSKFVMG2,0.212121,0.787879,point_previews/task000015_mu000032_rho100_n1.png
0.1,45,8,license_plate_bahnschrift.ttf,CBAGJWPD6YXT0RNZL49E3HSU875KFVMQ2,0,3,0,0.085,5.059644,0.959381,1.907975,SCRACBHSRASSCEAE,0.909091,0.090909,point_previews/task000016_mu000045_rho010_n0.png
0.1,45,8,license_plate_bahnschrift.ttf,CBAGJWPD6YXT0RNZL49E3HSU875KFVMQ2,0,3,1,0.085,5.059644,0.959381,1.907975,SBABSVEDETRTURRFLAPRASUSTSKEVME2,0.636364,0.363636,point_previews/task000016_mu000045_rho010_n1.png
0.2,45,8,license_plate_bahnschrift.ttf,CBAGJWPD6YXT0RNZL49E3HSU875KFVMQ2,0,3,0,0.17,7.155418,0.919759,1.349142,,1.0,0.0,point_previews/task000016_mu000045_rho020_n0.png
0.2,45,8,license_plate_bahnschrift.ttf,CBAGJWPD6YXT0RNZL49E3HSU875KFVMQ2,0,3,1,0.17,7.155418,0.919759,1.349142,ACBAGJWPDLYXTURNZLGGESHSUBTSKEVKG2,0.363636,0.636364,point_previews/task000016_mu000045_rho020_n1.png
0.3,45,8,license_plate_bahnschrift.ttf,CBAGJWPD6YXT0RNZL49E3HSU875KFVMQ2,0,3,0,0.255,8.763561,0.881116,1.10157,CBAGJWEDEYXTRNZLASESHSUBTSKEVHA,0.393939,0.606061,point_previews/task000016_mu000045_rho030_n0.png
0.3,45,8,license_plate_bahnschrift.ttf,CBAGJWPD6YXT0RNZL49E3HSU875KFVMQ2,0,3,1,0.255,8.763561,0.881116,1.10157,CBAGJWPD6YXTRNZEAPESHSUBTSKEVMG2,0.30303,0.69697,point_previews/task000016_mu000045_rho030_n1.png
0.4,45,8,license_plate_bahnschrift.ttf,CBAGJWPD6YXT0RNZL49E3HSU875KFVMQ2,0,3,0,0.34,10.119289,0.843436,0.953987,,1.0,0.0,point_previews/task000016_mu000045_rho040_n0.png
0.4,45,8,license_plate_bahnschrift.ttf,CBAGJWPD6YXT0RNZL49E3HSU875KFVMQ2,0,3,1,0.34,10.119289,0.843436,0.953987,,1.0,0.0,point_previews/task000016_mu000045_rho040_n1.png
0.5,45,8,license_plate_bahnschrift.ttf,CBAGJWPD6YXT0RNZL49E3HSU875KFVMQ2,0,3,0,0.425,11.313708,0.8067,0.853272,,1.0,0.0,point_previews/task000016_mu000045_rho050_n0.png
0.5,45,8,license_plate_bahnschrift.ttf,CBAGJWPD6YXT0RNZL49E3HSU875KFVMQ2,0,3,1,0.425,11.313708,0.8067,0.853272,SCBAGJWPD6YXTRNZLASESHSUSTSKEVMG2,0.30303,0.69697,point_previews/task000016_mu000045_rho050_n1.png
0.6,45,8,license_plate_bahnschrift.ttf,CBAGJWPD6YXT0RNZL49E3HSU875KFVMQ2,0,3,0,0.51,12.393547,0.770893,0.778927,CBAGJWPD6YXTRNZLS9ESHSUSTSKFYMQ2,0.212121,0.787879,point_previews/task000016_mu000045_rho060_n0.png
0.6,45,8,license_plate_bahnschrift.ttf,CBAGJWPD6YXT0RNZL49E3HSU875KFVMQ2,0,3,1,0.51,12.393547,0.770893,0.778927,CBAGJWPDAYXTRNZCAPESHSUSTSKFYMGQ2,0.333333,0.666667,point_previews/task000016_mu000045_rho060_n1.png
0.7,45,8,license_plate_bahnschrift.ttf,CBAGJWPD6YXT0RNZL49E3HSU875KFVMQ2,0,3,0,0.595,13.38656,0.735998,0.721147,CBAGJWPDSYXTURNZL49ESHSU87SKEVMG2,0.181818,0.818182,point_previews/task000016_mu000045_rho070_n0.png
0.7,45,8,license_plate_bahnschrift.ttf,CBAGJWPD6YXT0RNZL49E3HSU875KFVMQ2,0,3,1,0.595,13.38656,0.735998,0.721147,CBAGJWPDAYXTURNZL4PESHSUBTSKEVMG2,0.272727,0.727273,point_previews/task000016_mu000045_rho070_n1.png
0.8,45,8,license_plate_bahnschrift.ttf,CBAGJWPD6YXT0RNZL49E3HSU875KFVMQ2,0,3,0,0.68,14.310835,0.701998,0.674571,CBAGJWPD6YXTARNZLG9ESHSUSTSKFYMQ2,0.212121,0.787879,point_previews/task000016_mu000045_rho080_n0.png
0.8,45,8,license_plate_bahnschrift.ttf,CBAGJWPD6YXT0RNZL49E3HSU875KFVMQ2,0,3,1,0.68,14.310835,0.701998,0.674571,CBAGJWPD6YXT0RNZL4SESHSU875KFVMG2,0.090909,0.909091,point_previews/task000016_mu000045_rho080_n1.png
0.9,45,8,license_plate_bahnschrift.ttf,CBAGJWPD6YXT0RNZL49E3HSU875KFVMQ2,0,3,0,0.765,15.178933,0.668877,0.635992,CBAGJWPDSYXTURNZLAPESHSUB7SKFVMG2,0.242424,0.757576,point_previews/task000016_mu000045_rho090_n0.png
0.9,45,8,license_plate_bahnschrift.ttf,CBAGJWPD6YXT0RNZL49E3HSU875KFVMQ2,0,3,1,0.765,15.178933,0.668877,0.635992,CSAGJWPD6YXTURNZLAPESHSUB7SKEVMG2,0.272727,0.727273,point_previews/task000016_mu000045_rho090_n1.png
1.0,45,8,license_plate_bahnschrift.ttf,CBAGJWPD6YXT0RNZL49E3HSU875KFVMQ2,0,3,0,0.85,16.0,0.63662,0.603355,CBAGJWPDSYXTURNZL49E3HSUBSTSKFVMGZ,0.242424,0.757576,point_previews/task000016_mu000045_rho100_n0.png
1.0,45,8,license_plate_bahnschrift.ttf,CBAGJWPD6YXT0RNZL49E3HSU875KFVMQ2,0,3,1,0.85,16.0,0.63662,0.603355,CBAGJWPDSYXTRNZL49E3HSU87SKEVMG2,0.151515,0.848485,point_previews/task000016_mu000045_rho100_n1.png
0.1,64,8,license_plate_bahnschrift.ttf,CBAGJWPD6YXT0RNZL49E3HSU875KFVMQ2,0,3,0,0.085,5.059644,0.959381,1.907975,CBAGUWPDRUXTURNZLATESMEUSSKEVMS,0.454545,0.545455,point_previews/task000017_mu000064_rho010_n0.png
0.1,64,8,license_plate_bahnschrift.ttf,CBAGJWPD6YXT0RNZL49E3HSU875KFVMQ2,0,3,1,0.085,5.059644,0.959381,1.907975,LBAGWEDESTURNZE4SESHSLBTSKEUMGD,0.545455,0.454545,point_previews/task000017_mu000064_rho010_n1.png
0.2,64,8,license_plate_bahnschrift.ttf,CBAGJWPD6YXT0RNZL49E3HSU875KFVMQ2,0,3,0,0.17,7.155418,0.919759,1.349142,SAGJWEDSYXTRNZEGTESHSURTSKEVHD2,0.454545,0.545455,point_previews/task000017_mu000064_rho020_n0.png
0.2,64,8,license_plate_bahnschrift.ttf,CBAGJWPD6YXT0RNZL49E3HSU875KFVMQ2,0,3,1,0.17,7.155418,0.919759,1.349142,CEACJWPDSYXTURNZLAPESHSUSTSKEVMGR,0.393939,0.606061,point_previews/task000017_mu000064_rho020_n1.png
0.3,64,8,license_plate_bahnschrift.ttf,CBAGJWPD6YXT0RNZL49E3HSU875KFVMQ2,0,3,0,0.255,8.763561,0.881116,1.10157,,1.0,0.0,point_previews/task000017_mu000064_rho030_n0.png
0.3,64,8,license_plate_bahnschrift.ttf,CBAGJWPD6YXT0RNZL49E3HSU875KFVMQ2,0,3,1,0.255,8.763561,0.881116,1.10157,,1.0,0.0,point_previews/task000017_mu000064_rho030_n1.png
0.4,64,8,license_plate_bahnschrift.ttf,CBAGJWPD6YXT0RNZL49E3HSU875KFVMQ2,0,3,0,0.34,10.119289,0.843436,0.953987,CBAGFWEDSYXTURNZLZPESHSUB7SKEVMD2,0.333333,0.666667,point_previews/task000017_mu000064_rho040_n0.png
0.4,64,8,license_plate_bahnschrift.ttf,CBAGJWPD6YXT0RNZL49E3HSU875KFVMQ2,0,3,1,0.34,10.119289,0.843436,0.953987,CBAGJWED6YXTURNZLAPESHSUSTSKFYM02,0.30303,0.69697,point_previews/task000017_mu000064_rho040_n1.png
0.5,64,8,license_plate_bahnschrift.ttf,CBAGJWPD6YXT0RNZL49E3HSU875KFVMQ2,0,3,0,0.425,11.313708,0.8067,0.853272,CBAGJWPD6YXTRNZLASESHSUB75KFVHG2,0.212121,0.787879,point_previews/task000017_mu000064_rho050_n0.png
0.5,64,8,license_plate_bahnschrift.ttf,CBAGJWPD6YXT0RNZL49E3HSU875KFVMQ2,0,3,1,0.425,11.313708,0.8067,0.853272,CBAGJWPD6YXTURNZLASESHSUB7SKFVMG2,0.212121,0.787879,point_previews/task000017_mu000064_rho050_n1.png
0.6,64,8,license_plate_bahnschrift.ttf,CBAGJWPD6YXT0RNZL49E3HSU875KFVMQ2,0,3,0,0.51,12.393547,0.770893,0.778927,CBAGSWPDSYXTURNZLA9ESHSUS7SKFVMQ2,0.212121,0.787879,point_previews/task000017_mu000064_rho060_n0.png
0.6,64,8,license_plate_bahnschrift.ttf,CBAGJWPD6YXT0RNZL49E3HSU875KFVMQ2,0,3,1,0.51,12.393547,0.770893,0.778927,CBAGJWPD6YXTURNZL49ESHSUSTSKEVMQ2,0.181818,0.818182,point_previews/task000017_mu000064_rho060_n1.png
0.7,64,8,license_plate_bahnschrift.ttf,CBAGJWPD6YXT0RNZL49E3HSU875KFVMQ2,0,3,0,0.595,13.38656,0.735998,0.721147,CBAGJWPDSYXTERNZL49E3HSUS75KEVMG2,0.151515,0.848485,point_previews/task000017_mu000064_rho070_n0.png
0.7,64,8,license_plate_bahnschrift.ttf,CBAGJWPD6YXT0RNZL49E3HSU875KFVMQ2,0,3,1,0.595,13.38656,0.735998,0.721147,CBAGJWPD6YXTURNZL49E3HSUSTSKFVMG2,0.151515,0.848485,point_previews/task000017_mu000064_rho070_n1.png
0.8,64,8,license_plate_bahnschrift.ttf,CBAGJWPD6YXT0RNZL49E3HSU875KFVMQ2,0,3,0,0.68,14.310835,0.701998,0.674571,CBAGJWPD6YXTURNZLASEZHSUS75KFVMG2,0.181818,0.818182,point_previews/task000017_mu000064_rho080_n0.png
0.8,64,8,license_plate_bahnschrift.ttf,CBAGJWPD6YXT0RNZL49E3HSU875KFVMQ2,0,3,1,0.68,14.310835,0.701998,0.674571,CBAGJWPD6YXTERNZL49E3HSU8TSKFYMQ2,0.121212,0.878788,point_previews/task000017_mu000064_rho080_n1.png
0.9,64,8,license_plate_bahnschrift.ttf,CBAGJWPD6YXT0RNZL49E3HSU875KFVMQ2,0,3,0,0.765,15.178933,0.668877,0.635992,CBAGJWPD6YXT0RNZLA9ESHSUB875KFVMQG2,0.121212,0.878788,point_previews/task000017_mu000064_rho090_n0.png
0.9,64,8,license_plate_bahnschrift.ttf,CBAGJWPD6YXT0RNZL49E3HSU875KFVMQ2,0,3,1,0.765,15.178933,0.668877,0.635992,CBAGJWPD6YXT0RNZL49E3HSUB75KFVMG2,0.060606,0.939394,point_previews/task000017_mu000064_rho090_n1.png
1.0,64,8,license_plate_bahnschrift.ttf,CBAGJWPD6YXT0RNZL49E3HSU875KFVMQ2,0,3,0,0.85,16.0,0.63662,0.603355,CBAGJWPD6YXTRNZL49ESHSUB7SKFVMG2,0.151515,0.848485,point_previews/task000017_mu000064_rho100_n0.png
1.0,64,8,license_plate_bahnschrift.ttf,CBAGJWPD6YXT0RNZL49E3HSU875KFVMQ2,0,3,1,0.85,16.0,0.63662,0.603355,CBAGJWPD6YXTGRNZL49ESHSUS75KFVMG2,0.121212,0.878788,point_previews/task000017_mu000064_rho100_n1.png
0.1,4,8,license_plate_bahnschrift.ttf,CBAGJWPD6YXT0RNZL49E3HSU875KFVMQ2,0,7,0,0.085,5.059644,0.959381,1.907975,BASPP,0.909091,0.090909,point_previews/task000018_mu000004_rho010_n0.png
0.1,4,8,license_plate_bahnschrift.ttf,CBAGJWPD6YXT0RNZL49E3HSU875KFVMQ2,0,7,1,0.085,5.059644,0.959381,1.907975,,1.0,0.0,point_previews/task000018_mu000004_rho010_n1.png
0.2,4,8,license_plate_bahnschrift.ttf,CBAGJWPD6YXT0RNZL49E3HSU875KFVMQ2,0,7,0,0.17,7.155418,0.919759,1.349142,BGRSTSA4MSRWSS,0.848485,0.151515,point_previews/task000018_mu000004_rho020_n0.png
0.2,4,8,license_plate_bahnschrift.ttf,CBAGJWPD6YXT0RNZL49E3HSU875KFVMQ2,0,7,1,0.17,7.155418,0.919759,1.349142,,1.0,0.0,point_previews/task000018_mu000004_rho020_n1.png
0.3,4,8,license_plate_bahnschrift.ttf,CBAGJWPD6YXT0RNZL49E3HSU875KFVMQ2,0,7,0,0.255,8.763561,0.881116,1.10157,AETENTSAK,0.848485,0.151515,point_previews/task000018_mu000004_rho030_n0.png
0.3,4,8,license_plate_bahnschrift.ttf,CBAGJWPD6YXT0RNZL49E3HSU875KFVMQ2,0,7,1,0.255,8.763561,0.881116,1.10157,ARSSMRRNSAASEEE,0.878788,0.121212,point_previews/task000018_mu000004_rho030_n1.png
0.4,4,8,license_plate_bahnschrift.ttf,CBAGJWPD6YXT0RNZL49E3HSU875KFVMQ2,0,7,0,0.34,10.119289,0.843436,0.953987,,1.0,0.0,point_previews/task000018_mu000004_rho040_n0.png
0.4,4,8,license_plate_bahnschrift.ttf,CBAGJWPD6YXT0RNZL49E3HSU875KFVMQ2,0,7,1,0.34,10.119289,0.843436,0.953987,PRSTASEEETTEPPT,0.909091,0.090909,point_previews/task000018_mu000004_rho040_n1.png
0.5,4,8,license_plate_bahnschrift.ttf,CBAGJWPD6YXT0RNZL49E3HSU875KFVMQ2,0,7,0,0.425,11.313708,0.8067,0.853272,PSRAVAKME,0.878788,0.121212,point_previews/task000018_mu000004_rho050_n0.png
0.5,4,8,license_plate_bahnschrift.ttf,CBAGJWPD6YXT0RNZL49E3HSU875KFVMQ2,0,7,1,0.425,11.313708,0.8067,0.853272,SRRAMRUTDTLE,0.878788,0.121212,point_previews/task000018_mu000004_rho050_n1.png
0.6,4,8,license_plate_bahnschrift.ttf,CBAGJWPD6YXT0RNZL49E3HSU875KFVMQ2,0,7,0,0.51,12.393547,0.770893,0.778927,UPLSERTTS,0.909091,0.090909,point_previews/task000018_mu000004_rho060_n0.png
0.6,4,8,license_plate_bahnschrift.ttf,CBAGJWPD6YXT0RNZL49E3HSU875KFVMQ2,0,7,1,0.51,12.393547,0.770893,0.778927,GTTRRRRUSAMEESERGS,0.878788,0.121212,point_previews/task000018_mu000004_rho060_n1.png
0.7,4,8,license_plate_bahnschrift.ttf,CBAGJWPD6YXT0RNZL49E3HSU875KFVMQ2,0,7,0,0.595,13.38656,0.735998,0.721147,,1.0,0.0,point_previews/task000018_mu000004_rho070_n0.png
0.7,4,8,license_plate_bahnschrift.ttf,CBAGJWPD6YXT0RNZL49E3HSU875KFVMQ2,0,7,1,0.595,13.38656,0.735998,0.721147,RUCUESUPNCALLLFEWTCNELSSALTE,0.939394,0.060606,point_previews/task000018_mu000004_rho070_n1.png
0.8,4,8,license_plate_bahnschrift.ttf,CBAGJWPD6YXT0RNZL49E3HSU875KFVMQ2,0,7,0,0.68,14.310835,0.701998,0.674571,ARCESNSRTTSRRENALY,0.878788,0.121212,point_previews/task000018_mu000004_rho080_n0.png
0.8,4,8,license_plate_bahnschrift.ttf,CBAGJWPD6YXT0RNZL49E3HSU875KFVMQ2,0,7,1,0.68,14.310835,0.701998,0.674571,,1.0,0.0,point_previews/task000018_mu000004_rho080_n1.png
0.9,4,8,license_plate_bahnschrift.ttf,CBAGJWPD6YXT0RNZL49E3HSU875KFVMQ2,0,7,0,0.765,15.178933,0.668877,0.635992,SCRRSBBGETMLURCESSERREMAAESS,0.909091,0.090909,point_previews/task000018_mu000004_rho090_n0.png
0.9,4,8,license_plate_bahnschrift.ttf,CBAGJWPD6YXT0RNZL49E3HSU875KFVMQ2,0,7,1,0.765,15.178933,0.668877,0.635992,,1.0,0.0,point_previews/task000018_mu000004_rho090_n1.png
1.0,4,8,license_plate_bahnschrift.ttf,CBAGJWPD6YXT0RNZL49E3HSU875KFVMQ2,0,7,0,0.85,16.0,0.63662,0.603355,RETATBENDEETTRERH,0.848485,0.151515,point_previews/task000018_mu000004_rho100_n0.png
1.0,4,8,license_plate_bahnschrift.ttf,CBAGJWPD6YXT0RNZL49E3HSU875KFVMQ2,0,7,1,0.85,16.0,0.63662,0.603355,SRACSPEAMEERPERETSGEPRLD,0.848485,0.151515,point_previews/task000018_mu000004_rho100_n1.png
0.1,6,8,license_plate_bahnschrift.ttf,CBAGJWPD6YXT0RNZL49E3HSU875KFVMQ2,0,7,0,0.085,5.059644,0.959381,1.907975,,1.0,0.0,point_previews/task000019_mu000006_rho010_n0.png
0.1,6,8,license_plate_bahnschrift.ttf,CBAGJWPD6YXT0RNZL49E3HSU875KFVMQ2,0,7,1,0.085,5.059644,0.959381,1.907975,SAERSALEMTECENRRRRTS,0.878788,0.121212,point_previews/task000019_mu000006_rho010_n1.png
0.2,6,8,license_plate_bahnschrift.ttf,CBAGJWPD6YXT0RNZL49E3HSU875KFVMQ2,0,7,0,0.17,7.155418,0.919759,1.349142,CALSSEGBMSENLSFRSMKR,0.818182,0.181818,point_previews/task000019_mu000006_rho020_n0.png
0.2,6,8,license_plate_bahnschrift.ttf,CBAGJWPD6YXT0RNZL49E3HSU875KFVMQ2,0,7,1,0.17,7.155418,0.919759,1.349142,SLAARTUCNPRRD,0.909091,0.090909,point_previews/task000019_mu000006_rho020_n1.png
0.3,6,8,license_plate_bahnschrift.ttf,CBAGJWPD6YXT0RNZL49E3HSU875KFVMQ2,0,7,0,0.255,8.763561,0.881116,1.10157,,1.0,0.0,point_previews/task000019_mu000006_rho030_n0.png
0.3,6,8,license_plate_bahnschrift.ttf,CBAGJWPD6YXT0RNZL49E3HSU875KFVMQ2,0,7,1,0.255,8.763561,0.881116,1.10157,RAMEE,0.939394,0.060606,point_previews/task000019_mu000006_rho030_n1.png
0.4,6,8,license_plate_bahnschrift.ttf,CBAGJWPD6YXT0RNZL49E3HSU875KFVMQ2,0,7,0,0.34,10.119289,0.843436,0.953987,RRCSUMERRSNRTRCRL,0.909091,0.090909,point_previews/task000019_mu000006_rho040_n0.png
0.4,6,8,license_plate_bahnschrift.ttf,CBAGJWPD6YXT0RNZL49E3HSU875KFVMQ2,0,7,1,0.34,10.119289,0.843436,0.953987,REPMUCESANRNS,0.909091,0.090909,point_previews/task000019_mu000006_rho040_n1.png
0.5,6,8,license_plate_bahnschrift.ttf,CBAGJWPD6YXT0RNZL49E3HSU875KFVMQ2,0,7,0,0.425,11.313708,0.8067,0.853272,ESRGWTETTRDTBSREARSAMHT,0.787879,0.212121,point_previews/task000019_mu000006_rho050_n0.png
0.5,6,8,license_plate_bahnschrift.ttf,CBAGJWPD6YXT0RNZL49E3HSU875KFVMQ2,0,7,1,0.425,11.313708,0.8067,0.853272,ESRARETAVSATTESS,0.909091,0.090909,point_previews/task000019_mu000006_rho050_n1.png
0.6,6,8,license_plate_bahnschrift.ttf,CBAGJWPD6YXT0RNZL49E3HSU875KFVMQ2,0,7,0,0.51,12.393547,0.770893,0.778927,CEDSAPEMRMLASUE,0.818182,0.181818,point_previews/task000019_mu000006_rho060_n0.png
0.6,6,8,license_plate_bahnschrift.ttf,CBAGJWPD6YXT0RNZL49E3HSU875KFVMQ2,0,7,1,0.51,12.393547,0.770893,0.778927,MMLEDULAEYVRERLLRRNSLTAEALES,0.878788,0.121212,point_previews/task000019_mu000006_rho060_n1.png
0.7,6,8,license_plate_bahnschrift.ttf,CBAGJWPD6YXT0RNZL49E3HSU875KFVMQ2,0,7,0,0.595,13.38656,0.735998,0.721147,,1.0,0.0,point_previews/task000019_mu000006_rho070_n0.png
0.7,6,8,license_plate_bahnschrift.ttf,CBAGJWPD6YXT0RNZL49E3HSU875KFVMQ2,0,7,1,0.595,13.38656,0.735998,0.721147,CMESTSREERRTEAESCTEEPATET,0.848485,0.151515,point_previews/task000019_mu000006_rho070_n1.png
0.8,6,8,license_plate_bahnschrift.ttf,CBAGJWPD6YXT0RNZL49E3HSU875KFVMQ2,0,7,0,0.68,14.310835,0.701998,0.674571,EBNSHPRTEDTSEEARES,0.848485,0.151515,point_previews/task000019_mu000006_rho080_n0.png
0.8,6,8,license_plate_bahnschrift.ttf,CBAGJWPD6YXT0RNZL49E3HSU875KFVMQ2,0,7,1,0.68,14.310835,0.701998,0.674571,SCHALABAYRTDETYRSBREVMR,0.818182,0.181818,point_previews/task000019_mu000006_rho080_n1.png
0.9,6,8,license_plate_bahnschrift.ttf,CBAGJWPD6YXT0RNZL49E3HSU875KFVMQ2,0,7,0,0.765,15.178933,0.668877,0.635992,,1.0,0.0,point_previews/task000019_mu000006_rho090_n0.png
0.9,6,8,license_plate_bahnschrift.ttf,CBAGJWPD6YXT0RNZL49E3HSU875KFVMQ2,0,7,1,0.765,15.178933,0.668877,0.635992,RAGPRETSUA,0.787879,0.212121,point_previews/task000019_mu000006_rho090_n1.png
1.0,6,8,license_plate_bahnschrift.ttf,CBAGJWPD6YXT0RNZL49E3HSU875KFVMQ2,0,7,0,0.85,16.0,0.63662,0.603355,CRAGUWERAYNTERRSEASRTS,0.727273,0.272727,point_previews/task000019_mu000006_rho100_n0.png
1.0,6,8,license_plate_bahnschrift.ttf,CBAGJWPD6YXT0RNZL49E3HSU875KFVMQ2,0,7,1,0.85,16.0,0.63662,0.603355,SEAGRUBEATSTURESSESHSUSTSKPS,0.727273,0.272727,point_previews/task000019_mu000006_rho100_n1.png
0.1,8,8,license_plate_bahnschrift.ttf,CBAGJWPD6YXT0RNZL49E3HSU875KFVMQ2,0,7,0,0.085,5.059644,0.959381,1.907975,,1.0,0.0,point_previews/task000020_mu000008_rho010_n0.png
0.1,8,8,license_plate_bahnschrift.ttf,CBAGJWPD6YXT0RNZL49E3HSU875KFVMQ2,0,7,1,0.085,5.059644,0.959381,1.907975,PERRMLEAWL,0.878788,0.121212,point_previews/task000020_mu000008_rho010_n1.png
0.2,8,8,license_plate_bahnschrift.ttf,CBAGJWPD6YXT0RNZL49E3HSU875KFVMQ2,0,7,0,0.17,7.155418,0.919759,1.349142,TRASENGG,0.909091,0.090909,point_previews/task000020_mu000008_rho020_n0.png
0.2,8,8,license_plate_bahnschrift.ttf,CBAGJWPD6YXT0RNZL49E3HSU875KFVMQ2,0,7,1,0.17,7.155418,0.919759,1.349142,,1.0,0.0,point_previews/task000020_mu000008_rho020_n1.png
0.3,8,8,license_plate_bahnschrift.ttf,CBAGJWPD6YXT0RNZL49E3HSU875KFVMQ2,0,7,0,0.255,8.763561,0.881116,1.10157,SAPRMGSHLANSSERSBEECE,0.848485,0.151515,point_previews/task000020_mu000008_rho030_n0.png
0.3,8,8,license_plate_bahnschrift.ttf,CBAGJWPD6YXT0RNZL49E3HSU875KFVMQ2,0,7,1,0.255,8.763561,0.881116,1.10157,SEPPR2GS,0.909091,0.090909,point_previews/task000020_mu000008_rho030_n1.png
0.4,8,8,license_plate_bahnschrift.ttf,CBAGJWPD6YXT0RNZL49E3HSU875KFVMQ2,0,7,0,0.34,10.119289,0.843436,0.953987,SFERUNTPARMEETSATE,0.909091,0.090909,point_previews/task000020_mu000008_rho040_n0.png
0.4,8,8,license_plate_bahnschrift.ttf,CBAGJWPD6YXT0RNZL49E3HSU875KFVMQ2,0,7,1,0.34,10.119289,0.843436,0.953987,GLGANLN,0.909091,0.090909,point_previews/task000020_mu000008_rho040_n1.png
0.5,8,8,license_plate_bahnschrift.ttf,CBAGJWPD6YXT0RNZL49E3HSU875KFVMQ2,0,7,0,0.425,11.313708,0.8067,0.853272,PRCNERCLLGCENTA,0.878788,0.121212,point_previews/task000020_mu000008_rho050_n0.png
0.5,8,8,license_plate_bahnschrift.ttf,CBAGJWPD6YXT0RNZL49E3HSU875KFVMQ2,0,7,1,0.425,11.313708,0.8067,0.853272,EPAGPPASLRNAERRREVGS,0.787879,0.212121,point_previews/task000020_mu000008_rho050_n1.png
0.6,8,8,license_plate_bahnschrift.ttf,CBAGJWPD6YXT0RNZL49E3HSU875KFVMQ2,0,7,0,0.51,12.393547,0.770893,0.778927,CSAGAEDAVKBWYECESELTA,0.818182,0.181818,point_previews/task000020_mu000008_rho060_n0.png
0.6,8,8,license_plate_bahnschrift.ttf,CBAGJWPD6YXT0RNZL49E3HSU875KFVMQ2,0,7,1,0.51,12.393547,0.770893,0.778927,CEEAHMPTAYSYERMEURCESASURTSKEKS,0.757576,0.242424,point_previews/task000020_mu000008_rho060_n1.png
0.7,8,8,license_plate_bahnschrift.ttf,CBAGJWPD6YXT0RNZL49E3HSU875KFVMQ2,0,7,0,0.595,13.38656,0.735998,0.721147,CBAGRARTCTSTBHEPEMHS8YBPAS2,0.69697,0.30303,point_previews/task000020_mu000008_rho070_n0.png
0.7,8,8,license_plate_bahnschrift.ttf,CBAGJWPD6YXT0RNZL49E3HSU875KFVMQ2,0,7,1,0.595,13.38656,0.735998,0.721147,ERGAWEDATDRNELLRETACEAGHEREE,0.757576,0.242424,point_previews/task000020_mu000008_rho070_n1.png
0.8,8,8,license_plate_bahnschrift.ttf,CBAGJWPD6YXT0RNZL49E3HSU875KFVMQ2,0,7,0,0.68,14.310835,0.701998,0.674571,CPRUTWRBAYSGRRCGESHGUSRPUME,0.757576,0.242424,point_previews/task000020_mu000008_rho080_n0.png
0.8,8,8,license_plate_bahnschrift.ttf,CBAGJWPD6YXT0RNZL49E3HSU875KFVMQ2,0,7,1,0.68,14.310835,0.701998,0.674571,CSAGTWTBYETARHTESHSUEVD,0.636364,0.363636,point_previews/task000020_mu000008_rho080_n1.png
0.9,8,8,license_plate_bahnschrift.ttf,CBAGJWPD6YXT0RNZL49E3HSU875KFVMQ2,0,7,0,0.765,15.178933,0.668877,0.635992,DRAGAWEDARSTURNELESESHSUSSREYNGZ,0.636364,0.363636,point_previews/task000020_mu000008_rho090_n0.png
0.9,8,8,license_plate_bahnschrift.ttf,CBAGJWPD6YXT0RNZL49E3HSU875KFVMQ2,0,7,1,0.765,15.178933,0.668877,0.635992,TREGHBEPEYNTURCAEAHSREA,0.787879,0.212121,point_previews/task000020_mu000008_rho090_n1.png
1.0,8,8,license_plate_bahnschrift.ttf,CBAGJWPD6YXT0RNZL49E3HSU875KFVMQ2,0,7,0,0.85,16.0,0.63662,0.603355,CHEGVPBAYSTRRRZLABSASSKEVG2,0.636364,0.363636,point_previews/task000020_mu000008_rho100_n0.png
1.0,8,8,license_plate_bahnschrift.ttf,CBAGJWPD6YXT0RNZL49E3HSU875KFVMQ2,0,7,1,0.85,16.0,0.63662,0.603355,GRACTWPDSPCRANEWESHSUSTEKEVMED,0.636364,0.363636,point_previews/task000020_mu000008_rho100_n1.png
0.1,11,8,license_plate_bahnschrift.ttf,CBAGJWPD6YXT0RNZL49E3HSU875KFVMQ2,0,7,0,0.085,5.059644,0.959381,1.907975,,1.0,0.0,point_previews/task000021_mu000011_rho010_n0.png
0.1,11,8,license_plate_bahnschrift.ttf,CBAGJWPD6YXT0RNZL49E3HSU875KFVMQ2,0,7,1,0.085,5.059644,0.959381,1.907975,SBEKEFRCDRCE,0.909091,0.090909,point_previews/task000021_mu000011_rho010_n1.png
0.2,11,8,license_plate_bahnschrift.ttf,CBAGJWPD6YXT0RNZL49E3HSU875KFVMQ2,0,7,0,0.17,7.155418,0.919759,1.349142,PEMUNTRSREARPESEEEEE,0.878788,0.121212,point_previews/task000021_mu000011_rho020_n0.png
0.2,11,8,license_plate_bahnschrift.ttf,CBAGJWPD6YXT0RNZL49E3HSU875KFVMQ2,0,7,1,0.17,7.155418,0.919759,1.349142,SBASECNYUSTRARTCBSRY,0.848485,0.151515,point_previews/task000021_mu000011_rho020_n1.png
0.3,11,8,license_plate_bahnschrift.ttf,CBAGJWPD6YXT0RNZL49E3HSU875KFVMQ2,0,7,0,0.255,8.763561,0.881116,1.10157,SREATCHSYTBRYSPARRCLLAWEACEET,0.909091,0.090909,point_previews/task000021_mu000011_rho030_n0.png
0.3,11,8,license_plate_bahnschrift.ttf,CBAGJWPD6YXT0RNZL49E3HSU875KFVMQ2,0,7,1,0.255,8.763561,0.881116,1.10157,RUATLELSPRSTE,0.848485,0.151515,point_previews/task000021_mu000011_rho030_n1.png
0.4,11,8,license_plate_bahnschrift.ttf,CBAGJWPD6YXT0RNZL49E3HSU875KFVMQ2,0,7,0,0.34,10.119289,0.843436,0.953987,BEESEPUEYEAREPCASEMSERSCEAMEED,0.818182,0.181818,point_previews/task000021_mu000011_rho040_n0.png
0.4,11,8,license_plate_bahnschrift.ttf,CBAGJWPD6YXT0RNZL49E3HSU875KFVMQ2,0,7,1,0.34,10.119289,0.843436,0.953987,SARLAATEGNTURTEZESEPSPNSZ,0.848485,0.151515,point_previews/task000021_mu000011_rho040_n1.png
0.5,11,8,license_plate_bahnschrift.ttf,CBAGJWPD6YXT0RNZL49E3HSU875KFVMQ2,0,7,0,0.425,11.313708,0.8067,0.853272,CHADMRBEVRTURRGSR9SSESURSEVAR,0.757576,0.242424,point_previews/task000021_mu000011_rho050_n0.png
0.5,11,8,license_plate_bahnschrift.ttf,CBAGJWPD6YXT0RNZL49E3HSU875KFVMQ2,0,7,1,0.425,11.313708,0.8067,0.853272,BESBPRCDENSTHRTAAEBHBUSTSKPED,0.787879,0.212121,point_previews/task000021_mu000011_rho050_n1.png
0.6,11,8,license_plate_bahnschrift.ttf,CBAGJWPD6YXT0RNZL49E3HSU875KFVMQ2,0,7,0,0.51,12.393547,0.770893,0.778927,TEAGTVEREYXTARWZELPERHSUSTEKRAC2,0.606061,0.393939,point_previews/task000021_mu000011_rho060_n0.png
0.6,11,8,license_plate_bahnschrift.ttf,CBAGJWPD6YXT0RNZL49E3HSU875KFVMQ2,0,7,1,0.51,12.393547,0.770893,0.778927,DRAGVPUAXTERNASCUSUSTSRPMEE,0.69697,0.30303,point_previews/task000021_mu000011_rho060_n1.png
0.7,11,8,license_plate_bahnschrift.ttf,CBAGJWPD6YXT0RNZL49E3HSU875KFVMQ2,0,7,0,0.595,13.38656,0.735998,0.721147,SAGTNEDEYSWURZEAESASHPSKEVGZ,0.69697,0.30303,point_previews/task000021_mu000011_rho070_n0.png
0.7,11,8,license_plate_bahnschrift.ttf,CBAGJWPD6YXT0RNZL49E3HSU875KFVMQ2,0,7,1,0.595,13.38656,0.735998,0.721147,PUAGWERAYXTARZEBEZHSUBTSKEVM,0.545455,0.454545,point_previews/task000021_mu000011_rho070_n1.png
0.8,11,8,license_plate_bahnschrift.ttf,CBAGJWPD6YXT0RNZL49E3HSU875KFVMQ2,0,7,0,0.68,14.310835,0.701998,0.674571,CBAGWSTRNZLASSSHSSKEYMGS,0.575758,0.424242,point_previews/task000021_mu000011_rho080_n0.png
0.8,11,8,license_plate_bahnschrift.ttf,CBAGJWPD6YXT0RNZL49E3HSU875KFVMQ2,0,7,1,0.68,14.310835,0.701998,0.674571,,1.0,0.0,point_previews/task000021_mu000011_rho080_n1.png
0.9,11,8,license_plate_bahnschrift.ttf,CBAGJWPD6YXT0RNZL49E3HSU875KFVMQ2,0,7,0,0.765,15.178933,0.668877,0.635992,SRABJWENSYXTHRRZCASCSHSLSPSKEVHG2,0.606061,0.393939,point_previews/task000021_mu000011_rho090_n0.png
0.9,11,8,license_plate_bahnschrift.ttf,CBAGJWPD6YXT0RNZL49E3HSU875KFVMQ2,0,7,1,0.765,15.178933,0.668877,0.635992,DCRAGJWPDSYXFURNZLASESHSLSPEKEVMUS,0.454545,0.545455,point_previews/task000021_mu000011_rho090_n1.png
1.0,11,8,license_plate_bahnschrift.ttf,CBAGJWPD6YXT0RNZL49E3HSU875KFVMQ2,0,7,0,0.85,16.0,0.63662,0.603355,CEAGNEDAYXTARNEGPESHSUSTSKEUMED,0.545455,0.454545,point_previews/task000021_mu000011_rho100_n0.png
1.0,11,8,license_plate_bahnschrift.ttf,CBAGJWPD6YXT0RNZL49E3HSU875KFVMQ2,0,7,1,0.85,16.0,0.63662,0.603355,,1.0,0.0,point_previews/task000021_mu000011_rho100_n1.png
0.1,16,8,license_plate_bahnschrift.ttf,CBAGJWPD6YXT0RNZL49E3HSU875KFVMQ2,0,7,0,0.085,5.059644,0.959381,1.907975,SGLEYDSGFETESNCEANRSSGBRES,0.878788,0.121212,point_previews/task000022_mu000016_rho010_n0.png
0.1,16,8,license_plate_bahnschrift.ttf,CBAGJWPD6YXT0RNZL49E3HSU875KFVMQ2,0,7,1,0.085,5.059644,0.959381,1.907975,PRSHETAEUNBARR,0.878788,0.121212,point_previews/task000022_mu000016_rho010_n1.png
0.2,16,8,license_plate_bahnschrift.ttf,CBAGJWPD6YXT0RNZL49E3HSU875KFVMQ2,0,7,0,0.17,7.155418,0.919759,1.349142,,1.0,0.0,point_previews/task000022_mu000016_rho020_n0.png
0.2,16,8,license_plate_bahnschrift.ttf,CBAGJWPD6YXT0RNZL49E3HSU875KFVMQ2,0,7,1,0.17,7.155418,0.919759,1.349142,QDSRASPRTENAAR,0.909091,0.090909,point_previews/task000022_mu000016_rho020_n1.png
0.3,16,8,license_plate_bahnschrift.ttf,CBAGJWPD6YXT0RNZL49E3HSU875KFVMQ2,0,7,0,0.255,8.763561,0.881116,1.10157,SSPTEANSTELEAMSLSTSEEUMDS,0.818182,0.181818,point_previews/task000022_mu000016_rho030_n0.png
0.3,16,8,license_plate_bahnschrift.ttf,CBAGJWPD6YXT0RNZL49E3HSU875KFVMQ2,0,7,1,0.255,8.763561,0.881116,1.10157,,1.0,0.0,point_previews/task000022_mu000016_rho030_n1.png
0.4,16,8,license_plate_bahnschrift.ttf,CBAGJWPD6YXT0RNZL49E3HSU875KFVMQ2,0,7,0,0.34,10.119289,0.843436,0.953987,TRAGHWFGTRTURREEASESHSUETSKEMDE,0.666667,0.333333,point_previews/task000022_mu000016_rho040_n0.png
0.4,16,8,license_plate_bahnschrift.ttf,CBAGJWPD6YXT0RNZL49E3HSU875KFVMQ2,0,7,1,0.34,10.119289,0.843436,0.953987,,1.0,0.0,point_previews/task000022_mu000016_rho040_n1.png
0.5,16,8,license_plate_bahnschrift.ttf,CBAGJWPD6YXT0RNZL49E3HSU875KFVMQ2,0,7,0,0.425,11.313708,0.8067,0.853272,CBABTNPUBYRDRNTLGEHSUSSSREUMGD,0.606061,0.393939,point_previews/task000022_mu000016_rho050_n0.png
0.5,16,8,license_plate_bahnschrift.ttf,CBAGJWPD6YXT0RNZL49E3HSU875KFVMQ2,0,7,1,0.425,11.313708,0.8067,0.853272,BAGTWRDSYXTDRNYLSSHSUETSKEVARS,0.515152,0.484848,point_previews/task000022_mu000016_rho050_n1.png
0.6,16,8,license_plate_bahnschrift.ttf,CBAGJWPD6YXT0RNZL49E3HSU875KFVMQ2,0,7,0,0.51,12.393547,0.770893,0.778927,B2GECAYRTRRNZE9ESHSUBSREYMAD,0.606061,0.393939,point_previews/task000022_mu000016_rho060_n0.png
0.6,16,8,license_plate_bahnschrift.ttf,CBAGJWPD6YXT0RNZL49E3HSU875KFVMQ2,0,7,1,0.51,12.393547,0.770893,0.778927,CBAGUWEDEYXTBRNZEASESHSUBTSKEUMDD,0.454545,0.545455,point_previews/task000022_mu000016_rho060_n1.png
0.7,16,8,license_plate_bahnschrift.ttf,CBAGJWPD6YXT0RNZL49E3HSU875KFVMQ2,0,7,0,0.595,13.38656,0.735998,0.721147,CSAGSWPDEYXTURNZELREHSUSTSKEM2,0.424242,0.575758,point_previews/task000022_mu000016_rho070_n0.png
0.7,16,8,license_plate_bahnschrift.ttf,CBAGJWPD6YXT0RNZL49E3HSU875KFVMQ2,0,7,1,0.595,13.38656,0.735998,0.721147,,1.0,0.0,point_previews/task000022_mu000016_rho070_n1.png
0.8,16,8,license_plate_bahnschrift.ttf,CBAGJWPD6YXT0RNZL49E3HSU875KFVMQ2,0,7,0,0.68,14.310835,0.701998,0.674571,CBAGJWEDSYXTURNZLASESUSUBTSKEVMG2,0.363636,0.636364,point_previews/task000022_mu000016_rho080_n0.png
0.8,16,8,license_plate_bahnschrift.ttf,CBAGJWPD6YXT0RNZL49E3HSU875KFVMQ2,0,7,1,0.68,14.310835,0.701998,0.674571,JCBAGDWPDSYXTURNGLA9ESHSUBTREACS,0.484848,0.515152,point_previews/task000022_mu000016_rho080_n1.png
0.9,16,8,license_plate_bahnschrift.ttf,CBAGJWPD6YXT0RNZL49E3HSU875KFVMQ2,0,7,0,0.765,15.178933,0.668877,0.635992,,1.0,0.0,point_previews/task000022_mu000016_rho090_n0.png
0.9,16,8,license_plate_bahnschrift.ttf,CBAGJWPD6YXT0RNZL49E3HSU875KFVMQ2,0,7,1,0.765,15.178933,0.668877,0.635992,CEAGVPRSYXTURNZEZGESHSLBTSHEVMGS,0.545455,0.454545,point_previews/task000022_mu000016_rho090_n1.png
1.0,16,8,license_plate_bahnschrift.ttf,CBAGJWPD6YXT0RNZL49E3HSU875KFVMQ2,0,7,0,0.85,16.0,0.63662,0.603355,CBAGJWEDGYXTBRNZLASESHSUBSKEVMED,0.363636,0.636364,point_previews/task000022_mu000016_rho100_n0.png
1.0,16,8,license_plate_bahnschrift.ttf,CBAGJWPD6YXT0RNZL49E3HSU875KFVMQ2,0,7,1,0.85,16.0,0.63662,0.603355,CRAGJWRDEYXTURNZCASESHSHSTSKFVRS,0.454545,0.545455,point_previews/task000022_mu000016_rho100_n1.png
0.1,23,8,license_plate_bahnschrift.ttf,CBAGJWPD6YXT0RNZL49E3HSU875KFVMQ2,0,7,0,0.085,5.059644,0.959381,1.907975,,1.0,0.0,point_previews/task000023_mu000023_rho010_n0.png
0.1,23,8,license_plate_bahnschrift.ttf,CBAGJWPD6YXT0RNZL49E3HSU875KFVMQ2,0,7,1,0.085,5.059644,0.959381,1.907975,RSAWEMLBAMSPTG,0.878788,0.121212,point_previews/task000023_mu000023_rho010_n1.png
0.2,23,8,license_plate_bahnschrift.ttf,CBAGJWPD6YXT0RNZL49E3HSU875KFVMQ2,0,7,0,0.17,7.155418,0.919759,1.349142,CBATNPHEYSFUNKSSR,0.757576,0.242424,point_previews/task000023_mu000023_rho020_n0.png
0.2,23,8,license_plate_bahnschrift.ttf,CBAGJWPD6YXT0RNZL49E3HSU875KFVMQ2,0,7,1,0.17,7.155418,0.919759,1.349142,CSAGERRRTHRNTREHSUSKPMZ,0.636364,0.363636,point_previews/task000023_mu000023_rho020_n1.png
0.3,23,8,license_plate_bahnschrift.ttf,CBAGJWPD6YXT0RNZL49E3HSU875KFVMQ2,0,7,0,0.255,8.763561,0.881116,1.10157,CBAGLSPETRTGRNZEASESASHETSKEVMR,0.575758,0.424242,point_previews/task000023_mu000023_rho030_n0.png
0.3,23,8,license_plate_bahnschrift.ttf,CBAGJWPD6YXT0RNZL49E3HSU875KFVMQ2,0,7,1,0.255,8.763561,0.881116,1.10157,,1.0,0.0,point_previews/task000023_mu000023_rho030_n1.png
0.4,23,8,license_plate_bahnschrift.ttf,CBAGJWPD6YXT0RNZL49E3HSU875KFVMQ2,0,7,0,0.34,10.119289,0.843436,0.953987,,1.0,0.0,point_previews/task000023_mu000023_rho040_n0.png
0.4,23,8,license_plate_bahnschrift.ttf,CBAGJWPD6YXT0RNZL49E3HSU875KFVMQ2,0,7,1,0.34,10.119289,0.843436,0.953987,CRAGTWPCBYRTCRNZEASESHSUSSKEWME2,0.484848,0.515152,point_previews/task000023_mu000023_rho040_n1.png
0.5,23,8,license_plate_bahnschrift.ttf,CBAGJWPD6YXT0RNZL49E3HSU875KFVMQ2,0,7,0,0.425,11.313708,0.8067,0.853272,CBAGJWRUSYRTURMELSSESASUSTEKEVM,0.515152,0.484848,point_previews/task000023_mu000023_rho050_n0.png
0.5,23,8,license_plate_bahnschrift.ttf,CBAGJWPD6YXT0RNZL49E3HSU875KFVMQ2,0,7,1,0.425,11.313708,0.8067,0.853272,CRAGJWEDSVNTURNZLAPEZASUATSKEVMZ,0.484848,0.515152,point_previews/task000023_mu000023_rho050_n1.png
0.6,23,8,license_plate_bahnschrift.ttf,CBAGJWPD6YXT0RNZL49E3HSU875KFVMQ2,0,7,0,0.51,12.393547,0.770893,0.778927,CEAGTWSDSYXTURNZEZSESHSUBTSKEUMAD,0.484848,0.515152,point_previews/task000023_mu000023_rho060_n0.png
0.6,23,8,license_plate_bahnschrift.ttf,CBAGJWPD6YXT0RNZL49E3HSU875KFVMQ2,0,7,1,0.51,12.393547,0.770893,0.778927,CRAGJWPEDAYXFURNZELSEGHSUSTEKEVMG2,0.424242,0.575758,point_previews/task000023_mu000023_rho060_n1.png
0.7,23,8,license_plate_bahnschrift.ttf,CBAGJWPD6YXT0RNZL49E3HSU875KFVMQ2,0,7,0,0.595,13.38656,0.735998,0.721147,,1.0,0.0,point_previews/task000023_mu000023_rho070_n0.png
0.7,23,8,license_plate_bahnschrift.ttf,CBAGJWPD6YXT0RNZL49E3HSU875KFVMQ2,0,7,1,0.595,13.38656,0.735998,0.721147,CBAGJWEDEYXTGRNZESPESHSUSTSKEVMG2,0.363636,0.636364,point_previews/task000023_mu000023_rho070_n1.png
0.8,23,8,license_plate_bahnschrift.ttf,CBAGJWPD6YXT0RNZL49E3HSU875KFVMQ2,0,7,0,0.68,14.310835,0.701998,0.674571,,1.0,0.0,point_previews/task000023_mu000023_rho080_n0.png
0.8,23,8,license_plate_bahnschrift.ttf,CBAGJWPD6YXT0RNZL49E3HSU875KFVMQ2,0,7,1,0.68,14.310835,0.701998,0.674571,CBAGSWENEYXTRNZLAVESHSUSTSKEVMQR,0.393939,0.606061,point_previews/task000023_mu000023_rho080_n1.png
0.9,23,8,license_plate_bahnschrift.ttf,CBAGJWPD6YXT0RNZL49E3HSU875KFVMQ2,0,7,0,0.765,15.178933,0.668877,0.635992,CBAGJWPUSYXTRNZLASESHSUBTSKEVMGZ,0.363636,0.636364,point_previews/task000023_mu000023_rho090_n0.png
0.9,23,8,license_plate_bahnschrift.ttf,CBAGJWPD6YXT0RNZL49E3HSU875KFVMQ2,0,7,1,0.765,15.178933,0.668877,0.635992,ESAGJWEBSYRTURNZLZSESHSUSTSKFVMA2,0.424242,0.575758,point_previews/task000023_mu000023_rho090_n1.png
1.0,23,8,license_plate_bahnschrift.ttf,CBAGJWPD6YXT0RNZL49E3HSU875KFVMQ2,0,7,0,0.85,16.0,0.63662,0.603355,CBAGWPDEYXTRNZLAPESHSUBTSKEVMD2,0.333333,0.666667,point_previews/task000023_mu000023_rho100_n0.png
1.0,23,8,license_plate_bahnschrift.ttf,CBAGJWPD6YXT0RNZL49E3HSU875KFVMQ2,0,7,1,0.85,16.0,0.63662,0.603355,,1.0,0.0,point_previews/task000023_mu000023_rho100_n1.png
0.1,32,8,license_plate_bahnschrift.ttf,CBAGJWPD6YXT0RNZL49E3HSU875KFVMQ2,0,7,0,0.085,5.059644,0.959381,1.907975,ASTNRGERTGALBSSPTAT,0.878788,0.121212,point_previews/task000024_mu000032_rho010_n0.png
0.1,32,8,license_plate_bahnschrift.ttf,CBAGJWPD6YXT0RNZL49E3HSU875KFVMQ2,0,7,1,0.085,5.059644,0.959381,1.907975,RBPRCTAREMSRPE,0.818182,0.181818,point_previews/task000024_mu000032_rho010_n1.png
0.2,32,8,license_plate_bahnschrift.ttf,CBAGJWPD6YXT0RNZL49E3HSU875KFVMQ2,0,7,0,0.17,7.155418,0.919759,1.349142,SSAGTWPHAYSTURMZSSESUCUTEREYMGD,0.666667,0.333333,point_previews/task000024_mu000032_rho020_n0.png
0.2,32,8,license_plate_bahnschrift.ttf,CBAGJWPD6YXT0RNZL49E3HSU875KFVMQ2,0,7,1,0.17,7.155418,0.919759,1.349142,DEAGAWATAYETARNALASESMSLSTEKEEMD,0.636364,0.363636,point_previews/task000024_mu000032_rho020_n1.png
0.3,32,8,license_plate_bahnschrift.ttf,CBAGJWPD6YXT0RNZL49E3HSU875KFVMQ2,0,7,0,0.255,8.763561,0.881116,1.10157,SCBABJWERAYNTARNZESTESASUS7SKEVAE,0.545455,0.454545,point_previews/task000024_mu000032_rho030_n0.png
0.3,32,8,license_plate_bahnschrift.ttf,CBAGJWPD6YXT0RNZL49E3HSU875KFVMQ2,0,7,1,0.255,8.763561,0.881116,1.10157,DBENGNEUGEXTERNZEGSESHSUSTSKFUMDS,0.606061,0.393939,point_previews/task000024_mu000032_rho030_n1.png
0.4,32,8,license_plate_bahnschrift.ttf,CBAGJWPD6YXT0RNZL49E3HSU875KFVMQ2,0,7,0,0.34,10.119289,0.843436,0.953987,,1.0,0.0,point_previews/task000024_mu000032_rho040_n0.png
0.4,32,8,license_plate_bahnschrift.ttf,CBAGJWPD6YXT0RNZL49E3HSU875KFVMQ2,0,7,1,0.34,10.119289,0.843436,0.953987,,1.0,0.0,point_previews/task000024_mu000032_rho040_n1.png
0.5,32,8,license_plate_bahnschrift.ttf,CBAGJWPD6YXT0RNZL49E3HSU875KFVMQ2,0,7,0,0.425,11.313708,0.8067,0.853272,,1.0,0.0,point_previews/task000024_mu000032_rho050_n0.png
0.5,32,8,license_plate_bahnschrift.ttf,CBAGJWPD6YXT0RNZL49E3HSU875KFVMQ2,0,7,1,0.425,11.313708,0.8067,0.853272,,1.0,0.0,point_previews/task000024_mu000032_rho050_n1.png
0.6,32,8,license_plate_bahnschrift.ttf,CBAGJWPD6YXT0RNZL49E3HSU875KFVMQ2,0,7,0,0.51,12.393547,0.770893,0.778927,CBAGSWPDAYXTURNZLEPESHSUSTSKEVMGD,0.363636,0.636364,point_previews/task000024_mu000032_rho060_n0.png
0.6,32,8,license_plate_bahnschrift.ttf,CBAGJWPD6YXT0RNZL49E3HSU875KFVMQ2,0,7,1,0.51,12.393547,0.770893,0.778927,,1.0,0.0,point_previews/task000024_mu000032_rho060_n1.png
0.7,32,8,license_plate_bahnschrift.ttf,CBAGJWPD6YXT0RNZL49E3HSU875KFVMQ2,0,7,0,0.595,13.38656,0.735998,0.721147,CBAGJWPDSYXTRNZLASESHSUSTSKEYMG2,0.333333,0.666667,point_previews/task000024_mu000032_rho070_n0.png
0.7,32,8,license_plate_bahnschrift.ttf,CBAGJWPD6YXT0RNZL49E3HSU875KFVMQ2,0,7,1,0.595,13.38656,0.735998,0.721147,CBAGJWEDSYXTRNZL29ESHSUSTSKEVM2,0.30303,0.69697,point_previews/task000024_mu000032_rho070_n1.png
0.8,32,8,license_plate_bahnschrift.ttf,CBAGJWPD6YXT0RNZL49E3HSU875KFVMQ2,0,7,0,0.68,14.310835,0.701998,0.674571,CBAGJWEDGYXTURRZLUSESHSUSTSKEVMGR,0.393939,0.606061,point_previews/task000024_mu000032_rho080_n0.png
0.8,32,8,license_plate_bahnschrift.ttf,CBAGJWPD6YXT0RNZL49E3HSU875KFVMQ2,0,7,1,0.68,14.310835,0.701998,0.674571,CBAGJWEDSYXTDRNZLAPESHSUSTSRFYMQ2,0.333333,0.666667,point_previews/task000024_mu000032_rho080_n1.png
0.9,32,8,license_plate_bahnschrift.ttf,CBAGJWPD6YXT0RNZL49E3HSU875KFVMQ2,0,7,0,0.765,15.178933,0.668877,0.635992,CBAGJWPDSYXTQRNZLSSESHSUBTSKEVMG2,0.30303,0.69697,point_previews/task000024_mu000032_rho090_n0.png
0.9,32,8,license_plate_bahnschrift.ttf,CBAGJWPD6YXT0RNZL49E3HSU875KFVMQ2,0,7,1,0.765,15.178933,0.668877,0.635992,CBAGJWPDSYXTBRNZLAPESHSUBTSKEVMG2,0.30303,0.69697,point_previews/task000024_mu000032_rho090_n1.png
1.0,32,8,license_plate_bahnschrift.ttf,CBAGJWPD6YXT0RNZL49E3HSU875KFVMQ2,0,7,0,0.85,16.0,0.63662,0.603355,CBAGJWPDSYXTURNZL4SESHSU875KEVM02,0.181818,0.818182,point_previews/task000024_mu000032_rho100_n0.png
1.0,32,8,license_plate_bahnschrift.ttf,CBAGJWPD6YXT0RNZL49E3HSU875KFVMQ2,0,7,1,0.85,16.0,0.63662,0.603355,CBAGJWED6YXTURNZESYESHSUBTSKEVMG2,0.333333,0.666667,point_previews/task000024_mu000032_rho100_n1.png
0.1,45,8,license_plate_bahnschrift.ttf,CBAGJWPD6YXT0RNZL49E3HSU875KFVMQ2,0,7,0,0.085,5.059644,0.959381,1.907975,REAGUPHERHTRNCS25E2NASRESM,0.757576,0.242424,point_previews/task000025_mu000045_rho010_n0.png
0.1,45,8,license_plate_bahnschrift.ttf,CBAGJWPD6YXT0RNZL49E3HSU875KFVMQ2,0,7,1,0.085,5.059644,0.959381,1.907975,SESAERRPUREATETCS2SES,0.878788,0.121212,point_previews/task000025_mu000045_rho010_n1.png
0.2,45,8,license_plate_bahnschrift.ttf,CBAGJWPD6YXT0RNZL49E3HSU875KFVMQ2,0,7,0,0.17,7.155418,0.919759,1.349142,CBABWFUSYXTURNZAEHSTSKH,0.575758,0.424242,point_previews/task000025_mu000045_rho020_n0.png
0.2,45,8,license_plate_bahnschrift.ttf,CBAGJWPD6YXT0RNZL49E3HSU875KFVMQ2,0,7,1,0.17,7.155418,0.919759,1.349142,,1.0,0.0,point_previews/task000025_mu000045_rho020_n1.png
0.3,45,8,license_plate_bahnschrift.ttf,CBAGJWPD6YXT0RNZL49E3HSU875KFVMQ2,0,7,0,0.255,8.763561,0.881116,1.10157,,1.0,0.0,point_previews/task000025_mu000045_rho030_n0.png
0.3,45,8,license_plate_bahnschrift.ttf,CBAGJWPD6YXT0RNZL49E3HSU875KFVMQ2,0,7,1,0.255,8.763561,0.881116,1.10157,ERABJWPDSYRTRNZEAPESHSUSTKEVMGZ,0.484848,0.515152,point_previews/task000025_mu000045_rho030_n1.png
0.4,45,8,license_plate_bahnschrift.ttf,CBAGJWPD6YXT0RNZL49E3HSU875KFVMQ2,0,7,0,0.34,10.119289,0.843436,0.953987,CBAGAWPDAYRTURNZL4FESHSUSTHKEVMA2,0.333333,0.666667,point_previews/task000025_mu000045_rho040_n0.png
0.4,45,8,license_plate_bahnschrift.ttf,CBAGJWPD6YXT0RNZL49E3HSU875KFVMQ2,0,7,1,0.34,10.119289,0.843436,0.953987,CBAGJWPDEYXTRNZLASESHSUBTSKEYM2,0.333333,0.666667,point_previews/task000025_mu000045_rho040_n1.png
0.5,45,8,license_plate_bahnschrift.ttf,CBAGJWPD6YXT0RNZL49E3HSU875KFVMQ2,0,7,0,0.425,11.313708,0.8067,0.853272,CBAGJWEDAYXTURNZE4SESHSUSTSKEVMQ2,0.30303,0.69697,point_previews/task000025_mu000045_rho050_n0.png
0.5,45,8,license_plate_bahnschrift.ttf,CBAGJWPD6YXT0RNZL49E3HSU875KFVMQ2,0,7,1,0.425,11.313708,0.8067,0.853272,,1.0,0.0,point_previews/task000025_mu000045_rho050_n1.png
0.6,45,8,license_plate_bahnschrift.ttf,CBAGJWPD6YXT0RNZL49E3HSU875KFVMQ2,0,7,0,0.51,12.393547,0.770893,0.778927,CBAGJWED6YXTURNZL4PESHSUBTSKEVM02,0.272727,0.727273,point_previews/task000025_mu000045_rho060_n0.png
0.6,45,8,license_plate_bahnschrift.ttf,CBAGJWPD6YXT0RNZL49E3HSU875KFVMQ2,0,7,1,0.51,12.393547,0.770893,0.778927,CBAGJWPDSYXTURNZLA9ESHSUSTSKEVMG2,0.272727,0.727273,point_previews/task000025_mu000045_rho060_n1.png
0.7,45,8,license_plate_bahnschrift.ttf,CBAGJWPD6YXT0RNZL49E3HSU875KFVMQ2,0,7,0,0.595,13.38656,0.735998,0.721147,CBAGJWPDSYXTRNZL4PESHSUBTSKEVMQ2,0.242424,0.757576,point_previews/task000025_mu000045_rho070_n0.png
0.7,45,8,license_plate_bahnschrift.ttf,CBAGJWPD6YXT0RNZL49E3HSU875KFVMQ2,0,7,1,0.595,13.38656,0.735998,0.721147,CBAGJWPDSYXTGRNZL49ESHSUBTSKEYMG2,0.272727,0.727273,point_previews/task000025_mu000045_rho070_n1.png
0.8,45,8,license_plate_bahnschrift.ttf,CBAGJWPD6YXT0RNZL49E3HSU875KFVMQ2,0,7,0,0.68,14.310835,0.701998,0.674571,CBAGJWPD6YXT0RNZL49E3HSU875KFVMG2,0.030303,0.969697,point_previews/task000025_mu000045_rho080_n0.png
0.8,45,8,license_plate_bahnschrift.ttf,CBAGJWPD6YXT0RNZL49E3HSU875KFVMQ2,0,7,1,0.68,14.310835,0.701998,0.674571,CBAGJWPD6YXTRNZL49ESHSUB75KFYM2,0.151515,0.848485,point_previews/task000025_mu000045_rho080_n1.png
0.9,45,8,license_plate_bahnschrift.ttf,CBAGJWPD6YXT0RNZL49E3HSU875KFVMQ2,0,7,0,0.765,15.178933,0.668877,0.635992,CBAGJWPD6YXTRNZLGSESHSUB7SKEVMQG2,0.242424,0.757576,point_previews/task000025_mu000045_rho090_n0.png
0.9,45,8,license_plate_bahnschrift.ttf,CBAGJWPD6YXT0RNZL49E3HSU875KFVMQ2,0,7,1,0.765,15.178933,0.668877,0.635992,CBAGJWPDSYXTDRNZLASESHSUSTSKEVMGZ,0.333333,0.666667,point_previews/task000025_mu000045_rho090_n1.png
1.0,45,8,license_plate_bahnschrift.ttf,CBAGJWPD6YXT0RNZL49E3HSU875KFVMQ2,0,7,0,0.85,16.0,0.63662,0.603355,CSAGJWPDEYXTURNZL49ESHSUSTSKFEVMD2,0.272727,0.727273,point_previews/task000025_mu000045_rho100_n0.png
1.0,45,8,license_plate_bahnschrift.ttf,CBAGJWPD6YXT0RNZL49E3HSU875KFVMQ2,0,7,1,0.85,16.0,0.63662,0.603355,CBAGJWPD6YXTURNZLASESHSUSTSKEVMQ2,0.242424,0.757576,point_previews/task000025_mu000045_rho100_n1.png
0.1,64,8,license_plate_bahnschrift.ttf,CBAGJWPD6YXT0RNZL49E3HSU875KFVMQ2,0,7,0,0.085,5.059644,0.959381,1.907975,CBASWEN6FAANZEZSESSUBTEKEVG2,0.606061,0.393939,point_previews/task000026_mu000064_rho010_n0.png
0.1,64,8,license_plate_bahnschrift.ttf,CBAGJWPD6YXT0RNZL49E3HSU875KFVMQ2,0,7,1,0.085,5.059644,0.959381,1.907975,CSSSNWARUSYRTRNALATESHSUSTSMENMAE,0.666667,0.333333,point_previews/task000026_mu000064_rho010_n1.png
0.2,64,8,license_plate_bahnschrift.ttf,CBAGJWPD6YXT0RNZL49E3HSU875KFVMQ2,0,7,0,0.17,7.155418,0.919759,1.349142,CRAGJWPDSYXTURNZCHSESHSUB5KFA02,0.363636,0.636364,point_previews/task000026_mu000064_rho020_n0.png
0.2,64,8,license_plate_bahnschrift.ttf,CBAGJWPD6YXT0RNZL49E3HSU875KFVMQ2,0,7,1,0.17,7.155418,0.919759,1.349142,PBAGJWPSYXTURNZEASESHSUSTEKENMG2,0.424242,0.575758,point_previews/task000026_mu000064_rho020_n1.png
0.3,64,8,license_plate_bahnschrift.ttf,CBAGJWPD6YXT0RNZL49E3HSU875KFVMQ2,0,7,0,0.255,8.763561,0.881116,1.10157,CBAGUWPUSYXTRNZELSESHSUBTSKEVMG2,0.393939,0.606061,point_previews/task000026_mu000064_rho030_n0.png
0.3,64,8,license_plate_bahnschrift.ttf,CBAGJWPD6YXT0RNZL49E3HSU875KFVMQ2,0,7,1,0.255,8.763561,0.881116,1.10157,CBAGWPDSYXTQRNZEZPESHSUSTSKFEVM2,0.363636,0.636364,point_previews/task000026_mu000064_rho030_n1.png
0.4,64,8,license_plate_bahnschrift.ttf,CBAGJWPD6YXT0RNZL49E3HSU875KFVMQ2,0,7,0,0.34,10.119289,0.843436,0.953987,CBAGJWPDSYXTURNZLS9ESHSUSTSKEVMG2,0.272727,0.727273,point_previews/task000026_mu000064_rho040_n0.png
0.4,64,8,license_plate_bahnschrift.ttf,CBAGJWPD6YXT0RNZL49E3HSU875KFVMQ2,0,7,1,0.34,10.119289,0.843436,0.953987,CBAGJWPD4YXTURNZLASESHSUB7SKEVMG2,0.272727,0.727273,point_previews/task000026_mu000064_rho040_n1.png
0.5,64,8,license_plate_bahnschrift.ttf,CBAGJWPD6YXT0RNZL49E3HSU875KFVMQ2,0,7,0,0.425,11.313708,0.8067,0.853272,CBAGJWPDSYXTURNZ4PESHSUS7SKEVMG2,0.272727,0.727273,point_previews/task000026_mu000064_rho050_n0.png
0.5,64,8,license_plate_bahnschrift.ttf,CBAGJWPD6YXT0RNZL49E3HSU875KFVMQ2,0,7,1,0.425,11.313708,0.8067,0.853272,CBAGJNPDSYXTQRNZE49ESHSUB7SKFVMQZ,0.242424,0.757576,point_previews/task000026_mu000064_rho050_n1.png
0.6,64,8,license_plate_bahnschrift.ttf,CBAGJWPD6YXT0RNZL49E3HSU875KFVMQ2,0,7,0,0.51,12.393547,0.770893,0.778927,CBAGJWPD6YXTURNZLS9ESHSUS75KEVMQ2,0.151515,0.848485,point_previews/task000026_mu000064_rho060_n0.png
0.6,64,8,license_plate_bahnschrift.ttf,CBAGJWPD6YXT0RNZL49E3HSU875KFVMQ2,0,7,1,0.51,12.393547,0.770893,0.778927,CBAGJWPD6YXTURNZL49ESHSUBTSKFVMQG2,0.181818,0.818182,point_previews/task000026_mu000064_rho060_n1.png
0.7,64,8,license_plate_bahnschrift.ttf,CBAGJWPD6YXT0RNZL49E3HSU875KFVMQ2,0,7,0,0.595,13.38656,0.735998,0.721147,CBAGJWPDSYXTURNZL49ESHSUB75KFYMQ2,0.151515,0.848485,point_previews/task000026_mu000064_rho070_n0.png
0.7,64,8,license_plate_bahnschrift.ttf,CBAGJWPD6YXT0RNZL49E3HSU875KFVMQ2,0,7,1,0.595,13.38656,0.735998,0.721147,CBAGJWPDSYXTRNZESPESHSUS75KFVMQ2,0.212121,0.787879,point_previews/task000026_mu000064_rho070_n1.png
0.8,64,8,license_plate_bahnschrift.ttf,CBAGJWPD6YXT0RNZL49E3HSU875KFVMQ2,0,7,0,0.68,14.310835,0.701998,0.674571,CBAGJWPDSYXTURNZL49ESHSUS7TSKEVMG2,0.242424,0.757576,point_previews/task000026_mu000064_rho080_n0.png
0.8,64,8,license_plate_bahnschrift.ttf,CBAGJWPD6YXT0RNZL49E3HSU875KFVMQ2,0,7,1,0.68,14.310835,0.701998,0.674571,CBAGJWPD6YXTURNZLA9E3HSUSTSKFYMG2,0.212121,0.787879,point_previews/task000026_mu000064_rho080_n1.png
0.9,64,8,license_plate_bahnschrift.ttf,CBAGJWPD6YXT0RNZL49E3HSU875KFVMQ2,0,7,0,0.765,15.178933,0.668877,0.635992,CBAGJWPD6YXTURNZL4ESHSUSTSKFVMQ2,0.181818,0.818182,point_previews/task000026_mu000064_rho090_n0.png
0.9,64,8,license_plate_bahnschrift.ttf,CBAGJWPD6YXT0RNZL49E3HSU875KFVMQ2,0,7,1,0.765,15.178933,0.668877,0.635992,CBAGJWPD6YXTURNZL49ESHSUSTS5KEVMQ2,0.181818,0.818182,point_previews/task000026_mu000064_rho090_n1.png
1.0,64,8,license_plate_bahnschrift.ttf,CBAGJWPD6YXT0RNZL49E3HSU875KFVMQ2,0,7,0,0.85,16.0,0.63662,0.603355,CBAGJWPD6YXT0RNZL49E3HSUST5KFVMQ2,0.060606,0.939394,point_previews/task000026_mu000064_rho100_n0.png
1.0,64,8,license_plate_bahnschrift.ttf,CBAGJWPD6YXT0RNZL49E3HSU875KFVMQ2,0,7,1,0.85,16.0,0.63662,0.603355,CBAGJWPD6YXTRNZL49E3HSUS75KFVMQ2,0.060606,0.939394,point_previews/task000026_mu000064_rho100_n1.png
0.1,4,8,license_plate_bahnschrift.ttf,CBAGJWPD6YXT0RNZL49E3HSU875KFVMQ2,0,11,0,0.085,5.059644,0.959381,1.907975,SENSRLREJEEB,0.909091,0.090909,point_previews/task000027_mu000004_rho010_n0.png
0.1,4,8,license_plate_bahnschrift.ttf,CBAGJWPD6YXT0RNZL49E3HSU875KFVMQ2,0,11,1,0.085,5.059644,0.959381,1.907975,TAAASUHNSANE,0.909091,0.090909,point_previews/task000027_mu000004_rho010_n1.png
0.2,4,8,license_plate_bahnschrift.ttf,CBAGJWPD6YXT0RNZL49E3HSU875KFVMQ2,0,11,0,0.17,7.155418,0.919759,1.349142,,1.0,0.0,point_previews/task000027_mu000004_rho020_n0.png
0.2,4,8,license_plate_bahnschrift.ttf,CBAGJWPD6YXT0RNZL49E3HSU875KFVMQ2,0,11,1,0.17,7.155418,0.919759,1.349142,,1.0,0.0,point_previews/task000027_mu000004_rho020_n1.png
0.3,4,8,license_plate_bahnschrift.ttf,CBAGJWPD6YXT0RNZL49E3HSU875KFVMQ2,0,11,0,0.255,8.763561,0.881116,1.10157,,1.0,0.0,point_previews/task000027_mu000004_rho030_n0.png
0.3,4,8,license_plate_bahnschrift.ttf,CBAGJWPD6YXT0RNZL49E3HSU875KFVMQ2,0,11,1,0.255,8.763561,0.881116,1.10157,BUMGETAUGURSBEAFARAAG,0.909091,0.090909,point_previews/task000027_mu000004_rho030_n1.png
0.4,4,8,license_plate_bahnschrift.ttf,CBAGJWPD6YXT0RNZL49E3HSU875KFVMQ2,0,11,0,0.34,10.119289,0.843436,0.953987,,1.0,0.0,point_previews/task000027_mu000004_rho040_n0.png
0.4,4,8,license_plate_bahnschrift.ttf,CBAGJWPD6YXT0RNZL49E3HSU875KFVMQ2,0,11,1,0.34,10.119289,0.843436,0.953987,MKSSMMANAYEEASNAARTS,0.909091,0.090909,point_previews/task000027_mu000004_rho040_n1.png
0.5,4,8,license_plate_bahnschrift.ttf,CBAGJWPD6YXT0RNZL49E3HSU875KFVMQ2,0,11,0,0.425,11.313708,0.8067,0.853272,DSASDCHPRSN,0.878788,0.121212,point_previews/task000027_mu000004_rho050_n0.png
0.5,4,8,license_plate_bahnschrift.ttf,CBAGJWPD6YXT0RNZL49E3HSU875KFVMQ2,0,11,1,0.425,11.313708,0.8067,0.853272,SBSEEPTBMRSERSSPREE,0.848485,0.151515,point_previews/task000027_mu000004_rho050_n1.png
0.6,4,8,license_plate_bahnschrift.ttf,CBAGJWPD6YXT0RNZL49E3HSU875KFVMQ2,0,11,0,0.51,12.393547,0.770893,0.778927,,1.0,0.0,point_previews/task000027_mu000004_rho060_n0.png
0.6,4,8,license_plate_bahnschrift.ttf,CBAGJWPD6YXT0RNZL49E3HSU875KFVMQ2,0,11,1,0.51,12.393547,0.770893,0.778927,CHUETARTEUESY,0.848485,0.151515,point_previews/task000027_mu000004_rho060_n1.png
0.7,4,8,license_plate_bahnschrift.ttf,CBAGJWPD6YXT0RNZL49E3HSU875KFVMQ2,0,11,0,0.595,13.38656,0.735998,0.721147,FPSRTRERESCTATAECHSTRTGNFE,0.848485,0.151515,point_previews/task000027_mu000004_rho070_n0.png
0.7,4,8,license_plate_bahnschrift.ttf,CBAGJWPD6YXT0RNZL49E3HSU875KFVMQ2,0,11,1,0.595,13.38656,0.735998,0.721147,ARMEREUNSTNDPBRATHARNNAK,0.848485,0.151515,point_previews/task000027_mu000004_rho070_n1.png
0.8,4,8,license_plate_bahnschrift.ttf,CBAGJWPD6YXT0RNZL49E3HSU875KFVMQ2,0,11,0,0.68,14.310835,0.701998,0.674571,SANERERRUESRLTSNRD,0.878788,0.121212,point_previews/task000027_mu000004_rho080_n0.png
0.8,4,8,license_plate_bahnschrift.ttf,CBAGJWPD6YXT0RNZL49E3HSU875KFVMQ2,0,11,1,0.68,14.310835,0.701998,0.674571,CESEYTASFS,0.848485,0.151515,point_previews/task000027_mu000004_rho080_n1.png
0.9,4,8,license_plate_bahnschrift.ttf,CBAGJWPD6YXT0RNZL49E3HSU875KFVMQ2,0,11,0,0.765,15.178933,0.668877,0.635992,RAEPCRPSEBNBEERE,0.878788,0.121212,point_previews/task000027_mu000004_rho090_n0.png
0.9,4,8,license_plate_bahnschrift.ttf,CBAGJWPD6YXT0RNZL49E3HSU875KFVMQ2,0,11,1,0.765,15.178933,0.668877,0.635992,PAAUATRTPUES,0.848485,0.151515,point_previews/task000027_mu000004_rho090_n1.png
1.0,4,8,license_plate_bahnschrift.ttf,CBAGJWPD6YXT0RNZL49E3HSU875KFVMQ2,0,11,0,0.85,16.0,0.63662,0.603355,EBSAAVADHETSRNME,0.818182,0.181818,point_previews/task000027_mu000004_rho100_n0.png
1.0,4,8,license_plate_bahnschrift.ttf,CBAGJWPD6YXT0RNZL49E3HSU875KFVMQ2,0,11,1,0.85,16.0,0.63662,0.603355,SEUSGVTHTEPASSEES,0.909091,0.090909,point_previews/task000027_mu000004_rho100_n1.png
0.1,6,8,license_plate_bahnschrift.ttf,CBAGJWPD6YXT0RNZL49E3HSU875KFVMQ2,0,11,0,0.085,5.059644,0.959381,1.907975,SENCCRANG,0.969697,0.030303,point_previews/task000028_mu000006_rho010_n0.png
0.1,6,8,license_plate_bahnschrift.ttf,CBAGJWPD6YXT0RNZL49E3HSU875KFVMQ2,0,11,1,0.085,5.059644,0.959381,1.907975,TERRYNHEREEMPR,0.878788,0.121212,point_previews/task000028_mu000006_rho010_n1.png
0.2,6,8,license_plate_bahnschrift.ttf,CBAGJWPD6YXT0RNZL49E3HSU875KFVMQ2,0,11,0,0.17,7.155418,0.919759,1.349142,SCTS,0.939394,0.060606,point_previews/task000028_mu000006_rho020_n0.png
0.2,6,8,license_plate_bahnschrift.ttf,CBAGJWPD6YXT0RNZL49E3HSU875KFVMQ2,0,11,1,0.17,7.155418,0.919759,1.349142,,1.0,0.0,point_previews/task000028_mu000006_rho020_n1.png
0.3,6,8,license_plate_bahnschrift.ttf,CBAGJWPD6YXT0RNZL49E3HSU875KFVMQ2,0,11,0,0.255,8.763561,0.881116,1.10157,RRRRRBSSBARGM,0.909091,0.090909,point_previews/task000028_mu000006_rho030_n0.png
0.3,6,8,license_plate_bahnschrift.ttf,CBAGJWPD6YXT0RNZL49E3HSU875KFVMQ2,0,11,1,0.255,8.763561,0.881116,1.10157,FUSCGGENUREE,0.939394,0.060606,point_previews/task000028_mu000006_rho030_n1.png
0.4,6,8,license_plate_bahnschrift.ttf,CBAGJWPD6YXT0RNZL49E3HSU875KFVMQ2,0,11,0,0.34,10.119289,0.843436,0.953987,EPHELTECTRENABL,0.909091,0.090909,point_previews/task000028_mu000006_rho040_n0.png
0.4,6,8,license_plate_bahnschrift.ttf,CBAGJWPD6YXT0RNZL49E3HSU875KFVMQ2,0,11,1,0.34,10.119289,0.843436,0.953987,BSPNPVERCNPAANS2,0.848485,0.151515,point_previews/task000028_mu000006_rho040_n1.png
0.5,6,8,license_plate_bahnschrift.ttf,CBAGJWPD6YXT0RNZL49E3HSU875KFVMQ2,0,11,0,0.425,11.313708,0.8067,0.853272,,1.0,0.0,point_previews/task000028_mu000006_rho050_n0.png
0.5,6,8,license_plate_bahnschrift.ttf,CBAGJWPD6YXT0RNZL49E3HSU875KFVMQ2,0,11,1,0.425,11.313708,0.8067,0.853272,GRSSPAAYERNAEASESSEEYRS,0.818182,0.181818,point_previews/task000028_mu000006_rho050_n1.png
0.6,6,8,license_plate_bahnschrift.ttf,CBAGJWPD6YXT0RNZL49E3HSU875KFVMQ2,0,11,0,0.51,12.393547,0.770893,0.778927,SRADPUSESETR,0.878788,0.121212,point_previews/task000028_mu000006_rho060_n0.png
0.6,6,8,license_plate_bahnschrift.ttf,CBAGJWPD6YXT0RNZL49E3HSU875KFVMQ2,0,11,1,0.51,12.393547,0.770893,0.778927,SENEESAPPUAEREGPTSS,0.939394,0.060606,point_previews/task000028_mu000006_rho060_n1.png
0.7,6,8,license_plate_bahnschrift.ttf,CBAGJWPD6YXT0RNZL49E3HSU875KFVMQ2,0,11,0,0.595,13.38656,0.735998,0.721147,SSATMACAARSFRS2GBSPRHASAECENEDD,0.909091,0.090909,point_previews/task000028_mu000006_rho070_n0.png
0.7,6,8,license_plate_bahnschrift.ttf,CBAGJWPD6YXT0RNZL49E3HSU875KFVMQ2,0,11,1,0.595,13.38656,0.735998,0.721147,JSSUPPRNGSDRSRHREVE,0.848485,0.151515,point_previews/task000028_mu000006_rho070_n1.png
0.8,6,8,license_plate_bahnschrift.ttf,CBAGJWPD6YXT0RNZL49E3HSU875KFVMQ2,0,11,0,0.68,14.310835,0.701998,0.674571,DREAAMAGTETGANTASHSUATAAP,0.848485,0.151515,point_previews/task000028_mu000006_rho080_n0.png
0.8,6,8,license_plate_bahnschrift.ttf,CBAGJWPD6YXT0RNZL49E3HSU875KFVMQ2,0,11,1,0.68,14.310835,0.701998,0.674571,ABERRAETAYMTBTNT9SHSUETREMRAS,0.757576,0.242424,point_previews/task000028_mu000006_rho080_n1.png
0.9,6,8,license_plate_bahnschrift.ttf,CBAGJWPD6YXT0RNZL49E3HSU875KFVMQ2,0,11,0,0.765,15.178933,0.668877,0.635992,REREYERRCDANPSRUSREVES,0.878788,0.121212,point_previews/task000028_mu000006_rho090_n0.png
0.9,6,8,license_plate_bahnschrift.ttf,CBAGJWPD6YXT0RNZL49E3HSU875KFVMQ2,0,11,1,0.765,15.178933,0.668877,0.635992,SEGAPRAVRPARNEERRESASHARUAALYD,0.818182,0.181818,point_previews/task000028_mu000006_rho090_n1.png
1.0,6,8,license_plate_bahnschrift.ttf,CBAGJWPD6YXT0RNZL49E3HSU875KFVMQ2,0,11,0,0.85,16.0,0.63662,0.603355,ASETFAPCAVSTHRNEALARERESHTREVEES,0.787879,0.212121,point_previews/task000028_mu000006_rho100_n0.png
1.0,6,8,license_plate_bahnschrift.ttf,CBAGJWPD6YXT0RNZL49E3HSU875KFVMQ2,0,11,1,0.85,16.0,0.63662,0.603355,SEETUSSHEYXTDZEGFSA5EBSKAD,0.787879,0.212121,point_previews/task000028_mu000006_rho100_n1.png
0.1,8,8,license_plate_bahnschrift.ttf,CBAGJWPD6YXT0RNZL49E3HSU875KFVMQ2,0,11,0,0.085,5.059644,0.959381,1.907975,,1.0,0.0,point_previews/task000029_mu000008_rho010_n0.png
0.1,8,8,license_plate_bahnschrift.ttf,CBAGJWPD6YXT0RNZL49E3HSU875KFVMQ2,0,11,1,0.085,5.059644,0.959381,1.907975,SNSRCRANGURTRUNEENAR,0.909091,0.090909,point_previews/task000029_mu000008_rho010_n1.png
0.2,8,8,license_plate_bahnschrift.ttf,CBAGJWPD6YXT0RNZL49E3HSU875KFVMQ2,0,11,0,0.17,7.155418,0.919759,1.349142,FERBELRTEKC,0.878788,0.121212,point_previews/task000029_mu000008_rho020_n0.png
0.2,8,8,license_plate_bahnschrift.ttf,CBAGJWPD6YXT0RNZL49E3HSU875KFVMQ2,0,11,1,0.17,7.155418,0.919759,1.349142,PSERESCG,0.878788,0.121212,point_previews/task000029_mu000008_rho020_n1.png
0.3,8,8,license_plate_bahnschrift.ttf,CBAGJWPD6YXT0RNZL49E3HSU875KFVMQ2,0,11,0,0.255,8.763561,0.881116,1.10157,REASSGEAASENMRYRRACSCPCPHLLS,0.909091,0.090909,point_previews/task000029_mu000008_rho030_n0.png
0.3,8,8,license_plate_bahnschrift.ttf,CBAGJWPD6YXT0RNZL49E3HSU875KFVMQ2,0,11,1,0.255,8.763561,0.881116,1.10157,SETERNSLARLESSESERECNAY,0.848485,0.151515,point_previews/task000029_mu000008_rho030_n1.png
0.4,8,8,license_plate_bahnschrift.ttf,CBAGJWPD6YXT0RNZL49E3HSU875KFVMQ2,0,11,0,0.34,10.119289,0.843436,0.953987,NSBRERVBSTSTHREBCUSNEEBS,0.878788,0.121212,point_previews/task000029_mu000008_rho040_n0.png
0.4,8,8,license_plate_bahnschrift.ttf,CBAGJWPD6YXT0RNZL49E3HSU875KFVMQ2,0,11,1,0.34,10.119289,0.843436,0.953987,EALSUNESTRRSSSVLLED,0.878788,0.121212,point_previews/task000029_mu000008_rho040_n1.png
0.5,8,8,license_plate_bahnschrift.ttf,CBAGJWPD6YXT0RNZL49E3HSU875KFVMQ2,0,11,0,0.425,11.313708,0.8067,0.853272,BESWEAERTRSEAPETSRRNEECEN,0.818182,0.181818,point_previews/task000029_mu000008_rho050_n0.png
0.5,8,8,license_plate_bahnschrift.ttf,CBAGJWPD6YXT0RNZL49E3HSU875KFVMQ2,0,11,1,0.425,11.313708,0.8067,0.853272,GRSHAATYRTSSTSPSPNG,0.878788,0.121212,point_previews/task000029_mu000008_rho050_n1.png
0.6,8,8,license_plate_bahnschrift.ttf,CBAGJWPD6YXT0RNZL49E3HSU875KFVMQ2,0,11,0,0.51,12.393547,0.770893,0.778927,SDEAEAWBTSAVNTURSDETAHUURERE,0.878788,0.121212,point_previews/task000029_mu000008_rho060_n0.png
0.6,8,8,license_plate_bahnschrift.ttf,CBAGJWPD6YXT0RNZL49E3HSU875KFVMQ2,0,11,1,0.51,12.393547,0.770893,0.778927,MSRUDERYXTRZDSSASLSGAREUMES,0.787879,0.212121,point_previews/task000029_mu000008_rho060_n1.png
0.7,8,8,license_plate_bahnschrift.ttf,CBAGJWPD6YXT0RNZL49E3HSU875KFVMQ2,0,11,0,0.595,13.38656,0.735998,0.721147,CEAGTARUEYNTDHEGHRRARBCEHE,0.787879,0.212121,point_previews/task000029_mu000008_rho070_n0.png
0.7,8,8,license_plate_bahnschrift.ttf,CBAGJWPD6YXT0RNZL49E3HSU875KFVMQ2,0,11,1,0.595,13.38656,0.735998,0.721147,LEAGPURYRHANGSLSMELBTDEEUMS,0.787879,0.212121,point_previews/task000029_mu000008_rho070_n1.png
0.8,8,8,license_plate_bahnschrift.ttf,CBAGJWPD6YXT0RNZL49E3HSU875KFVMQ2,0,11,0,0.68,14.310835,0.701998,0.674571,CSAGUVAGSNTDAT9SHSESAREP,0.787879,0.212121,point_previews/task000029_mu000008_rho080_n0.png
0.8,8,8,license_plate_bahnschrift.ttf,CBAGJWPD6YXT0RNZL49E3HSU875KFVMQ2,0,11,1,0.68,14.310835,0.701998,0.674571,PEAGMWVEDSTRGANTASESASLSTSREVMRE,0.757576,0.242424,point_previews/task000029_mu000008_rho080_n1.png
0.9,8,8,license_plate_bahnschrift.ttf,CBAGJWPD6YXT0RNZL49E3HSU875KFVMQ2,0,11,0,0.765,15.178933,0.668877,0.635992,GHABZMPEATKTHRNGGSHSUETSKEUGD,0.727273,0.272727,point_previews/task000029_mu000008_rho090_n0.png
0.9,8,8,license_plate_bahnschrift.ttf,CBAGJWPD6YXT0RNZL49E3HSU875KFVMQ2,0,11,1,0.765,15.178933,0.668877,0.635992,SRAGWHSERTCRMEYAESHSMTHRRMEED,0.757576,0.242424,point_previews/task000029_mu000008_rho090_n1.png
1.0,8,8,license_plate_bahnschrift.ttf,CBAGJWPD6YXT0RNZL49E3HSU875KFVMQ2,0,11,0,0.85,16.0,0.63662,0.603355,CSARPATBRYATHANTESESHSUSSEEVH2,0.666667,0.333333,point_previews/task000029_mu000008_rho100_n0.png
1.0,8,8,license_plate_bahnschrift.ttf,CBAGJWPD6YXT0RNZL49E3HSU875KFVMQ2,0,11,1,0.85,16.0,0.63662,0.603355,CRSQRXTURNPEASESHSUSTSRFEMAD,0.666667,0.333333,point_previews/task000029_mu000008_rho100_n1.png
0.1,11,8,license_plate_bahnschrift.ttf,CBAGJWPD6YXT0RNZL49E3HSU875KFVMQ2,0,11,0,0.085,5.059644,0.959381,1.907975,SKATE,0.909091,0.090909,point_previews/task000030_mu000011_rho010_n0.png
0.1,11,8,license_plate_bahnschrift.ttf,CBAGJWPD6YXT0RNZL49E3HSU875KFVMQ2,0,11,1,0.085,5.059644,0.959381,1.907975,,1.0,0.0,point_previews/task000030_mu000011_rho010_n1.png
0.2,11,8,license_plate_bahnschrift.ttf,CBAGJWPD6YXT0RNZL49E3HSU875KFVMQ2,0,11,0,0.17,7.155418,0.919759,1.349142,NADUPECTSEAMATTCENEMESCER,0.909091,0.090909,point_previews/task000030_mu000011_rho020_n0.png
0.2,11,8,license_plate_bahnschrift.ttf,CBAGJWPD6YXT0RNZL49E3HSU875KFVMQ2,0,11,1,0.17,7.155418,0.919759,1.349142,ACHRRCNCE,0.909091,0.090909,point_previews/task000030_mu000011_rho020_n1.png
0.3,11,8,license_plate_bahnschrift.ttf,CBAGJWPD6YXT0RNZL49E3HSU875KFVMQ2,0,11,0,0.255,8.763561,0.881116,1.10157,ASTASRGNCHYTELAGEASS,0.848485,0.151515,point_previews/task000030_mu000011_rho030_n0.png
0.3,11,8,license_plate_bahnschrift.ttf,CBAGJWPD6YXT0RNZL49E3HSU875KFVMQ2,0,11,1,0.255,8.763561,0.881116,1.10157,SCUEDEATERRMEAREBHSERTD4CE,0.818182,0.181818,point_previews/task000030_mu000011_rho030_n1.png
0.4,11,8,license_plate_bahnschrift.ttf,CBAGJWPD6YXT0RNZL49E3HSU875KFVMQ2,0,11,0,0.34,10.119289,0.843436,0.953987,,1.0,0.0,point_previews/task000030_mu000011_rho040_n0.png
0.4,11,8,license_plate_bahnschrift.ttf,CBAGJWPD6YXT0RNZL49E3HSU875KFVMQ2,0,11,1,0.34,10.119289,0.843436,0.953987,TEASTETEEAEGLEST,0.878788,0.121212,point_previews/task000030_mu000011_rho040_n1.png
0.5,11,8,license_plate_bahnschrift.ttf,CBAGJWPD6YXT0RNZL49E3HSU875KFVMQ2,0,11,0,0.425,11.313708,0.8067,0.853272,DEASADETETURRELAUESHDTARGRESAEES,0.818182,0.181818,point_previews/task000030_mu000011_rho050_n0.png
0.5,11,8,license_plate_bahnschrift.ttf,CBAGJWPD6YXT0RNZL49E3HSU875KFVMQ2,0,11,1,0.425,11.313708,0.8067,0.853272,CERSAVEDAYKTRNGSSSLRTSREWNAD2,0.757576,0.242424,point_previews/task000030_mu000011_rho050_n1.png
0.6,11,8,license_plate_bahnschrift.ttf,CBAGJWPD6YXT0RNZL49E3HSU875KFVMQ2,0,11,0,0.51,12.393547,0.770893,0.778927,GBAGWRDSYNTRNGCTHRUSTSKPUMA2,0.575758,0.424242,point_previews/task000030_mu000011_rho060_n0.png
0.6,11,8,license_plate_bahnschrift.ttf,CBAGJWPD6YXT0RNZL49E3HSU875KFVMQ2,0,11,1,0.51,12.393547,0.770893,0.778927,CBAGANSHELSTURND492ANBATSKVE,0.666667,0.333333,point_previews/task000030_mu000011_rho060_n1.png
0.7,11,8,license_plate_bahnschrift.ttf,CBAGJWPD6YXT0RNZL49E3HSU875KFVMQ2,0,11,0,0.595,13.38656,0.735998,0.721147,CEARNEDSYXTGRNZELRESHSUGSREUMND,0.575758,0.424242,point_previews/task000030_mu000011_rho070_n0.png
0.7,11,8,license_plate_bahnschrift.ttf,CBAGJWPD6YXT0RNZL49E3HSU875KFVMQ2,0,11,1,0.595,13.38656,0.735998,0.721147,GRBGTARSYMTHRNTCAFESHSUSTSKRYMEZ,0.666667,0.333333,point_previews/task000030_mu000011_rho070_n1.png
0.8,11,8,license_plate_bahnschrift.ttf,CBAGJWPD6YXT0RNZL49E3HSU875KFVMQ2,0,11,0,0.68,14.310835,0.701998,0.674571,,1.0,0.0,point_previews/task000030_mu000011_rho080_n0.png
0.8,11,8,license_plate_bahnschrift.ttf,CBAGJWPD6YXT0RNZL49E3HSU875KFVMQ2,0,11,1,0.68,14.310835,0.701998,0.674571,,1.0,0.0,point_previews/task000030_mu000011_rho080_n1.png
0.9,11,8,license_plate_bahnschrift.ttf,CBAGJWPD6YXT0RNZL49E3HSU875KFVMQ2,0,11,0,0.765,15.178933,0.668877,0.635992,ERABWEDSYXTURNZEAPESHSUGTSKFYED,0.545455,0.454545,point_previews/task000030_mu000011_rho090_n0.png
0.9,11,8,license_plate_bahnschrift.ttf,CBAGJWPD6YXT0RNZL49E3HSU875KFVMQ2,0,11,1,0.765,15.178933,0.668877,0.635992,,1.0,0.0,point_previews/task000030_mu000011_rho090_n1.png
1.0,11,8,license_plate_bahnschrift.ttf,CBAGJWPD6YXT0RNZL49E3HSU875KFVMQ2,0,11,0,0.85,16.0,0.63662,0.603355,CBADAMPGSYSTGRR7LAPEGHSUSTEREVMA2,0.545455,0.454545,point_previews/task000030_mu000011_rho100_n0.png
1.0,11,8,license_plate_bahnschrift.ttf,CBAGJWPD6YXT0RNZL49E3HSU875KFVMQ2,0,11,1,0.85,16.0,0.63662,0.603355,SCEAGWERAYMTURNZAVESHSUBTSKFYMAE,0.545455,0.454545,point_previews/task000030_mu000011_rho100_n1.png
0.1,16,8,license_plate_bahnschrift.ttf,CBAGJWPD6YXT0RNZL49E3HSU875KFVMQ2,0,11,0,0.085,5.059644,0.959381,1.907975,LLECATRERHDEASSELNSBSAERYSES,0.939394,0.060606,point_previews/task000031_mu000016_rho010_n0.png
0.1,16,8,license_plate_bahnschrift.ttf,CBAGJWPD6YXT0RNZL49E3HSU875KFVMQ2,0,11,1,0.085,5.059644,0.959381,1.907975,SSRTEAB2SN,0.939394,0.060606,point_previews/task000031_mu000016_rho010_n1.png
0.2,16,8,license_plate_bahnschrift.ttf,CBAGJWPD6YXT0RNZL49E3HSU875KFVMQ2,0,11,0,0.17,7.155418,0.919759,1.349142,CRUSDUREABRNAADEEERARETTS,0.848485,0.151515,point_previews/task000031_mu000016_rho020_n0.png
0.2,16,8,license_plate_bahnschrift.ttf,CBAGJWPD6YXT0RNZL49E3HSU875KFVMQ2,0,11,1,0.17,7.155418,0.919759,1.349142,MDEDGEEGYYRHANPTESSLRUEURAETS,0.878788,0.121212,point_previews/task000031_mu000016_rho020_n1.png
0.3,16,8,license_plate_bahnschrift.ttf,CBAGJWPD6YXT0RNZL49E3HSU875KFVMQ2,0,11,0,0.255,8.763561,0.881116,1.10157,CRAGTAPSGSUREREYMAS,0.787879,0.212121,point_previews/task000031_mu000016_rho030_n0.png
0.3,16,8,license_plate_bahnschrift.ttf,CBAGJWPD6YXT0RNZL49E3HSU875KFVMQ2,0,11,1,0.255,8.763561,0.881116,1.10157,PARBANERSETHRRELEGRSEBURTSREUMPE,0.818182,0.181818,point_previews/task000031_mu000016_rho030_n1.png
0.4,16,8,license_plate_bahnschrift.ttf,CBAGJWPD6YXT0RNZL49E3HSU875KFVMQ2,0,11,0,0.34,10.119289,0.843436,0.953987,,1.0,0.0,point_previews/task000031_mu000016_rho040_n0.png
0.4,16,8,license_plate_bahnschrift.ttf,CBAGJWPD6YXT0RNZL49E3HSU875KFVMQ2,0,11,1,0.34,10.119289,0.843436,0.953987,CRAGTNUAYATUANZESPPSHSUSTHKEUMDE,0.636364,0.363636,point_previews/task000031_mu000016_rho040_n1.png
0.5,16,8,license_plate_bahnschrift.ttf,CBAGJWPD6YXT0RNZL49E3HSU875KFVMQ2,0,11,0,0.425,11.313708,0.8067,0.853272,ERAGJWPDSYXTDRNTLSPESASUSTSKEVMG,0.454545,0.545455,point_previews/task000031_mu000016_rho050_n0.png
0.5,16,8,license_plate_bahnschrift.ttf,CBAGJWPD6YXT0RNZL49E3HSU875KFVMQ2,0,11,1,0.425,11.313708,0.8067,0.853272,GRAGSWPSYXTERNZRSTESHSUS2SKPUMGS,0.515152,0.484848,point_previews/task000031_mu000016_rho050_n1.png
0.6,16,8,license_plate_bahnschrift.ttf,CBAGJWPD6YXT0RNZL49E3HSU875KFVMQ2,0,11,0,0.51,12.393547,0.770893,0.778927,,1.0,0.0,point_previews/task000031_mu000016_rho060_n0.png
0.6,16,8,license_plate_bahnschrift.ttf,CBAGJWPD6YXT0RNZL49E3HSU875KFVMQ2,0,11,1,0.51,12.393547,0.770893,0.778927,CBAGDAPDEYXTHRNZLAPESHSURTKEVG,0.424242,0.575758,point_previews/task000031_mu000016_rho060_n1.png
0.7,16,8,license_plate_bahnschrift.ttf,CBAGJWPD6YXT0RNZL49E3HSU875KFVMQ2,0,11,0,0.595,13.38656,0.735998,0.721147,EBAGJWPDSYXTRNZEARSHSUBTSKEYMD,0.454545,0.545455,point_previews/task000031_mu000016_rho070_n0.png
0.7,16,8,license_plate_bahnschrift.ttf,CBAGJWPD6YXT0RNZL49E3HSU875KFVMQ2,0,11,1,0.595,13.38656,0.735998,0.721147,SEAGTWEDAYRTCRNGLGESASURTSRFYMG2,0.545455,0.454545,point_previews/task000031_mu000016_rho070_n1.png
0.8,16,8,license_plate_bahnschrift.ttf,CBAGJWPD6YXT0RNZL49E3HSU875KFVMQ2,0,11,0,0.68,14.310835,0.701998,0.674571,ERAGSPDSYXTERNZLHSESHSUSTSKEVMA,0.454545,0.545455,point_previews/task000031_mu000016_rho080_n0.png
0.8,16,8,license_plate_bahnschrift.ttf,CBAGJWPD6YXT0RNZL49E3HSU875KFVMQ2,0,11,1,0.68,14.310835,0.701998,0.674571,CSAGJWPDSYXTERNELAPESHSU37SKEVMGS,0.363636,0.636364,point_previews/task000031_mu000016_rho080_n1.png
0.9,16,8,license_plate_bahnschrift.ttf,CBAGJWPD6YXT0RNZL49E3HSU875KFVMQ2,0,11,0,0.765,15.178933,0.668877,0.635992,,1.0,0.0,point_previews/task000031_mu000016_rho090_n0.png
0.9,16,8,license_plate_bahnschrift.ttf,CBAGJWPD6YXT0RNZL49E3HSU875KFVMQ2,0,11,1,0.765,15.178933,0.668877,0.635992,CBAGLWVEDSYRTURNZEAPESHSUSTSKEVMQ2,0.424242,0.575758,point_previews/task000031_mu000016_rho090_n1.png
1.0,16,8,license_plate_bahnschrift.ttf,CBAGJWPD6YXT0RNZL49E3HSU875KFVMQ2,0,11,0,0.85,16.0,0.63662,0.603355,CESGUWPREYXTRNZLGTRSHSUBTSKEVMD2,0.454545,0.545455,point_previews/task000031_mu000016_rho100_n0.png
1.0,16,8,license_plate_bahnschrift.ttf,CBAGJWPD6YXT0RNZL49E3HSU875KFVMQ2,0,11,1,0.85,16.0,0.63662,0.603355,,1.0,0.0,point_previews/task000031_mu000016_rho100_n1.png
0.1,23,8,license_plate_bahnschrift.ttf,CBAGJWPD6YXT0RNZL49E3HSU875KFVMQ2,0,11,0,0.085,5.059644,0.959381,1.907975,YSESMESPSRSNRESRESP,0.909091,0.090909,point_previews/task000032_mu000023_rho010_n0.png
0.1,23,8,license_plate_bahnschrift.ttf,CBAGJWPD6YXT0RNZL49E3HSU875KFVMQ2,0,11,1,0.085,5.059644,0.959381,1.907975,SEURBNNPREEGTRSTPEACEUBT,0.878788,0.121212,point_previews/task000032_mu000023_rho010_n1.png
0.2,23,8,license_plate_bahnschrift.ttf,CBAGJWPD6YXT0RNZL49E3HSU875KFVMQ2,0,11,0,0.17,7.155418,0.919759,1.349142,SERGTUSARTRBERASLBRKEAY2,0.787879,0.212121,point_previews/task000032_mu000023_rho020_n0.png
0.2,23,8,license_plate_bahnschrift.ttf,CBAGJWPD6YXT0RNZL49E3HSU875KFVMQ2,0,11,1,0.17,7.155418,0.919759,1.349142,RBAGTRTEYRTGRRVEAAESLSLBBA,0.757576,0.242424,point_previews/task000032_mu000023_rho020_n1.png
0.3,23,8,license_plate_bahnschrift.ttf,CBAGJWPD6YXT0RNZL49E3HSU875KFVMQ2,0,11,0,0.255,8.763561,0.881116,1.10157,CRAGPAPURTAREZSFSASUBTRKRYHUZ,0.69697,0.30303,point_previews/task000032_mu000023_rho030_n0.png
0.3,23,8,license_plate_bahnschrift.ttf,CBAGJWPD6YXT0RNZL49E3HSU875KFVMQ2,0,11,1,0.255,8.763561,0.881116,1.10157,ERAGTWEDSTSPDRNELQESHBLATSKEMGD,0.666667,0.333333,point_previews/task000032_mu000023_rho030_n1.png
0.4,23,8,license_plate_bahnschrift.ttf,CBAGJWPD6YXT0RNZL49E3HSU875KFVMQ2,0,11,0,0.34,10.119289,0.843436,0.953987,,1.0,0.0,point_previews/task000032_mu000023_rho040_n0.png
0.4,23,8,license_plate_bahnschrift.ttf,CBAGJWPD6YXT0RNZL49E3HSU875KFVMQ2,0,11,1,0.34,10.119289,0.843436,0.953987,CEAGTWPEGYATURNZLEGTRHEMBTAKEVMGD,0.545455,0.454545,point_previews/task000032_mu000023_rho040_n1.png
0.5,23,8,license_plate_bahnschrift.ttf,CBAGJWPD6YXT0RNZL49E3HSU875KFVMQ2,0,11,0,0.425,11.313708,0.8067,0.853272,CBAGANEDSYRTURNZLAFESHSUSTDKEVMAZ,0.454545,0.545455,point_previews/task000032_mu000023_rho050_n0.png
0.5,23,8,license_plate_bahnschrift.ttf,CBAGJWPD6YXT0RNZL49E3HSU875KFVMQ2,0,11,1,0.425,11.313708,0.8067,0.853272,,1.0,0.0,point_previews/task000032_mu000023_rho050_n1.png
0.6,23,8,license_plate_bahnschrift.ttf,CBAGJWPD6YXT0RNZL49E3HSU875KFVMQ2,0,11,0,0.51,12.393547,0.770893,0.778927,CSAGJWEDSYXTURNZLAPESHSURTSKEVMGZ,0.393939,0.606061,point_previews/task000032_mu000023_rho060_n0.png
0.6,23,8,license_plate_bahnschrift.ttf,CBAGJWPD6YXT0RNZL49E3HSU875KFVMQ2,0,11,1,0.51,12.393547,0.770893,0.778927,CSAGJMPREYXTARNZLSSESHSUBTSKFVMGZ,0.393939,0.606061,point_previews/task000032_mu000023_rho060_n1.png
0.7,23,8,license_plate_bahnschrift.ttf,CBAGJWPD6YXT0RNZL49E3HSU875KFVMQ2,0,11,0,0.595,13.38656,0.735998,0.721147,CBAGJNEDEYXTURNZES9E3HS5U875KEVMG2,0.272727,0.727273,point_previews/task000032_mu000023_rho070_n0.png
0.7,23,8,license_plate_bahnschrift.ttf,CBAGJWPD6YXT0RNZL49E3HSU875KFVMQ2,0,11,1,0.595,13.38656,0.735998,0.721147,,1.0,0.0,point_previews/task000032_mu000023_rho070_n1.png
0.8,23,8,license_plate_bahnschrift.ttf,CBAGJWPD6YXT0RNZL49E3HSU875KFVMQ2,0,11,0,0.68,14.310835,0.701998,0.674571,,1.0,0.0,point_previews/task000032_mu000023_rho080_n0.png
0.8,23,8,license_plate_bahnschrift.ttf,CBAGJWPD6YXT0RNZL49E3HSU875KFVMQ2,0,11,1,0.68,14.310835,0.701998,0.674571,CBRAGJWEDSYXTRNZAPESHSUBSKEYMG2,0.424242,0.575758,point_previews/task000032_mu000023_rho080_n1.png
0.9,23,8,license_plate_bahnschrift.ttf,CBAGJWPD6YXT0RNZL49E3HSU875KFVMQ2,0,11,0,0.765,15.178933,0.668877,0.635992,CBAGJWPD6YXTRNZLASESHSUBTSKEVMG2,0.272727,0.727273,point_previews/task000032_mu000023_rho090_n0.png
0.9,23,8,license_plate_bahnschrift.ttf,CBAGJWPD6YXT0RNZL49E3HSU875KFVMQ2,0,11,1,0.765,15.178933,0.668877,0.635992,CBAGJWEDSYXTURNZL49E3HSUBT5SKFUMA2,0.242424,0.757576,point_previews/task000032_mu000023_rho090_n1.png
1.0,23,8,license_plate_bahnschrift.ttf,CBAGJWPD6YXT0RNZL49E3HSU875KFVMQ2,0,11,0,0.85,16.0,0.63662,0.603355,SBAGJWPRSYXTURNZLASESHSUSTSKEVM2,0.363636,0.636364,point_previews/task000032_mu000023_rho100_n0.png
1.0,23,8,license_plate_bahnschrift.ttf,CBAGJWPD6YXT0RNZL49E3HSU875KFVMQ2,0,11,1,0.85,16.0,0.63662,0.603355,CBAGJWPDEYXTURNZLUESHSUBTSKEVMQZ,0.30303,0.69697,point_previews/task000032_mu000023_rho100_n1.png
0.1,32,8,license_plate_bahnschrift.ttf,CBAGJWPD6YXT0RNZL49E3HSU875KFVMQ2,0,11,0,0.085,5.059644,0.959381,1.907975,URAANAAVETRTEAPELESAGEARSAB,0.848485,0.151515,point_previews/task000033_mu000032_rho010_n0.png
0.1,32,8,license_plate_bahnschrift.ttf,CBAGJWPD6YXT0RNZL49E3HSU875KFVMQ2,0,11,1,0.085,5.059644,0.959381,1.907975,BPSAGCHRMERSESK,0.818182,0.181818,point_previews/task000033_mu000032_rho010_n1.png
0.2,32,8,license_plate_bahnschrift.ttf,CBAGJWPD6YXT0RNZL49E3HSU875KFVMQ2,0,11,0,0.17,7.155418,0.919759,1.349142,CSEBNRURSTUANZDS9RSHSCATEKEVMZ,0.69697,0.30303,point_previews/task000033_mu000032_rho020_n0.png
0.2,32,8,license_plate_bahnschrift.ttf,CBAGJWPD6YXT0RNZL49E3HSU875KFVMQ2,0,11,1,0.17,7.155418,0.919759,1.349142,ERAGYPRGPREDRSTLLSESHUSTSREVMGS,0.69697,0.30303,point_previews/task000033_mu000032_rho020_n1.png
0.3,32,8,license_plate_bahnschrift.ttf,CBAGJWPD6YXT0RNZL49E3HSU875KFVMQ2,0,11,0,0.255,8.763561,0.881116,1.10157,CBAGWRDAYXTDRNZLASSHSUSTSKEVMG,0.424242,0.575758,point_previews/task000033_mu000032_rho030_n0.png
0.3,32,8,license_plate_bahnschrift.ttf,CBAGJWPD6YXT0RNZL49E3HSU875KFVMQ2,0,11,1,0.255,8.763561,0.881116,1.10157,CSAGTWRUAVETURNZGPESASUSPSKEVAE,0.606061,0.393939,point_previews/task000033_mu000032_rho030_n1.png
0.4,32,8,license_plate_bahnschrift.ttf,CBAGJWPD6YXT0RNZL49E3HSU875KFVMQ2,0,11,0,0.34,10.119289,0.843436,0.953987,CRAGJWEDSYATURNZUASESHSUS7SKFYMD2,0.393939,0.606061,point_previews/task000033_mu000032_rho040_n0.png
0.4,32,8,license_plate_bahnschrift.ttf,CBAGJWPD6YXT0RNZL49E3HSU875KFVMQ2,0,11,1,0.34,10.119289,0.843436,0.953987,CRAGWPHSEYXTURNGLSFESHSUSTERKRVMGZ,0.515152,0.484848,point_previews/task000033_mu000032_rho040_n1.png
0.5,32,8,license_plate_bahnschrift.ttf,CBAGJWPD6YXT0RNZL49E3HSU875KFVMQ2,0,11,0,0.425,11.313708,0.8067,0.853272,CRAGJWPM6YXTURNZLASE3HSUSTSKEVMG2,0.30303,0.69697,point_previews/task000033_mu000032_rho050_n0.png
0.5,32,8,license_plate_bahnschrift.ttf,CBAGJWPD6YXT0RNZL49E3HSU875KFVMQ2,0,11,1,0.425,11.313708,0.8067,0.853272,,1.0,0.0,point_previews/task000033_mu000032_rho050_n1.png
0.6,32,8,license_plate_bahnschrift.ttf,CBAGJWPD6YXT0RNZL49E3HSU875KFVMQ2,0,11,0,0.51,12.393547,0.770893,0.778927,CBAGJWPDAYXTURNZLAFESHSUSTEKFYMG2,0.30303,0.69697,point_previews/task000033_mu000032_rho060_n0.png
0.6,32,8,license_plate_bahnschrift.ttf,CBAGJWPD6YXT0RNZL49E3HSU875KFVMQ2,0,11,1,0.51,12.393547,0.770893,0.778927,CBAGJWPD6YXTURNZLAGPESHSUBTSKFYMGZ,0.333333,0.666667,point_previews/task000033_mu000032_rho060_n1.png
0.7,32,8,license_plate_bahnschrift.ttf,CBAGJWPD6YXT0RNZL49E3HSU875KFVMQ2,0,11,0,0.595,13.38656,0.735998,0.721147,EBAGJWPDSYXTURNZC47E3HSUSTSKFYMD2,0.30303,0.69697,point_previews/task000033_mu000032_rho070_n0.png
0.7,32,8,license_plate_bahnschrift.ttf,CBAGJWPD6YXT0RNZL49E3HSU875KFVMQ2,0,11,1,0.595,13.38656,0.735998,0.721147,CBAGJWPUSYXTRNZLAPESHSUSTSKFVMQZ,0.30303,0.69697,point_previews/task000033_mu000032_rho070_n1.png
0.8,32,8,license_plate_bahnschrift.ttf,CBAGJWPD6YXT0RNZL49E3HSU875KFVMQ2,0,11,0,0.68,14.310835,0.701998,0.674571,CBAGWPDAYXTURNZLS9ESHSUSTSKFYMG2,0.30303,0.69697,point_previews/task000033_mu000032_rho080_n0.png
0.8,32,8,license_plate_bahnschrift.ttf,CBAGJWPD6YXT0RNZL49E3HSU875KFVMQ2,0,11,1,0.68,14.310835,0.701998,0.674571,CBAGJWPDSYXTRNZLGPESHSUBTSKEVMG2,0.30303,0.69697,point_previews/task000033_mu000032_rho080_n1.png
0.9,32,8,license_plate_bahnschrift.ttf,CBAGJWPD6YXT0RNZL49E3HSU875KFVMQ2,0,11,0,0.765,15.178933,0.668877,0.635992,CBAGJWPDSYXTURNZE49ESHSUBTSKFVMG2,0.242424,0.757576,point_previews/task000033_mu000032_rho090_n0.png
0.9,32,8,license_plate_bahnschrift.ttf,CBAGJWPD6YXT0RNZL49E3HSU875KFVMQ2,0,11,1,0.765,15.178933,0.668877,0.635992,CSAGJWPDSYXTURNZL4SESHSUBTSKFVMAZ,0.30303,0.69697,point_previews/task000033_mu000032_rho090_n1.png
1.0,32,8,license_plate_bahnschrift.ttf,CBAGJWPD6YXT0RNZL49E3HSU875KFVMQ2,0,11,0,0.85,16.0,0.63662,0.603355,CBAGJWPDS6YXTERNZLSPESHSUSTSKFYMG2,0.30303,0.69697,point_previews/task000033_mu000032_rho100_n0.png
1.0,32,8,license_plate_bahnschrift.ttf,CBAGJWPD6YXT0RNZL49E3HSU875KFVMQ2,0,11,1,0.85,16.0,0.63662,0.603355,CBAGJWFDSYXTRNZLS9ESHSUSTSKEVMQ2,0.272727,0.727273,point_previews/task000033_mu000032_rho100_n1.png
0.1,45,8,license_plate_bahnschrift.ttf,CBAGJWPD6YXT0RNZL49E3HSU875KFVMQ2,0,11,0,0.085,5.059644,0.959381,1.907975,VGWHDASYRSBLASSHBLSCPAD,0.818182,0.181818,point_previews/task000034_mu000045_rho010_n0.png
0.1,45,8,license_plate_bahnschrift.ttf,CBAGJWPD6YXT0RNZL49E3HSU875KFVMQ2,0,11,1,0.085,5.059644,0.959381,1.907975,RAERRCNUALCHEMESN,0.878788,0.121212,point_previews/task000034_mu000045_rho010_n1.png
0.2,45,8,license_plate_bahnschrift.ttf,CBAGJWPD6YXT0RNZL49E3HSU875KFVMQ2,0,11,0,0.17,7.155418,0.919759,1.349142,CBABWPHSYNTURNZLS9ESHSUSTSKEYHMAS,0.484848,0.515152,point_previews/task000034_mu000045_rho020_n0.png
0.2,45,8,license_plate_bahnschrift.ttf,CBAGJWPD6YXT0RNZL49E3HSU875KFVMQ2,0,11,1,0.17,7.155418,0.919759,1.349142,DSAGWEDAYXTURNZESESHSURTAKEYMED,0.515152,0.484848,point_previews/task000034_mu000045_rho020_n1.png
0.3,45,8,license_plate_bahnschrift.ttf,CBAGJWPD6YXT0RNZL49E3HSU875KFVMQ2,0,11,0,0.255,8.763561,0.881116,1.10157,,1.0,0.0,point_previews/task000034_mu000045_rho030_n0.png
0.3,45,8,license_plate_bahnschrift.ttf,CBAGJWPD6YXT0RNZL49E3HSU875KFVMQ2,0,11,1,0.255,8.763561,0.881116,1.10157,SBAGJNPRSYRTRNZL42ESHSUBTSKFVMG2,0.363636,0.636364,point_previews/task000034_mu000045_rho030_n1.png
0.4,45,8,license_plate_bahnschrift.ttf,CBAGJWPD6YXT0RNZL49E3HSU875KFVMQ2,0,11,0,0.34,10.119289,0.843436,0.953987,CRAGJNPDSYXTERNZLAPESHSUBTSKEVMQ2,0.333333,0.666667,point_previews/task000034_mu000045_rho040_n0.png
0.4,45,8,license_plate_bahnschrift.ttf,CBAGJWPD6YXT0RNZL49E3HSU875KFVMQ2,0,11,1,0.34,10.119289,0.843436,0.953987,CBAGJNPDAYXTURNZL49ESHSUB7SKEYMG2,0.272727,0.727273,point_previews/task000034_mu000045_rho040_n1.png
0.5,45,8,license_plate_bahnschrift.ttf,CBAGJWPD6YXT0RNZL49E3HSU875KFVMQ2,0,11,0,0.425,11.313708,0.8067,0.853272,EBAGJPR6YXTURNZL4PESHSUSTSKFYMQ2,0.30303,0.69697,point_previews/task000034_mu000045_rho050_n0.png
0.5,45,8,license_plate_bahnschrift.ttf,CBAGJWPD6YXT0RNZL49E3HSU875KFVMQ2,0,11,1,0.425,11.313708,0.8067,0.853272,CBAGJWPDSYXTURNZLAPESHSUSTSKFVMD2,0.272727,0.727273,point_previews/task000034_mu000045_rho050_n1.png
0.6,45,8,license_plate_bahnschrift.ttf,CBAGJWPD6YXT0RNZL49E3HSU875KFVMQ2,0,11,0,0.51,12.393547,0.770893,0.778927,CRAGJWPD6YXTURNZE4PESHSUBTSKFVMQ2,0.242424,0.757576,point_previews/task000034_mu000045_rho060_n0.png
0.6,45,8,license_plate_bahnschrift.ttf,CBAGJWPD6YXT0RNZL49E3HSU875KFVMQ2,0,11,1,0.51,12.393547,0.770893,0.778927,CBAGJWPD6YXTURNZLSPESHSUBT5KFYMGZ,0.272727,0.727273,point_previews/task000034_mu000045_rho060_n1.png
0.7,45,8,license_plate_bahnschrift.ttf,CBAGJWPD6YXT0RNZL49E3HSU875KFVMQ2,0,11,0,0.595,13.38656,0.735998,0.721147,CBAGJWPRS6YXTURNZLA7ESHSUSTSKFVMQ2,0.272727,0.727273,point_previews/task000034_mu000045_rho070_n0.png
0.7,45,8,license_plate_bahnschrift.ttf,CBAGJWPD6YXT0RNZL49E3HSU875KFVMQ2,0,11,1,0.595,13.38656,0.735998,0.721147,CBAGJWPDSYXTRNZLSFESHSUSTSKFVMQ2,0.242424,0.757576,point_previews/task000034_mu000045_rho070_n1.png
0.8,45,8,license_plate_bahnschrift.ttf,CBAGJWPD6YXT0RNZL49E3HSU875KFVMQ2,0,11,0,0.68,14.310835,0.701998,0.674571,CBAGJWPDSYXTURNZLG9ESHSUSTSKFYMQ2,0.242424,0.757576,point_previews/task000034_mu000045_rho080_n0.png
0.8,45,8,license_plate_bahnschrift.ttf,CBAGJWPD6YXT0RNZL49E3HSU875KFVMQ2,0,11,1,0.68,14.310835,0.701998,0.674571,CBAGJWPDSYXT0RNZE49ESHSUBTSKFVMGZ,0.242424,0.757576,point_previews/task000034_mu000045_rho080_n1.png
0.9,45,8,license_plate_bahnschrift.ttf,CBAGJWPD6YXT0RNZL49E3HSU875KFVMQ2,0,11,0,0.765,15.178933,0.668877,0.635992,CBAGJWPD6YXTURNZLA9ESHSUS75KFVMQZ,0.151515,0.848485,point_previews/task000034_mu000045_rho090_n0.png
0.9,45,8,license_plate_bahnschrift.ttf,CBAGJWPD6YXT0RNZL49E3HSU875KFVMQ2,0,11,1,0.765,15.178933,0.668877,0.635992,CBAGJWPDSYXTURNZLASESHSUB7SKFVMG2,0.242424,0.757576,point_previews/task000034_mu000045_rho090_n1.png
1.0,45,8,license_plate_bahnschrift.ttf,CBAGJWPD6YXT0RNZL49E3HSU875KFVMQ2,0,11,0,0.85,16.0,0.63662,0.603355,CBRAGJWPD6YXTURNZL49ESHSUBTSKFVYMQ2,0.212121,0.787879,point_previews/task000034_mu000045_rho100_n0.png
1.0,45,8,license_plate_bahnschrift.ttf,CBAGJWPD6YXT0RNZL49E3HSU875KFVMQ2,0,11,1,0.85,16.0,0.63662,0.603355,CBAGJWPD6YXTRNZL4ESHSUBTSKFVMQ2,0.181818,0.818182,point_previews/task000034_mu000045_rho100_n1.png
0.1,64,8,license_plate_bahnschrift.ttf,CBAGJWPD6YXT0RNZL49E3HSU875KFVMQ2,0,11,0,0.085,5.059644,0.959381,1.907975,,1.0,0.0,point_previews/task000035_mu000064_rho010_n0.png
0.1,64,8,license_plate_bahnschrift.ttf,CBAGJWPD6YXT0RNZL49E3HSU875KFVMQ2,0,11,1,0.085,5.059644,0.959381,1.907975,ERAGWPDSYRTAANZERSESHEUSSKEMAES,0.606061,0.393939,point_previews/task000035_mu000064_rho010_n1.png
0.2,64,8,license_plate_bahnschrift.ttf,CBAGJWPD6YXT0RNZL49E3HSU875KFVMQ2,0,11,0,0.17,7.155418,0.919759,1.349142,,1.0,0.0,point_previews/task000035_mu000064_rho020_n0.png
0.2,64,8,license_plate_bahnschrift.ttf,CBAGJWPD6YXT0RNZL49E3HSU875KFVMQ2,0,11,1,0.17,7.155418,0.919759,1.349142,,1.0,0.0,point_previews/task000035_mu000064_rho020_n1.png
0.3,64,8,license_plate_bahnschrift.ttf,CBAGJWPD6YXT0RNZL49E3HSU875KFVMQ2,0,11,0,0.255,8.763561,0.881116,1.10157,,1.0,0.0,point_previews/task000035_mu000064_rho030_n0.png
0.3,64,8,license_plate_bahnschrift.ttf,CBAGJWPD6YXT0RNZL49E3HSU875KFVMQ2,0,11,1,0.255,8.763561,0.881116,1.10157,CBAGWEUSYXTRNZLS9ESHSUSTSKEVMGZ,0.393939,0.606061,point_previews/task000035_mu000064_rho030_n1.png
0.4,64,8,license_plate_bahnschrift.ttf,CBAGJWPD6YXT0RNZL49E3HSU875KFVMQ2,0,11,0,0.34,10.119289,0.843436,0.953987,CBAGJWPDSYXTURNZLS9ESHSUS75KFVM02,0.181818,0.818182,point_previews/task000035_mu000064_rho040_n0.png
0.4,64,8,license_plate_bahnschrift.ttf,CBAGJWPD6YXT0RNZL49E3HSU875KFVMQ2,0,11,1,0.34,10.119289,0.843436,0.953987,CBAGJWPD6YXTDRNZLASESHSUSTSKFYMG2,0.272727,0.727273,point_previews/task000035_mu000064_rho040_n1.png
0.5,64,8,license_plate_bahnschrift.ttf,CBAGJWPD6YXT0RNZL49E3HSU875KFVMQ2,0,11,0,0.425,11.313708,0.8067,0.853272,CBAGJWPD6YXTURNZE49ESHSUS75KFYMQ2,0.151515,0.848485,point_previews/task000035_mu000064_rho050_n0.png
0.5,64,8,license_plate_bahnschrift.ttf,CBAGJWPD6YXT0RNZL49E3HSU875KFVMQ2,0,11,1,0.425,11.313708,0.8067,0.853272,CBAGJWPD6YXTURNZLS9ESHSUS7SKFYMQ2,0.181818,0.818182,point_previews/task000035_mu000064_rho050_n1.png
0.6,64,8,license_plate_bahnschrift.ttf,CBAGJWPD6YXT0RNZL49E3HSU875KFVMQ2,0,11,0,0.51,12.393547,0.770893,0.778927,CBAGJWPDSYXTERNZLSFESHSUSTSKFYMQ2,0.272727,0.727273,point_previews/task000035_mu000064_rho060_n0.png
0.6,64,8,license_plate_bahnschrift.ttf,CBAGJWPD6YXT0RNZL49E3HSU875KFVMQ2,0,11,1,0.51,12.393547,0.770893,0.778927,CBAGJWPD6YXTURNZLG9ESHSUBTSKFVMQ2,0.181818,0.818182,point_previews/task000035_mu000064_rho060_n1.png
0.7,64,8,license_plate_bahnschrift.ttf,CBAGJWPD6YXT0RNZL49E3HSU875KFVMQ2,0,11,0,0.595,13.38656,0.735998,0.721147,CBAGJWPDSYXTURNZL49ESHSUBTSKFVMQ2,0.181818,0.818182,point_previews/task000035_mu000064_rho070_n0.png
0.7,64,8,license_plate_bahnschrift.ttf,CBAGJWPD6YXT0RNZL49E3HSU875KFVMQ2,0,11,1,0.595,13.38656,0.735998,0.721147,CBAGJWPD6YXTURNZL49ESHSUSTSKFVMQ2,0.151515,0.848485,point_previews/task000035_mu000064_rho070_n1.png
0.8,64,8,license_plate_bahnschrift.ttf,CBAGJWPD6YXT0RNZL49E3HSU875KFVMQ2,0,11,0,0.68,14.310835,0.701998,0.674571,CBAGJWPD6YXTURNZLASESHSUS75KFVMQ2,0.151515,0.848485,point_previews/task000035_mu000064_rho080_n0.png
0.8,64,8,license_plate_bahnschrift.ttf,CBAGJWPD6YXT0RNZL49E3HSU875KFVMQ2,0,11,1,0.68,14.310835,0.701998,0.674571,CBAGJWPD6YXTURNZL49E3HSUSTSKFVMG2,0.151515,0.848485,point_previews/task000035_mu000064_rho080_n1.png
0.9,64,8,license_plate_bahnschrift.ttf,CBAGJWPD6YXT0RNZL49E3HSU875KFVMQ2,0,11,0,0.765,15.178933,0.668877,0.635992,CBAGJWPDSYXTURNZL49E3HSUS75KFVMQ2,0.090909,0.909091,point_previews/task000035_mu000064_rho090_n0.png
0.9,64,8,license_plate_bahnschrift.ttf,CBAGJWPD6YXT0RNZL49E3HSU875KFVMQ2,0,11,1,0.765,15.178933,0.668877,0.635992,CBAGJWPDSYXTRNZL49ESHSUS7SKFVMQ2,0.151515,0.848485,point_previews/task000035_mu000064_rho090_n1.png
1.0,64,8,license_plate_bahnschrift.ttf,CBAGJWPD6YXT0RNZL49E3HSU875KFVMQ2,0,11,0,0.85,16.0,0.63662,0.603355,CBAGJWPD6YXTURNZL4SPESHSUB87TSKFYMQG2,0.272727,0.727273,point_previews/task000035_mu000064_rho100_n0.png
1.0,64,8,license_plate_bahnschrift.ttf,CBAGJWPD6YXT0RNZL49E3HSU875KFVMQ2,0,11,1,0.85,16.0,0.63662,0.603355,CBAGJWPD6YXTRNZL49ESHSUS7SKFYMQ2,0.151515,0.848485,point_previews/task000035_mu000064_rho100_n1.png
0.1,4,8,license_plate_bahnschrift.ttf,CBAGJWPD6YXT0RNZL49E3HSU875KFVMQ2,0,15,0,0.085,5.059644,0.959381,1.907975,,1.0,0.0,point_previews/task000036_mu000004_rho010_n0.png
0.1,4,8,license_plate_bahnschrift.ttf,CBAGJWPD6YXT0RNZL49E3HSU875KFVMQ2,0,15,1,0.085,5.059644,0.959381,1.907975,,1.0,0.0,point_previews/task000036_mu000004_rho010_n1.png
0.2,4,8,license_plate_bahnschrift.ttf,CBAGJWPD6YXT0RNZL49E3HSU875KFVMQ2,0,15,0,0.17,7.155418,0.919759,1.349142,PRUUSTHMANSTCURRSSATEJ,0.909091,0.090909,point_previews/task000036_mu000004_rho020_n0.png
0.2,4,8,license_plate_bahnschrift.ttf,CBAGJWPD6YXT0RNZL49E3HSU875KFVMQ2,0,15,1,0.17,7.155418,0.919759,1.349142,SFAETDYBANS,0.848485,0.151515,point_previews/task000036_mu000004_rho020_n1.png
0.3,4,8,license_plate_bahnschrift.ttf,CBAGJWPD6YXT0RNZL49E3HSU875KFVMQ2,0,15,0,0.255,8.763561,0.881116,1.10157,PATNESSRCSANETN,0.848485,0.151515,point_previews/task000036_mu000004_rho030_n0.png
0.3,4,8,license_plate_bahnschrift.ttf,CBAGJWPD6YXT0RNZL49E3HSU875KFVMQ2,0,15,1,0.255,8.763561,0.881116,1.10157,APARRENRUPENYENRES,0.848485,0.151515,point_previews/task000036_mu000004_rho030_n1.png
0.4,4,8,license_plate_bahnschrift.ttf,CBAGJWPD6YXT0RNZL49E3HSU875KFVMQ2,0,15,0,0.34,10.119289,0.843436,0.953987,HALERLGRRTSNFBER,0.848485,0.151515,point_previews/task000036_mu000004_rho040_n0.png
0.4,4,8,license_plate_bahnschrift.ttf,CBAGJWPD6YXT0RNZL49E3HSU875KFVMQ2,0,15,1,0.34,10.119289,0.843436,0.953987,NSPANMPSRARNDEGANRUETRARRSC,0.878788,0.121212,point_previews/task000036_mu000004_rho040_n1.png
0.5,4,8,license_plate_bahnschrift.ttf,CBAGJWPD6YXT0RNZL49E3HSU875KFVMQ2,0,15,0,0.425,11.313708,0.8067,0.853272,AFPEEATESPGGAES,0.848485,0.151515,point_previews/task000036_mu000004_rho050_n0.png
0.5,4,8,license_plate_bahnschrift.ttf,CBAGJWPD6YXT0RNZL49E3HSU875KFVMQ2,0,15,1,0.425,11.313708,0.8067,0.853272,ESESHAPRFAYFSY,0.909091,0.090909,point_previews/task000036_mu000004_rho050_n1.png
0.6,4,8,license_plate_bahnschrift.ttf,CBAGJWPD6YXT0RNZL49E3HSU875KFVMQ2,0,15,0,0.51,12.393547,0.770893,0.778927,ALRNGESAEPEAEEERYSPERGEPTALES,0.939394,0.060606,point_previews/task000036_mu000004_rho060_n0.png
0.6,4,8,license_plate_bahnschrift.ttf,CBAGJWPD6YXT0RNZL49E3HSU875KFVMQ2,0,15,1,0.51,12.393547,0.770893,0.778927,GRMEGRTMLS7R,0.848485,0.151515,point_previews/task000036_mu000004_rho060_n1.png
0.7,4,8,license_plate_bahnschrift.ttf,CBAGJWPD6YXT0RNZL49E3HSU875KFVMQ2,0,15,0,0.595,13.38656,0.735998,0.721147,SHNRAYRARRSEC,0.909091,0.090909,point_previews/task000036_mu000004_rho070_n0.png
0.7,4,8,license_plate_bahnschrift.ttf,CBAGJWPD6YXT0RNZL49E3HSU875KFVMQ2,0,15,1,0.595,13.38656,0.735998,0.721147,SSSRASTSEAERACRUSESRRG,0.909091,0.090909,point_previews/task000036_mu000004_rho070_n1.png
0.8,4,8,license_plate_bahnschrift.ttf,CBAGJWPD6YXT0RNZL49E3HSU875KFVMQ2,0,15,0,0.68,14.310835,0.701998,0.674571,EARVESKTE,0.848485,0.151515,point_previews/task000036_mu000004_rho080_n0.png
0.8,4,8,license_plate_bahnschrift.ttf,CBAGJWPD6YXT0RNZL49E3HSU875KFVMQ2,0,15,1,0.68,14.310835,0.701998,0.674571,CEEPUPSSTRNTSAURTARE,0.818182,0.181818,point_previews/task000036_mu000004_rho080_n1.png
0.9,4,8,license_plate_bahnschrift.ttf,CBAGJWPD6YXT0RNZL49E3HSU875KFVMQ2,0,15,0,0.765,15.178933,0.668877,0.635992,SERERPDERECRAZYSSSNEA2,0.818182,0.181818,point_previews/task000036_mu000004_rho090_n0.png
0.9,4,8,license_plate_bahnschrift.ttf,CBAGJWPD6YXT0RNZL49E3HSU875KFVMQ2,0,15,1,0.765,15.178933,0.668877,0.635992,ESSRETARENETAAE,0.909091,0.090909,point_previews/task000036_mu000004_rho090_n1.png
1.0,4,8,license_plate_bahnschrift.ttf,CBAGJWPD6YXT0RNZL49E3HSU875KFVMQ2,0,15,0,0.85,16.0,0.63662,0.603355,SERASEDEANTRHZEERCSURPSEMD,0.757576,0.242424,point_previews/task000036_mu000004_rho100_n0.png
1.0,4,8,license_plate_bahnschrift.ttf,CBAGJWPD6YXT0RNZL49E3HSU875KFVMQ2,0,15,1,0.85,16.0,0.63662,0.603355,AEMETENEEPRTARRGAPARG,0.878788,0.121212,point_previews/task000036_mu000004_rho100_n1.png
0.1,6,8,license_plate_bahnschrift.ttf,CBAGJWPD6YXT0RNZL49E3HSU875KFVMQ2,0,15,0,0.085,5.059644,0.959381,1.907975,FNRRLARPBNCT,0.939394,0.060606,point_previews/task000037_mu000006_rho010_n0.png
0.1,6,8,license_plate_bahnschrift.ttf,CBAGJWPD6YXT0RNZL49E3HSU875KFVMQ2,0,15,1,0.085,5.059644,0.959381,1.907975,GSRCRRPR,0.939394,0.060606,point_previews/task000037_mu000006_rho010_n1.png
0.2,6,8,license_plate_bahnschrift.ttf,CBAGJWPD6YXT0RNZL49E3HSU875KFVMQ2,0,15,0,0.17,7.155418,0.919759,1.349142,LPAETLPRNSNYRALS,0.848485,0.151515,point_previews/task000037_mu000006_rho020_n0.png
0.2,6,8,license_plate_bahnschrift.ttf,CBAGJWPD6YXT0RNZL49E3HSU875KFVMQ2,0,15,1,0.17,7.155418,0.919759,1.349142,PAGMCRPNESS,0.848485,0.151515,point_previews/task000037_mu000006_rho020_n1.png
0.3,6,8,license_plate_bahnschrift.ttf,CBAGJWPD6YXT0RNZL49E3HSU875KFVMQ2,0,15,0,0.255,8.763561,0.881116,1.10157,ECANTNRECDPERT,0.878788,0.121212,point_previews/task000037_mu000006_rho030_n0.png
0.3,6,8,license_plate_bahnschrift.ttf,CBAGJWPD6YXT0RNZL49E3HSU875KFVMQ2,0,15,1,0.255,8.763561,0.881116,1.10157,TAAYEESEEENEKSMETTC,0.878788,0.121212,point_previews/task000037_mu000006_rho030_n1.png
0.4,6,8,license_plate_bahnschrift.ttf,CBAGJWPD6YXT0RNZL49E3HSU875KFVMQ2,0,15,0,0.34,10.119289,0.843436,0.953987,LSEPRFSE0YNUTMRERMRECRAETNT,0.878788,0.121212,point_previews/task000037_mu000006_rho040_n0.png
0.4,6,8,license_plate_bahnschrift.ttf,CBAGJWPD6YXT0RNZL49E3HSU875KFVMQ2,0,15,1,0.34,10.119289,0.843436,0.953987,TRGRSATEYUETEPREMLEELTE,0.878788,0.121212,point_previews/task000037_mu000006_rho040_n1.png
0.5,6,8,license_plate_bahnschrift.ttf,CBAGJWPD6YXT0RNZL49E3HSU875KFVMQ2,0,15,0,0.425,11.313708,0.8067,0.853272,EALUEELRRBRERE,0.909091,0.090909,point_previews/task000037_mu000006_rho050_n0.png
0.5,6,8,license_plate_bahnschrift.ttf,CBAGJWPD6YXT0RNZL49E3HSU875KFVMQ2,0,15,1,0.425,11.313708,0.8067,0.853272,,1.0,0.0,point_previews/task000037_mu000006_rho050_n1.png
0.6,6,8,license_plate_bahnschrift.ttf,CBAGJWPD6YXT0RNZL49E3HSU875KFVMQ2,0,15,0,0.51,12.393547,0.770893,0.778927,FCPRGRESYHTRTSENTACRMMEES,0.848485,0.151515,point_previews/task000037_mu000006_rho060_n0.png
0.6,6,8,license_plate_bahnschrift.ttf,CBAGJWPD6YXT0RNZL49E3HSU875KFVMQ2,0,15,1,0.51,12.393547,0.770893,0.778927,HSASEEEEPTA,0.939394,0.060606,point_previews/task000037_mu000006_rho060_n1.png
0.7,6,8,license_plate_bahnschrift.ttf,CBAGJWPD6YXT0RNZL49E3HSU875KFVMQ2,0,15,0,0.595,13.38656,0.735998,0.721147,UPRARHMETCRENCAEAGNEHAR,0.909091,0.090909,point_previews/task000037_mu000006_rho070_n0.png
0.7,6,8,license_plate_bahnschrift.ttf,CBAGJWPD6YXT0RNZL49E3HSU875KFVMQ2,0,15,1,0.595,13.38656,0.735998,0.721147,CHLEMDAVETARTGRVEATE,0.848485,0.151515,point_previews/task000037_mu000006_rho070_n1.png
0.8,6,8,license_plate_bahnschrift.ttf,CBAGJWPD6YXT0RNZL49E3HSU875KFVMQ2,0,15,0,0.68,14.310835,0.701998,0.674571,PRACHUSTRUNTRRNTSGHSTRANS,0.818182,0.181818,point_previews/task000037_mu000006_rho080_n0.png
0.8,6,8,license_plate_bahnschrift.ttf,CBAGJWPD6YXT0RNZL49E3HSU875KFVMQ2,0,15,1,0.68,14.310835,0.701998,0.674571,THLEEAETURRTLPSRERTSCRELS,0.878788,0.121212,point_previews/task000037_mu000006_rho080_n1.png
0.9,6,8,license_plate_bahnschrift.ttf,CBAGJWPD6YXT0RNZL49E3HSU875KFVMQ2,0,15,0,0.765,15.178933,0.668877,0.635992,LENGHRPESPRTRNZLATRRSRTDRREND,0.757576,0.242424,point_previews/task000037_mu000006_rho090_n0.png
0.9,6,8,license_plate_bahnschrift.ttf,CBAGJWPD6YXT0RNZL49E3HSU875KFVMQ2,0,15,1,0.765,15.178933,0.668877,0.635992,,1.0,0.0,point_previews/task000037_mu000006_rho090_n1.png
1.0,6,8,license_plate_bahnschrift.ttf,CBAGJWPD6YXT0RNZL49E3HSU875KFVMQ2,0,15,0,0.85,16.0,0.63662,0.603355,LGASENEDELATURTLGPSSURTSREM,0.757576,0.242424,point_previews/task000037_mu000006_rho100_n0.png
1.0,6,8,license_plate_bahnschrift.ttf,CBAGJWPD6YXT0RNZL49E3HSU875KFVMQ2,0,15,1,0.85,16.0,0.63662,0.603355,,1.0,0.0,point_previews/task000037_mu000006_rho100_n1.png
0.1,8,8,license_plate_bahnschrift.ttf,CBAGJWPD6YXT0RNZL49E3HSU875KFVMQ2,0,15,0,0.085,5.059644,0.959381,1.907975,,1.0,0.0,point_previews/task000038_mu000008_rho010_n0.png
0.1,8,8,license_plate_bahnschrift.ttf,CBAGJWPD6YXT0RNZL49E3HSU875KFVMQ2,0,15,1,0.085,5.059644,0.959381,1.907975,,1.0,0.0,point_previews/task000038_mu000008_rho010_n1.png
0.2,8,8,license_plate_bahnschrift.ttf,CBAGJWPD6YXT0RNZL49E3HSU875KFVMQ2,0,15,0,0.17,7.155418,0.919759,1.349142,LEARAE,0.909091,0.090909,point_previews/task000038_mu000008_rho020_n0.png
0.2,8,8,license_plate_bahnschrift.ttf,CBAGJWPD6YXT0RNZL49E3HSU875KFVMQ2,0,15,1,0.17,7.155418,0.919759,1.349142,SRARENPSASLSREERT,0.878788,0.121212,point_previews/task000038_mu000008_rho020_n1.png
0.3,8,8,license_plate_bahnschrift.ttf,CBAGJWPD6YXT0RNZL49E3HSU875KFVMQ2,0,15,0,0.255,8.763561,0.881116,1.10157,SENENASSAESERS,0.909091,0.090909,point_previews/task000038_mu000008_rho030_n0.png
0.3,8,8,license_plate_bahnschrift.ttf,CBAGJWPD6YXT0RNZL49E3HSU875KFVMQ2,0,15,1,0.255,8.763561,0.881116,1.10157,REBENSEYAPRNTESCHAS,0.848485,0.151515,point_previews/task000038_mu000008_rho030_n1.png
0.4,8,8,license_plate_bahnschrift.ttf,CBAGJWPD6YXT0RNZL49E3HSU875KFVMQ2,0,15,0,0.34,10.119289,0.843436,0.953987,TETRSRASEMTSPESYSEBUURERMEED,0.909091,0.090909,point_previews/task000038_mu000008_rho040_n0.png
0.4,8,8,license_plate_bahnschrift.ttf,CBAGJWPD6YXT0RNZL49E3HSU875KFVMQ2,0,15,1,0.34,10.119289,0.843436,0.953987,,1.0,0.0,point_previews/task000038_mu000008_rho040_n1.png
0.5,8,8,license_plate_bahnschrift.ttf,CBAGJWPD6YXT0RNZL49E3HSU875KFVMQ2,0,15,0,0.425,11.313708,0.8067,0.853272,SUBGAYRBASTRRECATEAAS,0.848485,0.151515,point_previews/task000038_mu000008_rho050_n0.png
0.5,8,8,license_plate_bahnschrift.ttf,CBAGJWPD6YXT0RNZL49E3HSU875KFVMQ2,0,15,1,0.425,11.313708,0.8067,0.853272,TESAGSRRCRATRTFEHUSHETAS,0.818182,0.181818,point_previews/task000038_mu000008_rho050_n1.png
0.6,8,8,license_plate_bahnschrift.ttf,CBAGJWPD6YXT0RNZL49E3HSU875KFVMQ2,0,15,0,0.51,12.393547,0.770893,0.778927,BEASHUSEAMEGRNELATERSUNESHRLLS,0.787879,0.212121,point_previews/task000038_mu000008_rho060_n0.png
0.6,8,8,license_plate_bahnschrift.ttf,CBAGJWPD6YXT0RNZL49E3HSU875KFVMQ2,0,15,1,0.51,12.393547,0.770893,0.778927,CBAGSUPLBTATRARZGSESASSFSKEVRER,0.666667,0.333333,point_previews/task000038_mu000008_rho060_n1.png
0.7,8,8,license_plate_bahnschrift.ttf,CBAGJWPD6YXT0RNZL49E3HSU875KFVMQ2,0,15,0,0.595,13.38656,0.735998,0.721147,TRADLWADEMRTGMAELSTESHSESRAENTELS,0.757576,0.242424,point_previews/task000038_mu000008_rho070_n0.png
0.7,8,8,license_plate_bahnschrift.ttf,CBAGJWPD6YXT0RNZL49E3HSU875KFVMQ2,0,15,1,0.595,13.38656,0.735998,0.721147,SHAGJNDDAYSTHRNALATESASHTRVRGS,0.636364,0.363636,point_previews/task000038_mu000008_rho070_n1.png
0.8,8,8,license_plate_bahnschrift.ttf,CBAGJWPD6YXT0RNZL49E3HSU875KFVMQ2,0,15,0,0.68,14.310835,0.701998,0.674571,DAADWEGAYRTURNEUAFESMSURTSKDRD,0.69697,0.30303,point_previews/task000038_mu000008_rho080_n0.png
0.8,8,8,license_plate_bahnschrift.ttf,CBAGJWPD6YXT0RNZL49E3HSU875KFVMQ2,0,15,1,0.68,14.310835,0.701998,0.674571,EGPUEBETADRZG7SASEBTREVHAGD,0.848485,0.151515,point_previews/task000038_mu000008_rho080_n1.png
0.9,8,8,license_plate_bahnschrift.ttf,CBAGJWPD6YXT0RNZL49E3HSU875KFVMQ2,0,15,0,0.765,15.178933,0.668877,0.635992,,1.0,0.0,point_previews/task000038_mu000008_rho090_n0.png
0.9,8,8,license_plate_bahnschrift.ttf,CBAGJWPD6YXT0RNZL49E3HSU875KFVMQ2,0,15,1,0.765,15.178933,0.668877,0.635992,EULSMEBEYRTQRNZLSBESSUSTDKEED,0.69697,0.30303,point_previews/task000038_mu000008_rho090_n1.png
1.0,8,8,license_plate_bahnschrift.ttf,CBAGJWPD6YXT0RNZL49E3HSU875KFVMQ2,0,15,0,0.85,16.0,0.63662,0.603355,CEMGUVEDEYXTURNZEGESSLRTSEEVAGD,0.636364,0.363636,point_previews/task000038_mu000008_rho100_n0.png
1.0,8,8,license_plate_bahnschrift.ttf,CBAGJWPD6YXT0RNZL49E3HSU875KFVMQ2,0,15,1,0.85,16.0,0.63662,0.603355,SGAGSWEDSYXURNEASS3HSCRTSKEYMDR,0.606061,0.393939,point_previews/task000038_mu000008_rho100_n1.png
0.1,11,8,license_plate_bahnschrift.ttf,CBAGJWPD6YXT0RNZL49E3HSU875KFVMQ2,0,15,0,0.085,5.059644,0.959381,1.907975,SSPNENTRTP,0.909091,0.090909,point_previews/task000039_mu000011_rho010_n0.png
0.1,11,8,license_plate_bahnschrift.ttf,CBAGJWPD6YXT0RNZL49E3HSU875KFVMQ2,0,15,1,0.085,5.059644,0.959381,1.907975,SRENGESNR,0.909091,0.090909,point_previews/task000039_mu000011_rho010_n1.png
0.2,11,8,license_plate_bahnschrift.ttf,CBAGJWPD6YXT0RNZL49E3HSU875KFVMQ2,0,15,0,0.17,7.155418,0.919759,1.349142,V34AARECMMCETSCP,0.909091,0.090909,point_previews/task000039_mu000011_rho020_n0.png
0.2,11,8,license_plate_bahnschrift.ttf,CBAGJWPD6YXT0RNZL49E3HSU875KFVMQ2,0,15,1,0.17,7.155418,0.919759,1.349142,CSRSTRYEHGSRMEEPEER,0.848485,0.151515,point_previews/task000039_mu000011_rho020_n1.png
0.3,11,8,license_plate_bahnschrift.ttf,CBAGJWPD6YXT0RNZL49E3HSU875KFVMQ2,0,15,0,0.255,8.763561,0.881116,1.10157,TEESSPHSBXFAEABESCATBS,0.878788,0.121212,point_previews/task000039_mu000011_rho030_n0.png
0.3,11,8,license_plate_bahnschrift.ttf,CBAGJWPD6YXT0RNZL49E3HSU875KFVMQ2,0,15,1,0.255,8.763561,0.881116,1.10157,SCUARAUPTEARGRGTESRSGAPERUST,0.848485,0.151515,point_previews/task000039_mu000011_rho030_n1.png
0.4,11,8,license_plate_bahnschrift.ttf,CBAGJWPD6YXT0RNZL49E3HSU875KFVMQ2,0,15,0,0.34,10.119289,0.843436,0.953987,VERRERREETRSTLAVESSUBTUKRUMDS,0.757576,0.242424,point_previews/task000039_mu000011_rho040_n0.png
0.4,11,8,license_plate_bahnschrift.ttf,CBAGJWPD6YXT0RNZL49E3HSU875KFVMQ2,0,15,1,0.34,10.119289,0.843436,0.953987,EEEGTRCRAMTCRESMSBSEUMS,0.818182,0.181818,point_previews/task000039_mu000011_rho040_n1.png
0.5,11,8,license_plate_bahnschrift.ttf,CBAGJWPD6YXT0RNZL49E3HSU875KFVMQ2,0,15,0,0.425,11.313708,0.8067,0.853272,TSAGUUEDSYXTARRARKAABE,0.757576,0.242424,point_previews/task000039_mu000011_rho050_n0.png
0.5,11,8,license_plate_bahnschrift.ttf,CBAGJWPD6YXT0RNZL49E3HSU875KFVMQ2,0,15,1,0.425,11.313708,0.8067,0.853272,CEGMMDEVATRETLESSLTKUMS,0.69697,0.30303,point_previews/task000039_mu000011_rho050_n1.png
0.6,11,8,license_plate_bahnschrift.ttf,CBAGJWPD6YXT0RNZL49E3HSU875KFVMQ2,0,15,0,0.51,12.393547,0.770893,0.778927,CRAGJWPDSTRTBRNECAGEASUBTSKEVMG,0.515152,0.484848,point_previews/task000039_mu000011_rho060_n0.png
0.6,11,8,license_plate_bahnschrift.ttf,CBAGJWPD6YXT0RNZL49E3HSU875KFVMQ2,0,15,1,0.51,12.393547,0.770893,0.778927,CSAGDHEDETSLURMZ245SA5ERTSREMMED,0.757576,0.242424,point_previews/task000039_mu000011_rho060_n1.png
0.7,11,8,license_plate_bahnschrift.ttf,CBAGJWPD6YXT0RNZL49E3HSU875KFVMQ2,0,15,0,0.595,13.38656,0.735998,0.721147,TRACTVEHAYATURALSSAHSURTDKEUNGZ,0.727273,0.272727,point_previews/task000039_mu000011_rho070_n0.png
0.7,11,8,license_plate_bahnschrift.ttf,CBAGJWPD6YXT0RNZL49E3HSU875KFVMQ2,0,15,1,0.595,13.38656,0.735998,0.721147,CBAGUWEDSVXTCRNTEATESHSUESTAKVERT,0.545455,0.454545,point_previews/task000039_mu000011_rho070_n1.png
0.8,11,8,license_plate_bahnschrift.ttf,CBAGJWPD6YXT0RNZL49E3HSU875KFVMQ2,0,15,0,0.68,14.310835,0.701998,0.674571,CEAGNYEDSYETURNZULTESHSATSREYMGZ,0.606061,0.393939,point_previews/task000039_mu000011_rho080_n0.png
0.8,11,8,license_plate_bahnschrift.ttf,CBAGJWPD6YXT0RNZL49E3HSU875KFVMQ2,0,15,1,0.68,14.310835,0.701998,0.674571,,1.0,0.0,point_previews/task000039_mu000011_rho080_n1.png
0.9,11,8,license_plate_bahnschrift.ttf,CBAGJWPD6YXT0RNZL49E3HSU875KFVMQ2,0,15,0,0.765,15.178933,0.668877,0.635992,,1.0,0.0,point_previews/task000039_mu000011_rho090_n0.png
0.9,11,8,license_plate_bahnschrift.ttf,CBAGJWPD6YXT0RNZL49E3HSU875KFVMQ2,0,15,1,0.765,15.178933,0.668877,0.635992,RERGJNEDAVETURNZEASESHSUSTARMG2,0.606061,0.393939,point_previews/task000039_mu000011_rho090_n1.png
1.0,11,8,license_plate_bahnschrift.ttf,CBAGJWPD6YXT0RNZL49E3HSU875KFVMQ2,0,15,0,0.85,16.0,0.63662,0.603355,CBAGTRPDGYRTCRRZELSESHSEBTSKEVGS,0.545455,0.454545,point_previews/task000039_mu000011_rho100_n0.png
1.0,11,8,license_plate_bahnschrift.ttf,CBAGJWPD6YXT0RNZL49E3HSU875KFVMQ2,0,15,1,0.85,16.0,0.63662,0.603355,,1.0,0.0,point_previews/task000039_mu000011_rho100_n1.png
0.1,16,8,license_plate_bahnschrift.ttf,CBAGJWPD6YXT0RNZL49E3HSU875KFVMQ2,0,15,0,0.085,5.059644,0.959381,1.907975,,1.0,0.0,point_previews/task000040_mu000016_rho010_n0.png
0.1,16,8,license_plate_bahnschrift.ttf,CBAGJWPD6YXT0RNZL49E3HSU875KFVMQ2,0,15,1,0.085,5.059644,0.959381,1.907975,,1.0,0.0,point_previews/task000040_mu000016_rho010_n1.png
0.2,16,8,license_plate_bahnschrift.ttf,CBAGJWPD6YXT0RNZL49E3HSU875KFVMQ2,0,15,0,0.17,7.155418,0.919759,1.349142,EASWUETYRYSSGRSDNSSARESBBAR,0.848485,0.151515,point_previews/task000040_mu000016_rho020_n0.png
0.2,16,8,license_plate_bahnschrift.ttf,CBAGJWPD6YXT0RNZL49E3HSU875KFVMQ2,0,15,1,0.17,7.155418,0.919759,1.349142,,1.0,0.0,point_previews/task000040_mu000016_rho020_n1.png
0.3,16,8,license_plate_bahnschrift.ttf,CBAGJWPD6YXT0RNZL49E3HSU875KFVMQ2,0,15,0,0.255,8.763561,0.881116,1.10157,CRAGAWETRTURRLEATESHSURDRRYM,0.666667,0.333333,point_previews/task000040_mu000016_rho030_n0.png
0.3,16,8,license_plate_bahnschrift.ttf,CBAGJWPD6YXT0RNZL49E3HSU875KFVMQ2,0,15,1,0.255,8.763561,0.881116,1.10157,ERGERPETGEEBASTSGAFSKFUAG,0.818182,0.181818,point_previews/task000040_mu000016_rho030_n1.png
0.4,16,8,license_plate_bahnschrift.ttf,CBAGJWPD6YXT0RNZL49E3HSU875KFVMQ2,0,15,0,0.34,10.119289,0.843436,0.953987,CRAGJMRDBYETURZLEENSUBTSKPUMGS,0.545455,0.454545,point_previews/task000040_mu000016_rho040_n0.png
0.4,16,8,license_plate_bahnschrift.ttf,CBAGJWPD6YXT0RNZL49E3HSU875KFVMQ2,0,15,1,0.34,10.119289,0.843436,0.953987,CEAGTMEDSYRTDRNZGHGUSRSTRES,0.666667,0.333333,point_previews/task000040_mu000016_rho040_n1.png
0.5,16,8,license_plate_bahnschrift.ttf,CBAGJWPD6YXT0RNZL49E3HSU875KFVMQ2,0,15,0,0.425,11.313708,0.8067,0.853272,CESCSWERSYCURNZSUSKEVNG,0.69697,0.30303,point_previews/task000040_mu000016_rho050_n0.png
0.5,16,8,license_plate_bahnschrift.ttf,CBAGJWPD6YXT0RNZL49E3HSU875KFVMQ2,0,15,1,0.425,11.313708,0.8067,0.853272,,1.0,0.0,point_previews/task000040_mu000016_rho050_n1.png
0.6,16,8,license_plate_bahnschrift.ttf,CBAGJWPD6YXT0RNZL49E3HSU875KFVMQ2,0,15,0,0.51,12.393547,0.770893,0.778927,CRAGUWEDGTRTGRNZEASESHSUSTSCEVGD,0.575758,0.424242,point_previews/task000040_mu000016_rho060_n0.png
0.6,16,8,license_plate_bahnschrift.ttf,CBAGJWPD6YXT0RNZL49E3HSU875KFVMQ2,0,15,1,0.51,12.393547,0.770893,0.778927,CRAGJWRDSFRTURNZLG5SSUBTSKENMUZ,0.545455,0.454545,point_previews/task000040_mu000016_rho060_n1.png
0.7,16,8,license_plate_bahnschrift.ttf,CBAGJWPD6YXT0RNZL49E3HSU875KFVMQ2,0,15,0,0.595,13.38656,0.735998,0.721147,CBAGWEDEYXTURNZLG9RSUSUSTSKEVMGD,0.424242,0.575758,point_previews/task000040_mu000016_rho070_n0.png
0.7,16,8,license_plate_bahnschrift.ttf,CBAGJWPD6YXT0RNZL49E3HSU875KFVMQ2,0,15,1,0.595,13.38656,0.735998,0.721147,CRAGTNPDGYRTGRNZLASESHSUSTSKEUMG2,0.454545,0.545455,point_previews/task000040_mu000016_rho070_n1.png
0.8,16,8,license_plate_bahnschrift.ttf,CBAGJWPD6YXT0RNZL49E3HSU875KFVMQ2,0,15,0,0.68,14.310835,0.701998,0.674571,CBAGJNEDSYNTURNELGTESHSUBTHKEVMGD,0.454545,0.545455,point_previews/task000040_mu000016_rho080_n0.png
0.8,16,8,license_plate_bahnschrift.ttf,CBAGJWPD6YXT0RNZL49E3HSU875KFVMQ2,0,15,1,0.68,14.310835,0.701998,0.674571,CSAGNPDSYXTURNZESFESHSUBTSKFYRDD,0.484848,0.515152,point_previews/task000040_mu000016_rho080_n1.png
0.9,16,8,license_plate_bahnschrift.ttf,CBAGJWPD6YXT0RNZL49E3HSU875KFVMQ2,0,15,0,0.765,15.178933,0.668877,0.635992,CBAGJWPDSYRTRNZLAPEAMSURTSKRG2,0.424242,0.575758,point_previews/task000040_mu000016_rho090_n0.png
0.9,16,8,license_plate_bahnschrift.ttf,CBAGJWPD6YXT0RNZL49E3HSU875KFVMQ2,0,15,1,0.765,15.178933,0.668877,0.635992,,1.0,0.0,point_previews/task000040_mu000016_rho090_n1.png
1.0,16,8,license_plate_bahnschrift.ttf,CBAGJWPD6YXT0RNZL49E3HSU875KFVMQ2,0,15,0,0.85,16.0,0.63662,0.603355,ERAGJWPDSYXTURNZUGPRSHSUSTSKEYMG2,0.454545,0.545455,point_previews/task000040_mu000016_rho100_n0.png
1.0,16,8,license_plate_bahnschrift.ttf,CBAGJWPD6YXT0RNZL49E3HSU875KFVMQ2,0,15,1,0.85,16.0,0.63662,0.603355,CBAGJWPRSYXTERNZLASESHSUBFSKEVMGD,0.363636,0.636364,point_previews/task000040_mu000016_rho100_n1.png
0.1,23,8,license_plate_bahnschrift.ttf,CBAGJWPD6YXT0RNZL49E3HSU875KFVMQ2,0,15,0,0.085,5.059644,0.959381,1.907975,SSAPRPRLEVENRASLRTRRL,0.848485,0.151515,point_previews/task000041_mu000023_rho010_n0.png
0.1,23,8,license_plate_bahnschrift.ttf,CBAGJWPD6YXT0RNZL49E3HSU875KFVMQ2,0,15,1,0.085,5.059644,0.959381,1.907975,KMMMNETPE,0.939394,0.060606,point_previews/task000041_mu000023_rho010_n1.png
0.2,23,8,license_plate_bahnschrift.ttf,CBAGJWPD6YXT0RNZL49E3HSU875KFVMQ2,0,15,0,0.17,7.155418,0.919759,1.349142,,1.0,0.0,point_previews/task000041_mu000023_rho020_n0.png
0.2,23,8,license_plate_bahnschrift.ttf,CBAGJWPD6YXT0RNZL49E3HSU875KFVMQ2,0,15,1,0.17,7.155418,0.919759,1.349142,CBAGWEDSYTHAZEAPESUSFSKEG,0.606061,0.393939,point_previews/task000041_mu000023_rho020_n1.png
0.3,23,8,license_plate_bahnschrift.ttf,CBAGJWPD6YXT0RNZL49E3HSU875KFVMQ2,0,15,0,0.255,8.763561,0.881116,1.10157,,1.0,0.0,point_previews/task000041_mu000023_rho030_n0.png
0.3,23,8,license_plate_bahnschrift.ttf,CBAGJWPD6YXT0RNZL49E3HSU875KFVMQ2,0,15,1,0.255,8.763561,0.881116,1.10157,CBACDSCUSTCTDRNERGSSUATEKEVMGZ,0.666667,0.333333,point_previews/task000041_mu000023_rho030_n1.png
0.4,23,8,license_plate_bahnschrift.ttf,CBAGJWPD6YXT0RNZL49E3HSU875KFVMQ2,0,15,0,0.34,10.119289,0.843436,0.953987,GBAGHWEDSYXTRNZLGPESASUATSKEYMA2,0.454545,0.545455,point_previews/task000041_mu000023_rho040_n0.png
0.4,23,8,license_plate_bahnschrift.ttf,CBAGJWPD6YXT0RNZL49E3HSU875KFVMQ2,0,15,1,0.34,10.119289,0.843436,0.953987,,1.0,0.0,point_previews/task000041_mu000023_rho040_n1.png
0.5,23,8,license_plate_bahnschrift.ttf,CBAGJWPD6YXT0RNZL49E3HSU875KFVMQ2,0,15,0,0.425,11.313708,0.8067,0.853272,CBAGNEDGYXTRNZLASESHSUBTSKEVMGS,0.424242,0.575758,point_previews/task000041_mu000023_rho050_n0.png
0.5,23,8,license_plate_bahnschrift.ttf,CBAGJWPD6YXT0RNZL49E3HSU875KFVMQ2,0,15,1,0.425,11.313708,0.8067,0.853272,,1.0,0.0,point_previews/task000041_mu000023_rho050_n1.png
0.6,23,8,license_plate_bahnschrift.ttf,CBAGJWPD6YXT0RNZL49E3HSU875KFVMQ2,0,15,0,0.51,12.393547,0.770893,0.778927,CEAGSWPDSYXTURNZLASESHSUBTSKEYMR2,0.393939,0.606061,point_previews/task000041_mu000023_rho060_n0.png
0.6,23,8,license_plate_bahnschrift.ttf,CBAGJWPD6YXT0RNZL49E3HSU875KFVMQ2,0,15,1,0.51,12.393547,0.770893,0.778927,,1.0,0.0,point_previews/task000041_mu000023_rho060_n1.png
0.7,23,8,license_plate_bahnschrift.ttf,CBAGJWPD6YXT0RNZL49E3HSU875KFVMQ2,0,15,0,0.595,13.38656,0.735998,0.721147,,1.0,0.0,point_previews/task000041_mu000023_rho070_n0.png
0.7,23,8,license_plate_bahnschrift.ttf,CBAGJWPD6YXT0RNZL49E3HSU875KFVMQ2,0,15,1,0.595,13.38656,0.735998,0.721147,CBAGJWEDUXTURNZLATESHSUSTSKFYMG2,0.363636,0.636364,point_previews/task000041_mu000023_rho070_n1.png
0.8,23,8,license_plate_bahnschrift.ttf,CBAGJWPD6YXT0RNZL49E3HSU875KFVMQ2,0,15,0,0.68,14.310835,0.701998,0.674571,,1.0,0.0,point_previews/task000041_mu000023_rho080_n0.png
0.8,23,8,license_plate_bahnschrift.ttf,CBAGJWPD6YXT0RNZL49E3HSU875KFVMQ2,0,15,1,0.68,14.310835,0.701998,0.674571,,1.0,0.0,point_previews/task000041_mu000023_rho080_n1.png
0.9,23,8,license_plate_bahnschrift.ttf,CBAGJWPD6YXT0RNZL49E3HSU875KFVMQ2,0,15,0,0.765,15.178933,0.668877,0.635992,CBAGJWEDGYXTDRNZLATERHSUBTSKEVMG2,0.333333,0.666667,point_previews/task000041_mu000023_rho090_n0.png
0.9,23,8,license_plate_bahnschrift.ttf,CBAGJWPD6YXT0RNZL49E3HSU875KFVMQ2,0,15,1,0.765,15.178933,0.668877,0.635992,CBAGJWPDSYXTRNZLA9E3MSUSTSKFYMGZ,0.30303,0.69697,point_previews/task000041_mu000023_rho090_n1.png
1.0,23,8,license_plate_bahnschrift.ttf,CBAGJWPD6YXT0RNZL49E3HSU875KFVMQ2,0,15,0,0.85,16.0,0.63662,0.603355,CBAGSNPDSYXTURNZLYPESHSUBTSKFYMGZ,0.393939,0.606061,point_previews/task000041_mu000023_rho100_n0.png
1.0,23,8,license_plate_bahnschrift.ttf,CBAGJWPD6YXT0RNZL49E3HSU875KFVMQ2,0,15,1,0.85,16.0,0.63662,0.603355,CBAGPNEDEYXTURNZL49ESHSUS7SKPVMG2,0.30303,0.69697,point_previews/task000041_mu000023_rho100_n1.png
0.1,32,8,license_plate_bahnschrift.ttf,CBAGJWPD6YXT0RNZL49E3HSU875KFVMQ2,0,15,0,0.085,5.059644,0.959381,1.907975,2EBRTEMPTEMESENTAHBARNCPE,0.909091,0.090909,point_previews/task000042_mu000032_rho010_n0.png
0.1,32,8,license_plate_bahnschrift.ttf,CBAGJWPD6YXT0RNZL49E3HSU875KFVMQ2,0,15,1,0.085,5.059644,0.959381,1.907975,AESUATAGRTEBEBTBRLE,0.909091,0.090909,point_previews/task000042_mu000032_rho010_n1.png
0.2,32,8,license_plate_bahnschrift.ttf,CBAGJWPD6YXT0RNZL49E3HSU875KFVMQ2,0,15,0,0.17,7.155418,0.919759,1.349142,,1.0,0.0,point_previews/task000042_mu000032_rho020_n0.png
0.2,32,8,license_plate_bahnschrift.ttf,CBAGJWPD6YXT0RNZL49E3HSU875KFVMQ2,0,15,1,0.17,7.155418,0.919759,1.349142,CRAGAWEDGYXTURNZEAPESTSDSKCRAALT,0.606061,0.393939,point_previews/task000042_mu000032_rho020_n1.png
0.3,32,8,license_plate_bahnschrift.ttf,CBAGJWPD6YXT0RNZL49E3HSU875KFVMQ2,0,15,0,0.255,8.763561,0.881116,1.10157,CBAGUPDSTRTBRNZEATEFHSUBZSKEYMR,0.515152,0.484848,point_previews/task000042_mu000032_rho030_n0.png
0.3,32,8,license_plate_bahnschrift.ttf,CBAGJWPD6YXT0RNZL49E3HSU875KFVMQ2,0,15,1,0.255,8.763561,0.881116,1.10157,DSAGJWEDSYXTARNZAE3HSUSTSKEVMGS,0.424242,0.575758,point_previews/task000042_mu000032_rho030_n1.png
0.4,32,8,license_plate_bahnschrift.ttf,CBAGJWPD6YXT0RNZL49E3HSU875KFVMQ2,0,15,0,0.34,10.119289,0.843436,0.953987,,1.0,0.0,point_previews/task000042_mu000032_rho040_n0.png
0.4,32,8,license_plate_bahnschrift.ttf,CBAGJWPD6YXT0RNZL49E3HSU875KFVMQ2,0,15,1,0.34,10.119289,0.843436,0.953987,CSAGWEDAYXTGRNZLESESHSUSTSKEWMG2,0.424242,0.575758,point_previews/task000042_mu000032_rho040_n1.png
0.5,32,8,license_plate_bahnschrift.ttf,CBAGJWPD6YXT0RNZL49E3HSU875KFVMQ2,0,15,0,0.425,11.313708,0.8067,0.853272,CBAGJWED6YXTURNZLGSESHSUSPSKFYMG2,0.30303,0.69697,point_previews/task000042_mu000032_rho050_n0.png
0.5,32,8,license_plate_bahnschrift.ttf,CBAGJWPD6YXT0RNZL49E3HSU875KFVMQ2,0,15,1,0.425,11.313708,0.8067,0.853272,EBAGJWEDSYTURNZLAPESHSUSTSKPYMG2,0.424242,0.575758,point_previews/task000042_mu000032_rho050_n1.png
0.6,32,8,license_plate_bahnschrift.ttf,CBAGJWPD6YXT0RNZL49E3HSU875KFVMQ2,0,15,0,0.51,12.393547,0.770893,0.778927,CRAGJWPDSYXTURNZLZESHSUSTSKEVMG2,0.333333,0.666667,point_previews/task000042_mu000032_rho060_n0.png
0.6,32,8,license_plate_bahnschrift.ttf,CBAGJWPD6YXT0RNZL49E3HSU875KFVMQ2,0,15,1,0.51,12.393547,0.770893,0.778927,,1.0,0.0,point_previews/task000042_mu000032_rho060_n1.png
0.7,32,8,license_plate_bahnschrift.ttf,CBAGJWPD6YXT0RNZL49E3HSU875KFVMQ2,0,15,0,0.595,13.38656,0.735998,0.721147,CBAGJWPR6YXTURNZUGPESHSUSTSKFEVMQZ,0.333333,0.666667,point_previews/task000042_mu000032_rho070_n0.png
0.7,32,8,license_plate_bahnschrift.ttf,CBAGJWPD6YXT0RNZL49E3HSU875KFVMQ2,0,15,1,0.595,13.38656,0.735998,0.721147,CBAGJWPDAYXTGRNZLSSESHSUBTSKFYVMG2,0.30303,0.69697,point_previews/task000042_mu000032_rho070_n1.png
0.8,32,8,license_plate_bahnschrift.ttf,CBAGJWPD6YXT0RNZL49E3HSU875KFVMQ2,0,15,0,0.68,14.310835,0.701998,0.674571,CBAGJWPDSYXTURNZE49ESHSUBTSKEVYMG2,0.30303,0.69697,point_previews/task000042_mu000032_rho080_n0.png
0.8,32,8,license_plate_bahnschrift.ttf,CBAGJWPD6YXT0RNZL49E3HSU875KFVMQ2,0,15,1,0.68,14.310835,0.701998,0.674571,CBAGJWPDAYXTURNZLATESHSUBTSKFVMQ2,0.242424,0.757576,point_previews/task000042_mu000032_rho080_n1.png
0.9,32,8,license_plate_bahnschrift.ttf,CBAGJWPD6YXT0RNZL49E3HSU875KFVMQ2,0,15,0,0.765,15.178933,0.668877,0.635992,CBAGJWPDSYXTURNZL49ESHSUB75KEYMG2,0.212121,0.787879,point_previews/task000042_mu000032_rho090_n0.png
0.9,32,8,license_plate_bahnschrift.ttf,CBAGJWPD6YXT0RNZL49E3HSU875KFVMQ2,0,15,1,0.765,15.178933,0.668877,0.635992,CBAGJWPD6YXTURNZE49ESMSUB7SKFYMG2,0.242424,0.757576,point_previews/task000042_mu000032_rho090_n1.png
1.0,32,8,license_plate_bahnschrift.ttf,CBAGJWPD6YXT0RNZL49E3HSU875KFVMQ2,0,15,0,0.85,16.0,0.63662,0.603355,CBAGJWPUSYXTURNZLS3ESHSUBTSKFVMQ2,0.272727,0.727273,point_previews/task000042_mu000032_rho100_n0.png
1.0,32,8,license_plate_bahnschrift.ttf,CBAGJWPD6YXT0RNZL49E3HSU875KFVMQ2,0,15,1,0.85,16.0,0.63662,0.603355,CBAGJWPDSYXTURNZL4PESHSUBTSKFEVMQ2,0.242424,0.757576,point_previews/task000042_mu000032_rho100_n1.png
0.1,45,8,license_plate_bahnschrift.ttf,CBAGJWPD6YXT0RNZL49E3HSU875KFVMQ2,0,15,0,0.085,5.059644,0.959381,1.907975,ESSGLWEDSPETARNEEHSCSTMETHA,0.727273,0.272727,point_previews/task000043_mu000045_rho010_n0.png
0.1,45,8,license_plate_bahnschrift.ttf,CBAGJWPD6YXT0RNZL49E3HSU875KFVMQ2,0,15,1,0.085,5.059644,0.959381,1.907975,LCSAGAYEMNTBRMRCAERBLSTUKEVMGE,0.757576,0.242424,point_previews/task000043_mu000045_rho010_n1.png
0.2,45,8,license_plate_bahnschrift.ttf,CBAGJWPD6YXT0RNZL49E3HSU875KFVMQ2,0,15,0,0.17,7.155418,0.919759,1.349142,LAGNPUNTURNZLGPESHSUSPSKEYMGZ,0.575758,0.424242,point_previews/task000043_mu000045_rho020_n0.png
0.2,45,8,license_plate_bahnschrift.ttf,CBAGJWPD6YXT0RNZL49E3HSU875KFVMQ2,0,15,1,0.17,7.155418,0.919759,1.349142,CBAGANEDYETRNZEGDESHSUSTRES,0.575758,0.424242,point_previews/task000043_mu000045_rho020_n1.png
0.3,45,8,license_plate_bahnschrift.ttf,CBAGJWPD6YXT0RNZL49E3HSU875KFVMQ2,0,15,0,0.255,8.763561,0.881116,1.10157,,1.0,0.0,point_previews/task000043_mu000045_rho030_n0.png
0.3,45,8,license_plate_bahnschrift.ttf,CBAGJWPD6YXT0RNZL49E3HSU875KFVMQ2,0,15,1,0.255,8.763561,0.881116,1.10157,,1.0,0.0,point_previews/task000043_mu000045_rho030_n1.png
0.4,45,8,license_plate_bahnschrift.ttf,CBAGJWPD6YXT0RNZL49E3HSU875KFVMQ2,0,15,0,0.34,10.119289,0.843436,0.953987,CBAGJWPDSYXTGRNZLAESHSUBTSKEVMGZ,0.333333,0.666667,point_previews/task000043_mu000045_rho040_n0.png
0.4,45,8,license_plate_bahnschrift.ttf,CBAGJWPD6YXT0RNZL49E3HSU875KFVMQ2,0,15,1,0.34,10.119289,0.843436,0.953987,,1.0,0.0,point_previews/task000043_mu000045_rho040_n1.png
0.5,45,8,license_plate_bahnschrift.ttf,CBAGJWPD6YXT0RNZL49E3HSU875KFVMQ2,0,15,0,0.425,11.313708,0.8067,0.853272,CBAGJWPDSYXTURNZL49ESHSUSTSKFVHG2,0.242424,0.757576,point_previews/task000043_mu000045_rho050_n0.png
0.5,45,8,license_plate_bahnschrift.ttf,CBAGJWPD6YXT0RNZL49E3HSU875KFVMQ2,0,15,1,0.425,11.313708,0.8067,0.853272,,1.0,0.0,point_previews/task000043_mu000045_rho050_n1.png
0.6,45,8,license_plate_bahnschrift.ttf,CBAGJWPD6YXT0RNZL49E3HSU875KFVMQ2,0,15,0,0.51,12.393547,0.770893,0.778927,CBAGSJWPD6YXTURNZLUSESHSUB7SKEYMG2,0.30303,0.69697,point_previews/task000043_mu000045_rho060_n0.png
0.6,45,8,license_plate_bahnschrift.ttf,CBAGJWPD6YXT0RNZL49E3HSU875KFVMQ2,0,15,1,0.51,12.393547,0.770893,0.778927,CBAGJWPD6YXTURNZLGPESHSUSTSKFEVMG2,0.272727,0.727273,point_previews/task000043_mu000045_rho060_n1.png
0.7,45,8,license_plate_bahnschrift.ttf,CBAGJWPD6YXT0RNZL49E3HSU875KFVMQ2,0,15,0,0.595,13.38656,0.735998,0.721147,CBAGJWPD6YXT0RNZLATESHSUSTEKEVMG2,0.242424,0.757576,point_previews/task000043_mu000045_rho070_n0.png
0.7,45,8,license_plate_bahnschrift.ttf,CBAGJWPD6YXT0RNZL49E3HSU875KFVMQ2,0,15,1,0.595,13.38656,0.735998,0.721147,CBAGJWPDSYXTURNZLAPESHSUSTSKFVMG2,0.272727,0.727273,point_previews/task000043_mu000045_rho070_n1.png
0.8,45,8,license_plate_bahnschrift.ttf,CBAGJWPD6YXT0RNZL49E3HSU875KFVMQ2,0,15,0,0.68,14.310835,0.701998,0.674571,CBAGJWPDSYXTURNZL49ESHSUSTSKFVMG2,0.212121,0.787879,point_previews/task000043_mu000045_rho080_n0.png
0.8,45,8,license_plate_bahnschrift.ttf,CBAGJWPD6YXT0RNZL49E3HSU875KFVMQ2,0,15,1,0.68,14.310835,0.701998,0.674571,CBAGJWPD6YXTURNZL49ESHSUS7SKFVMQ2,0.121212,0.878788,point_previews/task000043_mu000045_rho080_n1.png
0.9,45,8,license_plate_bahnschrift.ttf,CBAGJWPD6YXT0RNZL49E3HSU875KFVMQ2,0,15,0,0.765,15.178933,0.668877,0.635992,CBAGJWPDS6YXTURNZL49ESHSUSTSKEVMQ2,0.212121,0.787879,point_previews/task000043_mu000045_rho090_n0.png
0.9,45,8,license_plate_bahnschrift.ttf,CBAGJWPD6YXT0RNZL49E3HSU875KFVMQ2,0,15,1,0.765,15.178933,0.668877,0.635992,CBAGJWPDS6YXTCRNZLASESHSUS75KFYMQ2,0.212121,0.787879,point_previews/task000043_mu000045_rho090_n1.png
1.0,45,8,license_plate_bahnschrift.ttf,CBAGJWPD6YXT0RNZL49E3HSU875KFVMQ2,0,15,0,0.85,16.0,0.63662,0.603355,CBAGJWPD6YXTURNZL49ESHSUBTSKFYMQ2,0.181818,0.818182,point_previews/task000043_mu000045_rho100_n0.png
1.0,45,8,license_plate_bahnschrift.ttf,CBAGJWPD6YXT0RNZL49E3HSU875KFVMQ2,0,15,1,0.85,16.0,0.63662,0.603355,CBAGJWPD6YXT0RNZLA9ESHSUBSTSKFVMG2,0.212121,0.787879,point_previews/task000043_mu000045_rho100_n1.png
0.1,64,8,license_plate_bahnschrift.ttf,CBAGJWPD6YXT0RNZL49E3HSU875KFVMQ2,0,15,0,0.085,5.059644,0.959381,1.907975,CEAGVRSYETRMZEAPESHSUSTSKERMD2,0.575758,0.424242,point_previews/task000044_mu000064_rho010_n0.png
0.1,64,8,license_plate_bahnschrift.ttf,CBAGJWPD6YXT0RNZL49E3HSU875KFVMQ2,0,15,1,0.085,5.059644,0.959381,1.907975,SCSEGJWVPRGYATURNZEGUESHSMSSKPUMELD,0.636364,0.363636,point_previews/task000044_mu000064_rho010_n1.png
0.2,64,8,license_plate_bahnschrift.ttf,CBAGJWPD6YXT0RNZL49E3HSU875KFVMQ2,0,15,0,0.17,7.155418,0.919759,1.349142,CRAGJWPBSYXTURNZLADESHSUBTSKFYMG2,0.363636,0.636364,point_previews/task000044_mu000064_rho020_n0.png
0.2,64,8,license_plate_bahnschrift.ttf,CBAGJWPD6YXT0RNZL49E3HSU875KFVMQ2,0,15,1,0.17,7.155418,0.919759,1.349142,CBAGJWPDSYXTURNZLAPESHSUBTSKEYMGZ,0.363636,0.636364,point_previews/task000044_mu000064_rho020_n1.png
0.3,64,8,license_plate_bahnschrift.ttf,CBAGJWPD6YXT0RNZL49E3HSU875KFVMQ2,0,15,0,0.255,8.763561,0.881116,1.10157,CBAGJWPDAYXTRNZLGPESHSUSTSKFEVMG2,0.30303,0.69697,point_previews/task000044_mu000064_rho030_n0.png
0.3,64,8,license_plate_bahnschrift.ttf,CBAGJWPD6YXT0RNZL49E3HSU875KFVMQ2,0,15,1,0.255,8.763561,0.881116,1.10157,CBAGJWEDEYXTURNZEATESHSUSTSKFVMQ2,0.30303,0.69697,point_previews/task000044_mu000064_rho030_n1.png
0.4,64,8,license_plate_bahnschrift.ttf,CBAGJWPD6YXT0RNZL49E3HSU875KFVMQ2,0,15,0,0.34,10.119289,0.843436,0.953987,CBAGJWPD6YXTURNZCA9ESHSUBTSKFVMG2,0.242424,0.757576,point_previews/task000044_mu000064_rho040_n0.png
0.4,64,8,license_plate_bahnschrift.ttf,CBAGJWPD6YXT0RNZL49E3HSU875KFVMQ2,0,15,1,0.34,10.119289,0.843436,0.953987,CBAGJWPD6YXTRNZL4VESHSUS7SKFYMQ2,0.181818,0.818182,point_previews/task000044_mu000064_rho040_n1.png
0.5,64,8,license_plate_bahnschrift.ttf,CBAGJWPD6YXT0RNZL49E3HSU875KFVMQ2,0,15,0,0.425,11.313708,0.8067,0.853272,CBAGJWPDS6YXTURNZL49EZHSUB75KFVMQ2,0.121212,0.878788,point_previews/task000044_mu000064_rho050_n0.png
0.5,64,8,license_plate_bahnschrift.ttf,CBAGJWPD6YXT0RNZL49E3HSU875KFVMQ2,0,15,1,0.425,11.313708,0.8067,0.853272,CBAGJWPDSYXTURNZL4PESHSUSTSKFVMGZ,0.272727,0.727273,point_previews/task000044_mu000064_rho050_n1.png
0.6,64,8,license_plate_bahnschrift.ttf,CBAGJWPD6YXT0RNZL49E3HSU875KFVMQ2,0,15,0,0.51,12.393547,0.770893,0.778927,CBAGJWPDS46YXTRNZLAVESHSU87SKFYMQ2,0.242424,0.757576,point_previews/task000044_mu000064_rho060_n0.png
0.6,64,8,license_plate_bahnschrift.ttf,CBAGJWPD6YXT0RNZL49E3HSU875KFVMQ2,0,15,1,0.51,12.393547,0.770893,0.778927,CBAGJWPD6YXTURNZL49E3HSUBTSKFVMG2,0.151515,0.848485,point_previews/task000044_mu000064_rho060_n1.png
0.7,64,8,license_plate_bahnschrift.ttf,CBAGJWPD6YXT0RNZL49E3HSU875KFVMQ2,0,15,0,0.595,13.38656,0.735998,0.721147,CBAGJWPD6YXTURNZL49E3SHSUB75KFVMG2,0.121212,0.878788,point_previews/task000044_mu000064_rho070_n0.png
0.7,64,8,license_plate_bahnschrift.ttf,CBAGJWPD6YXT0RNZL49E3HSU875KFVMQ2,0,15,1,0.595,13.38656,0.735998,0.721147,CBAGJWPD6YXTRNZL4PESHSUS75KFVMQ2,0.121212,0.878788,point_previews/task000044_mu000064_rho070_n1.png
0.8,64,8,license_plate_bahnschrift.ttf,CBAGJWPD6YXT0RNZL49E3HSU875KFVMQ2,0,15,0,0.68,14.310835,0.701998,0.674571,CBAGJWPD6YXTURNZL4PESHSUBTSKFYMQ2,0.212121,0.787879,point_previews/task000044_mu000064_rho080_n0.png
0.8,64,8,license_plate_bahnschrift.ttf,CBAGJWPD6YXT0RNZL49E3HSU875KFVMQ2,0,15,1,0.68,14.310835,0.701998,0.674571,CBAGJWPD6YXTRNZL49E3HSU875KFVMG2,0.060606,0.939394,point_previews/task000044_mu000064_rho080_n1.png
0.9,64,8,license_plate_bahnschrift.ttf,CBAGJWPD6YXT0RNZL49E3HSU875KFVMQ2,0,15,0,0.765,15.178933,0.668877,0.635992,CBAGJWPD6YXT0RNZLA9E3HSU875KFVMQ2,0.030303,0.969697,point_previews/task000044_mu000064_rho090_n0.png
0.9,64,8,license_plate_bahnschrift.ttf,CBAGJWPD6YXT0RNZL49E3HSU875KFVMQ2,0,15,1,0.765,15.178933,0.668877,0.635992,CBAGJWPD6YXTCRNZLAPESHSUSTSKFVMG2,0.242424,0.757576,point_previews/task000044_mu000064_rho090_n1.png
1.0,64,8,license_plate_bahnschrift.ttf,CBAGJWPD6YXT0RNZL49E3HSU875KFVMQ2,0,15,0,0.85,16.0,0.63662,0.603355,CBAGJWPD6YXTURNZLAPSESHSUSTSKFVMQG2,0.272727,0.727273,point_previews/task000044_mu000064_rho100_n0.png
1.0,64,8,license_plate_bahnschrift.ttf,CBAGJWPD6YXT0RNZL49E3HSU875KFVMQ2,0,15,1,0.85,16.0,0.63662,0.603355,CBAGJWPD6YXTRNZL49E3HSUS75KFVMQ2,0.060606,0.939394,point_previews/task000044_mu000064_rho100_n1.png
0.1,4,8,license_plate_bahnschrift.ttf,CBAGJWPD6YXT0RNZL49E3HSU875KFVMQ2,3,0,0,0.085,5.059644,0.959381,1.907975,LDRB,0.939394,0.060606,point_previews/task000045_mu000004_rho010_n0.png
0.1,4,8,license_plate_bahnschrift.ttf,CBAGJWPD6YXT0RNZL49E3HSU875KFVMQ2,3,0,1,0.085,5.059644,0.959381,1.907975,,1.0,0.0,point_previews/task000045_mu000004_rho010_n1.png
0.2,4,8,license_plate_bahnschrift.ttf,CBAGJWPD6YXT0RNZL49E3HSU875KFVMQ2,3,0,0,0.17,7.155418,0.919759,1.349142,FETARRCCRRELREEURENYAREE,0.878788,0.121212,point_previews/task000045_mu000004_rho020_n0.png
0.2,4,8,license_plate_bahnschrift.ttf,CBAGJWPD6YXT0RNZL49E3HSU875KFVMQ2,3,0,1,0.17,7.155418,0.919759,1.349142,FGERNMASSRRRT,0.878788,0.121212,point_previews/task000045_mu000004_rho020_n1.png
0.3,4,8,license_plate_bahnschrift.ttf,CBAGJWPD6YXT0RNZL49E3HSU875KFVMQ2,3,0,0,0.255,8.763561,0.881116,1.10157,RLFARUEE,0.909091,0.090909,point_previews/task000045_mu000004_rho030_n0.png
0.3,4,8,license_plate_bahnschrift.ttf,CBAGJWPD6YXT0RNZL49E3HSU875KFVMQ2,3,0,1,0.255,8.763561,0.881116,1.10157,RSMRAMTMARADREENERETS,0.909091,0.090909,point_previews/task000045_mu000004_rho030_n1.png
0.4,4,8,license_plate_bahnschrift.ttf,CBAGJWPD6YXT0RNZL49E3HSU875KFVMQ2,3,0,0,0.34,10.119289,0.843436,0.953987,TGGFRRBSNNE,0.909091,0.090909,point_previews/task000045_mu000004_rho040_n0.png
0.4,4,8,license_plate_bahnschrift.ttf,CBAGJWPD6YXT0RNZL49E3HSU875KFVMQ2,3,0,1,0.34,10.119289,0.843436,0.953987,FUSRCASNNGPRSERER,0.939394,0.060606,point_previews/task000045_mu000004_rho040_n1.png
0.5,4,8,license_plate_bahnschrift.ttf,CBAGJWPD6YXT0RNZL49E3HSU875KFVMQ2,3,0,0,0.425,11.313708,0.8067,0.853272,RRSRPRMASLCSUNTLEAWS,0.878788,0.121212,point_previews/task000045_mu000004_rho050_n0.png
0.5,4,8,license_plate_bahnschrift.ttf,CBAGJWPD6YXT0RNZL49E3HSU875KFVMQ2,3,0,1,0.425,11.313708,0.8067,0.853272,ASHFRESPRAS,0.878788,0.121212,point_previews/task000045_mu000004_rho050_n1.png
0.6,4,8,license_plate_bahnschrift.ttf,CBAGJWPD6YXT0RNZL49E3HSU875KFVMQ2,3,0,0,0.51,12.393547,0.770893,0.778927,ALBUESRSENSENSGEHANB7SRSGBPSDAED,0.939394,0.060606,point_previews/task000045_mu000004_rho060_n0.png
0.6,4,8,license_plate_bahnschrift.ttf,CBAGJWPD6YXT0RNZL49E3HSU875KFVMQ2,3,0,1,0.51,12.393547,0.770893,0.778927,RRNSYLTEEMS,0.878788,0.121212,point_previews/task000045_mu000004_rho060_n1.png
0.7,4,8,license_plate_bahnschrift.ttf,CBAGJWPD6YXT0RNZL49E3HSU875KFVMQ2,3,0,0,0.595,13.38656,0.735998,0.721147,EULNAMTEP4,0.939394,0.060606,point_previews/task000045_mu000004_rho070_n0.png
0.7,4,8,license_plate_bahnschrift.ttf,CBAGJWPD6YXT0RNZL49E3HSU875KFVMQ2,3,0,1,0.595,13.38656,0.735998,0.721147,MACEEDRRTBSSBLSRCRERAMZ,0.818182,0.181818,point_previews/task000045_mu000004_rho070_n1.png
0.8,4,8,license_plate_bahnschrift.ttf,CBAGJWPD6YXT0RNZL49E3HSU875KFVMQ2,3,0,0,0.68,14.310835,0.701998,0.674571,EGAGWEHRATAREMRCE,0.818182,0.181818,point_previews/task000045_mu000004_rho080_n0.png
0.8,4,8,license_plate_bahnschrift.ttf,CBAGJWPD6YXT0RNZL49E3HSU875KFVMQ2,3,0,1,0.68,14.310835,0.701998,0.674571,CRRSTSTTRSRNAGPSSTECATAPDPEEB,0.909091,0.090909,point_previews/task000045_mu000004_rho080_n1.png
0.9,4,8,license_plate_bahnschrift.ttf,CBAGJWPD6YXT0RNZL49E3HSU875KFVMQ2,3,0,0,0.765,15.178933,0.668877,0.635992,RACTAEDSWELENETSDRRASET,0.848485,0.151515,point_previews/task000045_mu000004_rho090_n0.png
0.9,4,8,license_plate_bahnschrift.ttf,CBAGJWPD6YXT0RNZL49E3HSU875KFVMQ2,3,0,1,0.765,15.178933,0.668877,0.635992,SGRAEEPRNSNMERSDEGCRGP,0.848485,0.151515,point_previews/task000045_mu000004_rho090_n1.png
1.0,4,8,license_plate_bahnschrift.ttf,CBAGJWPD6YXT0RNZL49E3HSU875KFVMQ2,3,0,0,0.85,16.0,0.63662,0.603355,EPKESPRERYSAUNRNNS,0.878788,0.121212,point_previews/task000045_mu000004_rho100_n0.png
1.0,4,8,license_plate_bahnschrift.ttf,CBAGJWPD6YXT0RNZL49E3HSU875KFVMQ2,3,0,1,0.85,16.0,0.63662,0.603355,CAERGNEASTATSRNGESTEAUNTECR,0.818182,0.181818,point_previews/task000045_mu000004_rho100_n1.png
0.1,6,8,license_plate_bahnschrift.ttf,CBAGJWPD6YXT0RNZL49E3HSU875KFVMQ2,3,0,0,0.085,5.059644,0.959381,1.907975,SMRRUSTTHUER,0.909091,0.090909,point_previews/task000046_mu000006_rho010_n0.png
0.1,6,8,license_plate_bahnschrift.ttf,CBAGJWPD6YXT0RNZL49E3HSU875KFVMQ2,3,0,1,0.085,5.059644,0.959381,1.907975,RMGSSE,0.939394,0.060606,point_previews/task000046_mu000006_rho010_n1.png
0.2,6,8,license_plate_bahnschrift.ttf,CBAGJWPD6YXT0RNZL49E3HSU875KFVMQ2,3,0,0,0.17,7.155418,0.919759,1.349142,SNENMRMERNGT,0.939394,0.060606,point_previews/task000046_mu000006_rho020_n0.png
0.2,6,8,license_plate_bahnschrift.ttf,CBAGJWPD6YXT0RNZL49E3HSU875KFVMQ2,3,0,1,0.17,7.155418,0.919759,1.349142,,1.0,0.0,point_previews/task000046_mu000006_rho020_n1.png
0.3,6,8,license_plate_bahnschrift.ttf,CBAGJWPD6YXT0RNZL49E3HSU875KFVMQ2,3,0,0,0.255,8.763561,0.881116,1.10157,ACLLATSSRSHERDEEPUPEMR,0.848485,0.151515,point_previews/task000046_mu000006_rho030_n0.png
0.3,6,8,license_plate_bahnschrift.ttf,CBAGJWPD6YXT0RNZL49E3HSU875KFVMQ2,3,0,1,0.255,8.763561,0.881116,1.10157,,1.0,0.0,point_previews/task000046_mu000006_rho030_n1.png
0.4,6,8,license_plate_bahnschrift.ttf,CBAGJWPD6YXT0RNZL49E3HSU875KFVMQ2,3,0,0,0.34,10.119289,0.843436,0.953987,ERRGNGHMATAS,0.909091,0.090909,point_previews/task000046_mu000006_rho040_n0.png
0.4,6,8,license_plate_bahnschrift.ttf,CBAGJWPD6YXT0RNZL49E3HSU875KFVMQ2,3,0,1,0.34,10.119289,0.843436,0.953987,,1.0,0.0,point_previews/task000046_mu000006_rho040_n1.png
0.5,6,8,license_plate_bahnschrift.ttf,CBAGJWPD6YXT0RNZL49E3HSU875KFVMQ2,3,0,0,0.425,11.313708,0.8067,0.853272,RRGSPGERGSPSENRTSYUESUD,0.878788,0.121212,point_previews/task000046_mu000006_rho050_n0.png
0.5,6,8,license_plate_bahnschrift.ttf,CBAGJWPD6YXT0RNZL49E3HSU875KFVMQ2,3,0,1,0.425,11.313708,0.8067,0.853272,SACUREDHVRTERRDHUSETGHBSBC,0.818182,0.181818,point_previews/task000046_mu000006_rho050_n1.png
0.6,6,8,license_plate_bahnschrift.ttf,CBAGJWPD6YXT0RNZL49E3HSU875KFVMQ2,3,0,0,0.51,12.393547,0.770893,0.778927,CRAADARAEREEDSSHS8PREUMGD,0.757576,0.242424,point_previews/task000046_mu000006_rho060_n0.png
0.6,6,8,license_plate_bahnschrift.ttf,CBAGJWPD6YXT0RNZL49E3HSU875KFVMQ2,3,0,1,0.51,12.393547,0.770893,0.778927,,1.0,0.0,point_previews/task000046_mu000006_rho060_n1.png
0.7,6,8,license_plate_bahnschrift.ttf,CBAGJWPD6YXT0RNZL49E3HSU875KFVMQ2,3,0,0,0.595,13.38656,0.735998,0.721147,CRADSVEAYTDNYB9ZATSS2RPEREL,0.787879,0.212121,point_previews/task000046_mu000006_rho070_n0.png
0.7,6,8,license_plate_bahnschrift.ttf,CBAGJWPD6YXT0RNZL49E3HSU875KFVMQ2,3,0,1,0.595,13.38656,0.735998,0.721147,CSARSAPTCRNAEAYLBMMTPYD,0.787879,0.212121,point_previews/task000046_mu000006_rho070_n1.png
0.8,6,8,license_plate_bahnschrift.ttf,CBAGJWPD6YXT0RNZL49E3HSU875KFVMQ2,3,0,0,0.68,14.310835,0.701998,0.674571,UBAGAEPREYMBRNSARE42585K,0.666667,0.333333,point_previews/task000046_mu000006_rho080_n0.png
0.8,6,8,license_plate_bahnschrift.ttf,CBAGJWPD6YXT0RNZL49E3HSU875KFVMQ2,3,0,1,0.68,14.310835,0.701998,0.674571,LSASPHSDSTRRHESPEHSUBTARUNEE,0.757576,0.242424,point_previews/task000046_mu000006_rho080_n1.png
0.9,6,8,license_plate_bahnschrift.ttf,CBAGJWPD6YXT0RNZL49E3HSU875KFVMQ2,3,0,0,0.765,15.178933,0.668877,0.635992,SEATETPELYSFRZEHRGGPRPVE,0.757576,0.242424,point_previews/task000046_mu000006_rho090_n0.png
0.9,6,8,license_plate_bahnschrift.ttf,CBAGJWPD6YXT0RNZL49E3HSU875KFVMQ2,3,0,1,0.765,15.178933,0.668877,0.635992,,1.0,0.0,point_previews/task000046_mu000006_rho090_n1.png
1.0,6,8,license_plate_bahnschrift.ttf,CBAGJWPD6YXT0RNZL49E3HSU875KFVMQ2,3,0,0,0.85,16.0,0.63662,0.603355,FURRHPCNCTBENTEAVESHRCSTSREUNE,0.848485,0.151515,point_previews/task000046_mu000006_rho100_n0.png
1.0,6,8,license_plate_bahnschrift.ttf,CBAGJWPD6YXT0RNZL49E3HSU875KFVMQ2,3,0,1,0.85,16.0,0.63662,0.603355,C0FARBNTURNGLASESSBPRKEYM,0.727273,0.272727,point_previews/task000046_mu000006_rho100_n1.png
0.1,8,8,license_plate_bahnschrift.ttf,CBAGJWPD6YXT0RNZL49E3HSU875KFVMQ2,3,0,0,0.085,5.059644,0.959381,1.907975,FEBC,0.969697,0.030303,point_previews/task000047_mu000008_rho010_n0.png
0.1,8,8,license_plate_bahnschrift.ttf,CBAGJWPD6YXT0RNZL49E3HSU875KFVMQ2,3,0,1,0.085,5.059644,0.959381,1.907975,,1.0,0.0,point_previews/task000047_mu000008_rho010_n1.png
0.2,8,8,license_plate_bahnschrift.ttf,CBAGJWPD6YXT0RNZL49E3HSU875KFVMQ2,3,0,0,0.17,7.155418,0.919759,1.349142,RRESFNMGRER,0.909091,0.090909,point_previews/task000047_mu000008_rho020_n0.png
0.2,8,8,license_plate_bahnschrift.ttf,CBAGJWPD6YXT0RNZL49E3HSU875KFVMQ2,3,0,1,0.17,7.155418,0.919759,1.349142,SEUEFEEUTNRE,0.909091,0.090909,point_previews/task000047_mu000008_rho020_n1.png
0.3,8,8,license_plate_bahnschrift.ttf,CBAGJWPD6YXT0RNZL49E3HSU875KFVMQ2,3,0,0,0.255,8.763561,0.881116,1.10157,RBTNCENGMAPSPE,0.878788,0.121212,point_previews/task000047_mu000008_rho030_n0.png
0.3,8,8,license_plate_bahnschrift.ttf,CBAGJWPD6YXT0RNZL49E3HSU875KFVMQ2,3,0,1,0.255,8.763561,0.881116,1.10157,PRSSTVRALST,0.848485,0.151515,point_previews/task000047_mu000008_rho030_n1.png
0.4,8,8,license_plate_bahnschrift.ttf,CBAGJWPD6YXT0RNZL49E3HSU875KFVMQ2,3,0,0,0.34,10.119289,0.843436,0.953987,CRRDSRRPEPSELRPTNGRGRELTASS,0.909091,0.090909,point_previews/task000047_mu000008_rho040_n0.png
0.4,8,8,license_plate_bahnschrift.ttf,CBAGJWPD6YXT0RNZL49E3HSU875KFVMQ2,3,0,1,0.34,10.119289,0.843436,0.953987,RLCEPRETSSSSESP,0.878788,0.121212,point_previews/task000047_mu000008_rho040_n1.png
0.5,8,8,license_plate_bahnschrift.ttf,CBAGJWPD6YXT0RNZL49E3HSU875KFVMQ2,3,0,0,0.425,11.313708,0.8067,0.853272,BASGAEDAYSTCRNTLS8S3P,0.69697,0.30303,point_previews/task000047_mu000008_rho050_n0.png
0.5,8,8,license_plate_bahnschrift.ttf,CBAGJWPD6YXT0RNZL49E3HSU875KFVMQ2,3,0,1,0.425,11.313708,0.8067,0.853272,TERASRPPATCRNEURSMEEARYNZ,0.818182,0.181818,point_previews/task000047_mu000008_rho050_n1.png
0.6,8,8,license_plate_bahnschrift.ttf,CBAGJWPD6YXT0RNZL49E3HSU875KFVMQ2,3,0,0,0.51,12.393547,0.770893,0.778927,CSALPSRSTETEMSMESSRBSKRE,0.787879,0.212121,point_previews/task000047_mu000008_rho060_n0.png
0.6,8,8,license_plate_bahnschrift.ttf,CBAGJWPD6YXT0RNZL49E3HSU875KFVMQ2,3,0,1,0.51,12.393547,0.770893,0.778927,ESAGVERERETBRRALDSHSATEREY,0.787879,0.212121,point_previews/task000047_mu000008_rho060_n1.png
0.7,8,8,license_plate_bahnschrift.ttf,CBAGJWPD6YXT0RNZL49E3HSU875KFVMQ2,3,0,0,0.595,13.38656,0.735998,0.721147,LESGHAREEYATERNELPESHSESTSKPUMED2,0.666667,0.333333,point_previews/task000047_mu000008_rho070_n0.png
0.7,8,8,license_plate_bahnschrift.ttf,CBAGJWPD6YXT0RNZL49E3HSU875KFVMQ2,3,0,1,0.595,13.38656,0.735998,0.721147,SRABAUPEAYRTDRTEAPFSHSESSEEERS,0.787879,0.212121,point_previews/task000047_mu000008_rho070_n1.png
0.8,8,8,license_plate_bahnschrift.ttf,CBAGJWPD6YXT0RNZL49E3HSU875KFVMQ2,3,0,0,0.68,14.310835,0.701998,0.674571,CGATRERGTNTERNDG9CSHSHSTSREWMGS,0.727273,0.272727,point_previews/task000047_mu000008_rho080_n0.png
0.8,8,8,license_plate_bahnschrift.ttf,CBAGJWPD6YXT0RNZL49E3HSU875KFVMQ2,3,0,1,0.68,14.310835,0.701998,0.674571,CCRGPRRDAYRPERYEGVEDHSSSTSHEFVRQ2,0.666667,0.333333,point_previews/task000047_mu000008_rho080_n1.png
0.9,8,8,license_plate_bahnschrift.ttf,CBAGJWPD6YXT0RNZL49E3HSU875KFVMQ2,3,0,0,0.765,15.178933,0.668877,0.635992,,1.0,0.0,point_previews/task000047_mu000008_rho090_n0.png
0.9,8,8,license_plate_bahnschrift.ttf,CBAGJWPD6YXT0RNZL49E3HSU875KFVMQ2,3,0,1,0.765,15.178933,0.668877,0.635992,UPACMEREVETRRN2EAEESHGURTSKEYMD,0.727273,0.272727,point_previews/task000047_mu000008_rho090_n1.png
1.0,8,8,license_plate_bahnschrift.ttf,CBAGJWPD6YXT0RNZL49E3HSU875KFVMQ2,3,0,0,0.85,16.0,0.63662,0.603355,,1.0,0.0,point_previews/task000047_mu000008_rho100_n0.png
1.0,8,8,license_plate_bahnschrift.ttf,CBAGJWPD6YXT0RNZL49E3HSU875KFVMQ2,3,0,1,0.85,16.0,0.63662,0.603355,CRAGHWPCEYRCRNZEASEDUSHE75KR,0.575758,0.424242,point_previews/task000047_mu000008_rho100_n1.png
0.1,11,8,license_plate_bahnschrift.ttf,CBAGJWPD6YXT0RNZL49E3HSU875KFVMQ2,3,0,0,0.085,5.059644,0.959381,1.907975,,1.0,0.0,point_previews/task000048_mu000011_rho010_n0.png
0.1,11,8,license_plate_bahnschrift.ttf,CBAGJWPD6YXT0RNZL49E3HSU875KFVMQ2,3,0,1,0.085,5.059644,0.959381,1.907975,,1.0,0.0,point_previews/task000048_mu000011_rho010_n1.png
0.2,11,8,license_plate_bahnschrift.ttf,CBAGJWPD6YXT0RNZL49E3HSU875KFVMQ2,3,0,0,0.17,7.155418,0.919759,1.349142,RREEERTERDNSSYNPNS,0.909091,0.090909,point_previews/task000048_mu000011_rho020_n0.png
0.2,11,8,license_plate_bahnschrift.ttf,CBAGJWPD6YXT0RNZL49E3HSU875KFVMQ2,3,0,1,0.17,7.155418,0.919759,1.349142,SDSLSAGRDLHBNR,0.878788,0.121212,point_previews/task000048_mu000011_rho020_n1.png
0.3,11,8,license_plate_bahnschrift.ttf,CBAGJWPD6YXT0RNZL49E3HSU875KFVMQ2,3,0,0,0.255,8.763561,0.881116,1.10157,TTRASVALUSERCRNEEHRRHSURTURPYM,0.818182,0.181818,point_previews/task000048_mu000011_rho030_n0.png
0.3,11,8,license_plate_bahnschrift.ttf,CBAGJWPD6YXT0RNZL49E3HSU875KFVMQ2,3,0,1,0.255,8.763561,0.881116,1.10157,AGAUEDSPPMARSEVL,0.818182,0.181818,point_previews/task000048_mu000011_rho030_n1.png
0.4,11,8,license_plate_bahnschrift.ttf,CBAGJWPD6YXT0RNZL49E3HSU875KFVMQ2,3,0,0,0.34,10.119289,0.843436,0.953987,CBNGWESYSTDEEESHUAFSKTEE,0.69697,0.30303,point_previews/task000048_mu000011_rho040_n0.png
0.4,11,8,license_plate_bahnschrift.ttf,CBAGJWPD6YXT0RNZL49E3HSU875KFVMQ2,3,0,1,0.34,10.119289,0.843436,0.953987,EBAGSVPUETMTERMELSURRCRS,0.727273,0.272727,point_previews/task000048_mu000011_rho040_n1.png
0.5,11,8,license_plate_bahnschrift.ttf,CBAGJWPD6YXT0RNZL49E3HSU875KFVMQ2,3,0,0,0.425,11.313708,0.8067,0.853272,EBAGSEPRAYMTGRNZESHSESTSKEPUS,0.606061,0.393939,point_previews/task000048_mu000011_rho050_n0.png
0.5,11,8,license_plate_bahnschrift.ttf,CBAGJWPD6YXT0RNZL49E3HSU875KFVMQ2,3,0,1,0.425,11.313708,0.8067,0.853272,CRACEBRTERWZELESHSESAM,0.727273,0.272727,point_previews/task000048_mu000011_rho050_n1.png
0.6,11,8,license_plate_bahnschrift.ttf,CBAGJWPD6YXT0RNZL49E3HSU875KFVMQ2,3,0,0,0.51,12.393547,0.770893,0.778927,CURGMPRSYNTRENZLASESHS38TSKEVMRE,0.545455,0.454545,point_previews/task000048_mu000011_rho060_n0.png
0.6,11,8,license_plate_bahnschrift.ttf,CBAGJWPD6YXT0RNZL49E3HSU875KFVMQ2,3,0,1,0.51,12.393547,0.770893,0.778927,EBAGSYPRAYRTGRNZSESHSKCJSEEV,0.606061,0.393939,point_previews/task000048_mu000011_rho060_n1.png
0.7,11,8,license_plate_bahnschrift.ttf,CBAGJWPD6YXT0RNZL49E3HSU875KFVMQ2,3,0,0,0.595,13.38656,0.735998,0.721147,SCEAGAVEDEYATCRNZEAPESHSUE7TSKEYMGR,0.575758,0.424242,point_previews/task000048_mu000011_rho070_n0.png
0.7,11,8,license_plate_bahnschrift.ttf,CBAGJWPD6YXT0RNZL49E3HSU875KFVMQ2,3,0,1,0.595,13.38656,0.735998,0.721147,CAEGPAPREYXTUREZ4ESHSESTSNEVMGS,0.575758,0.424242,point_previews/task000048_mu000011_rho070_n1.png
0.8,11,8,license_plate_bahnschrift.ttf,CBAGJWPD6YXT0RNZL49E3HSU875KFVMQ2,3,0,0,0.68,14.310835,0.701998,0.674571,,1.0,0.0,point_previews/task000048_mu000011_rho080_n0.png
0.8,11,8,license_plate_bahnschrift.ttf,CBAGJWPD6YXT0RNZL49E3HSU875KFVMQ2,3,0,1,0.68,14.310835,0.701998,0.674571,CBAGSWEBELHTDRNZLAPESHSUSTSKYM,0.515152,0.484848,point_previews/task000048_mu000011_rho080_n1.png
0.9,11,8,license_plate_bahnschrift.ttf,CBAGJWPD6YXT0RNZL49E3HSU875KFVMQ2,3,0,0,0.765,15.178933,0.668877,0.635992,,1.0,0.0,point_previews/task000048_mu000011_rho090_n0.png
0.9,11,8,license_plate_bahnschrift.ttf,CBAGJWPD6YXT0RNZL49E3HSU875KFVMQ2,3,0,1,0.765,15.178933,0.668877,0.635992,EBAGJWEDGYXTBRNZEMESHSUBTSKEVMQS,0.393939,0.606061,point_previews/task000048_mu000011_rho090_n1.png
1.0,11,8,license_plate_bahnschrift.ttf,CBAGJWPD6YXT0RNZL49E3HSU875KFVMQ2,3,0,0,0.85,16.0,0.63662,0.603355,QEATMRESTRTURN2LGPESHSUSFKEYMGZ,0.666667,0.333333,point_previews/task000048_mu000011_rho100_n0.png
1.0,11,8,license_plate_bahnschrift.ttf,CBAGJWPD6YXT0RNZL49E3HSU875KFVMQ2,3,0,1,0.85,16.0,0.63662,0.603355,,1.0,0.0,point_previews/task000048_mu000011_rho100_n1.png
0.1,16,8,license_plate_bahnschrift.ttf,CBAGJWPD6YXT0RNZL49E3HSU875KFVMQ2,3,0,0,0.085,5.059644,0.959381,1.907975,LAER,0.939394,0.060606,point_previews/task000049_mu000016_rho010_n0.png
0.1,16,8,license_plate_bahnschrift.ttf,CBAGJWPD6YXT0RNZL49E3HSU875KFVMQ2,3,0,1,0.085,5.059644,0.959381,1.907975,LEARAMSRPHEDSMEAEAEY,0.878788,0.121212,point_previews/task000049_mu000016_rho010_n1.png
0.2,16,8,license_plate_bahnschrift.ttf,CBAGJWPD6YXT0RNZL49E3HSU875KFVMQ2,3,0,0,0.17,7.155418,0.919759,1.349142,SRSTRCNERLTETHERSURNCE,0.878788,0.121212,point_previews/task000049_mu000016_rho020_n0.png
0.2,16,8,license_plate_bahnschrift.ttf,CBAGJWPD6YXT0RNZL49E3HSU875KFVMQ2,3,0,1,0.17,7.155418,0.919759,1.349142,AERSRSRSEETBRPSTSR7AARG,0.878788,0.121212,point_previews/task000049_mu000016_rho020_n1.png
0.3,16,8,license_plate_bahnschrift.ttf,CBAGJWPD6YXT0RNZL49E3HSU875KFVMQ2,3,0,0,0.255,8.763561,0.881116,1.10157,CBAGAWEBSYNTGRMZEURGHEURTEREY,0.666667,0.333333,point_previews/task000049_mu000016_rho030_n0.png
0.3,16,8,license_plate_bahnschrift.ttf,CBAGJWPD6YXT0RNZL49E3HSU875KFVMQ2,3,0,1,0.255,8.763561,0.881116,1.10157,SCRAGSEDAYSTUBNCAPESHSUBTSSR,0.69697,0.30303,point_previews/task000049_mu000016_rho030_n1.png
0.4,16,8,license_plate_bahnschrift.ttf,CBAGJWPD6YXT0RNZL49E3HSU875KFVMQ2,3,0,0,0.34,10.119289,0.843436,0.953987,,1.0,0.0,point_previews/task000049_mu000016_rho040_n0.png
0.4,16,8,license_plate_bahnschrift.ttf,CBAGJWPD6YXT0RNZL49E3HSU875KFVMQ2,3,0,1,0.34,10.119289,0.843436,0.953987,JUSAGAYPDAYWTRENZCPSHS89SEAA,0.69697,0.30303,point_previews/task000049_mu000016_rho040_n1.png
0.5,16,8,license_plate_bahnschrift.ttf,CBAGJWPD6YXT0RNZL49E3HSU875KFVMQ2,3,0,0,0.425,11.313708,0.8067,0.853272,,1.0,0.0,point_previews/task000049_mu000016_rho050_n0.png
0.5,16,8,license_plate_bahnschrift.ttf,CBAGJWPD6YXT0RNZL49E3HSU875KFVMQ2,3,0,1,0.425,11.313708,0.8067,0.853272,GBAGAYEMEYRTARNZEGPESHSUBTSKFUMGZ,0.545455,0.454545,point_previews/task000049_mu000016_rho050_n1.png
0.6,16,8,license_plate_bahnschrift.ttf,CBAGJWPD6YXT0RNZL49E3HSU875KFVMQ2,3,0,0,0.51,12.393547,0.770893,0.778927,,1.0,0.0,point_previews/task000049_mu000016_rho060_n0.png
0.6,16,8,license_plate_bahnschrift.ttf,CBAGJWPD6YXT0RNZL49E3HSU875KFVMQ2,3,0,1,0.51,12.393547,0.770893,0.778927,,1.0,0.0,point_previews/task000049_mu000016_rho060_n1.png
0.7,16,8,license_plate_bahnschrift.ttf,CBAGJWPD6YXT0RNZL49E3HSU875KFVMQ2,3,0,0,0.595,13.38656,0.735998,0.721147,CBAGSWPDEYXTGRNZLATESUSUBTSKFYMN2,0.363636,0.636364,point_previews/task000049_mu000016_rho070_n0.png
0.7,16,8,license_plate_bahnschrift.ttf,CBAGJWPD6YXT0RNZL49E3HSU875KFVMQ2,3,0,1,0.595,13.38656,0.735998,0.721147,,1.0,0.0,point_previews/task000049_mu000016_rho070_n1.png
0.8,16,8,license_plate_bahnschrift.ttf,CBAGJWPD6YXT0RNZL49E3HSU875KFVMQ2,3,0,0,0.68,14.310835,0.701998,0.674571,,1.0,0.0,point_previews/task000049_mu000016_rho080_n0.png
0.8,16,8,license_plate_bahnschrift.ttf,CBAGJWPD6YXT0RNZL49E3HSU875KFVMQ2,3,0,1,0.68,14.310835,0.701998,0.674571,,1.0,0.0,point_previews/task000049_mu000016_rho080_n1.png
0.9,16,8,license_plate_bahnschrift.ttf,CBAGJWPD6YXT0RNZL49E3HSU875KFVMQ2,3,0,0,0.765,15.178933,0.668877,0.635992,CBAGSWPDGYXTGRNZ49RSHSUBTSKEYEQ2,0.363636,0.636364,point_previews/task000049_mu000016_rho090_n0.png
0.9,16,8,license_plate_bahnschrift.ttf,CBAGJWPD6YXT0RNZL49E3HSU875KFVMQ2,3,0,1,0.765,15.178933,0.668877,0.635992,CBAGJWPDAYXTRNZLGDESHSUBTSKFVMG2,0.272727,0.727273,point_previews/task000049_mu000016_rho090_n1.png
1.0,16,8,license_plate_bahnschrift.ttf,CBAGJWPD6YXT0RNZL49E3HSU875KFVMQ2,3,0,0,0.85,16.0,0.63662,0.603355,,1.0,0.0,point_previews/task000049_mu000016_rho100_n0.png
1.0,16,8,license_plate_bahnschrift.ttf,CBAGJWPD6YXT0RNZL49E3HSU875KFVMQ2,3,0,1,0.85,16.0,0.63662,0.603355,,1.0,0.0,point_previews/task000049_mu000016_rho100_n1.png
0.1,23,8,license_plate_bahnschrift.ttf,CBAGJWPD6YXT0RNZL49E3HSU875KFVMQ2,3,0,0,0.085,5.059644,0.959381,1.907975,HARSTDAAS,0.909091,0.090909,point_previews/task000050_mu000023_rho010_n0.png
0.1,23,8,license_plate_bahnschrift.ttf,CBAGJWPD6YXT0RNZL49E3HSU875KFVMQ2,3,0,1,0.085,5.059644,0.959381,1.907975,,1.0,0.0,point_previews/task000050_mu000023_rho010_n1.png
0.2,23,8,license_plate_bahnschrift.ttf,CBAGJWPD6YXT0RNZL49E3HSU875KFVMQ2,3,0,0,0.17,7.155418,0.919759,1.349142,CGEGPUSDAYRTERNSLASSSHSETSEEUMS,0.666667,0.333333,point_previews/task000050_mu000023_rho020_n0.png
0.2,23,8,license_plate_bahnschrift.ttf,CBAGJWPD6YXT0RNZL49E3HSU875KFVMQ2,3,0,1,0.17,7.155418,0.919759,1.349142,PRAGHNSDSTYTHRMZLMPERUSUSTSRERD,0.69697,0.30303,point_previews/task000050_mu000023_rho020_n1.png
0.3,23,8,license_plate_bahnschrift.ttf,CBAGJWPD6YXT0RNZL49E3HSU875KFVMQ2,3,0,0,0.255,8.763561,0.881116,1.10157,EBBGEPDEYXTCRAZERSESHSUBTEREUNES,0.606061,0.393939,point_previews/task000050_mu000023_rho030_n0.png
0.3,23,8,license_plate_bahnschrift.ttf,CBAGJWPD6YXT0RNZL49E3HSU875KFVMQ2,3,0,1,0.255,8.763561,0.881116,1.10157,CBAGTNEDGCCGRUZEAPESHSUBTSKPYNG2,0.606061,0.393939,point_previews/task000050_mu000023_rho030_n1.png
0.4,23,8,license_plate_bahnschrift.ttf,CBAGJWPD6YXT0RNZL49E3HSU875KFVMQ2,3,0,0,0.34,10.119289,0.843436,0.953987,,1.0,0.0,point_previews/task000050_mu000023_rho040_n0.png
0.4,23,8,license_plate_bahnschrift.ttf,CBAGJWPD6YXT0RNZL49E3HSU875KFVMQ2,3,0,1,0.34,10.119289,0.843436,0.953987,EBAGYPDSYXTQNNZEGSESHSUBTSKEMMGD,0.515152,0.484848,point_previews/task000050_mu000023_rho040_n1.png
0.5,23,8,license_plate_bahnschrift.ttf,CBAGJWPD6YXT0RNZL49E3HSU875KFVMQ2,3,0,0,0.425,11.313708,0.8067,0.853272,CBAGSWEDSYXTBRNZLGTESHSUSTSKEVMG2,0.363636,0.636364,point_previews/task000050_mu000023_rho050_n0.png
0.5,23,8,license_plate_bahnschrift.ttf,CBAGJWPD6YXT0RNZL49E3HSU875KFVMQ2,3,0,1,0.425,11.313708,0.8067,0.853272,,1.0,0.0,point_previews/task000050_mu000023_rho050_n1.png
0.6,23,8,license_plate_bahnschrift.ttf,CBAGJWPD6YXT0RNZL49E3HSU875KFVMQ2,3,0,0,0.51,12.393547,0.770893,0.778927,CBAGAWPDSYXTRNZLESHSUBTSKEYMD2,0.363636,0.636364,point_previews/task000050_mu000023_rho060_n0.png
0.6,23,8,license_plate_bahnschrift.ttf,CBAGJWPD6YXT0RNZL49E3HSU875KFVMQ2,3,0,1,0.51,12.393547,0.770893,0.778927,CBABTWPBEYXTCRNZLAPESNSUSTSKRYMG2,0.454545,0.545455,point_previews/task000050_mu000023_rho060_n1.png
0.7,23,8,license_plate_bahnschrift.ttf,CBAGJWPD6YXT0RNZL49E3HSU875KFVMQ2,3,0,0,0.595,13.38656,0.735998,0.721147,CRAGSWPDEYETCRNZLGPESHSUBTSKFYMG2,0.393939,0.606061,point_previews/task000050_mu000023_rho070_n0.png
0.7,23,8,license_plate_bahnschrift.ttf,CBAGJWPD6YXT0RNZL49E3HSU875KFVMQ2,3,0,1,0.595,13.38656,0.735998,0.721147,CBAGJWPDSYXTGRNZLASESHSUBTSKEVGZ,0.363636,0.636364,point_previews/task000050_mu000023_rho070_n1.png
0.8,23,8,license_plate_bahnschrift.ttf,CBAGJWPD6YXT0RNZL49E3HSU875KFVMQ2,3,0,0,0.68,14.310835,0.701998,0.674571,,1.0,0.0,point_previews/task000050_mu000023_rho080_n0.png
0.8,23,8,license_plate_bahnschrift.ttf,CBAGJWPD6YXT0RNZL49E3HSU875KFVMQ2,3,0,1,0.68,14.310835,0.701998,0.674571,CBAGAWPDEYXTRNZLUSESHSUSTSKEYMGZ,0.393939,0.606061,point_previews/task000050_mu000023_rho080_n1.png
0.9,23,8,license_plate_bahnschrift.ttf,CBAGJWPD6YXT0RNZL49E3HSU875KFVMQ2,3,0,0,0.765,15.178933,0.668877,0.635992,,1.0,0.0,point_previews/task000050_mu000023_rho090_n0.png
0.9,23,8,license_plate_bahnschrift.ttf,CBAGJWPD6YXT0RNZL49E3HSU875KFVMQ2,3,0,1,0.765,15.178933,0.668877,0.635992,CBAGNPD6YXTGRNZLZ9E3HSUBTSKEVMGZ,0.30303,0.69697,point_previews/task000050_mu000023_rho090_n1.png
1.0,23,8,license_plate_bahnschrift.ttf,CBAGJWPD6YXT0RNZL49E3HSU875KFVMQ2,3,0,0,0.85,16.0,0.63662,0.603355,CBAGWPGSYXTGRNZLASESHSUB7SKAVMG2,0.333333,0.666667,point_previews/task000050_mu000023_rho100_n0.png
1.0,23,8,license_plate_bahnschrift.ttf,CBAGJWPD6YXT0RNZL49E3HSU875KFVMQ2,3,0,1,0.85,16.0,0.63662,0.603355,LBAGJWPDEYXTGRNZLAPESHSUSTSKFYMG2,0.333333,0.666667,point_previews/task000050_mu000023_rho100_n1.png
0.1,32,8,license_plate_bahnschrift.ttf,CBAGJWPD6YXT0RNZL49E3HSU875KFVMQ2,3,0,0,0.085,5.059644,0.959381,1.907975,,1.0,0.0,point_previews/task000051_mu000032_rho010_n0.png
0.1,32,8,license_plate_bahnschrift.ttf,CBAGJWPD6YXT0RNZL49E3HSU875KFVMQ2,3,0,1,0.085,5.059644,0.959381,1.907975,ESSTNPTLSTFMAE9BESEYSUAGS,0.878788,0.121212,point_previews/task000051_mu000032_rho010_n1.png
0.2,32,8,license_plate_bahnschrift.ttf,CBAGJWPD6YXT0RNZL49E3HSU875KFVMQ2,3,0,0,0.17,7.155418,0.919759,1.349142,CBAGSPEAYXTCRNZES9ESHSUBSYRG2,0.484848,0.515152,point_previews/task000051_mu000032_rho020_n0.png
0.2,32,8,license_plate_bahnschrift.ttf,CBAGJWPD6YXT0RNZL49E3HSU875KFVMQ2,3,0,1,0.17,7.155418,0.919759,1.349142,CBAGRYSDSTETURNALARESHEBBTSREMME,0.636364,0.363636,point_previews/task000051_mu000032_rho020_n1.png
0.3,32,8,license_plate_bahnschrift.ttf,CBAGJWPD6YXT0RNZL49E3HSU875KFVMQ2,3,0,0,0.255,8.763561,0.881116,1.10157,CBAGUWPREYRTURNZE498SHBUSTSKEVMQ2,0.393939,0.606061,point_previews/task000051_mu000032_rho030_n0.png
0.3,32,8,license_plate_bahnschrift.ttf,CBAGJWPD6YXT0RNZL49E3HSU875KFVMQ2,3,0,1,0.255,8.763561,0.881116,1.10157,CBAGAYPDAYXTERNZLATESHSUSTSKEMMEZ,0.424242,0.575758,point_previews/task000051_mu000032_rho030_n1.png
0.4,32,8,license_plate_bahnschrift.ttf,CBAGJWPD6YXT0RNZL49E3HSU875KFVMQ2,3,0,0,0.34,10.119289,0.843436,0.953987,CBAGWPDSYRTGRNZLGPSSHSUB7SKEYMGZ,0.424242,0.575758,point_previews/task000051_mu000032_rho040_n0.png
0.4,32,8,license_plate_bahnschrift.ttf,CBAGJWPD6YXT0RNZL49E3HSU875KFVMQ2,3,0,1,0.34,10.119289,0.843436,0.953987,CBAGJWPDSYXTURNZEA9S3HSUBTSKEVMG2,0.30303,0.69697,point_previews/task000051_mu000032_rho040_n1.png
0.5,32,8,license_plate_bahnschrift.ttf,CBAGJWPD6YXT0RNZL49E3HSU875KFVMQ2,3,0,0,0.425,11.313708,0.8067,0.853272,,1.0,0.0,point_previews/task000051_mu000032_rho050_n0.png
0.5,32,8,license_plate_bahnschrift.ttf,CBAGJWPD6YXT0RNZL49E3HSU875KFVMQ2,3,0,1,0.425,11.313708,0.8067,0.853272,,1.0,0.0,point_previews/task000051_mu000032_rho050_n1.png
0.6,32,8,license_plate_bahnschrift.ttf,CBAGJWPD6YXT0RNZL49E3HSU875KFVMQ2,3,0,0,0.51,12.393547,0.770893,0.778927,,1.0,0.0,point_previews/task000051_mu000032_rho060_n0.png
0.6,32,8,license_plate_bahnschrift.ttf,CBAGJWPD6YXT0RNZL49E3HSU875KFVMQ2,3,0,1,0.51,12.393547,0.770893,0.778927,CBAGSWPDAYXTRNZEAGESHSUBTSKEVMR2,0.363636,0.636364,point_previews/task000051_mu000032_rho060_n1.png
0.7,32,8,license_plate_bahnschrift.ttf,CBAGJWPD6YXT0RNZL49E3HSU875KFVMQ2,3,0,0,0.595,13.38656,0.735998,0.721147,CBAGSWPDAYXTGRNZLAESHSUBTSKFYMG2,0.333333,0.666667,point_previews/task000051_mu000032_rho070_n0.png
0.7,32,8,license_plate_bahnschrift.ttf,CBAGJWPD6YXT0RNZL49E3HSU875KFVMQ2,3,0,1,0.595,13.38656,0.735998,0.721147,CBAGJWPD6YXTARNZLSPESHSUBTSKFYMG2,0.272727,0.727273,point_previews/task000051_mu000032_rho070_n1.png
0.8,32,8,license_plate_bahnschrift.ttf,CBAGJWPD6YXT0RNZL49E3HSU875KFVMQ2,3,0,0,0.68,14.310835,0.701998,0.674571,CBAGJWPDAYXTURNZLASESHSUBTSKFYMGZ,0.333333,0.666667,point_previews/task000051_mu000032_rho080_n0.png
0.8,32,8,license_plate_bahnschrift.ttf,CBAGJWPD6YXT0RNZL49E3HSU875KFVMQ2,3,0,1,0.68,14.310835,0.701998,0.674571,CBAGSWPDSYXTURNZL4PE3HSUBTSKFVMG2,0.242424,0.757576,point_previews/task000051_mu000032_rho080_n1.png
0.9,32,8,license_plate_bahnschrift.ttf,CBAGJWPD6YXT0RNZL49E3HSU875KFVMQ2,3,0,0,0.765,15.178933,0.668877,0.635992,CBAGJWPD6YXT0RNZL4PESHSUBTSKFYMG2,0.212121,0.787879,point_previews/task000051_mu000032_rho090_n0.png
0.9,32,8,license_plate_bahnschrift.ttf,CBAGJWPD6YXT0RNZL49E3HSU875KFVMQ2,3,0,1,0.765,15.178933,0.668877,0.635992,CBAGSWPDSYXTRNZLGPESHSUBTSKFYMA2,0.333333,0.666667,point_previews/task000051_mu000032_rho090_n1.png
1.0,32,8,license_plate_bahnschrift.ttf,CBAGJWPD6YXT0RNZL49E3HSU875KFVMQ2,3,0,0,0.85,16.0,0.63662,0.603355,CBAGJWPD6YXTRNZLASESHSUB7SKFYMG2,0.242424,0.757576,point_previews/task000051_mu000032_rho100_n0.png
1.0,32,8,license_plate_bahnschrift.ttf,CBAGJWPD6YXT0RNZL49E3HSU875KFVMQ2,3,0,1,0.85,16.0,0.63662,0.603355,CBAGJWPDSYXTRNZLAPESHSUBTSKFVMQZ,0.272727,0.727273,point_previews/task000051_mu000032_rho100_n1.png
0.1,45,8,license_plate_bahnschrift.ttf,CBAGJWPD6YXT0RNZL49E3HSU875KFVMQ2,3,0,0,0.085,5.059644,0.959381,1.907975,SESPEYNTRNPLATESESURSKEYMGS,0.666667,0.333333,point_previews/task000052_mu000045_rho010_n0.png
0.1,45,8,license_plate_bahnschrift.ttf,CBAGJWPD6YXT0RNZL49E3HSU875KFVMQ2,3,0,1,0.085,5.059644,0.959381,1.907975,DRARARESPRTRNZCRSRLSTSKP,0.787879,0.212121,point_previews/task000052_mu000045_rho010_n1.png
0.2,45,8,license_plate_bahnschrift.ttf,CBAGJWPD6YXT0RNZL49E3HSU875KFVMQ2,3,0,0,0.17,7.155418,0.919759,1.349142,CBAGSWEDSYXTURNZLAFESHSURTSKPUNGZ,0.454545,0.545455,point_previews/task000052_mu000045_rho020_n0.png
0.2,45,8,license_plate_bahnschrift.ttf,CBAGJWPD6YXT0RNZL49E3HSU875KFVMQ2,3,0,1,0.17,7.155418,0.919759,1.349142,CRAGSWPBGFRFGRNZLAPESHSUBTSKEVMER2,0.515152,0.484848,point_previews/task000052_mu000045_rho020_n1.png
0.3,45,8,license_plate_bahnschrift.ttf,CBAGJWPD6YXT0RNZL49E3HSU875KFVMQ2,3,0,0,0.255,8.763561,0.881116,1.10157,,1.0,0.0,point_previews/task000052_mu000045_rho030_n0.png
0.3,45,8,license_plate_bahnschrift.ttf,CBAGJWPD6YXT0RNZL49E3HSU875KFVMQ2,3,0,1,0.255,8.763561,0.881116,1.10157,,1.0,0.0,point_previews/task000052_mu000045_rho030_n1.png
0.4,45,8,license_plate_bahnschrift.ttf,CBAGJWPD6YXT0RNZL49E3HSU875KFVMQ2,3,0,0,0.34,10.119289,0.843436,0.953987,,1.0,0.0,point_previews/task000052_mu000045_rho040_n0.png
0.4,45,8,license_plate_bahnschrift.ttf,CBAGJWPD6YXT0RNZL49E3HSU875KFVMQ2,3,0,1,0.34,10.119289,0.843436,0.953987,,1.0,0.0,point_previews/task000052_mu000045_rho040_n1.png
0.5,45,8,license_plate_bahnschrift.ttf,CBAGJWPD6YXT0RNZL49E3HSU875KFVMQ2,3,0,0,0.425,11.313708,0.8067,0.853272,CBAGJWPD6YXTURNZLAPE3HSUBTSKFYMGZ,0.272727,0.727273,point_previews/task000052_mu000045_rho050_n0.png
0.5,45,8,license_plate_bahnschrift.ttf,CBAGJWPD6YXT0RNZL49E3HSU875KFVMQ2,3,0,1,0.425,11.313708,0.8067,0.853272,CBAGJWPD6YXTRNZLATESHSUS7SKFYMG2,0.242424,0.757576,point_previews/task000052_mu000045_rho050_n1.png
0.6,45,8,license_plate_bahnschrift.ttf,CBAGJWPD6YXT0RNZL49E3HSU875KFVMQ2,3,0,0,0.51,12.393547,0.770893,0.778927,CBAGJWPD6YXTQRNZLG9ESHSU87SKFVMG2,0.151515,0.848485,point_previews/task000052_mu000045_rho060_n0.png
0.6,45,8,license_plate_bahnschrift.ttf,CBAGJWPD6YXT0RNZL49E3HSU875KFVMQ2,3,0,1,0.51,12.393547,0.770893,0.778927,CBAGJWPD6YXTARNZL49ESHSUBTSKFYMG2,0.212121,0.787879,point_previews/task000052_mu000045_rho060_n1.png
0.7,45,8,license_plate_bahnschrift.ttf,CBAGJWPD6YXT0RNZL49E3HSU875KFVMQ2,3,0,0,0.595,13.38656,0.735998,0.721147,CBAGJWPD6YXTURNZLAPESHSUSTSKFYMG2,0.272727,0.727273,point_previews/task000052_mu000045_rho070_n0.png
0.7,45,8,license_plate_bahnschrift.ttf,CBAGJWPD6YXT0RNZL49E3HSU875KFVMQ2,3,0,1,0.595,13.38656,0.735998,0.721147,CBAGJWPDSYXTRNZL49ESHSUSTSKFYMG2,0.242424,0.757576,point_previews/task000052_mu000045_rho070_n1.png
0.8,45,8,license_plate_bahnschrift.ttf,CBAGJWPD6YXT0RNZL49E3HSU875KFVMQ2,3,0,0,0.68,14.310835,0.701998,0.674571,CBAGJWPDEYXTERNZL49ESHSUSTSKFYMG2,0.242424,0.757576,point_previews/task000052_mu000045_rho080_n0.png
0.8,45,8,license_plate_bahnschrift.ttf,CBAGJWPD6YXT0RNZL49E3HSU875KFVMQ2,3,0,1,0.68,14.310835,0.701998,0.674571,CBAGJWPD6YXTURNZL49E3HSUBTSKFVMG2,0.151515,0.848485,point_previews/task000052_mu000045_rho080_n1.png
0.9,45,8,license_plate_bahnschrift.ttf,CBAGJWPD6YXT0RNZL49E3HSU875KFVMQ2,3,0,0,0.765,15.178933,0.668877,0.635992,CBAGJWPD6YXTRNZLAPESHSUBTSKFYMGZ,0.30303,0.69697,point_previews/task000052_mu000045_rho090_n0.png
0.9,45,8,license_plate_bahnschrift.ttf,CBAGJWPD6YXT0RNZL49E3HSU875KFVMQ2,3,0,1,0.765,15.178933,0.668877,0.635992,CBAGJWPD6YXTURNZLASESHSUBTSKFVMG2,0.242424,0.757576,point_previews/task000052_mu000045_rho090_n1.png
1.0,45,8,license_plate_bahnschrift.ttf,CBAGJWPD6YXT0RNZL49E3HSU875KFVMQ2,3,0,0,0.85,16.0,0.63662,0.603355,CBAGJWPD6YXTRNZLA9E3HSUB7SKFYMG2,0.181818,0.818182,point_previews/task000052_mu000045_rho100_n0.png
1.0,45,8,license_plate_bahnschrift.ttf,CBAGJWPD6YXT0RNZL49E3HSU875KFVMQ2,3,0,1,0.85,16.0,0.63662,0.603355,CBAGJWPD6YXTRNZL49ESHSUBTSKFYMG2,0.212121,0.787879,point_previews/task000052_mu000045_rho100_n1.png
0.1,64,8,license_plate_bahnschrift.ttf,CBAGJWPD6YXT0RNZL49E3HSU875KFVMQ2,3,0,0,0.085,5.059644,0.959381,1.907975,CBAGPURDSTRTHRNZLAVESHSUSTSNEVMD2,0.484848,0.515152,point_previews/task000053_mu000064_rho010_n0.png
0.1,64,8,license_plate_bahnschrift.ttf,CBAGJWPD6YXT0RNZL49E3HSU875KFVMQ2,3,0,1,0.085,5.059644,0.959381,1.907975,CBAGPWEDSERTURNZEAGESHSUSTSHR,0.575758,0.424242,point_previews/task000053_mu000064_rho010_n1.png
0.2,64,8,license_plate_bahnschrift.ttf,CBAGJWPD6YXT0RNZL49E3HSU875KFVMQ2,3,0,0,0.17,7.155418,0.919759,1.349142,CBAGWPEDSYXTURNZL4PESHSUSTSKEVNG2,0.363636,0.636364,point_previews/task000053_mu000064_rho020_n0.png
0.2,64,8,license_plate_bahnschrift.ttf,CBAGJWPD6YXT0RNZL49E3HSU875KFVMQ2,3,0,1,0.17,7.155418,0.919759,1.349142,CBAGJWEDSYXTERNZEAPETHSUBTSKEYMGZ,0.424242,0.575758,point_previews/task000053_mu000064_rho020_n1.png
0.3,64,8,license_plate_bahnschrift.ttf,CBAGJWPD6YXT0RNZL49E3HSU875KFVMQ2,3,0,0,0.255,8.763561,0.881116,1.10157,CBAGJWPDSYXTERNZEAPESHSUBTSKFYNG2,0.363636,0.636364,point_previews/task000053_mu000064_rho030_n0.png
0.3,64,8,license_plate_bahnschrift.ttf,CBAGJWPD6YXT0RNZL49E3HSU875KFVMQ2,3,0,1,0.255,8.763561,0.881116,1.10157,,1.0,0.0,point_previews/task000053_mu000064_rho030_n1.png
0.4,64,8,license_plate_bahnschrift.ttf,CBAGJWPD6YXT0RNZL49E3HSU875KFVMQ2,3,0,0,0.34,10.119289,0.843436,0.953987,CBAGJWPDEYXTERNZLASESHSUBTSKFYMG2,0.30303,0.69697,point_previews/task000053_mu000064_rho040_n0.png
0.4,64,8,license_plate_bahnschrift.ttf,CBAGJWPD6YXT0RNZL49E3HSU875KFVMQ2,3,0,1,0.34,10.119289,0.843436,0.953987,CBAGJWPBSYXTGRNZLAESHSUBTSKFYMG2,0.333333,0.666667,point_previews/task000053_mu000064_rho040_n1.png
0.5,64,8,license_plate_bahnschrift.ttf,CBAGJWPD6YXT0RNZL49E3HSU875KFVMQ2,3,0,0,0.425,11.313708,0.8067,0.853272,CBAGJWPDS6YXTERNZL49E3HSUB8TSKFYMG2,0.212121,0.787879,point_previews/task000053_mu000064_rho050_n0.png
0.5,64,8,license_plate_bahnschrift.ttf,CBAGJWPD6YXT0RNZL49E3HSU875KFVMQ2,3,0,1,0.425,11.313708,0.8067,0.853272,CBAGJWPD6YXTRNZLAPE3HSUBTSKFYMQ2,0.212121,0.787879,point_previews/task000053_mu000064_rho050_n1.png
0.6,64,8,license_plate_bahnschrift.ttf,CBAGJWPD6YXT0RNZL49E3HSU875KFVMQ2,3,0,0,0.51,12.393547,0.770893,0.778927,CBAGJWPD6YXTRNZL49E3HSUBTSKFYMQ2,0.151515,0.848485,point_previews/task000053_mu000064_rho060_n0.png
0.6,64,8,license_plate_bahnschrift.ttf,CBAGJWPD6YXT0RNZL49E3HSU875KFVMQ2,3,0,1,0.51,12.393547,0.770893,0.778927,CBAGJWPD6YXT0RNZL49ESHSUBSTSKFVMG2,0.181818,0.818182,point_previews/task000053_mu000064_rho060_n1.png
0.7,64,8,license_plate_bahnschrift.ttf,CBAGJWPD6YXT0RNZL49E3HSU875KFVMQ2,3,0,0,0.595,13.38656,0.735998,0.721147,CBAGJWPD6YXTURNZLG9ESHSUSTSKFYMG2,0.242424,0.757576,point_previews/task000053_mu000064_rho070_n0.png
0.7,64,8,license_plate_bahnschrift.ttf,CBAGJWPD6YXT0RNZL49E3HSU875KFVMQ2,3,0,1,0.595,13.38656,0.735998,0.721147,CBAGJWPD6YXTRNZLAVESHSUBTSKEVMG2,0.272727,0.727273,point_previews/task000053_mu000064_rho070_n1.png
0.8,64,8,license_plate_bahnschrift.ttf,CBAGJWPD6YXT0RNZL49E3HSU875KFVMQ2,3,0,0,0.68,14.310835,0.701998,0.674571,CBAGJWPDEYXTERNZL49ESHSUBT5SKEYMG2,0.272727,0.727273,point_previews/task000053_mu000064_rho080_n0.png
0.8,64,8,license_plate_bahnschrift.ttf,CBAGJWPD6YXT0RNZL49E3HSU875KFVMQ2,3,0,1,0.68,14.310835,0.701998,0.674571,CBAGJWPD6YXTGRNZL49E3HSU875KFVMG2,0.060606,0.939394,point_previews/task000053_mu000064_rho080_n1.png
0.9,64,8,license_plate_bahnschrift.ttf,CBAGJWPD6YXT0RNZL49E3HSU875KFVMQ2,3,0,0,0.765,15.178933,0.668877,0.635992,CBAGJWPD6YXTURNZL49ESHSUBTSKFYMG2,0.212121,0.787879,point_previews/task000053_mu000064_rho090_n0.png
0.9,64,8,license_plate_bahnschrift.ttf,CBAGJWPD6YXT0RNZL49E3HSU875KFVMQ2,3,0,1,0.765,15.178933,0.668877,0.635992,CBAGJWPD6YXTRNZL49ESHSUB7SKFYMG2,0.181818,0.818182,point_previews/task000053_mu000064_rho090_n1.png
1.0,64,8,license_plate_bahnschrift.ttf,CBAGJWPD6YXT0RNZL49E3HSU875KFVMQ2,3,0,0,0.85,16.0,0.63662,0.603355,CBAGJWPD6YXTRNZLAPESHSUBTSKFVMQ2,0.212121,0.787879,point_previews/task000053_mu000064_rho100_n0.png
1.0,64,8,license_plate_bahnschrift.ttf,CBAGJWPD6YXT0RNZL49E3HSU875KFVMQ2,3,0,1,0.85,16.0,0.63662,0.603355,CBAGJWPD6YXT0RNZL49E3HSUBTSKFYMG2,0.151515,0.848485,point_previews/task000053_mu000064_rho100_n1.png
0.1,4,8,license_plate_bahnschrift.ttf,CBAGJWPD6YXT0RNZL49E3HSU875KFVMQ2,3,3,0,0.085,5.059644,0.959381,1.907975,BAMTEPNS,0.848485,0.151515,point_previews/task000054_mu000004_rho010_n0.png
0.1,4,8,license_plate_bahnschrift.ttf,CBAGJWPD6YXT0RNZL49E3HSU875KFVMQ2,3,3,1,0.085,5.059644,0.959381,1.907975,TARSGMEEM,0.878788,0.121212,point_previews/task000054_mu000004_rho010_n1.png
0.2,4,8,license_plate_bahnschrift.ttf,CBAGJWPD6YXT0RNZL49E3HSU875KFVMQ2,3,3,0,0.17,7.155418,0.919759,1.349142,RALRMERARGESESVER,0.848485,0.151515,point_previews/task000054_mu000004_rho020_n0.png
0.2,4,8,license_plate_bahnschrift.ttf,CBAGJWPD6YXT0RNZL49E3HSU875KFVMQ2,3,3,1,0.17,7.155418,0.919759,1.349142,SREETREAMSEEDEASATSS,0.878788,0.121212,point_previews/task000054_mu000004_rho020_n1.png
0.3,4,8,license_plate_bahnschrift.ttf,CBAGJWPD6YXT0RNZL49E3HSU875KFVMQ2,3,3,0,0.255,8.763561,0.881116,1.10157,XATRUERDNPEUECRL,0.878788,0.121212,point_previews/task000054_mu000004_rho030_n0.png
0.3,4,8,license_plate_bahnschrift.ttf,CBAGJWPD6YXT0RNZL49E3HSU875KFVMQ2,3,3,1,0.255,8.763561,0.881116,1.10157,RESAERSNAE,0.909091,0.090909,point_previews/task000054_mu000004_rho030_n1.png
0.4,4,8,license_plate_bahnschrift.ttf,CBAGJWPD6YXT0RNZL49E3HSU875KFVMQ2,3,3,0,0.34,10.119289,0.843436,0.953987,FRPATNERBPMGREBALNS,0.878788,0.121212,point_previews/task000054_mu000004_rho040_n0.png
0.4,4,8,license_plate_bahnschrift.ttf,CBAGJWPD6YXT0RNZL49E3HSU875KFVMQ2,3,3,1,0.34,10.119289,0.843436,0.953987,PRSEF,0.878788,0.121212,point_previews/task000054_mu000004_rho040_n1.png
0.5,4,8,license_plate_bahnschrift.ttf,CBAGJWPD6YXT0RNZL49E3HSU875KFVMQ2,3,3,0,0.425,11.313708,0.8067,0.853272,PSPSERACLEEST,0.848485,0.151515,point_previews/task000054_mu000004_rho050_n0.png
0.5,4,8,license_plate_bahnschrift.ttf,CBAGJWPD6YXT0RNZL49E3HSU875KFVMQ2,3,3,1,0.425,11.313708,0.8067,0.853272,STEAYPSSS7T,0.909091,0.090909,point_previews/task000054_mu000004_rho050_n1.png
0.6,4,8,license_plate_bahnschrift.ttf,CBAGJWPD6YXT0RNZL49E3HSU875KFVMQ2,3,3,0,0.51,12.393547,0.770893,0.778927,RRCCNSP,0.939394,0.060606,point_previews/task000054_mu000004_rho060_n0.png
0.6,4,8,license_plate_bahnschrift.ttf,CBAGJWPD6YXT0RNZL49E3HSU875KFVMQ2,3,3,1,0.51,12.393547,0.770893,0.778927,UE,0.969697,0.030303,point_previews/task000054_mu000004_rho060_n1.png
0.7,4,8,license_plate_bahnschrift.ttf,CBAGJWPD6YXT0RNZL49E3HSU875KFVMQ2,3,3,0,0.595,13.38656,0.735998,0.721147,BAMNNTFR,0.878788,0.121212,point_previews/task000054_mu000004_rho070_n0.png
0.7,4,8,license_plate_bahnschrift.ttf,CBAGJWPD6YXT0RNZL49E3HSU875KFVMQ2,3,3,1,0.595,13.38656,0.735998,0.721147,,1.0,0.0,point_previews/task000054_mu000004_rho070_n1.png
0.8,4,8,license_plate_bahnschrift.ttf,CBAGJWPD6YXT0RNZL49E3HSU875KFVMQ2,3,3,0,0.68,14.310835,0.701998,0.674571,RUVCEBETSRRRFRUP,0.878788,0.121212,point_previews/task000054_mu000004_rho080_n0.png
0.8,4,8,license_plate_bahnschrift.ttf,CBAGJWPD6YXT0RNZL49E3HSU875KFVMQ2,3,3,1,0.68,14.310835,0.701998,0.674571,MRCSVTERECACGESEETERE,0.878788,0.121212,point_previews/task000054_mu000004_rho080_n1.png
0.9,4,8,license_plate_bahnschrift.ttf,CBAGJWPD6YXT0RNZL49E3HSU875KFVMQ2,3,3,0,0.765,15.178933,0.668877,0.635992,ESASGZCPSEETCGER,0.878788,0.121212,point_previews/task000054_mu000004_rho090_n0.png
0.9,4,8,license_plate_bahnschrift.ttf,CBAGJWPD6YXT0RNZL49E3HSU875KFVMQ2,3,3,1,0.765,15.178933,0.668877,0.635992,SABACCBEDGRTCRRERESRT,0.818182,0.181818,point_previews/task000054_mu000004_rho090_n1.png
1.0,4,8,license_plate_bahnschrift.ttf,CBAGJWPD6YXT0RNZL49E3HSU875KFVMQ2,3,3,0,0.85,16.0,0.63662,0.603355,SCRSDHANSHUS,0.878788,0.121212,point_previews/task000054_mu000004_rho100_n0.png
1.0,4,8,license_plate_bahnschrift.ttf,CBAGJWPD6YXT0RNZL49E3HSU875KFVMQ2,3,3,1,0.85,16.0,0.63662,0.603355,CESELEMNESSGHSURTSKEDN,0.818182,0.181818,point_previews/task000054_mu000004_rho100_n1.png
0.1,6,8,license_plate_bahnschrift.ttf,CBAGJWPD6YXT0RNZL49E3HSU875KFVMQ2,3,3,0,0.085,5.059644,0.959381,1.907975,,1.0,0.0,point_previews/task000055_mu000006_rho010_n0.png
0.1,6,8,license_plate_bahnschrift.ttf,CBAGJWPD6YXT0RNZL49E3HSU875KFVMQ2,3,3,1,0.085,5.059644,0.959381,1.907975,PULSUARBTSARLMDRCRENRUMP,0.909091,0.090909,point_previews/task000055_mu000006_rho010_n1.png
0.2,6,8,license_plate_bahnschrift.ttf,CBAGJWPD6YXT0RNZL49E3HSU875KFVMQ2,3,3,0,0.17,7.155418,0.919759,1.349142,PMDRSME,0.878788,0.121212,point_previews/task000055_mu000006_rho020_n0.png
0.2,6,8,license_plate_bahnschrift.ttf,CBAGJWPD6YXT0RNZL49E3HSU875KFVMQ2,3,3,1,0.17,7.155418,0.919759,1.349142,CMPRNSYSS,0.848485,0.151515,point_previews/task000055_mu000006_rho020_n1.png
0.3,6,8,license_plate_bahnschrift.ttf,CBAGJWPD6YXT0RNZL49E3HSU875KFVMQ2,3,3,0,0.255,8.763561,0.881116,1.10157,ESAESLPRREREMCRNBRL,0.878788,0.121212,point_previews/task000055_mu000006_rho030_n0.png
0.3,6,8,license_plate_bahnschrift.ttf,CBAGJWPD6YXT0RNZL49E3HSU875KFVMQ2,3,3,1,0.255,8.763561,0.881116,1.10157,,1.0,0.0,point_previews/task000055_mu000006_rho030_n1.png
0.4,6,8,license_plate_bahnschrift.ttf,CBAGJWPD6YXT0RNZL49E3HSU875KFVMQ2,3,3,0,0.34,10.119289,0.843436,0.953987,LURMLSCAEMESSSWNSASEE,0.909091,0.090909,point_previews/task000055_mu000006_rho040_n0.png
0.4,6,8,license_plate_bahnschrift.ttf,CBAGJWPD6YXT0RNZL49E3HSU875KFVMQ2,3,3,1,0.34,10.119289,0.843436,0.953987,BBRSPSSEDSMLSPRSE,0.878788,0.121212,point_previews/task000055_mu000006_rho040_n1.png
0.5,6,8,license_plate_bahnschrift.ttf,CBAGJWPD6YXT0RNZL49E3HSU875KFVMQ2,3,3,0,0.425,11.313708,0.8067,0.853272,SSAMBLASMSNELCSREMAS,0.848485,0.151515,point_previews/task000055_mu000006_rho050_n0.png
0.5,6,8,license_plate_bahnschrift.ttf,CBAGJWPD6YXT0RNZL49E3HSU875KFVMQ2,3,3,1,0.425,11.313708,0.8067,0.853272,PHSEAGTPESEATSPENNNPRSPRUMATL,0.909091,0.090909,point_previews/task000055_mu000006_rho050_n1.png
0.6,6,8,license_plate_bahnschrift.ttf,CBAGJWPD6YXT0RNZL49E3HSU875KFVMQ2,3,3,0,0.51,12.393547,0.770893,0.778927,RGAETRG,0.909091,0.090909,point_previews/task000055_mu000006_rho060_n0.png
0.6,6,8,license_plate_bahnschrift.ttf,CBAGJWPD6YXT0RNZL49E3HSU875KFVMQ2,3,3,1,0.51,12.393547,0.770893,0.778927,BALYNRLYFARERMANVAMLEYLYRPR,0.878788,0.121212,point_previews/task000055_mu000006_rho060_n1.png
0.7,6,8,license_plate_bahnschrift.ttf,CBAGJWPD6YXT0RNZL49E3HSU875KFVMQ2,3,3,0,0.595,13.38656,0.735998,0.721147,LRAGTESBETRTCRHEAANSSP,0.848485,0.151515,point_previews/task000055_mu000006_rho070_n0.png
0.7,6,8,license_plate_bahnschrift.ttf,CBAGJWPD6YXT0RNZL49E3HSU875KFVMQ2,3,3,1,0.595,13.38656,0.735998,0.721147,CRRRSPRTHANAEESHSMETRVNRE,0.757576,0.242424,point_previews/task000055_mu000006_rho070_n1.png
0.8,6,8,license_plate_bahnschrift.ttf,CBAGJWPD6YXT0RNZL49E3HSU875KFVMQ2,3,3,0,0.68,14.310835,0.701998,0.674571,CRAGTTGEARSBRNSUSAUSRENE,0.787879,0.212121,point_previews/task000055_mu000006_rho080_n0.png
0.8,6,8,license_plate_bahnschrift.ttf,CBAGJWPD6YXT0RNZL49E3HSU875KFVMQ2,3,3,1,0.68,14.310835,0.701998,0.674571,,1.0,0.0,point_previews/task000055_mu000006_rho080_n1.png
0.9,6,8,license_plate_bahnschrift.ttf,CBAGJWPD6YXT0RNZL49E3HSU875KFVMQ2,3,3,0,0.765,15.178933,0.668877,0.635992,,1.0,0.0,point_previews/task000055_mu000006_rho090_n0.png
0.9,6,8,license_plate_bahnschrift.ttf,CBAGJWPD6YXT0RNZL49E3HSU875KFVMQ2,3,3,1,0.765,15.178933,0.668877,0.635992,RAGWEUGYRPCRRSASEDSERYS,0.787879,0.212121,point_previews/task000055_mu000006_rho090_n1.png
1.0,6,8,license_plate_bahnschrift.ttf,CBAGJWPD6YXT0RNZL49E3HSU875KFVMQ2,3,3,0,0.85,16.0,0.63662,0.603355,LCBAGSCRUSERTURNEESSEANSERPMEVSE,0.727273,0.272727,point_previews/task000055_mu000006_rho100_n0.png
1.0,6,8,license_plate_bahnschrift.ttf,CBAGJWPD6YXT0RNZL49E3HSU875KFVMQ2,3,3,1,0.85,16.0,0.63662,0.603355,,1.0,0.0,point_previews/task000055_mu000006_rho100_n1.png
0.1,8,8,license_plate_bahnschrift.ttf,CBAGJWPD6YXT0RNZL49E3HSU875KFVMQ2,3,3,0,0.085,5.059644,0.959381,1.907975,,1.0,0.0,point_previews/task000056_mu000008_rho010_n0.png
0.1,8,8,license_plate_bahnschrift.ttf,CBAGJWPD6YXT0RNZL49E3HSU875KFVMQ2,3,3,1,0.085,5.059644,0.959381,1.907975,PRURENPRGTA,0.909091,0.090909,point_previews/task000056_mu000008_rho010_n1.png
0.2,8,8,license_plate_bahnschrift.ttf,CBAGJWPD6YXT0RNZL49E3HSU875KFVMQ2,3,3,0,0.17,7.155418,0.919759,1.349142,BEMTRPEAFE,0.848485,0.151515,point_previews/task000056_mu000008_rho020_n0.png
0.2,8,8,license_plate_bahnschrift.ttf,CBAGJWPD6YXT0RNZL49E3HSU875KFVMQ2,3,3,1,0.17,7.155418,0.919759,1.349142,MAPAPLRRACSUNTSCNTN,0.848485,0.151515,point_previews/task000056_mu000008_rho020_n1.png
0.3,8,8,license_plate_bahnschrift.ttf,CBAGJWPD6YXT0RNZL49E3HSU875KFVMQ2,3,3,0,0.255,8.763561,0.881116,1.10157,RSCEPTSTMMENDYS,0.909091,0.090909,point_previews/task000056_mu000008_rho030_n0.png
0.3,8,8,license_plate_bahnschrift.ttf,CBAGJWPD6YXT0RNZL49E3HSU875KFVMQ2,3,3,1,0.255,8.763561,0.881116,1.10157,TEERATEREAARNEERSSDGREC,0.878788,0.121212,point_previews/task000056_mu000008_rho030_n1.png
0.4,8,8,license_plate_bahnschrift.ttf,CBAGJWPD6YXT0RNZL49E3HSU875KFVMQ2,3,3,0,0.34,10.119289,0.843436,0.953987,,1.0,0.0,point_previews/task000056_mu000008_rho040_n0.png
0.4,8,8,license_plate_bahnschrift.ttf,CBAGJWPD6YXT0RNZL49E3HSU875KFVMQ2,3,3,1,0.34,10.119289,0.843436,0.953987,EPACARPEEYNDAEE,0.848485,0.151515,point_previews/task000056_mu000008_rho040_n1.png
0.5,8,8,license_plate_bahnschrift.ttf,CBAGJWPD6YXT0RNZL49E3HSU875KFVMQ2,3,3,0,0.425,11.313708,0.8067,0.853272,SEEWEDLRTUMNEEDSHSSHSH,0.818182,0.181818,point_previews/task000056_mu000008_rho050_n0.png
0.5,8,8,license_plate_bahnschrift.ttf,CBAGJWPD6YXT0RNZL49E3HSU875KFVMQ2,3,3,1,0.425,11.313708,0.8067,0.853272,AAGMURUATETEPESRASSTSPE,0.848485,0.151515,point_previews/task000056_mu000008_rho050_n1.png
0.6,8,8,license_plate_bahnschrift.ttf,CBAGJWPD6YXT0RNZL49E3HSU875KFVMQ2,3,3,0,0.51,12.393547,0.770893,0.778927,TEGRTTBRRYLMESHSGSTGHP2,0.757576,0.242424,point_previews/task000056_mu000008_rho060_n0.png
0.6,8,8,license_plate_bahnschrift.ttf,CBAGJWPD6YXT0RNZL49E3HSU875KFVMQ2,3,3,1,0.51,12.393547,0.770893,0.778927,CBAGSRSBYYRERNEDGPASUSERTSKPURE,0.727273,0.272727,point_previews/task000056_mu000008_rho060_n1.png
0.7,8,8,license_plate_bahnschrift.ttf,CBAGJWPD6YXT0RNZL49E3HSU875KFVMQ2,3,3,0,0.595,13.38656,0.735998,0.721147,URAGSWRUAYRTGANZEGUSSHSHERSKEVATCS,0.69697,0.30303,point_previews/task000056_mu000008_rho070_n0.png
0.7,8,8,license_plate_bahnschrift.ttf,CBAGJWPD6YXT0RNZL49E3HSU875KFVMQ2,3,3,1,0.595,13.38656,0.735998,0.721147,CRAGHNPESYRTERNZLQCSASUBTSKENRED,0.606061,0.393939,point_previews/task000056_mu000008_rho070_n1.png
0.8,8,8,license_plate_bahnschrift.ttf,CBAGJWPD6YXT0RNZL49E3HSU875KFVMQ2,3,3,0,0.68,14.310835,0.701998,0.674571,,1.0,0.0,point_previews/task000056_mu000008_rho080_n0.png
0.8,8,8,license_plate_bahnschrift.ttf,CBAGJWPD6YXT0RNZL49E3HSU875KFVMQ2,3,3,1,0.68,14.310835,0.701998,0.674571,CAAGTPSGTGR7TESHBUGTAKEMN,0.666667,0.333333,point_previews/task000056_mu000008_rho080_n1.png
0.9,8,8,license_plate_bahnschrift.ttf,CBAGJWPD6YXT0RNZL49E3HSU875KFVMQ2,3,3,0,0.765,15.178933,0.668877,0.635992,SBAGAVSDBYXTRNTGSESHSUBTSREYMEES,0.606061,0.393939,point_previews/task000056_mu000008_rho090_n0.png
0.9,8,8,license_plate_bahnschrift.ttf,CBAGJWPD6YXT0RNZL49E3HSU875KFVMQ2,3,3,1,0.765,15.178933,0.668877,0.635992,SREGTWPEGYRTBRNZUASESHSEAREVKE,0.636364,0.363636,point_previews/task000056_mu000008_rho090_n1.png
1.0,8,8,license_plate_bahnschrift.ttf,CBAGJWPD6YXT0RNZL49E3HSU875KFVMQ2,3,3,0,0.85,16.0,0.63662,0.603355,,1.0,0.0,point_previews/task000056_mu000008_rho100_n0.png
1.0,8,8,license_plate_bahnschrift.ttf,CBAGJWPD6YXT0RNZL49E3HSU875KFVMQ2,3,3,1,0.85,16.0,0.63662,0.603355,,1.0,0.0,point_previews/task000056_mu000008_rho100_n1.png
0.1,11,8,license_plate_bahnschrift.ttf,CBAGJWPD6YXT0RNZL49E3HSU875KFVMQ2,3,3,0,0.085,5.059644,0.959381,1.907975,KSNCAPHSARRPERRELRNE,0.909091,0.090909,point_previews/task000057_mu000011_rho010_n0.png
0.1,11,8,license_plate_bahnschrift.ttf,CBAGJWPD6YXT0RNZL49E3HSU875KFVMQ2,3,3,1,0.085,5.059644,0.959381,1.907975,BAEAAEN2ECANSSNRRRES,0.878788,0.121212,point_previews/task000057_mu000011_rho010_n1.png
0.2,11,8,license_plate_bahnschrift.ttf,CBAGJWPD6YXT0RNZL49E3HSU875KFVMQ2,3,3,0,0.17,7.155418,0.919759,1.349142,DRCMAATTTNDV,0.909091,0.090909,point_previews/task000057_mu000011_rho020_n0.png
0.2,11,8,license_plate_bahnschrift.ttf,CBAGJWPD6YXT0RNZL49E3HSU875KFVMQ2,3,3,1,0.17,7.155418,0.919759,1.349142,NSCNSPMNMTSML,0.878788,0.121212,point_previews/task000057_mu000011_rho020_n1.png
0.3,11,8,license_plate_bahnschrift.ttf,CBAGJWPD6YXT0RNZL49E3HSU875KFVMQ2,3,3,0,0.255,8.763561,0.881116,1.10157,GUARCAYELRTSSESRBNSEPS,0.848485,0.151515,point_previews/task000057_mu000011_rho030_n0.png
0.3,11,8,license_plate_bahnschrift.ttf,CBAGJWPD6YXT0RNZL49E3HSU875KFVMQ2,3,3,1,0.255,8.763561,0.881116,1.10157,,1.0,0.0,point_previews/task000057_mu000011_rho030_n1.png
0.4,11,8,license_plate_bahnschrift.ttf,CBAGJWPD6YXT0RNZL49E3HSU875KFVMQ2,3,3,0,0.34,10.119289,0.843436,0.953987,CRAGHEEBYRTURNZEAERHSAGTSKES,0.636364,0.363636,point_previews/task000057_mu000011_rho040_n0.png
0.4,11,8,license_plate_bahnschrift.ttf,CBAGJWPD6YXT0RNZL49E3HSU875KFVMQ2,3,3,1,0.34,10.119289,0.843436,0.953987,SPAUUMSTURNSCURSSHPREVNRS,0.818182,0.181818,point_previews/task000057_mu000011_rho040_n1.png
0.5,11,8,license_plate_bahnschrift.ttf,CBAGJWPD6YXT0RNZL49E3HSU875KFVMQ2,3,3,0,0.425,11.313708,0.8067,0.853272,EBAGTCCRYEBRNZCRSESHSHSTSKEVGD,0.636364,0.363636,point_previews/task000057_mu000011_rho050_n0.png
0.5,11,8,license_plate_bahnschrift.ttf,CBAGJWPD6YXT0RNZL49E3HSU875KFVMQ2,3,3,1,0.425,11.313708,0.8067,0.853272,CERGMRDSEURNZLAME37SNSTSECS,0.69697,0.30303,point_previews/task000057_mu000011_rho050_n1.png
0.6,11,8,license_plate_bahnschrift.ttf,CBAGJWPD6YXT0RNZL49E3HSU875KFVMQ2,3,3,0,0.51,12.393547,0.770893,0.778927,ERAGTWADSREGRNZGSESUSUSPSEEUNGE,0.69697,0.30303,point_previews/task000057_mu000011_rho060_n0.png
0.6,11,8,license_plate_bahnschrift.ttf,CBAGJWPD6YXT0RNZL49E3HSU875KFVMQ2,3,3,1,0.51,12.393547,0.770893,0.778927,UBABPRSVRTERNALYSESHSESTHKEEMEZ,0.636364,0.363636,point_previews/task000057_mu000011_rho060_n1.png
0.7,11,8,license_plate_bahnschrift.ttf,CBAGJWPD6YXT0RNZL49E3HSU875KFVMQ2,3,3,0,0.595,13.38656,0.735998,0.721147,CRAGAUPERYXTGRNZAGE4SUSTEKEVHRRZ,0.575758,0.424242,point_previews/task000057_mu000011_rho070_n0.png
0.7,11,8,license_plate_bahnschrift.ttf,CBAGJWPD6YXT0RNZL49E3HSU875KFVMQ2,3,3,1,0.595,13.38656,0.735998,0.721147,,1.0,0.0,point_previews/task000057_mu000011_rho070_n1.png
0.8,11,8,license_plate_bahnschrift.ttf,CBAGJWPD6YXT0RNZL49E3HSU875KFVMQ2,3,3,0,0.68,14.310835,0.701998,0.674571,LBAGTAADAYNTDRHZEAESHSERTSKEVRS,0.606061,0.393939,point_previews/task000057_mu000011_rho080_n0.png
0.8,11,8,license_plate_bahnschrift.ttf,CBAGJWPD6YXT0RNZL49E3HSU875KFVMQ2,3,3,1,0.68,14.310835,0.701998,0.674571,SCBAGJWDUAYSTURNTLSSRAHSUSTSREMG2,0.545455,0.454545,point_previews/task000057_mu000011_rho080_n1.png
0.9,11,8,license_plate_bahnschrift.ttf,CBAGJWPD6YXT0RNZL49E3HSU875KFVMQ2,3,3,0,0.765,15.178933,0.668877,0.635992,CRAGSWPDEYAFRNZASESHSS9SHENNGZ,0.606061,0.393939,point_previews/task000057_mu000011_rho090_n0.png
0.9,11,8,license_plate_bahnschrift.ttf,CBAGJWPD6YXT0RNZL49E3HSU875KFVMQ2,3,3,1,0.765,15.178933,0.668877,0.635992,,1.0,0.0,point_previews/task000057_mu000011_rho090_n1.png
1.0,11,8,license_plate_bahnschrift.ttf,CBAGJWPD6YXT0RNZL49E3HSU875KFVMQ2,3,3,0,0.85,16.0,0.63662,0.603355,CBHGJNPGSYXPARNZEGRESHSUSTEKEYMG2,0.484848,0.515152,point_previews/task000057_mu000011_rho100_n0.png
1.0,11,8,license_plate_bahnschrift.ttf,CBAGJWPD6YXT0RNZL49E3HSU875KFVMQ2,3,3,1,0.85,16.0,0.63662,0.603355,,1.0,0.0,point_previews/task000057_mu000011_rho100_n1.png
0.1,16,8,license_plate_bahnschrift.ttf,CBAGJWPD6YXT0RNZL49E3HSU875KFVMQ2,3,3,0,0.085,5.059644,0.959381,1.907975,AERBSERSRM,0.848485,0.151515,point_previews/task000058_mu000016_rho010_n0.png
0.1,16,8,license_plate_bahnschrift.ttf,CBAGJWPD6YXT0RNZL49E3HSU875KFVMQ2,3,3,1,0.085,5.059644,0.959381,1.907975,,1.0,0.0,point_previews/task000058_mu000016_rho010_n1.png
0.2,16,8,license_plate_bahnschrift.ttf,CBAGJWPD6YXT0RNZL49E3HSU875KFVMQ2,3,3,0,0.17,7.155418,0.919759,1.349142,VHPC,0.969697,0.030303,point_previews/task000058_mu000016_rho020_n0.png
0.2,16,8,license_plate_bahnschrift.ttf,CBAGJWPD6YXT0RNZL49E3HSU875KFVMQ2,3,3,1,0.17,7.155418,0.919759,1.349142,SRALMYDETENZLGESD,0.757576,0.242424,point_previews/task000058_mu000016_rho020_n1.png
0.3,16,8,license_plate_bahnschrift.ttf,CBAGJWPD6YXT0RNZL49E3HSU875KFVMQ2,3,3,0,0.255,8.763561,0.881116,1.10157,CDEAVETAVATAARTDSSM2,0.848485,0.151515,point_previews/task000058_mu000016_rho030_n0.png
0.3,16,8,license_plate_bahnschrift.ttf,CBAGJWPD6YXT0RNZL49E3HSU875KFVMQ2,3,3,1,0.255,8.763561,0.881116,1.10157,WHAGRSURGYRTGRNTLASGNSUTSREYHAD,0.727273,0.272727,point_previews/task000058_mu000016_rho030_n1.png
0.4,16,8,license_plate_bahnschrift.ttf,CBAGJWPD6YXT0RNZL49E3HSU875KFVMQ2,3,3,0,0.34,10.119289,0.843436,0.953987,,1.0,0.0,point_previews/task000058_mu000016_rho040_n0.png
0.4,16,8,license_plate_bahnschrift.ttf,CBAGJWPD6YXT0RNZL49E3HSU875KFVMQ2,3,3,1,0.34,10.119289,0.843436,0.953987,CRAGTNDEBYSTAANELASESHSUSTSREVEGZ,0.636364,0.363636,point_previews/task000058_mu000016_rho040_n1.png
0.5,16,8,license_plate_bahnschrift.ttf,CBAGJWPD6YXT0RNZL49E3HSU875KFVMQ2,3,3,0,0.425,11.313708,0.8067,0.853272,,1.0,0.0,point_previews/task000058_mu000016_rho050_n0.png
0.5,16,8,license_plate_bahnschrift.ttf,CBAGJWPD6YXT0RNZL49E3HSU875KFVMQ2,3,3,1,0.425,11.313708,0.8067,0.853272,GBAGMPDSYXTCRNZLASESHSUBTSCENED,0.515152,0.484848,point_previews/task000058_mu000016_rho050_n1.png
0.6,16,8,license_plate_bahnschrift.ttf,CBAGJWPD6YXT0RNZL49E3HSU875KFVMQ2,3,3,0,0.51,12.393547,0.770893,0.778927,CBAGSWPLEYSTDBNZLAVESHSUSTSRESMG2,0.484848,0.515152,point_previews/task000058_mu000016_rho060_n0.png
0.6,16,8,license_plate_bahnschrift.ttf,CBAGJWPD6YXT0RNZL49E3HSU875KFVMQ2,3,3,1,0.51,12.393547,0.770893,0.778927,,1.0,0.0,point_previews/task000058_mu000016_rho060_n1.png
0.7,16,8,license_plate_bahnschrift.ttf,CBAGJWPD6YXT0RNZL49E3HSU875KFVMQ2,3,3,0,0.595,13.38656,0.735998,0.721147,CBAGJWPDEYRTURNELAPESHSESTSKAYMG2,0.424242,0.575758,point_previews/task000058_mu000016_rho070_n0.png
0.7,16,8,license_plate_bahnschrift.ttf,CBAGJWPD6YXT0RNZL49E3HSU875KFVMQ2,3,3,1,0.595,13.38656,0.735998,0.721147,,1.0,0.0,point_previews/task000058_mu000016_rho070_n1.png
0.8,16,8,license_plate_bahnschrift.ttf,CBAGJWPD6YXT0RNZL49E3HSU875KFVMQ2,3,3,0,0.68,14.310835,0.701998,0.674571,,1.0,0.0,point_previews/task000058_mu000016_rho080_n0.png
0.8,16,8,license_plate_bahnschrift.ttf,CBAGJWPD6YXT0RNZL49E3HSU875KFVMQ2,3,3,1,0.68,14.310835,0.701998,0.674571,CBAGJWPBSYXTRNZL49SSHSUBTSKEVMG2,0.30303,0.69697,point_previews/task000058_mu000016_rho080_n1.png
0.9,16,8,license_plate_bahnschrift.ttf,CBAGJWPD6YXT0RNZL49E3HSU875KFVMQ2,3,3,0,0.765,15.178933,0.668877,0.635992,CRAGSVEDEYXTGRNZLUASESHSUBTSKEVNG2,0.484848,0.515152,point_previews/task000058_mu000016_rho090_n0.png
0.9,16,8,license_plate_bahnschrift.ttf,CBAGJWPD6YXT0RNZL49E3HSU875KFVMQ2,3,3,1,0.765,15.178933,0.668877,0.635992,,1.0,0.0,point_previews/task000058_mu000016_rho090_n1.png
1.0,16,8,license_plate_bahnschrift.ttf,CBAGJWPD6YXT0RNZL49E3HSU875KFVMQ2,3,3,0,0.85,16.0,0.63662,0.603355,CRAGJWPUSEXTCRNELA9ESHSUBJEKFVNGZ,0.424242,0.575758,point_previews/task000058_mu000016_rho100_n0.png
1.0,16,8,license_plate_bahnschrift.ttf,CBAGJWPD6YXT0RNZL49E3HSU875KFVMQ2,3,3,1,0.85,16.0,0.63662,0.603355,,1.0,0.0,point_previews/task000058_mu000016_rho100_n1.png
0.1,23,8,license_plate_bahnschrift.ttf,CBAGJWPD6YXT0RNZL49E3HSU875KFVMQ2,3,3,0,0.085,5.059644,0.959381,1.907975,SERLTPRLPRMTESPNERE,0.878788,0.121212,point_previews/task000059_mu000023_rho010_n0.png
0.1,23,8,license_plate_bahnschrift.ttf,CBAGJWPD6YXT0RNZL49E3HSU875KFVMQ2,3,3,1,0.085,5.059644,0.959381,1.907975,BBPAEERNNPEESMSSMEAST,0.818182,0.181818,point_previews/task000059_mu000023_rho010_n1.png
0.2,23,8,license_plate_bahnschrift.ttf,CBAGJWPD6YXT0RNZL49E3HSU875KFVMQ2,3,3,0,0.17,7.155418,0.919759,1.349142,CBABAWREAYSTUSNPETSSYSRSRE,0.727273,0.272727,point_previews/task000059_mu000023_rho020_n0.png
0.2,23,8,license_plate_bahnschrift.ttf,CBAGJWPD6YXT0RNZL49E3HSU875KFVMQ2,3,3,1,0.17,7.155418,0.919759,1.349142,SHASTELARRFERMAGPESHSHSTSKEUMGD,0.787879,0.212121,point_previews/task000059_mu000023_rho020_n1.png
0.3,23,8,license_plate_bahnschrift.ttf,CBAGJWPD6YXT0RNZL49E3HSU875KFVMQ2,3,3,0,0.255,8.763561,0.881116,1.10157,CEAGTWERSYATGRNELASESHSURTSKEYMR2,0.515152,0.484848,point_previews/task000059_mu000023_rho030_n0.png
0.3,23,8,license_plate_bahnschrift.ttf,CBAGJWPD6YXT0RNZL49E3HSU875KFVMQ2,3,3,1,0.255,8.763561,0.881116,1.10157,SESRSYPRRYXTERNZLASESHSURTSREVARGE,0.636364,0.363636,point_previews/task000059_mu000023_rho030_n1.png
0.4,23,8,license_plate_bahnschrift.ttf,CBAGJWPD6YXT0RNZL49E3HSU875KFVMQ2,3,3,0,0.34,10.119289,0.843436,0.953987,BBAGSWEDAYRTGRNZEASSSHSURTSKEUNG2,0.545455,0.454545,point_previews/task000059_mu000023_rho040_n0.png
0.4,23,8,license_plate_bahnschrift.ttf,CBAGJWPD6YXT0RNZL49E3HSU875KFVMQ2,3,3,1,0.34,10.119289,0.843436,0.953987,CBAQWEDGYRTGENDLG9BSHBUBTSKEVMG2,0.515152,0.484848,point_previews/task000059_mu000023_rho040_n1.png
0.5,23,8,license_plate_bahnschrift.ttf,CBAGJWPD6YXT0RNZL49E3HSU875KFVMQ2,3,3,0,0.425,11.313708,0.8067,0.853272,,1.0,0.0,point_previews/task000059_mu000023_rho050_n0.png
0.5,23,8,license_plate_bahnschrift.ttf,CBAGJWPD6YXT0RNZL49E3HSU875KFVMQ2,3,3,1,0.425,11.313708,0.8067,0.853272,,1.0,0.0,point_previews/task000059_mu000023_rho050_n1.png
0.6,23,8,license_plate_bahnschrift.ttf,CBAGJWPD6YXT0RNZL49E3HSU875KFVMQ2,3,3,0,0.51,12.393547,0.770893,0.778927,CBAGJWEDSYXTRNZLM9ESHSUBTSKEVMG2,0.30303,0.69697,point_previews/task000059_mu000023_rho060_n0.png
0.6,23,8,license_plate_bahnschrift.ttf,CBAGJWPD6YXT0RNZL49E3HSU875KFVMQ2,3,3,1,0.51,12.393547,0.770893,0.778927,,1.0,0.0,point_previews/task000059_mu000023_rho060_n1.png
0.7,23,8,license_plate_bahnschrift.ttf,CBAGJWPD6YXT0RNZL49E3HSU875KFVMQ2,3,3,0,0.595,13.38656,0.735998,0.721147,CBAGJWPBAYXTARNZEGPESHSUBTSKFYMG2,0.363636,0.636364,point_previews/task000059_mu000023_rho070_n0.png
0.7,23,8,license_plate_bahnschrift.ttf,CBAGJWPD6YXT0RNZL49E3HSU875KFVMQ2,3,3,1,0.595,13.38656,0.735998,0.721147,EBAG2WPDEYXTCRNZLASESHSUBTSKEVMG2,0.363636,0.636364,point_previews/task000059_mu000023_rho070_n1.png
0.8,23,8,license_plate_bahnschrift.ttf,CBAGJWPD6YXT0RNZL49E3HSU875KFVMQ2,3,3,0,0.68,14.310835,0.701998,0.674571,CBAGFWEDEYXTURNZLAPESHSUBTSKEVMRZ,0.393939,0.606061,point_previews/task000059_mu000023_rho080_n0.png
0.8,23,8,license_plate_bahnschrift.ttf,CBAGJWPD6YXT0RNZL49E3HSU875KFVMQ2,3,3,1,0.68,14.310835,0.701998,0.674571,,1.0,0.0,point_previews/task000059_mu000023_rho080_n1.png
0.9,23,8,license_plate_bahnschrift.ttf,CBAGJWPD6YXT0RNZL49E3HSU875KFVMQ2,3,3,0,0.765,15.178933,0.668877,0.635992,CBAGJWPDEYXTGRNZLAPESHSUSTSKEVMG2,0.30303,0.69697,point_previews/task000059_mu000023_rho090_n0.png
0.9,23,8,license_plate_bahnschrift.ttf,CBAGJWPD6YXT0RNZL49E3HSU875KFVMQ2,3,3,1,0.765,15.178933,0.668877,0.635992,,1.0,0.0,point_previews/task000059_mu000023_rho090_n1.png
1.0,23,8,license_plate_bahnschrift.ttf,CBAGJWPD6YXT0RNZL49E3HSU875KFVMQ2,3,3,0,0.85,16.0,0.63662,0.603355,,1.0,0.0,point_previews/task000059_mu000023_rho100_n0.png
1.0,23,8,license_plate_bahnschrift.ttf,CBAGJWPD6YXT0RNZL49E3HSU875KFVMQ2,3,3,1,0.85,16.0,0.63662,0.603355,CBAGJWPD4YXTURNZLGSESHSUB7SKEVMG2,0.272727,0.727273,point_previews/task000059_mu000023_rho100_n1.png
0.1,32,8,license_plate_bahnschrift.ttf,CBAGJWPD6YXT0RNZL49E3HSU875KFVMQ2,3,3,0,0.085,5.059644,0.959381,1.907975,PRLSFCNAYRTA72FSESSG,0.878788,0.121212,point_previews/task000060_mu000032_rho010_n0.png
0.1,32,8,license_plate_bahnschrift.ttf,CBAGJWPD6YXT0RNZL49E3HSU875KFVMQ2,3,3,1,0.085,5.059644,0.959381,1.907975,,1.0,0.0,point_previews/task000060_mu000032_rho010_n1.png
0.2,32,8,license_plate_bahnschrift.ttf,CBAGJWPD6YXT0RNZL49E3HSU875KFVMQ2,3,3,0,0.17,7.155418,0.919759,1.349142,CRAGTWPDGTXTRNZEAPESHSUBTSHEENG2,0.515152,0.484848,point_previews/task000060_mu000032_rho020_n0.png
0.2,32,8,license_plate_bahnschrift.ttf,CBAGJWPD6YXT0RNZL49E3HSU875KFVMQ2,3,3,1,0.17,7.155418,0.919759,1.349142,EBAGHYAGAYNTURACEGSESHSHSTSREYNGS,0.727273,0.272727,point_previews/task000060_mu000032_rho020_n1.png
0.3,32,8,license_plate_bahnschrift.ttf,CBAGJWPD6YXT0RNZL49E3HSU875KFVMQ2,3,3,0,0.255,8.763561,0.881116,1.10157,CBASJWPDEYXTBRNZL49ESHSUBTSKERYMGS,0.363636,0.636364,point_previews/task000060_mu000032_rho030_n0.png
0.3,32,8,license_plate_bahnschrift.ttf,CBAGJWPD6YXT0RNZL49E3HSU875KFVMQ2,3,3,1,0.255,8.763561,0.881116,1.10157,,1.0,0.0,point_previews/task000060_mu000032_rho030_n1.png
0.4,32,8,license_plate_bahnschrift.ttf,CBAGJWPD6YXT0RNZL49E3HSU875KFVMQ2,3,3,0,0.34,10.119289,0.843436,0.953987,,1.0,0.0,point_previews/task000060_mu000032_rho040_n0.png
0.4,32,8,license_plate_bahnschrift.ttf,CBAGJWPD6YXT0RNZL49E3HSU875KFVMQ2,3,3,1,0.34,10.119289,0.843436,0.953987,CBAGWPDAYXTERNZLA9SHSUSTSKEVMG2,0.333333,0.666667,point_previews/task000060_mu000032_rho040_n1.png
0.5,32,8,license_plate_bahnschrift.ttf,CBAGJWPD6YXT0RNZL49E3HSU875KFVMQ2,3,3,0,0.425,11.313708,0.8067,0.853272,CBAGJWPDSYXTRNZEASESHSUBTSKFYNG2,0.363636,0.636364,point_previews/task000060_mu000032_rho050_n0.png
0.5,32,8,license_plate_bahnschrift.ttf,CBAGJWPD6YXT0RNZL49E3HSU875KFVMQ2,3,3,1,0.425,11.313708,0.8067,0.853272,CBAGJWPDGYXTCRNZE49ESHSUBTSKEVRG2,0.30303,0.69697,point_previews/task000060_mu000032_rho050_n1.png
0.6,32,8,license_plate_bahnschrift.ttf,CBAGJWPD6YXT0RNZL49E3HSU875KFVMQ2,3,3,0,0.51,12.393547,0.770893,0.778927,,1.0,0.0,point_previews/task000060_mu000032_rho060_n0.png
0.6,32,8,license_plate_bahnschrift.ttf,CBAGJWPD6YXT0RNZL49E3HSU875KFVMQ2,3,3,1,0.51,12.393547,0.770893,0.778927,,1.0,0.0,point_previews/task000060_mu000032_rho060_n1.png
0.7,32,8,license_plate_bahnschrift.ttf,CBAGJWPD6YXT0RNZL49E3HSU875KFVMQ2,3,3,0,0.595,13.38656,0.735998,0.721147,CBAGJWPDAYXTRNZLASESHSUBTSKEVMGQ2,0.30303,0.69697,point_previews/task000060_mu000032_rho070_n0.png
0.7,32,8,license_plate_bahnschrift.ttf,CBAGJWPD6YXT0RNZL49E3HSU875KFVMQ2,3,3,1,0.595,13.38656,0.735998,0.721147,CBAGJWPRGYXTGRNZLGPESHSUBTSKFYMG2,0.333333,0.666667,point_previews/task000060_mu000032_rho070_n1.png
0.8,32,8,license_plate_bahnschrift.ttf,CBAGJWPD6YXT0RNZL49E3HSU875KFVMQ2,3,3,0,0.68,14.310835,0.701998,0.674571,CBAGDWPDSYXTCRN2ASESHSUB75KFEVMG2,0.333333,0.666667,point_previews/task000060_mu000032_rho080_n0.png
0.8,32,8,license_plate_bahnschrift.ttf,CBAGJWPD6YXT0RNZL49E3HSU875KFVMQ2,3,3,1,0.68,14.310835,0.701998,0.674571,CBAGJWPDSYXTCRNZLGSESHSUSTSKPVMG2,0.30303,0.69697,point_previews/task000060_mu000032_rho080_n1.png
0.9,32,8,license_plate_bahnschrift.ttf,CBAGJWPD6YXT0RNZL49E3HSU875KFVMQ2,3,3,0,0.765,15.178933,0.668877,0.635992,CBAGJWPDSYXTGRNZLASESHSUB7TSKFVMG2,0.272727,0.727273,point_previews/task000060_mu000032_rho090_n0.png
0.9,32,8,license_plate_bahnschrift.ttf,CBAGJWPD6YXT0RNZL49E3HSU875KFVMQ2,3,3,1,0.765,15.178933,0.668877,0.635992,CBAGJWPDSYXTRNZLASESHSUBTSKEYMG2,0.333333,0.666667,point_previews/task000060_mu000032_rho090_n1.png
1.0,32,8,license_plate_bahnschrift.ttf,CBAGJWPD6YXT0RNZL49E3HSU875KFVMQ2,3,3,0,0.85,16.0,0.63662,0.603355,CBAGSWPD6YXTGRNZL4VESHSUS7SKFVMG2,0.212121,0.787879,point_previews/task000060_mu000032_rho100_n0.png
1.0,32,8,license_plate_bahnschrift.ttf,CBAGJWPD6YXT0RNZL49E3HSU875KFVMQ2,3,3,1,0.85,16.0,0.63662,0.603355,,1.0,0.0,point_previews/task000060_mu000032_rho100_n1.png
0.1,45,8,license_plate_bahnschrift.ttf,CBAGJWPD6YXT0RNZL49E3HSU875KFVMQ2,3,3,0,0.085,5.059644,0.959381,1.907975,SCPABWPRAVETURNALUTES4RRSCEMASS,0.727273,0.272727,point_previews/task000061_mu000045_rho010_n0.png
0.1,45,8,license_plate_bahnschrift.ttf,CBAGJWPD6YXT0RNZL49E3HSU875KFVMQ2,3,3,1,0.085,5.059644,0.959381,1.907975,LRSSTNCRTARNSLARSTNSURSEEYMX,0.787879,0.212121,point_previews/task000061_mu000045_rho010_n1.png
0.2,45,8,license_plate_bahnschrift.ttf,CBAGJWPD6YXT0RNZL49E3HSU875KFVMQ2,3,3,0,0.17,7.155418,0.919759,1.349142,CBAGSWEDEYUKTGRNZHSESHSUB7SKEVMGZ,0.454545,0.545455,point_previews/task000061_mu000045_rho020_n0.png
0.2,45,8,license_plate_bahnschrift.ttf,CBAGJWPD6YXT0RNZL49E3HSU875KFVMQ2,3,3,1,0.17,7.155418,0.919759,1.349142,,1.0,0.0,point_previews/task000061_mu000045_rho020_n1.png
0.3,45,8,license_plate_bahnschrift.ttf,CBAGJWPD6YXT0RNZL49E3HSU875KFVMQ2,3,3,0,0.255,8.763561,0.881116,1.10157,CBAGWPDAYXTQRNZ49E3HSUBSTSKFYNG2,0.333333,0.666667,point_previews/task000061_mu000045_rho030_n0.png
0.3,45,8,license_plate_bahnschrift.ttf,CBAGJWPD6YXT0RNZL49E3HSU875KFVMQ2,3,3,1,0.255,8.763561,0.881116,1.10157,,1.0,0.0,point_previews/task000061_mu000045_rho030_n1.png
0.4,45,8,license_plate_bahnschrift.ttf,CBAGJWPD6YXT0RNZL49E3HSU875KFVMQ2,3,3,0,0.34,10.119289,0.843436,0.953987,CBAGJWRDSYXTGRNZL49ESHSUB7SKEYMG2,0.272727,0.727273,point_previews/task000061_mu000045_rho040_n0.png
0.4,45,8,license_plate_bahnschrift.ttf,CBAGJWPD6YXT0RNZL49E3HSU875KFVMQ2,3,3,1,0.34,10.119289,0.843436,0.953987,,1.0,0.0,point_previews/task000061_mu000045_rho040_n1.png
0.5,45,8,license_plate_bahnschrift.ttf,CBAGJWPD6YXT0RNZL49E3HSU875KFVMQ2,3,3,0,0.425,11.313708,0.8067,0.853272,CBAGJWPDGYXTGRNZLLSESHSUSPSKFYMG2,0.30303,0.69697,point_previews/task000061_mu000045_rho050_n0.png
0.5,45,8,license_plate_bahnschrift.ttf,CBAGJWPD6YXT0RNZL49E3HSU875KFVMQ2,3,3,1,0.425,11.313708,0.8067,0.853272,CBAGJWEDEYXTERNZLASESHSUBTSKFVMG2,0.30303,0.69697,point_previews/task000061_mu000045_rho050_n1.png
0.6,45,8,license_plate_bahnschrift.ttf,CBAGJWPD6YXT0RNZL49E3HSU875KFVMQ2,3,3,0,0.51,12.393547,0.770893,0.778927,CBAGJWPDSYXTURNZL49E3HSUBTSKFVMG2,0.181818,0.818182,point_previews/task000061_mu000045_rho060_n0.png
0.6,45,8,license_plate_bahnschrift.ttf,CBAGJWPD6YXT0RNZL49E3HSU875KFVMQ2,3,3,1,0.51,12.393547,0.770893,0.778927,CBAGJWPD6YXTURNZLEG9ESHSUB7SKEVMQ2,0.212121,0.787879,point_previews/task000061_mu000045_rho060_n1.png
0.7,45,8,license_plate_bahnschrift.ttf,CBAGJWPD6YXT0RNZL49E3HSU875KFVMQ2,3,3,0,0.595,13.38656,0.735998,0.721147,CBAGJWPD6YXTURNZLG9ESHSUBTSKFYMG2,0.242424,0.757576,point_previews/task000061_mu000045_rho070_n0.png
0.7,45,8,license_plate_bahnschrift.ttf,CBAGJWPD6YXT0RNZL49E3HSU875KFVMQ2,3,3,1,0.595,13.38656,0.735998,0.721147,CBAGJWPD4YXTCRNZL49ESHSUB7SKFYMG2,0.212121,0.787879,point_previews/task000061_mu000045_rho070_n1.png
0.8,45,8,license_plate_bahnschrift.ttf,CBAGJWPD6YXT0RNZL49E3HSU875KFVMQ2,3,3,0,0.68,14.310835,0.701998,0.674571,CBAGJWPDSYXTRNZLASE3HSUBTSKFVMG2,0.242424,0.757576,point_previews/task000061_mu000045_rho080_n0.png
0.8,45,8,license_plate_bahnschrift.ttf,CBAGJWPD6YXT0RNZL49E3HSU875KFVMQ2,3,3,1,0.68,14.310835,0.701998,0.674571,CBAGJWPD4YXTRNZLAVESHSUSTSKEVMQ2,0.272727,0.727273,point_previews/task000061_mu000045_rho080_n1.png
0.9,45,8,license_plate_bahnschrift.ttf,CBAGJWPD6YXT0RNZL49E3HSU875KFVMQ2,3,3,0,0.765,15.178933,0.668877,0.635992,CBAGJWPD6YXTRNZL49E3HSUSTSKFYMQ2,0.151515,0.848485,point_previews/task000061_mu000045_rho090_n0.png
0.9,45,8,license_plate_bahnschrift.ttf,CBAGJWPD6YXT0RNZL49E3HSU875KFVMQ2,3,3,1,0.765,15.178933,0.668877,0.635992,CBAGJWPD6YXT0RNZL49E3HSUSTSKFVMQ2,0.090909,0.909091,point_previews/task000061_mu000045_rho090_n1.png
1.0,45,8,license_plate_bahnschrift.ttf,CBAGJWPD6YXT0RNZL49E3HSU875KFVMQ2,3,3,0,0.85,16.0,0.63662,0.603355,CBAGJWPDSYXTERNZL49E3HSUBTSKFVMG2,0.181818,0.818182,point_previews/task000061_mu000045_rho100_n0.png
1.0,45,8,license_plate_bahnschrift.ttf,CBAGJWPD6YXT0RNZL49E3HSU875KFVMQ2,3,3,1,0.85,16.0,0.63662,0.603355,CBAGJWPD6YXTGRNZLG9ESHSUBTSKEVMG2,0.242424,0.757576,point_previews/task000061_mu000045_rho100_n1.png
0.1,64,8,license_plate_bahnschrift.ttf,CBAGJWPD6YXT0RNZL49E3HSU875KFVMQ2,3,3,0,0.085,5.059644,0.959381,1.907975,TCBARAVPDGTYTGRNEEASESHSUSTSREUMDS,0.636364,0.363636,point_previews/task000062_mu000064_rho010_n0.png
0.1,64,8,license_plate_bahnschrift.ttf,CBAGJWPD6YXT0RNZL49E3HSU875KFVMQ2,3,3,1,0.085,5.059644,0.959381,1.907975,CBASDYEDEYXTURNELSESHSUSTSKEYM2,0.484848,0.515152,point_previews/task000062_mu000064_rho010_n1.png
0.2,64,8,license_plate_bahnschrift.ttf,CBAGJWPD6YXT0RNZL49E3HSU875KFVMQ2,3,3,0,0.17,7.155418,0.919759,1.349142,CBAGSWPDAYXTERNZLAGESHSUBTSKEYNG2,0.393939,0.606061,point_previews/task000062_mu000064_rho020_n0.png
0.2,64,8,license_plate_bahnschrift.ttf,CBAGJWPD6YXT0RNZL49E3HSU875KFVMQ2,3,3,1,0.17,7.155418,0.919759,1.349142,CBAGSWPDSYXTRNZLQQESHSUBTEREYMG2,0.393939,0.606061,point_previews/task000062_mu000064_rho020_n1.png
0.3,64,8,license_plate_bahnschrift.ttf,CBAGJWPD6YXT0RNZL49E3HSU875KFVMQ2,3,3,0,0.255,8.763561,0.881116,1.10157,,1.0,0.0,point_previews/task000062_mu000064_rho030_n0.png
0.3,64,8,license_plate_bahnschrift.ttf,CBAGJWPD6YXT0RNZL49E3HSU875KFVMQ2,3,3,1,0.255,8.763561,0.881116,1.10157,CBAGJWPDEYXTBRNZLA9E3HSUBTSKEVMG2,0.242424,0.757576,point_previews/task000062_mu000064_rho030_n1.png
0.4,64,8,license_plate_bahnschrift.ttf,CBAGJWPD6YXT0RNZL49E3HSU875KFVMQ2,3,3,0,0.34,10.119289,0.843436,0.953987,CBAGJWPDSYXTERNZLASESHSUBTSKFVNQZ,0.30303,0.69697,point_previews/task000062_mu000064_rho040_n0.png
0.4,64,8,license_plate_bahnschrift.ttf,CBAGJWPD6YXT0RNZL49E3HSU875KFVMQ2,3,3,1,0.34,10.119289,0.843436,0.953987,CBAGJWPDSYXTRNZL49ESHSUBTSKEYMG2,0.272727,0.727273,point_previews/task000062_mu000064_rho040_n1.png
0.5,64,8,license_plate_bahnschrift.ttf,CBAGJWPD6YXT0RNZL49E3HSU875KFVMQ2,3,3,0,0.425,11.313708,0.8067,0.853272,CBAGJWPD6YXT0RNZLL9ESHSUBTSKEVMQ2,0.181818,0.818182,point_previews/task000062_mu000064_rho050_n0.png
0.5,64,8,license_plate_bahnschrift.ttf,CBAGJWPD6YXT0RNZL49E3HSU875KFVMQ2,3,3,1,0.425,11.313708,0.8067,0.853272,CBAGJWPDGYXTRNZL49E3HSUB875KFYMG2,0.151515,0.848485,point_previews/task000062_mu000064_rho050_n1.png
0.6,64,8,license_plate_bahnschrift.ttf,CBAGJWPD6YXT0RNZL49E3HSU875KFVMQ2,3,3,0,0.51,12.393547,0.770893,0.778927,CBAGJWPDSYXTURNZLAESHSUBTSKFVMG2,0.272727,0.727273,point_previews/task000062_mu000064_rho060_n0.png
0.6,64,8,license_plate_bahnschrift.ttf,CBAGJWPD6YXT0RNZL49E3HSU875KFVMQ2,3,3,1,0.51,12.393547,0.770893,0.778927,CBAGJWPD6YXTCRNZL49ESHSUSTSKFVNG2,0.212121,0.787879,point_previews/task000062_mu000064_rho060_n1.png
0.7,64,8,license_plate_bahnschrift.ttf,CBAGJWPD6YXT0RNZL49E3HSU875KFVMQ2,3,3,0,0.595,13.38656,0.735998,0.721147,CBAGJWPDSYXTARNZLG9ESHSUSTSKEYMG2,0.30303,0.69697,point_previews/task000062_mu000064_rho070_n0.png
0.7,64,8,license_plate_bahnschrift.ttf,CBAGJWPD6YXT0RNZL49E3HSU875KFVMQ2,3,3,1,0.595,13.38656,0.735998,0.721147,CBAGSWPDSYXTRNZLA9E3HSUB7SKEYMG2,0.272727,0.727273,point_previews/task000062_mu000064_rho070_n1.png
0.8,64,8,license_plate_bahnschrift.ttf,CBAGJWPD6YXT0RNZL49E3HSU875KFVMQ2,3,3,0,0.68,14.310835,0.701998,0.674571,CBAGJWPDSYXTURNZLA9ESHSUB7SKFYMG2,0.242424,0.757576,point_previews/task000062_mu000064_rho080_n0.png
0.8,64,8,license_plate_bahnschrift.ttf,CBAGJWPD6YXT0RNZL49E3HSU875KFVMQ2,3,3,1,0.68,14.310835,0.701998,0.674571,CBAGJWPDS6YXTRNZL49E3HSUSTSKFYMG2,0.212121,0.787879,point_previews/task000062_mu000064_rho080_n1.png
0.9,64,8,license_plate_bahnschrift.ttf,CBAGJWPD6YXT0RNZL49E3HSU875KFVMQ2,3,3,0,0.765,15.178933,0.668877,0.635992,CBAGJWPD6YXTGRNZL4SESHSUBTSKFEVMG2,0.242424,0.757576,point_previews/task000062_mu000064_rho090_n0.png
0.9,64,8,license_plate_bahnschrift.ttf,CBAGJWPD6YXT0RNZL49E3HSU875KFVMQ2,3,3,1,0.765,15.178933,0.668877,0.635992,CBAGJWPD6YXTRNZL49E3HSUBTSKEVMQ2,0.151515,0.848485,point_previews/task000062_mu000064_rho090_n1.png
1.0,64,8,license_plate_bahnschrift.ttf,CBAGJWPD6YXT0RNZL49E3HSU875KFVMQ2,3,3,0,0.85,16.0,0.63662,0.603355,CBAGJWPD6YXTRNZL49ESHSUBTSKFYMG2,0.212121,0.787879,point_previews/task000062_mu000064_rho100_n0.png
1.0,64,8,license_plate_bahnschrift.ttf,CBAGJWPD6YXT0RNZL49E3HSU875KFVMQ2,3,3,1,0.85,16.0,0.63662,0.603355,CBAGJWPD6YXTURNZL49E3HSUBPSKFYMG2,0.181818,0.818182,point_previews/task000062_mu000064_rho100_n1.png
0.1,4,8,license_plate_bahnschrift.ttf,CBAGJWPD6YXT0RNZL49E3HSU875KFVMQ2,3,7,0,0.085,5.059644,0.959381,1.907975,,1.0,0.0,point_previews/task000063_mu000004_rho010_n0.png
0.1,4,8,license_plate_bahnschrift.ttf,CBAGJWPD6YXT0RNZL49E3HSU875KFVMQ2,3,7,1,0.085,5.059644,0.959381,1.907975,,1.0,0.0,point_previews/task000063_mu000004_rho010_n1.png
0.2,4,8,license_plate_bahnschrift.ttf,CBAGJWPD6YXT0RNZL49E3HSU875KFVMQ2,3,7,0,0.17,7.155418,0.919759,1.349142,,1.0,0.0,point_previews/task000063_mu000004_rho020_n0.png
0.2,4,8,license_plate_bahnschrift.ttf,CBAGJWPD6YXT0RNZL49E3HSU875KFVMQ2,3,7,1,0.17,7.155418,0.919759,1.349142,,1.0,0.0,point_previews/task000063_mu000004_rho020_n1.png
0.3,4,8,license_plate_bahnschrift.ttf,CBAGJWPD6YXT0RNZL49E3HSU875KFVMQ2,3,7,0,0.255,8.763561,0.881116,1.10157,,1.0,0.0,point_previews/task000063_mu000004_rho030_n0.png
0.3,4,8,license_plate_bahnschrift.ttf,CBAGJWPD6YXT0RNZL49E3HSU875KFVMQ2,3,7,1,0.255,8.763561,0.881116,1.10157,ERSCW,0.939394,0.060606,point_previews/task000063_mu000004_rho030_n1.png
0.4,4,8,license_plate_bahnschrift.ttf,CBAGJWPD6YXT0RNZL49E3HSU875KFVMQ2,3,7,0,0.34,10.119289,0.843436,0.953987,,1.0,0.0,point_previews/task000063_mu000004_rho040_n0.png
0.4,4,8,license_plate_bahnschrift.ttf,CBAGJWPD6YXT0RNZL49E3HSU875KFVMQ2,3,7,1,0.34,10.119289,0.843436,0.953987,,1.0,0.0,point_previews/task000063_mu000004_rho040_n1.png
0.5,4,8,license_plate_bahnschrift.ttf,CBAGJWPD6YXT0RNZL49E3HSU875KFVMQ2,3,7,0,0.425,11.313708,0.8067,0.853272,RERMRSVVRLRCEP,0.909091,0.090909,point_previews/task000063_mu000004_rho050_n0.png
0.5,4,8,license_plate_bahnschrift.ttf,CBAGJWPD6YXT0RNZL49E3HSU875KFVMQ2,3,7,1,0.425,11.313708,0.8067,0.853272,BLNERRSFNRENSHRLTSDAT,0.878788,0.121212,point_previews/task000063_mu000004_rho050_n1.png
0.6,4,8,license_plate_bahnschrift.ttf,CBAGJWPD6YXT0RNZL49E3HSU875KFVMQ2,3,7,0,0.51,12.393547,0.770893,0.778927,PSA,0.939394,0.060606,point_previews/task000063_mu000004_rho060_n0.png
0.6,4,8,license_plate_bahnschrift.ttf,CBAGJWPD6YXT0RNZL49E3HSU875KFVMQ2,3,7,1,0.51,12.393547,0.770893,0.778927,6SRSBSCRCARSRACENC,0.909091,0.090909,point_previews/task000063_mu000004_rho060_n1.png
0.7,4,8,license_plate_bahnschrift.ttf,CBAGJWPD6YXT0RNZL49E3HSU875KFVMQ2,3,7,0,0.595,13.38656,0.735998,0.721147,EMETEBATKTNBURTRCHESTS,0.909091,0.090909,point_previews/task000063_mu000004_rho070_n0.png
0.7,4,8,license_plate_bahnschrift.ttf,CBAGJWPD6YXT0RNZL49E3HSU875KFVMQ2,3,7,1,0.595,13.38656,0.735998,0.721147,CSCSMGEEDTWEEEF,0.878788,0.121212,point_previews/task000063_mu000004_rho070_n1.png
0.8,4,8,license_plate_bahnschrift.ttf,CBAGJWPD6YXT0RNZL49E3HSU875KFVMQ2,3,7,0,0.68,14.310835,0.701998,0.674571,ENSAUSDTWNEEAUESGH2,0.818182,0.181818,point_previews/task000063_mu000004_rho080_n0.png
0.8,4,8,license_plate_bahnschrift.ttf,CBAGJWPD6YXT0RNZL49E3HSU875KFVMQ2,3,7,1,0.68,14.310835,0.701998,0.674571,LGTSMNNGRELETASLRARABERTD,0.848485,0.151515,point_previews/task000063_mu000004_rho080_n1.png
0.9,4,8,license_plate_bahnschrift.ttf,CBAGJWPD6YXT0RNZL49E3HSU875KFVMQ2,3,7,0,0.765,15.178933,0.668877,0.635992,SEHUESCARSSERNDBSSES,0.878788,0.121212,point_previews/task000063_mu000004_rho090_n0.png
0.9,4,8,license_plate_bahnschrift.ttf,CBAGJWPD6YXT0RNZL49E3HSU875KFVMQ2,3,7,1,0.765,15.178933,0.668877,0.635992,EUEAEFPESASHETSSCES,0.909091,0.090909,point_previews/task000063_mu000004_rho090_n1.png
1.0,4,8,license_plate_bahnschrift.ttf,CBAGJWPD6YXT0RNZL49E3HSU875KFVMQ2,3,7,0,0.85,16.0,0.63662,0.603355,,1.0,0.0,point_previews/task000063_mu000004_rho100_n0.png
1.0,4,8,license_plate_bahnschrift.ttf,CBAGJWPD6YXT0RNZL49E3HSU875KFVMQ2,3,7,1,0.85,16.0,0.63662,0.603355,NEARGGSERCRRSPHRETTBLESNBF,0.878788,0.121212,point_previews/task000063_mu000004_rho100_n1.png
0.1,6,8,license_plate_bahnschrift.ttf,CBAGJWPD6YXT0RNZL49E3HSU875KFVMQ2,3,7,0,0.085,5.059644,0.959381,1.907975,PFRSFGALED,0.909091,0.090909,point_previews/task000064_mu000006_rho010_n0.png
0.1,6,8,license_plate_bahnschrift.ttf,CBAGJWPD6YXT0RNZL49E3HSU875KFVMQ2,3,7,1,0.085,5.059644,0.959381,1.907975,RERAPSESPUEPRNNGUSNSB,0.909091,0.090909,point_previews/task000064_mu000006_rho010_n1.png
0.2,6,8,license_plate_bahnschrift.ttf,CBAGJWPD6YXT0RNZL49E3HSU875KFVMQ2,3,7,0,0.17,7.155418,0.919759,1.349142,ERRATA,0.969697,0.030303,point_previews/task000064_mu000006_rho020_n0.png
0.2,6,8,license_plate_bahnschrift.ttf,CBAGJWPD6YXT0RNZL49E3HSU875KFVMQ2,3,7,1,0.17,7.155418,0.919759,1.349142,PRERRETNTSUAESYR,0.878788,0.121212,point_previews/task000064_mu000006_rho020_n1.png
0.3,6,8,license_plate_bahnschrift.ttf,CBAGJWPD6YXT0RNZL49E3HSU875KFVMQ2,3,7,0,0.255,8.763561,0.881116,1.10157,SRRSEESHRRARSVS,0.878788,0.121212,point_previews/task000064_mu000006_rho030_n0.png
0.3,6,8,license_plate_bahnschrift.ttf,CBAGJWPD6YXT0RNZL49E3HSU875KFVMQ2,3,7,1,0.255,8.763561,0.881116,1.10157,AUETRMPNERETRSNT,0.848485,0.151515,point_previews/task000064_mu000006_rho030_n1.png
0.4,6,8,license_plate_bahnschrift.ttf,CBAGJWPD6YXT0RNZL49E3HSU875KFVMQ2,3,7,0,0.34,10.119289,0.843436,0.953987,,1.0,0.0,point_previews/task000064_mu000006_rho040_n0.png
0.4,6,8,license_plate_bahnschrift.ttf,CBAGJWPD6YXT0RNZL49E3HSU875KFVMQ2,3,7,1,0.34,10.119289,0.843436,0.953987,FALSSRLCRFTENLYPNEE,0.878788,0.121212,point_previews/task000064_mu000006_rho040_n1.png
0.5,6,8,license_plate_bahnschrift.ttf,CBAGJWPD6YXT0RNZL49E3HSU875KFVMQ2,3,7,0,0.425,11.313708,0.8067,0.853272,ELASSMADHSBMEAUMEDELBETESENTSF,0.909091,0.090909,point_previews/task000064_mu000006_rho050_n0.png
0.5,6,8,license_plate_bahnschrift.ttf,CBAGJWPD6YXT0RNZL49E3HSU875KFVMQ2,3,7,1,0.425,11.313708,0.8067,0.853272,,1.0,0.0,point_previews/task000064_mu000006_rho050_n1.png
0.6,6,8,license_plate_bahnschrift.ttf,CBAGJWPD6YXT0RNZL49E3HSU875KFVMQ2,3,7,0,0.51,12.393547,0.770893,0.778927,ACAUCEYSRURAEBHWES,0.848485,0.151515,point_previews/task000064_mu000006_rho060_n0.png
0.6,6,8,license_plate_bahnschrift.ttf,CBAGJWPD6YXT0RNZL49E3HSU875KFVMQ2,3,7,1,0.51,12.393547,0.770893,0.778927,PESSMRARTESESTSERE,0.878788,0.121212,point_previews/task000064_mu000006_rho060_n1.png
0.7,6,8,license_plate_bahnschrift.ttf,CBAGJWPD6YXT0RNZL49E3HSU875KFVMQ2,3,7,0,0.595,13.38656,0.735998,0.721147,ESEAUPEAYSUPECRSSEASTAG,0.878788,0.121212,point_previews/task000064_mu000006_rho070_n0.png
0.7,6,8,license_plate_bahnschrift.ttf,CBAGJWPD6YXT0RNZL49E3HSU875KFVMQ2,3,7,1,0.595,13.38656,0.735998,0.721147,ERBURTSLYTBRWEEASRSUREEMS,0.818182,0.181818,point_previews/task000064_mu000006_rho070_n1.png
0.8,6,8,license_plate_bahnschrift.ttf,CBAGJWPD6YXT0RNZL49E3HSU875KFVMQ2,3,7,0,0.68,14.310835,0.701998,0.674571,,1.0,0.0,point_previews/task000064_mu000006_rho080_n0.png
0.8,6,8,license_plate_bahnschrift.ttf,CBAGJWPD6YXT0RNZL49E3HSU875KFVMQ2,3,7,1,0.68,14.310835,0.701998,0.674571,RAUSRESCDG7THSNTABA,0.878788,0.121212,point_previews/task000064_mu000006_rho080_n1.png
0.9,6,8,license_plate_bahnschrift.ttf,CBAGJWPD6YXT0RNZL49E3HSU875KFVMQ2,3,7,0,0.765,15.178933,0.668877,0.635992,PRAGPADGEYSTERC05SASU875KPR,0.666667,0.333333,point_previews/task000064_mu000006_rho090_n0.png
0.9,6,8,license_plate_bahnschrift.ttf,CBAGJWPD6YXT0RNZL49E3HSU875KFVMQ2,3,7,1,0.765,15.178933,0.668877,0.635992,RGWRTRWEASREU,0.818182,0.181818,point_previews/task000064_mu000006_rho090_n1.png
1.0,6,8,license_plate_bahnschrift.ttf,CBAGJWPD6YXT0RNZL49E3HSU875KFVMQ2,3,7,0,0.85,16.0,0.63662,0.603355,CEAAGP30GRECTEGSESYBAREPA,0.818182,0.181818,point_previews/task000064_mu000006_rho100_n0.png
1.0,6,8,license_plate_bahnschrift.ttf,CBAGJWPD6YXT0RNZL49E3HSU875KFVMQ2,3,7,1,0.85,16.0,0.63662,0.603355,GEAGMCGSRTRMESAESHSBKEKBES,0.757576,0.242424,point_previews/task000064_mu000006_rho100_n1.png
0.1,8,8,license_plate_bahnschrift.ttf,CBAGJWPD6YXT0RNZL49E3HSU875KFVMQ2,3,7,0,0.085,5.059644,0.959381,1.907975,SSSSLSST,0.939394,0.060606,point_previews/task000065_mu000008_rho010_n0.png
0.1,8,8,license_plate_bahnschrift.ttf,CBAGJWPD6YXT0RNZL49E3HSU875KFVMQ2,3,7,1,0.085,5.059644,0.959381,1.907975,LGPSPARHASECPMBPNSSEA,0.878788,0.121212,point_previews/task000065_mu000008_rho010_n1.png
0.2,8,8,license_plate_bahnschrift.ttf,CBAGJWPD6YXT0RNZL49E3HSU875KFVMQ2,3,7,0,0.17,7.155418,0.919759,1.349142,TMGSMSGAS,0.939394,0.060606,point_previews/task000065_mu000008_rho020_n0.png
0.2,8,8,license_plate_bahnschrift.ttf,CBAGJWPD6YXT0RNZL49E3HSU875KFVMQ2,3,7,1,0.17,7.155418,0.919759,1.349142,RRRNPHUS,0.878788,0.121212,point_previews/task000065_mu000008_rho020_n1.png
0.3,8,8,license_plate_bahnschrift.ttf,CBAGJWPD6YXT0RNZL49E3HSU875KFVMQ2,3,7,0,0.255,8.763561,0.881116,1.10157,ARESRRTLZRSSE,0.878788,0.121212,point_previews/task000065_mu000008_rho030_n0.png
0.3,8,8,license_plate_bahnschrift.ttf,CBAGJWPD6YXT0RNZL49E3HSU875KFVMQ2,3,7,1,0.255,8.763561,0.881116,1.10157,GRRSREPEGRMS9PATR,0.909091,0.090909,point_previews/task000065_mu000008_rho030_n1.png
0.4,8,8,license_plate_bahnschrift.ttf,CBAGJWPD6YXT0RNZL49E3HSU875KFVMQ2,3,7,0,0.34,10.119289,0.843436,0.953987,MSE5WEREAYCTHANANUDELENE,0.878788,0.121212,point_previews/task000065_mu000008_rho040_n0.png
0.4,8,8,license_plate_bahnschrift.ttf,CBAGJWPD6YXT0RNZL49E3HSU875KFVMQ2,3,7,1,0.34,10.119289,0.843436,0.953987,RARLRSPN,0.878788,0.121212,point_previews/task000065_mu000008_rho040_n1.png
0.5,8,8,license_plate_bahnschrift.ttf,CBAGJWPD6YXT0RNZL49E3HSU875KFVMQ2,3,7,0,0.425,11.313708,0.8067,0.853272,ASAPPBUYRTURMESASENSETHREVTELS,0.787879,0.212121,point_previews/task000065_mu000008_rho050_n0.png
0.5,8,8,license_plate_bahnschrift.ttf,CBAGJWPD6YXT0RNZL49E3HSU875KFVMQ2,3,7,1,0.425,11.313708,0.8067,0.853272,SERAGTRGRHTCASSEHSES,0.848485,0.151515,point_previews/task000065_mu000008_rho050_n1.png
0.6,8,8,license_plate_bahnschrift.ttf,CBAGJWPD6YXT0RNZL49E3HSU875KFVMQ2,3,7,0,0.51,12.393547,0.770893,0.778927,,1.0,0.0,point_previews/task000065_mu000008_rho060_n0.png
0.6,8,8,license_plate_bahnschrift.ttf,CBAGJWPD6YXT0RNZL49E3HSU875KFVMQ2,3,7,1,0.51,12.393547,0.770893,0.778927,DRABVSBAYRTDRAZCASEANSKES,0.757576,0.242424,point_previews/task000065_mu000008_rho060_n1.png
0.7,8,8,license_plate_bahnschrift.ttf,CBAGJWPD6YXT0RNZL49E3HSU875KFVMQ2,3,7,0,0.595,13.38656,0.735998,0.721147,THEAGTWPRYBTGRMTEBVCTGSASREGTREY,0.787879,0.212121,point_previews/task000065_mu000008_rho070_n0.png
0.7,8,8,license_plate_bahnschrift.ttf,CBAGJWPD6YXT0RNZL49E3HSU875KFVMQ2,3,7,1,0.595,13.38656,0.735998,0.721147,RUSGPAHSYSTARNECAPESHSESERPUE,0.757576,0.242424,point_previews/task000065_mu000008_rho070_n1.png
0.8,8,8,license_plate_bahnschrift.ttf,CBAGJWPD6YXT0RNZL49E3HSU875KFVMQ2,3,7,0,0.68,14.310835,0.701998,0.674571,,1.0,0.0,point_previews/task000065_mu000008_rho080_n0.png
0.8,8,8,license_plate_bahnschrift.ttf,CBAGJWPD6YXT0RNZL49E3HSU875KFVMQ2,3,7,1,0.68,14.310835,0.701998,0.674571,RPAGAUPRCEMGRUE2ESHSKRM,0.727273,0.272727,point_previews/task000065_mu000008_rho080_n1.png
0.9,8,8,license_plate_bahnschrift.ttf,CBAGJWPD6YXT0RNZL49E3HSU875KFVMQ2,3,7,0,0.765,15.178933,0.668877,0.635992,,1.0,0.0,point_previews/task000065_mu000008_rho090_n0.png
0.9,8,8,license_plate_bahnschrift.ttf,CBAGJWPD6YXT0RNZL49E3HSU875KFVMQ2,3,7,1,0.765,15.178933,0.668877,0.635992,TEHAGTARGARATBRALECUSGSTRENHD,0.818182,0.181818,point_previews/task000065_mu000008_rho090_n1.png
1.0,8,8,license_plate_bahnschrift.ttf,CBAGJWPD6YXT0RNZL49E3HSU875KFVMQ2,3,7,0,0.85,16.0,0.63662,0.603355,CBAGFBESSTRCRNZLRSSSHSUBTSEEVMES,0.606061,0.393939,point_previews/task000065_mu000008_rho100_n0.png
1.0,8,8,license_plate_bahnschrift.ttf,CBAGJWPD6YXT0RNZL49E3HSU875KFVMQ2,3,7,1,0.85,16.0,0.63662,0.603355,PURGEYSTDRNFBEEGTEE2,0.787879,0.212121,point_previews/task000065_mu000008_rho100_n1.png
0.1,11,8,license_plate_bahnschrift.ttf,CBAGJWPD6YXT0RNZL49E3HSU875KFVMQ2,3,7,0,0.085,5.059644,0.959381,1.907975,PUERRCREATSTERRYF,0.848485,0.151515,point_previews/task000066_mu000011_rho010_n0.png
0.1,11,8,license_plate_bahnschrift.ttf,CBAGJWPD6YXT0RNZL49E3HSU875KFVMQ2,3,7,1,0.085,5.059644,0.959381,1.907975,HRSHMEU,0.909091,0.090909,point_previews/task000066_mu000011_rho010_n1.png
0.2,11,8,license_plate_bahnschrift.ttf,CBAGJWPD6YXT0RNZL49E3HSU875KFVMQ2,3,7,0,0.17,7.155418,0.919759,1.349142,,1.0,0.0,point_previews/task000066_mu000011_rho020_n0.png
0.2,11,8,license_plate_bahnschrift.ttf,CBAGJWPD6YXT0RNZL49E3HSU875KFVMQ2,3,7,1,0.17,7.155418,0.919759,1.349142,,1.0,0.0,point_previews/task000066_mu000011_rho020_n1.png
0.3,11,8,license_plate_bahnschrift.ttf,CBAGJWPD6YXT0RNZL49E3HSU875KFVMQ2,3,7,0,0.255,8.763561,0.881116,1.10157,DEREASSECURESERTETS,0.878788,0.121212,point_previews/task000066_mu000011_rho030_n0.png
0.3,11,8,license_plate_bahnschrift.ttf,CBAGJWPD6YXT0RNZL49E3HSU875KFVMQ2,3,7,1,0.255,8.763561,0.881116,1.10157,THUAGATARUAVNTGHNDCSESHSEREMG,0.818182,0.181818,point_previews/task000066_mu000011_rho030_n1.png
0.4,11,8,license_plate_bahnschrift.ttf,CBAGJWPD6YXT0RNZL49E3HSU875KFVMQ2,3,7,0,0.34,10.119289,0.843436,0.953987,CBWEGAVETERNSEBELMRERDSSKEU,0.787879,0.212121,point_previews/task000066_mu000011_rho040_n0.png
0.4,11,8,license_plate_bahnschrift.ttf,CBAGJWPD6YXT0RNZL49E3HSU875KFVMQ2,3,7,1,0.34,10.119289,0.843436,0.953987,REASAVRREYTRARERERRY,0.848485,0.151515,point_previews/task000066_mu000011_rho040_n1.png
0.5,11,8,license_plate_bahnschrift.ttf,CBAGJWPD6YXT0RNZL49E3HSU875KFVMQ2,3,7,0,0.425,11.313708,0.8067,0.853272,,1.0,0.0,point_previews/task000066_mu000011_rho050_n0.png
0.5,11,8,license_plate_bahnschrift.ttf,CBAGJWPD6YXT0RNZL49E3HSU875KFVMQ2,3,7,1,0.425,11.313708,0.8067,0.853272,ASSAGRWPGSSXTERNEUGRESSBSELRED,0.727273,0.272727,point_previews/task000066_mu000011_rho050_n1.png
0.6,11,8,license_plate_bahnschrift.ttf,CBAGJWPD6YXT0RNZL49E3HSU875KFVMQ2,3,7,0,0.51,12.393547,0.770893,0.778927,ERAGSAPDSYATERNZLADCSHSR7SRP,0.606061,0.393939,point_previews/task000066_mu000011_rho060_n0.png
0.6,11,8,license_plate_bahnschrift.ttf,CBAGJWPD6YXT0RNZL49E3HSU875KFVMQ2,3,7,1,0.51,12.393547,0.770893,0.778927,SCHASSHPUATATURMELASESHSURTSKENE,0.69697,0.30303,point_previews/task000066_mu000011_rho060_n1.png
0.7,11,8,license_plate_bahnschrift.ttf,CBAGJWPD6YXT0RNZL49E3HSU875KFVMQ2,3,7,0,0.595,13.38656,0.735998,0.721147,,1.0,0.0,point_previews/task000066_mu000011_rho070_n0.png
0.7,11,8,license_plate_bahnschrift.ttf,CBAGJWPD6YXT0RNZL49E3HSU875KFVMQ2,3,7,1,0.595,13.38656,0.735998,0.721147,,1.0,0.0,point_previews/task000066_mu000011_rho070_n1.png
0.8,11,8,license_plate_bahnschrift.ttf,CBAGJWPD6YXT0RNZL49E3HSU875KFVMQ2,3,7,0,0.68,14.310835,0.701998,0.674571,,1.0,0.0,point_previews/task000066_mu000011_rho080_n0.png
0.8,11,8,license_plate_bahnschrift.ttf,CBAGJWPD6YXT0RNZL49E3HSU875KFVMQ2,3,7,1,0.68,14.310835,0.701998,0.674571,,1.0,0.0,point_previews/task000066_mu000011_rho080_n1.png
0.9,11,8,license_plate_bahnschrift.ttf,CBAGJWPD6YXT0RNZL49E3HSU875KFVMQ2,3,7,0,0.765,15.178933,0.668877,0.635992,,1.0,0.0,point_previews/task000066_mu000011_rho090_n0.png
0.9,11,8,license_plate_bahnschrift.ttf,CBAGJWPD6YXT0RNZL49E3HSU875KFVMQ2,3,7,1,0.765,15.178933,0.668877,0.635992,,1.0,0.0,point_previews/task000066_mu000011_rho090_n1.png
1.0,11,8,license_plate_bahnschrift.ttf,CBAGJWPD6YXT0RNZL49E3HSU875KFVMQ2,3,7,0,0.85,16.0,0.63662,0.603355,,1.0,0.0,point_previews/task000066_mu000011_rho100_n0.png
1.0,11,8,license_plate_bahnschrift.ttf,CBAGJWPD6YXT0RNZL49E3HSU875KFVMQ2,3,7,1,0.85,16.0,0.63662,0.603355,CBAGWPDGENTRN2ETHGUSTEKEVRG,0.545455,0.454545,point_previews/task000066_mu000011_rho100_n1.png
0.1,16,8,license_plate_bahnschrift.ttf,CBAGJWPD6YXT0RNZL49E3HSU875KFVMQ2,3,7,0,0.085,5.059644,0.959381,1.907975,USGMCRRUTUPPDSCREEMSBAL,0.878788,0.121212,point_previews/task000067_mu000016_rho010_n0.png
0.1,16,8,license_plate_bahnschrift.ttf,CBAGJWPD6YXT0RNZL49E3HSU875KFVMQ2,3,7,1,0.085,5.059644,0.959381,1.907975,CAEEAEREEEYTRTTNTRYT,0.878788,0.121212,point_previews/task000067_mu000016_rho010_n1.png
0.2,16,8,license_plate_bahnschrift.ttf,CBAGJWPD6YXT0RNZL49E3HSU875KFVMQ2,3,7,0,0.17,7.155418,0.919759,1.349142,GRRRPSUENEZCNPRRLEAWERRRLA,0.909091,0.090909,point_previews/task000067_mu000016_rho020_n0.png
0.2,16,8,license_plate_bahnschrift.ttf,CBAGJWPD6YXT0RNZL49E3HSU875KFVMQ2,3,7,1,0.17,7.155418,0.919759,1.349142,PELAESRSPRSTNDS6CSEEPEERCE,0.909091,0.090909,point_previews/task000067_mu000016_rho020_n1.png
0.3,16,8,license_plate_bahnschrift.ttf,CBAGJWPD6YXT0RNZL49E3HSU875KFVMQ2,3,7,0,0.255,8.763561,0.881116,1.10157,GNGRRRESHSUREEES,0.818182,0.181818,point_previews/task000067_mu000016_rho030_n0.png
0.3,16,8,license_plate_bahnschrift.ttf,CBAGJWPD6YXT0RNZL49E3HSU875KFVMQ2,3,7,1,0.255,8.763561,0.881116,1.10157,PERGAWRDETANACRRRTRGS,0.848485,0.151515,point_previews/task000067_mu000016_rho030_n1.png
0.4,16,8,license_plate_bahnschrift.ttf,CBAGJWPD6YXT0RNZL49E3HSU875KFVMQ2,3,7,0,0.34,10.119289,0.843436,0.953987,RARNPDSMDRNZEGRESHSUSFKRM,0.636364,0.363636,point_previews/task000067_mu000016_rho040_n0.png
0.4,16,8,license_plate_bahnschrift.ttf,CBAGJWPD6YXT0RNZL49E3HSU875KFVMQ2,3,7,1,0.34,10.119289,0.843436,0.953987,SRAGNPEMATERNZLAPESHSHSTUKENMES,0.606061,0.393939,point_previews/task000067_mu000016_rho040_n1.png
0.5,16,8,license_plate_bahnschrift.ttf,CBAGJWPD6YXT0RNZL49E3HSU875KFVMQ2,3,7,0,0.425,11.313708,0.8067,0.853272,BAGSWEDSYSPARNZEGSESHSDBTEKEYMGZ,0.575758,0.424242,point_previews/task000067_mu000016_rho050_n0.png
0.5,16,8,license_plate_bahnschrift.ttf,CBAGJWPD6YXT0RNZL49E3HSU875KFVMQ2,3,7,1,0.425,11.313708,0.8067,0.853272,CEAGRPUAPKTRNZLASESHSGSTSKEVMGS,0.545455,0.454545,point_previews/task000067_mu000016_rho050_n1.png
0.6,16,8,license_plate_bahnschrift.ttf,CBAGJWPD6YXT0RNZL49E3HSU875KFVMQ2,3,7,0,0.51,12.393547,0.770893,0.778927,CEAGAVPDAYSTURNZARESHSUSYSKEYNG2,0.515152,0.484848,point_previews/task000067_mu000016_rho060_n0.png
0.6,16,8,license_plate_bahnschrift.ttf,CBAGJWPD6YXT0RNZL49E3HSU875KFVMQ2,3,7,1,0.51,12.393547,0.770893,0.778927,,1.0,0.0,point_previews/task000067_mu000016_rho060_n1.png
0.7,16,8,license_plate_bahnschrift.ttf,CBAGJWPD6YXT0RNZL49E3HSU875KFVMQ2,3,7,0,0.595,13.38656,0.735998,0.721147,QRAGTWPEYXTCRNZEG9SSHSUBTAKEVMG2,0.454545,0.545455,point_previews/task000067_mu000016_rho070_n0.png
0.7,16,8,license_plate_bahnschrift.ttf,CBAGJWPD6YXT0RNZL49E3HSU875KFVMQ2,3,7,1,0.595,13.38656,0.735998,0.721147,,1.0,0.0,point_previews/task000067_mu000016_rho070_n1.png
0.8,16,8,license_plate_bahnschrift.ttf,CBAGJWPD6YXT0RNZL49E3HSU875KFVMQ2,3,7,0,0.68,14.310835,0.701998,0.674571,CBAGSWPDSYXTERNZLAVESHSUBTKEVME2,0.333333,0.666667,point_previews/task000067_mu000016_rho080_n0.png
0.8,16,8,license_plate_bahnschrift.ttf,CBAGJWPD6YXT0RNZL49E3HSU875KFVMQ2,3,7,1,0.68,14.310835,0.701998,0.674571,,1.0,0.0,point_previews/task000067_mu000016_rho080_n1.png
0.9,16,8,license_plate_bahnschrift.ttf,CBAGJWPD6YXT0RNZL49E3HSU875KFVMQ2,3,7,0,0.765,15.178933,0.668877,0.635992,CBAGJWPDEYXTBNZLA9ESHSUBTSKPNM,0.363636,0.636364,point_previews/task000067_mu000016_rho090_n0.png
0.9,16,8,license_plate_bahnschrift.ttf,CBAGJWPD6YXT0RNZL49E3HSU875KFVMQ2,3,7,1,0.765,15.178933,0.668877,0.635992,SCBAGWPBGYXTCRNZLA9EAHSUBTSKEYMGZ,0.424242,0.575758,point_previews/task000067_mu000016_rho090_n1.png
1.0,16,8,license_plate_bahnschrift.ttf,CBAGJWPD6YXT0RNZL49E3HSU875KFVMQ2,3,7,0,0.85,16.0,0.63662,0.603355,CBAGJWEDSYXTRRNGCHTESHSUSTSKEVMG2,0.393939,0.606061,point_previews/task000067_mu000016_rho100_n0.png
1.0,16,8,license_plate_bahnschrift.ttf,CBAGJWPD6YXT0RNZL49E3HSU875KFVMQ2,3,7,1,0.85,16.0,0.63662,0.603355,CRAGHAPUSYXTRNZLAESHSUBTSKFUMQZ,0.424242,0.575758,point_previews/task000067_mu000016_rho100_n1.png
0.1,23,8,license_plate_bahnschrift.ttf,CBAGJWPD6YXT0RNZL49E3HSU875KFVMQ2,3,7,0,0.085,5.059644,0.959381,1.907975,BTSNLRRREPETDUNSHET,0.878788,0.121212,point_previews/task000068_mu000023_rho010_n0.png
0.1,23,8,license_plate_bahnschrift.ttf,CBAGJWPD6YXT0RNZL49E3HSU875KFVMQ2,3,7,1,0.085,5.059644,0.959381,1.907975,USNRMDES,0.909091,0.090909,point_previews/task000068_mu000023_rho010_n1.png
0.2,23,8,license_plate_bahnschrift.ttf,CBAGJWPD6YXT0RNZL49E3HSU875KFVMQ2,3,7,0,0.17,7.155418,0.919759,1.349142,SAESGTPBRERNSRAUESHSUSTAKER,0.757576,0.242424,point_previews/task000068_mu000023_rho020_n0.png
0.2,23,8,license_plate_bahnschrift.ttf,CBAGJWPD6YXT0RNZL49E3HSU875KFVMQ2,3,7,1,0.17,7.155418,0.919759,1.349142,CAACWPAEMTRNSSCASPMEEME,0.727273,0.272727,point_previews/task000068_mu000023_rho020_n1.png
0.3,23,8,license_plate_bahnschrift.ttf,CBAGJWPD6YXT0RNZL49E3HSU875KFVMQ2,3,7,0,0.255,8.763561,0.881116,1.10157,DEAGENEDSYSTBRAYLQSSNSKEUMGS,0.69697,0.30303,point_previews/task000068_mu000023_rho030_n0.png
0.3,23,8,license_plate_bahnschrift.ttf,CBAGJWPD6YXT0RNZL49E3HSU875KFVMQ2,3,7,1,0.255,8.763561,0.881116,1.10157,SBUGLRRDSRTCHEEELSESHSURTSKEVAZ,0.69697,0.30303,point_previews/task000068_mu000023_rho030_n1.png
0.4,23,8,license_plate_bahnschrift.ttf,CBAGJWPD6YXT0RNZL49E3HSU875KFVMQ2,3,7,0,0.34,10.119289,0.843436,0.953987,CRARHYPDATXTRNZLDESHSUBTSKEYM,0.515152,0.484848,point_previews/task000068_mu000023_rho040_n0.png
0.4,23,8,license_plate_bahnschrift.ttf,CBAGJWPD6YXT0RNZL49E3HSU875KFVMQ2,3,7,1,0.34,10.119289,0.843436,0.953987,REAGJWEBEYRTCANYLASESHSUSTSKEYRGZ,0.606061,0.393939,point_previews/task000068_mu000023_rho040_n1.png
0.5,23,8,license_plate_bahnschrift.ttf,CBAGJWPD6YXT0RNZL49E3HSU875KFVMQ2,3,7,0,0.425,11.313708,0.8067,0.853272,,1.0,0.0,point_previews/task000068_mu000023_rho050_n0.png
0.5,23,8,license_plate_bahnschrift.ttf,CBAGJWPD6YXT0RNZL49E3HSU875KFVMQ2,3,7,1,0.425,11.313708,0.8067,0.853272,,1.0,0.0,point_previews/task000068_mu000023_rho050_n1.png
0.6,23,8,license_plate_bahnschrift.ttf,CBAGJWPD6YXT0RNZL49E3HSU875KFVMQ2,3,7,0,0.51,12.393547,0.770893,0.778927,,1.0,0.0,point_previews/task000068_mu000023_rho060_n0.png
0.6,23,8,license_plate_bahnschrift.ttf,CBAGJWPD6YXT0RNZL49E3HSU875KFVMQ2,3,7,1,0.51,12.393547,0.770893,0.778927,CBAGJWPDGYXTGRNZLG9ESHSUBTSKEVMA2,0.272727,0.727273,point_previews/task000068_mu000023_rho060_n1.png
0.7,23,8,license_plate_bahnschrift.ttf,CBAGJWPD6YXT0RNZL49E3HSU875KFVMQ2,3,7,0,0.595,13.38656,0.735998,0.721147,CBAGJWPDSYXTRNZY49ESHSUBTSKEYMG2,0.30303,0.69697,point_previews/task000068_mu000023_rho070_n0.png
0.7,23,8,license_plate_bahnschrift.ttf,CBAGJWPD6YXT0RNZL49E3HSU875KFVMQ2,3,7,1,0.595,13.38656,0.735998,0.721147,,1.0,0.0,point_previews/task000068_mu000023_rho070_n1.png
0.8,23,8,license_plate_bahnschrift.ttf,CBAGJWPD6YXT0RNZL49E3HSU875KFVMQ2,3,7,0,0.68,14.310835,0.701998,0.674571,RBAGJWPDEYXTURNZCGSESHSUBTSKEYMQ2,0.363636,0.636364,point_previews/task000068_mu000023_rho080_n0.png
0.8,23,8,license_plate_bahnschrift.ttf,CBAGJWPD6YXT0RNZL49E3HSU875KFVMQ2,3,7,1,0.68,14.310835,0.701998,0.674571,SCBAGWPDEYXTRNZEGPESHSUBTSKEYMD2,0.424242,0.575758,point_previews/task000068_mu000023_rho080_n1.png
0.9,23,8,license_plate_bahnschrift.ttf,CBAGJWPD6YXT0RNZL49E3HSU875KFVMQ2,3,7,0,0.765,15.178933,0.668877,0.635992,CBAGJWPU6YXTURN2L2963HSURTSKEVMGZ,0.333333,0.666667,point_previews/task000068_mu000023_rho090_n0.png
0.9,23,8,license_plate_bahnschrift.ttf,CBAGJWPD6YXT0RNZL49E3HSU875KFVMQ2,3,7,1,0.765,15.178933,0.668877,0.635992,,1.0,0.0,point_previews/task000068_mu000023_rho090_n1.png
1.0,23,8,license_plate_bahnschrift.ttf,CBAGJWPD6YXT0RNZL49E3HSU875KFVMQ2,3,7,0,0.85,16.0,0.63662,0.603355,,1.0,0.0,point_previews/task000068_mu000023_rho100_n0.png
1.0,23,8,license_plate_bahnschrift.ttf,CBAGJWPD6YXT0RNZL49E3HSU875KFVMQ2,3,7,1,0.85,16.0,0.63662,0.603355,,1.0,0.0,point_previews/task000068_mu000023_rho100_n1.png
0.1,32,8,license_plate_bahnschrift.ttf,CBAGJWPD6YXT0RNZL49E3HSU875KFVMQ2,3,7,0,0.085,5.059644,0.959381,1.907975,PRAHSEENENSHAEME,0.848485,0.151515,point_previews/task000069_mu000032_rho010_n0.png
0.1,32,8,license_plate_bahnschrift.ttf,CBAGJWPD6YXT0RNZL49E3HSU875KFVMQ2,3,7,1,0.085,5.059644,0.959381,1.907975,CUAHRREEDHRSPBEKES,0.818182,0.181818,point_previews/task000069_mu000032_rho010_n1.png
0.2,32,8,license_plate_bahnschrift.ttf,CBAGJWPD6YXT0RNZL49E3HSU875KFVMQ2,3,7,0,0.17,7.155418,0.919759,1.349142,ERAGAPUGYRTARMZESHGH87SKEAD,0.636364,0.363636,point_previews/task000069_mu000032_rho020_n0.png
0.2,32,8,license_plate_bahnschrift.ttf,CBAGJWPD6YXT0RNZL49E3HSU875KFVMQ2,3,7,1,0.17,7.155418,0.919759,1.349142,CBAGTMPRAYRTGRNBAGEABSUBTEKEYHD,0.606061,0.393939,point_previews/task000069_mu000032_rho020_n1.png
0.3,32,8,license_plate_bahnschrift.ttf,CBAGJWPD6YXT0RNZL49E3HSU875KFVMQ2,3,7,0,0.255,8.763561,0.881116,1.10157,CRAGPNEDSYXTURNZELSSHEERTSKEVRD,0.606061,0.393939,point_previews/task000069_mu000032_rho030_n0.png
0.3,32,8,license_plate_bahnschrift.ttf,CBAGJWPD6YXT0RNZL49E3HSU875KFVMQ2,3,7,1,0.255,8.763561,0.881116,1.10157,GRNGWPTSYXTGRNZEASESHSUSTSREGMGD,0.575758,0.424242,point_previews/task000069_mu000032_rho030_n1.png
0.4,32,8,license_plate_bahnschrift.ttf,CBAGJWPD6YXT0RNZL49E3HSU875KFVMQ2,3,7,0,0.34,10.119289,0.843436,0.953987,,1.0,0.0,point_previews/task000069_mu000032_rho040_n0.png
0.4,32,8,license_plate_bahnschrift.ttf,CBAGJWPD6YXT0RNZL49E3HSU875KFVMQ2,3,7,1,0.34,10.119289,0.843436,0.953987,,1.0,0.0,point_previews/task000069_mu000032_rho040_n1.png
0.5,32,8,license_plate_bahnschrift.ttf,CBAGJWPD6YXT0RNZL49E3HSU875KFVMQ2,3,7,0,0.425,11.313708,0.8067,0.853272,CRAGWPDSYXTERNZLASESHSUBTSKEV2,0.393939,0.606061,point_previews/task000069_mu000032_rho050_n0.png
0.5,32,8,license_plate_bahnschrift.ttf,CBAGJWPD6YXT0RNZL49E3HSU875KFVMQ2,3,7,1,0.425,11.313708,0.8067,0.853272,CBAGUWPDAYXTURNZLASESHSUBTSKEYMQD,0.363636,0.636364,point_previews/task000069_mu000032_rho050_n1.png
0.6,32,8,license_plate_bahnschrift.ttf,CBAGJWPD6YXT0RNZL49E3HSU875KFVMQ2,3,7,0,0.51,12.393547,0.770893,0.778927,,1.0,0.0,point_previews/task000069_mu000032_rho060_n0.png
0.6,32,8,license_plate_bahnschrift.ttf,CBAGJWPD6YXT0RNZL49E3HSU875KFVMQ2,3,7,1,0.51,12.393547,0.770893,0.778927,,1.0,0.0,point_previews/task000069_mu000032_rho060_n1.png
0.7,32,8,license_plate_bahnschrift.ttf,CBAGJWPD6YXT0RNZL49E3HSU875KFVMQ2,3,7,0,0.595,13.38656,0.735998,0.721147,CBAGSWPDEYXTURNZE49ESHSUSTSKFEYMQ2,0.30303,0.69697,point_previews/task000069_mu000032_rho070_n0.png
0.7,32,8,license_plate_bahnschrift.ttf,CBAGJWPD6YXT0RNZL49E3HSU875KFVMQ2,3,7,1,0.595,13.38656,0.735998,0.721147,,1.0,0.0,point_previews/task000069_mu000032_rho070_n1.png
0.8,32,8,license_plate_bahnschrift.ttf,CBAGJWPD6YXT0RNZL49E3HSU875KFVMQ2,3,7,0,0.68,14.310835,0.701998,0.674571,CBAGJWPBGYXTGRNZLA9ESHSUSTSKFYMG2,0.30303,0.69697,point_previews/task000069_mu000032_rho080_n0.png
0.8,32,8,license_plate_bahnschrift.ttf,CBAGJWPD6YXT0RNZL49E3HSU875KFVMQ2,3,7,1,0.68,14.310835,0.701998,0.674571,CBAGUWPDSYXTQRNZLATESHSUBTSKEVMG2,0.333333,0.666667,point_previews/task000069_mu000032_rho080_n1.png
0.9,32,8,license_plate_bahnschrift.ttf,CBAGJWPD6YXT0RNZL49E3HSU875KFVMQ2,3,7,0,0.765,15.178933,0.668877,0.635992,CBAGJWPDEYXT0RNZLY9E3HSUBTSKEVMG2,0.212121,0.787879,point_previews/task000069_mu000032_rho090_n0.png
0.9,32,8,license_plate_bahnschrift.ttf,CBAGJWPD6YXT0RNZL49E3HSU875KFVMQ2,3,7,1,0.765,15.178933,0.668877,0.635992,CRAGJVPDAYXTERNZLAJESHSUSTSKFVMQ2,0.30303,0.69697,point_previews/task000069_mu000032_rho090_n1.png
1.0,32,8,license_plate_bahnschrift.ttf,CBAGJWPD6YXT0RNZL49E3HSU875KFVMQ2,3,7,0,0.85,16.0,0.63662,0.603355,CBAGJWPDAYXT0RNZL49ESHSUB7SKFYMQ2,0.151515,0.848485,point_previews/task000069_mu000032_rho100_n0.png
1.0,32,8,license_plate_bahnschrift.ttf,CBAGJWPD6YXT0RNZL49E3HSU875KFVMQ2,3,7,1,0.85,16.0,0.63662,0.603355,CBAGJWPDSYXTURNZL49E3HSUBTSKFVMG2,0.181818,0.818182,point_previews/task000069_mu000032_rho100_n1.png
0.1,45,8,license_plate_bahnschrift.ttf,CBAGJWPD6YXT0RNZL49E3HSU875KFVMQ2,3,7,0,0.085,5.059644,0.959381,1.907975,SGERGUWVECEYRTHANZEL9ESHEMSHNED,0.787879,0.212121,point_previews/task000070_mu000045_rho010_n0.png
0.1,45,8,license_plate_bahnschrift.ttf,CBAGJWPD6YXT0RNZL49E3HSU875KFVMQ2,3,7,1,0.085,5.059644,0.959381,1.907975,EAGWETAUSBRNMZSESHSSTAKEURD,0.727273,0.272727,point_previews/task000070_mu000045_rho010_n1.png
0.2,45,8,license_plate_bahnschrift.ttf,CBAGJWPD6YXT0RNZL49E3HSU875KFVMQ2,3,7,0,0.17,7.155418,0.919759,1.349142,CRAGUWRUGTRTRNELARESHSUSTAKEYME,0.575758,0.424242,point_previews/task000070_mu000045_rho020_n0.png
0.2,45,8,license_plate_bahnschrift.ttf,CBAGJWPD6YXT0RNZL49E3HSU875KFVMQ2,3,7,1,0.17,7.155418,0.919759,1.349142,CBAGJWPDEYXTURALALA9ESHSUSTSKEUMED,0.424242,0.575758,point_previews/task000070_mu000045_rho020_n1.png
0.3,45,8,license_plate_bahnschrift.ttf,CBAGJWPD6YXT0RNZL49E3HSU875KFVMQ2,3,7,0,0.255,8.763561,0.881116,1.10157,CBAGYPDSYXTDRNELARESHSUBTSKFYMD2,0.393939,0.606061,point_previews/task000070_mu000045_rho030_n0.png
0.3,45,8,license_plate_bahnschrift.ttf,CBAGJWPD6YXT0RNZL49E3HSU875KFVMQ2,3,7,1,0.255,8.763561,0.881116,1.10157,,1.0,0.0,point_previews/task000070_mu000045_rho030_n1.png
0.4,45,8,license_plate_bahnschrift.ttf,CBAGJWPD6YXT0RNZL49E3HSU875KFVMQ2,3,7,0,0.34,10.119289,0.843436,0.953987,CBAGJWPDSYXTGRNZL4SESHSUB7SKEVMQ2,0.212121,0.787879,point_previews/task000070_mu000045_rho040_n0.png
0.4,45,8,license_plate_bahnschrift.ttf,CBAGJWPD6YXT0RNZL49E3HSU875KFVMQ2,3,7,1,0.34,10.119289,0.843436,0.953987,,1.0,0.0,point_previews/task000070_mu000045_rho040_n1.png
0.5,45,8,license_plate_bahnschrift.ttf,CBAGJWPD6YXT0RNZL49E3HSU875KFVMQ2,3,7,0,0.425,11.313708,0.8067,0.853272,CBAGJWPDSYXTRNZLASESHSUSSKEVNG2,0.333333,0.666667,point_previews/task000070_mu000045_rho050_n0.png
0.5,45,8,license_plate_bahnschrift.ttf,CBAGJWPD6YXT0RNZL49E3HSU875KFVMQ2,3,7,1,0.425,11.313708,0.8067,0.853272,,1.0,0.0,point_previews/task000070_mu000045_rho050_n1.png
0.6,45,8,license_plate_bahnschrift.ttf,CBAGJWPD6YXT0RNZL49E3HSU875KFVMQ2,3,7,0,0.51,12.393547,0.770893,0.778927,CBAGHWPD4YXTCRNZLASESHSUBTSKFYMG2,0.333333,0.666667,point_previews/task000070_mu000045_rho060_n0.png
0.6,45,8,license_plate_bahnschrift.ttf,CBAGJWPD6YXT0RNZL49E3HSU875KFVMQ2,3,7,1,0.51,12.393547,0.770893,0.778927,CBAGJWPDAYXTCRNZL49ESHSUBTSKEVMG2,0.242424,0.757576,point_previews/task000070_mu000045_rho060_n1.png
0.7,45,8,license_plate_bahnschrift.ttf,CBAGJWPD6YXT0RNZL49E3HSU875KFVMQ2,3,7,0,0.595,13.38656,0.735998,0.721147,CBAGJWPDAYXTDRNZLASESHSUBTSKEVMG2,0.30303,0.69697,point_previews/task000070_mu000045_rho070_n0.png
0.7,45,8,license_plate_bahnschrift.ttf,CBAGJWPD6YXT0RNZL49E3HSU875KFVMQ2,3,7,1,0.595,13.38656,0.735998,0.721147,CBAGJWPDSYXTURNZL49E3HSUB7SKEYMQ2,0.181818,0.818182,point_previews/task000070_mu000045_rho070_n1.png
0.8,45,8,license_plate_bahnschrift.ttf,CBAGJWPD6YXT0RNZL49E3HSU875KFVMQ2,3,7,0,0.68,14.310835,0.701998,0.674571,CBAGJWPDSYXTURNZL49E3HSUB7SKEVMQ2,0.151515,0.848485,point_previews/task000070_mu000045_rho080_n0.png
0.8,45,8,license_plate_bahnschrift.ttf,CBAGJWPD6YXT0RNZL49E3HSU875KFVMQ2,3,7,1,0.68,14.310835,0.701998,0.674571,CBAGJWPDEYXTRNZLAPESHSUBTSKFVMQ2,0.242424,0.757576,point_previews/task000070_mu000045_rho080_n1.png
0.9,45,8,license_plate_bahnschrift.ttf,CBAGJWPD6YXT0RNZL49E3HSU875KFVMQ2,3,7,0,0.765,15.178933,0.668877,0.635992,CBAGJWPD6YXTRNZLY9ESHSUSTSKFVMQ2,0.181818,0.818182,point_previews/task000070_mu000045_rho090_n0.png
0.9,45,8,license_plate_bahnschrift.ttf,CBAGJWPD6YXT0RNZL49E3HSU875KFVMQ2,3,7,1,0.765,15.178933,0.668877,0.635992,CBAGJWPDSYXTURNZLASESHSUB7SKFVMQ2,0.212121,0.787879,point_previews/task000070_mu000045_rho090_n1.png
1.0,45,8,license_plate_bahnschrift.ttf,CBAGJWPD6YXT0RNZL49E3HSU875KFVMQ2,3,7,0,0.85,16.0,0.63662,0.603355,CBAGJWPB6YXTCRNZL49ESHSUSTSKFEYMQ2,0.242424,0.757576,point_previews/task000070_mu000045_rho100_n0.png
1.0,45,8,license_plate_bahnschrift.ttf,CBAGJWPD6YXT0RNZL49E3HSU875KFVMQ2,3,7,1,0.85,16.0,0.63662,0.603355,CBAGJWPD4YXTURNZL49E3HSUBTSKFVMQ2,0.151515,0.848485,point_previews/task000070_mu000045_rho100_n1.png
0.1,64,8,license_plate_bahnschrift.ttf,CBAGJWPD6YXT0RNZL49E3HSU875KFVMQ2,3,7,0,0.085,5.059644,0.959381,1.907975,CBAGUNPRSYRTGRMZLASESHSUSTEKRVARD,0.515152,0.484848,point_previews/task000071_mu000064_rho010_n0.png
0.1,64,8,license_plate_bahnschrift.ttf,CBAGJWPD6YXT0RNZL49E3HSU875KFVMQ2,3,7,1,0.085,5.059644,0.959381,1.907975,PBAGTPRRTBRM2EAGEBHSUSTSKEYMES,0.636364,0.363636,point_previews/task000071_mu000064_rho010_n1.png
0.2,64,8,license_plate_bahnschrift.ttf,CBAGJWPD6YXT0RNZL49E3HSU875KFVMQ2,3,7,0,0.17,7.155418,0.919759,1.349142,CRAGWEDSYRTURNZLEVESHSUBYSKEVNGE,0.484848,0.515152,point_previews/task000071_mu000064_rho020_n0.png
0.2,64,8,license_plate_bahnschrift.ttf,CBAGJWPD6YXT0RNZL49E3HSU875KFVMQ2,3,7,1,0.17,7.155418,0.919759,1.349142,,1.0,0.0,point_previews/task000071_mu000064_rho020_n1.png
0.3,64,8,license_plate_bahnschrift.ttf,CBAGJWPD6YXT0RNZL49E3HSU875KFVMQ2,3,7,0,0.255,8.763561,0.881116,1.10157,RBAGHWRDAYXTRNZL49ESHSUB7SKFYMGZ,0.333333,0.666667,point_previews/task000071_mu000064_rho030_n0.png
0.3,64,8,license_plate_bahnschrift.ttf,CBAGJWPD6YXT0RNZL49E3HSU875KFVMQ2,3,7,1,0.255,8.763561,0.881116,1.10157,,1.0,0.0,point_previews/task000071_mu000064_rho030_n1.png
0.4,64,8,license_plate_bahnschrift.ttf,CBAGJWPD6YXT0RNZL49E3HSU875KFVMQ2,3,7,0,0.34,10.119289,0.843436,0.953987,CBAGJWPD4YXTCRNZLA9ESHSUBTSKEVMG2,0.272727,0.727273,point_previews/task000071_mu000064_rho040_n0.png
0.4,64,8,license_plate_bahnschrift.ttf,CBAGJWPD6YXT0RNZL49E3HSU875KFVMQ2,3,7,1,0.34,10.119289,0.843436,0.953987,CBAGJWPDSYXTURNZLY9ESHSUBTSKEVMQ2,0.242424,0.757576,point_previews/task000071_mu000064_rho040_n1.png
0.5,64,8,license_plate_bahnschrift.ttf,CBAGJWPD6YXT0RNZL49E3HSU875KFVMQ2,3,7,0,0.425,11.313708,0.8067,0.853272,CBAGJWPDEYXTRNZLA9ESHSUSYSKFVMG2,0.242424,0.757576,point_previews/task000071_mu000064_rho050_n0.png
0.5,64,8,license_plate_bahnschrift.ttf,CBAGJWPD6YXT0RNZL49E3HSU875KFVMQ2,3,7,1,0.425,11.313708,0.8067,0.853272,CBAGJWPD4YXTRNZL49ESHSUBTSKFVMQ2,0.181818,0.818182,point_previews/task000071_mu000064_rho050_n1.png
0.6,64,8,license_plate_bahnschrift.ttf,CBAGJWPD6YXT0RNZL49E3HSU875KFVMQ2,3,7,0,0.51,12.393547,0.770893,0.778927,CBAGJWPDGYXTRNZLASESHSUBTSKFYNG2,0.333333,0.666667,point_previews/task000071_mu000064_rho060_n0.png
0.6,64,8,license_plate_bahnschrift.ttf,CBAGJWPD6YXT0RNZL49E3HSU875KFVMQ2,3,7,1,0.51,12.393547,0.770893,0.778927,CBAGJWPDSYXTQRNZL49ESHSUBTSKFVMG2,0.212121,0.787879,point_previews/task000071_mu000064_rho060_n1.png
0.7,64,8,license_plate_bahnschrift.ttf,CBAGJWPD6YXT0RNZL49E3HSU875KFVMQ2,3,7,0,0.595,13.38656,0.735998,0.721147,CBAGJWPDSYXTCRNZL49ESHSUSTSKFYMQ2,0.212121,0.787879,point_previews/task000071_mu000064_rho070_n0.png
0.7,64,8,license_plate_bahnschrift.ttf,CBAGJWPD6YXT0RNZL49E3HSU875KFVMQ2,3,7,1,0.595,13.38656,0.735998,0.721147,CBAGJWPDSYXTGRNZLA9ESHSUSTSKFEYMQ2,0.272727,0.727273,point_previews/task000071_mu000064_rho070_n1.png
0.8,64,8,license_plate_bahnschrift.ttf,CBAGJWPD6YXT0RNZL49E3HSU875KFVMQ2,3,7,0,0.68,14.310835,0.701998,0.674571,CBAGJWPD4YXTRNZLZ9ESHSUBTSKFVMQ2,0.212121,0.787879,point_previews/task000071_mu000064_rho080_n0.png
0.8,64,8,license_plate_bahnschrift.ttf,CBAGJWPD6YXT0RNZL49E3HSU875KFVMQ2,3,7,1,0.68,14.310835,0.701998,0.674571,CBAGJWPU6YXTRNZL49E3HSU875KFVMQ2,0.060606,0.939394,point_previews/task000071_mu000064_rho080_n1.png
0.9,64,8,license_plate_bahnschrift.ttf,CBAGJWPD6YXT0RNZL49E3HSU875KFVMQ2,3,7,0,0.765,15.178933,0.668877,0.635992,CBAGJWPDSYXTRNZL49ESHSUS7SKFVMQ2,0.151515,0.848485,point_previews/task000071_mu000064_rho090_n0.png
0.9,64,8,license_plate_bahnschrift.ttf,CBAGJWPD6YXT0RNZL49E3HSU875KFVMQ2,3,7,1,0.765,15.178933,0.668877,0.635992,CBAGJWPD6YXTRNZL49E3HSUSTSKFVMQ2,0.121212,0.878788,point_previews/task000071_mu000064_rho090_n1.png
1.0,64,8,license_plate_bahnschrift.ttf,CBAGJWPD6YXT0RNZL49E3HSU875KFVMQ2,3,7,0,0.85,16.0,0.63662,0.603355,CBAGJWPD6YXTRNZL49ESHSU875SKFVMQ2,0.090909,0.909091,point_previews/task000071_mu000064_rho100_n0.png
1.0,64,8,license_plate_bahnschrift.ttf,CBAGJWPD6YXT0RNZL49E3HSU875KFVMQ2,3,7,1,0.85,16.0,0.63662,0.603355,CBAGJWPD6YXTURNZL49E3HSU875KFYMQ2,0.060606,0.939394,point_previews/task000071_mu000064_rho100_n1.png
0.1,4,8,license_plate_bahnschrift.ttf,CBAGJWPD6YXT0RNZL49E3HSU875KFVMQ2,3,11,0,0.085,5.059644,0.959381,1.907975,MARESN,0.878788,0.121212,point_previews/task000072_mu000004_rho010_n0.png
0.1,4,8,license_plate_bahnschrift.ttf,CBAGJWPD6YXT0RNZL49E3HSU875KFVMQ2,3,11,1,0.085,5.059644,0.959381,1.907975,,1.0,0.0,point_previews/task000072_mu000004_rho010_n1.png
0.2,4,8,license_plate_bahnschrift.ttf,CBAGJWPD6YXT0RNZL49E3HSU875KFVMQ2,3,11,0,0.17,7.155418,0.919759,1.349142,SAULTWARSKPRLR,0.878788,0.121212,point_previews/task000072_mu000004_rho020_n0.png
0.2,4,8,license_plate_bahnschrift.ttf,CBAGJWPD6YXT0RNZL49E3HSU875KFVMQ2,3,11,1,0.17,7.155418,0.919759,1.349142,,1.0,0.0,point_previews/task000072_mu000004_rho020_n1.png
0.3,4,8,license_plate_bahnschrift.ttf,CBAGJWPD6YXT0RNZL49E3HSU875KFVMQ2,3,11,0,0.255,8.763561,0.881116,1.10157,EBBRSUNAANEESGARY5CSES,0.878788,0.121212,point_previews/task000072_mu000004_rho030_n0.png
0.3,4,8,license_plate_bahnschrift.ttf,CBAGJWPD6YXT0RNZL49E3HSU875KFVMQ2,3,11,1,0.255,8.763561,0.881116,1.10157,GAGPLMC,0.848485,0.151515,point_previews/task000072_mu000004_rho030_n1.png
0.4,4,8,license_plate_bahnschrift.ttf,CBAGJWPD6YXT0RNZL49E3HSU875KFVMQ2,3,11,0,0.34,10.119289,0.843436,0.953987,B5AAS,0.939394,0.060606,point_previews/task000072_mu000004_rho040_n0.png
0.4,4,8,license_plate_bahnschrift.ttf,CBAGJWPD6YXT0RNZL49E3HSU875KFVMQ2,3,11,1,0.34,10.119289,0.843436,0.953987,EASUESMPETARETASSSETRESREENE,0.878788,0.121212,point_previews/task000072_mu000004_rho040_n1.png
0.5,4,8,license_plate_bahnschrift.ttf,CBAGJWPD6YXT0RNZL49E3HSU875KFVMQ2,3,11,0,0.425,11.313708,0.8067,0.853272,LPTENTBAPSCRSEPTEAEMELD,0.878788,0.121212,point_previews/task000072_mu000004_rho050_n0.png
0.5,4,8,license_plate_bahnschrift.ttf,CBAGJWPD6YXT0RNZL49E3HSU875KFVMQ2,3,11,1,0.425,11.313708,0.8067,0.853272,RRRPSTNTCN,0.909091,0.090909,point_previews/task000072_mu000004_rho050_n1.png
0.6,4,8,license_plate_bahnschrift.ttf,CBAGJWPD6YXT0RNZL49E3HSU875KFVMQ2,3,11,0,0.51,12.393547,0.770893,0.778927,,1.0,0.0,point_previews/task000072_mu000004_rho060_n0.png
0.6,4,8,license_plate_bahnschrift.ttf,CBAGJWPD6YXT0RNZL49E3HSU875KFVMQ2,3,11,1,0.51,12.393547,0.770893,0.778927,ASPATDTRTCKTGETRPRREBE,0.848485,0.151515,point_previews/task000072_mu000004_rho060_n1.png
0.7,4,8,license_plate_bahnschrift.ttf,CBAGJWPD6YXT0RNZL49E3HSU875KFVMQ2,3,11,0,0.595,13.38656,0.735998,0.721147,MESERUERPSEDRMTUAEERMCAE,0.939394,0.060606,point_previews/task000072_mu000004_rho070_n0.png
0.7,4,8,license_plate_bahnschrift.ttf,CBAGJWPD6YXT0RNZL49E3HSU875KFVMQ2,3,11,1,0.595,13.38656,0.735998,0.721147,TADLSNSERASREMEPNRLCTAASA,0.878788,0.121212,point_previews/task000072_mu000004_rho070_n1.png
0.8,4,8,license_plate_bahnschrift.ttf,CBAGJWPD6YXT0RNZL49E3HSU875KFVMQ2,3,11,0,0.68,14.310835,0.701998,0.674571,BLEDAPRGAEURSREHATS,0.848485,0.151515,point_previews/task000072_mu000004_rho080_n0.png
0.8,4,8,license_plate_bahnschrift.ttf,CBAGJWPD6YXT0RNZL49E3HSU875KFVMQ2,3,11,1,0.68,14.310835,0.701998,0.674571,SETGHPERRETCHEEMSHB,0.848485,0.151515,point_previews/task000072_mu000004_rho080_n1.png
0.9,4,8,license_plate_bahnschrift.ttf,CBAGJWPD6YXT0RNZL49E3HSU875KFVMQ2,3,11,0,0.765,15.178933,0.668877,0.635992,CBATSHESEBME2FRERSEGD,0.848485,0.151515,point_previews/task000072_mu000004_rho090_n0.png
0.9,4,8,license_plate_bahnschrift.ttf,CBAGJWPD6YXT0RNZL49E3HSU875KFVMQ2,3,11,1,0.765,15.178933,0.668877,0.635992,BRETSMP,0.848485,0.151515,point_previews/task000072_mu000004_rho090_n1.png
1.0,4,8,license_plate_bahnschrift.ttf,CBAGJWPD6YXT0RNZL49E3HSU875KFVMQ2,3,11,0,0.85,16.0,0.63662,0.603355,GBARAWPERMXLPRUBPHEES,0.757576,0.242424,point_previews/task000072_mu000004_rho100_n0.png
1.0,4,8,license_plate_bahnschrift.ttf,CBAGJWPD6YXT0RNZL49E3HSU875KFVMQ2,3,11,1,0.85,16.0,0.63662,0.603355,SERRSAVERHBESMEUATRNA,0.909091,0.090909,point_previews/task000072_mu000004_rho100_n1.png
0.1,6,8,license_plate_bahnschrift.ttf,CBAGJWPD6YXT0RNZL49E3HSU875KFVMQ2,3,11,0,0.085,5.059644,0.959381,1.907975,PSEBERLB,0.909091,0.090909,point_previews/task000073_mu000006_rho010_n0.png
0.1,6,8,license_plate_bahnschrift.ttf,CBAGJWPD6YXT0RNZL49E3HSU875KFVMQ2,3,11,1,0.085,5.059644,0.959381,1.907975,ERSPNSETRESSURB,0.818182,0.181818,point_previews/task000073_mu000006_rho010_n1.png
0.2,6,8,license_plate_bahnschrift.ttf,CBAGJWPD6YXT0RNZL49E3HSU875KFVMQ2,3,11,0,0.17,7.155418,0.919759,1.349142,RATUCMUNNRHA3,0.909091,0.090909,point_previews/task000073_mu000006_rho020_n0.png
0.2,6,8,license_plate_bahnschrift.ttf,CBAGJWPD6YXT0RNZL49E3HSU875KFVMQ2,3,11,1,0.17,7.155418,0.919759,1.349142,RMAMUECSLET,0.909091,0.090909,point_previews/task000073_mu000006_rho020_n1.png
0.3,6,8,license_plate_bahnschrift.ttf,CBAGJWPD6YXT0RNZL49E3HSU875KFVMQ2,3,11,0,0.255,8.763561,0.881116,1.10157,EMACPEBACHUNYSR,0.878788,0.121212,point_previews/task000073_mu000006_rho030_n0.png
0.3,6,8,license_plate_bahnschrift.ttf,CBAGJWPD6YXT0RNZL49E3HSU875KFVMQ2,3,11,1,0.255,8.763561,0.881116,1.10157,BASRCU,0.878788,0.121212,point_previews/task000073_mu000006_rho030_n1.png
0.4,6,8,license_plate_bahnschrift.ttf,CBAGJWPD6YXT0RNZL49E3HSU875KFVMQ2,3,11,0,0.34,10.119289,0.843436,0.953987,ESSPSAPSRCANMASFSCNYZSRSR,0.909091,0.090909,point_previews/task000073_mu000006_rho040_n0.png
0.4,6,8,license_plate_bahnschrift.ttf,CBAGJWPD6YXT0RNZL49E3HSU875KFVMQ2,3,11,1,0.34,10.119289,0.843436,0.953987,LAARSELASPMCSEAPR,0.878788,0.121212,point_previews/task000073_mu000006_rho040_n1.png
0.5,6,8,license_plate_bahnschrift.ttf,CBAGJWPD6YXT0RNZL49E3HSU875KFVMQ2,3,11,0,0.425,11.313708,0.8067,0.853272,BT,0.939394,0.060606,point_previews/task000073_mu000006_rho050_n0.png
0.5,6,8,license_plate_bahnschrift.ttf,CBAGJWPD6YXT0RNZL49E3HSU875KFVMQ2,3,11,1,0.425,11.313708,0.8067,0.853272,NEBSSSRTEBASLMNPEL,0.909091,0.090909,point_previews/task000073_mu000006_rho050_n1.png
0.6,6,8,license_plate_bahnschrift.ttf,CBAGJWPD6YXT0RNZL49E3HSU875KFVMQ2,3,11,0,0.51,12.393547,0.770893,0.778927,CBARSPETREDRAAHEGRLRHEYAE,0.787879,0.212121,point_previews/task000073_mu000006_rho060_n0.png
0.6,6,8,license_plate_bahnschrift.ttf,CBAGJWPD6YXT0RNZL49E3HSU875KFVMQ2,3,11,1,0.51,12.393547,0.770893,0.778927,SSYRECARHGHETRG,0.909091,0.090909,point_previews/task000073_mu000006_rho060_n1.png
0.7,6,8,license_plate_bahnschrift.ttf,CBAGJWPD6YXT0RNZL49E3HSU875KFVMQ2,3,11,0,0.595,13.38656,0.735998,0.721147,REDBUGRTRAGSSVMGS,0.848485,0.151515,point_previews/task000073_mu000006_rho070_n0.png
0.7,6,8,license_plate_bahnschrift.ttf,CBAGJWPD6YXT0RNZL49E3HSU875KFVMQ2,3,11,1,0.595,13.38656,0.735998,0.721147,CEAGSETETARGTLSRSETPS,0.787879,0.212121,point_previews/task000073_mu000006_rho070_n1.png
0.8,6,8,license_plate_bahnschrift.ttf,CBAGJWPD6YXT0RNZL49E3HSU875KFVMQ2,3,11,0,0.68,14.310835,0.701998,0.674571,SCEATESRGPEEYREACPRSUSEBTSEFVS,0.848485,0.151515,point_previews/task000073_mu000006_rho080_n0.png
0.8,6,8,license_plate_bahnschrift.ttf,CBAGJWPD6YXT0RNZL49E3HSU875KFVMQ2,3,11,1,0.68,14.310835,0.701998,0.674571,ESEGPARESTSGAMEEANESSATSREVAGE,0.848485,0.151515,point_previews/task000073_mu000006_rho080_n1.png
0.9,6,8,license_plate_bahnschrift.ttf,CBAGJWPD6YXT0RNZL49E3HSU875KFVMQ2,3,11,0,0.765,15.178933,0.668877,0.635992,SRAERUEDSYETHRRSHESHSHEKM,0.69697,0.30303,point_previews/task000073_mu000006_rho090_n0.png
0.9,6,8,license_plate_bahnschrift.ttf,CBAGJWPD6YXT0RNZL49E3HSU875KFVMQ2,3,11,1,0.765,15.178933,0.668877,0.635992,SCRAGSNPMAYRSNPERAESP,0.787879,0.212121,point_previews/task000073_mu000006_rho090_n1.png
1.0,6,8,license_plate_bahnschrift.ttf,CBAGJWPD6YXT0RNZL49E3HSU875KFVMQ2,3,11,0,0.85,16.0,0.63662,0.603355,CBNGAPEYTTRNEETRRPYMZ,0.69697,0.30303,point_previews/task000073_mu000006_rho100_n0.png
1.0,6,8,license_plate_bahnschrift.ttf,CBAGJWPD6YXT0RNZL49E3HSU875KFVMQ2,3,11,1,0.85,16.0,0.63662,0.603355,CPNAGUMETSKRTNMTUPSRSTSEYRS,0.848485,0.151515,point_previews/task000073_mu000006_rho100_n1.png
0.1,8,8,license_plate_bahnschrift.ttf,CBAGJWPD6YXT0RNZL49E3HSU875KFVMQ2,3,11,0,0.085,5.059644,0.959381,1.907975,CREDSLRTPC,0.878788,0.121212,point_previews/task000074_mu000008_rho010_n0.png
0.1,8,8,license_plate_bahnschrift.ttf,CBAGJWPD6YXT0RNZL49E3HSU875KFVMQ2,3,11,1,0.085,5.059644,0.959381,1.907975,EAARSNPMR,0.878788,0.121212,point_previews/task000074_mu000008_rho010_n1.png
0.2,8,8,license_plate_bahnschrift.ttf,CBAGJWPD6YXT0RNZL49E3HSU875KFVMQ2,3,11,0,0.17,7.155418,0.919759,1.349142,SSPURSREGLREUCEPCRN,0.848485,0.151515,point_previews/task000074_mu000008_rho020_n0.png
0.2,8,8,license_plate_bahnschrift.ttf,CBAGJWPD6YXT0RNZL49E3HSU875KFVMQ2,3,11,1,0.17,7.155418,0.919759,1.349142,,1.0,0.0,point_previews/task000074_mu000008_rho020_n1.png
0.3,8,8,license_plate_bahnschrift.ttf,CBAGJWPD6YXT0RNZL49E3HSU875KFVMQ2,3,11,0,0.255,8.763561,0.881116,1.10157,PRSARLBERRRLRSEDRER,0.878788,0.121212,point_previews/task000074_mu000008_rho030_n0.png
0.3,8,8,license_plate_bahnschrift.ttf,CBAGJWPD6YXT0RNZL49E3HSU875KFVMQ2,3,11,1,0.255,8.763561,0.881116,1.10157,SPGEPATUMNBG,0.878788,0.121212,point_previews/task000074_mu000008_rho030_n1.png
0.4,8,8,license_plate_bahnschrift.ttf,CBAGJWPD6YXT0RNZL49E3HSU875KFVMQ2,3,11,0,0.34,10.119289,0.843436,0.953987,,1.0,0.0,point_previews/task000074_mu000008_rho040_n0.png
0.4,8,8,license_plate_bahnschrift.ttf,CBAGJWPD6YXT0RNZL49E3HSU875KFVMQ2,3,11,1,0.34,10.119289,0.843436,0.953987,RESAGAREYTERSBSP,0.848485,0.151515,point_previews/task000074_mu000008_rho040_n1.png
0.5,8,8,license_plate_bahnschrift.ttf,CBAGJWPD6YXT0RNZL49E3HSU875KFVMQ2,3,11,0,0.425,11.313708,0.8067,0.853272,ENGTRRDSPREERTTAP4EAEEZ,0.878788,0.121212,point_previews/task000074_mu000008_rho050_n0.png
0.5,8,8,license_plate_bahnschrift.ttf,CBAGJWPD6YXT0RNZL49E3HSU875KFVMQ2,3,11,1,0.425,11.313708,0.8067,0.853272,JCSRRNAYEAMSUTMPLS,0.818182,0.181818,point_previews/task000074_mu000008_rho050_n1.png
0.6,8,8,license_plate_bahnschrift.ttf,CBAGJWPD6YXT0RNZL49E3HSU875KFVMQ2,3,11,0,0.51,12.393547,0.770893,0.778927,LEBGSAECNXTDRMGLWSEASUSLAREUREES,0.787879,0.212121,point_previews/task000074_mu000008_rho060_n0.png
0.6,8,8,license_plate_bahnschrift.ttf,CBAGJWPD6YXT0RNZL49E3HSU875KFVMQ2,3,11,1,0.51,12.393547,0.770893,0.778927,GAALRRUEYETDRNTSASMESTKEYR,0.787879,0.212121,point_previews/task000074_mu000008_rho060_n1.png
0.7,8,8,license_plate_bahnschrift.ttf,CBAGJWPD6YXT0RNZL49E3HSU875KFVMQ2,3,11,0,0.595,13.38656,0.735998,0.721147,SRAGHAREGTNTURAUSRNSH5KE,0.787879,0.212121,point_previews/task000074_mu000008_rho070_n0.png
0.7,8,8,license_plate_bahnschrift.ttf,CBAGJWPD6YXT0RNZL49E3HSU875KFVMQ2,3,11,1,0.595,13.38656,0.735998,0.721147,SCRAGPRPRGTATRNZLASECHSUSFSREPM,0.606061,0.393939,point_previews/task000074_mu000008_rho070_n1.png
0.8,8,8,license_plate_bahnschrift.ttf,CBAGJWPD6YXT0RNZL49E3HSU875KFVMQ2,3,11,0,0.68,14.310835,0.701998,0.674571,ESEGRURQSATCRNAUSHSTFES,0.787879,0.212121,point_previews/task000074_mu000008_rho080_n0.png
0.8,8,8,license_plate_bahnschrift.ttf,CBAGJWPD6YXT0RNZL49E3HSU875KFVMQ2,3,11,1,0.68,14.310835,0.701998,0.674571,CRNGRAERAETPRNELCURSHSBTERPAS,0.757576,0.242424,point_previews/task000074_mu000008_rho080_n1.png
0.9,8,8,license_plate_bahnschrift.ttf,CBAGJWPD6YXT0RNZL49E3HSU875KFVMQ2,3,11,0,0.765,15.178933,0.668877,0.635992,CHARUWPRETRTRRNZLARSHSURTEREVEEES,0.636364,0.363636,point_previews/task000074_mu000008_rho090_n0.png
0.9,8,8,license_plate_bahnschrift.ttf,CBAGJWPD6YXT0RNZL49E3HSU875KFVMQ2,3,11,1,0.765,15.178933,0.668877,0.635992,,1.0,0.0,point_previews/task000074_mu000008_rho090_n1.png
1.0,8,8,license_plate_bahnschrift.ttf,CBAGJWPD6YXT0RNZL49E3HSU875KFVMQ2,3,11,0,0.85,16.0,0.63662,0.603355,CRAGAVEDAYXTGRNTLGHESHDUSTSKEUMES,0.545455,0.454545,point_previews/task000074_mu000008_rho100_n0.png
1.0,8,8,license_plate_bahnschrift.ttf,CBAGJWPD6YXT0RNZL49E3HSU875KFVMQ2,3,11,1,0.85,16.0,0.63662,0.603355,CRAGJWRDGYETERNZLAETHSLSTKRNGE,0.515152,0.484848,point_previews/task000074_mu000008_rho100_n1.png
0.1,11,8,license_plate_bahnschrift.ttf,CBAGJWPD6YXT0RNZL49E3HSU875KFVMQ2,3,11,0,0.085,5.059644,0.959381,1.907975,,1.0,0.0,point_previews/task000075_mu000011_rho010_n0.png
0.1,11,8,license_plate_bahnschrift.ttf,CBAGJWPD6YXT0RNZL49E3HSU875KFVMQ2,3,11,1,0.085,5.059644,0.959381,1.907975,SPSUAESASN,0.909091,0.090909,point_previews/task000075_mu000011_rho010_n1.png
0.2,11,8,license_plate_bahnschrift.ttf,CBAGJWPD6YXT0RNZL49E3HSU875KFVMQ2,3,11,0,0.17,7.155418,0.919759,1.349142,FMCUA,0.969697,0.030303,point_previews/task000075_mu000011_rho020_n0.png
0.2,11,8,license_plate_bahnschrift.ttf,CBAGJWPD6YXT0RNZL49E3HSU875KFVMQ2,3,11,1,0.17,7.155418,0.919759,1.349142,,1.0,0.0,point_previews/task000075_mu000011_rho020_n1.png
0.3,11,8,license_plate_bahnschrift.ttf,CBAGJWPD6YXT0RNZL49E3HSU875KFVMQ2,3,11,0,0.255,8.763561,0.881116,1.10157,TERGURETRATERARRERBATSMERE,0.878788,0.121212,point_previews/task000075_mu000011_rho030_n0.png
0.3,11,8,license_plate_bahnschrift.ttf,CBAGJWPD6YXT0RNZL49E3HSU875KFVMQ2,3,11,1,0.255,8.763561,0.881116,1.10157,ESACSACESRETSWAESHSHEYGHETTG,0.848485,0.151515,point_previews/task000075_mu000011_rho030_n1.png
0.4,11,8,license_plate_bahnschrift.ttf,CBAGJWPD6YXT0RNZL49E3HSU875KFVMQ2,3,11,0,0.34,10.119289,0.843436,0.953987,EHAGSEPKTEREERTESHSURTARECED,0.727273,0.272727,point_previews/task000075_mu000011_rho040_n0.png
0.4,11,8,license_plate_bahnschrift.ttf,CBAGJWPD6YXT0RNZL49E3HSU875KFVMQ2,3,11,1,0.34,10.119289,0.843436,0.953987,SMMNYNRNASRSURSREMS,0.818182,0.181818,point_previews/task000075_mu000011_rho040_n1.png
0.5,11,8,license_plate_bahnschrift.ttf,CBAGJWPD6YXT0RNZL49E3HSU875KFVMQ2,3,11,0,0.425,11.313708,0.8067,0.853272,EBSRAESRRURREERSHSUBTSKEYMG,0.787879,0.212121,point_previews/task000075_mu000011_rho050_n0.png
0.5,11,8,license_plate_bahnschrift.ttf,CBAGJWPD6YXT0RNZL49E3HSU875KFVMQ2,3,11,1,0.425,11.313708,0.8067,0.853272,CRATGER6AGEEMAUPESHSURTEKEVMDS,0.69697,0.30303,point_previews/task000075_mu000011_rho050_n1.png
0.6,11,8,license_plate_bahnschrift.ttf,CBAGJWPD6YXT0RNZL49E3HSU875KFVMQ2,3,11,0,0.51,12.393547,0.770893,0.778927,CRARTWECSYRTRRNG9ESHSUBTSKENRED,0.606061,0.393939,point_previews/task000075_mu000011_rho060_n0.png
0.6,11,8,license_plate_bahnschrift.ttf,CBAGJWPD6YXT0RNZL49E3HSU875KFVMQ2,3,11,1,0.51,12.393547,0.770893,0.778927,CBAGUNADAYXTURNZLPSSHSUST5RRUM,0.484848,0.515152,point_previews/task000075_mu000011_rho060_n1.png
0.7,11,8,license_plate_bahnschrift.ttf,CBAGJWPD6YXT0RNZL49E3HSU875KFVMQ2,3,11,0,0.595,13.38656,0.735998,0.721147,EBAGPAUHGPRDANZLUESHSUSKEVME,0.606061,0.393939,point_previews/task000075_mu000011_rho070_n0.png
0.7,11,8,license_plate_bahnschrift.ttf,CBAGJWPD6YXT0RNZL49E3HSU875KFVMQ2,3,11,1,0.595,13.38656,0.735998,0.721147,,1.0,0.0,point_previews/task000075_mu000011_rho070_n1.png
0.8,11,8,license_plate_bahnschrift.ttf,CBAGJWPD6YXT0RNZL49E3HSU875KFVMQ2,3,11,0,0.68,14.310835,0.701998,0.674571,SRAQUMAPRAYNTURNZLGSESHSUSTSKEVMED,0.575758,0.424242,point_previews/task000075_mu000011_rho080_n0.png
0.8,11,8,license_plate_bahnschrift.ttf,CBAGJWPD6YXT0RNZL49E3HSU875KFVMQ2,3,11,1,0.68,14.310835,0.701998,0.674571,CHEGSWREAMTDRNZATHESHSUBTSKMG2,0.575758,0.424242,point_previews/task000075_mu000011_rho080_n1.png
0.9,11,8,license_plate_bahnschrift.ttf,CBAGJWPD6YXT0RNZL49E3HSU875KFVMQ2,3,11,0,0.765,15.178933,0.668877,0.635992,CBAGHUSBAVGRN2SRSHSURTSKEVGD,0.666667,0.333333,point_previews/task000075_mu000011_rho090_n0.png
0.9,11,8,license_plate_bahnschrift.ttf,CBAGJWPD6YXT0RNZL49E3HSU875KFVMQ2,3,11,1,0.765,15.178933,0.668877,0.635992,,1.0,0.0,point_previews/task000075_mu000011_rho090_n1.png
1.0,11,8,license_plate_bahnschrift.ttf,CBAGJWPD6YXT0RNZL49E3HSU875KFVMQ2,3,11,0,0.85,16.0,0.63662,0.603355,,1.0,0.0,point_previews/task000075_mu000011_rho100_n0.png
1.0,11,8,license_plate_bahnschrift.ttf,CBAGJWPD6YXT0RNZL49E3HSU875KFVMQ2,3,11,1,0.85,16.0,0.63662,0.603355,CSAGNEDSXTGRNZLASESHSUBTSEVMG2,0.484848,0.515152,point_previews/task000075_mu000011_rho100_n1.png
0.1,16,8,license_plate_bahnschrift.ttf,CBAGJWPD6YXT0RNZL49E3HSU875KFVMQ2,3,11,0,0.085,5.059644,0.959381,1.907975,SYUSU8GCR,0.878788,0.121212,point_previews/task000076_mu000016_rho010_n0.png
0.1,16,8,license_plate_bahnschrift.ttf,CBAGJWPD6YXT0RNZL49E3HSU875KFVMQ2,3,11,1,0.085,5.059644,0.959381,1.907975,RREEHENRSR,0.909091,0.090909,point_previews/task000076_mu000016_rho010_n1.png
0.2,16,8,license_plate_bahnschrift.ttf,CBAGJWPD6YXT0RNZL49E3HSU875KFVMQ2,3,11,0,0.17,7.155418,0.919759,1.349142,,1.0,0.0,point_previews/task000076_mu000016_rho020_n0.png
0.2,16,8,license_plate_bahnschrift.ttf,CBAGJWPD6YXT0RNZL49E3HSU875KFVMQ2,3,11,1,0.17,7.155418,0.919759,1.349142,SEGARENUSRNREPUAMESAEENPBA,0.878788,0.121212,point_previews/task000076_mu000016_rho020_n1.png
0.3,16,8,license_plate_bahnschrift.ttf,CBAGJWPD6YXT0RNZL49E3HSU875KFVMQ2,3,11,0,0.255,8.763561,0.881116,1.10157,GRAGVCRSYRGRNZEESHSUKFA,0.636364,0.363636,point_previews/task000076_mu000016_rho030_n0.png
0.3,16,8,license_plate_bahnschrift.ttf,CBAGJWPD6YXT0RNZL49E3HSU875KFVMQ2,3,11,1,0.255,8.763561,0.881116,1.10157,CBAYYPEYKTGEMELSTERHSEBTSEUMGS,0.666667,0.333333,point_previews/task000076_mu000016_rho030_n1.png
0.4,16,8,license_plate_bahnschrift.ttf,CBAGJWPD6YXT0RNZL49E3HSU875KFVMQ2,3,11,0,0.34,10.119289,0.843436,0.953987,RESGMECETATUNNZEMPESHBGSKEUMASS,0.787879,0.212121,point_previews/task000076_mu000016_rho040_n0.png
0.4,16,8,license_plate_bahnschrift.ttf,CBAGJWPD6YXT0RNZL49E3HSU875KFVMQ2,3,11,1,0.34,10.119289,0.843436,0.953987,PRSGJWEDSYETCRNELAPSSHSSTKEM,0.606061,0.393939,point_previews/task000076_mu000016_rho040_n1.png
0.5,16,8,license_plate_bahnschrift.ttf,CBAGJWPD6YXT0RNZL49E3HSU875KFVMQ2,3,11,0,0.425,11.313708,0.8067,0.853272,,1.0,0.0,point_previews/task000076_mu000016_rho050_n0.png
0.5,16,8,license_plate_bahnschrift.ttf,CBAGJWPD6YXT0RNZL49E3HSU875KFVMQ2,3,11,1,0.425,11.313708,0.8067,0.853272,,1.0,0.0,point_previews/task000076_mu000016_rho050_n1.png
0.6,16,8,license_plate_bahnschrift.ttf,CBAGJWPD6YXT0RNZL49E3HSU875KFVMQ2,3,11,0,0.51,12.393547,0.770893,0.778927,,1.0,0.0,point_previews/task000076_mu000016_rho060_n0.png
0.6,16,8,license_plate_bahnschrift.ttf,CBAGJWPD6YXT0RNZL49E3HSU875KFVMQ2,3,11,1,0.51,12.393547,0.770893,0.778927,CRACVPDGRTBRNZLS9SSHSUSTSKEYMS,0.545455,0.454545,point_previews/task000076_mu000016_rho060_n1.png
0.7,16,8,license_plate_bahnschrift.ttf,CBAGJWPD6YXT0RNZL49E3HSU875KFVMQ2,3,11,0,0.595,13.38656,0.735998,0.721147,,1.0,0.0,point_previews/task000076_mu000016_rho070_n0.png
0.7,16,8,license_plate_bahnschrift.ttf,CBAGJWPD6YXT0RNZL49E3HSU875KFVMQ2,3,11,1,0.595,13.38656,0.735998,0.721147,,1.0,0.0,point_previews/task000076_mu000016_rho070_n1.png
0.8,16,8,license_plate_bahnschrift.ttf,CBAGJWPD6YXT0RNZL49E3HSU875KFVMQ2,3,11,0,0.68,14.310835,0.701998,0.674571,CBAGJWPDSTRTGRNZLGSESHSUSTPKEVMG2,0.363636,0.636364,point_previews/task000076_mu000016_rho080_n0.png
0.8,16,8,license_plate_bahnschrift.ttf,CBAGJWPD6YXT0RNZL49E3HSU875KFVMQ2,3,11,1,0.68,14.310835,0.701998,0.674571,CBAGUWPDSYXTRNZLGFESHSUBTSKEYNGD,0.424242,0.575758,point_previews/task000076_mu000016_rho080_n1.png
0.9,16,8,license_plate_bahnschrift.ttf,CBAGJWPD6YXT0RNZL49E3HSU875KFVMQ2,3,11,0,0.765,15.178933,0.668877,0.635992,CBAGJMPDEYSTARNZLASESHSUB75KEYMG2,0.333333,0.666667,point_previews/task000076_mu000016_rho090_n0.png
0.9,16,8,license_plate_bahnschrift.ttf,CBAGJWPD6YXT0RNZL49E3HSU875KFVMQ2,3,11,1,0.765,15.178933,0.668877,0.635992,DRAGWPRAYRTCRNZLAPESHSUSTSKEVMGZ,0.484848,0.515152,point_previews/task000076_mu000016_rho090_n1.png
1.0,16,8,license_plate_bahnschrift.ttf,CBAGJWPD6YXT0RNZL49E3HSU875KFVMQ2,3,11,0,0.85,16.0,0.63662,0.603355,CRAGSMPDSTXTURNZL4PESHSUBTSKFUMG2,0.393939,0.606061,point_previews/task000076_mu000016_rho100_n0.png
1.0,16,8,license_plate_bahnschrift.ttf,CBAGJWPD6YXT0RNZL49E3HSU875KFVMQ2,3,11,1,0.85,16.0,0.63662,0.603355,,1.0,0.0,point_previews/task000076_mu000016_rho100_n1.png
0.1,23,8,license_plate_bahnschrift.ttf,CBAGJWPD6YXT0RNZL49E3HSU875KFVMQ2,3,11,0,0.085,5.059644,0.959381,1.907975,TSSLTSUTTCUPSMSLSRP,0.909091,0.090909,point_previews/task000077_mu000023_rho010_n0.png
0.1,23,8,license_plate_bahnschrift.ttf,CBAGJWPD6YXT0RNZL49E3HSU875KFVMQ2,3,11,1,0.085,5.059644,0.959381,1.907975,EBGESCERALAEPURESLNU,0.818182,0.181818,point_previews/task000077_mu000023_rho010_n1.png
0.2,23,8,license_plate_bahnschrift.ttf,CBAGJWPD6YXT0RNZL49E3HSU875KFVMQ2,3,11,0,0.17,7.155418,0.919759,1.349142,READTMESYRTGRTESCAHLGTKPT,0.818182,0.181818,point_previews/task000077_mu000023_rho020_n0.png
0.2,23,8,license_plate_bahnschrift.ttf,CBAGJWPD6YXT0RNZL49E3HSU875KFVMQ2,3,11,1,0.17,7.155418,0.919759,1.349142,CRAGHWERAVRTCRREPESHSURTSREY2,0.666667,0.333333,point_previews/task000077_mu000023_rho020_n1.png
0.3,23,8,license_plate_bahnschrift.ttf,CBAGJWPD6YXT0RNZL49E3HSU875KFVMQ2,3,11,0,0.255,8.763561,0.881116,1.10157,CRAGSWEDEYRTURMZLAFSHSUSTSKEVM,0.515152,0.484848,point_previews/task000077_mu000023_rho030_n0.png
0.3,23,8,license_plate_bahnschrift.ttf,CBAGJWPD6YXT0RNZL49E3HSU875KFVMQ2,3,11,1,0.255,8.763561,0.881116,1.10157,EBRWPRDANZAEZHSUSTEKRUR2,0.666667,0.333333,point_previews/task000077_mu000023_rho030_n1.png
0.4,23,8,license_plate_bahnschrift.ttf,CBAGJWPD6YXT0RNZL49E3HSU875KFVMQ2,3,11,0,0.34,10.119289,0.843436,0.953987,CRAGSWPRETURNZLGSHSMTSKEYMGZ,0.575758,0.424242,point_previews/task000077_mu000023_rho040_n0.png
0.4,23,8,license_plate_bahnschrift.ttf,CBAGJWPD6YXT0RNZL49E3HSU875KFVMQ2,3,11,1,0.34,10.119289,0.843436,0.953987,CRAGLWPREYXTCRMZL4ESHSUBTERENMGZ,0.484848,0.515152,point_previews/task000077_mu000023_rho040_n1.png
0.5,23,8,license_plate_bahnschrift.ttf,CBAGJWPD6YXT0RNZL49E3HSU875KFVMQ2,3,11,0,0.425,11.313708,0.8067,0.853272,PBSGJWPH6YTURNG49F3HSUSTSKEVMG2,0.393939,0.606061,point_previews/task000077_mu000023_rho050_n0.png
0.5,23,8,license_plate_bahnschrift.ttf,CBAGJWPD6YXT0RNZL49E3HSU875KFVMQ2,3,11,1,0.425,11.313708,0.8067,0.853272,CRAGSHPDSESTRNZUGSESHSUSFSKFEUMAZ,0.545455,0.454545,point_previews/task000077_mu000023_rho050_n1.png
0.6,23,8,license_plate_bahnschrift.ttf,CBAGJWPD6YXT0RNZL49E3HSU875KFVMQ2,3,11,0,0.51,12.393547,0.770893,0.778927,,1.0,0.0,point_previews/task000077_mu000023_rho060_n0.png
0.6,23,8,license_plate_bahnschrift.ttf,CBAGJWPD6YXT0RNZL49E3HSU875KFVMQ2,3,11,1,0.51,12.393547,0.770893,0.778927,,1.0,0.0,point_previews/task000077_mu000023_rho060_n1.png
0.7,23,8,license_plate_bahnschrift.ttf,CBAGJWPD6YXT0RNZL49E3HSU875KFVMQ2,3,11,0,0.595,13.38656,0.735998,0.721147,,1.0,0.0,point_previews/task000077_mu000023_rho070_n0.png
0.7,23,8,license_plate_bahnschrift.ttf,CBAGJWPD6YXT0RNZL49E3HSU875KFVMQ2,3,11,1,0.595,13.38656,0.735998,0.721147,,1.0,0.0,point_previews/task000077_mu000023_rho070_n1.png
0.8,23,8,license_plate_bahnschrift.ttf,CBAGJWPD6YXT0RNZL49E3HSU875KFVMQ2,3,11,0,0.68,14.310835,0.701998,0.674571,DBAGWPD6YXTURNZLG9E3H5U87SKEYNG2,0.30303,0.69697,point_previews/task000077_mu000023_rho080_n0.png
0.8,23,8,license_plate_bahnschrift.ttf,CBAGJWPD6YXT0RNZL49E3HSU875KFVMQ2,3,11,1,0.68,14.310835,0.701998,0.674571,,1.0,0.0,point_previews/task000077_mu000023_rho080_n1.png
0.9,23,8,license_plate_bahnschrift.ttf,CBAGJWPD6YXT0RNZL49E3HSU875KFVMQ2,3,11,0,0.765,15.178933,0.668877,0.635992,CBAGWPDSYXTURNZLG9E3HSUBTSKFVMG2,0.242424,0.757576,point_previews/task000077_mu000023_rho090_n0.png
0.9,23,8,license_plate_bahnschrift.ttf,CBAGJWPD6YXT0RNZL49E3HSU875KFVMQ2,3,11,1,0.765,15.178933,0.668877,0.635992,CRAGJWPDSYXTGRNZLAPESHSUSTSKFVMAZ,0.333333,0.666667,point_previews/task000077_mu000023_rho090_n1.png
1.0,23,8,license_plate_bahnschrift.ttf,CBAGJWPD6YXT0RNZL49E3HSU875KFVMQ2,3,11,0,0.85,16.0,0.63662,0.603355,CBAGJWPDSYXTRNZL47ESHSUSTDKFVMQZ,0.242424,0.757576,point_previews/task000077_mu000023_rho100_n0.png
1.0,23,8,license_plate_bahnschrift.ttf,CBAGJWPD6YXT0RNZL49E3HSU875KFVMQ2,3,11,1,0.85,16.0,0.63662,0.603355,CBAGSWPEGYXTURNZLGSESHSUSTSKEVMGP,0.393939,0.606061,point_previews/task000077_mu000023_rho100_n1.png
0.1,32,8,license_plate_bahnschrift.ttf,CBAGJWPD6YXT0RNZL49E3HSU875KFVMQ2,3,11,0,0.085,5.059644,0.959381,1.907975,ERREETSARNTRHSR,0.878788,0.121212,point_previews/task000078_mu000032_rho010_n0.png
0.1,32,8,license_plate_bahnschrift.ttf,CBAGJWPD6YXT0RNZL49E3HSU875KFVMQ2,3,11,1,0.085,5.059644,0.959381,1.907975,RARGPTECHUNBENBATP,0.818182,0.181818,point_previews/task000078_mu000032_rho010_n1.png
0.2,32,8,license_plate_bahnschrift.ttf,CBAGJWPD6YXT0RNZL49E3HSU875KFVMQ2,3,11,0,0.17,7.155418,0.919759,1.349142,DHAGWPBYXTDRNZLAYESHSUSTSKEUNGD,0.515152,0.484848,point_previews/task000078_mu000032_rho020_n0.png
0.2,32,8,license_plate_bahnschrift.ttf,CBAGJWPD6YXT0RNZL49E3HSU875KFVMQ2,3,11,1,0.17,7.155418,0.919759,1.349142,,1.0,0.0,point_previews/task000078_mu000032_rho020_n1.png
0.3,32,8,license_plate_bahnschrift.ttf,CBAGJWPD6YXT0RNZL49E3HSU875KFVMQ2,3,11,0,0.255,8.763561,0.881116,1.10157,,1.0,0.0,point_previews/task000078_mu000032_rho030_n0.png
0.3,32,8,license_plate_bahnschrift.ttf,CBAGJWPD6YXT0RNZL49E3HSU875KFVMQ2,3,11,1,0.255,8.763561,0.881116,1.10157,EBAGPDSYATPRNZGRESHSUBTSKEVMGQ2,0.454545,0.545455,point_previews/task000078_mu000032_rho030_n1.png
0.4,32,8,license_plate_bahnschrift.ttf,CBAGJWPD6YXT0RNZL49E3HSU875KFVMQ2,3,11,0,0.34,10.119289,0.843436,0.953987,CBAGJWPR6YXTERNZL49ESHSUBTEKFYNG2,0.272727,0.727273,point_previews/task000078_mu000032_rho040_n0.png
0.4,32,8,license_plate_bahnschrift.ttf,CBAGJWPD6YXT0RNZL49E3HSU875KFVMQ2,3,11,1,0.34,10.119289,0.843436,0.953987,CBAGJWPDSYXTURNEL49ESHSUBTSKEVNG2,0.30303,0.69697,point_previews/task000078_mu000032_rho040_n1.png
0.5,32,8,license_plate_bahnschrift.ttf,CBAGJWPD6YXT0RNZL49E3HSU875KFVMQ2,3,11,0,0.425,11.313708,0.8067,0.853272,,1.0,0.0,point_previews/task000078_mu000032_rho050_n0.png
0.5,32,8,license_plate_bahnschrift.ttf,CBAGJWPD6YXT0RNZL49E3HSU875KFVMQ2,3,11,1,0.425,11.313708,0.8067,0.853272,CBAGJWPDGYXTURNLA9ESHSUSTSKFVMQ2,0.242424,0.757576,point_previews/task000078_mu000032_rho050_n1.png
0.6,32,8,license_plate_bahnschrift.ttf,CBAGJWPD6YXT0RNZL49E3HSU875KFVMQ2,3,11,0,0.51,12.393547,0.770893,0.778927,,1.0,0.0,point_previews/task000078_mu000032_rho060_n0.png
0.6,32,8,license_plate_bahnschrift.ttf,CBAGJWPD6YXT0RNZL49E3HSU875KFVMQ2,3,11,1,0.51,12.393547,0.770893,0.778927,CBAGJWPRAYXTGRNZL4PESHSUBTSKFYMR2,0.30303,0.69697,point_previews/task000078_mu000032_rho060_n1.png
0.7,32,8,license_plate_bahnschrift.ttf,CBAGJWPD6YXT0RNZL49E3HSU875KFVMQ2,3,11,0,0.595,13.38656,0.735998,0.721147,,1.0,0.0,point_previews/task000078_mu000032_rho070_n0.png
0.7,32,8,license_plate_bahnschrift.ttf,CBAGJWPD6YXT0RNZL49E3HSU875KFVMQ2,3,11,1,0.595,13.38656,0.735998,0.721147,CBAGJWPDSYXTURNZC49ESHSUS7BKEYMG2,0.272727,0.727273,point_previews/task000078_mu000032_rho070_n1.png
0.8,32,8,license_plate_bahnschrift.ttf,CBAGJWPD6YXT0RNZL49E3HSU875KFVMQ2,3,11,0,0.68,14.310835,0.701998,0.674571,CBAGJWPRSYXTURNZLA9ESHSUSTSKFUMG2,0.30303,0.69697,point_previews/task000078_mu000032_rho080_n0.png
0.8,32,8,license_plate_bahnschrift.ttf,CBAGJWPD6YXT0RNZL49E3HSU875KFVMQ2,3,11,1,0.68,14.310835,0.701998,0.674571,CBAGJWPDSYXTCRNZL49E3HSUBTSKEVMQZ,0.212121,0.787879,point_previews/task000078_mu000032_rho080_n1.png
0.9,32,8,license_plate_bahnschrift.ttf,CBAGJWPD6YXT0RNZL49E3HSU875KFVMQ2,3,11,0,0.765,15.178933,0.668877,0.635992,CBAGJWPD6YXTURNZL49E3HSUB75KFVMQ2,0.060606,0.939394,point_previews/task000078_mu000032_rho090_n0.png
0.9,32,8,license_plate_bahnschrift.ttf,CBAGJWPD6YXT0RNZL49E3HSU875KFVMQ2,3,11,1,0.765,15.178933,0.668877,0.635992,CBAGJWPRSYXTURNZLAVESHSUSTSKFYMD2,0.333333,0.666667,point_previews/task000078_mu000032_rho090_n1.png
1.0,32,8,license_plate_bahnschrift.ttf,CBAGJWPD6YXT0RNZL49E3HSU875KFVMQ2,3,11,0,0.85,16.0,0.63662,0.603355,CBAGJWPD6YXTGRNZLAPESHSUBTSKFYMQZ,0.272727,0.727273,point_previews/task000078_mu000032_rho100_n0.png
1.0,32,8,license_plate_bahnschrift.ttf,CBAGJWPD6YXT0RNZL49E3HSU875KFVMQ2,3,11,1,0.85,16.0,0.63662,0.603355,SCBAGWPRGYXTCRNZL49E3HSUB7SKFVMQ2,0.212121,0.787879,point_previews/task000078_mu000032_rho100_n1.png
0.1,45,8,license_plate_bahnschrift.ttf,CBAGJWPD6YXT0RNZL49E3HSU875KFVMQ2,3,11,0,0.085,5.059644,0.959381,1.907975,,1.0,0.0,point_previews/task000079_mu000045_rho010_n0.png
0.1,45,8,license_plate_bahnschrift.ttf,CBAGJWPD6YXT0RNZL49E3HSU875KFVMQ2,3,11,1,0.085,5.059644,0.959381,1.907975,SCHASPMPGYRTDRNAANSRRSUSTSRRYMD,0.727273,0.272727,point_previews/task000079_mu000045_rho010_n1.png
0.2,45,8,license_plate_bahnschrift.ttf,CBAGJWPD6YXT0RNZL49E3HSU875KFVMQ2,3,11,0,0.17,7.155418,0.919759,1.349142,SCRAGWPBGLNTHANZL49ESHSUBTAKEYMG2,0.484848,0.515152,point_previews/task000079_mu000045_rho020_n0.png
0.2,45,8,license_plate_bahnschrift.ttf,CBAGJWPD6YXT0RNZL49E3HSU875KFVMQ2,3,11,1,0.17,7.155418,0.919759,1.349142,CRAGWPDSYRTURNGLGESHSUSTSKREYMGT,0.515152,0.484848,point_previews/task000079_mu000045_rho020_n1.png
0.3,45,8,license_plate_bahnschrift.ttf,CBAGJWPD6YXT0RNZL49E3HSU875KFVMQ2,3,11,0,0.255,8.763561,0.881116,1.10157,,1.0,0.0,point_previews/task000079_mu000045_rho030_n0.png
0.3,45,8,license_plate_bahnschrift.ttf,CBAGJWPD6YXT0RNZL49E3HSU875KFVMQ2,3,11,1,0.255,8.763561,0.881116,1.10157,,1.0,0.0,point_previews/task000079_mu000045_rho030_n1.png
0.4,45,8,license_plate_bahnschrift.ttf,CBAGJWPD6YXT0RNZL49E3HSU875KFVMQ2,3,11,0,0.34,10.119289,0.843436,0.953987,CBAGAWPRSYXT0RNZLA9ESHSUSTSKEVNGZ,0.363636,0.636364,point_previews/task000079_mu000045_rho040_n0.png
0.4,45,8,license_plate_bahnschrift.ttf,CBAGJWPD6YXT0RNZL49E3HSU875KFVMQ2,3,11,1,0.34,10.119289,0.843436,0.953987,CRAGSWPDSYXTERNZLG9ESHSUB7SKFEVMQ2,0.272727,0.727273,point_previews/task000079_mu000045_rho040_n1.png
0.5,45,8,license_plate_bahnschrift.ttf,CBAGJWPD6YXT0RNZL49E3HSU875KFVMQ2,3,11,0,0.425,11.313708,0.8067,0.853272,CBAGJWPDSYXTURNZLAPESHSUB7TSKEVMGZ,0.333333,0.666667,point_previews/task000079_mu000045_rho050_n0.png
0.5,45,8,license_plate_bahnschrift.ttf,CBAGJWPD6YXT0RNZL49E3HSU875KFVMQ2,3,11,1,0.425,11.313708,0.8067,0.853272,CBAGSWPDSYXTURNZL49E3HSUBTHKEYQ2,0.272727,0.727273,point_previews/task000079_mu000045_rho050_n1.png
0.6,45,8,license_plate_bahnschrift.ttf,CBAGJWPD6YXT0RNZL49E3HSU875KFVMQ2,3,11,0,0.51,12.393547,0.770893,0.778927,CBAGJWPD6YXTURNZLGPESHSUBTSKFEVMQ2,0.242424,0.757576,point_previews/task000079_mu000045_rho060_n0.png
0.6,45,8,license_plate_bahnschrift.ttf,CBAGJWPD6YXT0RNZL49E3HSU875KFVMQ2,3,11,1,0.51,12.393547,0.770893,0.778927,CBAGJWPD6YXTURNZL49E3HSUBTSKEVMQ2,0.151515,0.848485,point_previews/task000079_mu000045_rho060_n1.png
0.7,45,8,license_plate_bahnschrift.ttf,CBAGJWPD6YXT0RNZL49E3HSU875KFVMQ2,3,11,0,0.595,13.38656,0.735998,0.721147,CBAGJWPH6YXTCRNZL49E3HSUSTSKFVMQ2,0.151515,0.848485,point_previews/task000079_mu000045_rho070_n0.png
0.7,45,8,license_plate_bahnschrift.ttf,CBAGJWPD6YXT0RNZL49E3HSU875KFVMQ2,3,11,1,0.595,13.38656,0.735998,0.721147,CBAGUWPRSYXTRNZLAPESHSUSTSKFVMG2,0.333333,0.666667,point_previews/task000079_mu000045_rho070_n1.png
0.8,45,8,license_plate_bahnschrift.ttf,CBAGJWPD6YXT0RNZL49E3HSU875KFVMQ2,3,11,0,0.68,14.310835,0.701998,0.674571,CBAGJWPDSYXTURNZL49E3HSUBTSKFYMQ2,0.181818,0.818182,point_previews/task000079_mu000045_rho080_n0.png
0.8,45,8,license_plate_bahnschrift.ttf,CBAGJWPD6YXT0RNZL49E3HSU875KFVMQ2,3,11,1,0.68,14.310835,0.701998,0.674571,CBAGJWPD6YXTCRNZL49ESHSUBTSKEVMG2,0.212121,0.787879,point_previews/task000079_mu000045_rho080_n1.png
0.9,45,8,license_plate_bahnschrift.ttf,CBAGJWPD6YXT0RNZL49E3HSU875KFVMQ2,3,11,0,0.765,15.178933,0.668877,0.635992,CBAGJWPD6YXTCRNZL49E3HSUB7SKFYMQ2Z,0.151515,0.848485,point_previews/task000079_mu000045_rho090_n0.png
0.9,45,8,license_plate_bahnschrift.ttf,CBAGJWPD6YXT0RNZL49E3HSU875KFVMQ2,3,11,1,0.765,15.178933,0.668877,0.635992,CBAGJWPD6YXTRNZL49ESHSUBTSKFYMQ2,0.181818,0.818182,point_previews/task000079_mu000045_rho090_n1.png
1.0,45,8,license_plate_bahnschrift.ttf,CBAGJWPD6YXT0RNZL49E3HSU875KFVMQ2,3,11,0,0.85,16.0,0.63662,0.603355,CBAGJWPDAYXTRNZL49E3HSUSTSKFYMQ2,0.181818,0.818182,point_previews/task000079_mu000045_rho100_n0.png
1.0,45,8,license_plate_bahnschrift.ttf,CBAGJWPD6YXT0RNZL49E3HSU875KFVMQ2,3,11,1,0.85,16.0,0.63662,0.603355,CBAGJWPDEYXTGRNZLAPESHSUBTSKFYMGZ,0.333333,0.666667,point_previews/task000079_mu000045_rho100_n1.png
0.1,64,8,license_plate_bahnschrift.ttf,CBAGJWPD6YXT0RNZL49E3HSU875KFVMQ2,3,11,0,0.085,5.059644,0.959381,1.907975,EBABLNPRSPRTERSZCLESHSUBSKEUMGZ,0.636364,0.363636,point_previews/task000080_mu000064_rho010_n0.png
0.1,64,8,license_plate_bahnschrift.ttf,CBAGJWPD6YXT0RNZL49E3HSU875KFVMQ2,3,11,1,0.085,5.059644,0.959381,1.907975,CBAGJNEDERTGANTPSHSUSTSKEUMGE,0.606061,0.393939,point_previews/task000080_mu000064_rho010_n1.png
0.2,64,8,license_plate_bahnschrift.ttf,CBAGJWPD6YXT0RNZL49E3HSU875KFVMQ2,3,11,0,0.17,7.155418,0.919759,1.349142,CRAGSWPDSYXTCRNZLGESHSUBTSKEYMG2,0.393939,0.606061,point_previews/task000080_mu000064_rho020_n0.png
0.2,64,8,license_plate_bahnschrift.ttf,CBAGJWPD6YXT0RNZL49E3HSU875KFVMQ2,3,11,1,0.17,7.155418,0.919759,1.349142,CBAGSWPDGYXTURNZLADESHSUSTSKEVMGZ,0.363636,0.636364,point_previews/task000080_mu000064_rho020_n1.png
0.3,64,8,license_plate_bahnschrift.ttf,CBAGJWPD6YXT0RNZL49E3HSU875KFVMQ2,3,11,0,0.255,8.763561,0.881116,1.10157,CBAGJWPDSYXTCRNZLYPESHSUBTSKFYMQ2,0.272727,0.727273,point_previews/task000080_mu000064_rho030_n0.png
0.3,64,8,license_plate_bahnschrift.ttf,CBAGJWPD6YXT0RNZL49E3HSU875KFVMQ2,3,11,1,0.255,8.763561,0.881116,1.10157,,1.0,0.0,point_previews/task000080_mu000064_rho030_n1.png
0.4,64,8,license_plate_bahnschrift.ttf,CBAGJWPD6YXT0RNZL49E3HSU875KFVMQ2,3,11,0,0.34,10.119289,0.843436,0.953987,CBAGJWPDSYXTURNZLAPESHSUBTSKFVMQ2,0.242424,0.757576,point_previews/task000080_mu000064_rho040_n0.png
0.4,64,8,license_plate_bahnschrift.ttf,CBAGJWPD6YXT0RNZL49E3HSU875KFVMQ2,3,11,1,0.34,10.119289,0.843436,0.953987,CBAGJWPDGYXTRNZLGSESHSUBTSKFVMG2,0.272727,0.727273,point_previews/task000080_mu000064_rho040_n1.png
0.5,64,8,license_plate_bahnschrift.ttf,CBAGJWPD6YXT0RNZL49E3HSU875KFVMQ2,3,11,0,0.425,11.313708,0.8067,0.853272,CBAGJWPD6YXTCRNZL49ESHSUBTSKEVMG2,0.212121,0.787879,point_previews/task000080_mu000064_rho050_n0.png
0.5,64,8,license_plate_bahnschrift.ttf,CBAGJWPD6YXT0RNZL49E3HSU875KFVMQ2,3,11,1,0.425,11.313708,0.8067,0.853272,CBAGJWPDSYXTURNZL49ESHSUBSTSKEVMQ2,0.242424,0.757576,point_previews/task000080_mu000064_rho050_n1.png
0.6,64,8,license_plate_bahnschrift.ttf,CBAGJWPD6YXT0RNZL49E3HSU875KFVMQ2,3,11,0,0.51,12.393547,0.770893,0.778927,CBAGSWPD6YXTURNZL49E3HSUB8TSKFYMQ2,0.181818,0.818182,point_previews/task000080_mu000064_rho060_n0.png
0.6,64,8,license_plate_bahnschrift.ttf,CBAGJWPD6YXT0RNZL49E3HSU875KFVMQ2,3,11,1,0.51,12.393547,0.770893,0.778927,CBAGJWPD6YXTURNZL49E3HSUSTSKFYMQ2,0.151515,0.848485,point_previews/task000080_mu000064_rho060_n1.png
0.7,64,8,license_plate_bahnschrift.ttf,CBAGJWPD6YXT0RNZL49E3HSU875KFVMQ2,3,11,0,0.595,13.38656,0.735998,0.721147,CBAGJWPDSYXTURNZL49E3HSU87TSKFVMQ2,0.121212,0.878788,point_previews/task000080_mu000064_rho070_n0.png
0.7,64,8,license_plate_bahnschrift.ttf,CBAGJWPD6YXT0RNZL49E3HSU875KFVMQ2,3,11,1,0.595,13.38656,0.735998,0.721147,CBAGJWPD6YXTCRNZL4953HSUBT5KFVMQ2,0.121212,0.878788,point_previews/task000080_mu000064_rho070_n1.png
0.8,64,8,license_plate_bahnschrift.ttf,CBAGJWPD6YXT0RNZL49E3HSU875KFVMQ2,3,11,0,0.68,14.310835,0.701998,0.674571,CBAGJWPDSYXTCRNZL49ESHSUBTSKEVMG2,0.242424,0.757576,point_previews/task000080_mu000064_rho080_n0.png
0.8,64,8,license_plate_bahnschrift.ttf,CBAGJWPD6YXT0RNZL49E3HSU875KFVMQ2,3,11,1,0.68,14.310835,0.701998,0.674571,CBAGJWPD6YXTCRNZL49ESHSUB7SKFYMQ2,0.151515,0.848485,point_previews/task000080_mu000064_rho080_n1.png
0.9,64,8,license_plate_bahnschrift.ttf,CBAGJWPD6YXT0RNZL49E3HSU875KFVMQ2,3,11,0,0.765,15.178933,0.668877,0.635992,CBAGJWPDS6YXTRNZL49E3HSUBTSKFVMQ2,0.151515,0.848485,point_previews/task000080_mu000064_rho090_n0.png
0.9,64,8,license_plate_bahnschrift.ttf,CBAGJWPD6YXT0RNZL49E3HSU875KFVMQ2,3,11,1,0.765,15.178933,0.668877,0.635992,CBAGJWPDSYXTURNZL49E3HSU875KFVMQ2,0.060606,0.939394,point_previews/task000080_mu000064_rho090_n1.png
1.0,64,8,license_plate_bahnschrift.ttf,CBAGJWPD6YXT0RNZL49E3HSU875KFVMQ2,3,11,0,0.85,16.0,0.63662,0.603355,CBAGJWPD6YXTCRNZLA49ESHSUBTSKFVMQ2,0.181818,0.818182,point_previews/task000080_mu000064_rho100_n0.png
1.0,64,8,license_plate_bahnschrift.ttf,CBAGJWPD6YXT0RNZL49E3HSU875KFVMQ2,3,11,1,0.85,16.0,0.63662,0.603355,CBAGJWPD4YXTGRNZL49E3HSUBTSKFYMQ2,0.181818,0.818182,point_previews/task000080_mu000064_rho100_n1.png
0.1,4,8,license_plate_bahnschrift.ttf,CBAGJWPD6YXT0RNZL49E3HSU875KFVMQ2,3,15,0,0.085,5.059644,0.959381,1.907975,CEM3,0.909091,0.090909,point_previews/task000081_mu000004_rho010_n0.png
0.1,4,8,license_plate_bahnschrift.ttf,CBAGJWPD6YXT0RNZL49E3HSU875KFVMQ2,3,15,1,0.085,5.059644,0.959381,1.907975,RRLCTSEPSEDUNG,0.909091,0.090909,point_previews/task000081_mu000004_rho010_n1.png
0.2,4,8,license_plate_bahnschrift.ttf,CBAGJWPD6YXT0RNZL49E3HSU875KFVMQ2,3,15,0,0.17,7.155418,0.919759,1.349142,,1.0,0.0,point_previews/task000081_mu000004_rho020_n0.png
0.2,4,8,license_plate_bahnschrift.ttf,CBAGJWPD6YXT0RNZL49E3HSU875KFVMQ2,3,15,1,0.17,7.155418,0.919759,1.349142,,1.0,0.0,point_previews/task000081_mu000004_rho020_n1.png
0.3,4,8,license_plate_bahnschrift.ttf,CBAGJWPD6YXT0RNZL49E3HSU875KFVMQ2,3,15,0,0.255,8.763561,0.881116,1.10157,,1.0,0.0,point_previews/task000081_mu000004_rho030_n0.png
0.3,4,8,license_plate_bahnschrift.ttf,CBAGJWPD6YXT0RNZL49E3HSU875KFVMQ2,3,15,1,0.255,8.763561,0.881116,1.10157,APFRNESEACS,0.818182,0.181818,point_previews/task000081_mu000004_rho030_n1.png
0.4,4,8,license_plate_bahnschrift.ttf,CBAGJWPD6YXT0RNZL49E3HSU875KFVMQ2,3,15,0,0.34,10.119289,0.843436,0.953987,ERNMELMMLUS,0.909091,0.090909,point_previews/task000081_mu000004_rho040_n0.png
0.4,4,8,license_plate_bahnschrift.ttf,CBAGJWPD6YXT0RNZL49E3HSU875KFVMQ2,3,15,1,0.34,10.119289,0.843436,0.953987,SRLSRRERRAASN,0.909091,0.090909,point_previews/task000081_mu000004_rho040_n1.png
0.5,4,8,license_plate_bahnschrift.ttf,CBAGJWPD6YXT0RNZL49E3HSU875KFVMQ2,3,15,0,0.425,11.313708,0.8067,0.853272,SEEAEEPNNTTRS,0.878788,0.121212,point_previews/task000081_mu000004_rho050_n0.png
0.5,4,8,license_plate_bahnschrift.ttf,CBAGJWPD6YXT0RNZL49E3HSU875KFVMQ2,3,15,1,0.425,11.313708,0.8067,0.853272,,1.0,0.0,point_previews/task000081_mu000004_rho050_n1.png
0.6,4,8,license_plate_bahnschrift.ttf,CBAGJWPD6YXT0RNZL49E3HSU875KFVMQ2,3,15,0,0.51,12.393547,0.770893,0.778927,BTAMLESTERRR,0.848485,0.151515,point_previews/task000081_mu000004_rho060_n0.png
0.6,4,8,license_plate_bahnschrift.ttf,CBAGJWPD6YXT0RNZL49E3HSU875KFVMQ2,3,15,1,0.51,12.393547,0.770893,0.778927,PSRSURGGSEEMESE,0.878788,0.121212,point_previews/task000081_mu000004_rho060_n1.png
0.7,4,8,license_plate_bahnschrift.ttf,CBAGJWPD6YXT0RNZL49E3HSU875KFVMQ2,3,15,0,0.595,13.38656,0.735998,0.721147,ERARREYSRRURCNGLNESU,0.818182,0.181818,point_previews/task000081_mu000004_rho070_n0.png
0.7,4,8,license_plate_bahnschrift.ttf,CBAGJWPD6YXT0RNZL49E3HSU875KFVMQ2,3,15,1,0.595,13.38656,0.735998,0.721147,,1.0,0.0,point_previews/task000081_mu000004_rho070_n1.png
0.8,4,8,license_plate_bahnschrift.ttf,CBAGJWPD6YXT0RNZL49E3HSU875KFVMQ2,3,15,0,0.68,14.310835,0.701998,0.674571,REFAP,0.909091,0.090909,point_previews/task000081_mu000004_rho080_n0.png
0.8,4,8,license_plate_bahnschrift.ttf,CBAGJWPD6YXT0RNZL49E3HSU875KFVMQ2,3,15,1,0.68,14.310835,0.701998,0.674571,TBRSTRALENUATSERS,0.818182,0.181818,point_previews/task000081_mu000004_rho080_n1.png
0.9,4,8,license_plate_bahnschrift.ttf,CBAGJWPD6YXT0RNZL49E3HSU875KFVMQ2,3,15,0,0.765,15.178933,0.668877,0.635992,GSCRECERNDRRTENEKBSTERPED,0.878788,0.121212,point_previews/task000081_mu000004_rho090_n0.png
0.9,4,8,license_plate_bahnschrift.ttf,CBAGJWPD6YXT0RNZL49E3HSU875KFVMQ2,3,15,1,0.765,15.178933,0.668877,0.635992,,1.0,0.0,point_previews/task000081_mu000004_rho090_n1.png
1.0,4,8,license_plate_bahnschrift.ttf,CBAGJWPD6YXT0RNZL49E3HSU875KFVMQ2,3,15,0,0.85,16.0,0.63662,0.603355,BADABNGEATPANEESTSRTS,0.818182,0.181818,point_previews/task000081_mu000004_rho100_n0.png
1.0,4,8,license_plate_bahnschrift.ttf,CBAGJWPD6YXT0RNZL49E3HSU875KFVMQ2,3,15,1,0.85,16.0,0.63662,0.603355,ESSACRTGYDREELSEREETRGR,0.878788,0.121212,point_previews/task000081_mu000004_rho100_n1.png
0.1,6,8,license_plate_bahnschrift.ttf,CBAGJWPD6YXT0RNZL49E3HSU875KFVMQ2,3,15,0,0.085,5.059644,0.959381,1.907975,TAMPSHRMAENERL,0.878788,0.121212,point_previews/task000082_mu000006_rho010_n0.png
0.1,6,8,license_plate_bahnschrift.ttf,CBAGJWPD6YXT0RNZL49E3HSU875KFVMQ2,3,15,1,0.085,5.059644,0.959381,1.907975,,1.0,0.0,point_previews/task000082_mu000006_rho010_n1.png
0.2,6,8,license_plate_bahnschrift.ttf,CBAGJWPD6YXT0RNZL49E3HSU875KFVMQ2,3,15,0,0.17,7.155418,0.919759,1.349142,SRARATYSSAGLALASPSRLE,0.878788,0.121212,point_previews/task000082_mu000006_rho020_n0.png
0.2,6,8,license_plate_bahnschrift.ttf,CBAGJWPD6YXT0RNZL49E3HSU875KFVMQ2,3,15,1,0.17,7.155418,0.919759,1.349142,ATPATRESWEEERECAR,0.818182,0.181818,point_previews/task000082_mu000006_rho020_n1.png
0.3,6,8,license_plate_bahnschrift.ttf,CBAGJWPD6YXT0RNZL49E3HSU875KFVMQ2,3,15,0,0.255,8.763561,0.881116,1.10157,DRSPSWSS,0.909091,0.090909,point_previews/task000082_mu000006_rho030_n0.png
0.3,6,8,license_plate_bahnschrift.ttf,CBAGJWPD6YXT0RNZL49E3HSU875KFVMQ2,3,15,1,0.255,8.763561,0.881116,1.10157,ESRRREASESAAHLPT,0.909091,0.090909,point_previews/task000082_mu000006_rho030_n1.png
0.4,6,8,license_plate_bahnschrift.ttf,CBAGJWPD6YXT0RNZL49E3HSU875KFVMQ2,3,15,0,0.34,10.119289,0.843436,0.953987,,1.0,0.0,point_previews/task000082_mu000006_rho040_n0.png
0.4,6,8,license_plate_bahnschrift.ttf,CBAGJWPD6YXT0RNZL49E3HSU875KFVMQ2,3,15,1,0.34,10.119289,0.843436,0.953987,SSSU2USSE,0.939394,0.060606,point_previews/task000082_mu000006_rho040_n1.png
0.5,6,8,license_plate_bahnschrift.ttf,CBAGJWPD6YXT0RNZL49E3HSU875KFVMQ2,3,15,0,0.425,11.313708,0.8067,0.853272,,1.0,0.0,point_previews/task000082_mu000006_rho050_n0.png
0.5,6,8,license_plate_bahnschrift.ttf,CBAGJWPD6YXT0RNZL49E3HSU875KFVMQ2,3,15,1,0.425,11.313708,0.8067,0.853272,,1.0,0.0,point_previews/task000082_mu000006_rho050_n1.png
0.6,6,8,license_plate_bahnschrift.ttf,CBAGJWPD6YXT0RNZL49E3HSU875KFVMQ2,3,15,0,0.51,12.393547,0.770893,0.778927,BEMUSGERTBAEARPYL,0.909091,0.090909,point_previews/task000082_mu000006_rho060_n0.png
0.6,6,8,license_plate_bahnschrift.ttf,CBAGJWPD6YXT0RNZL49E3HSU875KFVMQ2,3,15,1,0.51,12.393547,0.770893,0.778927,SESSGARTRNSERT,0.878788,0.121212,point_previews/task000082_mu000006_rho060_n1.png
0.7,6,8,license_plate_bahnschrift.ttf,CBAGJWPD6YXT0RNZL49E3HSU875KFVMQ2,3,15,0,0.595,13.38656,0.735998,0.721147,TAECRVCTGRLTCDAT8FRM,0.787879,0.212121,point_previews/task000082_mu000006_rho070_n0.png
0.7,6,8,license_plate_bahnschrift.ttf,CBAGJWPD6YXT0RNZL49E3HSU875KFVMQ2,3,15,1,0.595,13.38656,0.735998,0.721147,PTRNPRPNTR,0.878788,0.121212,point_previews/task000082_mu000006_rho070_n1.png
0.8,6,8,license_plate_bahnschrift.ttf,CBAGJWPD6YXT0RNZL49E3HSU875KFVMQ2,3,15,0,0.68,14.310835,0.701998,0.674571,SHARTMDREUNCENPRSASUSTMENRES,0.848485,0.151515,point_previews/task000082_mu000006_rho080_n0.png
0.8,6,8,license_plate_bahnschrift.ttf,CBAGJWPD6YXT0RNZL49E3HSU875KFVMQ2,3,15,1,0.68,14.310835,0.701998,0.674571,QBATRTETSERAMREBSESESPRTE,0.848485,0.151515,point_previews/task000082_mu000006_rho080_n1.png
0.9,6,8,license_plate_bahnschrift.ttf,CBAGJWPD6YXT0RNZL49E3HSU875KFVMQ2,3,15,0,0.765,15.178933,0.668877,0.635992,ERADSRETEERTUNNDAPEGTUNARREWRGE,0.848485,0.151515,point_previews/task000082_mu000006_rho090_n0.png
0.9,6,8,license_plate_bahnschrift.ttf,CBAGJWPD6YXT0RNZL49E3HSU875KFVMQ2,3,15,1,0.765,15.178933,0.668877,0.635992,ACTRPLBRTEPUNETL600TNSEERGEEUNES2,0.878788,0.121212,point_previews/task000082_mu000006_rho090_n1.png
1.0,6,8,license_plate_bahnschrift.ttf,CBAGJWPD6YXT0RNZL49E3HSU875KFVMQ2,3,15,0,0.85,16.0,0.63662,0.603355,PBAGSEMCTASSRRAART,0.848485,0.151515,point_previews/task000082_mu000006_rho100_n0.png
1.0,6,8,license_plate_bahnschrift.ttf,CBAGJWPD6YXT0RNZL49E3HSU875KFVMQ2,3,15,1,0.85,16.0,0.63662,0.603355,EBGFVAPBAYKTDRN28GESURTSKBPEGR,0.69697,0.30303,point_previews/task000082_mu000006_rho100_n1.png
0.1,8,8,license_plate_bahnschrift.ttf,CBAGJWPD6YXT0RNZL49E3HSU875KFVMQ2,3,15,0,0.085,5.059644,0.959381,1.907975,AWCNMSESRSMNH2ASLR,0.848485,0.151515,point_previews/task000083_mu000008_rho010_n0.png
0.1,8,8,license_plate_bahnschrift.ttf,CBAGJWPD6YXT0RNZL49E3HSU875KFVMQ2,3,15,1,0.085,5.059644,0.959381,1.907975,WPARBSMSSRE,0.878788,0.121212,point_previews/task000083_mu000008_rho010_n1.png
0.2,8,8,license_plate_bahnschrift.ttf,CBAGJWPD6YXT0RNZL49E3HSU875KFVMQ2,3,15,0,0.17,7.155418,0.919759,1.349142,BNRSERTSMRRARPETAHACET,0.909091,0.090909,point_previews/task000083_mu000008_rho020_n0.png
0.2,8,8,license_plate_bahnschrift.ttf,CBAGJWPD6YXT0RNZL49E3HSU875KFVMQ2,3,15,1,0.17,7.155418,0.919759,1.349142,ASHSRNGENABAAMCSY,0.878788,0.121212,point_previews/task000083_mu000008_rho020_n1.png
0.3,8,8,license_plate_bahnschrift.ttf,CBAGJWPD6YXT0RNZL49E3HSU875KFVMQ2,3,15,0,0.255,8.763561,0.881116,1.10157,EREGABTEAPERNYCSATSLSTEN,0.878788,0.121212,point_previews/task000083_mu000008_rho030_n0.png
0.3,8,8,license_plate_bahnschrift.ttf,CBAGJWPD6YXT0RNZL49E3HSU875KFVMQ2,3,15,1,0.255,8.763561,0.881116,1.10157,WEACYRANCAESTANNCLESBEDD,0.848485,0.151515,point_previews/task000083_mu000008_rho030_n1.png
0.4,8,8,license_plate_bahnschrift.ttf,CBAGJWPD6YXT0RNZL49E3HSU875KFVMQ2,3,15,0,0.34,10.119289,0.843436,0.953987,GRGLSPTL74RTTSRT,0.848485,0.151515,point_previews/task000083_mu000008_rho040_n0.png
0.4,8,8,license_plate_bahnschrift.ttf,CBAGJWPD6YXT0RNZL49E3HSU875KFVMQ2,3,15,1,0.34,10.119289,0.843436,0.953987,SRRATSHRHDTRET,0.909091,0.090909,point_previews/task000083_mu000008_rho040_n1.png
0.5,8,8,license_plate_bahnschrift.ttf,CBAGJWPD6YXT0RNZL49E3HSU875KFVMQ2,3,15,0,0.425,11.313708,0.8067,0.853272,CRAGMPERUNTURALSSETSBETSE,0.727273,0.272727,point_previews/task000083_mu000008_rho050_n0.png
0.5,8,8,license_plate_bahnschrift.ttf,CBAGJWPD6YXT0RNZL49E3HSU875KFVMQ2,3,15,1,0.425,11.313708,0.8067,0.853272,SUTEEAURDBAHRATSWREENSNECNS,0.909091,0.090909,point_previews/task000083_mu000008_rho050_n1.png
0.6,8,8,license_plate_bahnschrift.ttf,CBAGJWPD6YXT0RNZL49E3HSU875KFVMQ2,3,15,0,0.51,12.393547,0.770893,0.778927,EAGVEPDAYKTHENELPANSSTSRED,0.727273,0.272727,point_previews/task000083_mu000008_rho060_n0.png
0.6,8,8,license_plate_bahnschrift.ttf,CBAGJWPD6YXT0RNZL49E3HSU875KFVMQ2,3,15,1,0.51,12.393547,0.770893,0.778927,PBARTREDEPRGRNELAMAHDUASKEMMZ,0.69697,0.30303,point_previews/task000083_mu000008_rho060_n1.png
0.7,8,8,license_plate_bahnschrift.ttf,CBAGJWPD6YXT0RNZL49E3HSU875KFVMQ2,3,15,0,0.595,13.38656,0.735998,0.721147,PBECESETCRALERYSSHSRSRESGS,0.818182,0.181818,point_previews/task000083_mu000008_rho070_n0.png
0.7,8,8,license_plate_bahnschrift.ttf,CBAGJWPD6YXT0RNZL49E3HSU875KFVMQ2,3,15,1,0.595,13.38656,0.735998,0.721147,EBAGSNSRSYRTERATLTATSASRTSKEYMBS,0.69697,0.30303,point_previews/task000083_mu000008_rho070_n1.png
0.8,8,8,license_plate_bahnschrift.ttf,CBAGJWPD6YXT0RNZL49E3HSU875KFVMQ2,3,15,0,0.68,14.310835,0.701998,0.674571,CBRELUPDSYRTGRNZAATEAHSEKEY,0.606061,0.393939,point_previews/task000083_mu000008_rho080_n0.png
0.8,8,8,license_plate_bahnschrift.ttf,CBAGJWPD6YXT0RNZL49E3HSU875KFVMQ2,3,15,1,0.68,14.310835,0.701998,0.674571,RABTMETRERTCRENFLRBSRRNTSVCE,0.818182,0.181818,point_previews/task000083_mu000008_rho080_n1.png
0.9,8,8,license_plate_bahnschrift.ttf,CBAGJWPD6YXT0RNZL49E3HSU875KFVMQ2,3,15,0,0.765,15.178933,0.668877,0.635992,GRABANPAYREDRNZSASESHBUSTSRRUMED,0.69697,0.30303,point_previews/task000083_mu000008_rho090_n0.png
0.9,8,8,license_plate_bahnschrift.ttf,CBAGJWPD6YXT0RNZL49E3HSU875KFVMQ2,3,15,1,0.765,15.178933,0.668877,0.635992,AARESKTRRRZLGVESHSGTKEVNR,0.69697,0.30303,point_previews/task000083_mu000008_rho090_n1.png
1.0,8,8,license_plate_bahnschrift.ttf,CBAGJWPD6YXT0RNZL49E3HSU875KFVMQ2,3,15,0,0.85,16.0,0.63662,0.603355,CBAGENEBEYKTRRNELA2ESSUSPRENMS,0.606061,0.393939,point_previews/task000083_mu000008_rho100_n0.png
1.0,8,8,license_plate_bahnschrift.ttf,CBAGJWPD6YXT0RNZL49E3HSU875KFVMQ2,3,15,1,0.85,16.0,0.63662,0.603355,CEATPEPBEYNTDRNEESNSURTUKEAE,0.666667,0.333333,point_previews/task000083_mu000008_rho100_n1.png
0.1,11,8,license_plate_bahnschrift.ttf,CBAGJWPD6YXT0RNZL49E3HSU875KFVMQ2,3,15,0,0.085,5.059644,0.959381,1.907975,RYPMRRERR,0.909091,0.090909,point_previews/task000084_mu000011_rho010_n0.png
0.1,11,8,license_plate_bahnschrift.ttf,CBAGJWPD6YXT0RNZL49E3HSU875KFVMQ2,3,15,1,0.085,5.059644,0.959381,1.907975,BAPC3ASBGT,0.848485,0.151515,point_previews/task000084_mu000011_rho010_n1.png
0.2,11,8,license_plate_bahnschrift.ttf,CBAGJWPD6YXT0RNZL49E3HSU875KFVMQ2,3,15,0,0.17,7.155418,0.919759,1.349142,SLMPLYWEMTELRYH,0.878788,0.121212,point_previews/task000084_mu000011_rho020_n0.png
0.2,11,8,license_plate_bahnschrift.ttf,CBAGJWPD6YXT0RNZL49E3HSU875KFVMQ2,3,15,1,0.17,7.155418,0.919759,1.349142,USSESNCNT,0.939394,0.060606,point_previews/task000084_mu000011_rho020_n1.png
0.3,11,8,license_plate_bahnschrift.ttf,CBAGJWPD6YXT0RNZL49E3HSU875KFVMQ2,3,15,0,0.255,8.763561,0.881116,1.10157,SYPERETTRTGRM,0.878788,0.121212,point_previews/task000084_mu000011_rho030_n0.png
0.3,11,8,license_plate_bahnschrift.ttf,CBAGJWPD6YXT0RNZL49E3HSU875KFVMQ2,3,15,1,0.255,8.763561,0.881116,1.10157,SGSRBAEEDDCRAETNDSDELRRVES,0.878788,0.121212,point_previews/task000084_mu000011_rho030_n1.png
0.4,11,8,license_plate_bahnschrift.ttf,CBAGJWPD6YXT0RNZL49E3HSU875KFVMQ2,3,15,0,0.34,10.119289,0.843436,0.953987,SBERASSRETAGCRNVESELSSPMEERE2,0.818182,0.181818,point_previews/task000084_mu000011_rho040_n0.png
0.4,11,8,license_plate_bahnschrift.ttf,CBAGJWPD6YXT0RNZL49E3HSU875KFVMQ2,3,15,1,0.34,10.119289,0.843436,0.953987,CATAYZTURRTSURTSF,0.757576,0.242424,point_previews/task000084_mu000011_rho040_n1.png
0.5,11,8,license_plate_bahnschrift.ttf,CBAGJWPD6YXT0RNZL49E3HSU875KFVMQ2,3,15,0,0.425,11.313708,0.8067,0.853272,LHAGTNPEACTURNTLU,0.757576,0.242424,point_previews/task000084_mu000011_rho050_n0.png
0.5,11,8,license_plate_bahnschrift.ttf,CBAGJWPD6YXT0RNZL49E3HSU875KFVMQ2,3,15,1,0.425,11.313708,0.8067,0.853272,CRABPABDESUTERNRWSESHSHETSEYED,0.727273,0.272727,point_previews/task000084_mu000011_rho050_n1.png
0.6,11,8,license_plate_bahnschrift.ttf,CBAGJWPD6YXT0RNZL49E3HSU875KFVMQ2,3,15,0,0.51,12.393547,0.770893,0.778927,CBAGAVPDSPSTURNARSSHSUBTSREVMGD,0.575758,0.424242,point_previews/task000084_mu000011_rho060_n0.png
0.6,11,8,license_plate_bahnschrift.ttf,CBAGJWPD6YXT0RNZL49E3HSU875KFVMQ2,3,15,1,0.51,12.393547,0.770893,0.778927,CESGSMEDEYRTTRNZEATERTSE7KENMGD,0.606061,0.393939,point_previews/task000084_mu000011_rho060_n1.png
0.7,11,8,license_plate_bahnschrift.ttf,CBAGJWPD6YXT0RNZL49E3HSU875KFVMQ2,3,15,0,0.595,13.38656,0.735998,0.721147,,1.0,0.0,point_previews/task000084_mu000011_rho070_n0.png
0.7,11,8,license_plate_bahnschrift.ttf,CBAGJWPD6YXT0RNZL49E3HSU875KFVMQ2,3,15,1,0.595,13.38656,0.735998,0.721147,,1.0,0.0,point_previews/task000084_mu000011_rho070_n1.png
0.8,11,8,license_plate_bahnschrift.ttf,CBAGJWPD6YXT0RNZL49E3HSU875KFVMQ2,3,15,0,0.68,14.310835,0.701998,0.674571,CBRGFWSDGXTERNTL9ESHSUBTSKEVMG2,0.424242,0.575758,point_previews/task000084_mu000011_rho080_n0.png
0.8,11,8,license_plate_bahnschrift.ttf,CBAGJWPD6YXT0RNZL49E3HSU875KFVMQ2,3,15,1,0.68,14.310835,0.701998,0.674571,,1.0,0.0,point_previews/task000084_mu000011_rho080_n1.png
0.9,11,8,license_plate_bahnschrift.ttf,CBAGJWPD6YXT0RNZL49E3HSU875KFVMQ2,3,15,0,0.765,15.178933,0.668877,0.635992,,1.0,0.0,point_previews/task000084_mu000011_rho090_n0.png
0.9,11,8,license_plate_bahnschrift.ttf,CBAGJWPD6YXT0RNZL49E3HSU875KFVMQ2,3,15,1,0.765,15.178933,0.668877,0.635992,CBAGUWEREYXTBRNZE4TESHSURTKRURD2,0.454545,0.545455,point_previews/task000084_mu000011_rho090_n1.png
1.0,11,8,license_plate_bahnschrift.ttf,CBAGJWPD6YXT0RNZL49E3HSU875KFVMQ2,3,15,0,0.85,16.0,0.63662,0.603355,,1.0,0.0,point_previews/task000084_mu000011_rho100_n0.png
1.0,11,8,license_plate_bahnschrift.ttf,CBAGJWPD6YXT0RNZL49E3HSU875KFVMQ2,3,15,1,0.85,16.0,0.63662,0.603355,EBAGSWPESYXTCRNZLAVESHSUBTSKEUMGT,0.454545,0.545455,point_previews/task000084_mu000011_rho100_n1.png
0.1,16,8,license_plate_bahnschrift.ttf,CBAGJWPD6YXT0RNZL49E3HSU875KFVMQ2,3,15,0,0.085,5.059644,0.959381,1.907975,EANEDLPDEMEUREE,0.848485,0.151515,point_previews/task000085_mu000016_rho010_n0.png
0.1,16,8,license_plate_bahnschrift.ttf,CBAGJWPD6YXT0RNZL49E3HSU875KFVMQ2,3,15,1,0.085,5.059644,0.959381,1.907975,SEGUPSAE,0.909091,0.090909,point_previews/task000085_mu000016_rho010_n1.png
0.2,16,8,license_plate_bahnschrift.ttf,CBAGJWPD6YXT0RNZL49E3HSU875KFVMQ2,3,15,0,0.17,7.155418,0.919759,1.349142,CRATREEM,0.818182,0.181818,point_previews/task000085_mu000016_rho020_n0.png
0.2,16,8,license_plate_bahnschrift.ttf,CBAGJWPD6YXT0RNZL49E3HSU875KFVMQ2,3,15,1,0.17,7.155418,0.919759,1.349142,ERGMRTSSLTRNTESECNSDSAUMEA,0.787879,0.212121,point_previews/task000085_mu000016_rho020_n1.png
0.3,16,8,license_plate_bahnschrift.ttf,CBAGJWPD6YXT0RNZL49E3HSU875KFVMQ2,3,15,0,0.255,8.763561,0.881116,1.10157,EDABEPEANRPURNESPESHARSREURD,0.818182,0.181818,point_previews/task000085_mu000016_rho030_n0.png
0.3,16,8,license_plate_bahnschrift.ttf,CBAGJWPD6YXT0RNZL49E3HSU875KFVMQ2,3,15,1,0.255,8.763561,0.881116,1.10157,SPBRGTEPEUTGRN2SNRELPKRN,0.787879,0.212121,point_previews/task000085_mu000016_rho030_n1.png
0.4,16,8,license_plate_bahnschrift.ttf,CBAGJWPD6YXT0RNZL49E3HSU875KFVMQ2,3,15,0,0.34,10.119289,0.843436,0.953987,CHAGSWPEEYRTDRDLESEES3USURTSESRCR,0.666667,0.333333,point_previews/task000085_mu000016_rho040_n0.png
0.4,16,8,license_plate_bahnschrift.ttf,CBAGJWPD6YXT0RNZL49E3HSU875KFVMQ2,3,15,1,0.34,10.119289,0.843436,0.953987,EGEGAPPDSERTDRNSS4SSASUETSCURG0,0.727273,0.272727,point_previews/task000085_mu000016_rho040_n1.png
0.5,16,8,license_plate_bahnschrift.ttf,CBAGJWPD6YXT0RNZL49E3HSU875KFVMQ2,3,15,0,0.425,11.313708,0.8067,0.853272,,1.0,0.0,point_previews/task000085_mu000016_rho050_n0.png
0.5,16,8,license_plate_bahnschrift.ttf,CBAGJWPD6YXT0RNZL49E3HSU875KFVMQ2,3,15,1,0.425,11.313708,0.8067,0.853272,,1.0,0.0,point_previews/task000085_mu000016_rho050_n1.png
0.6,16,8,license_plate_bahnschrift.ttf,CBAGJWPD6YXT0RNZL49E3HSU875KFVMQ2,3,15,0,0.51,12.393547,0.770893,0.778927,CBABTWEDEYRTCRNZEATESHSUBTSKEW,0.545455,0.454545,point_previews/task000085_mu000016_rho060_n0.png
0.6,16,8,license_plate_bahnschrift.ttf,CBAGJWPD6YXT0RNZL49E3HSU875KFVMQ2,3,15,1,0.51,12.393547,0.770893,0.778927,,1.0,0.0,point_previews/task000085_mu000016_rho060_n1.png
0.7,16,8,license_plate_bahnschrift.ttf,CBAGJWPD6YXT0RNZL49E3HSU875KFVMQ2,3,15,0,0.595,13.38656,0.735998,0.721147,CBAGNPPDSYXTURNEL49ESHSUSTDREWMGZ,0.424242,0.575758,point_previews/task000085_mu000016_rho070_n0.png
0.7,16,8,license_plate_bahnschrift.ttf,CBAGJWPD6YXT0RNZL49E3HSU875KFVMQ2,3,15,1,0.595,13.38656,0.735998,0.721147,,1.0,0.0,point_previews/task000085_mu000016_rho070_n1.png
0.8,16,8,license_plate_bahnschrift.ttf,CBAGJWPD6YXT0RNZL49E3HSU875KFVMQ2,3,15,0,0.68,14.310835,0.701998,0.674571,CBAGJWPDSYXTCRNZLASESHSURTSKEYMG2,0.333333,0.666667,point_previews/task000085_mu000016_rho080_n0.png
0.8,16,8,license_plate_bahnschrift.ttf,CBAGJWPD6YXT0RNZL49E3HSU875KFVMQ2,3,15,1,0.68,14.310835,0.701998,0.674571,,1.0,0.0,point_previews/task000085_mu000016_rho080_n1.png
0.9,16,8,license_plate_bahnschrift.ttf,CBAGJWPD6YXT0RNZL49E3HSU875KFVMQ2,3,15,0,0.765,15.178933,0.668877,0.635992,,1.0,0.0,point_previews/task000085_mu000016_rho090_n0.png
0.9,16,8,license_plate_bahnschrift.ttf,CBAGJWPD6YXT0RNZL49E3HSU875KFVMQ2,3,15,1,0.765,15.178933,0.668877,0.635992,,1.0,0.0,point_previews/task000085_mu000016_rho090_n1.png
1.0,16,8,license_plate_bahnschrift.ttf,CBAGJWPD6YXT0RNZL49E3HSU875KFVMQ2,3,15,0,0.85,16.0,0.63662,0.603355,,1.0,0.0,point_previews/task000085_mu000016_rho100_n0.png
1.0,16,8,license_plate_bahnschrift.ttf,CBAGJWPD6YXT0RNZL49E3HSU875KFVMQ2,3,15,1,0.85,16.0,0.63662,0.603355,,1.0,0.0,point_previews/task000085_mu000016_rho100_n1.png
0.1,23,8,license_plate_bahnschrift.ttf,CBAGJWPD6YXT0RNZL49E3HSU875KFVMQ2,3,15,0,0.085,5.059644,0.959381,1.907975,HEEATTPALNSARLSCARSPAT,0.878788,0.121212,point_previews/task000086_mu000023_rho010_n0.png
0.1,23,8,license_plate_bahnschrift.ttf,CBAGJWPD6YXT0RNZL49E3HSU875KFVMQ2,3,15,1,0.085,5.059644,0.959381,1.907975,,1.0,0.0,point_previews/task000086_mu000023_rho010_n1.png
0.2,23,8,license_plate_bahnschrift.ttf,CBAGJWPD6YXT0RNZL49E3HSU875KFVMQ2,3,15,0,0.17,7.155418,0.919759,1.349142,BESCPGRATERNZEASSHSUSTRERRGD,0.727273,0.272727,point_previews/task000086_mu000023_rho020_n0.png
0.2,23,8,license_plate_bahnschrift.ttf,CBAGJWPD6YXT0RNZL49E3HSU875KFVMQ2,3,15,1,0.17,7.155418,0.919759,1.349142,SSRARSWPEESTBWECTHSDTHEMMET,0.818182,0.181818,point_previews/task000086_mu000023_rho020_n1.png
0.3,23,8,license_plate_bahnschrift.ttf,CBAGJWPD6YXT0RNZL49E3HSU875KFVMQ2,3,15,0,0.255,8.763561,0.881116,1.10157,CBAGSWEDSYXTURNZGASESHSUBTSEPVG2,0.454545,0.545455,point_previews/task000086_mu000023_rho030_n0.png
0.3,23,8,license_plate_bahnschrift.ttf,CBAGJWPD6YXT0RNZL49E3HSU875KFVMQ2,3,15,1,0.255,8.763561,0.881116,1.10157,GRAGARABAYMTURNPLAGESHBUSTAKPU,0.666667,0.333333,point_previews/task000086_mu000023_rho030_n1.png
0.4,23,8,license_plate_bahnschrift.ttf,CBAGJWPD6YXT0RNZL49E3HSU875KFVMQ2,3,15,0,0.34,10.119289,0.843436,0.953987,CBAGAVPGSYXTCRNZL498SNSUSTSKFYRGZ,0.454545,0.545455,point_previews/task000086_mu000023_rho040_n0.png
0.4,23,8,license_plate_bahnschrift.ttf,CBAGJWPD6YXT0RNZL49E3HSU875KFVMQ2,3,15,1,0.34,10.119289,0.843436,0.953987,CBAGJWRDSYTERNZEGSESHSUSTSKEVMED,0.424242,0.575758,point_previews/task000086_mu000023_rho040_n1.png
0.5,23,8,license_plate_bahnschrift.ttf,CBAGJWPD6YXT0RNZL49E3HSU875KFVMQ2,3,15,0,0.425,11.313708,0.8067,0.853272,CBAGSWPDBYXTRNTEMSESHSUSTSKRNMG2,0.424242,0.575758,point_previews/task000086_mu000023_rho050_n0.png
0.5,23,8,license_plate_bahnschrift.ttf,CBAGJWPD6YXT0RNZL49E3HSU875KFVMQ2,3,15,1,0.425,11.313708,0.8067,0.853272,CBAGJWPDSYXTERNZLGPESHSUBTSKEM4Q2,0.333333,0.666667,point_previews/task000086_mu000023_rho050_n1.png
0.6,23,8,license_plate_bahnschrift.ttf,CBAGJWPD6YXT0RNZL49E3HSU875KFVMQ2,3,15,0,0.51,12.393547,0.770893,0.778927,,1.0,0.0,point_previews/task000086_mu000023_rho060_n0.png
0.6,23,8,license_plate_bahnschrift.ttf,CBAGJWPD6YXT0RNZL49E3HSU875KFVMQ2,3,15,1,0.51,12.393547,0.770893,0.778927,,1.0,0.0,point_previews/task000086_mu000023_rho060_n1.png
0.7,23,8,license_plate_bahnschrift.ttf,CBAGJWPD6YXT0RNZL49E3HSU875KFVMQ2,3,15,0,0.595,13.38656,0.735998,0.721147,CBAGAVPDSYXTURNZLASESHSUBTSKEYNQ2,0.393939,0.606061,point_previews/task000086_mu000023_rho070_n0.png
0.7,23,8,license_plate_bahnschrift.ttf,CBAGJWPD6YXT0RNZL49E3HSU875KFVMQ2,3,15,1,0.595,13.38656,0.735998,0.721147,CBAGJWPDSYXTRNZLAJESMSUBTSKFVMG2,0.30303,0.69697,point_previews/task000086_mu000023_rho070_n1.png
0.8,23,8,license_plate_bahnschrift.ttf,CBAGJWPD6YXT0RNZL49E3HSU875KFVMQ2,3,15,0,0.68,14.310835,0.701998,0.674571,CBAGJWPDSTXTDRNZLGSESHSUBTSKEVMQ2,0.30303,0.69697,point_previews/task000086_mu000023_rho080_n0.png
0.8,23,8,license_plate_bahnschrift.ttf,CBAGJWPD6YXT0RNZL49E3HSU875KFVMQ2,3,15,1,0.68,14.310835,0.701998,0.674571,CBAGJWEDEYXTRNZLGPESHSUBTSKEVMGZ,0.363636,0.636364,point_previews/task000086_mu000023_rho080_n1.png
0.9,23,8,license_plate_bahnschrift.ttf,CBAGJWPD6YXT0RNZL49E3HSU875KFVMQ2,3,15,0,0.765,15.178933,0.668877,0.635992,CRAGWPDSYXTURNZLGESHSUBTSKFVMG2,0.333333,0.666667,point_previews/task000086_mu000023_rho090_n0.png
0.9,23,8,license_plate_bahnschrift.ttf,CBAGJWPD6YXT0RNZL49E3HSU875KFVMQ2,3,15,1,0.765,15.178933,0.668877,0.635992,,1.0,0.0,point_previews/task000086_mu000023_rho090_n1.png
1.0,23,8,license_plate_bahnschrift.ttf,CBAGJWPD6YXT0RNZL49E3HSU875KFVMQ2,3,15,0,0.85,16.0,0.63662,0.603355,CBAGSWPDSYXTGRNZLA9ESHSURTSKFVMGZ,0.30303,0.69697,point_previews/task000086_mu000023_rho100_n0.png
1.0,23,8,license_plate_bahnschrift.ttf,CBAGJWPD6YXT0RNZL49E3HSU875KFVMQ2,3,15,1,0.85,16.0,0.63662,0.603355,CBAGJWPED6YXTRNZL49E3HSUBTSKEYMG2,0.242424,0.757576,point_previews/task000086_mu000023_rho100_n1.png
0.1,32,8,license_plate_bahnschrift.ttf,CBAGJWPD6YXT0RNZL49E3HSU875KFVMQ2,3,15,0,0.085,5.059644,0.959381,1.907975,SBAGSPTENLGESHSUTEGLG,0.666667,0.333333,point_previews/task000087_mu000032_rho010_n0.png
0.1,32,8,license_plate_bahnschrift.ttf,CBAGJWPD6YXT0RNZL49E3HSU875KFVMQ2,3,15,1,0.085,5.059644,0.959381,1.907975,RERSNTEEBACTRTDMLRC,0.939394,0.060606,point_previews/task000087_mu000032_rho010_n1.png
0.2,32,8,license_plate_bahnschrift.ttf,CBAGJWPD6YXT0RNZL49E3HSU875KFVMQ2,3,15,0,0.17,7.155418,0.919759,1.349142,TCBAGVPEARHRAZCPESHABTSAEMERS,0.757576,0.242424,point_previews/task000087_mu000032_rho020_n0.png
0.2,32,8,license_plate_bahnschrift.ttf,CBAGJWPD6YXT0RNZL49E3HSU875KFVMQ2,3,15,1,0.17,7.155418,0.919759,1.349142,EBSGFWPDERMTERMZLAVESASURTSHPUMGZ,0.606061,0.393939,point_previews/task000087_mu000032_rho020_n1.png
0.3,32,8,license_plate_bahnschrift.ttf,CBAGJWPD6YXT0RNZL49E3HSU875KFVMQ2,3,15,0,0.255,8.763561,0.881116,1.10157,EBAGSHPDEYNTGRNZLGQESHSUBTSKEUMER,0.484848,0.515152,point_previews/task000087_mu000032_rho030_n0.png
0.3,32,8,license_plate_bahnschrift.ttf,CBAGJWPD6YXT0RNZL49E3HSU875KFVMQ2,3,15,1,0.255,8.763561,0.881116,1.10157,CBAGWEDEYRTCRNELUDESHSUSTEKEGE,0.515152,0.484848,point_previews/task000087_mu000032_rho030_n1.png
0.4,32,8,license_plate_bahnschrift.ttf,CBAGJWPD6YXT0RNZL49E3HSU875KFVMQ2,3,15,0,0.34,10.119289,0.843436,0.953987,CHAGJMPDAYXTURNZLG9E3HSUBTSKEVNG2,0.333333,0.666667,point_previews/task000087_mu000032_rho040_n0.png
0.4,32,8,license_plate_bahnschrift.ttf,CBAGJWPD6YXT0RNZL49E3HSU875KFVMQ2,3,15,1,0.34,10.119289,0.843436,0.953987,,1.0,0.0,point_previews/task000087_mu000032_rho040_n1.png
0.5,32,8,license_plate_bahnschrift.ttf,CBAGJWPD6YXT0RNZL49E3HSU875KFVMQ2,3,15,0,0.425,11.313708,0.8067,0.853272,CBAGAYPDEYXTURNZLYPESHSUSTSKFVMG2,0.333333,0.666667,point_previews/task000087_mu000032_rho050_n0.png
0.5,32,8,license_plate_bahnschrift.ttf,CBAGJWPD6YXT0RNZL49E3HSU875KFVMQ2,3,15,1,0.425,11.313708,0.8067,0.853272,CBAGJWPDAYXTURNZEQPESMSUBTSKEVMG2,0.363636,0.636364,point_previews/task000087_mu000032_rho050_n1.png
0.6,32,8,license_plate_bahnschrift.ttf,CBAGJWPD6YXT0RNZL49E3HSU875KFVMQ2,3,15,0,0.51,12.393547,0.770893,0.778927,,1.0,0.0,point_previews/task000087_mu000032_rho060_n0.png
0.6,32,8,license_plate_bahnschrift.ttf,CBAGJWPD6YXT0RNZL49E3HSU875KFVMQ2,3,15,1,0.51,12.393547,0.770893,0.778927,CBAGJWPDSYXTDRNZLYESHSUSTSKFVMG2,0.272727,0.727273,point_previews/task000087_mu000032_rho060_n1.png
0.7,32,8,license_plate_bahnschrift.ttf,CBAGJWPD6YXT0RNZL49E3HSU875KFVMQ2,3,15,0,0.595,13.38656,0.735998,0.721147,CBAGJWPDSYXTURNZLASESHSUB7SKFVMG2,0.242424,0.757576,point_previews/task000087_mu000032_rho070_n0.png
0.7,32,8,license_plate_bahnschrift.ttf,CBAGJWPD6YXT0RNZL49E3HSU875KFVMQ2,3,15,1,0.595,13.38656,0.735998,0.721147,EBAGSWPDSYXTURNZLGSESHSUBTSKEVMG2,0.363636,0.636364,point_previews/task000087_mu000032_rho070_n1.png
0.8,32,8,license_plate_bahnschrift.ttf,CBAGJWPD6YXT0RNZL49E3HSU875KFVMQ2,3,15,0,0.68,14.310835,0.701998,0.674571,,1.0,0.0,point_previews/task000087_mu000032_rho080_n0.png
0.8,32,8,license_plate_bahnschrift.ttf,CBAGJWPD6YXT0RNZL49E3HSU875KFVMQ2,3,15,1,0.68,14.310835,0.701998,0.674571,EBAGJWPDEYXTURNZLPESHSUBTSKFVMG2,0.30303,0.69697,point_previews/task000087_mu000032_rho080_n1.png
0.9,32,8,license_plate_bahnschrift.ttf,CBAGJWPD6YXT0RNZL49E3HSU875KFVMQ2,3,15,0,0.765,15.178933,0.668877,0.635992,CBAGJWPD6YXTURNZUG9ESHSUBTSKEVMG2,0.272727,0.727273,point_previews/task000087_mu000032_rho090_n0.png
0.9,32,8,license_plate_bahnschrift.ttf,CBAGJWPD6YXT0RNZL49E3HSU875KFVMQ2,3,15,1,0.765,15.178933,0.668877,0.635992,CBAGJWPD6YXTRNZLAVESHSUBTSKFVMGZ,0.272727,0.727273,point_previews/task000087_mu000032_rho090_n1.png
1.0,32,8,license_plate_bahnschrift.ttf,CBAGJWPD6YXT0RNZL49E3HSU875KFVMQ2,3,15,0,0.85,16.0,0.63662,0.603355,CBAGJWPDEYXTRNZLGPESHSUBTSKEVMQ2,0.272727,0.727273,point_previews/task000087_mu000032_rho100_n0.png
1.0,32,8,license_plate_bahnschrift.ttf,CBAGJWPD6YXT0RNZL49E3HSU875KFVMQ2,3,15,1,0.85,16.0,0.63662,0.603355,CBAGJWPD6YXTERNZLAPESHSUBTSKFYMG2,0.272727,0.727273,point_previews/task000087_mu000032_rho100_n1.png
0.1,45,8,license_plate_bahnschrift.ttf,CBAGJWPD6YXT0RNZL49E3HSU875KFVMQ2,3,15,0,0.085,5.059644,0.959381,1.907975,CRAGLAPTARSTURNZLAPEAHSURS,0.606061,0.393939,point_previews/task000088_mu000045_rho010_n0.png
0.1,45,8,license_plate_bahnschrift.ttf,CBAGJWPD6YXT0RNZL49E3HSU875KFVMQ2,3,15,1,0.085,5.059644,0.959381,1.907975,ERAGDAPGANMATRNZEARPSHSUSDURPHAS,0.727273,0.272727,point_previews/task000088_mu000045_rho010_n1.png
0.2,45,8,license_plate_bahnschrift.ttf,CBAGJWPD6YXT0RNZL49E3HSU875KFVMQ2,3,15,0,0.17,7.155418,0.919759,1.349142,CBAGUWPRAYXTERNZLUPSSHSGRTSKEUMG2,0.454545,0.545455,point_previews/task000088_mu000045_rho020_n0.png
0.2,45,8,license_plate_bahnschrift.ttf,CBAGJWPD6YXT0RNZL49E3HSU875KFVMQ2,3,15,1,0.17,7.155418,0.919759,1.349142,CBAGSNEDSYRTURNZLASESHSUBTSHEYRGZ,0.545455,0.454545,point_previews/task000088_mu000045_rho020_n1.png
0.3,45,8,license_plate_bahnschrift.ttf,CBAGJWPD6YXT0RNZL49E3HSU875KFVMQ2,3,15,0,0.255,8.763561,0.881116,1.10157,,1.0,0.0,point_previews/task000088_mu000045_rho030_n0.png
0.3,45,8,license_plate_bahnschrift.ttf,CBAGJWPD6YXT0RNZL49E3HSU875KFVMQ2,3,15,1,0.255,8.763561,0.881116,1.10157,,1.0,0.0,point_previews/task000088_mu000045_rho030_n1.png
0.4,45,8,license_plate_bahnschrift.ttf,CBAGJWPD6YXT0RNZL49E3HSU875KFVMQ2,3,15,0,0.34,10.119289,0.843436,0.953987,ACBAGJWPDSYXTDRNZLAVESHSUSTSKEVMG2,0.333333,0.666667,point_previews/task000088_mu000045_rho040_n0.png
0.4,45,8,license_plate_bahnschrift.ttf,CBAGJWPD6YXT0RNZL49E3HSU875KFVMQ2,3,15,1,0.34,10.119289,0.843436,0.953987,CBAGJWPDSYXTURNZLAPESHSUBTSKEVNQ2,0.30303,0.69697,point_previews/task000088_mu000045_rho040_n1.png
0.5,45,8,license_plate_bahnschrift.ttf,CBAGJWPD6YXT0RNZL49E3HSU875KFVMQ2,3,15,0,0.425,11.313708,0.8067,0.853272,CBAGJWPDSYXTRNZL49ESHSUBTSKFYMG2,0.242424,0.757576,point_previews/task000088_mu000045_rho050_n0.png
0.5,45,8,license_plate_bahnschrift.ttf,CBAGJWPD6YXT0RNZL49E3HSU875KFVMQ2,3,15,1,0.425,11.313708,0.8067,0.853272,CBAGJWPD6YXTURNZLGSESHSUBTSKEVMG2,0.272727,0.727273,point_previews/task000088_mu000045_rho050_n1.png
0.6,45,8,license_plate_bahnschrift.ttf,CBAGJWPD6YXT0RNZL49E3HSU875KFVMQ2,3,15,0,0.51,12.393547,0.770893,0.778927,CBAGJWPDSYXTCRNZLAPESHSUBTSKEYNG2,0.363636,0.636364,point_previews/task000088_mu000045_rho060_n0.png
0.6,45,8,license_plate_bahnschrift.ttf,CBAGJWPD6YXT0RNZL49E3HSU875KFVMQ2,3,15,1,0.51,12.393547,0.770893,0.778927,CBAGJWPD6YXTRNZLGPESHSUSTSKFVMQ2,0.212121,0.787879,point_previews/task000088_mu000045_rho060_n1.png
0.7,45,8,license_plate_bahnschrift.ttf,CBAGJWPD6YXT0RNZL49E3HSU875KFVMQ2,3,15,0,0.595,13.38656,0.735998,0.721147,CBAGJWPDEYXTGRNZL49ESHSUBTSKFVMG2,0.212121,0.787879,point_previews/task000088_mu000045_rho070_n0.png
0.7,45,8,license_plate_bahnschrift.ttf,CBAGJWPD6YXT0RNZL49E3HSU875KFVMQ2,3,15,1,0.595,13.38656,0.735998,0.721147,CBAGJWPD6YXTERNZLAPESHSUSTSKFVMG2,0.242424,0.757576,point_previews/task000088_mu000045_rho070_n1.png
0.8,45,8,license_plate_bahnschrift.ttf,CBAGJWPD6YXT0RNZL49E3HSU875KFVMQ2,3,15,0,0.68,14.310835,0.701998,0.674571,CBAGJWPDSYXTRNZLAPESHSUBTSKFYMG2,0.30303,0.69697,point_previews/task000088_mu000045_rho080_n0.png
0.8,45,8,license_plate_bahnschrift.ttf,CBAGJWPD6YXT0RNZL49E3HSU875KFVMQ2,3,15,1,0.68,14.310835,0.701998,0.674571,CBAGJWPDSYXTRNZLAPESHSUSTSKFYMG2,0.30303,0.69697,point_previews/task000088_mu000045_rho080_n1.png
0.9,45,8,license_plate_bahnschrift.ttf,CBAGJWPD6YXT0RNZL49E3HSU875KFVMQ2,3,15,0,0.765,15.178933,0.668877,0.635992,CBAGJWPD6YXTRNZL49E3HSUBTSKFVMG2,0.151515,0.848485,point_previews/task000088_mu000045_rho090_n0.png
0.9,45,8,license_plate_bahnschrift.ttf,CBAGJWPD6YXT0RNZL49E3HSU875KFVMQ2,3,15,1,0.765,15.178933,0.668877,0.635992,CBAGJWPDSYXTRNZL49ESHSUSTSKFVMQ2,0.181818,0.818182,point_previews/task000088_mu000045_rho090_n1.png
1.0,45,8,license_plate_bahnschrift.ttf,CBAGJWPD6YXT0RNZL49E3HSU875KFVMQ2,3,15,0,0.85,16.0,0.63662,0.603355,CBAGJWPD6YXTRNZL42ESHSUBTSKFYMQ2,0.212121,0.787879,point_previews/task000088_mu000045_rho100_n0.png
1.0,45,8,license_plate_bahnschrift.ttf,CBAGJWPD6YXT0RNZL49E3HSU875KFVMQ2,3,15,1,0.85,16.0,0.63662,0.603355,CBAGJWPDSYXTCRNZL49ESHSUB75KFVMG2,0.151515,0.848485,point_previews/task000088_mu000045_rho100_n1.png
0.1,64,8,license_plate_bahnschrift.ttf,CBAGJWPD6YXT0RNZL49E3HSU875KFVMQ2,3,15,0,0.085,5.059644,0.959381,1.907975,CRAGHYPBSYRTDRNPRGSESHSBFSKEYMG2,0.575758,0.424242,point_previews/task000089_mu000064_rho010_n0.png
0.1,64,8,license_plate_bahnschrift.ttf,CBAGJWPD6YXT0RNZL49E3HSU875KFVMQ2,3,15,1,0.085,5.059644,0.959381,1.907975,CBAGHEPDSVRTURNELGESHSUBTSEVNG,0.545455,0.454545,point_previews/task000089_mu000064_rho010_n1.png
0.2,64,8,license_plate_bahnschrift.ttf,CBAGJWPD6YXT0RNZL49E3HSU875KFVMQ2,3,15,0,0.17,7.155418,0.919759,1.349142,CBAGAWPDSYXTURNZL492SHSUSTSKEYNG2,0.363636,0.636364,point_previews/task000089_mu000064_rho020_n0.png
0.2,64,8,license_plate_bahnschrift.ttf,CBAGJWPD6YXT0RNZL49E3HSU875KFVMQ2,3,15,1,0.17,7.155418,0.919759,1.349142,CBAGJWPEDGYXTURNZLASESHSUBTSKEVMG2,0.333333,0.666667,point_previews/task000089_mu000064_rho020_n1.png
0.3,64,8,license_plate_bahnschrift.ttf,CBAGJWPD6YXT0RNZL49E3HSU875KFVMQ2,3,15,0,0.255,8.763561,0.881116,1.10157,CBAGJWPDSYXTRNZL49E3HSUBTSKEYMG2,0.242424,0.757576,point_previews/task000089_mu000064_rho030_n0.png
0.3,64,8,license_plate_bahnschrift.ttf,CBAGJWPD6YXT0RNZL49E3HSU875KFVMQ2,3,15,1,0.255,8.763561,0.881116,1.10157,CBAGJWPDSYXTURNZLAPESHSUSTSKEVMG2,0.30303,0.69697,point_previews/task000089_mu000064_rho030_n1.png
0.4,64,8,license_plate_bahnschrift.ttf,CBAGJWPD6YXT0RNZL49E3HSU875KFVMQ2,3,15,0,0.34,10.119289,0.843436,0.953987,CBAGJWPDS6YXTRNZLA9ESHSUBTSKFYMQ2,0.242424,0.757576,point_previews/task000089_mu000064_rho040_n0.png
0.4,64,8,license_plate_bahnschrift.ttf,CBAGJWPD6YXT0RNZL49E3HSU875KFVMQ2,3,15,1,0.34,10.119289,0.843436,0.953987,CBAGJWPDSYXTURNZLASESHSUBTSKFEYMQ2,0.30303,0.69697,point_previews/task000089_mu000064_rho040_n1.png
0.5,64,8,license_plate_bahnschrift.ttf,CBAGJWPD6YXT0RNZL49E3HSU875KFVMQ2,3,15,0,0.425,11.313708,0.8067,0.853272,CBAGJWPD6YXTURNZL49E3HSUS7SKFYMG2,0.151515,0.848485,point_previews/task000089_mu000064_rho050_n0.png
0.5,64,8,license_plate_bahnschrift.ttf,CBAGJWPD6YXT0RNZL49E3HSU875KFVMQ2,3,15,1,0.425,11.313708,0.8067,0.853272,CBAGJWPDSYXTCRNZL49E3HSUBTSKFYMG2,0.212121,0.787879,point_previews/task000089_mu000064_rho050_n1.png
0.6,64,8,license_plate_bahnschrift.ttf,CBAGJWPD6YXT0RNZL49E3HSU875KFVMQ2,3,15,0,0.51,12.393547,0.770893,0.778927,CBAGJWPD6YXTCRNZL4963HSUB8TSKFVMG2,0.181818,0.818182,point_previews/task000089_mu000064_rho060_n0.png
0.6,64,8,license_plate_bahnschrift.ttf,CBAGJWPD6YXT0RNZL49E3HSU875KFVMQ2,3,15,1,0.51,12.393547,0.770893,0.778927,CBAGJWPDSYXTURNZLAJESHSUBTSKFYMG2,0.30303,0.69697,point_previews/task000089_mu000064_rho060_n1.png
0.7,64,8,license_plate_bahnschrift.ttf,CBAGJWPD6YXT0RNZL49E3HSU875KFVMQ2,3,15,0,0.595,13.38656,0.735998,0.721147,CBAGJWPDSYXTRNZL49E3HSUS75KFYMQ2,0.121212,0.878788,point_previews/task000089_mu000064_rho070_n0.png
0.7,64,8,license_plate_bahnschrift.ttf,CBAGJWPD6YXT0RNZL49E3HSU875KFVMQ2,3,15,1,0.595,13.38656,0.735998,0.721147,CBAGJWPD6YXTCRNZL49E3HSUS75KFYMG2,0.121212,0.878788,point_previews/task000089_mu000064_rho070_n1.png
0.8,64,8,license_plate_bahnschrift.ttf,CBAGJWPD6YXT0RNZL49E3HSU875KFVMQ2,3,15,0,0.68,14.310835,0.701998,0.674571,CBAGJWPD6YXTRNZLAPESHSUBTSKFYMG2,0.272727,0.727273,point_previews/task000089_mu000064_rho080_n0.png
0.8,64,8,license_plate_bahnschrift.ttf,CBAGJWPD6YXT0RNZL49E3HSU875KFVMQ2,3,15,1,0.68,14.310835,0.701998,0.674571,CBAGJWPD4YXTRNZLA9E3HSUBTSKFYNG2,0.272727,0.727273,point_previews/task000089_mu000064_rho080_n1.png
0.9,64,8,license_plate_bahnschrift.ttf,CBAGJWPD6YXT0RNZL49E3HSU875KFVMQ2,3,15,0,0.765,15.178933,0.668877,0.635992,CBAGJWPD6YXTERNZL49E3HSU8TSKFVMQ2,0.090909,0.909091,point_previews/task000089_mu000064_rho090_n0.png
0.9,64,8,license_plate_bahnschrift.ttf,CBAGJWPD6YXT0RNZL49E3HSU875KFVMQ2,3,15,1,0.765,15.178933,0.668877,0.635992,CBAGJWPD6YXT0RNZLASESHSUBTSKFVMG2,0.212121,0.787879,point_previews/task000089_mu000064_rho090_n1.png
1.0,64,8,license_plate_bahnschrift.ttf,CBAGJWPD6YXT0RNZL49E3HSU875KFVMQ2,3,15,0,0.85,16.0,0.63662,0.603355,CBAGJWPDSYXT0RNZLA9E3HSUSTSKFVMQ2,0.151515,0.848485,point_previews/task000089_mu000064_rho100_n0.png
1.0,64,8,license_plate_bahnschrift.ttf,CBAGJWPD6YXT0RNZL49E3HSU875KFVMQ2,3,15,1,0.85,16.0,0.63662,0.603355,CBAGJWPD6YXT0RNZLG9ESHSUST5SKFVMQ2,0.151515,0.848485,point_previews/task000089_mu000064_rho100_n1.png
0.1,4,8,license_plate_bahnschrift.ttf,CBAGJWPD6YXT0RNZL49E3HSU875KFVMQ2,7,0,0,0.085,5.059644,0.959381,1.907975,,1.0,0.0,point_previews/task000090_mu000004_rho010_n0.png
0.1,4,8,license_plate_bahnschrift.ttf,CBAGJWPD6YXT0RNZL49E3HSU875KFVMQ2,7,0,1,0.085,5.059644,0.959381,1.907975,RHEERMRRCM,0.909091,0.090909,point_previews/task000090_mu000004_rho010_n1.png
0.2,4,8,license_plate_bahnschrift.ttf,CBAGJWPD6YXT0RNZL49E3HSU875KFVMQ2,7,0,0,0.17,7.155418,0.919759,1.349142,PPPSRSSMRSCNRAPREED,0.909091,0.090909,point_previews/task000090_mu000004_rho020_n0.png
0.2,4,8,license_plate_bahnschrift.ttf,CBAGJWPD6YXT0RNZL49E3HSU875KFVMQ2,7,0,1,0.17,7.155418,0.919759,1.349142,BESSPUPR,0.909091,0.090909,point_previews/task000090_mu000004_rho020_n1.png
0.3,4,8,license_plate_bahnschrift.ttf,CBAGJWPD6YXT0RNZL49E3HSU875KFVMQ2,7,0,0,0.255,8.763561,0.881116,1.10157,ASSESS,0.909091,0.090909,point_previews/task000090_mu000004_rho030_n0.png
0.3,4,8,license_plate_bahnschrift.ttf,CBAGJWPD6YXT0RNZL49E3HSU875KFVMQ2,7,0,1,0.255,8.763561,0.881116,1.10157,,1.0,0.0,point_previews/task000090_mu000004_rho030_n1.png
0.4,4,8,license_plate_bahnschrift.ttf,CBAGJWPD6YXT0RNZL49E3HSU875KFVMQ2,7,0,0,0.34,10.119289,0.843436,0.953987,RURTANSNECNNM,0.878788,0.121212,point_previews/task000090_mu000004_rho040_n0.png
0.4,4,8,license_plate_bahnschrift.ttf,CBAGJWPD6YXT0RNZL49E3HSU875KFVMQ2,7,0,1,0.34,10.119289,0.843436,0.953987,FERRSSRNEMVPEEEDWRN,0.909091,0.090909,point_previews/task000090_mu000004_rho040_n1.png
0.5,4,8,license_plate_bahnschrift.ttf,CBAGJWPD6YXT0RNZL49E3HSU875KFVMQ2,7,0,0,0.425,11.313708,0.8067,0.853272,PERSARNPRAESPSWEASLLT,0.848485,0.151515,point_previews/task000090_mu000004_rho050_n0.png
0.5,4,8,license_plate_bahnschrift.ttf,CBAGJWPD6YXT0RNZL49E3HSU875KFVMQ2,7,0,1,0.425,11.313708,0.8067,0.853272,,1.0,0.0,point_previews/task000090_mu000004_rho050_n1.png
0.6,4,8,license_plate_bahnschrift.ttf,CBAGJWPD6YXT0RNZL49E3HSU875KFVMQ2,7,0,0,0.51,12.393547,0.770893,0.778927,TERSMACGALWAETSSARE,0.909091,0.090909,point_previews/task000090_mu000004_rho060_n0.png
0.6,4,8,license_plate_bahnschrift.ttf,CBAGJWPD6YXT0RNZL49E3HSU875KFVMQ2,7,0,1,0.51,12.393547,0.770893,0.778927,,1.0,0.0,point_previews/task000090_mu000004_rho060_n1.png
0.7,4,8,license_plate_bahnschrift.ttf,CBAGJWPD6YXT0RNZL49E3HSU875KFVMQ2,7,0,0,0.595,13.38656,0.735998,0.721147,BSS2LSRE,0.909091,0.090909,point_previews/task000090_mu000004_rho070_n0.png
0.7,4,8,license_plate_bahnschrift.ttf,CBAGJWPD6YXT0RNZL49E3HSU875KFVMQ2,7,0,1,0.595,13.38656,0.735998,0.721147,SRERAREAFRUY,0.909091,0.090909,point_previews/task000090_mu000004_rho070_n1.png
0.8,4,8,license_plate_bahnschrift.ttf,CBAGJWPD6YXT0RNZL49E3HSU875KFVMQ2,7,0,0,0.68,14.310835,0.701998,0.674571,TPREDPACRSGUPSTESCE,0.909091,0.090909,point_previews/task000090_mu000004_rho080_n0.png
0.8,4,8,license_plate_bahnschrift.ttf,CBAGJWPD6YXT0RNZL49E3HSU875KFVMQ2,7,0,1,0.68,14.310835,0.701998,0.674571,NEAASUAT2LU8TSMY,0.818182,0.181818,point_previews/task000090_mu000004_rho080_n1.png
0.9,4,8,license_plate_bahnschrift.ttf,CBAGJWPD6YXT0RNZL49E3HSU875KFVMQ2,7,0,0,0.765,15.178933,0.668877,0.635992,ACRATAMERY28BLSNCSNNNTED,0.878788,0.121212,point_previews/task000090_mu000004_rho090_n0.png
0.9,4,8,license_plate_bahnschrift.ttf,CBAGJWPD6YXT0RNZL49E3HSU875KFVMQ2,7,0,1,0.765,15.178933,0.668877,0.635992,RESPUREANTEUNSBBS,0.878788,0.121212,point_previews/task000090_mu000004_rho090_n1.png
1.0,4,8,license_plate_bahnschrift.ttf,CBAGJWPD6YXT0RNZL49E3HSU875KFVMQ2,7,0,0,0.85,16.0,0.63662,0.603355,EBRAETGENTRARTNGABBTERSYT,0.909091,0.090909,point_previews/task000090_mu000004_rho100_n0.png
1.0,4,8,license_plate_bahnschrift.ttf,CBAGJWPD6YXT0RNZL49E3HSU875KFVMQ2,7,0,1,0.85,16.0,0.63662,0.603355,SRAGSPRTPRGAEGANESHGURTNE,0.787879,0.212121,point_previews/task000090_mu000004_rho100_n1.png
0.1,6,8,license_plate_bahnschrift.ttf,CBAGJWPD6YXT0RNZL49E3HSU875KFVMQ2,7,0,0,0.085,5.059644,0.959381,1.907975,SRATEMSRUMMG,0.848485,0.151515,point_previews/task000091_mu000006_rho010_n0.png
0.1,6,8,license_plate_bahnschrift.ttf,CBAGJWPD6YXT0RNZL49E3HSU875KFVMQ2,7,0,1,0.085,5.059644,0.959381,1.907975,CME7Y,0.909091,0.090909,point_previews/task000091_mu000006_rho010_n1.png
0.2,6,8,license_plate_bahnschrift.ttf,CBAGJWPD6YXT0RNZL49E3HSU875KFVMQ2,7,0,0,0.17,7.155418,0.919759,1.349142,BPLSAEACELRR,0.878788,0.121212,point_previews/task000091_mu000006_rho020_n0.png
0.2,6,8,license_plate_bahnschrift.ttf,CBAGJWPD6YXT0RNZL49E3HSU875KFVMQ2,7,0,1,0.17,7.155418,0.919759,1.349142,SNSGAUERHNTSUEH,0.878788,0.121212,point_previews/task000091_mu000006_rho020_n1.png
0.3,6,8,license_plate_bahnschrift.ttf,CBAGJWPD6YXT0RNZL49E3HSU875KFVMQ2,7,0,0,0.255,8.763561,0.881116,1.10157,,1.0,0.0,point_previews/task000091_mu000006_rho030_n0.png
0.3,6,8,license_plate_bahnschrift.ttf,CBAGJWPD6YXT0RNZL49E3HSU875KFVMQ2,7,0,1,0.255,8.763561,0.881116,1.10157,DEEMN,0.909091,0.090909,point_previews/task000091_mu000006_rho030_n1.png
0.4,6,8,license_plate_bahnschrift.ttf,CBAGJWPD6YXT0RNZL49E3HSU875KFVMQ2,7,0,0,0.34,10.119289,0.843436,0.953987,GSURAYPEENTPNCEMASD,0.848485,0.151515,point_previews/task000091_mu000006_rho040_n0.png
0.4,6,8,license_plate_bahnschrift.ttf,CBAGJWPD6YXT0RNZL49E3HSU875KFVMQ2,7,0,1,0.34,10.119289,0.843436,0.953987,TEMRETATLMMPRS,0.909091,0.090909,point_previews/task000091_mu000006_rho040_n1.png
0.5,6,8,license_plate_bahnschrift.ttf,CBAGJWPD6YXT0RNZL49E3HSU875KFVMQ2,7,0,0,0.425,11.313708,0.8067,0.853272,GAGARRSATEEEASAREESTERSA,0.848485,0.151515,point_previews/task000091_mu000006_rho050_n0.png
0.5,6,8,license_plate_bahnschrift.ttf,CBAGJWPD6YXT0RNZL49E3HSU875KFVMQ2,7,0,1,0.425,11.313708,0.8067,0.853272,,1.0,0.0,point_previews/task000091_mu000006_rho050_n1.png
0.6,6,8,license_plate_bahnschrift.ttf,CBAGJWPD6YXT0RNZL49E3HSU875KFVMQ2,7,0,0,0.51,12.393547,0.770893,0.778927,GESERUTRNGEASESLATAER,0.818182,0.181818,point_previews/task000091_mu000006_rho060_n0.png
0.6,6,8,license_plate_bahnschrift.ttf,CBAGJWPD6YXT0RNZL49E3HSU875KFVMQ2,7,0,1,0.51,12.393547,0.770893,0.778927,HGPSERENYMADUGERATSRNRSUSDDS,0.909091,0.090909,point_previews/task000091_mu000006_rho060_n1.png
0.7,6,8,license_plate_bahnschrift.ttf,CBAGJWPD6YXT0RNZL49E3HSU875KFVMQ2,7,0,0,0.595,13.38656,0.735998,0.721147,CRMREWPTETRGRNZRRS,0.787879,0.212121,point_previews/task000091_mu000006_rho070_n0.png
0.7,6,8,license_plate_bahnschrift.ttf,CBAGJWPD6YXT0RNZL49E3HSU875KFVMQ2,7,0,1,0.595,13.38656,0.735998,0.721147,SRARPTACHALAVESHSUSFAREVEGE,0.727273,0.272727,point_previews/task000091_mu000006_rho070_n1.png
0.8,6,8,license_plate_bahnschrift.ttf,CBAGJWPD6YXT0RNZL49E3HSU875KFVMQ2,7,0,0,0.68,14.310835,0.701998,0.674571,,1.0,0.0,point_previews/task000091_mu000006_rho080_n0.png
0.8,6,8,license_plate_bahnschrift.ttf,CBAGJWPD6YXT0RNZL49E3HSU875KFVMQ2,7,0,1,0.68,14.310835,0.701998,0.674571,ARACPRDDERSTSRNSCASESNSUETSRBGS,0.757576,0.242424,point_previews/task000091_mu000006_rho080_n1.png
0.9,6,8,license_plate_bahnschrift.ttf,CBAGJWPD6YXT0RNZL49E3HSU875KFVMQ2,7,0,0,0.765,15.178933,0.668877,0.635992,CCUMSAPDUERTCRAZEGFRSES8ET,0.757576,0.242424,point_previews/task000091_mu000006_rho090_n0.png
0.9,6,8,license_plate_bahnschrift.ttf,CBAGJWPD6YXT0RNZL49E3HSU875KFVMQ2,7,0,1,0.765,15.178933,0.668877,0.635992,EPASMPECRTPALLUESHBARNES,0.818182,0.181818,point_previews/task000091_mu000006_rho090_n1.png
1.0,6,8,license_plate_bahnschrift.ttf,CBAGJWPD6YXT0RNZL49E3HSU875KFVMQ2,7,0,0,0.85,16.0,0.63662,0.603355,SRAGMPDUYRTSEMAAURHENRTAEYR,0.787879,0.212121,point_previews/task000091_mu000006_rho100_n0.png
1.0,6,8,license_plate_bahnschrift.ttf,CBAGJWPD6YXT0RNZL49E3HSU875KFVMQ2,7,0,1,0.85,16.0,0.63662,0.603355,RASTWPDRYK7RRN7CTESREGETSKSBB,0.727273,0.272727,point_previews/task000091_mu000006_rho100_n1.png
0.1,8,8,license_plate_bahnschrift.ttf,CBAGJWPD6YXT0RNZL49E3HSU875KFVMQ2,7,0,0,0.085,5.059644,0.959381,1.907975,ALTPRRE,0.878788,0.121212,point_previews/task000092_mu000008_rho010_n0.png
0.1,8,8,license_plate_bahnschrift.ttf,CBAGJWPD6YXT0RNZL49E3HSU875KFVMQ2,7,0,1,0.085,5.059644,0.959381,1.907975,CANES,0.848485,0.151515,point_previews/task000092_mu000008_rho010_n1.png
0.2,8,8,license_plate_bahnschrift.ttf,CBAGJWPD6YXT0RNZL49E3HSU875KFVMQ2,7,0,0,0.17,7.155418,0.919759,1.349142,BESNCUNRDASRLC,0.909091,0.090909,point_previews/task000092_mu000008_rho020_n0.png
0.2,8,8,license_plate_bahnschrift.ttf,CBAGJWPD6YXT0RNZL49E3HSU875KFVMQ2,7,0,1,0.17,7.155418,0.919759,1.349142,ACTAMGMLURMLEDAN,0.878788,0.121212,point_previews/task000092_mu000008_rho020_n1.png
0.3,8,8,license_plate_bahnschrift.ttf,CBAGJWPD6YXT0RNZL49E3HSU875KFVMQ2,7,0,0,0.255,8.763561,0.881116,1.10157,REARPRETRNELUEANEATSEAS,0.787879,0.212121,point_previews/task000092_mu000008_rho030_n0.png
0.3,8,8,license_plate_bahnschrift.ttf,CBAGJWPD6YXT0RNZL49E3HSU875KFVMQ2,7,0,1,0.255,8.763561,0.881116,1.10157,SSRASBFSSMEAR,0.939394,0.060606,point_previews/task000092_mu000008_rho030_n1.png
0.4,8,8,license_plate_bahnschrift.ttf,CBAGJWPD6YXT0RNZL49E3HSU875KFVMQ2,7,0,0,0.34,10.119289,0.843436,0.953987,GERSAPRSPXCERNRTTANETRESASTPNRBST,0.878788,0.121212,point_previews/task000092_mu000008_rho040_n0.png
0.4,8,8,license_plate_bahnschrift.ttf,CBAGJWPD6YXT0RNZL49E3HSU875KFVMQ2,7,0,1,0.34,10.119289,0.843436,0.953987,PCRACMARUYERCESESESURGEYSZ,0.818182,0.181818,point_previews/task000092_mu000008_rho040_n1.png
0.5,8,8,license_plate_bahnschrift.ttf,CBAGJWPD6YXT0RNZL49E3HSU875KFVMQ2,7,0,0,0.425,11.313708,0.8067,0.853272,PRASNDETERNELLEETBATSUMGS,0.757576,0.242424,point_previews/task000092_mu000008_rho050_n0.png
0.5,8,8,license_plate_bahnschrift.ttf,CBAGJWPD6YXT0RNZL49E3HSU875KFVMQ2,7,0,1,0.425,11.313708,0.8067,0.853272,ARACMPDLPESUNEU3GTEBY,0.787879,0.212121,point_previews/task000092_mu000008_rho050_n1.png
0.6,8,8,license_plate_bahnschrift.ttf,CBAGJWPD6YXT0RNZL49E3HSU875KFVMQ2,7,0,0,0.51,12.393547,0.770893,0.778927,PEERUNPESERBESLCNSAATSHEEUNS,0.909091,0.090909,point_previews/task000092_mu000008_rho060_n0.png
0.6,8,8,license_plate_bahnschrift.ttf,CBAGJWPD6YXT0RNZL49E3HSU875KFVMQ2,7,0,1,0.51,12.393547,0.770893,0.778927,EDUGAPERETCRNF58SETRSAPRM,0.757576,0.242424,point_previews/task000092_mu000008_rho060_n1.png
0.7,8,8,license_plate_bahnschrift.ttf,CBAGJWPD6YXT0RNZL49E3HSU875KFVMQ2,7,0,0,0.595,13.38656,0.735998,0.721147,SCBAGAUPREYNTGRNZPEAMGUGTSCTRGE,0.666667,0.333333,point_previews/task000092_mu000008_rho070_n0.png
0.7,8,8,license_plate_bahnschrift.ttf,CBAGJWPD6YXT0RNZL49E3HSU875KFVMQ2,7,0,1,0.595,13.38656,0.735998,0.721147,EBAGHAPERRRTGRAALAREHSUSTERENTSS,0.666667,0.333333,point_previews/task000092_mu000008_rho070_n1.png
0.8,8,8,license_plate_bahnschrift.ttf,CBAGJWPD6YXT0RNZL49E3HSU875KFVMQ2,7,0,0,0.68,14.310835,0.701998,0.674571,VCBABEWEDEYRTGRNTWPRSRSNTSKSLMS2,0.636364,0.363636,point_previews/task000092_mu000008_rho080_n0.png
0.8,8,8,license_plate_bahnschrift.ttf,CBAGJWPD6YXT0RNZL49E3HSU875KFVMQ2,7,0,1,0.68,14.310835,0.701998,0.674571,CBAGWPSEUKTSRAZSRNSUSTSKENG2,0.606061,0.393939,point_previews/task000092_mu000008_rho080_n1.png
0.9,8,8,license_plate_bahnschrift.ttf,CBAGJWPD6YXT0RNZL49E3HSU875KFVMQ2,7,0,0,0.765,15.178933,0.668877,0.635992,,1.0,0.0,point_previews/task000092_mu000008_rho090_n0.png
0.9,8,8,license_plate_bahnschrift.ttf,CBAGJWPD6YXT0RNZL49E3HSU875KFVMQ2,7,0,1,0.765,15.178933,0.668877,0.635992,SBRASSWPDSTETGRNZLAESHSUSFRERG,0.575758,0.424242,point_previews/task000092_mu000008_rho090_n1.png
1.0,8,8,license_plate_bahnschrift.ttf,CBAGJWPD6YXT0RNZL49E3HSU875KFVMQ2,7,0,0,0.85,16.0,0.63662,0.603355,,1.0,0.0,point_previews/task000092_mu000008_rho100_n0.png
1.0,8,8,license_plate_bahnschrift.ttf,CBAGJWPD6YXT0RNZL49E3HSU875KFVMQ2,7,0,1,0.85,16.0,0.63662,0.603355,CBACHPREYRTGENALYZESRHEUBTSEEMDD,0.666667,0.333333,point_previews/task000092_mu000008_rho100_n1.png
0.1,11,8,license_plate_bahnschrift.ttf,CBAGJWPD6YXT0RNZL49E3HSU875KFVMQ2,7,0,0,0.085,5.059644,0.959381,1.907975,RSRCAPRSEGEAFEARDV,0.878788,0.121212,point_previews/task000093_mu000011_rho010_n0.png
0.1,11,8,license_plate_bahnschrift.ttf,CBAGJWPD6YXT0RNZL49E3HSU875KFVMQ2,7,0,1,0.085,5.059644,0.959381,1.907975,BNNMNEGPSRAEAT,0.878788,0.121212,point_previews/task000093_mu000011_rho010_n1.png
0.2,11,8,license_plate_bahnschrift.ttf,CBAGJWPD6YXT0RNZL49E3HSU875KFVMQ2,7,0,0,0.17,7.155418,0.919759,1.349142,SCGTUALALDLENESERYCATNN,0.848485,0.151515,point_previews/task000093_mu000011_rho020_n0.png
0.2,11,8,license_plate_bahnschrift.ttf,CBAGJWPD6YXT0RNZL49E3HSU875KFVMQ2,7,0,1,0.17,7.155418,0.919759,1.349142,RREDSSRSPS,0.909091,0.090909,point_previews/task000093_mu000011_rho020_n1.png
0.3,11,8,license_plate_bahnschrift.ttf,CBAGJWPD6YXT0RNZL49E3HSU875KFVMQ2,7,0,0,0.255,8.763561,0.881116,1.10157,RCTRREPRCLEDUBESGTBTNWRCEES,0.909091,0.090909,point_previews/task000093_mu000011_rho030_n0.png
0.3,11,8,license_plate_bahnschrift.ttf,CBAGJWPD6YXT0RNZL49E3HSU875KFVMQ2,7,0,1,0.255,8.763561,0.881116,1.10157,BAESSLDTTEVRRERTAEUSGUTESELETEEAERSQS,0.969697,0.030303,point_previews/task000093_mu000011_rho030_n1.png
0.4,11,8,license_plate_bahnschrift.ttf,CBAGJWPD6YXT0RNZL49E3HSU875KFVMQ2,7,0,0,0.34,10.119289,0.843436,0.953987,CRAGERPDYRAGRRZASEBGSRN,0.69697,0.30303,point_previews/task000093_mu000011_rho040_n0.png
0.4,11,8,license_plate_bahnschrift.ttf,CBAGJWPD6YXT0RNZL49E3HSU875KFVMQ2,7,0,1,0.34,10.119289,0.843436,0.953987,CERGARECLDCRHALARESUSUFREWG,0.757576,0.242424,point_previews/task000093_mu000011_rho040_n1.png
0.5,11,8,license_plate_bahnschrift.ttf,CBAGJWPD6YXT0RNZL49E3HSU875KFVMQ2,7,0,0,0.425,11.313708,0.8067,0.853272,SRAGRRDEYRTGRNALAEAKEM,0.666667,0.333333,point_previews/task000093_mu000011_rho050_n0.png
0.5,11,8,license_plate_bahnschrift.ttf,CBAGJWPD6YXT0RNZL49E3HSU875KFVMQ2,7,0,1,0.425,11.313708,0.8067,0.853272,CEDAGRRESYNTGRAEGSESHRTSEEMES,0.757576,0.242424,point_previews/task000093_mu000011_rho050_n1.png
0.6,11,8,license_plate_bahnschrift.ttf,CBAGJWPD6YXT0RNZL49E3HSU875KFVMQ2,7,0,0,0.51,12.393547,0.770893,0.778927,SCBASSWEGSYESRNZERTESHSUSTSHENMG,0.636364,0.363636,point_previews/task000093_mu000011_rho060_n0.png
0.6,11,8,license_plate_bahnschrift.ttf,CBAGJWPD6YXT0RNZL49E3HSU875KFVMQ2,7,0,1,0.51,12.393547,0.770893,0.778927,SAGWRASYNTURNZEYSESSUBTSBS,0.666667,0.333333,point_previews/task000093_mu000011_rho060_n1.png
0.7,11,8,license_plate_bahnschrift.ttf,CBAGJWPD6YXT0RNZL49E3HSU875KFVMQ2,7,0,0,0.595,13.38656,0.735998,0.721147,,1.0,0.0,point_previews/task000093_mu000011_rho070_n0.png
0.7,11,8,license_plate_bahnschrift.ttf,CBAGJWPD6YXT0RNZL49E3HSU875KFVMQ2,7,0,1,0.595,13.38656,0.735998,0.721147,CBAGPAPRAYRTERAZUARERSSUBTSHEVMGD,0.575758,0.424242,point_previews/task000093_mu000011_rho070_n1.png
0.8,11,8,license_plate_bahnschrift.ttf,CBAGJWPD6YXT0RNZL49E3HSU875KFVMQ2,7,0,0,0.68,14.310835,0.701998,0.674571,CBAGUPUGYXTURNZESSESHSUBTSCEWQ2,0.484848,0.515152,point_previews/task000093_mu000011_rho080_n0.png
0.8,11,8,license_plate_bahnschrift.ttf,CBAGJWPD6YXT0RNZL49E3HSU875KFVMQ2,7,0,1,0.68,14.310835,0.701998,0.674571,QBARWPDSYYFURNZELTESRSUSTSKEVMR,0.545455,0.454545,point_previews/task000093_mu000011_rho080_n1.png
0.9,11,8,license_plate_bahnschrift.ttf,CBAGJWPD6YXT0RNZL49E3HSU875KFVMQ2,7,0,0,0.765,15.178933,0.668877,0.635992,CBAGSWRDGYRTARNZLYAESUSUBTSKEWG,0.515152,0.484848,point_previews/task000093_mu000011_rho090_n0.png
0.9,11,8,license_plate_bahnschrift.ttf,CBAGJWPD6YXT0RNZL49E3HSU875KFVMQ2,7,0,1,0.765,15.178933,0.668877,0.635992,CRAGDPDRYMTGRNZLGPESHSUBTSKESNGR,0.515152,0.484848,point_previews/task000093_mu000011_rho090_n1.png
1.0,11,8,license_plate_bahnschrift.ttf,CBAGJWPD6YXT0RNZL49E3HSU875KFVMQ2,7,0,0,0.85,16.0,0.63662,0.603355,,1.0,0.0,point_previews/task000093_mu000011_rho100_n0.png
1.0,11,8,license_plate_bahnschrift.ttf,CBAGJWPD6YXT0RNZL49E3HSU875KFVMQ2,7,0,1,0.85,16.0,0.63662,0.603355,,1.0,0.0,point_previews/task000093_mu000011_rho100_n1.png
0.1,16,8,license_plate_bahnschrift.ttf,CBAGJWPD6YXT0RNZL49E3HSU875KFVMQ2,7,0,0,0.085,5.059644,0.959381,1.907975,BYFWNTPPNES3EERDRNS,0.818182,0.181818,point_previews/task000094_mu000016_rho010_n0.png
0.1,16,8,license_plate_bahnschrift.ttf,CBAGJWPD6YXT0RNZL49E3HSU875KFVMQ2,7,0,1,0.085,5.059644,0.959381,1.907975,RERRSTRASUERREESEECAECANE,0.909091,0.090909,point_previews/task000094_mu000016_rho010_n1.png
0.2,16,8,license_plate_bahnschrift.ttf,CBAGJWPD6YXT0RNZL49E3HSU875KFVMQ2,7,0,0,0.17,7.155418,0.919759,1.349142,SERGANCDARTURAAELSESHSEM,0.757576,0.242424,point_previews/task000094_mu000016_rho020_n0.png
0.2,16,8,license_plate_bahnschrift.ttf,CBAGJWPD6YXT0RNZL49E3HSU875KFVMQ2,7,0,1,0.17,7.155418,0.919759,1.349142,GERTUSRETEMRSESHERAPLNE,0.878788,0.121212,point_previews/task000094_mu000016_rho020_n1.png
0.3,16,8,license_plate_bahnschrift.ttf,CBAGJWPD6YXT0RNZL49E3HSU875KFVMQ2,7,0,0,0.255,8.763561,0.881116,1.10157,CHAGSALSRPUTARN2LPSSLSPRE,0.757576,0.242424,point_previews/task000094_mu000016_rho030_n0.png
0.3,16,8,license_plate_bahnschrift.ttf,CBAGJWPD6YXT0RNZL49E3HSU875KFVMQ2,7,0,1,0.255,8.763561,0.881116,1.10157,CBALAYRDRERTRAZWSGHENSTEKE,0.727273,0.272727,point_previews/task000094_mu000016_rho030_n1.png
0.4,16,8,license_plate_bahnschrift.ttf,CBAGJWPD6YXT0RNZL49E3HSU875KFVMQ2,7,0,0,0.34,10.119289,0.843436,0.953987,CUASTWHSYRTURATA4SESTNRPSEVS,0.69697,0.30303,point_previews/task000094_mu000016_rho040_n0.png
0.4,16,8,license_plate_bahnschrift.ttf,CBAGJWPD6YXT0RNZL49E3HSU875KFVMQ2,7,0,1,0.34,10.119289,0.843436,0.953987,CBAGBWPRAYKTGRNZEAESHSURTSNSVTTZ,0.515152,0.484848,point_previews/task000094_mu000016_rho040_n1.png
0.5,16,8,license_plate_bahnschrift.ttf,CBAGJWPD6YXT0RNZL49E3HSU875KFVMQ2,7,0,0,0.425,11.313708,0.8067,0.853272,GBAGUWEDAYXTUMN2L69ESHSUBTSKEMAS,0.484848,0.515152,point_previews/task000094_mu000016_rho050_n0.png
0.5,16,8,license_plate_bahnschrift.ttf,CBAGJWPD6YXT0RNZL49E3HSU875KFVMQ2,7,0,1,0.425,11.313708,0.8067,0.853272,CBAGAWRDBYRTDRNZEGTESHSURTSREMUE,0.515152,0.484848,point_previews/task000094_mu000016_rho050_n1.png
0.6,16,8,license_plate_bahnschrift.ttf,CBAGJWPD6YXT0RNZL49E3HSU875KFVMQ2,7,0,0,0.51,12.393547,0.770893,0.778927,,1.0,0.0,point_previews/task000094_mu000016_rho060_n0.png
0.6,16,8,license_plate_bahnschrift.ttf,CBAGJWPD6YXT0RNZL49E3HSU875KFVMQ2,7,0,1,0.51,12.393547,0.770893,0.778927,,1.0,0.0,point_previews/task000094_mu000016_rho060_n1.png
0.7,16,8,license_plate_bahnschrift.ttf,CBAGJWPD6YXT0RNZL49E3HSU875KFVMQ2,7,0,0,0.595,13.38656,0.735998,0.721147,,1.0,0.0,point_previews/task000094_mu000016_rho070_n0.png
0.7,16,8,license_plate_bahnschrift.ttf,CBAGJWPD6YXT0RNZL49E3HSU875KFVMQ2,7,0,1,0.595,13.38656,0.735998,0.721147,,1.0,0.0,point_previews/task000094_mu000016_rho070_n1.png
0.8,16,8,license_plate_bahnschrift.ttf,CBAGJWPD6YXT0RNZL49E3HSU875KFVMQ2,7,0,0,0.68,14.310835,0.701998,0.674571,,1.0,0.0,point_previews/task000094_mu000016_rho080_n0.png
0.8,16,8,license_plate_bahnschrift.ttf,CBAGJWPD6YXT0RNZL49E3HSU875KFVMQ2,7,0,1,0.68,14.310835,0.701998,0.674571,CBAGSWPDEYETDRNZLAPEAHSUBPSKRYMGS,0.424242,0.575758,point_previews/task000094_mu000016_rho080_n1.png
0.9,16,8,license_plate_bahnschrift.ttf,CBAGJWPD6YXT0RNZL49E3HSU875KFVMQ2,7,0,0,0.765,15.178933,0.668877,0.635992,CBAGWPDSXTRNZEATESHSUBTSKEYMGZ,0.454545,0.545455,point_previews/task000094_mu000016_rho090_n0.png
0.9,16,8,license_plate_bahnschrift.ttf,CBAGJWPD6YXT0RNZL49E3HSU875KFVMQ2,7,0,1,0.765,15.178933,0.668877,0.635992,,1.0,0.0,point_previews/task000094_mu000016_rho090_n1.png
1.0,16,8,license_plate_bahnschrift.ttf,CBAGJWPD6YXT0RNZL49E3HSU875KFVMQ2,7,0,0,0.85,16.0,0.63662,0.603355,CBAGWEPEYXTURNZLGTESHSUSTEKEYMG2,0.424242,0.575758,point_previews/task000094_mu000016_rho100_n0.png
1.0,16,8,license_plate_bahnschrift.ttf,CBAGJWPD6YXT0RNZL49E3HSU875KFVMQ2,7,0,1,0.85,16.0,0.63662,0.603355,,1.0,0.0,point_previews/task000094_mu000016_rho100_n1.png
0.1,23,8,license_plate_bahnschrift.ttf,CBAGJWPD6YXT0RNZL49E3HSU875KFVMQ2,7,0,0,0.085,5.059644,0.959381,1.907975,,1.0,0.0,point_previews/task000095_mu000023_rho010_n0.png
0.1,23,8,license_plate_bahnschrift.ttf,CBAGJWPD6YXT0RNZL49E3HSU875KFVMQ2,7,0,1,0.085,5.059644,0.959381,1.907975,PMNQASETESCNS,0.878788,0.121212,point_previews/task000095_mu000023_rho010_n1.png
0.2,23,8,license_plate_bahnschrift.ttf,CBAGJWPD6YXT0RNZL49E3HSU875KFVMQ2,7,0,0,0.17,7.155418,0.919759,1.349142,SGSWRSYSURNSLRRESHSHRRRMS,0.69697,0.30303,point_previews/task000095_mu000023_rho020_n0.png
0.2,23,8,license_plate_bahnschrift.ttf,CBAGJWPD6YXT0RNZL49E3HSU875KFVMQ2,7,0,1,0.17,7.155418,0.919759,1.349142,TCBACAVTRRPAPGRNZEGGEMTSSATERY,0.787879,0.212121,point_previews/task000095_mu000023_rho020_n1.png
0.3,23,8,license_plate_bahnschrift.ttf,CBAGJWPD6YXT0RNZL49E3HSU875KFVMQ2,7,0,0,0.255,8.763561,0.881116,1.10157,CBAGAWPDAYFTRNZLGTESHSUBTSNEYMGE,0.454545,0.545455,point_previews/task000095_mu000023_rho030_n0.png
0.3,23,8,license_plate_bahnschrift.ttf,CBAGJWPD6YXT0RNZL49E3HSU875KFVMQ2,7,0,1,0.255,8.763561,0.881116,1.10157,CHAGSPRBYRWRNELAVESASURSSHEMGZ,0.636364,0.363636,point_previews/task000095_mu000023_rho030_n1.png
0.4,23,8,license_plate_bahnschrift.ttf,CBAGJWPD6YXT0RNZL49E3HSU875KFVMQ2,7,0,0,0.34,10.119289,0.843436,0.953987,,1.0,0.0,point_previews/task000095_mu000023_rho040_n0.png
0.4,23,8,license_plate_bahnschrift.ttf,CBAGJWPD6YXT0RNZL49E3HSU875KFVMQ2,7,0,1,0.34,10.119289,0.843436,0.953987,CBAGUWPDSYXTRNZL4YESHSUBTSKEWM,0.363636,0.636364,point_previews/task000095_mu000023_rho040_n1.png
0.5,23,8,license_plate_bahnschrift.ttf,CBAGJWPD6YXT0RNZL49E3HSU875KFVMQ2,7,0,0,0.425,11.313708,0.8067,0.853272,,1.0,0.0,point_previews/task000095_mu000023_rho050_n0.png
0.5,23,8,license_plate_bahnschrift.ttf,CBAGJWPD6YXT0RNZL49E3HSU875KFVMQ2,7,0,1,0.425,11.313708,0.8067,0.853272,CBAGAEPDAYXTRNZLASESHSUBTSRENMG2,0.424242,0.575758,point_previews/task000095_mu000023_rho050_n1.png
0.6,23,8,license_plate_bahnschrift.ttf,CBAGJWPD6YXT0RNZL49E3HSU875KFVMQ2,7,0,0,0.51,12.393547,0.770893,0.778927,EBAGJWPDSYXTGRNZLAVESHSUBTSRENMG2,0.393939,0.606061,point_previews/task000095_mu000023_rho060_n0.png
0.6,23,8,license_plate_bahnschrift.ttf,CBAGJWPD6YXT0RNZL49E3HSU875KFVMQ2,7,0,1,0.51,12.393547,0.770893,0.778927,,1.0,0.0,point_previews/task000095_mu000023_rho060_n1.png
0.7,23,8,license_plate_bahnschrift.ttf,CBAGJWPD6YXT0RNZL49E3HSU875KFVMQ2,7,0,0,0.595,13.38656,0.735998,0.721147,CBAGJWPDAYXTRNZLAVESHSUB7SKPYMG2,0.30303,0.69697,point_previews/task000095_mu000023_rho070_n0.png
0.7,23,8,license_plate_bahnschrift.ttf,CBAGJWPD6YXT0RNZL49E3HSU875KFVMQ2,7,0,1,0.595,13.38656,0.735998,0.721147,,1.0,0.0,point_previews/task000095_mu000023_rho070_n1.png
0.8,23,8,license_plate_bahnschrift.ttf,CBAGJWPD6YXT0RNZL49E3HSU875KFVMQ2,7,0,0,0.68,14.310835,0.701998,0.674571,CBAGWPDEYXTRNZLAGESHSUB7SKEVMGZ,0.333333,0.666667,point_previews/task000095_mu000023_rho080_n0.png
0.8,23,8,license_plate_bahnschrift.ttf,CBAGJWPD6YXT0RNZL49E3HSU875KFVMQ2,7,0,1,0.68,14.310835,0.701998,0.674571,,1.0,0.0,point_previews/task000095_mu000023_rho080_n1.png
0.9,23,8,license_plate_bahnschrift.ttf,CBAGJWPD6YXT0RNZL49E3HSU875KFVMQ2,7,0,0,0.765,15.178933,0.668877,0.635992,CBAGJWPGSYXTGRNZL49ESHSUBTSKEYMGZ,0.333333,0.666667,point_previews/task000095_mu000023_rho090_n0.png
0.9,23,8,license_plate_bahnschrift.ttf,CBAGJWPD6YXT0RNZL49E3HSU875KFVMQ2,7,0,1,0.765,15.178933,0.668877,0.635992,,1.0,0.0,point_previews/task000095_mu000023_rho090_n1.png
1.0,23,8,license_plate_bahnschrift.ttf,CBAGJWPD6YXT0RNZL49E3HSU875KFVMQ2,7,0,0,0.85,16.0,0.63662,0.603355,,1.0,0.0,point_previews/task000095_mu000023_rho100_n0.png
1.0,23,8,license_plate_bahnschrift.ttf,CBAGJWPD6YXT0RNZL49E3HSU875KFVMQ2,7,0,1,0.85,16.0,0.63662,0.603355,CBAGJWPDSYXTSRNZLUESHSUBTEKEYMGZ,0.363636,0.636364,point_previews/task000095_mu000023_rho100_n1.png
0.1,32,8,license_plate_bahnschrift.ttf,CBAGJWPD6YXT0RNZL49E3HSU875KFVMQ2,7,0,0,0.085,5.059644,0.959381,1.907975,EBUERGETENAESSETSK,0.818182,0.181818,point_previews/task000096_mu000032_rho010_n0.png
0.1,32,8,license_plate_bahnschrift.ttf,CBAGJWPD6YXT0RNZL49E3HSU875KFVMQ2,7,0,1,0.085,5.059644,0.959381,1.907975,MMEACALSARESDSATGBN,0.909091,0.090909,point_previews/task000096_mu000032_rho010_n1.png
0.2,32,8,license_plate_bahnschrift.ttf,CBAGJWPD6YXT0RNZL49E3HSU875KFVMQ2,7,0,0,0.17,7.155418,0.919759,1.349142,EBSTWRUAYRTGRAZEAPESHSUBTSRPAMG2,0.636364,0.363636,point_previews/task000096_mu000032_rho020_n0.png
0.2,32,8,license_plate_bahnschrift.ttf,CBAGJWPD6YXT0RNZL49E3HSU875KFVMQ2,7,0,1,0.17,7.155418,0.919759,1.349142,CBECYRBSSURNEEATESHSURTEREVMG2,0.666667,0.333333,point_previews/task000096_mu000032_rho020_n1.png
0.3,32,8,license_plate_bahnschrift.ttf,CBAGJWPD6YXT0RNZL49E3HSU875KFVMQ2,7,0,0,0.255,8.763561,0.881116,1.10157,,1.0,0.0,point_previews/task000096_mu000032_rho030_n0.png
0.3,32,8,license_plate_bahnschrift.ttf,CBAGJWPD6YXT0RNZL49E3HSU875KFVMQ2,7,0,1,0.255,8.763561,0.881116,1.10157,SBAGJWPDSYMTGENZLAPESHSUSTSKRYMGZ,0.454545,0.545455,point_previews/task000096_mu000032_rho030_n1.png
0.4,32,8,license_plate_bahnschrift.ttf,CBAGJWPD6YXT0RNZL49E3HSU875KFVMQ2,7,0,0,0.34,10.119289,0.843436,0.953987,CBAGJWPDAYXFURNZLAPESHSUBTSKEVMQ2,0.30303,0.69697,point_previews/task000096_mu000032_rho040_n0.png
0.4,32,8,license_plate_bahnschrift.ttf,CBAGJWPD6YXT0RNZL49E3HSU875KFVMQ2,7,0,1,0.34,10.119289,0.843436,0.953987,CBAGAWPDSYXTRNZLAVESHSUB7SKEVMG2,0.30303,0.69697,point_previews/task000096_mu000032_rho040_n1.png
0.5,32,8,license_plate_bahnschrift.ttf,CBAGJWPD6YXT0RNZL49E3HSU875KFVMQ2,7,0,0,0.425,11.313708,0.8067,0.853272,,1.0,0.0,point_previews/task000096_mu000032_rho050_n0.png
0.5,32,8,license_plate_bahnschrift.ttf,CBAGJWPD6YXT0RNZL49E3HSU875KFVMQ2,7,0,1,0.425,11.313708,0.8067,0.853272,CBAGANPDSYXTRNZLASESHSUBTSKEYM2,0.393939,0.606061,point_previews/task000096_mu000032_rho050_n1.png
0.6,32,8,license_plate_bahnschrift.ttf,CBAGJWPD6YXT0RNZL49E3HSU875KFVMQ2,7,0,0,0.51,12.393547,0.770893,0.778927,,1.0,0.0,point_previews/task000096_mu000032_rho060_n0.png
0.6,32,8,license_plate_bahnschrift.ttf,CBAGJWPD6YXT0RNZL49E3HSU875KFVMQ2,7,0,1,0.51,12.393547,0.770893,0.778927,CBAGJWPDESYXTURNZL4SESHSUBTSKFVMD2,0.272727,0.727273,point_previews/task000096_mu000032_rho060_n1.png
0.7,32,8,license_plate_bahnschrift.ttf,CBAGJWPD6YXT0RNZL49E3HSU875KFVMQ2,7,0,0,0.595,13.38656,0.735998,0.721147,,1.0,0.0,point_previews/task000096_mu000032_rho070_n0.png
0.7,32,8,license_plate_bahnschrift.ttf,CBAGJWPD6YXT0RNZL49E3HSU875KFVMQ2,7,0,1,0.595,13.38656,0.735998,0.721147,CBAGJWPDEYXTGRNZLA9ESHSUBTSKRYMQ2,0.272727,0.727273,point_previews/task000096_mu000032_rho070_n1.png
0.8,32,8,license_plate_bahnschrift.ttf,CBAGJWPD6YXT0RNZL49E3HSU875KFVMQ2,7,0,0,0.68,14.310835,0.701998,0.674571,CBAGJWPDAYXTRNZLGPESHSUBTEKFVMG2,0.272727,0.727273,point_previews/task000096_mu000032_rho080_n0.png
0.8,32,8,license_plate_bahnschrift.ttf,CBAGJWPD6YXT0RNZL49E3HSU875KFVMQ2,7,0,1,0.68,14.310835,0.701998,0.674571,CBAGJWPDSYXTRNZLAVESHSUBTSKFYMG2,0.30303,0.69697,point_previews/task000096_mu000032_rho080_n1.png
0.9,32,8,license_plate_bahnschrift.ttf,CBAGJWPD6YXT0RNZL49E3HSU875KFVMQ2,7,0,0,0.765,15.178933,0.668877,0.635992,CBAGJWPDSYXTRNZLGJEGHSUBTSKEVMQ2,0.272727,0.727273,point_previews/task000096_mu000032_rho090_n0.png
0.9,32,8,license_plate_bahnschrift.ttf,CBAGJWPD6YXT0RNZL49E3HSU875KFVMQ2,7,0,1,0.765,15.178933,0.668877,0.635992,CBAGJWPD6YXTRNZLA9E3HSUBTSKFYMQ2,0.181818,0.818182,point_previews/task000096_mu000032_rho090_n1.png
1.0,32,8,license_plate_bahnschrift.ttf,CBAGJWPD6YXT0RNZL49E3HSU875KFVMQ2,7,0,0,0.85,16.0,0.63662,0.603355,CBAGJWPDSYXTURNZL4ESHSUBTSKFVMG2,0.242424,0.757576,point_previews/task000096_mu000032_rho100_n0.png
1.0,32,8,license_plate_bahnschrift.ttf,CBAGJWPD6YXT0RNZL49E3HSU875KFVMQ2,7,0,1,0.85,16.0,0.63662,0.603355,CBAGJWPDSYXTRNZLYSESHSUBTSKEVMQ2,0.272727,0.727273,point_previews/task000096_mu000032_rho100_n1.png
0.1,45,8,license_plate_bahnschrift.ttf,CBAGJWPD6YXT0RNZL49E3HSU875KFVMQ2,7,0,0,0.085,5.059644,0.959381,1.907975,SBACTNRBASRMAAPESSUT,0.818182,0.181818,point_previews/task000097_mu000045_rho010_n0.png
0.1,45,8,license_plate_bahnschrift.ttf,CBAGJWPD6YXT0RNZL49E3HSU875KFVMQ2,7,0,1,0.085,5.059644,0.959381,1.907975,CEASTREPSRAFGRMTLUSESYSNRTRKEES,0.787879,0.212121,point_previews/task000097_mu000045_rho010_n1.png
0.2,45,8,license_plate_bahnschrift.ttf,CBAGJWPD6YXT0RNZL49E3HSU875KFVMQ2,7,0,0,0.17,7.155418,0.919759,1.349142,LBAGJWPDSURTRNZEADESUSUBTSKEYM2,0.484848,0.515152,point_previews/task000097_mu000045_rho020_n0.png
0.2,45,8,license_plate_bahnschrift.ttf,CBAGJWPD6YXT0RNZL49E3HSU875KFVMQ2,7,0,1,0.17,7.155418,0.919759,1.349142,,1.0,0.0,point_previews/task000097_mu000045_rho020_n1.png
0.3,45,8,license_plate_bahnschrift.ttf,CBAGJWPD6YXT0RNZL49E3HSU875KFVMQ2,7,0,0,0.255,8.763561,0.881116,1.10157,CBAGJWPDSYXTGRNZLASESHSUBTSKEVMG2,0.30303,0.69697,point_previews/task000097_mu000045_rho030_n0.png
0.3,45,8,license_plate_bahnschrift.ttf,CBAGJWPD6YXT0RNZL49E3HSU875KFVMQ2,7,0,1,0.255,8.763561,0.881116,1.10157,CBAGJWPRSYXTURNZLUSESHSUBTSKFYMG2,0.333333,0.666667,point_previews/task000097_mu000045_rho030_n1.png
0.4,45,8,license_plate_bahnschrift.ttf,CBAGJWPD6YXT0RNZL49E3HSU875KFVMQ2,7,0,0,0.34,10.119289,0.843436,0.953987,CBAGJWPDSTXTCRNZLAVESHSUBTSREVMG2,0.363636,0.636364,point_previews/task000097_mu000045_rho040_n0.png
0.4,45,8,license_plate_bahnschrift.ttf,CBAGJWPD6YXT0RNZL49E3HSU875KFVMQ2,7,0,1,0.34,10.119289,0.843436,0.953987,,1.0,0.0,point_previews/task000097_mu000045_rho040_n1.png
0.5,45,8,license_plate_bahnschrift.ttf,CBAGJWPD6YXT0RNZL49E3HSU875KFVMQ2,7,0,0,0.425,11.313708,0.8067,0.853272,,1.0,0.0,point_previews/task000097_mu000045_rho050_n0.png
0.5,45,8,license_plate_bahnschrift.ttf,CBAGJWPD6YXT0RNZL49E3HSU875KFVMQ2,7,0,1,0.425,11.313708,0.8067,0.853272,CBAGWPDSYXFRNZL4ESHSUBTSKFYMG2,0.333333,0.666667,point_previews/task000097_mu000045_rho050_n1.png
0.6,45,8,license_plate_bahnschrift.ttf,CBAGJWPD6YXT0RNZL49E3HSU875KFVMQ2,7,0,0,0.51,12.393547,0.770893,0.778927,CBAGJWPDEYXTARNZLGESHSUBTSKFYMG2,0.30303,0.69697,point_previews/task000097_mu000045_rho060_n0.png
0.6,45,8,license_plate_bahnschrift.ttf,CBAGJWPD6YXT0RNZL49E3HSU875KFVMQ2,7,0,1,0.51,12.393547,0.770893,0.778927,CBAGJWPDEYXTRNZLAVESHSUBTSKEVMG2,0.30303,0.69697,point_previews/task000097_mu000045_rho060_n1.png
0.7,45,8,license_plate_bahnschrift.ttf,CBAGJWPD6YXT0RNZL49E3HSU875KFVMQ2,7,0,0,0.595,13.38656,0.735998,0.721147,CBAGJWPDEYXTARNZLASESHSUBTSKEVMG2,0.30303,0.69697,point_previews/task000097_mu000045_rho070_n0.png
0.7,45,8,license_plate_bahnschrift.ttf,CBAGJWPD6YXT0RNZL49E3HSU875KFVMQ2,7,0,1,0.595,13.38656,0.735998,0.721147,CBAGJWPDSYXTRNZLYPESHSUBTSKEVMQ2,0.272727,0.727273,point_previews/task000097_mu000045_rho070_n1.png
0.8,45,8,license_plate_bahnschrift.ttf,CBAGJWPD6YXT0RNZL49E3HSU875KFVMQ2,7,0,0,0.68,14.310835,0.701998,0.674571,CBAGJWPDEYXTRNZLAPESHSUBTSKEVMQ2,0.272727,0.727273,point_previews/task000097_mu000045_rho080_n0.png
0.8,45,8,license_plate_bahnschrift.ttf,CBAGJWPD6YXT0RNZL49E3HSU875KFVMQ2,7,0,1,0.68,14.310835,0.701998,0.674571,CBAGJWPDASYXTRNZLA9ESHSUBTSKEYMQ2,0.30303,0.69697,point_previews/task000097_mu000045_rho080_n1.png
0.9,45,8,license_plate_bahnschrift.ttf,CBAGJWPD6YXT0RNZL49E3HSU875KFVMQ2,7,0,0,0.765,15.178933,0.668877,0.635992,CBAGJWPDSYXTRNZLAESHSUBTSKEYMQZ,0.333333,0.666667,point_previews/task000097_mu000045_rho090_n0.png
0.9,45,8,license_plate_bahnschrift.ttf,CBAGJWPD6YXT0RNZL49E3HSU875KFVMQ2,7,0,1,0.765,15.178933,0.668877,0.635992,CBAGJWPD6YXTRNZL49E3HSUBTSKFYMG2,0.181818,0.818182,point_previews/task000097_mu000045_rho090_n1.png
1.0,45,8,license_plate_bahnschrift.ttf,CBAGJWPD6YXT0RNZL49E3HSU875KFVMQ2,7,0,0,0.85,16.0,0.63662,0.603355,CBAGJWPD6YXTURNZL49ESHSUBTSKEVMG2,0.212121,0.787879,point_previews/task000097_mu000045_rho100_n0.png
1.0,45,8,license_plate_bahnschrift.ttf,CBAGJWPD6YXT0RNZL49E3HSU875KFVMQ2,7,0,1,0.85,16.0,0.63662,0.603355,CBAGJWPDSYXTURNZL49ESHSUBTSKFVMG2,0.212121,0.787879,point_previews/task000097_mu000045_rho100_n1.png
0.1,64,8,license_plate_bahnschrift.ttf,CBAGJWPD6YXT0RNZL49E3HSU875KFVMQ2,7,0,0,0.085,5.059644,0.959381,1.907975,,1.0,0.0,point_previews/task000098_mu000064_rho010_n0.png
0.1,64,8,license_plate_bahnschrift.ttf,CBAGJWPD6YXT0RNZL49E3HSU875KFVMQ2,7,0,1,0.085,5.059644,0.959381,1.907975,ERAGUWPRARTCRNSLAPESHSUBTSKRRMAS,0.575758,0.424242,point_previews/task000098_mu000064_rho010_n1.png
0.2,64,8,license_plate_bahnschrift.ttf,CBAGJWPD6YXT0RNZL49E3HSU875KFVMQ2,7,0,0,0.17,7.155418,0.919759,1.349142,SCBAGAWPDSYRTQRNZLAESHSUBTSKRYMA2,0.424242,0.575758,point_previews/task000098_mu000064_rho020_n0.png
0.2,64,8,license_plate_bahnschrift.ttf,CBAGJWPD6YXT0RNZL49E3HSU875KFVMQ2,7,0,1,0.17,7.155418,0.919759,1.349142,CBAGJWPDSYXTRNZLAVESHSUBTSKEYMG2,0.333333,0.666667,point_previews/task000098_mu000064_rho020_n1.png
0.3,64,8,license_plate_bahnschrift.ttf,CBAGJWPD6YXT0RNZL49E3HSU875KFVMQ2,7,0,0,0.255,8.763561,0.881116,1.10157,CBAGJWPDYXTURNZLAESMSUSTSKEYMQ2,0.333333,0.666667,point_previews/task000098_mu000064_rho030_n0.png
0.3,64,8,license_plate_bahnschrift.ttf,CBAGJWPD6YXT0RNZL49E3HSU875KFVMQ2,7,0,1,0.255,8.763561,0.881116,1.10157,CBAGJWPDSYXTURNZLA9ESHSUBTSKFYMQ2,0.242424,0.757576,point_previews/task000098_mu000064_rho030_n1.png
0.4,64,8,license_plate_bahnschrift.ttf,CBAGJWPD6YXT0RNZL49E3HSU875KFVMQ2,7,0,0,0.34,10.119289,0.843436,0.953987,CBAGJWPDAYXTERNZLAPESHSUBTSKFVMQ2,0.242424,0.757576,point_previews/task000098_mu000064_rho040_n0.png
0.4,64,8,license_plate_bahnschrift.ttf,CBAGJWPD6YXT0RNZL49E3HSU875KFVMQ2,7,0,1,0.34,10.119289,0.843436,0.953987,CBAGJWPDSYXTURNZLA9ESHSUBTSKFYMQ2,0.242424,0.757576,point_previews/task000098_mu000064_rho040_n1.png
0.5,64,8,license_plate_bahnschrift.ttf,CBAGJWPD6YXT0RNZL49E3HSU875KFVMQ2,7,0,0,0.425,11.313708,0.8067,0.853272,CBAGJWPRDEYXTRNZLASESHSUBTSKEYMQ2,0.333333,0.666667,point_previews/task000098_mu000064_rho050_n0.png
0.5,64,8,license_plate_bahnschrift.ttf,CBAGJWPD6YXT0RNZL49E3HSU875KFVMQ2,7,0,1,0.425,11.313708,0.8067,0.853272,CBAGJWPDSYXTRNZLAPESHSUB7SKEVMG2Z,0.30303,0.69697,point_previews/task000098_mu000064_rho050_n1.png
0.6,64,8,license_plate_bahnschrift.ttf,CBAGJWPD6YXT0RNZL49E3HSU875KFVMQ2,7,0,0,0.51,12.393547,0.770893,0.778927,CBAGJWPDSYXTRNZLAVESHSUBTSKFVMQ2,0.242424,0.757576,point_previews/task000098_mu000064_rho060_n0.png
0.6,64,8,license_plate_bahnschrift.ttf,CBAGJWPD6YXT0RNZL49E3HSU875KFVMQ2,7,0,1,0.51,12.393547,0.770893,0.778927,CBAGJWPDEYXTRNZLAPESHSUBTSKFYMG2,0.30303,0.69697,point_previews/task000098_mu000064_rho060_n1.png
0.7,64,8,license_plate_bahnschrift.ttf,CBAGJWPD6YXT0RNZL49E3HSU875KFVMQ2,7,0,0,0.595,13.38656,0.735998,0.721147,CBAGJWPDEYXTRNZLA49ESHSUBTSKFYMQ2,0.242424,0.757576,point_previews/task000098_mu000064_rho070_n0.png
0.7,64,8,license_plate_bahnschrift.ttf,CBAGJWPD6YXT0RNZL49E3HSU875KFVMQ2,7,0,1,0.595,13.38656,0.735998,0.721147,CBAGJWPD6YXTRNZL49ESHSUS7SKFYMQ2,0.151515,0.848485,point_previews/task000098_mu000064_rho070_n1.png
0.8,64,8,license_plate_bahnschrift.ttf,CBAGJWPD6YXT0RNZL49E3HSU875KFVMQ2,7,0,0,0.68,14.310835,0.701998,0.674571,CBAGJWPDSYXTQRNZL49ESHSUBTSKFYMQ2,0.212121,0.787879,point_previews/task000098_mu000064_rho080_n0.png
0.8,64,8,license_plate_bahnschrift.ttf,CBAGJWPD6YXT0RNZL49E3HSU875KFVMQ2,7,0,1,0.68,14.310835,0.701998,0.674571,CBAGJWPD6YXTRNZLASESHSUBTSKEVMG2,0.272727,0.727273,point_previews/task000098_mu000064_rho080_n1.png
0.9,64,8,license_plate_bahnschrift.ttf,CBAGJWPD6YXT0RNZL49E3HSU875KFVMQ2,7,0,0,0.765,15.178933,0.668877,0.635992,CBAGJWPDSYXTRNZLA9EZSHSUBTSKFVMQ2,0.242424,0.757576,point_previews/task000098_mu000064_rho090_n0.png
0.9,64,8,license_plate_bahnschrift.ttf,CBAGJWPD6YXT0RNZL49E3HSU875KFVMQ2,7,0,1,0.765,15.178933,0.668877,0.635992,CBAGJWPDSYXTRNZL49E3HSUBTSKFYMG2,0.212121,0.787879,point_previews/task000098_mu000064_rho090_n1.png
1.0,64,8,license_plate_bahnschrift.ttf,CBAGJWPD6YXT0RNZL49E3HSU875KFVMQ2,7,0,0,0.85,16.0,0.63662,0.603355,CBAGJWPD6YXTRNZL49E3HSUBTSKEVMQ2,0.151515,0.848485,point_previews/task000098_mu000064_rho100_n0.png
1.0,64,8,license_plate_bahnschrift.ttf,CBAGJWPD6YXT0RNZL49E3HSU875KFVMQ2,7,0,1,0.85,16.0,0.63662,0.603355,CBAGJWPD6YXTRNZL49E3HSUBTSKEYMQ2,0.181818,0.818182,point_previews/task000098_mu000064_rho100_n1.png
0.1,4,8,license_plate_bahnschrift.ttf,CBAGJWPD6YXT0RNZL49E3HSU875KFVMQ2,7,3,0,0.085,5.059644,0.959381,1.907975,SEELMANWLEMERRLRAURGLRESHNER,0.939394,0.060606,point_previews/task000099_mu000004_rho010_n0.png
0.1,4,8,license_plate_bahnschrift.ttf,CBAGJWPD6YXT0RNZL49E3HSU875KFVMQ2,7,3,1,0.085,5.059644,0.959381,1.907975,ERSMCARAEASMSRAECT,0.909091,0.090909,point_previews/task000099_mu000004_rho010_n1.png
0.2,4,8,license_plate_bahnschrift.ttf,CBAGJWPD6YXT0RNZL49E3HSU875KFVMQ2,7,3,0,0.17,7.155418,0.919759,1.349142,SSCSCAJPTD,0.939394,0.060606,point_previews/task000099_mu000004_rho020_n0.png
0.2,4,8,license_plate_bahnschrift.ttf,CBAGJWPD6YXT0RNZL49E3HSU875KFVMQ2,7,3,1,0.17,7.155418,0.919759,1.349142,ERESAATRSGESBHR,0.878788,0.121212,point_previews/task000099_mu000004_rho020_n1.png
0.3,4,8,license_plate_bahnschrift.ttf,CBAGJWPD6YXT0RNZL49E3HSU875KFVMQ2,7,3,0,0.255,8.763561,0.881116,1.10157,,1.0,0.0,point_previews/task000099_mu000004_rho030_n0.png
0.3,4,8,license_plate_bahnschrift.ttf,CBAGJWPD6YXT0RNZL49E3HSU875KFVMQ2,7,3,1,0.255,8.763561,0.881116,1.10157,ASMASEWMETPR,0.909091,0.090909,point_previews/task000099_mu000004_rho030_n1.png
0.4,4,8,license_plate_bahnschrift.ttf,CBAGJWPD6YXT0RNZL49E3HSU875KFVMQ2,7,3,0,0.34,10.119289,0.843436,0.953987,8UASFFSSBARSNGERCUNES,0.878788,0.121212,point_previews/task000099_mu000004_rho040_n0.png
0.4,4,8,license_plate_bahnschrift.ttf,CBAGJWPD6YXT0RNZL49E3HSU875KFVMQ2,7,3,1,0.34,10.119289,0.843436,0.953987,SSSPCRMERRRAYE,0.909091,0.090909,point_previews/task000099_mu000004_rho040_n1.png
0.5,4,8,license_plate_bahnschrift.ttf,CBAGJWPD6YXT0RNZL49E3HSU875KFVMQ2,7,3,0,0.425,11.313708,0.8067,0.853272,CUPEARETSAMEA,0.818182,0.181818,point_previews/task000099_mu000004_rho050_n0.png
0.5,4,8,license_plate_bahnschrift.ttf,CBAGJWPD6YXT0RNZL49E3HSU875KFVMQ2,7,3,1,0.425,11.313708,0.8067,0.853272,,1.0,0.0,point_previews/task000099_mu000004_rho050_n1.png
0.6,4,8,license_plate_bahnschrift.ttf,CBAGJWPD6YXT0RNZL49E3HSU875KFVMQ2,7,3,0,0.51,12.393547,0.770893,0.778927,CDALANTUSCRCTMS2ENETSY,0.878788,0.121212,point_previews/task000099_mu000004_rho060_n0.png
0.6,4,8,license_plate_bahnschrift.ttf,CBAGJWPD6YXT0RNZL49E3HSU875KFVMQ2,7,3,1,0.51,12.393547,0.770893,0.778927,ANGRGABAT,0.939394,0.060606,point_previews/task000099_mu000004_rho060_n1.png
0.7,4,8,license_plate_bahnschrift.ttf,CBAGJWPD6YXT0RNZL49E3HSU875KFVMQ2,7,3,0,0.595,13.38656,0.735998,0.721147,BPWNGSRLSCE,0.848485,0.151515,point_previews/task000099_mu000004_rho070_n0.png
0.7,4,8,license_plate_bahnschrift.ttf,CBAGJWPD6YXT0RNZL49E3HSU875KFVMQ2,7,3,1,0.595,13.38656,0.735998,0.721147,SPCEAELLRS,0.909091,0.090909,point_previews/task000099_mu000004_rho070_n1.png
0.8,4,8,license_plate_bahnschrift.ttf,CBAGJWPD6YXT0RNZL49E3HSU875KFVMQ2,7,3,0,0.68,14.310835,0.701998,0.674571,EASSERULAERCEAEURTNMS,0.848485,0.151515,point_previews/task000099_mu000004_rho080_n0.png
0.8,4,8,license_plate_bahnschrift.ttf,CBAGJWPD6YXT0RNZL49E3HSU875KFVMQ2,7,3,1,0.68,14.310835,0.701998,0.674571,ERSTRBACLECAGSSSEG,0.909091,0.090909,point_previews/task000099_mu000004_rho080_n1.png
0.9,4,8,license_plate_bahnschrift.ttf,CBAGJWPD6YXT0RNZL49E3HSU875KFVMQ2,7,3,0,0.765,15.178933,0.668877,0.635992,PREAREPDSCEECRURESGSDRS,0.848485,0.151515,point_previews/task000099_mu000004_rho090_n0.png
0.9,4,8,license_plate_bahnschrift.ttf,CBAGJWPD6YXT0RNZL49E3HSU875KFVMQ2,7,3,1,0.765,15.178933,0.668877,0.635992,PDADYHELYMSERNRSRPSTN,0.848485,0.151515,point_previews/task000099_mu000004_rho090_n1.png
1.0,4,8,license_plate_bahnschrift.ttf,CBAGJWPD6YXT0RNZL49E3HSU875KFVMQ2,7,3,0,0.85,16.0,0.63662,0.603355,RPAGRRBATAAS,0.878788,0.121212,point_previews/task000099_mu000004_rho100_n0.png
1.0,4,8,license_plate_bahnschrift.ttf,CBAGJWPD6YXT0RNZL49E3HSU875KFVMQ2,7,3,1,0.85,16.0,0.63662,0.603355,CRAGARPSSTMTNESLSCETEEEEUBR,0.757576,0.242424,point_previews/task000099_mu000004_rho100_n1.png
0.1,6,8,license_plate_bahnschrift.ttf,CBAGJWPD6YXT0RNZL49E3HSU875KFVMQ2,7,3,0,0.085,5.059644,0.959381,1.907975,RNCMRTSNACSSLENGRS,0.909091,0.090909,point_previews/task000100_mu000006_rho010_n0.png
0.1,6,8,license_plate_bahnschrift.ttf,CBAGJWPD6YXT0RNZL49E3HSU875KFVMQ2,7,3,1,0.085,5.059644,0.959381,1.907975,BTRPTUETPCCYEGEEN,0.878788,0.121212,point_previews/task000100_mu000006_rho010_n1.png
0.2,6,8,license_plate_bahnschrift.ttf,CBAGJWPD6YXT0RNZL49E3HSU875KFVMQ2,7,3,0,0.17,7.155418,0.919759,1.349142,JPPRSPPTPAL,0.878788,0.121212,point_previews/task000100_mu000006_rho020_n0.png
0.2,6,8,license_plate_bahnschrift.ttf,CBAGJWPD6YXT0RNZL49E3HSU875KFVMQ2,7,3,1,0.17,7.155418,0.919759,1.349142,RRSMTGAEEARSUMAG,0.848485,0.151515,point_previews/task000100_mu000006_rho020_n1.png
0.3,6,8,license_plate_bahnschrift.ttf,CBAGJWPD6YXT0RNZL49E3HSU875KFVMQ2,7,3,0,0.255,8.763561,0.881116,1.10157,,1.0,0.0,point_previews/task000100_mu000006_rho030_n0.png
0.3,6,8,license_plate_bahnschrift.ttf,CBAGJWPD6YXT0RNZL49E3HSU875KFVMQ2,7,3,1,0.255,8.763561,0.881116,1.10157,ATASPMEASRENEDAPSRR,0.878788,0.121212,point_previews/task000100_mu000006_rho030_n1.png
0.4,6,8,license_plate_bahnschrift.ttf,CBAGJWPD6YXT0RNZL49E3HSU875KFVMQ2,7,3,0,0.34,10.119289,0.843436,0.953987,,1.0,0.0,point_previews/task000100_mu000006_rho040_n0.png
0.4,6,8,license_plate_bahnschrift.ttf,CBAGJWPD6YXT0RNZL49E3HSU875KFVMQ2,7,3,1,0.34,10.119289,0.843436,0.953987,SGBREECASEACT,0.878788,0.121212,point_previews/task000100_mu000006_rho040_n1.png
0.5,6,8,license_plate_bahnschrift.ttf,CBAGJWPD6YXT0RNZL49E3HSU875KFVMQ2,7,3,0,0.425,11.313708,0.8067,0.853272,EBATSAESSEYSUBRTEBSA,0.818182,0.181818,point_previews/task000100_mu000006_rho050_n0.png
0.5,6,8,license_plate_bahnschrift.ttf,CBAGJWPD6YXT0RNZL49E3HSU875KFVMQ2,7,3,1,0.425,11.313708,0.8067,0.853272,PGSAMBGATRNESTEBTPMRERS,0.818182,0.181818,point_previews/task000100_mu000006_rho050_n1.png
0.6,6,8,license_plate_bahnschrift.ttf,CBAGJWPD6YXT0RNZL49E3HSU875KFVMQ2,7,3,0,0.51,12.393547,0.770893,0.778927,EEANAADERNSFEURESHBSETRRS,0.848485,0.151515,point_previews/task000100_mu000006_rho060_n0.png
0.6,6,8,license_plate_bahnschrift.ttf,CBAGJWPD6YXT0RNZL49E3HSU875KFVMQ2,7,3,1,0.51,12.393547,0.770893,0.778927,CUFHSARMDURHCERRN,0.909091,0.090909,point_previews/task000100_mu000006_rho060_n1.png
0.7,6,8,license_plate_bahnschrift.ttf,CBAGJWPD6YXT0RNZL49E3HSU875KFVMQ2,7,3,0,0.595,13.38656,0.735998,0.721147,RQACEWRWRTAAE7LASESSAEUTAREE,0.818182,0.181818,point_previews/task000100_mu000006_rho070_n0.png
0.7,6,8,license_plate_bahnschrift.ttf,CBAGJWPD6YXT0RNZL49E3HSU875KFVMQ2,7,3,1,0.595,13.38656,0.735998,0.721147,EAAMPLRRALREGASSTPNS,0.818182,0.181818,point_previews/task000100_mu000006_rho070_n1.png
0.8,6,8,license_plate_bahnschrift.ttf,CBAGJWPD6YXT0RNZL49E3HSU875KFVMQ2,7,3,0,0.68,14.310835,0.701998,0.674571,AETPRYNTSHAALESEANSSBTERE,0.787879,0.212121,point_previews/task000100_mu000006_rho080_n0.png
0.8,6,8,license_plate_bahnschrift.ttf,CBAGJWPD6YXT0RNZL49E3HSU875KFVMQ2,7,3,1,0.68,14.310835,0.701998,0.674571,SRAGGVPBEYRTURSAYCASEGTGMF,0.757576,0.242424,point_previews/task000100_mu000006_rho080_n1.png
0.9,6,8,license_plate_bahnschrift.ttf,CBAGJWPD6YXT0RNZL49E3HSU875KFVMQ2,7,3,0,0.765,15.178933,0.668877,0.635992,CBASHRPEYEDANRAREESURTSKA,0.69697,0.30303,point_previews/task000100_mu000006_rho090_n0.png
0.9,6,8,license_plate_bahnschrift.ttf,CBAGJWPD6YXT0RNZL49E3HSU875KFVMQ2,7,3,1,0.765,15.178933,0.668877,0.635992,UBASTRRAGFETRANGAREUEPREYM,0.787879,0.212121,point_previews/task000100_mu000006_rho090_n1.png
1.0,6,8,license_plate_bahnschrift.ttf,CBAGJWPD6YXT0RNZL49E3HSU875KFVMQ2,7,3,0,0.85,16.0,0.63662,0.603355,SRAGSNPDATETGRMELGNESHSBS,0.69697,0.30303,point_previews/task000100_mu000006_rho100_n0.png
1.0,6,8,license_plate_bahnschrift.ttf,CBAGJWPD6YXT0RNZL49E3HSU875KFVMQ2,7,3,1,0.85,16.0,0.63662,0.603355,SPASAWEEYSCHURNZLPHSUBERE,0.727273,0.272727,point_previews/task000100_mu000006_rho100_n1.png
0.1,8,8,license_plate_bahnschrift.ttf,CBAGJWPD6YXT0RNZL49E3HSU875KFVMQ2,7,3,0,0.085,5.059644,0.959381,1.907975,BESYTSSRRNEMEEGSEME,0.818182,0.181818,point_previews/task000101_mu000008_rho010_n0.png
0.1,8,8,license_plate_bahnschrift.ttf,CBAGJWPD6YXT0RNZL49E3HSU875KFVMQ2,7,3,1,0.085,5.059644,0.959381,1.907975,CSYTSBYASPREAL,0.878788,0.121212,point_previews/task000101_mu000008_rho010_n1.png
0.2,8,8,license_plate_bahnschrift.ttf,CBAGJWPD6YXT0RNZL49E3HSU875KFVMQ2,7,3,0,0.17,7.155418,0.919759,1.349142,WARSEARERDLEESS,0.848485,0.151515,point_previews/task000101_mu000008_rho020_n0.png
0.2,8,8,license_plate_bahnschrift.ttf,CBAGJWPD6YXT0RNZL49E3HSU875KFVMQ2,7,3,1,0.17,7.155418,0.919759,1.349142,EAPELUNRRENTBE,0.878788,0.121212,point_previews/task000101_mu000008_rho020_n1.png
0.3,8,8,license_plate_bahnschrift.ttf,CBAGJWPD6YXT0RNZL49E3HSU875KFVMQ2,7,3,0,0.255,8.763561,0.881116,1.10157,HETEACNADZPECTRCRECN,0.939394,0.060606,point_previews/task000101_mu000008_rho030_n0.png
0.3,8,8,license_plate_bahnschrift.ttf,CBAGJWPD6YXT0RNZL49E3HSU875KFVMQ2,7,3,1,0.255,8.763561,0.881116,1.10157,RARLMNM,0.878788,0.121212,point_previews/task000101_mu000008_rho030_n1.png
0.4,8,8,license_plate_bahnschrift.ttf,CBAGJWPD6YXT0RNZL49E3HSU875KFVMQ2,7,3,0,0.34,10.119289,0.843436,0.953987,SASNESHSLE,0.848485,0.151515,point_previews/task000101_mu000008_rho040_n0.png
0.4,8,8,license_plate_bahnschrift.ttf,CBAGJWPD6YXT0RNZL49E3HSU875KFVMQ2,7,3,1,0.34,10.119289,0.843436,0.953987,ATDESRSGYAEDPLASCARATSRNR,0.909091,0.090909,point_previews/task000101_mu000008_rho040_n1.png
0.5,8,8,license_plate_bahnschrift.ttf,CBAGJWPD6YXT0RNZL49E3HSU875KFVMQ2,7,3,0,0.425,11.313708,0.8067,0.853272,AGANRERTAAESSUBES,0.818182,0.181818,point_previews/task000101_mu000008_rho050_n0.png
0.5,8,8,license_plate_bahnschrift.ttf,CBAGJWPD6YXT0RNZL49E3HSU875KFVMQ2,7,3,1,0.425,11.313708,0.8067,0.853272,SCSARARSRDUFNTNAESESTP,0.848485,0.151515,point_previews/task000101_mu000008_rho050_n1.png
0.6,8,8,license_plate_bahnschrift.ttf,CBAGJWPD6YXT0RNZL49E3HSU875KFVMQ2,7,3,0,0.51,12.393547,0.770893,0.778927,ERAGPTARRTEECLSGPREM,0.757576,0.242424,point_previews/task000101_mu000008_rho060_n0.png
0.6,8,8,license_plate_bahnschrift.ttf,CBAGJWPD6YXT0RNZL49E3HSU875KFVMQ2,7,3,1,0.51,12.393547,0.770893,0.778927,UASAAPPEAMESBSNTRCEU,0.878788,0.121212,point_previews/task000101_mu000008_rho060_n1.png
0.7,8,8,license_plate_bahnschrift.ttf,CBAGJWPD6YXT0RNZL49E3HSU875KFVMQ2,7,3,0,0.595,13.38656,0.735998,0.721147,RUSPSASYPGRARSE4USUATSREYAGZ3,0.878788,0.121212,point_previews/task000101_mu000008_rho070_n0.png
0.7,8,8,license_plate_bahnschrift.ttf,CBAGJWPD6YXT0RNZL49E3HSU875KFVMQ2,7,3,1,0.595,13.38656,0.735998,0.721147,CUASVRDARALERERSUSTSREYMGS,0.727273,0.272727,point_previews/task000101_mu000008_rho070_n1.png
0.8,8,8,license_plate_bahnschrift.ttf,CBAGJWPD6YXT0RNZL49E3HSU875KFVMQ2,7,3,0,0.68,14.310835,0.701998,0.674571,CHAGAYPALNDRNZESSESHSUGTSRANMRGS,0.666667,0.333333,point_previews/task000101_mu000008_rho080_n0.png
0.8,8,8,license_plate_bahnschrift.ttf,CBAGJWPD6YXT0RNZL49E3HSU875KFVMQ2,7,3,1,0.68,14.310835,0.701998,0.674571,EBASWPUSECURNASALSUASREYMBE,0.727273,0.272727,point_previews/task000101_mu000008_rho080_n1.png
0.9,8,8,license_plate_bahnschrift.ttf,CBAGJWPD6YXT0RNZL49E3HSU875KFVMQ2,7,3,0,0.765,15.178933,0.668877,0.635992,CBAGHWRDLERUANZLEPEUASUBTAREYS,0.636364,0.363636,point_previews/task000101_mu000008_rho090_n0.png
0.9,8,8,license_plate_bahnschrift.ttf,CBAGJWPD6YXT0RNZL49E3HSU875KFVMQ2,7,3,1,0.765,15.178933,0.668877,0.635992,SSHAGJNPUERKEDRNZLACESCURTEKEU2,0.666667,0.333333,point_previews/task000101_mu000008_rho090_n1.png
1.0,8,8,license_plate_bahnschrift.ttf,CBAGJWPD6YXT0RNZL49E3HSU875KFVMQ2,7,3,0,0.85,16.0,0.63662,0.603355,DBAGNEBSYRTAGNELADESHSCBFSHEMRS,0.666667,0.333333,point_previews/task000101_mu000008_rho100_n0.png
1.0,8,8,license_plate_bahnschrift.ttf,CBAGJWPD6YXT0RNZL49E3HSU875KFVMQ2,7,3,1,0.85,16.0,0.63662,0.603355,CBAGAPPDSACTERNRLVEGMSUBTSRCUMGS,0.575758,0.424242,point_previews/task000101_mu000008_rho100_n1.png
0.1,11,8,license_plate_bahnschrift.ttf,CBAGJWPD6YXT0RNZL49E3HSU875KFVMQ2,7,3,0,0.085,5.059644,0.959381,1.907975,TRERNESARTSSPRRNG,0.878788,0.121212,point_previews/task000102_mu000011_rho010_n0.png
0.1,11,8,license_plate_bahnschrift.ttf,CBAGJWPD6YXT0RNZL49E3HSU875KFVMQ2,7,3,1,0.085,5.059644,0.959381,1.907975,NTW03NTERUEGSEND,0.848485,0.151515,point_previews/task000102_mu000011_rho010_n1.png
0.2,11,8,license_plate_bahnschrift.ttf,CBAGJWPD6YXT0RNZL49E3HSU875KFVMQ2,7,3,0,0.17,7.155418,0.919759,1.349142,PNTCNCBTMMNAC,0.909091,0.090909,point_previews/task000102_mu000011_rho020_n0.png
0.2,11,8,license_plate_bahnschrift.ttf,CBAGJWPD6YXT0RNZL49E3HSU875KFVMQ2,7,3,1,0.17,7.155418,0.919759,1.349142,,1.0,0.0,point_previews/task000102_mu000011_rho020_n1.png
0.3,11,8,license_plate_bahnschrift.ttf,CBAGJWPD6YXT0RNZL49E3HSU875KFVMQ2,7,3,0,0.255,8.763561,0.881116,1.10157,AGAGCRRETELEMERESRPN,0.818182,0.181818,point_previews/task000102_mu000011_rho030_n0.png
0.3,11,8,license_plate_bahnschrift.ttf,CBAGJWPD6YXT0RNZL49E3HSU875KFVMQ2,7,3,1,0.255,8.763561,0.881116,1.10157,CREETMEGRPLZES7EAHSAERTRPRS,0.848485,0.151515,point_previews/task000102_mu000011_rho030_n1.png
0.4,11,8,license_plate_bahnschrift.ttf,CBAGJWPD6YXT0RNZL49E3HSU875KFVMQ2,7,3,0,0.34,10.119289,0.843436,0.953987,ADACATEETRETSESESBTSRRTAS,0.848485,0.151515,point_previews/task000102_mu000011_rho040_n0.png
0.4,11,8,license_plate_bahnschrift.ttf,CBAGJWPD6YXT0RNZL49E3HSU875KFVMQ2,7,3,1,0.34,10.119289,0.843436,0.953987,PBRGAYPETEGRNSESBSHC,0.787879,0.212121,point_previews/task000102_mu000011_rho040_n1.png
0.5,11,8,license_plate_bahnschrift.ttf,CBAGJWPD6YXT0RNZL49E3HSU875KFVMQ2,7,3,0,0.425,11.313708,0.8067,0.853272,SRARANPSSPRTDETT20EUCCEUREYRA,0.848485,0.151515,point_previews/task000102_mu000011_rho050_n0.png
0.5,11,8,license_plate_bahnschrift.ttf,CBAGJWPD6YXT0RNZL49E3HSU875KFVMQ2,7,3,1,0.425,11.313708,0.8067,0.853272,GRAGAWPRSCRMEEYVETHEURTSKYK,0.727273,0.272727,point_previews/task000102_mu000011_rho050_n1.png
0.6,11,8,license_plate_bahnschrift.ttf,CBAGJWPD6YXT0RNZL49E3HSU875KFVMQ2,7,3,0,0.51,12.393547,0.770893,0.778927,THAGWFSSRTDRNZEAESHSUBYERE,0.666667,0.333333,point_previews/task000102_mu000011_rho060_n0.png
0.6,11,8,license_plate_bahnschrift.ttf,CBAGJWPD6YXT0RNZL49E3HSU875KFVMQ2,7,3,1,0.51,12.393547,0.770893,0.778927,CDASTWPDECURAAEQUESRSUBTSREVMAZ,0.666667,0.333333,point_previews/task000102_mu000011_rho060_n1.png
0.7,11,8,license_plate_bahnschrift.ttf,CBAGJWPD6YXT0RNZL49E3HSU875KFVMQ2,7,3,0,0.595,13.38656,0.735998,0.721147,QBAGWPRSYXTARNELHVESHSUBEKEN,0.515152,0.484848,point_previews/task000102_mu000011_rho070_n0.png
0.7,11,8,license_plate_bahnschrift.ttf,CBAGJWPD6YXT0RNZL49E3HSU875KFVMQ2,7,3,1,0.595,13.38656,0.735998,0.721147,CBABANEDSYNABENZATESASUGTSREVNE2,0.636364,0.363636,point_previews/task000102_mu000011_rho070_n1.png
0.8,11,8,license_plate_bahnschrift.ttf,CBAGJWPD6YXT0RNZL49E3HSU875KFVMQ2,7,3,0,0.68,14.310835,0.701998,0.674571,CBAB2WPDMACTURNZLGQEJREUAPSRENME,0.575758,0.424242,point_previews/task000102_mu000011_rho080_n0.png
0.8,11,8,license_plate_bahnschrift.ttf,CBAGJWPD6YXT0RNZL49E3HSU875KFVMQ2,7,3,1,0.68,14.310835,0.701998,0.674571,CRAGSWPGTRTRALZEAVESHSUBTSKEVHD2,0.575758,0.424242,point_previews/task000102_mu000011_rho080_n1.png
0.9,11,8,license_plate_bahnschrift.ttf,CBAGJWPD6YXT0RNZL49E3HSU875KFVMQ2,7,3,0,0.765,15.178933,0.668877,0.635992,,1.0,0.0,point_previews/task000102_mu000011_rho090_n0.png
0.9,11,8,license_plate_bahnschrift.ttf,CBAGJWPD6YXT0RNZL49E3HSU875KFVMQ2,7,3,1,0.765,15.178933,0.668877,0.635992,EBAGAGPSCEYTARNEEADESMSURTSKPEMZ,0.636364,0.363636,point_previews/task000102_mu000011_rho090_n1.png
1.0,11,8,license_plate_bahnschrift.ttf,CBAGJWPD6YXT0RNZL49E3HSU875KFVMQ2,7,3,0,0.85,16.0,0.63662,0.603355,,1.0,0.0,point_previews/task000102_mu000011_rho100_n0.png
1.0,11,8,license_plate_bahnschrift.ttf,CBAGJWPD6YXT0RNZL49E3HSU875KFVMQ2,7,3,1,0.85,16.0,0.63662,0.603355,QBAGAWPDSYCEDRNZLGESHSUBTSKEVMG2,0.424242,0.575758,point_previews/task000102_mu000011_rho100_n1.png
0.1,16,8,license_plate_bahnschrift.ttf,CBAGJWPD6YXT0RNZL49E3HSU875KFVMQ2,7,3,0,0.085,5.059644,0.959381,1.907975,BESNETSLTREEA,0.878788,0.121212,point_previews/task000103_mu000016_rho010_n0.png
0.1,16,8,license_plate_bahnschrift.ttf,CBAGJWPD6YXT0RNZL49E3HSU875KFVMQ2,7,3,1,0.085,5.059644,0.959381,1.907975,TWALGMWE,0.909091,0.090909,point_previews/task000103_mu000016_rho010_n1.png
0.2,16,8,license_plate_bahnschrift.ttf,CBAGJWPD6YXT0RNZL49E3HSU875KFVMQ2,7,3,0,0.17,7.155418,0.919759,1.349142,TBESUWEDSPCERAEGHETURSS,0.818182,0.181818,point_previews/task000103_mu000016_rho020_n0.png
0.2,16,8,license_plate_bahnschrift.ttf,CBAGJWPD6YXT0RNZL49E3HSU875KFVMQ2,7,3,1,0.17,7.155418,0.919759,1.349142,PUKEDWECRERCRNEEHAPTGUVEVRNED,0.848485,0.151515,point_previews/task000103_mu000016_rho020_n1.png
0.3,16,8,license_plate_bahnschrift.ttf,CBAGJWPD6YXT0RNZL49E3HSU875KFVMQ2,7,3,0,0.255,8.763561,0.881116,1.10157,BARLEPTSPCPPFEASEAASUDTSREYMU,0.787879,0.212121,point_previews/task000103_mu000016_rho030_n0.png
0.3,16,8,license_plate_bahnschrift.ttf,CBAGJWPD6YXT0RNZL49E3HSU875KFVMQ2,7,3,1,0.255,8.763561,0.881116,1.10157,BAGVERDEDCGRATEEFHSBBTEM,0.727273,0.272727,point_previews/task000103_mu000016_rho030_n1.png
0.4,16,8,license_plate_bahnschrift.ttf,CBAGJWPD6YXT0RNZL49E3HSU875KFVMQ2,7,3,0,0.34,10.119289,0.843436,0.953987,EQAGWPDSUENZLAFESESUSREGMS,0.636364,0.363636,point_previews/task000103_mu000016_rho040_n0.png
0.4,16,8,license_plate_bahnschrift.ttf,CBAGJWPD6YXT0RNZL49E3HSU875KFVMQ2,7,3,1,0.34,10.119289,0.843436,0.953987,EDAGJNPUGERENERELEGHSUGTSRENRGD,0.727273,0.272727,point_previews/task000103_mu000016_rho040_n1.png
0.5,16,8,license_plate_bahnschrift.ttf,CBAGJWPD6YXT0RNZL49E3HSU875KFVMQ2,7,3,0,0.425,11.313708,0.8067,0.853272,CHAGUWPDETKTSRAZLCSESHSUBSKENMGZ,0.515152,0.484848,point_previews/task000103_mu000016_rho050_n0.png
0.5,16,8,license_plate_bahnschrift.ttf,CBAGJWPD6YXT0RNZL49E3HSU875KFVMQ2,7,3,1,0.425,11.313708,0.8067,0.853272,,1.0,0.0,point_previews/task000103_mu000016_rho050_n1.png
0.6,16,8,license_plate_bahnschrift.ttf,CBAGJWPD6YXT0RNZL49E3HSU875KFVMQ2,7,3,0,0.51,12.393547,0.770893,0.778927,,1.0,0.0,point_previews/task000103_mu000016_rho060_n0.png
0.6,16,8,license_plate_bahnschrift.ttf,CBAGJWPD6YXT0RNZL49E3HSU875KFVMQ2,7,3,1,0.51,12.393547,0.770893,0.778927,BAGANPDMTURNZEAUETHSUBTECEVM,0.545455,0.454545,point_previews/task000103_mu000016_rho060_n1.png
0.7,16,8,license_plate_bahnschrift.ttf,CBAGJWPD6YXT0RNZL49E3HSU875KFVMQ2,7,3,0,0.595,13.38656,0.735998,0.721147,CBAGWPUSYXFRNZLASESHSUBTSKEVMG2,0.393939,0.606061,point_previews/task000103_mu000016_rho070_n0.png
0.7,16,8,license_plate_bahnschrift.ttf,CBAGJWPD6YXT0RNZL49E3HSU875KFVMQ2,7,3,1,0.595,13.38656,0.735998,0.721147,EBAGJWPDAPCTCRNZEAESHSUBTSKEW2,0.484848,0.515152,point_previews/task000103_mu000016_rho070_n1.png
0.8,16,8,license_plate_bahnschrift.ttf,CBAGJWPD6YXT0RNZL49E3HSU875KFVMQ2,7,3,0,0.68,14.310835,0.701998,0.674571,DDAGJWAUGYSTRNZLAVEARSUBTSKEVMG,0.515152,0.484848,point_previews/task000103_mu000016_rho080_n0.png
0.8,16,8,license_plate_bahnschrift.ttf,CBAGJWPD6YXT0RNZL49E3HSU875KFVMQ2,7,3,1,0.68,14.310835,0.701998,0.674571,JCBASWPDEYXTRNZLAQEBHSUBSKEVMQZ,0.393939,0.606061,point_previews/task000103_mu000016_rho080_n1.png
0.9,16,8,license_plate_bahnschrift.ttf,CBAGJWPD6YXT0RNZL49E3HSU875KFVMQ2,7,3,0,0.765,15.178933,0.668877,0.635992,EBAGSWPDEYXTURNZLGGESHSUBTSKEVMG2,0.363636,0.636364,point_previews/task000103_mu000016_rho090_n0.png
0.9,16,8,license_plate_bahnschrift.ttf,CBAGJWPD6YXT0RNZL49E3HSU875KFVMQ2,7,3,1,0.765,15.178933,0.668877,0.635992,EBAGJWPDSYXTGANZLSYEJNSUBTSKENMAZ,0.454545,0.545455,point_previews/task000103_mu000016_rho090_n1.png
1.0,16,8,license_plate_bahnschrift.ttf,CBAGJWPD6YXT0RNZL49E3HSU875KFVMQ2,7,3,0,0.85,16.0,0.63662,0.603355,CBAGSWPDSYNTCRNZLASESHSUBTSKEYMG2,0.393939,0.606061,point_previews/task000103_mu000016_rho100_n0.png
1.0,16,8,license_plate_bahnschrift.ttf,CBAGJWPD6YXT0RNZL49E3HSU875KFVMQ2,7,3,1,0.85,16.0,0.63662,0.603355,,1.0,0.0,point_previews/task000103_mu000016_rho100_n1.png
0.1,23,8,license_plate_bahnschrift.ttf,CBAGJWPD6YXT0RNZL49E3HSU875KFVMQ2,7,3,0,0.085,5.059644,0.959381,1.907975,ESNYTSCSEPG,0.909091,0.090909,point_previews/task000104_mu000023_rho010_n0.png
0.1,23,8,license_plate_bahnschrift.ttf,CBAGJWPD6YXT0RNZL49E3HSU875KFVMQ2,7,3,1,0.085,5.059644,0.959381,1.907975,SSEAETRRDURNPUCUNLSCMBEETC,0.878788,0.121212,point_previews/task000104_mu000023_rho010_n1.png
0.2,23,8,license_plate_bahnschrift.ttf,CBAGJWPD6YXT0RNZL49E3HSU875KFVMQ2,7,3,0,0.17,7.155418,0.919759,1.349142,EYAEUPASEREBANZLXSESHSUBESEUNG,0.727273,0.272727,point_previews/task000104_mu000023_rho020_n0.png
0.2,23,8,license_plate_bahnschrift.ttf,CBAGJWPD6YXT0RNZL49E3HSU875KFVMQ2,7,3,1,0.17,7.155418,0.919759,1.349142,ERAGVEPDENEPERNALUTERRSRESKEUS,0.69697,0.30303,point_previews/task000104_mu000023_rho020_n1.png
0.3,23,8,license_plate_bahnschrift.ttf,CBAGJWPD6YXT0RNZL49E3HSU875KFVMQ2,7,3,0,0.255,8.763561,0.881116,1.10157,EBAGUWEZSUTGSNZEATESRSUBTSKRM2,0.606061,0.393939,point_previews/task000104_mu000023_rho030_n0.png
0.3,23,8,license_plate_bahnschrift.ttf,CBAGJWPD6YXT0RNZL49E3HSU875KFVMQ2,7,3,1,0.255,8.763561,0.881116,1.10157,CBAGHERSEHTRALSESHEUBTSKEUMGZ,0.636364,0.363636,point_previews/task000104_mu000023_rho030_n1.png
0.4,23,8,license_plate_bahnschrift.ttf,CBAGJWPD6YXT0RNZL49E3HSU875KFVMQ2,7,3,0,0.34,10.119289,0.843436,0.953987,,1.0,0.0,point_previews/task000104_mu000023_rho040_n0.png
0.4,23,8,license_plate_bahnschrift.ttf,CBAGJWPD6YXT0RNZL49E3HSU875KFVMQ2,7,3,1,0.34,10.119289,0.843436,0.953987,CDAGJWPBSYNFGRNZLASEANSUGTSREVMA,0.515152,0.484848,point_previews/task000104_mu000023_rho040_n1.png
0.5,23,8,license_plate_bahnschrift.ttf,CBAGJWPD6YXT0RNZL49E3HSU875KFVMQ2,7,3,0,0.425,11.313708,0.8067,0.853272,CBAGWPDEYCTGRNZLYSESHSUATEKEVME2,0.363636,0.636364,point_previews/task000104_mu000023_rho050_n0.png
0.5,23,8,license_plate_bahnschrift.ttf,CBAGJWPD6YXT0RNZL49E3HSU875KFVMQ2,7,3,1,0.425,11.313708,0.8067,0.853272,,1.0,0.0,point_previews/task000104_mu000023_rho050_n1.png
0.6,23,8,license_plate_bahnschrift.ttf,CBAGJWPD6YXT0RNZL49E3HSU875KFVMQ2,7,3,0,0.51,12.393547,0.770893,0.778927,,1.0,0.0,point_previews/task000104_mu000023_rho060_n0.png
0.6,23,8,license_plate_bahnschrift.ttf,CBAGJWPD6YXT0RNZL49E3HSU875KFVMQ2,7,3,1,0.51,12.393547,0.770893,0.778927,,1.0,0.0,point_previews/task000104_mu000023_rho060_n1.png
0.7,23,8,license_plate_bahnschrift.ttf,CBAGJWPD6YXT0RNZL49E3HSU875KFVMQ2,7,3,0,0.595,13.38656,0.735998,0.721147,,1.0,0.0,point_previews/task000104_mu000023_rho070_n0.png
0.7,23,8,license_plate_bahnschrift.ttf,CBAGJWPD6YXT0RNZL49E3HSU875KFVMQ2,7,3,1,0.595,13.38656,0.735998,0.721147,EBAGWPDSARTQRNZLGESHSUB7SKFEVMQZ,0.393939,0.606061,point_previews/task000104_mu000023_rho070_n1.png
0.8,23,8,license_plate_bahnschrift.ttf,CBAGJWPD6YXT0RNZL49E3HSU875KFVMQ2,7,3,0,0.68,14.310835,0.701998,0.674571,CBAGJWPDSYXTRNZLASESHSUSTSKEVMGZ,0.333333,0.666667,point_previews/task000104_mu000023_rho080_n0.png
0.8,23,8,license_plate_bahnschrift.ttf,CBAGJWPD6YXT0RNZL49E3HSU875KFVMQ2,7,3,1,0.68,14.310835,0.701998,0.674571,,1.0,0.0,point_previews/task000104_mu000023_rho080_n1.png
0.9,23,8,license_plate_bahnschrift.ttf,CBAGJWPD6YXT0RNZL49E3HSU875KFVMQ2,7,3,0,0.765,15.178933,0.668877,0.635992,CBAGJWPDSYXTERNZLAESHSUBTSKEVMG2,0.30303,0.69697,point_previews/task000104_mu000023_rho090_n0.png
0.9,23,8,license_plate_bahnschrift.ttf,CBAGJWPD6YXT0RNZL49E3HSU875KFVMQ2,7,3,1,0.765,15.178933,0.668877,0.635992,CBAGJWPDSYXTURNZEAYESHSUBTSKEVMQ2,0.30303,0.69697,point_previews/task000104_mu000023_rho090_n1.png
1.0,23,8,license_plate_bahnschrift.ttf,CBAGJWPD6YXT0RNZL49E3HSU875KFVMQ2,7,3,0,0.85,16.0,0.63662,0.603355,,1.0,0.0,point_previews/task000104_mu000023_rho100_n0.png
1.0,23,8,license_plate_bahnschrift.ttf,CBAGJWPD6YXT0RNZL49E3HSU875KFVMQ2,7,3,1,0.85,16.0,0.63662,0.603355,CBAGJWPDSYXTRNZLASESHSUBTSKEYMG2,0.333333,0.666667,point_previews/task000104_mu000023_rho100_n1.png
0.1,32,8,license_plate_bahnschrift.ttf,CBAGJWPD6YXT0RNZL49E3HSU875KFVMQ2,7,3,0,0.085,5.059644,0.959381,1.907975,THBEAHAPDGYRTCETTUETAE,0.818182,0.181818,point_previews/task000105_mu000032_rho010_n0.png
0.1,32,8,license_plate_bahnschrift.ttf,CBAGJWPD6YXT0RNZL49E3HSU875KFVMQ2,7,3,1,0.085,5.059644,0.959381,1.907975,AASPAECRALELUTCSMSESNS,0.818182,0.181818,point_previews/task000105_mu000032_rho010_n1.png
0.2,32,8,license_plate_bahnschrift.ttf,CBAGJWPD6YXT0RNZL49E3HSU875KFVMQ2,7,3,0,0.17,7.155418,0.919759,1.349142,BEAGTWRGSTDANELASEGHSUTKEWN,0.666667,0.333333,point_previews/task000105_mu000032_rho020_n0.png
0.2,32,8,license_plate_bahnschrift.ttf,CBAGJWPD6YXT0RNZL49E3HSU875KFVMQ2,7,3,1,0.17,7.155418,0.919759,1.349142,,1.0,0.0,point_previews/task000105_mu000032_rho020_n1.png
0.3,32,8,license_plate_bahnschrift.ttf,CBAGJWPD6YXT0RNZL49E3HSU875KFVMQ2,7,3,0,0.255,8.763561,0.881116,1.10157,EBAGTWPDGYXTRNZLASESHSUBTSREVMA2,0.393939,0.606061,point_previews/task000105_mu000032_rho030_n0.png
0.3,32,8,license_plate_bahnschrift.ttf,CBAGJWPD6YXT0RNZL49E3HSU875KFVMQ2,7,3,1,0.255,8.763561,0.881116,1.10157,,1.0,0.0,point_previews/task000105_mu000032_rho030_n1.png
0.4,32,8,license_plate_bahnschrift.ttf,CBAGJWPD6YXT0RNZL49E3HSU875KFVMQ2,7,3,0,0.34,10.119289,0.843436,0.953987,,1.0,0.0,point_previews/task000105_mu000032_rho040_n0.png
0.4,32,8,license_plate_bahnschrift.ttf,CBAGJWPD6YXT0RNZL49E3HSU875KFVMQ2,7,3,1,0.34,10.119289,0.843436,0.953987,,1.0,0.0,point_previews/task000105_mu000032_rho040_n1.png
0.5,32,8,license_plate_bahnschrift.ttf,CBAGJWPD6YXT0RNZL49E3HSU875KFVMQ2,7,3,0,0.425,11.313708,0.8067,0.853272,,1.0,0.0,point_previews/task000105_mu000032_rho050_n0.png
0.5,32,8,license_plate_bahnschrift.ttf,CBAGJWPD6YXT0RNZL49E3HSU875KFVMQ2,7,3,1,0.425,11.313708,0.8067,0.853272,CBAGJWPDEYXTGRNZLAVEJHSUBTSKEVMAZ,0.333333,0.666667,point_previews/task000105_mu000032_rho050_n1.png
0.6,32,8,license_plate_bahnschrift.ttf,CBAGJWPD6YXT0RNZL49E3HSU875KFVMQ2,7,3,0,0.51,12.393547,0.770893,0.778927,CBAGJWPDEYXTBRNZEGSEFRSUBTSKEVMG2,0.363636,0.636364,point_previews/task000105_mu000032_rho060_n0.png
0.6,32,8,license_plate_bahnschrift.ttf,CBAGJWPD6YXT0RNZL49E3HSU875KFVMQ2,7,3,1,0.51,12.393547,0.770893,0.778927,EBAGJWPDSYXTGRNZLASESHSUBTSKFYMQZ,0.333333,0.666667,point_previews/task000105_mu000032_rho060_n1.png
0.7,32,8,license_plate_bahnschrift.ttf,CBAGJWPD6YXT0RNZL49E3HSU875KFVMQ2,7,3,0,0.595,13.38656,0.735998,0.721147,CBAGJWPDSYXTURNZLAVESHSUBTSKEVMQ2,0.272727,0.727273,point_previews/task000105_mu000032_rho070_n0.png
0.7,32,8,license_plate_bahnschrift.ttf,CBAGJWPD6YXT0RNZL49E3HSU875KFVMQ2,7,3,1,0.595,13.38656,0.735998,0.721147,CBAGJWPDAYXTRNZLAVESHSUBTSKEVMA2,0.30303,0.69697,point_previews/task000105_mu000032_rho070_n1.png
0.8,32,8,license_plate_bahnschrift.ttf,CBAGJWPD6YXT0RNZL49E3HSU875KFVMQ2,7,3,0,0.68,14.310835,0.701998,0.674571,CBAGJWPDSXTRNZLAESHSUBTSKEVMQ2,0.30303,0.69697,point_previews/task000105_mu000032_rho080_n0.png
0.8,32,8,license_plate_bahnschrift.ttf,CBAGJWPD6YXT0RNZL49E3HSU875KFVMQ2,7,3,1,0.68,14.310835,0.701998,0.674571,CBAGJWPDSYXTRNZLAESHSUBTSKEVMZ,0.333333,0.666667,point_previews/task000105_mu000032_rho080_n1.png
0.9,32,8,license_plate_bahnschrift.ttf,CBAGJWPD6YXT0RNZL49E3HSU875KFVMQ2,7,3,0,0.765,15.178933,0.668877,0.635992,CBAGSWPDSYXTURNZL49E3HSUSTSKFYMQ2,0.212121,0.787879,point_previews/task000105_mu000032_rho090_n0.png
0.9,32,8,license_plate_bahnschrift.ttf,CBAGJWPD6YXT0RNZL49E3HSU875KFVMQ2,7,3,1,0.765,15.178933,0.668877,0.635992,CBAGJWPDSYXTGRNZLAGESHSUB7SKEVMQZ,0.272727,0.727273,point_previews/task000105_mu000032_rho090_n1.png
1.0,32,8,license_plate_bahnschrift.ttf,CBAGJWPD6YXT0RNZL49E3HSU875KFVMQ2,7,3,0,0.85,16.0,0.63662,0.603355,CBAGJWPD4YXTURNZLA9ESHSUBTSKEVMG2,0.272727,0.727273,point_previews/task000105_mu000032_rho100_n0.png
1.0,32,8,license_plate_bahnschrift.ttf,CBAGJWPD6YXT0RNZL49E3HSU875KFVMQ2,7,3,1,0.85,16.0,0.63662,0.603355,EBAGJWPDAYXTRNZL49ESHSUBTSREVMQ2,0.272727,0.727273,point_previews/task000105_mu000032_rho100_n1.png
0.1,45,8,license_plate_bahnschrift.ttf,CBAGJWPD6YXT0RNZL49E3HSU875KFVMQ2,7,3,0,0.085,5.059644,0.959381,1.907975,,1.0,0.0,point_previews/task000106_mu000045_rho010_n0.png
0.1,45,8,license_plate_bahnschrift.ttf,CBAGJWPD6YXT0RNZL49E3HSU875KFVMQ2,7,3,1,0.085,5.059644,0.959381,1.907975,UDALNPSEYMTURAZALSEAUSUBGKEUM,0.666667,0.333333,point_previews/task000106_mu000045_rho010_n1.png
0.2,45,8,license_plate_bahnschrift.ttf,CBAGJWPD6YXT0RNZL49E3HSU875KFVMQ2,7,3,0,0.17,7.155418,0.919759,1.349142,,1.0,0.0,point_previews/task000106_mu000045_rho020_n0.png
0.2,45,8,license_plate_bahnschrift.ttf,CBAGJWPD6YXT0RNZL49E3HSU875KFVMQ2,7,3,1,0.17,7.155418,0.919759,1.349142,SCBAGJWPBAYXTGRNZEASESHSUBTSKRVMGS,0.424242,0.575758,point_previews/task000106_mu000045_rho020_n1.png
0.3,45,8,license_plate_bahnschrift.ttf,CBAGJWPD6YXT0RNZL49E3HSU875KFVMQ2,7,3,0,0.255,8.763561,0.881116,1.10157,,1.0,0.0,point_previews/task000106_mu000045_rho030_n0.png
0.3,45,8,license_plate_bahnschrift.ttf,CBAGJWPD6YXT0RNZL49E3HSU875KFVMQ2,7,3,1,0.255,8.763561,0.881116,1.10157,,1.0,0.0,point_previews/task000106_mu000045_rho030_n1.png
0.4,45,8,license_plate_bahnschrift.ttf,CBAGJWPD6YXT0RNZL49E3HSU875KFVMQ2,7,3,0,0.34,10.119289,0.843436,0.953987,CBAGJWPDSETRAZLASESHSUBTSKEVMG2,0.393939,0.606061,point_previews/task000106_mu000045_rho040_n0.png
0.4,45,8,license_plate_bahnschrift.ttf,CBAGJWPD6YXT0RNZL49E3HSU875KFVMQ2,7,3,1,0.34,10.119289,0.843436,0.953987,,1.0,0.0,point_previews/task000106_mu000045_rho040_n1.png
0.5,45,8,license_plate_bahnschrift.ttf,CBAGJWPD6YXT0RNZL49E3HSU875KFVMQ2,7,3,0,0.425,11.313708,0.8067,0.853272,CBAGJWPDSYXFRNZLA9ESHSUBTSKENMQ2,0.30303,0.69697,point_previews/task000106_mu000045_rho050_n0.png
0.5,45,8,license_plate_bahnschrift.ttf,CBAGJWPD6YXT0RNZL49E3HSU875KFVMQ2,7,3,1,0.425,11.313708,0.8067,0.853272,CBAGJWPDSYXTRNZL49ESHSUBTSKEVMQ2,0.212121,0.787879,point_previews/task000106_mu000045_rho050_n1.png
0.6,45,8,license_plate_bahnschrift.ttf,CBAGJWPD6YXT0RNZL49E3HSU875KFVMQ2,7,3,0,0.51,12.393547,0.770893,0.778927,CBAGJWPDBYXTARNZLU9ESHSUBTSKEVMG2,0.272727,0.727273,point_previews/task000106_mu000045_rho060_n0.png
0.6,45,8,license_plate_bahnschrift.ttf,CBAGJWPD6YXT0RNZL49E3HSU875KFVMQ2,7,3,1,0.51,12.393547,0.770893,0.778927,CBAGJWPDSYXTURNZLA9ESHSUBTSKEVMQ2,0.242424,0.757576,point_previews/task000106_mu000045_rho060_n1.png
0.7,45,8,license_plate_bahnschrift.ttf,CBAGJWPD6YXT0RNZL49E3HSU875KFVMQ2,7,3,0,0.595,13.38656,0.735998,0.721147,CBAGJWPD4YXTRNZLAJESHSUSTSKFYMQ2,0.272727,0.727273,point_previews/task000106_mu000045_rho070_n0.png
0.7,45,8,license_plate_bahnschrift.ttf,CBAGJWPD6YXT0RNZL49E3HSU875KFVMQ2,7,3,1,0.595,13.38656,0.735998,0.721147,CBAGJWPDEYXTRNZLAPESHSUBTSKEVMG2,0.30303,0.69697,point_previews/task000106_mu000045_rho070_n1.png
0.8,45,8,license_plate_bahnschrift.ttf,CBAGJWPD6YXT0RNZL49E3HSU875KFVMQ2,7,3,0,0.68,14.310835,0.701998,0.674571,CBAGJWPDEYXTRNZLASESHSUBTSKEVMQ2,0.272727,0.727273,point_previews/task000106_mu000045_rho080_n0.png
0.8,45,8,license_plate_bahnschrift.ttf,CBAGJWPD6YXT0RNZL49E3HSU875KFVMQ2,7,3,1,0.68,14.310835,0.701998,0.674571,CBAGJWPD4YXTURNZL49ESHSUBTSKEYMQ2,0.242424,0.757576,point_previews/task000106_mu000045_rho080_n1.png
0.9,45,8,license_plate_bahnschrift.ttf,CBAGJWPD6YXT0RNZL49E3HSU875KFVMQ2,7,3,0,0.765,15.178933,0.668877,0.635992,CBAGJWPDSYXTCRNZLASESHSUBTSKEVMG2,0.30303,0.69697,point_previews/task000106_mu000045_rho090_n0.png
0.9,45,8,license_plate_bahnschrift.ttf,CBAGJWPD6YXT0RNZL49E3HSU875KFVMQ2,7,3,1,0.765,15.178933,0.668877,0.635992,CBAGSWPDGYXTGRNZLAJESHSUBTSKFVMQ2,0.272727,0.727273,point_previews/task000106_mu000045_rho090_n1.png
1.0,45,8,license_plate_bahnschrift.ttf,CBAGJWPD6YXT0RNZL49E3HSU875KFVMQ2,7,3,0,0.85,16.0,0.63662,0.603355,CBAGJWPDSYXTRNZLA9ESHSUB75KEVMG2,0.212121,0.787879,point_previews/task000106_mu000045_rho100_n0.png
1.0,45,8,license_plate_bahnschrift.ttf,CBAGJWPD6YXT0RNZL49E3HSU875KFVMQ2,7,3,1,0.85,16.0,0.63662,0.603355,CBAGJWPDSYXTRNZLA9ESHSUBTSKEVMG2,0.272727,0.727273,point_previews/task000106_mu000045_rho100_n1.png
0.1,64,8,license_plate_bahnschrift.ttf,CBAGJWPD6YXT0RNZL49E3HSU875KFVMQ2,7,3,0,0.085,5.059644,0.959381,1.907975,SCBASJWPREYNTRNAL4SEAHSUBTSKRZ,0.515152,0.484848,point_previews/task000107_mu000064_rho010_n0.png
0.1,64,8,license_plate_bahnschrift.ttf,CBAGJWPD6YXT0RNZL49E3HSU875KFVMQ2,7,3,1,0.085,5.059644,0.959381,1.907975,CRAGTNADETURHZLGRESHEUBTSKEV,0.606061,0.393939,point_previews/task000107_mu000064_rho010_n1.png
0.2,64,8,license_plate_bahnschrift.ttf,CBAGJWPD6YXT0RNZL49E3HSU875KFVMQ2,7,3,0,0.17,7.155418,0.919759,1.349142,,1.0,0.0,point_previews/task000107_mu000064_rho020_n0.png
0.2,64,8,license_plate_bahnschrift.ttf,CBAGJWPD6YXT0RNZL49E3HSU875KFVMQ2,7,3,1,0.17,7.155418,0.919759,1.349142,CBAGJWPDSYXTRNZ49ESHSUBTSKEVMQ2,0.242424,0.757576,point_previews/task000107_mu000064_rho020_n1.png
0.3,64,8,license_plate_bahnschrift.ttf,CBAGJWPD6YXT0RNZL49E3HSU875KFVMQ2,7,3,0,0.255,8.763561,0.881116,1.10157,CBAGJWPDSXTRNZEASESNSUBTSKFYMQ2,0.363636,0.636364,point_previews/task000107_mu000064_rho030_n0.png
0.3,64,8,license_plate_bahnschrift.ttf,CBAGJWPD6YXT0RNZL49E3HSU875KFVMQ2,7,3,1,0.255,8.763561,0.881116,1.10157,CBAGJWPDSYXTRNZLASESHSUBTSKEVMG2,0.30303,0.69697,point_previews/task000107_mu000064_rho030_n1.png
0.4,64,8,license_plate_bahnschrift.ttf,CBAGJWPD6YXT0RNZL49E3HSU875KFVMQ2,7,3,0,0.34,10.119289,0.843436,0.953987,CBAGJWPDEYXTRNZLASESHSUBTSKEVMG2,0.30303,0.69697,point_previews/task000107_mu000064_rho040_n0.png
0.4,64,8,license_plate_bahnschrift.ttf,CBAGJWPD6YXT0RNZL49E3HSU875KFVMQ2,7,3,1,0.34,10.119289,0.843436,0.953987,CBAGJWPDSYCTURNZLA9ESHSUBTSKEVM2,0.30303,0.69697,point_previews/task000107_mu000064_rho040_n1.png
0.5,64,8,license_plate_bahnschrift.ttf,CBAGJWPD6YXT0RNZL49E3HSU875KFVMQ2,7,3,0,0.425,11.313708,0.8067,0.853272,CBAGJWPDEYXTURNZL49ESHSUBTSKFVMQ2,0.181818,0.818182,point_previews/task000107_mu000064_rho050_n0.png
0.5,64,8,license_plate_bahnschrift.ttf,CBAGJWPD6YXT0RNZL49E3HSU875KFVMQ2,7,3,1,0.425,11.313708,0.8067,0.853272,CBAGJWPD4YXTRNZL49ESHSUBTSKFYMQ2,0.212121,0.787879,point_previews/task000107_mu000064_rho050_n1.png
0.6,64,8,license_plate_bahnschrift.ttf,CBAGJWPD6YXT0RNZL49E3HSU875KFVMQ2,7,3,0,0.51,12.393547,0.770893,0.778927,CBAGJWPD4YXTARNZL49ESHSUBTSKEVMG2,0.242424,0.757576,point_previews/task000107_mu000064_rho060_n0.png
0.6,64,8,license_plate_bahnschrift.ttf,CBAGJWPD6YXT0RNZL49E3HSU875KFVMQ2,7,3,1,0.51,12.393547,0.770893,0.778927,CBAGJWPDSYXTARNZLA9ESHSUB7SKEVMQ2,0.212121,0.787879,point_previews/task000107_mu000064_rho060_n1.png
0.7,64,8,license_plate_bahnschrift.ttf,CBAGJWPD6YXT0RNZL49E3HSU875KFVMQ2,7,3,0,0.595,13.38656,0.735998,0.721147,CBAGJWPD4YXTARNZL49E3HSUBTSKFYMG2,0.212121,0.787879,point_previews/task000107_mu000064_rho070_n0.png
0.7,64,8,license_plate_bahnschrift.ttf,CBAGJWPD6YXT0RNZL49E3HSU875KFVMQ2,7,3,1,0.595,13.38656,0.735998,0.721147,CBAGJWPDSYXTRNZL49E3HSUB7SKFYMG2,0.181818,0.818182,point_previews/task000107_mu000064_rho070_n1.png
0.8,64,8,license_plate_bahnschrift.ttf,CBAGJWPD6YXT0RNZL49E3HSU875KFVMQ2,7,3,0,0.68,14.310835,0.701998,0.674571,CBAGJWPD6YXTRNZL49E3HSUBTSKFEYMG2,0.212121,0.787879,point_previews/task000107_mu000064_rho080_n0.png
0.8,64,8,license_plate_bahnschrift.ttf,CBAGJWPD6YXT0RNZL49E3HSU875KFVMQ2,7,3,1,0.68,14.310835,0.701998,0.674571,CBAGJWPDSYXTURNZL4ESHSUBTSKEVMQ2,0.242424,0.757576,point_previews/task000107_mu000064_rho080_n1.png
0.9,64,8,license_plate_bahnschrift.ttf,CBAGJWPD6YXT0RNZL49E3HSU875KFVMQ2,7,3,0,0.765,15.178933,0.668877,0.635992,CBAGJWPDSYXTGRNZL49E3HSUBTSKEVMG2,0.212121,0.787879,point_previews/task000107_mu000064_rho090_n0.png
0.9,64,8,license_plate_bahnschrift.ttf,CBAGJWPD6YXT0RNZL49E3HSU875KFVMQ2,7,3,1,0.765,15.178933,0.668877,0.635992,CBAGJWPDSYXTRNZL49E3HSUSTSKFYMQ2,0.181818,0.818182,point_previews/task000107_mu000064_rho090_n1.png
1.0,64,8,license_plate_bahnschrift.ttf,CBAGJWPD6YXT0RNZL49E3HSU875KFVMQ2,7,3,0,0.85,16.0,0.63662,0.603355,CBAGJWPDSYXTRNZL49ESHSUBTSKEVMG2,0.242424,0.757576,point_previews/task000107_mu000064_rho100_n0.png
1.0,64,8,license_plate_bahnschrift.ttf,CBAGJWPD6YXT0RNZL49E3HSU875KFVMQ2,7,3,1,0.85,16.0,0.63662,0.603355,CBAGJWPD4YXTRNZL49E3HSUBTSKFEVMG2,0.212121,0.787879,point_previews/task000107_mu000064_rho100_n1.png
0.1,4,8,license_plate_bahnschrift.ttf,CBAGJWPD6YXT0RNZL49E3HSU875KFVMQ2,7,7,0,0.085,5.059644,0.959381,1.907975,GSTS,0.909091,0.090909,point_previews/task000108_mu000004_rho010_n0.png
0.1,4,8,license_plate_bahnschrift.ttf,CBAGJWPD6YXT0RNZL49E3HSU875KFVMQ2,7,7,1,0.085,5.059644,0.959381,1.907975,SEENSUUACARSSESRERSP,0.909091,0.090909,point_previews/task000108_mu000004_rho010_n1.png
0.2,4,8,license_plate_bahnschrift.ttf,CBAGJWPD6YXT0RNZL49E3HSU875KFVMQ2,7,7,0,0.17,7.155418,0.919759,1.349142,SPARCENANRPETRUP,0.878788,0.121212,point_previews/task000108_mu000004_rho020_n0.png
0.2,4,8,license_plate_bahnschrift.ttf,CBAGJWPD6YXT0RNZL49E3HSU875KFVMQ2,7,7,1,0.17,7.155418,0.919759,1.349142,,1.0,0.0,point_previews/task000108_mu000004_rho020_n1.png
0.3,4,8,license_plate_bahnschrift.ttf,CBAGJWPD6YXT0RNZL49E3HSU875KFVMQ2,7,7,0,0.255,8.763561,0.881116,1.10157,SNSAABN,0.939394,0.060606,point_previews/task000108_mu000004_rho030_n0.png
0.3,4,8,license_plate_bahnschrift.ttf,CBAGJWPD6YXT0RNZL49E3HSU875KFVMQ2,7,7,1,0.255,8.763561,0.881116,1.10157,,1.0,0.0,point_previews/task000108_mu000004_rho030_n1.png
0.4,4,8,license_plate_bahnschrift.ttf,CBAGJWPD6YXT0RNZL49E3HSU875KFVMQ2,7,7,0,0.34,10.119289,0.843436,0.953987,NATHLSTGAHEESRRES,0.878788,0.121212,point_previews/task000108_mu000004_rho040_n0.png
0.4,4,8,license_plate_bahnschrift.ttf,CBAGJWPD6YXT0RNZL49E3HSU875KFVMQ2,7,7,1,0.34,10.119289,0.843436,0.953987,SRUJNLESA,0.848485,0.151515,point_previews/task000108_mu000004_rho040_n1.png
0.5,4,8,license_plate_bahnschrift.ttf,CBAGJWPD6YXT0RNZL49E3HSU875KFVMQ2,7,7,0,0.425,11.313708,0.8067,0.853272,EENATGHMECSALS,0.909091,0.090909,point_previews/task000108_mu000004_rho050_n0.png
0.5,4,8,license_plate_bahnschrift.ttf,CBAGJWPD6YXT0RNZL49E3HSU875KFVMQ2,7,7,1,0.425,11.313708,0.8067,0.853272,SAAAERERETS,0.878788,0.121212,point_previews/task000108_mu000004_rho050_n1.png
0.6,4,8,license_plate_bahnschrift.ttf,CBAGJWPD6YXT0RNZL49E3HSU875KFVMQ2,7,7,0,0.51,12.393547,0.770893,0.778927,SHSGENGEPPSCN,0.878788,0.121212,point_previews/task000108_mu000004_rho060_n0.png
0.6,4,8,license_plate_bahnschrift.ttf,CBAGJWPD6YXT0RNZL49E3HSU875KFVMQ2,7,7,1,0.51,12.393547,0.770893,0.778927,5SRANEPTFPSRNFCS,0.878788,0.121212,point_previews/task000108_mu000004_rho060_n1.png
0.7,4,8,license_plate_bahnschrift.ttf,CBAGJWPD6YXT0RNZL49E3HSU875KFVMQ2,7,7,0,0.595,13.38656,0.735998,0.721147,UAREME7PERESSP,0.878788,0.121212,point_previews/task000108_mu000004_rho070_n0.png
0.7,4,8,license_plate_bahnschrift.ttf,CBAGJWPD6YXT0RNZL49E3HSU875KFVMQ2,7,7,1,0.595,13.38656,0.735998,0.721147,RESFHEDESTCNSTUENEEEEE,0.878788,0.121212,point_previews/task000108_mu000004_rho070_n1.png
0.8,4,8,license_plate_bahnschrift.ttf,CBAGJWPD6YXT0RNZL49E3HSU875KFVMQ2,7,7,0,0.68,14.310835,0.701998,0.674571,BAGNECR,0.848485,0.151515,point_previews/task000108_mu000004_rho080_n0.png
0.8,4,8,license_plate_bahnschrift.ttf,CBAGJWPD6YXT0RNZL49E3HSU875KFVMQ2,7,7,1,0.68,14.310835,0.701998,0.674571,SBRUCDESRMEPURLGAEE,0.848485,0.151515,point_previews/task000108_mu000004_rho080_n1.png
0.9,4,8,license_plate_bahnschrift.ttf,CBAGJWPD6YXT0RNZL49E3HSU875KFVMQ2,7,7,0,0.765,15.178933,0.668877,0.635992,SEASUVETEPRDANAURNBGTENPAGS,0.939394,0.060606,point_previews/task000108_mu000004_rho090_n0.png
0.9,4,8,license_plate_bahnschrift.ttf,CBAGJWPD6YXT0RNZL49E3HSU875KFVMQ2,7,7,1,0.765,15.178933,0.668877,0.635992,UESARTERERETRTRMTNTH,0.909091,0.090909,point_previews/task000108_mu000004_rho090_n1.png
1.0,4,8,license_plate_bahnschrift.ttf,CBAGJWPD6YXT0RNZL49E3HSU875KFVMQ2,7,7,0,0.85,16.0,0.63662,0.603355,GSSUATASCMTETESC4LPER,0.878788,0.121212,point_previews/task000108_mu000004_rho100_n0.png
1.0,4,8,license_plate_bahnschrift.ttf,CBAGJWPD6YXT0RNZL49E3HSU875KFVMQ2,7,7,1,0.85,16.0,0.63662,0.603355,,1.0,0.0,point_previews/task000108_mu000004_rho100_n1.png
0.1,6,8,license_plate_bahnschrift.ttf,CBAGJWPD6YXT0RNZL49E3HSU875KFVMQ2,7,7,0,0.085,5.059644,0.959381,1.907975,SASSMPTERMCSP,0.848485,0.151515,point_previews/task000109_mu000006_rho010_n0.png
0.1,6,8,license_plate_bahnschrift.ttf,CBAGJWPD6YXT0RNZL49E3HSU875KFVMQ2,7,7,1,0.085,5.059644,0.959381,1.907975,,1.0,0.0,point_previews/task000109_mu000006_rho010_n1.png
0.2,6,8,license_plate_bahnschrift.ttf,CBAGJWPD6YXT0RNZL49E3HSU875KFVMQ2,7,7,0,0.17,7.155418,0.919759,1.349142,ASATSRHEEEBETETNURRDS,0.878788,0.121212,point_previews/task000109_mu000006_rho020_n0.png
0.2,6,8,license_plate_bahnschrift.ttf,CBAGJWPD6YXT0RNZL49E3HSU875KFVMQ2,7,7,1,0.17,7.155418,0.919759,1.349142,,1.0,0.0,point_previews/task000109_mu000006_rho020_n1.png
0.3,6,8,license_plate_bahnschrift.ttf,CBAGJWPD6YXT0RNZL49E3HSU875KFVMQ2,7,7,0,0.255,8.763561,0.881116,1.10157,SRNPYASSRETATTEE,0.878788,0.121212,point_previews/task000109_mu000006_rho030_n0.png
0.3,6,8,license_plate_bahnschrift.ttf,CBAGJWPD6YXT0RNZL49E3HSU875KFVMQ2,7,7,1,0.255,8.763561,0.881116,1.10157,SSATENSULPSARRUTSHEE,0.878788,0.121212,point_previews/task000109_mu000006_rho030_n1.png
0.4,6,8,license_plate_bahnschrift.ttf,CBAGJWPD6YXT0RNZL49E3HSU875KFVMQ2,7,7,0,0.34,10.119289,0.843436,0.953987,ESAPASMTGERCP,0.878788,0.121212,point_previews/task000109_mu000006_rho040_n0.png
0.4,6,8,license_plate_bahnschrift.ttf,CBAGJWPD6YXT0RNZL49E3HSU875KFVMQ2,7,7,1,0.34,10.119289,0.843436,0.953987,EACSETSMTER7,0.878788,0.121212,point_previews/task000109_mu000006_rho040_n1.png
0.5,6,8,license_plate_bahnschrift.ttf,CBAGJWPD6YXT0RNZL49E3HSU875KFVMQ2,7,7,0,0.425,11.313708,0.8067,0.853272,RESNGSMERCAC,0.909091,0.090909,point_previews/task000109_mu000006_rho050_n0.png
0.5,6,8,license_plate_bahnschrift.ttf,CBAGJWPD6YXT0RNZL49E3HSU875KFVMQ2,7,7,1,0.425,11.313708,0.8067,0.853272,LKCREYELRLRRRF,0.878788,0.121212,point_previews/task000109_mu000006_rho050_n1.png
0.6,6,8,license_plate_bahnschrift.ttf,CBAGJWPD6YXT0RNZL49E3HSU875KFVMQ2,7,7,0,0.51,12.393547,0.770893,0.778927,,1.0,0.0,point_previews/task000109_mu000006_rho060_n0.png
0.6,6,8,license_plate_bahnschrift.ttf,CBAGJWPD6YXT0RNZL49E3HSU875KFVMQ2,7,7,1,0.51,12.393547,0.770893,0.778927,SURCERSARARNT2ESSRR,0.878788,0.121212,point_previews/task000109_mu000006_rho060_n1.png
0.7,6,8,license_plate_bahnschrift.ttf,CBAGJWPD6YXT0RNZL49E3HSU875KFVMQ2,7,7,0,0.595,13.38656,0.735998,0.721147,CERGASHSE,0.878788,0.121212,point_previews/task000109_mu000006_rho070_n0.png
0.7,6,8,license_plate_bahnschrift.ttf,CBAGJWPD6YXT0RNZL49E3HSU875KFVMQ2,7,7,1,0.595,13.38656,0.735998,0.721147,SUARSMCRECSUEAEESSTESEFCRB,0.878788,0.121212,point_previews/task000109_mu000006_rho070_n1.png
0.8,6,8,license_plate_bahnschrift.ttf,CBAGJWPD6YXT0RNZL49E3HSU875KFVMQ2,7,7,0,0.68,14.310835,0.701998,0.674571,EPRCPRACHECDE2HE,0.909091,0.090909,point_previews/task000109_mu000006_rho080_n0.png
0.8,6,8,license_plate_bahnschrift.ttf,CBAGJWPD6YXT0RNZL49E3HSU875KFVMQ2,7,7,1,0.68,14.310835,0.701998,0.674571,SUESATUSEEATA4CDRBSS,0.909091,0.090909,point_previews/task000109_mu000006_rho080_n1.png
0.9,6,8,license_plate_bahnschrift.ttf,CBAGJWPD6YXT0RNZL49E3HSU875KFVMQ2,7,7,0,0.765,15.178933,0.668877,0.635992,SBARRPUAMERRRETSRSRES,0.818182,0.181818,point_previews/task000109_mu000006_rho090_n0.png
0.9,6,8,license_plate_bahnschrift.ttf,CBAGJWPD6YXT0RNZL49E3HSU875KFVMQ2,7,7,1,0.765,15.178933,0.668877,0.635992,EBAHEPLEYSSHANZLASESHSLBESNRE,0.69697,0.30303,point_previews/task000109_mu000006_rho090_n1.png
1.0,6,8,license_plate_bahnschrift.ttf,CBAGJWPD6YXT0RNZL49E3HSU875KFVMQ2,7,7,0,0.85,16.0,0.63662,0.603355,SBAGSPHETAEPEYSKE,0.757576,0.242424,point_previews/task000109_mu000006_rho100_n0.png
1.0,6,8,license_plate_bahnschrift.ttf,CBAGJWPD6YXT0RNZL49E3HSU875KFVMQ2,7,7,1,0.85,16.0,0.63662,0.603355,LEEPSERERNTESESSUBCERYM,0.787879,0.212121,point_previews/task000109_mu000006_rho100_n1.png
0.1,8,8,license_plate_bahnschrift.ttf,CBAGJWPD6YXT0RNZL49E3HSU875KFVMQ2,7,7,0,0.085,5.059644,0.959381,1.907975,FUSCRGNTAEDUE,0.909091,0.090909,point_previews/task000110_mu000008_rho010_n0.png
0.1,8,8,license_plate_bahnschrift.ttf,CBAGJWPD6YXT0RNZL49E3HSU875KFVMQ2,7,7,1,0.085,5.059644,0.959381,1.907975,PAPUSTNRHSSP,0.818182,0.181818,point_previews/task000110_mu000008_rho010_n1.png
0.2,8,8,license_plate_bahnschrift.ttf,CBAGJWPD6YXT0RNZL49E3HSU875KFVMQ2,7,7,0,0.17,7.155418,0.919759,1.349142,RRSSACARRUNTALSHRUE,0.878788,0.121212,point_previews/task000110_mu000008_rho020_n0.png
0.2,8,8,license_plate_bahnschrift.ttf,CBAGJWPD6YXT0RNZL49E3HSU875KFVMQ2,7,7,1,0.17,7.155418,0.919759,1.349142,BSEREBF,0.878788,0.121212,point_previews/task000110_mu000008_rho020_n1.png
0.3,8,8,license_plate_bahnschrift.ttf,CBAGJWPD6YXT0RNZL49E3HSU875KFVMQ2,7,7,0,0.255,8.763561,0.881116,1.10157,SSENESGFRESEGDASSAES,0.909091,0.090909,point_previews/task000110_mu000008_rho030_n0.png
0.3,8,8,license_plate_bahnschrift.ttf,CBAGJWPD6YXT0RNZL49E3HSU875KFVMQ2,7,7,1,0.255,8.763561,0.881116,1.10157,BEMTNRS,0.878788,0.121212,point_previews/task000110_mu000008_rho030_n1.png
0.4,8,8,license_plate_bahnschrift.ttf,CBAGJWPD6YXT0RNZL49E3HSU875KFVMQ2,7,7,0,0.34,10.119289,0.843436,0.953987,,1.0,0.0,point_previews/task000110_mu000008_rho040_n0.png
0.4,8,8,license_plate_bahnschrift.ttf,CBAGJWPD6YXT0RNZL49E3HSU875KFVMQ2,7,7,1,0.34,10.119289,0.843436,0.953987,,1.0,0.0,point_previews/task000110_mu000008_rho040_n1.png
0.5,8,8,license_plate_bahnschrift.ttf,CBAGJWPD6YXT0RNZL49E3HSU875KFVMQ2,7,7,0,0.425,11.313708,0.8067,0.853272,SRASTRBEEEARA2VAESHERSKELRDS,0.848485,0.151515,point_previews/task000110_mu000008_rho050_n0.png
0.5,8,8,license_plate_bahnschrift.ttf,CBAGJWPD6YXT0RNZL49E3HSU875KFVMQ2,7,7,1,0.425,11.313708,0.8067,0.853272,PREPS,0.878788,0.121212,point_previews/task000110_mu000008_rho050_n1.png
0.6,8,8,license_plate_bahnschrift.ttf,CBAGJWPD6YXT0RNZL49E3HSU875KFVMQ2,7,7,0,0.51,12.393547,0.770893,0.778927,SEAENGPESYRANELGUEAHSETKECRGD,0.727273,0.272727,point_previews/task000110_mu000008_rho060_n0.png
0.6,8,8,license_plate_bahnschrift.ttf,CBAGJWPD6YXT0RNZL49E3HSU875KFVMQ2,7,7,1,0.51,12.393547,0.770893,0.778927,,1.0,0.0,point_previews/task000110_mu000008_rho060_n1.png
0.7,8,8,license_plate_bahnschrift.ttf,CBAGJWPD6YXT0RNZL49E3HSU875KFVMQ2,7,7,0,0.595,13.38656,0.735998,0.721147,PBSPDSHEANZESRESMSURTARED,0.757576,0.242424,point_previews/task000110_mu000008_rho070_n0.png
0.7,8,8,license_plate_bahnschrift.ttf,CBAGJWPD6YXT0RNZL49E3HSU875KFVMQ2,7,7,1,0.595,13.38656,0.735998,0.721147,SBASEPDALTURNZLGRSHRBTGHNS2,0.666667,0.333333,point_previews/task000110_mu000008_rho070_n1.png
0.8,8,8,license_plate_bahnschrift.ttf,CBAGJWPD6YXT0RNZL49E3HSU875KFVMQ2,7,7,0,0.68,14.310835,0.701998,0.674571,SHARSLRCANSKECT,0.848485,0.151515,point_previews/task000110_mu000008_rho080_n0.png
0.8,8,8,license_plate_bahnschrift.ttf,CBAGJWPD6YXT0RNZL49E3HSU875KFVMQ2,7,7,1,0.68,14.310835,0.701998,0.674571,CBAGUNPUEYKTJRAZEASESHSHTSKEMD,0.575758,0.424242,point_previews/task000110_mu000008_rho080_n1.png
0.9,8,8,license_plate_bahnschrift.ttf,CBAGJWPD6YXT0RNZL49E3HSU875KFVMQ2,7,7,0,0.765,15.178933,0.668877,0.635992,SUBABWPUSYRTRENZLATEBRSUSTSREUME,0.636364,0.363636,point_previews/task000110_mu000008_rho090_n0.png
0.9,8,8,license_plate_bahnschrift.ttf,CBAGJWPD6YXT0RNZL49E3HSU875KFVMQ2,7,7,1,0.765,15.178933,0.668877,0.635992,CBARRARDSYRTEN2ASESHSUSSEEUMGS,0.636364,0.363636,point_previews/task000110_mu000008_rho090_n1.png
1.0,8,8,license_plate_bahnschrift.ttf,CBAGJWPD6YXT0RNZL49E3HSU875KFVMQ2,7,7,0,0.85,16.0,0.63662,0.603355,DABGMMERSNKERNZLASEGNSURTSKF,0.69697,0.30303,point_previews/task000110_mu000008_rho100_n0.png
1.0,8,8,license_plate_bahnschrift.ttf,CBAGJWPD6YXT0RNZL49E3HSU875KFVMQ2,7,7,1,0.85,16.0,0.63662,0.603355,SEAGSWPSRXTARNAEASESSURSREN,0.666667,0.333333,point_previews/task000110_mu000008_rho100_n1.png
0.1,11,8,license_plate_bahnschrift.ttf,CBAGJWPD6YXT0RNZL49E3HSU875KFVMQ2,7,7,0,0.085,5.059644,0.959381,1.907975,RPRRLATRTCLN,0.878788,0.121212,point_previews/task000111_mu000011_rho010_n0.png
0.1,11,8,license_plate_bahnschrift.ttf,CBAGJWPD6YXT0RNZL49E3HSU875KFVMQ2,7,7,1,0.085,5.059644,0.959381,1.907975,SNEDATMAESR,0.878788,0.121212,point_previews/task000111_mu000011_rho010_n1.png
0.2,11,8,license_plate_bahnschrift.ttf,CBAGJWPD6YXT0RNZL49E3HSU875KFVMQ2,7,7,0,0.17,7.155418,0.919759,1.349142,DLSPESCMERTSUSPRNEDSBSTRSP,0.909091,0.090909,point_previews/task000111_mu000011_rho020_n0.png
0.2,11,8,license_plate_bahnschrift.ttf,CBAGJWPD6YXT0RNZL49E3HSU875KFVMQ2,7,7,1,0.17,7.155418,0.919759,1.349142,BESERNSRDLNEEDACB,0.878788,0.121212,point_previews/task000111_mu000011_rho020_n1.png
0.3,11,8,license_plate_bahnschrift.ttf,CBAGJWPD6YXT0RNZL49E3HSU875KFVMQ2,7,7,0,0.255,8.763561,0.881116,1.10157,,1.0,0.0,point_previews/task000111_mu000011_rho030_n0.png
0.3,11,8,license_plate_bahnschrift.ttf,CBAGJWPD6YXT0RNZL49E3HSU875KFVMQ2,7,7,1,0.255,8.763561,0.881116,1.10157,SSGSGRPESARSEUNGPS,0.878788,0.121212,point_previews/task000111_mu000011_rho030_n1.png
0.4,11,8,license_plate_bahnschrift.ttf,CBAGJWPD6YXT0RNZL49E3HSU875KFVMQ2,7,7,0,0.34,10.119289,0.843436,0.953987,3BAGTPRSTAAECREESNSUEGS,0.757576,0.242424,point_previews/task000111_mu000011_rho040_n0.png
0.4,11,8,license_plate_bahnschrift.ttf,CBAGJWPD6YXT0RNZL49E3HSU875KFVMQ2,7,7,1,0.34,10.119289,0.843436,0.953987,,1.0,0.0,point_previews/task000111_mu000011_rho040_n1.png
0.5,11,8,license_plate_bahnschrift.ttf,CBAGJWPD6YXT0RNZL49E3HSU875KFVMQ2,7,7,0,0.425,11.313708,0.8067,0.853272,EBAGWNPDEATDRNBSESHSUATAKS,0.606061,0.393939,point_previews/task000111_mu000011_rho050_n0.png
0.5,11,8,license_plate_bahnschrift.ttf,CBAGJWPD6YXT0RNZL49E3HSU875KFVMQ2,7,7,1,0.425,11.313708,0.8067,0.853272,CEENAGGRMEEASEABSUBTERPURG2,0.818182,0.181818,point_previews/task000111_mu000011_rho050_n1.png
0.6,11,8,license_plate_bahnschrift.ttf,CBAGJWPD6YXT0RNZL49E3HSU875KFVMQ2,7,7,0,0.51,12.393547,0.770893,0.778927,ABUGANESTRANTEBHSNREEG,0.787879,0.212121,point_previews/task000111_mu000011_rho060_n0.png
0.6,11,8,license_plate_bahnschrift.ttf,CBAGJWPD6YXT0RNZL49E3HSU875KFVMQ2,7,7,1,0.51,12.393547,0.770893,0.778927,DBAGWARSEERACDRUESHSTBTSHEKE,0.757576,0.242424,point_previews/task000111_mu000011_rho060_n1.png
0.7,11,8,license_plate_bahnschrift.ttf,CBAGJWPD6YXT0RNZL49E3HSU875KFVMQ2,7,7,0,0.595,13.38656,0.735998,0.721147,CBAGAWPGSYRAZLAFSBHSUBTSKRUR,0.575758,0.424242,point_previews/task000111_mu000011_rho070_n0.png
0.7,11,8,license_plate_bahnschrift.ttf,CBAGJWPD6YXT0RNZL49E3HSU875KFVMQ2,7,7,1,0.595,13.38656,0.735998,0.721147,,1.0,0.0,point_previews/task000111_mu000011_rho070_n1.png
0.8,11,8,license_plate_bahnschrift.ttf,CBAGJWPD6YXT0RNZL49E3HSU875KFVMQ2,7,7,0,0.68,14.310835,0.701998,0.674571,CBREAGRDATURHALLESHBUBTREVMGZ,0.666667,0.333333,point_previews/task000111_mu000011_rho080_n0.png
0.8,11,8,license_plate_bahnschrift.ttf,CBAGJWPD6YXT0RNZL49E3HSU875KFVMQ2,7,7,1,0.68,14.310835,0.701998,0.674571,SBAGWPGXTSRNTLSUCSRSUBTSKEVMG,0.545455,0.454545,point_previews/task000111_mu000011_rho080_n1.png
0.9,11,8,license_plate_bahnschrift.ttf,CBAGJWPD6YXT0RNZL49E3HSU875KFVMQ2,7,7,0,0.765,15.178933,0.668877,0.635992,SBAGWRBATKYGRNZLAGEARSUBTSRUMGZ,0.636364,0.363636,point_previews/task000111_mu000011_rho090_n0.png
0.9,11,8,license_plate_bahnschrift.ttf,CBAGJWPD6YXT0RNZL49E3HSU875KFVMQ2,7,7,1,0.765,15.178933,0.668877,0.635992,CBAGHEPRLYRTERNZLRVETHSUBTEREYG2,0.515152,0.484848,point_previews/task000111_mu000011_rho090_n1.png
1.0,11,8,license_plate_bahnschrift.ttf,CBAGJWPD6YXT0RNZL49E3HSU875KFVMQ2,7,7,0,0.85,16.0,0.63662,0.603355,CBAGTWPDSYEFGRATESESHSUBTSKEHDE,0.575758,0.424242,point_previews/task000111_mu000011_rho100_n0.png
1.0,11,8,license_plate_bahnschrift.ttf,CBAGJWPD6YXT0RNZL49E3HSU875KFVMQ2,7,7,1,0.85,16.0,0.63662,0.603355,,1.0,0.0,point_previews/task000111_mu000011_rho100_n1.png
0.1,16,8,license_plate_bahnschrift.ttf,CBAGJWPD6YXT0RNZL49E3HSU875KFVMQ2,7,7,0,0.085,5.059644,0.959381,1.907975,,1.0,0.0,point_previews/task000112_mu000016_rho010_n0.png
0.1,16,8,license_plate_bahnschrift.ttf,CBAGJWPD6YXT0RNZL49E3HSU875KFVMQ2,7,7,1,0.085,5.059644,0.959381,1.907975,SGRPPLGSBEAR,0.878788,0.121212,point_previews/task000112_mu000016_rho010_n1.png
0.2,16,8,license_plate_bahnschrift.ttf,CBAGJWPD6YXT0RNZL49E3HSU875KFVMQ2,7,7,0,0.17,7.155418,0.919759,1.349142,LRARPRARMACETSHAYESGES,0.848485,0.151515,point_previews/task000112_mu000016_rho020_n0.png
0.2,16,8,license_plate_bahnschrift.ttf,CBAGJWPD6YXT0RNZL49E3HSU875KFVMQ2,7,7,1,0.17,7.155418,0.919759,1.349142,ANSSAPUEYRATRNHGUAARRTREMEE,0.818182,0.181818,point_previews/task000112_mu000016_rho020_n1.png
0.3,16,8,license_plate_bahnschrift.ttf,CBAGJWPD6YXT0RNZL49E3HSU875KFVMQ2,7,7,0,0.255,8.763561,0.881116,1.10157,PRAGUNEGSESNZLAQE9HMAG,0.757576,0.242424,point_previews/task000112_mu000016_rho030_n0.png
0.3,16,8,license_plate_bahnschrift.ttf,CBAGJWPD6YXT0RNZL49E3HSU875KFVMQ2,7,7,1,0.255,8.763561,0.881116,1.10157,CBAGAPEEYDRAASRHGCANSKBAG2,0.69697,0.30303,point_previews/task000112_mu000016_rho030_n1.png
0.4,16,8,license_plate_bahnschrift.ttf,CBAGJWPD6YXT0RNZL49E3HSU875KFVMQ2,7,7,0,0.34,10.119289,0.843436,0.953987,CRAGUWPURYESGRNALLTESHSUETSCED,0.606061,0.393939,point_previews/task000112_mu000016_rho040_n0.png
0.4,16,8,license_plate_bahnschrift.ttf,CBAGJWPD6YXT0RNZL49E3HSU875KFVMQ2,7,7,1,0.34,10.119289,0.843436,0.953987,,1.0,0.0,point_previews/task000112_mu000016_rho040_n1.png
0.5,16,8,license_plate_bahnschrift.ttf,CBAGJWPD6YXT0RNZL49E3HSU875KFVMQ2,7,7,0,0.425,11.313708,0.8067,0.853272,CBAGMPUATUSNELAECASHBSKEVEGE,0.636364,0.363636,point_previews/task000112_mu000016_rho050_n0.png
0.5,16,8,license_plate_bahnschrift.ttf,CBAGJWPD6YXT0RNZL49E3HSU875KFVMQ2,7,7,1,0.425,11.313708,0.8067,0.853272,ERABWPUAYTGRMZLAGESHSLGEKEVNZ5,0.606061,0.393939,point_previews/task000112_mu000016_rho050_n1.png
0.6,16,8,license_plate_bahnschrift.ttf,CBAGJWPD6YXT0RNZL49E3HSU875KFVMQ2,7,7,0,0.51,12.393547,0.770893,0.778927,CBABJUPBEMATQRNZLESESHSUSTSKEVMG2,0.454545,0.545455,point_previews/task000112_mu000016_rho060_n0.png
0.6,16,8,license_plate_bahnschrift.ttf,CBAGJWPD6YXT0RNZL49E3HSU875KFVMQ2,7,7,1,0.51,12.393547,0.770893,0.778927,GRAGMPDEYWPDRS2LASESHSUSTSREYMDS,0.636364,0.363636,point_previews/task000112_mu000016_rho060_n1.png
0.7,16,8,license_plate_bahnschrift.ttf,CBAGJWPD6YXT0RNZL49E3HSU875KFVMQ2,7,7,0,0.595,13.38656,0.735998,0.721147,CAAGUWPDALKTQRNZLASESHSUB7SEEVMZ,0.454545,0.545455,point_previews/task000112_mu000016_rho070_n0.png
0.7,16,8,license_plate_bahnschrift.ttf,CBAGJWPD6YXT0RNZL49E3HSU875KFVMQ2,7,7,1,0.595,13.38656,0.735998,0.721147,CBAGJVERBSYRTRNZLEGSESHSUBTSKEVRG2,0.515152,0.484848,point_previews/task000112_mu000016_rho070_n1.png
0.8,16,8,license_plate_bahnschrift.ttf,CBAGJWPD6YXT0RNZL49E3HSU875KFVMQ2,7,7,0,0.68,14.310835,0.701998,0.674571,CRAGJWP0SYKTARNZLEVESHSUBTSKEYMG2,0.424242,0.575758,point_previews/task000112_mu000016_rho080_n0.png
0.8,16,8,license_plate_bahnschrift.ttf,CBAGJWPD6YXT0RNZL49E3HSU875KFVMQ2,7,7,1,0.68,14.310835,0.701998,0.674571,CBRAGWPSEYCSENZLAVESHSUBTSKEVMD2,0.484848,0.515152,point_previews/task000112_mu000016_rho080_n1.png
0.9,16,8,license_plate_bahnschrift.ttf,CBAGJWPD6YXT0RNZL49E3HSU875KFVMQ2,7,7,0,0.765,15.178933,0.668877,0.635992,CBAGSWPGSYXTRNZLASETHSUBYSKEYMDZ,0.424242,0.575758,point_previews/task000112_mu000016_rho090_n0.png
0.9,16,8,license_plate_bahnschrift.ttf,CBAGJWPD6YXT0RNZL49E3HSU875KFVMQ2,7,7,1,0.765,15.178933,0.668877,0.635992,,1.0,0.0,point_previews/task000112_mu000016_rho090_n1.png
1.0,16,8,license_plate_bahnschrift.ttf,CBAGJWPD6YXT0RNZL49E3HSU875KFVMQ2,7,7,0,0.85,16.0,0.63662,0.603355,,1.0,0.0,point_previews/task000112_mu000016_rho100_n0.png
1.0,16,8,license_plate_bahnschrift.ttf,CBAGJWPD6YXT0RNZL49E3HSU875KFVMQ2,7,7,1,0.85,16.0,0.63662,0.603355,,1.0,0.0,point_previews/task000112_mu000016_rho100_n1.png
0.1,23,8,license_plate_bahnschrift.ttf,CBAGJWPD6YXT0RNZL49E3HSU875KFVMQ2,7,7,0,0.085,5.059644,0.959381,1.907975,ARRPUNPREELSTGUSLEGUYSR,0.848485,0.151515,point_previews/task000113_mu000023_rho010_n0.png
0.1,23,8,license_plate_bahnschrift.ttf,CBAGJWPD6YXT0RNZL49E3HSU875KFVMQ2,7,7,1,0.085,5.059644,0.959381,1.907975,ERSELTUPESPNEALUETPRLKERE,0.909091,0.090909,point_previews/task000113_mu000023_rho010_n1.png
0.2,23,8,license_plate_bahnschrift.ttf,CBAGJWPD6YXT0RNZL49E3HSU875KFVMQ2,7,7,0,0.17,7.155418,0.919759,1.349142,,1.0,0.0,point_previews/task000113_mu000023_rho020_n0.png
0.2,23,8,license_plate_bahnschrift.ttf,CBAGJWPD6YXT0RNZL49E3HSU875KFVMQ2,7,7,1,0.17,7.155418,0.919759,1.349142,CBSVEPDSYPPURAAEREASURTAVS,0.69697,0.30303,point_previews/task000113_mu000023_rho020_n1.png
0.3,23,8,license_plate_bahnschrift.ttf,CBAGJWPD6YXT0RNZL49E3HSU875KFVMQ2,7,7,0,0.255,8.763561,0.881116,1.10157,CHAGWPRBANZELSESHSUBTSKEV,0.606061,0.393939,point_previews/task000113_mu000023_rho030_n0.png
0.3,23,8,license_plate_bahnschrift.ttf,CBAGJWPD6YXT0RNZL49E3HSU875KFVMQ2,7,7,1,0.255,8.763561,0.881116,1.10157,CBASWPNGCURNZEAESHSUTMEVM,0.575758,0.424242,point_previews/task000113_mu000023_rho030_n1.png
0.4,23,8,license_plate_bahnschrift.ttf,CBAGJWPD6YXT0RNZL49E3HSU875KFVMQ2,7,7,0,0.34,10.119289,0.843436,0.953987,CERGJWPRGEXFDRNZLASESHSUTAREVMG2,0.484848,0.515152,point_previews/task000113_mu000023_rho040_n0.png
0.4,23,8,license_plate_bahnschrift.ttf,CBAGJWPD6YXT0RNZL49E3HSU875KFVMQ2,7,7,1,0.34,10.119289,0.843436,0.953987,CRAGWPURYMGRNZEBETPSBTEREYND,0.666667,0.333333,point_previews/task000113_mu000023_rho040_n1.png
0.5,23,8,license_plate_bahnschrift.ttf,CBAGJWPD6YXT0RNZL49E3HSU875KFVMQ2,7,7,0,0.425,11.313708,0.8067,0.853272,CHAGWPDSYRTDANELAFESHSUBREKENMGZ,0.515152,0.484848,point_previews/task000113_mu000023_rho050_n0.png
0.5,23,8,license_plate_bahnschrift.ttf,CBAGJWPD6YXT0RNZL49E3HSU875KFVMQ2,7,7,1,0.425,11.313708,0.8067,0.853272,CBAGJWPDEYXTCRNZLASETHSUBTSKEWMGZ,0.363636,0.636364,point_previews/task000113_mu000023_rho050_n1.png
0.6,23,8,license_plate_bahnschrift.ttf,CBAGJWPD6YXT0RNZL49E3HSU875KFVMQ2,7,7,0,0.51,12.393547,0.770893,0.778927,,1.0,0.0,point_previews/task000113_mu000023_rho060_n0.png
0.6,23,8,license_plate_bahnschrift.ttf,CBAGJWPD6YXT0RNZL49E3HSU875KFVMQ2,7,7,1,0.51,12.393547,0.770893,0.778927,CBAGTWPHSYRTBRNZLASESHSUBTSKEVMG2,0.393939,0.606061,point_previews/task000113_mu000023_rho060_n1.png
0.7,23,8,license_plate_bahnschrift.ttf,CBAGJWPD6YXT0RNZL49E3HSU875KFVMQ2,7,7,0,0.595,13.38656,0.735998,0.721147,,1.0,0.0,point_previews/task000113_mu000023_rho070_n0.png
0.7,23,8,license_plate_bahnschrift.ttf,CBAGJWPD6YXT0RNZL49E3HSU875KFVMQ2,7,7,1,0.595,13.38656,0.735998,0.721147,CBAGJWRDAYXTARNZLASESHSUSTSKEVMG2,0.333333,0.666667,point_previews/task000113_mu000023_rho070_n1.png
0.8,23,8,license_plate_bahnschrift.ttf,CBAGJWPD6YXT0RNZL49E3HSU875KFVMQ2,7,7,0,0.68,14.310835,0.701998,0.674571,CRAGUWPDAYXTRNZLASESASUBTSKEVMG2,0.393939,0.606061,point_previews/task000113_mu000023_rho080_n0.png
0.8,23,8,license_plate_bahnschrift.ttf,CBAGJWPD6YXT0RNZL49E3HSU875KFVMQ2,7,7,1,0.68,14.310835,0.701998,0.674571,CBAGWPBSYXTURNZLASESHSUSFSKEVMQZ,0.363636,0.636364,point_previews/task000113_mu000023_rho080_n1.png
0.9,23,8,license_plate_bahnschrift.ttf,CBAGJWPD6YXT0RNZL49E3HSU875KFVMQ2,7,7,0,0.765,15.178933,0.668877,0.635992,,1.0,0.0,point_previews/task000113_mu000023_rho090_n0.png
0.9,23,8,license_plate_bahnschrift.ttf,CBAGJWPD6YXT0RNZL49E3HSU875KFVMQ2,7,7,1,0.765,15.178933,0.668877,0.635992,,1.0,0.0,point_previews/task000113_mu000023_rho090_n1.png
1.0,23,8,license_plate_bahnschrift.ttf,CBAGJWPD6YXT0RNZL49E3HSU875KFVMQ2,7,7,0,0.85,16.0,0.63662,0.603355,,1.0,0.0,point_previews/task000113_mu000023_rho100_n0.png
1.0,23,8,license_plate_bahnschrift.ttf,CBAGJWPD6YXT0RNZL49E3HSU875KFVMQ2,7,7,1,0.85,16.0,0.63662,0.603355,CBAGAWPDEYXTGRNZLGSESHSUBTSKEYMG2,0.363636,0.636364,point_previews/task000113_mu000023_rho100_n1.png
0.1,32,8,license_plate_bahnschrift.ttf,CBAGJWPD6YXT0RNZL49E3HSU875KFVMQ2,7,7,0,0.085,5.059644,0.959381,1.907975,BT04RUELANRSTANTS,0.848485,0.151515,point_previews/task000114_mu000032_rho010_n0.png
0.1,32,8,license_plate_bahnschrift.ttf,CBAGJWPD6YXT0RNZL49E3HSU875KFVMQ2,7,7,1,0.085,5.059644,0.959381,1.907975,SARRRRGSRAELGSM,0.848485,0.151515,point_previews/task000114_mu000032_rho010_n1.png
0.2,32,8,license_plate_bahnschrift.ttf,CBAGJWPD6YXT0RNZL49E3HSU875KFVMQ2,7,7,0,0.17,7.155418,0.919759,1.349142,CRAGWPDGYRTUBNELGFESHSHBTKEMME,0.545455,0.454545,point_previews/task000114_mu000032_rho020_n0.png
0.2,32,8,license_plate_bahnschrift.ttf,CBAGJWPD6YXT0RNZL49E3HSU875KFVMQ2,7,7,1,0.17,7.155418,0.919759,1.349142,CRGEWHSSECTDRNZSRSHSUSTSHEVM,0.636364,0.363636,point_previews/task000114_mu000032_rho020_n1.png
0.3,32,8,license_plate_bahnschrift.ttf,CBAGJWPD6YXT0RNZL49E3HSU875KFVMQ2,7,7,0,0.255,8.763561,0.881116,1.10157,,1.0,0.0,point_previews/task000114_mu000032_rho030_n0.png
0.3,32,8,license_plate_bahnschrift.ttf,CBAGJWPD6YXT0RNZL49E3HSU875KFVMQ2,7,7,1,0.255,8.763561,0.881116,1.10157,CBAGWPSTQRNZLYEAHSUBTSKEYMEZ,0.484848,0.515152,point_previews/task000114_mu000032_rho030_n1.png
0.4,32,8,license_plate_bahnschrift.ttf,CBAGJWPD6YXT0RNZL49E3HSU875KFVMQ2,7,7,0,0.34,10.119289,0.843436,0.953987,CBAGJWPGSYXTRNZEATESHSUBTSKEVMQZ,0.363636,0.636364,point_previews/task000114_mu000032_rho040_n0.png
0.4,32,8,license_plate_bahnschrift.ttf,CBAGJWPD6YXT0RNZL49E3HSU875KFVMQ2,7,7,1,0.34,10.119289,0.843436,0.953987,CBAGJWPDSYXTURNZLGPESHSUATSKEYM2,0.333333,0.666667,point_previews/task000114_mu000032_rho040_n1.png
0.5,32,8,license_plate_bahnschrift.ttf,CBAGJWPD6YXT0RNZL49E3HSU875KFVMQ2,7,7,0,0.425,11.313708,0.8067,0.853272,CBAGJWPUSYXTURNZLASESHSUBTSKEYMGZ,0.393939,0.606061,point_previews/task000114_mu000032_rho050_n0.png
0.5,32,8,license_plate_bahnschrift.ttf,CBAGJWPD6YXT0RNZL49E3HSU875KFVMQ2,7,7,1,0.425,11.313708,0.8067,0.853272,,1.0,0.0,point_previews/task000114_mu000032_rho050_n1.png
0.6,32,8,license_plate_bahnschrift.ttf,CBAGJWPD6YXT0RNZL49E3HSU875KFVMQ2,7,7,0,0.51,12.393547,0.770893,0.778927,,1.0,0.0,point_previews/task000114_mu000032_rho060_n0.png
0.6,32,8,license_plate_bahnschrift.ttf,CBAGJWPD6YXT0RNZL49E3HSU875KFVMQ2,7,7,1,0.51,12.393547,0.770893,0.778927,,1.0,0.0,point_previews/task000114_mu000032_rho060_n1.png
0.7,32,8,license_plate_bahnschrift.ttf,CBAGJWPD6YXT0RNZL49E3HSU875KFVMQ2,7,7,0,0.595,13.38656,0.735998,0.721147,,1.0,0.0,point_previews/task000114_mu000032_rho070_n0.png
0.7,32,8,license_plate_bahnschrift.ttf,CBAGJWPD6YXT0RNZL49E3HSU875KFVMQ2,7,7,1,0.595,13.38656,0.735998,0.721147,CBAGJWPDSYXTURNZLGESHSUBTSKEYMG2,0.333333,0.666667,point_previews/task000114_mu000032_rho070_n1.png
0.8,32,8,license_plate_bahnschrift.ttf,CBAGJWPD6YXT0RNZL49E3HSU875KFVMQ2,7,7,0,0.68,14.310835,0.701998,0.674571,CBAGJWPDSYXTCRNZLASESHSUBTSKEYMG2,0.333333,0.666667,point_previews/task000114_mu000032_rho080_n0.png
0.8,32,8,license_plate_bahnschrift.ttf,CBAGJWPD6YXT0RNZL49E3HSU875KFVMQ2,7,7,1,0.68,14.310835,0.701998,0.674571,,1.0,0.0,point_previews/task000114_mu000032_rho080_n1.png
0.9,32,8,license_plate_bahnschrift.ttf,CBAGJWPD6YXT0RNZL49E3HSU875KFVMQ2,7,7,0,0.765,15.178933,0.668877,0.635992,CBAGJWPDSYXTGRNZLA9ESHSUBTSKFYMQZ,0.272727,0.727273,point_previews/task000114_mu000032_rho090_n0.png
0.9,32,8,license_plate_bahnschrift.ttf,CBAGJWPD6YXT0RNZL49E3HSU875KFVMQ2,7,7,1,0.765,15.178933,0.668877,0.635992,CBAGJWPDSYXTURNZLAESHSUBTSKEVMQ2,0.272727,0.727273,point_previews/task000114_mu000032_rho090_n1.png
1.0,32,8,license_plate_bahnschrift.ttf,CBAGJWPD6YXT0RNZL49E3HSU875KFVMQ2,7,7,0,0.85,16.0,0.63662,0.603355,CBAGJWPDEYXTURNZL49ESHSUBTSKEVMQ2,0.212121,0.787879,point_previews/task000114_mu000032_rho100_n0.png
1.0,32,8,license_plate_bahnschrift.ttf,CBAGJWPD6YXT0RNZL49E3HSU875KFVMQ2,7,7,1,0.85,16.0,0.63662,0.603355,CBAGJWPDSYXTRNZL4YEFHSUBTSKEVMQZ,0.272727,0.727273,point_previews/task000114_mu000032_rho100_n1.png
0.1,45,8,license_plate_bahnschrift.ttf,CBAGJWPD6YXT0RNZL49E3HSU875KFVMQ2,7,7,0,0.085,5.059644,0.959381,1.907975,,1.0,0.0,point_previews/task000115_mu000045_rho010_n0.png
0.1,45,8,license_plate_bahnschrift.ttf,CBAGJWPD6YXT0RNZL49E3HSU875KFVMQ2,7,7,1,0.085,5.059644,0.959381,1.907975,UGRACSWPYRURN2CAJSZASHSTSKEMAS,0.757576,0.242424,point_previews/task000115_mu000045_rho010_n1.png
0.2,45,8,license_plate_bahnschrift.ttf,CBAGJWPD6YXT0RNZL49E3HSU875KFVMQ2,7,7,0,0.17,7.155418,0.919759,1.349142,,1.0,0.0,point_previews/task000115_mu000045_rho020_n0.png
0.2,45,8,license_plate_bahnschrift.ttf,CBAGJWPD6YXT0RNZL49E3HSU875KFVMQ2,7,7,1,0.17,7.155418,0.919759,1.349142,,1.0,0.0,point_previews/task000115_mu000045_rho020_n1.png
0.3,45,8,license_plate_bahnschrift.ttf,CBAGJWPD6YXT0RNZL49E3HSU875KFVMQ2,7,7,0,0.255,8.763561,0.881116,1.10157,CBAGJWPDSYXTURNELYPESHSUBTSKEVMA2,0.333333,0.666667,point_previews/task000115_mu000045_rho030_n0.png
0.3,45,8,license_plate_bahnschrift.ttf,CBAGJWPD6YXT0RNZL49E3HSU875KFVMQ2,7,7,1,0.255,8.763561,0.881116,1.10157,CAAGJWPDGYXTURNZLASEBHSUBTSKEYMGE,0.393939,0.606061,point_previews/task000115_mu000045_rho030_n1.png
0.4,45,8,license_plate_bahnschrift.ttf,CBAGJWPD6YXT0RNZL49E3HSU875KFVMQ2,7,7,0,0.34,10.119289,0.843436,0.953987,CAAGUWPD4YXTRNZLASESHSUBTSKEYMGZ,0.424242,0.575758,point_previews/task000115_mu000045_rho040_n0.png
0.4,45,8,license_plate_bahnschrift.ttf,CBAGJWPD6YXT0RNZL49E3HSU875KFVMQ2,7,7,1,0.34,10.119289,0.843436,0.953987,,1.0,0.0,point_previews/task000115_mu000045_rho040_n1.png
0.5,45,8,license_plate_bahnschrift.ttf,CBAGJWPD6YXT0RNZL49E3HSU875KFVMQ2,7,7,0,0.425,11.313708,0.8067,0.853272,,1.0,0.0,point_previews/task000115_mu000045_rho050_n0.png
0.5,45,8,license_plate_bahnschrift.ttf,CBAGJWPD6YXT0RNZL49E3HSU875KFVMQ2,7,7,1,0.425,11.313708,0.8067,0.853272,CBAGJWPDSYXTURNZLASESHSUBTSKEVMG2,0.30303,0.69697,point_previews/task000115_mu000045_rho050_n1.png
0.6,45,8,license_plate_bahnschrift.ttf,CBAGJWPD6YXT0RNZL49E3HSU875KFVMQ2,7,7,0,0.51,12.393547,0.770893,0.778927,CBAGJWPDSYXTURNZLA49ESHSUBTSKFYM2,0.272727,0.727273,point_previews/task000115_mu000045_rho060_n0.png
0.6,45,8,license_plate_bahnschrift.ttf,CBAGJWPD6YXT0RNZL49E3HSU875KFVMQ2,7,7,1,0.51,12.393547,0.770893,0.778927,CBAGJWPDSYXTURNZLASESHSUBTSKEYMQ2,0.30303,0.69697,point_previews/task000115_mu000045_rho060_n1.png
0.7,45,8,license_plate_bahnschrift.ttf,CBAGJWPD6YXT0RNZL49E3HSU875KFVMQ2,7,7,0,0.595,13.38656,0.735998,0.721147,CBAGJWPDEYXTURNZLA9ESHSUBTSKEVMG2,0.272727,0.727273,point_previews/task000115_mu000045_rho070_n0.png
0.7,45,8,license_plate_bahnschrift.ttf,CBAGJWPD6YXT0RNZL49E3HSU875KFVMQ2,7,7,1,0.595,13.38656,0.735998,0.721147,CBAGJWPDSYXTURNZL49ESHSUBTSKEVMG2,0.242424,0.757576,point_previews/task000115_mu000045_rho070_n1.png
0.8,45,8,license_plate_bahnschrift.ttf,CBAGJWPD6YXT0RNZL49E3HSU875KFVMQ2,7,7,0,0.68,14.310835,0.701998,0.674571,CBAGJWPDAYXTARNZL49E3HSUSTSKEVMG2,0.212121,0.787879,point_previews/task000115_mu000045_rho080_n0.png
0.8,45,8,license_plate_bahnschrift.ttf,CBAGJWPD6YXT0RNZL49E3HSU875KFVMQ2,7,7,1,0.68,14.310835,0.701998,0.674571,CBAGJWPDEYXTRNZLASESHSUBTSKEYMQ2,0.30303,0.69697,point_previews/task000115_mu000045_rho080_n1.png
0.9,45,8,license_plate_bahnschrift.ttf,CBAGJWPD6YXT0RNZL49E3HSU875KFVMQ2,7,7,0,0.765,15.178933,0.668877,0.635992,CBAGJWPDEYXTURNZL49E3HSUBTSKEVMG2,0.212121,0.787879,point_previews/task000115_mu000045_rho090_n0.png
0.9,45,8,license_plate_bahnschrift.ttf,CBAGJWPD6YXT0RNZL49E3HSU875KFVMQ2,7,7,1,0.765,15.178933,0.668877,0.635992,CBAGJWPDSYXTRNZLASESHSUBTSKEVMU2,0.30303,0.69697,point_previews/task000115_mu000045_rho090_n1.png
1.0,45,8,license_plate_bahnschrift.ttf,CBAGJWPD6YXT0RNZL49E3HSU875KFVMQ2,7,7,0,0.85,16.0,0.63662,0.603355,CBAGJWPDSYXTRNZL49ESHSUBTSKEVMG2,0.242424,0.757576,point_previews/task000115_mu000045_rho100_n0.png
1.0,45,8,license_plate_bahnschrift.ttf,CBAGJWPD6YXT0RNZL49E3HSU875KFVMQ2,7,7,1,0.85,16.0,0.63662,0.603355,CBAGJWPDSYXTRNZL49ESHSUBTSKEYMQ2,0.242424,0.757576,point_previews/task000115_mu000045_rho100_n1.png
0.1,64,8,license_plate_bahnschrift.ttf,CBAGJWPD6YXT0RNZL49E3HSU875KFVMQ2,7,7,0,0.085,5.059644,0.959381,1.907975,,1.0,0.0,point_previews/task000116_mu000064_rho010_n0.png
0.1,64,8,license_plate_bahnschrift.ttf,CBAGJWPD6YXT0RNZL49E3HSU875KFVMQ2,7,7,1,0.085,5.059644,0.959381,1.907975,CRARWPHSCREA4ERE,0.787879,0.212121,point_previews/task000116_mu000064_rho010_n1.png
0.2,64,8,license_plate_bahnschrift.ttf,CBAGJWPD6YXT0RNZL49E3HSU875KFVMQ2,7,7,0,0.17,7.155418,0.919759,1.349142,CBAGJWPDSYXTRNZLZSEGHSURTEKEUMG2,0.333333,0.666667,point_previews/task000116_mu000064_rho020_n0.png
0.2,64,8,license_plate_bahnschrift.ttf,CBAGJWPD6YXT0RNZL49E3HSU875KFVMQ2,7,7,1,0.17,7.155418,0.919759,1.349142,GBAGJWPDSYXTURNZE4EESHSDBTEKFUMGZ,0.393939,0.606061,point_previews/task000116_mu000064_rho020_n1.png
0.3,64,8,license_plate_bahnschrift.ttf,CBAGJWPD6YXT0RNZL49E3HSU875KFVMQ2,7,7,0,0.255,8.763561,0.881116,1.10157,CBAGJWPDEYXTBRNZLA9ESHSUBTSKEYM2,0.30303,0.69697,point_previews/task000116_mu000064_rho030_n0.png
0.3,64,8,license_plate_bahnschrift.ttf,CBAGJWPD6YXT0RNZL49E3HSU875KFVMQ2,7,7,1,0.255,8.763561,0.881116,1.10157,,1.0,0.0,point_previews/task000116_mu000064_rho030_n1.png
0.4,64,8,license_plate_bahnschrift.ttf,CBAGJWPD6YXT0RNZL49E3HSU875KFVMQ2,7,7,0,0.34,10.119289,0.843436,0.953987,CBAGJWPDSYXTCRNZLGSESHSUB7SKEVMG2,0.272727,0.727273,point_previews/task000116_mu000064_rho040_n0.png
0.4,64,8,license_plate_bahnschrift.ttf,CBAGJWPD6YXT0RNZL49E3HSU875KFVMQ2,7,7,1,0.34,10.119289,0.843436,0.953987,CBAGJWPDSYXTRNZLATESHSUBTSKEVMGZ,0.333333,0.666667,point_previews/task000116_mu000064_rho040_n1.png
0.5,64,8,license_plate_bahnschrift.ttf,CBAGJWPD6YXT0RNZL49E3HSU875KFVMQ2,7,7,0,0.425,11.313708,0.8067,0.853272,CBAGJWPDSYXTCRNZL49ESHSUBTSKEVMQ2,0.212121,0.787879,point_previews/task000116_mu000064_rho050_n0.png
0.5,64,8,license_plate_bahnschrift.ttf,CBAGJWPD6YXT0RNZL49E3HSU875KFVMQ2,7,7,1,0.425,11.313708,0.8067,0.853272,CBAGJWPDSYXTRNZL49ESHSUBTSKEVMG2,0.242424,0.757576,point_previews/task000116_mu000064_rho050_n1.png
0.6,64,8,license_plate_bahnschrift.ttf,CBAGJWPD6YXT0RNZL49E3HSU875KFVMQ2,7,7,0,0.51,12.393547,0.770893,0.778927,CBAGJWPD6YXTRNZL49E3HSUB75KEYMQ2,0.121212,0.878788,point_previews/task000116_mu000064_rho060_n0.png
0.6,64,8,license_plate_bahnschrift.ttf,CBAGJWPD6YXT0RNZL49E3HSU875KFVMQ2,7,7,1,0.51,12.393547,0.770893,0.778927,CBAGJWPDSYKTRNZLA9ESHSUBTSKEYMG2,0.333333,0.666667,point_previews/task000116_mu000064_rho060_n1.png
0.7,64,8,license_plate_bahnschrift.ttf,CBAGJWPD6YXT0RNZL49E3HSU875KFVMQ2,7,7,0,0.595,13.38656,0.735998,0.721147,CBAGJWPD4YXTGRN2ZL49ESHSUB7SKEVMQZ,0.242424,0.757576,point_previews/task000116_mu000064_rho070_n0.png
0.7,64,8,license_plate_bahnschrift.ttf,CBAGJWPD6YXT0RNZL49E3HSU875KFVMQ2,7,7,1,0.595,13.38656,0.735998,0.721147,CBAGJWPDSYXTRNZL4SESHSUBTSKEVMQ2,0.242424,0.757576,point_previews/task000116_mu000064_rho070_n1.png
0.8,64,8,license_plate_bahnschrift.ttf,CBAGJWPD6YXT0RNZL49E3HSU875KFVMQ2,7,7,0,0.68,14.310835,0.701998,0.674571,CBAGJWPD4YXTRNZL49ESHSUBTSKEVMQ2,0.212121,0.787879,point_previews/task000116_mu000064_rho080_n0.png
0.8,64,8,license_plate_bahnschrift.ttf,CBAGJWPD6YXT0RNZL49E3HSU875KFVMQ2,7,7,1,0.68,14.310835,0.701998,0.674571,CBAGJWPDSYXTRNZL49ESHSUBTSKFEYMQ2,0.242424,0.757576,point_previews/task000116_mu000064_rho080_n1.png
0.9,64,8,license_plate_bahnschrift.ttf,CBAGJWPD6YXT0RNZL49E3HSU875KFVMQ2,7,7,0,0.765,15.178933,0.668877,0.635992,CBAGJWPD4YXTRNZL49E3HSUBTSKEYMQ2,0.212121,0.787879,point_previews/task000116_mu000064_rho090_n0.png
0.9,64,8,license_plate_bahnschrift.ttf,CBAGJWPD6YXT0RNZL49E3HSU875KFVMQ2,7,7,1,0.765,15.178933,0.668877,0.635992,CBAGJWPD6YXTRNZL49E3HSUB75KEVMG2,0.121212,0.878788,point_previews/task000116_mu000064_rho090_n1.png
1.0,64,8,license_plate_bahnschrift.ttf,CBAGJWPD6YXT0RNZL49E3HSU875KFVMQ2,7,7,0,0.85,16.0,0.63662,0.603355,CBAGJWPDSYXTURNZL49ESHSUBTSKEYM2,0.272727,0.727273,point_previews/task000116_mu000064_rho100_n0.png
1.0,64,8,license_plate_bahnschrift.ttf,CBAGJWPD6YXT0RNZL49E3HSU875KFVMQ2,7,7,1,0.85,16.0,0.63662,0.603355,CBAGJWPD6YXTURNZL49E3HSUB7SKEVMQ2,0.121212,0.878788,point_previews/task000116_mu000064_rho100_n1.png
0.1,4,8,license_plate_bahnschrift.ttf,CBAGJWPD6YXT0RNZL49E3HSU875KFVMQ2,7,11,0,0.085,5.059644,0.959381,1.907975,,1.0,0.0,point_previews/task000117_mu000004_rho010_n0.png
0.1,4,8,license_plate_bahnschrift.ttf,CBAGJWPD6YXT0RNZL49E3HSU875KFVMQ2,7,11,1,0.085,5.059644,0.959381,1.907975,RSESRRRUARABTEERT,0.939394,0.060606,point_previews/task000117_mu000004_rho010_n1.png
0.2,4,8,license_plate_bahnschrift.ttf,CBAGJWPD6YXT0RNZL49E3HSU875KFVMQ2,7,11,0,0.17,7.155418,0.919759,1.349142,,1.0,0.0,point_previews/task000117_mu000004_rho020_n0.png
0.2,4,8,license_plate_bahnschrift.ttf,CBAGJWPD6YXT0RNZL49E3HSU875KFVMQ2,7,11,1,0.17,7.155418,0.919759,1.349142,,1.0,0.0,point_previews/task000117_mu000004_rho020_n1.png
0.3,4,8,license_plate_bahnschrift.ttf,CBAGJWPD6YXT0RNZL49E3HSU875KFVMQ2,7,11,0,0.255,8.763561,0.881116,1.10157,SATEPGNSRFGACNRT,0.878788,0.121212,point_previews/task000117_mu000004_rho030_n0.png
0.3,4,8,license_plate_bahnschrift.ttf,CBAGJWPD6YXT0RNZL49E3HSU875KFVMQ2,7,11,1,0.255,8.763561,0.881116,1.10157,VSRRDWNEUTEAS,0.878788,0.121212,point_previews/task000117_mu000004_rho030_n1.png
0.4,4,8,license_plate_bahnschrift.ttf,CBAGJWPD6YXT0RNZL49E3HSU875KFVMQ2,7,11,0,0.34,10.119289,0.843436,0.953987,,1.0,0.0,point_previews/task000117_mu000004_rho040_n0.png
0.4,4,8,license_plate_bahnschrift.ttf,CBAGJWPD6YXT0RNZL49E3HSU875KFVMQ2,7,11,1,0.34,10.119289,0.843436,0.953987,WASRTSRRENE,0.878788,0.121212,point_previews/task000117_mu000004_rho040_n1.png
0.5,4,8,license_plate_bahnschrift.ttf,CBAGJWPD6YXT0RNZL49E3HSU875KFVMQ2,7,11,0,0.425,11.313708,0.8067,0.853272,,1.0,0.0,point_previews/task000117_mu000004_rho050_n0.png
0.5,4,8,license_plate_bahnschrift.ttf,CBAGJWPD6YXT0RNZL49E3HSU875KFVMQ2,7,11,1,0.425,11.313708,0.8067,0.853272,ESMERDPESVEMEPYAM2P,0.878788,0.121212,point_previews/task000117_mu000004_rho050_n1.png
0.6,4,8,license_plate_bahnschrift.ttf,CBAGJWPD6YXT0RNZL49E3HSU875KFVMQ2,7,11,0,0.51,12.393547,0.770893,0.778927,SRATTEEMETASNA,0.878788,0.121212,point_previews/task000117_mu000004_rho060_n0.png
0.6,4,8,license_plate_bahnschrift.ttf,CBAGJWPD6YXT0RNZL49E3HSU875KFVMQ2,7,11,1,0.51,12.393547,0.770893,0.778927,SACMERRRDNMESESEM,0.848485,0.151515,point_previews/task000117_mu000004_rho060_n1.png
0.7,4,8,license_plate_bahnschrift.ttf,CBAGJWPD6YXT0RNZL49E3HSU875KFVMQ2,7,11,0,0.595,13.38656,0.735998,0.721147,FREALWRRERCLAESSNTNRRS,0.848485,0.151515,point_previews/task000117_mu000004_rho070_n0.png
0.7,4,8,license_plate_bahnschrift.ttf,CBAGJWPD6YXT0RNZL49E3HSU875KFVMQ2,7,11,1,0.595,13.38656,0.735998,0.721147,BRPRRELBRAEPNRALUERTATES,0.878788,0.121212,point_previews/task000117_mu000004_rho070_n1.png
0.8,4,8,license_plate_bahnschrift.ttf,CBAGJWPD6YXT0RNZL49E3HSU875KFVMQ2,7,11,0,0.68,14.310835,0.701998,0.674571,REUNT,0.909091,0.090909,point_previews/task000117_mu000004_rho080_n0.png
0.8,4,8,license_plate_bahnschrift.ttf,CBAGJWPD6YXT0RNZL49E3HSU875KFVMQ2,7,11,1,0.68,14.310835,0.701998,0.674571,ASSSRRCRETRNASHRE,0.848485,0.151515,point_previews/task000117_mu000004_rho080_n1.png
0.9,4,8,license_plate_bahnschrift.ttf,CBAGJWPD6YXT0RNZL49E3HSU875KFVMQ2,7,11,0,0.765,15.178933,0.668877,0.635992,AGTHCRSCTNELSPRSHR,0.818182,0.181818,point_previews/task000117_mu000004_rho090_n0.png
0.9,4,8,license_plate_bahnschrift.ttf,CBAGJWPD6YXT0RNZL49E3HSU875KFVMQ2,7,11,1,0.765,15.178933,0.668877,0.635992,WBADERTSSALSGNECEQUMTM,0.787879,0.212121,point_previews/task000117_mu000004_rho090_n1.png
1.0,4,8,license_plate_bahnschrift.ttf,CBAGJWPD6YXT0RNZL49E3HSU875KFVMQ2,7,11,0,0.85,16.0,0.63662,0.603355,,1.0,0.0,point_previews/task000117_mu000004_rho100_n0.png
1.0,4,8,license_plate_bahnschrift.ttf,CBAGJWPD6YXT0RNZL49E3HSU875KFVMQ2,7,11,1,0.85,16.0,0.63662,0.603355,PRARUESPTLEARCATSREES,0.878788,0.121212,point_previews/task000117_mu000004_rho100_n1.png
0.1,6,8,license_plate_bahnschrift.ttf,CBAGJWPD6YXT0RNZL49E3HSU875KFVMQ2,7,11,0,0.085,5.059644,0.959381,1.907975,SEERRRSNSRCRRNR,0.939394,0.060606,point_previews/task000118_mu000006_rho010_n0.png
0.1,6,8,license_plate_bahnschrift.ttf,CBAGJWPD6YXT0RNZL49E3HSU875KFVMQ2,7,11,1,0.085,5.059644,0.959381,1.907975,,1.0,0.0,point_previews/task000118_mu000006_rho010_n1.png
0.2,6,8,license_plate_bahnschrift.ttf,CBAGJWPD6YXT0RNZL49E3HSU875KFVMQ2,7,11,0,0.17,7.155418,0.919759,1.349142,CARCRREMCSRE,0.848485,0.151515,point_previews/task000118_mu000006_rho020_n0.png
0.2,6,8,license_plate_bahnschrift.ttf,CBAGJWPD6YXT0RNZL49E3HSU875KFVMQ2,7,11,1,0.17,7.155418,0.919759,1.349142,ESRASACMSRTLESET,0.878788,0.121212,point_previews/task000118_mu000006_rho020_n1.png
0.3,6,8,license_plate_bahnschrift.ttf,CBAGJWPD6YXT0RNZL49E3HSU875KFVMQ2,7,11,0,0.255,8.763561,0.881116,1.10157,TFEPNGBRAENTCTEEEDE,0.909091,0.090909,point_previews/task000118_mu000006_rho030_n0.png
0.3,6,8,license_plate_bahnschrift.ttf,CBAGJWPD6YXT0RNZL49E3HSU875KFVMQ2,7,11,1,0.255,8.763561,0.881116,1.10157,SEREEMEERLESGYYMUBTECER,0.909091,0.090909,point_previews/task000118_mu000006_rho030_n1.png
0.4,6,8,license_plate_bahnschrift.ttf,CBAGJWPD6YXT0RNZL49E3HSU875KFVMQ2,7,11,0,0.34,10.119289,0.843436,0.953987,BRELRSSBSLAGEAATTS,0.878788,0.121212,point_previews/task000118_mu000006_rho040_n0.png
0.4,6,8,license_plate_bahnschrift.ttf,CBAGJWPD6YXT0RNZL49E3HSU875KFVMQ2,7,11,1,0.34,10.119289,0.843436,0.953987,5BETASWSECRRNLEASPCEEDP,0.818182,0.181818,point_previews/task000118_mu000006_rho040_n1.png
0.5,6,8,license_plate_bahnschrift.ttf,CBAGJWPD6YXT0RNZL49E3HSU875KFVMQ2,7,11,0,0.425,11.313708,0.8067,0.853272,SEAETRSPYBMBPCUPRS,0.878788,0.121212,point_previews/task000118_mu000006_rho050_n0.png
0.5,6,8,license_plate_bahnschrift.ttf,CBAGJWPD6YXT0RNZL49E3HSU875KFVMQ2,7,11,1,0.425,11.313708,0.8067,0.853272,SRASATSSSTREYENLBESPEARNR,0.848485,0.151515,point_previews/task000118_mu000006_rho050_n1.png
0.6,6,8,license_plate_bahnschrift.ttf,CBAGJWPD6YXT0RNZL49E3HSU875KFVMQ2,7,11,0,0.51,12.393547,0.770893,0.778927,EBPASMGDRCTAENMAESTS,0.818182,0.181818,point_previews/task000118_mu000006_rho060_n0.png
0.6,6,8,license_plate_bahnschrift.ttf,CBAGJWPD6YXT0RNZL49E3HSU875KFVMQ2,7,11,1,0.51,12.393547,0.770893,0.778927,SBMETRTA2PRUBRMEVRG,0.848485,0.151515,point_previews/task000118_mu000006_rho060_n1.png
0.7,6,8,license_plate_bahnschrift.ttf,CBAGJWPD6YXT0RNZL49E3HSU875KFVMQ2,7,11,0,0.595,13.38656,0.735998,0.721147,PPG,0.969697,0.030303,point_previews/task000118_mu000006_rho070_n0.png
0.7,6,8,license_plate_bahnschrift.ttf,CBAGJWPD6YXT0RNZL49E3HSU875KFVMQ2,7,11,1,0.595,13.38656,0.735998,0.721147,ERASRUSRECRALLMSRRSKUME,0.818182,0.181818,point_previews/task000118_mu000006_rho070_n1.png
0.8,6,8,license_plate_bahnschrift.ttf,CBAGJWPD6YXT0RNZL49E3HSU875KFVMQ2,7,11,0,0.68,14.310835,0.701998,0.674571,EDASMPAPCEURTMQACCUREY,0.878788,0.121212,point_previews/task000118_mu000006_rho080_n0.png
0.8,6,8,license_plate_bahnschrift.ttf,CBAGJWPD6YXT0RNZL49E3HSU875KFVMQ2,7,11,1,0.68,14.310835,0.701998,0.674571,EEASSAPSRGREEARESNSHSTELEARGS,0.848485,0.151515,point_previews/task000118_mu000006_rho080_n1.png
0.9,6,8,license_plate_bahnschrift.ttf,CBAGJWPD6YXT0RNZL49E3HSU875KFVMQ2,7,11,0,0.765,15.178933,0.668877,0.635992,SRABPASSTRTARUTESEHSHERUME,0.787879,0.212121,point_previews/task000118_mu000006_rho090_n0.png
0.9,6,8,license_plate_bahnschrift.ttf,CBAGJWPD6YXT0RNZL49E3HSU875KFVMQ2,7,11,1,0.765,15.178933,0.668877,0.635992,ABHATPSSVCTERAESRESNECRTKEV,0.787879,0.212121,point_previews/task000118_mu000006_rho090_n1.png
1.0,6,8,license_plate_bahnschrift.ttf,CBAGJWPD6YXT0RNZL49E3HSU875KFVMQ2,7,11,0,0.85,16.0,0.63662,0.603355,CRACRWPSSASRSRSATS,0.818182,0.181818,point_previews/task000118_mu000006_rho100_n0.png
1.0,6,8,license_plate_bahnschrift.ttf,CBAGJWPD6YXT0RNZL49E3HSU875KFVMQ2,7,11,1,0.85,16.0,0.63662,0.603355,DEAGWRUAYRTSRNASFESRSUSTSYMS,0.666667,0.333333,point_previews/task000118_mu000006_rho100_n1.png
0.1,8,8,license_plate_bahnschrift.ttf,CBAGJWPD6YXT0RNZL49E3HSU875KFVMQ2,7,11,0,0.085,5.059644,0.959381,1.907975,SAURSAMTESSMAPERAYGMTLANSCRNLERR,0.969697,0.030303,point_previews/task000119_mu000008_rho010_n0.png
0.1,8,8,license_plate_bahnschrift.ttf,CBAGJWPD6YXT0RNZL49E3HSU875KFVMQ2,7,11,1,0.085,5.059644,0.959381,1.907975,SBBRSCDMRNEN,0.848485,0.151515,point_previews/task000119_mu000008_rho010_n1.png
0.2,8,8,license_plate_bahnschrift.ttf,CBAGJWPD6YXT0RNZL49E3HSU875KFVMQ2,7,11,0,0.17,7.155418,0.919759,1.349142,PENESCEBMGATSYLHDAEELSSTEK,0.878788,0.121212,point_previews/task000119_mu000008_rho020_n0.png
0.2,8,8,license_plate_bahnschrift.ttf,CBAGJWPD6YXT0RNZL49E3HSU875KFVMQ2,7,11,1,0.17,7.155418,0.919759,1.349142,JRRASTMERNE,0.878788,0.121212,point_previews/task000119_mu000008_rho020_n1.png
0.3,8,8,license_plate_bahnschrift.ttf,CBAGJWPD6YXT0RNZL49E3HSU875KFVMQ2,7,11,0,0.255,8.763561,0.881116,1.10157,,1.0,0.0,point_previews/task000119_mu000008_rho030_n0.png
0.3,8,8,license_plate_bahnschrift.ttf,CBAGJWPD6YXT0RNZL49E3HSU875KFVMQ2,7,11,1,0.255,8.763561,0.881116,1.10157,TESLWDAAGG,0.909091,0.090909,point_previews/task000119_mu000008_rho030_n1.png
0.4,8,8,license_plate_bahnschrift.ttf,CBAGJWPD6YXT0RNZL49E3HSU875KFVMQ2,7,11,0,0.34,10.119289,0.843436,0.953987,TEHASVPDSTRUAFAPRASSHSTNAD,0.848485,0.151515,point_previews/task000119_mu000008_rho040_n0.png
0.4,8,8,license_plate_bahnschrift.ttf,CBAGJWPD6YXT0RNZL49E3HSU875KFVMQ2,7,11,1,0.34,10.119289,0.843436,0.953987,STRBAPUPRTAENPCSEBHANTBLNS,0.848485,0.151515,point_previews/task000119_mu000008_rho040_n1.png
0.5,8,8,license_plate_bahnschrift.ttf,CBAGJWPD6YXT0RNZL49E3HSU875KFVMQ2,7,11,0,0.425,11.313708,0.8067,0.853272,LCAAAWAYCA7RERSTSUREREATER,0.818182,0.181818,point_previews/task000119_mu000008_rho050_n0.png
0.5,8,8,license_plate_bahnschrift.ttf,CBAGJWPD6YXT0RNZL49E3HSU875KFVMQ2,7,11,1,0.425,11.313708,0.8067,0.853272,SRAGNPAGYRRMSAHBTEKERS,0.787879,0.212121,point_previews/task000119_mu000008_rho050_n1.png
0.6,8,8,license_plate_bahnschrift.ttf,CBAGJWPD6YXT0RNZL49E3HSU875KFVMQ2,7,11,0,0.51,12.393547,0.770893,0.778927,CBGSURRMTCRMRLASRTBAUSUSHEVGS,0.757576,0.242424,point_previews/task000119_mu000008_rho060_n0.png
0.6,8,8,license_plate_bahnschrift.ttf,CBAGJWPD6YXT0RNZL49E3HSU875KFVMQ2,7,11,1,0.51,12.393547,0.770893,0.778927,SBESAAPENGYMURHLMBEAHASES,0.818182,0.181818,point_previews/task000119_mu000008_rho060_n1.png
0.7,8,8,license_plate_bahnschrift.ttf,CBAGJWPD6YXT0RNZL49E3HSU875KFVMQ2,7,11,0,0.595,13.38656,0.735998,0.721147,,1.0,0.0,point_previews/task000119_mu000008_rho070_n0.png
0.7,8,8,license_plate_bahnschrift.ttf,CBAGJWPD6YXT0RNZL49E3HSU875KFVMQ2,7,11,1,0.595,13.38656,0.735998,0.721147,CBSQAUPSEERPRADLASARSUSTSER,0.787879,0.212121,point_previews/task000119_mu000008_rho070_n1.png
0.8,8,8,license_plate_bahnschrift.ttf,CBAGJWPD6YXT0RNZL49E3HSU875KFVMQ2,7,11,0,0.68,14.310835,0.701998,0.674571,PBNSRKTGRNALRSHEBTEKEADS,0.787879,0.212121,point_previews/task000119_mu000008_rho080_n0.png
0.8,8,8,license_plate_bahnschrift.ttf,CBAGJWPD6YXT0RNZL49E3HSU875KFVMQ2,7,11,1,0.68,14.310835,0.701998,0.674571,,1.0,0.0,point_previews/task000119_mu000008_rho080_n1.png
0.9,8,8,license_plate_bahnschrift.ttf,CBAGJWPD6YXT0RNZL49E3HSU875KFVMQ2,7,11,0,0.765,15.178933,0.668877,0.635992,CRAGMPHMETSHNZGPETHSAASKEVMD,0.606061,0.393939,point_previews/task000119_mu000008_rho090_n0.png
0.9,8,8,license_plate_bahnschrift.ttf,CBAGJWPD6YXT0RNZL49E3HSU875KFVMQ2,7,11,1,0.765,15.178933,0.668877,0.635992,RRAGAWPURKTURMELLSEGHRUSTAREVMR,0.636364,0.363636,point_previews/task000119_mu000008_rho090_n1.png
1.0,8,8,license_plate_bahnschrift.ttf,CBAGJWPD6YXT0RNZL49E3HSU875KFVMQ2,7,11,0,0.85,16.0,0.63662,0.603355,CRAGTWEREURRNTLASRARSUSHSWH7,0.727273,0.272727,point_previews/task000119_mu000008_rho100_n0.png
1.0,8,8,license_plate_bahnschrift.ttf,CBAGJWPD6YXT0RNZL49E3HSU875KFVMQ2,7,11,1,0.85,16.0,0.63662,0.603355,ESAWTRNALSVEFHSUSTSKFVMGE,0.575758,0.424242,point_previews/task000119_mu000008_rho100_n1.png
0.1,11,8,license_plate_bahnschrift.ttf,CBAGJWPD6YXT0RNZL49E3HSU875KFVMQ2,7,11,0,0.085,5.059644,0.959381,1.907975,PNMBHND,0.909091,0.090909,point_previews/task000120_mu000011_rho010_n0.png
0.1,11,8,license_plate_bahnschrift.ttf,CBAGJWPD6YXT0RNZL49E3HSU875KFVMQ2,7,11,1,0.085,5.059644,0.959381,1.907975,RAARESDRANPRT,0.878788,0.121212,point_previews/task000120_mu000011_rho010_n1.png
0.2,11,8,license_plate_bahnschrift.ttf,CBAGJWPD6YXT0RNZL49E3HSU875KFVMQ2,7,11,0,0.17,7.155418,0.919759,1.349142,SENDAGUETGFEM,0.878788,0.121212,point_previews/task000120_mu000011_rho020_n0.png
0.2,11,8,license_plate_bahnschrift.ttf,CBAGJWPD6YXT0RNZL49E3HSU875KFVMQ2,7,11,1,0.17,7.155418,0.919759,1.349142,RSLMPLESMENELAMERHSLEN,0.818182,0.181818,point_previews/task000120_mu000011_rho020_n1.png
0.3,11,8,license_plate_bahnschrift.ttf,CBAGJWPD6YXT0RNZL49E3HSU875KFVMQ2,7,11,0,0.255,8.763561,0.881116,1.10157,GAAAREUMTMRRMEY,0.848485,0.151515,point_previews/task000120_mu000011_rho030_n0.png
0.3,11,8,license_plate_bahnschrift.ttf,CBAGJWPD6YXT0RNZL49E3HSU875KFVMQ2,7,11,1,0.255,8.763561,0.881116,1.10157,CEBAPASCALMEEANTHSNEPEMTC,0.818182,0.181818,point_previews/task000120_mu000011_rho030_n1.png
0.4,11,8,license_plate_bahnschrift.ttf,CBAGJWPD6YXT0RNZL49E3HSU875KFVMQ2,7,11,0,0.34,10.119289,0.843436,0.953987,SAAGARTAYSTHRMTLASESPENKR,0.727273,0.272727,point_previews/task000120_mu000011_rho040_n0.png
0.4,11,8,license_plate_bahnschrift.ttf,CBAGJWPD6YXT0RNZL49E3HSU875KFVMQ2,7,11,1,0.34,10.119289,0.843436,0.953987,EBAGANEDSRRECRASTESTERBTKENMAE,0.757576,0.242424,point_previews/task000120_mu000011_rho040_n1.png
0.5,11,8,license_plate_bahnschrift.ttf,CBAGJWPD6YXT0RNZL49E3HSU875KFVMQ2,7,11,0,0.425,11.313708,0.8067,0.853272,,1.0,0.0,point_previews/task000120_mu000011_rho050_n0.png
0.5,11,8,license_plate_bahnschrift.ttf,CBAGJWPD6YXT0RNZL49E3HSU875KFVMQ2,7,11,1,0.425,11.313708,0.8067,0.853272,CRAGUWPGYSTERNSLARRTHSURSREA,0.606061,0.393939,point_previews/task000120_mu000011_rho050_n1.png
0.6,11,8,license_plate_bahnschrift.ttf,CBAGJWPD6YXT0RNZL49E3HSU875KFVMQ2,7,11,0,0.51,12.393547,0.770893,0.778927,RRAGHRGEATDRNZWESHSUBTEMRYRGE,0.69697,0.30303,point_previews/task000120_mu000011_rho060_n0.png
0.6,11,8,license_plate_bahnschrift.ttf,CBAGJWPD6YXT0RNZL49E3HSU875KFVMQ2,7,11,1,0.51,12.393547,0.770893,0.778927,BBAGPTSNSTGRS2UAPETHUBTSREYD,0.727273,0.272727,point_previews/task000120_mu000011_rho060_n1.png
0.7,11,8,license_plate_bahnschrift.ttf,CBAGJWPD6YXT0RNZL49E3HSU875KFVMQ2,7,11,0,0.595,13.38656,0.735998,0.721147,CHAGJARRKTERN7UQVESASURTERENMS,0.666667,0.333333,point_previews/task000120_mu000011_rho070_n0.png
0.7,11,8,license_plate_bahnschrift.ttf,CBAGJWPD6YXT0RNZL49E3HSU875KFVMQ2,7,11,1,0.595,13.38656,0.735998,0.721147,ERASGPTSRTCRAELASESHSUSTSKEA,0.69697,0.30303,point_previews/task000120_mu000011_rho070_n1.png
0.8,11,8,license_plate_bahnschrift.ttf,CBAGJWPD6YXT0RNZL49E3HSU875KFVMQ2,7,11,0,0.68,14.310835,0.701998,0.674571,CBRSAWPRDEVXTHRNZUESHSUBSRFM,0.545455,0.454545,point_previews/task000120_mu000011_rho080_n0.png
0.8,11,8,license_plate_bahnschrift.ttf,CBAGJWPD6YXT0RNZL49E3HSU875KFVMQ2,7,11,1,0.68,14.310835,0.701998,0.674571,CHAGAWPRSYXTRN2L49RRHSURTAKEVMGS,0.424242,0.575758,point_previews/task000120_mu000011_rho080_n1.png
0.9,11,8,license_plate_bahnschrift.ttf,CBAGJWPD6YXT0RNZL49E3HSU875KFVMQ2,7,11,0,0.765,15.178933,0.668877,0.635992,CBABSWPSETGRNZLPESHSUBTRKEYMQ2,0.454545,0.545455,point_previews/task000120_mu000011_rho090_n0.png
0.9,11,8,license_plate_bahnschrift.ttf,CBAGJWPD6YXT0RNZL49E3HSU875KFVMQ2,7,11,1,0.765,15.178933,0.668877,0.635992,,1.0,0.0,point_previews/task000120_mu000011_rho090_n1.png
1.0,11,8,license_plate_bahnschrift.ttf,CBAGJWPD6YXT0RNZL49E3HSU875KFVMQ2,7,11,0,0.85,16.0,0.63662,0.603355,SRARWPDSYRGHNZLGFEQHSUBTSRRUMG2,0.575758,0.424242,point_previews/task000120_mu000011_rho100_n0.png
1.0,11,8,license_plate_bahnschrift.ttf,CBAGJWPD6YXT0RNZL49E3HSU875KFVMQ2,7,11,1,0.85,16.0,0.63662,0.603355,CHAGWPDSEXTNGELHESHSUBTSKEYMEZ,0.545455,0.454545,point_previews/task000120_mu000011_rho100_n1.png
0.1,16,8,license_plate_bahnschrift.ttf,CBAGJWPD6YXT0RNZL49E3HSU875KFVMQ2,7,11,0,0.085,5.059644,0.959381,1.907975,NPARHSHTRENSMRMMYTY,0.848485,0.151515,point_previews/task000121_mu000016_rho010_n0.png
0.1,16,8,license_plate_bahnschrift.ttf,CBAGJWPD6YXT0RNZL49E3HSU875KFVMQ2,7,11,1,0.085,5.059644,0.959381,1.907975,PYPTS,0.878788,0.121212,point_previews/task000121_mu000016_rho010_n1.png
0.2,16,8,license_plate_bahnschrift.ttf,CBAGJWPD6YXT0RNZL49E3HSU875KFVMQ2,7,11,0,0.17,7.155418,0.919759,1.349142,SSLATSTCABPMRSETGERNMESAR,0.939394,0.060606,point_previews/task000121_mu000016_rho020_n0.png
0.2,16,8,license_plate_bahnschrift.ttf,CBAGJWPD6YXT0RNZL49E3HSU875KFVMQ2,7,11,1,0.17,7.155418,0.919759,1.349142,REMSSNPGAYSREBG,0.878788,0.121212,point_previews/task000121_mu000016_rho020_n1.png
0.3,16,8,license_plate_bahnschrift.ttf,CBAGJWPD6YXT0RNZL49E3HSU875KFVMQ2,7,11,0,0.255,8.763561,0.881116,1.10157,RAAGTWVCSRAEASPSHSETRPRAESD,0.818182,0.181818,point_previews/task000121_mu000016_rho030_n0.png
0.3,16,8,license_plate_bahnschrift.ttf,CBAGJWPD6YXT0RNZL49E3HSU875KFVMQ2,7,11,1,0.255,8.763561,0.881116,1.10157,HBNERAPSRECURNTESESLSTRYEE,0.818182,0.181818,point_previews/task000121_mu000016_rho030_n1.png
0.4,16,8,license_plate_bahnschrift.ttf,CBAGJWPD6YXT0RNZL49E3HSU875KFVMQ2,7,11,0,0.34,10.119289,0.843436,0.953987,CHAGLPDRETRRUTLGGERHSUBTSKRMR,0.575758,0.424242,point_previews/task000121_mu000016_rho040_n0.png
0.4,16,8,license_plate_bahnschrift.ttf,CBAGJWPD6YXT0RNZL49E3HSU875KFVMQ2,7,11,1,0.34,10.119289,0.843436,0.953987,RHAGANRDSEATSRNTETPESRSUBFSHENRE,0.727273,0.272727,point_previews/task000121_mu000016_rho040_n1.png
0.5,16,8,license_plate_bahnschrift.ttf,CBAGJWPD6YXT0RNZL49E3HSU875KFVMQ2,7,11,0,0.425,11.313708,0.8067,0.853272,GBAGJWPDSRRFRENZLWSESESURTSKEVMG2,0.484848,0.515152,point_previews/task000121_mu000016_rho050_n0.png
0.5,16,8,license_plate_bahnschrift.ttf,CBAGJWPD6YXT0RNZL49E3HSU875KFVMQ2,7,11,1,0.425,11.313708,0.8067,0.853272,,1.0,0.0,point_previews/task000121_mu000016_rho050_n1.png
0.6,16,8,license_plate_bahnschrift.ttf,CBAGJWPD6YXT0RNZL49E3HSU875KFVMQ2,7,11,0,0.51,12.393547,0.770893,0.778927,,1.0,0.0,point_previews/task000121_mu000016_rho060_n0.png
0.6,16,8,license_plate_bahnschrift.ttf,CBAGJWPD6YXT0RNZL49E3HSU875KFVMQ2,7,11,1,0.51,12.393547,0.770893,0.778927,,1.0,0.0,point_previews/task000121_mu000016_rho060_n1.png
0.7,16,8,license_plate_bahnschrift.ttf,CBAGJWPD6YXT0RNZL49E3HSU875KFVMQ2,7,11,0,0.595,13.38656,0.735998,0.721147,CBAGSWPDSYXTARNZEASESHSUSTSKEUMGZ,0.424242,0.575758,point_previews/task000121_mu000016_rho070_n0.png
0.7,16,8,license_plate_bahnschrift.ttf,CBAGJWPD6YXT0RNZL49E3HSU875KFVMQ2,7,11,1,0.595,13.38656,0.735998,0.721147,CRAGJWPDSYRTRNELAPETHSUBTSKEVND2,0.424242,0.575758,point_previews/task000121_mu000016_rho070_n1.png
0.8,16,8,license_plate_bahnschrift.ttf,CBAGJWPD6YXT0RNZL49E3HSU875KFVMQ2,7,11,0,0.68,14.310835,0.701998,0.674571,,1.0,0.0,point_previews/task000121_mu000016_rho080_n0.png
0.8,16,8,license_plate_bahnschrift.ttf,CBAGJWPD6YXT0RNZL49E3HSU875KFVMQ2,7,11,1,0.68,14.310835,0.701998,0.674571,,1.0,0.0,point_previews/task000121_mu000016_rho080_n1.png
0.9,16,8,license_plate_bahnschrift.ttf,CBAGJWPD6YXT0RNZL49E3HSU875KFVMQ2,7,11,0,0.765,15.178933,0.668877,0.635992,CBAGJWPUAYXTBRNZLAESHSUBTSKEVMG2,0.333333,0.666667,point_previews/task000121_mu000016_rho090_n0.png
0.9,16,8,license_plate_bahnschrift.ttf,CBAGJWPD6YXT0RNZL49E3HSU875KFVMQ2,7,11,1,0.765,15.178933,0.668877,0.635992,CBAGTWPDAYRTURNZLAVESHSUBTSKENMG2,0.393939,0.606061,point_previews/task000121_mu000016_rho090_n1.png
1.0,16,8,license_plate_bahnschrift.ttf,CBAGJWPD6YXT0RNZL49E3HSU875KFVMQ2,7,11,0,0.85,16.0,0.63662,0.603355,,1.0,0.0,point_previews/task000121_mu000016_rho100_n0.png
1.0,16,8,license_plate_bahnschrift.ttf,CBAGJWPD6YXT0RNZL49E3HSU875KFVMQ2,7,11,1,0.85,16.0,0.63662,0.603355,,1.0,0.0,point_previews/task000121_mu000016_rho100_n1.png
0.1,23,8,license_plate_bahnschrift.ttf,CBAGJWPD6YXT0RNZL49E3HSU875KFVMQ2,7,11,0,0.085,5.059644,0.959381,1.907975,RRN2AADSLESNERNTYCUB,0.878788,0.121212,point_previews/task000122_mu000023_rho010_n0.png
0.1,23,8,license_plate_bahnschrift.ttf,CBAGJWPD6YXT0RNZL49E3HSU875KFVMQ2,7,11,1,0.085,5.059644,0.959381,1.907975,,1.0,0.0,point_previews/task000122_mu000023_rho010_n1.png
0.2,23,8,license_plate_bahnschrift.ttf,CBAGJWPD6YXT0RNZL49E3HSU875KFVMQ2,7,11,0,0.17,7.155418,0.919759,1.349142,JDRAGRPDRTHSM7EATRCHSUSTSRPMAGR,0.787879,0.212121,point_previews/task000122_mu000023_rho020_n0.png
0.2,23,8,license_plate_bahnschrift.ttf,CBAGJWPD6YXT0RNZL49E3HSU875KFVMQ2,7,11,1,0.17,7.155418,0.919759,1.349142,LEREGRDRERFERGLALEPESHGEBRKEURLS,0.848485,0.151515,point_previews/task000122_mu000023_rho020_n1.png
0.3,23,8,license_plate_bahnschrift.ttf,CBAGJWPD6YXT0RNZL49E3HSU875KFVMQ2,7,11,0,0.255,8.763561,0.881116,1.10157,,1.0,0.0,point_previews/task000122_mu000023_rho030_n0.png
0.3,23,8,license_plate_bahnschrift.ttf,CBAGJWPD6YXT0RNZL49E3HSU875KFVMQ2,7,11,1,0.255,8.763561,0.881116,1.10157,PBAGMPRRGRNTLMRSHSURPRENMED,0.666667,0.333333,point_previews/task000122_mu000023_rho030_n1.png
0.4,23,8,license_plate_bahnschrift.ttf,CBAGJWPD6YXT0RNZL49E3HSU875KFVMQ2,7,11,0,0.34,10.119289,0.843436,0.953987,CBAGAWEDSGRTSRNZLPRSASUBTSCEVMR,0.545455,0.454545,point_previews/task000122_mu000023_rho040_n0.png
0.4,23,8,license_plate_bahnschrift.ttf,CBAGJWPD6YXT0RNZL49E3HSU875KFVMQ2,7,11,1,0.34,10.119289,0.843436,0.953987,,1.0,0.0,point_previews/task000122_mu000023_rho040_n1.png
0.5,23,8,license_plate_bahnschrift.ttf,CBAGJWPD6YXT0RNZL49E3HSU875KFVMQ2,7,11,0,0.425,11.313708,0.8067,0.853272,,1.0,0.0,point_previews/task000122_mu000023_rho050_n0.png
0.5,23,8,license_plate_bahnschrift.ttf,CBAGJWPD6YXT0RNZL49E3HSU875KFVMQ2,7,11,1,0.425,11.313708,0.8067,0.853272,SCBAGWPDSTXTURNZL49ESHSUBTSKEYMG2,0.363636,0.636364,point_previews/task000122_mu000023_rho050_n1.png
0.6,23,8,license_plate_bahnschrift.ttf,CBAGJWPD6YXT0RNZL49E3HSU875KFVMQ2,7,11,0,0.51,12.393547,0.770893,0.778927,EBAGWPDSYXTURNZLQEZHSURTSKEVMD,0.393939,0.606061,point_previews/task000122_mu000023_rho060_n0.png
0.6,23,8,license_plate_bahnschrift.ttf,CBAGJWPD6YXT0RNZL49E3HSU875KFVMQ2,7,11,1,0.51,12.393547,0.770893,0.778927,CBAGWPDSYXTCRNZLAFESHSUBTSKEVMG2,0.333333,0.666667,point_previews/task000122_mu000023_rho060_n1.png
0.7,23,8,license_plate_bahnschrift.ttf,CBAGJWPD6YXT0RNZL49E3HSU875KFVMQ2,7,11,0,0.595,13.38656,0.735998,0.721147,,1.0,0.0,point_previews/task000122_mu000023_rho070_n0.png
0.7,23,8,license_plate_bahnschrift.ttf,CBAGJWPD6YXT0RNZL49E3HSU875KFVMQ2,7,11,1,0.595,13.38656,0.735998,0.721147,,1.0,0.0,point_previews/task000122_mu000023_rho070_n1.png
0.8,23,8,license_plate_bahnschrift.ttf,CBAGJWPD6YXT0RNZL49E3HSU875KFVMQ2,7,11,0,0.68,14.310835,0.701998,0.674571,CBAGJWPDSYXTRNTLA9ESHSUBTSKEVMG2,0.30303,0.69697,point_previews/task000122_mu000023_rho080_n0.png
0.8,23,8,license_plate_bahnschrift.ttf,CBAGJWPD6YXT0RNZL49E3HSU875KFVMQ2,7,11,1,0.68,14.310835,0.701998,0.674571,CBAGJWPDEXATERNZL4FESHSUSTSKEVMGZ,0.363636,0.636364,point_previews/task000122_mu000023_rho080_n1.png
0.9,23,8,license_plate_bahnschrift.ttf,CBAGJWPD6YXT0RNZL49E3HSU875KFVMQ2,7,11,0,0.765,15.178933,0.668877,0.635992,CBAGAWPDSYXTURNZLATESHSUSTSKEVMG2,0.333333,0.666667,point_previews/task000122_mu000023_rho090_n0.png
0.9,23,8,license_plate_bahnschrift.ttf,CBAGJWPD6YXT0RNZL49E3HSU875KFVMQ2,7,11,1,0.765,15.178933,0.668877,0.635992,,1.0,0.0,point_previews/task000122_mu000023_rho090_n1.png
1.0,23,8,license_plate_bahnschrift.ttf,CBAGJWPD6YXT0RNZL49E3HSU875KFVMQ2,7,11,0,0.85,16.0,0.63662,0.603355,CBAGJWPDSYXTURNZLAVESHSUSTSKFYMQ2,0.272727,0.727273,point_previews/task000122_mu000023_rho100_n0.png
1.0,23,8,license_plate_bahnschrift.ttf,CBAGJWPD6YXT0RNZL49E3HSU875KFVMQ2,7,11,1,0.85,16.0,0.63662,0.603355,,1.0,0.0,point_previews/task000122_mu000023_rho100_n1.png
0.1,32,8,license_plate_bahnschrift.ttf,CBAGJWPD6YXT0RNZL49E3HSU875KFVMQ2,7,11,0,0.085,5.059644,0.959381,1.907975,PEAGMSPSRNZEEPRSUPSE,0.727273,0.272727,point_previews/task000123_mu000032_rho010_n0.png
0.1,32,8,license_plate_bahnschrift.ttf,CBAGJWPD6YXT0RNZL49E3HSU875KFVMQ2,7,11,1,0.085,5.059644,0.959381,1.907975,SRPYYRAVCTHEGFEEGSERTRE,0.878788,0.121212,point_previews/task000123_mu000032_rho010_n1.png
0.2,32,8,license_plate_bahnschrift.ttf,CBAGJWPD6YXT0RNZL49E3HSU875KFVMQ2,7,11,0,0.17,7.155418,0.919759,1.349142,CBAGMPSSRNALGFEDRSUBTSREVRSZ,0.636364,0.363636,point_previews/task000123_mu000032_rho020_n0.png
0.2,32,8,license_plate_bahnschrift.ttf,CBAGJWPD6YXT0RNZL49E3HSU875KFVMQ2,7,11,1,0.17,7.155418,0.919759,1.349142,GRAGSNPSERTURSZEGSESHSUSTSKENKERS,0.69697,0.30303,point_previews/task000123_mu000032_rho020_n1.png
0.3,32,8,license_plate_bahnschrift.ttf,CBAGJWPD6YXT0RNZL49E3HSU875KFVMQ2,7,11,0,0.255,8.763561,0.881116,1.10157,CBAGWPDSTSTRANZLGSESHSUBTAKEWNG,0.515152,0.484848,point_previews/task000123_mu000032_rho030_n0.png
0.3,32,8,license_plate_bahnschrift.ttf,CBAGJWPD6YXT0RNZL49E3HSU875KFVMQ2,7,11,1,0.255,8.763561,0.881116,1.10157,CRAGJWPASYRTURNZLSFESHSUETSKPYMG2,0.424242,0.575758,point_previews/task000123_mu000032_rho030_n1.png
0.4,32,8,license_plate_bahnschrift.ttf,CBAGJWPD6YXT0RNZL49E3HSU875KFVMQ2,7,11,0,0.34,10.119289,0.843436,0.953987,,1.0,0.0,point_previews/task000123_mu000032_rho040_n0.png
0.4,32,8,license_plate_bahnschrift.ttf,CBAGJWPD6YXT0RNZL49E3HSU875KFVMQ2,7,11,1,0.34,10.119289,0.843436,0.953987,,1.0,0.0,point_previews/task000123_mu000032_rho040_n1.png
0.5,32,8,license_plate_bahnschrift.ttf,CBAGJWPD6YXT0RNZL49E3HSU875KFVMQ2,7,11,0,0.425,11.313708,0.8067,0.853272,,1.0,0.0,point_previews/task000123_mu000032_rho050_n0.png
0.5,32,8,license_plate_bahnschrift.ttf,CBAGJWPD6YXT0RNZL49E3HSU875KFVMQ2,7,11,1,0.425,11.313708,0.8067,0.853272,,1.0,0.0,point_previews/task000123_mu000032_rho050_n1.png
0.6,32,8,license_plate_bahnschrift.ttf,CBAGJWPD6YXT0RNZL49E3HSU875KFVMQ2,7,11,0,0.51,12.393547,0.770893,0.778927,CBAGJWPDAYXTRNZL4PESHSUSTSKEVMG2,0.272727,0.727273,point_previews/task000123_mu000032_rho060_n0.png
0.6,32,8,license_plate_bahnschrift.ttf,CBAGJWPD6YXT0RNZL49E3HSU875KFVMQ2,7,11,1,0.51,12.393547,0.770893,0.778927,CBAGWPDSYXTRNZLAVEFHSUSTSKEVMZ,0.363636,0.636364,point_previews/task000123_mu000032_rho060_n1.png
0.7,32,8,license_plate_bahnschrift.ttf,CBAGJWPD6YXT0RNZL49E3HSU875KFVMQ2,7,11,0,0.595,13.38656,0.735998,0.721147,CBAGJWPDSYXTRNZLGESHSUBTSKEYMG2,0.333333,0.666667,point_previews/task000123_mu000032_rho070_n0.png
0.7,32,8,license_plate_bahnschrift.ttf,CBAGJWPD6YXT0RNZL49E3HSU875KFVMQ2,7,11,1,0.595,13.38656,0.735998,0.721147,,1.0,0.0,point_previews/task000123_mu000032_rho070_n1.png
0.8,32,8,license_plate_bahnschrift.ttf,CBAGJWPD6YXT0RNZL49E3HSU875KFVMQ2,7,11,0,0.68,14.310835,0.701998,0.674571,CBAGJWPDSYXTURNZL4SESHSUBTSKEVMG2,0.272727,0.727273,point_previews/task000123_mu000032_rho080_n0.png
0.8,32,8,license_plate_bahnschrift.ttf,CBAGJWPD6YXT0RNZL49E3HSU875KFVMQ2,7,11,1,0.68,14.310835,0.701998,0.674571,CBRAGJWPDEYXTURNZLYSESHSUBTSREYMQ2,0.363636,0.636364,point_previews/task000123_mu000032_rho080_n1.png
0.9,32,8,license_plate_bahnschrift.ttf,CBAGJWPD6YXT0RNZL49E3HSU875KFVMQ2,7,11,0,0.765,15.178933,0.668877,0.635992,CBAGJWPRSYXTURNZL49ESHSUBTSKEVMQZ,0.272727,0.727273,point_previews/task000123_mu000032_rho090_n0.png
0.9,32,8,license_plate_bahnschrift.ttf,CBAGJWPD6YXT0RNZL49E3HSU875KFVMQ2,7,11,1,0.765,15.178933,0.668877,0.635992,CBAGJWPDEYXTURNZL49ESHSUBTSKEVMQ2,0.212121,0.787879,point_previews/task000123_mu000032_rho090_n1.png
1.0,32,8,license_plate_bahnschrift.ttf,CBAGJWPD6YXT0RNZL49E3HSU875KFVMQ2,7,11,0,0.85,16.0,0.63662,0.603355,CBAGJWPDS6YXTGRNZL49E3HSUBTSKEYMQ2,0.212121,0.787879,point_previews/task000123_mu000032_rho100_n0.png
1.0,32,8,license_plate_bahnschrift.ttf,CBAGJWPD6YXT0RNZL49E3HSU875KFVMQ2,7,11,1,0.85,16.0,0.63662,0.603355,CBAGJWPDSYXTRNZL49ESHSUB7SKFYMG2,0.212121,0.787879,point_previews/task000123_mu000032_rho100_n1.png
0.1,45,8,license_plate_bahnschrift.ttf,CBAGJWPD6YXT0RNZL49E3HSU875KFVMQ2,7,11,0,0.085,5.059644,0.959381,1.907975,GEAGAAPEEYRRSEESRESRSSTERENMAD,0.757576,0.242424,point_previews/task000124_mu000045_rho010_n0.png
0.1,45,8,license_plate_bahnschrift.ttf,CBAGJWPD6YXT0RNZL49E3HSU875KFVMQ2,7,11,1,0.085,5.059644,0.959381,1.907975,SGRAAAUPSRURTURATEFERCEMA,0.848485,0.151515,point_previews/task000124_mu000045_rho010_n1.png
0.2,45,8,license_plate_bahnschrift.ttf,CBAGJWPD6YXT0RNZL49E3HSU875KFVMQ2,7,11,0,0.17,7.155418,0.919759,1.349142,CBBGWPUSYYTURNZLGTESHSUBTSKEVMG2,0.424242,0.575758,point_previews/task000124_mu000045_rho020_n0.png
0.2,45,8,license_plate_bahnschrift.ttf,CBAGJWPD6YXT0RNZL49E3HSU875KFVMQ2,7,11,1,0.17,7.155418,0.919759,1.349142,,1.0,0.0,point_previews/task000124_mu000045_rho020_n1.png
0.3,45,8,license_plate_bahnschrift.ttf,CBAGJWPD6YXT0RNZL49E3HSU875KFVMQ2,7,11,0,0.255,8.763561,0.881116,1.10157,CBRGWPDSVXTGRNZLYPESHSUBTKEVN,0.454545,0.545455,point_previews/task000124_mu000045_rho030_n0.png
0.3,45,8,license_plate_bahnschrift.ttf,CBAGJWPD6YXT0RNZL49E3HSU875KFVMQ2,7,11,1,0.255,8.763561,0.881116,1.10157,CBAGJWPDSYRTURAZLAPESHSUBTSKFYMG2,0.363636,0.636364,point_previews/task000124_mu000045_rho030_n1.png
0.4,45,8,license_plate_bahnschrift.ttf,CBAGJWPD6YXT0RNZL49E3HSU875KFVMQ2,7,11,0,0.34,10.119289,0.843436,0.953987,CBAGJWPDSYXTURNZLAGESHSUBFSKEYMG2,0.333333,0.666667,point_previews/task000124_mu000045_rho040_n0.png
0.4,45,8,license_plate_bahnschrift.ttf,CBAGJWPD6YXT0RNZL49E3HSU875KFVMQ2,7,11,1,0.34,10.119289,0.843436,0.953987,CBAGJWPDSYXTURNZLATESHSUBTSKENMR,0.363636,0.636364,point_previews/task000124_mu000045_rho040_n1.png
0.5,45,8,license_plate_bahnschrift.ttf,CBAGJWPD6YXT0RNZL49E3HSU875KFVMQ2,7,11,0,0.425,11.313708,0.8067,0.853272,CBAGJWPDSYXTURNZS9ESHSUBTSKFYMG2,0.30303,0.69697,point_previews/task000124_mu000045_rho050_n0.png
0.5,45,8,license_plate_bahnschrift.ttf,CBAGJWPD6YXT0RNZL49E3HSU875KFVMQ2,7,11,1,0.425,11.313708,0.8067,0.853272,CBAGJWPDSYXTURNZL49ESHSUBTSKFYMG2,0.242424,0.757576,point_previews/task000124_mu000045_rho050_n1.png
0.6,45,8,license_plate_bahnschrift.ttf,CBAGJWPD6YXT0RNZL49E3HSU875KFVMQ2,7,11,0,0.51,12.393547,0.770893,0.778927,CBAGJWPDSYXTRNZL4TESHSUBTSKEVMG2,0.272727,0.727273,point_previews/task000124_mu000045_rho060_n0.png
0.6,45,8,license_plate_bahnschrift.ttf,CBAGJWPD6YXT0RNZL49E3HSU875KFVMQ2,7,11,1,0.51,12.393547,0.770893,0.778927,CRAGJWPDSYXTURNZLASESHSUBTSKEYMGZ,0.393939,0.606061,point_previews/task000124_mu000045_rho060_n1.png
0.7,45,8,license_plate_bahnschrift.ttf,CBAGJWPD6YXT0RNZL49E3HSU875KFVMQ2,7,11,0,0.595,13.38656,0.735998,0.721147,CBAGJWPDGYXTURNZLAEZHSUB7SKFVMQ2,0.212121,0.787879,point_previews/task000124_mu000045_rho070_n0.png
0.7,45,8,license_plate_bahnschrift.ttf,CBAGJWPD6YXT0RNZL49E3HSU875KFVMQ2,7,11,1,0.595,13.38656,0.735998,0.721147,CBAGJWPDSYXTGRNZLGTESHSUBTSKEVMQ2,0.272727,0.727273,point_previews/task000124_mu000045_rho070_n1.png
0.8,45,8,license_plate_bahnschrift.ttf,CBAGJWPD6YXT0RNZL49E3HSU875KFVMQ2,7,11,0,0.68,14.310835,0.701998,0.674571,CBAGJWPQSYXTURNZLASESHSUBTSKEVMQ2,0.30303,0.69697,point_previews/task000124_mu000045_rho080_n0.png
0.8,45,8,license_plate_bahnschrift.ttf,CBAGJWPD6YXT0RNZL49E3HSU875KFVMQ2,7,11,1,0.68,14.310835,0.701998,0.674571,CBAGJWPD6YXTRNZL49ESHSUBTSKEVMQZ,0.212121,0.787879,point_previews/task000124_mu000045_rho080_n1.png
0.9,45,8,license_plate_bahnschrift.ttf,CBAGJWPD6YXT0RNZL49E3HSU875KFVMQ2,7,11,0,0.765,15.178933,0.668877,0.635992,CBAGJWPDAYXTRNZL49E3HSUBTSKFYMQ2,0.181818,0.818182,point_previews/task000124_mu000045_rho090_n0.png
0.9,45,8,license_plate_bahnschrift.ttf,CBAGJWPD6YXT0RNZL49E3HSU875KFVMQ2,7,11,1,0.765,15.178933,0.668877,0.635992,CBAGJWPDEYXTURNZLAVESHSUBTSKEVMGZ,0.333333,0.666667,point_previews/task000124_mu000045_rho090_n1.png
1.0,45,8,license_plate_bahnschrift.ttf,CBAGJWPD6YXT0RNZL49E3HSU875KFVMQ2,7,11,0,0.85,16.0,0.63662,0.603355,CBAGJWPDSYXTURNZL49ESHSUBTSKFYMQZ,0.242424,0.757576,point_previews/task000124_mu000045_rho100_n0.png
1.0,45,8,license_plate_bahnschrift.ttf,CBAGJWPD6YXT0RNZL49E3HSU875KFVMQ2,7,11,1,0.85,16.0,0.63662,0.603355,CBAGJWPDSYXTRNZL49ESHSUBTSKEYMQ2,0.242424,0.757576,point_previews/task000124_mu000045_rho100_n1.png
0.1,64,8,license_plate_bahnschrift.ttf,CBAGJWPD6YXT0RNZL49E3HSU875KFVMQ2,7,11,0,0.085,5.059644,0.959381,1.907975,CRAGSWPHSTREGRMZLSVESHSTBTSKPUM2,0.575758,0.424242,point_previews/task000125_mu000064_rho010_n0.png
0.1,64,8,license_plate_bahnschrift.ttf,CBAGJWPD6YXT0RNZL49E3HSU875KFVMQ2,7,11,1,0.085,5.059644,0.959381,1.907975,SBAGJWPRSPPRNAREZHSNETKEM,0.606061,0.393939,point_previews/task000125_mu000064_rho010_n1.png
0.2,64,8,license_plate_bahnschrift.ttf,CBAGJWPD6YXT0RNZL49E3HSU875KFVMQ2,7,11,0,0.17,7.155418,0.919759,1.349142,CBAGSWPDSYXTARNELGSESHSUBTSKEVMQD,0.363636,0.636364,point_previews/task000125_mu000064_rho020_n0.png
0.2,64,8,license_plate_bahnschrift.ttf,CBAGJWPD6YXT0RNZL49E3HSU875KFVMQ2,7,11,1,0.17,7.155418,0.919759,1.349142,,1.0,0.0,point_previews/task000125_mu000064_rho020_n1.png
0.3,64,8,license_plate_bahnschrift.ttf,CBAGJWPD6YXT0RNZL49E3HSU875KFVMQ2,7,11,0,0.255,8.763561,0.881116,1.10157,CBAGJWPDSYXTURNZLAESHSUBTSKEUMGZ,0.363636,0.636364,point_previews/task000125_mu000064_rho030_n0.png
0.3,64,8,license_plate_bahnschrift.ttf,CBAGJWPD6YXT0RNZL49E3HSU875KFVMQ2,7,11,1,0.255,8.763561,0.881116,1.10157,CBAGJWP0SYXTURNZL49E3HSUSTSKEYMGZ,0.30303,0.69697,point_previews/task000125_mu000064_rho030_n1.png
0.4,64,8,license_plate_bahnschrift.ttf,CBAGJWPD6YXT0RNZL49E3HSU875KFVMQ2,7,11,0,0.34,10.119289,0.843436,0.953987,CBAGJWPDSYXTURNZLSPESHSUBTSKEYMQZ,0.333333,0.666667,point_previews/task000125_mu000064_rho040_n0.png
0.4,64,8,license_plate_bahnschrift.ttf,CBAGJWPD6YXT0RNZL49E3HSU875KFVMQ2,7,11,1,0.34,10.119289,0.843436,0.953987,CBAGJWPDSYXTRNZL4ESHSUBTSKEYMQ2,0.272727,0.727273,point_previews/task000125_mu000064_rho040_n1.png
0.5,64,8,license_plate_bahnschrift.ttf,CBAGJWPD6YXT0RNZL49E3HSU875KFVMQ2,7,11,0,0.425,11.313708,0.8067,0.853272,CBAGJWPD6YXTARNZLGSESHSUBTSKEVMQ2,0.242424,0.757576,point_previews/task000125_mu000064_rho050_n0.png
0.5,64,8,license_plate_bahnschrift.ttf,CBAGJWPD6YXT0RNZL49E3HSU875KFVMQ2,7,11,1,0.425,11.313708,0.8067,0.853272,CBAGJWPD6YXTRNZL49E3HSUBTSKFYMQ2,0.151515,0.848485,point_previews/task000125_mu000064_rho050_n1.png
0.6,64,8,license_plate_bahnschrift.ttf,CBAGJWPD6YXT0RNZL49E3HSU875KFVMQ2,7,11,0,0.51,12.393547,0.770893,0.778927,CBAGJWPDSYXTRNZLY9ESHSUBTSKEVMQ2,0.242424,0.757576,point_previews/task000125_mu000064_rho060_n0.png
0.6,64,8,license_plate_bahnschrift.ttf,CBAGJWPD6YXT0RNZL49E3HSU875KFVMQ2,7,11,1,0.51,12.393547,0.770893,0.778927,CBAGJWPD6YXTRNZLATESHSUBTSKEVMQZ,0.272727,0.727273,point_previews/task000125_mu000064_rho060_n1.png
0.7,64,8,license_plate_bahnschrift.ttf,CBAGJWPD6YXT0RNZL49E3HSU875KFVMQ2,7,11,0,0.595,13.38656,0.735998,0.721147,CBAGJWPDEYXTGRNZL49ESHSUBTSKFYMQ2,0.212121,0.787879,point_previews/task000125_mu000064_rho070_n0.png
0.7,64,8,license_plate_bahnschrift.ttf,CBAGJWPD6YXT0RNZL49E3HSU875KFVMQ2,7,11,1,0.595,13.38656,0.735998,0.721147,CBAGJWPDSYXTRNZL49ESHSUST5KFYMQ2,0.181818,0.818182,point_previews/task000125_mu000064_rho070_n1.png
0.8,64,8,license_plate_bahnschrift.ttf,CBAGJWPD6YXT0RNZL49E3HSU875KFVMQ2,7,11,0,0.68,14.310835,0.701998,0.674571,CBAGJWPDSYXTRNZL49ESHSUBTSKFEYMQ2,0.242424,0.757576,point_previews/task000125_mu000064_rho080_n0.png
0.8,64,8,license_plate_bahnschrift.ttf,CBAGJWPD6YXT0RNZL49E3HSU875KFVMQ2,7,11,1,0.68,14.310835,0.701998,0.674571,CBAGJWPD6YXTRNZL49E3HSUBTSKFYMQ2,0.151515,0.848485,point_previews/task000125_mu000064_rho080_n1.png
0.9,64,8,license_plate_bahnschrift.ttf,CBAGJWPD6YXT0RNZL49E3HSU875KFVMQ2,7,11,0,0.765,15.178933,0.668877,0.635992,CBAGJWPD6YXTARNZL49ESHSUBTSKFVMQ2,0.151515,0.848485,point_previews/task000125_mu000064_rho090_n0.png
0.9,64,8,license_plate_bahnschrift.ttf,CBAGJWPD6YXT0RNZL49E3HSU875KFVMQ2,7,11,1,0.765,15.178933,0.668877,0.635992,CBAGJWPDSYXTRNZL49ESHSUB7SKFYMQ2,0.181818,0.818182,point_previews/task000125_mu000064_rho090_n1.png
1.0,64,8,license_plate_bahnschrift.ttf,CBAGJWPD6YXT0RNZL49E3HSU875KFVMQ2,7,11,0,0.85,16.0,0.63662,0.603355,CBAGJWPD6YXTURNZL49ESHSUBTSKFYMGZ,0.242424,0.757576,point_previews/task000125_mu000064_rho100_n0.png
1.0,64,8,license_plate_bahnschrift.ttf,CBAGJWPD6YXT0RNZL49E3HSU875KFVMQ2,7,11,1,0.85,16.0,0.63662,0.603355,CBAGJWPD6YXTRNZL49E3HSUB7SKFYMQZ,0.151515,0.848485,point_previews/task000125_mu000064_rho100_n1.png
0.1,4,8,license_plate_bahnschrift.ttf,CBAGJWPD6YXT0RNZL49E3HSU875KFVMQ2,7,15,0,0.085,5.059644,0.959381,1.907975,,1.0,0.0,point_previews/task000126_mu000004_rho010_n0.png
0.1,4,8,license_plate_bahnschrift.ttf,CBAGJWPD6YXT0RNZL49E3HSU875KFVMQ2,7,15,1,0.085,5.059644,0.959381,1.907975,,1.0,0.0,point_previews/task000126_mu000004_rho010_n1.png
0.2,4,8,license_plate_bahnschrift.ttf,CBAGJWPD6YXT0RNZL49E3HSU875KFVMQ2,7,15,0,0.17,7.155418,0.919759,1.349142,ASLESALLUWA,0.878788,0.121212,point_previews/task000126_mu000004_rho020_n0.png
0.2,4,8,license_plate_bahnschrift.ttf,CBAGJWPD6YXT0RNZL49E3HSU875KFVMQ2,7,15,1,0.17,7.155418,0.919759,1.349142,,1.0,0.0,point_previews/task000126_mu000004_rho020_n1.png
0.3,4,8,license_plate_bahnschrift.ttf,CBAGJWPD6YXT0RNZL49E3HSU875KFVMQ2,7,15,0,0.255,8.763561,0.881116,1.10157,RLRENMEDHFPURES,0.878788,0.121212,point_previews/task000126_mu000004_rho030_n0.png
0.3,4,8,license_plate_bahnschrift.ttf,CBAGJWPD6YXT0RNZL49E3HSU875KFVMQ2,7,15,1,0.255,8.763561,0.881116,1.10157,SECSRLGSCRETRCBAAS,0.909091,0.090909,point_previews/task000126_mu000004_rho030_n1.png
0.4,4,8,license_plate_bahnschrift.ttf,CBAGJWPD6YXT0RNZL49E3HSU875KFVMQ2,7,15,0,0.34,10.119289,0.843436,0.953987,,1.0,0.0,point_previews/task000126_mu000004_rho040_n0.png
0.4,4,8,license_plate_bahnschrift.ttf,CBAGJWPD6YXT0RNZL49E3HSU875KFVMQ2,7,15,1,0.34,10.119289,0.843436,0.953987,BNETTRNNRNHRSASTBAMNNY,0.848485,0.151515,point_previews/task000126_mu000004_rho040_n1.png
0.5,4,8,license_plate_bahnschrift.ttf,CBAGJWPD6YXT0RNZL49E3HSU875KFVMQ2,7,15,0,0.425,11.313708,0.8067,0.853272,RERTRASPRUUTLNBR,0.909091,0.090909,point_previews/task000126_mu000004_rho050_n0.png
0.5,4,8,license_plate_bahnschrift.ttf,CBAGJWPD6YXT0RNZL49E3HSU875KFVMQ2,7,15,1,0.425,11.313708,0.8067,0.853272,ASST,0.939394,0.060606,point_previews/task000126_mu000004_rho050_n1.png
0.6,4,8,license_plate_bahnschrift.ttf,CBAGJWPD6YXT0RNZL49E3HSU875KFVMQ2,7,15,0,0.51,12.393547,0.770893,0.778927,SQSAESMSRTRAPEELRSPAELPRE,0.878788,0.121212,point_previews/task000126_mu000004_rho060_n0.png
0.6,4,8,license_plate_bahnschrift.ttf,CBAGJWPD6YXT0RNZL49E3HSU875KFVMQ2,7,15,1,0.51,12.393547,0.770893,0.778927,CAACALRUR,0.878788,0.121212,point_previews/task000126_mu000004_rho060_n1.png
0.7,4,8,license_plate_bahnschrift.ttf,CBAGJWPD6YXT0RNZL49E3HSU875KFVMQ2,7,15,0,0.595,13.38656,0.735998,0.721147,SPSSAUPRENGSLRARRSTTBTENED,0.909091,0.090909,point_previews/task000126_mu000004_rho070_n0.png
0.7,4,8,license_plate_bahnschrift.ttf,CBAGJWPD6YXT0RNZL49E3HSU875KFVMQ2,7,15,1,0.595,13.38656,0.735998,0.721147,ASETSCRCLCRARERPTRR,0.909091,0.090909,point_previews/task000126_mu000004_rho070_n1.png
0.8,4,8,license_plate_bahnschrift.ttf,CBAGJWPD6YXT0RNZL49E3HSU875KFVMQ2,7,15,0,0.68,14.310835,0.701998,0.674571,EMCMLALERRCSRPAMETTAPRGWC,0.939394,0.060606,point_previews/task000126_mu000004_rho080_n0.png
0.8,4,8,license_plate_bahnschrift.ttf,CBAGJWPD6YXT0RNZL49E3HSU875KFVMQ2,7,15,1,0.68,14.310835,0.701998,0.674571,SBESWEGECGRERGPPS,0.878788,0.121212,point_previews/task000126_mu000004_rho080_n1.png
0.9,4,8,license_plate_bahnschrift.ttf,CBAGJWPD6YXT0RNZL49E3HSU875KFVMQ2,7,15,0,0.765,15.178933,0.668877,0.635992,SRURSYMSMEAEBCSLS,0.909091,0.090909,point_previews/task000126_mu000004_rho090_n0.png
0.9,4,8,license_plate_bahnschrift.ttf,CBAGJWPD6YXT0RNZL49E3HSU875KFVMQ2,7,15,1,0.765,15.178933,0.668877,0.635992,TESA,0.909091,0.090909,point_previews/task000126_mu000004_rho090_n1.png
1.0,4,8,license_plate_bahnschrift.ttf,CBAGJWPD6YXT0RNZL49E3HSU875KFVMQ2,7,15,0,0.85,16.0,0.63662,0.603355,ERRTEANRCERESPDREAMGGRGT,0.909091,0.090909,point_previews/task000126_mu000004_rho100_n0.png
1.0,4,8,license_plate_bahnschrift.ttf,CBAGJWPD6YXT0RNZL49E3HSU875KFVMQ2,7,15,1,0.85,16.0,0.63662,0.603355,TERRPRPTTNSP2SEGRGURTR,0.848485,0.151515,point_previews/task000126_mu000004_rho100_n1.png
0.1,6,8,license_plate_bahnschrift.ttf,CBAGJWPD6YXT0RNZL49E3HSU875KFVMQ2,7,15,0,0.085,5.059644,0.959381,1.907975,,1.0,0.0,point_previews/task000127_mu000006_rho010_n0.png
0.1,6,8,license_plate_bahnschrift.ttf,CBAGJWPD6YXT0RNZL49E3HSU875KFVMQ2,7,15,1,0.085,5.059644,0.959381,1.907975,SMRTNRU,0.909091,0.090909,point_previews/task000127_mu000006_rho010_n1.png
0.2,6,8,license_plate_bahnschrift.ttf,CBAGJWPD6YXT0RNZL49E3HSU875KFVMQ2,7,15,0,0.17,7.155418,0.919759,1.349142,RSAPE,0.909091,0.090909,point_previews/task000127_mu000006_rho020_n0.png
0.2,6,8,license_plate_bahnschrift.ttf,CBAGJWPD6YXT0RNZL49E3HSU875KFVMQ2,7,15,1,0.17,7.155418,0.919759,1.349142,,1.0,0.0,point_previews/task000127_mu000006_rho020_n1.png
0.3,6,8,license_plate_bahnschrift.ttf,CBAGJWPD6YXT0RNZL49E3HSU875KFVMQ2,7,15,0,0.255,8.763561,0.881116,1.10157,PEREREURERESCCPVS,0.848485,0.151515,point_previews/task000127_mu000006_rho030_n0.png
0.3,6,8,license_plate_bahnschrift.ttf,CBAGJWPD6YXT0RNZL49E3HSU875KFVMQ2,7,15,1,0.255,8.763561,0.881116,1.10157,,1.0,0.0,point_previews/task000127_mu000006_rho030_n1.png
0.4,6,8,license_plate_bahnschrift.ttf,CBAGJWPD6YXT0RNZL49E3HSU875KFVMQ2,7,15,0,0.34,10.119289,0.843436,0.953987,BRCRETTERNTTULMTTENRE,0.848485,0.151515,point_previews/task000127_mu000006_rho040_n0.png
0.4,6,8,license_plate_bahnschrift.ttf,CBAGJWPD6YXT0RNZL49E3HSU875KFVMQ2,7,15,1,0.34,10.119289,0.843436,0.953987,GREPMPSPRHREE,0.878788,0.121212,point_previews/task000127_mu000006_rho040_n1.png
0.5,6,8,license_plate_bahnschrift.ttf,CBAGJWPD6YXT0RNZL49E3HSU875KFVMQ2,7,15,0,0.425,11.313708,0.8067,0.853272,RUSCRASMTGMRESU,0.878788,0.121212,point_previews/task000127_mu000006_rho050_n0.png
0.5,6,8,license_plate_bahnschrift.ttf,CBAGJWPD6YXT0RNZL49E3HSU875KFVMQ2,7,15,1,0.425,11.313708,0.8067,0.853272,,1.0,0.0,point_previews/task000127_mu000006_rho050_n1.png
0.6,6,8,license_plate_bahnschrift.ttf,CBAGJWPD6YXT0RNZL49E3HSU875KFVMQ2,7,15,0,0.51,12.393547,0.770893,0.778927,TEERMURTSVTARSENASESEUBRERNE,0.878788,0.121212,point_previews/task000127_mu000006_rho060_n0.png
0.6,6,8,license_plate_bahnschrift.ttf,CBAGJWPD6YXT0RNZL49E3HSU875KFVMQ2,7,15,1,0.51,12.393547,0.770893,0.778927,SSRCRDLYSACL,0.909091,0.090909,point_previews/task000127_mu000006_rho060_n1.png
0.7,6,8,license_plate_bahnschrift.ttf,CBAGJWPD6YXT0RNZL49E3HSU875KFVMQ2,7,15,0,0.595,13.38656,0.735998,0.721147,BBSMREESSCAURLARGJS,0.878788,0.121212,point_previews/task000127_mu000006_rho070_n0.png
0.7,6,8,license_plate_bahnschrift.ttf,CBAGJWPD6YXT0RNZL49E3HSU875KFVMQ2,7,15,1,0.595,13.38656,0.735998,0.721147,TESAAATAYRTERETARUSRTSRCNNE,0.848485,0.151515,point_previews/task000127_mu000006_rho070_n1.png
0.8,6,8,license_plate_bahnschrift.ttf,CBAGJWPD6YXT0RNZL49E3HSU875KFVMQ2,7,15,0,0.68,14.310835,0.701998,0.674571,PEAGWPSETETARARGESSEWHDT,0.757576,0.242424,point_previews/task000127_mu000006_rho080_n0.png
0.8,6,8,license_plate_bahnschrift.ttf,CBAGJWPD6YXT0RNZL49E3HSU875KFVMQ2,7,15,1,0.68,14.310835,0.701998,0.674571,CRADURBSTENRTURALRRSE,0.818182,0.181818,point_previews/task000127_mu000006_rho080_n1.png
0.9,6,8,license_plate_bahnschrift.ttf,CBAGJWPD6YXT0RNZL49E3HSU875KFVMQ2,7,15,0,0.765,15.178933,0.668877,0.635992,SGBESRSERBESS,0.878788,0.121212,point_previews/task000127_mu000006_rho090_n0.png
0.9,6,8,license_plate_bahnschrift.ttf,CBAGJWPD6YXT0RNZL49E3HSU875KFVMQ2,7,15,1,0.765,15.178933,0.668877,0.635992,SRAGSWRCEPEESENZEAGDSUSSRSREUNGS,0.818182,0.181818,point_previews/task000127_mu000006_rho090_n1.png
1.0,6,8,license_plate_bahnschrift.ttf,CBAGJWPD6YXT0RNZL49E3HSU875KFVMQ2,7,15,0,0.85,16.0,0.63662,0.603355,SARESRALRESUPASURTREVN,0.848485,0.151515,point_previews/task000127_mu000006_rho100_n0.png
1.0,6,8,license_plate_bahnschrift.ttf,CBAGJWPD6YXT0RNZL49E3HSU875KFVMQ2,7,15,1,0.85,16.0,0.63662,0.603355,CBEGSHPTEREDRNZEAPEDHSUBTSKEYGR,0.636364,0.363636,point_previews/task000127_mu000006_rho100_n1.png
0.1,8,8,license_plate_bahnschrift.ttf,CBAGJWPD6YXT0RNZL49E3HSU875KFVMQ2,7,15,0,0.085,5.059644,0.959381,1.907975,SSAARSTRN,0.878788,0.121212,point_previews/task000128_mu000008_rho010_n0.png
0.1,8,8,license_plate_bahnschrift.ttf,CBAGJWPD6YXT0RNZL49E3HSU875KFVMQ2,7,15,1,0.085,5.059644,0.959381,1.907975,GALALDADNENAEACNETY,0.878788,0.121212,point_previews/task000128_mu000008_rho010_n1.png
0.2,8,8,license_plate_bahnschrift.ttf,CBAGJWPD6YXT0RNZL49E3HSU875KFVMQ2,7,15,0,0.17,7.155418,0.919759,1.349142,HERTERRSULUREME,0.848485,0.151515,point_previews/task000128_mu000008_rho020_n0.png
0.2,8,8,license_plate_bahnschrift.ttf,CBAGJWPD6YXT0RNZL49E3HSU875KFVMQ2,7,15,1,0.17,7.155418,0.919759,1.349142,,1.0,0.0,point_previews/task000128_mu000008_rho020_n1.png
0.3,8,8,license_plate_bahnschrift.ttf,CBAGJWPD6YXT0RNZL49E3HSU875KFVMQ2,7,15,0,0.255,8.763561,0.881116,1.10157,CTRMRUSFGVS,0.848485,0.151515,point_previews/task000128_mu000008_rho030_n0.png
0.3,8,8,license_plate_bahnschrift.ttf,CBAGJWPD6YXT0RNZL49E3HSU875KFVMQ2,7,15,1,0.255,8.763561,0.881116,1.10157,RRERSBENEDT,0.909091,0.090909,point_previews/task000128_mu000008_rho030_n1.png
0.4,8,8,license_plate_bahnschrift.ttf,CBAGJWPD6YXT0RNZL49E3HSU875KFVMQ2,7,15,0,0.34,10.119289,0.843436,0.953987,EBSTERREYMSRNTCHSSEA,0.818182,0.181818,point_previews/task000128_mu000008_rho040_n0.png
0.4,8,8,license_plate_bahnschrift.ttf,CBAGJWPD6YXT0RNZL49E3HSU875KFVMQ2,7,15,1,0.34,10.119289,0.843436,0.953987,GWMLSEAPARAERLUMEHECA,0.848485,0.151515,point_previews/task000128_mu000008_rho040_n1.png
0.5,8,8,license_plate_bahnschrift.ttf,CBAGJWPD6YXT0RNZL49E3HSU875KFVMQ2,7,15,0,0.425,11.313708,0.8067,0.853272,ASDDRGRCAPETNSLBSEMRNET,0.848485,0.151515,point_previews/task000128_mu000008_rho050_n0.png
0.5,8,8,license_plate_bahnschrift.ttf,CBAGJWPD6YXT0RNZL49E3HSU875KFVMQ2,7,15,1,0.425,11.313708,0.8067,0.853272,CBRERESYSESNSARTWAS,0.848485,0.151515,point_previews/task000128_mu000008_rho050_n1.png
0.6,8,8,license_plate_bahnschrift.ttf,CBAGJWPD6YXT0RNZL49E3HSU875KFVMQ2,7,15,0,0.51,12.393547,0.770893,0.778927,EADAWPRRRRRAMSFATECSERAS,0.848485,0.151515,point_previews/task000128_mu000008_rho060_n0.png
0.6,8,8,license_plate_bahnschrift.ttf,CBAGJWPD6YXT0RNZL49E3HSU875KFVMQ2,7,15,1,0.51,12.393547,0.770893,0.778927,DSALSHPULRKRAPEAHSURTAMTYRRE,0.787879,0.212121,point_previews/task000128_mu000008_rho060_n1.png
0.7,8,8,license_plate_bahnschrift.ttf,CBAGJWPD6YXT0RNZL49E3HSU875KFVMQ2,7,15,0,0.595,13.38656,0.735998,0.721147,ERAGHUPDSERTSALSARETSPSKG,0.757576,0.242424,point_previews/task000128_mu000008_rho070_n0.png
0.7,8,8,license_plate_bahnschrift.ttf,CBAGJWPD6YXT0RNZL49E3HSU875KFVMQ2,7,15,1,0.595,13.38656,0.735998,0.721147,CHAESMBDRTXRNZLAUEGHSUATSR,0.636364,0.363636,point_previews/task000128_mu000008_rho070_n1.png
0.8,8,8,license_plate_bahnschrift.ttf,CBAGJWPD6YXT0RNZL49E3HSU875KFVMQ2,7,15,0,0.68,14.310835,0.701998,0.674571,CHASAAPDRPLTGRELELASRSSUSANRUD,0.727273,0.272727,point_previews/task000128_mu000008_rho080_n0.png
0.8,8,8,license_plate_bahnschrift.ttf,CBAGJWPD6YXT0RNZL49E3HSU875KFVMQ2,7,15,1,0.68,14.310835,0.701998,0.674571,SBARWPDAYDRAZESESRSUARE,0.666667,0.333333,point_previews/task000128_mu000008_rho080_n1.png
0.9,8,8,license_plate_bahnschrift.ttf,CBAGJWPD6YXT0RNZL49E3HSU875KFVMQ2,7,15,0,0.765,15.178933,0.668877,0.635992,,1.0,0.0,point_previews/task000128_mu000008_rho090_n0.png
0.9,8,8,license_plate_bahnschrift.ttf,CBAGJWPD6YXT0RNZL49E3HSU875KFVMQ2,7,15,1,0.765,15.178933,0.668877,0.635992,ERAGAUPBSYSTREALADRSTSLNPKEYM,0.69697,0.30303,point_previews/task000128_mu000008_rho090_n1.png
1.0,8,8,license_plate_bahnschrift.ttf,CBAGJWPD6YXT0RNZL49E3HSU875KFVMQ2,7,15,0,0.85,16.0,0.63662,0.603355,TRAGVDDEETSRAZLZUESHSUETSX,0.666667,0.333333,point_previews/task000128_mu000008_rho100_n0.png
1.0,8,8,license_plate_bahnschrift.ttf,CBAGJWPD6YXT0RNZL49E3HSU875KFVMQ2,7,15,1,0.85,16.0,0.63662,0.603355,,1.0,0.0,point_previews/task000128_mu000008_rho100_n1.png
0.1,11,8,license_plate_bahnschrift.ttf,CBAGJWPD6YXT0RNZL49E3HSU875KFVMQ2,7,15,0,0.085,5.059644,0.959381,1.907975,RAECULENERASEEWADE,0.878788,0.121212,point_previews/task000129_mu000011_rho010_n0.png
0.1,11,8,license_plate_bahnschrift.ttf,CBAGJWPD6YXT0RNZL49E3HSU875KFVMQ2,7,15,1,0.085,5.059644,0.959381,1.907975,PMEASTSESNSRSA,0.878788,0.121212,point_previews/task000129_mu000011_rho010_n1.png
0.2,11,8,license_plate_bahnschrift.ttf,CBAGJWPD6YXT0RNZL49E3HSU875KFVMQ2,7,15,0,0.17,7.155418,0.919759,1.349142,RUEARRPNSTRRNSSRT,0.848485,0.151515,point_previews/task000129_mu000011_rho020_n0.png
0.2,11,8,license_plate_bahnschrift.ttf,CBAGJWPD6YXT0RNZL49E3HSU875KFVMQ2,7,15,1,0.17,7.155418,0.919759,1.349142,BCDPNRTACPATSSNES,0.878788,0.121212,point_previews/task000129_mu000011_rho020_n1.png
0.3,11,8,license_plate_bahnschrift.ttf,CBAGJWPD6YXT0RNZL49E3HSU875KFVMQ2,7,15,0,0.255,8.763561,0.881116,1.10157,MERPANATLARNBLV,0.848485,0.151515,point_previews/task000129_mu000011_rho030_n0.png
0.3,11,8,license_plate_bahnschrift.ttf,CBAGJWPD6YXT0RNZL49E3HSU875KFVMQ2,7,15,1,0.255,8.763561,0.881116,1.10157,EREGTPASRPEEPLRSHEERERTE,0.878788,0.121212,point_previews/task000129_mu000011_rho030_n1.png
0.4,11,8,license_plate_bahnschrift.ttf,CBAGJWPD6YXT0RNZL49E3HSU875KFVMQ2,7,15,0,0.34,10.119289,0.843436,0.953987,SPARARPAERSRNGLSGPSUSTSREMGE,0.757576,0.242424,point_previews/task000129_mu000011_rho040_n0.png
0.4,11,8,license_plate_bahnschrift.ttf,CBAGJWPD6YXT0RNZL49E3HSU875KFVMQ2,7,15,1,0.34,10.119289,0.843436,0.953987,CEPARMMGRYATSRAELBSESSUNRRER,0.757576,0.242424,point_previews/task000129_mu000011_rho040_n1.png
0.5,11,8,license_plate_bahnschrift.ttf,CBAGJWPD6YXT0RNZL49E3HSU875KFVMQ2,7,15,0,0.425,11.313708,0.8067,0.853272,SRAMCYPCSYXTRANBEADESHSURFPR,0.666667,0.333333,point_previews/task000129_mu000011_rho050_n0.png
0.5,11,8,license_plate_bahnschrift.ttf,CBAGJWPD6YXT0RNZL49E3HSU875KFVMQ2,7,15,1,0.425,11.313708,0.8067,0.853272,ERAGASPUSERTGRATHAGSSUATEREYS,0.787879,0.212121,point_previews/task000129_mu000011_rho050_n1.png
0.6,11,8,license_plate_bahnschrift.ttf,CBAGJWPD6YXT0RNZL49E3HSU875KFVMQ2,7,15,0,0.51,12.393547,0.770893,0.778927,CRAGSNADLYNTCSHZLATESHSUBTCNVARRE,0.636364,0.363636,point_previews/task000129_mu000011_rho060_n0.png
0.6,11,8,license_plate_bahnschrift.ttf,CBAGJWPD6YXT0RNZL49E3HSU875KFVMQ2,7,15,1,0.51,12.393547,0.770893,0.778927,,1.0,0.0,point_previews/task000129_mu000011_rho060_n1.png
0.7,11,8,license_plate_bahnschrift.ttf,CBAGJWPD6YXT0RNZL49E3HSU875KFVMQ2,7,15,0,0.595,13.38656,0.735998,0.721147,BRACWRDECDRAALCSEJNSUBTSHRMG,0.727273,0.272727,point_previews/task000129_mu000011_rho070_n0.png
0.7,11,8,license_plate_bahnschrift.ttf,CBAGJWPD6YXT0RNZL49E3HSU875KFVMQ2,7,15,1,0.595,13.38656,0.735998,0.721147,EBAGWRRESRTRAAZLG9ESHSUBTSKEMS,0.575758,0.424242,point_previews/task000129_mu000011_rho070_n1.png
0.8,11,8,license_plate_bahnschrift.ttf,CBAGJWPD6YXT0RNZL49E3HSU875KFVMQ2,7,15,0,0.68,14.310835,0.701998,0.674571,CBAGSWEPDSEXTURANELA9EABSUBTSKEUGD,0.545455,0.454545,point_previews/task000129_mu000011_rho080_n0.png
0.8,11,8,license_plate_bahnschrift.ttf,CBAGJWPD6YXT0RNZL49E3HSU875KFVMQ2,7,15,1,0.68,14.310835,0.701998,0.674571,CEAGWPUREXTDRAPALUPESHSUSTSKEMGD,0.575758,0.424242,point_previews/task000129_mu000011_rho080_n1.png
0.9,11,8,license_plate_bahnschrift.ttf,CBAGJWPD6YXT0RNZL49E3HSU875KFVMQ2,7,15,0,0.765,15.178933,0.668877,0.635992,CBAGJWPASYRTGRAZESVESHSUBTSKEVMA,0.454545,0.545455,point_previews/task000129_mu000011_rho090_n0.png
0.9,11,8,license_plate_bahnschrift.ttf,CBAGJWPD6YXT0RNZL49E3HSU875KFVMQ2,7,15,1,0.765,15.178933,0.668877,0.635992,SCBAGJWPSRYRTURNTL9ESHSUATSKPVMGS,0.424242,0.575758,point_previews/task000129_mu000011_rho090_n1.png
1.0,11,8,license_plate_bahnschrift.ttf,CBAGJWPD6YXT0RNZL49E3HSU875KFVMQ2,7,15,0,0.85,16.0,0.63662,0.603355,EBAEWPGTRTRMELGPESHSURTAKENGD,0.636364,0.363636,point_previews/task000129_mu000011_rho100_n0.png
1.0,11,8,license_plate_bahnschrift.ttf,CBAGJWPD6YXT0RNZL49E3HSU875KFVMQ2,7,15,1,0.85,16.0,0.63662,0.603355,CHABWPDAYXTARNZLFQESRSURTSEMMG2,0.484848,0.515152,point_previews/task000129_mu000011_rho100_n1.png
0.1,16,8,license_plate_bahnschrift.ttf,CBAGJWPD6YXT0RNZL49E3HSU875KFVMQ2,7,15,0,0.085,5.059644,0.959381,1.907975,,1.0,0.0,point_previews/task000130_mu000016_rho010_n0.png
0.1,16,8,license_plate_bahnschrift.ttf,CBAGJWPD6YXT0RNZL49E3HSU875KFVMQ2,7,15,1,0.085,5.059644,0.959381,1.907975,ENMCDGNBREEYDSRERRYS,0.878788,0.121212,point_previews/task000130_mu000016_rho010_n1.png
0.2,16,8,license_plate_bahnschrift.ttf,CBAGJWPD6YXT0RNZL49E3HSU875KFVMQ2,7,15,0,0.17,7.155418,0.919759,1.349142,SHBAAATNCRPACLHEGHSTN,0.848485,0.151515,point_previews/task000130_mu000016_rho020_n0.png
0.2,16,8,license_plate_bahnschrift.ttf,CBAGJWPD6YXT0RNZL49E3HSU875KFVMQ2,7,15,1,0.17,7.155418,0.919759,1.349142,CRAGUEBBTEEBPNG,0.848485,0.151515,point_previews/task000130_mu000016_rho020_n1.png
0.3,16,8,license_plate_bahnschrift.ttf,CBAGJWPD6YXT0RNZL49E3HSU875KFVMQ2,7,15,0,0.255,8.763561,0.881116,1.10157,GBAGPRRSCTNYEXPPESPESULE,0.787879,0.212121,point_previews/task000130_mu000016_rho030_n0.png
0.3,16,8,license_plate_bahnschrift.ttf,CBAGJWPD6YXT0RNZL49E3HSU875KFVMQ2,7,15,1,0.255,8.763561,0.881116,1.10157,LBAGATEDAVREGRMELUVESHSABESS,0.727273,0.272727,point_previews/task000130_mu000016_rho030_n1.png
0.4,16,8,license_plate_bahnschrift.ttf,CBAGJWPD6YXT0RNZL49E3HSU875KFVMQ2,7,15,0,0.34,10.119289,0.843436,0.953987,PEAGANPHSGURNZLANESSUSTSRPM,0.666667,0.333333,point_previews/task000130_mu000016_rho040_n0.png
0.4,16,8,license_plate_bahnschrift.ttf,CBAGJWPD6YXT0RNZL49E3HSU875KFVMQ2,7,15,1,0.34,10.119289,0.843436,0.953987,SBABWRDSECR0SAZEADKEHAUBTSKERMZ,0.69697,0.30303,point_previews/task000130_mu000016_rho040_n1.png
0.5,16,8,license_plate_bahnschrift.ttf,CBAGJWPD6YXT0RNZL49E3HSU875KFVMQ2,7,15,0,0.425,11.313708,0.8067,0.853272,CBAGAWEDSYETSRN7LGESHSUBTAKEYMG2,0.454545,0.545455,point_previews/task000130_mu000016_rho050_n0.png
0.5,16,8,license_plate_bahnschrift.ttf,CBAGJWPD6YXT0RNZL49E3HSU875KFVMQ2,7,15,1,0.425,11.313708,0.8067,0.853272,SCHAAWPDSYRTURNZLAGESHSUSE,0.575758,0.424242,point_previews/task000130_mu000016_rho050_n1.png
0.6,16,8,license_plate_bahnschrift.ttf,CBAGJWPD6YXT0RNZL49E3HSU875KFVMQ2,7,15,0,0.51,12.393547,0.770893,0.778927,CBAGAYPRANTRNZLGTESHSUBTSKEWMR,0.515152,0.484848,point_previews/task000130_mu000016_rho060_n0.png
0.6,16,8,license_plate_bahnschrift.ttf,CBAGJWPD6YXT0RNZL49E3HSU875KFVMQ2,7,15,1,0.51,12.393547,0.770893,0.778927,,1.0,0.0,point_previews/task000130_mu000016_rho060_n1.png
0.7,16,8,license_plate_bahnschrift.ttf,CBAGJWPD6YXT0RNZL49E3HSU875KFVMQ2,7,15,0,0.595,13.38656,0.735998,0.721147,SBAGSAPDEVXETRNZLAGESHSUSTERESMGZ,0.545455,0.454545,point_previews/task000130_mu000016_rho070_n0.png
0.7,16,8,license_plate_bahnschrift.ttf,CBAGJWPD6YXT0RNZL49E3HSU875KFVMQ2,7,15,1,0.595,13.38656,0.735998,0.721147,CBAGAYPDSYRTSANALA9ETHSUBTEKFVMZ,0.424242,0.575758,point_previews/task000130_mu000016_rho070_n1.png
0.8,16,8,license_plate_bahnschrift.ttf,CBAGJWPD6YXT0RNZL49E3HSU875KFVMQ2,7,15,0,0.68,14.310835,0.701998,0.674571,CBAGJWPDSYRTURNZLU9ETNSUBTEREUMG2,0.393939,0.606061,point_previews/task000130_mu000016_rho080_n0.png
0.8,16,8,license_plate_bahnschrift.ttf,CBAGJWPD6YXT0RNZL49E3HSU875KFVMQ2,7,15,1,0.68,14.310835,0.701998,0.674571,,1.0,0.0,point_previews/task000130_mu000016_rho080_n1.png
0.9,16,8,license_plate_bahnschrift.ttf,CBAGJWPD6YXT0RNZL49E3HSU875KFVMQ2,7,15,0,0.765,15.178933,0.668877,0.635992,CRAGJWPDSYRTGRNZE4PESMSUBTSKEYMGS,0.454545,0.545455,point_previews/task000130_mu000016_rho090_n0.png
0.9,16,8,license_plate_bahnschrift.ttf,CBAGJWPD6YXT0RNZL49E3HSU875KFVMQ2,7,15,1,0.765,15.178933,0.668877,0.635992,,1.0,0.0,point_previews/task000130_mu000016_rho090_n1.png
1.0,16,8,license_plate_bahnschrift.ttf,CBAGJWPD6YXT0RNZL49E3HSU875KFVMQ2,7,15,0,0.85,16.0,0.63662,0.603355,CRAGMPDSYMTRNZEATLGHSUBTSKPYMG2,0.515152,0.484848,point_previews/task000130_mu000016_rho100_n0.png
1.0,16,8,license_plate_bahnschrift.ttf,CBAGJWPD6YXT0RNZL49E3HSU875KFVMQ2,7,15,1,0.85,16.0,0.63662,0.603355,CBAGWPDSYXTURNZL4BNSUSTSKEYMG2,0.393939,0.606061,point_previews/task000130_mu000016_rho100_n1.png
0.1,23,8,license_plate_bahnschrift.ttf,CBAGJWPD6YXT0RNZL49E3HSU875KFVMQ2,7,15,0,0.085,5.059644,0.959381,1.907975,SRPRFLACTETSEEWRPA,0.878788,0.121212,point_previews/task000131_mu000023_rho010_n0.png
0.1,23,8,license_plate_bahnschrift.ttf,CBAGJWPD6YXT0RNZL49E3HSU875KFVMQ2,7,15,1,0.085,5.059644,0.959381,1.907975,RSMFEMGRSTCSUTET,0.909091,0.090909,point_previews/task000131_mu000023_rho010_n1.png
0.2,23,8,license_plate_bahnschrift.ttf,CBAGJWPD6YXT0RNZL49E3HSU875KFVMQ2,7,15,0,0.17,7.155418,0.919759,1.349142,ARAAUPDSETDRUTLASETHSUBTSM,0.666667,0.333333,point_previews/task000131_mu000023_rho020_n0.png
0.2,23,8,license_plate_bahnschrift.ttf,CBAGJWPD6YXT0RNZL49E3HSU875KFVMQ2,7,15,1,0.17,7.155418,0.919759,1.349142,SCRADNPSSSRAYEANSURGHREMD,0.787879,0.212121,point_previews/task000131_mu000023_rho020_n1.png
0.3,23,8,license_plate_bahnschrift.ttf,CBAGJWPD6YXT0RNZL49E3HSU875KFVMQ2,7,15,0,0.255,8.763561,0.881116,1.10157,CHAGTWPDSYRTGRNZEARSHSUSTSKRYMR,0.515152,0.484848,point_previews/task000131_mu000023_rho030_n0.png
0.3,23,8,license_plate_bahnschrift.ttf,CBAGJWPD6YXT0RNZL49E3HSU875KFVMQ2,7,15,1,0.255,8.763561,0.881116,1.10157,SEBAGAYPDSYTURNZLUFESHSUATSHEAMB,0.545455,0.454545,point_previews/task000131_mu000023_rho030_n1.png
0.4,23,8,license_plate_bahnschrift.ttf,CBAGJWPD6YXT0RNZL49E3HSU875KFVMQ2,7,15,0,0.34,10.119289,0.843436,0.953987,CHAGJWPDEGRNZLAVETRSUBTSKEVS,0.515152,0.484848,point_previews/task000131_mu000023_rho040_n0.png
0.4,23,8,license_plate_bahnschrift.ttf,CBAGJWPD6YXT0RNZL49E3HSU875KFVMQ2,7,15,1,0.34,10.119289,0.843436,0.953987,,1.0,0.0,point_previews/task000131_mu000023_rho040_n1.png
0.5,23,8,license_plate_bahnschrift.ttf,CBAGJWPD6YXT0RNZL49E3HSU875KFVMQ2,7,15,0,0.425,11.313708,0.8067,0.853272,,1.0,0.0,point_previews/task000131_mu000023_rho050_n0.png
0.5,23,8,license_plate_bahnschrift.ttf,CBAGJWPD6YXT0RNZL49E3HSU875KFVMQ2,7,15,1,0.425,11.313708,0.8067,0.853272,CHAGAEPDAYETCPNZLGVESHSUBTSKEVMZ,0.484848,0.515152,point_previews/task000131_mu000023_rho050_n1.png
0.6,23,8,license_plate_bahnschrift.ttf,CBAGJWPD6YXT0RNZL49E3HSU875KFVMQ2,7,15,0,0.51,12.393547,0.770893,0.778927,CBAGWPDSYRTRNZLAESHSUSTSKRVMGD,0.393939,0.606061,point_previews/task000131_mu000023_rho060_n0.png
0.6,23,8,license_plate_bahnschrift.ttf,CBAGJWPD6YXT0RNZL49E3HSU875KFVMQ2,7,15,1,0.51,12.393547,0.770893,0.778927,,1.0,0.0,point_previews/task000131_mu000023_rho060_n1.png
0.7,23,8,license_plate_bahnschrift.ttf,CBAGJWPD6YXT0RNZL49E3HSU875KFVMQ2,7,15,0,0.595,13.38656,0.735998,0.721147,,1.0,0.0,point_previews/task000131_mu000023_rho070_n0.png
0.7,23,8,license_plate_bahnschrift.ttf,CBAGJWPD6YXT0RNZL49E3HSU875KFVMQ2,7,15,1,0.595,13.38656,0.735998,0.721147,CRAGAWPDBYMTDRNZLAPESHSUBTSKEVMGZ,0.424242,0.575758,point_previews/task000131_mu000023_rho070_n1.png
0.8,23,8,license_plate_bahnschrift.ttf,CBAGJWPD6YXT0RNZL49E3HSU875KFVMQ2,7,15,0,0.68,14.310835,0.701998,0.674571,CBAGAWRDSYXTURNZL49ESHSUBTSKEMQ2,0.30303,0.69697,point_previews/task000131_mu000023_rho080_n0.png
0.8,23,8,license_plate_bahnschrift.ttf,CBAGJWPD6YXT0RNZL49E3HSU875KFVMQ2,7,15,1,0.68,14.310835,0.701998,0.674571,CBAGJWPDSYXTRNZLA9ESHSUBTSKEVMGZ,0.30303,0.69697,point_previews/task000131_mu000023_rho080_n1.png
0.9,23,8,license_plate_bahnschrift.ttf,CBAGJWPD6YXT0RNZL49E3HSU875KFVMQ2,7,15,0,0.765,15.178933,0.668877,0.635992,,1.0,0.0,point_previews/task000131_mu000023_rho090_n0.png
0.9,23,8,license_plate_bahnschrift.ttf,CBAGJWPD6YXT0RNZL49E3HSU875KFVMQ2,7,15,1,0.765,15.178933,0.668877,0.635992,CBAGJWPDSYXTURNZLAPESMSUBTSKEUMGZ,0.393939,0.606061,point_previews/task000131_mu000023_rho090_n1.png
1.0,23,8,license_plate_bahnschrift.ttf,CBAGJWPD6YXT0RNZL49E3HSU875KFVMQ2,7,15,0,0.85,16.0,0.63662,0.603355,CBAGJWPDSYXTCRNZLGFESHSUBTSKFYMG2,0.30303,0.69697,point_previews/task000131_mu000023_rho100_n0.png
1.0,23,8,license_plate_bahnschrift.ttf,CBAGJWPD6YXT0RNZL49E3HSU875KFVMQ2,7,15,1,0.85,16.0,0.63662,0.603355,CBAGJWPDSYXTGRNZLGESHSUBTSKEVMQ2Z,0.30303,0.69697,point_previews/task000131_mu000023_rho100_n1.png
0.1,32,8,license_plate_bahnschrift.ttf,CBAGJWPD6YXT0RNZL49E3HSU875KFVMQ2,7,15,0,0.085,5.059644,0.959381,1.907975,,1.0,0.0,point_previews/task000132_mu000032_rho010_n0.png
0.1,32,8,license_plate_bahnschrift.ttf,CBAGJWPD6YXT0RNZL49E3HSU875KFVMQ2,7,15,1,0.085,5.059644,0.959381,1.907975,EERCMETCTERSMERSYPFRE,0.848485,0.151515,point_previews/task000132_mu000032_rho010_n1.png
0.2,32,8,license_plate_bahnschrift.ttf,CBAGJWPD6YXT0RNZL49E3HSU875KFVMQ2,7,15,0,0.17,7.155418,0.919759,1.349142,CRAGJWPDSYETURNZEAVESHSLSTSPM,0.515152,0.484848,point_previews/task000132_mu000032_rho020_n0.png
0.2,32,8,license_plate_bahnschrift.ttf,CBAGJWPD6YXT0RNZL49E3HSU875KFVMQ2,7,15,1,0.17,7.155418,0.919759,1.349142,CBLGSWPUSPKEGRN2249ESHSUBTSER,0.606061,0.393939,point_previews/task000132_mu000032_rho020_n1.png
0.3,32,8,license_plate_bahnschrift.ttf,CBAGJWPD6YXT0RNZL49E3HSU875KFVMQ2,7,15,0,0.255,8.763561,0.881116,1.10157,EBAGTWPDSYRTCRNZLA9ESHSUBTSKEUMDZ,0.424242,0.575758,point_previews/task000132_mu000032_rho030_n0.png
0.3,32,8,license_plate_bahnschrift.ttf,CBAGJWPD6YXT0RNZL49E3HSU875KFVMQ2,7,15,1,0.255,8.763561,0.881116,1.10157,CBAGNPDEYETARNZLAVESHSUBTSKEVMDE,0.424242,0.575758,point_previews/task000132_mu000032_rho030_n1.png
0.4,32,8,license_plate_bahnschrift.ttf,CBAGJWPD6YXT0RNZL49E3HSU875KFVMQ2,7,15,0,0.34,10.119289,0.843436,0.953987,CBAGJWPDSYXTRNZESSESHSUBTSKEVMQZ,0.333333,0.666667,point_previews/task000132_mu000032_rho040_n0.png
0.4,32,8,license_plate_bahnschrift.ttf,CBAGJWPD6YXT0RNZL49E3HSU875KFVMQ2,7,15,1,0.34,10.119289,0.843436,0.953987,CRAGUPRSYXTRNZLAESHSUBTSKEVM0S,0.454545,0.545455,point_previews/task000132_mu000032_rho040_n1.png
0.5,32,8,license_plate_bahnschrift.ttf,CBAGJWPD6YXT0RNZL49E3HSU875KFVMQ2,7,15,0,0.425,11.313708,0.8067,0.853272,EBAGJWPDSYRTGRNZLGPESHSUBTSKFYMQZ,0.363636,0.636364,point_previews/task000132_mu000032_rho050_n0.png
0.5,32,8,license_plate_bahnschrift.ttf,CBAGJWPD6YXT0RNZL49E3HSU875KFVMQ2,7,15,1,0.425,11.313708,0.8067,0.853272,CBAGJWPDSYGRNZLESHSUBTSKEVQ2,0.363636,0.636364,point_previews/task000132_mu000032_rho050_n1.png
0.6,32,8,license_plate_bahnschrift.ttf,CBAGJWPD6YXT0RNZL49E3HSU875KFVMQ2,7,15,0,0.51,12.393547,0.770893,0.778927,CRAGJWPDSYXTURNZLASESHSUBTSKFVMG2,0.30303,0.69697,point_previews/task000132_mu000032_rho060_n0.png
0.6,32,8,license_plate_bahnschrift.ttf,CBAGJWPD6YXT0RNZL49E3HSU875KFVMQ2,7,15,1,0.51,12.393547,0.770893,0.778927,CBAGJWPDSYXTGRNZLAVESHSUBTSKEVMQZ,0.30303,0.69697,point_previews/task000132_mu000032_rho060_n1.png
0.7,32,8,license_plate_bahnschrift.ttf,CBAGJWPD6YXT0RNZL49E3HSU875KFVMQ2,7,15,0,0.595,13.38656,0.735998,0.721147,,1.0,0.0,point_previews/task000132_mu000032_rho070_n0.png
0.7,32,8,license_plate_bahnschrift.ttf,CBAGJWPD6YXT0RNZL49E3HSU875KFVMQ2,7,15,1,0.595,13.38656,0.735998,0.721147,CBAGJWPDSYXTRNZLAVESHSUBTSKEVMG2,0.30303,0.69697,point_previews/task000132_mu000032_rho070_n1.png
0.8,32,8,license_plate_bahnschrift.ttf,CBAGJWPD6YXT0RNZL49E3HSU875KFVMQ2,7,15,0,0.68,14.310835,0.701998,0.674571,CBAGJWPDSYXTRNZLAVESHSUBTSKFYMQZ,0.30303,0.69697,point_previews/task000132_mu000032_rho080_n0.png
0.8,32,8,license_plate_bahnschrift.ttf,CBAGJWPD6YXT0RNZL49E3HSU875KFVMQ2,7,15,1,0.68,14.310835,0.701998,0.674571,CBAGJWPDBYXTBRNZLGJESRSUBTSKEVMG2,0.333333,0.666667,point_previews/task000132_mu000032_rho080_n1.png
0.9,32,8,license_plate_bahnschrift.ttf,CBAGJWPD6YXT0RNZL49E3HSU875KFVMQ2,7,15,0,0.765,15.178933,0.668877,0.635992,CBAGJWPDSYXTRNZLA9ESHSUBTSKEYMQ2,0.272727,0.727273,point_previews/task000132_mu000032_rho090_n0.png
0.9,32,8,license_plate_bahnschrift.ttf,CBAGJWPD6YXT0RNZL49E3HSU875KFVMQ2,7,15,1,0.765,15.178933,0.668877,0.635992,CBAGJWPD6YXTURNZLGESHSUBTSKEVMQ2,0.242424,0.757576,point_previews/task000132_mu000032_rho090_n1.png
1.0,32,8,license_plate_bahnschrift.ttf,CBAGJWPD6YXT0RNZL49E3HSU875KFVMQ2,7,15,0,0.85,16.0,0.63662,0.603355,CBAGJWPD6YXTARNZLASESHSUSTSKEYMGZ,0.333333,0.666667,point_previews/task000132_mu000032_rho100_n0.png
1.0,32,8,license_plate_bahnschrift.ttf,CBAGJWPD6YXT0RNZL49E3HSU875KFVMQ2,7,15,1,0.85,16.0,0.63662,0.603355,CBAGJWPDSYXTRNZLASESHSUSTSKEVMG2,0.30303,0.69697,point_previews/task000132_mu000032_rho100_n1.png
0.1,45,8,license_plate_bahnschrift.ttf,CBAGJWPD6YXT0RNZL49E3HSU875KFVMQ2,7,15,0,0.085,5.059644,0.959381,1.907975,EBSRUDEPERRNEETRANSUCS,0.818182,0.181818,point_previews/task000133_mu000045_rho010_n0.png
0.1,45,8,license_plate_bahnschrift.ttf,CBAGJWPD6YXT0RNZL49E3HSU875KFVMQ2,7,15,1,0.085,5.059644,0.959381,1.907975,CBACHPUSREDEREEADCATAUB7CEED,0.787879,0.212121,point_previews/task000133_mu000045_rho010_n1.png
0.2,45,8,license_plate_bahnschrift.ttf,CBAGJWPD6YXT0RNZL49E3HSU875KFVMQ2,7,15,0,0.17,7.155418,0.919759,1.349142,,1.0,0.0,point_previews/task000133_mu000045_rho020_n0.png
0.2,45,8,license_plate_bahnschrift.ttf,CBAGJWPD6YXT0RNZL49E3HSU875KFVMQ2,7,15,1,0.17,7.155418,0.919759,1.349142,SCBAGWPDEYXTURUALGDESHSUBTEKRYMGD,0.484848,0.515152,point_previews/task000133_mu000045_rho020_n1.png
0.3,45,8,license_plate_bahnschrift.ttf,CBAGJWPD6YXT0RNZL49E3HSU875KFVMQ2,7,15,0,0.255,8.763561,0.881116,1.10157,,1.0,0.0,point_previews/task000133_mu000045_rho030_n0.png
0.3,45,8,license_plate_bahnschrift.ttf,CBAGJWPD6YXT0RNZL49E3HSU875KFVMQ2,7,15,1,0.255,8.763561,0.881116,1.10157,CBACJWPDBYXTURNZLUQESHSUBTSKRYMGZ,0.393939,0.606061,point_previews/task000133_mu000045_rho030_n1.png
0.4,45,8,license_plate_bahnschrift.ttf,CBAGJWPD6YXT0RNZL49E3HSU875KFVMQ2,7,15,0,0.34,10.119289,0.843436,0.953987,CBAGUWPDSYXTRNZLAVESHSUBTSKEYMGZ,0.393939,0.606061,point_previews/task000133_mu000045_rho040_n0.png
0.4,45,8,license_plate_bahnschrift.ttf,CBAGJWPD6YXT0RNZL49E3HSU875KFVMQ2,7,15,1,0.34,10.119289,0.843436,0.953987,CBAGJWPDEYXTURNZLGETHSUBTSKEVMQ2,0.272727,0.727273,point_previews/task000133_mu000045_rho040_n1.png
0.5,45,8,license_plate_bahnschrift.ttf,CBAGJWPD6YXT0RNZL49E3HSU875KFVMQ2,7,15,0,0.425,11.313708,0.8067,0.853272,CBAGJWPDSYXTRNZLAESHSUBTSKFYMQZ,0.30303,0.69697,point_previews/task000133_mu000045_rho050_n0.png
0.5,45,8,license_plate_bahnschrift.ttf,CBAGJWPD6YXT0RNZL49E3HSU875KFVMQ2,7,15,1,0.425,11.313708,0.8067,0.853272,CBAGJWPDSYXTGRNZLAVESHSUBTSKFEYMGZ,0.363636,0.636364,point_previews/task000133_mu000045_rho050_n1.png
0.6,45,8,license_plate_bahnschrift.ttf,CBAGJWPD6YXT0RNZL49E3HSU875KFVMQ2,7,15,0,0.51,12.393547,0.770893,0.778927,CBAGJWPDSYXTURNZLAESHSUBTSKFVMQ2,0.242424,0.757576,point_previews/task000133_mu000045_rho060_n0.png
0.6,45,8,license_plate_bahnschrift.ttf,CBAGJWPD6YXT0RNZL49E3HSU875KFVMQ2,7,15,1,0.51,12.393547,0.770893,0.778927,CBAGJWPDSYXTURNZLAVESHSUBTSKFVMGZ,0.30303,0.69697,point_previews/task000133_mu000045_rho060_n1.png
0.7,45,8,license_plate_bahnschrift.ttf,CBAGJWPD6YXT0RNZL49E3HSU875KFVMQ2,7,15,0,0.595,13.38656,0.735998,0.721147,CBAGJWPD6YXTRNZLAQESHSUBTSKEYMGZ,0.333333,0.666667,point_previews/task000133_mu000045_rho070_n0.png
0.7,45,8,license_plate_bahnschrift.ttf,CBAGJWPD6YXT0RNZL49E3HSU875KFVMQ2,7,15,1,0.595,13.38656,0.735998,0.721147,CBAGJWPDSYXTERNZLAPESHSUBTSKFVMQZ2,0.272727,0.727273,point_previews/task000133_mu000045_rho070_n1.png
0.8,45,8,license_plate_bahnschrift.ttf,CBAGJWPD6YXT0RNZL49E3HSU875KFVMQ2,7,15,0,0.68,14.310835,0.701998,0.674571,CBAGJWPDSYXTURNZLAESHSUBTSKFYMQ2,0.272727,0.727273,point_previews/task000133_mu000045_rho080_n0.png
0.8,45,8,license_plate_bahnschrift.ttf,CBAGJWPD6YXT0RNZL49E3HSU875KFVMQ2,7,15,1,0.68,14.310835,0.701998,0.674571,CBAGJWPDSYKTURNZL49E3HSUSTSKFYMG2,0.242424,0.757576,point_previews/task000133_mu000045_rho080_n1.png
0.9,45,8,license_plate_bahnschrift.ttf,CBAGJWPD6YXT0RNZL49E3HSU875KFVMQ2,7,15,0,0.765,15.178933,0.668877,0.635992,CBAGJWPDSYXTURNZLAQESHSUSTSKFYMG2,0.30303,0.69697,point_previews/task000133_mu000045_rho090_n0.png
0.9,45,8,license_plate_bahnschrift.ttf,CBAGJWPD6YXT0RNZL49E3HSU875KFVMQ2,7,15,1,0.765,15.178933,0.668877,0.635992,CBAGJWPDSYXTURNZLA9ESHSUB7SKFVMG2,0.212121,0.787879,point_previews/task000133_mu000045_rho090_n1.png
1.0,45,8,license_plate_bahnschrift.ttf,CBAGJWPD6YXT0RNZL49E3HSU875KFVMQ2,7,15,0,0.85,16.0,0.63662,0.603355,CBAGJWPDSYXTRNZLUPESHSUBTSKEYMG2,0.333333,0.666667,point_previews/task000133_mu000045_rho100_n0.png
1.0,45,8,license_plate_bahnschrift.ttf,CBAGJWPD6YXT0RNZL49E3HSU875KFVMQ2,7,15,1,0.85,16.0,0.63662,0.603355,CBAGJWPD6YXTURNZLAJESHSUBTSKFYMQ2,0.242424,0.757576,point_previews/task000133_mu000045_rho100_n1.png
0.1,64,8,license_plate_bahnschrift.ttf,CBAGJWPD6YXT0RNZL49E3HSU875KFVMQ2,7,15,0,0.085,5.059644,0.959381,1.907975,CBAGUNPRYKTGRNZEAUESHSUBTSRESG,0.575758,0.424242,point_previews/task000134_mu000064_rho010_n0.png
0.1,64,8,license_plate_bahnschrift.ttf,CBAGJWPD6YXT0RNZL49E3HSU875KFVMQ2,7,15,1,0.085,5.059644,0.959381,1.907975,EBAGJWEDEYNTGRDZEGDESHSLB7SKRYMD,0.515152,0.484848,point_previews/task000134_mu000064_rho010_n1.png
0.2,64,8,license_plate_bahnschrift.ttf,CBAGJWPD6YXT0RNZL49E3HSU875KFVMQ2,7,15,0,0.17,7.155418,0.919759,1.349142,CBAGJWPDSYXTRNZLGESHSUBTSKEVMGZ,0.333333,0.666667,point_previews/task000134_mu000064_rho020_n0.png
0.2,64,8,license_plate_bahnschrift.ttf,CBAGJWPD6YXT0RNZL49E3HSU875KFVMQ2,7,15,1,0.17,7.155418,0.919759,1.349142,,1.0,0.0,point_previews/task000134_mu000064_rho020_n1.png
0.3,64,8,license_plate_bahnschrift.ttf,CBAGJWPD6YXT0RNZL49E3HSU875KFVMQ2,7,15,0,0.255,8.763561,0.881116,1.10157,CBAGJWPUSYXTERNZLAFESHSUBTSKFYMGZ,0.363636,0.636364,point_previews/task000134_mu000064_rho030_n0.png
0.3,64,8,license_plate_bahnschrift.ttf,CBAGJWPD6YXT0RNZL49E3HSU875KFVMQ2,7,15,1,0.255,8.763561,0.881116,1.10157,,1.0,0.0,point_previews/task000134_mu000064_rho030_n1.png
0.4,64,8,license_plate_bahnschrift.ttf,CBAGJWPD6YXT0RNZL49E3HSU875KFVMQ2,7,15,0,0.34,10.119289,0.843436,0.953987,,1.0,0.0,point_previews/task000134_mu000064_rho040_n0.png
0.4,64,8,license_plate_bahnschrift.ttf,CBAGJWPD6YXT0RNZL49E3HSU875KFVMQ2,7,15,1,0.34,10.119289,0.843436,0.953987,CBAGJNPDSYXTURNZL49E3HSU8T5KFYMQ2,0.151515,0.848485,point_previews/task000134_mu000064_rho040_n1.png
0.5,64,8,license_plate_bahnschrift.ttf,CBAGJWPD6YXT0RNZL49E3HSU875KFVMQ2,7,15,0,0.425,11.313708,0.8067,0.853272,CBAGJWPDSYXTURNZLA9ESHSUSTSKFYMG2,0.272727,0.727273,point_previews/task000134_mu000064_rho050_n0.png
0.5,64,8,license_plate_bahnschrift.ttf,CBAGJWPD6YXT0RNZL49E3HSU875KFVMQ2,7,15,1,0.425,11.313708,0.8067,0.853272,CBAGJWPDEYXTRNZLAPESHSUBTSKEVMG2,0.30303,0.69697,point_previews/task000134_mu000064_rho050_n1.png
0.6,64,8,license_plate_bahnschrift.ttf,CBAGJWPD6YXT0RNZL49E3HSU875KFVMQ2,7,15,0,0.51,12.393547,0.770893,0.778927,CBAGJWPDSYXTRNZLAVESHSUBTSKFVMG2,0.272727,0.727273,point_previews/task000134_mu000064_rho060_n0.png
0.6,64,8,license_plate_bahnschrift.ttf,CBAGJWPD6YXT0RNZL49E3HSU875KFVMQ2,7,15,1,0.51,12.393547,0.770893,0.778927,CBAGJWPDS6YXTURNZL4VESHSUBTSKEYMG2,0.30303,0.69697,point_previews/task000134_mu000064_rho060_n1.png
0.7,64,8,license_plate_bahnschrift.ttf,CBAGJWPD6YXT0RNZL49E3HSU875KFVMQ2,7,15,0,0.595,13.38656,0.735998,0.721147,CBAGJWPD6YXTURNZL49ESHSUBTSKFYMQ2,0.181818,0.818182,point_previews/task000134_mu000064_rho070_n0.png
0.7,64,8,license_plate_bahnschrift.ttf,CBAGJWPD6YXT0RNZL49E3HSU875KFVMQ2,7,15,1,0.595,13.38656,0.735998,0.721147,CBAGJWPD6YXTRNZLA9E3HSUBTSKFEVMQ2,0.181818,0.818182,point_previews/task000134_mu000064_rho070_n1.png
0.8,64,8,license_plate_bahnschrift.ttf,CBAGJWPD6YXT0RNZL49E3HSU875KFVMQ2,7,15,0,0.68,14.310835,0.701998,0.674571,CBAGJWPD6YXTURNZL49E3HSUSTSKFEVMQ2,0.151515,0.848485,point_previews/task000134_mu000064_rho080_n0.png
0.8,64,8,license_plate_bahnschrift.ttf,CBAGJWPD6YXT0RNZL49E3HSU875KFVMQ2,7,15,1,0.68,14.310835,0.701998,0.674571,CBAGJWPDSYXTRNZL49E3HSUBTSKEYMQ2,0.212121,0.787879,point_previews/task000134_mu000064_rho080_n1.png
0.9,64,8,license_plate_bahnschrift.ttf,CBAGJWPD6YXT0RNZL49E3HSU875KFVMQ2,7,15,0,0.765,15.178933,0.668877,0.635992,CBAGJWPD6YXTRNZLU9ESHSUSTSKFYMGZ,0.272727,0.727273,point_previews/task000134_mu000064_rho090_n0.png
0.9,64,8,license_plate_bahnschrift.ttf,CBAGJWPD6YXT0RNZL49E3HSU875KFVMQ2,7,15,1,0.765,15.178933,0.668877,0.635992,CBAGJWPD6YXTERNZL49ESHSUBTSKFYMQ2,0.181818,0.818182,point_previews/task000134_mu000064_rho090_n1.png
1.0,64,8,license_plate_bahnschrift.ttf,CBAGJWPD6YXT0RNZL49E3HSU875KFVMQ2,7,15,0,0.85,16.0,0.63662,0.603355,CBAGJWPD6YXTURNZL49ESHSUBTSKFYMQ2,0.181818,0.818182,point_previews/task000134_mu000064_rho100_n0.png
1.0,64,8,license_plate_bahnschrift.ttf,CBAGJWPD6YXT0RNZL49E3HSU875KFVMQ2,7,15,1,0.85,16.0,0.63662,0.603355,CBAGJWPDS6YXTRNZLA9ES3HSUBTSKFEYMG2,0.30303,0.69697,point_previews/task000134_mu000064_rho100_n1.png
0.1,4,8,license_plate_bahnschrift.ttf,CBAGJWPD6YXT0RNZL49E3HSU875KFVMQ2,11,0,0,0.085,5.059644,0.959381,1.907975,BCSPMES,0.878788,0.121212,point_previews/task000135_mu000004_rho010_n0.png
0.1,4,8,license_plate_bahnschrift.ttf,CBAGJWPD6YXT0RNZL49E3HSU875KFVMQ2,11,0,1,0.085,5.059644,0.959381,1.907975,DNARSSELSDSREES,0.878788,0.121212,point_previews/task000135_mu000004_rho010_n1.png
0.2,4,8,license_plate_bahnschrift.ttf,CBAGJWPD6YXT0RNZL49E3HSU875KFVMQ2,11,0,0,0.17,7.155418,0.919759,1.349142,,1.0,0.0,point_previews/task000135_mu000004_rho020_n0.png
0.2,4,8,license_plate_bahnschrift.ttf,CBAGJWPD6YXT0RNZL49E3HSU875KFVMQ2,11,0,1,0.17,7.155418,0.919759,1.349142,SUANVRBCGRSEAERSTAV,0.848485,0.151515,point_previews/task000135_mu000004_rho020_n1.png
0.3,4,8,license_plate_bahnschrift.ttf,CBAGJWPD6YXT0RNZL49E3HSU875KFVMQ2,11,0,0,0.255,8.763561,0.881116,1.10157,AP2RLSRSTNSCNPRREE,0.848485,0.151515,point_previews/task000135_mu000004_rho030_n0.png
0.3,4,8,license_plate_bahnschrift.ttf,CBAGJWPD6YXT0RNZL49E3HSU875KFVMQ2,11,0,1,0.255,8.763561,0.881116,1.10157,PEAETRRTERNSELRSSRUL,0.818182,0.181818,point_previews/task000135_mu000004_rho030_n1.png
0.4,4,8,license_plate_bahnschrift.ttf,CBAGJWPD6YXT0RNZL49E3HSU875KFVMQ2,11,0,0,0.34,10.119289,0.843436,0.953987,EANFEEERNYEC,0.878788,0.121212,point_previews/task000135_mu000004_rho040_n0.png
0.4,4,8,license_plate_bahnschrift.ttf,CBAGJWPD6YXT0RNZL49E3HSU875KFVMQ2,11,0,1,0.34,10.119289,0.843436,0.953987,GSSPETRSN2PRSECTT,0.848485,0.151515,point_previews/task000135_mu000004_rho040_n1.png
0.5,4,8,license_plate_bahnschrift.ttf,CBAGJWPD6YXT0RNZL49E3HSU875KFVMQ2,11,0,0,0.425,11.313708,0.8067,0.853272,PSGLELYSRCAEERSASPNASPTESN,0.878788,0.121212,point_previews/task000135_mu000004_rho050_n0.png
0.5,4,8,license_plate_bahnschrift.ttf,CBAGJWPD6YXT0RNZL49E3HSU875KFVMQ2,11,0,1,0.425,11.313708,0.8067,0.853272,SERSNETLUSARETARLT9CSSG,0.909091,0.090909,point_previews/task000135_mu000004_rho050_n1.png
0.6,4,8,license_plate_bahnschrift.ttf,CBAGJWPD6YXT0RNZL49E3HSU875KFVMQ2,11,0,0,0.51,12.393547,0.770893,0.778927,,1.0,0.0,point_previews/task000135_mu000004_rho060_n0.png
0.6,4,8,license_plate_bahnschrift.ttf,CBAGJWPD6YXT0RNZL49E3HSU875KFVMQ2,11,0,1,0.51,12.393547,0.770893,0.778927,RSSRESMESGGES,0.909091,0.090909,point_previews/task000135_mu000004_rho060_n1.png
0.7,4,8,license_plate_bahnschrift.ttf,CBAGJWPD6YXT0RNZL49E3HSU875KFVMQ2,11,0,0,0.595,13.38656,0.735998,0.721147,TBNAPMGLSNRPNTEARA,0.878788,0.121212,point_previews/task000135_mu000004_rho070_n0.png
0.7,4,8,license_plate_bahnschrift.ttf,CBAGJWPD6YXT0RNZL49E3HSU875KFVMQ2,11,0,1,0.595,13.38656,0.735998,0.721147,SEASRPRPLTRENTBLCRUCRR,0.848485,0.151515,point_previews/task000135_mu000004_rho070_n1.png
0.8,4,8,license_plate_bahnschrift.ttf,CBAGJWPD6YXT0RNZL49E3HSU875KFVMQ2,11,0,0,0.68,14.310835,0.701998,0.674571,LERENPHAMTSNEAETSATECAENEY,0.848485,0.151515,point_previews/task000135_mu000004_rho080_n0.png
0.8,4,8,license_plate_bahnschrift.ttf,CBAGJWPD6YXT0RNZL49E3HSU875KFVMQ2,11,0,1,0.68,14.310835,0.701998,0.674571,,1.0,0.0,point_previews/task000135_mu000004_rho080_n1.png
0.9,4,8,license_plate_bahnschrift.ttf,CBAGJWPD6YXT0RNZL49E3HSU875KFVMQ2,11,0,0,0.765,15.178933,0.668877,0.635992,VERSMRPLESTRAASQPERCN,0.878788,0.121212,point_previews/task000135_mu000004_rho090_n0.png
0.9,4,8,license_plate_bahnschrift.ttf,CBAGJWPD6YXT0RNZL49E3HSU875KFVMQ2,11,0,1,0.765,15.178933,0.668877,0.635992,3BEEAPRVATDPEEFEUSEDBESPR,0.848485,0.151515,point_previews/task000135_mu000004_rho090_n1.png
1.0,4,8,license_plate_bahnschrift.ttf,CBAGJWPD6YXT0RNZL49E3HSU875KFVMQ2,11,0,0,0.85,16.0,0.63662,0.603355,RANSCPRENGSTRBS,0.848485,0.151515,point_previews/task000135_mu000004_rho100_n0.png
1.0,4,8,license_plate_bahnschrift.ttf,CBAGJWPD6YXT0RNZL49E3HSU875KFVMQ2,11,0,1,0.85,16.0,0.63662,0.603355,BAENERTERAHRSBEAGSSTRCURTS,0.818182,0.181818,point_previews/task000135_mu000004_rho100_n1.png
0.1,6,8,license_plate_bahnschrift.ttf,CBAGJWPD6YXT0RNZL49E3HSU875KFVMQ2,11,0,0,0.085,5.059644,0.959381,1.907975,AERRSBEEPPUEEG,0.878788,0.121212,point_previews/task000136_mu000006_rho010_n0.png
0.1,6,8,license_plate_bahnschrift.ttf,CBAGJWPD6YXT0RNZL49E3HSU875KFVMQ2,11,0,1,0.085,5.059644,0.959381,1.907975,,1.0,0.0,point_previews/task000136_mu000006_rho010_n1.png
0.2,6,8,license_plate_bahnschrift.ttf,CBAGJWPD6YXT0RNZL49E3HSU875KFVMQ2,11,0,0,0.17,7.155418,0.919759,1.349142,,1.0,0.0,point_previews/task000136_mu000006_rho020_n0.png
0.2,6,8,license_plate_bahnschrift.ttf,CBAGJWPD6YXT0RNZL49E3HSU875KFVMQ2,11,0,1,0.17,7.155418,0.919759,1.349142,RSRSULLLAGPNTAS,0.939394,0.060606,point_previews/task000136_mu000006_rho020_n1.png
0.3,6,8,license_plate_bahnschrift.ttf,CBAGJWPD6YXT0RNZL49E3HSU875KFVMQ2,11,0,0,0.255,8.763561,0.881116,1.10157,PDESETAERDELTRSEERARRSS,0.848485,0.151515,point_previews/task000136_mu000006_rho030_n0.png
0.3,6,8,license_plate_bahnschrift.ttf,CBAGJWPD6YXT0RNZL49E3HSU875KFVMQ2,11,0,1,0.255,8.763561,0.881116,1.10157,SPERPEARRUETEAESSANSLTAGH,0.878788,0.121212,point_previews/task000136_mu000006_rho030_n1.png
0.4,6,8,license_plate_bahnschrift.ttf,CBAGJWPD6YXT0RNZL49E3HSU875KFVMQ2,11,0,0,0.34,10.119289,0.843436,0.953987,EREDMTESANDBRATESEMPRES,0.909091,0.090909,point_previews/task000136_mu000006_rho040_n0.png
0.4,6,8,license_plate_bahnschrift.ttf,CBAGJWPD6YXT0RNZL49E3HSU875KFVMQ2,11,0,1,0.34,10.119289,0.843436,0.953987,BASEFGACRGAPSTRE,0.878788,0.121212,point_previews/task000136_mu000006_rho040_n1.png
0.5,6,8,license_plate_bahnschrift.ttf,CBAGJWPD6YXT0RNZL49E3HSU875KFVMQ2,11,0,0,0.425,11.313708,0.8067,0.853272,RURAETDRPMAANNERE,0.909091,0.090909,point_previews/task000136_mu000006_rho050_n0.png
0.5,6,8,license_plate_bahnschrift.ttf,CBAGJWPD6YXT0RNZL49E3HSU875KFVMQ2,11,0,1,0.425,11.313708,0.8067,0.853272,STRRCEETSGNELAUCDRERRTE,0.878788,0.121212,point_previews/task000136_mu000006_rho050_n1.png
0.6,6,8,license_plate_bahnschrift.ttf,CBAGJWPD6YXT0RNZL49E3HSU875KFVMQ2,11,0,0,0.51,12.393547,0.770893,0.778927,SSENGRSRETAT,0.939394,0.060606,point_previews/task000136_mu000006_rho060_n0.png
0.6,6,8,license_plate_bahnschrift.ttf,CBAGJWPD6YXT0RNZL49E3HSU875KFVMQ2,11,0,1,0.51,12.393547,0.770893,0.778927,RRAGJWPERTAAEAESARUSA7ELED,0.757576,0.242424,point_previews/task000136_mu000006_rho060_n1.png
0.7,6,8,license_plate_bahnschrift.ttf,CBAGJWPD6YXT0RNZL49E3HSU875KFVMQ2,11,0,0,0.595,13.38656,0.735998,0.721147,FEBEGTNBESNAGRMZEAYEHEALEER,0.848485,0.151515,point_previews/task000136_mu000006_rho070_n0.png
0.7,6,8,license_plate_bahnschrift.ttf,CBAGJWPD6YXT0RNZL49E3HSU875KFVMQ2,11,0,1,0.595,13.38656,0.735998,0.721147,SSATSLADSNEAETZSASPERC2,0.818182,0.181818,point_previews/task000136_mu000006_rho070_n1.png
0.8,6,8,license_plate_bahnschrift.ttf,CBAGJWPD6YXT0RNZL49E3HSU875KFVMQ2,11,0,0,0.68,14.310835,0.701998,0.674571,CSASTBPHANTAMTESESRTSPMA,0.787879,0.212121,point_previews/task000136_mu000006_rho080_n0.png
0.8,6,8,license_plate_bahnschrift.ttf,CBAGJWPD6YXT0RNZL49E3HSU875KFVMQ2,11,0,1,0.68,14.310835,0.701998,0.674571,SRADAUPTRERLNETESUTTBRE7,0.757576,0.242424,point_previews/task000136_mu000006_rho080_n1.png
0.9,6,8,license_plate_bahnschrift.ttf,CBAGJWPD6YXT0RNZL49E3HSU875KFVMQ2,11,0,0,0.765,15.178933,0.668877,0.635992,SAEWPRSKMRNZNSPSNSUSTRERHS,0.757576,0.242424,point_previews/task000136_mu000006_rho090_n0.png
0.9,6,8,license_plate_bahnschrift.ttf,CBAGJWPD6YXT0RNZL49E3HSU875KFVMQ2,11,0,1,0.765,15.178933,0.668877,0.635992,PUAGDEPRSNZEARASTNSNS,0.818182,0.181818,point_previews/task000136_mu000006_rho090_n1.png
1.0,6,8,license_plate_bahnschrift.ttf,CBAGJWPD6YXT0RNZL49E3HSU875KFVMQ2,11,0,0,0.85,16.0,0.63662,0.603355,SCRAESURERESLUAWTA98RPRWM,0.848485,0.151515,point_previews/task000136_mu000006_rho100_n0.png
1.0,6,8,license_plate_bahnschrift.ttf,CBAGJWPD6YXT0RNZL49E3HSU875KFVMQ2,11,0,1,0.85,16.0,0.63662,0.603355,ESAGLPNGFMECRHPLASESSLBFLETYME,0.757576,0.242424,point_previews/task000136_mu000006_rho100_n1.png
0.1,8,8,license_plate_bahnschrift.ttf,CBAGJWPD6YXT0RNZL49E3HSU875KFVMQ2,11,0,0,0.085,5.059644,0.959381,1.907975,RSRRNRDETNFARCS,0.878788,0.121212,point_previews/task000137_mu000008_rho010_n0.png
0.1,8,8,license_plate_bahnschrift.ttf,CBAGJWPD6YXT0RNZL49E3HSU875KFVMQ2,11,0,1,0.085,5.059644,0.959381,1.907975,,1.0,0.0,point_previews/task000137_mu000008_rho010_n1.png
0.2,8,8,license_plate_bahnschrift.ttf,CBAGJWPD6YXT0RNZL49E3HSU875KFVMQ2,11,0,0,0.17,7.155418,0.919759,1.349142,ESSFULNMASRDARTCMEPEDTHTESDURTH,0.939394,0.060606,point_previews/task000137_mu000008_rho020_n0.png
0.2,8,8,license_plate_bahnschrift.ttf,CBAGJWPD6YXT0RNZL49E3HSU875KFVMQ2,11,0,1,0.17,7.155418,0.919759,1.349142,ESHRRYSATRESSTAR,0.878788,0.121212,point_previews/task000137_mu000008_rho020_n1.png
0.3,8,8,license_plate_bahnschrift.ttf,CBAGJWPD6YXT0RNZL49E3HSU875KFVMQ2,11,0,0,0.255,8.763561,0.881116,1.10157,SVRAPSTTLRPSSALSRTNS,0.878788,0.121212,point_previews/task000137_mu000008_rho030_n0.png
0.3,8,8,license_plate_bahnschrift.ttf,CBAGJWPD6YXT0RNZL49E3HSU875KFVMQ2,11,0,1,0.255,8.763561,0.881116,1.10157,RMMRTESES7,0.878788,0.121212,point_previews/task000137_mu000008_rho030_n1.png
0.4,8,8,license_plate_bahnschrift.ttf,CBAGJWPD6YXT0RNZL49E3HSU875KFVMQ2,11,0,0,0.34,10.119289,0.843436,0.953987,PRRTUNGRSRRTNGEERALPSUCNRS,0.878788,0.121212,point_previews/task000137_mu000008_rho040_n0.png
0.4,8,8,license_plate_bahnschrift.ttf,CBAGJWPD6YXT0RNZL49E3HSU875KFVMQ2,11,0,1,0.34,10.119289,0.843436,0.953987,EBALPRURCATRTAAESRESR,0.818182,0.181818,point_previews/task000137_mu000008_rho040_n1.png
0.5,8,8,license_plate_bahnschrift.ttf,CBAGJWPD6YXT0RNZL49E3HSU875KFVMQ2,11,0,0,0.425,11.313708,0.8067,0.853272,RRCWRDGYRTRAEMESRUETA,0.787879,0.212121,point_previews/task000137_mu000008_rho050_n0.png
0.5,8,8,license_plate_bahnschrift.ttf,CBAGJWPD6YXT0RNZL49E3HSU875KFVMQ2,11,0,1,0.425,11.313708,0.8067,0.853272,ERASMPDSEBNTSAEN,0.848485,0.151515,point_previews/task000137_mu000008_rho050_n1.png
0.6,8,8,license_plate_bahnschrift.ttf,CBAGJWPD6YXT0RNZL49E3HSU875KFVMQ2,11,0,0,0.51,12.393547,0.770893,0.778927,SBAGTHPLSYRRAZEDSSSURTRS,0.727273,0.272727,point_previews/task000137_mu000008_rho060_n0.png
0.6,8,8,license_plate_bahnschrift.ttf,CBAGJWPD6YXT0RNZL49E3HSU875KFVMQ2,11,0,1,0.51,12.393547,0.770893,0.778927,CRABAUEDEYRTAREZERUTERYMT,0.69697,0.30303,point_previews/task000137_mu000008_rho060_n1.png
0.7,8,8,license_plate_bahnschrift.ttf,CBAGJWPD6YXT0RNZL49E3HSU875KFVMQ2,11,0,0,0.595,13.38656,0.735998,0.721147,CEAGHMESLETURALADESRSBESKHS9,0.727273,0.272727,point_previews/task000137_mu000008_rho070_n0.png
0.7,8,8,license_plate_bahnschrift.ttf,CBAGJWPD6YXT0RNZL49E3HSU875KFVMQ2,11,0,1,0.595,13.38656,0.735998,0.721147,CRARUYPRASTGRNZEANESBSTREAE2,0.69697,0.30303,point_previews/task000137_mu000008_rho070_n1.png
0.8,8,8,license_plate_bahnschrift.ttf,CBAGJWPD6YXT0RNZL49E3HSU875KFVMQ2,11,0,0,0.68,14.310835,0.701998,0.674571,CRAGCARREXSTRN2LATEGRSURESASVH2,0.636364,0.363636,point_previews/task000137_mu000008_rho080_n0.png
0.8,8,8,license_plate_bahnschrift.ttf,CBAGJWPD6YXT0RNZL49E3HSU875KFVMQ2,11,0,1,0.68,14.310835,0.701998,0.674571,SCBAGTWPUGRRLPSETRMS,0.727273,0.272727,point_previews/task000137_mu000008_rho080_n1.png
0.9,8,8,license_plate_bahnschrift.ttf,CBAGJWPD6YXT0RNZL49E3HSU875KFVMQ2,11,0,0,0.765,15.178933,0.668877,0.635992,CBEENPBEUNTANELAYEASUSSREVEQD,0.666667,0.333333,point_previews/task000137_mu000008_rho090_n0.png
0.9,8,8,license_plate_bahnschrift.ttf,CBAGJWPD6YXT0RNZL49E3HSU875KFVMQ2,11,0,1,0.765,15.178933,0.668877,0.635992,EBAGANDRTSE68EANSUBTEKEYMD2,0.666667,0.333333,point_previews/task000137_mu000008_rho090_n1.png
1.0,8,8,license_plate_bahnschrift.ttf,CBAGJWPD6YXT0RNZL49E3HSU875KFVMQ2,11,0,0,0.85,16.0,0.63662,0.603355,SEASTWPDSYRTGRNZEAPRAMSTATSKEMD,0.636364,0.363636,point_previews/task000137_mu000008_rho100_n0.png
1.0,8,8,license_plate_bahnschrift.ttf,CBAGJWPD6YXT0RNZL49E3HSU875KFVMQ2,11,0,1,0.85,16.0,0.63662,0.603355,CHAGARC6YSAREZURRESHSUBTSKENEETE,0.666667,0.333333,point_previews/task000137_mu000008_rho100_n1.png
0.1,11,8,license_plate_bahnschrift.ttf,CBAGJWPD6YXT0RNZL49E3HSU875KFVMQ2,11,0,0,0.085,5.059644,0.959381,1.907975,,1.0,0.0,point_previews/task000138_mu000011_rho010_n0.png
0.1,11,8,license_plate_bahnschrift.ttf,CBAGJWPD6YXT0RNZL49E3HSU875KFVMQ2,11,0,1,0.085,5.059644,0.959381,1.907975,DSSNATAYDREPARTSENS,0.909091,0.090909,point_previews/task000138_mu000011_rho010_n1.png
0.2,11,8,license_plate_bahnschrift.ttf,CBAGJWPD6YXT0RNZL49E3HSU875KFVMQ2,11,0,0,0.17,7.155418,0.919759,1.349142,SEERTAMSRRDERSPYRLEHLEQ,0.878788,0.121212,point_previews/task000138_mu000011_rho020_n0.png
0.2,11,8,license_plate_bahnschrift.ttf,CBAGJWPD6YXT0RNZL49E3HSU875KFVMQ2,11,0,1,0.17,7.155418,0.919759,1.349142,ATSAUSRHARASRAHC,0.909091,0.090909,point_previews/task000138_mu000011_rho020_n1.png
0.3,11,8,license_plate_bahnschrift.ttf,CBAGJWPD6YXT0RNZL49E3HSU875KFVMQ2,11,0,0,0.255,8.763561,0.881116,1.10157,LRASSYYTETCTSERTSTEENE,0.848485,0.151515,point_previews/task000138_mu000011_rho030_n0.png
0.3,11,8,license_plate_bahnschrift.ttf,CBAGJWPD6YXT0RNZL49E3HSU875KFVMQ2,11,0,1,0.255,8.763561,0.881116,1.10157,PEBANPTGVRRHEACHETACRS,0.878788,0.121212,point_previews/task000138_mu000011_rho030_n1.png
0.4,11,8,license_plate_bahnschrift.ttf,CBAGJWPD6YXT0RNZL49E3HSU875KFVMQ2,11,0,0,0.34,10.119289,0.843436,0.953987,CRATTYBRTGRN2ERTRMRURTSKSVADD,0.757576,0.242424,point_previews/task000138_mu000011_rho040_n0.png
0.4,11,8,license_plate_bahnschrift.ttf,CBAGJWPD6YXT0RNZL49E3HSU875KFVMQ2,11,0,1,0.34,10.119289,0.843436,0.953987,RASTNEDNEAEGRTRUBEQ,0.848485,0.151515,point_previews/task000138_mu000011_rho040_n1.png
0.5,11,8,license_plate_bahnschrift.ttf,CBAGJWPD6YXT0RNZL49E3HSU875KFVMQ2,11,0,0,0.425,11.313708,0.8067,0.853272,SERASTWRDYXTHRNZEESHSURTSADT,0.636364,0.363636,point_previews/task000138_mu000011_rho050_n0.png
0.5,11,8,license_plate_bahnschrift.ttf,CBAGJWPD6YXT0RNZL49E3HSU875KFVMQ2,11,0,1,0.425,11.313708,0.8067,0.853272,SCBAGJWBUYAFRYTZAFRAVSUBHSRSS,0.727273,0.272727,point_previews/task000138_mu000011_rho050_n1.png
0.6,11,8,license_plate_bahnschrift.ttf,CBAGJWPD6YXT0RNZL49E3HSU875KFVMQ2,11,0,0,0.51,12.393547,0.770893,0.778927,ERASLAPDEUNTURNZLSESMGLAERYMS,0.666667,0.333333,point_previews/task000138_mu000011_rho060_n0.png
0.6,11,8,license_plate_bahnschrift.ttf,CBAGJWPD6YXT0RNZL49E3HSU875KFVMQ2,11,0,1,0.51,12.393547,0.770893,0.778927,SBAGTMPUCRS0SNZLYSESASUATSKERMDZ,0.606061,0.393939,point_previews/task000138_mu000011_rho060_n1.png
0.7,11,8,license_plate_bahnschrift.ttf,CBAGJWPD6YXT0RNZL49E3HSU875KFVMQ2,11,0,0,0.595,13.38656,0.735998,0.721147,,1.0,0.0,point_previews/task000138_mu000011_rho070_n0.png
0.7,11,8,license_plate_bahnschrift.ttf,CBAGJWPD6YXT0RNZL49E3HSU875KFVMQ2,11,0,1,0.595,13.38656,0.735998,0.721147,SBAGJWPDEYXTURNZELEGRSUATSKEVMGR,0.424242,0.575758,point_previews/task000138_mu000011_rho070_n1.png
0.8,11,8,license_plate_bahnschrift.ttf,CBAGJWPD6YXT0RNZL49E3HSU875KFVMQ2,11,0,0,0.68,14.310835,0.701998,0.674571,CEACUWPDAEXTURNGEHSUETKENMD,0.545455,0.454545,point_previews/task000138_mu000011_rho080_n0.png
0.8,11,8,license_plate_bahnschrift.ttf,CBAGJWPD6YXT0RNZL49E3HSU875KFVMQ2,11,0,1,0.68,14.310835,0.701998,0.674571,CRAGBNPDSUXTRNZERGESHEURASXEUMG,0.575758,0.424242,point_previews/task000138_mu000011_rho080_n1.png
0.9,11,8,license_plate_bahnschrift.ttf,CBAGJWPD6YXT0RNZL49E3HSU875KFVMQ2,11,0,0,0.765,15.178933,0.668877,0.635992,EBAGJWPDAYRTGRNZLAVESHSUSTSRENMD2,0.424242,0.575758,point_previews/task000138_mu000011_rho090_n0.png
0.9,11,8,license_plate_bahnschrift.ttf,CBAGJWPD6YXT0RNZL49E3HSU875KFVMQ2,11,0,1,0.765,15.178933,0.668877,0.635992,CBAGSWPDEYRTURNZLLSEAHSUBTSREVMD2,0.393939,0.606061,point_previews/task000138_mu000011_rho090_n1.png
1.0,11,8,license_plate_bahnschrift.ttf,CBAGJWPD6YXT0RNZL49E3HSU875KFVMQ2,11,0,0,0.85,16.0,0.63662,0.603355,,1.0,0.0,point_previews/task000138_mu000011_rho100_n0.png
1.0,11,8,license_plate_bahnschrift.ttf,CBAGJWPD6YXT0RNZL49E3HSU875KFVMQ2,11,0,1,0.85,16.0,0.63662,0.603355,,1.0,0.0,point_previews/task000138_mu000011_rho100_n1.png
0.1,16,8,license_plate_bahnschrift.ttf,CBAGJWPD6YXT0RNZL49E3HSU875KFVMQ2,11,0,0,0.085,5.059644,0.959381,1.907975,,1.0,0.0,point_previews/task000139_mu000016_rho010_n0.png
0.1,16,8,license_plate_bahnschrift.ttf,CBAGJWPD6YXT0RNZL49E3HSU875KFVMQ2,11,0,1,0.085,5.059644,0.959381,1.907975,RRTESSUENLTPMELANAS,0.909091,0.090909,point_previews/task000139_mu000016_rho010_n1.png
0.2,16,8,license_plate_bahnschrift.ttf,CBAGJWPD6YXT0RNZL49E3HSU875KFVMQ2,11,0,0,0.17,7.155418,0.919759,1.349142,VETASSRNTRAPETAW2,0.878788,0.121212,point_previews/task000139_mu000016_rho020_n0.png
0.2,16,8,license_plate_bahnschrift.ttf,CBAGJWPD6YXT0RNZL49E3HSU875KFVMQ2,11,0,1,0.17,7.155418,0.919759,1.349142,AESMEPPELEGMTBPSATEKRN,0.909091,0.090909,point_previews/task000139_mu000016_rho020_n1.png
0.3,16,8,license_plate_bahnschrift.ttf,CBAGJWPD6YXT0RNZL49E3HSU875KFVMQ2,11,0,0,0.255,8.763561,0.881116,1.10157,EASWEQB3Y8FVESB,0.818182,0.181818,point_previews/task000139_mu000016_rho030_n0.png
0.3,16,8,license_plate_bahnschrift.ttf,CBAGJWPD6YXT0RNZL49E3HSU875KFVMQ2,11,0,1,0.255,8.763561,0.881116,1.10157,SRASTPHERTRMTAGESMEPSESALD,0.818182,0.181818,point_previews/task000139_mu000016_rho030_n1.png
0.4,16,8,license_plate_bahnschrift.ttf,CBAGJWPD6YXT0RNZL49E3HSU875KFVMQ2,11,0,0,0.34,10.119289,0.843436,0.953987,THAGWPUSYRTRHZESSESHSUDTHYQ,0.606061,0.393939,point_previews/task000139_mu000016_rho040_n0.png
0.4,16,8,license_plate_bahnschrift.ttf,CBAGJWPD6YXT0RNZL49E3HSU875KFVMQ2,11,0,1,0.34,10.119289,0.843436,0.953987,SRASWPDEYKTARNZLA9RSHSEBTSKEVMHED,0.545455,0.454545,point_previews/task000139_mu000016_rho040_n1.png
0.5,16,8,license_plate_bahnschrift.ttf,CBAGJWPD6YXT0RNZL49E3HSU875KFVMQ2,11,0,0,0.425,11.313708,0.8067,0.853272,CRAGTNPDETRTARNZEEDHSUBTSHENMR,0.575758,0.424242,point_previews/task000139_mu000016_rho050_n0.png
0.5,16,8,license_plate_bahnschrift.ttf,CBAGJWPD6YXT0RNZL49E3HSU875KFVMQ2,11,0,1,0.425,11.313708,0.8067,0.853272,ERAGTWPDSYXTUBN24ESPSUEPSREMG,0.575758,0.424242,point_previews/task000139_mu000016_rho050_n1.png
0.6,16,8,license_plate_bahnschrift.ttf,CBAGJWPD6YXT0RNZL49E3HSU875KFVMQ2,11,0,0,0.51,12.393547,0.770893,0.778927,CBAGWEDSYNTURNZLGSEFMSUSTSKEYMG2,0.454545,0.545455,point_previews/task000139_mu000016_rho060_n0.png
0.6,16,8,license_plate_bahnschrift.ttf,CBAGJWPD6YXT0RNZL49E3HSU875KFVMQ2,11,0,1,0.51,12.393547,0.770893,0.778927,CBAGSNEDEYXTDRNZLAPEHASURTSREYM,0.515152,0.484848,point_previews/task000139_mu000016_rho060_n1.png
0.7,16,8,license_plate_bahnschrift.ttf,CBAGJWPD6YXT0RNZL49E3HSU875KFVMQ2,11,0,0,0.595,13.38656,0.735998,0.721147,CBAGJWPBSYXTRNZLAVESHSLATSMEVMG,0.424242,0.575758,point_previews/task000139_mu000016_rho070_n0.png
0.7,16,8,license_plate_bahnschrift.ttf,CBAGJWPD6YXT0RNZL49E3HSU875KFVMQ2,11,0,1,0.595,13.38656,0.735998,0.721147,,1.0,0.0,point_previews/task000139_mu000016_rho070_n1.png
0.8,16,8,license_plate_bahnschrift.ttf,CBAGJWPD6YXT0RNZL49E3HSU875KFVMQ2,11,0,0,0.68,14.310835,0.701998,0.674571,CBAGJWPDSEXTRNZLATESHSUBTSKEVM2,0.333333,0.666667,point_previews/task000139_mu000016_rho080_n0.png
0.8,16,8,license_plate_bahnschrift.ttf,CBAGJWPD6YXT0RNZL49E3HSU875KFVMQ2,11,0,1,0.68,14.310835,0.701998,0.674571,EBAGJWPDEYATURNZLAPRSRSUBSKEYMG2,0.454545,0.545455,point_previews/task000139_mu000016_rho080_n1.png
0.9,16,8,license_plate_bahnschrift.ttf,CBAGJWPD6YXT0RNZL49E3HSU875KFVMQ2,11,0,0,0.765,15.178933,0.668877,0.635992,GBAGWPDSYXTDRNZLAVESHSUBTEREVM0Z,0.424242,0.575758,point_previews/task000139_mu000016_rho090_n0.png
0.9,16,8,license_plate_bahnschrift.ttf,CBAGJWPD6YXT0RNZL49E3HSU875KFVMQ2,11,0,1,0.765,15.178933,0.668877,0.635992,CBAGPAPUESXTRNZLAVEANSUBTSKEYMGZ,0.515152,0.484848,point_previews/task000139_mu000016_rho090_n1.png
1.0,16,8,license_plate_bahnschrift.ttf,CBAGJWPD6YXT0RNZL49E3HSU875KFVMQ2,11,0,0,0.85,16.0,0.63662,0.603355,,1.0,0.0,point_previews/task000139_mu000016_rho100_n0.png
1.0,16,8,license_plate_bahnschrift.ttf,CBAGJWPD6YXT0RNZL49E3HSU875KFVMQ2,11,0,1,0.85,16.0,0.63662,0.603355,SBAGJWPDSPXTGRNELAFESHSUB7SKENMZ,0.424242,0.575758,point_previews/task000139_mu000016_rho100_n1.png
0.1,23,8,license_plate_bahnschrift.ttf,CBAGJWPD6YXT0RNZL49E3HSU875KFVMQ2,11,0,0,0.085,5.059644,0.959381,1.907975,,1.0,0.0,point_previews/task000140_mu000023_rho010_n0.png
0.1,23,8,license_plate_bahnschrift.ttf,CBAGJWPD6YXT0RNZL49E3HSU875KFVMQ2,11,0,1,0.085,5.059644,0.959381,1.907975,,1.0,0.0,point_previews/task000140_mu000023_rho010_n1.png
0.2,23,8,license_plate_bahnschrift.ttf,CBAGJWPD6YXT0RNZL49E3HSU875KFVMQ2,11,0,0,0.17,7.155418,0.919759,1.349142,EAGHPDSSTURNTERPARSSTCA,0.757576,0.242424,point_previews/task000140_mu000023_rho020_n0.png
0.2,23,8,license_plate_bahnschrift.ttf,CBAGJWPD6YXT0RNZL49E3HSU875KFVMQ2,11,0,1,0.17,7.155418,0.919759,1.349142,VBAGPUPRAHERZEQESHSUSSKENMES,0.636364,0.363636,point_previews/task000140_mu000023_rho020_n1.png
0.3,23,8,license_plate_bahnschrift.ttf,CBAGJWPD6YXT0RNZL49E3HSU875KFVMQ2,11,0,0,0.255,8.763561,0.881116,1.10157,,1.0,0.0,point_previews/task000140_mu000023_rho030_n0.png
0.3,23,8,license_plate_bahnschrift.ttf,CBAGJWPD6YXT0RNZL49E3HSU875KFVMQ2,11,0,1,0.255,8.763561,0.881116,1.10157,CBAGJWPDSYXTSRLAVETNSURSKEVE0Z,0.454545,0.545455,point_previews/task000140_mu000023_rho030_n1.png
0.4,23,8,license_plate_bahnschrift.ttf,CBAGJWPD6YXT0RNZL49E3HSU875KFVMQ2,11,0,0,0.34,10.119289,0.843436,0.953987,,1.0,0.0,point_previews/task000140_mu000023_rho040_n0.png
0.4,23,8,license_plate_bahnschrift.ttf,CBAGJWPD6YXT0RNZL49E3HSU875KFVMQ2,11,0,1,0.34,10.119289,0.843436,0.953987,SBAGJWPDSYRTRNZE4SETMSURTSKEVMDS,0.424242,0.575758,point_previews/task000140_mu000023_rho040_n1.png
0.5,23,8,license_plate_bahnschrift.ttf,CBAGJWPD6YXT0RNZL49E3HSU875KFVMQ2,11,0,0,0.425,11.313708,0.8067,0.853272,CBAGWPHSKTARAZEGPESHSUSTSKEVMDE,0.515152,0.484848,point_previews/task000140_mu000023_rho050_n0.png
0.5,23,8,license_plate_bahnschrift.ttf,CBAGJWPD6YXT0RNZL49E3HSU875KFVMQ2,11,0,1,0.425,11.313708,0.8067,0.853272,,1.0,0.0,point_previews/task000140_mu000023_rho050_n1.png
0.6,23,8,license_plate_bahnschrift.ttf,CBAGJWPD6YXT0RNZL49E3HSU875KFVMQ2,11,0,0,0.51,12.393547,0.770893,0.778927,CBASWPDSYTURNZLAUESHSUBTKEVMDZ,0.424242,0.575758,point_previews/task000140_mu000023_rho060_n0.png
0.6,23,8,license_plate_bahnschrift.ttf,CBAGJWPD6YXT0RNZL49E3HSU875KFVMQ2,11,0,1,0.51,12.393547,0.770893,0.778927,,1.0,0.0,point_previews/task000140_mu000023_rho060_n1.png
0.7,23,8,license_plate_bahnschrift.ttf,CBAGJWPD6YXT0RNZL49E3HSU875KFVMQ2,11,0,0,0.595,13.38656,0.735998,0.721147,CRAGJWPDEMTRNZLGTETNSUBTSKEVM0Z,0.454545,0.545455,point_previews/task000140_mu000023_rho070_n0.png
0.7,23,8,license_plate_bahnschrift.ttf,CBAGJWPD6YXT0RNZL49E3HSU875KFVMQ2,11,0,1,0.595,13.38656,0.735998,0.721147,,1.0,0.0,point_previews/task000140_mu000023_rho070_n1.png
0.8,23,8,license_plate_bahnschrift.ttf,CBAGJWPD6YXT0RNZL49E3HSU875KFVMQ2,11,0,0,0.68,14.310835,0.701998,0.674571,,1.0,0.0,point_previews/task000140_mu000023_rho080_n0.png
0.8,23,8,license_plate_bahnschrift.ttf,CBAGJWPD6YXT0RNZL49E3HSU875KFVMQ2,11,0,1,0.68,14.310835,0.701998,0.674571,CBAGWPDEYXTURNZLGFESHSUBTSKEVM02,0.333333,0.666667,point_previews/task000140_mu000023_rho080_n1.png
0.9,23,8,license_plate_bahnschrift.ttf,CBAGJWPD6YXT0RNZL49E3HSU875KFVMQ2,11,0,0,0.765,15.178933,0.668877,0.635992,CBAGJWPDEYXTURNZLAPESHSUBTSKEYMQ2,0.30303,0.69697,point_previews/task000140_mu000023_rho090_n0.png
0.9,23,8,license_plate_bahnschrift.ttf,CBAGJWPD6YXT0RNZL49E3HSU875KFVMQ2,11,0,1,0.765,15.178933,0.668877,0.635992,CBAGJWPDSYXTRNZLA9ESHSUB7SKEVMQ2,0.212121,0.787879,point_previews/task000140_mu000023_rho090_n1.png
1.0,23,8,license_plate_bahnschrift.ttf,CBAGJWPD6YXT0RNZL49E3HSU875KFVMQ2,11,0,0,0.85,16.0,0.63662,0.603355,,1.0,0.0,point_previews/task000140_mu000023_rho100_n0.png
1.0,23,8,license_plate_bahnschrift.ttf,CBAGJWPD6YXT0RNZL49E3HSU875KFVMQ2,11,0,1,0.85,16.0,0.63662,0.603355,,1.0,0.0,point_previews/task000140_mu000023_rho100_n1.png
0.1,32,8,license_plate_bahnschrift.ttf,CBAGJWPD6YXT0RNZL49E3HSU875KFVMQ2,11,0,0,0.085,5.059644,0.959381,1.907975,2ESSRCTURLSGRE,0.878788,0.121212,point_previews/task000141_mu000032_rho010_n0.png
0.1,32,8,license_plate_bahnschrift.ttf,CBAGJWPD6YXT0RNZL49E3HSU875KFVMQ2,11,0,1,0.085,5.059644,0.959381,1.907975,SGRGAAREMTREPEASSENES,0.848485,0.151515,point_previews/task000141_mu000032_rho010_n1.png
0.2,32,8,license_plate_bahnschrift.ttf,CBAGJWPD6YXT0RNZL49E3HSU875KFVMQ2,11,0,0,0.17,7.155418,0.919759,1.349142,CBAGUWPUGATSANZLAVEAEASS,0.666667,0.333333,point_previews/task000141_mu000032_rho020_n0.png
0.2,32,8,license_plate_bahnschrift.ttf,CBAGJWPD6YXT0RNZL49E3HSU875KFVMQ2,11,0,1,0.17,7.155418,0.919759,1.349142,,1.0,0.0,point_previews/task000141_mu000032_rho020_n1.png
0.3,32,8,license_plate_bahnschrift.ttf,CBAGJWPD6YXT0RNZL49E3HSU875KFVMQ2,11,0,0,0.255,8.763561,0.881116,1.10157,ERAGJWPDAXTRNEEATESHSUSTSKEVMG2,0.454545,0.545455,point_previews/task000141_mu000032_rho030_n0.png
0.3,32,8,license_plate_bahnschrift.ttf,CBAGJWPD6YXT0RNZL49E3HSU875KFVMQ2,11,0,1,0.255,8.763561,0.881116,1.10157,CEBAGJWPDBYRTGRNZL4FEAHSUSTEREVAD,0.424242,0.575758,point_previews/task000141_mu000032_rho030_n1.png
0.4,32,8,license_plate_bahnschrift.ttf,CBAGJWPD6YXT0RNZL49E3HSU875KFVMQ2,11,0,0,0.34,10.119289,0.843436,0.953987,CBAGJWPDEYETRNZLS9ESHSURTSKEVM,0.333333,0.666667,point_previews/task000141_mu000032_rho040_n0.png
0.4,32,8,license_plate_bahnschrift.ttf,CBAGJWPD6YXT0RNZL49E3HSU875KFVMQ2,11,0,1,0.34,10.119289,0.843436,0.953987,CBAGJPDEYKTARNZESSESHSUBTKEVMDS,0.424242,0.575758,point_previews/task000141_mu000032_rho040_n1.png
0.5,32,8,license_plate_bahnschrift.ttf,CBAGJWPD6YXT0RNZL49E3HSU875KFVMQ2,11,0,0,0.425,11.313708,0.8067,0.853272,,1.0,0.0,point_previews/task000141_mu000032_rho050_n0.png
0.5,32,8,license_plate_bahnschrift.ttf,CBAGJWPD6YXT0RNZL49E3HSU875KFVMQ2,11,0,1,0.425,11.313708,0.8067,0.853272,CHAGJNPDSYXTURNZEAESMSUBTSKEVMDZ,0.454545,0.545455,point_previews/task000141_mu000032_rho050_n1.png
0.6,32,8,license_plate_bahnschrift.ttf,CBAGJWPD6YXT0RNZL49E3HSU875KFVMQ2,11,0,0,0.51,12.393547,0.770893,0.778927,CRUAGJWPDSYXTDRNZLASESKSUBTSKEYMQ2,0.393939,0.606061,point_previews/task000141_mu000032_rho060_n0.png
0.6,32,8,license_plate_bahnschrift.ttf,CBAGJWPD6YXT0RNZL49E3HSU875KFVMQ2,11,0,1,0.51,12.393547,0.770893,0.778927,,1.0,0.0,point_previews/task000141_mu000032_rho060_n1.png
0.7,32,8,license_plate_bahnschrift.ttf,CBAGJWPD6YXT0RNZL49E3HSU875KFVMQ2,11,0,0,0.595,13.38656,0.735998,0.721147,EBAGJWPDSYXTRNZLAVESHSUBTSKFVMGZ,0.333333,0.666667,point_previews/task000141_mu000032_rho070_n0.png
0.7,32,8,license_plate_bahnschrift.ttf,CBAGJWPD6YXT0RNZL49E3HSU875KFVMQ2,11,0,1,0.595,13.38656,0.735998,0.721147,CBAGJWPD6YXTRNZL49ESHSUBTSKEVM0Z,0.242424,0.757576,point_previews/task000141_mu000032_rho070_n1.png
0.8,32,8,license_plate_bahnschrift.ttf,CBAGJWPD6YXT0RNZL49E3HSU875KFVMQ2,11,0,0,0.68,14.310835,0.701998,0.674571,,1.0,0.0,point_previews/task000141_mu000032_rho080_n0.png
0.8,32,8,license_plate_bahnschrift.ttf,CBAGJWPD6YXT0RNZL49E3HSU875KFVMQ2,11,0,1,0.68,14.310835,0.701998,0.674571,,1.0,0.0,point_previews/task000141_mu000032_rho080_n1.png
0.9,32,8,license_plate_bahnschrift.ttf,CBAGJWPD6YXT0RNZL49E3HSU875KFVMQ2,11,0,0,0.765,15.178933,0.668877,0.635992,CBAGJWPDBYXTRNZLAPESHSUSTSKEVMG2,0.30303,0.69697,point_previews/task000141_mu000032_rho090_n0.png
0.9,32,8,license_plate_bahnschrift.ttf,CBAGJWPD6YXT0RNZL49E3HSU875KFVMQ2,11,0,1,0.765,15.178933,0.668877,0.635992,,1.0,0.0,point_previews/task000141_mu000032_rho090_n1.png
1.0,32,8,license_plate_bahnschrift.ttf,CBAGJWPD6YXT0RNZL49E3HSU875KFVMQ2,11,0,0,0.85,16.0,0.63662,0.603355,CBAGJWPD6YXTGRNZLS9ESHSUBTSKEVMGZ,0.272727,0.727273,point_previews/task000141_mu000032_rho100_n0.png
1.0,32,8,license_plate_bahnschrift.ttf,CBAGJWPD6YXT0RNZL49E3HSU875KFVMQ2,11,0,1,0.85,16.0,0.63662,0.603355,CBAGJWPDSYXTRNZLSESHSUB7SKFYMGZ,0.30303,0.69697,point_previews/task000141_mu000032_rho100_n1.png
0.1,45,8,license_plate_bahnschrift.ttf,CBAGJWPD6YXT0RNZL49E3HSU875KFVMQ2,11,0,0,0.085,5.059644,0.959381,1.907975,CBAAPDRCRTCRMELDASUBTSEY,0.69697,0.30303,point_previews/task000142_mu000045_rho010_n0.png
0.1,45,8,license_plate_bahnschrift.ttf,CBAGJWPD6YXT0RNZL49E3HSU875KFVMQ2,11,0,1,0.085,5.059644,0.959381,1.907975,LEASATRDENMURNZEASESPRENPAS,0.787879,0.212121,point_previews/task000142_mu000045_rho010_n1.png
0.2,45,8,license_plate_bahnschrift.ttf,CBAGJWPD6YXT0RNZL49E3HSU875KFVMQ2,11,0,0,0.17,7.155418,0.919759,1.349142,,1.0,0.0,point_previews/task000142_mu000045_rho020_n0.png
0.2,45,8,license_plate_bahnschrift.ttf,CBAGJWPD6YXT0RNZL49E3HSU875KFVMQ2,11,0,1,0.17,7.155418,0.919759,1.349142,,1.0,0.0,point_previews/task000142_mu000045_rho020_n1.png
0.3,45,8,license_plate_bahnschrift.ttf,CBAGJWPD6YXT0RNZL49E3HSU875KFVMQ2,11,0,0,0.255,8.763561,0.881116,1.10157,,1.0,0.0,point_previews/task000142_mu000045_rho030_n0.png
0.3,45,8,license_plate_bahnschrift.ttf,CBAGJWPD6YXT0RNZL49E3HSU875KFVMQ2,11,0,1,0.255,8.763561,0.881116,1.10157,,1.0,0.0,point_previews/task000142_mu000045_rho030_n1.png
0.4,45,8,license_plate_bahnschrift.ttf,CBAGJWPD6YXT0RNZL49E3HSU875KFVMQ2,11,0,0,0.34,10.119289,0.843436,0.953987,,1.0,0.0,point_previews/task000142_mu000045_rho040_n0.png
0.4,45,8,license_plate_bahnschrift.ttf,CBAGJWPD6YXT0RNZL49E3HSU875KFVMQ2,11,0,1,0.34,10.119289,0.843436,0.953987,,1.0,0.0,point_previews/task000142_mu000045_rho040_n1.png
0.5,45,8,license_plate_bahnschrift.ttf,CBAGJWPD6YXT0RNZL49E3HSU875KFVMQ2,11,0,0,0.425,11.313708,0.8067,0.853272,JCBAGJWPDSYXTRNZL49ESHSUBTSKEVMAZ,0.30303,0.69697,point_previews/task000142_mu000045_rho050_n0.png
0.5,45,8,license_plate_bahnschrift.ttf,CBAGJWPD6YXT0RNZL49E3HSU875KFVMQ2,11,0,1,0.425,11.313708,0.8067,0.853272,CBAGJWPDSYXTURNZLAVESHSUB7SKENMQ2,0.272727,0.727273,point_previews/task000142_mu000045_rho050_n1.png
0.6,45,8,license_plate_bahnschrift.ttf,CBAGJWPD6YXT0RNZL49E3HSU875KFVMQ2,11,0,0,0.51,12.393547,0.770893,0.778927,CBAGJWPD6YXTERNZEAVESHSUBTSKFVM02,0.272727,0.727273,point_previews/task000142_mu000045_rho060_n0.png
0.6,45,8,license_plate_bahnschrift.ttf,CBAGJWPD6YXT0RNZL49E3HSU875KFVMQ2,11,0,1,0.51,12.393547,0.770893,0.778927,CBAGJWPDSYXTCRNZLGESHSUBTSKFYMG2,0.30303,0.69697,point_previews/task000142_mu000045_rho060_n1.png
0.7,45,8,license_plate_bahnschrift.ttf,CBAGJWPD6YXT0RNZL49E3HSU875KFVMQ2,11,0,0,0.595,13.38656,0.735998,0.721147,CBAGJWPDSYXTRNZL49ESHSUBTSKEVMQ2,0.212121,0.787879,point_previews/task000142_mu000045_rho070_n0.png
0.7,45,8,license_plate_bahnschrift.ttf,CBAGJWPD6YXT0RNZL49E3HSU875KFVMQ2,11,0,1,0.595,13.38656,0.735998,0.721147,CBAGJWPDEYXTURNZLGJEJHSUBTSKEVMG2,0.30303,0.69697,point_previews/task000142_mu000045_rho070_n1.png
0.8,45,8,license_plate_bahnschrift.ttf,CBAGJWPD6YXT0RNZL49E3HSU875KFVMQ2,11,0,0,0.68,14.310835,0.701998,0.674571,CBAGJWPDSYXTURNZL49ESHSU87TSKEVM02,0.212121,0.787879,point_previews/task000142_mu000045_rho080_n0.png
0.8,45,8,license_plate_bahnschrift.ttf,CBAGJWPD6YXT0RNZL49E3HSU875KFVMQ2,11,0,1,0.68,14.310835,0.701998,0.674571,CBAGJWPDSYXTURNZL4ESHSUBTSKEVMG2,0.272727,0.727273,point_previews/task000142_mu000045_rho080_n1.png
0.9,45,8,license_plate_bahnschrift.ttf,CBAGJWPD6YXT0RNZL49E3HSU875KFVMQ2,11,0,0,0.765,15.178933,0.668877,0.635992,CBAGJWPD6YXTRNZL4SESHSUBTSKFEVMG2,0.242424,0.757576,point_previews/task000142_mu000045_rho090_n0.png
0.9,45,8,license_plate_bahnschrift.ttf,CBAGJWPD6YXT0RNZL49E3HSU875KFVMQ2,11,0,1,0.765,15.178933,0.668877,0.635992,CBAGJWPDSYXTRNZES9ESHSUB7SKEVMG2,0.272727,0.727273,point_previews/task000142_mu000045_rho090_n1.png
1.0,45,8,license_plate_bahnschrift.ttf,CBAGJWPD6YXT0RNZL49E3HSU875KFVMQ2,11,0,0,0.85,16.0,0.63662,0.603355,CBAGJWPD6YXTDRNZLS9ESHSUB7SKEVM02,0.212121,0.787879,point_previews/task000142_mu000045_rho100_n0.png
1.0,45,8,license_plate_bahnschrift.ttf,CBAGJWPD6YXT0RNZL49E3HSU875KFVMQ2,11,0,1,0.85,16.0,0.63662,0.603355,CBAGJWPD6YXTRNZL49E3HSUBTSKFYMQ2,0.151515,0.848485,point_previews/task000142_mu000045_rho100_n1.png
0.1,64,8,license_plate_bahnschrift.ttf,CBAGJWPD6YXT0RNZL49E3HSU875KFVMQ2,11,0,0,0.085,5.059644,0.959381,1.907975,DBRESURDEVTRRAZESEFBSUSFREVE,0.727273,0.272727,point_previews/task000143_mu000064_rho010_n0.png
0.1,64,8,license_plate_bahnschrift.ttf,CBAGJWPD6YXT0RNZL49E3HSU875KFVMQ2,11,0,1,0.085,5.059644,0.959381,1.907975,SEBAGWPSAYMTURNZEGEUMSUSTSRENME,0.606061,0.393939,point_previews/task000143_mu000064_rho010_n1.png
0.2,64,8,license_plate_bahnschrift.ttf,CBAGJWPD6YXT0RNZL49E3HSU875KFVMQ2,11,0,0,0.17,7.155418,0.919759,1.349142,CBAGJWPDSUTARNZESEJHSUBTAKEYMG2,0.424242,0.575758,point_previews/task000143_mu000064_rho020_n0.png
0.2,64,8,license_plate_bahnschrift.ttf,CBAGJWPD6YXT0RNZL49E3HSU875KFVMQ2,11,0,1,0.17,7.155418,0.919759,1.349142,CBAGJWPDSYXTURNZLASESHSUSTSKENMDZ,0.363636,0.636364,point_previews/task000143_mu000064_rho020_n1.png
0.3,64,8,license_plate_bahnschrift.ttf,CBAGJWPD6YXT0RNZL49E3HSU875KFVMQ2,11,0,0,0.255,8.763561,0.881116,1.10157,CBAGJWPDSYXTRNZLAQESHSUBTSKEVMDZ,0.333333,0.666667,point_previews/task000143_mu000064_rho030_n0.png
0.3,64,8,license_plate_bahnschrift.ttf,CBAGJWPD6YXT0RNZL49E3HSU875KFVMQ2,11,0,1,0.255,8.763561,0.881116,1.10157,,1.0,0.0,point_previews/task000143_mu000064_rho030_n1.png
0.4,64,8,license_plate_bahnschrift.ttf,CBAGJWPD6YXT0RNZL49E3HSU875KFVMQ2,11,0,0,0.34,10.119289,0.843436,0.953987,CBAGJWPDSYXTRNZL49ESHSUB7SKEVMG2,0.212121,0.787879,point_previews/task000143_mu000064_rho040_n0.png
0.4,64,8,license_plate_bahnschrift.ttf,CBAGJWPD6YXT0RNZL49E3HSU875KFVMQ2,11,0,1,0.34,10.119289,0.843436,0.953987,CBAGJWPDSYXTRNZL49E3MSURTSKFYMD2,0.242424,0.757576,point_previews/task000143_mu000064_rho040_n1.png
0.5,64,8,license_plate_bahnschrift.ttf,CBAGJWPD6YXT0RNZL49E3HSU875KFVMQ2,11,0,0,0.425,11.313708,0.8067,0.853272,CBAGJWPD6YXTRNZL49ESHSUBTSKFVMG2,0.181818,0.818182,point_previews/task000143_mu000064_rho050_n0.png
0.5,64,8,license_plate_bahnschrift.ttf,CBAGJWPD6YXT0RNZL49E3HSU875KFVMQ2,11,0,1,0.425,11.313708,0.8067,0.853272,CBAGJWPD6YXTURNZLASESHSUBTSKEVMGZ,0.30303,0.69697,point_previews/task000143_mu000064_rho050_n1.png
0.6,64,8,license_plate_bahnschrift.ttf,CBAGJWPD6YXT0RNZL49E3HSU875KFVMQ2,11,0,0,0.51,12.393547,0.770893,0.778927,CBAGJWPD6YXTURNZL49ESHSUB7SKEVMQ2,0.151515,0.848485,point_previews/task000143_mu000064_rho060_n0.png
0.6,64,8,license_plate_bahnschrift.ttf,CBAGJWPD6YXT0RNZL49E3HSU875KFVMQ2,11,0,1,0.51,12.393547,0.770893,0.778927,CBAGJWPDSYXTRNZL49ESHSUBTSKEVMG2,0.242424,0.757576,point_previews/task000143_mu000064_rho060_n1.png
0.7,64,8,license_plate_bahnschrift.ttf,CBAGJWPD6YXT0RNZL49E3HSU875KFVMQ2,11,0,0,0.595,13.38656,0.735998,0.721147,CBAGJWPD6YXTRNZL4ESHSUBTSKEVM02,0.242424,0.757576,point_previews/task000143_mu000064_rho070_n0.png
0.7,64,8,license_plate_bahnschrift.ttf,CBAGJWPD6YXT0RNZL49E3HSU875KFVMQ2,11,0,1,0.595,13.38656,0.735998,0.721147,CBAGUWPD6YXTRNZL4ESHSUBTSKEVMQ2,0.242424,0.757576,point_previews/task000143_mu000064_rho070_n1.png
0.8,64,8,license_plate_bahnschrift.ttf,CBAGJWPD6YXT0RNZL49E3HSU875KFVMQ2,11,0,0,0.68,14.310835,0.701998,0.674571,CBAGJWPD6YXTURNZLAPESHSUBTSKEVMG2,0.272727,0.727273,point_previews/task000143_mu000064_rho080_n0.png
0.8,64,8,license_plate_bahnschrift.ttf,CBAGJWPD6YXT0RNZL49E3HSU875KFVMQ2,11,0,1,0.68,14.310835,0.701998,0.674571,CBAGJWPD6YXTURNZL49ESHSUSTSKFYMG2,0.212121,0.787879,point_previews/task000143_mu000064_rho080_n1.png
0.9,64,8,license_plate_bahnschrift.ttf,CBAGJWPD6YXT0RNZL49E3HSU875KFVMQ2,11,0,0,0.765,15.178933,0.668877,0.635992,CBAGJWPD6YXTRNZL49ESNSUBTSKFYMQ2,0.212121,0.787879,point_previews/task000143_mu000064_rho090_n0.png
0.9,64,8,license_plate_bahnschrift.ttf,CBAGJWPD6YXT0RNZL49E3HSU875KFVMQ2,11,0,1,0.765,15.178933,0.668877,0.635992,CBAGJWPD6YXT0RNZL4E3HSUBTSKFVMQ2,0.121212,0.878788,point_previews/task000143_mu000064_rho090_n1.png
1.0,64,8,license_plate_bahnschrift.ttf,CBAGJWPD6YXT0RNZL49E3HSU875KFVMQ2,11,0,0,0.85,16.0,0.63662,0.603355,CBAGJWPDS6YXTRNZL49E3HSUS75KFVMG2,0.121212,0.878788,point_previews/task000143_mu000064_rho100_n0.png
1.0,64,8,license_plate_bahnschrift.ttf,CBAGJWPD6YXT0RNZL49E3HSU875KFVMQ2,11,0,1,0.85,16.0,0.63662,0.603355,CBAGJWPD6YXTRNZL49ESHSUB7SKFVMQ2,0.121212,0.878788,point_previews/task000143_mu000064_rho100_n1.png
0.1,4,8,license_plate_bahnschrift.ttf,CBAGJWPD6YXT0RNZL49E3HSU875KFVMQ2,11,3,0,0.085,5.059644,0.959381,1.907975,,1.0,0.0,point_previews/task000144_mu000004_rho010_n0.png
0.1,4,8,license_plate_bahnschrift.ttf,CBAGJWPD6YXT0RNZL49E3HSU875KFVMQ2,11,3,1,0.085,5.059644,0.959381,1.907975,ASUEURMANSENL,0.909091,0.090909,point_previews/task000144_mu000004_rho010_n1.png
0.2,4,8,license_plate_bahnschrift.ttf,CBAGJWPD6YXT0RNZL49E3HSU875KFVMQ2,11,3,0,0.17,7.155418,0.919759,1.349142,CRSLNTNWBRMENEASLR,0.878788,0.121212,point_previews/task000144_mu000004_rho020_n0.png
0.2,4,8,license_plate_bahnschrift.ttf,CBAGJWPD6YXT0RNZL49E3HSU875KFVMQ2,11,3,1,0.17,7.155418,0.919759,1.349142,SSARHBEANSCTRRRN,0.878788,0.121212,point_previews/task000144_mu000004_rho020_n1.png
0.3,4,8,license_plate_bahnschrift.ttf,CBAGJWPD6YXT0RNZL49E3HSU875KFVMQ2,11,3,0,0.255,8.763561,0.881116,1.10157,PTRATCDRR,0.909091,0.090909,point_previews/task000144_mu000004_rho030_n0.png
0.3,4,8,license_plate_bahnschrift.ttf,CBAGJWPD6YXT0RNZL49E3HSU875KFVMQ2,11,3,1,0.255,8.763561,0.881116,1.10157,BRERALATNRCPRENLNY,0.878788,0.121212,point_previews/task000144_mu000004_rho030_n1.png
0.4,4,8,license_plate_bahnschrift.ttf,CBAGJWPD6YXT0RNZL49E3HSU875KFVMQ2,11,3,0,0.34,10.119289,0.843436,0.953987,,1.0,0.0,point_previews/task000144_mu000004_rho040_n0.png
0.4,4,8,license_plate_bahnschrift.ttf,CBAGJWPD6YXT0RNZL49E3HSU875KFVMQ2,11,3,1,0.34,10.119289,0.843436,0.953987,SELCNHARCNSARN,0.939394,0.060606,point_previews/task000144_mu000004_rho040_n1.png
0.5,4,8,license_plate_bahnschrift.ttf,CBAGJWPD6YXT0RNZL49E3HSU875KFVMQ2,11,3,0,0.425,11.313708,0.8067,0.853272,SSSEMRRNRSBGE,0.909091,0.090909,point_previews/task000144_mu000004_rho050_n0.png
0.5,4,8,license_plate_bahnschrift.ttf,CBAGJWPD6YXT0RNZL49E3HSU875KFVMQ2,11,3,1,0.425,11.313708,0.8067,0.853272,SEMNSCSDEU,0.909091,0.090909,point_previews/task000144_mu000004_rho050_n1.png
0.6,4,8,license_plate_bahnschrift.ttf,CBAGJWPD6YXT0RNZL49E3HSU875KFVMQ2,11,3,0,0.51,12.393547,0.770893,0.778927,SSAA,0.969697,0.030303,point_previews/task000144_mu000004_rho060_n0.png
0.6,4,8,license_plate_bahnschrift.ttf,CBAGJWPD6YXT0RNZL49E3HSU875KFVMQ2,11,3,1,0.51,12.393547,0.770893,0.778927,,1.0,0.0,point_previews/task000144_mu000004_rho060_n1.png
0.7,4,8,license_plate_bahnschrift.ttf,CBAGJWPD6YXT0RNZL49E3HSU875KFVMQ2,11,3,0,0.595,13.38656,0.735998,0.721147,DRRRLAAREARCUBSGHE,0.878788,0.121212,point_previews/task000144_mu000004_rho070_n0.png
0.7,4,8,license_plate_bahnschrift.ttf,CBAGJWPD6YXT0RNZL49E3HSU875KFVMQ2,11,3,1,0.595,13.38656,0.735998,0.721147,SEERRAASRRSSSLGBN,0.939394,0.060606,point_previews/task000144_mu000004_rho070_n1.png
0.8,4,8,license_plate_bahnschrift.ttf,CBAGJWPD6YXT0RNZL49E3HSU875KFVMQ2,11,3,0,0.68,14.310835,0.701998,0.674571,,1.0,0.0,point_previews/task000144_mu000004_rho080_n0.png
0.8,4,8,license_plate_bahnschrift.ttf,CBAGJWPD6YXT0RNZL49E3HSU875KFVMQ2,11,3,1,0.68,14.310835,0.701998,0.674571,APTSASSFS,0.848485,0.151515,point_previews/task000144_mu000004_rho080_n1.png
0.9,4,8,license_plate_bahnschrift.ttf,CBAGJWPD6YXT0RNZL49E3HSU875KFVMQ2,11,3,0,0.765,15.178933,0.668877,0.635992,RAESRABAZAARMERLTLN,0.909091,0.090909,point_previews/task000144_mu000004_rho090_n0.png
0.9,4,8,license_plate_bahnschrift.ttf,CBAGJWPD6YXT0RNZL49E3HSU875KFVMQ2,11,3,1,0.765,15.178933,0.668877,0.635992,,1.0,0.0,point_previews/task000144_mu000004_rho090_n1.png
1.0,4,8,license_plate_bahnschrift.ttf,CBAGJWPD6YXT0RNZL49E3HSU875KFVMQ2,11,3,0,0.85,16.0,0.63662,0.603355,SESETPERYSETGPENGSA3,0.878788,0.121212,point_previews/task000144_mu000004_rho100_n0.png
1.0,4,8,license_plate_bahnschrift.ttf,CBAGJWPD6YXT0RNZL49E3HSU875KFVMQ2,11,3,1,0.85,16.0,0.63662,0.603355,,1.0,0.0,point_previews/task000144_mu000004_rho100_n1.png
0.1,6,8,license_plate_bahnschrift.ttf,CBAGJWPD6YXT0RNZL49E3HSU875KFVMQ2,11,3,0,0.085,5.059644,0.959381,1.907975,CTEENSNSBMNBD,0.878788,0.121212,point_previews/task000145_mu000006_rho010_n0.png
0.1,6,8,license_plate_bahnschrift.ttf,CBAGJWPD6YXT0RNZL49E3HSU875KFVMQ2,11,3,1,0.085,5.059644,0.959381,1.907975,,1.0,0.0,point_previews/task000145_mu000006_rho010_n1.png
0.2,6,8,license_plate_bahnschrift.ttf,CBAGJWPD6YXT0RNZL49E3HSU875KFVMQ2,11,3,0,0.17,7.155418,0.919759,1.349142,FRSSPFBMBRRSR,0.909091,0.090909,point_previews/task000145_mu000006_rho020_n0.png
0.2,6,8,license_plate_bahnschrift.ttf,CBAGJWPD6YXT0RNZL49E3HSU875KFVMQ2,11,3,1,0.17,7.155418,0.919759,1.349142,FPLRAWTGEESGSN,0.878788,0.121212,point_previews/task000145_mu000006_rho020_n1.png
0.3,6,8,license_plate_bahnschrift.ttf,CBAGJWPD6YXT0RNZL49E3HSU875KFVMQ2,11,3,0,0.255,8.763561,0.881116,1.10157,SGSSRTMRESPNAGRUREYBRYSCAACECEEST,0.969697,0.030303,point_previews/task000145_mu000006_rho030_n0.png
0.3,6,8,license_plate_bahnschrift.ttf,CBAGJWPD6YXT0RNZL49E3HSU875KFVMQ2,11,3,1,0.255,8.763561,0.881116,1.10157,SPRCSPRAERAMPRELY,0.909091,0.090909,point_previews/task000145_mu000006_rho030_n1.png
0.4,6,8,license_plate_bahnschrift.ttf,CBAGJWPD6YXT0RNZL49E3HSU875KFVMQ2,11,3,0,0.34,10.119289,0.843436,0.953987,SGPDSRLTAPMN,0.818182,0.181818,point_previews/task000145_mu000006_rho040_n0.png
0.4,6,8,license_plate_bahnschrift.ttf,CBAGJWPD6YXT0RNZL49E3HSU875KFVMQ2,11,3,1,0.34,10.119289,0.843436,0.953987,,1.0,0.0,point_previews/task000145_mu000006_rho040_n1.png
0.5,6,8,license_plate_bahnschrift.ttf,CBAGJWPD6YXT0RNZL49E3HSU875KFVMQ2,11,3,0,0.425,11.313708,0.8067,0.853272,JDRASRREEASCETSSHSM,0.818182,0.181818,point_previews/task000145_mu000006_rho050_n0.png
0.5,6,8,license_plate_bahnschrift.ttf,CBAGJWPD6YXT0RNZL49E3HSU875KFVMQ2,11,3,1,0.425,11.313708,0.8067,0.853272,CTAGFWETRRATRSRGNGEARS,0.757576,0.242424,point_previews/task000145_mu000006_rho050_n1.png
0.6,6,8,license_plate_bahnschrift.ttf,CBAGJWPD6YXT0RNZL49E3HSU875KFVMQ2,11,3,0,0.51,12.393547,0.770893,0.778927,SERGMNERASEEHFLPESTTHEESCETE,0.878788,0.121212,point_previews/task000145_mu000006_rho060_n0.png
0.6,6,8,license_plate_bahnschrift.ttf,CBAGJWPD6YXT0RNZL49E3HSU875KFVMQ2,11,3,1,0.51,12.393547,0.770893,0.778927,PERUSE,0.909091,0.090909,point_previews/task000145_mu000006_rho060_n1.png
0.7,6,8,license_plate_bahnschrift.ttf,CBAGJWPD6YXT0RNZL49E3HSU875KFVMQ2,11,3,0,0.595,13.38656,0.735998,0.721147,FEDAGWREMECTURNSLEFRT,0.757576,0.242424,point_previews/task000145_mu000006_rho070_n0.png
0.7,6,8,license_plate_bahnschrift.ttf,CBAGJWPD6YXT0RNZL49E3HSU875KFVMQ2,11,3,1,0.595,13.38656,0.735998,0.721147,CEXRPDRPRNARRCRESEMS,0.787879,0.212121,point_previews/task000145_mu000006_rho070_n1.png
0.8,6,8,license_plate_bahnschrift.ttf,CBAGJWPD6YXT0RNZL49E3HSU875KFVMQ2,11,3,0,0.68,14.310835,0.701998,0.674571,CUMSFMPMAYESNRRECTACRRGURTSRTMS,0.818182,0.181818,point_previews/task000145_mu000006_rho080_n0.png
0.8,6,8,license_plate_bahnschrift.ttf,CBAGJWPD6YXT0RNZL49E3HSU875KFVMQ2,11,3,1,0.68,14.310835,0.701998,0.674571,ERNRSSYRTURNCEAUESSCARRES,0.818182,0.181818,point_previews/task000145_mu000006_rho080_n1.png
0.9,6,8,license_plate_bahnschrift.ttf,CBAGJWPD6YXT0RNZL49E3HSU875KFVMQ2,11,3,0,0.765,15.178933,0.668877,0.635992,CEPYTPTGSCANRNTCVEAHSLPTRSVEHYE,0.787879,0.212121,point_previews/task000145_mu000006_rho090_n0.png
0.9,6,8,license_plate_bahnschrift.ttf,CBAGJWPD6YXT0RNZL49E3HSU875KFVMQ2,11,3,1,0.765,15.178933,0.668877,0.635992,HEERCUNDRANUNTLSSESRRRAERAEASS,0.878788,0.121212,point_previews/task000145_mu000006_rho090_n1.png
1.0,6,8,license_plate_bahnschrift.ttf,CBAGJWPD6YXT0RNZL49E3HSU875KFVMQ2,11,3,0,0.85,16.0,0.63662,0.603355,DEASANEDEASLESERPEMDS,0.818182,0.181818,point_previews/task000145_mu000006_rho100_n0.png
1.0,6,8,license_plate_bahnschrift.ttf,CBAGJWPD6YXT0RNZL49E3HSU875KFVMQ2,11,3,1,0.85,16.0,0.63662,0.603355,SBAGRWEDSTKRRNZESEEGRSUBTEREM,0.636364,0.363636,point_previews/task000145_mu000006_rho100_n1.png
0.1,8,8,license_plate_bahnschrift.ttf,CBAGJWPD6YXT0RNZL49E3HSU875KFVMQ2,11,3,0,0.085,5.059644,0.959381,1.907975,RRANSDSETSLEE,0.848485,0.151515,point_previews/task000146_mu000008_rho010_n0.png
0.1,8,8,license_plate_bahnschrift.ttf,CBAGJWPD6YXT0RNZL49E3HSU875KFVMQ2,11,3,1,0.085,5.059644,0.959381,1.907975,,1.0,0.0,point_previews/task000146_mu000008_rho010_n1.png
0.2,8,8,license_plate_bahnschrift.ttf,CBAGJWPD6YXT0RNZL49E3HSU875KFVMQ2,11,3,0,0.17,7.155418,0.919759,1.349142,RELCADCSLBYLDNM,0.878788,0.121212,point_previews/task000146_mu000008_rho020_n0.png
0.2,8,8,license_plate_bahnschrift.ttf,CBAGJWPD6YXT0RNZL49E3HSU875KFVMQ2,11,3,1,0.17,7.155418,0.919759,1.349142,SAUYGPNSB,0.878788,0.121212,point_previews/task000146_mu000008_rho020_n1.png
0.3,8,8,license_plate_bahnschrift.ttf,CBAGJWPD6YXT0RNZL49E3HSU875KFVMQ2,11,3,0,0.255,8.763561,0.881116,1.10157,CRESREETTETAPSRNE,0.909091,0.090909,point_previews/task000146_mu000008_rho030_n0.png
0.3,8,8,license_plate_bahnschrift.ttf,CBAGJWPD6YXT0RNZL49E3HSU875KFVMQ2,11,3,1,0.255,8.763561,0.881116,1.10157,RNTVSRADAMNCRWADREAGSN,0.878788,0.121212,point_previews/task000146_mu000008_rho030_n1.png
0.4,8,8,license_plate_bahnschrift.ttf,CBAGJWPD6YXT0RNZL49E3HSU875KFVMQ2,11,3,0,0.34,10.119289,0.843436,0.953987,VESEAGNEETCWESAETLLARPRCEMSLERRATSZ,0.969697,0.030303,point_previews/task000146_mu000008_rho040_n0.png
0.4,8,8,license_plate_bahnschrift.ttf,CBAGJWPD6YXT0RNZL49E3HSU875KFVMQ2,11,3,1,0.34,10.119289,0.843436,0.953987,PPEASHNPRUEATARNERGFPSLRTRME,0.818182,0.181818,point_previews/task000146_mu000008_rho040_n1.png
0.5,8,8,license_plate_bahnschrift.ttf,CBAGJWPD6YXT0RNZL49E3HSU875KFVMQ2,11,3,0,0.425,11.313708,0.8067,0.853272,PPHPTCCLGREASNCTERNRT,0.848485,0.151515,point_previews/task000146_mu000008_rho050_n0.png
0.5,8,8,license_plate_bahnschrift.ttf,CBAGJWPD6YXT0RNZL49E3HSU875KFVMQ2,11,3,1,0.425,11.313708,0.8067,0.853272,LRRLNSTNELEASESAEU,0.848485,0.151515,point_previews/task000146_mu000008_rho050_n1.png
0.6,8,8,license_plate_bahnschrift.ttf,CBAGJWPD6YXT0RNZL49E3HSU875KFVMQ2,11,3,0,0.51,12.393547,0.770893,0.778927,MASTNESTSSBEYETHAUBTSRUSENE,0.848485,0.151515,point_previews/task000146_mu000008_rho060_n0.png
0.6,8,8,license_plate_bahnschrift.ttf,CBAGJWPD6YXT0RNZL49E3HSU875KFVMQ2,11,3,1,0.51,12.393547,0.770893,0.778927,,1.0,0.0,point_previews/task000146_mu000008_rho060_n1.png
0.7,8,8,license_plate_bahnschrift.ttf,CBAGJWPD6YXT0RNZL49E3HSU875KFVMQ2,11,3,0,0.595,13.38656,0.735998,0.721147,PEASAWRRATETRNZEGELBRURTSMEARRSS,0.787879,0.212121,point_previews/task000146_mu000008_rho070_n0.png
0.7,8,8,license_plate_bahnschrift.ttf,CBAGJWPD6YXT0RNZL49E3HSU875KFVMQ2,11,3,1,0.595,13.38656,0.735998,0.721147,SRASTARETRWANZLESESSSDRFSRTDD,0.818182,0.181818,point_previews/task000146_mu000008_rho070_n1.png
0.8,8,8,license_plate_bahnschrift.ttf,CBAGJWPD6YXT0RNZL49E3HSU875KFVMQ2,11,3,0,0.68,14.310835,0.701998,0.674571,TDBAGSHRBGRRTSNZLGHESRE,0.757576,0.242424,point_previews/task000146_mu000008_rho080_n0.png
0.8,8,8,license_plate_bahnschrift.ttf,CBAGJWPD6YXT0RNZL49E3HSU875KFVMQ2,11,3,1,0.68,14.310835,0.701998,0.674571,SAACTRPESRDENTERHBRERS,0.848485,0.151515,point_previews/task000146_mu000008_rho080_n1.png
0.9,8,8,license_plate_bahnschrift.ttf,CBAGJWPD6YXT0RNZL49E3HSU875KFVMQ2,11,3,0,0.765,15.178933,0.668877,0.635992,EGNGTWEDAYYTRUZLASETNSUBTERERAS,0.666667,0.333333,point_previews/task000146_mu000008_rho090_n0.png
0.9,8,8,license_plate_bahnschrift.ttf,CBAGJWPD6YXT0RNZL49E3HSU875KFVMQ2,11,3,1,0.765,15.178933,0.668877,0.635992,SBACTWRUSYAPGRNELSLSRSUATSHENGS,0.727273,0.272727,point_previews/task000146_mu000008_rho090_n1.png
1.0,8,8,license_plate_bahnschrift.ttf,CBAGJWPD6YXT0RNZL49E3HSU875KFVMQ2,11,3,0,0.85,16.0,0.63662,0.603355,SCBAGURPDLEXTURNZLASESSUPDREAG2,0.545455,0.454545,point_previews/task000146_mu000008_rho100_n0.png
1.0,8,8,license_plate_bahnschrift.ttf,CBAGJWPD6YXT0RNZL49E3HSU875KFVMQ2,11,3,1,0.85,16.0,0.63662,0.603355,,1.0,0.0,point_previews/task000146_mu000008_rho100_n1.png
0.1,11,8,license_plate_bahnschrift.ttf,CBAGJWPD6YXT0RNZL49E3HSU875KFVMQ2,11,3,0,0.085,5.059644,0.959381,1.907975,SREABRSACRGSNER,0.939394,0.060606,point_previews/task000147_mu000011_rho010_n0.png
0.1,11,8,license_plate_bahnschrift.ttf,CBAGJWPD6YXT0RNZL49E3HSU875KFVMQ2,11,3,1,0.085,5.059644,0.959381,1.907975,,1.0,0.0,point_previews/task000147_mu000011_rho010_n1.png
0.2,11,8,license_plate_bahnschrift.ttf,CBAGJWPD6YXT0RNZL49E3HSU875KFVMQ2,11,3,0,0.17,7.155418,0.919759,1.349142,PRAREPTRENEBUNSPTZ,0.818182,0.181818,point_previews/task000147_mu000011_rho020_n0.png
0.2,11,8,license_plate_bahnschrift.ttf,CBAGJWPD6YXT0RNZL49E3HSU875KFVMQ2,11,3,1,0.17,7.155418,0.919759,1.349142,BNSTNSRNGPLRTSRGPS,0.878788,0.121212,point_previews/task000147_mu000011_rho020_n1.png
0.3,11,8,license_plate_bahnschrift.ttf,CBAGJWPD6YXT0RNZL49E3HSU875KFVMQ2,11,3,0,0.255,8.763561,0.881116,1.10157,ASBAGSMPTASTRHGLRSEABPSE,0.787879,0.212121,point_previews/task000147_mu000011_rho030_n0.png
0.3,11,8,license_plate_bahnschrift.ttf,CBAGJWPD6YXT0RNZL49E3HSU875KFVMQ2,11,3,1,0.255,8.763561,0.881116,1.10157,CRMSERYSTRNBSVESPEMED,0.757576,0.242424,point_previews/task000147_mu000011_rho030_n1.png
0.4,11,8,license_plate_bahnschrift.ttf,CBAGJWPD6YXT0RNZL49E3HSU875KFVMQ2,11,3,0,0.34,10.119289,0.843436,0.953987,PEABUWEEETARNERETETASHERKENMG,0.727273,0.272727,point_previews/task000147_mu000011_rho040_n0.png
0.4,11,8,license_plate_bahnschrift.ttf,CBAGJWPD6YXT0RNZL49E3HSU875KFVMQ2,11,3,1,0.34,10.119289,0.843436,0.953987,ERSSSUWERRERESHRAEWSHSUEPERVEAGD,0.878788,0.121212,point_previews/task000147_mu000011_rho040_n1.png
0.5,11,8,license_plate_bahnschrift.ttf,CBAGJWPD6YXT0RNZL49E3HSU875KFVMQ2,11,3,0,0.425,11.313708,0.8067,0.853272,PSSNPLGRTLDUAEZYEFURATSD,0.878788,0.121212,point_previews/task000147_mu000011_rho050_n0.png
0.5,11,8,license_plate_bahnschrift.ttf,CBAGJWPD6YXT0RNZL49E3HSU875KFVMQ2,11,3,1,0.425,11.313708,0.8067,0.853272,SCAAGTMPDXTCRHELSVEATSDEMAS,0.666667,0.333333,point_previews/task000147_mu000011_rho050_n1.png
0.6,11,8,license_plate_bahnschrift.ttf,CBAGJWPD6YXT0RNZL49E3HSU875KFVMQ2,11,3,0,0.51,12.393547,0.770893,0.778927,TCRAGNPDMKTURFZESSEARSUBTSKPEUMY2,0.636364,0.363636,point_previews/task000147_mu000011_rho060_n0.png
0.6,11,8,license_plate_bahnschrift.ttf,CBAGJWPD6YXT0RNZL49E3HSU875KFVMQ2,11,3,1,0.51,12.393547,0.770893,0.778927,EPREMPHEVSTURMALASETNGUBTSKSVRDS,0.757576,0.242424,point_previews/task000147_mu000011_rho060_n1.png
0.7,11,8,license_plate_bahnschrift.ttf,CBAGJWPD6YXT0RNZL49E3HSU875KFVMQ2,11,3,0,0.595,13.38656,0.735998,0.721147,EAGTWPALRNZASESMSUATSHEYMGS,0.666667,0.333333,point_previews/task000147_mu000011_rho070_n0.png
0.7,11,8,license_plate_bahnschrift.ttf,CBAGJWPD6YXT0RNZL49E3HSU875KFVMQ2,11,3,1,0.595,13.38656,0.735998,0.721147,,1.0,0.0,point_previews/task000147_mu000011_rho070_n1.png
0.8,11,8,license_plate_bahnschrift.ttf,CBAGJWPD6YXT0RNZL49E3HSU875KFVMQ2,11,3,0,0.68,14.310835,0.701998,0.674571,PEDSPSPRETRNELSVEASSHG7SREVMGS,0.69697,0.30303,point_previews/task000147_mu000011_rho080_n0.png
0.8,11,8,license_plate_bahnschrift.ttf,CBAGJWPD6YXT0RNZL49E3HSU875KFVMQ2,11,3,1,0.68,14.310835,0.701998,0.674571,,1.0,0.0,point_previews/task000147_mu000011_rho080_n1.png
0.9,11,8,license_plate_bahnschrift.ttf,CBAGJWPD6YXT0RNZL49E3HSU875KFVMQ2,11,3,0,0.765,15.178933,0.668877,0.635992,CBARWPDRCTERNZLG9ESHSUSPSKEYMS,0.454545,0.545455,point_previews/task000147_mu000011_rho090_n0.png
0.9,11,8,license_plate_bahnschrift.ttf,CBAGJWPD6YXT0RNZL49E3HSU875KFVMQ2,11,3,1,0.765,15.178933,0.668877,0.635992,DBASSRPDCDRRUZLSTESHSUBTEKEYMAS,0.606061,0.393939,point_previews/task000147_mu000011_rho090_n1.png
1.0,11,8,license_plate_bahnschrift.ttf,CBAGJWPD6YXT0RNZL49E3HSU875KFVMQ2,11,3,0,0.85,16.0,0.63662,0.603355,EBAGJWPDSMTNRNZLZSESHSURYSKEVEADS,0.484848,0.515152,point_previews/task000147_mu000011_rho100_n0.png
1.0,11,8,license_plate_bahnschrift.ttf,CBAGJWPD6YXT0RNZL49E3HSU875KFVMQ2,11,3,1,0.85,16.0,0.63662,0.603355,CBASJWPGYXTGRNZESSEAMSUBTSREYMS,0.515152,0.484848,point_previews/task000147_mu000011_rho100_n1.png
0.1,16,8,license_plate_bahnschrift.ttf,CBAGJWPD6YXT0RNZL49E3HSU875KFVMQ2,11,3,0,0.085,5.059644,0.959381,1.907975,PSRTERSCURA,0.878788,0.121212,point_previews/task000148_mu000016_rho010_n0.png
0.1,16,8,license_plate_bahnschrift.ttf,CBAGJWPD6YXT0RNZL49E3HSU875KFVMQ2,11,3,1,0.085,5.059644,0.959381,1.907975,EEAEAETAAREREA,0.909091,0.090909,point_previews/task000148_mu000016_rho010_n1.png
0.2,16,8,license_plate_bahnschrift.ttf,CBAGJWPD6YXT0RNZL49E3HSU875KFVMQ2,11,3,0,0.17,7.155418,0.919759,1.349142,ERGPARRTEREELCERASTESVRSSY,0.787879,0.212121,point_previews/task000148_mu000016_rho020_n0.png
0.2,16,8,license_plate_bahnschrift.ttf,CBAGJWPD6YXT0RNZL49E3HSU875KFVMQ2,11,3,1,0.17,7.155418,0.919759,1.349142,,1.0,0.0,point_previews/task000148_mu000016_rho020_n1.png
0.3,16,8,license_plate_bahnschrift.ttf,CBAGJWPD6YXT0RNZL49E3HSU875KFVMQ2,11,3,0,0.255,8.763561,0.881116,1.10157,SSPASHPDSERCESEGLESURPARANYS,0.818182,0.181818,point_previews/task000148_mu000016_rho030_n0.png
0.3,16,8,license_plate_bahnschrift.ttf,CBAGJWPD6YXT0RNZL49E3HSU875KFVMQ2,11,3,1,0.255,8.763561,0.881116,1.10157,CGAGMEPDTRSTCESERTRECEGRADF,0.757576,0.242424,point_previews/task000148_mu000016_rho030_n1.png
0.4,16,8,license_plate_bahnschrift.ttf,CBAGJWPD6YXT0RNZL49E3HSU875KFVMQ2,11,3,0,0.34,10.119289,0.843436,0.953987,CHASTVPDEEDRHPELSETNSUPTSNSVMGD,0.69697,0.30303,point_previews/task000148_mu000016_rho040_n0.png
0.4,16,8,license_plate_bahnschrift.ttf,CBAGJWPD6YXT0RNZL49E3HSU875KFVMQ2,11,3,1,0.34,10.119289,0.843436,0.953987,SBASTWPUAYRARHRGEASTSEVMAZ,0.69697,0.30303,point_previews/task000148_mu000016_rho040_n1.png
0.5,16,8,license_plate_bahnschrift.ttf,CBAGJWPD6YXT0RNZL49E3HSU875KFVMQ2,11,3,0,0.425,11.313708,0.8067,0.853272,SBAGWPDSYRTRAZLSFPBASUBTSREVMGS,0.545455,0.454545,point_previews/task000148_mu000016_rho050_n0.png
0.5,16,8,license_plate_bahnschrift.ttf,CBAGJWPD6YXT0RNZL49E3HSU875KFVMQ2,11,3,1,0.425,11.313708,0.8067,0.853272,,1.0,0.0,point_previews/task000148_mu000016_rho050_n1.png
0.6,16,8,license_plate_bahnschrift.ttf,CBAGJWPD6YXT0RNZL49E3HSU875KFVMQ2,11,3,0,0.51,12.393547,0.770893,0.778927,,1.0,0.0,point_previews/task000148_mu000016_rho060_n0.png
0.6,16,8,license_plate_bahnschrift.ttf,CBAGJWPD6YXT0RNZL49E3HSU875KFVMQ2,11,3,1,0.51,12.393547,0.770893,0.778927,,1.0,0.0,point_previews/task000148_mu000016_rho060_n1.png
0.7,16,8,license_plate_bahnschrift.ttf,CBAGJWPD6YXT0RNZL49E3HSU875KFVMQ2,11,3,0,0.595,13.38656,0.735998,0.721147,CBAGJNEDAXTGRNZEZESHSUBTSHEYMDE,0.515152,0.484848,point_previews/task000148_mu000016_rho070_n0.png
0.7,16,8,license_plate_bahnschrift.ttf,CBAGJWPD6YXT0RNZL49E3HSU875KFVMQ2,11,3,1,0.595,13.38656,0.735998,0.721147,CBEAGJWPTGMNTGRNALEGHSUETSKEVMU,0.484848,0.515152,point_previews/task000148_mu000016_rho070_n1.png
0.8,16,8,license_plate_bahnschrift.ttf,CBAGJWPD6YXT0RNZL49E3HSU875KFVMQ2,11,3,0,0.68,14.310835,0.701998,0.674571,RBAGJNEDSYRTURNZLA9ETHSUBTSKEVMQ2,0.363636,0.636364,point_previews/task000148_mu000016_rho080_n0.png
0.8,16,8,license_plate_bahnschrift.ttf,CBAGJWPD6YXT0RNZL49E3HSU875KFVMQ2,11,3,1,0.68,14.310835,0.701998,0.674571,CBAGJWPDSYXTURNZLAPESHSUB7SKEVMAR,0.30303,0.69697,point_previews/task000148_mu000016_rho080_n1.png
0.9,16,8,license_plate_bahnschrift.ttf,CBAGJWPD6YXT0RNZL49E3HSU875KFVMQ2,11,3,0,0.765,15.178933,0.668877,0.635992,CBASJWPUGYXTURNZESSETHSLBTSKEVMGR,0.454545,0.545455,point_previews/task000148_mu000016_rho090_n0.png
0.9,16,8,license_plate_bahnschrift.ttf,CBAGJWPD6YXT0RNZL49E3HSU875KFVMQ2,11,3,1,0.765,15.178933,0.668877,0.635992,CBASJWPDLTXTARNZLSYESHSUBTSKSVMAZ,0.393939,0.606061,point_previews/task000148_mu000016_rho090_n1.png
1.0,16,8,license_plate_bahnschrift.ttf,CBAGJWPD6YXT0RNZL49E3HSU875KFVMQ2,11,3,0,0.85,16.0,0.63662,0.603355,,1.0,0.0,point_previews/task000148_mu000016_rho100_n0.png
1.0,16,8,license_plate_bahnschrift.ttf,CBAGJWPD6YXT0RNZL49E3HSU875KFVMQ2,11,3,1,0.85,16.0,0.63662,0.603355,SCEAGJWPDSYXTURNZLATESHSUBTSREVMQ2,0.363636,0.636364,point_previews/task000148_mu000016_rho100_n1.png
0.1,23,8,license_plate_bahnschrift.ttf,CBAGJWPD6YXT0RNZL49E3HSU875KFVMQ2,11,3,0,0.085,5.059644,0.959381,1.907975,SESRRSCMATREPRWEED,0.909091,0.090909,point_previews/task000149_mu000023_rho010_n0.png
0.1,23,8,license_plate_bahnschrift.ttf,CBAGJWPD6YXT0RNZL49E3HSU875KFVMQ2,11,3,1,0.085,5.059644,0.959381,1.907975,,1.0,0.0,point_previews/task000149_mu000023_rho010_n1.png
0.2,23,8,license_plate_bahnschrift.ttf,CBAGJWPD6YXT0RNZL49E3HSU875KFVMQ2,11,3,0,0.17,7.155418,0.919759,1.349142,CDAEDAPTESSHRCANSBSPKENAAG,0.818182,0.181818,point_previews/task000149_mu000023_rho020_n0.png
0.2,23,8,license_plate_bahnschrift.ttf,CBAGJWPD6YXT0RNZL49E3HSU875KFVMQ2,11,3,1,0.17,7.155418,0.919759,1.349142,THRSPRRATGRNAYSSNUR7SREVMS,0.757576,0.242424,point_previews/task000149_mu000023_rho020_n1.png
0.3,23,8,license_plate_bahnschrift.ttf,CBAGJWPD6YXT0RNZL49E3HSU875KFVMQ2,11,3,0,0.255,8.763561,0.881116,1.10157,SBAGTUPDGPRTARAZSEH087SREM,0.606061,0.393939,point_previews/task000149_mu000023_rho030_n0.png
0.3,23,8,license_plate_bahnschrift.ttf,CBAGJWPD6YXT0RNZL49E3HSU875KFVMQ2,11,3,1,0.255,8.763561,0.881116,1.10157,CBAGJWPDEYNTDRNZLYSEARSUBTEKEUMRZ,0.424242,0.575758,point_previews/task000149_mu000023_rho030_n1.png
0.4,23,8,license_plate_bahnschrift.ttf,CBAGJWPD6YXT0RNZL49E3HSU875KFVMQ2,11,3,0,0.34,10.119289,0.843436,0.953987,EBASJNPDAYXTRNZELSESHSUBSKEYMZ,0.484848,0.515152,point_previews/task000149_mu000023_rho040_n0.png
0.4,23,8,license_plate_bahnschrift.ttf,CBAGJWPD6YXT0RNZL49E3HSU875KFVMQ2,11,3,1,0.34,10.119289,0.843436,0.953987,CBAGWPDSYTDRNELASEFASUBTSKAVMD2,0.424242,0.575758,point_previews/task000149_mu000023_rho040_n1.png
0.5,23,8,license_plate_bahnschrift.ttf,CBAGJWPD6YXT0RNZL49E3HSU875KFVMQ2,11,3,0,0.425,11.313708,0.8067,0.853272,CRAGJWPDSYXTDRNZEA9ESHSLATKEVMA2,0.363636,0.636364,point_previews/task000149_mu000023_rho050_n0.png
0.5,23,8,license_plate_bahnschrift.ttf,CBAGJWPD6YXT0RNZL49E3HSU875KFVMQ2,11,3,1,0.425,11.313708,0.8067,0.853272,CBACUWPDSYNTRNZLAEHSUBTSKEVMD,0.424242,0.575758,point_previews/task000149_mu000023_rho050_n1.png
0.6,23,8,license_plate_bahnschrift.ttf,CBAGJWPD6YXT0RNZL49E3HSU875KFVMQ2,11,3,0,0.51,12.393547,0.770893,0.778927,CHAGWPDSYXTURNZLASEFHSUBTSKENMD2,0.393939,0.606061,point_previews/task000149_mu000023_rho060_n0.png
0.6,23,8,license_plate_bahnschrift.ttf,CBAGJWPD6YXT0RNZL49E3HSU875KFVMQ2,11,3,1,0.51,12.393547,0.770893,0.778927,CBAGDNPDEYRTQRNZLASESHSUBSKEVD2,0.424242,0.575758,point_previews/task000149_mu000023_rho060_n1.png
0.7,23,8,license_plate_bahnschrift.ttf,CBAGJWPD6YXT0RNZL49E3HSU875KFVMQ2,11,3,0,0.595,13.38656,0.735998,0.721147,CBAGJWPDSYXTURN2EA9ESHSUBTSKEVM2,0.333333,0.666667,point_previews/task000149_mu000023_rho070_n0.png
0.7,23,8,license_plate_bahnschrift.ttf,CBAGJWPD6YXT0RNZL49E3HSU875KFVMQ2,11,3,1,0.595,13.38656,0.735998,0.721147,CHAGJWPDSYXTRNZLLSESHSUBTSREVMD,0.393939,0.606061,point_previews/task000149_mu000023_rho070_n1.png
0.8,23,8,license_plate_bahnschrift.ttf,CBAGJWPD6YXT0RNZL49E3HSU875KFVMQ2,11,3,0,0.68,14.310835,0.701998,0.674571,,1.0,0.0,point_previews/task000149_mu000023_rho080_n0.png
0.8,23,8,license_plate_bahnschrift.ttf,CBAGJWPD6YXT0RNZL49E3HSU875KFVMQ2,11,3,1,0.68,14.310835,0.701998,0.674571,CBAGJWPDEYXTURNZLGVESHSUBTSKEVMGZ,0.333333,0.666667,point_previews/task000149_mu000023_rho080_n1.png
0.9,23,8,license_plate_bahnschrift.ttf,CBAGJWPD6YXT0RNZL49E3HSU875KFVMQ2,11,3,0,0.765,15.178933,0.668877,0.635992,CBASJWPDSYXTGRNZLSESHSUGTSKEVMGZ,0.363636,0.636364,point_previews/task000149_mu000023_rho090_n0.png
0.9,23,8,license_plate_bahnschrift.ttf,CBAGJWPD6YXT0RNZL49E3HSU875KFVMQ2,11,3,1,0.765,15.178933,0.668877,0.635992,CBAGJNPDSYXTARNZESSESHSUBTEKEVMN2,0.363636,0.636364,point_previews/task000149_mu000023_rho090_n1.png
1.0,23,8,license_plate_bahnschrift.ttf,CBAGJWPD6YXT0RNZL49E3HSU875KFVMQ2,11,3,0,0.85,16.0,0.63662,0.603355,CBAGJWPDEYXTURNZLS9ESHSUBTSKEYMGZ,0.333333,0.666667,point_previews/task000149_mu000023_rho100_n0.png
1.0,23,8,license_plate_bahnschrift.ttf,CBAGJWPD6YXT0RNZL49E3HSU875KFVMQ2,11,3,1,0.85,16.0,0.63662,0.603355,,1.0,0.0,point_previews/task000149_mu000023_rho100_n1.png
0.1,32,8,license_plate_bahnschrift.ttf,CBAGJWPD6YXT0RNZL49E3HSU875KFVMQ2,11,3,0,0.085,5.059644,0.959381,1.907975,SRESAUPENNSPUPRERAMCLEARE,0.939394,0.060606,point_previews/task000150_mu000032_rho010_n0.png
0.1,32,8,license_plate_bahnschrift.ttf,CBAGJWPD6YXT0RNZL49E3HSU875KFVMQ2,11,3,1,0.085,5.059644,0.959381,1.907975,AVSPRALARCNELERSRPSSNCE,0.818182,0.181818,point_previews/task000150_mu000032_rho010_n1.png
0.2,32,8,license_plate_bahnschrift.ttf,CBAGJWPD6YXT0RNZL49E3HSU875KFVMQ2,11,3,0,0.17,7.155418,0.919759,1.349142,CBAGAVPDGRNTURNALG9ESQUG75RCUMAT,0.515152,0.484848,point_previews/task000150_mu000032_rho020_n0.png
0.2,32,8,license_plate_bahnschrift.ttf,CBAGJWPD6YXT0RNZL49E3HSU875KFVMQ2,11,3,1,0.17,7.155418,0.919759,1.349142,DBAGNPRSPTRANAL9BASETEKEMD,0.666667,0.333333,point_previews/task000150_mu000032_rho020_n1.png
0.3,32,8,license_plate_bahnschrift.ttf,CBAGJWPD6YXT0RNZL49E3HSU875KFVMQ2,11,3,0,0.255,8.763561,0.881116,1.10157,,1.0,0.0,point_previews/task000150_mu000032_rho030_n0.png
0.3,32,8,license_plate_bahnschrift.ttf,CBAGJWPD6YXT0RNZL49E3HSU875KFVMQ2,11,3,1,0.255,8.763561,0.881116,1.10157,CBAGNEDEYNTRNZES9ETHSUATSREVMA2,0.454545,0.545455,point_previews/task000150_mu000032_rho030_n1.png
0.4,32,8,license_plate_bahnschrift.ttf,CBAGJWPD6YXT0RNZL49E3HSU875KFVMQ2,11,3,0,0.34,10.119289,0.843436,0.953987,,1.0,0.0,point_previews/task000150_mu000032_rho040_n0.png
0.4,32,8,license_plate_bahnschrift.ttf,CBAGJWPD6YXT0RNZL49E3HSU875KFVMQ2,11,3,1,0.34,10.119289,0.843436,0.953987,SCRRGAWPDSYXTRNEEESEQHSHATSKEVMGS,0.545455,0.454545,point_previews/task000150_mu000032_rho040_n1.png
0.5,32,8,license_plate_bahnschrift.ttf,CBAGJWPD6YXT0RNZL49E3HSU875KFVMQ2,11,3,0,0.425,11.313708,0.8067,0.853272,,1.0,0.0,point_previews/task000150_mu000032_rho050_n0.png
0.5,32,8,license_plate_bahnschrift.ttf,CBAGJWPD6YXT0RNZL49E3HSU875KFVMQ2,11,3,1,0.425,11.313708,0.8067,0.853272,,1.0,0.0,point_previews/task000150_mu000032_rho050_n1.png
0.6,32,8,license_plate_bahnschrift.ttf,CBAGJWPD6YXT0RNZL49E3HSU875KFVMQ2,11,3,0,0.51,12.393547,0.770893,0.778927,,1.0,0.0,point_previews/task000150_mu000032_rho060_n0.png
0.6,32,8,license_plate_bahnschrift.ttf,CBAGJWPD6YXT0RNZL49E3HSU875KFVMQ2,11,3,1,0.51,12.393547,0.770893,0.778927,,1.0,0.0,point_previews/task000150_mu000032_rho060_n1.png
0.7,32,8,license_plate_bahnschrift.ttf,CBAGJWPD6YXT0RNZL49E3HSU875KFVMQ2,11,3,0,0.595,13.38656,0.735998,0.721147,,1.0,0.0,point_previews/task000150_mu000032_rho070_n0.png
0.7,32,8,license_plate_bahnschrift.ttf,CBAGJWPD6YXT0RNZL49E3HSU875KFVMQ2,11,3,1,0.595,13.38656,0.735998,0.721147,CBAGJWPDSYXTRNZLAQESHSUSTSKEVMMG2,0.333333,0.666667,point_previews/task000150_mu000032_rho070_n1.png
0.8,32,8,license_plate_bahnschrift.ttf,CBAGJWPD6YXT0RNZL49E3HSU875KFVMQ2,11,3,0,0.68,14.310835,0.701998,0.674571,CBAGJWPDSYRTRNZLS9EJHSUBTSKEVMG2,0.30303,0.69697,point_previews/task000150_mu000032_rho080_n0.png
0.8,32,8,license_plate_bahnschrift.ttf,CBAGJWPD6YXT0RNZL49E3HSU875KFVMQ2,11,3,1,0.68,14.310835,0.701998,0.674571,CBAGJWPDSYXTRNZLS9EJHSUBTSKEVMG2,0.272727,0.727273,point_previews/task000150_mu000032_rho080_n1.png
0.9,32,8,license_plate_bahnschrift.ttf,CBAGJWPD6YXT0RNZL49E3HSU875KFVMQ2,11,3,0,0.765,15.178933,0.668877,0.635992,CBAGJWPDSYXTURNZL4SESHSUB75KEVM2,0.212121,0.787879,point_previews/task000150_mu000032_rho090_n0.png
0.9,32,8,license_plate_bahnschrift.ttf,CBAGJWPD6YXT0RNZL49E3HSU875KFVMQ2,11,3,1,0.765,15.178933,0.668877,0.635992,CBAGJWPDSYXTURNZLGESHSUBTSKEVM02,0.30303,0.69697,point_previews/task000150_mu000032_rho090_n1.png
1.0,32,8,license_plate_bahnschrift.ttf,CBAGJWPD6YXT0RNZL49E3HSU875KFVMQ2,11,3,0,0.85,16.0,0.63662,0.603355,CBAGJWPDSYXTRNZLSSESHSUBTSKEVMG2,0.30303,0.69697,point_previews/task000150_mu000032_rho100_n0.png
1.0,32,8,license_plate_bahnschrift.ttf,CBAGJWPD6YXT0RNZL49E3HSU875KFVMQ2,11,3,1,0.85,16.0,0.63662,0.603355,CBAGJWPDEYXTURNZLASESHSUBTSKEVMG2,0.30303,0.69697,point_previews/task000150_mu000032_rho100_n1.png
0.1,45,8,license_plate_bahnschrift.ttf,CBAGJWPD6YXT0RNZL49E3HSU875KFVMQ2,11,3,0,0.085,5.059644,0.959381,1.907975,EBASSHPDYSTURAZLATEHSSHRTG2,0.606061,0.393939,point_previews/task000151_mu000045_rho010_n0.png
0.1,45,8,license_plate_bahnschrift.ttf,CBAGJWPD6YXT0RNZL49E3HSU875KFVMQ2,11,3,1,0.085,5.059644,0.959381,1.907975,,1.0,0.0,point_previews/task000151_mu000045_rho010_n1.png
0.2,45,8,license_plate_bahnschrift.ttf,CBAGJWPD6YXT0RNZL49E3HSU875KFVMQ2,11,3,0,0.17,7.155418,0.919759,1.349142,CHASTWPDERURAALZVESRSUATSHEUMA2,0.636364,0.363636,point_previews/task000151_mu000045_rho020_n0.png
0.2,45,8,license_plate_bahnschrift.ttf,CBAGJWPD6YXT0RNZL49E3HSU875KFVMQ2,11,3,1,0.17,7.155418,0.919759,1.349142,SBASDAPDSYNTURAZLAESHSUATSKEMMG2,0.515152,0.484848,point_previews/task000151_mu000045_rho020_n1.png
0.3,45,8,license_plate_bahnschrift.ttf,CBAGJWPD6YXT0RNZL49E3HSU875KFVMQ2,11,3,0,0.255,8.763561,0.881116,1.10157,,1.0,0.0,point_previews/task000151_mu000045_rho030_n0.png
0.3,45,8,license_plate_bahnschrift.ttf,CBAGJWPD6YXT0RNZL49E3HSU875KFVMQ2,11,3,1,0.255,8.763561,0.881116,1.10157,,1.0,0.0,point_previews/task000151_mu000045_rho030_n1.png
0.4,45,8,license_plate_bahnschrift.ttf,CBAGJWPD6YXT0RNZL49E3HSU875KFVMQ2,11,3,0,0.34,10.119289,0.843436,0.953987,CBAGJWPDSYXTRNZLASEFNSUBTSKEVMZ,0.363636,0.636364,point_previews/task000151_mu000045_rho040_n0.png
0.4,45,8,license_plate_bahnschrift.ttf,CBAGJWPD6YXT0RNZL49E3HSU875KFVMQ2,11,3,1,0.34,10.119289,0.843436,0.953987,CBAGJWPDSYXTRNZLAPEJNSUBTSKEVMQ2,0.30303,0.69697,point_previews/task000151_mu000045_rho040_n1.png
0.5,45,8,license_plate_bahnschrift.ttf,CBAGJWPD6YXT0RNZL49E3HSU875KFVMQ2,11,3,0,0.425,11.313708,0.8067,0.853272,CBAGJWPDAYXTRNZLS9EHSUBTSKEVM2,0.272727,0.727273,point_previews/task000151_mu000045_rho050_n0.png
0.5,45,8,license_plate_bahnschrift.ttf,CBAGJWPD6YXT0RNZL49E3HSU875KFVMQ2,11,3,1,0.425,11.313708,0.8067,0.853272,EBAGJWPDSYXTRNZLESEJHSUBTSKEVMG2,0.333333,0.666667,point_previews/task000151_mu000045_rho050_n1.png
0.6,45,8,license_plate_bahnschrift.ttf,CBAGJWPD6YXT0RNZL49E3HSU875KFVMQ2,11,3,0,0.51,12.393547,0.770893,0.778927,CBAGJWPDSYXTRNZLUSESHSUBTSKEVMA2,0.30303,0.69697,point_previews/task000151_mu000045_rho060_n0.png
0.6,45,8,license_plate_bahnschrift.ttf,CBAGJWPD6YXT0RNZL49E3HSU875KFVMQ2,11,3,1,0.51,12.393547,0.770893,0.778927,CBAGJWPDSYXT0RNZLA9EFHSUBTEKEVMG2,0.242424,0.757576,point_previews/task000151_mu000045_rho060_n1.png
0.7,45,8,license_plate_bahnschrift.ttf,CBAGJWPD6YXT0RNZL49E3HSU875KFVMQ2,11,3,0,0.595,13.38656,0.735998,0.721147,CBAGJWPDSYXTRNZLASESHSUBTSKEVMGZ,0.333333,0.666667,point_previews/task000151_mu000045_rho070_n0.png
0.7,45,8,license_plate_bahnschrift.ttf,CBAGJWPD6YXT0RNZL49E3HSU875KFVMQ2,11,3,1,0.595,13.38656,0.735998,0.721147,CBAGJWPDSYXTRNZE49ESHSUBTSKEVMG2,0.272727,0.727273,point_previews/task000151_mu000045_rho070_n1.png
0.8,45,8,license_plate_bahnschrift.ttf,CBAGJWPD6YXT0RNZL49E3HSU875KFVMQ2,11,3,0,0.68,14.310835,0.701998,0.674571,CBAGJWPD6YXTRNZLGSESHSUBTSKEVMG2,0.272727,0.727273,point_previews/task000151_mu000045_rho080_n0.png
0.8,45,8,license_plate_bahnschrift.ttf,CBAGJWPD6YXT0RNZL49E3HSU875KFVMQ2,11,3,1,0.68,14.310835,0.701998,0.674571,CBAGJWPDSYXTRNZLSESHSUB7SKEVMG2,0.272727,0.727273,point_previews/task000151_mu000045_rho080_n1.png
0.9,45,8,license_plate_bahnschrift.ttf,CBAGJWPD6YXT0RNZL49E3HSU875KFVMQ2,11,3,0,0.765,15.178933,0.668877,0.635992,CBAGJWPD6YXTRNZL49ESHSUB7SKEVMG2,0.181818,0.818182,point_previews/task000151_mu000045_rho090_n0.png
0.9,45,8,license_plate_bahnschrift.ttf,CBAGJWPD6YXT0RNZL49E3HSU875KFVMQ2,11,3,1,0.765,15.178933,0.668877,0.635992,CBAGJWPD6YXTURNZLASESHSUBTSKEVMQ2,0.242424,0.757576,point_previews/task000151_mu000045_rho090_n1.png
1.0,45,8,license_plate_bahnschrift.ttf,CBAGJWPD6YXT0RNZL49E3HSU875KFVMQ2,11,3,0,0.85,16.0,0.63662,0.603355,CBAGJWPD6YXTURNZL49ESHSUBTSKFVMQ2,0.151515,0.848485,point_previews/task000151_mu000045_rho100_n0.png
1.0,45,8,license_plate_bahnschrift.ttf,CBAGJWPD6YXT0RNZL49E3HSU875KFVMQ2,11,3,1,0.85,16.0,0.63662,0.603355,CBAGJWPDEYXTRNZLA9ESHSUBTSKEVMQ2,0.242424,0.757576,point_previews/task000151_mu000045_rho100_n1.png
0.1,64,8,license_plate_bahnschrift.ttf,CBAGJWPD6YXT0RNZL49E3HSU875KFVMQ2,11,3,0,0.085,5.059644,0.959381,1.907975,CRAGWARYATRAZESSETHERSTSREVMAD,0.636364,0.363636,point_previews/task000152_mu000064_rho010_n0.png
0.1,64,8,license_plate_bahnschrift.ttf,CBAGJWPD6YXT0RNZL49E3HSU875KFVMQ2,11,3,1,0.085,5.059644,0.959381,1.907975,CBAGAPDAKTRNZLATETASHBFSRENG,0.606061,0.393939,point_previews/task000152_mu000064_rho010_n1.png
0.2,64,8,license_plate_bahnschrift.ttf,CBAGJWPD6YXT0RNZL49E3HSU875KFVMQ2,11,3,0,0.17,7.155418,0.919759,1.349142,,1.0,0.0,point_previews/task000152_mu000064_rho020_n0.png
0.2,64,8,license_plate_bahnschrift.ttf,CBAGJWPD6YXT0RNZL49E3HSU875KFVMQ2,11,3,1,0.17,7.155418,0.919759,1.349142,CBAGJWPDSYTURNZLS9ESHSUBTSKEYM02,0.333333,0.666667,point_previews/task000152_mu000064_rho020_n1.png
0.3,64,8,license_plate_bahnschrift.ttf,CBAGJWPD6YXT0RNZL49E3HSU875KFVMQ2,11,3,0,0.255,8.763561,0.881116,1.10157,CBAGJWPDSYXTRNZLAJESHSUBTSKEVMQZ,0.30303,0.69697,point_previews/task000152_mu000064_rho030_n0.png
0.3,64,8,license_plate_bahnschrift.ttf,CBAGJWPD6YXT0RNZL49E3HSU875KFVMQ2,11,3,1,0.255,8.763561,0.881116,1.10157,,1.0,0.0,point_previews/task000152_mu000064_rho030_n1.png
0.4,64,8,license_plate_bahnschrift.ttf,CBAGJWPD6YXT0RNZL49E3HSU875KFVMQ2,11,3,0,0.34,10.119289,0.843436,0.953987,,1.0,0.0,point_previews/task000152_mu000064_rho040_n0.png
0.4,64,8,license_plate_bahnschrift.ttf,CBAGJWPD6YXT0RNZL49E3HSU875KFVMQ2,11,3,1,0.34,10.119289,0.843436,0.953987,CBAGJWPDSYXTRNZLSEJHSUB7SKEVMA2,0.272727,0.727273,point_previews/task000152_mu000064_rho040_n1.png
0.5,64,8,license_plate_bahnschrift.ttf,CBAGJWPD6YXT0RNZL49E3HSU875KFVMQ2,11,3,0,0.425,11.313708,0.8067,0.853272,CBAGJWPDSYXTURNZL49ESHSUBTSKEVMD2,0.242424,0.757576,point_previews/task000152_mu000064_rho050_n0.png
0.5,64,8,license_plate_bahnschrift.ttf,CBAGJWPD6YXT0RNZL49E3HSU875KFVMQ2,11,3,1,0.425,11.313708,0.8067,0.853272,CBAGJWPDSYXTRNZLA9ESHSUBTSKEVMN2,0.272727,0.727273,point_previews/task000152_mu000064_rho050_n1.png
0.6,64,8,license_plate_bahnschrift.ttf,CBAGJWPD6YXT0RNZL49E3HSU875KFVMQ2,11,3,0,0.51,12.393547,0.770893,0.778927,CBAGJWPDS6YXTURNZL49E3RSUBTSKEVMQ2,0.212121,0.787879,point_previews/task000152_mu000064_rho060_n0.png
0.6,64,8,license_plate_bahnschrift.ttf,CBAGJWPD6YXT0RNZL49E3HSU875KFVMQ2,11,3,1,0.51,12.393547,0.770893,0.778927,CBAGJWPD6YXTRNZLZ9EJHSUBTSKEVMG2,0.242424,0.757576,point_previews/task000152_mu000064_rho060_n1.png
0.7,64,8,license_plate_bahnschrift.ttf,CBAGJWPD6YXT0RNZL49E3HSU875KFVMQ2,11,3,0,0.595,13.38656,0.735998,0.721147,CBAGJWPDSYXTRNZL49ESHSUBTSKEVMG2,0.242424,0.757576,point_previews/task000152_mu000064_rho070_n0.png
0.7,64,8,license_plate_bahnschrift.ttf,CBAGJWPD6YXT0RNZL49E3HSU875KFVMQ2,11,3,1,0.595,13.38656,0.735998,0.721147,CBAGJWPDSYXTRNZLAESHSUBTSKEVMG2,0.30303,0.69697,point_previews/task000152_mu000064_rho070_n1.png
0.8,64,8,license_plate_bahnschrift.ttf,CBAGJWPD6YXT0RNZL49E3HSU875KFVMQ2,11,3,0,0.68,14.310835,0.701998,0.674571,CBAGJWPD6YXTURNZL4G9ESHSUBTSKEVMQ2,0.212121,0.787879,point_previews/task000152_mu000064_rho080_n0.png
0.8,64,8,license_plate_bahnschrift.ttf,CBAGJWPD6YXT0RNZL49E3HSU875KFVMQ2,11,3,1,0.68,14.310835,0.701998,0.674571,CBAGJWPDSYXTRNZL49ESHSUBTSKEVMQ2,0.212121,0.787879,point_previews/task000152_mu000064_rho080_n1.png
0.9,64,8,license_plate_bahnschrift.ttf,CBAGJWPD6YXT0RNZL49E3HSU875KFVMQ2,11,3,0,0.765,15.178933,0.668877,0.635992,CBAGJWPDSYXTRNZL49ESHSUBTSKEVMG2,0.242424,0.757576,point_previews/task000152_mu000064_rho090_n0.png
0.9,64,8,license_plate_bahnschrift.ttf,CBAGJWPD6YXT0RNZL49E3HSU875KFVMQ2,11,3,1,0.765,15.178933,0.668877,0.635992,CBAGJWPD4YXTURNZL49E3HSUBTSKEVM2,0.212121,0.787879,point_previews/task000152_mu000064_rho090_n1.png
1.0,64,8,license_plate_bahnschrift.ttf,CBAGJWPD6YXT0RNZL49E3HSU875KFVMQ2,11,3,0,0.85,16.0,0.63662,0.603355,CBAGJWPD6YXTURNZL49ESHSUB7SKEVM0Z,0.212121,0.787879,point_previews/task000152_mu000064_rho100_n0.png
1.0,64,8,license_plate_bahnschrift.ttf,CBAGJWPD6YXT0RNZL49E3HSU875KFVMQ2,11,3,1,0.85,16.0,0.63662,0.603355,CBAGJWPD6YXTRNZL49ESHSUBTSKFYMQ2,0.181818,0.818182,point_previews/task000152_mu000064_rho100_n1.png
0.1,4,8,license_plate_bahnschrift.ttf,CBAGJWPD6YXT0RNZL49E3HSU875KFVMQ2,11,7,0,0.085,5.059644,0.959381,1.907975,,1.0,0.0,point_previews/task000153_mu000004_rho010_n0.png
0.1,4,8,license_plate_bahnschrift.ttf,CBAGJWPD6YXT0RNZL49E3HSU875KFVMQ2,11,7,1,0.085,5.059644,0.959381,1.907975,,1.0,0.0,point_previews/task000153_mu000004_rho010_n1.png
0.2,4,8,license_plate_bahnschrift.ttf,CBAGJWPD6YXT0RNZL49E3HSU875KFVMQ2,11,7,0,0.17,7.155418,0.919759,1.349142,RAYSEDSTMEETSSBLURNL,0.848485,0.151515,point_previews/task000153_mu000004_rho020_n0.png
0.2,4,8,license_plate_bahnschrift.ttf,CBAGJWPD6YXT0RNZL49E3HSU875KFVMQ2,11,7,1,0.17,7.155418,0.919759,1.349142,TNCEBMEEAD,0.909091,0.090909,point_previews/task000153_mu000004_rho020_n1.png
0.3,4,8,license_plate_bahnschrift.ttf,CBAGJWPD6YXT0RNZL49E3HSU875KFVMQ2,11,7,0,0.255,8.763561,0.881116,1.10157,FAEPY,0.909091,0.090909,point_previews/task000153_mu000004_rho030_n0.png
0.3,4,8,license_plate_bahnschrift.ttf,CBAGJWPD6YXT0RNZL49E3HSU875KFVMQ2,11,7,1,0.255,8.763561,0.881116,1.10157,RSNBSLBWNSASRAEATTNS,0.939394,0.060606,point_previews/task000153_mu000004_rho030_n1.png
0.4,4,8,license_plate_bahnschrift.ttf,CBAGJWPD6YXT0RNZL49E3HSU875KFVMQ2,11,7,0,0.34,10.119289,0.843436,0.953987,,1.0,0.0,point_previews/task000153_mu000004_rho040_n0.png
0.4,4,8,license_plate_bahnschrift.ttf,CBAGJWPD6YXT0RNZL49E3HSU875KFVMQ2,11,7,1,0.34,10.119289,0.843436,0.953987,RRALRSREEE,0.909091,0.090909,point_previews/task000153_mu000004_rho040_n1.png
0.5,4,8,license_plate_bahnschrift.ttf,CBAGJWPD6YXT0RNZL49E3HSU875KFVMQ2,11,7,0,0.425,11.313708,0.8067,0.853272,SLRRFLWAEAEAEREATS,0.909091,0.090909,point_previews/task000153_mu000004_rho050_n0.png
0.5,4,8,license_plate_bahnschrift.ttf,CBAGJWPD6YXT0RNZL49E3HSU875KFVMQ2,11,7,1,0.425,11.313708,0.8067,0.853272,NGNYSNNPCNC,0.909091,0.090909,point_previews/task000153_mu000004_rho050_n1.png
0.6,4,8,license_plate_bahnschrift.ttf,CBAGJWPD6YXT0RNZL49E3HSU875KFVMQ2,11,7,0,0.51,12.393547,0.770893,0.778927,RASSMNSPRREHAESAPENE,0.878788,0.121212,point_previews/task000153_mu000004_rho060_n0.png
0.6,4,8,license_plate_bahnschrift.ttf,CBAGJWPD6YXT0RNZL49E3HSU875KFVMQ2,11,7,1,0.51,12.393547,0.770893,0.778927,TECESTNPSPVCRSCFN,0.878788,0.121212,point_previews/task000153_mu000004_rho060_n1.png
0.7,4,8,license_plate_bahnschrift.ttf,CBAGJWPD6YXT0RNZL49E3HSU875KFVMQ2,11,7,0,0.595,13.38656,0.735998,0.721147,EGAERTSTTSYFEPESSRATS,0.878788,0.121212,point_previews/task000153_mu000004_rho070_n0.png
0.7,4,8,license_plate_bahnschrift.ttf,CBAGJWPD6YXT0RNZL49E3HSU875KFVMQ2,11,7,1,0.595,13.38656,0.735998,0.721147,REESFHRSRECLFEGSVSN2,0.818182,0.181818,point_previews/task000153_mu000004_rho070_n1.png
0.8,4,8,license_plate_bahnschrift.ttf,CBAGJWPD6YXT0RNZL49E3HSU875KFVMQ2,11,7,0,0.68,14.310835,0.701998,0.674571,SMEGESREALBPRTRED,0.909091,0.090909,point_previews/task000153_mu000004_rho080_n0.png
0.8,4,8,license_plate_bahnschrift.ttf,CBAGJWPD6YXT0RNZL49E3HSU875KFVMQ2,11,7,1,0.68,14.310835,0.701998,0.674571,SSREPSPELPSSLEBSGSAEAES,0.878788,0.121212,point_previews/task000153_mu000004_rho080_n1.png
0.9,4,8,license_plate_bahnschrift.ttf,CBAGJWPD6YXT0RNZL49E3HSU875KFVMQ2,11,7,0,0.765,15.178933,0.668877,0.635992,ESREHRAGSSBRNZEBSDEURUSA,0.848485,0.151515,point_previews/task000153_mu000004_rho090_n0.png
0.9,4,8,license_plate_bahnschrift.ttf,CBAGJWPD6YXT0RNZL49E3HSU875KFVMQ2,11,7,1,0.765,15.178933,0.668877,0.635992,PARSSRPATENCCSG,0.878788,0.121212,point_previews/task000153_mu000004_rho090_n1.png
1.0,4,8,license_plate_bahnschrift.ttf,CBAGJWPD6YXT0RNZL49E3HSU875KFVMQ2,11,7,0,0.85,16.0,0.63662,0.603355,SRRSDADASNTUSP6EMRT,0.878788,0.121212,point_previews/task000153_mu000004_rho100_n0.png
1.0,4,8,license_plate_bahnschrift.ttf,CBAGJWPD6YXT0RNZL49E3HSU875KFVMQ2,11,7,1,0.85,16.0,0.63662,0.603355,PBRGHUPUPAESENG,0.848485,0.151515,point_previews/task000153_mu000004_rho100_n1.png
0.1,6,8,license_plate_bahnschrift.ttf,CBAGJWPD6YXT0RNZL49E3HSU875KFVMQ2,11,7,0,0.085,5.059644,0.959381,1.907975,,1.0,0.0,point_previews/task000154_mu000006_rho010_n0.png
0.1,6,8,license_plate_bahnschrift.ttf,CBAGJWPD6YXT0RNZL49E3HSU875KFVMQ2,11,7,1,0.085,5.059644,0.959381,1.907975,BSPPURRGTEE2DANSRCUTENMENS,0.878788,0.121212,point_previews/task000154_mu000006_rho010_n1.png
0.2,6,8,license_plate_bahnschrift.ttf,CBAGJWPD6YXT0RNZL49E3HSU875KFVMQ2,11,7,0,0.17,7.155418,0.919759,1.349142,,1.0,0.0,point_previews/task000154_mu000006_rho020_n0.png
0.2,6,8,license_plate_bahnschrift.ttf,CBAGJWPD6YXT0RNZL49E3HSU875KFVMQ2,11,7,1,0.17,7.155418,0.919759,1.349142,SMAALRRPAREUSETNSSHPL,0.878788,0.121212,point_previews/task000154_mu000006_rho020_n1.png
0.3,6,8,license_plate_bahnschrift.ttf,CBAGJWPD6YXT0RNZL49E3HSU875KFVMQ2,11,7,0,0.255,8.763561,0.881116,1.10157,LEAREUREREEGSNSER,0.878788,0.121212,point_previews/task000154_mu000006_rho030_n0.png
0.3,6,8,license_plate_bahnschrift.ttf,CBAGJWPD6YXT0RNZL49E3HSU875KFVMQ2,11,7,1,0.255,8.763561,0.881116,1.10157,EEYEETGFRGGTPREE,0.909091,0.090909,point_previews/task000154_mu000006_rho030_n1.png
0.4,6,8,license_plate_bahnschrift.ttf,CBAGJWPD6YXT0RNZL49E3HSU875KFVMQ2,11,7,0,0.34,10.119289,0.843436,0.953987,MSLEPTT,0.939394,0.060606,point_previews/task000154_mu000006_rho040_n0.png
0.4,6,8,license_plate_bahnschrift.ttf,CBAGJWPD6YXT0RNZL49E3HSU875KFVMQ2,11,7,1,0.34,10.119289,0.843436,0.953987,ANTNMELTSRT,0.848485,0.151515,point_previews/task000154_mu000006_rho040_n1.png
0.5,6,8,license_plate_bahnschrift.ttf,CBAGJWPD6YXT0RNZL49E3HSU875KFVMQ2,11,7,0,0.425,11.313708,0.8067,0.853272,TTUTSSGERC,0.939394,0.060606,point_previews/task000154_mu000006_rho050_n0.png
0.5,6,8,license_plate_bahnschrift.ttf,CBAGJWPD6YXT0RNZL49E3HSU875KFVMQ2,11,7,1,0.425,11.313708,0.8067,0.853272,,1.0,0.0,point_previews/task000154_mu000006_rho050_n1.png
0.6,6,8,license_plate_bahnschrift.ttf,CBAGJWPD6YXT0RNZL49E3HSU875KFVMQ2,11,7,0,0.51,12.393547,0.770893,0.778927,EESTSNTEMELAEYPWEACE,0.909091,0.090909,point_previews/task000154_mu000006_rho060_n0.png
0.6,6,8,license_plate_bahnschrift.ttf,CBAGJWPD6YXT0RNZL49E3HSU875KFVMQ2,11,7,1,0.51,12.393547,0.770893,0.778927,EASPURERSSWERAAESCECTERBRS,0.878788,0.121212,point_previews/task000154_mu000006_rho060_n1.png
0.7,6,8,license_plate_bahnschrift.ttf,CBAGJWPD6YXT0RNZL49E3HSU875KFVMQ2,11,7,0,0.595,13.38656,0.735998,0.721147,PTSHUMGENSEGTUREEESASAS,0.878788,0.121212,point_previews/task000154_mu000006_rho070_n0.png
0.7,6,8,license_plate_bahnschrift.ttf,CBAGJWPD6YXT0RNZL49E3HSU875KFVMQ2,11,7,1,0.595,13.38656,0.735998,0.721147,SSCUETSPEPATCRGRTSMEEATF,0.878788,0.121212,point_previews/task000154_mu000006_rho070_n1.png
0.8,6,8,license_plate_bahnschrift.ttf,CBAGJWPD6YXT0RNZL49E3HSU875KFVMQ2,11,7,0,0.68,14.310835,0.701998,0.674571,SSBASWRCKTRENPAGESESPR,0.818182,0.181818,point_previews/task000154_mu000006_rho080_n0.png
0.8,6,8,license_plate_bahnschrift.ttf,CBAGJWPD6YXT0RNZL49E3HSU875KFVMQ2,11,7,1,0.68,14.310835,0.701998,0.674571,DSSGTESTRPERGEEBNRATRSS,0.878788,0.121212,point_previews/task000154_mu000006_rho080_n1.png
0.9,6,8,license_plate_bahnschrift.ttf,CBAGJWPD6YXT0RNZL49E3HSU875KFVMQ2,11,7,0,0.765,15.178933,0.668877,0.635992,CHAETVPTRS2TEECESUAERE,0.757576,0.242424,point_previews/task000154_mu000006_rho090_n0.png
0.9,6,8,license_plate_bahnschrift.ttf,CBAGJWPD6YXT0RNZL49E3HSU875KFVMQ2,11,7,1,0.765,15.178933,0.668877,0.635992,PSTUNPRYSRYEFESBSL8SHEMH,0.787879,0.212121,point_previews/task000154_mu000006_rho090_n1.png
1.0,6,8,license_plate_bahnschrift.ttf,CBAGJWPD6YXT0RNZL49E3HSU875KFVMQ2,11,7,0,0.85,16.0,0.63662,0.603355,CUAGASHALRRSEPCCSBRSD,0.848485,0.151515,point_previews/task000154_mu000006_rho100_n0.png
1.0,6,8,license_plate_bahnschrift.ttf,CBAGJWPD6YXT0RNZL49E3HSU875KFVMQ2,11,7,1,0.85,16.0,0.63662,0.603355,MEALMATANKFN7EEATSMS,0.848485,0.151515,point_previews/task000154_mu000006_rho100_n1.png
0.1,8,8,license_plate_bahnschrift.ttf,CBAGJWPD6YXT0RNZL49E3HSU875KFVMQ2,11,7,0,0.085,5.059644,0.959381,1.907975,ESTURSUGNDCASASARGRYWEESS,0.939394,0.060606,point_previews/task000155_mu000008_rho010_n0.png
0.1,8,8,license_plate_bahnschrift.ttf,CBAGJWPD6YXT0RNZL49E3HSU875KFVMQ2,11,7,1,0.085,5.059644,0.959381,1.907975,,1.0,0.0,point_previews/task000155_mu000008_rho010_n1.png
0.2,8,8,license_plate_bahnschrift.ttf,CBAGJWPD6YXT0RNZL49E3HSU875KFVMQ2,11,7,0,0.17,7.155418,0.919759,1.349142,EENPERATRRUSNLAMS,0.848485,0.151515,point_previews/task000155_mu000008_rho020_n0.png
0.2,8,8,license_plate_bahnschrift.ttf,CBAGJWPD6YXT0RNZL49E3HSU875KFVMQ2,11,7,1,0.17,7.155418,0.919759,1.349142,PSESSERESRTESS,0.878788,0.121212,point_previews/task000155_mu000008_rho020_n1.png
0.3,8,8,license_plate_bahnschrift.ttf,CBAGJWPD6YXT0RNZL49E3HSU875KFVMQ2,11,7,0,0.255,8.763561,0.881116,1.10157,TREAGSUURNERYERERENSEECTETN,0.878788,0.121212,point_previews/task000155_mu000008_rho030_n0.png
0.3,8,8,license_plate_bahnschrift.ttf,CBAGJWPD6YXT0RNZL49E3HSU875KFVMQ2,11,7,1,0.255,8.763561,0.881116,1.10157,NRGPSMCTHERASSR,0.848485,0.151515,point_previews/task000155_mu000008_rho030_n1.png
0.4,8,8,license_plate_bahnschrift.ttf,CBAGJWPD6YXT0RNZL49E3HSU875KFVMQ2,11,7,0,0.34,10.119289,0.843436,0.953987,PESSPAPAERAE,0.909091,0.090909,point_previews/task000155_mu000008_rho040_n0.png
0.4,8,8,license_plate_bahnschrift.ttf,CBAGJWPD6YXT0RNZL49E3HSU875KFVMQ2,11,7,1,0.34,10.119289,0.843436,0.953987,LSSMEPAMSGRSTREEARCNEESREYS,0.909091,0.090909,point_previews/task000155_mu000008_rho040_n1.png
0.5,8,8,license_plate_bahnschrift.ttf,CBAGJWPD6YXT0RNZL49E3HSU875KFVMQ2,11,7,0,0.425,11.313708,0.8067,0.853272,DURSHTRBBYAPELTRTSRMAL,0.878788,0.121212,point_previews/task000155_mu000008_rho050_n0.png
0.5,8,8,license_plate_bahnschrift.ttf,CBAGJWPD6YXT0RNZL49E3HSU875KFVMQ2,11,7,1,0.425,11.313708,0.8067,0.853272,CRASTARERREBSTEATEUREURTREYASY,0.878788,0.121212,point_previews/task000155_mu000008_rho050_n1.png
0.6,8,8,license_plate_bahnschrift.ttf,CBAGJWPD6YXT0RNZL49E3HSU875KFVMQ2,11,7,0,0.51,12.393547,0.770893,0.778927,BAGWVPESRRRRAYBES,0.787879,0.212121,point_previews/task000155_mu000008_rho060_n0.png
0.6,8,8,license_plate_bahnschrift.ttf,CBAGJWPD6YXT0RNZL49E3HSU875KFVMQ2,11,7,1,0.51,12.393547,0.770893,0.778927,SGRSVPTGYAACRERHUATSRNEE,0.818182,0.181818,point_previews/task000155_mu000008_rho060_n1.png
0.7,8,8,license_plate_bahnschrift.ttf,CBAGJWPD6YXT0RNZL49E3HSU875KFVMQ2,11,7,0,0.595,13.38656,0.735998,0.721147,TRAENATDREREELSTSVAE,0.818182,0.181818,point_previews/task000155_mu000008_rho070_n0.png
0.7,8,8,license_plate_bahnschrift.ttf,CBAGJWPD6YXT0RNZL49E3HSU875KFVMQ2,11,7,1,0.595,13.38656,0.735998,0.721147,GRAGTWRERYRTANHAUEGALSEBRCS2,0.757576,0.242424,point_previews/task000155_mu000008_rho070_n1.png
0.8,8,8,license_plate_bahnschrift.ttf,CBAGJWPD6YXT0RNZL49E3HSU875KFVMQ2,11,7,0,0.68,14.310835,0.701998,0.674571,ESAGUEBUYAURNCLTAEERSUETRKED,0.69697,0.30303,point_previews/task000155_mu000008_rho080_n0.png
0.8,8,8,license_plate_bahnschrift.ttf,CBAGJWPD6YXT0RNZL49E3HSU875KFVMQ2,11,7,1,0.68,14.310835,0.701998,0.674571,RCEMPCTURNEGEEUSURTSARYM2,0.727273,0.272727,point_previews/task000155_mu000008_rho080_n1.png
0.9,8,8,license_plate_bahnschrift.ttf,CBAGJWPD6YXT0RNZL49E3HSU875KFVMQ2,11,7,0,0.765,15.178933,0.668877,0.635992,ERAGJWPDRYRFRNZLEAHSUSTHVMS,0.484848,0.515152,point_previews/task000155_mu000008_rho090_n0.png
0.9,8,8,license_plate_bahnschrift.ttf,CBAGJWPD6YXT0RNZL49E3HSU875KFVMQ2,11,7,1,0.765,15.178933,0.668877,0.635992,DEAGAWPTBYAQRNZLERSUTSVN2,0.575758,0.424242,point_previews/task000155_mu000008_rho090_n1.png
1.0,8,8,license_plate_bahnschrift.ttf,CBAGJWPD6YXT0RNZL49E3HSU875KFVMQ2,11,7,0,0.85,16.0,0.63662,0.603355,CRASTWPCSYABRHYLLAERHSURTSKANRAD,0.636364,0.363636,point_previews/task000155_mu000008_rho100_n0.png
1.0,8,8,license_plate_bahnschrift.ttf,CBAGJWPD6YXT0RNZL49E3HSU875KFVMQ2,11,7,1,0.85,16.0,0.63662,0.603355,SCHAGWPDEYSURNALAPLURSRTSUMY,0.666667,0.333333,point_previews/task000155_mu000008_rho100_n1.png
0.1,11,8,license_plate_bahnschrift.ttf,CBAGJWPD6YXT0RNZL49E3HSU875KFVMQ2,11,7,0,0.085,5.059644,0.959381,1.907975,SUTSMNEERAYSNEERR,0.909091,0.090909,point_previews/task000156_mu000011_rho010_n0.png
0.1,11,8,license_plate_bahnschrift.ttf,CBAGJWPD6YXT0RNZL49E3HSU875KFVMQ2,11,7,1,0.085,5.059644,0.959381,1.907975,BRTAMULS9,0.878788,0.121212,point_previews/task000156_mu000011_rho010_n1.png
0.2,11,8,license_plate_bahnschrift.ttf,CBAGJWPD6YXT0RNZL49E3HSU875KFVMQ2,11,7,0,0.17,7.155418,0.919759,1.349142,,1.0,0.0,point_previews/task000156_mu000011_rho020_n0.png
0.2,11,8,license_plate_bahnschrift.ttf,CBAGJWPD6YXT0RNZL49E3HSU875KFVMQ2,11,7,1,0.17,7.155418,0.919759,1.349142,SGAENDRTGCL,0.878788,0.121212,point_previews/task000156_mu000011_rho020_n1.png
0.3,11,8,license_plate_bahnschrift.ttf,CBAGJWPD6YXT0RNZL49E3HSU875KFVMQ2,11,7,0,0.255,8.763561,0.881116,1.10157,SRARETRFRRSRSSELAEGERRETTAE,0.909091,0.090909,point_previews/task000156_mu000011_rho030_n0.png
0.3,11,8,license_plate_bahnschrift.ttf,CBAGJWPD6YXT0RNZL49E3HSU875KFVMQ2,11,7,1,0.255,8.763561,0.881116,1.10157,UABNNPSENCLURNCLG9ETSUDE,0.727273,0.272727,point_previews/task000156_mu000011_rho030_n1.png
0.4,11,8,license_plate_bahnschrift.ttf,CBAGJWPD6YXT0RNZL49E3HSU875KFVMQ2,11,7,0,0.34,10.119289,0.843436,0.953987,ESERAE,0.939394,0.060606,point_previews/task000156_mu000011_rho040_n0.png
0.4,11,8,license_plate_bahnschrift.ttf,CBAGJWPD6YXT0RNZL49E3HSU875KFVMQ2,11,7,1,0.34,10.119289,0.843436,0.953987,CBGUUERSRSEAMETNSHSS3,0.818182,0.181818,point_previews/task000156_mu000011_rho040_n1.png
0.5,11,8,license_plate_bahnschrift.ttf,CBAGJWPD6YXT0RNZL49E3HSU875KFVMQ2,11,7,0,0.425,11.313708,0.8067,0.853272,ERGHRPDEYETGRNELAGERHSPKRAS,0.636364,0.363636,point_previews/task000156_mu000011_rho050_n0.png
0.5,11,8,license_plate_bahnschrift.ttf,CBAGJWPD6YXT0RNZL49E3HSU875KFVMQ2,11,7,1,0.425,11.313708,0.8067,0.853272,JEPSSUNPTNSFDRMYEGYEASGCSRENMDZ,0.878788,0.121212,point_previews/task000156_mu000011_rho050_n1.png
0.6,11,8,license_plate_bahnschrift.ttf,CBAGJWPD6YXT0RNZL49E3HSU875KFVMQ2,11,7,0,0.51,12.393547,0.770893,0.778927,CRASNPDEATURSAEBASUSTARCUM,0.69697,0.30303,point_previews/task000156_mu000011_rho060_n0.png
0.6,11,8,license_plate_bahnschrift.ttf,CBAGJWPD6YXT0RNZL49E3HSU875KFVMQ2,11,7,1,0.51,12.393547,0.770893,0.778927,SBATWMGYXTRNZEZSESSUSSAS,0.636364,0.363636,point_previews/task000156_mu000011_rho060_n1.png
0.7,11,8,license_plate_bahnschrift.ttf,CBAGJWPD6YXT0RNZL49E3HSU875KFVMQ2,11,7,0,0.595,13.38656,0.735998,0.721147,SCRASLNEDEERFSHLASEGHSUSTSKEAZ,0.757576,0.242424,point_previews/task000156_mu000011_rho070_n0.png
0.7,11,8,license_plate_bahnschrift.ttf,CBAGJWPD6YXT0RNZL49E3HSU875KFVMQ2,11,7,1,0.595,13.38656,0.735998,0.721147,CRASWPDSCTCRLZGFAHSUSTSKEVS,0.606061,0.393939,point_previews/task000156_mu000011_rho070_n1.png
0.8,11,8,license_plate_bahnschrift.ttf,CBAGJWPD6YXT0RNZL49E3HSU875KFVMQ2,11,7,0,0.68,14.310835,0.701998,0.674571,SRAGWPLEYMTDRNELZASERMSUBTBXSVMGS,0.606061,0.393939,point_previews/task000156_mu000011_rho080_n0.png
0.8,11,8,license_plate_bahnschrift.ttf,CBAGJWPD6YXT0RNZL49E3HSU875KFVMQ2,11,7,1,0.68,14.310835,0.701998,0.674571,AEAGSPHEYKDRAZLSSESBSURTARECM2,0.636364,0.363636,point_previews/task000156_mu000011_rho080_n1.png
0.9,11,8,license_plate_bahnschrift.ttf,CBAGJWPD6YXT0RNZL49E3HSU875KFVMQ2,11,7,0,0.765,15.178933,0.668877,0.635992,,1.0,0.0,point_previews/task000156_mu000011_rho090_n0.png
0.9,11,8,license_plate_bahnschrift.ttf,CBAGJWPD6YXT0RNZL49E3HSU875KFVMQ2,11,7,1,0.765,15.178933,0.668877,0.635992,,1.0,0.0,point_previews/task000156_mu000011_rho090_n1.png
1.0,11,8,license_plate_bahnschrift.ttf,CBAGJWPD6YXT0RNZL49E3HSU875KFVMQ2,11,7,0,0.85,16.0,0.63662,0.603355,CEAGWGYRTGRNZEAGESESUBTSRENMAD,0.606061,0.393939,point_previews/task000156_mu000011_rho100_n0.png
1.0,11,8,license_plate_bahnschrift.ttf,CBAGJWPD6YXT0RNZL49E3HSU875KFVMQ2,11,7,1,0.85,16.0,0.63662,0.603355,CRAGAWPDSYRTQANELSESUSUBTSKEVMZ,0.515152,0.484848,point_previews/task000156_mu000011_rho100_n1.png
0.1,16,8,license_plate_bahnschrift.ttf,CBAGJWPD6YXT0RNZL49E3HSU875KFVMQ2,11,7,0,0.085,5.059644,0.959381,1.907975,CMRARS,0.909091,0.090909,point_previews/task000157_mu000016_rho010_n0.png
0.1,16,8,license_plate_bahnschrift.ttf,CBAGJWPD6YXT0RNZL49E3HSU875KFVMQ2,11,7,1,0.085,5.059644,0.959381,1.907975,PTSWREPRB,0.909091,0.090909,point_previews/task000157_mu000016_rho010_n1.png
0.2,16,8,license_plate_bahnschrift.ttf,CBAGJWPD6YXT0RNZL49E3HSU875KFVMQ2,11,7,0,0.17,7.155418,0.919759,1.349142,ARAWBEYETHAPECETMTE,0.818182,0.181818,point_previews/task000157_mu000016_rho020_n0.png
0.2,16,8,license_plate_bahnschrift.ttf,CBAGJWPD6YXT0RNZL49E3HSU875KFVMQ2,11,7,1,0.17,7.155418,0.919759,1.349142,BSCAREPEMACB,0.909091,0.090909,point_previews/task000157_mu000016_rho020_n1.png
0.3,16,8,license_plate_bahnschrift.ttf,CBAGJWPD6YXT0RNZL49E3HSU875KFVMQ2,11,7,0,0.255,8.763561,0.881116,1.10157,,1.0,0.0,point_previews/task000157_mu000016_rho030_n0.png
0.3,16,8,license_plate_bahnschrift.ttf,CBAGJWPD6YXT0RNZL49E3HSU875KFVMQ2,11,7,1,0.255,8.763561,0.881116,1.10157,BSLSMSLT,0.909091,0.090909,point_previews/task000157_mu000016_rho030_n1.png
0.4,16,8,license_plate_bahnschrift.ttf,CBAGJWPD6YXT0RNZL49E3HSU875KFVMQ2,11,7,0,0.34,10.119289,0.843436,0.953987,CRAGTNEDLCTRNELASESBSHSSENG,0.69697,0.30303,point_previews/task000157_mu000016_rho040_n0.png
0.4,16,8,license_plate_bahnschrift.ttf,CBAGJWPD6YXT0RNZL49E3HSU875KFVMQ2,11,7,1,0.34,10.119289,0.843436,0.953987,PEAGSEBDDENTGANZELSEQHELETRRUMA,0.727273,0.272727,point_previews/task000157_mu000016_rho040_n1.png
0.5,16,8,license_plate_bahnschrift.ttf,CBAGJWPD6YXT0RNZL49E3HSU875KFVMQ2,11,7,0,0.425,11.313708,0.8067,0.853272,CRASSMPDSNTUNNZLUCESHENBTSREVMED,0.636364,0.363636,point_previews/task000157_mu000016_rho050_n0.png
0.5,16,8,license_plate_bahnschrift.ttf,CBAGJWPD6YXT0RNZL49E3HSU875KFVMQ2,11,7,1,0.425,11.313708,0.8067,0.853272,USBABUWPDE7RTURNZEGSESHSUBTSKEVMG2,0.515152,0.484848,point_previews/task000157_mu000016_rho050_n1.png
0.6,16,8,license_plate_bahnschrift.ttf,CBAGJWPD6YXT0RNZL49E3HSU875KFVMQ2,11,7,0,0.51,12.393547,0.770893,0.778927,CBAGJNPDSYRTGRNZLZSESHSURUSKEVED,0.424242,0.575758,point_previews/task000157_mu000016_rho060_n0.png
0.6,16,8,license_plate_bahnschrift.ttf,CBAGJWPD6YXT0RNZL49E3HSU875KFVMQ2,11,7,1,0.51,12.393547,0.770893,0.778927,SBAGTNPUSYSTGRNZEATESHSUBTSKEGMD,0.545455,0.454545,point_previews/task000157_mu000016_rho060_n1.png
0.7,16,8,license_plate_bahnschrift.ttf,CBAGJWPD6YXT0RNZL49E3HSU875KFVMQ2,11,7,0,0.595,13.38656,0.735998,0.721147,,1.0,0.0,point_previews/task000157_mu000016_rho070_n0.png
0.7,16,8,license_plate_bahnschrift.ttf,CBAGJWPD6YXT0RNZL49E3HSU875KFVMQ2,11,7,1,0.595,13.38656,0.735998,0.721147,,1.0,0.0,point_previews/task000157_mu000016_rho070_n1.png
0.8,16,8,license_plate_bahnschrift.ttf,CBAGJWPD6YXT0RNZL49E3HSU875KFVMQ2,11,7,0,0.68,14.310835,0.701998,0.674571,EBAGJWPDSYXTGRNZESSESHSUBTKFYMZ,0.393939,0.606061,point_previews/task000157_mu000016_rho080_n0.png
0.8,16,8,license_plate_bahnschrift.ttf,CBAGJWPD6YXT0RNZL49E3HSU875KFVMQ2,11,7,1,0.68,14.310835,0.701998,0.674571,CRASJWPDSYKTURAZEATESHSUBTAKENME2,0.484848,0.515152,point_previews/task000157_mu000016_rho080_n1.png
0.9,16,8,license_plate_bahnschrift.ttf,CBAGJWPD6YXT0RNZL49E3HSU875KFVMQ2,11,7,0,0.765,15.178933,0.668877,0.635992,JCBAGJWPHSYTDRN2EZ9ESRSUBTEKENMA2,0.484848,0.515152,point_previews/task000157_mu000016_rho090_n0.png
0.9,16,8,license_plate_bahnschrift.ttf,CBAGJWPD6YXT0RNZL49E3HSU875KFVMQ2,11,7,1,0.765,15.178933,0.668877,0.635992,,1.0,0.0,point_previews/task000157_mu000016_rho090_n1.png
1.0,16,8,license_plate_bahnschrift.ttf,CBAGJWPD6YXT0RNZL49E3HSU875KFVMQ2,11,7,0,0.85,16.0,0.63662,0.603355,CHABNPDRYNTBANZLSSESRSURTSKEVMG2,0.515152,0.484848,point_previews/task000157_mu000016_rho100_n0.png
1.0,16,8,license_plate_bahnschrift.ttf,CBAGJWPD6YXT0RNZL49E3HSU875KFVMQ2,11,7,1,0.85,16.0,0.63662,0.603355,CRAGJWPDEYXTURNZUATESHSUBTSKEVMQE,0.363636,0.636364,point_previews/task000157_mu000016_rho100_n1.png
0.1,23,8,license_plate_bahnschrift.ttf,CBAGJWPD6YXT0RNZL49E3HSU875KFVMQ2,11,7,0,0.085,5.059644,0.959381,1.907975,SEESGEECTSLD,0.939394,0.060606,point_previews/task000158_mu000023_rho010_n0.png
0.1,23,8,license_plate_bahnschrift.ttf,CBAGJWPD6YXT0RNZL49E3HSU875KFVMQ2,11,7,1,0.085,5.059644,0.959381,1.907975,,1.0,0.0,point_previews/task000158_mu000023_rho010_n1.png
0.2,23,8,license_plate_bahnschrift.ttf,CBAGJWPD6YXT0RNZL49E3HSU875KFVMQ2,11,7,0,0.17,7.155418,0.919759,1.349142,PEASTWPURTSRUTLEASUSSKVS,0.666667,0.333333,point_previews/task000158_mu000023_rho020_n0.png
0.2,23,8,license_plate_bahnschrift.ttf,CBAGJWPD6YXT0RNZL49E3HSU875KFVMQ2,11,7,1,0.17,7.155418,0.919759,1.349142,CASSMDEMRMRSLTBUYE,0.818182,0.181818,point_previews/task000158_mu000023_rho020_n1.png
0.3,23,8,license_plate_bahnschrift.ttf,CBAGJWPD6YXT0RNZL49E3HSU875KFVMQ2,11,7,0,0.255,8.763561,0.881116,1.10157,EPASNADSURNSTFETHSDSSKEMA2,0.69697,0.30303,point_previews/task000158_mu000023_rho030_n0.png
0.3,23,8,license_plate_bahnschrift.ttf,CBAGJWPD6YXT0RNZL49E3HSU875KFVMQ2,11,7,1,0.255,8.763561,0.881116,1.10157,PEKSPHSFSTRAREGSESRBKS,0.818182,0.181818,point_previews/task000158_mu000023_rho030_n1.png
0.4,23,8,license_plate_bahnschrift.ttf,CBAGJWPD6YXT0RNZL49E3HSU875KFVMQ2,11,7,0,0.34,10.119289,0.843436,0.953987,,1.0,0.0,point_previews/task000158_mu000023_rho040_n0.png
0.4,23,8,license_plate_bahnschrift.ttf,CBAGJWPD6YXT0RNZL49E3HSU875KFVMQ2,11,7,1,0.34,10.119289,0.843436,0.953987,,1.0,0.0,point_previews/task000158_mu000023_rho040_n1.png
0.5,23,8,license_plate_bahnschrift.ttf,CBAGJWPD6YXT0RNZL49E3HSU875KFVMQ2,11,7,0,0.425,11.313708,0.8067,0.853272,CBAGNPUSPRTDRNZEUAEABSUSTSKES,0.606061,0.393939,point_previews/task000158_mu000023_rho050_n0.png
0.5,23,8,license_plate_bahnschrift.ttf,CBAGJWPD6YXT0RNZL49E3HSU875KFVMQ2,11,7,1,0.425,11.313708,0.8067,0.853272,,1.0,0.0,point_previews/task000158_mu000023_rho050_n1.png
0.6,23,8,license_plate_bahnschrift.ttf,CBAGJWPD6YXT0RNZL49E3HSU875KFVMQ2,11,7,0,0.51,12.393547,0.770893,0.778927,CBABAWPHEYXTRNGZL29EBHSUBSSKEAZ,0.484848,0.515152,point_previews/task000158_mu000023_rho060_n0.png
0.6,23,8,license_plate_bahnschrift.ttf,CBAGJWPD6YXT0RNZL49E3HSU875KFVMQ2,11,7,1,0.51,12.393547,0.770893,0.778927,EBAGWPHSYSTURN2EA9ESHSUBTSKERMG2,0.484848,0.515152,point_previews/task000158_mu000023_rho060_n1.png
0.7,23,8,license_plate_bahnschrift.ttf,CBAGJWPD6YXT0RNZL49E3HSU875KFVMQ2,11,7,0,0.595,13.38656,0.735998,0.721147,,1.0,0.0,point_previews/task000158_mu000023_rho070_n0.png
0.7,23,8,license_plate_bahnschrift.ttf,CBAGJWPD6YXT0RNZL49E3HSU875KFVMQ2,11,7,1,0.595,13.38656,0.735998,0.721147,SCBAGJWPDSYXTRNZLSYEGHSUBTSKEVMGD,0.363636,0.636364,point_previews/task000158_mu000023_rho070_n1.png
0.8,23,8,license_plate_bahnschrift.ttf,CBAGJWPD6YXT0RNZL49E3HSU875KFVMQ2,11,7,0,0.68,14.310835,0.701998,0.674571,,1.0,0.0,point_previews/task000158_mu000023_rho080_n0.png
0.8,23,8,license_plate_bahnschrift.ttf,CBAGJWPD6YXT0RNZL49E3HSU875KFVMQ2,11,7,1,0.68,14.310835,0.701998,0.674571,,1.0,0.0,point_previews/task000158_mu000023_rho080_n1.png
0.9,23,8,license_plate_bahnschrift.ttf,CBAGJWPD6YXT0RNZL49E3HSU875KFVMQ2,11,7,0,0.765,15.178933,0.668877,0.635992,,1.0,0.0,point_previews/task000158_mu000023_rho090_n0.png
0.9,23,8,license_plate_bahnschrift.ttf,CBAGJWPD6YXT0RNZL49E3HSU875KFVMQ2,11,7,1,0.765,15.178933,0.668877,0.635992,,1.0,0.0,point_previews/task000158_mu000023_rho090_n1.png
1.0,23,8,license_plate_bahnschrift.ttf,CBAGJWPD6YXT0RNZL49E3HSU875KFVMQ2,11,7,0,0.85,16.0,0.63662,0.603355,DBAGJWPDEYXTGRNZEGSESHSUBTSKEVMD2,0.363636,0.636364,point_previews/task000158_mu000023_rho100_n0.png
1.0,23,8,license_plate_bahnschrift.ttf,CBAGJWPD6YXT0RNZL49E3HSU875KFVMQ2,11,7,1,0.85,16.0,0.63662,0.603355,BRAGWPDSYXTURNZLSSESHSUBTSKEVMGS,0.424242,0.575758,point_previews/task000158_mu000023_rho100_n1.png
0.1,32,8,license_plate_bahnschrift.ttf,CBAGJWPD6YXT0RNZL49E3HSU875KFVMQ2,11,7,0,0.085,5.059644,0.959381,1.907975,PPASUNEUSTRTHRRELGESTASRETAMAL,0.787879,0.212121,point_previews/task000159_mu000032_rho010_n0.png
0.1,32,8,license_plate_bahnschrift.ttf,CBAGJWPD6YXT0RNZL49E3HSU875KFVMQ2,11,7,1,0.085,5.059644,0.959381,1.907975,YAURNGARAREMCRETLEPER,0.909091,0.090909,point_previews/task000159_mu000032_rho010_n1.png
0.2,32,8,license_plate_bahnschrift.ttf,CBAGJWPD6YXT0RNZL49E3HSU875KFVMQ2,11,7,0,0.17,7.155418,0.919759,1.349142,CRAGSPDSYNTRN2069ESRSUBTSREAS,0.606061,0.393939,point_previews/task000159_mu000032_rho020_n0.png
0.2,32,8,license_plate_bahnschrift.ttf,CBAGJWPD6YXT0RNZL49E3HSU875KFVMQ2,11,7,1,0.17,7.155418,0.919759,1.349142,EBAGWAGEYSTGUNZEGSETREUBTEKEVMS,0.606061,0.393939,point_previews/task000159_mu000032_rho020_n1.png
0.3,32,8,license_plate_bahnschrift.ttf,CBAGJWPD6YXT0RNZL49E3HSU875KFVMQ2,11,7,0,0.255,8.763561,0.881116,1.10157,GHAGJWEDSERTURNZLADEGRSUBTSKEVMES,0.515152,0.484848,point_previews/task000159_mu000032_rho030_n0.png
0.3,32,8,license_plate_bahnschrift.ttf,CBAGJWPD6YXT0RNZL49E3HSU875KFVMQ2,11,7,1,0.255,8.763561,0.881116,1.10157,CHAGLWPGSYSTARNELSSEJHSLATEREVM,0.545455,0.454545,point_previews/task000159_mu000032_rho030_n1.png
0.4,32,8,license_plate_bahnschrift.ttf,CBAGJWPD6YXT0RNZL49E3HSU875KFVMQ2,11,7,0,0.34,10.119289,0.843436,0.953987,CBAGWPDSYNTQRNZLASEGHSUBTSKEWMGZ,0.424242,0.575758,point_previews/task000159_mu000032_rho040_n0.png
0.4,32,8,license_plate_bahnschrift.ttf,CBAGJWPD6YXT0RNZL49E3HSU875KFVMQ2,11,7,1,0.34,10.119289,0.843436,0.953987,,1.0,0.0,point_previews/task000159_mu000032_rho040_n1.png
0.5,32,8,license_plate_bahnschrift.ttf,CBAGJWPD6YXT0RNZL49E3HSU875KFVMQ2,11,7,0,0.425,11.313708,0.8067,0.853272,EBAGJWPDEYATRNZLSGEBHSUBTSKEVMS,0.393939,0.606061,point_previews/task000159_mu000032_rho050_n0.png
0.5,32,8,license_plate_bahnschrift.ttf,CBAGJWPD6YXT0RNZL49E3HSU875KFVMQ2,11,7,1,0.425,11.313708,0.8067,0.853272,PRAGUWPUBYXTURNZLAESHSUBTSKEVMGP,0.454545,0.545455,point_previews/task000159_mu000032_rho050_n1.png
0.6,32,8,license_plate_bahnschrift.ttf,CBAGJWPD6YXT0RNZL49E3HSU875KFVMQ2,11,7,0,0.51,12.393547,0.770893,0.778927,,1.0,0.0,point_previews/task000159_mu000032_rho060_n0.png
0.6,32,8,license_plate_bahnschrift.ttf,CBAGJWPD6YXT0RNZL49E3HSU875KFVMQ2,11,7,1,0.51,12.393547,0.770893,0.778927,,1.0,0.0,point_previews/task000159_mu000032_rho060_n1.png
0.7,32,8,license_plate_bahnschrift.ttf,CBAGJWPD6YXT0RNZL49E3HSU875KFVMQ2,11,7,0,0.595,13.38656,0.735998,0.721147,CBAGJWPDSYXTRNELAESHSUBTSKEVMGZ,0.363636,0.636364,point_previews/task000159_mu000032_rho070_n0.png
0.7,32,8,license_plate_bahnschrift.ttf,CBAGJWPD6YXT0RNZL49E3HSU875KFVMQ2,11,7,1,0.595,13.38656,0.735998,0.721147,,1.0,0.0,point_previews/task000159_mu000032_rho070_n1.png
0.8,32,8,license_plate_bahnschrift.ttf,CBAGJWPD6YXT0RNZL49E3HSU875KFVMQ2,11,7,0,0.68,14.310835,0.701998,0.674571,CBAGUWPDEYXTURNZLGESHSUS7SKEVMN2,0.30303,0.69697,point_previews/task000159_mu000032_rho080_n0.png
0.8,32,8,license_plate_bahnschrift.ttf,CBAGJWPD6YXT0RNZL49E3HSU875KFVMQ2,11,7,1,0.68,14.310835,0.701998,0.674571,CBAGJWPDAYXTRNZLASESHSUBTSKEVMG2,0.30303,0.69697,point_previews/task000159_mu000032_rho080_n1.png
0.9,32,8,license_plate_bahnschrift.ttf,CBAGJWPD6YXT0RNZL49E3HSU875KFVMQ2,11,7,0,0.765,15.178933,0.668877,0.635992,CBAGJWPSYXTQRNZLE9EQHSUB7SKEVMG2,0.272727,0.727273,point_previews/task000159_mu000032_rho090_n0.png
0.9,32,8,license_plate_bahnschrift.ttf,CBAGJWPD6YXT0RNZL49E3HSU875KFVMQ2,11,7,1,0.765,15.178933,0.668877,0.635992,LBAGJWPDSYXTGRNZL4SESHSUBTSKEYMQ2,0.30303,0.69697,point_previews/task000159_mu000032_rho090_n1.png
1.0,32,8,license_plate_bahnschrift.ttf,CBAGJWPD6YXT0RNZL49E3HSU875KFVMQ2,11,7,0,0.85,16.0,0.63662,0.603355,CBAGJWPDSYXTRNZLSYEFHSUBTSKEVMG2,0.30303,0.69697,point_previews/task000159_mu000032_rho100_n0.png
1.0,32,8,license_plate_bahnschrift.ttf,CBAGJWPD6YXT0RNZL49E3HSU875KFVMQ2,11,7,1,0.85,16.0,0.63662,0.603355,CBAGJWP0SYXTURNZL49E3HSUB7SKEYMQ2,0.212121,0.787879,point_previews/task000159_mu000032_rho100_n1.png
0.1,45,8,license_plate_bahnschrift.ttf,CBAGJWPD6YXT0RNZL49E3HSU875KFVMQ2,11,7,0,0.085,5.059644,0.959381,1.907975,FEBAGANPUSSSDRNPENSEGRSBTSAANTS,0.787879,0.212121,point_previews/task000160_mu000045_rho010_n0.png
0.1,45,8,license_plate_bahnschrift.ttf,CBAGJWPD6YXT0RNZL49E3HSU875KFVMQ2,11,7,1,0.085,5.059644,0.959381,1.907975,RBASEDESTCRNELAESHSUSFRY,0.636364,0.363636,point_previews/task000160_mu000045_rho010_n1.png
0.2,45,8,license_plate_bahnschrift.ttf,CBAGJWPD6YXT0RNZL49E3HSU875KFVMQ2,11,7,0,0.17,7.155418,0.919759,1.349142,,1.0,0.0,point_previews/task000160_mu000045_rho020_n0.png
0.2,45,8,license_plate_bahnschrift.ttf,CBAGJWPD6YXT0RNZL49E3HSU875KFVMQ2,11,7,1,0.17,7.155418,0.919759,1.349142,,1.0,0.0,point_previews/task000160_mu000045_rho020_n1.png
0.3,45,8,license_plate_bahnschrift.ttf,CBAGJWPD6YXT0RNZL49E3HSU875KFVMQ2,11,7,0,0.255,8.763561,0.881116,1.10157,,1.0,0.0,point_previews/task000160_mu000045_rho030_n0.png
0.3,45,8,license_plate_bahnschrift.ttf,CBAGJWPD6YXT0RNZL49E3HSU875KFVMQ2,11,7,1,0.255,8.763561,0.881116,1.10157,CHASTWPDAXTRNZLS9ESHSUBTSKEM2,0.424242,0.575758,point_previews/task000160_mu000045_rho030_n1.png
0.4,45,8,license_plate_bahnschrift.ttf,CBAGJWPD6YXT0RNZL49E3HSU875KFVMQ2,11,7,0,0.34,10.119289,0.843436,0.953987,CRAGJWPDSYXTURNZL49ETHSUSTSKEVMGZ,0.30303,0.69697,point_previews/task000160_mu000045_rho040_n0.png
0.4,45,8,license_plate_bahnschrift.ttf,CBAGJWPD6YXT0RNZL49E3HSU875KFVMQ2,11,7,1,0.34,10.119289,0.843436,0.953987,,1.0,0.0,point_previews/task000160_mu000045_rho040_n1.png
0.5,45,8,license_plate_bahnschrift.ttf,CBAGJWPD6YXT0RNZL49E3HSU875KFVMQ2,11,7,0,0.425,11.313708,0.8067,0.853272,CBAGJWPDEYXTURNZL49ESHSUBTSKEVM2,0.242424,0.757576,point_previews/task000160_mu000045_rho050_n0.png
0.5,45,8,license_plate_bahnschrift.ttf,CBAGJWPD6YXT0RNZL49E3HSU875KFVMQ2,11,7,1,0.425,11.313708,0.8067,0.853272,CBAGJWPDSYXTURNZLAESHSUBTSKEVMG2,0.30303,0.69697,point_previews/task000160_mu000045_rho050_n1.png
0.6,45,8,license_plate_bahnschrift.ttf,CBAGJWPD6YXT0RNZL49E3HSU875KFVMQ2,11,7,0,0.51,12.393547,0.770893,0.778927,CBAGJWPDSYXTURNZLGEQHSLA7SKRVMG2,0.30303,0.69697,point_previews/task000160_mu000045_rho060_n0.png
0.6,45,8,license_plate_bahnschrift.ttf,CBAGJWPD6YXT0RNZL49E3HSU875KFVMQ2,11,7,1,0.51,12.393547,0.770893,0.778927,CBAGJWPDSYXTURNZLA9ESHSUSTSKEVMGZ,0.30303,0.69697,point_previews/task000160_mu000045_rho060_n1.png
0.7,45,8,license_plate_bahnschrift.ttf,CBAGJWPD6YXT0RNZL49E3HSU875KFVMQ2,11,7,0,0.595,13.38656,0.735998,0.721147,CBAGJWPDSYXTRNZLSSESHSUSTSKEVMGZ,0.333333,0.666667,point_previews/task000160_mu000045_rho070_n0.png
0.7,45,8,license_plate_bahnschrift.ttf,CBAGJWPD6YXT0RNZL49E3HSU875KFVMQ2,11,7,1,0.595,13.38656,0.735998,0.721147,CBAGJWPDSYXTRNZLASESHSUBTSKEVMG2,0.30303,0.69697,point_previews/task000160_mu000045_rho070_n1.png
0.8,45,8,license_plate_bahnschrift.ttf,CBAGJWPD6YXT0RNZL49E3HSU875KFVMQ2,11,7,0,0.68,14.310835,0.701998,0.674571,CBAGJWPDSYXTRNZLS9ESHSUBTSKEVMQ2,0.242424,0.757576,point_previews/task000160_mu000045_rho080_n0.png
0.8,45,8,license_plate_bahnschrift.ttf,CBAGJWPD6YXT0RNZL49E3HSU875KFVMQ2,11,7,1,0.68,14.310835,0.701998,0.674571,CBAGJWPDEYXTRNZLS9ESHSUBTSKEVMQ2,0.242424,0.757576,point_previews/task000160_mu000045_rho080_n1.png
0.9,45,8,license_plate_bahnschrift.ttf,CBAGJWPD6YXT0RNZL49E3HSU875KFVMQ2,11,7,0,0.765,15.178933,0.668877,0.635992,CBAGJWPDSYXTRNZL49ESHSUBTSKEVMG2,0.242424,0.757576,point_previews/task000160_mu000045_rho090_n0.png
0.9,45,8,license_plate_bahnschrift.ttf,CBAGJWPD6YXT0RNZL49E3HSU875KFVMQ2,11,7,1,0.765,15.178933,0.668877,0.635992,CRAGJWPDSYXTURNZLG9ESHSUSTSKEVMQ2,0.272727,0.727273,point_previews/task000160_mu000045_rho090_n1.png
1.0,45,8,license_plate_bahnschrift.ttf,CBAGJWPD6YXT0RNZL49E3HSU875KFVMQ2,11,7,0,0.85,16.0,0.63662,0.603355,CBAGJWPDSYXTURNZL49E3HSUBTSKEVMQ2,0.181818,0.818182,point_previews/task000160_mu000045_rho100_n0.png
1.0,45,8,license_plate_bahnschrift.ttf,CBAGJWPD6YXT0RNZL49E3HSU875KFVMQ2,11,7,1,0.85,16.0,0.63662,0.603355,CBAGJWPDSYXTURNZLS9ESHSUB7SKEVMG2,0.242424,0.757576,point_previews/task000160_mu000045_rho100_n1.png
0.1,64,8,license_plate_bahnschrift.ttf,CBAGJWPD6YXT0RNZL49E3HSU875KFVMQ2,11,7,0,0.085,5.059644,0.959381,1.907975,EBASTWVADSSCTURNZLATEAHSURSKEMMZ,0.575758,0.424242,point_previews/task000161_mu000064_rho010_n0.png
0.1,64,8,license_plate_bahnschrift.ttf,CBAGJWPD6YXT0RNZL49E3HSU875KFVMQ2,11,7,1,0.085,5.059644,0.959381,1.907975,SBABMURDEKTHRNEEASEANSS2KEMES,0.69697,0.30303,point_previews/task000161_mu000064_rho010_n1.png
0.2,64,8,license_plate_bahnschrift.ttf,CBAGJWPD6YXT0RNZL49E3HSU875KFVMQ2,11,7,0,0.17,7.155418,0.919759,1.349142,CRSWRSRNZAESHSUBTSKSVMD,0.636364,0.363636,point_previews/task000161_mu000064_rho020_n0.png
0.2,64,8,license_plate_bahnschrift.ttf,CBAGJWPD6YXT0RNZL49E3HSU875KFVMQ2,11,7,1,0.17,7.155418,0.919759,1.349142,CRAGJWPUSYSTBRNZEGESHSUBSKEVMS,0.454545,0.545455,point_previews/task000161_mu000064_rho020_n1.png
0.3,64,8,license_plate_bahnschrift.ttf,CBAGJWPD6YXT0RNZL49E3HSU875KFVMQ2,11,7,0,0.255,8.763561,0.881116,1.10157,CBAGUWPDSYRTURNZLA9ESHSUBTSKEVM2,0.333333,0.666667,point_previews/task000161_mu000064_rho030_n0.png
0.3,64,8,license_plate_bahnschrift.ttf,CBAGJWPD6YXT0RNZL49E3HSU875KFVMQ2,11,7,1,0.255,8.763561,0.881116,1.10157,,1.0,0.0,point_previews/task000161_mu000064_rho030_n1.png
0.4,64,8,license_plate_bahnschrift.ttf,CBAGJWPD6YXT0RNZL49E3HSU875KFVMQ2,11,7,0,0.34,10.119289,0.843436,0.953987,,1.0,0.0,point_previews/task000161_mu000064_rho040_n0.png
0.4,64,8,license_plate_bahnschrift.ttf,CBAGJWPD6YXT0RNZL49E3HSU875KFVMQ2,11,7,1,0.34,10.119289,0.843436,0.953987,EBAGJWPDEYXTRNZLASEGHSUSTSKEVMG2,0.333333,0.666667,point_previews/task000161_mu000064_rho040_n1.png
0.5,64,8,license_plate_bahnschrift.ttf,CBAGJWPD6YXT0RNZL49E3HSU875KFVMQ2,11,7,0,0.425,11.313708,0.8067,0.853272,CBAGJWPDSYXTGRNZLSPESHSUBTSKEVMG2,0.30303,0.69697,point_previews/task000161_mu000064_rho050_n0.png
0.5,64,8,license_plate_bahnschrift.ttf,CBAGJWPD6YXT0RNZL49E3HSU875KFVMQ2,11,7,1,0.425,11.313708,0.8067,0.853272,EBAGJWPDAYXTARNZLSSESHSUBTBKEVMQ2,0.30303,0.69697,point_previews/task000161_mu000064_rho050_n1.png
0.6,64,8,license_plate_bahnschrift.ttf,CBAGJWPD6YXT0RNZL49E3HSU875KFVMQ2,11,7,0,0.51,12.393547,0.770893,0.778927,CBAGJWPDAYXTURNZL49ESHSUB7SKEVMQ2,0.181818,0.818182,point_previews/task000161_mu000064_rho060_n0.png
0.6,64,8,license_plate_bahnschrift.ttf,CBAGJWPD6YXT0RNZL49E3HSU875KFVMQ2,11,7,1,0.51,12.393547,0.770893,0.778927,CBAGJWPDSYXTARNZL49ESHSUBTSKEVMG2,0.242424,0.757576,point_previews/task000161_mu000064_rho060_n1.png
0.7,64,8,license_plate_bahnschrift.ttf,CBAGJWPD6YXT0RNZL49E3HSU875KFVMQ2,11,7,0,0.595,13.38656,0.735998,0.721147,CBAGJWPDSYXTURNZL49ESHSUBTSKEVMG2,0.242424,0.757576,point_previews/task000161_mu000064_rho070_n0.png
0.7,64,8,license_plate_bahnschrift.ttf,CBAGJWPD6YXT0RNZL49E3HSU875KFVMQ2,11,7,1,0.595,13.38656,0.735998,0.721147,CBAGJWPDSYXTURNZL49ESHSUBTSKEVMQ2,0.212121,0.787879,point_previews/task000161_mu000064_rho070_n1.png
0.8,64,8,license_plate_bahnschrift.ttf,CBAGJWPD6YXT0RNZL49E3HSU875KFVMQ2,11,7,0,0.68,14.310835,0.701998,0.674571,CBAGJWPDSYXTRNZL49E3HSUBTSKEVMG2,0.212121,0.787879,point_previews/task000161_mu000064_rho080_n0.png
0.8,64,8,license_plate_bahnschrift.ttf,CBAGJWPD6YXT0RNZL49E3HSU875KFVMQ2,11,7,1,0.68,14.310835,0.701998,0.674571,CBAGJWPD4YXTURNZL49ESHSUS7SKEVM2,0.212121,0.787879,point_previews/task000161_mu000064_rho080_n1.png
0.9,64,8,license_plate_bahnschrift.ttf,CBAGJWPD6YXT0RNZL49E3HSU875KFVMQ2,11,7,0,0.765,15.178933,0.668877,0.635992,CBAGJWPD4YXTRNZL49ESHSUB7SKEVMQ2,0.181818,0.818182,point_previews/task000161_mu000064_rho090_n0.png
0.9,64,8,license_plate_bahnschrift.ttf,CBAGJWPD6YXT0RNZL49E3HSU875KFVMQ2,11,7,1,0.765,15.178933,0.668877,0.635992,CBAGJWPD6YXTRNZL49ESHSUSTSKEVMQ2,0.181818,0.818182,point_previews/task000161_mu000064_rho090_n1.png
1.0,64,8,license_plate_bahnschrift.ttf,CBAGJWPD6YXT0RNZL49E3HSU875KFVMQ2,11,7,0,0.85,16.0,0.63662,0.603355,CBAGJWPD6YXTURNZL49ESHSUBTSKFVMQ2,0.151515,0.848485,point_previews/task000161_mu000064_rho100_n0.png
1.0,64,8,license_plate_bahnschrift.ttf,CBAGJWPD6YXT0RNZL49E3HSU875KFVMQ2,11,7,1,0.85,16.0,0.63662,0.603355,CBAGJWPD6YXTRNZL49ESHSUBTSKEVMQ2,0.181818,0.818182,point_previews/task000161_mu000064_rho100_n1.png
0.1,4,8,license_plate_bahnschrift.ttf,CBAGJWPD6YXT0RNZL49E3HSU875KFVMQ2,11,11,0,0.085,5.059644,0.959381,1.907975,,1.0,0.0,point_previews/task000162_mu000004_rho010_n0.png
0.1,4,8,license_plate_bahnschrift.ttf,CBAGJWPD6YXT0RNZL49E3HSU875KFVMQ2,11,11,1,0.085,5.059644,0.959381,1.907975,,1.0,0.0,point_previews/task000162_mu000004_rho010_n1.png
0.2,4,8,license_plate_bahnschrift.ttf,CBAGJWPD6YXT0RNZL49E3HSU875KFVMQ2,11,11,0,0.17,7.155418,0.919759,1.349142,,1.0,0.0,point_previews/task000162_mu000004_rho020_n0.png
0.2,4,8,license_plate_bahnschrift.ttf,CBAGJWPD6YXT0RNZL49E3HSU875KFVMQ2,11,11,1,0.17,7.155418,0.919759,1.349142,ASSCARARACRANSHSEEUEN,0.878788,0.121212,point_previews/task000162_mu000004_rho020_n1.png
0.3,4,8,license_plate_bahnschrift.ttf,CBAGJWPD6YXT0RNZL49E3HSU875KFVMQ2,11,11,0,0.255,8.763561,0.881116,1.10157,SRSEUSAEWEECRRA,0.909091,0.090909,point_previews/task000162_mu000004_rho030_n0.png
0.3,4,8,license_plate_bahnschrift.ttf,CBAGJWPD6YXT0RNZL49E3HSU875KFVMQ2,11,11,1,0.255,8.763561,0.881116,1.10157,GYNSRSTSP,0.878788,0.121212,point_previews/task000162_mu000004_rho030_n1.png
0.4,4,8,license_plate_bahnschrift.ttf,CBAGJWPD6YXT0RNZL49E3HSU875KFVMQ2,11,11,0,0.34,10.119289,0.843436,0.953987,SRCACLSBF28,0.909091,0.090909,point_previews/task000162_mu000004_rho040_n0.png
0.4,4,8,license_plate_bahnschrift.ttf,CBAGJWPD6YXT0RNZL49E3HSU875KFVMQ2,11,11,1,0.34,10.119289,0.843436,0.953987,NCEASSRAN29AREETRT,0.909091,0.090909,point_previews/task000162_mu000004_rho040_n1.png
0.5,4,8,license_plate_bahnschrift.ttf,CBAGJWPD6YXT0RNZL49E3HSU875KFVMQ2,11,11,0,0.425,11.313708,0.8067,0.853272,AEPAARATRNGSSU,0.787879,0.212121,point_previews/task000162_mu000004_rho050_n0.png
0.5,4,8,license_plate_bahnschrift.ttf,CBAGJWPD6YXT0RNZL49E3HSU875KFVMQ2,11,11,1,0.425,11.313708,0.8067,0.853272,SSCERSPMA,0.909091,0.090909,point_previews/task000162_mu000004_rho050_n1.png
0.6,4,8,license_plate_bahnschrift.ttf,CBAGJWPD6YXT0RNZL49E3HSU875KFVMQ2,11,11,0,0.51,12.393547,0.770893,0.778927,ERSBRHTGNHPASHHSRG,0.878788,0.121212,point_previews/task000162_mu000004_rho060_n0.png
0.6,4,8,license_plate_bahnschrift.ttf,CBAGJWPD6YXT0RNZL49E3HSU875KFVMQ2,11,11,1,0.51,12.393547,0.770893,0.778927,,1.0,0.0,point_previews/task000162_mu000004_rho060_n1.png
0.7,4,8,license_plate_bahnschrift.ttf,CBAGJWPD6YXT0RNZL49E3HSU875KFVMQ2,11,11,0,0.595,13.38656,0.735998,0.721147,SBNEEURNSCPNSSACTE,0.878788,0.121212,point_previews/task000162_mu000004_rho070_n0.png
0.7,4,8,license_plate_bahnschrift.ttf,CBAGJWPD6YXT0RNZL49E3HSU875KFVMQ2,11,11,1,0.595,13.38656,0.735998,0.721147,SRASUUASNTGP,0.909091,0.090909,point_previews/task000162_mu000004_rho070_n1.png
0.8,4,8,license_plate_bahnschrift.ttf,CBAGJWPD6YXT0RNZL49E3HSU875KFVMQ2,11,11,0,0.68,14.310835,0.701998,0.674571,,1.0,0.0,point_previews/task000162_mu000004_rho080_n0.png
0.8,4,8,license_plate_bahnschrift.ttf,CBAGJWPD6YXT0RNZL49E3HSU875KFVMQ2,11,11,1,0.68,14.310835,0.701998,0.674571,,1.0,0.0,point_previews/task000162_mu000004_rho080_n1.png
0.9,4,8,license_plate_bahnschrift.ttf,CBAGJWPD6YXT0RNZL49E3HSU875KFVMQ2,11,11,0,0.765,15.178933,0.668877,0.635992,,1.0,0.0,point_previews/task000162_mu000004_rho090_n0.png
0.9,4,8,license_plate_bahnschrift.ttf,CBAGJWPD6YXT0RNZL49E3HSU875KFVMQ2,11,11,1,0.765,15.178933,0.668877,0.635992,LBPPERSBETAAEELHSYSEMEA,0.818182,0.181818,point_previews/task000162_mu000004_rho090_n1.png
1.0,4,8,license_plate_bahnschrift.ttf,CBAGJWPD6YXT0RNZL49E3HSU875KFVMQ2,11,11,0,0.85,16.0,0.63662,0.603355,SPRETSDTRTERSERNAT,0.848485,0.151515,point_previews/task000162_mu000004_rho100_n0.png
1.0,4,8,license_plate_bahnschrift.ttf,CBAGJWPD6YXT0RNZL49E3HSU875KFVMQ2,11,11,1,0.85,16.0,0.63662,0.603355,,1.0,0.0,point_previews/task000162_mu000004_rho100_n1.png
0.1,6,8,license_plate_bahnschrift.ttf,CBAGJWPD6YXT0RNZL49E3HSU875KFVMQ2,11,11,0,0.085,5.059644,0.959381,1.907975,BACRRNGYPENS,0.818182,0.181818,point_previews/task000163_mu000006_rho010_n0.png
0.1,6,8,license_plate_bahnschrift.ttf,CBAGJWPD6YXT0RNZL49E3HSU875KFVMQ2,11,11,1,0.085,5.059644,0.959381,1.907975,SREAUSEEWNHERS,0.909091,0.090909,point_previews/task000163_mu000006_rho010_n1.png
0.2,6,8,license_plate_bahnschrift.ttf,CBAGJWPD6YXT0RNZL49E3HSU875KFVMQ2,11,11,0,0.17,7.155418,0.919759,1.349142,AERRMNGSCSMESEARMUATSSET,0.909091,0.090909,point_previews/task000163_mu000006_rho020_n0.png
0.2,6,8,license_plate_bahnschrift.ttf,CBAGJWPD6YXT0RNZL49E3HSU875KFVMQ2,11,11,1,0.17,7.155418,0.919759,1.349142,EEMRRRCTYRPRRE,0.909091,0.090909,point_previews/task000163_mu000006_rho020_n1.png
0.3,6,8,license_plate_bahnschrift.ttf,CBAGJWPD6YXT0RNZL49E3HSU875KFVMQ2,11,11,0,0.255,8.763561,0.881116,1.10157,,1.0,0.0,point_previews/task000163_mu000006_rho030_n0.png
0.3,6,8,license_plate_bahnschrift.ttf,CBAGJWPD6YXT0RNZL49E3HSU875KFVMQ2,11,11,1,0.255,8.763561,0.881116,1.10157,PRUERLSAELSRRMSKGUT,0.818182,0.181818,point_previews/task000163_mu000006_rho030_n1.png
0.4,6,8,license_plate_bahnschrift.ttf,CBAGJWPD6YXT0RNZL49E3HSU875KFVMQ2,11,11,0,0.34,10.119289,0.843436,0.953987,SREDRSEPRTRBRELERPENT,0.909091,0.090909,point_previews/task000163_mu000006_rho040_n0.png
0.4,6,8,license_plate_bahnschrift.ttf,CBAGJWPD6YXT0RNZL49E3HSU875KFVMQ2,11,11,1,0.34,10.119289,0.843436,0.953987,RSPTBA,0.939394,0.060606,point_previews/task000163_mu000006_rho040_n1.png
0.5,6,8,license_plate_bahnschrift.ttf,CBAGJWPD6YXT0RNZL49E3HSU875KFVMQ2,11,11,0,0.425,11.313708,0.8067,0.853272,MPEMLATUPTLRNRPRRAETRRERSPGLED,0.909091,0.090909,point_previews/task000163_mu000006_rho050_n0.png
0.5,6,8,license_plate_bahnschrift.ttf,CBAGJWPD6YXT0RNZL49E3HSU875KFVMQ2,11,11,1,0.425,11.313708,0.8067,0.853272,,1.0,0.0,point_previews/task000163_mu000006_rho050_n1.png
0.6,6,8,license_plate_bahnschrift.ttf,CBAGJWPD6YXT0RNZL49E3HSU875KFVMQ2,11,11,0,0.51,12.393547,0.770893,0.778927,,1.0,0.0,point_previews/task000163_mu000006_rho060_n0.png
0.6,6,8,license_plate_bahnschrift.ttf,CBAGJWPD6YXT0RNZL49E3HSU875KFVMQ2,11,11,1,0.51,12.393547,0.770893,0.778927,EAERCAETSMD,0.848485,0.151515,point_previews/task000163_mu000006_rho060_n1.png
0.7,6,8,license_plate_bahnschrift.ttf,CBAGJWPD6YXT0RNZL49E3HSU875KFVMQ2,11,11,0,0.595,13.38656,0.735998,0.721147,ASASUPAERNPSALGHESTSTRPRACTD,0.848485,0.151515,point_previews/task000163_mu000006_rho070_n0.png
0.7,6,8,license_plate_bahnschrift.ttf,CBAGJWPD6YXT0RNZL49E3HSU875KFVMQ2,11,11,1,0.595,13.38656,0.735998,0.721147,FSMARPBUWTARRBPEAERCUSRAA,0.848485,0.151515,point_previews/task000163_mu000006_rho070_n1.png
0.8,6,8,license_plate_bahnschrift.ttf,CBAGJWPD6YXT0RNZL49E3HSU875KFVMQ2,11,11,0,0.68,14.310835,0.701998,0.674571,ERNEDGCRTRCTSREMD,0.848485,0.151515,point_previews/task000163_mu000006_rho080_n0.png
0.8,6,8,license_plate_bahnschrift.ttf,CBAGJWPD6YXT0RNZL49E3HSU875KFVMQ2,11,11,1,0.68,14.310835,0.701998,0.674571,CARSMGALETRTGRGAECETRSURTSSVMGS,0.757576,0.242424,point_previews/task000163_mu000006_rho080_n1.png
0.9,6,8,license_plate_bahnschrift.ttf,CBAGJWPD6YXT0RNZL49E3HSU875KFVMQ2,11,11,0,0.765,15.178933,0.668877,0.635992,PEAPTAEREREMELATESEALSEDS,0.848485,0.151515,point_previews/task000163_mu000006_rho090_n0.png
0.9,6,8,license_plate_bahnschrift.ttf,CBAGJWPD6YXT0RNZL49E3HSU875KFVMQ2,11,11,1,0.765,15.178933,0.668877,0.635992,VEREGUMTRRNTLFAMUEA,0.848485,0.151515,point_previews/task000163_mu000006_rho090_n1.png
1.0,6,8,license_plate_bahnschrift.ttf,CBAGJWPD6YXT0RNZL49E3HSU875KFVMQ2,11,11,0,0.85,16.0,0.63662,0.603355,BASAAPALSSRETKEFETSSUBSSRERM2,0.727273,0.272727,point_previews/task000163_mu000006_rho100_n0.png
1.0,6,8,license_plate_bahnschrift.ttf,CBAGJWPD6YXT0RNZL49E3HSU875KFVMQ2,11,11,1,0.85,16.0,0.63662,0.603355,SRAGLHRURTARNAAUERSFMEVMAS,0.727273,0.272727,point_previews/task000163_mu000006_rho100_n1.png
0.1,8,8,license_plate_bahnschrift.ttf,CBAGJWPD6YXT0RNZL49E3HSU875KFVMQ2,11,11,0,0.085,5.059644,0.959381,1.907975,,1.0,0.0,point_previews/task000164_mu000008_rho010_n0.png
0.1,8,8,license_plate_bahnschrift.ttf,CBAGJWPD6YXT0RNZL49E3HSU875KFVMQ2,11,11,1,0.085,5.059644,0.959381,1.907975,,1.0,0.0,point_previews/task000164_mu000008_rho010_n1.png
0.2,8,8,license_plate_bahnschrift.ttf,CBAGJWPD6YXT0RNZL49E3HSU875KFVMQ2,11,11,0,0.17,7.155418,0.919759,1.349142,7PLTRRNTSKFREE,0.787879,0.212121,point_previews/task000164_mu000008_rho020_n0.png
0.2,8,8,license_plate_bahnschrift.ttf,CBAGJWPD6YXT0RNZL49E3HSU875KFVMQ2,11,11,1,0.17,7.155418,0.919759,1.349142,BACSPUAPUNETRRNCE,0.848485,0.151515,point_previews/task000164_mu000008_rho020_n1.png
0.3,8,8,license_plate_bahnschrift.ttf,CBAGJWPD6YXT0RNZL49E3HSU875KFVMQ2,11,11,0,0.255,8.763561,0.881116,1.10157,SERASHGMTMPM,0.909091,0.090909,point_previews/task000164_mu000008_rho030_n0.png
0.3,8,8,license_plate_bahnschrift.ttf,CBAGJWPD6YXT0RNZL49E3HSU875KFVMQ2,11,11,1,0.255,8.763561,0.881116,1.10157,EAERLTDCAGNTERRESECRSN,0.848485,0.151515,point_previews/task000164_mu000008_rho030_n1.png
0.4,8,8,license_plate_bahnschrift.ttf,CBAGJWPD6YXT0RNZL49E3HSU875KFVMQ2,11,11,0,0.34,10.119289,0.843436,0.953987,RESRYARSENSPEGTAEAS,0.878788,0.121212,point_previews/task000164_mu000008_rho040_n0.png
0.4,8,8,license_plate_bahnschrift.ttf,CBAGJWPD6YXT0RNZL49E3HSU875KFVMQ2,11,11,1,0.34,10.119289,0.843436,0.953987,,1.0,0.0,point_previews/task000164_mu000008_rho040_n1.png
0.5,8,8,license_plate_bahnschrift.ttf,CBAGJWPD6YXT0RNZL49E3HSU875KFVMQ2,11,11,0,0.425,11.313708,0.8067,0.853272,PRCUYTTYPSUPDMA,0.848485,0.151515,point_previews/task000164_mu000008_rho050_n0.png
0.5,8,8,license_plate_bahnschrift.ttf,CBAGJWPD6YXT0RNZL49E3HSU875KFVMQ2,11,11,1,0.425,11.313708,0.8067,0.853272,SSRACSPDSRRSERERBESER,0.848485,0.151515,point_previews/task000164_mu000008_rho050_n1.png
0.6,8,8,license_plate_bahnschrift.ttf,CBAGJWPD6YXT0RNZL49E3HSU875KFVMQ2,11,11,0,0.51,12.393547,0.770893,0.778927,ACRRPREVETURNEESERTS,0.787879,0.212121,point_previews/task000164_mu000008_rho060_n0.png
0.6,8,8,license_plate_bahnschrift.ttf,CBAGJWPD6YXT0RNZL49E3HSU875KFVMQ2,11,11,1,0.51,12.393547,0.770893,0.778927,CRATTDDAVETARATH8PPAD,0.787879,0.212121,point_previews/task000164_mu000008_rho060_n1.png
0.7,8,8,license_plate_bahnschrift.ttf,CBAGJWPD6YXT0RNZL49E3HSU875KFVMQ2,11,11,0,0.595,13.38656,0.735998,0.721147,SCBASVRERTUSNTLSPAHSURTSREE,0.757576,0.242424,point_previews/task000164_mu000008_rho070_n0.png
0.7,8,8,license_plate_bahnschrift.ttf,CBAGJWPD6YXT0RNZL49E3HSU875KFVMQ2,11,11,1,0.595,13.38656,0.735998,0.721147,PRASAPRAVTTRAEAESHSHBTSREVHQS,0.727273,0.272727,point_previews/task000164_mu000008_rho070_n1.png
0.8,8,8,license_plate_bahnschrift.ttf,CBAGJWPD6YXT0RNZL49E3HSU875KFVMQ2,11,11,0,0.68,14.310835,0.701998,0.674571,CRDSMANSTMTARNTEAVESASHRSSAERR,0.818182,0.181818,point_previews/task000164_mu000008_rho080_n0.png
0.8,8,8,license_plate_bahnschrift.ttf,CBAGJWPD6YXT0RNZL49E3HSU875KFVMQ2,11,11,1,0.68,14.310835,0.701998,0.674571,SCAABWPDRYMTQRNSHSTESRSLETAEN,0.69697,0.30303,point_previews/task000164_mu000008_rho080_n1.png
0.9,8,8,license_plate_bahnschrift.ttf,CBAGJWPD6YXT0RNZL49E3HSU875KFVMQ2,11,11,0,0.765,15.178933,0.668877,0.635992,PEBRGAUEDEYRTDRNELSSESNSUSESKEGMS,0.636364,0.363636,point_previews/task000164_mu000008_rho090_n0.png
0.9,8,8,license_plate_bahnschrift.ttf,CBAGJWPD6YXT0RNZL49E3HSU875KFVMQ2,11,11,1,0.765,15.178933,0.668877,0.635992,DEWSMRSYTGRNFEAEANSUBPSKEVME,0.69697,0.30303,point_previews/task000164_mu000008_rho090_n1.png
1.0,8,8,license_plate_bahnschrift.ttf,CBAGJWPD6YXT0RNZL49E3HSU875KFVMQ2,11,11,0,0.85,16.0,0.63662,0.603355,CRAGAVPRRDANLCRSEMP,0.757576,0.242424,point_previews/task000164_mu000008_rho100_n0.png
1.0,8,8,license_plate_bahnschrift.ttf,CBAGJWPD6YXT0RNZL49E3HSU875KFVMQ2,11,11,1,0.85,16.0,0.63662,0.603355,CBRDTVEPDEWSTENPLSTESHSUREEREMTS,0.666667,0.333333,point_previews/task000164_mu000008_rho100_n1.png
0.1,11,8,license_plate_bahnschrift.ttf,CBAGJWPD6YXT0RNZL49E3HSU875KFVMQ2,11,11,0,0.085,5.059644,0.959381,1.907975,,1.0,0.0,point_previews/task000165_mu000011_rho010_n0.png
0.1,11,8,license_plate_bahnschrift.ttf,CBAGJWPD6YXT0RNZL49E3HSU875KFVMQ2,11,11,1,0.085,5.059644,0.959381,1.907975,URSTRYMHLSTSBR,0.909091,0.090909,point_previews/task000165_mu000011_rho010_n1.png
0.2,11,8,license_plate_bahnschrift.ttf,CBAGJWPD6YXT0RNZL49E3HSU875KFVMQ2,11,11,0,0.17,7.155418,0.919759,1.349142,FERUENETSACPEMAE,0.878788,0.121212,point_previews/task000165_mu000011_rho020_n0.png
0.2,11,8,license_plate_bahnschrift.ttf,CBAGJWPD6YXT0RNZL49E3HSU875KFVMQ2,11,11,1,0.17,7.155418,0.919759,1.349142,HEANSASTHENLTTCRLTESCNE,0.878788,0.121212,point_previews/task000165_mu000011_rho020_n1.png
0.3,11,8,license_plate_bahnschrift.ttf,CBAGJWPD6YXT0RNZL49E3HSU875KFVMQ2,11,11,0,0.255,8.763561,0.881116,1.10157,SSPRSHAPRTHNNCAEREARE,0.909091,0.090909,point_previews/task000165_mu000011_rho030_n0.png
0.3,11,8,license_plate_bahnschrift.ttf,CBAGJWPD6YXT0RNZL49E3HSU875KFVMQ2,11,11,1,0.255,8.763561,0.881116,1.10157,,1.0,0.0,point_previews/task000165_mu000011_rho030_n1.png
0.4,11,8,license_plate_bahnschrift.ttf,CBAGJWPD6YXT0RNZL49E3HSU875KFVMQ2,11,11,0,0.34,10.119289,0.843436,0.953987,SPNGPAPUSTTGARTLASESESMZ,0.787879,0.212121,point_previews/task000165_mu000011_rho040_n0.png
0.4,11,8,license_plate_bahnschrift.ttf,CBAGJWPD6YXT0RNZL49E3HSU875KFVMQ2,11,11,1,0.34,10.119289,0.843436,0.953987,DASTREDDSYSTURHASSBPSESS,0.848485,0.151515,point_previews/task000165_mu000011_rho040_n1.png
0.5,11,8,license_plate_bahnschrift.ttf,CBAGJWPD6YXT0RNZL49E3HSU875KFVMQ2,11,11,0,0.425,11.313708,0.8067,0.853272,CBAGTNPBASTSNASESHSSTERPES,0.69697,0.30303,point_previews/task000165_mu000011_rho050_n0.png
0.5,11,8,license_plate_bahnschrift.ttf,CBAGJWPD6YXT0RNZL49E3HSU875KFVMQ2,11,11,1,0.425,11.313708,0.8067,0.853272,EABNPQRRTSRNFFABRLRESGE,0.848485,0.151515,point_previews/task000165_mu000011_rho050_n1.png
0.6,11,8,license_plate_bahnschrift.ttf,CBAGJWPD6YXT0RNZL49E3HSU875KFVMQ2,11,11,0,0.51,12.393547,0.770893,0.778927,CBSTWPDSMRDRNTESTETASSREUM,0.69697,0.30303,point_previews/task000165_mu000011_rho060_n0.png
0.6,11,8,license_plate_bahnschrift.ttf,CBAGJWPD6YXT0RNZL49E3HSU875KFVMQ2,11,11,1,0.51,12.393547,0.770893,0.778927,SBAGANPTSPURNATEANSUETSRA,0.727273,0.272727,point_previews/task000165_mu000011_rho060_n1.png
0.7,11,8,license_plate_bahnschrift.ttf,CBAGJWPD6YXT0RNZL49E3HSU875KFVMQ2,11,11,0,0.595,13.38656,0.735998,0.721147,DRAGUWPRSYKTANZSEAHSHATEKSYM2,0.575758,0.424242,point_previews/task000165_mu000011_rho070_n0.png
0.7,11,8,license_plate_bahnschrift.ttf,CBAGJWPD6YXT0RNZL49E3HSU875KFVMQ2,11,11,1,0.595,13.38656,0.735998,0.721147,CAAGNRDEYRTBRNTHESHSURKES,0.606061,0.393939,point_previews/task000165_mu000011_rho070_n1.png
0.8,11,8,license_plate_bahnschrift.ttf,CBAGJWPD6YXT0RNZL49E3HSU875KFVMQ2,11,11,0,0.68,14.310835,0.701998,0.674571,,1.0,0.0,point_previews/task000165_mu000011_rho080_n0.png
0.8,11,8,license_plate_bahnschrift.ttf,CBAGJWPD6YXT0RNZL49E3HSU875KFVMQ2,11,11,1,0.68,14.310835,0.701998,0.674571,,1.0,0.0,point_previews/task000165_mu000011_rho080_n1.png
0.9,11,8,license_plate_bahnschrift.ttf,CBAGJWPD6YXT0RNZL49E3HSU875KFVMQ2,11,11,0,0.765,15.178933,0.668877,0.635992,SEAGAMDEYETURNZLGRARSUBTSKEYMGZ,0.606061,0.393939,point_previews/task000165_mu000011_rho090_n0.png
0.9,11,8,license_plate_bahnschrift.ttf,CBAGJWPD6YXT0RNZL49E3HSU875KFVMQ2,11,11,1,0.765,15.178933,0.668877,0.635992,SRAGJWRDSTURNALATESHSUBPSKEVMGP,0.515152,0.484848,point_previews/task000165_mu000011_rho090_n1.png
1.0,11,8,license_plate_bahnschrift.ttf,CBAGJWPD6YXT0RNZL49E3HSU875KFVMQ2,11,11,0,0.85,16.0,0.63662,0.603355,CBAGJWPDESXTRNZERVESHSUBPSHKEVMQZ,0.393939,0.606061,point_previews/task000165_mu000011_rho100_n0.png
1.0,11,8,license_plate_bahnschrift.ttf,CBAGJWPD6YXT0RNZL49E3HSU875KFVMQ2,11,11,1,0.85,16.0,0.63662,0.603355,CBAGWPDSERTURNGLAAEAHSUSTSKEVNZ,0.484848,0.515152,point_previews/task000165_mu000011_rho100_n1.png
0.1,16,8,license_plate_bahnschrift.ttf,CBAGJWPD6YXT0RNZL49E3HSU875KFVMQ2,11,11,0,0.085,5.059644,0.959381,1.907975,EHRUANYUMSRSSNTCE,0.909091,0.090909,point_previews/task000166_mu000016_rho010_n0.png
0.1,16,8,license_plate_bahnschrift.ttf,CBAGJWPD6YXT0RNZL49E3HSU875KFVMQ2,11,11,1,0.085,5.059644,0.959381,1.907975,SASLSGEAGNGTRCN,0.909091,0.090909,point_previews/task000166_mu000016_rho010_n1.png
0.2,16,8,license_plate_bahnschrift.ttf,CBAGJWPD6YXT0RNZL49E3HSU875KFVMQ2,11,11,0,0.17,7.155418,0.919759,1.349142,PRASTPUMECTRNA4SESEMEE,0.727273,0.272727,point_previews/task000166_mu000016_rho020_n0.png
0.2,16,8,license_plate_bahnschrift.ttf,CBAGJWPD6YXT0RNZL49E3HSU875KFVMQ2,11,11,1,0.17,7.155418,0.919759,1.349142,CSUDTAANPEMEFAC,0.818182,0.181818,point_previews/task000166_mu000016_rho020_n1.png
0.3,16,8,license_plate_bahnschrift.ttf,CBAGJWPD6YXT0RNZL49E3HSU875KFVMQ2,11,11,0,0.255,8.763561,0.881116,1.10157,SBADTWPALYRTAMCLCHECHELEPEB7,0.727273,0.272727,point_previews/task000166_mu000016_rho030_n0.png
0.3,16,8,license_plate_bahnschrift.ttf,CBAGJWPD6YXT0RNZL49E3HSU875KFVMQ2,11,11,1,0.255,8.763561,0.881116,1.10157,SEAHETAMATURNFERUAHANSTERENSAL,0.848485,0.151515,point_previews/task000166_mu000016_rho030_n1.png
0.4,16,8,license_plate_bahnschrift.ttf,CBAGJWPD6YXT0RNZL49E3HSU875KFVMQ2,11,11,0,0.34,10.119289,0.843436,0.953987,SSAASDUPDSYRTRMELLPETHSUBTBKENMGLY,0.666667,0.333333,point_previews/task000166_mu000016_rho040_n0.png
0.4,16,8,license_plate_bahnschrift.ttf,CBAGJWPD6YXT0RNZL49E3HSU875KFVMQ2,11,11,1,0.34,10.119289,0.843436,0.953987,,1.0,0.0,point_previews/task000166_mu000016_rho040_n1.png
0.5,16,8,license_plate_bahnschrift.ttf,CBAGJWPD6YXT0RNZL49E3HSU875KFVMQ2,11,11,0,0.425,11.313708,0.8067,0.853272,DBAGNPDRYATRAALSEARSBTSKS,0.636364,0.363636,point_previews/task000166_mu000016_rho050_n0.png
0.5,16,8,license_plate_bahnschrift.ttf,CBAGJWPD6YXT0RNZL49E3HSU875KFVMQ2,11,11,1,0.425,11.313708,0.8067,0.853272,,1.0,0.0,point_previews/task000166_mu000016_rho050_n1.png
0.6,16,8,license_plate_bahnschrift.ttf,CBAGJWPD6YXT0RNZL49E3HSU875KFVMQ2,11,11,0,0.51,12.393547,0.770893,0.778927,DEAGVPLEYATRNLAFERHSUBTSKEVMED,0.545455,0.454545,point_previews/task000166_mu000016_rho060_n0.png
0.6,16,8,license_plate_bahnschrift.ttf,CBAGJWPD6YXT0RNZL49E3HSU875KFVMQ2,11,11,1,0.51,12.393547,0.770893,0.778927,,1.0,0.0,point_previews/task000166_mu000016_rho060_n1.png
0.7,16,8,license_plate_bahnschrift.ttf,CBAGJWPD6YXT0RNZL49E3HSU875KFVMQ2,11,11,0,0.595,13.38656,0.735998,0.721147,,1.0,0.0,point_previews/task000166_mu000016_rho070_n0.png
0.7,16,8,license_plate_bahnschrift.ttf,CBAGJWPD6YXT0RNZL49E3HSU875KFVMQ2,11,11,1,0.595,13.38656,0.735998,0.721147,,1.0,0.0,point_previews/task000166_mu000016_rho070_n1.png
0.8,16,8,license_plate_bahnschrift.ttf,CBAGJWPD6YXT0RNZL49E3HSU875KFVMQ2,11,11,0,0.68,14.310835,0.701998,0.674571,CBASWPUSYXTRNZLUPESRSUBTSREUMDS,0.515152,0.484848,point_previews/task000166_mu000016_rho080_n0.png
0.8,16,8,license_plate_bahnschrift.ttf,CBAGJWPD6YXT0RNZL49E3HSU875KFVMQ2,11,11,1,0.68,14.310835,0.701998,0.674571,CENGWPDSSTURNZEAPESHSUSFSKEVMGZ,0.515152,0.484848,point_previews/task000166_mu000016_rho080_n1.png
0.9,16,8,license_plate_bahnschrift.ttf,CBAGJWPD6YXT0RNZL49E3HSU875KFVMQ2,11,11,0,0.765,15.178933,0.668877,0.635992,SDBAGUNPDEYNTRNZLAPESHSUBTSREYMGZ,0.545455,0.454545,point_previews/task000166_mu000016_rho090_n0.png
0.9,16,8,license_plate_bahnschrift.ttf,CBAGJWPD6YXT0RNZL49E3HSU875KFVMQ2,11,11,1,0.765,15.178933,0.668877,0.635992,CBAGJWPDASXTRNZLGTESHSUBTSKEVMG2,0.333333,0.666667,point_previews/task000166_mu000016_rho090_n1.png
1.0,16,8,license_plate_bahnschrift.ttf,CBAGJWPD6YXT0RNZL49E3HSU875KFVMQ2,11,11,0,0.85,16.0,0.63662,0.603355,CRAGUWPDSYXTURNZLG9ESHSUATSREVMGS,0.393939,0.606061,point_previews/task000166_mu000016_rho100_n0.png
1.0,16,8,license_plate_bahnschrift.ttf,CBAGJWPD6YXT0RNZL49E3HSU875KFVMQ2,11,11,1,0.85,16.0,0.63662,0.603355,,1.0,0.0,point_previews/task000166_mu000016_rho100_n1.png
0.1,23,8,license_plate_bahnschrift.ttf,CBAGJWPD6YXT0RNZL49E3HSU875KFVMQ2,11,11,0,0.085,5.059644,0.959381,1.907975,,1.0,0.0,point_previews/task000167_mu000023_rho010_n0.png
0.1,23,8,license_plate_bahnschrift.ttf,CBAGJWPD6YXT0RNZL49E3HSU875KFVMQ2,11,11,1,0.085,5.059644,0.959381,1.907975,BSTSNRTSLSAE,0.878788,0.121212,point_previews/task000167_mu000023_rho010_n1.png
0.2,23,8,license_plate_bahnschrift.ttf,CBAGJWPD6YXT0RNZL49E3HSU875KFVMQ2,11,11,0,0.17,7.155418,0.919759,1.349142,CBASUUPREERTURNZLDAEAEGURERRES,0.666667,0.333333,point_previews/task000167_mu000023_rho020_n0.png
0.2,23,8,license_plate_bahnschrift.ttf,CBAGJWPD6YXT0RNZL49E3HSU875KFVMQ2,11,11,1,0.17,7.155418,0.919759,1.349142,SCPRRRSRTARSPARSTE,0.909091,0.090909,point_previews/task000167_mu000023_rho020_n1.png
0.3,23,8,license_plate_bahnschrift.ttf,CBAGJWPD6YXT0RNZL49E3HSU875KFVMQ2,11,11,0,0.255,8.763561,0.881116,1.10157,,1.0,0.0,point_previews/task000167_mu000023_rho030_n0.png
0.3,23,8,license_plate_bahnschrift.ttf,CBAGJWPD6YXT0RNZL49E3HSU875KFVMQ2,11,11,1,0.255,8.763561,0.881116,1.10157,CEBSAMPLBYATURNBLS9E3BSLSTSKEMMG2,0.575758,0.424242,point_previews/task000167_mu000023_rho030_n1.png
0.4,23,8,license_plate_bahnschrift.ttf,CBAGJWPD6YXT0RNZL49E3HSU875KFVMQ2,11,11,0,0.34,10.119289,0.843436,0.953987,,1.0,0.0,point_previews/task000167_mu000023_rho040_n0.png
0.4,23,8,license_plate_bahnschrift.ttf,CBAGJWPD6YXT0RNZL49E3HSU875KFVMQ2,11,11,1,0.34,10.119289,0.843436,0.953987,CBAGNPURTURNZLASFSRSUSTSKEVMD,0.545455,0.454545,point_previews/task000167_mu000023_rho040_n1.png
0.5,23,8,license_plate_bahnschrift.ttf,CBAGJWPD6YXT0RNZL49E3HSU875KFVMQ2,11,11,0,0.425,11.313708,0.8067,0.853272,CBAGWPDSYXTRNELASERRSUBTSKEVM,0.424242,0.575758,point_previews/task000167_mu000023_rho050_n0.png
0.5,23,8,license_plate_bahnschrift.ttf,CBAGJWPD6YXT0RNZL49E3HSU875KFVMQ2,11,11,1,0.425,11.313708,0.8067,0.853272,SCRAGWPBEYXTARNZCETESHSUSTSREYMGZ,0.545455,0.454545,point_previews/task000167_mu000023_rho050_n1.png
0.6,23,8,license_plate_bahnschrift.ttf,CBAGJWPD6YXT0RNZL49E3HSU875KFVMQ2,11,11,0,0.51,12.393547,0.770893,0.778927,,1.0,0.0,point_previews/task000167_mu000023_rho060_n0.png
0.6,23,8,license_plate_bahnschrift.ttf,CBAGJWPD6YXT0RNZL49E3HSU875KFVMQ2,11,11,1,0.51,12.393547,0.770893,0.778927,,1.0,0.0,point_previews/task000167_mu000023_rho060_n1.png
0.7,23,8,license_plate_bahnschrift.ttf,CBAGJWPD6YXT0RNZL49E3HSU875KFVMQ2,11,11,0,0.595,13.38656,0.735998,0.721147,CRAGJWPUSYXTURNZLSPESHSUBTSKEVMGZ,0.393939,0.606061,point_previews/task000167_mu000023_rho070_n0.png
0.7,23,8,license_plate_bahnschrift.ttf,CBAGJWPD6YXT0RNZL49E3HSU875KFVMQ2,11,11,1,0.595,13.38656,0.735998,0.721147,,1.0,0.0,point_previews/task000167_mu000023_rho070_n1.png
0.8,23,8,license_plate_bahnschrift.ttf,CBAGJWPD6YXT0RNZL49E3HSU875KFVMQ2,11,11,0,0.68,14.310835,0.701998,0.674571,CRAGWPUSYXTRNZLSVESHSUBTSKEVMQ2,0.363636,0.636364,point_previews/task000167_mu000023_rho080_n0.png
0.8,23,8,license_plate_bahnschrift.ttf,CBAGJWPD6YXT0RNZL49E3HSU875KFVMQ2,11,11,1,0.68,14.310835,0.701998,0.674571,,1.0,0.0,point_previews/task000167_mu000023_rho080_n1.png
0.9,23,8,license_plate_bahnschrift.ttf,CBAGJWPD6YXT0RNZL49E3HSU875KFVMQ2,11,11,0,0.765,15.178933,0.668877,0.635992,,1.0,0.0,point_previews/task000167_mu000023_rho090_n0.png
0.9,23,8,license_plate_bahnschrift.ttf,CBAGJWPD6YXT0RNZL49E3HSU875KFVMQ2,11,11,1,0.765,15.178933,0.668877,0.635992,SCBAGJWPDSYXTURNZL2ESHSUBTSKRVMGZ,0.363636,0.636364,point_previews/task000167_mu000023_rho090_n1.png
1.0,23,8,license_plate_bahnschrift.ttf,CBAGJWPD6YXT0RNZL49E3HSU875KFVMQ2,11,11,0,0.85,16.0,0.63662,0.603355,,1.0,0.0,point_previews/task000167_mu000023_rho100_n0.png
1.0,23,8,license_plate_bahnschrift.ttf,CBAGJWPD6YXT0RNZL49E3HSU875KFVMQ2,11,11,1,0.85,16.0,0.63662,0.603355,,1.0,0.0,point_previews/task000167_mu000023_rho100_n1.png
0.1,32,8,license_plate_bahnschrift.ttf,CBAGJWPD6YXT0RNZL49E3HSU875KFVMQ2,11,11,0,0.085,5.059644,0.959381,1.907975,CRMESSHREAEBAREUMNS,0.848485,0.151515,point_previews/task000168_mu000032_rho010_n0.png
0.1,32,8,license_plate_bahnschrift.ttf,CBAGJWPD6YXT0RNZL49E3HSU875KFVMQ2,11,11,1,0.085,5.059644,0.959381,1.907975,SRETCTARRNSLERREATS,0.878788,0.121212,point_previews/task000168_mu000032_rho010_n1.png
0.2,32,8,license_plate_bahnschrift.ttf,CBAGJWPD6YXT0RNZL49E3HSU875KFVMQ2,11,11,0,0.17,7.155418,0.919759,1.349142,PRAGTNPDEVSTURRECASRAHSUBTAREMES,0.69697,0.30303,point_previews/task000168_mu000032_rho020_n0.png
0.2,32,8,license_plate_bahnschrift.ttf,CBAGJWPD6YXT0RNZL49E3HSU875KFVMQ2,11,11,1,0.17,7.155418,0.919759,1.349142,EBASUWEDEYETARNZLEARSUDTSR,0.606061,0.393939,point_previews/task000168_mu000032_rho020_n1.png
0.3,32,8,license_plate_bahnschrift.ttf,CBAGJWPD6YXT0RNZL49E3HSU875KFVMQ2,11,11,0,0.255,8.763561,0.881116,1.10157,CBAGNGDEYATRNZCSFFSRSHFTSREMNE,0.636364,0.363636,point_previews/task000168_mu000032_rho030_n0.png
0.3,32,8,license_plate_bahnschrift.ttf,CBAGJWPD6YXT0RNZL49E3HSU875KFVMQ2,11,11,1,0.255,8.763561,0.881116,1.10157,,1.0,0.0,point_previews/task000168_mu000032_rho030_n1.png
0.4,32,8,license_plate_bahnschrift.ttf,CBAGJWPD6YXT0RNZL49E3HSU875KFVMQ2,11,11,0,0.34,10.119289,0.843436,0.953987,CBAGJWPDSYXTGRNZL49ESHSUBTSKEVMG2,0.242424,0.757576,point_previews/task000168_mu000032_rho040_n0.png
0.4,32,8,license_plate_bahnschrift.ttf,CBAGJWPD6YXT0RNZL49E3HSU875KFVMQ2,11,11,1,0.34,10.119289,0.843436,0.953987,CBAGJWPUSYXTURNZASESHSUSTSKEVMAS,0.393939,0.606061,point_previews/task000168_mu000032_rho040_n1.png
0.5,32,8,license_plate_bahnschrift.ttf,CBAGJWPD6YXT0RNZL49E3HSU875KFVMQ2,11,11,0,0.425,11.313708,0.8067,0.853272,CBAGJVPDSYXTRNELATESHSUSTAKEVMDZ,0.393939,0.606061,point_previews/task000168_mu000032_rho050_n0.png
0.5,32,8,license_plate_bahnschrift.ttf,CBAGJWPD6YXT0RNZL49E3HSU875KFVMQ2,11,11,1,0.425,11.313708,0.8067,0.853272,CBAGJWPDEYXCTURNZEMSESHSUBTSKEVMGR,0.393939,0.606061,point_previews/task000168_mu000032_rho050_n1.png
0.6,32,8,license_plate_bahnschrift.ttf,CBAGJWPD6YXT0RNZL49E3HSU875KFVMQ2,11,11,0,0.51,12.393547,0.770893,0.778927,,1.0,0.0,point_previews/task000168_mu000032_rho060_n0.png
0.6,32,8,license_plate_bahnschrift.ttf,CBAGJWPD6YXT0RNZL49E3HSU875KFVMQ2,11,11,1,0.51,12.393547,0.770893,0.778927,CBAGJWPDSYXTGRNZLATESHSUSTSKEVME2,0.30303,0.69697,point_previews/task000168_mu000032_rho060_n1.png
0.7,32,8,license_plate_bahnschrift.ttf,CBAGJWPD6YXT0RNZL49E3HSU875KFVMQ2,11,11,0,0.595,13.38656,0.735998,0.721147,CBAGJWPDSYXTNRNZLSJESHSUBTSKEVM0Z,0.333333,0.666667,point_previews/task000168_mu000032_rho070_n0.png
0.7,32,8,license_plate_bahnschrift.ttf,CBAGJWPD6YXT0RNZL49E3HSU875KFVMQ2,11,11,1,0.595,13.38656,0.735998,0.721147,CBAGJWPDSYXTURNZLAPESHSUBTSKEYMQGZ,0.363636,0.636364,point_previews/task000168_mu000032_rho070_n1.png
0.8,32,8,license_plate_bahnschrift.ttf,CBAGJWPD6YXT0RNZL49E3HSU875KFVMQ2,11,11,0,0.68,14.310835,0.701998,0.674571,CBAGJWPD6YXTHRNZLSTESHSUBTSKEVMG2,0.272727,0.727273,point_previews/task000168_mu000032_rho080_n0.png
0.8,32,8,license_plate_bahnschrift.ttf,CBAGJWPD6YXT0RNZL49E3HSU875KFVMQ2,11,11,1,0.68,14.310835,0.701998,0.674571,CBAGJWPDEYXTARNZL49ESHSUSTSKFVMG2,0.212121,0.787879,point_previews/task000168_mu000032_rho080_n1.png
0.9,32,8,license_plate_bahnschrift.ttf,CBAGJWPD6YXT0RNZL49E3HSU875KFVMQ2,11,11,0,0.765,15.178933,0.668877,0.635992,CBAGJWPDSYXTURNZLASESHSUB7SKEVM0Z,0.30303,0.69697,point_previews/task000168_mu000032_rho090_n0.png
0.9,32,8,license_plate_bahnschrift.ttf,CBAGJWPD6YXT0RNZL49E3HSU875KFVMQ2,11,11,1,0.765,15.178933,0.668877,0.635992,CBAGJWPDS6YXTURNZL49ESASUBTSKEVM02,0.272727,0.727273,point_previews/task000168_mu000032_rho090_n1.png
1.0,32,8,license_plate_bahnschrift.ttf,CBAGJWPD6YXT0RNZL49E3HSU875KFVMQ2,11,11,0,0.85,16.0,0.63662,0.603355,CBAGJWPDEYXTURNZLSPEZHSUBTSKEVMQZ,0.30303,0.69697,point_previews/task000168_mu000032_rho100_n0.png
1.0,32,8,license_plate_bahnschrift.ttf,CBAGJWPD6YXT0RNZL49E3HSU875KFVMQ2,11,11,1,0.85,16.0,0.63662,0.603355,CBAGJWPDSYXTURNZL49ESHSUSTSKEVMGZ,0.272727,0.727273,point_previews/task000168_mu000032_rho100_n1.png
0.1,45,8,license_plate_bahnschrift.ttf,CBAGJWPD6YXT0RNZL49E3HSU875KFVMQ2,11,11,0,0.085,5.059644,0.959381,1.907975,SRATSTRNZSEANSESTBBRG,0.787879,0.212121,point_previews/task000169_mu000045_rho010_n0.png
0.1,45,8,license_plate_bahnschrift.ttf,CBAGJWPD6YXT0RNZL49E3HSU875KFVMQ2,11,11,1,0.085,5.059644,0.959381,1.907975,PEARSVARTURNZSPMHBEAE,0.818182,0.181818,point_previews/task000169_mu000045_rho010_n1.png
0.2,45,8,license_plate_bahnschrift.ttf,CBAGJWPD6YXT0RNZL49E3HSU875KFVMQ2,11,11,0,0.17,7.155418,0.919759,1.349142,CBABWRUSYRTCRNZLARESHSU7SKEVMG2,0.424242,0.575758,point_previews/task000169_mu000045_rho020_n0.png
0.2,45,8,license_plate_bahnschrift.ttf,CBAGJWPD6YXT0RNZL49E3HSU875KFVMQ2,11,11,1,0.17,7.155418,0.919759,1.349142,CRAGUWPDSPTURNZLSSESHSUSTSKEVM2,0.424242,0.575758,point_previews/task000169_mu000045_rho020_n1.png
0.3,45,8,license_plate_bahnschrift.ttf,CBAGJWPD6YXT0RNZL49E3HSU875KFVMQ2,11,11,0,0.255,8.763561,0.881116,1.10157,CBAGJWPDSYXTGRNZLSTEGHSUBTSKENM0,0.363636,0.636364,point_previews/task000169_mu000045_rho030_n0.png
0.3,45,8,license_plate_bahnschrift.ttf,CBAGJWPD6YXT0RNZL49E3HSU875KFVMQ2,11,11,1,0.255,8.763561,0.881116,1.10157,CBAGUWPDSYXTRNZLSSESHSUSTSKEVMR,0.363636,0.636364,point_previews/task000169_mu000045_rho030_n1.png
0.4,45,8,license_plate_bahnschrift.ttf,CBAGJWPD6YXT0RNZL49E3HSU875KFVMQ2,11,11,0,0.34,10.119289,0.843436,0.953987,CBAGJWPSYXTGRNZL49ESHSUBTDKEVMGZ,0.30303,0.69697,point_previews/task000169_mu000045_rho040_n0.png
0.4,45,8,license_plate_bahnschrift.ttf,CBAGJWPD6YXT0RNZL49E3HSU875KFVMQ2,11,11,1,0.34,10.119289,0.843436,0.953987,,1.0,0.0,point_previews/task000169_mu000045_rho040_n1.png
0.5,45,8,license_plate_bahnschrift.ttf,CBAGJWPD6YXT0RNZL49E3HSU875KFVMQ2,11,11,0,0.425,11.313708,0.8067,0.853272,CBAGJWPDEYXTURNZLGSESRSUBTSKEVMQ2,0.30303,0.69697,point_previews/task000169_mu000045_rho050_n0.png
0.5,45,8,license_plate_bahnschrift.ttf,CBAGJWPD6YXT0RNZL49E3HSU875KFVMQ2,11,11,1,0.425,11.313708,0.8067,0.853272,EBAGJWPD8YXTRNZLAPEFNSUB7SKEVMQZ,0.333333,0.666667,point_previews/task000169_mu000045_rho050_n1.png
0.6,45,8,license_plate_bahnschrift.ttf,CBAGJWPD6YXT0RNZL49E3HSU875KFVMQ2,11,11,0,0.51,12.393547,0.770893,0.778927,CBAGJWPDSYXTURNZLATESHSUSTSKFYMG2,0.30303,0.69697,point_previews/task000169_mu000045_rho060_n0.png
0.6,45,8,license_plate_bahnschrift.ttf,CBAGJWPD6YXT0RNZL49E3HSU875KFVMQ2,11,11,1,0.51,12.393547,0.770893,0.778927,CBAGJWPDSYXTURNZLAVESHSUBTSKEVMGZ,0.333333,0.666667,point_previews/task000169_mu000045_rho060_n1.png
0.7,45,8,license_plate_bahnschrift.ttf,CBAGJWPD6YXT0RNZL49E3HSU875KFVMQ2,11,11,0,0.595,13.38656,0.735998,0.721147,CBAGJWPUSYXTURNZLASPESHSUS75KEYMQZ,0.333333,0.666667,point_previews/task000169_mu000045_rho070_n0.png
0.7,45,8,license_plate_bahnschrift.ttf,CBAGJWPD6YXT0RNZL49E3HSU875KFVMQ2,11,11,1,0.595,13.38656,0.735998,0.721147,CBAGJWPDSYXTURNZLS9ESHSUB7SKEVMQ2,0.212121,0.787879,point_previews/task000169_mu000045_rho070_n1.png
0.8,45,8,license_plate_bahnschrift.ttf,CBAGJWPD6YXT0RNZL49E3HSU875KFVMQ2,11,11,0,0.68,14.310835,0.701998,0.674571,CBAGJWPDSYXTRNZL49E3RSUB7SKEVMG2,0.212121,0.787879,point_previews/task000169_mu000045_rho080_n0.png
0.8,45,8,license_plate_bahnschrift.ttf,CBAGJWPD6YXT0RNZL49E3HSU875KFVMQ2,11,11,1,0.68,14.310835,0.701998,0.674571,CBAGJWPDSYXTURNZL49ESHSUB7SKFVMQ2,0.151515,0.848485,point_previews/task000169_mu000045_rho080_n1.png
0.9,45,8,license_plate_bahnschrift.ttf,CBAGJWPD6YXT0RNZL49E3HSU875KFVMQ2,11,11,0,0.765,15.178933,0.668877,0.635992,CBAGJWPDSYXTURNZLASESHSUB7SKEVMGZ,0.30303,0.69697,point_previews/task000169_mu000045_rho090_n0.png
0.9,45,8,license_plate_bahnschrift.ttf,CBAGJWPD6YXT0RNZL49E3HSU875KFVMQ2,11,11,1,0.765,15.178933,0.668877,0.635992,CBAGJWPDSYXTURNZL49E3HSUSTSKEVMQZ,0.212121,0.787879,point_previews/task000169_mu000045_rho090_n1.png
1.0,45,8,license_plate_bahnschrift.ttf,CBAGJWPD6YXT0RNZL49E3HSU875KFVMQ2,11,11,0,0.85,16.0,0.63662,0.603355,CBAGJWPD6YXTRNZL49E3HSU875KFVMQ2,0.030303,0.969697,point_previews/task000169_mu000045_rho100_n0.png
1.0,45,8,license_plate_bahnschrift.ttf,CBAGJWPD6YXT0RNZL49E3HSU875KFVMQ2,11,11,1,0.85,16.0,0.63662,0.603355,CBAGJWPDSYXTURNZL49ESHSUBTSKEVMQ2,0.212121,0.787879,point_previews/task000169_mu000045_rho100_n1.png
0.1,64,8,license_plate_bahnschrift.ttf,CBAGJWPD6YXT0RNZL49E3HSU875KFVMQ2,11,11,0,0.085,5.059644,0.959381,1.907975,SRASPRSYKTURN2ESTEFASHETSKEVMT,0.666667,0.333333,point_previews/task000170_mu000064_rho010_n0.png
0.1,64,8,license_plate_bahnschrift.ttf,CBAGJWPD6YXT0RNZL49E3HSU875KFVMQ2,11,11,1,0.085,5.059644,0.959381,1.907975,CBAGDRHESSTURNZLWESHSUE7SVMDS,0.515152,0.484848,point_previews/task000170_mu000064_rho010_n1.png
0.2,64,8,license_plate_bahnschrift.ttf,CBAGJWPD6YXT0RNZL49E3HSU875KFVMQ2,11,11,0,0.17,7.155418,0.919759,1.349142,,1.0,0.0,point_previews/task000170_mu000064_rho020_n0.png
0.2,64,8,license_plate_bahnschrift.ttf,CBAGJWPD6YXT0RNZL49E3HSU875KFVMQ2,11,11,1,0.17,7.155418,0.919759,1.349142,CBAGJWPUSYXTURNZCATESHSUSTAKRVMD,0.393939,0.606061,point_previews/task000170_mu000064_rho020_n1.png
0.3,64,8,license_plate_bahnschrift.ttf,CBAGJWPD6YXT0RNZL49E3HSU875KFVMQ2,11,11,0,0.255,8.763561,0.881116,1.10157,SCRAGJWPDEYXTARNZLUSESHSUBTEXEYMDZ,0.454545,0.545455,point_previews/task000170_mu000064_rho030_n0.png
0.3,64,8,license_plate_bahnschrift.ttf,CBAGJWPD6YXT0RNZL49E3HSU875KFVMQ2,11,11,1,0.255,8.763561,0.881116,1.10157,CBAGJNPDSYXTURNZLASESJHSUSTSKEVMGP,0.393939,0.606061,point_previews/task000170_mu000064_rho030_n1.png
0.4,64,8,license_plate_bahnschrift.ttf,CBAGJWPD6YXT0RNZL49E3HSU875KFVMQ2,11,11,0,0.34,10.119289,0.843436,0.953987,SBAGJWPDSYXTARNZLSVESHSUSTSKEVM2,0.333333,0.666667,point_previews/task000170_mu000064_rho040_n0.png
0.4,64,8,license_plate_bahnschrift.ttf,CBAGJWPD6YXT0RNZL49E3HSU875KFVMQ2,11,11,1,0.34,10.119289,0.843436,0.953987,CBAGJWPDEYXTRNZLSPESHSUSTSKEVMA2,0.30303,0.69697,point_previews/task000170_mu000064_rho040_n1.png
0.5,64,8,license_plate_bahnschrift.ttf,CBAGJWPD6YXT0RNZL49E3HSU875KFVMQ2,11,11,0,0.425,11.313708,0.8067,0.853272,CBAGJWPDSYXTURNZLSSESHSUSTSKEVMDZ,0.333333,0.666667,point_previews/task000170_mu000064_rho050_n0.png
0.5,64,8,license_plate_bahnschrift.ttf,CBAGJWPD6YXT0RNZL49E3HSU875KFVMQ2,11,11,1,0.425,11.313708,0.8067,0.853272,CBAGJWPDEYXTURNZL49ESHSUBTSKEYMGZ,0.30303,0.69697,point_previews/task000170_mu000064_rho050_n1.png
0.6,64,8,license_plate_bahnschrift.ttf,CBAGJWPD6YXT0RNZL49E3HSU875KFVMQ2,11,11,0,0.51,12.393547,0.770893,0.778927,CBAGJWPDSYXTRNZL4ESHSUB7SKEVMGZ,0.272727,0.727273,point_previews/task000170_mu000064_rho060_n0.png
0.6,64,8,license_plate_bahnschrift.ttf,CBAGJWPD6YXT0RNZL49E3HSU875KFVMQ2,11,11,1,0.51,12.393547,0.770893,0.778927,CBAGJWPDSYXTURNZLASESHSUBTSKFEVMGP,0.333333,0.666667,point_previews/task000170_mu000064_rho060_n1.png
0.7,64,8,license_plate_bahnschrift.ttf,CBAGJWPD6YXT0RNZL49E3HSU875KFVMQ2,11,11,0,0.595,13.38656,0.735998,0.721147,CBAGJWPD6YXTURNZL49ESHSUBTSKEVMG2,0.212121,0.787879,point_previews/task000170_mu000064_rho070_n0.png
0.7,64,8,license_plate_bahnschrift.ttf,CBAGJWPD6YXT0RNZL49E3HSU875KFVMQ2,11,11,1,0.595,13.38656,0.735998,0.721147,CBAGJWPDEYXTURNZL49ESHSUSTSKFVMQ2,0.181818,0.818182,point_previews/task000170_mu000064_rho070_n1.png
0.8,64,8,license_plate_bahnschrift.ttf,CBAGJWPD6YXT0RNZL49E3HSU875KFVMQ2,11,11,0,0.68,14.310835,0.701998,0.674571,CBAGJWPDAYXTURNZL49E3HSUB7SKFVMQ2,0.121212,0.878788,point_previews/task000170_mu000064_rho080_n0.png
0.8,64,8,license_plate_bahnschrift.ttf,CBAGJWPD6YXT0RNZL49E3HSU875KFVMQ2,11,11,1,0.68,14.310835,0.701998,0.674571,CBAGJWPD6YXTURNZL49E3HSUB75KFVYMQ2,0.090909,0.909091,point_previews/task000170_mu000064_rho080_n1.png
0.9,64,8,license_plate_bahnschrift.ttf,CBAGJWPD6YXT0RNZL49E3HSU875KFVMQ2,11,11,0,0.765,15.178933,0.668877,0.635992,CBAGJWPDSYXTURNZLS9ESHSUBTSKEVMQ2,0.242424,0.757576,point_previews/task000170_mu000064_rho090_n0.png
0.9,64,8,license_plate_bahnschrift.ttf,CBAGJWPD6YXT0RNZL49E3HSU875KFVMQ2,11,11,1,0.765,15.178933,0.668877,0.635992,CBAGJWPDSYXTRNZL49ESHSUB7SKFVMG2,0.181818,0.818182,point_previews/task000170_mu000064_rho090_n1.png
1.0,64,8,license_plate_bahnschrift.ttf,CBAGJWPD6YXT0RNZL49E3HSU875KFVMQ2,11,11,0,0.85,16.0,0.63662,0.603355,CBAGJWPDEYXTRNZL49E3HSUB875KFVMQ2,0.090909,0.909091,point_previews/task000170_mu000064_rho100_n0.png
1.0,64,8,license_plate_bahnschrift.ttf,CBAGJWPD6YXT0RNZL49E3HSU875KFVMQ2,11,11,1,0.85,16.0,0.63662,0.603355,CBAGJWPDEYXTRNZL49ESHSUB7T5KFVMQ2,0.151515,0.848485,point_previews/task000170_mu000064_rho100_n1.png
0.1,4,8,license_plate_bahnschrift.ttf,CBAGJWPD6YXT0RNZL49E3HSU875KFVMQ2,11,15,0,0.085,5.059644,0.959381,1.907975,RGNRCCRGEGSRRRGE,0.878788,0.121212,point_previews/task000171_mu000004_rho010_n0.png
0.1,4,8,license_plate_bahnschrift.ttf,CBAGJWPD6YXT0RNZL49E3HSU875KFVMQ2,11,15,1,0.085,5.059644,0.959381,1.907975,GCKCMBA,0.909091,0.090909,point_previews/task000171_mu000004_rho010_n1.png
0.2,4,8,license_plate_bahnschrift.ttf,CBAGJWPD6YXT0RNZL49E3HSU875KFVMQ2,11,15,0,0.17,7.155418,0.919759,1.349142,SFDSSMSSALATNNYSMTTAR,0.909091,0.090909,point_previews/task000171_mu000004_rho020_n0.png
0.2,4,8,license_plate_bahnschrift.ttf,CBAGJWPD6YXT0RNZL49E3HSU875KFVMQ2,11,15,1,0.17,7.155418,0.919759,1.349142,,1.0,0.0,point_previews/task000171_mu000004_rho020_n1.png
0.3,4,8,license_plate_bahnschrift.ttf,CBAGJWPD6YXT0RNZL49E3HSU875KFVMQ2,11,15,0,0.255,8.763561,0.881116,1.10157,RPPSRSR,0.909091,0.090909,point_previews/task000171_mu000004_rho030_n0.png
0.3,4,8,license_plate_bahnschrift.ttf,CBAGJWPD6YXT0RNZL49E3HSU875KFVMQ2,11,15,1,0.255,8.763561,0.881116,1.10157,RMCHENTYUERSALEEPAPVRBS,0.848485,0.151515,point_previews/task000171_mu000004_rho030_n1.png
0.4,4,8,license_plate_bahnschrift.ttf,CBAGJWPD6YXT0RNZL49E3HSU875KFVMQ2,11,15,0,0.34,10.119289,0.843436,0.953987,,1.0,0.0,point_previews/task000171_mu000004_rho040_n0.png
0.4,4,8,license_plate_bahnschrift.ttf,CBAGJWPD6YXT0RNZL49E3HSU875KFVMQ2,11,15,1,0.34,10.119289,0.843436,0.953987,NAERDPN,0.909091,0.090909,point_previews/task000171_mu000004_rho040_n1.png
0.5,4,8,license_plate_bahnschrift.ttf,CBAGJWPD6YXT0RNZL49E3HSU875KFVMQ2,11,15,0,0.425,11.313708,0.8067,0.853272,RUFTEENEARG8SRCRUEYCARH,0.909091,0.090909,point_previews/task000171_mu000004_rho050_n0.png
0.5,4,8,license_plate_bahnschrift.ttf,CBAGJWPD6YXT0RNZL49E3HSU875KFVMQ2,11,15,1,0.425,11.313708,0.8067,0.853272,URLSNNEERESBVGUBS,0.909091,0.090909,point_previews/task000171_mu000004_rho050_n1.png
0.6,4,8,license_plate_bahnschrift.ttf,CBAGJWPD6YXT0RNZL49E3HSU875KFVMQ2,11,15,0,0.51,12.393547,0.770893,0.778927,ARTNSFEMTSLMTRELRG,0.848485,0.151515,point_previews/task000171_mu000004_rho060_n0.png
0.6,4,8,license_plate_bahnschrift.ttf,CBAGJWPD6YXT0RNZL49E3HSU875KFVMQ2,11,15,1,0.51,12.393547,0.770893,0.778927,SPYSATTWCPG,0.909091,0.090909,point_previews/task000171_mu000004_rho060_n1.png
0.7,4,8,license_plate_bahnschrift.ttf,CBAGJWPD6YXT0RNZL49E3HSU875KFVMQ2,11,15,0,0.595,13.38656,0.735998,0.721147,MEMETGRTRERRTSSURT,0.878788,0.121212,point_previews/task000171_mu000004_rho070_n0.png
0.7,4,8,license_plate_bahnschrift.ttf,CBAGJWPD6YXT0RNZL49E3HSU875KFVMQ2,11,15,1,0.595,13.38656,0.735998,0.721147,RST,0.939394,0.060606,point_previews/task000171_mu000004_rho070_n1.png
0.8,4,8,license_plate_bahnschrift.ttf,CBAGJWPD6YXT0RNZL49E3HSU875KFVMQ2,11,15,0,0.68,14.310835,0.701998,0.674571,,1.0,0.0,point_previews/task000171_mu000004_rho080_n0.png
0.8,4,8,license_plate_bahnschrift.ttf,CBAGJWPD6YXT0RNZL49E3HSU875KFVMQ2,11,15,1,0.68,14.310835,0.701998,0.674571,BCREMERTLCTAED,0.909091,0.090909,point_previews/task000171_mu000004_rho080_n1.png
0.9,4,8,license_plate_bahnschrift.ttf,CBAGJWPD6YXT0RNZL49E3HSU875KFVMQ2,11,15,0,0.765,15.178933,0.668877,0.635992,AMBUASNPTSHPEEREN,0.909091,0.090909,point_previews/task000171_mu000004_rho090_n0.png
0.9,4,8,license_plate_bahnschrift.ttf,CBAGJWPD6YXT0RNZL49E3HSU875KFVMQ2,11,15,1,0.765,15.178933,0.668877,0.635992,WURAEEEALSHEUSERDWRCEFSLEPERATED,0.939394,0.060606,point_previews/task000171_mu000004_rho090_n1.png
1.0,4,8,license_plate_bahnschrift.ttf,CBAGJWPD6YXT0RNZL49E3HSU875KFVMQ2,11,15,0,0.85,16.0,0.63662,0.603355,,1.0,0.0,point_previews/task000171_mu000004_rho100_n0.png
1.0,4,8,license_plate_bahnschrift.ttf,CBAGJWPD6YXT0RNZL49E3HSU875KFVMQ2,11,15,1,0.85,16.0,0.63662,0.603355,ERESARYREJERCALEERR,0.909091,0.090909,point_previews/task000171_mu000004_rho100_n1.png
0.1,6,8,license_plate_bahnschrift.ttf,CBAGJWPD6YXT0RNZL49E3HSU875KFVMQ2,11,15,0,0.085,5.059644,0.959381,1.907975,,1.0,0.0,point_previews/task000172_mu000006_rho010_n0.png
0.1,6,8,license_plate_bahnschrift.ttf,CBAGJWPD6YXT0RNZL49E3HSU875KFVMQ2,11,15,1,0.085,5.059644,0.959381,1.907975,TEESR5PEMARESTALLAESE,0.878788,0.121212,point_previews/task000172_mu000006_rho010_n1.png
0.2,6,8,license_plate_bahnschrift.ttf,CBAGJWPD6YXT0RNZL49E3HSU875KFVMQ2,11,15,0,0.17,7.155418,0.919759,1.349142,NERRLTS,0.909091,0.090909,point_previews/task000172_mu000006_rho020_n0.png
0.2,6,8,license_plate_bahnschrift.ttf,CBAGJWPD6YXT0RNZL49E3HSU875KFVMQ2,11,15,1,0.17,7.155418,0.919759,1.349142,BWRMSTAEARURPES,0.848485,0.151515,point_previews/task000172_mu000006_rho020_n1.png
0.3,6,8,license_plate_bahnschrift.ttf,CBAGJWPD6YXT0RNZL49E3HSU875KFVMQ2,11,15,0,0.255,8.763561,0.881116,1.10157,SRTPCPAHE,0.939394,0.060606,point_previews/task000172_mu000006_rho030_n0.png
0.3,6,8,license_plate_bahnschrift.ttf,CBAGJWPD6YXT0RNZL49E3HSU875KFVMQ2,11,15,1,0.255,8.763561,0.881116,1.10157,PRMCASETBRSRRLTH,0.909091,0.090909,point_previews/task000172_mu000006_rho030_n1.png
0.4,6,8,license_plate_bahnschrift.ttf,CBAGJWPD6YXT0RNZL49E3HSU875KFVMQ2,11,15,0,0.34,10.119289,0.843436,0.953987,MASEERARMSFGTRE,0.878788,0.121212,point_previews/task000172_mu000006_rho040_n0.png
0.4,6,8,license_plate_bahnschrift.ttf,CBAGJWPD6YXT0RNZL49E3HSU875KFVMQ2,11,15,1,0.34,10.119289,0.843436,0.953987,,1.0,0.0,point_previews/task000172_mu000006_rho040_n1.png
0.5,6,8,license_plate_bahnschrift.ttf,CBAGJWPD6YXT0RNZL49E3HSU875KFVMQ2,11,15,0,0.425,11.313708,0.8067,0.853272,SSRNRAAAGES,0.909091,0.090909,point_previews/task000172_mu000006_rho050_n0.png
0.5,6,8,license_plate_bahnschrift.ttf,CBAGJWPD6YXT0RNZL49E3HSU875KFVMQ2,11,15,1,0.425,11.313708,0.8067,0.853272,GRVESSEEMRNTPY,0.878788,0.121212,point_previews/task000172_mu000006_rho050_n1.png
0.6,6,8,license_plate_bahnschrift.ttf,CBAGJWPD6YXT0RNZL49E3HSU875KFVMQ2,11,15,0,0.51,12.393547,0.770893,0.778927,AGREES,0.848485,0.151515,point_previews/task000172_mu000006_rho060_n0.png
0.6,6,8,license_plate_bahnschrift.ttf,CBAGJWPD6YXT0RNZL49E3HSU875KFVMQ2,11,15,1,0.51,12.393547,0.770893,0.778927,RHTEATERNYSSFAPECWAE,0.878788,0.121212,point_previews/task000172_mu000006_rho060_n1.png
0.7,6,8,license_plate_bahnschrift.ttf,CBAGJWPD6YXT0RNZL49E3HSU875KFVMQ2,11,15,0,0.595,13.38656,0.735998,0.721147,LCUAARREPCGRAWALSSMTY,0.878788,0.121212,point_previews/task000172_mu000006_rho070_n0.png
0.7,6,8,license_plate_bahnschrift.ttf,CBAGJWPD6YXT0RNZL49E3HSU875KFVMQ2,11,15,1,0.595,13.38656,0.735998,0.721147,EACHMPTAYNTERMALSSNSSTTSKRME,0.727273,0.272727,point_previews/task000172_mu000006_rho070_n1.png
0.8,6,8,license_plate_bahnschrift.ttf,CBAGJWPD6YXT0RNZL49E3HSU875KFVMQ2,11,15,0,0.68,14.310835,0.701998,0.674571,SRERSHAHTGERPRENSEPATS8APC9,0.909091,0.090909,point_previews/task000172_mu000006_rho080_n0.png
0.8,6,8,license_plate_bahnschrift.ttf,CBAGJWPD6YXT0RNZL49E3HSU875KFVMQ2,11,15,1,0.68,14.310835,0.701998,0.674571,CRADPAPCERTLASEURSGARPREL,0.787879,0.212121,point_previews/task000172_mu000006_rho080_n1.png
0.9,6,8,license_plate_bahnschrift.ttf,CBAGJWPD6YXT0RNZL49E3HSU875KFVMQ2,11,15,0,0.765,15.178933,0.668877,0.635992,PREGMNUPESETARERGUETSURTTGSSAR,0.818182,0.181818,point_previews/task000172_mu000006_rho090_n0.png
0.9,6,8,license_plate_bahnschrift.ttf,CBAGJWPD6YXT0RNZL49E3HSU875KFVMQ2,11,15,1,0.765,15.178933,0.668877,0.635992,SCRADSYPDEENTARNZLATESPNCAN2,0.666667,0.333333,point_previews/task000172_mu000006_rho090_n1.png
1.0,6,8,license_plate_bahnschrift.ttf,CBAGJWPD6YXT0RNZL49E3HSU875KFVMQ2,11,15,0,0.85,16.0,0.63662,0.603355,HBRFWPYAVETARNSLAREAERUTNEMRAD,0.727273,0.272727,point_previews/task000172_mu000006_rho100_n0.png
1.0,6,8,license_plate_bahnschrift.ttf,CBAGJWPD6YXT0RNZL49E3HSU875KFVMQ2,11,15,1,0.85,16.0,0.63662,0.603355,SEBAGBWPDSYNTARNZERTEBCEUSTNSME,0.606061,0.393939,point_previews/task000172_mu000006_rho100_n1.png
0.1,8,8,license_plate_bahnschrift.ttf,CBAGJWPD6YXT0RNZL49E3HSU875KFVMQ2,11,15,0,0.085,5.059644,0.959381,1.907975,SRERAMRRCNMRLLT,0.939394,0.060606,point_previews/task000173_mu000008_rho010_n0.png
0.1,8,8,license_plate_bahnschrift.ttf,CBAGJWPD6YXT0RNZL49E3HSU875KFVMQ2,11,15,1,0.085,5.059644,0.959381,1.907975,SSTAGRENBELB,0.909091,0.090909,point_previews/task000173_mu000008_rho010_n1.png
0.2,8,8,license_plate_bahnschrift.ttf,CBAGJWPD6YXT0RNZL49E3HSU875KFVMQ2,11,15,0,0.17,7.155418,0.919759,1.349142,SSSEASSSNSRRRAEEATSRTARET,0.909091,0.090909,point_previews/task000173_mu000008_rho020_n0.png
0.2,8,8,license_plate_bahnschrift.ttf,CBAGJWPD6YXT0RNZL49E3HSU875KFVMQ2,11,15,1,0.17,7.155418,0.919759,1.349142,BPGMNUTEEUS,0.848485,0.151515,point_previews/task000173_mu000008_rho020_n1.png
0.3,8,8,license_plate_bahnschrift.ttf,CBAGJWPD6YXT0RNZL49E3HSU875KFVMQ2,11,15,0,0.255,8.763561,0.881116,1.10157,SDSRSARNGSACETAYENG,0.878788,0.121212,point_previews/task000173_mu000008_rho030_n0.png
0.3,8,8,license_plate_bahnschrift.ttf,CBAGJWPD6YXT0RNZL49E3HSU875KFVMQ2,11,15,1,0.255,8.763561,0.881116,1.10157,RAECTNTEEEB,0.878788,0.121212,point_previews/task000173_mu000008_rho030_n1.png
0.4,8,8,license_plate_bahnschrift.ttf,CBAGJWPD6YXT0RNZL49E3HSU875KFVMQ2,11,15,0,0.34,10.119289,0.843436,0.953987,RRSTETENTDRTEHRHSUBTME,0.818182,0.181818,point_previews/task000173_mu000008_rho040_n0.png
0.4,8,8,license_plate_bahnschrift.ttf,CBAGJWPD6YXT0RNZL49E3HSU875KFVMQ2,11,15,1,0.34,10.119289,0.843436,0.953987,PAREUPBCRTELLRRSE,0.848485,0.151515,point_previews/task000173_mu000008_rho040_n1.png
0.5,8,8,license_plate_bahnschrift.ttf,CBAGJWPD6YXT0RNZL49E3HSU875KFVMQ2,11,15,0,0.425,11.313708,0.8067,0.853272,EPRTSHRESETUR2LS,0.878788,0.121212,point_previews/task000173_mu000008_rho050_n0.png
0.5,8,8,license_plate_bahnschrift.ttf,CBAGJWPD6YXT0RNZL49E3HSU875KFVMQ2,11,15,1,0.425,11.313708,0.8067,0.853272,ERUAPLANEHRRATP,0.878788,0.121212,point_previews/task000173_mu000008_rho050_n1.png
0.6,8,8,license_plate_bahnschrift.ttf,CBAGJWPD6YXT0RNZL49E3HSU875KFVMQ2,11,15,0,0.51,12.393547,0.770893,0.778927,SSRREAURTAERTURNTENSATATATUUNS,0.878788,0.121212,point_previews/task000173_mu000008_rho060_n0.png
0.6,8,8,license_plate_bahnschrift.ttf,CBAGJWPD6YXT0RNZL49E3HSU875KFVMQ2,11,15,1,0.51,12.393547,0.770893,0.778927,CRERASWHDESTERNARRETAG,0.818182,0.181818,point_previews/task000173_mu000008_rho060_n1.png
0.7,8,8,license_plate_bahnschrift.ttf,CBAGJWPD6YXT0RNZL49E3HSU875KFVMQ2,11,15,0,0.595,13.38656,0.735998,0.721147,PSHAPLPCTUNELRHSBTERES,0.818182,0.181818,point_previews/task000173_mu000008_rho070_n0.png
0.7,8,8,license_plate_bahnschrift.ttf,CBAGJWPD6YXT0RNZL49E3HSU875KFVMQ2,11,15,1,0.595,13.38656,0.735998,0.721147,SRARUWPCCRNLAERSU,0.727273,0.272727,point_previews/task000173_mu000008_rho070_n1.png
0.8,8,8,license_plate_bahnschrift.ttf,CBAGJWPD6YXT0RNZL49E3HSU875KFVMQ2,11,15,0,0.68,14.310835,0.701998,0.674571,AEASTMPDEATURNLWRMSHTSEUALZ,0.757576,0.242424,point_previews/task000173_mu000008_rho080_n0.png
0.8,8,8,license_plate_bahnschrift.ttf,CBAGJWPD6YXT0RNZL49E3HSU875KFVMQ2,11,15,1,0.68,14.310835,0.701998,0.674571,SCBAQMEDERTANHBSESBSURTEREMMGS,0.727273,0.272727,point_previews/task000173_mu000008_rho080_n1.png
0.9,8,8,license_plate_bahnschrift.ttf,CBAGJWPD6YXT0RNZL49E3HSU875KFVMQ2,11,15,0,0.765,15.178933,0.668877,0.635992,TEAGHAPTGYRERN2RAPESNSUSTEUS,0.727273,0.272727,point_previews/task000173_mu000008_rho090_n0.png
0.9,8,8,license_plate_bahnschrift.ttf,CBAGJWPD6YXT0RNZL49E3HSU875KFVMQ2,11,15,1,0.765,15.178933,0.668877,0.635992,LEASWARDEYSREZLWPANSUSTSREC,0.757576,0.242424,point_previews/task000173_mu000008_rho090_n1.png
1.0,8,8,license_plate_bahnschrift.ttf,CBAGJWPD6YXT0RNZL49E3HSU875KFVMQ2,11,15,0,0.85,16.0,0.63662,0.603355,SRAGTNPSEYETURZELESHSUATSRENMDE,0.636364,0.363636,point_previews/task000173_mu000008_rho100_n0.png
1.0,8,8,license_plate_bahnschrift.ttf,CBAGJWPD6YXT0RNZL49E3HSU875KFVMQ2,11,15,1,0.85,16.0,0.63662,0.603355,CBASWPUSARNZLAPEMSUSTSKAVEADD,0.606061,0.393939,point_previews/task000173_mu000008_rho100_n1.png
0.1,11,8,license_plate_bahnschrift.ttf,CBAGJWPD6YXT0RNZL49E3HSU875KFVMQ2,11,15,0,0.085,5.059644,0.959381,1.907975,ELASAUPESERENSSAA,0.848485,0.151515,point_previews/task000174_mu000011_rho010_n0.png
0.1,11,8,license_plate_bahnschrift.ttf,CBAGJWPD6YXT0RNZL49E3HSU875KFVMQ2,11,15,1,0.085,5.059644,0.959381,1.907975,,1.0,0.0,point_previews/task000174_mu000011_rho010_n1.png
0.2,11,8,license_plate_bahnschrift.ttf,CBAGJWPD6YXT0RNZL49E3HSU875KFVMQ2,11,15,0,0.17,7.155418,0.919759,1.349142,SRRATGRRARETERRMA,0.878788,0.121212,point_previews/task000174_mu000011_rho020_n0.png
0.2,11,8,license_plate_bahnschrift.ttf,CBAGJWPD6YXT0RNZL49E3HSU875KFVMQ2,11,15,1,0.17,7.155418,0.919759,1.349142,DSPERACSEPAG3,0.909091,0.090909,point_previews/task000174_mu000011_rho020_n1.png
0.3,11,8,license_plate_bahnschrift.ttf,CBAGJWPD6YXT0RNZL49E3HSU875KFVMQ2,11,15,0,0.255,8.763561,0.881116,1.10157,,1.0,0.0,point_previews/task000174_mu000011_rho030_n0.png
0.3,11,8,license_plate_bahnschrift.ttf,CBAGJWPD6YXT0RNZL49E3HSU875KFVMQ2,11,15,1,0.255,8.763561,0.881116,1.10157,ERARUNESNATLADSLMERE,0.878788,0.121212,point_previews/task000174_mu000011_rho030_n1.png
0.4,11,8,license_plate_bahnschrift.ttf,CBAGJWPD6YXT0RNZL49E3HSU875KFVMQ2,11,15,0,0.34,10.119289,0.843436,0.953987,BRACWRAAYRRMASESHESEETD,0.818182,0.181818,point_previews/task000174_mu000011_rho040_n0.png
0.4,11,8,license_plate_bahnschrift.ttf,CBAGJWPD6YXT0RNZL49E3HSU875KFVMQ2,11,15,1,0.34,10.119289,0.843436,0.953987,CEANSWARTHPSESHASAENARND,0.818182,0.181818,point_previews/task000174_mu000011_rho040_n1.png
0.5,11,8,license_plate_bahnschrift.ttf,CBAGJWPD6YXT0RNZL49E3HSU875KFVMQ2,11,15,0,0.425,11.313708,0.8067,0.853272,CEASUWPRSYATUREARERMSHSZERENS,0.727273,0.272727,point_previews/task000174_mu000011_rho050_n0.png
0.5,11,8,license_plate_bahnschrift.ttf,CBAGJWPD6YXT0RNZL49E3HSU875KFVMQ2,11,15,1,0.425,11.313708,0.8067,0.853272,CESSAWPDAETTSRN2LRRSETAS,0.727273,0.272727,point_previews/task000174_mu000011_rho050_n1.png
0.6,11,8,license_plate_bahnschrift.ttf,CBAGJWPD6YXT0RNZL49E3HSU875KFVMQ2,11,15,0,0.51,12.393547,0.770893,0.778927,ERASPTDSYXSRNALAGCANCATSKEYM,0.727273,0.272727,point_previews/task000174_mu000011_rho060_n0.png
0.6,11,8,license_plate_bahnschrift.ttf,CBAGJWPD6YXT0RNZL49E3HSU875KFVMQ2,11,15,1,0.51,12.393547,0.770893,0.778927,SPBASWPTGDTERZATESRSUTEXEMDS,0.69697,0.30303,point_previews/task000174_mu000011_rho060_n1.png
0.7,11,8,license_plate_bahnschrift.ttf,CBAGJWPD6YXT0RNZL49E3HSU875KFVMQ2,11,15,0,0.595,13.38656,0.735998,0.721147,SSRACTNPAEYTURNELGPESHSETSRENMG,0.69697,0.30303,point_previews/task000174_mu000011_rho070_n0.png
0.7,11,8,license_plate_bahnschrift.ttf,CBAGJWPD6YXT0RNZL49E3HSU875KFVMQ2,11,15,1,0.595,13.38656,0.735998,0.721147,CRASJARDUSRTRAZEATESESHATSREUMDT,0.69697,0.30303,point_previews/task000174_mu000011_rho070_n1.png
0.8,11,8,license_plate_bahnschrift.ttf,CBAGJWPD6YXT0RNZL49E3HSU875KFVMQ2,11,15,0,0.68,14.310835,0.701998,0.674571,SBASWPUSXTNANZLEVESHGUSTSREVMUL,0.575758,0.424242,point_previews/task000174_mu000011_rho080_n0.png
0.8,11,8,license_plate_bahnschrift.ttf,CBAGJWPD6YXT0RNZL49E3HSU875KFVMQ2,11,15,1,0.68,14.310835,0.701998,0.674571,SRASPNEDEYNTGRNZEAARSERTSKPVMDS,0.666667,0.333333,point_previews/task000174_mu000011_rho080_n1.png
0.9,11,8,license_plate_bahnschrift.ttf,CBAGJWPD6YXT0RNZL49E3HSU875KFVMQ2,11,15,0,0.765,15.178933,0.668877,0.635992,,1.0,0.0,point_previews/task000174_mu000011_rho090_n0.png
0.9,11,8,license_plate_bahnschrift.ttf,CBAGJWPD6YXT0RNZL49E3HSU875KFVMQ2,11,15,1,0.765,15.178933,0.668877,0.635992,CBAGWPDSRTNNTLSTEARSUEREREVM,0.545455,0.454545,point_previews/task000174_mu000011_rho090_n1.png
1.0,11,8,license_plate_bahnschrift.ttf,CBAGJWPD6YXT0RNZL49E3HSU875KFVMQ2,11,15,0,0.85,16.0,0.63662,0.603355,,1.0,0.0,point_previews/task000174_mu000011_rho100_n0.png
1.0,11,8,license_plate_bahnschrift.ttf,CBAGJWPD6YXT0RNZL49E3HSU875KFVMQ2,11,15,1,0.85,16.0,0.63662,0.603355,CAAGWPDSYCTSRNZLUETHSURTSAEVMAD,0.454545,0.545455,point_previews/task000174_mu000011_rho100_n1.png
0.1,16,8,license_plate_bahnschrift.ttf,CBAGJWPD6YXT0RNZL49E3HSU875KFVMQ2,11,15,0,0.085,5.059644,0.959381,1.907975,RPANELGNAMSEPCRRENSTES,0.909091,0.090909,point_previews/task000175_mu000016_rho010_n0.png
0.1,16,8,license_plate_bahnschrift.ttf,CBAGJWPD6YXT0RNZL49E3HSU875KFVMQ2,11,15,1,0.085,5.059644,0.959381,1.907975,PARRSERERRMPRSSLAEN,0.878788,0.121212,point_previews/task000175_mu000016_rho010_n1.png
0.2,16,8,license_plate_bahnschrift.ttf,CBAGJWPD6YXT0RNZL49E3HSU875KFVMQ2,11,15,0,0.17,7.155418,0.919759,1.349142,LRNELPNSKMRLARTDSDAPS,0.878788,0.121212,point_previews/task000175_mu000016_rho020_n0.png
0.2,16,8,license_plate_bahnschrift.ttf,CBAGJWPD6YXT0RNZL49E3HSU875KFVMQ2,11,15,1,0.17,7.155418,0.919759,1.349142,USRPRGSRWTURAASREEGUNTRREAE,0.878788,0.121212,point_previews/task000175_mu000016_rho020_n1.png
0.3,16,8,license_plate_bahnschrift.ttf,CBAGJWPD6YXT0RNZL49E3HSU875KFVMQ2,11,15,0,0.255,8.763561,0.881116,1.10157,SEAGMPGYMTURMLERGEHABSME,0.727273,0.272727,point_previews/task000175_mu000016_rho030_n0.png
0.3,16,8,license_plate_bahnschrift.ttf,CBAGJWPD6YXT0RNZL49E3HSU875KFVMQ2,11,15,1,0.255,8.763561,0.881116,1.10157,APRLENEDDEYHRMFERTEHESUGPHREALS,0.848485,0.151515,point_previews/task000175_mu000016_rho030_n1.png
0.4,16,8,license_plate_bahnschrift.ttf,CBAGJWPD6YXT0RNZL49E3HSU875KFVMQ2,11,15,0,0.34,10.119289,0.843436,0.953987,EEAGPDSYETURMELERRLATSKSVMB,0.636364,0.363636,point_previews/task000175_mu000016_rho040_n0.png
0.4,16,8,license_plate_bahnschrift.ttf,CBAGJWPD6YXT0RNZL49E3HSU875KFVMQ2,11,15,1,0.34,10.119289,0.843436,0.953987,CRAGJWEDEXXPRNDLAPEMSETS4RUNDS,0.636364,0.363636,point_previews/task000175_mu000016_rho040_n1.png
0.5,16,8,license_plate_bahnschrift.ttf,CBAGJWPD6YXT0RNZL49E3HSU875KFVMQ2,11,15,0,0.425,11.313708,0.8067,0.853272,,1.0,0.0,point_previews/task000175_mu000016_rho050_n0.png
0.5,16,8,license_plate_bahnschrift.ttf,CBAGJWPD6YXT0RNZL49E3HSU875KFVMQ2,11,15,1,0.425,11.313708,0.8067,0.853272,CHAGWPDSETRNDLGPGHEGAFEREVMGD,0.606061,0.393939,point_previews/task000175_mu000016_rho050_n1.png
0.6,16,8,license_plate_bahnschrift.ttf,CBAGJWPD6YXT0RNZL49E3HSU875KFVMQ2,11,15,0,0.51,12.393547,0.770893,0.778927,,1.0,0.0,point_previews/task000175_mu000016_rho060_n0.png
0.6,16,8,license_plate_bahnschrift.ttf,CBAGJWPD6YXT0RNZL49E3HSU875KFVMQ2,11,15,1,0.51,12.393547,0.770893,0.778927,CHAGSWPDBYRTGRNELGPESHSUSTSKPVMES,0.454545,0.545455,point_previews/task000175_mu000016_rho060_n1.png
0.7,16,8,license_plate_bahnschrift.ttf,CBAGJWPD6YXT0RNZL49E3HSU875KFVMQ2,11,15,0,0.595,13.38656,0.735998,0.721147,,1.0,0.0,point_previews/task000175_mu000016_rho070_n0.png
0.7,16,8,license_plate_bahnschrift.ttf,CBAGJWPD6YXT0RNZL49E3HSU875KFVMQ2,11,15,1,0.595,13.38656,0.735998,0.721147,,1.0,0.0,point_previews/task000175_mu000016_rho070_n1.png
0.8,16,8,license_plate_bahnschrift.ttf,CBAGJWPD6YXT0RNZL49E3HSU875KFVMQ2,11,15,0,0.68,14.310835,0.701998,0.674571,,1.0,0.0,point_previews/task000175_mu000016_rho080_n0.png
0.8,16,8,license_plate_bahnschrift.ttf,CBAGJWPD6YXT0RNZL49E3HSU875KFVMQ2,11,15,1,0.68,14.310835,0.701998,0.674571,,1.0,0.0,point_previews/task000175_mu000016_rho080_n1.png
0.9,16,8,license_plate_bahnschrift.ttf,CBAGJWPD6YXT0RNZL49E3HSU875KFVMQ2,11,15,0,0.765,15.178933,0.668877,0.635992,,1.0,0.0,point_previews/task000175_mu000016_rho090_n0.png
0.9,16,8,license_plate_bahnschrift.ttf,CBAGJWPD6YXT0RNZL49E3HSU875KFVMQ2,11,15,1,0.765,15.178933,0.668877,0.635992,,1.0,0.0,point_previews/task000175_mu000016_rho090_n1.png
1.0,16,8,license_plate_bahnschrift.ttf,CBAGJWPD6YXT0RNZL49E3HSU875KFVMQ2,11,15,0,0.85,16.0,0.63662,0.603355,CBAGUWPDSXTURNZLAPESHSUBTSKEUMZ,0.424242,0.575758,point_previews/task000175_mu000016_rho100_n0.png
1.0,16,8,license_plate_bahnschrift.ttf,CBAGJWPD6YXT0RNZL49E3HSU875KFVMQ2,11,15,1,0.85,16.0,0.63662,0.603355,,1.0,0.0,point_previews/task000175_mu000016_rho100_n1.png
0.1,23,8,license_plate_bahnschrift.ttf,CBAGJWPD6YXT0RNZL49E3HSU875KFVMQ2,11,15,0,0.085,5.059644,0.959381,1.907975,STATANAMYPMGR,0.878788,0.121212,point_previews/task000176_mu000023_rho010_n0.png
0.1,23,8,license_plate_bahnschrift.ttf,CBAGJWPD6YXT0RNZL49E3HSU875KFVMQ2,11,15,1,0.085,5.059644,0.959381,1.907975,ANPRNEREREES,0.818182,0.181818,point_previews/task000176_mu000023_rho010_n1.png
0.2,23,8,license_plate_bahnschrift.ttf,CBAGJWPD6YXT0RNZL49E3HSU875KFVMQ2,11,15,0,0.17,7.155418,0.919759,1.349142,SBRRTEPUALEAERBURTM,0.818182,0.181818,point_previews/task000176_mu000023_rho020_n0.png
0.2,23,8,license_plate_bahnschrift.ttf,CBAGJWPD6YXT0RNZL49E3HSU875KFVMQ2,11,15,1,0.17,7.155418,0.919759,1.349142,ACENSHRDESERTURNELAGESEALRCARMEAGT,0.848485,0.151515,point_previews/task000176_mu000023_rho020_n1.png
0.3,23,8,license_plate_bahnschrift.ttf,CBAGJWPD6YXT0RNZL49E3HSU875KFVMQ2,11,15,0,0.255,8.763561,0.881116,1.10157,SBASWPDSTURNZLESHSUBTSREVAD,0.545455,0.454545,point_previews/task000176_mu000023_rho030_n0.png
0.3,23,8,license_plate_bahnschrift.ttf,CBAGJWPD6YXT0RNZL49E3HSU875KFVMQ2,11,15,1,0.255,8.763561,0.881116,1.10157,CBKEWETRYRTRNZEASESRSHEPGANGE,0.69697,0.30303,point_previews/task000176_mu000023_rho030_n1.png
0.4,23,8,license_plate_bahnschrift.ttf,CBAGJWPD6YXT0RNZL49E3HSU875KFVMQ2,11,15,0,0.34,10.119289,0.843436,0.953987,,1.0,0.0,point_previews/task000176_mu000023_rho040_n0.png
0.4,23,8,license_plate_bahnschrift.ttf,CBAGJWPD6YXT0RNZL49E3HSU875KFVMQ2,11,15,1,0.34,10.119289,0.843436,0.953987,SCBAGAYRDAYXTRNALESRSUSTSKEMGZ,0.545455,0.454545,point_previews/task000176_mu000023_rho040_n1.png
0.5,23,8,license_plate_bahnschrift.ttf,CBAGJWPD6YXT0RNZL49E3HSU875KFVMQ2,11,15,0,0.425,11.313708,0.8067,0.853272,CBAGNPDSYXTURNZLATESHSUSTSREVMAZ,0.424242,0.575758,point_previews/task000176_mu000023_rho050_n0.png
0.5,23,8,license_plate_bahnschrift.ttf,CBAGJWPD6YXT0RNZL49E3HSU875KFVMQ2,11,15,1,0.425,11.313708,0.8067,0.853272,,1.0,0.0,point_previews/task000176_mu000023_rho050_n1.png
0.6,23,8,license_plate_bahnschrift.ttf,CBAGJWPD6YXT0RNZL49E3HSU875KFVMQ2,11,15,0,0.51,12.393547,0.770893,0.778927,QBAGJWPURYRTQRNZLAPESMSUBTSKEYM02,0.454545,0.545455,point_previews/task000176_mu000023_rho060_n0.png
0.6,23,8,license_plate_bahnschrift.ttf,CBAGJWPD6YXT0RNZL49E3HSU875KFVMQ2,11,15,1,0.51,12.393547,0.770893,0.778927,,1.0,0.0,point_previews/task000176_mu000023_rho060_n1.png
0.7,23,8,license_plate_bahnschrift.ttf,CBAGJWPD6YXT0RNZL49E3HSU875KFVMQ2,11,15,0,0.595,13.38656,0.735998,0.721147,,1.0,0.0,point_previews/task000176_mu000023_rho070_n0.png
0.7,23,8,license_plate_bahnschrift.ttf,CBAGJWPD6YXT0RNZL49E3HSU875KFVMQ2,11,15,1,0.595,13.38656,0.735998,0.721147,SBAGWPDSYXTURNZLG9ESKSUBTSKEVMZ,0.393939,0.606061,point_previews/task000176_mu000023_rho070_n1.png
0.8,23,8,license_plate_bahnschrift.ttf,CBAGJWPD6YXT0RNZL49E3HSU875KFVMQ2,11,15,0,0.68,14.310835,0.701998,0.674571,,1.0,0.0,point_previews/task000176_mu000023_rho080_n0.png
0.8,23,8,license_plate_bahnschrift.ttf,CBAGJWPD6YXT0RNZL49E3HSU875KFVMQ2,11,15,1,0.68,14.310835,0.701998,0.674571,,1.0,0.0,point_previews/task000176_mu000023_rho080_n1.png
0.9,23,8,license_plate_bahnschrift.ttf,CBAGJWPD6YXT0RNZL49E3HSU875KFVMQ2,11,15,0,0.765,15.178933,0.668877,0.635992,CBAGJWPDSYXTRNZL4YE3HSUB7SKEVMG2,0.212121,0.787879,point_previews/task000176_mu000023_rho090_n0.png
0.9,23,8,license_plate_bahnschrift.ttf,CBAGJWPD6YXT0RNZL49E3HSU875KFVMQ2,11,15,1,0.765,15.178933,0.668877,0.635992,CBAGJWPDSYXTURNZUATESHSUBTSKFVMG2,0.30303,0.69697,point_previews/task000176_mu000023_rho090_n1.png
1.0,23,8,license_plate_bahnschrift.ttf,CBAGJWPD6YXT0RNZL49E3HSU875KFVMQ2,11,15,0,0.85,16.0,0.63662,0.603355,,1.0,0.0,point_previews/task000176_mu000023_rho100_n0.png
1.0,23,8,license_plate_bahnschrift.ttf,CBAGJWPD6YXT0RNZL49E3HSU875KFVMQ2,11,15,1,0.85,16.0,0.63662,0.603355,,1.0,0.0,point_previews/task000176_mu000023_rho100_n1.png
0.1,32,8,license_plate_bahnschrift.ttf,CBAGJWPD6YXT0RNZL49E3HSU875KFVMQ2,11,15,0,0.085,5.059644,0.959381,1.907975,URNTARETTSSRA,0.878788,0.121212,point_previews/task000177_mu000032_rho010_n0.png
0.1,32,8,license_plate_bahnschrift.ttf,CBAGJWPD6YXT0RNZL49E3HSU875KFVMQ2,11,15,1,0.085,5.059644,0.959381,1.907975,SRESPAPDRASPR9PRLTMATR,0.878788,0.121212,point_previews/task000177_mu000032_rho010_n1.png
0.2,32,8,license_plate_bahnschrift.ttf,CBAGJWPD6YXT0RNZL49E3HSU875KFVMQ2,11,15,0,0.17,7.155418,0.919759,1.349142,CHAGJNPEAENTURNZEAPLAMSURTSKEVNG,0.606061,0.393939,point_previews/task000177_mu000032_rho020_n0.png
0.2,32,8,license_plate_bahnschrift.ttf,CBAGJWPD6YXT0RNZL49E3HSU875KFVMQ2,11,15,1,0.17,7.155418,0.919759,1.349142,,1.0,0.0,point_previews/task000177_mu000032_rho020_n1.png
0.3,32,8,license_plate_bahnschrift.ttf,CBAGJWPD6YXT0RNZL49E3HSU875KFVMQ2,11,15,0,0.255,8.763561,0.881116,1.10157,CBAGJPDSYXTARNZLAVESRSUBTEKEYMGZ,0.424242,0.575758,point_previews/task000177_mu000032_rho030_n0.png
0.3,32,8,license_plate_bahnschrift.ttf,CBAGJWPD6YXT0RNZL49E3HSU875KFVMQ2,11,15,1,0.255,8.763561,0.881116,1.10157,BAGJWPDEYXTURNZLA9ESMSURTSHEVMDD,0.393939,0.606061,point_previews/task000177_mu000032_rho030_n1.png
0.4,32,8,license_plate_bahnschrift.ttf,CBAGJWPD6YXT0RNZL49E3HSU875KFVMQ2,11,15,0,0.34,10.119289,0.843436,0.953987,CEAGJWPDETATRNZLATESHSUSTSKEVE,0.454545,0.545455,point_previews/task000177_mu000032_rho040_n0.png
0.4,32,8,license_plate_bahnschrift.ttf,CBAGJWPD6YXT0RNZL49E3HSU875KFVMQ2,11,15,1,0.34,10.119289,0.843436,0.953987,CBAGJWPDEYXTCRNZLAPESHSUBTSKEVMGZ,0.333333,0.666667,point_previews/task000177_mu000032_rho040_n1.png
0.5,32,8,license_plate_bahnschrift.ttf,CBAGJWPD6YXT0RNZL49E3HSU875KFVMQ2,11,15,0,0.425,11.313708,0.8067,0.853272,,1.0,0.0,point_previews/task000177_mu000032_rho050_n0.png
0.5,32,8,license_plate_bahnschrift.ttf,CBAGJWPD6YXT0RNZL49E3HSU875KFVMQ2,11,15,1,0.425,11.313708,0.8067,0.853272,CBAGJWPDSYXTURNZLATESHSURTSKEVEMUZ,0.363636,0.636364,point_previews/task000177_mu000032_rho050_n1.png
0.6,32,8,license_plate_bahnschrift.ttf,CBAGJWPD6YXT0RNZL49E3HSU875KFVMQ2,11,15,0,0.51,12.393547,0.770893,0.778927,CBAGJWPDSYXTURNZLAPESHSUBTSKEVMA2,0.30303,0.69697,point_previews/task000177_mu000032_rho060_n0.png
0.6,32,8,license_plate_bahnschrift.ttf,CBAGJWPD6YXT0RNZL49E3HSU875KFVMQ2,11,15,1,0.51,12.393547,0.770893,0.778927,CBACJWPDSYXTURNZL49EGHSUSTSKENMG2,0.30303,0.69697,point_previews/task000177_mu000032_rho060_n1.png
0.7,32,8,license_plate_bahnschrift.ttf,CBAGJWPD6YXT0RNZL49E3HSU875KFVMQ2,11,15,0,0.595,13.38656,0.735998,0.721147,CBAGUWPDSYXTRNZLAPESHSUSTSKEVMGZ,0.363636,0.636364,point_previews/task000177_mu000032_rho070_n0.png
0.7,32,8,license_plate_bahnschrift.ttf,CBAGJWPD6YXT0RNZL49E3HSU875KFVMQ2,11,15,1,0.595,13.38656,0.735998,0.721147,CBAGJWPDSYXTURNZLAFESHSUBTSKEVMG2,0.30303,0.69697,point_previews/task000177_mu000032_rho070_n1.png
0.8,32,8,license_plate_bahnschrift.ttf,CBAGJWPD6YXT0RNZL49E3HSU875KFVMQ2,11,15,0,0.68,14.310835,0.701998,0.674571,CBAGJWPDSYXTURNZLS9ESMSUBTSAPYM0Z,0.393939,0.606061,point_previews/task000177_mu000032_rho080_n0.png
0.8,32,8,license_plate_bahnschrift.ttf,CBAGJWPD6YXT0RNZL49E3HSU875KFVMQ2,11,15,1,0.68,14.310835,0.701998,0.674571,CBAGJWPDAYXTURNZLS9ESHSUSTSKEVMDZ,0.30303,0.69697,point_previews/task000177_mu000032_rho080_n1.png
0.9,32,8,license_plate_bahnschrift.ttf,CBAGJWPD6YXT0RNZL49E3HSU875KFVMQ2,11,15,0,0.765,15.178933,0.668877,0.635992,CBAGJWPDSYXTURNZLSVESHSUSTSKAYMG2,0.333333,0.666667,point_previews/task000177_mu000032_rho090_n0.png
0.9,32,8,license_plate_bahnschrift.ttf,CBAGJWPD6YXT0RNZL49E3HSU875KFVMQ2,11,15,1,0.765,15.178933,0.668877,0.635992,CBAGJWPDSYXTQRNZLAESHSUBTSKFVMQ2,0.242424,0.757576,point_previews/task000177_mu000032_rho090_n1.png
1.0,32,8,license_plate_bahnschrift.ttf,CBAGJWPD6YXT0RNZL49E3HSU875KFVMQ2,11,15,0,0.85,16.0,0.63662,0.603355,CBABJWPDSYXTQRNZLASESHSUBTSKEVM2,0.333333,0.666667,point_previews/task000177_mu000032_rho100_n0.png
1.0,32,8,license_plate_bahnschrift.ttf,CBAGJWPD6YXT0RNZL49E3HSU875KFVMQ2,11,15,1,0.85,16.0,0.63662,0.603355,CBAGJWPDSYXTURNZLGPESHSUBTSKEVM0Z,0.333333,0.666667,point_previews/task000177_mu000032_rho100_n1.png
0.1,45,8,license_plate_bahnschrift.ttf,CBAGJWPD6YXT0RNZL49E3HSU875KFVMQ2,11,15,0,0.085,5.059644,0.959381,1.907975,SEAASAARDARTUSNAEATEGRSLTSG,0.848485,0.151515,point_previews/task000178_mu000045_rho010_n0.png
0.1,45,8,license_plate_bahnschrift.ttf,CBAGJWPD6YXT0RNZL49E3HSU875KFVMQ2,11,15,1,0.085,5.059644,0.959381,1.907975,PEASTMPLACTURNSEATESRSLFCPME,0.757576,0.242424,point_previews/task000178_mu000045_rho010_n1.png
0.2,45,8,license_plate_bahnschrift.ttf,CBAGJWPD6YXT0RNZL49E3HSU875KFVMQ2,11,15,0,0.17,7.155418,0.919759,1.349142,CBAGTNPDAYXTRNZLAESRSURTSKEVMP,0.424242,0.575758,point_previews/task000178_mu000045_rho020_n0.png
0.2,45,8,license_plate_bahnschrift.ttf,CBAGJWPD6YXT0RNZL49E3HSU875KFVMQ2,11,15,1,0.17,7.155418,0.919759,1.349142,EBASNEDAVSTURNZEASESHSUBTSREAS,0.666667,0.333333,point_previews/task000178_mu000045_rho020_n1.png
0.3,45,8,license_plate_bahnschrift.ttf,CBAGJWPD6YXT0RNZL49E3HSU875KFVMQ2,11,15,0,0.255,8.763561,0.881116,1.10157,,1.0,0.0,point_previews/task000178_mu000045_rho030_n0.png
0.3,45,8,license_plate_bahnschrift.ttf,CBAGJWPD6YXT0RNZL49E3HSU875KFVMQ2,11,15,1,0.255,8.763561,0.881116,1.10157,LBASSWPDEVXTURNZEGTEJNSUBTSKEVMGZ,0.515152,0.484848,point_previews/task000178_mu000045_rho030_n1.png
0.4,45,8,license_plate_bahnschrift.ttf,CBAGJWPD6YXT0RNZL49E3HSU875KFVMQ2,11,15,0,0.34,10.119289,0.843436,0.953987,CBAGJWPDSYXTURNZLAESHSUBTSKEVMG2,0.30303,0.69697,point_previews/task000178_mu000045_rho040_n0.png
0.4,45,8,license_plate_bahnschrift.ttf,CBAGJWPD6YXT0RNZL49E3HSU875KFVMQ2,11,15,1,0.34,10.119289,0.843436,0.953987,,1.0,0.0,point_previews/task000178_mu000045_rho040_n1.png
0.5,45,8,license_plate_bahnschrift.ttf,CBAGJWPD6YXT0RNZL49E3HSU875KFVMQ2,11,15,0,0.425,11.313708,0.8067,0.853272,CBAGJWPDEYXTURNZLAPERKSUBTSKEYMG2,0.363636,0.636364,point_previews/task000178_mu000045_rho050_n0.png
0.5,45,8,license_plate_bahnschrift.ttf,CBAGJWPD6YXT0RNZL49E3HSU875KFVMQ2,11,15,1,0.425,11.313708,0.8067,0.853272,CHAGJWPDAYXTRNZEAVESHSURTSKEYMGZ,0.424242,0.575758,point_previews/task000178_mu000045_rho050_n1.png
0.6,45,8,license_plate_bahnschrift.ttf,CBAGJWPD6YXT0RNZL49E3HSU875KFVMQ2,11,15,0,0.51,12.393547,0.770893,0.778927,EBAGJWPDSYXTURNZLAVESHSUBTSKEVMQZ,0.333333,0.666667,point_previews/task000178_mu000045_rho060_n0.png
0.6,45,8,license_plate_bahnschrift.ttf,CBAGJWPD6YXT0RNZL49E3HSU875KFVMQ2,11,15,1,0.51,12.393547,0.770893,0.778927,CBAGJWPD6YXTURNZLAVESHSUS75KFVMG2,0.181818,0.818182,point_previews/task000178_mu000045_rho060_n1.png
0.7,45,8,license_plate_bahnschrift.ttf,CBAGJWPD6YXT0RNZL49E3HSU875KFVMQ2,11,15,0,0.595,13.38656,0.735998,0.721147,CBAGJWPDSYXTURNZL4EJNSUSTSKFYMD2,0.30303,0.69697,point_previews/task000178_mu000045_rho070_n0.png
0.7,45,8,license_plate_bahnschrift.ttf,CBAGJWPD6YXT0RNZL49E3HSU875KFVMQ2,11,15,1,0.595,13.38656,0.735998,0.721147,CBAGJWPDSYXTURNZL4ESHSUBTSKFVM02,0.242424,0.757576,point_previews/task000178_mu000045_rho070_n1.png
0.8,45,8,license_plate_bahnschrift.ttf,CBAGJWPD6YXT0RNZL49E3HSU875KFVMQ2,11,15,0,0.68,14.310835,0.701998,0.674571,CRAGJWPDS6YXTRNZLGVESHSUBTSKEVM02,0.333333,0.666667,point_previews/task000178_mu000045_rho080_n0.png
0.8,45,8,license_plate_bahnschrift.ttf,CBAGJWPD6YXT0RNZL49E3HSU875KFVMQ2,11,15,1,0.68,14.310835,0.701998,0.674571,CBAGJWPDSYXTURNZL4YESHSUBTSKEVMQ2,0.242424,0.757576,point_previews/task000178_mu000045_rho080_n1.png
0.9,45,8,license_plate_bahnschrift.ttf,CBAGJWPD6YXT0RNZL49E3HSU875KFVMQ2,11,15,0,0.765,15.178933,0.668877,0.635992,CBAGJWPDSYXTRNZL49ESHSUB7SKFEYMQ2,0.212121,0.787879,point_previews/task000178_mu000045_rho090_n0.png
0.9,45,8,license_plate_bahnschrift.ttf,CBAGJWPD6YXT0RNZL49E3HSU875KFVMQ2,11,15,1,0.765,15.178933,0.668877,0.635992,CBAGJWPDSYXTURNZLAVESHSUS7TSKEVMG2,0.30303,0.69697,point_previews/task000178_mu000045_rho090_n1.png
1.0,45,8,license_plate_bahnschrift.ttf,CBAGJWPD6YXT0RNZL49E3HSU875KFVMQ2,11,15,0,0.85,16.0,0.63662,0.603355,CBAGJWPDSYXTURNZLG9ESHSUSTSKEVMGZ,0.30303,0.69697,point_previews/task000178_mu000045_rho100_n0.png
1.0,45,8,license_plate_bahnschrift.ttf,CBAGJWPD6YXT0RNZL49E3HSU875KFVMQ2,11,15,1,0.85,16.0,0.63662,0.603355,CBAGJWPD6YXTURNZLS9ESHSUBTSKEVMGZ,0.272727,0.727273,point_previews/task000178_mu000045_rho100_n1.png
0.1,64,8,license_plate_bahnschrift.ttf,CBAGJWPD6YXT0RNZL49E3HSU875KFVMQ2,11,15,0,0.085,5.059644,0.959381,1.907975,EBAGJWPHEYRTARNGLATETNSLSSKEVMDS,0.515152,0.484848,point_previews/task000179_mu000064_rho010_n0.png
0.1,64,8,license_plate_bahnschrift.ttf,CBAGJWPD6YXT0RNZL49E3HSU875KFVMQ2,11,15,1,0.085,5.059644,0.959381,1.907975,DBASWEDAXTBRNZEAPESHSUS7SREUMD,0.545455,0.454545,point_previews/task000179_mu000064_rho010_n1.png
0.2,64,8,license_plate_bahnschrift.ttf,CBAGJWPD6YXT0RNZL49E3HSU875KFVMQ2,11,15,0,0.17,7.155418,0.919759,1.349142,,1.0,0.0,point_previews/task000179_mu000064_rho020_n0.png
0.2,64,8,license_plate_bahnschrift.ttf,CBAGJWPD6YXT0RNZL49E3HSU875KFVMQ2,11,15,1,0.17,7.155418,0.919759,1.349142,CBAGJWPDGYXTURNZL69ESHSUETSRENMGZ,0.363636,0.636364,point_previews/task000179_mu000064_rho020_n1.png
0.3,64,8,license_plate_bahnschrift.ttf,CBAGJWPD6YXT0RNZL49E3HSU875KFVMQ2,11,15,0,0.255,8.763561,0.881116,1.10157,CBAGJWPDSYCTURNZLAJESHSUSTSKEVMDZ,0.363636,0.636364,point_previews/task000179_mu000064_rho030_n0.png
0.3,64,8,license_plate_bahnschrift.ttf,CBAGJWPD6YXT0RNZL49E3HSU875KFVMQ2,11,15,1,0.255,8.763561,0.881116,1.10157,CBAGJWPDSYXTGRNZESESHSUBTSKEVMD2,0.333333,0.666667,point_previews/task000179_mu000064_rho030_n1.png
0.4,64,8,license_plate_bahnschrift.ttf,CBAGJWPD6YXT0RNZL49E3HSU875KFVMQ2,11,15,0,0.34,10.119289,0.843436,0.953987,CBAGJWPD6YXTURNZLASESJNSUSTSKEYMG2,0.363636,0.636364,point_previews/task000179_mu000064_rho040_n0.png
0.4,64,8,license_plate_bahnschrift.ttf,CBAGJWPD6YXT0RNZL49E3HSU875KFVMQ2,11,15,1,0.34,10.119289,0.843436,0.953987,CBAGJWPDSYXTERNZLSJESMSUBT7SKFVMG2,0.30303,0.69697,point_previews/task000179_mu000064_rho040_n1.png
0.5,64,8,license_plate_bahnschrift.ttf,CBAGJWPD6YXT0RNZL49E3HSU875KFVMQ2,11,15,0,0.425,11.313708,0.8067,0.853272,CBAGJWPDEYXTURNZLAESHSUBTSKEYMQZ,0.333333,0.666667,point_previews/task000179_mu000064_rho050_n0.png
0.5,64,8,license_plate_bahnschrift.ttf,CBAGJWPD6YXT0RNZL49E3HSU875KFVMQ2,11,15,1,0.425,11.313708,0.8067,0.853272,CBAGJWPDEYXTURNZLA9ESHSUSTSKEVM02,0.272727,0.727273,point_previews/task000179_mu000064_rho050_n1.png
0.6,64,8,license_plate_bahnschrift.ttf,CBAGJWPD6YXT0RNZL49E3HSU875KFVMQ2,11,15,0,0.51,12.393547,0.770893,0.778927,CBAGJWPDSYXTARNZLSSESHSUSTSKEVM0Z,0.333333,0.666667,point_previews/task000179_mu000064_rho060_n0.png
0.6,64,8,license_plate_bahnschrift.ttf,CBAGJWPD6YXT0RNZL49E3HSU875KFVMQ2,11,15,1,0.51,12.393547,0.770893,0.778927,CBAGJWPDSYXTURNZL49ESHSUB7SKFEVMG2,0.212121,0.787879,point_previews/task000179_mu000064_rho060_n1.png
0.7,64,8,license_plate_bahnschrift.ttf,CBAGJWPD6YXT0RNZL49E3HSU875KFVMQ2,11,15,0,0.595,13.38656,0.735998,0.721147,CBAGJWPD4YXTURNZLS9ESHSUS75KFYMQ2,0.181818,0.818182,point_previews/task000179_mu000064_rho070_n0.png
0.7,64,8,license_plate_bahnschrift.ttf,CBAGJWPD6YXT0RNZL49E3HSU875KFVMQ2,11,15,1,0.595,13.38656,0.735998,0.721147,CBAGJWPDSYXTURNZLA9ESHSUBTSKEVMGZ,0.30303,0.69697,point_previews/task000179_mu000064_rho070_n1.png
0.8,64,8,license_plate_bahnschrift.ttf,CBAGJWPD6YXT0RNZL49E3HSU875KFVMQ2,11,15,0,0.68,14.310835,0.701998,0.674571,CBAGJWPD6YXTURNZLA9ESHSUB75KEYMQ2,0.181818,0.818182,point_previews/task000179_mu000064_rho080_n0.png
0.8,64,8,license_plate_bahnschrift.ttf,CBAGJWPD6YXT0RNZL49E3HSU875KFVMQ2,11,15,1,0.68,14.310835,0.701998,0.674571,CBAGJWPD6YXTRNZL49ESHSUS75KFVMQ2,0.090909,0.909091,point_previews/task000179_mu000064_rho080_n1.png
0.9,64,8,license_plate_bahnschrift.ttf,CBAGJWPD6YXT0RNZL49E3HSU875KFVMQ2,11,15,0,0.765,15.178933,0.668877,0.635992,CBAGJWPD6YXTURNZLAESHSUB7SKFYMQ2,0.212121,0.787879,point_previews/task000179_mu000064_rho090_n0.png
0.9,64,8,license_plate_bahnschrift.ttf,CBAGJWPD6YXT0RNZL49E3HSU875KFVMQ2,11,15,1,0.765,15.178933,0.668877,0.635992,CBAGJWPDSYXTURNZLS9ESHSUB7SKFYMG2,0.242424,0.757576,point_previews/task000179_mu000064_rho090_n1.png
1.0,64,8,license_plate_bahnschrift.ttf,CBAGJWPD6YXT0RNZL49E3HSU875KFVMQ2,11,15,0,0.85,16.0,0.63662,0.603355,CBAGJWPD6YXTERNZL4VESHSUB75KFYMQ2,0.151515,0.848485,point_previews/task000179_mu000064_rho100_n0.png
1.0,64,8,license_plate_bahnschrift.ttf,CBAGJWPD6YXT0RNZL49E3HSU875KFVMQ2,11,15,1,0.85,16.0,0.63662,0.603355,CBAGJWPD6YXTURNZLGYESHSUB7TSKFVMQ2,0.212121,0.787879,point_previews/task000179_mu000064_rho100_n1.png
0.1,4,8,license_plate_bahnschrift.ttf,CBAGJWPD6YXT0RNZL49E3HSU875KFVMQ2,15,0,0,0.085,5.059644,0.959381,1.907975,,1.0,0.0,point_previews/task000180_mu000004_rho010_n0.png
0.1,4,8,license_plate_bahnschrift.ttf,CBAGJWPD6YXT0RNZL49E3HSU875KFVMQ2,15,0,1,0.085,5.059644,0.959381,1.907975,,1.0,0.0,point_previews/task000180_mu000004_rho010_n1.png
0.2,4,8,license_plate_bahnschrift.ttf,CBAGJWPD6YXT0RNZL49E3HSU875KFVMQ2,15,0,0,0.17,7.155418,0.919759,1.349142,NRPBESURPV,0.848485,0.151515,point_previews/task000180_mu000004_rho020_n0.png
0.2,4,8,license_plate_bahnschrift.ttf,CBAGJWPD6YXT0RNZL49E3HSU875KFVMQ2,15,0,1,0.17,7.155418,0.919759,1.349142,PRAWRRSERA,0.878788,0.121212,point_previews/task000180_mu000004_rho020_n1.png
0.3,4,8,license_plate_bahnschrift.ttf,CBAGJWPD6YXT0RNZL49E3HSU875KFVMQ2,15,0,0,0.255,8.763561,0.881116,1.10157,PEPRAMEEBAC,0.909091,0.090909,point_previews/task000180_mu000004_rho030_n0.png
0.3,4,8,license_plate_bahnschrift.ttf,CBAGJWPD6YXT0RNZL49E3HSU875KFVMQ2,15,0,1,0.255,8.763561,0.881116,1.10157,SDEL,0.939394,0.060606,point_previews/task000180_mu000004_rho030_n1.png
0.4,4,8,license_plate_bahnschrift.ttf,CBAGJWPD6YXT0RNZL49E3HSU875KFVMQ2,15,0,0,0.34,10.119289,0.843436,0.953987,MCNNSCRRENRSESA,0.909091,0.090909,point_previews/task000180_mu000004_rho040_n0.png
0.4,4,8,license_plate_bahnschrift.ttf,CBAGJWPD6YXT0RNZL49E3HSU875KFVMQ2,15,0,1,0.34,10.119289,0.843436,0.953987,S5SRMASSLPMAES,0.939394,0.060606,point_previews/task000180_mu000004_rho040_n1.png
0.5,4,8,license_plate_bahnschrift.ttf,CBAGJWPD6YXT0RNZL49E3HSU875KFVMQ2,15,0,0,0.425,11.313708,0.8067,0.853272,AESATSSMGSGRANTE,0.909091,0.090909,point_previews/task000180_mu000004_rho050_n0.png
0.5,4,8,license_plate_bahnschrift.ttf,CBAGJWPD6YXT0RNZL49E3HSU875KFVMQ2,15,0,1,0.425,11.313708,0.8067,0.853272,,1.0,0.0,point_previews/task000180_mu000004_rho050_n1.png
0.6,4,8,license_plate_bahnschrift.ttf,CBAGJWPD6YXT0RNZL49E3HSU875KFVMQ2,15,0,0,0.51,12.393547,0.770893,0.778927,BERCCTPA,0.939394,0.060606,point_previews/task000180_mu000004_rho060_n0.png
0.6,4,8,license_plate_bahnschrift.ttf,CBAGJWPD6YXT0RNZL49E3HSU875KFVMQ2,15,0,1,0.51,12.393547,0.770893,0.778927,,1.0,0.0,point_previews/task000180_mu000004_rho060_n1.png
0.7,4,8,license_plate_bahnschrift.ttf,CBAGJWPD6YXT0RNZL49E3HSU875KFVMQ2,15,0,0,0.595,13.38656,0.735998,0.721147,SARTELSATURWEGEHRPHALSTAREA,0.848485,0.151515,point_previews/task000180_mu000004_rho070_n0.png
0.7,4,8,license_plate_bahnschrift.ttf,CBAGJWPD6YXT0RNZL49E3HSU875KFVMQ2,15,0,1,0.595,13.38656,0.735998,0.721147,WESEACEAREEERSTBYSLSNSHEAR,0.909091,0.090909,point_previews/task000180_mu000004_rho070_n1.png
0.8,4,8,license_plate_bahnschrift.ttf,CBAGJWPD6YXT0RNZL49E3HSU875KFVMQ2,15,0,0,0.68,14.310835,0.701998,0.674571,EPEPREEEEDTNLSTAEPBNSAEMES,0.878788,0.121212,point_previews/task000180_mu000004_rho080_n0.png
0.8,4,8,license_plate_bahnschrift.ttf,CBAGJWPD6YXT0RNZL49E3HSU875KFVMQ2,15,0,1,0.68,14.310835,0.701998,0.674571,SRLSLRDSTSCRESRDPATG,0.878788,0.121212,point_previews/task000180_mu000004_rho080_n1.png
0.9,4,8,license_plate_bahnschrift.ttf,CBAGJWPD6YXT0RNZL49E3HSU875KFVMQ2,15,0,0,0.765,15.178933,0.668877,0.635992,PCRACUAHRESTPCCRPAPERHSUSERSEAR,0.818182,0.181818,point_previews/task000180_mu000004_rho090_n0.png
0.9,4,8,license_plate_bahnschrift.ttf,CBAGJWPD6YXT0RNZL49E3HSU875KFVMQ2,15,0,1,0.765,15.178933,0.668877,0.635992,SHERCHEEEAYRTRMEEGST,0.878788,0.121212,point_previews/task000180_mu000004_rho090_n1.png
1.0,4,8,license_plate_bahnschrift.ttf,CBAGJWPD6YXT0RNZL49E3HSU875KFVMQ2,15,0,0,0.85,16.0,0.63662,0.603355,TBMTNTDSYAULESMBUBESMTMEE,0.787879,0.212121,point_previews/task000180_mu000004_rho100_n0.png
1.0,4,8,license_plate_bahnschrift.ttf,CBAGJWPD6YXT0RNZL49E3HSU875KFVMQ2,15,0,1,0.85,16.0,0.63662,0.603355,SLRGPTEE2TURRSNSSEA,0.848485,0.151515,point_previews/task000180_mu000004_rho100_n1.png
0.1,6,8,license_plate_bahnschrift.ttf,CBAGJWPD6YXT0RNZL49E3HSU875KFVMQ2,15,0,0,0.085,5.059644,0.959381,1.907975,AARNELEMB,0.818182,0.181818,point_previews/task000181_mu000006_rho010_n0.png
0.1,6,8,license_plate_bahnschrift.ttf,CBAGJWPD6YXT0RNZL49E3HSU875KFVMQ2,15,0,1,0.085,5.059644,0.959381,1.907975,BMSTEL,0.909091,0.090909,point_previews/task000181_mu000006_rho010_n1.png
0.2,6,8,license_plate_bahnschrift.ttf,CBAGJWPD6YXT0RNZL49E3HSU875KFVMQ2,15,0,0,0.17,7.155418,0.919759,1.349142,BRCERARGSRESRDULBRTE,0.878788,0.121212,point_previews/task000181_mu000006_rho020_n0.png
0.2,6,8,license_plate_bahnschrift.ttf,CBAGJWPD6YXT0RNZL49E3HSU875KFVMQ2,15,0,1,0.17,7.155418,0.919759,1.349142,,1.0,0.0,point_previews/task000181_mu000006_rho020_n1.png
0.3,6,8,license_plate_bahnschrift.ttf,CBAGJWPD6YXT0RNZL49E3HSU875KFVMQ2,15,0,0,0.255,8.763561,0.881116,1.10157,BPAHPNRRRAL,0.878788,0.121212,point_previews/task000181_mu000006_rho030_n0.png
0.3,6,8,license_plate_bahnschrift.ttf,CBAGJWPD6YXT0RNZL49E3HSU875KFVMQ2,15,0,1,0.255,8.763561,0.881116,1.10157,NEPSLAEMNTNWTEETAETRA,0.909091,0.090909,point_previews/task000181_mu000006_rho030_n1.png
0.4,6,8,license_plate_bahnschrift.ttf,CBAGJWPD6YXT0RNZL49E3HSU875KFVMQ2,15,0,0,0.34,10.119289,0.843436,0.953987,PRSPHELRREMSUPUSARSED,0.848485,0.151515,point_previews/task000181_mu000006_rho040_n0.png
0.4,6,8,license_plate_bahnschrift.ttf,CBAGJWPD6YXT0RNZL49E3HSU875KFVMQ2,15,0,1,0.34,10.119289,0.843436,0.953987,AGERTWE,0.878788,0.121212,point_previews/task000181_mu000006_rho040_n1.png
0.5,6,8,license_plate_bahnschrift.ttf,CBAGJWPD6YXT0RNZL49E3HSU875KFVMQ2,15,0,0,0.425,11.313708,0.8067,0.853272,LSADATTFRLNRES,0.787879,0.212121,point_previews/task000181_mu000006_rho050_n0.png
0.5,6,8,license_plate_bahnschrift.ttf,CBAGJWPD6YXT0RNZL49E3HSU875KFVMQ2,15,0,1,0.425,11.313708,0.8067,0.853272,VSSRRPNPEANCRDESBHELNN,0.878788,0.121212,point_previews/task000181_mu000006_rho050_n1.png
0.6,6,8,license_plate_bahnschrift.ttf,CBAGJWPD6YXT0RNZL49E3HSU875KFVMQ2,15,0,0,0.51,12.393547,0.770893,0.778927,CRMPSMEDSCLURREEDB,0.878788,0.121212,point_previews/task000181_mu000006_rho060_n0.png
0.6,6,8,license_plate_bahnschrift.ttf,CBAGJWPD6YXT0RNZL49E3HSU875KFVMQ2,15,0,1,0.51,12.393547,0.770893,0.778927,TRAGHHSPVWASRLLATGREW,0.878788,0.121212,point_previews/task000181_mu000006_rho060_n1.png
0.7,6,8,license_plate_bahnschrift.ttf,CBAGJWPD6YXT0RNZL49E3HSU875KFVMQ2,15,0,0,0.595,13.38656,0.735998,0.721147,LGRASSPESYATBRNEUSEESRSEEE,0.787879,0.212121,point_previews/task000181_mu000006_rho070_n0.png
0.7,6,8,license_plate_bahnschrift.ttf,CBAGJWPD6YXT0RNZL49E3HSU875KFVMQ2,15,0,1,0.595,13.38656,0.735998,0.721147,AAGMECTEYRTSSUETEAS,0.818182,0.181818,point_previews/task000181_mu000006_rho070_n1.png
0.8,6,8,license_plate_bahnschrift.ttf,CBAGJWPD6YXT0RNZL49E3HSU875KFVMQ2,15,0,0,0.68,14.310835,0.701998,0.674571,ERABTERDSYSTARRECECSSASUDTRPUMRS,0.757576,0.242424,point_previews/task000181_mu000006_rho080_n0.png
0.8,6,8,license_plate_bahnschrift.ttf,CBAGJWPD6YXT0RNZL49E3HSU875KFVMQ2,15,0,1,0.68,14.310835,0.701998,0.674571,RBARREPXTURNEESPCSSSARM,0.69697,0.30303,point_previews/task000181_mu000006_rho080_n1.png
0.9,6,8,license_plate_bahnschrift.ttf,CBAGJWPD6YXT0RNZL49E3HSU875KFVMQ2,15,0,0,0.765,15.178933,0.668877,0.635992,ERESSNBVATDRMEGAVESHEURMEVG,0.818182,0.181818,point_previews/task000181_mu000006_rho090_n0.png
0.9,6,8,license_plate_bahnschrift.ttf,CBAGJWPD6YXT0RNZL49E3HSU875KFVMQ2,15,0,1,0.765,15.178933,0.668877,0.635992,CERGSUPLENRRARLTSLESTRVEED,0.787879,0.212121,point_previews/task000181_mu000006_rho090_n1.png
1.0,6,8,license_plate_bahnschrift.ttf,CBAGJWPD6YXT0RNZL49E3HSU875KFVMQ2,15,0,0,0.85,16.0,0.63662,0.603355,EDGTWEDENATERNZERSSHRGTBKEAET,0.727273,0.272727,point_previews/task000181_mu000006_rho100_n0.png
1.0,6,8,license_plate_bahnschrift.ttf,CBAGJWPD6YXT0RNZL49E3HSU875KFVMQ2,15,0,1,0.85,16.0,0.63662,0.603355,RSEASTPBRGTDRNELATESUETSHEUMGS,0.727273,0.272727,point_previews/task000181_mu000006_rho100_n1.png
0.1,8,8,license_plate_bahnschrift.ttf,CBAGJWPD6YXT0RNZL49E3HSU875KFVMQ2,15,0,0,0.085,5.059644,0.959381,1.907975,,1.0,0.0,point_previews/task000182_mu000008_rho010_n0.png
0.1,8,8,license_plate_bahnschrift.ttf,CBAGJWPD6YXT0RNZL49E3HSU875KFVMQ2,15,0,1,0.085,5.059644,0.959381,1.907975,BPSPRNNTNS,0.848485,0.151515,point_previews/task000182_mu000008_rho010_n1.png
0.2,8,8,license_plate_bahnschrift.ttf,CBAGJWPD6YXT0RNZL49E3HSU875KFVMQ2,15,0,0,0.17,7.155418,0.919759,1.349142,PNGSDATLATSRRDTCRESSRNCL,0.848485,0.151515,point_previews/task000182_mu000008_rho020_n0.png
0.2,8,8,license_plate_bahnschrift.ttf,CBAGJWPD6YXT0RNZL49E3HSU875KFVMQ2,15,0,1,0.17,7.155418,0.919759,1.349142,SRSNDESR,0.909091,0.090909,point_previews/task000182_mu000008_rho020_n1.png
0.3,8,8,license_plate_bahnschrift.ttf,CBAGJWPD6YXT0RNZL49E3HSU875KFVMQ2,15,0,0,0.255,8.763561,0.881116,1.10157,,1.0,0.0,point_previews/task000182_mu000008_rho030_n0.png
0.3,8,8,license_plate_bahnschrift.ttf,CBAGJWPD6YXT0RNZL49E3HSU875KFVMQ2,15,0,1,0.255,8.763561,0.881116,1.10157,RMSSAESPRACHLSAERNRSDNG,0.939394,0.060606,point_previews/task000182_mu000008_rho030_n1.png
0.4,8,8,license_plate_bahnschrift.ttf,CBAGJWPD6YXT0RNZL49E3HSU875KFVMQ2,15,0,0,0.34,10.119289,0.843436,0.953987,CRAGEPSERNTMEPRETNSTRS,0.787879,0.212121,point_previews/task000182_mu000008_rho040_n0.png
0.4,8,8,license_plate_bahnschrift.ttf,CBAGJWPD6YXT0RNZL49E3HSU875KFVMQ2,15,0,1,0.34,10.119289,0.843436,0.953987,,1.0,0.0,point_previews/task000182_mu000008_rho040_n1.png
0.5,8,8,license_plate_bahnschrift.ttf,CBAGJWPD6YXT0RNZL49E3HSU875KFVMQ2,15,0,0,0.425,11.313708,0.8067,0.853272,SSARGYPESVATURNSPAR,0.818182,0.181818,point_previews/task000182_mu000008_rho050_n0.png
0.5,8,8,license_plate_bahnschrift.ttf,CBAGJWPD6YXT0RNZL49E3HSU875KFVMQ2,15,0,1,0.425,11.313708,0.8067,0.853272,NVMSCK,0.909091,0.090909,point_previews/task000182_mu000008_rho050_n1.png
0.6,8,8,license_plate_bahnschrift.ttf,CBAGJWPD6YXT0RNZL49E3HSU875KFVMQ2,15,0,0,0.51,12.393547,0.770893,0.778927,CASTAERETRTARTELD9ETASTRPREVMGZ,0.69697,0.30303,point_previews/task000182_mu000008_rho060_n0.png
0.6,8,8,license_plate_bahnschrift.ttf,CBAGJWPD6YXT0RNZL49E3HSU875KFVMQ2,15,0,1,0.51,12.393547,0.770893,0.778927,JEGSUTASNARTGREGEESCSTEREAT,0.878788,0.121212,point_previews/task000182_mu000008_rho060_n1.png
0.7,8,8,license_plate_bahnschrift.ttf,CBAGJWPD6YXT0RNZL49E3HSU875KFVMQ2,15,0,0,0.595,13.38656,0.735998,0.721147,PEASPMPUEYSTBRNZEMSURTSKEVD2,0.606061,0.393939,point_previews/task000182_mu000008_rho070_n0.png
0.7,8,8,license_plate_bahnschrift.ttf,CBAGJWPD6YXT0RNZL49E3HSU875KFVMQ2,15,0,1,0.595,13.38656,0.735998,0.721147,CRAEUSPBERTARZEESUSUTSKEVADE,0.666667,0.333333,point_previews/task000182_mu000008_rho070_n1.png
0.8,8,8,license_plate_bahnschrift.ttf,CBAGJWPD6YXT0RNZL49E3HSU875KFVMQ2,15,0,0,0.68,14.310835,0.701998,0.674571,PCERBWPDSYETURMZER9ESHSHSTSREUMA2,0.606061,0.393939,point_previews/task000182_mu000008_rho080_n0.png
0.8,8,8,license_plate_bahnschrift.ttf,CBAGJWPD6YXT0RNZL49E3HSU875KFVMQ2,15,0,1,0.68,14.310835,0.701998,0.674571,CAGSNEERVSLARREESESASHRFSFEMD,0.757576,0.242424,point_previews/task000182_mu000008_rho080_n1.png
0.9,8,8,license_plate_bahnschrift.ttf,CBAGJWPD6YXT0RNZL49E3HSU875KFVMQ2,15,0,0,0.765,15.178933,0.668877,0.635992,CEAGVPDEATURMZLGEBNSUSTSKPE,0.606061,0.393939,point_previews/task000182_mu000008_rho090_n0.png
0.9,8,8,license_plate_bahnschrift.ttf,CBAGJWPD6YXT0RNZL49E3HSU875KFVMQ2,15,0,1,0.765,15.178933,0.668877,0.635992,CERBNPRRETRNZESFESELESEEVMGD,0.69697,0.30303,point_previews/task000182_mu000008_rho090_n1.png
1.0,8,8,license_plate_bahnschrift.ttf,CBAGJWPD6YXT0RNZL49E3HSU875KFVMQ2,15,0,0,0.85,16.0,0.63662,0.603355,DEAGSWRDAYTGRNZELSBSHSERTSKEVAD,0.606061,0.393939,point_previews/task000182_mu000008_rho100_n0.png
1.0,8,8,license_plate_bahnschrift.ttf,CBAGJWPD6YXT0RNZL49E3HSU875KFVMQ2,15,0,1,0.85,16.0,0.63662,0.603355,,1.0,0.0,point_previews/task000182_mu000008_rho100_n1.png
0.1,11,8,license_plate_bahnschrift.ttf,CBAGJWPD6YXT0RNZL49E3HSU875KFVMQ2,15,0,0,0.085,5.059644,0.959381,1.907975,AESPALRRERSREENLSAE,0.848485,0.151515,point_previews/task000183_mu000011_rho010_n0.png
0.1,11,8,license_plate_bahnschrift.ttf,CBAGJWPD6YXT0RNZL49E3HSU875KFVMQ2,15,0,1,0.085,5.059644,0.959381,1.907975,,1.0,0.0,point_previews/task000183_mu000011_rho010_n1.png
0.2,11,8,license_plate_bahnschrift.ttf,CBAGJWPD6YXT0RNZL49E3HSU875KFVMQ2,15,0,0,0.17,7.155418,0.919759,1.349142,MWUTGRS,0.878788,0.121212,point_previews/task000183_mu000011_rho020_n0.png
0.2,11,8,license_plate_bahnschrift.ttf,CBAGJWPD6YXT0RNZL49E3HSU875KFVMQ2,15,0,1,0.17,7.155418,0.919759,1.349142,,1.0,0.0,point_previews/task000183_mu000011_rho020_n1.png
0.3,11,8,license_plate_bahnschrift.ttf,CBAGJWPD6YXT0RNZL49E3HSU875KFVMQ2,15,0,0,0.255,8.763561,0.881116,1.10157,,1.0,0.0,point_previews/task000183_mu000011_rho030_n0.png
0.3,11,8,license_plate_bahnschrift.ttf,CBAGJWPD6YXT0RNZL49E3HSU875KFVMQ2,15,0,1,0.255,8.763561,0.881116,1.10157,ESSPEPNPRSGARABSSS,0.909091,0.090909,point_previews/task000183_mu000011_rho030_n1.png
0.4,11,8,license_plate_bahnschrift.ttf,CBAGJWPD6YXT0RNZL49E3HSU875KFVMQ2,15,0,0,0.34,10.119289,0.843436,0.953987,CRAGTNADSSTERNTERESUSATSKEG,0.69697,0.30303,point_previews/task000183_mu000011_rho040_n0.png
0.4,11,8,license_plate_bahnschrift.ttf,CBAGJWPD6YXT0RNZL49E3HSU875KFVMQ2,15,0,1,0.34,10.119289,0.843436,0.953987,SEEGAEERAETHRNZESSEFGSE,0.757576,0.242424,point_previews/task000183_mu000011_rho040_n1.png
0.5,11,8,license_plate_bahnschrift.ttf,CBAGJWPD6YXT0RNZL49E3HSU875KFVMQ2,15,0,0,0.425,11.313708,0.8067,0.853272,CRAGNDTRYATERRZE09RPASESTENENMAZ,0.69697,0.30303,point_previews/task000183_mu000011_rho050_n0.png
0.5,11,8,license_plate_bahnschrift.ttf,CBAGJWPD6YXT0RNZL49E3HSU875KFVMQ2,15,0,1,0.425,11.313708,0.8067,0.853272,CSAGANDEAVETARRZLSSESSUSTEREM2,0.636364,0.363636,point_previews/task000183_mu000011_rho050_n1.png
0.6,11,8,license_plate_bahnschrift.ttf,CBAGJWPD6YXT0RNZL49E3HSU875KFVMQ2,15,0,0,0.51,12.393547,0.770893,0.778927,RASWAHSYXTRNZES9ESHSUSTSKEVMB2,0.484848,0.515152,point_previews/task000183_mu000011_rho060_n0.png
0.6,11,8,license_plate_bahnschrift.ttf,CBAGJWPD6YXT0RNZL49E3HSU875KFVMQ2,15,0,1,0.51,12.393547,0.770893,0.778927,CRAGAWETEYXTURRZL29ES4SC87BEAL2,0.515152,0.484848,point_previews/task000183_mu000011_rho060_n1.png
0.7,11,8,license_plate_bahnschrift.ttf,CBAGJWPD6YXT0RNZL49E3HSU875KFVMQ2,15,0,0,0.595,13.38656,0.735998,0.721147,CRAGJWRDGYXTDRNZELFESRSUATS,0.545455,0.454545,point_previews/task000183_mu000011_rho070_n0.png
0.7,11,8,license_plate_bahnschrift.ttf,CBAGJWPD6YXT0RNZL49E3HSU875KFVMQ2,15,0,1,0.595,13.38656,0.735998,0.721147,,1.0,0.0,point_previews/task000183_mu000011_rho070_n1.png
0.8,11,8,license_plate_bahnschrift.ttf,CBAGJWPD6YXT0RNZL49E3HSU875KFVMQ2,15,0,0,0.68,14.310835,0.701998,0.674571,,1.0,0.0,point_previews/task000183_mu000011_rho080_n0.png
0.8,11,8,license_plate_bahnschrift.ttf,CBAGJWPD6YXT0RNZL49E3HSU875KFVMQ2,15,0,1,0.68,14.310835,0.701998,0.674571,CBAGWEDEYXTURNZYFESMSUSTSEEUMEZ,0.515152,0.484848,point_previews/task000183_mu000011_rho080_n1.png
0.9,11,8,license_plate_bahnschrift.ttf,CBAGJWPD6YXT0RNZL49E3HSU875KFVMQ2,15,0,0,0.765,15.178933,0.668877,0.635992,CHAGTWPDBYRTARNZEAPESUSUSTSUREMQS,0.515152,0.484848,point_previews/task000183_mu000011_rho090_n0.png
0.9,11,8,license_plate_bahnschrift.ttf,CBAGJWPD6YXT0RNZL49E3HSU875KFVMQ2,15,0,1,0.765,15.178933,0.668877,0.635992,,1.0,0.0,point_previews/task000183_mu000011_rho090_n1.png
1.0,11,8,license_plate_bahnschrift.ttf,CBAGJWPD6YXT0RNZL49E3HSU875KFVMQ2,15,0,0,0.85,16.0,0.63662,0.603355,,1.0,0.0,point_previews/task000183_mu000011_rho100_n0.png
1.0,11,8,license_plate_bahnschrift.ttf,CBAGJWPD6YXT0RNZL49E3HSU875KFVMQ2,15,0,1,0.85,16.0,0.63662,0.603355,,1.0,0.0,point_previews/task000183_mu000011_rho100_n1.png
0.1,16,8,license_plate_bahnschrift.ttf,CBAGJWPD6YXT0RNZL49E3HSU875KFVMQ2,15,0,0,0.085,5.059644,0.959381,1.907975,RRASNEEANRASULSAEMEUMULT,0.878788,0.121212,point_previews/task000184_mu000016_rho010_n0.png
0.1,16,8,license_plate_bahnschrift.ttf,CBAGJWPD6YXT0RNZL49E3HSU875KFVMQ2,15,0,1,0.085,5.059644,0.959381,1.907975,PAMEERGTD,0.939394,0.060606,point_previews/task000184_mu000016_rho010_n1.png
0.2,16,8,license_plate_bahnschrift.ttf,CBAGJWPD6YXT0RNZL49E3HSU875KFVMQ2,15,0,0,0.17,7.155418,0.919759,1.349142,DRNGNBARAYTNBHESTSPP,0.818182,0.181818,point_previews/task000184_mu000016_rho020_n0.png
0.2,16,8,license_plate_bahnschrift.ttf,CBAGJWPD6YXT0RNZL49E3HSU875KFVMQ2,15,0,1,0.17,7.155418,0.919759,1.349142,ABSSEPGRBELRAALESCLSSATS,0.818182,0.181818,point_previews/task000184_mu000016_rho020_n1.png
0.3,16,8,license_plate_bahnschrift.ttf,CBAGJWPD6YXT0RNZL49E3HSU875KFVMQ2,15,0,0,0.255,8.763561,0.881116,1.10157,LLSASDVPGEMADRNPEGTESNSURTEREBMEE,0.787879,0.212121,point_previews/task000184_mu000016_rho030_n0.png
0.3,16,8,license_plate_bahnschrift.ttf,CBAGJWPD6YXT0RNZL49E3HSU875KFVMQ2,15,0,1,0.255,8.763561,0.881116,1.10157,CRASTYEDRRTARTUASESESLSTREVS,0.757576,0.242424,point_previews/task000184_mu000016_rho030_n1.png
0.4,16,8,license_plate_bahnschrift.ttf,CBAGJWPD6YXT0RNZL49E3HSU875KFVMQ2,15,0,0,0.34,10.119289,0.843436,0.953987,RENGJMPDSTRTURNZAGESHEUBTSKRHAQ2,0.575758,0.424242,point_previews/task000184_mu000016_rho040_n0.png
0.4,16,8,license_plate_bahnschrift.ttf,CBAGJWPD6YXT0RNZL49E3HSU875KFVMQ2,15,0,1,0.34,10.119289,0.843436,0.953987,CBAGSWERRTDRNZENFESNSU8T5KBCHA,0.545455,0.454545,point_previews/task000184_mu000016_rho040_n1.png
0.5,16,8,license_plate_bahnschrift.ttf,CBAGJWPD6YXT0RNZL49E3HSU875KFVMQ2,15,0,0,0.425,11.313708,0.8067,0.853272,PEAGSETBYNTRNZLAGESHSUGPSKEYMAR,0.575758,0.424242,point_previews/task000184_mu000016_rho050_n0.png
0.5,16,8,license_plate_bahnschrift.ttf,CBAGJWPD6YXT0RNZL49E3HSU875KFVMQ2,15,0,1,0.425,11.313708,0.8067,0.853272,,1.0,0.0,point_previews/task000184_mu000016_rho050_n1.png
0.6,16,8,license_plate_bahnschrift.ttf,CBAGJWPD6YXT0RNZL49E3HSU875KFVMQ2,15,0,0,0.51,12.393547,0.770893,0.778927,,1.0,0.0,point_previews/task000184_mu000016_rho060_n0.png
0.6,16,8,license_plate_bahnschrift.ttf,CBAGJWPD6YXT0RNZL49E3HSU875KFVMQ2,15,0,1,0.51,12.393547,0.770893,0.778927,,1.0,0.0,point_previews/task000184_mu000016_rho060_n1.png
0.7,16,8,license_plate_bahnschrift.ttf,CBAGJWPD6YXT0RNZL49E3HSU875KFVMQ2,15,0,0,0.595,13.38656,0.735998,0.721147,CRAGSWPEDGYATURNZEGRESSUSTSREYMG,0.575758,0.424242,point_previews/task000184_mu000016_rho070_n0.png
0.7,16,8,license_plate_bahnschrift.ttf,CBAGJWPD6YXT0RNZL49E3HSU875KFVMQ2,15,0,1,0.595,13.38656,0.735998,0.721147,SCBAGWPDEYXTARMZLAETHSUBTSKEVMGZ,0.424242,0.575758,point_previews/task000184_mu000016_rho070_n1.png
0.8,16,8,license_plate_bahnschrift.ttf,CBAGJWPD6YXT0RNZL49E3HSU875KFVMQ2,15,0,0,0.68,14.310835,0.701998,0.674571,,1.0,0.0,point_previews/task000184_mu000016_rho080_n0.png
0.8,16,8,license_plate_bahnschrift.ttf,CBAGJWPD6YXT0RNZL49E3HSU875KFVMQ2,15,0,1,0.68,14.310835,0.701998,0.674571,,1.0,0.0,point_previews/task000184_mu000016_rho080_n1.png
0.9,16,8,license_plate_bahnschrift.ttf,CBAGJWPD6YXT0RNZL49E3HSU875KFVMQ2,15,0,0,0.765,15.178933,0.668877,0.635992,,1.0,0.0,point_previews/task000184_mu000016_rho090_n0.png
0.9,16,8,license_plate_bahnschrift.ttf,CBAGJWPD6YXT0RNZL49E3HSU875KFVMQ2,15,0,1,0.765,15.178933,0.668877,0.635992,CBAREWPDSYXTURNZLGESMSLBTSKEYMG2,0.454545,0.545455,point_previews/task000184_mu000016_rho090_n1.png
1.0,16,8,license_plate_bahnschrift.ttf,CBAGJWPD6YXT0RNZL49E3HSU875KFVMQ2,15,0,0,0.85,16.0,0.63662,0.603355,CBAGSWEDSYXTRNZEATESHSUBTHKEVMG2,0.393939,0.606061,point_previews/task000184_mu000016_rho100_n0.png
1.0,16,8,license_plate_bahnschrift.ttf,CBAGJWPD6YXT0RNZL49E3HSU875KFVMQ2,15,0,1,0.85,16.0,0.63662,0.603355,,1.0,0.0,point_previews/task000184_mu000016_rho100_n1.png
0.1,23,8,license_plate_bahnschrift.ttf,CBAGJWPD6YXT0RNZL49E3HSU875KFVMQ2,15,0,0,0.085,5.059644,0.959381,1.907975,AGRSTAMERAPEGDBURREESLTRTANEES,0.909091,0.090909,point_previews/task000185_mu000023_rho010_n0.png
0.1,23,8,license_plate_bahnschrift.ttf,CBAGJWPD6YXT0RNZL49E3HSU875KFVMQ2,15,0,1,0.085,5.059644,0.959381,1.907975,TPGRUNLSYALARRLTSTEATAEES,0.848485,0.151515,point_previews/task000185_mu000023_rho010_n1.png
0.2,23,8,license_plate_bahnschrift.ttf,CBAGJWPD6YXT0RNZL49E3HSU875KFVMQ2,15,0,0,0.17,7.155418,0.919759,1.349142,SERCANEESTARRSUBRENTARE,0.878788,0.121212,point_previews/task000185_mu000023_rho020_n0.png
0.2,23,8,license_plate_bahnschrift.ttf,CBAGJWPD6YXT0RNZL49E3HSU875KFVMQ2,15,0,1,0.17,7.155418,0.919759,1.349142,CEASTAADATARMEERCESUSESEUTT,0.757576,0.242424,point_previews/task000185_mu000023_rho020_n1.png
0.3,23,8,license_plate_bahnschrift.ttf,CBAGJWPD6YXT0RNZL49E3HSU875KFVMQ2,15,0,0,0.255,8.763561,0.881116,1.10157,CBAGTNEHSYETURNZLSYESASUR2BKEVAGS,0.545455,0.454545,point_previews/task000185_mu000023_rho030_n0.png
0.3,23,8,license_plate_bahnschrift.ttf,CBAGJWPD6YXT0RNZL49E3HSU875KFVMQ2,15,0,1,0.255,8.763561,0.881116,1.10157,DRTWEDSYXTURNZLASESHSUSTSKEVG2,0.515152,0.484848,point_previews/task000185_mu000023_rho030_n1.png
0.4,23,8,license_plate_bahnschrift.ttf,CBAGJWPD6YXT0RNZL49E3HSU875KFVMQ2,15,0,0,0.34,10.119289,0.843436,0.953987,,1.0,0.0,point_previews/task000185_mu000023_rho040_n0.png
0.4,23,8,license_plate_bahnschrift.ttf,CBAGJWPD6YXT0RNZL49E3HSU875KFVMQ2,15,0,1,0.34,10.119289,0.843436,0.953987,,1.0,0.0,point_previews/task000185_mu000023_rho040_n1.png
0.5,23,8,license_plate_bahnschrift.ttf,CBAGJWPD6YXT0RNZL49E3HSU875KFVMQ2,15,0,0,0.425,11.313708,0.8067,0.853272,,1.0,0.0,point_previews/task000185_mu000023_rho050_n0.png
0.5,23,8,license_plate_bahnschrift.ttf,CBAGJWPD6YXT0RNZL49E3HSU875KFVMQ2,15,0,1,0.425,11.313708,0.8067,0.853272,,1.0,0.0,point_previews/task000185_mu000023_rho050_n1.png
0.6,23,8,license_plate_bahnschrift.ttf,CBAGJWPD6YXT0RNZL49E3HSU875KFVMQ2,15,0,0,0.51,12.393547,0.770893,0.778927,CEAGJNPDEYXTCRNZLAPESHSUBTSKFYMG2,0.363636,0.636364,point_previews/task000185_mu000023_rho060_n0.png
0.6,23,8,license_plate_bahnschrift.ttf,CBAGJWPD6YXT0RNZL49E3HSU875KFVMQ2,15,0,1,0.51,12.393547,0.770893,0.778927,CRABJWPDSYXTERNZES9EGHSUSTSKFMG2,0.363636,0.636364,point_previews/task000185_mu000023_rho060_n1.png
0.7,23,8,license_plate_bahnschrift.ttf,CBAGJWPD6YXT0RNZL49E3HSU875KFVMQ2,15,0,0,0.595,13.38656,0.735998,0.721147,,1.0,0.0,point_previews/task000185_mu000023_rho070_n0.png
0.7,23,8,license_plate_bahnschrift.ttf,CBAGJWPD6YXT0RNZL49E3HSU875KFVMQ2,15,0,1,0.595,13.38656,0.735998,0.721147,CBAGJWPDGYXTQRNZLSGFESHSUSTSREVM02,0.363636,0.636364,point_previews/task000185_mu000023_rho070_n1.png
0.8,23,8,license_plate_bahnschrift.ttf,CBAGJWPD6YXT0RNZL49E3HSU875KFVMQ2,15,0,0,0.68,14.310835,0.701998,0.674571,,1.0,0.0,point_previews/task000185_mu000023_rho080_n0.png
0.8,23,8,license_plate_bahnschrift.ttf,CBAGJWPD6YXT0RNZL49E3HSU875KFVMQ2,15,0,1,0.68,14.310835,0.701998,0.674571,CBAGJMPDSYXTARNZLG9ESHSUBTSKEVMG2,0.30303,0.69697,point_previews/task000185_mu000023_rho080_n1.png
0.9,23,8,license_plate_bahnschrift.ttf,CBAGJWPD6YXT0RNZL49E3HSU875KFVMQ2,15,0,0,0.765,15.178933,0.668877,0.635992,CBAGJWPDSYXTURNZCAPESHSUB7SKEVMG2,0.30303,0.69697,point_previews/task000185_mu000023_rho090_n0.png
0.9,23,8,license_plate_bahnschrift.ttf,CBAGJWPD6YXT0RNZL49E3HSU875KFVMQ2,15,0,1,0.765,15.178933,0.668877,0.635992,,1.0,0.0,point_previews/task000185_mu000023_rho090_n1.png
1.0,23,8,license_plate_bahnschrift.ttf,CBAGJWPD6YXT0RNZL49E3HSU875KFVMQ2,15,0,0,0.85,16.0,0.63662,0.603355,,1.0,0.0,point_previews/task000185_mu000023_rho100_n0.png
1.0,23,8,license_plate_bahnschrift.ttf,CBAGJWPD6YXT0RNZL49E3HSU875KFVMQ2,15,0,1,0.85,16.0,0.63662,0.603355,,1.0,0.0,point_previews/task000185_mu000023_rho100_n1.png
0.1,32,8,license_plate_bahnschrift.ttf,CBAGJWPD6YXT0RNZL49E3HSU875KFVMQ2,15,0,0,0.085,5.059644,0.959381,1.907975,STARMSABTRSUTTRCA,0.848485,0.151515,point_previews/task000186_mu000032_rho010_n0.png
0.1,32,8,license_plate_bahnschrift.ttf,CBAGJWPD6YXT0RNZL49E3HSU875KFVMQ2,15,0,1,0.085,5.059644,0.959381,1.907975,RERSARPSLSTLREREDETRBETS,0.878788,0.121212,point_previews/task000186_mu000032_rho010_n1.png
0.2,32,8,license_plate_bahnschrift.ttf,CBAGJWPD6YXT0RNZL49E3HSU875KFVMQ2,15,0,0,0.17,7.155418,0.919759,1.349142,CEABTMEDEYATURNZELECSMSUBTDKRYMGD,0.636364,0.363636,point_previews/task000186_mu000032_rho020_n0.png
0.2,32,8,license_plate_bahnschrift.ttf,CBAGJWPD6YXT0RNZL49E3HSU875KFVMQ2,15,0,1,0.17,7.155418,0.919759,1.349142,BSAGHUPREYATARNZLZ0EAMSUSTSKRVMG2,0.515152,0.484848,point_previews/task000186_mu000032_rho020_n1.png
0.3,32,8,license_plate_bahnschrift.ttf,CBAGJWPD6YXT0RNZL49E3HSU875KFVMQ2,15,0,0,0.255,8.763561,0.881116,1.10157,,1.0,0.0,point_previews/task000186_mu000032_rho030_n0.png
0.3,32,8,license_plate_bahnschrift.ttf,CBAGJWPD6YXT0RNZL49E3HSU875KFVMQ2,15,0,1,0.255,8.763561,0.881116,1.10157,,1.0,0.0,point_previews/task000186_mu000032_rho030_n1.png
0.4,32,8,license_plate_bahnschrift.ttf,CBAGJWPD6YXT0RNZL49E3HSU875KFVMQ2,15,0,0,0.34,10.119289,0.843436,0.953987,CEAGJNPDEYXTRNZLSPESHSUBTSKEVMG2,0.363636,0.636364,point_previews/task000186_mu000032_rho040_n0.png
0.4,32,8,license_plate_bahnschrift.ttf,CBAGJWPD6YXT0RNZL49E3HSU875KFVMQ2,15,0,1,0.34,10.119289,0.843436,0.953987,TSAGJWPDSYXTURNZCAPESMSUBTSKPVMGD,0.454545,0.545455,point_previews/task000186_mu000032_rho040_n1.png
0.5,32,8,license_plate_bahnschrift.ttf,CBAGJWPD6YXT0RNZL49E3HSU875KFVMQ2,15,0,0,0.425,11.313708,0.8067,0.853272,CBAGJWPDGYXTSRNZEAESHSUBTSKFVMQ2,0.272727,0.727273,point_previews/task000186_mu000032_rho050_n0.png
0.5,32,8,license_plate_bahnschrift.ttf,CBAGJWPD6YXT0RNZL49E3HSU875KFVMQ2,15,0,1,0.425,11.313708,0.8067,0.853272,CBAGJWPDEYXTRNZLAVESHSUBTSKEVMG2,0.30303,0.69697,point_previews/task000186_mu000032_rho050_n1.png
0.6,32,8,license_plate_bahnschrift.ttf,CBAGJWPD6YXT0RNZL49E3HSU875KFVMQ2,15,0,0,0.51,12.393547,0.770893,0.778927,CBAGJWPDSYXTURNZL49E3HSUSTSKEYM02,0.242424,0.757576,point_previews/task000186_mu000032_rho060_n0.png
0.6,32,8,license_plate_bahnschrift.ttf,CBAGJWPD6YXT0RNZL49E3HSU875KFVMQ2,15,0,1,0.51,12.393547,0.770893,0.778927,,1.0,0.0,point_previews/task000186_mu000032_rho060_n1.png
0.7,32,8,license_plate_bahnschrift.ttf,CBAGJWPD6YXT0RNZL49E3HSU875KFVMQ2,15,0,0,0.595,13.38656,0.735998,0.721147,,1.0,0.0,point_previews/task000186_mu000032_rho070_n0.png
0.7,32,8,license_plate_bahnschrift.ttf,CBAGJWPD6YXT0RNZL49E3HSU875KFVMQ2,15,0,1,0.595,13.38656,0.735998,0.721147,CBAGAWPDEYXTURNZLGESHSUBTSKFVMQG2,0.30303,0.69697,point_previews/task000186_mu000032_rho070_n1.png
0.8,32,8,license_plate_bahnschrift.ttf,CBAGJWPD6YXT0RNZL49E3HSU875KFVMQ2,15,0,0,0.68,14.310835,0.701998,0.674571,,1.0,0.0,point_previews/task000186_mu000032_rho080_n0.png
0.8,32,8,license_plate_bahnschrift.ttf,CBAGJWPD6YXT0RNZL49E3HSU875KFVMQ2,15,0,1,0.68,14.310835,0.701998,0.674571,CBAGJWPDGYXTQRNZLAPESHSUBTSKFVMG2,0.272727,0.727273,point_previews/task000186_mu000032_rho080_n1.png
0.9,32,8,license_plate_bahnschrift.ttf,CBAGJWPD6YXT0RNZL49E3HSU875KFVMQ2,15,0,0,0.765,15.178933,0.668877,0.635992,CBAGJWPDGYXTURNZLS9ESHSUBTSKFVMQG2,0.242424,0.757576,point_previews/task000186_mu000032_rho090_n0.png
0.9,32,8,license_plate_bahnschrift.ttf,CBAGJWPD6YXT0RNZL49E3HSU875KFVMQ2,15,0,1,0.765,15.178933,0.668877,0.635992,CBAGJWPD6YXTURNZLAPESHSUBTSKEVMGZ,0.30303,0.69697,point_previews/task000186_mu000032_rho090_n1.png
1.0,32,8,license_plate_bahnschrift.ttf,CBAGJWPD6YXT0RNZL49E3HSU875KFVMQ2,15,0,0,0.85,16.0,0.63662,0.603355,CBAGJWPD6YXTURNZL49ESHSUBTSKFVMGZ,0.212121,0.787879,point_previews/task000186_mu000032_rho100_n0.png
1.0,32,8,license_plate_bahnschrift.ttf,CBAGJWPD6YXT0RNZL49E3HSU875KFVMQ2,15,0,1,0.85,16.0,0.63662,0.603355,CBAGJWPDSYXTRNZL49E3HSUBTSKFVM0Z,0.212121,0.787879,point_previews/task000186_mu000032_rho100_n1.png
0.1,45,8,license_plate_bahnschrift.ttf,CBAGJWPD6YXT0RNZL49E3HSU875KFVMQ2,15,0,0,0.085,5.059644,0.959381,1.907975,BAUSTAPENYSTRBELASC2MSSTSREYE,0.787879,0.212121,point_previews/task000187_mu000045_rho010_n0.png
0.1,45,8,license_plate_bahnschrift.ttf,CBAGJWPD6YXT0RNZL49E3HSU875KFVMQ2,15,0,1,0.085,5.059644,0.959381,1.907975,CBECSMPLEYSFARNZEATESHEDATSREVS,0.69697,0.30303,point_previews/task000187_mu000045_rho010_n1.png
0.2,45,8,license_plate_bahnschrift.ttf,CBAGJWPD6YXT0RNZL49E3HSU875KFVMQ2,15,0,0,0.17,7.155418,0.919759,1.349142,,1.0,0.0,point_previews/task000187_mu000045_rho020_n0.png
0.2,45,8,license_plate_bahnschrift.ttf,CBAGJWPD6YXT0RNZL49E3HSU875KFVMQ2,15,0,1,0.17,7.155418,0.919759,1.349142,SCBAGJNEDAYXTRNZLGPESUSHATSKRVMG2,0.454545,0.545455,point_previews/task000187_mu000045_rho020_n1.png
0.3,45,8,license_plate_bahnschrift.ttf,CBAGJWPD6YXT0RNZL49E3HSU875KFVMQ2,15,0,0,0.255,8.763561,0.881116,1.10157,CBAGJWPD6YXTURNZESESHSUB7SKFYMG2,0.272727,0.727273,point_previews/task000187_mu000045_rho030_n0.png
0.3,45,8,license_plate_bahnschrift.ttf,CBAGJWPD6YXT0RNZL49E3HSU875KFVMQ2,15,0,1,0.255,8.763561,0.881116,1.10157,,1.0,0.0,point_previews/task000187_mu000045_rho030_n1.png
0.4,45,8,license_plate_bahnschrift.ttf,CBAGJWPD6YXT0RNZL49E3HSU875KFVMQ2,15,0,0,0.34,10.119289,0.843436,0.953987,CBAGJWPDSYXTURNZEAPESHSUSTSKEYMG2,0.363636,0.636364,point_previews/task000187_mu000045_rho040_n0.png
0.4,45,8,license_plate_bahnschrift.ttf,CBAGJWPD6YXT0RNZL49E3HSU875KFVMQ2,15,0,1,0.34,10.119289,0.843436,0.953987,CBAGJNPDSYXTERNZEAPESHSUBTSKEVMG2,0.363636,0.636364,point_previews/task000187_mu000045_rho040_n1.png
0.5,45,8,license_plate_bahnschrift.ttf,CBAGJWPD6YXT0RNZL49E3HSU875KFVMQ2,15,0,0,0.425,11.313708,0.8067,0.853272,CBAGJWPD6YXTURNZLYPESHSUB7SKEVMGZ,0.272727,0.727273,point_previews/task000187_mu000045_rho050_n0.png
0.5,45,8,license_plate_bahnschrift.ttf,CBAGJWPD6YXT0RNZL49E3HSU875KFVMQ2,15,0,1,0.425,11.313708,0.8067,0.853272,CBAGJWPDS6YXTRNZE49ESHSUB7SKFYMG2,0.242424,0.757576,point_previews/task000187_mu000045_rho050_n1.png
0.6,45,8,license_plate_bahnschrift.ttf,CBAGJWPD6YXT0RNZL49E3HSU875KFVMQ2,15,0,0,0.51,12.393547,0.770893,0.778927,CBAGUWPD6YXTGRNZLGESHSUBTSKFYMG2,0.30303,0.69697,point_previews/task000187_mu000045_rho060_n0.png
0.6,45,8,license_plate_bahnschrift.ttf,CBAGJWPD6YXT0RNZL49E3HSU875KFVMQ2,15,0,1,0.51,12.393547,0.770893,0.778927,CBAGJWPDSYXTURNZEGSE3HSUB7SKFVMGZ,0.272727,0.727273,point_previews/task000187_mu000045_rho060_n1.png
0.7,45,8,license_plate_bahnschrift.ttf,CBAGJWPD6YXT0RNZL49E3HSU875KFVMQ2,15,0,0,0.595,13.38656,0.735998,0.721147,CBAGJWPD6YXTURNZLGESHSUBTDKEVMQ2,0.242424,0.757576,point_previews/task000187_mu000045_rho070_n0.png
0.7,45,8,license_plate_bahnschrift.ttf,CBAGJWPD6YXT0RNZL49E3HSU875KFVMQ2,15,0,1,0.595,13.38656,0.735998,0.721147,CBAGJWPDSYXT0RNZEG9ESHSUBTSKEYMG2,0.30303,0.69697,point_previews/task000187_mu000045_rho070_n1.png
0.8,45,8,license_plate_bahnschrift.ttf,CBAGJWPD6YXT0RNZL49E3HSU875KFVMQ2,15,0,0,0.68,14.310835,0.701998,0.674571,CBAGJWPDSYXTURNZLS9ESHSUS7SKFVMG2,0.212121,0.787879,point_previews/task000187_mu000045_rho080_n0.png
0.8,45,8,license_plate_bahnschrift.ttf,CBAGJWPD6YXT0RNZL49E3HSU875KFVMQ2,15,0,1,0.68,14.310835,0.701998,0.674571,CBAGJWPD6YXTRNZLAPESHSUB7SKFVMG2,0.212121,0.787879,point_previews/task000187_mu000045_rho080_n1.png
0.9,45,8,license_plate_bahnschrift.ttf,CBAGJWPD6YXT0RNZL49E3HSU875KFVMQ2,15,0,0,0.765,15.178933,0.668877,0.635992,CBAGJWPD6YXTRNZLAPESHSUB75KFVMG2,0.181818,0.818182,point_previews/task000187_mu000045_rho090_n0.png
0.9,45,8,license_plate_bahnschrift.ttf,CBAGJWPD6YXT0RNZL49E3HSU875KFVMQ2,15,0,1,0.765,15.178933,0.668877,0.635992,CBAGJWPDS6YXTRNZLAPESHSUS7SKFVMG2,0.242424,0.757576,point_previews/task000187_mu000045_rho090_n1.png
1.0,45,8,license_plate_bahnschrift.ttf,CBAGJWPD6YXT0RNZL49E3HSU875KFVMQ2,15,0,0,0.85,16.0,0.63662,0.603355,CBAGJWPDBYXTDRNZLG9ESHSUBTSKFYMQ2,0.242424,0.757576,point_previews/task000187_mu000045_rho100_n0.png
1.0,45,8,license_plate_bahnschrift.ttf,CBAGJWPD6YXT0RNZL49E3HSU875KFVMQ2,15,0,1,0.85,16.0,0.63662,0.603355,CBAGJWPD6YXT0RNZL49ESHSUBTSKFVMG2,0.151515,0.848485,point_previews/task000187_mu000045_rho100_n1.png
0.1,64,8,license_plate_bahnschrift.ttf,CBAGJWPD6YXT0RNZL49E3HSU875KFVMQ2,15,0,0,0.085,5.059644,0.959381,1.907975,EBATWPR6YXTRRNZESTESNSURTSREUMAZ,0.545455,0.454545,point_previews/task000188_mu000064_rho010_n0.png
0.1,64,8,license_plate_bahnschrift.ttf,CBAGJWPD6YXT0RNZL49E3HSU875KFVMQ2,15,0,1,0.085,5.059644,0.959381,1.907975,CEAGWPLBYXTERNELATESHSGE7SKEHBL2,0.484848,0.515152,point_previews/task000188_mu000064_rho010_n1.png
0.2,64,8,license_plate_bahnschrift.ttf,CBAGJWPD6YXT0RNZL49E3HSU875KFVMQ2,15,0,0,0.17,7.155418,0.919759,1.349142,CBAGJWEDSYXTURNZLASESHSU87SKEVM2,0.272727,0.727273,point_previews/task000188_mu000064_rho020_n0.png
0.2,64,8,license_plate_bahnschrift.ttf,CBAGJWPD6YXT0RNZL49E3HSU875KFVMQ2,15,0,1,0.17,7.155418,0.919759,1.349142,,1.0,0.0,point_previews/task000188_mu000064_rho020_n1.png
0.3,64,8,license_plate_bahnschrift.ttf,CBAGJWPD6YXT0RNZL49E3HSU875KFVMQ2,15,0,0,0.255,8.763561,0.881116,1.10157,,1.0,0.0,point_previews/task000188_mu000064_rho030_n0.png
0.3,64,8,license_plate_bahnschrift.ttf,CBAGJWPD6YXT0RNZL49E3HSU875KFVMQ2,15,0,1,0.255,8.763561,0.881116,1.10157,CBAGJWPD6YXTERNZLGSESHSUBTSKEVMG2,0.272727,0.727273,point_previews/task000188_mu000064_rho030_n1.png
0.4,64,8,license_plate_bahnschrift.ttf,CBAGJWPD6YXT0RNZL49E3HSU875KFVMQ2,15,0,0,0.34,10.119289,0.843436,0.953987,CBAGJWPD6YXTURNZLAPESHSUBTSKFEVMG2,0.272727,0.727273,point_previews/task000188_mu000064_rho040_n0.png
0.4,64,8,license_plate_bahnschrift.ttf,CBAGJWPD6YXT0RNZL49E3HSU875KFVMQ2,15,0,1,0.34,10.119289,0.843436,0.953987,CBAGJWPD6YXTRNZLAPESHSU87SKFVMG2,0.181818,0.818182,point_previews/task000188_mu000064_rho040_n1.png
0.5,64,8,license_plate_bahnschrift.ttf,CBAGJWPD6YXT0RNZL49E3HSU875KFVMQ2,15,0,0,0.425,11.313708,0.8067,0.853272,CBAGJWPD6YXTURNZL4VESHSUSTSKFVMG2,0.212121,0.787879,point_previews/task000188_mu000064_rho050_n0.png
0.5,64,8,license_plate_bahnschrift.ttf,CBAGJWPD6YXT0RNZL49E3HSU875KFVMQ2,15,0,1,0.425,11.313708,0.8067,0.853272,CBAGJWPD6YXTURNZLASESHSUBTSKFYMG2,0.272727,0.727273,point_previews/task000188_mu000064_rho050_n1.png
0.6,64,8,license_plate_bahnschrift.ttf,CBAGJWPD6YXT0RNZL49E3HSU875KFVMQ2,15,0,0,0.51,12.393547,0.770893,0.778927,CBAGJWPDS6YXTURNZLAPESHSUBTSKPVMQ2,0.272727,0.727273,point_previews/task000188_mu000064_rho060_n0.png
0.6,64,8,license_plate_bahnschrift.ttf,CBAGJWPD6YXT0RNZL49E3HSU875KFVMQ2,15,0,1,0.51,12.393547,0.770893,0.778927,CBAGJWPD6YXTRNZLZ9ESHSU87SKFYMG2,0.181818,0.818182,point_previews/task000188_mu000064_rho060_n1.png
0.7,64,8,license_plate_bahnschrift.ttf,CBAGJWPD6YXT0RNZL49E3HSU875KFVMQ2,15,0,0,0.595,13.38656,0.735998,0.721147,CBAGJWPD6YXT0RNZL49E3HSUB7SKFYMG2,0.121212,0.878788,point_previews/task000188_mu000064_rho070_n0.png
0.7,64,8,license_plate_bahnschrift.ttf,CBAGJWPD6YXT0RNZL49E3HSU875KFVMQ2,15,0,1,0.595,13.38656,0.735998,0.721147,CBAGJWPD6YXTRNZLA9E3HSUB75KFVMG2,0.121212,0.878788,point_previews/task000188_mu000064_rho070_n1.png
0.8,64,8,license_plate_bahnschrift.ttf,CBAGJWPD6YXT0RNZL49E3HSU875KFVMQ2,15,0,0,0.68,14.310835,0.701998,0.674571,CBAGJWPD6YXT0RNZLAPESHSU875KFVMQ2,0.090909,0.909091,point_previews/task000188_mu000064_rho080_n0.png
0.8,64,8,license_plate_bahnschrift.ttf,CBAGJWPD6YXT0RNZL49E3HSU875KFVMQ2,15,0,1,0.68,14.310835,0.701998,0.674571,CBAGJWPD6YXT0RNZLA9ESHSU875KFVMQ2,0.060606,0.939394,point_previews/task000188_mu000064_rho080_n1.png
0.9,64,8,license_plate_bahnschrift.ttf,CBAGJWPD6YXT0RNZL49E3HSU875KFVMQ2,15,0,0,0.765,15.178933,0.668877,0.635992,CBAGJWPD6YXT0RNZL49ESHSUB75KFVMG2,0.090909,0.909091,point_previews/task000188_mu000064_rho090_n0.png
0.9,64,8,license_plate_bahnschrift.ttf,CBAGJWPD6YXT0RNZL49E3HSU875KFVMQ2,15,0,1,0.765,15.178933,0.668877,0.635992,CBAGJWPD6YXTRNZL49E3HSUB75KFVMQ2,0.060606,0.939394,point_previews/task000188_mu000064_rho090_n1.png
1.0,64,8,license_plate_bahnschrift.ttf,CBAGJWPD6YXT0RNZL49E3HSU875KFVMQ2,15,0,0,0.85,16.0,0.63662,0.603355,CBAGJWPD6YXTURNZLG9ESHSUB75KFYMQ2,0.151515,0.848485,point_previews/task000188_mu000064_rho100_n0.png
1.0,64,8,license_plate_bahnschrift.ttf,CBAGJWPD6YXT0RNZL49E3HSU875KFVMQ2,15,0,1,0.85,16.0,0.63662,0.603355,CBAGJWPD6YXT0RNZL49E3HSU875KFVMQ2,0.0,1.0,point_previews/task000188_mu000064_rho100_n1.png
0.1,4,8,license_plate_bahnschrift.ttf,CBAGJWPD6YXT0RNZL49E3HSU875KFVMQ2,15,3,0,0.085,5.059644,0.959381,1.907975,SRARARENCEHULLSDSGB,0.848485,0.151515,point_previews/task000189_mu000004_rho010_n0.png
0.1,4,8,license_plate_bahnschrift.ttf,CBAGJWPD6YXT0RNZL49E3HSU875KFVMQ2,15,3,1,0.085,5.059644,0.959381,1.907975,,1.0,0.0,point_previews/task000189_mu000004_rho010_n1.png
0.2,4,8,license_plate_bahnschrift.ttf,CBAGJWPD6YXT0RNZL49E3HSU875KFVMQ2,15,3,0,0.17,7.155418,0.919759,1.349142,,1.0,0.0,point_previews/task000189_mu000004_rho020_n0.png
0.2,4,8,license_plate_bahnschrift.ttf,CBAGJWPD6YXT0RNZL49E3HSU875KFVMQ2,15,3,1,0.17,7.155418,0.919759,1.349142,,1.0,0.0,point_previews/task000189_mu000004_rho020_n1.png
0.3,4,8,license_plate_bahnschrift.ttf,CBAGJWPD6YXT0RNZL49E3HSU875KFVMQ2,15,3,0,0.255,8.763561,0.881116,1.10157,,1.0,0.0,point_previews/task000189_mu000004_rho030_n0.png
0.3,4,8,license_plate_bahnschrift.ttf,CBAGJWPD6YXT0RNZL49E3HSU875KFVMQ2,15,3,1,0.255,8.763561,0.881116,1.10157,SEDRNENELTAREREGENRUBLA,0.878788,0.121212,point_previews/task000189_mu000004_rho030_n1.png
0.4,4,8,license_plate_bahnschrift.ttf,CBAGJWPD6YXT0RNZL49E3HSU875KFVMQ2,15,3,0,0.34,10.119289,0.843436,0.953987,,1.0,0.0,point_previews/task000189_mu000004_rho040_n0.png
0.4,4,8,license_plate_bahnschrift.ttf,CBAGJWPD6YXT0RNZL49E3HSU875KFVMQ2,15,3,1,0.34,10.119289,0.843436,0.953987,,1.0,0.0,point_previews/task000189_mu000004_rho040_n1.png
0.5,4,8,license_plate_bahnschrift.ttf,CBAGJWPD6YXT0RNZL49E3HSU875KFVMQ2,15,3,0,0.425,11.313708,0.8067,0.853272,BGSLEREECPS,0.848485,0.151515,point_previews/task000189_mu000004_rho050_n0.png
0.5,4,8,license_plate_bahnschrift.ttf,CBAGJWPD6YXT0RNZL49E3HSU875KFVMQ2,15,3,1,0.425,11.313708,0.8067,0.853272,GERWSRTRERPPNPSUPRENS,0.848485,0.151515,point_previews/task000189_mu000004_rho050_n1.png
0.6,4,8,license_plate_bahnschrift.ttf,CBAGJWPD6YXT0RNZL49E3HSU875KFVMQ2,15,3,0,0.51,12.393547,0.770893,0.778927,HEELEPRRRGNSCUR2BEGGNRTRSHE,0.939394,0.060606,point_previews/task000189_mu000004_rho060_n0.png
0.6,4,8,license_plate_bahnschrift.ttf,CBAGJWPD6YXT0RNZL49E3HSU875KFVMQ2,15,3,1,0.51,12.393547,0.770893,0.778927,BCRPAETUARASRPUENRS,0.848485,0.151515,point_previews/task000189_mu000004_rho060_n1.png
0.7,4,8,license_plate_bahnschrift.ttf,CBAGJWPD6YXT0RNZL49E3HSU875KFVMQ2,15,3,0,0.595,13.38656,0.735998,0.721147,TARSESETRESESEE,0.848485,0.151515,point_previews/task000189_mu000004_rho070_n0.png
0.7,4,8,license_plate_bahnschrift.ttf,CBAGJWPD6YXT0RNZL49E3HSU875KFVMQ2,15,3,1,0.595,13.38656,0.735998,0.721147,LTMPUSETRSPR,0.878788,0.121212,point_previews/task000189_mu000004_rho070_n1.png
0.8,4,8,license_plate_bahnschrift.ttf,CBAGJWPD6YXT0RNZL49E3HSU875KFVMQ2,15,3,0,0.68,14.310835,0.701998,0.674571,LSEAHPRRPRECL,0.909091,0.090909,point_previews/task000189_mu000004_rho080_n0.png
0.8,4,8,license_plate_bahnschrift.ttf,CBAGJWPD6YXT0RNZL49E3HSU875KFVMQ2,15,3,1,0.68,14.310835,0.701998,0.674571,SCSACHAUESBSUNTR,0.878788,0.121212,point_previews/task000189_mu000004_rho080_n1.png
0.9,4,8,license_plate_bahnschrift.ttf,CBAGJWPD6YXT0RNZL49E3HSU875KFVMQ2,15,3,0,0.765,15.178933,0.668877,0.635992,ERGDUPBEYETQRTSLMSERSRCE,0.757576,0.242424,point_previews/task000189_mu000004_rho090_n0.png
0.9,4,8,license_plate_bahnschrift.ttf,CBAGJWPD6YXT0RNZL49E3HSU875KFVMQ2,15,3,1,0.765,15.178933,0.668877,0.635992,PGGARANEENTST0RRG7BERVETCEE,0.878788,0.121212,point_previews/task000189_mu000004_rho090_n1.png
1.0,4,8,license_plate_bahnschrift.ttf,CBAGJWPD6YXT0RNZL49E3HSU875KFVMQ2,15,3,0,0.85,16.0,0.63662,0.603355,ASSSARGSENVAESBSENELS,0.878788,0.121212,point_previews/task000189_mu000004_rho100_n0.png
1.0,4,8,license_plate_bahnschrift.ttf,CBAGJWPD6YXT0RNZL49E3HSU875KFVMQ2,15,3,1,0.85,16.0,0.63662,0.603355,REESWVESSEKCPCRCARSAAS,0.939394,0.060606,point_previews/task000189_mu000004_rho100_n1.png
0.1,6,8,license_plate_bahnschrift.ttf,CBAGJWPD6YXT0RNZL49E3HSU875KFVMQ2,15,3,0,0.085,5.059644,0.959381,1.907975,SSARDRUREAASNGPLMTRTDCPEU,0.909091,0.090909,point_previews/task000190_mu000006_rho010_n0.png
0.1,6,8,license_plate_bahnschrift.ttf,CBAGJWPD6YXT0RNZL49E3HSU875KFVMQ2,15,3,1,0.085,5.059644,0.959381,1.907975,,1.0,0.0,point_previews/task000190_mu000006_rho010_n1.png
0.2,6,8,license_plate_bahnschrift.ttf,CBAGJWPD6YXT0RNZL49E3HSU875KFVMQ2,15,3,0,0.17,7.155418,0.919759,1.349142,PTRRADGMTSB,0.878788,0.121212,point_previews/task000190_mu000006_rho020_n0.png
0.2,6,8,license_plate_bahnschrift.ttf,CBAGJWPD6YXT0RNZL49E3HSU875KFVMQ2,15,3,1,0.17,7.155418,0.919759,1.349142,,1.0,0.0,point_previews/task000190_mu000006_rho020_n1.png
0.3,6,8,license_plate_bahnschrift.ttf,CBAGJWPD6YXT0RNZL49E3HSU875KFVMQ2,15,3,0,0.255,8.763561,0.881116,1.10157,SADESWBREAT,0.878788,0.121212,point_previews/task000190_mu000006_rho030_n0.png
0.3,6,8,license_plate_bahnschrift.ttf,CBAGJWPD6YXT0RNZL49E3HSU875KFVMQ2,15,3,1,0.255,8.763561,0.881116,1.10157,PFEESEMNERPDESETATE5,0.878788,0.121212,point_previews/task000190_mu000006_rho030_n1.png
0.4,6,8,license_plate_bahnschrift.ttf,CBAGJWPD6YXT0RNZL49E3HSU875KFVMQ2,15,3,0,0.34,10.119289,0.843436,0.953987,NSPARREHEPPUCRRDSSMPR,0.848485,0.151515,point_previews/task000190_mu000006_rho040_n0.png
0.4,6,8,license_plate_bahnschrift.ttf,CBAGJWPD6YXT0RNZL49E3HSU875KFVMQ2,15,3,1,0.34,10.119289,0.843436,0.953987,VDGHMRGNL,0.909091,0.090909,point_previews/task000190_mu000006_rho040_n1.png
0.5,6,8,license_plate_bahnschrift.ttf,CBAGJWPD6YXT0RNZL49E3HSU875KFVMQ2,15,3,0,0.425,11.313708,0.8067,0.853272,BHAESAUAAATARATECSSCES,0.848485,0.151515,point_previews/task000190_mu000006_rho050_n0.png
0.5,6,8,license_plate_bahnschrift.ttf,CBAGJWPD6YXT0RNZL49E3HSU875KFVMQ2,15,3,1,0.425,11.313708,0.8067,0.853272,SRSRSERTUREESSSESHE,0.878788,0.121212,point_previews/task000190_mu000006_rho050_n1.png
0.6,6,8,license_plate_bahnschrift.ttf,CBAGJWPD6YXT0RNZL49E3HSU875KFVMQ2,15,3,0,0.51,12.393547,0.770893,0.778927,ACEREPALDNTGPELETSGRMTE,0.818182,0.181818,point_previews/task000190_mu000006_rho060_n0.png
0.6,6,8,license_plate_bahnschrift.ttf,CBAGJWPD6YXT0RNZL49E3HSU875KFVMQ2,15,3,1,0.51,12.393547,0.770893,0.778927,,1.0,0.0,point_previews/task000190_mu000006_rho060_n1.png
0.7,6,8,license_plate_bahnschrift.ttf,CBAGJWPD6YXT0RNZL49E3HSU875KFVMQ2,15,3,0,0.595,13.38656,0.735998,0.721147,CUASUEBARWRGRSUEAEA,0.848485,0.151515,point_previews/task000190_mu000006_rho070_n0.png
0.7,6,8,license_plate_bahnschrift.ttf,CBAGJWPD6YXT0RNZL49E3HSU875KFVMQ2,15,3,1,0.595,13.38656,0.735998,0.721147,SGENBDRLRPNASLSAURTRENEEE,0.878788,0.121212,point_previews/task000190_mu000006_rho070_n1.png
0.8,6,8,license_plate_bahnschrift.ttf,CBAGJWPD6YXT0RNZL49E3HSU875KFVMQ2,15,3,0,0.68,14.310835,0.701998,0.674571,CRAGYRDEYRMRESRSETM,0.727273,0.272727,point_previews/task000190_mu000006_rho080_n0.png
0.8,6,8,license_plate_bahnschrift.ttf,CBAGJWPD6YXT0RNZL49E3HSU875KFVMQ2,15,3,1,0.68,14.310835,0.701998,0.674571,EBAGSMADEYSPURZELUTYS,0.727273,0.272727,point_previews/task000190_mu000006_rho080_n1.png
0.9,6,8,license_plate_bahnschrift.ttf,CBAGJWPD6YXT0RNZL49E3HSU875KFVMQ2,15,3,0,0.765,15.178933,0.668877,0.635992,CSAGTHEDSYMTBEELAVERASHHTSRPQT,0.69697,0.30303,point_previews/task000190_mu000006_rho090_n0.png
0.9,6,8,license_plate_bahnschrift.ttf,CBAGJWPD6YXT0RNZL49E3HSU875KFVMQ2,15,3,1,0.765,15.178933,0.668877,0.635992,CREGTPEYRARESESSUSERES,0.757576,0.242424,point_previews/task000190_mu000006_rho090_n1.png
1.0,6,8,license_plate_bahnschrift.ttf,CBAGJWPD6YXT0RNZL49E3HSU875KFVMQ2,15,3,0,0.85,16.0,0.63662,0.603355,SEEAGAUAURDRNEEESEHRUEREVAD,0.787879,0.212121,point_previews/task000190_mu000006_rho100_n0.png
1.0,6,8,license_plate_bahnschrift.ttf,CBAGJWPD6YXT0RNZL49E3HSU875KFVMQ2,15,3,1,0.85,16.0,0.63662,0.603355,TRBRGBAPDSTERNSASES,0.757576,0.242424,point_previews/task000190_mu000006_rho100_n1.png
0.1,8,8,license_plate_bahnschrift.ttf,CBAGJWPD6YXT0RNZL49E3HSU875KFVMQ2,15,3,0,0.085,5.059644,0.959381,1.907975,MHRLTTPT,0.939394,0.060606,point_previews/task000191_mu000008_rho010_n0.png
0.1,8,8,license_plate_bahnschrift.ttf,CBAGJWPD6YXT0RNZL49E3HSU875KFVMQ2,15,3,1,0.085,5.059644,0.959381,1.907975,,1.0,0.0,point_previews/task000191_mu000008_rho010_n1.png
0.2,8,8,license_plate_bahnschrift.ttf,CBAGJWPD6YXT0RNZL49E3HSU875KFVMQ2,15,3,0,0.17,7.155418,0.919759,1.349142,APAESDASTTSSTNTAR,0.878788,0.121212,point_previews/task000191_mu000008_rho020_n0.png
0.2,8,8,license_plate_bahnschrift.ttf,CBAGJWPD6YXT0RNZL49E3HSU875KFVMQ2,15,3,1,0.17,7.155418,0.919759,1.349142,RVRRRAANES,0.909091,0.090909,point_previews/task000191_mu000008_rho020_n1.png
0.3,8,8,license_plate_bahnschrift.ttf,CBAGJWPD6YXT0RNZL49E3HSU875KFVMQ2,15,3,0,0.255,8.763561,0.881116,1.10157,SEEASASUREATHTPRESRCRGNV,0.878788,0.121212,point_previews/task000191_mu000008_rho030_n0.png
0.3,8,8,license_plate_bahnschrift.ttf,CBAGJWPD6YXT0RNZL49E3HSU875KFVMQ2,15,3,1,0.255,8.763561,0.881116,1.10157,SESRUERLRARPLBREA,0.909091,0.090909,point_previews/task000191_mu000008_rho030_n1.png
0.4,8,8,license_plate_bahnschrift.ttf,CBAGJWPD6YXT0RNZL49E3HSU875KFVMQ2,15,3,0,0.34,10.119289,0.843436,0.953987,CLPAEVENVULRBDSLENSSPAED,0.878788,0.121212,point_previews/task000191_mu000008_rho040_n0.png
0.4,8,8,license_plate_bahnschrift.ttf,CBAGJWPD6YXT0RNZL49E3HSU875KFVMQ2,15,3,1,0.34,10.119289,0.843436,0.953987,SCMSTREBTVRBRA,0.909091,0.090909,point_previews/task000191_mu000008_rho040_n1.png
0.5,8,8,license_plate_bahnschrift.ttf,CBAGJWPD6YXT0RNZL49E3HSU875KFVMQ2,15,3,0,0.425,11.313708,0.8067,0.853272,SERREWEDGTMTSRATESSUDSCCRNS,0.787879,0.212121,point_previews/task000191_mu000008_rho050_n0.png
0.5,8,8,license_plate_bahnschrift.ttf,CBAGJWPD6YXT0RNZL49E3HSU875KFVMQ2,15,3,1,0.425,11.313708,0.8067,0.853272,HNSWENSTRKRSRE,0.878788,0.121212,point_previews/task000191_mu000008_rho050_n1.png
0.6,8,8,license_plate_bahnschrift.ttf,CBAGJWPD6YXT0RNZL49E3HSU875KFVMQ2,15,3,0,0.51,12.393547,0.770893,0.778927,RRNAEDEYSTURNESAFEEASDESSRER,0.787879,0.212121,point_previews/task000191_mu000008_rho060_n0.png
0.6,8,8,license_plate_bahnschrift.ttf,CBAGJWPD6YXT0RNZL49E3HSU875KFVMQ2,15,3,1,0.51,12.393547,0.770893,0.778927,DERABAPURTRTRRNZESEEHSUSTGPVMY,0.666667,0.333333,point_previews/task000191_mu000008_rho060_n1.png
0.7,8,8,license_plate_bahnschrift.ttf,CBAGJWPD6YXT0RNZL49E3HSU875KFVMQ2,15,3,0,0.595,13.38656,0.735998,0.721147,,1.0,0.0,point_previews/task000191_mu000008_rho070_n0.png
0.7,8,8,license_plate_bahnschrift.ttf,CBAGJWPD6YXT0RNZL49E3HSU875KFVMQ2,15,3,1,0.595,13.38656,0.735998,0.721147,SCRASDYREDRTURNZURSEBARTR,0.818182,0.181818,point_previews/task000191_mu000008_rho070_n1.png
0.8,8,8,license_plate_bahnschrift.ttf,CBAGJWPD6YXT0RNZL49E3HSU875KFVMQ2,15,3,0,0.68,14.310835,0.701998,0.674571,SCGSGJNEDSTRTGRNALAERSHELSPPS,0.727273,0.272727,point_previews/task000191_mu000008_rho080_n0.png
0.8,8,8,license_plate_bahnschrift.ttf,CBAGJWPD6YXT0RNZL49E3HSU875KFVMQ2,15,3,1,0.68,14.310835,0.701998,0.674571,ABSGDWPDEYRTURNZEAPETESURTEREMD,0.575758,0.424242,point_previews/task000191_mu000008_rho080_n1.png
0.9,8,8,license_plate_bahnschrift.ttf,CBAGJWPD6YXT0RNZL49E3HSU875KFVMQ2,15,3,0,0.765,15.178933,0.668877,0.635992,,1.0,0.0,point_previews/task000191_mu000008_rho090_n0.png
0.9,8,8,license_plate_bahnschrift.ttf,CBAGJWPD6YXT0RNZL49E3HSU875KFVMQ2,15,3,1,0.765,15.178933,0.668877,0.635992,CBASBWADEYXTURRZERPESHSURTSHEFGGR,0.575758,0.424242,point_previews/task000191_mu000008_rho090_n1.png
1.0,8,8,license_plate_bahnschrift.ttf,CBAGJWPD6YXT0RNZL49E3HSU875KFVMQ2,15,3,0,0.85,16.0,0.63662,0.603355,CEAGWRDGYSTRNELSSESASUBSKEGE,0.575758,0.424242,point_previews/task000191_mu000008_rho100_n0.png
1.0,8,8,license_plate_bahnschrift.ttf,CBAGJWPD6YXT0RNZL49E3HSU875KFVMQ2,15,3,1,0.85,16.0,0.63662,0.603355,,1.0,0.0,point_previews/task000191_mu000008_rho100_n1.png
0.1,11,8,license_plate_bahnschrift.ttf,CBAGJWPD6YXT0RNZL49E3HSU875KFVMQ2,15,3,0,0.085,5.059644,0.959381,1.907975,BPRMPRNSRNE,0.848485,0.151515,point_previews/task000192_mu000011_rho010_n0.png
0.1,11,8,license_plate_bahnschrift.ttf,CBAGJWPD6YXT0RNZL49E3HSU875KFVMQ2,15,3,1,0.085,5.059644,0.959381,1.907975,,1.0,0.0,point_previews/task000192_mu000011_rho010_n1.png
0.2,11,8,license_plate_bahnschrift.ttf,CBAGJWPD6YXT0RNZL49E3HSU875KFVMQ2,15,3,0,0.17,7.155418,0.919759,1.349142,RANMMUENESPNEY,0.878788,0.121212,point_previews/task000192_mu000011_rho020_n0.png
0.2,11,8,license_plate_bahnschrift.ttf,CBAGJWPD6YXT0RNZL49E3HSU875KFVMQ2,15,3,1,0.17,7.155418,0.919759,1.349142,RRUNANRMATERARABP,0.939394,0.060606,point_previews/task000192_mu000011_rho020_n1.png
0.3,11,8,license_plate_bahnschrift.ttf,CBAGJWPD6YXT0RNZL49E3HSU875KFVMQ2,15,3,0,0.255,8.763561,0.881116,1.10157,EAEERSGRRRB0EFRPH,0.878788,0.121212,point_previews/task000192_mu000011_rho030_n0.png
0.3,11,8,license_plate_bahnschrift.ttf,CBAGJWPD6YXT0RNZL49E3HSU875KFVMQ2,15,3,1,0.255,8.763561,0.881116,1.10157,RRAESTADEHETARNAESRTSHATSRERGS,0.818182,0.181818,point_previews/task000192_mu000011_rho030_n1.png
0.4,11,8,license_plate_bahnschrift.ttf,CBAGJWPD6YXT0RNZL49E3HSU875KFVMQ2,15,3,0,0.34,10.119289,0.843436,0.953987,EEESWWERATTRR2ESSEDSSRTEHEMS,0.818182,0.181818,point_previews/task000192_mu000011_rho040_n0.png
0.4,11,8,license_plate_bahnschrift.ttf,CBAGJWPD6YXT0RNZL49E3HSU875KFVMQ2,15,3,1,0.34,10.119289,0.843436,0.953987,SCUAGTRDARMLESHS87AKRYES,0.666667,0.333333,point_previews/task000192_mu000011_rho040_n1.png
0.5,11,8,license_plate_bahnschrift.ttf,CBAGJWPD6YXT0RNZL49E3HSU875KFVMQ2,15,3,0,0.425,11.313708,0.8067,0.853272,ESASUMRDARTURNZERVESUSTSRRLTTS,0.727273,0.272727,point_previews/task000192_mu000011_rho050_n0.png
0.5,11,8,license_plate_bahnschrift.ttf,CBAGJWPD6YXT0RNZL49E3HSU875KFVMQ2,15,3,1,0.425,11.313708,0.8067,0.853272,EHGGFNPRANTURRZATECLSFSK,0.757576,0.242424,point_previews/task000192_mu000011_rho050_n1.png
0.6,11,8,license_plate_bahnschrift.ttf,CBAGJWPD6YXT0RNZL49E3HSU875KFVMQ2,15,3,0,0.51,12.393547,0.770893,0.778927,ERAGTWPDEYXTURNZLEYESASUE25REGD,0.515152,0.484848,point_previews/task000192_mu000011_rho060_n0.png
0.6,11,8,license_plate_bahnschrift.ttf,CBAGJWPD6YXT0RNZL49E3HSU875KFVMQ2,15,3,1,0.51,12.393547,0.770893,0.778927,,1.0,0.0,point_previews/task000192_mu000011_rho060_n1.png
0.7,11,8,license_plate_bahnschrift.ttf,CBAGJWPD6YXT0RNZL49E3HSU875KFVMQ2,15,3,0,0.595,13.38656,0.735998,0.721147,EBAGNEUSYATGRNZLSSESHSURTSKEVMGS,0.515152,0.484848,point_previews/task000192_mu000011_rho070_n0.png
0.7,11,8,license_plate_bahnschrift.ttf,CBAGJWPD6YXT0RNZL49E3HSU875KFVMQ2,15,3,1,0.595,13.38656,0.735998,0.721147,ABNGSMRUGTURNESAERHSFSKEMGS,0.69697,0.30303,point_previews/task000192_mu000011_rho070_n1.png
0.8,11,8,license_plate_bahnschrift.ttf,CBAGJWPD6YXT0RNZL49E3HSU875KFVMQ2,15,3,0,0.68,14.310835,0.701998,0.674571,CASGMPBAYXTURNZEGSERHSURTSEPUMD,0.575758,0.424242,point_previews/task000192_mu000011_rho080_n0.png
0.8,11,8,license_plate_bahnschrift.ttf,CBAGJWPD6YXT0RNZL49E3HSU875KFVMQ2,15,3,1,0.68,14.310835,0.701998,0.674571,DRASJWRURYSEGRKZLASESHSUSTSENM,0.636364,0.363636,point_previews/task000192_mu000011_rho080_n1.png
0.9,11,8,license_plate_bahnschrift.ttf,CBAGJWPD6YXT0RNZL49E3HSU875KFVMQ2,15,3,0,0.765,15.178933,0.668877,0.635992,,1.0,0.0,point_previews/task000192_mu000011_rho090_n0.png
0.9,11,8,license_plate_bahnschrift.ttf,CBAGJWPD6YXT0RNZL49E3HSU875KFVMQ2,15,3,1,0.765,15.178933,0.668877,0.635992,CBAGTNEDSERLURBZLAPESHSR7SKEMED2,0.575758,0.424242,point_previews/task000192_mu000011_rho090_n1.png
1.0,11,8,license_plate_bahnschrift.ttf,CBAGJWPD6YXT0RNZL49E3HSU875KFVMQ2,15,3,0,0.85,16.0,0.63662,0.603355,,1.0,0.0,point_previews/task000192_mu000011_rho100_n0.png
1.0,11,8,license_plate_bahnschrift.ttf,CBAGJWPD6YXT0RNZL49E3HSU875KFVMQ2,15,3,1,0.85,16.0,0.63662,0.603355,CBAGTNPRSYXTURNZEZESASBSKPYG,0.575758,0.424242,point_previews/task000192_mu000011_rho100_n1.png
0.1,16,8,license_plate_bahnschrift.ttf,CBAGJWPD6YXT0RNZL49E3HSU875KFVMQ2,15,3,0,0.085,5.059644,0.959381,1.907975,STCRRSCCAAE,0.909091,0.090909,point_previews/task000193_mu000016_rho010_n0.png
0.1,16,8,license_plate_bahnschrift.ttf,CBAGJWPD6YXT0RNZL49E3HSU875KFVMQ2,15,3,1,0.085,5.059644,0.959381,1.907975,PAANTMRNSSATNMLCTLE,0.848485,0.151515,point_previews/task000193_mu000016_rho010_n1.png
0.2,16,8,license_plate_bahnschrift.ttf,CBAGJWPD6YXT0RNZL49E3HSU875KFVMQ2,15,3,0,0.17,7.155418,0.919759,1.349142,ESWWRLTANBELESTUEDRSYHLLES,0.878788,0.121212,point_previews/task000193_mu000016_rho020_n0.png
0.2,16,8,license_plate_bahnschrift.ttf,CBAGJWPD6YXT0RNZL49E3HSU875KFVMQ2,15,3,1,0.17,7.155418,0.919759,1.349142,FESTUS,0.939394,0.060606,point_previews/task000193_mu000016_rho020_n1.png
0.3,16,8,license_plate_bahnschrift.ttf,CBAGJWPD6YXT0RNZL49E3HSU875KFVMQ2,15,3,0,0.255,8.763561,0.881116,1.10157,CBAGSEGPLEDREECUESASERTEREUME,0.757576,0.242424,point_previews/task000193_mu000016_rho030_n0.png
0.3,16,8,license_plate_bahnschrift.ttf,CBAGJWPD6YXT0RNZL49E3HSU875KFVMQ2,15,3,1,0.255,8.763561,0.881116,1.10157,CAGWERSEATRMSRHSEUMGE,0.727273,0.272727,point_previews/task000193_mu000016_rho030_n1.png
0.4,16,8,license_plate_bahnschrift.ttf,CBAGJWPD6YXT0RNZL49E3HSU875KFVMQ2,15,3,0,0.34,10.119289,0.843436,0.953987,CEAGUMPEDRTSTGRNZESUSUSTEREYMTS,0.636364,0.363636,point_previews/task000193_mu000016_rho040_n0.png
0.4,16,8,license_plate_bahnschrift.ttf,CBAGJWPD6YXT0RNZL49E3HSU875KFVMQ2,15,3,1,0.34,10.119289,0.843436,0.953987,,1.0,0.0,point_previews/task000193_mu000016_rho040_n1.png
0.5,16,8,license_plate_bahnschrift.ttf,CBAGJWPD6YXT0RNZL49E3HSU875KFVMQ2,15,3,0,0.425,11.313708,0.8067,0.853272,,1.0,0.0,point_previews/task000193_mu000016_rho050_n0.png
0.5,16,8,license_plate_bahnschrift.ttf,CBAGJWPD6YXT0RNZL49E3HSU875KFVMQ2,15,3,1,0.425,11.313708,0.8067,0.853272,,1.0,0.0,point_previews/task000193_mu000016_rho050_n1.png
0.6,16,8,license_plate_bahnschrift.ttf,CBAGJWPD6YXT0RNZL49E3HSU875KFVMQ2,15,3,0,0.51,12.393547,0.770893,0.778927,,1.0,0.0,point_previews/task000193_mu000016_rho060_n0.png
0.6,16,8,license_plate_bahnschrift.ttf,CBAGJWPD6YXT0RNZL49E3HSU875KFVMQ2,15,3,1,0.51,12.393547,0.770893,0.778927,,1.0,0.0,point_previews/task000193_mu000016_rho060_n1.png
0.7,16,8,license_plate_bahnschrift.ttf,CBAGJWPD6YXT0RNZL49E3HSU875KFVMQ2,15,3,0,0.595,13.38656,0.735998,0.721147,CEAGJWEDSYXTURNEERPESHSUS7SKEVMGR,0.424242,0.575758,point_previews/task000193_mu000016_rho070_n0.png
0.7,16,8,license_plate_bahnschrift.ttf,CBAGJWPD6YXT0RNZL49E3HSU875KFVMQ2,15,3,1,0.595,13.38656,0.735998,0.721147,CSRGTNEDSYXTURNZESESHSURYSKEVMG2,0.484848,0.515152,point_previews/task000193_mu000016_rho070_n1.png
0.8,16,8,license_plate_bahnschrift.ttf,CBAGJWPD6YXT0RNZL49E3HSU875KFVMQ2,15,3,0,0.68,14.310835,0.701998,0.674571,,1.0,0.0,point_previews/task000193_mu000016_rho080_n0.png
0.8,16,8,license_plate_bahnschrift.ttf,CBAGJWPD6YXT0RNZL49E3HSU875KFVMQ2,15,3,1,0.68,14.310835,0.701998,0.674571,,1.0,0.0,point_previews/task000193_mu000016_rho080_n1.png
0.9,16,8,license_plate_bahnschrift.ttf,CBAGJWPD6YXT0RNZL49E3HSU875KFVMQ2,15,3,0,0.765,15.178933,0.668877,0.635992,,1.0,0.0,point_previews/task000193_mu000016_rho090_n0.png
0.9,16,8,license_plate_bahnschrift.ttf,CBAGJWPD6YXT0RNZL49E3HSU875KFVMQ2,15,3,1,0.765,15.178933,0.668877,0.635992,,1.0,0.0,point_previews/task000193_mu000016_rho090_n1.png
1.0,16,8,license_plate_bahnschrift.ttf,CBAGJWPD6YXT0RNZL49E3HSU875KFVMQ2,15,3,0,0.85,16.0,0.63662,0.603355,CBAGNPDGYXTURNZEGSTYSUETSKEVMG2,0.454545,0.545455,point_previews/task000193_mu000016_rho100_n0.png
1.0,16,8,license_plate_bahnschrift.ttf,CBAGJWPD6YXT0RNZL49E3HSU875KFVMQ2,15,3,1,0.85,16.0,0.63662,0.603355,,1.0,0.0,point_previews/task000193_mu000016_rho100_n1.png
0.1,23,8,license_plate_bahnschrift.ttf,CBAGJWPD6YXT0RNZL49E3HSU875KFVMQ2,15,3,0,0.085,5.059644,0.959381,1.907975,APEGTNBCGEBAMRYERN,0.848485,0.151515,point_previews/task000194_mu000023_rho010_n0.png
0.1,23,8,license_plate_bahnschrift.ttf,CBAGJWPD6YXT0RNZL49E3HSU875KFVMQ2,15,3,1,0.085,5.059644,0.959381,1.907975,,1.0,0.0,point_previews/task000194_mu000023_rho010_n1.png
0.2,23,8,license_plate_bahnschrift.ttf,CBAGJWPD6YXT0RNZL49E3HSU875KFVMQ2,15,3,0,0.17,7.155418,0.919759,1.349142,,1.0,0.0,point_previews/task000194_mu000023_rho020_n0.png
0.2,23,8,license_plate_bahnschrift.ttf,CBAGJWPD6YXT0RNZL49E3HSU875KFVMQ2,15,3,1,0.17,7.155418,0.919759,1.349142,,1.0,0.0,point_previews/task000194_mu000023_rho020_n1.png
0.3,23,8,license_plate_bahnschrift.ttf,CBAGJWPD6YXT0RNZL49E3HSU875KFVMQ2,15,3,0,0.255,8.763561,0.881116,1.10157,ESAGTNADGYETURNZGTSESHSURTSKEYMGS,0.575758,0.424242,point_previews/task000194_mu000023_rho030_n0.png
0.3,23,8,license_plate_bahnschrift.ttf,CBAGJWPD6YXT0RNZL49E3HSU875KFVMQ2,15,3,1,0.255,8.763561,0.881116,1.10157,CBAGWED6YNTRRNZEATESFSURTSKPMAG2,0.484848,0.515152,point_previews/task000194_mu000023_rho030_n1.png
0.4,23,8,license_plate_bahnschrift.ttf,CBAGJWPD6YXT0RNZL49E3HSU875KFVMQ2,15,3,0,0.34,10.119289,0.843436,0.953987,CSAGJNPRLYKTURNZRGSESHSCTDKEVM02,0.484848,0.515152,point_previews/task000194_mu000023_rho040_n0.png
0.4,23,8,license_plate_bahnschrift.ttf,CBAGJWPD6YXT0RNZL49E3HSU875KFVMQ2,15,3,1,0.34,10.119289,0.843436,0.953987,CBAGTWEDETXTQRNZEGEAHSUBTSKEWAD,0.515152,0.484848,point_previews/task000194_mu000023_rho040_n1.png
0.5,23,8,license_plate_bahnschrift.ttf,CBAGJWPD6YXT0RNZL49E3HSU875KFVMQ2,15,3,0,0.425,11.313708,0.8067,0.853272,CEAGJWPBBYXTURNZLS9ESHSUBTSKEYMG2,0.363636,0.636364,point_previews/task000194_mu000023_rho050_n0.png
0.5,23,8,license_plate_bahnschrift.ttf,CBAGJWPD6YXT0RNZL49E3HSU875KFVMQ2,15,3,1,0.425,11.313708,0.8067,0.853272,,1.0,0.0,point_previews/task000194_mu000023_rho050_n1.png
0.6,23,8,license_plate_bahnschrift.ttf,CBAGJWPD6YXT0RNZL49E3HSU875KFVMQ2,15,3,0,0.51,12.393547,0.770893,0.778927,EBAGJWPD6YXTRNZEAPESASUSTSKEVMA2,0.363636,0.636364,point_previews/task000194_mu000023_rho060_n0.png
0.6,23,8,license_plate_bahnschrift.ttf,CBAGJWPD6YXT0RNZL49E3HSU875KFVMQ2,15,3,1,0.51,12.393547,0.770893,0.778927,,1.0,0.0,point_previews/task000194_mu000023_rho060_n1.png
0.7,23,8,license_plate_bahnschrift.ttf,CBAGJWPD6YXT0RNZL49E3HSU875KFVMQ2,15,3,0,0.595,13.38656,0.735998,0.721147,CBAGJWPDSYXTURNZLLSESHSUBT5KEVMG2,0.272727,0.727273,point_previews/task000194_mu000023_rho070_n0.png
0.7,23,8,license_plate_bahnschrift.ttf,CBAGJWPD6YXT0RNZL49E3HSU875KFVMQ2,15,3,1,0.595,13.38656,0.735998,0.721147,,1.0,0.0,point_previews/task000194_mu000023_rho070_n1.png
0.8,23,8,license_plate_bahnschrift.ttf,CBAGJWPD6YXT0RNZL49E3HSU875KFVMQ2,15,3,0,0.68,14.310835,0.701998,0.674571,,1.0,0.0,point_previews/task000194_mu000023_rho080_n0.png
0.8,23,8,license_plate_bahnschrift.ttf,CBAGJWPD6YXT0RNZL49E3HSU875KFVMQ2,15,3,1,0.68,14.310835,0.701998,0.674571,,1.0,0.0,point_previews/task000194_mu000023_rho080_n1.png
0.9,23,8,license_plate_bahnschrift.ttf,CBAGJWPD6YXT0RNZL49E3HSU875KFVMQ2,15,3,0,0.765,15.178933,0.668877,0.635992,CBAGJWPDSYXTSRNZLAPESHSUBTSKEVM02,0.30303,0.69697,point_previews/task000194_mu000023_rho090_n0.png
0.9,23,8,license_plate_bahnschrift.ttf,CBAGJWPD6YXT0RNZL49E3HSU875KFVMQ2,15,3,1,0.765,15.178933,0.668877,0.635992,CEAGJWPDSYXTERNZLAPESHSUBTSKEVMQ2,0.30303,0.69697,point_previews/task000194_mu000023_rho090_n1.png
1.0,23,8,license_plate_bahnschrift.ttf,CBAGJWPD6YXT0RNZL49E3HSU875KFVMQ2,15,3,0,0.85,16.0,0.63662,0.603355,CBAGJWPDEYXTURNZLASESHSUSTSKEYMQ2,0.30303,0.69697,point_previews/task000194_mu000023_rho100_n0.png
1.0,23,8,license_plate_bahnschrift.ttf,CBAGJWPD6YXT0RNZL49E3HSU875KFVMQ2,15,3,1,0.85,16.0,0.63662,0.603355,,1.0,0.0,point_previews/task000194_mu000023_rho100_n1.png
0.1,32,8,license_plate_bahnschrift.ttf,CBAGJWPD6YXT0RNZL49E3HSU875KFVMQ2,15,3,0,0.085,5.059644,0.959381,1.907975,SEGASANPRATLREESSESEUN,0.848485,0.151515,point_previews/task000195_mu000032_rho010_n0.png
0.1,32,8,license_plate_bahnschrift.ttf,CBAGJWPD6YXT0RNZL49E3HSU875KFVMQ2,15,3,1,0.085,5.059644,0.959381,1.907975,THAGVREEADLUSSHSURTAEB,0.818182,0.181818,point_previews/task000195_mu000032_rho010_n1.png
0.2,32,8,license_plate_bahnschrift.ttf,CBAGJWPD6YXT0RNZL49E3HSU875KFVMQ2,15,3,0,0.17,7.155418,0.919759,1.349142,,1.0,0.0,point_previews/task000195_mu000032_rho020_n0.png
0.2,32,8,license_plate_bahnschrift.ttf,CBAGJWPD6YXT0RNZL49E3HSU875KFVMQ2,15,3,1,0.17,7.155418,0.919759,1.349142,SCNGWEDSYXTGRNZESFESHSURTSREVAG,0.575758,0.424242,point_previews/task000195_mu000032_rho020_n1.png
0.3,32,8,license_plate_bahnschrift.ttf,CBAGJWPD6YXT0RNZL49E3HSU875KFVMQ2,15,3,0,0.255,8.763561,0.881116,1.10157,CENGANPDAYXTURNEESSESHSUBSKEVMD2,0.484848,0.515152,point_previews/task000195_mu000032_rho030_n0.png
0.3,32,8,license_plate_bahnschrift.ttf,CBAGJWPD6YXT0RNZL49E3HSU875KFVMQ2,15,3,1,0.255,8.763561,0.881116,1.10157,0BAGJWPREYXTRRZESPESHSUSTSKPVMAD,0.454545,0.545455,point_previews/task000195_mu000032_rho030_n1.png
0.4,32,8,license_plate_bahnschrift.ttf,CBAGJWPD6YXT0RNZL49E3HSU875KFVMQ2,15,3,0,0.34,10.119289,0.843436,0.953987,,1.0,0.0,point_previews/task000195_mu000032_rho040_n0.png
0.4,32,8,license_plate_bahnschrift.ttf,CBAGJWPD6YXT0RNZL49E3HSU875KFVMQ2,15,3,1,0.34,10.119289,0.843436,0.953987,,1.0,0.0,point_previews/task000195_mu000032_rho040_n1.png
0.5,32,8,license_plate_bahnschrift.ttf,CBAGJWPD6YXT0RNZL49E3HSU875KFVMQ2,15,3,0,0.425,11.313708,0.8067,0.853272,CBAGJWPD6YXTRNZELSESHSUS7SKEVMG2,0.272727,0.727273,point_previews/task000195_mu000032_rho050_n0.png
0.5,32,8,license_plate_bahnschrift.ttf,CBAGJWPD6YXT0RNZL49E3HSU875KFVMQ2,15,3,1,0.425,11.313708,0.8067,0.853272,,1.0,0.0,point_previews/task000195_mu000032_rho050_n1.png
0.6,32,8,license_plate_bahnschrift.ttf,CBAGJWPD6YXT0RNZL49E3HSU875KFVMQ2,15,3,0,0.51,12.393547,0.770893,0.778927,CBAGJWPDSYXTURNZLAPESHSUSTSKEVMG2,0.30303,0.69697,point_previews/task000195_mu000032_rho060_n0.png
0.6,32,8,license_plate_bahnschrift.ttf,CBAGJWPD6YXT0RNZL49E3HSU875KFVMQ2,15,3,1,0.51,12.393547,0.770893,0.778927,CBAGNEDEYXTURNZEAEZHSUBTSKEVMD2,0.424242,0.575758,point_previews/task000195_mu000032_rho060_n1.png
0.7,32,8,license_plate_bahnschrift.ttf,CBAGJWPD6YXT0RNZL49E3HSU875KFVMQ2,15,3,0,0.595,13.38656,0.735998,0.721147,CBAGJWPDSYXTURNZE49E3HSLB7SKEVM02,0.242424,0.757576,point_previews/task000195_mu000032_rho070_n0.png
0.7,32,8,license_plate_bahnschrift.ttf,CBAGJWPD6YXT0RNZL49E3HSU875KFVMQ2,15,3,1,0.595,13.38656,0.735998,0.721147,CSAGJWPDSYXTURNZLSSESHSUBTSKEVMD2,0.333333,0.666667,point_previews/task000195_mu000032_rho070_n1.png
0.8,32,8,license_plate_bahnschrift.ttf,CBAGJWPD6YXT0RNZL49E3HSU875KFVMQ2,15,3,0,0.68,14.310835,0.701998,0.674571,CBAGJWPD4YXTURNZLASESHSUS7TSKEVMD2,0.30303,0.69697,point_previews/task000195_mu000032_rho080_n0.png
0.8,32,8,license_plate_bahnschrift.ttf,CBAGJWPD6YXT0RNZL49E3HSU875KFVMQ2,15,3,1,0.68,14.310835,0.701998,0.674571,CBAGJWPDSYXTURNZEAVERHSUB7SKEVMG2,0.30303,0.69697,point_previews/task000195_mu000032_rho080_n1.png
0.9,32,8,license_plate_bahnschrift.ttf,CBAGJWPD6YXT0RNZL49E3HSU875KFVMQ2,15,3,0,0.765,15.178933,0.668877,0.635992,CBAGJWPD6YXT0RNZELSESHSUBTSKFEVMQG2,0.272727,0.727273,point_previews/task000195_mu000032_rho090_n0.png
0.9,32,8,license_plate_bahnschrift.ttf,CBAGJWPD6YXT0RNZL49E3HSU875KFVMQ2,15,3,1,0.765,15.178933,0.668877,0.635992,CBAGJWPDSYXTRNZE49ESHSUS7SKFVMQ2,0.181818,0.818182,point_previews/task000195_mu000032_rho090_n1.png
1.0,32,8,license_plate_bahnschrift.ttf,CBAGJWPD6YXT0RNZL49E3HSU875KFVMQ2,15,3,0,0.85,16.0,0.63662,0.603355,CBAGJWPDSYXTRNZLSPESHSUB7SKEVMGZ,0.30303,0.69697,point_previews/task000195_mu000032_rho100_n0.png
1.0,32,8,license_plate_bahnschrift.ttf,CBAGJWPD6YXT0RNZL49E3HSU875KFVMQ2,15,3,1,0.85,16.0,0.63662,0.603355,CBAGJWPD6YXTRNZLZ9E3HSUB7SKPVMQZ,0.181818,0.818182,point_previews/task000195_mu000032_rho100_n1.png
0.1,45,8,license_plate_bahnschrift.ttf,CBAGJWPD6YXT0RNZL49E3HSU875KFVMQ2,15,3,0,0.085,5.059644,0.959381,1.907975,ERAGHYRDAYRTURRZEGSECUSHRTSKEMMGS,0.666667,0.333333,point_previews/task000196_mu000045_rho010_n0.png
0.1,45,8,license_plate_bahnschrift.ttf,CBAGJWPD6YXT0RNZL49E3HSU875KFVMQ2,15,3,1,0.085,5.059644,0.959381,1.907975,CEASPAPDAYSTBRNZERSUS2SKET,0.606061,0.393939,point_previews/task000196_mu000045_rho010_n1.png
0.2,45,8,license_plate_bahnschrift.ttf,CBAGJWPD6YXT0RNZL49E3HSU875KFVMQ2,15,3,0,0.17,7.155418,0.919759,1.349142,PBAGTWPDETKTARNZEZSESHSURTSKRYMA,0.515152,0.484848,point_previews/task000196_mu000045_rho020_n0.png
0.2,45,8,license_plate_bahnschrift.ttf,CBAGJWPD6YXT0RNZL49E3HSU875KFVMQ2,15,3,1,0.17,7.155418,0.919759,1.349142,CEAGJWRDENRTRNZESSESHSUSTSREUMAS,0.545455,0.454545,point_previews/task000196_mu000045_rho020_n1.png
0.3,45,8,license_plate_bahnschrift.ttf,CBAGJWPD6YXT0RNZL49E3HSU875KFVMQ2,15,3,0,0.255,8.763561,0.881116,1.10157,,1.0,0.0,point_previews/task000196_mu000045_rho030_n0.png
0.3,45,8,license_plate_bahnschrift.ttf,CBAGJWPD6YXT0RNZL49E3HSU875KFVMQ2,15,3,1,0.255,8.763561,0.881116,1.10157,CBAGJWPDSYXTHRNZLAVESHSUBTSKEVMG2,0.30303,0.69697,point_previews/task000196_mu000045_rho030_n1.png
0.4,45,8,license_plate_bahnschrift.ttf,CBAGJWPD6YXT0RNZL49E3HSU875KFVMQ2,15,3,0,0.34,10.119289,0.843436,0.953987,CBAGJWPD6YXT0RNZLAPESHSUBTSKFVMG2,0.212121,0.787879,point_previews/task000196_mu000045_rho040_n0.png
0.4,45,8,license_plate_bahnschrift.ttf,CBAGJWPD6YXT0RNZL49E3HSU875KFVMQ2,15,3,1,0.34,10.119289,0.843436,0.953987,,1.0,0.0,point_previews/task000196_mu000045_rho040_n1.png
0.5,45,8,license_plate_bahnschrift.ttf,CBAGJWPD6YXT0RNZL49E3HSU875KFVMQ2,15,3,0,0.425,11.313708,0.8067,0.853272,CBAGJWPDS6YXTRNZLLESHSUB7SKFVMG2,0.242424,0.757576,point_previews/task000196_mu000045_rho050_n0.png
0.5,45,8,license_plate_bahnschrift.ttf,CBAGJWPD6YXT0RNZL49E3HSU875KFVMQ2,15,3,1,0.425,11.313708,0.8067,0.853272,,1.0,0.0,point_previews/task000196_mu000045_rho050_n1.png
0.6,45,8,license_plate_bahnschrift.ttf,CBAGJWPD6YXT0RNZL49E3HSU875KFVMQ2,15,3,0,0.51,12.393547,0.770893,0.778927,CBAGJWPDSYXT0RNZL49ESHSUSTSKEVMA2,0.212121,0.787879,point_previews/task000196_mu000045_rho060_n0.png
0.6,45,8,license_plate_bahnschrift.ttf,CBAGJWPD6YXT0RNZL49E3HSU875KFVMQ2,15,3,1,0.51,12.393547,0.770893,0.778927,CBAGJWPD6YXTGRNZESSESHSUBTSKEYMG2,0.333333,0.666667,point_previews/task000196_mu000045_rho060_n1.png
0.7,45,8,license_plate_bahnschrift.ttf,CBAGJWPD6YXT0RNZL49E3HSU875KFVMQ2,15,3,0,0.595,13.38656,0.735998,0.721147,CBAGJWPD6YXTURNZLASESHSUBTSKFVMG2,0.242424,0.757576,point_previews/task000196_mu000045_rho070_n0.png
0.7,45,8,license_plate_bahnschrift.ttf,CBAGJWPD6YXT0RNZL49E3HSU875KFVMQ2,15,3,1,0.595,13.38656,0.735998,0.721147,CBAGJWPD6YXT0RNZL49E3HSUB7SKFYMG2,0.121212,0.878788,point_previews/task000196_mu000045_rho070_n1.png
0.8,45,8,license_plate_bahnschrift.ttf,CBAGJWPD6YXT0RNZL49E3HSU875KFVMQ2,15,3,0,0.68,14.310835,0.701998,0.674571,CBAGJWPD6YXTURNZL49ESHSUBTSKEVMG2,0.212121,0.787879,point_previews/task000196_mu000045_rho080_n0.png
0.8,45,8,license_plate_bahnschrift.ttf,CBAGJWPD6YXT0RNZL49E3HSU875KFVMQ2,15,3,1,0.68,14.310835,0.701998,0.674571,CBAGJWPDSYXTGRNZL49ESHSUB7SKFYMA2,0.212121,0.787879,point_previews/task000196_mu000045_rho080_n1.png
0.9,45,8,license_plate_bahnschrift.ttf,CBAGJWPD6YXT0RNZL49E3HSU875KFVMQ2,15,3,0,0.765,15.178933,0.668877,0.635992,CBAGJWPDSYXTURNZL4SESHSUBTSKEVMQ2,0.242424,0.757576,point_previews/task000196_mu000045_rho090_n0.png
0.9,45,8,license_plate_bahnschrift.ttf,CBAGJWPD6YXT0RNZL49E3HSU875KFVMQ2,15,3,1,0.765,15.178933,0.668877,0.635992,CBAGJWPD6YXTRNZL4SESHSUETSKFVMG2,0.212121,0.787879,point_previews/task000196_mu000045_rho090_n1.png
1.0,45,8,license_plate_bahnschrift.ttf,CBAGJWPD6YXT0RNZL49E3HSU875KFVMQ2,15,3,0,0.85,16.0,0.63662,0.603355,CSAGJWPD6YXTRNZL49ESHSUBTSKFVMG2,0.212121,0.787879,point_previews/task000196_mu000045_rho100_n0.png
1.0,45,8,license_plate_bahnschrift.ttf,CBAGJWPD6YXT0RNZL49E3HSU875KFVMQ2,15,3,1,0.85,16.0,0.63662,0.603355,C8AGJWPDSYXTRNZLASESHSUBTSKFVMG2,0.30303,0.69697,point_previews/task000196_mu000045_rho100_n1.png
0.1,64,8,license_plate_bahnschrift.ttf,CBAGJWPD6YXT0RNZL49E3HSU875KFVMQ2,15,3,0,0.085,5.059644,0.959381,1.907975,UESAGSWPRRYRTERNZERSESHSURRSKEGHGR,0.606061,0.393939,point_previews/task000197_mu000064_rho010_n0.png
0.1,64,8,license_plate_bahnschrift.ttf,CBAGJWPD6YXT0RNZL49E3HSU875KFVMQ2,15,3,1,0.085,5.059644,0.959381,1.907975,2CBAGANETBPNTURZLZRESHSURTSKEYR,0.636364,0.363636,point_previews/task000197_mu000064_rho010_n1.png
0.2,64,8,license_plate_bahnschrift.ttf,CBAGJWPD6YXT0RNZL49E3HSU875KFVMQ2,15,3,0,0.17,7.155418,0.919759,1.349142,SCBAGUWPBBYXTURNZES9EFHSUSTSKEVMG2,0.393939,0.606061,point_previews/task000197_mu000064_rho020_n0.png
0.2,64,8,license_plate_bahnschrift.ttf,CBAGJWPD6YXT0RNZL49E3HSU875KFVMQ2,15,3,1,0.17,7.155418,0.919759,1.349142,CBAGJWPDEYXTURNZLEPSEQHSUBPSKEVMD2,0.333333,0.666667,point_previews/task000197_mu000064_rho020_n1.png
0.3,64,8,license_plate_bahnschrift.ttf,CBAGJWPD6YXT0RNZL49E3HSU875KFVMQ2,15,3,0,0.255,8.763561,0.881116,1.10157,,1.0,0.0,point_previews/task000197_mu000064_rho030_n0.png
0.3,64,8,license_plate_bahnschrift.ttf,CBAGJWPD6YXT0RNZL49E3HSU875KFVMQ2,15,3,1,0.255,8.763561,0.881116,1.10157,,1.0,0.0,point_previews/task000197_mu000064_rho030_n1.png
0.4,64,8,license_plate_bahnschrift.ttf,CBAGJWPD6YXT0RNZL49E3HSU875KFVMQ2,15,3,0,0.34,10.119289,0.843436,0.953987,CBAGJWPDSYXTURNZESPESHSUB7SKFVMGZ,0.30303,0.69697,point_previews/task000197_mu000064_rho040_n0.png
0.4,64,8,license_plate_bahnschrift.ttf,CBAGJWPD6YXT0RNZL49E3HSU875KFVMQ2,15,3,1,0.34,10.119289,0.843436,0.953987,CBAGJWPD6YXT0RNZEAESHSUBTSKEVMQ2,0.242424,0.757576,point_previews/task000197_mu000064_rho040_n1.png
0.5,64,8,license_plate_bahnschrift.ttf,CBAGJWPD6YXT0RNZL49E3HSU875KFVMQ2,15,3,0,0.425,11.313708,0.8067,0.853272,CBAGJWPD6YXTURNZL4QESHSUSTSKFYM2,0.242424,0.757576,point_previews/task000197_mu000064_rho050_n0.png
0.5,64,8,license_plate_bahnschrift.ttf,CBAGJWPD6YXT0RNZL49E3HSU875KFVMQ2,15,3,1,0.425,11.313708,0.8067,0.853272,CBAGJWPD6YXTURNZL49E3HSUBTSKFVMG2,0.151515,0.848485,point_previews/task000197_mu000064_rho050_n1.png
0.6,64,8,license_plate_bahnschrift.ttf,CBAGJWPD6YXT0RNZL49E3HSU875KFVMQ2,15,3,0,0.51,12.393547,0.770893,0.778927,CBAGJWPD6YXTURNZL49E3HSUS75SKFVMQ2,0.090909,0.909091,point_previews/task000197_mu000064_rho060_n0.png
0.6,64,8,license_plate_bahnschrift.ttf,CBAGJWPD6YXT0RNZL49E3HSU875KFVMQ2,15,3,1,0.51,12.393547,0.770893,0.778927,CBAGJWPDSYXTRNZLASESHSURTSKFVM2,0.272727,0.727273,point_previews/task000197_mu000064_rho060_n1.png
0.7,64,8,license_plate_bahnschrift.ttf,CBAGJWPD6YXT0RNZL49E3HSU875KFVMQ2,15,3,0,0.595,13.38656,0.735998,0.721147,CBAGJWPD6YXTURNZLAPESHSUB7SKFVMG2,0.212121,0.787879,point_previews/task000197_mu000064_rho070_n0.png
0.7,64,8,license_plate_bahnschrift.ttf,CBAGJWPD6YXT0RNZL49E3HSU875KFVMQ2,15,3,1,0.595,13.38656,0.735998,0.721147,CBAGJWPD6YXTRNZL4SESHSUBTSKFVMG2,0.212121,0.787879,point_previews/task000197_mu000064_rho070_n1.png
0.8,64,8,license_plate_bahnschrift.ttf,CBAGJWPD6YXT0RNZL49E3HSU875KFVMQ2,15,3,0,0.68,14.310835,0.701998,0.674571,CBAGJWPDSYXT0RNZL49ESHSUB7SKFYMG2,0.181818,0.818182,point_previews/task000197_mu000064_rho080_n0.png
0.8,64,8,license_plate_bahnschrift.ttf,CBAGJWPD6YXT0RNZL49E3HSU875KFVMQ2,15,3,1,0.68,14.310835,0.701998,0.674571,CBAGJWPD6YXTURNZL49E3HSU87SKEVMG2,0.121212,0.878788,point_previews/task000197_mu000064_rho080_n1.png
0.9,64,8,license_plate_bahnschrift.ttf,CBAGJWPD6YXT0RNZL49E3HSU875KFVMQ2,15,3,0,0.765,15.178933,0.668877,0.635992,CBAGJWPDSYXTCRNZL49E3HSUS7SKFVMG2,0.151515,0.848485,point_previews/task000197_mu000064_rho090_n0.png
0.9,64,8,license_plate_bahnschrift.ttf,CBAGJWPD6YXT0RNZL49E3HSU875KFVMQ2,15,3,1,0.765,15.178933,0.668877,0.635992,CBEAGJWPD6YXTURNZL49YESHSUBTSKFVMG2,0.242424,0.757576,point_previews/task000197_mu000064_rho090_n1.png
1.0,64,8,license_plate_bahnschrift.ttf,CBAGJWPD6YXT0RNZL49E3HSU875KFVMQ2,15,3,0,0.85,16.0,0.63662,0.603355,CBAGJWPDEYXTURNZLA4SESHSUSTSKFVMQ2,0.242424,0.757576,point_previews/task000197_mu000064_rho100_n0.png
1.0,64,8,license_plate_bahnschrift.ttf,CBAGJWPD6YXT0RNZL49E3HSU875KFVMQ2,15,3,1,0.85,16.0,0.63662,0.603355,CBAGJWPD6YXTURNZL49E3HSUB7SKFVMG2,0.121212,0.878788,point_previews/task000197_mu000064_rho100_n1.png
0.1,4,8,license_plate_bahnschrift.ttf,CBAGJWPD6YXT0RNZL49E3HSU875KFVMQ2,15,7,0,0.085,5.059644,0.959381,1.907975,,1.0,0.0,point_previews/task000198_mu000004_rho010_n0.png
0.1,4,8,license_plate_bahnschrift.ttf,CBAGJWPD6YXT0RNZL49E3HSU875KFVMQ2,15,7,1,0.085,5.059644,0.959381,1.907975,,1.0,0.0,point_previews/task000198_mu000004_rho010_n1.png
0.2,4,8,license_plate_bahnschrift.ttf,CBAGJWPD6YXT0RNZL49E3HSU875KFVMQ2,15,7,0,0.17,7.155418,0.919759,1.349142,,1.0,0.0,point_previews/task000198_mu000004_rho020_n0.png
0.2,4,8,license_plate_bahnschrift.ttf,CBAGJWPD6YXT0RNZL49E3HSU875KFVMQ2,15,7,1,0.17,7.155418,0.919759,1.349142,,1.0,0.0,point_previews/task000198_mu000004_rho020_n1.png
0.3,4,8,license_plate_bahnschrift.ttf,CBAGJWPD6YXT0RNZL49E3HSU875KFVMQ2,15,7,0,0.255,8.763561,0.881116,1.10157,PEGLAPSNSLAVQPLPGRBSK,0.848485,0.151515,point_previews/task000198_mu000004_rho030_n0.png
0.3,4,8,license_plate_bahnschrift.ttf,CBAGJWPD6YXT0RNZL49E3HSU875KFVMQ2,15,7,1,0.255,8.763561,0.881116,1.10157,RRGTWRRSTCPL,0.878788,0.121212,point_previews/task000198_mu000004_rho030_n1.png
0.4,4,8,license_plate_bahnschrift.ttf,CBAGJWPD6YXT0RNZL49E3HSU875KFVMQ2,15,7,0,0.34,10.119289,0.843436,0.953987,CRPSERRAENSRMSAS,0.848485,0.151515,point_previews/task000198_mu000004_rho040_n0.png
0.4,4,8,license_plate_bahnschrift.ttf,CBAGJWPD6YXT0RNZL49E3HSU875KFVMQ2,15,7,1,0.34,10.119289,0.843436,0.953987,ERERRPALDEUAGESERRP,0.878788,0.121212,point_previews/task000198_mu000004_rho040_n1.png
0.5,4,8,license_plate_bahnschrift.ttf,CBAGJWPD6YXT0RNZL49E3HSU875KFVMQ2,15,7,0,0.425,11.313708,0.8067,0.853272,GSTWARTNCANSUDESUEN,0.848485,0.151515,point_previews/task000198_mu000004_rho050_n0.png
0.5,4,8,license_plate_bahnschrift.ttf,CBAGJWPD6YXT0RNZL49E3HSU875KFVMQ2,15,7,1,0.425,11.313708,0.8067,0.853272,SEDNHFDSPMS,0.878788,0.121212,point_previews/task000198_mu000004_rho050_n1.png
0.6,4,8,license_plate_bahnschrift.ttf,CBAGJWPD6YXT0RNZL49E3HSU875KFVMQ2,15,7,0,0.51,12.393547,0.770893,0.778927,RTCHNACPLEMANMAN,0.878788,0.121212,point_previews/task000198_mu000004_rho060_n0.png
0.6,4,8,license_plate_bahnschrift.ttf,CBAGJWPD6YXT0RNZL49E3HSU875KFVMQ2,15,7,1,0.51,12.393547,0.770893,0.778927,PEBARRYCRNESSAT,0.818182,0.181818,point_previews/task000198_mu000004_rho060_n1.png
0.7,4,8,license_plate_bahnschrift.ttf,CBAGJWPD6YXT0RNZL49E3HSU875KFVMQ2,15,7,0,0.595,13.38656,0.735998,0.721147,3GEPRHG,0.878788,0.121212,point_previews/task000198_mu000004_rho070_n0.png
0.7,4,8,license_plate_bahnschrift.ttf,CBAGJWPD6YXT0RNZL49E3HSU875KFVMQ2,15,7,1,0.595,13.38656,0.735998,0.721147,REASASESRUKERTR2PAM,0.878788,0.121212,point_previews/task000198_mu000004_rho070_n1.png
0.8,4,8,license_plate_bahnschrift.ttf,CBAGJWPD6YXT0RNZL49E3HSU875KFVMQ2,15,7,0,0.68,14.310835,0.701998,0.674571,APTEPAAGENTARDLRLSNGAPENPUUAES,0.878788,0.121212,point_previews/task000198_mu000004_rho080_n0.png
0.8,4,8,license_plate_bahnschrift.ttf,CBAGJWPD6YXT0RNZL49E3HSU875KFVMQ2,15,7,1,0.68,14.310835,0.701998,0.674571,MPRSSTNEPNSAGRSHNTSRE,0.848485,0.151515,point_previews/task000198_mu000004_rho080_n1.png
0.9,4,8,license_plate_bahnschrift.ttf,CBAGJWPD6YXT0RNZL49E3HSU875KFVMQ2,15,7,0,0.765,15.178933,0.668877,0.635992,GBSLHAYUS,0.909091,0.090909,point_previews/task000198_mu000004_rho090_n0.png
0.9,4,8,license_plate_bahnschrift.ttf,CBAGJWPD6YXT0RNZL49E3HSU875KFVMQ2,15,7,1,0.765,15.178933,0.668877,0.635992,,1.0,0.0,point_previews/task000198_mu000004_rho090_n1.png
1.0,4,8,license_plate_bahnschrift.ttf,CBAGJWPD6YXT0RNZL49E3HSU875KFVMQ2,15,7,0,0.85,16.0,0.63662,0.603355,SRRGRPLANNTADGASASRSGSPRMESY,0.878788,0.121212,point_previews/task000198_mu000004_rho100_n0.png
1.0,4,8,license_plate_bahnschrift.ttf,CBAGJWPD6YXT0RNZL49E3HSU875KFVMQ2,15,7,1,0.85,16.0,0.63662,0.603355,SPRSLAAENSASSMSS,0.818182,0.181818,point_previews/task000198_mu000004_rho100_n1.png
0.1,6,8,license_plate_bahnschrift.ttf,CBAGJWPD6YXT0RNZL49E3HSU875KFVMQ2,15,7,0,0.085,5.059644,0.959381,1.907975,,1.0,0.0,point_previews/task000199_mu000006_rho010_n0.png
0.1,6,8,license_plate_bahnschrift.ttf,CBAGJWPD6YXT0RNZL49E3HSU875KFVMQ2,15,7,1,0.085,5.059644,0.959381,1.907975,RULGEAENNAERAGES,0.878788,0.121212,point_previews/task000199_mu000006_rho010_n1.png
0.2,6,8,license_plate_bahnschrift.ttf,CBAGJWPD6YXT0RNZL49E3HSU875KFVMQ2,15,7,0,0.17,7.155418,0.919759,1.349142,PCECEET,0.939394,0.060606,point_previews/task000199_mu000006_rho020_n0.png
0.2,6,8,license_plate_bahnschrift.ttf,CBAGJWPD6YXT0RNZL49E3HSU875KFVMQ2,15,7,1,0.17,7.155418,0.919759,1.349142,SUPTATUYRETNERSREAESEED,0.878788,0.121212,point_previews/task000199_mu000006_rho020_n1.png
0.3,6,8,license_plate_bahnschrift.ttf,CBAGJWPD6YXT0RNZL49E3HSU875KFVMQ2,15,7,0,0.255,8.763561,0.881116,1.10157,TPERDNFFANGMYRYFRSPR,0.909091,0.090909,point_previews/task000199_mu000006_rho030_n0.png
0.3,6,8,license_plate_bahnschrift.ttf,CBAGJWPD6YXT0RNZL49E3HSU875KFVMQ2,15,7,1,0.255,8.763561,0.881116,1.10157,TRRGERCTRENTBEYRSESSEESES,0.848485,0.151515,point_previews/task000199_mu000006_rho030_n1.png
0.4,6,8,license_plate_bahnschrift.ttf,CBAGJWPD6YXT0RNZL49E3HSU875KFVMQ2,15,7,0,0.34,10.119289,0.843436,0.953987,SSRRNEARECSCTS,0.878788,0.121212,point_previews/task000199_mu000006_rho040_n0.png
0.4,6,8,license_plate_bahnschrift.ttf,CBAGJWPD6YXT0RNZL49E3HSU875KFVMQ2,15,7,1,0.34,10.119289,0.843436,0.953987,SERERRKRT,0.909091,0.090909,point_previews/task000199_mu000006_rho040_n1.png
0.5,6,8,license_plate_bahnschrift.ttf,CBAGJWPD6YXT0RNZL49E3HSU875KFVMQ2,15,7,0,0.425,11.313708,0.8067,0.853272,DGRUEETWAPSP,0.909091,0.090909,point_previews/task000199_mu000006_rho050_n0.png
0.5,6,8,license_plate_bahnschrift.ttf,CBAGJWPD6YXT0RNZL49E3HSU875KFVMQ2,15,7,1,0.425,11.313708,0.8067,0.853272,MPLRELEREPMEHUNSLRRULE,0.848485,0.151515,point_previews/task000199_mu000006_rho050_n1.png
0.6,6,8,license_plate_bahnschrift.ttf,CBAGJWPD6YXT0RNZL49E3HSU875KFVMQ2,15,7,0,0.51,12.393547,0.770893,0.778927,SPANTTAREBYRAQERESSRRS,0.878788,0.121212,point_previews/task000199_mu000006_rho060_n0.png
0.6,6,8,license_plate_bahnschrift.ttf,CBAGJWPD6YXT0RNZL49E3HSU875KFVMQ2,15,7,1,0.51,12.393547,0.770893,0.778927,CANESYBPAETELY,0.848485,0.151515,point_previews/task000199_mu000006_rho060_n1.png
0.7,6,8,license_plate_bahnschrift.ttf,CBAGJWPD6YXT0RNZL49E3HSU875KFVMQ2,15,7,0,0.595,13.38656,0.735998,0.721147,ESADPMSTBYRTERMREEEASD,0.818182,0.181818,point_previews/task000199_mu000006_rho070_n0.png
0.7,6,8,license_plate_bahnschrift.ttf,CBAGJWPD6YXT0RNZL49E3HSU875KFVMQ2,15,7,1,0.595,13.38656,0.735998,0.721147,LRABTUMDGELARSGARYEASERBREZ,0.848485,0.151515,point_previews/task000199_mu000006_rho070_n1.png
0.8,6,8,license_plate_bahnschrift.ttf,CBAGJWPD6YXT0RNZL49E3HSU875KFVMQ2,15,7,0,0.68,14.310835,0.701998,0.674571,CSMETAPUEUSTERNASBUER,0.818182,0.181818,point_previews/task000199_mu000006_rho080_n0.png
0.8,6,8,license_plate_bahnschrift.ttf,CBAGJWPD6YXT0RNZL49E3HSU875KFVMQ2,15,7,1,0.68,14.310835,0.701998,0.674571,CRACAADSRYEGREESESRESPSPS,0.818182,0.181818,point_previews/task000199_mu000006_rho080_n1.png
0.9,6,8,license_plate_bahnschrift.ttf,CBAGJWPD6YXT0RNZL49E3HSU875KFVMQ2,15,7,0,0.765,15.178933,0.668877,0.635992,SEBAGSUEDARTDRNESAYETERRTAREYG,0.787879,0.212121,point_previews/task000199_mu000006_rho090_n0.png
0.9,6,8,license_plate_bahnschrift.ttf,CBAGJWPD6YXT0RNZL49E3HSU875KFVMQ2,15,7,1,0.765,15.178933,0.668877,0.635992,SCHASSREGACUTETEGFESSSAREVESEE,0.878788,0.121212,point_previews/task000199_mu000006_rho090_n1.png
1.0,6,8,license_plate_bahnschrift.ttf,CBAGJWPD6YXT0RNZL49E3HSU875KFVMQ2,15,7,0,0.85,16.0,0.63662,0.603355,BEMTEPAURTRNTEESHSGBRES,0.757576,0.242424,point_previews/task000199_mu000006_rho100_n0.png
1.0,6,8,license_plate_bahnschrift.ttf,CBAGJWPD6YXT0RNZL49E3HSU875KFVMQ2,15,7,1,0.85,16.0,0.63662,0.603355,CEAGSPGEYETERRPLLSERGEESTUEGMTED,0.727273,0.272727,point_previews/task000199_mu000006_rho100_n1.png
0.1,8,8,license_plate_bahnschrift.ttf,CBAGJWPD6YXT0RNZL49E3HSU875KFVMQ2,15,7,0,0.085,5.059644,0.959381,1.907975,PSNPRNEETCMTCENEPS,0.878788,0.121212,point_previews/task000200_mu000008_rho010_n0.png
0.1,8,8,license_plate_bahnschrift.ttf,CBAGJWPD6YXT0RNZL49E3HSU875KFVMQ2,15,7,1,0.085,5.059644,0.959381,1.907975,,1.0,0.0,point_previews/task000200_mu000008_rho010_n1.png
0.2,8,8,license_plate_bahnschrift.ttf,CBAGJWPD6YXT0RNZL49E3HSU875KFVMQ2,15,7,0,0.17,7.155418,0.919759,1.349142,RMUPREPECSRATPSHRALPARTERRP,0.909091,0.090909,point_previews/task000200_mu000008_rho020_n0.png
0.2,8,8,license_plate_bahnschrift.ttf,CBAGJWPD6YXT0RNZL49E3HSU875KFVMQ2,15,7,1,0.17,7.155418,0.919759,1.349142,,1.0,0.0,point_previews/task000200_mu000008_rho020_n1.png
0.3,8,8,license_plate_bahnschrift.ttf,CBAGJWPD6YXT0RNZL49E3HSU875KFVMQ2,15,7,0,0.255,8.763561,0.881116,1.10157,PEESEETRPNDGANREMESY,0.909091,0.090909,point_previews/task000200_mu000008_rho030_n0.png
0.3,8,8,license_plate_bahnschrift.ttf,CBAGJWPD6YXT0RNZL49E3HSU875KFVMQ2,15,7,1,0.255,8.763561,0.881116,1.10157,SEHAEFERRE,0.909091,0.090909,point_previews/task000200_mu000008_rho030_n1.png
0.4,8,8,license_plate_bahnschrift.ttf,CBAGJWPD6YXT0RNZL49E3HSU875KFVMQ2,15,7,0,0.34,10.119289,0.843436,0.953987,AMSSENTBRTSBANGKSA,0.848485,0.151515,point_previews/task000200_mu000008_rho040_n0.png
0.4,8,8,license_plate_bahnschrift.ttf,CBAGJWPD6YXT0RNZL49E3HSU875KFVMQ2,15,7,1,0.34,10.119289,0.843436,0.953987,PEASHAUGPREDE,0.909091,0.090909,point_previews/task000200_mu000008_rho040_n1.png
0.5,8,8,license_plate_bahnschrift.ttf,CBAGJWPD6YXT0RNZL49E3HSU875KFVMQ2,15,7,0,0.425,11.313708,0.8067,0.853272,CENEPEREFYAT0RGTGABHREBNKCATS,0.787879,0.212121,point_previews/task000200_mu000008_rho050_n0.png
0.5,8,8,license_plate_bahnschrift.ttf,CBAGJWPD6YXT0RNZL49E3HSU875KFVMQ2,15,7,1,0.425,11.313708,0.8067,0.853272,PRMEWAUGYRTDRALAPEGASUAM,0.727273,0.272727,point_previews/task000200_mu000008_rho050_n1.png
0.6,8,8,license_plate_bahnschrift.ttf,CBAGJWPD6YXT0RNZL49E3HSU875KFVMQ2,15,7,0,0.51,12.393547,0.770893,0.778927,,1.0,0.0,point_previews/task000200_mu000008_rho060_n0.png
0.6,8,8,license_plate_bahnschrift.ttf,CBAGJWPD6YXT0RNZL49E3HSU875KFVMQ2,15,7,1,0.51,12.393547,0.770893,0.778927,BSBS9,0.939394,0.060606,point_previews/task000200_mu000008_rho060_n1.png
0.7,8,8,license_plate_bahnschrift.ttf,CBAGJWPD6YXT0RNZL49E3HSU875KFVMQ2,15,7,0,0.595,13.38656,0.735998,0.721147,PEAGPARRSCDANZERUESHSUS,0.727273,0.272727,point_previews/task000200_mu000008_rho070_n0.png
0.7,8,8,license_plate_bahnschrift.ttf,CBAGJWPD6YXT0RNZL49E3HSU875KFVMQ2,15,7,1,0.595,13.38656,0.735998,0.721147,EAGRPEEYSHRGPEHSUDTSREVR,0.69697,0.30303,point_previews/task000200_mu000008_rho070_n1.png
0.8,8,8,license_plate_bahnschrift.ttf,CBAGJWPD6YXT0RNZL49E3HSU875KFVMQ2,15,7,0,0.68,14.310835,0.701998,0.674571,DEASPAXTRR2CSET4SLEBEYT,0.787879,0.212121,point_previews/task000200_mu000008_rho080_n0.png
0.8,8,8,license_plate_bahnschrift.ttf,CBAGJWPD6YXT0RNZL49E3HSU875KFVMQ2,15,7,1,0.68,14.310835,0.701998,0.674571,RASSWPUERARNAEGHSLASKD,0.727273,0.272727,point_previews/task000200_mu000008_rho080_n1.png
0.9,8,8,license_plate_bahnschrift.ttf,CBAGJWPD6YXT0RNZL49E3HSU875KFVMQ2,15,7,0,0.765,15.178933,0.668877,0.635992,SCRABSWRULSXTDRR2LEG8REGET,0.757576,0.242424,point_previews/task000200_mu000008_rho090_n0.png
0.9,8,8,license_plate_bahnschrift.ttf,CBAGJWPD6YXT0RNZL49E3HSU875KFVMQ2,15,7,1,0.765,15.178933,0.668877,0.635992,CEAGHWPDERTURNTRLGESASUEFSXELMEF,0.606061,0.393939,point_previews/task000200_mu000008_rho090_n1.png
1.0,8,8,license_plate_bahnschrift.ttf,CBAGJWPD6YXT0RNZL49E3HSU875KFVMQ2,15,7,0,0.85,16.0,0.63662,0.603355,CERGSEEDAYETARNASBHESHSURTEKEYDD,0.636364,0.363636,point_previews/task000200_mu000008_rho100_n0.png
1.0,8,8,license_plate_bahnschrift.ttf,CBAGJWPD6YXT0RNZL49E3HSU875KFVMQ2,15,7,1,0.85,16.0,0.63662,0.603355,CESGRVRLAYAURNZUATESHSURTRYM2,0.636364,0.363636,point_previews/task000200_mu000008_rho100_n1.png
0.1,11,8,license_plate_bahnschrift.ttf,CBAGJWPD6YXT0RNZL49E3HSU875KFVMQ2,15,7,0,0.085,5.059644,0.959381,1.907975,CPTLLMELBRA,0.848485,0.151515,point_previews/task000201_mu000011_rho010_n0.png
0.1,11,8,license_plate_bahnschrift.ttf,CBAGJWPD6YXT0RNZL49E3HSU875KFVMQ2,15,7,1,0.085,5.059644,0.959381,1.907975,ELELARARARNMESTRERS,0.878788,0.121212,point_previews/task000201_mu000011_rho010_n1.png
0.2,11,8,license_plate_bahnschrift.ttf,CBAGJWPD6YXT0RNZL49E3HSU875KFVMQ2,15,7,0,0.17,7.155418,0.919759,1.349142,SEANCTRSDUBSTB,0.878788,0.121212,point_previews/task000201_mu000011_rho020_n0.png
0.2,11,8,license_plate_bahnschrift.ttf,CBAGJWPD6YXT0RNZL49E3HSU875KFVMQ2,15,7,1,0.17,7.155418,0.919759,1.349142,PLEETE,0.909091,0.090909,point_previews/task000201_mu000011_rho020_n1.png
0.3,11,8,license_plate_bahnschrift.ttf,CBAGJWPD6YXT0RNZL49E3HSU875KFVMQ2,15,7,0,0.255,8.763561,0.881116,1.10157,SSRUDEDAEDRTESEREB,0.878788,0.121212,point_previews/task000201_mu000011_rho030_n0.png
0.3,11,8,license_plate_bahnschrift.ttf,CBAGJWPD6YXT0RNZL49E3HSU875KFVMQ2,15,7,1,0.255,8.763561,0.881116,1.10157,ESAANTNERCMER4SERSLRBAET,0.848485,0.151515,point_previews/task000201_mu000011_rho030_n1.png
0.4,11,8,license_plate_bahnschrift.ttf,CBAGJWPD6YXT0RNZL49E3HSU875KFVMQ2,15,7,0,0.34,10.119289,0.843436,0.953987,SGEAEASTGSTRNAERUEERCUETEREVRAN,0.818182,0.181818,point_previews/task000201_mu000011_rho040_n0.png
0.4,11,8,license_plate_bahnschrift.ttf,CBAGJWPD6YXT0RNZL49E3HSU875KFVMQ2,15,7,1,0.34,10.119289,0.843436,0.953987,SSAPRRNTB8RCRARYRYES,0.878788,0.121212,point_previews/task000201_mu000011_rho040_n1.png
0.5,11,8,license_plate_bahnschrift.ttf,CBAGJWPD6YXT0RNZL49E3HSU875KFVMQ2,15,7,0,0.425,11.313708,0.8067,0.853272,SEADTNRDSYRBRNELASSSASESRSHBD,0.787879,0.212121,point_previews/task000201_mu000011_rho050_n0.png
0.5,11,8,license_plate_bahnschrift.ttf,CBAGJWPD6YXT0RNZL49E3HSU875KFVMQ2,15,7,1,0.425,11.313708,0.8067,0.853272,CERGDYPBETRTURNEBEEASTEVR,0.727273,0.272727,point_previews/task000201_mu000011_rho050_n1.png
0.6,11,8,license_plate_bahnschrift.ttf,CBAGJWPD6YXT0RNZL49E3HSU875KFVMQ2,15,7,0,0.51,12.393547,0.770893,0.778927,PEAGANPUSYRTURCERESHSSBKREVS,0.69697,0.30303,point_previews/task000201_mu000011_rho060_n0.png
0.6,11,8,license_plate_bahnschrift.ttf,CBAGJWPD6YXT0RNZL49E3HSU875KFVMQ2,15,7,1,0.51,12.393547,0.770893,0.778927,DESMBYPUBLXTURRZEAVESHSURTBNE,0.727273,0.272727,point_previews/task000201_mu000011_rho060_n1.png
0.7,11,8,license_plate_bahnschrift.ttf,CBAGJWPD6YXT0RNZL49E3HSU875KFVMQ2,15,7,0,0.595,13.38656,0.735998,0.721147,CRAGTNPUPYRTSRN2LA5EBHEGRTEREVMED,0.606061,0.393939,point_previews/task000201_mu000011_rho070_n0.png
0.7,11,8,license_plate_bahnschrift.ttf,CBAGJWPD6YXT0RNZL49E3HSU875KFVMQ2,15,7,1,0.595,13.38656,0.735998,0.721147,SBAGTVPUSPUPANTSEESHSUSTSKPVES,0.666667,0.333333,point_previews/task000201_mu000011_rho070_n1.png
0.8,11,8,license_plate_bahnschrift.ttf,CBAGJWPD6YXT0RNZL49E3HSU875KFVMQ2,15,7,0,0.68,14.310835,0.701998,0.674571,,1.0,0.0,point_previews/task000201_mu000011_rho080_n0.png
0.8,11,8,license_plate_bahnschrift.ttf,CBAGJWPD6YXT0RNZL49E3HSU875KFVMQ2,15,7,1,0.68,14.310835,0.701998,0.674571,SCSABWEDSYYTRNZLAFESHSHABREVND,0.606061,0.393939,point_previews/task000201_mu000011_rho080_n1.png
0.9,11,8,license_plate_bahnschrift.ttf,CBAGJWPD6YXT0RNZL49E3HSU875KFVMQ2,15,7,0,0.765,15.178933,0.668877,0.635992,,1.0,0.0,point_previews/task000201_mu000011_rho090_n0.png
0.9,11,8,license_plate_bahnschrift.ttf,CBAGJWPD6YXT0RNZL49E3HSU875KFVMQ2,15,7,1,0.765,15.178933,0.668877,0.635992,,1.0,0.0,point_previews/task000201_mu000011_rho090_n1.png
1.0,11,8,license_plate_bahnschrift.ttf,CBAGJWPD6YXT0RNZL49E3HSU875KFVMQ2,15,7,0,0.85,16.0,0.63662,0.603355,SCEABNEDRXTRNZLASEAHSHS7BKEYMGR,0.575758,0.424242,point_previews/task000201_mu000011_rho100_n0.png
1.0,11,8,license_plate_bahnschrift.ttf,CBAGJWPD6YXT0RNZL49E3HSU875KFVMQ2,15,7,1,0.85,16.0,0.63662,0.603355,CEAGWPEGTXTURNZLASESASURTSKEVMD2,0.454545,0.545455,point_previews/task000201_mu000011_rho100_n1.png
0.1,16,8,license_plate_bahnschrift.ttf,CBAGJWPD6YXT0RNZL49E3HSU875KFVMQ2,15,7,0,0.085,5.059644,0.959381,1.907975,TRTSRENSECSSPR,0.878788,0.121212,point_previews/task000202_mu000016_rho010_n0.png
0.1,16,8,license_plate_bahnschrift.ttf,CBAGJWPD6YXT0RNZL49E3HSU875KFVMQ2,15,7,1,0.085,5.059644,0.959381,1.907975,MRSPUCRAATRLUDERS,0.848485,0.151515,point_previews/task000202_mu000016_rho010_n1.png
0.2,16,8,license_plate_bahnschrift.ttf,CBAGJWPD6YXT0RNZL49E3HSU875KFVMQ2,15,7,0,0.17,7.155418,0.919759,1.349142,ACTDUAWATEENSEGRMEEVERACPASTEW,0.909091,0.090909,point_previews/task000202_mu000016_rho020_n0.png
0.2,16,8,license_plate_bahnschrift.ttf,CBAGJWPD6YXT0RNZL49E3HSU875KFVMQ2,15,7,1,0.17,7.155418,0.919759,1.349142,EPSSTSRENEPEELARLHEATG,0.878788,0.121212,point_previews/task000202_mu000016_rho020_n1.png
0.3,16,8,license_plate_bahnschrift.ttf,CBAGJWPD6YXT0RNZL49E3HSU875KFVMQ2,15,7,0,0.255,8.763561,0.881116,1.10157,EBRGRREHBYSTRRRZCCERGHSBETSKECMES,0.69697,0.30303,point_previews/task000202_mu000016_rho030_n0.png
0.3,16,8,license_plate_bahnschrift.ttf,CBAGJWPD6YXT0RNZL49E3HSU875KFVMQ2,15,7,1,0.255,8.763561,0.881116,1.10157,BSRGPUAETURRSERESSRP,0.818182,0.181818,point_previews/task000202_mu000016_rho030_n1.png
0.4,16,8,license_plate_bahnschrift.ttf,CBAGJWPD6YXT0RNZL49E3HSU875KFVMQ2,15,7,0,0.34,10.119289,0.843436,0.953987,,1.0,0.0,point_previews/task000202_mu000016_rho040_n0.png
0.4,16,8,license_plate_bahnschrift.ttf,CBAGJWPD6YXT0RNZL49E3HSU875KFVMQ2,15,7,1,0.34,10.119289,0.843436,0.953987,EBABWEDAYETCRNZUASESASAR,0.666667,0.333333,point_previews/task000202_mu000016_rho040_n1.png
0.5,16,8,license_plate_bahnschrift.ttf,CBAGJWPD6YXT0RNZL49E3HSU875KFVMQ2,15,7,0,0.425,11.313708,0.8067,0.853272,SREASUNEGENTARNZESTESHSBUSKEMM2,0.69697,0.30303,point_previews/task000202_mu000016_rho050_n0.png
0.5,16,8,license_plate_bahnschrift.ttf,CBAGJWPD6YXT0RNZL49E3HSU875KFVMQ2,15,7,1,0.425,11.313708,0.8067,0.853272,CESBTVADSRATDRNZEGSESHSURTSKRVE,0.636364,0.363636,point_previews/task000202_mu000016_rho050_n1.png
0.6,16,8,license_plate_bahnschrift.ttf,CBAGJWPD6YXT0RNZL49E3HSU875KFVMQ2,15,7,0,0.51,12.393547,0.770893,0.778927,,1.0,0.0,point_previews/task000202_mu000016_rho060_n0.png
0.6,16,8,license_plate_bahnschrift.ttf,CBAGJWPD6YXT0RNZL49E3HSU875KFVMQ2,15,7,1,0.51,12.393547,0.770893,0.778927,,1.0,0.0,point_previews/task000202_mu000016_rho060_n1.png
0.7,16,8,license_plate_bahnschrift.ttf,CBAGJWPD6YXT0RNZL49E3HSU875KFVMQ2,15,7,0,0.595,13.38656,0.735998,0.721147,CBRAGWPBSYXTARNZEASESHSURTSKEVAGZ,0.484848,0.515152,point_previews/task000202_mu000016_rho070_n0.png
0.7,16,8,license_plate_bahnschrift.ttf,CBAGJWPD6YXT0RNZL49E3HSU875KFVMQ2,15,7,1,0.595,13.38656,0.735998,0.721147,SBAGTWPDEYXTURNZLESEZHSUB7SERVMA2,0.363636,0.636364,point_previews/task000202_mu000016_rho070_n1.png
0.8,16,8,license_plate_bahnschrift.ttf,CBAGJWPD6YXT0RNZL49E3HSU875KFVMQ2,15,7,0,0.68,14.310835,0.701998,0.674571,CEAGNEDEYXTRNZEAPEAHSUBTSKEVM2,0.454545,0.545455,point_previews/task000202_mu000016_rho080_n0.png
0.8,16,8,license_plate_bahnschrift.ttf,CBAGJWPD6YXT0RNZL49E3HSU875KFVMQ2,15,7,1,0.68,14.310835,0.701998,0.674571,TBAGNEDEYXTURNELA9EGHSUSTSREVMD2,0.454545,0.545455,point_previews/task000202_mu000016_rho080_n1.png
0.9,16,8,license_plate_bahnschrift.ttf,CBAGJWPD6YXT0RNZL49E3HSU875KFVMQ2,15,7,0,0.765,15.178933,0.668877,0.635992,CBAGTWPUSYXTGRNRESSESHSGETSKEVMQ2,0.424242,0.575758,point_previews/task000202_mu000016_rho090_n0.png
0.9,16,8,license_plate_bahnschrift.ttf,CBAGJWPD6YXT0RNZL49E3HSU875KFVMQ2,15,7,1,0.765,15.178933,0.668877,0.635992,CEAGJWPDAYXTURNZEAVESHSUBTSKEVMG2,0.363636,0.636364,point_previews/task000202_mu000016_rho090_n1.png
1.0,16,8,license_plate_bahnschrift.ttf,CBAGJWPD6YXT0RNZL49E3HSU875KFVMQ2,15,7,0,0.85,16.0,0.63662,0.603355,CBAGJWEDSYXTRNZLASESHSUBTSKFVMG,0.333333,0.666667,point_previews/task000202_mu000016_rho100_n0.png
1.0,16,8,license_plate_bahnschrift.ttf,CBAGJWPD6YXT0RNZL49E3HSU875KFVMQ2,15,7,1,0.85,16.0,0.63662,0.603355,,1.0,0.0,point_previews/task000202_mu000016_rho100_n1.png
0.1,23,8,license_plate_bahnschrift.ttf,CBAGJWPD6YXT0RNZL49E3HSU875KFVMQ2,15,7,0,0.085,5.059644,0.959381,1.907975,ASURCRSSURSTER,0.878788,0.121212,point_previews/task000203_mu000023_rho010_n0.png
0.1,23,8,license_plate_bahnschrift.ttf,CBAGJWPD6YXT0RNZL49E3HSU875KFVMQ2,15,7,1,0.085,5.059644,0.959381,1.907975,RCETWSMEMNANERADURTEAG0CA,0.878788,0.121212,point_previews/task000203_mu000023_rho010_n1.png
0.2,23,8,license_plate_bahnschrift.ttf,CBAGJWPD6YXT0RNZL49E3HSU875KFVMQ2,15,7,0,0.17,7.155418,0.919759,1.349142,DEAGTVEDEYSNRNALESHALREER,0.727273,0.272727,point_previews/task000203_mu000023_rho020_n0.png
0.2,23,8,license_plate_bahnschrift.ttf,CBAGJWPD6YXT0RNZL49E3HSU875KFVMQ2,15,7,1,0.17,7.155418,0.919759,1.349142,CESNGUNPDEEXSARRELRMCRS5RE,0.757576,0.242424,point_previews/task000203_mu000023_rho020_n1.png
0.3,23,8,license_plate_bahnschrift.ttf,CBAGJWPD6YXT0RNZL49E3HSU875KFVMQ2,15,7,0,0.255,8.763561,0.881116,1.10157,SREANGVPDBTURNSL9ESSURZSFW,0.666667,0.333333,point_previews/task000203_mu000023_rho030_n0.png
0.3,23,8,license_plate_bahnschrift.ttf,CBAGJWPD6YXT0RNZL49E3HSU875KFVMQ2,15,7,1,0.255,8.763561,0.881116,1.10157,SSRASABYRTRG2LASESHSLCTEKRALTY,0.757576,0.242424,point_previews/task000203_mu000023_rho030_n1.png
0.4,23,8,license_plate_bahnschrift.ttf,CBAGJWPD6YXT0RNZL49E3HSU875KFVMQ2,15,7,0,0.34,10.119289,0.843436,0.953987,,1.0,0.0,point_previews/task000203_mu000023_rho040_n0.png
0.4,23,8,license_plate_bahnschrift.ttf,CBAGJWPD6YXT0RNZL49E3HSU875KFVMQ2,15,7,1,0.34,10.119289,0.843436,0.953987,ESABWPDBYXTRRAZSESHSUSSHFYMD,0.545455,0.454545,point_previews/task000203_mu000023_rho040_n1.png
0.5,23,8,license_plate_bahnschrift.ttf,CBAGJWPD6YXT0RNZL49E3HSU875KFVMQ2,15,7,0,0.425,11.313708,0.8067,0.853272,CRAGJWPBSYXTURNZEAPESHSUBTSKEYMGE,0.454545,0.545455,point_previews/task000203_mu000023_rho050_n0.png
0.5,23,8,license_plate_bahnschrift.ttf,CBAGJWPD6YXT0RNZL49E3HSU875KFVMQ2,15,7,1,0.425,11.313708,0.8067,0.853272,,1.0,0.0,point_previews/task000203_mu000023_rho050_n1.png
0.6,23,8,license_plate_bahnschrift.ttf,CBAGJWPD6YXT0RNZL49E3HSU875KFVMQ2,15,7,0,0.51,12.393547,0.770893,0.778927,CSAGJWPDAYXTGRNZERSETHSUETSKEVMG,0.393939,0.606061,point_previews/task000203_mu000023_rho060_n0.png
0.6,23,8,license_plate_bahnschrift.ttf,CBAGJWPD6YXT0RNZL49E3HSU875KFVMQ2,15,7,1,0.51,12.393547,0.770893,0.778927,CEAGJNPDSYXTARNZLASESHSUSTERFYNAD,0.454545,0.545455,point_previews/task000203_mu000023_rho060_n1.png
0.7,23,8,license_plate_bahnschrift.ttf,CBAGJWPD6YXT0RNZL49E3HSU875KFVMQ2,15,7,0,0.595,13.38656,0.735998,0.721147,CRAGJWPDSYXT0RNZLGSEZHSUSTSKEYMG2,0.333333,0.666667,point_previews/task000203_mu000023_rho070_n0.png
0.7,23,8,license_plate_bahnschrift.ttf,CBAGJWPD6YXT0RNZL49E3HSU875KFVMQ2,15,7,1,0.595,13.38656,0.735998,0.721147,CBAGJVEDAYXT0RNZLL9ESHSUS7SKEVMD2,0.272727,0.727273,point_previews/task000203_mu000023_rho070_n1.png
0.8,23,8,license_plate_bahnschrift.ttf,CBAGJWPD6YXT0RNZL49E3HSU875KFVMQ2,15,7,0,0.68,14.310835,0.701998,0.674571,CBAGJUPDSYXTURNZLQ9ESHSUR7SKEVMGD,0.30303,0.69697,point_previews/task000203_mu000023_rho080_n0.png
0.8,23,8,license_plate_bahnschrift.ttf,CBAGJWPD6YXT0RNZL49E3HSU875KFVMQ2,15,7,1,0.68,14.310835,0.701998,0.674571,,1.0,0.0,point_previews/task000203_mu000023_rho080_n1.png
0.9,23,8,license_plate_bahnschrift.ttf,CBAGJWPD6YXT0RNZL49E3HSU875KFVMQ2,15,7,0,0.765,15.178933,0.668877,0.635992,CBAGJWPDEYXTURNZLASESHSUBTSKEYME2,0.333333,0.666667,point_previews/task000203_mu000023_rho090_n0.png
0.9,23,8,license_plate_bahnschrift.ttf,CBAGJWPD6YXT0RNZL49E3HSU875KFVMQ2,15,7,1,0.765,15.178933,0.668877,0.635992,,1.0,0.0,point_previews/task000203_mu000023_rho090_n1.png
1.0,23,8,license_plate_bahnschrift.ttf,CBAGJWPD6YXT0RNZL49E3HSU875KFVMQ2,15,7,0,0.85,16.0,0.63662,0.603355,CBAGJWPDSYXTGRNZLESESHSUBTSKEVMG2,0.30303,0.69697,point_previews/task000203_mu000023_rho100_n0.png
1.0,23,8,license_plate_bahnschrift.ttf,CBAGJWPD6YXT0RNZL49E3HSU875KFVMQ2,15,7,1,0.85,16.0,0.63662,0.603355,CBAGJWPD6YXTRNZLASESHSUB7SKEVM02,0.242424,0.757576,point_previews/task000203_mu000023_rho100_n1.png
0.1,32,8,license_plate_bahnschrift.ttf,CBAGJWPD6YXT0RNZL49E3HSU875KFVMQ2,15,7,0,0.085,5.059644,0.959381,1.907975,SCENCTMELAEDNRNSURPERPD,0.878788,0.121212,point_previews/task000204_mu000032_rho010_n0.png
0.1,32,8,license_plate_bahnschrift.ttf,CBAGJWPD6YXT0RNZL49E3HSU875KFVMQ2,15,7,1,0.085,5.059644,0.959381,1.907975,CRARRXSNSERP2,0.818182,0.181818,point_previews/task000204_mu000032_rho010_n1.png
0.2,32,8,license_plate_bahnschrift.ttf,CBAGJWPD6YXT0RNZL49E3HSU875KFVMQ2,15,7,0,0.17,7.155418,0.919759,1.349142,SSEAGAWVEDATERNZEGPEZHSAPSKEVRH,0.666667,0.333333,point_previews/task000204_mu000032_rho020_n0.png
0.2,32,8,license_plate_bahnschrift.ttf,CBAGJWPD6YXT0RNZL49E3HSU875KFVMQ2,15,7,1,0.17,7.155418,0.919759,1.349142,BEARPHBYSTRNELAERSRFSREVS,0.69697,0.30303,point_previews/task000204_mu000032_rho020_n1.png
0.3,32,8,license_plate_bahnschrift.ttf,CBAGJWPD6YXT0RNZL49E3HSU875KFVMQ2,15,7,0,0.255,8.763561,0.881116,1.10157,CRAGTWPHEYXTURRZEGSESHSUBSREYMD,0.545455,0.454545,point_previews/task000204_mu000032_rho030_n0.png
0.3,32,8,license_plate_bahnschrift.ttf,CBAGJWPD6YXT0RNZL49E3HSU875KFVMQ2,15,7,1,0.255,8.763561,0.881116,1.10157,,1.0,0.0,point_previews/task000204_mu000032_rho030_n1.png
0.4,32,8,license_plate_bahnschrift.ttf,CBAGJWPD6YXT0RNZL49E3HSU875KFVMQ2,15,7,0,0.34,10.119289,0.843436,0.953987,,1.0,0.0,point_previews/task000204_mu000032_rho040_n0.png
0.4,32,8,license_plate_bahnschrift.ttf,CBAGJWPD6YXT0RNZL49E3HSU875KFVMQ2,15,7,1,0.34,10.119289,0.843436,0.953987,SCRAGUPDSYXTBRNZLASE2HS7REVM2,0.454545,0.545455,point_previews/task000204_mu000032_rho040_n1.png
0.5,32,8,license_plate_bahnschrift.ttf,CBAGJWPD6YXT0RNZL49E3HSU875KFVMQ2,15,7,0,0.425,11.313708,0.8067,0.853272,,1.0,0.0,point_previews/task000204_mu000032_rho050_n0.png
0.5,32,8,license_plate_bahnschrift.ttf,CBAGJWPD6YXT0RNZL49E3HSU875KFVMQ2,15,7,1,0.425,11.313708,0.8067,0.853272,,1.0,0.0,point_previews/task000204_mu000032_rho050_n1.png
0.6,32,8,license_plate_bahnschrift.ttf,CBAGJWPD6YXT0RNZL49E3HSU875KFVMQ2,15,7,0,0.51,12.393547,0.770893,0.778927,CBAGJWPDEYXTURNZLS9ESHSUB7SKEVMA2,0.242424,0.757576,point_previews/task000204_mu000032_rho060_n0.png
0.6,32,8,license_plate_bahnschrift.ttf,CBAGJWPD6YXT0RNZL49E3HSU875KFVMQ2,15,7,1,0.51,12.393547,0.770893,0.778927,,1.0,0.0,point_previews/task000204_mu000032_rho060_n1.png
0.7,32,8,license_plate_bahnschrift.ttf,CBAGJWPD6YXT0RNZL49E3HSU875KFVMQ2,15,7,0,0.595,13.38656,0.735998,0.721147,CBAGJWPD6YXTURNZLAPESHSUSPSKEYMQ2,0.272727,0.727273,point_previews/task000204_mu000032_rho070_n0.png
0.7,32,8,license_plate_bahnschrift.ttf,CBAGJWPD6YXT0RNZL49E3HSU875KFVMQ2,15,7,1,0.595,13.38656,0.735998,0.721147,CBAGJWPDEYXTURNZEQSESHSUBTSKEYMQ2,0.333333,0.666667,point_previews/task000204_mu000032_rho070_n1.png
0.8,32,8,license_plate_bahnschrift.ttf,CBAGJWPD6YXT0RNZL49E3HSU875KFVMQ2,15,7,0,0.68,14.310835,0.701998,0.674571,CBAGJWPDSYXTRNZLASESHSUS7SKEVMGZ,0.30303,0.69697,point_previews/task000204_mu000032_rho080_n0.png
0.8,32,8,license_plate_bahnschrift.ttf,CBAGJWPD6YXT0RNZL49E3HSU875KFVMQ2,15,7,1,0.68,14.310835,0.701998,0.674571,CBAGJWPDSYXTURNZLAPESHSUSTSKEVMG2,0.30303,0.69697,point_previews/task000204_mu000032_rho080_n1.png
0.9,32,8,license_plate_bahnschrift.ttf,CBAGJWPD6YXT0RNZL49E3HSU875KFVMQ2,15,7,0,0.765,15.178933,0.668877,0.635992,CRAGJWPDSYXTRNZLAYESHSUSTSKFEYMG2,0.363636,0.636364,point_previews/task000204_mu000032_rho090_n0.png
0.9,32,8,license_plate_bahnschrift.ttf,CBAGJWPD6YXT0RNZL49E3HSU875KFVMQ2,15,7,1,0.765,15.178933,0.668877,0.635992,CBAGJWPDEYXTURNZLZSESHSUS75KEVM02,0.242424,0.757576,point_previews/task000204_mu000032_rho090_n1.png
1.0,32,8,license_plate_bahnschrift.ttf,CBAGJWPD6YXT0RNZL49E3HSU875KFVMQ2,15,7,0,0.85,16.0,0.63662,0.603355,CBAGJWPDSYXTRNZUASESHSUBTSKEVMQ2,0.30303,0.69697,point_previews/task000204_mu000032_rho100_n0.png
1.0,32,8,license_plate_bahnschrift.ttf,CBAGJWPD6YXT0RNZL49E3HSU875KFVMQ2,15,7,1,0.85,16.0,0.63662,0.603355,SCBAGTWPDEYXTRNZE49ESHSUSTSKEVMGZ,0.363636,0.636364,point_previews/task000204_mu000032_rho100_n1.png
0.1,45,8,license_plate_bahnschrift.ttf,CBAGJWPD6YXT0RNZL49E3HSU875KFVMQ2,15,7,0,0.085,5.059644,0.959381,1.907975,ENGDNPERTDRAEMRECURSKEM,0.757576,0.242424,point_previews/task000205_mu000045_rho010_n0.png
0.1,45,8,license_plate_bahnschrift.ttf,CBAGJWPD6YXT0RNZL49E3HSU875KFVMQ2,15,7,1,0.085,5.059644,0.959381,1.907975,DEREWREAYSDRPERSHSHESEYYMS,0.818182,0.181818,point_previews/task000205_mu000045_rho010_n1.png
0.2,45,8,license_plate_bahnschrift.ttf,CBAGJWPD6YXT0RNZL49E3HSU875KFVMQ2,15,7,0,0.17,7.155418,0.919759,1.349142,CRABWPREYXTURRAYESHSUBTSKEVMRS,0.545455,0.454545,point_previews/task000205_mu000045_rho020_n0.png
0.2,45,8,license_plate_bahnschrift.ttf,CBAGJWPD6YXT0RNZL49E3HSU875KFVMQ2,15,7,1,0.17,7.155418,0.919759,1.349142,,1.0,0.0,point_previews/task000205_mu000045_rho020_n1.png
0.3,45,8,license_plate_bahnschrift.ttf,CBAGJWPD6YXT0RNZL49E3HSU875KFVMQ2,15,7,0,0.255,8.763561,0.881116,1.10157,PBAGWFUSYXTURNZLLESHSUSTSKEVM,0.454545,0.545455,point_previews/task000205_mu000045_rho030_n0.png
0.3,45,8,license_plate_bahnschrift.ttf,CBAGJWPD6YXT0RNZL49E3HSU875KFVMQ2,15,7,1,0.255,8.763561,0.881116,1.10157,CBAGJWPDSYETURNZUQSESHSUBTSKERMS,0.424242,0.575758,point_previews/task000205_mu000045_rho030_n1.png
0.4,45,8,license_plate_bahnschrift.ttf,CBAGJWPD6YXT0RNZL49E3HSU875KFVMQ2,15,7,0,0.34,10.119289,0.843436,0.953987,CBAGJWPDSYXTRNZLAQESHSUSTSKEYMA2,0.333333,0.666667,point_previews/task000205_mu000045_rho040_n0.png
0.4,45,8,license_plate_bahnschrift.ttf,CBAGJWPD6YXT0RNZL49E3HSU875KFVMQ2,15,7,1,0.34,10.119289,0.843436,0.953987,SBAGJWPUSYXTRNZLS9ESHSUBTSKEVMD2,0.333333,0.666667,point_previews/task000205_mu000045_rho040_n1.png
0.5,45,8,license_plate_bahnschrift.ttf,CBAGJWPD6YXT0RNZL49E3HSU875KFVMQ2,15,7,0,0.425,11.313708,0.8067,0.853272,CEAGJWPUSYXTRNZL49ESHSUS7SKFVM02,0.242424,0.757576,point_previews/task000205_mu000045_rho050_n0.png
0.5,45,8,license_plate_bahnschrift.ttf,CBAGJWPD6YXT0RNZL49E3HSU875KFVMQ2,15,7,1,0.425,11.313708,0.8067,0.853272,,1.0,0.0,point_previews/task000205_mu000045_rho050_n1.png
0.6,45,8,license_plate_bahnschrift.ttf,CBAGJWPD6YXT0RNZL49E3HSU875KFVMQ2,15,7,0,0.51,12.393547,0.770893,0.778927,CBAGJWPDSYXTRNZLAPESHSUB75KFYMA2,0.242424,0.757576,point_previews/task000205_mu000045_rho060_n0.png
0.6,45,8,license_plate_bahnschrift.ttf,CBAGJWPD6YXT0RNZL49E3HSU875KFVMQ2,15,7,1,0.51,12.393547,0.770893,0.778927,CSAGUWPDSYXTURNZLASESHSUR7SKEVM2,0.333333,0.666667,point_previews/task000205_mu000045_rho060_n1.png
0.7,45,8,license_plate_bahnschrift.ttf,CBAGJWPD6YXT0RNZL49E3HSU875KFVMQ2,15,7,0,0.595,13.38656,0.735998,0.721147,CBAGJWPDSYXTARNZLSSESHSUSTSKFVMQ2,0.242424,0.757576,point_previews/task000205_mu000045_rho070_n0.png
0.7,45,8,license_plate_bahnschrift.ttf,CBAGJWPD6YXT0RNZL49E3HSU875KFVMQ2,15,7,1,0.595,13.38656,0.735998,0.721147,CBAGJWPDSYXTRNZLSSESHSUSTSKEYMQ2,0.30303,0.69697,point_previews/task000205_mu000045_rho070_n1.png
0.8,45,8,license_plate_bahnschrift.ttf,CBAGJWPD6YXT0RNZL49E3HSU875KFVMQ2,15,7,0,0.68,14.310835,0.701998,0.674571,CBAGJWPD6YXTRNZL4PESHSUBTSKFVMG2,0.212121,0.787879,point_previews/task000205_mu000045_rho080_n0.png
0.8,45,8,license_plate_bahnschrift.ttf,CBAGJWPD6YXT0RNZL49E3HSU875KFVMQ2,15,7,1,0.68,14.310835,0.701998,0.674571,CBAGJWPD6YXTGRNZLL9ESHSUR7SKFVMG2,0.181818,0.818182,point_previews/task000205_mu000045_rho080_n1.png
0.9,45,8,license_plate_bahnschrift.ttf,CBAGJWPD6YXT0RNZL49E3HSU875KFVMQ2,15,7,0,0.765,15.178933,0.668877,0.635992,CBAGJWPDSYXTURNZL49ESHSUS75KFVMQ02,0.151515,0.848485,point_previews/task000205_mu000045_rho090_n0.png
0.9,45,8,license_plate_bahnschrift.ttf,CBAGJWPD6YXT0RNZL49E3HSU875KFVMQ2,15,7,1,0.765,15.178933,0.668877,0.635992,CBAGJWPDSYXTURNZLUS9ESHSUSTSKFVM02,0.272727,0.727273,point_previews/task000205_mu000045_rho090_n1.png
1.0,45,8,license_plate_bahnschrift.ttf,CBAGJWPD6YXT0RNZL49E3HSU875KFVMQ2,15,7,0,0.85,16.0,0.63662,0.603355,CBAGJWPDGYXTURNZL49ESHSUSTSKEVMQ2,0.212121,0.787879,point_previews/task000205_mu000045_rho100_n0.png
1.0,45,8,license_plate_bahnschrift.ttf,CBAGJWPD6YXT0RNZL49E3HSU875KFVMQ2,15,7,1,0.85,16.0,0.63662,0.603355,CBAGJWPD6YXTCRNZL49E3HSUB75KFVMQ2,0.060606,0.939394,point_previews/task000205_mu000045_rho100_n1.png
0.1,64,8,license_plate_bahnschrift.ttf,CBAGJWPD6YXT0RNZL49E3HSU875KFVMQ2,15,7,0,0.085,5.059644,0.959381,1.907975,CSRBWEDEYSTRNZLRSETESHEREKEAD,0.636364,0.363636,point_previews/task000206_mu000064_rho010_n0.png
0.1,64,8,license_plate_bahnschrift.ttf,CBAGJWPD6YXT0RNZL49E3HSU875KFVMQ2,15,7,1,0.085,5.059644,0.959381,1.907975,SPRAGAWPHSYSTURRZEAPESYSURTEKBYMT,0.636364,0.363636,point_previews/task000206_mu000064_rho010_n1.png
0.2,64,8,license_plate_bahnschrift.ttf,CBAGJWPD6YXT0RNZL49E3HSU875KFVMQ2,15,7,0,0.17,7.155418,0.919759,1.349142,CBAGAWPUSYXTURNZLSPESHSURTSKEYMC2,0.393939,0.606061,point_previews/task000206_mu000064_rho020_n0.png
0.2,64,8,license_plate_bahnschrift.ttf,CBAGJWPD6YXT0RNZL49E3HSU875KFVMQ2,15,7,1,0.17,7.155418,0.919759,1.349142,,1.0,0.0,point_previews/task000206_mu000064_rho020_n1.png
0.3,64,8,license_plate_bahnschrift.ttf,CBAGJWPD6YXT0RNZL49E3HSU875KFVMQ2,15,7,0,0.255,8.763561,0.881116,1.10157,CEAGJWPDSYXTURNZEASESHSUSPSKEVMG2,0.363636,0.636364,point_previews/task000206_mu000064_rho030_n0.png
0.3,64,8,license_plate_bahnschrift.ttf,CBAGJWPD6YXT0RNZL49E3HSU875KFVMQ2,15,7,1,0.255,8.763561,0.881116,1.10157,,1.0,0.0,point_previews/task000206_mu000064_rho030_n1.png
0.4,64,8,license_plate_bahnschrift.ttf,CBAGJWPD6YXT0RNZL49E3HSU875KFVMQ2,15,7,0,0.34,10.119289,0.843436,0.953987,CBAGJWPDSYXTURNZLASESHSUS75KEVM2,0.242424,0.757576,point_previews/task000206_mu000064_rho040_n0.png
0.4,64,8,license_plate_bahnschrift.ttf,CBAGJWPD6YXT0RNZL49E3HSU875KFVMQ2,15,7,1,0.34,10.119289,0.843436,0.953987,CBAGJWPDSYXTRNZLAPESHSUS7SKFVM2,0.242424,0.757576,point_previews/task000206_mu000064_rho040_n1.png
0.5,64,8,license_plate_bahnschrift.ttf,CBAGJWPD6YXT0RNZL49E3HSU875KFVMQ2,15,7,0,0.425,11.313708,0.8067,0.853272,CBAGJWPDSYXTURNZL49ESHSUR7KFVM2,0.181818,0.818182,point_previews/task000206_mu000064_rho050_n0.png
0.5,64,8,license_plate_bahnschrift.ttf,CBAGJWPD6YXT0RNZL49E3HSU875KFVMQ2,15,7,1,0.425,11.313708,0.8067,0.853272,CBAGJWPDSYXTRNZESSESHSUB7SKEVMG2,0.30303,0.69697,point_previews/task000206_mu000064_rho050_n1.png
0.6,64,8,license_plate_bahnschrift.ttf,CBAGJWPD6YXT0RNZL49E3HSU875KFVMQ2,15,7,0,0.51,12.393547,0.770893,0.778927,CBAGJWPDSYXTARNZL49ESHSUB75KEVM2,0.181818,0.818182,point_previews/task000206_mu000064_rho060_n0.png
0.6,64,8,license_plate_bahnschrift.ttf,CBAGJWPD6YXT0RNZL49E3HSU875KFVMQ2,15,7,1,0.51,12.393547,0.770893,0.778927,CBAGJWPD6YXTRNZL49E3HSUS7SKFYMQ2,0.121212,0.878788,point_previews/task000206_mu000064_rho060_n1.png
0.7,64,8,license_plate_bahnschrift.ttf,CBAGJWPD6YXT0RNZL49E3HSU875KFVMQ2,15,7,0,0.595,13.38656,0.735998,0.721147,CBAGJWPDEYXTURNZLA9ESHSUB75KFVM02,0.181818,0.818182,point_previews/task000206_mu000064_rho070_n0.png
0.7,64,8,license_plate_bahnschrift.ttf,CBAGJWPD6YXT0RNZL49E3HSU875KFVMQ2,15,7,1,0.595,13.38656,0.735998,0.721147,CBAGJWFD6YXTURNZL49E3HSU875KEVMQG2,0.121212,0.878788,point_previews/task000206_mu000064_rho070_n1.png
0.8,64,8,license_plate_bahnschrift.ttf,CBAGJWPD6YXT0RNZL49E3HSU875KFVMQ2,15,7,0,0.68,14.310835,0.701998,0.674571,CBAGJWPDSYXTURNZL49ESHSUSTSKFYMQ2,0.212121,0.787879,point_previews/task000206_mu000064_rho080_n0.png
0.8,64,8,license_plate_bahnschrift.ttf,CBAGJWPD6YXT0RNZL49E3HSU875KFVMQ2,15,7,1,0.68,14.310835,0.701998,0.674571,CBAGJWPDEYXTURNZL49EZHSUS7S5KFVMA2,0.181818,0.818182,point_previews/task000206_mu000064_rho080_n1.png
0.9,64,8,license_plate_bahnschrift.ttf,CBAGJWPD6YXT0RNZL49E3HSU875KFVMQ2,15,7,0,0.765,15.178933,0.668877,0.635992,CBAGJWPD6YXTURNZL49ESHSUS7SKFVMG2,0.151515,0.848485,point_previews/task000206_mu000064_rho090_n0.png
0.9,64,8,license_plate_bahnschrift.ttf,CBAGJWPD6YXT0RNZL49E3HSU875KFVMQ2,15,7,1,0.765,15.178933,0.668877,0.635992,CBAGJWPD6YXTRNZLASESHSUSTSKEYMQ2,0.272727,0.727273,point_previews/task000206_mu000064_rho090_n1.png
1.0,64,8,license_plate_bahnschrift.ttf,CBAGJWPD6YXT0RNZL49E3HSU875KFVMQ2,15,7,0,0.85,16.0,0.63662,0.603355,CBAGJWPDSYXTURNZL49ESHSUST5SKEVMQ2,0.212121,0.787879,point_previews/task000206_mu000064_rho100_n0.png
1.0,64,8,license_plate_bahnschrift.ttf,CBAGJWPD6YXT0RNZL49E3HSU875KFVMQ2,15,7,1,0.85,16.0,0.63662,0.603355,CBAGJWPD6YXTURNZL4SESHSUS7TSKEVMQ2,0.212121,0.787879,point_previews/task000206_mu000064_rho100_n1.png
0.1,4,8,license_plate_bahnschrift.ttf,CBAGJWPD6YXT0RNZL49E3HSU875KFVMQ2,15,11,0,0.085,5.059644,0.959381,1.907975,SRANASTSUAERENSEERRYTA9,0.878788,0.121212,point_previews/task000207_mu000004_rho010_n0.png
0.1,4,8,license_plate_bahnschrift.ttf,CBAGJWPD6YXT0RNZL49E3HSU875KFVMQ2,15,11,1,0.085,5.059644,0.959381,1.907975,SAAWBW,0.939394,0.060606,point_previews/task000207_mu000004_rho010_n1.png
0.2,4,8,license_plate_bahnschrift.ttf,CBAGJWPD6YXT0RNZL49E3HSU875KFVMQ2,15,11,0,0.17,7.155418,0.919759,1.349142,RERAGD,0.939394,0.060606,point_previews/task000207_mu000004_rho020_n0.png
0.2,4,8,license_plate_bahnschrift.ttf,CBAGJWPD6YXT0RNZL49E3HSU875KFVMQ2,15,11,1,0.17,7.155418,0.919759,1.349142,,1.0,0.0,point_previews/task000207_mu000004_rho020_n1.png
0.3,4,8,license_plate_bahnschrift.ttf,CBAGJWPD6YXT0RNZL49E3HSU875KFVMQ2,15,11,0,0.255,8.763561,0.881116,1.10157,CRCRSDCRSARTEANGANSCED,0.878788,0.121212,point_previews/task000207_mu000004_rho030_n0.png
0.3,4,8,license_plate_bahnschrift.ttf,CBAGJWPD6YXT0RNZL49E3HSU875KFVMQ2,15,11,1,0.255,8.763561,0.881116,1.10157,MRSTNATEURANE,0.878788,0.121212,point_previews/task000207_mu000004_rho030_n1.png
0.4,4,8,license_plate_bahnschrift.ttf,CBAGJWPD6YXT0RNZL49E3HSU875KFVMQ2,15,11,0,0.34,10.119289,0.843436,0.953987,SVSPNALSRETSRARREAT,0.848485,0.151515,point_previews/task000207_mu000004_rho040_n0.png
0.4,4,8,license_plate_bahnschrift.ttf,CBAGJWPD6YXT0RNZL49E3HSU875KFVMQ2,15,11,1,0.34,10.119289,0.843436,0.953987,SMPMEETYNE,0.878788,0.121212,point_previews/task000207_mu000004_rho040_n1.png
0.5,4,8,license_plate_bahnschrift.ttf,CBAGJWPD6YXT0RNZL49E3HSU875KFVMQ2,15,11,0,0.425,11.313708,0.8067,0.853272,SEES,0.939394,0.060606,point_previews/task000207_mu000004_rho050_n0.png
0.5,4,8,license_plate_bahnschrift.ttf,CBAGJWPD6YXT0RNZL49E3HSU875KFVMQ2,15,11,1,0.425,11.313708,0.8067,0.853272,RERUARN,0.909091,0.090909,point_previews/task000207_mu000004_rho050_n1.png
0.6,4,8,license_plate_bahnschrift.ttf,CBAGJWPD6YXT0RNZL49E3HSU875KFVMQ2,15,11,0,0.51,12.393547,0.770893,0.778927,CERRATALTCREAE,0.878788,0.121212,point_previews/task000207_mu000004_rho060_n0.png
0.6,4,8,license_plate_bahnschrift.ttf,CBAGJWPD6YXT0RNZL49E3HSU875KFVMQ2,15,11,1,0.51,12.393547,0.770893,0.778927,EEAAGPUDNRESEETGRRTTS,0.848485,0.151515,point_previews/task000207_mu000004_rho060_n1.png
0.7,4,8,license_plate_bahnschrift.ttf,CBAGJWPD6YXT0RNZL49E3HSU875KFVMQ2,15,11,0,0.595,13.38656,0.735998,0.721147,SCRASREETRTTCSKGNRMES,0.848485,0.151515,point_previews/task000207_mu000004_rho070_n0.png
0.7,4,8,license_plate_bahnschrift.ttf,CBAGJWPD6YXT0RNZL49E3HSU875KFVMQ2,15,11,1,0.595,13.38656,0.735998,0.721147,BPSNSCUELEER,0.878788,0.121212,point_previews/task000207_mu000004_rho070_n1.png
0.8,4,8,license_plate_bahnschrift.ttf,CBAGJWPD6YXT0RNZL49E3HSU875KFVMQ2,15,11,0,0.68,14.310835,0.701998,0.674571,SCTATRTPRPRRLTSSKSEECE,0.818182,0.181818,point_previews/task000207_mu000004_rho080_n0.png
0.8,4,8,license_plate_bahnschrift.ttf,CBAGJWPD6YXT0RNZL49E3HSU875KFVMQ2,15,11,1,0.68,14.310835,0.701998,0.674571,PAVGTANESUEDGRGSRRRATE,0.878788,0.121212,point_previews/task000207_mu000004_rho080_n1.png
0.9,4,8,license_plate_bahnschrift.ttf,CBAGJWPD6YXT0RNZL49E3HSU875KFVMQ2,15,11,0,0.765,15.178933,0.668877,0.635992,TSRTAMRS,0.909091,0.090909,point_previews/task000207_mu000004_rho090_n0.png
0.9,4,8,license_plate_bahnschrift.ttf,CBAGJWPD6YXT0RNZL49E3HSU875KFVMQ2,15,11,1,0.765,15.178933,0.668877,0.635992,SRSRENDSHAVACPATRPUPSMRPME,0.909091,0.090909,point_previews/task000207_mu000004_rho090_n1.png
1.0,4,8,license_plate_bahnschrift.ttf,CBAGJWPD6YXT0RNZL49E3HSU875KFVMQ2,15,11,0,0.85,16.0,0.63662,0.603355,CUATSTRPSLAESSRTCRRNTR8FRAT,0.848485,0.151515,point_previews/task000207_mu000004_rho100_n0.png
1.0,4,8,license_plate_bahnschrift.ttf,CBAGJWPD6YXT0RNZL49E3HSU875KFVMQ2,15,11,1,0.85,16.0,0.63662,0.603355,PAGMUSTETNTRANFUGEY,0.848485,0.151515,point_previews/task000207_mu000004_rho100_n1.png
0.1,6,8,license_plate_bahnschrift.ttf,CBAGJWPD6YXT0RNZL49E3HSU875KFVMQ2,15,11,0,0.085,5.059644,0.959381,1.907975,BMPNSBY,0.878788,0.121212,point_previews/task000208_mu000006_rho010_n0.png
0.1,6,8,license_plate_bahnschrift.ttf,CBAGJWPD6YXT0RNZL49E3HSU875KFVMQ2,15,11,1,0.085,5.059644,0.959381,1.907975,,1.0,0.0,point_previews/task000208_mu000006_rho010_n1.png
0.2,6,8,license_plate_bahnschrift.ttf,CBAGJWPD6YXT0RNZL49E3HSU875KFVMQ2,15,11,0,0.17,7.155418,0.919759,1.349142,EEBAASAPAESESEARCREBREESEE,0.878788,0.121212,point_previews/task000208_mu000006_rho020_n0.png
0.2,6,8,license_plate_bahnschrift.ttf,CBAGJWPD6YXT0RNZL49E3HSU875KFVMQ2,15,11,1,0.17,7.155418,0.919759,1.349142,,1.0,0.0,point_previews/task000208_mu000006_rho020_n1.png
0.3,6,8,license_plate_bahnschrift.ttf,CBAGJWPD6YXT0RNZL49E3HSU875KFVMQ2,15,11,0,0.255,8.763561,0.881116,1.10157,SDRTDPSTEYB,0.909091,0.090909,point_previews/task000208_mu000006_rho030_n0.png
0.3,6,8,license_plate_bahnschrift.ttf,CBAGJWPD6YXT0RNZL49E3HSU875KFVMQ2,15,11,1,0.255,8.763561,0.881116,1.10157,PEERSNUSTANRAAGSMEEF,0.878788,0.121212,point_previews/task000208_mu000006_rho030_n1.png
0.4,6,8,license_plate_bahnschrift.ttf,CBAGJWPD6YXT0RNZL49E3HSU875KFVMQ2,15,11,0,0.34,10.119289,0.843436,0.953987,EPCEEYHDETAP,0.909091,0.090909,point_previews/task000208_mu000006_rho040_n0.png
0.4,6,8,license_plate_bahnschrift.ttf,CBAGJWPD6YXT0RNZL49E3HSU875KFVMQ2,15,11,1,0.34,10.119289,0.843436,0.953987,RREARETPPEGAK,0.909091,0.090909,point_previews/task000208_mu000006_rho040_n1.png
0.5,6,8,license_plate_bahnschrift.ttf,CBAGJWPD6YXT0RNZL49E3HSU875KFVMQ2,15,11,0,0.425,11.313708,0.8067,0.853272,PEENGUMTANSRRAFBCRARERES,0.939394,0.060606,point_previews/task000208_mu000006_rho050_n0.png
0.5,6,8,license_plate_bahnschrift.ttf,CBAGJWPD6YXT0RNZL49E3HSU875KFVMQ2,15,11,1,0.425,11.313708,0.8067,0.853272,REEBS,0.909091,0.090909,point_previews/task000208_mu000006_rho050_n1.png
0.6,6,8,license_plate_bahnschrift.ttf,CBAGJWPD6YXT0RNZL49E3HSU875KFVMQ2,15,11,0,0.51,12.393547,0.770893,0.778927,CESYETRNTUBWPSR,0.818182,0.181818,point_previews/task000208_mu000006_rho060_n0.png
0.6,6,8,license_plate_bahnschrift.ttf,CBAGJWPD6YXT0RNZL49E3HSU875KFVMQ2,15,11,1,0.51,12.393547,0.770893,0.778927,KSSMGEYREENESPETTY,0.878788,0.121212,point_previews/task000208_mu000006_rho060_n1.png
0.7,6,8,license_plate_bahnschrift.ttf,CBAGJWPD6YXT0RNZL49E3HSU875KFVMQ2,15,11,0,0.595,13.38656,0.735998,0.721147,,1.0,0.0,point_previews/task000208_mu000006_rho070_n0.png
0.7,6,8,license_plate_bahnschrift.ttf,CBAGJWPD6YXT0RNZL49E3HSU875KFVMQ2,15,11,1,0.595,13.38656,0.735998,0.721147,NAAGTARARNTNARPETSMSAR,0.818182,0.181818,point_previews/task000208_mu000006_rho070_n1.png
0.8,6,8,license_plate_bahnschrift.ttf,CBAGJWPD6YXT0RNZL49E3HSU875KFVMQ2,15,11,0,0.68,14.310835,0.701998,0.674571,,1.0,0.0,point_previews/task000208_mu000006_rho080_n0.png
0.8,6,8,license_plate_bahnschrift.ttf,CBAGJWPD6YXT0RNZL49E3HSU875KFVMQ2,15,11,1,0.68,14.310835,0.701998,0.674571,TSHCETAKEART,0.909091,0.090909,point_previews/task000208_mu000006_rho080_n1.png
0.9,6,8,license_plate_bahnschrift.ttf,CBAGJWPD6YXT0RNZL49E3HSU875KFVMQ2,15,11,0,0.765,15.178933,0.668877,0.635992,CEAGSUPDAYRTURNELRESHSSBYTEFAE,0.575758,0.424242,point_previews/task000208_mu000006_rho090_n0.png
0.9,6,8,license_plate_bahnschrift.ttf,CBAGJWPD6YXT0RNZL49E3HSU875KFVMQ2,15,11,1,0.765,15.178933,0.668877,0.635992,SSACUSTEDEYKDRHALASLAMSRFARALT,0.848485,0.151515,point_previews/task000208_mu000006_rho090_n1.png
1.0,6,8,license_plate_bahnschrift.ttf,CBAGJWPD6YXT0RNZL49E3HSU875KFVMQ2,15,11,0,0.85,16.0,0.63662,0.603355,CEAGWPTFENTURRREASGHSUSPSKEVNRS,0.636364,0.363636,point_previews/task000208_mu000006_rho100_n0.png
1.0,6,8,license_plate_bahnschrift.ttf,CBAGJWPD6YXT0RNZL49E3HSU875KFVMQ2,15,11,1,0.85,16.0,0.63662,0.603355,PEAGPURUBYRTGRNBTSLESURTEAD,0.727273,0.272727,point_previews/task000208_mu000006_rho100_n1.png
0.1,8,8,license_plate_bahnschrift.ttf,CBAGJWPD6YXT0RNZL49E3HSU875KFVMQ2,15,11,0,0.085,5.059644,0.959381,1.907975,RENESDPNSU,0.878788,0.121212,point_previews/task000209_mu000008_rho010_n0.png
0.1,8,8,license_plate_bahnschrift.ttf,CBAGJWPD6YXT0RNZL49E3HSU875KFVMQ2,15,11,1,0.085,5.059644,0.959381,1.907975,EGSANTMRCPAWR,0.909091,0.090909,point_previews/task000209_mu000008_rho010_n1.png
0.2,8,8,license_plate_bahnschrift.ttf,CBAGJWPD6YXT0RNZL49E3HSU875KFVMQ2,15,11,0,0.17,7.155418,0.919759,1.349142,GPLSLSACNERS,0.848485,0.151515,point_previews/task000209_mu000008_rho020_n0.png
0.2,8,8,license_plate_bahnschrift.ttf,CBAGJWPD6YXT0RNZL49E3HSU875KFVMQ2,15,11,1,0.17,7.155418,0.919759,1.349142,PEUERAUSSARECYRBUANGLGDR,0.939394,0.060606,point_previews/task000209_mu000008_rho020_n1.png
0.3,8,8,license_plate_bahnschrift.ttf,CBAGJWPD6YXT0RNZL49E3HSU875KFVMQ2,15,11,0,0.255,8.763561,0.881116,1.10157,ENAASSRRSSPYT,0.909091,0.090909,point_previews/task000209_mu000008_rho030_n0.png
0.3,8,8,license_plate_bahnschrift.ttf,CBAGJWPD6YXT0RNZL49E3HSU875KFVMQ2,15,11,1,0.255,8.763561,0.881116,1.10157,PAESUFSSNBRAPAPMTS,0.909091,0.090909,point_previews/task000209_mu000008_rho030_n1.png
0.4,8,8,license_plate_bahnschrift.ttf,CBAGJWPD6YXT0RNZL49E3HSU875KFVMQ2,15,11,0,0.34,10.119289,0.843436,0.953987,ERARGEENESASEUCTSRYL,0.878788,0.121212,point_previews/task000209_mu000008_rho040_n0.png
0.4,8,8,license_plate_bahnschrift.ttf,CBAGJWPD6YXT0RNZL49E3HSU875KFVMQ2,15,11,1,0.34,10.119289,0.843436,0.953987,EGASBAANSSTLPSPSPE,0.878788,0.121212,point_previews/task000209_mu000008_rho040_n1.png
0.5,8,8,license_plate_bahnschrift.ttf,CBAGJWPD6YXT0RNZL49E3HSU875KFVMQ2,15,11,0,0.425,11.313708,0.8067,0.853272,ACPRGTRTCANTQRPRRUEAASEPRREH,0.848485,0.151515,point_previews/task000209_mu000008_rho050_n0.png
0.5,8,8,license_plate_bahnschrift.ttf,CBAGJWPD6YXT0RNZL49E3HSU875KFVMQ2,15,11,1,0.425,11.313708,0.8067,0.853272,LVLSEPTASFARMCLREDSRUR,0.848485,0.151515,point_previews/task000209_mu000008_rho050_n1.png
0.6,8,8,license_plate_bahnschrift.ttf,CBAGJWPD6YXT0RNZL49E3HSU875KFVMQ2,15,11,0,0.51,12.393547,0.770893,0.778927,PERRETPSVKTHRGLRSSTAUEPL,0.848485,0.151515,point_previews/task000209_mu000008_rho060_n0.png
0.6,8,8,license_plate_bahnschrift.ttf,CBAGJWPD6YXT0RNZL49E3HSU875KFVMQ2,15,11,1,0.51,12.393547,0.770893,0.778927,,1.0,0.0,point_previews/task000209_mu000008_rho060_n1.png
0.7,8,8,license_plate_bahnschrift.ttf,CBAGJWPD6YXT0RNZL49E3HSU875KFVMQ2,15,11,0,0.595,13.38656,0.735998,0.721147,SPEARPAPLSVETRNPCAVERHSUSSKENMT,0.69697,0.30303,point_previews/task000209_mu000008_rho070_n0.png
0.7,8,8,license_plate_bahnschrift.ttf,CBAGJWPD6YXT0RNZL49E3HSU875KFVMQ2,15,11,1,0.595,13.38656,0.735998,0.721147,SCRARPACLSTRTDRNELEDEUSUSNRM,0.727273,0.272727,point_previews/task000209_mu000008_rho070_n1.png
0.8,8,8,license_plate_bahnschrift.ttf,CBAGJWPD6YXT0RNZL49E3HSU875KFVMQ2,15,11,0,0.68,14.310835,0.701998,0.674571,CBAGHPDAYKTCUNEEGSESASLSTSEAG,0.666667,0.333333,point_previews/task000209_mu000008_rho080_n0.png
0.8,8,8,license_plate_bahnschrift.ttf,CBAGJWPD6YXT0RNZL49E3HSU875KFVMQ2,15,11,1,0.68,14.310835,0.701998,0.674571,EAGNVERSYRTDRELLSEZASHETPREYAD,0.757576,0.242424,point_previews/task000209_mu000008_rho080_n1.png
0.9,8,8,license_plate_bahnschrift.ttf,CBAGJWPD6YXT0RNZL49E3HSU875KFVMQ2,15,11,0,0.765,15.178933,0.668877,0.635992,RRAGTUTDYREAEAEAHSRH2,0.727273,0.272727,point_previews/task000209_mu000008_rho090_n0.png
0.9,8,8,license_plate_bahnschrift.ttf,CBAGJWPD6YXT0RNZL49E3HSU875KFVMQ2,15,11,1,0.765,15.178933,0.668877,0.635992,STEAGWADAKTURNZRSSCSUST5NFVSAP,0.636364,0.363636,point_previews/task000209_mu000008_rho090_n1.png
1.0,8,8,license_plate_bahnschrift.ttf,CBAGJWPD6YXT0RNZL49E3HSU875KFVMQ2,15,11,0,0.85,16.0,0.63662,0.603355,,1.0,0.0,point_previews/task000209_mu000008_rho100_n0.png
1.0,8,8,license_plate_bahnschrift.ttf,CBAGJWPD6YXT0RNZL49E3HSU875KFVMQ2,15,11,1,0.85,16.0,0.63662,0.603355,LCRAGWPAMDRRETASHSSKRS,0.757576,0.242424,point_previews/task000209_mu000008_rho100_n1.png
0.1,11,8,license_plate_bahnschrift.ttf,CBAGJWPD6YXT0RNZL49E3HSU875KFVMQ2,15,11,0,0.085,5.059644,0.959381,1.907975,TREEAURDACESRRRGERRLUAENS,0.878788,0.121212,point_previews/task000210_mu000011_rho010_n0.png
0.1,11,8,license_plate_bahnschrift.ttf,CBAGJWPD6YXT0RNZL49E3HSU875KFVMQ2,15,11,1,0.085,5.059644,0.959381,1.907975,TAWNEBTRHAY,0.848485,0.151515,point_previews/task000210_mu000011_rho010_n1.png
0.2,11,8,license_plate_bahnschrift.ttf,CBAGJWPD6YXT0RNZL49E3HSU875KFVMQ2,15,11,0,0.17,7.155418,0.919759,1.349142,SREERNRGTRESEAARCATELEAES,0.909091,0.090909,point_previews/task000210_mu000011_rho020_n0.png
0.2,11,8,license_plate_bahnschrift.ttf,CBAGJWPD6YXT0RNZL49E3HSU875KFVMQ2,15,11,1,0.17,7.155418,0.919759,1.349142,ERUAERPESESRRMSRERSARE,0.878788,0.121212,point_previews/task000210_mu000011_rho020_n1.png
0.3,11,8,license_plate_bahnschrift.ttf,CBAGJWPD6YXT0RNZL49E3HSU875KFVMQ2,15,11,0,0.255,8.763561,0.881116,1.10157,RLSWRBREESESTRLRSCRNARY2,0.878788,0.121212,point_previews/task000210_mu000011_rho030_n0.png
0.3,11,8,license_plate_bahnschrift.ttf,CBAGJWPD6YXT0RNZL49E3HSU875KFVMQ2,15,11,1,0.255,8.763561,0.881116,1.10157,SRARESTDEPTSPRTMREAESRREARPETS,0.848485,0.151515,point_previews/task000210_mu000011_rho030_n1.png
0.4,11,8,license_plate_bahnschrift.ttf,CBAGJWPD6YXT0RNZL49E3HSU875KFVMQ2,15,11,0,0.34,10.119289,0.843436,0.953987,EAGUMSREURTDRNEEEEESLTEREEM,0.757576,0.242424,point_previews/task000210_mu000011_rho040_n0.png
0.4,11,8,license_plate_bahnschrift.ttf,CBAGJWPD6YXT0RNZL49E3HSU875KFVMQ2,15,11,1,0.34,10.119289,0.843436,0.953987,DRRGDEMTRCRTTRRERRRESARLNGSUE,0.848485,0.151515,point_previews/task000210_mu000011_rho040_n1.png
0.5,11,8,license_plate_bahnschrift.ttf,CBAGJWPD6YXT0RNZL49E3HSU875KFVMQ2,15,11,0,0.425,11.313708,0.8067,0.853272,SESTWPBATURMTYBSHSU,0.787879,0.212121,point_previews/task000210_mu000011_rho050_n0.png
0.5,11,8,license_plate_bahnschrift.ttf,CBAGJWPD6YXT0RNZL49E3HSU875KFVMQ2,15,11,1,0.425,11.313708,0.8067,0.853272,CRREDYPDENSTDRNGB5RGASLEETARSUNL7,0.818182,0.181818,point_previews/task000210_mu000011_rho050_n1.png
0.6,11,8,license_plate_bahnschrift.ttf,CBAGJWPD6YXT0RNZL49E3HSU875KFVMQ2,15,11,0,0.51,12.393547,0.770893,0.778927,SSRATWEDSYRTDREZEAGESHRBTENED,0.757576,0.242424,point_previews/task000210_mu000011_rho060_n0.png
0.6,11,8,license_plate_bahnschrift.ttf,CBAGJWPD6YXT0RNZL49E3HSU875KFVMQ2,15,11,1,0.51,12.393547,0.770893,0.778927,ESLGUNPLEANTURNZESPESHSUSTSNERR,0.69697,0.30303,point_previews/task000210_mu000011_rho060_n1.png
0.7,11,8,license_plate_bahnschrift.ttf,CBAGJWPD6YXT0RNZL49E3HSU875KFVMQ2,15,11,0,0.595,13.38656,0.735998,0.721147,SCRABWEDSYNTERNZMAESHSLSTERRZ,0.666667,0.333333,point_previews/task000210_mu000011_rho070_n0.png
0.7,11,8,license_plate_bahnschrift.ttf,CBAGJWPD6YXT0RNZL49E3HSU875KFVMQ2,15,11,1,0.595,13.38656,0.735998,0.721147,PBABJMPDSYSTANGY49FSHSDETSKEVMDS,0.545455,0.454545,point_previews/task000210_mu000011_rho070_n1.png
0.8,11,8,license_plate_bahnschrift.ttf,CBAGJWPD6YXT0RNZL49E3HSU875KFVMQ2,15,11,0,0.68,14.310835,0.701998,0.674571,CEABJNSUAVXTRWZSG9ESHSLRTSHEVG2,0.606061,0.393939,point_previews/task000210_mu000011_rho080_n0.png
0.8,11,8,license_plate_bahnschrift.ttf,CBAGJWPD6YXT0RNZL49E3HSU875KFVMQ2,15,11,1,0.68,14.310835,0.701998,0.674571,ERAGTWPDEPRTRNTLLEESHSLETARFSTAGZ,0.636364,0.363636,point_previews/task000210_mu000011_rho080_n1.png
0.9,11,8,license_plate_bahnschrift.ttf,CBAGJWPD6YXT0RNZL49E3HSU875KFVMQ2,15,11,0,0.765,15.178933,0.668877,0.635992,CEAGLNPDEYKTQRNEEGESASUETSKEVMRZ,0.545455,0.454545,point_previews/task000210_mu000011_rho090_n0.png
0.9,11,8,license_plate_bahnschrift.ttf,CBAGJWPD6YXT0RNZL49E3HSU875KFVMQ2,15,11,1,0.765,15.178933,0.668877,0.635992,CRAGVPRAYXTURNZLLSE3HSUBTSKEYMAZ,0.454545,0.545455,point_previews/task000210_mu000011_rho090_n1.png
1.0,11,8,license_plate_bahnschrift.ttf,CBAGJWPD6YXT0RNZL49E3HSU875KFVMQ2,15,11,0,0.85,16.0,0.63662,0.603355,EBAGJMPDSYSTURNZLKESHSUSTDKRYMAD,0.454545,0.545455,point_previews/task000210_mu000011_rho100_n0.png
1.0,11,8,license_plate_bahnschrift.ttf,CBAGJWPD6YXT0RNZL49E3HSU875KFVMQ2,15,11,1,0.85,16.0,0.63662,0.603355,,1.0,0.0,point_previews/task000210_mu000011_rho100_n1.png
0.1,16,8,license_plate_bahnschrift.ttf,CBAGJWPD6YXT0RNZL49E3HSU875KFVMQ2,15,11,0,0.085,5.059644,0.959381,1.907975,SEAEME,0.909091,0.090909,point_previews/task000211_mu000016_rho010_n0.png
0.1,16,8,license_plate_bahnschrift.ttf,CBAGJWPD6YXT0RNZL49E3HSU875KFVMQ2,15,11,1,0.085,5.059644,0.959381,1.907975,SPRARCEGRNLVESTBNSCARBRR,0.818182,0.181818,point_previews/task000211_mu000016_rho010_n1.png
0.2,16,8,license_plate_bahnschrift.ttf,CBAGJWPD6YXT0RNZL49E3HSU875KFVMQ2,15,11,0,0.17,7.155418,0.919759,1.349142,ABRREETGRERCEARBUERSREWS,0.848485,0.151515,point_previews/task000211_mu000016_rho020_n0.png
0.2,16,8,license_plate_bahnschrift.ttf,CBAGJWPD6YXT0RNZL49E3HSU875KFVMQ2,15,11,1,0.17,7.155418,0.919759,1.349142,SARSMPSRERTNGRAH,0.848485,0.151515,point_previews/task000211_mu000016_rho020_n1.png
0.3,16,8,license_plate_bahnschrift.ttf,CBAGJWPD6YXT0RNZL49E3HSU875KFVMQ2,15,11,0,0.255,8.763561,0.881116,1.10157,BSUWBDEATNREZREHSURRQLD,0.69697,0.30303,point_previews/task000211_mu000016_rho030_n0.png
0.3,16,8,license_plate_bahnschrift.ttf,CBAGJWPD6YXT0RNZL49E3HSU875KFVMQ2,15,11,1,0.255,8.763561,0.881116,1.10157,SEADWETEYTRREA49SSHRGS7SKRULS,0.69697,0.30303,point_previews/task000211_mu000016_rho030_n1.png
0.4,16,8,license_plate_bahnschrift.ttf,CBAGJWPD6YXT0RNZL49E3HSU875KFVMQ2,15,11,0,0.34,10.119289,0.843436,0.953987,CSNGSRURKZCATESHSHRTSHEVME,0.727273,0.272727,point_previews/task000211_mu000016_rho040_n0.png
0.4,16,8,license_plate_bahnschrift.ttf,CBAGJWPD6YXT0RNZL49E3HSU875KFVMQ2,15,11,1,0.34,10.119289,0.843436,0.953987,SBAGUWREGTURNGLAYERHSUBFSEPWA,0.636364,0.363636,point_previews/task000211_mu000016_rho040_n1.png
0.5,16,8,license_plate_bahnschrift.ttf,CBAGJWPD6YXT0RNZL49E3HSU875KFVMQ2,15,11,0,0.425,11.313708,0.8067,0.853272,SSSABWEDAYXURNZLATESHSUSTDREYHGY,0.636364,0.363636,point_previews/task000211_mu000016_rho050_n0.png
0.5,16,8,license_plate_bahnschrift.ttf,CBAGJWPD6YXT0RNZL49E3HSU875KFVMQ2,15,11,1,0.425,11.313708,0.8067,0.853272,CR8GHMEDSYRTDRNZLSTEABSUBTSKENMAS,0.575758,0.424242,point_previews/task000211_mu000016_rho050_n1.png
0.6,16,8,license_plate_bahnschrift.ttf,CBAGJWPD6YXT0RNZL49E3HSU875KFVMQ2,15,11,0,0.51,12.393547,0.770893,0.778927,SBERCTWPDEARRNZEAFESASESTSREVMG2,0.666667,0.333333,point_previews/task000211_mu000016_rho060_n0.png
0.6,16,8,license_plate_bahnschrift.ttf,CBAGJWPD6YXT0RNZL49E3HSU875KFVMQ2,15,11,1,0.51,12.393547,0.770893,0.778927,EBAGJWEDASTURNZLASESHSEST5KFUMDE,0.454545,0.545455,point_previews/task000211_mu000016_rho060_n1.png
0.7,16,8,license_plate_bahnschrift.ttf,CBAGJWPD6YXT0RNZL49E3HSU875KFVMQ2,15,11,0,0.595,13.38656,0.735998,0.721147,CBAGJNPUSXKTRNZLAFEZHSHRTERRVMR,0.515152,0.484848,point_previews/task000211_mu000016_rho070_n0.png
0.7,16,8,license_plate_bahnschrift.ttf,CBAGJWPD6YXT0RNZL49E3HSU875KFVMQ2,15,11,1,0.595,13.38656,0.735998,0.721147,,1.0,0.0,point_previews/task000211_mu000016_rho070_n1.png
0.8,16,8,license_plate_bahnschrift.ttf,CBAGJWPD6YXT0RNZL49E3HSU875KFVMQ2,15,11,0,0.68,14.310835,0.701998,0.674571,,1.0,0.0,point_previews/task000211_mu000016_rho080_n0.png
0.8,16,8,license_plate_bahnschrift.ttf,CBAGJWPD6YXT0RNZL49E3HSU875KFVMQ2,15,11,1,0.68,14.310835,0.701998,0.674571,CRAGJWEDAYXTERNALSPESHSUSTSKEVMDR,0.424242,0.575758,point_previews/task000211_mu000016_rho080_n1.png
0.9,16,8,license_plate_bahnschrift.ttf,CBAGJWPD6YXT0RNZL49E3HSU875KFVMQ2,15,11,0,0.765,15.178933,0.668877,0.635992,SCBRGJWEDAYXTURNZEG2ESHSUSTSKFVMGR,0.424242,0.575758,point_previews/task000211_mu000016_rho090_n0.png
0.9,16,8,license_plate_bahnschrift.ttf,CBAGJWPD6YXT0RNZL49E3HSU875KFVMQ2,15,11,1,0.765,15.178933,0.668877,0.635992,,1.0,0.0,point_previews/task000211_mu000016_rho090_n1.png
1.0,16,8,license_plate_bahnschrift.ttf,CBAGJWPD6YXT0RNZL49E3HSU875KFVMQ2,15,11,0,0.85,16.0,0.63662,0.603355,ESAGLHPDSYXTURNZEAPESHSUB7SKEVMAZ,0.454545,0.545455,point_previews/task000211_mu000016_rho100_n0.png
1.0,16,8,license_plate_bahnschrift.ttf,CBAGJWPD6YXT0RNZL49E3HSU875KFVMQ2,15,11,1,0.85,16.0,0.63662,0.603355,EBAGJWPDEYXTERNZESSESHSURTSKEVMA2,0.363636,0.636364,point_previews/task000211_mu000016_rho100_n1.png
0.1,23,8,license_plate_bahnschrift.ttf,CBAGJWPD6YXT0RNZL49E3HSU875KFVMQ2,15,11,0,0.085,5.059644,0.959381,1.907975,HSTSPRRAERAE,0.909091,0.090909,point_previews/task000212_mu000023_rho010_n0.png
0.1,23,8,license_plate_bahnschrift.ttf,CBAGJWPD6YXT0RNZL49E3HSU875KFVMQ2,15,11,1,0.085,5.059644,0.959381,1.907975,PPSLTRRRRTEAYCRER,0.878788,0.121212,point_previews/task000212_mu000023_rho010_n1.png
0.2,23,8,license_plate_bahnschrift.ttf,CBAGJWPD6YXT0RNZL49E3HSU875KFVMQ2,15,11,0,0.17,7.155418,0.919759,1.349142,PEPSSWESREEARESABLR7HRD,0.878788,0.121212,point_previews/task000212_mu000023_rho020_n0.png
0.2,23,8,license_plate_bahnschrift.ttf,CBAGJWPD6YXT0RNZL49E3HSU875KFVMQ2,15,11,1,0.17,7.155418,0.919759,1.349142,JSGEPRRTURAEEASEGH7SRPMEEC,0.787879,0.212121,point_previews/task000212_mu000023_rho020_n1.png
0.3,23,8,license_plate_bahnschrift.ttf,CBAGJWPD6YXT0RNZL49E3HSU875KFVMQ2,15,11,0,0.255,8.763561,0.881116,1.10157,,1.0,0.0,point_previews/task000212_mu000023_rho030_n0.png
0.3,23,8,license_plate_bahnschrift.ttf,CBAGJWPD6YXT0RNZL49E3HSU875KFVMQ2,15,11,1,0.255,8.763561,0.881116,1.10157,CEAGWPTGNNTARNZPSPEGHSHRTSRENMEE,0.606061,0.393939,point_previews/task000212_mu000023_rho030_n1.png
0.4,23,8,license_plate_bahnschrift.ttf,CBAGJWPD6YXT0RNZL49E3HSU875KFVMQ2,15,11,0,0.34,10.119289,0.843436,0.953987,,1.0,0.0,point_previews/task000212_mu000023_rho040_n0.png
0.4,23,8,license_plate_bahnschrift.ttf,CBAGJWPD6YXT0RNZL49E3HSU875KFVMQ2,15,11,1,0.34,10.119289,0.843436,0.953987,,1.0,0.0,point_previews/task000212_mu000023_rho040_n1.png
0.5,23,8,license_plate_bahnschrift.ttf,CBAGJWPD6YXT0RNZL49E3HSU875KFVMQ2,15,11,0,0.425,11.313708,0.8067,0.853272,,1.0,0.0,point_previews/task000212_mu000023_rho050_n0.png
0.5,23,8,license_plate_bahnschrift.ttf,CBAGJWPD6YXT0RNZL49E3HSU875KFVMQ2,15,11,1,0.425,11.313708,0.8067,0.853272,,1.0,0.0,point_previews/task000212_mu000023_rho050_n1.png
0.6,23,8,license_plate_bahnschrift.ttf,CBAGJWPD6YXT0RNZL49E3HSU875KFVMQ2,15,11,0,0.51,12.393547,0.770893,0.778927,CEAGAWPD6YRTRNZLAPEZHSUB7SKEVMGZ,0.363636,0.636364,point_previews/task000212_mu000023_rho060_n0.png
0.6,23,8,license_plate_bahnschrift.ttf,CBAGJWPD6YXT0RNZL49E3HSU875KFVMQ2,15,11,1,0.51,12.393547,0.770893,0.778927,CRAGJWPRSYXTURNZLATESHSUSTSKEVMG,0.393939,0.606061,point_previews/task000212_mu000023_rho060_n1.png
0.7,23,8,license_plate_bahnschrift.ttf,CBAGJWPD6YXT0RNZL49E3HSU875KFVMQ2,15,11,0,0.595,13.38656,0.735998,0.721147,CBABJWFDAYXTRNZESSESHSUBTSKEYMG2,0.424242,0.575758,point_previews/task000212_mu000023_rho070_n0.png
0.7,23,8,license_plate_bahnschrift.ttf,CBAGJWPD6YXT0RNZL49E3HSU875KFVMQ2,15,11,1,0.595,13.38656,0.735998,0.721147,SCBAGJWPDSYXTURNZEATESHSUSTSKEVMG,0.393939,0.606061,point_previews/task000212_mu000023_rho070_n1.png
0.8,23,8,license_plate_bahnschrift.ttf,CBAGJWPD6YXT0RNZL49E3HSU875KFVMQ2,15,11,0,0.68,14.310835,0.701998,0.674571,CRABWPDSYXTURNZEAVESHSUSTSKFVMG2,0.393939,0.606061,point_previews/task000212_mu000023_rho080_n0.png
0.8,23,8,license_plate_bahnschrift.ttf,CBAGJWPD6YXT0RNZL49E3HSU875KFVMQ2,15,11,1,0.68,14.310835,0.701998,0.674571,CBAGJWPD6YXT0RNZLZSESHSUSTAKEYVMQ2,0.242424,0.757576,point_previews/task000212_mu000023_rho080_n1.png
0.9,23,8,license_plate_bahnschrift.ttf,CBAGJWPD6YXT0RNZL49E3HSU875KFVMQ2,15,11,0,0.765,15.178933,0.668877,0.635992,CBAGJWPDSYXTURNZLAPESHSUBTSKFYMDZ,0.333333,0.666667,point_previews/task000212_mu000023_rho090_n0.png
0.9,23,8,license_plate_bahnschrift.ttf,CBAGJWPD6YXT0RNZL49E3HSU875KFVMQ2,15,11,1,0.765,15.178933,0.668877,0.635992,,1.0,0.0,point_previews/task000212_mu000023_rho090_n1.png
1.0,23,8,license_plate_bahnschrift.ttf,CBAGJWPD6YXT0RNZL49E3HSU875KFVMQ2,15,11,0,0.85,16.0,0.63662,0.603355,CBAGUWPDSYXTURNZL49ESHSUB7SKFVMP,0.242424,0.757576,point_previews/task000212_mu000023_rho100_n0.png
1.0,23,8,license_plate_bahnschrift.ttf,CBAGJWPD6YXT0RNZL49E3HSU875KFVMQ2,15,11,1,0.85,16.0,0.63662,0.603355,CBAGJWPDEYXTURNZL69E3HSUS75KEYMQ2,0.181818,0.818182,point_previews/task000212_mu000023_rho100_n1.png
0.1,32,8,license_plate_bahnschrift.ttf,CBAGJWPD6YXT0RNZL49E3HSU875KFVMQ2,15,11,0,0.085,5.059644,0.959381,1.907975,CESASUDESTURMELENALRTRAS,0.818182,0.181818,point_previews/task000213_mu000032_rho010_n0.png
0.1,32,8,license_plate_bahnschrift.ttf,CBAGJWPD6YXT0RNZL49E3HSU875KFVMQ2,15,11,1,0.085,5.059644,0.959381,1.907975,EERRSMRDREYPNNESALTRAGEDHREWBTAT,0.939394,0.060606,point_previews/task000213_mu000032_rho010_n1.png
0.2,32,8,license_plate_bahnschrift.ttf,CBAGJWPD6YXT0RNZL49E3HSU875KFVMQ2,15,11,0,0.17,7.155418,0.919759,1.349142,CEAGTWPRESYTURNTLAPESHSUATAKRVRS,0.545455,0.454545,point_previews/task000213_mu000032_rho020_n0.png
0.2,32,8,license_plate_bahnschrift.ttf,CBAGJWPD6YXT0RNZL49E3HSU875KFVMQ2,15,11,1,0.17,7.155418,0.919759,1.349142,DSAGUNPDEEHRNZEGFESHBURTSKRVAET,0.636364,0.363636,point_previews/task000213_mu000032_rho020_n1.png
0.3,32,8,license_plate_bahnschrift.ttf,CBAGJWPD6YXT0RNZL49E3HSU875KFVMQ2,15,11,0,0.255,8.763561,0.881116,1.10157,CENBJWPDAYXTRNZLGSESHSUB2SKEUMGZ,0.454545,0.545455,point_previews/task000213_mu000032_rho030_n0.png
0.3,32,8,license_plate_bahnschrift.ttf,CBAGJWPD6YXT0RNZL49E3HSU875KFVMQ2,15,11,1,0.255,8.763561,0.881116,1.10157,PRAGAMRDSYXTNRRZLSFESHSUSTSKEVMAD,0.515152,0.484848,point_previews/task000213_mu000032_rho030_n1.png
0.4,32,8,license_plate_bahnschrift.ttf,CBAGJWPD6YXT0RNZL49E3HSU875KFVMQ2,15,11,0,0.34,10.119289,0.843436,0.953987,,1.0,0.0,point_previews/task000213_mu000032_rho040_n0.png
0.4,32,8,license_plate_bahnschrift.ttf,CBAGJWPD6YXT0RNZL49E3HSU875KFVMQ2,15,11,1,0.34,10.119289,0.843436,0.953987,CBAGJWFDBYTURNZUATESHSUB7SKEYNG2,0.424242,0.575758,point_previews/task000213_mu000032_rho040_n1.png
0.5,32,8,license_plate_bahnschrift.ttf,CBAGJWPD6YXT0RNZL49E3HSU875KFVMQ2,15,11,0,0.425,11.313708,0.8067,0.853272,,1.0,0.0,point_previews/task000213_mu000032_rho050_n0.png
0.5,32,8,license_plate_bahnschrift.ttf,CBAGJWPD6YXT0RNZL49E3HSU875KFVMQ2,15,11,1,0.425,11.313708,0.8067,0.853272,CBAGJWPDSYXTQRNZE45E3HSUBTSKEVMQZ,0.272727,0.727273,point_previews/task000213_mu000032_rho050_n1.png
0.6,32,8,license_plate_bahnschrift.ttf,CBAGJWPD6YXT0RNZL49E3HSU875KFVMQ2,15,11,0,0.51,12.393547,0.770893,0.778927,,1.0,0.0,point_previews/task000213_mu000032_rho060_n0.png
0.6,32,8,license_plate_bahnschrift.ttf,CBAGJWPD6YXT0RNZL49E3HSU875KFVMQ2,15,11,1,0.51,12.393547,0.770893,0.778927,,1.0,0.0,point_previews/task000213_mu000032_rho060_n1.png
0.7,32,8,license_plate_bahnschrift.ttf,CBAGJWPD6YXT0RNZL49E3HSU875KFVMQ2,15,11,0,0.595,13.38656,0.735998,0.721147,CSAGJWEN6YXTURNZLAPESHSUB7DKEYMZ,0.393939,0.606061,point_previews/task000213_mu000032_rho070_n0.png
0.7,32,8,license_plate_bahnschrift.ttf,CBAGJWPD6YXT0RNZL49E3HSU875KFVMQ2,15,11,1,0.595,13.38656,0.735998,0.721147,,1.0,0.0,point_previews/task000213_mu000032_rho070_n1.png
0.8,32,8,license_plate_bahnschrift.ttf,CBAGJWPD6YXT0RNZL49E3HSU875KFVMQ2,15,11,0,0.68,14.310835,0.701998,0.674571,CBAGJWPDEYXTARNZS49ESHSUBTSKEVMQZ,0.272727,0.727273,point_previews/task000213_mu000032_rho080_n0.png
0.8,32,8,license_plate_bahnschrift.ttf,CBAGJWPD6YXT0RNZL49E3HSU875KFVMQ2,15,11,1,0.68,14.310835,0.701998,0.674571,CBAGJWPDAYXTGRNZLAPESHSUS7SKEVMG2,0.272727,0.727273,point_previews/task000213_mu000032_rho080_n1.png
0.9,32,8,license_plate_bahnschrift.ttf,CBAGJWPD6YXT0RNZL49E3HSU875KFVMQ2,15,11,0,0.765,15.178933,0.668877,0.635992,PBAGJWPDSYXTURNZL49E3HSUBTSKEVM2,0.242424,0.757576,point_previews/task000213_mu000032_rho090_n0.png
0.9,32,8,license_plate_bahnschrift.ttf,CBAGJWPD6YXT0RNZL49E3HSU875KFVMQ2,15,11,1,0.765,15.178933,0.668877,0.635992,CRAGJWPDE6YXTURNZL4PESHSUBTSKEVMG2,0.30303,0.69697,point_previews/task000213_mu000032_rho090_n1.png
1.0,32,8,license_plate_bahnschrift.ttf,CBAGJWPD6YXT0RNZL49E3HSU875KFVMQ2,15,11,0,0.85,16.0,0.63662,0.603355,BRAGJWEDSYXTURNZLA9E3HSUB75KFVMQ2,0.212121,0.787879,point_previews/task000213_mu000032_rho100_n0.png
1.0,32,8,license_plate_bahnschrift.ttf,CBAGJWPD6YXT0RNZL49E3HSU875KFVMQ2,15,11,1,0.85,16.0,0.63662,0.603355,,1.0,0.0,point_previews/task000213_mu000032_rho100_n1.png
0.1,45,8,license_plate_bahnschrift.ttf,CBAGJWPD6YXT0RNZL49E3HSU875KFVMQ2,15,11,0,0.085,5.059644,0.959381,1.907975,SCESBUWEREYSTRECLGRRSUYSKENELS,0.757576,0.242424,point_previews/task000214_mu000045_rho010_n0.png
0.1,45,8,license_plate_bahnschrift.ttf,CBAGJWPD6YXT0RNZL49E3HSU875KFVMQ2,15,11,1,0.085,5.059644,0.959381,1.907975,CBSBTNERRRTRRAESPRANSUATSKEUME,0.757576,0.242424,point_previews/task000214_mu000045_rho010_n1.png
0.2,45,8,license_plate_bahnschrift.ttf,CBAGJWPD6YXT0RNZL49E3HSU875KFVMQ2,15,11,0,0.17,7.155418,0.919759,1.349142,,1.0,0.0,point_previews/task000214_mu000045_rho020_n0.png
0.2,45,8,license_plate_bahnschrift.ttf,CBAGJWPD6YXT0RNZL49E3HSU875KFVMQ2,15,11,1,0.17,7.155418,0.919759,1.349142,BEAGJNPHEYXTARNZLARESHSUBTSKEMM2,0.454545,0.545455,point_previews/task000214_mu000045_rho020_n1.png
0.3,45,8,license_plate_bahnschrift.ttf,CBAGJWPD6YXT0RNZL49E3HSU875KFVMQ2,15,11,0,0.255,8.763561,0.881116,1.10157,,1.0,0.0,point_previews/task000214_mu000045_rho030_n0.png
0.3,45,8,license_plate_bahnschrift.ttf,CBAGJWPD6YXT0RNZL49E3HSU875KFVMQ2,15,11,1,0.255,8.763561,0.881116,1.10157,,1.0,0.0,point_previews/task000214_mu000045_rho030_n1.png
0.4,45,8,license_plate_bahnschrift.ttf,CBAGJWPD6YXT0RNZL49E3HSU875KFVMQ2,15,11,0,0.34,10.119289,0.843436,0.953987,CBAGJWPDEYXTRNZASESHSUSTSKEVMDZ,0.363636,0.636364,point_previews/task000214_mu000045_rho040_n0.png
0.4,45,8,license_plate_bahnschrift.ttf,CBAGJWPD6YXT0RNZL49E3HSU875KFVMQ2,15,11,1,0.34,10.119289,0.843436,0.953987,CBAGJWPD6YXTURNZLAPESHSUST5KEVMG2,0.242424,0.757576,point_previews/task000214_mu000045_rho040_n1.png
0.5,45,8,license_plate_bahnschrift.ttf,CBAGJWPD6YXT0RNZL49E3HSU875KFVMQ2,15,11,0,0.425,11.313708,0.8067,0.853272,CBAGJNPD6YXTDRNZESTESHSUBTSKEVMQ2,0.30303,0.69697,point_previews/task000214_mu000045_rho050_n0.png
0.5,45,8,license_plate_bahnschrift.ttf,CBAGJWPD6YXT0RNZL49E3HSU875KFVMQ2,15,11,1,0.425,11.313708,0.8067,0.853272,CBAGJWPUSYXTURNZLAVESHSUB75KEVMQ2,0.242424,0.757576,point_previews/task000214_mu000045_rho050_n1.png
0.6,45,8,license_plate_bahnschrift.ttf,CBAGJWPD6YXT0RNZL49E3HSU875KFVMQ2,15,11,0,0.51,12.393547,0.770893,0.778927,CBAGJWPD6YXTURNZLA9ESHSUS7SKFYMG2,0.212121,0.787879,point_previews/task000214_mu000045_rho060_n0.png
0.6,45,8,license_plate_bahnschrift.ttf,CBAGJWPD6YXT0RNZL49E3HSU875KFVMQ2,15,11,1,0.51,12.393547,0.770893,0.778927,CBAGJWPDSYXTURNZLSVESHSUR7SKEVMG2,0.272727,0.727273,point_previews/task000214_mu000045_rho060_n1.png
0.7,45,8,license_plate_bahnschrift.ttf,CBAGJWPD6YXT0RNZL49E3HSU875KFVMQ2,15,11,0,0.595,13.38656,0.735998,0.721147,CBAGJWPD6YXTURNZLS9ESHSUS7TSKFVMG2,0.212121,0.787879,point_previews/task000214_mu000045_rho070_n0.png
0.7,45,8,license_plate_bahnschrift.ttf,CBAGJWPD6YXT0RNZL49E3HSU875KFVMQ2,15,11,1,0.595,13.38656,0.735998,0.721147,CBAGJWPD6YXTURNZL49ESHSUSTSKFYMQ2,0.181818,0.818182,point_previews/task000214_mu000045_rho070_n1.png
0.8,45,8,license_plate_bahnschrift.ttf,CBAGJWPD6YXT0RNZL49E3HSU875KFVMQ2,15,11,0,0.68,14.310835,0.701998,0.674571,CBAGJWPDSYXTRNZLA9ESHSUBTSKFVMG2,0.242424,0.757576,point_previews/task000214_mu000045_rho080_n0.png
0.8,45,8,license_plate_bahnschrift.ttf,CBAGJWPD6YXT0RNZL49E3HSU875KFVMQ2,15,11,1,0.68,14.310835,0.701998,0.674571,SCBAGJWPDSYXTRNZLAESHSUS7SKFVMQ2,0.242424,0.757576,point_previews/task000214_mu000045_rho080_n1.png
0.9,45,8,license_plate_bahnschrift.ttf,CBAGJWPD6YXT0RNZL49E3HSU875KFVMQ2,15,11,0,0.765,15.178933,0.668877,0.635992,CBAGJWPDSYXTURNZL49ESHSUBTSKFVMQ2,0.181818,0.818182,point_previews/task000214_mu000045_rho090_n0.png
0.9,45,8,license_plate_bahnschrift.ttf,CBAGJWPD6YXT0RNZL49E3HSU875KFVMQ2,15,11,1,0.765,15.178933,0.668877,0.635992,CBAGJWPD6YXTURNZLASESHSUB75KFVYMQ2,0.181818,0.818182,point_previews/task000214_mu000045_rho090_n1.png
1.0,45,8,license_plate_bahnschrift.ttf,CBAGJWPD6YXT0RNZL49E3HSU875KFVMQ2,15,11,0,0.85,16.0,0.63662,0.603355,CBAGJWPDSYXTURNZLS9E3HSUB75KFVMQZ,0.151515,0.848485,point_previews/task000214_mu000045_rho100_n0.png
1.0,45,8,license_plate_bahnschrift.ttf,CBAGJWPD6YXT0RNZL49E3HSU875KFVMQ2,15,11,1,0.85,16.0,0.63662,0.603355,CBAGJWPD4YXT0RNZL49EZHSUBTSKFVMQ2,0.151515,0.848485,point_previews/task000214_mu000045_rho100_n1.png
0.1,64,8,license_plate_bahnschrift.ttf,CBAGJWPD6YXT0RNZL49E3HSU875KFVMQ2,15,11,0,0.085,5.059644,0.959381,1.907975,SSABNEDAYRTURMESFESHSURTSKENMAZ,0.666667,0.333333,point_previews/task000215_mu000064_rho010_n0.png
0.1,64,8,license_plate_bahnschrift.ttf,CBAGJWPD6YXT0RNZL49E3HSU875KFVMQ2,15,11,1,0.085,5.059644,0.959381,1.907975,CAAGWPUSYETQRNZLATRGMATSTSREULGS,0.666667,0.333333,point_previews/task000215_mu000064_rho010_n1.png
0.2,64,8,license_plate_bahnschrift.ttf,CBAGJWPD6YXT0RNZL49E3HSU875KFVMQ2,15,11,0,0.17,7.155418,0.919759,1.349142,ESAGJWPDEYXTURNZL4FESHSUSTEKEVMG2,0.333333,0.666667,point_previews/task000215_mu000064_rho020_n0.png
0.2,64,8,license_plate_bahnschrift.ttf,CBAGJWPD6YXT0RNZL49E3HSU875KFVMQ2,15,11,1,0.17,7.155418,0.919759,1.349142,CRAGSWPDSYXTURNZL2SE3HSUB7SKEVMG2,0.30303,0.69697,point_previews/task000215_mu000064_rho020_n1.png
0.3,64,8,license_plate_bahnschrift.ttf,CBAGJWPD6YXT0RNZL49E3HSU875KFVMQ2,15,11,0,0.255,8.763561,0.881116,1.10157,CBAGJWPDAYXTURNZLSFESHSUSTEKFVMGZ,0.30303,0.69697,point_previews/task000215_mu000064_rho030_n0.png
0.3,64,8,license_plate_bahnschrift.ttf,CBAGJWPD6YXT0RNZL49E3HSU875KFVMQ2,15,11,1,0.255,8.763561,0.881116,1.10157,,1.0,0.0,point_previews/task000215_mu000064_rho030_n1.png
0.4,64,8,license_plate_bahnschrift.ttf,CBAGJWPD6YXT0RNZL49E3HSU875KFVMQ2,15,11,0,0.34,10.119289,0.843436,0.953987,CBAGJWPD6YXTURNZL49E3HSU87SKFVMG2,0.090909,0.909091,point_previews/task000215_mu000064_rho040_n0.png
0.4,64,8,license_plate_bahnschrift.ttf,CBAGJWPD6YXT0RNZL49E3HSU875KFVMQ2,15,11,1,0.34,10.119289,0.843436,0.953987,CBAGJWPDSYXTURNZLS9ESHSUB75KFYMQZ,0.212121,0.787879,point_previews/task000215_mu000064_rho040_n1.png
0.5,64,8,license_plate_bahnschrift.ttf,CBAGJWPD6YXT0RNZL49E3HSU875KFVMQ2,15,11,0,0.425,11.313708,0.8067,0.853272,CBAGJWPRSYXTURNZL49ESHSUBTSKFVMQ2,0.212121,0.787879,point_previews/task000215_mu000064_rho050_n0.png
0.5,64,8,license_plate_bahnschrift.ttf,CBAGJWPD6YXT0RNZL49E3HSU875KFVMQ2,15,11,1,0.425,11.313708,0.8067,0.853272,CBAGJWPN6YXTURNZLS9ESHSUS7SKEVMDZ,0.272727,0.727273,point_previews/task000215_mu000064_rho050_n1.png
0.6,64,8,license_plate_bahnschrift.ttf,CBAGJWPD6YXT0RNZL49E3HSU875KFVMQ2,15,11,0,0.51,12.393547,0.770893,0.778927,CBAGJWPD6YXTURNZL49E3HSUB75KFVMG2,0.090909,0.909091,point_previews/task000215_mu000064_rho060_n0.png
0.6,64,8,license_plate_bahnschrift.ttf,CBAGJWPD6YXT0RNZL49E3HSU875KFVMQ2,15,11,1,0.51,12.393547,0.770893,0.778927,CBAGJWPD6YXTURNZL49ESH5U875SKFVMQ2,0.121212,0.878788,point_previews/task000215_mu000064_rho060_n1.png
0.7,64,8,license_plate_bahnschrift.ttf,CBAGJWPD6YXT0RNZL49E3HSU875KFVMQ2,15,11,0,0.595,13.38656,0.735998,0.721147,CBAGJWPDS6YXTURNZLSESHSUB75KFVMQ2,0.181818,0.818182,point_previews/task000215_mu000064_rho070_n0.png
0.7,64,8,license_plate_bahnschrift.ttf,CBAGJWPD6YXT0RNZL49E3HSU875KFVMQ2,15,11,1,0.595,13.38656,0.735998,0.721147,CBAGJWPD6YXTURNZL4SPESHSUB7TSKFVMG2,0.242424,0.757576,point_previews/task000215_mu000064_rho070_n1.png
0.8,64,8,license_plate_bahnschrift.ttf,CBAGJWPD6YXT0RNZL49E3HSU875KFVMQ2,15,11,0,0.68,14.310835,0.701998,0.674571,CBAGJWPD6YXT0RNZLS9E3HSUB7SKFYMG2,0.151515,0.848485,point_previews/task000215_mu000064_rho080_n0.png
0.8,64,8,license_plate_bahnschrift.ttf,CBAGJWPD6YXT0RNZL49E3HSU875KFVMQ2,15,11,1,0.68,14.310835,0.701998,0.674571,CBAGJWPDSYXT0RNZL49ESHSUS7SKFVMGZ,0.181818,0.818182,point_previews/task000215_mu000064_rho080_n1.png
0.9,64,8,license_plate_bahnschrift.ttf,CBAGJWPD6YXT0RNZL49E3HSU875KFVMQ2,15,11,0,0.765,15.178933,0.668877,0.635992,CBAGJWPD6YXTRNZL49E3HSUS75KFVMQ2,0.060606,0.939394,point_previews/task000215_mu000064_rho090_n0.png
0.9,64,8,license_plate_bahnschrift.ttf,CBAGJWPD6YXT0RNZL49E3HSU875KFVMQ2,15,11,1,0.765,15.178933,0.668877,0.635992,CBAGJWPD6YXTURNZL49E3HSUBTSKFVMQ2,0.121212,0.878788,point_previews/task000215_mu000064_rho090_n1.png
1.0,64,8,license_plate_bahnschrift.ttf,CBAGJWPD6YXT0RNZL49E3HSU875KFVMQ2,15,11,0,0.85,16.0,0.63662,0.603355,CBAGJWPD6YXTCRNZL49ESHSUSTSKFVMQ2,0.151515,0.848485,point_previews/task000215_mu000064_rho100_n0.png
1.0,64,8,license_plate_bahnschrift.ttf,CBAGJWPD6YXT0RNZL49E3HSU875KFVMQ2,15,11,1,0.85,16.0,0.63662,0.603355,CBAGJWPD6YXTURNZL4PESHSUSTSKFVMG2,0.212121,0.787879,point_previews/task000215_mu000064_rho100_n1.png
0.1,4,8,license_plate_bahnschrift.ttf,CBAGJWPD6YXT0RNZL49E3HSU875KFVMQ2,15,15,0,0.085,5.059644,0.959381,1.907975,,1.0,0.0,point_previews/task000216_mu000004_rho010_n0.png
0.1,4,8,license_plate_bahnschrift.ttf,CBAGJWPD6YXT0RNZL49E3HSU875KFVMQ2,15,15,1,0.085,5.059644,0.959381,1.907975,,1.0,0.0,point_previews/task000216_mu000004_rho010_n1.png
0.2,4,8,license_plate_bahnschrift.ttf,CBAGJWPD6YXT0RNZL49E3HSU875KFVMQ2,15,15,0,0.17,7.155418,0.919759,1.349142,SPRSESATTWRNAER,0.878788,0.121212,point_previews/task000216_mu000004_rho020_n0.png
0.2,4,8,license_plate_bahnschrift.ttf,CBAGJWPD6YXT0RNZL49E3HSU875KFVMQ2,15,15,1,0.17,7.155418,0.919759,1.349142,,1.0,0.0,point_previews/task000216_mu000004_rho020_n1.png
0.3,4,8,license_plate_bahnschrift.ttf,CBAGJWPD6YXT0RNZL49E3HSU875KFVMQ2,15,15,0,0.255,8.763561,0.881116,1.10157,,1.0,0.0,point_previews/task000216_mu000004_rho030_n0.png
0.3,4,8,license_plate_bahnschrift.ttf,CBAGJWPD6YXT0RNZL49E3HSU875KFVMQ2,15,15,1,0.255,8.763561,0.881116,1.10157,ENEPETNTAP,0.909091,0.090909,point_previews/task000216_mu000004_rho030_n1.png
0.4,4,8,license_plate_bahnschrift.ttf,CBAGJWPD6YXT0RNZL49E3HSU875KFVMQ2,15,15,0,0.34,10.119289,0.843436,0.953987,SAC3HTEUUNGLSCD,0.878788,0.121212,point_previews/task000216_mu000004_rho040_n0.png
0.4,4,8,license_plate_bahnschrift.ttf,CBAGJWPD6YXT0RNZL49E3HSU875KFVMQ2,15,15,1,0.34,10.119289,0.843436,0.953987,RTNGRCWERCEETYAALST,0.878788,0.121212,point_previews/task000216_mu000004_rho040_n1.png
0.5,4,8,license_plate_bahnschrift.ttf,CBAGJWPD6YXT0RNZL49E3HSU875KFVMQ2,15,15,0,0.425,11.313708,0.8067,0.853272,DEAUCMRACTSRTEALRCLS,0.878788,0.121212,point_previews/task000216_mu000004_rho050_n0.png
0.5,4,8,license_plate_bahnschrift.ttf,CBAGJWPD6YXT0RNZL49E3HSU875KFVMQ2,15,15,1,0.425,11.313708,0.8067,0.853272,UTATAASMCEPGS,0.878788,0.121212,point_previews/task000216_mu000004_rho050_n1.png
0.6,4,8,license_plate_bahnschrift.ttf,CBAGJWPD6YXT0RNZL49E3HSU875KFVMQ2,15,15,0,0.51,12.393547,0.770893,0.778927,PETMTYERYECUSGA,0.878788,0.121212,point_previews/task000216_mu000004_rho060_n0.png
0.6,4,8,license_plate_bahnschrift.ttf,CBAGJWPD6YXT0RNZL49E3HSU875KFVMQ2,15,15,1,0.51,12.393547,0.770893,0.778927,EGSNNPPSEPNESB,0.878788,0.121212,point_previews/task000216_mu000004_rho060_n1.png
0.7,4,8,license_plate_bahnschrift.ttf,CBAGJWPD6YXT0RNZL49E3HSU875KFVMQ2,15,15,0,0.595,13.38656,0.735998,0.721147,MATNNETHTRGLC,0.848485,0.151515,point_previews/task000216_mu000004_rho070_n0.png
0.7,4,8,license_plate_bahnschrift.ttf,CBAGJWPD6YXT0RNZL49E3HSU875KFVMQ2,15,15,1,0.595,13.38656,0.735998,0.721147,SURSPEETRSLUESPECATTS,0.818182,0.181818,point_previews/task000216_mu000004_rho070_n1.png
0.8,4,8,license_plate_bahnschrift.ttf,CBAGJWPD6YXT0RNZL49E3HSU875KFVMQ2,15,15,0,0.68,14.310835,0.701998,0.674571,AERLWGEARFVREESALGHUESL,0.878788,0.121212,point_previews/task000216_mu000004_rho080_n0.png
0.8,4,8,license_plate_bahnschrift.ttf,CBAGJWPD6YXT0RNZL49E3HSU875KFVMQ2,15,15,1,0.68,14.310835,0.701998,0.674571,2F5PSPUENBLHLTEMCUYP5CRAT,0.848485,0.151515,point_previews/task000216_mu000004_rho080_n1.png
0.9,4,8,license_plate_bahnschrift.ttf,CBAGJWPD6YXT0RNZL49E3HSU875KFVMQ2,15,15,0,0.765,15.178933,0.668877,0.635992,DRAUSSRSTTERMTELCGTRTRNE,0.878788,0.121212,point_previews/task000216_mu000004_rho090_n0.png
0.9,4,8,license_plate_bahnschrift.ttf,CBAGJWPD6YXT0RNZL49E3HSU875KFVMQ2,15,15,1,0.765,15.178933,0.668877,0.635992,TUREGDSCRSPNRERRPCS,0.909091,0.090909,point_previews/task000216_mu000004_rho090_n1.png
1.0,4,8,license_plate_bahnschrift.ttf,CBAGJWPD6YXT0RNZL49E3HSU875KFVMQ2,15,15,0,0.85,16.0,0.63662,0.603355,SRAEASNGAPERENCHSLSR,0.878788,0.121212,point_previews/task000216_mu000004_rho100_n0.png
1.0,4,8,license_plate_bahnschrift.ttf,CBAGJWPD6YXT0RNZL49E3HSU875KFVMQ2,15,15,1,0.85,16.0,0.63662,0.603355,ACRSBBHA,0.909091,0.090909,point_previews/task000216_mu000004_rho100_n1.png
0.1,6,8,license_plate_bahnschrift.ttf,CBAGJWPD6YXT0RNZL49E3HSU875KFVMQ2,15,15,0,0.085,5.059644,0.959381,1.907975,CNRDNEETLSCNEGMRSEAETNRBN,0.878788,0.121212,point_previews/task000217_mu000006_rho010_n0.png
0.1,6,8,license_plate_bahnschrift.ttf,CBAGJWPD6YXT0RNZL49E3HSU875KFVMQ2,15,15,1,0.085,5.059644,0.959381,1.907975,BRPANGTCATSELGGBRCYTH,0.878788,0.121212,point_previews/task000217_mu000006_rho010_n1.png
0.2,6,8,license_plate_bahnschrift.ttf,CBAGJWPD6YXT0RNZL49E3HSU875KFVMQ2,15,15,0,0.17,7.155418,0.919759,1.349142,SVRBRSRSYUADHNR,0.939394,0.060606,point_previews/task000217_mu000006_rho020_n0.png
0.2,6,8,license_plate_bahnschrift.ttf,CBAGJWPD6YXT0RNZL49E3HSU875KFVMQ2,15,15,1,0.17,7.155418,0.919759,1.349142,,1.0,0.0,point_previews/task000217_mu000006_rho020_n1.png
0.3,6,8,license_plate_bahnschrift.ttf,CBAGJWPD6YXT0RNZL49E3HSU875KFVMQ2,15,15,0,0.255,8.763561,0.881116,1.10157,,1.0,0.0,point_previews/task000217_mu000006_rho030_n0.png
0.3,6,8,license_plate_bahnschrift.ttf,CBAGJWPD6YXT0RNZL49E3HSU875KFVMQ2,15,15,1,0.255,8.763561,0.881116,1.10157,WEESRETGEEEAERMRHERAEER,0.909091,0.090909,point_previews/task000217_mu000006_rho030_n1.png
0.4,6,8,license_plate_bahnschrift.ttf,CBAGJWPD6YXT0RNZL49E3HSU875KFVMQ2,15,15,0,0.34,10.119289,0.843436,0.953987,RSPUAEELED,0.909091,0.090909,point_previews/task000217_mu000006_rho040_n0.png
0.4,6,8,license_plate_bahnschrift.ttf,CBAGJWPD6YXT0RNZL49E3HSU875KFVMQ2,15,15,1,0.34,10.119289,0.843436,0.953987,MTNEKAMHETTST,0.909091,0.090909,point_previews/task000217_mu000006_rho040_n1.png
0.5,6,8,license_plate_bahnschrift.ttf,CBAGJWPD6YXT0RNZL49E3HSU875KFVMQ2,15,15,0,0.425,11.313708,0.8067,0.853272,EASRETHAHTPENESHET,0.848485,0.151515,point_previews/task000217_mu000006_rho050_n0.png
0.5,6,8,license_plate_bahnschrift.ttf,CBAGJWPD6YXT0RNZL49E3HSU875KFVMQ2,15,15,1,0.425,11.313708,0.8067,0.853272,SSRMEDR,0.939394,0.060606,point_previews/task000217_mu000006_rho050_n1.png
0.6,6,8,license_plate_bahnschrift.ttf,CBAGJWPD6YXT0RNZL49E3HSU875KFVMQ2,15,15,0,0.51,12.393547,0.770893,0.778927,CTAHAAVENARWEALATSSFRLPNALLD,0.878788,0.121212,point_previews/task000217_mu000006_rho060_n0.png
0.6,6,8,license_plate_bahnschrift.ttf,CBAGJWPD6YXT0RNZL49E3HSU875KFVMQ2,15,15,1,0.51,12.393547,0.770893,0.778927,VERRUWREAETREMSSASRERRU,0.848485,0.151515,point_previews/task000217_mu000006_rho060_n1.png
0.7,6,8,license_plate_bahnschrift.ttf,CBAGJWPD6YXT0RNZL49E3HSU875KFVMQ2,15,15,0,0.595,13.38656,0.735998,0.721147,SEAGSAPAYRTURSRAHEREMST,0.757576,0.242424,point_previews/task000217_mu000006_rho070_n0.png
0.7,6,8,license_plate_bahnschrift.ttf,CBAGJWPD6YXT0RNZL49E3HSU875KFVMQ2,15,15,1,0.595,13.38656,0.735998,0.721147,CSDGNTDRRRSSRSAD,0.848485,0.151515,point_previews/task000217_mu000006_rho070_n1.png
0.8,6,8,license_plate_bahnschrift.ttf,CBAGJWPD6YXT0RNZL49E3HSU875KFVMQ2,15,15,0,0.68,14.310835,0.701998,0.674571,CRADGLVEDAYHTENRELAPESHGLSSKMELE,0.727273,0.272727,point_previews/task000217_mu000006_rho080_n0.png
0.8,6,8,license_plate_bahnschrift.ttf,CBAGJWPD6YXT0RNZL49E3HSU875KFVMQ2,15,15,1,0.68,14.310835,0.701998,0.674571,CLCAPSTRANZERTESLRPPRRLT,0.787879,0.212121,point_previews/task000217_mu000006_rho080_n1.png
0.9,6,8,license_plate_bahnschrift.ttf,CBAGJWPD6YXT0RNZL49E3HSU875KFVMQ2,15,15,0,0.765,15.178933,0.668877,0.635992,,1.0,0.0,point_previews/task000217_mu000006_rho090_n0.png
0.9,6,8,license_plate_bahnschrift.ttf,CBAGJWPD6YXT0RNZL49E3HSU875KFVMQ2,15,15,1,0.765,15.178933,0.668877,0.635992,QSRSTRTBYSTNPNZCCUETSTE,0.818182,0.181818,point_previews/task000217_mu000006_rho090_n1.png
1.0,6,8,license_plate_bahnschrift.ttf,CBAGJWPD6YXT0RNZL49E3HSU875KFVMQ2,15,15,0,0.85,16.0,0.63662,0.603355,BERGHYUSDLTURNTYLAESHSGRBELEGAR,0.787879,0.212121,point_previews/task000217_mu000006_rho100_n0.png
1.0,6,8,license_plate_bahnschrift.ttf,CBAGJWPD6YXT0RNZL49E3HSU875KFVMQ2,15,15,1,0.85,16.0,0.63662,0.603355,CRABAWPERVCTURN2HSTSREURZ,0.727273,0.272727,point_previews/task000217_mu000006_rho100_n1.png
0.1,8,8,license_plate_bahnschrift.ttf,CBAGJWPD6YXT0RNZL49E3HSU875KFVMQ2,15,15,0,0.085,5.059644,0.959381,1.907975,REPSANTNENEREDPAESTE,0.878788,0.121212,point_previews/task000218_mu000008_rho010_n0.png
0.1,8,8,license_plate_bahnschrift.ttf,CBAGJWPD6YXT0RNZL49E3HSU875KFVMQ2,15,15,1,0.085,5.059644,0.959381,1.907975,CRTCAACNYDRPENCRPURE,0.878788,0.121212,point_previews/task000218_mu000008_rho010_n1.png
0.2,8,8,license_plate_bahnschrift.ttf,CBAGJWPD6YXT0RNZL49E3HSU875KFVMQ2,15,15,0,0.17,7.155418,0.919759,1.349142,RRENRAHARR,0.939394,0.060606,point_previews/task000218_mu000008_rho020_n0.png
0.2,8,8,license_plate_bahnschrift.ttf,CBAGJWPD6YXT0RNZL49E3HSU875KFVMQ2,15,15,1,0.17,7.155418,0.919759,1.349142,SSRUGEANN,0.939394,0.060606,point_previews/task000218_mu000008_rho020_n1.png
0.3,8,8,license_plate_bahnschrift.ttf,CBAGJWPD6YXT0RNZL49E3HSU875KFVMQ2,15,15,0,0.255,8.763561,0.881116,1.10157,EPGMTRUSTSTHREERVAEHRSE,0.848485,0.151515,point_previews/task000218_mu000008_rho030_n0.png
0.3,8,8,license_plate_bahnschrift.ttf,CBAGJWPD6YXT0RNZL49E3HSU875KFVMQ2,15,15,1,0.255,8.763561,0.881116,1.10157,BLSSSMTBRPYREE,0.878788,0.121212,point_previews/task000218_mu000008_rho030_n1.png
0.4,8,8,license_plate_bahnschrift.ttf,CBAGJWPD6YXT0RNZL49E3HSU875KFVMQ2,15,15,0,0.34,10.119289,0.843436,0.953987,PREALHRPPTRPTRGEEEPESA7NM,0.787879,0.212121,point_previews/task000218_mu000008_rho040_n0.png
0.4,8,8,license_plate_bahnschrift.ttf,CBAGJWPD6YXT0RNZL49E3HSU875KFVMQ2,15,15,1,0.34,10.119289,0.843436,0.953987,MEASSLKTGNEYSUT,0.818182,0.181818,point_previews/task000218_mu000008_rho040_n1.png
0.5,8,8,license_plate_bahnschrift.ttf,CBAGJWPD6YXT0RNZL49E3HSU875KFVMQ2,15,15,0,0.425,11.313708,0.8067,0.853272,,1.0,0.0,point_previews/task000218_mu000008_rho050_n0.png
0.5,8,8,license_plate_bahnschrift.ttf,CBAGJWPD6YXT0RNZL49E3HSU875KFVMQ2,15,15,1,0.425,11.313708,0.8067,0.853272,FASNCETYSRTEPLBLBRSSRLPBTELS,0.878788,0.121212,point_previews/task000218_mu000008_rho050_n1.png
0.6,8,8,license_plate_bahnschrift.ttf,CBAGJWPD6YXT0RNZL49E3HSU875KFVMQ2,15,15,0,0.51,12.393547,0.770893,0.778927,CRSSSVPDATARDETSURSSRENAS,0.757576,0.242424,point_previews/task000218_mu000008_rho060_n0.png
0.6,8,8,license_plate_bahnschrift.ttf,CBAGJWPD6YXT0RNZL49E3HSU875KFVMQ2,15,15,1,0.51,12.393547,0.770893,0.778927,RAGWRBYATARS7ACPG,0.757576,0.242424,point_previews/task000218_mu000008_rho060_n1.png
0.7,8,8,license_plate_bahnschrift.ttf,CBAGJWPD6YXT0RNZL49E3HSU875KFVMQ2,15,15,0,0.595,13.38656,0.735998,0.721147,DERBJMPGYMDRNESAETCEACS,0.787879,0.212121,point_previews/task000218_mu000008_rho070_n0.png
0.7,8,8,license_plate_bahnschrift.ttf,CBAGJWPD6YXT0RNZL49E3HSU875KFVMQ2,15,15,1,0.595,13.38656,0.735998,0.721147,CEASREPGSTRESRNELZ2ESASLRSREUNDD,0.757576,0.242424,point_previews/task000218_mu000008_rho070_n1.png
0.8,8,8,license_plate_bahnschrift.ttf,CBAGJWPD6YXT0RNZL49E3HSU875KFVMQ2,15,15,0,0.68,14.310835,0.701998,0.674571,CRAGANERSTETURMZSTAERESHTERVMS,0.69697,0.30303,point_previews/task000218_mu000008_rho080_n0.png
0.8,8,8,license_plate_bahnschrift.ttf,CBAGJWPD6YXT0RNZL49E3HSU875KFVMQ2,15,15,1,0.68,14.310835,0.701998,0.674571,CBRGTWRDETCRNZLATES4SURSKEVEGS,0.545455,0.454545,point_previews/task000218_mu000008_rho080_n1.png
0.9,8,8,license_plate_bahnschrift.ttf,CBAGJWPD6YXT0RNZL49E3HSU875KFVMQ2,15,15,0,0.765,15.178933,0.668877,0.635992,CRKGMEESTURNZUATENSUETSEDPMAD,0.69697,0.30303,point_previews/task000218_mu000008_rho090_n0.png
0.9,8,8,license_plate_bahnschrift.ttf,CBAGJWPD6YXT0RNZL49E3HSU875KFVMQ2,15,15,1,0.765,15.178933,0.668877,0.635992,DBABWEDEYXTURNTESPERSSEVME,0.606061,0.393939,point_previews/task000218_mu000008_rho090_n1.png
1.0,8,8,license_plate_bahnschrift.ttf,CBAGJWPD6YXT0RNZL49E3HSU875KFVMQ2,15,15,0,0.85,16.0,0.63662,0.603355,,1.0,0.0,point_previews/task000218_mu000008_rho100_n0.png
1.0,8,8,license_plate_bahnschrift.ttf,CBAGJWPD6YXT0RNZL49E3HSU875KFVMQ2,15,15,1,0.85,16.0,0.63662,0.603355,CBAGTWEDSYXTQRNZEESHSTATSREYMG2,0.484848,0.515152,point_previews/task000218_mu000008_rho100_n1.png
0.1,11,8,license_plate_bahnschrift.ttf,CBAGJWPD6YXT0RNZL49E3HSU875KFVMQ2,15,15,0,0.085,5.059644,0.959381,1.907975,MRSRABTLETEACTYS,0.909091,0.090909,point_previews/task000219_mu000011_rho010_n0.png
0.1,11,8,license_plate_bahnschrift.ttf,CBAGJWPD6YXT0RNZL49E3HSU875KFVMQ2,15,15,1,0.085,5.059644,0.959381,1.907975,,1.0,0.0,point_previews/task000219_mu000011_rho010_n1.png
0.2,11,8,license_plate_bahnschrift.ttf,CBAGJWPD6YXT0RNZL49E3HSU875KFVMQ2,15,15,0,0.17,7.155418,0.919759,1.349142,,1.0,0.0,point_previews/task000219_mu000011_rho020_n0.png
0.2,11,8,license_plate_bahnschrift.ttf,CBAGJWPD6YXT0RNZL49E3HSU875KFVMQ2,15,15,1,0.17,7.155418,0.919759,1.349142,RPAATSESUTG,0.848485,0.151515,point_previews/task000219_mu000011_rho020_n1.png
0.3,11,8,license_plate_bahnschrift.ttf,CBAGJWPD6YXT0RNZL49E3HSU875KFVMQ2,15,15,0,0.255,8.763561,0.881116,1.10157,SRRRLASEETARHLLARAST,0.878788,0.121212,point_previews/task000219_mu000011_rho030_n0.png
0.3,11,8,license_plate_bahnschrift.ttf,CBAGJWPD6YXT0RNZL49E3HSU875KFVMQ2,15,15,1,0.255,8.763561,0.881116,1.10157,7SAELRPPATBTEAMLEERCRRAEES,0.848485,0.151515,point_previews/task000219_mu000011_rho030_n1.png
0.4,11,8,license_plate_bahnschrift.ttf,CBAGJWPD6YXT0RNZL49E3HSU875KFVMQ2,15,15,0,0.34,10.119289,0.843436,0.953987,CBSGPWABANEDREAEFSEADSREVTAR,0.757576,0.242424,point_previews/task000219_mu000011_rho040_n0.png
0.4,11,8,license_plate_bahnschrift.ttf,CBAGJWPD6YXT0RNZL49E3HSU875KFVMQ2,15,15,1,0.34,10.119289,0.843436,0.953987,STEESSEFATAECXTDRRGASVNC,0.909091,0.090909,point_previews/task000219_mu000011_rho040_n1.png
0.5,11,8,license_plate_bahnschrift.ttf,CBAGJWPD6YXT0RNZL49E3HSU875KFVMQ2,15,15,0,0.425,11.313708,0.8067,0.853272,SEAGMAPEVSHSEMSUTDREM,0.787879,0.212121,point_previews/task000219_mu000011_rho050_n0.png
0.5,11,8,license_plate_bahnschrift.ttf,CBAGJWPD6YXT0RNZL49E3HSU875KFVMQ2,15,15,1,0.425,11.313708,0.8067,0.853272,SCBRETWEBAVATURNECESTSHSGRPSKRVME,0.69697,0.30303,point_previews/task000219_mu000011_rho050_n1.png
0.6,11,8,license_plate_bahnschrift.ttf,CBAGJWPD6YXT0RNZL49E3HSU875KFVMQ2,15,15,0,0.51,12.393547,0.770893,0.778927,,1.0,0.0,point_previews/task000219_mu000011_rho060_n0.png
0.6,11,8,license_plate_bahnschrift.ttf,CBAGJWPD6YXT0RNZL49E3HSU875KFVMQ2,15,15,1,0.51,12.393547,0.770893,0.778927,CERGWEDRYNTURNEDESHSL7CEARLE,0.636364,0.363636,point_previews/task000219_mu000011_rho060_n1.png
0.7,11,8,license_plate_bahnschrift.ttf,CBAGJWPD6YXT0RNZL49E3HSU875KFVMQ2,15,15,0,0.595,13.38656,0.735998,0.721147,,1.0,0.0,point_previews/task000219_mu000011_rho070_n0.png
0.7,11,8,license_plate_bahnschrift.ttf,CBAGJWPD6YXT0RNZL49E3HSU875KFVMQ2,15,15,1,0.595,13.38656,0.735998,0.721147,LEASLUNEDEYATURNESFE3HSLSTSRFVMGZ,0.636364,0.363636,point_previews/task000219_mu000011_rho070_n1.png
0.8,11,8,license_plate_bahnschrift.ttf,CBAGJWPD6YXT0RNZL49E3HSU875KFVMQ2,15,15,0,0.68,14.310835,0.701998,0.674571,CBAGUWETBYRTURWZCARE3HSURTSHEYMQD,0.515152,0.484848,point_previews/task000219_mu000011_rho080_n0.png
0.8,11,8,license_plate_bahnschrift.ttf,CBAGJWPD6YXT0RNZL49E3HSU875KFVMQ2,15,15,1,0.68,14.310835,0.701998,0.674571,,1.0,0.0,point_previews/task000219_mu000011_rho080_n1.png
0.9,11,8,license_plate_bahnschrift.ttf,CBAGJWPD6YXT0RNZL49E3HSU875KFVMQ2,15,15,0,0.765,15.178933,0.668877,0.635992,SRAGPYPDEYCURZESTETHSUSTEREVMDS,0.606061,0.393939,point_previews/task000219_mu000011_rho090_n0.png
0.9,11,8,license_plate_bahnschrift.ttf,CBAGJWPD6YXT0RNZL49E3HSU875KFVMQ2,15,15,1,0.765,15.178933,0.668877,0.635992,SCRASPNPDAYXTCRNZLADESHSUSTSKPYRGD,0.545455,0.454545,point_previews/task000219_mu000011_rho090_n1.png
1.0,11,8,license_plate_bahnschrift.ttf,CBAGJWPD6YXT0RNZL49E3HSU875KFVMQ2,15,15,0,0.85,16.0,0.63662,0.603355,SCBAGTMPDAYSTURNZL49E3HSK85KEVMGS,0.333333,0.666667,point_previews/task000219_mu000011_rho100_n0.png
1.0,11,8,license_plate_bahnschrift.ttf,CBAGJWPD6YXT0RNZL49E3HSU875KFVMQ2,15,15,1,0.85,16.0,0.63662,0.603355,CRAGJWPTYXTARNZLAPERASUGSSREVMGZ,0.454545,0.545455,point_previews/task000219_mu000011_rho100_n1.png
0.1,16,8,license_plate_bahnschrift.ttf,CBAGJWPD6YXT0RNZL49E3HSU875KFVMQ2,15,15,0,0.085,5.059644,0.959381,1.907975,NDUATSDAEMANTESSLP,0.878788,0.121212,point_previews/task000220_mu000016_rho010_n0.png
0.1,16,8,license_plate_bahnschrift.ttf,CBAGJWPD6YXT0RNZL49E3HSU875KFVMQ2,15,15,1,0.085,5.059644,0.959381,1.907975,PEAMWP,0.909091,0.090909,point_previews/task000220_mu000016_rho010_n1.png
0.2,16,8,license_plate_bahnschrift.ttf,CBAGJWPD6YXT0RNZL49E3HSU875KFVMQ2,15,15,0,0.17,7.155418,0.919759,1.349142,WESAGRDTHRRASGRS,0.848485,0.151515,point_previews/task000220_mu000016_rho020_n0.png
0.2,16,8,license_plate_bahnschrift.ttf,CBAGJWPD6YXT0RNZL49E3HSU875KFVMQ2,15,15,1,0.17,7.155418,0.919759,1.349142,STATESSRFNGALSPECBAGED,0.909091,0.090909,point_previews/task000220_mu000016_rho020_n1.png
0.3,16,8,license_plate_bahnschrift.ttf,CBAGJWPD6YXT0RNZL49E3HSU875KFVMQ2,15,15,0,0.255,8.763561,0.881116,1.10157,LERGNGHRKTCRNZSTESHENTFHE,0.757576,0.242424,point_previews/task000220_mu000016_rho030_n0.png
0.3,16,8,license_plate_bahnschrift.ttf,CBAGJWPD6YXT0RNZL49E3HSU875KFVMQ2,15,15,1,0.255,8.763561,0.881116,1.10157,,1.0,0.0,point_previews/task000220_mu000016_rho030_n1.png
0.4,16,8,license_plate_bahnschrift.ttf,CBAGJWPD6YXT0RNZL49E3HSU875KFVMQ2,15,15,0,0.34,10.119289,0.843436,0.953987,JESAGTWRDAYXTURNZS9LSASURSKEVETDD,0.606061,0.393939,point_previews/task000220_mu000016_rho040_n0.png
0.4,16,8,license_plate_bahnschrift.ttf,CBAGJWPD6YXT0RNZL49E3HSU875KFVMQ2,15,15,1,0.34,10.119289,0.843436,0.953987,BEARSWEDSYXTDRMEEGPESSURSSREVMBD,0.636364,0.363636,point_previews/task000220_mu000016_rho040_n1.png
0.5,16,8,license_plate_bahnschrift.ttf,CBAGJWPD6YXT0RNZL49E3HSU875KFVMQ2,15,15,0,0.425,11.313708,0.8067,0.853272,,1.0,0.0,point_previews/task000220_mu000016_rho050_n0.png
0.5,16,8,license_plate_bahnschrift.ttf,CBAGJWPD6YXT0RNZL49E3HSU875KFVMQ2,15,15,1,0.425,11.313708,0.8067,0.853272,CRAGJWPDSYXTUREZCATRSESUSTTVER,0.545455,0.454545,point_previews/task000220_mu000016_rho050_n1.png
0.6,16,8,license_plate_bahnschrift.ttf,CBAGJWPD6YXT0RNZL49E3HSU875KFVMQ2,15,15,0,0.51,12.393547,0.770893,0.778927,CBMGJDPDSYRFCRNZEESHSERTSKEWADD,0.575758,0.424242,point_previews/task000220_mu000016_rho060_n0.png
0.6,16,8,license_plate_bahnschrift.ttf,CBAGJWPD6YXT0RNZL49E3HSU875KFVMQ2,15,15,1,0.51,12.393547,0.770893,0.778927,CRAGJNPDAYXTURNZLGPESHSUSTSKEVEGR,0.424242,0.575758,point_previews/task000220_mu000016_rho060_n1.png
0.7,16,8,license_plate_bahnschrift.ttf,CBAGJWPD6YXT0RNZL49E3HSU875KFVMQ2,15,15,0,0.595,13.38656,0.735998,0.721147,,1.0,0.0,point_previews/task000220_mu000016_rho070_n0.png
0.7,16,8,license_plate_bahnschrift.ttf,CBAGJWPD6YXT0RNZL49E3HSU875KFVMQ2,15,15,1,0.595,13.38656,0.735998,0.721147,EBAGWEDAYXTURNZLC9ERSURTEREYMGD,0.484848,0.515152,point_previews/task000220_mu000016_rho070_n1.png
0.8,16,8,license_plate_bahnschrift.ttf,CBAGJWPD6YXT0RNZL49E3HSU875KFVMQ2,15,15,0,0.68,14.310835,0.701998,0.674571,CANGJWPDSYXTRNZEG9EBHSUSTSKFYMGZ,0.393939,0.606061,point_previews/task000220_mu000016_rho080_n0.png
0.8,16,8,license_plate_bahnschrift.ttf,CBAGJWPD6YXT0RNZL49E3HSU875KFVMQ2,15,15,1,0.68,14.310835,0.701998,0.674571,CRAGNPDSYXTURNZELFESHSUSTSKEV2,0.454545,0.545455,point_previews/task000220_mu000016_rho080_n1.png
0.9,16,8,license_plate_bahnschrift.ttf,CBAGJWPD6YXT0RNZL49E3HSU875KFVMQ2,15,15,0,0.765,15.178933,0.668877,0.635992,,1.0,0.0,point_previews/task000220_mu000016_rho090_n0.png
0.9,16,8,license_plate_bahnschrift.ttf,CBAGJWPD6YXT0RNZL49E3HSU875KFVMQ2,15,15,1,0.765,15.178933,0.668877,0.635992,CBAGJWPDAYXTURNZLATESHSUSTEKEVMGZ,0.333333,0.666667,point_previews/task000220_mu000016_rho090_n1.png
1.0,16,8,license_plate_bahnschrift.ttf,CBAGJWPD6YXT0RNZL49E3HSU875KFVMQ2,15,15,0,0.85,16.0,0.63662,0.603355,CRAGTBPDSYXTARNZLAFESMSUSTSKEYMQZ,0.454545,0.545455,point_previews/task000220_mu000016_rho100_n0.png
1.0,16,8,license_plate_bahnschrift.ttf,CBAGJWPD6YXT0RNZL49E3HSU875KFVMQ2,15,15,1,0.85,16.0,0.63662,0.603355,CBAGJWPDSYXTRNZLAPESHSUSTSKFVMQ2,0.242424,0.757576,point_previews/task000220_mu000016_rho100_n1.png
0.1,23,8,license_plate_bahnschrift.ttf,CBAGJWPD6YXT0RNZL49E3HSU875KFVMQ2,15,15,0,0.085,5.059644,0.959381,1.907975,SRUAURENSRESDTRECRRJESB,0.909091,0.090909,point_previews/task000221_mu000023_rho010_n0.png
0.1,23,8,license_plate_bahnschrift.ttf,CBAGJWPD6YXT0RNZL49E3HSU875KFVMQ2,15,15,1,0.085,5.059644,0.959381,1.907975,PSGTPMERWPATNTEANRAEERESSASPC,0.909091,0.090909,point_previews/task000221_mu000023_rho010_n1.png
0.2,23,8,license_plate_bahnschrift.ttf,CBAGJWPD6YXT0RNZL49E3HSU875KFVMQ2,15,15,0,0.17,7.155418,0.919759,1.349142,SCAEPDSVETRNTG9RSASUSRPYS2,0.69697,0.30303,point_previews/task000221_mu000023_rho020_n0.png
0.2,23,8,license_plate_bahnschrift.ttf,CBAGJWPD6YXT0RNZL49E3HSU875KFVMQ2,15,15,1,0.17,7.155418,0.919759,1.349142,SCRSSJRDENTRMELESESMSCATSELEAD,0.787879,0.212121,point_previews/task000221_mu000023_rho020_n1.png
0.3,23,8,license_plate_bahnschrift.ttf,CBAGJWPD6YXT0RNZL49E3HSU875KFVMQ2,15,15,0,0.255,8.763561,0.881116,1.10157,SBERGHVEDEYXTRNZESTESMSURTSKENHGS,0.636364,0.363636,point_previews/task000221_mu000023_rho030_n0.png
0.3,23,8,license_plate_bahnschrift.ttf,CBAGJWPD6YXT0RNZL49E3HSU875KFVMQ2,15,15,1,0.255,8.763561,0.881116,1.10157,CBAGTWEDBYRTURNZUNBHSUSTSKRUME,0.515152,0.484848,point_previews/task000221_mu000023_rho030_n1.png
0.4,23,8,license_plate_bahnschrift.ttf,CBAGJWPD6YXT0RNZL49E3HSU875KFVMQ2,15,15,0,0.34,10.119289,0.843436,0.953987,,1.0,0.0,point_previews/task000221_mu000023_rho040_n0.png
0.4,23,8,license_plate_bahnschrift.ttf,CBAGJWPD6YXT0RNZL49E3HSU875KFVMQ2,15,15,1,0.34,10.119289,0.843436,0.953987,CUNGAPDRYETURNZEATESHSUSTSKEVMG,0.515152,0.484848,point_previews/task000221_mu000023_rho040_n1.png
0.5,23,8,license_plate_bahnschrift.ttf,CBAGJWPD6YXT0RNZL49E3HSU875KFVMQ2,15,15,0,0.425,11.313708,0.8067,0.853272,,1.0,0.0,point_previews/task000221_mu000023_rho050_n0.png
0.5,23,8,license_plate_bahnschrift.ttf,CBAGJWPD6YXT0RNZL49E3HSU875KFVMQ2,15,15,1,0.425,11.313708,0.8067,0.853272,CRAGWPDAYXTRNZLEGESHSLB7SKEVMGP,0.393939,0.606061,point_previews/task000221_mu000023_rho050_n1.png
0.6,23,8,license_plate_bahnschrift.ttf,CBAGJWPD6YXT0RNZL49E3HSU875KFVMQ2,15,15,0,0.51,12.393547,0.770893,0.778927,CRAGJWPDSYXTDRNZLATESHSUBTSKEYMQZ,0.363636,0.636364,point_previews/task000221_mu000023_rho060_n0.png
0.6,23,8,license_plate_bahnschrift.ttf,CBAGJWPD6YXT0RNZL49E3HSU875KFVMQ2,15,15,1,0.51,12.393547,0.770893,0.778927,CRAGSWPDSYXTRNZE49ER2HSUBTSKEVMG2,0.363636,0.636364,point_previews/task000221_mu000023_rho060_n1.png
0.7,23,8,license_plate_bahnschrift.ttf,CBAGJWPD6YXT0RNZL49E3HSU875KFVMQ2,15,15,0,0.595,13.38656,0.735998,0.721147,CHAGJWPDSYRTURNZLGFESHSUB7SKEVMGZ,0.363636,0.636364,point_previews/task000221_mu000023_rho070_n0.png
0.7,23,8,license_plate_bahnschrift.ttf,CBAGJWPD6YXT0RNZL49E3HSU875KFVMQ2,15,15,1,0.595,13.38656,0.735998,0.721147,CBAGJWPUGYXTURNZEAPESHSURTSKEVM02,0.363636,0.636364,point_previews/task000221_mu000023_rho070_n1.png
0.8,23,8,license_plate_bahnschrift.ttf,CBAGJWPD6YXT0RNZL49E3HSU875KFVMQ2,15,15,0,0.68,14.310835,0.701998,0.674571,,1.0,0.0,point_previews/task000221_mu000023_rho080_n0.png
0.8,23,8,license_plate_bahnschrift.ttf,CBAGJWPD6YXT0RNZL49E3HSU875KFVMQ2,15,15,1,0.68,14.310835,0.701998,0.674571,CBAGTWPUSYXTURNZLAPESHSUSTSKFYMG2,0.363636,0.636364,point_previews/task000221_mu000023_rho080_n1.png
0.9,23,8,license_plate_bahnschrift.ttf,CBAGJWPD6YXT0RNZL49E3HSU875KFVMQ2,15,15,0,0.765,15.178933,0.668877,0.635992,CBAGJWPD6YXTURNZUMESHSUSTSKEVMG2,0.30303,0.69697,point_previews/task000221_mu000023_rho090_n0.png
0.9,23,8,license_plate_bahnschrift.ttf,CBAGJWPD6YXT0RNZL49E3HSU875KFVMQ2,15,15,1,0.765,15.178933,0.668877,0.635992,CBAGJWPDSYXTERNZLAGPESHSUB7SKFYMG2,0.30303,0.69697,point_previews/task000221_mu000023_rho090_n1.png
1.0,23,8,license_plate_bahnschrift.ttf,CBAGJWPD6YXT0RNZL49E3HSU875KFVMQ2,15,15,0,0.85,16.0,0.63662,0.603355,CBAGJWPDSYXTURNZ49ESHSUSTSKEVMG2,0.272727,0.727273,point_previews/task000221_mu000023_rho100_n0.png
1.0,23,8,license_plate_bahnschrift.ttf,CBAGJWPD6YXT0RNZL49E3HSU875KFVMQ2,15,15,1,0.85,16.0,0.63662,0.603355,,1.0,0.0,point_previews/task000221_mu000023_rho100_n1.png
0.1,32,8,license_plate_bahnschrift.ttf,CBAGJWPD6YXT0RNZL49E3HSU875KFVMQ2,15,15,0,0.085,5.059644,0.959381,1.907975,SPBNGTMEDETNPEEUARRRCLS,0.818182,0.181818,point_previews/task000222_mu000032_rho010_n0.png
0.1,32,8,license_plate_bahnschrift.ttf,CBAGJWPD6YXT0RNZL49E3HSU875KFVMQ2,15,15,1,0.085,5.059644,0.959381,1.907975,STANST0BBNGTEAS,0.848485,0.151515,point_previews/task000222_mu000032_rho010_n1.png
0.2,32,8,license_plate_bahnschrift.ttf,CBAGJWPD6YXT0RNZL49E3HSU875KFVMQ2,15,15,0,0.17,7.155418,0.919759,1.349142,GEAGTPCSYRTBRNDAPESHSUBTSKEVMED,0.575758,0.424242,point_previews/task000222_mu000032_rho020_n0.png
0.2,32,8,license_plate_bahnschrift.ttf,CBAGJWPD6YXT0RNZL49E3HSU875KFVMQ2,15,15,1,0.17,7.155418,0.919759,1.349142,CHSBWEDEVTLUREHTESHSUSTKPVQ2,0.636364,0.363636,point_previews/task000222_mu000032_rho020_n1.png
0.3,32,8,license_plate_bahnschrift.ttf,CBAGJWPD6YXT0RNZL49E3HSU875KFVMQ2,15,15,0,0.255,8.763561,0.881116,1.10157,EBAGTPDSYXTRNZLRPESHSUBTSKEVMDZ,0.424242,0.575758,point_previews/task000222_mu000032_rho030_n0.png
0.3,32,8,license_plate_bahnschrift.ttf,CBAGJWPD6YXT0RNZL49E3HSU875KFVMQ2,15,15,1,0.255,8.763561,0.881116,1.10157,SCBAGPUPDEYYTRNZLATESHSLBTSKEUME,0.515152,0.484848,point_previews/task000222_mu000032_rho030_n1.png
0.4,32,8,license_plate_bahnschrift.ttf,CBAGJWPD6YXT0RNZL49E3HSU875KFVMQ2,15,15,0,0.34,10.119289,0.843436,0.953987,CRAGJWEDAYXTURNZEA9ESHSUS7SKEVMUS,0.363636,0.636364,point_previews/task000222_mu000032_rho040_n0.png
0.4,32,8,license_plate_bahnschrift.ttf,CBAGJWPD6YXT0RNZL49E3HSU875KFVMQ2,15,15,1,0.34,10.119289,0.843436,0.953987,CBAGUWPEDSYXTURNZESSESNSUSTSKEVMDE,0.454545,0.545455,point_previews/task000222_mu000032_rho040_n1.png
0.5,32,8,license_plate_bahnschrift.ttf,CBAGJWPD6YXT0RNZL49E3HSU875KFVMQ2,15,15,0,0.425,11.313708,0.8067,0.853272,CEAGJWPDSYXTURNZLG2ESHSUSTSKFEVMG2,0.333333,0.666667,point_previews/task000222_mu000032_rho050_n0.png
0.5,32,8,license_plate_bahnschrift.ttf,CBAGJWPD6YXT0RNZL49E3HSU875KFVMQ2,15,15,1,0.425,11.313708,0.8067,0.853272,CBAGUWPDSYXTARNZL49ESHSUB7SKEVMGD,0.272727,0.727273,point_previews/task000222_mu000032_rho050_n1.png
0.6,32,8,license_plate_bahnschrift.ttf,CBAGJWPD6YXT0RNZL49E3HSU875KFVMQ2,15,15,0,0.51,12.393547,0.770893,0.778927,CBAGJWPDSYXTURNZLAPESHSUB7SKFYMGZ,0.30303,0.69697,point_previews/task000222_mu000032_rho060_n0.png
0.6,32,8,license_plate_bahnschrift.ttf,CBAGJWPD6YXT0RNZL49E3HSU875KFVMQ2,15,15,1,0.51,12.393547,0.770893,0.778927,CBAGJWPDSYXTURNZLATESHSUSTSKFYMGZ,0.333333,0.666667,point_previews/task000222_mu000032_rho060_n1.png
0.7,32,8,license_plate_bahnschrift.ttf,CBAGJWPD6YXT0RNZL49E3HSU875KFVMQ2,15,15,0,0.595,13.38656,0.735998,0.721147,,1.0,0.0,point_previews/task000222_mu000032_rho070_n0.png
0.7,32,8,license_plate_bahnschrift.ttf,CBAGJWPD6YXT0RNZL49E3HSU875KFVMQ2,15,15,1,0.595,13.38656,0.735998,0.721147,,1.0,0.0,point_previews/task000222_mu000032_rho070_n1.png
0.8,32,8,license_plate_bahnschrift.ttf,CBAGJWPD6YXT0RNZL49E3HSU875KFVMQ2,15,15,0,0.68,14.310835,0.701998,0.674571,CBAGJWPD6YXTRNZLSPESHSUBTSKFVMQ2,0.212121,0.787879,point_previews/task000222_mu000032_rho080_n0.png
0.8,32,8,license_plate_bahnschrift.ttf,CBAGJWPD6YXT0RNZL49E3HSU875KFVMQ2,15,15,1,0.68,14.310835,0.701998,0.674571,CBAGJWPEDSYXTURNZLSSESHSUBTSKFYMQ2,0.30303,0.69697,point_previews/task000222_mu000032_rho080_n1.png
0.9,32,8,license_plate_bahnschrift.ttf,CBAGJWPD6YXT0RNZL49E3HSU875KFVMQ2,15,15,0,0.765,15.178933,0.668877,0.635992,CBAGJWPDSYXTDRNZL4SESHSUSTSKFVMG2,0.242424,0.757576,point_previews/task000222_mu000032_rho090_n0.png
0.9,32,8,license_plate_bahnschrift.ttf,CBAGJWPD6YXT0RNZL49E3HSU875KFVMQ2,15,15,1,0.765,15.178933,0.668877,0.635992,CBAGJWPD6YXTARNZL49ESHSUSTSKFVMQ2,0.151515,0.848485,point_previews/task000222_mu000032_rho090_n1.png
1.0,32,8,license_plate_bahnschrift.ttf,CBAGJWPD6YXT0RNZL49E3HSU875KFVMQ2,15,15,0,0.85,16.0,0.63662,0.603355,CBAGJWPDSYXTRNZL49E3HSU875KFVMG2,0.090909,0.909091,point_previews/task000222_mu000032_rho100_n0.png
1.0,32,8,license_plate_bahnschrift.ttf,CBAGJWPD6YXT0RNZL49E3HSU875KFVMQ2,15,15,1,0.85,16.0,0.63662,0.603355,CBAGJWPD6YXTURNZLESESHSUBTSKFYMG2,0.272727,0.727273,point_previews/task000222_mu000032_rho100_n1.png
0.1,45,8,license_plate_bahnschrift.ttf,CBAGJWPD6YXT0RNZL49E3HSU875KFVMQ2,15,15,0,0.085,5.059644,0.959381,1.907975,SESARPTPEREEESGRPS4G,0.878788,0.121212,point_previews/task000223_mu000045_rho010_n0.png
0.1,45,8,license_plate_bahnschrift.ttf,CBAGJWPD6YXT0RNZL49E3HSU875KFVMQ2,15,15,1,0.085,5.059644,0.959381,1.907975,SUBASTESCURNZLSESEKP,0.757576,0.242424,point_previews/task000223_mu000045_rho010_n1.png
0.2,45,8,license_plate_bahnschrift.ttf,CBAGJWPD6YXT0RNZL49E3HSU875KFVMQ2,15,15,0,0.17,7.155418,0.919759,1.349142,CBAGTNEDSTURNELAPESHSUBTSKRYNG2,0.545455,0.454545,point_previews/task000223_mu000045_rho020_n0.png
0.2,45,8,license_plate_bahnschrift.ttf,CBAGJWPD6YXT0RNZL49E3HSU875KFVMQ2,15,15,1,0.17,7.155418,0.919759,1.349142,CSAGWEDSYXTERNZERPESHSUSTEKEVMGZ,0.454545,0.545455,point_previews/task000223_mu000045_rho020_n1.png
0.3,45,8,license_plate_bahnschrift.ttf,CBAGJWPD6YXT0RNZL49E3HSU875KFVMQ2,15,15,0,0.255,8.763561,0.881116,1.10157,,1.0,0.0,point_previews/task000223_mu000045_rho030_n0.png
0.3,45,8,license_plate_bahnschrift.ttf,CBAGJWPD6YXT0RNZL49E3HSU875KFVMQ2,15,15,1,0.255,8.763561,0.881116,1.10157,SCBAGUNPDSYXTDRNZLG9ESHSUS7SKEVMG2,0.333333,0.666667,point_previews/task000223_mu000045_rho030_n1.png
0.4,45,8,license_plate_bahnschrift.ttf,CBAGJWPD6YXT0RNZL49E3HSU875KFVMQ2,15,15,0,0.34,10.119289,0.843436,0.953987,CBAGJWPDSYXTURNZLAPESHSUSTSKEVMD2,0.30303,0.69697,point_previews/task000223_mu000045_rho040_n0.png
0.4,45,8,license_plate_bahnschrift.ttf,CBAGJWPD6YXT0RNZL49E3HSU875KFVMQ2,15,15,1,0.34,10.119289,0.843436,0.953987,SCBAGJWPDS6YXTARNZE4SESHSUBTSKEVMG2,0.333333,0.666667,point_previews/task000223_mu000045_rho040_n1.png
0.5,45,8,license_plate_bahnschrift.ttf,CBAGJWPD6YXT0RNZL49E3HSU875KFVMQ2,15,15,0,0.425,11.313708,0.8067,0.853272,,1.0,0.0,point_previews/task000223_mu000045_rho050_n0.png
0.5,45,8,license_plate_bahnschrift.ttf,CBAGJWPD6YXT0RNZL49E3HSU875KFVMQ2,15,15,1,0.425,11.313708,0.8067,0.853272,CBAGJWPDGYXTURNZL49ESHSUSTSKEYMG2,0.272727,0.727273,point_previews/task000223_mu000045_rho050_n1.png
0.6,45,8,license_plate_bahnschrift.ttf,CBAGJWPD6YXT0RNZL49E3HSU875KFVMQ2,15,15,0,0.51,12.393547,0.770893,0.778927,CBAGJWPD6YXTURNZLASESHSUBTSKFVMG2,0.242424,0.757576,point_previews/task000223_mu000045_rho060_n0.png
0.6,45,8,license_plate_bahnschrift.ttf,CBAGJWPD6YXT0RNZL49E3HSU875KFVMQ2,15,15,1,0.51,12.393547,0.770893,0.778927,CBAGJWPD6YXTURNZLG9ESHSUSTSKEVMG2,0.242424,0.757576,point_previews/task000223_mu000045_rho060_n1.png
0.7,45,8,license_plate_bahnschrift.ttf,CBAGJWPD6YXT0RNZL49E3HSU875KFVMQ2,15,15,0,0.595,13.38656,0.735998,0.721147,CBAGJWPDSYXTURNZLGPESHSUBTSKEVMGQ2,0.30303,0.69697,point_previews/task000223_mu000045_rho070_n0.png
0.7,45,8,license_plate_bahnschrift.ttf,CBAGJWPD6YXT0RNZL49E3HSU875KFVMQ2,15,15,1,0.595,13.38656,0.735998,0.721147,CBAGJWPD6YXTURNZLAESHSUBTSKEVMGQ2,0.272727,0.727273,point_previews/task000223_mu000045_rho070_n1.png
0.8,45,8,license_plate_bahnschrift.ttf,CBAGJWPD6YXT0RNZL49E3HSU875KFVMQ2,15,15,0,0.68,14.310835,0.701998,0.674571,CBAGJWPD6YXTURNZLESE3HSUS75KFYMQ2,0.151515,0.848485,point_previews/task000223_mu000045_rho080_n0.png
0.8,45,8,license_plate_bahnschrift.ttf,CBAGJWPD6YXT0RNZL49E3HSU875KFVMQ2,15,15,1,0.68,14.310835,0.701998,0.674571,CBAGJWPDSYXTRNZLG9ESHSUSTSKFVMG2,0.242424,0.757576,point_previews/task000223_mu000045_rho080_n1.png
0.9,45,8,license_plate_bahnschrift.ttf,CBAGJWPD6YXT0RNZL49E3HSU875KFVMQ2,15,15,0,0.765,15.178933,0.668877,0.635992,CBAGJWPD6YXTRNZL49ESHSUB75KFVMG2,0.121212,0.878788,point_previews/task000223_mu000045_rho090_n0.png
0.9,45,8,license_plate_bahnschrift.ttf,CBAGJWPD6YXT0RNZL49E3HSU875KFVMQ2,15,15,1,0.765,15.178933,0.668877,0.635992,CBAGJWPD6YXTDRNZLGSESHSUS75KFYMQ2,0.181818,0.818182,point_previews/task000223_mu000045_rho090_n1.png
1.0,45,8,license_plate_bahnschrift.ttf,CBAGJWPD6YXT0RNZL49E3HSU875KFVMQ2,15,15,0,0.85,16.0,0.63662,0.603355,CBAGJWPD6YXTURNZLA9ESHSUS75KFVMQ2,0.121212,0.878788,point_previews/task000223_mu000045_rho100_n0.png
1.0,45,8,license_plate_bahnschrift.ttf,CBAGJWPD6YXT0RNZL49E3HSU875KFVMQ2,15,15,1,0.85,16.0,0.63662,0.603355,CBAGJWPD6YXTRNZLG9ESHSUSTSKFYMQ2,0.212121,0.787879,point_previews/task000223_mu000045_rho100_n1.png
0.1,64,8,license_plate_bahnschrift.ttf,CBAGJWPD6YXT0RNZL49E3HSU875KFVMQ2,15,15,0,0.085,5.059644,0.959381,1.907975,SEBRGUPDSKRTRNZLATRSHSHRPSKEVAGZ,0.636364,0.363636,point_previews/task000224_mu000064_rho010_n0.png
0.1,64,8,license_plate_bahnschrift.ttf,CBAGJWPD6YXT0RNZL49E3HSU875KFVMQ2,15,15,1,0.085,5.059644,0.959381,1.907975,CSARSWEDEYABRNZEASCSHSUSTSKS,0.636364,0.363636,point_previews/task000224_mu000064_rho010_n1.png
0.2,64,8,license_plate_bahnschrift.ttf,CBAGJWPD6YXT0RNZL49E3HSU875KFVMQ2,15,15,0,0.17,7.155418,0.919759,1.349142,CBABJWEDSYXTURNZEASESHSUS7SKEVMZ,0.393939,0.606061,point_previews/task000224_mu000064_rho020_n0.png
0.2,64,8,license_plate_bahnschrift.ttf,CBAGJWPD6YXT0RNZL49E3HSU875KFVMQ2,15,15,1,0.17,7.155418,0.919759,1.349142,CBAGJWPDSYXTURNZEAESHSUBTSKEVMGZ,0.363636,0.636364,point_previews/task000224_mu000064_rho020_n1.png
0.3,64,8,license_plate_bahnschrift.ttf,CBAGJWPD6YXT0RNZL49E3HSU875KFVMQ2,15,15,0,0.255,8.763561,0.881116,1.10157,,1.0,0.0,point_previews/task000224_mu000064_rho030_n0.png
0.3,64,8,license_plate_bahnschrift.ttf,CBAGJWPD6YXT0RNZL49E3HSU875KFVMQ2,15,15,1,0.255,8.763561,0.881116,1.10157,CBAGJWPDS6YXTRNZL47ESHSUB7SKFVMQ2,0.181818,0.818182,point_previews/task000224_mu000064_rho030_n1.png
0.4,64,8,license_plate_bahnschrift.ttf,CBAGJWPD6YXT0RNZL49E3HSU875KFVMQ2,15,15,0,0.34,10.119289,0.843436,0.953987,CBAGJWPDSYXTURNZLAPESHSUSTSKEVMG2,0.30303,0.69697,point_previews/task000224_mu000064_rho040_n0.png
0.4,64,8,license_plate_bahnschrift.ttf,CBAGJWPD6YXT0RNZL49E3HSU875KFVMQ2,15,15,1,0.34,10.119289,0.843436,0.953987,CBAGJWPDS6YXTURNZEASESHSU87SKFVMQ2,0.212121,0.787879,point_previews/task000224_mu000064_rho040_n1.png
0.5,64,8,license_plate_bahnschrift.ttf,CBAGJWPD6YXT0RNZL49E3HSU875KFVMQ2,15,15,0,0.425,11.313708,0.8067,0.853272,CBAGJWPD6YXTRNZLZPESHSUS7SKFVMG2,0.212121,0.787879,point_previews/task000224_mu000064_rho050_n0.png
0.5,64,8,license_plate_bahnschrift.ttf,CBAGJWPD6YXT0RNZL49E3HSU875KFVMQ2,15,15,1,0.425,11.313708,0.8067,0.853272,CBAGJWPD6YXTURNZL4ESHSUBTSKFVMG2,0.212121,0.787879,point_previews/task000224_mu000064_rho050_n1.png
0.6,64,8,license_plate_bahnschrift.ttf,CBAGJWPD6YXT0RNZL49E3HSU875KFVMQ2,15,15,0,0.51,12.393547,0.770893,0.778927,CBAGJWPDS6YXTURNZLASESHSU87SKFVMQ2,0.181818,0.818182,point_previews/task000224_mu000064_rho060_n0.png
0.6,64,8,license_plate_bahnschrift.ttf,CBAGJWPD6YXT0RNZL49E3HSU875KFVMQ2,15,15,1,0.51,12.393547,0.770893,0.778927,CBAGJWPD6YXTRNZL49ESHSUBTSKFYMQ2,0.181818,0.818182,point_previews/task000224_mu000064_rho060_n1.png
0.7,64,8,license_plate_bahnschrift.ttf,CBAGJWPD6YXT0RNZL49E3HSU875KFVMQ2,15,15,0,0.595,13.38656,0.735998,0.721147,CBAGJWPDSYXTRNZL4PESHSUS75KEVMG2,0.212121,0.787879,point_previews/task000224_mu000064_rho070_n0.png
0.7,64,8,license_plate_bahnschrift.ttf,CBAGJWPD6YXT0RNZL49E3HSU875KFVMQ2,15,15,1,0.595,13.38656,0.735998,0.721147,CBAGJWPDSYXTRNZL49E3HSUB7SKFVMG2,0.151515,0.848485,point_previews/task000224_mu000064_rho070_n1.png
0.8,64,8,license_plate_bahnschrift.ttf,CBAGJWPD6YXT0RNZL49E3HSU875KFVMQ2,15,15,0,0.68,14.310835,0.701998,0.674571,CBAGJWPD6YXTRNZL4VESHSUS75KFVMG2,0.151515,0.848485,point_previews/task000224_mu000064_rho080_n0.png
0.8,64,8,license_plate_bahnschrift.ttf,CBAGJWPD6YXT0RNZL49E3HSU875KFVMQ2,15,15,1,0.68,14.310835,0.701998,0.674571,CBAGJWPDS6YXTURNZL49E3HSU875KFVMQ2,0.060606,0.939394,point_previews/task000224_mu000064_rho080_n1.png
0.9,64,8,license_plate_bahnschrift.ttf,CBAGJWPD6YXT0RNZL49E3HSU875KFVMQ2,15,15,0,0.765,15.178933,0.668877,0.635992,CBAGJWPD6YXTRNZLG9ESHSUS7SKFVMQ2,0.151515,0.848485,point_previews/task000224_mu000064_rho090_n0.png
0.9,64,8,license_plate_bahnschrift.ttf,CBAGJWPD6YXT0RNZL49E3HSU875KFVMQ2,15,15,1,0.765,15.178933,0.668877,0.635992,CBAGJWPDS6YXTURNZL49ESHSUS75KFVM02,0.151515,0.848485,point_previews/task000224_mu000064_rho090_n1.png
1.0,64,8,license_plate_bahnschrift.ttf,CBAGJWPD6YXT0RNZL49E3HSU875KFVMQ2,15,15,0,0.85,16.0,0.63662,0.603355,CBAGJWPD6YXT0RNZL49E3HSUS75KFVMG2,0.060606,0.939394,point_previews/task000224_mu000064_rho100_n0.png
1.0,64,8,license_plate_bahnschrift.ttf,CBAGJWPD6YXT0RNZL49E3HSU875KFVMQ2,15,15,1,0.85,16.0,0.63662,0.603355,CBAGJWPD6YXTRNZL49E3HSUBT5KFYMQ2,0.121212,0.878788,point_previews/task000224_mu000064_rho100_n1.png
