rho,mu_p,char_height_px,font_name,text,phase_x,phase_y,noise_repeat,qe_total,aperture_width_px,mtf_nyquist,aperture_f50_cpp,ocr_text,cer,char_acc,preview_relpath
0.1,4,8,license_plate_bahnschrift.ttf,BFUCAOZJ9Y5KPW0TSHL38D2NGMVRX7Q64IE1,0,0,0,0.085,5.059644,0.959381,1.907975,UACTSBIORTAACLCRLKEE,0.833333,0.166667,point_previews/task000000_mu000004_rho010_n0.png
0.1,4,8,license_plate_bahnschrift.ttf,BFUCAOZJ9Y5KPW0TSHL38D2NGMVRX7Q64IE1,0,0,1,0.085,5.059644,0.959381,1.907975,,1.0,0.0,point_previews/task000000_mu000004_rho010_n1.png
0.2,4,8,license_plate_bahnschrift.ttf,BFUCAOZJ9Y5KPW0TSHL38D2NGMVRX7Q64IE1,0,0,0,0.17,7.155418,0.919759,1.349142,,1.0,0.0,point_previews/task000000_mu000004_rho020_n0.png
0.2,4,8,license_plate_bahnschrift.ttf,BFUCAOZJ9Y5KPW0TSHL38D2NGMVRX7Q64IE1,0,0,1,0.17,7.155418,0.919759,1.349142,CPLSR,0.888889,0.111111,point_previews/task000000_mu000004_rho020_n1.png
0.3,4,8,license_plate_bahnschrift.ttf,BFUCAOZJ9Y5KPW0TSHL38D2NGMVRX7Q64IE1,0,0,0,0.255,8.763561,0.881116,1.10157,MEEAMRESUELEPRASANAPROAT5,0.888889,0.111111,point_previews/task000000_mu000004_rho030_n0.png
0.3,4,8,license_plate_bahnschrift.ttf,BFUCAOZJ9Y5KPW0TSHL38D2NGMVRX7Q64IE1,0,0,1,0.255,8.763561,0.881116,1.10157,,1.0,0.0,point_previews/task000000_mu000004_rho030_n1.png
0.4,4,8,license_plate_bahnschrift.ttf,BFUCAOZJ9Y5KPW0TSHL38D2NGMVRX7Q64IE1,0,0,0,0.34,10.119289,0.843436,0.953987,,1.0,0.0,point_previews/task000000_mu000004_rho040_n0.png
0.4,4,8,license_plate_bahnschrift.ttf,BFUCAOZJ9Y5KPW0TSHL38D2NGMVRX7Q64IE1,0,0,1,0.34,10.119289,0.843436,0.953987,SRANAEYRAIGREASTECREYSSHRESCORGM,0.916667,0.083333,point_previews/task000000_mu000004_rho040_n1.png
0.5,4,8,license_plate_bahnschrift.ttf,BFUCAOZJ9Y5KPW0TSHL38D2NGMVRX7Q64IE1,0,0,0,0.425,11.313708,0.8067,0.853272,FABAYAESSSAS,0.888889,0.111111,point_previews/task000000_mu000004_rho050_n0.png
0.5,4,8,license_plate_bahnschrift.ttf,BFUCAOZJ9Y5KPW0TSHL38D2NGMVRX7Q64IE1,0,0,1,0.425,11.313708,0.8067,0.853272,RNRTRACSIOR,0.916667,0.083333,point_previews/task000000_mu000004_rho050_n1.png
0.6,4,8,license_plate_bahnschrift.ttf,BFUCAOZJ9Y5KPW0TSHL38D2NGMVRX7Q64IE1,0,0,0,0.51,12.393547,0.770893,0.778927,HEDMRGTTESEAPET,0.888889,0.111111,point_previews/task000000_mu000004_rho060_n0.png
0.6,4,8,license_plate_bahnschrift.ttf,BFUCAOZJ9Y5KPW0TSHL38D2NGMVRX7Q64IE1,0,0,1,0.51,12.393547,0.770893,0.778927,SSRRSASTSP,0.944444,0.055556,point_previews/task000000_mu000004_rho060_n1.png
0.7,4,8,license_plate_bahnschrift.ttf,BFUCAOZJ9Y5KPW0TSHL38D2NGMVRX7Q64IE1,0,0,0,0.595,13.38656,0.735998,0.721147,,1.0,0.0,point_previews/task000000_mu000004_rho070_n0.png
0.7,4,8,license_plate_bahnschrift.ttf,BFUCAOZJ9Y5KPW0TSHL38D2NGMVRX7Q64IE1,0,0,1,0.595,13.38656,0.735998,0.721147,SGERLSHSHTREGNEZEES,0.888889,0.111111,point_previews/task000000_mu000004_rho070_n1.png
0.8,4,8,license_plate_bahnschrift.ttf,BFUCAOZJ9Y5KPW0TSHL38D2NGMVRX7Q64IE1,0,0,0,0.68,14.310835,0.701998,0.674571,RELARATBEG,0.916667,0.083333,point_previews/task000000_mu000004_rho080_n0.png
0.8,4,8,license_plate_bahnschrift.ttf,BFUCAOZJ9Y5KPW0TSHL38D2NGMVRX7Q64IE1,0,0,1,0.68,14.310835,0.701998,0.674571,PDALCSDRYFFSEGRB,0.888889,0.111111,point_previews/task000000_mu000004_rho080_n1.png
0.9,4,8,license_plate_bahnschrift.ttf,BFUCAOZJ9Y5KPW0TSHL38D2NGMVRX7Q64IE1,0,0,0,0.765,15.178933,0.668877,0.635992,STURALIERSWSCSATMYRBISLIS,0.805556,0.194444,point_previews/task000000_mu000004_rho090_n0.png
0.9,4,8,license_plate_bahnschrift.ttf,BFUCAOZJ9Y5KPW0TSHL38D2NGMVRX7Q64IE1,0,0,1,0.765,15.178933,0.668877,0.635992,BEDSADSYPEAEMEETR,0.861111,0.138889,point_previews/task000000_mu000004_rho090_n1.png
1.0,4,8,license_plate_bahnschrift.ttf,BFUCAOZJ9Y5KPW0TSHL38D2NGMVRX7Q64IE1,0,0,0,0.85,16.0,0.63662,0.603355,RLETURMOVETGHLABEPEGRRUTTOE,0.833333,0.166667,point_previews/task000000_mu000004_rho100_n0.png
1.0,4,8,license_plate_bahnschrift.ttf,BFUCAOZJ9Y5KPW0TSHL38D2NGMVRX7Q64IE1,0,0,1,0.85,16.0,0.63662,0.603355,SBRRERELSERPTSNSSAKETRP,0.888889,0.111111,point_previews/task000000_mu000004_rho100_n1.png
0.1,16,8,license_plate_bahnschrift.ttf,BFUCAOZJ9Y5KPW0TSHL38D2NGMVRX7Q64IE1,0,0,0,0.085,5.059644,0.959381,1.907975,AEE,0.944444,0.055556,point_previews/task000001_mu000016_rho010_n0.png
0.1,16,8,license_plate_bahnschrift.ttf,BFUCAOZJ9Y5KPW0TSHL38D2NGMVRX7Q64IE1,0,0,1,0.085,5.059644,0.959381,1.907975,SHTRSLOMAEERES,0.888889,0.111111,point_previews/task000001_mu000016_rho010_n1.png
0.2,16,8,license_plate_bahnschrift.ttf,BFUCAOZJ9Y5KPW0TSHL38D2NGMVRX7Q64IE1,0,0,0,0.17,7.155418,0.919759,1.349142,PRUBAUERSKEMCGTRLSACEE,0.833333,0.166667,point_previews/task000001_mu000016_rho020_n0.png
0.2,16,8,license_plate_bahnschrift.ttf,BFUCAOZJ9Y5KPW0TSHL38D2NGMVRX7Q64IE1,0,0,1,0.17,7.155418,0.919759,1.349142,EREVEAAUTSAEORTRSCAABERT9,0.944444,0.055556,point_previews/task000001_mu000016_rho020_n1.png
0.3,16,8,license_plate_bahnschrift.ttf,BFUCAOZJ9Y5KPW0TSHL38D2NGMVRX7Q64IE1,0,0,0,0.255,8.763561,0.881116,1.10157,BEUCASZOSKEWOTSHESBRAOMURO,0.666667,0.333333,point_previews/task000001_mu000016_rho030_n0.png
0.3,16,8,license_plate_bahnschrift.ttf,BFUCAOZJ9Y5KPW0TSHL38D2NGMVRX7Q64IE1,0,0,1,0.255,8.763561,0.881116,1.10157,YRCIEABESROUNTSETASDINGHAYBAEES,0.805556,0.194444,point_previews/task000001_mu000016_rho030_n1.png
0.4,16,8,license_plate_bahnschrift.ttf,BFUCAOZJ9Y5KPW0TSHL38D2NGMVRX7Q64IE1,0,0,0,0.34,10.119289,0.843436,0.953987,BRUGSOLISTRASWOTSULS8DENGMYRRFOSIES,0.583333,0.416667,point_previews/task000001_mu000016_rho040_n0.png
0.4,16,8,license_plate_bahnschrift.ttf,BFUCAOZJ9Y5KPW0TSHL38D2NGMVRX7Q64IE1,0,0,1,0.34,10.119289,0.843436,0.953987,BRUDADZ391EKPMOTSHESBOANGMYRY2O6I,0.555556,0.444444,point_previews/task000001_mu000016_rho040_n1.png
0.5,16,8,license_plate_bahnschrift.ttf,BFUCAOZJ9Y5KPW0TSHL38D2NGMVRX7Q64IE1,0,0,0,0.425,11.313708,0.8067,0.853272,,1.0,0.0,point_previews/task000001_mu000016_rho050_n0.png
0.5,16,8,license_plate_bahnschrift.ttf,BFUCAOZJ9Y5KPW0TSHL38D2NGMVRX7Q64IE1,0,0,1,0.425,11.313708,0.8067,0.853272,BRUEAOZFFSKEWOTSHESSBANOMURNTOSAEY,0.611111,0.388889,point_previews/task000001_mu000016_rho050_n1.png
0.6,16,8,license_plate_bahnschrift.ttf,BFUCAOZJ9Y5KPW0TSHL38D2NGMVRX7Q64IE1,0,0,0,0.51,12.393547,0.770893,0.778927,BRUCAOZINVSRPWOTSHLIBDZNGMURX2OKWES,0.472222,0.527778,point_previews/task000001_mu000016_rho060_n0.png
0.6,16,8,license_plate_bahnschrift.ttf,BFUCAOZJ9Y5KPW0TSHL38D2NGMVRX7Q64IE1,0,0,1,0.51,12.393547,0.770893,0.778927,,1.0,0.0,point_previews/task000001_mu000016_rho060_n1.png
0.7,16,8,license_plate_bahnschrift.ttf,BFUCAOZJ9Y5KPW0TSHL38D2NGMVRX7Q64IE1,0,0,0,0.595,13.38656,0.735998,0.721147,,1.0,0.0,point_previews/task000001_mu000016_rho070_n0.png
0.7,16,8,license_plate_bahnschrift.ttf,BFUCAOZJ9Y5KPW0TSHL38D2NGMVRX7Q64IE1,0,0,1,0.595,13.38656,0.735998,0.721147,,1.0,0.0,point_previews/task000001_mu000016_rho070_n1.png
0.8,16,8,license_plate_bahnschrift.ttf,BFUCAOZJ9Y5KPW0TSHL38D2NGMVRX7Q64IE1,0,0,0,0.68,14.310835,0.701998,0.674571,,1.0,0.0,point_previews/task000001_mu000016_rho080_n0.png
0.8,16,8,license_plate_bahnschrift.ttf,BFUCAOZJ9Y5KPW0TSHL38D2NGMVRX7Q64IE1,0,0,1,0.68,14.310835,0.701998,0.674571,BFUCAOZIPSKPWOTSHLIRDZNGRYRKTDOA,0.5,0.5,point_previews/task000001_mu000016_rho080_n1.png
0.9,16,8,license_plate_bahnschrift.ttf,BFUCAOZJ9Y5KPW0TSHL38D2NGMVRX7Q64IE1,0,0,0,0.765,15.178933,0.668877,0.635992,,1.0,0.0,point_previews/task000001_mu000016_rho090_n0.png
0.9,16,8,license_plate_bahnschrift.ttf,BFUCAOZJ9Y5KPW0TSHL38D2NGMVRX7Q64IE1,0,0,1,0.765,15.178933,0.668877,0.635992,,1.0,0.0,point_previews/task000001_mu000016_rho090_n1.png
1.0,16,8,license_plate_bahnschrift.ttf,BFUCAOZJ9Y5KPW0TSHL38D2NGMVRX7Q64IE1,0,0,0,0.85,16.0,0.63662,0.603355,BEUCAOZIPYSRPWOTSHEISD2NGMVRXTOGAED,0.416667,0.583333,point_previews/task000001_mu000016_rho100_n0.png
1.0,16,8,license_plate_bahnschrift.ttf,BFUCAOZJ9Y5KPW0TSHL38D2NGMVRX7Q64IE1,0,0,1,0.85,16.0,0.63662,0.603355,,1.0,0.0,point_previews/task000001_mu000016_rho100_n1.png
0.1,64,8,license_plate_bahnschrift.ttf,BFUCAOZJ9Y5KPW0TSHL38D2NGMVRX7Q64IE1,0,0,0,0.085,5.059644,0.959381,1.907975,BPORADHICVSREWOTSHESBO2HORYRK7AGET,0.722222,0.277778,point_previews/task000002_mu000064_rho010_n0.png
0.1,64,8,license_plate_bahnschrift.ttf,BFUCAOZJ9Y5KPW0TSHL38D2NGMVRX7Q64IE1,0,0,1,0.085,5.059644,0.959381,1.907975,,1.0,0.0,point_previews/task000002_mu000064_rho010_n1.png
0.2,64,8,license_plate_bahnschrift.ttf,BFUCAOZJ9Y5KPW0TSHL38D2NGMVRX7Q64IE1,0,0,0,0.17,7.155418,0.919759,1.349142,JBFUCADZI9YSHPWOTSHESBDZNGNYRXFOSGIET,0.472222,0.527778,point_previews/task000002_mu000064_rho020_n0.png
0.2,64,8,license_plate_bahnschrift.ttf,BFUCAOZJ9Y5KPW0TSHL38D2NGMVRX7Q64IE1,0,0,1,0.17,7.155418,0.919759,1.349142,BEUGADZIPYSKRWOTSHLSBD2NGMVRXTOSSIEN,0.416667,0.583333,point_previews/task000002_mu000064_rho020_n1.png
0.3,64,8,license_plate_bahnschrift.ttf,BFUCAOZJ9Y5KPW0TSHL38D2NGMVRX7Q64IE1,0,0,0,0.255,8.763561,0.881116,1.10157,BFUCAOZIIYSKPWOTSHLSBDZNGMYRXTO6ME,0.361111,0.638889,point_previews/task000002_mu000064_rho030_n0.png
0.3,64,8,license_plate_bahnschrift.ttf,BFUCAOZJ9Y5KPW0TSHL38D2NGMVRX7Q64IE1,0,0,1,0.255,8.763561,0.881116,1.10157,BRUCAOZSIVSKPWOTSHL38DZNGMYRXTO64IER,0.305556,0.694444,point_previews/task000002_mu000064_rho030_n1.png
0.4,64,8,license_plate_bahnschrift.ttf,BFUCAOZJ9Y5KPW0TSHL38D2NGMVRX7Q64IE1,0,0,0,0.34,10.119289,0.843436,0.953987,BFUCAOZJOYSKPWOTSHL3BD2NGMYRK7OS4IEL,0.25,0.75,point_previews/task000002_mu000064_rho040_n0.png
0.4,64,8,license_plate_bahnschrift.ttf,BFUCAOZJ9Y5KPW0TSHL38D2NGMVRX7Q64IE1,0,0,1,0.34,10.119289,0.843436,0.953987,BFUCAOZJ9YSKPWOTSHL38D2NGMVRX7QSSIEI,0.138889,0.861111,point_previews/task000002_mu000064_rho040_n1.png
0.5,64,8,license_plate_bahnschrift.ttf,BFUCAOZJ9Y5KPW0TSHL38D2NGMVRX7Q64IE1,0,0,0,0.425,11.313708,0.8067,0.853272,BFUCAOZJ9YSKEWOTSHL3BD2NGMYRX7QSGIED,0.222222,0.777778,point_previews/task000002_mu000064_rho050_n0.png
0.5,64,8,license_plate_bahnschrift.ttf,BFUCAOZJ9Y5KPW0TSHL38D2NGMVRX7Q64IE1,0,0,1,0.425,11.313708,0.8067,0.853272,BFUCAOZJ9YSKPWOTSHL38D2NGMYRX7Q6SIE1,0.111111,0.888889,point_previews/task000002_mu000064_rho050_n1.png
0.6,64,8,license_plate_bahnschrift.ttf,BFUCAOZJ9Y5KPW0TSHL38D2NGMVRX7Q64IE1,0,0,0,0.51,12.393547,0.770893,0.778927,BFUCAOZJ9YSKPWOTSHL38D2NGMYRX7Q64IE1,0.083333,0.916667,point_previews/task000002_mu000064_rho060_n0.png
0.6,64,8,license_plate_bahnschrift.ttf,BFUCAOZJ9Y5KPW0TSHL38D2NGMVRX7Q64IE1,0,0,1,0.51,12.393547,0.770893,0.778927,BFUCAOZJ9YSKPWOTSHL3BD2NGMVRX7Q641E,0.138889,0.861111,point_previews/task000002_mu000064_rho060_n1.png
0.7,64,8,license_plate_bahnschrift.ttf,BFUCAOZJ9Y5KPW0TSHL38D2NGMVRX7Q64IE1,0,0,0,0.595,13.38656,0.735998,0.721147,BFUCAOZJ9YSKPWOTSHL3BD2NGMVRX7O6S1E,0.194444,0.805556,point_previews/task000002_mu000064_rho070_n0.png
0.7,64,8,license_plate_bahnschrift.ttf,BFUCAOZJ9Y5KPW0TSHL38D2NGMVRX7Q64IE1,0,0,1,0.595,13.38656,0.735998,0.721147,BFUCAOZJ9YSKPWOTSHL3802NGMVRX7O64IEI,0.138889,0.861111,point_previews/task000002_mu000064_rho070_n1.png
0.8,64,8,license_plate_bahnschrift.ttf,BFUCAOZJ9Y5KPW0TSHL38D2NGMVRX7Q64IE1,0,0,0,0.68,14.310835,0.701998,0.674571,BFUCAOZJ9YSKPWOTSHL38D2NGMVRX70641E1,0.111111,0.888889,point_previews/task000002_mu000064_rho080_n0.png
0.8,64,8,license_plate_bahnschrift.ttf,BFUCAOZJ9Y5KPW0TSHL38D2NGMVRX7Q64IE1,0,0,1,0.68,14.310835,0.701998,0.674571,BFUCAOZJ9Y5KPWOTSHL38D2NGMYRX70641E,0.138889,0.861111,point_previews/task000002_mu000064_rho080_n1.png
0.9,64,8,license_plate_bahnschrift.ttf,BFUCAOZJ9Y5KPW0TSHL38D2NGMVRX7Q64IE1,0,0,0,0.765,15.178933,0.668877,0.635992,BFUCAOZJ9YSKPWOTSHLS8D2NGMYRX7Q641E1,0.138889,0.861111,point_previews/task000002_mu000064_rho090_n0.png
0.9,64,8,license_plate_bahnschrift.ttf,BFUCAOZJ9Y5KPW0TSHL38D2NGMVRX7Q64IE1,0,0,1,0.765,15.178933,0.668877,0.635992,BFUCAOZJ9YSKPWOTSHL38D2NGMVRX7Q64IE1,0.055556,0.944444,point_previews/task000002_mu000064_rho090_n1.png
1.0,64,8,license_plate_bahnschrift.ttf,BFUCAOZJ9Y5KPW0TSHL38D2NGMVRX7Q64IE1,0,0,0,0.85,16.0,0.63662,0.603355,BFUCAOZJ9YSKPWOTSHL38D2NGMVRX7Q64IE,0.083333,0.916667,point_previews/task000002_mu000064_rho100_n0.png
1.0,64,8,license_plate_bahnschrift.ttf,BFUCAOZJ9Y5KPW0TSHL38D2NGMVRX7Q64IE1,0,0,1,0.85,16.0,0.63662,0.603355,BFUCAOZJ9YSKPWOTSHL38D2NGMVRX7Q441E1,0.111111,0.888889,point_previews/task000002_mu000064_rho100_n1.png
0.1,256,8,license_plate_bahnschrift.ttf,BFUCAOZJ9Y5KPW0TSHL38D2NGMVRX7Q64IE1,0,0,0,0.085,5.059644,0.959381,1.907975,BFUCAOZIIYSHPWOTSHLSBDZ2NGMYRX70641E1,0.305556,0.694444,point_previews/task000003_mu000256_rho010_n0.png
0.1,256,8,license_plate_bahnschrift.ttf,BFUCAOZJ9Y5KPW0TSHL38D2NGMVRX7Q64IE1,0,0,1,0.085,5.059644,0.959381,1.907975,BEUCAOZISYSKEWOTSHL3BD2NGMYRX7OSSIES,0.333333,0.666667,point_previews/task000003_mu000256_rho010_n1.png
0.2,256,8,license_plate_bahnschrift.ttf,BFUCAOZJ9Y5KPW0TSHL38D2NGMVRX7Q64IE1,0,0,0,0.17,7.155418,0.919759,1.349142,BFUCAOZJ9YSKPWOTSHL38D2NGMVRX7O641E1,0.111111,0.888889,point_previews/task000003_mu000256_rho020_n0.png
0.2,256,8,license_plate_bahnschrift.ttf,BFUCAOZJ9Y5KPW0TSHL38D2NGMVRX7Q64IE1,0,0,1,0.17,7.155418,0.919759,1.349142,BFUCAOZJ9YSKPWOTSHL38DZNGMVRX7Q641E1,0.111111,0.888889,point_previews/task000003_mu000256_rho020_n1.png
0.3,256,8,license_plate_bahnschrift.ttf,BFUCAOZJ9Y5KPW0TSHL38D2NGMVRX7Q64IE1,0,0,0,0.255,8.763561,0.881116,1.10157,BFUCAOZJ9YSKPWOTSHL38D2NGMVRX7Q64IE1,0.055556,0.944444,point_previews/task000003_mu000256_rho030_n0.png
0.3,256,8,license_plate_bahnschrift.ttf,BFUCAOZJ9Y5KPW0TSHL38D2NGMVRX7Q64IE1,0,0,1,0.255,8.763561,0.881116,1.10157,BFUCAOZJ9YSKPWOTSHL38D2NGMVRX7Q64IE1,0.055556,0.944444,point_previews/task000003_mu000256_rho030_n1.png
0.4,256,8,license_plate_bahnschrift.ttf,BFUCAOZJ9Y5KPW0TSHL38D2NGMVRX7Q64IE1,0,0,0,0.34,10.119289,0.843436,0.953987,BFUCAOZIPYSKPWOTSHLSBD2NGMVRX7O64IE1,0.194444,0.805556,point_previews/task000003_mu000256_rho040_n0.png
0.4,256,8,license_plate_bahnschrift.ttf,BFUCAOZJ9Y5KPW0TSHL38D2NGMVRX7Q64IE1,0,0,1,0.34,10.119289,0.843436,0.953987,BFUCAOZJ9YSKPWOTSHL3S8D2NGMYVRX7Q641E1,0.138889,0.861111,point_previews/task000003_mu000256_rho040_n1.png
0.5,256,8,license_plate_bahnschrift.ttf,BFUCAOZJ9Y5KPW0TSHL38D2NGMVRX7Q64IE1,0,0,0,0.425,11.313708,0.8067,0.853272,BFUCAOZJ9YSKPWOTSHLS8D2NGMVRX7QS64IE1,0.111111,0.888889,point_previews/task000003_mu000256_rho050_n0.png
0.5,256,8,license_plate_bahnschrift.ttf,BFUCAOZJ9Y5KPW0TSHL38D2NGMVRX7Q64IE1,0,0,1,0.425,11.313708,0.8067,0.853272,BFUCAOZI9YSKPWOTSHL38D2NGMVRX7Q64IE1,0.083333,0.916667,point_previews/task000003_mu000256_rho050_n1.png
0.6,256,8,license_plate_bahnschrift.ttf,BFUCAOZJ9Y5KPW0TSHL38D2NGMVRX7Q64IE1,0,0,0,0.51,12.393547,0.770893,0.778927,BFUCAOZJ9YSKPWOTSHL38D2NGMVRX7Q64IE1,0.055556,0.944444,point_previews/task000003_mu000256_rho060_n0.png
0.6,256,8,license_plate_bahnschrift.ttf,BFUCAOZJ9Y5KPW0TSHL38D2NGMVRX7Q64IE1,0,0,1,0.51,12.393547,0.770893,0.778927,BFUCAOZI9YSKPWOTSHL38D2NGMVRX7Q64IE1,0.083333,0.916667,point_previews/task000003_mu000256_rho060_n1.png
0.7,256,8,license_plate_bahnschrift.ttf,BFUCAOZJ9Y5KPW0TSHL38D2NGMVRX7Q64IE1,0,0,0,0.595,13.38656,0.735998,0.721147,BFUCAOZIPYSKPWOTSHL3S8D2NGMVRX7Q64IEI,0.166667,0.833333,point_previews/task000003_mu000256_rho070_n0.png
0.7,256,8,license_plate_bahnschrift.ttf,BFUCAOZJ9Y5KPW0TSHL38D2NGMVRX7Q64IE1,0,0,1,0.595,13.38656,0.735998,0.721147,BFUCAOZIPYSKPWOTSHL3SB8D2NGMVRX7GQ64IE1,0.194444,0.805556,point_previews/task000003_mu000256_rho070_n1.png
0.8,256,8,license_plate_bahnschrift.ttf,BFUCAOZJ9Y5KPW0TSHL38D2NGMVRX7Q64IE1,0,0,0,0.68,14.310835,0.701998,0.674571,BFUCAOZI9YSKPWOTSHL38D2NGMVRX7G64IE1,0.111111,0.888889,point_previews/task000003_mu000256_rho080_n0.png
0.8,256,8,license_plate_bahnschrift.ttf,BFUCAOZJ9Y5KPW0TSHL38D2NGMVRX7Q64IE1,0,0,1,0.68,14.310835,0.701998,0.674571,BFUCAOZJ9YSKPWOTSHL38D2NGMVRX7Q64IE1,0.055556,0.944444,point_previews/task000003_mu000256_rho080_n1.png
0.9,256,8,license_plate_bahnschrift.ttf,BFUCAOZJ9Y5KPW0TSHL38D2NGMVRX7Q64IE1,0,0,0,0.765,15.178933,0.668877,0.635992,BFUCAOZJ9YSKPWOTSHL38D2NGMVRX7GQ64IE1,0.083333,0.916667,point_previews/task000003_mu000256_rho090_n0.png
0.9,256,8,license_plate_bahnschrift.ttf,BFUCAOZJ9Y5KPW0TSHL38D2NGMVRX7Q64IE1,0,0,1,0.765,15.178933,0.668877,0.635992,BFUCAOZJI9YSKPWOTSHL3S8D2NGMVRX7GQ641E1,0.166667,0.833333,point_previews/task000003_mu000256_rho090_n1.png
1.0,256,8,license_plate_bahnschrift.ttf,BFUCAOZJ9Y5KPW0TSHL38D2NGMVRX7Q64IE1,0,0,0,0.85,16.0,0.63662,0.603355,BFUCAOZJ9YSKPWOTSHL38D2NGMVRX7Q64IE1,0.055556,0.944444,point_previews/task000003_mu000256_rho100_n0.png
1.0,256,8,license_plate_bahnschrift.ttf,BFUCAOZJ9Y5KPW0TSHL38D2NGMVRX7Q64IE1,0,0,1,0.85,16.0,0.63662,0.603355,BFUCAOZJ9YSKPWOTSHL38D2NGMVRX7GQ64IE1,0.083333,0.916667,point_previews/task000003_mu000256_rho100_n1.png
0.1,1024,8,license_plate_bahnschrift.ttf,BFUCAOZJ9Y5KPW0TSHL38D2NGMVRX7Q64IE1,0,0,0,0.085,5.059644,0.959381,1.907975,BFUCAOZIPYSKPWOTSHLSBDZ2NGMYRX7OS4IE1,0.277778,0.722222,point_previews/task000004_mu001024_rho010_n0.png
0.1,1024,8,license_plate_bahnschrift.ttf,BFUCAOZJ9Y5KPW0TSHL38D2NGMVRX7Q64IE1,0,0,1,0.085,5.059644,0.959381,1.907975,BFUCAOZI9YSKPWOTSHL3SBD2NGMYVRX7O64IE1,0.194444,0.805556,point_previews/task000004_mu001024_rho010_n1.png
0.2,1024,8,license_plate_bahnschrift.ttf,BFUCAOZJ9Y5KPW0TSHL38D2NGMVRX7Q64IE1,0,0,0,0.17,7.155418,0.919759,1.349142,BFUCAOZISYSKPWOTSHL3S8D2NGMVRX7OS64IE1,0.194444,0.805556,point_previews/task000004_mu001024_rho020_n0.png
0.2,1024,8,license_plate_bahnschrift.ttf,BFUCAOZJ9Y5KPW0TSHL38D2NGMVRX7Q64IE1,0,0,1,0.17,7.155418,0.919759,1.349142,BFUCAOZI9YSKPWOTSHL3SB8D2NGMYVRX7O64IE1,0.194444,0.805556,point_previews/task000004_mu001024_rho020_n1.png
0.3,1024,8,license_plate_bahnschrift.ttf,BFUCAOZJ9Y5KPW0TSHL38D2NGMVRX7Q64IE1,0,0,0,0.255,8.763561,0.881116,1.10157,BFUCAOZJ9YSKPWOTSHL3S8D2NGMVRX7QS64IE1,0.111111,0.888889,point_previews/task000004_mu001024_rho030_n0.png
0.3,1024,8,license_plate_bahnschrift.ttf,BFUCAOZJ9Y5KPW0TSHL38D2NGMVRX7Q64IE1,0,0,1,0.255,8.763561,0.881116,1.10157,BFUCAOZI9YSKPWOTSHL3S8D2NGMVRX7O64IEI,0.166667,0.833333,point_previews/task000004_mu001024_rho030_n1.png
0.4,1024,8,license_plate_bahnschrift.ttf,BFUCAOZJ9Y5KPW0TSHL38D2NGMVRX7Q64IE1,0,0,0,0.34,10.119289,0.843436,0.953987,BFUCAOZJ9YSKPWOTSHL3S8D2NGMVRX7Q64IE1,0.083333,0.916667,point_previews/task000004_mu001024_rho040_n0.png
0.4,1024,8,license_plate_bahnschrift.ttf,BFUCAOZJ9Y5KPW0TSHL38D2NGMVRX7Q64IE1,0,0,1,0.34,10.119289,0.843436,0.953987,BFUCAOZJ9YSKPWOTSHL38D2NGMVRX7Q64IE1,0.055556,0.944444,point_previews/task000004_mu001024_rho040_n1.png
0.5,1024,8,license_plate_bahnschrift.ttf,BFUCAOZJ9Y5KPW0TSHL38D2NGMVRX7Q64IE1,0,0,0,0.425,11.313708,0.8067,0.853272,BFUCAOZJ9YSKPWOTSHLS8D2NGMVRX7Q64IE1,0.083333,0.916667,point_previews/task000004_mu001024_rho050_n0.png
0.5,1024,8,license_plate_bahnschrift.ttf,BFUCAOZJ9Y5KPW0TSHL38D2NGMVRX7Q64IE1,0,0,1,0.425,11.313708,0.8067,0.853272,BFUCAOZJI9YSKPWOTSHL38D2NGMVRX7Q64IE1,0.083333,0.916667,point_previews/task000004_mu001024_rho050_n1.png
0.6,1024,8,license_plate_bahnschrift.ttf,BFUCAOZJ9Y5KPW0TSHL38D2NGMVRX7Q64IE1,0,0,0,0.51,12.393547,0.770893,0.778927,BFUCAOZJ9YSKPWOTSHL38D2NGMVRX7Q64IE1,0.055556,0.944444,point_previews/task000004_mu001024_rho060_n0.png
0.6,1024,8,license_plate_bahnschrift.ttf,BFUCAOZJ9Y5KPW0TSHL38D2NGMVRX7Q64IE1,0,0,1,0.51,12.393547,0.770893,0.778927,BFUCAOZJ9YSKPWOTSHL38D2NGMVRX7GQ64IE1,0.083333,0.916667,point_previews/task000004_mu001024_rho060_n1.png
0.7,1024,8,license_plate_bahnschrift.ttf,BFUCAOZJ9Y5KPW0TSHL38D2NGMVRX7Q64IE1,0,0,0,0.595,13.38656,0.735998,0.721147,BFUCAOZJ9YSKPWOTSHL38D2NGMVRX7Q64IE1,0.055556,0.944444,point_previews/task000004_mu001024_rho070_n0.png
0.7,1024,8,license_plate_bahnschrift.ttf,BFUCAOZJ9Y5KPW0TSHL38D2NGMVRX7Q64IE1,0,0,1,0.595,13.38656,0.735998,0.721147,BFUCAOZJIYSKPWOTSHL38D2NGMVRX7Q64IE1,0.083333,0.916667,point_previews/task000004_mu001024_rho070_n1.png
0.8,1024,8,license_plate_bahnschrift.ttf,BFUCAOZJ9Y5KPW0TSHL38D2NGMVRX7Q64IE1,0,0,0,0.68,14.310835,0.701998,0.674571,BFUCAOZJ9YSKPWOTSHL38D2NGMVRX7Q64IE1,0.055556,0.944444,point_previews/task000004_mu001024_rho080_n0.png
0.8,1024,8,license_plate_bahnschrift.ttf,BFUCAOZJ9Y5KPW0TSHL38D2NGMVRX7Q64IE1,0,0,1,0.68,14.310835,0.701998,0.674571,BFUCAOZJ9YSKPWOTSHL38D2NGMVRX7GQ64IE1,0.083333,0.916667,point_previews/task000004_mu001024_rho080_n1.png
0.9,1024,8,license_plate_bahnschrift.ttf,BFUCAOZJ9Y5KPW0TSHL38D2NGMVRX7Q64IE1,0,0,0,0.765,15.178933,0.668877,0.635992,BFUCAOZJI9YSKPWOTSHL38D2NGMVRX7G64IE1,0.111111,0.888889,point_previews/task000004_mu001024_rho090_n0.png
0.9,1024,8,license_plate_bahnschrift.ttf,BFUCAOZJ9Y5KPW0TSHL38D2NGMVRX7Q64IE1,0,0,1,0.765,15.178933,0.668877,0.635992,BFUCAOZJ9YSKPWOTSHL38D2NGMVRX7GQ64IE1,0.083333,0.916667,point_previews/task000004_mu001024_rho090_n1.png
1.0,1024,8,license_plate_bahnschrift.ttf,BFUCAOZJ9Y5KPW0TSHL38D2NGMVRX7Q64IE1,0,0,0,0.85,16.0,0.63662,0.603355,BFUCAOZJ9YSKPWOTSHL38D2NGMVRX7Q64IE1,0.055556,0.944444,point_previews/task000004_mu001024_rho100_n0.png
1.0,1024,8,license_plate_bahnschrift.ttf,BFUCAOZJ9Y5KPW0TSHL38D2NGMVRX7Q64IE1,0,0,1,0.85,16.0,0.63662,0.603355,BFUCAOZJ9YSKPWOTSHL38D2NGMVRX7G64IE1,0.083333,0.916667,point_previews/task000004_mu001024_rho100_n1.png
0.1,4096,8,license_plate_bahnschrift.ttf,BFUCAOZJ9Y5KPW0TSHL38D2NGMVRX7Q64IE1,0,0,0,0.085,5.059644,0.959381,1.907975,BFUCAOZISYSKPWOTSHLSBD2NGMYRX7OS4IE1,0.25,0.75,point_previews/task000005_mu004096_rho010_n0.png
0.1,4096,8,license_plate_bahnschrift.ttf,BFUCAOZJ9Y5KPW0TSHL38D2NGMVRX7Q64IE1,0,0,1,0.085,5.059644,0.959381,1.907975,BFUCAOZISYSKPWOTSHL3SBD2NGMYVRX7O64IE1,0.222222,0.777778,point_previews/task000005_mu004096_rho010_n1.png
0.2,4096,8,license_plate_bahnschrift.ttf,BFUCAOZJ9Y5KPW0TSHL38D2NGMVRX7Q64IE1,0,0,0,0.17,7.155418,0.919759,1.349142,BFUCAOZISYSKPWOTSHLSBD2NGMVRX7Q64IE1,0.166667,0.833333,point_previews/task000005_mu004096_rho020_n0.png
0.2,4096,8,license_plate_bahnschrift.ttf,BFUCAOZJ9Y5KPW0TSHL38D2NGMVRX7Q64IE1,0,0,1,0.17,7.155418,0.919759,1.349142,BFUCAOZISYSKPWOTSHLSBD2NGMVRX7OQ64IE1,0.194444,0.805556,point_previews/task000005_mu004096_rho020_n1.png
0.3,4096,8,license_plate_bahnschrift.ttf,BFUCAOZJ9Y5KPW0TSHL38D2NGMVRX7Q64IE1,0,0,0,0.255,8.763561,0.881116,1.10157,BFUCAOZJISYSKPWOTSHLSBD2NGMVRX7Q64IE1,0.166667,0.833333,point_previews/task000005_mu004096_rho030_n0.png
0.3,4096,8,license_plate_bahnschrift.ttf,BFUCAOZJ9Y5KPW0TSHL38D2NGMVRX7Q64IE1,0,0,1,0.255,8.763561,0.881116,1.10157,BFUCAOZJIIYSKPWOTSHLS8D2NGMVRX7Q64IE1,0.138889,0.861111,point_previews/task000005_mu004096_rho030_n1.png
0.4,4096,8,license_plate_bahnschrift.ttf,BFUCAOZJ9Y5KPW0TSHL38D2NGMVRX7Q64IE1,0,0,0,0.34,10.119289,0.843436,0.953987,BFUCAOZJ9YSKPWOTSHL3S8D2NGMYVRX7Q64IE1,0.111111,0.888889,point_previews/task000005_mu004096_rho040_n0.png
0.4,4096,8,license_plate_bahnschrift.ttf,BFUCAOZJ9Y5KPW0TSHL38D2NGMVRX7Q64IE1,0,0,1,0.34,10.119289,0.843436,0.953987,BFUCAOZJ9YSKPWOTSHL3S8D2NGMYVRX7Q64IE1,0.111111,0.888889,point_previews/task000005_mu004096_rho040_n1.png
0.5,4096,8,license_plate_bahnschrift.ttf,BFUCAOZJ9Y5KPW0TSHL38D2NGMVRX7Q64IE1,0,0,0,0.425,11.313708,0.8067,0.853272,BFUCAOZJIIYSKPWOTSHL3S8D2NGMVRX7Q64IE1,0.138889,0.861111,point_previews/task000005_mu004096_rho050_n0.png
0.5,4096,8,license_plate_bahnschrift.ttf,BFUCAOZJ9Y5KPW0TSHL38D2NGMVRX7Q64IE1,0,0,1,0.425,11.313708,0.8067,0.853272,BFUCAOZISYSKPWOTSHL3S8D2NGMVRX7Q64IE1,0.138889,0.861111,point_previews/task000005_mu004096_rho050_n1.png
0.6,4096,8,license_plate_bahnschrift.ttf,BFUCAOZJ9Y5KPW0TSHL38D2NGMVRX7Q64IE1,0,0,0,0.51,12.393547,0.770893,0.778927,BFUCAOZJISYSKPWOTSHL38D2NGMVRX7Q64IE1,0.111111,0.888889,point_previews/task000005_mu004096_rho060_n0.png
0.6,4096,8,license_plate_bahnschrift.ttf,BFUCAOZJ9Y5KPW0TSHL38D2NGMVRX7Q64IE1,0,0,1,0.51,12.393547,0.770893,0.778927,BFUCAOZJISYSKPWOTSHL38D2NGMVRX7Q64IE1,0.111111,0.888889,point_previews/task000005_mu004096_rho060_n1.png
0.7,4096,8,license_plate_bahnschrift.ttf,BFUCAOZJ9Y5KPW0TSHL38D2NGMVRX7Q64IE1,0,0,0,0.595,13.38656,0.735998,0.721147,BFUCAOZJ9YSKPWOTSHL38D2NGMVRX7Q641E1,0.083333,0.916667,point_previews/task000005_mu004096_rho070_n0.png
0.7,4096,8,license_plate_bahnschrift.ttf,BFUCAOZJ9Y5KPW0TSHL38D2NGMVRX7Q64IE1,0,0,1,0.595,13.38656,0.735998,0.721147,BFUCAOZJ9YSKPWOTSHL3S8D2NGMVRX7Q64IE1,0.083333,0.916667,point_previews/task000005_mu004096_rho070_n1.png
0.8,4096,8,license_plate_bahnschrift.ttf,BFUCAOZJ9Y5KPW0TSHL38D2NGMVRX7Q64IE1,0,0,0,0.68,14.310835,0.701998,0.674571,BFUCAOZJ9YSKPWOTSHL38D2NGMVRX7Q64IE1,0.055556,0.944444,point_previews/task000005_mu004096_rho080_n0.png
0.8,4096,8,license_plate_bahnschrift.ttf,BFUCAOZJ9Y5KPW0TSHL38D2NGMVRX7Q64IE1,0,0,1,0.68,14.310835,0.701998,0.674571,BFUCAOZJSYSKPWOTSHL38D2NGMVRX7Q64IE1,0.083333,0.916667,point_previews/task000005_mu004096_rho080_n1.png
0.9,4096,8,license_plate_bahnschrift.ttf,BFUCAOZJ9Y5KPW0TSHL38D2NGMVRX7Q64IE1,0,0,0,0.765,15.178933,0.668877,0.635992,BFUCAOZJ9YSKPWOTSHL38D2NGMVRX7GQ64IE1,0.083333,0.916667,point_previews/task000005_mu004096_rho090_n0.png
0.9,4096,8,license_plate_bahnschrift.ttf,BFUCAOZJ9Y5KPW0TSHL38D2NGMVRX7Q64IE1,0,0,1,0.765,15.178933,0.668877,0.635992,BFUCAOZJ9YSKPWOTSHL38D2NGMVRX7G64IE1,0.083333,0.916667,point_previews/task000005_mu004096_rho090_n1.png
1.0,4096,8,license_plate_bahnschrift.ttf,BFUCAOZJ9Y5KPW0TSHL38D2NGMVRX7Q64IE1,0,0,0,0.85,16.0,0.63662,0.603355,BFUCAOZJI9YSKPWOTSHL38D2NGMVRX7GQ64IE1,0.111111,0.888889,point_previews/task000005_mu004096_rho100_n0.png
1.0,4096,8,license_plate_bahnschrift.ttf,BFUCAOZJ9Y5KPW0TSHL38D2NGMVRX7Q64IE1,0,0,1,0.85,16.0,0.63662,0.603355,BFUCAOZJ9YSKPWOTSHL38D2NGMVRX7GQ64IE1,0.083333,0.916667,point_previews/task000005_mu004096_rho100_n1.png
0.1,16384,8,license_plate_bahnschrift.ttf,BFUCAOZJ9Y5KPW0TSHL38D2NGMVRX7Q64IE1,0,0,0,0.085,5.059644,0.959381,1.907975,BFUCADZISYSKPWOTSHLSBDZ2NGMYRX7OS64IET,0.333333,0.666667,point_previews/task000006_mu016384_rho010_n0.png
0.1,16384,8,license_plate_bahnschrift.ttf,BFUCAOZJ9Y5KPW0TSHL38D2NGMVRX7Q64IE1,0,0,1,0.085,5.059644,0.959381,1.907975,BFUCADZISYSKPWOTSHLSBD2NGMYRX7OS64IE1,0.277778,0.722222,point_previews/task000006_mu016384_rho010_n1.png
0.2,16384,8,license_plate_bahnschrift.ttf,BFUCAOZJ9Y5KPW0TSHL38D2NGMVRX7Q64IE1,0,0,0,0.17,7.155418,0.919759,1.349142,BFUCAOZISYSKPWOTSHLSBD2NGMYVRX7Q64IE1,0.194444,0.805556,point_previews/task000006_mu016384_rho020_n0.png
0.2,16384,8,license_plate_bahnschrift.ttf,BFUCAOZJ9Y5KPW0TSHL38D2NGMVRX7Q64IE1,0,0,1,0.17,7.155418,0.919759,1.349142,BFUCAOZISYSKPWOTSHLSBD2NGMYVRX7Q64IE1,0.194444,0.805556,point_previews/task000006_mu016384_rho020_n1.png
0.3,16384,8,license_plate_bahnschrift.ttf,BFUCAOZJ9Y5KPW0TSHL38D2NGMVRX7Q64IE1,0,0,0,0.255,8.763561,0.881116,1.10157,BFUCAOZJISYSKPWOTSHLS8D2NGMVRX7Q64IE1,0.138889,0.861111,point_previews/task000006_mu016384_rho030_n0.png
0.3,16384,8,license_plate_bahnschrift.ttf,BFUCAOZJ9Y5KPW0TSHL38D2NGMVRX7Q64IE1,0,0,1,0.255,8.763561,0.881116,1.10157,BFUCAOZJISYSKPWOTSHL3S8D2NGMVRX7Q64IE1,0.138889,0.861111,point_previews/task000006_mu016384_rho030_n1.png
0.4,16384,8,license_plate_bahnschrift.ttf,BFUCAOZJ9Y5KPW0TSHL38D2NGMVRX7Q64IE1,0,0,0,0.34,10.119289,0.843436,0.953987,BFUCAOZJISYSKPWOTSHL3S8D2NGMVRX7Q64IE1,0.138889,0.861111,point_previews/task000006_mu016384_rho040_n0.png
0.4,16384,8,license_plate_bahnschrift.ttf,BFUCAOZJ9Y5KPW0TSHL38D2NGMVRX7Q64IE1,0,0,1,0.34,10.119289,0.843436,0.953987,BFUCAOZJ9YSKPWOTSHL3S8D2NGMYVRX7Q64IE1,0.111111,0.888889,point_previews/task000006_mu016384_rho040_n1.png
0.5,16384,8,license_plate_bahnschrift.ttf,BFUCAOZJ9Y5KPW0TSHL38D2NGMVRX7Q64IE1,0,0,0,0.425,11.313708,0.8067,0.853272,BFUCAOZJIIYSKPWOTSHL3S8D2NGMVRX7Q64IE1,0.138889,0.861111,point_previews/task000006_mu016384_rho050_n0.png
0.5,16384,8,license_plate_bahnschrift.ttf,BFUCAOZJ9Y5KPW0TSHL38D2NGMVRX7Q64IE1,0,0,1,0.425,11.313708,0.8067,0.853272,BFUCAOZJIIYSKPWOTSHL38D2NGMVRX7Q64IE1,0.111111,0.888889,point_previews/task000006_mu016384_rho050_n1.png
0.6,16384,8,license_plate_bahnschrift.ttf,BFUCAOZJ9Y5KPW0TSHL38D2NGMVRX7Q64IE1,0,0,0,0.51,12.393547,0.770893,0.778927,BFUCAOZJISYSKPWOTSHL38D2NGMVRX7Q64IE1,0.111111,0.888889,point_previews/task000006_mu016384_rho060_n0.png
0.6,16384,8,license_plate_bahnschrift.ttf,BFUCAOZJ9Y5KPW0TSHL38D2NGMVRX7Q64IE1,0,0,1,0.51,12.393547,0.770893,0.778927,BFUCAOZJISYSKPWOTSHL38D2NGMVRX7Q64IE1,0.111111,0.888889,point_previews/task000006_mu016384_rho060_n1.png
0.7,16384,8,license_plate_bahnschrift.ttf,BFUCAOZJ9Y5KPW0TSHL38D2NGMVRX7Q64IE1,0,0,0,0.595,13.38656,0.735998,0.721147,BFUCAOZJ9YSKPWOTSHL38D2NGMVRX7Q64IE1,0.055556,0.944444,point_previews/task000006_mu016384_rho070_n0.png
0.7,16384,8,license_plate_bahnschrift.ttf,BFUCAOZJ9Y5KPW0TSHL38D2NGMVRX7Q64IE1,0,0,1,0.595,13.38656,0.735998,0.721147,BFUCAOZJIYSKPWOTSHL38D2NGMVRX7Q64IE1,0.083333,0.916667,point_previews/task000006_mu016384_rho070_n1.png
0.8,16384,8,license_plate_bahnschrift.ttf,BFUCAOZJ9Y5KPW0TSHL38D2NGMVRX7Q64IE1,0,0,0,0.68,14.310835,0.701998,0.674571,BFUCAOZJ9YSKPWOTSHL38D2NGMVRX7Q64IE1,0.055556,0.944444,point_previews/task000006_mu016384_rho080_n0.png
0.8,16384,8,license_plate_bahnschrift.ttf,BFUCAOZJ9Y5KPW0TSHL38D2NGMVRX7Q64IE1,0,0,1,0.68,14.310835,0.701998,0.674571,BFUCAOZJ9YSKPWOTSHL38D2NGMVRX7Q64IE1,0.055556,0.944444,point_previews/task000006_mu016384_rho080_n1.png
0.9,16384,8,license_plate_bahnschrift.ttf,BFUCAOZJ9Y5KPW0TSHL38D2NGMVRX7Q64IE1,0,0,0,0.765,15.178933,0.668877,0.635992,BFUCAOZJ9YSKPWOTSHL38D2NGMVRX7G64IE1,0.083333,0.916667,point_previews/task000006_mu016384_rho090_n0.png
0.9,16384,8,license_plate_bahnschrift.ttf,BFUCAOZJ9Y5KPW0TSHL38D2NGMVRX7Q64IE1,0,0,1,0.765,15.178933,0.668877,0.635992,BFUCAOZJ9YSKPWOTSHL38D2NGMVRX7G64IE1,0.083333,0.916667,point_previews/task000006_mu016384_rho090_n1.png
1.0,16384,8,license_plate_bahnschrift.ttf,BFUCAOZJ9Y5KPW0TSHL38D2NGMVRX7Q64IE1,0,0,0,0.85,16.0,0.63662,0.603355,BFUCAOZJ9YSKPWOTSHL38D2NGMVRX7G64IE1,0.083333,0.916667,point_previews/task000006_mu016384_rho100_n0.png
1.0,16384,8,license_plate_bahnschrift.ttf,BFUCAOZJ9Y5KPW0TSHL38D2NGMVRX7Q64IE1,0,0,1,0.85,16.0,0.63662,0.603355,BFUCAOZJ9YSKPWOTSHL38D2NGMVRX7GQ64IE1,0.083333,0.916667,point_previews/task000006_mu016384_rho100_n1.png
0.1,65536,8,license_plate_bahnschrift.ttf,BFUCAOZJ9Y5KPW0TSHL38D2NGMVRX7Q64IE1,0,0,0,0.085,5.059644,0.959381,1.907975,BFUCADZISYSKPWOTSHLSBD2Z2NGMYRX7OS64IE1,0.333333,0.666667,point_previews/task000007_mu065536_rho010_n0.png
0.1,65536,8,license_plate_bahnschrift.ttf,BFUCAOZJ9Y5KPW0TSHL38D2NGMVRX7Q64IE1,0,0,1,0.085,5.059644,0.959381,1.907975,BFUCADZISYSKPWOTSHLSBD2NGMYRX7OS64IET,0.305556,0.694444,point_previews/task000007_mu065536_rho010_n1.png
0.2,65536,8,license_plate_bahnschrift.ttf,BFUCAOZJ9Y5KPW0TSHL38D2NGMVRX7Q64IE1,0,0,0,0.17,7.155418,0.919759,1.349142,BFUCAOZISYSKPWOTSHLSBD2NGMYRX7Q64IE1,0.194444,0.805556,point_previews/task000007_mu065536_rho020_n0.png
0.2,65536,8,license_plate_bahnschrift.ttf,BFUCAOZJ9Y5KPW0TSHL38D2NGMVRX7Q64IE1,0,0,1,0.17,7.155418,0.919759,1.349142,BFUCAOZISYSKPWOTSHLSBD2NGMYRX7Q64IE1,0.194444,0.805556,point_previews/task000007_mu065536_rho020_n1.png
0.3,65536,8,license_plate_bahnschrift.ttf,BFUCAOZJ9Y5KPW0TSHL38D2NGMVRX7Q64IE1,0,0,0,0.255,8.763561,0.881116,1.10157,BFUCAOZJISYSKPWOTSHL3S8D2NGMVRX7Q64IE1,0.138889,0.861111,point_previews/task000007_mu065536_rho030_n0.png
0.3,65536,8,license_plate_bahnschrift.ttf,BFUCAOZJ9Y5KPW0TSHL38D2NGMVRX7Q64IE1,0,0,1,0.255,8.763561,0.881116,1.10157,BFUCAOZISYSKPWOTSHLSB8D2NGMVRX7Q64IE1,0.166667,0.833333,point_previews/task000007_mu065536_rho030_n1.png
0.4,65536,8,license_plate_bahnschrift.ttf,BFUCAOZJ9Y5KPW0TSHL38D2NGMVRX7Q64IE1,0,0,0,0.34,10.119289,0.843436,0.953987,BFUCAOZJISYSKPWOTSHL3S8D2NGMYVRX7Q64IE1,0.166667,0.833333,point_previews/task000007_mu065536_rho040_n0.png
0.4,65536,8,license_plate_bahnschrift.ttf,BFUCAOZJ9Y5KPW0TSHL38D2NGMVRX7Q64IE1,0,0,1,0.34,10.119289,0.843436,0.953987,BFUCAOZJ9YSKPWOTSHL3S8D2NGMYRX7Q64IE1,0.111111,0.888889,point_previews/task000007_mu065536_rho040_n1.png
0.5,65536,8,license_plate_bahnschrift.ttf,BFUCAOZJ9Y5KPW0TSHL38D2NGMVRX7Q64IE1,0,0,0,0.425,11.313708,0.8067,0.853272,BFUCAOZJIYSKPWOTSHL3S8D2NGMVRX7Q64IE1,0.111111,0.888889,point_previews/task000007_mu065536_rho050_n0.png
0.5,65536,8,license_plate_bahnschrift.ttf,BFUCAOZJ9Y5KPW0TSHL38D2NGMVRX7Q64IE1,0,0,1,0.425,11.313708,0.8067,0.853272,BFUCAOZJIIYSKPWOTSHL38D2NGMVRX7Q64IE1,0.111111,0.888889,point_previews/task000007_mu065536_rho050_n1.png
0.6,65536,8,license_plate_bahnschrift.ttf,BFUCAOZJ9Y5KPW0TSHL38D2NGMVRX7Q64IE1,0,0,0,0.51,12.393547,0.770893,0.778927,BFUCAOZJSYSKPWOTSHL38D2NGMVRX7Q64IE1,0.083333,0.916667,point_previews/task000007_mu065536_rho060_n0.png
0.6,65536,8,license_plate_bahnschrift.ttf,BFUCAOZJ9Y5KPW0TSHL38D2NGMVRX7Q64IE1,0,0,1,0.51,12.393547,0.770893,0.778927,BFUCAOZJISYSKPWOTSHL38D2NGMVRX7Q64IE1,0.111111,0.888889,point_previews/task000007_mu065536_rho060_n1.png
0.7,65536,8,license_plate_bahnschrift.ttf,BFUCAOZJ9Y5KPW0TSHL38D2NGMVRX7Q64IE1,0,0,0,0.595,13.38656,0.735998,0.721147,BFUCAOZJ9YSKPWOTSHL38D2NGMVRX7Q64IE1,0.055556,0.944444,point_previews/task000007_mu065536_rho070_n0.png
0.7,65536,8,license_plate_bahnschrift.ttf,BFUCAOZJ9Y5KPW0TSHL38D2NGMVRX7Q64IE1,0,0,1,0.595,13.38656,0.735998,0.721147,BFUCAOZJ9YSKPWOTSHL3S8D2NGMVRX7Q64IE1,0.083333,0.916667,point_previews/task000007_mu065536_rho070_n1.png
0.8,65536,8,license_plate_bahnschrift.ttf,BFUCAOZJ9Y5KPW0TSHL38D2NGMVRX7Q64IE1,0,0,0,0.68,14.310835,0.701998,0.674571,BFUCAOZJ9YSKPWOTSHL38D2NGMVRX7Q64IE1,0.055556,0.944444,point_previews/task000007_mu065536_rho080_n0.png
0.8,65536,8,license_plate_bahnschrift.ttf,BFUCAOZJ9Y5KPW0TSHL38D2NGMVRX7Q64IE1,0,0,1,0.68,14.310835,0.701998,0.674571,BFUCAOZJ9YSKPWOTSHL38D2NGMVRX7Q64IE1,0.055556,0.944444,point_previews/task000007_mu065536_rho080_n1.png
0.9,65536,8,license_plate_bahnschrift.ttf,BFUCAOZJ9Y5KPW0TSHL38D2NGMVRX7Q64IE1,0,0,0,0.765,15.178933,0.668877,0.635992,BFUCAOZJ9YSKPWOTSHL38D2NGMVRX7G64IE1,0.083333,0.916667,point_previews/task000007_mu065536_rho090_n0.png
0.9,65536,8,license_plate_bahnschrift.ttf,BFUCAOZJ9Y5KPW0TSHL38D2NGMVRX7Q64IE1,0,0,1,0.765,15.178933,0.668877,0.635992,BFUCAOZJ9YSKPWOTSHL38D2NGMVRX7G64IE1,0.083333,0.916667,point_previews/task000007_mu065536_rho090_n1.png
1.0,65536,8,license_plate_bahnschrift.ttf,BFUCAOZJ9Y5KPW0TSHL38D2NGMVRX7Q64IE1,0,0,0,0.85,16.0,0.63662,0.603355,BFUCAOZJ9YSKPWOTSHL38D2NGMVRX7G64IE1,0.083333,0.916667,point_previews/task000007_mu065536_rho100_n0.png
1.0,65536,8,license_plate_bahnschrift.ttf,BFUCAOZJ9Y5KPW0TSHL38D2NGMVRX7Q64IE1,0,0,1,0.85,16.0,0.63662,0.603355,BFUCAOZJ9YSKPWOTSHL38D2NGMVRX7G64IE1,0.083333,0.916667,point_previews/task000007_mu065536_rho100_n1.png
0.1,4,8,license_plate_bahnschrift.ttf,BFUCAOZJ9Y5KPW0TSHL38D2NGMVRX7Q64IE1,0,3,0,0.085,5.059644,0.959381,1.907975,,1.0,0.0,point_previews/task000008_mu000004_rho010_n0.png
0.1,4,8,license_plate_bahnschrift.ttf,BFUCAOZJ9Y5KPW0TSHL38D2NGMVRX7Q64IE1,0,3,1,0.085,5.059644,0.959381,1.907975,HNSTSENGPNESRN,0.888889,0.111111,point_previews/task000008_mu000004_rho010_n1.png
0.2,4,8,license_plate_bahnschrift.ttf,BFUCAOZJ9Y5KPW0TSHL38D2NGMVRX7Q64IE1,0,3,0,0.17,7.155418,0.919759,1.349142,REIEDPNSEGRE,0.861111,0.138889,point_previews/task000008_mu000004_rho020_n0.png
0.2,4,8,license_plate_bahnschrift.ttf,BFUCAOZJ9Y5KPW0TSHL38D2NGMVRX7Q64IE1,0,3,1,0.17,7.155418,0.919759,1.349142,SIUVORRLNCRRIEREE,0.833333,0.166667,point_previews/task000008_mu000004_rho020_n1.png
0.3,4,8,license_plate_bahnschrift.ttf,BFUCAOZJ9Y5KPW0TSHL38D2NGMVRX7Q64IE1,0,3,0,0.255,8.763561,0.881116,1.10157,,1.0,0.0,point_previews/task000008_mu000004_rho030_n0.png
0.3,4,8,license_plate_bahnschrift.ttf,BFUCAOZJ9Y5KPW0TSHL38D2NGMVRX7Q64IE1,0,3,1,0.255,8.763561,0.881116,1.10157,SPISEABSAENAHESBMOQREAEWIE,0.888889,0.111111,point_previews/task000008_mu000004_rho030_n1.png
0.4,4,8,license_plate_bahnschrift.ttf,BFUCAOZJ9Y5KPW0TSHL38D2NGMVRX7Q64IE1,0,3,0,0.34,10.119289,0.843436,0.953987,ORULENSERELDNSECGAENALTS,0.888889,0.111111,point_previews/task000008_mu000004_rho040_n0.png
0.4,4,8,license_plate_bahnschrift.ttf,BFUCAOZJ9Y5KPW0TSHL38D2NGMVRX7Q64IE1,0,3,1,0.34,10.119289,0.843436,0.953987,SHAASREOHOOTONANAELL,0.916667,0.083333,point_previews/task000008_mu000004_rho040_n1.png
0.5,4,8,license_plate_bahnschrift.ttf,BFUCAOZJ9Y5KPW0TSHL38D2NGMVRX7Q64IE1,0,3,0,0.425,11.313708,0.8067,0.853272,RSERNETMWANLOSE,0.916667,0.083333,point_previews/task000008_mu000004_rho050_n0.png
0.5,4,8,license_plate_bahnschrift.ttf,BFUCAOZJ9Y5KPW0TSHL38D2NGMVRX7Q64IE1,0,3,1,0.425,11.313708,0.8067,0.853272,SERENSAETEINAPPORS,0.944444,0.055556,point_previews/task000008_mu000004_rho050_n1.png
0.6,4,8,license_plate_bahnschrift.ttf,BFUCAOZJ9Y5KPW0TSHL38D2NGMVRX7Q64IE1,0,3,0,0.51,12.393547,0.770893,0.778927,,1.0,0.0,point_previews/task000008_mu000004_rho060_n0.png
0.6,4,8,license_plate_bahnschrift.ttf,BFUCAOZJ9Y5KPW0TSHL38D2NGMVRX7Q64IE1,0,3,1,0.51,12.393547,0.770893,0.778927,HALEROREMTIRBSACMEAM,0.916667,0.083333,point_previews/task000008_mu000004_rho060_n1.png
0.7,4,8,license_plate_bahnschrift.ttf,BFUCAOZJ9Y5KPW0TSHL38D2NGMVRX7Q64IE1,0,3,0,0.595,13.38656,0.735998,0.721147,TPADLERORRRDGTCBAR,0.916667,0.083333,point_previews/task000008_mu000004_rho070_n0.png
0.7,4,8,license_plate_bahnschrift.ttf,BFUCAOZJ9Y5KPW0TSHL38D2NGMVRX7Q64IE1,0,3,1,0.595,13.38656,0.735998,0.721147,SBUSLHATASSRADTIIOSESBANOOTGEE,0.916667,0.083333,point_previews/task000008_mu000004_rho070_n1.png
0.8,4,8,license_plate_bahnschrift.ttf,BFUCAOZJ9Y5KPW0TSHL38D2NGMVRX7Q64IE1,0,3,0,0.68,14.310835,0.701998,0.674571,PRRSAESRDEPLEVRGRRAA,0.861111,0.138889,point_previews/task000008_mu000004_rho080_n0.png
0.8,4,8,license_plate_bahnschrift.ttf,BFUCAOZJ9Y5KPW0TSHL38D2NGMVRX7Q64IE1,0,3,1,0.68,14.310835,0.701998,0.674571,PHRECANAPSRRTSNENO,0.888889,0.111111,point_previews/task000008_mu000004_rho080_n1.png
0.9,4,8,license_plate_bahnschrift.ttf,BFUCAOZJ9Y5KPW0TSHL38D2NGMVRX7Q64IE1,0,3,0,0.765,15.178933,0.668877,0.635992,ARPSABOTECAMIRTEEOORRMURRB,0.888889,0.111111,point_previews/task000008_mu000004_rho090_n0.png
0.9,4,8,license_plate_bahnschrift.ttf,BFUCAOZJ9Y5KPW0TSHL38D2NGMVRX7Q64IE1,0,3,1,0.765,15.178933,0.668877,0.635992,ERBE2SIVRECNUOELRARRB,0.944444,0.055556,point_previews/task000008_mu000004_rho090_n1.png
1.0,4,8,license_plate_bahnschrift.ttf,BFUCAOZJ9Y5KPW0TSHL38D2NGMVRX7Q64IE1,0,3,0,0.85,16.0,0.63662,0.603355,,1.0,0.0,point_previews/task000008_mu000004_rho100_n0.png
1.0,4,8,license_plate_bahnschrift.ttf,BFUCAOZJ9Y5KPW0TSHL38D2NGMVRX7Q64IE1,0,3,1,0.85,16.0,0.63662,0.603355,BEDEASTASTARYWTSLMMGT,0.805556,0.194444,point_previews/task000008_mu000004_rho100_n1.png
0.1,16,8,license_plate_bahnschrift.ttf,BFUCAOZJ9Y5KPW0TSHL38D2NGMVRX7Q64IE1,0,3,0,0.085,5.059644,0.959381,1.907975,SPRSRASCARSSAEOMRE,0.888889,0.111111,point_previews/task000009_mu000016_rho010_n0.png
0.1,16,8,license_plate_bahnschrift.ttf,BFUCAOZJ9Y5KPW0TSHL38D2NGMVRX7Q64IE1,0,3,1,0.085,5.059644,0.959381,1.907975,SICSETLASSSLE,0.888889,0.111111,point_previews/task000009_mu000016_rho010_n1.png
0.2,16,8,license_plate_bahnschrift.ttf,BFUCAOZJ9Y5KPW0TSHL38D2NGMVRX7Q64IE1,0,3,0,0.17,7.155418,0.919759,1.349142,URUWASTATNGSESINUSERSSSEMSTEITLSETT,0.916667,0.083333,point_previews/task000009_mu000016_rho020_n0.png
0.2,16,8,license_plate_bahnschrift.ttf,BFUCAOZJ9Y5KPW0TSHL38D2NGMVRX7Q64IE1,0,3,1,0.17,7.155418,0.919759,1.349142,BSGHCYTCRONIRGENSEREPREZ,0.861111,0.138889,point_previews/task000009_mu000016_rho020_n1.png
0.3,16,8,license_plate_bahnschrift.ttf,BFUCAOZJ9Y5KPW0TSHL38D2NGMVRX7Q64IE1,0,3,0,0.255,8.763561,0.881116,1.10157,,1.0,0.0,point_previews/task000009_mu000016_rho030_n0.png
0.3,16,8,license_plate_bahnschrift.ttf,BFUCAOZJ9Y5KPW0TSHL38D2NGMVRX7Q64IE1,0,3,1,0.255,8.763561,0.881116,1.10157,SRLIBATSTEERPNSPEARTY24RVERRFES1,0.888889,0.111111,point_previews/task000009_mu000016_rho030_n1.png
0.4,16,8,license_plate_bahnschrift.ttf,BFUCAOZJ9Y5KPW0TSHL38D2NGMVRX7Q64IE1,0,3,0,0.34,10.119289,0.843436,0.953987,BEAIZIOPSKPYNOTSHESRUNEMURNWOSRIE,0.666667,0.333333,point_previews/task000009_mu000016_rho040_n0.png
0.4,16,8,license_plate_bahnschrift.ttf,BFUCAOZJ9Y5KPW0TSHL38D2NGMVRX7Q64IE1,0,3,1,0.34,10.119289,0.843436,0.953987,BEUDADZUEYSKPWIOTSHLSBUZNOMYRKFEG,0.583333,0.416667,point_previews/task000009_mu000016_rho040_n1.png
0.5,16,8,license_plate_bahnschrift.ttf,BFUCAOZJ9Y5KPW0TSHL38D2NGMVRX7Q64IE1,0,3,0,0.425,11.313708,0.8067,0.853272,BFUCKDZSMSKEWATSALISDAHGMVARFREAES,0.583333,0.416667,point_previews/task000009_mu000016_rho050_n0.png
0.5,16,8,license_plate_bahnschrift.ttf,BFUCAOZJ9Y5KPW0TSHL38D2NGMVRX7Q64IE1,0,3,1,0.425,11.313708,0.8067,0.853272,DRULACZIFYERPWETSHESETINOMYRXINSHIS1,0.583333,0.416667,point_previews/task000009_mu000016_rho050_n1.png
0.6,16,8,license_plate_bahnschrift.ttf,BFUCAOZJ9Y5KPW0TSHL38D2NGMVRX7Q64IE1,0,3,0,0.51,12.393547,0.770893,0.778927,BEUGAOZSIKSKEWOTSHESBLINGMIRKRGEET,0.583333,0.416667,point_previews/task000009_mu000016_rho060_n0.png
0.6,16,8,license_plate_bahnschrift.ttf,BFUCAOZJ9Y5KPW0TSHL38D2NGMVRX7Q64IE1,0,3,1,0.51,12.393547,0.770893,0.778927,BEUCKOZISYSKBULTSHEABDINGMVRNTAGSIES,0.5,0.5,point_previews/task000009_mu000016_rho060_n1.png
0.7,16,8,license_plate_bahnschrift.ttf,BFUCAOZJ9Y5KPW0TSHL38D2NGMVRX7Q64IE1,0,3,0,0.595,13.38656,0.735998,0.721147,BEUCADZINVSARWOTSHEIBDINGMVRXTOGRIET,0.5,0.5,point_previews/task000009_mu000016_rho070_n0.png
0.7,16,8,license_plate_bahnschrift.ttf,BFUCAOZJ9Y5KPW0TSHL38D2NGMVRX7Q64IE1,0,3,1,0.595,13.38656,0.735998,0.721147,,1.0,0.0,point_previews/task000009_mu000016_rho070_n1.png
0.8,16,8,license_plate_bahnschrift.ttf,BFUCAOZJ9Y5KPW0TSHL38D2NGMVRX7Q64IE1,0,3,0,0.68,14.310835,0.701998,0.674571,BEUGAOZIWVSKPWOTSALSBD2NEMURKIDRLIED,0.5,0.5,point_previews/task000009_mu000016_rho080_n0.png
0.8,16,8,license_plate_bahnschrift.ttf,BFUCAOZJ9Y5KPW0TSHL38D2NGMVRX7Q64IE1,0,3,1,0.68,14.310835,0.701998,0.674571,,1.0,0.0,point_previews/task000009_mu000016_rho080_n1.png
0.9,16,8,license_plate_bahnschrift.ttf,BFUCAOZJ9Y5KPW0TSHL38D2NGMVRX7Q64IE1,0,3,0,0.765,15.178933,0.668877,0.635992,,1.0,0.0,point_previews/task000009_mu000016_rho090_n0.png
0.9,16,8,license_plate_bahnschrift.ttf,BFUCAOZJ9Y5KPW0TSHL38D2NGMVRX7Q64IE1,0,3,1,0.765,15.178933,0.668877,0.635992,BEUCAOLIS4SKEWOTSHLSBDINGMVAXTOSAIET,0.472222,0.527778,point_previews/task000009_mu000016_rho090_n1.png
1.0,16,8,license_plate_bahnschrift.ttf,BFUCAOZJ9Y5KPW0TSHL38D2NGMVRX7Q64IE1,0,3,0,0.85,16.0,0.63662,0.603355,BEUCKOZISYSAEWOTSHLISDENGMVRXPOSGIES,0.444444,0.555556,point_previews/task000009_mu000016_rho100_n0.png
1.0,16,8,license_plate_bahnschrift.ttf,BFUCAOZJ9Y5KPW0TSHL38D2NGMVRX7Q64IE1,0,3,1,0.85,16.0,0.63662,0.603355,BAUCADZI9YSKPWOTSHLSSD2NGMYRETOSAIED,0.388889,0.611111,point_previews/task000009_mu000016_rho100_n1.png
0.1,64,8,license_plate_bahnschrift.ttf,BFUCAOZJ9Y5KPW0TSHL38D2NGMVRX7Q64IE1,0,3,0,0.085,5.059644,0.959381,1.907975,,1.0,0.0,point_previews/task000010_mu000064_rho010_n0.png
0.1,64,8,license_plate_bahnschrift.ttf,BFUCAOZJ9Y5KPW0TSHL38D2NGMVRX7Q64IE1,0,3,1,0.085,5.059644,0.959381,1.907975,BEUCADZISSRPWOTSHESEDINGMUBX7GERIET,0.5,0.5,point_previews/task000010_mu000064_rho010_n1.png
0.2,64,8,license_plate_bahnschrift.ttf,BFUCAOZJ9Y5KPW0TSHL38D2NGMVRX7Q64IE1,0,3,0,0.17,7.155418,0.919759,1.349142,,1.0,0.0,point_previews/task000010_mu000064_rho020_n0.png
0.2,64,8,license_plate_bahnschrift.ttf,BFUCAOZJ9Y5KPW0TSHL38D2NGMVRX7Q64IE1,0,3,1,0.17,7.155418,0.919759,1.349142,BFURAOZIONSHPWOTSHLSBDANGMYRK7NSAIEY,0.444444,0.555556,point_previews/task000010_mu000064_rho020_n1.png
0.3,64,8,license_plate_bahnschrift.ttf,BFUCAOZJ9Y5KPW0TSHL38D2NGMVRX7Q64IE1,0,3,0,0.255,8.763561,0.881116,1.10157,BFUCAOZI9YS5KPWOTSHESBDANGMVRXTOSGAET,0.361111,0.638889,point_previews/task000010_mu000064_rho030_n0.png
0.3,64,8,license_plate_bahnschrift.ttf,BFUCAOZJ9Y5KPW0TSHL38D2NGMVRX7Q64IE1,0,3,1,0.255,8.763561,0.881116,1.10157,,1.0,0.0,point_previews/task000010_mu000064_rho030_n1.png
0.4,64,8,license_plate_bahnschrift.ttf,BFUCAOZJ9Y5KPW0TSHL38D2NGMVRX7Q64IE1,0,3,0,0.34,10.119289,0.843436,0.953987,BFUCAOZI9YSKPWOTSHL3BDZNGMVRXTOSAIEN,0.277778,0.722222,point_previews/task000010_mu000064_rho040_n0.png
0.4,64,8,license_plate_bahnschrift.ttf,BFUCAOZJ9Y5KPW0TSHL38D2NGMVRX7Q64IE1,0,3,1,0.34,10.119289,0.843436,0.953987,BEUCAOZI9YSKPWOTSHL3BD2NGMYRXTOS4IET,0.277778,0.722222,point_previews/task000010_mu000064_rho040_n1.png
0.5,64,8,license_plate_bahnschrift.ttf,BFUCAOZJ9Y5KPW0TSHL38D2NGMVRX7Q64IE1,0,3,0,0.425,11.313708,0.8067,0.853272,BFUCAOZJ9YSKPWOTSHL38D2NGMVRX7O64IEL,0.111111,0.888889,point_previews/task000010_mu000064_rho050_n0.png
0.5,64,8,license_plate_bahnschrift.ttf,BFUCAOZJ9Y5KPW0TSHL38D2NGMVRX7Q64IE1,0,3,1,0.425,11.313708,0.8067,0.853272,BFUCAOZJ9YSKPWOTSHL38D2NGMVRX7OQS4IET,0.138889,0.861111,point_previews/task000010_mu000064_rho050_n1.png
0.6,64,8,license_plate_bahnschrift.ttf,BFUCAOZJ9Y5KPW0TSHL38D2NGMVRX7Q64IE1,0,3,0,0.51,12.393547,0.770893,0.778927,BFUCAOZJ9YSKPWOTSHL38D2NGMVRX7O64IE1,0.083333,0.916667,point_previews/task000010_mu000064_rho060_n0.png
0.6,64,8,license_plate_bahnschrift.ttf,BFUCAOZJ9Y5KPW0TSHL38D2NGMVRX7Q64IE1,0,3,1,0.51,12.393547,0.770893,0.778927,BFUCAOZINVSKPWOTSHL3BD2NGMVRX7OS4IED,0.25,0.75,point_previews/task000010_mu000064_rho060_n1.png
0.7,64,8,license_plate_bahnschrift.ttf,BFUCAOZJ9Y5KPW0TSHL38D2NGMVRX7Q64IE1,0,3,0,0.595,13.38656,0.735998,0.721147,BFUCAOZI9YSKPWOTSHL3B8D2NGMVRX7Q64IE1,0.111111,0.888889,point_previews/task000010_mu000064_rho070_n0.png
0.7,64,8,license_plate_bahnschrift.ttf,BFUCAOZJ9Y5KPW0TSHL38D2NGMVRX7Q64IE1,0,3,1,0.595,13.38656,0.735998,0.721147,BFUCAOZJ9Y5KPWOTSHL38D2NGMVRX7OSAIES,0.138889,0.861111,point_previews/task000010_mu000064_rho070_n1.png
0.8,64,8,license_plate_bahnschrift.ttf,BFUCAOZJ9Y5KPW0TSHL38D2NGMVRX7Q64IE1,0,3,0,0.68,14.310835,0.701998,0.674571,BFUCAOZJ9YSKPWOTSHL3BD2NGMYRX7O4AIE,0.222222,0.777778,point_previews/task000010_mu000064_rho080_n0.png
0.8,64,8,license_plate_bahnschrift.ttf,BFUCAOZJ9Y5KPW0TSHL38D2NGMVRX7Q64IE1,0,3,1,0.68,14.310835,0.701998,0.674571,BFUCAOZJ9Y5KPWOTSHL3B8D2NGMYRX7G64IE1,0.111111,0.888889,point_previews/task000010_mu000064_rho080_n1.png
0.9,64,8,license_plate_bahnschrift.ttf,BFUCAOZJ9Y5KPW0TSHL38D2NGMVRX7Q64IE1,0,3,0,0.765,15.178933,0.668877,0.635992,BFUCAOZJ9YSKPWOTSHL3S8D2NGMVRX7Q641E1,0.111111,0.888889,point_previews/task000010_mu000064_rho090_n0.png
0.9,64,8,license_plate_bahnschrift.ttf,BFUCAOZJ9Y5KPW0TSHL38D2NGMVRX7Q64IE1,0,3,1,0.765,15.178933,0.668877,0.635992,BFUCAOZJ9YSKPWOTSHL38D2NGMVRX7TOS4IE3,0.166667,0.833333,point_previews/task000010_mu000064_rho090_n1.png
1.0,64,8,license_plate_bahnschrift.ttf,BFUCAOZJ9Y5KPW0TSHL38D2NGMVRX7Q64IE1,0,3,0,0.85,16.0,0.63662,0.603355,BFUCAOZJ9Y5KPWOTSHL38D2NGMVRX7Q641E1,0.055556,0.944444,point_previews/task000010_mu000064_rho100_n0.png
1.0,64,8,license_plate_bahnschrift.ttf,BFUCAOZJ9Y5KPW0TSHL38D2NGMVRX7Q64IE1,0,3,1,0.85,16.0,0.63662,0.603355,BFUCAOZJ9YSKPWOTSHL38D2NGMVRX7Q64IE1,0.055556,0.944444,point_previews/task000010_mu000064_rho100_n1.png
0.1,256,8,license_plate_bahnschrift.ttf,BFUCAOZJ9Y5KPW0TSHL38D2NGMVRX7Q64IE1,0,3,0,0.085,5.059644,0.959381,1.907975,BFUCADZJSYSKPWOTSHLSSD2NGMYRXTOS4IET,0.305556,0.694444,point_previews/task000011_mu000256_rho010_n0.png
0.1,256,8,license_plate_bahnschrift.ttf,BFUCAOZJ9Y5KPW0TSHL38D2NGMVRX7Q64IE1,0,3,1,0.085,5.059644,0.959381,1.907975,BFUCAOZI9YSKPWOTSHL3BD2NGMYRX7OS4IE,0.222222,0.777778,point_previews/task000011_mu000256_rho010_n1.png
0.2,256,8,license_plate_bahnschrift.ttf,BFUCAOZJ9Y5KPW0TSHL38D2NGMVRX7Q64IE1,0,3,0,0.17,7.155418,0.919759,1.349142,BFUCAOZJ9YSKPWOTSHL3BD2NGMYRX7O64E1,0.166667,0.833333,point_previews/task000011_mu000256_rho020_n0.png
0.2,256,8,license_plate_bahnschrift.ttf,BFUCAOZJ9Y5KPW0TSHL38D2NGMVRX7Q64IE1,0,3,1,0.17,7.155418,0.919759,1.349142,BFUCA0ZJ9YSKPWOTSHL3BD2NGMVRX7Q6SIE1,0.138889,0.861111,point_previews/task000011_mu000256_rho020_n1.png
0.3,256,8,license_plate_bahnschrift.ttf,BFUCAOZJ9Y5KPW0TSHL38D2NGMVRX7Q64IE1,0,3,0,0.255,8.763561,0.881116,1.10157,BFUCAOZI9YSKPWOTSHL38D2NGMYVRX7OS64IEI,0.194444,0.805556,point_previews/task000011_mu000256_rho030_n0.png
0.3,256,8,license_plate_bahnschrift.ttf,BFUCAOZJ9Y5KPW0TSHL38D2NGMVRX7Q64IE1,0,3,1,0.255,8.763561,0.881116,1.10157,BFUCAOZJ9YSKPWOTSHL3B8D2NGMVRX7O64IE1,0.111111,0.888889,point_previews/task000011_mu000256_rho030_n1.png
0.4,256,8,license_plate_bahnschrift.ttf,BFUCAOZJ9Y5KPW0TSHL38D2NGMVRX7Q64IE1,0,3,0,0.34,10.119289,0.843436,0.953987,BFUCAOZI9YSKPWOTSHL3BD2NGMYVRX7O64IE1,0.166667,0.833333,point_previews/task000011_mu000256_rho040_n0.png
0.4,256,8,license_plate_bahnschrift.ttf,BFUCAOZJ9Y5KPW0TSHL38D2NGMVRX7Q64IE1,0,3,1,0.34,10.119289,0.843436,0.953987,BFUCAOZI9YSKPWOTSHL38D2NGMYVRX7Q64IE1,0.111111,0.888889,point_previews/task000011_mu000256_rho040_n1.png
0.5,256,8,license_plate_bahnschrift.ttf,BFUCAOZJ9Y5KPW0TSHL38D2NGMVRX7Q64IE1,0,3,0,0.425,11.313708,0.8067,0.853272,BFUCAOZI9YSKPWOTSHL38D2NGMVRX7Q64E1,0.111111,0.888889,point_previews/task000011_mu000256_rho050_n0.png
0.5,256,8,license_plate_bahnschrift.ttf,BFUCAOZJ9Y5KPW0TSHL38D2NGMVRX7Q64IE1,0,3,1,0.425,11.313708,0.8067,0.853272,BFUCAOZI9YSKPWOTSHL38D2NGMVRX7Q64IE1,0.083333,0.916667,point_previews/task000011_mu000256_rho050_n1.png
0.6,256,8,license_plate_bahnschrift.ttf,BFUCAOZJ9Y5KPW0TSHL38D2NGMVRX7Q64IE1,0,3,0,0.51,12.393547,0.770893,0.778927,BFUCAOZJ9YSKPWOTSHL38D2NGMYVRX7O6S4IEI,0.166667,0.833333,point_previews/task000011_mu000256_rho060_n0.png
0.6,256,8,license_plate_bahnschrift.ttf,BFUCAOZJ9Y5KPW0TSHL38D2NGMVRX7Q64IE1,0,3,1,0.51,12.393547,0.770893,0.778927,BFUCAOZI9YSKPWOTSHL38D2NGMVRX7Q641E1,0.111111,0.888889,point_previews/task000011_mu000256_rho060_n1.png
0.7,256,8,license_plate_bahnschrift.ttf,BFUCAOZJ9Y5KPW0TSHL38D2NGMVRX7Q64IE1,0,3,0,0.595,13.38656,0.735998,0.721147,BFUCAOZJ9YSKPWOTSHL3S8D2NGMVRX7OS64IEI,0.166667,0.833333,point_previews/task000011_mu000256_rho070_n0.png
0.7,256,8,license_plate_bahnschrift.ttf,BFUCAOZJ9Y5KPW0TSHL38D2NGMVRX7Q64IE1,0,3,1,0.595,13.38656,0.735998,0.721147,BFUCAOZI9YSKPWOTSHL3S8D2NGMVRX7Q64IE1,0.111111,0.888889,point_previews/task000011_mu000256_rho070_n1.png
0.8,256,8,license_plate_bahnschrift.ttf,BFUCAOZJ9Y5KPW0TSHL38D2NGMVRX7Q64IE1,0,3,0,0.68,14.310835,0.701998,0.674571,BFUCAOZJ9YSKPWOTSHL38D2NGMVRX7Q641E1,0.083333,0.916667,point_previews/task000011_mu000256_rho080_n0.png
0.8,256,8,license_plate_bahnschrift.ttf,BFUCAOZJ9Y5KPW0TSHL38D2NGMVRX7Q64IE1,0,3,1,0.68,14.310835,0.701998,0.674571,BFUCAOZJ9YSKPWOTSHL38D2NGMVRX7Q64IE1,0.055556,0.944444,point_previews/task000011_mu000256_rho080_n1.png
0.9,256,8,license_plate_bahnschrift.ttf,BFUCAOZJ9Y5KPW0TSHL38D2NGMVRX7Q64IE1,0,3,0,0.765,15.178933,0.668877,0.635992,BFUCAOZJ9YSKPWOTSHL38D2NGMVRX7O64IE1,0.083333,0.916667,point_previews/task000011_mu000256_rho090_n0.png
0.9,256,8,license_plate_bahnschrift.ttf,BFUCAOZJ9Y5KPW0TSHL38D2NGMVRX7Q64IE1,0,3,1,0.765,15.178933,0.668877,0.635992,BFUCAOZJ9YSKPWOTSHL38D2NGMVRX7G64IE1,0.083333,0.916667,point_previews/task000011_mu000256_rho090_n1.png
1.0,256,8,license_plate_bahnschrift.ttf,BFUCAOZJ9Y5KPW0TSHL38D2NGMVRX7Q64IE1,0,3,0,0.85,16.0,0.63662,0.603355,BFUCAOZI9YSKPWOTSHL38D2NGMVRX7Q44IE1,0.111111,0.888889,point_previews/task000011_mu000256_rho100_n0.png
1.0,256,8,license_plate_bahnschrift.ttf,BFUCAOZJ9Y5KPW0TSHL38D2NGMVRX7Q64IE1,0,3,1,0.85,16.0,0.63662,0.603355,BFUCAOZI9YSKPWOTSHL3B8D2NGMVRX7Q64IE1,0.111111,0.888889,point_previews/task000011_mu000256_rho100_n1.png
0.1,1024,8,license_plate_bahnschrift.ttf,BFUCAOZJ9Y5KPW0TSHL38D2NGMVRX7Q64IE1,0,3,0,0.085,5.059644,0.959381,1.907975,BFUCAOZI9YSKPWOTSHL38D2NGMVRX7O64IET,0.138889,0.861111,point_previews/task000012_mu001024_rho010_n0.png
0.1,1024,8,license_plate_bahnschrift.ttf,BFUCAOZJ9Y5KPW0TSHL38D2NGMVRX7Q64IE1,0,3,1,0.085,5.059644,0.959381,1.907975,BFUCAOZI9YSKPWOTSHL38D2NGMVRX7QO64IE1,0.111111,0.888889,point_previews/task000012_mu001024_rho010_n1.png
0.2,1024,8,license_plate_bahnschrift.ttf,BFUCAOZJ9Y5KPW0TSHL38D2NGMVRX7Q64IE1,0,3,0,0.17,7.155418,0.919759,1.349142,BFUCAOZI9YSKPWOTSHL3BD2NGMVRX7Q64IE1,0.111111,0.888889,point_previews/task000012_mu001024_rho020_n0.png
0.2,1024,8,license_plate_bahnschrift.ttf,BFUCAOZJ9Y5KPW0TSHL38D2NGMVRX7Q64IE1,0,3,1,0.17,7.155418,0.919759,1.349142,BFUCAOZI9YSKPWOTSHL38D2NGMVRX7O64IE1,0.111111,0.888889,point_previews/task000012_mu001024_rho020_n1.png
0.3,1024,8,license_plate_bahnschrift.ttf,BFUCAOZJ9Y5KPW0TSHL38D2NGMVRX7Q64IE1,0,3,0,0.255,8.763561,0.881116,1.10157,BFUCAOZI9YSKPWOTSHL3B8D2NGMVRX7Q64IE1,0.111111,0.888889,point_previews/task000012_mu001024_rho030_n0.png
0.3,1024,8,license_plate_bahnschrift.ttf,BFUCAOZJ9Y5KPW0TSHL38D2NGMVRX7Q64IE1,0,3,1,0.255,8.763561,0.881116,1.10157,BFUCAOZI9YSKPWOTSHL38D2NGMVRX7Q64IE1,0.083333,0.916667,point_previews/task000012_mu001024_rho030_n1.png
0.4,1024,8,license_plate_bahnschrift.ttf,BFUCAOZJ9Y5KPW0TSHL38D2NGMVRX7Q64IE1,0,3,0,0.34,10.119289,0.843436,0.953987,BFUCAOZI9YSKPWOTSHL38D2NGMYVRX7QO64IE1,0.138889,0.861111,point_previews/task000012_mu001024_rho040_n0.png
0.4,1024,8,license_plate_bahnschrift.ttf,BFUCAOZJ9Y5KPW0TSHL38D2NGMVRX7Q64IE1,0,3,1,0.34,10.119289,0.843436,0.953987,BFUCAOZI9YSKPWOTSHL38D2NGMVRX7Q641E1,0.111111,0.888889,point_previews/task000012_mu001024_rho040_n1.png
0.5,1024,8,license_plate_bahnschrift.ttf,BFUCAOZJ9Y5KPW0TSHL38D2NGMVRX7Q64IE1,0,3,0,0.425,11.313708,0.8067,0.853272,BFUCAOZJI9YSKPWOTSHL3S8D2NGMVRX7Q641E1,0.138889,0.861111,point_previews/task000012_mu001024_rho050_n0.png
0.5,1024,8,license_plate_bahnschrift.ttf,BFUCAOZJ9Y5KPW0TSHL38D2NGMVRX7Q64IE1,0,3,1,0.425,11.313708,0.8067,0.853272,BFUCAOZJ9YSKPWOTSHL38D2NGMVRX7Q64IE1,0.055556,0.944444,point_previews/task000012_mu001024_rho050_n1.png
0.6,1024,8,license_plate_bahnschrift.ttf,BFUCAOZJ9Y5KPW0TSHL38D2NGMVRX7Q64IE1,0,3,0,0.51,12.393547,0.770893,0.778927,BFUCAOZI9YSKPWOTSHL38D2NGMVRX7Q64IE1,0.083333,0.916667,point_previews/task000012_mu001024_rho060_n0.png
0.6,1024,8,license_plate_bahnschrift.ttf,BFUCAOZJ9Y5KPW0TSHL38D2NGMVRX7Q64IE1,0,3,1,0.51,12.393547,0.770893,0.778927,BFUCAOZJI9YSKPWOTSHL38D2NGMVRX7Q64IE1,0.083333,0.916667,point_previews/task000012_mu001024_rho060_n1.png
0.7,1024,8,license_plate_bahnschrift.ttf,BFUCAOZJ9Y5KPW0TSHL38D2NGMVRX7Q64IE1,0,3,0,0.595,13.38656,0.735998,0.721147,BFUCAOZJI9YSKPWOTSHL38D2NGMVRX7Q64IE1,0.083333,0.916667,point_previews/task000012_mu001024_rho070_n0.png
0.7,1024,8,license_plate_bahnschrift.ttf,BFUCAOZJ9Y5KPW0TSHL38D2NGMVRX7Q64IE1,0,3,1,0.595,13.38656,0.735998,0.721147,BFUCAOZJ9YSKPWOTSHL38D2NGMVRX7Q64IE1,0.055556,0.944444,point_previews/task000012_mu001024_rho070_n1.png
0.8,1024,8,license_plate_bahnschrift.ttf,BFUCAOZJ9Y5KPW0TSHL38D2NGMVRX7Q64IE1,0,3,0,0.68,14.310835,0.701998,0.674571,BFUCAOZJI9YSKPWOTSHL38D2NGMVRX7Q64IE1,0.083333,0.916667,point_previews/task000012_mu001024_rho080_n0.png
0.8,1024,8,license_plate_bahnschrift.ttf,BFUCAOZJ9Y5KPW0TSHL38D2NGMVRX7Q64IE1,0,3,1,0.68,14.310835,0.701998,0.674571,BFUCAOZJ9YSKPWOTSHL38D2NGMVRX7Q64IE1,0.055556,0.944444,point_previews/task000012_mu001024_rho080_n1.png
0.9,1024,8,license_plate_bahnschrift.ttf,BFUCAOZJ9Y5KPW0TSHL38D2NGMVRX7Q64IE1,0,3,0,0.765,15.178933,0.668877,0.635992,BFUCAOZJ9YSKPWOTSHL38D2NGMVRX7G64IE1,0.083333,0.916667,point_previews/task000012_mu001024_rho090_n0.png
0.9,1024,8,license_plate_bahnschrift.ttf,BFUCAOZJ9Y5KPW0TSHL38D2NGMVRX7Q64IE1,0,3,1,0.765,15.178933,0.668877,0.635992,BFUCAOZI9YSKPWOTSHL38D2NGMVRX7Q641E1,0.111111,0.888889,point_previews/task000012_mu001024_rho090_n1.png
1.0,1024,8,license_plate_bahnschrift.ttf,BFUCAOZJ9Y5KPW0TSHL38D2NGMVRX7Q64IE1,0,3,0,0.85,16.0,0.63662,0.603355,BFUCAOZJI9YSKPWOTSHL38D2NGMVRX7Q64IE1,0.083333,0.916667,point_previews/task000012_mu001024_rho100_n0.png
1.0,1024,8,license_plate_bahnschrift.ttf,BFUCAOZJ9Y5KPW0TSHL38D2NGMVRX7Q64IE1,0,3,1,0.85,16.0,0.63662,0.603355,BFUCAOZJI9YSKPWOTSHL38D2NGMVRX7Q64IE1,0.083333,0.916667,point_previews/task000012_mu001024_rho100_n1.png
0.1,4096,8,license_plate_bahnschrift.ttf,BFUCAOZJ9Y5KPW0TSHL38D2NGMVRX7Q64IE1,0,3,0,0.085,5.059644,0.959381,1.907975,BFUCAOZI9YSKPWOTSHL3BD2NGMVRX7OS4IET,0.194444,0.805556,point_previews/task000013_mu004096_rho010_n0.png
0.1,4096,8,license_plate_bahnschrift.ttf,BFUCAOZJ9Y5KPW0TSHL38D2NGMVRX7Q64IE1,0,3,1,0.085,5.059644,0.959381,1.907975,BFUCAOZI9YSKPWOTSHL3S8D2NGMVRX7OS64IET,0.194444,0.805556,point_previews/task000013_mu004096_rho010_n1.png
0.2,4096,8,license_plate_bahnschrift.ttf,BFUCAOZJ9Y5KPW0TSHL38D2NGMVRX7Q64IE1,0,3,0,0.17,7.155418,0.919759,1.349142,BFUCAOZI9YSKPWOTSHL38D2NGMVRX7O64IE1,0.111111,0.888889,point_previews/task000013_mu004096_rho020_n0.png
0.2,4096,8,license_plate_bahnschrift.ttf,BFUCAOZJ9Y5KPW0TSHL38D2NGMVRX7Q64IE1,0,3,1,0.17,7.155418,0.919759,1.349142,BFUCAOZI9YSKPWOTSHL3S8D2NGMVRX7Q64IE1,0.111111,0.888889,point_previews/task000013_mu004096_rho020_n1.png
0.3,4096,8,license_plate_bahnschrift.ttf,BFUCAOZJ9Y5KPW0TSHL38D2NGMVRX7Q64IE1,0,3,0,0.255,8.763561,0.881116,1.10157,BFUCAOZI9YSKPWOTSHL38D2NGMVRX7Q64IE1,0.083333,0.916667,point_previews/task000013_mu004096_rho030_n0.png
0.3,4096,8,license_plate_bahnschrift.ttf,BFUCAOZJ9Y5KPW0TSHL38D2NGMVRX7Q64IE1,0,3,1,0.255,8.763561,0.881116,1.10157,BFUCAOZI9YSKPWOTSHL3S8D2NGMVRX7Q64IE1,0.111111,0.888889,point_previews/task000013_mu004096_rho030_n1.png
0.4,4096,8,license_plate_bahnschrift.ttf,BFUCAOZJ9Y5KPW0TSHL38D2NGMVRX7Q64IE1,0,3,0,0.34,10.119289,0.843436,0.953987,BFUCAOZJI9YSKPWOTSHL38D2NGMVRX7Q64IE1,0.083333,0.916667,point_previews/task000013_mu004096_rho040_n0.png
0.4,4096,8,license_plate_bahnschrift.ttf,BFUCAOZJ9Y5KPW0TSHL38D2NGMVRX7Q64IE1,0,3,1,0.34,10.119289,0.843436,0.953987,BFUCAOZJI9YSKPWOTSHL38D2NGMVRX7Q641E1,0.111111,0.888889,point_previews/task000013_mu004096_rho040_n1.png
0.5,4096,8,license_plate_bahnschrift.ttf,BFUCAOZJ9Y5KPW0TSHL38D2NGMVRX7Q64IE1,0,3,0,0.425,11.313708,0.8067,0.853272,BFUCAOZJI9YSKPWOTSHL38D2NGMVRX7Q64IE1,0.083333,0.916667,point_previews/task000013_mu004096_rho050_n0.png
0.5,4096,8,license_plate_bahnschrift.ttf,BFUCAOZJ9Y5KPW0TSHL38D2NGMVRX7Q64IE1,0,3,1,0.425,11.313708,0.8067,0.853272,BFUCAOZI9YSKPWOTSHL38D2NGMVRX7Q64IE1,0.083333,0.916667,point_previews/task000013_mu004096_rho050_n1.png
0.6,4096,8,license_plate_bahnschrift.ttf,BFUCAOZJ9Y5KPW0TSHL38D2NGMVRX7Q64IE1,0,3,0,0.51,12.393547,0.770893,0.778927,BFUCAOZJ9YSKPWOTSHL38D2NGMVRX7Q64IE1,0.055556,0.944444,point_previews/task000013_mu004096_rho060_n0.png
0.6,4096,8,license_plate_bahnschrift.ttf,BFUCAOZJ9Y5KPW0TSHL38D2NGMVRX7Q64IE1,0,3,1,0.51,12.393547,0.770893,0.778927,BFUCAOZJ9YSKPWOTSHL38D2NGMVRX7Q641E1,0.083333,0.916667,point_previews/task000013_mu004096_rho060_n1.png
0.7,4096,8,license_plate_bahnschrift.ttf,BFUCAOZJ9Y5KPW0TSHL38D2NGMVRX7Q64IE1,0,3,0,0.595,13.38656,0.735998,0.721147,BFUCAOZJ9YSKPWOTSHL38D2NGMVRX7Q641E1,0.083333,0.916667,point_previews/task000013_mu004096_rho070_n0.png
0.7,4096,8,license_plate_bahnschrift.ttf,BFUCAOZJ9Y5KPW0TSHL38D2NGMVRX7Q64IE1,0,3,1,0.595,13.38656,0.735998,0.721147,BFUCAOZJ9YSKPWOTSHL38D2NGMVRX7Q64IE1,0.055556,0.944444,point_previews/task000013_mu004096_rho070_n1.png
0.8,4096,8,license_plate_bahnschrift.ttf,BFUCAOZJ9Y5KPW0TSHL38D2NGMVRX7Q64IE1,0,3,0,0.68,14.310835,0.701998,0.674571,BFUCAOZJ9YSKPWOTSHL38D2NGMVRX7Q64IE1,0.055556,0.944444,point_previews/task000013_mu004096_rho080_n0.png
0.8,4096,8,license_plate_bahnschrift.ttf,BFUCAOZJ9Y5KPW0TSHL38D2NGMVRX7Q64IE1,0,3,1,0.68,14.310835,0.701998,0.674571,BFUCAOZJ9YSKPWOTSHL38D2NGMVRX7Q64IE1,0.055556,0.944444,point_previews/task000013_mu004096_rho080_n1.png
0.9,4096,8,license_plate_bahnschrift.ttf,BFUCAOZJ9Y5KPW0TSHL38D2NGMVRX7Q64IE1,0,3,0,0.765,15.178933,0.668877,0.635992,BFUCAOZJ9YSKPWOTSHL38D2NGMVRX7G64IE1,0.083333,0.916667,point_previews/task000013_mu004096_rho090_n0.png
0.9,4096,8,license_plate_bahnschrift.ttf,BFUCAOZJ9Y5KPW0TSHL38D2NGMVRX7Q64IE1,0,3,1,0.765,15.178933,0.668877,0.635992,BFUCAOZJI9YSKPWOTSHL38D2NGMVRX7Q64IE1,0.083333,0.916667,point_previews/task000013_mu004096_rho090_n1.png
1.0,4096,8,license_plate_bahnschrift.ttf,BFUCAOZJ9Y5KPW0TSHL38D2NGMVRX7Q64IE1,0,3,0,0.85,16.0,0.63662,0.603355,BFUCAOZJ9YSKPWOTSHL38D2NGMVRX7Q64IE1,0.055556,0.944444,point_previews/task000013_mu004096_rho100_n0.png
1.0,4096,8,license_plate_bahnschrift.ttf,BFUCAOZJ9Y5KPW0TSHL38D2NGMVRX7Q64IE1,0,3,1,0.85,16.0,0.63662,0.603355,BFUCAOZJI9YSKPWOTSHL38D2NGMVRX7Q64IE1,0.083333,0.916667,point_previews/task000013_mu004096_rho100_n1.png
0.1,16384,8,license_plate_bahnschrift.ttf,BFUCAOZJ9Y5KPW0TSHL38D2NGMVRX7Q64IE1,0,3,0,0.085,5.059644,0.959381,1.907975,BFUCAODZI9YSKPWOTSHL3BD2NGMVRX7QOS64IE1,0.194444,0.805556,point_previews/task000014_mu016384_rho010_n0.png
0.1,16384,8,license_plate_bahnschrift.ttf,BFUCAOZJ9Y5KPW0TSHL38D2NGMVRX7Q64IE1,0,3,1,0.085,5.059644,0.959381,1.907975,BFUCAOZI9YSKPWOTSHL3BD2NGMVRX7OS64IE1,0.166667,0.833333,point_previews/task000014_mu016384_rho010_n1.png
0.2,16384,8,license_plate_bahnschrift.ttf,BFUCAOZJ9Y5KPW0TSHL38D2NGMVRX7Q64IE1,0,3,0,0.17,7.155418,0.919759,1.349142,BFUCAOZI9YSKPWOTSHL38D2NGMVRX7Q64IE1,0.083333,0.916667,point_previews/task000014_mu016384_rho020_n0.png
0.2,16384,8,license_plate_bahnschrift.ttf,BFUCAOZJ9Y5KPW0TSHL38D2NGMVRX7Q64IE1,0,3,1,0.17,7.155418,0.919759,1.349142,BFUCAOZI9YSKPWOTSHL38D2NGMVRX7Q64IE1,0.083333,0.916667,point_previews/task000014_mu016384_rho020_n1.png
0.3,16384,8,license_plate_bahnschrift.ttf,BFUCAOZJ9Y5KPW0TSHL38D2NGMVRX7Q64IE1,0,3,0,0.255,8.763561,0.881116,1.10157,BFUCAOZJI9YSKPWOTSHL3S8D2NGMVRX7Q64IE1,0.111111,0.888889,point_previews/task000014_mu016384_rho030_n0.png
0.3,16384,8,license_plate_bahnschrift.ttf,BFUCAOZJ9Y5KPW0TSHL38D2NGMVRX7Q64IE1,0,3,1,0.255,8.763561,0.881116,1.10157,BFUCAOZI9YSKPWOTSHL38D2NGMVRX7Q641E1,0.111111,0.888889,point_previews/task000014_mu016384_rho030_n1.png
0.4,16384,8,license_plate_bahnschrift.ttf,BFUCAOZJ9Y5KPW0TSHL38D2NGMVRX7Q64IE1,0,3,0,0.34,10.119289,0.843436,0.953987,BFUCAOZJI9YSKPWOTSHL38D2NGMYVRX7Q64IE1,0.111111,0.888889,point_previews/task000014_mu016384_rho040_n0.png
0.4,16384,8,license_plate_bahnschrift.ttf,BFUCAOZJ9Y5KPW0TSHL38D2NGMVRX7Q64IE1,0,3,1,0.34,10.119289,0.843436,0.953987,BFUCAOZJI9YSKPWOTSHL38D2NGMYVRX7Q641E1,0.138889,0.861111,point_previews/task000014_mu016384_rho040_n1.png
0.5,16384,8,license_plate_bahnschrift.ttf,BFUCAOZJ9Y5KPW0TSHL38D2NGMVRX7Q64IE1,0,3,0,0.425,11.313708,0.8067,0.853272,BFUCAOZJI9YSKPWOTSHL3S8D2NGMVRX7Q641E1,0.138889,0.861111,point_previews/task000014_mu016384_rho050_n0.png
0.5,16384,8,license_plate_bahnschrift.ttf,BFUCAOZJ9Y5KPW0TSHL38D2NGMVRX7Q64IE1,0,3,1,0.425,11.313708,0.8067,0.853272,BFUCAOZJI9YSKPWOTSHL38D2NGMVRX7Q64IE1,0.083333,0.916667,point_previews/task000014_mu016384_rho050_n1.png
0.6,16384,8,license_plate_bahnschrift.ttf,BFUCAOZJ9Y5KPW0TSHL38D2NGMVRX7Q64IE1,0,3,0,0.51,12.393547,0.770893,0.778927,BFUCAOZJ9YSKPWOTSHL38D2NGMVRX7Q641E1,0.083333,0.916667,point_previews/task000014_mu016384_rho060_n0.png
0.6,16384,8,license_plate_bahnschrift.ttf,BFUCAOZJ9Y5KPW0TSHL38D2NGMVRX7Q64IE1,0,3,1,0.51,12.393547,0.770893,0.778927,BFUCAOZJ9YSKPWOTSHL38D2NGMVRX7Q641E1,0.083333,0.916667,point_previews/task000014_mu016384_rho060_n1.png
0.7,16384,8,license_plate_bahnschrift.ttf,BFUCAOZJ9Y5KPW0TSHL38D2NGMVRX7Q64IE1,0,3,0,0.595,13.38656,0.735998,0.721147,BFUCAOZJ9YSKPWOTSHL38D2NGMVRX7Q64IE1,0.055556,0.944444,point_previews/task000014_mu016384_rho070_n0.png
0.7,16384,8,license_plate_bahnschrift.ttf,BFUCAOZJ9Y5KPW0TSHL38D2NGMVRX7Q64IE1,0,3,1,0.595,13.38656,0.735998,0.721147,BFUCAOZJ9YSKPWOTSHL38D2NGMVRX7Q64IE1,0.055556,0.944444,point_previews/task000014_mu016384_rho070_n1.png
0.8,16384,8,license_plate_bahnschrift.ttf,BFUCAOZJ9Y5KPW0TSHL38D2NGMVRX7Q64IE1,0,3,0,0.68,14.310835,0.701998,0.674571,BFUCAOZJ9YSKPWOTSHL38D2NGMVRX7Q641E1,0.083333,0.916667,point_previews/task000014_mu016384_rho080_n0.png
0.8,16384,8,license_plate_bahnschrift.ttf,BFUCAOZJ9Y5KPW0TSHL38D2NGMVRX7Q64IE1,0,3,1,0.68,14.310835,0.701998,0.674571,BFUCAOZJ9YSKPWOTSHL38D2NGMVRX7Q64IE1,0.055556,0.944444,point_previews/task000014_mu016384_rho080_n1.png
0.9,16384,8,license_plate_bahnschrift.ttf,BFUCAOZJ9Y5KPW0TSHL38D2NGMVRX7Q64IE1,0,3,0,0.765,15.178933,0.668877,0.635992,BFUCAOZJ9YSKPWOTSHL38D2NGMVRX7GQ64IE1,0.083333,0.916667,point_previews/task000014_mu016384_rho090_n0.png
0.9,16384,8,license_plate_bahnschrift.ttf,BFUCAOZJ9Y5KPW0TSHL38D2NGMVRX7Q64IE1,0,3,1,0.765,15.178933,0.668877,0.635992,BFUCAOZJ9YSKPWOTSHL38D2NGMVRX7Q64IE1,0.055556,0.944444,point_previews/task000014_mu016384_rho090_n1.png
1.0,16384,8,license_plate_bahnschrift.ttf,BFUCAOZJ9Y5KPW0TSHL38D2NGMVRX7Q64IE1,0,3,0,0.85,16.0,0.63662,0.603355,BFUCAOZJI9YSKPWOTSHL38D2NGMVRX7Q64IE1,0.083333,0.916667,point_previews/task000014_mu016384_rho100_n0.png
1.0,16384,8,license_plate_bahnschrift.ttf,BFUCAOZJ9Y5KPW0TSHL38D2NGMVRX7Q64IE1,0,3,1,0.85,16.0,0.63662,0.603355,BFUCAOZJI9YSKPWOTSHL38D2NGMVRX7Q641E1,0.111111,0.888889,point_previews/task000014_mu016384_rho100_n1.png
0.1,65536,8,license_plate_bahnschrift.ttf,BFUCAOZJ9Y5KPW0TSHL38D2NGMVRX7Q64IE1,0,3,0,0.085,5.059644,0.959381,1.907975,BFUCAOZI9YSKPWOTSHL38D2NGMVRX7OS64IE1,0.138889,0.861111,point_previews/task000015_mu065536_rho010_n0.png
0.1,65536,8,license_plate_bahnschrift.ttf,BFUCAOZJ9Y5KPW0TSHL38D2NGMVRX7Q64IE1,0,3,1,0.085,5.059644,0.959381,1.907975,BFUCAOZI9YSKPWOTSHL38D2NGMVRX7OS64IE1,0.138889,0.861111,point_previews/task000015_mu065536_rho010_n1.png
0.2,65536,8,license_plate_bahnschrift.ttf,BFUCAOZJ9Y5KPW0TSHL38D2NGMVRX7Q64IE1,0,3,0,0.17,7.155418,0.919759,1.349142,BFUCAOZI9YSKPWOTSHL38D2NGMVRX7Q64IE1,0.083333,0.916667,point_previews/task000015_mu065536_rho020_n0.png
0.2,65536,8,license_plate_bahnschrift.ttf,BFUCAOZJ9Y5KPW0TSHL38D2NGMVRX7Q64IE1,0,3,1,0.17,7.155418,0.919759,1.349142,BFUCAOZI9YSKPWOTSHL38D2NGMVRX7Q64IE1,0.083333,0.916667,point_previews/task000015_mu065536_rho020_n1.png
0.3,65536,8,license_plate_bahnschrift.ttf,BFUCAOZJ9Y5KPW0TSHL38D2NGMVRX7Q64IE1,0,3,0,0.255,8.763561,0.881116,1.10157,BFUCAOZI9YSKPWOTSHL3S8D2NGMYVRX7Q64IE1,0.138889,0.861111,point_previews/task000015_mu065536_rho030_n0.png
0.3,65536,8,license_plate_bahnschrift.ttf,BFUCAOZJ9Y5KPW0TSHL38D2NGMVRX7Q64IE1,0,3,1,0.255,8.763561,0.881116,1.10157,BFUCAOZI9YSKPWOTSHL38D2NGMVRX7Q641E1,0.111111,0.888889,point_previews/task000015_mu065536_rho030_n1.png
0.4,65536,8,license_plate_bahnschrift.ttf,BFUCAOZJ9Y5KPW0TSHL38D2NGMVRX7Q64IE1,0,3,0,0.34,10.119289,0.843436,0.953987,BFUCAOZJI9YSKPWOTSHL38D2NGMVRX7Q641E1,0.111111,0.888889,point_previews/task000015_mu065536_rho040_n0.png
0.4,65536,8,license_plate_bahnschrift.ttf,BFUCAOZJ9Y5KPW0TSHL38D2NGMVRX7Q64IE1,0,3,1,0.34,10.119289,0.843436,0.953987,BFUCAOZJI9YSKPWOTSHL38D2NGMVRX7Q64IE1,0.083333,0.916667,point_previews/task000015_mu065536_rho040_n1.png
0.5,65536,8,license_plate_bahnschrift.ttf,BFUCAOZJ9Y5KPW0TSHL38D2NGMVRX7Q64IE1,0,3,0,0.425,11.313708,0.8067,0.853272,BFUCAOZJ9YSKPWOTSHL38D2NGMVRX7Q641E1,0.083333,0.916667,point_previews/task000015_mu065536_rho050_n0.png
0.5,65536,8,license_plate_bahnschrift.ttf,BFUCAOZJ9Y5KPW0TSHL38D2NGMVRX7Q64IE1,0,3,1,0.425,11.313708,0.8067,0.853272,BFUCAOZJ9YSKPWOTSHL38D2NGMVRX7Q641E1,0.083333,0.916667,point_previews/task000015_mu065536_rho050_n1.png
0.6,65536,8,license_plate_bahnschrift.ttf,BFUCAOZJ9Y5KPW0TSHL38D2NGMVRX7Q64IE1,0,3,0,0.51,12.393547,0.770893,0.778927,BFUCAOZJ9YSKPWOTSHL38D2NGMVRX7Q641E1,0.083333,0.916667,point_previews/task000015_mu065536_rho060_n0.png
0.6,65536,8,license_plate_bahnschrift.ttf,BFUCAOZJ9Y5KPW0TSHL38D2NGMVRX7Q64IE1,0,3,1,0.51,12.393547,0.770893,0.778927,BFUCAOZJ9YSKPWOTSHL38D2NGMVRX7Q641E1,0.083333,0.916667,point_previews/task000015_mu065536_rho060_n1.png
0.7,65536,8,license_plate_bahnschrift.ttf,BFUCAOZJ9Y5KPW0TSHL38D2NGMVRX7Q64IE1,0,3,0,0.595,13.38656,0.735998,0.721147,BFUCAOZJ9YSKPWOTSHL38D2NGMVRX7Q641E1,0.083333,0.916667,point_previews/task000015_mu065536_rho070_n0.png
0.7,65536,8,license_plate_bahnschrift.ttf,BFUCAOZJ9Y5KPW0TSHL38D2NGMVRX7Q64IE1,0,3,1,0.595,13.38656,0.735998,0.721147,BFUCAOZJ9YSKPWOTSHL38D2NGMVRX7Q64IE1,0.055556,0.944444,point_previews/task000015_mu065536_rho070_n1.png
0.8,65536,8,license_plate_bahnschrift.ttf,BFUCAOZJ9Y5KPW0TSHL38D2NGMVRX7Q64IE1,0,3,0,0.68,14.310835,0.701998,0.674571,BFUCAOZJ9YSKPWOTSHL38D2NGMVRX7Q641E1,0.083333,0.916667,point_previews/task000015_mu065536_rho080_n0.png
0.8,65536,8,license_plate_bahnschrift.ttf,BFUCAOZJ9Y5KPW0TSHL38D2NGMVRX7Q64IE1,0,3,1,0.68,14.310835,0.701998,0.674571,BFUCAOZJ9YSKPWOTSHL38D2NGMVRX7Q64IE1,0.055556,0.944444,point_previews/task000015_mu065536_rho080_n1.png
0.9,65536,8,license_plate_bahnschrift.ttf,BFUCAOZJ9Y5KPW0TSHL38D2NGMVRX7Q64IE1,0,3,0,0.765,15.178933,0.668877,0.635992,BFUCAOZJ9YSKPWOTSHL38D2NGMVRX7GQ64IE1,0.083333,0.916667,point_previews/task000015_mu065536_rho090_n0.png
0.9,65536,8,license_plate_bahnschrift.ttf,BFUCAOZJ9Y5KPW0TSHL38D2NGMVRX7Q64IE1,0,3,1,0.765,15.178933,0.668877,0.635992,BFUCAOZJ9YSKPWOTSHL38D2NGMVRX7Q64IE1,0.055556,0.944444,point_previews/task000015_mu065536_rho090_n1.png
1.0,65536,8,license_plate_bahnschrift.ttf,BFUCAOZJ9Y5KPW0TSHL38D2NGMVRX7Q64IE1,0,3,0,0.85,16.0,0.63662,0.603355,BFUCAOZJI9YSKPWOTSHL38D2NGMVRX7Q641E1,0.111111,0.888889,point_previews/task000015_mu065536_rho100_n0.png
1.0,65536,8,license_plate_bahnschrift.ttf,BFUCAOZJ9Y5KPW0TSHL38D2NGMVRX7Q64IE1,0,3,1,0.85,16.0,0.63662,0.603355,BFUCAOZJI9YSKPWOTSHL38D2NGMVRX7Q64IE1,0.083333,0.916667,point_previews/task000015_mu065536_rho100_n1.png
0.1,4,8,license_plate_bahnschrift.ttf,BFUCAOZJ9Y5KPW0TSHL38D2NGMVRX7Q64IE1,0,7,0,0.085,5.059644,0.959381,1.907975,SNBRRRWBR,0.916667,0.083333,point_previews/task000016_mu000004_rho010_n0.png
0.1,4,8,license_plate_bahnschrift.ttf,BFUCAOZJ9Y5KPW0TSHL38D2NGMVRX7Q64IE1,0,7,1,0.085,5.059644,0.959381,1.907975,SSUWRICEEATATP,0.944444,0.055556,point_previews/task000016_mu000004_rho010_n1.png
0.2,4,8,license_plate_bahnschrift.ttf,BFUCAOZJ9Y5KPW0TSHL38D2NGMVRX7Q64IE1,0,7,0,0.17,7.155418,0.919759,1.349142,SFAACASNEDTDK,0.888889,0.111111,point_previews/task000016_mu000004_rho020_n0.png
0.2,4,8,license_plate_bahnschrift.ttf,BFUCAOZJ9Y5KPW0TSHL38D2NGMVRX7Q64IE1,0,7,1,0.17,7.155418,0.919759,1.349142,TSSSREREUNDROPSOCSSRATSER,0.916667,0.083333,point_previews/task000016_mu000004_rho020_n1.png
0.3,4,8,license_plate_bahnschrift.ttf,BFUCAOZJ9Y5KPW0TSHL38D2NGMVRX7Q64IE1,0,7,0,0.255,8.763561,0.881116,1.10157,ERTDADUPPESSE,0.888889,0.111111,point_previews/task000016_mu000004_rho030_n0.png
0.3,4,8,license_plate_bahnschrift.ttf,BFUCAOZJ9Y5KPW0TSHL38D2NGMVRX7Q64IE1,0,7,1,0.255,8.763561,0.881116,1.10157,LREAERETYSPTOORE,0.833333,0.166667,point_previews/task000016_mu000004_rho030_n1.png
0.4,4,8,license_plate_bahnschrift.ttf,BFUCAOZJ9Y5KPW0TSHL38D2NGMVRX7Q64IE1,0,7,0,0.34,10.119289,0.843436,0.953987,SBRWSSRIPNERGUO,0.888889,0.111111,point_previews/task000016_mu000004_rho040_n0.png
0.4,4,8,license_plate_bahnschrift.ttf,BFUCAOZJ9Y5KPW0TSHL38D2NGMVRX7Q64IE1,0,7,1,0.34,10.119289,0.843436,0.953987,RUPSRMRTSBLLP,0.861111,0.138889,point_previews/task000016_mu000004_rho040_n1.png
0.5,4,8,license_plate_bahnschrift.ttf,BFUCAOZJ9Y5KPW0TSHL38D2NGMVRX7Q64IE1,0,7,0,0.425,11.313708,0.8067,0.853272,RHUS,0.944444,0.055556,point_previews/task000016_mu000004_rho050_n0.png
0.5,4,8,license_plate_bahnschrift.ttf,BFUCAOZJ9Y5KPW0TSHL38D2NGMVRX7Q64IE1,0,7,1,0.425,11.313708,0.8067,0.853272,CERIOOPOFSGREDA,0.861111,0.138889,point_previews/task000016_mu000004_rho050_n1.png
0.6,4,8,license_plate_bahnschrift.ttf,BFUCAOZJ9Y5KPW0TSHL38D2NGMVRX7Q64IE1,0,7,0,0.51,12.393547,0.770893,0.778927,BAB,0.944444,0.055556,point_previews/task000016_mu000004_rho060_n0.png
0.6,4,8,license_plate_bahnschrift.ttf,BFUCAOZJ9Y5KPW0TSHL38D2NGMVRX7Q64IE1,0,7,1,0.51,12.393547,0.770893,0.778927,SHSESEEASTLEEEESP,0.944444,0.055556,point_previews/task000016_mu000004_rho060_n1.png
0.7,4,8,license_plate_bahnschrift.ttf,BFUCAOZJ9Y5KPW0TSHL38D2NGMVRX7Q64IE1,0,7,0,0.595,13.38656,0.735998,0.721147,SPASAIEUPASDARNCES,0.833333,0.166667,point_previews/task000016_mu000004_rho070_n0.png
0.7,4,8,license_plate_bahnschrift.ttf,BFUCAOZJ9Y5KPW0TSHL38D2NGMVRX7Q64IE1,0,7,1,0.595,13.38656,0.735998,0.721147,SGETDALTNE2KEABFR,0.916667,0.083333,point_previews/task000016_mu000004_rho070_n1.png
0.8,4,8,license_plate_bahnschrift.ttf,BFUCAOZJ9Y5KPW0TSHL38D2NGMVRX7Q64IE1,0,7,0,0.68,14.310835,0.701998,0.674571,ELERARERTSRDAAPESHEBOPRRMATGSAOT,0.888889,0.111111,point_previews/task000016_mu000004_rho080_n0.png
0.8,4,8,license_plate_bahnschrift.ttf,BFUCAOZJ9Y5KPW0TSHL38D2NGMVRX7Q64IE1,0,7,1,0.68,14.310835,0.701998,0.674571,BSCEPCSETDTAOEANE,0.833333,0.166667,point_previews/task000016_mu000004_rho080_n1.png
0.9,4,8,license_plate_bahnschrift.ttf,BFUCAOZJ9Y5KPW0TSHL38D2NGMVRX7Q64IE1,0,7,0,0.765,15.178933,0.668877,0.635992,RRESBSSSEOTSRKOPEES,0.888889,0.111111,point_previews/task000016_mu000004_rho090_n0.png
0.9,4,8,license_plate_bahnschrift.ttf,BFUCAOZJ9Y5KPW0TSHL38D2NGMVRX7Q64IE1,0,7,1,0.765,15.178933,0.668877,0.635992,SSTPUREDDACNSOEEE,0.916667,0.083333,point_previews/task000016_mu000004_rho090_n1.png
1.0,4,8,license_plate_bahnschrift.ttf,BFUCAOZJ9Y5KPW0TSHL38D2NGMVRX7Q64IE1,0,7,0,0.85,16.0,0.63662,0.603355,LONEWTEPWASTEMURRAE,0.805556,0.194444,point_previews/task000016_mu000004_rho100_n0.png
1.0,4,8,license_plate_bahnschrift.ttf,BFUCAOZJ9Y5KPW0TSHL38D2NGMVRX7Q64IE1,0,7,1,0.85,16.0,0.63662,0.603355,PUNSOTRASAHFP,0.888889,0.111111,point_previews/task000016_mu000004_rho100_n1.png
0.1,16,8,license_plate_bahnschrift.ttf,BFUCAOZJ9Y5KPW0TSHL38D2NGMVRX7Q64IE1,0,7,0,0.085,5.059644,0.959381,1.907975,PMETEESEENENPA,0.916667,0.083333,point_previews/task000017_mu000016_rho010_n0.png
0.1,16,8,license_plate_bahnschrift.ttf,BFUCAOZJ9Y5KPW0TSHL38D2NGMVRX7Q64IE1,0,7,1,0.085,5.059644,0.959381,1.907975,OTEATAMPRRIANPCORSRSNSLLSELM,0.916667,0.083333,point_previews/task000017_mu000016_rho010_n1.png
0.2,16,8,license_plate_bahnschrift.ttf,BFUCAOZJ9Y5KPW0TSHL38D2NGMVRX7Q64IE1,0,7,0,0.17,7.155418,0.919759,1.349142,AEEDSGESSNTTALPGMTEP,0.833333,0.166667,point_previews/task000017_mu000016_rho020_n0.png
0.2,16,8,license_plate_bahnschrift.ttf,BFUCAOZJ9Y5KPW0TSHL38D2NGMVRX7Q64IE1,0,7,1,0.17,7.155418,0.919759,1.349142,EPATIRIRYSSARACPISBRBSESIE,0.861111,0.138889,point_previews/task000017_mu000016_rho020_n1.png
0.3,16,8,license_plate_bahnschrift.ttf,BFUCAOZJ9Y5KPW0TSHL38D2NGMVRX7Q64IE1,0,7,0,0.255,8.763561,0.881116,1.10157,SBPECEESVSRPMOTTAANHOMYARGI,0.861111,0.138889,point_previews/task000017_mu000016_rho030_n0.png
0.3,16,8,license_plate_bahnschrift.ttf,BFUCAOZJ9Y5KPW0TSHL38D2NGMVRX7Q64IE1,0,7,1,0.255,8.763561,0.881116,1.10157,BEUCAGZISIEMHSTSHESRBENGRVAREGEF,0.666667,0.333333,point_previews/task000017_mu000016_rho030_n1.png
0.4,16,8,license_plate_bahnschrift.ttf,BFUCAOZJ9Y5KPW0TSHL38D2NGMVRX7Q64IE1,0,7,0,0.34,10.119289,0.843436,0.953987,BELICADSIPYSERVATSHEIAD2NTSHVANYRLOEF,0.722222,0.277778,point_previews/task000017_mu000016_rho040_n0.png
0.4,16,8,license_plate_bahnschrift.ttf,BFUCAOZJ9Y5KPW0TSHL38D2NGMVRX7Q64IE1,0,7,1,0.34,10.119289,0.843436,0.953987,,1.0,0.0,point_previews/task000017_mu000016_rho040_n1.png
0.5,16,8,license_plate_bahnschrift.ttf,BFUCAOZJ9Y5KPW0TSHL38D2NGMVRX7Q64IE1,0,7,0,0.425,11.313708,0.8067,0.853272,BRICAUZYEROWHTSHESBANGMUAREE,0.638889,0.361111,point_previews/task000017_mu000016_rho050_n0.png
0.5,16,8,license_plate_bahnschrift.ttf,BFUCAOZJ9Y5KPW0TSHL38D2NGMVRX7Q64IE1,0,7,1,0.425,11.313708,0.8067,0.853272,,1.0,0.0,point_previews/task000017_mu000016_rho050_n1.png
0.6,16,8,license_plate_bahnschrift.ttf,BFUCAOZJ9Y5KPW0TSHL38D2NGMVRX7Q64IE1,0,7,0,0.51,12.393547,0.770893,0.778927,BEUCKOZIHYSKPWITSHESBLEANGMYRXTOAGIET,0.5,0.5,point_previews/task000017_mu000016_rho060_n0.png
0.6,16,8,license_plate_bahnschrift.ttf,BFUCAOZJ9Y5KPW0TSHL38D2NGMVRX7Q64IE1,0,7,1,0.51,12.393547,0.770893,0.778927,BEUCABLITSRPWOTSHUSADENGMYRXOSSIES,0.527778,0.472222,point_previews/task000017_mu000016_rho060_n1.png
0.7,16,8,license_plate_bahnschrift.ttf,BFUCAOZJ9Y5KPW0TSHL38D2NGMVRX7Q64IE1,0,7,0,0.595,13.38656,0.735998,0.721147,,1.0,0.0,point_previews/task000017_mu000016_rho070_n0.png
0.7,16,8,license_plate_bahnschrift.ttf,BFUCAOZJ9Y5KPW0TSHL38D2NGMVRX7Q64IE1,0,7,1,0.595,13.38656,0.735998,0.721147,BEUCAOZISVEKPWEISHEABDANGKYVRNTQSED,0.527778,0.472222,point_previews/task000017_mu000016_rho070_n1.png
0.8,16,8,license_plate_bahnschrift.ttf,BFUCAOZJ9Y5KPW0TSHL38D2NGMVRX7Q64IE1,0,7,0,0.68,14.310835,0.701998,0.674571,BEGOADZSHY5KPWOTSHLRBDINGMYRXTOSEIET,0.444444,0.555556,point_previews/task000017_mu000016_rho080_n0.png
0.8,16,8,license_plate_bahnschrift.ttf,BFUCAOZJ9Y5KPW0TSHL38D2NGMVRX7Q64IE1,0,7,1,0.68,14.310835,0.701998,0.674571,,1.0,0.0,point_previews/task000017_mu000016_rho080_n1.png
0.9,16,8,license_plate_bahnschrift.ttf,BFUCAOZJ9Y5KPW0TSHL38D2NGMVRX7Q64IE1,0,7,0,0.765,15.178933,0.668877,0.635992,BFUCADZIOYSHEWOTSHESBOZNGMYRITOSASE,0.555556,0.444444,point_previews/task000017_mu000016_rho090_n0.png
0.9,16,8,license_plate_bahnschrift.ttf,BFUCAOZJ9Y5KPW0TSHL38D2NGMVRX7Q64IE1,0,7,1,0.765,15.178933,0.668877,0.635992,,1.0,0.0,point_previews/task000017_mu000016_rho090_n1.png
1.0,16,8,license_plate_bahnschrift.ttf,BFUCAOZJ9Y5KPW0TSHL38D2NGMVRX7Q64IE1,0,7,0,0.85,16.0,0.63662,0.603355,,1.0,0.0,point_previews/task000017_mu000016_rho100_n0.png
1.0,16,8,license_plate_bahnschrift.ttf,BFUCAOZJ9Y5KPW0TSHL38D2NGMVRX7Q64IE1,0,7,1,0.85,16.0,0.63662,0.603355,BFUBAOZE9YSRPWOTSHEIBDINGMVRIXTOLIED,0.416667,0.583333,point_previews/task000017_mu000016_rho100_n1.png
0.1,64,8,license_plate_bahnschrift.ttf,BFUCAOZJ9Y5KPW0TSHL38D2NGMVRX7Q64IE1,0,7,0,0.085,5.059644,0.959381,1.907975,PPDEADZIEYEROUUTSHESRSNGMYRXTHEET,0.666667,0.333333,point_previews/task000018_mu000064_rho010_n0.png
0.1,64,8,license_plate_bahnschrift.ttf,BFUCAOZJ9Y5KPW0TSHL38D2NGMVRX7Q64IE1,0,7,1,0.085,5.059644,0.959381,1.907975,BRURADZISVAKEWOTSHLIBOENGRURRTDSWIEL,0.583333,0.416667,point_previews/task000018_mu000064_rho010_n1.png
0.2,64,8,license_plate_bahnschrift.ttf,BFUCAOZJ9Y5KPW0TSHL38D2NGMVRX7Q64IE1,0,7,0,0.17,7.155418,0.919759,1.349142,,1.0,0.0,point_previews/task000018_mu000064_rho020_n0.png
0.2,64,8,license_plate_bahnschrift.ttf,BFUCAOZJ9Y5KPW0TSHL38D2NGMVRX7Q64IE1,0,7,1,0.17,7.155418,0.919759,1.349142,,1.0,0.0,point_previews/task000018_mu000064_rho020_n1.png
0.3,64,8,license_plate_bahnschrift.ttf,BFUCAOZJ9Y5KPW0TSHL38D2NGMVRX7Q64IE1,0,7,0,0.255,8.763561,0.881116,1.10157,AFUCADZJOYSKEWOTSHL3BD2NGMYRXTOSAIE1,0.333333,0.666667,point_previews/task000018_mu000064_rho030_n0.png
0.3,64,8,license_plate_bahnschrift.ttf,BFUCAOZJ9Y5KPW0TSHL38D2NGMVRX7Q64IE1,0,7,1,0.255,8.763561,0.881116,1.10157,BRUCAOZIOYSKEWOTSHLIBDINGMVRRTOSSIEF,0.416667,0.583333,point_previews/task000018_mu000064_rho030_n1.png
0.4,64,8,license_plate_bahnschrift.ttf,BFUCAOZJ9Y5KPW0TSHL38D2NGMVRX7Q64IE1,0,7,0,0.34,10.119289,0.843436,0.953987,BFUCADZJ9YSKPWOTSHL3802NGNVRX7O6GIE1,0.194444,0.805556,point_previews/task000018_mu000064_rho040_n0.png
0.4,64,8,license_plate_bahnschrift.ttf,BFUCAOZJ9Y5KPW0TSHL38D2NGMVRX7Q64IE1,0,7,1,0.34,10.119289,0.843436,0.953987,BFUCADZI9YSAPWOTSHL38D2NGMYRX7O464IE1,0.222222,0.777778,point_previews/task000018_mu000064_rho040_n1.png
0.5,64,8,license_plate_bahnschrift.ttf,BFUCAOZJ9Y5KPW0TSHL38D2NGMVRX7Q64IE1,0,7,0,0.425,11.313708,0.8067,0.853272,BFUCAOZJ9YSKPWOTSHL3BD2NGMVRXTOSAIET,0.222222,0.777778,point_previews/task000018_mu000064_rho050_n0.png
0.5,64,8,license_plate_bahnschrift.ttf,BFUCAOZJ9Y5KPW0TSHL38D2NGMVRX7Q64IE1,0,7,1,0.425,11.313708,0.8067,0.853272,BFUCAOZ29YSKPWOTSHLIBO2NGMVRXTOSAIED,0.305556,0.694444,point_previews/task000018_mu000064_rho050_n1.png
0.6,64,8,license_plate_bahnschrift.ttf,BFUCAOZJ9Y5KPW0TSHL38D2NGMVRX7Q64IE1,0,7,0,0.51,12.393547,0.770893,0.778927,BFUCAOZI9Y5KPWOTSHL38D2NGMYRX7O44IE7,0.166667,0.833333,point_previews/task000018_mu000064_rho060_n0.png
0.6,64,8,license_plate_bahnschrift.ttf,BFUCAOZJ9Y5KPW0TSHL38D2NGMVRX7Q64IE1,0,7,1,0.51,12.393547,0.770893,0.778927,BFUCAOZJ9Y5KPWOTSHL3BD2NGMVRXTOS4IED,0.166667,0.833333,point_previews/task000018_mu000064_rho060_n1.png
0.7,64,8,license_plate_bahnschrift.ttf,BFUCAOZJ9Y5KPW0TSHL38D2NGMVRX7Q64IE1,0,7,0,0.595,13.38656,0.735998,0.721147,BFUCADZI9YSKPWOTSHL3BD2NGMVRX7O64IE1,0.166667,0.833333,point_previews/task000018_mu000064_rho070_n0.png
0.7,64,8,license_plate_bahnschrift.ttf,BFUCAOZJ9Y5KPW0TSHL38D2NGMVRX7Q64IE1,0,7,1,0.595,13.38656,0.735998,0.721147,BFUCA0ZJ9Y5KPWOTSHLS8D2NGMYRX7064161,0.194444,0.805556,point_previews/task000018_mu000064_rho070_n1.png
0.8,64,8,license_plate_bahnschrift.ttf,BFUCAOZJ9Y5KPW0TSHL38D2NGMVRX7Q64IE1,0,7,0,0.68,14.310835,0.701998,0.674571,BFUCADZJ9Y5KPWOTSHL38D2NGMVRXTOS4IE1,0.138889,0.861111,point_previews/task000018_mu000064_rho080_n0.png
0.8,64,8,license_plate_bahnschrift.ttf,BFUCAOZJ9Y5KPW0TSHL38D2NGMVRX7Q64IE1,0,7,1,0.68,14.310835,0.701998,0.674571,BFUCAOZJ9Y5KPWOTSHL3BD2NGMVRX7O4ZIE1,0.138889,0.861111,point_previews/task000018_mu000064_rho080_n1.png
0.9,64,8,license_plate_bahnschrift.ttf,BFUCAOZJ9Y5KPW0TSHL38D2NGMVRX7Q64IE1,0,7,0,0.765,15.178933,0.668877,0.635992,BFUCAOZJ9Y5KPWOTSHL3802NGMVRX7O441E1,0.138889,0.861111,point_previews/task000018_mu000064_rho090_n0.png
0.9,64,8,license_plate_bahnschrift.ttf,BFUCAOZJ9Y5KPW0TSHL38D2NGMVRX7Q64IE1,0,7,1,0.765,15.178933,0.668877,0.635992,BFUCAOZJ9YSKPWOTSHL38D2NGMVRX7Q641E1,0.083333,0.916667,point_previews/task000018_mu000064_rho090_n1.png
1.0,64,8,license_plate_bahnschrift.ttf,BFUCAOZJ9Y5KPW0TSHL38D2NGMVRX7Q64IE1,0,7,0,0.85,16.0,0.63662,0.603355,BFUCA0ZJ9YSKPWOTSHL3BD2NGMVRX70661E,0.222222,0.777778,point_previews/task000018_mu000064_rho100_n0.png
1.0,64,8,license_plate_bahnschrift.ttf,BFUCAOZJ9Y5KPW0TSHL38D2NGMVRX7Q64IE1,0,7,1,0.85,16.0,0.63662,0.603355,BFUCAOZJ9YSKPWOTSHL3BD2NGMVRX7Q64IE,0.111111,0.888889,point_previews/task000018_mu000064_rho100_n1.png
0.1,256,8,license_plate_bahnschrift.ttf,BFUCAOZJ9Y5KPW0TSHL38D2NGMVRX7Q64IE1,0,7,0,0.085,5.059644,0.959381,1.907975,BFUCADZJ9YSKPWOTSHLZBD2NGMYRX7O64IE7,0.222222,0.777778,point_previews/task000019_mu000256_rho010_n0.png
0.1,256,8,license_plate_bahnschrift.ttf,BFUCAOZJ9Y5KPW0TSHL38D2NGMVRX7Q64IE1,0,7,1,0.085,5.059644,0.959381,1.907975,BFUCADZJ9YSKPWOTSHLZBD2NGMVRXTOSSIET,0.277778,0.722222,point_previews/task000019_mu000256_rho010_n1.png
0.2,256,8,license_plate_bahnschrift.ttf,BFUCAOZJ9Y5KPW0TSHL38D2NGMVRX7Q64IE1,0,7,0,0.17,7.155418,0.919759,1.349142,BFUCADZI9YSKPWOTSHL3BD2NGMYRX7OS4IE1,0.222222,0.777778,point_previews/task000019_mu000256_rho020_n0.png
0.2,256,8,license_plate_bahnschrift.ttf,BFUCAOZJ9Y5KPW0TSHL38D2NGMVRX7Q64IE1,0,7,1,0.17,7.155418,0.919759,1.349142,BFUCADZJ9YSKPWOTSHL3802NGMVRX7OS4IE1,0.166667,0.833333,point_previews/task000019_mu000256_rho020_n1.png
0.3,256,8,license_plate_bahnschrift.ttf,BFUCAOZJ9Y5KPW0TSHL38D2NGMVRX7Q64IE1,0,7,0,0.255,8.763561,0.881116,1.10157,BFUCADZI9YSKPWOTSHL3BD2Z2NGMVRX7O64IE1,0.222222,0.777778,point_previews/task000019_mu000256_rho030_n0.png
0.3,256,8,license_plate_bahnschrift.ttf,BFUCAOZJ9Y5KPW0TSHL38D2NGMVRX7Q64IE1,0,7,1,0.255,8.763561,0.881116,1.10157,BFUCAOZI9YSKPWOTSHL3BD2NGMVRX7OS4IE,0.194444,0.805556,point_previews/task000019_mu000256_rho030_n1.png
0.4,256,8,license_plate_bahnschrift.ttf,BFUCAOZJ9Y5KPW0TSHL38D2NGMVRX7Q64IE1,0,7,0,0.34,10.119289,0.843436,0.953987,BFUCAOZI9YS5KPWOTSHL38D2NGMVRX7O64IE1,0.111111,0.888889,point_previews/task000019_mu000256_rho040_n0.png
0.4,256,8,license_plate_bahnschrift.ttf,BFUCAOZJ9Y5KPW0TSHL38D2NGMVRX7Q64IE1,0,7,1,0.34,10.119289,0.843436,0.953987,BFUCAOZI9Y5KPWOTSHL38D2NGMYVRX7QO641E1,0.138889,0.861111,point_previews/task000019_mu000256_rho040_n1.png
0.5,256,8,license_plate_bahnschrift.ttf,BFUCAOZJ9Y5KPW0TSHL38D2NGMVRX7Q64IE1,0,7,0,0.425,11.313708,0.8067,0.853272,BFUCAOZI9Y5KPWOTSHL3BD2NGMVRX7O64IE1,0.111111,0.888889,point_previews/task000019_mu000256_rho050_n0.png
0.5,256,8,license_plate_bahnschrift.ttf,BFUCAOZJ9Y5KPW0TSHL38D2NGMVRX7Q64IE1,0,7,1,0.425,11.313708,0.8067,0.853272,BFUCAOZJI9YSKPWOTSHL38D2NGMVRX7OS64IE1,0.138889,0.861111,point_previews/task000019_mu000256_rho050_n1.png
0.6,256,8,license_plate_bahnschrift.ttf,BFUCAOZJ9Y5KPW0TSHL38D2NGMVRX7Q64IE1,0,7,0,0.51,12.393547,0.770893,0.778927,BFUCAOZI9Y5KPWOTSHL3BD2NGMYVRX7G64IE1,0.138889,0.861111,point_previews/task000019_mu000256_rho060_n0.png
0.6,256,8,license_plate_bahnschrift.ttf,BFUCAOZJ9Y5KPW0TSHL38D2NGMVRX7Q64IE1,0,7,1,0.51,12.393547,0.770893,0.778927,BFUCAOZJ9Y5KPWOTSHL38D2NGMVRX7Q641E1,0.055556,0.944444,point_previews/task000019_mu000256_rho060_n1.png
0.7,256,8,license_plate_bahnschrift.ttf,BFUCAOZJ9Y5KPW0TSHL38D2NGMVRX7Q64IE1,0,7,0,0.595,13.38656,0.735998,0.721147,BFUCAOZI9YSKPWOTSHL38D2NGMVRX7Q641E1,0.111111,0.888889,point_previews/task000019_mu000256_rho070_n0.png
0.7,256,8,license_plate_bahnschrift.ttf,BFUCAOZJ9Y5KPW0TSHL38D2NGMVRX7Q64IE1,0,7,1,0.595,13.38656,0.735998,0.721147,BFUCAOZI9YSKPWOTSHL38D2Z2NGMVRX7QO64IE1,0.166667,0.833333,point_previews/task000019_mu000256_rho070_n1.png
0.8,256,8,license_plate_bahnschrift.ttf,BFUCAOZJ9Y5KPW0TSHL38D2NGMVRX7Q64IE1,0,7,0,0.68,14.310835,0.701998,0.674571,BFUCAOZI9YSKPWOTSHL38D2NGMVRX7Q64IE1,0.083333,0.916667,point_previews/task000019_mu000256_rho080_n0.png
0.8,256,8,license_plate_bahnschrift.ttf,BFUCAOZJ9Y5KPW0TSHL38D2NGMVRX7Q64IE1,0,7,1,0.68,14.310835,0.701998,0.674571,BFUCAOZJI9YSKPWOTSHL38D2NGMVRX7O64IE1,0.111111,0.888889,point_previews/task000019_mu000256_rho080_n1.png
0.9,256,8,license_plate_bahnschrift.ttf,BFUCAOZJ9Y5KPW0TSHL38D2NGMVRX7Q64IE1,0,7,0,0.765,15.178933,0.668877,0.635992,BFUCAOZJ9YSKPWOTSHL38D2NGMVRX7Q64IE1,0.055556,0.944444,point_previews/task000019_mu000256_rho090_n0.png
0.9,256,8,license_plate_bahnschrift.ttf,BFUCAOZJ9Y5KPW0TSHL38D2NGMVRX7Q64IE1,0,7,1,0.765,15.178933,0.668877,0.635992,BFUCAOZI9YSKPWOTSHL38D2NGMVRX7Q64IE1,0.083333,0.916667,point_previews/task000019_mu000256_rho090_n1.png
1.0,256,8,license_plate_bahnschrift.ttf,BFUCAOZJ9Y5KPW0TSHL38D2NGMVRX7Q64IE1,0,7,0,0.85,16.0,0.63662,0.603355,BFUCAOZJ9Y5KPWOTSHL38D2NGMVRX7Q641E1,0.055556,0.944444,point_previews/task000019_mu000256_rho100_n0.png
1.0,256,8,license_plate_bahnschrift.ttf,BFUCAOZJ9Y5KPW0TSHL38D2NGMVRX7Q64IE1,0,7,1,0.85,16.0,0.63662,0.603355,BFUCAOZIJ9YSKPWOTSHL38D2NGMVRX7Q64E1,0.111111,0.888889,point_previews/task000019_mu000256_rho100_n1.png
0.1,1024,8,license_plate_bahnschrift.ttf,BFUCAOZJ9Y5KPW0TSHL38D2NGMVRX7Q64IE1,0,7,0,0.085,5.059644,0.959381,1.907975,BFUCADZI9Y5KPWOTSHL3BD2NGMYVRX7OS4IE1,0.194444,0.805556,point_previews/task000020_mu001024_rho010_n0.png
0.1,1024,8,license_plate_bahnschrift.ttf,BFUCAOZJ9Y5KPW0TSHL38D2NGMVRX7Q64IE1,0,7,1,0.085,5.059644,0.959381,1.907975,BFUCADZI9YS5KPWOTSHL3BD2NGMVRX7OS4IE1,0.194444,0.805556,point_previews/task000020_mu001024_rho010_n1.png
0.2,1024,8,license_plate_bahnschrift.ttf,BFUCAOZJ9Y5KPW0TSHL38D2NGMVRX7Q64IE1,0,7,0,0.17,7.155418,0.919759,1.349142,BFUCAODZI9YSKPWOTSHL3BD2NGMYVRX7O641E1,0.222222,0.777778,point_previews/task000020_mu001024_rho020_n0.png
0.2,1024,8,license_plate_bahnschrift.ttf,BFUCAOZJ9Y5KPW0TSHL38D2NGMVRX7Q64IE1,0,7,1,0.17,7.155418,0.919759,1.349142,BFUCAOZI9Y5KPWOTSHL3BD2NGMVRX7OS41E1,0.166667,0.833333,point_previews/task000020_mu001024_rho020_n1.png
0.3,1024,8,license_plate_bahnschrift.ttf,BFUCAOZJ9Y5KPW0TSHL38D2NGMVRX7Q64IE1,0,7,0,0.255,8.763561,0.881116,1.10157,BFUCAOZI9Y5KPWOTSHL3BD2NGMYVRX7O64IE1,0.138889,0.861111,point_previews/task000020_mu001024_rho030_n0.png
0.3,1024,8,license_plate_bahnschrift.ttf,BFUCAOZJ9Y5KPW0TSHL38D2NGMVRX7Q64IE1,0,7,1,0.255,8.763561,0.881116,1.10157,BFUCAOZI9Y5KPWOTSHL3B8D2NGMVRX7Q64IE1,0.083333,0.916667,point_previews/task000020_mu001024_rho030_n1.png
0.4,1024,8,license_plate_bahnschrift.ttf,BFUCAOZJ9Y5KPW0TSHL38D2NGMVRX7Q64IE1,0,7,0,0.34,10.119289,0.843436,0.953987,BFUCAODZI9Y5KPWOTSHL3BD2NGMVRX7Q641E1,0.138889,0.861111,point_previews/task000020_mu001024_rho040_n0.png
0.4,1024,8,license_plate_bahnschrift.ttf,BFUCAOZJ9Y5KPW0TSHL38D2NGMVRX7Q64IE1,0,7,1,0.34,10.119289,0.843436,0.953987,BFUCADZJI9Y5KPWOTSHL38D2NGMVRX7QO641E1,0.138889,0.861111,point_previews/task000020_mu001024_rho040_n1.png
0.5,1024,8,license_plate_bahnschrift.ttf,BFUCAOZJ9Y5KPW0TSHL38D2NGMVRX7Q64IE1,0,7,0,0.425,11.313708,0.8067,0.853272,BFUCAOZI9Y5KPWOTSHL38D2NGMVRX7Q641E1,0.083333,0.916667,point_previews/task000020_mu001024_rho050_n0.png
0.5,1024,8,license_plate_bahnschrift.ttf,BFUCAOZJ9Y5KPW0TSHL38D2NGMVRX7Q64IE1,0,7,1,0.425,11.313708,0.8067,0.853272,BFUCAOZI9YSKPWOTSHL38D2NGMVRX7Q64IE1,0.083333,0.916667,point_previews/task000020_mu001024_rho050_n1.png
0.6,1024,8,license_plate_bahnschrift.ttf,BFUCAOZJ9Y5KPW0TSHL38D2NGMVRX7Q64IE1,0,7,0,0.51,12.393547,0.770893,0.778927,BFUCAOZJI9Y5KPWOTSHL38D2NGMVRX7Q64IE1,0.055556,0.944444,point_previews/task000020_mu001024_rho060_n0.png
0.6,1024,8,license_plate_bahnschrift.ttf,BFUCAOZJ9Y5KPW0TSHL38D2NGMVRX7Q64IE1,0,7,1,0.51,12.393547,0.770893,0.778927,BFUCAOZI9Y5KPWOTSHL38D2NGMVRX7Q64IE1,0.055556,0.944444,point_previews/task000020_mu001024_rho060_n1.png
0.7,1024,8,license_plate_bahnschrift.ttf,BFUCAOZJ9Y5KPW0TSHL38D2NGMVRX7Q64IE1,0,7,0,0.595,13.38656,0.735998,0.721147,BFUCAOZI9YSKPWOTSHL38D2NGMVRX7Q64IE1,0.083333,0.916667,point_previews/task000020_mu001024_rho070_n0.png
0.7,1024,8,license_plate_bahnschrift.ttf,BFUCAOZJ9Y5KPW0TSHL38D2NGMVRX7Q64IE1,0,7,1,0.595,13.38656,0.735998,0.721147,BFUCAOZI9YSKPWOTSHL38D2NGMVRX7Q64IE1,0.083333,0.916667,point_previews/task000020_mu001024_rho070_n1.png
0.8,1024,8,license_plate_bahnschrift.ttf,BFUCAOZJ9Y5KPW0TSHL38D2NGMVRX7Q64IE1,0,7,0,0.68,14.310835,0.701998,0.674571,BFUCAOZJ9Y5KPWOTSHL38D2NGMVRX7Q641E1,0.055556,0.944444,point_previews/task000020_mu001024_rho080_n0.png
0.8,1024,8,license_plate_bahnschrift.ttf,BFUCAOZJ9Y5KPW0TSHL38D2NGMVRX7Q64IE1,0,7,1,0.68,14.310835,0.701998,0.674571,BFUCAOZJ9Y5KPWOTSHL38D2NGMVRX7Q64IE1,0.027778,0.972222,point_previews/task000020_mu001024_rho080_n1.png
0.9,1024,8,license_plate_bahnschrift.ttf,BFUCAOZJ9Y5KPW0TSHL38D2NGMVRX7Q64IE1,0,7,0,0.765,15.178933,0.668877,0.635992,BFUCAOZJ9YSKPWOTSHL38D2NGMVRX7Q64IE1,0.055556,0.944444,point_previews/task000020_mu001024_rho090_n0.png
0.9,1024,8,license_plate_bahnschrift.ttf,BFUCAOZJ9Y5KPW0TSHL38D2NGMVRX7Q64IE1,0,7,1,0.765,15.178933,0.668877,0.635992,BFUCAOZJI9YSKPWOTSHL38D2NGMVRX7Q641E1,0.111111,0.888889,point_previews/task000020_mu001024_rho090_n1.png
1.0,1024,8,license_plate_bahnschrift.ttf,BFUCAOZJ9Y5KPW0TSHL38D2NGMVRX7Q64IE1,0,7,0,0.85,16.0,0.63662,0.603355,BFUCAOZJ9YSKPWOTSHL38D2NGMVRX7Q64IE1,0.055556,0.944444,point_previews/task000020_mu001024_rho100_n0.png
1.0,1024,8,license_plate_bahnschrift.ttf,BFUCAOZJ9Y5KPW0TSHL38D2NGMVRX7Q64IE1,0,7,1,0.85,16.0,0.63662,0.603355,BFUCAOZJ9YSKPWOTSHL38D2NGMVRX7Q64IE1,0.055556,0.944444,point_previews/task000020_mu001024_rho100_n1.png
0.1,4096,8,license_plate_bahnschrift.ttf,BFUCAOZJ9Y5KPW0TSHL38D2NGMVRX7Q64IE1,0,7,0,0.085,5.059644,0.959381,1.907975,BFUCADZJ9Y5KPWOTSHL3BD2NGMVRX7OS41E1,0.166667,0.833333,point_previews/task000021_mu004096_rho010_n0.png
0.1,4096,8,license_plate_bahnschrift.ttf,BFUCAOZJ9Y5KPW0TSHL38D2NGMVRX7Q64IE1,0,7,1,0.085,5.059644,0.959381,1.907975,BFUCADZJ9Y5KPWOTSHL3BD2NGMVRX7OS4IE1,0.138889,0.861111,point_previews/task000021_mu004096_rho010_n1.png
0.2,4096,8,license_plate_bahnschrift.ttf,BFUCAOZJ9Y5KPW0TSHL38D2NGMVRX7Q64IE1,0,7,0,0.17,7.155418,0.919759,1.349142,BFUCAODZI9Y5KPWOTSHL3BD2NGMYVRX7OS4IE1,0.194444,0.805556,point_previews/task000021_mu004096_rho020_n0.png
0.2,4096,8,license_plate_bahnschrift.ttf,BFUCAOZJ9Y5KPW0TSHL38D2NGMVRX7Q64IE1,0,7,1,0.17,7.155418,0.919759,1.349142,BFUCAODZI9Y5KPWOTSHL3BD2NGMYVRX7O64IE1,0.166667,0.833333,point_previews/task000021_mu004096_rho020_n1.png
0.3,4096,8,license_plate_bahnschrift.ttf,BFUCAOZJ9Y5KPW0TSHL38D2NGMVRX7Q64IE1,0,7,0,0.255,8.763561,0.881116,1.10157,BFUCAODZI9Y5KPWOTSHL3BD2NGMVRX7Q64IE1,0.111111,0.888889,point_previews/task000021_mu004096_rho030_n0.png
0.3,4096,8,license_plate_bahnschrift.ttf,BFUCAOZJ9Y5KPW0TSHL38D2NGMVRX7Q64IE1,0,7,1,0.255,8.763561,0.881116,1.10157,BFUCAOZI9Y5KPWOTSHL38D2NGMVRX7Q64IE1,0.055556,0.944444,point_previews/task000021_mu004096_rho030_n1.png
0.4,4096,8,license_plate_bahnschrift.ttf,BFUCAOZJ9Y5KPW0TSHL38D2NGMVRX7Q64IE1,0,7,0,0.34,10.119289,0.843436,0.953987,BFUCAOZI9Y5KPWOTSHL38D2NGMVRX7Q64IE1,0.055556,0.944444,point_previews/task000021_mu004096_rho040_n0.png
0.4,4096,8,license_plate_bahnschrift.ttf,BFUCAOZJ9Y5KPW0TSHL38D2NGMVRX7Q64IE1,0,7,1,0.34,10.119289,0.843436,0.953987,BFUCAODZI9Y5KPWOTSHL38D2NGMVRX7Q64IE1,0.083333,0.916667,point_previews/task000021_mu004096_rho040_n1.png
0.5,4096,8,license_plate_bahnschrift.ttf,BFUCAOZJ9Y5KPW0TSHL38D2NGMVRX7Q64IE1,0,7,0,0.425,11.313708,0.8067,0.853272,BFUCAOZI9YSKPWOTSHL38D2NGMVRX7Q64IE1,0.083333,0.916667,point_previews/task000021_mu004096_rho050_n0.png
0.5,4096,8,license_plate_bahnschrift.ttf,BFUCAOZJ9Y5KPW0TSHL38D2NGMVRX7Q64IE1,0,7,1,0.425,11.313708,0.8067,0.853272,BFUCAOZI9Y5KPWOTSHL38D2NGMVRX7Q64IE1,0.055556,0.944444,point_previews/task000021_mu004096_rho050_n1.png
0.6,4096,8,license_plate_bahnschrift.ttf,BFUCAOZJ9Y5KPW0TSHL38D2NGMVRX7Q64IE1,0,7,0,0.51,12.393547,0.770893,0.778927,BFUCAOZI9Y5KPWOTSHL38D2NGMVRX7Q64IE1,0.055556,0.944444,point_previews/task000021_mu004096_rho060_n0.png
0.6,4096,8,license_plate_bahnschrift.ttf,BFUCAOZJ9Y5KPW0TSHL38D2NGMVRX7Q64IE1,0,7,1,0.51,12.393547,0.770893,0.778927,BFUCAOZJ9Y5KPWOTSHL38D2NGMVRX7Q64IE1,0.027778,0.972222,point_previews/task000021_mu004096_rho060_n1.png
0.7,4096,8,license_plate_bahnschrift.ttf,BFUCAOZJ9Y5KPW0TSHL38D2NGMVRX7Q64IE1,0,7,0,0.595,13.38656,0.735998,0.721147,BFUCAOZI9YS5KPWOTSHL38D2NGMVRX7Q64IE1,0.083333,0.916667,point_previews/task000021_mu004096_rho070_n0.png
0.7,4096,8,license_plate_bahnschrift.ttf,BFUCAOZJ9Y5KPW0TSHL38D2NGMVRX7Q64IE1,0,7,1,0.595,13.38656,0.735998,0.721147,BFUCAOZI9YSKPWOTSHL38D2NGMVRX7Q64IE1,0.083333,0.916667,point_previews/task000021_mu004096_rho070_n1.png
0.8,4096,8,license_plate_bahnschrift.ttf,BFUCAOZJ9Y5KPW0TSHL38D2NGMVRX7Q64IE1,0,7,0,0.68,14.310835,0.701998,0.674571,BFUCAOZJ9YSKPWOTSHL38D2NGMVRX7Q64IE1,0.055556,0.944444,point_previews/task000021_mu004096_rho080_n0.png
0.8,4096,8,license_plate_bahnschrift.ttf,BFUCAOZJ9Y5KPW0TSHL38D2NGMVRX7Q64IE1,0,7,1,0.68,14.310835,0.701998,0.674571,BFUCAOZJ9Y5KPWOTSHL38D2NGMVRX7Q64IE1,0.027778,0.972222,point_previews/task000021_mu004096_rho080_n1.png
0.9,4096,8,license_plate_bahnschrift.ttf,BFUCAOZJ9Y5KPW0TSHL38D2NGMVRX7Q64IE1,0,7,0,0.765,15.178933,0.668877,0.635992,BFUCAOZJ9YSKPWOTSHL38D2NGMVRX7Q64IE1,0.055556,0.944444,point_previews/task000021_mu004096_rho090_n0.png
0.9,4096,8,license_plate_bahnschrift.ttf,BFUCAOZJ9Y5KPW0TSHL38D2NGMVRX7Q64IE1,0,7,1,0.765,15.178933,0.668877,0.635992,BFUCAOZJ9YSKPWOTSHL38D2NGMVRX7Q64IE1,0.055556,0.944444,point_previews/task000021_mu004096_rho090_n1.png
1.0,4096,8,license_plate_bahnschrift.ttf,BFUCAOZJ9Y5KPW0TSHL38D2NGMVRX7Q64IE1,0,7,0,0.85,16.0,0.63662,0.603355,BFUCAOZJ9YSKPWOTSHL38D2NGMVRX7Q64IE1,0.055556,0.944444,point_previews/task000021_mu004096_rho100_n0.png
1.0,4096,8,license_plate_bahnschrift.ttf,BFUCAOZJ9Y5KPW0TSHL38D2NGMVRX7Q64IE1,0,7,1,0.85,16.0,0.63662,0.603355,BFUCAOZJ9YSKPWOTSHL38D2NGMVRX7Q64IE1,0.055556,0.944444,point_previews/task000021_mu004096_rho100_n1.png
0.1,16384,8,license_plate_bahnschrift.ttf,BFUCAOZJ9Y5KPW0TSHL38D2NGMVRX7Q64IE1,0,7,0,0.085,5.059644,0.959381,1.907975,BFUCADZJ9Y5KPWOTSHL3BD2NGMVRX7QOS41E1,0.166667,0.833333,point_previews/task000022_mu016384_rho010_n0.png
0.1,16384,8,license_plate_bahnschrift.ttf,BFUCAOZJ9Y5KPW0TSHL38D2NGMVRX7Q64IE1,0,7,1,0.085,5.059644,0.959381,1.907975,BFUCADZJ9Y5KPWOTSHL3BD2NGMVRX7QOS4IE1,0.138889,0.861111,point_previews/task000022_mu016384_rho010_n1.png
0.2,16384,8,license_plate_bahnschrift.ttf,BFUCAOZJ9Y5KPW0TSHL38D2NGMVRX7Q64IE1,0,7,0,0.17,7.155418,0.919759,1.349142,BFUCAOZI9Y5KPWOTSHL3BD2NGMVRX7QO641E1,0.138889,0.861111,point_previews/task000022_mu016384_rho020_n0.png
0.2,16384,8,license_plate_bahnschrift.ttf,BFUCAOZJ9Y5KPW0TSHL38D2NGMVRX7Q64IE1,0,7,1,0.17,7.155418,0.919759,1.349142,BFUCAOZIJ9Y5KPWOTSHL3BD2NGMVRX7QO64IE1,0.111111,0.888889,point_previews/task000022_mu016384_rho020_n1.png
0.3,16384,8,license_plate_bahnschrift.ttf,BFUCAOZJ9Y5KPW0TSHL38D2NGMVRX7Q64IE1,0,7,0,0.255,8.763561,0.881116,1.10157,BFUCAODZI9Y5KPWOTSHL3B8D2NGMVRX7Q64IE1,0.111111,0.888889,point_previews/task000022_mu016384_rho030_n0.png
0.3,16384,8,license_plate_bahnschrift.ttf,BFUCAOZJ9Y5KPW0TSHL38D2NGMVRX7Q64IE1,0,7,1,0.255,8.763561,0.881116,1.10157,BFUCAOZI9Y5KPWOTSHL3BD2NGMVRX7Q641E1,0.111111,0.888889,point_previews/task000022_mu016384_rho030_n1.png
0.4,16384,8,license_plate_bahnschrift.ttf,BFUCAOZJ9Y5KPW0TSHL38D2NGMVRX7Q64IE1,0,7,0,0.34,10.119289,0.843436,0.953987,BFUCAOZI9Y5KPWOTSHL38D2NGMVRX7Q64IE1,0.055556,0.944444,point_previews/task000022_mu016384_rho040_n0.png
0.4,16384,8,license_plate_bahnschrift.ttf,BFUCAOZJ9Y5KPW0TSHL38D2NGMVRX7Q64IE1,0,7,1,0.34,10.119289,0.843436,0.953987,BFUCAOZI9Y5KPWOTSHL38D2NGMVRX7Q64IE1,0.055556,0.944444,point_previews/task000022_mu016384_rho040_n1.png
0.5,16384,8,license_plate_bahnschrift.ttf,BFUCAOZJ9Y5KPW0TSHL38D2NGMVRX7Q64IE1,0,7,0,0.425,11.313708,0.8067,0.853272,BFUCAOZI9Y5KPWOTSHL38D2NGMVRX7Q64IE1,0.055556,0.944444,point_previews/task000022_mu016384_rho050_n0.png
0.5,16384,8,license_plate_bahnschrift.ttf,BFUCAOZJ9Y5KPW0TSHL38D2NGMVRX7Q64IE1,0,7,1,0.425,11.313708,0.8067,0.853272,BFUCAOZI9Y5KPWOTSHL38D2NGMVRX7Q64IE1,0.055556,0.944444,point_previews/task000022_mu016384_rho050_n1.png
0.6,16384,8,license_plate_bahnschrift.ttf,BFUCAOZJ9Y5KPW0TSHL38D2NGMVRX7Q64IE1,0,7,0,0.51,12.393547,0.770893,0.778927,BFUCAOZI9Y5KPWOTSHL38D2NGMVRX7Q64IE1,0.055556,0.944444,point_previews/task000022_mu016384_rho060_n0.png
0.6,16384,8,license_plate_bahnschrift.ttf,BFUCAOZJ9Y5KPW0TSHL38D2NGMVRX7Q64IE1,0,7,1,0.51,12.393547,0.770893,0.778927,BFUCAOZJ9Y5KPWOTSHL38D2NGMVRX7Q64IE1,0.027778,0.972222,point_previews/task000022_mu016384_rho060_n1.png
0.7,16384,8,license_plate_bahnschrift.ttf,BFUCAOZJ9Y5KPW0TSHL38D2NGMVRX7Q64IE1,0,7,0,0.595,13.38656,0.735998,0.721147,BFUCAOZI9YSKPWOTSHL38D2NGMVRX7Q64IE1,0.083333,0.916667,point_previews/task000022_mu016384_rho070_n0.png
0.7,16384,8,license_plate_bahnschrift.ttf,BFUCAOZJ9Y5KPW0TSHL38D2NGMVRX7Q64IE1,0,7,1,0.595,13.38656,0.735998,0.721147,BFUCAOZI9YS5KPWOTSHL38D2NGMVRX7Q64IE1,0.083333,0.916667,point_previews/task000022_mu016384_rho070_n1.png
0.8,16384,8,license_plate_bahnschrift.ttf,BFUCAOZJ9Y5KPW0TSHL38D2NGMVRX7Q64IE1,0,7,0,0.68,14.310835,0.701998,0.674571,BFUCAOZJ9YS5KPWOTSHL38D2NGMVRX7Q64IE1,0.055556,0.944444,point_previews/task000022_mu016384_rho080_n0.png
0.8,16384,8,license_plate_bahnschrift.ttf,BFUCAOZJ9Y5KPW0TSHL38D2NGMVRX7Q64IE1,0,7,1,0.68,14.310835,0.701998,0.674571,BFUCAOZJ9YS5KPWOTSHL38D2NGMVRX7Q64IE1,0.055556,0.944444,point_previews/task000022_mu016384_rho080_n1.png
0.9,16384,8,license_plate_bahnschrift.ttf,BFUCAOZJ9Y5KPW0TSHL38D2NGMVRX7Q64IE1,0,7,0,0.765,15.178933,0.668877,0.635992,BFUCAOZJI9YSKPWOTSHL38D2NGMVRX7Q64IE1,0.083333,0.916667,point_previews/task000022_mu016384_rho090_n0.png
0.9,16384,8,license_plate_bahnschrift.ttf,BFUCAOZJ9Y5KPW0TSHL38D2NGMVRX7Q64IE1,0,7,1,0.765,15.178933,0.668877,0.635992,BFUCAOZJ9YSKPWOTSHL38D2NGMVRX7Q64IE1,0.055556,0.944444,point_previews/task000022_mu016384_rho090_n1.png
1.0,16384,8,license_plate_bahnschrift.ttf,BFUCAOZJ9Y5KPW0TSHL38D2NGMVRX7Q64IE1,0,7,0,0.85,16.0,0.63662,0.603355,BFUCAOZJ9YSKPWOTSHL38D2NGMVRX7Q64IE1,0.055556,0.944444,point_previews/task000022_mu016384_rho100_n0.png
1.0,16384,8,license_plate_bahnschrift.ttf,BFUCAOZJ9Y5KPW0TSHL38D2NGMVRX7Q64IE1,0,7,1,0.85,16.0,0.63662,0.603355,BFUCAOZJ9YSKPWOTSHL38D2NGMVRX7Q64IE1,0.055556,0.944444,point_previews/task000022_mu016384_rho100_n1.png
0.1,65536,8,license_plate_bahnschrift.ttf,BFUCAOZJ9Y5KPW0TSHL38D2NGMVRX7Q64IE1,0,7,0,0.085,5.059644,0.959381,1.907975,BFUCADZJ9Y5KPWOTSHL3BD2NGMVRX7OS4IE1,0.138889,0.861111,point_previews/task000023_mu065536_rho010_n0.png
0.1,65536,8,license_plate_bahnschrift.ttf,BFUCAOZJ9Y5KPW0TSHL38D2NGMVRX7Q64IE1,0,7,1,0.085,5.059644,0.959381,1.907975,BFUCADZI9Y5KPWOTSHL3BD2NGMVRX7OS4IE1,0.166667,0.833333,point_previews/task000023_mu065536_rho010_n1.png
0.2,65536,8,license_plate_bahnschrift.ttf,BFUCAOZJ9Y5KPW0TSHL38D2NGMVRX7Q64IE1,0,7,0,0.17,7.155418,0.919759,1.349142,BFUCAOZIJ9Y5KPWOTSHL3BD2NGMVRX7QO64IE1,0.111111,0.888889,point_previews/task000023_mu065536_rho020_n0.png
0.2,65536,8,license_plate_bahnschrift.ttf,BFUCAOZJ9Y5KPW0TSHL38D2NGMVRX7Q64IE1,0,7,1,0.17,7.155418,0.919759,1.349142,BFUCAOZI9Y5KPWOTSHL3BD2NGMVRX7O64IE1,0.111111,0.888889,point_previews/task000023_mu065536_rho020_n1.png
0.3,65536,8,license_plate_bahnschrift.ttf,BFUCAOZJ9Y5KPW0TSHL38D2NGMVRX7Q64IE1,0,7,0,0.255,8.763561,0.881116,1.10157,BFUCAODZI9Y5KPWOTSHL38D2NGMVRX7Q64IE1,0.083333,0.916667,point_previews/task000023_mu065536_rho030_n0.png
0.3,65536,8,license_plate_bahnschrift.ttf,BFUCAOZJ9Y5KPW0TSHL38D2NGMVRX7Q64IE1,0,7,1,0.255,8.763561,0.881116,1.10157,BFUCAODZI9Y5KPWOTSHL38D2NGMVRX7Q64IE1,0.083333,0.916667,point_previews/task000023_mu065536_rho030_n1.png
0.4,65536,8,license_plate_bahnschrift.ttf,BFUCAOZJ9Y5KPW0TSHL38D2NGMVRX7Q64IE1,0,7,0,0.34,10.119289,0.843436,0.953987,BFUCAOZI9Y5KPWOTSHL38D2NGMVRX7Q64IE1,0.055556,0.944444,point_previews/task000023_mu065536_rho040_n0.png
0.4,65536,8,license_plate_bahnschrift.ttf,BFUCAOZJ9Y5KPW0TSHL38D2NGMVRX7Q64IE1,0,7,1,0.34,10.119289,0.843436,0.953987,BFUCAOZI9Y5KPWOTSHL38D2NGMVRX7Q64IE1,0.055556,0.944444,point_previews/task000023_mu065536_rho040_n1.png
0.5,65536,8,license_plate_bahnschrift.ttf,BFUCAOZJ9Y5KPW0TSHL38D2NGMVRX7Q64IE1,0,7,0,0.425,11.313708,0.8067,0.853272,BFUCAOZI9Y5KPWOTSHL38D2NGMVRX7Q64IE1,0.055556,0.944444,point_previews/task000023_mu065536_rho050_n0.png
0.5,65536,8,license_plate_bahnschrift.ttf,BFUCAOZJ9Y5KPW0TSHL38D2NGMVRX7Q64IE1,0,7,1,0.425,11.313708,0.8067,0.853272,BFUCAOZI9YS5KPWOTSHL38D2NGMVRX7Q64IE1,0.083333,0.916667,point_previews/task000023_mu065536_rho050_n1.png
0.6,65536,8,license_plate_bahnschrift.ttf,BFUCAOZJ9Y5KPW0TSHL38D2NGMVRX7Q64IE1,0,7,0,0.51,12.393547,0.770893,0.778927,BFUCAOZI9Y5KPWOTSHL38D2NGMVRX7Q64IE1,0.055556,0.944444,point_previews/task000023_mu065536_rho060_n0.png
0.6,65536,8,license_plate_bahnschrift.ttf,BFUCAOZJ9Y5KPW0TSHL38D2NGMVRX7Q64IE1,0,7,1,0.51,12.393547,0.770893,0.778927,BFUCAOZI9Y5KPWOTSHL38D2NGMVRX7Q64IE1,0.055556,0.944444,point_previews/task000023_mu065536_rho060_n1.png
0.7,65536,8,license_plate_bahnschrift.ttf,BFUCAOZJ9Y5KPW0TSHL38D2NGMVRX7Q64IE1,0,7,0,0.595,13.38656,0.735998,0.721147,BFUCAOZI9YSKPWOTSHL38D2NGMVRX7Q64IE1,0.083333,0.916667,point_previews/task000023_mu065536_rho070_n0.png
0.7,65536,8,license_plate_bahnschrift.ttf,BFUCAOZJ9Y5KPW0TSHL38D2NGMVRX7Q64IE1,0,7,1,0.595,13.38656,0.735998,0.721147,BFUCAOZI9YSKPWOTSHL38D2NGMVRX7Q64IE1,0.083333,0.916667,point_previews/task000023_mu065536_rho070_n1.png
0.8,65536,8,license_plate_bahnschrift.ttf,BFUCAOZJ9Y5KPW0TSHL38D2NGMVRX7Q64IE1,0,7,0,0.68,14.310835,0.701998,0.674571,BFUCAOZJ9YS5KPWOTSHL38D2NGMVRX7Q641E1,0.083333,0.916667,point_previews/task000023_mu065536_rho080_n0.png
0.8,65536,8,license_plate_bahnschrift.ttf,BFUCAOZJ9Y5KPW0TSHL38D2NGMVRX7Q64IE1,0,7,1,0.68,14.310835,0.701998,0.674571,BFUCAOZJ9Y5KPWOTSHL38D2NGMVRX7Q64IE1,0.027778,0.972222,point_previews/task000023_mu065536_rho080_n1.png
0.9,65536,8,license_plate_bahnschrift.ttf,BFUCAOZJ9Y5KPW0TSHL38D2NGMVRX7Q64IE1,0,7,0,0.765,15.178933,0.668877,0.635992,BFUCAOZJ9YSKPWOTSHL38D2NGMVRX7Q64IE1,0.055556,0.944444,point_previews/task000023_mu065536_rho090_n0.png
0.9,65536,8,license_plate_bahnschrift.ttf,BFUCAOZJ9Y5KPW0TSHL38D2NGMVRX7Q64IE1,0,7,1,0.765,15.178933,0.668877,0.635992,BFUCAOZJ9YSKPWOTSHL38D2NGMVRX7Q64IE1,0.055556,0.944444,point_previews/task000023_mu065536_rho090_n1.png
1.0,65536,8,license_plate_bahnschrift.ttf,BFUCAOZJ9Y5KPW0TSHL38D2NGMVRX7Q64IE1,0,7,0,0.85,16.0,0.63662,0.603355,BFUCAOZJ9YSKPWOTSHL38D2NGMVRX7Q64IE1,0.055556,0.944444,point_previews/task000023_mu065536_rho100_n0.png
1.0,65536,8,license_plate_bahnschrift.ttf,BFUCAOZJ9Y5KPW0TSHL38D2NGMVRX7Q64IE1,0,7,1,0.85,16.0,0.63662,0.603355,BFUCAOZJ9YSKPWOTSHL38D2NGMVRX7Q64IE1,0.055556,0.944444,point_previews/task000023_mu065536_rho100_n1.png
0.1,4,8,license_plate_bahnschrift.ttf,BFUCAOZJ9Y5KPW0TSHL38D2NGMVRX7Q64IE1,0,11,0,0.085,5.059644,0.959381,1.907975,BSCR,0.916667,0.083333,point_previews/task000024_mu000004_rho010_n0.png
0.1,4,8,license_plate_bahnschrift.ttf,BFUCAOZJ9Y5KPW0TSHL38D2NGMVRX7Q64IE1,0,11,1,0.085,5.059644,0.959381,1.907975,AERLALSRTRSPREYUR,0.916667,0.083333,point_previews/task000024_mu000004_rho010_n1.png
0.2,4,8,license_plate_bahnschrift.ttf,BFUCAOZJ9Y5KPW0TSHL38D2NGMVRX7Q64IE1,0,11,0,0.17,7.155418,0.919759,1.349142,,1.0,0.0,point_previews/task000024_mu000004_rho020_n0.png
0.2,4,8,license_plate_bahnschrift.ttf,BFUCAOZJ9Y5KPW0TSHL38D2NGMVRX7Q64IE1,0,11,1,0.17,7.155418,0.919759,1.349142,ARESEPTANEEEAORM,0.888889,0.111111,point_previews/task000024_mu000004_rho020_n1.png
0.3,4,8,license_plate_bahnschrift.ttf,BFUCAOZJ9Y5KPW0TSHL38D2NGMVRX7Q64IE1,0,11,0,0.255,8.763561,0.881116,1.10157,,1.0,0.0,point_previews/task000024_mu000004_rho030_n0.png
0.3,4,8,license_plate_bahnschrift.ttf,BFUCAOZJ9Y5KPW0TSHL38D2NGMVRX7Q64IE1,0,11,1,0.255,8.763561,0.881116,1.10157,BODEESPRERPSUES,0.861111,0.138889,point_previews/task000024_mu000004_rho030_n1.png
0.4,4,8,license_plate_bahnschrift.ttf,BFUCAOZJ9Y5KPW0TSHL38D2NGMVRX7Q64IE1,0,11,0,0.34,10.119289,0.843436,0.953987,,1.0,0.0,point_previews/task000024_mu000004_rho040_n0.png
0.4,4,8,license_plate_bahnschrift.ttf,BFUCAOZJ9Y5KPW0TSHL38D2NGMVRX7Q64IE1,0,11,1,0.34,10.119289,0.843436,0.953987,CURETRECPLSRYTSNTMRCAPELASPLSS,0.916667,0.083333,point_previews/task000024_mu000004_rho040_n1.png
0.5,4,8,license_plate_bahnschrift.ttf,BFUCAOZJ9Y5KPW0TSHL38D2NGMVRX7Q64IE1,0,11,0,0.425,11.313708,0.8067,0.853272,,1.0,0.0,point_previews/task000024_mu000004_rho050_n0.png
0.5,4,8,license_plate_bahnschrift.ttf,BFUCAOZJ9Y5KPW0TSHL38D2NGMVRX7Q64IE1,0,11,1,0.425,11.313708,0.8067,0.853272,TSRSNRRSTEITE,0.861111,0.138889,point_previews/task000024_mu000004_rho050_n1.png
0.6,4,8,license_plate_bahnschrift.ttf,BFUCAOZJ9Y5KPW0TSHL38D2NGMVRX7Q64IE1,0,11,0,0.51,12.393547,0.770893,0.778927,SPRAISRIUSMEERSOONUSPURERAY,0.916667,0.083333,point_previews/task000024_mu000004_rho060_n0.png
0.6,4,8,license_plate_bahnschrift.ttf,BFUCAOZJ9Y5KPW0TSHL38D2NGMVRX7Q64IE1,0,11,1,0.51,12.393547,0.770893,0.778927,JEPRPISATEEEMEESATRMECHRLEENDG,0.944444,0.055556,point_previews/task000024_mu000004_rho060_n1.png
0.7,4,8,license_plate_bahnschrift.ttf,BFUCAOZJ9Y5KPW0TSHL38D2NGMVRX7Q64IE1,0,11,0,0.595,13.38656,0.735998,0.721147,PRRISRNSOEUAOYRSP,0.916667,0.083333,point_previews/task000024_mu000004_rho070_n0.png
0.7,4,8,license_plate_bahnschrift.ttf,BFUCAOZJ9Y5KPW0TSHL38D2NGMVRX7Q64IE1,0,11,1,0.595,13.38656,0.735998,0.721147,TEGEYRRCASO,0.916667,0.083333,point_previews/task000024_mu000004_rho070_n1.png
0.8,4,8,license_plate_bahnschrift.ttf,BFUCAOZJ9Y5KPW0TSHL38D2NGMVRX7Q64IE1,0,11,0,0.68,14.310835,0.701998,0.674571,APDSROZOESOTHAEE,0.861111,0.138889,point_previews/task000024_mu000004_rho080_n0.png
0.8,4,8,license_plate_bahnschrift.ttf,BFUCAOZJ9Y5KPW0TSHL38D2NGMVRX7Q64IE1,0,11,1,0.68,14.310835,0.701998,0.674571,PGERSYDVROUPTESSLSRINCERPIERT,0.833333,0.166667,point_previews/task000024_mu000004_rho080_n1.png
0.9,4,8,license_plate_bahnschrift.ttf,BFUCAOZJ9Y5KPW0TSHL38D2NGMVRX7Q64IE1,0,11,0,0.765,15.178933,0.668877,0.635992,RAASSMPORGSSSBGR,0.861111,0.138889,point_previews/task000024_mu000004_rho090_n0.png
0.9,4,8,license_plate_bahnschrift.ttf,BFUCAOZJ9Y5KPW0TSHL38D2NGMVRX7Q64IE1,0,11,1,0.765,15.178933,0.668877,0.635992,AIERIARSVORMACEUHCAPORSR,0.944444,0.055556,point_previews/task000024_mu000004_rho090_n1.png
1.0,4,8,license_plate_bahnschrift.ttf,BFUCAOZJ9Y5KPW0TSHL38D2NGMVRX7Q64IE1,0,11,0,0.85,16.0,0.63662,0.603355,PABESASSRABSEES,0.888889,0.111111,point_previews/task000024_mu000004_rho100_n0.png
1.0,4,8,license_plate_bahnschrift.ttf,BFUCAOZJ9Y5KPW0TSHL38D2NGMVRX7Q64IE1,0,11,1,0.85,16.0,0.63662,0.603355,EEGESORRASKOWSTSAGHHENEREPRSMIEATS,0.805556,0.194444,point_previews/task000024_mu000004_rho100_n1.png
0.1,16,8,license_plate_bahnschrift.ttf,BFUCAOZJ9Y5KPW0TSHL38D2NGMVRX7Q64IE1,0,11,0,0.085,5.059644,0.959381,1.907975,BRASMRFORTCMEOTE2MLE,0.833333,0.166667,point_previews/task000025_mu000016_rho010_n0.png
0.1,16,8,license_plate_bahnschrift.ttf,BFUCAOZJ9Y5KPW0TSHL38D2NGMVRX7Q64IE1,0,11,1,0.085,5.059644,0.959381,1.907975,,1.0,0.0,point_previews/task000025_mu000016_rho010_n1.png
0.2,16,8,license_plate_bahnschrift.ttf,BFUCAOZJ9Y5KPW0TSHL38D2NGMVRX7Q64IE1,0,11,0,0.17,7.155418,0.919759,1.349142,ASEESMBSUTMNLRERINRASPT,0.861111,0.138889,point_previews/task000025_mu000016_rho020_n0.png
0.2,16,8,license_plate_bahnschrift.ttf,BFUCAOZJ9Y5KPW0TSHL38D2NGMVRX7Q64IE1,0,11,1,0.17,7.155418,0.919759,1.349142,MPTZITPNRTSOUPERABEE,0.833333,0.166667,point_previews/task000025_mu000016_rho020_n1.png
0.3,16,8,license_plate_bahnschrift.ttf,BFUCAOZJ9Y5KPW0TSHL38D2NGMVRX7Q64IE1,0,11,0,0.255,8.763561,0.881116,1.10157,BRUCADLSAKONESHCIBOSNENENG,0.777778,0.222222,point_previews/task000025_mu000016_rho030_n0.png
0.3,16,8,license_plate_bahnschrift.ttf,BFUCAOZJ9Y5KPW0TSHL38D2NGMVRX7Q64IE1,0,11,1,0.255,8.763561,0.881116,1.10157,ARLEPSSHTSLSEDBNOMATRSS,0.805556,0.194444,point_previews/task000025_mu000016_rho030_n1.png
0.4,16,8,license_plate_bahnschrift.ttf,BFUCAOZJ9Y5KPW0TSHL38D2NGMVRX7Q64IE1,0,11,0,0.34,10.119289,0.843436,0.953987,SBFURARYSREWOTSHLSSDANGVERSE,0.611111,0.388889,point_previews/task000025_mu000016_rho040_n0.png
0.4,16,8,license_plate_bahnschrift.ttf,BFUCAOZJ9Y5KPW0TSHL38D2NGMVRX7Q64IE1,0,11,1,0.34,10.119289,0.843436,0.953987,,1.0,0.0,point_previews/task000025_mu000016_rho040_n1.png
0.5,16,8,license_plate_bahnschrift.ttf,BFUCAOZJ9Y5KPW0TSHL38D2NGMVRX7Q64IE1,0,11,0,0.425,11.313708,0.8067,0.853272,BFUCADE2USKEWOTSHESBBINGMYRETASIET,0.555556,0.444444,point_previews/task000025_mu000016_rho050_n0.png
0.5,16,8,license_plate_bahnschrift.ttf,BFUCAOZJ9Y5KPW0TSHL38D2NGMVRX7Q64IE1,0,11,1,0.425,11.313708,0.8067,0.853272,BFULADZSVSKEMOTSALS8DANGMYRKTGRET,0.555556,0.444444,point_previews/task000025_mu000016_rho050_n1.png
0.6,16,8,license_plate_bahnschrift.ttf,BFUCAOZJ9Y5KPW0TSHL38D2NGMVRX7Q64IE1,0,11,0,0.51,12.393547,0.770893,0.778927,,1.0,0.0,point_previews/task000025_mu000016_rho060_n0.png
0.6,16,8,license_plate_bahnschrift.ttf,BFUCAOZJ9Y5KPW0TSHL38D2NGMVRX7Q64IE1,0,11,1,0.51,12.393547,0.770893,0.778927,,1.0,0.0,point_previews/task000025_mu000016_rho060_n1.png
0.7,16,8,license_plate_bahnschrift.ttf,BFUCAOZJ9Y5KPW0TSHL38D2NGMVRX7Q64IE1,0,11,0,0.595,13.38656,0.735998,0.721147,BFUCADTIFYRKPWOTSHIS8D2NOMVRRIOSAIES,0.416667,0.583333,point_previews/task000025_mu000016_rho070_n0.png
0.7,16,8,license_plate_bahnschrift.ttf,BFUCAOZJ9Y5KPW0TSHL38D2NGMVRX7Q64IE1,0,11,1,0.595,13.38656,0.735998,0.721147,BEULADZIFSKPWOTSHLSSDINGHYRKTOSWET,0.555556,0.444444,point_previews/task000025_mu000016_rho070_n1.png
0.8,16,8,license_plate_bahnschrift.ttf,BFUCAOZJ9Y5KPW0TSHL38D2NGMVRX7Q64IE1,0,11,0,0.68,14.310835,0.701998,0.674571,BEUCAOZI995XPWOTSHL2BDANGMVRE7O64163,0.361111,0.638889,point_previews/task000025_mu000016_rho080_n0.png
0.8,16,8,license_plate_bahnschrift.ttf,BFUCAOZJ9Y5KPW0TSHL38D2NGMVRX7Q64IE1,0,11,1,0.68,14.310835,0.701998,0.674571,BFUCAOZYSKEWOTSHLSBNANGMYRITOSGIED,0.444444,0.555556,point_previews/task000025_mu000016_rho080_n1.png
0.9,16,8,license_plate_bahnschrift.ttf,BFUCAOZJ9Y5KPW0TSHL38D2NGMVRX7Q64IE1,0,11,0,0.765,15.178933,0.668877,0.635992,,1.0,0.0,point_previews/task000025_mu000016_rho090_n0.png
0.9,16,8,license_plate_bahnschrift.ttf,BFUCAOZJ9Y5KPW0TSHL38D2NGMVRX7Q64IE1,0,11,1,0.765,15.178933,0.668877,0.635992,BFUCADZOYSKPWATSHUSBDZNGMVRX7HSIER,0.361111,0.638889,point_previews/task000025_mu000016_rho090_n1.png
1.0,16,8,license_plate_bahnschrift.ttf,BFUCAOZJ9Y5KPW0TSHL38D2NGMVRX7Q64IE1,0,11,0,0.85,16.0,0.63662,0.603355,BFUCAOZI7YSKPWOTSHES8D2NOMYRXZOSSIED,0.361111,0.638889,point_previews/task000025_mu000016_rho100_n0.png
1.0,16,8,license_plate_bahnschrift.ttf,BFUCAOZJ9Y5KPW0TSHL38D2NGMVRX7Q64IE1,0,11,1,0.85,16.0,0.63662,0.603355,BRUCABZAYSKRWOTSHLGSDONGMYVRXOSAIET,0.444444,0.555556,point_previews/task000025_mu000016_rho100_n1.png
0.1,64,8,license_plate_bahnschrift.ttf,BFUCAOZJ9Y5KPW0TSHL38D2NGMVRX7Q64IE1,0,11,0,0.085,5.059644,0.959381,1.907975,,1.0,0.0,point_previews/task000026_mu000064_rho010_n0.png
0.1,64,8,license_plate_bahnschrift.ttf,BFUCAOZJ9Y5KPW0TSHL38D2NGMVRX7Q64IE1,0,11,1,0.085,5.059644,0.959381,1.907975,PEUERGZIPAKSWATSHLSEEL2NGMYRIOAEI,0.638889,0.361111,point_previews/task000026_mu000064_rho010_n1.png
0.2,64,8,license_plate_bahnschrift.ttf,BFUCAOZJ9Y5KPW0TSHL38D2NGMVRX7Q64IE1,0,11,0,0.17,7.155418,0.919759,1.349142,BFURAOZJIYSKEWOTSHISBO2NGRVRXTOS4IES,0.388889,0.611111,point_previews/task000026_mu000064_rho020_n0.png
0.2,64,8,license_plate_bahnschrift.ttf,BFUCAOZJ9Y5KPW0TSHL38D2NGMVRX7Q64IE1,0,11,1,0.17,7.155418,0.919759,1.349142,BFUCAOZIOYSKRWOTSHLSBD2NGMYVRXTOSSIET,0.361111,0.638889,point_previews/task000026_mu000064_rho020_n1.png
0.3,64,8,license_plate_bahnschrift.ttf,BFUCAOZJ9Y5KPW0TSHL38D2NGMVRX7Q64IE1,0,11,0,0.255,8.763561,0.881116,1.10157,BFUDAOZJ9YSKPWOTSHLSBN2NGMVRXIQ64IE3,0.222222,0.777778,point_previews/task000026_mu000064_rho030_n0.png
0.3,64,8,license_plate_bahnschrift.ttf,BFUCAOZJ9Y5KPW0TSHL38D2NGMVRX7Q64IE1,0,11,1,0.255,8.763561,0.881116,1.10157,BFUCADZJ9YSKPWOTSHESBOZNGMYRXTOSAIED,0.388889,0.611111,point_previews/task000026_mu000064_rho030_n1.png
0.4,64,8,license_plate_bahnschrift.ttf,BFUCAOZJ9Y5KPW0TSHL38D2NGMVRX7Q64IE1,0,11,0,0.34,10.119289,0.843436,0.953987,BFUCAOZJSYSKPWOTSHL38D2NGMYRX7O54E1,0.194444,0.805556,point_previews/task000026_mu000064_rho040_n0.png
0.4,64,8,license_plate_bahnschrift.ttf,BFUCAOZJ9Y5KPW0TSHL38D2NGMVRX7Q64IE1,0,11,1,0.34,10.119289,0.843436,0.953987,BFUCADZJ9Y5KPWOTSHL3802NGMYRXZO641E7,0.222222,0.777778,point_previews/task000026_mu000064_rho040_n1.png
0.5,64,8,license_plate_bahnschrift.ttf,BFUCAOZJ9Y5KPW0TSHL38D2NGMVRX7Q64IE1,0,11,0,0.425,11.313708,0.8067,0.853272,BFUGADZJ9Y5KPWOTSHL3802NGMVRXTO64IE7,0.194444,0.805556,point_previews/task000026_mu000064_rho050_n0.png
0.5,64,8,license_plate_bahnschrift.ttf,BFUCAOZJ9Y5KPW0TSHL38D2NGMVRX7Q64IE1,0,11,1,0.425,11.313708,0.8067,0.853272,BFUCAOZJSYSKPWOTSHL3BSD2NGMURK7O541E7,0.305556,0.694444,point_previews/task000026_mu000064_rho050_n1.png
0.6,64,8,license_plate_bahnschrift.ttf,BFUCAOZJ9Y5KPW0TSHL38D2NGMVRX7Q64IE1,0,11,0,0.51,12.393547,0.770893,0.778927,BRUCAOZJ9YSKPWOTSHL3B802NGMVRX7O64IE,0.194444,0.805556,point_previews/task000026_mu000064_rho060_n0.png
0.6,64,8,license_plate_bahnschrift.ttf,BFUCAOZJ9Y5KPW0TSHL38D2NGMVRX7Q64IE1,0,11,1,0.51,12.393547,0.770893,0.778927,BFUCAOZJ9Y5KPWOTSHL3802NGMYRX7Q641E1,0.111111,0.888889,point_previews/task000026_mu000064_rho060_n1.png
0.7,64,8,license_plate_bahnschrift.ttf,BFUCAOZJ9Y5KPW0TSHL38D2NGMVRX7Q64IE1,0,11,0,0.595,13.38656,0.735998,0.721147,BFUCAOZJ9YSKPWOTSHL3BD2NGMVRX7Q64IE1,0.083333,0.916667,point_previews/task000026_mu000064_rho070_n0.png
0.7,64,8,license_plate_bahnschrift.ttf,BFUCAOZJ9Y5KPW0TSHL38D2NGMVRX7Q64IE1,0,11,1,0.595,13.38656,0.735998,0.721147,BFUCAOZJ9Y5KPWOTSHI38D2NGMVRXTOQS4IE,0.166667,0.833333,point_previews/task000026_mu000064_rho070_n1.png
0.8,64,8,license_plate_bahnschrift.ttf,BFUCAOZJ9Y5KPW0TSHL38D2NGMVRX7Q64IE1,0,11,0,0.68,14.310835,0.701998,0.674571,BFUCAOZJ9YSKPWOTSHL3BD2NGMVRX7O64IE,0.138889,0.861111,point_previews/task000026_mu000064_rho080_n0.png
0.8,64,8,license_plate_bahnschrift.ttf,BFUCAOZJ9Y5KPW0TSHL38D2NGMVRX7Q64IE1,0,11,1,0.68,14.310835,0.701998,0.674571,BFUCAOZJ9YSKPWOTSHI3802NGMYRX70641E1,0.194444,0.805556,point_previews/task000026_mu000064_rho080_n1.png
0.9,64,8,license_plate_bahnschrift.ttf,BFUCAOZJ9Y5KPW0TSHL38D2NGMVRX7Q64IE1,0,11,0,0.765,15.178933,0.668877,0.635992,BFUCAOZJ9Y5KPWOTSHL38D2NGMVRX7Q64IET,0.055556,0.944444,point_previews/task000026_mu000064_rho090_n0.png
0.9,64,8,license_plate_bahnschrift.ttf,BFUCAOZJ9Y5KPW0TSHL38D2NGMVRX7Q64IE1,0,11,1,0.765,15.178933,0.668877,0.635992,BFUCAOZJ9YSKPWOTSHL3SD2NGMVRX7O64IET,0.138889,0.861111,point_previews/task000026_mu000064_rho090_n1.png
1.0,64,8,license_plate_bahnschrift.ttf,BFUCAOZJ9Y5KPW0TSHL38D2NGMVRX7Q64IE1,0,11,0,0.85,16.0,0.63662,0.603355,BFUCAOZJ9YSKPWOTSHL3802NGMVRX7O64IE,0.138889,0.861111,point_previews/task000026_mu000064_rho100_n0.png
1.0,64,8,license_plate_bahnschrift.ttf,BFUCAOZJ9Y5KPW0TSHL38D2NGMVRX7Q64IE1,0,11,1,0.85,16.0,0.63662,0.603355,BFUCAOZJ9YSKPWOTSHL38D2NGMYRX70641E1,0.138889,0.861111,point_previews/task000026_mu000064_rho100_n1.png
0.1,256,8,license_plate_bahnschrift.ttf,BFUCAOZJ9Y5KPW0TSHL38D2NGMVRX7Q64IE1,0,11,0,0.085,5.059644,0.959381,1.907975,BFUCADZJ9Y5KPWOTSHLSBO2NGMYRX7OSSIEL,0.277778,0.722222,point_previews/task000027_mu000256_rho010_n0.png
0.1,256,8,license_plate_bahnschrift.ttf,BFUCAOZJ9Y5KPW0TSHL38D2NGMVRX7Q64IE1,0,11,1,0.085,5.059644,0.959381,1.907975,BFUCAOZJ9SKPWOTSHLSBO2NGMVRX7OS4IE7,0.25,0.75,point_previews/task000027_mu000256_rho010_n1.png
0.2,256,8,license_plate_bahnschrift.ttf,BFUCAOZJ9Y5KPW0TSHL38D2NGMVRX7Q64IE1,0,11,0,0.17,7.155418,0.919759,1.349142,BFUCAOZJ9Y5KPWOTSHL3802NGMVRX7QS416,0.166667,0.833333,point_previews/task000027_mu000256_rho020_n0.png
0.2,256,8,license_plate_bahnschrift.ttf,BFUCAOZJ9Y5KPW0TSHL38D2NGMVRX7Q64IE1,0,11,1,0.17,7.155418,0.919759,1.349142,BFUCADZJ9YSKPWOTSHL38D2NGMVRX7O641E1,0.138889,0.861111,point_previews/task000027_mu000256_rho020_n1.png
0.3,256,8,license_plate_bahnschrift.ttf,BFUCAOZJ9Y5KPW0TSHL38D2NGMVRX7Q64IE1,0,11,0,0.255,8.763561,0.881116,1.10157,BFUCAOZI9YSKPWOTSHLSSD2NGMYRX7Q64IE1,0.166667,0.833333,point_previews/task000027_mu000256_rho030_n0.png
0.3,256,8,license_plate_bahnschrift.ttf,BFUCAOZJ9Y5KPW0TSHL38D2NGMVRX7Q64IE1,0,11,1,0.255,8.763561,0.881116,1.10157,BFUCAOZIFYSKPWOTSHLSSD2ZNGMYVRX7QS4IEI,0.277778,0.722222,point_previews/task000027_mu000256_rho030_n1.png
0.4,256,8,license_plate_bahnschrift.ttf,BFUCAOZJ9Y5KPW0TSHL38D2NGMVRX7Q64IE1,0,11,0,0.34,10.119289,0.843436,0.953987,BFUCADZI9YSKPWOTSHLSSD2NGMVRXTQSS4IEI,0.277778,0.722222,point_previews/task000027_mu000256_rho040_n0.png
0.4,256,8,license_plate_bahnschrift.ttf,BFUCAOZJ9Y5KPW0TSHL38D2NGMVRX7Q64IE1,0,11,1,0.34,10.119289,0.843436,0.953987,BFUCAOZJ9YSKPWOTSHL3SD2ZNGMYVRX7OS6SIEI,0.25,0.75,point_previews/task000027_mu000256_rho040_n1.png
0.5,256,8,license_plate_bahnschrift.ttf,BFUCAOZJ9Y5KPW0TSHL38D2NGMVRX7Q64IE1,0,11,0,0.425,11.313708,0.8067,0.853272,BFUCAOZIFYSKPWOTSHL38D2NGMYRX7QS41E1,0.194444,0.805556,point_previews/task000027_mu000256_rho050_n0.png
0.5,256,8,license_plate_bahnschrift.ttf,BFUCAOZJ9Y5KPW0TSHL38D2NGMVRX7Q64IE1,0,11,1,0.425,11.313708,0.8067,0.853272,BFUCAOZJI9YSKPWOTSHL38D2NGMYVRX7QS4IEI,0.166667,0.833333,point_previews/task000027_mu000256_rho050_n1.png
0.6,256,8,license_plate_bahnschrift.ttf,BFUCAOZJ9Y5KPW0TSHL38D2NGMVRX7Q64IE1,0,11,0,0.51,12.393547,0.770893,0.778927,BFUCAOZJI7YSKPWOTSHL3SD2Z2NGMYRX7Q64IE1,0.222222,0.777778,point_previews/task000027_mu000256_rho060_n0.png
0.6,256,8,license_plate_bahnschrift.ttf,BFUCAOZJ9Y5KPW0TSHL38D2NGMVRX7Q64IE1,0,11,1,0.51,12.393547,0.770893,0.778927,BFUCAOZJ9YSKPWOTSHL3B8D2NGMVRX7Q64IE1,0.083333,0.916667,point_previews/task000027_mu000256_rho060_n1.png
0.7,256,8,license_plate_bahnschrift.ttf,BFUCAOZJ9Y5KPW0TSHL38D2NGMVRX7Q64IE1,0,11,0,0.595,13.38656,0.735998,0.721147,BFUCAOZJ9YSKPWOTSHL38D2NGMVRX7Q64IE,0.083333,0.916667,point_previews/task000027_mu000256_rho070_n0.png
0.7,256,8,license_plate_bahnschrift.ttf,BFUCAOZJ9Y5KPW0TSHL38D2NGMVRX7Q64IE1,0,11,1,0.595,13.38656,0.735998,0.721147,BFUCAOZJI9YSKPWOTSHL3B8D2NGMVRX7Q64IE1,0.111111,0.888889,point_previews/task000027_mu000256_rho070_n1.png
0.8,256,8,license_plate_bahnschrift.ttf,BFUCAOZJ9Y5KPW0TSHL38D2NGMVRX7Q64IE1,0,11,0,0.68,14.310835,0.701998,0.674571,BFUCAOZJ9YSKPWOTSHL38D2NGMVRX7Q64IE1,0.055556,0.944444,point_previews/task000027_mu000256_rho080_n0.png
0.8,256,8,license_plate_bahnschrift.ttf,BFUCAOZJ9Y5KPW0TSHL38D2NGMVRX7Q64IE1,0,11,1,0.68,14.310835,0.701998,0.674571,BFUCAOZJFYSKPWOTSHL3S8D2NGMVRX7Q64IEI,0.138889,0.861111,point_previews/task000027_mu000256_rho080_n1.png
0.9,256,8,license_plate_bahnschrift.ttf,BFUCAOZJ9Y5KPW0TSHL38D2NGMVRX7Q64IE1,0,11,0,0.765,15.178933,0.668877,0.635992,BFUCAOZJI9YSKPWOTSHL38D2NGMVRX7Q64IEI,0.111111,0.888889,point_previews/task000027_mu000256_rho090_n0.png
0.9,256,8,license_plate_bahnschrift.ttf,BFUCAOZJ9Y5KPW0TSHL38D2NGMVRX7Q64IE1,0,11,1,0.765,15.178933,0.668877,0.635992,BFUCAOZIFYSKPWOTSHL38D2NGMVRXA7Q64IEI,0.166667,0.833333,point_previews/task000027_mu000256_rho090_n1.png
1.0,256,8,license_plate_bahnschrift.ttf,BFUCAOZJ9Y5KPW0TSHL38D2NGMVRX7Q64IE1,0,11,0,0.85,16.0,0.63662,0.603355,BFUCAOZJ9YSKPWOTSHL38D2NGMVRX7Q64IE1,0.055556,0.944444,point_previews/task000027_mu000256_rho100_n0.png
1.0,256,8,license_plate_bahnschrift.ttf,BFUCAOZJ9Y5KPW0TSHL38D2NGMVRX7Q64IE1,0,11,1,0.85,16.0,0.63662,0.603355,BFUCAOZJ9YSKPWOTSHL38D2NGMVRX7Q64IEI,0.083333,0.916667,point_previews/task000027_mu000256_rho100_n1.png
0.1,1024,8,license_plate_bahnschrift.ttf,BFUCAOZJ9Y5KPW0TSHL38D2NGMVRX7Q64IE1,0,11,0,0.085,5.059644,0.959381,1.907975,BFUCADZISYSKPWOTSHLSSO2NGMYRX7OS4IE1,0.305556,0.694444,point_previews/task000028_mu001024_rho010_n0.png
0.1,1024,8,license_plate_bahnschrift.ttf,BFUCAOZJ9Y5KPW0TSHL38D2NGMVRX7Q64IE1,0,11,1,0.085,5.059644,0.959381,1.907975,BFUCAOZISY5SKPWOTSHLSSD2Z2NGMYRXATQOS4IEI,0.388889,0.611111,point_previews/task000028_mu001024_rho010_n1.png
0.2,1024,8,license_plate_bahnschrift.ttf,BFUCAOZJ9Y5KPW0TSHL38D2NGMVRX7Q64IE1,0,11,0,0.17,7.155418,0.919759,1.349142,BFUCADZISYSKPWOTSHLSED2NGMYVRATQS4IET,0.333333,0.666667,point_previews/task000028_mu001024_rho020_n0.png
0.2,1024,8,license_plate_bahnschrift.ttf,BFUCAOZJ9Y5KPW0TSHL38D2NGMVRX7Q64IE1,0,11,1,0.17,7.155418,0.919759,1.349142,BFUCAOZIPYSKPWOTSHLSSD2NGMYVRX7QS4IE1,0.222222,0.777778,point_previews/task000028_mu001024_rho020_n1.png
0.3,1024,8,license_plate_bahnschrift.ttf,BFUCAOZJ9Y5KPW0TSHL38D2NGMVRX7Q64IE1,0,11,0,0.255,8.763561,0.881116,1.10157,BFUCAODZI9YSKPWOTSHLSSD2NGMVRX7Q64IE1,0.166667,0.833333,point_previews/task000028_mu001024_rho030_n0.png
0.3,1024,8,license_plate_bahnschrift.ttf,BFUCAOZJ9Y5KPW0TSHL38D2NGMVRX7Q64IE1,0,11,1,0.255,8.763561,0.881116,1.10157,BFUCAOZIFYSKPWOTSHLSSD2NGMVRX7QS64IE1,0.194444,0.805556,point_previews/task000028_mu001024_rho030_n1.png
0.4,1024,8,license_plate_bahnschrift.ttf,BFUCAOZJ9Y5KPW0TSHL38D2NGMVRX7Q64IE1,0,11,0,0.34,10.119289,0.843436,0.953987,BFUCAOZIFYSKPWOTSHLSSD2NGMVRX7Q64IE1,0.166667,0.833333,point_previews/task000028_mu001024_rho040_n0.png
0.4,1024,8,license_plate_bahnschrift.ttf,BFUCAOZJ9Y5KPW0TSHL38D2NGMVRX7Q64IE1,0,11,1,0.34,10.119289,0.843436,0.953987,BFUCAOZI9YSKPWOTSHLSSD2NGMVRX7Q641E1,0.166667,0.833333,point_previews/task000028_mu001024_rho040_n1.png
0.5,1024,8,license_plate_bahnschrift.ttf,BFUCAOZJ9Y5KPW0TSHL38D2NGMVRX7Q64IE1,0,11,0,0.425,11.313708,0.8067,0.853272,BFUCAOZJ9YSKPWOTSHL3SSD2NGMVRX7Q64IE1,0.111111,0.888889,point_previews/task000028_mu001024_rho050_n0.png
0.5,1024,8,license_plate_bahnschrift.ttf,BFUCAOZJ9Y5KPW0TSHL38D2NGMVRX7Q64IE1,0,11,1,0.425,11.313708,0.8067,0.853272,BFUCAOZIFYSKPWOTSHLSSD2NGMVRX7Q64IE1,0.166667,0.833333,point_previews/task000028_mu001024_rho050_n1.png
0.6,1024,8,license_plate_bahnschrift.ttf,BFUCAOZJ9Y5KPW0TSHL38D2NGMVRX7Q64IE1,0,11,0,0.51,12.393547,0.770893,0.778927,BFUCAOZIFYSKPWOTSHLSSD2NGMVRX7Q64IE1,0.166667,0.833333,point_previews/task000028_mu001024_rho060_n0.png
0.6,1024,8,license_plate_bahnschrift.ttf,BFUCAOZJ9Y5KPW0TSHL38D2NGMVRX7Q64IE1,0,11,1,0.51,12.393547,0.770893,0.778927,BFUCAOZI9YSKPWOTSHLSSD2NGMVRX7Q64IE1,0.138889,0.861111,point_previews/task000028_mu001024_rho060_n1.png
0.7,1024,8,license_plate_bahnschrift.ttf,BFUCAOZJ9Y5KPW0TSHL38D2NGMVRX7Q64IE1,0,11,0,0.595,13.38656,0.735998,0.721147,BFUCAOZI9YSKPWOTSHLSSD2NGMVRX7Q64IE1,0.138889,0.861111,point_previews/task000028_mu001024_rho070_n0.png
0.7,1024,8,license_plate_bahnschrift.ttf,BFUCAOZJ9Y5KPW0TSHL38D2NGMVRX7Q64IE1,0,11,1,0.595,13.38656,0.735998,0.721147,BFUCAOZJ7YSKPWOTSHL3S8D2NGMVRX7Q64IE1,0.111111,0.888889,point_previews/task000028_mu001024_rho070_n1.png
0.8,1024,8,license_plate_bahnschrift.ttf,BFUCAOZJ9Y5KPW0TSHL38D2NGMVRX7Q64IE1,0,11,0,0.68,14.310835,0.701998,0.674571,BFUCAOZJ9YSKPWOTSHL38D2NGMVRX7Q64IE1,0.055556,0.944444,point_previews/task000028_mu001024_rho080_n0.png
0.8,1024,8,license_plate_bahnschrift.ttf,BFUCAOZJ9Y5KPW0TSHL38D2NGMVRX7Q64IE1,0,11,1,0.68,14.310835,0.701998,0.674571,BFUCAOZJI9YSKPWOTSHL38D2NGMVRX7Q64IE1,0.083333,0.916667,point_previews/task000028_mu001024_rho080_n1.png
0.9,1024,8,license_plate_bahnschrift.ttf,BFUCAOZJ9Y5KPW0TSHL38D2NGMVRX7Q64IE1,0,11,0,0.765,15.178933,0.668877,0.635992,BFUCAOZJ9YSKPWOTSHL38D2NGMVRX7Q64IE1,0.055556,0.944444,point_previews/task000028_mu001024_rho090_n0.png
0.9,1024,8,license_plate_bahnschrift.ttf,BFUCAOZJ9Y5KPW0TSHL38D2NGMVRX7Q64IE1,0,11,1,0.765,15.178933,0.668877,0.635992,BFUCAOZJI9YSKPWOTSHL38D2NGMVRX7Q64IE1,0.083333,0.916667,point_previews/task000028_mu001024_rho090_n1.png
1.0,1024,8,license_plate_bahnschrift.ttf,BFUCAOZJ9Y5KPW0TSHL38D2NGMVRX7Q64IE1,0,11,0,0.85,16.0,0.63662,0.603355,BFUCAOZJ9YSKPWOTSHL38D2NGMVRX7Q64IE1,0.055556,0.944444,point_previews/task000028_mu001024_rho100_n0.png
1.0,1024,8,license_plate_bahnschrift.ttf,BFUCAOZJ9Y5KPW0TSHL38D2NGMVRX7Q64IE1,0,11,1,0.85,16.0,0.63662,0.603355,BFUCAOZJ9YSKPWOTSHL38D2NGMVRX7Q64IE1,0.055556,0.944444,point_previews/task000028_mu001024_rho100_n1.png
0.1,4096,8,license_plate_bahnschrift.ttf,BFUCAOZJ9Y5KPW0TSHL38D2NGMVRX7Q64IE1,0,11,0,0.085,5.059644,0.959381,1.907975,BFUCAOZIPY5SKPWOTSHLSED2NGMYRX7QS4IE1,0.222222,0.777778,point_previews/task000029_mu004096_rho010_n0.png
0.1,4096,8,license_plate_bahnschrift.ttf,BFUCAOZJ9Y5KPW0TSHL38D2NGMVRX7Q64IE1,0,11,1,0.085,5.059644,0.959381,1.907975,BFUCADZIFY5KPWOTSHLSSD2NGMYRX7OQS4IE1,0.25,0.75,point_previews/task000029_mu004096_rho010_n1.png
0.2,4096,8,license_plate_bahnschrift.ttf,BFUCAOZJ9Y5KPW0TSHL38D2NGMVRX7Q64IE1,0,11,0,0.17,7.155418,0.919759,1.349142,BFUCADZIFYSKPWOTSHLSSD2NGMYRX7QS4IE1,0.25,0.75,point_previews/task000029_mu004096_rho020_n0.png
0.2,4096,8,license_plate_bahnschrift.ttf,BFUCAOZJ9Y5KPW0TSHL38D2NGMVRX7Q64IE1,0,11,1,0.17,7.155418,0.919759,1.349142,BFUCADZIPYSKPWOTSHLSED2NGMYRX7QS4IE1,0.25,0.75,point_previews/task000029_mu004096_rho020_n1.png
0.3,4096,8,license_plate_bahnschrift.ttf,BFUCAOZJ9Y5KPW0TSHL38D2NGMVRX7Q64IE1,0,11,0,0.255,8.763561,0.881116,1.10157,BFUCAOZJIPYSKPWOTSHLS8D2NGMVRX7QS4IE1,0.166667,0.833333,point_previews/task000029_mu004096_rho030_n0.png
0.3,4096,8,license_plate_bahnschrift.ttf,BFUCAOZJ9Y5KPW0TSHL38D2NGMVRX7Q64IE1,0,11,1,0.255,8.763561,0.881116,1.10157,BFUCAOZJIPYSKPWOTSHLSS8D2NGMVRX7QS4IE1,0.194444,0.805556,point_previews/task000029_mu004096_rho030_n1.png
0.4,4096,8,license_plate_bahnschrift.ttf,BFUCAOZJ9Y5KPW0TSHL38D2NGMVRX7Q64IE1,0,11,0,0.34,10.119289,0.843436,0.953987,BFUCAOZIPYSKPWOTSHLSSD2NGMVRX7Q641E1,0.194444,0.805556,point_previews/task000029_mu004096_rho040_n0.png
0.4,4096,8,license_plate_bahnschrift.ttf,BFUCAOZJ9Y5KPW0TSHL38D2NGMVRX7Q64IE1,0,11,1,0.34,10.119289,0.843436,0.953987,BFUCAOZJ9YSKPWOTSHLSSD2NGMVRX7Q641E1,0.138889,0.861111,point_previews/task000029_mu004096_rho040_n1.png
0.5,4096,8,license_plate_bahnschrift.ttf,BFUCAOZJ9Y5KPW0TSHL38D2NGMVRX7Q64IE1,0,11,0,0.425,11.313708,0.8067,0.853272,BFUCAOZIFYSKPWOTSHLSSD2NGMVRX7Q64IE1,0.166667,0.833333,point_previews/task000029_mu004096_rho050_n0.png
0.5,4096,8,license_plate_bahnschrift.ttf,BFUCAOZJ9Y5KPW0TSHL38D2NGMVRX7Q64IE1,0,11,1,0.425,11.313708,0.8067,0.853272,BFUCAOZJI9YSKPWOTSHL38D2NGMVRX7Q64IE1,0.083333,0.916667,point_previews/task000029_mu004096_rho050_n1.png
0.6,4096,8,license_plate_bahnschrift.ttf,BFUCAOZJ9Y5KPW0TSHL38D2NGMVRX7Q64IE1,0,11,0,0.51,12.393547,0.770893,0.778927,BFUCAOZJ9YSKPWOTSHLSS8D2NGMVRX7Q64IE1,0.111111,0.888889,point_previews/task000029_mu004096_rho060_n0.png
0.6,4096,8,license_plate_bahnschrift.ttf,BFUCAOZJ9Y5KPW0TSHL38D2NGMVRX7Q64IE1,0,11,1,0.51,12.393547,0.770893,0.778927,BFUCAOZIFYSKPWOTSHLSSD2NGMVRX7Q64IE1,0.166667,0.833333,point_previews/task000029_mu004096_rho060_n1.png
0.7,4096,8,license_plate_bahnschrift.ttf,BFUCAOZJ9Y5KPW0TSHL38D2NGMVRX7Q64IE1,0,11,0,0.595,13.38656,0.735998,0.721147,BFUCAOZI9YSKPWOTSHLSSD2NGMVRX7Q64IE1,0.138889,0.861111,point_previews/task000029_mu004096_rho070_n0.png
0.7,4096,8,license_plate_bahnschrift.ttf,BFUCAOZJ9Y5KPW0TSHL38D2NGMVRX7Q64IE1,0,11,1,0.595,13.38656,0.735998,0.721147,BFUCAOZJ9YSKPWOTSHL38D2NGMVRX7Q64IE1,0.055556,0.944444,point_previews/task000029_mu004096_rho070_n1.png
0.8,4096,8,license_plate_bahnschrift.ttf,BFUCAOZJ9Y5KPW0TSHL38D2NGMVRX7Q64IE1,0,11,0,0.68,14.310835,0.701998,0.674571,BFUCAOZJ9YSKPWOTSHLS8D2NGMVRX7Q64IE1,0.083333,0.916667,point_previews/task000029_mu004096_rho080_n0.png
0.8,4096,8,license_plate_bahnschrift.ttf,BFUCAOZJ9Y5KPW0TSHL38D2NGMVRX7Q64IE1,0,11,1,0.68,14.310835,0.701998,0.674571,BFUCAOZIFYSKPWOTSHLS8D2NGMVRX7Q64IE1,0.138889,0.861111,point_previews/task000029_mu004096_rho080_n1.png
0.9,4096,8,license_plate_bahnschrift.ttf,BFUCAOZJ9Y5KPW0TSHL38D2NGMVRX7Q64IE1,0,11,0,0.765,15.178933,0.668877,0.635992,BFUCAOZJ9YSKPWOTSHL38D2NGMVRX7Q64IE1,0.055556,0.944444,point_previews/task000029_mu004096_rho090_n0.png
0.9,4096,8,license_plate_bahnschrift.ttf,BFUCAOZJ9Y5KPW0TSHL38D2NGMVRX7Q64IE1,0,11,1,0.765,15.178933,0.668877,0.635992,BFUCAOZJ9YSKPWOTSHL38D2NGMVRX7Q64IE1,0.055556,0.944444,point_previews/task000029_mu004096_rho090_n1.png
1.0,4096,8,license_plate_bahnschrift.ttf,BFUCAOZJ9Y5KPW0TSHL38D2NGMVRX7Q64IE1,0,11,0,0.85,16.0,0.63662,0.603355,BFUCAOZJ9YSKPWOTSHL38D2NGMVRX7Q64IE1,0.055556,0.944444,point_previews/task000029_mu004096_rho100_n0.png
1.0,4096,8,license_plate_bahnschrift.ttf,BFUCAOZJ9Y5KPW0TSHL38D2NGMVRX7Q64IE1,0,11,1,0.85,16.0,0.63662,0.603355,BFUCAOZJ9YSKPWOTSHL38D2NGMVRX7Q64IE1,0.055556,0.944444,point_previews/task000029_mu004096_rho100_n1.png
0.1,16384,8,license_plate_bahnschrift.ttf,BFUCAOZJ9Y5KPW0TSHL38D2NGMVRX7Q64IE1,0,11,0,0.085,5.059644,0.959381,1.907975,BFUCADZI9YSKPWOTSHLSED2ZNGMYRX7QS4IE1,0.25,0.75,point_previews/task000030_mu016384_rho010_n0.png
0.1,16384,8,license_plate_bahnschrift.ttf,BFUCAOZJ9Y5KPW0TSHL38D2NGMVRX7Q64IE1,0,11,1,0.085,5.059644,0.959381,1.907975,BFUCADZI9YSKPWOTSHLSED2NGMYRATQOS4IE1,0.305556,0.694444,point_previews/task000030_mu016384_rho010_n1.png
0.2,16384,8,license_plate_bahnschrift.ttf,BFUCAOZJ9Y5KPW0TSHL38D2NGMVRX7Q64IE1,0,11,0,0.17,7.155418,0.919759,1.349142,BFUCAOZIPY5SKPWOTSHLSSD2NGMYVRX7QS4IE1,0.222222,0.777778,point_previews/task000030_mu016384_rho020_n0.png
0.2,16384,8,license_plate_bahnschrift.ttf,BFUCAOZJ9Y5KPW0TSHL38D2NGMVRX7Q64IE1,0,11,1,0.17,7.155418,0.919759,1.349142,BFUCAOZIPYSKPWOTSHLSSD2NGMYVRX7QS4IE1,0.222222,0.777778,point_previews/task000030_mu016384_rho020_n1.png
0.3,16384,8,license_plate_bahnschrift.ttf,BFUCAOZJ9Y5KPW0TSHL38D2NGMVRX7Q64IE1,0,11,0,0.255,8.763561,0.881116,1.10157,BFUCAOZJIPYSKPWOTSHLSS8D2NGMVRX7QS64IE1,0.194444,0.805556,point_previews/task000030_mu016384_rho030_n0.png
0.3,16384,8,license_plate_bahnschrift.ttf,BFUCAOZJ9Y5KPW0TSHL38D2NGMVRX7Q64IE1,0,11,1,0.255,8.763561,0.881116,1.10157,BFUCAOZJIPY5SKPWOTSHLSS8D2NGMVRX7QS4IE1,0.194444,0.805556,point_previews/task000030_mu016384_rho030_n1.png
0.4,16384,8,license_plate_bahnschrift.ttf,BFUCAOZJ9Y5KPW0TSHL38D2NGMVRX7Q64IE1,0,11,0,0.34,10.119289,0.843436,0.953987,BFUCAOZI9YSKPWOTSHLSSD2NGMVRX7Q641E1,0.166667,0.833333,point_previews/task000030_mu016384_rho040_n0.png
0.4,16384,8,license_plate_bahnschrift.ttf,BFUCAOZJ9Y5KPW0TSHL38D2NGMVRX7Q64IE1,0,11,1,0.34,10.119289,0.843436,0.953987,BFUCAOZI9YSKPWOTSHLSSD2NGMVRX7Q64IE1,0.138889,0.861111,point_previews/task000030_mu016384_rho040_n1.png
0.5,16384,8,license_plate_bahnschrift.ttf,BFUCAOZJ9Y5KPW0TSHL38D2NGMVRX7Q64IE1,0,11,0,0.425,11.313708,0.8067,0.853272,BFUCAOZI9YSKPWOTSHLSSD2NGMVRX7Q64IE1,0.138889,0.861111,point_previews/task000030_mu016384_rho050_n0.png
0.5,16384,8,license_plate_bahnschrift.ttf,BFUCAOZJ9Y5KPW0TSHL38D2NGMVRX7Q64IE1,0,11,1,0.425,11.313708,0.8067,0.853272,BFUCAOZJI9YSKPWOTSHL38D2NGMVRX7Q64IE1,0.083333,0.916667,point_previews/task000030_mu016384_rho050_n1.png
0.6,16384,8,license_plate_bahnschrift.ttf,BFUCAOZJ9Y5KPW0TSHL38D2NGMVRX7Q64IE1,0,11,0,0.51,12.393547,0.770893,0.778927,BFUCAOZJ9YSKPWOTSHLSSD2NGMVRX7Q64IE1,0.111111,0.888889,point_previews/task000030_mu016384_rho060_n0.png
0.6,16384,8,license_plate_bahnschrift.ttf,BFUCAOZJ9Y5KPW0TSHL38D2NGMVRX7Q64IE1,0,11,1,0.51,12.393547,0.770893,0.778927,BFUCAOZI9YSKPWOTSHLSS8D2NGMVRX7Q64IE1,0.138889,0.861111,point_previews/task000030_mu016384_rho060_n1.png
0.7,16384,8,license_plate_bahnschrift.ttf,BFUCAOZJ9Y5KPW0TSHL38D2NGMVRX7Q64IE1,0,11,0,0.595,13.38656,0.735998,0.721147,BFUCAOZJ9YSKPWOTSHL38D2NGMVRX7Q64IE1,0.055556,0.944444,point_previews/task000030_mu016384_rho070_n0.png
0.7,16384,8,license_plate_bahnschrift.ttf,BFUCAOZJ9Y5KPW0TSHL38D2NGMVRX7Q64IE1,0,11,1,0.595,13.38656,0.735998,0.721147,BFUCAOZI9YSKPWOTSHLSSD2NGMVRX7Q64IE1,0.138889,0.861111,point_previews/task000030_mu016384_rho070_n1.png
0.8,16384,8,license_plate_bahnschrift.ttf,BFUCAOZJ9Y5KPW0TSHL38D2NGMVRX7Q64IE1,0,11,0,0.68,14.310835,0.701998,0.674571,BFUCAOZJI9YSKPWOTSHLS8D2NGMVRX7Q64IE1,0.111111,0.888889,point_previews/task000030_mu016384_rho080_n0.png
0.8,16384,8,license_plate_bahnschrift.ttf,BFUCAOZJ9Y5KPW0TSHL38D2NGMVRX7Q64IE1,0,11,1,0.68,14.310835,0.701998,0.674571,BFUCAOZJ9YSKPWOTSHL38D2NGMVRX7Q64IE1,0.055556,0.944444,point_previews/task000030_mu016384_rho080_n1.png
0.9,16384,8,license_plate_bahnschrift.ttf,BFUCAOZJ9Y5KPW0TSHL38D2NGMVRX7Q64IE1,0,11,0,0.765,15.178933,0.668877,0.635992,BFUCAOZJ9YSKPWOTSHL38D2NGMVRX7Q64IE1,0.055556,0.944444,point_previews/task000030_mu016384_rho090_n0.png
0.9,16384,8,license_plate_bahnschrift.ttf,BFUCAOZJ9Y5KPW0TSHL38D2NGMVRX7Q64IE1,0,11,1,0.765,15.178933,0.668877,0.635992,BFUCAOZJ9YSKPWOTSHL38D2NGMVRX7Q64IE1,0.055556,0.944444,point_previews/task000030_mu016384_rho090_n1.png
1.0,16384,8,license_plate_bahnschrift.ttf,BFUCAOZJ9Y5KPW0TSHL38D2NGMVRX7Q64IE1,0,11,0,0.85,16.0,0.63662,0.603355,BFUCAOZJ9YSKPWOTSHL38D2NGMVRX7Q64IE1,0.055556,0.944444,point_previews/task000030_mu016384_rho100_n0.png
1.0,16384,8,license_plate_bahnschrift.ttf,BFUCAOZJ9Y5KPW0TSHL38D2NGMVRX7Q64IE1,0,11,1,0.85,16.0,0.63662,0.603355,BFUCAOZJ9YSKPWOTSHL38D2NGMVRX7Q64IE1,0.055556,0.944444,point_previews/task000030_mu016384_rho100_n1.png
0.1,65536,8,license_plate_bahnschrift.ttf,BFUCAOZJ9Y5KPW0TSHL38D2NGMVRX7Q64IE1,0,11,0,0.085,5.059644,0.959381,1.907975,BFUCADZI9YSKPWOTSHLSED2NGMYRXATQS4IE,0.305556,0.694444,point_previews/task000031_mu065536_rho010_n0.png
0.1,65536,8,license_plate_bahnschrift.ttf,BFUCAOZJ9Y5KPW0TSHL38D2NGMVRX7Q64IE1,0,11,1,0.085,5.059644,0.959381,1.907975,BFUCADZI9YSKPWOTSHLSED2NGMYRXA7QS4IE,0.277778,0.722222,point_previews/task000031_mu065536_rho010_n1.png
0.2,65536,8,license_plate_bahnschrift.ttf,BFUCAOZJ9Y5KPW0TSHL38D2NGMVRX7Q64IE1,0,11,0,0.17,7.155418,0.919759,1.349142,BFUCADZIPYSKPWOTSHLSED2ZNGMYRX7QS4IE1,0.277778,0.722222,point_previews/task000031_mu065536_rho020_n0.png
0.2,65536,8,license_plate_bahnschrift.ttf,BFUCAOZJ9Y5KPW0TSHL38D2NGMVRX7Q64IE1,0,11,1,0.17,7.155418,0.919759,1.349142,BFUCAOZIPY5SKPWOTSHLSSD2NGMYVRX7QS4IE1,0.222222,0.777778,point_previews/task000031_mu065536_rho020_n1.png
0.3,65536,8,license_plate_bahnschrift.ttf,BFUCAOZJ9Y5KPW0TSHL38D2NGMVRX7Q64IE1,0,11,0,0.255,8.763561,0.881116,1.10157,BFUCAOZJIPYSKPWOTSHLSS8D2NGMVRX7QS4IE1,0.194444,0.805556,point_previews/task000031_mu065536_rho030_n0.png
0.3,65536,8,license_plate_bahnschrift.ttf,BFUCAOZJ9Y5KPW0TSHL38D2NGMVRX7Q64IE1,0,11,1,0.255,8.763561,0.881116,1.10157,BFUCAOZJIPYSKPWOTSHLS8D2NGMVRX7QS4IE1,0.166667,0.833333,point_previews/task000031_mu065536_rho030_n1.png
0.4,65536,8,license_plate_bahnschrift.ttf,BFUCAOZJ9Y5KPW0TSHL38D2NGMVRX7Q64IE1,0,11,0,0.34,10.119289,0.843436,0.953987,BFUCAOZI9YSKPWOTSHLSSD2NGMVRX7Q64IE1,0.138889,0.861111,point_previews/task000031_mu065536_rho040_n0.png
0.4,65536,8,license_plate_bahnschrift.ttf,BFUCAOZJ9Y5KPW0TSHL38D2NGMVRX7Q64IE1,0,11,1,0.34,10.119289,0.843436,0.953987,BFUCAOZI9YSKPWOTSHLSSD2NGMVRX7Q64IE1,0.138889,0.861111,point_previews/task000031_mu065536_rho040_n1.png
0.5,65536,8,license_plate_bahnschrift.ttf,BFUCAOZJ9Y5KPW0TSHL38D2NGMVRX7Q64IE1,0,11,0,0.425,11.313708,0.8067,0.853272,BFUCAOZJI9YSKPWOTSHL3S8D2NGMVRX7Q64IE1,0.111111,0.888889,point_previews/task000031_mu065536_rho050_n0.png
0.5,65536,8,license_plate_bahnschrift.ttf,BFUCAOZJ9Y5KPW0TSHL38D2NGMVRX7Q64IE1,0,11,1,0.425,11.313708,0.8067,0.853272,BFUCAOZJIPYSKPWOTSHL3S8D2NGMVRX7Q64IE1,0.138889,0.861111,point_previews/task000031_mu065536_rho050_n1.png
0.6,65536,8,license_plate_bahnschrift.ttf,BFUCAOZJ9Y5KPW0TSHL38D2NGMVRX7Q64IE1,0,11,0,0.51,12.393547,0.770893,0.778927,BFUCAOZI9YSKPWOTSHLSS8D2NGMVRX7Q641E1,0.166667,0.833333,point_previews/task000031_mu065536_rho060_n0.png
0.6,65536,8,license_plate_bahnschrift.ttf,BFUCAOZJ9Y5KPW0TSHL38D2NGMVRX7Q64IE1,0,11,1,0.51,12.393547,0.770893,0.778927,BFUCAOZIFYSKPWOTSHLSSD2NGMVRX7Q64IE1,0.166667,0.833333,point_previews/task000031_mu065536_rho060_n1.png
0.7,65536,8,license_plate_bahnschrift.ttf,BFUCAOZJ9Y5KPW0TSHL38D2NGMVRX7Q64IE1,0,11,0,0.595,13.38656,0.735998,0.721147,BFUCAOZJ9YSKPWOTSHL38D2NGMVRX7Q64IE1,0.055556,0.944444,point_previews/task000031_mu065536_rho070_n0.png
0.7,65536,8,license_plate_bahnschrift.ttf,BFUCAOZJ9Y5KPW0TSHL38D2NGMVRX7Q64IE1,0,11,1,0.595,13.38656,0.735998,0.721147,BFUCAOZJ7YSKPWOTSHL38D2NGMVRX7Q64IE1,0.083333,0.916667,point_previews/task000031_mu065536_rho070_n1.png
0.8,65536,8,license_plate_bahnschrift.ttf,BFUCAOZJ9Y5KPW0TSHL38D2NGMVRX7Q64IE1,0,11,0,0.68,14.310835,0.701998,0.674571,BFUCAOZI9YSKPWOTSHLS8D2NGMVRX7Q64IE1,0.111111,0.888889,point_previews/task000031_mu065536_rho080_n0.png
0.8,65536,8,license_plate_bahnschrift.ttf,BFUCAOZJ9Y5KPW0TSHL38D2NGMVRX7Q64IE1,0,11,1,0.68,14.310835,0.701998,0.674571,BFUCAOZI9YSKPWOTSHLSS8D2NGMVRX7Q64IE1,0.138889,0.861111,point_previews/task000031_mu065536_rho080_n1.png
0.9,65536,8,license_plate_bahnschrift.ttf,BFUCAOZJ9Y5KPW0TSHL38D2NGMVRX7Q64IE1,0,11,0,0.765,15.178933,0.668877,0.635992,BFUCAOZJ9YSKPWOTSHL38D2NGMVRX7Q64IE1,0.055556,0.944444,point_previews/task000031_mu065536_rho090_n0.png
0.9,65536,8,license_plate_bahnschrift.ttf,BFUCAOZJ9Y5KPW0TSHL38D2NGMVRX7Q64IE1,0,11,1,0.765,15.178933,0.668877,0.635992,BFUCAOZJ9YSKPWOTSHL38D2NGMVRX7Q64IE1,0.055556,0.944444,point_previews/task000031_mu065536_rho090_n1.png
1.0,65536,8,license_plate_bahnschrift.ttf,BFUCAOZJ9Y5KPW0TSHL38D2NGMVRX7Q64IE1,0,11,0,0.85,16.0,0.63662,0.603355,BFUCAOZJ9YSKPWOTSHL38D2NGMVRX7Q64IE1,0.055556,0.944444,point_previews/task000031_mu065536_rho100_n0.png
1.0,65536,8,license_plate_bahnschrift.ttf,BFUCAOZJ9Y5KPW0TSHL38D2NGMVRX7Q64IE1,0,11,1,0.85,16.0,0.63662,0.603355,BFUCAOZJ9YSKPWOTSHL38D2NGMVRX7Q64IE1,0.055556,0.944444,point_previews/task000031_mu065536_rho100_n1.png
0.1,4,8,license_plate_bahnschrift.ttf,BFUCAOZJ9Y5KPW0TSHL38D2NGMVRX7Q64IE1,0,15,0,0.085,5.059644,0.959381,1.907975,SSOS,0.944444,0.055556,point_previews/task000032_mu000004_rho010_n0.png
0.1,4,8,license_plate_bahnschrift.ttf,BFUCAOZJ9Y5KPW0TSHL38D2NGMVRX7Q64IE1,0,15,1,0.085,5.059644,0.959381,1.907975,,1.0,0.0,point_previews/task000032_mu000004_rho010_n1.png
0.2,4,8,license_plate_bahnschrift.ttf,BFUCAOZJ9Y5KPW0TSHL38D2NGMVRX7Q64IE1,0,15,0,0.17,7.155418,0.919759,1.349142,AEARKGMRRRSNEHOREADOLES2BR,0.944444,0.055556,point_previews/task000032_mu000004_rho020_n0.png
0.2,4,8,license_plate_bahnschrift.ttf,BFUCAOZJ9Y5KPW0TSHL38D2NGMVRX7Q64IE1,0,15,1,0.17,7.155418,0.919759,1.349142,SUPFUSATSNCATGNTGNNEHTAEBNEANEOR,0.916667,0.083333,point_previews/task000032_mu000004_rho020_n1.png
0.3,4,8,license_plate_bahnschrift.ttf,BFUCAOZJ9Y5KPW0TSHL38D2NGMVRX7Q64IE1,0,15,0,0.255,8.763561,0.881116,1.10157,BLCNBPTCRBRAE,0.833333,0.166667,point_previews/task000032_mu000004_rho030_n0.png
0.3,4,8,license_plate_bahnschrift.ttf,BFUCAOZJ9Y5KPW0TSHL38D2NGMVRX7Q64IE1,0,15,1,0.255,8.763561,0.881116,1.10157,PBN,0.944444,0.055556,point_previews/task000032_mu000004_rho030_n1.png
0.4,4,8,license_plate_bahnschrift.ttf,BFUCAOZJ9Y5KPW0TSHL38D2NGMVRX7Q64IE1,0,15,0,0.34,10.119289,0.843436,0.953987,REUAEAEEENTLGD,0.861111,0.138889,point_previews/task000032_mu000004_rho040_n0.png
0.4,4,8,license_plate_bahnschrift.ttf,BFUCAOZJ9Y5KPW0TSHL38D2NGMVRX7Q64IE1,0,15,1,0.34,10.119289,0.843436,0.953987,FAMLOLR,0.888889,0.111111,point_previews/task000032_mu000004_rho040_n1.png
0.5,4,8,license_plate_bahnschrift.ttf,BFUCAOZJ9Y5KPW0TSHL38D2NGMVRX7Q64IE1,0,15,0,0.425,11.313708,0.8067,0.853272,PESBSPDIPGSRTCRTLNE,0.833333,0.166667,point_previews/task000032_mu000004_rho050_n0.png
0.5,4,8,license_plate_bahnschrift.ttf,BFUCAOZJ9Y5KPW0TSHL38D2NGMVRX7Q64IE1,0,15,1,0.425,11.313708,0.8067,0.853272,SREARSSRRANQUTRIETNPROSR,0.888889,0.111111,point_previews/task000032_mu000004_rho050_n1.png
0.6,4,8,license_plate_bahnschrift.ttf,BFUCAOZJ9Y5KPW0TSHL38D2NGMVRX7Q64IE1,0,15,0,0.51,12.393547,0.770893,0.778927,PREREREESPSCRCRS,0.916667,0.083333,point_previews/task000032_mu000004_rho060_n0.png
0.6,4,8,license_plate_bahnschrift.ttf,BFUCAOZJ9Y5KPW0TSHL38D2NGMVRX7Q64IE1,0,15,1,0.51,12.393547,0.770893,0.778927,BTS,0.916667,0.083333,point_previews/task000032_mu000004_rho060_n1.png
0.7,4,8,license_plate_bahnschrift.ttf,BFUCAOZJ9Y5KPW0TSHL38D2NGMVRX7Q64IE1,0,15,0,0.595,13.38656,0.735998,0.721147,TTRERMONTSCEGHDTUNRLNIERIS,0.861111,0.138889,point_previews/task000032_mu000004_rho070_n0.png
0.7,4,8,license_plate_bahnschrift.ttf,BFUCAOZJ9Y5KPW0TSHL38D2NGMVRX7Q64IE1,0,15,1,0.595,13.38656,0.735998,0.721147,FERASIRLOSAERHERTAEUNRMOEASEONSLR,0.888889,0.111111,point_previews/task000032_mu000004_rho070_n1.png
0.8,4,8,license_plate_bahnschrift.ttf,BFUCAOZJ9Y5KPW0TSHL38D2NGMVRX7Q64IE1,0,15,0,0.68,14.310835,0.701998,0.674571,APRTOEROMOTEEURLIESEEETCLEAION,0.916667,0.083333,point_previews/task000032_mu000004_rho080_n0.png
0.8,4,8,license_plate_bahnschrift.ttf,BFUCAOZJ9Y5KPW0TSHL38D2NGMVRX7Q64IE1,0,15,1,0.68,14.310835,0.701998,0.674571,TFPEMOAESSBEDIEMREE,0.805556,0.194444,point_previews/task000032_mu000004_rho080_n1.png
0.9,4,8,license_plate_bahnschrift.ttf,BFUCAOZJ9Y5KPW0TSHL38D2NGMVRX7Q64IE1,0,15,0,0.765,15.178933,0.668877,0.635992,ROIEOSTAIBEFES,0.916667,0.083333,point_previews/task000032_mu000004_rho090_n0.png
0.9,4,8,license_plate_bahnschrift.ttf,BFUCAOZJ9Y5KPW0TSHL38D2NGMVRX7Q64IE1,0,15,1,0.765,15.178933,0.668877,0.635992,EGOSRBTSREEMGURTA,0.861111,0.138889,point_previews/task000032_mu000004_rho090_n1.png
1.0,4,8,license_plate_bahnschrift.ttf,BFUCAOZJ9Y5KPW0TSHL38D2NGMVRX7Q64IE1,0,15,0,0.85,16.0,0.63662,0.603355,HERGEOTRRTSLORTOTSEA,0.833333,0.166667,point_previews/task000032_mu000004_rho100_n0.png
1.0,4,8,license_plate_bahnschrift.ttf,BFUCAOZJ9Y5KPW0TSHL38D2NGMVRX7Q64IE1,0,15,1,0.85,16.0,0.63662,0.603355,PRUSISO2739CCURETES1CBRDTN,0.888889,0.111111,point_previews/task000032_mu000004_rho100_n1.png
0.1,16,8,license_plate_bahnschrift.ttf,BFUCAOZJ9Y5KPW0TSHL38D2NGMVRX7Q64IE1,0,15,0,0.085,5.059644,0.959381,1.907975,,1.0,0.0,point_previews/task000033_mu000016_rho010_n0.png
0.1,16,8,license_plate_bahnschrift.ttf,BFUCAOZJ9Y5KPW0TSHL38D2NGMVRX7Q64IE1,0,15,1,0.085,5.059644,0.959381,1.907975,BAONDMSOSNOSGIRTSEDNRML,0.833333,0.166667,point_previews/task000033_mu000016_rho010_n1.png
0.2,16,8,license_plate_bahnschrift.ttf,BFUCAOZJ9Y5KPW0TSHL38D2NGMVRX7Q64IE1,0,15,0,0.17,7.155418,0.919759,1.349142,CSTNVPOTROTGNBPRTSHSTTEAT,0.861111,0.138889,point_previews/task000033_mu000016_rho020_n0.png
0.2,16,8,license_plate_bahnschrift.ttf,BFUCAOZJ9Y5KPW0TSHL38D2NGMVRX7Q64IE1,0,15,1,0.17,7.155418,0.919759,1.349142,,1.0,0.0,point_previews/task000033_mu000016_rho020_n1.png
0.3,16,8,license_plate_bahnschrift.ttf,BFUCAOZJ9Y5KPW0TSHL38D2NGMVRX7Q64IE1,0,15,0,0.255,8.763561,0.881116,1.10157,BERCAGEOPSRATS38GNRPOA,0.75,0.25,point_previews/task000033_mu000016_rho030_n0.png
0.3,16,8,license_plate_bahnschrift.ttf,BFUCAOZJ9Y5KPW0TSHL38D2NGMVRX7Q64IE1,0,15,1,0.255,8.763561,0.881116,1.10157,BEUEAGZWYSMPGDTSLSBFONGMTRRRORAIR,0.611111,0.388889,point_previews/task000033_mu000016_rho030_n1.png
0.4,16,8,license_plate_bahnschrift.ttf,BFUCAOZJ9Y5KPW0TSHL38D2NGMVRX7Q64IE1,0,15,0,0.34,10.119289,0.843436,0.953987,BEUEMUEIEREWOTSHISADANGMTBES,0.694444,0.305556,point_previews/task000033_mu000016_rho040_n0.png
0.4,16,8,license_plate_bahnschrift.ttf,BFUCAOZJ9Y5KPW0TSHL38D2NGMVRX7Q64IE1,0,15,1,0.34,10.119289,0.843436,0.953987,SBRUCADEHSRPINOTSALSADZHMYRIAE,0.722222,0.277778,point_previews/task000033_mu000016_rho040_n1.png
0.5,16,8,license_plate_bahnschrift.ttf,BFUCAOZJ9Y5KPW0TSHL38D2NGMVRX7Q64IE1,0,15,0,0.425,11.313708,0.8067,0.853272,BUCAUZISBWOTSHISSDZNGMVREDEHIED,0.527778,0.472222,point_previews/task000033_mu000016_rho050_n0.png
0.5,16,8,license_plate_bahnschrift.ttf,BFUCAOZJ9Y5KPW0TSHL38D2NGMVRX7Q64IE1,0,15,1,0.425,11.313708,0.8067,0.853272,SBEUCKOZIGERVQTSHELSSAZNOMURETOSHICL,0.694444,0.305556,point_previews/task000033_mu000016_rho050_n1.png
0.6,16,8,license_plate_bahnschrift.ttf,BFUCAOZJ9Y5KPW0TSHL38D2NGMVRX7Q64IE1,0,15,0,0.51,12.393547,0.770893,0.778927,SBFUGACZIOYSKOWOTSHETSDINGRVRNIGAAED,0.555556,0.444444,point_previews/task000033_mu000016_rho060_n0.png
0.6,16,8,license_plate_bahnschrift.ttf,BFUCAOZJ9Y5KPW0TSHL38D2NGMVRX7Q64IE1,0,15,1,0.51,12.393547,0.770893,0.778927,BEUEAOZS9VSROWUTSHLGODANGMYRXTOAAIEG,0.472222,0.527778,point_previews/task000033_mu000016_rho060_n1.png
0.7,16,8,license_plate_bahnschrift.ttf,BFUCAOZJ9Y5KPW0TSHL38D2NGMVRX7Q64IE1,0,15,0,0.595,13.38656,0.735998,0.721147,BRUCADZIFYEKPWUTSHUSEDINGMVAKIOGAIES,0.472222,0.527778,point_previews/task000033_mu000016_rho070_n0.png
0.7,16,8,license_plate_bahnschrift.ttf,BFUCAOZJ9Y5KPW0TSHL38D2NGMVRX7Q64IE1,0,15,1,0.595,13.38656,0.735998,0.721147,,1.0,0.0,point_previews/task000033_mu000016_rho070_n1.png
0.8,16,8,license_plate_bahnschrift.ttf,BFUCAOZJ9Y5KPW0TSHL38D2NGMVRX7Q64IE1,0,15,0,0.68,14.310835,0.701998,0.674571,,1.0,0.0,point_previews/task000033_mu000016_rho080_n0.png
0.8,16,8,license_plate_bahnschrift.ttf,BFUCAOZJ9Y5KPW0TSHL38D2NGMVRX7Q64IE1,0,15,1,0.68,14.310835,0.701998,0.674571,AFUCAGZIPVSKPWOTSHLSBOQNGMYRXTOEAIEY,0.472222,0.527778,point_previews/task000033_mu000016_rho080_n1.png
0.9,16,8,license_plate_bahnschrift.ttf,BFUCAOZJ9Y5KPW0TSHL38D2NGMVRX7Q64IE1,0,15,0,0.765,15.178933,0.668877,0.635992,SBRUCADZITYSKEWOTSHE3AD2NGMVRKTO6ET,0.444444,0.555556,point_previews/task000033_mu000016_rho090_n0.png
0.9,16,8,license_plate_bahnschrift.ttf,BFUCAOZJ9Y5KPW0TSHL38D2NGMVRX7Q64IE1,0,15,1,0.765,15.178933,0.668877,0.635992,,1.0,0.0,point_previews/task000033_mu000016_rho090_n1.png
1.0,16,8,license_plate_bahnschrift.ttf,BFUCAOZJ9Y5KPW0TSHL38D2NGMVRX7Q64IE1,0,15,0,0.85,16.0,0.63662,0.603355,,1.0,0.0,point_previews/task000033_mu000016_rho100_n0.png
1.0,16,8,license_plate_bahnschrift.ttf,BFUCAOZJ9Y5KPW0TSHL38D2NGMVRX7Q64IE1,0,15,1,0.85,16.0,0.63662,0.603355,,1.0,0.0,point_previews/task000033_mu000016_rho100_n1.png
0.1,64,8,license_plate_bahnschrift.ttf,BFUCAOZJ9Y5KPW0TSHL38D2NGMVRX7Q64IE1,0,15,0,0.085,5.059644,0.959381,1.907975,SUCKUZHSKAWUISHSBDONONVRATSAET,0.666667,0.333333,point_previews/task000034_mu000064_rho010_n0.png
0.1,64,8,license_plate_bahnschrift.ttf,BFUCAOZJ9Y5KPW0TSHL38D2NGMVRX7Q64IE1,0,15,1,0.085,5.059644,0.959381,1.907975,BEUBADZIOVOHPWOTSHESREFMGIYRX70G0163,0.638889,0.361111,point_previews/task000034_mu000064_rho010_n1.png
0.2,64,8,license_plate_bahnschrift.ttf,BFUCAOZJ9Y5KPW0TSHL38D2NGMVRX7Q64IE1,0,15,0,0.17,7.155418,0.919759,1.349142,BRUCAOZOYSKPWOTSHESBDENGMVRATOSHIEL,0.416667,0.583333,point_previews/task000034_mu000064_rho020_n0.png
0.2,64,8,license_plate_bahnschrift.ttf,BFUCAOZJ9Y5KPW0TSHL38D2NGMVRX7Q64IE1,0,15,1,0.17,7.155418,0.919759,1.349142,BRUCAOZIFVSROWOTSHL3BD2NGMYRX7OE,0.416667,0.583333,point_previews/task000034_mu000064_rho020_n1.png
0.3,64,8,license_plate_bahnschrift.ttf,BFUCAOZJ9Y5KPW0TSHL38D2NGMVRX7Q64IE1,0,15,0,0.255,8.763561,0.881116,1.10157,BRFUCAOZI9VSKEWOTSHLS8D2NGMYRETOSAET,0.416667,0.583333,point_previews/task000034_mu000064_rho030_n0.png
0.3,64,8,license_plate_bahnschrift.ttf,BFUCAOZJ9Y5KPW0TSHL38D2NGMVRX7Q64IE1,0,15,1,0.255,8.763561,0.881116,1.10157,,1.0,0.0,point_previews/task000034_mu000064_rho030_n1.png
0.4,64,8,license_plate_bahnschrift.ttf,BFUCAOZJ9Y5KPW0TSHL38D2NGMVRX7Q64IE1,0,15,0,0.34,10.119289,0.843436,0.953987,BFUCAOZJ9YSKPWOTSHLS8D2NGMYRX7O641E1,0.166667,0.833333,point_previews/task000034_mu000064_rho040_n0.png
0.4,64,8,license_plate_bahnschrift.ttf,BFUCAOZJ9Y5KPW0TSHL38D2NGMVRX7Q64IE1,0,15,1,0.34,10.119289,0.843436,0.953987,BFUCAOZJ9YSKPWOTSHL38D2NGMYRX7OS4I51,0.166667,0.833333,point_previews/task000034_mu000064_rho040_n1.png
0.5,64,8,license_plate_bahnschrift.ttf,BFUCAOZJ9Y5KPW0TSHL38D2NGMVRX7Q64IE1,0,15,0,0.425,11.313708,0.8067,0.853272,BFUCAOZJ9YSKPWOTSHL38D2NGMVRX7O64IE1,0.083333,0.916667,point_previews/task000034_mu000064_rho050_n0.png
0.5,64,8,license_plate_bahnschrift.ttf,BFUCAOZJ9Y5KPW0TSHL38D2NGMVRX7Q64IE1,0,15,1,0.425,11.313708,0.8067,0.853272,BFUCAOZIJOYSKPWOTSHL38DZNGMVRX7O64IET,0.194444,0.805556,point_previews/task000034_mu000064_rho050_n1.png
0.6,64,8,license_plate_bahnschrift.ttf,BFUCAOZJ9Y5KPW0TSHL38D2NGMVRX7Q64IE1,0,15,0,0.51,12.393547,0.770893,0.778927,BFUCAOZJ9YSKPWOTSHL38D2NGMYRX7054161,0.194444,0.805556,point_previews/task000034_mu000064_rho060_n0.png
0.6,64,8,license_plate_bahnschrift.ttf,BFUCAOZJ9Y5KPW0TSHL38D2NGMVRX7Q64IE1,0,15,1,0.51,12.393547,0.770893,0.778927,BFUCAOZJ9YSKPWOTSHL3BD2NGMVRX7O641E1,0.138889,0.861111,point_previews/task000034_mu000064_rho060_n1.png
0.7,64,8,license_plate_bahnschrift.ttf,BFUCAOZJ9Y5KPW0TSHL38D2NGMVRX7Q64IE1,0,15,0,0.595,13.38656,0.735998,0.721147,BFUCAOZJ9YSKPWOTSHL3B8D2NGMVRX7Q64IE1,0.083333,0.916667,point_previews/task000034_mu000064_rho070_n0.png
0.7,64,8,license_plate_bahnschrift.ttf,BFUCAOZJ9Y5KPW0TSHL38D2NGMVRX7Q64IE1,0,15,1,0.595,13.38656,0.735998,0.721147,BFUCAOZJIYSKPWOTSHL38D2NGMYRX7Q641E,0.166667,0.833333,point_previews/task000034_mu000064_rho070_n1.png
0.8,64,8,license_plate_bahnschrift.ttf,BFUCAOZJ9Y5KPW0TSHL38D2NGMVRX7Q64IE1,0,15,0,0.68,14.310835,0.701998,0.674571,BFUCAOZJ9YSKPWOTSHL38D2NGMYRX7O64IE1,0.111111,0.888889,point_previews/task000034_mu000064_rho080_n0.png
0.8,64,8,license_plate_bahnschrift.ttf,BFUCAOZJ9Y5KPW0TSHL38D2NGMVRX7Q64IE1,0,15,1,0.68,14.310835,0.701998,0.674571,BFUCAOZJ9YSKPWOTSHL38D2NGMVRX7Q64IE1,0.055556,0.944444,point_previews/task000034_mu000064_rho080_n1.png
0.9,64,8,license_plate_bahnschrift.ttf,BFUCAOZJ9Y5KPW0TSHL38D2NGMVRX7Q64IE1,0,15,0,0.765,15.178933,0.668877,0.635992,BFUCAOZJ9VSKPWOTSHL38D2NGMVRX7TO641E1,0.166667,0.833333,point_previews/task000034_mu000064_rho090_n0.png
0.9,64,8,license_plate_bahnschrift.ttf,BFUCAOZJ9Y5KPW0TSHL38D2NGMVRX7Q64IE1,0,15,1,0.765,15.178933,0.668877,0.635992,BFUCAOZJ9YSKPWOTSHL38D2NGMVRX7OS4IE1,0.111111,0.888889,point_previews/task000034_mu000064_rho090_n1.png
1.0,64,8,license_plate_bahnschrift.ttf,BFUCAOZJ9Y5KPW0TSHL38D2NGMVRX7Q64IE1,0,15,0,0.85,16.0,0.63662,0.603355,BFUCAOZJ9YSKPWOTSHL38D2NGMVRX7Q64IE1,0.055556,0.944444,point_previews/task000034_mu000064_rho100_n0.png
1.0,64,8,license_plate_bahnschrift.ttf,BFUCAOZJ9Y5KPW0TSHL38D2NGMVRX7Q64IE1,0,15,1,0.85,16.0,0.63662,0.603355,BFUCAOZJ9Y5KPWOTSHL3BD2NGMVRX7Q64E1,0.083333,0.916667,point_previews/task000034_mu000064_rho100_n1.png
0.1,256,8,license_plate_bahnschrift.ttf,BFUCAOZJ9Y5KPW0TSHL38D2NGMVRX7Q64IE1,0,15,0,0.085,5.059644,0.959381,1.907975,BFUCAOZJIVSKPWOTSHL3ED2NGMYRXTOS4IE1,0.25,0.75,point_previews/task000035_mu000256_rho010_n0.png
0.1,256,8,license_plate_bahnschrift.ttf,BFUCAOZJ9Y5KPW0TSHL38D2NGMVRX7Q64IE1,0,15,1,0.085,5.059644,0.959381,1.907975,BFUCAOZJIYSKPWOTSHLSBD2NGMYRXIO6AIET,0.277778,0.722222,point_previews/task000035_mu000256_rho010_n1.png
0.2,256,8,license_plate_bahnschrift.ttf,BFUCAOZJ9Y5KPW0TSHL38D2NGMVRX7Q64IE1,0,15,0,0.17,7.155418,0.919759,1.349142,BFUCADZJIYSKPWOTSHL3BD2NGMVRX7O641E1,0.194444,0.805556,point_previews/task000035_mu000256_rho020_n0.png
0.2,256,8,license_plate_bahnschrift.ttf,BFUCAOZJ9Y5KPW0TSHL38D2NGMVRX7Q64IE1,0,15,1,0.17,7.155418,0.919759,1.349142,BFUCAOZJ9YS5KPWOTSHL38D2NGMVRX70641E1,0.111111,0.888889,point_previews/task000035_mu000256_rho020_n1.png
0.3,256,8,license_plate_bahnschrift.ttf,BFUCAOZJ9Y5KPW0TSHL38D2NGMVRX7Q64IE1,0,15,0,0.255,8.763561,0.881116,1.10157,BFUCAOZIFYSKPWOTSHLSSD2NGMYRX7Q64IE1,0.194444,0.805556,point_previews/task000035_mu000256_rho030_n0.png
0.3,256,8,license_plate_bahnschrift.ttf,BFUCAOZJ9Y5KPW0TSHL38D2NGMVRX7Q64IE1,0,15,1,0.255,8.763561,0.881116,1.10157,BFUCAOZIPYSKPWOTSHLS8D2NGMYRX7Q64E1,0.194444,0.805556,point_previews/task000035_mu000256_rho030_n1.png
0.4,256,8,license_plate_bahnschrift.ttf,BFUCAOZJ9Y5KPW0TSHL38D2NGMVRX7Q64IE1,0,15,0,0.34,10.119289,0.843436,0.953987,BFUCAOZIPYSKPWOTSHL3BD2NGMYVRX7O64IE1,0.194444,0.805556,point_previews/task000035_mu000256_rho040_n0.png
0.4,256,8,license_plate_bahnschrift.ttf,BFUCAOZJ9Y5KPW0TSHL38D2NGMVRX7Q64IE1,0,15,1,0.34,10.119289,0.843436,0.953987,BFUCAOZIPSYSKPWOTSHLSBD2NGMYRX7O64IEI,0.277778,0.722222,point_previews/task000035_mu000256_rho040_n1.png
0.5,256,8,license_plate_bahnschrift.ttf,BFUCAOZJ9Y5KPW0TSHL38D2NGMVRX7Q64IE1,0,15,0,0.425,11.313708,0.8067,0.853272,BFUCAOZIPYSKPWOTSHL3SSD2NGMVRX7O64IEI,0.222222,0.777778,point_previews/task000035_mu000256_rho050_n0.png
0.5,256,8,license_plate_bahnschrift.ttf,BFUCAOZJ9Y5KPW0TSHL38D2NGMVRX7Q64IE1,0,15,1,0.425,11.313708,0.8067,0.853272,BFUCAOZJ9YSKPWOTSHLSSD2NGMVRX7Q64IE1,0.111111,0.888889,point_previews/task000035_mu000256_rho050_n1.png
0.6,256,8,license_plate_bahnschrift.ttf,BFUCAOZJ9Y5KPW0TSHL38D2NGMVRX7Q64IE1,0,15,0,0.51,12.393547,0.770893,0.778927,BFUCAOZJ9YSKPWOTSHL38D2NGMVRX7Q641E1,0.083333,0.916667,point_previews/task000035_mu000256_rho060_n0.png
0.6,256,8,license_plate_bahnschrift.ttf,BFUCAOZJ9Y5KPW0TSHL38D2NGMVRX7Q64IE1,0,15,1,0.51,12.393547,0.770893,0.778927,BFUCAOZI9YSKPWOTSHL3S8D2NGMYRX7Q64IE1,0.138889,0.861111,point_previews/task000035_mu000256_rho060_n1.png
0.7,256,8,license_plate_bahnschrift.ttf,BFUCAOZJ9Y5KPW0TSHL38D2NGMVRX7Q64IE1,0,15,0,0.595,13.38656,0.735998,0.721147,BFUCAOZIJ9YSKPWOTSHLSS8D2NGMVRX7Q64IE1,0.138889,0.861111,point_previews/task000035_mu000256_rho070_n0.png
0.7,256,8,license_plate_bahnschrift.ttf,BFUCAOZJ9Y5KPW0TSHL38D2NGMVRX7Q64IE1,0,15,1,0.595,13.38656,0.735998,0.721147,BFUCAOZJIPYSKPWOTSHLSSD2NGMVRX7Q64IE1,0.166667,0.833333,point_previews/task000035_mu000256_rho070_n1.png
0.8,256,8,license_plate_bahnschrift.ttf,BFUCAOZJ9Y5KPW0TSHL38D2NGMVRX7Q64IE1,0,15,0,0.68,14.310835,0.701998,0.674571,BFUCAOZJ9YSKPWOTSHL3S8D2NGMVRX7Q641E1,0.111111,0.888889,point_previews/task000035_mu000256_rho080_n0.png
0.8,256,8,license_plate_bahnschrift.ttf,BFUCAOZJ9Y5KPW0TSHL38D2NGMVRX7Q64IE1,0,15,1,0.68,14.310835,0.701998,0.674571,BFUCAOZJ9YSKPWOTSHL38D2NGMVRX7GQ64IE1,0.083333,0.916667,point_previews/task000035_mu000256_rho080_n1.png
0.9,256,8,license_plate_bahnschrift.ttf,BFUCAOZJ9Y5KPW0TSHL38D2NGMVRX7Q64IE1,0,15,0,0.765,15.178933,0.668877,0.635992,BFUCAOZJFYSKPWOTSHL38D2NGMVRX7Q64IE1,0.083333,0.916667,point_previews/task000035_mu000256_rho090_n0.png
0.9,256,8,license_plate_bahnschrift.ttf,BFUCAOZJ9Y5KPW0TSHL38D2NGMVRX7Q64IE1,0,15,1,0.765,15.178933,0.668877,0.635992,BFUCAOZJIFYSKPWOTSHL3S8D2NGMYVRX7Q64IE1,0.166667,0.833333,point_previews/task000035_mu000256_rho090_n1.png
1.0,256,8,license_plate_bahnschrift.ttf,BFUCAOZJ9Y5KPW0TSHL38D2NGMVRX7Q64IE1,0,15,0,0.85,16.0,0.63662,0.603355,BFUCAOZJ9YSKPWOTSHL38D2NGMVRX7Q64IE1,0.055556,0.944444,point_previews/task000035_mu000256_rho100_n0.png
1.0,256,8,license_plate_bahnschrift.ttf,BFUCAOZJ9Y5KPW0TSHL38D2NGMVRX7Q64IE1,0,15,1,0.85,16.0,0.63662,0.603355,BFUCAOZJ9FYSKPWOTSHL38D2NGMVRX7Q64IE1,0.083333,0.916667,point_previews/task000035_mu000256_rho100_n1.png
0.1,1024,8,license_plate_bahnschrift.ttf,BFUCAOZJ9Y5KPW0TSHL38D2NGMVRX7Q64IE1,0,15,0,0.085,5.059644,0.959381,1.907975,BFUCADZISYSKPWOTSHLSSD2NGMYRX7O64IE1,0.25,0.75,point_previews/task000036_mu001024_rho010_n0.png
0.1,1024,8,license_plate_bahnschrift.ttf,BFUCAOZJ9Y5KPW0TSHL38D2NGMVRX7Q64IE1,0,15,1,0.085,5.059644,0.959381,1.907975,BFUCADZISYSKPWOTSHLSSD2NGMYRX7OS64IE1,0.277778,0.722222,point_previews/task000036_mu001024_rho010_n1.png
0.2,1024,8,license_plate_bahnschrift.ttf,BFUCAOZJ9Y5KPW0TSHL38D2NGMVRX7Q64IE1,0,15,0,0.17,7.155418,0.919759,1.349142,BFUCAOZISYSKPWOTSHLSSD2NGMYVRXA7QS64IE1,0.25,0.75,point_previews/task000036_mu001024_rho020_n0.png
0.2,1024,8,license_plate_bahnschrift.ttf,BFUCAOZJ9Y5KPW0TSHL38D2NGMVRX7Q64IE1,0,15,1,0.17,7.155418,0.919759,1.349142,BFUCAOZISYSKPWOTSHLSSD2NGMYVRX7Q64E1,0.222222,0.777778,point_previews/task000036_mu001024_rho020_n1.png
0.3,1024,8,license_plate_bahnschrift.ttf,BFUCAOZJ9Y5KPW0TSHL38D2NGMVRX7Q64IE1,0,15,0,0.255,8.763561,0.881116,1.10157,BFUCAOZJISYSKPWOTSHLSSD2NGMVRX7Q64IE1,0.166667,0.833333,point_previews/task000036_mu001024_rho030_n0.png
0.3,1024,8,license_plate_bahnschrift.ttf,BFUCAOZJ9Y5KPW0TSHL38D2NGMVRX7Q64IE1,0,15,1,0.255,8.763561,0.881116,1.10157,BFUCAOZIPYSKPWOTSHLSS8D2NGMYVRX7Q641E1,0.222222,0.777778,point_previews/task000036_mu001024_rho030_n1.png
0.4,1024,8,license_plate_bahnschrift.ttf,BFUCAOZJ9Y5KPW0TSHL38D2NGMVRX7Q64IE1,0,15,0,0.34,10.119289,0.843436,0.953987,BFUCAOZJPYSKPWOTSHL3S8D2NGMVRX7Q64IE1,0.111111,0.888889,point_previews/task000036_mu001024_rho040_n0.png
0.4,1024,8,license_plate_bahnschrift.ttf,BFUCAOZJ9Y5KPW0TSHL38D2NGMVRX7Q64IE1,0,15,1,0.34,10.119289,0.843436,0.953987,BFUCAOZJP9YSKPWOTSHL3S8D2NGMVRX7Q64IE1,0.111111,0.888889,point_previews/task000036_mu001024_rho040_n1.png
0.5,1024,8,license_plate_bahnschrift.ttf,BFUCAOZJ9Y5KPW0TSHL38D2NGMVRX7Q64IE1,0,15,0,0.425,11.313708,0.8067,0.853272,BFUCAOZJPYSKPWOTSHLSS8D2NGMVRX7Q64IE1,0.138889,0.861111,point_previews/task000036_mu001024_rho050_n0.png
0.5,1024,8,license_plate_bahnschrift.ttf,BFUCAOZJ9Y5KPW0TSHL38D2NGMVRX7Q64IE1,0,15,1,0.425,11.313708,0.8067,0.853272,BFUCAOZJ9YSKPWOTSHLSS8D2NGMVRX7Q64IE1,0.111111,0.888889,point_previews/task000036_mu001024_rho050_n1.png
0.6,1024,8,license_plate_bahnschrift.ttf,BFUCAOZJ9Y5KPW0TSHL38D2NGMVRX7Q64IE1,0,15,0,0.51,12.393547,0.770893,0.778927,BFUCAOZJ9YSKPWOTSHL38D2NGMYVRX7Q64IE1,0.083333,0.916667,point_previews/task000036_mu001024_rho060_n0.png
0.6,1024,8,license_plate_bahnschrift.ttf,BFUCAOZJ9Y5KPW0TSHL38D2NGMVRX7Q64IE1,0,15,1,0.51,12.393547,0.770893,0.778927,BFUCAOZJ9YSKPWOTSHL3S8D2NGMVRX7G64IE1,0.111111,0.888889,point_previews/task000036_mu001024_rho060_n1.png
0.7,1024,8,license_plate_bahnschrift.ttf,BFUCAOZJ9Y5KPW0TSHL38D2NGMVRX7Q64IE1,0,15,0,0.595,13.38656,0.735998,0.721147,BFUCAOZJ9YSKPWOTSHLSS8D2NGMVRX7Q64IE1,0.111111,0.888889,point_previews/task000036_mu001024_rho070_n0.png
0.7,1024,8,license_plate_bahnschrift.ttf,BFUCAOZJ9Y5KPW0TSHL38D2NGMVRX7Q64IE1,0,15,1,0.595,13.38656,0.735998,0.721147,BFUCAOZJ9YSKPWOTSHL3S8D2NGMVRX7Q64IE1,0.083333,0.916667,point_previews/task000036_mu001024_rho070_n1.png
0.8,1024,8,license_plate_bahnschrift.ttf,BFUCAOZJ9Y5KPW0TSHL38D2NGMVRX7Q64IE1,0,15,0,0.68,14.310835,0.701998,0.674571,BFUCAOZJ9YSKPWOTSHL3S8D2NGMVRX7GQ64IE1,0.111111,0.888889,point_previews/task000036_mu001024_rho080_n0.png
0.8,1024,8,license_plate_bahnschrift.ttf,BFUCAOZJ9Y5KPW0TSHL38D2NGMVRX7Q64IE1,0,15,1,0.68,14.310835,0.701998,0.674571,BFUCAOZJ9YSKPWOTSHL3S8D2NGMVRX7Q64IE1,0.083333,0.916667,point_previews/task000036_mu001024_rho080_n1.png
0.9,1024,8,license_plate_bahnschrift.ttf,BFUCAOZJ9Y5KPW0TSHL38D2NGMVRX7Q64IE1,0,15,0,0.765,15.178933,0.668877,0.635992,BFUCAOZJ9YSKPWOTSHL3S8D2NGMVRX7Q64IE1,0.083333,0.916667,point_previews/task000036_mu001024_rho090_n0.png
0.9,1024,8,license_plate_bahnschrift.ttf,BFUCAOZJ9Y5KPW0TSHL38D2NGMVRX7Q64IE1,0,15,1,0.765,15.178933,0.668877,0.635992,BFUCAOZJ9YSKPWOTSHL3S8D2NGMVRX7G64IE1,0.111111,0.888889,point_previews/task000036_mu001024_rho090_n1.png
1.0,1024,8,license_plate_bahnschrift.ttf,BFUCAOZJ9Y5KPW0TSHL38D2NGMVRX7Q64IE1,0,15,0,0.85,16.0,0.63662,0.603355,BFUCAOZJ9YSKPWOTSHL38D2NGMVRX7Q64IE1,0.055556,0.944444,point_previews/task000036_mu001024_rho100_n0.png
1.0,1024,8,license_plate_bahnschrift.ttf,BFUCAOZJ9Y5KPW0TSHL38D2NGMVRX7Q64IE1,0,15,1,0.85,16.0,0.63662,0.603355,BFUCAOZJ9YSKPWOTSHL38D2NGMVRX7Q64IE1,0.055556,0.944444,point_previews/task000036_mu001024_rho100_n1.png
0.1,4096,8,license_plate_bahnschrift.ttf,BFUCAOZJ9Y5KPW0TSHL38D2NGMVRX7Q64IE1,0,15,0,0.085,5.059644,0.959381,1.907975,BFUCAOZISYSKPWOTSHLSBD2NGMYRX7O64IE1,0.222222,0.777778,point_previews/task000037_mu004096_rho010_n0.png
0.1,4096,8,license_plate_bahnschrift.ttf,BFUCAOZJ9Y5KPW0TSHL38D2NGMVRX7Q64IE1,0,15,1,0.085,5.059644,0.959381,1.907975,BFUCAOZISYSKPWOTSHLSSD2NGMYRX7O64IE1,0.222222,0.777778,point_previews/task000037_mu004096_rho010_n1.png
0.2,4096,8,license_plate_bahnschrift.ttf,BFUCAOZJ9Y5KPW0TSHL38D2NGMVRX7Q64IE1,0,15,0,0.17,7.155418,0.919759,1.349142,BFUCAOZJIPYSKPWOTSHLS8D2NGMYVRX7Q64IE1,0.166667,0.833333,point_previews/task000037_mu004096_rho020_n0.png
0.2,4096,8,license_plate_bahnschrift.ttf,BFUCAOZJ9Y5KPW0TSHL38D2NGMVRX7Q64IE1,0,15,1,0.17,7.155418,0.919759,1.349142,BFUCAOZISYSKPWOTSHLSSD2NGMYVRX7Q64IE1,0.194444,0.805556,point_previews/task000037_mu004096_rho020_n1.png
0.3,4096,8,license_plate_bahnschrift.ttf,BFUCAOZJ9Y5KPW0TSHL38D2NGMVRX7Q64IE1,0,15,0,0.255,8.763561,0.881116,1.10157,BFUCAOZJIPYSKPWOTSHLS8D2NGMVRX7Q64IE1,0.138889,0.861111,point_previews/task000037_mu004096_rho030_n0.png
0.3,4096,8,license_plate_bahnschrift.ttf,BFUCAOZJ9Y5KPW0TSHL38D2NGMVRX7Q64IE1,0,15,1,0.255,8.763561,0.881116,1.10157,BFUCAOZJISYSKPWOTSHLS8D2NGMVRX7Q64IE1,0.138889,0.861111,point_previews/task000037_mu004096_rho030_n1.png
0.4,4096,8,license_plate_bahnschrift.ttf,BFUCAOZJ9Y5KPW0TSHL38D2NGMVRX7Q64IE1,0,15,0,0.34,10.119289,0.843436,0.953987,BFUCAOZJ9YSKPWOTSHL3S8D2NGMYVRX7Q64IE1,0.111111,0.888889,point_previews/task000037_mu004096_rho040_n0.png
0.4,4096,8,license_plate_bahnschrift.ttf,BFUCAOZJ9Y5KPW0TSHL38D2NGMVRX7Q64IE1,0,15,1,0.34,10.119289,0.843436,0.953987,BFUCAOZJ9YSKPWOTSHL38D2NGMVRX7Q64IE1,0.055556,0.944444,point_previews/task000037_mu004096_rho040_n1.png
0.5,4096,8,license_plate_bahnschrift.ttf,BFUCAOZJ9Y5KPW0TSHL38D2NGMVRX7Q64IE1,0,15,0,0.425,11.313708,0.8067,0.853272,BFUCAOZJI9YSKPWOTSHL38D2NGMVRX7Q64IE1,0.083333,0.916667,point_previews/task000037_mu004096_rho050_n0.png
0.5,4096,8,license_plate_bahnschrift.ttf,BFUCAOZJ9Y5KPW0TSHL38D2NGMVRX7Q64IE1,0,15,1,0.425,11.313708,0.8067,0.853272,BFUCAOZJIPYSKPWOTSHL38D2NGMVRX7Q64IE1,0.111111,0.888889,point_previews/task000037_mu004096_rho050_n1.png
0.6,4096,8,license_plate_bahnschrift.ttf,BFUCAOZJ9Y5KPW0TSHL38D2NGMVRX7Q64IE1,0,15,0,0.51,12.393547,0.770893,0.778927,BFUCAOZJ9YSKPWOTSHL38D2NGMVRX7Q64IE1,0.055556,0.944444,point_previews/task000037_mu004096_rho060_n0.png
0.6,4096,8,license_plate_bahnschrift.ttf,BFUCAOZJ9Y5KPW0TSHL38D2NGMVRX7Q64IE1,0,15,1,0.51,12.393547,0.770893,0.778927,BFUCAOZJI9YSKPWOTSHL38D2NGMVRX7Q64IE1,0.083333,0.916667,point_previews/task000037_mu004096_rho060_n1.png
0.7,4096,8,license_plate_bahnschrift.ttf,BFUCAOZJ9Y5KPW0TSHL38D2NGMVRX7Q64IE1,0,15,0,0.595,13.38656,0.735998,0.721147,BFUCAOZJ9YSKPWOTSHL38D2NGMVRX7Q64IE1,0.055556,0.944444,point_previews/task000037_mu004096_rho070_n0.png
0.7,4096,8,license_plate_bahnschrift.ttf,BFUCAOZJ9Y5KPW0TSHL38D2NGMVRX7Q64IE1,0,15,1,0.595,13.38656,0.735998,0.721147,BFUCAOZJ9YSKPWOTSHLS8D2NGMVRX7Q64IE1,0.083333,0.916667,point_previews/task000037_mu004096_rho070_n1.png
0.8,4096,8,license_plate_bahnschrift.ttf,BFUCAOZJ9Y5KPW0TSHL38D2NGMVRX7Q64IE1,0,15,0,0.68,14.310835,0.701998,0.674571,BFUCAOZJ9YSKPWOTSHL38D2NGMVRX7GQ64IE1,0.083333,0.916667,point_previews/task000037_mu004096_rho080_n0.png
0.8,4096,8,license_plate_bahnschrift.ttf,BFUCAOZJ9Y5KPW0TSHL38D2NGMVRX7Q64IE1,0,15,1,0.68,14.310835,0.701998,0.674571,BFUCAOZJ9YSKPWOTSHL38D2NGMVRX7Q64IE1,0.055556,0.944444,point_previews/task000037_mu004096_rho080_n1.png
0.9,4096,8,license_plate_bahnschrift.ttf,BFUCAOZJ9Y5KPW0TSHL38D2NGMVRX7Q64IE1,0,15,0,0.765,15.178933,0.668877,0.635992,BFUCAOZJ9YSKPWOTSHL38D2NGMVRX7Q64IE1,0.055556,0.944444,point_previews/task000037_mu004096_rho090_n0.png
0.9,4096,8,license_plate_bahnschrift.ttf,BFUCAOZJ9Y5KPW0TSHL38D2NGMVRX7Q64IE1,0,15,1,0.765,15.178933,0.668877,0.635992,BFUCAOZJ9YSKPWOTSHL38D2NGMVRX7Q64IE1,0.055556,0.944444,point_previews/task000037_mu004096_rho090_n1.png
1.0,4096,8,license_plate_bahnschrift.ttf,BFUCAOZJ9Y5KPW0TSHL38D2NGMVRX7Q64IE1,0,15,0,0.85,16.0,0.63662,0.603355,BFUCAOZJ9YSKPWOTSHL38D2NGMVRX7Q64IE1,0.055556,0.944444,point_previews/task000037_mu004096_rho100_n0.png
1.0,4096,8,license_plate_bahnschrift.ttf,BFUCAOZJ9Y5KPW0TSHL38D2NGMVRX7Q64IE1,0,15,1,0.85,16.0,0.63662,0.603355,BFUCAOZJ9YSKPWOTSHL38D2NGMVRX7Q64IE1,0.055556,0.944444,point_previews/task000037_mu004096_rho100_n1.png
0.1,16384,8,license_plate_bahnschrift.ttf,BFUCAOZJ9Y5KPW0TSHL38D2NGMVRX7Q64IE1,0,15,0,0.085,5.059644,0.959381,1.907975,BFUCAOZJI9YSKPWOTSHL3SB8D2Z2NGMYRX7QS4IE1,0.25,0.75,point_previews/task000038_mu016384_rho010_n0.png
0.1,16384,8,license_plate_bahnschrift.ttf,BFUCAOZJ9Y5KPW0TSHL38D2NGMVRX7Q64IE1,0,15,1,0.085,5.059644,0.959381,1.907975,BFUCAOZJI9YSKPWOTSHLSB8D2Z2NGMYRX7QS4IE1,0.25,0.75,point_previews/task000038_mu016384_rho010_n1.png
0.2,16384,8,license_plate_bahnschrift.ttf,BFUCAOZJ9Y5KPW0TSHL38D2NGMVRX7Q64IE1,0,15,0,0.17,7.155418,0.919759,1.349142,BFUCAOZJISYSKPWOTSHLS8D2NGMYRX7Q64IE1,0.166667,0.833333,point_previews/task000038_mu016384_rho020_n0.png
0.2,16384,8,license_plate_bahnschrift.ttf,BFUCAOZJ9Y5KPW0TSHL38D2NGMVRX7Q64IE1,0,15,1,0.17,7.155418,0.919759,1.349142,BFUCAOZJI9YSKPWOTSHLS8D2NGMYRX7Q64IE1,0.138889,0.861111,point_previews/task000038_mu016384_rho020_n1.png
0.3,16384,8,license_plate_bahnschrift.ttf,BFUCAOZJ9Y5KPW0TSHL38D2NGMVRX7Q64IE1,0,15,0,0.255,8.763561,0.881116,1.10157,BFUCAOZJI9YSKPWOTSHL3S8D2NGMVRX7Q64IE1,0.111111,0.888889,point_previews/task000038_mu016384_rho030_n0.png
0.3,16384,8,license_plate_bahnschrift.ttf,BFUCAOZJ9Y5KPW0TSHL38D2NGMVRX7Q64IE1,0,15,1,0.255,8.763561,0.881116,1.10157,BFUCAOZJIPYSKPWOTSHLS8D2NGMVRX7Q64IE1,0.138889,0.861111,point_previews/task000038_mu016384_rho030_n1.png
0.4,16384,8,license_plate_bahnschrift.ttf,BFUCAOZJ9Y5KPW0TSHL38D2NGMVRX7Q64IE1,0,15,0,0.34,10.119289,0.843436,0.953987,BFUCAOZJI9YSKPWOTSHL38D2NGMVRX7Q64IE1,0.083333,0.916667,point_previews/task000038_mu016384_rho040_n0.png
0.4,16384,8,license_plate_bahnschrift.ttf,BFUCAOZJ9Y5KPW0TSHL38D2NGMVRX7Q64IE1,0,15,1,0.34,10.119289,0.843436,0.953987,BFUCAOZJ9YSKPWOTSHL38D2NGMVRX7Q64IE1,0.055556,0.944444,point_previews/task000038_mu016384_rho040_n1.png
0.5,16384,8,license_plate_bahnschrift.ttf,BFUCAOZJ9Y5KPW0TSHL38D2NGMVRX7Q64IE1,0,15,0,0.425,11.313708,0.8067,0.853272,BFUCAOZJ9YSKPWOTSHL38D2NGMVRX7Q64IE1,0.055556,0.944444,point_previews/task000038_mu016384_rho050_n0.png
0.5,16384,8,license_plate_bahnschrift.ttf,BFUCAOZJ9Y5KPW0TSHL38D2NGMVRX7Q64IE1,0,15,1,0.425,11.313708,0.8067,0.853272,BFUCAOZJ9YSKPWOTSHL38D2NGMVRX7Q64IE1,0.055556,0.944444,point_previews/task000038_mu016384_rho050_n1.png
0.6,16384,8,license_plate_bahnschrift.ttf,BFUCAOZJ9Y5KPW0TSHL38D2NGMVRX7Q64IE1,0,15,0,0.51,12.393547,0.770893,0.778927,BFUCAOZJ9YSKPWOTSHL38D2NGMVRX7Q64IE1,0.055556,0.944444,point_previews/task000038_mu016384_rho060_n0.png
0.6,16384,8,license_plate_bahnschrift.ttf,BFUCAOZJ9Y5KPW0TSHL38D2NGMVRX7Q64IE1,0,15,1,0.51,12.393547,0.770893,0.778927,BFUCAOZJ9YSKPWOTSHL38D2NGMVRX7Q64IE1,0.055556,0.944444,point_previews/task000038_mu016384_rho060_n1.png
0.7,16384,8,license_plate_bahnschrift.ttf,BFUCAOZJ9Y5KPW0TSHL38D2NGMVRX7Q64IE1,0,15,0,0.595,13.38656,0.735998,0.721147,BFUCAOZJ9YSKPWOTSHL38D2NGMVRX7Q64IE1,0.055556,0.944444,point_previews/task000038_mu016384_rho070_n0.png
0.7,16384,8,license_plate_bahnschrift.ttf,BFUCAOZJ9Y5KPW0TSHL38D2NGMVRX7Q64IE1,0,15,1,0.595,13.38656,0.735998,0.721147,BFUCAOZJ9YSKPWOTSHL38D2NGMVRX7Q64IE1,0.055556,0.944444,point_previews/task000038_mu016384_rho070_n1.png
0.8,16384,8,license_plate_bahnschrift.ttf,BFUCAOZJ9Y5KPW0TSHL38D2NGMVRX7Q64IE1,0,15,0,0.68,14.310835,0.701998,0.674571,BFUCAOZJ9YSKPWOTSHL38D2NGMVRX7Q64IE1,0.055556,0.944444,point_previews/task000038_mu016384_rho080_n0.png
0.8,16384,8,license_plate_bahnschrift.ttf,BFUCAOZJ9Y5KPW0TSHL38D2NGMVRX7Q64IE1,0,15,1,0.68,14.310835,0.701998,0.674571,BFUCAOZJ9YSKPWOTSHL38D2NGMVRX7Q64IE1,0.055556,0.944444,point_previews/task000038_mu016384_rho080_n1.png
0.9,16384,8,license_plate_bahnschrift.ttf,BFUCAOZJ9Y5KPW0TSHL38D2NGMVRX7Q64IE1,0,15,0,0.765,15.178933,0.668877,0.635992,BFUCAOZJ9YSKPWOTSHL38D2NGMVRX7Q64IE1,0.055556,0.944444,point_previews/task000038_mu016384_rho090_n0.png
0.9,16384,8,license_plate_bahnschrift.ttf,BFUCAOZJ9Y5KPW0TSHL38D2NGMVRX7Q64IE1,0,15,1,0.765,15.178933,0.668877,0.635992,BFUCAOZJ9YSKPWOTSHL38D2NGMVRX7Q64IE1,0.055556,0.944444,point_previews/task000038_mu016384_rho090_n1.png
1.0,16384,8,license_plate_bahnschrift.ttf,BFUCAOZJ9Y5KPW0TSHL38D2NGMVRX7Q64IE1,0,15,0,0.85,16.0,0.63662,0.603355,BFUCAOZJ9YSKPWOTSHL38D2NGMVRX7Q64IE1,0.055556,0.944444,point_previews/task000038_mu016384_rho100_n0.png
1.0,16384,8,license_plate_bahnschrift.ttf,BFUCAOZJ9Y5KPW0TSHL38D2NGMVRX7Q64IE1,0,15,1,0.85,16.0,0.63662,0.603355,BFUCAOZJ9YSKPWOTSHL38D2NGMVRX7Q64IE1,0.055556,0.944444,point_previews/task000038_mu016384_rho100_n1.png
0.1,65536,8,license_plate_bahnschrift.ttf,BFUCAOZJ9Y5KPW0TSHL38D2NGMVRX7Q64IE1,0,15,0,0.085,5.059644,0.959381,1.907975,BFUCAOZJI9YSKPWOTSHL3SB8D2Z2NGMYRX7QS4IE1,0.25,0.75,point_previews/task000039_mu065536_rho010_n0.png
0.1,65536,8,license_plate_bahnschrift.ttf,BFUCAOZJ9Y5KPW0TSHL38D2NGMVRX7Q64IE1,0,15,1,0.085,5.059644,0.959381,1.907975,BFUCAOZJI9YSKPWOTSHL3SB8D2Z2NGMYRX7QS4IE1,0.25,0.75,point_previews/task000039_mu065536_rho010_n1.png
0.2,65536,8,license_plate_bahnschrift.ttf,BFUCAOZJ9Y5KPW0TSHL38D2NGMVRX7Q64IE1,0,15,0,0.17,7.155418,0.919759,1.349142,BFUCAOZJISYSKPWOTSHLS8D2NGMYVRX7Q64IE1,0.166667,0.833333,point_previews/task000039_mu065536_rho020_n0.png
0.2,65536,8,license_plate_bahnschrift.ttf,BFUCAOZJ9Y5KPW0TSHL38D2NGMVRX7Q64IE1,0,15,1,0.17,7.155418,0.919759,1.349142,BFUCAOZJI9YSKPWOTSHLS8D2NGMYVRX7Q64IE1,0.138889,0.861111,point_previews/task000039_mu065536_rho020_n1.png
0.3,65536,8,license_plate_bahnschrift.ttf,BFUCAOZJ9Y5KPW0TSHL38D2NGMVRX7Q64IE1,0,15,0,0.255,8.763561,0.881116,1.10157,BFUCAOZJI9YSKPWOTSHLS8D2NGMVRX7Q64IE1,0.111111,0.888889,point_previews/task000039_mu065536_rho030_n0.png
0.3,65536,8,license_plate_bahnschrift.ttf,BFUCAOZJ9Y5KPW0TSHL38D2NGMVRX7Q64IE1,0,15,1,0.255,8.763561,0.881116,1.10157,BFUCAOZJIPYSKPWOTSHLS8D2NGMVRX7Q64IE1,0.138889,0.861111,point_previews/task000039_mu065536_rho030_n1.png
0.4,65536,8,license_plate_bahnschrift.ttf,BFUCAOZJ9Y5KPW0TSHL38D2NGMVRX7Q64IE1,0,15,0,0.34,10.119289,0.843436,0.953987,BFUCAOZJ9YSKPWOTSHL38D2NGMVRX7Q64IE1,0.055556,0.944444,point_previews/task000039_mu065536_rho040_n0.png
0.4,65536,8,license_plate_bahnschrift.ttf,BFUCAOZJ9Y5KPW0TSHL38D2NGMVRX7Q64IE1,0,15,1,0.34,10.119289,0.843436,0.953987,BFUCAOZJI9YSKPWOTSHL38D2NGMVRX7Q64IE1,0.083333,0.916667,point_previews/task000039_mu065536_rho040_n1.png
0.5,65536,8,license_plate_bahnschrift.ttf,BFUCAOZJ9Y5KPW0TSHL38D2NGMVRX7Q64IE1,0,15,0,0.425,11.313708,0.8067,0.853272,BFUCAOZJ9YSKPWOTSHL38D2NGMVRX7Q64IE1,0.055556,0.944444,point_previews/task000039_mu065536_rho050_n0.png
0.5,65536,8,license_plate_bahnschrift.ttf,BFUCAOZJ9Y5KPW0TSHL38D2NGMVRX7Q64IE1,0,15,1,0.425,11.313708,0.8067,0.853272,BFUCAOZJI9YSKPWOTSHL38D2NGMVRX7Q64IE1,0.083333,0.916667,point_previews/task000039_mu065536_rho050_n1.png
0.6,65536,8,license_plate_bahnschrift.ttf,BFUCAOZJ9Y5KPW0TSHL38D2NGMVRX7Q64IE1,0,15,0,0.51,12.393547,0.770893,0.778927,BFUCAOZJ9YSKPWOTSHL38D2NGMVRX7Q64IE1,0.055556,0.944444,point_previews/task000039_mu065536_rho060_n0.png
0.6,65536,8,license_plate_bahnschrift.ttf,BFUCAOZJ9Y5KPW0TSHL38D2NGMVRX7Q64IE1,0,15,1,0.51,12.393547,0.770893,0.778927,BFUCAOZJ9YSKPWOTSHL38D2NGMVRX7Q64IE1,0.055556,0.944444,point_previews/task000039_mu065536_rho060_n1.png
0.7,65536,8,license_plate_bahnschrift.ttf,BFUCAOZJ9Y5KPW0TSHL38D2NGMVRX7Q64IE1,0,15,0,0.595,13.38656,0.735998,0.721147,BFUCAOZJ9YSKPWOTSHL38D2NGMVRX7Q64IE1,0.055556,0.944444,point_previews/task000039_mu065536_rho070_n0.png
0.7,65536,8,license_plate_bahnschrift.ttf,BFUCAOZJ9Y5KPW0TSHL38D2NGMVRX7Q64IE1,0,15,1,0.595,13.38656,0.735998,0.721147,BFUCAOZJ9YSKPWOTSHL38D2NGMVRX7Q64IE1,0.055556,0.944444,point_previews/task000039_mu065536_rho070_n1.png
0.8,65536,8,license_plate_bahnschrift.ttf,BFUCAOZJ9Y5KPW0TSHL38D2NGMVRX7Q64IE1,0,15,0,0.68,14.310835,0.701998,0.674571,BFUCAOZJ9YSKPWOTSHL38D2NGMVRX7Q64IE1,0.055556,0.944444,point_previews/task000039_mu065536_rho080_n0.png
0.8,65536,8,license_plate_bahnschrift.ttf,BFUCAOZJ9Y5KPW0TSHL38D2NGMVRX7Q64IE1,0,15,1,0.68,14.310835,0.701998,0.674571,BFUCAOZJ9YSKPWOTSHL38D2NGMVRX7Q64IE1,0.055556,0.944444,point_previews/task000039_mu065536_rho080_n1.png
0.9,65536,8,license_plate_bahnschrift.ttf,BFUCAOZJ9Y5KPW0TSHL38D2NGMVRX7Q64IE1,0,15,0,0.765,15.178933,0.668877,0.635992,BFUCAOZJ9YSKPWOTSHL38D2NGMVRX7Q64IE1,0.055556,0.944444,point_previews/task000039_mu065536_rho090_n0.png
0.9,65536,8,license_plate_bahnschrift.ttf,BFUCAOZJ9Y5KPW0TSHL38D2NGMVRX7Q64IE1,0,15,1,0.765,15.178933,0.668877,0.635992,BFUCAOZJ9YSKPWOTSHL38D2NGMVRX7Q64IE1,0.055556,0.944444,point_previews/task000039_mu065536_rho090_n1.png
1.0,65536,8,license_plate_bahnschrift.ttf,BFUCAOZJ9Y5KPW0TSHL38D2NGMVRX7Q64IE1,0,15,0,0.85,16.0,0.63662,0.603355,BFUCAOZJ9YSKPWOTSHL38D2NGMVRX7Q64IE1,0.055556,0.944444,point_previews/task000039_mu065536_rho100_n0.png
1.0,65536,8,license_plate_bahnschrift.ttf,BFUCAOZJ9Y5KPW0TSHL38D2NGMVRX7Q64IE1,0,15,1,0.85,16.0,0.63662,0.603355,BFUCAOZJ9YSKPWOTSHL38D2NGMVRX7Q64IE1,0.055556,0.944444,point_previews/task000039_mu065536_rho100_n1.png
0.1,4,8,license_plate_bahnschrift.ttf,BFUCAOZJ9Y5KPW0TSHL38D2NGMVRX7Q64IE1,3,0,0,0.085,5.059644,0.959381,1.907975,,1.0,0.0,point_previews/task000040_mu000004_rho010_n0.png
0.1,4,8,license_plate_bahnschrift.ttf,BFUCAOZJ9Y5KPW0TSHL38D2NGMVRX7Q64IE1,3,0,1,0.085,5.059644,0.959381,1.907975,,1.0,0.0,point_previews/task000040_mu000004_rho010_n1.png
0.2,4,8,license_plate_bahnschrift.ttf,BFUCAOZJ9Y5KPW0TSHL38D2NGMVRX7Q64IE1,3,0,0,0.17,7.155418,0.919759,1.349142,UPORSCARSCPNCTAPTAORTE,0.861111,0.138889,point_previews/task000040_mu000004_rho020_n0.png
0.2,4,8,license_plate_bahnschrift.ttf,BFUCAOZJ9Y5KPW0TSHL38D2NGMVRX7Q64IE1,3,0,1,0.17,7.155418,0.919759,1.349142,RREEVENRSNTERENHDHE,0.888889,0.111111,point_previews/task000040_mu000004_rho020_n1.png
0.3,4,8,license_plate_bahnschrift.ttf,BFUCAOZJ9Y5KPW0TSHL38D2NGMVRX7Q64IE1,3,0,0,0.255,8.763561,0.881116,1.10157,MESPTAEAMSRS2,0.888889,0.111111,point_previews/task000040_mu000004_rho030_n0.png
0.3,4,8,license_plate_bahnschrift.ttf,BFUCAOZJ9Y5KPW0TSHL38D2NGMVRX7Q64IE1,3,0,1,0.255,8.763561,0.881116,1.10157,SASPRUTRNOMENGORAA,0.833333,0.166667,point_previews/task000040_mu000004_rho030_n1.png
0.4,4,8,license_plate_bahnschrift.ttf,BFUCAOZJ9Y5KPW0TSHL38D2NGMVRX7Q64IE1,3,0,0,0.34,10.119289,0.843436,0.953987,SBSESCAISPIGSSICSPLS,0.916667,0.083333,point_previews/task000040_mu000004_rho040_n0.png
0.4,4,8,license_plate_bahnschrift.ttf,BFUCAOZJ9Y5KPW0TSHL38D2NGMVRX7Q64IE1,3,0,1,0.34,10.119289,0.843436,0.953987,TR8SEATHGRTDSOINAC,0.888889,0.111111,point_previews/task000040_mu000004_rho040_n1.png
0.5,4,8,license_plate_bahnschrift.ttf,BFUCAOZJ9Y5KPW0TSHL38D2NGMVRX7Q64IE1,3,0,0,0.425,11.313708,0.8067,0.853272,LAROOMSONAMRVRPRTNS,0.861111,0.138889,point_previews/task000040_mu000004_rho050_n0.png
0.5,4,8,license_plate_bahnschrift.ttf,BFUCAOZJ9Y5KPW0TSHL38D2NGMVRX7Q64IE1,3,0,1,0.425,11.313708,0.8067,0.853272,BSUPRENSTSTDETMSPSMESLSTE,0.833333,0.166667,point_previews/task000040_mu000004_rho050_n1.png
0.6,4,8,license_plate_bahnschrift.ttf,BFUCAOZJ9Y5KPW0TSHL38D2NGMVRX7Q64IE1,3,0,0,0.51,12.393547,0.770893,0.778927,AYURSDRCORTOTAMNDPPAS,0.916667,0.083333,point_previews/task000040_mu000004_rho060_n0.png
0.6,4,8,license_plate_bahnschrift.ttf,BFUCAOZJ9Y5KPW0TSHL38D2NGMVRX7Q64IE1,3,0,1,0.51,12.393547,0.770893,0.778927,NSPGARSRSRRNSPNGAEOAEE,0.861111,0.138889,point_previews/task000040_mu000004_rho060_n1.png
0.7,4,8,license_plate_bahnschrift.ttf,BFUCAOZJ9Y5KPW0TSHL38D2NGMVRX7Q64IE1,3,0,0,0.595,13.38656,0.735998,0.721147,GGRNPRSHADSGMR4,0.777778,0.222222,point_previews/task000040_mu000004_rho070_n0.png
0.7,4,8,license_plate_bahnschrift.ttf,BFUCAOZJ9Y5KPW0TSHL38D2NGMVRX7Q64IE1,3,0,1,0.595,13.38656,0.735998,0.721147,ERPEERTEACAMTTSEEPACRWEUETTGE,0.916667,0.083333,point_previews/task000040_mu000004_rho070_n1.png
0.8,4,8,license_plate_bahnschrift.ttf,BFUCAOZJ9Y5KPW0TSHL38D2NGMVRX7Q64IE1,3,0,0,0.68,14.310835,0.701998,0.674571,ETIERCERMRALELA,0.916667,0.083333,point_previews/task000040_mu000004_rho080_n0.png
0.8,4,8,license_plate_bahnschrift.ttf,BFUCAOZJ9Y5KPW0TSHL38D2NGMVRX7Q64IE1,3,0,1,0.68,14.310835,0.701998,0.674571,EAMAN2ESATR,0.916667,0.083333,point_previews/task000040_mu000004_rho080_n1.png
0.9,4,8,license_plate_bahnschrift.ttf,BFUCAOZJ9Y5KPW0TSHL38D2NGMVRX7Q64IE1,3,0,0,0.765,15.178933,0.668877,0.635992,EERSSCTOROTSOPSRGNSOID,0.888889,0.111111,point_previews/task000040_mu000004_rho090_n0.png
0.9,4,8,license_plate_bahnschrift.ttf,BFUCAOZJ9Y5KPW0TSHL38D2NGMVRX7Q64IE1,3,0,1,0.765,15.178933,0.668877,0.635992,WEIANEESRSTCOTEBATEDH,0.916667,0.083333,point_previews/task000040_mu000004_rho090_n1.png
1.0,4,8,license_plate_bahnschrift.ttf,BFUCAOZJ9Y5KPW0TSHL38D2NGMVRX7Q64IE1,3,0,0,0.85,16.0,0.63662,0.603355,SEARRIRVSUEOCSATOPRGMYEEBIRE,0.861111,0.138889,point_previews/task000040_mu000004_rho100_n0.png
1.0,4,8,license_plate_bahnschrift.ttf,BFUCAOZJ9Y5KPW0TSHL38D2NGMVRX7Q64IE1,3,0,1,0.85,16.0,0.63662,0.603355,,1.0,0.0,point_previews/task000040_mu000004_rho100_n1.png
0.1,16,8,license_plate_bahnschrift.ttf,BFUCAOZJ9Y5KPW0TSHL38D2NGMVRX7Q64IE1,3,0,0,0.085,5.059644,0.959381,1.907975,APTASOAROPMSNTE,0.861111,0.138889,point_previews/task000041_mu000016_rho010_n0.png
0.1,16,8,license_plate_bahnschrift.ttf,BFUCAOZJ9Y5KPW0TSHL38D2NGMVRX7Q64IE1,3,0,1,0.085,5.059644,0.959381,1.907975,,1.0,0.0,point_previews/task000041_mu000016_rho010_n1.png
0.2,16,8,license_plate_bahnschrift.ttf,BFUCAOZJ9Y5KPW0TSHL38D2NGMVRX7Q64IE1,3,0,0,0.17,7.155418,0.919759,1.349142,AUZISYPNML,0.833333,0.166667,point_previews/task000041_mu000016_rho020_n0.png
0.2,16,8,license_plate_bahnschrift.ttf,BFUCAOZJ9Y5KPW0TSHL38D2NGMVRX7Q64IE1,3,0,1,0.17,7.155418,0.919759,1.349142,ECARSPCEREUSHSAISRLPNERKF1,0.833333,0.166667,point_previews/task000041_mu000016_rho020_n1.png
0.3,16,8,license_plate_bahnschrift.ttf,BFUCAOZJ9Y5KPW0TSHL38D2NGMVRX7Q64IE1,3,0,0,0.255,8.763561,0.881116,1.10157,BRUCAGZIREKPIITSHEISDPREMVRNTORHET,0.583333,0.416667,point_previews/task000041_mu000016_rho030_n0.png
0.3,16,8,license_plate_bahnschrift.ttf,BFUCAOZJ9Y5KPW0TSHL38D2NGMVRX7Q64IE1,3,0,1,0.255,8.763561,0.881116,1.10157,BEUOACZPSREMETSHESEDARRMRARASH,0.722222,0.277778,point_previews/task000041_mu000016_rho030_n1.png
0.4,16,8,license_plate_bahnschrift.ttf,BFUCAOZJ9Y5KPW0TSHL38D2NGMVRX7Q64IE1,3,0,0,0.34,10.119289,0.843436,0.953987,PPUCAGLIFYSKPWNGTHLSBRONGMVREIOOAIET,0.555556,0.444444,point_previews/task000041_mu000016_rho040_n0.png
0.4,16,8,license_plate_bahnschrift.ttf,BFUCAOZJ9Y5KPW0TSHL38D2NGMVRX7Q64IE1,3,0,1,0.34,10.119289,0.843436,0.953987,BPUGRGZIGUSKPWOTSHESBBENOMVRRTOMEE,0.611111,0.388889,point_previews/task000041_mu000016_rho040_n1.png
0.5,16,8,license_plate_bahnschrift.ttf,BFUCAOZJ9Y5KPW0TSHL38D2NGMVRX7Q64IE1,3,0,0,0.425,11.313708,0.8067,0.853272,,1.0,0.0,point_previews/task000041_mu000016_rho050_n0.png
0.5,16,8,license_plate_bahnschrift.ttf,BFUCAOZJ9Y5KPW0TSHL38D2NGMVRX7Q64IE1,3,0,1,0.425,11.313708,0.8067,0.853272,BFUANZIVZSRPWOTSHLSBOAREMVRKTOGRIET,0.555556,0.444444,point_previews/task000041_mu000016_rho050_n1.png
0.6,16,8,license_plate_bahnschrift.ttf,BFUCAOZJ9Y5KPW0TSHL38D2NGMVRX7Q64IE1,3,0,0,0.51,12.393547,0.770893,0.778927,BRUCAOZISYSKEWOTSHLTADANGMYRXTOS4IET,0.388889,0.611111,point_previews/task000041_mu000016_rho060_n0.png
0.6,16,8,license_plate_bahnschrift.ttf,BFUCAOZJ9Y5KPW0TSHL38D2NGMVRX7Q64IE1,3,0,1,0.51,12.393547,0.770893,0.778927,,1.0,0.0,point_previews/task000041_mu000016_rho060_n1.png
0.7,16,8,license_plate_bahnschrift.ttf,BFUCAOZJ9Y5KPW0TSHL38D2NGMVRX7Q64IE1,3,0,0,0.595,13.38656,0.735998,0.721147,BFUGAGZTYSKPWOTSHLSSDANGMVERTQBAIEF,0.416667,0.583333,point_previews/task000041_mu000016_rho070_n0.png
0.7,16,8,license_plate_bahnschrift.ttf,BFUCAOZJ9Y5KPW0TSHL38D2NGMVRX7Q64IE1,3,0,1,0.595,13.38656,0.735998,0.721147,SBFUCAGEIASKPWOTSHICASDANGMYRXTOREEL,0.555556,0.444444,point_previews/task000041_mu000016_rho070_n1.png
0.8,16,8,license_plate_bahnschrift.ttf,BFUCAOZJ9Y5KPW0TSHL38D2NGMVRX7Q64IE1,3,0,0,0.68,14.310835,0.701998,0.674571,HFUCADZI9YSKPWOTSHEIBDZNGMTRITGSSIE,0.444444,0.555556,point_previews/task000041_mu000016_rho080_n0.png
0.8,16,8,license_plate_bahnschrift.ttf,BFUCAOZJ9Y5KPW0TSHL38D2NGMVRX7Q64IE1,3,0,1,0.68,14.310835,0.701998,0.674571,BFUDAOZISYSKPWOTSHL36D2NGMVEX7954I61,0.277778,0.722222,point_previews/task000041_mu000016_rho080_n1.png
0.9,16,8,license_plate_bahnschrift.ttf,BFUCAOZJ9Y5KPW0TSHL38D2NGMVRX7Q64IE1,3,0,0,0.765,15.178933,0.668877,0.635992,,1.0,0.0,point_previews/task000041_mu000016_rho090_n0.png
0.9,16,8,license_plate_bahnschrift.ttf,BFUCAOZJ9Y5KPW0TSHL38D2NGMVRX7Q64IE1,3,0,1,0.765,15.178933,0.668877,0.635992,BEUCKOZJ9YSKPWOTSHL3BU2NGMYRXTOGMEY,0.361111,0.638889,point_previews/task000041_mu000016_rho090_n1.png
1.0,16,8,license_plate_bahnschrift.ttf,BFUCAOZJ9Y5KPW0TSHL38D2NGMVRX7Q64IE1,3,0,0,0.85,16.0,0.63662,0.603355,BFUCAOZI9YSKPWOTSHLSBDANGMVRX7OSLIE,0.277778,0.722222,point_previews/task000041_mu000016_rho100_n0.png
1.0,16,8,license_plate_bahnschrift.ttf,BFUCAOZJ9Y5KPW0TSHL38D2NGMVRX7Q64IE1,3,0,1,0.85,16.0,0.63662,0.603355,BPUCAOZIFYSKPIWOTSHESBD2NGMVRXTO6MIE1,0.333333,0.666667,point_previews/task000041_mu000016_rho100_n1.png
0.1,64,8,license_plate_bahnschrift.ttf,BFUCAOZJ9Y5KPW0TSHL38D2NGMVRX7Q64IE1,3,0,0,0.085,5.059644,0.959381,1.907975,BEUCAUZISTSRPUAITSHESATAMGMYANG,0.722222,0.277778,point_previews/task000042_mu000064_rho010_n0.png
0.1,64,8,license_plate_bahnschrift.ttf,BFUCAOZJ9Y5KPW0TSHL38D2NGMVRX7Q64IE1,3,0,1,0.085,5.059644,0.959381,1.907975,,1.0,0.0,point_previews/task000042_mu000064_rho010_n1.png
0.2,64,8,license_plate_bahnschrift.ttf,BFUCAOZJ9Y5KPW0TSHL38D2NGMVRX7Q64IE1,3,0,0,0.17,7.155418,0.919759,1.349142,BEUCAOZISYSRPWOTSHESBDENGNYRXIOGAIED,0.472222,0.527778,point_previews/task000042_mu000064_rho020_n0.png
0.2,64,8,license_plate_bahnschrift.ttf,BFUCAOZJ9Y5KPW0TSHL38D2NGMVRX7Q64IE1,3,0,1,0.17,7.155418,0.919759,1.349142,BRUCAOZIFYSKPMWOTSHLISD2NGMYRGBGIET,0.416667,0.583333,point_previews/task000042_mu000064_rho020_n1.png
0.3,64,8,license_plate_bahnschrift.ttf,BFUCAOZJ9Y5KPW0TSHL38D2NGMVRX7Q64IE1,3,0,0,0.255,8.763561,0.881116,1.10157,BRUCADZJ9YSKPWOTSHLSBD2NGMYRK7RSAIET,0.333333,0.666667,point_previews/task000042_mu000064_rho030_n0.png
0.3,64,8,license_plate_bahnschrift.ttf,BFUCAOZJ9Y5KPW0TSHL38D2NGMVRX7Q64IE1,3,0,1,0.255,8.763561,0.881116,1.10157,,1.0,0.0,point_previews/task000042_mu000064_rho030_n1.png
0.4,64,8,license_plate_bahnschrift.ttf,BFUCAOZJ9Y5KPW0TSHL38D2NGMVRX7Q64IE1,3,0,0,0.34,10.119289,0.843436,0.953987,BFUCAOZJ9YSKPWOTSHLJ8D2NGMYRX7GS4IEI,0.194444,0.805556,point_previews/task000042_mu000064_rho040_n0.png
0.4,64,8,license_plate_bahnschrift.ttf,BFUCAOZJ9Y5KPW0TSHL38D2NGMVRX7Q64IE1,3,0,1,0.34,10.119289,0.843436,0.953987,BFUCAOZI9YSKPWOTSHL38D2NGMVRXIDSSIET,0.222222,0.777778,point_previews/task000042_mu000064_rho040_n1.png
0.5,64,8,license_plate_bahnschrift.ttf,BFUCAOZJ9Y5KPW0TSHL38D2NGMVRX7Q64IE1,3,0,0,0.425,11.313708,0.8067,0.853272,BFUCAOZJ9YSKPWOTSHL38DZ2NGMVRX7O64IE,0.138889,0.861111,point_previews/task000042_mu000064_rho050_n0.png
0.5,64,8,license_plate_bahnschrift.ttf,BFUCAOZJ9Y5KPW0TSHL38D2NGMVRX7Q64IE1,3,0,1,0.425,11.313708,0.8067,0.853272,BEUCA0ZJ9Y5KPWOTSHL38D2NGMVRX7Q64IE1,0.083333,0.916667,point_previews/task000042_mu000064_rho050_n1.png
0.6,64,8,license_plate_bahnschrift.ttf,BFUCAOZJ9Y5KPW0TSHL38D2NGMVRX7Q64IE1,3,0,0,0.51,12.393547,0.770893,0.778927,BFUCAOZJ9YSKPWOTSHL38D2NGMYRX7Q64IEI,0.111111,0.888889,point_previews/task000042_mu000064_rho060_n0.png
0.6,64,8,license_plate_bahnschrift.ttf,BFUCAOZJ9Y5KPW0TSHL38D2NGMVRX7Q64IE1,3,0,1,0.51,12.393547,0.770893,0.778927,BFUCAOZJ9Y5KPWOTSHL3BD2NGMVRX7O64IE1,0.083333,0.916667,point_previews/task000042_mu000064_rho060_n1.png
0.7,64,8,license_plate_bahnschrift.ttf,BFUCAOZJ9Y5KPW0TSHL38D2NGMVRX7Q64IE1,3,0,0,0.595,13.38656,0.735998,0.721147,BFUCAOZJ9Y5KPWOTSHL38D2NGMYRX7Q64IET,0.083333,0.916667,point_previews/task000042_mu000064_rho070_n0.png
0.7,64,8,license_plate_bahnschrift.ttf,BFUCAOZJ9Y5KPW0TSHL38D2NGMVRX7Q64IE1,3,0,1,0.595,13.38656,0.735998,0.721147,BFUCAOZJ9YSKPWOTSHL38D2NGMVRX7O641E1,0.111111,0.888889,point_previews/task000042_mu000064_rho070_n1.png
0.8,64,8,license_plate_bahnschrift.ttf,BFUCAOZJ9Y5KPW0TSHL38D2NGMVRX7Q64IE1,3,0,0,0.68,14.310835,0.701998,0.674571,BFUCAOZJ9YSKPWOTSHL38D2NGMYRX7O641E1,0.138889,0.861111,point_previews/task000042_mu000064_rho080_n0.png
0.8,64,8,license_plate_bahnschrift.ttf,BFUCAOZJ9Y5KPW0TSHL38D2NGMVRX7Q64IE1,3,0,1,0.68,14.310835,0.701998,0.674571,BFUCAOZJ7Y5SKPWOTSHL38D2NGMYRX7064IE1,0.138889,0.861111,point_previews/task000042_mu000064_rho080_n1.png
0.9,64,8,license_plate_bahnschrift.ttf,BFUCAOZJ9Y5KPW0TSHL38D2NGMVRX7Q64IE1,3,0,0,0.765,15.178933,0.668877,0.635992,BFUCAOZJ9YSKPWOTSHL38D2NGMVRX7O64IE1,0.083333,0.916667,point_previews/task000042_mu000064_rho090_n0.png
0.9,64,8,license_plate_bahnschrift.ttf,BFUCAOZJ9Y5KPW0TSHL38D2NGMVRX7Q64IE1,3,0,1,0.765,15.178933,0.668877,0.635992,BFUCAOZJ9YSKPWOTSHL38D2NGMYRX7Q64IE1,0.083333,0.916667,point_previews/task000042_mu000064_rho090_n1.png
1.0,64,8,license_plate_bahnschrift.ttf,BFUCAOZJ9Y5KPW0TSHL38D2NGMVRX7Q64IE1,3,0,0,0.85,16.0,0.63662,0.603355,BFUCAOZJ9YSKPWOTSHL38D2NGMVRX7O64IE1,0.083333,0.916667,point_previews/task000042_mu000064_rho100_n0.png
1.0,64,8,license_plate_bahnschrift.ttf,BFUCAOZJ9Y5KPW0TSHL38D2NGMVRX7Q64IE1,3,0,1,0.85,16.0,0.63662,0.603355,BFUCAOZJ9YSKPWOTSHL38D2NGMVRX70641E1,0.111111,0.888889,point_previews/task000042_mu000064_rho100_n1.png
0.1,256,8,license_plate_bahnschrift.ttf,BFUCAOZJ9Y5KPW0TSHL38D2NGMVRX7Q64IE1,3,0,0,0.085,5.059644,0.959381,1.907975,BFUCAQZISYSKPWOTSHESBD2NGMYRX7O64IE1,0.277778,0.722222,point_previews/task000043_mu000256_rho010_n0.png
0.1,256,8,license_plate_bahnschrift.ttf,BFUCAOZJ9Y5KPW0TSHL38D2NGMVRX7Q64IE1,3,0,1,0.085,5.059644,0.959381,1.907975,BFUCAOZJ9Y5KPWOTSHL38D2NGMYRX7O64IET,0.111111,0.888889,point_previews/task000043_mu000256_rho010_n1.png
0.2,256,8,license_plate_bahnschrift.ttf,BFUCAOZJ9Y5KPW0TSHL38D2NGMVRX7Q64IE1,3,0,0,0.17,7.155418,0.919759,1.349142,BFUCAOZJ9Y5KPWOTSHL3BDZ2NGMYRX7064IE1,0.138889,0.861111,point_previews/task000043_mu000256_rho020_n0.png
0.2,256,8,license_plate_bahnschrift.ttf,BFUCAOZJ9Y5KPW0TSHL38D2NGMVRX7Q64IE1,3,0,1,0.17,7.155418,0.919759,1.349142,BFUCAOZJSYSKPWOTSHL33D2NGMYVRX7O64IE1,0.166667,0.833333,point_previews/task000043_mu000256_rho020_n1.png
0.3,256,8,license_plate_bahnschrift.ttf,BFUCAOZJ9Y5KPW0TSHL38D2NGMVRX7Q64IE1,3,0,0,0.255,8.763561,0.881116,1.10157,BFUCAOZJ9YSKPWOTSHL38D2NGMYRX70641E1,0.138889,0.861111,point_previews/task000043_mu000256_rho030_n0.png
0.3,256,8,license_plate_bahnschrift.ttf,BFUCAOZJ9Y5KPW0TSHL38D2NGMVRX7Q64IE1,3,0,1,0.255,8.763561,0.881116,1.10157,BFUCAOZJPYSKPWOTSHLIBD2NGMYRX7O641E1,0.222222,0.777778,point_previews/task000043_mu000256_rho030_n1.png
0.4,256,8,license_plate_bahnschrift.ttf,BFUCAOZJ9Y5KPW0TSHL38D2NGMVRX7Q64IE1,3,0,0,0.34,10.119289,0.843436,0.953987,BFUCAOZI9YSKPWOTSHLIBD2NGMYRX70641E1,0.222222,0.777778,point_previews/task000043_mu000256_rho040_n0.png
0.4,256,8,license_plate_bahnschrift.ttf,BFUCAOZJ9Y5KPW0TSHL38D2NGMVRX7Q64IE1,3,0,1,0.34,10.119289,0.843436,0.953987,BFUCAOZJ9YSKPWOTSHLI8D2NGMYRX7O641E1,0.166667,0.833333,point_previews/task000043_mu000256_rho040_n1.png
0.5,256,8,license_plate_bahnschrift.ttf,BFUCAOZJ9Y5KPW0TSHL38D2NGMVRX7Q64IE1,3,0,0,0.425,11.313708,0.8067,0.853272,BFUCAOZJ9YSKPWOTSHLIBD2NGMYVRX7Q64IE1,0.138889,0.861111,point_previews/task000043_mu000256_rho050_n0.png
0.5,256,8,license_plate_bahnschrift.ttf,BFUCAOZJ9Y5KPW0TSHL38D2NGMVRX7Q64IE1,3,0,1,0.425,11.313708,0.8067,0.853272,BFUCAOZJ9YSKPWOTSHL38D2NGMYRX7Q641E1,0.111111,0.888889,point_previews/task000043_mu000256_rho050_n1.png
0.6,256,8,license_plate_bahnschrift.ttf,BFUCAOZJ9Y5KPW0TSHL38D2NGMVRX7Q64IE1,3,0,0,0.51,12.393547,0.770893,0.778927,BFUCAOZJ9YSKPWOTSHL38D2NGMYVRX7Q64IE1,0.083333,0.916667,point_previews/task000043_mu000256_rho060_n0.png
0.6,256,8,license_plate_bahnschrift.ttf,BFUCAOZJ9Y5KPW0TSHL38D2NGMVRX7Q64IE1,3,0,1,0.51,12.393547,0.770893,0.778927,BFUCAOZJ9YSKPWOTSHLIBD2NGMYRX7G64IE,0.194444,0.805556,point_previews/task000043_mu000256_rho060_n1.png
0.7,256,8,license_plate_bahnschrift.ttf,BFUCAOZJ9Y5KPW0TSHL38D2NGMVRX7Q64IE1,3,0,0,0.595,13.38656,0.735998,0.721147,BFUCAOZJPYSKPWOTSHL38D2NGMYRX7Q64IE1,0.111111,0.888889,point_previews/task000043_mu000256_rho070_n0.png
0.7,256,8,license_plate_bahnschrift.ttf,BFUCAOZJ9Y5KPW0TSHL38D2NGMVRX7Q64IE1,3,0,1,0.595,13.38656,0.735998,0.721147,BFUCAOZJI9YSKPWOTSHL38D2NGMYRX7GQ641E1,0.166667,0.833333,point_previews/task000043_mu000256_rho070_n1.png
0.8,256,8,license_plate_bahnschrift.ttf,BFUCAOZJ9Y5KPW0TSHL38D2NGMVRX7Q64IE1,3,0,0,0.68,14.310835,0.701998,0.674571,BFUCAOZJI9YSKPWOTSHL38D2NGMYVRX7Q641E1,0.138889,0.861111,point_previews/task000043_mu000256_rho080_n0.png
0.8,256,8,license_plate_bahnschrift.ttf,BFUCAOZJ9Y5KPW0TSHL38D2NGMVRX7Q64IE1,3,0,1,0.68,14.310835,0.701998,0.674571,BFUCAOZJ9YSKPWOTSHL38D2NGMYVRX7G641E1,0.138889,0.861111,point_previews/task000043_mu000256_rho080_n1.png
0.9,256,8,license_plate_bahnschrift.ttf,BFUCAOZJ9Y5KPW0TSHL38D2NGMVRX7Q64IE1,3,0,0,0.765,15.178933,0.668877,0.635992,BFUCAOZJ9YSKPWOTSHL38D2NGMVRX7Q641E1,0.083333,0.916667,point_previews/task000043_mu000256_rho090_n0.png
0.9,256,8,license_plate_bahnschrift.ttf,BFUCAOZJ9Y5KPW0TSHL38D2NGMVRX7Q64IE1,3,0,1,0.765,15.178933,0.668877,0.635992,BFUCAOZJ9YSKPWOTSHL38D2NGMYVRX7Q64IE,0.111111,0.888889,point_previews/task000043_mu000256_rho090_n1.png
1.0,256,8,license_plate_bahnschrift.ttf,BFUCAOZJ9Y5KPW0TSHL38D2NGMVRX7Q64IE1,3,0,0,0.85,16.0,0.63662,0.603355,BFUCAOZJ9YSKPWOTSHL38D2NGMVRX7GQ64IE1,0.083333,0.916667,point_previews/task000043_mu000256_rho100_n0.png
1.0,256,8,license_plate_bahnschrift.ttf,BFUCAOZJ9Y5KPW0TSHL38D2NGMVRX7Q64IE1,3,0,1,0.85,16.0,0.63662,0.603355,BFUCAOZJ9YSKPWOTSHL38D2NGMYVRX7Q641E1,0.111111,0.888889,point_previews/task000043_mu000256_rho100_n1.png
0.1,1024,8,license_plate_bahnschrift.ttf,BFUCAOZJ9Y5KPW0TSHL38D2NGMVRX7Q64IE1,3,0,0,0.085,5.059644,0.959381,1.907975,BFUCAOZJIPYSKPWOTSHL3B8D2NGMYRX7O641E1,0.222222,0.777778,point_previews/task000044_mu001024_rho010_n0.png
0.1,1024,8,license_plate_bahnschrift.ttf,BFUCAOZJ9Y5KPW0TSHL38D2NGMVRX7Q64IE1,3,0,1,0.085,5.059644,0.959381,1.907975,BFUCAOZJP9YSKPWOTSHL38D2NGMYRX7O64IE,0.166667,0.833333,point_previews/task000044_mu001024_rho010_n1.png
0.2,1024,8,license_plate_bahnschrift.ttf,BFUCAOZJ9Y5KPW0TSHL38D2NGMVRX7Q64IE1,3,0,0,0.17,7.155418,0.919759,1.349142,BFUCAOZJPYSKPWOTSHL38D2NGMYRX7O64IEI,0.166667,0.833333,point_previews/task000044_mu001024_rho020_n0.png
0.2,1024,8,license_plate_bahnschrift.ttf,BFUCAOZJ9Y5KPW0TSHL38D2NGMVRX7Q64IE1,3,0,1,0.17,7.155418,0.919759,1.349142,BFUCAOZJ9YSKPWOTSHL3BD2NGMYRX7O64IE1,0.138889,0.861111,point_previews/task000044_mu001024_rho020_n1.png
0.3,1024,8,license_plate_bahnschrift.ttf,BFUCAOZJ9Y5KPW0TSHL38D2NGMVRX7Q64IE1,3,0,0,0.255,8.763561,0.881116,1.10157,BFUCAOZJ9YSKPWOTSHL3I8BD2NGMYRX7O64IE1,0.166667,0.833333,point_previews/task000044_mu001024_rho030_n0.png
0.3,1024,8,license_plate_bahnschrift.ttf,BFUCAOZJ9Y5KPW0TSHL38D2NGMVRX7Q64IE1,3,0,1,0.255,8.763561,0.881116,1.10157,BFUCAOZJ9YSKPWOTSHL38BD2NGMYRX7Q64IE1,0.111111,0.888889,point_previews/task000044_mu001024_rho030_n1.png
0.4,1024,8,license_plate_bahnschrift.ttf,BFUCAOZJ9Y5KPW0TSHL38D2NGMVRX7Q64IE1,3,0,0,0.34,10.119289,0.843436,0.953987,BFUCAOZJ9YSKPWOTSHL38D2NGMYVRX7Q64IE1,0.083333,0.916667,point_previews/task000044_mu001024_rho040_n0.png
0.4,1024,8,license_plate_bahnschrift.ttf,BFUCAOZJ9Y5KPW0TSHL38D2NGMVRX7Q64IE1,3,0,1,0.34,10.119289,0.843436,0.953987,BFUCAOZJ9YSKPWOTSHLI8D2NGMYRX7G64IE1,0.138889,0.861111,point_previews/task000044_mu001024_rho040_n1.png
0.5,1024,8,license_plate_bahnschrift.ttf,BFUCAOZJ9Y5KPW0TSHL38D2NGMVRX7Q64IE1,3,0,0,0.425,11.313708,0.8067,0.853272,BFUCAOZJI9YSKPWOTSHL38D2NGMYRX7Q641E1,0.138889,0.861111,point_previews/task000044_mu001024_rho050_n0.png
0.5,1024,8,license_plate_bahnschrift.ttf,BFUCAOZJ9Y5KPW0TSHL38D2NGMVRX7Q64IE1,3,0,1,0.425,11.313708,0.8067,0.853272,BFUCAOZJPYSKPWOTSHL38D2NGMYRX7Q641E1,0.138889,0.861111,point_previews/task000044_mu001024_rho050_n1.png
0.6,1024,8,license_plate_bahnschrift.ttf,BFUCAOZJ9Y5KPW0TSHL38D2NGMVRX7Q64IE1,3,0,0,0.51,12.393547,0.770893,0.778927,BFUCAOZJI9YSKPWOTSHL38BD2NGMVRX7O641E1,0.166667,0.833333,point_previews/task000044_mu001024_rho060_n0.png
0.6,1024,8,license_plate_bahnschrift.ttf,BFUCAOZJ9Y5KPW0TSHL38D2NGMVRX7Q64IE1,3,0,1,0.51,12.393547,0.770893,0.778927,BFUCAOZJI9YSKPWOTSHL38D2NGMYVRX7Q641E1,0.138889,0.861111,point_previews/task000044_mu001024_rho060_n1.png
0.7,1024,8,license_plate_bahnschrift.ttf,BFUCAOZJ9Y5KPW0TSHL38D2NGMVRX7Q64IE1,3,0,0,0.595,13.38656,0.735998,0.721147,BFUCAOZJ9YSKPWOTSHL38D2NGMYRX7Q641E1,0.111111,0.888889,point_previews/task000044_mu001024_rho070_n0.png
0.7,1024,8,license_plate_bahnschrift.ttf,BFUCAOZJ9Y5KPW0TSHL38D2NGMVRX7Q64IE1,3,0,1,0.595,13.38656,0.735998,0.721147,BFUCAOZJ9YSKPWOTSHL38D2NGMYRX7GQ641E1,0.138889,0.861111,point_previews/task000044_mu001024_rho070_n1.png
0.8,1024,8,license_plate_bahnschrift.ttf,BFUCAOZJ9Y5KPW0TSHL38D2NGMVRX7Q64IE1,3,0,0,0.68,14.310835,0.701998,0.674571,BFUCAOZJ9YSKPWOTSHL38D2NGMYRX7Q64IE1,0.083333,0.916667,point_previews/task000044_mu001024_rho080_n0.png
0.8,1024,8,license_plate_bahnschrift.ttf,BFUCAOZJ9Y5KPW0TSHL38D2NGMVRX7Q64IE1,3,0,1,0.68,14.310835,0.701998,0.674571,BFUCAOZJ9YSKPWOTSHL38D2NGMYVRX7Q641E1,0.111111,0.888889,point_previews/task000044_mu001024_rho080_n1.png
0.9,1024,8,license_plate_bahnschrift.ttf,BFUCAOZJ9Y5KPW0TSHL38D2NGMVRX7Q64IE1,3,0,0,0.765,15.178933,0.668877,0.635992,BFUCAOZJ9YSKPWOTSHL38D2NGMVRX7Q641E1,0.083333,0.916667,point_previews/task000044_mu001024_rho090_n0.png
0.9,1024,8,license_plate_bahnschrift.ttf,BFUCAOZJ9Y5KPW0TSHL38D2NGMVRX7Q64IE1,3,0,1,0.765,15.178933,0.668877,0.635992,BFUCAOZJ9YSKPWOTSHL38D2NGMVRX7Q641E1,0.083333,0.916667,point_previews/task000044_mu001024_rho090_n1.png
1.0,1024,8,license_plate_bahnschrift.ttf,BFUCAOZJ9Y5KPW0TSHL38D2NGMVRX7Q64IE1,3,0,0,0.85,16.0,0.63662,0.603355,BFUCAOZJ9YSKPWOTSHL38D2NGMVRX7Q64IE1,0.055556,0.944444,point_previews/task000044_mu001024_rho100_n0.png
1.0,1024,8,license_plate_bahnschrift.ttf,BFUCAOZJ9Y5KPW0TSHL38D2NGMVRX7Q64IE1,3,0,1,0.85,16.0,0.63662,0.603355,BFUCAOZJ9YSKPWOTSHL38D2NGMVRX7Q64IE1,0.055556,0.944444,point_previews/task000044_mu001024_rho100_n1.png
0.1,4096,8,license_plate_bahnschrift.ttf,BFUCAOZJ9Y5KPW0TSHL38D2NGMVRX7Q64IE1,3,0,0,0.085,5.059644,0.959381,1.907975,BFUCAOZJPYSKPWOTSHL38D2NGMYRX7O64IE1,0.138889,0.861111,point_previews/task000045_mu004096_rho010_n0.png
0.1,4096,8,license_plate_bahnschrift.ttf,BFUCAOZJ9Y5KPW0TSHL38D2NGMVRX7Q64IE1,3,0,1,0.085,5.059644,0.959381,1.907975,BFUCAOZJ9YSKPWOTSHL3S8D2NGMYRX7O64IE1,0.138889,0.861111,point_previews/task000045_mu004096_rho010_n1.png
0.2,4096,8,license_plate_bahnschrift.ttf,BFUCAOZJ9Y5KPW0TSHL38D2NGMVRX7Q64IE1,3,0,0,0.17,7.155418,0.919759,1.349142,BFUCAOZJPYSKPWOTSHLISBD2NGMYRX7O641E1,0.25,0.75,point_previews/task000045_mu004096_rho020_n0.png
0.2,4096,8,license_plate_bahnschrift.ttf,BFUCAOZJ9Y5KPW0TSHL38D2NGMVRX7Q64IE1,3,0,1,0.17,7.155418,0.919759,1.349142,BFUCAOZJPYSKPWOTSHLIBD2ZNGMYRX7O641E1,0.25,0.75,point_previews/task000045_mu004096_rho020_n1.png
0.3,4096,8,license_plate_bahnschrift.ttf,BFUCAOZJ9Y5KPW0TSHL38D2NGMVRX7Q64IE1,3,0,0,0.255,8.763561,0.881116,1.10157,BFUCAOZJPYSKPWOTSHL38D2NGMYRX7Q641E1,0.138889,0.861111,point_previews/task000045_mu004096_rho030_n0.png
0.3,4096,8,license_plate_bahnschrift.ttf,BFUCAOZJ9Y5KPW0TSHL38D2NGMVRX7Q64IE1,3,0,1,0.255,8.763561,0.881116,1.10157,BFUCAOZJPYSKPWOTSHL38D2NGMYRX7O641E1,0.166667,0.833333,point_previews/task000045_mu004096_rho030_n1.png
0.4,4096,8,license_plate_bahnschrift.ttf,BFUCAOZJ9Y5KPW0TSHL38D2NGMVRX7Q64IE1,3,0,0,0.34,10.119289,0.843436,0.953987,BFUCAOZJI9YSKPWOTSHLI8D2NGMYRX7Q641E1,0.166667,0.833333,point_previews/task000045_mu004096_rho040_n0.png
0.4,4096,8,license_plate_bahnschrift.ttf,BFUCAOZJ9Y5KPW0TSHL38D2NGMVRX7Q64IE1,3,0,1,0.34,10.119289,0.843436,0.953987,BFUCAOZJ9YSKPWOTSHLI8D2NGMYRX7Q641E1,0.138889,0.861111,point_previews/task000045_mu004096_rho040_n1.png
0.5,4096,8,license_plate_bahnschrift.ttf,BFUCAOZJ9Y5KPW0TSHL38D2NGMVRX7Q64IE1,3,0,0,0.425,11.313708,0.8067,0.853272,BFUCAOZJPYSKPWOTSHL38D2NGMYRX7Q641E1,0.138889,0.861111,point_previews/task000045_mu004096_rho050_n0.png
0.5,4096,8,license_plate_bahnschrift.ttf,BFUCAOZJ9Y5KPW0TSHL38D2NGMVRX7Q64IE1,3,0,1,0.425,11.313708,0.8067,0.853272,BFUCAOZJ9YSKPWOTSHL38D2NGMYRX7Q641E1,0.111111,0.888889,point_previews/task000045_mu004096_rho050_n1.png
0.6,4096,8,license_plate_bahnschrift.ttf,BFUCAOZJ9Y5KPW0TSHL38D2NGMVRX7Q64IE1,3,0,0,0.51,12.393547,0.770893,0.778927,BFUCAOZJ9YSKPWOTSHL38D2NGMYRX7Q641E1,0.111111,0.888889,point_previews/task000045_mu004096_rho060_n0.png
0.6,4096,8,license_plate_bahnschrift.ttf,BFUCAOZJ9Y5KPW0TSHL38D2NGMVRX7Q64IE1,3,0,1,0.51,12.393547,0.770893,0.778927,BFUCAOZJ9YSKPWOTSHL38D2NGMYRX7Q64IE1,0.083333,0.916667,point_previews/task000045_mu004096_rho060_n1.png
0.7,4096,8,license_plate_bahnschrift.ttf,BFUCAOZJ9Y5KPW0TSHL38D2NGMVRX7Q64IE1,3,0,0,0.595,13.38656,0.735998,0.721147,BFUCAOZJ9YSKPWOTSHL38D2NGMYRX7Q64IE1,0.083333,0.916667,point_previews/task000045_mu004096_rho070_n0.png
0.7,4096,8,license_plate_bahnschrift.ttf,BFUCAOZJ9Y5KPW0TSHL38D2NGMVRX7Q64IE1,3,0,1,0.595,13.38656,0.735998,0.721147,BFUCAOZJ9YSKPWOTSHL38D2NGMYVRX7Q64IE1,0.083333,0.916667,point_previews/task000045_mu004096_rho070_n1.png
0.8,4096,8,license_plate_bahnschrift.ttf,BFUCAOZJ9Y5KPW0TSHL38D2NGMVRX7Q64IE1,3,0,0,0.68,14.310835,0.701998,0.674571,BFUCAOZJ9YSKPWOTSHL38D2NGMVRX7Q64IE1,0.055556,0.944444,point_previews/task000045_mu004096_rho080_n0.png
0.8,4096,8,license_plate_bahnschrift.ttf,BFUCAOZJ9Y5KPW0TSHL38D2NGMVRX7Q64IE1,3,0,1,0.68,14.310835,0.701998,0.674571,BFUCAOZJ9YSKPWOTSHL38D2NGMYVRX7Q64IE1,0.083333,0.916667,point_previews/task000045_mu004096_rho080_n1.png
0.9,4096,8,license_plate_bahnschrift.ttf,BFUCAOZJ9Y5KPW0TSHL38D2NGMVRX7Q64IE1,3,0,0,0.765,15.178933,0.668877,0.635992,BFUCAOZJ9YSKPWOTSHL38D2NGMVRX7Q64IE1,0.055556,0.944444,point_previews/task000045_mu004096_rho090_n0.png
0.9,4096,8,license_plate_bahnschrift.ttf,BFUCAOZJ9Y5KPW0TSHL38D2NGMVRX7Q64IE1,3,0,1,0.765,15.178933,0.668877,0.635992,BFUCAOZJ9YSKPWOTSHL38D2NGMVRX7Q64IE1,0.055556,0.944444,point_previews/task000045_mu004096_rho090_n1.png
1.0,4096,8,license_plate_bahnschrift.ttf,BFUCAOZJ9Y5KPW0TSHL38D2NGMVRX7Q64IE1,3,0,0,0.85,16.0,0.63662,0.603355,BFUCAOZJ9YSKPWOTSHL38D2NGMVRX7Q64IE1,0.055556,0.944444,point_previews/task000045_mu004096_rho100_n0.png
1.0,4096,8,license_plate_bahnschrift.ttf,BFUCAOZJ9Y5KPW0TSHL38D2NGMVRX7Q64IE1,3,0,1,0.85,16.0,0.63662,0.603355,BFUCAOZJ9YSKPWOTSHL38D2NGMVRX7Q64IE1,0.055556,0.944444,point_previews/task000045_mu004096_rho100_n1.png
0.1,16384,8,license_plate_bahnschrift.ttf,BFUCAOZJ9Y5KPW0TSHL38D2NGMVRX7Q64IE1,3,0,0,0.085,5.059644,0.959381,1.907975,BFUCAOZJPYSKPWOTSHLISBD2NGMYRX7O641E1,0.25,0.75,point_previews/task000046_mu016384_rho010_n0.png
0.1,16384,8,license_plate_bahnschrift.ttf,BFUCAOZJ9Y5KPW0TSHL38D2NGMVRX7Q64IE1,3,0,1,0.085,5.059644,0.959381,1.907975,BFUCAOZJPYSKPWOTSHLIBD2NGMYRX7O641E1,0.222222,0.777778,point_previews/task000046_mu016384_rho010_n1.png
0.2,16384,8,license_plate_bahnschrift.ttf,BFUCAOZJ9Y5KPW0TSHL38D2NGMVRX7Q64IE1,3,0,0,0.17,7.155418,0.919759,1.349142,BFUCAOZJPYSKPWOTSHL3SD2NGMYRX7O641E1,0.194444,0.805556,point_previews/task000046_mu016384_rho020_n0.png
0.2,16384,8,license_plate_bahnschrift.ttf,BFUCAOZJ9Y5KPW0TSHL38D2NGMVRX7Q64IE1,3,0,1,0.17,7.155418,0.919759,1.349142,BFUCAOZJPYSKPWOTSHL38D2NGMYRX7O641E1,0.166667,0.833333,point_previews/task000046_mu016384_rho020_n1.png
0.3,16384,8,license_plate_bahnschrift.ttf,BFUCAOZJ9Y5KPW0TSHL38D2NGMVRX7Q64IE1,3,0,0,0.255,8.763561,0.881116,1.10157,BFUCAOZJPYSKPWOTSHL38D2NGMYRX7O641E1,0.166667,0.833333,point_previews/task000046_mu016384_rho030_n0.png
0.3,16384,8,license_plate_bahnschrift.ttf,BFUCAOZJ9Y5KPW0TSHL38D2NGMVRX7Q64IE1,3,0,1,0.255,8.763561,0.881116,1.10157,BFUCAOZJ9YSKPWOTSHL38D2NGMYRX7Q641E1,0.111111,0.888889,point_previews/task000046_mu016384_rho030_n1.png
0.4,16384,8,license_plate_bahnschrift.ttf,BFUCAOZJ9Y5KPW0TSHL38D2NGMVRX7Q64IE1,3,0,0,0.34,10.119289,0.843436,0.953987,BFUCAOZJPYSKPWOTSHL38D2NGMYRX7Q641E1,0.138889,0.861111,point_previews/task000046_mu016384_rho040_n0.png
0.4,16384,8,license_plate_bahnschrift.ttf,BFUCAOZJ9Y5KPW0TSHL38D2NGMVRX7Q64IE1,3,0,1,0.34,10.119289,0.843436,0.953987,BFUCAOZJPYSKPWOTSHL38D2NGMYRX7O641E1,0.166667,0.833333,point_previews/task000046_mu016384_rho040_n1.png
0.5,16384,8,license_plate_bahnschrift.ttf,BFUCAOZJ9Y5KPW0TSHL38D2NGMVRX7Q64IE1,3,0,0,0.425,11.313708,0.8067,0.853272,BFUCAOZJ9YSKPWOTSHL38D2NGMYRX7Q641E1,0.111111,0.888889,point_previews/task000046_mu016384_rho050_n0.png
0.5,16384,8,license_plate_bahnschrift.ttf,BFUCAOZJ9Y5KPW0TSHL38D2NGMVRX7Q64IE1,3,0,1,0.425,11.313708,0.8067,0.853272,BFUCAOZJ9YSKPWOTSHL38D2NGMYRX7Q641E1,0.111111,0.888889,point_previews/task000046_mu016384_rho050_n1.png
0.6,16384,8,license_plate_bahnschrift.ttf,BFUCAOZJ9Y5KPW0TSHL38D2NGMVRX7Q64IE1,3,0,0,0.51,12.393547,0.770893,0.778927,BFUCAOZJ9YSKPWOTSHL38D2NGMYRX7Q641E1,0.111111,0.888889,point_previews/task000046_mu016384_rho060_n0.png
0.6,16384,8,license_plate_bahnschrift.ttf,BFUCAOZJ9Y5KPW0TSHL38D2NGMVRX7Q64IE1,3,0,1,0.51,12.393547,0.770893,0.778927,BFUCAOZJ9YSKPWOTSHL38D2NGMYRX7Q64IE1,0.083333,0.916667,point_previews/task000046_mu016384_rho060_n1.png
0.7,16384,8,license_plate_bahnschrift.ttf,BFUCAOZJ9Y5KPW0TSHL38D2NGMVRX7Q64IE1,3,0,0,0.595,13.38656,0.735998,0.721147,BFUCAOZJ9YSKPWOTSHL38D2NGMYRX7Q64IE1,0.083333,0.916667,point_previews/task000046_mu016384_rho070_n0.png
0.7,16384,8,license_plate_bahnschrift.ttf,BFUCAOZJ9Y5KPW0TSHL38D2NGMVRX7Q64IE1,3,0,1,0.595,13.38656,0.735998,0.721147,BFUCAOZJ9YSKPWOTSHL38D2NGMYRX7Q64IE1,0.083333,0.916667,point_previews/task000046_mu016384_rho070_n1.png
0.8,16384,8,license_plate_bahnschrift.ttf,BFUCAOZJ9Y5KPW0TSHL38D2NGMVRX7Q64IE1,3,0,0,0.68,14.310835,0.701998,0.674571,BFUCAOZJ9YSKPWOTSHL38D2NGMVRX7Q64IE1,0.055556,0.944444,point_previews/task000046_mu016384_rho080_n0.png
0.8,16384,8,license_plate_bahnschrift.ttf,BFUCAOZJ9Y5KPW0TSHL38D2NGMVRX7Q64IE1,3,0,1,0.68,14.310835,0.701998,0.674571,BFUCAOZJ9YSKPWOTSHL38D2NGMYVRX7Q64IE1,0.083333,0.916667,point_previews/task000046_mu016384_rho080_n1.png
0.9,16384,8,license_plate_bahnschrift.ttf,BFUCAOZJ9Y5KPW0TSHL38D2NGMVRX7Q64IE1,3,0,0,0.765,15.178933,0.668877,0.635992,BFUCAOZJ9YSKPWOTSHL38D2NGMVRX7Q64IE1,0.055556,0.944444,point_previews/task000046_mu016384_rho090_n0.png
0.9,16384,8,license_plate_bahnschrift.ttf,BFUCAOZJ9Y5KPW0TSHL38D2NGMVRX7Q64IE1,3,0,1,0.765,15.178933,0.668877,0.635992,BFUCAOZJ9YSKPWOTSHL38D2NGMVRX7Q64IE1,0.055556,0.944444,point_previews/task000046_mu016384_rho090_n1.png
1.0,16384,8,license_plate_bahnschrift.ttf,BFUCAOZJ9Y5KPW0TSHL38D2NGMVRX7Q64IE1,3,0,0,0.85,16.0,0.63662,0.603355,BFUCAOZJ9YSKPWOTSHL38D2NGMVRX7Q64IE1,0.055556,0.944444,point_previews/task000046_mu016384_rho100_n0.png
1.0,16384,8,license_plate_bahnschrift.ttf,BFUCAOZJ9Y5KPW0TSHL38D2NGMVRX7Q64IE1,3,0,1,0.85,16.0,0.63662,0.603355,BFUCAOZJ9YSKPWOTSHL38D2NGMVRX7Q64IE1,0.055556,0.944444,point_previews/task000046_mu016384_rho100_n1.png
0.1,65536,8,license_plate_bahnschrift.ttf,BFUCAOZJ9Y5KPW0TSHL38D2NGMVRX7Q64IE1,3,0,0,0.085,5.059644,0.959381,1.907975,BFUCAOZJPYSKPWOTSHLIBD2NGMYRX7O641E1,0.222222,0.777778,point_previews/task000047_mu065536_rho010_n0.png
0.1,65536,8,license_plate_bahnschrift.ttf,BFUCAOZJ9Y5KPW0TSHL38D2NGMVRX7Q64IE1,3,0,1,0.085,5.059644,0.959381,1.907975,BFUCAOZJPYSKPWOTSHLIBD2NGMYRX7O641E1,0.222222,0.777778,point_previews/task000047_mu065536_rho010_n1.png
0.2,65536,8,license_plate_bahnschrift.ttf,BFUCAOZJ9Y5KPW0TSHL38D2NGMVRX7Q64IE1,3,0,0,0.17,7.155418,0.919759,1.349142,BFUCAOZJPYSKPWOTSHL38D2NGMYRX7O641E1,0.166667,0.833333,point_previews/task000047_mu065536_rho020_n0.png
0.2,65536,8,license_plate_bahnschrift.ttf,BFUCAOZJ9Y5KPW0TSHL38D2NGMVRX7Q64IE1,3,0,1,0.17,7.155418,0.919759,1.349142,BFUCAOZJPYSKPWOTSHL38D2NGMYRX7O641E1,0.166667,0.833333,point_previews/task000047_mu065536_rho020_n1.png
0.3,65536,8,license_plate_bahnschrift.ttf,BFUCAOZJ9Y5KPW0TSHL38D2NGMVRX7Q64IE1,3,0,0,0.255,8.763561,0.881116,1.10157,BFUCAOZJPYSKPWOTSHL38D2NGMYRX7O641E1,0.166667,0.833333,point_previews/task000047_mu065536_rho030_n0.png
0.3,65536,8,license_plate_bahnschrift.ttf,BFUCAOZJ9Y5KPW0TSHL38D2NGMVRX7Q64IE1,3,0,1,0.255,8.763561,0.881116,1.10157,BFUCAOZJ9YSKPWOTSHL38D2NGMYRX7Q641E1,0.111111,0.888889,point_previews/task000047_mu065536_rho030_n1.png
0.4,65536,8,license_plate_bahnschrift.ttf,BFUCAOZJ9Y5KPW0TSHL38D2NGMVRX7Q64IE1,3,0,0,0.34,10.119289,0.843436,0.953987,BFUCAOZJ9YSKPWOTSHL38D2NGMYRX7Q641E1,0.111111,0.888889,point_previews/task000047_mu065536_rho040_n0.png
0.4,65536,8,license_plate_bahnschrift.ttf,BFUCAOZJ9Y5KPW0TSHL38D2NGMVRX7Q64IE1,3,0,1,0.34,10.119289,0.843436,0.953987,BFUCAOZJ9YSKPWOTSHLI8D2NGMYRX7Q641E1,0.138889,0.861111,point_previews/task000047_mu065536_rho040_n1.png
0.5,65536,8,license_plate_bahnschrift.ttf,BFUCAOZJ9Y5KPW0TSHL38D2NGMVRX7Q64IE1,3,0,0,0.425,11.313708,0.8067,0.853272,BFUCAOZJ9YSKPWOTSHL38D2NGMYRX7Q641E1,0.111111,0.888889,point_previews/task000047_mu065536_rho050_n0.png
0.5,65536,8,license_plate_bahnschrift.ttf,BFUCAOZJ9Y5KPW0TSHL38D2NGMVRX7Q64IE1,3,0,1,0.425,11.313708,0.8067,0.853272,BFUCAOZJ9YSKPWOTSHL38D2NGMYRX7GQ641E1,0.138889,0.861111,point_previews/task000047_mu065536_rho050_n1.png
0.6,65536,8,license_plate_bahnschrift.ttf,BFUCAOZJ9Y5KPW0TSHL38D2NGMVRX7Q64IE1,3,0,0,0.51,12.393547,0.770893,0.778927,BFUCAOZJ9YSKPWOTSHL38D2NGMYRX7Q641E1,0.111111,0.888889,point_previews/task000047_mu065536_rho060_n0.png
0.6,65536,8,license_plate_bahnschrift.ttf,BFUCAOZJ9Y5KPW0TSHL38D2NGMVRX7Q64IE1,3,0,1,0.51,12.393547,0.770893,0.778927,BFUCAOZJ9YSKPWOTSHL38D2NGMYRX7Q641E1,0.111111,0.888889,point_previews/task000047_mu065536_rho060_n1.png
0.7,65536,8,license_plate_bahnschrift.ttf,BFUCAOZJ9Y5KPW0TSHL38D2NGMVRX7Q64IE1,3,0,0,0.595,13.38656,0.735998,0.721147,BFUCAOZJ9YSKPWOTSHL38D2NGMYRX7Q64IE1,0.083333,0.916667,point_previews/task000047_mu065536_rho070_n0.png
0.7,65536,8,license_plate_bahnschrift.ttf,BFUCAOZJ9Y5KPW0TSHL38D2NGMVRX7Q64IE1,3,0,1,0.595,13.38656,0.735998,0.721147,BFUCAOZJ9YSKPWOTSHL38D2NGMYRX7Q64IE1,0.083333,0.916667,point_previews/task000047_mu065536_rho070_n1.png
0.8,65536,8,license_plate_bahnschrift.ttf,BFUCAOZJ9Y5KPW0TSHL38D2NGMVRX7Q64IE1,3,0,0,0.68,14.310835,0.701998,0.674571,BFUCAOZJ9YSKPWOTSHL38D2NGMYVRX7Q64IE1,0.083333,0.916667,point_previews/task000047_mu065536_rho080_n0.png
0.8,65536,8,license_plate_bahnschrift.ttf,BFUCAOZJ9Y5KPW0TSHL38D2NGMVRX7Q64IE1,3,0,1,0.68,14.310835,0.701998,0.674571,BFUCAOZJ9YSKPWOTSHL38D2NGMVRX7Q64IE1,0.055556,0.944444,point_previews/task000047_mu065536_rho080_n1.png
0.9,65536,8,license_plate_bahnschrift.ttf,BFUCAOZJ9Y5KPW0TSHL38D2NGMVRX7Q64IE1,3,0,0,0.765,15.178933,0.668877,0.635992,BFUCAOZJ9YSKPWOTSHL38D2NGMVRX7Q64IE1,0.055556,0.944444,point_previews/task000047_mu065536_rho090_n0.png
0.9,65536,8,license_plate_bahnschrift.ttf,BFUCAOZJ9Y5KPW0TSHL38D2NGMVRX7Q64IE1,3,0,1,0.765,15.178933,0.668877,0.635992,BFUCAOZJ9YSKPWOTSHL38D2NGMVRX7Q64IE1,0.055556,0.944444,point_previews/task000047_mu065536_rho090_n1.png
1.0,65536,8,license_plate_bahnschrift.ttf,BFUCAOZJ9Y5KPW0TSHL38D2NGMVRX7Q64IE1,3,0,0,0.85,16.0,0.63662,0.603355,BFUCAOZJ9YSKPWOTSHL38D2NGMVRX7Q64IE1,0.055556,0.944444,point_previews/task000047_mu065536_rho100_n0.png
1.0,65536,8,license_plate_bahnschrift.ttf,BFUCAOZJ9Y5KPW0TSHL38D2NGMVRX7Q64IE1,3,0,1,0.85,16.0,0.63662,0.603355,BFUCAOZJ9YSKPWOTSHL38D2NGMVRX7Q64IE1,0.055556,0.944444,point_previews/task000047_mu065536_rho100_n1.png
0.1,4,8,license_plate_bahnschrift.ttf,BFUCAOZJ9Y5KPW0TSHL38D2NGMVRX7Q64IE1,3,3,0,0.085,5.059644,0.959381,1.907975,SILANE,0.888889,0.111111,point_previews/task000048_mu000004_rho010_n0.png
0.1,4,8,license_plate_bahnschrift.ttf,BFUCAOZJ9Y5KPW0TSHL38D2NGMVRX7Q64IE1,3,3,1,0.085,5.059644,0.959381,1.907975,UENMOSEKSANERYACPNCRERERCANOEERCTAEOT,1.0,0.0,point_previews/task000048_mu000004_rho010_n1.png
0.2,4,8,license_plate_bahnschrift.ttf,BFUCAOZJ9Y5KPW0TSHL38D2NGMVRX7Q64IE1,3,3,0,0.17,7.155418,0.919759,1.349142,PTAPNPPITRPAAASTT,0.888889,0.111111,point_previews/task000048_mu000004_rho020_n0.png
0.2,4,8,license_plate_bahnschrift.ttf,BFUCAOZJ9Y5KPW0TSHL38D2NGMVRX7Q64IE1,3,3,1,0.17,7.155418,0.919759,1.349142,LESSRSIINTTFRRIETSPFSERLL,0.944444,0.055556,point_previews/task000048_mu000004_rho020_n1.png
0.3,4,8,license_plate_bahnschrift.ttf,BFUCAOZJ9Y5KPW0TSHL38D2NGMVRX7Q64IE1,3,3,0,0.255,8.763561,0.881116,1.10157,CREESPOECMMOANLE,0.888889,0.111111,point_previews/task000048_mu000004_rho030_n0.png
0.3,4,8,license_plate_bahnschrift.ttf,BFUCAOZJ9Y5KPW0TSHL38D2NGMVRX7Q64IE1,3,3,1,0.255,8.763561,0.881116,1.10157,PSSUR,0.916667,0.083333,point_previews/task000048_mu000004_rho030_n1.png
0.4,4,8,license_plate_bahnschrift.ttf,BFUCAOZJ9Y5KPW0TSHL38D2NGMVRX7Q64IE1,3,3,0,0.34,10.119289,0.843436,0.953987,GEOATNSETEG,0.888889,0.111111,point_previews/task000048_mu000004_rho040_n0.png
0.4,4,8,license_plate_bahnschrift.ttf,BFUCAOZJ9Y5KPW0TSHL38D2NGMVRX7Q64IE1,3,3,1,0.34,10.119289,0.843436,0.953987,EAHSMISRREPTENRSE,0.861111,0.138889,point_previews/task000048_mu000004_rho040_n1.png
0.5,4,8,license_plate_bahnschrift.ttf,BFUCAOZJ9Y5KPW0TSHL38D2NGMVRX7Q64IE1,3,3,0,0.425,11.313708,0.8067,0.853272,BRDNEYDSUBEMRERASLCACOENS,0.916667,0.083333,point_previews/task000048_mu000004_rho050_n0.png
0.5,4,8,license_plate_bahnschrift.ttf,BFUCAOZJ9Y5KPW0TSHL38D2NGMVRX7Q64IE1,3,3,1,0.425,11.313708,0.8067,0.853272,,1.0,0.0,point_previews/task000048_mu000004_rho050_n1.png
0.6,4,8,license_plate_bahnschrift.ttf,BFUCAOZJ9Y5KPW0TSHL38D2NGMVRX7Q64IE1,3,3,0,0.51,12.393547,0.770893,0.778927,YEASSTAROUBPRNRRP,0.888889,0.111111,point_previews/task000048_mu000004_rho060_n0.png
0.6,4,8,license_plate_bahnschrift.ttf,BFUCAOZJ9Y5KPW0TSHL38D2NGMVRX7Q64IE1,3,3,1,0.51,12.393547,0.770893,0.778927,TAPLERORSAEGCLEDRTARLHS,0.888889,0.111111,point_previews/task000048_mu000004_rho060_n1.png
0.7,4,8,license_plate_bahnschrift.ttf,BFUCAOZJ9Y5KPW0TSHL38D2NGMVRX7Q64IE1,3,3,0,0.595,13.38656,0.735998,0.721147,SPRURSETSSRPATTEMPHN,0.916667,0.083333,point_previews/task000048_mu000004_rho070_n0.png
0.7,4,8,license_plate_bahnschrift.ttf,BFUCAOZJ9Y5KPW0TSHL38D2NGMVRX7Q64IE1,3,3,1,0.595,13.38656,0.735998,0.721147,FEEEOATPESHOSTCIEHSROTSEECLTEF,0.861111,0.138889,point_previews/task000048_mu000004_rho070_n1.png
0.8,4,8,license_plate_bahnschrift.ttf,BFUCAOZJ9Y5KPW0TSHL38D2NGMVRX7Q64IE1,3,3,0,0.68,14.310835,0.701998,0.674571,SELCUNESSAOICOURRTYISTANAS,0.944444,0.055556,point_previews/task000048_mu000004_rho080_n0.png
0.8,4,8,license_plate_bahnschrift.ttf,BFUCAOZJ9Y5KPW0TSHL38D2NGMVRX7Q64IE1,3,3,1,0.68,14.310835,0.701998,0.674571,VSMATIE15SRSAEESGRBRST,0.861111,0.138889,point_previews/task000048_mu000004_rho080_n1.png
0.9,4,8,license_plate_bahnschrift.ttf,BFUCAOZJ9Y5KPW0TSHL38D2NGMVRX7Q64IE1,3,3,0,0.765,15.178933,0.668877,0.635992,SAEGEDCRRERSPREMGA,0.916667,0.083333,point_previews/task000048_mu000004_rho090_n0.png
0.9,4,8,license_plate_bahnschrift.ttf,BFUCAOZJ9Y5KPW0TSHL38D2NGMVRX7Q64IE1,3,3,1,0.765,15.178933,0.668877,0.635992,PRAMSGTEESEWALISTSEESRD,0.888889,0.111111,point_previews/task000048_mu000004_rho090_n1.png
1.0,4,8,license_plate_bahnschrift.ttf,BFUCAOZJ9Y5KPW0TSHL38D2NGMVRX7Q64IE1,3,3,0,0.85,16.0,0.63662,0.603355,HEUGATEISREMANSTASNEERBL,0.861111,0.138889,point_previews/task000048_mu000004_rho100_n0.png
1.0,4,8,license_plate_bahnschrift.ttf,BFUCAOZJ9Y5KPW0TSHL38D2NGMVRX7Q64IE1,3,3,1,0.85,16.0,0.63662,0.603355,NRETZENIAJEVESRAAITREBS0EA,0.888889,0.111111,point_previews/task000048_mu000004_rho100_n1.png
0.1,16,8,license_plate_bahnschrift.ttf,BFUCAOZJ9Y5KPW0TSHL38D2NGMVRX7Q64IE1,3,3,0,0.085,5.059644,0.959381,1.907975,BUSESERSSE,0.861111,0.138889,point_previews/task000049_mu000016_rho010_n0.png
0.1,16,8,license_plate_bahnschrift.ttf,BFUCAOZJ9Y5KPW0TSHL38D2NGMVRX7Q64IE1,3,3,1,0.085,5.059644,0.959381,1.907975,FPHAAMRERETDNMRE,0.777778,0.222222,point_previews/task000049_mu000016_rho010_n1.png
0.2,16,8,license_plate_bahnschrift.ttf,BFUCAOZJ9Y5KPW0TSHL38D2NGMVRX7Q64IE1,3,3,0,0.17,7.155418,0.919759,1.349142,GUNDACRE,0.888889,0.111111,point_previews/task000049_mu000016_rho020_n0.png
0.2,16,8,license_plate_bahnschrift.ttf,BFUCAOZJ9Y5KPW0TSHL38D2NGMVRX7Q64IE1,3,3,1,0.17,7.155418,0.919759,1.349142,SHEEAUSARDNYSHSSODOARAREMYD,0.861111,0.138889,point_previews/task000049_mu000016_rho020_n1.png
0.3,16,8,license_plate_bahnschrift.ttf,BFUCAOZJ9Y5KPW0TSHL38D2NGMVRX7Q64IE1,3,3,0,0.255,8.763561,0.881116,1.10157,BEUGAGLISESREOTSHLSBDENGRESROEY,0.666667,0.333333,point_previews/task000049_mu000016_rho030_n0.png
0.3,16,8,license_plate_bahnschrift.ttf,BFUCAOZJ9Y5KPW0TSHL38D2NGMVRX7Q64IE1,3,3,1,0.255,8.763561,0.881116,1.10157,RRTICAR2ISYSESVWSTOREASHCORMERDBALES,0.833333,0.166667,point_previews/task000049_mu000016_rho030_n1.png
0.4,16,8,license_plate_bahnschrift.ttf,BFUCAOZJ9Y5KPW0TSHL38D2NGMVRX7Q64IE1,3,3,0,0.34,10.119289,0.843436,0.953987,BEGCHO2I9VEROTSHLISHREMYRATOESET,0.694444,0.305556,point_previews/task000049_mu000016_rho040_n0.png
0.4,16,8,license_plate_bahnschrift.ttf,BFUCAOZJ9Y5KPW0TSHL38D2NGMVRX7Q64IE1,3,3,1,0.34,10.119289,0.843436,0.953987,PEGCAGZIASKRWITSALISORGMYEN7HEO,0.666667,0.333333,point_previews/task000049_mu000016_rho040_n1.png
0.5,16,8,license_plate_bahnschrift.ttf,BFUCAOZJ9Y5KPW0TSHL38D2NGMVRX7Q64IE1,3,3,0,0.425,11.313708,0.8067,0.853272,,1.0,0.0,point_previews/task000049_mu000016_rho050_n0.png
0.5,16,8,license_plate_bahnschrift.ttf,BFUCAOZJ9Y5KPW0TSHL38D2NGMVRX7Q64IE1,3,3,1,0.425,11.313708,0.8067,0.853272,BRUEADZIPSKPWOTSHESAHINGMYEXTOGAIET,0.555556,0.444444,point_previews/task000049_mu000016_rho050_n1.png
0.6,16,8,license_plate_bahnschrift.ttf,BFUCAOZJ9Y5KPW0TSHL38D2NGMVRX7Q64IE1,3,3,0,0.51,12.393547,0.770893,0.778927,BFUBAOZISVSHPWOTSHLIRD2NGMERKTDGSIN,0.472222,0.527778,point_previews/task000049_mu000016_rho060_n0.png
0.6,16,8,license_plate_bahnschrift.ttf,BFUCAOZJ9Y5KPW0TSHL38D2NGMVRX7Q64IE1,3,3,1,0.51,12.393547,0.770893,0.778927,BEUCAGZISYSHPWHTSHISBD2NGMYRSOSMES,0.5,0.5,point_previews/task000049_mu000016_rho060_n1.png
0.7,16,8,license_plate_bahnschrift.ttf,BFUCAOZJ9Y5KPW0TSHL38D2NGMVRX7Q64IE1,3,3,0,0.595,13.38656,0.735998,0.721147,,1.0,0.0,point_previews/task000049_mu000016_rho070_n0.png
0.7,16,8,license_plate_bahnschrift.ttf,BFUCAOZJ9Y5KPW0TSHL38D2NGMVRX7Q64IE1,3,3,1,0.595,13.38656,0.735998,0.721147,BEUCADZI9YSRPWOTSHLS8D2NGMVAXTOEAIES,0.361111,0.638889,point_previews/task000049_mu000016_rho070_n1.png
0.8,16,8,license_plate_bahnschrift.ttf,BFUCAOZJ9Y5KPW0TSHL38D2NGMVRX7Q64IE1,3,3,0,0.68,14.310835,0.701998,0.674571,BEUCADZIOVSKPWOTSHESSBARGMVRKIOOQET,0.555556,0.444444,point_previews/task000049_mu000016_rho080_n0.png
0.8,16,8,license_plate_bahnschrift.ttf,BFUCAOZJ9Y5KPW0TSHL38D2NGMVRX7Q64IE1,3,3,1,0.68,14.310835,0.701998,0.674571,,1.0,0.0,point_previews/task000049_mu000016_rho080_n1.png
0.9,16,8,license_plate_bahnschrift.ttf,BFUCAOZJ9Y5KPW0TSHL38D2NGMVRX7Q64IE1,3,3,0,0.765,15.178933,0.668877,0.635992,BRUDAOZISYSKPWOTSHESBDZNGMVRX7O68IE3,0.361111,0.638889,point_previews/task000049_mu000016_rho090_n0.png
0.9,16,8,license_plate_bahnschrift.ttf,BFUCAOZJ9Y5KPW0TSHL38D2NGMVRX7Q64IE1,3,3,1,0.765,15.178933,0.668877,0.635992,BFUCROZIIYSKPWOETSHLSED2NGMVAX7O6AIET,0.333333,0.666667,point_previews/task000049_mu000016_rho090_n1.png
1.0,16,8,license_plate_bahnschrift.ttf,BFUCAOZJ9Y5KPW0TSHL38D2NGMVRX7Q64IE1,3,3,0,0.85,16.0,0.63662,0.603355,BEGCAOZIONSKRWOTSHLOBDZNGMYURXTUGAE,0.527778,0.472222,point_previews/task000049_mu000016_rho100_n0.png
1.0,16,8,license_plate_bahnschrift.ttf,BFUCAOZJ9Y5KPW0TSHL38D2NGMVRX7Q64IE1,3,3,1,0.85,16.0,0.63662,0.603355,BFUCAOZISYSKPIWOTSHLIBGINGMYRXTOGSIER,0.416667,0.583333,point_previews/task000049_mu000016_rho100_n1.png
0.1,64,8,license_plate_bahnschrift.ttf,BFUCAOZJ9Y5KPW0TSHL38D2NGMVRX7Q64IE1,3,3,0,0.085,5.059644,0.959381,1.907975,SBFEGNOZIGYEKRIMOTSHETSOZNGMYRX7OOUIET,0.583333,0.416667,point_previews/task000050_mu000064_rho010_n0.png
0.1,64,8,license_plate_bahnschrift.ttf,BFUCAOZJ9Y5KPW0TSHL38D2NGMVRX7Q64IE1,3,3,1,0.085,5.059644,0.959381,1.907975,BRECEOZSVSKPWOTSHEGRDZHGMVEKIOSSIES,0.555556,0.444444,point_previews/task000050_mu000064_rho010_n1.png
0.2,64,8,license_plate_bahnschrift.ttf,BFUCAOZJ9Y5KPW0TSHL38D2NGMVRX7Q64IE1,3,3,0,0.17,7.155418,0.919759,1.349142,BEUCAOZJOYSKPWOTSHESBD2NGMYRX7O6EIET,0.305556,0.694444,point_previews/task000050_mu000064_rho020_n0.png
0.2,64,8,license_plate_bahnschrift.ttf,BFUCAOZJ9Y5KPW0TSHL38D2NGMVRX7Q64IE1,3,3,1,0.17,7.155418,0.919759,1.349142,BFUEAOZJEYSKPWOTSHLIGDZNGMYRX7OGAIET,0.333333,0.666667,point_previews/task000050_mu000064_rho020_n1.png
0.3,64,8,license_plate_bahnschrift.ttf,BFUCAOZJ9Y5KPW0TSHL38D2NGMVRX7Q64IE1,3,3,0,0.255,8.763561,0.881116,1.10157,,1.0,0.0,point_previews/task000050_mu000064_rho030_n0.png
0.3,64,8,license_plate_bahnschrift.ttf,BFUCAOZJ9Y5KPW0TSHL38D2NGMVRX7Q64IE1,3,3,1,0.255,8.763561,0.881116,1.10157,,1.0,0.0,point_previews/task000050_mu000064_rho030_n1.png
0.4,64,8,license_plate_bahnschrift.ttf,BFUCAOZJ9Y5KPW0TSHL38D2NGMVRX7Q64IE1,3,3,0,0.34,10.119289,0.843436,0.953987,BFUCADZJ9YSKPWOTSHLSBD2NGMVRK7O641E1,0.222222,0.777778,point_previews/task000050_mu000064_rho040_n0.png
0.4,64,8,license_plate_bahnschrift.ttf,BFUCAOZJ9Y5KPW0TSHL38D2NGMVRX7Q64IE1,3,3,1,0.34,10.119289,0.843436,0.953987,BEUCAOZJPYSKPWOTSHLIBD2NGMVRX7O64IE1,0.194444,0.805556,point_previews/task000050_mu000064_rho040_n1.png
0.5,64,8,license_plate_bahnschrift.ttf,BFUCAOZJ9Y5KPW0TSHL38D2NGMVRX7Q64IE1,3,3,0,0.425,11.313708,0.8067,0.853272,BFUCAOZIJ9YSKPWOTSHLIBD2NGMVRXPO6SIET,0.25,0.75,point_previews/task000050_mu000064_rho050_n0.png
0.5,64,8,license_plate_bahnschrift.ttf,BFUCAOZJ9Y5KPW0TSHL38D2NGMVRX7Q64IE1,3,3,1,0.425,11.313708,0.8067,0.853272,BFUCAOZI9YSKPWOTSHL38D2NGMYRX70641E1,0.166667,0.833333,point_previews/task000050_mu000064_rho050_n1.png
0.6,64,8,license_plate_bahnschrift.ttf,BFUCAOZJ9Y5KPW0TSHL38D2NGMVRX7Q64IE1,3,3,0,0.51,12.393547,0.770893,0.778927,BFUCAOZJ9Y5KPWOTSHLIBD2NGMYRX7O64IE1,0.138889,0.861111,point_previews/task000050_mu000064_rho060_n0.png
0.6,64,8,license_plate_bahnschrift.ttf,BFUCAOZJ9Y5KPW0TSHL38D2NGMVRX7Q64IE1,3,3,1,0.51,12.393547,0.770893,0.778927,BFUCAOZI9YSKPWOTSHL3BD2NGMVRX7O6ZIE1,0.166667,0.833333,point_previews/task000050_mu000064_rho060_n1.png
0.7,64,8,license_plate_bahnschrift.ttf,BFUCAOZJ9Y5KPW0TSHL38D2NGMVRX7Q64IE1,3,3,0,0.595,13.38656,0.735998,0.721147,BFUCAOZI9YSKPWOTSHLIBD2NGMVRX7O641E,0.222222,0.777778,point_previews/task000050_mu000064_rho070_n0.png
0.7,64,8,license_plate_bahnschrift.ttf,BFUCAOZJ9Y5KPW0TSHL38D2NGMVRX7Q64IE1,3,3,1,0.595,13.38656,0.735998,0.721147,BFUCAOZJ9YSKPWOTSHL38D2NGMVRX70641E1,0.111111,0.888889,point_previews/task000050_mu000064_rho070_n1.png
0.8,64,8,license_plate_bahnschrift.ttf,BFUCAOZJ9Y5KPW0TSHL38D2NGMVRX7Q64IE1,3,3,0,0.68,14.310835,0.701998,0.674571,BFUCAOZJ9YSKPWOTSHL38D2NGMVRX70641E1,0.111111,0.888889,point_previews/task000050_mu000064_rho080_n0.png
0.8,64,8,license_plate_bahnschrift.ttf,BFUCAOZJ9Y5KPW0TSHL38D2NGMVRX7Q64IE1,3,3,1,0.68,14.310835,0.701998,0.674571,BFUCAOZJ9YSKPWOTSHL3BD2NGMYRXTOGAIEI,0.25,0.75,point_previews/task000050_mu000064_rho080_n1.png
0.9,64,8,license_plate_bahnschrift.ttf,BFUCAOZJ9Y5KPW0TSHL38D2NGMVRX7Q64IE1,3,3,0,0.765,15.178933,0.668877,0.635992,BFUCAOZJSYSKPWOTSHL38D2NGMVRX7O64IE1,0.111111,0.888889,point_previews/task000050_mu000064_rho090_n0.png
0.9,64,8,license_plate_bahnschrift.ttf,BFUCAOZJ9Y5KPW0TSHL38D2NGMVRX7Q64IE1,3,3,1,0.765,15.178933,0.668877,0.635992,BFUCAOZJ9Y5KPWOTSHL38D2NGMVRX7O64IE1,0.055556,0.944444,point_previews/task000050_mu000064_rho090_n1.png
1.0,64,8,license_plate_bahnschrift.ttf,BFUCAOZJ9Y5KPW0TSHL38D2NGMVRX7Q64IE1,3,3,0,0.85,16.0,0.63662,0.603355,BFUCAOZJ9Y5KPWOTSHL38D2NGMVRX70641E1,0.083333,0.916667,point_previews/task000050_mu000064_rho100_n0.png
1.0,64,8,license_plate_bahnschrift.ttf,BFUCAOZJ9Y5KPW0TSHL38D2NGMVRX7Q64IE1,3,3,1,0.85,16.0,0.63662,0.603355,BPUCAOZI9Y5KPWOTSHL3B8D2NGMYRX70641E,0.222222,0.777778,point_previews/task000050_mu000064_rho100_n1.png
0.1,256,8,license_plate_bahnschrift.ttf,BFUCAOZJ9Y5KPW0TSHL38D2NGMVRX7Q64IE1,3,3,0,0.085,5.059644,0.959381,1.907975,BFUCAOZJ8YSKPWOTSHEGBD2NGMYRX7O6AIE1,0.25,0.75,point_previews/task000051_mu000256_rho010_n0.png
0.1,256,8,license_plate_bahnschrift.ttf,BFUCAOZJ9Y5KPW0TSHL38D2NGMVRX7Q64IE1,3,3,1,0.085,5.059644,0.959381,1.907975,BFUCADZJOYSKPWOTSHLASD2NGMYRX7O64IE1,0.222222,0.777778,point_previews/task000051_mu000256_rho010_n1.png
0.2,256,8,license_plate_bahnschrift.ttf,BFUCAOZJ9Y5KPW0TSHL38D2NGMVRX7Q64IE1,3,3,0,0.17,7.155418,0.919759,1.349142,BFUCAOZI9YSKPWOTSHLI8D2NGMYRX7O641E1,0.194444,0.805556,point_previews/task000051_mu000256_rho020_n0.png
0.2,256,8,license_plate_bahnschrift.ttf,BFUCAOZJ9Y5KPW0TSHL38D2NGMVRX7Q64IE1,3,3,1,0.17,7.155418,0.919759,1.349142,BFUCAOZI9YSKPWOTSHLIA8DZNGMYRX7O64IE1,0.222222,0.777778,point_previews/task000051_mu000256_rho020_n1.png
0.3,256,8,license_plate_bahnschrift.ttf,BFUCAOZJ9Y5KPW0TSHL38D2NGMVRX7Q64IE1,3,3,0,0.255,8.763561,0.881116,1.10157,BFUCAOZISYSKPWOTSHLIBD2ZNGMYRX7G64IEI,0.277778,0.722222,point_previews/task000051_mu000256_rho030_n0.png
0.3,256,8,license_plate_bahnschrift.ttf,BFUCAOZJ9Y5KPW0TSHL38D2NGMVRX7Q64IE1,3,3,1,0.255,8.763561,0.881116,1.10157,BFUCAOZJ9YSKPWOTSHLI8D2NGMVRX70641E1,0.138889,0.861111,point_previews/task000051_mu000256_rho030_n1.png
0.4,256,8,license_plate_bahnschrift.ttf,BFUCAOZJ9Y5KPW0TSHL38D2NGMVRX7Q64IE1,3,3,0,0.34,10.119289,0.843436,0.953987,BFUCAOZI9YSKPWOTSHLIBD2NGMYRX7O44IE1,0.222222,0.777778,point_previews/task000051_mu000256_rho040_n0.png
0.4,256,8,license_plate_bahnschrift.ttf,BFUCAOZJ9Y5KPW0TSHL38D2NGMVRX7Q64IE1,3,3,1,0.34,10.119289,0.843436,0.953987,BFUCAOZI9YSKPWOTSHLIBD2NGMYRX7O641E1,0.222222,0.777778,point_previews/task000051_mu000256_rho040_n1.png
0.5,256,8,license_plate_bahnschrift.ttf,BFUCAOZJ9Y5KPW0TSHL38D2NGMVRX7Q64IE1,3,3,0,0.425,11.313708,0.8067,0.853272,BFUCAOZJI9YSKPWOTSHLIBD2NGMYVRX7O641E1,0.222222,0.777778,point_previews/task000051_mu000256_rho050_n0.png
0.5,256,8,license_plate_bahnschrift.ttf,BFUCAOZJ9Y5KPW0TSHL38D2NGMVRX7Q64IE1,3,3,1,0.425,11.313708,0.8067,0.853272,BFUCAOZI9YSKPWOTSHL3BD2NGMYRX7O64IE1,0.166667,0.833333,point_previews/task000051_mu000256_rho050_n1.png
0.6,256,8,license_plate_bahnschrift.ttf,BFUCAOZJ9Y5KPW0TSHL38D2NGMVRX7Q64IE1,3,3,0,0.51,12.393547,0.770893,0.778927,BFUCAOZI9YSKPWOTSHL3BD2NGMYRX7Q641E1,0.166667,0.833333,point_previews/task000051_mu000256_rho060_n0.png
0.6,256,8,license_plate_bahnschrift.ttf,BFUCAOZJ9Y5KPW0TSHL38D2NGMVRX7Q64IE1,3,3,1,0.51,12.393547,0.770893,0.778927,BFUCAOZJ9YSKPWOTSHLIBD2NGMYVRX7O641E1,0.194444,0.805556,point_previews/task000051_mu000256_rho060_n1.png
0.7,256,8,license_plate_bahnschrift.ttf,BFUCAOZJ9Y5KPW0TSHL38D2NGMVRX7Q64IE1,3,3,0,0.595,13.38656,0.735998,0.721147,BFUCAOZJ9YSKPWOTSHL38D2NGMYVRX7G64IE1,0.111111,0.888889,point_previews/task000051_mu000256_rho070_n0.png
0.7,256,8,license_plate_bahnschrift.ttf,BFUCAOZJ9Y5KPW0TSHL38D2NGMVRX7Q64IE1,3,3,1,0.595,13.38656,0.735998,0.721147,BFUCAOZI9YSKPWOTSHL3B8D2NGMYRX7O641E1,0.194444,0.805556,point_previews/task000051_mu000256_rho070_n1.png
0.8,256,8,license_plate_bahnschrift.ttf,BFUCAOZJ9Y5KPW0TSHL38D2NGMVRX7Q64IE1,3,3,0,0.68,14.310835,0.701998,0.674571,BFUCAOZJ9YSKPWOTSHL3BD2NGMYRX7G64IE1,0.138889,0.861111,point_previews/task000051_mu000256_rho080_n0.png
0.8,256,8,license_plate_bahnschrift.ttf,BFUCAOZJ9Y5KPW0TSHL38D2NGMVRX7Q64IE1,3,3,1,0.68,14.310835,0.701998,0.674571,BFUCAOZI9YSKPWOTSHL38D2NGMVRX7Q641E1,0.111111,0.888889,point_previews/task000051_mu000256_rho080_n1.png
0.9,256,8,license_plate_bahnschrift.ttf,BFUCAOZJ9Y5KPW0TSHL38D2NGMVRX7Q64IE1,3,3,0,0.765,15.178933,0.668877,0.635992,BFUCAOZJ9YSKPWOTSHL38D2NGMVRX7Q641E1,0.083333,0.916667,point_previews/task000051_mu000256_rho090_n0.png
0.9,256,8,license_plate_bahnschrift.ttf,BFUCAOZJ9Y5KPW0TSHL38D2NGMVRX7Q64IE1,3,3,1,0.765,15.178933,0.668877,0.635992,BFUCAOZJ9YSKPWOTSHL38D2NGMVRX7Q64IE1,0.055556,0.944444,point_previews/task000051_mu000256_rho090_n1.png
1.0,256,8,license_plate_bahnschrift.ttf,BFUCAOZJ9Y5KPW0TSHL38D2NGMVRX7Q64IE1,3,3,0,0.85,16.0,0.63662,0.603355,BFUCAOZJI9YSKPWOTSHL38D2NGMVRX7Q641E1,0.111111,0.888889,point_previews/task000051_mu000256_rho100_n0.png
1.0,256,8,license_plate_bahnschrift.ttf,BFUCAOZJ9Y5KPW0TSHL38D2NGMVRX7Q64IE1,3,3,1,0.85,16.0,0.63662,0.603355,BFUCAOZI9YSKPWOTSHL38D2NGMVRX7Q641E1,0.111111,0.888889,point_previews/task000051_mu000256_rho100_n1.png
0.1,1024,8,license_plate_bahnschrift.ttf,BFUCAOZJ9Y5KPW0TSHL38D2NGMVRX7Q64IE1,3,3,0,0.085,5.059644,0.959381,1.907975,BFUCAOZI9YSKPWOTSHLIBD2ZNGMYRX7O641E1,0.25,0.75,point_previews/task000052_mu001024_rho010_n0.png
0.1,1024,8,license_plate_bahnschrift.ttf,BFUCAOZJ9Y5KPW0TSHL38D2NGMVRX7Q64IE1,3,3,1,0.085,5.059644,0.959381,1.907975,BFUCAOZIFYSKPWOTSHLIBO2ZNGMYRX7O641E1,0.305556,0.694444,point_previews/task000052_mu001024_rho010_n1.png
0.2,1024,8,license_plate_bahnschrift.ttf,BFUCAOZJ9Y5KPW0TSHL38D2NGMVRX7Q64IE1,3,3,0,0.17,7.155418,0.919759,1.349142,BFUCAOZI9YSKPWOTSHLIBD2NGMYRX7O64IEI,0.222222,0.777778,point_previews/task000052_mu001024_rho020_n0.png
0.2,1024,8,license_plate_bahnschrift.ttf,BFUCAOZJ9Y5KPW0TSHL38D2NGMVRX7Q64IE1,3,3,1,0.17,7.155418,0.919759,1.349142,BFUCAOZIPYSKPWOTSHL3BD2NGMYRX7O641E1,0.222222,0.777778,point_previews/task000052_mu001024_rho020_n1.png
0.3,1024,8,license_plate_bahnschrift.ttf,BFUCAOZJ9Y5KPW0TSHL38D2NGMVRX7Q64IE1,3,3,0,0.255,8.763561,0.881116,1.10157,BFUCAOZI9YSKPWOTSHLIBD2NGMYRX7O641E1,0.222222,0.777778,point_previews/task000052_mu001024_rho030_n0.png
0.3,1024,8,license_plate_bahnschrift.ttf,BFUCAOZJ9Y5KPW0TSHL38D2NGMVRX7Q64IE1,3,3,1,0.255,8.763561,0.881116,1.10157,BFUCAOZI9YSKPWOTSHLIBD2NGMYVRX7O64IE1,0.194444,0.805556,point_previews/task000052_mu001024_rho030_n1.png
0.4,1024,8,license_plate_bahnschrift.ttf,BFUCAOZJ9Y5KPW0TSHL38D2NGMVRX7Q64IE1,3,3,0,0.34,10.119289,0.843436,0.953987,BFUCAOZIJ9YSKPWOTSHLIBD2NGMYVRX7O64IE1,0.194444,0.805556,point_previews/task000052_mu001024_rho040_n0.png
0.4,1024,8,license_plate_bahnschrift.ttf,BFUCAOZJ9Y5KPW0TSHL38D2NGMVRX7Q64IE1,3,3,1,0.34,10.119289,0.843436,0.953987,BFUCAOZI9YSKPWOTSHLIBD2NGMYRX7O641E1,0.222222,0.777778,point_previews/task000052_mu001024_rho040_n1.png
0.5,1024,8,license_plate_bahnschrift.ttf,BFUCAOZJ9Y5KPW0TSHL38D2NGMVRX7Q64IE1,3,3,0,0.425,11.313708,0.8067,0.853272,BFUCAOZI9YSKPWOTSHLIBD2NGMYVRX7O641E1,0.222222,0.777778,point_previews/task000052_mu001024_rho050_n0.png
0.5,1024,8,license_plate_bahnschrift.ttf,BFUCAOZJ9Y5KPW0TSHL38D2NGMVRX7Q64IE1,3,3,1,0.425,11.313708,0.8067,0.853272,BFUCAOZJ9YSKPWOTSHL38BD2NGMYRX7QO64IE1,0.138889,0.861111,point_previews/task000052_mu001024_rho050_n1.png
0.6,1024,8,license_plate_bahnschrift.ttf,BFUCAOZJ9Y5KPW0TSHL38D2NGMVRX7Q64IE1,3,3,0,0.51,12.393547,0.770893,0.778927,BFUCAOZJ9YSKPWOTSHL38D2NGMYRX7Q64IE1,0.083333,0.916667,point_previews/task000052_mu001024_rho060_n0.png
0.6,1024,8,license_plate_bahnschrift.ttf,BFUCAOZJ9Y5KPW0TSHL38D2NGMVRX7Q64IE1,3,3,1,0.51,12.393547,0.770893,0.778927,BFUCAOZJ9YSKPWOTSHL38D2NGMYVRX7Q64IE1,0.083333,0.916667,point_previews/task000052_mu001024_rho060_n1.png
0.7,1024,8,license_plate_bahnschrift.ttf,BFUCAOZJ9Y5KPW0TSHL38D2NGMVRX7Q64IE1,3,3,0,0.595,13.38656,0.735998,0.721147,BFUCAOZJI9YSKPWOTSHL38D2NGMYVRX7Q641E1,0.138889,0.861111,point_previews/task000052_mu001024_rho070_n0.png
0.7,1024,8,license_plate_bahnschrift.ttf,BFUCAOZJ9Y5KPW0TSHL38D2NGMVRX7Q64IE1,3,3,1,0.595,13.38656,0.735998,0.721147,BFUCAOZJ9YSKPWOTSHL38D2NGMYRX7Q641E1,0.111111,0.888889,point_previews/task000052_mu001024_rho070_n1.png
0.8,1024,8,license_plate_bahnschrift.ttf,BFUCAOZJ9Y5KPW0TSHL38D2NGMVRX7Q64IE1,3,3,0,0.68,14.310835,0.701998,0.674571,BFUCAOZJI9YSKPWOTSHL38D2NGMYVRX7Q641E1,0.138889,0.861111,point_previews/task000052_mu001024_rho080_n0.png
0.8,1024,8,license_plate_bahnschrift.ttf,BFUCAOZJ9Y5KPW0TSHL38D2NGMVRX7Q64IE1,3,3,1,0.68,14.310835,0.701998,0.674571,BFUCAOZJ9YSKPWOTSHL38D2NGMYVRX7Q64IE1,0.083333,0.916667,point_previews/task000052_mu001024_rho080_n1.png
0.9,1024,8,license_plate_bahnschrift.ttf,BFUCAOZJ9Y5KPW0TSHL38D2NGMVRX7Q64IE1,3,3,0,0.765,15.178933,0.668877,0.635992,BFUCAOZJI9YSKPWOTSHL38D2NGMVRX7Q641E1,0.111111,0.888889,point_previews/task000052_mu001024_rho090_n0.png
0.9,1024,8,license_plate_bahnschrift.ttf,BFUCAOZJ9Y5KPW0TSHL38D2NGMVRX7Q64IE1,3,3,1,0.765,15.178933,0.668877,0.635992,BFUCAOZJI9YSKPWOTSHL38D2NGMVRX7Q641E1,0.111111,0.888889,point_previews/task000052_mu001024_rho090_n1.png
1.0,1024,8,license_plate_bahnschrift.ttf,BFUCAOZJ9Y5KPW0TSHL38D2NGMVRX7Q64IE1,3,3,0,0.85,16.0,0.63662,0.603355,BFUCAOZJI9YSKPWOTSHL38D2NGMVRX7Q641E1,0.111111,0.888889,point_previews/task000052_mu001024_rho100_n0.png
1.0,1024,8,license_plate_bahnschrift.ttf,BFUCAOZJ9Y5KPW0TSHL38D2NGMVRX7Q64IE1,3,3,1,0.85,16.0,0.63662,0.603355,BFUCAOZJI9YSKPWOTSHL38D2NGMVRX7Q641E1,0.111111,0.888889,point_previews/task000052_mu001024_rho100_n1.png
0.1,4096,8,license_plate_bahnschrift.ttf,BFUCAOZJ9Y5KPW0TSHL38D2NGMVRX7Q64IE1,3,3,0,0.085,5.059644,0.959381,1.907975,BFUCAOZI9YSKPWOTSHLIBD2ZNGMYRX7O64IE1,0.222222,0.777778,point_previews/task000053_mu004096_rho010_n0.png
0.1,4096,8,license_plate_bahnschrift.ttf,BFUCAOZJ9Y5KPW0TSHL38D2NGMVRX7Q64IE1,3,3,1,0.085,5.059644,0.959381,1.907975,BFUCAOZI9YSKPWOTSHLIBD2NGMYRX7O641E1,0.222222,0.777778,point_previews/task000053_mu004096_rho010_n1.png
0.2,4096,8,license_plate_bahnschrift.ttf,BFUCAOZJ9Y5KPW0TSHL38D2NGMVRX7Q64IE1,3,3,0,0.17,7.155418,0.919759,1.349142,BFUCAOZI9YSKPWOTSHLIBD2NGMYRX7O641E1,0.222222,0.777778,point_previews/task000053_mu004096_rho020_n0.png
0.2,4096,8,license_plate_bahnschrift.ttf,BFUCAOZJ9Y5KPW0TSHL38D2NGMVRX7Q64IE1,3,3,1,0.17,7.155418,0.919759,1.349142,BFUCAOZI9YSKPWOTSHLIBD2NGMYRX7O64IE1,0.194444,0.805556,point_previews/task000053_mu004096_rho020_n1.png
0.3,4096,8,license_plate_bahnschrift.ttf,BFUCAOZJ9Y5KPW0TSHL38D2NGMVRX7Q64IE1,3,3,0,0.255,8.763561,0.881116,1.10157,BFUCAOZI9YSKPWOTSHLIBD2NGMYRX7O641E1,0.222222,0.777778,point_previews/task000053_mu004096_rho030_n0.png
0.3,4096,8,license_plate_bahnschrift.ttf,BFUCAOZJ9Y5KPW0TSHL38D2NGMVRX7Q64IE1,3,3,1,0.255,8.763561,0.881116,1.10157,BFUCAOZI9YSKPWOTSHL3BD2NGMYRX7O641E1,0.194444,0.805556,point_previews/task000053_mu004096_rho030_n1.png
0.4,4096,8,license_plate_bahnschrift.ttf,BFUCAOZJ9Y5KPW0TSHL38D2NGMVRX7Q64IE1,3,3,0,0.34,10.119289,0.843436,0.953987,BFUCAOZI9YSKPWOTSHL3BD2NGMYRX7O64IE1,0.166667,0.833333,point_previews/task000053_mu004096_rho040_n0.png
0.4,4096,8,license_plate_bahnschrift.ttf,BFUCAOZJ9Y5KPW0TSHL38D2NGMVRX7Q64IE1,3,3,1,0.34,10.119289,0.843436,0.953987,BFUCAOZI9YSKPWOTSHL3B8D2NGMYRX7O64IE1,0.166667,0.833333,point_previews/task000053_mu004096_rho040_n1.png
0.5,4096,8,license_plate_bahnschrift.ttf,BFUCAOZJ9Y5KPW0TSHL38D2NGMVRX7Q64IE1,3,3,0,0.425,11.313708,0.8067,0.853272,BFUCAOZJ9YSKPWOTSHL38D2NGMYRX7O64IE1,0.111111,0.888889,point_previews/task000053_mu004096_rho050_n0.png
0.5,4096,8,license_plate_bahnschrift.ttf,BFUCAOZJ9Y5KPW0TSHL38D2NGMVRX7Q64IE1,3,3,1,0.425,11.313708,0.8067,0.853272,BFUCAOZJ9YSKPWOTSHL38D2NGMYRX7Q64IE1,0.083333,0.916667,point_previews/task000053_mu004096_rho050_n1.png
0.6,4096,8,license_plate_bahnschrift.ttf,BFUCAOZJ9Y5KPW0TSHL38D2NGMVRX7Q64IE1,3,3,0,0.51,12.393547,0.770893,0.778927,BFUCAOZJ9YSKPWOTSHL38D2NGMYRX7Q64IE1,0.083333,0.916667,point_previews/task000053_mu004096_rho060_n0.png
0.6,4096,8,license_plate_bahnschrift.ttf,BFUCAOZJ9Y5KPW0TSHL38D2NGMVRX7Q64IE1,3,3,1,0.51,12.393547,0.770893,0.778927,BFUCAOZJ9YSKPWOTSHL38D2NGMYRX7G64IE1,0.111111,0.888889,point_previews/task000053_mu004096_rho060_n1.png
0.7,4096,8,license_plate_bahnschrift.ttf,BFUCAOZJ9Y5KPW0TSHL38D2NGMVRX7Q64IE1,3,3,0,0.595,13.38656,0.735998,0.721147,BFUCAOZJ9YSKPWOTSHL38D2NGMYRX7Q64IE1,0.083333,0.916667,point_previews/task000053_mu004096_rho070_n0.png
0.7,4096,8,license_plate_bahnschrift.ttf,BFUCAOZJ9Y5KPW0TSHL38D2NGMVRX7Q64IE1,3,3,1,0.595,13.38656,0.735998,0.721147,BFUCAOZJ9YSKPWOTSHL38D2NGMYRX7Q64IE1,0.083333,0.916667,point_previews/task000053_mu004096_rho070_n1.png
0.8,4096,8,license_plate_bahnschrift.ttf,BFUCAOZJ9Y5KPW0TSHL38D2NGMVRX7Q64IE1,3,3,0,0.68,14.310835,0.701998,0.674571,BFUCAOZJ9YSKPWOTSHL38D2NGMYVRX7Q64IE1,0.083333,0.916667,point_previews/task000053_mu004096_rho080_n0.png
0.8,4096,8,license_plate_bahnschrift.ttf,BFUCAOZJ9Y5KPW0TSHL38D2NGMVRX7Q64IE1,3,3,1,0.68,14.310835,0.701998,0.674571,BFUCAOZJ9YSKPWOTSHL38D2NGMYVRX7Q64IE1,0.083333,0.916667,point_previews/task000053_mu004096_rho080_n1.png
0.9,4096,8,license_plate_bahnschrift.ttf,BFUCAOZJ9Y5KPW0TSHL38D2NGMVRX7Q64IE1,3,3,0,0.765,15.178933,0.668877,0.635992,BFUCAOZJ9YSKPWOTSHL38D2NGMVRX7Q64IE1,0.055556,0.944444,point_previews/task000053_mu004096_rho090_n0.png
0.9,4096,8,license_plate_bahnschrift.ttf,BFUCAOZJ9Y5KPW0TSHL38D2NGMVRX7Q64IE1,3,3,1,0.765,15.178933,0.668877,0.635992,BFUCAOZJ9YSKPWOTSHL38D2NGMVRX7Q64IE1,0.055556,0.944444,point_previews/task000053_mu004096_rho090_n1.png
1.0,4096,8,license_plate_bahnschrift.ttf,BFUCAOZJ9Y5KPW0TSHL38D2NGMVRX7Q64IE1,3,3,0,0.85,16.0,0.63662,0.603355,BFUCAOZJI9YSKPWOTSHL38D2NGMVRX7Q641E1,0.111111,0.888889,point_previews/task000053_mu004096_rho100_n0.png
1.0,4096,8,license_plate_bahnschrift.ttf,BFUCAOZJ9Y5KPW0TSHL38D2NGMVRX7Q64IE1,3,3,1,0.85,16.0,0.63662,0.603355,BFUCAOZJI9YSKPWOTSHL38D2NGMVRX7Q641E1,0.111111,0.888889,point_previews/task000053_mu004096_rho100_n1.png
0.1,16384,8,license_plate_bahnschrift.ttf,BFUCAOZJ9Y5KPW0TSHL38D2NGMVRX7Q64IE1,3,3,0,0.085,5.059644,0.959381,1.907975,BFUCAODZI9YSKPWOTSHLIBD2NGMYRX7O641E1,0.25,0.75,point_previews/task000054_mu016384_rho010_n0.png
0.1,16384,8,license_plate_bahnschrift.ttf,BFUCAOZJ9Y5KPW0TSHL38D2NGMVRX7Q64IE1,3,3,1,0.085,5.059644,0.959381,1.907975,BFUCAOZIPYSKPWOTSHLIBD2NGMYRX7O641E1,0.25,0.75,point_previews/task000054_mu016384_rho010_n1.png
0.2,16384,8,license_plate_bahnschrift.ttf,BFUCAOZJ9Y5KPW0TSHL38D2NGMVRX7Q64IE1,3,3,0,0.17,7.155418,0.919759,1.349142,BFUCAOZI9YSKPWOTSHLIBD2NGMYRX7O641E1,0.222222,0.777778,point_previews/task000054_mu016384_rho020_n0.png
0.2,16384,8,license_plate_bahnschrift.ttf,BFUCAOZJ9Y5KPW0TSHL38D2NGMVRX7Q64IE1,3,3,1,0.17,7.155418,0.919759,1.349142,BFUCAOZI9YSKPWOTSHL3BD2NGMYRX7O641E1,0.194444,0.805556,point_previews/task000054_mu016384_rho020_n1.png
0.3,16384,8,license_plate_bahnschrift.ttf,BFUCAOZJ9Y5KPW0TSHL38D2NGMVRX7Q64IE1,3,3,0,0.255,8.763561,0.881116,1.10157,BFUCAOZJI9YSKPWOTSHLIBD2NGMYRX7O641E1,0.222222,0.777778,point_previews/task000054_mu016384_rho030_n0.png
0.3,16384,8,license_plate_bahnschrift.ttf,BFUCAOZJ9Y5KPW0TSHL38D2NGMVRX7Q64IE1,3,3,1,0.255,8.763561,0.881116,1.10157,BFUCAOZI9YSKPWOTSHLIBD2NGMYRX7O641E1,0.222222,0.777778,point_previews/task000054_mu016384_rho030_n1.png
0.4,16384,8,license_plate_bahnschrift.ttf,BFUCAOZJ9Y5KPW0TSHL38D2NGMVRX7Q64IE1,3,3,0,0.34,10.119289,0.843436,0.953987,BFUCAOZI9YSKPWOTSHL3B8D2NGMYRX7O64IE1,0.166667,0.833333,point_previews/task000054_mu016384_rho040_n0.png
0.4,16384,8,license_plate_bahnschrift.ttf,BFUCAOZJ9Y5KPW0TSHL38D2NGMVRX7Q64IE1,3,3,1,0.34,10.119289,0.843436,0.953987,BFUCAOZI9YSKPWOTSHL3BD2NGMYRX7O64IE1,0.166667,0.833333,point_previews/task000054_mu016384_rho040_n1.png
0.5,16384,8,license_plate_bahnschrift.ttf,BFUCAOZJ9Y5KPW0TSHL38D2NGMVRX7Q64IE1,3,3,0,0.425,11.313708,0.8067,0.853272,BFUCAOZJ9YSKPWOTSHL38D2NGMYRX7Q64IE1,0.083333,0.916667,point_previews/task000054_mu016384_rho050_n0.png
0.5,16384,8,license_plate_bahnschrift.ttf,BFUCAOZJ9Y5KPW0TSHL38D2NGMVRX7Q64IE1,3,3,1,0.425,11.313708,0.8067,0.853272,BFUCAOZJ9YSKPWOTSHL38D2NGMYRX7Q64IE1,0.083333,0.916667,point_previews/task000054_mu016384_rho050_n1.png
0.6,16384,8,license_plate_bahnschrift.ttf,BFUCAOZJ9Y5KPW0TSHL38D2NGMVRX7Q64IE1,3,3,0,0.51,12.393547,0.770893,0.778927,BFUCAOZJ9YSKPWOTSHL38D2NGMYVRX7Q64IE1,0.083333,0.916667,point_previews/task000054_mu016384_rho060_n0.png
0.6,16384,8,license_plate_bahnschrift.ttf,BFUCAOZJ9Y5KPW0TSHL38D2NGMVRX7Q64IE1,3,3,1,0.51,12.393547,0.770893,0.778927,BFUCAOZJ9YSKPWOTSHL38D2NGMYRX7Q64IE1,0.083333,0.916667,point_previews/task000054_mu016384_rho060_n1.png
0.7,16384,8,license_plate_bahnschrift.ttf,BFUCAOZJ9Y5KPW0TSHL38D2NGMVRX7Q64IE1,3,3,0,0.595,13.38656,0.735998,0.721147,BFUCAOZJ9YSKPWOTSHL38D2NGMYVRX7Q64IE1,0.083333,0.916667,point_previews/task000054_mu016384_rho070_n0.png
0.7,16384,8,license_plate_bahnschrift.ttf,BFUCAOZJ9Y5KPW0TSHL38D2NGMVRX7Q64IE1,3,3,1,0.595,13.38656,0.735998,0.721147,BFUCAOZJ9YSKPWOTSHL38D2NGMYVRX7Q64IE1,0.083333,0.916667,point_previews/task000054_mu016384_rho070_n1.png
0.8,16384,8,license_plate_bahnschrift.ttf,BFUCAOZJ9Y5KPW0TSHL38D2NGMVRX7Q64IE1,3,3,0,0.68,14.310835,0.701998,0.674571,BFUCAOZJ9YSKPWOTSHL38D2NGMVRX7Q64IE1,0.055556,0.944444,point_previews/task000054_mu016384_rho080_n0.png
0.8,16384,8,license_plate_bahnschrift.ttf,BFUCAOZJ9Y5KPW0TSHL38D2NGMVRX7Q64IE1,3,3,1,0.68,14.310835,0.701998,0.674571,BFUCAOZJ9YSKPWOTSHL38D2NGMYVRX7Q64IE1,0.083333,0.916667,point_previews/task000054_mu016384_rho080_n1.png
0.9,16384,8,license_plate_bahnschrift.ttf,BFUCAOZJ9Y5KPW0TSHL38D2NGMVRX7Q64IE1,3,3,0,0.765,15.178933,0.668877,0.635992,BFUCAOZJ9YSKPWOTSHL38D2NGMVRX7Q64IE1,0.055556,0.944444,point_previews/task000054_mu016384_rho090_n0.png
0.9,16384,8,license_plate_bahnschrift.ttf,BFUCAOZJ9Y5KPW0TSHL38D2NGMVRX7Q64IE1,3,3,1,0.765,15.178933,0.668877,0.635992,BFUCAOZJ9YSKPWOTSHL38D2NGMVRX7Q64IE1,0.055556,0.944444,point_previews/task000054_mu016384_rho090_n1.png
1.0,16384,8,license_plate_bahnschrift.ttf,BFUCAOZJ9Y5KPW0TSHL38D2NGMVRX7Q64IE1,3,3,0,0.85,16.0,0.63662,0.603355,BFUCAOZJI9YSKPWOTSHL38D2NGMVRX7Q641E1,0.111111,0.888889,point_previews/task000054_mu016384_rho100_n0.png
1.0,16384,8,license_plate_bahnschrift.ttf,BFUCAOZJ9Y5KPW0TSHL38D2NGMVRX7Q64IE1,3,3,1,0.85,16.0,0.63662,0.603355,BFUCAOZJ9YSKPWOTSHL38D2NGMVRX7Q641E1,0.083333,0.916667,point_previews/task000054_mu016384_rho100_n1.png
0.1,65536,8,license_plate_bahnschrift.ttf,BFUCAOZJ9Y5KPW0TSHL38D2NGMVRX7Q64IE1,3,3,0,0.085,5.059644,0.959381,1.907975,BFUCAODZIPYSKPWOTSHLIBD2NGMYRX7O641E1,0.277778,0.722222,point_previews/task000055_mu065536_rho010_n0.png
0.1,65536,8,license_plate_bahnschrift.ttf,BFUCAOZJ9Y5KPW0TSHL38D2NGMVRX7Q64IE1,3,3,1,0.085,5.059644,0.959381,1.907975,BFUCAODZIPYSKPWOTSHLIBD2NGMYRX7O641E1,0.277778,0.722222,point_previews/task000055_mu065536_rho010_n1.png
0.2,65536,8,license_plate_bahnschrift.ttf,BFUCAOZJ9Y5KPW0TSHL38D2NGMVRX7Q64IE1,3,3,0,0.17,7.155418,0.919759,1.349142,BFUCAOZI9YSKPWOTSHLIBD2NGMYRX7O641E1,0.222222,0.777778,point_previews/task000055_mu065536_rho020_n0.png
0.2,65536,8,license_plate_bahnschrift.ttf,BFUCAOZJ9Y5KPW0TSHL38D2NGMVRX7Q64IE1,3,3,1,0.17,7.155418,0.919759,1.349142,BFUCAODZI9YSKPWOTSHLIBD2NGMYRX7O641E1,0.25,0.75,point_previews/task000055_mu065536_rho020_n1.png
0.3,65536,8,license_plate_bahnschrift.ttf,BFUCAOZJ9Y5KPW0TSHL38D2NGMVRX7Q64IE1,3,3,0,0.255,8.763561,0.881116,1.10157,BFUCAOZI9YSKPWOTSHLIBD2NGMYRX7O641E1,0.222222,0.777778,point_previews/task000055_mu065536_rho030_n0.png
0.3,65536,8,license_plate_bahnschrift.ttf,BFUCAOZJ9Y5KPW0TSHL38D2NGMVRX7Q64IE1,3,3,1,0.255,8.763561,0.881116,1.10157,BFUCAOZI9YSKPWOTSHLIBD2NGMYRX7O641E1,0.222222,0.777778,point_previews/task000055_mu065536_rho030_n1.png
0.4,65536,8,license_plate_bahnschrift.ttf,BFUCAOZJ9Y5KPW0TSHL38D2NGMVRX7Q64IE1,3,3,0,0.34,10.119289,0.843436,0.953987,BFUCAOZI9YSKPWOTSHL3BD2NGMYRX7O64IE1,0.166667,0.833333,point_previews/task000055_mu065536_rho040_n0.png
0.4,65536,8,license_plate_bahnschrift.ttf,BFUCAOZJ9Y5KPW0TSHL38D2NGMVRX7Q64IE1,3,3,1,0.34,10.119289,0.843436,0.953987,BFUCAOZIJ9YSKPWOTSHL3B8BD2NGMYRX7O64IE1,0.194444,0.805556,point_previews/task000055_mu065536_rho040_n1.png
0.5,65536,8,license_plate_bahnschrift.ttf,BFUCAOZJ9Y5KPW0TSHL38D2NGMVRX7Q64IE1,3,3,0,0.425,11.313708,0.8067,0.853272,BFUCAOZJ9YSKPWOTSHL38D2NGMYRX7Q64IE1,0.083333,0.916667,point_previews/task000055_mu065536_rho050_n0.png
0.5,65536,8,license_plate_bahnschrift.ttf,BFUCAOZJ9Y5KPW0TSHL38D2NGMVRX7Q64IE1,3,3,1,0.425,11.313708,0.8067,0.853272,BFUCAOZJ9YSKPWOTSHL38D2NGMYRX7Q64IE1,0.083333,0.916667,point_previews/task000055_mu065536_rho050_n1.png
0.6,65536,8,license_plate_bahnschrift.ttf,BFUCAOZJ9Y5KPW0TSHL38D2NGMVRX7Q64IE1,3,3,0,0.51,12.393547,0.770893,0.778927,BFUCAOZJ9YSKPWOTSHL38D2NGMYRX7Q64IE1,0.083333,0.916667,point_previews/task000055_mu065536_rho060_n0.png
0.6,65536,8,license_plate_bahnschrift.ttf,BFUCAOZJ9Y5KPW0TSHL38D2NGMVRX7Q64IE1,3,3,1,0.51,12.393547,0.770893,0.778927,BFUCAOZJ9YSKPWOTSHL38D2NGMYVRX7Q64IE1,0.083333,0.916667,point_previews/task000055_mu065536_rho060_n1.png
0.7,65536,8,license_plate_bahnschrift.ttf,BFUCAOZJ9Y5KPW0TSHL38D2NGMVRX7Q64IE1,3,3,0,0.595,13.38656,0.735998,0.721147,BFUCAOZJ9YSKPWOTSHL38D2NGMYRX7Q64IE1,0.083333,0.916667,point_previews/task000055_mu065536_rho070_n0.png
0.7,65536,8,license_plate_bahnschrift.ttf,BFUCAOZJ9Y5KPW0TSHL38D2NGMVRX7Q64IE1,3,3,1,0.595,13.38656,0.735998,0.721147,BFUCAOZJ9YSKPWOTSHL38D2NGMYRX7Q64IE1,0.083333,0.916667,point_previews/task000055_mu065536_rho070_n1.png
0.8,65536,8,license_plate_bahnschrift.ttf,BFUCAOZJ9Y5KPW0TSHL38D2NGMVRX7Q64IE1,3,3,0,0.68,14.310835,0.701998,0.674571,BFUCAOZJ9YSKPWOTSHL38D2NGMYRX7Q64IE1,0.083333,0.916667,point_previews/task000055_mu065536_rho080_n0.png
0.8,65536,8,license_plate_bahnschrift.ttf,BFUCAOZJ9Y5KPW0TSHL38D2NGMVRX7Q64IE1,3,3,1,0.68,14.310835,0.701998,0.674571,BFUCAOZJ9YSKPWOTSHL38D2NGMYVRX7Q64IE1,0.083333,0.916667,point_previews/task000055_mu065536_rho080_n1.png
0.9,65536,8,license_plate_bahnschrift.ttf,BFUCAOZJ9Y5KPW0TSHL38D2NGMVRX7Q64IE1,3,3,0,0.765,15.178933,0.668877,0.635992,BFUCAOZJ9YSKPWOTSHL38D2NGMVRX7Q64IE1,0.055556,0.944444,point_previews/task000055_mu065536_rho090_n0.png
0.9,65536,8,license_plate_bahnschrift.ttf,BFUCAOZJ9Y5KPW0TSHL38D2NGMVRX7Q64IE1,3,3,1,0.765,15.178933,0.668877,0.635992,BFUCAOZJ9YSKPWOTSHL38D2NGMVRX7Q64IE1,0.055556,0.944444,point_previews/task000055_mu065536_rho090_n1.png
1.0,65536,8,license_plate_bahnschrift.ttf,BFUCAOZJ9Y5KPW0TSHL38D2NGMVRX7Q64IE1,3,3,0,0.85,16.0,0.63662,0.603355,BFUCAOZJI9YSKPWOTSHL38D2NGMVRX7Q641E1,0.111111,0.888889,point_previews/task000055_mu065536_rho100_n0.png
1.0,65536,8,license_plate_bahnschrift.ttf,BFUCAOZJ9Y5KPW0TSHL38D2NGMVRX7Q64IE1,3,3,1,0.85,16.0,0.63662,0.603355,BFUCAOZJI9YSKPWOTSHL38D2NGMVRX7Q641E1,0.111111,0.888889,point_previews/task000055_mu065536_rho100_n1.png
0.1,4,8,license_plate_bahnschrift.ttf,BFUCAOZJ9Y5KPW0TSHL38D2NGMVRX7Q64IE1,3,7,0,0.085,5.059644,0.959381,1.907975,,1.0,0.0,point_previews/task000056_mu000004_rho010_n0.png
0.1,4,8,license_plate_bahnschrift.ttf,BFUCAOZJ9Y5KPW0TSHL38D2NGMVRX7Q64IE1,3,7,1,0.085,5.059644,0.959381,1.907975,,1.0,0.0,point_previews/task000056_mu000004_rho010_n1.png
0.2,4,8,license_plate_bahnschrift.ttf,BFUCAOZJ9Y5KPW0TSHL38D2NGMVRX7Q64IE1,3,7,0,0.17,7.155418,0.919759,1.349142,SEYTHRAREACONTBCESN,0.916667,0.083333,point_previews/task000056_mu000004_rho020_n0.png
0.2,4,8,license_plate_bahnschrift.ttf,BFUCAOZJ9Y5KPW0TSHL38D2NGMVRX7Q64IE1,3,7,1,0.17,7.155418,0.919759,1.349142,,1.0,0.0,point_previews/task000056_mu000004_rho020_n1.png
0.3,4,8,license_plate_bahnschrift.ttf,BFUCAOZJ9Y5KPW0TSHL38D2NGMVRX7Q64IE1,3,7,0,0.255,8.763561,0.881116,1.10157,ESNHMRURARREUEERULORAE,0.916667,0.083333,point_previews/task000056_mu000004_rho030_n0.png
0.3,4,8,license_plate_bahnschrift.ttf,BFUCAOZJ9Y5KPW0TSHL38D2NGMVRX7Q64IE1,3,7,1,0.255,8.763561,0.881116,1.10157,,1.0,0.0,point_previews/task000056_mu000004_rho030_n1.png
0.4,4,8,license_plate_bahnschrift.ttf,BFUCAOZJ9Y5KPW0TSHL38D2NGMVRX7Q64IE1,3,7,0,0.34,10.119289,0.843436,0.953987,,1.0,0.0,point_previews/task000056_mu000004_rho040_n0.png
0.4,4,8,license_plate_bahnschrift.ttf,BFUCAOZJ9Y5KPW0TSHL38D2NGMVRX7Q64IE1,3,7,1,0.34,10.119289,0.843436,0.953987,SRVELMROEMRRYHMALEEERSMMRLDE,0.888889,0.111111,point_previews/task000056_mu000004_rho040_n1.png
0.5,4,8,license_plate_bahnschrift.ttf,BFUCAOZJ9Y5KPW0TSHL38D2NGMVRX7Q64IE1,3,7,0,0.425,11.313708,0.8067,0.853272,RMIUETSPEELY,0.944444,0.055556,point_previews/task000056_mu000004_rho050_n0.png
0.5,4,8,license_plate_bahnschrift.ttf,BFUCAOZJ9Y5KPW0TSHL38D2NGMVRX7Q64IE1,3,7,1,0.425,11.313708,0.8067,0.853272,SPTNUOYAESOPAEE,0.888889,0.111111,point_previews/task000056_mu000004_rho050_n1.png
0.6,4,8,license_plate_bahnschrift.ttf,BFUCAOZJ9Y5KPW0TSHL38D2NGMVRX7Q64IE1,3,7,0,0.51,12.393547,0.770893,0.778927,REGEAAESEAURRA,0.916667,0.083333,point_previews/task000056_mu000004_rho060_n0.png
0.6,4,8,license_plate_bahnschrift.ttf,BFUCAOZJ9Y5KPW0TSHL38D2NGMVRX7Q64IE1,3,7,1,0.51,12.393547,0.770893,0.778927,,1.0,0.0,point_previews/task000056_mu000004_rho060_n1.png
0.7,4,8,license_plate_bahnschrift.ttf,BFUCAOZJ9Y5KPW0TSHL38D2NGMVRX7Q64IE1,3,7,0,0.595,13.38656,0.735998,0.721147,SSAANGMPNECSSSBHVE,0.861111,0.138889,point_previews/task000056_mu000004_rho070_n0.png
0.7,4,8,license_plate_bahnschrift.ttf,BFUCAOZJ9Y5KPW0TSHL38D2NGMVRX7Q64IE1,3,7,1,0.595,13.38656,0.735998,0.721147,MRARSOLEMYESS,0.888889,0.111111,point_previews/task000056_mu000004_rho070_n1.png
0.8,4,8,license_plate_bahnschrift.ttf,BFUCAOZJ9Y5KPW0TSHL38D2NGMVRX7Q64IE1,3,7,0,0.68,14.310835,0.701998,0.674571,SRASSTAORRAGCENYBRREE,0.888889,0.111111,point_previews/task000056_mu000004_rho080_n0.png
0.8,4,8,license_plate_bahnschrift.ttf,BFUCAOZJ9Y5KPW0TSHL38D2NGMVRX7Q64IE1,3,7,1,0.68,14.310835,0.701998,0.674571,EPSIRSEROR,0.916667,0.083333,point_previews/task000056_mu000004_rho080_n1.png
0.9,4,8,license_plate_bahnschrift.ttf,BFUCAOZJ9Y5KPW0TSHL38D2NGMVRX7Q64IE1,3,7,0,0.765,15.178933,0.668877,0.635992,PARERGNOYUSRPOMRERRKPELTSREENE,0.916667,0.083333,point_previews/task000056_mu000004_rho090_n0.png
0.9,4,8,license_plate_bahnschrift.ttf,BFUCAOZJ9Y5KPW0TSHL38D2NGMVRX7Q64IE1,3,7,1,0.765,15.178933,0.668877,0.635992,BRLIOEETCOTBNLANOR,0.833333,0.166667,point_previews/task000056_mu000004_rho090_n1.png
1.0,4,8,license_plate_bahnschrift.ttf,BFUCAOZJ9Y5KPW0TSHL38D2NGMVRX7Q64IE1,3,7,0,0.85,16.0,0.63662,0.603355,UBPPPNISVCUYE4BBMR,0.861111,0.138889,point_previews/task000056_mu000004_rho100_n0.png
1.0,4,8,license_plate_bahnschrift.ttf,BFUCAOZJ9Y5KPW0TSHL38D2NGMVRX7Q64IE1,3,7,1,0.85,16.0,0.63662,0.603355,RDREEOGCIRIESHEROTYT,0.888889,0.111111,point_previews/task000056_mu000004_rho100_n1.png
0.1,16,8,license_plate_bahnschrift.ttf,BFUCAOZJ9Y5KPW0TSHL38D2NGMVRX7Q64IE1,3,7,0,0.085,5.059644,0.959381,1.907975,VRSTCNP,0.944444,0.055556,point_previews/task000057_mu000016_rho010_n0.png
0.1,16,8,license_plate_bahnschrift.ttf,BFUCAOZJ9Y5KPW0TSHL38D2NGMVRX7Q64IE1,3,7,1,0.085,5.059644,0.959381,1.907975,EL,0.972222,0.027778,point_previews/task000057_mu000016_rho010_n1.png
0.2,16,8,license_plate_bahnschrift.ttf,BFUCAOZJ9Y5KPW0TSHL38D2NGMVRX7Q64IE1,3,7,0,0.17,7.155418,0.919759,1.349142,PERBAGETSPURTSBBORCO,0.861111,0.138889,point_previews/task000057_mu000016_rho020_n0.png
0.2,16,8,license_plate_bahnschrift.ttf,BFUCAOZJ9Y5KPW0TSHL38D2NGMVRX7Q64IE1,3,7,1,0.17,7.155418,0.919759,1.349142,BUCRROSSRRISARVHET,0.833333,0.166667,point_previews/task000057_mu000016_rho020_n1.png
0.3,16,8,license_plate_bahnschrift.ttf,BFUCAOZJ9Y5KPW0TSHL38D2NGMVRX7Q64IE1,3,7,0,0.255,8.763561,0.881116,1.10157,BROCRBLIOTSRPWOTSACIBIEGRRRED,0.75,0.25,point_previews/task000057_mu000016_rho030_n0.png
0.3,16,8,license_plate_bahnschrift.ttf,BFUCAOZJ9Y5KPW0TSHL38D2NGMVRX7Q64IE1,3,7,1,0.255,8.763561,0.881116,1.10157,SRETERSYSREWUTSHEINEHESMRARATEES,0.777778,0.222222,point_previews/task000057_mu000016_rho030_n1.png
0.4,16,8,license_plate_bahnschrift.ttf,BFUCAOZJ9Y5KPW0TSHL38D2NGMVRX7Q64IE1,3,7,0,0.34,10.119289,0.843436,0.953987,,1.0,0.0,point_previews/task000057_mu000016_rho040_n0.png
0.4,16,8,license_plate_bahnschrift.ttf,BFUCAOZJ9Y5KPW0TSHL38D2NGMVRX7Q64IE1,3,7,1,0.34,10.119289,0.843436,0.953987,BREAGEINSKRALISHEABOTREMYRETGELIET,0.75,0.25,point_previews/task000057_mu000016_rho040_n1.png
0.5,16,8,license_plate_bahnschrift.ttf,BFUCAOZJ9Y5KPW0TSHL38D2NGMVRX7Q64IE1,3,7,0,0.425,11.313708,0.8067,0.853272,BPUCAOZISSSKPINDTSHLBOONGMVANIEAET,0.555556,0.444444,point_previews/task000057_mu000016_rho050_n0.png
0.5,16,8,license_plate_bahnschrift.ttf,BFUCAOZJ9Y5KPW0TSHL38D2NGMVRX7Q64IE1,3,7,1,0.425,11.313708,0.8067,0.853272,,1.0,0.0,point_previews/task000057_mu000016_rho050_n1.png
0.6,16,8,license_plate_bahnschrift.ttf,BFUCAOZJ9Y5KPW0TSHL38D2NGMVRX7Q64IE1,3,7,0,0.51,12.393547,0.770893,0.778927,BEUCAOZISYSHRWOTSBLSBD2NCMYARTOEAE,0.555556,0.444444,point_previews/task000057_mu000016_rho060_n0.png
0.6,16,8,license_plate_bahnschrift.ttf,BFUCAOZJ9Y5KPW0TSHL38D2NGMVRX7Q64IE1,3,7,1,0.51,12.393547,0.770893,0.778927,SBEUDAGZJOY5XPMROTSRLSBUZNGMVANTOSEED,0.611111,0.388889,point_previews/task000057_mu000016_rho060_n1.png
0.7,16,8,license_plate_bahnschrift.ttf,BFUCAOZJ9Y5KPW0TSHL38D2NGMVRX7Q64IE1,3,7,0,0.595,13.38656,0.735998,0.721147,BEGEADZISVERW8ISHLAAD2HOMYAKIOSEP,0.694444,0.305556,point_previews/task000057_mu000016_rho070_n0.png
0.7,16,8,license_plate_bahnschrift.ttf,BFUCAOZJ9Y5KPW0TSHL38D2NGMVRX7Q64IE1,3,7,1,0.595,13.38656,0.735998,0.721147,BELCAOZIWVSKPWOTSRLABDINGMVAXIDSAIET,0.472222,0.527778,point_previews/task000057_mu000016_rho070_n1.png
0.8,16,8,license_plate_bahnschrift.ttf,BFUCAOZJ9Y5KPW0TSHL38D2NGMVRX7Q64IE1,3,7,0,0.68,14.310835,0.701998,0.674571,BFUCAOZI9YSKPWOTSHLABGENGMVRETOSAES,0.388889,0.611111,point_previews/task000057_mu000016_rho080_n0.png
0.8,16,8,license_plate_bahnschrift.ttf,BFUCAOZJ9Y5KPW0TSHL38D2NGMVRX7Q64IE1,3,7,1,0.68,14.310835,0.701998,0.674571,BEGDADZISYSKPWOTSHLABDONGMVRXDSMET,0.472222,0.527778,point_previews/task000057_mu000016_rho080_n1.png
0.9,16,8,license_plate_bahnschrift.ttf,BFUCAOZJ9Y5KPW0TSHL38D2NGMVRX7Q64IE1,3,7,0,0.765,15.178933,0.668877,0.635992,BFUGAGZSYSKPWOTSHLOBOZNGMVRK7064E1,0.361111,0.638889,point_previews/task000057_mu000016_rho090_n0.png
0.9,16,8,license_plate_bahnschrift.ttf,BFUCAOZJ9Y5KPW0TSHL38D2NGMVRX7Q64IE1,3,7,1,0.765,15.178933,0.668877,0.635992,PFUCADZOYSKEWOTSHLSBDINGMYRKTOSLIET,0.472222,0.527778,point_previews/task000057_mu000016_rho090_n1.png
1.0,16,8,license_plate_bahnschrift.ttf,BFUCAOZJ9Y5KPW0TSHL38D2NGMVRX7Q64IE1,3,7,0,0.85,16.0,0.63662,0.603355,BEULADZJOYSKEWOTSHLASDANGMVARIOSAIET,0.472222,0.527778,point_previews/task000057_mu000016_rho100_n0.png
1.0,16,8,license_plate_bahnschrift.ttf,BFUCAOZJ9Y5KPW0TSHL38D2NGMVRX7Q64IE1,3,7,1,0.85,16.0,0.63662,0.603355,BEUCKOZISYSKPWOTSHL3BDANGMVRETOGSIET,0.388889,0.611111,point_previews/task000057_mu000016_rho100_n1.png
0.1,64,8,license_plate_bahnschrift.ttf,BFUCAOZJ9Y5KPW0TSHL38D2NGMVRX7Q64IE1,3,7,0,0.085,5.059644,0.959381,1.907975,BEVCAOTIPYCKPWINTSHESBO2NGMVRXHIGAIET,0.472222,0.527778,point_previews/task000058_mu000064_rho010_n0.png
0.1,64,8,license_plate_bahnschrift.ttf,BFUCAOZJ9Y5KPW0TSHL38D2NGMVRX7Q64IE1,3,7,1,0.085,5.059644,0.959381,1.907975,BEUBAOZICSSHPWOTSHLABDZNGMVRXTOSSIEE,0.444444,0.555556,point_previews/task000058_mu000064_rho010_n1.png
0.2,64,8,license_plate_bahnschrift.ttf,BFUCAOZJ9Y5KPW0TSHL38D2NGMVRX7Q64IE1,3,7,0,0.17,7.155418,0.919759,1.349142,,1.0,0.0,point_previews/task000058_mu000064_rho020_n0.png
0.2,64,8,license_plate_bahnschrift.ttf,BFUCAOZJ9Y5KPW0TSHL38D2NGMVRX7Q64IE1,3,7,1,0.17,7.155418,0.919759,1.349142,,1.0,0.0,point_previews/task000058_mu000064_rho020_n1.png
0.3,64,8,license_plate_bahnschrift.ttf,BFUCAOZJ9Y5KPW0TSHL38D2NGMVRX7Q64IE1,3,7,0,0.255,8.763561,0.881116,1.10157,,1.0,0.0,point_previews/task000058_mu000064_rho030_n0.png
0.3,64,8,license_plate_bahnschrift.ttf,BFUCAOZJ9Y5KPW0TSHL38D2NGMVRX7Q64IE1,3,7,1,0.255,8.763561,0.881116,1.10157,,1.0,0.0,point_previews/task000058_mu000064_rho030_n1.png
0.4,64,8,license_plate_bahnschrift.ttf,BFUCAOZJ9Y5KPW0TSHL38D2NGMVRX7Q64IE1,3,7,0,0.34,10.119289,0.843436,0.953987,BFUCAOZISYSKPIWOTSHL3E02NGMYRX7O64IE1,0.25,0.75,point_previews/task000058_mu000064_rho040_n0.png
0.4,64,8,license_plate_bahnschrift.ttf,BFUCAOZJ9Y5KPW0TSHL38D2NGMVRX7Q64IE1,3,7,1,0.34,10.119289,0.843436,0.953987,BEUCAOZISYSKPWOTSHLIBOZNGMVRX7O64IE1,0.277778,0.722222,point_previews/task000058_mu000064_rho040_n1.png
0.5,64,8,license_plate_bahnschrift.ttf,BFUCAOZJ9Y5KPW0TSHL38D2NGMVRX7Q64IE1,3,7,0,0.425,11.313708,0.8067,0.853272,BEUCAOZIPYSKPWOTSHESSD2NGMVRX7O6LIET,0.305556,0.694444,point_previews/task000058_mu000064_rho050_n0.png
0.5,64,8,license_plate_bahnschrift.ttf,BFUCAOZJ9Y5KPW0TSHL38D2NGMVRX7Q64IE1,3,7,1,0.425,11.313708,0.8067,0.853272,BFUCADZJ9YSKPWOTSHL3802NGMVRXID6Z1E1,0.222222,0.777778,point_previews/task000058_mu000064_rho050_n1.png
0.6,64,8,license_plate_bahnschrift.ttf,BFUCAOZJ9Y5KPW0TSHL38D2NGMVRX7Q64IE1,3,7,0,0.51,12.393547,0.770893,0.778927,BFUCAOZJ9YSKPWOTSHL3BD2NGMVRX7064IE1,0.111111,0.888889,point_previews/task000058_mu000064_rho060_n0.png
0.6,64,8,license_plate_bahnschrift.ttf,BFUCAOZJ9Y5KPW0TSHL38D2NGMVRX7Q64IE1,3,7,1,0.51,12.393547,0.770893,0.778927,BFUCA0ZJ9Y5KPWOTSHL3BD2NGMVAX7O64IE,0.166667,0.833333,point_previews/task000058_mu000064_rho060_n1.png
0.7,64,8,license_plate_bahnschrift.ttf,BFUCAOZJ9Y5KPW0TSHL38D2NGMVRX7Q64IE1,3,7,0,0.595,13.38656,0.735998,0.721147,BFUCADZI9YSKPWOTSHL3SD2NGMYRX7O64IE1,0.194444,0.805556,point_previews/task000058_mu000064_rho070_n0.png
0.7,64,8,license_plate_bahnschrift.ttf,BFUCAOZJ9Y5KPW0TSHL38D2NGMVRX7Q64IE1,3,7,1,0.595,13.38656,0.735998,0.721147,BFUCAOZJ9Y5KPWOTSHLIBD2NGMVRX7O64IET,0.138889,0.861111,point_previews/task000058_mu000064_rho070_n1.png
0.8,64,8,license_plate_bahnschrift.ttf,BFUCAOZJ9Y5KPW0TSHL38D2NGMVRX7Q64IE1,3,7,0,0.68,14.310835,0.701998,0.674571,BFUCAOZJ9YSKPWOTSHLI8D2NGMVAX7O44IE1,0.166667,0.833333,point_previews/task000058_mu000064_rho080_n0.png
0.8,64,8,license_plate_bahnschrift.ttf,BFUCAOZJ9Y5KPW0TSHL38D2NGMVRX7Q64IE1,3,7,1,0.68,14.310835,0.701998,0.674571,BFUCAOZJ9YSKPWOTSHLIBD2NGMVRX7O64IE1,0.138889,0.861111,point_previews/task000058_mu000064_rho080_n1.png
0.9,64,8,license_plate_bahnschrift.ttf,BFUCAOZJ9Y5KPW0TSHL38D2NGMVRX7Q64IE1,3,7,0,0.765,15.178933,0.668877,0.635992,BFUCAOZJSYSKPWOTSHL38D2NGMVRX70641E1,0.138889,0.861111,point_previews/task000058_mu000064_rho090_n0.png
0.9,64,8,license_plate_bahnschrift.ttf,BFUCAOZJ9Y5KPW0TSHL38D2NGMVRX7Q64IE1,3,7,1,0.765,15.178933,0.668877,0.635992,BFUCAOZJ9Y5KPWOTSHL3BD2NGMVRX7064E,0.138889,0.861111,point_previews/task000058_mu000064_rho090_n1.png
1.0,64,8,license_plate_bahnschrift.ttf,BFUCAOZJ9Y5KPW0TSHL38D2NGMVRX7Q64IE1,3,7,0,0.85,16.0,0.63662,0.603355,BFUCAOZJ9Y5KPWOTSHL3BD2NGMVRX7O64E1,0.111111,0.888889,point_previews/task000058_mu000064_rho100_n0.png
1.0,64,8,license_plate_bahnschrift.ttf,BFUCAOZJ9Y5KPW0TSHL38D2NGMVRX7Q64IE1,3,7,1,0.85,16.0,0.63662,0.603355,BFUCAOZJ9Y5KPWOTSHL38D2NGMVRX70641E,0.111111,0.888889,point_previews/task000058_mu000064_rho100_n1.png
0.1,256,8,license_plate_bahnschrift.ttf,BFUCAOZJ9Y5KPW0TSHL38D2NGMVRX7Q64IE1,3,7,0,0.085,5.059644,0.959381,1.907975,BFUCAOZI9YSKPWOTSHLIBO2NGMYRX7O64IET,0.25,0.75,point_previews/task000059_mu000256_rho010_n0.png
0.1,256,8,license_plate_bahnschrift.ttf,BFUCAOZJ9Y5KPW0TSHL38D2NGMVRX7Q64IE1,3,7,1,0.085,5.059644,0.959381,1.907975,BFUCAOZJSYSKPWOTSHL3BD2NGMYRX7O64I61,0.194444,0.805556,point_previews/task000059_mu000256_rho010_n1.png
0.2,256,8,license_plate_bahnschrift.ttf,BFUCAOZJ9Y5KPW0TSHL38D2NGMVRX7Q64IE1,3,7,0,0.17,7.155418,0.919759,1.349142,BFUCADZJ9Y5KPWOTSHL3SD2NGMYRX7O641E1,0.166667,0.833333,point_previews/task000059_mu000256_rho020_n0.png
0.2,256,8,license_plate_bahnschrift.ttf,BFUCAOZJ9Y5KPW0TSHL38D2NGMVRX7Q64IE1,3,7,1,0.17,7.155418,0.919759,1.349142,BFUCAOZJ9Y5KPWOTSHLAS02NGMYRX7O641E1,0.194444,0.805556,point_previews/task000059_mu000256_rho020_n1.png
0.3,256,8,license_plate_bahnschrift.ttf,BFUCAOZJ9Y5KPW0TSHL38D2NGMVRX7Q64IE1,3,7,0,0.255,8.763561,0.881116,1.10157,BFUCAODZI9Y5KPWOTSHL38D2NGMYRX7O64IE1,0.138889,0.861111,point_previews/task000059_mu000256_rho030_n0.png
0.3,256,8,license_plate_bahnschrift.ttf,BFUCAOZJ9Y5KPW0TSHL38D2NGMVRX7Q64IE1,3,7,1,0.255,8.763561,0.881116,1.10157,BFUCAOZI9YS5KPWOTSHL38D2NGMYRX7O641E1,0.166667,0.833333,point_previews/task000059_mu000256_rho030_n1.png
0.4,256,8,license_plate_bahnschrift.ttf,BFUCAOZJ9Y5KPW0TSHL38D2NGMVRX7Q64IE1,3,7,0,0.34,10.119289,0.843436,0.953987,BFUCAOZI9YSKPWOTSHL3802NGMVRX7O641E1,0.166667,0.833333,point_previews/task000059_mu000256_rho040_n0.png
0.4,256,8,license_plate_bahnschrift.ttf,BFUCAOZJ9Y5KPW0TSHL38D2NGMVRX7Q64IE1,3,7,1,0.34,10.119289,0.843436,0.953987,BFUCAOZISY5KPWOTSHL3802NGMYRX7QO641E1,0.194444,0.805556,point_previews/task000059_mu000256_rho040_n1.png
0.5,256,8,license_plate_bahnschrift.ttf,BFUCAOZJ9Y5KPW0TSHL38D2NGMVRX7Q64IE1,3,7,0,0.425,11.313708,0.8067,0.853272,BFUCAOZI9Y5KPWOTSHL38D2NGMYRX7O641E1,0.138889,0.861111,point_previews/task000059_mu000256_rho050_n0.png
0.5,256,8,license_plate_bahnschrift.ttf,BFUCAOZJ9Y5KPW0TSHL38D2NGMVRX7Q64IE1,3,7,1,0.425,11.313708,0.8067,0.853272,BFUCAODZI9YSKPWOTSHL38D2NGMYRX7Q64E1,0.166667,0.833333,point_previews/task000059_mu000256_rho050_n1.png
0.6,256,8,license_plate_bahnschrift.ttf,BFUCAOZJ9Y5KPW0TSHL38D2NGMVRX7Q64IE1,3,7,0,0.51,12.393547,0.770893,0.778927,BFUCAOZI9Y5KPWOTSHL38D2NGMYRX7Q641E1,0.111111,0.888889,point_previews/task000059_mu000256_rho060_n0.png
0.6,256,8,license_plate_bahnschrift.ttf,BFUCAOZJ9Y5KPW0TSHL38D2NGMVRX7Q64IE1,3,7,1,0.51,12.393547,0.770893,0.778927,BFUCAOZI9YS5KPWOTSHL3BD2NGMVRX7Q641E1,0.138889,0.861111,point_previews/task000059_mu000256_rho060_n1.png
0.7,256,8,license_plate_bahnschrift.ttf,BFUCAOZJ9Y5KPW0TSHL38D2NGMVRX7Q64IE1,3,7,0,0.595,13.38656,0.735998,0.721147,BFUCAOZISY5KPWOTSHL38D2NGMYRX7O64IE1,0.138889,0.861111,point_previews/task000059_mu000256_rho070_n0.png
0.7,256,8,license_plate_bahnschrift.ttf,BFUCAOZJ9Y5KPW0TSHL38D2NGMVRX7Q64IE1,3,7,1,0.595,13.38656,0.735998,0.721147,BFUCA0DZJI9Y5KPWOTSHL38D2NGMVRX7O641E1,0.166667,0.833333,point_previews/task000059_mu000256_rho070_n1.png
0.8,256,8,license_plate_bahnschrift.ttf,BFUCAOZJ9Y5KPW0TSHL38D2NGMVRX7Q64IE1,3,7,0,0.68,14.310835,0.701998,0.674571,BFUCAOZJI9Y5KPWOTSHL38D2NGMYVRX7Q64E1,0.111111,0.888889,point_previews/task000059_mu000256_rho080_n0.png
0.8,256,8,license_plate_bahnschrift.ttf,BFUCAOZJ9Y5KPW0TSHL38D2NGMVRX7Q64IE1,3,7,1,0.68,14.310835,0.701998,0.674571,BFUCAOZI9YSKPWOTSHL38D2NGMVRX7Q641E1,0.111111,0.888889,point_previews/task000059_mu000256_rho080_n1.png
0.9,256,8,license_plate_bahnschrift.ttf,BFUCAOZJ9Y5KPW0TSHL38D2NGMVRX7Q64IE1,3,7,0,0.765,15.178933,0.668877,0.635992,BFUCAOZJ9YSKPWOTSHL38D2NGMYVRX7Q64IE1,0.083333,0.916667,point_previews/task000059_mu000256_rho090_n0.png
0.9,256,8,license_plate_bahnschrift.ttf,BFUCAOZJ9Y5KPW0TSHL38D2NGMVRX7Q64IE1,3,7,1,0.765,15.178933,0.668877,0.635992,BFUCAOZJ9YSKPWOTSHL38D2NGMVRX7Q64IE1,0.055556,0.944444,point_previews/task000059_mu000256_rho090_n1.png
1.0,256,8,license_plate_bahnschrift.ttf,BFUCAOZJ9Y5KPW0TSHL38D2NGMVRX7Q64IE1,3,7,0,0.85,16.0,0.63662,0.603355,BFUCA0ZJ9YSKPWOTSHL38D2NGMVRX7Q641E1,0.111111,0.888889,point_previews/task000059_mu000256_rho100_n0.png
1.0,256,8,license_plate_bahnschrift.ttf,BFUCAOZJ9Y5KPW0TSHL38D2NGMVRX7Q64IE1,3,7,1,0.85,16.0,0.63662,0.603355,BFUCA0DZJ9Y5KPWOTSHL38D2NGMVRX7Q641E1,0.111111,0.888889,point_previews/task000059_mu000256_rho100_n1.png
0.1,1024,8,license_plate_bahnschrift.ttf,BFUCAOZJ9Y5KPW0TSHL38D2NGMVRX7Q64IE1,3,7,0,0.085,5.059644,0.959381,1.907975,BFUCAOZIY5KPWOTSHL3BDO2NGMYRX7O64E1,0.222222,0.777778,point_previews/task000060_mu001024_rho010_n0.png
0.1,1024,8,license_plate_bahnschrift.ttf,BFUCAOZJ9Y5KPW0TSHL38D2NGMVRX7Q64IE1,3,7,1,0.085,5.059644,0.959381,1.907975,BFUCAOZIPY5KPWOTSHL3BO2NGMYRX7O641E1,0.222222,0.777778,point_previews/task000060_mu001024_rho010_n1.png
0.2,1024,8,license_plate_bahnschrift.ttf,BFUCAOZJ9Y5KPW0TSHL38D2NGMVRX7Q64IE1,3,7,0,0.17,7.155418,0.919759,1.349142,BFUCAOZI9Y5KPWOTSHL3BD2NGMYRX7O641E1,0.166667,0.833333,point_previews/task000060_mu001024_rho020_n0.png
0.2,1024,8,license_plate_bahnschrift.ttf,BFUCAOZJ9Y5KPW0TSHL38D2NGMVRX7Q64IE1,3,7,1,0.17,7.155418,0.919759,1.349142,BFUCAOZI9Y5KPWOTSHL3BD2NGMYRX7O641E1,0.166667,0.833333,point_previews/task000060_mu001024_rho020_n1.png
0.3,1024,8,license_plate_bahnschrift.ttf,BFUCAOZJ9Y5KPW0TSHL38D2NGMVRX7Q64IE1,3,7,0,0.255,8.763561,0.881116,1.10157,BFUCAODZI9Y5KPWOTSHL38D2NGMYRX7O64IE1,0.138889,0.861111,point_previews/task000060_mu001024_rho030_n0.png
0.3,1024,8,license_plate_bahnschrift.ttf,BFUCAOZJ9Y5KPW0TSHL38D2NGMVRX7Q64IE1,3,7,1,0.255,8.763561,0.881116,1.10157,BFUCAOZI9Y5KPWOTSHL3BD2NGMYRX7O641E1,0.166667,0.833333,point_previews/task000060_mu001024_rho030_n1.png
0.4,1024,8,license_plate_bahnschrift.ttf,BFUCAOZJ9Y5KPW0TSHL38D2NGMVRX7Q64IE1,3,7,0,0.34,10.119289,0.843436,0.953987,BFUCADZI9Y5KPWOTSHL38D2NGMYRX7Q64IE1,0.111111,0.888889,point_previews/task000060_mu001024_rho040_n0.png
0.4,1024,8,license_plate_bahnschrift.ttf,BFUCAOZJ9Y5KPW0TSHL38D2NGMVRX7Q64IE1,3,7,1,0.34,10.119289,0.843436,0.953987,BFUCAODZI9YS5KPWOTSHL38D2NGMYRX7QO64IE1,0.166667,0.833333,point_previews/task000060_mu001024_rho040_n1.png
0.5,1024,8,license_plate_bahnschrift.ttf,BFUCAOZJ9Y5KPW0TSHL38D2NGMVRX7Q64IE1,3,7,0,0.425,11.313708,0.8067,0.853272,BFUCADZI9YSKPWOTSHL38D2NGMYRX7Q64IE1,0.138889,0.861111,point_previews/task000060_mu001024_rho050_n0.png
0.5,1024,8,license_plate_bahnschrift.ttf,BFUCAOZJ9Y5KPW0TSHL38D2NGMVRX7Q64IE1,3,7,1,0.425,11.313708,0.8067,0.853272,BFUCAOZI9Y5KPWOTSHL38D2NGMYRX7QO641E1,0.138889,0.861111,point_previews/task000060_mu001024_rho050_n1.png
0.6,1024,8,license_plate_bahnschrift.ttf,BFUCAOZJ9Y5KPW0TSHL38D2NGMVRX7Q64IE1,3,7,0,0.51,12.393547,0.770893,0.778927,BFUCAOZI9Y5KPWOTSHL38D2NGMYRX7Q641E1,0.111111,0.888889,point_previews/task000060_mu001024_rho060_n0.png
0.6,1024,8,license_plate_bahnschrift.ttf,BFUCAOZJ9Y5KPW0TSHL38D2NGMVRX7Q64IE1,3,7,1,0.51,12.393547,0.770893,0.778927,BFUCAOZJ9Y5KPWOTSHL38D2NGMYRX7Q641E1,0.083333,0.916667,point_previews/task000060_mu001024_rho060_n1.png
0.7,1024,8,license_plate_bahnschrift.ttf,BFUCAOZJ9Y5KPW0TSHL38D2NGMVRX7Q64IE1,3,7,0,0.595,13.38656,0.735998,0.721147,BFUCAOZJ9Y5KPWOTSHL38D2NGMVRX7Q641E1,0.055556,0.944444,point_previews/task000060_mu001024_rho070_n0.png
0.7,1024,8,license_plate_bahnschrift.ttf,BFUCAOZJ9Y5KPW0TSHL38D2NGMVRX7Q64IE1,3,7,1,0.595,13.38656,0.735998,0.721147,BFUCAOZJI9YS5KPWOTSHL38D2NGMYRX7Q641E1,0.138889,0.861111,point_previews/task000060_mu001024_rho070_n1.png
0.8,1024,8,license_plate_bahnschrift.ttf,BFUCAOZJ9Y5KPW0TSHL38D2NGMVRX7Q64IE1,3,7,0,0.68,14.310835,0.701998,0.674571,BFUCAOZJ9YSKPWOTSHL38D2NGMVRX7Q64IE1,0.055556,0.944444,point_previews/task000060_mu001024_rho080_n0.png
0.8,1024,8,license_plate_bahnschrift.ttf,BFUCAOZJ9Y5KPW0TSHL38D2NGMVRX7Q64IE1,3,7,1,0.68,14.310835,0.701998,0.674571,BFUCAOZJ9YSKPWOTSHL38D2NGMVRX7Q64IE1,0.055556,0.944444,point_previews/task000060_mu001024_rho080_n1.png
0.9,1024,8,license_plate_bahnschrift.ttf,BFUCAOZJ9Y5KPW0TSHL38D2NGMVRX7Q64IE1,3,7,0,0.765,15.178933,0.668877,0.635992,BFUCAOZJ9YSKPWOTSHL38D2NGMVRX7Q64IE1,0.055556,0.944444,point_previews/task000060_mu001024_rho090_n0.png
0.9,1024,8,license_plate_bahnschrift.ttf,BFUCAOZJ9Y5KPW0TSHL38D2NGMVRX7Q64IE1,3,7,1,0.765,15.178933,0.668877,0.635992,BFUCAOZJ9YSKPWOTSHL38D2NGMVRX7Q64IE1,0.055556,0.944444,point_previews/task000060_mu001024_rho090_n1.png
1.0,1024,8,license_plate_bahnschrift.ttf,BFUCAOZJ9Y5KPW0TSHL38D2NGMVRX7Q64IE1,3,7,0,0.85,16.0,0.63662,0.603355,BFUCAOZJ9YSKPWOTSHL38D2NGMVRX7Q64IE1,0.055556,0.944444,point_previews/task000060_mu001024_rho100_n0.png
1.0,1024,8,license_plate_bahnschrift.ttf,BFUCAOZJ9Y5KPW0TSHL38D2NGMVRX7Q64IE1,3,7,1,0.85,16.0,0.63662,0.603355,BFUCAOZJ9YSKPWOTSHL38D2NGMVRX7Q64IE1,0.055556,0.944444,point_previews/task000060_mu001024_rho100_n1.png
0.1,4096,8,license_plate_bahnschrift.ttf,BFUCAOZJ9Y5KPW0TSHL38D2NGMVRX7Q64IE1,3,7,0,0.085,5.059644,0.959381,1.907975,BFUCAOZI9Y5KPWOTSHL3S8O2NGMYRX7O641E1,0.194444,0.805556,point_previews/task000061_mu004096_rho010_n0.png
0.1,4096,8,license_plate_bahnschrift.ttf,BFUCAOZJ9Y5KPW0TSHL38D2NGMVRX7Q64IE1,3,7,1,0.085,5.059644,0.959381,1.907975,BFUCAOZIP9Y5KPWOTSHL3BD2NGMYRX7O64IE1,0.166667,0.833333,point_previews/task000061_mu004096_rho010_n1.png
0.2,4096,8,license_plate_bahnschrift.ttf,BFUCAOZJ9Y5KPW0TSHL38D2NGMVRX7Q64IE1,3,7,0,0.17,7.155418,0.919759,1.349142,BFUCAODZI9Y5KPWOTSHL3B8D2NGMYRX7O641E1,0.194444,0.805556,point_previews/task000061_mu004096_rho020_n0.png
0.2,4096,8,license_plate_bahnschrift.ttf,BFUCAOZJ9Y5KPW0TSHL38D2NGMVRX7Q64IE1,3,7,1,0.17,7.155418,0.919759,1.349142,BFUCAOZI9Y5KPWOTSHL38D2NGMYRX7O64IE1,0.111111,0.888889,point_previews/task000061_mu004096_rho020_n1.png
0.3,4096,8,license_plate_bahnschrift.ttf,BFUCAOZJ9Y5KPW0TSHL38D2NGMVRX7Q64IE1,3,7,0,0.255,8.763561,0.881116,1.10157,BFUCAODZI9Y5KPWOTSHL38D2NGMYRX7O64IE1,0.138889,0.861111,point_previews/task000061_mu004096_rho030_n0.png
0.3,4096,8,license_plate_bahnschrift.ttf,BFUCAOZJ9Y5KPW0TSHL38D2NGMVRX7Q64IE1,3,7,1,0.255,8.763561,0.881116,1.10157,BFUCADZI9Y5KPWOTSHL38D2NGMYRX7QO64IE1,0.138889,0.861111,point_previews/task000061_mu004096_rho030_n1.png
0.4,4096,8,license_plate_bahnschrift.ttf,BFUCAOZJ9Y5KPW0TSHL38D2NGMVRX7Q64IE1,3,7,0,0.34,10.119289,0.843436,0.953987,BFUCAODZI9YS5KPWOTSHL38D2NGMYRX7QO64IE1,0.166667,0.833333,point_previews/task000061_mu004096_rho040_n0.png
0.4,4096,8,license_plate_bahnschrift.ttf,BFUCAOZJ9Y5KPW0TSHL38D2NGMVRX7Q64IE1,3,7,1,0.34,10.119289,0.843436,0.953987,BFUCAODZI9Y5KPWOTSHL38D2NGMYRX7QO64IE1,0.138889,0.861111,point_previews/task000061_mu004096_rho040_n1.png
0.5,4096,8,license_plate_bahnschrift.ttf,BFUCAOZJ9Y5KPW0TSHL38D2NGMVRX7Q64IE1,3,7,0,0.425,11.313708,0.8067,0.853272,BFUCAOZI9Y5KPWOTSHL38D2NGMYRX7Q64IE1,0.083333,0.916667,point_previews/task000061_mu004096_rho050_n0.png
0.5,4096,8,license_plate_bahnschrift.ttf,BFUCAOZJ9Y5KPW0TSHL38D2NGMVRX7Q64IE1,3,7,1,0.425,11.313708,0.8067,0.853272,BFUCAOZJI9Y5KPWOTSHL38D2NGMYRX7Q641E1,0.111111,0.888889,point_previews/task000061_mu004096_rho050_n1.png
0.6,4096,8,license_plate_bahnschrift.ttf,BFUCAOZJ9Y5KPW0TSHL38D2NGMVRX7Q64IE1,3,7,0,0.51,12.393547,0.770893,0.778927,BFUCAOZJ9Y5KPWOTSHL38D2NGMYVRX7Q641E1,0.083333,0.916667,point_previews/task000061_mu004096_rho060_n0.png
0.6,4096,8,license_plate_bahnschrift.ttf,BFUCAOZJ9Y5KPW0TSHL38D2NGMVRX7Q64IE1,3,7,1,0.51,12.393547,0.770893,0.778927,BFUCAOZJ9Y5KPWOTSHL38D2NGMYVRX7Q641E1,0.083333,0.916667,point_previews/task000061_mu004096_rho060_n1.png
0.7,4096,8,license_plate_bahnschrift.ttf,BFUCAOZJ9Y5KPW0TSHL38D2NGMVRX7Q64IE1,3,7,0,0.595,13.38656,0.735998,0.721147,BFUCAOZJ9Y5KPWOTSHL38D2NGMYVRX7Q64IE1,0.055556,0.944444,point_previews/task000061_mu004096_rho070_n0.png
0.7,4096,8,license_plate_bahnschrift.ttf,BFUCAOZJ9Y5KPW0TSHL38D2NGMVRX7Q64IE1,3,7,1,0.595,13.38656,0.735998,0.721147,BFUCAOZJI9Y5KPWOTSHL38D2NGMYVRX7Q641E1,0.111111,0.888889,point_previews/task000061_mu004096_rho070_n1.png
0.8,4096,8,license_plate_bahnschrift.ttf,BFUCAOZJ9Y5KPW0TSHL38D2NGMVRX7Q64IE1,3,7,0,0.68,14.310835,0.701998,0.674571,BFUCAOZJ9Y5KPWOTSHL38D2NGMVRX7Q64E1,0.055556,0.944444,point_previews/task000061_mu004096_rho080_n0.png
0.8,4096,8,license_plate_bahnschrift.ttf,BFUCAOZJ9Y5KPW0TSHL38D2NGMVRX7Q64IE1,3,7,1,0.68,14.310835,0.701998,0.674571,BFUCAOZJ9YSKPWOTSHL38D2NGMVRX7Q64IE1,0.055556,0.944444,point_previews/task000061_mu004096_rho080_n1.png
0.9,4096,8,license_plate_bahnschrift.ttf,BFUCAOZJ9Y5KPW0TSHL38D2NGMVRX7Q64IE1,3,7,0,0.765,15.178933,0.668877,0.635992,BFUCAOZJ9YSKPWOTSHL38D2NGMVRX7Q64IE1,0.055556,0.944444,point_previews/task000061_mu004096_rho090_n0.png
0.9,4096,8,license_plate_bahnschrift.ttf,BFUCAOZJ9Y5KPW0TSHL38D2NGMVRX7Q64IE1,3,7,1,0.765,15.178933,0.668877,0.635992,BFUCAOZJ9YSKPWOTSHL38D2NGMVRX7Q64IE1,0.055556,0.944444,point_previews/task000061_mu004096_rho090_n1.png
1.0,4096,8,license_plate_bahnschrift.ttf,BFUCAOZJ9Y5KPW0TSHL38D2NGMVRX7Q64IE1,3,7,0,0.85,16.0,0.63662,0.603355,BFUCAOZJ9YSKPWOTSHL38D2NGMVRX7Q64IE1,0.055556,0.944444,point_previews/task000061_mu004096_rho100_n0.png
1.0,4096,8,license_plate_bahnschrift.ttf,BFUCAOZJ9Y5KPW0TSHL38D2NGMVRX7Q64IE1,3,7,1,0.85,16.0,0.63662,0.603355,BFUCAOZJ9Y5KPWOTSHL38D2NGMVRX7Q641E1,0.055556,0.944444,point_previews/task000061_mu004096_rho100_n1.png
0.1,16384,8,license_plate_bahnschrift.ttf,BFUCAOZJ9Y5KPW0TSHL38D2NGMVRX7Q64IE1,3,7,0,0.085,5.059644,0.959381,1.907975,BFUCAODZI9Y5KPWOTSHL3BO2NGMYRX7O641E1,0.222222,0.777778,point_previews/task000062_mu016384_rho010_n0.png
0.1,16384,8,license_plate_bahnschrift.ttf,BFUCAOZJ9Y5KPW0TSHL38D2NGMVRX7Q64IE1,3,7,1,0.085,5.059644,0.959381,1.907975,BFUCAOZIY5KPWOTSHL3BDO2NGMYRX7O64IE1,0.194444,0.805556,point_previews/task000062_mu016384_rho010_n1.png
0.2,16384,8,license_plate_bahnschrift.ttf,BFUCAOZJ9Y5KPW0TSHL38D2NGMVRX7Q64IE1,3,7,0,0.17,7.155418,0.919759,1.349142,BFUCAOZI9Y5KPWOTSHL38D2NGMYRX7O64IE1,0.111111,0.888889,point_previews/task000062_mu016384_rho020_n0.png
0.2,16384,8,license_plate_bahnschrift.ttf,BFUCAOZJ9Y5KPW0TSHL38D2NGMVRX7Q64IE1,3,7,1,0.17,7.155418,0.919759,1.349142,BFUCAOZI9Y5KPWOTSHL38D2NGMYRX7O641E1,0.138889,0.861111,point_previews/task000062_mu016384_rho020_n1.png
0.3,16384,8,license_plate_bahnschrift.ttf,BFUCAOZJ9Y5KPW0TSHL38D2NGMVRX7Q64IE1,3,7,0,0.255,8.763561,0.881116,1.10157,BFUCAODZI9Y5KPWOTSHL38D2NGMYRX7QO64IE1,0.138889,0.861111,point_previews/task000062_mu016384_rho030_n0.png
0.3,16384,8,license_plate_bahnschrift.ttf,BFUCAOZJ9Y5KPW0TSHL38D2NGMVRX7Q64IE1,3,7,1,0.255,8.763561,0.881116,1.10157,BFUCAODZI9Y5KPWOTSHL38D2NGMYRX7QO64IE1,0.138889,0.861111,point_previews/task000062_mu016384_rho030_n1.png
0.4,16384,8,license_plate_bahnschrift.ttf,BFUCAOZJ9Y5KPW0TSHL38D2NGMVRX7Q64IE1,3,7,0,0.34,10.119289,0.843436,0.953987,BFUCAODZI9YS5KPWOTSHL38D2NGMYRX7Q64IE1,0.138889,0.861111,point_previews/task000062_mu016384_rho040_n0.png
0.4,16384,8,license_plate_bahnschrift.ttf,BFUCAOZJ9Y5KPW0TSHL38D2NGMVRX7Q64IE1,3,7,1,0.34,10.119289,0.843436,0.953987,BFUCAODZI9YS5KPWOTSHL38D2NGMYRX7Q64IE1,0.138889,0.861111,point_previews/task000062_mu016384_rho040_n1.png
0.5,16384,8,license_plate_bahnschrift.ttf,BFUCAOZJ9Y5KPW0TSHL38D2NGMVRX7Q64IE1,3,7,0,0.425,11.313708,0.8067,0.853272,BFUCAOZI9Y5KPWOTSHL38D2NGMYRX7Q64IE1,0.083333,0.916667,point_previews/task000062_mu016384_rho050_n0.png
0.5,16384,8,license_plate_bahnschrift.ttf,BFUCAOZJ9Y5KPW0TSHL38D2NGMVRX7Q64IE1,3,7,1,0.425,11.313708,0.8067,0.853272,BFUCAOZI9Y5KPWOTSHL38D2NGMYRX7Q64IE1,0.083333,0.916667,point_previews/task000062_mu016384_rho050_n1.png
0.6,16384,8,license_plate_bahnschrift.ttf,BFUCAOZJ9Y5KPW0TSHL38D2NGMVRX7Q64IE1,3,7,0,0.51,12.393547,0.770893,0.778927,BFUCAOZJI9Y5KPWOTSHL38D2NGMYVRX7Q64IE1,0.083333,0.916667,point_previews/task000062_mu016384_rho060_n0.png
0.6,16384,8,license_plate_bahnschrift.ttf,BFUCAOZJ9Y5KPW0TSHL38D2NGMVRX7Q64IE1,3,7,1,0.51,12.393547,0.770893,0.778927,BFUCAOZJ9Y5KPWOTSHL38D2NGMYRX7Q641E1,0.083333,0.916667,point_previews/task000062_mu016384_rho060_n1.png
0.7,16384,8,license_plate_bahnschrift.ttf,BFUCAOZJ9Y5KPW0TSHL38D2NGMVRX7Q64IE1,3,7,0,0.595,13.38656,0.735998,0.721147,BFUCAOZJI9Y5KPWOTSHL38D2NGMYVRX7Q641E1,0.111111,0.888889,point_previews/task000062_mu016384_rho070_n0.png
0.7,16384,8,license_plate_bahnschrift.ttf,BFUCAOZJ9Y5KPW0TSHL38D2NGMVRX7Q64IE1,3,7,1,0.595,13.38656,0.735998,0.721147,BFUCAOZJI9Y5KPWOTSHL38D2NGMYVRX7Q64IE1,0.083333,0.916667,point_previews/task000062_mu016384_rho070_n1.png
0.8,16384,8,license_plate_bahnschrift.ttf,BFUCAOZJ9Y5KPW0TSHL38D2NGMVRX7Q64IE1,3,7,0,0.68,14.310835,0.701998,0.674571,BFUCAOZJ9YSKPWOTSHL38D2NGMVRX7Q64IE1,0.055556,0.944444,point_previews/task000062_mu016384_rho080_n0.png
0.8,16384,8,license_plate_bahnschrift.ttf,BFUCAOZJ9Y5KPW0TSHL38D2NGMVRX7Q64IE1,3,7,1,0.68,14.310835,0.701998,0.674571,BFUCAOZJ9Y5KPWOTSHL38D2NGMYVRX7Q64E1,0.083333,0.916667,point_previews/task000062_mu016384_rho080_n1.png
0.9,16384,8,license_plate_bahnschrift.ttf,BFUCAOZJ9Y5KPW0TSHL38D2NGMVRX7Q64IE1,3,7,0,0.765,15.178933,0.668877,0.635992,BFUCAOZJ9Y5KPWOTSHL38D2NGMVRX7Q64IE1,0.027778,0.972222,point_previews/task000062_mu016384_rho090_n0.png
0.9,16384,8,license_plate_bahnschrift.ttf,BFUCAOZJ9Y5KPW0TSHL38D2NGMVRX7Q64IE1,3,7,1,0.765,15.178933,0.668877,0.635992,BFUCAOZJ9YSKPWOTSHL38D2NGMVRX7Q64IE1,0.055556,0.944444,point_previews/task000062_mu016384_rho090_n1.png
1.0,16384,8,license_plate_bahnschrift.ttf,BFUCAOZJ9Y5KPW0TSHL38D2NGMVRX7Q64IE1,3,7,0,0.85,16.0,0.63662,0.603355,BFUCAOZJ9YSKPWOTSHL38D2NGMVRX7Q64IE1,0.055556,0.944444,point_previews/task000062_mu016384_rho100_n0.png
1.0,16384,8,license_plate_bahnschrift.ttf,BFUCAOZJ9Y5KPW0TSHL38D2NGMVRX7Q64IE1,3,7,1,0.85,16.0,0.63662,0.603355,BFUCAOZJ9YSKPWOTSHL38D2NGMVRX7Q64IE1,0.055556,0.944444,point_previews/task000062_mu016384_rho100_n1.png
0.1,65536,8,license_plate_bahnschrift.ttf,BFUCAOZJ9Y5KPW0TSHL38D2NGMVRX7Q64IE1,3,7,0,0.085,5.059644,0.959381,1.907975,BFUCAOZI9Y5KPWOTSHL3BO2NGMYRX7O641E1,0.194444,0.805556,point_previews/task000063_mu065536_rho010_n0.png
0.1,65536,8,license_plate_bahnschrift.ttf,BFUCAOZJ9Y5KPW0TSHL38D2NGMVRX7Q64IE1,3,7,1,0.085,5.059644,0.959381,1.907975,BFUCAOZIYS5KPWOTSHL3BO2NGMYRX7O64IE1,0.222222,0.777778,point_previews/task000063_mu065536_rho010_n1.png
0.2,65536,8,license_plate_bahnschrift.ttf,BFUCAOZJ9Y5KPW0TSHL38D2NGMVRX7Q64IE1,3,7,0,0.17,7.155418,0.919759,1.349142,BFUCAOZI9Y5KPWOTSHL38D2NGMYRX7O641E1,0.138889,0.861111,point_previews/task000063_mu065536_rho020_n0.png
0.2,65536,8,license_plate_bahnschrift.ttf,BFUCAOZJ9Y5KPW0TSHL38D2NGMVRX7Q64IE1,3,7,1,0.17,7.155418,0.919759,1.349142,BFUCAOZIY5KPWOTSHL3B8D2NGMYRX7O64IE1,0.166667,0.833333,point_previews/task000063_mu065536_rho020_n1.png
0.3,65536,8,license_plate_bahnschrift.ttf,BFUCAOZJ9Y5KPW0TSHL38D2NGMVRX7Q64IE1,3,7,0,0.255,8.763561,0.881116,1.10157,BFUCAODZI9Y5KPWOTSHL38D2NGMYRX7QO64IE1,0.138889,0.861111,point_previews/task000063_mu065536_rho030_n0.png
0.3,65536,8,license_plate_bahnschrift.ttf,BFUCAOZJ9Y5KPW0TSHL38D2NGMVRX7Q64IE1,3,7,1,0.255,8.763561,0.881116,1.10157,BFUCAOZI9Y5KPWOTSHL38D2NGMYRX7O641E1,0.138889,0.861111,point_previews/task000063_mu065536_rho030_n1.png
0.4,65536,8,license_plate_bahnschrift.ttf,BFUCAOZJ9Y5KPW0TSHL38D2NGMVRX7Q64IE1,3,7,0,0.34,10.119289,0.843436,0.953987,BFUCAODZI9Y5KPWOTSHL38D2NGMYRX7QO64IE1,0.138889,0.861111,point_previews/task000063_mu065536_rho040_n0.png
0.4,65536,8,license_plate_bahnschrift.ttf,BFUCAOZJ9Y5KPW0TSHL38D2NGMVRX7Q64IE1,3,7,1,0.34,10.119289,0.843436,0.953987,BFUCAODZI9Y5KPWOTSHL38D2NGMYRX7QO64IE1,0.138889,0.861111,point_previews/task000063_mu065536_rho040_n1.png
0.5,65536,8,license_plate_bahnschrift.ttf,BFUCAOZJ9Y5KPW0TSHL38D2NGMVRX7Q64IE1,3,7,0,0.425,11.313708,0.8067,0.853272,BFUCAOZJI9Y5KPWOTSHL38D2NGMYRX7Q64IE1,0.083333,0.916667,point_previews/task000063_mu065536_rho050_n0.png
0.5,65536,8,license_plate_bahnschrift.ttf,BFUCAOZJ9Y5KPW0TSHL38D2NGMVRX7Q64IE1,3,7,1,0.425,11.313708,0.8067,0.853272,BFUCAOZJI9Y5KPWOTSHL38D2NGMYRX7Q641E1,0.111111,0.888889,point_previews/task000063_mu065536_rho050_n1.png
0.6,65536,8,license_plate_bahnschrift.ttf,BFUCAOZJ9Y5KPW0TSHL38D2NGMVRX7Q64IE1,3,7,0,0.51,12.393547,0.770893,0.778927,BFUCAOZJ9Y5KPWOTSHL38D2NGMYVRX7Q641E1,0.083333,0.916667,point_previews/task000063_mu065536_rho060_n0.png
0.6,65536,8,license_plate_bahnschrift.ttf,BFUCAOZJ9Y5KPW0TSHL38D2NGMVRX7Q64IE1,3,7,1,0.51,12.393547,0.770893,0.778927,BFUCAOZJ9Y5KPWOTSHL38D2NGMYVRX7Q64IE1,0.055556,0.944444,point_previews/task000063_mu065536_rho060_n1.png
0.7,65536,8,license_plate_bahnschrift.ttf,BFUCAOZJ9Y5KPW0TSHL38D2NGMVRX7Q64IE1,3,7,0,0.595,13.38656,0.735998,0.721147,BFUCAOZJI9Y5KPWOTSHL38D2NGMYVRX7Q64IE1,0.083333,0.916667,point_previews/task000063_mu065536_rho070_n0.png
0.7,65536,8,license_plate_bahnschrift.ttf,BFUCAOZJ9Y5KPW0TSHL38D2NGMVRX7Q64IE1,3,7,1,0.595,13.38656,0.735998,0.721147,BFUCAOZJI9Y5KPWOTSHL38D2NGMYVRX7Q64E1,0.111111,0.888889,point_previews/task000063_mu065536_rho070_n1.png
0.8,65536,8,license_plate_bahnschrift.ttf,BFUCAOZJ9Y5KPW0TSHL38D2NGMVRX7Q64IE1,3,7,0,0.68,14.310835,0.701998,0.674571,BFUCAOZJ9YSKPWOTSHL38D2NGMVRX7Q64IE1,0.055556,0.944444,point_previews/task000063_mu065536_rho080_n0.png
0.8,65536,8,license_plate_bahnschrift.ttf,BFUCAOZJ9Y5KPW0TSHL38D2NGMVRX7Q64IE1,3,7,1,0.68,14.310835,0.701998,0.674571,BFUCAOZJ9YSKPWOTSHL38D2NGMVRX7Q64IE1,0.055556,0.944444,point_previews/task000063_mu065536_rho080_n1.png
0.9,65536,8,license_plate_bahnschrift.ttf,BFUCAOZJ9Y5KPW0TSHL38D2NGMVRX7Q64IE1,3,7,0,0.765,15.178933,0.668877,0.635992,BFUCAOZJ9YS5KPWOTSHL38D2NGMVRX7Q641E1,0.083333,0.916667,point_previews/task000063_mu065536_rho090_n0.png
0.9,65536,8,license_plate_bahnschrift.ttf,BFUCAOZJ9Y5KPW0TSHL38D2NGMVRX7Q64IE1,3,7,1,0.765,15.178933,0.668877,0.635992,BFUCAOZJ9YSKPWOTSHL38D2NGMVRX7Q64IE1,0.055556,0.944444,point_previews/task000063_mu065536_rho090_n1.png
1.0,65536,8,license_plate_bahnschrift.ttf,BFUCAOZJ9Y5KPW0TSHL38D2NGMVRX7Q64IE1,3,7,0,0.85,16.0,0.63662,0.603355,BFUCAOZJ9YSKPWOTSHL38D2NGMVRX7Q64IE1,0.055556,0.944444,point_previews/task000063_mu065536_rho100_n0.png
1.0,65536,8,license_plate_bahnschrift.ttf,BFUCAOZJ9Y5KPW0TSHL38D2NGMVRX7Q64IE1,3,7,1,0.85,16.0,0.63662,0.603355,BFUCAOZJ9Y5KPWOTSHL38D2NGMVRX7Q64IE1,0.027778,0.972222,point_previews/task000063_mu065536_rho100_n1.png
0.1,4,8,license_plate_bahnschrift.ttf,BFUCAOZJ9Y5KPW0TSHL38D2NGMVRX7Q64IE1,3,11,0,0.085,5.059644,0.959381,1.907975,,1.0,0.0,point_previews/task000064_mu000004_rho010_n0.png
0.1,4,8,license_plate_bahnschrift.ttf,BFUCAOZJ9Y5KPW0TSHL38D2NGMVRX7Q64IE1,3,11,1,0.085,5.059644,0.959381,1.907975,HPISRGRPLNLAER,0.861111,0.138889,point_previews/task000064_mu000004_rho010_n1.png
0.2,4,8,license_plate_bahnschrift.ttf,BFUCAOZJ9Y5KPW0TSHL38D2NGMVRX7Q64IE1,3,11,0,0.17,7.155418,0.919759,1.349142,SHERNNSTTMAPPRS,0.916667,0.083333,point_previews/task000064_mu000004_rho020_n0.png
0.2,4,8,license_plate_bahnschrift.ttf,BFUCAOZJ9Y5KPW0TSHL38D2NGMVRX7Q64IE1,3,11,1,0.17,7.155418,0.919759,1.349142,,1.0,0.0,point_previews/task000064_mu000004_rho020_n1.png
0.3,4,8,license_plate_bahnschrift.ttf,BFUCAOZJ9Y5KPW0TSHL38D2NGMVRX7Q64IE1,3,11,0,0.255,8.763561,0.881116,1.10157,ATAERRREACENUTEPO,0.944444,0.055556,point_previews/task000064_mu000004_rho030_n0.png
0.3,4,8,license_plate_bahnschrift.ttf,BFUCAOZJ9Y5KPW0TSHL38D2NGMVRX7Q64IE1,3,11,1,0.255,8.763561,0.881116,1.10157,PENESELTS,0.916667,0.083333,point_previews/task000064_mu000004_rho030_n1.png
0.4,4,8,license_plate_bahnschrift.ttf,BFUCAOZJ9Y5KPW0TSHL38D2NGMVRX7Q64IE1,3,11,0,0.34,10.119289,0.843436,0.953987,,1.0,0.0,point_previews/task000064_mu000004_rho040_n0.png
0.4,4,8,license_plate_bahnschrift.ttf,BFUCAOZJ9Y5KPW0TSHL38D2NGMVRX7Q64IE1,3,11,1,0.34,10.119289,0.843436,0.953987,,1.0,0.0,point_previews/task000064_mu000004_rho040_n1.png
0.5,4,8,license_plate_bahnschrift.ttf,BFUCAOZJ9Y5KPW0TSHL38D2NGMVRX7Q64IE1,3,11,0,0.425,11.313708,0.8067,0.853272,,1.0,0.0,point_previews/task000064_mu000004_rho050_n0.png
0.5,4,8,license_plate_bahnschrift.ttf,BFUCAOZJ9Y5KPW0TSHL38D2NGMVRX7Q64IE1,3,11,1,0.425,11.313708,0.8067,0.853272,ROMGESEMRETUAS,0.888889,0.111111,point_previews/task000064_mu000004_rho050_n1.png
0.6,4,8,license_plate_bahnschrift.ttf,BFUCAOZJ9Y5KPW0TSHL38D2NGMVRX7Q64IE1,3,11,0,0.51,12.393547,0.770893,0.778927,SBBLSOSSPRANGTSPRESPRET,0.861111,0.138889,point_previews/task000064_mu000004_rho060_n0.png
0.6,4,8,license_plate_bahnschrift.ttf,BFUCAOZJ9Y5KPW0TSHL38D2NGMVRX7Q64IE1,3,11,1,0.51,12.393547,0.770893,0.778927,SRERSPORRANTOTSORBT,0.916667,0.083333,point_previews/task000064_mu000004_rho060_n1.png
0.7,4,8,license_plate_bahnschrift.ttf,BFUCAOZJ9Y5KPW0TSHL38D2NGMVRX7Q64IE1,3,11,0,0.595,13.38656,0.735998,0.721147,RPRRAPOELASSORSEERRSSEO,0.861111,0.138889,point_previews/task000064_mu000004_rho070_n0.png
0.7,4,8,license_plate_bahnschrift.ttf,BFUCAOZJ9Y5KPW0TSHL38D2NGMVRX7Q64IE1,3,11,1,0.595,13.38656,0.735998,0.721147,TSAUMVRMEORSERAYOFEEEE,0.888889,0.111111,point_previews/task000064_mu000004_rho070_n1.png
0.8,4,8,license_plate_bahnschrift.ttf,BFUCAOZJ9Y5KPW0TSHL38D2NGMVRX7Q64IE1,3,11,0,0.68,14.310835,0.701998,0.674571,PERELASICRTSHSA,0.916667,0.083333,point_previews/task000064_mu000004_rho080_n0.png
0.8,4,8,license_plate_bahnschrift.ttf,BFUCAOZJ9Y5KPW0TSHL38D2NGMVRX7Q64IE1,3,11,1,0.68,14.310835,0.701998,0.674571,SPPRAITSRIEURGRERETEE,0.833333,0.166667,point_previews/task000064_mu000004_rho080_n1.png
0.9,4,8,license_plate_bahnschrift.ttf,BFUCAOZJ9Y5KPW0TSHL38D2NGMVRX7Q64IE1,3,11,0,0.765,15.178933,0.668877,0.635992,PELEALRATESSDPOREARINSEA,0.861111,0.138889,point_previews/task000064_mu000004_rho090_n0.png
0.9,4,8,license_plate_bahnschrift.ttf,BFUCAOZJ9Y5KPW0TSHL38D2NGMVRX7Q64IE1,3,11,1,0.765,15.178933,0.668877,0.635992,IRRECAROTSOYANDIVETSHAAEOCA,0.888889,0.111111,point_previews/task000064_mu000004_rho090_n1.png
1.0,4,8,license_plate_bahnschrift.ttf,BFUCAOZJ9Y5KPW0TSHL38D2NGMVRX7Q64IE1,3,11,0,0.85,16.0,0.63662,0.603355,HEDAMELSPOVEMUADEUI,0.888889,0.111111,point_previews/task000064_mu000004_rho100_n0.png
1.0,4,8,license_plate_bahnschrift.ttf,BFUCAOZJ9Y5KPW0TSHL38D2NGMVRX7Q64IE1,3,11,1,0.85,16.0,0.63662,0.603355,BTCSNNTUAYT,0.888889,0.111111,point_previews/task000064_mu000004_rho100_n1.png
0.1,16,8,license_plate_bahnschrift.ttf,BFUCAOZJ9Y5KPW0TSHL38D2NGMVRX7Q64IE1,3,11,0,0.085,5.059644,0.959381,1.907975,EESLBTSCRONY,0.916667,0.083333,point_previews/task000065_mu000016_rho010_n0.png
0.1,16,8,license_plate_bahnschrift.ttf,BFUCAOZJ9Y5KPW0TSHL38D2NGMVRX7Q64IE1,3,11,1,0.085,5.059644,0.959381,1.907975,2REY2EESRSTE,0.888889,0.111111,point_previews/task000065_mu000016_rho010_n1.png
0.2,16,8,license_plate_bahnschrift.ttf,BFUCAOZJ9Y5KPW0TSHL38D2NGMVRX7Q64IE1,3,11,0,0.17,7.155418,0.919759,1.349142,REMOROTISRRUGHEOSEEEE,0.888889,0.111111,point_previews/task000065_mu000016_rho020_n0.png
0.2,16,8,license_plate_bahnschrift.ttf,BFUCAOZJ9Y5KPW0TSHL38D2NGMVRX7Q64IE1,3,11,1,0.17,7.155418,0.919759,1.349142,PRUSROSMBPDORSRE,0.833333,0.166667,point_previews/task000065_mu000016_rho020_n1.png
0.3,16,8,license_plate_bahnschrift.ttf,BFUCAOZJ9Y5KPW0TSHL38D2NGMVRX7Q64IE1,3,11,0,0.255,8.763561,0.881116,1.10157,TRPURAISEKRUIDTSHEROS2RURRS,0.833333,0.166667,point_previews/task000065_mu000016_rho030_n0.png
0.3,16,8,license_plate_bahnschrift.ttf,BFUCAOZJ9Y5KPW0TSHL38D2NGMVRX7Q64IE1,3,11,1,0.255,8.763561,0.881116,1.10157,BPULAIUSSSAKRWITSHYCOT2MTAREAG,0.722222,0.277778,point_previews/task000065_mu000016_rho030_n1.png
0.4,16,8,license_plate_bahnschrift.ttf,BFUCAOZJ9Y5KPW0TSHL38D2NGMVRX7Q64IE1,3,11,0,0.34,10.119289,0.843436,0.953987,BEUGATZISFOKRRVOTSHLFBDONGMYURAROSIE,0.611111,0.388889,point_previews/task000065_mu000016_rho040_n0.png
0.4,16,8,license_plate_bahnschrift.ttf,BFUCAOZJ9Y5KPW0TSHL38D2NGMVRX7Q64IE1,3,11,1,0.34,10.119289,0.843436,0.953987,BPUCKOAIYSCRWVOTSHE2STINGMYRRTRGET,0.638889,0.361111,point_previews/task000065_mu000016_rho040_n1.png
0.5,16,8,license_plate_bahnschrift.ttf,BFUCAOZJ9Y5KPW0TSHL38D2NGMVRX7Q64IE1,3,11,0,0.425,11.313708,0.8067,0.853272,,1.0,0.0,point_previews/task000065_mu000016_rho050_n0.png
0.5,16,8,license_plate_bahnschrift.ttf,BFUCAOZJ9Y5KPW0TSHL38D2NGMVRX7Q64IE1,3,11,1,0.425,11.313708,0.8067,0.853272,,1.0,0.0,point_previews/task000065_mu000016_rho050_n1.png
0.6,16,8,license_plate_bahnschrift.ttf,BFUCAOZJ9Y5KPW0TSHL38D2NGMVRX7Q64IE1,3,11,0,0.51,12.393547,0.770893,0.778927,,1.0,0.0,point_previews/task000065_mu000016_rho060_n0.png
0.6,16,8,license_plate_bahnschrift.ttf,BFUCAOZJ9Y5KPW0TSHL38D2NGMVRX7Q64IE1,3,11,1,0.51,12.393547,0.770893,0.778927,,1.0,0.0,point_previews/task000065_mu000016_rho060_n1.png
0.7,16,8,license_plate_bahnschrift.ttf,BFUCAOZJ9Y5KPW0TSHL38D2NGMVRX7Q64IE1,3,11,0,0.595,13.38656,0.735998,0.721147,,1.0,0.0,point_previews/task000065_mu000016_rho070_n0.png
0.7,16,8,license_plate_bahnschrift.ttf,BFUCAOZJ9Y5KPW0TSHL38D2NGMVRX7Q64IE1,3,11,1,0.595,13.38656,0.735998,0.721147,,1.0,0.0,point_previews/task000065_mu000016_rho070_n1.png
0.8,16,8,license_plate_bahnschrift.ttf,BFUCAOZJ9Y5KPW0TSHL38D2NGMVRX7Q64IE1,3,11,0,0.68,14.310835,0.701998,0.674571,BEUCAOTI97SKPWOTSHLABD2NGMVAX7O6SIEI,0.333333,0.666667,point_previews/task000065_mu000016_rho080_n0.png
0.8,16,8,license_plate_bahnschrift.ttf,BFUCAOZJ9Y5KPW0TSHL38D2NGMVRX7Q64IE1,3,11,1,0.68,14.310835,0.701998,0.674571,BEUCADTIOVSKRWOTSHLIBDPNGMVAXTO6AIEI,0.472222,0.527778,point_previews/task000065_mu000016_rho080_n1.png
0.9,16,8,license_plate_bahnschrift.ttf,BFUCAOZJ9Y5KPW0TSHL38D2NGMVRX7Q64IE1,3,11,0,0.765,15.178933,0.668877,0.635992,BFUCAUZJVYSKRWOTSRESBD2NGMVRXTOBAIED,0.388889,0.611111,point_previews/task000065_mu000016_rho090_n0.png
0.9,16,8,license_plate_bahnschrift.ttf,BFUCAOZJ9Y5KPW0TSHL38D2NGMVRX7Q64IE1,3,11,1,0.765,15.178933,0.668877,0.635992,BEUCAGZIYSKPWOTSRLSBE2NOMYVRXTOSIE,0.472222,0.527778,point_previews/task000065_mu000016_rho090_n1.png
1.0,16,8,license_plate_bahnschrift.ttf,BFUCAOZJ9Y5KPW0TSHL38D2NGMVRX7Q64IE1,3,11,0,0.85,16.0,0.63662,0.603355,BEUCAGZSPYSKPWOTSHLISDZNOMVRXTOSHIEL,0.416667,0.583333,point_previews/task000065_mu000016_rho100_n0.png
1.0,16,8,license_plate_bahnschrift.ttf,BFUCAOZJ9Y5KPW0TSHL38D2NGMVRX7Q64IE1,3,11,1,0.85,16.0,0.63662,0.603355,,1.0,0.0,point_previews/task000065_mu000016_rho100_n1.png
0.1,64,8,license_plate_bahnschrift.ttf,BFUCAOZJ9Y5KPW0TSHL38D2NGMVRX7Q64IE1,3,11,0,0.085,5.059644,0.959381,1.907975,RPUCADZSYARPWOTSHESSONDMMRATRAAET,0.611111,0.388889,point_previews/task000066_mu000064_rho010_n0.png
0.1,64,8,license_plate_bahnschrift.ttf,BFUCAOZJ9Y5KPW0TSHL38D2NGMVRX7Q64IE1,3,11,1,0.085,5.059644,0.959381,1.907975,BRUGAOZSYSKRWOTSHEABDONGMURRIHSIE,0.5,0.5,point_previews/task000066_mu000064_rho010_n1.png
0.2,64,8,license_plate_bahnschrift.ttf,BFUCAOZJ9Y5KPW0TSHL38D2NGMVRX7Q64IE1,3,11,0,0.17,7.155418,0.919759,1.349142,BFUCAUZJSYSKPIMOTSHSSDANGMVRXTOSSIET,0.416667,0.583333,point_previews/task000066_mu000064_rho020_n0.png
0.2,64,8,license_plate_bahnschrift.ttf,BFUCAOZJ9Y5KPW0TSHL38D2NGMVRX7Q64IE1,3,11,1,0.17,7.155418,0.919759,1.349142,BFUCAOZJFYSKPWOTSHLSSD2NGMVRXIUS4IET,0.25,0.75,point_previews/task000066_mu000064_rho020_n1.png
0.3,64,8,license_plate_bahnschrift.ttf,BFUCAOZJ9Y5KPW0TSHL38D2NGMVRX7Q64IE1,3,11,0,0.255,8.763561,0.881116,1.10157,BFUCADZISYSKPWOTSHLIBOZNGMYRX7Q64IE1,0.277778,0.722222,point_previews/task000066_mu000064_rho030_n0.png
0.3,64,8,license_plate_bahnschrift.ttf,BFUCAOZJ9Y5KPW0TSHL38D2NGMVRX7Q64IE1,3,11,1,0.255,8.763561,0.881116,1.10157,BFUCADZISYSKRWOTSHLSRD2NGMVRX7O6AIE,0.305556,0.694444,point_previews/task000066_mu000064_rho030_n1.png
0.4,64,8,license_plate_bahnschrift.ttf,BFUCAOZJ9Y5KPW0TSHL38D2NGMVRX7Q64IE1,3,11,0,0.34,10.119289,0.843436,0.953987,BFUCAOZJSYSKPWOTSHLISD2NGMVRX7Q641E1,0.166667,0.833333,point_previews/task000066_mu000064_rho040_n0.png
0.4,64,8,license_plate_bahnschrift.ttf,BFUCAOZJ9Y5KPW0TSHL38D2NGMVRX7Q64IE1,3,11,1,0.34,10.119289,0.843436,0.953987,BFUCAOZJ9YSKPWOTSHL3802NGMYRXTOB4IEI,0.222222,0.777778,point_previews/task000066_mu000064_rho040_n1.png
0.5,64,8,license_plate_bahnschrift.ttf,BFUCAOZJ9Y5KPW0TSHL38D2NGMVRX7Q64IE1,3,11,0,0.425,11.313708,0.8067,0.853272,BFUCAOZJ9Y5KPWOUTSHL3BD2NGMVRX7IQ4SIET,0.194444,0.805556,point_previews/task000066_mu000064_rho050_n0.png
0.5,64,8,license_plate_bahnschrift.ttf,BFUCAOZJ9Y5KPW0TSHL38D2NGMVRX7Q64IE1,3,11,1,0.425,11.313708,0.8067,0.853272,BFUCAOZJ9YSKPWOTSHL38D2NGMVRX7N6SIE1,0.111111,0.888889,point_previews/task000066_mu000064_rho050_n1.png
0.6,64,8,license_plate_bahnschrift.ttf,BFUCAOZJ9Y5KPW0TSHL38D2NGMVRX7Q64IE1,3,11,0,0.51,12.393547,0.770893,0.778927,BFUCAOZJ9Y5KPWOTSHLSBDZNGMVRX7O641E1,0.166667,0.833333,point_previews/task000066_mu000064_rho060_n0.png
0.6,64,8,license_plate_bahnschrift.ttf,BFUCAOZJ9Y5KPW0TSHL38D2NGMVRX7Q64IE1,3,11,1,0.51,12.393547,0.770893,0.778927,BFUGAOZJ9Y5KPWOTSHL3SD2NGMYRX2Q641E1,0.166667,0.833333,point_previews/task000066_mu000064_rho060_n1.png
0.7,64,8,license_plate_bahnschrift.ttf,BFUCAOZJ9Y5KPW0TSHL38D2NGMVRX7Q64IE1,3,11,0,0.595,13.38656,0.735998,0.721147,BFUCAOZJ9YSKPWOTSHESBDZNGMVRX70641E1,0.222222,0.777778,point_previews/task000066_mu000064_rho070_n0.png
0.7,64,8,license_plate_bahnschrift.ttf,BFUCAOZJ9Y5KPW0TSHL38D2NGMVRX7Q64IE1,3,11,1,0.595,13.38656,0.735998,0.721147,BFUCAOZJ9Y5KPWOTSHL3SD2NGMVRX7064IE1,0.083333,0.916667,point_previews/task000066_mu000064_rho070_n1.png
0.8,64,8,license_plate_bahnschrift.ttf,BFUCAOZJ9Y5KPW0TSHL38D2NGMVRX7Q64IE1,3,11,0,0.68,14.310835,0.701998,0.674571,BFUCAOZJ9Y5KPWOTSHL3BD2NGMVRX7Q641E1,0.083333,0.916667,point_previews/task000066_mu000064_rho080_n0.png
0.8,64,8,license_plate_bahnschrift.ttf,BFUCAOZJ9Y5KPW0TSHL38D2NGMVRX7Q64IE1,3,11,1,0.68,14.310835,0.701998,0.674571,BFUCAOZJ9YSKPWOTSHL38D2NGMYRX7Q64IE1,0.083333,0.916667,point_previews/task000066_mu000064_rho080_n1.png
0.9,64,8,license_plate_bahnschrift.ttf,BFUCAOZJ9Y5KPW0TSHL38D2NGMVRX7Q64IE1,3,11,0,0.765,15.178933,0.668877,0.635992,BFUCAOZJ9Y5KPWOTSHL38D2NGMVRX7Q64E1,0.055556,0.944444,point_previews/task000066_mu000064_rho090_n0.png
0.9,64,8,license_plate_bahnschrift.ttf,BFUCAOZJ9Y5KPW0TSHL38D2NGMVRX7Q64IE1,3,11,1,0.765,15.178933,0.668877,0.635992,BFUCAOZI9YSKPWOTSHL3BO2NGMYRX7064IE1,0.194444,0.805556,point_previews/task000066_mu000064_rho090_n1.png
1.0,64,8,license_plate_bahnschrift.ttf,BFUCAOZJ9Y5KPW0TSHL38D2NGMVRX7Q64IE1,3,11,0,0.85,16.0,0.63662,0.603355,BFUCAOZJ9Y5KPWOTSHL338D2NGMVRX7Q64IE1,0.055556,0.944444,point_previews/task000066_mu000064_rho100_n0.png
1.0,64,8,license_plate_bahnschrift.ttf,BFUCAOZJ9Y5KPW0TSHL38D2NGMVRX7Q64IE1,3,11,1,0.85,16.0,0.63662,0.603355,BFUCAOZJ9YSKPWOTSHL38D2NGMYRX7Q64IE1,0.083333,0.916667,point_previews/task000066_mu000064_rho100_n1.png
0.1,256,8,license_plate_bahnschrift.ttf,BFUCAOZJ9Y5KPW0TSHL38D2NGMVRX7Q64IE1,3,11,0,0.085,5.059644,0.959381,1.907975,BFUCAOZJ9Y5KPWOTSHLSBD2NGMYRX7O6SIET,0.194444,0.805556,point_previews/task000067_mu000256_rho010_n0.png
0.1,256,8,license_plate_bahnschrift.ttf,BFUCAOZJ9Y5KPW0TSHL38D2NGMVRX7Q64IE1,3,11,1,0.085,5.059644,0.959381,1.907975,BFUCAOZISYSKPWOTSHL3SD2NGMYRXTO64IEL,0.25,0.75,point_previews/task000067_mu000256_rho010_n1.png
0.2,256,8,license_plate_bahnschrift.ttf,BFUCAOZJ9Y5KPW0TSHL38D2NGMVRX7Q64IE1,3,11,0,0.17,7.155418,0.919759,1.349142,BFUCAOZJ9Y5KPWOTSHL3SOZNGMYRX7IO6SIEI,0.25,0.75,point_previews/task000067_mu000256_rho020_n0.png
0.2,256,8,license_plate_bahnschrift.ttf,BFUCAOZJ9Y5KPW0TSHL38D2NGMVRX7Q64IE1,3,11,1,0.17,7.155418,0.919759,1.349142,BFUCAOZJ9YSKPWOTSHL3S02NGMVRX7Q641E1,0.138889,0.861111,point_previews/task000067_mu000256_rho020_n1.png
0.3,256,8,license_plate_bahnschrift.ttf,BFUCAOZJ9Y5KPW0TSHL38D2NGMVRX7Q64IE1,3,11,0,0.255,8.763561,0.881116,1.10157,BFUCAOZIFYSKPWOTSHL3S8D2NGMYRX7Q64IE1,0.166667,0.833333,point_previews/task000067_mu000256_rho030_n0.png
0.3,256,8,license_plate_bahnschrift.ttf,BFUCAOZJ9Y5KPW0TSHL38D2NGMVRX7Q64IE1,3,11,1,0.255,8.763561,0.881116,1.10157,BFUCAOZJIFYSKPWOTSHL38D2NGMVRX7OD64IEI,0.194444,0.805556,point_previews/task000067_mu000256_rho030_n1.png
0.4,256,8,license_plate_bahnschrift.ttf,BFUCAOZJ9Y5KPW0TSHL38D2NGMVRX7Q64IE1,3,11,0,0.34,10.119289,0.843436,0.953987,BFUCAOZJ7YSKPWOTSHL38D2NGMYRX7G64IE1,0.138889,0.861111,point_previews/task000067_mu000256_rho040_n0.png
0.4,256,8,license_plate_bahnschrift.ttf,BFUCAOZJ9Y5KPW0TSHL38D2NGMVRX7Q64IE1,3,11,1,0.34,10.119289,0.843436,0.953987,BFUCAOZJ9Y5KPWOTSHL38D2NGMVRX7O64IE1,0.055556,0.944444,point_previews/task000067_mu000256_rho040_n1.png
0.5,256,8,license_plate_bahnschrift.ttf,BFUCAOZJ9Y5KPW0TSHL38D2NGMVRX7Q64IE1,3,11,0,0.425,11.313708,0.8067,0.853272,BFUCAOZJ9YSKPWOTSHL38D2NGMYRX7QO641E1,0.138889,0.861111,point_previews/task000067_mu000256_rho050_n0.png
0.5,256,8,license_plate_bahnschrift.ttf,BFUCAOZJ9Y5KPW0TSHL38D2NGMVRX7Q64IE1,3,11,1,0.425,11.313708,0.8067,0.853272,BFUCAOZJ7YSKPWOTSHL38D2NGMYRX7Q64IE,0.138889,0.861111,point_previews/task000067_mu000256_rho050_n1.png
0.6,256,8,license_plate_bahnschrift.ttf,BFUCAOZJ9Y5KPW0TSHL38D2NGMVRX7Q64IE1,3,11,0,0.51,12.393547,0.770893,0.778927,BFUCAOZJIFYSKPWOTSHL38D2NGMYRX7Q64IE1,0.138889,0.861111,point_previews/task000067_mu000256_rho060_n0.png
0.6,256,8,license_plate_bahnschrift.ttf,BFUCAOZJ9Y5KPW0TSHL38D2NGMVRX7Q64IE1,3,11,1,0.51,12.393547,0.770893,0.778927,BFUCAOZJIPYSKPWOTSHL38D2NGMYRX7G64IEI,0.194444,0.805556,point_previews/task000067_mu000256_rho060_n1.png
0.7,256,8,license_plate_bahnschrift.ttf,BFUCAOZJ9Y5KPW0TSHL38D2NGMVRX7Q64IE1,3,11,0,0.595,13.38656,0.735998,0.721147,BFUCAOZJ9YSKPWOTSHL38D2NGMYRX7Q64IE1,0.083333,0.916667,point_previews/task000067_mu000256_rho070_n0.png
0.7,256,8,license_plate_bahnschrift.ttf,BFUCAOZJ9Y5KPW0TSHL38D2NGMVRX7Q64IE1,3,11,1,0.595,13.38656,0.735998,0.721147,BFUCAOZJ9Y5SKPWOTSHL38D2NGMYRX7Q64IE1,0.083333,0.916667,point_previews/task000067_mu000256_rho070_n1.png
0.8,256,8,license_plate_bahnschrift.ttf,BFUCAOZJ9Y5KPW0TSHL38D2NGMVRX7Q64IE1,3,11,0,0.68,14.310835,0.701998,0.674571,BFUCAOZJ9YSKPWOTSHL38D2NGMYRX7Q64E1,0.111111,0.888889,point_previews/task000067_mu000256_rho080_n0.png
0.8,256,8,license_plate_bahnschrift.ttf,BFUCAOZJ9Y5KPW0TSHL38D2NGMVRX7Q64IE1,3,11,1,0.68,14.310835,0.701998,0.674571,BFUCAOZJ9YSKPWOTSHL38D2NGMVRX7Q64IE1,0.055556,0.944444,point_previews/task000067_mu000256_rho080_n1.png
0.9,256,8,license_plate_bahnschrift.ttf,BFUCAOZJ9Y5KPW0TSHL38D2NGMVRX7Q64IE1,3,11,0,0.765,15.178933,0.668877,0.635992,BFUCAOZJFYSKPWOTSHL38D2NGMYRX7Q64IE1,0.111111,0.888889,point_previews/task000067_mu000256_rho090_n0.png
0.9,256,8,license_plate_bahnschrift.ttf,BFUCAOZJ9Y5KPW0TSHL38D2NGMVRX7Q64IE1,3,11,1,0.765,15.178933,0.668877,0.635992,BFUCAOZI9YSKPWOTSHL38D2NGMYRX7Q64IE1,0.111111,0.888889,point_previews/task000067_mu000256_rho090_n1.png
1.0,256,8,license_plate_bahnschrift.ttf,BFUCAOZJ9Y5KPW0TSHL38D2NGMVRX7Q64IE1,3,11,0,0.85,16.0,0.63662,0.603355,BFUCAOZJ9YSKPWOTSHL38D2NGMYRX7Q64IE1,0.083333,0.916667,point_previews/task000067_mu000256_rho100_n0.png
1.0,256,8,license_plate_bahnschrift.ttf,BFUCAOZJ9Y5KPW0TSHL38D2NGMVRX7Q64IE1,3,11,1,0.85,16.0,0.63662,0.603355,BFUCAOZJ9YSKPWOTSHL38D2NGMYRX7Q641E1,0.111111,0.888889,point_previews/task000067_mu000256_rho100_n1.png
0.1,1024,8,license_plate_bahnschrift.ttf,BFUCAOZJ9Y5KPW0TSHL38D2NGMVRX7Q64IE1,3,11,0,0.085,5.059644,0.959381,1.907975,BFUCAOZIFYSKPWOTSHL3SSO2NGMYRXA7TO6SIEI,0.361111,0.638889,point_previews/task000068_mu001024_rho010_n0.png
0.1,1024,8,license_plate_bahnschrift.ttf,BFUCAOZJ9Y5KPW0TSHL38D2NGMVRX7Q64IE1,3,11,1,0.085,5.059644,0.959381,1.907975,BFUCSOZI9YSKPWOTSHL3SSD2NGMYRATO6SIE,0.333333,0.666667,point_previews/task000068_mu001024_rho010_n1.png
0.2,1024,8,license_plate_bahnschrift.ttf,BFUCAOZJ9Y5KPW0TSHL38D2NGMVRX7Q64IE1,3,11,0,0.17,7.155418,0.919759,1.349142,BFUCAOZI9YSKPWOTSHL3S02NGMYRA7TO6ESIEI,0.333333,0.666667,point_previews/task000068_mu001024_rho020_n0.png
0.2,1024,8,license_plate_bahnschrift.ttf,BFUCAOZJ9Y5KPW0TSHL38D2NGMVRX7Q64IE1,3,11,1,0.17,7.155418,0.919759,1.349142,BFUCAOZI9YSKPWOTSHL3S802NGMYRA7O6SIE,0.277778,0.722222,point_previews/task000068_mu001024_rho020_n1.png
0.3,1024,8,license_plate_bahnschrift.ttf,BFUCAOZJ9Y5KPW0TSHL38D2NGMVRX7Q64IE1,3,11,0,0.255,8.763561,0.881116,1.10157,BFUCAODZIFYSKPWOTSHL3S8D2NGMYRX7O64IE1,0.222222,0.777778,point_previews/task000068_mu001024_rho030_n0.png
0.3,1024,8,license_plate_bahnschrift.ttf,BFUCAOZJ9Y5KPW0TSHL38D2NGMVRX7Q64IE1,3,11,1,0.255,8.763561,0.881116,1.10157,BFUCAOZIFYSKPWOTSHLS8D2NGMYRX7Q64IE1,0.166667,0.833333,point_previews/task000068_mu001024_rho030_n1.png
0.4,1024,8,license_plate_bahnschrift.ttf,BFUCAOZJ9Y5KPW0TSHL38D2NGMVRX7Q64IE1,3,11,0,0.34,10.119289,0.843436,0.953987,BFUCAOZIFYSKPWOTSHLS8D2NGMYRX7Q64IE1,0.166667,0.833333,point_previews/task000068_mu001024_rho040_n0.png
0.4,1024,8,license_plate_bahnschrift.ttf,BFUCAOZJ9Y5KPW0TSHL38D2NGMVRX7Q64IE1,3,11,1,0.34,10.119289,0.843436,0.953987,BFUCAOZIFYSKPWOTSHL3S8D2NGMYRX7Q64IE1,0.166667,0.833333,point_previews/task000068_mu001024_rho040_n1.png
0.5,1024,8,license_plate_bahnschrift.ttf,BFUCAOZJ9Y5KPW0TSHL38D2NGMVRX7Q64IE1,3,11,0,0.425,11.313708,0.8067,0.853272,BFUCAOZJ9Y5KPWOTSHL38D2NGMYRX7Q64IE1,0.055556,0.944444,point_previews/task000068_mu001024_rho050_n0.png
0.5,1024,8,license_plate_bahnschrift.ttf,BFUCAOZJ9Y5KPW0TSHL38D2NGMVRX7Q64IE1,3,11,1,0.425,11.313708,0.8067,0.853272,BFUCAOZJ9YSKPWOTSHL38D2NGMYRX7Q64I1E1,0.111111,0.888889,point_previews/task000068_mu001024_rho050_n1.png
0.6,1024,8,license_plate_bahnschrift.ttf,BFUCAOZJ9Y5KPW0TSHL38D2NGMVRX7Q64IE1,3,11,0,0.51,12.393547,0.770893,0.778927,BFUCAOZJ9YSKPWOTSHL38D2NGMYRX7Q64IE1,0.083333,0.916667,point_previews/task000068_mu001024_rho060_n0.png
0.6,1024,8,license_plate_bahnschrift.ttf,BFUCAOZJ9Y5KPW0TSHL38D2NGMVRX7Q64IE1,3,11,1,0.51,12.393547,0.770893,0.778927,BFUCAOZJ9YSKPWOTSHL38D2NGMYRX7Q64IE1,0.083333,0.916667,point_previews/task000068_mu001024_rho060_n1.png
0.7,1024,8,license_plate_bahnschrift.ttf,BFUCAOZJ9Y5KPW0TSHL38D2NGMVRX7Q64IE1,3,11,0,0.595,13.38656,0.735998,0.721147,BFUCAODZJ9YSKPWOTSHL38D2NGMYVRX7Q64IE1,0.111111,0.888889,point_previews/task000068_mu001024_rho070_n0.png
0.7,1024,8,license_plate_bahnschrift.ttf,BFUCAOZJ9Y5KPW0TSHL38D2NGMVRX7Q64IE1,3,11,1,0.595,13.38656,0.735998,0.721147,BFUCAOZJ9YSKPWOTSHL3S8D2NGMYVRX7Q641E1,0.138889,0.861111,point_previews/task000068_mu001024_rho070_n1.png
0.8,1024,8,license_plate_bahnschrift.ttf,BFUCAOZJ9Y5KPW0TSHL38D2NGMVRX7Q64IE1,3,11,0,0.68,14.310835,0.701998,0.674571,BFUCAOZJ9YS5KPWOTSHL38D2NGMYVRX7Q64IE1,0.083333,0.916667,point_previews/task000068_mu001024_rho080_n0.png
0.8,1024,8,license_plate_bahnschrift.ttf,BFUCAOZJ9Y5KPW0TSHL38D2NGMVRX7Q64IE1,3,11,1,0.68,14.310835,0.701998,0.674571,BFUCAOZJ9YSKPWOTSHL38D2NGMYVRX7Q641E1,0.111111,0.888889,point_previews/task000068_mu001024_rho080_n1.png
0.9,1024,8,license_plate_bahnschrift.ttf,BFUCAOZJ9Y5KPW0TSHL38D2NGMVRX7Q64IE1,3,11,0,0.765,15.178933,0.668877,0.635992,BFUCAOZJ9YSKPWOTSHL38D2NGMYVRX7Q64IE1,0.083333,0.916667,point_previews/task000068_mu001024_rho090_n0.png
0.9,1024,8,license_plate_bahnschrift.ttf,BFUCAOZJ9Y5KPW0TSHL38D2NGMVRX7Q64IE1,3,11,1,0.765,15.178933,0.668877,0.635992,BFUCAOZJ9YSKPWOTSHL38D2NGMVRX7Q64IE1,0.055556,0.944444,point_previews/task000068_mu001024_rho090_n1.png
1.0,1024,8,license_plate_bahnschrift.ttf,BFUCAOZJ9Y5KPW0TSHL38D2NGMVRX7Q64IE1,3,11,0,0.85,16.0,0.63662,0.603355,BFUCAOZJ9YSKPWOTSHL38D2NGMYVRX7Q64IE1,0.083333,0.916667,point_previews/task000068_mu001024_rho100_n0.png
1.0,1024,8,license_plate_bahnschrift.ttf,BFUCAOZJ9Y5KPW0TSHL38D2NGMVRX7Q64IE1,3,11,1,0.85,16.0,0.63662,0.603355,BFUCAOZJ9YSKPWOTSHL38D2NGMVRX7Q64IE1,0.055556,0.944444,point_previews/task000068_mu001024_rho100_n1.png
0.1,4096,8,license_plate_bahnschrift.ttf,BFUCAOZJ9Y5KPW0TSHL38D2NGMVRX7Q64IE1,3,11,0,0.085,5.059644,0.959381,1.907975,BFUCAOZIFYSKPWOTSHLSS02NGMYRA7O6SIE,0.333333,0.666667,point_previews/task000069_mu004096_rho010_n0.png
0.1,4096,8,license_plate_bahnschrift.ttf,BFUCAOZJ9Y5KPW0TSHL38D2NGMVRX7Q64IE1,3,11,1,0.085,5.059644,0.959381,1.907975,BFUCAOZISYSKPWOTSHL3S02NGMYRA7OESIEI,0.333333,0.666667,point_previews/task000069_mu004096_rho010_n1.png
0.2,4096,8,license_plate_bahnschrift.ttf,BFUCAOZJ9Y5KPW0TSHL38D2NGMVRX7Q64IE1,3,11,0,0.17,7.155418,0.919759,1.349142,BFUCAOZISYSKPWOTSHLSS8D2NGMYRA7OQ64SIE,0.305556,0.694444,point_previews/task000069_mu004096_rho020_n0.png
0.2,4096,8,license_plate_bahnschrift.ttf,BFUCAOZJ9Y5KPW0TSHL38D2NGMVRX7Q64IE1,3,11,1,0.17,7.155418,0.919759,1.349142,BFUCAOZIFYSKPWOTSHL3S8D2NGMYRA7O64SIE,0.277778,0.722222,point_previews/task000069_mu004096_rho020_n1.png
0.3,4096,8,license_plate_bahnschrift.ttf,BFUCAOZJ9Y5KPW0TSHL38D2NGMVRX7Q64IE1,3,11,0,0.255,8.763561,0.881116,1.10157,BFUCAOZJ9YSKPWOTSHL38D2NGMYRX7Q64IE1,0.083333,0.916667,point_previews/task000069_mu004096_rho030_n0.png
0.3,4096,8,license_plate_bahnschrift.ttf,BFUCAOZJ9Y5KPW0TSHL38D2NGMVRX7Q64IE1,3,11,1,0.255,8.763561,0.881116,1.10157,BFUCAOZJ9YSKPWOTSHL38D2NGMYRX7Q6SIEI,0.138889,0.861111,point_previews/task000069_mu004096_rho030_n1.png
0.4,4096,8,license_plate_bahnschrift.ttf,BFUCAOZJ9Y5KPW0TSHL38D2NGMVRX7Q64IE1,3,11,0,0.34,10.119289,0.843436,0.953987,BFUCAODZIPFYSKPWOTSHL3S8D2NGMYRX7Q64IE1,0.222222,0.777778,point_previews/task000069_mu004096_rho040_n0.png
0.4,4096,8,license_plate_bahnschrift.ttf,BFUCAOZJ9Y5KPW0TSHL38D2NGMVRX7Q64IE1,3,11,1,0.34,10.119289,0.843436,0.953987,BFUCAODZIFYSKPWOTSHL3S8D2NGMYRX7Q64IE1,0.194444,0.805556,point_previews/task000069_mu004096_rho040_n1.png
0.5,4096,8,license_plate_bahnschrift.ttf,BFUCAOZJ9Y5KPW0TSHL38D2NGMVRX7Q64IE1,3,11,0,0.425,11.313708,0.8067,0.853272,BFUCAOZJ9YSKPWOTSHL38D2NGMYRX7Q64IE1,0.083333,0.916667,point_previews/task000069_mu004096_rho050_n0.png
0.5,4096,8,license_plate_bahnschrift.ttf,BFUCAOZJ9Y5KPW0TSHL38D2NGMVRX7Q64IE1,3,11,1,0.425,11.313708,0.8067,0.853272,BFUCAOZJ9YSKPWOTSHL38D2NGMYRX7Q64IE1,0.083333,0.916667,point_previews/task000069_mu004096_rho050_n1.png
0.6,4096,8,license_plate_bahnschrift.ttf,BFUCAOZJ9Y5KPW0TSHL38D2NGMVRX7Q64IE1,3,11,0,0.51,12.393547,0.770893,0.778927,BFUCAODZJI9YSKPWOTSHL3S8D2NGMYVRX7Q64IE1,0.166667,0.833333,point_previews/task000069_mu004096_rho060_n0.png
0.6,4096,8,license_plate_bahnschrift.ttf,BFUCAOZJ9Y5KPW0TSHL38D2NGMVRX7Q64IE1,3,11,1,0.51,12.393547,0.770893,0.778927,BFUCAODZJ9YSKPWOTSHL3S8D2NGMYVRX7Q64IE1,0.138889,0.861111,point_previews/task000069_mu004096_rho060_n1.png
0.7,4096,8,license_plate_bahnschrift.ttf,BFUCAOZJ9Y5KPW0TSHL38D2NGMVRX7Q64IE1,3,11,0,0.595,13.38656,0.735998,0.721147,BFUCAOZJ9YS5KPWOTSHL38D2NGMYRX7Q641E1,0.111111,0.888889,point_previews/task000069_mu004096_rho070_n0.png
0.7,4096,8,license_plate_bahnschrift.ttf,BFUCAOZJ9Y5KPW0TSHL38D2NGMVRX7Q64IE1,3,11,1,0.595,13.38656,0.735998,0.721147,BFUCAODZI9YSKPWOTSHL3S8D2NGMYVRX7Q64IE1,0.166667,0.833333,point_previews/task000069_mu004096_rho070_n1.png
0.8,4096,8,license_plate_bahnschrift.ttf,BFUCAOZJ9Y5KPW0TSHL38D2NGMVRX7Q64IE1,3,11,0,0.68,14.310835,0.701998,0.674571,BFUCAOZJ9YSKPWOTSHL38D2NGMYVRX7Q641E1,0.111111,0.888889,point_previews/task000069_mu004096_rho080_n0.png
0.8,4096,8,license_plate_bahnschrift.ttf,BFUCAOZJ9Y5KPW0TSHL38D2NGMVRX7Q64IE1,3,11,1,0.68,14.310835,0.701998,0.674571,BFUCAOZJ9Y5KPWOTSHL38D2NGMYVRX7Q64IE1,0.055556,0.944444,point_previews/task000069_mu004096_rho080_n1.png
0.9,4096,8,license_plate_bahnschrift.ttf,BFUCAOZJ9Y5KPW0TSHL38D2NGMVRX7Q64IE1,3,11,0,0.765,15.178933,0.668877,0.635992,BFUCAOZJ9YSKPWOTSHL38D2NGMYVRX7Q641E1,0.111111,0.888889,point_previews/task000069_mu004096_rho090_n0.png
0.9,4096,8,license_plate_bahnschrift.ttf,BFUCAOZJ9Y5KPW0TSHL38D2NGMVRX7Q64IE1,3,11,1,0.765,15.178933,0.668877,0.635992,BFUCAOZJ9YSKPWOTSHL38D2NGMYRX7Q64IE1,0.083333,0.916667,point_previews/task000069_mu004096_rho090_n1.png
1.0,4096,8,license_plate_bahnschrift.ttf,BFUCAOZJ9Y5KPW0TSHL38D2NGMVRX7Q64IE1,3,11,0,0.85,16.0,0.63662,0.603355,BFUCAOZJ9YSKPWOTSHL38D2NGMVRX7Q64E1,0.083333,0.916667,point_previews/task000069_mu004096_rho100_n0.png
1.0,4096,8,license_plate_bahnschrift.ttf,BFUCAOZJ9Y5KPW0TSHL38D2NGMVRX7Q64IE1,3,11,1,0.85,16.0,0.63662,0.603355,BFUCAOZJ9YSKPWOTSHL38D2NGMYVRX7Q64IE1,0.083333,0.916667,point_previews/task000069_mu004096_rho100_n1.png
0.1,16384,8,license_plate_bahnschrift.ttf,BFUCAOZJ9Y5KPW0TSHL38D2NGMVRX7Q64IE1,3,11,0,0.085,5.059644,0.959381,1.907975,BFUCAOZIFYSKPWOTSHL3SO2NGMYRATO6SIE,0.333333,0.666667,point_previews/task000070_mu016384_rho010_n0.png
0.1,16384,8,license_plate_bahnschrift.ttf,BFUCAOZJ9Y5KPW0TSHL38D2NGMVRX7Q64IE1,3,11,1,0.085,5.059644,0.959381,1.907975,BFUCAOZISYSKPWOTSHL3S02NGMYRATO6SIE,0.333333,0.666667,point_previews/task000070_mu016384_rho010_n1.png
0.2,16384,8,license_plate_bahnschrift.ttf,BFUCAOZJ9Y5KPW0TSHL38D2NGMVRX7Q64IE1,3,11,0,0.17,7.155418,0.919759,1.349142,BFUCAOZIFYSKPWOTSHL3SSD2NGMYRA7O64SIE,0.305556,0.694444,point_previews/task000070_mu016384_rho020_n0.png
0.2,16384,8,license_plate_bahnschrift.ttf,BFUCAOZJ9Y5KPW0TSHL38D2NGMVRX7Q64IE1,3,11,1,0.17,7.155418,0.919759,1.349142,BFUCAOZIFYSKPWOTSHL3S8D2NGMYRA7O64SIE,0.277778,0.722222,point_previews/task000070_mu016384_rho020_n1.png
0.3,16384,8,license_plate_bahnschrift.ttf,BFUCAOZJ9Y5KPW0TSHL38D2NGMVRX7Q64IE1,3,11,0,0.255,8.763561,0.881116,1.10157,BFUCAOZJ9YSKPWOTSHL38D2NGMYRX7Q64IE1,0.083333,0.916667,point_previews/task000070_mu016384_rho030_n0.png
0.3,16384,8,license_plate_bahnschrift.ttf,BFUCAOZJ9Y5KPW0TSHL38D2NGMVRX7Q64IE1,3,11,1,0.255,8.763561,0.881116,1.10157,BFUCAOZJ9YSKPWOTSHL38D2NGMYRX7Q6SIE1,0.111111,0.888889,point_previews/task000070_mu016384_rho030_n1.png
0.4,16384,8,license_plate_bahnschrift.ttf,BFUCAOZJ9Y5KPW0TSHL38D2NGMVRX7Q64IE1,3,11,0,0.34,10.119289,0.843436,0.953987,BFUCAODZJ9YSKPWOTSHL3S8D2NGMYRX7Q64IE1,0.138889,0.861111,point_previews/task000070_mu016384_rho040_n0.png
0.4,16384,8,license_plate_bahnschrift.ttf,BFUCAOZJ9Y5KPW0TSHL38D2NGMVRX7Q64IE1,3,11,1,0.34,10.119289,0.843436,0.953987,BFUCAODZI9YSKPWOTSHL38D2NGMYRX7Q64IE1,0.138889,0.861111,point_previews/task000070_mu016384_rho040_n1.png
0.5,16384,8,license_plate_bahnschrift.ttf,BFUCAOZJ9Y5KPW0TSHL38D2NGMVRX7Q64IE1,3,11,0,0.425,11.313708,0.8067,0.853272,BFUCAODZIPFYSKPWOTSHLS8D2NGMYRX7Q64IE1,0.222222,0.777778,point_previews/task000070_mu016384_rho050_n0.png
0.5,16384,8,license_plate_bahnschrift.ttf,BFUCAOZJ9Y5KPW0TSHL38D2NGMVRX7Q64IE1,3,11,1,0.425,11.313708,0.8067,0.853272,BFUCAOZJ9YSKPWOTSHL38D2NGMYVRX7Q64IE1,0.083333,0.916667,point_previews/task000070_mu016384_rho050_n1.png
0.6,16384,8,license_plate_bahnschrift.ttf,BFUCAOZJ9Y5KPW0TSHL38D2NGMVRX7Q64IE1,3,11,0,0.51,12.393547,0.770893,0.778927,BFUCAOZJ9YSKPWOTSHL3S8D2NGMYVRX7Q64IE1,0.111111,0.888889,point_previews/task000070_mu016384_rho060_n0.png
0.6,16384,8,license_plate_bahnschrift.ttf,BFUCAOZJ9Y5KPW0TSHL38D2NGMVRX7Q64IE1,3,11,1,0.51,12.393547,0.770893,0.778927,BFUCAODZJ9YSKPWOTSHL3S8D2NGMYVRX7Q64IE1,0.138889,0.861111,point_previews/task000070_mu016384_rho060_n1.png
0.7,16384,8,license_plate_bahnschrift.ttf,BFUCAOZJ9Y5KPW0TSHL38D2NGMVRX7Q64IE1,3,11,0,0.595,13.38656,0.735998,0.721147,BFUCAODZJ9YSKPWOTSHL3S8D2NGMYVRX7Q641E1,0.166667,0.833333,point_previews/task000070_mu016384_rho070_n0.png
0.7,16384,8,license_plate_bahnschrift.ttf,BFUCAOZJ9Y5KPW0TSHL38D2NGMVRX7Q64IE1,3,11,1,0.595,13.38656,0.735998,0.721147,BFUCAOZI9YSKPWOTSHL3S8D2NGMYVRX7Q641E1,0.166667,0.833333,point_previews/task000070_mu016384_rho070_n1.png
0.8,16384,8,license_plate_bahnschrift.ttf,BFUCAOZJ9Y5KPW0TSHL38D2NGMVRX7Q64IE1,3,11,0,0.68,14.310835,0.701998,0.674571,BFUCAOZJ9YSKPWOTSHL38D2NGMYVRX7Q641E1,0.111111,0.888889,point_previews/task000070_mu016384_rho080_n0.png
0.8,16384,8,license_plate_bahnschrift.ttf,BFUCAOZJ9Y5KPW0TSHL38D2NGMVRX7Q64IE1,3,11,1,0.68,14.310835,0.701998,0.674571,BFUCAOZJ9YSKPWOTSHL38D2NGMYVRX7Q641E1,0.111111,0.888889,point_previews/task000070_mu016384_rho080_n1.png
0.9,16384,8,license_plate_bahnschrift.ttf,BFUCAOZJ9Y5KPW0TSHL38D2NGMVRX7Q64IE1,3,11,0,0.765,15.178933,0.668877,0.635992,BFUCAOZJ9YSKPWOTSHL38D2NGMYRX7Q641E1,0.111111,0.888889,point_previews/task000070_mu016384_rho090_n0.png
0.9,16384,8,license_plate_bahnschrift.ttf,BFUCAOZJ9Y5KPW0TSHL38D2NGMVRX7Q64IE1,3,11,1,0.765,15.178933,0.668877,0.635992,BFUCAOZJ9YSKPWOTSHL38D2NGMYVRX7Q64IE1,0.083333,0.916667,point_previews/task000070_mu016384_rho090_n1.png
1.0,16384,8,license_plate_bahnschrift.ttf,BFUCAOZJ9Y5KPW0TSHL38D2NGMVRX7Q64IE1,3,11,0,0.85,16.0,0.63662,0.603355,BFUCAOZJ9YSKPWOTSHL38D2NGMVRX7Q641E1,0.083333,0.916667,point_previews/task000070_mu016384_rho100_n0.png
1.0,16384,8,license_plate_bahnschrift.ttf,BFUCAOZJ9Y5KPW0TSHL38D2NGMVRX7Q64IE1,3,11,1,0.85,16.0,0.63662,0.603355,BFUCAOZJ9YSKPWOTSHL38D2NGMYVRX7Q64IE1,0.083333,0.916667,point_previews/task000070_mu016384_rho100_n1.png
0.1,65536,8,license_plate_bahnschrift.ttf,BFUCAOZJ9Y5KPW0TSHL38D2NGMVRX7Q64IE1,3,11,0,0.085,5.059644,0.959381,1.907975,BFUCAOZIFYSKPWOTSHL3SO02NGMYRATO6SIE,0.361111,0.638889,point_previews/task000071_mu065536_rho010_n0.png
0.1,65536,8,license_plate_bahnschrift.ttf,BFUCAOZJ9Y5KPW0TSHL38D2NGMVRX7Q64IE1,3,11,1,0.085,5.059644,0.959381,1.907975,BFUCAOZISYSKPWOTSHL3SD2NGMYRATO6SIE,0.305556,0.694444,point_previews/task000071_mu065536_rho010_n1.png
0.2,65536,8,license_plate_bahnschrift.ttf,BFUCAOZJ9Y5KPW0TSHL38D2NGMVRX7Q64IE1,3,11,0,0.17,7.155418,0.919759,1.349142,BFUCAOZIFYSKPWOTSHL3SS8D2NGMYRA7O64SIE,0.305556,0.694444,point_previews/task000071_mu065536_rho020_n0.png
0.2,65536,8,license_plate_bahnschrift.ttf,BFUCAOZJ9Y5KPW0TSHL38D2NGMVRX7Q64IE1,3,11,1,0.17,7.155418,0.919759,1.349142,BFUCAOZIFYSKPWOTSHL3S8D2NGMYRA7O64SIE,0.277778,0.722222,point_previews/task000071_mu065536_rho020_n1.png
0.3,65536,8,license_plate_bahnschrift.ttf,BFUCAOZJ9Y5KPW0TSHL38D2NGMVRX7Q64IE1,3,11,0,0.255,8.763561,0.881116,1.10157,BFUCAOZJ9YSKPWOTSHL38D2NGMYRX7Q6SIEI,0.138889,0.861111,point_previews/task000071_mu065536_rho030_n0.png
0.3,65536,8,license_plate_bahnschrift.ttf,BFUCAOZJ9Y5KPW0TSHL38D2NGMVRX7Q64IE1,3,11,1,0.255,8.763561,0.881116,1.10157,BFUCAOZJ9YSKPWOTSHL38D2NGMYRX7Q64IE1,0.083333,0.916667,point_previews/task000071_mu065536_rho030_n1.png
0.4,65536,8,license_plate_bahnschrift.ttf,BFUCAOZJ9Y5KPW0TSHL38D2NGMVRX7Q64IE1,3,11,0,0.34,10.119289,0.843436,0.953987,BFUCAODZJ9YSKPWOTSHL3S8D2NGMYRX7Q64IE1,0.138889,0.861111,point_previews/task000071_mu065536_rho040_n0.png
0.4,65536,8,license_plate_bahnschrift.ttf,BFUCAOZJ9Y5KPW0TSHL38D2NGMVRX7Q64IE1,3,11,1,0.34,10.119289,0.843436,0.953987,BFUCAODZJPFYSKPWOTSHL3S8D2NGMYRX7Q64IE1,0.194444,0.805556,point_previews/task000071_mu065536_rho040_n1.png
0.5,65536,8,license_plate_bahnschrift.ttf,BFUCAOZJ9Y5KPW0TSHL38D2NGMVRX7Q64IE1,3,11,0,0.425,11.313708,0.8067,0.853272,BFUCAOZJ9YSKPWOTSHL38D2NGMYRX7Q64IE1,0.083333,0.916667,point_previews/task000071_mu065536_rho050_n0.png
0.5,65536,8,license_plate_bahnschrift.ttf,BFUCAOZJ9Y5KPW0TSHL38D2NGMVRX7Q64IE1,3,11,1,0.425,11.313708,0.8067,0.853272,BFUCAOZJ9YSKPWOTSHL38D2NGMYRX7Q64IE1,0.083333,0.916667,point_previews/task000071_mu065536_rho050_n1.png
0.6,65536,8,license_plate_bahnschrift.ttf,BFUCAOZJ9Y5KPW0TSHL38D2NGMVRX7Q64IE1,3,11,0,0.51,12.393547,0.770893,0.778927,BFUCAOZJ9YSKPWOTSHL3S8D2NGMYVRX7Q64IE1,0.111111,0.888889,point_previews/task000071_mu065536_rho060_n0.png
0.6,65536,8,license_plate_bahnschrift.ttf,BFUCAOZJ9Y5KPW0TSHL38D2NGMVRX7Q64IE1,3,11,1,0.51,12.393547,0.770893,0.778927,BFUCAODZJ9YSKPWOTSHL3S8D2NGMYVRX7Q64IE1,0.138889,0.861111,point_previews/task000071_mu065536_rho060_n1.png
0.7,65536,8,license_plate_bahnschrift.ttf,BFUCAOZJ9Y5KPW0TSHL38D2NGMVRX7Q64IE1,3,11,0,0.595,13.38656,0.735998,0.721147,BFUCAOZJ9YSKPWOTSHL3S8D2NGMYVRX7Q641E1,0.138889,0.861111,point_previews/task000071_mu065536_rho070_n0.png
0.7,65536,8,license_plate_bahnschrift.ttf,BFUCAOZJ9Y5KPW0TSHL38D2NGMVRX7Q64IE1,3,11,1,0.595,13.38656,0.735998,0.721147,BFUCAOZJ9YSKPWOTSHL3S8D2NGMYVRX7Q641E1,0.138889,0.861111,point_previews/task000071_mu065536_rho070_n1.png
0.8,65536,8,license_plate_bahnschrift.ttf,BFUCAOZJ9Y5KPW0TSHL38D2NGMVRX7Q64IE1,3,11,0,0.68,14.310835,0.701998,0.674571,BFUCAOZJ9YSKPWOTSHL38D2NGMVRX7Q641E1,0.083333,0.916667,point_previews/task000071_mu065536_rho080_n0.png
0.8,65536,8,license_plate_bahnschrift.ttf,BFUCAOZJ9Y5KPW0TSHL38D2NGMVRX7Q64IE1,3,11,1,0.68,14.310835,0.701998,0.674571,BFUCAOZJ9YSKPWOTSHL38D2NGMVRX7Q641E1,0.083333,0.916667,point_previews/task000071_mu065536_rho080_n1.png
0.9,65536,8,license_plate_bahnschrift.ttf,BFUCAOZJ9Y5KPW0TSHL38D2NGMVRX7Q64IE1,3,11,0,0.765,15.178933,0.668877,0.635992,BFUCAOZJ9YSKPWOTSHL38D2NGMYVRX7Q641E1,0.111111,0.888889,point_previews/task000071_mu065536_rho090_n0.png
0.9,65536,8,license_plate_bahnschrift.ttf,BFUCAOZJ9Y5KPW0TSHL38D2NGMVRX7Q64IE1,3,11,1,0.765,15.178933,0.668877,0.635992,BFUCAOZJ9YSKPWOTSHL38D2NGMYVRX7Q64IE1,0.083333,0.916667,point_previews/task000071_mu065536_rho090_n1.png
1.0,65536,8,license_plate_bahnschrift.ttf,BFUCAOZJ9Y5KPW0TSHL38D2NGMVRX7Q64IE1,3,11,0,0.85,16.0,0.63662,0.603355,BFUCAOZJ9YSKPWOTSHL38D2NGMYVRX7Q64E1,0.111111,0.888889,point_previews/task000071_mu065536_rho100_n0.png
1.0,65536,8,license_plate_bahnschrift.ttf,BFUCAOZJ9Y5KPW0TSHL38D2NGMVRX7Q64IE1,3,11,1,0.85,16.0,0.63662,0.603355,BFUCAOZJ9YSKPWOTSHL38D2NGMVRX7Q64IE1,0.055556,0.944444,point_previews/task000071_mu065536_rho100_n1.png
0.1,4,8,license_plate_bahnschrift.ttf,BFUCAOZJ9Y5KPW0TSHL38D2NGMVRX7Q64IE1,3,15,0,0.085,5.059644,0.959381,1.907975,TELNRRAMGAACEATINGPD,0.916667,0.083333,point_previews/task000072_mu000004_rho010_n0.png
0.1,4,8,license_plate_bahnschrift.ttf,BFUCAOZJ9Y5KPW0TSHL38D2NGMVRX7Q64IE1,3,15,1,0.085,5.059644,0.959381,1.907975,SECAGOSENMO,0.861111,0.138889,point_previews/task000072_mu000004_rho010_n1.png
0.2,4,8,license_plate_bahnschrift.ttf,BFUCAOZJ9Y5KPW0TSHL38D2NGMVRX7Q64IE1,3,15,0,0.17,7.155418,0.919759,1.349142,SBARRNTAR,0.916667,0.083333,point_previews/task000072_mu000004_rho020_n0.png
0.2,4,8,license_plate_bahnschrift.ttf,BFUCAOZJ9Y5KPW0TSHL38D2NGMVRX7Q64IE1,3,15,1,0.17,7.155418,0.919759,1.349142,FPSPSLTTCNNESC,0.861111,0.138889,point_previews/task000072_mu000004_rho020_n1.png
0.3,4,8,license_plate_bahnschrift.ttf,BFUCAOZJ9Y5KPW0TSHL38D2NGMVRX7Q64IE1,3,15,0,0.255,8.763561,0.881116,1.10157,DORTEAMECSPRAD4PMOCAS,0.888889,0.111111,point_previews/task000072_mu000004_rho030_n0.png
0.3,4,8,license_plate_bahnschrift.ttf,BFUCAOZJ9Y5KPW0TSHL38D2NGMVRX7Q64IE1,3,15,1,0.255,8.763561,0.881116,1.10157,ESSTOEPRRDO,0.916667,0.083333,point_previews/task000072_mu000004_rho030_n1.png
0.4,4,8,license_plate_bahnschrift.ttf,BFUCAOZJ9Y5KPW0TSHL38D2NGMVRX7Q64IE1,3,15,0,0.34,10.119289,0.843436,0.953987,,1.0,0.0,point_previews/task000072_mu000004_rho040_n0.png
0.4,4,8,license_plate_bahnschrift.ttf,BFUCAOZJ9Y5KPW0TSHL38D2NGMVRX7Q64IE1,3,15,1,0.34,10.119289,0.843436,0.953987,RRSOUSALS,0.916667,0.083333,point_previews/task000072_mu000004_rho040_n1.png
0.5,4,8,license_plate_bahnschrift.ttf,BFUCAOZJ9Y5KPW0TSHL38D2NGMVRX7Q64IE1,3,15,0,0.425,11.313708,0.8067,0.853272,EBIFRARADTRRULRRERDENCKEAC,0.916667,0.083333,point_previews/task000072_mu000004_rho050_n0.png
0.5,4,8,license_plate_bahnschrift.ttf,BFUCAOZJ9Y5KPW0TSHL38D2NGMVRX7Q64IE1,3,15,1,0.425,11.313708,0.8067,0.853272,RSREAAEAMENB,0.944444,0.055556,point_previews/task000072_mu000004_rho050_n1.png
0.6,4,8,license_plate_bahnschrift.ttf,BFUCAOZJ9Y5KPW0TSHL38D2NGMVRX7Q64IE1,3,15,0,0.51,12.393547,0.770893,0.778927,SSADASOTSPLRATBST,0.861111,0.138889,point_previews/task000072_mu000004_rho060_n0.png
0.6,4,8,license_plate_bahnschrift.ttf,BFUCAOZJ9Y5KPW0TSHL38D2NGMVRX7Q64IE1,3,15,1,0.51,12.393547,0.770893,0.778927,SSPRAO,0.944444,0.055556,point_previews/task000072_mu000004_rho060_n1.png
0.7,4,8,license_plate_bahnschrift.ttf,BFUCAOZJ9Y5KPW0TSHL38D2NGMVRX7Q64IE1,3,15,0,0.595,13.38656,0.735998,0.721147,CSLIA4ESOOTEEAER,0.888889,0.111111,point_previews/task000072_mu000004_rho070_n0.png
0.7,4,8,license_plate_bahnschrift.ttf,BFUCAOZJ9Y5KPW0TSHL38D2NGMVRX7Q64IE1,3,15,1,0.595,13.38656,0.735998,0.721147,SPAIGUREOWGTTARGHELMRONOTEASLSS,0.916667,0.083333,point_previews/task000072_mu000004_rho070_n1.png
0.8,4,8,license_plate_bahnschrift.ttf,BFUCAOZJ9Y5KPW0TSHL38D2NGMVRX7Q64IE1,3,15,0,0.68,14.310835,0.701998,0.674571,SSMECKENTCEGESITE,0.888889,0.111111,point_previews/task000072_mu000004_rho080_n0.png
0.8,4,8,license_plate_bahnschrift.ttf,BFUCAOZJ9Y5KPW0TSHL38D2NGMVRX7Q64IE1,3,15,1,0.68,14.310835,0.701998,0.674571,RSARSISSHETELPTPESITE,0.888889,0.111111,point_previews/task000072_mu000004_rho080_n1.png
0.9,4,8,license_plate_bahnschrift.ttf,BFUCAOZJ9Y5KPW0TSHL38D2NGMVRX7Q64IE1,3,15,0,0.765,15.178933,0.668877,0.635992,ARAEEDTPAEWTTSALSSRORROIGELIG,0.805556,0.194444,point_previews/task000072_mu000004_rho090_n0.png
0.9,4,8,license_plate_bahnschrift.ttf,BFUCAOZJ9Y5KPW0TSHL38D2NGMVRX7Q64IE1,3,15,1,0.765,15.178933,0.668877,0.635992,,1.0,0.0,point_previews/task000072_mu000004_rho090_n1.png
1.0,4,8,license_plate_bahnschrift.ttf,BFUCAOZJ9Y5KPW0TSHL38D2NGMVRX7Q64IE1,3,15,0,0.85,16.0,0.63662,0.603355,BERAISLOPRAESREEHICAESE,0.861111,0.138889,point_previews/task000072_mu000004_rho100_n0.png
1.0,4,8,license_plate_bahnschrift.ttf,BFUCAOZJ9Y5KPW0TSHL38D2NGMVRX7Q64IE1,3,15,1,0.85,16.0,0.63662,0.603355,BORAAOTPRRMOMNTOAALTADNGNIERAOS,0.805556,0.194444,point_previews/task000072_mu000004_rho100_n1.png
0.1,16,8,license_plate_bahnschrift.ttf,BFUCAOZJ9Y5KPW0TSHL38D2NGMVRX7Q64IE1,3,15,0,0.085,5.059644,0.959381,1.907975,,1.0,0.0,point_previews/task000073_mu000016_rho010_n0.png
0.1,16,8,license_plate_bahnschrift.ttf,BFUCAOZJ9Y5KPW0TSHL38D2NGMVRX7Q64IE1,3,15,1,0.085,5.059644,0.959381,1.907975,SPHNEROLAEGRSSEEBR,0.888889,0.111111,point_previews/task000073_mu000016_rho010_n1.png
0.2,16,8,license_plate_bahnschrift.ttf,BFUCAOZJ9Y5KPW0TSHL38D2NGMVRX7Q64IE1,3,15,0,0.17,7.155418,0.919759,1.349142,SBRICNOETPNORSSRETRRCOCO7B,0.861111,0.138889,point_previews/task000073_mu000016_rho020_n0.png
0.2,16,8,license_plate_bahnschrift.ttf,BFUCAOZJ9Y5KPW0TSHL38D2NGMVRX7Q64IE1,3,15,1,0.17,7.155418,0.919759,1.349142,JRRPSSENTEATMORRNSIET,0.805556,0.194444,point_previews/task000073_mu000016_rho020_n1.png
0.3,16,8,license_plate_bahnschrift.ttf,BFUCAOZJ9Y5KPW0TSHL38D2NGMVRX7Q64IE1,3,15,0,0.255,8.763561,0.881116,1.10157,BEUCAGTINRSELRRGMNSTEAEE,0.75,0.25,point_previews/task000073_mu000016_rho030_n0.png
0.3,16,8,license_plate_bahnschrift.ttf,BFUCAOZJ9Y5KPW0TSHL38D2NGMVRX7Q64IE1,3,15,1,0.255,8.763561,0.881116,1.10157,BEBOSOZRYWOTSDEREMVURXGORAIET,0.638889,0.361111,point_previews/task000073_mu000016_rho030_n1.png
0.4,16,8,license_plate_bahnschrift.ttf,BFUCAOZJ9Y5KPW0TSHL38D2NGMVRX7Q64IE1,3,15,0,0.34,10.119289,0.843436,0.953987,BEUCADTITVSMPWOTSHESBRIKEMVROASIEE,0.611111,0.388889,point_previews/task000073_mu000016_rho040_n0.png
0.4,16,8,license_plate_bahnschrift.ttf,BFUCAOZJ9Y5KPW0TSHL38D2NGMVRX7Q64IE1,3,15,1,0.34,10.119289,0.843436,0.953987,SEUEADZIRVSKPAUTSHESED2RGMVETOOMET,0.611111,0.388889,point_previews/task000073_mu000016_rho040_n1.png
0.5,16,8,license_plate_bahnschrift.ttf,BFUCAOZJ9Y5KPW0TSHL38D2NGMVRX7Q64IE1,3,15,0,0.425,11.313708,0.8067,0.853272,BRUCAOZJIFSRPWOTSHIIBD2NGMVRNTOGSET,0.444444,0.555556,point_previews/task000073_mu000016_rho050_n0.png
0.5,16,8,license_plate_bahnschrift.ttf,BFUCAOZJ9Y5KPW0TSHL38D2NGMVRX7Q64IE1,3,15,1,0.425,11.313708,0.8067,0.853272,APUCAOZIFYSERNDTSHL38ORNEMVRTOBMIEE,0.5,0.5,point_previews/task000073_mu000016_rho050_n1.png
0.6,16,8,license_plate_bahnschrift.ttf,BFUCAOZJ9Y5KPW0TSHL38D2NGMVRX7Q64IE1,3,15,0,0.51,12.393547,0.770893,0.778927,BEUCAOZIOYSKPWOTSHLISDINGMYRN7O6SIE,0.361111,0.638889,point_previews/task000073_mu000016_rho060_n0.png
0.6,16,8,license_plate_bahnschrift.ttf,BFUCAOZJ9Y5KPW0TSHL38D2NGMVRX7Q64IE1,3,15,1,0.51,12.393547,0.770893,0.778927,,1.0,0.0,point_previews/task000073_mu000016_rho060_n1.png
0.7,16,8,license_plate_bahnschrift.ttf,BFUCAOZJ9Y5KPW0TSHL38D2NGMVRX7Q64IE1,3,15,0,0.595,13.38656,0.735998,0.721147,BFUCADZIFISKPWOTSHLIBDANGMVRETGSET,0.444444,0.555556,point_previews/task000073_mu000016_rho070_n0.png
0.7,16,8,license_plate_bahnschrift.ttf,BFUCAOZJ9Y5KPW0TSHL38D2NGMVRX7Q64IE1,3,15,1,0.595,13.38656,0.735998,0.721147,,1.0,0.0,point_previews/task000073_mu000016_rho070_n1.png
0.8,16,8,license_plate_bahnschrift.ttf,BFUCAOZJ9Y5KPW0TSHL38D2NGMVRX7Q64IE1,3,15,0,0.68,14.310835,0.701998,0.674571,,1.0,0.0,point_previews/task000073_mu000016_rho080_n0.png
0.8,16,8,license_plate_bahnschrift.ttf,BFUCAOZJ9Y5KPW0TSHL38D2NGMVRX7Q64IE1,3,15,1,0.68,14.310835,0.701998,0.674571,,1.0,0.0,point_previews/task000073_mu000016_rho080_n1.png
0.9,16,8,license_plate_bahnschrift.ttf,BFUCAOZJ9Y5KPW0TSHL38D2NGMVRX7Q64IE1,3,15,0,0.765,15.178933,0.668877,0.635992,,1.0,0.0,point_previews/task000073_mu000016_rho090_n0.png
0.9,16,8,license_plate_bahnschrift.ttf,BFUCAOZJ9Y5KPW0TSHL38D2NGMVRX7Q64IE1,3,15,1,0.765,15.178933,0.668877,0.635992,BFULADZISYSKPWOTSHLSBD2NGMYRXTOSAIEI,0.388889,0.611111,point_previews/task000073_mu000016_rho090_n1.png
1.0,16,8,license_plate_bahnschrift.ttf,BFUCAOZJ9Y5KPW0TSHL38D2NGMVRX7Q64IE1,3,15,0,0.85,16.0,0.63662,0.603355,BFUCAOZISYSKPWOTSHLSBD2NGMVANTOSAIET,0.361111,0.638889,point_previews/task000073_mu000016_rho100_n0.png
1.0,16,8,license_plate_bahnschrift.ttf,BFUCAOZJ9Y5KPW0TSHL38D2NGMVRX7Q64IE1,3,15,1,0.85,16.0,0.63662,0.603355,BFUBAOZJ9Y5KPWOTSHEIBDANGMVRXTOBAIEN,0.305556,0.694444,point_previews/task000073_mu000016_rho100_n1.png
0.1,64,8,license_plate_bahnschrift.ttf,BFUCAOZJ9Y5KPW0TSHL38D2NGMVRX7Q64IE1,3,15,0,0.085,5.059644,0.959381,1.907975,BRUGABZIFYSKPMINTSHLDENGMYRXIDGAIET,0.5,0.5,point_previews/task000074_mu000064_rho010_n0.png
0.1,64,8,license_plate_bahnschrift.ttf,BFUCAOZJ9Y5KPW0TSHL38D2NGMVRX7Q64IE1,3,15,1,0.085,5.059644,0.959381,1.907975,JARUGNOZYTSSEWOTSHLSEDENGHWRN7OGSIEF,0.611111,0.388889,point_previews/task000074_mu000064_rho010_n1.png
0.2,64,8,license_plate_bahnschrift.ttf,BFUCAOZJ9Y5KPW0TSHL38D2NGMVRX7Q64IE1,3,15,0,0.17,7.155418,0.919759,1.349142,AFUCAOZIFYSKPWOTSHLISD2NGMYRXTO68IEY,0.333333,0.666667,point_previews/task000074_mu000064_rho020_n0.png
0.2,64,8,license_plate_bahnschrift.ttf,BFUCAOZJ9Y5KPW0TSHL38D2NGMVRX7Q64IE1,3,15,1,0.17,7.155418,0.919759,1.349142,BFUCAOZIOYSKPWDTSHLSBD2NGMYRETOBSIET,0.361111,0.638889,point_previews/task000074_mu000064_rho020_n1.png
0.3,64,8,license_plate_bahnschrift.ttf,BFUCAOZJ9Y5KPW0TSHL38D2NGMVRX7Q64IE1,3,15,0,0.255,8.763561,0.881116,1.10157,BRUCAOZJ9YSKPWOTSHL3AD2NGMYRXTO6KIET,0.25,0.75,point_previews/task000074_mu000064_rho030_n0.png
0.3,64,8,license_plate_bahnschrift.ttf,BFUCAOZJ9Y5KPW0TSHL38D2NGMVRX7Q64IE1,3,15,1,0.255,8.763561,0.881116,1.10157,BFUCAOZJIYSKPWOTSHLS8D2NGMVRXTOSHIET,0.25,0.75,point_previews/task000074_mu000064_rho030_n1.png
0.4,64,8,license_plate_bahnschrift.ttf,BFUCAOZJ9Y5KPW0TSHL38D2NGMVRX7Q64IE1,3,15,0,0.34,10.119289,0.843436,0.953987,BFUCAOZJ9YSKPWOTSHL38D2NGMVRX7Q64IE,0.083333,0.916667,point_previews/task000074_mu000064_rho040_n0.png
0.4,64,8,license_plate_bahnschrift.ttf,BFUCAOZJ9Y5KPW0TSHL38D2NGMVRX7Q64IE1,3,15,1,0.34,10.119289,0.843436,0.953987,BFUCAOZJ9Y5KPWOTSHLSSD2NGMVRX7OOMIET,0.194444,0.805556,point_previews/task000074_mu000064_rho040_n1.png
0.5,64,8,license_plate_bahnschrift.ttf,BFUCAOZJ9Y5KPW0TSHL38D2NGMVRX7Q64IE1,3,15,0,0.425,11.313708,0.8067,0.853272,BFUCAOZJ9YSKPWOTSHL38D2NGMVRXTOSSIE1,0.166667,0.833333,point_previews/task000074_mu000064_rho050_n0.png
0.5,64,8,license_plate_bahnschrift.ttf,BFUCAOZJ9Y5KPW0TSHL38D2NGMVRX7Q64IE1,3,15,1,0.425,11.313708,0.8067,0.853272,BFUCAOZIOYSKPWOTSHL3SD2NGMVRX7O64IE1,0.166667,0.833333,point_previews/task000074_mu000064_rho050_n1.png
0.6,64,8,license_plate_bahnschrift.ttf,BFUCAOZJ9Y5KPW0TSHL38D2NGMVRX7Q64IE1,3,15,0,0.51,12.393547,0.770893,0.778927,BFUCAOZJOYSKPWOTSHLISD2NGMVRX7O64IE1,0.166667,0.833333,point_previews/task000074_mu000064_rho060_n0.png
0.6,64,8,license_plate_bahnschrift.ttf,BFUCAOZJ9Y5KPW0TSHL38D2NGMVRX7Q64IE1,3,15,1,0.51,12.393547,0.770893,0.778927,BFUCAOZJ9YSKPWOTSHL38D2NGMYRX7O64IET,0.138889,0.861111,point_previews/task000074_mu000064_rho060_n1.png
0.7,64,8,license_plate_bahnschrift.ttf,BFUCAOZJ9Y5KPW0TSHL38D2NGMVRX7Q64IE1,3,15,0,0.595,13.38656,0.735998,0.721147,BFUCAOZJ9Y5KPWOTSHL3BD2NGMVRX7064IE1,0.083333,0.916667,point_previews/task000074_mu000064_rho070_n0.png
0.7,64,8,license_plate_bahnschrift.ttf,BFUCAOZJ9Y5KPW0TSHL38D2NGMVRX7Q64IE1,3,15,1,0.595,13.38656,0.735998,0.721147,BFUCAOZJ9Y5KPWOTSHL38D2NGMVRX7O64IE,0.083333,0.916667,point_previews/task000074_mu000064_rho070_n1.png
0.8,64,8,license_plate_bahnschrift.ttf,BFUCAOZJ9Y5KPW0TSHL38D2NGMVRX7Q64IE1,3,15,0,0.68,14.310835,0.701998,0.674571,BFUCAOZJ9Y5KPWOTSHLISD2NGMVRX7O64IEI,0.138889,0.861111,point_previews/task000074_mu000064_rho080_n0.png
0.8,64,8,license_plate_bahnschrift.ttf,BFUCAOZJ9Y5KPW0TSHL38D2NGMVRX7Q64IE1,3,15,1,0.68,14.310835,0.701998,0.674571,BFUCAOZJ9YSKPWOTSHL38D2NGMVRX70641E1,0.111111,0.888889,point_previews/task000074_mu000064_rho080_n1.png
0.9,64,8,license_plate_bahnschrift.ttf,BFUCAOZJ9Y5KPW0TSHL38D2NGMVRX7Q64IE1,3,15,0,0.765,15.178933,0.668877,0.635992,BFUCAOZJ9Y5KPWOTSHL38D2NGMVRX70641E1,0.083333,0.916667,point_previews/task000074_mu000064_rho090_n0.png
0.9,64,8,license_plate_bahnschrift.ttf,BFUCAOZJ9Y5KPW0TSHL38D2NGMVRX7Q64IE1,3,15,1,0.765,15.178933,0.668877,0.635992,BFUCAOZJ9YSKPWOTSHL38D2NGMVRX7Q64IE,0.083333,0.916667,point_previews/task000074_mu000064_rho090_n1.png
1.0,64,8,license_plate_bahnschrift.ttf,BFUCAOZJ9Y5KPW0TSHL38D2NGMVRX7Q64IE1,3,15,0,0.85,16.0,0.63662,0.603355,BFUCAOZJ9YSKPWOTSHL3BD2NGMVRX7064E1,0.138889,0.861111,point_previews/task000074_mu000064_rho100_n0.png
1.0,64,8,license_plate_bahnschrift.ttf,BFUCAOZJ9Y5KPW0TSHL38D2NGMVRX7Q64IE1,3,15,1,0.85,16.0,0.63662,0.603355,BFUCAOZJFYSKPWOTSHL38D2NGMVRX7O64IE1,0.111111,0.888889,point_previews/task000074_mu000064_rho100_n1.png
0.1,256,8,license_plate_bahnschrift.ttf,BFUCAOZJ9Y5KPW0TSHL38D2NGMVRX7Q64IE1,3,15,0,0.085,5.059644,0.959381,1.907975,BFUCAOZU9YSKPWOTSHEISD2NGMVRX7IOSSIEI,0.305556,0.694444,point_previews/task000075_mu000256_rho010_n0.png
0.1,256,8,license_plate_bahnschrift.ttf,BFUCAOZJ9Y5KPW0TSHL38D2NGMVRX7Q64IE1,3,15,1,0.085,5.059644,0.959381,1.907975,BFUCAOZJ9YSKPWOTSHLISD2NGMVRX7OSSIEI,0.222222,0.777778,point_previews/task000075_mu000256_rho010_n1.png
0.2,256,8,license_plate_bahnschrift.ttf,BFUCAOZJ9Y5KPW0TSHL38D2NGMVRX7Q64IE1,3,15,0,0.17,7.155418,0.919759,1.349142,BFUCAOZJ9YSKPWOTSHL38D2NGMYRX7O64IE1,0.111111,0.888889,point_previews/task000075_mu000256_rho020_n0.png
0.2,256,8,license_plate_bahnschrift.ttf,BFUCAOZJ9Y5KPW0TSHL38D2NGMVRX7Q64IE1,3,15,1,0.17,7.155418,0.919759,1.349142,BFUCAOZJ9YSKPWOTSHL38D2NGMVRX7O64IE1,0.083333,0.916667,point_previews/task000075_mu000256_rho020_n1.png
0.3,256,8,license_plate_bahnschrift.ttf,BFUCAOZJ9Y5KPW0TSHL38D2NGMVRX7Q64IE1,3,15,0,0.255,8.763561,0.881116,1.10157,BRUCAOZJPYSKPWOTSHLIS8D2NGMYRX7G64IE1,0.222222,0.777778,point_previews/task000075_mu000256_rho030_n0.png
0.3,256,8,license_plate_bahnschrift.ttf,BFUCAOZJ9Y5KPW0TSHL38D2NGMVRX7Q64IE1,3,15,1,0.255,8.763561,0.881116,1.10157,BFUCAOZJ9YSKPWOTSHL38D2NGMYRX7O64IEI,0.138889,0.861111,point_previews/task000075_mu000256_rho030_n1.png
0.4,256,8,license_plate_bahnschrift.ttf,BFUCAOZJ9Y5KPW0TSHL38D2NGMVRX7Q64IE1,3,15,0,0.34,10.119289,0.843436,0.953987,BFUCAOZJP9YSKPWOTSHL38D2NGMYVRX7G64IE1,0.138889,0.861111,point_previews/task000075_mu000256_rho040_n0.png
0.4,256,8,license_plate_bahnschrift.ttf,BFUCAOZJ9Y5KPW0TSHL38D2NGMVRX7Q64IE1,3,15,1,0.34,10.119289,0.843436,0.953987,BFUCAOZJ9YSKPWOTSHL38D2NGMYRX7O64IE1,0.111111,0.888889,point_previews/task000075_mu000256_rho040_n1.png
0.5,256,8,license_plate_bahnschrift.ttf,BFUCAOZJ9Y5KPW0TSHL38D2NGMVRX7Q64IE1,3,15,0,0.425,11.313708,0.8067,0.853272,BFUCAOZJ9YSKPWOTSHL38D2NGMYVRX7Q64IE1,0.083333,0.916667,point_previews/task000075_mu000256_rho050_n0.png
0.5,256,8,license_plate_bahnschrift.ttf,BFUCAOZJ9Y5KPW0TSHL38D2NGMVRX7Q64IE1,3,15,1,0.425,11.313708,0.8067,0.853272,BFUCAOZJ9YSKPWOTSHL38D2NGMYRX7O641E1,0.138889,0.861111,point_previews/task000075_mu000256_rho050_n1.png
0.6,256,8,license_plate_bahnschrift.ttf,BFUCAOZJ9Y5KPW0TSHL38D2NGMVRX7Q64IE1,3,15,0,0.51,12.393547,0.770893,0.778927,BFUCAOZJ9YSKPWOTSHL38D2NGMYVRX7Q64IE1,0.083333,0.916667,point_previews/task000075_mu000256_rho060_n0.png
0.6,256,8,license_plate_bahnschrift.ttf,BFUCAOZJ9Y5KPW0TSHL38D2NGMVRX7Q64IE1,3,15,1,0.51,12.393547,0.770893,0.778927,BFUCAOZJ9YSKPWOTSHL38D2NGMYRX7Q64IE1,0.083333,0.916667,point_previews/task000075_mu000256_rho060_n1.png
0.7,256,8,license_plate_bahnschrift.ttf,BFUCAOZJ9Y5KPW0TSHL38D2NGMVRX7Q64IE1,3,15,0,0.595,13.38656,0.735998,0.721147,BRFUCAOZJ9YSKPWOTSHL38D2NGMYRX7Q64IE1,0.111111,0.888889,point_previews/task000075_mu000256_rho070_n0.png
0.7,256,8,license_plate_bahnschrift.ttf,BFUCAOZJ9Y5KPW0TSHL38D2NGMVRX7Q64IE1,3,15,1,0.595,13.38656,0.735998,0.721147,BRFUCAOZJ9YSKPWOTSHL3B8D2NGMYRX7Q64IE,0.166667,0.833333,point_previews/task000075_mu000256_rho070_n1.png
0.8,256,8,license_plate_bahnschrift.ttf,BFUCAOZJ9Y5KPW0TSHL38D2NGMVRX7Q64IE1,3,15,0,0.68,14.310835,0.701998,0.674571,BFUCAOZJ9YSKPWOTSHL38D2NGMVRX7Q641E1,0.083333,0.916667,point_previews/task000075_mu000256_rho080_n0.png
0.8,256,8,license_plate_bahnschrift.ttf,BFUCAOZJ9Y5KPW0TSHL38D2NGMVRX7Q64IE1,3,15,1,0.68,14.310835,0.701998,0.674571,BFUCAOZJ9YSKPWOTSHL38D2NGMYVRX7Q64IE,0.111111,0.888889,point_previews/task000075_mu000256_rho080_n1.png
0.9,256,8,license_plate_bahnschrift.ttf,BFUCAOZJ9Y5KPW0TSHL38D2NGMVRX7Q64IE1,3,15,0,0.765,15.178933,0.668877,0.635992,BFUCAOZJ9YSKPWOTSHL38D2NGMYVRX7Q64IE1,0.083333,0.916667,point_previews/task000075_mu000256_rho090_n0.png
0.9,256,8,license_plate_bahnschrift.ttf,BFUCAOZJ9Y5KPW0TSHL38D2NGMVRX7Q64IE1,3,15,1,0.765,15.178933,0.668877,0.635992,BFUCAOZJ9YSKPWOTSHL38D2NGMYRX7Q64IE1,0.083333,0.916667,point_previews/task000075_mu000256_rho090_n1.png
1.0,256,8,license_plate_bahnschrift.ttf,BFUCAOZJ9Y5KPW0TSHL38D2NGMVRX7Q64IE1,3,15,0,0.85,16.0,0.63662,0.603355,BFUCAOZJFYSKPWOTSHL38D2NGMVRX7Q64E,0.138889,0.861111,point_previews/task000075_mu000256_rho100_n0.png
1.0,256,8,license_plate_bahnschrift.ttf,BFUCAOZJ9Y5KPW0TSHL38D2NGMVRX7Q64IE1,3,15,1,0.85,16.0,0.63662,0.603355,BFUCAOZJ9YSKPWOTSHL38D2NGMYVRX7Q64E1,0.111111,0.888889,point_previews/task000075_mu000256_rho100_n1.png
0.1,1024,8,license_plate_bahnschrift.ttf,BFUCAOZJ9Y5KPW0TSHL38D2NGMVRX7Q64IE1,3,15,0,0.085,5.059644,0.959381,1.907975,BFUCAOZJ9YSKPWOTSHL38D2NGMYRA7O641E1,0.166667,0.833333,point_previews/task000076_mu001024_rho010_n0.png
0.1,1024,8,license_plate_bahnschrift.ttf,BFUCAOZJ9Y5KPW0TSHL38D2NGMVRX7Q64IE1,3,15,1,0.085,5.059644,0.959381,1.907975,BFUCAOZJ7YS5KPWOTSHL3S8D2NGMYRAX7G64IE1,0.194444,0.805556,point_previews/task000076_mu001024_rho010_n1.png
0.2,1024,8,license_plate_bahnschrift.ttf,BFUCAOZJ9Y5KPW0TSHL38D2NGMVRX7Q64IE1,3,15,0,0.17,7.155418,0.919759,1.349142,BFUCAOZJ9YS5SKPWOTSHL38D2NGMYRX7Q641E1,0.138889,0.861111,point_previews/task000076_mu001024_rho020_n0.png
0.2,1024,8,license_plate_bahnschrift.ttf,BFUCAOZJ9Y5KPW0TSHL38D2NGMVRX7Q64IE1,3,15,1,0.17,7.155418,0.919759,1.349142,BFUCAOZJ9YSKPWOTSHL38D2NGMYRX7Q641E1,0.111111,0.888889,point_previews/task000076_mu001024_rho020_n1.png
0.3,1024,8,license_plate_bahnschrift.ttf,BFUCAOZJ9Y5KPW0TSHL38D2NGMVRX7Q64IE1,3,15,0,0.255,8.763561,0.881116,1.10157,BFUCAOZJ9YSKPWOTSHL38D2NGMYRX7Q64E,0.138889,0.861111,point_previews/task000076_mu001024_rho030_n0.png
0.3,1024,8,license_plate_bahnschrift.ttf,BFUCAOZJ9Y5KPW0TSHL38D2NGMVRX7Q64IE1,3,15,1,0.255,8.763561,0.881116,1.10157,BFUCAOZJ9YSKPWOTSHL38D2NGMYRX7Q641E1,0.111111,0.888889,point_previews/task000076_mu001024_rho030_n1.png
0.4,1024,8,license_plate_bahnschrift.ttf,BFUCAOZJ9Y5KPW0TSHL38D2NGMVRX7Q64IE1,3,15,0,0.34,10.119289,0.843436,0.953987,BFUCAOZJ9YSKPWOTSHL38D2NGMYRX7G64IE1,0.111111,0.888889,point_previews/task000076_mu001024_rho040_n0.png
0.4,1024,8,license_plate_bahnschrift.ttf,BFUCAOZJ9Y5KPW0TSHL38D2NGMVRX7Q64IE1,3,15,1,0.34,10.119289,0.843436,0.953987,BFUCAOZJ9YSKPWOTSHL38D2NGMYRX7Q64IE1,0.083333,0.916667,point_previews/task000076_mu001024_rho040_n1.png
0.5,1024,8,license_plate_bahnschrift.ttf,BFUCAOZJ9Y5KPW0TSHL38D2NGMVRX7Q64IE1,3,15,0,0.425,11.313708,0.8067,0.853272,BFUCAOZJ9YSKPWOTSHL38D2NGMYVRX7Q64IE1,0.083333,0.916667,point_previews/task000076_mu001024_rho050_n0.png
0.5,1024,8,license_plate_bahnschrift.ttf,BFUCAOZJ9Y5KPW0TSHL38D2NGMVRX7Q64IE1,3,15,1,0.425,11.313708,0.8067,0.853272,BFUCAOZJ9YSKPWOTSHL38D2NGMYRX7Q64IE1,0.083333,0.916667,point_previews/task000076_mu001024_rho050_n1.png
0.6,1024,8,license_plate_bahnschrift.ttf,BFUCAOZJ9Y5KPW0TSHL38D2NGMVRX7Q64IE1,3,15,0,0.51,12.393547,0.770893,0.778927,BFUCAOZJ9YSKPWOTSHL38D2NGMYRX7Q64IE1,0.083333,0.916667,point_previews/task000076_mu001024_rho060_n0.png
0.6,1024,8,license_plate_bahnschrift.ttf,BFUCAOZJ9Y5KPW0TSHL38D2NGMVRX7Q64IE1,3,15,1,0.51,12.393547,0.770893,0.778927,BFUCAOZJ9YSKPWOTSHL38D2NGMYVRX7Q64IE1,0.083333,0.916667,point_previews/task000076_mu001024_rho060_n1.png
0.7,1024,8,license_plate_bahnschrift.ttf,BFUCAOZJ9Y5KPW0TSHL38D2NGMVRX7Q64IE1,3,15,0,0.595,13.38656,0.735998,0.721147,BFUCAOZJ9YSKPWOTSHL38D2NGMYVRX7Q64IE1,0.083333,0.916667,point_previews/task000076_mu001024_rho070_n0.png
0.7,1024,8,license_plate_bahnschrift.ttf,BFUCAOZJ9Y5KPW0TSHL38D2NGMVRX7Q64IE1,3,15,1,0.595,13.38656,0.735998,0.721147,BFUCAOZJ9YSKPWOTSHL38D2NGMVRX7Q64E1,0.083333,0.916667,point_previews/task000076_mu001024_rho070_n1.png
0.8,1024,8,license_plate_bahnschrift.ttf,BFUCAOZJ9Y5KPW0TSHL38D2NGMVRX7Q64IE1,3,15,0,0.68,14.310835,0.701998,0.674571,BFUCAOZJ9YSKPWOTSHL38D2NGMVRX7Q64IE1,0.055556,0.944444,point_previews/task000076_mu001024_rho080_n0.png
0.8,1024,8,license_plate_bahnschrift.ttf,BFUCAOZJ9Y5KPW0TSHL38D2NGMVRX7Q64IE1,3,15,1,0.68,14.310835,0.701998,0.674571,BFUCAOZJ9YSKPWOTSHL38D2NGMVRX7Q64IE1,0.055556,0.944444,point_previews/task000076_mu001024_rho080_n1.png
0.9,1024,8,license_plate_bahnschrift.ttf,BFUCAOZJ9Y5KPW0TSHL38D2NGMVRX7Q64IE1,3,15,0,0.765,15.178933,0.668877,0.635992,BFUCAOZJ9YSKPWOTSHL38D2NGMVRX7Q64E1,0.083333,0.916667,point_previews/task000076_mu001024_rho090_n0.png
0.9,1024,8,license_plate_bahnschrift.ttf,BFUCAOZJ9Y5KPW0TSHL38D2NGMVRX7Q64IE1,3,15,1,0.765,15.178933,0.668877,0.635992,BFUCAOZJ9YSKPWOTSHL38D2NGMVRX7Q64E1,0.083333,0.916667,point_previews/task000076_mu001024_rho090_n1.png
1.0,1024,8,license_plate_bahnschrift.ttf,BFUCAOZJ9Y5KPW0TSHL38D2NGMVRX7Q64IE1,3,15,0,0.85,16.0,0.63662,0.603355,BFUCAOZJ9YSKPWOTSHL38D2NGMVRX7Q64IE1,0.055556,0.944444,point_previews/task000076_mu001024_rho100_n0.png
1.0,1024,8,license_plate_bahnschrift.ttf,BFUCAOZJ9Y5KPW0TSHL38D2NGMVRX7Q64IE1,3,15,1,0.85,16.0,0.63662,0.603355,BFUCAOZJ9YSKPWOTSHL38D2NGMVRX7Q64IE1,0.055556,0.944444,point_previews/task000076_mu001024_rho100_n1.png
0.1,4096,8,license_plate_bahnschrift.ttf,BFUCAOZJ9Y5KPW0TSHL38D2NGMVRX7Q64IE1,3,15,0,0.085,5.059644,0.959381,1.907975,BFUCAOZJPYSKPWOTSHL38D2NGMYRX7O64IE,0.166667,0.833333,point_previews/task000077_mu004096_rho010_n0.png
0.1,4096,8,license_plate_bahnschrift.ttf,BFUCAOZJ9Y5KPW0TSHL38D2NGMVRX7Q64IE1,3,15,1,0.085,5.059644,0.959381,1.907975,BFUCAOZJPYSKPWOTSHL38D2NGMYRX7O64IE,0.166667,0.833333,point_previews/task000077_mu004096_rho010_n1.png
0.2,4096,8,license_plate_bahnschrift.ttf,BFUCAOZJ9Y5KPW0TSHL38D2NGMVRX7Q64IE1,3,15,0,0.17,7.155418,0.919759,1.349142,BFUCAOZJPYSKPWOTSHL38D2NGMYRX7Q64IE1,0.111111,0.888889,point_previews/task000077_mu004096_rho020_n0.png
0.2,4096,8,license_plate_bahnschrift.ttf,BFUCAOZJ9Y5KPW0TSHL38D2NGMVRX7Q64IE1,3,15,1,0.17,7.155418,0.919759,1.349142,BFUCAOZJPYSKPWOTSHL38D2NGMYRX7Q64IE,0.138889,0.861111,point_previews/task000077_mu004096_rho020_n1.png
0.3,4096,8,license_plate_bahnschrift.ttf,BFUCAOZJ9Y5KPW0TSHL38D2NGMVRX7Q64IE1,3,15,0,0.255,8.763561,0.881116,1.10157,BFUCAOZJ9YSKPWOTSHL38D2NGMYRX7Q64IE1,0.083333,0.916667,point_previews/task000077_mu004096_rho030_n0.png
0.3,4096,8,license_plate_bahnschrift.ttf,BFUCAOZJ9Y5KPW0TSHL38D2NGMVRX7Q64IE1,3,15,1,0.255,8.763561,0.881116,1.10157,BFUCAOZJ9YSKPWOTSHL38D2NGMYRX7Q64IE1,0.083333,0.916667,point_previews/task000077_mu004096_rho030_n1.png
0.4,4096,8,license_plate_bahnschrift.ttf,BFUCAOZJ9Y5KPW0TSHL38D2NGMVRX7Q64IE1,3,15,0,0.34,10.119289,0.843436,0.953987,BFUCAOZJ9YSKPWOTSHL38D2NGMYRX7Q64IE1,0.083333,0.916667,point_previews/task000077_mu004096_rho040_n0.png
0.4,4096,8,license_plate_bahnschrift.ttf,BFUCAOZJ9Y5KPW0TSHL38D2NGMVRX7Q64IE1,3,15,1,0.34,10.119289,0.843436,0.953987,BFUCAOZJ9YSKPWOTSHL38D2NGMYRX7Q64IE1,0.083333,0.916667,point_previews/task000077_mu004096_rho040_n1.png
0.5,4096,8,license_plate_bahnschrift.ttf,BFUCAOZJ9Y5KPW0TSHL38D2NGMVRX7Q64IE1,3,15,0,0.425,11.313708,0.8067,0.853272,BFUCAOZJ9YSKPWOTSHL38D2NGMYRX7Q64IE1,0.083333,0.916667,point_previews/task000077_mu004096_rho050_n0.png
0.5,4096,8,license_plate_bahnschrift.ttf,BFUCAOZJ9Y5KPW0TSHL38D2NGMVRX7Q64IE1,3,15,1,0.425,11.313708,0.8067,0.853272,BFUCAOZJ9YSKPWOTSHL38D2NGMYRX7Q64IE1,0.083333,0.916667,point_previews/task000077_mu004096_rho050_n1.png
0.6,4096,8,license_plate_bahnschrift.ttf,BFUCAOZJ9Y5KPW0TSHL38D2NGMVRX7Q64IE1,3,15,0,0.51,12.393547,0.770893,0.778927,BFUCAOZJ9YSKPWOTSHL38D2NGMYVRX7Q64IE1,0.083333,0.916667,point_previews/task000077_mu004096_rho060_n0.png
0.6,4096,8,license_plate_bahnschrift.ttf,BFUCAOZJ9Y5KPW0TSHL38D2NGMVRX7Q64IE1,3,15,1,0.51,12.393547,0.770893,0.778927,BFUCAOZJ9YSKPWOTSHL38D2NGMYVRX7Q64IE1,0.083333,0.916667,point_previews/task000077_mu004096_rho060_n1.png
0.7,4096,8,license_plate_bahnschrift.ttf,BFUCAOZJ9Y5KPW0TSHL38D2NGMVRX7Q64IE1,3,15,0,0.595,13.38656,0.735998,0.721147,BFUCAOZJ9YSKPWOTSHL38D2NGMYVRX7Q64IE1,0.083333,0.916667,point_previews/task000077_mu004096_rho070_n0.png
0.7,4096,8,license_plate_bahnschrift.ttf,BFUCAOZJ9Y5KPW0TSHL38D2NGMVRX7Q64IE1,3,15,1,0.595,13.38656,0.735998,0.721147,BFUCAOZJ9YSKPWOTSHL38D2NGMYVRX7Q64IE,0.111111,0.888889,point_previews/task000077_mu004096_rho070_n1.png
0.8,4096,8,license_plate_bahnschrift.ttf,BFUCAOZJ9Y5KPW0TSHL38D2NGMVRX7Q64IE1,3,15,0,0.68,14.310835,0.701998,0.674571,BFUCAOZJ9YSKPWOTSHL38D2NGMVRX7Q64IE1,0.055556,0.944444,point_previews/task000077_mu004096_rho080_n0.png
0.8,4096,8,license_plate_bahnschrift.ttf,BFUCAOZJ9Y5KPW0TSHL38D2NGMVRX7Q64IE1,3,15,1,0.68,14.310835,0.701998,0.674571,BFUCAOZJ9YSKPWOTSHL38D2NGMYVRX7Q64IE1,0.083333,0.916667,point_previews/task000077_mu004096_rho080_n1.png
0.9,4096,8,license_plate_bahnschrift.ttf,BFUCAOZJ9Y5KPW0TSHL38D2NGMVRX7Q64IE1,3,15,0,0.765,15.178933,0.668877,0.635992,BFUCAOZJ9YSKPWOTSHL38D2NGMVRX7Q64IE1,0.055556,0.944444,point_previews/task000077_mu004096_rho090_n0.png
0.9,4096,8,license_plate_bahnschrift.ttf,BFUCAOZJ9Y5KPW0TSHL38D2NGMVRX7Q64IE1,3,15,1,0.765,15.178933,0.668877,0.635992,BFUCAOZJ9YSKPWOTSHL38D2NGMVRX7Q64IE,0.083333,0.916667,point_previews/task000077_mu004096_rho090_n1.png
1.0,4096,8,license_plate_bahnschrift.ttf,BFUCAOZJ9Y5KPW0TSHL38D2NGMVRX7Q64IE1,3,15,0,0.85,16.0,0.63662,0.603355,BFUCAOZJ9YSKPWOTSHL38D2NGMVRX7Q64IE1,0.055556,0.944444,point_previews/task000077_mu004096_rho100_n0.png
1.0,4096,8,license_plate_bahnschrift.ttf,BFUCAOZJ9Y5KPW0TSHL38D2NGMVRX7Q64IE1,3,15,1,0.85,16.0,0.63662,0.603355,BFUCAOZJ9YSKPWOTSHL38D2NGMVRX7Q64IE,0.083333,0.916667,point_previews/task000077_mu004096_rho100_n1.png
0.1,16384,8,license_plate_bahnschrift.ttf,BFUCAOZJ9Y5KPW0TSHL38D2NGMVRX7Q64IE1,3,15,0,0.085,5.059644,0.959381,1.907975,BFUCAOZJPYSKPWOTSHL38D2NGMYRXA7O64IE,0.194444,0.805556,point_previews/task000078_mu016384_rho010_n0.png
0.1,16384,8,license_plate_bahnschrift.ttf,BFUCAOZJ9Y5KPW0TSHL38D2NGMVRX7Q64IE1,3,15,1,0.085,5.059644,0.959381,1.907975,BFUCAOZJPYSKPWOTSHL38D2NGMYRXA7O64IE,0.194444,0.805556,point_previews/task000078_mu016384_rho010_n1.png
0.2,16384,8,license_plate_bahnschrift.ttf,BFUCAOZJ9Y5KPW0TSHL38D2NGMVRX7Q64IE1,3,15,0,0.17,7.155418,0.919759,1.349142,BFUCAOZJ9YSKPWOTSHL38D2NGMYRX7Q64IE1,0.083333,0.916667,point_previews/task000078_mu016384_rho020_n0.png
0.2,16384,8,license_plate_bahnschrift.ttf,BFUCAOZJ9Y5KPW0TSHL38D2NGMVRX7Q64IE1,3,15,1,0.17,7.155418,0.919759,1.349142,BFUCAOZJ9YSKPWOTSHL38D2NGMYRX7Q64IE,0.111111,0.888889,point_previews/task000078_mu016384_rho020_n1.png
0.3,16384,8,license_plate_bahnschrift.ttf,BFUCAOZJ9Y5KPW0TSHL38D2NGMVRX7Q64IE1,3,15,0,0.255,8.763561,0.881116,1.10157,BFUCAOZJ9YSKPWOTSHL38D2NGMYRX7Q64IE1,0.083333,0.916667,point_previews/task000078_mu016384_rho030_n0.png
0.3,16384,8,license_plate_bahnschrift.ttf,BFUCAOZJ9Y5KPW0TSHL38D2NGMVRX7Q64IE1,3,15,1,0.255,8.763561,0.881116,1.10157,BFUCAOZJ9YSKPWOTSHL38D2NGMYRX7Q64IE1,0.083333,0.916667,point_previews/task000078_mu016384_rho030_n1.png
0.4,16384,8,license_plate_bahnschrift.ttf,BFUCAOZJ9Y5KPW0TSHL38D2NGMVRX7Q64IE1,3,15,0,0.34,10.119289,0.843436,0.953987,BFUCAOZJ9YSKPWOTSHL38D2NGMYRX7Q64IE1,0.083333,0.916667,point_previews/task000078_mu016384_rho040_n0.png
0.4,16384,8,license_plate_bahnschrift.ttf,BFUCAOZJ9Y5KPW0TSHL38D2NGMVRX7Q64IE1,3,15,1,0.34,10.119289,0.843436,0.953987,BFUCAOZJ9YSKPWOTSHL38D2NGMYRX7Q64IE1,0.083333,0.916667,point_previews/task000078_mu016384_rho040_n1.png
0.5,16384,8,license_plate_bahnschrift.ttf,BFUCAOZJ9Y5KPW0TSHL38D2NGMVRX7Q64IE1,3,15,0,0.425,11.313708,0.8067,0.853272,BFUCAOZJ9YSKPWOTSHL38D2NGMYRX7Q64IE1,0.083333,0.916667,point_previews/task000078_mu016384_rho050_n0.png
0.5,16384,8,license_plate_bahnschrift.ttf,BFUCAOZJ9Y5KPW0TSHL38D2NGMVRX7Q64IE1,3,15,1,0.425,11.313708,0.8067,0.853272,BFUCAOZJ9YSKPWOTSHL38D2NGMYVRX7Q64IE1,0.083333,0.916667,point_previews/task000078_mu016384_rho050_n1.png
0.6,16384,8,license_plate_bahnschrift.ttf,BFUCAOZJ9Y5KPW0TSHL38D2NGMVRX7Q64IE1,3,15,0,0.51,12.393547,0.770893,0.778927,BFUCAOZJ9YSKPWOTSHL38D2NGMYVRX7Q64IE1,0.083333,0.916667,point_previews/task000078_mu016384_rho060_n0.png
0.6,16384,8,license_plate_bahnschrift.ttf,BFUCAOZJ9Y5KPW0TSHL38D2NGMVRX7Q64IE1,3,15,1,0.51,12.393547,0.770893,0.778927,BFUCAOZJ9YSKPWOTSHL38D2NGMYVRX7Q64IE1,0.083333,0.916667,point_previews/task000078_mu016384_rho060_n1.png
0.7,16384,8,license_plate_bahnschrift.ttf,BFUCAOZJ9Y5KPW0TSHL38D2NGMVRX7Q64IE1,3,15,0,0.595,13.38656,0.735998,0.721147,BFUCAOZJ9YSKPWOTSHL38D2NGMVRX7Q64IE1,0.055556,0.944444,point_previews/task000078_mu016384_rho070_n0.png
0.7,16384,8,license_plate_bahnschrift.ttf,BFUCAOZJ9Y5KPW0TSHL38D2NGMVRX7Q64IE1,3,15,1,0.595,13.38656,0.735998,0.721147,BFUCAOZJ9YSKPWOTSHL38D2NGMYVRX7Q64IE1,0.083333,0.916667,point_previews/task000078_mu016384_rho070_n1.png
0.8,16384,8,license_plate_bahnschrift.ttf,BFUCAOZJ9Y5KPW0TSHL38D2NGMVRX7Q64IE1,3,15,0,0.68,14.310835,0.701998,0.674571,BFUCAOZJ9YSKPWOTSHL38D2NGMYVRX7Q64IE,0.111111,0.888889,point_previews/task000078_mu016384_rho080_n0.png
0.8,16384,8,license_plate_bahnschrift.ttf,BFUCAOZJ9Y5KPW0TSHL38D2NGMVRX7Q64IE1,3,15,1,0.68,14.310835,0.701998,0.674571,BFUCAOZJ9YSKPWOTSHL38D2NGMYVRX7Q64IE1,0.083333,0.916667,point_previews/task000078_mu016384_rho080_n1.png
0.9,16384,8,license_plate_bahnschrift.ttf,BFUCAOZJ9Y5KPW0TSHL38D2NGMVRX7Q64IE1,3,15,0,0.765,15.178933,0.668877,0.635992,BFUCAOZJ9YSKPWOTSHL38D2NGMVRX7Q64IE1,0.055556,0.944444,point_previews/task000078_mu016384_rho090_n0.png
0.9,16384,8,license_plate_bahnschrift.ttf,BFUCAOZJ9Y5KPW0TSHL38D2NGMVRX7Q64IE1,3,15,1,0.765,15.178933,0.668877,0.635992,BFUCAOZJ9YSKPWOTSHL38D2NGMVRX7Q64IE1,0.055556,0.944444,point_previews/task000078_mu016384_rho090_n1.png
1.0,16384,8,license_plate_bahnschrift.ttf,BFUCAOZJ9Y5KPW0TSHL38D2NGMVRX7Q64IE1,3,15,0,0.85,16.0,0.63662,0.603355,BFUCAOZJ9YSKPWOTSHL38D2NGMVRX7Q64IE,0.083333,0.916667,point_previews/task000078_mu016384_rho100_n0.png
1.0,16384,8,license_plate_bahnschrift.ttf,BFUCAOZJ9Y5KPW0TSHL38D2NGMVRX7Q64IE1,3,15,1,0.85,16.0,0.63662,0.603355,BFUCAOZJ9YSKPWOTSHL38D2NGMVRX7Q64IE,0.083333,0.916667,point_previews/task000078_mu016384_rho100_n1.png
0.1,65536,8,license_plate_bahnschrift.ttf,BFUCAOZJ9Y5KPW0TSHL38D2NGMVRX7Q64IE1,3,15,0,0.085,5.059644,0.959381,1.907975,BFUCAOZJPYSKPWOTSHL38D2NGMYRXA7O64IE,0.194444,0.805556,point_previews/task000079_mu065536_rho010_n0.png
0.1,65536,8,license_plate_bahnschrift.ttf,BFUCAOZJ9Y5KPW0TSHL38D2NGMVRX7Q64IE1,3,15,1,0.085,5.059644,0.959381,1.907975,BFUCAOZJPYSKPWOTSHL38D2NGMYRXA7O64IE,0.194444,0.805556,point_previews/task000079_mu065536_rho010_n1.png
0.2,65536,8,license_plate_bahnschrift.ttf,BFUCAOZJ9Y5KPW0TSHL38D2NGMVRX7Q64IE1,3,15,0,0.17,7.155418,0.919759,1.349142,BFUCAOZJ9YSKPWOTSHL38D2NGMYRX7Q64IE,0.111111,0.888889,point_previews/task000079_mu065536_rho020_n0.png
0.2,65536,8,license_plate_bahnschrift.ttf,BFUCAOZJ9Y5KPW0TSHL38D2NGMVRX7Q64IE1,3,15,1,0.17,7.155418,0.919759,1.349142,BFUCAOZJ9YSKPWOTSHL38D2NGMYRX7Q64IE1,0.083333,0.916667,point_previews/task000079_mu065536_rho020_n1.png
0.3,65536,8,license_plate_bahnschrift.ttf,BFUCAOZJ9Y5KPW0TSHL38D2NGMVRX7Q64IE1,3,15,0,0.255,8.763561,0.881116,1.10157,BFUCAOZJ9YSKPWOTSHL38D2NGMYRX7Q64IE1,0.083333,0.916667,point_previews/task000079_mu065536_rho030_n0.png
0.3,65536,8,license_plate_bahnschrift.ttf,BFUCAOZJ9Y5KPW0TSHL38D2NGMVRX7Q64IE1,3,15,1,0.255,8.763561,0.881116,1.10157,BFUCAOZJ9YSKPWOTSHL38D2NGMYRX7Q64IE1,0.083333,0.916667,point_previews/task000079_mu065536_rho030_n1.png
0.4,65536,8,license_plate_bahnschrift.ttf,BFUCAOZJ9Y5KPW0TSHL38D2NGMVRX7Q64IE1,3,15,0,0.34,10.119289,0.843436,0.953987,BFUCAOZJ9YSKPWOTSHL38D2NGMYRX7Q64IE1,0.083333,0.916667,point_previews/task000079_mu065536_rho040_n0.png
0.4,65536,8,license_plate_bahnschrift.ttf,BFUCAOZJ9Y5KPW0TSHL38D2NGMVRX7Q64IE1,3,15,1,0.34,10.119289,0.843436,0.953987,BFUCAOZJ9YSKPWOTSHL38D2NGMYRX7Q64IE1,0.083333,0.916667,point_previews/task000079_mu065536_rho040_n1.png
0.5,65536,8,license_plate_bahnschrift.ttf,BFUCAOZJ9Y5KPW0TSHL38D2NGMVRX7Q64IE1,3,15,0,0.425,11.313708,0.8067,0.853272,BFUCAOZJ9YSKPWOTSHL38D2NGMYVRX7Q64IE1,0.083333,0.916667,point_previews/task000079_mu065536_rho050_n0.png
0.5,65536,8,license_plate_bahnschrift.ttf,BFUCAOZJ9Y5KPW0TSHL38D2NGMVRX7Q64IE1,3,15,1,0.425,11.313708,0.8067,0.853272,BFUCAOZJ9YSKPWOTSHL38D2NGMYVRX7Q64IE1,0.083333,0.916667,point_previews/task000079_mu065536_rho050_n1.png
0.6,65536,8,license_plate_bahnschrift.ttf,BFUCAOZJ9Y5KPW0TSHL38D2NGMVRX7Q64IE1,3,15,0,0.51,12.393547,0.770893,0.778927,BFUCAOZJ9YSKPWOTSHL38D2NGMYVRX7Q64IE1,0.083333,0.916667,point_previews/task000079_mu065536_rho060_n0.png
0.6,65536,8,license_plate_bahnschrift.ttf,BFUCAOZJ9Y5KPW0TSHL38D2NGMVRX7Q64IE1,3,15,1,0.51,12.393547,0.770893,0.778927,BFUCAOZJ9YSKPWOTSHL38D2NGMYVRX7Q64IE1,0.083333,0.916667,point_previews/task000079_mu065536_rho060_n1.png
0.7,65536,8,license_plate_bahnschrift.ttf,BFUCAOZJ9Y5KPW0TSHL38D2NGMVRX7Q64IE1,3,15,0,0.595,13.38656,0.735998,0.721147,BFUCAOZJ9YSKPWOTSHL38D2NGMVRX7Q64IE1,0.055556,0.944444,point_previews/task000079_mu065536_rho070_n0.png
0.7,65536,8,license_plate_bahnschrift.ttf,BFUCAOZJ9Y5KPW0TSHL38D2NGMVRX7Q64IE1,3,15,1,0.595,13.38656,0.735998,0.721147,BFUCAOZJ9YSKPWOTSHL38D2NGMYVRX7Q64IE1,0.083333,0.916667,point_previews/task000079_mu065536_rho070_n1.png
0.8,65536,8,license_plate_bahnschrift.ttf,BFUCAOZJ9Y5KPW0TSHL38D2NGMVRX7Q64IE1,3,15,0,0.68,14.310835,0.701998,0.674571,BFUCAOZJ9YSKPWOTSHL38D2NGMVRX7Q64IE1,0.055556,0.944444,point_previews/task000079_mu065536_rho080_n0.png
0.8,65536,8,license_plate_bahnschrift.ttf,BFUCAOZJ9Y5KPW0TSHL38D2NGMVRX7Q64IE1,3,15,1,0.68,14.310835,0.701998,0.674571,BFUCAOZJ9YSKPWOTSHL38D2NGMVRX7Q64IE1,0.055556,0.944444,point_previews/task000079_mu065536_rho080_n1.png
0.9,65536,8,license_plate_bahnschrift.ttf,BFUCAOZJ9Y5KPW0TSHL38D2NGMVRX7Q64IE1,3,15,0,0.765,15.178933,0.668877,0.635992,BFUCAOZJ9YSKPWOTSHL38D2NGMVRX7Q64IE1,0.055556,0.944444,point_previews/task000079_mu065536_rho090_n0.png
0.9,65536,8,license_plate_bahnschrift.ttf,BFUCAOZJ9Y5KPW0TSHL38D2NGMVRX7Q64IE1,3,15,1,0.765,15.178933,0.668877,0.635992,BFUCAOZJ9YSKPWOTSHL38D2NGMVRX7Q64IE1,0.055556,0.944444,point_previews/task000079_mu065536_rho090_n1.png
1.0,65536,8,license_plate_bahnschrift.ttf,BFUCAOZJ9Y5KPW0TSHL38D2NGMVRX7Q64IE1,3,15,0,0.85,16.0,0.63662,0.603355,BFUCAOZJ9YSKPWOTSHL38D2NGMVRX7Q64IE,0.083333,0.916667,point_previews/task000079_mu065536_rho100_n0.png
1.0,65536,8,license_plate_bahnschrift.ttf,BFUCAOZJ9Y5KPW0TSHL38D2NGMVRX7Q64IE1,3,15,1,0.85,16.0,0.63662,0.603355,BFUCAOZJ9YSKPWOTSHL38D2NGMVRX7Q64IE,0.083333,0.916667,point_previews/task000079_mu065536_rho100_n1.png
0.1,4,8,license_plate_bahnschrift.ttf,BFUCAOZJ9Y5KPW0TSHL38D2NGMVRX7Q64IE1,7,0,0,0.085,5.059644,0.959381,1.907975,ANELRRTCTEERRUENRTREG,0.861111,0.138889,point_previews/task000080_mu000004_rho010_n0.png
0.1,4,8,license_plate_bahnschrift.ttf,BFUCAOZJ9Y5KPW0TSHL38D2NGMVRX7Q64IE1,7,0,1,0.085,5.059644,0.959381,1.907975,WERRRONERS,0.916667,0.083333,point_previews/task000080_mu000004_rho010_n1.png
0.2,4,8,license_plate_bahnschrift.ttf,BFUCAOZJ9Y5KPW0TSHL38D2NGMVRX7Q64IE1,7,0,0,0.17,7.155418,0.919759,1.349142,SUWSAMGISEEERERAERETMEPRACAN,0.944444,0.055556,point_previews/task000080_mu000004_rho020_n0.png
0.2,4,8,license_plate_bahnschrift.ttf,BFUCAOZJ9Y5KPW0TSHL38D2NGMVRX7Q64IE1,7,0,1,0.17,7.155418,0.919759,1.349142,5CRTANISPCSRTFANNASAT,0.888889,0.111111,point_previews/task000080_mu000004_rho020_n1.png
0.3,4,8,license_plate_bahnschrift.ttf,BFUCAOZJ9Y5KPW0TSHL38D2NGMVRX7Q64IE1,7,0,0,0.255,8.763561,0.881116,1.10157,AURSAREMSHREADDAT,0.888889,0.111111,point_previews/task000080_mu000004_rho030_n0.png
0.3,4,8,license_plate_bahnschrift.ttf,BFUCAOZJ9Y5KPW0TSHL38D2NGMVRX7Q64IE1,7,0,1,0.255,8.763561,0.881116,1.10157,UIONSCRMSDTURPOFTAS,0.861111,0.138889,point_previews/task000080_mu000004_rho030_n1.png
0.4,4,8,license_plate_bahnschrift.ttf,BFUCAOZJ9Y5KPW0TSHL38D2NGMVRX7Q64IE1,7,0,0,0.34,10.119289,0.843436,0.953987,SORCIANCPEENSRCERPENGBUCATMRTREENGAS,0.916667,0.083333,point_previews/task000080_mu000004_rho040_n0.png
0.4,4,8,license_plate_bahnschrift.ttf,BFUCAOZJ9Y5KPW0TSHL38D2NGMVRX7Q64IE1,7,0,1,0.34,10.119289,0.843436,0.953987,BRKTUMNCESPRCTEN,0.861111,0.138889,point_previews/task000080_mu000004_rho040_n1.png
0.5,4,8,license_plate_bahnschrift.ttf,BFUCAOZJ9Y5KPW0TSHL38D2NGMVRX7Q64IE1,7,0,0,0.425,11.313708,0.8067,0.853272,SEEREEIVSLETSEDHGEP,0.861111,0.138889,point_previews/task000080_mu000004_rho050_n0.png
0.5,4,8,license_plate_bahnschrift.ttf,BFUCAOZJ9Y5KPW0TSHL38D2NGMVRX7Q64IE1,7,0,1,0.425,11.313708,0.8067,0.853272,SNASASSORCCOHESOTYERAHES,0.888889,0.111111,point_previews/task000080_mu000004_rho050_n1.png
0.6,4,8,license_plate_bahnschrift.ttf,BFUCAOZJ9Y5KPW0TSHL38D2NGMVRX7Q64IE1,7,0,0,0.51,12.393547,0.770893,0.778927,PAWANUTRTIOATIORPPTURSTE,0.888889,0.111111,point_previews/task000080_mu000004_rho060_n0.png
0.6,4,8,license_plate_bahnschrift.ttf,BFUCAOZJ9Y5KPW0TSHL38D2NGMVRX7Q64IE1,7,0,1,0.51,12.393547,0.770893,0.778927,ABPRLYGIREATSGTPEHSH,0.861111,0.138889,point_previews/task000080_mu000004_rho060_n1.png
0.7,4,8,license_plate_bahnschrift.ttf,BFUCAOZJ9Y5KPW0TSHL38D2NGMVRX7Q64IE1,7,0,0,0.595,13.38656,0.735998,0.721147,BRDWNRLMTRGT,0.861111,0.138889,point_previews/task000080_mu000004_rho070_n0.png
0.7,4,8,license_plate_bahnschrift.ttf,BFUCAOZJ9Y5KPW0TSHL38D2NGMVRX7Q64IE1,7,0,1,0.595,13.38656,0.735998,0.721147,RRAEACERSUVTLAPIDAPNLSRNDMNOASIE,0.861111,0.138889,point_previews/task000080_mu000004_rho070_n1.png
0.8,4,8,license_plate_bahnschrift.ttf,BFUCAOZJ9Y5KPW0TSHL38D2NGMVRX7Q64IE1,7,0,0,0.68,14.310835,0.701998,0.674571,AUOSCAPNBSNURARTILDITSTE,0.861111,0.138889,point_previews/task000080_mu000004_rho080_n0.png
0.8,4,8,license_plate_bahnschrift.ttf,BFUCAOZJ9Y5KPW0TSHL38D2NGMVRX7Q64IE1,7,0,1,0.68,14.310835,0.701998,0.674571,EPEEALAARBOTSOREEECTSS,0.888889,0.111111,point_previews/task000080_mu000004_rho080_n1.png
0.9,4,8,license_plate_bahnschrift.ttf,BFUCAOZJ9Y5KPW0TSHL38D2NGMVRX7Q64IE1,7,0,0,0.765,15.178933,0.668877,0.635992,EREUAUSVEMBRDTR,0.888889,0.111111,point_previews/task000080_mu000004_rho090_n0.png
0.9,4,8,license_plate_bahnschrift.ttf,BFUCAOZJ9Y5KPW0TSHL38D2NGMVRX7Q64IE1,7,0,1,0.765,15.178933,0.668877,0.635992,SRSESWSROTYSS,0.916667,0.083333,point_previews/task000080_mu000004_rho090_n1.png
1.0,4,8,license_plate_bahnschrift.ttf,BFUCAOZJ9Y5KPW0TSHL38D2NGMVRX7Q64IE1,7,0,0,0.85,16.0,0.63662,0.603355,POOLRUSPRESSERGSTNSIORSIRE,0.833333,0.166667,point_previews/task000080_mu000004_rho100_n0.png
1.0,4,8,license_plate_bahnschrift.ttf,BFUCAOZJ9Y5KPW0TSHL38D2NGMVRX7Q64IE1,7,0,1,0.85,16.0,0.63662,0.603355,,1.0,0.0,point_previews/task000080_mu000004_rho100_n1.png
0.1,16,8,license_plate_bahnschrift.ttf,BFUCAOZJ9Y5KPW0TSHL38D2NGMVRX7Q64IE1,7,0,0,0.085,5.059644,0.959381,1.907975,,1.0,0.0,point_previews/task000081_mu000016_rho010_n0.png
0.1,16,8,license_plate_bahnschrift.ttf,BFUCAOZJ9Y5KPW0TSHL38D2NGMVRX7Q64IE1,7,0,1,0.085,5.059644,0.959381,1.907975,RSPIEMDRMTTESSBIT,0.888889,0.111111,point_previews/task000081_mu000016_rho010_n1.png
0.2,16,8,license_plate_bahnschrift.ttf,BFUCAOZJ9Y5KPW0TSHL38D2NGMVRX7Q64IE1,7,0,0,0.17,7.155418,0.919759,1.349142,ESCATNSPSUTEEERSANGMYAA5,0.805556,0.194444,point_previews/task000081_mu000016_rho020_n0.png
0.2,16,8,license_plate_bahnschrift.ttf,BFUCAOZJ9Y5KPW0TSHL38D2NGMVRX7Q64IE1,7,0,1,0.17,7.155418,0.919759,1.349142,SPRGRCSCPUEEMOHSHEIBPSARRTDGO,0.916667,0.083333,point_previews/task000081_mu000016_rho020_n1.png
0.3,16,8,license_plate_bahnschrift.ttf,BFUCAOZJ9Y5KPW0TSHL38D2NGMVRX7Q64IE1,7,0,0,0.255,8.763561,0.881116,1.10157,RELNCAGZIOYSEPWERSMLISUCNGMYLXFOGAES,0.666667,0.333333,point_previews/task000081_mu000016_rho030_n0.png
0.3,16,8,license_plate_bahnschrift.ttf,BFUCAOZJ9Y5KPW0TSHL38D2NGMVRX7Q64IE1,7,0,1,0.255,8.763561,0.881116,1.10157,,1.0,0.0,point_previews/task000081_mu000016_rho030_n1.png
0.4,16,8,license_plate_bahnschrift.ttf,BFUCAOZJ9Y5KPW0TSHL38D2NGMVRX7Q64IE1,7,0,0,0.34,10.119289,0.843436,0.953987,SRESEABZISRRUGTSHESEOANOMVRIORAIEE,0.722222,0.277778,point_previews/task000081_mu000016_rho040_n0.png
0.4,16,8,license_plate_bahnschrift.ttf,BFUCAOZJ9Y5KPW0TSHL38D2NGMVRX7Q64IE1,7,0,1,0.34,10.119289,0.843436,0.953987,IBRUGADZIVVSKPMLOTSHZADAEMVRKFOOAIEC,0.638889,0.361111,point_previews/task000081_mu000016_rho040_n1.png
0.5,16,8,license_plate_bahnschrift.ttf,BFUCAOZJ9Y5KPW0TSHL38D2NGMVRX7Q64IE1,7,0,0,0.425,11.313708,0.8067,0.853272,REUGARZIOTSRKRWATSHEISDINGMYRXTOGGIET,0.583333,0.416667,point_previews/task000081_mu000016_rho050_n0.png
0.5,16,8,license_plate_bahnschrift.ttf,BFUCAOZJ9Y5KPW0TSHL38D2NGMVRX7Q64IE1,7,0,1,0.425,11.313708,0.8067,0.853272,SEUCAGLISNSRPWETSRLIBDZNGMVARTRSAIEL,0.583333,0.416667,point_previews/task000081_mu000016_rho050_n1.png
0.6,16,8,license_plate_bahnschrift.ttf,BFUCAOZJ9Y5KPW0TSHL38D2NGMVRX7Q64IE1,7,0,0,0.51,12.393547,0.770893,0.778927,BEUCAATIOVGKPWOTERLISEINGMVEXTOASIEE,0.555556,0.444444,point_previews/task000081_mu000016_rho060_n0.png
0.6,16,8,license_plate_bahnschrift.ttf,BFUCAOZJ9Y5KPW0TSHL38D2NGMVRX7Q64IE1,7,0,1,0.51,12.393547,0.770893,0.778927,BRECAOZIFYOKPYCISHIASG2NEMYRETOSAIEL,0.555556,0.444444,point_previews/task000081_mu000016_rho060_n1.png
0.7,16,8,license_plate_bahnschrift.ttf,BFUCAOZJ9Y5KPW0TSHL38D2NGMVRX7Q64IE1,7,0,0,0.595,13.38656,0.735998,0.721147,,1.0,0.0,point_previews/task000081_mu000016_rho070_n0.png
0.7,16,8,license_plate_bahnschrift.ttf,BFUCAOZJ9Y5KPW0TSHL38D2NGMVRX7Q64IE1,7,0,1,0.595,13.38656,0.735998,0.721147,BEVCAGZISYSKPNOTSHETADZNOMVRATOBAIET,0.527778,0.472222,point_previews/task000081_mu000016_rho070_n1.png
0.8,16,8,license_plate_bahnschrift.ttf,BFUCAOZJ9Y5KPW0TSHL38D2NGMVRX7Q64IE1,7,0,0,0.68,14.310835,0.701998,0.674571,,1.0,0.0,point_previews/task000081_mu000016_rho080_n0.png
0.8,16,8,license_plate_bahnschrift.ttf,BFUCAOZJ9Y5KPW0TSHL38D2NGMVRX7Q64IE1,7,0,1,0.68,14.310835,0.701998,0.674571,,1.0,0.0,point_previews/task000081_mu000016_rho080_n1.png
0.9,16,8,license_plate_bahnschrift.ttf,BFUCAOZJ9Y5KPW0TSHL38D2NGMVRX7Q64IE1,7,0,0,0.765,15.178933,0.668877,0.635992,BFUCAOZISYSKPWOTSHEABO2NGMVRXTOROIET,0.361111,0.638889,point_previews/task000081_mu000016_rho090_n0.png
0.9,16,8,license_plate_bahnschrift.ttf,BFUCAOZJ9Y5KPW0TSHL38D2NGMVRX7Q64IE1,7,0,1,0.765,15.178933,0.668877,0.635992,,1.0,0.0,point_previews/task000081_mu000016_rho090_n1.png
1.0,16,8,license_plate_bahnschrift.ttf,BFUCAOZJ9Y5KPW0TSHL38D2NGMVRX7Q64IE1,7,0,0,0.85,16.0,0.63662,0.603355,SFUCADZIOYSKPWOTSHLSED2NGMVRXIO6MIEL,0.333333,0.666667,point_previews/task000081_mu000016_rho100_n0.png
1.0,16,8,license_plate_bahnschrift.ttf,BFUCAOZJ9Y5KPW0TSHL38D2NGMVRX7Q64IE1,7,0,1,0.85,16.0,0.63662,0.603355,BELCAGZJ9YSKPWOTSHLGBB2NGMYRXTOSAIEL,0.388889,0.611111,point_previews/task000081_mu000016_rho100_n1.png
0.1,64,8,license_plate_bahnschrift.ttf,BFUCAOZJ9Y5KPW0TSHL38D2NGMVRX7Q64IE1,7,0,0,0.085,5.059644,0.959381,1.907975,BEUCROZISEKRWETSNE34D2NOMVRKIOGHIBI,0.527778,0.472222,point_previews/task000082_mu000064_rho010_n0.png
0.1,64,8,license_plate_bahnschrift.ttf,BFUCAOZJ9Y5KPW0TSHL38D2NGMVRX7Q64IE1,7,0,1,0.085,5.059644,0.959381,1.907975,REUGCAGZIOYSKPWOTEHEFBDANGMUREF0GHIEL,0.555556,0.444444,point_previews/task000082_mu000064_rho010_n1.png
0.2,64,8,license_plate_bahnschrift.ttf,BFUCAOZJ9Y5KPW0TSHL38D2NGMVRX7Q64IE1,7,0,0,0.17,7.155418,0.919759,1.349142,,1.0,0.0,point_previews/task000082_mu000064_rho020_n0.png
0.2,64,8,license_plate_bahnschrift.ttf,BFUCAOZJ9Y5KPW0TSHL38D2NGMVRX7Q64IE1,7,0,1,0.17,7.155418,0.919759,1.349142,,1.0,0.0,point_previews/task000082_mu000064_rho020_n1.png
0.3,64,8,license_plate_bahnschrift.ttf,BFUCAOZJ9Y5KPW0TSHL38D2NGMVRX7Q64IE1,7,0,0,0.255,8.763561,0.881116,1.10157,,1.0,0.0,point_previews/task000082_mu000064_rho030_n0.png
0.3,64,8,license_plate_bahnschrift.ttf,BFUCAOZJ9Y5KPW0TSHL38D2NGMVRX7Q64IE1,7,0,1,0.255,8.763561,0.881116,1.10157,BRUGAOZJ9YSKPWOTSHL38D2NGMVRXTQSAIET,0.222222,0.777778,point_previews/task000082_mu000064_rho030_n1.png
0.4,64,8,license_plate_bahnschrift.ttf,BFUCAOZJ9Y5KPW0TSHL38D2NGMVRX7Q64IE1,7,0,0,0.34,10.119289,0.843436,0.953987,BFUCAOZJ9YSKPWOTSHL38D2NGMVRX7Q64IE1,0.055556,0.944444,point_previews/task000082_mu000064_rho040_n0.png
0.4,64,8,license_plate_bahnschrift.ttf,BFUCAOZJ9Y5KPW0TSHL38D2NGMVRX7Q64IE1,7,0,1,0.34,10.119289,0.843436,0.953987,BFUCAOZJ9YSKPWOTSHL38D2NGMYVRX70641E1,0.138889,0.861111,point_previews/task000082_mu000064_rho040_n1.png
0.5,64,8,license_plate_bahnschrift.ttf,BFUCAOZJ9Y5KPW0TSHL38D2NGMVRX7Q64IE1,7,0,0,0.425,11.313708,0.8067,0.853272,BFUCAOZJ9YSKPWOTSHL38D2NGMVRXTOS4IED,0.166667,0.833333,point_previews/task000082_mu000064_rho050_n0.png
0.5,64,8,license_plate_bahnschrift.ttf,BFUCAOZJ9Y5KPW0TSHL38D2NGMVRX7Q64IE1,7,0,1,0.425,11.313708,0.8067,0.853272,BFUCA0ZJ9YSKPWOTSHL38D2NGMVRX7G6AIEI,0.166667,0.833333,point_previews/task000082_mu000064_rho050_n1.png
0.6,64,8,license_plate_bahnschrift.ttf,BFUCAOZJ9Y5KPW0TSHL38D2NGMVRX7Q64IE1,7,0,0,0.51,12.393547,0.770893,0.778927,BFUCAOZJOYSKPWOTSHL38D2NGMVRX7G64IEI,0.138889,0.861111,point_previews/task000082_mu000064_rho060_n0.png
0.6,64,8,license_plate_bahnschrift.ttf,BFUCAOZJ9Y5KPW0TSHL38D2NGMVRX7Q64IE1,7,0,1,0.51,12.393547,0.770893,0.778927,BFUCAOZJ9YSKPWOTSHL38D2NGMVRX7Q64IE1,0.055556,0.944444,point_previews/task000082_mu000064_rho060_n1.png
0.7,64,8,license_plate_bahnschrift.ttf,BFUCAOZJ9Y5KPW0TSHL38D2NGMVRX7Q64IE1,7,0,0,0.595,13.38656,0.735998,0.721147,BFUCAOZJ9YSKPWOTSHL38D2NGMVRX7Q64IET,0.083333,0.916667,point_previews/task000082_mu000064_rho070_n0.png
0.7,64,8,license_plate_bahnschrift.ttf,BFUCAOZJ9Y5KPW0TSHL38D2NGMVRX7Q64IE1,7,0,1,0.595,13.38656,0.735998,0.721147,BFUCAOZJ9YSKPWOTSHL38D2NGMVRX7TQS4IE,0.138889,0.861111,point_previews/task000082_mu000064_rho070_n1.png
0.8,64,8,license_plate_bahnschrift.ttf,BFUCAOZJ9Y5KPW0TSHL38D2NGMVRX7Q64IE1,7,0,0,0.68,14.310835,0.701998,0.674571,BFUCAOZJ9YSKPWOTSHL38D2NGMVRX7064IE1,0.083333,0.916667,point_previews/task000082_mu000064_rho080_n0.png
0.8,64,8,license_plate_bahnschrift.ttf,BFUCAOZJ9Y5KPW0TSHL38D2NGMVRX7Q64IE1,7,0,1,0.68,14.310835,0.701998,0.674571,BFUCAOZJ9YSKPWOTSHL38D2NGMYRX7Q64IE,0.111111,0.888889,point_previews/task000082_mu000064_rho080_n1.png
0.9,64,8,license_plate_bahnschrift.ttf,BFUCAOZJ9Y5KPW0TSHL38D2NGMVRX7Q64IE1,7,0,0,0.765,15.178933,0.668877,0.635992,BFUCAOZJ9YSKPWOTSHL38D2NGMVRX7Q64IE,0.083333,0.916667,point_previews/task000082_mu000064_rho090_n0.png
0.9,64,8,license_plate_bahnschrift.ttf,BFUCAOZJ9Y5KPW0TSHL38D2NGMVRX7Q64IE1,7,0,1,0.765,15.178933,0.668877,0.635992,BFUCAOZJ9YSKPWOTSHL38DZ2NGMVRX7Q641E1,0.111111,0.888889,point_previews/task000082_mu000064_rho090_n1.png
1.0,64,8,license_plate_bahnschrift.ttf,BFUCAOZJ9Y5KPW0TSHL38D2NGMVRX7Q64IE1,7,0,0,0.85,16.0,0.63662,0.603355,BFUCAOZJ9YSKPWOTSHL38D2NGMVRX7Q64IE1,0.055556,0.944444,point_previews/task000082_mu000064_rho100_n0.png
1.0,64,8,license_plate_bahnschrift.ttf,BFUCAOZJ9Y5KPW0TSHL38D2NGMVRX7Q64IE1,7,0,1,0.85,16.0,0.63662,0.603355,BFUCAOZJ9YSKPWOTSHL3802NGMVRX7Q641E1,0.111111,0.888889,point_previews/task000082_mu000064_rho100_n1.png
0.1,256,8,license_plate_bahnschrift.ttf,BFUCAOZJ9Y5KPW0TSHL38D2NGMVRX7Q64IE1,7,0,0,0.085,5.059644,0.959381,1.907975,BFUCAOZJ9YSKPWOTSHLISD2NGMYRXTO6AIET,0.25,0.75,point_previews/task000083_mu000256_rho010_n0.png
0.1,256,8,license_plate_bahnschrift.ttf,BFUCAOZJ9Y5KPW0TSHL38D2NGMVRX7Q64IE1,7,0,1,0.085,5.059644,0.959381,1.907975,BEUCAOZJ9YSKPWOTSHLISDZNGMVRXTGS6AIEL,0.305556,0.694444,point_previews/task000083_mu000256_rho010_n1.png
0.2,256,8,license_plate_bahnschrift.ttf,BFUCAOZJ9Y5KPW0TSHL38D2NGMVRX7Q64IE1,7,0,0,0.17,7.155418,0.919759,1.349142,BFUCAOZIPYSKPWOTSHLIGD2NGMYRX7G641E1,0.25,0.75,point_previews/task000083_mu000256_rho020_n0.png
0.2,256,8,license_plate_bahnschrift.ttf,BFUCAOZJ9Y5KPW0TSHL38D2NGMVRX7Q64IE1,7,0,1,0.17,7.155418,0.919759,1.349142,BFUCAOZJ9YSKPWOTSHL38D2NGMVRX7QS4IE1,0.083333,0.916667,point_previews/task000083_mu000256_rho020_n1.png
0.3,256,8,license_plate_bahnschrift.ttf,BFUCAOZJ9Y5KPW0TSHL38D2NGMVRX7Q64IE1,7,0,0,0.255,8.763561,0.881116,1.10157,BFUCAOZJPYSKPWOTSHLI8DZNGMVRX7Q641E1,0.166667,0.833333,point_previews/task000083_mu000256_rho030_n0.png
0.3,256,8,license_plate_bahnschrift.ttf,BFUCAOZJ9Y5KPW0TSHL38D2NGMVRX7Q64IE1,7,0,1,0.255,8.763561,0.881116,1.10157,BFUCAQZJI9YSKPWOTSHL3ED2ZNGMYVRXTGS64IEI,0.305556,0.694444,point_previews/task000083_mu000256_rho030_n1.png
0.4,256,8,license_plate_bahnschrift.ttf,BFUCAOZJ9Y5KPW0TSHL38D2NGMVRX7Q64IE1,7,0,0,0.34,10.119289,0.843436,0.953987,BFUCAOZJ9YSKPWOTSHL38D2NGMVRX70641E1,0.111111,0.888889,point_previews/task000083_mu000256_rho040_n0.png
0.4,256,8,license_plate_bahnschrift.ttf,BFUCAOZJ9Y5KPW0TSHL38D2NGMVRX7Q64IE1,7,0,1,0.34,10.119289,0.843436,0.953987,BFUCAOZJ9YSKPWOTSHL38D2NGMVRX7Q64IEI,0.083333,0.916667,point_previews/task000083_mu000256_rho040_n1.png
0.5,256,8,license_plate_bahnschrift.ttf,BFUCAOZJ9Y5KPW0TSHL38D2NGMVRX7Q64IE1,7,0,0,0.425,11.313708,0.8067,0.853272,BFUCAOZJI9YSKPWOTSHL38D2NGMYVRXATQ64IEI,0.194444,0.805556,point_previews/task000083_mu000256_rho050_n0.png
0.5,256,8,license_plate_bahnschrift.ttf,BFUCAOZJ9Y5KPW0TSHL38D2NGMVRX7Q64IE1,7,0,1,0.425,11.313708,0.8067,0.853272,BFUCAOZJ9YSKPWOTSHLI8D2NGMYVRX7Q64IEI,0.138889,0.861111,point_previews/task000083_mu000256_rho050_n1.png
0.6,256,8,license_plate_bahnschrift.ttf,BFUCAOZJ9Y5KPW0TSHL38D2NGMVRX7Q64IE1,7,0,0,0.51,12.393547,0.770893,0.778927,BFUCAOZJI9YSKPWOTSHL38D2NGMVRX7Q64IEI,0.111111,0.888889,point_previews/task000083_mu000256_rho060_n0.png
0.6,256,8,license_plate_bahnschrift.ttf,BFUCAOZJ9Y5KPW0TSHL38D2NGMVRX7Q64IE1,7,0,1,0.51,12.393547,0.770893,0.778927,BFUCAOZJ9YSKPWOTSHLI8D2NGMYVRX7Q64IEI,0.138889,0.861111,point_previews/task000083_mu000256_rho060_n1.png
0.7,256,8,license_plate_bahnschrift.ttf,BFUCAOZJ9Y5KPW0TSHL38D2NGMVRX7Q64IE1,7,0,0,0.595,13.38656,0.735998,0.721147,BFUCAOZJI9YSKPWOTSHL38D2NGMYVRX7Q64IE1,0.111111,0.888889,point_previews/task000083_mu000256_rho070_n0.png
0.7,256,8,license_plate_bahnschrift.ttf,BFUCAOZJ9Y5KPW0TSHL38D2NGMVRX7Q64IE1,7,0,1,0.595,13.38656,0.735998,0.721147,BFUCAOZJI9YSKPWOTSHL38D2NGMVRX7Q64IE1,0.083333,0.916667,point_previews/task000083_mu000256_rho070_n1.png
0.8,256,8,license_plate_bahnschrift.ttf,BFUCAOZJ9Y5KPW0TSHL38D2NGMVRX7Q64IE1,7,0,0,0.68,14.310835,0.701998,0.674571,BFUCAOZJ9YSKPWOTSHL38D2NGMVRX7Q64IEI,0.083333,0.916667,point_previews/task000083_mu000256_rho080_n0.png
0.8,256,8,license_plate_bahnschrift.ttf,BFUCAOZJ9Y5KPW0TSHL38D2NGMVRX7Q64IE1,7,0,1,0.68,14.310835,0.701998,0.674571,BFUCAOZJI9YSKPWOTSHL38D2NGMVRX7G64IE1,0.111111,0.888889,point_previews/task000083_mu000256_rho080_n1.png
0.9,256,8,license_plate_bahnschrift.ttf,BFUCAOZJ9Y5KPW0TSHL38D2NGMVRX7Q64IE1,7,0,0,0.765,15.178933,0.668877,0.635992,BFUCAOZJI9YSKPWOTSHL38D2NGMVRX7Q641E1,0.111111,0.888889,point_previews/task000083_mu000256_rho090_n0.png
0.9,256,8,license_plate_bahnschrift.ttf,BFUCAOZJ9Y5KPW0TSHL38D2NGMVRX7Q64IE1,7,0,1,0.765,15.178933,0.668877,0.635992,BFUCAOZJI9YSKPWOTSHL38D2NGMVRX7G64IE1,0.111111,0.888889,point_previews/task000083_mu000256_rho090_n1.png
1.0,256,8,license_plate_bahnschrift.ttf,BFUCAOZJ9Y5KPW0TSHL38D2NGMVRX7Q64IE1,7,0,0,0.85,16.0,0.63662,0.603355,BFUCAOZI9YSKPWOTSHL38D2NGMVRX7Q64IE1,0.083333,0.916667,point_previews/task000083_mu000256_rho100_n0.png
1.0,256,8,license_plate_bahnschrift.ttf,BFUCAOZJ9Y5KPW0TSHL38D2NGMVRX7Q64IE1,7,0,1,0.85,16.0,0.63662,0.603355,BFUCAOZJI9YSKPWOTSHL38D2NGMVRX7Q64IE1,0.083333,0.916667,point_previews/task000083_mu000256_rho100_n1.png
0.1,1024,8,license_plate_bahnschrift.ttf,BFUCAOZJ9Y5KPW0TSHL38D2NGMVRX7Q64IE1,7,0,0,0.085,5.059644,0.959381,1.907975,BFUCAOZJI9YSKPWOTSHLIGD2NGMYRATGS64IEI,0.305556,0.694444,point_previews/task000084_mu001024_rho010_n0.png
0.1,1024,8,license_plate_bahnschrift.ttf,BFUCAOZJ9Y5KPW0TSHL38D2NGMVRX7Q64IE1,7,0,1,0.085,5.059644,0.959381,1.907975,BFUCAOZI9YSKPWOTSHLISD2NGMVRXTG641E1,0.222222,0.777778,point_previews/task000084_mu001024_rho010_n1.png
0.2,1024,8,license_plate_bahnschrift.ttf,BFUCAOZJ9Y5KPW0TSHL38D2NGMVRX7Q64IE1,7,0,0,0.17,7.155418,0.919759,1.349142,BFUCAOZIPYSKPWOTSHL38D2NGMVRX7G641E1,0.166667,0.833333,point_previews/task000084_mu001024_rho020_n0.png
0.2,1024,8,license_plate_bahnschrift.ttf,BFUCAOZJ9Y5KPW0TSHL38D2NGMVRX7Q64IE1,7,0,1,0.17,7.155418,0.919759,1.349142,BFUCAOZJI9YSKPWOTSHLIGD2ZNGMYVRATGS64IEI,0.333333,0.666667,point_previews/task000084_mu001024_rho020_n1.png
0.3,1024,8,license_plate_bahnschrift.ttf,BFUCAOZJ9Y5KPW0TSHL38D2NGMVRX7Q64IE1,7,0,0,0.255,8.763561,0.881116,1.10157,BFUCAOZJ9YSKPWOTSHLIBD2NGMVRX7G64IEI,0.166667,0.833333,point_previews/task000084_mu001024_rho030_n0.png
0.3,1024,8,license_plate_bahnschrift.ttf,BFUCAOZJ9Y5KPW0TSHL38D2NGMVRX7Q64IE1,7,0,1,0.255,8.763561,0.881116,1.10157,BFUCAOZJ9YSKPWOTSHLI8D2NGMYVRX7Q64IEI,0.138889,0.861111,point_previews/task000084_mu001024_rho030_n1.png
0.4,1024,8,license_plate_bahnschrift.ttf,BFUCAOZJ9Y5KPW0TSHL38D2NGMVRX7Q64IE1,7,0,0,0.34,10.119289,0.843436,0.953987,BFUCAOZJ9YSKPWOTSHLI8D2NGMYVRX7TQ64IEI,0.166667,0.833333,point_previews/task000084_mu001024_rho040_n0.png
0.4,1024,8,license_plate_bahnschrift.ttf,BFUCAOZJ9Y5KPW0TSHL38D2NGMVRX7Q64IE1,7,0,1,0.34,10.119289,0.843436,0.953987,BFUCAOZJI9YSKPWOTSHLI8D2NGMVRX7Q64IEI,0.138889,0.861111,point_previews/task000084_mu001024_rho040_n1.png
0.5,1024,8,license_plate_bahnschrift.ttf,BFUCAOZJ9Y5KPW0TSHL38D2NGMVRX7Q64IE1,7,0,0,0.425,11.313708,0.8067,0.853272,BFUCAOZJ9YSKPWOTSHL38D2NGMVRX7Q64IEI,0.083333,0.916667,point_previews/task000084_mu001024_rho050_n0.png
0.5,1024,8,license_plate_bahnschrift.ttf,BFUCAOZJ9Y5KPW0TSHL38D2NGMVRX7Q64IE1,7,0,1,0.425,11.313708,0.8067,0.853272,BFUCAOZJ9YSKPWOTSHL38D2NGMVRX7Q64IEI,0.083333,0.916667,point_previews/task000084_mu001024_rho050_n1.png
0.6,1024,8,license_plate_bahnschrift.ttf,BFUCAOZJ9Y5KPW0TSHL38D2NGMVRX7Q64IE1,7,0,0,0.51,12.393547,0.770893,0.778927,BFUCAOZJ9YSKPWOTSHL38D2NGMVRX7Q64IEI,0.083333,0.916667,point_previews/task000084_mu001024_rho060_n0.png
0.6,1024,8,license_plate_bahnschrift.ttf,BFUCAOZJ9Y5KPW0TSHL38D2NGMVRX7Q64IE1,7,0,1,0.51,12.393547,0.770893,0.778927,BFUCAOZJ9YSKPWOTSHL38D2NGMVRX7Q64IEI,0.083333,0.916667,point_previews/task000084_mu001024_rho060_n1.png
0.7,1024,8,license_plate_bahnschrift.ttf,BFUCAOZJ9Y5KPW0TSHL38D2NGMVRX7Q64IE1,7,0,0,0.595,13.38656,0.735998,0.721147,BFUCAOZJ9YSKPWOTSHL38D2NGMVRX7Q64EI,0.111111,0.888889,point_previews/task000084_mu001024_rho070_n0.png
0.7,1024,8,license_plate_bahnschrift.ttf,BFUCAOZJ9Y5KPW0TSHL38D2NGMVRX7Q64IE1,7,0,1,0.595,13.38656,0.735998,0.721147,BFUCAOZJI9YSKPWOTSHLI8D2NGMVRX7Q64IEI,0.138889,0.861111,point_previews/task000084_mu001024_rho070_n1.png
0.8,1024,8,license_plate_bahnschrift.ttf,BFUCAOZJ9Y5KPW0TSHL38D2NGMVRX7Q64IE1,7,0,0,0.68,14.310835,0.701998,0.674571,BFUCAOZJI9YSKPWOTSHL38D2NGMVRX7Q64IE1,0.083333,0.916667,point_previews/task000084_mu001024_rho080_n0.png
0.8,1024,8,license_plate_bahnschrift.ttf,BFUCAOZJ9Y5KPW0TSHL38D2NGMVRX7Q64IE1,7,0,1,0.68,14.310835,0.701998,0.674571,BFUCAOZJ9YSKPWOTSHL38D2NGMVRX7Q64IEI,0.083333,0.916667,point_previews/task000084_mu001024_rho080_n1.png
0.9,1024,8,license_plate_bahnschrift.ttf,BFUCAOZJ9Y5KPW0TSHL38D2NGMVRX7Q64IE1,7,0,0,0.765,15.178933,0.668877,0.635992,BFUCAOZJ9YSKPWOTSHL38D2NGMVRX7Q64IE1,0.055556,0.944444,point_previews/task000084_mu001024_rho090_n0.png
0.9,1024,8,license_plate_bahnschrift.ttf,BFUCAOZJ9Y5KPW0TSHL38D2NGMVRX7Q64IE1,7,0,1,0.765,15.178933,0.668877,0.635992,BFUCAOZJ9YSKPWOTSHL38D2NGMVRX7Q64IEI,0.083333,0.916667,point_previews/task000084_mu001024_rho090_n1.png
1.0,1024,8,license_plate_bahnschrift.ttf,BFUCAOZJ9Y5KPW0TSHL38D2NGMVRX7Q64IE1,7,0,0,0.85,16.0,0.63662,0.603355,BFUCAOZJ9YSKPWOTSHL38D2NGMVRX7Q64IE1,0.055556,0.944444,point_previews/task000084_mu001024_rho100_n0.png
1.0,1024,8,license_plate_bahnschrift.ttf,BFUCAOZJ9Y5KPW0TSHL38D2NGMVRX7Q64IE1,7,0,1,0.85,16.0,0.63662,0.603355,BFUCAOZJ9YSKPWOTSHL38D2NGMVRX7Q64IE1,0.055556,0.944444,point_previews/task000084_mu001024_rho100_n1.png
0.1,4096,8,license_plate_bahnschrift.ttf,BFUCAOZJ9Y5KPW0TSHL38D2NGMVRX7Q64IE1,7,0,0,0.085,5.059644,0.959381,1.907975,BFUCAOZJ9YSKPWOTSHLIGD2NGMYVRXTG64IE1,0.194444,0.805556,point_previews/task000085_mu004096_rho010_n0.png
0.1,4096,8,license_plate_bahnschrift.ttf,BFUCAOZJ9Y5KPW0TSHL38D2NGMVRX7Q64IE1,7,0,1,0.085,5.059644,0.959381,1.907975,BFUCAOZJIPYSKPWOTSHLIGD2ZNGMYRXATG64IE1,0.305556,0.694444,point_previews/task000085_mu004096_rho010_n1.png
0.2,4096,8,license_plate_bahnschrift.ttf,BFUCAOZJ9Y5KPW0TSHL38D2NGMVRX7Q64IE1,7,0,0,0.17,7.155418,0.919759,1.349142,BFUCAOZJIPYSKPWOTSHLISD2ZNGMYVRXTG64IE1,0.277778,0.722222,point_previews/task000085_mu004096_rho020_n0.png
0.2,4096,8,license_plate_bahnschrift.ttf,BFUCAOZJ9Y5KPW0TSHL38D2NGMVRX7Q64IE1,7,0,1,0.17,7.155418,0.919759,1.349142,BFUCAOZJIPYSKPWOTSHLISD2ZNGMYRXTG64IE1,0.277778,0.722222,point_previews/task000085_mu004096_rho020_n1.png
0.3,4096,8,license_plate_bahnschrift.ttf,BFUCAOZJ9Y5KPW0TSHL38D2NGMVRX7Q64IE1,7,0,0,0.255,8.763561,0.881116,1.10157,BFUCAOZJI9YSKPWOTSHLI8D2NGMVRA7TQO64IEI,0.222222,0.777778,point_previews/task000085_mu004096_rho030_n0.png
0.3,4096,8,license_plate_bahnschrift.ttf,BFUCAOZJ9Y5KPW0TSHL38D2NGMVRX7Q64IE1,7,0,1,0.255,8.763561,0.881116,1.10157,BFUCAOZJPYSKPWOTSHL38D2NGMYVRX7Q64IE1,0.111111,0.888889,point_previews/task000085_mu004096_rho030_n1.png
0.4,4096,8,license_plate_bahnschrift.ttf,BFUCAOZJ9Y5KPW0TSHL38D2NGMVRX7Q64IE1,7,0,0,0.34,10.119289,0.843436,0.953987,BFUCAOZJI9YSKPWOTSHLI8D2NGMVRX7Q64IE1,0.111111,0.888889,point_previews/task000085_mu004096_rho040_n0.png
0.4,4096,8,license_plate_bahnschrift.ttf,BFUCAOZJ9Y5KPW0TSHL38D2NGMVRX7Q64IE1,7,0,1,0.34,10.119289,0.843436,0.953987,BFUCAOZJI9YSKPWOTSHLI8D2NGMVRX7Q64IEI,0.138889,0.861111,point_previews/task000085_mu004096_rho040_n1.png
0.5,4096,8,license_plate_bahnschrift.ttf,BFUCAOZJ9Y5KPW0TSHL38D2NGMVRX7Q64IE1,7,0,0,0.425,11.313708,0.8067,0.853272,BFUCAOZJ9YSKPWOTSHLI8D2NGMVRX7Q64IEI,0.111111,0.888889,point_previews/task000085_mu004096_rho050_n0.png
0.5,4096,8,license_plate_bahnschrift.ttf,BFUCAOZJ9Y5KPW0TSHL38D2NGMVRX7Q64IE1,7,0,1,0.425,11.313708,0.8067,0.853272,BFUCAOZJ9YSKPWOTSHLIBD2NGMVRX7Q64IEI,0.138889,0.861111,point_previews/task000085_mu004096_rho050_n1.png
0.6,4096,8,license_plate_bahnschrift.ttf,BFUCAOZJ9Y5KPW0TSHL38D2NGMVRX7Q64IE1,7,0,0,0.51,12.393547,0.770893,0.778927,BFUCAOZJI9YSKPWOTSHL38D2NGMVRX7Q64IEI,0.111111,0.888889,point_previews/task000085_mu004096_rho060_n0.png
0.6,4096,8,license_plate_bahnschrift.ttf,BFUCAOZJ9Y5KPW0TSHL38D2NGMVRX7Q64IE1,7,0,1,0.51,12.393547,0.770893,0.778927,BFUCAOZJI9YSKPWOTSHL38D2NGMVRX7Q64IEI,0.111111,0.888889,point_previews/task000085_mu004096_rho060_n1.png
0.7,4096,8,license_plate_bahnschrift.ttf,BFUCAOZJ9Y5KPW0TSHL38D2NGMVRX7Q64IE1,7,0,0,0.595,13.38656,0.735998,0.721147,BFUCAOZJ9YSKPWOTSHL38D2NGMVRX7Q64IE1,0.055556,0.944444,point_previews/task000085_mu004096_rho070_n0.png
0.7,4096,8,license_plate_bahnschrift.ttf,BFUCAOZJ9Y5KPW0TSHL38D2NGMVRX7Q64IE1,7,0,1,0.595,13.38656,0.735998,0.721147,BFUCAOZJ9YSKPWOTSHL38D2NGMVRX7Q64IE1,0.055556,0.944444,point_previews/task000085_mu004096_rho070_n1.png
0.8,4096,8,license_plate_bahnschrift.ttf,BFUCAOZJ9Y5KPW0TSHL38D2NGMVRX7Q64IE1,7,0,0,0.68,14.310835,0.701998,0.674571,BFUCAOZJ9YSKPWOTSHL38D2NGMVRX7Q64IE1,0.055556,0.944444,point_previews/task000085_mu004096_rho080_n0.png
0.8,4096,8,license_plate_bahnschrift.ttf,BFUCAOZJ9Y5KPW0TSHL38D2NGMVRX7Q64IE1,7,0,1,0.68,14.310835,0.701998,0.674571,BFUCAOZJI9YSKPWOTSHL38D2NGMVRX7Q64IE1,0.083333,0.916667,point_previews/task000085_mu004096_rho080_n1.png
0.9,4096,8,license_plate_bahnschrift.ttf,BFUCAOZJ9Y5KPW0TSHL38D2NGMVRX7Q64IE1,7,0,0,0.765,15.178933,0.668877,0.635992,BFUCAOZJ9YSKPWOTSHL38D2NGMVRX7Q64IE1,0.055556,0.944444,point_previews/task000085_mu004096_rho090_n0.png
0.9,4096,8,license_plate_bahnschrift.ttf,BFUCAOZJ9Y5KPW0TSHL38D2NGMVRX7Q64IE1,7,0,1,0.765,15.178933,0.668877,0.635992,BFUCAOZJ9YSKPWOTSHL38D2NGMVRX7Q64IE1,0.055556,0.944444,point_previews/task000085_mu004096_rho090_n1.png
1.0,4096,8,license_plate_bahnschrift.ttf,BFUCAOZJ9Y5KPW0TSHL38D2NGMVRX7Q64IE1,7,0,0,0.85,16.0,0.63662,0.603355,BFUCAOZJ9YSKPWOTSHL38D2NGMVRX7Q644IE1,0.083333,0.916667,point_previews/task000085_mu004096_rho100_n0.png
1.0,4096,8,license_plate_bahnschrift.ttf,BFUCAOZJ9Y5KPW0TSHL38D2NGMVRX7Q64IE1,7,0,1,0.85,16.0,0.63662,0.603355,BFUCAOZJI9YSKPWOTSHL38D2NGMVRX7Q64IE1,0.083333,0.916667,point_previews/task000085_mu004096_rho100_n1.png
0.1,16384,8,license_plate_bahnschrift.ttf,BFUCAOZJ9Y5KPW0TSHL38D2NGMVRX7Q64IE1,7,0,0,0.085,5.059644,0.959381,1.907975,BFUCAOZJPYSKPWOTSHLISD2ZNGMYRXTG64IE1,0.25,0.75,point_previews/task000086_mu016384_rho010_n0.png
0.1,16384,8,license_plate_bahnschrift.ttf,BFUCAOZJ9Y5KPW0TSHL38D2NGMVRX7Q64IE1,7,0,1,0.085,5.059644,0.959381,1.907975,BFUCAOZJPYSKPWOTSHLISD2ZNGMYRXTG641E1,0.277778,0.722222,point_previews/task000086_mu016384_rho010_n1.png
0.2,16384,8,license_plate_bahnschrift.ttf,BFUCAOZJ9Y5KPW0TSHL38D2NGMVRX7Q64IE1,7,0,0,0.17,7.155418,0.919759,1.349142,BFUCAOZJPYSKPWOTSHLISD2ZNGMYVRXTQ64IE1,0.222222,0.777778,point_previews/task000086_mu016384_rho020_n0.png
0.2,16384,8,license_plate_bahnschrift.ttf,BFUCAOZJ9Y5KPW0TSHL38D2NGMVRX7Q64IE1,7,0,1,0.17,7.155418,0.919759,1.349142,BFUCAOZJPYSKPWOTSHLISD2NGMYVRXTG64IE1,0.222222,0.777778,point_previews/task000086_mu016384_rho020_n1.png
0.3,16384,8,license_plate_bahnschrift.ttf,BFUCAOZJ9Y5KPW0TSHL38D2NGMVRX7Q64IE1,7,0,0,0.255,8.763561,0.881116,1.10157,BFUCAOZJI9YSKPWOTSHLI8D2NGMVRXA7TQO64IEI,0.222222,0.777778,point_previews/task000086_mu016384_rho030_n0.png
0.3,16384,8,license_plate_bahnschrift.ttf,BFUCAOZJ9Y5KPW0TSHL38D2NGMVRX7Q64IE1,7,0,1,0.255,8.763561,0.881116,1.10157,BFUCAOZJI9YSKPWOTSHLI8D2NGMVRX7Q64IEI,0.138889,0.861111,point_previews/task000086_mu016384_rho030_n1.png
0.4,16384,8,license_plate_bahnschrift.ttf,BFUCAOZJ9Y5KPW0TSHL38D2NGMVRX7Q64IE1,7,0,0,0.34,10.119289,0.843436,0.953987,BFUCAOZJ9YSKPWOTSHL38D2NGMVRX7Q641EI,0.111111,0.888889,point_previews/task000086_mu016384_rho040_n0.png
0.4,16384,8,license_plate_bahnschrift.ttf,BFUCAOZJ9Y5KPW0TSHL38D2NGMVRX7Q64IE1,7,0,1,0.34,10.119289,0.843436,0.953987,BFUCAOZJ9YSKPWOTSHL38D2NGMVRX7Q64IEI,0.083333,0.916667,point_previews/task000086_mu016384_rho040_n1.png
0.5,16384,8,license_plate_bahnschrift.ttf,BFUCAOZJ9Y5KPW0TSHL38D2NGMVRX7Q64IE1,7,0,0,0.425,11.313708,0.8067,0.853272,BFUCAOZJ9YSKPWOTSHLI8D2NGMVRX7Q64IEI,0.111111,0.888889,point_previews/task000086_mu016384_rho050_n0.png
0.5,16384,8,license_plate_bahnschrift.ttf,BFUCAOZJ9Y5KPW0TSHL38D2NGMVRX7Q64IE1,7,0,1,0.425,11.313708,0.8067,0.853272,BFUCAOZJ9YSKPWOTSHLI8D2NGMVRX7Q64IEI,0.111111,0.888889,point_previews/task000086_mu016384_rho050_n1.png
0.6,16384,8,license_plate_bahnschrift.ttf,BFUCAOZJ9Y5KPW0TSHL38D2NGMVRX7Q64IE1,7,0,0,0.51,12.393547,0.770893,0.778927,BFUCAOZJI9YSKPWOTSHL38D2NGMVRX7Q64IEI,0.111111,0.888889,point_previews/task000086_mu016384_rho060_n0.png
0.6,16384,8,license_plate_bahnschrift.ttf,BFUCAOZJ9Y5KPW0TSHL38D2NGMVRX7Q64IE1,7,0,1,0.51,12.393547,0.770893,0.778927,BFUCAOZJI9YSKPWOTSHL38D2NGMVRX7Q64IEI,0.111111,0.888889,point_previews/task000086_mu016384_rho060_n1.png
0.7,16384,8,license_plate_bahnschrift.ttf,BFUCAOZJ9Y5KPW0TSHL38D2NGMVRX7Q64IE1,7,0,0,0.595,13.38656,0.735998,0.721147,BFUCAOZJ9YSKPWOTSHL38D2NGMVRX7Q64IE1,0.055556,0.944444,point_previews/task000086_mu016384_rho070_n0.png
0.7,16384,8,license_plate_bahnschrift.ttf,BFUCAOZJ9Y5KPW0TSHL38D2NGMVRX7Q64IE1,7,0,1,0.595,13.38656,0.735998,0.721147,BFUCAOZJ9YSKPWOTSHL38D2NGMVRX7Q64IE1,0.055556,0.944444,point_previews/task000086_mu016384_rho070_n1.png
0.8,16384,8,license_plate_bahnschrift.ttf,BFUCAOZJ9Y5KPW0TSHL38D2NGMVRX7Q64IE1,7,0,0,0.68,14.310835,0.701998,0.674571,BFUCAOZJ9YSKPWOTSHL38D2NGMVRX7Q64IE,0.083333,0.916667,point_previews/task000086_mu016384_rho080_n0.png
0.8,16384,8,license_plate_bahnschrift.ttf,BFUCAOZJ9Y5KPW0TSHL38D2NGMVRX7Q64IE1,7,0,1,0.68,14.310835,0.701998,0.674571,BFUCAOZJ9YSKPWOTSHL38D2NGMVRX7Q64IE1,0.055556,0.944444,point_previews/task000086_mu016384_rho080_n1.png
0.9,16384,8,license_plate_bahnschrift.ttf,BFUCAOZJ9Y5KPW0TSHL38D2NGMVRX7Q64IE1,7,0,0,0.765,15.178933,0.668877,0.635992,BFUCAOZJ9YSKPWOTSHL38D2NGMVRX7Q64IE,0.083333,0.916667,point_previews/task000086_mu016384_rho090_n0.png
0.9,16384,8,license_plate_bahnschrift.ttf,BFUCAOZJ9Y5KPW0TSHL38D2NGMVRX7Q64IE1,7,0,1,0.765,15.178933,0.668877,0.635992,BFUCAOZJ9YSKPWOTSHL38D2NGMVRX7Q64IE,0.083333,0.916667,point_previews/task000086_mu016384_rho090_n1.png
1.0,16384,8,license_plate_bahnschrift.ttf,BFUCAOZJ9Y5KPW0TSHL38D2NGMVRX7Q64IE1,7,0,0,0.85,16.0,0.63662,0.603355,BFUCAOZJ9YSKPWOTSHL38D2NGMVRX7Q64IE1,0.055556,0.944444,point_previews/task000086_mu016384_rho100_n0.png
1.0,16384,8,license_plate_bahnschrift.ttf,BFUCAOZJ9Y5KPW0TSHL38D2NGMVRX7Q64IE1,7,0,1,0.85,16.0,0.63662,0.603355,BFUCAOZJ9YSKPWOTSHL38D2NGMVRX7Q644IE1,0.083333,0.916667,point_previews/task000086_mu016384_rho100_n1.png
0.1,65536,8,license_plate_bahnschrift.ttf,BFUCAOZJ9Y5KPW0TSHL38D2NGMVRX7Q64IE1,7,0,0,0.085,5.059644,0.959381,1.907975,BFUCAOZJIPYSKPWOTSHLISDZ2ZNGMYRXTG64IE1,0.305556,0.694444,point_previews/task000087_mu065536_rho010_n0.png
0.1,65536,8,license_plate_bahnschrift.ttf,BFUCAOZJ9Y5KPW0TSHL38D2NGMVRX7Q64IE1,7,0,1,0.085,5.059644,0.959381,1.907975,BFUCAOZJIPYSKPWOTSHLISD2ZNGMYRXTG64I1E1,0.305556,0.694444,point_previews/task000087_mu065536_rho010_n1.png
0.2,65536,8,license_plate_bahnschrift.ttf,BFUCAOZJ9Y5KPW0TSHL38D2NGMVRX7Q64IE1,7,0,0,0.17,7.155418,0.919759,1.349142,BFUCAOZJIPYSKPWOTSHLISD2ZNGMYVRXTQ641E1,0.277778,0.722222,point_previews/task000087_mu065536_rho020_n0.png
0.2,65536,8,license_plate_bahnschrift.ttf,BFUCAOZJ9Y5KPW0TSHL38D2NGMVRX7Q64IE1,7,0,1,0.17,7.155418,0.919759,1.349142,BFUCAOZJPYSKPWOTSHLISD2NGMYVRXTQ64I1E1,0.222222,0.777778,point_previews/task000087_mu065536_rho020_n1.png
0.3,65536,8,license_plate_bahnschrift.ttf,BFUCAOZJ9Y5KPW0TSHL38D2NGMVRX7Q64IE1,7,0,0,0.255,8.763561,0.881116,1.10157,BFUCAOZJ9YSKPWOTSHLI8D2NGMVRX7Q64IEI,0.111111,0.888889,point_previews/task000087_mu065536_rho030_n0.png
0.3,65536,8,license_plate_bahnschrift.ttf,BFUCAOZJ9Y5KPW0TSHL38D2NGMVRX7Q64IE1,7,0,1,0.255,8.763561,0.881116,1.10157,BFUCAOZJ9YSKPWOTSHLIBD2NGMVRA7QO64IEI,0.194444,0.805556,point_previews/task000087_mu065536_rho030_n1.png
0.4,65536,8,license_plate_bahnschrift.ttf,BFUCAOZJ9Y5KPW0TSHL38D2NGMVRX7Q64IE1,7,0,0,0.34,10.119289,0.843436,0.953987,BFUCAOZJ9YSKPWOTSHL38D2NGMVRX7Q64IE1,0.055556,0.944444,point_previews/task000087_mu065536_rho040_n0.png
0.4,65536,8,license_plate_bahnschrift.ttf,BFUCAOZJ9Y5KPW0TSHL38D2NGMVRX7Q64IE1,7,0,1,0.34,10.119289,0.843436,0.953987,BFUCAOZJI9YSKPWOTSHL38D2NGMVRX7Q64IEI,0.111111,0.888889,point_previews/task000087_mu065536_rho040_n1.png
0.5,65536,8,license_plate_bahnschrift.ttf,BFUCAOZJ9Y5KPW0TSHL38D2NGMVRX7Q64IE1,7,0,0,0.425,11.313708,0.8067,0.853272,BFUCAOZJ9YSKPWOTSHLI8D2NGMVRX7Q64IEI,0.111111,0.888889,point_previews/task000087_mu065536_rho050_n0.png
0.5,65536,8,license_plate_bahnschrift.ttf,BFUCAOZJ9Y5KPW0TSHL38D2NGMVRX7Q64IE1,7,0,1,0.425,11.313708,0.8067,0.853272,BFUCAOZJ9YSKPWOTSHLI8D2NGMVRX7Q64IEI,0.111111,0.888889,point_previews/task000087_mu065536_rho050_n1.png
0.6,65536,8,license_plate_bahnschrift.ttf,BFUCAOZJ9Y5KPW0TSHL38D2NGMVRX7Q64IE1,7,0,0,0.51,12.393547,0.770893,0.778927,BFUCAOZJI9YSKPWOTSHL38D2NGMVRX7Q64IEI,0.111111,0.888889,point_previews/task000087_mu065536_rho060_n0.png
0.6,65536,8,license_plate_bahnschrift.ttf,BFUCAOZJ9Y5KPW0TSHL38D2NGMVRX7Q64IE1,7,0,1,0.51,12.393547,0.770893,0.778927,BFUCAOZJI9YSKPWOTSHL38D2NGMVRX7Q64IEI,0.111111,0.888889,point_previews/task000087_mu065536_rho060_n1.png
0.7,65536,8,license_plate_bahnschrift.ttf,BFUCAOZJ9Y5KPW0TSHL38D2NGMVRX7Q64IE1,7,0,0,0.595,13.38656,0.735998,0.721147,BFUCAOZJ9YSKPWOTSHL38D2NGMVRX7Q64IE1,0.055556,0.944444,point_previews/task000087_mu065536_rho070_n0.png
0.7,65536,8,license_plate_bahnschrift.ttf,BFUCAOZJ9Y5KPW0TSHL38D2NGMVRX7Q64IE1,7,0,1,0.595,13.38656,0.735998,0.721147,BFUCAOZJ9YSKPWOTSHL38D2NGMVRX7Q64IE1,0.055556,0.944444,point_previews/task000087_mu065536_rho070_n1.png
0.8,65536,8,license_plate_bahnschrift.ttf,BFUCAOZJ9Y5KPW0TSHL38D2NGMVRX7Q64IE1,7,0,0,0.68,14.310835,0.701998,0.674571,BFUCAOZJI9YSKPWOTSHL38D2NGMVRX7Q64EI,0.138889,0.861111,point_previews/task000087_mu065536_rho080_n0.png
0.8,65536,8,license_plate_bahnschrift.ttf,BFUCAOZJ9Y5KPW0TSHL38D2NGMVRX7Q64IE1,7,0,1,0.68,14.310835,0.701998,0.674571,BFUCAOZJI9YSKPWOTSHL38D2NGMVRX7Q64EI,0.138889,0.861111,point_previews/task000087_mu065536_rho080_n1.png
0.9,65536,8,license_plate_bahnschrift.ttf,BFUCAOZJ9Y5KPW0TSHL38D2NGMVRX7Q64IE1,7,0,0,0.765,15.178933,0.668877,0.635992,BFUCAOZJ9YSKPWOTSHL38D2NGMVRX7Q64IE1,0.055556,0.944444,point_previews/task000087_mu065536_rho090_n0.png
0.9,65536,8,license_plate_bahnschrift.ttf,BFUCAOZJ9Y5KPW0TSHL38D2NGMVRX7Q64IE1,7,0,1,0.765,15.178933,0.668877,0.635992,BFUCAOZJ9YSKPWOTSHL38D2NGMVRX7Q64IE1,0.055556,0.944444,point_previews/task000087_mu065536_rho090_n1.png
1.0,65536,8,license_plate_bahnschrift.ttf,BFUCAOZJ9Y5KPW0TSHL38D2NGMVRX7Q64IE1,7,0,0,0.85,16.0,0.63662,0.603355,BFUCAOZJ9YSKPWOTSHL38D2NGMVRX7Q644IE1,0.083333,0.916667,point_previews/task000087_mu065536_rho100_n0.png
1.0,65536,8,license_plate_bahnschrift.ttf,BFUCAOZJ9Y5KPW0TSHL38D2NGMVRX7Q64IE1,7,0,1,0.85,16.0,0.63662,0.603355,BFUCAOZJ9YSKPWOTSHL38D2NGMVRX7Q644IE1,0.083333,0.916667,point_previews/task000087_mu065536_rho100_n1.png
0.1,4,8,license_plate_bahnschrift.ttf,BFUCAOZJ9Y5KPW0TSHL38D2NGMVRX7Q64IE1,7,3,0,0.085,5.059644,0.959381,1.907975,,1.0,0.0,point_previews/task000088_mu000004_rho010_n0.png
0.1,4,8,license_plate_bahnschrift.ttf,BFUCAOZJ9Y5KPW0TSHL38D2NGMVRX7Q64IE1,7,3,1,0.085,5.059644,0.959381,1.907975,TELARC,0.916667,0.083333,point_previews/task000088_mu000004_rho010_n1.png
0.2,4,8,license_plate_bahnschrift.ttf,BFUCAOZJ9Y5KPW0TSHL38D2NGMVRX7Q64IE1,7,3,0,0.17,7.155418,0.919759,1.349142,,1.0,0.0,point_previews/task000088_mu000004_rho020_n0.png
0.2,4,8,license_plate_bahnschrift.ttf,BFUCAOZJ9Y5KPW0TSHL38D2NGMVRX7Q64IE1,7,3,1,0.17,7.155418,0.919759,1.349142,,1.0,0.0,point_previews/task000088_mu000004_rho020_n1.png
0.3,4,8,license_plate_bahnschrift.ttf,BFUCAOZJ9Y5KPW0TSHL38D2NGMVRX7Q64IE1,7,3,0,0.255,8.763561,0.881116,1.10157,DAIVIRCPEDA,0.916667,0.083333,point_previews/task000088_mu000004_rho030_n0.png
0.3,4,8,license_plate_bahnschrift.ttf,BFUCAOZJ9Y5KPW0TSHL38D2NGMVRX7Q64IE1,7,3,1,0.255,8.763561,0.881116,1.10157,SCCRAI4CBRCONSAEBEPTN,0.916667,0.083333,point_previews/task000088_mu000004_rho030_n1.png
0.4,4,8,license_plate_bahnschrift.ttf,BFUCAOZJ9Y5KPW0TSHL38D2NGMVRX7Q64IE1,7,3,0,0.34,10.119289,0.843436,0.953987,SPUEADWMAAES,0.861111,0.138889,point_previews/task000088_mu000004_rho040_n0.png
0.4,4,8,license_plate_bahnschrift.ttf,BFUCAOZJ9Y5KPW0TSHL38D2NGMVRX7Q64IE1,7,3,1,0.34,10.119289,0.843436,0.953987,TSAOCRNSAERVSTPEAT,0.888889,0.111111,point_previews/task000088_mu000004_rho040_n1.png
0.5,4,8,license_plate_bahnschrift.ttf,BFUCAOZJ9Y5KPW0TSHL38D2NGMVRX7Q64IE1,7,3,0,0.425,11.313708,0.8067,0.853272,,1.0,0.0,point_previews/task000088_mu000004_rho050_n0.png
0.5,4,8,license_plate_bahnschrift.ttf,BFUCAOZJ9Y5KPW0TSHL38D2NGMVRX7Q64IE1,7,3,1,0.425,11.313708,0.8067,0.853272,SRTEEAAIUR,0.916667,0.083333,point_previews/task000088_mu000004_rho050_n1.png
0.6,4,8,license_plate_bahnschrift.ttf,BFUCAOZJ9Y5KPW0TSHL38D2NGMVRX7Q64IE1,7,3,0,0.51,12.393547,0.770893,0.778927,,1.0,0.0,point_previews/task000088_mu000004_rho060_n0.png
0.6,4,8,license_plate_bahnschrift.ttf,BFUCAOZJ9Y5KPW0TSHL38D2NGMVRX7Q64IE1,7,3,1,0.51,12.393547,0.770893,0.778927,TPIRRLEPOPPELROERERSON,0.916667,0.083333,point_previews/task000088_mu000004_rho060_n1.png
0.7,4,8,license_plate_bahnschrift.ttf,BFUCAOZJ9Y5KPW0TSHL38D2NGMVRX7Q64IE1,7,3,0,0.595,13.38656,0.735998,0.721147,ADSREEPNGEYSDERDBNYFLE,0.861111,0.138889,point_previews/task000088_mu000004_rho070_n0.png
0.7,4,8,license_plate_bahnschrift.ttf,BFUCAOZJ9Y5KPW0TSHL38D2NGMVRX7Q64IE1,7,3,1,0.595,13.38656,0.735998,0.721147,EEBSATLSVRREPS4NLTAN,0.888889,0.111111,point_previews/task000088_mu000004_rho070_n1.png
0.8,4,8,license_plate_bahnschrift.ttf,BFUCAOZJ9Y5KPW0TSHL38D2NGMVRX7Q64IE1,7,3,0,0.68,14.310835,0.701998,0.674571,SEPUASETEAEAPSLS6OPM,0.861111,0.138889,point_previews/task000088_mu000004_rho080_n0.png
0.8,4,8,license_plate_bahnschrift.ttf,BFUCAOZJ9Y5KPW0TSHL38D2NGMVRX7Q64IE1,7,3,1,0.68,14.310835,0.701998,0.674571,SBRRCASESRGRSIEEDAGSRIE,0.777778,0.222222,point_previews/task000088_mu000004_rho080_n1.png
0.9,4,8,license_plate_bahnschrift.ttf,BFUCAOZJ9Y5KPW0TSHL38D2NGMVRX7Q64IE1,7,3,0,0.765,15.178933,0.668877,0.635992,,1.0,0.0,point_previews/task000088_mu000004_rho090_n0.png
0.9,4,8,license_plate_bahnschrift.ttf,BFUCAOZJ9Y5KPW0TSHL38D2NGMVRX7Q64IE1,7,3,1,0.765,15.178933,0.668877,0.635992,EIESOIATRPESUEEENCIBE,0.861111,0.138889,point_previews/task000088_mu000004_rho090_n1.png
1.0,4,8,license_plate_bahnschrift.ttf,BFUCAOZJ9Y5KPW0TSHL38D2NGMVRX7Q64IE1,7,3,0,0.85,16.0,0.63662,0.603355,SERSRPAVGIMERORSE,0.888889,0.111111,point_previews/task000088_mu000004_rho100_n0.png
1.0,4,8,license_plate_bahnschrift.ttf,BFUCAOZJ9Y5KPW0TSHL38D2NGMVRX7Q64IE1,7,3,1,0.85,16.0,0.63662,0.603355,SEDRIGATISERCCTSECOMIESPENEIDE,0.888889,0.111111,point_previews/task000088_mu000004_rho100_n1.png
0.1,16,8,license_plate_bahnschrift.ttf,BFUCAOZJ9Y5KPW0TSHL38D2NGMVRX7Q64IE1,7,3,0,0.085,5.059644,0.959381,1.907975,PASEPWEANNUOPA,0.888889,0.111111,point_previews/task000089_mu000016_rho010_n0.png
0.1,16,8,license_plate_bahnschrift.ttf,BFUCAOZJ9Y5KPW0TSHL38D2NGMVRX7Q64IE1,7,3,1,0.085,5.059644,0.959381,1.907975,TERURSAELENGMRPWAB,0.861111,0.138889,point_previews/task000089_mu000016_rho010_n1.png
0.2,16,8,license_plate_bahnschrift.ttf,BFUCAOZJ9Y5KPW0TSHL38D2NGMVRX7Q64IE1,7,3,0,0.17,7.155418,0.919759,1.349142,EWORGISTRUBBIERTORRLES,0.888889,0.111111,point_previews/task000089_mu000016_rho020_n0.png
0.2,16,8,license_plate_bahnschrift.ttf,BFUCAOZJ9Y5KPW0TSHL38D2NGMVRX7Q64IE1,7,3,1,0.17,7.155418,0.919759,1.349142,SERSRYTSPITZENESRUAROA4,0.861111,0.138889,point_previews/task000089_mu000016_rho020_n1.png
0.3,16,8,license_plate_bahnschrift.ttf,BFUCAOZJ9Y5KPW0TSHL38D2NGMVRX7Q64IE1,7,3,0,0.255,8.763561,0.881116,1.10157,SPUCAREIONSKBINCTARESEDREMYRTORUIED,0.75,0.25,point_previews/task000089_mu000016_rho030_n0.png
0.3,16,8,license_plate_bahnschrift.ttf,BFUCAOZJ9Y5KPW0TSHL38D2NGMVRX7Q64IE1,7,3,1,0.255,8.763561,0.881116,1.10157,REBCRORVERBWETESRNGMBOAEE,0.777778,0.222222,point_previews/task000089_mu000016_rho030_n1.png
0.4,16,8,license_plate_bahnschrift.ttf,BFUCAOZJ9Y5KPW0TSHL38D2NGMVRX7Q64IE1,7,3,0,0.34,10.119289,0.843436,0.953987,CBERCAOZICSRPBINTSHEABHONEMUAXTOSSIEN,0.666667,0.333333,point_previews/task000089_mu000016_rho040_n0.png
0.4,16,8,license_plate_bahnschrift.ttf,BFUCAOZJ9Y5KPW0TSHL38D2NGMVRX7Q64IE1,7,3,1,0.34,10.119289,0.843436,0.953987,BREGAGZIOVSKPMNTSHEISBAGAVRETOABIEL,0.638889,0.361111,point_previews/task000089_mu000016_rho040_n1.png
0.5,16,8,license_plate_bahnschrift.ttf,BFUCAOZJ9Y5KPW0TSHL38D2NGMVRX7Q64IE1,7,3,0,0.425,11.313708,0.8067,0.853272,BEUCARZISYSRECOTSHETEDZNGMYRRROGGIET,0.555556,0.444444,point_previews/task000089_mu000016_rho050_n0.png
0.5,16,8,license_plate_bahnschrift.ttf,BFUCAOZJ9Y5KPW0TSHL38D2NGMVRX7Q64IE1,7,3,1,0.425,11.313708,0.8067,0.853272,,1.0,0.0,point_previews/task000089_mu000016_rho050_n1.png
0.6,16,8,license_plate_bahnschrift.ttf,BFUCAOZJ9Y5KPW0TSHL38D2NGMVRX7Q64IE1,7,3,0,0.51,12.393547,0.770893,0.778927,QEUBAGZ1SYSKPWMSHESAB2NGMYEXIOEAEL,0.583333,0.416667,point_previews/task000089_mu000016_rho060_n0.png
0.6,16,8,license_plate_bahnschrift.ttf,BFUCAOZJ9Y5KPW0TSHL38D2NGMVRX7Q64IE1,7,3,1,0.51,12.393547,0.770893,0.778927,,1.0,0.0,point_previews/task000089_mu000016_rho060_n1.png
0.7,16,8,license_plate_bahnschrift.ttf,BFUCAOZJ9Y5KPW0TSHL38D2NGMVRX7Q64IE1,7,3,0,0.595,13.38656,0.735998,0.721147,,1.0,0.0,point_previews/task000089_mu000016_rho070_n0.png
0.7,16,8,license_plate_bahnschrift.ttf,BFUCAOZJ9Y5KPW0TSHL38D2NGMVRX7Q64IE1,7,3,1,0.595,13.38656,0.735998,0.721147,,1.0,0.0,point_previews/task000089_mu000016_rho070_n1.png
0.8,16,8,license_plate_bahnschrift.ttf,BFUCAOZJ9Y5KPW0TSHL38D2NGMVRX7Q64IE1,7,3,0,0.68,14.310835,0.701998,0.674571,BEUCAGZIOY5RPAWOTSHE38DINGMVRXTOMUEL,0.416667,0.583333,point_previews/task000089_mu000016_rho080_n0.png
0.8,16,8,license_plate_bahnschrift.ttf,BFUCAOZJ9Y5KPW0TSHL38D2NGMVRX7Q64IE1,7,3,1,0.68,14.310835,0.701998,0.674571,BEVCAGZINSKPWOHTSHEAEDANGMVSKIOAGIED,0.555556,0.444444,point_previews/task000089_mu000016_rho080_n1.png
0.9,16,8,license_plate_bahnschrift.ttf,BFUCAOZJ9Y5KPW0TSHL38D2NGMVRX7Q64IE1,7,3,0,0.765,15.178933,0.668877,0.635992,BEYCAOZIPYSKPWATSRLAAOONGMYRNTOS4IEN,0.472222,0.527778,point_previews/task000089_mu000016_rho090_n0.png
0.9,16,8,license_plate_bahnschrift.ttf,BFUCAOZJ9Y5KPW0TSHL38D2NGMVRX7Q64IE1,7,3,1,0.765,15.178933,0.668877,0.635992,BPECAGZIOYSKPINGTSHL2B2NGMYRXTOGSIEF,0.5,0.5,point_previews/task000089_mu000016_rho090_n1.png
1.0,16,8,license_plate_bahnschrift.ttf,BFUCAOZJ9Y5KPW0TSHL38D2NGMVRX7Q64IE1,7,3,0,0.85,16.0,0.63662,0.603355,BFUCAGZJOYSKPWOTSHLSEO2NGMVRX7O64E1,0.25,0.75,point_previews/task000089_mu000016_rho100_n0.png
1.0,16,8,license_plate_bahnschrift.ttf,BFUCAOZJ9Y5KPW0TSHL38D2NGMVRX7Q64IE1,7,3,1,0.85,16.0,0.63662,0.603355,,1.0,0.0,point_previews/task000089_mu000016_rho100_n1.png
0.1,64,8,license_plate_bahnschrift.ttf,BFUCAOZJ9Y5KPW0TSHL38D2NGMVRX7Q64IE1,7,3,0,0.085,5.059644,0.959381,1.907975,BAOZOYERPAGTSHEASOINGMVRNTAGGES,0.583333,0.416667,point_previews/task000090_mu000064_rho010_n0.png
0.1,64,8,license_plate_bahnschrift.ttf,BFUCAOZJ9Y5KPW0TSHL38D2NGMVRX7Q64IE1,7,3,1,0.085,5.059644,0.959381,1.907975,BEUCSOZISVSREMATSBLEASICNSMAYSDCIE,0.694444,0.305556,point_previews/task000090_mu000064_rho010_n1.png
0.2,64,8,license_plate_bahnschrift.ttf,BFUCAOZJ9Y5KPW0TSHL38D2NGMVRX7Q64IE1,7,3,0,0.17,7.155418,0.919759,1.349142,BEUCAOZIOYSKPWOTSHLIEDANGMYRY7Q64IET,0.305556,0.694444,point_previews/task000090_mu000064_rho020_n0.png
0.2,64,8,license_plate_bahnschrift.ttf,BFUCAOZJ9Y5KPW0TSHL38D2NGMVRX7Q64IE1,7,3,1,0.17,7.155418,0.919759,1.349142,BELCHOZIOYSKPWOTSHLSED2NGMVAXTOGAIEL,0.416667,0.583333,point_previews/task000090_mu000064_rho020_n1.png
0.3,64,8,license_plate_bahnschrift.ttf,BFUCAOZJ9Y5KPW0TSHL38D2NGMVRX7Q64IE1,7,3,0,0.255,8.763561,0.881116,1.10157,,1.0,0.0,point_previews/task000090_mu000064_rho030_n0.png
0.3,64,8,license_plate_bahnschrift.ttf,BFUCAOZJ9Y5KPW0TSHL38D2NGMVRX7Q64IE1,7,3,1,0.255,8.763561,0.881116,1.10157,BEGCAOZIPYSKPWOTSHL3BD2NGMVRXTO6AET,0.333333,0.666667,point_previews/task000090_mu000064_rho030_n1.png
0.4,64,8,license_plate_bahnschrift.ttf,BFUCAOZJ9Y5KPW0TSHL38D2NGMVRX7Q64IE1,7,3,0,0.34,10.119289,0.843436,0.953987,BFUCAQZISYSKPWOTSRE38D2NGMVAXTOSAIED,0.361111,0.638889,point_previews/task000090_mu000064_rho040_n0.png
0.4,64,8,license_plate_bahnschrift.ttf,BFUCAOZJ9Y5KPW0TSHL38D2NGMVRX7Q64IE1,7,3,1,0.34,10.119289,0.843436,0.953987,BEUCAGZISYSKPWOTSHLASD2NGMVRXTOS64IEI,0.333333,0.666667,point_previews/task000090_mu000064_rho040_n1.png
0.5,64,8,license_plate_bahnschrift.ttf,BFUCAOZJ9Y5KPW0TSHL38D2NGMVRX7Q64IE1,7,3,0,0.425,11.313708,0.8067,0.853272,BFUCAOZJ9YSKPWOTSHL38D2NGMVRXTORAIET,0.194444,0.805556,point_previews/task000090_mu000064_rho050_n0.png
0.5,64,8,license_plate_bahnschrift.ttf,BFUCAOZJ9Y5KPW0TSHL38D2NGMVRX7Q64IE1,7,3,1,0.425,11.313708,0.8067,0.853272,BFUCAQZJ9YSKPWOTSHL38D2NGMVRX7O64IE1,0.111111,0.888889,point_previews/task000090_mu000064_rho050_n1.png
0.6,64,8,license_plate_bahnschrift.ttf,BFUCAOZJ9Y5KPW0TSHL38D2NGMVRX7Q64IE1,7,3,0,0.51,12.393547,0.770893,0.778927,BFUCAOZJ9YSKPWOTSHLS8D2NGMVRX7Q641E1,0.111111,0.888889,point_previews/task000090_mu000064_rho060_n0.png
0.6,64,8,license_plate_bahnschrift.ttf,BFUCAOZJ9Y5KPW0TSHL38D2NGMVRX7Q64IE1,7,3,1,0.51,12.393547,0.770893,0.778927,BEUCAOZJOYSKPWOTSHL38D2NGMYRXTQO641E1,0.222222,0.777778,point_previews/task000090_mu000064_rho060_n1.png
0.7,64,8,license_plate_bahnschrift.ttf,BFUCAOZJ9Y5KPW0TSHL38D2NGMVRX7Q64IE1,7,3,0,0.595,13.38656,0.735998,0.721147,BFUCAOZJ9YSKPWOTSHLIBD2NGMVRXTO64IET,0.194444,0.805556,point_previews/task000090_mu000064_rho070_n0.png
0.7,64,8,license_plate_bahnschrift.ttf,BFUCAOZJ9Y5KPW0TSHL38D2NGMVRX7Q64IE1,7,3,1,0.595,13.38656,0.735998,0.721147,BFUCAOZJ9YSKPWOTSHLISD2NGMVRX7TQ64IE,0.166667,0.833333,point_previews/task000090_mu000064_rho070_n1.png
0.8,64,8,license_plate_bahnschrift.ttf,BFUCAOZJ9Y5KPW0TSHL38D2NGMVRX7Q64IE1,7,3,0,0.68,14.310835,0.701998,0.674571,BFUCAOZI9YSKPWOTSHL38D2NGMVRX7Q64IE1,0.083333,0.916667,point_previews/task000090_mu000064_rho080_n0.png
0.8,64,8,license_plate_bahnschrift.ttf,BFUCAOZJ9Y5KPW0TSHL38D2NGMVRX7Q64IE1,7,3,1,0.68,14.310835,0.701998,0.674571,BFUCAOZI9YSKPWOTSHEI8D2NGMVRX7Q64IEI,0.166667,0.833333,point_previews/task000090_mu000064_rho080_n1.png
0.9,64,8,license_plate_bahnschrift.ttf,BFUCAOZJ9Y5KPW0TSHL38D2NGMVRX7Q64IE1,7,3,0,0.765,15.178933,0.668877,0.635992,BFUCAOZJ9YSKRWOTSHL38D2NGMVRX7O64IE1,0.111111,0.888889,point_previews/task000090_mu000064_rho090_n0.png
0.9,64,8,license_plate_bahnschrift.ttf,BFUCAOZJ9Y5KPW0TSHL38D2NGMVRX7Q64IE1,7,3,1,0.765,15.178933,0.668877,0.635992,BFUCAOZJ9YSKPWOTSHL38D2NGMVRX7Q84IE1,0.083333,0.916667,point_previews/task000090_mu000064_rho090_n1.png
1.0,64,8,license_plate_bahnschrift.ttf,BFUCAOZJ9Y5KPW0TSHL38D2NGMVRX7Q64IE1,7,3,0,0.85,16.0,0.63662,0.603355,BFUCAOZJ9YSKPWOTSHLI8D2NGMVRX7Q64IE1,0.083333,0.916667,point_previews/task000090_mu000064_rho100_n0.png
1.0,64,8,license_plate_bahnschrift.ttf,BFUCAOZJ9Y5KPW0TSHL38D2NGMVRX7Q64IE1,7,3,1,0.85,16.0,0.63662,0.603355,BEUCAOZJ9YSKPWOTSHL38D2NGMVRX7Q64IE1,0.083333,0.916667,point_previews/task000090_mu000064_rho100_n1.png
0.1,256,8,license_plate_bahnschrift.ttf,BFUCAOZJ9Y5KPW0TSHL38D2NGMVRX7Q64IE1,7,3,0,0.085,5.059644,0.959381,1.907975,BFUCAOZI9YSKPWOTSHLISDZNGMVRXTO64IEI,0.25,0.75,point_previews/task000091_mu000256_rho010_n0.png
0.1,256,8,license_plate_bahnschrift.ttf,BFUCAOZJ9Y5KPW0TSHL38D2NGMVRX7Q64IE1,7,3,1,0.085,5.059644,0.959381,1.907975,BFUCAOZJOYSKPWOTSHLABD2NGMYRX7O64IET,0.222222,0.777778,point_previews/task000091_mu000256_rho010_n1.png
0.2,256,8,license_plate_bahnschrift.ttf,BFUCAOZJ9Y5KPW0TSHL38D2NGMVRX7Q64IE1,7,3,0,0.17,7.155418,0.919759,1.349142,BFUCAOZJ9YSKPWOTSHLISD2NGMVRX7O64IE1,0.138889,0.861111,point_previews/task000091_mu000256_rho020_n0.png
0.2,256,8,license_plate_bahnschrift.ttf,BFUCAOZJ9Y5KPW0TSHL38D2NGMVRX7Q64IE1,7,3,1,0.17,7.155418,0.919759,1.349142,BFUCAOZJ9YSKPWOTSHL38D2NGMVRX7TO6AIET,0.166667,0.833333,point_previews/task000091_mu000256_rho020_n1.png
0.3,256,8,license_plate_bahnschrift.ttf,BFUCAOZJ9Y5KPW0TSHL38D2NGMVRX7Q64IE1,7,3,0,0.255,8.763561,0.881116,1.10157,BFUCAOZJ9YSKPWOTSHLI8D2NGMVRX7O64IE1,0.111111,0.888889,point_previews/task000091_mu000256_rho030_n0.png
0.3,256,8,license_plate_bahnschrift.ttf,BFUCAOZJ9Y5KPW0TSHL38D2NGMVRX7Q64IE1,7,3,1,0.255,8.763561,0.881116,1.10157,BFUCAOZI9YSKPWOTSHLI8D2NGMVRXTGS4IEI,0.222222,0.777778,point_previews/task000091_mu000256_rho030_n1.png
0.4,256,8,license_plate_bahnschrift.ttf,BFUCAOZJ9Y5KPW0TSHL38D2NGMVRX7Q64IE1,7,3,0,0.34,10.119289,0.843436,0.953987,BFUCAOZI9YSKPWOTSHL38D2NGMVRX7G4641E1,0.166667,0.833333,point_previews/task000091_mu000256_rho040_n0.png
0.4,256,8,license_plate_bahnschrift.ttf,BFUCAOZJ9Y5KPW0TSHL38D2NGMVRX7Q64IE1,7,3,1,0.34,10.119289,0.843436,0.953987,BFUCAOZI9YSKPWOTSHL38D2NGMVRX7Q44IE1,0.111111,0.888889,point_previews/task000091_mu000256_rho040_n1.png
0.5,256,8,license_plate_bahnschrift.ttf,BFUCAOZJ9Y5KPW0TSHL38D2NGMVRX7Q64IE1,7,3,0,0.425,11.313708,0.8067,0.853272,BFUCAOZI9YSKPWOTSHL38D2NGMVRX7O64IEI,0.138889,0.861111,point_previews/task000091_mu000256_rho050_n0.png
0.5,256,8,license_plate_bahnschrift.ttf,BFUCAOZJ9Y5KPW0TSHL38D2NGMVRX7Q64IE1,7,3,1,0.425,11.313708,0.8067,0.853272,BFUCAOZI9YSKPWOTSHL38D2NGMVRX7Q44IEI,0.138889,0.861111,point_previews/task000091_mu000256_rho050_n1.png
0.6,256,8,license_plate_bahnschrift.ttf,BFUCAOZJ9Y5KPW0TSHL38D2NGMVRX7Q64IE1,7,3,0,0.51,12.393547,0.770893,0.778927,BFUCAOZI9YSKPWOTSHL38D2NGMVRX7Q64IE1,0.083333,0.916667,point_previews/task000091_mu000256_rho060_n0.png
0.6,256,8,license_plate_bahnschrift.ttf,BFUCAOZJ9Y5KPW0TSHL38D2NGMVRX7Q64IE1,7,3,1,0.51,12.393547,0.770893,0.778927,BEUCAOZI9YSKPWOTSHL38D2NGMVRX7TQO64IEI,0.194444,0.805556,point_previews/task000091_mu000256_rho060_n1.png
0.7,256,8,license_plate_bahnschrift.ttf,BFUCAOZJ9Y5KPW0TSHL38D2NGMVRX7Q64IE1,7,3,0,0.595,13.38656,0.735998,0.721147,BFUCAOZJI9YSKPWOTSHL38D2NGMVRX7Q64IE1,0.083333,0.916667,point_previews/task000091_mu000256_rho070_n0.png
0.7,256,8,license_plate_bahnschrift.ttf,BFUCAOZJ9Y5KPW0TSHL38D2NGMVRX7Q64IE1,7,3,1,0.595,13.38656,0.735998,0.721147,BFUCAOZI9YSKPWOTSHL38D2NGMVRX7O64IE1,0.111111,0.888889,point_previews/task000091_mu000256_rho070_n1.png
0.8,256,8,license_plate_bahnschrift.ttf,BFUCAOZJ9Y5KPW0TSHL38D2NGMVRX7Q64IE1,7,3,0,0.68,14.310835,0.701998,0.674571,BFUCAOZI9YSKPWOTSHL38D2NGMVRX7Q44IE1,0.111111,0.888889,point_previews/task000091_mu000256_rho080_n0.png
0.8,256,8,license_plate_bahnschrift.ttf,BFUCAOZJ9Y5KPW0TSHL38D2NGMVRX7Q64IE1,7,3,1,0.68,14.310835,0.701998,0.674571,BFUCAOZIJ9YSKPWOTSHL38D2NGMVRX7Q64IE1,0.083333,0.916667,point_previews/task000091_mu000256_rho080_n1.png
0.9,256,8,license_plate_bahnschrift.ttf,BFUCAOZJ9Y5KPW0TSHL38D2NGMVRX7Q64IE1,7,3,0,0.765,15.178933,0.668877,0.635992,BFUCAOZI9YSKPWOTSHL38D2NGMVRX7Q64EI,0.138889,0.861111,point_previews/task000091_mu000256_rho090_n0.png
0.9,256,8,license_plate_bahnschrift.ttf,BFUCAOZJ9Y5KPW0TSHL38D2NGMVRX7Q64IE1,7,3,1,0.765,15.178933,0.668877,0.635992,BFUCAOZI9YSKPWOTSHL38D2NGMVRX7Q64IE1,0.083333,0.916667,point_previews/task000091_mu000256_rho090_n1.png
1.0,256,8,license_plate_bahnschrift.ttf,BFUCAOZJ9Y5KPW0TSHL38D2NGMVRX7Q64IE1,7,3,0,0.85,16.0,0.63662,0.603355,BFUCAOZIJ9YSKPWOTSHL38D2NGMVRX7Q44IE1,0.111111,0.888889,point_previews/task000091_mu000256_rho100_n0.png
1.0,256,8,license_plate_bahnschrift.ttf,BFUCAOZJ9Y5KPW0TSHL38D2NGMVRX7Q64IE1,7,3,1,0.85,16.0,0.63662,0.603355,BFUCAOZI9YSKPWOTSHL38D2NGMVRX7Q64IE1,0.083333,0.916667,point_previews/task000091_mu000256_rho100_n1.png
0.1,1024,8,license_plate_bahnschrift.ttf,BFUCAOZJ9Y5KPW0TSHL38D2NGMVRX7Q64IE1,7,3,0,0.085,5.059644,0.959381,1.907975,BFUCAOZI9YSKPWOTSHLI8D2NGMVRX7O641E1,0.166667,0.833333,point_previews/task000092_mu001024_rho010_n0.png
0.1,1024,8,license_plate_bahnschrift.ttf,BFUCAOZJ9Y5KPW0TSHL38D2NGMVRX7Q64IE1,7,3,1,0.085,5.059644,0.959381,1.907975,BFUCAOZI9YSKPWOTSHLI8D2NGMVRX7TG64IEI,0.194444,0.805556,point_previews/task000092_mu001024_rho010_n1.png
0.2,1024,8,license_plate_bahnschrift.ttf,BFUCAOZJ9Y5KPW0TSHL38D2NGMVRX7Q64IE1,7,3,0,0.17,7.155418,0.919759,1.349142,BFUCAOZI9YSKPWOTSHLI8D2NGMYVRXTO64IEI,0.222222,0.777778,point_previews/task000092_mu001024_rho020_n0.png
0.2,1024,8,license_plate_bahnschrift.ttf,BFUCAOZJ9Y5KPW0TSHL38D2NGMVRX7Q64IE1,7,3,1,0.17,7.155418,0.919759,1.349142,BFUCAOZI9YSKPWOTSHLI8D2NGMVRX7GO44IE1,0.194444,0.805556,point_previews/task000092_mu001024_rho020_n1.png
0.3,1024,8,license_plate_bahnschrift.ttf,BFUCAOZJ9Y5KPW0TSHL38D2NGMVRX7Q64IE1,7,3,0,0.255,8.763561,0.881116,1.10157,BFUCAOZI9YSKPWOTSHL38D2NGMVRX7G64IE1,0.111111,0.888889,point_previews/task000092_mu001024_rho030_n0.png
0.3,1024,8,license_plate_bahnschrift.ttf,BFUCAOZJ9Y5KPW0TSHL38D2NGMVRX7Q64IE1,7,3,1,0.255,8.763561,0.881116,1.10157,BFUCAOZI9YSKPWOTSHL38D2NGMVRX7O64IE1,0.111111,0.888889,point_previews/task000092_mu001024_rho030_n1.png
0.4,1024,8,license_plate_bahnschrift.ttf,BFUCAOZJ9Y5KPW0TSHL38D2NGMVRX7Q64IE1,7,3,0,0.34,10.119289,0.843436,0.953987,BFUCAOZI9YSKPWOTSHL38D2NGMVRX7Q64IE1,0.083333,0.916667,point_previews/task000092_mu001024_rho040_n0.png
0.4,1024,8,license_plate_bahnschrift.ttf,BFUCAOZJ9Y5KPW0TSHL38D2NGMVRX7Q64IE1,7,3,1,0.34,10.119289,0.843436,0.953987,BFUCAOZI9YSKPWOTSHL38D2NGMVRX7QO441E1,0.166667,0.833333,point_previews/task000092_mu001024_rho040_n1.png
0.5,1024,8,license_plate_bahnschrift.ttf,BFUCAOZJ9Y5KPW0TSHL38D2NGMVRX7Q64IE1,7,3,0,0.425,11.313708,0.8067,0.853272,BFUCAOZI9YSKPWOTSHL38D2NGMVRX7Q64IE1,0.083333,0.916667,point_previews/task000092_mu001024_rho050_n0.png
0.5,1024,8,license_plate_bahnschrift.ttf,BFUCAOZJ9Y5KPW0TSHL38D2NGMVRX7Q64IE1,7,3,1,0.425,11.313708,0.8067,0.853272,BFUCAOZI9YSKPWOTSHLI8D2NGMVRX7Q64IE,0.138889,0.861111,point_previews/task000092_mu001024_rho050_n1.png
0.6,1024,8,license_plate_bahnschrift.ttf,BFUCAOZJ9Y5KPW0TSHL38D2NGMVRX7Q64IE1,7,3,0,0.51,12.393547,0.770893,0.778927,BFUCAOZI9YSKPWOTSHL38D2NGMVRX7Q64IE1,0.083333,0.916667,point_previews/task000092_mu001024_rho060_n0.png
0.6,1024,8,license_plate_bahnschrift.ttf,BFUCAOZJ9Y5KPW0TSHL38D2NGMVRX7Q64IE1,7,3,1,0.51,12.393547,0.770893,0.778927,BFUCAOZI9YSKPWOTSHL38D2NGMVRX7Q64IE1,0.083333,0.916667,point_previews/task000092_mu001024_rho060_n1.png
0.7,1024,8,license_plate_bahnschrift.ttf,BFUCAOZJ9Y5KPW0TSHL38D2NGMVRX7Q64IE1,7,3,0,0.595,13.38656,0.735998,0.721147,BFUCAOZI9YSKPWOTSHL38D2NGMVRX7Q64IEI,0.111111,0.888889,point_previews/task000092_mu001024_rho070_n0.png
0.7,1024,8,license_plate_bahnschrift.ttf,BFUCAOZJ9Y5KPW0TSHL38D2NGMVRX7Q64IE1,7,3,1,0.595,13.38656,0.735998,0.721147,BFUCAOZI9YSKPWOTSHL38D2NGMVRX7Q644IE1,0.111111,0.888889,point_previews/task000092_mu001024_rho070_n1.png
0.8,1024,8,license_plate_bahnschrift.ttf,BFUCAOZJ9Y5KPW0TSHL38D2NGMVRX7Q64IE1,7,3,0,0.68,14.310835,0.701998,0.674571,BFUCAOZI9YSKPWOTSHL38D2NGMVRX7Q44IE1,0.111111,0.888889,point_previews/task000092_mu001024_rho080_n0.png
0.8,1024,8,license_plate_bahnschrift.ttf,BFUCAOZJ9Y5KPW0TSHL38D2NGMVRX7Q64IE1,7,3,1,0.68,14.310835,0.701998,0.674571,BFUCAOZI9YSKPWOTSHL38D2NGMVRX7Q64IE1,0.083333,0.916667,point_previews/task000092_mu001024_rho080_n1.png
0.9,1024,8,license_plate_bahnschrift.ttf,BFUCAOZJ9Y5KPW0TSHL38D2NGMVRX7Q64IE1,7,3,0,0.765,15.178933,0.668877,0.635992,BFUCAOZI9YSKPWOTSHL38D2NGMVRX7Q64IE1,0.083333,0.916667,point_previews/task000092_mu001024_rho090_n0.png
0.9,1024,8,license_plate_bahnschrift.ttf,BFUCAOZJ9Y5KPW0TSHL38D2NGMVRX7Q64IE1,7,3,1,0.765,15.178933,0.668877,0.635992,BFUCAOZI9YSKPWOTSHL38D2NGMVRX7Q64IE1,0.083333,0.916667,point_previews/task000092_mu001024_rho090_n1.png
1.0,1024,8,license_plate_bahnschrift.ttf,BFUCAOZJ9Y5KPW0TSHL38D2NGMVRX7Q64IE1,7,3,0,0.85,16.0,0.63662,0.603355,BFUCAOZIJ9YSKPWOTSHL38D2NGMVRX7Q44IE1,0.111111,0.888889,point_previews/task000092_mu001024_rho100_n0.png
1.0,1024,8,license_plate_bahnschrift.ttf,BFUCAOZJ9Y5KPW0TSHL38D2NGMVRX7Q64IE1,7,3,1,0.85,16.0,0.63662,0.603355,BFUCAOZIJ9YSKPWOTSHL38D2NGMVRX7Q44IE1,0.111111,0.888889,point_previews/task000092_mu001024_rho100_n1.png
0.1,4096,8,license_plate_bahnschrift.ttf,BFUCAOZJ9Y5KPW0TSHL38D2NGMVRX7Q64IE1,7,3,0,0.085,5.059644,0.959381,1.907975,BFUCAOZI9YSKPWOTSHLI8D2NGMYVRX7TO64IEI,0.222222,0.777778,point_previews/task000093_mu004096_rho010_n0.png
0.1,4096,8,license_plate_bahnschrift.ttf,BFUCAOZJ9Y5KPW0TSHL38D2NGMVRX7Q64IE1,7,3,1,0.085,5.059644,0.959381,1.907975,BFUCAOZI9YSKPWOTSHLIBD2NGMYVRX7O464IE1,0.222222,0.777778,point_previews/task000093_mu004096_rho010_n1.png
0.2,4096,8,license_plate_bahnschrift.ttf,BFUCAOZJ9Y5KPW0TSHL38D2NGMVRX7Q64IE1,7,3,0,0.17,7.155418,0.919759,1.349142,BFUCAOZI9YSKPWOTSHLI8D2NGMYVRX7O4641E1,0.222222,0.777778,point_previews/task000093_mu004096_rho020_n0.png
0.2,4096,8,license_plate_bahnschrift.ttf,BFUCAOZJ9Y5KPW0TSHL38D2NGMVRX7Q64IE1,7,3,1,0.17,7.155418,0.919759,1.349142,BFUCAOZI9YSKPWOTSHLISD2NGMYVRX7G464IE1,0.222222,0.777778,point_previews/task000093_mu004096_rho020_n1.png
0.3,4096,8,license_plate_bahnschrift.ttf,BFUCAOZJ9Y5KPW0TSHL38D2NGMVRX7Q64IE1,7,3,0,0.255,8.763561,0.881116,1.10157,BFUCAOZI9YSKPWOTSHLI8D2NGMVRX7O64IE1,0.138889,0.861111,point_previews/task000093_mu004096_rho030_n0.png
0.3,4096,8,license_plate_bahnschrift.ttf,BFUCAOZJ9Y5KPW0TSHL38D2NGMVRX7Q64IE1,7,3,1,0.255,8.763561,0.881116,1.10157,BFUCAOZI9YSKPWOTSHL38D2NGMVRX7O464IE1,0.138889,0.861111,point_previews/task000093_mu004096_rho030_n1.png
0.4,4096,8,license_plate_bahnschrift.ttf,BFUCAOZJ9Y5KPW0TSHL38D2NGMVRX7Q64IE1,7,3,0,0.34,10.119289,0.843436,0.953987,BFUCAOZI9YSKPWOTSHL38D2NGMVRX7QO64IE1,0.111111,0.888889,point_previews/task000093_mu004096_rho040_n0.png
0.4,4096,8,license_plate_bahnschrift.ttf,BFUCAOZJ9Y5KPW0TSHL38D2NGMVRX7Q64IE1,7,3,1,0.34,10.119289,0.843436,0.953987,BFUCAOZI9YSKPWOTSHL38D2NGMVRX7QO64IE1,0.111111,0.888889,point_previews/task000093_mu004096_rho040_n1.png
0.5,4096,8,license_plate_bahnschrift.ttf,BFUCAOZJ9Y5KPW0TSHL38D2NGMVRX7Q64IE1,7,3,0,0.425,11.313708,0.8067,0.853272,BFUCAOZI9YSKPWOTSHL38D2NGMVRX7Q64IE1,0.083333,0.916667,point_previews/task000093_mu004096_rho050_n0.png
0.5,4096,8,license_plate_bahnschrift.ttf,BFUCAOZJ9Y5KPW0TSHL38D2NGMVRX7Q64IE1,7,3,1,0.425,11.313708,0.8067,0.853272,BFUCAOZI9YSKPWOTSHL38D2NGMVRX7Q64IE1,0.083333,0.916667,point_previews/task000093_mu004096_rho050_n1.png
0.6,4096,8,license_plate_bahnschrift.ttf,BFUCAOZJ9Y5KPW0TSHL38D2NGMVRX7Q64IE1,7,3,0,0.51,12.393547,0.770893,0.778927,BFUCAOZI9YSKPWOTSHL38D2NGMVRX7Q64IE1,0.083333,0.916667,point_previews/task000093_mu004096_rho060_n0.png
0.6,4096,8,license_plate_bahnschrift.ttf,BFUCAOZJ9Y5KPW0TSHL38D2NGMVRX7Q64IE1,7,3,1,0.51,12.393547,0.770893,0.778927,BFUCAOZI9YSKPWOTSHL38D2NGMVRX7Q464IE1,0.111111,0.888889,point_previews/task000093_mu004096_rho060_n1.png
0.7,4096,8,license_plate_bahnschrift.ttf,BFUCAOZJ9Y5KPW0TSHL38D2NGMVRX7Q64IE1,7,3,0,0.595,13.38656,0.735998,0.721147,BFUCAOZI9YSKPWOTSHL38D2NGMVRX7Q64IE1,0.083333,0.916667,point_previews/task000093_mu004096_rho070_n0.png
0.7,4096,8,license_plate_bahnschrift.ttf,BFUCAOZJ9Y5KPW0TSHL38D2NGMVRX7Q64IE1,7,3,1,0.595,13.38656,0.735998,0.721147,BFUCAOZI9YSKPWOTSHL38D2NGMVRX7Q64IE1,0.083333,0.916667,point_previews/task000093_mu004096_rho070_n1.png
0.8,4096,8,license_plate_bahnschrift.ttf,BFUCAOZJ9Y5KPW0TSHL38D2NGMVRX7Q64IE1,7,3,0,0.68,14.310835,0.701998,0.674571,BFUCAOZIJ9YSKPWOTSHL38D2NGMVRX7Q44IE1,0.111111,0.888889,point_previews/task000093_mu004096_rho080_n0.png
0.8,4096,8,license_plate_bahnschrift.ttf,BFUCAOZJ9Y5KPW0TSHL38D2NGMVRX7Q64IE1,7,3,1,0.68,14.310835,0.701998,0.674571,BFUCAOZIJ9YSKPWOTSHL38D2NGMVRX7Q44IE1,0.111111,0.888889,point_previews/task000093_mu004096_rho080_n1.png
0.9,4096,8,license_plate_bahnschrift.ttf,BFUCAOZJ9Y5KPW0TSHL38D2NGMVRX7Q64IE1,7,3,0,0.765,15.178933,0.668877,0.635992,BFUCAOZJ9YSKPWOTSHL38D2NGMVRX7Q44IE1,0.083333,0.916667,point_previews/task000093_mu004096_rho090_n0.png
0.9,4096,8,license_plate_bahnschrift.ttf,BFUCAOZJ9Y5KPW0TSHL38D2NGMVRX7Q64IE1,7,3,1,0.765,15.178933,0.668877,0.635992,BFUCAOZJ9YSKPWOTSHL38D2NGMVRX7Q44IE1,0.083333,0.916667,point_previews/task000093_mu004096_rho090_n1.png
1.0,4096,8,license_plate_bahnschrift.ttf,BFUCAOZJ9Y5KPW0TSHL38D2NGMVRX7Q64IE1,7,3,0,0.85,16.0,0.63662,0.603355,BFUCAOZJ9YSKPWOTSHL38D2NGMVRX7Q44IE1,0.083333,0.916667,point_previews/task000093_mu004096_rho100_n0.png
1.0,4096,8,license_plate_bahnschrift.ttf,BFUCAOZJ9Y5KPW0TSHL38D2NGMVRX7Q64IE1,7,3,1,0.85,16.0,0.63662,0.603355,BFUCAOZJ9YSKPWOTSHL38D2NGMVRX7Q44IE1,0.083333,0.916667,point_previews/task000093_mu004096_rho100_n1.png
0.1,16384,8,license_plate_bahnschrift.ttf,BFUCAOZJ9Y5KPW0TSHL38D2NGMVRX7Q64IE1,7,3,0,0.085,5.059644,0.959381,1.907975,BFUCA0ZI9YSKPWOTSHLI8D2NGMYVRX7O4641E1,0.25,0.75,point_previews/task000094_mu016384_rho010_n0.png
0.1,16384,8,license_plate_bahnschrift.ttf,BFUCAOZJ9Y5KPW0TSHL38D2NGMVRX7Q64IE1,7,3,1,0.085,5.059644,0.959381,1.907975,BFUCAOZI9YSKPWOTSHLI8D2NGMYRX7O4641E1,0.222222,0.777778,point_previews/task000094_mu016384_rho010_n1.png
0.2,16384,8,license_plate_bahnschrift.ttf,BFUCAOZJ9Y5KPW0TSHL38D2NGMVRX7Q64IE1,7,3,0,0.17,7.155418,0.919759,1.349142,BFUCAOZI9YSKPWOTSHLI8D2NGMYVRX7O464IE1,0.194444,0.805556,point_previews/task000094_mu016384_rho020_n0.png
0.2,16384,8,license_plate_bahnschrift.ttf,BFUCAOZJ9Y5KPW0TSHL38D2NGMVRX7Q64IE1,7,3,1,0.17,7.155418,0.919759,1.349142,BFUCAOZI9YSKPWOTSHLI8D2NGMYVRX7O464IE1,0.194444,0.805556,point_previews/task000094_mu016384_rho020_n1.png
0.3,16384,8,license_plate_bahnschrift.ttf,BFUCAOZJ9Y5KPW0TSHL38D2NGMVRX7Q64IE1,7,3,0,0.255,8.763561,0.881116,1.10157,BFUCAOZI9YSKPWOTSHLI8D2NGMVRX7O64IE1,0.138889,0.861111,point_previews/task000094_mu016384_rho030_n0.png
0.3,16384,8,license_plate_bahnschrift.ttf,BFUCAOZJ9Y5KPW0TSHL38D2NGMVRX7Q64IE1,7,3,1,0.255,8.763561,0.881116,1.10157,BFUCAOZI9YSKPWOTSHLI8D2NGMVRX7O64IE1,0.138889,0.861111,point_previews/task000094_mu016384_rho030_n1.png
0.4,16384,8,license_plate_bahnschrift.ttf,BFUCAOZJ9Y5KPW0TSHL38D2NGMVRX7Q64IE1,7,3,0,0.34,10.119289,0.843436,0.953987,BFUCAOZI9YSKPWOTSHL38D2NGMVRX7QO64IE1,0.111111,0.888889,point_previews/task000094_mu016384_rho040_n0.png
0.4,16384,8,license_plate_bahnschrift.ttf,BFUCAOZJ9Y5KPW0TSHL38D2NGMVRX7Q64IE1,7,3,1,0.34,10.119289,0.843436,0.953987,BFUCAOZI9YSKPWOTSHL38D2NGMVRX7QO64IE1,0.111111,0.888889,point_previews/task000094_mu016384_rho040_n1.png
0.5,16384,8,license_plate_bahnschrift.ttf,BFUCAOZJ9Y5KPW0TSHL38D2NGMVRX7Q64IE1,7,3,0,0.425,11.313708,0.8067,0.853272,BFUCAOZI9YSKPWOTSHL38D2NGMVRX7Q64IE1,0.083333,0.916667,point_previews/task000094_mu016384_rho050_n0.png
0.5,16384,8,license_plate_bahnschrift.ttf,BFUCAOZJ9Y5KPW0TSHL38D2NGMVRX7Q64IE1,7,3,1,0.425,11.313708,0.8067,0.853272,BFUCAOZI9YSKPWOTSHL38D2NGMVRX7Q64IE1,0.083333,0.916667,point_previews/task000094_mu016384_rho050_n1.png
0.6,16384,8,license_plate_bahnschrift.ttf,BFUCAOZJ9Y5KPW0TSHL38D2NGMVRX7Q64IE1,7,3,0,0.51,12.393547,0.770893,0.778927,BFUCAOZI9YSKPWOTSHL38D2NGMVRX7Q64IE1,0.083333,0.916667,point_previews/task000094_mu016384_rho060_n0.png
0.6,16384,8,license_plate_bahnschrift.ttf,BFUCAOZJ9Y5KPW0TSHL38D2NGMVRX7Q64IE1,7,3,1,0.51,12.393547,0.770893,0.778927,BFUCAOZI9YSKPWOTSHL38D2NGMVRX7Q64IE1,0.083333,0.916667,point_previews/task000094_mu016384_rho060_n1.png
0.7,16384,8,license_plate_bahnschrift.ttf,BFUCAOZJ9Y5KPW0TSHL38D2NGMVRX7Q64IE1,7,3,0,0.595,13.38656,0.735998,0.721147,BFUCAOZI9YSKPWOTSHL38D2NGMVRX7Q64IE1,0.083333,0.916667,point_previews/task000094_mu016384_rho070_n0.png
0.7,16384,8,license_plate_bahnschrift.ttf,BFUCAOZJ9Y5KPW0TSHL38D2NGMVRX7Q64IE1,7,3,1,0.595,13.38656,0.735998,0.721147,BFUCAOZI9YSKPWOTSHL38D2NGMVRX7Q64IE1,0.083333,0.916667,point_previews/task000094_mu016384_rho070_n1.png
0.8,16384,8,license_plate_bahnschrift.ttf,BFUCAOZJ9Y5KPW0TSHL38D2NGMVRX7Q64IE1,7,3,0,0.68,14.310835,0.701998,0.674571,BFUCAOZIJ9YSKPWOTSHL38D2NGMVRX7Q44IE1,0.111111,0.888889,point_previews/task000094_mu016384_rho080_n0.png
0.8,16384,8,license_plate_bahnschrift.ttf,BFUCAOZJ9Y5KPW0TSHL38D2NGMVRX7Q64IE1,7,3,1,0.68,14.310835,0.701998,0.674571,BFUCAOZIJ9YSKPWOTSHL38D2NGMVRX7Q44IE1,0.111111,0.888889,point_previews/task000094_mu016384_rho080_n1.png
0.9,16384,8,license_plate_bahnschrift.ttf,BFUCAOZJ9Y5KPW0TSHL38D2NGMVRX7Q64IE1,7,3,0,0.765,15.178933,0.668877,0.635992,BFUCAOZJ9YSKPWOTSHL38D2NGMVRX7Q644IE1,0.083333,0.916667,point_previews/task000094_mu016384_rho090_n0.png
0.9,16384,8,license_plate_bahnschrift.ttf,BFUCAOZJ9Y5KPW0TSHL38D2NGMVRX7Q64IE1,7,3,1,0.765,15.178933,0.668877,0.635992,BFUCAOZJ9YSKPWOTSHL38D2NGMVRX7Q44IE1,0.083333,0.916667,point_previews/task000094_mu016384_rho090_n1.png
1.0,16384,8,license_plate_bahnschrift.ttf,BFUCAOZJ9Y5KPW0TSHL38D2NGMVRX7Q64IE1,7,3,0,0.85,16.0,0.63662,0.603355,BFUCAOZJ9YSKPWOTSHL38D2NGMVRX7Q44IE1,0.083333,0.916667,point_previews/task000094_mu016384_rho100_n0.png
1.0,16384,8,license_plate_bahnschrift.ttf,BFUCAOZJ9Y5KPW0TSHL38D2NGMVRX7Q64IE1,7,3,1,0.85,16.0,0.63662,0.603355,BFUCAOZJ9YSKPWOTSHL38D2NGMVRX7Q44IE1,0.083333,0.916667,point_previews/task000094_mu016384_rho100_n1.png
0.1,65536,8,license_plate_bahnschrift.ttf,BFUCAOZJ9Y5KPW0TSHL38D2NGMVRX7Q64IE1,7,3,0,0.085,5.059644,0.959381,1.907975,BFUCAOZI9YSKPWOTSHLI8D2NGMYVRX7O4641E1,0.222222,0.777778,point_previews/task000095_mu065536_rho010_n0.png
0.1,65536,8,license_plate_bahnschrift.ttf,BFUCAOZJ9Y5KPW0TSHL38D2NGMVRX7Q64IE1,7,3,1,0.085,5.059644,0.959381,1.907975,BFUCAOZI9YSKPWOTSHLI8D2NGMYVRX7O4641E1,0.222222,0.777778,point_previews/task000095_mu065536_rho010_n1.png
0.2,65536,8,license_plate_bahnschrift.ttf,BFUCAOZJ9Y5KPW0TSHL38D2NGMVRX7Q64IE1,7,3,0,0.17,7.155418,0.919759,1.349142,BFUCAOZI9YSKPWOTSHLI8D2NGMYVRX7O4641E1,0.222222,0.777778,point_previews/task000095_mu065536_rho020_n0.png
0.2,65536,8,license_plate_bahnschrift.ttf,BFUCAOZJ9Y5KPW0TSHL38D2NGMVRX7Q64IE1,7,3,1,0.17,7.155418,0.919759,1.349142,BFUCAOZI9YSKPWOTSHLI8D2NGMYVRX7O4641E1,0.222222,0.777778,point_previews/task000095_mu065536_rho020_n1.png
0.3,65536,8,license_plate_bahnschrift.ttf,BFUCAOZJ9Y5KPW0TSHL38D2NGMVRX7Q64IE1,7,3,0,0.255,8.763561,0.881116,1.10157,BFUCAOZI9YSKPWOTSHLI8D2NGMVRX7O64IEI,0.166667,0.833333,point_previews/task000095_mu065536_rho030_n0.png
0.3,65536,8,license_plate_bahnschrift.ttf,BFUCAOZJ9Y5KPW0TSHL38D2NGMVRX7Q64IE1,7,3,1,0.255,8.763561,0.881116,1.10157,BFUCAOZI9YSKPWOTSHLI8D2NGMVRX7O64IE1,0.138889,0.861111,point_previews/task000095_mu065536_rho030_n1.png
0.4,65536,8,license_plate_bahnschrift.ttf,BFUCAOZJ9Y5KPW0TSHL38D2NGMVRX7Q64IE1,7,3,0,0.34,10.119289,0.843436,0.953987,BFUCAOZI9YSKPWOTSHL38D2NGMVRX7Q44IE1,0.111111,0.888889,point_previews/task000095_mu065536_rho040_n0.png
0.4,65536,8,license_plate_bahnschrift.ttf,BFUCAOZJ9Y5KPW0TSHL38D2NGMVRX7Q64IE1,7,3,1,0.34,10.119289,0.843436,0.953987,BFUCAOZI9YSKPWOTSHL38D2NGMVRX7QO441E1,0.166667,0.833333,point_previews/task000095_mu065536_rho040_n1.png
0.5,65536,8,license_plate_bahnschrift.ttf,BFUCAOZJ9Y5KPW0TSHL38D2NGMVRX7Q64IE1,7,3,0,0.425,11.313708,0.8067,0.853272,BFUCAOZI9YSKPWOTSHL38D2NGMVRX7Q64IE1,0.083333,0.916667,point_previews/task000095_mu065536_rho050_n0.png
0.5,65536,8,license_plate_bahnschrift.ttf,BFUCAOZJ9Y5KPW0TSHL38D2NGMVRX7Q64IE1,7,3,1,0.425,11.313708,0.8067,0.853272,BFUCAOZI9YSKPWOTSHL38D2NGMVRX7Q641E1,0.111111,0.888889,point_previews/task000095_mu065536_rho050_n1.png
0.6,65536,8,license_plate_bahnschrift.ttf,BFUCAOZJ9Y5KPW0TSHL38D2NGMVRX7Q64IE1,7,3,0,0.51,12.393547,0.770893,0.778927,BFUCAOZI9YSKPWOTSHL38D2NGMVRX7Q64IE1,0.083333,0.916667,point_previews/task000095_mu065536_rho060_n0.png
0.6,65536,8,license_plate_bahnschrift.ttf,BFUCAOZJ9Y5KPW0TSHL38D2NGMVRX7Q64IE1,7,3,1,0.51,12.393547,0.770893,0.778927,BFUCAOZI9YSKPWOTSHL38D2NGMVRX7Q44IE1,0.111111,0.888889,point_previews/task000095_mu065536_rho060_n1.png
0.7,65536,8,license_plate_bahnschrift.ttf,BFUCAOZJ9Y5KPW0TSHL38D2NGMVRX7Q64IE1,7,3,0,0.595,13.38656,0.735998,0.721147,BFUCAOZJ9YSKPWOTSHL38D2NGMVRX7Q64IE1,0.055556,0.944444,point_previews/task000095_mu065536_rho070_n0.png
0.7,65536,8,license_plate_bahnschrift.ttf,BFUCAOZJ9Y5KPW0TSHL38D2NGMVRX7Q64IE1,7,3,1,0.595,13.38656,0.735998,0.721147,BFUCAOZI9YSKPWOTSHL38D2NGMVRX7Q64IE1,0.083333,0.916667,point_previews/task000095_mu065536_rho070_n1.png
0.8,65536,8,license_plate_bahnschrift.ttf,BFUCAOZJ9Y5KPW0TSHL38D2NGMVRX7Q64IE1,7,3,0,0.68,14.310835,0.701998,0.674571,BFUCAOZIJ9YSKPWOTSHL38D2NGMVRX7Q44IE1,0.111111,0.888889,point_previews/task000095_mu065536_rho080_n0.png
0.8,65536,8,license_plate_bahnschrift.ttf,BFUCAOZJ9Y5KPW0TSHL38D2NGMVRX7Q64IE1,7,3,1,0.68,14.310835,0.701998,0.674571,BFUCAOZJ9YSKPWOTSHL38D2NGMVRX7Q44IE1,0.083333,0.916667,point_previews/task000095_mu065536_rho080_n1.png
0.9,65536,8,license_plate_bahnschrift.ttf,BFUCAOZJ9Y5KPW0TSHL38D2NGMVRX7Q64IE1,7,3,0,0.765,15.178933,0.668877,0.635992,BFUCAOZJ9YSKPWOTSHL38D2NGMVRX7Q44IE1,0.083333,0.916667,point_previews/task000095_mu065536_rho090_n0.png
0.9,65536,8,license_plate_bahnschrift.ttf,BFUCAOZJ9Y5KPW0TSHL38D2NGMVRX7Q64IE1,7,3,1,0.765,15.178933,0.668877,0.635992,BFUCAOZIJ9YSKPWOTSHL38D2NGMVRX7Q44IE1,0.111111,0.888889,point_previews/task000095_mu065536_rho090_n1.png
1.0,65536,8,license_plate_bahnschrift.ttf,BFUCAOZJ9Y5KPW0TSHL38D2NGMVRX7Q64IE1,7,3,0,0.85,16.0,0.63662,0.603355,BFUCAOZJ9YSKPWOTSHL38D2NGMVRX7Q44IE1,0.083333,0.916667,point_previews/task000095_mu065536_rho100_n0.png
1.0,65536,8,license_plate_bahnschrift.ttf,BFUCAOZJ9Y5KPW0TSHL38D2NGMVRX7Q64IE1,7,3,1,0.85,16.0,0.63662,0.603355,BFUCAOZJ9YSKPWOTSHL38D2NGMVRX7Q44IE1,0.083333,0.916667,point_previews/task000095_mu065536_rho100_n1.png
0.1,4,8,license_plate_bahnschrift.ttf,BFUCAOZJ9Y5KPW0TSHL38D2NGMVRX7Q64IE1,7,7,0,0.085,5.059644,0.959381,1.907975,RARERUPOCTOPRMIENENTEBYPRCP,0.888889,0.111111,point_previews/task000096_mu000004_rho010_n0.png
0.1,4,8,license_plate_bahnschrift.ttf,BFUCAOZJ9Y5KPW0TSHL38D2NGMVRX7Q64IE1,7,7,1,0.085,5.059644,0.959381,1.907975,SSCMENCPAEMENER,0.888889,0.111111,point_previews/task000096_mu000004_rho010_n1.png
0.2,4,8,license_plate_bahnschrift.ttf,BFUCAOZJ9Y5KPW0TSHL38D2NGMVRX7Q64IE1,7,7,0,0.17,7.155418,0.919759,1.349142,IRPMGLARESI,0.888889,0.111111,point_previews/task000096_mu000004_rho020_n0.png
0.2,4,8,license_plate_bahnschrift.ttf,BFUCAOZJ9Y5KPW0TSHL38D2NGMVRX7Q64IE1,7,7,1,0.17,7.155418,0.919759,1.349142,BAEFRCRLREEOOD,0.888889,0.111111,point_previews/task000096_mu000004_rho020_n1.png
0.3,4,8,license_plate_bahnschrift.ttf,BFUCAOZJ9Y5KPW0TSHL38D2NGMVRX7Q64IE1,7,7,0,0.255,8.763561,0.881116,1.10157,,1.0,0.0,point_previews/task000096_mu000004_rho030_n0.png
0.3,4,8,license_plate_bahnschrift.ttf,BFUCAOZJ9Y5KPW0TSHL38D2NGMVRX7Q64IE1,7,7,1,0.255,8.763561,0.881116,1.10157,TUCCASUMCCSSEA,0.861111,0.138889,point_previews/task000096_mu000004_rho030_n1.png
0.4,4,8,license_plate_bahnschrift.ttf,BFUCAOZJ9Y5KPW0TSHL38D2NGMVRX7Q64IE1,7,7,0,0.34,10.119289,0.843436,0.953987,SERRACNAREESANCRESANPES,0.861111,0.138889,point_previews/task000096_mu000004_rho040_n0.png
0.4,4,8,license_plate_bahnschrift.ttf,BFUCAOZJ9Y5KPW0TSHL38D2NGMVRX7Q64IE1,7,7,1,0.34,10.119289,0.843436,0.953987,,1.0,0.0,point_previews/task000096_mu000004_rho040_n1.png
0.5,4,8,license_plate_bahnschrift.ttf,BFUCAOZJ9Y5KPW0TSHL38D2NGMVRX7Q64IE1,7,7,0,0.425,11.313708,0.8067,0.853272,UEFSEECENROESERPT,0.888889,0.111111,point_previews/task000096_mu000004_rho050_n0.png
0.5,4,8,license_plate_bahnschrift.ttf,BFUCAOZJ9Y5KPW0TSHL38D2NGMVRX7Q64IE1,7,7,1,0.425,11.313708,0.8067,0.853272,,1.0,0.0,point_previews/task000096_mu000004_rho050_n1.png
0.6,4,8,license_plate_bahnschrift.ttf,BFUCAOZJ9Y5KPW0TSHL38D2NGMVRX7Q64IE1,7,7,0,0.51,12.393547,0.770893,0.778927,PROLSUMAICHRFSERRS,0.916667,0.083333,point_previews/task000096_mu000004_rho060_n0.png
0.6,4,8,license_plate_bahnschrift.ttf,BFUCAOZJ9Y5KPW0TSHL38D2NGMVRX7Q64IE1,7,7,1,0.51,12.393547,0.770893,0.778927,SERSSSSPUROREHEPESTELRPU,0.944444,0.055556,point_previews/task000096_mu000004_rho060_n1.png
0.7,4,8,license_plate_bahnschrift.ttf,BFUCAOZJ9Y5KPW0TSHL38D2NGMVRX7Q64IE1,7,7,0,0.595,13.38656,0.735998,0.721147,SSORGAGIBORSINTFERUONR,0.888889,0.111111,point_previews/task000096_mu000004_rho070_n0.png
0.7,4,8,license_plate_bahnschrift.ttf,BFUCAOZJ9Y5KPW0TSHL38D2NGMVRX7Q64IE1,7,7,1,0.595,13.38656,0.735998,0.721147,CRSERUOESEBOHPRUENSSBBHIRRESOOETST,0.944444,0.055556,point_previews/task000096_mu000004_rho070_n1.png
0.8,4,8,license_plate_bahnschrift.ttf,BFUCAOZJ9Y5KPW0TSHL38D2NGMVRX7Q64IE1,7,7,0,0.68,14.310835,0.701998,0.674571,BUACRAOUDMSHCBACSERUIERAI,0.805556,0.194444,point_previews/task000096_mu000004_rho080_n0.png
0.8,4,8,license_plate_bahnschrift.ttf,BFUCAOZJ9Y5KPW0TSHL38D2NGMVRX7Q64IE1,7,7,1,0.68,14.310835,0.701998,0.674571,SEMETASUNSWEEAUNSSUPRIYRPELRSIEE,0.888889,0.111111,point_previews/task000096_mu000004_rho080_n1.png
0.9,4,8,license_plate_bahnschrift.ttf,BFUCAOZJ9Y5KPW0TSHL38D2NGMVRX7Q64IE1,7,7,0,0.765,15.178933,0.668877,0.635992,EANNSTOVRRASNEISSEPRBOLAER,0.888889,0.111111,point_previews/task000096_mu000004_rho090_n0.png
0.9,4,8,license_plate_bahnschrift.ttf,BFUCAOZJ9Y5KPW0TSHL38D2NGMVRX7Q64IE1,7,7,1,0.765,15.178933,0.668877,0.635992,TARRCSNRFOREERCRISSGRYSE,0.888889,0.111111,point_previews/task000096_mu000004_rho090_n1.png
1.0,4,8,license_plate_bahnschrift.ttf,BFUCAOZJ9Y5KPW0TSHL38D2NGMVRX7Q64IE1,7,7,0,0.85,16.0,0.63662,0.603355,GLUABEIOSPPOTGE9NERSE,0.805556,0.194444,point_previews/task000096_mu000004_rho100_n0.png
1.0,4,8,license_plate_bahnschrift.ttf,BFUCAOZJ9Y5KPW0TSHL38D2NGMVRX7Q64IE1,7,7,1,0.85,16.0,0.63662,0.603355,DCAEYSENETOMKTRIEY,0.805556,0.194444,point_previews/task000096_mu000004_rho100_n1.png
0.1,16,8,license_plate_bahnschrift.ttf,BFUCAOZJ9Y5KPW0TSHL38D2NGMVRX7Q64IE1,7,7,0,0.085,5.059644,0.959381,1.907975,,1.0,0.0,point_previews/task000097_mu000016_rho010_n0.png
0.1,16,8,license_plate_bahnschrift.ttf,BFUCAOZJ9Y5KPW0TSHL38D2NGMVRX7Q64IE1,7,7,1,0.085,5.059644,0.959381,1.907975,LNESARATRRYRE,0.888889,0.111111,point_previews/task000097_mu000016_rho010_n1.png
0.2,16,8,license_plate_bahnschrift.ttf,BFUCAOZJ9Y5KPW0TSHL38D2NGMVRX7Q64IE1,7,7,0,0.17,7.155418,0.919759,1.349142,,1.0,0.0,point_previews/task000097_mu000016_rho020_n0.png
0.2,16,8,license_plate_bahnschrift.ttf,BFUCAOZJ9Y5KPW0TSHL38D2NGMVRX7Q64IE1,7,7,1,0.17,7.155418,0.919759,1.349142,SSCAAAGHPARTSETRCPMCRT,0.805556,0.194444,point_previews/task000097_mu000016_rho020_n1.png
0.3,16,8,license_plate_bahnschrift.ttf,BFUCAOZJ9Y5KPW0TSHL38D2NGMVRX7Q64IE1,7,7,0,0.255,8.763561,0.881116,1.10157,BELCACEISYRPWETSHESREPEGERE,0.666667,0.333333,point_previews/task000097_mu000016_rho030_n0.png
0.3,16,8,license_plate_bahnschrift.ttf,BFUCAOZJ9Y5KPW0TSHL38D2NGMVRX7Q64IE1,7,7,1,0.255,8.763561,0.881116,1.10157,BPSGGLIOSSSHLTSUNGMEREIGAE,0.75,0.25,point_previews/task000097_mu000016_rho030_n1.png
0.4,16,8,license_plate_bahnschrift.ttf,BFUCAOZJ9Y5KPW0TSHL38D2NGMVRX7Q64IE1,7,7,0,0.34,10.119289,0.843436,0.953987,BEGRMOEIOVERPWETSHENEOOMRUIREIET,0.694444,0.305556,point_previews/task000097_mu000016_rho040_n0.png
0.4,16,8,license_plate_bahnschrift.ttf,BFUCAOZJ9Y5KPW0TSHL38D2NGMVRX7Q64IE1,7,7,1,0.34,10.119289,0.843436,0.953987,SARCAOSPKPANTSHASINGMRASEGIEE,0.611111,0.388889,point_previews/task000097_mu000016_rho040_n1.png
0.5,16,8,license_plate_bahnschrift.ttf,BFUCAOZJ9Y5KPW0TSHL38D2NGMVRX7Q64IE1,7,7,0,0.425,11.313708,0.8067,0.853272,SSEUEAGZISYSKBWETSHEASDINGMURNFOGATED,0.611111,0.388889,point_previews/task000097_mu000016_rho050_n0.png
0.5,16,8,license_plate_bahnschrift.ttf,BFUCAOZJ9Y5KPW0TSHL38D2NGMVRX7Q64IE1,7,7,1,0.425,11.313708,0.8067,0.853272,,1.0,0.0,point_previews/task000097_mu000016_rho050_n1.png
0.6,16,8,license_plate_bahnschrift.ttf,BFUCAOZJ9Y5KPW0TSHL38D2NGMVRX7Q64IE1,7,7,0,0.51,12.393547,0.770893,0.778927,BPUCAOZJSYEKPWITSHESECINSMVRYFOGAET,0.472222,0.527778,point_previews/task000097_mu000016_rho060_n0.png
0.6,16,8,license_plate_bahnschrift.ttf,BFUCAOZJ9Y5KPW0TSHL38D2NGMVRX7Q64IE1,7,7,1,0.51,12.393547,0.770893,0.778927,,1.0,0.0,point_previews/task000097_mu000016_rho060_n1.png
0.7,16,8,license_plate_bahnschrift.ttf,BFUCAOZJ9Y5KPW0TSHL38D2NGMVRX7Q64IE1,7,7,0,0.595,13.38656,0.735998,0.721147,SEYCAGZIPYSRPWUTSHLJD2NSMYVRXTOSSIET,0.5,0.5,point_previews/task000097_mu000016_rho070_n0.png
0.7,16,8,license_plate_bahnschrift.ttf,BFUCAOZJ9Y5KPW0TSHL38D2NGMVRX7Q64IE1,7,7,1,0.595,13.38656,0.735998,0.721147,,1.0,0.0,point_previews/task000097_mu000016_rho070_n1.png
0.8,16,8,license_plate_bahnschrift.ttf,BFUCAOZJ9Y5KPW0TSHL38D2NGMVRX7Q64IE1,7,7,0,0.68,14.310835,0.701998,0.674571,SHUCAGZIVYEKPIWDTSHLAOS2NSEMURTOBSIET,0.555556,0.444444,point_previews/task000097_mu000016_rho080_n0.png
0.8,16,8,license_plate_bahnschrift.ttf,BFUCAOZJ9Y5KPW0TSHL38D2NGMVRX7Q64IE1,7,7,1,0.68,14.310835,0.701998,0.674571,,1.0,0.0,point_previews/task000097_mu000016_rho080_n1.png
0.9,16,8,license_plate_bahnschrift.ttf,BFUCAOZJ9Y5KPW0TSHL38D2NGMVRX7Q64IE1,7,7,0,0.765,15.178933,0.668877,0.635992,BFOCAGZISYSKPWOTSHESSOONSMYVAXYOLIET,0.527778,0.472222,point_previews/task000097_mu000016_rho090_n0.png
0.9,16,8,license_plate_bahnschrift.ttf,BFUCAOZJ9Y5KPW0TSHL38D2NGMVRX7Q64IE1,7,7,1,0.765,15.178933,0.668877,0.635992,,1.0,0.0,point_previews/task000097_mu000016_rho090_n1.png
1.0,16,8,license_plate_bahnschrift.ttf,BFUCAOZJ9Y5KPW0TSHL38D2NGMVRX7Q64IE1,7,7,0,0.85,16.0,0.63662,0.603355,,1.0,0.0,point_previews/task000097_mu000016_rho100_n0.png
1.0,16,8,license_plate_bahnschrift.ttf,BFUCAOZJ9Y5KPW0TSHL38D2NGMVRX7Q64IE1,7,7,1,0.85,16.0,0.63662,0.603355,BFUCAGZISYSKPWWDTSHLSADINGMVAX7DS4IET,0.361111,0.638889,point_previews/task000097_mu000016_rho100_n1.png
0.1,64,8,license_plate_bahnschrift.ttf,BFUCAOZJ9Y5KPW0TSHL38D2NGMVRX7Q64IE1,7,7,0,0.085,5.059644,0.959381,1.907975,FBEUCABZIOVARPWTGULASITHEMYARTRSZIET,0.694444,0.305556,point_previews/task000098_mu000064_rho010_n0.png
0.1,64,8,license_plate_bahnschrift.ttf,BFUCAOZJ9Y5KPW0TSHL38D2NGMVRX7Q64IE1,7,7,1,0.085,5.059644,0.959381,1.907975,BEUGADZSYSRRWGFSHECSONGMVRXTOEMIEY,0.555556,0.444444,point_previews/task000098_mu000064_rho010_n1.png
0.2,64,8,license_plate_bahnschrift.ttf,BFUCAOZJ9Y5KPW0TSHL38D2NGMVRX7Q64IE1,7,7,0,0.17,7.155418,0.919759,1.349142,,1.0,0.0,point_previews/task000098_mu000064_rho020_n0.png
0.2,64,8,license_plate_bahnschrift.ttf,BFUCAOZJ9Y5KPW0TSHL38D2NGMVRX7Q64IE1,7,7,1,0.17,7.155418,0.919759,1.349142,,1.0,0.0,point_previews/task000098_mu000064_rho020_n1.png
0.3,64,8,license_plate_bahnschrift.ttf,BFUCAOZJ9Y5KPW0TSHL38D2NGMVRX7Q64IE1,7,7,0,0.255,8.763561,0.881116,1.10157,,1.0,0.0,point_previews/task000098_mu000064_rho030_n0.png
0.3,64,8,license_plate_bahnschrift.ttf,BFUCAOZJ9Y5KPW0TSHL38D2NGMVRX7Q64IE1,7,7,1,0.255,8.763561,0.881116,1.10157,BEUCADZ1OYEKPWOTSHLISD2NGMVRX7O6K1E,0.333333,0.666667,point_previews/task000098_mu000064_rho030_n1.png
0.4,64,8,license_plate_bahnschrift.ttf,BFUCAOZJ9Y5KPW0TSHL38D2NGMVRX7Q64IE1,7,7,0,0.34,10.119289,0.843436,0.953987,BEUCAOZJ9YSKPWOTSHLASD2NGMVRXIGS4IE1,0.222222,0.777778,point_previews/task000098_mu000064_rho040_n0.png
0.4,64,8,license_plate_bahnschrift.ttf,BFUCAOZJ9Y5KPW0TSHL38D2NGMVRX7Q64IE1,7,7,1,0.34,10.119289,0.843436,0.953987,BEUCADZJ9YSKPINOTSHL38D2NGMVAXTO64I61,0.277778,0.722222,point_previews/task000098_mu000064_rho040_n1.png
0.5,64,8,license_plate_bahnschrift.ttf,BFUCAOZJ9Y5KPW0TSHL38D2NGMVRX7Q64IE1,7,7,0,0.425,11.313708,0.8067,0.853272,BFUCAOZI9YSKPWOTSHESSD2NGMVRXTO4AIED,0.305556,0.694444,point_previews/task000098_mu000064_rho050_n0.png
0.5,64,8,license_plate_bahnschrift.ttf,BFUCAOZJ9Y5KPW0TSHL38D2NGMVRX7Q64IE1,7,7,1,0.425,11.313708,0.8067,0.853272,BFUCAOZJ9YSKPWOTSHL3SD2NGMVRXTO6AIET,0.194444,0.805556,point_previews/task000098_mu000064_rho050_n1.png
0.6,64,8,license_plate_bahnschrift.ttf,BFUCAOZJ9Y5KPW0TSHL38D2NGMVRX7Q64IE1,7,7,0,0.51,12.393547,0.770893,0.778927,BFUCAOZJ9YSKPWOTSHL38D2NGMVRX70644IE1,0.111111,0.888889,point_previews/task000098_mu000064_rho060_n0.png
0.6,64,8,license_plate_bahnschrift.ttf,BFUCAOZJ9Y5KPW0TSHL38D2NGMVRX7Q64IE1,7,7,1,0.51,12.393547,0.770893,0.778927,PFUCAOZI9YSKPWOTSHEASD2NGMVRX7O44IET,0.277778,0.722222,point_previews/task000098_mu000064_rho060_n1.png
0.7,64,8,license_plate_bahnschrift.ttf,BFUCAOZJ9Y5KPW0TSHL38D2NGMVRX7Q64IE1,7,7,0,0.595,13.38656,0.735998,0.721147,BFUCAOZISYSKPWOTSHL38D2NGMVRXTO64IE1,0.166667,0.833333,point_previews/task000098_mu000064_rho070_n0.png
0.7,64,8,license_plate_bahnschrift.ttf,BFUCAOZJ9Y5KPW0TSHL38D2NGMVRX7Q64IE1,7,7,1,0.595,13.38656,0.735998,0.721147,BFUCAOZJ9YSKPWOTSHL38D2NGMVAX7O44IE1,0.138889,0.861111,point_previews/task000098_mu000064_rho070_n1.png
0.8,64,8,license_plate_bahnschrift.ttf,BFUCAOZJ9Y5KPW0TSHL38D2NGMVRX7Q64IE1,7,7,0,0.68,14.310835,0.701998,0.674571,BFUCAOZJ9YSKPWOTSHL3802NGMVRX7064IE1,0.111111,0.888889,point_previews/task000098_mu000064_rho080_n0.png
0.8,64,8,license_plate_bahnschrift.ttf,BFUCAOZJ9Y5KPW0TSHL38D2NGMVRX7Q64IE1,7,7,1,0.68,14.310835,0.701998,0.674571,BFUCAOZJ9YSKPWOTSHL38D2NGMVRX7O64IE1,0.083333,0.916667,point_previews/task000098_mu000064_rho080_n1.png
0.9,64,8,license_plate_bahnschrift.ttf,BFUCAOZJ9Y5KPW0TSHL38D2NGMVRX7Q64IE1,7,7,0,0.765,15.178933,0.668877,0.635992,BFUCAOZJSYSKPWOTSHLISD2NGMVRX7O64IE1,0.166667,0.833333,point_previews/task000098_mu000064_rho090_n0.png
0.9,64,8,license_plate_bahnschrift.ttf,BFUCAOZJ9Y5KPW0TSHL38D2NGMVRX7Q64IE1,7,7,1,0.765,15.178933,0.668877,0.635992,BEUCAOZJSYSKPWOTSHE3802NGMVRX7064IE1,0.194444,0.805556,point_previews/task000098_mu000064_rho090_n1.png
1.0,64,8,license_plate_bahnschrift.ttf,BFUCAOZJ9Y5KPW0TSHL38D2NGMVRX7Q64IE1,7,7,0,0.85,16.0,0.63662,0.603355,BFUCAOZJPYSKPWOTSHL38D2NGMVRX7O641E1,0.138889,0.861111,point_previews/task000098_mu000064_rho100_n0.png
1.0,64,8,license_plate_bahnschrift.ttf,BFUCAOZJ9Y5KPW0TSHL38D2NGMVRX7Q64IE1,7,7,1,0.85,16.0,0.63662,0.603355,BSFUCAOZJ9YSKPWOTSHL38D2NGMVRX7Q64IE1,0.083333,0.916667,point_previews/task000098_mu000064_rho100_n1.png
0.1,256,8,license_plate_bahnschrift.ttf,BFUCAOZJ9Y5KPW0TSHL38D2NGMVRX7Q64IE1,7,7,0,0.085,5.059644,0.959381,1.907975,BEUCAOZJ9YSKPWOTSHLISD2NGMVRXTOSAIET,0.277778,0.722222,point_previews/task000099_mu000256_rho010_n0.png
0.1,256,8,license_plate_bahnschrift.ttf,BFUCAOZJ9Y5KPW0TSHL38D2NGMVRX7Q64IE1,7,7,1,0.085,5.059644,0.959381,1.907975,BFUCAQZJSYSKPWOTSHLISD2NGMVRX7O441E1,0.25,0.75,point_previews/task000099_mu000256_rho010_n1.png
0.2,256,8,license_plate_bahnschrift.ttf,BFUCAOZJ9Y5KPW0TSHL38D2NGMVRX7Q64IE1,7,7,0,0.17,7.155418,0.919759,1.349142,BFUCAOZJ9YSKPWOTSHL38D2NGMVRX7O641E1,0.111111,0.888889,point_previews/task000099_mu000256_rho020_n0.png
0.2,256,8,license_plate_bahnschrift.ttf,BFUCAOZJ9Y5KPW0TSHL38D2NGMVRX7Q64IE1,7,7,1,0.17,7.155418,0.919759,1.349142,BFUCAOZJ9YSKPWOTSHL3S8D2NGMVRX70641E1,0.138889,0.861111,point_previews/task000099_mu000256_rho020_n1.png
0.3,256,8,license_plate_bahnschrift.ttf,BFUCAOZJ9Y5KPW0TSHL38D2NGMVRX7Q64IE1,7,7,0,0.255,8.763561,0.881116,1.10157,BFUCAOZJ9YSKPWOTSHL38D2NGMVRX7O441E1,0.138889,0.861111,point_previews/task000099_mu000256_rho030_n0.png
0.3,256,8,license_plate_bahnschrift.ttf,BFUCAOZJ9Y5KPW0TSHL38D2NGMVRX7Q64IE1,7,7,1,0.255,8.763561,0.881116,1.10157,BFUCAOZISYSKPWOTSHL3S8D2NGMYVRX7O64E1,0.222222,0.777778,point_previews/task000099_mu000256_rho030_n1.png
0.4,256,8,license_plate_bahnschrift.ttf,BFUCAOZJ9Y5KPW0TSHL38D2NGMVRX7Q64IE1,7,7,0,0.34,10.119289,0.843436,0.953987,BFUCAOZIJ9YSKPWOTSHL38D2NGMVRX7O641E1,0.138889,0.861111,point_previews/task000099_mu000256_rho040_n0.png
0.4,256,8,license_plate_bahnschrift.ttf,BFUCAOZJ9Y5KPW0TSHL38D2NGMVRX7Q64IE1,7,7,1,0.34,10.119289,0.843436,0.953987,BFUCAOZISYSKPWOTSHL38D2NGMVRX7O464IE1,0.166667,0.833333,point_previews/task000099_mu000256_rho040_n1.png
0.5,256,8,license_plate_bahnschrift.ttf,BFUCAOZJ9Y5KPW0TSHL38D2NGMVRX7Q64IE1,7,7,0,0.425,11.313708,0.8067,0.853272,BFUCAOZI9YSKPWOTSHL38D2NGMVRX7O64E1,0.138889,0.861111,point_previews/task000099_mu000256_rho050_n0.png
0.5,256,8,license_plate_bahnschrift.ttf,BFUCAOZJ9Y5KPW0TSHL38D2NGMVRX7Q64IE1,7,7,1,0.425,11.313708,0.8067,0.853272,BFUCAOZI9YSKPWOTSHL38D2NGMVRX7QO44IE1,0.138889,0.861111,point_previews/task000099_mu000256_rho050_n1.png
0.6,256,8,license_plate_bahnschrift.ttf,BFUCAOZJ9Y5KPW0TSHL38D2NGMVRX7Q64IE1,7,7,0,0.51,12.393547,0.770893,0.778927,BFUCAOZI9YSKPWOTSHL38D2NGMVRX7QO44IE1,0.138889,0.861111,point_previews/task000099_mu000256_rho060_n0.png
0.6,256,8,license_plate_bahnschrift.ttf,BFUCAOZJ9Y5KPW0TSHL38D2NGMVRX7Q64IE1,7,7,1,0.51,12.393547,0.770893,0.778927,BFUCAOZJ9YSKPWOTSHL38D2NGMVRX7QO64IE1,0.083333,0.916667,point_previews/task000099_mu000256_rho060_n1.png
0.7,256,8,license_plate_bahnschrift.ttf,BFUCAOZJ9Y5KPW0TSHL38D2NGMVRX7Q64IE1,7,7,0,0.595,13.38656,0.735998,0.721147,BFUCAOZI9YSKPWOTSHL38D2NGMVRX7Q44IE1,0.111111,0.888889,point_previews/task000099_mu000256_rho070_n0.png
0.7,256,8,license_plate_bahnschrift.ttf,BFUCAOZJ9Y5KPW0TSHL38D2NGMVRX7Q64IE1,7,7,1,0.595,13.38656,0.735998,0.721147,BFUCAOZI9YSKPWOTSHL38D2NGMVRX7Q64E1,0.111111,0.888889,point_previews/task000099_mu000256_rho070_n1.png
0.8,256,8,license_plate_bahnschrift.ttf,BFUCAOZJ9Y5KPW0TSHL38D2NGMVRX7Q64IE1,7,7,0,0.68,14.310835,0.701998,0.674571,BFUCAOZI9YSKPWOTSHL38D2NGMVRX7Q44IE1,0.111111,0.888889,point_previews/task000099_mu000256_rho080_n0.png
0.8,256,8,license_plate_bahnschrift.ttf,BFUCAOZJ9Y5KPW0TSHL38D2NGMVRX7Q64IE1,7,7,1,0.68,14.310835,0.701998,0.674571,BFUCAOZI9YSKPWOTSHL38D2NGMVRX7Q44IE1,0.111111,0.888889,point_previews/task000099_mu000256_rho080_n1.png
0.9,256,8,license_plate_bahnschrift.ttf,BFUCAOZJ9Y5KPW0TSHL38D2NGMVRX7Q64IE1,7,7,0,0.765,15.178933,0.668877,0.635992,BFUCAOZI9YSKPWOTSHL38D2NGMVRX7Q64IE1,0.083333,0.916667,point_previews/task000099_mu000256_rho090_n0.png
0.9,256,8,license_plate_bahnschrift.ttf,BFUCAOZJ9Y5KPW0TSHL38D2NGMVRX7Q64IE1,7,7,1,0.765,15.178933,0.668877,0.635992,BFUCAOZI9YSKPWOTSHL38D2NGMVRX7Q644IE1,0.111111,0.888889,point_previews/task000099_mu000256_rho090_n1.png
1.0,256,8,license_plate_bahnschrift.ttf,BFUCAOZJ9Y5KPW0TSHL38D2NGMVRX7Q64IE1,7,7,0,0.85,16.0,0.63662,0.603355,BFUCAOZIJ9YSKPWOTSHL38D2NGMVRX7Q44IE1,0.111111,0.888889,point_previews/task000099_mu000256_rho100_n0.png
1.0,256,8,license_plate_bahnschrift.ttf,BFUCAOZJ9Y5KPW0TSHL38D2NGMVRX7Q64IE1,7,7,1,0.85,16.0,0.63662,0.603355,BFUCAOZIJ9YSKPWOTSHL38D2NGMVRX7Q64IE1,0.083333,0.916667,point_previews/task000099_mu000256_rho100_n1.png
0.1,1024,8,license_plate_bahnschrift.ttf,BFUCAOZJ9Y5KPW0TSHL38D2NGMVRX7Q64IE1,7,7,0,0.085,5.059644,0.959381,1.907975,BFUCAOZISYSKPWOTSHL3I8D2NGMYRX7O4641E1,0.25,0.75,point_previews/task000100_mu001024_rho010_n0.png
0.1,1024,8,license_plate_bahnschrift.ttf,BFUCAOZJ9Y5KPW0TSHL38D2NGMVRX7Q64IE1,7,7,1,0.085,5.059644,0.959381,1.907975,BFUCAOZI9YSKPWOTSHL38D2NGMYVRX7O4641E1,0.194444,0.805556,point_previews/task000100_mu001024_rho010_n1.png
0.2,1024,8,license_plate_bahnschrift.ttf,BFUCAOZJ9Y5KPW0TSHL38D2NGMVRX7Q64IE1,7,7,0,0.17,7.155418,0.919759,1.349142,BFUCAOZI9YSKPWOTSHL38D2NGMYVRX7O44IE1,0.166667,0.833333,point_previews/task000100_mu001024_rho020_n0.png
0.2,1024,8,license_plate_bahnschrift.ttf,BFUCAOZJ9Y5KPW0TSHL38D2NGMVRX7Q64IE1,7,7,1,0.17,7.155418,0.919759,1.349142,BFUCAOZISYSKPWOTSHL38D2NGMVRXTO64IE1,0.166667,0.833333,point_previews/task000100_mu001024_rho020_n1.png
0.3,1024,8,license_plate_bahnschrift.ttf,BFUCAOZJ9Y5KPW0TSHL38D2NGMVRX7Q64IE1,7,7,0,0.255,8.763561,0.881116,1.10157,BFUCAOZI9YSKPWOTSHL38D2NGMVRX7O64IE1,0.111111,0.888889,point_previews/task000100_mu001024_rho030_n0.png
0.3,1024,8,license_plate_bahnschrift.ttf,BFUCAOZJ9Y5KPW0TSHL38D2NGMVRX7Q64IE1,7,7,1,0.255,8.763561,0.881116,1.10157,BFUCAOZI9YSKPWOTSHL38D2NGMVRX7O641E1,0.138889,0.861111,point_previews/task000100_mu001024_rho030_n1.png
0.4,1024,8,license_plate_bahnschrift.ttf,BFUCAOZJ9Y5KPW0TSHL38D2NGMVRX7Q64IE1,7,7,0,0.34,10.119289,0.843436,0.953987,BFUCAOZI9YSKPWOTSHL38D2NGMVRX7O464IE1,0.138889,0.861111,point_previews/task000100_mu001024_rho040_n0.png
0.4,1024,8,license_plate_bahnschrift.ttf,BFUCAOZJ9Y5KPW0TSHL38D2NGMVRX7Q64IE1,7,7,1,0.34,10.119289,0.843436,0.953987,BFUCAOZI9YSKPWOTSHL38D2NGMVRX7QO64IE1,0.111111,0.888889,point_previews/task000100_mu001024_rho040_n1.png
0.5,1024,8,license_plate_bahnschrift.ttf,BFUCAOZJ9Y5KPW0TSHL38D2NGMVRX7Q64IE1,7,7,0,0.425,11.313708,0.8067,0.853272,BFUCAOZI9YSKPWOTSHL38D2NGMVRX7QO64IE1,0.111111,0.888889,point_previews/task000100_mu001024_rho050_n0.png
0.5,1024,8,license_plate_bahnschrift.ttf,BFUCAOZJ9Y5KPW0TSHL38D2NGMVRX7Q64IE1,7,7,1,0.425,11.313708,0.8067,0.853272,BFUCAOZI9YSKPWOTSHL38D2NGMVRX7QO644IE1,0.138889,0.861111,point_previews/task000100_mu001024_rho050_n1.png
0.6,1024,8,license_plate_bahnschrift.ttf,BFUCAOZJ9Y5KPW0TSHL38D2NGMVRX7Q64IE1,7,7,0,0.51,12.393547,0.770893,0.778927,BFUCA0ZIJ9YSKPWOTSHL38D2NGMVRX7Q44IE1,0.138889,0.861111,point_previews/task000100_mu001024_rho060_n0.png
0.6,1024,8,license_plate_bahnschrift.ttf,BFUCAOZJ9Y5KPW0TSHL38D2NGMVRX7Q64IE1,7,7,1,0.51,12.393547,0.770893,0.778927,BFUCAOZI9YSKPWOTSHL38D2NGMVRX7Q644IEI,0.138889,0.861111,point_previews/task000100_mu001024_rho060_n1.png
0.7,1024,8,license_plate_bahnschrift.ttf,BFUCAOZJ9Y5KPW0TSHL38D2NGMVRX7Q64IE1,7,7,0,0.595,13.38656,0.735998,0.721147,BFUCAOZI9YSKPWOTSHL38D2NGMVRX7Q44IE1,0.111111,0.888889,point_previews/task000100_mu001024_rho070_n0.png
0.7,1024,8,license_plate_bahnschrift.ttf,BFUCAOZJ9Y5KPW0TSHL38D2NGMVRX7Q64IE1,7,7,1,0.595,13.38656,0.735998,0.721147,BFUCAOZI9YSKPWOTSHL38D2NGMVRX7Q44IE1,0.111111,0.888889,point_previews/task000100_mu001024_rho070_n1.png
0.8,1024,8,license_plate_bahnschrift.ttf,BFUCAOZJ9Y5KPW0TSHL38D2NGMVRX7Q64IE1,7,7,0,0.68,14.310835,0.701998,0.674571,BFUCAOZIJ9YSKPWOTSHL38D2NGMVRX7Q644IE1,0.111111,0.888889,point_previews/task000100_mu001024_rho080_n0.png
0.8,1024,8,license_plate_bahnschrift.ttf,BFUCAOZJ9Y5KPW0TSHL38D2NGMVRX7Q64IE1,7,7,1,0.68,14.310835,0.701998,0.674571,BFUCAOZI9YSKPWOTSHL38D2NGMVRX7Q644IE1,0.111111,0.888889,point_previews/task000100_mu001024_rho080_n1.png
0.9,1024,8,license_plate_bahnschrift.ttf,BFUCAOZJ9Y5KPW0TSHL38D2NGMVRX7Q64IE1,7,7,0,0.765,15.178933,0.668877,0.635992,BFUCAOZI9YSKPWOTSHL38D2NGMVRX7Q644IE1,0.111111,0.888889,point_previews/task000100_mu001024_rho090_n0.png
0.9,1024,8,license_plate_bahnschrift.ttf,BFUCAOZJ9Y5KPW0TSHL38D2NGMVRX7Q64IE1,7,7,1,0.765,15.178933,0.668877,0.635992,BFUCA0ZJ9YSKPWOTSHL38D2NGMVRX7Q44IE1,0.111111,0.888889,point_previews/task000100_mu001024_rho090_n1.png
1.0,1024,8,license_plate_bahnschrift.ttf,BFUCAOZJ9Y5KPW0TSHL38D2NGMVRX7Q64IE1,7,7,0,0.85,16.0,0.63662,0.603355,BFUCAOZIJ9YSKPWOTSHL38D2NGMVRX7Q644IE1,0.111111,0.888889,point_previews/task000100_mu001024_rho100_n0.png
1.0,1024,8,license_plate_bahnschrift.ttf,BFUCAOZJ9Y5KPW0TSHL38D2NGMVRX7Q64IE1,7,7,1,0.85,16.0,0.63662,0.603355,BFUCAOZJ9YSKPWOTSHL38D2NGMVRX7Q64IE1,0.055556,0.944444,point_previews/task000100_mu001024_rho100_n1.png
0.1,4096,8,license_plate_bahnschrift.ttf,BFUCAOZJ9Y5KPW0TSHL38D2NGMVRX7Q64IE1,7,7,0,0.085,5.059644,0.959381,1.907975,BFUCAOZI9YSKPWOTSHL38D2NGMVRX7O4G4IE1,0.166667,0.833333,point_previews/task000101_mu004096_rho010_n0.png
0.1,4096,8,license_plate_bahnschrift.ttf,BFUCAOZJ9Y5KPW0TSHL38D2NGMVRX7Q64IE1,7,7,1,0.085,5.059644,0.959381,1.907975,BFUCAOZI9YSKPWOTSHL38D2NGMYVRX7O464IE1,0.166667,0.833333,point_previews/task000101_mu004096_rho010_n1.png
0.2,4096,8,license_plate_bahnschrift.ttf,BFUCAOZJ9Y5KPW0TSHL38D2NGMVRX7Q64IE1,7,7,0,0.17,7.155418,0.919759,1.349142,BFUCAOZI9YSKPWOTSHL38D2NGMYVRX7O44IE1,0.166667,0.833333,point_previews/task000101_mu004096_rho020_n0.png
0.2,4096,8,license_plate_bahnschrift.ttf,BFUCAOZJ9Y5KPW0TSHL38D2NGMVRX7Q64IE1,7,7,1,0.17,7.155418,0.919759,1.349142,BFUCAOZI9YSKPWOTSHL38D2NGMYVRX7O44IE1,0.166667,0.833333,point_previews/task000101_mu004096_rho020_n1.png
0.3,4096,8,license_plate_bahnschrift.ttf,BFUCAOZJ9Y5KPW0TSHL38D2NGMVRX7Q64IE1,7,7,0,0.255,8.763561,0.881116,1.10157,BFUCAOZI9YSKPWOTSHL38D2NGMVRX7O64IE1,0.111111,0.888889,point_previews/task000101_mu004096_rho030_n0.png
0.3,4096,8,license_plate_bahnschrift.ttf,BFUCAOZJ9Y5KPW0TSHL38D2NGMVRX7Q64IE1,7,7,1,0.255,8.763561,0.881116,1.10157,BFUCAOZI9YSKPWOTSHL38D2NGMVRX7O64IE1,0.111111,0.888889,point_previews/task000101_mu004096_rho030_n1.png
0.4,4096,8,license_plate_bahnschrift.ttf,BFUCAOZJ9Y5KPW0TSHL38D2NGMVRX7Q64IE1,7,7,0,0.34,10.119289,0.843436,0.953987,BFUCAOZI9YSKPWOTSHL38D2NGMVRX7QO64IE1,0.111111,0.888889,point_previews/task000101_mu004096_rho040_n0.png
0.4,4096,8,license_plate_bahnschrift.ttf,BFUCAOZJ9Y5KPW0TSHL38D2NGMVRX7Q64IE1,7,7,1,0.34,10.119289,0.843436,0.953987,BFUCAOZI9YSKPWOTSHL38D2NGMVRX7Q64IE1,0.083333,0.916667,point_previews/task000101_mu004096_rho040_n1.png
0.5,4096,8,license_plate_bahnschrift.ttf,BFUCAOZJ9Y5KPW0TSHL38D2NGMVRX7Q64IE1,7,7,0,0.425,11.313708,0.8067,0.853272,BFUCAOZI9YSKPWOTSHL38D2NGMVRX7QO644IE1,0.138889,0.861111,point_previews/task000101_mu004096_rho050_n0.png
0.5,4096,8,license_plate_bahnschrift.ttf,BFUCAOZJ9Y5KPW0TSHL38D2NGMVRX7Q64IE1,7,7,1,0.425,11.313708,0.8067,0.853272,BFUCAOZI9YSKPWOTSHL38D2NGMVRX7QO644IE1,0.138889,0.861111,point_previews/task000101_mu004096_rho050_n1.png
0.6,4096,8,license_plate_bahnschrift.ttf,BFUCAOZJ9Y5KPW0TSHL38D2NGMVRX7Q64IE1,7,7,0,0.51,12.393547,0.770893,0.778927,BFUCAOZIJ9YSKPWOTSHL38D2NGMVRX7Q644IEI,0.138889,0.861111,point_previews/task000101_mu004096_rho060_n0.png
0.6,4096,8,license_plate_bahnschrift.ttf,BFUCAOZJ9Y5KPW0TSHL38D2NGMVRX7Q64IE1,7,7,1,0.51,12.393547,0.770893,0.778927,BFUCAOZI9YSKPWOTSHL38D2NGMVRX7Q644IEI,0.138889,0.861111,point_previews/task000101_mu004096_rho060_n1.png
0.7,4096,8,license_plate_bahnschrift.ttf,BFUCAOZJ9Y5KPW0TSHL38D2NGMVRX7Q64IE1,7,7,0,0.595,13.38656,0.735998,0.721147,BFUCAOZI9YSKPWOTSHL38D2NGMVRX7Q64IEI,0.111111,0.888889,point_previews/task000101_mu004096_rho070_n0.png
0.7,4096,8,license_plate_bahnschrift.ttf,BFUCAOZJ9Y5KPW0TSHL38D2NGMVRX7Q64IE1,7,7,1,0.595,13.38656,0.735998,0.721147,BFUCAOZI9YSKPWOTSHL38D2NGMVRX7Q64IEI,0.111111,0.888889,point_previews/task000101_mu004096_rho070_n1.png
0.8,4096,8,license_plate_bahnschrift.ttf,BFUCAOZJ9Y5KPW0TSHL38D2NGMVRX7Q64IE1,7,7,0,0.68,14.310835,0.701998,0.674571,BFUCAOZIJ9YSKPWOTSHL38D2NGMVRX7Q644IE1,0.111111,0.888889,point_previews/task000101_mu004096_rho080_n0.png
0.8,4096,8,license_plate_bahnschrift.ttf,BFUCAOZJ9Y5KPW0TSHL38D2NGMVRX7Q64IE1,7,7,1,0.68,14.310835,0.701998,0.674571,BFUCAOZIJ9YSKPWOTSHL38D2NGMVRX7Q644IE1,0.111111,0.888889,point_previews/task000101_mu004096_rho080_n1.png
0.9,4096,8,license_plate_bahnschrift.ttf,BFUCAOZJ9Y5KPW0TSHL38D2NGMVRX7Q64IE1,7,7,0,0.765,15.178933,0.668877,0.635992,BFUCAOZIJ9YSKPWOTSHL38D2NGMVRX7Q644IE1,0.111111,0.888889,point_previews/task000101_mu004096_rho090_n0.png
0.9,4096,8,license_plate_bahnschrift.ttf,BFUCAOZJ9Y5KPW0TSHL38D2NGMVRX7Q64IE1,7,7,1,0.765,15.178933,0.668877,0.635992,BFUCAOZJ9Y5SKPWOTSHL38D2NGMVRX7Q64IE1,0.055556,0.944444,point_previews/task000101_mu004096_rho090_n1.png
1.0,4096,8,license_plate_bahnschrift.ttf,BFUCAOZJ9Y5KPW0TSHL38D2NGMVRX7Q64IE1,7,7,0,0.85,16.0,0.63662,0.603355,BFUCAOZI9YSKPWOTSHL38D2NGMVRX7Q644IE1,0.111111,0.888889,point_previews/task000101_mu004096_rho100_n0.png
1.0,4096,8,license_plate_bahnschrift.ttf,BFUCAOZJ9Y5KPW0TSHL38D2NGMVRX7Q64IE1,7,7,1,0.85,16.0,0.63662,0.603355,BFUCAOZIJ9YSKPWOTSHL38D2NGMVRX7Q644IE1,0.111111,0.888889,point_previews/task000101_mu004096_rho100_n1.png
0.1,16384,8,license_plate_bahnschrift.ttf,BFUCAOZJ9Y5KPW0TSHL38D2NGMVRX7Q64IE1,7,7,0,0.085,5.059644,0.959381,1.907975,BFUCAOZISYSKPWOTSHL38D2NGMYVRX7O44IE1,0.194444,0.805556,point_previews/task000102_mu016384_rho010_n0.png
0.1,16384,8,license_plate_bahnschrift.ttf,BFUCAOZJ9Y5KPW0TSHL38D2NGMVRX7Q64IE1,7,7,1,0.085,5.059644,0.959381,1.907975,BFUCAOZI9YSKPWOTSHL38D2NGMYVRX7O44IE1,0.166667,0.833333,point_previews/task000102_mu016384_rho010_n1.png
0.2,16384,8,license_plate_bahnschrift.ttf,BFUCAOZJ9Y5KPW0TSHL38D2NGMVRX7Q64IE1,7,7,0,0.17,7.155418,0.919759,1.349142,BFUCAOZI9YSKPWOTSHL38D2NGMVRX7O44IE1,0.138889,0.861111,point_previews/task000102_mu016384_rho020_n0.png
0.2,16384,8,license_plate_bahnschrift.ttf,BFUCAOZJ9Y5KPW0TSHL38D2NGMVRX7Q64IE1,7,7,1,0.17,7.155418,0.919759,1.349142,BFUCAOZI9YSKPWOTSHL38D2NGMVRX7O44IE1,0.138889,0.861111,point_previews/task000102_mu016384_rho020_n1.png
0.3,16384,8,license_plate_bahnschrift.ttf,BFUCAOZJ9Y5KPW0TSHL38D2NGMVRX7Q64IE1,7,7,0,0.255,8.763561,0.881116,1.10157,BFUCAOZI9YSKPWOTSHL38D2NGMVRX7O64IE1,0.111111,0.888889,point_previews/task000102_mu016384_rho030_n0.png
0.3,16384,8,license_plate_bahnschrift.ttf,BFUCAOZJ9Y5KPW0TSHL38D2NGMVRX7Q64IE1,7,7,1,0.255,8.763561,0.881116,1.10157,BFUCAOZI9YSKPWOTSHL38D2NGMVRX7QO64IE1,0.111111,0.888889,point_previews/task000102_mu016384_rho030_n1.png
0.4,16384,8,license_plate_bahnschrift.ttf,BFUCAOZJ9Y5KPW0TSHL38D2NGMVRX7Q64IE1,7,7,0,0.34,10.119289,0.843436,0.953987,BFUCAOZI9YSKPWOTSHL38D2NGMVRX7Q64IE1,0.083333,0.916667,point_previews/task000102_mu016384_rho040_n0.png
0.4,16384,8,license_plate_bahnschrift.ttf,BFUCAOZJ9Y5KPW0TSHL38D2NGMVRX7Q64IE1,7,7,1,0.34,10.119289,0.843436,0.953987,BFUCAOZI9YSKPWOTSHL38D2NGMVRX7QO64IE1,0.111111,0.888889,point_previews/task000102_mu016384_rho040_n1.png
0.5,16384,8,license_plate_bahnschrift.ttf,BFUCAOZJ9Y5KPW0TSHL38D2NGMVRX7Q64IE1,7,7,0,0.425,11.313708,0.8067,0.853272,BFUCAOZI9YSKPWOTSHL38D2NGMVRX7QO64IE1,0.111111,0.888889,point_previews/task000102_mu016384_rho050_n0.png
0.5,16384,8,license_plate_bahnschrift.ttf,BFUCAOZJ9Y5KPW0TSHL38D2NGMVRX7Q64IE1,7,7,1,0.425,11.313708,0.8067,0.853272,BFUCAOZI9YSKPWOTSHL38D2NGMVRX7QO64IE1,0.111111,0.888889,point_previews/task000102_mu016384_rho050_n1.png
0.6,16384,8,license_plate_bahnschrift.ttf,BFUCAOZJ9Y5KPW0TSHL38D2NGMVRX7Q64IE1,7,7,0,0.51,12.393547,0.770893,0.778927,BFUCAOZI9YSKPWOTSHL38D2NGMVRX7Q64IEI,0.111111,0.888889,point_previews/task000102_mu016384_rho060_n0.png
0.6,16384,8,license_plate_bahnschrift.ttf,BFUCAOZJ9Y5KPW0TSHL38D2NGMVRX7Q64IE1,7,7,1,0.51,12.393547,0.770893,0.778927,BFUCAOZI9YSKPWOTSHL38D2NGMVRX7Q644IEI,0.138889,0.861111,point_previews/task000102_mu016384_rho060_n1.png
0.7,16384,8,license_plate_bahnschrift.ttf,BFUCAOZJ9Y5KPW0TSHL38D2NGMVRX7Q64IE1,7,7,0,0.595,13.38656,0.735998,0.721147,BFUCAOZI9YSKPWOTSHL38D2NGMVRX7Q644IEI,0.138889,0.861111,point_previews/task000102_mu016384_rho070_n0.png
0.7,16384,8,license_plate_bahnschrift.ttf,BFUCAOZJ9Y5KPW0TSHL38D2NGMVRX7Q64IE1,7,7,1,0.595,13.38656,0.735998,0.721147,BFUCAOZI9YSKPWOTSHL38D2NGMVRX7Q64IE1,0.083333,0.916667,point_previews/task000102_mu016384_rho070_n1.png
0.8,16384,8,license_plate_bahnschrift.ttf,BFUCAOZJ9Y5KPW0TSHL38D2NGMVRX7Q64IE1,7,7,0,0.68,14.310835,0.701998,0.674571,BFUCAOZIJ9YSKPWOTSHL38D2NGMVRX7Q44IE1,0.111111,0.888889,point_previews/task000102_mu016384_rho080_n0.png
0.8,16384,8,license_plate_bahnschrift.ttf,BFUCAOZJ9Y5KPW0TSHL38D2NGMVRX7Q64IE1,7,7,1,0.68,14.310835,0.701998,0.674571,BFUCAOZI9YSKPWOTSHL38D2NGMVRX7Q44IE1,0.111111,0.888889,point_previews/task000102_mu016384_rho080_n1.png
0.9,16384,8,license_plate_bahnschrift.ttf,BFUCAOZJ9Y5KPW0TSHL38D2NGMVRX7Q64IE1,7,7,0,0.765,15.178933,0.668877,0.635992,BFUCAOZJ9YSKPWOTSHL38D2NGMVRX7Q644IE1,0.083333,0.916667,point_previews/task000102_mu016384_rho090_n0.png
0.9,16384,8,license_plate_bahnschrift.ttf,BFUCAOZJ9Y5KPW0TSHL38D2NGMVRX7Q64IE1,7,7,1,0.765,15.178933,0.668877,0.635992,BFUCAOZI9YSKPWOTSHL38D2NGMVRX7Q644IE1,0.111111,0.888889,point_previews/task000102_mu016384_rho090_n1.png
1.0,16384,8,license_plate_bahnschrift.ttf,BFUCAOZJ9Y5KPW0TSHL38D2NGMVRX7Q64IE1,7,7,0,0.85,16.0,0.63662,0.603355,BFUCAOZI9YSKPWOTSHL38D2NGMVRX7Q644IE1,0.111111,0.888889,point_previews/task000102_mu016384_rho100_n0.png
1.0,16384,8,license_plate_bahnschrift.ttf,BFUCAOZJ9Y5KPW0TSHL38D2NGMVRX7Q64IE1,7,7,1,0.85,16.0,0.63662,0.603355,BFUCAOZIJ9YSKPWOTSHL38D2NGMVRX7Q644IE1,0.111111,0.888889,point_previews/task000102_mu016384_rho100_n1.png
0.1,65536,8,license_plate_bahnschrift.ttf,BFUCAOZJ9Y5KPW0TSHL38D2NGMVRX7Q64IE1,7,7,0,0.085,5.059644,0.959381,1.907975,BFUCAOZI9YSKPWOTSHL38D2NGMYVRX7O4641E1,0.194444,0.805556,point_previews/task000103_mu065536_rho010_n0.png
0.1,65536,8,license_plate_bahnschrift.ttf,BFUCAOZJ9Y5KPW0TSHL38D2NGMVRX7Q64IE1,7,7,1,0.085,5.059644,0.959381,1.907975,BFUCAOZI9YSKPWOTSHL38D2NGMYVRX7OG4IE1,0.166667,0.833333,point_previews/task000103_mu065536_rho010_n1.png
0.2,65536,8,license_plate_bahnschrift.ttf,BFUCAOZJ9Y5KPW0TSHL38D2NGMVRX7Q64IE1,7,7,0,0.17,7.155418,0.919759,1.349142,BFUCAOZI9YSKPWOTSHL38D2NGMVRX7O44IE1,0.138889,0.861111,point_previews/task000103_mu065536_rho020_n0.png
0.2,65536,8,license_plate_bahnschrift.ttf,BFUCAOZJ9Y5KPW0TSHL38D2NGMVRX7Q64IE1,7,7,1,0.17,7.155418,0.919759,1.349142,BFUCAOZI9YSKPWOTSHL38D2NGMVRX7O44IE1,0.138889,0.861111,point_previews/task000103_mu065536_rho020_n1.png
0.3,65536,8,license_plate_bahnschrift.ttf,BFUCAOZJ9Y5KPW0TSHL38D2NGMVRX7Q64IE1,7,7,0,0.255,8.763561,0.881116,1.10157,BFUCAOZI9YSKPWOTSHL38D2NGMVRX7O64IE1,0.111111,0.888889,point_previews/task000103_mu065536_rho030_n0.png
0.3,65536,8,license_plate_bahnschrift.ttf,BFUCAOZJ9Y5KPW0TSHL38D2NGMVRX7Q64IE1,7,7,1,0.255,8.763561,0.881116,1.10157,BFUCAOZI9YSKPWOTSHL38D2NGMVRX7O64IE1,0.111111,0.888889,point_previews/task000103_mu065536_rho030_n1.png
0.4,65536,8,license_plate_bahnschrift.ttf,BFUCAOZJ9Y5KPW0TSHL38D2NGMVRX7Q64IE1,7,7,0,0.34,10.119289,0.843436,0.953987,BFUCAOZI9YSKPWOTSHL38D2NGMVRX7QO64IE1,0.111111,0.888889,point_previews/task000103_mu065536_rho040_n0.png
0.4,65536,8,license_plate_bahnschrift.ttf,BFUCAOZJ9Y5KPW0TSHL38D2NGMVRX7Q64IE1,7,7,1,0.34,10.119289,0.843436,0.953987,BFUCAOZI9YSKPWOTSHL38D2NGMVRX7QO64IE1,0.111111,0.888889,point_previews/task000103_mu065536_rho040_n1.png
0.5,65536,8,license_plate_bahnschrift.ttf,BFUCAOZJ9Y5KPW0TSHL38D2NGMVRX7Q64IE1,7,7,0,0.425,11.313708,0.8067,0.853272,BFUCAOZI9YSKPWOTSHL38D2NGMVRX7QO64IE1,0.111111,0.888889,point_previews/task000103_mu065536_rho050_n0.png
0.5,65536,8,license_plate_bahnschrift.ttf,BFUCAOZJ9Y5KPW0TSHL38D2NGMVRX7Q64IE1,7,7,1,0.425,11.313708,0.8067,0.853272,BFUCAOZI9YSKPWOTSHL38D2NGMVRX7QO64IE1,0.111111,0.888889,point_previews/task000103_mu065536_rho050_n1.png
0.6,65536,8,license_plate_bahnschrift.ttf,BFUCAOZJ9Y5KPW0TSHL38D2NGMVRX7Q64IE1,7,7,0,0.51,12.393547,0.770893,0.778927,BFUCAOZI9YSKPWOTSHL38D2NGMVRX7Q64E1,0.111111,0.888889,point_previews/task000103_mu065536_rho060_n0.png
0.6,65536,8,license_plate_bahnschrift.ttf,BFUCAOZJ9Y5KPW0TSHL38D2NGMVRX7Q64IE1,7,7,1,0.51,12.393547,0.770893,0.778927,BFUCAOZI9YSKPWOTSHL38D2NGMVRX7Q644IEI,0.138889,0.861111,point_previews/task000103_mu065536_rho060_n1.png
0.7,65536,8,license_plate_bahnschrift.ttf,BFUCAOZJ9Y5KPW0TSHL38D2NGMVRX7Q64IE1,7,7,0,0.595,13.38656,0.735998,0.721147,BFUCAOZI9YSKPWOTSHL38D2NGMVRX7Q644IE1,0.111111,0.888889,point_previews/task000103_mu065536_rho070_n0.png
0.7,65536,8,license_plate_bahnschrift.ttf,BFUCAOZJ9Y5KPW0TSHL38D2NGMVRX7Q64IE1,7,7,1,0.595,13.38656,0.735998,0.721147,BFUCAOZI9YSKPWOTSHL38D2NGMVRX7Q644IE1,0.111111,0.888889,point_previews/task000103_mu065536_rho070_n1.png
0.8,65536,8,license_plate_bahnschrift.ttf,BFUCAOZJ9Y5KPW0TSHL38D2NGMVRX7Q64IE1,7,7,0,0.68,14.310835,0.701998,0.674571,BFUCAOZJ9YSKPWOTSHL38D2NGMVRX7Q644IE1,0.083333,0.916667,point_previews/task000103_mu065536_rho080_n0.png
0.8,65536,8,license_plate_bahnschrift.ttf,BFUCAOZJ9Y5KPW0TSHL38D2NGMVRX7Q64IE1,7,7,1,0.68,14.310835,0.701998,0.674571,BFUCAOZIJ9YSKPWOTSHL38D2NGMVRX7Q644IE1,0.111111,0.888889,point_previews/task000103_mu065536_rho080_n1.png
0.9,65536,8,license_plate_bahnschrift.ttf,BFUCAOZJ9Y5KPW0TSHL38D2NGMVRX7Q64IE1,7,7,0,0.765,15.178933,0.668877,0.635992,BFUCAOZJ9YSKPWOTSHL38D2NGMVRX7Q644IE1,0.083333,0.916667,point_previews/task000103_mu065536_rho090_n0.png
0.9,65536,8,license_plate_bahnschrift.ttf,BFUCAOZJ9Y5KPW0TSHL38D2NGMVRX7Q64IE1,7,7,1,0.765,15.178933,0.668877,0.635992,BFUCAOZJ9YSKPWOTSHL38D2NGMVRX7Q644IE1,0.083333,0.916667,point_previews/task000103_mu065536_rho090_n1.png
1.0,65536,8,license_plate_bahnschrift.ttf,BFUCAOZJ9Y5KPW0TSHL38D2NGMVRX7Q64IE1,7,7,0,0.85,16.0,0.63662,0.603355,BFUCAOZIJ9YSKPWOTSHL38D2NGMVRX7Q644IE1,0.111111,0.888889,point_previews/task000103_mu065536_rho100_n0.png
1.0,65536,8,license_plate_bahnschrift.ttf,BFUCAOZJ9Y5KPW0TSHL38D2NGMVRX7Q64IE1,7,7,1,0.85,16.0,0.63662,0.603355,BFUCAOZIJ9YSKPWOTSHL38D2NGMVRX7Q644IE1,0.111111,0.888889,point_previews/task000103_mu065536_rho100_n1.png
0.1,4,8,license_plate_bahnschrift.ttf,BFUCAOZJ9Y5KPW0TSHL38D2NGMVRX7Q64IE1,7,11,0,0.085,5.059644,0.959381,1.907975,FSEADSRUESCL,0.888889,0.111111,point_previews/task000104_mu000004_rho010_n0.png
0.1,4,8,license_plate_bahnschrift.ttf,BFUCAOZJ9Y5KPW0TSHL38D2NGMVRX7Q64IE1,7,11,1,0.085,5.059644,0.959381,1.907975,POPARMRSM,0.888889,0.111111,point_previews/task000104_mu000004_rho010_n1.png
0.2,4,8,license_plate_bahnschrift.ttf,BFUCAOZJ9Y5KPW0TSHL38D2NGMVRX7Q64IE1,7,11,0,0.17,7.155418,0.919759,1.349142,SESAENETHEASSSUANESWCS,0.916667,0.083333,point_previews/task000104_mu000004_rho020_n0.png
0.2,4,8,license_plate_bahnschrift.ttf,BFUCAOZJ9Y5KPW0TSHL38D2NGMVRX7Q64IE1,7,11,1,0.17,7.155418,0.919759,1.349142,EERRASCRALRMOEMERET,0.861111,0.138889,point_previews/task000104_mu000004_rho020_n1.png
0.3,4,8,license_plate_bahnschrift.ttf,BFUCAOZJ9Y5KPW0TSHL38D2NGMVRX7Q64IE1,7,11,0,0.255,8.763561,0.881116,1.10157,SCSERNAERERBREN,0.861111,0.138889,point_previews/task000104_mu000004_rho030_n0.png
0.3,4,8,license_plate_bahnschrift.ttf,BFUCAOZJ9Y5KPW0TSHL38D2NGMVRX7Q64IE1,7,11,1,0.255,8.763561,0.881116,1.10157,EAEASBYSA,0.916667,0.083333,point_previews/task000104_mu000004_rho030_n1.png
0.4,4,8,license_plate_bahnschrift.ttf,BFUCAOZJ9Y5KPW0TSHL38D2NGMVRX7Q64IE1,7,11,0,0.34,10.119289,0.843436,0.953987,,1.0,0.0,point_previews/task000104_mu000004_rho040_n0.png
0.4,4,8,license_plate_bahnschrift.ttf,BFUCAOZJ9Y5KPW0TSHL38D2NGMVRX7Q64IE1,7,11,1,0.34,10.119289,0.843436,0.953987,PSPRACOEYNRSSC,0.888889,0.111111,point_previews/task000104_mu000004_rho040_n1.png
0.5,4,8,license_plate_bahnschrift.ttf,BFUCAOZJ9Y5KPW0TSHL38D2NGMVRX7Q64IE1,7,11,0,0.425,11.313708,0.8067,0.853272,AMSG,0.916667,0.083333,point_previews/task000104_mu000004_rho050_n0.png
0.5,4,8,license_plate_bahnschrift.ttf,BFUCAOZJ9Y5KPW0TSHL38D2NGMVRX7Q64IE1,7,11,1,0.425,11.313708,0.8067,0.853272,RAARDEEPECTOTAE,0.888889,0.111111,point_previews/task000104_mu000004_rho050_n1.png
0.6,4,8,license_plate_bahnschrift.ttf,BFUCAOZJ9Y5KPW0TSHL38D2NGMVRX7Q64IE1,7,11,0,0.51,12.393547,0.770893,0.778927,SREPUGRTORPNSRWRGS,0.916667,0.083333,point_previews/task000104_mu000004_rho060_n0.png
0.6,4,8,license_plate_bahnschrift.ttf,BFUCAOZJ9Y5KPW0TSHL38D2NGMVRX7Q64IE1,7,11,1,0.51,12.393547,0.770893,0.778927,,1.0,0.0,point_previews/task000104_mu000004_rho060_n1.png
0.7,4,8,license_plate_bahnschrift.ttf,BFUCAOZJ9Y5KPW0TSHL38D2NGMVRX7Q64IE1,7,11,0,0.595,13.38656,0.735998,0.721147,GMRGECRE,0.888889,0.111111,point_previews/task000104_mu000004_rho070_n0.png
0.7,4,8,license_plate_bahnschrift.ttf,BFUCAOZJ9Y5KPW0TSHL38D2NGMVRX7Q64IE1,7,11,1,0.595,13.38656,0.735998,0.721147,FESSRIMRSSSHRIRCOSRUNRGNS,0.888889,0.111111,point_previews/task000104_mu000004_rho070_n1.png
0.8,4,8,license_plate_bahnschrift.ttf,BFUCAOZJ9Y5KPW0TSHL38D2NGMVRX7Q64IE1,7,11,0,0.68,14.310835,0.701998,0.674571,SESSATERLNRRREENSABET,0.833333,0.166667,point_previews/task000104_mu000004_rho080_n0.png
0.8,4,8,license_plate_bahnschrift.ttf,BFUCAOZJ9Y5KPW0TSHL38D2NGMVRX7Q64IE1,7,11,1,0.68,14.310835,0.701998,0.674571,SWORRPSONR,0.861111,0.138889,point_previews/task000104_mu000004_rho080_n1.png
0.9,4,8,license_plate_bahnschrift.ttf,BFUCAOZJ9Y5KPW0TSHL38D2NGMVRX7Q64IE1,7,11,0,0.765,15.178933,0.668877,0.635992,ESARACSISYNSINTSPPRENCT,0.861111,0.138889,point_previews/task000104_mu000004_rho090_n0.png
0.9,4,8,license_plate_bahnschrift.ttf,BFUCAOZJ9Y5KPW0TSHL38D2NGMVRX7Q64IE1,7,11,1,0.765,15.178933,0.668877,0.635992,PEAGWPEKSRYTRATEY,0.861111,0.138889,point_previews/task000104_mu000004_rho090_n1.png
1.0,4,8,license_plate_bahnschrift.ttf,BFUCAOZJ9Y5KPW0TSHL38D2NGMVRX7Q64IE1,7,11,0,0.85,16.0,0.63662,0.603355,EPSECLISNTRESRORSSTGRARSPEEAET,0.888889,0.111111,point_previews/task000104_mu000004_rho100_n0.png
1.0,4,8,license_plate_bahnschrift.ttf,BFUCAOZJ9Y5KPW0TSHL38D2NGMVRX7Q64IE1,7,11,1,0.85,16.0,0.63662,0.603355,SRCAICSFTDPEOYOAESSUNTCOS,0.888889,0.111111,point_previews/task000104_mu000004_rho100_n1.png
0.1,16,8,license_plate_bahnschrift.ttf,BFUCAOZJ9Y5KPW0TSHL38D2NGMVRX7Q64IE1,7,11,0,0.085,5.059644,0.959381,1.907975,SASEMACRANL,0.916667,0.083333,point_previews/task000105_mu000016_rho010_n0.png
0.1,16,8,license_plate_bahnschrift.ttf,BFUCAOZJ9Y5KPW0TSHL38D2NGMVRX7Q64IE1,7,11,1,0.085,5.059644,0.959381,1.907975,UPPPESSMBWCR,0.888889,0.111111,point_previews/task000105_mu000016_rho010_n1.png
0.2,16,8,license_plate_bahnschrift.ttf,BFUCAOZJ9Y5KPW0TSHL38D2NGMVRX7Q64IE1,7,11,0,0.17,7.155418,0.919759,1.349142,SBLPTHURURRESEKSOERHER,0.888889,0.111111,point_previews/task000105_mu000016_rho020_n0.png
0.2,16,8,license_plate_bahnschrift.ttf,BFUCAOZJ9Y5KPW0TSHL38D2NGMVRX7Q64IE1,7,11,1,0.17,7.155418,0.919759,1.349142,BRBARRITIEKOOESSTSBSEA,0.861111,0.138889,point_previews/task000105_mu000016_rho020_n1.png
0.3,16,8,license_plate_bahnschrift.ttf,BFUCAOZJ9Y5KPW0TSHL38D2NGMVRX7Q64IE1,7,11,0,0.255,8.763561,0.881116,1.10157,ESUECSEUTESHEROENEA,0.861111,0.138889,point_previews/task000105_mu000016_rho030_n0.png
0.3,16,8,license_plate_bahnschrift.ttf,BFUCAOZJ9Y5KPW0TSHL38D2NGMVRX7Q64IE1,7,11,1,0.255,8.763561,0.881116,1.10157,BEVICAGETSORRABTOSLYNEMUROROAIET,0.75,0.25,point_previews/task000105_mu000016_rho030_n1.png
0.4,16,8,license_plate_bahnschrift.ttf,BFUCAOZJ9Y5KPW0TSHL38D2NGMVRX7Q64IE1,7,11,0,0.34,10.119289,0.843436,0.953987,BEUDAQRISTRPWGTSHL3ROSNSAVRNTOGSIEE,0.583333,0.416667,point_previews/task000105_mu000016_rho040_n0.png
0.4,16,8,license_plate_bahnschrift.ttf,BFUCAOZJ9Y5KPW0TSHL38D2NGMVRX7Q64IE1,7,11,1,0.34,10.119289,0.843436,0.953987,SEUCAULIPAKPWOTSHESDENGMVRYTOSUIEL,0.527778,0.472222,point_previews/task000105_mu000016_rho040_n1.png
0.5,16,8,license_plate_bahnschrift.ttf,BFUCAOZJ9Y5KPW0TSHL38D2NGMVRX7Q64IE1,7,11,0,0.425,11.313708,0.8067,0.853272,PBRUCVOLIGVSICROTSHLROINOMVAKTOSWET,0.694444,0.305556,point_previews/task000105_mu000016_rho050_n0.png
0.5,16,8,license_plate_bahnschrift.ttf,BFUCAOZJ9Y5KPW0TSHL38D2NGMVRX7Q64IE1,7,11,1,0.425,11.313708,0.8067,0.853272,,1.0,0.0,point_previews/task000105_mu000016_rho050_n1.png
0.6,16,8,license_plate_bahnschrift.ttf,BFUCAOZJ9Y5KPW0TSHL38D2NGMVRX7Q64IE1,7,11,0,0.51,12.393547,0.770893,0.778927,,1.0,0.0,point_previews/task000105_mu000016_rho060_n0.png
0.6,16,8,license_plate_bahnschrift.ttf,BFUCAOZJ9Y5KPW0TSHL38D2NGMVRX7Q64IE1,7,11,1,0.51,12.393547,0.770893,0.778927,BSUEROTIOYSKAYIGTSHE3902NGMVAXGAIEI,0.555556,0.444444,point_previews/task000105_mu000016_rho060_n1.png
0.7,16,8,license_plate_bahnschrift.ttf,BFUCAOZJ9Y5KPW0TSHL38D2NGMVRX7Q64IE1,7,11,0,0.595,13.38656,0.735998,0.721147,BFUCAGZISYSKPWOTSHUSEDAKEMYRXIOGMET,0.5,0.5,point_previews/task000105_mu000016_rho070_n0.png
0.7,16,8,license_plate_bahnschrift.ttf,BFUCAOZJ9Y5KPW0TSHL38D2NGMVRX7Q64IE1,7,11,1,0.595,13.38656,0.735998,0.721147,BRICAOZISVAKPWETSHLARO7NGMVRXIOGAIET,0.444444,0.555556,point_previews/task000105_mu000016_rho070_n1.png
0.8,16,8,license_plate_bahnschrift.ttf,BFUCAOZJ9Y5KPW0TSHL38D2NGMVRX7Q64IE1,7,11,0,0.68,14.310835,0.701998,0.674571,,1.0,0.0,point_previews/task000105_mu000016_rho080_n0.png
0.8,16,8,license_plate_bahnschrift.ttf,BFUCAOZJ9Y5KPW0TSHL38D2NGMVRX7Q64IE1,7,11,1,0.68,14.310835,0.701998,0.674571,,1.0,0.0,point_previews/task000105_mu000016_rho080_n1.png
0.9,16,8,license_plate_bahnschrift.ttf,BFUCAOZJ9Y5KPW0TSHL38D2NGMVRX7Q64IE1,7,11,0,0.765,15.178933,0.668877,0.635992,,1.0,0.0,point_previews/task000105_mu000016_rho090_n0.png
0.9,16,8,license_plate_bahnschrift.ttf,BFUCAOZJ9Y5KPW0TSHL38D2NGMVRX7Q64IE1,7,11,1,0.765,15.178933,0.668877,0.635992,BEUGAGZIJSYSKPWOTSHESEDZNOMYRXTOS4IET,0.472222,0.527778,point_previews/task000105_mu000016_rho090_n1.png
1.0,16,8,license_plate_bahnschrift.ttf,BFUCAOZJ9Y5KPW0TSHL38D2NGMVRX7Q64IE1,7,11,0,0.85,16.0,0.63662,0.603355,BRUCAOZISVSRPWOTSHEZBDZNGMVAXTOGSIET,0.472222,0.527778,point_previews/task000105_mu000016_rho100_n0.png
1.0,16,8,license_plate_bahnschrift.ttf,BFUCAOZJ9Y5KPW0TSHL38D2NGMVRX7Q64IE1,7,11,1,0.85,16.0,0.63662,0.603355,BRUCAOZISVSKPWOTSHLSBOINGMVRX7ORHET,0.416667,0.583333,point_previews/task000105_mu000016_rho100_n1.png
0.1,64,8,license_plate_bahnschrift.ttf,BFUCAOZJ9Y5KPW0TSHL38D2NGMVRX7Q64IE1,7,11,0,0.085,5.059644,0.959381,1.907975,,1.0,0.0,point_previews/task000106_mu000064_rho010_n0.png
0.1,64,8,license_plate_bahnschrift.ttf,BFUCAOZJ9Y5KPW0TSHL38D2NGMVRX7Q64IE1,7,11,1,0.085,5.059644,0.959381,1.907975,BEABZIGSKPWOTSHEASRINGVRROEAIRT,0.611111,0.388889,point_previews/task000106_mu000064_rho010_n1.png
0.2,64,8,license_plate_bahnschrift.ttf,BFUCAOZJ9Y5KPW0TSHL38D2NGMVRX7Q64IE1,7,11,0,0.17,7.155418,0.919759,1.349142,BEUGADZISVSKPWRTSHLSBP2NGMYRXTGSEIR,0.5,0.5,point_previews/task000106_mu000064_rho020_n0.png
0.2,64,8,license_plate_bahnschrift.ttf,BFUCAOZJ9Y5KPW0TSHL38D2NGMVRX7Q64IE1,7,11,1,0.17,7.155418,0.919759,1.349142,BEUCADZIOVSKPWOTSHLIBOSNGMVRXFOSAIED,0.444444,0.555556,point_previews/task000106_mu000064_rho020_n1.png
0.3,64,8,license_plate_bahnschrift.ttf,BFUCAOZJ9Y5KPW0TSHL38D2NGMVRX7Q64IE1,7,11,0,0.255,8.763561,0.881116,1.10157,,1.0,0.0,point_previews/task000106_mu000064_rho030_n0.png
0.3,64,8,license_plate_bahnschrift.ttf,BFUCAOZJ9Y5KPW0TSHL38D2NGMVRX7Q64IE1,7,11,1,0.255,8.763561,0.881116,1.10157,BFUCAOZI9YSKPWOTSHL38D2NGMVRETOS4IEI,0.222222,0.777778,point_previews/task000106_mu000064_rho030_n1.png
0.4,64,8,license_plate_bahnschrift.ttf,BFUCAOZJ9Y5KPW0TSHL38D2NGMVRX7Q64IE1,7,11,0,0.34,10.119289,0.843436,0.953987,BFUCAOZISYSKPWOFSHLI8D2NGMVRKIRSAET,0.361111,0.638889,point_previews/task000106_mu000064_rho040_n0.png
0.4,64,8,license_plate_bahnschrift.ttf,BFUCAOZJ9Y5KPW0TSHL38D2NGMVRX7Q64IE1,7,11,1,0.34,10.119289,0.843436,0.953987,BFUCAOZJ9YSKPWOTSHLISDZNGMVAXTOS4AIEI,0.305556,0.694444,point_previews/task000106_mu000064_rho040_n1.png
0.5,64,8,license_plate_bahnschrift.ttf,BFUCAOZJ9Y5KPW0TSHL38D2NGMVRX7Q64IE1,7,11,0,0.425,11.313708,0.8067,0.853272,BFUCAOZIPYSKPWOTSHL38D2NGMVRXTOS4IET,0.222222,0.777778,point_previews/task000106_mu000064_rho050_n0.png
0.5,64,8,license_plate_bahnschrift.ttf,BFUCAOZJ9Y5KPW0TSHL38D2NGMVRX7Q64IE1,7,11,1,0.425,11.313708,0.8067,0.853272,BFUCADZJOYEKPWOTSHL3802NGMVRX7Q641E,0.194444,0.805556,point_previews/task000106_mu000064_rho050_n1.png
0.6,64,8,license_plate_bahnschrift.ttf,BFUCAOZJ9Y5KPW0TSHL38D2NGMVRX7Q64IE1,7,11,0,0.51,12.393547,0.770893,0.778927,BFUCAOZJ9VSKPWOTSHLSSD2ZNGMVRXTQ64IET,0.222222,0.777778,point_previews/task000106_mu000064_rho060_n0.png
0.6,64,8,license_plate_bahnschrift.ttf,BFUCAOZJ9Y5KPW0TSHL38D2NGMVRX7Q64IE1,7,11,1,0.51,12.393547,0.770893,0.778927,BFUCAOZJ9YSKPWOTSHL38D2NGMVRX7Q641E1,0.083333,0.916667,point_previews/task000106_mu000064_rho060_n1.png
0.7,64,8,license_plate_bahnschrift.ttf,BFUCAOZJ9Y5KPW0TSHL38D2NGMVRX7Q64IE1,7,11,0,0.595,13.38656,0.735998,0.721147,BFUCAOZJ9YSKPWOTSHL38D2NGMVRX7Q44E1,0.111111,0.888889,point_previews/task000106_mu000064_rho070_n0.png
0.7,64,8,license_plate_bahnschrift.ttf,BFUCAOZJ9Y5KPW0TSHL38D2NGMVRX7Q64IE1,7,11,1,0.595,13.38656,0.735998,0.721147,BFUCAOZJ9YSKPWOTSHL38D2NGMVRX7O64IE1,0.083333,0.916667,point_previews/task000106_mu000064_rho070_n1.png
0.8,64,8,license_plate_bahnschrift.ttf,BFUCAOZJ9Y5KPW0TSHL38D2NGMVRX7Q64IE1,7,11,0,0.68,14.310835,0.701998,0.674571,BFUCAOZISYSKPWOTSHL28D2NGMVRX7Q64IE1,0.138889,0.861111,point_previews/task000106_mu000064_rho080_n0.png
0.8,64,8,license_plate_bahnschrift.ttf,BFUCAOZJ9Y5KPW0TSHL38D2NGMVRX7Q64IE1,7,11,1,0.68,14.310835,0.701998,0.674571,BFUCAOZJ9YSKPWOTSHL38D2NGMVRX7Q64161,0.111111,0.888889,point_previews/task000106_mu000064_rho080_n1.png
0.9,64,8,license_plate_bahnschrift.ttf,BFUCAOZJ9Y5KPW0TSHL38D2NGMVRX7Q64IE1,7,11,0,0.765,15.178933,0.668877,0.635992,BFUCAOZJ9YSKPWOTSHL38D2NGMVRX70641E1,0.111111,0.888889,point_previews/task000106_mu000064_rho090_n0.png
0.9,64,8,license_plate_bahnschrift.ttf,BFUCAOZJ9Y5KPW0TSHL38D2NGMVRX7Q64IE1,7,11,1,0.765,15.178933,0.668877,0.635992,BFUCAOZJ9YSKPWOTSHL38D2NGMVRX7Q641E1,0.083333,0.916667,point_previews/task000106_mu000064_rho090_n1.png
1.0,64,8,license_plate_bahnschrift.ttf,BFUCAOZJ9Y5KPW0TSHL38D2NGMVRX7Q64IE1,7,11,0,0.85,16.0,0.63662,0.603355,BFUCAO2J9Y5KPWOTSHL38D2NGMVRX7Q64IE1,0.055556,0.944444,point_previews/task000106_mu000064_rho100_n0.png
1.0,64,8,license_plate_bahnschrift.ttf,BFUCAOZJ9Y5KPW0TSHL38D2NGMVRX7Q64IE1,7,11,1,0.85,16.0,0.63662,0.603355,BFUCAQZJ9YSKPWOTSHL38D02NGMVRX7GQ64IEI,0.166667,0.833333,point_previews/task000106_mu000064_rho100_n1.png
0.1,256,8,license_plate_bahnschrift.ttf,BFUCAOZJ9Y5KPW0TSHL38D2NGMVRX7Q64IE1,7,11,0,0.085,5.059644,0.959381,1.907975,BFUCAOZJ9YSKPWOTSHL38D2NGMYRX7Q441E7,0.166667,0.833333,point_previews/task000107_mu000256_rho010_n0.png
0.1,256,8,license_plate_bahnschrift.ttf,BFUCAOZJ9Y5KPW0TSHL38D2NGMVRX7Q64IE1,7,11,1,0.085,5.059644,0.959381,1.907975,BFUCAQZJ9YSKPWOTSHL3SD2NGMYURX7O64IE1,0.194444,0.805556,point_previews/task000107_mu000256_rho010_n1.png
0.2,256,8,license_plate_bahnschrift.ttf,BFUCAOZJ9Y5KPW0TSHL38D2NGMVRX7Q64IE1,7,11,0,0.17,7.155418,0.919759,1.349142,BEUCAOZIPYSKPWOTSHL38D2NGMVRX7Q641E1,0.166667,0.833333,point_previews/task000107_mu000256_rho020_n0.png
0.2,256,8,license_plate_bahnschrift.ttf,BFUCAOZJ9Y5KPW0TSHL38D2NGMVRX7Q64IE1,7,11,1,0.17,7.155418,0.919759,1.349142,BFUGAOZJ9Y5SKPWOTSHL38D2NGMVRX7Q641E1,0.111111,0.888889,point_previews/task000107_mu000256_rho020_n1.png
0.3,256,8,license_plate_bahnschrift.ttf,BFUCAOZJ9Y5KPW0TSHL38D2NGMVRX7Q64IE1,7,11,0,0.255,8.763561,0.881116,1.10157,BFUCA0ZJ9YSKPWOTSHL38DZ2NGMYVRX7G4641E,0.25,0.75,point_previews/task000107_mu000256_rho030_n0.png
0.3,256,8,license_plate_bahnschrift.ttf,BFUCAOZJ9Y5KPW0TSHL38D2NGMVRX7Q64IE1,7,11,1,0.255,8.763561,0.881116,1.10157,BFUCAOZJ9YSKPWOTSHL38D2NGMYRX7Q641E1,0.111111,0.888889,point_previews/task000107_mu000256_rho030_n1.png
0.4,256,8,license_plate_bahnschrift.ttf,BFUCAOZJ9Y5KPW0TSHL38D2NGMVRX7Q64IE1,7,11,0,0.34,10.119289,0.843436,0.953987,BFUCAOZJ9YSKPWOTSHL38D2NGMVRX7Q441E1,0.111111,0.888889,point_previews/task000107_mu000256_rho040_n0.png
0.4,256,8,license_plate_bahnschrift.ttf,BFUCAOZJ9Y5KPW0TSHL38D2NGMVRX7Q64IE1,7,11,1,0.34,10.119289,0.843436,0.953987,BFUCAOZJPYSKPWOTSHL38DZ2NGMVRX7Q64IEI,0.138889,0.861111,point_previews/task000107_mu000256_rho040_n1.png
0.5,256,8,license_plate_bahnschrift.ttf,BFUCAOZJ9Y5KPW0TSHL38D2NGMVRX7Q64IE1,7,11,0,0.425,11.313708,0.8067,0.853272,BFUCAQZI9YSKPWOTSHL38D2NGMYVRX7G64IE1,0.166667,0.833333,point_previews/task000107_mu000256_rho050_n0.png
0.5,256,8,license_plate_bahnschrift.ttf,BFUCAOZJ9Y5KPW0TSHL38D2NGMVRX7Q64IE1,7,11,1,0.425,11.313708,0.8067,0.853272,BFUCAOZJPYSKPWOTSHL38D2NGMVRX7Q64IE1,0.083333,0.916667,point_previews/task000107_mu000256_rho050_n1.png
0.6,256,8,license_plate_bahnschrift.ttf,BFUCAOZJ9Y5KPW0TSHL38D2NGMVRX7Q64IE1,7,11,0,0.51,12.393547,0.770893,0.778927,BFUCAOZI9YSKPWOTSHL38D2NGMYVRX7Q641E1,0.138889,0.861111,point_previews/task000107_mu000256_rho060_n0.png
0.6,256,8,license_plate_bahnschrift.ttf,BFUCAOZJ9Y5KPW0TSHL38D2NGMVRX7Q64IE1,7,11,1,0.51,12.393547,0.770893,0.778927,BFUCAOZI9YSKPWOTSHL38D2NGMVRX7Q64IEI,0.111111,0.888889,point_previews/task000107_mu000256_rho060_n1.png
0.7,256,8,license_plate_bahnschrift.ttf,BFUCAOZJ9Y5KPW0TSHL38D2NGMVRX7Q64IE1,7,11,0,0.595,13.38656,0.735998,0.721147,BFUCAOZJPYSKPWOTSHL38D2NGMVRX7Q64IEI,0.111111,0.888889,point_previews/task000107_mu000256_rho070_n0.png
0.7,256,8,license_plate_bahnschrift.ttf,BFUCAOZJ9Y5KPW0TSHL38D2NGMVRX7Q64IE1,7,11,1,0.595,13.38656,0.735998,0.721147,BFUCAOZI9YSKPWOTSHL38D2NGMVRX7Q64IE,0.111111,0.888889,point_previews/task000107_mu000256_rho070_n1.png
0.8,256,8,license_plate_bahnschrift.ttf,BFUCAOZJ9Y5KPW0TSHL38D2NGMVRX7Q64IE1,7,11,0,0.68,14.310835,0.701998,0.674571,BFUCAOZJ9YSKPWOTSHL38D2NGMVRX7Q64IEI,0.083333,0.916667,point_previews/task000107_mu000256_rho080_n0.png
0.8,256,8,license_plate_bahnschrift.ttf,BFUCAOZJ9Y5KPW0TSHL38D2NGMVRX7Q64IE1,7,11,1,0.68,14.310835,0.701998,0.674571,BFUCAOZJI9YSKPWOTSHL38D2NGMVRX7G64IEI,0.138889,0.861111,point_previews/task000107_mu000256_rho080_n1.png
0.9,256,8,license_plate_bahnschrift.ttf,BFUCAOZJ9Y5KPW0TSHL38D2NGMVRX7Q64IE1,7,11,0,0.765,15.178933,0.668877,0.635992,BFUCAOZJ9YSKPWOTSHL38D2NGMVRX7Q64IE,0.083333,0.916667,point_previews/task000107_mu000256_rho090_n0.png
0.9,256,8,license_plate_bahnschrift.ttf,BFUCAOZJ9Y5KPW0TSHL38D2NGMVRX7Q64IE1,7,11,1,0.765,15.178933,0.668877,0.635992,BFUCAOZI9YSKPWOTSHL38D2NGMVRX7Q64IE1,0.083333,0.916667,point_previews/task000107_mu000256_rho090_n1.png
1.0,256,8,license_plate_bahnschrift.ttf,BFUCAOZJ9Y5KPW0TSHL38D2NGMVRX7Q64IE1,7,11,0,0.85,16.0,0.63662,0.603355,BFUCAOZI9YSKPWOTSHL38D2NGMVRX7Q644IE1,0.111111,0.888889,point_previews/task000107_mu000256_rho100_n0.png
1.0,256,8,license_plate_bahnschrift.ttf,BFUCAOZJ9Y5KPW0TSHL38D2NGMVRX7Q64IE1,7,11,1,0.85,16.0,0.63662,0.603355,BFUCAOZIJ9YSKPWOTSHL38D2NGMVRX7Q64IE1,0.083333,0.916667,point_previews/task000107_mu000256_rho100_n1.png
0.1,1024,8,license_plate_bahnschrift.ttf,BFUCAOZJ9Y5KPW0TSHL38D2NGMVRX7Q64IE1,7,11,0,0.085,5.059644,0.959381,1.907975,BFUCAOZIJPYSKPWOTSHL338D2NGMYVRX7O64IE,0.222222,0.777778,point_previews/task000108_mu001024_rho010_n0.png
0.1,1024,8,license_plate_bahnschrift.ttf,BFUCAOZJ9Y5KPW0TSHL38D2NGMVRX7Q64IE1,7,11,1,0.085,5.059644,0.959381,1.907975,BFUCASOZIPYSKPWOTSHL38D2NGMYRX7Q641E1,0.194444,0.805556,point_previews/task000108_mu001024_rho010_n1.png
0.2,1024,8,license_plate_bahnschrift.ttf,BFUCAOZJ9Y5KPW0TSHL38D2NGMVRX7Q64IE1,7,11,0,0.17,7.155418,0.919759,1.349142,BFUCAOZIPYSKPWOTSHL38D2NGMYVRX7Q641E1,0.166667,0.833333,point_previews/task000108_mu001024_rho020_n0.png
0.2,1024,8,license_plate_bahnschrift.ttf,BFUCAOZJ9Y5KPW0TSHL38D2NGMVRX7Q64IE1,7,11,1,0.17,7.155418,0.919759,1.349142,BFUCAOZIPYSKPWOTSHL38D2NGMYRX7Q641E,0.194444,0.805556,point_previews/task000108_mu001024_rho020_n1.png
0.3,1024,8,license_plate_bahnschrift.ttf,BFUCAOZJ9Y5KPW0TSHL38D2NGMVRX7Q64IE1,7,11,0,0.255,8.763561,0.881116,1.10157,BFUCAOZJPYSKPWOTSHL38D2NGMVRX7Q64IE1,0.083333,0.916667,point_previews/task000108_mu001024_rho030_n0.png
0.3,1024,8,license_plate_bahnschrift.ttf,BFUCAOZJ9Y5KPW0TSHL38D2NGMVRX7Q64IE1,7,11,1,0.255,8.763561,0.881116,1.10157,BFUCAOZIPYSKPWOTSHL38D2NGMYVRX7Q64IEI,0.166667,0.833333,point_previews/task000108_mu001024_rho030_n1.png
0.4,1024,8,license_plate_bahnschrift.ttf,BFUCAOZJ9Y5KPW0TSHL38D2NGMVRX7Q64IE1,7,11,0,0.34,10.119289,0.843436,0.953987,BFUCAOZI9YSKPWOTSHL38D2NGMYVRX7Q641E,0.166667,0.833333,point_previews/task000108_mu001024_rho040_n0.png
0.4,1024,8,license_plate_bahnschrift.ttf,BFUCAOZJ9Y5KPW0TSHL38D2NGMVRX7Q64IE1,7,11,1,0.34,10.119289,0.843436,0.953987,BFUCAOZJIPYSKPWOTSHL38D2NGMVRX7Q641E,0.166667,0.833333,point_previews/task000108_mu001024_rho040_n1.png
0.5,1024,8,license_plate_bahnschrift.ttf,BFUCAOZJ9Y5KPW0TSHL38D2NGMVRX7Q64IE1,7,11,0,0.425,11.313708,0.8067,0.853272,BFUCAOZJ9YSKPWOTSHL38D2NGMVRX7Q64IEI,0.083333,0.916667,point_previews/task000108_mu001024_rho050_n0.png
0.5,1024,8,license_plate_bahnschrift.ttf,BFUCAOZJ9Y5KPW0TSHL38D2NGMVRX7Q64IE1,7,11,1,0.425,11.313708,0.8067,0.853272,BFUCAOZJP9YSKPWOTSHL38D2NGMVRX7Q64IE1,0.083333,0.916667,point_previews/task000108_mu001024_rho050_n1.png
0.6,1024,8,license_plate_bahnschrift.ttf,BFUCAOZJ9Y5KPW0TSHL38D2NGMVRX7Q64IE1,7,11,0,0.51,12.393547,0.770893,0.778927,BFUCAOZI9YSKPWOTSHL38D2NGMVRX7Q641E,0.138889,0.861111,point_previews/task000108_mu001024_rho060_n0.png
0.6,1024,8,license_plate_bahnschrift.ttf,BFUCAOZJ9Y5KPW0TSHL38D2NGMVRX7Q64IE1,7,11,1,0.51,12.393547,0.770893,0.778927,BFUCAOZI9YSKPWOTSHL38D2NGMVRX7Q64IE,0.111111,0.888889,point_previews/task000108_mu001024_rho060_n1.png
0.7,1024,8,license_plate_bahnschrift.ttf,BFUCAOZJ9Y5KPW0TSHL38D2NGMVRX7Q64IE1,7,11,0,0.595,13.38656,0.735998,0.721147,BFUCAOZJ9YSKPWOTSHL38D2NGMVRX7Q64IE1,0.055556,0.944444,point_previews/task000108_mu001024_rho070_n0.png
0.7,1024,8,license_plate_bahnschrift.ttf,BFUCAOZJ9Y5KPW0TSHL38D2NGMVRX7Q64IE1,7,11,1,0.595,13.38656,0.735998,0.721147,BFUCAOZJ9YSKPWOTSHL38D2NGMVRX7Q64IEI,0.083333,0.916667,point_previews/task000108_mu001024_rho070_n1.png
0.8,1024,8,license_plate_bahnschrift.ttf,BFUCAOZJ9Y5KPW0TSHL38D2NGMVRX7Q64IE1,7,11,0,0.68,14.310835,0.701998,0.674571,BFUCAOZJ9YSKPWOTSHL38D2NGMVRX7Q64IE,0.083333,0.916667,point_previews/task000108_mu001024_rho080_n0.png
0.8,1024,8,license_plate_bahnschrift.ttf,BFUCAOZJ9Y5KPW0TSHL38D2NGMVRX7Q64IE1,7,11,1,0.68,14.310835,0.701998,0.674571,BFUCAOZJ9YSKPWOTSHL38D2NGMVRX7Q64IEI,0.083333,0.916667,point_previews/task000108_mu001024_rho080_n1.png
0.9,1024,8,license_plate_bahnschrift.ttf,BFUCAOZJ9Y5KPW0TSHL38D2NGMVRX7Q64IE1,7,11,0,0.765,15.178933,0.668877,0.635992,BFUCAOZJI9YSKPWOTSHL38D2NGMVRX7Q64IEI,0.111111,0.888889,point_previews/task000108_mu001024_rho090_n0.png
0.9,1024,8,license_plate_bahnschrift.ttf,BFUCAOZJ9Y5KPW0TSHL38D2NGMVRX7Q64IE1,7,11,1,0.765,15.178933,0.668877,0.635992,BFUCAOZIJ9YSKPWOTSHL38D2NGMVRX7Q64IE1,0.083333,0.916667,point_previews/task000108_mu001024_rho090_n1.png
1.0,1024,8,license_plate_bahnschrift.ttf,BFUCAOZJ9Y5KPW0TSHL38D2NGMVRX7Q64IE1,7,11,0,0.85,16.0,0.63662,0.603355,BFUCAOZJ9YSKPWOTSHL38D2NGMVRX7Q64IEI,0.083333,0.916667,point_previews/task000108_mu001024_rho100_n0.png
1.0,1024,8,license_plate_bahnschrift.ttf,BFUCAOZJ9Y5KPW0TSHL38D2NGMVRX7Q64IE1,7,11,1,0.85,16.0,0.63662,0.603355,BFUCAOZJ9YSKPWOTSHL38D2NGMVRX7Q64IEI,0.083333,0.916667,point_previews/task000108_mu001024_rho100_n1.png
0.1,4096,8,license_plate_bahnschrift.ttf,BFUCAOZJ9Y5KPW0TSHL38D2NGMVRX7Q64IE1,7,11,0,0.085,5.059644,0.959381,1.907975,BFUCAOZIJPYSKPWOTSHL38D2NGMYRXT7O6SIEI,0.25,0.75,point_previews/task000109_mu004096_rho010_n0.png
0.1,4096,8,license_plate_bahnschrift.ttf,BFUCAOZJ9Y5KPW0TSHL38D2NGMVRX7Q64IE1,7,11,1,0.085,5.059644,0.959381,1.907975,BFUCASOZIJPYSKPWOTSHL38D2NGMYRXATOS6SIEI,0.333333,0.666667,point_previews/task000109_mu004096_rho010_n1.png
0.2,4096,8,license_plate_bahnschrift.ttf,BFUCAOZJ9Y5KPW0TSHL38D2NGMVRX7Q64IE1,7,11,0,0.17,7.155418,0.919759,1.349142,BFUCAOZIPYSKPWOTSHL38D2NGMYVRXTO64IE,0.222222,0.777778,point_previews/task000109_mu004096_rho020_n0.png
0.2,4096,8,license_plate_bahnschrift.ttf,BFUCAOZJ9Y5KPW0TSHL38D2NGMVRX7Q64IE1,7,11,1,0.17,7.155418,0.919759,1.349142,BFUCAOZIPYSKPWOTSHL38D2NGMYVRX7O64IE1,0.166667,0.833333,point_previews/task000109_mu004096_rho020_n1.png
0.3,4096,8,license_plate_bahnschrift.ttf,BFUCAOZJ9Y5KPW0TSHL38D2NGMVRX7Q64IE1,7,11,0,0.255,8.763561,0.881116,1.10157,BFUCAOZJPYSKPWOTSHL38D2NGMVRX7Q64IEI,0.111111,0.888889,point_previews/task000109_mu004096_rho030_n0.png
0.3,4096,8,license_plate_bahnschrift.ttf,BFUCAOZJ9Y5KPW0TSHL38D2NGMVRX7Q64IE1,7,11,1,0.255,8.763561,0.881116,1.10157,BFUCAOZJPYSKPWOTSHL38D2NGMVRX7Q64IE1,0.083333,0.916667,point_previews/task000109_mu004096_rho030_n1.png
0.4,4096,8,license_plate_bahnschrift.ttf,BFUCAOZJ9Y5KPW0TSHL38D2NGMVRX7Q64IE1,7,11,0,0.34,10.119289,0.843436,0.953987,BFUCAOZI9YSKPWOTSHL38D2NGMYVRX7Q641E,0.166667,0.833333,point_previews/task000109_mu004096_rho040_n0.png
0.4,4096,8,license_plate_bahnschrift.ttf,BFUCAOZJ9Y5KPW0TSHL38D2NGMVRX7Q64IE1,7,11,1,0.34,10.119289,0.843436,0.953987,BFUCAOZI9YSKPWOTSHL38D2NGMYVRX7Q641E,0.166667,0.833333,point_previews/task000109_mu004096_rho040_n1.png
0.5,4096,8,license_plate_bahnschrift.ttf,BFUCAOZJ9Y5KPW0TSHL38D2NGMVRX7Q64IE1,7,11,0,0.425,11.313708,0.8067,0.853272,BFUCAOZJI9YSKPWOTSHL38D2NGMVRX7Q64IE1,0.083333,0.916667,point_previews/task000109_mu004096_rho050_n0.png
0.5,4096,8,license_plate_bahnschrift.ttf,BFUCAOZJ9Y5KPW0TSHL38D2NGMVRX7Q64IE1,7,11,1,0.425,11.313708,0.8067,0.853272,BFUCAOZJPYSKPWOTSHL38D2NGMVRX7Q64IE1,0.083333,0.916667,point_previews/task000109_mu004096_rho050_n1.png
0.6,4096,8,license_plate_bahnschrift.ttf,BFUCAOZJ9Y5KPW0TSHL38D2NGMVRX7Q64IE1,7,11,0,0.51,12.393547,0.770893,0.778927,BFUCAOZI9YSKPWOTSHL38D2NGMYVRX7Q64IE,0.138889,0.861111,point_previews/task000109_mu004096_rho060_n0.png
0.6,4096,8,license_plate_bahnschrift.ttf,BFUCAOZJ9Y5KPW0TSHL38D2NGMVRX7Q64IE1,7,11,1,0.51,12.393547,0.770893,0.778927,BFUCAOZI9YSKPWOTSHL38D2NGMVRX7Q64IE,0.111111,0.888889,point_previews/task000109_mu004096_rho060_n1.png
0.7,4096,8,license_plate_bahnschrift.ttf,BFUCAOZJ9Y5KPW0TSHL38D2NGMVRX7Q64IE1,7,11,0,0.595,13.38656,0.735998,0.721147,BFUCAOZJ9YSKPWOTSHL38D2NGMVRX7Q64IEI,0.083333,0.916667,point_previews/task000109_mu004096_rho070_n0.png
0.7,4096,8,license_plate_bahnschrift.ttf,BFUCAOZJ9Y5KPW0TSHL38D2NGMVRX7Q64IE1,7,11,1,0.595,13.38656,0.735998,0.721147,BFUCAOZI9YSKPWOTSHL38D2NGMVRX7Q64IE,0.111111,0.888889,point_previews/task000109_mu004096_rho070_n1.png
0.8,4096,8,license_plate_bahnschrift.ttf,BFUCAOZJ9Y5KPW0TSHL38D2NGMVRX7Q64IE1,7,11,0,0.68,14.310835,0.701998,0.674571,BFUCAOZI9YSKPWOTSHL38D2NGMVRX7Q64E,0.138889,0.861111,point_previews/task000109_mu004096_rho080_n0.png
0.8,4096,8,license_plate_bahnschrift.ttf,BFUCAOZJ9Y5KPW0TSHL38D2NGMVRX7Q64IE1,7,11,1,0.68,14.310835,0.701998,0.674571,BFUCAOZJ9YSKPWOTSHL38D2NGMVRX7Q64IEI,0.083333,0.916667,point_previews/task000109_mu004096_rho080_n1.png
0.9,4096,8,license_plate_bahnschrift.ttf,BFUCAOZJ9Y5KPW0TSHL38D2NGMVRX7Q64IE1,7,11,0,0.765,15.178933,0.668877,0.635992,BFUCAOZJ9YSKPWOTSHL38D2NGMVRX7Q64IEI,0.083333,0.916667,point_previews/task000109_mu004096_rho090_n0.png
0.9,4096,8,license_plate_bahnschrift.ttf,BFUCAOZJ9Y5KPW0TSHL38D2NGMVRX7Q64IE1,7,11,1,0.765,15.178933,0.668877,0.635992,BFUCAOZJ9YSKPWOTSHL38D2NGMVRX7Q64IEI,0.083333,0.916667,point_previews/task000109_mu004096_rho090_n1.png
1.0,4096,8,license_plate_bahnschrift.ttf,BFUCAOZJ9Y5KPW0TSHL38D2NGMVRX7Q64IE1,7,11,0,0.85,16.0,0.63662,0.603355,BFUCAOZJ9YSKPWOTSHL38D2NGMVRX7Q64IEI,0.083333,0.916667,point_previews/task000109_mu004096_rho100_n0.png
1.0,4096,8,license_plate_bahnschrift.ttf,BFUCAOZJ9Y5KPW0TSHL38D2NGMVRX7Q64IE1,7,11,1,0.85,16.0,0.63662,0.603355,BFUCAOZJ9YSKPWOTSHL38D2NGMVRX7Q64IEI,0.083333,0.916667,point_previews/task000109_mu004096_rho100_n1.png
0.1,16384,8,license_plate_bahnschrift.ttf,BFUCAOZJ9Y5KPW0TSHL38D2NGMVRX7Q64IE1,7,11,0,0.085,5.059644,0.959381,1.907975,BFUCAOZIPYSKPWOTSHL38D2NGMYVRXATO64IE,0.25,0.75,point_previews/task000110_mu016384_rho010_n0.png
0.1,16384,8,license_plate_bahnschrift.ttf,BFUCAOZJ9Y5KPW0TSHL38D2NGMVRX7Q64IE1,7,11,1,0.085,5.059644,0.959381,1.907975,BFUCAOZIJPYSKPWOTSHL338D2NGMYRX7O641E1,0.222222,0.777778,point_previews/task000110_mu016384_rho010_n1.png
0.2,16384,8,license_plate_bahnschrift.ttf,BFUCAOZJ9Y5KPW0TSHL38D2NGMVRX7Q64IE1,7,11,0,0.17,7.155418,0.919759,1.349142,BFUCAOZIJPYSKPWOTSHL38D2NGMYVRX7Q64IE1,0.138889,0.861111,point_previews/task000110_mu016384_rho020_n0.png
0.2,16384,8,license_plate_bahnschrift.ttf,BFUCAOZJ9Y5KPW0TSHL38D2NGMVRX7Q64IE1,7,11,1,0.17,7.155418,0.919759,1.349142,BFUCAOZJPYSKPWOTSHL38D2NGMYVRX7OQ64IE1,0.138889,0.861111,point_previews/task000110_mu016384_rho020_n1.png
0.3,16384,8,license_plate_bahnschrift.ttf,BFUCAOZJ9Y5KPW0TSHL38D2NGMVRX7Q64IE1,7,11,0,0.255,8.763561,0.881116,1.10157,BFUCAOZJPYSKPWOTSHL38D2NGMVRX7Q64IE1,0.083333,0.916667,point_previews/task000110_mu016384_rho030_n0.png
0.3,16384,8,license_plate_bahnschrift.ttf,BFUCAOZJ9Y5KPW0TSHL38D2NGMVRX7Q64IE1,7,11,1,0.255,8.763561,0.881116,1.10157,BFUCAOZJPYSKPWOTSHL38D2NGMVRX7Q64IE1,0.083333,0.916667,point_previews/task000110_mu016384_rho030_n1.png
0.4,16384,8,license_plate_bahnschrift.ttf,BFUCAOZJ9Y5KPW0TSHL38D2NGMVRX7Q64IE1,7,11,0,0.34,10.119289,0.843436,0.953987,BFUCAOZI9YSKPWOTSHL38D2NGMYVRX7Q641E,0.166667,0.833333,point_previews/task000110_mu016384_rho040_n0.png
0.4,16384,8,license_plate_bahnschrift.ttf,BFUCAOZJ9Y5KPW0TSHL38D2NGMVRX7Q64IE1,7,11,1,0.34,10.119289,0.843436,0.953987,BFUCAOZI9YSKPWOTSHL38D2NGMYVRX7Q641E,0.166667,0.833333,point_previews/task000110_mu016384_rho040_n1.png
0.5,16384,8,license_plate_bahnschrift.ttf,BFUCAOZJ9Y5KPW0TSHL38D2NGMVRX7Q64IE1,7,11,0,0.425,11.313708,0.8067,0.853272,BFUCAOZI9YSKPWOTSHL38D2NGMVRX7Q641E,0.138889,0.861111,point_previews/task000110_mu016384_rho050_n0.png
0.5,16384,8,license_plate_bahnschrift.ttf,BFUCAOZJ9Y5KPW0TSHL38D2NGMVRX7Q64IE1,7,11,1,0.425,11.313708,0.8067,0.853272,BFUCAOZI9YSKPWOTSHL38D2NGMVRX7Q641E,0.138889,0.861111,point_previews/task000110_mu016384_rho050_n1.png
0.6,16384,8,license_plate_bahnschrift.ttf,BFUCAOZJ9Y5KPW0TSHL38D2NGMVRX7Q64IE1,7,11,0,0.51,12.393547,0.770893,0.778927,BFUCAOZI9YSKPWOTSHL38D2NGMVRX7Q641E,0.138889,0.861111,point_previews/task000110_mu016384_rho060_n0.png
0.6,16384,8,license_plate_bahnschrift.ttf,BFUCAOZJ9Y5KPW0TSHL38D2NGMVRX7Q64IE1,7,11,1,0.51,12.393547,0.770893,0.778927,BFUCAOZI9YSKPWOTSHL38D2NGMVRX7Q641E,0.138889,0.861111,point_previews/task000110_mu016384_rho060_n1.png
0.7,16384,8,license_plate_bahnschrift.ttf,BFUCAOZJ9Y5KPW0TSHL38D2NGMVRX7Q64IE1,7,11,0,0.595,13.38656,0.735998,0.721147,BFUCAOZJ9YSKPWOTSHL38D2NGMVRX7Q64IEI,0.083333,0.916667,point_previews/task000110_mu016384_rho070_n0.png
0.7,16384,8,license_plate_bahnschrift.ttf,BFUCAOZJ9Y5KPW0TSHL38D2NGMVRX7Q64IE1,7,11,1,0.595,13.38656,0.735998,0.721147,BFUCAOZI9YSKPWOTSHL38D2NGMVRX7Q64IE,0.111111,0.888889,point_previews/task000110_mu016384_rho070_n1.png
0.8,16384,8,license_plate_bahnschrift.ttf,BFUCAOZJ9Y5KPW0TSHL38D2NGMVRX7Q64IE1,7,11,0,0.68,14.310835,0.701998,0.674571,BFUCAOZI9YSKPWOTSHL38D2NGMVRX7Q64E,0.138889,0.861111,point_previews/task000110_mu016384_rho080_n0.png
0.8,16384,8,license_plate_bahnschrift.ttf,BFUCAOZJ9Y5KPW0TSHL38D2NGMVRX7Q64IE1,7,11,1,0.68,14.310835,0.701998,0.674571,BFUCAOZI9YSKPWOTSHL38D2NGMVRX7Q64IE,0.111111,0.888889,point_previews/task000110_mu016384_rho080_n1.png
0.9,16384,8,license_plate_bahnschrift.ttf,BFUCAOZJ9Y5KPW0TSHL38D2NGMVRX7Q64IE1,7,11,0,0.765,15.178933,0.668877,0.635992,BFUCAOZJ9YSKPWOTSHL38D2NGMVRX7Q64IEI,0.083333,0.916667,point_previews/task000110_mu016384_rho090_n0.png
0.9,16384,8,license_plate_bahnschrift.ttf,BFUCAOZJ9Y5KPW0TSHL38D2NGMVRX7Q64IE1,7,11,1,0.765,15.178933,0.668877,0.635992,BFUCAOZJ9YSKPWOTSHL38D2NGMVRX7Q64IEI,0.083333,0.916667,point_previews/task000110_mu016384_rho090_n1.png
1.0,16384,8,license_plate_bahnschrift.ttf,BFUCAOZJ9Y5KPW0TSHL38D2NGMVRX7Q64IE1,7,11,0,0.85,16.0,0.63662,0.603355,BFUCAOZJ9YSKPWOTSHL38D2NGMVRX7Q64IEI,0.083333,0.916667,point_previews/task000110_mu016384_rho100_n0.png
1.0,16384,8,license_plate_bahnschrift.ttf,BFUCAOZJ9Y5KPW0TSHL38D2NGMVRX7Q64IE1,7,11,1,0.85,16.0,0.63662,0.603355,BFUCAOZJ9YSKPWOTSHL38D2NGMVRX7Q64IEI,0.083333,0.916667,point_previews/task000110_mu016384_rho100_n1.png
0.1,65536,8,license_plate_bahnschrift.ttf,BFUCAOZJ9Y5KPW0TSHL38D2NGMVRX7Q64IE1,7,11,0,0.085,5.059644,0.959381,1.907975,BFUCAOZIPYSKPWOTSHL38D2NGMYVRATO64IE,0.25,0.75,point_previews/task000111_mu065536_rho010_n0.png
0.1,65536,8,license_plate_bahnschrift.ttf,BFUCAOZJ9Y5KPW0TSHL38D2NGMVRX7Q64IE1,7,11,1,0.085,5.059644,0.959381,1.907975,BFUCAOZIPYSKPWOTSHL38D2NGMYRXTO64IE,0.222222,0.777778,point_previews/task000111_mu065536_rho010_n1.png
0.2,65536,8,license_plate_bahnschrift.ttf,BFUCAOZJ9Y5KPW0TSHL38D2NGMVRX7Q64IE1,7,11,0,0.17,7.155418,0.919759,1.349142,BFUCAOZIJPYSKPWOTSHL38D2NGMYRX7Q64IE1,0.138889,0.861111,point_previews/task000111_mu065536_rho020_n0.png
0.2,65536,8,license_plate_bahnschrift.ttf,BFUCAOZJ9Y5KPW0TSHL38D2NGMVRX7Q64IE1,7,11,1,0.17,7.155418,0.919759,1.349142,BFUCAOZIPYSKPWOTSHL38D2NGMYVRX7O64IE,0.194444,0.805556,point_previews/task000111_mu065536_rho020_n1.png
0.3,65536,8,license_plate_bahnschrift.ttf,BFUCAOZJ9Y5KPW0TSHL38D2NGMVRX7Q64IE1,7,11,0,0.255,8.763561,0.881116,1.10157,BFUCAOZJPYSKPWOTSHL38D2NGMVRX7Q64IE1,0.083333,0.916667,point_previews/task000111_mu065536_rho030_n0.png
0.3,65536,8,license_plate_bahnschrift.ttf,BFUCAOZJ9Y5KPW0TSHL38D2NGMVRX7Q64IE1,7,11,1,0.255,8.763561,0.881116,1.10157,BFUCAOZJPYSKPWOTSHL38D2NGMYVRX7Q64IE1,0.111111,0.888889,point_previews/task000111_mu065536_rho030_n1.png
0.4,65536,8,license_plate_bahnschrift.ttf,BFUCAOZJ9Y5KPW0TSHL38D2NGMVRX7Q64IE1,7,11,0,0.34,10.119289,0.843436,0.953987,BFUCAOZJI9YSKPWOTSHL38D2NGMVRX7Q641E,0.138889,0.861111,point_previews/task000111_mu065536_rho040_n0.png
0.4,65536,8,license_plate_bahnschrift.ttf,BFUCAOZJ9Y5KPW0TSHL38D2NGMVRX7Q64IE1,7,11,1,0.34,10.119289,0.843436,0.953987,BFUCAOZJI9YSKPWOTSHL38D2NGMYVRX7Q64IE,0.138889,0.861111,point_previews/task000111_mu065536_rho040_n1.png
0.5,65536,8,license_plate_bahnschrift.ttf,BFUCAOZJ9Y5KPW0TSHL38D2NGMVRX7Q64IE1,7,11,0,0.425,11.313708,0.8067,0.853272,BFUCAOZJ9YSKPWOTSHL38D2NGMVRX7Q64IE1,0.055556,0.944444,point_previews/task000111_mu065536_rho050_n0.png
0.5,65536,8,license_plate_bahnschrift.ttf,BFUCAOZJ9Y5KPW0TSHL38D2NGMVRX7Q64IE1,7,11,1,0.425,11.313708,0.8067,0.853272,BFUCAOZI9YSKPWOTSHL38D2NGMVRX7Q641E,0.138889,0.861111,point_previews/task000111_mu065536_rho050_n1.png
0.6,65536,8,license_plate_bahnschrift.ttf,BFUCAOZJ9Y5KPW0TSHL38D2NGMVRX7Q64IE1,7,11,0,0.51,12.393547,0.770893,0.778927,BFUCAOZI9YSKPWOTSHL38D2NGMVRX7Q64IE,0.111111,0.888889,point_previews/task000111_mu065536_rho060_n0.png
0.6,65536,8,license_plate_bahnschrift.ttf,BFUCAOZJ9Y5KPW0TSHL38D2NGMVRX7Q64IE1,7,11,1,0.51,12.393547,0.770893,0.778927,BFUCAOZI9YSKPWOTSHL38D2NGMVRX7Q64IE,0.111111,0.888889,point_previews/task000111_mu065536_rho060_n1.png
0.7,65536,8,license_plate_bahnschrift.ttf,BFUCAOZJ9Y5KPW0TSHL38D2NGMVRX7Q64IE1,7,11,0,0.595,13.38656,0.735998,0.721147,BFUCAOZJ9YSKPWOTSHL38D2NGMVRX7Q64IEI,0.083333,0.916667,point_previews/task000111_mu065536_rho070_n0.png
0.7,65536,8,license_plate_bahnschrift.ttf,BFUCAOZJ9Y5KPW0TSHL38D2NGMVRX7Q64IE1,7,11,1,0.595,13.38656,0.735998,0.721147,BFUCAOZJ9YSKPWOTSHL38D2NGMVRX7Q64IEI,0.083333,0.916667,point_previews/task000111_mu065536_rho070_n1.png
0.8,65536,8,license_plate_bahnschrift.ttf,BFUCAOZJ9Y5KPW0TSHL38D2NGMVRX7Q64IE1,7,11,0,0.68,14.310835,0.701998,0.674571,BFUCAOZI9YSKPWOTSHL38D2NGMVRX7Q64E,0.138889,0.861111,point_previews/task000111_mu065536_rho080_n0.png
0.8,65536,8,license_plate_bahnschrift.ttf,BFUCAOZJ9Y5KPW0TSHL38D2NGMVRX7Q64IE1,7,11,1,0.68,14.310835,0.701998,0.674571,BFUCAOZI9YSKPWOTSHL38D2NGMVRX7Q64IE,0.111111,0.888889,point_previews/task000111_mu065536_rho080_n1.png
0.9,65536,8,license_plate_bahnschrift.ttf,BFUCAOZJ9Y5KPW0TSHL38D2NGMVRX7Q64IE1,7,11,0,0.765,15.178933,0.668877,0.635992,BFUCAOZJ9YSKPWOTSHL38D2NGMVRX7Q64IEI,0.083333,0.916667,point_previews/task000111_mu065536_rho090_n0.png
0.9,65536,8,license_plate_bahnschrift.ttf,BFUCAOZJ9Y5KPW0TSHL38D2NGMVRX7Q64IE1,7,11,1,0.765,15.178933,0.668877,0.635992,BFUCAOZJ9YSKPWOTSHL38D2NGMVRX7Q64IEI,0.083333,0.916667,point_previews/task000111_mu065536_rho090_n1.png
1.0,65536,8,license_plate_bahnschrift.ttf,BFUCAOZJ9Y5KPW0TSHL38D2NGMVRX7Q64IE1,7,11,0,0.85,16.0,0.63662,0.603355,BFUCAOZJ9YSKPWOTSHL38D2NGMVRX7Q64IEI,0.083333,0.916667,point_previews/task000111_mu065536_rho100_n0.png
1.0,65536,8,license_plate_bahnschrift.ttf,BFUCAOZJ9Y5KPW0TSHL38D2NGMVRX7Q64IE1,7,11,1,0.85,16.0,0.63662,0.603355,BFUCAOZJ9YSKPWOTSHL38D2NGMVRX7Q64IEI,0.083333,0.916667,point_previews/task000111_mu065536_rho100_n1.png
0.1,4,8,license_plate_bahnschrift.ttf,BFUCAOZJ9Y5KPW0TSHL38D2NGMVRX7Q64IE1,7,15,0,0.085,5.059644,0.959381,1.907975,FSEN,0.916667,0.083333,point_previews/task000112_mu000004_rho010_n0.png
0.1,4,8,license_plate_bahnschrift.ttf,BFUCAOZJ9Y5KPW0TSHL38D2NGMVRX7Q64IE1,7,15,1,0.085,5.059644,0.959381,1.907975,RRANC,0.944444,0.055556,point_previews/task000112_mu000004_rho010_n1.png
0.2,4,8,license_plate_bahnschrift.ttf,BFUCAOZJ9Y5KPW0TSHL38D2NGMVRX7Q64IE1,7,15,0,0.17,7.155418,0.919759,1.349142,URSPA2SNOIRNEGRURESSSMM,0.861111,0.138889,point_previews/task000112_mu000004_rho020_n0.png
0.2,4,8,license_plate_bahnschrift.ttf,BFUCAOZJ9Y5KPW0TSHL38D2NGMVRX7Q64IE1,7,15,1,0.17,7.155418,0.919759,1.349142,GADERONEERSPAAMIEKLE,0.888889,0.111111,point_previews/task000112_mu000004_rho020_n1.png
0.3,4,8,license_plate_bahnschrift.ttf,BFUCAOZJ9Y5KPW0TSHL38D2NGMVRX7Q64IE1,7,15,0,0.255,8.763561,0.881116,1.10157,RCRPORLNE,0.861111,0.138889,point_previews/task000112_mu000004_rho030_n0.png
0.3,4,8,license_plate_bahnschrift.ttf,BFUCAOZJ9Y5KPW0TSHL38D2NGMVRX7Q64IE1,7,15,1,0.255,8.763561,0.881116,1.10157,RSREDASPRNCREMSSITSSRPE,0.916667,0.083333,point_previews/task000112_mu000004_rho030_n1.png
0.4,4,8,license_plate_bahnschrift.ttf,BFUCAOZJ9Y5KPW0TSHL38D2NGMVRX7Q64IE1,7,15,0,0.34,10.119289,0.843436,0.953987,NBRSOTODEERDOERERRPMSAURALROE,0.916667,0.083333,point_previews/task000112_mu000004_rho040_n0.png
0.4,4,8,license_plate_bahnschrift.ttf,BFUCAOZJ9Y5KPW0TSHL38D2NGMVRX7Q64IE1,7,15,1,0.34,10.119289,0.843436,0.953987,FGPUREGSPUIILEOTGE,0.861111,0.138889,point_previews/task000112_mu000004_rho040_n1.png
0.5,4,8,license_plate_bahnschrift.ttf,BFUCAOZJ9Y5KPW0TSHL38D2NGMVRX7Q64IE1,7,15,0,0.425,11.313708,0.8067,0.853272,PRRELARNSDERISNAS,0.888889,0.111111,point_previews/task000112_mu000004_rho050_n0.png
0.5,4,8,license_plate_bahnschrift.ttf,BFUCAOZJ9Y5KPW0TSHL38D2NGMVRX7Q64IE1,7,15,1,0.425,11.313708,0.8067,0.853272,SH19SRRAYB,0.916667,0.083333,point_previews/task000112_mu000004_rho050_n1.png
0.6,4,8,license_plate_bahnschrift.ttf,BFUCAOZJ9Y5KPW0TSHL38D2NGMVRX7Q64IE1,7,15,0,0.51,12.393547,0.770893,0.778927,ARRENPRSEANLACEATRNTOLEIE,0.833333,0.166667,point_previews/task000112_mu000004_rho060_n0.png
0.6,4,8,license_plate_bahnschrift.ttf,BFUCAOZJ9Y5KPW0TSHL38D2NGMVRX7Q64IE1,7,15,1,0.51,12.393547,0.770893,0.778927,ARRSSRFT,0.916667,0.083333,point_previews/task000112_mu000004_rho060_n1.png
0.7,4,8,license_plate_bahnschrift.ttf,BFUCAOZJ9Y5KPW0TSHL38D2NGMVRX7Q64IE1,7,15,0,0.595,13.38656,0.735998,0.721147,EAISNGSHALTCBERGCEATE,0.861111,0.138889,point_previews/task000112_mu000004_rho070_n0.png
0.7,4,8,license_plate_bahnschrift.ttf,BFUCAOZJ9Y5KPW0TSHL38D2NGMVRX7Q64IE1,7,15,1,0.595,13.38656,0.735998,0.721147,,1.0,0.0,point_previews/task000112_mu000004_rho070_n1.png
0.8,4,8,license_plate_bahnschrift.ttf,BFUCAOZJ9Y5KPW0TSHL38D2NGMVRX7Q64IE1,7,15,0,0.68,14.310835,0.701998,0.674571,TBAIGRAEASSHCEEE,0.888889,0.111111,point_previews/task000112_mu000004_rho080_n0.png
0.8,4,8,license_plate_bahnschrift.ttf,BFUCAOZJ9Y5KPW0TSHL38D2NGMVRX7Q64IE1,7,15,1,0.68,14.310835,0.701998,0.674571,ASCARESPOROSPSC,0.888889,0.111111,point_previews/task000112_mu000004_rho080_n1.png
0.9,4,8,license_plate_bahnschrift.ttf,BFUCAOZJ9Y5KPW0TSHL38D2NGMVRX7Q64IE1,7,15,0,0.765,15.178933,0.668877,0.635992,RSESSTOREREMHPRSARTSEI,0.888889,0.111111,point_previews/task000112_mu000004_rho090_n0.png
0.9,4,8,license_plate_bahnschrift.ttf,BFUCAOZJ9Y5KPW0TSHL38D2NGMVRX7Q64IE1,7,15,1,0.765,15.178933,0.668877,0.635992,SATPOSIEMESFEST,0.888889,0.111111,point_previews/task000112_mu000004_rho090_n1.png
1.0,4,8,license_plate_bahnschrift.ttf,BFUCAOZJ9Y5KPW0TSHL38D2NGMVRX7Q64IE1,7,15,0,0.85,16.0,0.63662,0.603355,RECPAURSRGIESPTEWISBEEO,0.888889,0.111111,point_previews/task000112_mu000004_rho100_n0.png
1.0,4,8,license_plate_bahnschrift.ttf,BFUCAOZJ9Y5KPW0TSHL38D2NGMVRX7Q64IE1,7,15,1,0.85,16.0,0.63662,0.603355,AELSRSYGEMMETGSAREAAEENRHES,0.888889,0.111111,point_previews/task000112_mu000004_rho100_n1.png
0.1,16,8,license_plate_bahnschrift.ttf,BFUCAOZJ9Y5KPW0TSHL38D2NGMVRX7Q64IE1,7,15,0,0.085,5.059644,0.959381,1.907975,TBPTEAEL,0.916667,0.083333,point_previews/task000113_mu000016_rho010_n0.png
0.1,16,8,license_plate_bahnschrift.ttf,BFUCAOZJ9Y5KPW0TSHL38D2NGMVRX7Q64IE1,7,15,1,0.085,5.059644,0.959381,1.907975,SBONYRSCRSCRSBB,0.888889,0.111111,point_previews/task000113_mu000016_rho010_n1.png
0.2,16,8,license_plate_bahnschrift.ttf,BFUCAOZJ9Y5KPW0TSHL38D2NGMVRX7Q64IE1,7,15,0,0.17,7.155418,0.919759,1.349142,BEURARIGORATETIAEAURE,0.833333,0.166667,point_previews/task000113_mu000016_rho020_n0.png
0.2,16,8,license_plate_bahnschrift.ttf,BFUCAOZJ9Y5KPW0TSHL38D2NGMVRX7Q64IE1,7,15,1,0.17,7.155418,0.919759,1.349142,SBERCRATLSVIRRAINEEHETSPPTRSE,0.888889,0.111111,point_previews/task000113_mu000016_rho020_n1.png
0.3,16,8,license_plate_bahnschrift.ttf,BFUCAOZJ9Y5KPW0TSHL38D2NGMVRX7Q64IE1,7,15,0,0.255,8.763561,0.881116,1.10157,EEEIGSOPCASTFHSTASTDPGAXPOSEF,0.861111,0.138889,point_previews/task000113_mu000016_rho030_n0.png
0.3,16,8,license_plate_bahnschrift.ttf,BFUCAOZJ9Y5KPW0TSHL38D2NGMVRX7Q64IE1,7,15,1,0.255,8.763561,0.881116,1.10157,SCABACONSHBHOMEMYRXICOSIE,0.75,0.25,point_previews/task000113_mu000016_rho030_n1.png
0.4,16,8,license_plate_bahnschrift.ttf,BFUCAOZJ9Y5KPW0TSHL38D2NGMVRX7Q64IE1,7,15,0,0.34,10.119289,0.843436,0.953987,SEULCROZOFSRPWESISEDAGERTRAIE,0.694444,0.305556,point_previews/task000113_mu000016_rho040_n0.png
0.4,16,8,license_plate_bahnschrift.ttf,BFUCAOZJ9Y5KPW0TSHL38D2NGMVRX7Q64IE1,7,15,1,0.34,10.119289,0.843436,0.953987,REGOREZTOVSKRCAGTAHLASADNGRRGZET,0.777778,0.222222,point_previews/task000113_mu000016_rho040_n1.png
0.5,16,8,license_plate_bahnschrift.ttf,BFUCAOZJ9Y5KPW0TSHL38D2NGMVRX7Q64IE1,7,15,0,0.425,11.313708,0.8067,0.853272,,1.0,0.0,point_previews/task000113_mu000016_rho050_n0.png
0.5,16,8,license_plate_bahnschrift.ttf,BFUCAOZJ9Y5KPW0TSHL38D2NGMVRX7Q64IE1,7,15,1,0.425,11.313708,0.8067,0.853272,BFUCACTISYERKPCTSHESEOTNOMWKIOROIES,0.611111,0.388889,point_previews/task000113_mu000016_rho050_n1.png
0.6,16,8,license_plate_bahnschrift.ttf,BFUCAOZJ9Y5KPW0TSHL38D2NGMVRX7Q64IE1,7,15,0,0.51,12.393547,0.770893,0.778927,BEGEAOZIPVSKPWOTSHESBO2NGMVRXTGSAIET,0.472222,0.527778,point_previews/task000113_mu000016_rho060_n0.png
0.6,16,8,license_plate_bahnschrift.ttf,BFUCAOZJ9Y5KPW0TSHL38D2NGMVRX7Q64IE1,7,15,1,0.51,12.393547,0.770893,0.778927,BEUCAOZISYSRKPINDTSELIBD2NOMVRXIGEMEN,0.5,0.5,point_previews/task000113_mu000016_rho060_n1.png
0.7,16,8,license_plate_bahnschrift.ttf,BFUCAOZJ9Y5KPW0TSHL38D2NGMVRX7Q64IE1,7,15,0,0.595,13.38656,0.735998,0.721147,BFUCAOZIOYSKPWOTSHESBINGMVRTOSAIET,0.416667,0.583333,point_previews/task000113_mu000016_rho070_n0.png
0.7,16,8,license_plate_bahnschrift.ttf,BFUCAOZJ9Y5KPW0TSHL38D2NGMVRX7Q64IE1,7,15,1,0.595,13.38656,0.735998,0.721147,,1.0,0.0,point_previews/task000113_mu000016_rho070_n1.png
0.8,16,8,license_plate_bahnschrift.ttf,BFUCAOZJ9Y5KPW0TSHL38D2NGMVRX7Q64IE1,7,15,0,0.68,14.310835,0.701998,0.674571,,1.0,0.0,point_previews/task000113_mu000016_rho080_n0.png
0.8,16,8,license_plate_bahnschrift.ttf,BFUCAOZJ9Y5KPW0TSHL38D2NGMVRX7Q64IE1,7,15,1,0.68,14.310835,0.701998,0.674571,BFUCAGZIGVAKPWOTSHEI8O2NOMVRKFGSSIET,0.444444,0.555556,point_previews/task000113_mu000016_rho080_n1.png
0.9,16,8,license_plate_bahnschrift.ttf,BFUCAOZJ9Y5KPW0TSHL38D2NGMVRX7Q64IE1,7,15,0,0.765,15.178933,0.668877,0.635992,,1.0,0.0,point_previews/task000113_mu000016_rho090_n0.png
0.9,16,8,license_plate_bahnschrift.ttf,BFUCAOZJ9Y5KPW0TSHL38D2NGMVRX7Q64IE1,7,15,1,0.765,15.178933,0.668877,0.635992,,1.0,0.0,point_previews/task000113_mu000016_rho090_n1.png
1.0,16,8,license_plate_bahnschrift.ttf,BFUCAOZJ9Y5KPW0TSHL38D2NGMVRX7Q64IE1,7,15,0,0.85,16.0,0.63662,0.603355,,1.0,0.0,point_previews/task000113_mu000016_rho100_n0.png
1.0,16,8,license_plate_bahnschrift.ttf,BFUCAOZJ9Y5KPW0TSHL38D2NGMVRX7Q64IE1,7,15,1,0.85,16.0,0.63662,0.603355,REGCADZIFYSKPWOTSHE28DZ2NGMVAXIOSAIET,0.472222,0.527778,point_previews/task000113_mu000016_rho100_n1.png
0.1,64,8,license_plate_bahnschrift.ttf,BFUCAOZJ9Y5KPW0TSHL38D2NGMVRX7Q64IE1,7,15,0,0.085,5.059644,0.959381,1.907975,,1.0,0.0,point_previews/task000114_mu000064_rho010_n0.png
0.1,64,8,license_plate_bahnschrift.ttf,BFUCAOZJ9Y5KPW0TSHL38D2NGMVRX7Q64IE1,7,15,1,0.085,5.059644,0.959381,1.907975,EUCAOZTHYSKPYORSHETADANOMVRSTOSSIES,0.527778,0.472222,point_previews/task000114_mu000064_rho010_n1.png
0.2,64,8,license_plate_bahnschrift.ttf,BFUCAOZJ9Y5KPW0TSHL38D2NGMVRX7Q64IE1,7,15,0,0.17,7.155418,0.919759,1.349142,,1.0,0.0,point_previews/task000114_mu000064_rho020_n0.png
0.2,64,8,license_plate_bahnschrift.ttf,BFUCAOZJ9Y5KPW0TSHL38D2NGMVRX7Q64IE1,7,15,1,0.17,7.155418,0.919759,1.349142,BEUCAOZISYSKPWOTSHLI8DINGMYRXTOS4IET,0.333333,0.666667,point_previews/task000114_mu000064_rho020_n1.png
0.3,64,8,license_plate_bahnschrift.ttf,BFUCAOZJ9Y5KPW0TSHL38D2NGMVRX7Q64IE1,7,15,0,0.255,8.763561,0.881116,1.10157,BFUCAOZJSYSKPWOTSHLZEDZNGMVRXTOAGIET,0.305556,0.694444,point_previews/task000114_mu000064_rho030_n0.png
0.3,64,8,license_plate_bahnschrift.ttf,BFUCAOZJ9Y5KPW0TSHL38D2NGMVRX7Q64IE1,7,15,1,0.255,8.763561,0.881116,1.10157,,1.0,0.0,point_previews/task000114_mu000064_rho030_n1.png
0.4,64,8,license_plate_bahnschrift.ttf,BFUCAOZJ9Y5KPW0TSHL38D2NGMVRX7Q64IE1,7,15,0,0.34,10.119289,0.843436,0.953987,BFUCAGZI9YSKPWOTSHLISD2ZNGMVRX7Q641ET,0.25,0.75,point_previews/task000114_mu000064_rho040_n0.png
0.4,64,8,license_plate_bahnschrift.ttf,BFUCAOZJ9Y5KPW0TSHL38D2NGMVRX7Q64IE1,7,15,1,0.34,10.119289,0.843436,0.953987,BFUCAOZJ9YSKPWOTSHL38D2NGMVRX7GS64IET,0.138889,0.861111,point_previews/task000114_mu000064_rho040_n1.png
0.5,64,8,license_plate_bahnschrift.ttf,BFUCAOZJ9Y5KPW0TSHL38D2NGMVRX7Q64IE1,7,15,0,0.425,11.313708,0.8067,0.853272,BFUCAOZJ9YSKPWOTSHL38D2NGMVRXTQOAIET,0.166667,0.833333,point_previews/task000114_mu000064_rho050_n0.png
0.5,64,8,license_plate_bahnschrift.ttf,BFUCAOZJ9Y5KPW0TSHL38D2NGMVRX7Q64IE1,7,15,1,0.425,11.313708,0.8067,0.853272,BFUCAOZJ9YSKPWOTSHE38D2NGMYRX7Q641E1,0.138889,0.861111,point_previews/task000114_mu000064_rho050_n1.png
0.6,64,8,license_plate_bahnschrift.ttf,BFUCAOZJ9Y5KPW0TSHL38D2NGMVRX7Q64IE1,7,15,0,0.51,12.393547,0.770893,0.778927,BFUCAOZJ9YSKPWOTSHL38D2NGMVRX7Q64IEI,0.083333,0.916667,point_previews/task000114_mu000064_rho060_n0.png
0.6,64,8,license_plate_bahnschrift.ttf,BFUCAOZJ9Y5KPW0TSHL38D2NGMVRX7Q64IE1,7,15,1,0.51,12.393547,0.770893,0.778927,BFUCAOZJSYSKPWOTSHESBDZNGMVRXTGSAIE,0.333333,0.666667,point_previews/task000114_mu000064_rho060_n1.png
0.7,64,8,license_plate_bahnschrift.ttf,BFUCAOZJ9Y5KPW0TSHL38D2NGMVRX7Q64IE1,7,15,0,0.595,13.38656,0.735998,0.721147,BFUCAOZJOYSKPWOTSHL38D2NGMVRX7TQ64IE1,0.111111,0.888889,point_previews/task000114_mu000064_rho070_n0.png
0.7,64,8,license_plate_bahnschrift.ttf,BFUCAOZJ9Y5KPW0TSHL38D2NGMVRX7Q64IE1,7,15,1,0.595,13.38656,0.735998,0.721147,BFUCAOZJ9YSKPWOTSHL38D2NGMVRX7Q64IE,0.083333,0.916667,point_previews/task000114_mu000064_rho070_n1.png
0.8,64,8,license_plate_bahnschrift.ttf,BFUCAOZJ9Y5KPW0TSHL38D2NGMVRX7Q64IE1,7,15,0,0.68,14.310835,0.701998,0.674571,BFUCAOZJ9Y5SKPWOTSHL38D2NGMVRXTQ64IEL,0.111111,0.888889,point_previews/task000114_mu000064_rho080_n0.png
0.8,64,8,license_plate_bahnschrift.ttf,BFUCAOZJ9Y5KPW0TSHL38D2NGMVRX7Q64IE1,7,15,1,0.68,14.310835,0.701998,0.674571,BFUCAOZJSYSKPWOTSHL38D2NGMVRX7Q641E,0.138889,0.861111,point_previews/task000114_mu000064_rho080_n1.png
0.9,64,8,license_plate_bahnschrift.ttf,BFUCAOZJ9Y5KPW0TSHL38D2NGMVRX7Q64IE1,7,15,0,0.765,15.178933,0.668877,0.635992,BFUCAOZJ9YSKPWOTSHL38D2NGMVRX7Q64IE1,0.055556,0.944444,point_previews/task000114_mu000064_rho090_n0.png
0.9,64,8,license_plate_bahnschrift.ttf,BFUCAOZJ9Y5KPW0TSHL38D2NGMVRX7Q64IE1,7,15,1,0.765,15.178933,0.668877,0.635992,BFUCAOZJ9YSKPWOTSHL38D2NGMVRX7Q64IET,0.083333,0.916667,point_previews/task000114_mu000064_rho090_n1.png
1.0,64,8,license_plate_bahnschrift.ttf,BFUCAOZJ9Y5KPW0TSHL38D2NGMVRX7Q64IE1,7,15,0,0.85,16.0,0.63662,0.603355,BFUCAOZJSYSKPWOTSHL38D2NGMVRX7Q64IE,0.111111,0.888889,point_previews/task000114_mu000064_rho100_n0.png
1.0,64,8,license_plate_bahnschrift.ttf,BFUCAOZJ9Y5KPW0TSHL38D2NGMVRX7Q64IE1,7,15,1,0.85,16.0,0.63662,0.603355,BFUCAOZJ9YSKPWOTSHL38D2NGMVRX7Q641E1,0.083333,0.916667,point_previews/task000114_mu000064_rho100_n1.png
0.1,256,8,license_plate_bahnschrift.ttf,BFUCAOZJ9Y5KPW0TSHL38D2NGMVRX7Q64IE1,7,15,0,0.085,5.059644,0.959381,1.907975,BFUCAOZJFYSKPWOTSHL38D2NGMVRXIG64IE,0.166667,0.833333,point_previews/task000115_mu000256_rho010_n0.png
0.1,256,8,license_plate_bahnschrift.ttf,BFUCAOZJ9Y5KPW0TSHL38D2NGMVRX7Q64IE1,7,15,1,0.085,5.059644,0.959381,1.907975,BFUCAOZJPYSKPWOTSHLISD2NGMVRX7O6AIE,0.222222,0.777778,point_previews/task000115_mu000256_rho010_n1.png
0.2,256,8,license_plate_bahnschrift.ttf,BFUCAOZJ9Y5KPW0TSHL38D2NGMVRX7Q64IE1,7,15,0,0.17,7.155418,0.919759,1.349142,BFUCAOZJ9YSKPWOTSHL33D2NGMVRX7Q641E1,0.111111,0.888889,point_previews/task000115_mu000256_rho020_n0.png
0.2,256,8,license_plate_bahnschrift.ttf,BFUCAOZJ9Y5KPW0TSHL38D2NGMVRX7Q64IE1,7,15,1,0.17,7.155418,0.919759,1.349142,BRUCAOZJI9YSKPWOTSHL38D2NGMVRX7Q641EI,0.166667,0.833333,point_previews/task000115_mu000256_rho020_n1.png
0.3,256,8,license_plate_bahnschrift.ttf,BFUCAOZJ9Y5KPW0TSHL38D2NGMVRX7Q64IE1,7,15,0,0.255,8.763561,0.881116,1.10157,BFUCAOZI9YSKPWSTSHLISDZNGMYVRX7G64EI,0.277778,0.722222,point_previews/task000115_mu000256_rho030_n0.png
0.3,256,8,license_plate_bahnschrift.ttf,BFUCAOZJ9Y5KPW0TSHL38D2NGMVRX7Q64IE1,7,15,1,0.255,8.763561,0.881116,1.10157,BFUCAOZJ9YSKPWOTSHL38D2NGMYRX7Q641E1,0.111111,0.888889,point_previews/task000115_mu000256_rho030_n1.png
0.4,256,8,license_plate_bahnschrift.ttf,BFUCAOZJ9Y5KPW0TSHL38D2NGMVRX7Q64IE1,7,15,0,0.34,10.119289,0.843436,0.953987,BFUCAOZJI9YSKPWOTSHL38D2NGMVRX7Q64IEI,0.111111,0.888889,point_previews/task000115_mu000256_rho040_n0.png
0.4,256,8,license_plate_bahnschrift.ttf,BFUCAOZJ9Y5KPW0TSHL38D2NGMVRX7Q64IE1,7,15,1,0.34,10.119289,0.843436,0.953987,BFUCAOZJ9YSKPWOTSHL38D2NGMYVRX7Q64IEI,0.111111,0.888889,point_previews/task000115_mu000256_rho040_n1.png
0.5,256,8,license_plate_bahnschrift.ttf,BFUCAOZJ9Y5KPW0TSHL38D2NGMVRX7Q64IE1,7,15,0,0.425,11.313708,0.8067,0.853272,BFUCAOZJ9YSKPWOTSHL38D2NGMYRX7Q4641E,0.166667,0.833333,point_previews/task000115_mu000256_rho050_n0.png
0.5,256,8,license_plate_bahnschrift.ttf,BFUCAOZJ9Y5KPW0TSHL38D2NGMVRX7Q64IE1,7,15,1,0.425,11.313708,0.8067,0.853272,BFUCAOZJ9YSKPWOTSHL38D2NGMVRA7TGS4IEI,0.194444,0.805556,point_previews/task000115_mu000256_rho050_n1.png
0.6,256,8,license_plate_bahnschrift.ttf,BFUCAOZJ9Y5KPW0TSHL38D2NGMVRX7Q64IE1,7,15,0,0.51,12.393547,0.770893,0.778927,BFUCAOZJ9YSKPWOTSHL38D2NGMVRX7Q64IE1,0.055556,0.944444,point_previews/task000115_mu000256_rho060_n0.png
0.6,256,8,license_plate_bahnschrift.ttf,BFUCAOZJ9Y5KPW0TSHL38D2NGMVRX7Q64IE1,7,15,1,0.51,12.393547,0.770893,0.778927,BFUCAOZJ9YSKPWOTSHL38D2NGMYVRX7Q64IEI,0.111111,0.888889,point_previews/task000115_mu000256_rho060_n1.png
0.7,256,8,license_plate_bahnschrift.ttf,BFUCAOZJ9Y5KPW0TSHL38D2NGMVRX7Q64IE1,7,15,0,0.595,13.38656,0.735998,0.721147,BFUCAOZJ9YSKPWOTSHL38D2NGMYVRX7Q64IE1,0.083333,0.916667,point_previews/task000115_mu000256_rho070_n0.png
0.7,256,8,license_plate_bahnschrift.ttf,BFUCAOZJ9Y5KPW0TSHL38D2NGMVRX7Q64IE1,7,15,1,0.595,13.38656,0.735998,0.721147,BFUCAOZJ9YSKPWOTSHL38D2NGMVRX7Q64IE1,0.055556,0.944444,point_previews/task000115_mu000256_rho070_n1.png
0.8,256,8,license_plate_bahnschrift.ttf,BFUCAOZJ9Y5KPW0TSHL38D2NGMVRX7Q64IE1,7,15,0,0.68,14.310835,0.701998,0.674571,BFUCAOZJ9YSKPWOTSHL38D2NGMVRX7Q64IE1,0.055556,0.944444,point_previews/task000115_mu000256_rho080_n0.png
0.8,256,8,license_plate_bahnschrift.ttf,BFUCAOZJ9Y5KPW0TSHL38D2NGMVRX7Q64IE1,7,15,1,0.68,14.310835,0.701998,0.674571,BFUCAOZJ9YSKPWOTSHL38D2NGMVRX7Q64IE1,0.055556,0.944444,point_previews/task000115_mu000256_rho080_n1.png
0.9,256,8,license_plate_bahnschrift.ttf,BFUCAOZJ9Y5KPW0TSHL38D2NGMVRX7Q64IE1,7,15,0,0.765,15.178933,0.668877,0.635992,BFUCAOZJ9YSKPWOTSHL38D2NGMVRX7Q64IE1,0.055556,0.944444,point_previews/task000115_mu000256_rho090_n0.png
0.9,256,8,license_plate_bahnschrift.ttf,BFUCAOZJ9Y5KPW0TSHL38D2NGMVRX7Q64IE1,7,15,1,0.765,15.178933,0.668877,0.635992,BFUCAOZJ9YSKPWOTSHL38D2NGMVRX7Q64IEI,0.083333,0.916667,point_previews/task000115_mu000256_rho090_n1.png
1.0,256,8,license_plate_bahnschrift.ttf,BFUCAOZJ9Y5KPW0TSHL38D2NGMVRX7Q64IE1,7,15,0,0.85,16.0,0.63662,0.603355,BFUCAOZJ9YSKPWOTSHL38D2NGMVRX7Q64IE,0.083333,0.916667,point_previews/task000115_mu000256_rho100_n0.png
1.0,256,8,license_plate_bahnschrift.ttf,BFUCAOZJ9Y5KPW0TSHL38D2NGMVRX7Q64IE1,7,15,1,0.85,16.0,0.63662,0.603355,BFUCAOZJ9YSKPWOTSHL38D2NGMVRX7QG64IE,0.111111,0.888889,point_previews/task000115_mu000256_rho100_n1.png
0.1,1024,8,license_plate_bahnschrift.ttf,BFUCAOZJ9Y5KPW0TSHL38D2NGMVRX7Q64IE1,7,15,0,0.085,5.059644,0.959381,1.907975,BFUCAOZJ9YSKPWOTSHLI8D2NGMYVRX7G641E1,0.166667,0.833333,point_previews/task000116_mu001024_rho010_n0.png
0.1,1024,8,license_plate_bahnschrift.ttf,BFUCAOZJ9Y5KPW0TSHL38D2NGMVRX7Q64IE1,7,15,1,0.085,5.059644,0.959381,1.907975,BFUCAOZJI9YSKPWOTSHLI8D2NGMYVRX7G641E1,0.194444,0.805556,point_previews/task000116_mu001024_rho010_n1.png
0.2,1024,8,license_plate_bahnschrift.ttf,BFUCAOZJ9Y5KPW0TSHL38D2NGMVRX7Q64IE1,7,15,0,0.17,7.155418,0.919759,1.349142,BFUCAOZJ9YSKPWOTSHLISDZ2NGMYRXATG64IE1,0.25,0.75,point_previews/task000116_mu001024_rho020_n0.png
0.2,1024,8,license_plate_bahnschrift.ttf,BFUCAOZJ9Y5KPW0TSHL38D2NGMVRX7Q64IE1,7,15,1,0.17,7.155418,0.919759,1.349142,BFUCAOZJPYSKPWOTSHL38D2NGMYVRX7GQ641E1,0.166667,0.833333,point_previews/task000116_mu001024_rho020_n1.png
0.3,1024,8,license_plate_bahnschrift.ttf,BFUCAOZJ9Y5KPW0TSHL38D2NGMVRX7Q64IE1,7,15,0,0.255,8.763561,0.881116,1.10157,BFUCAOZJ9YSKPWOTSHL38D2NGMYVRX7Q641E,0.138889,0.861111,point_previews/task000116_mu001024_rho030_n0.png
0.3,1024,8,license_plate_bahnschrift.ttf,BFUCAOZJ9Y5KPW0TSHL38D2NGMVRX7Q64IE1,7,15,1,0.255,8.763561,0.881116,1.10157,BFUCAOZJ9YSKPWOTSHL38D2NGMVRX7Q64IE1,0.055556,0.944444,point_previews/task000116_mu001024_rho030_n1.png
0.4,1024,8,license_plate_bahnschrift.ttf,BFUCAOZJ9Y5KPW0TSHL38D2NGMVRX7Q64IE1,7,15,0,0.34,10.119289,0.843436,0.953987,BFUCAOZJ9YSKPWOTSHL38D2NGMYVRX7Q64EI,0.138889,0.861111,point_previews/task000116_mu001024_rho040_n0.png
0.4,1024,8,license_plate_bahnschrift.ttf,BFUCAOZJ9Y5KPW0TSHL38D2NGMVRX7Q64IE1,7,15,1,0.34,10.119289,0.843436,0.953987,BFUCAOZJ9YSKPWOTSHL38D2NGMYVRX7Q64IE1,0.083333,0.916667,point_previews/task000116_mu001024_rho040_n1.png
0.5,1024,8,license_plate_bahnschrift.ttf,BFUCAOZJ9Y5KPW0TSHL38D2NGMVRX7Q64IE1,7,15,0,0.425,11.313708,0.8067,0.853272,BFUCAOZJ9YSKPWOTSHL38D2NGMVRX7Q64IE,0.083333,0.916667,point_previews/task000116_mu001024_rho050_n0.png
0.5,1024,8,license_plate_bahnschrift.ttf,BFUCAOZJ9Y5KPW0TSHL38D2NGMVRX7Q64IE1,7,15,1,0.425,11.313708,0.8067,0.853272,BFUCAOZJ9YSKPWOTSHL38D2NGMVRX7Q641E,0.111111,0.888889,point_previews/task000116_mu001024_rho050_n1.png
0.6,1024,8,license_plate_bahnschrift.ttf,BFUCAOZJ9Y5KPW0TSHL38D2NGMVRX7Q64IE1,7,15,0,0.51,12.393547,0.770893,0.778927,BFUCAOZJ9YSKPWOTSHL38D2NGMVRX7Q64IE,0.083333,0.916667,point_previews/task000116_mu001024_rho060_n0.png
0.6,1024,8,license_plate_bahnschrift.ttf,BFUCAOZJ9Y5KPW0TSHL38D2NGMVRX7Q64IE1,7,15,1,0.51,12.393547,0.770893,0.778927,BFUCAOZJ9YSKPWOTSHL38D2NGMVRX7Q64IE1,0.055556,0.944444,point_previews/task000116_mu001024_rho060_n1.png
0.7,1024,8,license_plate_bahnschrift.ttf,BFUCAOZJ9Y5KPW0TSHL38D2NGMVRX7Q64IE1,7,15,0,0.595,13.38656,0.735998,0.721147,BFUCAOZJ9YSKPWOTSHL38D2NGMVRX7Q64IE,0.083333,0.916667,point_previews/task000116_mu001024_rho070_n0.png
0.7,1024,8,license_plate_bahnschrift.ttf,BFUCAOZJ9Y5KPW0TSHL38D2NGMVRX7Q64IE1,7,15,1,0.595,13.38656,0.735998,0.721147,BFUCAOZJ9YSKPWOTSHL38D2NGMVRX7Q64IE,0.083333,0.916667,point_previews/task000116_mu001024_rho070_n1.png
0.8,1024,8,license_plate_bahnschrift.ttf,BFUCAOZJ9Y5KPW0TSHL38D2NGMVRX7Q64IE1,7,15,0,0.68,14.310835,0.701998,0.674571,BFUCAOZJ9YSKPWOTSHL38D2NGMVRX7Q64E,0.111111,0.888889,point_previews/task000116_mu001024_rho080_n0.png
0.8,1024,8,license_plate_bahnschrift.ttf,BFUCAOZJ9Y5KPW0TSHL38D2NGMVRX7Q64IE1,7,15,1,0.68,14.310835,0.701998,0.674571,BFUCAOZJ9YSKPWOTSHL38D2NGMVRX7Q64IE1,0.055556,0.944444,point_previews/task000116_mu001024_rho080_n1.png
0.9,1024,8,license_plate_bahnschrift.ttf,BFUCAOZJ9Y5KPW0TSHL38D2NGMVRX7Q64IE1,7,15,0,0.765,15.178933,0.668877,0.635992,BFUCAOZJ9YSKPWOTSHL38D2NGMVRX7Q64IE,0.083333,0.916667,point_previews/task000116_mu001024_rho090_n0.png
0.9,1024,8,license_plate_bahnschrift.ttf,BFUCAOZJ9Y5KPW0TSHL38D2NGMVRX7Q64IE1,7,15,1,0.765,15.178933,0.668877,0.635992,BFUCAOZJ9YSKPWOTSHL38D2NGMVRX7Q64IE1,0.055556,0.944444,point_previews/task000116_mu001024_rho090_n1.png
1.0,1024,8,license_plate_bahnschrift.ttf,BFUCAOZJ9Y5KPW0TSHL38D2NGMVRX7Q64IE1,7,15,0,0.85,16.0,0.63662,0.603355,BFUCAOZJ9YSKPWOTSHL38D2NGMVRX7Q64IE1,0.055556,0.944444,point_previews/task000116_mu001024_rho100_n0.png
1.0,1024,8,license_plate_bahnschrift.ttf,BFUCAOZJ9Y5KPW0TSHL38D2NGMVRX7Q64IE1,7,15,1,0.85,16.0,0.63662,0.603355,BFUCAOZJ9YSKPWOTSHL38D2NGMVRX7Q64IE,0.083333,0.916667,point_previews/task000116_mu001024_rho100_n1.png
0.1,4096,8,license_plate_bahnschrift.ttf,BFUCAOZJ9Y5KPW0TSHL38D2NGMVRX7Q64IE1,7,15,0,0.085,5.059644,0.959381,1.907975,BFUCAOZJPYSKPWOTSHLI8D2ZNGMYRXATG64IE1,0.25,0.75,point_previews/task000117_mu004096_rho010_n0.png
0.1,4096,8,license_plate_bahnschrift.ttf,BFUCAOZJ9Y5KPW0TSHL38D2NGMVRX7Q64IE1,7,15,1,0.085,5.059644,0.959381,1.907975,BFUCAOZJPYSKPWOTSHLIGD2ZNGMYVRA7GQS64IE,0.305556,0.694444,point_previews/task000117_mu004096_rho010_n1.png
0.2,4096,8,license_plate_bahnschrift.ttf,BFUCAOZJ9Y5KPW0TSHL38D2NGMVRX7Q64IE1,7,15,0,0.17,7.155418,0.919759,1.349142,BFUCAOZJPYSKPWOTSHL38D2NGMYVRA7Q64IE,0.166667,0.833333,point_previews/task000117_mu004096_rho020_n0.png
0.2,4096,8,license_plate_bahnschrift.ttf,BFUCAOZJ9Y5KPW0TSHL38D2NGMVRX7Q64IE1,7,15,1,0.17,7.155418,0.919759,1.349142,BFUCAOZJ9YSKPWOTSHL38D2NGMYVRA7Q64IEI,0.138889,0.861111,point_previews/task000117_mu004096_rho020_n1.png
0.3,4096,8,license_plate_bahnschrift.ttf,BFUCAOZJ9Y5KPW0TSHL38D2NGMVRX7Q64IE1,7,15,0,0.255,8.763561,0.881116,1.10157,BFUCAOZJPYSKPWOTSHL38D2NGMVRX7Q64IE1,0.083333,0.916667,point_previews/task000117_mu004096_rho030_n0.png
0.3,4096,8,license_plate_bahnschrift.ttf,BFUCAOZJ9Y5KPW0TSHL38D2NGMVRX7Q64IE1,7,15,1,0.255,8.763561,0.881116,1.10157,BFUCAOZJ9YSKPWOTSHL38D2NGMYVRX7Q64IEI,0.111111,0.888889,point_previews/task000117_mu004096_rho030_n1.png
0.4,4096,8,license_plate_bahnschrift.ttf,BFUCAOZJ9Y5KPW0TSHL38D2NGMVRX7Q64IE1,7,15,0,0.34,10.119289,0.843436,0.953987,BFUCAOZJI9YSKPWOTSHL38D2NGMVRX7Q64IE1,0.083333,0.916667,point_previews/task000117_mu004096_rho040_n0.png
0.4,4096,8,license_plate_bahnschrift.ttf,BFUCAOZJ9Y5KPW0TSHL38D2NGMVRX7Q64IE1,7,15,1,0.34,10.119289,0.843436,0.953987,BFUCAOZJ9YSKPWOTSHL38D2NGMVRX7Q64IE1,0.055556,0.944444,point_previews/task000117_mu004096_rho040_n1.png
0.5,4096,8,license_plate_bahnschrift.ttf,BFUCAOZJ9Y5KPW0TSHL38D2NGMVRX7Q64IE1,7,15,0,0.425,11.313708,0.8067,0.853272,BFUCAOZJ9YSKPWOTSHL38D2NGMVRX7Q64IE1,0.055556,0.944444,point_previews/task000117_mu004096_rho050_n0.png
0.5,4096,8,license_plate_bahnschrift.ttf,BFUCAOZJ9Y5KPW0TSHL38D2NGMVRX7Q64IE1,7,15,1,0.425,11.313708,0.8067,0.853272,BFUCAOZJ9YSKPWOTSHL38D2NGMVRX7Q64IE,0.083333,0.916667,point_previews/task000117_mu004096_rho050_n1.png
0.6,4096,8,license_plate_bahnschrift.ttf,BFUCAOZJ9Y5KPW0TSHL38D2NGMVRX7Q64IE1,7,15,0,0.51,12.393547,0.770893,0.778927,BFUCAOZJI9YSKPWOTSHL38D2NGMVRX7Q64IE1,0.083333,0.916667,point_previews/task000117_mu004096_rho060_n0.png
0.6,4096,8,license_plate_bahnschrift.ttf,BFUCAOZJ9Y5KPW0TSHL38D2NGMVRX7Q64IE1,7,15,1,0.51,12.393547,0.770893,0.778927,BFUCAOZJ9YSKPWOTSHL38D2NGMVRX7Q64IE1,0.055556,0.944444,point_previews/task000117_mu004096_rho060_n1.png
0.7,4096,8,license_plate_bahnschrift.ttf,BFUCAOZJ9Y5KPW0TSHL38D2NGMVRX7Q64IE1,7,15,0,0.595,13.38656,0.735998,0.721147,BFUCAOZJ9YSKPWOTSHL38D2NGMVRX7Q64IE1,0.055556,0.944444,point_previews/task000117_mu004096_rho070_n0.png
0.7,4096,8,license_plate_bahnschrift.ttf,BFUCAOZJ9Y5KPW0TSHL38D2NGMVRX7Q64IE1,7,15,1,0.595,13.38656,0.735998,0.721147,BFUCAOZJ9YSKPWOTSHL38D2NGMVRX7Q64IE1,0.055556,0.944444,point_previews/task000117_mu004096_rho070_n1.png
0.8,4096,8,license_plate_bahnschrift.ttf,BFUCAOZJ9Y5KPW0TSHL38D2NGMVRX7Q64IE1,7,15,0,0.68,14.310835,0.701998,0.674571,BFUCAOZJI9YSKPWOTSHL38D2NGMVRX7Q64IE1,0.083333,0.916667,point_previews/task000117_mu004096_rho080_n0.png
0.8,4096,8,license_plate_bahnschrift.ttf,BFUCAOZJ9Y5KPW0TSHL38D2NGMVRX7Q64IE1,7,15,1,0.68,14.310835,0.701998,0.674571,BFUCAOZJ9YSKPWOTSHL38D2NGMVRX7Q64IE,0.083333,0.916667,point_previews/task000117_mu004096_rho080_n1.png
0.9,4096,8,license_plate_bahnschrift.ttf,BFUCAOZJ9Y5KPW0TSHL38D2NGMVRX7Q64IE1,7,15,0,0.765,15.178933,0.668877,0.635992,BFUCAOZJ9YSKPWOTSHL38D2NGMVRX7Q64IE1,0.055556,0.944444,point_previews/task000117_mu004096_rho090_n0.png
0.9,4096,8,license_plate_bahnschrift.ttf,BFUCAOZJ9Y5KPW0TSHL38D2NGMVRX7Q64IE1,7,15,1,0.765,15.178933,0.668877,0.635992,BFUCAOZJ9YSKPWOTSHL38D2NGMVRX7Q64IEI,0.083333,0.916667,point_previews/task000117_mu004096_rho090_n1.png
1.0,4096,8,license_plate_bahnschrift.ttf,BFUCAOZJ9Y5KPW0TSHL38D2NGMVRX7Q64IE1,7,15,0,0.85,16.0,0.63662,0.603355,BFUCAOZJ9YSKPWOTSHL38D2NGMVRX7Q64IE1,0.055556,0.944444,point_previews/task000117_mu004096_rho100_n0.png
1.0,4096,8,license_plate_bahnschrift.ttf,BFUCAOZJ9Y5KPW0TSHL38D2NGMVRX7Q64IE1,7,15,1,0.85,16.0,0.63662,0.603355,BFUCAOZJ9YSKPWOTSHL38D2NGMVRX7Q64IEI,0.083333,0.916667,point_previews/task000117_mu004096_rho100_n1.png
0.1,16384,8,license_plate_bahnschrift.ttf,BFUCAOZJ9Y5KPW0TSHL38D2NGMVRX7Q64IE1,7,15,0,0.085,5.059644,0.959381,1.907975,BFUCAOZJPYSKPWOTSHLIGD2ZNGMYVRATGQS64IE,0.333333,0.666667,point_previews/task000118_mu016384_rho010_n0.png
0.1,16384,8,license_plate_bahnschrift.ttf,BFUCAOZJ9Y5KPW0TSHL38D2NGMVRX7Q64IE1,7,15,1,0.085,5.059644,0.959381,1.907975,BFUCAOZJPYSKPWOTSHLI8D2ZNGMYRATQ64IE,0.25,0.75,point_previews/task000118_mu016384_rho010_n1.png
0.2,16384,8,license_plate_bahnschrift.ttf,BFUCAOZJ9Y5KPW0TSHL38D2NGMVRX7Q64IE1,7,15,0,0.17,7.155418,0.919759,1.349142,BFUCAOZJ9YSKPWOTSHL38D2NGMYVRATQ64IEI,0.166667,0.833333,point_previews/task000118_mu016384_rho020_n0.png
0.2,16384,8,license_plate_bahnschrift.ttf,BFUCAOZJ9Y5KPW0TSHL38D2NGMVRX7Q64IE1,7,15,1,0.17,7.155418,0.919759,1.349142,BFUCAOZJ9YSKPWOTSHL38D2NGMYVRXA7Q64IE,0.138889,0.861111,point_previews/task000118_mu016384_rho020_n1.png
0.3,16384,8,license_plate_bahnschrift.ttf,BFUCAOZJ9Y5KPW0TSHL38D2NGMVRX7Q64IE1,7,15,0,0.255,8.763561,0.881116,1.10157,BFUCAOZJ9YSKPWOTSHL38D2NGMYVRX7Q64IE1,0.083333,0.916667,point_previews/task000118_mu016384_rho030_n0.png
0.3,16384,8,license_plate_bahnschrift.ttf,BFUCAOZJ9Y5KPW0TSHL38D2NGMVRX7Q64IE1,7,15,1,0.255,8.763561,0.881116,1.10157,BFUCAOZJ9YSKPWOTSHL38D2NGMYVRX7Q64IE1,0.083333,0.916667,point_previews/task000118_mu016384_rho030_n1.png
0.4,16384,8,license_plate_bahnschrift.ttf,BFUCAOZJ9Y5KPW0TSHL38D2NGMVRX7Q64IE1,7,15,0,0.34,10.119289,0.843436,0.953987,BFUCAOZJI9YSKPWOTSHL38D2NGMVRX7Q64IE1,0.083333,0.916667,point_previews/task000118_mu016384_rho040_n0.png
0.4,16384,8,license_plate_bahnschrift.ttf,BFUCAOZJ9Y5KPW0TSHL38D2NGMVRX7Q64IE1,7,15,1,0.34,10.119289,0.843436,0.953987,BFUCAOZJ9YSKPWOTSHL38D2NGMVRX7Q64IE1,0.055556,0.944444,point_previews/task000118_mu016384_rho040_n1.png
0.5,16384,8,license_plate_bahnschrift.ttf,BFUCAOZJ9Y5KPW0TSHL38D2NGMVRX7Q64IE1,7,15,0,0.425,11.313708,0.8067,0.853272,BFUCAOZJ9YSKPWOTSHL38D2NGMVRX7Q64IE1,0.055556,0.944444,point_previews/task000118_mu016384_rho050_n0.png
0.5,16384,8,license_plate_bahnschrift.ttf,BFUCAOZJ9Y5KPW0TSHL38D2NGMVRX7Q64IE1,7,15,1,0.425,11.313708,0.8067,0.853272,BFUCAOZJ9YSKPWOTSHL38D2NGMVRX7Q64IE1,0.055556,0.944444,point_previews/task000118_mu016384_rho050_n1.png
0.6,16384,8,license_plate_bahnschrift.ttf,BFUCAOZJ9Y5KPW0TSHL38D2NGMVRX7Q64IE1,7,15,0,0.51,12.393547,0.770893,0.778927,BFUCAOZJI9YSKPWOTSHL38D2NGMVRX7Q64IE1,0.083333,0.916667,point_previews/task000118_mu016384_rho060_n0.png
0.6,16384,8,license_plate_bahnschrift.ttf,BFUCAOZJ9Y5KPW0TSHL38D2NGMVRX7Q64IE1,7,15,1,0.51,12.393547,0.770893,0.778927,BFUCAOZJI9YSKPWOTSHL38D2NGMVRX7Q64IE1,0.083333,0.916667,point_previews/task000118_mu016384_rho060_n1.png
0.7,16384,8,license_plate_bahnschrift.ttf,BFUCAOZJ9Y5KPW0TSHL38D2NGMVRX7Q64IE1,7,15,0,0.595,13.38656,0.735998,0.721147,BFUCAOZJ9YSKPWOTSHL38D2NGMVRX7Q64IE1,0.055556,0.944444,point_previews/task000118_mu016384_rho070_n0.png
0.7,16384,8,license_plate_bahnschrift.ttf,BFUCAOZJ9Y5KPW0TSHL38D2NGMVRX7Q64IE1,7,15,1,0.595,13.38656,0.735998,0.721147,BFUCAOZJ9YSKPWOTSHL38D2NGMVRX7Q64IE1,0.055556,0.944444,point_previews/task000118_mu016384_rho070_n1.png
0.8,16384,8,license_plate_bahnschrift.ttf,BFUCAOZJ9Y5KPW0TSHL38D2NGMVRX7Q64IE1,7,15,0,0.68,14.310835,0.701998,0.674571,BFUCAOZJ9YSKPWOTSHL38D2NGMVRX7Q64IE1,0.055556,0.944444,point_previews/task000118_mu016384_rho080_n0.png
0.8,16384,8,license_plate_bahnschrift.ttf,BFUCAOZJ9Y5KPW0TSHL38D2NGMVRX7Q64IE1,7,15,1,0.68,14.310835,0.701998,0.674571,BFUCAOZJI9YSKPWOTSHL38D2NGMVRX7Q64IE1,0.083333,0.916667,point_previews/task000118_mu016384_rho080_n1.png
0.9,16384,8,license_plate_bahnschrift.ttf,BFUCAOZJ9Y5KPW0TSHL38D2NGMVRX7Q64IE1,7,15,0,0.765,15.178933,0.668877,0.635992,BFUCAOZJ9YSKPWOTSHL38D2NGMVRX7Q64IE,0.083333,0.916667,point_previews/task000118_mu016384_rho090_n0.png
0.9,16384,8,license_plate_bahnschrift.ttf,BFUCAOZJ9Y5KPW0TSHL38D2NGMVRX7Q64IE1,7,15,1,0.765,15.178933,0.668877,0.635992,BFUCAOZJ9YSKPWOTSHL38D2NGMVRX7Q64IE1,0.055556,0.944444,point_previews/task000118_mu016384_rho090_n1.png
1.0,16384,8,license_plate_bahnschrift.ttf,BFUCAOZJ9Y5KPW0TSHL38D2NGMVRX7Q64IE1,7,15,0,0.85,16.0,0.63662,0.603355,BFUCAOZJ9YSKPWOTSHL38D2NGMVRX7Q64IEI,0.083333,0.916667,point_previews/task000118_mu016384_rho100_n0.png
1.0,16384,8,license_plate_bahnschrift.ttf,BFUCAOZJ9Y5KPW0TSHL38D2NGMVRX7Q64IE1,7,15,1,0.85,16.0,0.63662,0.603355,BFUCAOZJ9YSKPWOTSHL38D2NGMVRX7Q64IEI,0.083333,0.916667,point_previews/task000118_mu016384_rho100_n1.png
0.1,65536,8,license_plate_bahnschrift.ttf,BFUCAOZJ9Y5KPW0TSHL38D2NGMVRX7Q64IE1,7,15,0,0.085,5.059644,0.959381,1.907975,BFUCAOZJ9YSKPWOTSHLIGD2ZNGMYVRATQ64IE,0.25,0.75,point_previews/task000119_mu065536_rho010_n0.png
0.1,65536,8,license_plate_bahnschrift.ttf,BFUCAOZJ9Y5KPW0TSHL38D2NGMVRX7Q64IE1,7,15,1,0.085,5.059644,0.959381,1.907975,BFUCAOZJPYSKPWOTSHLIGD2ZNGMYRATQ64IE,0.277778,0.722222,point_previews/task000119_mu065536_rho010_n1.png
0.2,65536,8,license_plate_bahnschrift.ttf,BFUCAOZJ9Y5KPW0TSHL38D2NGMVRX7Q64IE1,7,15,0,0.17,7.155418,0.919759,1.349142,BFUCAOZJ9YSKPWOTSHL38D2NGMYVRA7Q64IEI,0.138889,0.861111,point_previews/task000119_mu065536_rho020_n0.png
0.2,65536,8,license_plate_bahnschrift.ttf,BFUCAOZJ9Y5KPW0TSHL38D2NGMVRX7Q64IE1,7,15,1,0.17,7.155418,0.919759,1.349142,BFUCAOZJ9YSKPWOTSHL38D2NGMYVRA7Q64IE,0.138889,0.861111,point_previews/task000119_mu065536_rho020_n1.png
0.3,65536,8,license_plate_bahnschrift.ttf,BFUCAOZJ9Y5KPW0TSHL38D2NGMVRX7Q64IE1,7,15,0,0.255,8.763561,0.881116,1.10157,BFUCAOZJ9YSKPWOTSHL38D2NGMYVRX7Q64IE1,0.083333,0.916667,point_previews/task000119_mu065536_rho030_n0.png
0.3,65536,8,license_plate_bahnschrift.ttf,BFUCAOZJ9Y5KPW0TSHL38D2NGMVRX7Q64IE1,7,15,1,0.255,8.763561,0.881116,1.10157,BFUCAOZJ9YSKPWOTSHL38D2NGMYVRX7Q64IE1,0.083333,0.916667,point_previews/task000119_mu065536_rho030_n1.png
0.4,65536,8,license_plate_bahnschrift.ttf,BFUCAOZJ9Y5KPW0TSHL38D2NGMVRX7Q64IE1,7,15,0,0.34,10.119289,0.843436,0.953987,BFUCAOZJ9YSKPWOTSHL38D2NGMVRX7Q64IE1,0.055556,0.944444,point_previews/task000119_mu065536_rho040_n0.png
0.4,65536,8,license_plate_bahnschrift.ttf,BFUCAOZJ9Y5KPW0TSHL38D2NGMVRX7Q64IE1,7,15,1,0.34,10.119289,0.843436,0.953987,BFUCAOZJ9YSKPWOTSHL38D2NGMVRX7Q64IE1,0.055556,0.944444,point_previews/task000119_mu065536_rho040_n1.png
0.5,65536,8,license_plate_bahnschrift.ttf,BFUCAOZJ9Y5KPW0TSHL38D2NGMVRX7Q64IE1,7,15,0,0.425,11.313708,0.8067,0.853272,BFUCAOZJ9YSKPWOTSHL38D2NGMVRX7Q64IE1,0.055556,0.944444,point_previews/task000119_mu065536_rho050_n0.png
0.5,65536,8,license_plate_bahnschrift.ttf,BFUCAOZJ9Y5KPW0TSHL38D2NGMVRX7Q64IE1,7,15,1,0.425,11.313708,0.8067,0.853272,BFUCAOZJ9YSKPWOTSHL38D2NGMVRX7Q64IE1,0.055556,0.944444,point_previews/task000119_mu065536_rho050_n1.png
0.6,65536,8,license_plate_bahnschrift.ttf,BFUCAOZJ9Y5KPW0TSHL38D2NGMVRX7Q64IE1,7,15,0,0.51,12.393547,0.770893,0.778927,BFUCAOZJ9YSKPWOTSHL38D2NGMVRX7Q64IE1,0.055556,0.944444,point_previews/task000119_mu065536_rho060_n0.png
0.6,65536,8,license_plate_bahnschrift.ttf,BFUCAOZJ9Y5KPW0TSHL38D2NGMVRX7Q64IE1,7,15,1,0.51,12.393547,0.770893,0.778927,BFUCAOZJ9YSKPWOTSHL38D2NGMVRX7Q64IE1,0.055556,0.944444,point_previews/task000119_mu065536_rho060_n1.png
0.7,65536,8,license_plate_bahnschrift.ttf,BFUCAOZJ9Y5KPW0TSHL38D2NGMVRX7Q64IE1,7,15,0,0.595,13.38656,0.735998,0.721147,BFUCAOZJ9YSKPWOTSHL38D2NGMVRX7Q64IE1,0.055556,0.944444,point_previews/task000119_mu065536_rho070_n0.png
0.7,65536,8,license_plate_bahnschrift.ttf,BFUCAOZJ9Y5KPW0TSHL38D2NGMVRX7Q64IE1,7,15,1,0.595,13.38656,0.735998,0.721147,BFUCAOZJ9YSKPWOTSHL38D2NGMVRX7Q64IE1,0.055556,0.944444,point_previews/task000119_mu065536_rho070_n1.png
0.8,65536,8,license_plate_bahnschrift.ttf,BFUCAOZJ9Y5KPW0TSHL38D2NGMVRX7Q64IE1,7,15,0,0.68,14.310835,0.701998,0.674571,BFUCAOZJI9YSKPWOTSHL38D2NGMVRX7Q64IE1,0.083333,0.916667,point_previews/task000119_mu065536_rho080_n0.png
0.8,65536,8,license_plate_bahnschrift.ttf,BFUCAOZJ9Y5KPW0TSHL38D2NGMVRX7Q64IE1,7,15,1,0.68,14.310835,0.701998,0.674571,BFUCAOZJ9YSKPWOTSHL38D2NGMVRX7Q64IE1,0.055556,0.944444,point_previews/task000119_mu065536_rho080_n1.png
0.9,65536,8,license_plate_bahnschrift.ttf,BFUCAOZJ9Y5KPW0TSHL38D2NGMVRX7Q64IE1,7,15,0,0.765,15.178933,0.668877,0.635992,BFUCAOZJ9YSKPWOTSHL38D2NGMVRX7Q64IE,0.083333,0.916667,point_previews/task000119_mu065536_rho090_n0.png
0.9,65536,8,license_plate_bahnschrift.ttf,BFUCAOZJ9Y5KPW0TSHL38D2NGMVRX7Q64IE1,7,15,1,0.765,15.178933,0.668877,0.635992,BFUCAOZJ9YSKPWOTSHL38D2NGMVRX7Q64IE1,0.055556,0.944444,point_previews/task000119_mu065536_rho090_n1.png
1.0,65536,8,license_plate_bahnschrift.ttf,BFUCAOZJ9Y5KPW0TSHL38D2NGMVRX7Q64IE1,7,15,0,0.85,16.0,0.63662,0.603355,BFUCAOZJ9YSKPWOTSHL38D2NGMVRX7Q64IEI,0.083333,0.916667,point_previews/task000119_mu065536_rho100_n0.png
1.0,65536,8,license_plate_bahnschrift.ttf,BFUCAOZJ9Y5KPW0TSHL38D2NGMVRX7Q64IE1,7,15,1,0.85,16.0,0.63662,0.603355,BFUCAOZJ9YSKPWOTSHL38D2NGMVRX7Q64IEI,0.083333,0.916667,point_previews/task000119_mu065536_rho100_n1.png
0.1,4,8,license_plate_bahnschrift.ttf,BFUCAOZJ9Y5KPW0TSHL38D2NGMVRX7Q64IE1,11,0,0,0.085,5.059644,0.959381,1.907975,RIENSAO0ATUANSSRR,0.888889,0.111111,point_previews/task000120_mu000004_rho010_n0.png
0.1,4,8,license_plate_bahnschrift.ttf,BFUCAOZJ9Y5KPW0TSHL38D2NGMVRX7Q64IE1,11,0,1,0.085,5.059644,0.959381,1.907975,,1.0,0.0,point_previews/task000120_mu000004_rho010_n1.png
0.2,4,8,license_plate_bahnschrift.ttf,BFUCAOZJ9Y5KPW0TSHL38D2NGMVRX7Q64IE1,11,0,0,0.17,7.155418,0.919759,1.349142,EOSECASEESCSORSPYBLPANN,0.916667,0.083333,point_previews/task000120_mu000004_rho020_n0.png
0.2,4,8,license_plate_bahnschrift.ttf,BFUCAOZJ9Y5KPW0TSHL38D2NGMVRX7Q64IE1,11,0,1,0.17,7.155418,0.919759,1.349142,,1.0,0.0,point_previews/task000120_mu000004_rho020_n1.png
0.3,4,8,license_plate_bahnschrift.ttf,BFUCAOZJ9Y5KPW0TSHL38D2NGMVRX7Q64IE1,11,0,0,0.255,8.763561,0.881116,1.10157,RISAFNYPADNESRIRRARPHANTSCS,0.888889,0.111111,point_previews/task000120_mu000004_rho030_n0.png
0.3,4,8,license_plate_bahnschrift.ttf,BFUCAOZJ9Y5KPW0TSHL38D2NGMVRX7Q64IE1,11,0,1,0.255,8.763561,0.881116,1.10157,SRIRDSRUSSANYEYSEERR,0.944444,0.055556,point_previews/task000120_mu000004_rho030_n1.png
0.4,4,8,license_plate_bahnschrift.ttf,BFUCAOZJ9Y5KPW0TSHL38D2NGMVRX7Q64IE1,11,0,0,0.34,10.119289,0.843436,0.953987,RETHRSAREMNORSSOS,0.916667,0.083333,point_previews/task000120_mu000004_rho040_n0.png
0.4,4,8,license_plate_bahnschrift.ttf,BFUCAOZJ9Y5KPW0TSHL38D2NGMVRX7Q64IE1,11,0,1,0.34,10.119289,0.843436,0.953987,BEES,0.944444,0.055556,point_previews/task000120_mu000004_rho040_n1.png
0.5,4,8,license_plate_bahnschrift.ttf,BFUCAOZJ9Y5KPW0TSHL38D2NGMVRX7Q64IE1,11,0,0,0.425,11.313708,0.8067,0.853272,KRSOEALRSGLIAO,0.888889,0.111111,point_previews/task000120_mu000004_rho050_n0.png
0.5,4,8,license_plate_bahnschrift.ttf,BFUCAOZJ9Y5KPW0TSHL38D2NGMVRX7Q64IE1,11,0,1,0.425,11.313708,0.8067,0.853272,AEYGLAGBSTORLAAYAEAIGFOT,0.916667,0.083333,point_previews/task000120_mu000004_rho050_n1.png
0.6,4,8,license_plate_bahnschrift.ttf,BFUCAOZJ9Y5KPW0TSHL38D2NGMVRX7Q64IE1,11,0,0,0.51,12.393547,0.770893,0.778927,FBRPHCAUBPLANREYEATLAEY,0.861111,0.138889,point_previews/task000120_mu000004_rho060_n0.png
0.6,4,8,license_plate_bahnschrift.ttf,BFUCAOZJ9Y5KPW0TSHL38D2NGMVRX7Q64IE1,11,0,1,0.51,12.393547,0.770893,0.778927,WCOMEMLASAESE,0.888889,0.111111,point_previews/task000120_mu000004_rho060_n1.png
0.7,4,8,license_plate_bahnschrift.ttf,BFUCAOZJ9Y5KPW0TSHL38D2NGMVRX7Q64IE1,11,0,0,0.595,13.38656,0.735998,0.721147,REUSANESSVOPARERTEFSXP,0.888889,0.111111,point_previews/task000120_mu000004_rho070_n0.png
0.7,4,8,license_plate_bahnschrift.ttf,BFUCAOZJ9Y5KPW0TSHL38D2NGMVRX7Q64IE1,11,0,1,0.595,13.38656,0.735998,0.721147,EARIMASOGSPSESHOEPESS,0.916667,0.083333,point_previews/task000120_mu000004_rho070_n1.png
0.8,4,8,license_plate_bahnschrift.ttf,BFUCAOZJ9Y5KPW0TSHL38D2NGMVRX7Q64IE1,11,0,0,0.68,14.310835,0.701998,0.674571,B7BSEAUNP,0.916667,0.083333,point_previews/task000120_mu000004_rho080_n0.png
0.8,4,8,license_plate_bahnschrift.ttf,BFUCAOZJ9Y5KPW0TSHL38D2NGMVRX7Q64IE1,11,0,1,0.68,14.310835,0.701998,0.674571,SRSRESSENTERNRYCTS,0.916667,0.083333,point_previews/task000120_mu000004_rho080_n1.png
0.9,4,8,license_plate_bahnschrift.ttf,BFUCAOZJ9Y5KPW0TSHL38D2NGMVRX7Q64IE1,11,0,0,0.765,15.178933,0.668877,0.635992,SOTEMGENREOUETSAADUOFE,0.888889,0.111111,point_previews/task000120_mu000004_rho090_n0.png
0.9,4,8,license_plate_bahnschrift.ttf,BFUCAOZJ9Y5KPW0TSHL38D2NGMVRX7Q64IE1,11,0,1,0.765,15.178933,0.668877,0.635992,SECAREERSSSLORIYRRTS,0.861111,0.138889,point_previews/task000120_mu000004_rho090_n1.png
1.0,4,8,license_plate_bahnschrift.ttf,BFUCAOZJ9Y5KPW0TSHL38D2NGMVRX7Q64IE1,11,0,0,0.85,16.0,0.63662,0.603355,SSARATLEBREBIEETESEYCRLSTRY2BORF,0.916667,0.083333,point_previews/task000120_mu000004_rho100_n0.png
1.0,4,8,license_plate_bahnschrift.ttf,BFUCAOZJ9Y5KPW0TSHL38D2NGMVRX7Q64IE1,11,0,1,0.85,16.0,0.63662,0.603355,LUERCRAGERESNIITSAAYPEEESF,0.916667,0.083333,point_previews/task000120_mu000004_rho100_n1.png
0.1,16,8,license_plate_bahnschrift.ttf,BFUCAOZJ9Y5KPW0TSHL38D2NGMVRX7Q64IE1,11,0,0,0.085,5.059644,0.959381,1.907975,,1.0,0.0,point_previews/task000121_mu000016_rho010_n0.png
0.1,16,8,license_plate_bahnschrift.ttf,BFUCAOZJ9Y5KPW0TSHL38D2NGMVRX7Q64IE1,11,0,1,0.085,5.059644,0.959381,1.907975,MUITCNOS,0.916667,0.083333,point_previews/task000121_mu000016_rho010_n1.png
0.2,16,8,license_plate_bahnschrift.ttf,BFUCAOZJ9Y5KPW0TSHL38D2NGMVRX7Q64IE1,11,0,0,0.17,7.155418,0.919759,1.349142,SPRAMASRS,0.916667,0.083333,point_previews/task000121_mu000016_rho020_n0.png
0.2,16,8,license_plate_bahnschrift.ttf,BFUCAOZJ9Y5KPW0TSHL38D2NGMVRX7Q64IE1,11,0,1,0.17,7.155418,0.919759,1.349142,SUGASRARSRERT58OCHORFERGIEL,0.805556,0.194444,point_previews/task000121_mu000016_rho020_n1.png
0.3,16,8,license_plate_bahnschrift.ttf,BFUCAOZJ9Y5KPW0TSHL38D2NGMVRX7Q64IE1,11,0,0,0.255,8.763561,0.881116,1.10157,SECACEIOROREINGSSSESENCHERRIRAMSEE,0.833333,0.166667,point_previews/task000121_mu000016_rho030_n0.png
0.3,16,8,license_plate_bahnschrift.ttf,BFUCAOZJ9Y5KPW0TSHL38D2NGMVRX7Q64IE1,11,0,1,0.255,8.763561,0.881116,1.10157,SBSESCESZRISKPRESHRSBOTNGMYRATOAUEE,0.722222,0.277778,point_previews/task000121_mu000016_rho030_n1.png
0.4,16,8,license_plate_bahnschrift.ttf,BFUCAOZJ9Y5KPW0TSHL38D2NGMVRX7Q64IE1,11,0,0,0.34,10.119289,0.843436,0.953987,SBRUCADZSVERPIOESE3552NGVRXTUIEK,0.583333,0.416667,point_previews/task000121_mu000016_rho040_n0.png
0.4,16,8,license_plate_bahnschrift.ttf,BFUCAOZJ9Y5KPW0TSHL38D2NGMVRX7Q64IE1,11,0,1,0.34,10.119289,0.843436,0.953987,BRUECADEIOEPWOTSLIRDANCMVRRPOGHIET,0.583333,0.416667,point_previews/task000121_mu000016_rho040_n1.png
0.5,16,8,license_plate_bahnschrift.ttf,BFUCAOZJ9Y5KPW0TSHL38D2NGMVRX7Q64IE1,11,0,0,0.425,11.313708,0.8067,0.853272,,1.0,0.0,point_previews/task000121_mu000016_rho050_n0.png
0.5,16,8,license_plate_bahnschrift.ttf,BFUCAOZJ9Y5KPW0TSHL38D2NGMVRX7Q64IE1,11,0,1,0.425,11.313708,0.8067,0.853272,BEUCADEISVSKRCGTSHLSBDINGMVRKIO8SET,0.555556,0.444444,point_previews/task000121_mu000016_rho050_n1.png
0.6,16,8,license_plate_bahnschrift.ttf,BFUCAOZJ9Y5KPW0TSHL38D2NGMVRX7Q64IE1,11,0,0,0.51,12.393547,0.770893,0.778927,,1.0,0.0,point_previews/task000121_mu000016_rho060_n0.png
0.6,16,8,license_plate_bahnschrift.ttf,BFUCAOZJ9Y5KPW0TSHL38D2NGMVRX7Q64IE1,11,0,1,0.51,12.393547,0.770893,0.778927,BEUCAOZIGRKPWOTSHESIBDZNGMVRXTOGAIEF,0.444444,0.555556,point_previews/task000121_mu000016_rho060_n1.png
0.7,16,8,license_plate_bahnschrift.ttf,BFUCAOZJ9Y5KPW0TSHL38D2NGMVRX7Q64IE1,11,0,0,0.595,13.38656,0.735998,0.721147,,1.0,0.0,point_previews/task000121_mu000016_rho070_n0.png
0.7,16,8,license_plate_bahnschrift.ttf,BFUCAOZJ9Y5KPW0TSHL38D2NGMVRX7Q64IE1,11,0,1,0.595,13.38656,0.735998,0.721147,,1.0,0.0,point_previews/task000121_mu000016_rho070_n1.png
0.8,16,8,license_plate_bahnschrift.ttf,BFUCAOZJ9Y5KPW0TSHL38D2NGMVRX7Q64IE1,11,0,0,0.68,14.310835,0.701998,0.674571,BEUCAOZIDVIKPAGTSALIBDINSMVRRIGGHIET,0.5,0.5,point_previews/task000121_mu000016_rho080_n0.png
0.8,16,8,license_plate_bahnschrift.ttf,BFUCAOZJ9Y5KPW0TSHL38D2NGMVRX7Q64IE1,11,0,1,0.68,14.310835,0.701998,0.674571,,1.0,0.0,point_previews/task000121_mu000016_rho080_n1.png
0.9,16,8,license_plate_bahnschrift.ttf,BFUCAOZJ9Y5KPW0TSHL38D2NGMVRX7Q64IE1,11,0,0,0.765,15.178933,0.668877,0.635992,BFUCAGZJDYEKPWOTSRLIBDINGMYRN7TG6AIEL,0.388889,0.611111,point_previews/task000121_mu000016_rho090_n0.png
0.9,16,8,license_plate_bahnschrift.ttf,BFUCAOZJ9Y5KPW0TSHL38D2NGMVRX7Q64IE1,11,0,1,0.765,15.178933,0.668877,0.635992,SBRUCAGZISVERPWOTSIESBDZNGMVRXTORAIED,0.527778,0.472222,point_previews/task000121_mu000016_rho090_n1.png
1.0,16,8,license_plate_bahnschrift.ttf,BFUCAOZJ9Y5KPW0TSHL38D2NGMVRX7Q64IE1,11,0,0,0.85,16.0,0.63662,0.603355,,1.0,0.0,point_previews/task000121_mu000016_rho100_n0.png
1.0,16,8,license_plate_bahnschrift.ttf,BFUCAOZJ9Y5KPW0TSHL38D2NGMVRX7Q64IE1,11,0,1,0.85,16.0,0.63662,0.603355,BRUCAOZIDYSKPWOTSHL3BDINSMVRXTGSSIEF,0.361111,0.638889,point_previews/task000121_mu000016_rho100_n1.png
0.1,64,8,license_plate_bahnschrift.ttf,BFUCAOZJ9Y5KPW0TSHL38D2NGMVRX7Q64IE1,11,0,0,0.085,5.059644,0.959381,1.907975,BRUCADZIOPRHEWOTSESSDANEMVRERTQSAIET,0.583333,0.416667,point_previews/task000122_mu000064_rho010_n0.png
0.1,64,8,license_plate_bahnschrift.ttf,BFUCAOZJ9Y5KPW0TSHL38D2NGMVRX7Q64IE1,11,0,1,0.085,5.059644,0.959381,1.907975,SBICAGEJOYSRPVATSHLSBDINGMVRRIGAE1,0.527778,0.472222,point_previews/task000122_mu000064_rho010_n1.png
0.2,64,8,license_plate_bahnschrift.ttf,BFUCAOZJ9Y5KPW0TSHL38D2NGMVRX7Q64IE1,11,0,0,0.17,7.155418,0.919759,1.349142,,1.0,0.0,point_previews/task000122_mu000064_rho020_n0.png
0.2,64,8,license_plate_bahnschrift.ttf,BFUCAOZJ9Y5KPW0TSHL38D2NGMVRX7Q64IE1,11,0,1,0.17,7.155418,0.919759,1.349142,SBFUCAGZITYSKPWOTSHESSDANGMVRXTOQSMET,0.444444,0.555556,point_previews/task000122_mu000064_rho020_n1.png
0.3,64,8,license_plate_bahnschrift.ttf,BFUCAOZJ9Y5KPW0TSHL38D2NGMVRX7Q64IE1,11,0,0,0.255,8.763561,0.881116,1.10157,BFUCAOZJ9YSKPWETSHESEDZNGMYRX7Q64ME,0.25,0.75,point_previews/task000122_mu000064_rho030_n0.png
0.3,64,8,license_plate_bahnschrift.ttf,BFUCAOZJ9Y5KPW0TSHL38D2NGMVRX7Q64IE1,11,0,1,0.255,8.763561,0.881116,1.10157,BFUCADZI9YSKPWOTSRL38D2NGMVRXTGSMET,0.305556,0.694444,point_previews/task000122_mu000064_rho030_n1.png
0.4,64,8,license_plate_bahnschrift.ttf,BFUCAOZJ9Y5KPW0TSHL38D2NGMVRX7Q64IE1,11,0,0,0.34,10.119289,0.843436,0.953987,BFUCAOZJ9YSKPWOTSHL38D2NGMVRXTQS4IET,0.138889,0.861111,point_previews/task000122_mu000064_rho040_n0.png
0.4,64,8,license_plate_bahnschrift.ttf,BFUCAOZJ9Y5KPW0TSHL38D2NGMVRX7Q64IE1,11,0,1,0.34,10.119289,0.843436,0.953987,BRUTADZI9VSKPWOTSHL3SD2NGMVRX7QSUIEI,0.305556,0.694444,point_previews/task000122_mu000064_rho040_n1.png
0.5,64,8,license_plate_bahnschrift.ttf,BFUCAOZJ9Y5KPW0TSHL38D2NGMVRX7Q64IE1,11,0,0,0.425,11.313708,0.8067,0.853272,BFUCAOZ39YSKPWOTSHL38D2NGMVRXTQSAIEI,0.194444,0.805556,point_previews/task000122_mu000064_rho050_n0.png
0.5,64,8,license_plate_bahnschrift.ttf,BFUCAOZJ9Y5KPW0TSHL38D2NGMVRX7Q64IE1,11,0,1,0.425,11.313708,0.8067,0.853272,BRUCAOZJIYSKPWOTSHL38D2NGMVRXTGS4IET,0.222222,0.777778,point_previews/task000122_mu000064_rho050_n1.png
0.6,64,8,license_plate_bahnschrift.ttf,BFUCAOZJ9Y5KPW0TSHL38D2NGMVRX7Q64IE1,11,0,0,0.51,12.393547,0.770893,0.778927,OBFUCAOZJ9YSKPWOTSHL38D2NGMVRX7G641ET,0.166667,0.833333,point_previews/task000122_mu000064_rho060_n0.png
0.6,64,8,license_plate_bahnschrift.ttf,BFUCAOZJ9Y5KPW0TSHL38D2NGMVRX7Q64IE1,11,0,1,0.51,12.393547,0.770893,0.778927,BFUCAOZI9YSKPWOTSHLS8D2NGMYRX7Q64IET,0.166667,0.833333,point_previews/task000122_mu000064_rho060_n1.png
0.7,64,8,license_plate_bahnschrift.ttf,BFUCAOZJ9Y5KPW0TSHL38D2NGMVRX7Q64IE1,11,0,0,0.595,13.38656,0.735998,0.721147,BFUCAOZJ9YSKPWOTSHL38D2NGMVRXTQ64IET,0.111111,0.888889,point_previews/task000122_mu000064_rho070_n0.png
0.7,64,8,license_plate_bahnschrift.ttf,BFUCAOZJ9Y5KPW0TSHL38D2NGMVRX7Q64IE1,11,0,1,0.595,13.38656,0.735998,0.721147,BFUCAOZJ9YSKPWOTSHL38D2NGMVRX7Q64IE1,0.055556,0.944444,point_previews/task000122_mu000064_rho070_n1.png
0.8,64,8,license_plate_bahnschrift.ttf,BFUCAOZJ9Y5KPW0TSHL38D2NGMVRX7Q64IE1,11,0,0,0.68,14.310835,0.701998,0.674571,BFUCAOZJ9YSKPWOTSHL38DZ2NGMVRXTQ64IET,0.138889,0.861111,point_previews/task000122_mu000064_rho080_n0.png
0.8,64,8,license_plate_bahnschrift.ttf,BFUCAOZJ9Y5KPW0TSHL38D2NGMVRX7Q64IE1,11,0,1,0.68,14.310835,0.701998,0.674571,BFUCAOZJ9YSKPWOTSHL38D2NGMVRX7Q64IE1,0.055556,0.944444,point_previews/task000122_mu000064_rho080_n1.png
0.9,64,8,license_plate_bahnschrift.ttf,BFUCAOZJ9Y5KPW0TSHL38D2NGMVRX7Q64IE1,11,0,0,0.765,15.178933,0.668877,0.635992,BFUCAOZJ9Y5KPWOTSHL38D2NGMVRX7Q64IEI,0.055556,0.944444,point_previews/task000122_mu000064_rho090_n0.png
0.9,64,8,license_plate_bahnschrift.ttf,BFUCAOZJ9Y5KPW0TSHL38D2NGMVRX7Q64IE1,11,0,1,0.765,15.178933,0.668877,0.635992,BFUCAOZJ9YSKPWOTSHL3S8D2NGMVRX7Q64IE1,0.083333,0.916667,point_previews/task000122_mu000064_rho090_n1.png
1.0,64,8,license_plate_bahnschrift.ttf,BFUCAOZJ9Y5KPW0TSHL38D2NGMVRX7Q64IE1,11,0,0,0.85,16.0,0.63662,0.603355,BFUCAOZJOYSKPWOTSHL3SD2NGMVRX7Q64IE1,0.111111,0.888889,point_previews/task000122_mu000064_rho100_n0.png
1.0,64,8,license_plate_bahnschrift.ttf,BFUCAOZJ9Y5KPW0TSHL38D2NGMVRX7Q64IE1,11,0,1,0.85,16.0,0.63662,0.603355,BFUCAOZJ9YSKPWOTSHL38D2NGMVRX7QS4IET,0.111111,0.888889,point_previews/task000122_mu000064_rho100_n1.png
0.1,256,8,license_plate_bahnschrift.ttf,BFUCAOZJ9Y5KPW0TSHL38D2NGMVRX7Q64IE1,11,0,0,0.085,5.059644,0.959381,1.907975,BFUCAOZJ9YSKPWOTSHE38D2NGMYRX7Q84IET,0.166667,0.833333,point_previews/task000123_mu000256_rho010_n0.png
0.1,256,8,license_plate_bahnschrift.ttf,BFUCAOZJ9Y5KPW0TSHL38D2NGMVRX7Q64IE1,11,0,1,0.085,5.059644,0.959381,1.907975,BFUCAOZJ9YSKPWOTSHL3SD2NGMYRX7Q64IET,0.138889,0.861111,point_previews/task000123_mu000256_rho010_n1.png
0.2,256,8,license_plate_bahnschrift.ttf,BFUCAOZJ9Y5KPW0TSHL38D2NGMVRX7Q64IE1,11,0,0,0.17,7.155418,0.919759,1.349142,BFUCAOZJ9YSKPWOTSHL38D2NGMYVRX7Q64E1,0.111111,0.888889,point_previews/task000123_mu000256_rho020_n0.png
0.2,256,8,license_plate_bahnschrift.ttf,BFUCAOZJ9Y5KPW0TSHL38D2NGMVRX7Q64IE1,11,0,1,0.17,7.155418,0.919759,1.349142,BFUCAOZIPYSKPWOTSHL3S8D2NGMYRX7Q44IET,0.222222,0.777778,point_previews/task000123_mu000256_rho020_n1.png
0.3,256,8,license_plate_bahnschrift.ttf,BFUCAOZJ9Y5KPW0TSHL38D2NGMVRX7Q64IE1,11,0,0,0.255,8.763561,0.881116,1.10157,BFUCAOZJ9YSKPWOTSHL38D2NGMYRXTQS41E1,0.166667,0.833333,point_previews/task000123_mu000256_rho030_n0.png
0.3,256,8,license_plate_bahnschrift.ttf,BFUCAOZJ9Y5KPW0TSHL38D2NGMVRX7Q64IE1,11,0,1,0.255,8.763561,0.881116,1.10157,BFUCAOZI9YSKPWOTSHLSSDZ2NGMYRX7TQ641E1,0.25,0.75,point_previews/task000123_mu000256_rho030_n1.png
0.4,256,8,license_plate_bahnschrift.ttf,BFUCAOZJ9Y5KPW0TSHL38D2NGMVRX7Q64IE1,11,0,0,0.34,10.119289,0.843436,0.953987,BFUCAOZJ9YSKPWOTSHL38D2NGMVRX7GQS64IET,0.138889,0.861111,point_previews/task000123_mu000256_rho040_n0.png
0.4,256,8,license_plate_bahnschrift.ttf,BFUCAOZJ9Y5KPW0TSHL38D2NGMVRX7Q64IE1,11,0,1,0.34,10.119289,0.843436,0.953987,BFUCAOZJ9YSKPWOTSHL38D2NGMYVRX7Q64IE1,0.083333,0.916667,point_previews/task000123_mu000256_rho040_n1.png
0.5,256,8,license_plate_bahnschrift.ttf,BFUCAOZJ9Y5KPW0TSHL38D2NGMVRX7Q64IE1,11,0,0,0.425,11.313708,0.8067,0.853272,BFUCAOZJ9YSKPWOTSHL38D2NGMVRX7Q64IE1,0.055556,0.944444,point_previews/task000123_mu000256_rho050_n0.png
0.5,256,8,license_plate_bahnschrift.ttf,BFUCAOZJ9Y5KPW0TSHL38D2NGMVRX7Q64IE1,11,0,1,0.425,11.313708,0.8067,0.853272,BFUCAOZJ9YSKPWOTSHL38D2NGMVRX7G44IE1,0.111111,0.888889,point_previews/task000123_mu000256_rho050_n1.png
0.6,256,8,license_plate_bahnschrift.ttf,BFUCAOZJ9Y5KPW0TSHL38D2NGMVRX7Q64IE1,11,0,0,0.51,12.393547,0.770893,0.778927,BFUCAOZJ9YSKPWOTSHL38D2NGMVRX7Q64IE1,0.055556,0.944444,point_previews/task000123_mu000256_rho060_n0.png
0.6,256,8,license_plate_bahnschrift.ttf,BFUCAOZJ9Y5KPW0TSHL38D2NGMVRX7Q64IE1,11,0,1,0.51,12.393547,0.770893,0.778927,BFUCAOZJ9YSKPWOTSHL38D2NGMVRX7GQ64IEI,0.111111,0.888889,point_previews/task000123_mu000256_rho060_n1.png
0.7,256,8,license_plate_bahnschrift.ttf,BFUCAOZJ9Y5KPW0TSHL38D2NGMVRX7Q64IE1,11,0,0,0.595,13.38656,0.735998,0.721147,BFUCAOZJ9YSKPWOTSHL38D2NGMVRX7GQ64IEI,0.111111,0.888889,point_previews/task000123_mu000256_rho070_n0.png
0.7,256,8,license_plate_bahnschrift.ttf,BFUCAOZJ9Y5KPW0TSHL38D2NGMVRX7Q64IE1,11,0,1,0.595,13.38656,0.735998,0.721147,BFUCAOZJ9YSKPWOTSHL38D2NGMVRX7Q64IE1,0.055556,0.944444,point_previews/task000123_mu000256_rho070_n1.png
0.8,256,8,license_plate_bahnschrift.ttf,BFUCAOZJ9Y5KPW0TSHL38D2NGMVRX7Q64IE1,11,0,0,0.68,14.310835,0.701998,0.674571,BFUCAOZJ9YSKPWOTSHL38D2NGMVRX7GQ64IEI,0.111111,0.888889,point_previews/task000123_mu000256_rho080_n0.png
0.8,256,8,license_plate_bahnschrift.ttf,BFUCAOZJ9Y5KPW0TSHL38D2NGMVRX7Q64IE1,11,0,1,0.68,14.310835,0.701998,0.674571,BFUCAOZJ9YSKPWOTSHL38D2NGMVRX7Q641E1,0.083333,0.916667,point_previews/task000123_mu000256_rho080_n1.png
0.9,256,8,license_plate_bahnschrift.ttf,BFUCAOZJ9Y5KPW0TSHL38D2NGMVRX7Q64IE1,11,0,0,0.765,15.178933,0.668877,0.635992,BFUCAOZJ9YSKPWOTSHL38D2NGMVRX7Q64IE1,0.055556,0.944444,point_previews/task000123_mu000256_rho090_n0.png
0.9,256,8,license_plate_bahnschrift.ttf,BFUCAOZJ9Y5KPW0TSHL38D2NGMVRX7Q64IE1,11,0,1,0.765,15.178933,0.668877,0.635992,BFUCAOZJ9YSKPWOTSHL38D2NGMVRX7G64IE1,0.083333,0.916667,point_previews/task000123_mu000256_rho090_n1.png
1.0,256,8,license_plate_bahnschrift.ttf,BFUCAOZJ9Y5KPW0TSHL38D2NGMVRX7Q64IE1,11,0,0,0.85,16.0,0.63662,0.603355,BFUCAOZJ9YSKPWOTSHL38D2NGMVRX7GQ64IE1,0.083333,0.916667,point_previews/task000123_mu000256_rho100_n0.png
1.0,256,8,license_plate_bahnschrift.ttf,BFUCAOZJ9Y5KPW0TSHL38D2NGMVRX7Q64IE1,11,0,1,0.85,16.0,0.63662,0.603355,BFUCAOZJ9YSKPWOTSHL38D2NGMVRX7G64IE1,0.083333,0.916667,point_previews/task000123_mu000256_rho100_n1.png
0.1,1024,8,license_plate_bahnschrift.ttf,BFUCAOZJ9Y5KPW0TSHL38D2NGMVRX7Q64IE1,11,0,0,0.085,5.059644,0.959381,1.907975,BFUCAOZJPYSKPWOTSHL38D2ZNGMYVRX7Q441E1,0.194444,0.805556,point_previews/task000124_mu001024_rho010_n0.png
0.1,1024,8,license_plate_bahnschrift.ttf,BFUCAOZJ9Y5KPW0TSHL38D2NGMVRX7Q64IE1,11,0,1,0.085,5.059644,0.959381,1.907975,BFUCAOZJ9YSKPWOTSHL3SS8D2NGMYRX7QS41E1,0.194444,0.805556,point_previews/task000124_mu001024_rho010_n1.png
0.2,1024,8,license_plate_bahnschrift.ttf,BFUCAOZJ9Y5KPW0TSHL38D2NGMVRX7Q64IE1,11,0,0,0.17,7.155418,0.919759,1.349142,BFUCAOZJ9YSKPWOTSHL38D2NGMVRX7GQ64IE1,0.083333,0.916667,point_previews/task000124_mu001024_rho020_n0.png
0.2,1024,8,license_plate_bahnschrift.ttf,BFUCAOZJ9Y5KPW0TSHL38D2NGMVRX7Q64IE1,11,0,1,0.17,7.155418,0.919759,1.349142,BFUCAOZJ9YSKPWOTSHL38D2NGMVRX7Q641E1,0.083333,0.916667,point_previews/task000124_mu001024_rho020_n1.png
0.3,1024,8,license_plate_bahnschrift.ttf,BFUCAOZJ9Y5KPW0TSHL38D2NGMVRX7Q64IE1,11,0,0,0.255,8.763561,0.881116,1.10157,BFUCAOZJ9YSKPWOTSHL38D2NGMVRX7Q641E1,0.083333,0.916667,point_previews/task000124_mu001024_rho030_n0.png
0.3,1024,8,license_plate_bahnschrift.ttf,BFUCAOZJ9Y5KPW0TSHL38D2NGMVRX7Q64IE1,11,0,1,0.255,8.763561,0.881116,1.10157,BFUCAOZJ9YSKPWOTSHL38D2NGMVRX7GQ641E1,0.111111,0.888889,point_previews/task000124_mu001024_rho030_n1.png
0.4,1024,8,license_plate_bahnschrift.ttf,BFUCAOZJ9Y5KPW0TSHL38D2NGMVRX7Q64IE1,11,0,0,0.34,10.119289,0.843436,0.953987,BFUCAOZJ9YSKPWOTSHL38D2NGMVRX7Q464IE1,0.083333,0.916667,point_previews/task000124_mu001024_rho040_n0.png
0.4,1024,8,license_plate_bahnschrift.ttf,BFUCAOZJ9Y5KPW0TSHL38D2NGMVRX7Q64IE1,11,0,1,0.34,10.119289,0.843436,0.953987,BFUCAOZJ9YSKPWOTSHL38D2NGMVRX7G64IE1,0.083333,0.916667,point_previews/task000124_mu001024_rho040_n1.png
0.5,1024,8,license_plate_bahnschrift.ttf,BFUCAOZJ9Y5KPW0TSHL38D2NGMVRX7Q64IE1,11,0,0,0.425,11.313708,0.8067,0.853272,BFUCAOZJ9YSKPWOTSHL38D2NGMVRX7GQ64IE1,0.083333,0.916667,point_previews/task000124_mu001024_rho050_n0.png
0.5,1024,8,license_plate_bahnschrift.ttf,BFUCAOZJ9Y5KPW0TSHL38D2NGMVRX7Q64IE1,11,0,1,0.425,11.313708,0.8067,0.853272,BFUCAOZJ9YSKPWOTSHL38D2NGMVRX7GQ64IE1,0.083333,0.916667,point_previews/task000124_mu001024_rho050_n1.png
0.6,1024,8,license_plate_bahnschrift.ttf,BFUCAOZJ9Y5KPW0TSHL38D2NGMVRX7Q64IE1,11,0,0,0.51,12.393547,0.770893,0.778927,BFUCAOZJ9YSKPWOTSHL38D2NGMVRX7GQ64IE1,0.083333,0.916667,point_previews/task000124_mu001024_rho060_n0.png
0.6,1024,8,license_plate_bahnschrift.ttf,BFUCAOZJ9Y5KPW0TSHL38D2NGMVRX7Q64IE1,11,0,1,0.51,12.393547,0.770893,0.778927,BFUCAOZJ9YSKPWOTSHL38D2NGMVRX7G64E1,0.111111,0.888889,point_previews/task000124_mu001024_rho060_n1.png
0.7,1024,8,license_plate_bahnschrift.ttf,BFUCAOZJ9Y5KPW0TSHL38D2NGMVRX7Q64IE1,11,0,0,0.595,13.38656,0.735998,0.721147,BFUCAOZJ9YSKPWOTSHL38D2NGMVRX7GQ64IEI,0.111111,0.888889,point_previews/task000124_mu001024_rho070_n0.png
0.7,1024,8,license_plate_bahnschrift.ttf,BFUCAOZJ9Y5KPW0TSHL38D2NGMVRX7Q64IE1,11,0,1,0.595,13.38656,0.735998,0.721147,BFUCAOZJ9YSKPWOTSHL38D2NGMVRX7G64IEI,0.111111,0.888889,point_previews/task000124_mu001024_rho070_n1.png
0.8,1024,8,license_plate_bahnschrift.ttf,BFUCAOZJ9Y5KPW0TSHL38D2NGMVRX7Q64IE1,11,0,0,0.68,14.310835,0.701998,0.674571,BFUCAOZJ9YSKPWOTSHL38D2NGMVRX7G64E1,0.111111,0.888889,point_previews/task000124_mu001024_rho080_n0.png
0.8,1024,8,license_plate_bahnschrift.ttf,BFUCAOZJ9Y5KPW0TSHL38D2NGMVRX7Q64IE1,11,0,1,0.68,14.310835,0.701998,0.674571,BFUCAOZJ9YSKPWOTSHL38D2NGMVRX7G64IE1,0.083333,0.916667,point_previews/task000124_mu001024_rho080_n1.png
0.9,1024,8,license_plate_bahnschrift.ttf,BFUCAOZJ9Y5KPW0TSHL38D2NGMVRX7Q64IE1,11,0,0,0.765,15.178933,0.668877,0.635992,BFUCAOZJ9YSKPWOTSHL38D2NGMVRX7G64IEI,0.111111,0.888889,point_previews/task000124_mu001024_rho090_n0.png
0.9,1024,8,license_plate_bahnschrift.ttf,BFUCAOZJ9Y5KPW0TSHL38D2NGMVRX7Q64IE1,11,0,1,0.765,15.178933,0.668877,0.635992,BFUCAOZJ9YSKPWOTSHL38D2NGMVRX7GQ64IE1,0.083333,0.916667,point_previews/task000124_mu001024_rho090_n1.png
1.0,1024,8,license_plate_bahnschrift.ttf,BFUCAOZJ9Y5KPW0TSHL38D2NGMVRX7Q64IE1,11,0,0,0.85,16.0,0.63662,0.603355,BFUCAOZJ9YSKPWOTSHL38D2NGMVRX7GQ64IEI,0.111111,0.888889,point_previews/task000124_mu001024_rho100_n0.png
1.0,1024,8,license_plate_bahnschrift.ttf,BFUCAOZJ9Y5KPW0TSHL38D2NGMVRX7Q64IE1,11,0,1,0.85,16.0,0.63662,0.603355,BFUCAOZJ9YSKPWOTSHL38D2NGMVRX7GQG64IEI,0.138889,0.861111,point_previews/task000124_mu001024_rho100_n1.png
0.1,4096,8,license_plate_bahnschrift.ttf,BFUCAOZJ9Y5KPW0TSHL38D2NGMVRX7Q64IE1,11,0,0,0.085,5.059644,0.959381,1.907975,BFUCAOZJ9YSKPWOTSHL38D2NGMYRX7Q441E1,0.138889,0.861111,point_previews/task000125_mu004096_rho010_n0.png
0.1,4096,8,license_plate_bahnschrift.ttf,BFUCAOZJ9Y5KPW0TSHL38D2NGMVRX7Q64IE1,11,0,1,0.085,5.059644,0.959381,1.907975,BFUCAOZI9YSKPWOTSHL3SD2NGMYRX7Q441E1,0.194444,0.805556,point_previews/task000125_mu004096_rho010_n1.png
0.2,4096,8,license_plate_bahnschrift.ttf,BFUCAOZJ9Y5KPW0TSHL38D2NGMVRX7Q64IE1,11,0,0,0.17,7.155418,0.919759,1.349142,BFUCAOZJ9YSKPWOTSHL38D2NGMVRX7GQ64IE1,0.083333,0.916667,point_previews/task000125_mu004096_rho020_n0.png
0.2,4096,8,license_plate_bahnschrift.ttf,BFUCAOZJ9Y5KPW0TSHL38D2NGMVRX7Q64IE1,11,0,1,0.17,7.155418,0.919759,1.349142,BFUCAOZJ9YSKPWOTSHL38D2NGMVRX7Q464IE1,0.083333,0.916667,point_previews/task000125_mu004096_rho020_n1.png
0.3,4096,8,license_plate_bahnschrift.ttf,BFUCAOZJ9Y5KPW0TSHL38D2NGMVRX7Q64IE1,11,0,0,0.255,8.763561,0.881116,1.10157,BFUCAOZJ9YSKPWOTSHL38D2NGMVRX7Q64IE1,0.055556,0.944444,point_previews/task000125_mu004096_rho030_n0.png
0.3,4096,8,license_plate_bahnschrift.ttf,BFUCAOZJ9Y5KPW0TSHL38D2NGMVRX7Q64IE1,11,0,1,0.255,8.763561,0.881116,1.10157,BFUCAOZJ9YSKPWOTSHL38D2NGMVRX7G464IE1,0.111111,0.888889,point_previews/task000125_mu004096_rho030_n1.png
0.4,4096,8,license_plate_bahnschrift.ttf,BFUCAOZJ9Y5KPW0TSHL38D2NGMVRX7Q64IE1,11,0,0,0.34,10.119289,0.843436,0.953987,BFUCAOZJ9YSKPWOTSHL38D2NGMVRX7Q464IE1,0.083333,0.916667,point_previews/task000125_mu004096_rho040_n0.png
0.4,4096,8,license_plate_bahnschrift.ttf,BFUCAOZJ9Y5KPW0TSHL38D2NGMVRX7Q64IE1,11,0,1,0.34,10.119289,0.843436,0.953987,BFUCAOZJ9YSKPWOTSHL38D2NGMVRX7Q44IE1,0.083333,0.916667,point_previews/task000125_mu004096_rho040_n1.png
0.5,4096,8,license_plate_bahnschrift.ttf,BFUCAOZJ9Y5KPW0TSHL38D2NGMVRX7Q64IE1,11,0,0,0.425,11.313708,0.8067,0.853272,BFUCAOZJ9YSKPWOTSHL38D2NGMVRX7Q464IE1,0.083333,0.916667,point_previews/task000125_mu004096_rho050_n0.png
0.5,4096,8,license_plate_bahnschrift.ttf,BFUCAOZJ9Y5KPW0TSHL38D2NGMVRX7Q64IE1,11,0,1,0.425,11.313708,0.8067,0.853272,BFUCAOZJ9YSKPWOTSHL38D2NGMVRX7GQ64IE1,0.083333,0.916667,point_previews/task000125_mu004096_rho050_n1.png
0.6,4096,8,license_plate_bahnschrift.ttf,BFUCAOZJ9Y5KPW0TSHL38D2NGMVRX7Q64IE1,11,0,0,0.51,12.393547,0.770893,0.778927,BFUCAOZJ9YSKPWOTSHL38D2NGMVRX7GQ64IE1,0.083333,0.916667,point_previews/task000125_mu004096_rho060_n0.png
0.6,4096,8,license_plate_bahnschrift.ttf,BFUCAOZJ9Y5KPW0TSHL38D2NGMVRX7Q64IE1,11,0,1,0.51,12.393547,0.770893,0.778927,BFUCAOZJ9YSKPWOTSHL38D2NGMVRX7G64IE1,0.083333,0.916667,point_previews/task000125_mu004096_rho060_n1.png
0.7,4096,8,license_plate_bahnschrift.ttf,BFUCAOZJ9Y5KPW0TSHL38D2NGMVRX7Q64IE1,11,0,0,0.595,13.38656,0.735998,0.721147,BFUCAOZJ9YSKPWOTSHL38D2NGMVRX7GQ64IEI,0.111111,0.888889,point_previews/task000125_mu004096_rho070_n0.png
0.7,4096,8,license_plate_bahnschrift.ttf,BFUCAOZJ9Y5KPW0TSHL38D2NGMVRX7Q64IE1,11,0,1,0.595,13.38656,0.735998,0.721147,BFUCAOZJ9YSKPWOTSHL38D2NGMVRX7GQ64IE1,0.083333,0.916667,point_previews/task000125_mu004096_rho070_n1.png
0.8,4096,8,license_plate_bahnschrift.ttf,BFUCAOZJ9Y5KPW0TSHL38D2NGMVRX7Q64IE1,11,0,0,0.68,14.310835,0.701998,0.674571,BFUCAOZJ9YSKPWOTSHL38D2NGMVRX7G64IE1,0.083333,0.916667,point_previews/task000125_mu004096_rho080_n0.png
0.8,4096,8,license_plate_bahnschrift.ttf,BFUCAOZJ9Y5KPW0TSHL38D2NGMVRX7Q64IE1,11,0,1,0.68,14.310835,0.701998,0.674571,BFUCAOZJ9YSKPWOTSHL38D2NGMVRX7G64IE1,0.083333,0.916667,point_previews/task000125_mu004096_rho080_n1.png
0.9,4096,8,license_plate_bahnschrift.ttf,BFUCAOZJ9Y5KPW0TSHL38D2NGMVRX7Q64IE1,11,0,0,0.765,15.178933,0.668877,0.635992,BFUCAOZJ9YSKPWOTSHL38D2NGMVRX7Q64IE1,0.055556,0.944444,point_previews/task000125_mu004096_rho090_n0.png
0.9,4096,8,license_plate_bahnschrift.ttf,BFUCAOZJ9Y5KPW0TSHL38D2NGMVRX7Q64IE1,11,0,1,0.765,15.178933,0.668877,0.635992,BFUCAOZJ9YSKPWOTSHL38D2NGMVRX7GQ64IEI,0.111111,0.888889,point_previews/task000125_mu004096_rho090_n1.png
1.0,4096,8,license_plate_bahnschrift.ttf,BFUCAOZJ9Y5KPW0TSHL38D2NGMVRX7Q64IE1,11,0,0,0.85,16.0,0.63662,0.603355,BFUCAOZJ9YSKPWOTSHL38D2NGMVRX7Q64IEI,0.083333,0.916667,point_previews/task000125_mu004096_rho100_n0.png
1.0,4096,8,license_plate_bahnschrift.ttf,BFUCAOZJ9Y5KPW0TSHL38D2NGMVRX7Q64IE1,11,0,1,0.85,16.0,0.63662,0.603355,BFUCAOZJ9YSKPWOTSHL38D2NGMVRX7G64IEI,0.111111,0.888889,point_previews/task000125_mu004096_rho100_n1.png
0.1,16384,8,license_plate_bahnschrift.ttf,BFUCAOZJ9Y5KPW0TSHL38D2NGMVRX7Q64IE1,11,0,0,0.085,5.059644,0.959381,1.907975,BFUCAOZI9YSKPWOTSHL3SD2NGMYRX7Q441E1,0.194444,0.805556,point_previews/task000126_mu016384_rho010_n0.png
0.1,16384,8,license_plate_bahnschrift.ttf,BFUCAOZJ9Y5KPW0TSHL38D2NGMVRX7Q64IE1,11,0,1,0.085,5.059644,0.959381,1.907975,BFUCAOZI9YSKPWOTSHL3SD2NGMYRX7Q44IE1,0.166667,0.833333,point_previews/task000126_mu016384_rho010_n1.png
0.2,16384,8,license_plate_bahnschrift.ttf,BFUCAOZJ9Y5KPW0TSHL38D2NGMVRX7Q64IE1,11,0,0,0.17,7.155418,0.919759,1.349142,BFUCAOZJ9YSKPWOTSHL38D2NGMYVRX7GQS64IE1,0.138889,0.861111,point_previews/task000126_mu016384_rho020_n0.png
0.2,16384,8,license_plate_bahnschrift.ttf,BFUCAOZJ9Y5KPW0TSHL38D2NGMVRX7Q64IE1,11,0,1,0.17,7.155418,0.919759,1.349142,BFUCAOZJ9YSKPWOTSHL38D2NGMYVRX7GQ64IE1,0.111111,0.888889,point_previews/task000126_mu016384_rho020_n1.png
0.3,16384,8,license_plate_bahnschrift.ttf,BFUCAOZJ9Y5KPW0TSHL38D2NGMVRX7Q64IE1,11,0,0,0.255,8.763561,0.881116,1.10157,BFUCAOZJ9YSKPWOTSHL38D2NGMVRX7Q464IE1,0.083333,0.916667,point_previews/task000126_mu016384_rho030_n0.png
0.3,16384,8,license_plate_bahnschrift.ttf,BFUCAOZJ9Y5KPW0TSHL38D2NGMVRX7Q64IE1,11,0,1,0.255,8.763561,0.881116,1.10157,BFUCAOZJ9YSKPWOTSHL38D2NGMVRX7Q64IE1,0.055556,0.944444,point_previews/task000126_mu016384_rho030_n1.png
0.4,16384,8,license_plate_bahnschrift.ttf,BFUCAOZJ9Y5KPW0TSHL38D2NGMVRX7Q64IE1,11,0,0,0.34,10.119289,0.843436,0.953987,BFUCAOZJ9YSKPWOTSHL38D2NGMVRX7Q44IE1,0.083333,0.916667,point_previews/task000126_mu016384_rho040_n0.png
0.4,16384,8,license_plate_bahnschrift.ttf,BFUCAOZJ9Y5KPW0TSHL38D2NGMVRX7Q64IE1,11,0,1,0.34,10.119289,0.843436,0.953987,BFUCAOZJ9YSKPWOTSHL38D2NGMVRX7Q464IE1,0.083333,0.916667,point_previews/task000126_mu016384_rho040_n1.png
0.5,16384,8,license_plate_bahnschrift.ttf,BFUCAOZJ9Y5KPW0TSHL38D2NGMVRX7Q64IE1,11,0,0,0.425,11.313708,0.8067,0.853272,BFUCAOZJ9YSKPWOTSHL38D2NGMVRX7GQ64IEI,0.111111,0.888889,point_previews/task000126_mu016384_rho050_n0.png
0.5,16384,8,license_plate_bahnschrift.ttf,BFUCAOZJ9Y5KPW0TSHL38D2NGMVRX7Q64IE1,11,0,1,0.425,11.313708,0.8067,0.853272,BFUCAOZJ9YSKPWOTSHL38D2NGMVRX7GQ64IEI,0.111111,0.888889,point_previews/task000126_mu016384_rho050_n1.png
0.6,16384,8,license_plate_bahnschrift.ttf,BFUCAOZJ9Y5KPW0TSHL38D2NGMVRX7Q64IE1,11,0,0,0.51,12.393547,0.770893,0.778927,BFUCAOZJ9YSKPWOTSHL38D2NGMVRX7G64IE1,0.083333,0.916667,point_previews/task000126_mu016384_rho060_n0.png
0.6,16384,8,license_plate_bahnschrift.ttf,BFUCAOZJ9Y5KPW0TSHL38D2NGMVRX7Q64IE1,11,0,1,0.51,12.393547,0.770893,0.778927,BFUCAOZJ9YSKPWOTSHL38D2NGMVRX7GQ64IE1,0.083333,0.916667,point_previews/task000126_mu016384_rho060_n1.png
0.7,16384,8,license_plate_bahnschrift.ttf,BFUCAOZJ9Y5KPW0TSHL38D2NGMVRX7Q64IE1,11,0,0,0.595,13.38656,0.735998,0.721147,BFUCAOZJ9YSKPWOTSHL38D2NGMVRX7GQ64IE1,0.083333,0.916667,point_previews/task000126_mu016384_rho070_n0.png
0.7,16384,8,license_plate_bahnschrift.ttf,BFUCAOZJ9Y5KPW0TSHL38D2NGMVRX7Q64IE1,11,0,1,0.595,13.38656,0.735998,0.721147,BFUCAOZJ9YSKPWOTSHL38D2NGMVRX7GQ64IE1,0.083333,0.916667,point_previews/task000126_mu016384_rho070_n1.png
0.8,16384,8,license_plate_bahnschrift.ttf,BFUCAOZJ9Y5KPW0TSHL38D2NGMVRX7Q64IE1,11,0,0,0.68,14.310835,0.701998,0.674571,BFUCAOZJ9YSKPWOTSHL38D2NGMVRX7G64IEI,0.111111,0.888889,point_previews/task000126_mu016384_rho080_n0.png
0.8,16384,8,license_plate_bahnschrift.ttf,BFUCAOZJ9Y5KPW0TSHL38D2NGMVRX7Q64IE1,11,0,1,0.68,14.310835,0.701998,0.674571,BFUCAOZJ9YSKPWOTSHL38D2NGMVRX7G64IE1,0.083333,0.916667,point_previews/task000126_mu016384_rho080_n1.png
0.9,16384,8,license_plate_bahnschrift.ttf,BFUCAOZJ9Y5KPW0TSHL38D2NGMVRX7Q64IE1,11,0,0,0.765,15.178933,0.668877,0.635992,BFUCAOZJ9YSKPWOTSHL38D2NGMVRX7G64IEI,0.111111,0.888889,point_previews/task000126_mu016384_rho090_n0.png
0.9,16384,8,license_plate_bahnschrift.ttf,BFUCAOZJ9Y5KPW0TSHL38D2NGMVRX7Q64IE1,11,0,1,0.765,15.178933,0.668877,0.635992,BFUCAOZJ9YSKPWOTSHL38D2NGMVRX7GQ64IEI,0.111111,0.888889,point_previews/task000126_mu016384_rho090_n1.png
1.0,16384,8,license_plate_bahnschrift.ttf,BFUCAOZJ9Y5KPW0TSHL38D2NGMVRX7Q64IE1,11,0,0,0.85,16.0,0.63662,0.603355,BFUCAOZJ9YSKPWOTSHL38D2NGMVRX7GQ64IEI,0.111111,0.888889,point_previews/task000126_mu016384_rho100_n0.png
1.0,16384,8,license_plate_bahnschrift.ttf,BFUCAOZJ9Y5KPW0TSHL38D2NGMVRX7Q64IE1,11,0,1,0.85,16.0,0.63662,0.603355,BFUCAOZJ9YSKPWOTSHL38D2NGMVRX7G64IEI,0.111111,0.888889,point_previews/task000126_mu016384_rho100_n1.png
0.1,65536,8,license_plate_bahnschrift.ttf,BFUCAOZJ9Y5KPW0TSHL38D2NGMVRX7Q64IE1,11,0,0,0.085,5.059644,0.959381,1.907975,BFUCAOZI9YSKPWOTSHL3S8D2NGMYRX7Q441E1,0.194444,0.805556,point_previews/task000127_mu065536_rho010_n0.png
0.1,65536,8,license_plate_bahnschrift.ttf,BFUCAOZJ9Y5KPW0TSHL38D2NGMVRX7Q64IE1,11,0,1,0.085,5.059644,0.959381,1.907975,BFUCAOZI9YSKPWOTSHL3S8D2NGMYRX7Q441E1,0.194444,0.805556,point_previews/task000127_mu065536_rho010_n1.png
0.2,65536,8,license_plate_bahnschrift.ttf,BFUCAOZJ9Y5KPW0TSHL38D2NGMVRX7Q64IE1,11,0,0,0.17,7.155418,0.919759,1.349142,BFUCAOZJ9YSKPWOTSHL38D2NGMYVRX7GQ64IE1,0.111111,0.888889,point_previews/task000127_mu065536_rho020_n0.png
0.2,65536,8,license_plate_bahnschrift.ttf,BFUCAOZJ9Y5KPW0TSHL38D2NGMVRX7Q64IE1,11,0,1,0.17,7.155418,0.919759,1.349142,BFUCAOZJ9YSKPWOTSHL38D2NGMVRX7Q464IE1,0.083333,0.916667,point_previews/task000127_mu065536_rho020_n1.png
0.3,65536,8,license_plate_bahnschrift.ttf,BFUCAOZJ9Y5KPW0TSHL38D2NGMVRX7Q64IE1,11,0,0,0.255,8.763561,0.881116,1.10157,BFUCAOZJ9YSKPWOTSHL38D2NGMVRX7Q64IE1,0.055556,0.944444,point_previews/task000127_mu065536_rho030_n0.png
0.3,65536,8,license_plate_bahnschrift.ttf,BFUCAOZJ9Y5KPW0TSHL38D2NGMVRX7Q64IE1,11,0,1,0.255,8.763561,0.881116,1.10157,BFUCAOZJ9YSKPWOTSHL38D2NGMVRX7Q64E1,0.083333,0.916667,point_previews/task000127_mu065536_rho030_n1.png
0.4,65536,8,license_plate_bahnschrift.ttf,BFUCAOZJ9Y5KPW0TSHL38D2NGMVRX7Q64IE1,11,0,0,0.34,10.119289,0.843436,0.953987,BFUCAOZJ9YSKPWOTSHL38D2NGMVRX7Q464IE1,0.083333,0.916667,point_previews/task000127_mu065536_rho040_n0.png
0.4,65536,8,license_plate_bahnschrift.ttf,BFUCAOZJ9Y5KPW0TSHL38D2NGMVRX7Q64IE1,11,0,1,0.34,10.119289,0.843436,0.953987,BFUCAOZJ9YSKPWOTSHL38D2NGMVRX7Q44IE1,0.083333,0.916667,point_previews/task000127_mu065536_rho040_n1.png
0.5,65536,8,license_plate_bahnschrift.ttf,BFUCAOZJ9Y5KPW0TSHL38D2NGMVRX7Q64IE1,11,0,0,0.425,11.313708,0.8067,0.853272,BFUCAOZJ9YSKPWOTSHL38D2NGMVRX7GQ64IEI,0.111111,0.888889,point_previews/task000127_mu065536_rho050_n0.png
0.5,65536,8,license_plate_bahnschrift.ttf,BFUCAOZJ9Y5KPW0TSHL38D2NGMVRX7Q64IE1,11,0,1,0.425,11.313708,0.8067,0.853272,BFUCAOZJ9YSKPWOTSHL38D2NGMVRX7GQ64IEI,0.111111,0.888889,point_previews/task000127_mu065536_rho050_n1.png
0.6,65536,8,license_plate_bahnschrift.ttf,BFUCAOZJ9Y5KPW0TSHL38D2NGMVRX7Q64IE1,11,0,0,0.51,12.393547,0.770893,0.778927,BFUCAOZJ9YSKPWOTSHL38D2NGMVRX7G64IE1,0.083333,0.916667,point_previews/task000127_mu065536_rho060_n0.png
0.6,65536,8,license_plate_bahnschrift.ttf,BFUCAOZJ9Y5KPW0TSHL38D2NGMVRX7Q64IE1,11,0,1,0.51,12.393547,0.770893,0.778927,BFUCAOZJ9YSKPWOTSHL38D2NGMVRX7G64IE1,0.083333,0.916667,point_previews/task000127_mu065536_rho060_n1.png
0.7,65536,8,license_plate_bahnschrift.ttf,BFUCAOZJ9Y5KPW0TSHL38D2NGMVRX7Q64IE1,11,0,0,0.595,13.38656,0.735998,0.721147,BFUCAOZJ9YSKPWOTSHL38D2NGMVRX7G64IE1,0.083333,0.916667,point_previews/task000127_mu065536_rho070_n0.png
0.7,65536,8,license_plate_bahnschrift.ttf,BFUCAOZJ9Y5KPW0TSHL38D2NGMVRX7Q64IE1,11,0,1,0.595,13.38656,0.735998,0.721147,BFUCAOZJ9YSKPWOTSHL38D2NGMVRX7GQ64IE1,0.083333,0.916667,point_previews/task000127_mu065536_rho070_n1.png
0.8,65536,8,license_plate_bahnschrift.ttf,BFUCAOZJ9Y5KPW0TSHL38D2NGMVRX7Q64IE1,11,0,0,0.68,14.310835,0.701998,0.674571,BFUCAOZJ9YSKPWOTSHL38D2NGMVRX7G64IEI,0.111111,0.888889,point_previews/task000127_mu065536_rho080_n0.png
0.8,65536,8,license_plate_bahnschrift.ttf,BFUCAOZJ9Y5KPW0TSHL38D2NGMVRX7Q64IE1,11,0,1,0.68,14.310835,0.701998,0.674571,BFUCAOZJ9YSKPWOTSHL38D2NGMVRX7G64IEI,0.111111,0.888889,point_previews/task000127_mu065536_rho080_n1.png
0.9,65536,8,license_plate_bahnschrift.ttf,BFUCAOZJ9Y5KPW0TSHL38D2NGMVRX7Q64IE1,11,0,0,0.765,15.178933,0.668877,0.635992,BFUCAOZJ9YSKPWOTSHL38D2NGMVRX7GQ64IEI,0.111111,0.888889,point_previews/task000127_mu065536_rho090_n0.png
0.9,65536,8,license_plate_bahnschrift.ttf,BFUCAOZJ9Y5KPW0TSHL38D2NGMVRX7Q64IE1,11,0,1,0.765,15.178933,0.668877,0.635992,BFUCAOZJ9YSKPWOTSHL38D2NGMVRX7G64IEI,0.111111,0.888889,point_previews/task000127_mu065536_rho090_n1.png
1.0,65536,8,license_plate_bahnschrift.ttf,BFUCAOZJ9Y5KPW0TSHL38D2NGMVRX7Q64IE1,11,0,0,0.85,16.0,0.63662,0.603355,BFUCAOZJ9YSKPWOTSHL38D2NGMVRX7G64IEI,0.111111,0.888889,point_previews/task000127_mu065536_rho100_n0.png
1.0,65536,8,license_plate_bahnschrift.ttf,BFUCAOZJ9Y5KPW0TSHL38D2NGMVRX7Q64IE1,11,0,1,0.85,16.0,0.63662,0.603355,BFUCAOZJ9YSKPWOTSHL38D2NGMVRX7G64IEI,0.111111,0.888889,point_previews/task000127_mu065536_rho100_n1.png
0.1,4,8,license_plate_bahnschrift.ttf,BFUCAOZJ9Y5KPW0TSHL38D2NGMVRX7Q64IE1,11,3,0,0.085,5.059644,0.959381,1.907975,,1.0,0.0,point_previews/task000128_mu000004_rho010_n0.png
0.1,4,8,license_plate_bahnschrift.ttf,BFUCAOZJ9Y5KPW0TSHL38D2NGMVRX7Q64IE1,11,3,1,0.085,5.059644,0.959381,1.907975,,1.0,0.0,point_previews/task000128_mu000004_rho010_n1.png
0.2,4,8,license_plate_bahnschrift.ttf,BFUCAOZJ9Y5KPW0TSHL38D2NGMVRX7Q64IE1,11,3,0,0.17,7.155418,0.919759,1.349142,,1.0,0.0,point_previews/task000128_mu000004_rho020_n0.png
0.2,4,8,license_plate_bahnschrift.ttf,BFUCAOZJ9Y5KPW0TSHL38D2NGMVRX7Q64IE1,11,3,1,0.17,7.155418,0.919759,1.349142,BNHFCONGPREBPSERFA,0.861111,0.138889,point_previews/task000128_mu000004_rho020_n1.png
0.3,4,8,license_plate_bahnschrift.ttf,BFUCAOZJ9Y5KPW0TSHL38D2NGMVRX7Q64IE1,11,3,0,0.255,8.763561,0.881116,1.10157,FRRSSAOTSAPAEGA,0.888889,0.111111,point_previews/task000128_mu000004_rho030_n0.png
0.3,4,8,license_plate_bahnschrift.ttf,BFUCAOZJ9Y5KPW0TSHL38D2NGMVRX7Q64IE1,11,3,1,0.255,8.763561,0.881116,1.10157,,1.0,0.0,point_previews/task000128_mu000004_rho030_n1.png
0.4,4,8,license_plate_bahnschrift.ttf,BFUCAOZJ9Y5KPW0TSHL38D2NGMVRX7Q64IE1,11,3,0,0.34,10.119289,0.843436,0.953987,SREADMSS9GAODTTREBES,0.861111,0.138889,point_previews/task000128_mu000004_rho040_n0.png
0.4,4,8,license_plate_bahnschrift.ttf,BFUCAOZJ9Y5KPW0TSHL38D2NGMVRX7Q64IE1,11,3,1,0.34,10.119289,0.843436,0.953987,,1.0,0.0,point_previews/task000128_mu000004_rho040_n1.png
0.5,4,8,license_plate_bahnschrift.ttf,BFUCAOZJ9Y5KPW0TSHL38D2NGMVRX7Q64IE1,11,3,0,0.425,11.313708,0.8067,0.853272,HRSTPEMEDSTOGME,0.888889,0.111111,point_previews/task000128_mu000004_rho050_n0.png
0.5,4,8,license_plate_bahnschrift.ttf,BFUCAOZJ9Y5KPW0TSHL38D2NGMVRX7Q64IE1,11,3,1,0.425,11.313708,0.8067,0.853272,CSASOEORORTRCTCMALRARUS,0.916667,0.083333,point_previews/task000128_mu000004_rho050_n1.png
0.6,4,8,license_plate_bahnschrift.ttf,BFUCAOZJ9Y5KPW0TSHL38D2NGMVRX7Q64IE1,11,3,0,0.51,12.393547,0.770893,0.778927,SGRERADBRNRTSSG,0.916667,0.083333,point_previews/task000128_mu000004_rho060_n0.png
0.6,4,8,license_plate_bahnschrift.ttf,BFUCAOZJ9Y5KPW0TSHL38D2NGMVRX7Q64IE1,11,3,1,0.51,12.393547,0.770893,0.778927,SEEA3LPPOMREOICP,0.861111,0.138889,point_previews/task000128_mu000004_rho060_n1.png
0.7,4,8,license_plate_bahnschrift.ttf,BFUCAOZJ9Y5KPW0TSHL38D2NGMVRX7Q64IE1,11,3,0,0.595,13.38656,0.735998,0.721147,PBTRINTTPSIESYNTLERPR,0.888889,0.111111,point_previews/task000128_mu000004_rho070_n0.png
0.7,4,8,license_plate_bahnschrift.ttf,BFUCAOZJ9Y5KPW0TSHL38D2NGMVRX7Q64IE1,11,3,1,0.595,13.38656,0.735998,0.721147,BRTGRRBADRGNUAKRTE,0.861111,0.138889,point_previews/task000128_mu000004_rho070_n1.png
0.8,4,8,license_plate_bahnschrift.ttf,BFUCAOZJ9Y5KPW0TSHL38D2NGMVRX7Q64IE1,11,3,0,0.68,14.310835,0.701998,0.674571,PESATITERPWETESSNCEEAROLE,0.833333,0.166667,point_previews/task000128_mu000004_rho080_n0.png
0.8,4,8,license_plate_bahnschrift.ttf,BFUCAOZJ9Y5KPW0TSHL38D2NGMVRX7Q64IE1,11,3,1,0.68,14.310835,0.701998,0.674571,SSERTYRORELIRONSADPOSARL,0.916667,0.083333,point_previews/task000128_mu000004_rho080_n1.png
0.9,4,8,license_plate_bahnschrift.ttf,BFUCAOZJ9Y5KPW0TSHL38D2NGMVRX7Q64IE1,11,3,0,0.765,15.178933,0.668877,0.635992,USRODAREHIEURTSEREESHCRES,0.833333,0.166667,point_previews/task000128_mu000004_rho090_n0.png
0.9,4,8,license_plate_bahnschrift.ttf,BFUCAOZJ9Y5KPW0TSHL38D2NGMVRX7Q64IE1,11,3,1,0.765,15.178933,0.668877,0.635992,SBRURIESTYAEREDSOLGSONRITAVEISEET,0.833333,0.166667,point_previews/task000128_mu000004_rho090_n1.png
1.0,4,8,license_plate_bahnschrift.ttf,BFUCAOZJ9Y5KPW0TSHL38D2NGMVRX7Q64IE1,11,3,0,0.85,16.0,0.63662,0.603355,SRELARRBETREO,0.888889,0.111111,point_previews/task000128_mu000004_rho100_n0.png
1.0,4,8,license_plate_bahnschrift.ttf,BFUCAOZJ9Y5KPW0TSHL38D2NGMVRX7Q64IE1,11,3,1,0.85,16.0,0.63662,0.603355,SBTALEAOSISSHCNEREARLSROSRENC,0.888889,0.111111,point_previews/task000128_mu000004_rho100_n1.png
0.1,16,8,license_plate_bahnschrift.ttf,BFUCAOZJ9Y5KPW0TSHL38D2NGMVRX7Q64IE1,11,3,0,0.085,5.059644,0.959381,1.907975,RRPEASRAPEGTBRR,0.888889,0.111111,point_previews/task000129_mu000016_rho010_n0.png
0.1,16,8,license_plate_bahnschrift.ttf,BFUCAOZJ9Y5KPW0TSHL38D2NGMVRX7Q64IE1,11,3,1,0.085,5.059644,0.959381,1.907975,PUNRRAELRREOLERTEN,0.888889,0.111111,point_previews/task000129_mu000016_rho010_n1.png
0.2,16,8,license_plate_bahnschrift.ttf,BFUCAOZJ9Y5KPW0TSHL38D2NGMVRX7Q64IE1,11,3,0,0.17,7.155418,0.919759,1.349142,SGEUSROPROTSHPRURSNCREAN,0.805556,0.194444,point_previews/task000129_mu000016_rho020_n0.png
0.2,16,8,license_plate_bahnschrift.ttf,BFUCAOZJ9Y5KPW0TSHL38D2NGMVRX7Q64IE1,11,3,1,0.17,7.155418,0.919759,1.349142,BEUCAGTITYGOUTESSTNTAEL,0.777778,0.222222,point_previews/task000129_mu000016_rho020_n1.png
0.3,16,8,license_plate_bahnschrift.ttf,BFUCAOZJ9Y5KPW0TSHL38D2NGMVRX7Q64IE1,11,3,0,0.255,8.763561,0.881116,1.10157,BEVEADETVSKBMATSRLSSONRMNECHAE,0.75,0.25,point_previews/task000129_mu000016_rho030_n0.png
0.3,16,8,license_plate_bahnschrift.ttf,BFUCAOZJ9Y5KPW0TSHL38D2NGMVRX7Q64IE1,11,3,1,0.255,8.763561,0.881116,1.10157,BRUORORUTYSKEWORSERSRINOAYRCAAE,0.722222,0.277778,point_previews/task000129_mu000016_rho030_n1.png
0.4,16,8,license_plate_bahnschrift.ttf,BFUCAOZJ9Y5KPW0TSHL38D2NGMVRX7Q64IE1,11,3,0,0.34,10.119289,0.843436,0.953987,BEUCHOLAYSHEMBTSHESEDINDANRRTRAHIEE,0.638889,0.361111,point_previews/task000129_mu000016_rho040_n0.png
0.4,16,8,license_plate_bahnschrift.ttf,BFUCAOZJ9Y5KPW0TSHL38D2NGMVRX7Q64IE1,11,3,1,0.34,10.119289,0.843436,0.953987,REURADZISYSKEWOTSHLISOONDURMTEOMIEL,0.611111,0.388889,point_previews/task000129_mu000016_rho040_n1.png
0.5,16,8,license_plate_bahnschrift.ttf,BFUCAOZJ9Y5KPW0TSHL38D2NGMVRX7Q64IE1,11,3,0,0.425,11.313708,0.8067,0.853272,BRUCAGZIOTERINGTSHEBSDENGHURRTOBGIES,0.611111,0.388889,point_previews/task000129_mu000016_rho050_n0.png
0.5,16,8,license_plate_bahnschrift.ttf,BFUCAOZJ9Y5KPW0TSHL38D2NGMVRX7Q64IE1,11,3,1,0.425,11.313708,0.8067,0.853272,,1.0,0.0,point_previews/task000129_mu000016_rho050_n1.png
0.6,16,8,license_plate_bahnschrift.ttf,BFUCAOZJ9Y5KPW0TSHL38D2NGMVRX7Q64IE1,11,3,0,0.51,12.393547,0.770893,0.778927,PEDUAOLIOYSRENOTSLLSSDINGMYRX2BAGIET,0.611111,0.388889,point_previews/task000129_mu000016_rho060_n0.png
0.6,16,8,license_plate_bahnschrift.ttf,BFUCAOZJ9Y5KPW0TSHL38D2NGMVRX7Q64IE1,11,3,1,0.51,12.393547,0.770893,0.778927,,1.0,0.0,point_previews/task000129_mu000016_rho060_n1.png
0.7,16,8,license_plate_bahnschrift.ttf,BFUCAOZJ9Y5KPW0TSHL38D2NGMVRX7Q64IE1,11,3,0,0.595,13.38656,0.735998,0.721147,,1.0,0.0,point_previews/task000129_mu000016_rho070_n0.png
0.7,16,8,license_plate_bahnschrift.ttf,BFUCAOZJ9Y5KPW0TSHL38D2NGMVRX7Q64IE1,11,3,1,0.595,13.38656,0.735998,0.721147,,1.0,0.0,point_previews/task000129_mu000016_rho070_n1.png
0.8,16,8,license_plate_bahnschrift.ttf,BFUCAOZJ9Y5KPW0TSHL38D2NGMVRX7Q64IE1,11,3,0,0.68,14.310835,0.701998,0.674571,BEUCADZJOYERKPEWOTSHLSSOZNGMVRETOGIEF,0.472222,0.527778,point_previews/task000129_mu000016_rho080_n0.png
0.8,16,8,license_plate_bahnschrift.ttf,BFUCAOZJ9Y5KPW0TSHL38D2NGMVRX7Q64IE1,11,3,1,0.68,14.310835,0.701998,0.674571,REUCAOZIOVERPWOTSHLSSOINGHYRETOAGIEY,0.555556,0.444444,point_previews/task000129_mu000016_rho080_n1.png
0.9,16,8,license_plate_bahnschrift.ttf,BFUCAOZJ9Y5KPW0TSHL38D2NGMVRX7Q64IE1,11,3,0,0.765,15.178933,0.668877,0.635992,BFUCAOZJOYSKPWOTSHESADANGMYRXTOS64IEL,0.333333,0.666667,point_previews/task000129_mu000016_rho090_n0.png
0.9,16,8,license_plate_bahnschrift.ttf,BFUCAOZJ9Y5KPW0TSHL38D2NGMVRX7Q64IE1,11,3,1,0.765,15.178933,0.668877,0.635992,BEVUEAOZIOYSKEWOTSHLSBD2ZNGMURKIOSAIEL,0.5,0.5,point_previews/task000129_mu000016_rho090_n1.png
1.0,16,8,license_plate_bahnschrift.ttf,BFUCAOZJ9Y5KPW0TSHL38D2NGMVRX7Q64IE1,11,3,0,0.85,16.0,0.63662,0.603355,,1.0,0.0,point_previews/task000129_mu000016_rho100_n0.png
1.0,16,8,license_plate_bahnschrift.ttf,BFUCAOZJ9Y5KPW0TSHL38D2NGMVRX7Q64IE1,11,3,1,0.85,16.0,0.63662,0.603355,,1.0,0.0,point_previews/task000129_mu000016_rho100_n1.png
0.1,64,8,license_plate_bahnschrift.ttf,BFUCAOZJ9Y5KPW0TSHL38D2NGMVRX7Q64IE1,11,3,0,0.085,5.059644,0.959381,1.907975,,1.0,0.0,point_previews/task000130_mu000064_rho010_n0.png
0.1,64,8,license_plate_bahnschrift.ttf,BFUCAOZJ9Y5KPW0TSHL38D2NGMVRX7Q64IE1,11,3,1,0.085,5.059644,0.959381,1.907975,SBRUCAGZISVSMRVATSHLSSDINGHTOSAIEI,0.638889,0.361111,point_previews/task000130_mu000064_rho010_n1.png
0.2,64,8,license_plate_bahnschrift.ttf,BFUCAOZJ9Y5KPW0TSHL38D2NGMVRX7Q64IE1,11,3,0,0.17,7.155418,0.919759,1.349142,BRUCAOZISVSKPWOTSHLSSDINGMVRKTGA4IET,0.388889,0.611111,point_previews/task000130_mu000064_rho020_n0.png
0.2,64,8,license_plate_bahnschrift.ttf,BFUCAOZJ9Y5KPW0TSHL38D2NGMVRX7Q64IE1,11,3,1,0.17,7.155418,0.919759,1.349142,,1.0,0.0,point_previews/task000130_mu000064_rho020_n1.png
0.3,64,8,license_plate_bahnschrift.ttf,BFUCAOZJ9Y5KPW0TSHL38D2NGMVRX7Q64IE1,11,3,0,0.255,8.763561,0.881116,1.10157,BFUCHOZISYSKPWOTSHLISDANGMVRKTQAUIET,0.361111,0.638889,point_previews/task000130_mu000064_rho030_n0.png
0.3,64,8,license_plate_bahnschrift.ttf,BFUCAOZJ9Y5KPW0TSHL38D2NGMVRX7Q64IE1,11,3,1,0.255,8.763561,0.881116,1.10157,,1.0,0.0,point_previews/task000130_mu000064_rho030_n1.png
0.4,64,8,license_plate_bahnschrift.ttf,BFUCAOZJ9Y5KPW0TSHL38D2NGMVRX7Q64IE1,11,3,0,0.34,10.119289,0.843436,0.953987,BFUCAOZI9YSKPWOTSHESSD2NGMVRX7Q64IET,0.194444,0.805556,point_previews/task000130_mu000064_rho040_n0.png
0.4,64,8,license_plate_bahnschrift.ttf,BFUCAOZJ9Y5KPW0TSHL38D2NGMVRX7Q64IE1,11,3,1,0.34,10.119289,0.843436,0.953987,BFUCAOZI9YSKPWOTSHL38DINGMVRXTOSAIET,0.25,0.75,point_previews/task000130_mu000064_rho040_n1.png
0.5,64,8,license_plate_bahnschrift.ttf,BFUCAOZJ9Y5KPW0TSHL38D2NGMVRX7Q64IE1,11,3,0,0.425,11.313708,0.8067,0.853272,BFUCAOZI9YSKPWOTSHLIBDINGMVRXTGSAIET,0.305556,0.694444,point_previews/task000130_mu000064_rho050_n0.png
0.5,64,8,license_plate_bahnschrift.ttf,BFUCAOZJ9Y5KPW0TSHL38D2NGMVRX7Q64IE1,11,3,1,0.425,11.313708,0.8067,0.853272,BFUCAGZISYSKPWOTSHLSSO2NGMVRXTQ44IE1,0.277778,0.722222,point_previews/task000130_mu000064_rho050_n1.png
0.6,64,8,license_plate_bahnschrift.ttf,BFUCAOZJ9Y5KPW0TSHL38D2NGMVRX7Q64IE1,11,3,0,0.51,12.393547,0.770893,0.778927,BFUCAOZJ9YSKPWOTSHL3802NGMVRXTQ6AIET,0.166667,0.833333,point_previews/task000130_mu000064_rho060_n0.png
0.6,64,8,license_plate_bahnschrift.ttf,BFUCAOZJ9Y5KPW0TSHL38D2NGMVRX7Q64IE1,11,3,1,0.51,12.393547,0.770893,0.778927,BFUCAOZJ9YSKPWOTSHLSBD2NGMVRX7Q44IE,0.166667,0.833333,point_previews/task000130_mu000064_rho060_n1.png
0.7,64,8,license_plate_bahnschrift.ttf,BFUCAOZJ9Y5KPW0TSHL38D2NGMVRX7Q64IE1,11,3,0,0.595,13.38656,0.735998,0.721147,BFUCAOZJ9YSKPWOTSHL3SD2NGMVRXTQ44IET,0.166667,0.833333,point_previews/task000130_mu000064_rho070_n0.png
0.7,64,8,license_plate_bahnschrift.ttf,BFUCAOZJ9Y5KPW0TSHL38D2NGMVRX7Q64IE1,11,3,1,0.595,13.38656,0.735998,0.721147,BFUCAOZS9YSKPWOTSHL38D2NGMVRXTQS4IET,0.166667,0.833333,point_previews/task000130_mu000064_rho070_n1.png
0.8,64,8,license_plate_bahnschrift.ttf,BFUCAOZJ9Y5KPW0TSHL38D2NGMVRX7Q64IE1,11,3,0,0.68,14.310835,0.701998,0.674571,BFUCAOZJ9YSKPWOTSHL38D2NGMVRX7Q441E1,0.111111,0.888889,point_previews/task000130_mu000064_rho080_n0.png
0.8,64,8,license_plate_bahnschrift.ttf,BFUCAOZJ9Y5KPW0TSHL38D2NGMVRX7Q64IE1,11,3,1,0.68,14.310835,0.701998,0.674571,BFUCAOZJ9YSKPWOTSHL38D2NGMVRX7Q64IE1,0.055556,0.944444,point_previews/task000130_mu000064_rho080_n1.png
0.9,64,8,license_plate_bahnschrift.ttf,BFUCAOZJ9Y5KPW0TSHL38D2NGMVRX7Q64IE1,11,3,0,0.765,15.178933,0.668877,0.635992,BFUCAOZJ9YSKPWOTSHL38D2NGMVRX7Q6AIE,0.111111,0.888889,point_previews/task000130_mu000064_rho090_n0.png
0.9,64,8,license_plate_bahnschrift.ttf,BFUCAOZJ9Y5KPW0TSHL38D2NGMVRX7Q64IE1,11,3,1,0.765,15.178933,0.668877,0.635992,BFUCAOZJ9YSKPWOTSHL38D2NGMVRX7QS4IE1,0.083333,0.916667,point_previews/task000130_mu000064_rho090_n1.png
1.0,64,8,license_plate_bahnschrift.ttf,BFUCAOZJ9Y5KPW0TSHL38D2NGMVRX7Q64IE1,11,3,0,0.85,16.0,0.63662,0.603355,BFUCAOZJ9YSKPWOTSHL38D2NGMVRXTOS4IET,0.166667,0.833333,point_previews/task000130_mu000064_rho100_n0.png
1.0,64,8,license_plate_bahnschrift.ttf,BFUCAOZJ9Y5KPW0TSHL38D2NGMVRX7Q64IE1,11,3,1,0.85,16.0,0.63662,0.603355,BFUCA02ZJ9Y5KPWOTSHL38D2NGMVRX7O64IEI,0.138889,0.861111,point_previews/task000130_mu000064_rho100_n1.png
0.1,256,8,license_plate_bahnschrift.ttf,BFUCAOZJ9Y5KPW0TSHL38D2NGMVRX7Q64IE1,11,3,0,0.085,5.059644,0.959381,1.907975,BFUCAOZISYSKPWOTSHLSSD2NGMYRXTQSAET,0.333333,0.666667,point_previews/task000131_mu000256_rho010_n0.png
0.1,256,8,license_plate_bahnschrift.ttf,BFUCAOZJ9Y5KPW0TSHL38D2NGMVRX7Q64IE1,11,3,1,0.085,5.059644,0.959381,1.907975,BFUCAOZJ9YSRPWOTSHES8D2NGMVRX7Q441ET,0.222222,0.777778,point_previews/task000131_mu000256_rho010_n1.png
0.2,256,8,license_plate_bahnschrift.ttf,BFUCAOZJ9Y5KPW0TSHL38D2NGMVRX7Q64IE1,11,3,0,0.17,7.155418,0.919759,1.349142,BFUCAOZI9YSKPWOTSHL38D2NGMVRX7Q44IE1,0.111111,0.888889,point_previews/task000131_mu000256_rho020_n0.png
0.2,256,8,license_plate_bahnschrift.ttf,BFUCAOZJ9Y5KPW0TSHL38D2NGMVRX7Q64IE1,11,3,1,0.17,7.155418,0.919759,1.349142,BFUCAOZJ9YSKPWOTSHL38D2NGMYRX7Q441E1,0.138889,0.861111,point_previews/task000131_mu000256_rho020_n1.png
0.3,256,8,license_plate_bahnschrift.ttf,BFUCAOZJ9Y5KPW0TSHL38D2NGMVRX7Q64IE1,11,3,0,0.255,8.763561,0.881116,1.10157,BFUCAOZJ9YSKPWOTSHL38D2NGMYVRX7Q441E1,0.138889,0.861111,point_previews/task000131_mu000256_rho030_n0.png
0.3,256,8,license_plate_bahnschrift.ttf,BFUCAOZJ9Y5KPW0TSHL38D2NGMVRX7Q64IE1,11,3,1,0.255,8.763561,0.881116,1.10157,BFUCAOZISYSKPWOTSHL38D2NGMVRX7Q44IEI,0.166667,0.833333,point_previews/task000131_mu000256_rho030_n1.png
0.4,256,8,license_plate_bahnschrift.ttf,BFUCAOZJ9Y5KPW0TSHL38D2NGMVRX7Q64IE1,11,3,0,0.34,10.119289,0.843436,0.953987,BFUCAOZJ9YSKPWOTSHLS8D2NGMVRX7Q44I1E1,0.138889,0.861111,point_previews/task000131_mu000256_rho040_n0.png
0.4,256,8,license_plate_bahnschrift.ttf,BFUCAOZJ9Y5KPW0TSHL38D2NGMVRX7Q64IE1,11,3,1,0.34,10.119289,0.843436,0.953987,BFUCAOZJI9YSKPWOTSHL38D2NGMVRX7Q44E1,0.138889,0.861111,point_previews/task000131_mu000256_rho040_n1.png
0.5,256,8,license_plate_bahnschrift.ttf,BFUCAOZJ9Y5KPW0TSHL38D2NGMVRX7Q64IE1,11,3,0,0.425,11.313708,0.8067,0.853272,BFUCAOZI9YSKPWOTSHL38D2NGMVRX7GQ64IEI,0.138889,0.861111,point_previews/task000131_mu000256_rho050_n0.png
0.5,256,8,license_plate_bahnschrift.ttf,BFUCAOZJ9Y5KPW0TSHL38D2NGMVRX7Q64IE1,11,3,1,0.425,11.313708,0.8067,0.853272,BFUCAOZI9YSKPWOTSHL38D2NGMVRX7Q44EI,0.166667,0.833333,point_previews/task000131_mu000256_rho050_n1.png
0.6,256,8,license_plate_bahnschrift.ttf,BFUCAOZJ9Y5KPW0TSHL38D2NGMVRX7Q64IE1,11,3,0,0.51,12.393547,0.770893,0.778927,BFUCAOZJ9YSKPWOTSHL38D2NGMVRX7GQ64IEI,0.111111,0.888889,point_previews/task000131_mu000256_rho060_n0.png
0.6,256,8,license_plate_bahnschrift.ttf,BFUCAOZJ9Y5KPW0TSHL38D2NGMVRX7Q64IE1,11,3,1,0.51,12.393547,0.770893,0.778927,BFUCAOZIJ9YSKPWOTSHL38D2NGMVRX7G44IE1,0.138889,0.861111,point_previews/task000131_mu000256_rho060_n1.png
0.7,256,8,license_plate_bahnschrift.ttf,BFUCAOZJ9Y5KPW0TSHL38D2NGMVRX7Q64IE1,11,3,0,0.595,13.38656,0.735998,0.721147,BFUCAOZJ9YSKPWOTSHL38D2NGMVRX7Q464EI,0.138889,0.861111,point_previews/task000131_mu000256_rho070_n0.png
0.7,256,8,license_plate_bahnschrift.ttf,BFUCAOZJ9Y5KPW0TSHL38D2NGMVRX7Q64IE1,11,3,1,0.595,13.38656,0.735998,0.721147,BFUCAOZI9YSKPWOTSHL38D2NGMVRX7Q64IE1,0.083333,0.916667,point_previews/task000131_mu000256_rho070_n1.png
0.8,256,8,license_plate_bahnschrift.ttf,BFUCAOZJ9Y5KPW0TSHL38D2NGMVRX7Q64IE1,11,3,0,0.68,14.310835,0.701998,0.674571,BFUCAOZIJ9YSKPWOTSHL38D2NGMVRX7Q44IE1,0.111111,0.888889,point_previews/task000131_mu000256_rho080_n0.png
0.8,256,8,license_plate_bahnschrift.ttf,BFUCAOZJ9Y5KPW0TSHL38D2NGMVRX7Q64IE1,11,3,1,0.68,14.310835,0.701998,0.674571,BFUCAOZJ9YSKPWOTSHL3S8D2NGMVRX7QG64E1,0.138889,0.861111,point_previews/task000131_mu000256_rho080_n1.png
0.9,256,8,license_plate_bahnschrift.ttf,BFUCAOZJ9Y5KPW0TSHL38D2NGMVRX7Q64IE1,11,3,0,0.765,15.178933,0.668877,0.635992,BFUCAOZIJ9YSKPWOTSHL38D2NGMVRX7Q64IEI,0.111111,0.888889,point_previews/task000131_mu000256_rho090_n0.png
0.9,256,8,license_plate_bahnschrift.ttf,BFUCAOZJ9Y5KPW0TSHL38D2NGMVRX7Q64IE1,11,3,1,0.765,15.178933,0.668877,0.635992,BFUCAOZJ9YSKPWOTSHL38D2NGMVRX7Q64IEI,0.083333,0.916667,point_previews/task000131_mu000256_rho090_n1.png
1.0,256,8,license_plate_bahnschrift.ttf,BFUCAOZJ9Y5KPW0TSHL38D2NGMVRX7Q64IE1,11,3,0,0.85,16.0,0.63662,0.603355,BFUCAOZJ9YSKPWOTSHL38D2NGMVRX7Q44IEI,0.111111,0.888889,point_previews/task000131_mu000256_rho100_n0.png
1.0,256,8,license_plate_bahnschrift.ttf,BFUCAOZJ9Y5KPW0TSHL38D2NGMVRX7Q64IE1,11,3,1,0.85,16.0,0.63662,0.603355,BFUCAOZJ9YSKPWOTSHL3802NGMVRX7Q64IE1,0.083333,0.916667,point_previews/task000131_mu000256_rho100_n1.png
0.1,1024,8,license_plate_bahnschrift.ttf,BFUCAOZJ9Y5KPW0TSHL38D2NGMVRX7Q64IE1,11,3,0,0.085,5.059644,0.959381,1.907975,BFUCAOZI9YSKPWOTSHL3SD2NGMVRX7Q441E1,0.166667,0.833333,point_previews/task000132_mu001024_rho010_n0.png
0.1,1024,8,license_plate_bahnschrift.ttf,BFUCAOZJ9Y5KPW0TSHL38D2NGMVRX7Q64IE1,11,3,1,0.085,5.059644,0.959381,1.907975,BFUCAOZI9YSKPWOTSHL3S8D2NGMVRX7Q441E1,0.166667,0.833333,point_previews/task000132_mu001024_rho010_n1.png
0.2,1024,8,license_plate_bahnschrift.ttf,BFUCAOZJ9Y5KPW0TSHL38D2NGMVRX7Q64IE1,11,3,0,0.17,7.155418,0.919759,1.349142,BFUCAOZI9YSKPWOTSHL38D2NGMVRX7Q44E1,0.138889,0.861111,point_previews/task000132_mu001024_rho020_n0.png
0.2,1024,8,license_plate_bahnschrift.ttf,BFUCAOZJ9Y5KPW0TSHL38D2NGMVRX7Q64IE1,11,3,1,0.17,7.155418,0.919759,1.349142,BFUCAOZI9YSKPWOTSHL38D2NGMVRX7Q441E1,0.138889,0.861111,point_previews/task000132_mu001024_rho020_n1.png
0.3,1024,8,license_plate_bahnschrift.ttf,BFUCAOZJ9Y5KPW0TSHL38D2NGMVRX7Q64IE1,11,3,0,0.255,8.763561,0.881116,1.10157,BFUCAOZJ9YSKPWOTSHL38D2NGMVRX7Q44IEI,0.111111,0.888889,point_previews/task000132_mu001024_rho030_n0.png
0.3,1024,8,license_plate_bahnschrift.ttf,BFUCAOZJ9Y5KPW0TSHL38D2NGMVRX7Q64IE1,11,3,1,0.255,8.763561,0.881116,1.10157,BFUCAOZJ9YSKPWOTSHL38D2NGMVRX7Q441E1,0.111111,0.888889,point_previews/task000132_mu001024_rho030_n1.png
0.4,1024,8,license_plate_bahnschrift.ttf,BFUCAOZJ9Y5KPW0TSHL38D2NGMVRX7Q64IE1,11,3,0,0.34,10.119289,0.843436,0.953987,BFUCAOZJI9YSKPWOTSHL38D2NGMVRX7Q64IE1,0.083333,0.916667,point_previews/task000132_mu001024_rho040_n0.png
0.4,1024,8,license_plate_bahnschrift.ttf,BFUCAOZJ9Y5KPW0TSHL38D2NGMVRX7Q64IE1,11,3,1,0.34,10.119289,0.843436,0.953987,BFUCAOZI9YSKPWOTSHL38D2NGMVRX7Q44IE1,0.111111,0.888889,point_previews/task000132_mu001024_rho040_n1.png
0.5,1024,8,license_plate_bahnschrift.ttf,BFUCAOZJ9Y5KPW0TSHL38D2NGMVRX7Q64IE1,11,3,0,0.425,11.313708,0.8067,0.853272,BFUCAOZJI9YSKPWOTSHL38D2NGMVRX7G64IE1,0.111111,0.888889,point_previews/task000132_mu001024_rho050_n0.png
0.5,1024,8,license_plate_bahnschrift.ttf,BFUCAOZJ9Y5KPW0TSHL38D2NGMVRX7Q64IE1,11,3,1,0.425,11.313708,0.8067,0.853272,BFUCAOZJ9YSKPWOTSHL38D2NGMVRX7GQ464IE1,0.111111,0.888889,point_previews/task000132_mu001024_rho050_n1.png
0.6,1024,8,license_plate_bahnschrift.ttf,BFUCAOZJ9Y5KPW0TSHL38D2NGMVRX7Q64IE1,11,3,0,0.51,12.393547,0.770893,0.778927,BFUCAOZJI9YSKPWOTSHL38D2NGMVRX7G44IE1,0.138889,0.861111,point_previews/task000132_mu001024_rho060_n0.png
0.6,1024,8,license_plate_bahnschrift.ttf,BFUCAOZJ9Y5KPW0TSHL38D2NGMVRX7Q64IE1,11,3,1,0.51,12.393547,0.770893,0.778927,BFUCAOZIJ9YSKPWOTSHL38D2NGMVRX7Q464IE1,0.111111,0.888889,point_previews/task000132_mu001024_rho060_n1.png
0.7,1024,8,license_plate_bahnschrift.ttf,BFUCAOZJ9Y5KPW0TSHL38D2NGMVRX7Q64IE1,11,3,0,0.595,13.38656,0.735998,0.721147,BFUCAOZJI9YSKPWOTSHL38D2NGMVRX7G64IE1,0.111111,0.888889,point_previews/task000132_mu001024_rho070_n0.png
0.7,1024,8,license_plate_bahnschrift.ttf,BFUCAOZJ9Y5KPW0TSHL38D2NGMVRX7Q64IE1,11,3,1,0.595,13.38656,0.735998,0.721147,BFUCAOZJ9YSKPWOTSHL38D2NGMVRX7GQ64IEI,0.111111,0.888889,point_previews/task000132_mu001024_rho070_n1.png
0.8,1024,8,license_plate_bahnschrift.ttf,BFUCAOZJ9Y5KPW0TSHL38D2NGMVRX7Q64IE1,11,3,0,0.68,14.310835,0.701998,0.674571,BFUCAOZJI9YSKPWOTSHL38D2NGMVRX7GQ64IE1,0.111111,0.888889,point_previews/task000132_mu001024_rho080_n0.png
0.8,1024,8,license_plate_bahnschrift.ttf,BFUCAOZJ9Y5KPW0TSHL38D2NGMVRX7Q64IE1,11,3,1,0.68,14.310835,0.701998,0.674571,BFUCAOZJ9YSKPWOTSHL38D2NGMVRX7G64IE1,0.083333,0.916667,point_previews/task000132_mu001024_rho080_n1.png
0.9,1024,8,license_plate_bahnschrift.ttf,BFUCAOZJ9Y5KPW0TSHL38D2NGMVRX7Q64IE1,11,3,0,0.765,15.178933,0.668877,0.635992,BFUCAOZJ9YSKPWOTSHL38D2NGMVRX7Q44IE1,0.083333,0.916667,point_previews/task000132_mu001024_rho090_n0.png
0.9,1024,8,license_plate_bahnschrift.ttf,BFUCAOZJ9Y5KPW0TSHL38D2NGMVRX7Q64IE1,11,3,1,0.765,15.178933,0.668877,0.635992,BFUCAOZJI9YSKPWOTSHL38D2NGMVRX7Q44IE1,0.111111,0.888889,point_previews/task000132_mu001024_rho090_n1.png
1.0,1024,8,license_plate_bahnschrift.ttf,BFUCAOZJ9Y5KPW0TSHL38D2NGMVRX7Q64IE1,11,3,0,0.85,16.0,0.63662,0.603355,BFUCAOZJ9YSKPWOTSHL38D2NGMVRX7G64IE1,0.083333,0.916667,point_previews/task000132_mu001024_rho100_n0.png
1.0,1024,8,license_plate_bahnschrift.ttf,BFUCAOZJ9Y5KPW0TSHL38D2NGMVRX7Q64IE1,11,3,1,0.85,16.0,0.63662,0.603355,BFUCAOZJ9YSKPWOTSHL38D2NGMVRX7Q44IE1,0.083333,0.916667,point_previews/task000132_mu001024_rho100_n1.png
0.1,4096,8,license_plate_bahnschrift.ttf,BFUCAOZJ9Y5KPW0TSHL38D2NGMVRX7Q64IE1,11,3,0,0.085,5.059644,0.959381,1.907975,BFUCAOZI9YSKPWOTSHL3SD2NGMYVRX7Q44IE1,0.166667,0.833333,point_previews/task000133_mu004096_rho010_n0.png
0.1,4096,8,license_plate_bahnschrift.ttf,BFUCAOZJ9Y5KPW0TSHL38D2NGMVRX7Q64IE1,11,3,1,0.085,5.059644,0.959381,1.907975,BFUCAO2ZI9YSKPWOTSHL38D2NGMYVRX7Q44IEI,0.194444,0.805556,point_previews/task000133_mu004096_rho010_n1.png
0.2,4096,8,license_plate_bahnschrift.ttf,BFUCAOZJ9Y5KPW0TSHL38D2NGMVRX7Q64IE1,11,3,0,0.17,7.155418,0.919759,1.349142,BFUCAOZI9YSKPWOTSHL38D2NGMVRX7Q44IE1,0.111111,0.888889,point_previews/task000133_mu004096_rho020_n0.png
0.2,4096,8,license_plate_bahnschrift.ttf,BFUCAOZJ9Y5KPW0TSHL38D2NGMVRX7Q64IE1,11,3,1,0.17,7.155418,0.919759,1.349142,BFUCAOZI9YSKPWOTSHL38D2NGMVRX7Q44IE1,0.111111,0.888889,point_previews/task000133_mu004096_rho020_n1.png
0.3,4096,8,license_plate_bahnschrift.ttf,BFUCAOZJ9Y5KPW0TSHL38D2NGMVRX7Q64IE1,11,3,0,0.255,8.763561,0.881116,1.10157,BFUCAOZJ9YSKPWOTSHL38D2NGMVRX7Q44IE1,0.083333,0.916667,point_previews/task000133_mu004096_rho030_n0.png
0.3,4096,8,license_plate_bahnschrift.ttf,BFUCAOZJ9Y5KPW0TSHL38D2NGMVRX7Q64IE1,11,3,1,0.255,8.763561,0.881116,1.10157,BFUCAOZJ9YSKPWOTSHL38D2NGMVRX7Q44IE1,0.083333,0.916667,point_previews/task000133_mu004096_rho030_n1.png
0.4,4096,8,license_plate_bahnschrift.ttf,BFUCAOZJ9Y5KPW0TSHL38D2NGMVRX7Q64IE1,11,3,0,0.34,10.119289,0.843436,0.953987,BFUCAOZJI9YSKPWOTSHL38D2NGMVRX7Q44E1,0.138889,0.861111,point_previews/task000133_mu004096_rho040_n0.png
0.4,4096,8,license_plate_bahnschrift.ttf,BFUCAOZJ9Y5KPW0TSHL38D2NGMVRX7Q64IE1,11,3,1,0.34,10.119289,0.843436,0.953987,BFUCAOZJ9YSKPWOTSHL38D2NGMVRX7Q44E1,0.111111,0.888889,point_previews/task000133_mu004096_rho040_n1.png
0.5,4096,8,license_plate_bahnschrift.ttf,BFUCAOZJ9Y5KPW0TSHL38D2NGMVRX7Q64IE1,11,3,0,0.425,11.313708,0.8067,0.853272,BFUCAOZJ9YSKPWOTSHL38D2NGMVRX7G64IE1,0.083333,0.916667,point_previews/task000133_mu004096_rho050_n0.png
0.5,4096,8,license_plate_bahnschrift.ttf,BFUCAOZJ9Y5KPW0TSHL38D2NGMVRX7Q64IE1,11,3,1,0.425,11.313708,0.8067,0.853272,BFUCAOZJ9YSKPWOTSHL38D2NGMVRX7Q64IEI,0.083333,0.916667,point_previews/task000133_mu004096_rho050_n1.png
0.6,4096,8,license_plate_bahnschrift.ttf,BFUCAOZJ9Y5KPW0TSHL38D2NGMVRX7Q64IE1,11,3,0,0.51,12.393547,0.770893,0.778927,BFUCAOZJ9YSKPWOTSHL38D2NGMVRX7GQ464IE1,0.111111,0.888889,point_previews/task000133_mu004096_rho060_n0.png
0.6,4096,8,license_plate_bahnschrift.ttf,BFUCAOZJ9Y5KPW0TSHL38D2NGMVRX7Q64IE1,11,3,1,0.51,12.393547,0.770893,0.778927,BFUCAOZJI9YSKPWOTSHL38D2NGMVRX7G44IE1,0.138889,0.861111,point_previews/task000133_mu004096_rho060_n1.png
0.7,4096,8,license_plate_bahnschrift.ttf,BFUCAOZJ9Y5KPW0TSHL38D2NGMVRX7Q64IE1,11,3,0,0.595,13.38656,0.735998,0.721147,BFUCAOZJ9YSKPWOTSHL38D2NGMVRX7G64IE1,0.083333,0.916667,point_previews/task000133_mu004096_rho070_n0.png
0.7,4096,8,license_plate_bahnschrift.ttf,BFUCAOZJ9Y5KPW0TSHL38D2NGMVRX7Q64IE1,11,3,1,0.595,13.38656,0.735998,0.721147,BFUCAOZJ9YSKPWOTSHL38D2NGMVRX7G64IE1,0.083333,0.916667,point_previews/task000133_mu004096_rho070_n1.png
0.8,4096,8,license_plate_bahnschrift.ttf,BFUCAOZJ9Y5KPW0TSHL38D2NGMVRX7Q64IE1,11,3,0,0.68,14.310835,0.701998,0.674571,BFUCAOZJ9YSKPWOTSHL38D2NGMVRX7G64IE1,0.083333,0.916667,point_previews/task000133_mu004096_rho080_n0.png
0.8,4096,8,license_plate_bahnschrift.ttf,BFUCAOZJ9Y5KPW0TSHL38D2NGMVRX7Q64IE1,11,3,1,0.68,14.310835,0.701998,0.674571,BFUCAOZJ9YSKPWOTSHL38D2NGMVRX7G64IE1,0.083333,0.916667,point_previews/task000133_mu004096_rho080_n1.png
0.9,4096,8,license_plate_bahnschrift.ttf,BFUCAOZJ9Y5KPW0TSHL38D2NGMVRX7Q64IE1,11,3,0,0.765,15.178933,0.668877,0.635992,BFUCAOZJ9YSKPWOTSHL38D2NGMVRX7G64IEI,0.111111,0.888889,point_previews/task000133_mu004096_rho090_n0.png
0.9,4096,8,license_plate_bahnschrift.ttf,BFUCAOZJ9Y5KPW0TSHL38D2NGMVRX7Q64IE1,11,3,1,0.765,15.178933,0.668877,0.635992,BFUCAOZJ9YSKPWOTSHL38D2NGMVRX7Q44IE1,0.083333,0.916667,point_previews/task000133_mu004096_rho090_n1.png
1.0,4096,8,license_plate_bahnschrift.ttf,BFUCAOZJ9Y5KPW0TSHL38D2NGMVRX7Q64IE1,11,3,0,0.85,16.0,0.63662,0.603355,BFUCAOZJ9YSKPWOTSHL38D2NGMVRX7GQ44IE1,0.111111,0.888889,point_previews/task000133_mu004096_rho100_n0.png
1.0,4096,8,license_plate_bahnschrift.ttf,BFUCAOZJ9Y5KPW0TSHL38D2NGMVRX7Q64IE1,11,3,1,0.85,16.0,0.63662,0.603355,BFUCAOZJ9YSKPWOTSHL38D2NGMVRX7G464IE1,0.111111,0.888889,point_previews/task000133_mu004096_rho100_n1.png
0.1,16384,8,license_plate_bahnschrift.ttf,BFUCAOZJ9Y5KPW0TSHL38D2NGMVRX7Q64IE1,11,3,0,0.085,5.059644,0.959381,1.907975,BFUCAOZI9YSKPWOTSHL38D2NGMVRX7Q441E1,0.138889,0.861111,point_previews/task000134_mu016384_rho010_n0.png
0.1,16384,8,license_plate_bahnschrift.ttf,BFUCAOZJ9Y5KPW0TSHL38D2NGMVRX7Q64IE1,11,3,1,0.085,5.059644,0.959381,1.907975,BFUCAOZI9YSKPWOTSHL38D2NGMYVRX7Q441E1,0.166667,0.833333,point_previews/task000134_mu016384_rho010_n1.png
0.2,16384,8,license_plate_bahnschrift.ttf,BFUCAOZJ9Y5KPW0TSHL38D2NGMVRX7Q64IE1,11,3,0,0.17,7.155418,0.919759,1.349142,BFUCAOZIJ9YSKPWOTSHL38D2NGMVRX7Q44IE1,0.111111,0.888889,point_previews/task000134_mu016384_rho020_n0.png
0.2,16384,8,license_plate_bahnschrift.ttf,BFUCAOZJ9Y5KPW0TSHL38D2NGMVRX7Q64IE1,11,3,1,0.17,7.155418,0.919759,1.349142,BFUCAOZIJ9YSKPWOTSHL38D2NGMVRX7Q44IE1,0.111111,0.888889,point_previews/task000134_mu016384_rho020_n1.png
0.3,16384,8,license_plate_bahnschrift.ttf,BFUCAOZJ9Y5KPW0TSHL38D2NGMVRX7Q64IE1,11,3,0,0.255,8.763561,0.881116,1.10157,BFUCAOZI9YSKPWOTSHL38D2NGMVRX7Q44IE1,0.111111,0.888889,point_previews/task000134_mu016384_rho030_n0.png
0.3,16384,8,license_plate_bahnschrift.ttf,BFUCAOZJ9Y5KPW0TSHL38D2NGMVRX7Q64IE1,11,3,1,0.255,8.763561,0.881116,1.10157,BFUCAOZIJ9YSKPWOTSHL38D2NGMVRX7Q44IE1,0.111111,0.888889,point_previews/task000134_mu016384_rho030_n1.png
0.4,16384,8,license_plate_bahnschrift.ttf,BFUCAOZJ9Y5KPW0TSHL38D2NGMVRX7Q64IE1,11,3,0,0.34,10.119289,0.843436,0.953987,BFUCAOZJ9YSKPWOTSHL38D2NGMVRX7Q44E1,0.111111,0.888889,point_previews/task000134_mu016384_rho040_n0.png
0.4,16384,8,license_plate_bahnschrift.ttf,BFUCAOZJ9Y5KPW0TSHL38D2NGMVRX7Q64IE1,11,3,1,0.34,10.119289,0.843436,0.953987,BFUCAOZJ9YSKPWOTSHL38D2NGMVRX7Q44E1,0.111111,0.888889,point_previews/task000134_mu016384_rho040_n1.png
0.5,16384,8,license_plate_bahnschrift.ttf,BFUCAOZJ9Y5KPW0TSHL38D2NGMVRX7Q64IE1,11,3,0,0.425,11.313708,0.8067,0.853272,BFUCAOZJ9YSKPWOTSHL38D2NGMVRX7Q64IEI,0.083333,0.916667,point_previews/task000134_mu016384_rho050_n0.png
0.5,16384,8,license_plate_bahnschrift.ttf,BFUCAOZJ9Y5KPW0TSHL38D2NGMVRX7Q64IE1,11,3,1,0.425,11.313708,0.8067,0.853272,BFUCAOZJ9YSKPWOTSHL38D2NGMVRX7Q64IEI,0.083333,0.916667,point_previews/task000134_mu016384_rho050_n1.png
0.6,16384,8,license_plate_bahnschrift.ttf,BFUCAOZJ9Y5KPW0TSHL38D2NGMVRX7Q64IE1,11,3,0,0.51,12.393547,0.770893,0.778927,BFUCAOZJ9YSKPWOTSHL38D2NGMVRX7G464IE1,0.111111,0.888889,point_previews/task000134_mu016384_rho060_n0.png
0.6,16384,8,license_plate_bahnschrift.ttf,BFUCAOZJ9Y5KPW0TSHL38D2NGMVRX7Q64IE1,11,3,1,0.51,12.393547,0.770893,0.778927,BFUCAOZJ9YSKPWOTSHL38D2NGMVRX7Q64IE1,0.055556,0.944444,point_previews/task000134_mu016384_rho060_n1.png
0.7,16384,8,license_plate_bahnschrift.ttf,BFUCAOZJ9Y5KPW0TSHL38D2NGMVRX7Q64IE1,11,3,0,0.595,13.38656,0.735998,0.721147,BFUCAOZJ9YSKPWOTSHL38D2NGMVRX7G64IE1,0.083333,0.916667,point_previews/task000134_mu016384_rho070_n0.png
0.7,16384,8,license_plate_bahnschrift.ttf,BFUCAOZJ9Y5KPW0TSHL38D2NGMVRX7Q64IE1,11,3,1,0.595,13.38656,0.735998,0.721147,BFUCAOZJ9YSKPWOTSHL38D2NGMVRX7G64IE1,0.083333,0.916667,point_previews/task000134_mu016384_rho070_n1.png
0.8,16384,8,license_plate_bahnschrift.ttf,BFUCAOZJ9Y5KPW0TSHL38D2NGMVRX7Q64IE1,11,3,0,0.68,14.310835,0.701998,0.674571,BFUCAOZJ9YSKPWOTSHL38D2NGMVRX7GQ64IE1,0.083333,0.916667,point_previews/task000134_mu016384_rho080_n0.png
0.8,16384,8,license_plate_bahnschrift.ttf,BFUCAOZJ9Y5KPW0TSHL38D2NGMVRX7Q64IE1,11,3,1,0.68,14.310835,0.701998,0.674571,BFUCAOZJ9YSKPWOTSHL38D2NGMVRX7GQ64IE1,0.083333,0.916667,point_previews/task000134_mu016384_rho080_n1.png
0.9,16384,8,license_plate_bahnschrift.ttf,BFUCAOZJ9Y5KPW0TSHL38D2NGMVRX7Q64IE1,11,3,0,0.765,15.178933,0.668877,0.635992,BFUCAOZJ9YSKPWOTSHL38D2NGMVRX7G64IE1,0.083333,0.916667,point_previews/task000134_mu016384_rho090_n0.png
0.9,16384,8,license_plate_bahnschrift.ttf,BFUCAOZJ9Y5KPW0TSHL38D2NGMVRX7Q64IE1,11,3,1,0.765,15.178933,0.668877,0.635992,BFUCAOZJ9YSKPWOTSHL38D2NGMVRX7G64IE1,0.083333,0.916667,point_previews/task000134_mu016384_rho090_n1.png
1.0,16384,8,license_plate_bahnschrift.ttf,BFUCAOZJ9Y5KPW0TSHL38D2NGMVRX7Q64IE1,11,3,0,0.85,16.0,0.63662,0.603355,BFUCAOZJ9YSKPWOTSHL38D2NGMVRX7Q44IE1,0.083333,0.916667,point_previews/task000134_mu016384_rho100_n0.png
1.0,16384,8,license_plate_bahnschrift.ttf,BFUCAOZJ9Y5KPW0TSHL38D2NGMVRX7Q64IE1,11,3,1,0.85,16.0,0.63662,0.603355,BFUCAOZJ9YSKPWOTSHL38D2NGMVRX7G44IEI1,0.138889,0.861111,point_previews/task000134_mu016384_rho100_n1.png
0.1,65536,8,license_plate_bahnschrift.ttf,BFUCAOZJ9Y5KPW0TSHL38D2NGMVRX7Q64IE1,11,3,0,0.085,5.059644,0.959381,1.907975,BFUCAOZI9YSKPWOTSHL38D2NGMVRX7Q441E1,0.138889,0.861111,point_previews/task000135_mu065536_rho010_n0.png
0.1,65536,8,license_plate_bahnschrift.ttf,BFUCAOZJ9Y5KPW0TSHL38D2NGMVRX7Q64IE1,11,3,1,0.085,5.059644,0.959381,1.907975,BFUCAOZI9YSKPWOTSHL38D2NGMYVRX7Q441E1,0.166667,0.833333,point_previews/task000135_mu065536_rho010_n1.png
0.2,65536,8,license_plate_bahnschrift.ttf,BFUCAOZJ9Y5KPW0TSHL38D2NGMVRX7Q64IE1,11,3,0,0.17,7.155418,0.919759,1.349142,BFUCAOZJ9YSKPWOTSHL38D2NGMVRX7Q44IE1,0.083333,0.916667,point_previews/task000135_mu065536_rho020_n0.png
0.2,65536,8,license_plate_bahnschrift.ttf,BFUCAOZJ9Y5KPW0TSHL38D2NGMVRX7Q64IE1,11,3,1,0.17,7.155418,0.919759,1.349142,BFUCAOZIJ9YSKPWOTSHL38D2NGMVRX7Q44IE1,0.111111,0.888889,point_previews/task000135_mu065536_rho020_n1.png
0.3,65536,8,license_plate_bahnschrift.ttf,BFUCAOZJ9Y5KPW0TSHL38D2NGMVRX7Q64IE1,11,3,0,0.255,8.763561,0.881116,1.10157,BFUCAOZJ9YSKPWOTSHL38D2NGMVRX7Q44E1,0.111111,0.888889,point_previews/task000135_mu065536_rho030_n0.png
0.3,65536,8,license_plate_bahnschrift.ttf,BFUCAOZJ9Y5KPW0TSHL38D2NGMVRX7Q64IE1,11,3,1,0.255,8.763561,0.881116,1.10157,BFUCAOZJ9YSKPWOTSHL38D2NGMVRX7Q44IE1,0.083333,0.916667,point_previews/task000135_mu065536_rho030_n1.png
0.4,65536,8,license_plate_bahnschrift.ttf,BFUCAOZJ9Y5KPW0TSHL38D2NGMVRX7Q64IE1,11,3,0,0.34,10.119289,0.843436,0.953987,BFUCAOZJ9YSKPWOTSHL38D2NGMVRX7Q44EI,0.138889,0.861111,point_previews/task000135_mu065536_rho040_n0.png
0.4,65536,8,license_plate_bahnschrift.ttf,BFUCAOZJ9Y5KPW0TSHL38D2NGMVRX7Q64IE1,11,3,1,0.34,10.119289,0.843436,0.953987,BFUCAOZJ9YSKPWOTSHL38D2NGMVRX7Q44E1,0.111111,0.888889,point_previews/task000135_mu065536_rho040_n1.png
0.5,65536,8,license_plate_bahnschrift.ttf,BFUCAOZJ9Y5KPW0TSHL38D2NGMVRX7Q64IE1,11,3,0,0.425,11.313708,0.8067,0.853272,BFUCAOZJ9YSKPWOTSHL38D2NGMVRX7Q64IEI,0.083333,0.916667,point_previews/task000135_mu065536_rho050_n0.png
0.5,65536,8,license_plate_bahnschrift.ttf,BFUCAOZJ9Y5KPW0TSHL38D2NGMVRX7Q64IE1,11,3,1,0.425,11.313708,0.8067,0.853272,BFUCAOZJ9YSKPWOTSHL38D2NGMVRX7G64IE1,0.083333,0.916667,point_previews/task000135_mu065536_rho050_n1.png
0.6,65536,8,license_plate_bahnschrift.ttf,BFUCAOZJ9Y5KPW0TSHL38D2NGMVRX7Q64IE1,11,3,0,0.51,12.393547,0.770893,0.778927,BFUCAOZJ9YSKPWOTSHL38D2NGMVRX7G44IE1,0.111111,0.888889,point_previews/task000135_mu065536_rho060_n0.png
0.6,65536,8,license_plate_bahnschrift.ttf,BFUCAOZJ9Y5KPW0TSHL38D2NGMVRX7Q64IE1,11,3,1,0.51,12.393547,0.770893,0.778927,BFUCAOZJ9YSKPWOTSHL38D2NGMVRX7GQ44IE1,0.111111,0.888889,point_previews/task000135_mu065536_rho060_n1.png
0.7,65536,8,license_plate_bahnschrift.ttf,BFUCAOZJ9Y5KPW0TSHL38D2NGMVRX7Q64IE1,11,3,0,0.595,13.38656,0.735998,0.721147,BFUCAOZJ9YSKPWOTSHL38D2NGMVRX7G64IE1,0.083333,0.916667,point_previews/task000135_mu065536_rho070_n0.png
0.7,65536,8,license_plate_bahnschrift.ttf,BFUCAOZJ9Y5KPW0TSHL38D2NGMVRX7Q64IE1,11,3,1,0.595,13.38656,0.735998,0.721147,BFUCAOZJ9YSKPWOTSHL38D2NGMVRX7G64IE1,0.083333,0.916667,point_previews/task000135_mu065536_rho070_n1.png
0.8,65536,8,license_plate_bahnschrift.ttf,BFUCAOZJ9Y5KPW0TSHL38D2NGMVRX7Q64IE1,11,3,0,0.68,14.310835,0.701998,0.674571,BFUCAOZJ9YSKPWOTSHL38D2NGMVRX7G64IE1,0.083333,0.916667,point_previews/task000135_mu065536_rho080_n0.png
0.8,65536,8,license_plate_bahnschrift.ttf,BFUCAOZJ9Y5KPW0TSHL38D2NGMVRX7Q64IE1,11,3,1,0.68,14.310835,0.701998,0.674571,BFUCAOZJ9YSKPWOTSHL38D2NGMVRX7G64IE1,0.083333,0.916667,point_previews/task000135_mu065536_rho080_n1.png
0.9,65536,8,license_plate_bahnschrift.ttf,BFUCAOZJ9Y5KPW0TSHL38D2NGMVRX7Q64IE1,11,3,0,0.765,15.178933,0.668877,0.635992,BFUCAOZJ9YSKPWOTSHL38D2NGMVRX7G64IE1,0.083333,0.916667,point_previews/task000135_mu065536_rho090_n0.png
0.9,65536,8,license_plate_bahnschrift.ttf,BFUCAOZJ9Y5KPW0TSHL38D2NGMVRX7Q64IE1,11,3,1,0.765,15.178933,0.668877,0.635992,BFUCAOZJ9YSKPWOTSHL38D2NGMVRX7Q64IE1,0.055556,0.944444,point_previews/task000135_mu065536_rho090_n1.png
1.0,65536,8,license_plate_bahnschrift.ttf,BFUCAOZJ9Y5KPW0TSHL38D2NGMVRX7Q64IE1,11,3,0,0.85,16.0,0.63662,0.603355,BFUCAOZJ9YSKPWOTSHL38D2NGMVRX7GQ44IE1,0.111111,0.888889,point_previews/task000135_mu065536_rho100_n0.png
1.0,65536,8,license_plate_bahnschrift.ttf,BFUCAOZJ9Y5KPW0TSHL38D2NGMVRX7Q64IE1,11,3,1,0.85,16.0,0.63662,0.603355,BFUCAOZJ9YSKPWOTSHL38D2NGMVRX7GQ44IE1,0.111111,0.888889,point_previews/task000135_mu065536_rho100_n1.png
0.1,4,8,license_plate_bahnschrift.ttf,BFUCAOZJ9Y5KPW0TSHL38D2NGMVRX7Q64IE1,11,7,0,0.085,5.059644,0.959381,1.907975,SSSPMSENMPVTET,0.861111,0.138889,point_previews/task000136_mu000004_rho010_n0.png
0.1,4,8,license_plate_bahnschrift.ttf,BFUCAOZJ9Y5KPW0TSHL38D2NGMVRX7Q64IE1,11,7,1,0.085,5.059644,0.959381,1.907975,BEENVENTAOONRRHRUESESCATRC,0.916667,0.083333,point_previews/task000136_mu000004_rho010_n1.png
0.2,4,8,license_plate_bahnschrift.ttf,BFUCAOZJ9Y5KPW0TSHL38D2NGMVRX7Q64IE1,11,7,0,0.17,7.155418,0.919759,1.349142,RASARER,0.888889,0.111111,point_previews/task000136_mu000004_rho020_n0.png
0.2,4,8,license_plate_bahnschrift.ttf,BFUCAOZJ9Y5KPW0TSHL38D2NGMVRX7Q64IE1,11,7,1,0.17,7.155418,0.919759,1.349142,ESUROECPMEAHETSRTAASEAEREL,0.833333,0.166667,point_previews/task000136_mu000004_rho020_n1.png
0.3,4,8,license_plate_bahnschrift.ttf,BFUCAOZJ9Y5KPW0TSHL38D2NGMVRX7Q64IE1,11,7,0,0.255,8.763561,0.881116,1.10157,CSHRHAESIIUETPN,0.916667,0.083333,point_previews/task000136_mu000004_rho030_n0.png
0.3,4,8,license_plate_bahnschrift.ttf,BFUCAOZJ9Y5KPW0TSHL38D2NGMVRX7Q64IE1,11,7,1,0.255,8.763561,0.881116,1.10157,TBRRRRESROREECERRIRA,0.916667,0.083333,point_previews/task000136_mu000004_rho030_n1.png
0.4,4,8,license_plate_bahnschrift.ttf,BFUCAOZJ9Y5KPW0TSHL38D2NGMVRX7Q64IE1,11,7,0,0.34,10.119289,0.843436,0.953987,,1.0,0.0,point_previews/task000136_mu000004_rho040_n0.png
0.4,4,8,license_plate_bahnschrift.ttf,BFUCAOZJ9Y5KPW0TSHL38D2NGMVRX7Q64IE1,11,7,1,0.34,10.119289,0.843436,0.953987,,1.0,0.0,point_previews/task000136_mu000004_rho040_n1.png
0.5,4,8,license_plate_bahnschrift.ttf,BFUCAOZJ9Y5KPW0TSHL38D2NGMVRX7Q64IE1,11,7,0,0.425,11.313708,0.8067,0.853272,,1.0,0.0,point_previews/task000136_mu000004_rho050_n0.png
0.5,4,8,license_plate_bahnschrift.ttf,BFUCAOZJ9Y5KPW0TSHL38D2NGMVRX7Q64IE1,11,7,1,0.425,11.313708,0.8067,0.853272,SAALWADLSASRT,0.888889,0.111111,point_previews/task000136_mu000004_rho050_n1.png
0.6,4,8,license_plate_bahnschrift.ttf,BFUCAOZJ9Y5KPW0TSHL38D2NGMVRX7Q64IE1,11,7,0,0.51,12.393547,0.770893,0.778927,,1.0,0.0,point_previews/task000136_mu000004_rho060_n0.png
0.6,4,8,license_plate_bahnschrift.ttf,BFUCAOZJ9Y5KPW0TSHL38D2NGMVRX7Q64IE1,11,7,1,0.51,12.393547,0.770893,0.778927,PAGASRUEEES8C,0.916667,0.083333,point_previews/task000136_mu000004_rho060_n1.png
0.7,4,8,license_plate_bahnschrift.ttf,BFUCAOZJ9Y5KPW0TSHL38D2NGMVRX7Q64IE1,11,7,0,0.595,13.38656,0.735998,0.721147,IMETORRLESAINASERSRAUNNTU,0.888889,0.111111,point_previews/task000136_mu000004_rho070_n0.png
0.7,4,8,license_plate_bahnschrift.ttf,BFUCAOZJ9Y5KPW0TSHL38D2NGMVRX7Q64IE1,11,7,1,0.595,13.38656,0.735998,0.721147,2OETGNHAUESSRGNGNEPCHHE,0.861111,0.138889,point_previews/task000136_mu000004_rho070_n1.png
0.8,4,8,license_plate_bahnschrift.ttf,BFUCAOZJ9Y5KPW0TSHL38D2NGMVRX7Q64IE1,11,7,0,0.68,14.310835,0.701998,0.674571,BECNSGRRRTEGELOLSOMMEH,0.861111,0.138889,point_previews/task000136_mu000004_rho080_n0.png
0.8,4,8,license_plate_bahnschrift.ttf,BFUCAOZJ9Y5KPW0TSHL38D2NGMVRX7Q64IE1,11,7,1,0.68,14.310835,0.701998,0.674571,,1.0,0.0,point_previews/task000136_mu000004_rho080_n1.png
0.9,4,8,license_plate_bahnschrift.ttf,BFUCAOZJ9Y5KPW0TSHL38D2NGMVRX7Q64IE1,11,7,0,0.765,15.178933,0.668877,0.635992,SDEINSPPRROISRSCORRNAI,0.916667,0.083333,point_previews/task000136_mu000004_rho090_n0.png
0.9,4,8,license_plate_bahnschrift.ttf,BFUCAOZJ9Y5KPW0TSHL38D2NGMVRX7Q64IE1,11,7,1,0.765,15.178933,0.668877,0.635992,RSSUELDERSTE,0.888889,0.111111,point_previews/task000136_mu000004_rho090_n1.png
1.0,4,8,license_plate_bahnschrift.ttf,BFUCAOZJ9Y5KPW0TSHL38D2NGMVRX7Q64IE1,11,7,0,0.85,16.0,0.63662,0.603355,ADCRASRROUAYOSENRMLR,0.861111,0.138889,point_previews/task000136_mu000004_rho100_n0.png
1.0,4,8,license_plate_bahnschrift.ttf,BFUCAOZJ9Y5KPW0TSHL38D2NGMVRX7Q64IE1,11,7,1,0.85,16.0,0.63662,0.603355,ATEAZPUUSKIOTOARRRAERGP,0.861111,0.138889,point_previews/task000136_mu000004_rho100_n1.png
0.1,16,8,license_plate_bahnschrift.ttf,BFUCAOZJ9Y5KPW0TSHL38D2NGMVRX7Q64IE1,11,7,0,0.085,5.059644,0.959381,1.907975,SACSSTATTESNYLSEORNDNESF,0.888889,0.111111,point_previews/task000137_mu000016_rho010_n0.png
0.1,16,8,license_plate_bahnschrift.ttf,BFUCAOZJ9Y5KPW0TSHL38D2NGMVRX7Q64IE1,11,7,1,0.085,5.059644,0.959381,1.907975,,1.0,0.0,point_previews/task000137_mu000016_rho010_n1.png
0.2,16,8,license_plate_bahnschrift.ttf,BFUCAOZJ9Y5KPW0TSHL38D2NGMVRX7Q64IE1,11,7,0,0.17,7.155418,0.919759,1.349142,PEPRUCERASEOTLOTF,0.944444,0.055556,point_previews/task000137_mu000016_rho020_n0.png
0.2,16,8,license_plate_bahnschrift.ttf,BFUCAOZJ9Y5KPW0TSHL38D2NGMVRX7Q64IE1,11,7,1,0.17,7.155418,0.919759,1.349142,PESERRERE49V5S3RCENAT,0.916667,0.083333,point_previews/task000137_mu000016_rho020_n1.png
0.3,16,8,license_plate_bahnschrift.ttf,BFUCAOZJ9Y5KPW0TSHL38D2NGMVRX7Q64IE1,11,7,0,0.255,8.763561,0.881116,1.10157,BRDCADEISTIROWGSEESSUOIAYHATOSTET,0.833333,0.166667,point_previews/task000137_mu000016_rho030_n0.png
0.3,16,8,license_plate_bahnschrift.ttf,BFUCAOZJ9Y5KPW0TSHL38D2NGMVRX7Q64IE1,11,7,1,0.255,8.763561,0.881116,1.10157,FEREEIYERENSIRNGR,0.833333,0.166667,point_previews/task000137_mu000016_rho030_n1.png
0.4,16,8,license_plate_bahnschrift.ttf,BFUCAOZJ9Y5KPW0TSHL38D2NGMVRX7Q64IE1,11,7,0,0.34,10.119289,0.843436,0.953987,,1.0,0.0,point_previews/task000137_mu000016_rho040_n0.png
0.4,16,8,license_plate_bahnschrift.ttf,BFUCAOZJ9Y5KPW0TSHL38D2NGMVRX7Q64IE1,11,7,1,0.34,10.119289,0.843436,0.953987,,1.0,0.0,point_previews/task000137_mu000016_rho040_n1.png
0.5,16,8,license_plate_bahnschrift.ttf,BFUCAOZJ9Y5KPW0TSHL38D2NGMVRX7Q64IE1,11,7,0,0.425,11.313708,0.8067,0.853272,PRUCAOLISYEKPWOTSHESSOANSHURSRGAIEL,0.583333,0.416667,point_previews/task000137_mu000016_rho050_n0.png
0.5,16,8,license_plate_bahnschrift.ttf,BFUCAOZJ9Y5KPW0TSHL38D2NGMVRX7Q64IE1,11,7,1,0.425,11.313708,0.8067,0.853272,BEUCASAICTSKRWOTSH2SEDINIGMVEIAAED,0.611111,0.388889,point_previews/task000137_mu000016_rho050_n1.png
0.6,16,8,license_plate_bahnschrift.ttf,BFUCAOZJ9Y5KPW0TSHL38D2NGMVRX7Q64IE1,11,7,0,0.51,12.393547,0.770893,0.778927,,1.0,0.0,point_previews/task000137_mu000016_rho060_n0.png
0.6,16,8,license_plate_bahnschrift.ttf,BFUCAOZJ9Y5KPW0TSHL38D2NGMVRX7Q64IE1,11,7,1,0.51,12.393547,0.770893,0.778927,,1.0,0.0,point_previews/task000137_mu000016_rho060_n1.png
0.7,16,8,license_plate_bahnschrift.ttf,BFUCAOZJ9Y5KPW0TSHL38D2NGMVRX7Q64IE1,11,7,0,0.595,13.38656,0.735998,0.721147,,1.0,0.0,point_previews/task000137_mu000016_rho070_n0.png
0.7,16,8,license_plate_bahnschrift.ttf,BFUCAOZJ9Y5KPW0TSHL38D2NGMVRX7Q64IE1,11,7,1,0.595,13.38656,0.735998,0.721147,BEUCAOZIIYSKPWOTSRES385ANDMYRYTGIEF,0.5,0.5,point_previews/task000137_mu000016_rho070_n1.png
0.8,16,8,license_plate_bahnschrift.ttf,BFUCAOZJ9Y5KPW0TSHL38D2NGMVRX7Q64IE1,11,7,0,0.68,14.310835,0.701998,0.674571,BRUSAOZISTSKPWOTSHSADINGMRY7O6GIET,0.444444,0.555556,point_previews/task000137_mu000016_rho080_n0.png
0.8,16,8,license_plate_bahnschrift.ttf,BFUCAOZJ9Y5KPW0TSHL38D2NGMVRX7Q64IE1,11,7,1,0.68,14.310835,0.701998,0.674571,BFUCASZIOVEKEWEISHESE02NGHUVREIGSSIEE,0.555556,0.444444,point_previews/task000137_mu000016_rho080_n1.png
0.9,16,8,license_plate_bahnschrift.ttf,BFUCAOZJ9Y5KPW0TSHL38D2NGMVRX7Q64IE1,11,7,0,0.765,15.178933,0.668877,0.635992,BRUCAOZIOVEKPYSTSHESADANGMYRKTOSGIET,0.5,0.5,point_previews/task000137_mu000016_rho090_n0.png
0.9,16,8,license_plate_bahnschrift.ttf,BFUCAOZJ9Y5KPW0TSHL38D2NGMVRX7Q64IE1,11,7,1,0.765,15.178933,0.668877,0.635992,TBEUCAQZUSYEKPWSISHESSO2NGMYRETOSHET,0.555556,0.444444,point_previews/task000137_mu000016_rho090_n1.png
1.0,16,8,license_plate_bahnschrift.ttf,BFUCAOZJ9Y5KPW0TSHL38D2NGMVRX7Q64IE1,11,7,0,0.85,16.0,0.63662,0.603355,,1.0,0.0,point_previews/task000137_mu000016_rho100_n0.png
1.0,16,8,license_plate_bahnschrift.ttf,BFUCAOZJ9Y5KPW0TSHL38D2NGMVRX7Q64IE1,11,7,1,0.85,16.0,0.63662,0.603355,BFUCADZVSKPWOTSHEABDZNGMYURXTOSMET,0.5,0.5,point_previews/task000137_mu000016_rho100_n1.png
0.1,64,8,license_plate_bahnschrift.ttf,BFUCAOZJ9Y5KPW0TSHL38D2NGMVRX7Q64IE1,11,7,0,0.085,5.059644,0.959381,1.907975,BEUCHOZIOVSRPAUOTSAESETUNGMYFOATER,0.694444,0.305556,point_previews/task000138_mu000064_rho010_n0.png
0.1,64,8,license_plate_bahnschrift.ttf,BFUCAOZJ9Y5KPW0TSHL38D2NGMVRX7Q64IE1,11,7,1,0.085,5.059644,0.959381,1.907975,SBEUOKOASERRWOTSHESEDZNGMYRETOMET,0.666667,0.333333,point_previews/task000138_mu000064_rho010_n1.png
0.2,64,8,license_plate_bahnschrift.ttf,BFUCAOZJ9Y5KPW0TSHL38D2NGMVRX7Q64IE1,11,7,0,0.17,7.155418,0.919759,1.349142,BEUGAOZIFV5KPWIOTSHESBDZNGMVRKTQSSIET,0.444444,0.555556,point_previews/task000138_mu000064_rho020_n0.png
0.2,64,8,license_plate_bahnschrift.ttf,BFUCAOZJ9Y5KPW0TSHL38D2NGMVRX7Q64IE1,11,7,1,0.17,7.155418,0.919759,1.349142,BRUCAOZIFVSKPWETSHLSB02NGHYRKTOSSET,0.5,0.5,point_previews/task000138_mu000064_rho020_n1.png
0.3,64,8,license_plate_bahnschrift.ttf,BFUCAOZJ9Y5KPW0TSHL38D2NGMVRX7Q64IE1,11,7,0,0.255,8.763561,0.881116,1.10157,BEUCAOZI9YSKPWOTSHUSSD2NGMVRXTO4SIET,0.333333,0.666667,point_previews/task000138_mu000064_rho030_n0.png
0.3,64,8,license_plate_bahnschrift.ttf,BFUCAOZJ9Y5KPW0TSHL38D2NGMVRX7Q64IE1,11,7,1,0.255,8.763561,0.881116,1.10157,BFUCAOZIOYSKPWOTSHLSSD2NGMVRX7Q48IET,0.25,0.75,point_previews/task000138_mu000064_rho030_n1.png
0.4,64,8,license_plate_bahnschrift.ttf,BFUCAOZJ9Y5KPW0TSHL38D2NGMVRX7Q64IE1,11,7,0,0.34,10.119289,0.843436,0.953987,BEUCAOZISYSKPWOTSHE3802NGMVRXTO44IEF,0.305556,0.694444,point_previews/task000138_mu000064_rho040_n0.png
0.4,64,8,license_plate_bahnschrift.ttf,BFUCAOZJ9Y5KPW0TSHL38D2NGMVRX7Q64IE1,11,7,1,0.34,10.119289,0.843436,0.953987,BFUCAOZSYSKPWOTSHLS8D2NGMVRETOSAIET,0.305556,0.694444,point_previews/task000138_mu000064_rho040_n1.png
0.5,64,8,license_plate_bahnschrift.ttf,BFUCAOZJ9Y5KPW0TSHL38D2NGMVRX7Q64IE1,11,7,0,0.425,11.313708,0.8067,0.853272,BEUCAOZIOYSKPWOTSHL38D2NGMVRX7Q44IET,0.194444,0.805556,point_previews/task000138_mu000064_rho050_n0.png
0.5,64,8,license_plate_bahnschrift.ttf,BFUCAOZJ9Y5KPW0TSHL38D2NGMVRX7Q64IE1,11,7,1,0.425,11.313708,0.8067,0.853272,BFUCAOZISYEKPWOTSHLS8D2NGMVRXTOSSIET,0.277778,0.722222,point_previews/task000138_mu000064_rho050_n1.png
0.6,64,8,license_plate_bahnschrift.ttf,BFUCAOZJ9Y5KPW0TSHL38D2NGMVRX7Q64IE1,11,7,0,0.51,12.393547,0.770893,0.778927,BFUCAOZI9YSKPWOTSHL38D2NGMVRXTO64IE1,0.138889,0.861111,point_previews/task000138_mu000064_rho060_n0.png
0.6,64,8,license_plate_bahnschrift.ttf,BFUCAOZJ9Y5KPW0TSHL38D2NGMVRX7Q64IE1,11,7,1,0.51,12.393547,0.770893,0.778927,BFUCAOZISYSKPWOTSHL38D2NGMVRXTQSSIET,0.222222,0.777778,point_previews/task000138_mu000064_rho060_n1.png
0.7,64,8,license_plate_bahnschrift.ttf,BFUCAOZJ9Y5KPW0TSHL38D2NGMVRX7Q64IE1,11,7,0,0.595,13.38656,0.735998,0.721147,BFUCAOZI9YSKPWOTSHLS8D2NGMVRXTOS4IET,0.222222,0.777778,point_previews/task000138_mu000064_rho070_n0.png
0.7,64,8,license_plate_bahnschrift.ttf,BFUCAOZJ9Y5KPW0TSHL38D2NGMVRX7Q64IE1,11,7,1,0.595,13.38656,0.735998,0.721147,BFUCAOZI9YSKPWOTSHL3802NGMVRX7QS4IE1,0.138889,0.861111,point_previews/task000138_mu000064_rho070_n1.png
0.8,64,8,license_plate_bahnschrift.ttf,BFUCAOZJ9Y5KPW0TSHL38D2NGMVRX7Q64IE1,11,7,0,0.68,14.310835,0.701998,0.674571,BFUCAOZJOYESKPWOTSHL38D2NGMVRX7Q64EI,0.166667,0.833333,point_previews/task000138_mu000064_rho080_n0.png
0.8,64,8,license_plate_bahnschrift.ttf,BFUCAOZJ9Y5KPW0TSHL38D2NGMVRX7Q64IE1,11,7,1,0.68,14.310835,0.701998,0.674571,BFUCAOZJ9YSKPWOTSHL38D2NGMVRX7Q641E1,0.083333,0.916667,point_previews/task000138_mu000064_rho080_n1.png
0.9,64,8,license_plate_bahnschrift.ttf,BFUCAOZJ9Y5KPW0TSHL38D2NGMVRX7Q64IE1,11,7,0,0.765,15.178933,0.668877,0.635992,BFUCAOZJ9SYSKPWOTSHL38D2NGMVRX7Q441E1,0.138889,0.861111,point_previews/task000138_mu000064_rho090_n0.png
0.9,64,8,license_plate_bahnschrift.ttf,BFUCAOZJ9Y5KPW0TSHL38D2NGMVRX7Q64IE1,11,7,1,0.765,15.178933,0.668877,0.635992,BFUCAOZJ9YSKPWOTSHL3802NGMVRX7O64IE1,0.111111,0.888889,point_previews/task000138_mu000064_rho090_n1.png
1.0,64,8,license_plate_bahnschrift.ttf,BFUCAOZJ9Y5KPW0TSHL38D2NGMVRX7Q64IE1,11,7,0,0.85,16.0,0.63662,0.603355,BFUCAOZJ9YSKPWOTSHL3802NGMVRX7Q641E1,0.111111,0.888889,point_previews/task000138_mu000064_rho100_n0.png
1.0,64,8,license_plate_bahnschrift.ttf,BFUCAOZJ9Y5KPW0TSHL38D2NGMVRX7Q64IE1,11,7,1,0.85,16.0,0.63662,0.603355,BFUCAOZJ9YSKPWOTSHL38D2NGMVRX7Q641E1,0.083333,0.916667,point_previews/task000138_mu000064_rho100_n1.png
0.1,256,8,license_plate_bahnschrift.ttf,BFUCAOZJ9Y5KPW0TSHL38D2NGMVRX7Q64IE1,11,7,0,0.085,5.059644,0.959381,1.907975,BRUCAOZI9YSKPWOTSHL38D2NGMVRK7Q64E,0.194444,0.805556,point_previews/task000139_mu000256_rho010_n0.png
0.1,256,8,license_plate_bahnschrift.ttf,BFUCAOZJ9Y5KPW0TSHL38D2NGMVRX7Q64IE1,11,7,1,0.085,5.059644,0.959381,1.907975,BFUCAOZI9YSKPWOTSHLS8D2NGMVRXTOSAIEL,0.25,0.75,point_previews/task000139_mu000256_rho010_n1.png
0.2,256,8,license_plate_bahnschrift.ttf,BFUCAOZJ9Y5KPW0TSHL38D2NGMVRX7Q64IE1,11,7,0,0.17,7.155418,0.919759,1.349142,BFUCAO2J9YSKPWOTSHL38D2NGMVRX7Q44IE1,0.111111,0.888889,point_previews/task000139_mu000256_rho020_n0.png
0.2,256,8,license_plate_bahnschrift.ttf,BFUCAOZJ9Y5KPW0TSHL38D2NGMVRX7Q64IE1,11,7,1,0.17,7.155418,0.919759,1.349142,BFUCAOZISYSKPWOTSHL3802NGMYVRX7Q64IE1,0.166667,0.833333,point_previews/task000139_mu000256_rho020_n1.png
0.3,256,8,license_plate_bahnschrift.ttf,BFUCAOZJ9Y5KPW0TSHL38D2NGMVRX7Q64IE1,11,7,0,0.255,8.763561,0.881116,1.10157,BFUCAOZIJ9YSKPWOTSHL328D2NGMVRXTQO44IE1,0.194444,0.805556,point_previews/task000139_mu000256_rho030_n0.png
0.3,256,8,license_plate_bahnschrift.ttf,BFUCAOZJ9Y5KPW0TSHL38D2NGMVRX7Q64IE1,11,7,1,0.255,8.763561,0.881116,1.10157,BFUCAOZI9YSKPWOTSHL38D2NGMVRX7QG441E1,0.166667,0.833333,point_previews/task000139_mu000256_rho030_n1.png
0.4,256,8,license_plate_bahnschrift.ttf,BFUCAOZJ9Y5KPW0TSHL38D2NGMVRX7Q64IE1,11,7,0,0.34,10.119289,0.843436,0.953987,BFUCAOZI9YSKPWOTSHL38D2NGMVRX7Q44IE1,0.111111,0.888889,point_previews/task000139_mu000256_rho040_n0.png
0.4,256,8,license_plate_bahnschrift.ttf,BFUCAOZJ9Y5KPW0TSHL38D2NGMVRX7Q64IE1,11,7,1,0.34,10.119289,0.843436,0.953987,BFUCAOZI9YSKPWOTSHL38D2NGMVRX7Q44IE1,0.111111,0.888889,point_previews/task000139_mu000256_rho040_n1.png
0.5,256,8,license_plate_bahnschrift.ttf,BFUCAOZJ9Y5KPW0TSHL38D2NGMVRX7Q64IE1,11,7,0,0.425,11.313708,0.8067,0.853272,BFUCAOZI9YSKPWOTSHL38D2NGMVRX7Q44IE1,0.111111,0.888889,point_previews/task000139_mu000256_rho050_n0.png
0.5,256,8,license_plate_bahnschrift.ttf,BFUCAOZJ9Y5KPW0TSHL38D2NGMVRX7Q64IE1,11,7,1,0.425,11.313708,0.8067,0.853272,BFUCAOZI9Y5SKPWOTSHL38D2NGMVRX7Q441E1,0.138889,0.861111,point_previews/task000139_mu000256_rho050_n1.png
0.6,256,8,license_plate_bahnschrift.ttf,BFUCAOZJ9Y5KPW0TSHL38D2NGMVRX7Q64IE1,11,7,0,0.51,12.393547,0.770893,0.778927,BFUCAOZI9YSKPWOTSHL38D2NGMVRX7Q44IE1,0.111111,0.888889,point_previews/task000139_mu000256_rho060_n0.png
0.6,256,8,license_plate_bahnschrift.ttf,BFUCAOZJ9Y5KPW0TSHL38D2NGMVRX7Q64IE1,11,7,1,0.51,12.393547,0.770893,0.778927,BFUCAOZI9YSKPWOTSHL38D2NGMVRX7Q44IET,0.138889,0.861111,point_previews/task000139_mu000256_rho060_n1.png
0.7,256,8,license_plate_bahnschrift.ttf,BFUCAOZJ9Y5KPW0TSHL38D2NGMVRX7Q64IE1,11,7,0,0.595,13.38656,0.735998,0.721147,BFUCAOZI9YSKPWOTSHL38D2NGMVRX7Q44IE1,0.111111,0.888889,point_previews/task000139_mu000256_rho070_n0.png
0.7,256,8,license_plate_bahnschrift.ttf,BFUCAOZJ9Y5KPW0TSHL38D2NGMVRX7Q64IE1,11,7,1,0.595,13.38656,0.735998,0.721147,BFUCAOZI9YSKPWOTSHL38D2NGMVRX7Q44IE1,0.111111,0.888889,point_previews/task000139_mu000256_rho070_n1.png
0.8,256,8,license_plate_bahnschrift.ttf,BFUCAOZJ9Y5KPW0TSHL38D2NGMVRX7Q64IE1,11,7,0,0.68,14.310835,0.701998,0.674571,BFUCAOZI9YSKPWOTSHL38D2NGMVRX7Q64IE1,0.083333,0.916667,point_previews/task000139_mu000256_rho080_n0.png
0.8,256,8,license_plate_bahnschrift.ttf,BFUCAOZJ9Y5KPW0TSHL38D2NGMVRX7Q64IE1,11,7,1,0.68,14.310835,0.701998,0.674571,BFUCAOZJ9YSKPWOTSHL38D2NGMVRX7Q44IE1,0.083333,0.916667,point_previews/task000139_mu000256_rho080_n1.png
0.9,256,8,license_plate_bahnschrift.ttf,BFUCAOZJ9Y5KPW0TSHL38D2NGMVRX7Q64IE1,11,7,0,0.765,15.178933,0.668877,0.635992,BFUCAOZI9YSKPWOTSHL38D2NGMVRX7Q44IE1,0.111111,0.888889,point_previews/task000139_mu000256_rho090_n0.png
0.9,256,8,license_plate_bahnschrift.ttf,BFUCAOZJ9Y5KPW0TSHL38D2NGMVRX7Q64IE1,11,7,1,0.765,15.178933,0.668877,0.635992,BFUCAOZI9YSKPWOTSHL38D2NGMVRX7Q644IE1,0.111111,0.888889,point_previews/task000139_mu000256_rho090_n1.png
1.0,256,8,license_plate_bahnschrift.ttf,BFUCAOZJ9Y5KPW0TSHL38D2NGMVRX7Q64IE1,11,7,0,0.85,16.0,0.63662,0.603355,BFUCAOZJ9YSKPWOTSHL3802NGMVRX7Q64IE1,0.083333,0.916667,point_previews/task000139_mu000256_rho100_n0.png
1.0,256,8,license_plate_bahnschrift.ttf,BFUCAOZJ9Y5KPW0TSHL38D2NGMVRX7Q64IE1,11,7,1,0.85,16.0,0.63662,0.603355,BFUCAOZJ9YSKPWOTSHL38D2NGMVRX7Q64IE1,0.055556,0.944444,point_previews/task000139_mu000256_rho100_n1.png
0.1,1024,8,license_plate_bahnschrift.ttf,BFUCAOZJ9Y5KPW0TSHL38D2NGMVRX7Q64IE1,11,7,0,0.085,5.059644,0.959381,1.907975,BFUCAOZI9YSKPWOTSHL38D2NGMYRX7Q44IE1,0.138889,0.861111,point_previews/task000140_mu001024_rho010_n0.png
0.1,1024,8,license_plate_bahnschrift.ttf,BFUCAOZJ9Y5KPW0TSHL38D2NGMVRX7Q64IE1,11,7,1,0.085,5.059644,0.959381,1.907975,BFUCAOZISYSKPWOTSHL38D2NGMVRX7Q64I1E1,0.138889,0.861111,point_previews/task000140_mu001024_rho010_n1.png
0.2,1024,8,license_plate_bahnschrift.ttf,BFUCAOZJ9Y5KPW0TSHL38D2NGMVRX7Q64IE1,11,7,0,0.17,7.155418,0.919759,1.349142,BFUCAOZI9VY5SKPWOTSHL38D2NGMVRX7Q64IE1,0.111111,0.888889,point_previews/task000140_mu001024_rho020_n0.png
0.2,1024,8,license_plate_bahnschrift.ttf,BFUCAOZJ9Y5KPW0TSHL38D2NGMVRX7Q64IE1,11,7,1,0.17,7.155418,0.919759,1.349142,BFUCAOZI9YSKPWOTSHL38D2NGMVRX7Q64IE1,0.083333,0.916667,point_previews/task000140_mu001024_rho020_n1.png
0.3,1024,8,license_plate_bahnschrift.ttf,BFUCAOZJ9Y5KPW0TSHL38D2NGMVRX7Q64IE1,11,7,0,0.255,8.763561,0.881116,1.10157,BFUCAOZI9YSKPWOTSHL38D2NGMVRX7Q64IE1,0.083333,0.916667,point_previews/task000140_mu001024_rho030_n0.png
0.3,1024,8,license_plate_bahnschrift.ttf,BFUCAOZJ9Y5KPW0TSHL38D2NGMVRX7Q64IE1,11,7,1,0.255,8.763561,0.881116,1.10157,BFUCAOZI9YSKPWOTSHL38D2NGMVRX7Q44IEI,0.138889,0.861111,point_previews/task000140_mu001024_rho030_n1.png
0.4,1024,8,license_plate_bahnschrift.ttf,BFUCAOZJ9Y5KPW0TSHL38D2NGMVRX7Q64IE1,11,7,0,0.34,10.119289,0.843436,0.953987,BFUCAOZI9Y5SKPWOTSHL38D2NGMVRX7Q44IE1,0.111111,0.888889,point_previews/task000140_mu001024_rho040_n0.png
0.4,1024,8,license_plate_bahnschrift.ttf,BFUCAOZJ9Y5KPW0TSHL38D2NGMVRX7Q64IE1,11,7,1,0.34,10.119289,0.843436,0.953987,BFUCAOZI9YSKPWOTSHL38D2NGMVRX7Q44IE1,0.111111,0.888889,point_previews/task000140_mu001024_rho040_n1.png
0.5,1024,8,license_plate_bahnschrift.ttf,BFUCAOZJ9Y5KPW0TSHL38D2NGMVRX7Q64IE1,11,7,0,0.425,11.313708,0.8067,0.853272,BFUCAOZI9YSKPWOTSHL38D2NGMVRX7Q44IE1,0.111111,0.888889,point_previews/task000140_mu001024_rho050_n0.png
0.5,1024,8,license_plate_bahnschrift.ttf,BFUCAOZJ9Y5KPW0TSHL38D2NGMVRX7Q64IE1,11,7,1,0.425,11.313708,0.8067,0.853272,BFUCAOZI9YSKPWOTSHL38D2NGMVRX7Q44IE1,0.111111,0.888889,point_previews/task000140_mu001024_rho050_n1.png
0.6,1024,8,license_plate_bahnschrift.ttf,BFUCAOZJ9Y5KPW0TSHL38D2NGMVRX7Q64IE1,11,7,0,0.51,12.393547,0.770893,0.778927,BFUCAOZI9YSKPWOTSHL38D2NGMVRX7Q44IE1,0.111111,0.888889,point_previews/task000140_mu001024_rho060_n0.png
0.6,1024,8,license_plate_bahnschrift.ttf,BFUCAOZJ9Y5KPW0TSHL38D2NGMVRX7Q64IE1,11,7,1,0.51,12.393547,0.770893,0.778927,BFUCAOZI9YSKPWOTSHL38D2NGMVRX7Q44IE1,0.111111,0.888889,point_previews/task000140_mu001024_rho060_n1.png
0.7,1024,8,license_plate_bahnschrift.ttf,BFUCAOZJ9Y5KPW0TSHL38D2NGMVRX7Q64IE1,11,7,0,0.595,13.38656,0.735998,0.721147,BFUCAOZI9YSKPWOTSHL38D2NGMVRX7Q644IEI,0.138889,0.861111,point_previews/task000140_mu001024_rho070_n0.png
0.7,1024,8,license_plate_bahnschrift.ttf,BFUCAOZJ9Y5KPW0TSHL38D2NGMVRX7Q64IE1,11,7,1,0.595,13.38656,0.735998,0.721147,BFUCAOZI9YSKPWOTSHL38D2NGMVRX7Q44IE1,0.111111,0.888889,point_previews/task000140_mu001024_rho070_n1.png
0.8,1024,8,license_plate_bahnschrift.ttf,BFUCAOZJ9Y5KPW0TSHL38D2NGMVRX7Q64IE1,11,7,0,0.68,14.310835,0.701998,0.674571,BFUCAOZI9YSKPWOTSHL38D2NGMVRX7Q64IEI,0.111111,0.888889,point_previews/task000140_mu001024_rho080_n0.png
0.8,1024,8,license_plate_bahnschrift.ttf,BFUCAOZJ9Y5KPW0TSHL38D2NGMVRX7Q64IE1,11,7,1,0.68,14.310835,0.701998,0.674571,BFUCAOZJI9YSKPWOTSHL38D2NGMVRX7Q64IEI,0.111111,0.888889,point_previews/task000140_mu001024_rho080_n1.png
0.9,1024,8,license_plate_bahnschrift.ttf,BFUCAOZJ9Y5KPW0TSHL38D2NGMVRX7Q64IE1,11,7,0,0.765,15.178933,0.668877,0.635992,BFUCAOZIJ9YSKPWOTSHL38D2NGMVRX7Q44IE1,0.111111,0.888889,point_previews/task000140_mu001024_rho090_n0.png
0.9,1024,8,license_plate_bahnschrift.ttf,BFUCAOZJ9Y5KPW0TSHL38D2NGMVRX7Q64IE1,11,7,1,0.765,15.178933,0.668877,0.635992,BFUCAOZI9YSKPWOTSHL38D2NGMVRX7Q44IE1,0.111111,0.888889,point_previews/task000140_mu001024_rho090_n1.png
1.0,1024,8,license_plate_bahnschrift.ttf,BFUCAOZJ9Y5KPW0TSHL38D2NGMVRX7Q64IE1,11,7,0,0.85,16.0,0.63662,0.603355,BFUCAOZJI9YSKPWOTSHL38D2NGMVRX7Q64IE1,0.083333,0.916667,point_previews/task000140_mu001024_rho100_n0.png
1.0,1024,8,license_plate_bahnschrift.ttf,BFUCAOZJ9Y5KPW0TSHL38D2NGMVRX7Q64IE1,11,7,1,0.85,16.0,0.63662,0.603355,BFUCAOZI9YSKPWOTSHL38D2NGMVRX7Q44IEI,0.138889,0.861111,point_previews/task000140_mu001024_rho100_n1.png
0.1,4096,8,license_plate_bahnschrift.ttf,BFUCAOZJ9Y5KPW0TSHL38D2NGMVRX7Q64IE1,11,7,0,0.085,5.059644,0.959381,1.907975,BFUCAOZI9YSKPWOTSHL38D2NGMVRX7Q44IE1,0.111111,0.888889,point_previews/task000141_mu004096_rho010_n0.png
0.1,4096,8,license_plate_bahnschrift.ttf,BFUCAOZJ9Y5KPW0TSHL38D2NGMVRX7Q64IE1,11,7,1,0.085,5.059644,0.959381,1.907975,BFUCAOZI9VYSKPWOTSHL38D2NGMVRX7Q44IE1,0.138889,0.861111,point_previews/task000141_mu004096_rho010_n1.png
0.2,4096,8,license_plate_bahnschrift.ttf,BFUCAOZJ9Y5KPW0TSHL38D2NGMVRX7Q64IE1,11,7,0,0.17,7.155418,0.919759,1.349142,BFUCAOZI9YSKPWOTSHL38D2NGMVRX7Q44IE1,0.111111,0.888889,point_previews/task000141_mu004096_rho020_n0.png
0.2,4096,8,license_plate_bahnschrift.ttf,BFUCAOZJ9Y5KPW0TSHL38D2NGMVRX7Q64IE1,11,7,1,0.17,7.155418,0.919759,1.349142,BFUCAOZI9YSKPWOTSHL38D2NGMVRX7Q44E1,0.138889,0.861111,point_previews/task000141_mu004096_rho020_n1.png
0.3,4096,8,license_plate_bahnschrift.ttf,BFUCAOZJ9Y5KPW0TSHL38D2NGMVRX7Q64IE1,11,7,0,0.255,8.763561,0.881116,1.10157,BFUCAOZI9YSKPWOTSHL38D2NGMVRX7Q44IEI,0.138889,0.861111,point_previews/task000141_mu004096_rho030_n0.png
0.3,4096,8,license_plate_bahnschrift.ttf,BFUCAOZJ9Y5KPW0TSHL38D2NGMVRX7Q64IE1,11,7,1,0.255,8.763561,0.881116,1.10157,BFUCAOZI9Y5SKPWOTSHL38D2NGMVRX7Q44IE1,0.111111,0.888889,point_previews/task000141_mu004096_rho030_n1.png
0.4,4096,8,license_plate_bahnschrift.ttf,BFUCAOZJ9Y5KPW0TSHL38D2NGMVRX7Q64IE1,11,7,0,0.34,10.119289,0.843436,0.953987,BFUCAOZI9YSKPWOTSHL38D2NGMVRX7Q44IE1,0.111111,0.888889,point_previews/task000141_mu004096_rho040_n0.png
0.4,4096,8,license_plate_bahnschrift.ttf,BFUCAOZJ9Y5KPW0TSHL38D2NGMVRX7Q64IE1,11,7,1,0.34,10.119289,0.843436,0.953987,BFUCAOZI9YSKPWOTSHL38D2NGMVRX7Q44IE1,0.111111,0.888889,point_previews/task000141_mu004096_rho040_n1.png
0.5,4096,8,license_plate_bahnschrift.ttf,BFUCAOZJ9Y5KPW0TSHL38D2NGMVRX7Q64IE1,11,7,0,0.425,11.313708,0.8067,0.853272,BFUCAOZI9YSKPWOTSHL38D2NGMVRX7Q44IE1,0.111111,0.888889,point_previews/task000141_mu004096_rho050_n0.png
0.5,4096,8,license_plate_bahnschrift.ttf,BFUCAOZJ9Y5KPW0TSHL38D2NGMVRX7Q64IE1,11,7,1,0.425,11.313708,0.8067,0.853272,BFUCAOZI9YSKPWOTSHL38D2NGMVRX7Q44IE1,0.111111,0.888889,point_previews/task000141_mu004096_rho050_n1.png
0.6,4096,8,license_plate_bahnschrift.ttf,BFUCAOZJ9Y5KPW0TSHL38D2NGMVRX7Q64IE1,11,7,0,0.51,12.393547,0.770893,0.778927,BFUCAOZJ9YSKPWOTSHL38D2NGMVRX7Q44IE1,0.083333,0.916667,point_previews/task000141_mu004096_rho060_n0.png
0.6,4096,8,license_plate_bahnschrift.ttf,BFUCAOZJ9Y5KPW0TSHL38D2NGMVRX7Q64IE1,11,7,1,0.51,12.393547,0.770893,0.778927,BFUCAOZIJ9YSKPWOTSHL38D2NGMVRX7Q44IE1,0.111111,0.888889,point_previews/task000141_mu004096_rho060_n1.png
0.7,4096,8,license_plate_bahnschrift.ttf,BFUCAOZJ9Y5KPW0TSHL38D2NGMVRX7Q64IE1,11,7,0,0.595,13.38656,0.735998,0.721147,BFUCAOZI9YSKPWOTSHL38D2NGMVRX7Q44IE1,0.111111,0.888889,point_previews/task000141_mu004096_rho070_n0.png
0.7,4096,8,license_plate_bahnschrift.ttf,BFUCAOZJ9Y5KPW0TSHL38D2NGMVRX7Q64IE1,11,7,1,0.595,13.38656,0.735998,0.721147,BFUCAOZI9YSKPWOTSHL38D2NGMVRX7Q44IE1,0.111111,0.888889,point_previews/task000141_mu004096_rho070_n1.png
0.8,4096,8,license_plate_bahnschrift.ttf,BFUCAOZJ9Y5KPW0TSHL38D2NGMVRX7Q64IE1,11,7,0,0.68,14.310835,0.701998,0.674571,BFUCAOZI9YSKPWOTSHL38D2NGMVRX7Q64IEI,0.111111,0.888889,point_previews/task000141_mu004096_rho080_n0.png
0.8,4096,8,license_plate_bahnschrift.ttf,BFUCAOZJ9Y5KPW0TSHL38D2NGMVRX7Q64IE1,11,7,1,0.68,14.310835,0.701998,0.674571,BFUCAOZI9YSKPWOTSHL38D2NGMVRX7Q64IEI,0.111111,0.888889,point_previews/task000141_mu004096_rho080_n1.png
0.9,4096,8,license_plate_bahnschrift.ttf,BFUCAOZJ9Y5KPW0TSHL38D2NGMVRX7Q64IE1,11,7,0,0.765,15.178933,0.668877,0.635992,BFUCAOZI9YSKPWOTSHL38D2NGMVRX7Q64IEI,0.111111,0.888889,point_previews/task000141_mu004096_rho090_n0.png
0.9,4096,8,license_plate_bahnschrift.ttf,BFUCAOZJ9Y5KPW0TSHL38D2NGMVRX7Q64IE1,11,7,1,0.765,15.178933,0.668877,0.635992,BFUCAOZJ9YSKPWOTSHL38D2NGMVRX7Q64IEI,0.083333,0.916667,point_previews/task000141_mu004096_rho090_n1.png
1.0,4096,8,license_plate_bahnschrift.ttf,BFUCAOZJ9Y5KPW0TSHL38D2NGMVRX7Q64IE1,11,7,0,0.85,16.0,0.63662,0.603355,BFUCAOZI9YSKPWOTSHL38D2NGMVRX7Q44IE1,0.111111,0.888889,point_previews/task000141_mu004096_rho100_n0.png
1.0,4096,8,license_plate_bahnschrift.ttf,BFUCAOZJ9Y5KPW0TSHL38D2NGMVRX7Q64IE1,11,7,1,0.85,16.0,0.63662,0.603355,BFUCAOZI9YSKPWOTSHL38D2NGMVRX7Q64IE1,0.083333,0.916667,point_previews/task000141_mu004096_rho100_n1.png
0.1,16384,8,license_plate_bahnschrift.ttf,BFUCAOZJ9Y5KPW0TSHL38D2NGMVRX7Q64IE1,11,7,0,0.085,5.059644,0.959381,1.907975,BFUCAOZI9YSKPWOTSHL38D2NGMVRX7Q44IE1,0.111111,0.888889,point_previews/task000142_mu016384_rho010_n0.png
0.1,16384,8,license_plate_bahnschrift.ttf,BFUCAOZJ9Y5KPW0TSHL38D2NGMVRX7Q64IE1,11,7,1,0.085,5.059644,0.959381,1.907975,BFUCAOZI9YSKPWOTSHL38D2NGMVRX7Q44IE1,0.111111,0.888889,point_previews/task000142_mu016384_rho010_n1.png
0.2,16384,8,license_plate_bahnschrift.ttf,BFUCAOZJ9Y5KPW0TSHL38D2NGMVRX7Q64IE1,11,7,0,0.17,7.155418,0.919759,1.349142,BFUCAOZI9YSKPWOTSHL38D2NGMVRX7Q44IE1,0.111111,0.888889,point_previews/task000142_mu016384_rho020_n0.png
0.2,16384,8,license_plate_bahnschrift.ttf,BFUCAOZJ9Y5KPW0TSHL38D2NGMVRX7Q64IE1,11,7,1,0.17,7.155418,0.919759,1.349142,BFUCAOZI9YSKPWOTSHL38D2NGMVRX7Q44IE1,0.111111,0.888889,point_previews/task000142_mu016384_rho020_n1.png
0.3,16384,8,license_plate_bahnschrift.ttf,BFUCAOZJ9Y5KPW0TSHL38D2NGMVRX7Q64IE1,11,7,0,0.255,8.763561,0.881116,1.10157,BFUCAOZI9YSKPWOTSHL38D2NGMVRX7Q44IE1,0.111111,0.888889,point_previews/task000142_mu016384_rho030_n0.png
0.3,16384,8,license_plate_bahnschrift.ttf,BFUCAOZJ9Y5KPW0TSHL38D2NGMVRX7Q64IE1,11,7,1,0.255,8.763561,0.881116,1.10157,BFUCAOZI9YSKPWOTSHL38D2NGMVRX7Q44IEI,0.138889,0.861111,point_previews/task000142_mu016384_rho030_n1.png
0.4,16384,8,license_plate_bahnschrift.ttf,BFUCAOZJ9Y5KPW0TSHL38D2NGMVRX7Q64IE1,11,7,0,0.34,10.119289,0.843436,0.953987,BFUCAOZI9YSKPWOTSHL38D2NGMVRX7Q44IE1,0.111111,0.888889,point_previews/task000142_mu016384_rho040_n0.png
0.4,16384,8,license_plate_bahnschrift.ttf,BFUCAOZJ9Y5KPW0TSHL38D2NGMVRX7Q64IE1,11,7,1,0.34,10.119289,0.843436,0.953987,BFUCAOZI9YSKPWOTSHL38D2NGMVRX7Q44IE1,0.111111,0.888889,point_previews/task000142_mu016384_rho040_n1.png
0.5,16384,8,license_plate_bahnschrift.ttf,BFUCAOZJ9Y5KPW0TSHL38D2NGMVRX7Q64IE1,11,7,0,0.425,11.313708,0.8067,0.853272,BFUCAOZJ9YSKPWOTSHL38D2NGMVRX7Q44IEI,0.111111,0.888889,point_previews/task000142_mu016384_rho050_n0.png
0.5,16384,8,license_plate_bahnschrift.ttf,BFUCAOZJ9Y5KPW0TSHL38D2NGMVRX7Q64IE1,11,7,1,0.425,11.313708,0.8067,0.853272,BFUCAOZI9YSKPWOTSHL38D2NGMVRX7Q44IE1,0.111111,0.888889,point_previews/task000142_mu016384_rho050_n1.png
0.6,16384,8,license_plate_bahnschrift.ttf,BFUCAOZJ9Y5KPW0TSHL38D2NGMVRX7Q64IE1,11,7,0,0.51,12.393547,0.770893,0.778927,BFUCAOZI9YSKPWOTSHL38D2NGMVRX7Q44IE1,0.111111,0.888889,point_previews/task000142_mu016384_rho060_n0.png
0.6,16384,8,license_plate_bahnschrift.ttf,BFUCAOZJ9Y5KPW0TSHL38D2NGMVRX7Q64IE1,11,7,1,0.51,12.393547,0.770893,0.778927,BFUCAOZI9YSKPWOTSHL38D2NGMVRX7Q44IE1,0.111111,0.888889,point_previews/task000142_mu016384_rho060_n1.png
0.7,16384,8,license_plate_bahnschrift.ttf,BFUCAOZJ9Y5KPW0TSHL38D2NGMVRX7Q64IE1,11,7,0,0.595,13.38656,0.735998,0.721147,BFUCAOZI9YSKPWOTSHL38D2NGMVRX7Q64IEI,0.111111,0.888889,point_previews/task000142_mu016384_rho070_n0.png
0.7,16384,8,license_plate_bahnschrift.ttf,BFUCAOZJ9Y5KPW0TSHL38D2NGMVRX7Q64IE1,11,7,1,0.595,13.38656,0.735998,0.721147,BFUCAOZI9YSKPWOTSHL38D2NGMVRX7Q44IE1,0.111111,0.888889,point_previews/task000142_mu016384_rho070_n1.png
0.8,16384,8,license_plate_bahnschrift.ttf,BFUCAOZJ9Y5KPW0TSHL38D2NGMVRX7Q64IE1,11,7,0,0.68,14.310835,0.701998,0.674571,BFUCAOZJ9YSKPWOTSHL38D2NGMVRX7Q64IEI,0.083333,0.916667,point_previews/task000142_mu016384_rho080_n0.png
0.8,16384,8,license_plate_bahnschrift.ttf,BFUCAOZJ9Y5KPW0TSHL38D2NGMVRX7Q64IE1,11,7,1,0.68,14.310835,0.701998,0.674571,BFUCAOZI9YSKPWOTSHL38D2NGMVRX7Q64IEI,0.111111,0.888889,point_previews/task000142_mu016384_rho080_n1.png
0.9,16384,8,license_plate_bahnschrift.ttf,BFUCAOZJ9Y5KPW0TSHL38D2NGMVRX7Q64IE1,11,7,0,0.765,15.178933,0.668877,0.635992,BFUCAOZI9YSKPWOTSHL38D2NGMVRX7Q44IE1,0.111111,0.888889,point_previews/task000142_mu016384_rho090_n0.png
0.9,16384,8,license_plate_bahnschrift.ttf,BFUCAOZJ9Y5KPW0TSHL38D2NGMVRX7Q64IE1,11,7,1,0.765,15.178933,0.668877,0.635992,BFUCAOZJI9YSKPWOTSHL38D2NGMVRX7Q64IEI,0.111111,0.888889,point_previews/task000142_mu016384_rho090_n1.png
1.0,16384,8,license_plate_bahnschrift.ttf,BFUCAOZJ9Y5KPW0TSHL38D2NGMVRX7Q64IE1,11,7,0,0.85,16.0,0.63662,0.603355,BFUCAOZJ9YSKPWOTSHL38D2NGMVRX7Q64IE1,0.055556,0.944444,point_previews/task000142_mu016384_rho100_n0.png
1.0,16384,8,license_plate_bahnschrift.ttf,BFUCAOZJ9Y5KPW0TSHL38D2NGMVRX7Q64IE1,11,7,1,0.85,16.0,0.63662,0.603355,BFUCAOZJ9YSKPWOTSHL38D2NGMVRX7Q64IE1,0.055556,0.944444,point_previews/task000142_mu016384_rho100_n1.png
0.1,65536,8,license_plate_bahnschrift.ttf,BFUCAOZJ9Y5KPW0TSHL38D2NGMVRX7Q64IE1,11,7,0,0.085,5.059644,0.959381,1.907975,BFUCAOZI9VYSKPWOTSHL38D2NGMVRX7Q44IE1,0.138889,0.861111,point_previews/task000143_mu065536_rho010_n0.png
0.1,65536,8,license_plate_bahnschrift.ttf,BFUCAOZJ9Y5KPW0TSHL38D2NGMVRX7Q64IE1,11,7,1,0.085,5.059644,0.959381,1.907975,BFUCAOZI9YSKPWOTSHL38D2NGMVRX7Q44IE1,0.111111,0.888889,point_previews/task000143_mu065536_rho010_n1.png
0.2,65536,8,license_plate_bahnschrift.ttf,BFUCAOZJ9Y5KPW0TSHL38D2NGMVRX7Q64IE1,11,7,0,0.17,7.155418,0.919759,1.349142,BFUCAOZI9Y5SKPWOTSHL38D2NGMVRX7Q44IE1,0.111111,0.888889,point_previews/task000143_mu065536_rho020_n0.png
0.2,65536,8,license_plate_bahnschrift.ttf,BFUCAOZJ9Y5KPW0TSHL38D2NGMVRX7Q64IE1,11,7,1,0.17,7.155418,0.919759,1.349142,BFUCAOZI9YSKPWOTSHL38D2NGMVRX7Q44IEI,0.138889,0.861111,point_previews/task000143_mu065536_rho020_n1.png
0.3,65536,8,license_plate_bahnschrift.ttf,BFUCAOZJ9Y5KPW0TSHL38D2NGMVRX7Q64IE1,11,7,0,0.255,8.763561,0.881116,1.10157,BFUCAOZI9YSKPWOTSHL38D2NGMVRX7Q44IE,0.138889,0.861111,point_previews/task000143_mu065536_rho030_n0.png
0.3,65536,8,license_plate_bahnschrift.ttf,BFUCAOZJ9Y5KPW0TSHL38D2NGMVRX7Q64IE1,11,7,1,0.255,8.763561,0.881116,1.10157,BFUCAOZI9Y5SKPWOTSHL38D2NGMVRX7Q44IE1,0.111111,0.888889,point_previews/task000143_mu065536_rho030_n1.png
0.4,65536,8,license_plate_bahnschrift.ttf,BFUCAOZJ9Y5KPW0TSHL38D2NGMVRX7Q64IE1,11,7,0,0.34,10.119289,0.843436,0.953987,BFUCAOZJ9YSKPWOTSHL38D2NGMVRX7Q44IEI,0.111111,0.888889,point_previews/task000143_mu065536_rho040_n0.png
0.4,65536,8,license_plate_bahnschrift.ttf,BFUCAOZJ9Y5KPW0TSHL38D2NGMVRX7Q64IE1,11,7,1,0.34,10.119289,0.843436,0.953987,BFUCAOZJ9YSKPWOTSHL38D2NGMVRX7Q44IEI,0.111111,0.888889,point_previews/task000143_mu065536_rho040_n1.png
0.5,65536,8,license_plate_bahnschrift.ttf,BFUCAOZJ9Y5KPW0TSHL38D2NGMVRX7Q64IE1,11,7,0,0.425,11.313708,0.8067,0.853272,BFUCAOZJ9YSKPWOTSHL38D2NGMVRX7Q44IEI,0.111111,0.888889,point_previews/task000143_mu065536_rho050_n0.png
0.5,65536,8,license_plate_bahnschrift.ttf,BFUCAOZJ9Y5KPW0TSHL38D2NGMVRX7Q64IE1,11,7,1,0.425,11.313708,0.8067,0.853272,BFUCAOZI9YSKPWOTSHL38D2NGMVRX7Q44IE1,0.111111,0.888889,point_previews/task000143_mu065536_rho050_n1.png
0.6,65536,8,license_plate_bahnschrift.ttf,BFUCAOZJ9Y5KPW0TSHL38D2NGMVRX7Q64IE1,11,7,0,0.51,12.393547,0.770893,0.778927,BFUCAOZI9YSKPWOTSHL38D2NGMVRX7Q44IE1,0.111111,0.888889,point_previews/task000143_mu065536_rho060_n0.png
0.6,65536,8,license_plate_bahnschrift.ttf,BFUCAOZJ9Y5KPW0TSHL38D2NGMVRX7Q64IE1,11,7,1,0.51,12.393547,0.770893,0.778927,BFUCAOZI9YSKPWOTSHL38D2NGMVRX7Q44IE1,0.111111,0.888889,point_previews/task000143_mu065536_rho060_n1.png
0.7,65536,8,license_plate_bahnschrift.ttf,BFUCAOZJ9Y5KPW0TSHL38D2NGMVRX7Q64IE1,11,7,0,0.595,13.38656,0.735998,0.721147,BFUCAOZI9YSKPWOTSHL38D2NGMVRX7Q64IE1,0.083333,0.916667,point_previews/task000143_mu065536_rho070_n0.png
0.7,65536,8,license_plate_bahnschrift.ttf,BFUCAOZJ9Y5KPW0TSHL38D2NGMVRX7Q64IE1,11,7,1,0.595,13.38656,0.735998,0.721147,BFUCAOZI9YSKPWOTSHL38D2NGMVRX7Q64IEI,0.111111,0.888889,point_previews/task000143_mu065536_rho070_n1.png
0.8,65536,8,license_plate_bahnschrift.ttf,BFUCAOZJ9Y5KPW0TSHL38D2NGMVRX7Q64IE1,11,7,0,0.68,14.310835,0.701998,0.674571,BFUCAOZJ9YSKPWOTSHL38D2NGMVRX7Q64IEI,0.083333,0.916667,point_previews/task000143_mu065536_rho080_n0.png
0.8,65536,8,license_plate_bahnschrift.ttf,BFUCAOZJ9Y5KPW0TSHL38D2NGMVRX7Q64IE1,11,7,1,0.68,14.310835,0.701998,0.674571,BFUCAOZI9YSKPWOTSHL38D2NGMVRX7Q64IEI,0.111111,0.888889,point_previews/task000143_mu065536_rho080_n1.png
0.9,65536,8,license_plate_bahnschrift.ttf,BFUCAOZJ9Y5KPW0TSHL38D2NGMVRX7Q64IE1,11,7,0,0.765,15.178933,0.668877,0.635992,BFUCAOZJI9YSKPWOTSHL38D2NGMVRX7Q64IEI,0.111111,0.888889,point_previews/task000143_mu065536_rho090_n0.png
0.9,65536,8,license_plate_bahnschrift.ttf,BFUCAOZJ9Y5KPW0TSHL38D2NGMVRX7Q64IE1,11,7,1,0.765,15.178933,0.668877,0.635992,BFUCAOZJI9YSKPWOTSHL38D2NGMVRX7Q64IEI,0.111111,0.888889,point_previews/task000143_mu065536_rho090_n1.png
1.0,65536,8,license_plate_bahnschrift.ttf,BFUCAOZJ9Y5KPW0TSHL38D2NGMVRX7Q64IE1,11,7,0,0.85,16.0,0.63662,0.603355,BFUCAOZJ9YSKPWOTSHL38D2NGMVRX7Q64IE1,0.055556,0.944444,point_previews/task000143_mu065536_rho100_n0.png
1.0,65536,8,license_plate_bahnschrift.ttf,BFUCAOZJ9Y5KPW0TSHL38D2NGMVRX7Q64IE1,11,7,1,0.85,16.0,0.63662,0.603355,BFUCAOZJ9YSKPWOTSHL38D2NGMVRX7Q64IE1,0.055556,0.944444,point_previews/task000143_mu065536_rho100_n1.png
0.1,4,8,license_plate_bahnschrift.ttf,BFUCAOZJ9Y5KPW0TSHL38D2NGMVRX7Q64IE1,11,11,0,0.085,5.059644,0.959381,1.907975,RRUESNSM,0.888889,0.111111,point_previews/task000144_mu000004_rho010_n0.png
0.1,4,8,license_plate_bahnschrift.ttf,BFUCAOZJ9Y5KPW0TSHL38D2NGMVRX7Q64IE1,11,11,1,0.085,5.059644,0.959381,1.907975,SAGAERUREMSRAE,0.888889,0.111111,point_previews/task000144_mu000004_rho010_n1.png
0.2,4,8,license_plate_bahnschrift.ttf,BFUCAOZJ9Y5KPW0TSHL38D2NGMVRX7Q64IE1,11,11,0,0.17,7.155418,0.919759,1.349142,RSSLUSMLOPORHSSE,0.888889,0.111111,point_previews/task000144_mu000004_rho020_n0.png
0.2,4,8,license_plate_bahnschrift.ttf,BFUCAOZJ9Y5KPW0TSHL38D2NGMVRX7Q64IE1,11,11,1,0.17,7.155418,0.919759,1.349142,SNRNESLODSPHIASNTS,0.916667,0.083333,point_previews/task000144_mu000004_rho020_n1.png
0.3,4,8,license_plate_bahnschrift.ttf,BFUCAOZJ9Y5KPW0TSHL38D2NGMVRX7Q64IE1,11,11,0,0.255,8.763561,0.881116,1.10157,SAATEACACAOHSSREY,0.888889,0.111111,point_previews/task000144_mu000004_rho030_n0.png
0.3,4,8,license_plate_bahnschrift.ttf,BFUCAOZJ9Y5KPW0TSHL38D2NGMVRX7Q64IE1,11,11,1,0.255,8.763561,0.881116,1.10157,POMDGSRNSTUOE,0.861111,0.138889,point_previews/task000144_mu000004_rho030_n1.png
0.4,4,8,license_plate_bahnschrift.ttf,BFUCAOZJ9Y5KPW0TSHL38D2NGMVRX7Q64IE1,11,11,0,0.34,10.119289,0.843436,0.953987,PGAMSNILERSNMEBEPRIES,0.833333,0.166667,point_previews/task000144_mu000004_rho040_n0.png
0.4,4,8,license_plate_bahnschrift.ttf,BFUCAOZJ9Y5KPW0TSHL38D2NGMVRX7Q64IE1,11,11,1,0.34,10.119289,0.843436,0.953987,,1.0,0.0,point_previews/task000144_mu000004_rho040_n1.png
0.5,4,8,license_plate_bahnschrift.ttf,BFUCAOZJ9Y5KPW0TSHL38D2NGMVRX7Q64IE1,11,11,0,0.425,11.313708,0.8067,0.853272,MESOLIYCESERRPROCTREDY,0.888889,0.111111,point_previews/task000144_mu000004_rho050_n0.png
0.5,4,8,license_plate_bahnschrift.ttf,BFUCAOZJ9Y5KPW0TSHL38D2NGMVRX7Q64IE1,11,11,1,0.425,11.313708,0.8067,0.853272,DRSLRNVSEETYETNS,0.888889,0.111111,point_previews/task000144_mu000004_rho050_n1.png
0.6,4,8,license_plate_bahnschrift.ttf,BFUCAOZJ9Y5KPW0TSHL38D2NGMVRX7Q64IE1,11,11,0,0.51,12.393547,0.770893,0.778927,ABRSAALAUEMUC,0.916667,0.083333,point_previews/task000144_mu000004_rho060_n0.png
0.6,4,8,license_plate_bahnschrift.ttf,BFUCAOZJ9Y5KPW0TSHL38D2NGMVRX7Q64IE1,11,11,1,0.51,12.393547,0.770893,0.778927,,1.0,0.0,point_previews/task000144_mu000004_rho060_n1.png
0.7,4,8,license_plate_bahnschrift.ttf,BFUCAOZJ9Y5KPW0TSHL38D2NGMVRX7Q64IE1,11,11,0,0.595,13.38656,0.735998,0.721147,BOMYSCUATISRTRASULEAEOTE,0.861111,0.138889,point_previews/task000144_mu000004_rho070_n0.png
0.7,4,8,license_plate_bahnschrift.ttf,BFUCAOZJ9Y5KPW0TSHL38D2NGMVRX7Q64IE1,11,11,1,0.595,13.38656,0.735998,0.721147,BRRRCEGGRSWESAA,0.916667,0.083333,point_previews/task000144_mu000004_rho070_n1.png
0.8,4,8,license_plate_bahnschrift.ttf,BFUCAOZJ9Y5KPW0TSHL38D2NGMVRX7Q64IE1,11,11,0,0.68,14.310835,0.701998,0.674571,SMPBRTIS,0.916667,0.083333,point_previews/task000144_mu000004_rho080_n0.png
0.8,4,8,license_plate_bahnschrift.ttf,BFUCAOZJ9Y5KPW0TSHL38D2NGMVRX7Q64IE1,11,11,1,0.68,14.310835,0.701998,0.674571,,1.0,0.0,point_previews/task000144_mu000004_rho080_n1.png
0.9,4,8,license_plate_bahnschrift.ttf,BFUCAOZJ9Y5KPW0TSHL38D2NGMVRX7Q64IE1,11,11,0,0.765,15.178933,0.668877,0.635992,DEREFSSRNSHSERSSY,0.916667,0.083333,point_previews/task000144_mu000004_rho090_n0.png
0.9,4,8,license_plate_bahnschrift.ttf,BFUCAOZJ9Y5KPW0TSHL38D2NGMVRX7Q64IE1,11,11,1,0.765,15.178933,0.668877,0.635992,SEPPNYGHAVAEESHGPNCERFESE,0.861111,0.138889,point_previews/task000144_mu000004_rho090_n1.png
1.0,4,8,license_plate_bahnschrift.ttf,BFUCAOZJ9Y5KPW0TSHL38D2NGMVRX7Q64IE1,11,11,0,0.85,16.0,0.63662,0.603355,SEUCAGELG9IOYSSSOIOLAYRRETDE,0.833333,0.166667,point_previews/task000144_mu000004_rho100_n0.png
1.0,4,8,license_plate_bahnschrift.ttf,BFUCAOZJ9Y5KPW0TSHL38D2NGMVRX7Q64IE1,11,11,1,0.85,16.0,0.63662,0.603355,APRIASFAMBTET,0.861111,0.138889,point_previews/task000144_mu000004_rho100_n1.png
0.1,16,8,license_plate_bahnschrift.ttf,BFUCAOZJ9Y5KPW0TSHL38D2NGMVRX7Q64IE1,11,11,0,0.085,5.059644,0.959381,1.907975,GMS,0.944444,0.055556,point_previews/task000145_mu000016_rho010_n0.png
0.1,16,8,license_plate_bahnschrift.ttf,BFUCAOZJ9Y5KPW0TSHL38D2NGMVRX7Q64IE1,11,11,1,0.085,5.059644,0.959381,1.907975,RBEENTRASERRETSER,0.916667,0.083333,point_previews/task000145_mu000016_rho010_n1.png
0.2,16,8,license_plate_bahnschrift.ttf,BFUCAOZJ9Y5KPW0TSHL38D2NGMVRX7Q64IE1,11,11,0,0.17,7.155418,0.919759,1.349142,SERISACIERYHEAEOTELETARAAAESES,0.861111,0.138889,point_previews/task000145_mu000016_rho020_n0.png
0.2,16,8,license_plate_bahnschrift.ttf,BFUCAOZJ9Y5KPW0TSHL38D2NGMVRX7Q64IE1,11,11,1,0.17,7.155418,0.919759,1.349142,SEOESRESEERENONSROTOSA,0.888889,0.111111,point_previews/task000145_mu000016_rho020_n1.png
0.3,16,8,license_plate_bahnschrift.ttf,BFUCAOZJ9Y5KPW0TSHL38D2NGMVRX7Q64IE1,11,11,0,0.255,8.763561,0.881116,1.10157,LEUAVARPWOSSHEBDENDRRASHET,0.722222,0.277778,point_previews/task000145_mu000016_rho030_n0.png
0.3,16,8,license_plate_bahnschrift.ttf,BFUCAOZJ9Y5KPW0TSHL38D2NGMVRX7Q64IE1,11,11,1,0.255,8.763561,0.881116,1.10157,SRIZAGDAVEREUIOTSEESONEMRAIE,0.777778,0.222222,point_previews/task000145_mu000016_rho030_n1.png
0.4,16,8,license_plate_bahnschrift.ttf,BFUCAOZJ9Y5KPW0TSHL38D2NGMVRX7Q64IE1,11,11,0,0.34,10.119289,0.843436,0.953987,OBSUGEJSVAKRSEOASEL3SUENOMARRTRRSIEF,0.722222,0.277778,point_previews/task000145_mu000016_rho040_n0.png
0.4,16,8,license_plate_bahnschrift.ttf,BFUCAOZJ9Y5KPW0TSHL38D2NGMVRX7Q64IE1,11,11,1,0.34,10.119289,0.843436,0.953987,BEVEROEIOYSRPWRIISHCSDAMVRNTOSAIEE,0.666667,0.333333,point_previews/task000145_mu000016_rho040_n1.png
0.5,16,8,license_plate_bahnschrift.ttf,BFUCAOZJ9Y5KPW0TSHL38D2NGMVRX7Q64IE1,11,11,0,0.425,11.313708,0.8067,0.853272,,1.0,0.0,point_previews/task000145_mu000016_rho050_n0.png
0.5,16,8,license_plate_bahnschrift.ttf,BFUCAOZJ9Y5KPW0TSHL38D2NGMVRX7Q64IE1,11,11,1,0.425,11.313708,0.8067,0.853272,EORAGTSVAKPWATSESBO2NGMYRRTSGIEK,0.638889,0.361111,point_previews/task000145_mu000016_rho050_n1.png
0.6,16,8,license_plate_bahnschrift.ttf,BFUCAOZJ9Y5KPW0TSHL38D2NGMVRX7Q64IE1,11,11,0,0.51,12.393547,0.770893,0.778927,,1.0,0.0,point_previews/task000145_mu000016_rho060_n0.png
0.6,16,8,license_plate_bahnschrift.ttf,BFUCAOZJ9Y5KPW0TSHL38D2NGMVRX7Q64IE1,11,11,1,0.51,12.393547,0.770893,0.778927,RAIOAGF9YSRPWATSHESRDINGHURRIGEMET,0.638889,0.361111,point_previews/task000145_mu000016_rho060_n1.png
0.7,16,8,license_plate_bahnschrift.ttf,BFUCAOZJ9Y5KPW0TSHL38D2NGMVRX7Q64IE1,11,11,0,0.595,13.38656,0.735998,0.721147,BFUEROZIFVSKPWOTSHCIBDUNGMURXIOSSIEL,0.472222,0.527778,point_previews/task000145_mu000016_rho070_n0.png
0.7,16,8,license_plate_bahnschrift.ttf,BFUCAOZJ9Y5KPW0TSHL38D2NGMVRX7Q64IE1,11,11,1,0.595,13.38656,0.735998,0.721147,SSFUCKORIOVAKPWETSHESBO7NGMYRNTOAAIET,0.583333,0.416667,point_previews/task000145_mu000016_rho070_n1.png
0.8,16,8,license_plate_bahnschrift.ttf,BFUCAOZJ9Y5KPW0TSHL38D2NGMVRX7Q64IE1,11,11,0,0.68,14.310835,0.701998,0.674571,BFUCASZISSKPWOTSHIBSO2NOMURKTGSSIEY,0.5,0.5,point_previews/task000145_mu000016_rho080_n0.png
0.8,16,8,license_plate_bahnschrift.ttf,BFUCAOZJ9Y5KPW0TSHL38D2NGMVRX7Q64IE1,11,11,1,0.68,14.310835,0.701998,0.674571,,1.0,0.0,point_previews/task000145_mu000016_rho080_n1.png
0.9,16,8,license_plate_bahnschrift.ttf,BFUCAOZJ9Y5KPW0TSHL38D2NGMVRX7Q64IE1,11,11,0,0.765,15.178933,0.668877,0.635992,,1.0,0.0,point_previews/task000145_mu000016_rho090_n0.png
0.9,16,8,license_plate_bahnschrift.ttf,BFUCAOZJ9Y5KPW0TSHL38D2NGMVRX7Q64IE1,11,11,1,0.765,15.178933,0.668877,0.635992,,1.0,0.0,point_previews/task000145_mu000016_rho090_n1.png
1.0,16,8,license_plate_bahnschrift.ttf,BFUCAOZJ9Y5KPW0TSHL38D2NGMVRX7Q64IE1,11,11,0,0.85,16.0,0.63662,0.603355,BRUCAOZJOYVSKPWSTSHLSBDINGMYRKTORAIED,0.416667,0.583333,point_previews/task000145_mu000016_rho100_n0.png
1.0,16,8,license_plate_bahnschrift.ttf,BFUCAOZJ9Y5KPW0TSHL38D2NGMVRX7Q64IE1,11,11,1,0.85,16.0,0.63662,0.603355,BFUCADZISYEKPWETSHUSSPINGMVRKTOSAIBT,0.472222,0.527778,point_previews/task000145_mu000016_rho100_n1.png
0.1,64,8,license_plate_bahnschrift.ttf,BFUCAOZJ9Y5KPW0TSHL38D2NGMVRX7Q64IE1,11,11,0,0.085,5.059644,0.959381,1.907975,,1.0,0.0,point_previews/task000146_mu000064_rho010_n0.png
0.1,64,8,license_plate_bahnschrift.ttf,BFUCAOZJ9Y5KPW0TSHL38D2NGMVRX7Q64IE1,11,11,1,0.085,5.059644,0.959381,1.907975,,1.0,0.0,point_previews/task000146_mu000064_rho010_n1.png
0.2,64,8,license_plate_bahnschrift.ttf,BFUCAOZJ9Y5KPW0TSHL38D2NGMVRX7Q64IE1,11,11,0,0.17,7.155418,0.919759,1.349142,,1.0,0.0,point_previews/task000146_mu000064_rho020_n0.png
0.2,64,8,license_plate_bahnschrift.ttf,BFUCAOZJ9Y5KPW0TSHL38D2NGMVRX7Q64IE1,11,11,1,0.17,7.155418,0.919759,1.349142,,1.0,0.0,point_previews/task000146_mu000064_rho020_n1.png
0.3,64,8,license_plate_bahnschrift.ttf,BFUCAOZJ9Y5KPW0TSHL38D2NGMVRX7Q64IE1,11,11,0,0.255,8.763561,0.881116,1.10157,,1.0,0.0,point_previews/task000146_mu000064_rho030_n0.png
0.3,64,8,license_plate_bahnschrift.ttf,BFUCAOZJ9Y5KPW0TSHL38D2NGMVRX7Q64IE1,11,11,1,0.255,8.763561,0.881116,1.10157,BEDCAOZIFYSKPWOTSHL3SO7NGMYVRETQS4IET,0.388889,0.611111,point_previews/task000146_mu000064_rho030_n1.png
0.4,64,8,license_plate_bahnschrift.ttf,BFUCAOZJ9Y5KPW0TSHL38D2NGMVRX7Q64IE1,11,11,0,0.34,10.119289,0.843436,0.953987,BFUCAOZJOYSKPWOTSHLZ8D2NGMVRETQ6AIET,0.222222,0.777778,point_previews/task000146_mu000064_rho040_n0.png
0.4,64,8,license_plate_bahnschrift.ttf,BFUCAOZJ9Y5KPW0TSHL38D2NGMVRX7Q64IE1,11,11,1,0.34,10.119289,0.843436,0.953987,BFUSAOZJSYSKPWOTSHI3802NGMVRXTOS4IE,0.277778,0.722222,point_previews/task000146_mu000064_rho040_n1.png
0.5,64,8,license_plate_bahnschrift.ttf,BFUCAOZJ9Y5KPW0TSHL38D2NGMVRX7Q64IE1,11,11,0,0.425,11.313708,0.8067,0.853272,BFUCAOZJ9YSKPWOTSHLS8D2NGMVRXTQS4IED,0.166667,0.833333,point_previews/task000146_mu000064_rho050_n0.png
0.5,64,8,license_plate_bahnschrift.ttf,BFUCAOZJ9Y5KPW0TSHL38D2NGMVRX7Q64IE1,11,11,1,0.425,11.313708,0.8067,0.853272,BFUCAOZJOYSKPWOTSHL38D7NGMVYRXTQS4IET,0.222222,0.777778,point_previews/task000146_mu000064_rho050_n1.png
0.6,64,8,license_plate_bahnschrift.ttf,BFUCAOZJ9Y5KPW0TSHL38D2NGMVRX7Q64IE1,11,11,0,0.51,12.393547,0.770893,0.778927,BFUCAOZJ9YSKPWOTSHL3802NGMYVRK7Q64IEI,0.166667,0.833333,point_previews/task000146_mu000064_rho060_n0.png
0.6,64,8,license_plate_bahnschrift.ttf,BFUCAOZJ9Y5KPW0TSHL38D2NGMVRX7Q64IE1,11,11,1,0.51,12.393547,0.770893,0.778927,BFUCAOZJ9VSKPWOTSHL38D2NGMVRXTQ64IET,0.138889,0.861111,point_previews/task000146_mu000064_rho060_n1.png
0.7,64,8,license_plate_bahnschrift.ttf,BFUCAOZJ9Y5KPW0TSHL38D2NGMVRX7Q64IE1,11,11,0,0.595,13.38656,0.735998,0.721147,BFUCAOZJ9YSKPWOTSHL38D2NGMVRX7Q64IEI,0.083333,0.916667,point_previews/task000146_mu000064_rho070_n0.png
0.7,64,8,license_plate_bahnschrift.ttf,BFUCAOZJ9Y5KPW0TSHL38D2NGMVRX7Q64IE1,11,11,1,0.595,13.38656,0.735998,0.721147,BFUCAOZJ9YSKPWOTSHL38D2NGMVRX7Q641E1,0.083333,0.916667,point_previews/task000146_mu000064_rho070_n1.png
0.8,64,8,license_plate_bahnschrift.ttf,BFUCAOZJ9Y5KPW0TSHL38D2NGMVRX7Q64IE1,11,11,0,0.68,14.310835,0.701998,0.674571,BFUCAOZJ9YSKPWOTSHL38D2NGMVRX7Q64IE1,0.055556,0.944444,point_previews/task000146_mu000064_rho080_n0.png
0.8,64,8,license_plate_bahnschrift.ttf,BFUCAOZJ9Y5KPW0TSHL38D2NGMVRX7Q64IE1,11,11,1,0.68,14.310835,0.701998,0.674571,BFUCAOZJ9YSKPWOTSHL38D2NGMVRX7GQS4IE1,0.111111,0.888889,point_previews/task000146_mu000064_rho080_n1.png
0.9,64,8,license_plate_bahnschrift.ttf,BFUCAOZJ9Y5KPW0TSHL38D2NGMVRX7Q64IE1,11,11,0,0.765,15.178933,0.668877,0.635992,BFUCAOZJ9YSKPWOTSHL38D2NGMVRX7Q64IE1,0.055556,0.944444,point_previews/task000146_mu000064_rho090_n0.png
0.9,64,8,license_plate_bahnschrift.ttf,BFUCAOZJ9Y5KPW0TSHL38D2NGMVRX7Q64IE1,11,11,1,0.765,15.178933,0.668877,0.635992,BFUCAOZJOYSKPWOTSHL3802NGMVRX7Q441E1,0.166667,0.833333,point_previews/task000146_mu000064_rho090_n1.png
1.0,64,8,license_plate_bahnschrift.ttf,BFUCAOZJ9Y5KPW0TSHL38D2NGMVRX7Q64IE1,11,11,0,0.85,16.0,0.63662,0.603355,BFUCAOZJOYSKPWOTSHL38D2NGMVRXTO64IEL,0.166667,0.833333,point_previews/task000146_mu000064_rho100_n0.png
1.0,64,8,license_plate_bahnschrift.ttf,BFUCAOZJ9Y5KPW0TSHL38D2NGMVRX7Q64IE1,11,11,1,0.85,16.0,0.63662,0.603355,BFUCAOZJ9YSKPWOTSHL38D2NGMYRX7Q64IEI,0.111111,0.888889,point_previews/task000146_mu000064_rho100_n1.png
0.1,256,8,license_plate_bahnschrift.ttf,BFUCAOZJ9Y5KPW0TSHL38D2NGMVRX7Q64IE1,11,11,0,0.085,5.059644,0.959381,1.907975,BFUCAOZIFYSKPWOTSHLS8D2NGMVRK7Q64IET,0.194444,0.805556,point_previews/task000147_mu000256_rho010_n0.png
0.1,256,8,license_plate_bahnschrift.ttf,BFUCAOZJ9Y5KPW0TSHL38D2NGMVRX7Q64IE1,11,11,1,0.085,5.059644,0.959381,1.907975,BEUCAOZISYSKPWOTSHL3802NGMVRX7O64IE1,0.194444,0.805556,point_previews/task000147_mu000256_rho010_n1.png
0.2,256,8,license_plate_bahnschrift.ttf,BFUCAOZJ9Y5KPW0TSHL38D2NGMVRX7Q64IE1,11,11,0,0.17,7.155418,0.919759,1.349142,BFUCAOZIIYSKPWOTSHL38D2NGMVRXTQ64IET,0.166667,0.833333,point_previews/task000147_mu000256_rho020_n0.png
0.2,256,8,license_plate_bahnschrift.ttf,BFUCAOZJ9Y5KPW0TSHL38D2NGMVRX7Q64IE1,11,11,1,0.17,7.155418,0.919759,1.349142,BFUCAOZJSYSKPWOTSHL38D2NGMYRX7Q641E,0.166667,0.833333,point_previews/task000147_mu000256_rho020_n1.png
0.3,256,8,license_plate_bahnschrift.ttf,BFUCAOZJ9Y5KPW0TSHL38D2NGMVRX7Q64IE1,11,11,0,0.255,8.763561,0.881116,1.10157,BFUCAOZIFVYSKPWOTSHL38D2NGMVRX7Q64IEI,0.166667,0.833333,point_previews/task000147_mu000256_rho030_n0.png
0.3,256,8,license_plate_bahnschrift.ttf,BFUCAOZJ9Y5KPW0TSHL38D2NGMVRX7Q64IE1,11,11,1,0.255,8.763561,0.881116,1.10157,BFUCAOZJ9YSKPWOTSHL38D2NGMVRX7Q64IE,0.083333,0.916667,point_previews/task000147_mu000256_rho030_n1.png
0.4,256,8,license_plate_bahnschrift.ttf,BFUCAOZJ9Y5KPW0TSHL38D2NGMVRX7Q64IE1,11,11,0,0.34,10.119289,0.843436,0.953987,BFUCAOZJI9YSKPWOTSHL3802NGMVRX7TG464IE1,0.194444,0.805556,point_previews/task000147_mu000256_rho040_n0.png
0.4,256,8,license_plate_bahnschrift.ttf,BFUCAOZJ9Y5KPW0TSHL38D2NGMVRX7Q64IE1,11,11,1,0.34,10.119289,0.843436,0.953987,BFUCAOZI9YSKPWOTSHLSSDZNGMVRXTQ64IE1,0.194444,0.805556,point_previews/task000147_mu000256_rho040_n1.png
0.5,256,8,license_plate_bahnschrift.ttf,BFUCAOZJ9Y5KPW0TSHL38D2NGMVRX7Q64IE1,11,11,0,0.425,11.313708,0.8067,0.853272,BFUCAOZI9YSKPWOTSHL38D2NGMVRX7Q464IE1,0.111111,0.888889,point_previews/task000147_mu000256_rho050_n0.png
0.5,256,8,license_plate_bahnschrift.ttf,BFUCAOZJ9Y5KPW0TSHL38D2NGMVRX7Q64IE1,11,11,1,0.425,11.313708,0.8067,0.853272,BFUCAOZI9YSKPWOTSHL38D2NGMVRXTQ44IE1,0.138889,0.861111,point_previews/task000147_mu000256_rho050_n1.png
0.6,256,8,license_plate_bahnschrift.ttf,BFUCAOZJ9Y5KPW0TSHL38D2NGMVRX7Q64IE1,11,11,0,0.51,12.393547,0.770893,0.778927,BFUCAOZJ9YSKPWOTSHLS8DZNGMVRX7G64IE1,0.138889,0.861111,point_previews/task000147_mu000256_rho060_n0.png
0.6,256,8,license_plate_bahnschrift.ttf,BFUCAOZJ9Y5KPW0TSHL38D2NGMVRX7Q64IE1,11,11,1,0.51,12.393547,0.770893,0.778927,BFUCAOZI9YSKPWOTSHLSS8D2NGMVRX7GQ64IE1,0.166667,0.833333,point_previews/task000147_mu000256_rho060_n1.png
0.7,256,8,license_plate_bahnschrift.ttf,BFUCAOZJ9Y5KPW0TSHL38D2NGMVRX7Q64IE1,11,11,0,0.595,13.38656,0.735998,0.721147,BFUCAOZI9YSKPWOTSHL38D2NGMVRX7Q64IE,0.111111,0.888889,point_previews/task000147_mu000256_rho070_n0.png
0.7,256,8,license_plate_bahnschrift.ttf,BFUCAOZJ9Y5KPW0TSHL38D2NGMVRX7Q64IE1,11,11,1,0.595,13.38656,0.735998,0.721147,BFUCAOZJ9YSKPWOTSHL38D2NGMYVRX7Q64IE1,0.083333,0.916667,point_previews/task000147_mu000256_rho070_n1.png
0.8,256,8,license_plate_bahnschrift.ttf,BFUCAOZJ9Y5KPW0TSHL38D2NGMVRX7Q64IE1,11,11,0,0.68,14.310835,0.701998,0.674571,BFUCAOZI9YSKPWOTSHL38D2NGMVRX7Q64IEI,0.111111,0.888889,point_previews/task000147_mu000256_rho080_n0.png
0.8,256,8,license_plate_bahnschrift.ttf,BFUCAOZJ9Y5KPW0TSHL38D2NGMVRX7Q64IE1,11,11,1,0.68,14.310835,0.701998,0.674571,BFUCAOZI9YSKPWOTSHLS8D2NGMVRX7G64IEI,0.166667,0.833333,point_previews/task000147_mu000256_rho080_n1.png
0.9,256,8,license_plate_bahnschrift.ttf,BFUCAOZJ9Y5KPW0TSHL38D2NGMVRX7Q64IE1,11,11,0,0.765,15.178933,0.668877,0.635992,BFUCAOZI9YSKPWOTSHL3S8D2NGMVRX7Q64IEI,0.138889,0.861111,point_previews/task000147_mu000256_rho090_n0.png
0.9,256,8,license_plate_bahnschrift.ttf,BFUCAOZJ9Y5KPW0TSHL38D2NGMVRX7Q64IE1,11,11,1,0.765,15.178933,0.668877,0.635992,BFUCAOZI9YSKPWOTSHL38D2NGMVRX7G64IE1,0.111111,0.888889,point_previews/task000147_mu000256_rho090_n1.png
1.0,256,8,license_plate_bahnschrift.ttf,BFUCAOZJ9Y5KPW0TSHL38D2NGMVRX7Q64IE1,11,11,0,0.85,16.0,0.63662,0.603355,BFUCAOZJ9YSKPWOTSHL3S8D2NGMVRX7Q64IEI,0.111111,0.888889,point_previews/task000147_mu000256_rho100_n0.png
1.0,256,8,license_plate_bahnschrift.ttf,BFUCAOZJ9Y5KPW0TSHL38D2NGMVRX7Q64IE1,11,11,1,0.85,16.0,0.63662,0.603355,BFUCAOZJ9YSKPWOTSHL38D2NGMVRX7G64IEI,0.111111,0.888889,point_previews/task000147_mu000256_rho100_n1.png
0.1,1024,8,license_plate_bahnschrift.ttf,BFUCAOZJ9Y5KPW0TSHL38D2NGMVRX7Q64IE1,11,11,0,0.085,5.059644,0.959381,1.907975,BFUCAOZITYSKPWOTSHL380ZNGMYRX7Q64IE1,0.194444,0.805556,point_previews/task000148_mu001024_rho010_n0.png
0.1,1024,8,license_plate_bahnschrift.ttf,BFUCAOZJ9Y5KPW0TSHL38D2NGMVRX7Q64IE1,11,11,1,0.085,5.059644,0.959381,1.907975,BFUCAOZI9YSKPWOTSHL38D2Z2NGMYRX7Q64E1,0.194444,0.805556,point_previews/task000148_mu001024_rho010_n1.png
0.2,1024,8,license_plate_bahnschrift.ttf,BFUCAOZJ9Y5KPW0TSHL38D2NGMVRX7Q64IE1,11,11,0,0.17,7.155418,0.919759,1.349142,BFUCAOZIIYSKPWOTSHL38D2NGMYRX7Q64IE1,0.138889,0.861111,point_previews/task000148_mu001024_rho020_n0.png
0.2,1024,8,license_plate_bahnschrift.ttf,BFUCAOZJ9Y5KPW0TSHL38D2NGMVRX7Q64IE1,11,11,1,0.17,7.155418,0.919759,1.349142,BFUCAOZI9YSKPWOTSHL38D2ZNGMYVRX7Q64IE1,0.138889,0.861111,point_previews/task000148_mu001024_rho020_n1.png
0.3,1024,8,license_plate_bahnschrift.ttf,BFUCAOZJ9Y5KPW0TSHL38D2NGMVRX7Q64IE1,11,11,0,0.255,8.763561,0.881116,1.10157,BFUCAOZIFYSKPWOTSHL38D2NGMVRX7Q64IEI,0.138889,0.861111,point_previews/task000148_mu001024_rho030_n0.png
0.3,1024,8,license_plate_bahnschrift.ttf,BFUCAOZJ9Y5KPW0TSHL38D2NGMVRX7Q64IE1,11,11,1,0.255,8.763561,0.881116,1.10157,BFUCAOZI9YSKPWOTSHL38D2NGMYRX7Q64IEI,0.138889,0.861111,point_previews/task000148_mu001024_rho030_n1.png
0.4,1024,8,license_plate_bahnschrift.ttf,BFUCAOZJ9Y5KPW0TSHL38D2NGMVRX7Q64IE1,11,11,0,0.34,10.119289,0.843436,0.953987,BFUCAOZJI9YSKPWOTSHL38D2NGMVRX7Q64IE,0.111111,0.888889,point_previews/task000148_mu001024_rho040_n0.png
0.4,1024,8,license_plate_bahnschrift.ttf,BFUCAOZJ9Y5KPW0TSHL38D2NGMVRX7Q64IE1,11,11,1,0.34,10.119289,0.843436,0.953987,BFUCAOZJ9YSKPWOTSHL38D2NGMVRX7Q64IEI,0.083333,0.916667,point_previews/task000148_mu001024_rho040_n1.png
0.5,1024,8,license_plate_bahnschrift.ttf,BFUCAOZJ9Y5KPW0TSHL38D2NGMVRX7Q64IE1,11,11,0,0.425,11.313708,0.8067,0.853272,BFUCAOZI9YSKPWOTSHL38D2ZNGMVRX7Q64IE1,0.111111,0.888889,point_previews/task000148_mu001024_rho050_n0.png
0.5,1024,8,license_plate_bahnschrift.ttf,BFUCAOZJ9Y5KPW0TSHL38D2NGMVRX7Q64IE1,11,11,1,0.425,11.313708,0.8067,0.853272,BFUCAOZJI9YSKPWOTSHL38D2NGMVRX7Q44IEI,0.138889,0.861111,point_previews/task000148_mu001024_rho050_n1.png
0.6,1024,8,license_plate_bahnschrift.ttf,BFUCAOZJ9Y5KPW0TSHL38D2NGMVRX7Q64IE1,11,11,0,0.51,12.393547,0.770893,0.778927,BFUCAOZJ9YSKPWOTSHLSS8D2NGMVRX7GQ64IE1,0.138889,0.861111,point_previews/task000148_mu001024_rho060_n0.png
0.6,1024,8,license_plate_bahnschrift.ttf,BFUCAOZJ9Y5KPW0TSHL38D2NGMVRX7Q64IE1,11,11,1,0.51,12.393547,0.770893,0.778927,BFUCAOZJ9YSKPWOTSHL38D2NGMVRX7Q464IEI,0.111111,0.888889,point_previews/task000148_mu001024_rho060_n1.png
0.7,1024,8,license_plate_bahnschrift.ttf,BFUCAOZJ9Y5KPW0TSHL38D2NGMVRX7Q64IE1,11,11,0,0.595,13.38656,0.735998,0.721147,BFUCAOZI9YSKPWOTSHLS8D2NGMVRX7Q64IEI,0.138889,0.861111,point_previews/task000148_mu001024_rho070_n0.png
0.7,1024,8,license_plate_bahnschrift.ttf,BFUCAOZJ9Y5KPW0TSHL38D2NGMVRX7Q64IE1,11,11,1,0.595,13.38656,0.735998,0.721147,BFUCAOZI9YSKPWOTSHL38D2NGMVRX7Q64IE1,0.083333,0.916667,point_previews/task000148_mu001024_rho070_n1.png
0.8,1024,8,license_plate_bahnschrift.ttf,BFUCAOZJ9Y5KPW0TSHL38D2NGMVRX7Q64IE1,11,11,0,0.68,14.310835,0.701998,0.674571,BFUCAOZI9YSKPWOTSHL3S8D2NGMVRX7Q64IEI,0.138889,0.861111,point_previews/task000148_mu001024_rho080_n0.png
0.8,1024,8,license_plate_bahnschrift.ttf,BFUCAOZJ9Y5KPW0TSHL38D2NGMVRX7Q64IE1,11,11,1,0.68,14.310835,0.701998,0.674571,BFUCAOZJ9YSKPWOTSHLS8D2NGMVRX7Q64IEI,0.111111,0.888889,point_previews/task000148_mu001024_rho080_n1.png
0.9,1024,8,license_plate_bahnschrift.ttf,BFUCAOZJ9Y5KPW0TSHL38D2NGMVRX7Q64IE1,11,11,0,0.765,15.178933,0.668877,0.635992,BFUCAOZJ9YSKPWOTSHL38D2NGMVRX7Q64IEI,0.083333,0.916667,point_previews/task000148_mu001024_rho090_n0.png
0.9,1024,8,license_plate_bahnschrift.ttf,BFUCAOZJ9Y5KPW0TSHL38D2NGMVRX7Q64IE1,11,11,1,0.765,15.178933,0.668877,0.635992,BFUCAOZIJ9YSKPWOTSHL38D2NGMVRX7Q64IE1,0.083333,0.916667,point_previews/task000148_mu001024_rho090_n1.png
1.0,1024,8,license_plate_bahnschrift.ttf,BFUCAOZJ9Y5KPW0TSHL38D2NGMVRX7Q64IE1,11,11,0,0.85,16.0,0.63662,0.603355,BFUCAOZJ9YSKPWOTSHL3S8D2NGMVRX7GQ64IE1,0.111111,0.888889,point_previews/task000148_mu001024_rho100_n0.png
1.0,1024,8,license_plate_bahnschrift.ttf,BFUCAOZJ9Y5KPW0TSHL38D2NGMVRX7Q64IE1,11,11,1,0.85,16.0,0.63662,0.603355,BFUCAOZJ9YSKPWOTSHL38D2NGMVRX7Q64IEI,0.083333,0.916667,point_previews/task000148_mu001024_rho100_n1.png
0.1,4096,8,license_plate_bahnschrift.ttf,BFUCAOZJ9Y5KPW0TSHL38D2NGMVRX7Q64IE1,11,11,0,0.085,5.059644,0.959381,1.907975,BFUCAOZIIYSKPWOTSHL38DZNGMYRX7Q64IE1,0.166667,0.833333,point_previews/task000149_mu004096_rho010_n0.png
0.1,4096,8,license_plate_bahnschrift.ttf,BFUCAOZJ9Y5KPW0TSHL38D2NGMVRX7Q64IE1,11,11,1,0.085,5.059644,0.959381,1.907975,BFUCAOZI9YSKPWOTSHL38D2NGMYRX7Q64IE,0.138889,0.861111,point_previews/task000149_mu004096_rho010_n1.png
0.2,4096,8,license_plate_bahnschrift.ttf,BFUCAOZJ9Y5KPW0TSHL38D2NGMVRX7Q64IE1,11,11,0,0.17,7.155418,0.919759,1.349142,BFUCAOZIFYSKPWOTSHLS8D2NGMVRX7Q64I1E1,0.166667,0.833333,point_previews/task000149_mu004096_rho020_n0.png
0.2,4096,8,license_plate_bahnschrift.ttf,BFUCAOZJ9Y5KPW0TSHL38D2NGMVRX7Q64IE1,11,11,1,0.17,7.155418,0.919759,1.349142,BFUCAOZI9YSKPWOTSHL38D2NGMYVRX7Q64IEI,0.138889,0.861111,point_previews/task000149_mu004096_rho020_n1.png
0.3,4096,8,license_plate_bahnschrift.ttf,BFUCAOZJ9Y5KPW0TSHL38D2NGMVRX7Q64IE1,11,11,0,0.255,8.763561,0.881116,1.10157,BFUCAOZJ9YSKPWOTSHL38D2NGMYVRX7Q644IEI,0.138889,0.861111,point_previews/task000149_mu004096_rho030_n0.png
0.3,4096,8,license_plate_bahnschrift.ttf,BFUCAOZJ9Y5KPW0TSHL38D2NGMVRX7Q64IE1,11,11,1,0.255,8.763561,0.881116,1.10157,BFUCAOZI9YSKPWOTSHL38D2ZNGMVRX7Q4641E,0.194444,0.805556,point_previews/task000149_mu004096_rho030_n1.png
0.4,4096,8,license_plate_bahnschrift.ttf,BFUCAOZJ9Y5KPW0TSHL38D2NGMVRX7Q64IE1,11,11,0,0.34,10.119289,0.843436,0.953987,BFUCAOZJ9YSKPWOTSHL38D2NGMVRX7Q64IE,0.083333,0.916667,point_previews/task000149_mu004096_rho040_n0.png
0.4,4096,8,license_plate_bahnschrift.ttf,BFUCAOZJ9Y5KPW0TSHL38D2NGMVRX7Q64IE1,11,11,1,0.34,10.119289,0.843436,0.953987,BFUCAOZJI9YSKPWOTSHL38D2NGMVRX7Q64IEI,0.111111,0.888889,point_previews/task000149_mu004096_rho040_n1.png
0.5,4096,8,license_plate_bahnschrift.ttf,BFUCAOZJ9Y5KPW0TSHL38D2NGMVRX7Q64IE1,11,11,0,0.425,11.313708,0.8067,0.853272,BFUCAOZJ9YSKPWOTSHL38D2NGMVRX7Q64IEI,0.083333,0.916667,point_previews/task000149_mu004096_rho050_n0.png
0.5,4096,8,license_plate_bahnschrift.ttf,BFUCAOZJ9Y5KPW0TSHL38D2NGMVRX7Q64IE1,11,11,1,0.425,11.313708,0.8067,0.853272,BFUCAOZJ9YSKPWOTSHL38D2NGMVRX7Q64IEI,0.083333,0.916667,point_previews/task000149_mu004096_rho050_n1.png
0.6,4096,8,license_plate_bahnschrift.ttf,BFUCAOZJ9Y5KPW0TSHL38D2NGMVRX7Q64IE1,11,11,0,0.51,12.393547,0.770893,0.778927,BFUCAOZJ9YSKPWOTSHL38D2NGMVRX7Q64IEI,0.083333,0.916667,point_previews/task000149_mu004096_rho060_n0.png
0.6,4096,8,license_plate_bahnschrift.ttf,BFUCAOZJ9Y5KPW0TSHL38D2NGMVRX7Q64IE1,11,11,1,0.51,12.393547,0.770893,0.778927,BFUCAOZJ9YSKPWOTSHL38D2NGMVRX7Q64IEI,0.083333,0.916667,point_previews/task000149_mu004096_rho060_n1.png
0.7,4096,8,license_plate_bahnschrift.ttf,BFUCAOZJ9Y5KPW0TSHL38D2NGMVRX7Q64IE1,11,11,0,0.595,13.38656,0.735998,0.721147,BFUCAOZI9YSKPWOTSHL38D2NGMVRX7Q64IE1,0.083333,0.916667,point_previews/task000149_mu004096_rho070_n0.png
0.7,4096,8,license_plate_bahnschrift.ttf,BFUCAOZJ9Y5KPW0TSHL38D2NGMVRX7Q64IE1,11,11,1,0.595,13.38656,0.735998,0.721147,BFUCAOZI9YSKPWOTSHL38D2NGMVRX7Q64IE1,0.083333,0.916667,point_previews/task000149_mu004096_rho070_n1.png
0.8,4096,8,license_plate_bahnschrift.ttf,BFUCAOZJ9Y5KPW0TSHL38D2NGMVRX7Q64IE1,11,11,0,0.68,14.310835,0.701998,0.674571,BFUCAOZJ9YSKPWOTSHL38D2NGMVRX7Q64IE1,0.055556,0.944444,point_previews/task000149_mu004096_rho080_n0.png
0.8,4096,8,license_plate_bahnschrift.ttf,BFUCAOZJ9Y5KPW0TSHL38D2NGMVRX7Q64IE1,11,11,1,0.68,14.310835,0.701998,0.674571,BFUCAOZJ9YSKPWOTSHL38D2NGMVRX7Q64IEI,0.083333,0.916667,point_previews/task000149_mu004096_rho080_n1.png
0.9,4096,8,license_plate_bahnschrift.ttf,BFUCAOZJ9Y5KPW0TSHL38D2NGMVRX7Q64IE1,11,11,0,0.765,15.178933,0.668877,0.635992,BFUCAOZJI9YSKPWOTSHL38D2NGMVRX7Q64IE1,0.083333,0.916667,point_previews/task000149_mu004096_rho090_n0.png
0.9,4096,8,license_plate_bahnschrift.ttf,BFUCAOZJ9Y5KPW0TSHL38D2NGMVRX7Q64IE1,11,11,1,0.765,15.178933,0.668877,0.635992,BFUCAOZI9YSKPWOTSHLS8D2NGMVRX7Q64IE1,0.111111,0.888889,point_previews/task000149_mu004096_rho090_n1.png
1.0,4096,8,license_plate_bahnschrift.ttf,BFUCAOZJ9Y5KPW0TSHL38D2NGMVRX7Q64IE1,11,11,0,0.85,16.0,0.63662,0.603355,BFUCAOZJ9YSKPWOTSHL38D2NGMVRX7Q64IEI,0.083333,0.916667,point_previews/task000149_mu004096_rho100_n0.png
1.0,4096,8,license_plate_bahnschrift.ttf,BFUCAOZJ9Y5KPW0TSHL38D2NGMVRX7Q64IE1,11,11,1,0.85,16.0,0.63662,0.603355,BFUCAOZI9YSKPWOTSHL3S8D2NGMVRX7GQ64IEI,0.166667,0.833333,point_previews/task000149_mu004096_rho100_n1.png
0.1,16384,8,license_plate_bahnschrift.ttf,BFUCAOZJ9Y5KPW0TSHL38D2NGMVRX7Q64IE1,11,11,0,0.085,5.059644,0.959381,1.907975,BFUCAOZIFYSKPWOTSHL38D2NGMYRX7Q641E1,0.166667,0.833333,point_previews/task000150_mu016384_rho010_n0.png
0.1,16384,8,license_plate_bahnschrift.ttf,BFUCAOZJ9Y5KPW0TSHL38D2NGMVRX7Q64IE1,11,11,1,0.085,5.059644,0.959381,1.907975,BFUCAOZIFYSKPWOTSHL38D2NGMYRX7Q641E1,0.166667,0.833333,point_previews/task000150_mu016384_rho010_n1.png
0.2,16384,8,license_plate_bahnschrift.ttf,BFUCAOZJ9Y5KPW0TSHL38D2NGMVRX7Q64IE1,11,11,0,0.17,7.155418,0.919759,1.349142,BFUCAOZIFYSKPWOTSHLS8D2NGMYRX7Q64I1E1,0.194444,0.805556,point_previews/task000150_mu016384_rho020_n0.png
0.2,16384,8,license_plate_bahnschrift.ttf,BFUCAOZJ9Y5KPW0TSHL38D2NGMVRX7Q64IE1,11,11,1,0.17,7.155418,0.919759,1.349142,BFUCAOZIFYSKPWOTSHLS8D2NGMYRX7Q64I1E1,0.194444,0.805556,point_previews/task000150_mu016384_rho020_n1.png
0.3,16384,8,license_plate_bahnschrift.ttf,BFUCAOZJ9Y5KPW0TSHL38D2NGMVRX7Q64IE1,11,11,0,0.255,8.763561,0.881116,1.10157,BFUCAOZI9YSKPWOTSHL38D2ZNGMVRX7Q4641E1,0.166667,0.833333,point_previews/task000150_mu016384_rho030_n0.png
0.3,16384,8,license_plate_bahnschrift.ttf,BFUCAOZJ9Y5KPW0TSHL38D2NGMVRX7Q64IE1,11,11,1,0.255,8.763561,0.881116,1.10157,BFUCAOZJ9YSKPWOTSHL38D2NGMVRX7Q644IEI,0.111111,0.888889,point_previews/task000150_mu016384_rho030_n1.png
0.4,16384,8,license_plate_bahnschrift.ttf,BFUCAOZJ9Y5KPW0TSHL38D2NGMVRX7Q64IE1,11,11,0,0.34,10.119289,0.843436,0.953987,BFUCAOZJI9YSKPWOTSHL38D2NGMVRX7Q64IE1,0.083333,0.916667,point_previews/task000150_mu016384_rho040_n0.png
0.4,16384,8,license_plate_bahnschrift.ttf,BFUCAOZJ9Y5KPW0TSHL38D2NGMVRX7Q64IE1,11,11,1,0.34,10.119289,0.843436,0.953987,BFUCAOZJI9YSKPWOTSHL38D2NGMVRX7Q64IE,0.111111,0.888889,point_previews/task000150_mu016384_rho040_n1.png
0.5,16384,8,license_plate_bahnschrift.ttf,BFUCAOZJ9Y5KPW0TSHL38D2NGMVRX7Q64IE1,11,11,0,0.425,11.313708,0.8067,0.853272,BFUCAOZI9YSKPWOTSHL38D2NGMVRX7Q64IE1,0.083333,0.916667,point_previews/task000150_mu016384_rho050_n0.png
0.5,16384,8,license_plate_bahnschrift.ttf,BFUCAOZJ9Y5KPW0TSHL38D2NGMVRX7Q64IE1,11,11,1,0.425,11.313708,0.8067,0.853272,BFUCAOZI9YSKPWOTSHL38D2ZNGMVRX7Q64IE1,0.111111,0.888889,point_previews/task000150_mu016384_rho050_n1.png
0.6,16384,8,license_plate_bahnschrift.ttf,BFUCAOZJ9Y5KPW0TSHL38D2NGMVRX7Q64IE1,11,11,0,0.51,12.393547,0.770893,0.778927,BFUCAOZJ9YSKPWOTSHL38D2NGMVRX7Q64IEI,0.083333,0.916667,point_previews/task000150_mu016384_rho060_n0.png
0.6,16384,8,license_plate_bahnschrift.ttf,BFUCAOZJ9Y5KPW0TSHL38D2NGMVRX7Q64IE1,11,11,1,0.51,12.393547,0.770893,0.778927,BFUCAOZJ9YSKPWOTSHL38D2NGMVRX7Q64IEI,0.083333,0.916667,point_previews/task000150_mu016384_rho060_n1.png
0.7,16384,8,license_plate_bahnschrift.ttf,BFUCAOZJ9Y5KPW0TSHL38D2NGMVRX7Q64IE1,11,11,0,0.595,13.38656,0.735998,0.721147,BFUCAOZI9YSKPWOTSHL38D2NGMVRX7Q64IE1,0.083333,0.916667,point_previews/task000150_mu016384_rho070_n0.png
0.7,16384,8,license_plate_bahnschrift.ttf,BFUCAOZJ9Y5KPW0TSHL38D2NGMVRX7Q64IE1,11,11,1,0.595,13.38656,0.735998,0.721147,BFUCAOZI9YSKPWOTSHL38D2NGMVRX7Q64IE1,0.083333,0.916667,point_previews/task000150_mu016384_rho070_n1.png
0.8,16384,8,license_plate_bahnschrift.ttf,BFUCAOZJ9Y5KPW0TSHL38D2NGMVRX7Q64IE1,11,11,0,0.68,14.310835,0.701998,0.674571,BFUCAOZJ9YSKPWOTSHL3S8D2NGMVRX7Q64IE1,0.083333,0.916667,point_previews/task000150_mu016384_rho080_n0.png
0.8,16384,8,license_plate_bahnschrift.ttf,BFUCAOZJ9Y5KPW0TSHL38D2NGMVRX7Q64IE1,11,11,1,0.68,14.310835,0.701998,0.674571,BFUCAOZJ9YSKPWOTSHL38D2NGMVRX7Q64IEI,0.083333,0.916667,point_previews/task000150_mu016384_rho080_n1.png
0.9,16384,8,license_plate_bahnschrift.ttf,BFUCAOZJ9Y5KPW0TSHL38D2NGMVRX7Q64IE1,11,11,0,0.765,15.178933,0.668877,0.635992,BFUCAOZI9YSKPWOTSHL38D2NGMVRX7Q64IE1,0.083333,0.916667,point_previews/task000150_mu016384_rho090_n0.png
0.9,16384,8,license_plate_bahnschrift.ttf,BFUCAOZJ9Y5KPW0TSHL38D2NGMVRX7Q64IE1,11,11,1,0.765,15.178933,0.668877,0.635992,BFUCAOZI9YSKPWOTSHL38D2NGMVRX7Q64IE1,0.083333,0.916667,point_previews/task000150_mu016384_rho090_n1.png
1.0,16384,8,license_plate_bahnschrift.ttf,BFUCAOZJ9Y5KPW0TSHL38D2NGMVRX7Q64IE1,11,11,0,0.85,16.0,0.63662,0.603355,BFUCAOZJ9YSKPWOTSHL3S8D2NGMVRX7Q64IEI,0.111111,0.888889,point_previews/task000150_mu016384_rho100_n0.png
1.0,16384,8,license_plate_bahnschrift.ttf,BFUCAOZJ9Y5KPW0TSHL38D2NGMVRX7Q64IE1,11,11,1,0.85,16.0,0.63662,0.603355,BFUCAOZJ9YSKPWOTSHL3S8D2NGMVRX7Q64IEI,0.111111,0.888889,point_previews/task000150_mu016384_rho100_n1.png
0.1,65536,8,license_plate_bahnschrift.ttf,BFUCAOZJ9Y5KPW0TSHL38D2NGMVRX7Q64IE1,11,11,0,0.085,5.059644,0.959381,1.907975,BFUCAOZI9YSKPWOTSHL3S8D2ZNGMYRX7Q64IE1,0.166667,0.833333,point_previews/task000151_mu065536_rho010_n0.png
0.1,65536,8,license_plate_bahnschrift.ttf,BFUCAOZJ9Y5KPW0TSHL38D2NGMVRX7Q64IE1,11,11,1,0.085,5.059644,0.959381,1.907975,BFUCAOZIIYSKPWOTSHL38D2NGMYRX7Q641E1,0.166667,0.833333,point_previews/task000151_mu065536_rho010_n1.png
0.2,65536,8,license_plate_bahnschrift.ttf,BFUCAOZJ9Y5KPW0TSHL38D2NGMVRX7Q64IE1,11,11,0,0.17,7.155418,0.919759,1.349142,BFUCAOZI9YSKPWOTSHLS8D2NGMYRX7Q64I1E1,0.166667,0.833333,point_previews/task000151_mu065536_rho020_n0.png
0.2,65536,8,license_plate_bahnschrift.ttf,BFUCAOZJ9Y5KPW0TSHL38D2NGMVRX7Q64IE1,11,11,1,0.17,7.155418,0.919759,1.349142,BFUCAOZIFYSKPWOTSHL3S8D2NGMYRX7Q64IE1,0.166667,0.833333,point_previews/task000151_mu065536_rho020_n1.png
0.3,65536,8,license_plate_bahnschrift.ttf,BFUCAOZJ9Y5KPW0TSHL38D2NGMVRX7Q64IE1,11,11,0,0.255,8.763561,0.881116,1.10157,BFUCAOZI9YSKPWOTSHL38D2ZNGMVRX7Q4641E1,0.166667,0.833333,point_previews/task000151_mu065536_rho030_n0.png
0.3,65536,8,license_plate_bahnschrift.ttf,BFUCAOZJ9Y5KPW0TSHL38D2NGMVRX7Q64IE1,11,11,1,0.255,8.763561,0.881116,1.10157,BFUCAOZI9YSKPWOTSHL38D2ZNGMVRX7Q4641E1,0.166667,0.833333,point_previews/task000151_mu065536_rho030_n1.png
0.4,65536,8,license_plate_bahnschrift.ttf,BFUCAOZJ9Y5KPW0TSHL38D2NGMVRX7Q64IE1,11,11,0,0.34,10.119289,0.843436,0.953987,BFUCAOZJI9YSKPWOTSHL38D2NGMVRX7Q64IEI,0.111111,0.888889,point_previews/task000151_mu065536_rho040_n0.png
0.4,65536,8,license_plate_bahnschrift.ttf,BFUCAOZJ9Y5KPW0TSHL38D2NGMVRX7Q64IE1,11,11,1,0.34,10.119289,0.843436,0.953987,BFUCAOZJ9YSKPWOTSHL38D2NGMVRX7Q64IEI,0.083333,0.916667,point_previews/task000151_mu065536_rho040_n1.png
0.5,65536,8,license_plate_bahnschrift.ttf,BFUCAOZJ9Y5KPW0TSHL38D2NGMVRX7Q64IE1,11,11,0,0.425,11.313708,0.8067,0.853272,BFUCAOZI9YSKPWOTSHL38D2NGMVRX7Q644IE1,0.111111,0.888889,point_previews/task000151_mu065536_rho050_n0.png
0.5,65536,8,license_plate_bahnschrift.ttf,BFUCAOZJ9Y5KPW0TSHL38D2NGMVRX7Q64IE1,11,11,1,0.425,11.313708,0.8067,0.853272,BFUCAOZI9YSKPWOTSHL38D2NGMVRX7Q64IE1,0.083333,0.916667,point_previews/task000151_mu065536_rho050_n1.png
0.6,65536,8,license_plate_bahnschrift.ttf,BFUCAOZJ9Y5KPW0TSHL38D2NGMVRX7Q64IE1,11,11,0,0.51,12.393547,0.770893,0.778927,BFUCAOZJ9YSKPWOTSHL38D2NGMVRX7Q64IEI,0.083333,0.916667,point_previews/task000151_mu065536_rho060_n0.png
0.6,65536,8,license_plate_bahnschrift.ttf,BFUCAOZJ9Y5KPW0TSHL38D2NGMVRX7Q64IE1,11,11,1,0.51,12.393547,0.770893,0.778927,BFUCAOZJ9YSKPWOTSHLS8D2NGMVRX7GQ64IE1,0.111111,0.888889,point_previews/task000151_mu065536_rho060_n1.png
0.7,65536,8,license_plate_bahnschrift.ttf,BFUCAOZJ9Y5KPW0TSHL38D2NGMVRX7Q64IE1,11,11,0,0.595,13.38656,0.735998,0.721147,BFUCAOZIJ9YSKPWOTSHL38D2NGMVRX7Q64IE1,0.083333,0.916667,point_previews/task000151_mu065536_rho070_n0.png
0.7,65536,8,license_plate_bahnschrift.ttf,BFUCAOZJ9Y5KPW0TSHL38D2NGMVRX7Q64IE1,11,11,1,0.595,13.38656,0.735998,0.721147,BFUCAOZI9YSKPWOTSHL3S8D2NGMVRX7Q64IE1,0.111111,0.888889,point_previews/task000151_mu065536_rho070_n1.png
0.8,65536,8,license_plate_bahnschrift.ttf,BFUCAOZJ9Y5KPW0TSHL38D2NGMVRX7Q64IE1,11,11,0,0.68,14.310835,0.701998,0.674571,BFUCAOZJ9YSKPWOTSHL38D2NGMVRX7GQ64IEI,0.111111,0.888889,point_previews/task000151_mu065536_rho080_n0.png
0.8,65536,8,license_plate_bahnschrift.ttf,BFUCAOZJ9Y5KPW0TSHL38D2NGMVRX7Q64IE1,11,11,1,0.68,14.310835,0.701998,0.674571,BFUCAOZJ9YSKPWOTSHL38D2NGMVRX7GQ64IEI,0.111111,0.888889,point_previews/task000151_mu065536_rho080_n1.png
0.9,65536,8,license_plate_bahnschrift.ttf,BFUCAOZJ9Y5KPW0TSHL38D2NGMVRX7Q64IE1,11,11,0,0.765,15.178933,0.668877,0.635992,BFUCAOZI9YSKPWOTSHL38D2NGMVRX7Q64IEI,0.111111,0.888889,point_previews/task000151_mu065536_rho090_n0.png
0.9,65536,8,license_plate_bahnschrift.ttf,BFUCAOZJ9Y5KPW0TSHL38D2NGMVRX7Q64IE1,11,11,1,0.765,15.178933,0.668877,0.635992,BFUCAOZI9YSKPWOTSHL38D2NGMVRX7Q64IE1,0.083333,0.916667,point_previews/task000151_mu065536_rho090_n1.png
1.0,65536,8,license_plate_bahnschrift.ttf,BFUCAOZJ9Y5KPW0TSHL38D2NGMVRX7Q64IE1,11,11,0,0.85,16.0,0.63662,0.603355,BFUCAOZJ9YSKPWOTSHL38D2NGMVRX7Q64IE1,0.055556,0.944444,point_previews/task000151_mu065536_rho100_n0.png
1.0,65536,8,license_plate_bahnschrift.ttf,BFUCAOZJ9Y5KPW0TSHL38D2NGMVRX7Q64IE1,11,11,1,0.85,16.0,0.63662,0.603355,BFUCAOZJ9YSKPWOTSHL38D2NGMVRX7Q64IEI,0.083333,0.916667,point_previews/task000151_mu065536_rho100_n1.png
0.1,4,8,license_plate_bahnschrift.ttf,BFUCAOZJ9Y5KPW0TSHL38D2NGMVRX7Q64IE1,11,15,0,0.085,5.059644,0.959381,1.907975,RSAMMYSEOAANSSAARA,0.888889,0.111111,point_previews/task000152_mu000004_rho010_n0.png
0.1,4,8,license_plate_bahnschrift.ttf,BFUCAOZJ9Y5KPW0TSHL38D2NGMVRX7Q64IE1,11,15,1,0.085,5.059644,0.959381,1.907975,,1.0,0.0,point_previews/task000152_mu000004_rho010_n1.png
0.2,4,8,license_plate_bahnschrift.ttf,BFUCAOZJ9Y5KPW0TSHL38D2NGMVRX7Q64IE1,11,15,0,0.17,7.155418,0.919759,1.349142,,1.0,0.0,point_previews/task000152_mu000004_rho020_n0.png
0.2,4,8,license_plate_bahnschrift.ttf,BFUCAOZJ9Y5KPW0TSHL38D2NGMVRX7Q64IE1,11,15,1,0.17,7.155418,0.919759,1.349142,FRENRLNSNSR,0.888889,0.111111,point_previews/task000152_mu000004_rho020_n1.png
0.3,4,8,license_plate_bahnschrift.ttf,BFUCAOZJ9Y5KPW0TSHL38D2NGMVRX7Q64IE1,11,15,0,0.255,8.763561,0.881116,1.10157,WMRMASREERO,0.916667,0.083333,point_previews/task000152_mu000004_rho030_n0.png
0.3,4,8,license_plate_bahnschrift.ttf,BFUCAOZJ9Y5KPW0TSHL38D2NGMVRX7Q64IE1,11,15,1,0.255,8.763561,0.881116,1.10157,BEYMMLALCRSPA,0.888889,0.111111,point_previews/task000152_mu000004_rho030_n1.png
0.4,4,8,license_plate_bahnschrift.ttf,BFUCAOZJ9Y5KPW0TSHL38D2NGMVRX7Q64IE1,11,15,0,0.34,10.119289,0.843436,0.953987,MRWPINONCPTEPO,0.944444,0.055556,point_previews/task000152_mu000004_rho040_n0.png
0.4,4,8,license_plate_bahnschrift.ttf,BFUCAOZJ9Y5KPW0TSHL38D2NGMVRX7Q64IE1,11,15,1,0.34,10.119289,0.843436,0.953987,TRBSIMANUSLSEETSSPRLN,0.916667,0.083333,point_previews/task000152_mu000004_rho040_n1.png
0.5,4,8,license_plate_bahnschrift.ttf,BFUCAOZJ9Y5KPW0TSHL38D2NGMVRX7Q64IE1,11,15,0,0.425,11.313708,0.8067,0.853272,NTALPE,0.916667,0.083333,point_previews/task000152_mu000004_rho050_n0.png
0.5,4,8,license_plate_bahnschrift.ttf,BFUCAOZJ9Y5KPW0TSHL38D2NGMVRX7Q64IE1,11,15,1,0.425,11.313708,0.8067,0.853272,APMCM,0.916667,0.083333,point_previews/task000152_mu000004_rho050_n1.png
0.6,4,8,license_plate_bahnschrift.ttf,BFUCAOZJ9Y5KPW0TSHL38D2NGMVRX7Q64IE1,11,15,0,0.51,12.393547,0.770893,0.778927,ETSTEARDMSTFRRC,0.888889,0.111111,point_previews/task000152_mu000004_rho060_n0.png
0.6,4,8,license_plate_bahnschrift.ttf,BFUCAOZJ9Y5KPW0TSHL38D2NGMVRX7Q64IE1,11,15,1,0.51,12.393547,0.770893,0.778927,SSCEESOOSTBGLSBORNTERMTR,0.861111,0.138889,point_previews/task000152_mu000004_rho060_n1.png
0.7,4,8,license_plate_bahnschrift.ttf,BFUCAOZJ9Y5KPW0TSHL38D2NGMVRX7Q64IE1,11,15,0,0.595,13.38656,0.735998,0.721147,TEUNBS9QSULRDTNAIAZESF,0.833333,0.166667,point_previews/task000152_mu000004_rho070_n0.png
0.7,4,8,license_plate_bahnschrift.ttf,BFUCAOZJ9Y5KPW0TSHL38D2NGMVRX7Q64IE1,11,15,1,0.595,13.38656,0.735998,0.721147,SCSAFNSEARPTRELAEIPSESS,0.888889,0.111111,point_previews/task000152_mu000004_rho070_n1.png
0.8,4,8,license_plate_bahnschrift.ttf,BFUCAOZJ9Y5KPW0TSHL38D2NGMVRX7Q64IE1,11,15,0,0.68,14.310835,0.701998,0.674571,ERKRRFIOSHAYCGLAUNS,0.916667,0.083333,point_previews/task000152_mu000004_rho080_n0.png
0.8,4,8,license_plate_bahnschrift.ttf,BFUCAOZJ9Y5KPW0TSHL38D2NGMVRX7Q64IE1,11,15,1,0.68,14.310835,0.701998,0.674571,RERPONSEMEERTSTESPERTE6,0.861111,0.138889,point_previews/task000152_mu000004_rho080_n1.png
0.9,4,8,license_plate_bahnschrift.ttf,BFUCAOZJ9Y5KPW0TSHL38D2NGMVRX7Q64IE1,11,15,0,0.765,15.178933,0.668877,0.635992,BIEPLIEIEVESROMDSRORINEE,0.861111,0.138889,point_previews/task000152_mu000004_rho090_n0.png
0.9,4,8,license_plate_bahnschrift.ttf,BFUCAOZJ9Y5KPW0TSHL38D2NGMVRX7Q64IE1,11,15,1,0.765,15.178933,0.668877,0.635992,FEAMERORNYEMMGOTPESMURRNTAES,0.861111,0.138889,point_previews/task000152_mu000004_rho090_n1.png
1.0,4,8,license_plate_bahnschrift.ttf,BFUCAOZJ9Y5KPW0TSHL38D2NGMVRX7Q64IE1,11,15,0,0.85,16.0,0.63662,0.603355,SERSBFVSIGGSPSS,0.944444,0.055556,point_previews/task000152_mu000004_rho100_n0.png
1.0,4,8,license_plate_bahnschrift.ttf,BFUCAOZJ9Y5KPW0TSHL38D2NGMVRX7Q64IE1,11,15,1,0.85,16.0,0.63662,0.603355,BODT,0.916667,0.083333,point_previews/task000152_mu000004_rho100_n1.png
0.1,16,8,license_plate_bahnschrift.ttf,BFUCAOZJ9Y5KPW0TSHL38D2NGMVRX7Q64IE1,11,15,0,0.085,5.059644,0.959381,1.907975,SIRERESPOETTECEEHSINMWRGREATES,0.861111,0.138889,point_previews/task000153_mu000016_rho010_n0.png
0.1,16,8,license_plate_bahnschrift.ttf,BFUCAOZJ9Y5KPW0TSHL38D2NGMVRX7Q64IE1,11,15,1,0.085,5.059644,0.959381,1.907975,SINECTDSBR,0.916667,0.083333,point_previews/task000153_mu000016_rho010_n1.png
0.2,16,8,license_plate_bahnschrift.ttf,BFUCAOZJ9Y5KPW0TSHL38D2NGMVRX7Q64IE1,11,15,0,0.17,7.155418,0.919759,1.349142,SPRUDATIGHOYSBERRRRMESSUTRHARPHEE,0.916667,0.083333,point_previews/task000153_mu000016_rho020_n0.png
0.2,16,8,license_plate_bahnschrift.ttf,BFUCAOZJ9Y5KPW0TSHL38D2NGMVRX7Q64IE1,11,15,1,0.17,7.155418,0.919759,1.349142,BEUSNTIAEEOTSERSODHLNSAT,0.861111,0.138889,point_previews/task000153_mu000016_rho020_n1.png
0.3,16,8,license_plate_bahnschrift.ttf,BFUCAOZJ9Y5KPW0TSHL38D2NGMVRX7Q64IE1,11,15,0,0.255,8.763561,0.881116,1.10157,EELENOFISTERPAINSHLADDMERTOESAE,0.75,0.25,point_previews/task000153_mu000016_rho030_n0.png
0.3,16,8,license_plate_bahnschrift.ttf,BFUCAOZJ9Y5KPW0TSHL38D2NGMVRX7Q64IE1,11,15,1,0.255,8.763561,0.881116,1.10157,SBEUCAGAEWSUELROTARARSDRORYAEN,0.805556,0.194444,point_previews/task000153_mu000016_rho030_n1.png
0.4,16,8,license_plate_bahnschrift.ttf,BFUCAOZJ9Y5KPW0TSHL38D2NGMVRX7Q64IE1,11,15,0,0.34,10.119289,0.843436,0.953987,,1.0,0.0,point_previews/task000153_mu000016_rho040_n0.png
0.4,16,8,license_plate_bahnschrift.ttf,BFUCAOZJ9Y5KPW0TSHL38D2NGMVRX7Q64IE1,11,15,1,0.34,10.119289,0.843436,0.953987,SBRUCAGZGYSKEWOTORES8TONGMYRRTSRIED,0.583333,0.416667,point_previews/task000153_mu000016_rho040_n1.png
0.5,16,8,license_plate_bahnschrift.ttf,BFUCAOZJ9Y5KPW0TSHL38D2NGMVRX7Q64IE1,11,15,0,0.425,11.313708,0.8067,0.853272,SEOCREASFSRRMOTSAESEOTNOMURKGHRIDL,0.805556,0.194444,point_previews/task000153_mu000016_rho050_n0.png
0.5,16,8,license_plate_bahnschrift.ttf,BFUCAOZJ9Y5KPW0TSHL38D2NGMVRX7Q64IE1,11,15,1,0.425,11.313708,0.8067,0.853272,FEUCRG2JOVEKPWOTSHLSSDINBMVRRTGGHIEL,0.527778,0.472222,point_previews/task000153_mu000016_rho050_n1.png
0.6,16,8,license_plate_bahnschrift.ttf,BFUCAOZJ9Y5KPW0TSHL38D2NGMVRX7Q64IE1,11,15,0,0.51,12.393547,0.770893,0.778927,BRUCKOZOYSRPINGTSHEIADINGMYRRTGUET,0.583333,0.416667,point_previews/task000153_mu000016_rho060_n0.png
0.6,16,8,license_plate_bahnschrift.ttf,BFUCAOZJ9Y5KPW0TSHL38D2NGMVRX7Q64IE1,11,15,1,0.51,12.393547,0.770893,0.778927,PBRICKOZLIVSRKPVIOTSNLSSOANBMVRNTOBGIEL,0.666667,0.333333,point_previews/task000153_mu000016_rho060_n1.png
0.7,16,8,license_plate_bahnschrift.ttf,BFUCAOZJ9Y5KPW0TSHL38D2NGMVRX7Q64IE1,11,15,0,0.595,13.38656,0.735998,0.721147,BEOCAOZIOLORPWOTSESABENGMYRKTGSUIEL,0.583333,0.416667,point_previews/task000153_mu000016_rho070_n0.png
0.7,16,8,license_plate_bahnschrift.ttf,BFUCAOZJ9Y5KPW0TSHL38D2NGMVRX7Q64IE1,11,15,1,0.595,13.38656,0.735998,0.721147,BRUCAOZIOVSKEWOTSHEFEDINGMYRKIQAAED,0.5,0.5,point_previews/task000153_mu000016_rho070_n1.png
0.8,16,8,license_plate_bahnschrift.ttf,BFUCAOZJ9Y5KPW0TSHL38D2NGMVRX7Q64IE1,11,15,0,0.68,14.310835,0.701998,0.674571,BRUCAGZISVSKPWSTSHESBDZNGMVRXTOSAIED,0.444444,0.555556,point_previews/task000153_mu000016_rho080_n0.png
0.8,16,8,license_plate_bahnschrift.ttf,BFUCAOZJ9Y5KPW0TSHL38D2NGMVRX7Q64IE1,11,15,1,0.68,14.310835,0.701998,0.674571,BFUCADZIFYSKPWOTSHLSROANGMYRX7OGAHE,0.416667,0.583333,point_previews/task000153_mu000016_rho080_n1.png
0.9,16,8,license_plate_bahnschrift.ttf,BFUCAOZJ9Y5KPW0TSHL38D2NGMVRX7Q64IE1,11,15,0,0.765,15.178933,0.668877,0.635992,BEUCASZITVSRRWGTSHESBOPNGMVRXTOSUIED,0.527778,0.472222,point_previews/task000153_mu000016_rho090_n0.png
0.9,16,8,license_plate_bahnschrift.ttf,BFUCAOZJ9Y5KPW0TSHL38D2NGMVRX7Q64IE1,11,15,1,0.765,15.178933,0.668877,0.635992,JBFUCAOZIOYSKPWOTSHESSDZNGMVRXTOSAIEL,0.388889,0.611111,point_previews/task000153_mu000016_rho090_n1.png
1.0,16,8,license_plate_bahnschrift.ttf,BFUCAOZJ9Y5KPW0TSHL38D2NGMVRX7Q64IE1,11,15,0,0.85,16.0,0.63662,0.603355,BEUCADZSOYSKPWOTSHLSBD2NGMVRRIOSAIET,0.388889,0.611111,point_previews/task000153_mu000016_rho100_n0.png
1.0,16,8,license_plate_bahnschrift.ttf,BFUCAOZJ9Y5KPW0TSHL38D2NGMVRX7Q64IE1,11,15,1,0.85,16.0,0.63662,0.603355,BRUCAGZJOVSKRWOTSHLISDZNGMVRXTOSAIEF,0.416667,0.583333,point_previews/task000153_mu000016_rho100_n1.png
0.1,64,8,license_plate_bahnschrift.ttf,BFUCAOZJ9Y5KPW0TSHL38D2NGMVRX7Q64IE1,11,15,0,0.085,5.059644,0.959381,1.907975,SBRIGAGESYEKPWOTSHE3BDANCMRRRRAGIEL,0.583333,0.416667,point_previews/task000154_mu000064_rho010_n0.png
0.1,64,8,license_plate_bahnschrift.ttf,BFUCAOZJ9Y5KPW0TSHL38D2NGMVRX7Q64IE1,11,15,1,0.085,5.059644,0.959381,1.907975,BRUEADZDFYSORWOFSHLSSB2NEMRRCIOS,0.611111,0.388889,point_previews/task000154_mu000064_rho010_n1.png
0.2,64,8,license_plate_bahnschrift.ttf,BFUCAOZJ9Y5KPW0TSHL38D2NGMVRX7Q64IE1,11,15,0,0.17,7.155418,0.919759,1.349142,BFUCKOZJOYSKPWOTSHYSBDZNGMURXTQRGIEL,0.361111,0.638889,point_previews/task000154_mu000064_rho020_n0.png
0.2,64,8,license_plate_bahnschrift.ttf,BFUCAOZJ9Y5KPW0TSHL38D2NGMVRX7Q64IE1,11,15,1,0.17,7.155418,0.919759,1.349142,,1.0,0.0,point_previews/task000154_mu000064_rho020_n1.png
0.3,64,8,license_plate_bahnschrift.ttf,BFUCAOZJ9Y5KPW0TSHL38D2NGMVRX7Q64IE1,11,15,0,0.255,8.763561,0.881116,1.10157,BFUCAOZI9YSKPWOTSALSSDINGMYVRXTOSAIET,0.361111,0.638889,point_previews/task000154_mu000064_rho030_n0.png
0.3,64,8,license_plate_bahnschrift.ttf,BFUCAOZJ9Y5KPW0TSHL38D2NGMVRX7Q64IE1,11,15,1,0.255,8.763561,0.881116,1.10157,BRUCAGZI9YSKPWOTSHL38D2NGMVRX7GS4IET,0.222222,0.777778,point_previews/task000154_mu000064_rho030_n1.png
0.4,64,8,license_plate_bahnschrift.ttf,BFUCAOZJ9Y5KPW0TSHL38D2NGMVRX7Q64IE1,11,15,0,0.34,10.119289,0.843436,0.953987,BFUCAOZJ9YSKPWOTSHL38D2NGMVRXTQ64IET,0.111111,0.888889,point_previews/task000154_mu000064_rho040_n0.png
0.4,64,8,license_plate_bahnschrift.ttf,BFUCAOZJ9Y5KPW0TSHL38D2NGMVRX7Q64IE1,11,15,1,0.34,10.119289,0.843436,0.953987,BFUCAOZJ9YSKPWOTSHL38DZ2NGMVRXTG64IE,0.166667,0.833333,point_previews/task000154_mu000064_rho040_n1.png
0.5,64,8,license_plate_bahnschrift.ttf,BFUCAOZJ9Y5KPW0TSHL38D2NGMVRX7Q64IE1,11,15,0,0.425,11.313708,0.8067,0.853272,BFUCAOZJ9YSKPWOTSHLS8D2NGMVRK7GQ441E,0.222222,0.777778,point_previews/task000154_mu000064_rho050_n0.png
0.5,64,8,license_plate_bahnschrift.ttf,BFUCAOZJ9Y5KPW0TSHL38D2NGMVRX7Q64IE1,11,15,1,0.425,11.313708,0.8067,0.853272,BFUCAOZJDYSKPWOTSHL38D2NGMVRXTO64IET,0.166667,0.833333,point_previews/task000154_mu000064_rho050_n1.png
0.6,64,8,license_plate_bahnschrift.ttf,BFUCAOZJ9Y5KPW0TSHL38D2NGMVRX7Q64IE1,11,15,0,0.51,12.393547,0.770893,0.778927,BFUCA02ZJ9YSKPWOTSHL38D2NGMVRX7Q61ET,0.194444,0.805556,point_previews/task000154_mu000064_rho060_n0.png
0.6,64,8,license_plate_bahnschrift.ttf,BFUCAOZJ9Y5KPW0TSHL38D2NGMVRX7Q64IE1,11,15,1,0.51,12.393547,0.770893,0.778927,BFUCAOZI9YSKPWOTSHL38D2NGMVRX7TQ64IET,0.138889,0.861111,point_previews/task000154_mu000064_rho060_n1.png
0.7,64,8,license_plate_bahnschrift.ttf,BFUCAOZJ9Y5KPW0TSHL38D2NGMVRX7Q64IE1,11,15,0,0.595,13.38656,0.735998,0.721147,BFUCAOZJOYSKPWOTSHL38D2NGMVRXTQ64IE1,0.111111,0.888889,point_previews/task000154_mu000064_rho070_n0.png
0.7,64,8,license_plate_bahnschrift.ttf,BFUCAOZJ9Y5KPW0TSHL38D2NGMVRX7Q64IE1,11,15,1,0.595,13.38656,0.735998,0.721147,BFUCAOZJ9YSKPWOTSHL38D2NGMYVRXTQS4IEI,0.166667,0.833333,point_previews/task000154_mu000064_rho070_n1.png
0.8,64,8,license_plate_bahnschrift.ttf,BFUCAOZJ9Y5KPW0TSHL38D2NGMVRX7Q64IE1,11,15,0,0.68,14.310835,0.701998,0.674571,BFUCAOZJ9YSKPWOTSHL38D2NGMVRX7Q641E1,0.083333,0.916667,point_previews/task000154_mu000064_rho080_n0.png
0.8,64,8,license_plate_bahnschrift.ttf,BFUCAOZJ9Y5KPW0TSHL38D2NGMVRX7Q64IE1,11,15,1,0.68,14.310835,0.701998,0.674571,BFUCAOZJ9YSKPWOTSHL38D2NGMVRX7Q64IE1,0.055556,0.944444,point_previews/task000154_mu000064_rho080_n1.png
0.9,64,8,license_plate_bahnschrift.ttf,BFUCAOZJ9Y5KPW0TSHL38D2NGMVRX7Q64IE1,11,15,0,0.765,15.178933,0.668877,0.635992,BFUCAOZJ9YSKPWOTSHL38D2NGMVRX7Q641E1,0.083333,0.916667,point_previews/task000154_mu000064_rho090_n0.png
0.9,64,8,license_plate_bahnschrift.ttf,BFUCAOZJ9Y5KPW0TSHL38D2NGMVRX7Q64IE1,11,15,1,0.765,15.178933,0.668877,0.635992,BFUCAOZI9Y5SKPWOTSHL38D2NGMVRX7Q64IEI,0.111111,0.888889,point_previews/task000154_mu000064_rho090_n1.png
1.0,64,8,license_plate_bahnschrift.ttf,BFUCAOZJ9Y5KPW0TSHL38D2NGMVRX7Q64IE1,11,15,0,0.85,16.0,0.63662,0.603355,BFUCAOZJ9Y5KPWOTSHL38D2NGMVRX7Q64IE1,0.027778,0.972222,point_previews/task000154_mu000064_rho100_n0.png
1.0,64,8,license_plate_bahnschrift.ttf,BFUCAOZJ9Y5KPW0TSHL38D2NGMVRX7Q64IE1,11,15,1,0.85,16.0,0.63662,0.603355,BFUCAOZJIYSKPWOTSHL38D2NGMYRX7Q64IE,0.138889,0.861111,point_previews/task000154_mu000064_rho100_n1.png
0.1,256,8,license_plate_bahnschrift.ttf,BFUCAOZJ9Y5KPW0TSHL38D2NGMVRX7Q64IE1,11,15,0,0.085,5.059644,0.959381,1.907975,BFUCAOZIOYSKPWOTSHL3SD2NGMVRNTGS6AIET,0.305556,0.694444,point_previews/task000155_mu000256_rho010_n0.png
0.1,256,8,license_plate_bahnschrift.ttf,BFUCAOZJ9Y5KPW0TSHL38D2NGMVRX7Q64IE1,11,15,1,0.085,5.059644,0.959381,1.907975,BFUCAOZJ9YSKPWOTSHL38D2NGMYRXTQS6AIEL,0.194444,0.805556,point_previews/task000155_mu000256_rho010_n1.png
0.2,256,8,license_plate_bahnschrift.ttf,BFUCAOZJ9Y5KPW0TSHL38D2NGMVRX7Q64IE1,11,15,0,0.17,7.155418,0.919759,1.349142,BFUCAOZJ9YSKPWOTSHL38D2NGMVRX7Q64IE,0.083333,0.916667,point_previews/task000155_mu000256_rho020_n0.png
0.2,256,8,license_plate_bahnschrift.ttf,BFUCAOZJ9Y5KPW0TSHL38D2NGMVRX7Q64IE1,11,15,1,0.17,7.155418,0.919759,1.349142,BFUCAOZJ9YSKPWOTSHL38D2NGMYRX7Q64IEI,0.111111,0.888889,point_previews/task000155_mu000256_rho020_n1.png
0.3,256,8,license_plate_bahnschrift.ttf,BFUCAOZJ9Y5KPW0TSHL38D2NGMVRX7Q64IE1,11,15,0,0.255,8.763561,0.881116,1.10157,BFUCAOZJ9YSKPWOTSHL38D2NGMVRX7G641E1,0.111111,0.888889,point_previews/task000155_mu000256_rho030_n0.png
0.3,256,8,license_plate_bahnschrift.ttf,BFUCAOZJ9Y5KPW0TSHL38D2NGMVRX7Q64IE1,11,15,1,0.255,8.763561,0.881116,1.10157,BFUCAOZJ9Y5SKPWOTSHL38D2NGMYRX7Q441E1,0.138889,0.861111,point_previews/task000155_mu000256_rho030_n1.png
0.4,256,8,license_plate_bahnschrift.ttf,BFUCAOZJ9Y5KPW0TSHL38D2NGMVRX7Q64IE1,11,15,0,0.34,10.119289,0.843436,0.953987,BFUCAOZJ9YSKPWOTSHL38D2NGMYVRX7G64IE1,0.111111,0.888889,point_previews/task000155_mu000256_rho040_n0.png
0.4,256,8,license_plate_bahnschrift.ttf,BFUCAOZJ9Y5KPW0TSHL38D2NGMVRX7Q64IE1,11,15,1,0.34,10.119289,0.843436,0.953987,BFUCAOZJ9YSKPWOTSHL38D2NGMVRX7GQ64IEI,0.111111,0.888889,point_previews/task000155_mu000256_rho040_n1.png
0.5,256,8,license_plate_bahnschrift.ttf,BFUCAOZJ9Y5KPW0TSHL38D2NGMVRX7Q64IE1,11,15,0,0.425,11.313708,0.8067,0.853272,BFUCAOZJ9YSKPWOTSHL38D2NGMVRX7Q64IE1,0.055556,0.944444,point_previews/task000155_mu000256_rho050_n0.png
0.5,256,8,license_plate_bahnschrift.ttf,BFUCAOZJ9Y5KPW0TSHL38D2NGMVRX7Q64IE1,11,15,1,0.425,11.313708,0.8067,0.853272,BFUCAOZJ9YSKPWOTSHL38D2NGMVRX7GQ64IE1,0.083333,0.916667,point_previews/task000155_mu000256_rho050_n1.png
0.6,256,8,license_plate_bahnschrift.ttf,BFUCAOZJ9Y5KPW0TSHL38D2NGMVRX7Q64IE1,11,15,0,0.51,12.393547,0.770893,0.778927,BFUCAOZJ9YSKPWOTSHL38D2NGMVRX7Q64E1,0.083333,0.916667,point_previews/task000155_mu000256_rho060_n0.png
0.6,256,8,license_plate_bahnschrift.ttf,BFUCAOZJ9Y5KPW0TSHL38D2NGMVRX7Q64IE1,11,15,1,0.51,12.393547,0.770893,0.778927,BFUCAOZJ9YSKPWOTSHL38D2NGMVRX7Q64IE1,0.055556,0.944444,point_previews/task000155_mu000256_rho060_n1.png
0.7,256,8,license_plate_bahnschrift.ttf,BFUCAOZJ9Y5KPW0TSHL38D2NGMVRX7Q64IE1,11,15,0,0.595,13.38656,0.735998,0.721147,BFUCAOZJ9YSKPWOTSHL38D2NGMVRX7Q64IE1,0.055556,0.944444,point_previews/task000155_mu000256_rho070_n0.png
0.7,256,8,license_plate_bahnschrift.ttf,BFUCAOZJ9Y5KPW0TSHL38D2NGMVRX7Q64IE1,11,15,1,0.595,13.38656,0.735998,0.721147,BFUCAOZJ9YSKPWOTSHL38D2NGMVRX7Q64IEI,0.083333,0.916667,point_previews/task000155_mu000256_rho070_n1.png
0.8,256,8,license_plate_bahnschrift.ttf,BFUCAOZJ9Y5KPW0TSHL38D2NGMVRX7Q64IE1,11,15,0,0.68,14.310835,0.701998,0.674571,BFUCAOZJ9YSKPWOTSHL38D2NGMVRX7Q44IEI,0.111111,0.888889,point_previews/task000155_mu000256_rho080_n0.png
0.8,256,8,license_plate_bahnschrift.ttf,BFUCAOZJ9Y5KPW0TSHL38D2NGMVRX7Q64IE1,11,15,1,0.68,14.310835,0.701998,0.674571,BFUCAOZJ9YSKPWOTSHL3S8D2NGMVRX7QG464IEI,0.166667,0.833333,point_previews/task000155_mu000256_rho080_n1.png
0.9,256,8,license_plate_bahnschrift.ttf,BFUCAOZJ9Y5KPW0TSHL38D2NGMVRX7Q64IE1,11,15,0,0.765,15.178933,0.668877,0.635992,BFUCAOZJ9YSKPWOTSHL38D2NGMVRX7GQG44IEI,0.166667,0.833333,point_previews/task000155_mu000256_rho090_n0.png
0.9,256,8,license_plate_bahnschrift.ttf,BFUCAOZJ9Y5KPW0TSHL38D2NGMVRX7Q64IE1,11,15,1,0.765,15.178933,0.668877,0.635992,BFUCAOZJ9YSKPWOTSHL38D2NGMVRX7G64IEI,0.111111,0.888889,point_previews/task000155_mu000256_rho090_n1.png
1.0,256,8,license_plate_bahnschrift.ttf,BFUCAOZJ9Y5KPW0TSHL38D2NGMVRX7Q64IE1,11,15,0,0.85,16.0,0.63662,0.603355,BFUCAOZJ9YSKPWOTSHL38D2NGMVRX7Q64IEI,0.083333,0.916667,point_previews/task000155_mu000256_rho100_n0.png
1.0,256,8,license_plate_bahnschrift.ttf,BFUCAOZJ9Y5KPW0TSHL38D2NGMVRX7Q64IE1,11,15,1,0.85,16.0,0.63662,0.603355,BFUCAOZJ9YSKPWOTSHL38D2NGMVRX7GQS44IEI,0.166667,0.833333,point_previews/task000155_mu000256_rho100_n1.png
0.1,1024,8,license_plate_bahnschrift.ttf,BFUCAOZJ9Y5KPW0TSHL38D2NGMVRX7Q64IE1,11,15,0,0.085,5.059644,0.959381,1.907975,BFUCAOZJ9YSKPWOTSHL38D2NGMYRX7GQ641E1,0.138889,0.861111,point_previews/task000156_mu001024_rho010_n0.png
0.1,1024,8,license_plate_bahnschrift.ttf,BFUCAOZJ9Y5KPW0TSHL38D2NGMVRX7Q64IE1,11,15,1,0.085,5.059644,0.959381,1.907975,BFUCAOZJ9YSKPWOTSHL38D2NGMYVRX7GS4I1E1,0.166667,0.833333,point_previews/task000156_mu001024_rho010_n1.png
0.2,1024,8,license_plate_bahnschrift.ttf,BFUCAOZJ9Y5KPW0TSHL38D2NGMVRX7Q64IE1,11,15,0,0.17,7.155418,0.919759,1.349142,BFUCAOZJ9YSKPWOTSHL38D2NGMYVRX7G641E1,0.138889,0.861111,point_previews/task000156_mu001024_rho020_n0.png
0.2,1024,8,license_plate_bahnschrift.ttf,BFUCAOZJ9Y5KPW0TSHL38D2NGMVRX7Q64IE1,11,15,1,0.17,7.155418,0.919759,1.349142,BFUCAOZJ9YSKPWOTSHL38D2NGMYRX7Q64IE1,0.083333,0.916667,point_previews/task000156_mu001024_rho020_n1.png
0.3,1024,8,license_plate_bahnschrift.ttf,BFUCAOZJ9Y5KPW0TSHL38D2NGMVRX7Q64IE1,11,15,0,0.255,8.763561,0.881116,1.10157,BFUCAOZJ9YSKPWOTSHL38D2NGMVRX7Q64IE1,0.055556,0.944444,point_previews/task000156_mu001024_rho030_n0.png
0.3,1024,8,license_plate_bahnschrift.ttf,BFUCAOZJ9Y5KPW0TSHL38D2NGMVRX7Q64IE1,11,15,1,0.255,8.763561,0.881116,1.10157,BFUCAOZJ9YSKPWOTSHL3S8D2ZNGMVRX7Q64EI,0.166667,0.833333,point_previews/task000156_mu001024_rho030_n1.png
0.4,1024,8,license_plate_bahnschrift.ttf,BFUCAOZJ9Y5KPW0TSHL38D2NGMVRX7Q64IE1,11,15,0,0.34,10.119289,0.843436,0.953987,BFUCAOZJ9YSKPWOTSHL38D2NGMVRX7GQ64IE1,0.083333,0.916667,point_previews/task000156_mu001024_rho040_n0.png
0.4,1024,8,license_plate_bahnschrift.ttf,BFUCAOZJ9Y5KPW0TSHL38D2NGMVRX7Q64IE1,11,15,1,0.34,10.119289,0.843436,0.953987,BFUCAOZJ9YSKPWOTSHL38D2NGMVRX7Q64IE1,0.055556,0.944444,point_previews/task000156_mu001024_rho040_n1.png
0.5,1024,8,license_plate_bahnschrift.ttf,BFUCAOZJ9Y5KPW0TSHL38D2NGMVRX7Q64IE1,11,15,0,0.425,11.313708,0.8067,0.853272,BFUCAOZJ9YSKPWOTSHL38D2NGMVRX7G64IEI,0.111111,0.888889,point_previews/task000156_mu001024_rho050_n0.png
0.5,1024,8,license_plate_bahnschrift.ttf,BFUCAOZJ9Y5KPW0TSHL38D2NGMVRX7Q64IE1,11,15,1,0.425,11.313708,0.8067,0.853272,BFUCAOZJ9YSKPWOTSHL38D2NGMVRX7GQ64IE1,0.083333,0.916667,point_previews/task000156_mu001024_rho050_n1.png
0.6,1024,8,license_plate_bahnschrift.ttf,BFUCAOZJ9Y5KPW0TSHL38D2NGMVRX7Q64IE1,11,15,0,0.51,12.393547,0.770893,0.778927,BFUCAOZJ9YSKPWOTSHL38D2NGMVRX7GQ64IEI,0.111111,0.888889,point_previews/task000156_mu001024_rho060_n0.png
0.6,1024,8,license_plate_bahnschrift.ttf,BFUCAOZJ9Y5KPW0TSHL38D2NGMVRX7Q64IE1,11,15,1,0.51,12.393547,0.770893,0.778927,BFUCAOZJ9YSKPWOTSHL38D2NGMVRX7GQ64IEI,0.111111,0.888889,point_previews/task000156_mu001024_rho060_n1.png
0.7,1024,8,license_plate_bahnschrift.ttf,BFUCAOZJ9Y5KPW0TSHL38D2NGMVRX7Q64IE1,11,15,0,0.595,13.38656,0.735998,0.721147,BFUCAOZJ9YSKPWOTSHL38D2NGMVRX7Q64IEI,0.083333,0.916667,point_previews/task000156_mu001024_rho070_n0.png
0.7,1024,8,license_plate_bahnschrift.ttf,BFUCAOZJ9Y5KPW0TSHL38D2NGMVRX7Q64IE1,11,15,1,0.595,13.38656,0.735998,0.721147,BFUCAOZJ9YSKPWOTSHL38D2NGMVRX7Q44IEI,0.111111,0.888889,point_previews/task000156_mu001024_rho070_n1.png
0.8,1024,8,license_plate_bahnschrift.ttf,BFUCAOZJ9Y5KPW0TSHL38D2NGMVRX7Q64IE1,11,15,0,0.68,14.310835,0.701998,0.674571,BFUCAOZJ9YSKPWOTSHL38D2NGMVRX7Q64IEI,0.083333,0.916667,point_previews/task000156_mu001024_rho080_n0.png
0.8,1024,8,license_plate_bahnschrift.ttf,BFUCAOZJ9Y5KPW0TSHL38D2NGMVRX7Q64IE1,11,15,1,0.68,14.310835,0.701998,0.674571,BFUCAOZJ9YSKPWOTSHL38D2NGMVRX7Q64IEI,0.083333,0.916667,point_previews/task000156_mu001024_rho080_n1.png
0.9,1024,8,license_plate_bahnschrift.ttf,BFUCAOZJ9Y5KPW0TSHL38D2NGMVRX7Q64IE1,11,15,0,0.765,15.178933,0.668877,0.635992,BFUCAOZJ9YSKPWOTSHL38D2NGMVRX7Q64IEI,0.083333,0.916667,point_previews/task000156_mu001024_rho090_n0.png
0.9,1024,8,license_plate_bahnschrift.ttf,BFUCAOZJ9Y5KPW0TSHL38D2NGMVRX7Q64IE1,11,15,1,0.765,15.178933,0.668877,0.635992,BFUCAOZJ9YSKPWOTSHL38D2NGMVRX7Q44IEI,0.111111,0.888889,point_previews/task000156_mu001024_rho090_n1.png
1.0,1024,8,license_plate_bahnschrift.ttf,BFUCAOZJ9Y5KPW0TSHL38D2NGMVRX7Q64IE1,11,15,0,0.85,16.0,0.63662,0.603355,BFUCAOZJ9YSKPWOTSHL38D2NGMVRX7G64IEI,0.111111,0.888889,point_previews/task000156_mu001024_rho100_n0.png
1.0,1024,8,license_plate_bahnschrift.ttf,BFUCAOZJ9Y5KPW0TSHL38D2NGMVRX7Q64IE1,11,15,1,0.85,16.0,0.63662,0.603355,BFUCAOZJ9YSKPWOTSHL38D2NGMVRX7Q64IEI,0.083333,0.916667,point_previews/task000156_mu001024_rho100_n1.png
0.1,4096,8,license_plate_bahnschrift.ttf,BFUCAOZJ9Y5KPW0TSHL38D2NGMVRX7Q64IE1,11,15,0,0.085,5.059644,0.959381,1.907975,BFUCAOZI9YSKPWOTSHL38D2NGMYRX7GQ641E1,0.166667,0.833333,point_previews/task000157_mu004096_rho010_n0.png
0.1,4096,8,license_plate_bahnschrift.ttf,BFUCAOZJ9Y5KPW0TSHL38D2NGMVRX7Q64IE1,11,15,1,0.085,5.059644,0.959381,1.907975,BFUCAOZJ9YSKPWOTSHL38D2NGMYRX7GQ641E1,0.138889,0.861111,point_previews/task000157_mu004096_rho010_n1.png
0.2,4096,8,license_plate_bahnschrift.ttf,BFUCAOZJ9Y5KPW0TSHL38D2NGMVRX7Q64IE1,11,15,0,0.17,7.155418,0.919759,1.349142,BFUCAOZJ9YSKPWOTSHL38D2NGMYVRX7GQ641E1,0.138889,0.861111,point_previews/task000157_mu004096_rho020_n0.png
0.2,4096,8,license_plate_bahnschrift.ttf,BFUCAOZJ9Y5KPW0TSHL38D2NGMVRX7Q64IE1,11,15,1,0.17,7.155418,0.919759,1.349142,BFUCAOZJ9YSKPWOTSHL38D2ZNGMYVRX7Q64IE1,0.111111,0.888889,point_previews/task000157_mu004096_rho020_n1.png
0.3,4096,8,license_plate_bahnschrift.ttf,BFUCAOZJ9Y5KPW0TSHL38D2NGMVRX7Q64IE1,11,15,0,0.255,8.763561,0.881116,1.10157,BFUCAOZJ9YSKPWOTSHL38D2ZNGMVRX7Q64EI,0.138889,0.861111,point_previews/task000157_mu004096_rho030_n0.png
0.3,4096,8,license_plate_bahnschrift.ttf,BFUCAOZJ9Y5KPW0TSHL38D2NGMVRX7Q64IE1,11,15,1,0.255,8.763561,0.881116,1.10157,BFUCAOZJ9YSKPWOTSHL38D2ZNGMVRX7Q64E1,0.111111,0.888889,point_previews/task000157_mu004096_rho030_n1.png
0.4,4096,8,license_plate_bahnschrift.ttf,BFUCAOZJ9Y5KPW0TSHL38D2NGMVRX7Q64IE1,11,15,0,0.34,10.119289,0.843436,0.953987,BFUCAOZJ9YSKPWOTSHL38D2NGMVRX7Q64IE1,0.055556,0.944444,point_previews/task000157_mu004096_rho040_n0.png
0.4,4096,8,license_plate_bahnschrift.ttf,BFUCAOZJ9Y5KPW0TSHL38D2NGMVRX7Q64IE1,11,15,1,0.34,10.119289,0.843436,0.953987,BFUCAOZJ9YSKPWOTSHL38D2NGMVRX7Q64IE1,0.055556,0.944444,point_previews/task000157_mu004096_rho040_n1.png
0.5,4096,8,license_plate_bahnschrift.ttf,BFUCAOZJ9Y5KPW0TSHL38D2NGMVRX7Q64IE1,11,15,0,0.425,11.313708,0.8067,0.853272,BFUCAOZJ9YSKPWOTSHL38D2NGMVRX7Q64IE1,0.055556,0.944444,point_previews/task000157_mu004096_rho050_n0.png
0.5,4096,8,license_plate_bahnschrift.ttf,BFUCAOZJ9Y5KPW0TSHL38D2NGMVRX7Q64IE1,11,15,1,0.425,11.313708,0.8067,0.853272,BFUCAOZJ9YSKPWOTSHL38D2NGMVRX7Q64IE1,0.055556,0.944444,point_previews/task000157_mu004096_rho050_n1.png
0.6,4096,8,license_plate_bahnschrift.ttf,BFUCAOZJ9Y5KPW0TSHL38D2NGMVRX7Q64IE1,11,15,0,0.51,12.393547,0.770893,0.778927,BFUCAOZJ9YSKPWOTSHL38D2NGMVRX7Q64IEI,0.083333,0.916667,point_previews/task000157_mu004096_rho060_n0.png
0.6,4096,8,license_plate_bahnschrift.ttf,BFUCAOZJ9Y5KPW0TSHL38D2NGMVRX7Q64IE1,11,15,1,0.51,12.393547,0.770893,0.778927,BFUCAOZJ9YSKPWOTSHL38D2NGMVRX7Q64EI,0.111111,0.888889,point_previews/task000157_mu004096_rho060_n1.png
0.7,4096,8,license_plate_bahnschrift.ttf,BFUCAOZJ9Y5KPW0TSHL38D2NGMVRX7Q64IE1,11,15,0,0.595,13.38656,0.735998,0.721147,BFUCAOZJ9YSKPWOTSHL38D2NGMVRX7GQ64IEI,0.111111,0.888889,point_previews/task000157_mu004096_rho070_n0.png
0.7,4096,8,license_plate_bahnschrift.ttf,BFUCAOZJ9Y5KPW0TSHL38D2NGMVRX7Q64IE1,11,15,1,0.595,13.38656,0.735998,0.721147,BFUCAOZJ9YSKPWOTSHL38D2NGMVRX7Q64IEI,0.083333,0.916667,point_previews/task000157_mu004096_rho070_n1.png
0.8,4096,8,license_plate_bahnschrift.ttf,BFUCAOZJ9Y5KPW0TSHL38D2NGMVRX7Q64IE1,11,15,0,0.68,14.310835,0.701998,0.674571,BFUCAOZJ9YSKPWOTSHL38D2NGMVRX7Q64IEI,0.083333,0.916667,point_previews/task000157_mu004096_rho080_n0.png
0.8,4096,8,license_plate_bahnschrift.ttf,BFUCAOZJ9Y5KPW0TSHL38D2NGMVRX7Q64IE1,11,15,1,0.68,14.310835,0.701998,0.674571,BFUCAOZJ9YSKPWOTSHL38D2NGMVRX7Q64IEI,0.083333,0.916667,point_previews/task000157_mu004096_rho080_n1.png
0.9,4096,8,license_plate_bahnschrift.ttf,BFUCAOZJ9Y5KPW0TSHL38D2NGMVRX7Q64IE1,11,15,0,0.765,15.178933,0.668877,0.635992,BFUCAOZJ9YSKPWOTSHL38D2NGMVRX7Q44EI,0.138889,0.861111,point_previews/task000157_mu004096_rho090_n0.png
0.9,4096,8,license_plate_bahnschrift.ttf,BFUCAOZJ9Y5KPW0TSHL38D2NGMVRX7Q64IE1,11,15,1,0.765,15.178933,0.668877,0.635992,BFUCAOZJ9YSKPWOTSHL38D2NGMVRX7Q64IEI,0.083333,0.916667,point_previews/task000157_mu004096_rho090_n1.png
1.0,4096,8,license_plate_bahnschrift.ttf,BFUCAOZJ9Y5KPW0TSHL38D2NGMVRX7Q64IE1,11,15,0,0.85,16.0,0.63662,0.603355,BFUCAOZJ9YSKPWOTSHL38D2NGMVRX7Q64IEI,0.083333,0.916667,point_previews/task000157_mu004096_rho100_n0.png
1.0,4096,8,license_plate_bahnschrift.ttf,BFUCAOZJ9Y5KPW0TSHL38D2NGMVRX7Q64IE1,11,15,1,0.85,16.0,0.63662,0.603355,BFUCAOZJ9YSKPWOTSHL38D2NGMVRX7Q64IEI,0.083333,0.916667,point_previews/task000157_mu004096_rho100_n1.png
0.1,16384,8,license_plate_bahnschrift.ttf,BFUCAOZJ9Y5KPW0TSHL38D2NGMVRX7Q64IE1,11,15,0,0.085,5.059644,0.959381,1.907975,BFUCAOZI9YSKPWOTSHL38D2NGMYVRX7Q64IE1,0.111111,0.888889,point_previews/task000158_mu016384_rho010_n0.png
0.1,16384,8,license_plate_bahnschrift.ttf,BFUCAOZJ9Y5KPW0TSHL38D2NGMVRX7Q64IE1,11,15,1,0.085,5.059644,0.959381,1.907975,BFUCAOZI9YSKPWOTSHL38D2NGMYVRX7GQ64IE1,0.138889,0.861111,point_previews/task000158_mu016384_rho010_n1.png
0.2,16384,8,license_plate_bahnschrift.ttf,BFUCAOZJ9Y5KPW0TSHL38D2NGMVRX7Q64IE1,11,15,0,0.17,7.155418,0.919759,1.349142,BFUCAOZJ9YSKPWOTSHL38D2NGMVRX7GQ64IEI,0.111111,0.888889,point_previews/task000158_mu016384_rho020_n0.png
0.2,16384,8,license_plate_bahnschrift.ttf,BFUCAOZJ9Y5KPW0TSHL38D2NGMVRX7Q64IE1,11,15,1,0.17,7.155418,0.919759,1.349142,BFUCAOZJ9YSKPWOTSHL38D2NGMVRX7GQ64IEI,0.111111,0.888889,point_previews/task000158_mu016384_rho020_n1.png
0.3,16384,8,license_plate_bahnschrift.ttf,BFUCAOZJ9Y5KPW0TSHL38D2NGMVRX7Q64IE1,11,15,0,0.255,8.763561,0.881116,1.10157,BFUCAOZJ9YSKPWOTSHL38D2NGMVRX7Q64E1,0.083333,0.916667,point_previews/task000158_mu016384_rho030_n0.png
0.3,16384,8,license_plate_bahnschrift.ttf,BFUCAOZJ9Y5KPW0TSHL38D2NGMVRX7Q64IE1,11,15,1,0.255,8.763561,0.881116,1.10157,BFUCAOZJ9YSKPWOTSHL38D2NGMVRX7Q64EI,0.111111,0.888889,point_previews/task000158_mu016384_rho030_n1.png
0.4,16384,8,license_plate_bahnschrift.ttf,BFUCAOZJ9Y5KPW0TSHL38D2NGMVRX7Q64IE1,11,15,0,0.34,10.119289,0.843436,0.953987,BFUCAOZJ9YSKPWOTSHL38D2NGMVRX7Q64IEI,0.083333,0.916667,point_previews/task000158_mu016384_rho040_n0.png
0.4,16384,8,license_plate_bahnschrift.ttf,BFUCAOZJ9Y5KPW0TSHL38D2NGMVRX7Q64IE1,11,15,1,0.34,10.119289,0.843436,0.953987,BFUCAOZJ9YSKPWOTSHL38D2NGMVRX7Q64EI,0.111111,0.888889,point_previews/task000158_mu016384_rho040_n1.png
0.5,16384,8,license_plate_bahnschrift.ttf,BFUCAOZJ9Y5KPW0TSHL38D2NGMVRX7Q64IE1,11,15,0,0.425,11.313708,0.8067,0.853272,BFUCAOZJ9YSKPWOTSHL38D2NGMVRX7Q64EI,0.111111,0.888889,point_previews/task000158_mu016384_rho050_n0.png
0.5,16384,8,license_plate_bahnschrift.ttf,BFUCAOZJ9Y5KPW0TSHL38D2NGMVRX7Q64IE1,11,15,1,0.425,11.313708,0.8067,0.853272,BFUCAOZJ9YSKPWOTSHL38D2NGMVRX7Q64EI,0.111111,0.888889,point_previews/task000158_mu016384_rho050_n1.png
0.6,16384,8,license_plate_bahnschrift.ttf,BFUCAOZJ9Y5KPW0TSHL38D2NGMVRX7Q64IE1,11,15,0,0.51,12.393547,0.770893,0.778927,BFUCAOZJ9YSKPWOTSHL38D2NGMVRX7Q64IEI,0.083333,0.916667,point_previews/task000158_mu016384_rho060_n0.png
0.6,16384,8,license_plate_bahnschrift.ttf,BFUCAOZJ9Y5KPW0TSHL38D2NGMVRX7Q64IE1,11,15,1,0.51,12.393547,0.770893,0.778927,BFUCAOZJ9YSKPWOTSHL38D2NGMVRX7Q64EI,0.111111,0.888889,point_previews/task000158_mu016384_rho060_n1.png
0.7,16384,8,license_plate_bahnschrift.ttf,BFUCAOZJ9Y5KPW0TSHL38D2NGMVRX7Q64IE1,11,15,0,0.595,13.38656,0.735998,0.721147,BFUCAOZJ9YSKPWOTSHL38D2NGMVRX7Q64IEI,0.083333,0.916667,point_previews/task000158_mu016384_rho070_n0.png
0.7,16384,8,license_plate_bahnschrift.ttf,BFUCAOZJ9Y5KPW0TSHL38D2NGMVRX7Q64IE1,11,15,1,0.595,13.38656,0.735998,0.721147,BFUCAOZJ9YSKPWOTSHL38D2NGMVRX7Q64IE1,0.055556,0.944444,point_previews/task000158_mu016384_rho070_n1.png
0.8,16384,8,license_plate_bahnschrift.ttf,BFUCAOZJ9Y5KPW0TSHL38D2NGMVRX7Q64IE1,11,15,0,0.68,14.310835,0.701998,0.674571,BFUCAOZJ9YSKPWOTSHL38D2NGMVRX7Q64IEI,0.083333,0.916667,point_previews/task000158_mu016384_rho080_n0.png
0.8,16384,8,license_plate_bahnschrift.ttf,BFUCAOZJ9Y5KPW0TSHL38D2NGMVRX7Q64IE1,11,15,1,0.68,14.310835,0.701998,0.674571,BFUCAOZJ9YSKPWOTSHL38D2NGMVRX7Q64IEI,0.083333,0.916667,point_previews/task000158_mu016384_rho080_n1.png
0.9,16384,8,license_plate_bahnschrift.ttf,BFUCAOZJ9Y5KPW0TSHL38D2NGMVRX7Q64IE1,11,15,0,0.765,15.178933,0.668877,0.635992,BFUCAOZJ9YSKPWOTSHL38D2NGMVRX7Q64IEI,0.083333,0.916667,point_previews/task000158_mu016384_rho090_n0.png
0.9,16384,8,license_plate_bahnschrift.ttf,BFUCAOZJ9Y5KPW0TSHL38D2NGMVRX7Q64IE1,11,15,1,0.765,15.178933,0.668877,0.635992,BFUCAOZJ9YSKPWOTSHL38D2NGMVRX7Q64IEI,0.083333,0.916667,point_previews/task000158_mu016384_rho090_n1.png
1.0,16384,8,license_plate_bahnschrift.ttf,BFUCAOZJ9Y5KPW0TSHL38D2NGMVRX7Q64IE1,11,15,0,0.85,16.0,0.63662,0.603355,BFUCAOZJ9YSKPWOTSHL38D2NGMVRX7Q64IEI,0.083333,0.916667,point_previews/task000158_mu016384_rho100_n0.png
1.0,16384,8,license_plate_bahnschrift.ttf,BFUCAOZJ9Y5KPW0TSHL38D2NGMVRX7Q64IE1,11,15,1,0.85,16.0,0.63662,0.603355,BFUCAOZJ9YSKPWOTSHL38D2NGMVRX7Q64IEI,0.083333,0.916667,point_previews/task000158_mu016384_rho100_n1.png
0.1,65536,8,license_plate_bahnschrift.ttf,BFUCAOZJ9Y5KPW0TSHL38D2NGMVRX7Q64IE1,11,15,0,0.085,5.059644,0.959381,1.907975,BFUCAOZI9YSKPWOTSHL38D2NGMYRX7GQ64IE1,0.138889,0.861111,point_previews/task000159_mu065536_rho010_n0.png
0.1,65536,8,license_plate_bahnschrift.ttf,BFUCAOZJ9Y5KPW0TSHL38D2NGMVRX7Q64IE1,11,15,1,0.085,5.059644,0.959381,1.907975,BFUCAOZI9YSKPWOTSHL38D2NGMYRX7GQ64IE1,0.138889,0.861111,point_previews/task000159_mu065536_rho010_n1.png
0.2,65536,8,license_plate_bahnschrift.ttf,BFUCAOZJ9Y5KPW0TSHL38D2NGMVRX7Q64IE1,11,15,0,0.17,7.155418,0.919759,1.349142,BFUCAOZJ9YSKPWOTSHL38D2ZNGMVRX7GQ64IEI,0.138889,0.861111,point_previews/task000159_mu065536_rho020_n0.png
0.2,65536,8,license_plate_bahnschrift.ttf,BFUCAOZJ9Y5KPW0TSHL38D2NGMVRX7Q64IE1,11,15,1,0.17,7.155418,0.919759,1.349142,BFUCAOZJ9YSKPWOTSHL38D2NGMVRX7Q64IEI,0.083333,0.916667,point_previews/task000159_mu065536_rho020_n1.png
0.3,65536,8,license_plate_bahnschrift.ttf,BFUCAOZJ9Y5KPW0TSHL38D2NGMVRX7Q64IE1,11,15,0,0.255,8.763561,0.881116,1.10157,BFUCAOZJ9YSKPWOTSHL38D2ZNGMVRX7Q64IE1,0.083333,0.916667,point_previews/task000159_mu065536_rho030_n0.png
0.3,65536,8,license_plate_bahnschrift.ttf,BFUCAOZJ9Y5KPW0TSHL38D2NGMVRX7Q64IE1,11,15,1,0.255,8.763561,0.881116,1.10157,BFUCAOZJ9YSKPWOTSHL38D2NGMVRX7Q64E1,0.083333,0.916667,point_previews/task000159_mu065536_rho030_n1.png
0.4,65536,8,license_plate_bahnschrift.ttf,BFUCAOZJ9Y5KPW0TSHL38D2NGMVRX7Q64IE1,11,15,0,0.34,10.119289,0.843436,0.953987,BFUCAOZJ9YSKPWOTSHL38D2NGMVRX7Q64IE1,0.055556,0.944444,point_previews/task000159_mu065536_rho040_n0.png
0.4,65536,8,license_plate_bahnschrift.ttf,BFUCAOZJ9Y5KPW0TSHL38D2NGMVRX7Q64IE1,11,15,1,0.34,10.119289,0.843436,0.953987,BFUCAOZJ9YSKPWOTSHL38D2NGMVRX7Q64IEI,0.083333,0.916667,point_previews/task000159_mu065536_rho040_n1.png
0.5,65536,8,license_plate_bahnschrift.ttf,BFUCAOZJ9Y5KPW0TSHL38D2NGMVRX7Q64IE1,11,15,0,0.425,11.313708,0.8067,0.853272,BFUCAOZJ9YSKPWOTSHL38D2NGMVRX7Q64EI,0.111111,0.888889,point_previews/task000159_mu065536_rho050_n0.png
0.5,65536,8,license_plate_bahnschrift.ttf,BFUCAOZJ9Y5KPW0TSHL38D2NGMVRX7Q64IE1,11,15,1,0.425,11.313708,0.8067,0.853272,BFUCAOZJ9YSKPWOTSHL38D2NGMVRX7Q64IEI,0.083333,0.916667,point_previews/task000159_mu065536_rho050_n1.png
0.6,65536,8,license_plate_bahnschrift.ttf,BFUCAOZJ9Y5KPW0TSHL38D2NGMVRX7Q64IE1,11,15,0,0.51,12.393547,0.770893,0.778927,BFUCAOZJ9YSKPWOTSHL38D2NGMVRX7Q64IEI,0.083333,0.916667,point_previews/task000159_mu065536_rho060_n0.png
0.6,65536,8,license_plate_bahnschrift.ttf,BFUCAOZJ9Y5KPW0TSHL38D2NGMVRX7Q64IE1,11,15,1,0.51,12.393547,0.770893,0.778927,BFUCAOZJ9YSKPWOTSHL38D2NGMVRX7Q64EI,0.111111,0.888889,point_previews/task000159_mu065536_rho060_n1.png
0.7,65536,8,license_plate_bahnschrift.ttf,BFUCAOZJ9Y5KPW0TSHL38D2NGMVRX7Q64IE1,11,15,0,0.595,13.38656,0.735998,0.721147,BFUCAOZJ9YSKPWOTSHL38D2NGMVRX7Q64IE1,0.055556,0.944444,point_previews/task000159_mu065536_rho070_n0.png
0.7,65536,8,license_plate_bahnschrift.ttf,BFUCAOZJ9Y5KPW0TSHL38D2NGMVRX7Q64IE1,11,15,1,0.595,13.38656,0.735998,0.721147,BFUCAOZJ9YSKPWOTSHL38D2NGMVRX7Q64IEI,0.083333,0.916667,point_previews/task000159_mu065536_rho070_n1.png
0.8,65536,8,license_plate_bahnschrift.ttf,BFUCAOZJ9Y5KPW0TSHL38D2NGMVRX7Q64IE1,11,15,0,0.68,14.310835,0.701998,0.674571,BFUCAOZJ9YSKPWOTSHL38D2NGMVRX7Q64IEI,0.083333,0.916667,point_previews/task000159_mu065536_rho080_n0.png
0.8,65536,8,license_plate_bahnschrift.ttf,BFUCAOZJ9Y5KPW0TSHL38D2NGMVRX7Q64IE1,11,15,1,0.68,14.310835,0.701998,0.674571,BFUCAOZJ9YSKPWOTSHL38D2NGMVRX7Q64IEI,0.083333,0.916667,point_previews/task000159_mu065536_rho080_n1.png
0.9,65536,8,license_plate_bahnschrift.ttf,BFUCAOZJ9Y5KPW0TSHL38D2NGMVRX7Q64IE1,11,15,0,0.765,15.178933,0.668877,0.635992,BFUCAOZJ9YSKPWOTSHL38D2NGMVRX7Q44IEI,0.111111,0.888889,point_previews/task000159_mu065536_rho090_n0.png
0.9,65536,8,license_plate_bahnschrift.ttf,BFUCAOZJ9Y5KPW0TSHL38D2NGMVRX7Q64IE1,11,15,1,0.765,15.178933,0.668877,0.635992,BFUCAOZJ9YSKPWOTSHL38D2NGMVRX7Q64IEI,0.083333,0.916667,point_previews/task000159_mu065536_rho090_n1.png
1.0,65536,8,license_plate_bahnschrift.ttf,BFUCAOZJ9Y5KPW0TSHL38D2NGMVRX7Q64IE1,11,15,0,0.85,16.0,0.63662,0.603355,BFUCAOZJ9YSKPWOTSHL38D2NGMVRX7Q64IEI,0.083333,0.916667,point_previews/task000159_mu065536_rho100_n0.png
1.0,65536,8,license_plate_bahnschrift.ttf,BFUCAOZJ9Y5KPW0TSHL38D2NGMVRX7Q64IE1,11,15,1,0.85,16.0,0.63662,0.603355,BFUCAOZJ9YSKPWOTSHL38D2NGMVRX7Q64IEI,0.083333,0.916667,point_previews/task000159_mu065536_rho100_n1.png
0.1,4,8,license_plate_bahnschrift.ttf,BFUCAOZJ9Y5KPW0TSHL38D2NGMVRX7Q64IE1,15,0,0,0.085,5.059644,0.959381,1.907975,,1.0,0.0,point_previews/task000160_mu000004_rho010_n0.png
0.1,4,8,license_plate_bahnschrift.ttf,BFUCAOZJ9Y5KPW0TSHL38D2NGMVRX7Q64IE1,15,0,1,0.085,5.059644,0.959381,1.907975,DERPSSSLEACMEEN,0.861111,0.138889,point_previews/task000160_mu000004_rho010_n1.png
0.2,4,8,license_plate_bahnschrift.ttf,BFUCAOZJ9Y5KPW0TSHL38D2NGMVRX7Q64IE1,15,0,0,0.17,7.155418,0.919759,1.349142,GTEPSNENRE,0.861111,0.138889,point_previews/task000160_mu000004_rho020_n0.png
0.2,4,8,license_plate_bahnschrift.ttf,BFUCAOZJ9Y5KPW0TSHL38D2NGMVRX7Q64IE1,15,0,1,0.17,7.155418,0.919759,1.349142,,1.0,0.0,point_previews/task000160_mu000004_rho020_n1.png
0.3,4,8,license_plate_bahnschrift.ttf,BFUCAOZJ9Y5KPW0TSHL38D2NGMVRX7Q64IE1,15,0,0,0.255,8.763561,0.881116,1.10157,,1.0,0.0,point_previews/task000160_mu000004_rho030_n0.png
0.3,4,8,license_plate_bahnschrift.ttf,BFUCAOZJ9Y5KPW0TSHL38D2NGMVRX7Q64IE1,15,0,1,0.255,8.763561,0.881116,1.10157,SUCYASRETNMRMRMTR,0.805556,0.194444,point_previews/task000160_mu000004_rho030_n1.png
0.4,4,8,license_plate_bahnschrift.ttf,BFUCAOZJ9Y5KPW0TSHL38D2NGMVRX7Q64IE1,15,0,0,0.34,10.119289,0.843436,0.953987,ARACEAE,0.916667,0.083333,point_previews/task000160_mu000004_rho040_n0.png
0.4,4,8,license_plate_bahnschrift.ttf,BFUCAOZJ9Y5KPW0TSHL38D2NGMVRX7Q64IE1,15,0,1,0.34,10.119289,0.843436,0.953987,BMLMARA,0.888889,0.111111,point_previews/task000160_mu000004_rho040_n1.png
0.5,4,8,license_plate_bahnschrift.ttf,BFUCAOZJ9Y5KPW0TSHL38D2NGMVRX7Q64IE1,15,0,0,0.425,11.313708,0.8067,0.853272,ISATGRS,0.888889,0.111111,point_previews/task000160_mu000004_rho050_n0.png
0.5,4,8,license_plate_bahnschrift.ttf,BFUCAOZJ9Y5KPW0TSHL38D2NGMVRX7Q64IE1,15,0,1,0.425,11.313708,0.8067,0.853272,AEGENERRLGTCAHGPATIETCOEORT,0.944444,0.055556,point_previews/task000160_mu000004_rho050_n1.png
0.6,4,8,license_plate_bahnschrift.ttf,BFUCAOZJ9Y5KPW0TSHL38D2NGMVRX7Q64IE1,15,0,0,0.51,12.393547,0.770893,0.778927,FBPVSSUONBER,0.861111,0.138889,point_previews/task000160_mu000004_rho060_n0.png
0.6,4,8,license_plate_bahnschrift.ttf,BFUCAOZJ9Y5KPW0TSHL38D2NGMVRX7Q64IE1,15,0,1,0.51,12.393547,0.770893,0.778927,OYGIAEZ28TEIMCAUGASDREMRNS,0.861111,0.138889,point_previews/task000160_mu000004_rho060_n1.png
0.7,4,8,license_plate_bahnschrift.ttf,BFUCAOZJ9Y5KPW0TSHL38D2NGMVRX7Q64IE1,15,0,0,0.595,13.38656,0.735998,0.721147,,1.0,0.0,point_previews/task000160_mu000004_rho070_n0.png
0.7,4,8,license_plate_bahnschrift.ttf,BFUCAOZJ9Y5KPW0TSHL38D2NGMVRX7Q64IE1,15,0,1,0.595,13.38656,0.735998,0.721147,,1.0,0.0,point_previews/task000160_mu000004_rho070_n1.png
0.8,4,8,license_plate_bahnschrift.ttf,BFUCAOZJ9Y5KPW0TSHL38D2NGMVRX7Q64IE1,15,0,0,0.68,14.310835,0.701998,0.674571,RESP,0.972222,0.027778,point_previews/task000160_mu000004_rho080_n0.png
0.8,4,8,license_plate_bahnschrift.ttf,BFUCAOZJ9Y5KPW0TSHL38D2NGMVRX7Q64IE1,15,0,1,0.68,14.310835,0.701998,0.674571,ATRSTLAETEEESBAEUNSRIECRO,0.888889,0.111111,point_previews/task000160_mu000004_rho080_n1.png
0.9,4,8,license_plate_bahnschrift.ttf,BFUCAOZJ9Y5KPW0TSHL38D2NGMVRX7Q64IE1,15,0,0,0.765,15.178933,0.668877,0.635992,BEFRAEESRS5WIGSEN,0.833333,0.166667,point_previews/task000160_mu000004_rho090_n0.png
0.9,4,8,license_plate_bahnschrift.ttf,BFUCAOZJ9Y5KPW0TSHL38D2NGMVRX7Q64IE1,15,0,1,0.765,15.178933,0.668877,0.635992,SBRHERAESIESOSETSFSRORESREOD,0.916667,0.083333,point_previews/task000160_mu000004_rho090_n1.png
1.0,4,8,license_plate_bahnschrift.ttf,BFUCAOZJ9Y5KPW0TSHL38D2NGMVRX7Q64IE1,15,0,0,0.85,16.0,0.63662,0.603355,RECEA2FWEUASADENU,0.888889,0.111111,point_previews/task000160_mu000004_rho100_n0.png
1.0,4,8,license_plate_bahnschrift.ttf,BFUCAOZJ9Y5KPW0TSHL38D2NGMVRX7Q64IE1,15,0,1,0.85,16.0,0.63662,0.603355,ETIORGTI9SEVATTSCHRUCAOOENS,0.888889,0.111111,point_previews/task000160_mu000004_rho100_n1.png
0.1,16,8,license_plate_bahnschrift.ttf,BFUCAOZJ9Y5KPW0TSHL38D2NGMVRX7Q64IE1,15,0,0,0.085,5.059644,0.959381,1.907975,HSZACMNATERCPRNLEEHN,0.916667,0.083333,point_previews/task000161_mu000016_rho010_n0.png
0.1,16,8,license_plate_bahnschrift.ttf,BFUCAOZJ9Y5KPW0TSHL38D2NGMVRX7Q64IE1,15,0,1,0.085,5.059644,0.959381,1.907975,RRIEASGRSANEFANSRTTESTEED,0.861111,0.138889,point_previews/task000161_mu000016_rho010_n1.png
0.2,16,8,license_plate_bahnschrift.ttf,BFUCAOZJ9Y5KPW0TSHL38D2NGMVRX7Q64IE1,15,0,0,0.17,7.155418,0.919759,1.349142,RUSAIASOREAEMATOHESEISSLGAMPPS,0.888889,0.111111,point_previews/task000161_mu000016_rho020_n0.png
0.2,16,8,license_plate_bahnschrift.ttf,BFUCAOZJ9Y5KPW0TSHL38D2NGMVRX7Q64IE1,15,0,1,0.17,7.155418,0.919759,1.349142,SETERRASAPCGUBTESEBELADB,0.972222,0.027778,point_previews/task000161_mu000016_rho020_n1.png
0.3,16,8,license_plate_bahnschrift.ttf,BFUCAOZJ9Y5KPW0TSHL38D2NGMVRX7Q64IE1,15,0,0,0.255,8.763561,0.881116,1.10157,EARIGASZO72BWARTGHLSREENORUDIETEEIBE,0.833333,0.166667,point_previews/task000161_mu000016_rho030_n0.png
0.3,16,8,license_plate_bahnschrift.ttf,BFUCAOZJ9Y5KPW0TSHL38D2NGMVRX7Q64IE1,15,0,1,0.255,8.763561,0.881116,1.10157,SEPOEAG2STHEREVETSENGROENBMAERTGE,0.861111,0.138889,point_previews/task000161_mu000016_rho030_n1.png
0.4,16,8,license_plate_bahnschrift.ttf,BFUCAOZJ9Y5KPW0TSHL38D2NGMVRX7Q64IE1,15,0,0,0.34,10.119289,0.843436,0.953987,BEUESOZSHPWDFIAESRDANGMVRRTOESES,0.638889,0.361111,point_previews/task000161_mu000016_rho040_n0.png
0.4,16,8,license_plate_bahnschrift.ttf,BFUCAOZJ9Y5KPW0TSHL38D2NGMVRX7Q64IE1,15,0,1,0.34,10.119289,0.843436,0.953987,SRUVACZIEYSKPWOTSHESBDPNGRVRRTOSGIEL,0.527778,0.472222,point_previews/task000161_mu000016_rho040_n1.png
0.5,16,8,license_plate_bahnschrift.ttf,BFUCAOZJ9Y5KPW0TSHL38D2NGMVRX7Q64IE1,15,0,0,0.425,11.313708,0.8067,0.853272,BPUCAOTIOVSHKPWOTSHLSSDONEMVRETDSAIES,0.5,0.5,point_previews/task000161_mu000016_rho050_n0.png
0.5,16,8,license_plate_bahnschrift.ttf,BFUCAOZJ9Y5KPW0TSHL38D2NGMVRX7Q64IE1,15,0,1,0.425,11.313708,0.8067,0.853272,,1.0,0.0,point_previews/task000161_mu000016_rho050_n1.png
0.6,16,8,license_plate_bahnschrift.ttf,BFUCAOZJ9Y5KPW0TSHL38D2NGMVRX7Q64IE1,15,0,0,0.51,12.393547,0.770893,0.778927,,1.0,0.0,point_previews/task000161_mu000016_rho060_n0.png
0.6,16,8,license_plate_bahnschrift.ttf,BFUCAOZJ9Y5KPW0TSHL38D2NGMVRX7Q64IE1,15,0,1,0.51,12.393547,0.770893,0.778927,,1.0,0.0,point_previews/task000161_mu000016_rho060_n1.png
0.7,16,8,license_plate_bahnschrift.ttf,BFUCAOZJ9Y5KPW0TSHL38D2NGMVRX7Q64IE1,15,0,0,0.595,13.38656,0.735998,0.721147,BRUCADZ9YSKPWOTSHLSBDANGMYRETOGMIES,0.416667,0.583333,point_previews/task000161_mu000016_rho070_n0.png
0.7,16,8,license_plate_bahnschrift.ttf,BFUCAOZJ9Y5KPW0TSHL38D2NGMVRX7Q64IE1,15,0,1,0.595,13.38656,0.735998,0.721147,,1.0,0.0,point_previews/task000161_mu000016_rho070_n1.png
0.8,16,8,license_plate_bahnschrift.ttf,BFUCAOZJ9Y5KPW0TSHL38D2NGMVRX7Q64IE1,15,0,0,0.68,14.310835,0.701998,0.674571,BRUGAOZSOYSKEWOTSHLSSD2NGMYRETOSUIES,0.444444,0.555556,point_previews/task000161_mu000016_rho080_n0.png
0.8,16,8,license_plate_bahnschrift.ttf,BFUCAOZJ9Y5KPW0TSHL38D2NGMVRX7Q64IE1,15,0,1,0.68,14.310835,0.701998,0.674571,REUCAOZIONSHPWOTSHLISOZNGMYRE7OBSIET,0.5,0.5,point_previews/task000161_mu000016_rho080_n1.png
0.9,16,8,license_plate_bahnschrift.ttf,BFUCAOZJ9Y5KPW0TSHL38D2NGMVRX7Q64IE1,15,0,0,0.765,15.178933,0.668877,0.635992,BEUCAOZSYSKPWOTSHESSDZNGMYRATO6SET,0.444444,0.555556,point_previews/task000161_mu000016_rho090_n0.png
0.9,16,8,license_plate_bahnschrift.ttf,BFUCAOZJ9Y5KPW0TSHL38D2NGMVRX7Q64IE1,15,0,1,0.765,15.178933,0.668877,0.635992,BRUCAOZIOYSKPWOTSHLISDZNGMURKTOGUIET,0.416667,0.583333,point_previews/task000161_mu000016_rho090_n1.png
1.0,16,8,license_plate_bahnschrift.ttf,BFUCAOZJ9Y5KPW0TSHL38D2NGMVRX7Q64IE1,15,0,0,0.85,16.0,0.63662,0.603355,BRUCAOZISYSKEWOTSHLSBD2NGMYRX7GEAIEE,0.361111,0.638889,point_previews/task000161_mu000016_rho100_n0.png
1.0,16,8,license_plate_bahnschrift.ttf,BFUCAOZJ9Y5KPW0TSHL38D2NGMVRX7Q64IE1,15,0,1,0.85,16.0,0.63662,0.603355,BRUCAOZSYSKPWOTSHES8D2NGMVRKZO8GIEF,0.361111,0.638889,point_previews/task000161_mu000016_rho100_n1.png
0.1,64,8,license_plate_bahnschrift.ttf,BFUCAOZJ9Y5KPW0TSHL38D2NGMVRX7Q64IE1,15,0,0,0.085,5.059644,0.959381,1.907975,BEUCAG2SYSKPWITSPLSSBENOMPRAIOSAIER,0.555556,0.444444,point_previews/task000162_mu000064_rho010_n0.png
0.1,64,8,license_plate_bahnschrift.ttf,BFUCAOZJ9Y5KPW0TSHL38D2NGMVRX7Q64IE1,15,0,1,0.085,5.059644,0.959381,1.907975,BEUCADEYSRPIOTSHLSBDAHGMVRKIAEOES,0.555556,0.444444,point_previews/task000162_mu000064_rho010_n1.png
0.2,64,8,license_plate_bahnschrift.ttf,BFUCAOZJ9Y5KPW0TSHL38D2NGMVRX7Q64IE1,15,0,0,0.17,7.155418,0.919759,1.349142,BFUCAOZIOYSKPWOTSHLSEDANGMVRXTOSMIES,0.333333,0.666667,point_previews/task000162_mu000064_rho020_n0.png
0.2,64,8,license_plate_bahnschrift.ttf,BFUCAOZJ9Y5KPW0TSHL38D2NGMVRX7Q64IE1,15,0,1,0.17,7.155418,0.919759,1.349142,BFUCAOZ9YSKPWOTSHESBD2NGMYRXTOSAIES,0.333333,0.666667,point_previews/task000162_mu000064_rho020_n1.png
0.3,64,8,license_plate_bahnschrift.ttf,BFUCAOZJ9Y5KPW0TSHL38D2NGMVRX7Q64IE1,15,0,0,0.255,8.763561,0.881116,1.10157,,1.0,0.0,point_previews/task000162_mu000064_rho030_n0.png
0.3,64,8,license_plate_bahnschrift.ttf,BFUCAOZJ9Y5KPW0TSHL38D2NGMVRX7Q64IE1,15,0,1,0.255,8.763561,0.881116,1.10157,BFUCAOZ29YSKPWOTSHLSBDZNGMYRXFQSMET,0.333333,0.666667,point_previews/task000162_mu000064_rho030_n1.png
0.4,64,8,license_plate_bahnschrift.ttf,BFUCAOZJ9Y5KPW0TSHL38D2NGMVRX7Q64IE1,15,0,0,0.34,10.119289,0.843436,0.953987,BFUCAOZJ9YSKPWOTSHLSBD2NGMVRXTOBUIE,0.25,0.75,point_previews/task000162_mu000064_rho040_n0.png
0.4,64,8,license_plate_bahnschrift.ttf,BFUCAOZJ9Y5KPW0TSHL38D2NGMVRX7Q64IE1,15,0,1,0.34,10.119289,0.843436,0.953987,BFUCAOZIOYSKPWOTSHL3BDZNGMYRXTOSSIET,0.333333,0.666667,point_previews/task000162_mu000064_rho040_n1.png
0.5,64,8,license_plate_bahnschrift.ttf,BFUCAOZJ9Y5KPW0TSHL38D2NGMVRX7Q64IE1,15,0,0,0.425,11.313708,0.8067,0.853272,BFUCAOZI9VSKPWOTSHL38D2NGMVRX7Q64NE1,0.138889,0.861111,point_previews/task000162_mu000064_rho050_n0.png
0.5,64,8,license_plate_bahnschrift.ttf,BFUCAOZJ9Y5KPW0TSHL38D2NGMVRX7Q64IE1,15,0,1,0.425,11.313708,0.8067,0.853272,BFUCAOZIFYSKPWOTSHL3BD2NGMVRX7O64IED,0.194444,0.805556,point_previews/task000162_mu000064_rho050_n1.png
0.6,64,8,license_plate_bahnschrift.ttf,BFUCAOZJ9Y5KPW0TSHL38D2NGMVRX7Q64IE1,15,0,0,0.51,12.393547,0.770893,0.778927,BFUCAOZJ9YSKPWOTSHL38D2NGMYRX7O6MIET,0.166667,0.833333,point_previews/task000162_mu000064_rho060_n0.png
0.6,64,8,license_plate_bahnschrift.ttf,BFUCAOZJ9Y5KPW0TSHL38D2NGMVRX7Q64IE1,15,0,1,0.51,12.393547,0.770893,0.778927,BFUCADZJ9YSKPWOTSHL38D2NGMVRX7O6ME,0.194444,0.805556,point_previews/task000162_mu000064_rho060_n1.png
0.7,64,8,license_plate_bahnschrift.ttf,BFUCAOZJ9Y5KPW0TSHL38D2NGMVRX7Q64IE1,15,0,0,0.595,13.38656,0.735998,0.721147,BFUCAOZJ9YSKPWOTSHL38D2NGMVRX7Q64IE,0.083333,0.916667,point_previews/task000162_mu000064_rho070_n0.png
0.7,64,8,license_plate_bahnschrift.ttf,BFUCAOZJ9Y5KPW0TSHL38D2NGMVRX7Q64IE1,15,0,1,0.595,13.38656,0.735998,0.721147,BFUCAOZJ9YSKPWOTSHL3B8D2NGMVRX7Q64IE1,0.083333,0.916667,point_previews/task000162_mu000064_rho070_n1.png
0.8,64,8,license_plate_bahnschrift.ttf,BFUCAOZJ9Y5KPW0TSHL38D2NGMVRX7Q64IE1,15,0,0,0.68,14.310835,0.701998,0.674571,BFUCA0ZJ9Y5KPWOTSHL38D2NGMVRX7OS4IET,0.138889,0.861111,point_previews/task000162_mu000064_rho080_n0.png
0.8,64,8,license_plate_bahnschrift.ttf,BFUCAOZJ9Y5KPW0TSHL38D2NGMVRX7Q64IE1,15,0,1,0.68,14.310835,0.701998,0.674571,BFUCAOZJ9YSKPWOTSHL38D2NGMVRX706S1E1,0.138889,0.861111,point_previews/task000162_mu000064_rho080_n1.png
0.9,64,8,license_plate_bahnschrift.ttf,BFUCAOZJ9Y5KPW0TSHL38D2NGMVRX7Q64IE1,15,0,0,0.765,15.178933,0.668877,0.635992,BFUCAOZJ9YSKPWOTSHL38D2NGMYVRX7O64IE,0.138889,0.861111,point_previews/task000162_mu000064_rho090_n0.png
0.9,64,8,license_plate_bahnschrift.ttf,BFUCAOZJ9Y5KPW0TSHL38D2NGMVRX7Q64IE1,15,0,1,0.765,15.178933,0.668877,0.635992,BFUCAOZJ9YSKPWOTSHL38D2NGMVRX7O64IET,0.111111,0.888889,point_previews/task000162_mu000064_rho090_n1.png
1.0,64,8,license_plate_bahnschrift.ttf,BFUCAOZJ9Y5KPW0TSHL38D2NGMVRX7Q64IE1,15,0,0,0.85,16.0,0.63662,0.603355,BFUCAOZJ9YSKPWOTSHL38DZ2NGMVRX7OQS4IET,0.166667,0.833333,point_previews/task000162_mu000064_rho100_n0.png
1.0,64,8,license_plate_bahnschrift.ttf,BFUCAOZJ9Y5KPW0TSHL38D2NGMVRX7Q64IE1,15,0,1,0.85,16.0,0.63662,0.603355,BFUCAOZJVYSKPEWOTSHL38D2NGMVRX7Q64IE,0.138889,0.861111,point_previews/task000162_mu000064_rho100_n1.png
0.1,256,8,license_plate_bahnschrift.ttf,BFUCAOZJ9Y5KPW0TSHL38D2NGMVRX7Q64IE1,15,0,0,0.085,5.059644,0.959381,1.907975,BFUCADZJIYSKPWOTSHL3BD2NGMVRX7QS4IEF,0.194444,0.805556,point_previews/task000163_mu000256_rho010_n0.png
0.1,256,8,license_plate_bahnschrift.ttf,BFUCAOZJ9Y5KPW0TSHL38D2NGMVRX7Q64IE1,15,0,1,0.085,5.059644,0.959381,1.907975,BFUCADZIOYSKPWOTSHL38D2NGMYRX7O64IE1,0.194444,0.805556,point_previews/task000163_mu000256_rho010_n1.png
0.2,256,8,license_plate_bahnschrift.ttf,BFUCAOZJ9Y5KPW0TSHL38D2NGMVRX7Q64IE1,15,0,0,0.17,7.155418,0.919759,1.349142,BFUCAOZJ9YSKPWOTSHLSBD2NGMYRX7O54IE1,0.194444,0.805556,point_previews/task000163_mu000256_rho020_n0.png
0.2,256,8,license_plate_bahnschrift.ttf,BFUCAOZJ9Y5KPW0TSHL38D2NGMVRX7Q64IE1,15,0,1,0.17,7.155418,0.919759,1.349142,BFUCAOZJ9YSKPWOTSHL3BD2NGMYRX7OS4IE,0.194444,0.805556,point_previews/task000163_mu000256_rho020_n1.png
0.3,256,8,license_plate_bahnschrift.ttf,BFUCAOZJ9Y5KPW0TSHL38D2NGMVRX7Q64IE1,15,0,0,0.255,8.763561,0.881116,1.10157,BFUCAOZJ9YSKPWOTSHL38D2NGMYRX7Q64IEF,0.111111,0.888889,point_previews/task000163_mu000256_rho030_n0.png
0.3,256,8,license_plate_bahnschrift.ttf,BFUCAOZJ9Y5KPW0TSHL38D2NGMVRX7Q64IE1,15,0,1,0.255,8.763561,0.881116,1.10157,BFUCAOZJ9V5KPWOTSHL38D2NGMVRX7Q64IE1,0.055556,0.944444,point_previews/task000163_mu000256_rho030_n1.png
0.4,256,8,license_plate_bahnschrift.ttf,BFUCAOZJ9Y5KPW0TSHL38D2NGMVRX7Q64IE1,15,0,0,0.34,10.119289,0.843436,0.953987,BFUCAOZITYSKPWOTSHL38D2NGMVRX7Q64IE1,0.111111,0.888889,point_previews/task000163_mu000256_rho040_n0.png
0.4,256,8,license_plate_bahnschrift.ttf,BFUCAOZJ9Y5KPW0TSHL38D2NGMVRX7Q64IE1,15,0,1,0.34,10.119289,0.843436,0.953987,BFUCAOZI9YSKPWOTSHLS8D2NGMVRX7OS64IET,0.194444,0.805556,point_previews/task000163_mu000256_rho040_n1.png
0.5,256,8,license_plate_bahnschrift.ttf,BFUCAOZJ9Y5KPW0TSHL38D2NGMVRX7Q64IE1,15,0,0,0.425,11.313708,0.8067,0.853272,BFUCAOZJ9YSKPWOTSHL38D2ZNGMVRX7Q641E1,0.111111,0.888889,point_previews/task000163_mu000256_rho050_n0.png
0.5,256,8,license_plate_bahnschrift.ttf,BFUCAOZJ9Y5KPW0TSHL38D2NGMVRX7Q64IE1,15,0,1,0.425,11.313708,0.8067,0.853272,BFUCAOZJ9YSKPWOTSHL38D2NGMVRX7Q64IEI,0.083333,0.916667,point_previews/task000163_mu000256_rho050_n1.png
0.6,256,8,license_plate_bahnschrift.ttf,BFUCAOZJ9Y5KPW0TSHL38D2NGMVRX7Q64IE1,15,0,0,0.51,12.393547,0.770893,0.778927,BFUCAOZJISYSKPWOTSHL38D2NGMVRX7Q64IE,0.138889,0.861111,point_previews/task000163_mu000256_rho060_n0.png
0.6,256,8,license_plate_bahnschrift.ttf,BFUCAOZJ9Y5KPW0TSHL38D2NGMVRX7Q64IE1,15,0,1,0.51,12.393547,0.770893,0.778927,BFUCAOZI9YSKPWOTSHL3S8D2NGMVRX7Q64IE1,0.111111,0.888889,point_previews/task000163_mu000256_rho060_n1.png
0.7,256,8,license_plate_bahnschrift.ttf,BFUCAOZJ9Y5KPW0TSHL38D2NGMVRX7Q64IE1,15,0,0,0.595,13.38656,0.735998,0.721147,BFUCAOZJIYSKPWOTSHL3SS8D2NGMVRX7Q64IE1,0.138889,0.861111,point_previews/task000163_mu000256_rho070_n0.png
0.7,256,8,license_plate_bahnschrift.ttf,BFUCAOZJ9Y5KPW0TSHL38D2NGMVRX7Q64IE1,15,0,1,0.595,13.38656,0.735998,0.721147,BFUCAOZJ9YSKPWOTSHL3S8D2NGMVRX7Q64IE1,0.083333,0.916667,point_previews/task000163_mu000256_rho070_n1.png
0.8,256,8,license_plate_bahnschrift.ttf,BFUCAOZJ9Y5KPW0TSHL38D2NGMVRX7Q64IE1,15,0,0,0.68,14.310835,0.701998,0.674571,BFUCAOZJSYSKPWOTSHL38D2NGMVRX7GQ64IE1,0.111111,0.888889,point_previews/task000163_mu000256_rho080_n0.png
0.8,256,8,license_plate_bahnschrift.ttf,BFUCAOZJ9Y5KPW0TSHL38D2NGMVRX7Q64IE1,15,0,1,0.68,14.310835,0.701998,0.674571,BFUCAOZJ9YSKPWOTSHL38D2NGMVRX7Q64IE1,0.055556,0.944444,point_previews/task000163_mu000256_rho080_n1.png
0.9,256,8,license_plate_bahnschrift.ttf,BFUCAOZJ9Y5KPW0TSHL38D2NGMVRX7Q64IE1,15,0,0,0.765,15.178933,0.668877,0.635992,BFUCAOZI9YSKPWOTSHL3SD2NGMVRX7GQ64IE1,0.138889,0.861111,point_previews/task000163_mu000256_rho090_n0.png
0.9,256,8,license_plate_bahnschrift.ttf,BFUCAOZJ9Y5KPW0TSHL38D2NGMVRX7Q64IE1,15,0,1,0.765,15.178933,0.668877,0.635992,BFUCAOZJ9YSKPWOTSHL3S8D2NGMVRX7GQ64E1,0.138889,0.861111,point_previews/task000163_mu000256_rho090_n1.png
1.0,256,8,license_plate_bahnschrift.ttf,BFUCAOZJ9Y5KPW0TSHL38D2NGMVRX7Q64IE1,15,0,0,0.85,16.0,0.63662,0.603355,BFUCAOZJI9YSKPWOTSHL38D2NGMVRX7Q64IE1,0.083333,0.916667,point_previews/task000163_mu000256_rho100_n0.png
1.0,256,8,license_plate_bahnschrift.ttf,BFUCAOZJ9Y5KPW0TSHL38D2NGMVRX7Q64IE1,15,0,1,0.85,16.0,0.63662,0.603355,BFUCAOZJ9YSKPWOTSHL38D2NGMVRX7GQ641E1,0.111111,0.888889,point_previews/task000163_mu000256_rho100_n1.png
0.1,1024,8,license_plate_bahnschrift.ttf,BFUCAOZJ9Y5KPW0TSHL38D2NGMVRX7Q64IE1,15,0,0,0.085,5.059644,0.959381,1.907975,BFUCAOZJSYSKPWOTSHL3BD2NGMYVRX7QS641ET,0.222222,0.777778,point_previews/task000164_mu001024_rho010_n0.png
0.1,1024,8,license_plate_bahnschrift.ttf,BFUCAOZJ9Y5KPW0TSHL38D2NGMVRX7Q64IE1,15,0,1,0.085,5.059644,0.959381,1.907975,BFUCAOZI9YSKPWOTSHLSBD2NGMYRX7OS4IE1,0.222222,0.777778,point_previews/task000164_mu001024_rho010_n1.png
0.2,1024,8,license_plate_bahnschrift.ttf,BFUCAOZJ9Y5KPW0TSHL38D2NGMVRX7Q64IE1,15,0,0,0.17,7.155418,0.919759,1.349142,BFUCAOZJ9YSKPWOTSHLS8D2NGMVRX7OS4IET,0.166667,0.833333,point_previews/task000164_mu001024_rho020_n0.png
0.2,1024,8,license_plate_bahnschrift.ttf,BFUCAOZJ9Y5KPW0TSHL38D2NGMVRX7Q64IE1,15,0,1,0.17,7.155418,0.919759,1.349142,BFUCAOZI9YSKPWOTSHLSB8D2NGMYVRX7Q64IE1,0.166667,0.833333,point_previews/task000164_mu001024_rho020_n1.png
0.3,1024,8,license_plate_bahnschrift.ttf,BFUCAOZJ9Y5KPW0TSHL38D2NGMVRX7Q64IE1,15,0,0,0.255,8.763561,0.881116,1.10157,BFUCAOZI9YSKPWOTSHL38D2NGMVRX7QS4IE1,0.111111,0.888889,point_previews/task000164_mu001024_rho030_n0.png
0.3,1024,8,license_plate_bahnschrift.ttf,BFUCAOZJ9Y5KPW0TSHL38D2NGMVRX7Q64IE1,15,0,1,0.255,8.763561,0.881116,1.10157,BFUCAOZJ9YSKPWOTSHL3S8D2NGMVRX7QS4IE1,0.111111,0.888889,point_previews/task000164_mu001024_rho030_n1.png
0.4,1024,8,license_plate_bahnschrift.ttf,BFUCAOZJ9Y5KPW0TSHL38D2NGMVRX7Q64IE1,15,0,0,0.34,10.119289,0.843436,0.953987,BFUCAOZJ9YSKPWOTSHL38D2NGMVRX7Q64IEI,0.083333,0.916667,point_previews/task000164_mu001024_rho040_n0.png
0.4,1024,8,license_plate_bahnschrift.ttf,BFUCAOZJ9Y5KPW0TSHL38D2NGMVRX7Q64IE1,15,0,1,0.34,10.119289,0.843436,0.953987,BFUCAOZJ9YSKPWOTSHL38D2NGMVRX7Q64IE1,0.055556,0.944444,point_previews/task000164_mu001024_rho040_n1.png
0.5,1024,8,license_plate_bahnschrift.ttf,BFUCAOZJ9Y5KPW0TSHL38D2NGMVRX7Q64IE1,15,0,0,0.425,11.313708,0.8067,0.853272,BFUCAOZJ9YSKPWOTSHL38D2NGMVRX7GQ64IE1,0.083333,0.916667,point_previews/task000164_mu001024_rho050_n0.png
0.5,1024,8,license_plate_bahnschrift.ttf,BFUCAOZJ9Y5KPW0TSHL38D2NGMVRX7Q64IE1,15,0,1,0.425,11.313708,0.8067,0.853272,BFUCAOZJIYSKPWOTSHL3SS8D2NGMVRX7QS4IE1,0.166667,0.833333,point_previews/task000164_mu001024_rho050_n1.png
0.6,1024,8,license_plate_bahnschrift.ttf,BFUCAOZJ9Y5KPW0TSHL38D2NGMVRX7Q64IE1,15,0,0,0.51,12.393547,0.770893,0.778927,BFUCAOZI9YSKPWOTSHL38D2NGMVRX7G64IE1,0.111111,0.888889,point_previews/task000164_mu001024_rho060_n0.png
0.6,1024,8,license_plate_bahnschrift.ttf,BFUCAOZJ9Y5KPW0TSHL38D2NGMVRX7Q64IE1,15,0,1,0.51,12.393547,0.770893,0.778927,BFUCAOZJ9YSKPWOTSHL38D2NGMVRX7Q64IE1,0.055556,0.944444,point_previews/task000164_mu001024_rho060_n1.png
0.7,1024,8,license_plate_bahnschrift.ttf,BFUCAOZJ9Y5KPW0TSHL38D2NGMVRX7Q64IE1,15,0,0,0.595,13.38656,0.735998,0.721147,BFUCAOZJ9YSKPWOTSHL38D2NGMVRX7Q64IE1,0.055556,0.944444,point_previews/task000164_mu001024_rho070_n0.png
0.7,1024,8,license_plate_bahnschrift.ttf,BFUCAOZJ9Y5KPW0TSHL38D2NGMVRX7Q64IE1,15,0,1,0.595,13.38656,0.735998,0.721147,BFUCAOZJ9YSKPWOTSHL38D2NGMVRX7Q64IE1,0.055556,0.944444,point_previews/task000164_mu001024_rho070_n1.png
0.8,1024,8,license_plate_bahnschrift.ttf,BFUCAOZJ9Y5KPW0TSHL38D2NGMVRX7Q64IE1,15,0,0,0.68,14.310835,0.701998,0.674571,BFUCAOZJ9YSKPWOTSHL38D2NGMVRX7G64IE1,0.083333,0.916667,point_previews/task000164_mu001024_rho080_n0.png
0.8,1024,8,license_plate_bahnschrift.ttf,BFUCAOZJ9Y5KPW0TSHL38D2NGMVRX7Q64IE1,15,0,1,0.68,14.310835,0.701998,0.674571,BFUCAOZJ9YSKPWOTSHL38D2NGMVRX7GQ64IE1,0.083333,0.916667,point_previews/task000164_mu001024_rho080_n1.png
0.9,1024,8,license_plate_bahnschrift.ttf,BFUCAOZJ9Y5KPW0TSHL38D2NGMVRX7Q64IE1,15,0,0,0.765,15.178933,0.668877,0.635992,BFUCAOZJ9YSKPWOTSHL38D2NGMVRX7G64IE1,0.083333,0.916667,point_previews/task000164_mu001024_rho090_n0.png
0.9,1024,8,license_plate_bahnschrift.ttf,BFUCAOZJ9Y5KPW0TSHL38D2NGMVRX7Q64IE1,15,0,1,0.765,15.178933,0.668877,0.635992,BFUCAOZJ9YSKPWOTSHL38D2NGMVRX7Q64IE1,0.055556,0.944444,point_previews/task000164_mu001024_rho090_n1.png
1.0,1024,8,license_plate_bahnschrift.ttf,BFUCAOZJ9Y5KPW0TSHL38D2NGMVRX7Q64IE1,15,0,0,0.85,16.0,0.63662,0.603355,BFUCAOZJ9YSKPWOTSHL38D2NGMVRX7Q64IE1,0.055556,0.944444,point_previews/task000164_mu001024_rho100_n0.png
1.0,1024,8,license_plate_bahnschrift.ttf,BFUCAOZJ9Y5KPW0TSHL38D2NGMVRX7Q64IE1,15,0,1,0.85,16.0,0.63662,0.603355,BFUCAOZJ9YSKPWOTSHL38D2NGMVRX7GQ64IE1,0.083333,0.916667,point_previews/task000164_mu001024_rho100_n1.png
0.1,4096,8,license_plate_bahnschrift.ttf,BFUCAOZJ9Y5KPW0TSHL38D2NGMVRX7Q64IE1,15,0,0,0.085,5.059644,0.959381,1.907975,BFUCAOZI9YSKPWOTSHLSBD2NGMYVRX7QS4IET,0.222222,0.777778,point_previews/task000165_mu004096_rho010_n0.png
0.1,4096,8,license_plate_bahnschrift.ttf,BFUCAOZJ9Y5KPW0TSHL38D2NGMVRX7Q64IE1,15,0,1,0.085,5.059644,0.959381,1.907975,BFUCAOZI9YSKPWOTSHLSBD2NGMYVRX7QS4IET,0.222222,0.777778,point_previews/task000165_mu004096_rho010_n1.png
0.2,4096,8,license_plate_bahnschrift.ttf,BFUCAOZJ9Y5KPW0TSHL38D2NGMVRX7Q64IE1,15,0,0,0.17,7.155418,0.919759,1.349142,BFUCAOZIIYSKPWOTSHLSBD2NGMYVRX7QS4IE1,0.222222,0.777778,point_previews/task000165_mu004096_rho020_n0.png
0.2,4096,8,license_plate_bahnschrift.ttf,BFUCAOZJ9Y5KPW0TSHL38D2NGMVRX7Q64IE1,15,0,1,0.17,7.155418,0.919759,1.349142,BFUCAOZIIYSKPWOTSHLSSD2NGMVRX7QS4IE1,0.194444,0.805556,point_previews/task000165_mu004096_rho020_n1.png
0.3,4096,8,license_plate_bahnschrift.ttf,BFUCAOZJ9Y5KPW0TSHL38D2NGMVRX7Q64IE1,15,0,0,0.255,8.763561,0.881116,1.10157,BFUCAOZJIIYSKPWOTSHLSSD2NGMVRX7QS4IE1,0.194444,0.805556,point_previews/task000165_mu004096_rho030_n0.png
0.3,4096,8,license_plate_bahnschrift.ttf,BFUCAOZJ9Y5KPW0TSHL38D2NGMVRX7Q64IE1,15,0,1,0.255,8.763561,0.881116,1.10157,BFUCAOZIIYSKPWOTSHLSS8D2NGMVRX7QS64IE1,0.194444,0.805556,point_previews/task000165_mu004096_rho030_n1.png
0.4,4096,8,license_plate_bahnschrift.ttf,BFUCAOZJ9Y5KPW0TSHL38D2NGMVRX7Q64IE1,15,0,0,0.34,10.119289,0.843436,0.953987,BFUCAOZIIYSKPWOTSHL3SBD2NGMVRX7Q64IE1,0.166667,0.833333,point_previews/task000165_mu004096_rho040_n0.png
0.4,4096,8,license_plate_bahnschrift.ttf,BFUCAOZJ9Y5KPW0TSHL38D2NGMVRX7Q64IE1,15,0,1,0.34,10.119289,0.843436,0.953987,BFUCAOZIIYSKPWOTSHL3S8D2NGMVRX7Q64IE1,0.138889,0.861111,point_previews/task000165_mu004096_rho040_n1.png
0.5,4096,8,license_plate_bahnschrift.ttf,BFUCAOZJ9Y5KPW0TSHL38D2NGMVRX7Q64IE1,15,0,0,0.425,11.313708,0.8067,0.853272,BFUCAOZJIIYSKPWOTSHL3S8D2NGMVRX7Q64IE1,0.138889,0.861111,point_previews/task000165_mu004096_rho050_n0.png
0.5,4096,8,license_plate_bahnschrift.ttf,BFUCAOZJ9Y5KPW0TSHL38D2NGMVRX7Q64IE1,15,0,1,0.425,11.313708,0.8067,0.853272,BFUCAOZJIYSKPWOTSHLSS8D2NGMVRX7Q64IE1,0.138889,0.861111,point_previews/task000165_mu004096_rho050_n1.png
0.6,4096,8,license_plate_bahnschrift.ttf,BFUCAOZJ9Y5KPW0TSHL38D2NGMVRX7Q64IE1,15,0,0,0.51,12.393547,0.770893,0.778927,BFUCAOZJ9YSKPWOTSHL38D2NGMVRX7Q64IE1,0.055556,0.944444,point_previews/task000165_mu004096_rho060_n0.png
0.6,4096,8,license_plate_bahnschrift.ttf,BFUCAOZJ9Y5KPW0TSHL38D2NGMVRX7Q64IE1,15,0,1,0.51,12.393547,0.770893,0.778927,BFUCAOZJ9YSKPWOTSHL3S8D2NGMVRX7Q64IE1,0.083333,0.916667,point_previews/task000165_mu004096_rho060_n1.png
0.7,4096,8,license_plate_bahnschrift.ttf,BFUCAOZJ9Y5KPW0TSHL38D2NGMVRX7Q64IE1,15,0,0,0.595,13.38656,0.735998,0.721147,BFUCAOZJIIYSKPWOTSHL3SS8D2NGMVRX7Q64IE1,0.166667,0.833333,point_previews/task000165_mu004096_rho070_n0.png
0.7,4096,8,license_plate_bahnschrift.ttf,BFUCAOZJ9Y5KPW0TSHL38D2NGMVRX7Q64IE1,15,0,1,0.595,13.38656,0.735998,0.721147,BFUCAOZJ9YSKPWOTSHL38D2NGMVRX7Q64IE1,0.055556,0.944444,point_previews/task000165_mu004096_rho070_n1.png
0.8,4096,8,license_plate_bahnschrift.ttf,BFUCAOZJ9Y5KPW0TSHL38D2NGMVRX7Q64IE1,15,0,0,0.68,14.310835,0.701998,0.674571,BFUCAOZJ9YSKPWOTSHL38D2NGMVRX7GQ64IE1,0.083333,0.916667,point_previews/task000165_mu004096_rho080_n0.png
0.8,4096,8,license_plate_bahnschrift.ttf,BFUCAOZJ9Y5KPW0TSHL38D2NGMVRX7Q64IE1,15,0,1,0.68,14.310835,0.701998,0.674571,BFUCAOZJI9YSKPWOTSHL38D2NGMVRX7GQ64IE1,0.111111,0.888889,point_previews/task000165_mu004096_rho080_n1.png
0.9,4096,8,license_plate_bahnschrift.ttf,BFUCAOZJ9Y5KPW0TSHL38D2NGMVRX7Q64IE1,15,0,0,0.765,15.178933,0.668877,0.635992,BFUCAOZJ9YSKPWOTSHL38D2NGMVRX7G64IE1,0.083333,0.916667,point_previews/task000165_mu004096_rho090_n0.png
0.9,4096,8,license_plate_bahnschrift.ttf,BFUCAOZJ9Y5KPW0TSHL38D2NGMVRX7Q64IE1,15,0,1,0.765,15.178933,0.668877,0.635992,BFUCAOZJ9YSKPWOTSHL38D2NGMVRX7Q64IE1,0.055556,0.944444,point_previews/task000165_mu004096_rho090_n1.png
1.0,4096,8,license_plate_bahnschrift.ttf,BFUCAOZJ9Y5KPW0TSHL38D2NGMVRX7Q64IE1,15,0,0,0.85,16.0,0.63662,0.603355,BFUCAOZJ9YSKPWOTSHL38D2NGMVRX7GQ64IE1,0.083333,0.916667,point_previews/task000165_mu004096_rho100_n0.png
1.0,4096,8,license_plate_bahnschrift.ttf,BFUCAOZJ9Y5KPW0TSHL38D2NGMVRX7Q64IE1,15,0,1,0.85,16.0,0.63662,0.603355,BFUCAOZJ9YSKPWOTSHL38D2NGMVRX7GQ64IE1,0.083333,0.916667,point_previews/task000165_mu004096_rho100_n1.png
0.1,16384,8,license_plate_bahnschrift.ttf,BFUCAOZJ9Y5KPW0TSHL38D2NGMVRX7Q64IE1,15,0,0,0.085,5.059644,0.959381,1.907975,BFUCAOZISYSKPWOTSHLSBD2ZNGMYRX7QS4IE1,0.25,0.75,point_previews/task000166_mu016384_rho010_n0.png
0.1,16384,8,license_plate_bahnschrift.ttf,BFUCAOZJ9Y5KPW0TSHL38D2NGMVRX7Q64IE1,15,0,1,0.085,5.059644,0.959381,1.907975,BFUCAOZISYSKPWOTSHLSBD2ZNGMYRX7QS4IE1,0.25,0.75,point_previews/task000166_mu016384_rho010_n1.png
0.2,16384,8,license_plate_bahnschrift.ttf,BFUCAOZJ9Y5KPW0TSHL38D2NGMVRX7Q64IE1,15,0,0,0.17,7.155418,0.919759,1.349142,BFUCAOZIIYSKPWOTSHLSBD2NGMYVRX7QS4IE1,0.222222,0.777778,point_previews/task000166_mu016384_rho020_n0.png
0.2,16384,8,license_plate_bahnschrift.ttf,BFUCAOZJ9Y5KPW0TSHL38D2NGMVRX7Q64IE1,15,0,1,0.17,7.155418,0.919759,1.349142,BFUCAOZISYSKPWOTSHLSSD2NGMYRX7QS4IE1,0.222222,0.777778,point_previews/task000166_mu016384_rho020_n1.png
0.3,16384,8,license_plate_bahnschrift.ttf,BFUCAOZJ9Y5KPW0TSHL38D2NGMVRX7Q64IE1,15,0,0,0.255,8.763561,0.881116,1.10157,BFUCAOZJIIYSKPWOTSHLSSD2NGMVRX7QS64IE1,0.194444,0.805556,point_previews/task000166_mu016384_rho030_n0.png
0.3,16384,8,license_plate_bahnschrift.ttf,BFUCAOZJ9Y5KPW0TSHL38D2NGMVRX7Q64IE1,15,0,1,0.255,8.763561,0.881116,1.10157,BFUCAOZIIYSKPWOTSHLSS8D2NGMVRX7QS64IE1,0.194444,0.805556,point_previews/task000166_mu016384_rho030_n1.png
0.4,16384,8,license_plate_bahnschrift.ttf,BFUCAOZJ9Y5KPW0TSHL38D2NGMVRX7Q64IE1,15,0,0,0.34,10.119289,0.843436,0.953987,BFUCAOZJISYSKPWOTSHL3S8D2NGMVRX7Q64IE1,0.138889,0.861111,point_previews/task000166_mu016384_rho040_n0.png
0.4,16384,8,license_plate_bahnschrift.ttf,BFUCAOZJ9Y5KPW0TSHL38D2NGMVRX7Q64IE1,15,0,1,0.34,10.119289,0.843436,0.953987,BFUCAOZJIIYSKPWOTSHL3S8D2NGMVRX7Q64IE1,0.138889,0.861111,point_previews/task000166_mu016384_rho040_n1.png
0.5,16384,8,license_plate_bahnschrift.ttf,BFUCAOZJ9Y5KPW0TSHL38D2NGMVRX7Q64IE1,15,0,0,0.425,11.313708,0.8067,0.853272,BFUCAOZJIYSKPWOTSHL3SS8D2NGMVRX7Q64IE1,0.138889,0.861111,point_previews/task000166_mu016384_rho050_n0.png
0.5,16384,8,license_plate_bahnschrift.ttf,BFUCAOZJ9Y5KPW0TSHL38D2NGMVRX7Q64IE1,15,0,1,0.425,11.313708,0.8067,0.853272,BFUCAOZJIYSKPWOTSHL3SS8D2NGMVRX7Q64IE1,0.138889,0.861111,point_previews/task000166_mu016384_rho050_n1.png
0.6,16384,8,license_plate_bahnschrift.ttf,BFUCAOZJ9Y5KPW0TSHL38D2NGMVRX7Q64IE1,15,0,0,0.51,12.393547,0.770893,0.778927,BFUCAOZJIYSKPWOTSHL3S8D2NGMVRX7Q64IE1,0.111111,0.888889,point_previews/task000166_mu016384_rho060_n0.png
0.6,16384,8,license_plate_bahnschrift.ttf,BFUCAOZJ9Y5KPW0TSHL38D2NGMVRX7Q64IE1,15,0,1,0.51,12.393547,0.770893,0.778927,BFUCAOZJIYSKPWOTSHL3S8D2NGMVRX7Q64IE1,0.111111,0.888889,point_previews/task000166_mu016384_rho060_n1.png
0.7,16384,8,license_plate_bahnschrift.ttf,BFUCAOZJ9Y5KPW0TSHL38D2NGMVRX7Q64IE1,15,0,0,0.595,13.38656,0.735998,0.721147,BFUCAOZJIYSKPWOTSHL38D2NGMVRX7Q64IE1,0.083333,0.916667,point_previews/task000166_mu016384_rho070_n0.png
0.7,16384,8,license_plate_bahnschrift.ttf,BFUCAOZJ9Y5KPW0TSHL38D2NGMVRX7Q64IE1,15,0,1,0.595,13.38656,0.735998,0.721147,BFUCAOZJ9YSKPWOTSHL38D2NGMVRX7Q64IE1,0.055556,0.944444,point_previews/task000166_mu016384_rho070_n1.png
0.8,16384,8,license_plate_bahnschrift.ttf,BFUCAOZJ9Y5KPW0TSHL38D2NGMVRX7Q64IE1,15,0,0,0.68,14.310835,0.701998,0.674571,BFUCAOZJI9YSKPWOTSHL38D2NGMVRX7G64IE1,0.111111,0.888889,point_previews/task000166_mu016384_rho080_n0.png
0.8,16384,8,license_plate_bahnschrift.ttf,BFUCAOZJ9Y5KPW0TSHL38D2NGMVRX7Q64IE1,15,0,1,0.68,14.310835,0.701998,0.674571,BFUCAOZJI9YSKPWOTSHL38D2NGMVRX7G64IE1,0.111111,0.888889,point_previews/task000166_mu016384_rho080_n1.png
0.9,16384,8,license_plate_bahnschrift.ttf,BFUCAOZJ9Y5KPW0TSHL38D2NGMVRX7Q64IE1,15,0,0,0.765,15.178933,0.668877,0.635992,BFUCAOZJ9YSKPWOTSHL38D2NGMVRX7Q64IE1,0.055556,0.944444,point_previews/task000166_mu016384_rho090_n0.png
0.9,16384,8,license_plate_bahnschrift.ttf,BFUCAOZJ9Y5KPW0TSHL38D2NGMVRX7Q64IE1,15,0,1,0.765,15.178933,0.668877,0.635992,BFUCAOZJ9YSKPWOTSHL38D2NGMVRX7Q64IE1,0.055556,0.944444,point_previews/task000166_mu016384_rho090_n1.png
1.0,16384,8,license_plate_bahnschrift.ttf,BFUCAOZJ9Y5KPW0TSHL38D2NGMVRX7Q64IE1,15,0,0,0.85,16.0,0.63662,0.603355,BFUCAOZJ9YSKPWOTSHL38D2NGMVRX7GQ64IE1,0.083333,0.916667,point_previews/task000166_mu016384_rho100_n0.png
1.0,16384,8,license_plate_bahnschrift.ttf,BFUCAOZJ9Y5KPW0TSHL38D2NGMVRX7Q64IE1,15,0,1,0.85,16.0,0.63662,0.603355,BFUCAOZJ9YSKPWOTSHL38D2NGMVRX7G64IE1,0.083333,0.916667,point_previews/task000166_mu016384_rho100_n1.png
0.1,65536,8,license_plate_bahnschrift.ttf,BFUCAOZJ9Y5KPW0TSHL38D2NGMVRX7Q64IE1,15,0,0,0.085,5.059644,0.959381,1.907975,BFUCAOZISYSKPWOTSHLSBD2ZNGMYRX7QS4IE1,0.25,0.75,point_previews/task000167_mu065536_rho010_n0.png
0.1,65536,8,license_plate_bahnschrift.ttf,BFUCAOZJ9Y5KPW0TSHL38D2NGMVRX7Q64IE1,15,0,1,0.085,5.059644,0.959381,1.907975,BFUCAOZISYSKPWOTSHLSBD2ZNGMYRX7QS4IE1,0.25,0.75,point_previews/task000167_mu065536_rho010_n1.png
0.2,65536,8,license_plate_bahnschrift.ttf,BFUCAOZJ9Y5KPW0TSHL38D2NGMVRX7Q64IE1,15,0,0,0.17,7.155418,0.919759,1.349142,BFUCAOZIIYSKPWOTSHLSSD2NGMYVRX7QS4IE1,0.222222,0.777778,point_previews/task000167_mu065536_rho020_n0.png
0.2,65536,8,license_plate_bahnschrift.ttf,BFUCAOZJ9Y5KPW0TSHL38D2NGMVRX7Q64IE1,15,0,1,0.17,7.155418,0.919759,1.349142,BFUCAOZIIYSKPWOTSHLSBD2NGMVRX7QS4IE1,0.194444,0.805556,point_previews/task000167_mu065536_rho020_n1.png
0.3,65536,8,license_plate_bahnschrift.ttf,BFUCAOZJ9Y5KPW0TSHL38D2NGMVRX7Q64IE1,15,0,0,0.255,8.763561,0.881116,1.10157,BFUCAOZJIIYSKPWOTSHLS8D2NGMVRX7Q64IE1,0.138889,0.861111,point_previews/task000167_mu065536_rho030_n0.png
0.3,65536,8,license_plate_bahnschrift.ttf,BFUCAOZJ9Y5KPW0TSHL38D2NGMVRX7Q64IE1,15,0,1,0.255,8.763561,0.881116,1.10157,BFUCAOZJIYSKPWOTSHLS8D2NGMVRX7QS64IE1,0.138889,0.861111,point_previews/task000167_mu065536_rho030_n1.png
0.4,65536,8,license_plate_bahnschrift.ttf,BFUCAOZJ9Y5KPW0TSHL38D2NGMVRX7Q64IE1,15,0,0,0.34,10.119289,0.843436,0.953987,BFUCAOZJIYSKPWOTSHL3S8D2NGMVRX7Q64IE1,0.111111,0.888889,point_previews/task000167_mu065536_rho040_n0.png
0.4,65536,8,license_plate_bahnschrift.ttf,BFUCAOZJ9Y5KPW0TSHL38D2NGMVRX7Q64IE1,15,0,1,0.34,10.119289,0.843436,0.953987,BFUCAOZJIIYSKPWOTSHL3S8D2NGMVRX7Q64IE1,0.138889,0.861111,point_previews/task000167_mu065536_rho040_n1.png
0.5,65536,8,license_plate_bahnschrift.ttf,BFUCAOZJ9Y5KPW0TSHL38D2NGMVRX7Q64IE1,15,0,0,0.425,11.313708,0.8067,0.853272,BFUCAOZJIYSKPWOTSHL3SS8D2NGMVRX7Q64IE1,0.138889,0.861111,point_previews/task000167_mu065536_rho050_n0.png
0.5,65536,8,license_plate_bahnschrift.ttf,BFUCAOZJ9Y5KPW0TSHL38D2NGMVRX7Q64IE1,15,0,1,0.425,11.313708,0.8067,0.853272,BFUCAOZJ9YSKPWOTSHL38D2NGMVRX7Q64IE1,0.055556,0.944444,point_previews/task000167_mu065536_rho050_n1.png
0.6,65536,8,license_plate_bahnschrift.ttf,BFUCAOZJ9Y5KPW0TSHL38D2NGMVRX7Q64IE1,15,0,0,0.51,12.393547,0.770893,0.778927,BFUCAOZJ9YSKPWOTSHL3S8D2NGMVRX7Q64IE1,0.083333,0.916667,point_previews/task000167_mu065536_rho060_n0.png
0.6,65536,8,license_plate_bahnschrift.ttf,BFUCAOZJ9Y5KPW0TSHL38D2NGMVRX7Q64IE1,15,0,1,0.51,12.393547,0.770893,0.778927,BFUCAOZJ9YSKPWOTSHL3S8D2NGMVRX7Q64IE1,0.083333,0.916667,point_previews/task000167_mu065536_rho060_n1.png
0.7,65536,8,license_plate_bahnschrift.ttf,BFUCAOZJ9Y5KPW0TSHL38D2NGMVRX7Q64IE1,15,0,0,0.595,13.38656,0.735998,0.721147,BFUCAOZJ9YSKPWOTSHL38D2NGMVRX7Q64IE1,0.055556,0.944444,point_previews/task000167_mu065536_rho070_n0.png
0.7,65536,8,license_plate_bahnschrift.ttf,BFUCAOZJ9Y5KPW0TSHL38D2NGMVRX7Q64IE1,15,0,1,0.595,13.38656,0.735998,0.721147,BFUCAOZJIYSKPWOTSHL38D2NGMVRX7Q64IE1,0.083333,0.916667,point_previews/task000167_mu065536_rho070_n1.png
0.8,65536,8,license_plate_bahnschrift.ttf,BFUCAOZJ9Y5KPW0TSHL38D2NGMVRX7Q64IE1,15,0,0,0.68,14.310835,0.701998,0.674571,BFUCAOZJI9YSKPWOTSHL38D2NGMVRX7GQ64IE1,0.111111,0.888889,point_previews/task000167_mu065536_rho080_n0.png
0.8,65536,8,license_plate_bahnschrift.ttf,BFUCAOZJ9Y5KPW0TSHL38D2NGMVRX7Q64IE1,15,0,1,0.68,14.310835,0.701998,0.674571,BFUCAOZJI9YSKPWOTSHL38D2NGMVRX7GQ64IE1,0.111111,0.888889,point_previews/task000167_mu065536_rho080_n1.png
0.9,65536,8,license_plate_bahnschrift.ttf,BFUCAOZJ9Y5KPW0TSHL38D2NGMVRX7Q64IE1,15,0,0,0.765,15.178933,0.668877,0.635992,BFUCAOZJ9YSKPWOTSHL38D2NGMVRX7Q64IE1,0.055556,0.944444,point_previews/task000167_mu065536_rho090_n0.png
0.9,65536,8,license_plate_bahnschrift.ttf,BFUCAOZJ9Y5KPW0TSHL38D2NGMVRX7Q64IE1,15,0,1,0.765,15.178933,0.668877,0.635992,BFUCAOZJ9YSKPWOTSHL38D2NGMVRX7Q64IE1,0.055556,0.944444,point_previews/task000167_mu065536_rho090_n1.png
1.0,65536,8,license_plate_bahnschrift.ttf,BFUCAOZJ9Y5KPW0TSHL38D2NGMVRX7Q64IE1,15,0,0,0.85,16.0,0.63662,0.603355,BFUCAOZJ9YSKPWOTSHL38D2NGMVRX7G64IE1,0.083333,0.916667,point_previews/task000167_mu065536_rho100_n0.png
1.0,65536,8,license_plate_bahnschrift.ttf,BFUCAOZJ9Y5KPW0TSHL38D2NGMVRX7Q64IE1,15,0,1,0.85,16.0,0.63662,0.603355,BFUCAOZJ9YSKPWOTSHL38D2NGMVRX7GQ64IEI,0.111111,0.888889,point_previews/task000167_mu065536_rho100_n1.png
0.1,4,8,license_plate_bahnschrift.ttf,BFUCAOZJ9Y5KPW0TSHL38D2NGMVRX7Q64IE1,15,3,0,0.085,5.059644,0.959381,1.907975,WSST,0.944444,0.055556,point_previews/task000168_mu000004_rho010_n0.png
0.1,4,8,license_plate_bahnschrift.ttf,BFUCAOZJ9Y5KPW0TSHL38D2NGMVRX7Q64IE1,15,3,1,0.085,5.059644,0.959381,1.907975,SNWESUASSNSRENDERONOO,0.916667,0.083333,point_previews/task000168_mu000004_rho010_n1.png
0.2,4,8,license_plate_bahnschrift.ttf,BFUCAOZJ9Y5KPW0TSHL38D2NGMVRX7Q64IE1,15,3,0,0.17,7.155418,0.919759,1.349142,ORMEREPMPNE,0.888889,0.111111,point_previews/task000168_mu000004_rho020_n0.png
0.2,4,8,license_plate_bahnschrift.ttf,BFUCAOZJ9Y5KPW0TSHL38D2NGMVRX7Q64IE1,15,3,1,0.17,7.155418,0.919759,1.349142,SASORAOANIMESPIBLEGPINST,0.888889,0.111111,point_previews/task000168_mu000004_rho020_n1.png
0.3,4,8,license_plate_bahnschrift.ttf,BFUCAOZJ9Y5KPW0TSHL38D2NGMVRX7Q64IE1,15,3,0,0.255,8.763561,0.881116,1.10157,SSRUREEOEEUNGSGPEROROA,0.916667,0.083333,point_previews/task000168_mu000004_rho030_n0.png
0.3,4,8,license_plate_bahnschrift.ttf,BFUCAOZJ9Y5KPW0TSHL38D2NGMVRX7Q64IE1,15,3,1,0.255,8.763561,0.881116,1.10157,,1.0,0.0,point_previews/task000168_mu000004_rho030_n1.png
0.4,4,8,license_plate_bahnschrift.ttf,BFUCAOZJ9Y5KPW0TSHL38D2NGMVRX7Q64IE1,15,3,0,0.34,10.119289,0.843436,0.953987,,1.0,0.0,point_previews/task000168_mu000004_rho040_n0.png
0.4,4,8,license_plate_bahnschrift.ttf,BFUCAOZJ9Y5KPW0TSHL38D2NGMVRX7Q64IE1,15,3,1,0.34,10.119289,0.843436,0.953987,SFPESETRUEEEM,0.861111,0.138889,point_previews/task000168_mu000004_rho040_n1.png
0.5,4,8,license_plate_bahnschrift.ttf,BFUCAOZJ9Y5KPW0TSHL38D2NGMVRX7Q64IE1,15,3,0,0.425,11.313708,0.8067,0.853272,NELAESSRNSGSEPRURECR,0.916667,0.083333,point_previews/task000168_mu000004_rho050_n0.png
0.5,4,8,license_plate_bahnschrift.ttf,BFUCAOZJ9Y5KPW0TSHL38D2NGMVRX7Q64IE1,15,3,1,0.425,11.313708,0.8067,0.853272,FSSOYT,0.888889,0.111111,point_previews/task000168_mu000004_rho050_n1.png
0.6,4,8,license_plate_bahnschrift.ttf,BFUCAOZJ9Y5KPW0TSHL38D2NGMVRX7Q64IE1,15,3,0,0.51,12.393547,0.770893,0.778927,,1.0,0.0,point_previews/task000168_mu000004_rho060_n0.png
0.6,4,8,license_plate_bahnschrift.ttf,BFUCAOZJ9Y5KPW0TSHL38D2NGMVRX7Q64IE1,15,3,1,0.51,12.393547,0.770893,0.778927,ANERRGCDTLBTSAN,0.888889,0.111111,point_previews/task000168_mu000004_rho060_n1.png
0.7,4,8,license_plate_bahnschrift.ttf,BFUCAOZJ9Y5KPW0TSHL38D2NGMVRX7Q64IE1,15,3,0,0.595,13.38656,0.735998,0.721147,ANEMSTHREGUR,0.861111,0.138889,point_previews/task000168_mu000004_rho070_n0.png
0.7,4,8,license_plate_bahnschrift.ttf,BFUCAOZJ9Y5KPW0TSHL38D2NGMVRX7Q64IE1,15,3,1,0.595,13.38656,0.735998,0.721147,RRSOTEBESWSNA,0.888889,0.111111,point_previews/task000168_mu000004_rho070_n1.png
0.8,4,8,license_plate_bahnschrift.ttf,BFUCAOZJ9Y5KPW0TSHL38D2NGMVRX7Q64IE1,15,3,0,0.68,14.310835,0.701998,0.674571,SERDEIIESAREPOASAILSEGA,0.916667,0.083333,point_previews/task000168_mu000004_rho080_n0.png
0.8,4,8,license_plate_bahnschrift.ttf,BFUCAOZJ9Y5KPW0TSHL38D2NGMVRX7Q64IE1,15,3,1,0.68,14.310835,0.701998,0.674571,,1.0,0.0,point_previews/task000168_mu000004_rho080_n1.png
0.9,4,8,license_plate_bahnschrift.ttf,BFUCAOZJ9Y5KPW0TSHL38D2NGMVRX7Q64IE1,15,3,0,0.765,15.178933,0.668877,0.635992,AAREICNSN2SHTSCORIESYSUNSET,0.888889,0.111111,point_previews/task000168_mu000004_rho090_n0.png
0.9,4,8,license_plate_bahnschrift.ttf,BFUCAOZJ9Y5KPW0TSHL38D2NGMVRX7Q64IE1,15,3,1,0.765,15.178933,0.668877,0.635992,BYURRALNHHNTTSGRSAST,0.833333,0.166667,point_previews/task000168_mu000004_rho090_n1.png
1.0,4,8,license_plate_bahnschrift.ttf,BFUCAOZJ9Y5KPW0TSHL38D2NGMVRX7Q64IE1,15,3,0,0.85,16.0,0.63662,0.603355,MEPLSASESOEUICOPSETERRHBCRP,0.944444,0.055556,point_previews/task000168_mu000004_rho100_n0.png
1.0,4,8,license_plate_bahnschrift.ttf,BFUCAOZJ9Y5KPW0TSHL38D2NGMVRX7Q64IE1,15,3,1,0.85,16.0,0.63662,0.603355,PRAIORSEBAVAPAMTTSTSATANSRRTALSR,0.888889,0.111111,point_previews/task000168_mu000004_rho100_n1.png
0.1,16,8,license_plate_bahnschrift.ttf,BFUCAOZJ9Y5KPW0TSHL38D2NGMVRX7Q64IE1,15,3,0,0.085,5.059644,0.959381,1.907975,,1.0,0.0,point_previews/task000169_mu000016_rho010_n0.png
0.1,16,8,license_plate_bahnschrift.ttf,BFUCAOZJ9Y5KPW0TSHL38D2NGMVRX7Q64IE1,15,3,1,0.085,5.059644,0.959381,1.907975,SY21HRRREMERBH,0.888889,0.111111,point_previews/task000169_mu000016_rho010_n1.png
0.2,16,8,license_plate_bahnschrift.ttf,BFUCAOZJ9Y5KPW0TSHL38D2NGMVRX7Q64IE1,15,3,0,0.17,7.155418,0.919759,1.349142,,1.0,0.0,point_previews/task000169_mu000016_rho020_n0.png
0.2,16,8,license_plate_bahnschrift.ttf,BFUCAOZJ9Y5KPW0TSHL38D2NGMVRX7Q64IE1,15,3,1,0.17,7.155418,0.919759,1.349142,PBPRTSRAASRCSHORTEGBOYSRIGHASG,0.916667,0.083333,point_previews/task000169_mu000016_rho020_n1.png
0.3,16,8,license_plate_bahnschrift.ttf,BFUCAOZJ9Y5KPW0TSHL38D2NGMVRX7Q64IE1,15,3,0,0.255,8.763561,0.881116,1.10157,SRENCROAIISREWIESUESRRONGIMVEMF,0.833333,0.166667,point_previews/task000169_mu000016_rho030_n0.png
0.3,16,8,license_plate_bahnschrift.ttf,BFUCAOZJ9Y5KPW0TSHL38D2NGMVRX7Q64IE1,15,3,1,0.255,8.763561,0.881116,1.10157,BRECAUZERSRMNIESHESDBATASYR,0.805556,0.194444,point_previews/task000169_mu000016_rho030_n1.png
0.4,16,8,license_plate_bahnschrift.ttf,BFUCAOZJ9Y5KPW0TSHL38D2NGMVRX7Q64IE1,15,3,0,0.34,10.119289,0.843436,0.953987,BEUCAOZWYSRPWDTEALFAB2NGMVRROEET,0.5,0.5,point_previews/task000169_mu000016_rho040_n0.png
0.4,16,8,license_plate_bahnschrift.ttf,BFUCAOZJ9Y5KPW0TSHL38D2NGMVRX7Q64IE1,15,3,1,0.34,10.119289,0.843436,0.953987,BEUEAULITTOHOWETSHETBDONDMYRNIOSSHE,0.666667,0.333333,point_previews/task000169_mu000016_rho040_n1.png
0.5,16,8,license_plate_bahnschrift.ttf,BFUCAOZJ9Y5KPW0TSHL38D2NGMVRX7Q64IE1,15,3,0,0.425,11.313708,0.8067,0.853272,,1.0,0.0,point_previews/task000169_mu000016_rho050_n0.png
0.5,16,8,license_plate_bahnschrift.ttf,BFUCAOZJ9Y5KPW0TSHL38D2NGMVRX7Q64IE1,15,3,1,0.425,11.313708,0.8067,0.853272,BEUCAOZSYSKOWOTSHLIEDPNGMVEXIOSAIET,0.416667,0.583333,point_previews/task000169_mu000016_rho050_n1.png
0.6,16,8,license_plate_bahnschrift.ttf,BFUCAOZJ9Y5KPW0TSHL38D2NGMVRX7Q64IE1,15,3,0,0.51,12.393547,0.770893,0.778927,BRUDAOZOYSRPWOTSHESSDANGMYRETOGAIES,0.5,0.5,point_previews/task000169_mu000016_rho060_n0.png
0.6,16,8,license_plate_bahnschrift.ttf,BFUCAOZJ9Y5KPW0TSHL38D2NGMVRX7Q64IE1,15,3,1,0.51,12.393547,0.770893,0.778927,BFUORDEITSHEWDTSHESRDENGNIREGGE,0.666667,0.333333,point_previews/task000169_mu000016_rho060_n1.png
0.7,16,8,license_plate_bahnschrift.ttf,BFUCAOZJ9Y5KPW0TSHL38D2NGMVRX7Q64IE1,15,3,0,0.595,13.38656,0.735998,0.721147,BEUCAOZYSKPWOTSHLSBDANGMURKTOSHEI,0.444444,0.555556,point_previews/task000169_mu000016_rho070_n0.png
0.7,16,8,license_plate_bahnschrift.ttf,BFUCAOZJ9Y5KPW0TSHL38D2NGMVRX7Q64IE1,15,3,1,0.595,13.38656,0.735998,0.721147,,1.0,0.0,point_previews/task000169_mu000016_rho070_n1.png
0.8,16,8,license_plate_bahnschrift.ttf,BFUCAOZJ9Y5KPW0TSHL38D2NGMVRX7Q64IE1,15,3,0,0.68,14.310835,0.701998,0.674571,,1.0,0.0,point_previews/task000169_mu000016_rho080_n0.png
0.8,16,8,license_plate_bahnschrift.ttf,BFUCAOZJ9Y5KPW0TSHL38D2NGMVRX7Q64IE1,15,3,1,0.68,14.310835,0.701998,0.674571,TBFUCADZINSREWOTSALISHANGMYRETOSEMES,0.611111,0.388889,point_previews/task000169_mu000016_rho080_n1.png
0.9,16,8,license_plate_bahnschrift.ttf,BFUCAOZJ9Y5KPW0TSHL38D2NGMVRX7Q64IE1,15,3,0,0.765,15.178933,0.668877,0.635992,BEUCAOZIFYSKEWOTSHLESSD2NGVRRIOSAIEE,0.444444,0.555556,point_previews/task000169_mu000016_rho090_n0.png
0.9,16,8,license_plate_bahnschrift.ttf,BFUCAOZJ9Y5KPW0TSHL38D2NGMVRX7Q64IE1,15,3,1,0.765,15.178933,0.668877,0.635992,BEUCADZIF1SKEWOTSHLISDENGMVRETOBGIED,0.472222,0.527778,point_previews/task000169_mu000016_rho090_n1.png
1.0,16,8,license_plate_bahnschrift.ttf,BFUCAOZJ9Y5KPW0TSHL38D2NGMVRX7Q64IE1,15,3,0,0.85,16.0,0.63662,0.603355,,1.0,0.0,point_previews/task000169_mu000016_rho100_n0.png
1.0,16,8,license_plate_bahnschrift.ttf,BFUCAOZJ9Y5KPW0TSHL38D2NGMVRX7Q64IE1,15,3,1,0.85,16.0,0.63662,0.603355,SBFUCAOZISYEKPWOTSHLSS02NGMVRITOSGIET,0.388889,0.611111,point_previews/task000169_mu000016_rho100_n1.png
0.1,64,8,license_plate_bahnschrift.ttf,BFUCAOZJ9Y5KPW0TSHL38D2NGMVRX7Q64IE1,15,3,0,0.085,5.059644,0.959381,1.907975,,1.0,0.0,point_previews/task000170_mu000064_rho010_n0.png
0.1,64,8,license_plate_bahnschrift.ttf,BFUCAOZJ9Y5KPW0TSHL38D2NGMVRX7Q64IE1,15,3,1,0.085,5.059644,0.959381,1.907975,BEUEADLIOYSHPWHTSHESROANDMVRXTE,0.583333,0.416667,point_previews/task000170_mu000064_rho010_n1.png
0.2,64,8,license_plate_bahnschrift.ttf,BFUCAOZJ9Y5KPW0TSHL38D2NGMVRX7Q64IE1,15,3,0,0.17,7.155418,0.919759,1.349142,BEUCADZOYSKPWOTSHE38D2NGNYVRETOSAIET,0.416667,0.583333,point_previews/task000170_mu000064_rho020_n0.png
0.2,64,8,license_plate_bahnschrift.ttf,BFUCAOZJ9Y5KPW0TSHL38D2NGMVRX7Q64IE1,15,3,1,0.17,7.155418,0.919759,1.349142,BFEUCAOZIPAKPWATSHESBDZNGMYRXTGSHIED,0.444444,0.555556,point_previews/task000170_mu000064_rho020_n1.png
0.3,64,8,license_plate_bahnschrift.ttf,BFUCAOZJ9Y5KPW0TSHL38D2NGMVRX7Q64IE1,15,3,0,0.255,8.763561,0.881116,1.10157,BFUCAOZIIYSKEWOTSHESBDZNGNURK7OELIED,0.444444,0.555556,point_previews/task000170_mu000064_rho030_n0.png
0.3,64,8,license_plate_bahnschrift.ttf,BFUCAOZJ9Y5KPW0TSHL38D2NGMVRX7Q64IE1,15,3,1,0.255,8.763561,0.881116,1.10157,BEUCAOZI9VSKPWOTSHL3BDINGRVRK7TG64IET,0.333333,0.666667,point_previews/task000170_mu000064_rho030_n1.png
0.4,64,8,license_plate_bahnschrift.ttf,BFUCAOZJ9Y5KPW0TSHL38D2NGMVRX7Q64IE1,15,3,0,0.34,10.119289,0.843436,0.953987,BFUCAOZIOYSKPWOTSHLSBDANGMYVRXTOSAIED,0.361111,0.638889,point_previews/task000170_mu000064_rho040_n0.png
0.4,64,8,license_plate_bahnschrift.ttf,BFUCAOZJ9Y5KPW0TSHL38D2NGMVRX7Q64IE1,15,3,1,0.34,10.119289,0.843436,0.953987,BFUCAOZISYSKPWOTSHL3SD2NGMVRX7OSSIEN,0.25,0.75,point_previews/task000170_mu000064_rho040_n1.png
0.5,64,8,license_plate_bahnschrift.ttf,BFUCAOZJ9Y5KPW0TSHL38D2NGMVRX7Q64IE1,15,3,0,0.425,11.313708,0.8067,0.853272,BRUCAOZI9YSKPWOTSHLSBD2NGMYRXTQ6SIET,0.277778,0.722222,point_previews/task000170_mu000064_rho050_n0.png
0.5,64,8,license_plate_bahnschrift.ttf,BFUCAOZJ9Y5KPW0TSHL38D2NGMVRX7Q64IE1,15,3,1,0.425,11.313708,0.8067,0.853272,BFUCAOZI9YSKPWOTSHL3BD2NGMVRXTQ4IET,0.194444,0.805556,point_previews/task000170_mu000064_rho050_n1.png
0.6,64,8,license_plate_bahnschrift.ttf,BFUCAOZJ9Y5KPW0TSHL38D2NGMVRX7Q64IE1,15,3,0,0.51,12.393547,0.770893,0.778927,BFUCAOZJ9YSKPWOTSHL3BD2NGMYRXTO64IE,0.194444,0.805556,point_previews/task000170_mu000064_rho060_n0.png
0.6,64,8,license_plate_bahnschrift.ttf,BFUCAOZJ9Y5KPW0TSHL38D2NGMVRX7Q64IE1,15,3,1,0.51,12.393547,0.770893,0.778927,BFUCAOZJ9YSKPWOTSHL38D2NGMYRX7O44IEI,0.166667,0.833333,point_previews/task000170_mu000064_rho060_n1.png
0.7,64,8,license_plate_bahnschrift.ttf,BFUCAOZJ9Y5KPW0TSHL38D2NGMVRX7Q64IE1,15,3,0,0.595,13.38656,0.735998,0.721147,BFUCAOZJ9YSKPWOTSHL38D2NGMVRXTOSGIEL,0.194444,0.805556,point_previews/task000170_mu000064_rho070_n0.png
0.7,64,8,license_plate_bahnschrift.ttf,BFUCAOZJ9Y5KPW0TSHL38D2NGMVRX7Q64IE1,15,3,1,0.595,13.38656,0.735998,0.721147,BFUCAOZJ9YSKPWOTSHL38D2NGMVRX7TOS4IEF,0.166667,0.833333,point_previews/task000170_mu000064_rho070_n1.png
0.8,64,8,license_plate_bahnschrift.ttf,BFUCAOZJ9Y5KPW0TSHL38D2NGMVRX7Q64IE1,15,3,0,0.68,14.310835,0.701998,0.674571,BFUCAOZJ9YSKPWDTSHL38D2NGMVRX7OBSIE,0.166667,0.833333,point_previews/task000170_mu000064_rho080_n0.png
0.8,64,8,license_plate_bahnschrift.ttf,BFUCAOZJ9Y5KPW0TSHL38D2NGMVRX7Q64IE1,15,3,1,0.68,14.310835,0.701998,0.674571,BFUCAOZJ9YSKPWOTSHL3BD2NGMVRX7O64IE,0.138889,0.861111,point_previews/task000170_mu000064_rho080_n1.png
0.9,64,8,license_plate_bahnschrift.ttf,BFUCAOZJ9Y5KPW0TSHL38D2NGMVRX7Q64IE1,15,3,0,0.765,15.178933,0.668877,0.635992,BFUCAOZI9YSKPWOTSHL38DZNGMVRX7Q4641E1,0.166667,0.833333,point_previews/task000170_mu000064_rho090_n0.png
0.9,64,8,license_plate_bahnschrift.ttf,BFUCAOZJ9Y5KPW0TSHL38D2NGMVRX7Q64IE1,15,3,1,0.765,15.178933,0.668877,0.635992,BFUCAOZJ9YSKPWOTSHL38D2NGMVRX7Q64IE1,0.055556,0.944444,point_previews/task000170_mu000064_rho090_n1.png
1.0,64,8,license_plate_bahnschrift.ttf,BFUCAOZJ9Y5KPW0TSHL38D2NGMVRX7Q64IE1,15,3,0,0.85,16.0,0.63662,0.603355,BFUCAOZI9YSKPWOTSHL38D2NGMVRX7Q64IE1,0.083333,0.916667,point_previews/task000170_mu000064_rho100_n0.png
1.0,64,8,license_plate_bahnschrift.ttf,BFUCAOZJ9Y5KPW0TSHL38D2NGMVRX7Q64IE1,15,3,1,0.85,16.0,0.63662,0.603355,BFUCAOZJ9YSKPWOTSHL38D2NGMVRX7O64IE1,0.083333,0.916667,point_previews/task000170_mu000064_rho100_n1.png
0.1,256,8,license_plate_bahnschrift.ttf,BFUCAOZJ9Y5KPW0TSHL38D2NGMVRX7Q64IE1,15,3,0,0.085,5.059644,0.959381,1.907975,BFUCAOZJSYSKPWOTSHL3BD2NGMVRX7OS4IEF,0.194444,0.805556,point_previews/task000171_mu000256_rho010_n0.png
0.1,256,8,license_plate_bahnschrift.ttf,BFUCAOZJ9Y5KPW0TSHL38D2NGMVRX7Q64IE1,15,3,1,0.085,5.059644,0.959381,1.907975,BFUCADZJSYSKPWOTSHL38D2NGMYVRX7QS4IE1,0.166667,0.833333,point_previews/task000171_mu000256_rho010_n1.png
0.2,256,8,license_plate_bahnschrift.ttf,BFUCAOZJ9Y5KPW0TSHL38D2NGMVRX7Q64IE1,15,3,0,0.17,7.155418,0.919759,1.349142,BFUCAOZJ9YSKPWOTSHL38D2NGMVRX7Q64IE1,0.055556,0.944444,point_previews/task000171_mu000256_rho020_n0.png
0.2,256,8,license_plate_bahnschrift.ttf,BFUCAOZJ9Y5KPW0TSHL38D2NGMVRX7Q64IE1,15,3,1,0.17,7.155418,0.919759,1.349142,BFUCAOZI9YSKPWOTSHL38D2NGMVRX7O64IEI,0.138889,0.861111,point_previews/task000171_mu000256_rho020_n1.png
0.3,256,8,license_plate_bahnschrift.ttf,BFUCAOZJ9Y5KPW0TSHL38D2NGMVRX7Q64IE1,15,3,0,0.255,8.763561,0.881116,1.10157,BFUCAOZJ9YSKPWOTSHL38D2NGMVRX7Q44IE1,0.083333,0.916667,point_previews/task000171_mu000256_rho030_n0.png
0.3,256,8,license_plate_bahnschrift.ttf,BFUCAOZJ9Y5KPW0TSHL38D2NGMVRX7Q64IE1,15,3,1,0.255,8.763561,0.881116,1.10157,BFUCAOZJ9YSKPWOTSHL38D2NGMVRX7Q64E1,0.083333,0.916667,point_previews/task000171_mu000256_rho030_n1.png
0.4,256,8,license_plate_bahnschrift.ttf,BFUCAOZJ9Y5KPW0TSHL38D2NGMVRX7Q64IE1,15,3,0,0.34,10.119289,0.843436,0.953987,BFUCAOZJ9YSKPWOTSHL38D2NGMYRX7Q64IE1,0.083333,0.916667,point_previews/task000171_mu000256_rho040_n0.png
0.4,256,8,license_plate_bahnschrift.ttf,BFUCAOZJ9Y5KPW0TSHL38D2NGMVRX7Q64IE1,15,3,1,0.34,10.119289,0.843436,0.953987,BFUCAOZJ9YSKPWOTSHL38D2NGMVRX7Q64IE1,0.055556,0.944444,point_previews/task000171_mu000256_rho040_n1.png
0.5,256,8,license_plate_bahnschrift.ttf,BFUCAOZJ9Y5KPW0TSHL38D2NGMVRX7Q64IE1,15,3,0,0.425,11.313708,0.8067,0.853272,BFUCAOZJ9YSKPWOTSHL38D2NGMVRX7Q64IE1,0.055556,0.944444,point_previews/task000171_mu000256_rho050_n0.png
0.5,256,8,license_plate_bahnschrift.ttf,BFUCAOZJ9Y5KPW0TSHL38D2NGMVRX7Q64IE1,15,3,1,0.425,11.313708,0.8067,0.853272,BFUCAOZI9YSKPWOTSHL38D2NGMVRX7GQ64IEI,0.138889,0.861111,point_previews/task000171_mu000256_rho050_n1.png
0.6,256,8,license_plate_bahnschrift.ttf,BFUCAOZJ9Y5KPW0TSHL38D2NGMVRX7Q64IE1,15,3,0,0.51,12.393547,0.770893,0.778927,BFUCAOZI9YSKPWOTSHL38D2NGMVRX7Q64IE1,0.083333,0.916667,point_previews/task000171_mu000256_rho060_n0.png
0.6,256,8,license_plate_bahnschrift.ttf,BFUCAOZJ9Y5KPW0TSHL38D2NGMVRX7Q64IE1,15,3,1,0.51,12.393547,0.770893,0.778927,BFUCAOZI9YSKPWOTSHL38D2NGMVRX7QS64IE1,0.111111,0.888889,point_previews/task000171_mu000256_rho060_n1.png
0.7,256,8,license_plate_bahnschrift.ttf,BFUCAOZJ9Y5KPW0TSHL38D2NGMVRX7Q64IE1,15,3,0,0.595,13.38656,0.735998,0.721147,BFUCAOZJI9YSKPWOTSHL38D2NGMVRX7Q64IE1,0.083333,0.916667,point_previews/task000171_mu000256_rho070_n0.png
0.7,256,8,license_plate_bahnschrift.ttf,BFUCAOZJ9Y5KPW0TSHL38D2NGMVRX7Q64IE1,15,3,1,0.595,13.38656,0.735998,0.721147,BFUCAOZJ9YSKPWOTSHL38D2NGMVRX7Q64IEI,0.083333,0.916667,point_previews/task000171_mu000256_rho070_n1.png
0.8,256,8,license_plate_bahnschrift.ttf,BFUCAOZJ9Y5KPW0TSHL38D2NGMVRX7Q64IE1,15,3,0,0.68,14.310835,0.701998,0.674571,BFUCAOZI9YSKPWOTSHL38D2NGMVRX7G64IE1,0.111111,0.888889,point_previews/task000171_mu000256_rho080_n0.png
0.8,256,8,license_plate_bahnschrift.ttf,BFUCAOZJ9Y5KPW0TSHL38D2NGMVRX7Q64IE1,15,3,1,0.68,14.310835,0.701998,0.674571,BFUCAOZI9YSKPWOTSHL38D2NGMVRX7Q64IE1,0.083333,0.916667,point_previews/task000171_mu000256_rho080_n1.png
0.9,256,8,license_plate_bahnschrift.ttf,BFUCAOZJ9Y5KPW0TSHL38D2NGMVRX7Q64IE1,15,3,0,0.765,15.178933,0.668877,0.635992,BFUCAOZJ9YSKPWOTSHL38D2NGMVRX7Q64IE1,0.055556,0.944444,point_previews/task000171_mu000256_rho090_n0.png
0.9,256,8,license_plate_bahnschrift.ttf,BFUCAOZJ9Y5KPW0TSHL38D2NGMVRX7Q64IE1,15,3,1,0.765,15.178933,0.668877,0.635992,BFUCAOZJ9YSKPWOTSHL38D2NGMVRX7Q64IE1,0.055556,0.944444,point_previews/task000171_mu000256_rho090_n1.png
1.0,256,8,license_plate_bahnschrift.ttf,BFUCAOZJ9Y5KPW0TSHL38D2NGMVRX7Q64IE1,15,3,0,0.85,16.0,0.63662,0.603355,BFUCAOZJ9YSKPWOTSHL38D2NGMVRX7Q64IE1,0.055556,0.944444,point_previews/task000171_mu000256_rho100_n0.png
1.0,256,8,license_plate_bahnschrift.ttf,BFUCAOZJ9Y5KPW0TSHL38D2NGMVRX7Q64IE1,15,3,1,0.85,16.0,0.63662,0.603355,BFUCAOZJ9YSKPWOTSHL38D2NGMVRX7Q64IE1,0.055556,0.944444,point_previews/task000171_mu000256_rho100_n1.png
0.1,1024,8,license_plate_bahnschrift.ttf,BFUCAOZJ9Y5KPW0TSHL38D2NGMVRX7Q64IE1,15,3,0,0.085,5.059644,0.959381,1.907975,BFUCAOZI9YSKPWOTSHL38D2NGMVRX7QS4IE1,0.111111,0.888889,point_previews/task000172_mu001024_rho010_n0.png
0.1,1024,8,license_plate_bahnschrift.ttf,BFUCAOZJ9Y5KPW0TSHL38D2NGMVRX7Q64IE1,15,3,1,0.085,5.059644,0.959381,1.907975,BFUCAOZJ9YSKPWOTSHL3B8D2NGMVRX7QS4IE1,0.111111,0.888889,point_previews/task000172_mu001024_rho010_n1.png
0.2,1024,8,license_plate_bahnschrift.ttf,BFUCAOZJ9Y5KPW0TSHL38D2NGMVRX7Q64IE1,15,3,0,0.17,7.155418,0.919759,1.349142,BFUCAOZI9YSKPWOTSHL3S8D2NGMVRX7OQS64IET,0.194444,0.805556,point_previews/task000172_mu001024_rho020_n0.png
0.2,1024,8,license_plate_bahnschrift.ttf,BFUCAOZJ9Y5KPW0TSHL38D2NGMVRX7Q64IE1,15,3,1,0.17,7.155418,0.919759,1.349142,BFUCAOZI9YSKPWOTSHL38D2NGMVRX7Q64IET,0.111111,0.888889,point_previews/task000172_mu001024_rho020_n1.png
0.3,1024,8,license_plate_bahnschrift.ttf,BFUCAOZJ9Y5KPW0TSHL38D2NGMVRX7Q64IE1,15,3,0,0.255,8.763561,0.881116,1.10157,BFUCAOZI9YSKPWOTSHL38D2NGMVRX7Q64IE1,0.083333,0.916667,point_previews/task000172_mu001024_rho030_n0.png
0.3,1024,8,license_plate_bahnschrift.ttf,BFUCAOZJ9Y5KPW0TSHL38D2NGMVRX7Q64IE1,15,3,1,0.255,8.763561,0.881116,1.10157,BFUCAOZI9YSKPWOTSHL38D2NGMVRX7Q64IE1,0.083333,0.916667,point_previews/task000172_mu001024_rho030_n1.png
0.4,1024,8,license_plate_bahnschrift.ttf,BFUCAOZJ9Y5KPW0TSHL38D2NGMVRX7Q64IE1,15,3,0,0.34,10.119289,0.843436,0.953987,BFUCAOZI9YSKPWOTSHL38D2NGMVRX7Q64IE1,0.083333,0.916667,point_previews/task000172_mu001024_rho040_n0.png
0.4,1024,8,license_plate_bahnschrift.ttf,BFUCAOZJ9Y5KPW0TSHL38D2NGMVRX7Q64IE1,15,3,1,0.34,10.119289,0.843436,0.953987,BFUCAOZI9YSKPWOTSHL38D2NGMVRX7Q64IE1,0.083333,0.916667,point_previews/task000172_mu001024_rho040_n1.png
0.5,1024,8,license_plate_bahnschrift.ttf,BFUCAOZJ9Y5KPW0TSHL38D2NGMVRX7Q64IE1,15,3,0,0.425,11.313708,0.8067,0.853272,BFUCAOZJ9YSKPWOTSHL38D2NGMVRX7Q64IE1,0.055556,0.944444,point_previews/task000172_mu001024_rho050_n0.png
0.5,1024,8,license_plate_bahnschrift.ttf,BFUCAOZJ9Y5KPW0TSHL38D2NGMVRX7Q64IE1,15,3,1,0.425,11.313708,0.8067,0.853272,BFUCAOZJI9YSKPWOTSHL38D2NGMVRX7Q64IE1,0.083333,0.916667,point_previews/task000172_mu001024_rho050_n1.png
0.6,1024,8,license_plate_bahnschrift.ttf,BFUCAOZJ9Y5KPW0TSHL38D2NGMVRX7Q64IE1,15,3,0,0.51,12.393547,0.770893,0.778927,BFUCAOZJ9YSKPWOTSHL38D2NGMVRX7Q64IE1,0.055556,0.944444,point_previews/task000172_mu001024_rho060_n0.png
0.6,1024,8,license_plate_bahnschrift.ttf,BFUCAOZJ9Y5KPW0TSHL38D2NGMVRX7Q64IE1,15,3,1,0.51,12.393547,0.770893,0.778927,BFUCAOZI9YSKPWOTSHL38D2NGMVRX7Q64IE1,0.083333,0.916667,point_previews/task000172_mu001024_rho060_n1.png
0.7,1024,8,license_plate_bahnschrift.ttf,BFUCAOZJ9Y5KPW0TSHL38D2NGMVRX7Q64IE1,15,3,0,0.595,13.38656,0.735998,0.721147,BFUCAOZJ9YSKPWOTSHL38D2NGMVRX7Q64IE1,0.055556,0.944444,point_previews/task000172_mu001024_rho070_n0.png
0.7,1024,8,license_plate_bahnschrift.ttf,BFUCAOZJ9Y5KPW0TSHL38D2NGMVRX7Q64IE1,15,3,1,0.595,13.38656,0.735998,0.721147,BFUCAOZJ9YSKPWOTSHL38D2NGMVRX7Q641E1,0.083333,0.916667,point_previews/task000172_mu001024_rho070_n1.png
0.8,1024,8,license_plate_bahnschrift.ttf,BFUCAOZJ9Y5KPW0TSHL38D2NGMVRX7Q64IE1,15,3,0,0.68,14.310835,0.701998,0.674571,BFUCAOZJ9YSKPWOTSHL38D2NGMVRX7Q64IE1,0.055556,0.944444,point_previews/task000172_mu001024_rho080_n0.png
0.8,1024,8,license_plate_bahnschrift.ttf,BFUCAOZJ9Y5KPW0TSHL38D2NGMVRX7Q64IE1,15,3,1,0.68,14.310835,0.701998,0.674571,BFUCAOZI9YSKPWOTSHL38D2NGMVRX7Q64IE1,0.083333,0.916667,point_previews/task000172_mu001024_rho080_n1.png
0.9,1024,8,license_plate_bahnschrift.ttf,BFUCAOZJ9Y5KPW0TSHL38D2NGMVRX7Q64IE1,15,3,0,0.765,15.178933,0.668877,0.635992,BFUCAOZJ9YSKPWOTSHL38D2NGMVRX7GQ64IE1,0.083333,0.916667,point_previews/task000172_mu001024_rho090_n0.png
0.9,1024,8,license_plate_bahnschrift.ttf,BFUCAOZJ9Y5KPW0TSHL38D2NGMVRX7Q64IE1,15,3,1,0.765,15.178933,0.668877,0.635992,BFUCAOZJ9YSKPWOTSHL38D2NGMVRX7Q64IE1,0.055556,0.944444,point_previews/task000172_mu001024_rho090_n1.png
1.0,1024,8,license_plate_bahnschrift.ttf,BFUCAOZJ9Y5KPW0TSHL38D2NGMVRX7Q64IE1,15,3,0,0.85,16.0,0.63662,0.603355,BFUCAOZJ9YSKPWOTSHL38D2NGMVRX7Q64IE1,0.055556,0.944444,point_previews/task000172_mu001024_rho100_n0.png
1.0,1024,8,license_plate_bahnschrift.ttf,BFUCAOZJ9Y5KPW0TSHL38D2NGMVRX7Q64IE1,15,3,1,0.85,16.0,0.63662,0.603355,BFUCAOZJ9YSKPWOTSHL38D2NGMVRX7Q64IE1,0.055556,0.944444,point_previews/task000172_mu001024_rho100_n1.png
0.1,4096,8,license_plate_bahnschrift.ttf,BFUCAOZJ9Y5KPW0TSHL38D2NGMVRX7Q64IE1,15,3,0,0.085,5.059644,0.959381,1.907975,BFUCAOZISYSKPWOTSHL38D2NGMVRX7QS64IET,0.166667,0.833333,point_previews/task000173_mu004096_rho010_n0.png
0.1,4096,8,license_plate_bahnschrift.ttf,BFUCAOZJ9Y5KPW0TSHL38D2NGMVRX7Q64IE1,15,3,1,0.085,5.059644,0.959381,1.907975,BFUCAOZISYSKPWOTSHL38D2NGMYVRX7Q64IE1,0.138889,0.861111,point_previews/task000173_mu004096_rho010_n1.png
0.2,4096,8,license_plate_bahnschrift.ttf,BFUCAOZJ9Y5KPW0TSHL38D2NGMVRX7Q64IE1,15,3,0,0.17,7.155418,0.919759,1.349142,BFUCAOZI9YSKPWOTSHL38D2NGMVRX7Q64IE1,0.083333,0.916667,point_previews/task000173_mu004096_rho020_n0.png
0.2,4096,8,license_plate_bahnschrift.ttf,BFUCAOZJ9Y5KPW0TSHL38D2NGMVRX7Q64IE1,15,3,1,0.17,7.155418,0.919759,1.349142,BFUCAOZI9YSKPWOTSHL38D2NGMVRX7Q64IE1,0.083333,0.916667,point_previews/task000173_mu004096_rho020_n1.png
0.3,4096,8,license_plate_bahnschrift.ttf,BFUCAOZJ9Y5KPW0TSHL38D2NGMVRX7Q64IE1,15,3,0,0.255,8.763561,0.881116,1.10157,BFUCAOZI9YSKPWOTSHL38D2NGMVRX7Q64IE1,0.083333,0.916667,point_previews/task000173_mu004096_rho030_n0.png
0.3,4096,8,license_plate_bahnschrift.ttf,BFUCAOZJ9Y5KPW0TSHL38D2NGMVRX7Q64IE1,15,3,1,0.255,8.763561,0.881116,1.10157,BFUCAOZI9YSKPWOTSHL3S8D2NGMVRX7Q64IE1,0.111111,0.888889,point_previews/task000173_mu004096_rho030_n1.png
0.4,4096,8,license_plate_bahnschrift.ttf,BFUCAOZJ9Y5KPW0TSHL38D2NGMVRX7Q64IE1,15,3,0,0.34,10.119289,0.843436,0.953987,BFUCAOZI9YSKPWOTSHL38D2NGMVRX7Q641E1,0.111111,0.888889,point_previews/task000173_mu004096_rho040_n0.png
0.4,4096,8,license_plate_bahnschrift.ttf,BFUCAOZJ9Y5KPW0TSHL38D2NGMVRX7Q64IE1,15,3,1,0.34,10.119289,0.843436,0.953987,BFUCAOZJ9YSKPWOTSHL38D2NGMVRX7Q641E1,0.083333,0.916667,point_previews/task000173_mu004096_rho040_n1.png
0.5,4096,8,license_plate_bahnschrift.ttf,BFUCAOZJ9Y5KPW0TSHL38D2NGMVRX7Q64IE1,15,3,0,0.425,11.313708,0.8067,0.853272,BFUCAOZJ9YSKPWOTSHL38D2NGMVRX7Q641E1,0.083333,0.916667,point_previews/task000173_mu004096_rho050_n0.png
0.5,4096,8,license_plate_bahnschrift.ttf,BFUCAOZJ9Y5KPW0TSHL38D2NGMVRX7Q64IE1,15,3,1,0.425,11.313708,0.8067,0.853272,BFUCAOZJ9YSKPWOTSHL38D2NGMVRX7Q641E1,0.083333,0.916667,point_previews/task000173_mu004096_rho050_n1.png
0.6,4096,8,license_plate_bahnschrift.ttf,BFUCAOZJ9Y5KPW0TSHL38D2NGMVRX7Q64IE1,15,3,0,0.51,12.393547,0.770893,0.778927,BFUCAOZJ9YSKPWOTSHL38D2NGMVRX7Q641E1,0.083333,0.916667,point_previews/task000173_mu004096_rho060_n0.png
0.6,4096,8,license_plate_bahnschrift.ttf,BFUCAOZJ9Y5KPW0TSHL38D2NGMVRX7Q64IE1,15,3,1,0.51,12.393547,0.770893,0.778927,BFUCAOZJ9YSKPWOTSHL38D2NGMVRX7Q64IE1,0.055556,0.944444,point_previews/task000173_mu004096_rho060_n1.png
0.7,4096,8,license_plate_bahnschrift.ttf,BFUCAOZJ9Y5KPW0TSHL38D2NGMVRX7Q64IE1,15,3,0,0.595,13.38656,0.735998,0.721147,BFUCAOZJ9YSKPWOTSHL38D2NGMVRX7Q64IE1,0.055556,0.944444,point_previews/task000173_mu004096_rho070_n0.png
0.7,4096,8,license_plate_bahnschrift.ttf,BFUCAOZJ9Y5KPW0TSHL38D2NGMVRX7Q64IE1,15,3,1,0.595,13.38656,0.735998,0.721147,BFUCAOZJ9YSKPWOTSHL38D2NGMVRX7Q64IE1,0.055556,0.944444,point_previews/task000173_mu004096_rho070_n1.png
0.8,4096,8,license_plate_bahnschrift.ttf,BFUCAOZJ9Y5KPW0TSHL38D2NGMVRX7Q64IE1,15,3,0,0.68,14.310835,0.701998,0.674571,BFUCAOZJ9YSKPWOTSHL38D2NGMVRX7Q64IE1,0.055556,0.944444,point_previews/task000173_mu004096_rho080_n0.png
0.8,4096,8,license_plate_bahnschrift.ttf,BFUCAOZJ9Y5KPW0TSHL38D2NGMVRX7Q64IE1,15,3,1,0.68,14.310835,0.701998,0.674571,BFUCAOZI9YSKPWOTSHL38D2NGMVRX7Q641E1,0.111111,0.888889,point_previews/task000173_mu004096_rho080_n1.png
0.9,4096,8,license_plate_bahnschrift.ttf,BFUCAOZJ9Y5KPW0TSHL38D2NGMVRX7Q64IE1,15,3,0,0.765,15.178933,0.668877,0.635992,BFUCAOZJ9YSKPWOTSHL38D2NGMVRX7G64IE1,0.083333,0.916667,point_previews/task000173_mu004096_rho090_n0.png
0.9,4096,8,license_plate_bahnschrift.ttf,BFUCAOZJ9Y5KPW0TSHL38D2NGMVRX7Q64IE1,15,3,1,0.765,15.178933,0.668877,0.635992,BFUCAOZJ9YSKPWOTSHL38D2NGMVRX7G64IE1,0.083333,0.916667,point_previews/task000173_mu004096_rho090_n1.png
1.0,4096,8,license_plate_bahnschrift.ttf,BFUCAOZJ9Y5KPW0TSHL38D2NGMVRX7Q64IE1,15,3,0,0.85,16.0,0.63662,0.603355,BFUCAOZJ9YSKPWOTSHL38D2NGMVRX7Q64IE1,0.055556,0.944444,point_previews/task000173_mu004096_rho100_n0.png
1.0,4096,8,license_plate_bahnschrift.ttf,BFUCAOZJ9Y5KPW0TSHL38D2NGMVRX7Q64IE1,15,3,1,0.85,16.0,0.63662,0.603355,BFUCAOZJ9YSKPWOTSHL38D2NGMVRX7Q64IE1,0.055556,0.944444,point_previews/task000173_mu004096_rho100_n1.png
0.1,16384,8,license_plate_bahnschrift.ttf,BFUCAOZJ9Y5KPW0TSHL38D2NGMVRX7Q64IE1,15,3,0,0.085,5.059644,0.959381,1.907975,BFUCAOZI9YSKPWOTSHL38D2NGMVRX7Q64IE1,0.083333,0.916667,point_previews/task000174_mu016384_rho010_n0.png
0.1,16384,8,license_plate_bahnschrift.ttf,BFUCAOZJ9Y5KPW0TSHL38D2NGMVRX7Q64IE1,15,3,1,0.085,5.059644,0.959381,1.907975,BFUCAOZI9YSKPWOTSHL38D2NGMVRX7Q64IE1,0.083333,0.916667,point_previews/task000174_mu016384_rho010_n1.png
0.2,16384,8,license_plate_bahnschrift.ttf,BFUCAOZJ9Y5KPW0TSHL38D2NGMVRX7Q64IE1,15,3,0,0.17,7.155418,0.919759,1.349142,BFUCAOZI9YSKPWOTSHL38D2NGMVRX7Q64IE1,0.083333,0.916667,point_previews/task000174_mu016384_rho020_n0.png
0.2,16384,8,license_plate_bahnschrift.ttf,BFUCAOZJ9Y5KPW0TSHL38D2NGMVRX7Q64IE1,15,3,1,0.17,7.155418,0.919759,1.349142,BFUCAOZI9YSKPWOTSHL38D2NGMVRX7Q64IE1,0.083333,0.916667,point_previews/task000174_mu016384_rho020_n1.png
0.3,16384,8,license_plate_bahnschrift.ttf,BFUCAOZJ9Y5KPW0TSHL38D2NGMVRX7Q64IE1,15,3,0,0.255,8.763561,0.881116,1.10157,BFUCAOZJ9YSKPWOTSHL3S8D2NGMVRX7Q641E1,0.111111,0.888889,point_previews/task000174_mu016384_rho030_n0.png
0.3,16384,8,license_plate_bahnschrift.ttf,BFUCAOZJ9Y5KPW0TSHL38D2NGMVRX7Q64IE1,15,3,1,0.255,8.763561,0.881116,1.10157,BFUCAOZIJ9YSKPWOTSHL38D2NGMVRX7Q64IE1,0.083333,0.916667,point_previews/task000174_mu016384_rho030_n1.png
0.4,16384,8,license_plate_bahnschrift.ttf,BFUCAOZJ9Y5KPW0TSHL38D2NGMVRX7Q64IE1,15,3,0,0.34,10.119289,0.843436,0.953987,BFUCAOZJ9YSKPWOTSHL38D2NGMVRX7Q641E1,0.083333,0.916667,point_previews/task000174_mu016384_rho040_n0.png
0.4,16384,8,license_plate_bahnschrift.ttf,BFUCAOZJ9Y5KPW0TSHL38D2NGMVRX7Q64IE1,15,3,1,0.34,10.119289,0.843436,0.953987,BFUCAOZJ9YSKPWOTSHL38D2NGMVRX7Q641E1,0.083333,0.916667,point_previews/task000174_mu016384_rho040_n1.png
0.5,16384,8,license_plate_bahnschrift.ttf,BFUCAOZJ9Y5KPW0TSHL38D2NGMVRX7Q64IE1,15,3,0,0.425,11.313708,0.8067,0.853272,BFUCAOZJ9YSKPWOTSHL38D2NGMVRX7Q64IE1,0.055556,0.944444,point_previews/task000174_mu016384_rho050_n0.png
0.5,16384,8,license_plate_bahnschrift.ttf,BFUCAOZJ9Y5KPW0TSHL38D2NGMVRX7Q64IE1,15,3,1,0.425,11.313708,0.8067,0.853272,BFUCAOZJ9YSKPWOTSHL38D2NGMVRX7Q64IE1,0.055556,0.944444,point_previews/task000174_mu016384_rho050_n1.png
0.6,16384,8,license_plate_bahnschrift.ttf,BFUCAOZJ9Y5KPW0TSHL38D2NGMVRX7Q64IE1,15,3,0,0.51,12.393547,0.770893,0.778927,BFUCAOZJ9YSKPWOTSHL38D2NGMVRX7Q641E1,0.083333,0.916667,point_previews/task000174_mu016384_rho060_n0.png
0.6,16384,8,license_plate_bahnschrift.ttf,BFUCAOZJ9Y5KPW0TSHL38D2NGMVRX7Q64IE1,15,3,1,0.51,12.393547,0.770893,0.778927,BFUCAOZJ9YSKPWOTSHL38D2NGMVRX7Q641E1,0.083333,0.916667,point_previews/task000174_mu016384_rho060_n1.png
0.7,16384,8,license_plate_bahnschrift.ttf,BFUCAOZJ9Y5KPW0TSHL38D2NGMVRX7Q64IE1,15,3,0,0.595,13.38656,0.735998,0.721147,BFUCAOZJ9YSKPWOTSHL38D2NGMVRX7Q64IE1,0.055556,0.944444,point_previews/task000174_mu016384_rho070_n0.png
0.7,16384,8,license_plate_bahnschrift.ttf,BFUCAOZJ9Y5KPW0TSHL38D2NGMVRX7Q64IE1,15,3,1,0.595,13.38656,0.735998,0.721147,BFUCAOZJ9YSKPWOTSHL38D2NGMVRX7Q64IE1,0.055556,0.944444,point_previews/task000174_mu016384_rho070_n1.png
0.8,16384,8,license_plate_bahnschrift.ttf,BFUCAOZJ9Y5KPW0TSHL38D2NGMVRX7Q64IE1,15,3,0,0.68,14.310835,0.701998,0.674571,BFUCAOZJ9YSKPWOTSHL38D2NGMVRX7Q64IE1,0.055556,0.944444,point_previews/task000174_mu016384_rho080_n0.png
0.8,16384,8,license_plate_bahnschrift.ttf,BFUCAOZJ9Y5KPW0TSHL38D2NGMVRX7Q64IE1,15,3,1,0.68,14.310835,0.701998,0.674571,BFUCAOZJ9YSKPWOTSHL38D2NGMVRX7GQ64IE1,0.083333,0.916667,point_previews/task000174_mu016384_rho080_n1.png
0.9,16384,8,license_plate_bahnschrift.ttf,BFUCAOZJ9Y5KPW0TSHL38D2NGMVRX7Q64IE1,15,3,0,0.765,15.178933,0.668877,0.635992,BFUCAOZJ9YSKPWOTSHL38D2NGMVRX7Q64IE1,0.055556,0.944444,point_previews/task000174_mu016384_rho090_n0.png
0.9,16384,8,license_plate_bahnschrift.ttf,BFUCAOZJ9Y5KPW0TSHL38D2NGMVRX7Q64IE1,15,3,1,0.765,15.178933,0.668877,0.635992,BFUCAOZJ9YSKPWOTSHL38D2NGMVRX7G64IE1,0.083333,0.916667,point_previews/task000174_mu016384_rho090_n1.png
1.0,16384,8,license_plate_bahnschrift.ttf,BFUCAOZJ9Y5KPW0TSHL38D2NGMVRX7Q64IE1,15,3,0,0.85,16.0,0.63662,0.603355,BFUCAOZJ9YSKPWOTSHL38D2NGMVRX7Q64IE1,0.055556,0.944444,point_previews/task000174_mu016384_rho100_n0.png
1.0,16384,8,license_plate_bahnschrift.ttf,BFUCAOZJ9Y5KPW0TSHL38D2NGMVRX7Q64IE1,15,3,1,0.85,16.0,0.63662,0.603355,BFUCAOZJ9YSKPWOTSHL38D2NGMVRX7Q64IE1,0.055556,0.944444,point_previews/task000174_mu016384_rho100_n1.png
0.1,65536,8,license_plate_bahnschrift.ttf,BFUCAOZJ9Y5KPW0TSHL38D2NGMVRX7Q64IE1,15,3,0,0.085,5.059644,0.959381,1.907975,BFUCAOZI9YSKPWOTSHL38D2NGMVRX7Q64IE1,0.083333,0.916667,point_previews/task000175_mu065536_rho010_n0.png
0.1,65536,8,license_plate_bahnschrift.ttf,BFUCAOZJ9Y5KPW0TSHL38D2NGMVRX7Q64IE1,15,3,1,0.085,5.059644,0.959381,1.907975,BFUCAOZISYSKPWOTSHL38D2NGMVRX7Q64IE1,0.111111,0.888889,point_previews/task000175_mu065536_rho010_n1.png
0.2,65536,8,license_plate_bahnschrift.ttf,BFUCAOZJ9Y5KPW0TSHL38D2NGMVRX7Q64IE1,15,3,0,0.17,7.155418,0.919759,1.349142,BFUCAOZI9YSKPWOTSHL38D2NGMVRX7Q64IE1,0.083333,0.916667,point_previews/task000175_mu065536_rho020_n0.png
0.2,65536,8,license_plate_bahnschrift.ttf,BFUCAOZJ9Y5KPW0TSHL38D2NGMVRX7Q64IE1,15,3,1,0.17,7.155418,0.919759,1.349142,BFUCAOZIJ9YSKPWOTSHL38D2NGMVRX7Q641E1,0.111111,0.888889,point_previews/task000175_mu065536_rho020_n1.png
0.3,65536,8,license_plate_bahnschrift.ttf,BFUCAOZJ9Y5KPW0TSHL38D2NGMVRX7Q64IE1,15,3,0,0.255,8.763561,0.881116,1.10157,BFUCAOZJ9YSKPWOTSHL38D2NGMVRX7Q641E1,0.083333,0.916667,point_previews/task000175_mu065536_rho030_n0.png
0.3,65536,8,license_plate_bahnschrift.ttf,BFUCAOZJ9Y5KPW0TSHL38D2NGMVRX7Q64IE1,15,3,1,0.255,8.763561,0.881116,1.10157,BFUCAOZJ9YSKPWOTSHL38D2NGMVRX7Q64IE1,0.055556,0.944444,point_previews/task000175_mu065536_rho030_n1.png
0.4,65536,8,license_plate_bahnschrift.ttf,BFUCAOZJ9Y5KPW0TSHL38D2NGMVRX7Q64IE1,15,3,0,0.34,10.119289,0.843436,0.953987,BFUCAOZJ9YSKPWOTSHL38D2NGMVRX7Q641E1,0.083333,0.916667,point_previews/task000175_mu065536_rho040_n0.png
0.4,65536,8,license_plate_bahnschrift.ttf,BFUCAOZJ9Y5KPW0TSHL38D2NGMVRX7Q64IE1,15,3,1,0.34,10.119289,0.843436,0.953987,BFUCAOZJI9YSKPWOTSHL38D2NGMVRX7Q641E1,0.111111,0.888889,point_previews/task000175_mu065536_rho040_n1.png
0.5,65536,8,license_plate_bahnschrift.ttf,BFUCAOZJ9Y5KPW0TSHL38D2NGMVRX7Q64IE1,15,3,0,0.425,11.313708,0.8067,0.853272,BFUCAOZJ9YSKPWOTSHL38D2NGMVRX7Q641E1,0.083333,0.916667,point_previews/task000175_mu065536_rho050_n0.png
0.5,65536,8,license_plate_bahnschrift.ttf,BFUCAOZJ9Y5KPW0TSHL38D2NGMVRX7Q64IE1,15,3,1,0.425,11.313708,0.8067,0.853272,BFUCAOZJ9YSKPWOTSHL38D2NGMVRX7Q641E1,0.083333,0.916667,point_previews/task000175_mu065536_rho050_n1.png
0.6,65536,8,license_plate_bahnschrift.ttf,BFUCAOZJ9Y5KPW0TSHL38D2NGMVRX7Q64IE1,15,3,0,0.51,12.393547,0.770893,0.778927,BFUCAOZJ9YSKPWOTSHL38D2NGMVRX7Q641E1,0.083333,0.916667,point_previews/task000175_mu065536_rho060_n0.png
0.6,65536,8,license_plate_bahnschrift.ttf,BFUCAOZJ9Y5KPW0TSHL38D2NGMVRX7Q64IE1,15,3,1,0.51,12.393547,0.770893,0.778927,BFUCAOZJ9YSKPWOTSHL38D2NGMVRX7Q641E1,0.083333,0.916667,point_previews/task000175_mu065536_rho060_n1.png
0.7,65536,8,license_plate_bahnschrift.ttf,BFUCAOZJ9Y5KPW0TSHL38D2NGMVRX7Q64IE1,15,3,0,0.595,13.38656,0.735998,0.721147,BFUCAOZJ9YSKPWOTSHL38D2NGMVRX7Q64IE1,0.055556,0.944444,point_previews/task000175_mu065536_rho070_n0.png
0.7,65536,8,license_plate_bahnschrift.ttf,BFUCAOZJ9Y5KPW0TSHL38D2NGMVRX7Q64IE1,15,3,1,0.595,13.38656,0.735998,0.721147,BFUCAOZJ9YSKPWOTSHL38D2NGMVRX7GQ64IE1,0.083333,0.916667,point_previews/task000175_mu065536_rho070_n1.png
0.8,65536,8,license_plate_bahnschrift.ttf,BFUCAOZJ9Y5KPW0TSHL38D2NGMVRX7Q64IE1,15,3,0,0.68,14.310835,0.701998,0.674571,BFUCAOZJ9YSKPWOTSHL38D2NGMVRX7G64IE1,0.083333,0.916667,point_previews/task000175_mu065536_rho080_n0.png
0.8,65536,8,license_plate_bahnschrift.ttf,BFUCAOZJ9Y5KPW0TSHL38D2NGMVRX7Q64IE1,15,3,1,0.68,14.310835,0.701998,0.674571,BFUCAOZJ9YSKPWOTSHL38D2NGMVRX7Q64IE1,0.055556,0.944444,point_previews/task000175_mu065536_rho080_n1.png
0.9,65536,8,license_plate_bahnschrift.ttf,BFUCAOZJ9Y5KPW0TSHL38D2NGMVRX7Q64IE1,15,3,0,0.765,15.178933,0.668877,0.635992,BFUCAOZJ9YSKPWOTSHL38D2NGMVRX7Q64IE1,0.055556,0.944444,point_previews/task000175_mu065536_rho090_n0.png
0.9,65536,8,license_plate_bahnschrift.ttf,BFUCAOZJ9Y5KPW0TSHL38D2NGMVRX7Q64IE1,15,3,1,0.765,15.178933,0.668877,0.635992,BFUCAOZJ9YSKPWOTSHL38D2NGMVRX7GQ64IE1,0.083333,0.916667,point_previews/task000175_mu065536_rho090_n1.png
1.0,65536,8,license_plate_bahnschrift.ttf,BFUCAOZJ9Y5KPW0TSHL38D2NGMVRX7Q64IE1,15,3,0,0.85,16.0,0.63662,0.603355,BFUCAOZJ9YSKPWOTSHL38D2NGMVRX7Q64IE1,0.055556,0.944444,point_previews/task000175_mu065536_rho100_n0.png
1.0,65536,8,license_plate_bahnschrift.ttf,BFUCAOZJ9Y5KPW0TSHL38D2NGMVRX7Q64IE1,15,3,1,0.85,16.0,0.63662,0.603355,BFUCAOZJ9YSKPWOTSHL38D2NGMVRX7Q64IE1,0.055556,0.944444,point_previews/task000175_mu065536_rho100_n1.png
0.1,4,8,license_plate_bahnschrift.ttf,BFUCAOZJ9Y5KPW0TSHL38D2NGMVRX7Q64IE1,15,7,0,0.085,5.059644,0.959381,1.907975,,1.0,0.0,point_previews/task000176_mu000004_rho010_n0.png
0.1,4,8,license_plate_bahnschrift.ttf,BFUCAOZJ9Y5KPW0TSHL38D2NGMVRX7Q64IE1,15,7,1,0.085,5.059644,0.959381,1.907975,RENESRSTLHOSAEDMNCCLER,0.888889,0.111111,point_previews/task000176_mu000004_rho010_n1.png
0.2,4,8,license_plate_bahnschrift.ttf,BFUCAOZJ9Y5KPW0TSHL38D2NGMVRX7Q64IE1,15,7,0,0.17,7.155418,0.919759,1.349142,RRSFDST,0.944444,0.055556,point_previews/task000176_mu000004_rho020_n0.png
0.2,4,8,license_plate_bahnschrift.ttf,BFUCAOZJ9Y5KPW0TSHL38D2NGMVRX7Q64IE1,15,7,1,0.17,7.155418,0.919759,1.349142,ESECUREMNLHRALE,0.888889,0.111111,point_previews/task000176_mu000004_rho020_n1.png
0.3,4,8,license_plate_bahnschrift.ttf,BFUCAOZJ9Y5KPW0TSHL38D2NGMVRX7Q64IE1,15,7,0,0.255,8.763561,0.881116,1.10157,BOSANGGT,0.861111,0.138889,point_previews/task000176_mu000004_rho030_n0.png
0.3,4,8,license_plate_bahnschrift.ttf,BFUCAOZJ9Y5KPW0TSHL38D2NGMVRX7Q64IE1,15,7,1,0.255,8.763561,0.881116,1.10157,GBAWMACMNROCGY,0.888889,0.111111,point_previews/task000176_mu000004_rho030_n1.png
0.4,4,8,license_plate_bahnschrift.ttf,BFUCAOZJ9Y5KPW0TSHL38D2NGMVRX7Q64IE1,15,7,0,0.34,10.119289,0.843436,0.953987,PPRERNHDSASREASS,0.888889,0.111111,point_previews/task000176_mu000004_rho040_n0.png
0.4,4,8,license_plate_bahnschrift.ttf,BFUCAOZJ9Y5KPW0TSHL38D2NGMVRX7Q64IE1,15,7,1,0.34,10.119289,0.843436,0.953987,ASPRMPSOE,0.888889,0.111111,point_previews/task000176_mu000004_rho040_n1.png
0.5,4,8,license_plate_bahnschrift.ttf,BFUCAOZJ9Y5KPW0TSHL38D2NGMVRX7Q64IE1,15,7,0,0.425,11.313708,0.8067,0.853272,,1.0,0.0,point_previews/task000176_mu000004_rho050_n0.png
0.5,4,8,license_plate_bahnschrift.ttf,BFUCAOZJ9Y5KPW0TSHL38D2NGMVRX7Q64IE1,15,7,1,0.425,11.313708,0.8067,0.853272,TRRATENDFTOGGSUSPGMSMES,0.861111,0.138889,point_previews/task000176_mu000004_rho050_n1.png
0.6,4,8,license_plate_bahnschrift.ttf,BFUCAOZJ9Y5KPW0TSHL38D2NGMVRX7Q64IE1,15,7,0,0.51,12.393547,0.770893,0.778927,TSMR,0.888889,0.111111,point_previews/task000176_mu000004_rho060_n0.png
0.6,4,8,license_plate_bahnschrift.ttf,BFUCAOZJ9Y5KPW0TSHL38D2NGMVRX7Q64IE1,15,7,1,0.51,12.393547,0.770893,0.778927,,1.0,0.0,point_previews/task000176_mu000004_rho060_n1.png
0.7,4,8,license_plate_bahnschrift.ttf,BFUCAOZJ9Y5KPW0TSHL38D2NGMVRX7Q64IE1,15,7,0,0.595,13.38656,0.735998,0.721147,YAEBCRGSGPRINSLROY,0.861111,0.138889,point_previews/task000176_mu000004_rho070_n0.png
0.7,4,8,license_plate_bahnschrift.ttf,BFUCAOZJ9Y5KPW0TSHL38D2NGMVRX7Q64IE1,15,7,1,0.595,13.38656,0.735998,0.721147,AERSUYTEASES8,0.888889,0.111111,point_previews/task000176_mu000004_rho070_n1.png
0.8,4,8,license_plate_bahnschrift.ttf,BFUCAOZJ9Y5KPW0TSHL38D2NGMVRX7Q64IE1,15,7,0,0.68,14.310835,0.701998,0.674571,BEELPADIASSG0WRDERTSETETS8PSEEN,0.916667,0.083333,point_previews/task000176_mu000004_rho080_n0.png
0.8,4,8,license_plate_bahnschrift.ttf,BFUCAOZJ9Y5KPW0TSHL38D2NGMVRX7Q64IE1,15,7,1,0.68,14.310835,0.701998,0.674571,SRESEARIGRRASCYIIRLDTAPYES,0.916667,0.083333,point_previews/task000176_mu000004_rho080_n1.png
0.9,4,8,license_plate_bahnschrift.ttf,BFUCAOZJ9Y5KPW0TSHL38D2NGMVRX7Q64IE1,15,7,0,0.765,15.178933,0.668877,0.635992,SEBURANTASDATHCNT,0.888889,0.111111,point_previews/task000176_mu000004_rho090_n0.png
0.9,4,8,license_plate_bahnschrift.ttf,BFUCAOZJ9Y5KPW0TSHL38D2NGMVRX7Q64IE1,15,7,1,0.765,15.178933,0.668877,0.635992,MOEIEDESISAENBHFAROIAYARSIE,0.888889,0.111111,point_previews/task000176_mu000004_rho090_n1.png
1.0,4,8,license_plate_bahnschrift.ttf,BFUCAOZJ9Y5KPW0TSHL38D2NGMVRX7Q64IE1,15,7,0,0.85,16.0,0.63662,0.603355,,1.0,0.0,point_previews/task000176_mu000004_rho100_n0.png
1.0,4,8,license_plate_bahnschrift.ttf,BFUCAOZJ9Y5KPW0TSHL38D2NGMVRX7Q64IE1,15,7,1,0.85,16.0,0.63662,0.603355,OFESCRSRAETSTASOMEIREA,0.861111,0.138889,point_previews/task000176_mu000004_rho100_n1.png
0.1,16,8,license_plate_bahnschrift.ttf,BFUCAOZJ9Y5KPW0TSHL38D2NGMVRX7Q64IE1,15,7,0,0.085,5.059644,0.959381,1.907975,ESESSCODOCNCUCTEAE2S,0.944444,0.055556,point_previews/task000177_mu000016_rho010_n0.png
0.1,16,8,license_plate_bahnschrift.ttf,BFUCAOZJ9Y5KPW0TSHL38D2NGMVRX7Q64IE1,15,7,1,0.085,5.059644,0.959381,1.907975,,1.0,0.0,point_previews/task000177_mu000016_rho010_n1.png
0.2,16,8,license_plate_bahnschrift.ttf,BFUCAOZJ9Y5KPW0TSHL38D2NGMVRX7Q64IE1,15,7,0,0.17,7.155418,0.919759,1.349142,FREAVEMEPETTSHEDENBREMOYPE,0.722222,0.277778,point_previews/task000177_mu000016_rho020_n0.png
0.2,16,8,license_plate_bahnschrift.ttf,BFUCAOZJ9Y5KPW0TSHL38D2NGMVRX7Q64IE1,15,7,1,0.17,7.155418,0.919759,1.349142,ABEOES2ESSERPEUTSOLSENOOENTP,0.861111,0.138889,point_previews/task000177_mu000016_rho020_n1.png
0.3,16,8,license_plate_bahnschrift.ttf,BFUCAOZJ9Y5KPW0TSHL38D2NGMVRX7Q64IE1,15,7,0,0.255,8.763561,0.881116,1.10157,SEUCADZYACANOTEHESSGONGHRIOSAO,0.722222,0.277778,point_previews/task000177_mu000016_rho030_n0.png
0.3,16,8,license_plate_bahnschrift.ttf,BFUCAOZJ9Y5KPW0TSHL38D2NGMVRX7Q64IE1,15,7,1,0.255,8.763561,0.881116,1.10157,BELGAGEFRGREVERSHSOINGYRTSES,0.777778,0.222222,point_previews/task000177_mu000016_rho030_n1.png
0.4,16,8,license_plate_bahnschrift.ttf,BFUCAOZJ9Y5KPW0TSHL38D2NGMVRX7Q64IE1,15,7,0,0.34,10.119289,0.843436,0.953987,SPU8O2ILYSKEWHTSHLSTNGMVRRINAE,0.583333,0.416667,point_previews/task000177_mu000016_rho040_n0.png
0.4,16,8,license_plate_bahnschrift.ttf,BFUCAOZJ9Y5KPW0TSHL38D2NGMVRX7Q64IE1,15,7,1,0.34,10.119289,0.843436,0.953987,BEUCROESSFSCRWITSHLSEDINGBURPSES,0.611111,0.388889,point_previews/task000177_mu000016_rho040_n1.png
0.5,16,8,license_plate_bahnschrift.ttf,BFUCAOZJ9Y5KPW0TSHL38D2NGMVRX7Q64IE1,15,7,0,0.425,11.313708,0.8067,0.853272,BERCAGZINIEKPATSHLIBO2NGMERXTAHE,0.527778,0.472222,point_previews/task000177_mu000016_rho050_n0.png
0.5,16,8,license_plate_bahnschrift.ttf,BFUCAOZJ9Y5KPW0TSHL38D2NGMVRX7Q64IE1,15,7,1,0.425,11.313708,0.8067,0.853272,BEUGAOEYSRPWATSHL3BO2NGHARICIE,0.5,0.5,point_previews/task000177_mu000016_rho050_n1.png
0.6,16,8,license_plate_bahnschrift.ttf,BFUCAOZJ9Y5KPW0TSHL38D2NGMVRX7Q64IE1,15,7,0,0.51,12.393547,0.770893,0.778927,,1.0,0.0,point_previews/task000177_mu000016_rho060_n0.png
0.6,16,8,license_plate_bahnschrift.ttf,BFUCAOZJ9Y5KPW0TSHL38D2NGMVRX7Q64IE1,15,7,1,0.51,12.393547,0.770893,0.778927,BEUGAOZHUSKPWOTSHLSSO2NGMVRYTASE,0.472222,0.527778,point_previews/task000177_mu000016_rho060_n1.png
0.7,16,8,license_plate_bahnschrift.ttf,BFUCAOZJ9Y5KPW0TSHL38D2NGMVRX7Q64IE1,15,7,0,0.595,13.38656,0.735998,0.721147,,1.0,0.0,point_previews/task000177_mu000016_rho070_n0.png
0.7,16,8,license_plate_bahnschrift.ttf,BFUCAOZJ9Y5KPW0TSHL38D2NGMVRX7Q64IE1,15,7,1,0.595,13.38656,0.735998,0.721147,BEUEAOZISYSKRWHTSHESBLANGRYAXIGARED,0.583333,0.416667,point_previews/task000177_mu000016_rho070_n1.png
0.8,16,8,license_plate_bahnschrift.ttf,BFUCAOZJ9Y5KPW0TSHL38D2NGMVRX7Q64IE1,15,7,0,0.68,14.310835,0.701998,0.674571,BEUCROZIPYSKRWOTSHLSYOUNGMIRKTOS4IES,0.472222,0.527778,point_previews/task000177_mu000016_rho080_n0.png
0.8,16,8,license_plate_bahnschrift.ttf,BFUCAOZJ9Y5KPW0TSHL38D2NGMVRX7Q64IE1,15,7,1,0.68,14.310835,0.701998,0.674571,BEUCAOZOYSKEWOTSHLSSDANGHYVRRTOAIE,0.472222,0.527778,point_previews/task000177_mu000016_rho080_n1.png
0.9,16,8,license_plate_bahnschrift.ttf,BFUCAOZJ9Y5KPW0TSHL38D2NGMVRX7Q64IE1,15,7,0,0.765,15.178933,0.668877,0.635992,BEUCADESSYSKPWOTSHLS8O2NGMVRX7O4EIE1,0.333333,0.666667,point_previews/task000177_mu000016_rho090_n0.png
0.9,16,8,license_plate_bahnschrift.ttf,BFUCAOZJ9Y5KPW0TSHL38D2NGMVRX7Q64IE1,15,7,1,0.765,15.178933,0.668877,0.635992,PRUCADZIFYSKPWOTSHLSED2NGMVRXFOSLET,0.416667,0.583333,point_previews/task000177_mu000016_rho090_n1.png
1.0,16,8,license_plate_bahnschrift.ttf,BFUCAOZJ9Y5KPW0TSHL38D2NGMVRX7Q64IE1,15,7,0,0.85,16.0,0.63662,0.603355,BFUCAOZJ3YSKPWOTSALSBD2NGMYRHTOSGIE,0.361111,0.638889,point_previews/task000177_mu000016_rho100_n0.png
1.0,16,8,license_plate_bahnschrift.ttf,BFUCAOZJ9Y5KPW0TSHL38D2NGMVRX7Q64IE1,15,7,1,0.85,16.0,0.63662,0.603355,BEGCADZISYSKEWOTSHERDANGMYRETOSMIED,0.527778,0.472222,point_previews/task000177_mu000016_rho100_n1.png
0.1,64,8,license_plate_bahnschrift.ttf,BFUCAOZJ9Y5KPW0TSHL38D2NGMVRX7Q64IE1,15,7,0,0.085,5.059644,0.959381,1.907975,SBAUEROZICYSRBWOTSHESEDPNGMUREIET,0.583333,0.416667,point_previews/task000178_mu000064_rho010_n0.png
0.1,64,8,license_plate_bahnschrift.ttf,BFUCAOZJ9Y5KPW0TSHL38D2NGMVRX7Q64IE1,15,7,1,0.085,5.059644,0.959381,1.907975,BEBEAGEPAKPWOISHESAO2NENRRIOSSET,0.694444,0.305556,point_previews/task000178_mu000064_rho010_n1.png
0.2,64,8,license_plate_bahnschrift.ttf,BFUCAOZJ9Y5KPW0TSHL38D2NGMVRX7Q64IE1,15,7,0,0.17,7.155418,0.919759,1.349142,,1.0,0.0,point_previews/task000178_mu000064_rho020_n0.png
0.2,64,8,license_plate_bahnschrift.ttf,BFUCAOZJ9Y5KPW0TSHL38D2NGMVRX7Q64IE1,15,7,1,0.17,7.155418,0.919759,1.349142,,1.0,0.0,point_previews/task000178_mu000064_rho020_n1.png
0.3,64,8,license_plate_bahnschrift.ttf,BFUCAOZJ9Y5KPW0TSHL38D2NGMVRX7Q64IE1,15,7,0,0.255,8.763561,0.881116,1.10157,,1.0,0.0,point_previews/task000178_mu000064_rho030_n0.png
0.3,64,8,license_plate_bahnschrift.ttf,BFUCAOZJ9Y5KPW0TSHL38D2NGMVRX7Q64IE1,15,7,1,0.255,8.763561,0.881116,1.10157,,1.0,0.0,point_previews/task000178_mu000064_rho030_n1.png
0.4,64,8,license_plate_bahnschrift.ttf,BFUCAOZJ9Y5KPW0TSHL38D2NGMVRX7Q64IE1,15,7,0,0.34,10.119289,0.843436,0.953987,BFUCAOZI9Y5K2WOTSHL3SO2NGMYRXTOSAIET,0.305556,0.694444,point_previews/task000178_mu000064_rho040_n0.png
0.4,64,8,license_plate_bahnschrift.ttf,BFUCAOZJ9Y5KPW0TSHL38D2NGMVRX7Q64IE1,15,7,1,0.34,10.119289,0.843436,0.953987,BFUCAOZI9VSKPWOTSHLISD2NGMYRXTOSZIET,0.333333,0.666667,point_previews/task000178_mu000064_rho040_n1.png
0.5,64,8,license_plate_bahnschrift.ttf,BFUCAOZJ9Y5KPW0TSHL38D2NGMVRX7Q64IE1,15,7,0,0.425,11.313708,0.8067,0.853272,BFUCAOZI9YSKPWOTSHL3802NGMVRXTOSA1E,0.277778,0.722222,point_previews/task000178_mu000064_rho050_n0.png
0.5,64,8,license_plate_bahnschrift.ttf,BFUCAOZJ9Y5KPW0TSHL38D2NGMVRX7Q64IE1,15,7,1,0.425,11.313708,0.8067,0.853272,BFUCAOZJ9YSKPWOTSHLSSD2NGMVRXTOSSIET,0.25,0.75,point_previews/task000178_mu000064_rho050_n1.png
0.6,64,8,license_plate_bahnschrift.ttf,BFUCAOZJ9Y5KPW0TSHL38D2NGMVRX7Q64IE1,15,7,0,0.51,12.393547,0.770893,0.778927,BFUCAOZJ9V5KPWOTSHL3BDZ2NGMVRXTO64IE3,0.194444,0.805556,point_previews/task000178_mu000064_rho060_n0.png
0.6,64,8,license_plate_bahnschrift.ttf,BFUCAOZJ9Y5KPW0TSHL38D2NGMVRX7Q64IE1,15,7,1,0.51,12.393547,0.770893,0.778927,BFUCAOZJOYSKPWOTSHL3S8D2NGMVRX70484IE7,0.222222,0.777778,point_previews/task000178_mu000064_rho060_n1.png
0.7,64,8,license_plate_bahnschrift.ttf,BFUCAOZJ9Y5KPW0TSHL38D2NGMVRX7Q64IE1,15,7,0,0.595,13.38656,0.735998,0.721147,BFUCAOZJ9YSKPWOTSHL38D2NGMYVRX7Q641E1,0.111111,0.888889,point_previews/task000178_mu000064_rho070_n0.png
0.7,64,8,license_plate_bahnschrift.ttf,BFUCAOZJ9Y5KPW0TSHL38D2NGMVRX7Q64IE1,15,7,1,0.595,13.38656,0.735998,0.721147,BFUCAOZI9Y5KPWOTSHL38D2NGMVRXTOS41E1,0.166667,0.833333,point_previews/task000178_mu000064_rho070_n1.png
0.8,64,8,license_plate_bahnschrift.ttf,BFUCAOZJ9Y5KPW0TSHL38D2NGMVRX7Q64IE1,15,7,0,0.68,14.310835,0.701998,0.674571,BFUCAOZJ9YSKPWOTSHL3BD2NGMVRX7Q44IE1,0.111111,0.888889,point_previews/task000178_mu000064_rho080_n0.png
0.8,64,8,license_plate_bahnschrift.ttf,BFUCAOZJ9Y5KPW0TSHL38D2NGMVRX7Q64IE1,15,7,1,0.68,14.310835,0.701998,0.674571,BFUCAOZJ9YSKPWOTSHL38D2NGMYRX7O64IE1,0.111111,0.888889,point_previews/task000178_mu000064_rho080_n1.png
0.9,64,8,license_plate_bahnschrift.ttf,BFUCAOZJ9Y5KPW0TSHL38D2NGMVRX7Q64IE1,15,7,0,0.765,15.178933,0.668877,0.635992,BFUCA0ZJ9Y5KPWOTSHL38D2NGMYRX7Q64IE,0.111111,0.888889,point_previews/task000178_mu000064_rho090_n0.png
0.9,64,8,license_plate_bahnschrift.ttf,BFUCAOZJ9Y5KPW0TSHL38D2NGMVRX7Q64IE1,15,7,1,0.765,15.178933,0.668877,0.635992,BFUCAOZJ9YSKPWOTSHL3BD2NGMVRX7O44IE1,0.138889,0.861111,point_previews/task000178_mu000064_rho090_n1.png
1.0,64,8,license_plate_bahnschrift.ttf,BFUCAOZJ9Y5KPW0TSHL38D2NGMVRX7Q64IE1,15,7,0,0.85,16.0,0.63662,0.603355,BFUCAOZJ9YSKPWOTSHL38D2NGMVRX7O64IE1,0.083333,0.916667,point_previews/task000178_mu000064_rho100_n0.png
1.0,64,8,license_plate_bahnschrift.ttf,BFUCAOZJ9Y5KPW0TSHL38D2NGMVRX7Q64IE1,15,7,1,0.85,16.0,0.63662,0.603355,BFUCAOZJ9YSKPWOTSHL3802NGMVRXIQ64IE1,0.111111,0.888889,point_previews/task000178_mu000064_rho100_n1.png
0.1,256,8,license_plate_bahnschrift.ttf,BFUCAOZJ9Y5KPW0TSHL38D2NGMVRX7Q64IE1,15,7,0,0.085,5.059644,0.959381,1.907975,BFUCADZISYSKPWOTSHL28D2NGMVRX7OSAIET,0.277778,0.722222,point_previews/task000179_mu000256_rho010_n0.png
0.1,256,8,license_plate_bahnschrift.ttf,BFUCAOZJ9Y5KPW0TSHL38D2NGMVRX7Q64IE1,15,7,1,0.085,5.059644,0.959381,1.907975,BFUCADZI9YSKPWOTSHLEZBD2NGMVRXTOSAIET,0.333333,0.666667,point_previews/task000179_mu000256_rho010_n1.png
0.2,256,8,license_plate_bahnschrift.ttf,BFUCAOZJ9Y5KPW0TSHL38D2NGMVRX7Q64IE1,15,7,0,0.17,7.155418,0.919759,1.349142,BFUCADZJ9YSKPWOTSHL3BD2NGMYRX7OS4IET,0.222222,0.777778,point_previews/task000179_mu000256_rho020_n0.png
0.2,256,8,license_plate_bahnschrift.ttf,BFUCAOZJ9Y5KPW0TSHL38D2NGMVRX7Q64IE1,15,7,1,0.17,7.155418,0.919759,1.349142,BFUCADZJ9YSKPWOTSHL3802NGMVRX7O441E1,0.194444,0.805556,point_previews/task000179_mu000256_rho020_n1.png
0.3,256,8,license_plate_bahnschrift.ttf,BFUCAOZJ9Y5KPW0TSHL38D2NGMVRX7Q64IE1,15,7,0,0.255,8.763561,0.881116,1.10157,BFUCAOZJ9YSKPWOTSHL3BD2NGMYVRX7Q64IE1,0.111111,0.888889,point_previews/task000179_mu000256_rho030_n0.png
0.3,256,8,license_plate_bahnschrift.ttf,BFUCAOZJ9Y5KPW0TSHL38D2NGMVRX7Q64IE1,15,7,1,0.255,8.763561,0.881116,1.10157,BFUCAOZJ9YSKPWOTSHL38D2NGMYVRX7O64IE3,0.138889,0.861111,point_previews/task000179_mu000256_rho030_n1.png
0.4,256,8,license_plate_bahnschrift.ttf,BFUCAOZJ9Y5KPW0TSHL38D2NGMVRX7Q64IE1,15,7,0,0.34,10.119289,0.843436,0.953987,BFUCAOZI9Y5SKPWOTSHL38D2NGMVRX7QO64IEI,0.138889,0.861111,point_previews/task000179_mu000256_rho040_n0.png
0.4,256,8,license_plate_bahnschrift.ttf,BFUCAOZJ9Y5KPW0TSHL38D2NGMVRX7Q64IE1,15,7,1,0.34,10.119289,0.843436,0.953987,BFUCAOZI9Y5KPWOTSHL38D2NGMYVRX7O64IEI,0.138889,0.861111,point_previews/task000179_mu000256_rho040_n1.png
0.5,256,8,license_plate_bahnschrift.ttf,BFUCAOZJ9Y5KPW0TSHL38D2NGMVRX7Q64IE1,15,7,0,0.425,11.313708,0.8067,0.853272,BFUCAOZI9Y5SKPWOTSHL38D2NGMYVRX7QOS64IE1,0.166667,0.833333,point_previews/task000179_mu000256_rho050_n0.png
0.5,256,8,license_plate_bahnschrift.ttf,BFUCAOZJ9Y5KPW0TSHL38D2NGMVRX7Q64IE1,15,7,1,0.425,11.313708,0.8067,0.853272,BFUCAOZJ9YSKPWOTSHL38D2NGMVRX7Q64IE1,0.055556,0.944444,point_previews/task000179_mu000256_rho050_n1.png
0.6,256,8,license_plate_bahnschrift.ttf,BFUCAOZJ9Y5KPW0TSHL38D2NGMVRX7Q64IE1,15,7,0,0.51,12.393547,0.770893,0.778927,BFUCAOZI9YSKPWOTSHL38D2NGMVRX7Q64IE1,0.083333,0.916667,point_previews/task000179_mu000256_rho060_n0.png
0.6,256,8,license_plate_bahnschrift.ttf,BFUCAOZJ9Y5KPW0TSHL38D2NGMVRX7Q64IE1,15,7,1,0.51,12.393547,0.770893,0.778927,BFUCAOZI9Y5KPWOTSHL38D2NGMVRX7QS64IET,0.111111,0.888889,point_previews/task000179_mu000256_rho060_n1.png
0.7,256,8,license_plate_bahnschrift.ttf,BFUCAOZJ9Y5KPW0TSHL38D2NGMVRX7Q64IE1,15,7,0,0.595,13.38656,0.735998,0.721147,BFUCAOZI9YSKPWOTSHL38D2NGMVRX7Q64IE1,0.083333,0.916667,point_previews/task000179_mu000256_rho070_n0.png
0.7,256,8,license_plate_bahnschrift.ttf,BFUCAOZJ9Y5KPW0TSHL38D2NGMVRX7Q64IE1,15,7,1,0.595,13.38656,0.735998,0.721147,BFUCAOZJ9YSKPWOTSHL38D2NGMVRX7Q464IE1,0.083333,0.916667,point_previews/task000179_mu000256_rho070_n1.png
0.8,256,8,license_plate_bahnschrift.ttf,BFUCAOZJ9Y5KPW0TSHL38D2NGMVRX7Q64IE1,15,7,0,0.68,14.310835,0.701998,0.674571,BFUCAOZI9Y5SKPWOTSHL38D2NGMVRX7Q64IE1,0.083333,0.916667,point_previews/task000179_mu000256_rho080_n0.png
0.8,256,8,license_plate_bahnschrift.ttf,BFUCAOZJ9Y5KPW0TSHL38D2NGMVRX7Q64IE1,15,7,1,0.68,14.310835,0.701998,0.674571,BFUCAOZJ9Y5KPWOTSHL38D2NGMVRX7Q64IE1,0.027778,0.972222,point_previews/task000179_mu000256_rho080_n1.png
0.9,256,8,license_plate_bahnschrift.ttf,BFUCAOZJ9Y5KPW0TSHL38D2NGMVRX7Q64IE1,15,7,0,0.765,15.178933,0.668877,0.635992,BFUCAOZJ9YSKPWOTSHL38D2NGMVRX7Q64IE1,0.055556,0.944444,point_previews/task000179_mu000256_rho090_n0.png
0.9,256,8,license_plate_bahnschrift.ttf,BFUCAOZJ9Y5KPW0TSHL38D2NGMVRX7Q64IE1,15,7,1,0.765,15.178933,0.668877,0.635992,BFUCAOZJ9YSKPWOTSHL38D2NGMVRX7Q64IE1,0.055556,0.944444,point_previews/task000179_mu000256_rho090_n1.png
1.0,256,8,license_plate_bahnschrift.ttf,BFUCAOZJ9Y5KPW0TSHL38D2NGMVRX7Q64IE1,15,7,0,0.85,16.0,0.63662,0.603355,BFUCAOZJ9Y5KPWOTSHL38D2NGMVRX7Q64IE1,0.027778,0.972222,point_previews/task000179_mu000256_rho100_n0.png
1.0,256,8,license_plate_bahnschrift.ttf,BFUCAOZJ9Y5KPW0TSHL38D2NGMVRX7Q64IE1,15,7,1,0.85,16.0,0.63662,0.603355,BFUCAOZI9YSKPWOTSHL38D2NGMVRX7Q641E1,0.111111,0.888889,point_previews/task000179_mu000256_rho100_n1.png
0.1,1024,8,license_plate_bahnschrift.ttf,BFUCAOZJ9Y5KPW0TSHL38D2NGMVRX7Q64IE1,15,7,0,0.085,5.059644,0.959381,1.907975,BFUCADZJ9YSKPWOTSHL3BD2NGMYVRX7OS4IE1,0.194444,0.805556,point_previews/task000180_mu001024_rho010_n0.png
0.1,1024,8,license_plate_bahnschrift.ttf,BFUCAOZJ9Y5KPW0TSHL38D2NGMVRX7Q64IE1,15,7,1,0.085,5.059644,0.959381,1.907975,BFUCADZI9YSKPWOTSHL3BD2NGMYRX7OS41E1,0.25,0.75,point_previews/task000180_mu001024_rho010_n1.png
0.2,1024,8,license_plate_bahnschrift.ttf,BFUCAOZJ9Y5KPW0TSHL38D2NGMVRX7Q64IE1,15,7,0,0.17,7.155418,0.919759,1.349142,BFUCAOZI9YSKPWOTSHL3BD2NGMVRX7Q64IE1,0.111111,0.888889,point_previews/task000180_mu001024_rho020_n0.png
0.2,1024,8,license_plate_bahnschrift.ttf,BFUCAOZJ9Y5KPW0TSHL38D2NGMVRX7Q64IE1,15,7,1,0.17,7.155418,0.919759,1.349142,BFUCADZI9YSKPWOTSHL3BD2NGMYVRX7OS4IE1,0.222222,0.777778,point_previews/task000180_mu001024_rho020_n1.png
0.3,1024,8,license_plate_bahnschrift.ttf,BFUCAOZJ9Y5KPW0TSHL38D2NGMVRX7Q64IE1,15,7,0,0.255,8.763561,0.881116,1.10157,BFUCADZI9Y5KPWOTSHL3BD2NGMVRX7QS64IE1,0.138889,0.861111,point_previews/task000180_mu001024_rho030_n0.png
0.3,1024,8,license_plate_bahnschrift.ttf,BFUCAOZJ9Y5KPW0TSHL38D2NGMVRX7Q64IE1,15,7,1,0.255,8.763561,0.881116,1.10157,BFUCAOZI9Y5KPWOTSHL3B8D2NGMVRX7QOS64IE1,0.138889,0.861111,point_previews/task000180_mu001024_rho030_n1.png
0.4,1024,8,license_plate_bahnschrift.ttf,BFUCAOZJ9Y5KPW0TSHL38D2NGMVRX7Q64IE1,15,7,0,0.34,10.119289,0.843436,0.953987,BFUCAOZJI9Y5KPWOTSHL38D2NGMVRX7Q64IE1,0.055556,0.944444,point_previews/task000180_mu001024_rho040_n0.png
0.4,1024,8,license_plate_bahnschrift.ttf,BFUCAOZJ9Y5KPW0TSHL38D2NGMVRX7Q64IE1,15,7,1,0.34,10.119289,0.843436,0.953987,BFUCAOZJI9Y5KPWOTSHL3B8D2NGMVRX7Q64IE1,0.083333,0.916667,point_previews/task000180_mu001024_rho040_n1.png
0.5,1024,8,license_plate_bahnschrift.ttf,BFUCAOZJ9Y5KPW0TSHL38D2NGMVRX7Q64IE1,15,7,0,0.425,11.313708,0.8067,0.853272,BFUCAOZI9YSKPWOTSHL38D2NGMVRX7Q64IET,0.111111,0.888889,point_previews/task000180_mu001024_rho050_n0.png
0.5,1024,8,license_plate_bahnschrift.ttf,BFUCAOZJ9Y5KPW0TSHL38D2NGMVRX7Q64IE1,15,7,1,0.425,11.313708,0.8067,0.853272,BFUCAOZJ9Y5KPWOTSHL38D2NGMVRX7Q4641E1,0.083333,0.916667,point_previews/task000180_mu001024_rho050_n1.png
0.6,1024,8,license_plate_bahnschrift.ttf,BFUCAOZJ9Y5KPW0TSHL38D2NGMVRX7Q64IE1,15,7,0,0.51,12.393547,0.770893,0.778927,BFUCAOZI9YS5KPWOTSHL38D2NGMVRX7Q64IE1,0.083333,0.916667,point_previews/task000180_mu001024_rho060_n0.png
0.6,1024,8,license_plate_bahnschrift.ttf,BFUCAOZJ9Y5KPW0TSHL38D2NGMVRX7Q64IE1,15,7,1,0.51,12.393547,0.770893,0.778927,BFUCAOZJI9YSKPWOTSHL38D2NGMVRX7Q64IE1,0.083333,0.916667,point_previews/task000180_mu001024_rho060_n1.png
0.7,1024,8,license_plate_bahnschrift.ttf,BFUCAOZJ9Y5KPW0TSHL38D2NGMVRX7Q64IE1,15,7,0,0.595,13.38656,0.735998,0.721147,BFUCAOZJ9YSKPWOTSHL38D2NGMVRX7Q64IE1,0.055556,0.944444,point_previews/task000180_mu001024_rho070_n0.png
0.7,1024,8,license_plate_bahnschrift.ttf,BFUCAOZJ9Y5KPW0TSHL38D2NGMVRX7Q64IE1,15,7,1,0.595,13.38656,0.735998,0.721147,BFUCAOZJ9YSKPWOTSHL38D2NGMVRX7Q64IE1,0.055556,0.944444,point_previews/task000180_mu001024_rho070_n1.png
0.8,1024,8,license_plate_bahnschrift.ttf,BFUCAOZJ9Y5KPW0TSHL38D2NGMVRX7Q64IE1,15,7,0,0.68,14.310835,0.701998,0.674571,BFUCAOZJI9YSKPWOTSHL38D2NGMVRX7Q64IE1,0.083333,0.916667,point_previews/task000180_mu001024_rho080_n0.png
0.8,1024,8,license_plate_bahnschrift.ttf,BFUCAOZJ9Y5KPW0TSHL38D2NGMVRX7Q64IE1,15,7,1,0.68,14.310835,0.701998,0.674571,BFUCAOZJI9YSKPWOTSHL38D2NGMVRX7Q64IE1,0.083333,0.916667,point_previews/task000180_mu001024_rho080_n1.png
0.9,1024,8,license_plate_bahnschrift.ttf,BFUCAOZJ9Y5KPW0TSHL38D2NGMVRX7Q64IE1,15,7,0,0.765,15.178933,0.668877,0.635992,BFUCAOZJ9YSKPWOTSHL38D2NGMVRX7Q64IE1,0.055556,0.944444,point_previews/task000180_mu001024_rho090_n0.png
0.9,1024,8,license_plate_bahnschrift.ttf,BFUCAOZJ9Y5KPW0TSHL38D2NGMVRX7Q64IE1,15,7,1,0.765,15.178933,0.668877,0.635992,BFUCAOZJ9YSKPWOTSHL38D2NGMVRX7Q64IE1,0.055556,0.944444,point_previews/task000180_mu001024_rho090_n1.png
1.0,1024,8,license_plate_bahnschrift.ttf,BFUCAOZJ9Y5KPW0TSHL38D2NGMVRX7Q64IE1,15,7,0,0.85,16.0,0.63662,0.603355,BFUCAOZJ9YSKPWOTSHL38D2NGMVRX7Q64IE1,0.055556,0.944444,point_previews/task000180_mu001024_rho100_n0.png
1.0,1024,8,license_plate_bahnschrift.ttf,BFUCAOZJ9Y5KPW0TSHL38D2NGMVRX7Q64IE1,15,7,1,0.85,16.0,0.63662,0.603355,BFUCAOZJ9YSKPWOTSHL38D2NGMVRX7Q64IE1,0.055556,0.944444,point_previews/task000180_mu001024_rho100_n1.png
0.1,4096,8,license_plate_bahnschrift.ttf,BFUCAOZJ9Y5KPW0TSHL38D2NGMVRX7Q64IE1,15,7,0,0.085,5.059644,0.959381,1.907975,BFUCADZJ9Y5KPWOTSHL3B8D2NGMVRX7OS4IE1,0.138889,0.861111,point_previews/task000181_mu004096_rho010_n0.png
0.1,4096,8,license_plate_bahnschrift.ttf,BFUCAOZJ9Y5KPW0TSHL38D2NGMVRX7Q64IE1,15,7,1,0.085,5.059644,0.959381,1.907975,BFUCADZJ9Y5KPWOTSHL3BD2NGMVRX7OS4IE1,0.138889,0.861111,point_previews/task000181_mu004096_rho010_n1.png
0.2,4096,8,license_plate_bahnschrift.ttf,BFUCAOZJ9Y5KPW0TSHL38D2NGMVRX7Q64IE1,15,7,0,0.17,7.155418,0.919759,1.349142,BFUCAOZJ9Y5KPWOTSHL3BD2NGMVRX7QO64IE1,0.083333,0.916667,point_previews/task000181_mu004096_rho020_n0.png
0.2,4096,8,license_plate_bahnschrift.ttf,BFUCAOZJ9Y5KPW0TSHL38D2NGMVRX7Q64IE1,15,7,1,0.17,7.155418,0.919759,1.349142,BFUCAOZJ9Y5KPWOTSHL3BD2NGMVRX7QS4IE1,0.083333,0.916667,point_previews/task000181_mu004096_rho020_n1.png
0.3,4096,8,license_plate_bahnschrift.ttf,BFUCAOZJ9Y5KPW0TSHL38D2NGMVRX7Q64IE1,15,7,0,0.255,8.763561,0.881116,1.10157,BFUCAOZJI9Y5KPWOTSHL38D2NGMVRX7Q64IE1,0.055556,0.944444,point_previews/task000181_mu004096_rho030_n0.png
0.3,4096,8,license_plate_bahnschrift.ttf,BFUCAOZJ9Y5KPW0TSHL38D2NGMVRX7Q64IE1,15,7,1,0.255,8.763561,0.881116,1.10157,BFUCAOZJ9Y5KPWOTSHL38D2NGMVRX7Q64IE1,0.027778,0.972222,point_previews/task000181_mu004096_rho030_n1.png
0.4,4096,8,license_plate_bahnschrift.ttf,BFUCAOZJ9Y5KPW0TSHL38D2NGMVRX7Q64IE1,15,7,0,0.34,10.119289,0.843436,0.953987,BFUCAOZI9Y5KPWOTSHL38D2NGMVRX7QS64IE1,0.083333,0.916667,point_previews/task000181_mu004096_rho040_n0.png
0.4,4096,8,license_plate_bahnschrift.ttf,BFUCAOZJ9Y5KPW0TSHL38D2NGMVRX7Q64IE1,15,7,1,0.34,10.119289,0.843436,0.953987,BFUCAOZI9Y5KPWOTSHL38D2NGMVRX7Q64IE1,0.055556,0.944444,point_previews/task000181_mu004096_rho040_n1.png
0.5,4096,8,license_plate_bahnschrift.ttf,BFUCAOZJ9Y5KPW0TSHL38D2NGMVRX7Q64IE1,15,7,0,0.425,11.313708,0.8067,0.853272,BFUCAOZI9YSKPWOTSHL38D2NGMVRX7Q64IE1,0.083333,0.916667,point_previews/task000181_mu004096_rho050_n0.png
0.5,4096,8,license_plate_bahnschrift.ttf,BFUCAOZJ9Y5KPW0TSHL38D2NGMVRX7Q64IE1,15,7,1,0.425,11.313708,0.8067,0.853272,BFUCAOZI9YSKPWOTSHL38D2NGMVRX7Q64IE1,0.083333,0.916667,point_previews/task000181_mu004096_rho050_n1.png
0.6,4096,8,license_plate_bahnschrift.ttf,BFUCAOZJ9Y5KPW0TSHL38D2NGMVRX7Q64IE1,15,7,0,0.51,12.393547,0.770893,0.778927,BFUCAOZI9Y5SKPWOTSHL38D2NGMVRX7Q64IE1,0.083333,0.916667,point_previews/task000181_mu004096_rho060_n0.png
0.6,4096,8,license_plate_bahnschrift.ttf,BFUCAOZJ9Y5KPW0TSHL38D2NGMVRX7Q64IE1,15,7,1,0.51,12.393547,0.770893,0.778927,BFUCAOZI9Y5KPWOTSHL38D2NGMVRX7Q64IE1,0.055556,0.944444,point_previews/task000181_mu004096_rho060_n1.png
0.7,4096,8,license_plate_bahnschrift.ttf,BFUCAOZJ9Y5KPW0TSHL38D2NGMVRX7Q64IE1,15,7,0,0.595,13.38656,0.735998,0.721147,BFUCAOZI9YSKPWOTSHL38D2NGMVRX7Q64IE1,0.083333,0.916667,point_previews/task000181_mu004096_rho070_n0.png
0.7,4096,8,license_plate_bahnschrift.ttf,BFUCAOZJ9Y5KPW0TSHL38D2NGMVRX7Q64IE1,15,7,1,0.595,13.38656,0.735998,0.721147,BFUCAOZI9YSKPWOTSHL38D2NGMVRX7Q64IE1,0.083333,0.916667,point_previews/task000181_mu004096_rho070_n1.png
0.8,4096,8,license_plate_bahnschrift.ttf,BFUCAOZJ9Y5KPW0TSHL38D2NGMVRX7Q64IE1,15,7,0,0.68,14.310835,0.701998,0.674571,BFUCAOZJI9YSKPWOTSHL38D2NGMVRX7Q64IE1,0.083333,0.916667,point_previews/task000181_mu004096_rho080_n0.png
0.8,4096,8,license_plate_bahnschrift.ttf,BFUCAOZJ9Y5KPW0TSHL38D2NGMVRX7Q64IE1,15,7,1,0.68,14.310835,0.701998,0.674571,BFUCAOZJ9YSKPWOTSHL38D2NGMVRX7Q64IE1,0.055556,0.944444,point_previews/task000181_mu004096_rho080_n1.png
0.9,4096,8,license_plate_bahnschrift.ttf,BFUCAOZJ9Y5KPW0TSHL38D2NGMVRX7Q64IE1,15,7,0,0.765,15.178933,0.668877,0.635992,BFUCAOZJI9YSKPWOTSHL38D2NGMVRX7Q64IE1,0.083333,0.916667,point_previews/task000181_mu004096_rho090_n0.png
0.9,4096,8,license_plate_bahnschrift.ttf,BFUCAOZJ9Y5KPW0TSHL38D2NGMVRX7Q64IE1,15,7,1,0.765,15.178933,0.668877,0.635992,BFUCAOZJ9YSKPWOTSHL38D2NGMVRX7Q64IE1,0.055556,0.944444,point_previews/task000181_mu004096_rho090_n1.png
1.0,4096,8,license_plate_bahnschrift.ttf,BFUCAOZJ9Y5KPW0TSHL38D2NGMVRX7Q64IE1,15,7,0,0.85,16.0,0.63662,0.603355,BFUCAOZJ9YSKPWOTSHL38D2NGMVRX7Q64IE1,0.055556,0.944444,point_previews/task000181_mu004096_rho100_n0.png
1.0,4096,8,license_plate_bahnschrift.ttf,BFUCAOZJ9Y5KPW0TSHL38D2NGMVRX7Q64IE1,15,7,1,0.85,16.0,0.63662,0.603355,BFUCAOZJ9YSKPWOTSHL38D2NGMVRX7Q64IE1,0.055556,0.944444,point_previews/task000181_mu004096_rho100_n1.png
0.1,16384,8,license_plate_bahnschrift.ttf,BFUCAOZJ9Y5KPW0TSHL38D2NGMVRX7Q64IE1,15,7,0,0.085,5.059644,0.959381,1.907975,BFUCADZJ9Y5KPWOTSHL3BD2NGMVRX7OS4IE1,0.138889,0.861111,point_previews/task000182_mu016384_rho010_n0.png
0.1,16384,8,license_plate_bahnschrift.ttf,BFUCAOZJ9Y5KPW0TSHL38D2NGMVRX7Q64IE1,15,7,1,0.085,5.059644,0.959381,1.907975,BFUCADZJ9Y5KPWOTSHL3BD2NGMVRX7OS4IE1,0.138889,0.861111,point_previews/task000182_mu016384_rho010_n1.png
0.2,16384,8,license_plate_bahnschrift.ttf,BFUCAOZJ9Y5KPW0TSHL38D2NGMVRX7Q64IE1,15,7,0,0.17,7.155418,0.919759,1.349142,BFUCAOZJ9Y5KPWOTSHL38D2NGMVRX7QS41E1,0.083333,0.916667,point_previews/task000182_mu016384_rho020_n0.png
0.2,16384,8,license_plate_bahnschrift.ttf,BFUCAOZJ9Y5KPW0TSHL38D2NGMVRX7Q64IE1,15,7,1,0.17,7.155418,0.919759,1.349142,BFUCAOZJ9Y5SKPWOTSHL38D2NGMVRX7QS41E1,0.111111,0.888889,point_previews/task000182_mu016384_rho020_n1.png
0.3,16384,8,license_plate_bahnschrift.ttf,BFUCAOZJ9Y5KPW0TSHL38D2NGMVRX7Q64IE1,15,7,0,0.255,8.763561,0.881116,1.10157,BFUCAOZJI9Y5KPWOTSHL38D2NGMVRX7Q64IE1,0.055556,0.944444,point_previews/task000182_mu016384_rho030_n0.png
0.3,16384,8,license_plate_bahnschrift.ttf,BFUCAOZJ9Y5KPW0TSHL38D2NGMVRX7Q64IE1,15,7,1,0.255,8.763561,0.881116,1.10157,BFUCAOZJ9Y5KPWOTSHL38D2NGMVRX7Q64IE1,0.027778,0.972222,point_previews/task000182_mu016384_rho030_n1.png
0.4,16384,8,license_plate_bahnschrift.ttf,BFUCAOZJ9Y5KPW0TSHL38D2NGMVRX7Q64IE1,15,7,0,0.34,10.119289,0.843436,0.953987,BFUCAOZJ9Y5KPWOTSHL38D2NGMVRX7Q64IE1,0.027778,0.972222,point_previews/task000182_mu016384_rho040_n0.png
0.4,16384,8,license_plate_bahnschrift.ttf,BFUCAOZJ9Y5KPW0TSHL38D2NGMVRX7Q64IE1,15,7,1,0.34,10.119289,0.843436,0.953987,BFUCAOZJI9Y5KPWOTSHL38D2NGMVRX7Q64IE1,0.055556,0.944444,point_previews/task000182_mu016384_rho040_n1.png
0.5,16384,8,license_plate_bahnschrift.ttf,BFUCAOZJ9Y5KPW0TSHL38D2NGMVRX7Q64IE1,15,7,0,0.425,11.313708,0.8067,0.853272,BFUCAOZI9YSKPWOTSHL38D2NGMVRX7Q64IE1,0.083333,0.916667,point_previews/task000182_mu016384_rho050_n0.png
0.5,16384,8,license_plate_bahnschrift.ttf,BFUCAOZJ9Y5KPW0TSHL38D2NGMVRX7Q64IE1,15,7,1,0.425,11.313708,0.8067,0.853272,BFUCAOZI9YSKPWOTSHL38D2NGMVRX7Q64IE1,0.083333,0.916667,point_previews/task000182_mu016384_rho050_n1.png
0.6,16384,8,license_plate_bahnschrift.ttf,BFUCAOZJ9Y5KPW0TSHL38D2NGMVRX7Q64IE1,15,7,0,0.51,12.393547,0.770893,0.778927,BFUCAOZI9YSKPWOTSHL38D2NGMVRX7Q64IE1,0.083333,0.916667,point_previews/task000182_mu016384_rho060_n0.png
0.6,16384,8,license_plate_bahnschrift.ttf,BFUCAOZJ9Y5KPW0TSHL38D2NGMVRX7Q64IE1,15,7,1,0.51,12.393547,0.770893,0.778927,BFUCAOZI9Y5SKPWOTSHL38D2NGMVRX7Q64IE1,0.083333,0.916667,point_previews/task000182_mu016384_rho060_n1.png
0.7,16384,8,license_plate_bahnschrift.ttf,BFUCAOZJ9Y5KPW0TSHL38D2NGMVRX7Q64IE1,15,7,0,0.595,13.38656,0.735998,0.721147,BFUCAOZI9YSKPWOTSHL38D2NGMVRX7Q64IE1,0.083333,0.916667,point_previews/task000182_mu016384_rho070_n0.png
0.7,16384,8,license_plate_bahnschrift.ttf,BFUCAOZJ9Y5KPW0TSHL38D2NGMVRX7Q64IE1,15,7,1,0.595,13.38656,0.735998,0.721147,BFUCAOZI9YSKPWOTSHL38D2NGMVRX7Q64IE1,0.083333,0.916667,point_previews/task000182_mu016384_rho070_n1.png
0.8,16384,8,license_plate_bahnschrift.ttf,BFUCAOZJ9Y5KPW0TSHL38D2NGMVRX7Q64IE1,15,7,0,0.68,14.310835,0.701998,0.674571,BFUCAOZJ9YSKPWOTSHL38D2NGMVRX7Q64IE1,0.055556,0.944444,point_previews/task000182_mu016384_rho080_n0.png
0.8,16384,8,license_plate_bahnschrift.ttf,BFUCAOZJ9Y5KPW0TSHL38D2NGMVRX7Q64IE1,15,7,1,0.68,14.310835,0.701998,0.674571,BFUCAOZJ9YSKPWOTSHL38D2NGMVRX7Q64IE1,0.055556,0.944444,point_previews/task000182_mu016384_rho080_n1.png
0.9,16384,8,license_plate_bahnschrift.ttf,BFUCAOZJ9Y5KPW0TSHL38D2NGMVRX7Q64IE1,15,7,0,0.765,15.178933,0.668877,0.635992,BFUCAOZJ9YSKPWOTSHL38D2NGMVRX7Q64IE1,0.055556,0.944444,point_previews/task000182_mu016384_rho090_n0.png
0.9,16384,8,license_plate_bahnschrift.ttf,BFUCAOZJ9Y5KPW0TSHL38D2NGMVRX7Q64IE1,15,7,1,0.765,15.178933,0.668877,0.635992,BFUCAOZJ9YSKPWOTSHL38D2NGMVRX7Q64IE1,0.055556,0.944444,point_previews/task000182_mu016384_rho090_n1.png
1.0,16384,8,license_plate_bahnschrift.ttf,BFUCAOZJ9Y5KPW0TSHL38D2NGMVRX7Q64IE1,15,7,0,0.85,16.0,0.63662,0.603355,BFUCAOZJ9YSKPWOTSHL38D2NGMVRX7Q64IE1,0.055556,0.944444,point_previews/task000182_mu016384_rho100_n0.png
1.0,16384,8,license_plate_bahnschrift.ttf,BFUCAOZJ9Y5KPW0TSHL38D2NGMVRX7Q64IE1,15,7,1,0.85,16.0,0.63662,0.603355,BFUCAOZJ9YSKPWOTSHL38D2NGMVRX7Q64IE1,0.055556,0.944444,point_previews/task000182_mu016384_rho100_n1.png
0.1,65536,8,license_plate_bahnschrift.ttf,BFUCAOZJ9Y5KPW0TSHL38D2NGMVRX7Q64IE1,15,7,0,0.085,5.059644,0.959381,1.907975,BFUCAOZJ9Y5KPWOTSHL3BD2NGMVRX7OS4IE1,0.111111,0.888889,point_previews/task000183_mu065536_rho010_n0.png
0.1,65536,8,license_plate_bahnschrift.ttf,BFUCAOZJ9Y5KPW0TSHL38D2NGMVRX7Q64IE1,15,7,1,0.085,5.059644,0.959381,1.907975,BFUCAOZJ9Y5KPWOTSHL38D2NGMVRX7OS4IE1,0.083333,0.916667,point_previews/task000183_mu065536_rho010_n1.png
0.2,65536,8,license_plate_bahnschrift.ttf,BFUCAOZJ9Y5KPW0TSHL38D2NGMVRX7Q64IE1,15,7,0,0.17,7.155418,0.919759,1.349142,BFUCAOZJ9Y5KPWOTSHL38D2NGMVRX7QOS4IE1,0.083333,0.916667,point_previews/task000183_mu065536_rho020_n0.png
0.2,65536,8,license_plate_bahnschrift.ttf,BFUCAOZJ9Y5KPW0TSHL38D2NGMVRX7Q64IE1,15,7,1,0.17,7.155418,0.919759,1.349142,BFUCAOZJ9Y5KPWOTSHL38D2NGMVRX7Q64IE1,0.027778,0.972222,point_previews/task000183_mu065536_rho020_n1.png
0.3,65536,8,license_plate_bahnschrift.ttf,BFUCAOZJ9Y5KPW0TSHL38D2NGMVRX7Q64IE1,15,7,0,0.255,8.763561,0.881116,1.10157,BFUCAOZJI9Y5KPWOTSHL38D2NGMVRX7Q64IE1,0.055556,0.944444,point_previews/task000183_mu065536_rho030_n0.png
0.3,65536,8,license_plate_bahnschrift.ttf,BFUCAOZJ9Y5KPW0TSHL38D2NGMVRX7Q64IE1,15,7,1,0.255,8.763561,0.881116,1.10157,BFUCAOZJI9Y5KPWOTSHL38D2NGMVRX7Q64IE1,0.055556,0.944444,point_previews/task000183_mu065536_rho030_n1.png
0.4,65536,8,license_plate_bahnschrift.ttf,BFUCAOZJ9Y5KPW0TSHL38D2NGMVRX7Q64IE1,15,7,0,0.34,10.119289,0.843436,0.953987,BFUCAOZJ9Y5KPWOTSHL38D2NGMVRX7Q64IE1,0.027778,0.972222,point_previews/task000183_mu065536_rho040_n0.png
0.4,65536,8,license_plate_bahnschrift.ttf,BFUCAOZJ9Y5KPW0TSHL38D2NGMVRX7Q64IE1,15,7,1,0.34,10.119289,0.843436,0.953987,BFUCAOZJ9Y5KPWOTSHL38D2NGMVRX7Q64IE1,0.027778,0.972222,point_previews/task000183_mu065536_rho040_n1.png
0.5,65536,8,license_plate_bahnschrift.ttf,BFUCAOZJ9Y5KPW0TSHL38D2NGMVRX7Q64IE1,15,7,0,0.425,11.313708,0.8067,0.853272,BFUCAOZI9YSKPWOTSHL38D2NGMVRX7Q64IE1,0.083333,0.916667,point_previews/task000183_mu065536_rho050_n0.png
0.5,65536,8,license_plate_bahnschrift.ttf,BFUCAOZJ9Y5KPW0TSHL38D2NGMVRX7Q64IE1,15,7,1,0.425,11.313708,0.8067,0.853272,BFUCAOZI9YSKPWOTSHL38D2NGMVRX7Q64IE1,0.083333,0.916667,point_previews/task000183_mu065536_rho050_n1.png
0.6,65536,8,license_plate_bahnschrift.ttf,BFUCAOZJ9Y5KPW0TSHL38D2NGMVRX7Q64IE1,15,7,0,0.51,12.393547,0.770893,0.778927,BFUCAOZI9Y5KPWOTSHL38D2NGMVRX7Q64IE1,0.055556,0.944444,point_previews/task000183_mu065536_rho060_n0.png
0.6,65536,8,license_plate_bahnschrift.ttf,BFUCAOZJ9Y5KPW0TSHL38D2NGMVRX7Q64IE1,15,7,1,0.51,12.393547,0.770893,0.778927,BFUCAOZI9YSKPWOTSHL38D2NGMVRX7Q64IE1,0.083333,0.916667,point_previews/task000183_mu065536_rho060_n1.png
0.7,65536,8,license_plate_bahnschrift.ttf,BFUCAOZJ9Y5KPW0TSHL38D2NGMVRX7Q64IE1,15,7,0,0.595,13.38656,0.735998,0.721147,BFUCAOZJI9YSKPWOTSHL38D2NGMVRX7Q64IE1,0.083333,0.916667,point_previews/task000183_mu065536_rho070_n0.png
0.7,65536,8,license_plate_bahnschrift.ttf,BFUCAOZJ9Y5KPW0TSHL38D2NGMVRX7Q64IE1,15,7,1,0.595,13.38656,0.735998,0.721147,BFUCAOZI9YSKPWOTSHL38D2NGMVRX7Q64IE1,0.083333,0.916667,point_previews/task000183_mu065536_rho070_n1.png
0.8,65536,8,license_plate_bahnschrift.ttf,BFUCAOZJ9Y5KPW0TSHL38D2NGMVRX7Q64IE1,15,7,0,0.68,14.310835,0.701998,0.674571,BFUCAOZJI9YSKPWOTSHL38D2NGMVRX7Q64IE1,0.083333,0.916667,point_previews/task000183_mu065536_rho080_n0.png
0.8,65536,8,license_plate_bahnschrift.ttf,BFUCAOZJ9Y5KPW0TSHL38D2NGMVRX7Q64IE1,15,7,1,0.68,14.310835,0.701998,0.674571,BFUCAOZJ9YSKPWOTSHL38D2NGMVRX7Q64IE1,0.055556,0.944444,point_previews/task000183_mu065536_rho080_n1.png
0.9,65536,8,license_plate_bahnschrift.ttf,BFUCAOZJ9Y5KPW0TSHL38D2NGMVRX7Q64IE1,15,7,0,0.765,15.178933,0.668877,0.635992,BFUCAOZJ9YSKPWOTSHL38D2NGMVRX7Q64IE1,0.055556,0.944444,point_previews/task000183_mu065536_rho090_n0.png
0.9,65536,8,license_plate_bahnschrift.ttf,BFUCAOZJ9Y5KPW0TSHL38D2NGMVRX7Q64IE1,15,7,1,0.765,15.178933,0.668877,0.635992,BFUCAOZJ9YSKPWOTSHL38D2NGMVRX7Q64IE1,0.055556,0.944444,point_previews/task000183_mu065536_rho090_n1.png
1.0,65536,8,license_plate_bahnschrift.ttf,BFUCAOZJ9Y5KPW0TSHL38D2NGMVRX7Q64IE1,15,7,0,0.85,16.0,0.63662,0.603355,BFUCAOZJ9YSKPWOTSHL38D2NGMVRX7Q64IE1,0.055556,0.944444,point_previews/task000183_mu065536_rho100_n0.png
1.0,65536,8,license_plate_bahnschrift.ttf,BFUCAOZJ9Y5KPW0TSHL38D2NGMVRX7Q64IE1,15,7,1,0.85,16.0,0.63662,0.603355,BFUCAOZJ9YSKPWOTSHL38D2NGMVRX7Q64IE1,0.055556,0.944444,point_previews/task000183_mu065536_rho100_n1.png
0.1,4,8,license_plate_bahnschrift.ttf,BFUCAOZJ9Y5KPW0TSHL38D2NGMVRX7Q64IE1,15,11,0,0.085,5.059644,0.959381,1.907975,,1.0,0.0,point_previews/task000184_mu000004_rho010_n0.png
0.1,4,8,license_plate_bahnschrift.ttf,BFUCAOZJ9Y5KPW0TSHL38D2NGMVRX7Q64IE1,15,11,1,0.085,5.059644,0.959381,1.907975,MELWRAGNPNNLE,0.916667,0.083333,point_previews/task000184_mu000004_rho010_n1.png
0.2,4,8,license_plate_bahnschrift.ttf,BFUCAOZJ9Y5KPW0TSHL38D2NGMVRX7Q64IE1,15,11,0,0.17,7.155418,0.919759,1.349142,PFSEIEGAEENTBBCE,0.888889,0.111111,point_previews/task000184_mu000004_rho020_n0.png
0.2,4,8,license_plate_bahnschrift.ttf,BFUCAOZJ9Y5KPW0TSHL38D2NGMVRX7Q64IE1,15,11,1,0.17,7.155418,0.919759,1.349142,,1.0,0.0,point_previews/task000184_mu000004_rho020_n1.png
0.3,4,8,license_plate_bahnschrift.ttf,BFUCAOZJ9Y5KPW0TSHL38D2NGMVRX7Q64IE1,15,11,0,0.255,8.763561,0.881116,1.10157,MPSNNROZCCUSER,0.861111,0.138889,point_previews/task000184_mu000004_rho030_n0.png
0.3,4,8,license_plate_bahnschrift.ttf,BFUCAOZJ9Y5KPW0TSHL38D2NGMVRX7Q64IE1,15,11,1,0.255,8.763561,0.881116,1.10157,CEMEAEBRCAANMRTEU,0.861111,0.138889,point_previews/task000184_mu000004_rho030_n1.png
0.4,4,8,license_plate_bahnschrift.ttf,BFUCAOZJ9Y5KPW0TSHL38D2NGMVRX7Q64IE1,15,11,0,0.34,10.119289,0.843436,0.953987,SASGR8STPFSNTSROLF,0.861111,0.138889,point_previews/task000184_mu000004_rho040_n0.png
0.4,4,8,license_plate_bahnschrift.ttf,BFUCAOZJ9Y5KPW0TSHL38D2NGMVRX7Q64IE1,15,11,1,0.34,10.119289,0.843436,0.953987,,1.0,0.0,point_previews/task000184_mu000004_rho040_n1.png
0.5,4,8,license_plate_bahnschrift.ttf,BFUCAOZJ9Y5KPW0TSHL38D2NGMVRX7Q64IE1,15,11,0,0.425,11.313708,0.8067,0.853272,ATOLYASBB,0.916667,0.083333,point_previews/task000184_mu000004_rho050_n0.png
0.5,4,8,license_plate_bahnschrift.ttf,BFUCAOZJ9Y5KPW0TSHL38D2NGMVRX7Q64IE1,15,11,1,0.425,11.313708,0.8067,0.853272,ABERORRCGHUNSPSIERE,0.888889,0.111111,point_previews/task000184_mu000004_rho050_n1.png
0.6,4,8,license_plate_bahnschrift.ttf,BFUCAOZJ9Y5KPW0TSHL38D2NGMVRX7Q64IE1,15,11,0,0.51,12.393547,0.770893,0.778927,PRPAEEDESRGE,0.888889,0.111111,point_previews/task000184_mu000004_rho060_n0.png
0.6,4,8,license_plate_bahnschrift.ttf,BFUCAOZJ9Y5KPW0TSHL38D2NGMVRX7Q64IE1,15,11,1,0.51,12.393547,0.770893,0.778927,AACRSNTOERINALSHTARE,0.861111,0.138889,point_previews/task000184_mu000004_rho060_n1.png
0.7,4,8,license_plate_bahnschrift.ttf,BFUCAOZJ9Y5KPW0TSHL38D2NGMVRX7Q64IE1,15,11,0,0.595,13.38656,0.735998,0.721147,BRIRRARINEB2,0.944444,0.055556,point_previews/task000184_mu000004_rho070_n0.png
0.7,4,8,license_plate_bahnschrift.ttf,BFUCAOZJ9Y5KPW0TSHL38D2NGMVRX7Q64IE1,15,11,1,0.595,13.38656,0.735998,0.721147,REUEARIERSARSSEA,0.861111,0.138889,point_previews/task000184_mu000004_rho070_n1.png
0.8,4,8,license_plate_bahnschrift.ttf,BFUCAOZJ9Y5KPW0TSHL38D2NGMVRX7Q64IE1,15,11,0,0.68,14.310835,0.701998,0.674571,SAPUAEMUREBSMECUF,0.888889,0.111111,point_previews/task000184_mu000004_rho080_n0.png
0.8,4,8,license_plate_bahnschrift.ttf,BFUCAOZJ9Y5KPW0TSHL38D2NGMVRX7Q64IE1,15,11,1,0.68,14.310835,0.701998,0.674571,GLASMESAEATPRENEB,0.888889,0.111111,point_previews/task000184_mu000004_rho080_n1.png
0.9,4,8,license_plate_bahnschrift.ttf,BFUCAOZJ9Y5KPW0TSHL38D2NGMVRX7Q64IE1,15,11,0,0.765,15.178933,0.668877,0.635992,BEHORNOTRNERLTPSEEIRS,0.861111,0.138889,point_previews/task000184_mu000004_rho090_n0.png
0.9,4,8,license_plate_bahnschrift.ttf,BFUCAOZJ9Y5KPW0TSHL38D2NGMVRX7Q64IE1,15,11,1,0.765,15.178933,0.668877,0.635992,SSRUNGRLDSNRCNORES,0.861111,0.138889,point_previews/task000184_mu000004_rho090_n1.png
1.0,4,8,license_plate_bahnschrift.ttf,BFUCAOZJ9Y5KPW0TSHL38D2NGMVRX7Q64IE1,15,11,0,0.85,16.0,0.63662,0.603355,IBPRERORGSINTRRMFRES,0.861111,0.138889,point_previews/task000184_mu000004_rho100_n0.png
1.0,4,8,license_plate_bahnschrift.ttf,BFUCAOZJ9Y5KPW0TSHL38D2NGMVRX7Q64IE1,15,11,1,0.85,16.0,0.63662,0.603355,BEUURSPOAAGITORESBTOHIGENMU,0.888889,0.111111,point_previews/task000184_mu000004_rho100_n1.png
0.1,16,8,license_plate_bahnschrift.ttf,BFUCAOZJ9Y5KPW0TSHL38D2NGMVRX7Q64IE1,15,11,0,0.085,5.059644,0.959381,1.907975,SENEICRSCU,0.916667,0.083333,point_previews/task000185_mu000016_rho010_n0.png
0.1,16,8,license_plate_bahnschrift.ttf,BFUCAOZJ9Y5KPW0TSHL38D2NGMVRX7Q64IE1,15,11,1,0.085,5.059644,0.959381,1.907975,,1.0,0.0,point_previews/task000185_mu000016_rho010_n1.png
0.2,16,8,license_plate_bahnschrift.ttf,BFUCAOZJ9Y5KPW0TSHL38D2NGMVRX7Q64IE1,15,11,0,0.17,7.155418,0.919759,1.349142,,1.0,0.0,point_previews/task000185_mu000016_rho020_n0.png
0.2,16,8,license_plate_bahnschrift.ttf,BFUCAOZJ9Y5KPW0TSHL38D2NGMVRX7Q64IE1,15,11,1,0.17,7.155418,0.919759,1.349142,SPUSBRPRRSTSRUESRSE,0.861111,0.138889,point_previews/task000185_mu000016_rho020_n1.png
0.3,16,8,license_plate_bahnschrift.ttf,BFUCAOZJ9Y5KPW0TSHL38D2NGMVRX7Q64IE1,15,11,0,0.255,8.763561,0.881116,1.10157,UBEUDROZITERRYRTIOALSETANSNYRNTQER,0.777778,0.222222,point_previews/task000185_mu000016_rho030_n0.png
0.3,16,8,license_plate_bahnschrift.ttf,BFUCAOZJ9Y5KPW0TSHL38D2NGMVRX7Q64IE1,15,11,1,0.255,8.763561,0.881116,1.10157,BEAOEIEEMDTSHESEATUGMURETHIE,0.694444,0.305556,point_previews/task000185_mu000016_rho030_n1.png
0.4,16,8,license_plate_bahnschrift.ttf,BFUCAOZJ9Y5KPW0TSHL38D2NGMVRX7Q64IE1,15,11,0,0.34,10.119289,0.843436,0.953987,,1.0,0.0,point_previews/task000185_mu000016_rho040_n0.png
0.4,16,8,license_plate_bahnschrift.ttf,BFUCAOZJ9Y5KPW0TSHL38D2NGMVRX7Q64IE1,15,11,1,0.34,10.119289,0.843436,0.953987,SRRUSROZSEESKAVAITSALSSNENGMYBKES,0.75,0.25,point_previews/task000185_mu000016_rho040_n1.png
0.5,16,8,license_plate_bahnschrift.ttf,BFUCAOZJ9Y5KPW0TSHL38D2NGMVRX7Q64IE1,15,11,0,0.425,11.313708,0.8067,0.853272,,1.0,0.0,point_previews/task000185_mu000016_rho050_n0.png
0.5,16,8,license_plate_bahnschrift.ttf,BFUCAOZJ9Y5KPW0TSHL38D2NGMVRX7Q64IE1,15,11,1,0.425,11.313708,0.8067,0.853272,,1.0,0.0,point_previews/task000185_mu000016_rho050_n1.png
0.6,16,8,license_plate_bahnschrift.ttf,BFUCAOZJ9Y5KPW0TSHL38D2NGMVRX7Q64IE1,15,11,0,0.51,12.393547,0.770893,0.778927,SBFUDADZISYSHRMAITSALSBUANGMURATO6S81,0.638889,0.361111,point_previews/task000185_mu000016_rho060_n0.png
0.6,16,8,license_plate_bahnschrift.ttf,BFUCAOZJ9Y5KPW0TSHL38D2NGMVRX7Q64IE1,15,11,1,0.51,12.393547,0.770893,0.778927,,1.0,0.0,point_previews/task000185_mu000016_rho060_n1.png
0.7,16,8,license_plate_bahnschrift.ttf,BFUCAOZJ9Y5KPW0TSHL38D2NGMVRX7Q64IE1,15,11,0,0.595,13.38656,0.735998,0.721147,,1.0,0.0,point_previews/task000185_mu000016_rho070_n0.png
0.7,16,8,license_plate_bahnschrift.ttf,BFUCAOZJ9Y5KPW0TSHL38D2NGMVRX7Q64IE1,15,11,1,0.595,13.38656,0.735998,0.721147,,1.0,0.0,point_previews/task000185_mu000016_rho070_n1.png
0.8,16,8,license_plate_bahnschrift.ttf,BFUCAOZJ9Y5KPW0TSHL38D2NGMVRX7Q64IE1,15,11,0,0.68,14.310835,0.701998,0.674571,REUOCADZIFY5RPWOTSHLABDANGMVREFOSAIES,0.472222,0.527778,point_previews/task000185_mu000016_rho080_n0.png
0.8,16,8,license_plate_bahnschrift.ttf,BFUCAOZJ9Y5KPW0TSHL38D2NGMVRX7Q64IE1,15,11,1,0.68,14.310835,0.701998,0.674571,BPUGAOZJYSKPWATSHLSBDZNGMYRRTO4AE,0.416667,0.583333,point_previews/task000185_mu000016_rho080_n1.png
0.9,16,8,license_plate_bahnschrift.ttf,BFUCAOZJ9Y5KPW0TSHL38D2NGMVRX7Q64IE1,15,11,0,0.765,15.178933,0.668877,0.635992,,1.0,0.0,point_previews/task000185_mu000016_rho090_n0.png
0.9,16,8,license_plate_bahnschrift.ttf,BFUCAOZJ9Y5KPW0TSHL38D2NGMVRX7Q64IE1,15,11,1,0.765,15.178933,0.668877,0.635992,BRUCKOZINSRPWOTSHLSBDINGMYRYTOSMEL,0.527778,0.472222,point_previews/task000185_mu000016_rho090_n1.png
1.0,16,8,license_plate_bahnschrift.ttf,BFUCAOZJ9Y5KPW0TSHL38D2NGMVRX7Q64IE1,15,11,0,0.85,16.0,0.63662,0.603355,BRUEAOZIVYSKPWOTSHILSROZNGMURK7O65167,0.5,0.5,point_previews/task000185_mu000016_rho100_n0.png
1.0,16,8,license_plate_bahnschrift.ttf,BFUCAOZJ9Y5KPW0TSHL38D2NGMVRX7Q64IE1,15,11,1,0.85,16.0,0.63662,0.603355,,1.0,0.0,point_previews/task000185_mu000016_rho100_n1.png
0.1,64,8,license_plate_bahnschrift.ttf,BFUCAOZJ9Y5KPW0TSHL38D2NGMVRX7Q64IE1,15,11,0,0.085,5.059644,0.959381,1.907975,SBRUCAGTISSKAWOTSHLSSNGMVRXTOSGIES,0.527778,0.472222,point_previews/task000186_mu000064_rho010_n0.png
0.1,64,8,license_plate_bahnschrift.ttf,BFUCAOZJ9Y5KPW0TSHL38D2NGMVRX7Q64IE1,15,11,1,0.085,5.059644,0.959381,1.907975,BFUCADTSTSCPWDTSHLSRAENGRRK7RRHIET,0.527778,0.472222,point_previews/task000186_mu000064_rho010_n1.png
0.2,64,8,license_plate_bahnschrift.ttf,BFUCAOZJ9Y5KPW0TSHL38D2NGMVRX7Q64IE1,15,11,0,0.17,7.155418,0.919759,1.349142,BFUCADZI97SKPWPTSHESSDANGMYRETOSAIET,0.444444,0.555556,point_previews/task000186_mu000064_rho020_n0.png
0.2,64,8,license_plate_bahnschrift.ttf,BFUCAOZJ9Y5KPW0TSHL38D2NGMVRX7Q64IE1,15,11,1,0.17,7.155418,0.919759,1.349142,,1.0,0.0,point_previews/task000186_mu000064_rho020_n1.png
0.3,64,8,license_plate_bahnschrift.ttf,BFUCAOZJ9Y5KPW0TSHL38D2NGMVRX7Q64IE1,15,11,0,0.255,8.763561,0.881116,1.10157,,1.0,0.0,point_previews/task000186_mu000064_rho030_n0.png
0.3,64,8,license_plate_bahnschrift.ttf,BFUCAOZJ9Y5KPW0TSHL38D2NGMVRX7Q64IE1,15,11,1,0.255,8.763561,0.881116,1.10157,,1.0,0.0,point_previews/task000186_mu000064_rho030_n1.png
0.4,64,8,license_plate_bahnschrift.ttf,BFUCAOZJ9Y5KPW0TSHL38D2NGMVRX7Q64IE1,15,11,0,0.34,10.119289,0.843436,0.953987,BFUCAOZISYSKPWOTSHLSSD2NGMVRXTOSMED,0.333333,0.666667,point_previews/task000186_mu000064_rho040_n0.png
0.4,64,8,license_plate_bahnschrift.ttf,BFUCAOZJ9Y5KPW0TSHL38D2NGMVRX7Q64IE1,15,11,1,0.34,10.119289,0.843436,0.953987,BFUCAOZJ9YSKPWOTSHLSBDZNGMVRXTO64IEF,0.222222,0.777778,point_previews/task000186_mu000064_rho040_n1.png
0.5,64,8,license_plate_bahnschrift.ttf,BFUCAOZJ9Y5KPW0TSHL38D2NGMVRX7Q64IE1,15,11,0,0.425,11.313708,0.8067,0.853272,BFUCADZJPYSKPWOTSHLSBD2NGMYRX7OS4IEL,0.277778,0.722222,point_previews/task000186_mu000064_rho050_n0.png
0.5,64,8,license_plate_bahnschrift.ttf,BFUCAOZJ9Y5KPW0TSHL38D2NGMVRX7Q64IE1,15,11,1,0.425,11.313708,0.8067,0.853272,BFUCAOZJ9YSKPWOTSHL38D2NGMYRX7QS64IE1,0.111111,0.888889,point_previews/task000186_mu000064_rho050_n1.png
0.6,64,8,license_plate_bahnschrift.ttf,BFUCAOZJ9Y5KPW0TSHL38D2NGMVRX7Q64IE1,15,11,0,0.51,12.393547,0.770893,0.778927,BFUCAOZJ9YSKPWOTSHL38D2NGMVRX7Q8KIEF,0.138889,0.861111,point_previews/task000186_mu000064_rho060_n0.png
0.6,64,8,license_plate_bahnschrift.ttf,BFUCAOZJ9Y5KPW0TSHL38D2NGMVRX7Q64IE1,15,11,1,0.51,12.393547,0.770893,0.778927,BFUCAOZJ9YSKPWOTSHLS802NGMVRXIQSAIE,0.222222,0.777778,point_previews/task000186_mu000064_rho060_n1.png
0.7,64,8,license_plate_bahnschrift.ttf,BFUCAOZJ9Y5KPW0TSHL38D2NGMVRX7Q64IE1,15,11,0,0.595,13.38656,0.735998,0.721147,BFUCAOZIIYSKPWOTSHL3BD2NGMVRX7QS41E1,0.194444,0.805556,point_previews/task000186_mu000064_rho070_n0.png
0.7,64,8,license_plate_bahnschrift.ttf,BFUCAOZJ9Y5KPW0TSHL38D2NGMVRX7Q64IE1,15,11,1,0.595,13.38656,0.735998,0.721147,BFUCAOZJ9YSKPWOTSHL38D2NGMYRXTO64IEI,0.166667,0.833333,point_previews/task000186_mu000064_rho070_n1.png
0.8,64,8,license_plate_bahnschrift.ttf,BFUCAOZJ9Y5KPW0TSHL38D2NGMVRX7Q64IE1,15,11,0,0.68,14.310835,0.701998,0.674571,BFUCADZJ9Y5KPWOTSHL3BD2NGMVRX7TO64IE3,0.166667,0.833333,point_previews/task000186_mu000064_rho080_n0.png
0.8,64,8,license_plate_bahnschrift.ttf,BFUCAOZJ9Y5KPW0TSHL38D2NGMVRX7Q64IE1,15,11,1,0.68,14.310835,0.701998,0.674571,BFUCAOZJ9YSKPWOTSHL38D2NGMYRX7Q641E,0.138889,0.861111,point_previews/task000186_mu000064_rho080_n1.png
0.9,64,8,license_plate_bahnschrift.ttf,BFUCAOZJ9Y5KPW0TSHL38D2NGMVRX7Q64IE1,15,11,0,0.765,15.178933,0.668877,0.635992,BFUCAOZJ9YSKPWOTSHL38D2NGMVRX7Q64IET,0.083333,0.916667,point_previews/task000186_mu000064_rho090_n0.png
0.9,64,8,license_plate_bahnschrift.ttf,BFUCAOZJ9Y5KPW0TSHL38D2NGMVRX7Q64IE1,15,11,1,0.765,15.178933,0.668877,0.635992,BFUCAOZJ9YSKPWOTSHL38D2NGMVRX7QS4IE7,0.111111,0.888889,point_previews/task000186_mu000064_rho090_n1.png
1.0,64,8,license_plate_bahnschrift.ttf,BFUCAOZJ9Y5KPW0TSHL38D2NGMVRX7Q64IE1,15,11,0,0.85,16.0,0.63662,0.603355,BFUCAOZIIYSKPWOTSHL38D2NGMYRX7QS4IE,0.194444,0.805556,point_previews/task000186_mu000064_rho100_n0.png
1.0,64,8,license_plate_bahnschrift.ttf,BFUCAOZJ9Y5KPW0TSHL38D2NGMVRX7Q64IE1,15,11,1,0.85,16.0,0.63662,0.603355,BFUCAOZJ9YSKPWOTSHL38D2NGMVRX7Q6451E1,0.111111,0.888889,point_previews/task000186_mu000064_rho100_n1.png
0.1,256,8,license_plate_bahnschrift.ttf,BFUCAOZJ9Y5KPW0TSHL38D2NGMVRX7Q64IE1,15,11,0,0.085,5.059644,0.959381,1.907975,BFUCADZISYSKPWOTSHL3S02NGMYRXTOSAIET,0.361111,0.638889,point_previews/task000187_mu000256_rho010_n0.png
0.1,256,8,license_plate_bahnschrift.ttf,BFUCAOZJ9Y5KPW0TSHL38D2NGMVRX7Q64IE1,15,11,1,0.085,5.059644,0.959381,1.907975,BFUCAOZI9YSKPWOTSHL3802NGMYRX7QS4IET,0.194444,0.805556,point_previews/task000187_mu000256_rho010_n1.png
0.2,256,8,license_plate_bahnschrift.ttf,BFUCAOZJ9Y5KPW0TSHL38D2NGMVRX7Q64IE1,15,11,0,0.17,7.155418,0.919759,1.349142,BFUCAOZJ9Y5KPWOTSHLS8D2NGMVRX7O64IE,0.111111,0.888889,point_previews/task000187_mu000256_rho020_n0.png
0.2,256,8,license_plate_bahnschrift.ttf,BFUCAOZJ9Y5KPW0TSHL38D2NGMVRX7Q64IE1,15,11,1,0.17,7.155418,0.919759,1.349142,BFUCADZJ9YSKPWOTSHL3802NGMYRX7Q641E1,0.166667,0.833333,point_previews/task000187_mu000256_rho020_n1.png
0.3,256,8,license_plate_bahnschrift.ttf,BFUCAOZJ9Y5KPW0TSHL38D2NGMVRX7Q64IE1,15,11,0,0.255,8.763561,0.881116,1.10157,BFUCAOZIFYSKPWOTSHL3SED2NGMYRX7QS4IE,0.25,0.75,point_previews/task000187_mu000256_rho030_n0.png
0.3,256,8,license_plate_bahnschrift.ttf,BFUCAOZJ9Y5KPW0TSHL38D2NGMVRX7Q64IE1,15,11,1,0.255,8.763561,0.881116,1.10157,BFUCAOZI7SKPWOTSHLSED2NGMYRX7OS4IEI,0.305556,0.694444,point_previews/task000187_mu000256_rho030_n1.png
0.4,256,8,license_plate_bahnschrift.ttf,BFUCAOZJ9Y5KPW0TSHL38D2NGMVRX7Q64IE1,15,11,0,0.34,10.119289,0.843436,0.953987,BFUCAOZJIPYSKPWOTSHLSSD2NGMYRX7QS4IE,0.25,0.75,point_previews/task000187_mu000256_rho040_n0.png
0.4,256,8,license_plate_bahnschrift.ttf,BFUCAOZJ9Y5KPW0TSHL38D2NGMVRX7Q64IE1,15,11,1,0.34,10.119289,0.843436,0.953987,BFUCAOZI9YSKPWOTSHLSSD2NGMVRXATQS4IET,0.25,0.75,point_previews/task000187_mu000256_rho040_n1.png
0.5,256,8,license_plate_bahnschrift.ttf,BFUCAOZJ9Y5KPW0TSHL38D2NGMVRX7Q64IE1,15,11,0,0.425,11.313708,0.8067,0.853272,BFUCAOZJ9YSKPWOTSHL3SD2NGMVRX7Q64IE1,0.083333,0.916667,point_previews/task000187_mu000256_rho050_n0.png
0.5,256,8,license_plate_bahnschrift.ttf,BFUCAOZJ9Y5KPW0TSHL38D2NGMVRX7Q64IE1,15,11,1,0.425,11.313708,0.8067,0.853272,BFUCAOZJ9Y5KPWOTSHL38D2NGMVRX7Q464IE1,0.055556,0.944444,point_previews/task000187_mu000256_rho050_n1.png
0.6,256,8,license_plate_bahnschrift.ttf,BFUCAOZJ9Y5KPW0TSHL38D2NGMVRX7Q64IE1,15,11,0,0.51,12.393547,0.770893,0.778927,BFUCAOZIPYSKPWOTSHLSSD2NGMYVRXATQS64IET,0.305556,0.694444,point_previews/task000187_mu000256_rho060_n0.png
0.6,256,8,license_plate_bahnschrift.ttf,BFUCAOZJ9Y5KPW0TSHL38D2NGMVRX7Q64IE1,15,11,1,0.51,12.393547,0.770893,0.778927,BFUCAOZJ9YSKPWOTSHL3BD2NGMYRX7Q64IEI,0.138889,0.861111,point_previews/task000187_mu000256_rho060_n1.png
0.7,256,8,license_plate_bahnschrift.ttf,BFUCAOZJ9Y5KPW0TSHL38D2NGMVRX7Q64IE1,15,11,0,0.595,13.38656,0.735998,0.721147,BFUCAOZJ9YSKPWOTSHL38D2NGMVRX7TQ64IET,0.111111,0.888889,point_previews/task000187_mu000256_rho070_n0.png
0.7,256,8,license_plate_bahnschrift.ttf,BFUCAOZJ9Y5KPW0TSHL38D2NGMVRX7Q64IE1,15,11,1,0.595,13.38656,0.735998,0.721147,BFUCAOZJ7Y5KPWOTSHL38D2NGMVRX7Q64IEI,0.083333,0.916667,point_previews/task000187_mu000256_rho070_n1.png
0.8,256,8,license_plate_bahnschrift.ttf,BFUCAOZJ9Y5KPW0TSHL38D2NGMVRX7Q64IE1,15,11,0,0.68,14.310835,0.701998,0.674571,BFUCAOZJI9YSKPWOTSHL38D2NGMYVRX7Q64IE1,0.111111,0.888889,point_previews/task000187_mu000256_rho080_n0.png
0.8,256,8,license_plate_bahnschrift.ttf,BFUCAOZJ9Y5KPW0TSHL38D2NGMVRX7Q64IE1,15,11,1,0.68,14.310835,0.701998,0.674571,BFUCAOZJ9YSKPWOTSHL3BD2NGMVRX7Q64IE1,0.083333,0.916667,point_previews/task000187_mu000256_rho080_n1.png
0.9,256,8,license_plate_bahnschrift.ttf,BFUCAOZJ9Y5KPW0TSHL38D2NGMVRX7Q64IE1,15,11,0,0.765,15.178933,0.668877,0.635992,BFUCAOZI9YSKPWOTSHL38D2NGMVRX7G64IEI,0.138889,0.861111,point_previews/task000187_mu000256_rho090_n0.png
0.9,256,8,license_plate_bahnschrift.ttf,BFUCAOZJ9Y5KPW0TSHL38D2NGMVRX7Q64IE1,15,11,1,0.765,15.178933,0.668877,0.635992,BFUCAOZJ9YSKPWOTSHL38D2NGMVRX7G64IE1,0.083333,0.916667,point_previews/task000187_mu000256_rho090_n1.png
1.0,256,8,license_plate_bahnschrift.ttf,BFUCAOZJ9Y5KPW0TSHL38D2NGMVRX7Q64IE1,15,11,0,0.85,16.0,0.63662,0.603355,BFUCAOZJI7YSKPWOTSHL3S8D2NGMVRX7Q64IE,0.166667,0.833333,point_previews/task000187_mu000256_rho100_n0.png
1.0,256,8,license_plate_bahnschrift.ttf,BFUCAOZJ9Y5KPW0TSHL38D2NGMVRX7Q64IE1,15,11,1,0.85,16.0,0.63662,0.603355,BFUCAOZJ9YSKPWOTSHL38D2NGMVRX7Q64IE1,0.055556,0.944444,point_previews/task000187_mu000256_rho100_n1.png
0.1,1024,8,license_plate_bahnschrift.ttf,BFUCAOZJ9Y5KPW0TSHL38D2NGMVRX7Q64IE1,15,11,0,0.085,5.059644,0.959381,1.907975,BFUCADZI9YSKPWOTSHLSED2NGMVRATFOS4IET,0.333333,0.666667,point_previews/task000188_mu001024_rho010_n0.png
0.1,1024,8,license_plate_bahnschrift.ttf,BFUCAOZJ9Y5KPW0TSHL38D2NGMVRX7Q64IE1,15,11,1,0.085,5.059644,0.959381,1.907975,BFUCADZI9YSKPWOTSHL3SED2Z2NGMYRATOS4IET,0.388889,0.611111,point_previews/task000188_mu001024_rho010_n1.png
0.2,1024,8,license_plate_bahnschrift.ttf,BFUCAOZJ9Y5KPW0TSHL38D2NGMVRX7Q64IE1,15,11,0,0.17,7.155418,0.919759,1.349142,BFUCAOZIIYSKPWOTSHLSSD2NGMYRATOQS4IET,0.333333,0.666667,point_previews/task000188_mu001024_rho020_n0.png
0.2,1024,8,license_plate_bahnschrift.ttf,BFUCAOZJ9Y5KPW0TSHL38D2NGMVRX7Q64IE1,15,11,1,0.17,7.155418,0.919759,1.349142,BFUCAOZIPYSKPWOTSHLSSD2Z2NGMYVRXA7QS4IE1,0.305556,0.694444,point_previews/task000188_mu001024_rho020_n1.png
0.3,1024,8,license_plate_bahnschrift.ttf,BFUCAOZJ9Y5KPW0TSHL38D2NGMVRX7Q64IE1,15,11,0,0.255,8.763561,0.881116,1.10157,BFUCAOZJIPYSKPWOTSHL3SED2NGMYVRX7QS4IE1,0.222222,0.777778,point_previews/task000188_mu001024_rho030_n0.png
0.3,1024,8,license_plate_bahnschrift.ttf,BFUCAOZJ9Y5KPW0TSHL38D2NGMVRX7Q64IE1,15,11,1,0.255,8.763561,0.881116,1.10157,BFUCAOZI9YSKPWOTSHLSSD2NGMVRX7QS64IE1,0.166667,0.833333,point_previews/task000188_mu001024_rho030_n1.png
0.4,1024,8,license_plate_bahnschrift.ttf,BFUCAOZJ9Y5KPW0TSHL38D2NGMVRX7Q64IE1,15,11,0,0.34,10.119289,0.843436,0.953987,BFUCAOZIPYSKPWOTSHLSSD2NGMVRX7QS64IE1,0.194444,0.805556,point_previews/task000188_mu001024_rho040_n0.png
0.4,1024,8,license_plate_bahnschrift.ttf,BFUCAOZJ9Y5KPW0TSHL38D2NGMVRX7Q64IE1,15,11,1,0.34,10.119289,0.843436,0.953987,BFUCAOZI9YSKPWOTSHLSSD2NGMVRX7QS64IE1,0.166667,0.833333,point_previews/task000188_mu001024_rho040_n1.png
0.5,1024,8,license_plate_bahnschrift.ttf,BFUCAOZJ9Y5KPW0TSHL38D2NGMVRX7Q64IE1,15,11,0,0.425,11.313708,0.8067,0.853272,BFUCAOZJPYSKPWOTSHL3S8D2NGMYVRX7QS64IE1,0.166667,0.833333,point_previews/task000188_mu001024_rho050_n0.png
0.5,1024,8,license_plate_bahnschrift.ttf,BFUCAOZJ9Y5KPW0TSHL38D2NGMVRX7Q64IE1,15,11,1,0.425,11.313708,0.8067,0.853272,BFUCAOZJ9YSKPWOTSHL3ESD2NGMYRX7QS64IE1,0.166667,0.833333,point_previews/task000188_mu001024_rho050_n1.png
0.6,1024,8,license_plate_bahnschrift.ttf,BFUCAOZJ9Y5KPW0TSHL38D2NGMVRX7Q64IE1,15,11,0,0.51,12.393547,0.770893,0.778927,BFUCAOZI9YSKPWOTSHLSSD2NGMVRX7Q64IE1,0.138889,0.861111,point_previews/task000188_mu001024_rho060_n0.png
0.6,1024,8,license_plate_bahnschrift.ttf,BFUCAOZJ9Y5KPW0TSHL38D2NGMVRX7Q64IE1,15,11,1,0.51,12.393547,0.770893,0.778927,BFUCAOZI9YSKPWOTSHLSSD2NGMVRX7Q64IE1,0.138889,0.861111,point_previews/task000188_mu001024_rho060_n1.png
0.7,1024,8,license_plate_bahnschrift.ttf,BFUCAOZJ9Y5KPW0TSHL38D2NGMVRX7Q64IE1,15,11,0,0.595,13.38656,0.735998,0.721147,BFUCAOZI9YSKPWOTSHL3SD2NGMYVRX7Q64IE1,0.138889,0.861111,point_previews/task000188_mu001024_rho070_n0.png
0.7,1024,8,license_plate_bahnschrift.ttf,BFUCAOZJ9Y5KPW0TSHL38D2NGMVRX7Q64IE1,15,11,1,0.595,13.38656,0.735998,0.721147,BFUCAOZJ9YSKPWOTSHL3S8D2NGMVRX7Q64IEI,0.111111,0.888889,point_previews/task000188_mu001024_rho070_n1.png
0.8,1024,8,license_plate_bahnschrift.ttf,BFUCAOZJ9Y5KPW0TSHL38D2NGMVRX7Q64IE1,15,11,0,0.68,14.310835,0.701998,0.674571,BFUCAOZJ9YSKPWOTSHL3S8D2NGMVRX7Q64IE1,0.083333,0.916667,point_previews/task000188_mu001024_rho080_n0.png
0.8,1024,8,license_plate_bahnschrift.ttf,BFUCAOZJ9Y5KPW0TSHL38D2NGMVRX7Q64IE1,15,11,1,0.68,14.310835,0.701998,0.674571,BFUCAOZJ9YSKPWOTSHL38D2NGMVRX7Q64IE1,0.055556,0.944444,point_previews/task000188_mu001024_rho080_n1.png
0.9,1024,8,license_plate_bahnschrift.ttf,BFUCAOZJ9Y5KPW0TSHL38D2NGMVRX7Q64IE1,15,11,0,0.765,15.178933,0.668877,0.635992,BFUCAOZJ9YSKPWOTSHL38D2NGMVRX7Q64IE1,0.055556,0.944444,point_previews/task000188_mu001024_rho090_n0.png
0.9,1024,8,license_plate_bahnschrift.ttf,BFUCAOZJ9Y5KPW0TSHL38D2NGMVRX7Q64IE1,15,11,1,0.765,15.178933,0.668877,0.635992,BFUCAOZJ9YSKPWOTSHL38D2NGMVRX7Q64IEI,0.083333,0.916667,point_previews/task000188_mu001024_rho090_n1.png
1.0,1024,8,license_plate_bahnschrift.ttf,BFUCAOZJ9Y5KPW0TSHL38D2NGMVRX7Q64IE1,15,11,0,0.85,16.0,0.63662,0.603355,BFUCAOZJ9YSKPWOTSHL38D2NGMVRX7Q64IE1,0.055556,0.944444,point_previews/task000188_mu001024_rho100_n0.png
1.0,1024,8,license_plate_bahnschrift.ttf,BFUCAOZJ9Y5KPW0TSHL38D2NGMVRX7Q64IE1,15,11,1,0.85,16.0,0.63662,0.603355,BFUCAOZJ9YSKPWOTSHL38D2NGMVRX7Q64IE1,0.055556,0.944444,point_previews/task000188_mu001024_rho100_n1.png
0.1,4096,8,license_plate_bahnschrift.ttf,BFUCAOZJ9Y5KPW0TSHL38D2NGMVRX7Q64IE1,15,11,0,0.085,5.059644,0.959381,1.907975,BFUCAOZI9SKPWOTSHLSSD2NGMYRXATOS4IET,0.333333,0.666667,point_previews/task000189_mu004096_rho010_n0.png
0.1,4096,8,license_plate_bahnschrift.ttf,BFUCAOZJ9Y5KPW0TSHL38D2NGMVRX7Q64IE1,15,11,1,0.085,5.059644,0.959381,1.907975,BFUCADZI9YSKPWOTSHLSSD2NGMYRXATOQS4IE1,0.305556,0.694444,point_previews/task000189_mu004096_rho010_n1.png
0.2,4096,8,license_plate_bahnschrift.ttf,BFUCAOZJ9Y5KPW0TSHL38D2NGMVRX7Q64IE1,15,11,0,0.17,7.155418,0.919759,1.349142,BFUCAOZI9YSKPWOTSHLSSD2NGMYVRXTQS4IET,0.25,0.75,point_previews/task000189_mu004096_rho020_n0.png
0.2,4096,8,license_plate_bahnschrift.ttf,BFUCAOZJ9Y5KPW0TSHL38D2NGMVRX7Q64IE1,15,11,1,0.17,7.155418,0.919759,1.349142,BFUCAODZIFYSKPWOTSHLSED2ZNGMYVRXA7QOS4IE1,0.333333,0.666667,point_previews/task000189_mu004096_rho020_n1.png
0.3,4096,8,license_plate_bahnschrift.ttf,BFUCAOZJ9Y5KPW0TSHL38D2NGMVRX7Q64IE1,15,11,0,0.255,8.763561,0.881116,1.10157,BFUCAOZJIPYSKPWOTSHLSSD2NGMVRX7QS4IE1,0.194444,0.805556,point_previews/task000189_mu004096_rho030_n0.png
0.3,4096,8,license_plate_bahnschrift.ttf,BFUCAOZJ9Y5KPW0TSHL38D2NGMVRX7Q64IE1,15,11,1,0.255,8.763561,0.881116,1.10157,BFUCAOZIPYSKPWOTSHLSS8D2NGMYVRX7QS4IE1,0.222222,0.777778,point_previews/task000189_mu004096_rho030_n1.png
0.4,4096,8,license_plate_bahnschrift.ttf,BFUCAOZJ9Y5KPW0TSHL38D2NGMVRX7Q64IE1,15,11,0,0.34,10.119289,0.843436,0.953987,BFUCAOZI9YSKPWOTSHLSSD2NGMVRX7QS64IE1,0.166667,0.833333,point_previews/task000189_mu004096_rho040_n0.png
0.4,4096,8,license_plate_bahnschrift.ttf,BFUCAOZJ9Y5KPW0TSHL38D2NGMVRX7Q64IE1,15,11,1,0.34,10.119289,0.843436,0.953987,BFUCAOZI9YSKPWOTSHLSSD2NGMVRX7QS64IE1,0.166667,0.833333,point_previews/task000189_mu004096_rho040_n1.png
0.5,4096,8,license_plate_bahnschrift.ttf,BFUCAOZJ9Y5KPW0TSHL38D2NGMVRX7Q64IE1,15,11,0,0.425,11.313708,0.8067,0.853272,BFUCAOZI9YSKPWOTSHL38D2NGMVRX7Q64IE1,0.083333,0.916667,point_previews/task000189_mu004096_rho050_n0.png
0.5,4096,8,license_plate_bahnschrift.ttf,BFUCAOZJ9Y5KPW0TSHL38D2NGMVRX7Q64IE1,15,11,1,0.425,11.313708,0.8067,0.853272,BFUCAOZI9YSKPWOTSHLSSD2NGMVRX7Q64IE1,0.138889,0.861111,point_previews/task000189_mu004096_rho050_n1.png
0.6,4096,8,license_plate_bahnschrift.ttf,BFUCAOZJ9Y5KPW0TSHL38D2NGMVRX7Q64IE1,15,11,0,0.51,12.393547,0.770893,0.778927,BFUCAOZI9YSKPWOTSHLSSD2NGMVRX7Q64IE1,0.138889,0.861111,point_previews/task000189_mu004096_rho060_n0.png
0.6,4096,8,license_plate_bahnschrift.ttf,BFUCAOZJ9Y5KPW0TSHL38D2NGMVRX7Q64IE1,15,11,1,0.51,12.393547,0.770893,0.778927,BFUCAOZI9YSKPWOTSHLSSD2NGMVRX7Q64IE1,0.138889,0.861111,point_previews/task000189_mu004096_rho060_n1.png
0.7,4096,8,license_plate_bahnschrift.ttf,BFUCAOZJ9Y5KPW0TSHL38D2NGMVRX7Q64IE1,15,11,0,0.595,13.38656,0.735998,0.721147,BFUCAOZJ9YSKPWOTSHL3S8D2NGMVRX7Q64IE1,0.083333,0.916667,point_previews/task000189_mu004096_rho070_n0.png
0.7,4096,8,license_plate_bahnschrift.ttf,BFUCAOZJ9Y5KPW0TSHL38D2NGMVRX7Q64IE1,15,11,1,0.595,13.38656,0.735998,0.721147,BFUCAOZJ9YSKPWOTSHL3SSD2NGMVRX7Q64IE1,0.111111,0.888889,point_previews/task000189_mu004096_rho070_n1.png
0.8,4096,8,license_plate_bahnschrift.ttf,BFUCAOZJ9Y5KPW0TSHL38D2NGMVRX7Q64IE1,15,11,0,0.68,14.310835,0.701998,0.674571,BFUCAOZIFYSKPWOTSHLSS8D2NGMVRX7Q64IE1,0.166667,0.833333,point_previews/task000189_mu004096_rho080_n0.png
0.8,4096,8,license_plate_bahnschrift.ttf,BFUCAOZJ9Y5KPW0TSHL38D2NGMVRX7Q64IE1,15,11,1,0.68,14.310835,0.701998,0.674571,BFUCAOZIFYSKPWOTSHLS8D2NGMVRX7Q64IE1,0.138889,0.861111,point_previews/task000189_mu004096_rho080_n1.png
0.9,4096,8,license_plate_bahnschrift.ttf,BFUCAOZJ9Y5KPW0TSHL38D2NGMVRX7Q64IE1,15,11,0,0.765,15.178933,0.668877,0.635992,BFUCAOZJ9YSKPWOTSHL38D2NGMVRX7Q64IEI,0.083333,0.916667,point_previews/task000189_mu004096_rho090_n0.png
0.9,4096,8,license_plate_bahnschrift.ttf,BFUCAOZJ9Y5KPW0TSHL38D2NGMVRX7Q64IE1,15,11,1,0.765,15.178933,0.668877,0.635992,BFUCAOZJ9YSKPWOTSHL38D2NGMVRX7Q64IE1,0.055556,0.944444,point_previews/task000189_mu004096_rho090_n1.png
1.0,4096,8,license_plate_bahnschrift.ttf,BFUCAOZJ9Y5KPW0TSHL38D2NGMVRX7Q64IE1,15,11,0,0.85,16.0,0.63662,0.603355,BFUCAOZJ9YSKPWOTSHL38D2NGMVRX7Q64IE1I,0.083333,0.916667,point_previews/task000189_mu004096_rho100_n0.png
1.0,4096,8,license_plate_bahnschrift.ttf,BFUCAOZJ9Y5KPW0TSHL38D2NGMVRX7Q64IE1,15,11,1,0.85,16.0,0.63662,0.603355,BFUCAOZJ9YSKPWOTSHL38D2NGMVRX7Q64IE1,0.055556,0.944444,point_previews/task000189_mu004096_rho100_n1.png
0.1,16384,8,license_plate_bahnschrift.ttf,BFUCAOZJ9Y5KPW0TSHL38D2NGMVRX7Q64IE1,15,11,0,0.085,5.059644,0.959381,1.907975,BFUCADZI9SKPWOTSHLSED2NGMYRXA7QOS4IE1,0.305556,0.694444,point_previews/task000190_mu016384_rho010_n0.png
0.1,16384,8,license_plate_bahnschrift.ttf,BFUCAOZJ9Y5KPW0TSHL38D2NGMVRX7Q64IE1,15,11,1,0.085,5.059644,0.959381,1.907975,BFUCAODZI9YSKPWOTSHLSSD2NGMYRXA7OS4IET,0.305556,0.694444,point_previews/task000190_mu016384_rho010_n1.png
0.2,16384,8,license_plate_bahnschrift.ttf,BFUCAOZJ9Y5KPW0TSHL38D2NGMVRX7Q64IE1,15,11,0,0.17,7.155418,0.919759,1.349142,BFUCAODZI9YSKPWOTSHLSED2ZNGMYVRXA7QS4IE1,0.277778,0.722222,point_previews/task000190_mu016384_rho020_n0.png
0.2,16384,8,license_plate_bahnschrift.ttf,BFUCAOZJ9Y5KPW0TSHL38D2NGMVRX7Q64IE1,15,11,1,0.17,7.155418,0.919759,1.349142,BFUCAOZIPYSKPWOTSHLSSD2NGMVRXTQS4IET,0.25,0.75,point_previews/task000190_mu016384_rho020_n1.png
0.3,16384,8,license_plate_bahnschrift.ttf,BFUCAOZJ9Y5KPW0TSHL38D2NGMVRX7Q64IE1,15,11,0,0.255,8.763561,0.881116,1.10157,BFUCAOZJIPYSKPWOTSHLSS8D2NGMVRX7QS4IE1,0.194444,0.805556,point_previews/task000190_mu016384_rho030_n0.png
0.3,16384,8,license_plate_bahnschrift.ttf,BFUCAOZJ9Y5KPW0TSHL38D2NGMVRX7Q64IE1,15,11,1,0.255,8.763561,0.881116,1.10157,BFUCAOZIPYSKPWOTSHLSS8D2NGMVRX7QS4IE1,0.194444,0.805556,point_previews/task000190_mu016384_rho030_n1.png
0.4,16384,8,license_plate_bahnschrift.ttf,BFUCAOZJ9Y5KPW0TSHL38D2NGMVRX7Q64IE1,15,11,0,0.34,10.119289,0.843436,0.953987,BFUCAOZI9YSKPWOTSHLSSD2NGMVRX7Q64IE1,0.138889,0.861111,point_previews/task000190_mu016384_rho040_n0.png
0.4,16384,8,license_plate_bahnschrift.ttf,BFUCAOZJ9Y5KPW0TSHL38D2NGMVRX7Q64IE1,15,11,1,0.34,10.119289,0.843436,0.953987,BFUCAOZI9YSKPWOTSHLSSD2NGMVRX7QS64IE1,0.166667,0.833333,point_previews/task000190_mu016384_rho040_n1.png
0.5,16384,8,license_plate_bahnschrift.ttf,BFUCAOZJ9Y5KPW0TSHL38D2NGMVRX7Q64IE1,15,11,0,0.425,11.313708,0.8067,0.853272,BFUCAOZJIPYSKPWOTSHL38D2NGMVRX7Q64IE1,0.111111,0.888889,point_previews/task000190_mu016384_rho050_n0.png
0.5,16384,8,license_plate_bahnschrift.ttf,BFUCAOZJ9Y5KPW0TSHL38D2NGMVRX7Q64IE1,15,11,1,0.425,11.313708,0.8067,0.853272,BFUCAOZI9YSKPWOTSHLSSD2NGMVRX7QS64IET,0.194444,0.805556,point_previews/task000190_mu016384_rho050_n1.png
0.6,16384,8,license_plate_bahnschrift.ttf,BFUCAOZJ9Y5KPW0TSHL38D2NGMVRX7Q64IE1,15,11,0,0.51,12.393547,0.770893,0.778927,BFUCAOZI9YSKPWOTSHLSSD2NGMVRX7Q64IE1,0.138889,0.861111,point_previews/task000190_mu016384_rho060_n0.png
0.6,16384,8,license_plate_bahnschrift.ttf,BFUCAOZJ9Y5KPW0TSHL38D2NGMVRX7Q64IE1,15,11,1,0.51,12.393547,0.770893,0.778927,BFUCAOZI9YSKPWOTSHLSSD2NGMVRX7Q64IE1,0.138889,0.861111,point_previews/task000190_mu016384_rho060_n1.png
0.7,16384,8,license_plate_bahnschrift.ttf,BFUCAOZJ9Y5KPW0TSHL38D2NGMVRX7Q64IE1,15,11,0,0.595,13.38656,0.735998,0.721147,BFUCAOZJ9YSKPWOTSHL3SS8D2NGMVRX7Q64IE1,0.111111,0.888889,point_previews/task000190_mu016384_rho070_n0.png
0.7,16384,8,license_plate_bahnschrift.ttf,BFUCAOZJ9Y5KPW0TSHL38D2NGMVRX7Q64IE1,15,11,1,0.595,13.38656,0.735998,0.721147,BFUCAOZJI9YSKPWOTSHL3S8D2NGMVRX7Q64IE1,0.111111,0.888889,point_previews/task000190_mu016384_rho070_n1.png
0.8,16384,8,license_plate_bahnschrift.ttf,BFUCAOZJ9Y5KPW0TSHL38D2NGMVRX7Q64IE1,15,11,0,0.68,14.310835,0.701998,0.674571,BFUCAOZJ9YSKPWOTSHL38D2NGMVRX7Q64IE1,0.055556,0.944444,point_previews/task000190_mu016384_rho080_n0.png
0.8,16384,8,license_plate_bahnschrift.ttf,BFUCAOZJ9Y5KPW0TSHL38D2NGMVRX7Q64IE1,15,11,1,0.68,14.310835,0.701998,0.674571,BFUCAOZIPYSKPWOTSHLSS8D2NGMVRX7Q64IE1,0.166667,0.833333,point_previews/task000190_mu016384_rho080_n1.png
0.9,16384,8,license_plate_bahnschrift.ttf,BFUCAOZJ9Y5KPW0TSHL38D2NGMVRX7Q64IE1,15,11,0,0.765,15.178933,0.668877,0.635992,BFUCAOZJ9YSKPWOTSHL38D2NGMVRX7Q64IE1,0.055556,0.944444,point_previews/task000190_mu016384_rho090_n0.png
0.9,16384,8,license_plate_bahnschrift.ttf,BFUCAOZJ9Y5KPW0TSHL38D2NGMVRX7Q64IE1,15,11,1,0.765,15.178933,0.668877,0.635992,BFUCAOZJ9YSKPWOTSHL3S8D2NGMVRX7Q64IEI,0.111111,0.888889,point_previews/task000190_mu016384_rho090_n1.png
1.0,16384,8,license_plate_bahnschrift.ttf,BFUCAOZJ9Y5KPW0TSHL38D2NGMVRX7Q64IE1,15,11,0,0.85,16.0,0.63662,0.603355,BFUCAOZJ9YSKPWOTSHL38D2NGMVRX7Q64IE1,0.055556,0.944444,point_previews/task000190_mu016384_rho100_n0.png
1.0,16384,8,license_plate_bahnschrift.ttf,BFUCAOZJ9Y5KPW0TSHL38D2NGMVRX7Q64IE1,15,11,1,0.85,16.0,0.63662,0.603355,BFUCAOZJ9YSKPWOTSHL38D2NGMVRX7Q64IE1,0.055556,0.944444,point_previews/task000190_mu016384_rho100_n1.png
0.1,65536,8,license_plate_bahnschrift.ttf,BFUCAOZJ9Y5KPW0TSHL38D2NGMVRX7Q64IE1,15,11,0,0.085,5.059644,0.959381,1.907975,BFUCADZI9YSKPWOTSHLSED2NGMYRX7QS4IE1,0.222222,0.777778,point_previews/task000191_mu065536_rho010_n0.png
0.1,65536,8,license_plate_bahnschrift.ttf,BFUCAOZJ9Y5KPW0TSHL38D2NGMVRX7Q64IE1,15,11,1,0.085,5.059644,0.959381,1.907975,BFUCADZI9YSKPWOTSHLSED2NGMYRX7QS4IE1,0.222222,0.777778,point_previews/task000191_mu065536_rho010_n1.png
0.2,65536,8,license_plate_bahnschrift.ttf,BFUCAOZJ9Y5KPW0TSHL38D2NGMVRX7Q64IE1,15,11,0,0.17,7.155418,0.919759,1.349142,BFUCAODZI9YSKPWOTSHLSED2NGMYVRXA7QS4IE1,0.25,0.75,point_previews/task000191_mu065536_rho020_n0.png
0.2,65536,8,license_plate_bahnschrift.ttf,BFUCAOZJ9Y5KPW0TSHL38D2NGMVRX7Q64IE1,15,11,1,0.17,7.155418,0.919759,1.349142,BFUCAOZIPYSKPWOTSHLSSD2NGMYVRXATQS4IEI,0.305556,0.694444,point_previews/task000191_mu065536_rho020_n1.png
0.3,65536,8,license_plate_bahnschrift.ttf,BFUCAOZJ9Y5KPW0TSHL38D2NGMVRX7Q64IE1,15,11,0,0.255,8.763561,0.881116,1.10157,BFUCAOZIPYSKPWOTSHLSS8D2NGMVRX7QS4IE1,0.194444,0.805556,point_previews/task000191_mu065536_rho030_n0.png
0.3,65536,8,license_plate_bahnschrift.ttf,BFUCAOZJ9Y5KPW0TSHL38D2NGMVRX7Q64IE1,15,11,1,0.255,8.763561,0.881116,1.10157,BFUCAOZI9YSKPWOTSHLSS8D2NGMVRX7QS4IE1,0.166667,0.833333,point_previews/task000191_mu065536_rho030_n1.png
0.4,65536,8,license_plate_bahnschrift.ttf,BFUCAOZJ9Y5KPW0TSHL38D2NGMVRX7Q64IE1,15,11,0,0.34,10.119289,0.843436,0.953987,BFUCAOZI9YSKPWOTSHLSSD2NGMVRX7Q64IE1,0.138889,0.861111,point_previews/task000191_mu065536_rho040_n0.png
0.4,65536,8,license_plate_bahnschrift.ttf,BFUCAOZJ9Y5KPW0TSHL38D2NGMVRX7Q64IE1,15,11,1,0.34,10.119289,0.843436,0.953987,BFUCAOZI9YSKPWOTSHLSSD2NGMVRX7Q64IE1,0.138889,0.861111,point_previews/task000191_mu065536_rho040_n1.png
0.5,65536,8,license_plate_bahnschrift.ttf,BFUCAOZJ9Y5KPW0TSHL38D2NGMVRX7Q64IE1,15,11,0,0.425,11.313708,0.8067,0.853272,BFUCAOZI9YSKPWOTSHLSSD2NGMVRX7Q64IE1,0.138889,0.861111,point_previews/task000191_mu065536_rho050_n0.png
0.5,65536,8,license_plate_bahnschrift.ttf,BFUCAOZJ9Y5KPW0TSHL38D2NGMVRX7Q64IE1,15,11,1,0.425,11.313708,0.8067,0.853272,BFUCAOZI9YSKPWOTSHLSSD2NGMVRX7Q64IE1,0.138889,0.861111,point_previews/task000191_mu065536_rho050_n1.png
0.6,65536,8,license_plate_bahnschrift.ttf,BFUCAOZJ9Y5KPW0TSHL38D2NGMVRX7Q64IE1,15,11,0,0.51,12.393547,0.770893,0.778927,BFUCAOZJI9YSKPWOTSHLSSD2NGMVRX7Q64IE1,0.138889,0.861111,point_previews/task000191_mu065536_rho060_n0.png
0.6,65536,8,license_plate_bahnschrift.ttf,BFUCAOZJ9Y5KPW0TSHL38D2NGMVRX7Q64IE1,15,11,1,0.51,12.393547,0.770893,0.778927,BFUCAOZI9YSKPWOTSHLSSD2NGMVRX7Q64IE1,0.138889,0.861111,point_previews/task000191_mu065536_rho060_n1.png
0.7,65536,8,license_plate_bahnschrift.ttf,BFUCAOZJ9Y5KPW0TSHL38D2NGMVRX7Q64IE1,15,11,0,0.595,13.38656,0.735998,0.721147,BFUCAOZJ9YSKPWOTSHL3SS8D2NGMVRX7Q64IE1,0.111111,0.888889,point_previews/task000191_mu065536_rho070_n0.png
0.7,65536,8,license_plate_bahnschrift.ttf,BFUCAOZJ9Y5KPW0TSHL38D2NGMVRX7Q64IE1,15,11,1,0.595,13.38656,0.735998,0.721147,BFUCAOZJ9YSKPWOTSHL3SS8D2NGMVRX7Q64IE1,0.111111,0.888889,point_previews/task000191_mu065536_rho070_n1.png
0.8,65536,8,license_plate_bahnschrift.ttf,BFUCAOZJ9Y5KPW0TSHL38D2NGMVRX7Q64IE1,15,11,0,0.68,14.310835,0.701998,0.674571,BFUCAOZI9YSKPWOTSHLS8D2NGMVRX7Q64IE1,0.111111,0.888889,point_previews/task000191_mu065536_rho080_n0.png
0.8,65536,8,license_plate_bahnschrift.ttf,BFUCAOZJ9Y5KPW0TSHL38D2NGMVRX7Q64IE1,15,11,1,0.68,14.310835,0.701998,0.674571,BFUCAOZI9YSKPWOTSHLSS8D2NGMVRX7Q64IE1,0.138889,0.861111,point_previews/task000191_mu065536_rho080_n1.png
0.9,65536,8,license_plate_bahnschrift.ttf,BFUCAOZJ9Y5KPW0TSHL38D2NGMVRX7Q64IE1,15,11,0,0.765,15.178933,0.668877,0.635992,BFUCAOZJ9YSKPWOTSHL38D2NGMVRX7Q64IE1,0.055556,0.944444,point_previews/task000191_mu065536_rho090_n0.png
0.9,65536,8,license_plate_bahnschrift.ttf,BFUCAOZJ9Y5KPW0TSHL38D2NGMVRX7Q64IE1,15,11,1,0.765,15.178933,0.668877,0.635992,BFUCAOZJ9YSKPWOTSHL38D2NGMVRX7Q64IE1,0.055556,0.944444,point_previews/task000191_mu065536_rho090_n1.png
1.0,65536,8,license_plate_bahnschrift.ttf,BFUCAOZJ9Y5KPW0TSHL38D2NGMVRX7Q64IE1,15,11,0,0.85,16.0,0.63662,0.603355,BFUCAOZJ9YSKPWOTSHL38D2NGMVRX7Q64IE1,0.055556,0.944444,point_previews/task000191_mu065536_rho100_n0.png
1.0,65536,8,license_plate_bahnschrift.ttf,BFUCAOZJ9Y5KPW0TSHL38D2NGMVRX7Q64IE1,15,11,1,0.85,16.0,0.63662,0.603355,BFUCAOZJ9YSKPWOTSHL38D2NGMVRX7Q64IEI,0.083333,0.916667,point_previews/task000191_mu065536_rho100_n1.png
0.1,4,8,license_plate_bahnschrift.ttf,BFUCAOZJ9Y5KPW0TSHL38D2NGMVRX7Q64IE1,15,15,0,0.085,5.059644,0.959381,1.907975,SRESAPEEMARNRCEETS,0.888889,0.111111,point_previews/task000192_mu000004_rho010_n0.png
0.1,4,8,license_plate_bahnschrift.ttf,BFUCAOZJ9Y5KPW0TSHL38D2NGMVRX7Q64IE1,15,15,1,0.085,5.059644,0.959381,1.907975,PURACRRLLNSETHRES,0.833333,0.166667,point_previews/task000192_mu000004_rho010_n1.png
0.2,4,8,license_plate_bahnschrift.ttf,BFUCAOZJ9Y5KPW0TSHL38D2NGMVRX7Q64IE1,15,15,0,0.17,7.155418,0.919759,1.349142,SMTRSRRCLSMRELECO,0.916667,0.083333,point_previews/task000192_mu000004_rho020_n0.png
0.2,4,8,license_plate_bahnschrift.ttf,BFUCAOZJ9Y5KPW0TSHL38D2NGMVRX7Q64IE1,15,15,1,0.17,7.155418,0.919759,1.349142,DRSRALLTEMITADRSLSPTEESE,0.888889,0.111111,point_previews/task000192_mu000004_rho020_n1.png
0.3,4,8,license_plate_bahnschrift.ttf,BFUCAOZJ9Y5KPW0TSHL38D2NGMVRX7Q64IE1,15,15,0,0.255,8.763561,0.881116,1.10157,,1.0,0.0,point_previews/task000192_mu000004_rho030_n0.png
0.3,4,8,license_plate_bahnschrift.ttf,BFUCAOZJ9Y5KPW0TSHL38D2NGMVRX7Q64IE1,15,15,1,0.255,8.763561,0.881116,1.10157,ESSSTATDTFCSWMIECTCAMALE,0.916667,0.083333,point_previews/task000192_mu000004_rho030_n1.png
0.4,4,8,license_plate_bahnschrift.ttf,BFUCAOZJ9Y5KPW0TSHL38D2NGMVRX7Q64IE1,15,15,0,0.34,10.119289,0.843436,0.953987,OBSUNSDSLMAEDRWO,0.888889,0.111111,point_previews/task000192_mu000004_rho040_n0.png
0.4,4,8,license_plate_bahnschrift.ttf,BFUCAOZJ9Y5KPW0TSHL38D2NGMVRX7Q64IE1,15,15,1,0.34,10.119289,0.843436,0.953987,LIONHNMRAROSCAO,0.861111,0.138889,point_previews/task000192_mu000004_rho040_n1.png
0.5,4,8,license_plate_bahnschrift.ttf,BFUCAOZJ9Y5KPW0TSHL38D2NGMVRX7Q64IE1,15,15,0,0.425,11.313708,0.8067,0.853272,SACERPASCAY8S,0.888889,0.111111,point_previews/task000192_mu000004_rho050_n0.png
0.5,4,8,license_plate_bahnschrift.ttf,BFUCAOZJ9Y5KPW0TSHL38D2NGMVRX7Q64IE1,15,15,1,0.425,11.313708,0.8067,0.853272,BPMRTS,0.888889,0.111111,point_previews/task000192_mu000004_rho050_n1.png
0.6,4,8,license_plate_bahnschrift.ttf,BFUCAOZJ9Y5KPW0TSHL38D2NGMVRX7Q64IE1,15,15,0,0.51,12.393547,0.770893,0.778927,,1.0,0.0,point_previews/task000192_mu000004_rho060_n0.png
0.6,4,8,license_plate_bahnschrift.ttf,BFUCAOZJ9Y5KPW0TSHL38D2NGMVRX7Q64IE1,15,15,1,0.51,12.393547,0.770893,0.778927,SEENG,0.916667,0.083333,point_previews/task000192_mu000004_rho060_n1.png
0.7,4,8,license_plate_bahnschrift.ttf,BFUCAOZJ9Y5KPW0TSHL38D2NGMVRX7Q64IE1,15,15,0,0.595,13.38656,0.735998,0.721147,ZAELTCRFASWEPATSETERL,0.888889,0.111111,point_previews/task000192_mu000004_rho070_n0.png
0.7,4,8,license_plate_bahnschrift.ttf,BFUCAOZJ9Y5KPW0TSHL38D2NGMVRX7Q64IE1,15,15,1,0.595,13.38656,0.735998,0.721147,CHNTSSBROMNHETNINS,0.861111,0.138889,point_previews/task000192_mu000004_rho070_n1.png
0.8,4,8,license_plate_bahnschrift.ttf,BFUCAOZJ9Y5KPW0TSHL38D2NGMVRX7Q64IE1,15,15,0,0.68,14.310835,0.701998,0.674571,BPURROORTMLADMSPR,0.805556,0.194444,point_previews/task000192_mu000004_rho080_n0.png
0.8,4,8,license_plate_bahnschrift.ttf,BFUCAOZJ9Y5KPW0TSHL38D2NGMVRX7Q64IE1,15,15,1,0.68,14.310835,0.701998,0.674571,DBIUEROETA,0.916667,0.083333,point_previews/task000192_mu000004_rho080_n1.png
0.9,4,8,license_plate_bahnschrift.ttf,BFUCAOZJ9Y5KPW0TSHL38D2NGMVRX7Q64IE1,15,15,0,0.765,15.178933,0.668877,0.635992,,1.0,0.0,point_previews/task000192_mu000004_rho090_n0.png
0.9,4,8,license_plate_bahnschrift.ttf,BFUCAOZJ9Y5KPW0TSHL38D2NGMVRX7Q64IE1,15,15,1,0.765,15.178933,0.668877,0.635992,TBUGS7S78KOSUATSRSTA,0.888889,0.111111,point_previews/task000192_mu000004_rho090_n1.png
1.0,4,8,license_plate_bahnschrift.ttf,BFUCAOZJ9Y5KPW0TSHL38D2NGMVRX7Q64IE1,15,15,0,0.85,16.0,0.63662,0.603355,FFRRSNSCACOSISCRLG,0.916667,0.083333,point_previews/task000192_mu000004_rho100_n0.png
1.0,4,8,license_plate_bahnschrift.ttf,BFUCAOZJ9Y5KPW0TSHL38D2NGMVRX7Q64IE1,15,15,1,0.85,16.0,0.63662,0.603355,RRLRATSISSRETEISPROHEERPS,0.888889,0.111111,point_previews/task000192_mu000004_rho100_n1.png
0.1,16,8,license_plate_bahnschrift.ttf,BFUCAOZJ9Y5KPW0TSHL38D2NGMVRX7Q64IE1,15,15,0,0.085,5.059644,0.959381,1.907975,ZUYRSRPPGWMAI,0.861111,0.138889,point_previews/task000193_mu000016_rho010_n0.png
0.1,16,8,license_plate_bahnschrift.ttf,BFUCAOZJ9Y5KPW0TSHL38D2NGMVRX7Q64IE1,15,15,1,0.085,5.059644,0.959381,1.907975,BOONGAMRPTNCES,0.833333,0.166667,point_previews/task000193_mu000016_rho010_n1.png
0.2,16,8,license_plate_bahnschrift.ttf,BFUCAOZJ9Y5KPW0TSHL38D2NGMVRX7Q64IE1,15,15,0,0.17,7.155418,0.919759,1.349142,,1.0,0.0,point_previews/task000193_mu000016_rho020_n0.png
0.2,16,8,license_plate_bahnschrift.ttf,BFUCAOZJ9Y5KPW0TSHL38D2NGMVRX7Q64IE1,15,15,1,0.17,7.155418,0.919759,1.349142,BEUDESTOSSRNTESEBOSRURR,0.888889,0.111111,point_previews/task000193_mu000016_rho020_n1.png
0.3,16,8,license_plate_bahnschrift.ttf,BFUCAOZJ9Y5KPW0TSHL38D2NGMVRX7Q64IE1,15,15,0,0.255,8.763561,0.881116,1.10157,ENGEDLA9YSUSWTOSHEELOMVUROAE,0.777778,0.222222,point_previews/task000193_mu000016_rho030_n0.png
0.3,16,8,license_plate_bahnschrift.ttf,BFUCAOZJ9Y5KPW0TSHL38D2NGMVRX7Q64IE1,15,15,1,0.255,8.763561,0.881116,1.10157,BPUEESRTSAEWSTSHESEDONGIA,0.722222,0.277778,point_previews/task000193_mu000016_rho030_n1.png
0.4,16,8,license_plate_bahnschrift.ttf,BFUCAOZJ9Y5KPW0TSHL38D2NGMVRX7Q64IE1,15,15,0,0.34,10.119289,0.843436,0.953987,LEPBEADZIGYSRRWOTSHLESSUINGMYRE,0.694444,0.305556,point_previews/task000193_mu000016_rho040_n0.png
0.4,16,8,license_plate_bahnschrift.ttf,BFUCAOZJ9Y5KPW0TSHL38D2NGMVRX7Q64IE1,15,15,1,0.34,10.119289,0.843436,0.953987,BEBERORWISARMOSULSIDPMOMURRFOSES,0.777778,0.222222,point_previews/task000193_mu000016_rho040_n1.png
0.5,16,8,license_plate_bahnschrift.ttf,BFUCAOZJ9Y5KPW0TSHL38D2NGMVRX7Q64IE1,15,15,0,0.425,11.313708,0.8067,0.853272,BEDEANZSPVSREWOTSHESBD2MBRYRATAAMES,0.694444,0.305556,point_previews/task000193_mu000016_rho050_n0.png
0.5,16,8,license_plate_bahnschrift.ttf,BFUCAOZJ9Y5KPW0TSHL38D2NGMVRX7Q64IE1,15,15,1,0.425,11.313708,0.8067,0.853272,CBEUCAOTIFYSKANDTARLZRDBNGIARRSIES,0.611111,0.388889,point_previews/task000193_mu000016_rho050_n1.png
0.6,16,8,license_plate_bahnschrift.ttf,BFUCAOZJ9Y5KPW0TSHL38D2NGMVRX7Q64IE1,15,15,0,0.51,12.393547,0.770893,0.778927,,1.0,0.0,point_previews/task000193_mu000016_rho060_n0.png
0.6,16,8,license_plate_bahnschrift.ttf,BFUCAOZJ9Y5KPW0TSHL38D2NGMVRX7Q64IE1,15,15,1,0.51,12.393547,0.770893,0.778927,BEUCKOZFYSXPWOTSHLISUZNGMURYTOAMET,0.527778,0.472222,point_previews/task000193_mu000016_rho060_n1.png
0.7,16,8,license_plate_bahnschrift.ttf,BFUCAOZJ9Y5KPW0TSHL38D2NGMVRX7Q64IE1,15,15,0,0.595,13.38656,0.735998,0.721147,,1.0,0.0,point_previews/task000193_mu000016_rho070_n0.png
0.7,16,8,license_plate_bahnschrift.ttf,BFUCAOZJ9Y5KPW0TSHL38D2NGMVRX7Q64IE1,15,15,1,0.595,13.38656,0.735998,0.721147,,1.0,0.0,point_previews/task000193_mu000016_rho070_n1.png
0.8,16,8,license_plate_bahnschrift.ttf,BFUCAOZJ9Y5KPW0TSHL38D2NGMVRX7Q64IE1,15,15,0,0.68,14.310835,0.701998,0.674571,BRUCAOZIONSKPWOTSHUSBDINGMVRKTO4REL,0.444444,0.555556,point_previews/task000193_mu000016_rho080_n0.png
0.8,16,8,license_plate_bahnschrift.ttf,BFUCAOZJ9Y5KPW0TSHL38D2NGMVRX7Q64IE1,15,15,1,0.68,14.310835,0.701998,0.674571,,1.0,0.0,point_previews/task000193_mu000016_rho080_n1.png
0.9,16,8,license_plate_bahnschrift.ttf,BFUCAOZJ9Y5KPW0TSHL38D2NGMVRX7Q64IE1,15,15,0,0.765,15.178933,0.668877,0.635992,BFUGAOZIIVSARWOTSHLSRBOZNOMVRETASGIET,0.555556,0.444444,point_previews/task000193_mu000016_rho090_n0.png
0.9,16,8,license_plate_bahnschrift.ttf,BFUCAOZJ9Y5KPW0TSHL38D2NGMVRX7Q64IE1,15,15,1,0.765,15.178933,0.668877,0.635992,,1.0,0.0,point_previews/task000193_mu000016_rho090_n1.png
1.0,16,8,license_plate_bahnschrift.ttf,BFUCAOZJ9Y5KPW0TSHL38D2NGMVRX7Q64IE1,15,15,0,0.85,16.0,0.63662,0.603355,BRUCADZSOYSKPWOTSHLSBD2NGMVRKTO6SIE,0.361111,0.638889,point_previews/task000193_mu000016_rho100_n0.png
1.0,16,8,license_plate_bahnschrift.ttf,BFUCAOZJ9Y5KPW0TSHL38D2NGMVRX7Q64IE1,15,15,1,0.85,16.0,0.63662,0.603355,BFUGAOZIVPSKPWOTSHL38D2NGMYRETOSAIE,0.361111,0.638889,point_previews/task000193_mu000016_rho100_n1.png
0.1,64,8,license_plate_bahnschrift.ttf,BFUCAOZJ9Y5KPW0TSHL38D2NGMVRX7Q64IE1,15,15,0,0.085,5.059644,0.959381,1.907975,SBRURAOZIT7SPWDISHES802NOMYR7DET,0.583333,0.416667,point_previews/task000194_mu000064_rho010_n0.png
0.1,64,8,license_plate_bahnschrift.ttf,BFUCAOZJ9Y5KPW0TSHL38D2NGMVRX7Q64IE1,15,15,1,0.085,5.059644,0.959381,1.907975,SRROCAD238YSKEWOTSHUSERENGRURKTOSAET,0.694444,0.305556,point_previews/task000194_mu000064_rho010_n1.png
0.2,64,8,license_plate_bahnschrift.ttf,BFUCAOZJ9Y5KPW0TSHL38D2NGMVRX7Q64IE1,15,15,0,0.17,7.155418,0.919759,1.349142,BFUCAOZIFVSRENOTSHLSEDZNGMVRITHSAIER,0.472222,0.527778,point_previews/task000194_mu000064_rho020_n0.png
0.2,64,8,license_plate_bahnschrift.ttf,BFUCAOZJ9Y5KPW0TSHL38D2NGMVRX7Q64IE1,15,15,1,0.17,7.155418,0.919759,1.349142,,1.0,0.0,point_previews/task000194_mu000064_rho020_n1.png
0.3,64,8,license_plate_bahnschrift.ttf,BFUCAOZJ9Y5KPW0TSHL38D2NGMVRX7Q64IE1,15,15,0,0.255,8.763561,0.881116,1.10157,BFUCADZ3975KPWOTSHLSSDZNGMVRKTOSAIEL,0.361111,0.638889,point_previews/task000194_mu000064_rho030_n0.png
0.3,64,8,license_plate_bahnschrift.ttf,BFUCAOZJ9Y5KPW0TSHL38D2NGMVRX7Q64IE1,15,15,1,0.255,8.763561,0.881116,1.10157,BFUCAOZIJ9VSKPWOTSHLSBDINGMYRX7O6A5ET,0.333333,0.666667,point_previews/task000194_mu000064_rho030_n1.png
0.4,64,8,license_plate_bahnschrift.ttf,BFUCAOZJ9Y5KPW0TSHL38D2NGMVRX7Q64IE1,15,15,0,0.34,10.119289,0.843436,0.953987,BFUCAOZIFYSKPWOTSHLSSDZNGMVRXTOS4IE,0.305556,0.694444,point_previews/task000194_mu000064_rho040_n0.png
0.4,64,8,license_plate_bahnschrift.ttf,BFUCAOZJ9Y5KPW0TSHL38D2NGMVRX7Q64IE1,15,15,1,0.34,10.119289,0.843436,0.953987,BFUCAOZI9SKPWOTSHL3SD2NGMVRX7Q64IE1,0.138889,0.861111,point_previews/task000194_mu000064_rho040_n1.png
0.5,64,8,license_plate_bahnschrift.ttf,BFUCAOZJ9Y5KPW0TSHL38D2NGMVRX7Q64IE1,15,15,0,0.425,11.313708,0.8067,0.853272,BFUCADZJ9YSKPWOTSHL3BDZNGMVRX7Q641E,0.194444,0.805556,point_previews/task000194_mu000064_rho050_n0.png
0.5,64,8,license_plate_bahnschrift.ttf,BFUCAOZJ9Y5KPW0TSHL38D2NGMVRX7Q64IE1,15,15,1,0.425,11.313708,0.8067,0.853272,BFUCAOZI97SKPWOTSHL3BD2NGMVRXTOSAIET,0.277778,0.722222,point_previews/task000194_mu000064_rho050_n1.png
0.6,64,8,license_plate_bahnschrift.ttf,BFUCAOZJ9Y5KPW0TSHL38D2NGMVRX7Q64IE1,15,15,0,0.51,12.393547,0.770893,0.778927,BFUCAOZJ9VSKPWOTSHLS8D2NGMVRX7OQ6GIE1,0.166667,0.833333,point_previews/task000194_mu000064_rho060_n0.png
0.6,64,8,license_plate_bahnschrift.ttf,BFUCAOZJ9Y5KPW0TSHL38D2NGMVRX7Q64IE1,15,15,1,0.51,12.393547,0.770893,0.778927,BFUCAOZIJSYSKPWOTSHL3BD2NGMVRX7Q64IE1,0.138889,0.861111,point_previews/task000194_mu000064_rho060_n1.png
0.7,64,8,license_plate_bahnschrift.ttf,BFUCAOZJ9Y5KPW0TSHL38D2NGMVRX7Q64IE1,15,15,0,0.595,13.38656,0.735998,0.721147,BFUCAOZJ9YSKPWOTSHL38D2NGMVRX7TOS4IEI,0.166667,0.833333,point_previews/task000194_mu000064_rho070_n0.png
0.7,64,8,license_plate_bahnschrift.ttf,BFUCAOZJ9Y5KPW0TSHL38D2NGMVRX7Q64IE1,15,15,1,0.595,13.38656,0.735998,0.721147,BFUCAOZJ9YSKPWOTSHL38D2NGMVRX7Q641E1,0.083333,0.916667,point_previews/task000194_mu000064_rho070_n1.png
0.8,64,8,license_plate_bahnschrift.ttf,BFUCAOZJ9Y5KPW0TSHL38D2NGMVRX7Q64IE1,15,15,0,0.68,14.310835,0.701998,0.674571,BFUCAOZJ9YSKPWOTSHL38D2NGMVRX7QS4I63,0.138889,0.861111,point_previews/task000194_mu000064_rho080_n0.png
0.8,64,8,license_plate_bahnschrift.ttf,BFUCAOZJ9Y5KPW0TSHL38D2NGMVRX7Q64IE1,15,15,1,0.68,14.310835,0.701998,0.674571,BFUCAOZJ9YSKPWOTSHL38D2NGMVRX7Q64IE1,0.055556,0.944444,point_previews/task000194_mu000064_rho080_n1.png
0.9,64,8,license_plate_bahnschrift.ttf,BFUCAOZJ9Y5KPW0TSHL38D2NGMVRX7Q64IE1,15,15,0,0.765,15.178933,0.668877,0.635992,BFUCAOZJ9Y5KPWOTSHL38D2NGMVRX7TOS4IET,0.138889,0.861111,point_previews/task000194_mu000064_rho090_n0.png
0.9,64,8,license_plate_bahnschrift.ttf,BFUCAOZJ9Y5KPW0TSHL38D2NGMVRX7Q64IE1,15,15,1,0.765,15.178933,0.668877,0.635992,BFUCAOZJ9YSKPWOTSHL38D2NGMVRX7Q641E1,0.083333,0.916667,point_previews/task000194_mu000064_rho090_n1.png
1.0,64,8,license_plate_bahnschrift.ttf,BFUCAOZJ9Y5KPW0TSHL38D2NGMVRX7Q64IE1,15,15,0,0.85,16.0,0.63662,0.603355,BFUCAOZJ9YSKPWOTSHL38D2NGMVRX7O64IE,0.111111,0.888889,point_previews/task000194_mu000064_rho100_n0.png
1.0,64,8,license_plate_bahnschrift.ttf,BFUCAOZJ9Y5KPW0TSHL38D2NGMVRX7Q64IE1,15,15,1,0.85,16.0,0.63662,0.603355,BFUCAOZJ9YSKPWOTSHL38D2NGMVRX7OS4IEI,0.138889,0.861111,point_previews/task000194_mu000064_rho100_n1.png
0.1,256,8,license_plate_bahnschrift.ttf,BFUCAOZJ9Y5KPW0TSHL38D2NGMVRX7Q64IE1,15,15,0,0.085,5.059644,0.959381,1.907975,BFULADZJOYSKPWOTSHLS8D2NGMYRX7OS54IE1,0.277778,0.722222,point_previews/task000195_mu000256_rho010_n0.png
0.1,256,8,license_plate_bahnschrift.ttf,BFUCAOZJ9Y5KPW0TSHL38D2NGMVRX7Q64IE1,15,15,1,0.085,5.059644,0.959381,1.907975,BFUCADZJ9YSKPWOTSHL3BD2NGMVRX7O64IE,0.166667,0.833333,point_previews/task000195_mu000256_rho010_n1.png
0.2,256,8,license_plate_bahnschrift.ttf,BFUCAOZJ9Y5KPW0TSHL38D2NGMVRX7Q64IE1,15,15,0,0.17,7.155418,0.919759,1.349142,BFUCAOZJ9YSKPWOTSHL38D2NGMVRX7Q641E1,0.083333,0.916667,point_previews/task000195_mu000256_rho020_n0.png
0.2,256,8,license_plate_bahnschrift.ttf,BFUCAOZJ9Y5KPW0TSHL38D2NGMVRX7Q64IE1,15,15,1,0.17,7.155418,0.919759,1.349142,BFUCAOZJ9YSKPWOTSHL3BD2NGMYRX7064IE1,0.138889,0.861111,point_previews/task000195_mu000256_rho020_n1.png
0.3,256,8,license_plate_bahnschrift.ttf,BFUCAOZJ9Y5KPW0TSHL38D2NGMVRX7Q64IE1,15,15,0,0.255,8.763561,0.881116,1.10157,BFUCAOZJ9YSKPWOTSHL38D2NGMVRX7Q64IE1,0.055556,0.944444,point_previews/task000195_mu000256_rho030_n0.png
0.3,256,8,license_plate_bahnschrift.ttf,BFUCAOZJ9Y5KPW0TSHL38D2NGMVRX7Q64IE1,15,15,1,0.255,8.763561,0.881116,1.10157,BFUCADZJIYSKPWOTSHL38D2NGMYVRX7Q64IEI,0.166667,0.833333,point_previews/task000195_mu000256_rho030_n1.png
0.4,256,8,license_plate_bahnschrift.ttf,BFUCAOZJ9Y5KPW0TSHL38D2NGMVRX7Q64IE1,15,15,0,0.34,10.119289,0.843436,0.953987,BFUCAOZJ9YSKPWOTSHL38D2NGMVRX7Q64IE1,0.055556,0.944444,point_previews/task000195_mu000256_rho040_n0.png
0.4,256,8,license_plate_bahnschrift.ttf,BFUCAOZJ9Y5KPW0TSHL38D2NGMVRX7Q64IE1,15,15,1,0.34,10.119289,0.843436,0.953987,BFUCAOZIPYSKPWOTSHL38D2NGMYVRX7GS64IE1,0.194444,0.805556,point_previews/task000195_mu000256_rho040_n1.png
0.5,256,8,license_plate_bahnschrift.ttf,BFUCAOZJ9Y5KPW0TSHL38D2NGMVRX7Q64IE1,15,15,0,0.425,11.313708,0.8067,0.853272,BFUCAOZJIIYSKPWOTSHL3SD2NGMYVRX7QS4IE1,0.194444,0.805556,point_previews/task000195_mu000256_rho050_n0.png
0.5,256,8,license_plate_bahnschrift.ttf,BFUCAOZJ9Y5KPW0TSHL38D2NGMVRX7Q64IE1,15,15,1,0.425,11.313708,0.8067,0.853272,BFUCAOZIPYSKPWOTSHLSSD2NGMVRX7GQS64IE1,0.222222,0.777778,point_previews/task000195_mu000256_rho050_n1.png
0.6,256,8,license_plate_bahnschrift.ttf,BFUCAOZJ9Y5KPW0TSHL38D2NGMVRX7Q64IE1,15,15,0,0.51,12.393547,0.770893,0.778927,BFUCAOZJISYSKPWOTSHL3SS8D2NGMYRX7QS64IE1,0.222222,0.777778,point_previews/task000195_mu000256_rho060_n0.png
0.6,256,8,license_plate_bahnschrift.ttf,BFUCAOZJ9Y5KPW0TSHL38D2NGMVRX7Q64IE1,15,15,1,0.51,12.393547,0.770893,0.778927,BFUCAOZJ9YSKPWOTSHL38D2NGMVRX7QS4IE1,0.083333,0.916667,point_previews/task000195_mu000256_rho060_n1.png
0.7,256,8,license_plate_bahnschrift.ttf,BFUCAOZJ9Y5KPW0TSHL38D2NGMVRX7Q64IE1,15,15,0,0.595,13.38656,0.735998,0.721147,BFUCAOZJ9YSKPWOTSHLSSD2NGMVRX7GQ64IE1,0.138889,0.861111,point_previews/task000195_mu000256_rho070_n0.png
0.7,256,8,license_plate_bahnschrift.ttf,BFUCAOZJ9Y5KPW0TSHL38D2NGMVRX7Q64IE1,15,15,1,0.595,13.38656,0.735998,0.721147,BFUCAOZJ9YSKPWOTSHL3S8D2NGMVRX7GQ64IE1,0.111111,0.888889,point_previews/task000195_mu000256_rho070_n1.png
0.8,256,8,license_plate_bahnschrift.ttf,BFUCAOZJ9Y5KPW0TSHL38D2NGMVRX7Q64IE1,15,15,0,0.68,14.310835,0.701998,0.674571,BFUCAOZJIYSKPWOTSHL38D2NGMVRX7Q64IE1,0.083333,0.916667,point_previews/task000195_mu000256_rho080_n0.png
0.8,256,8,license_plate_bahnschrift.ttf,BFUCAOZJ9Y5KPW0TSHL38D2NGMVRX7Q64IE1,15,15,1,0.68,14.310835,0.701998,0.674571,BFUCAOZJIPYSKPWOTSHLSS8D2NGMVRX7Q64IE1,0.166667,0.833333,point_previews/task000195_mu000256_rho080_n1.png
0.9,256,8,license_plate_bahnschrift.ttf,BFUCAOZJ9Y5KPW0TSHL38D2NGMVRX7Q64IE1,15,15,0,0.765,15.178933,0.668877,0.635992,BFUCAOZJIPYSKPWOTSHL3S8D2NGMVRX7G64IE1,0.166667,0.833333,point_previews/task000195_mu000256_rho090_n0.png
0.9,256,8,license_plate_bahnschrift.ttf,BFUCAOZJ9Y5KPW0TSHL38D2NGMVRX7Q64IE1,15,15,1,0.765,15.178933,0.668877,0.635992,BFUCAOZJ9YSKPWOTSHL38D2NGMVRX7G64IE,0.111111,0.888889,point_previews/task000195_mu000256_rho090_n1.png
1.0,256,8,license_plate_bahnschrift.ttf,BFUCAOZJ9Y5KPW0TSHL38D2NGMVRX7Q64IE1,15,15,0,0.85,16.0,0.63662,0.603355,BFUCAOZJI9YSKPWOTSHLSS8D2NGMVRX7G64IE1,0.166667,0.833333,point_previews/task000195_mu000256_rho100_n0.png
1.0,256,8,license_plate_bahnschrift.ttf,BFUCAOZJ9Y5KPW0TSHL38D2NGMVRX7Q64IE1,15,15,1,0.85,16.0,0.63662,0.603355,BFUCAOZJ9YSKPWOTSHL38D2NGMVRX7G64IE1,0.083333,0.916667,point_previews/task000195_mu000256_rho100_n1.png
0.1,1024,8,license_plate_bahnschrift.ttf,BFUCAOZJ9Y5KPW0TSHL38D2NGMVRX7Q64IE1,15,15,0,0.085,5.059644,0.959381,1.907975,BFUCAOZISYSKPWOTSHLSSDZ2NGMYVRX7OQS64IE1,0.277778,0.722222,point_previews/task000196_mu001024_rho010_n0.png
0.1,1024,8,license_plate_bahnschrift.ttf,BFUCAOZJ9Y5KPW0TSHL38D2NGMVRX7Q64IE1,15,15,1,0.085,5.059644,0.959381,1.907975,BFUCAOZJIFYSKPWOTSHL3BD2ZNGMYRX7OS4IET,0.277778,0.722222,point_previews/task000196_mu001024_rho010_n1.png
0.2,1024,8,license_plate_bahnschrift.ttf,BFUCAOZJ9Y5KPW0TSHL38D2NGMVRX7Q64IE1,15,15,0,0.17,7.155418,0.919759,1.349142,BFUCAOZISYSKPWOTSHLSSD2NGMVRX7Q64I1E1,0.194444,0.805556,point_previews/task000196_mu001024_rho020_n0.png
0.2,1024,8,license_plate_bahnschrift.ttf,BFUCAOZJ9Y5KPW0TSHL38D2NGMVRX7Q64IE1,15,15,1,0.17,7.155418,0.919759,1.349142,BFUCAOZIPYSKPWOTSHLSSD2NGMYVRX7QS64IE1,0.222222,0.777778,point_previews/task000196_mu001024_rho020_n1.png
0.3,1024,8,license_plate_bahnschrift.ttf,BFUCAOZJ9Y5KPW0TSHL38D2NGMVRX7Q64IE1,15,15,0,0.255,8.763561,0.881116,1.10157,BFUCAOZJ9YSKPWOTSHLSSD2NGMVRX7Q64IE1,0.111111,0.888889,point_previews/task000196_mu001024_rho030_n0.png
0.3,1024,8,license_plate_bahnschrift.ttf,BFUCAOZJ9Y5KPW0TSHL38D2NGMVRX7Q64IE1,15,15,1,0.255,8.763561,0.881116,1.10157,BFUCAOZJIPYSKPWOTSHLSSD2NGMVRX7QS4IE1,0.194444,0.805556,point_previews/task000196_mu001024_rho030_n1.png
0.4,1024,8,license_plate_bahnschrift.ttf,BFUCAOZJ9Y5KPW0TSHL38D2NGMVRX7Q64IE1,15,15,0,0.34,10.119289,0.843436,0.953987,BFUCAOZJ9YSKPWOTSHLS8D2NGMVRX7G64IE1,0.111111,0.888889,point_previews/task000196_mu001024_rho040_n0.png
0.4,1024,8,license_plate_bahnschrift.ttf,BFUCAOZJ9Y5KPW0TSHL38D2NGMVRX7Q64IE1,15,15,1,0.34,10.119289,0.843436,0.953987,BFUCAOZJ9YSKPWOTSHLSS8D2NGMVRX7Q64IE1,0.111111,0.888889,point_previews/task000196_mu001024_rho040_n1.png
0.5,1024,8,license_plate_bahnschrift.ttf,BFUCAOZJ9Y5KPW0TSHL38D2NGMVRX7Q64IE1,15,15,0,0.425,11.313708,0.8067,0.853272,BFUCAOZJ9YSKPWOTSHLSSD2NGMVRX7Q64IE1,0.111111,0.888889,point_previews/task000196_mu001024_rho050_n0.png
0.5,1024,8,license_plate_bahnschrift.ttf,BFUCAOZJ9Y5KPW0TSHL38D2NGMVRX7Q64IE1,15,15,1,0.425,11.313708,0.8067,0.853272,BFUCAOZJIPYSKPWOTSHLS8D2NGMVRX7Q64IE1,0.138889,0.861111,point_previews/task000196_mu001024_rho050_n1.png
0.6,1024,8,license_plate_bahnschrift.ttf,BFUCAOZJ9Y5KPW0TSHL38D2NGMVRX7Q64IE1,15,15,0,0.51,12.393547,0.770893,0.778927,BFUCAOZJ9YSKPWOTSHLSS8D2NGMVRX7Q64IE1,0.111111,0.888889,point_previews/task000196_mu001024_rho060_n0.png
0.6,1024,8,license_plate_bahnschrift.ttf,BFUCAOZJ9Y5KPW0TSHL38D2NGMVRX7Q64IE1,15,15,1,0.51,12.393547,0.770893,0.778927,BFUCAOZJ9YSKPWOTSHL3SS8D2NGMVRX7Q64IE1,0.111111,0.888889,point_previews/task000196_mu001024_rho060_n1.png
0.7,1024,8,license_plate_bahnschrift.ttf,BFUCAOZJ9Y5KPW0TSHL38D2NGMVRX7Q64IE1,15,15,0,0.595,13.38656,0.735998,0.721147,BFUCAOZJ9YSKPWOTSHL3SS8D2NGMVRX7G64IE1,0.138889,0.861111,point_previews/task000196_mu001024_rho070_n0.png
0.7,1024,8,license_plate_bahnschrift.ttf,BFUCAOZJ9Y5KPW0TSHL38D2NGMVRX7Q64IE1,15,15,1,0.595,13.38656,0.735998,0.721147,BFUCAOZJ9YSKPWOTSHL3S8D2NGMVRX7G64IE1,0.111111,0.888889,point_previews/task000196_mu001024_rho070_n1.png
0.8,1024,8,license_plate_bahnschrift.ttf,BFUCAOZJ9Y5KPW0TSHL38D2NGMVRX7Q64IE1,15,15,0,0.68,14.310835,0.701998,0.674571,BFUCAOZJ9YSKPWOTSHL3SS8D2NGMVRX7G64IE1,0.138889,0.861111,point_previews/task000196_mu001024_rho080_n0.png
0.8,1024,8,license_plate_bahnschrift.ttf,BFUCAOZJ9Y5KPW0TSHL38D2NGMVRX7Q64IE1,15,15,1,0.68,14.310835,0.701998,0.674571,BFUCAOZJ9YSKPWOTSHL3S8D2NGMVRX7GQ64IE1,0.111111,0.888889,point_previews/task000196_mu001024_rho080_n1.png
0.9,1024,8,license_plate_bahnschrift.ttf,BFUCAOZJ9Y5KPW0TSHL38D2NGMVRX7Q64IE1,15,15,0,0.765,15.178933,0.668877,0.635992,BFUCAOZJ9YSKPWOTSHL38D2NGMVRX7G64IE1,0.083333,0.916667,point_previews/task000196_mu001024_rho090_n0.png
0.9,1024,8,license_plate_bahnschrift.ttf,BFUCAOZJ9Y5KPW0TSHL38D2NGMVRX7Q64IE1,15,15,1,0.765,15.178933,0.668877,0.635992,BFUCAOZJ9YSKPWOTSHL3S8D2NGMVRX7G64IE1,0.111111,0.888889,point_previews/task000196_mu001024_rho090_n1.png
1.0,1024,8,license_plate_bahnschrift.ttf,BFUCAOZJ9Y5KPW0TSHL38D2NGMVRX7Q64IE1,15,15,0,0.85,16.0,0.63662,0.603355,BFUCAOZJ9YSKPWOTSHL38D2NGMVRX7G64IE1,0.083333,0.916667,point_previews/task000196_mu001024_rho100_n0.png
1.0,1024,8,license_plate_bahnschrift.ttf,BFUCAOZJ9Y5KPW0TSHL38D2NGMVRX7Q64IE1,15,15,1,0.85,16.0,0.63662,0.603355,BFUCAOZJ9YSKPWOTSHL38D2NGMVRX7G64IE1,0.083333,0.916667,point_previews/task000196_mu001024_rho100_n1.png
0.1,4096,8,license_plate_bahnschrift.ttf,BFUCAOZJ9Y5KPW0TSHL38D2NGMVRX7Q64IE1,15,15,0,0.085,5.059644,0.959381,1.907975,BFUCAOZISYSKPWOTSHLSSD2NGMYRX7QS4IE1,0.222222,0.777778,point_previews/task000197_mu004096_rho010_n0.png
0.1,4096,8,license_plate_bahnschrift.ttf,BFUCAOZJ9Y5KPW0TSHL38D2NGMVRX7Q64IE1,15,15,1,0.085,5.059644,0.959381,1.907975,BFUCAOZI9YSKPWOTSHLSSD2NGMYRX7QS4IE1,0.194444,0.805556,point_previews/task000197_mu004096_rho010_n1.png
0.2,4096,8,license_plate_bahnschrift.ttf,BFUCAOZJ9Y5KPW0TSHL38D2NGMVRX7Q64IE1,15,15,0,0.17,7.155418,0.919759,1.349142,BFUCAOZJI9YSKPWOTSHLS8D2NGMVRX7QS4IE1,0.138889,0.861111,point_previews/task000197_mu004096_rho020_n0.png
0.2,4096,8,license_plate_bahnschrift.ttf,BFUCAOZJ9Y5KPW0TSHL38D2NGMVRX7Q64IE1,15,15,1,0.17,7.155418,0.919759,1.349142,BFUCAOZJI9YSKPWOTSHLS8D2NGMVRX7QS64IE1,0.138889,0.861111,point_previews/task000197_mu004096_rho020_n1.png
0.3,4096,8,license_plate_bahnschrift.ttf,BFUCAOZJ9Y5KPW0TSHL38D2NGMVRX7Q64IE1,15,15,0,0.255,8.763561,0.881116,1.10157,BFUCAOZJIPYSKPWOTSHLSSD2NGMVRX7QS64IE1,0.194444,0.805556,point_previews/task000197_mu004096_rho030_n0.png
0.3,4096,8,license_plate_bahnschrift.ttf,BFUCAOZJ9Y5KPW0TSHL38D2NGMVRX7Q64IE1,15,15,1,0.255,8.763561,0.881116,1.10157,BFUCAOZJ9YSKPWOTSHLSSD2NGMVRX7Q64IE1,0.111111,0.888889,point_previews/task000197_mu004096_rho030_n1.png
0.4,4096,8,license_plate_bahnschrift.ttf,BFUCAOZJ9Y5KPW0TSHL38D2NGMVRX7Q64IE1,15,15,0,0.34,10.119289,0.843436,0.953987,BFUCAOZJI9YSKPWOTSHL38D2NGMVRX7Q64IE1,0.083333,0.916667,point_previews/task000197_mu004096_rho040_n0.png
0.4,4096,8,license_plate_bahnschrift.ttf,BFUCAOZJ9Y5KPW0TSHL38D2NGMVRX7Q64IE1,15,15,1,0.34,10.119289,0.843436,0.953987,BFUCAOZJI9YSKPWOTSHL38D2NGMVRX7Q64IE1,0.083333,0.916667,point_previews/task000197_mu004096_rho040_n1.png
0.5,4096,8,license_plate_bahnschrift.ttf,BFUCAOZJ9Y5KPW0TSHL38D2NGMVRX7Q64IE1,15,15,0,0.425,11.313708,0.8067,0.853272,BFUCAOZJ9YSKPWOTSHL38D2NGMVRX7Q64IE1,0.055556,0.944444,point_previews/task000197_mu004096_rho050_n0.png
0.5,4096,8,license_plate_bahnschrift.ttf,BFUCAOZJ9Y5KPW0TSHL38D2NGMVRX7Q64IE1,15,15,1,0.425,11.313708,0.8067,0.853272,BFUCAOZJ9YSKPWOTSHL38D2NGMVRX7Q64IE1,0.055556,0.944444,point_previews/task000197_mu004096_rho050_n1.png
0.6,4096,8,license_plate_bahnschrift.ttf,BFUCAOZJ9Y5KPW0TSHL38D2NGMVRX7Q64IE1,15,15,0,0.51,12.393547,0.770893,0.778927,BFUCAOZJ9YSKPWOTSHL38D2NGMVRX7Q64IE1,0.055556,0.944444,point_previews/task000197_mu004096_rho060_n0.png
0.6,4096,8,license_plate_bahnschrift.ttf,BFUCAOZJ9Y5KPW0TSHL38D2NGMVRX7Q64IE1,15,15,1,0.51,12.393547,0.770893,0.778927,BFUCAOZJ9YSKPWOTSHL38D2NGMVRX7Q64IE1,0.055556,0.944444,point_previews/task000197_mu004096_rho060_n1.png
0.7,4096,8,license_plate_bahnschrift.ttf,BFUCAOZJ9Y5KPW0TSHL38D2NGMVRX7Q64IE1,15,15,0,0.595,13.38656,0.735998,0.721147,BFUCAOZJ9YSKPWOTSHL3SS8D2NGMVRX7GQ64IE1,0.138889,0.861111,point_previews/task000197_mu004096_rho070_n0.png
0.7,4096,8,license_plate_bahnschrift.ttf,BFUCAOZJ9Y5KPW0TSHL38D2NGMVRX7Q64IE1,15,15,1,0.595,13.38656,0.735998,0.721147,BFUCAOZJ9YSKPWOTSHL38D2NGMVRX7Q64IEI,0.083333,0.916667,point_previews/task000197_mu004096_rho070_n1.png
0.8,4096,8,license_plate_bahnschrift.ttf,BFUCAOZJ9Y5KPW0TSHL38D2NGMVRX7Q64IE1,15,15,0,0.68,14.310835,0.701998,0.674571,BFUCAOZJ9YSKPWOTSHL38D2NGMVRX7Q64IE1,0.055556,0.944444,point_previews/task000197_mu004096_rho080_n0.png
0.8,4096,8,license_plate_bahnschrift.ttf,BFUCAOZJ9Y5KPW0TSHL38D2NGMVRX7Q64IE1,15,15,1,0.68,14.310835,0.701998,0.674571,BFUCAOZJ9YSKPWOTSHL38D2NGMVRX7G64IE1,0.083333,0.916667,point_previews/task000197_mu004096_rho080_n1.png
0.9,4096,8,license_plate_bahnschrift.ttf,BFUCAOZJ9Y5KPW0TSHL38D2NGMVRX7Q64IE1,15,15,0,0.765,15.178933,0.668877,0.635992,BFUCAOZJ9YSKPWOTSHL38D2NGMVRX7Q64IEI,0.083333,0.916667,point_previews/task000197_mu004096_rho090_n0.png
0.9,4096,8,license_plate_bahnschrift.ttf,BFUCAOZJ9Y5KPW0TSHL38D2NGMVRX7Q64IE1,15,15,1,0.765,15.178933,0.668877,0.635992,BFUCAOZJ9YSKPWOTSHL38D2NGMVRX7Q64IEI,0.083333,0.916667,point_previews/task000197_mu004096_rho090_n1.png
1.0,4096,8,license_plate_bahnschrift.ttf,BFUCAOZJ9Y5KPW0TSHL38D2NGMVRX7Q64IE1,15,15,0,0.85,16.0,0.63662,0.603355,BFUCAOZJ9YSKPWOTSHL38D2NGMVRX7G64IE1,0.083333,0.916667,point_previews/task000197_mu004096_rho100_n0.png
1.0,4096,8,license_plate_bahnschrift.ttf,BFUCAOZJ9Y5KPW0TSHL38D2NGMVRX7Q64IE1,15,15,1,0.85,16.0,0.63662,0.603355,BFUCAOZJ9YSKPWOTSHL38D2NGMVRX7Q64IEI,0.083333,0.916667,point_previews/task000197_mu004096_rho100_n1.png
0.1,16384,8,license_plate_bahnschrift.ttf,BFUCAOZJ9Y5KPW0TSHL38D2NGMVRX7Q64IE1,15,15,0,0.085,5.059644,0.959381,1.907975,BFUCAOZJI9YSKPWOTSHLS8D2ZNGMYVRX7QS4IE1,0.194444,0.805556,point_previews/task000198_mu016384_rho010_n0.png
0.1,16384,8,license_plate_bahnschrift.ttf,BFUCAOZJ9Y5KPW0TSHL38D2NGMVRX7Q64IE1,15,15,1,0.085,5.059644,0.959381,1.907975,BFUCAOZJI9YSKPWOTSHLS8D2ZNGMYVRX7QS4IE1,0.194444,0.805556,point_previews/task000198_mu016384_rho010_n1.png
0.2,16384,8,license_plate_bahnschrift.ttf,BFUCAOZJ9Y5KPW0TSHL38D2NGMVRX7Q64IE1,15,15,0,0.17,7.155418,0.919759,1.349142,BFUCAOZJI9YSKPWOTSHLS8D2NGMVRX7QS4IE1,0.138889,0.861111,point_previews/task000198_mu016384_rho020_n0.png
0.2,16384,8,license_plate_bahnschrift.ttf,BFUCAOZJ9Y5KPW0TSHL38D2NGMVRX7Q64IE1,15,15,1,0.17,7.155418,0.919759,1.349142,BFUCAOZJI9YSKPWOTSHLS8D2NGMVRX7QS4IE1,0.138889,0.861111,point_previews/task000198_mu016384_rho020_n1.png
0.3,16384,8,license_plate_bahnschrift.ttf,BFUCAOZJ9Y5KPW0TSHL38D2NGMVRX7Q64IE1,15,15,0,0.255,8.763561,0.881116,1.10157,BFUCAOZJI9YSKPWOTSHL38D2NGMVRX7QS4IE1,0.111111,0.888889,point_previews/task000198_mu016384_rho030_n0.png
0.3,16384,8,license_plate_bahnschrift.ttf,BFUCAOZJ9Y5KPW0TSHL38D2NGMVRX7Q64IE1,15,15,1,0.255,8.763561,0.881116,1.10157,BFUCAOZJI9YSKPWOTSHL38D2NGMVRX7QS64IE1,0.111111,0.888889,point_previews/task000198_mu016384_rho030_n1.png
0.4,16384,8,license_plate_bahnschrift.ttf,BFUCAOZJ9Y5KPW0TSHL38D2NGMVRX7Q64IE1,15,15,0,0.34,10.119289,0.843436,0.953987,BFUCAOZJISYSKPWOTSHL38D2NGMVRX7Q64IE1,0.111111,0.888889,point_previews/task000198_mu016384_rho040_n0.png
0.4,16384,8,license_plate_bahnschrift.ttf,BFUCAOZJ9Y5KPW0TSHL38D2NGMVRX7Q64IE1,15,15,1,0.34,10.119289,0.843436,0.953987,BFUCAOZJI9YSKPWOTSHL38D2NGMVRX7Q64IE1,0.083333,0.916667,point_previews/task000198_mu016384_rho040_n1.png
0.5,16384,8,license_plate_bahnschrift.ttf,BFUCAOZJ9Y5KPW0TSHL38D2NGMVRX7Q64IE1,15,15,0,0.425,11.313708,0.8067,0.853272,BFUCAOZJ9YSKPWOTSHL38D2NGMVRX7Q64IE1,0.055556,0.944444,point_previews/task000198_mu016384_rho050_n0.png
0.5,16384,8,license_plate_bahnschrift.ttf,BFUCAOZJ9Y5KPW0TSHL38D2NGMVRX7Q64IE1,15,15,1,0.425,11.313708,0.8067,0.853272,BFUCAOZJ9YSKPWOTSHL38D2NGMVRX7Q64IE1,0.055556,0.944444,point_previews/task000198_mu016384_rho050_n1.png
0.6,16384,8,license_plate_bahnschrift.ttf,BFUCAOZJ9Y5KPW0TSHL38D2NGMVRX7Q64IE1,15,15,0,0.51,12.393547,0.770893,0.778927,BFUCAOZJ9YSKPWOTSHL38D2NGMVRX7GQ64IE1,0.083333,0.916667,point_previews/task000198_mu016384_rho060_n0.png
0.6,16384,8,license_plate_bahnschrift.ttf,BFUCAOZJ9Y5KPW0TSHL38D2NGMVRX7Q64IE1,15,15,1,0.51,12.393547,0.770893,0.778927,BFUCAOZJ9YSKPWOTSHL38D2NGMVRX7Q64IE1,0.055556,0.944444,point_previews/task000198_mu016384_rho060_n1.png
0.7,16384,8,license_plate_bahnschrift.ttf,BFUCAOZJ9Y5KPW0TSHL38D2NGMVRX7Q64IE1,15,15,0,0.595,13.38656,0.735998,0.721147,BFUCAOZJ9YSKPWOTSHL38D2NGMVRX7G64IEI,0.111111,0.888889,point_previews/task000198_mu016384_rho070_n0.png
0.7,16384,8,license_plate_bahnschrift.ttf,BFUCAOZJ9Y5KPW0TSHL38D2NGMVRX7Q64IE1,15,15,1,0.595,13.38656,0.735998,0.721147,BFUCAOZJ9YSKPWOTSHL38D2NGMVRX7GQG64IEI,0.138889,0.861111,point_previews/task000198_mu016384_rho070_n1.png
0.8,16384,8,license_plate_bahnschrift.ttf,BFUCAOZJ9Y5KPW0TSHL38D2NGMVRX7Q64IE1,15,15,0,0.68,14.310835,0.701998,0.674571,BFUCAOZJ9YSKPWOTSHL38D2NGMVRX7Q64IEI,0.083333,0.916667,point_previews/task000198_mu016384_rho080_n0.png
0.8,16384,8,license_plate_bahnschrift.ttf,BFUCAOZJ9Y5KPW0TSHL38D2NGMVRX7Q64IE1,15,15,1,0.68,14.310835,0.701998,0.674571,BFUCAOZJ9YSKPWOTSHL38D2NGMVRX7Q64IEI,0.083333,0.916667,point_previews/task000198_mu016384_rho080_n1.png
0.9,16384,8,license_plate_bahnschrift.ttf,BFUCAOZJ9Y5KPW0TSHL38D2NGMVRX7Q64IE1,15,15,0,0.765,15.178933,0.668877,0.635992,BFUCAOZJ9YSKPWOTSHL38D2NGMVRX7G64IEI,0.111111,0.888889,point_previews/task000198_mu016384_rho090_n0.png
0.9,16384,8,license_plate_bahnschrift.ttf,BFUCAOZJ9Y5KPW0TSHL38D2NGMVRX7Q64IE1,15,15,1,0.765,15.178933,0.668877,0.635992,BFUCAOZJ9YSKPWOTSHL38D2NGMVRX7G64IEI,0.111111,0.888889,point_previews/task000198_mu016384_rho090_n1.png
1.0,16384,8,license_plate_bahnschrift.ttf,BFUCAOZJ9Y5KPW0TSHL38D2NGMVRX7Q64IE1,15,15,0,0.85,16.0,0.63662,0.603355,BFUCAOZJ9YSKPWOTSHL38D2NGMVRX7Q64IEI,0.083333,0.916667,point_previews/task000198_mu016384_rho100_n0.png
1.0,16384,8,license_plate_bahnschrift.ttf,BFUCAOZJ9Y5KPW0TSHL38D2NGMVRX7Q64IE1,15,15,1,0.85,16.0,0.63662,0.603355,BFUCAOZJ9YSKPWOTSHL38D2NGMVRX7Q64IEI,0.083333,0.916667,point_previews/task000198_mu016384_rho100_n1.png
0.1,65536,8,license_plate_bahnschrift.ttf,BFUCAOZJ9Y5KPW0TSHL38D2NGMVRX7Q64IE1,15,15,0,0.085,5.059644,0.959381,1.907975,BFUCAOZJI9YSKPWOTSHLS8D2ZNGMYVRX7QS4IE1,0.194444,0.805556,point_previews/task000199_mu065536_rho010_n0.png
0.1,65536,8,license_plate_bahnschrift.ttf,BFUCAOZJ9Y5KPW0TSHL38D2NGMVRX7Q64IE1,15,15,1,0.085,5.059644,0.959381,1.907975,BFUCAOZJI9YSKPWOTSHLS8D2ZNGMYVRX7QS4IE1,0.194444,0.805556,point_previews/task000199_mu065536_rho010_n1.png
0.2,65536,8,license_plate_bahnschrift.ttf,BFUCAOZJ9Y5KPW0TSHL38D2NGMVRX7Q64IE1,15,15,0,0.17,7.155418,0.919759,1.349142,BFUCAOZJI9YSKPWOTSHLS8D2NGMVRX7QS4IE1,0.138889,0.861111,point_previews/task000199_mu065536_rho020_n0.png
0.2,65536,8,license_plate_bahnschrift.ttf,BFUCAOZJ9Y5KPW0TSHL38D2NGMVRX7Q64IE1,15,15,1,0.17,7.155418,0.919759,1.349142,BFUCAOZJI9YSKPWOTSHLS8D2NGMVRX7QS4IE1,0.138889,0.861111,point_previews/task000199_mu065536_rho020_n1.png
0.3,65536,8,license_plate_bahnschrift.ttf,BFUCAOZJ9Y5KPW0TSHL38D2NGMVRX7Q64IE1,15,15,0,0.255,8.763561,0.881116,1.10157,BFUCAOZJI9YSKPWOTSHL3S8D2NGMVRX7Q64IE1,0.111111,0.888889,point_previews/task000199_mu065536_rho030_n0.png
0.3,65536,8,license_plate_bahnschrift.ttf,BFUCAOZJ9Y5KPW0TSHL38D2NGMVRX7Q64IE1,15,15,1,0.255,8.763561,0.881116,1.10157,BFUCAOZJI9YSKPWOTSHL38D2NGMVRX7QS4IE1,0.111111,0.888889,point_previews/task000199_mu065536_rho030_n1.png
0.4,65536,8,license_plate_bahnschrift.ttf,BFUCAOZJ9Y5KPW0TSHL38D2NGMVRX7Q64IE1,15,15,0,0.34,10.119289,0.843436,0.953987,BFUCAOZJI9YSKPWOTSHL38D2NGMVRX7Q64IE1,0.083333,0.916667,point_previews/task000199_mu065536_rho040_n0.png
0.4,65536,8,license_plate_bahnschrift.ttf,BFUCAOZJ9Y5KPW0TSHL38D2NGMVRX7Q64IE1,15,15,1,0.34,10.119289,0.843436,0.953987,BFUCAOZJI9YSKPWOTSHL38D2NGMVRX7Q64IE1,0.083333,0.916667,point_previews/task000199_mu065536_rho040_n1.png
0.5,65536,8,license_plate_bahnschrift.ttf,BFUCAOZJ9Y5KPW0TSHL38D2NGMVRX7Q64IE1,15,15,0,0.425,11.313708,0.8067,0.853272,BFUCAOZJ9YSKPWOTSHL38D2NGMVRX7Q64IE1,0.055556,0.944444,point_previews/task000199_mu065536_rho050_n0.png
0.5,65536,8,license_plate_bahnschrift.ttf,BFUCAOZJ9Y5KPW0TSHL38D2NGMVRX7Q64IE1,15,15,1,0.425,11.313708,0.8067,0.853272,BFUCAOZJ9YSKPWOTSHL38D2NGMVRX7Q64IE1,0.055556,0.944444,point_previews/task000199_mu065536_rho050_n1.png
0.6,65536,8,license_plate_bahnschrift.ttf,BFUCAOZJ9Y5KPW0TSHL38D2NGMVRX7Q64IE1,15,15,0,0.51,12.393547,0.770893,0.778927,BFUCAOZJ9YSKPWOTSHL38D2NGMVRX7Q64IE1,0.055556,0.944444,point_previews/task000199_mu065536_rho060_n0.png
0.6,65536,8,license_plate_bahnschrift.ttf,BFUCAOZJ9Y5KPW0TSHL38D2NGMVRX7Q64IE1,15,15,1,0.51,12.393547,0.770893,0.778927,BFUCAOZJ9YSKPWOTSHL38D2NGMVRX7Q64IE1,0.055556,0.944444,point_previews/task000199_mu065536_rho060_n1.png
0.7,65536,8,license_plate_bahnschrift.ttf,BFUCAOZJ9Y5KPW0TSHL38D2NGMVRX7Q64IE1,15,15,0,0.595,13.38656,0.735998,0.721147,BFUCAOZJ9YSKPWOTSHL38D2NGMVRX7Q64IEI,0.083333,0.916667,point_previews/task000199_mu065536_rho070_n0.png
0.7,65536,8,license_plate_bahnschrift.ttf,BFUCAOZJ9Y5KPW0TSHL38D2NGMVRX7Q64IE1,15,15,1,0.595,13.38656,0.735998,0.721147,BFUCAOZJ9YSKPWOTSHL38D2NGMVRX7Q64IEI,0.083333,0.916667,point_previews/task000199_mu065536_rho070_n1.png
0.8,65536,8,license_plate_bahnschrift.ttf,BFUCAOZJ9Y5KPW0TSHL38D2NGMVRX7Q64IE1,15,15,0,0.68,14.310835,0.701998,0.674571,BFUCAOZJ9YSKPWOTSHL38D2NGMVRX7Q64IEI,0.083333,0.916667,point_previews/task000199_mu065536_rho080_n0.png
0.8,65536,8,license_plate_bahnschrift.ttf,BFUCAOZJ9Y5KPW0TSHL38D2NGMVRX7Q64IE1,15,15,1,0.68,14.310835,0.701998,0.674571,BFUCAOZJ9YSKPWOTSHL38D2NGMVRX7Q64IEI,0.083333,0.916667,point_previews/task000199_mu065536_rho080_n1.png
0.9,65536,8,license_plate_bahnschrift.ttf,BFUCAOZJ9Y5KPW0TSHL38D2NGMVRX7Q64IE1,15,15,0,0.765,15.178933,0.668877,0.635992,BFUCAOZJ9YSKPWOTSHL38D2NGMVRX7G64IEI,0.111111,0.888889,point_previews/task000199_mu065536_rho090_n0.png
0.9,65536,8,license_plate_bahnschrift.ttf,BFUCAOZJ9Y5KPW0TSHL38D2NGMVRX7Q64IE1,15,15,1,0.765,15.178933,0.668877,0.635992,BFUCAOZJ9YSKPWOTSHL38D2NGMVRX7G64IEI,0.111111,0.888889,point_previews/task000199_mu065536_rho090_n1.png
1.0,65536,8,license_plate_bahnschrift.ttf,BFUCAOZJ9Y5KPW0TSHL38D2NGMVRX7Q64IE1,15,15,0,0.85,16.0,0.63662,0.603355,BFUCAOZJ9YSKPWOTSHL38D2NGMVRX7Q64IEI,0.083333,0.916667,point_previews/task000199_mu065536_rho100_n0.png
1.0,65536,8,license_plate_bahnschrift.ttf,BFUCAOZJ9Y5KPW0TSHL38D2NGMVRX7Q64IE1,15,15,1,0.85,16.0,0.63662,0.603355,BFUCAOZJ9YSKPWOTSHL38D2NGMVRX7Q64IEI,0.083333,0.916667,point_previews/task000199_mu065536_rho100_n1.png
