rho,mu_p,char_height_px,font_name,text,phase_x,phase_y,noise_repeat,qe_total,aperture_width_px,mtf_nyquist,aperture_f50_cpp,ocr_text,cer,char_acc
0.1,16384,1,license_plate_bahnschrift.ttf,BFUCAOZJ9Y5KPW0TSHL38D2NGMVRX7Q64IE1,0,0,0,0.085,5.059644,0.959381,1.907975,,1.0,0.0
0.2,16384,1,license_plate_bahnschrift.ttf,BFUCAOZJ9Y5KPW0TSHL38D2NGMVRX7Q64IE1,0,0,0,0.17,7.155418,0.919759,1.349142,,1.0,0.0
0.3,16384,1,license_plate_bahnschrift.ttf,BFUCAOZJ9Y5KPW0TSHL38D2NGMVRX7Q64IE1,0,0,0,0.255,8.763561,0.881116,1.10157,,1.0,0.0
0.4,16384,1,license_plate_bahnschrift.ttf,BFUCAOZJ9Y5KPW0TSHL38D2NGMVRX7Q64IE1,0,0,0,0.34,10.119289,0.843436,0.953987,,1.0,0.0
0.5,16384,1,license_plate_bahnschrift.ttf,BFUCAOZJ9Y5KPW0TSHL38D2NGMVRX7Q64IE1,0,0,0,0.425,11.313708,0.8067,0.853272,,1.0,0.0
0.6,16384,1,license_plate_bahnschrift.ttf,BFUCAOZJ9Y5KPW0TSHL38D2NGMVRX7Q64IE1,0,0,0,0.51,12.393547,0.770893,0.778927,,1.0,0.0
0.7,16384,1,license_plate_bahnschrift.ttf,BFUCAOZJ9Y5KPW0TSHL38D2NGMVRX7Q64IE1,0,0,0,0.595,13.38656,0.735998,0.721147,,1.0,0.0
0.8,16384,1,license_plate_bahnschrift.ttf,BFUCAOZJ9Y5KPW0TSHL38D2NGMVRX7Q64IE1,0,0,0,0.68,14.310835,0.701998,0.674571,,1.0,0.0
0.9,16384,1,license_plate_bahnschrift.ttf,BFUCAOZJ9Y5KPW0TSHL38D2NGMVRX7Q64IE1,0,0,0,0.765,15.178933,0.668877,0.635992,,1.0,0.0
1.0,16384,1,license_plate_bahnschrift.ttf,BFUCAOZJ9Y5KPW0TSHL38D2NGMVRX7Q64IE1,0,0,0,0.85,16.0,0.63662,0.603355,,1.0,0.0
0.1,16384,1,license_plate_bahnschrift.ttf,BFUCAOZJ9Y5KPW0TSHL38D2NGMVRX7Q64IE1,0,3,0,0.085,5.059644,0.959381,1.907975,,1.0,0.0
0.2,16384,1,license_plate_bahnschrift.ttf,BFUCAOZJ9Y5KPW0TSHL38D2NGMVRX7Q64IE1,0,3,0,0.17,7.155418,0.919759,1.349142,,1.0,0.0
0.3,16384,1,license_plate_bahnschrift.ttf,BFUCAOZJ9Y5KPW0TSHL38D2NGMVRX7Q64IE1,0,3,0,0.255,8.763561,0.881116,1.10157,,1.0,0.0
0.4,16384,1,license_plate_bahnschrift.ttf,BFUCAOZJ9Y5KPW0TSHL38D2NGMVRX7Q64IE1,0,3,0,0.34,10.119289,0.843436,0.953987,,1.0,0.0
0.5,16384,1,license_plate_bahnschrift.ttf,BFUCAOZJ9Y5KPW0TSHL38D2NGMVRX7Q64IE1,0,3,0,0.425,11.313708,0.8067,0.853272,,1.0,0.0
0.6,16384,1,license_plate_bahnschrift.ttf,BFUCAOZJ9Y5KPW0TSHL38D2NGMVRX7Q64IE1,0,3,0,0.51,12.393547,0.770893,0.778927,,1.0,0.0
0.7,16384,1,license_plate_bahnschrift.ttf,BFUCAOZJ9Y5KPW0TSHL38D2NGMVRX7Q64IE1,0,3,0,0.595,13.38656,0.735998,0.721147,,1.0,0.0
0.8,16384,1,license_plate_bahnschrift.ttf,BFUCAOZJ9Y5KPW0TSHL38D2NGMVRX7Q64IE1,0,3,0,0.68,14.310835,0.701998,0.674571,,1.0,0.0
0.9,16384,1,license_plate_bahnschrift.ttf,BFUCAOZJ9Y5KPW0TSHL38D2NGMVRX7Q64IE1,0,3,0,0.765,15.178933,0.668877,0.635992,,1.0,0.0
1.0,16384,1,license_plate_bahnschrift.ttf,BFUCAOZJ9Y5KPW0TSHL38D2NGMVRX7Q64IE1,0,3,0,0.85,16.0,0.63662,0.603355,,1.0,0.0
0.1,16384,1,license_plate_bahnschrift.ttf,BFUCAOZJ9Y5KPW0TSHL38D2NGMVRX7Q64IE1,0,7,0,0.085,5.059644,0.959381,1.907975,,1.0,0.0
0.2,16384,1,license_plate_bahnschrift.ttf,BFUCAOZJ9Y5KPW0TSHL38D2NGMVRX7Q64IE1,0,7,0,0.17,7.155418,0.919759,1.349142,2,0.972222,0.027778
0.3,16384,1,license_plate_bahnschrift.ttf,BFUCAOZJ9Y5KPW0TSHL38D2NGMVRX7Q64IE1,0,7,0,0.255,8.763561,0.881116,1.10157,A,0.972222,0.027778
0.4,16384,1,license_plate_bahnschrift.ttf,BFUCAOZJ9Y5KPW0TSHL38D2NGMVRX7Q64IE1,0,7,0,0.34,10.119289,0.843436,0.953987,,1.0,0.0
0.5,16384,1,license_plate_bahnschrift.ttf,BFUCAOZJ9Y5KPW0TSHL38D2NGMVRX7Q64IE1,0,7,0,0.425,11.313708,0.8067,0.853272,,1.0,0.0
0.6,16384,1,license_plate_bahnschrift.ttf,BFUCAOZJ9Y5KPW0TSHL38D2NGMVRX7Q64IE1,0,7,0,0.51,12.393547,0.770893,0.778927,,1.0,0.0
0.7,16384,1,license_plate_bahnschrift.ttf,BFUCAOZJ9Y5KPW0TSHL38D2NGMVRX7Q64IE1,0,7,0,0.595,13.38656,0.735998,0.721147,,1.0,0.0
0.8,16384,1,license_plate_bahnschrift.ttf,BFUCAOZJ9Y5KPW0TSHL38D2NGMVRX7Q64IE1,0,7,0,0.68,14.310835,0.701998,0.674571,,1.0,0.0
0.9,16384,1,license_plate_bahnschrift.ttf,BFUCAOZJ9Y5KPW0TSHL38D2NGMVRX7Q64IE1,0,7,0,0.765,15.178933,0.668877,0.635992,,1.0,0.0
1.0,16384,1,license_plate_bahnschrift.ttf,BFUCAOZJ9Y5KPW0TSHL38D2NGMVRX7Q64IE1,0,7,0,0.85,16.0,0.63662,0.603355,,1.0,0.0
0.1,16384,1,license_plate_bahnschrift.ttf,BFUCAOZJ9Y5KPW0TSHL38D2NGMVRX7Q64IE1,0,11,0,0.085,5.059644,0.959381,1.907975,,1.0,0.0
0.2,16384,1,license_plate_bahnschrift.ttf,BFUCAOZJ9Y5KPW0TSHL38D2NGMVRX7Q64IE1,0,11,0,0.17,7.155418,0.919759,1.349142,,1.0,0.0
0.3,16384,1,license_plate_bahnschrift.ttf,BFUCAOZJ9Y5KPW0TSHL38D2NGMVRX7Q64IE1,0,11,0,0.255,8.763561,0.881116,1.10157,,1.0,0.0
0.4,16384,1,license_plate_bahnschrift.ttf,BFUCAOZJ9Y5KPW0TSHL38D2NGMVRX7Q64IE1,0,11,0,0.34,10.119289,0.843436,0.953987,,1.0,0.0
0.5,16384,1,license_plate_bahnschrift.ttf,BFUCAOZJ9Y5KPW0TSHL38D2NGMVRX7Q64IE1,0,11,0,0.425,11.313708,0.8067,0.853272,,1.0,0.0
0.6,16384,1,license_plate_bahnschrift.ttf,BFUCAOZJ9Y5KPW0TSHL38D2NGMVRX7Q64IE1,0,11,0,0.51,12.393547,0.770893,0.778927,,1.0,0.0
0.7,16384,1,license_plate_bahnschrift.ttf,BFUCAOZJ9Y5KPW0TSHL38D2NGMVRX7Q64IE1,0,11,0,0.595,13.38656,0.735998,0.721147,,1.0,0.0
0.8,16384,1,license_plate_bahnschrift.ttf,BFUCAOZJ9Y5KPW0TSHL38D2NGMVRX7Q64IE1,0,11,0,0.68,14.310835,0.701998,0.674571,,1.0,0.0
0.9,16384,1,license_plate_bahnschrift.ttf,BFUCAOZJ9Y5KPW0TSHL38D2NGMVRX7Q64IE1,0,11,0,0.765,15.178933,0.668877,0.635992,,1.0,0.0
1.0,16384,1,license_plate_bahnschrift.ttf,BFUCAOZJ9Y5KPW0TSHL38D2NGMVRX7Q64IE1,0,11,0,0.85,16.0,0.63662,0.603355,,1.0,0.0
0.1,16384,1,license_plate_bahnschrift.ttf,BFUCAOZJ9Y5KPW0TSHL38D2NGMVRX7Q64IE1,0,15,0,0.085,5.059644,0.959381,1.907975,,1.0,0.0
0.2,16384,1,license_plate_bahnschrift.ttf,BFUCAOZJ9Y5KPW0TSHL38D2NGMVRX7Q64IE1,0,15,0,0.17,7.155418,0.919759,1.349142,,1.0,0.0
0.3,16384,1,license_plate_bahnschrift.ttf,BFUCAOZJ9Y5KPW0TSHL38D2NGMVRX7Q64IE1,0,15,0,0.255,8.763561,0.881116,1.10157,,1.0,0.0
0.4,16384,1,license_plate_bahnschrift.ttf,BFUCAOZJ9Y5KPW0TSHL38D2NGMVRX7Q64IE1,0,15,0,0.34,10.119289,0.843436,0.953987,,1.0,0.0
0.5,16384,1,license_plate_bahnschrift.ttf,BFUCAOZJ9Y5KPW0TSHL38D2NGMVRX7Q64IE1,0,15,0,0.425,11.313708,0.8067,0.853272,,1.0,0.0
0.6,16384,1,license_plate_bahnschrift.ttf,BFUCAOZJ9Y5KPW0TSHL38D2NGMVRX7Q64IE1,0,15,0,0.51,12.393547,0.770893,0.778927,,1.0,0.0
0.7,16384,1,license_plate_bahnschrift.ttf,BFUCAOZJ9Y5KPW0TSHL38D2NGMVRX7Q64IE1,0,15,0,0.595,13.38656,0.735998,0.721147,,1.0,0.0
0.8,16384,1,license_plate_bahnschrift.ttf,BFUCAOZJ9Y5KPW0TSHL38D2NGMVRX7Q64IE1,0,15,0,0.68,14.310835,0.701998,0.674571,,1.0,0.0
0.9,16384,1,license_plate_bahnschrift.ttf,BFUCAOZJ9Y5KPW0TSHL38D2NGMVRX7Q64IE1,0,15,0,0.765,15.178933,0.668877,0.635992,,1.0,0.0
1.0,16384,1,license_plate_bahnschrift.ttf,BFUCAOZJ9Y5KPW0TSHL38D2NGMVRX7Q64IE1,0,15,0,0.85,16.0,0.63662,0.603355,,1.0,0.0
0.1,16384,1,license_plate_bahnschrift.ttf,BFUCAOZJ9Y5KPW0TSHL38D2NGMVRX7Q64IE1,3,0,0,0.085,5.059644,0.959381,1.907975,,1.0,0.0
0.2,16384,1,license_plate_bahnschrift.ttf,BFUCAOZJ9Y5KPW0TSHL38D2NGMVRX7Q64IE1,3,0,0,0.17,7.155418,0.919759,1.349142,,1.0,0.0
0.3,16384,1,license_plate_bahnschrift.ttf,BFUCAOZJ9Y5KPW0TSHL38D2NGMVRX7Q64IE1,3,0,0,0.255,8.763561,0.881116,1.10157,,1.0,0.0
0.4,16384,1,license_plate_bahnschrift.ttf,BFUCAOZJ9Y5KPW0TSHL38D2NGMVRX7Q64IE1,3,0,0,0.34,10.119289,0.843436,0.953987,,1.0,0.0
0.5,16384,1,license_plate_bahnschrift.ttf,BFUCAOZJ9Y5KPW0TSHL38D2NGMVRX7Q64IE1,3,0,0,0.425,11.313708,0.8067,0.853272,,1.0,0.0
0.6,16384,1,license_plate_bahnschrift.ttf,BFUCAOZJ9Y5KPW0TSHL38D2NGMVRX7Q64IE1,3,0,0,0.51,12.393547,0.770893,0.778927,,1.0,0.0
0.7,16384,1,license_plate_bahnschrift.ttf,BFUCAOZJ9Y5KPW0TSHL38D2NGMVRX7Q64IE1,3,0,0,0.595,13.38656,0.735998,0.721147,,1.0,0.0
0.8,16384,1,license_plate_bahnschrift.ttf,BFUCAOZJ9Y5KPW0TSHL38D2NGMVRX7Q64IE1,3,0,0,0.68,14.310835,0.701998,0.674571,,1.0,0.0
0.9,16384,1,license_plate_bahnschrift.ttf,BFUCAOZJ9Y5KPW0TSHL38D2NGMVRX7Q64IE1,3,0,0,0.765,15.178933,0.668877,0.635992,,1.0,0.0
1.0,16384,1,license_plate_bahnschrift.ttf,BFUCAOZJ9Y5KPW0TSHL38D2NGMVRX7Q64IE1,3,0,0,0.85,16.0,0.63662,0.603355,,1.0,0.0
0.1,16384,1,license_plate_bahnschrift.ttf,BFUCAOZJ9Y5KPW0TSHL38D2NGMVRX7Q64IE1,3,3,0,0.085,5.059644,0.959381,1.907975,,1.0,0.0
0.2,16384,1,license_plate_bahnschrift.ttf,BFUCAOZJ9Y5KPW0TSHL38D2NGMVRX7Q64IE1,3,3,0,0.17,7.155418,0.919759,1.349142,,1.0,0.0
0.3,16384,1,license_plate_bahnschrift.ttf,BFUCAOZJ9Y5KPW0TSHL38D2NGMVRX7Q64IE1,3,3,0,0.255,8.763561,0.881116,1.10157,,1.0,0.0
0.4,16384,1,license_plate_bahnschrift.ttf,BFUCAOZJ9Y5KPW0TSHL38D2NGMVRX7Q64IE1,3,3,0,0.34,10.119289,0.843436,0.953987,,1.0,0.0
0.5,16384,1,license_plate_bahnschrift.ttf,BFUCAOZJ9Y5KPW0TSHL38D2NGMVRX7Q64IE1,3,3,0,0.425,11.313708,0.8067,0.853272,,1.0,0.0
0.6,16384,1,license_plate_bahnschrift.ttf,BFUCAOZJ9Y5KPW0TSHL38D2NGMVRX7Q64IE1,3,3,0,0.51,12.393547,0.770893,0.778927,,1.0,0.0
0.7,16384,1,license_plate_bahnschrift.ttf,BFUCAOZJ9Y5KPW0TSHL38D2NGMVRX7Q64IE1,3,3,0,0.595,13.38656,0.735998,0.721147,,1.0,0.0
0.8,16384,1,license_plate_bahnschrift.ttf,BFUCAOZJ9Y5KPW0TSHL38D2NGMVRX7Q64IE1,3,3,0,0.68,14.310835,0.701998,0.674571,,1.0,0.0
0.9,16384,1,license_plate_bahnschrift.ttf,BFUCAOZJ9Y5KPW0TSHL38D2NGMVRX7Q64IE1,3,3,0,0.765,15.178933,0.668877,0.635992,,1.0,0.0
1.0,16384,1,license_plate_bahnschrift.ttf,BFUCAOZJ9Y5KPW0TSHL38D2NGMVRX7Q64IE1,3,3,0,0.85,16.0,0.63662,0.603355,,1.0,0.0
0.1,16384,1,license_plate_bahnschrift.ttf,BFUCAOZJ9Y5KPW0TSHL38D2NGMVRX7Q64IE1,3,7,0,0.085,5.059644,0.959381,1.907975,,1.0,0.0
0.2,16384,1,license_plate_bahnschrift.ttf,BFUCAOZJ9Y5KPW0TSHL38D2NGMVRX7Q64IE1,3,7,0,0.17,7.155418,0.919759,1.349142,,1.0,0.0
0.3,16384,1,license_plate_bahnschrift.ttf,BFUCAOZJ9Y5KPW0TSHL38D2NGMVRX7Q64IE1,3,7,0,0.255,8.763561,0.881116,1.10157,T,0.972222,0.027778
0.4,16384,1,license_plate_bahnschrift.ttf,BFUCAOZJ9Y5KPW0TSHL38D2NGMVRX7Q64IE1,3,7,0,0.34,10.119289,0.843436,0.953987,,1.0,0.0
0.5,16384,1,license_plate_bahnschrift.ttf,BFUCAOZJ9Y5KPW0TSHL38D2NGMVRX7Q64IE1,3,7,0,0.425,11.313708,0.8067,0.853272,,1.0,0.0
0.6,16384,1,license_plate_bahnschrift.ttf,BFUCAOZJ9Y5KPW0TSHL38D2NGMVRX7Q64IE1,3,7,0,0.51,12.393547,0.770893,0.778927,,1.0,0.0
0.7,16384,1,license_plate_bahnschrift.ttf,BFUCAOZJ9Y5KPW0TSHL38D2NGMVRX7Q64IE1,3,7,0,0.595,13.38656,0.735998,0.721147,,1.0,0.0
0.8,16384,1,license_plate_bahnschrift.ttf,BFUCAOZJ9Y5KPW0TSHL38D2NGMVRX7Q64IE1,3,7,0,0.68,14.310835,0.701998,0.674571,,1.0,0.0
0.9,16384,1,license_plate_bahnschrift.ttf,BFUCAOZJ9Y5KPW0TSHL38D2NGMVRX7Q64IE1,3,7,0,0.765,15.178933,0.668877,0.635992,,1.0,0.0
1.0,16384,1,license_plate_bahnschrift.ttf,BFUCAOZJ9Y5KPW0TSHL38D2NGMVRX7Q64IE1,3,7,0,0.85,16.0,0.63662,0.603355,,1.0,0.0
0.1,16384,1,license_plate_bahnschrift.ttf,BFUCAOZJ9Y5KPW0TSHL38D2NGMVRX7Q64IE1,3,11,0,0.085,5.059644,0.959381,1.907975,,1.0,0.0
0.2,16384,1,license_plate_bahnschrift.ttf,BFUCAOZJ9Y5KPW0TSHL38D2NGMVRX7Q64IE1,3,11,0,0.17,7.155418,0.919759,1.349142,,1.0,0.0
0.3,16384,1,license_plate_bahnschrift.ttf,BFUCAOZJ9Y5KPW0TSHL38D2NGMVRX7Q64IE1,3,11,0,0.255,8.763561,0.881116,1.10157,OO,0.972222,0.027778
0.4,16384,1,license_plate_bahnschrift.ttf,BFUCAOZJ9Y5KPW0TSHL38D2NGMVRX7Q64IE1,3,11,0,0.34,10.119289,0.843436,0.953987,,1.0,0.0
0.5,16384,1,license_plate_bahnschrift.ttf,BFUCAOZJ9Y5KPW0TSHL38D2NGMVRX7Q64IE1,3,11,0,0.425,11.313708,0.8067,0.853272,,1.0,0.0
0.6,16384,1,license_plate_bahnschrift.ttf,BFUCAOZJ9Y5KPW0TSHL38D2NGMVRX7Q64IE1,3,11,0,0.51,12.393547,0.770893,0.778927,OC,0.972222,0.027778
0.7,16384,1,license_plate_bahnschrift.ttf,BFUCAOZJ9Y5KPW0TSHL38D2NGMVRX7Q64IE1,3,11,0,0.595,13.38656,0.735998,0.721147,OO,0.972222,0.027778
0.8,16384,1,license_plate_bahnschrift.ttf,BFUCAOZJ9Y5KPW0TSHL38D2NGMVRX7Q64IE1,3,11,0,0.68,14.310835,0.701998,0.674571,,1.0,0.0
0.9,16384,1,license_plate_bahnschrift.ttf,BFUCAOZJ9Y5KPW0TSHL38D2NGMVRX7Q64IE1,3,11,0,0.765,15.178933,0.668877,0.635992,O,0.972222,0.027778
1.0,16384,1,license_plate_bahnschrift.ttf,BFUCAOZJ9Y5KPW0TSHL38D2NGMVRX7Q64IE1,3,11,0,0.85,16.0,0.63662,0.603355,,1.0,0.0
0.1,16384,1,license_plate_bahnschrift.ttf,BFUCAOZJ9Y5KPW0TSHL38D2NGMVRX7Q64IE1,3,15,0,0.085,5.059644,0.959381,1.907975,,1.0,0.0
0.2,16384,1,license_plate_bahnschrift.ttf,BFUCAOZJ9Y5KPW0TSHL38D2NGMVRX7Q64IE1,3,15,0,0.17,7.155418,0.919759,1.349142,,1.0,0.0
0.3,16384,1,license_plate_bahnschrift.ttf,BFUCAOZJ9Y5KPW0TSHL38D2NGMVRX7Q64IE1,3,15,0,0.255,8.763561,0.881116,1.10157,,1.0,0.0
0.4,16384,1,license_plate_bahnschrift.ttf,BFUCAOZJ9Y5KPW0TSHL38D2NGMVRX7Q64IE1,3,15,0,0.34,10.119289,0.843436,0.953987,,1.0,0.0
0.5,16384,1,license_plate_bahnschrift.ttf,BFUCAOZJ9Y5KPW0TSHL38D2NGMVRX7Q64IE1,3,15,0,0.425,11.313708,0.8067,0.853272,,1.0,0.0
0.6,16384,1,license_plate_bahnschrift.ttf,BFUCAOZJ9Y5KPW0TSHL38D2NGMVRX7Q64IE1,3,15,0,0.51,12.393547,0.770893,0.778927,,1.0,0.0
0.7,16384,1,license_plate_bahnschrift.ttf,BFUCAOZJ9Y5KPW0TSHL38D2NGMVRX7Q64IE1,3,15,0,0.595,13.38656,0.735998,0.721147,,1.0,0.0
0.8,16384,1,license_plate_bahnschrift.ttf,BFUCAOZJ9Y5KPW0TSHL38D2NGMVRX7Q64IE1,3,15,0,0.68,14.310835,0.701998,0.674571,,1.0,0.0
0.9,16384,1,license_plate_bahnschrift.ttf,BFUCAOZJ9Y5KPW0TSHL38D2NGMVRX7Q64IE1,3,15,0,0.765,15.178933,0.668877,0.635992,,1.0,0.0
1.0,16384,1,license_plate_bahnschrift.ttf,BFUCAOZJ9Y5KPW0TSHL38D2NGMVRX7Q64IE1,3,15,0,0.85,16.0,0.63662,0.603355,,1.0,0.0
0.1,16384,1,license_plate_bahnschrift.ttf,BFUCAOZJ9Y5KPW0TSHL38D2NGMVRX7Q64IE1,7,0,0,0.085,5.059644,0.959381,1.907975,,1.0,0.0
0.2,16384,1,license_plate_bahnschrift.ttf,BFUCAOZJ9Y5KPW0TSHL38D2NGMVRX7Q64IE1,7,0,0,0.17,7.155418,0.919759,1.349142,,1.0,0.0
0.3,16384,1,license_plate_bahnschrift.ttf,BFUCAOZJ9Y5KPW0TSHL38D2NGMVRX7Q64IE1,7,0,0,0.255,8.763561,0.881116,1.10157,S,0.972222,0.027778
0.4,16384,1,license_plate_bahnschrift.ttf,BFUCAOZJ9Y5KPW0TSHL38D2NGMVRX7Q64IE1,7,0,0,0.34,10.119289,0.843436,0.953987,,1.0,0.0
0.5,16384,1,license_plate_bahnschrift.ttf,BFUCAOZJ9Y5KPW0TSHL38D2NGMVRX7Q64IE1,7,0,0,0.425,11.313708,0.8067,0.853272,,1.0,0.0
0.6,16384,1,license_plate_bahnschrift.ttf,BFUCAOZJ9Y5KPW0TSHL38D2NGMVRX7Q64IE1,7,0,0,0.51,12.393547,0.770893,0.778927,,1.0,0.0
0.7,16384,1,license_plate_bahnschrift.ttf,BFUCAOZJ9Y5KPW0TSHL38D2NGMVRX7Q64IE1,7,0,0,0.595,13.38656,0.735998,0.721147,,1.0,0.0
0.8,16384,1,license_plate_bahnschrift.ttf,BFUCAOZJ9Y5KPW0TSHL38D2NGMVRX7Q64IE1,7,0,0,0.68,14.310835,0.701998,0.674571,,1.0,0.0
0.9,16384,1,license_plate_bahnschrift.ttf,BFUCAOZJ9Y5KPW0TSHL38D2NGMVRX7Q64IE1,7,0,0,0.765,15.178933,0.668877,0.635992,,1.0,0.0
1.0,16384,1,license_plate_bahnschrift.ttf,BFUCAOZJ9Y5KPW0TSHL38D2NGMVRX7Q64IE1,7,0,0,0.85,16.0,0.63662,0.603355,,1.0,0.0
0.1,16384,1,license_plate_bahnschrift.ttf,BFUCAOZJ9Y5KPW0TSHL38D2NGMVRX7Q64IE1,7,3,0,0.085,5.059644,0.959381,1.907975,,1.0,0.0
0.2,16384,1,license_plate_bahnschrift.ttf,BFUCAOZJ9Y5KPW0TSHL38D2NGMVRX7Q64IE1,7,3,0,0.17,7.155418,0.919759,1.349142,,1.0,0.0
0.3,16384,1,license_plate_bahnschrift.ttf,BFUCAOZJ9Y5KPW0TSHL38D2NGMVRX7Q64IE1,7,3,0,0.255,8.763561,0.881116,1.10157,,1.0,0.0
0.4,16384,1,license_plate_bahnschrift.ttf,BFUCAOZJ9Y5KPW0TSHL38D2NGMVRX7Q64IE1,7,3,0,0.34,10.119289,0.843436,0.953987,,1.0,0.0
0.5,16384,1,license_plate_bahnschrift.ttf,BFUCAOZJ9Y5KPW0TSHL38D2NGMVRX7Q64IE1,7,3,0,0.425,11.313708,0.8067,0.853272,,1.0,0.0
0.6,16384,1,license_plate_bahnschrift.ttf,BFUCAOZJ9Y5KPW0TSHL38D2NGMVRX7Q64IE1,7,3,0,0.51,12.393547,0.770893,0.778927,,1.0,0.0
0.7,16384,1,license_plate_bahnschrift.ttf,BFUCAOZJ9Y5KPW0TSHL38D2NGMVRX7Q64IE1,7,3,0,0.595,13.38656,0.735998,0.721147,,1.0,0.0
0.8,16384,1,license_plate_bahnschrift.ttf,BFUCAOZJ9Y5KPW0TSHL38D2NGMVRX7Q64IE1,7,3,0,0.68,14.310835,0.701998,0.674571,,1.0,0.0
0.9,16384,1,license_plate_bahnschrift.ttf,BFUCAOZJ9Y5KPW0TSHL38D2NGMVRX7Q64IE1,7,3,0,0.765,15.178933,0.668877,0.635992,,1.0,0.0
1.0,16384,1,license_plate_bahnschrift.ttf,BFUCAOZJ9Y5KPW0TSHL38D2NGMVRX7Q64IE1,7,3,0,0.85,16.0,0.63662,0.603355,,1.0,0.0
0.1,16384,1,license_plate_bahnschrift.ttf,BFUCAOZJ9Y5KPW0TSHL38D2NGMVRX7Q64IE1,7,7,0,0.085,5.059644,0.959381,1.907975,,1.0,0.0
0.2,16384,1,license_plate_bahnschrift.ttf,BFUCAOZJ9Y5KPW0TSHL38D2NGMVRX7Q64IE1,7,7,0,0.17,7.155418,0.919759,1.349142,,1.0,0.0
0.3,16384,1,license_plate_bahnschrift.ttf,BFUCAOZJ9Y5KPW0TSHL38D2NGMVRX7Q64IE1,7,7,0,0.255,8.763561,0.881116,1.10157,,1.0,0.0
0.4,16384,1,license_plate_bahnschrift.ttf,BFUCAOZJ9Y5KPW0TSHL38D2NGMVRX7Q64IE1,7,7,0,0.34,10.119289,0.843436,0.953987,,1.0,0.0
0.5,16384,1,license_plate_bahnschrift.ttf,BFUCAOZJ9Y5KPW0TSHL38D2NGMVRX7Q64IE1,7,7,0,0.425,11.313708,0.8067,0.853272,,1.0,0.0
0.6,16384,1,license_plate_bahnschrift.ttf,BFUCAOZJ9Y5KPW0TSHL38D2NGMVRX7Q64IE1,7,7,0,0.51,12.393547,0.770893,0.778927,,1.0,0.0
0.7,16384,1,license_plate_bahnschrift.ttf,BFUCAOZJ9Y5KPW0TSHL38D2NGMVRX7Q64IE1,7,7,0,0.595,13.38656,0.735998,0.721147,,1.0,0.0
0.8,16384,1,license_plate_bahnschrift.ttf,BFUCAOZJ9Y5KPW0TSHL38D2NGMVRX7Q64IE1,7,7,0,0.68,14.310835,0.701998,0.674571,,1.0,0.0
0.9,16384,1,license_plate_bahnschrift.ttf,BFUCAOZJ9Y5KPW0TSHL38D2NGMVRX7Q64IE1,7,7,0,0.765,15.178933,0.668877,0.635992,,1.0,0.0
1.0,16384,1,license_plate_bahnschrift.ttf,BFUCAOZJ9Y5KPW0TSHL38D2NGMVRX7Q64IE1,7,7,0,0.85,16.0,0.63662,0.603355,,1.0,0.0
0.1,16384,1,license_plate_bahnschrift.ttf,BFUCAOZJ9Y5KPW0TSHL38D2NGMVRX7Q64IE1,7,11,0,0.085,5.059644,0.959381,1.907975,,1.0,0.0
0.2,16384,1,license_plate_bahnschrift.ttf,BFUCAOZJ9Y5KPW0TSHL38D2NGMVRX7Q64IE1,7,11,0,0.17,7.155418,0.919759,1.349142,1,0.972222,0.027778
0.3,16384,1,license_plate_bahnschrift.ttf,BFUCAOZJ9Y5KPW0TSHL38D2NGMVRX7Q64IE1,7,11,0,0.255,8.763561,0.881116,1.10157,,1.0,0.0
0.4,16384,1,license_plate_bahnschrift.ttf,BFUCAOZJ9Y5KPW0TSHL38D2NGMVRX7Q64IE1,7,11,0,0.34,10.119289,0.843436,0.953987,,1.0,0.0
0.5,16384,1,license_plate_bahnschrift.ttf,BFUCAOZJ9Y5KPW0TSHL38D2NGMVRX7Q64IE1,7,11,0,0.425,11.313708,0.8067,0.853272,,1.0,0.0
0.6,16384,1,license_plate_bahnschrift.ttf,BFUCAOZJ9Y5KPW0TSHL38D2NGMVRX7Q64IE1,7,11,0,0.51,12.393547,0.770893,0.778927,,1.0,0.0
0.7,16384,1,license_plate_bahnschrift.ttf,BFUCAOZJ9Y5KPW0TSHL38D2NGMVRX7Q64IE1,7,11,0,0.595,13.38656,0.735998,0.721147,,1.0,0.0
0.8,16384,1,license_plate_bahnschrift.ttf,BFUCAOZJ9Y5KPW0TSHL38D2NGMVRX7Q64IE1,7,11,0,0.68,14.310835,0.701998,0.674571,,1.0,0.0
0.9,16384,1,license_plate_bahnschrift.ttf,BFUCAOZJ9Y5KPW0TSHL38D2NGMVRX7Q64IE1,7,11,0,0.765,15.178933,0.668877,0.635992,,1.0,0.0
1.0,16384,1,license_plate_bahnschrift.ttf,BFUCAOZJ9Y5KPW0TSHL38D2NGMVRX7Q64IE1,7,11,0,0.85,16.0,0.63662,0.603355,,1.0,0.0
0.1,16384,1,license_plate_bahnschrift.ttf,BFUCAOZJ9Y5KPW0TSHL38D2NGMVRX7Q64IE1,7,15,0,0.085,5.059644,0.959381,1.907975,,1.0,0.0
0.2,16384,1,license_plate_bahnschrift.ttf,BFUCAOZJ9Y5KPW0TSHL38D2NGMVRX7Q64IE1,7,15,0,0.17,7.155418,0.919759,1.349142,,1.0,0.0
0.3,16384,1,license_plate_bahnschrift.ttf,BFUCAOZJ9Y5KPW0TSHL38D2NGMVRX7Q64IE1,7,15,0,0.255,8.763561,0.881116,1.10157,,1.0,0.0
0.4,16384,1,license_plate_bahnschrift.ttf,BFUCAOZJ9Y5KPW0TSHL38D2NGMVRX7Q64IE1,7,15,0,0.34,10.119289,0.843436,0.953987,,1.0,0.0
0.5,16384,1,license_plate_bahnschrift.ttf,BFUCAOZJ9Y5KPW0TSHL38D2NGMVRX7Q64IE1,7,15,0,0.425,11.313708,0.8067,0.853272,,1.0,0.0
0.6,16384,1,license_plate_bahnschrift.ttf,BFUCAOZJ9Y5KPW0TSHL38D2NGMVRX7Q64IE1,7,15,0,0.51,12.393547,0.770893,0.778927,,1.0,0.0
0.7,16384,1,license_plate_bahnschrift.ttf,BFUCAOZJ9Y5KPW0TSHL38D2NGMVRX7Q64IE1,7,15,0,0.595,13.38656,0.735998,0.721147,,1.0,0.0
0.8,16384,1,license_plate_bahnschrift.ttf,BFUCAOZJ9Y5KPW0TSHL38D2NGMVRX7Q64IE1,7,15,0,0.68,14.310835,0.701998,0.674571,,1.0,0.0
0.9,16384,1,license_plate_bahnschrift.ttf,BFUCAOZJ9Y5KPW0TSHL38D2NGMVRX7Q64IE1,7,15,0,0.765,15.178933,0.668877,0.635992,,1.0,0.0
1.0,16384,1,license_plate_bahnschrift.ttf,BFUCAOZJ9Y5KPW0TSHL38D2NGMVRX7Q64IE1,7,15,0,0.85,16.0,0.63662,0.603355,,1.0,0.0
0.1,16384,1,license_plate_bahnschrift.ttf,BFUCAOZJ9Y5KPW0TSHL38D2NGMVRX7Q64IE1,11,0,0,0.085,5.059644,0.959381,1.907975,,1.0,0.0
0.2,16384,1,license_plate_bahnschrift.ttf,BFUCAOZJ9Y5KPW0TSHL38D2NGMVRX7Q64IE1,11,0,0,0.17,7.155418,0.919759,1.349142,,1.0,0.0
0.3,16384,1,license_plate_bahnschrift.ttf,BFUCAOZJ9Y5KPW0TSHL38D2NGMVRX7Q64IE1,11,0,0,0.255,8.763561,0.881116,1.10157,,1.0,0.0
0.4,16384,1,license_plate_bahnschrift.ttf,BFUCAOZJ9Y5KPW0TSHL38D2NGMVRX7Q64IE1,11,0,0,0.34,10.119289,0.843436,0.953987,,1.0,0.0
0.5,16384,1,license_plate_bahnschrift.ttf,BFUCAOZJ9Y5KPW0TSHL38D2NGMVRX7Q64IE1,11,0,0,0.425,11.313708,0.8067,0.853272,,1.0,0.0
0.6,16384,1,license_plate_bahnschrift.ttf,BFUCAOZJ9Y5KPW0TSHL38D2NGMVRX7Q64IE1,11,0,0,0.51,12.393547,0.770893,0.778927,S,0.972222,0.027778
0.7,16384,1,license_plate_bahnschrift.ttf,BFUCAOZJ9Y5KPW0TSHL38D2NGMVRX7Q64IE1,11,0,0,0.595,13.38656,0.735998,0.721147,,1.0,0.0
0.8,16384,1,license_plate_bahnschrift.ttf,BFUCAOZJ9Y5KPW0TSHL38D2NGMVRX7Q64IE1,11,0,0,0.68,14.310835,0.701998,0.674571,2,0.972222,0.027778
0.9,16384,1,license_plate_bahnschrift.ttf,BFUCAOZJ9Y5KPW0TSHL38D2NGMVRX7Q64IE1,11,0,0,0.765,15.178933,0.668877,0.635992,,1.0,0.0
1.0,16384,1,license_plate_bahnschrift.ttf,BFUCAOZJ9Y5KPW0TSHL38D2NGMVRX7Q64IE1,11,0,0,0.85,16.0,0.63662,0.603355,,1.0,0.0
0.1,16384,1,license_plate_bahnschrift.ttf,BFUCAOZJ9Y5KPW0TSHL38D2NGMVRX7Q64IE1,11,3,0,0.085,5.059644,0.959381,1.907975,SS,0.972222,0.027778
0.2,16384,1,license_plate_bahnschrift.ttf,BFUCAOZJ9Y5KPW0TSHL38D2NGMVRX7Q64IE1,11,3,0,0.17,7.155418,0.919759,1.349142,,1.0,0.0
0.3,16384,1,license_plate_bahnschrift.ttf,BFUCAOZJ9Y5KPW0TSHL38D2NGMVRX7Q64IE1,11,3,0,0.255,8.763561,0.881116,1.10157,,1.0,0.0
0.4,16384,1,license_plate_bahnschrift.ttf,BFUCAOZJ9Y5KPW0TSHL38D2NGMVRX7Q64IE1,11,3,0,0.34,10.119289,0.843436,0.953987,,1.0,0.0
0.5,16384,1,license_plate_bahnschrift.ttf,BFUCAOZJ9Y5KPW0TSHL38D2NGMVRX7Q64IE1,11,3,0,0.425,11.313708,0.8067,0.853272,,1.0,0.0
0.6,16384,1,license_plate_bahnschrift.ttf,BFUCAOZJ9Y5KPW0TSHL38D2NGMVRX7Q64IE1,11,3,0,0.51,12.393547,0.770893,0.778927,,1.0,0.0
0.7,16384,1,license_plate_bahnschrift.ttf,BFUCAOZJ9Y5KPW0TSHL38D2NGMVRX7Q64IE1,11,3,0,0.595,13.38656,0.735998,0.721147,,1.0,0.0
0.8,16384,1,license_plate_bahnschrift.ttf,BFUCAOZJ9Y5KPW0TSHL38D2NGMVRX7Q64IE1,11,3,0,0.68,14.310835,0.701998,0.674571,,1.0,0.0
0.9,16384,1,license_plate_bahnschrift.ttf,BFUCAOZJ9Y5KPW0TSHL38D2NGMVRX7Q64IE1,11,3,0,0.765,15.178933,0.668877,0.635992,,1.0,0.0
1.0,16384,1,license_plate_bahnschrift.ttf,BFUCAOZJ9Y5KPW0TSHL38D2NGMVRX7Q64IE1,11,3,0,0.85,16.0,0.63662,0.603355,,1.0,0.0
0.1,16384,1,license_plate_bahnschrift.ttf,BFUCAOZJ9Y5KPW0TSHL38D2NGMVRX7Q64IE1,11,7,0,0.085,5.059644,0.959381,1.907975,,1.0,0.0
0.2,16384,1,license_plate_bahnschrift.ttf,BFUCAOZJ9Y5KPW0TSHL38D2NGMVRX7Q64IE1,11,7,0,0.17,7.155418,0.919759,1.349142,,1.0,0.0
0.3,16384,1,license_plate_bahnschrift.ttf,BFUCAOZJ9Y5KPW0TSHL38D2NGMVRX7Q64IE1,11,7,0,0.255,8.763561,0.881116,1.10157,,1.0,0.0
0.4,16384,1,license_plate_bahnschrift.ttf,BFUCAOZJ9Y5KPW0TSHL38D2NGMVRX7Q64IE1,11,7,0,0.34,10.119289,0.843436,0.953987,,1.0,0.0
0.5,16384,1,license_plate_bahnschrift.ttf,BFUCAOZJ9Y5KPW0TSHL38D2NGMVRX7Q64IE1,11,7,0,0.425,11.313708,0.8067,0.853272,,1.0,0.0
0.6,16384,1,license_plate_bahnschrift.ttf,BFUCAOZJ9Y5KPW0TSHL38D2NGMVRX7Q64IE1,11,7,0,0.51,12.393547,0.770893,0.778927,,1.0,0.0
0.7,16384,1,license_plate_bahnschrift.ttf,BFUCAOZJ9Y5KPW0TSHL38D2NGMVRX7Q64IE1,11,7,0,0.595,13.38656,0.735998,0.721147,,1.0,0.0
0.8,16384,1,license_plate_bahnschrift.ttf,BFUCAOZJ9Y5KPW0TSHL38D2NGMVRX7Q64IE1,11,7,0,0.68,14.310835,0.701998,0.674571,,1.0,0.0
0.9,16384,1,license_plate_bahnschrift.ttf,BFUCAOZJ9Y5KPW0TSHL38D2NGMVRX7Q64IE1,11,7,0,0.765,15.178933,0.668877,0.635992,,1.0,0.0
1.0,16384,1,license_plate_bahnschrift.ttf,BFUCAOZJ9Y5KPW0TSHL38D2NGMVRX7Q64IE1,11,7,0,0.85,16.0,0.63662,0.603355,,1.0,0.0
0.1,16384,1,license_plate_bahnschrift.ttf,BFUCAOZJ9Y5KPW0TSHL38D2NGMVRX7Q64IE1,11,11,0,0.085,5.059644,0.959381,1.907975,,1.0,0.0
0.2,16384,1,license_plate_bahnschrift.ttf,BFUCAOZJ9Y5KPW0TSHL38D2NGMVRX7Q64IE1,11,11,0,0.17,7.155418,0.919759,1.349142,,1.0,0.0
0.3,16384,1,license_plate_bahnschrift.ttf,BFUCAOZJ9Y5KPW0TSHL38D2NGMVRX7Q64IE1,11,11,0,0.255,8.763561,0.881116,1.10157,,1.0,0.0
0.4,16384,1,license_plate_bahnschrift.ttf,BFUCAOZJ9Y5KPW0TSHL38D2NGMVRX7Q64IE1,11,11,0,0.34,10.119289,0.843436,0.953987,,1.0,0.0
0.5,16384,1,license_plate_bahnschrift.ttf,BFUCAOZJ9Y5KPW0TSHL38D2NGMVRX7Q64IE1,11,11,0,0.425,11.313708,0.8067,0.853272,,1.0,0.0
0.6,16384,1,license_plate_bahnschrift.ttf,BFUCAOZJ9Y5KPW0TSHL38D2NGMVRX7Q64IE1,11,11,0,0.51,12.393547,0.770893,0.778927,,1.0,0.0
0.7,16384,1,license_plate_bahnschrift.ttf,BFUCAOZJ9Y5KPW0TSHL38D2NGMVRX7Q64IE1,11,11,0,0.595,13.38656,0.735998,0.721147,SS,0.972222,0.027778
0.8,16384,1,license_plate_bahnschrift.ttf,BFUCAOZJ9Y5KPW0TSHL38D2NGMVRX7Q64IE1,11,11,0,0.68,14.310835,0.701998,0.674571,,1.0,0.0
0.9,16384,1,license_plate_bahnschrift.ttf,BFUCAOZJ9Y5KPW0TSHL38D2NGMVRX7Q64IE1,11,11,0,0.765,15.178933,0.668877,0.635992,,1.0,0.0
1.0,16384,1,license_plate_bahnschrift.ttf,BFUCAOZJ9Y5KPW0TSHL38D2NGMVRX7Q64IE1,11,11,0,0.85,16.0,0.63662,0.603355,,1.0,0.0
0.1,16384,1,license_plate_bahnschrift.ttf,BFUCAOZJ9Y5KPW0TSHL38D2NGMVRX7Q64IE1,11,15,0,0.085,5.059644,0.959381,1.907975,,1.0,0.0
0.2,16384,1,license_plate_bahnschrift.ttf,BFUCAOZJ9Y5KPW0TSHL38D2NGMVRX7Q64IE1,11,15,0,0.17,7.155418,0.919759,1.349142,,1.0,0.0
0.3,16384,1,license_plate_bahnschrift.ttf,BFUCAOZJ9Y5KPW0TSHL38D2NGMVRX7Q64IE1,11,15,0,0.255,8.763561,0.881116,1.10157,,1.0,0.0
0.4,16384,1,license_plate_bahnschrift.ttf,BFUCAOZJ9Y5KPW0TSHL38D2NGMVRX7Q64IE1,11,15,0,0.34,10.119289,0.843436,0.953987,,1.0,0.0
0.5,16384,1,license_plate_bahnschrift.ttf,BFUCAOZJ9Y5KPW0TSHL38D2NGMVRX7Q64IE1,11,15,0,0.425,11.313708,0.8067,0.853272,,1.0,0.0
0.6,16384,1,license_plate_bahnschrift.ttf,BFUCAOZJ9Y5KPW0TSHL38D2NGMVRX7Q64IE1,11,15,0,0.51,12.393547,0.770893,0.778927,S,0.972222,0.027778
0.7,16384,1,license_plate_bahnschrift.ttf,BFUCAOZJ9Y5KPW0TSHL38D2NGMVRX7Q64IE1,11,15,0,0.595,13.38656,0.735998,0.721147,,1.0,0.0
0.8,16384,1,license_plate_bahnschrift.ttf,BFUCAOZJ9Y5KPW0TSHL38D2NGMVRX7Q64IE1,11,15,0,0.68,14.310835,0.701998,0.674571,,1.0,0.0
0.9,16384,1,license_plate_bahnschrift.ttf,BFUCAOZJ9Y5KPW0TSHL38D2NGMVRX7Q64IE1,11,15,0,0.765,15.178933,0.668877,0.635992,,1.0,0.0
1.0,16384,1,license_plate_bahnschrift.ttf,BFUCAOZJ9Y5KPW0TSHL38D2NGMVRX7Q64IE1,11,15,0,0.85,16.0,0.63662,0.603355,,1.0,0.0
0.1,16384,1,license_plate_bahnschrift.ttf,BFUCAOZJ9Y5KPW0TSHL38D2NGMVRX7Q64IE1,15,0,0,0.085,5.059644,0.959381,1.907975,,1.0,0.0
0.2,16384,1,license_plate_bahnschrift.ttf,BFUCAOZJ9Y5KPW0TSHL38D2NGMVRX7Q64IE1,15,0,0,0.17,7.155418,0.919759,1.349142,,1.0,0.0
0.3,16384,1,license_plate_bahnschrift.ttf,BFUCAOZJ9Y5KPW0TSHL38D2NGMVRX7Q64IE1,15,0,0,0.255,8.763561,0.881116,1.10157,,1.0,0.0
0.4,16384,1,license_plate_bahnschrift.ttf,BFUCAOZJ9Y5KPW0TSHL38D2NGMVRX7Q64IE1,15,0,0,0.34,10.119289,0.843436,0.953987,,1.0,0.0
0.5,16384,1,license_plate_bahnschrift.ttf,BFUCAOZJ9Y5KPW0TSHL38D2NGMVRX7Q64IE1,15,0,0,0.425,11.313708,0.8067,0.853272,,1.0,0.0
0.6,16384,1,license_plate_bahnschrift.ttf,BFUCAOZJ9Y5KPW0TSHL38D2NGMVRX7Q64IE1,15,0,0,0.51,12.393547,0.770893,0.778927,,1.0,0.0
0.7,16384,1,license_plate_bahnschrift.ttf,BFUCAOZJ9Y5KPW0TSHL38D2NGMVRX7Q64IE1,15,0,0,0.595,13.38656,0.735998,0.721147,,1.0,0.0
0.8,16384,1,license_plate_bahnschrift.ttf,BFUCAOZJ9Y5KPW0TSHL38D2NGMVRX7Q64IE1,15,0,0,0.68,14.310835,0.701998,0.674571,,1.0,0.0
0.9,16384,1,license_plate_bahnschrift.ttf,BFUCAOZJ9Y5KPW0TSHL38D2NGMVRX7Q64IE1,15,0,0,0.765,15.178933,0.668877,0.635992,,1.0,0.0
1.0,16384,1,license_plate_bahnschrift.ttf,BFUCAOZJ9Y5KPW0TSHL38D2NGMVRX7Q64IE1,15,0,0,0.85,16.0,0.63662,0.603355,,1.0,0.0
0.1,16384,1,license_plate_bahnschrift.ttf,BFUCAOZJ9Y5KPW0TSHL38D2NGMVRX7Q64IE1,15,3,0,0.085,5.059644,0.959381,1.907975,,1.0,0.0
0.2,16384,1,license_plate_bahnschrift.ttf,BFUCAOZJ9Y5KPW0TSHL38D2NGMVRX7Q64IE1,15,3,0,0.17,7.155418,0.919759,1.349142,,1.0,0.0
0.3,16384,1,license_plate_bahnschrift.ttf,BFUCAOZJ9Y5KPW0TSHL38D2NGMVRX7Q64IE1,15,3,0,0.255,8.763561,0.881116,1.10157,,1.0,0.0
0.4,16384,1,license_plate_bahnschrift.ttf,BFUCAOZJ9Y5KPW0TSHL38D2NGMVRX7Q64IE1,15,3,0,0.34,10.119289,0.843436,0.953987,,1.0,0.0
0.5,16384,1,license_plate_bahnschrift.ttf,BFUCAOZJ9Y5KPW0TSHL38D2NGMVRX7Q64IE1,15,3,0,0.425,11.313708,0.8067,0.853272,,1.0,0.0
0.6,16384,1,license_plate_bahnschrift.ttf,BFUCAOZJ9Y5KPW0TSHL38D2NGMVRX7Q64IE1,15,3,0,0.51,12.393547,0.770893,0.778927,,1.0,0.0
0.7,16384,1,license_plate_bahnschrift.ttf,BFUCAOZJ9Y5KPW0TSHL38D2NGMVRX7Q64IE1,15,3,0,0.595,13.38656,0.735998,0.721147,OS,0.944444,0.055556
0.8,16384,1,license_plate_bahnschrift.ttf,BFUCAOZJ9Y5KPW0TSHL38D2NGMVRX7Q64IE1,15,3,0,0.68,14.310835,0.701998,0.674571,,1.0,0.0
0.9,16384,1,license_plate_bahnschrift.ttf,BFUCAOZJ9Y5KPW0TSHL38D2NGMVRX7Q64IE1,15,3,0,0.765,15.178933,0.668877,0.635992,,1.0,0.0
1.0,16384,1,license_plate_bahnschrift.ttf,BFUCAOZJ9Y5KPW0TSHL38D2NGMVRX7Q64IE1,15,3,0,0.85,16.0,0.63662,0.603355,,1.0,0.0
0.1,16384,1,license_plate_bahnschrift.ttf,BFUCAOZJ9Y5KPW0TSHL38D2NGMVRX7Q64IE1,15,7,0,0.085,5.059644,0.959381,1.907975,,1.0,0.0
0.2,16384,1,license_plate_bahnschrift.ttf,BFUCAOZJ9Y5KPW0TSHL38D2NGMVRX7Q64IE1,15,7,0,0.17,7.155418,0.919759,1.349142,,1.0,0.0
0.3,16384,1,license_plate_bahnschrift.ttf,BFUCAOZJ9Y5KPW0TSHL38D2NGMVRX7Q64IE1,15,7,0,0.255,8.763561,0.881116,1.10157,,1.0,0.0
0.4,16384,1,license_plate_bahnschrift.ttf,BFUCAOZJ9Y5KPW0TSHL38D2NGMVRX7Q64IE1,15,7,0,0.34,10.119289,0.843436,0.953987,,1.0,0.0
0.5,16384,1,license_plate_bahnschrift.ttf,BFUCAOZJ9Y5KPW0TSHL38D2NGMVRX7Q64IE1,15,7,0,0.425,11.313708,0.8067,0.853272,,1.0,0.0
0.6,16384,1,license_plate_bahnschrift.ttf,BFUCAOZJ9Y5KPW0TSHL38D2NGMVRX7Q64IE1,15,7,0,0.51,12.393547,0.770893,0.778927,,1.0,0.0
0.7,16384,1,license_plate_bahnschrift.ttf,BFUCAOZJ9Y5KPW0TSHL38D2NGMVRX7Q64IE1,15,7,0,0.595,13.38656,0.735998,0.721147,,1.0,0.0
0.8,16384,1,license_plate_bahnschrift.ttf,BFUCAOZJ9Y5KPW0TSHL38D2NGMVRX7Q64IE1,15,7,0,0.68,14.310835,0.701998,0.674571,,1.0,0.0
0.9,16384,1,license_plate_bahnschrift.ttf,BFUCAOZJ9Y5KPW0TSHL38D2NGMVRX7Q64IE1,15,7,0,0.765,15.178933,0.668877,0.635992,,1.0,0.0
1.0,16384,1,license_plate_bahnschrift.ttf,BFUCAOZJ9Y5KPW0TSHL38D2NGMVRX7Q64IE1,15,7,0,0.85,16.0,0.63662,0.603355,,1.0,0.0
0.1,16384,1,license_plate_bahnschrift.ttf,BFUCAOZJ9Y5KPW0TSHL38D2NGMVRX7Q64IE1,15,11,0,0.085,5.059644,0.959381,1.907975,,1.0,0.0
0.2,16384,1,license_plate_bahnschrift.ttf,BFUCAOZJ9Y5KPW0TSHL38D2NGMVRX7Q64IE1,15,11,0,0.17,7.155418,0.919759,1.349142,,1.0,0.0
0.3,16384,1,license_plate_bahnschrift.ttf,BFUCAOZJ9Y5KPW0TSHL38D2NGMVRX7Q64IE1,15,11,0,0.255,8.763561,0.881116,1.10157,,1.0,0.0
0.4,16384,1,license_plate_bahnschrift.ttf,BFUCAOZJ9Y5KPW0TSHL38D2NGMVRX7Q64IE1,15,11,0,0.34,10.119289,0.843436,0.953987,,1.0,0.0
0.5,16384,1,license_plate_bahnschrift.ttf,BFUCAOZJ9Y5KPW0TSHL38D2NGMVRX7Q64IE1,15,11,0,0.425,11.313708,0.8067,0.853272,,1.0,0.0
0.6,16384,1,license_plate_bahnschrift.ttf,BFUCAOZJ9Y5KPW0TSHL38D2NGMVRX7Q64IE1,15,11,0,0.51,12.393547,0.770893,0.778927,,1.0,0.0
0.7,16384,1,license_plate_bahnschrift.ttf,BFUCAOZJ9Y5KPW0TSHL38D2NGMVRX7Q64IE1,15,11,0,0.595,13.38656,0.735998,0.721147,,1.0,0.0
0.8,16384,1,license_plate_bahnschrift.ttf,BFUCAOZJ9Y5KPW0TSHL38D2NGMVRX7Q64IE1,15,11,0,0.68,14.310835,0.701998,0.674571,,1.0,0.0
0.9,16384,1,license_plate_bahnschrift.ttf,BFUCAOZJ9Y5KPW0TSHL38D2NGMVRX7Q64IE1,15,11,0,0.765,15.178933,0.668877,0.635992,,1.0,0.0
1.0,16384,1,license_plate_bahnschrift.ttf,BFUCAOZJ9Y5KPW0TSHL38D2NGMVRX7Q64IE1,15,11,0,0.85,16.0,0.63662,0.603355,,1.0,0.0
0.1,16384,1,license_plate_bahnschrift.ttf,BFUCAOZJ9Y5KPW0TSHL38D2NGMVRX7Q64IE1,15,15,0,0.085,5.059644,0.959381,1.907975,,1.0,0.0
0.2,16384,1,license_plate_bahnschrift.ttf,BFUCAOZJ9Y5KPW0TSHL38D2NGMVRX7Q64IE1,15,15,0,0.17,7.155418,0.919759,1.349142,,1.0,0.0
0.3,16384,1,license_plate_bahnschrift.ttf,BFUCAOZJ9Y5KPW0TSHL38D2NGMVRX7Q64IE1,15,15,0,0.255,8.763561,0.881116,1.10157,,1.0,0.0
0.4,16384,1,license_plate_bahnschrift.ttf,BFUCAOZJ9Y5KPW0TSHL38D2NGMVRX7Q64IE1,15,15,0,0.34,10.119289,0.843436,0.953987,,1.0,0.0
0.5,16384,1,license_plate_bahnschrift.ttf,BFUCAOZJ9Y5KPW0TSHL38D2NGMVRX7Q64IE1,15,15,0,0.425,11.313708,0.8067,0.853272,,1.0,0.0
0.6,16384,1,license_plate_bahnschrift.ttf,BFUCAOZJ9Y5KPW0TSHL38D2NGMVRX7Q64IE1,15,15,0,0.51,12.393547,0.770893,0.778927,,1.0,0.0
0.7,16384,1,license_plate_bahnschrift.ttf,BFUCAOZJ9Y5KPW0TSHL38D2NGMVRX7Q64IE1,15,15,0,0.595,13.38656,0.735998,0.721147,,1.0,0.0
0.8,16384,1,license_plate_bahnschrift.ttf,BFUCAOZJ9Y5KPW0TSHL38D2NGMVRX7Q64IE1,15,15,0,0.68,14.310835,0.701998,0.674571,,1.0,0.0
0.9,16384,1,license_plate_bahnschrift.ttf,BFUCAOZJ9Y5KPW0TSHL38D2NGMVRX7Q64IE1,15,15,0,0.765,15.178933,0.668877,0.635992,,1.0,0.0
1.0,16384,1,license_plate_bahnschrift.ttf,BFUCAOZJ9Y5KPW0TSHL38D2NGMVRX7Q64IE1,15,15,0,0.85,16.0,0.63662,0.603355,,1.0,0.0
0.1,16384,2,license_plate_bahnschrift.ttf,BFUCAOZJ9Y5KPW0TSHL38D2NGMVRX7Q64IE1,0,0,0,0.085,5.059644,0.959381,1.907975,08,0.944444,0.055556
0.2,16384,2,license_plate_bahnschrift.ttf,BFUCAOZJ9Y5KPW0TSHL38D2NGMVRX7Q64IE1,0,0,0,0.17,7.155418,0.919759,1.349142,FO,0.944444,0.055556
0.3,16384,2,license_plate_bahnschrift.ttf,BFUCAOZJ9Y5KPW0TSHL38D2NGMVRX7Q64IE1,0,0,0,0.255,8.763561,0.881116,1.10157,N8,0.972222,0.027778
0.4,16384,2,license_plate_bahnschrift.ttf,BFUCAOZJ9Y5KPW0TSHL38D2NGMVRX7Q64IE1,0,0,0,0.34,10.119289,0.843436,0.953987,SEA8,0.944444,0.055556
0.5,16384,2,license_plate_bahnschrift.ttf,BFUCAOZJ9Y5KPW0TSHL38D2NGMVRX7Q64IE1,0,0,0,0.425,11.313708,0.8067,0.853272,,1.0,0.0
0.6,16384,2,license_plate_bahnschrift.ttf,BFUCAOZJ9Y5KPW0TSHL38D2NGMVRX7Q64IE1,0,0,0,0.51,12.393547,0.770893,0.778927,,1.0,0.0
0.7,16384,2,license_plate_bahnschrift.ttf,BFUCAOZJ9Y5KPW0TSHL38D2NGMVRX7Q64IE1,0,0,0,0.595,13.38656,0.735998,0.721147,,1.0,0.0
0.8,16384,2,license_plate_bahnschrift.ttf,BFUCAOZJ9Y5KPW0TSHL38D2NGMVRX7Q64IE1,0,0,0,0.68,14.310835,0.701998,0.674571,,1.0,0.0
0.9,16384,2,license_plate_bahnschrift.ttf,BFUCAOZJ9Y5KPW0TSHL38D2NGMVRX7Q64IE1,0,0,0,0.765,15.178933,0.668877,0.635992,,1.0,0.0
1.0,16384,2,license_plate_bahnschrift.ttf,BFUCAOZJ9Y5KPW0TSHL38D2NGMVRX7Q64IE1,0,0,0,0.85,16.0,0.63662,0.603355,,1.0,0.0
0.1,16384,2,license_plate_bahnschrift.ttf,BFUCAOZJ9Y5KPW0TSHL38D2NGMVRX7Q64IE1,0,3,0,0.085,5.059644,0.959381,1.907975,7,0.972222,0.027778
0.2,16384,2,license_plate_bahnschrift.ttf,BFUCAOZJ9Y5KPW0TSHL38D2NGMVRX7Q64IE1,0,3,0,0.17,7.155418,0.919759,1.349142,,1.0,0.0
0.3,16384,2,license_plate_bahnschrift.ttf,BFUCAOZJ9Y5KPW0TSHL38D2NGMVRX7Q64IE1,0,3,0,0.255,8.763561,0.881116,1.10157,W,0.972222,0.027778
0.4,16384,2,license_plate_bahnschrift.ttf,BFUCAOZJ9Y5KPW0TSHL38D2NGMVRX7Q64IE1,0,3,0,0.34,10.119289,0.843436,0.953987,OS,0.944444,0.055556
0.5,16384,2,license_plate_bahnschrift.ttf,BFUCAOZJ9Y5KPW0TSHL38D2NGMVRX7Q64IE1,0,3,0,0.425,11.313708,0.8067,0.853272,,1.0,0.0
0.6,16384,2,license_plate_bahnschrift.ttf,BFUCAOZJ9Y5KPW0TSHL38D2NGMVRX7Q64IE1,0,3,0,0.51,12.393547,0.770893,0.778927,,1.0,0.0
0.7,16384,2,license_plate_bahnschrift.ttf,BFUCAOZJ9Y5KPW0TSHL38D2NGMVRX7Q64IE1,0,3,0,0.595,13.38656,0.735998,0.721147,,1.0,0.0
0.8,16384,2,license_plate_bahnschrift.ttf,BFUCAOZJ9Y5KPW0TSHL38D2NGMVRX7Q64IE1,0,3,0,0.68,14.310835,0.701998,0.674571,,1.0,0.0
0.9,16384,2,license_plate_bahnschrift.ttf,BFUCAOZJ9Y5KPW0TSHL38D2NGMVRX7Q64IE1,0,3,0,0.765,15.178933,0.668877,0.635992,,1.0,0.0
1.0,16384,2,license_plate_bahnschrift.ttf,BFUCAOZJ9Y5KPW0TSHL38D2NGMVRX7Q64IE1,0,3,0,0.85,16.0,0.63662,0.603355,,1.0,0.0
0.1,16384,2,license_plate_bahnschrift.ttf,BFUCAOZJ9Y5KPW0TSHL38D2NGMVRX7Q64IE1,0,7,0,0.085,5.059644,0.959381,1.907975,SNE,0.916667,0.083333
0.2,16384,2,license_plate_bahnschrift.ttf,BFUCAOZJ9Y5KPW0TSHL38D2NGMVRX7Q64IE1,0,7,0,0.17,7.155418,0.919759,1.349142,WF,0.972222,0.027778
0.3,16384,2,license_plate_bahnschrift.ttf,BFUCAOZJ9Y5KPW0TSHL38D2NGMVRX7Q64IE1,0,7,0,0.255,8.763561,0.881116,1.10157,OO,0.972222,0.027778
0.4,16384,2,license_plate_bahnschrift.ttf,BFUCAOZJ9Y5KPW0TSHL38D2NGMVRX7Q64IE1,0,7,0,0.34,10.119289,0.843436,0.953987,TOS,0.944444,0.055556
0.5,16384,2,license_plate_bahnschrift.ttf,BFUCAOZJ9Y5KPW0TSHL38D2NGMVRX7Q64IE1,0,7,0,0.425,11.313708,0.8067,0.853272,AOS,0.916667,0.083333
0.6,16384,2,license_plate_bahnschrift.ttf,BFUCAOZJ9Y5KPW0TSHL38D2NGMVRX7Q64IE1,0,7,0,0.51,12.393547,0.770893,0.778927,O6BOO,0.944444,0.055556
0.7,16384,2,license_plate_bahnschrift.ttf,BFUCAOZJ9Y5KPW0TSHL38D2NGMVRX7Q64IE1,0,7,0,0.595,13.38656,0.735998,0.721147,OEFE,0.944444,0.055556
0.8,16384,2,license_plate_bahnschrift.ttf,BFUCAOZJ9Y5KPW0TSHL38D2NGMVRX7Q64IE1,0,7,0,0.68,14.310835,0.701998,0.674571,,1.0,0.0
0.9,16384,2,license_plate_bahnschrift.ttf,BFUCAOZJ9Y5KPW0TSHL38D2NGMVRX7Q64IE1,0,7,0,0.765,15.178933,0.668877,0.635992,,1.0,0.0
1.0,16384,2,license_plate_bahnschrift.ttf,BFUCAOZJ9Y5KPW0TSHL38D2NGMVRX7Q64IE1,0,7,0,0.85,16.0,0.63662,0.603355,OC,0.972222,0.027778
0.1,16384,2,license_plate_bahnschrift.ttf,BFUCAOZJ9Y5KPW0TSHL38D2NGMVRX7Q64IE1,0,11,0,0.085,5.059644,0.959381,1.907975,SO,0.972222,0.027778
0.2,16384,2,license_plate_bahnschrift.ttf,BFUCAOZJ9Y5KPW0TSHL38D2NGMVRX7Q64IE1,0,11,0,0.17,7.155418,0.919759,1.349142,BO,0.944444,0.055556
0.3,16384,2,license_plate_bahnschrift.ttf,BFUCAOZJ9Y5KPW0TSHL38D2NGMVRX7Q64IE1,0,11,0,0.255,8.763561,0.881116,1.10157,R,0.972222,0.027778
0.4,16384,2,license_plate_bahnschrift.ttf,BFUCAOZJ9Y5KPW0TSHL38D2NGMVRX7Q64IE1,0,11,0,0.34,10.119289,0.843436,0.953987,F,0.972222,0.027778
0.5,16384,2,license_plate_bahnschrift.ttf,BFUCAOZJ9Y5KPW0TSHL38D2NGMVRX7Q64IE1,0,11,0,0.425,11.313708,0.8067,0.853272,RP,0.972222,0.027778
0.6,16384,2,license_plate_bahnschrift.ttf,BFUCAOZJ9Y5KPW0TSHL38D2NGMVRX7Q64IE1,0,11,0,0.51,12.393547,0.770893,0.778927,OE,0.944444,0.055556
0.7,16384,2,license_plate_bahnschrift.ttf,BFUCAOZJ9Y5KPW0TSHL38D2NGMVRX7Q64IE1,0,11,0,0.595,13.38656,0.735998,0.721147,,1.0,0.0
0.8,16384,2,license_plate_bahnschrift.ttf,BFUCAOZJ9Y5KPW0TSHL38D2NGMVRX7Q64IE1,0,11,0,0.68,14.310835,0.701998,0.674571,PP,0.972222,0.027778
0.9,16384,2,license_plate_bahnschrift.ttf,BFUCAOZJ9Y5KPW0TSHL38D2NGMVRX7Q64IE1,0,11,0,0.765,15.178933,0.668877,0.635992,,1.0,0.0
1.0,16384,2,license_plate_bahnschrift.ttf,BFUCAOZJ9Y5KPW0TSHL38D2NGMVRX7Q64IE1,0,11,0,0.85,16.0,0.63662,0.603355,,1.0,0.0
0.1,16384,2,license_plate_bahnschrift.ttf,BFUCAOZJ9Y5KPW0TSHL38D2NGMVRX7Q64IE1,0,15,0,0.085,5.059644,0.959381,1.907975,7,0.972222,0.027778
0.2,16384,2,license_plate_bahnschrift.ttf,BFUCAOZJ9Y5KPW0TSHL38D2NGMVRX7Q64IE1,0,15,0,0.17,7.155418,0.919759,1.349142,6,0.972222,0.027778
0.3,16384,2,license_plate_bahnschrift.ttf,BFUCAOZJ9Y5KPW0TSHL38D2NGMVRX7Q64IE1,0,15,0,0.255,8.763561,0.881116,1.10157,,1.0,0.0
0.4,16384,2,license_plate_bahnschrift.ttf,BFUCAOZJ9Y5KPW0TSHL38D2NGMVRX7Q64IE1,0,15,0,0.34,10.119289,0.843436,0.953987,VE,0.944444,0.055556
0.5,16384,2,license_plate_bahnschrift.ttf,BFUCAOZJ9Y5KPW0TSHL38D2NGMVRX7Q64IE1,0,15,0,0.425,11.313708,0.8067,0.853272,R8,0.972222,0.027778
0.6,16384,2,license_plate_bahnschrift.ttf,BFUCAOZJ9Y5KPW0TSHL38D2NGMVRX7Q64IE1,0,15,0,0.51,12.393547,0.770893,0.778927,,1.0,0.0
0.7,16384,2,license_plate_bahnschrift.ttf,BFUCAOZJ9Y5KPW0TSHL38D2NGMVRX7Q64IE1,0,15,0,0.595,13.38656,0.735998,0.721147,,1.0,0.0
0.8,16384,2,license_plate_bahnschrift.ttf,BFUCAOZJ9Y5KPW0TSHL38D2NGMVRX7Q64IE1,0,15,0,0.68,14.310835,0.701998,0.674571,,1.0,0.0
0.9,16384,2,license_plate_bahnschrift.ttf,BFUCAOZJ9Y5KPW0TSHL38D2NGMVRX7Q64IE1,0,15,0,0.765,15.178933,0.668877,0.635992,,1.0,0.0
1.0,16384,2,license_plate_bahnschrift.ttf,BFUCAOZJ9Y5KPW0TSHL38D2NGMVRX7Q64IE1,0,15,0,0.85,16.0,0.63662,0.603355,,1.0,0.0
0.1,16384,2,license_plate_bahnschrift.ttf,BFUCAOZJ9Y5KPW0TSHL38D2NGMVRX7Q64IE1,3,0,0,0.085,5.059644,0.959381,1.907975,,1.0,0.0
0.2,16384,2,license_plate_bahnschrift.ttf,BFUCAOZJ9Y5KPW0TSHL38D2NGMVRX7Q64IE1,3,0,0,0.17,7.155418,0.919759,1.349142,I,0.972222,0.027778
0.3,16384,2,license_plate_bahnschrift.ttf,BFUCAOZJ9Y5KPW0TSHL38D2NGMVRX7Q64IE1,3,0,0,0.255,8.763561,0.881116,1.10157,OM,0.944444,0.055556
0.4,16384,2,license_plate_bahnschrift.ttf,BFUCAOZJ9Y5KPW0TSHL38D2NGMVRX7Q64IE1,3,0,0,0.34,10.119289,0.843436,0.953987,TOTO,0.944444,0.055556
0.5,16384,2,license_plate_bahnschrift.ttf,BFUCAOZJ9Y5KPW0TSHL38D2NGMVRX7Q64IE1,3,0,0,0.425,11.313708,0.8067,0.853272,,1.0,0.0
0.6,16384,2,license_plate_bahnschrift.ttf,BFUCAOZJ9Y5KPW0TSHL38D2NGMVRX7Q64IE1,3,0,0,0.51,12.393547,0.770893,0.778927,,1.0,0.0
0.7,16384,2,license_plate_bahnschrift.ttf,BFUCAOZJ9Y5KPW0TSHL38D2NGMVRX7Q64IE1,3,0,0,0.595,13.38656,0.735998,0.721147,,1.0,0.0
0.8,16384,2,license_plate_bahnschrift.ttf,BFUCAOZJ9Y5KPW0TSHL38D2NGMVRX7Q64IE1,3,0,0,0.68,14.310835,0.701998,0.674571,,1.0,0.0
0.9,16384,2,license_plate_bahnschrift.ttf,BFUCAOZJ9Y5KPW0TSHL38D2NGMVRX7Q64IE1,3,0,0,0.765,15.178933,0.668877,0.635992,,1.0,0.0
1.0,16384,2,license_plate_bahnschrift.ttf,BFUCAOZJ9Y5KPW0TSHL38D2NGMVRX7Q64IE1,3,0,0,0.85,16.0,0.63662,0.603355,,1.0,0.0
0.1,16384,2,license_plate_bahnschrift.ttf,BFUCAOZJ9Y5KPW0TSHL38D2NGMVRX7Q64IE1,3,3,0,0.085,5.059644,0.959381,1.907975,A9ROO,0.916667,0.083333
0.2,16384,2,license_plate_bahnschrift.ttf,BFUCAOZJ9Y5KPW0TSHL38D2NGMVRX7Q64IE1,3,3,0,0.17,7.155418,0.919759,1.349142,FAV,0.916667,0.083333
0.3,16384,2,license_plate_bahnschrift.ttf,BFUCAOZJ9Y5KPW0TSHL38D2NGMVRX7Q64IE1,3,3,0,0.255,8.763561,0.881116,1.10157,,1.0,0.0
0.4,16384,2,license_plate_bahnschrift.ttf,BFUCAOZJ9Y5KPW0TSHL38D2NGMVRX7Q64IE1,3,3,0,0.34,10.119289,0.843436,0.953987,ANTF,0.944444,0.055556
0.5,16384,2,license_plate_bahnschrift.ttf,BFUCAOZJ9Y5KPW0TSHL38D2NGMVRX7Q64IE1,3,3,0,0.425,11.313708,0.8067,0.853272,,1.0,0.0
0.6,16384,2,license_plate_bahnschrift.ttf,BFUCAOZJ9Y5KPW0TSHL38D2NGMVRX7Q64IE1,3,3,0,0.51,12.393547,0.770893,0.778927,ANTEOF,0.944444,0.055556
0.7,16384,2,license_plate_bahnschrift.ttf,BFUCAOZJ9Y5KPW0TSHL38D2NGMVRX7Q64IE1,3,3,0,0.595,13.38656,0.735998,0.721147,,1.0,0.0
0.8,16384,2,license_plate_bahnschrift.ttf,BFUCAOZJ9Y5KPW0TSHL38D2NGMVRX7Q64IE1,3,3,0,0.68,14.310835,0.701998,0.674571,,1.0,0.0
0.9,16384,2,license_plate_bahnschrift.ttf,BFUCAOZJ9Y5KPW0TSHL38D2NGMVRX7Q64IE1,3,3,0,0.765,15.178933,0.668877,0.635992,,1.0,0.0
1.0,16384,2,license_plate_bahnschrift.ttf,BFUCAOZJ9Y5KPW0TSHL38D2NGMVRX7Q64IE1,3,3,0,0.85,16.0,0.63662,0.603355,,1.0,0.0
0.1,16384,2,license_plate_bahnschrift.ttf,BFUCAOZJ9Y5KPW0TSHL38D2NGMVRX7Q64IE1,3,7,0,0.085,5.059644,0.959381,1.907975,I,0.972222,0.027778
0.2,16384,2,license_plate_bahnschrift.ttf,BFUCAOZJ9Y5KPW0TSHL38D2NGMVRX7Q64IE1,3,7,0,0.17,7.155418,0.919759,1.349142,ST,0.972222,0.027778
0.3,16384,2,license_plate_bahnschrift.ttf,BFUCAOZJ9Y5KPW0TSHL38D2NGMVRX7Q64IE1,3,7,0,0.255,8.763561,0.881116,1.10157,ATT,0.944444,0.055556
0.4,16384,2,license_plate_bahnschrift.ttf,BFUCAOZJ9Y5KPW0TSHL38D2NGMVRX7Q64IE1,3,7,0,0.34,10.119289,0.843436,0.953987,OASTOOO,0.944444,0.055556
0.5,16384,2,license_plate_bahnschrift.ttf,BFUCAOZJ9Y5KPW0TSHL38D2NGMVRX7Q64IE1,3,7,0,0.425,11.313708,0.8067,0.853272,OANTTOSOEOO,0.944444,0.055556
0.6,16384,2,license_plate_bahnschrift.ttf,BFUCAOZJ9Y5KPW0TSHL38D2NGMVRX7Q64IE1,3,7,0,0.51,12.393547,0.770893,0.778927,OLA,0.944444,0.055556
0.7,16384,2,license_plate_bahnschrift.ttf,BFUCAOZJ9Y5KPW0TSHL38D2NGMVRX7Q64IE1,3,7,0,0.595,13.38656,0.735998,0.721147,OLIOSOO,0.944444,0.055556
0.8,16384,2,license_plate_bahnschrift.ttf,BFUCAOZJ9Y5KPW0TSHL38D2NGMVRX7Q64IE1,3,7,0,0.68,14.310835,0.701998,0.674571,CEOO,0.944444,0.055556
0.9,16384,2,license_plate_bahnschrift.ttf,BFUCAOZJ9Y5KPW0TSHL38D2NGMVRX7Q64IE1,3,7,0,0.765,15.178933,0.668877,0.635992,OOO,0.972222,0.027778
1.0,16384,2,license_plate_bahnschrift.ttf,BFUCAOZJ9Y5KPW0TSHL38D2NGMVRX7Q64IE1,3,7,0,0.85,16.0,0.63662,0.603355,6,0.972222,0.027778
0.1,16384,2,license_plate_bahnschrift.ttf,BFUCAOZJ9Y5KPW0TSHL38D2NGMVRX7Q64IE1,3,11,0,0.085,5.059644,0.959381,1.907975,OE,0.944444,0.055556
0.2,16384,2,license_plate_bahnschrift.ttf,BFUCAOZJ9Y5KPW0TSHL38D2NGMVRX7Q64IE1,3,11,0,0.17,7.155418,0.919759,1.349142,SO,0.972222,0.027778
0.3,16384,2,license_plate_bahnschrift.ttf,BFUCAOZJ9Y5KPW0TSHL38D2NGMVRX7Q64IE1,3,11,0,0.255,8.763561,0.881116,1.10157,CMRTO,0.916667,0.083333
0.4,16384,2,license_plate_bahnschrift.ttf,BFUCAOZJ9Y5KPW0TSHL38D2NGMVRX7Q64IE1,3,11,0,0.34,10.119289,0.843436,0.953987,PMRKFOTR,0.916667,0.083333
0.5,16384,2,license_plate_bahnschrift.ttf,BFUCAOZJ9Y5KPW0TSHL38D2NGMVRX7Q64IE1,3,11,0,0.425,11.313708,0.8067,0.853272,PLO,0.944444,0.055556
0.6,16384,2,license_plate_bahnschrift.ttf,BFUCAOZJ9Y5KPW0TSHL38D2NGMVRX7Q64IE1,3,11,0,0.51,12.393547,0.770893,0.778927,PLOT,0.944444,0.055556
0.7,16384,2,license_plate_bahnschrift.ttf,BFUCAOZJ9Y5KPW0TSHL38D2NGMVRX7Q64IE1,3,11,0,0.595,13.38656,0.735998,0.721147,,1.0,0.0
0.8,16384,2,license_plate_bahnschrift.ttf,BFUCAOZJ9Y5KPW0TSHL38D2NGMVRX7Q64IE1,3,11,0,0.68,14.310835,0.701998,0.674571,,1.0,0.0
0.9,16384,2,license_plate_bahnschrift.ttf,BFUCAOZJ9Y5KPW0TSHL38D2NGMVRX7Q64IE1,3,11,0,0.765,15.178933,0.668877,0.635992,,1.0,0.0
1.0,16384,2,license_plate_bahnschrift.ttf,BFUCAOZJ9Y5KPW0TSHL38D2NGMVRX7Q64IE1,3,11,0,0.85,16.0,0.63662,0.603355,,1.0,0.0
0.1,16384,2,license_plate_bahnschrift.ttf,BFUCAOZJ9Y5KPW0TSHL38D2NGMVRX7Q64IE1,3,15,0,0.085,5.059644,0.959381,1.907975,0,0.972222,0.027778
0.2,16384,2,license_plate_bahnschrift.ttf,BFUCAOZJ9Y5KPW0TSHL38D2NGMVRX7Q64IE1,3,15,0,0.17,7.155418,0.919759,1.349142,I,0.972222,0.027778
0.3,16384,2,license_plate_bahnschrift.ttf,BFUCAOZJ9Y5KPW0TSHL38D2NGMVRX7Q64IE1,3,15,0,0.255,8.763561,0.881116,1.10157,OO,0.972222,0.027778
0.4,16384,2,license_plate_bahnschrift.ttf,BFUCAOZJ9Y5KPW0TSHL38D2NGMVRX7Q64IE1,3,15,0,0.34,10.119289,0.843436,0.953987,,1.0,0.0
0.5,16384,2,license_plate_bahnschrift.ttf,BFUCAOZJ9Y5KPW0TSHL38D2NGMVRX7Q64IE1,3,15,0,0.425,11.313708,0.8067,0.853272,,1.0,0.0
0.6,16384,2,license_plate_bahnschrift.ttf,BFUCAOZJ9Y5KPW0TSHL38D2NGMVRX7Q64IE1,3,15,0,0.51,12.393547,0.770893,0.778927,,1.0,0.0
0.7,16384,2,license_plate_bahnschrift.ttf,BFUCAOZJ9Y5KPW0TSHL38D2NGMVRX7Q64IE1,3,15,0,0.595,13.38656,0.735998,0.721147,,1.0,0.0
0.8,16384,2,license_plate_bahnschrift.ttf,BFUCAOZJ9Y5KPW0TSHL38D2NGMVRX7Q64IE1,3,15,0,0.68,14.310835,0.701998,0.674571,,1.0,0.0
0.9,16384,2,license_plate_bahnschrift.ttf,BFUCAOZJ9Y5KPW0TSHL38D2NGMVRX7Q64IE1,3,15,0,0.765,15.178933,0.668877,0.635992,,1.0,0.0
1.0,16384,2,license_plate_bahnschrift.ttf,BFUCAOZJ9Y5KPW0TSHL38D2NGMVRX7Q64IE1,3,15,0,0.85,16.0,0.63662,0.603355,,1.0,0.0
0.1,16384,2,license_plate_bahnschrift.ttf,BFUCAOZJ9Y5KPW0TSHL38D2NGMVRX7Q64IE1,7,0,0,0.085,5.059644,0.959381,1.907975,,1.0,0.0
0.2,16384,2,license_plate_bahnschrift.ttf,BFUCAOZJ9Y5KPW0TSHL38D2NGMVRX7Q64IE1,7,0,0,0.17,7.155418,0.919759,1.349142,OR,0.944444,0.055556
0.3,16384,2,license_plate_bahnschrift.ttf,BFUCAOZJ9Y5KPW0TSHL38D2NGMVRX7Q64IE1,7,0,0,0.255,8.763561,0.881116,1.10157,TO,0.972222,0.027778
0.4,16384,2,license_plate_bahnschrift.ttf,BFUCAOZJ9Y5KPW0TSHL38D2NGMVRX7Q64IE1,7,0,0,0.34,10.119289,0.843436,0.953987,,1.0,0.0
0.5,16384,2,license_plate_bahnschrift.ttf,BFUCAOZJ9Y5KPW0TSHL38D2NGMVRX7Q64IE1,7,0,0,0.425,11.313708,0.8067,0.853272,,1.0,0.0
0.6,16384,2,license_plate_bahnschrift.ttf,BFUCAOZJ9Y5KPW0TSHL38D2NGMVRX7Q64IE1,7,0,0,0.51,12.393547,0.770893,0.778927,,1.0,0.0
0.7,16384,2,license_plate_bahnschrift.ttf,BFUCAOZJ9Y5KPW0TSHL38D2NGMVRX7Q64IE1,7,0,0,0.595,13.38656,0.735998,0.721147,,1.0,0.0
0.8,16384,2,license_plate_bahnschrift.ttf,BFUCAOZJ9Y5KPW0TSHL38D2NGMVRX7Q64IE1,7,0,0,0.68,14.310835,0.701998,0.674571,,1.0,0.0
0.9,16384,2,license_plate_bahnschrift.ttf,BFUCAOZJ9Y5KPW0TSHL38D2NGMVRX7Q64IE1,7,0,0,0.765,15.178933,0.668877,0.635992,,1.0,0.0
1.0,16384,2,license_plate_bahnschrift.ttf,BFUCAOZJ9Y5KPW0TSHL38D2NGMVRX7Q64IE1,7,0,0,0.85,16.0,0.63662,0.603355,,1.0,0.0
0.1,16384,2,license_plate_bahnschrift.ttf,BFUCAOZJ9Y5KPW0TSHL38D2NGMVRX7Q64IE1,7,3,0,0.085,5.059644,0.959381,1.907975,TWVFTSM,0.916667,0.083333
0.2,16384,2,license_plate_bahnschrift.ttf,BFUCAOZJ9Y5KPW0TSHL38D2NGMVRX7Q64IE1,7,3,0,0.17,7.155418,0.919759,1.349142,VT,0.972222,0.027778
0.3,16384,2,license_plate_bahnschrift.ttf,BFUCAOZJ9Y5KPW0TSHL38D2NGMVRX7Q64IE1,7,3,0,0.255,8.763561,0.881116,1.10157,VSO,0.972222,0.027778
0.4,16384,2,license_plate_bahnschrift.ttf,BFUCAOZJ9Y5KPW0TSHL38D2NGMVRX7Q64IE1,7,3,0,0.34,10.119289,0.843436,0.953987,VSO,0.972222,0.027778
0.5,16384,2,license_plate_bahnschrift.ttf,BFUCAOZJ9Y5KPW0TSHL38D2NGMVRX7Q64IE1,7,3,0,0.425,11.313708,0.8067,0.853272,,1.0,0.0
0.6,16384,2,license_plate_bahnschrift.ttf,BFUCAOZJ9Y5KPW0TSHL38D2NGMVRX7Q64IE1,7,3,0,0.51,12.393547,0.770893,0.778927,,1.0,0.0
0.7,16384,2,license_plate_bahnschrift.ttf,BFUCAOZJ9Y5KPW0TSHL38D2NGMVRX7Q64IE1,7,3,0,0.595,13.38656,0.735998,0.721147,,1.0,0.0
0.8,16384,2,license_plate_bahnschrift.ttf,BFUCAOZJ9Y5KPW0TSHL38D2NGMVRX7Q64IE1,7,3,0,0.68,14.310835,0.701998,0.674571,,1.0,0.0
0.9,16384,2,license_plate_bahnschrift.ttf,BFUCAOZJ9Y5KPW0TSHL38D2NGMVRX7Q64IE1,7,3,0,0.765,15.178933,0.668877,0.635992,,1.0,0.0
1.0,16384,2,license_plate_bahnschrift.ttf,BFUCAOZJ9Y5KPW0TSHL38D2NGMVRX7Q64IE1,7,3,0,0.85,16.0,0.63662,0.603355,,1.0,0.0
0.1,16384,2,license_plate_bahnschrift.ttf,BFUCAOZJ9Y5KPW0TSHL38D2NGMVRX7Q64IE1,7,7,0,0.085,5.059644,0.959381,1.907975,OO,0.972222,0.027778
0.2,16384,2,license_plate_bahnschrift.ttf,BFUCAOZJ9Y5KPW0TSHL38D2NGMVRX7Q64IE1,7,7,0,0.17,7.155418,0.919759,1.349142,8,0.972222,0.027778
0.3,16384,2,license_plate_bahnschrift.ttf,BFUCAOZJ9Y5KPW0TSHL38D2NGMVRX7Q64IE1,7,7,0,0.255,8.763561,0.881116,1.10157,8,0.972222,0.027778
0.4,16384,2,license_plate_bahnschrift.ttf,BFUCAOZJ9Y5KPW0TSHL38D2NGMVRX7Q64IE1,7,7,0,0.34,10.119289,0.843436,0.953987,OO,0.972222,0.027778
0.5,16384,2,license_plate_bahnschrift.ttf,BFUCAOZJ9Y5KPW0TSHL38D2NGMVRX7Q64IE1,7,7,0,0.425,11.313708,0.8067,0.853272,SMSOTO,0.944444,0.055556
0.6,16384,2,license_plate_bahnschrift.ttf,BFUCAOZJ9Y5KPW0TSHL38D2NGMVRX7Q64IE1,7,7,0,0.51,12.393547,0.770893,0.778927,OLSOTO,0.944444,0.055556
0.7,16384,2,license_plate_bahnschrift.ttf,BFUCAOZJ9Y5KPW0TSHL38D2NGMVRX7Q64IE1,7,7,0,0.595,13.38656,0.735998,0.721147,FO,0.944444,0.055556
0.8,16384,2,license_plate_bahnschrift.ttf,BFUCAOZJ9Y5KPW0TSHL38D2NGMVRX7Q64IE1,7,7,0,0.68,14.310835,0.701998,0.674571,OP,0.944444,0.055556
0.9,16384,2,license_plate_bahnschrift.ttf,BFUCAOZJ9Y5KPW0TSHL38D2NGMVRX7Q64IE1,7,7,0,0.765,15.178933,0.668877,0.635992,TS,0.944444,0.055556
1.0,16384,2,license_plate_bahnschrift.ttf,BFUCAOZJ9Y5KPW0TSHL38D2NGMVRX7Q64IE1,7,7,0,0.85,16.0,0.63662,0.603355,,1.0,0.0
0.1,16384,2,license_plate_bahnschrift.ttf,BFUCAOZJ9Y5KPW0TSHL38D2NGMVRX7Q64IE1,7,11,0,0.085,5.059644,0.959381,1.907975,OB,0.972222,0.027778
0.2,16384,2,license_plate_bahnschrift.ttf,BFUCAOZJ9Y5KPW0TSHL38D2NGMVRX7Q64IE1,7,11,0,0.17,7.155418,0.919759,1.349142,A,0.972222,0.027778
0.3,16384,2,license_plate_bahnschrift.ttf,BFUCAOZJ9Y5KPW0TSHL38D2NGMVRX7Q64IE1,7,11,0,0.255,8.763561,0.881116,1.10157,TL,0.944444,0.055556
0.4,16384,2,license_plate_bahnschrift.ttf,BFUCAOZJ9Y5KPW0TSHL38D2NGMVRX7Q64IE1,7,11,0,0.34,10.119289,0.843436,0.953987,SE,0.944444,0.055556
0.5,16384,2,license_plate_bahnschrift.ttf,BFUCAOZJ9Y5KPW0TSHL38D2NGMVRX7Q64IE1,7,11,0,0.425,11.313708,0.8067,0.853272,CAPOEROLA,0.888889,0.111111
0.6,16384,2,license_plate_bahnschrift.ttf,BFUCAOZJ9Y5KPW0TSHL38D2NGMVRX7Q64IE1,7,11,0,0.51,12.393547,0.770893,0.778927,CAASEPOEOO,0.916667,0.083333
0.7,16384,2,license_plate_bahnschrift.ttf,BFUCAOZJ9Y5KPW0TSHL38D2NGMVRX7Q64IE1,7,11,0,0.595,13.38656,0.735998,0.721147,OAPAOPROHOO,0.888889,0.111111
0.8,16384,2,license_plate_bahnschrift.ttf,BFUCAOZJ9Y5KPW0TSHL38D2NGMVRX7Q64IE1,7,11,0,0.68,14.310835,0.701998,0.674571,,1.0,0.0
0.9,16384,2,license_plate_bahnschrift.ttf,BFUCAOZJ9Y5KPW0TSHL38D2NGMVRX7Q64IE1,7,11,0,0.765,15.178933,0.668877,0.635992,CS,0.944444,0.055556
1.0,16384,2,license_plate_bahnschrift.ttf,BFUCAOZJ9Y5KPW0TSHL38D2NGMVRX7Q64IE1,7,11,0,0.85,16.0,0.63662,0.603355,SO,0.972222,0.027778
0.1,16384,2,license_plate_bahnschrift.ttf,BFUCAOZJ9Y5KPW0TSHL38D2NGMVRX7Q64IE1,7,15,0,0.085,5.059644,0.959381,1.907975,SL,0.944444,0.055556
0.2,16384,2,license_plate_bahnschrift.ttf,BFUCAOZJ9Y5KPW0TSHL38D2NGMVRX7Q64IE1,7,15,0,0.17,7.155418,0.919759,1.349142,OE,0.944444,0.055556
0.3,16384,2,license_plate_bahnschrift.ttf,BFUCAOZJ9Y5KPW0TSHL38D2NGMVRX7Q64IE1,7,15,0,0.255,8.763561,0.881116,1.10157,TOR,0.944444,0.055556
0.4,16384,2,license_plate_bahnschrift.ttf,BFUCAOZJ9Y5KPW0TSHL38D2NGMVRX7Q64IE1,7,15,0,0.34,10.119289,0.843436,0.953987,,1.0,0.0
0.5,16384,2,license_plate_bahnschrift.ttf,BFUCAOZJ9Y5KPW0TSHL38D2NGMVRX7Q64IE1,7,15,0,0.425,11.313708,0.8067,0.853272,,1.0,0.0
0.6,16384,2,license_plate_bahnschrift.ttf,BFUCAOZJ9Y5KPW0TSHL38D2NGMVRX7Q64IE1,7,15,0,0.51,12.393547,0.770893,0.778927,,1.0,0.0
0.7,16384,2,license_plate_bahnschrift.ttf,BFUCAOZJ9Y5KPW0TSHL38D2NGMVRX7Q64IE1,7,15,0,0.595,13.38656,0.735998,0.721147,,1.0,0.0
0.8,16384,2,license_plate_bahnschrift.ttf,BFUCAOZJ9Y5KPW0TSHL38D2NGMVRX7Q64IE1,7,15,0,0.68,14.310835,0.701998,0.674571,,1.0,0.0
0.9,16384,2,license_plate_bahnschrift.ttf,BFUCAOZJ9Y5KPW0TSHL38D2NGMVRX7Q64IE1,7,15,0,0.765,15.178933,0.668877,0.635992,,1.0,0.0
1.0,16384,2,license_plate_bahnschrift.ttf,BFUCAOZJ9Y5KPW0TSHL38D2NGMVRX7Q64IE1,7,15,0,0.85,16.0,0.63662,0.603355,,1.0,0.0
0.1,16384,2,license_plate_bahnschrift.ttf,BFUCAOZJ9Y5KPW0TSHL38D2NGMVRX7Q64IE1,11,0,0,0.085,5.059644,0.959381,1.907975,FET,0.944444,0.055556
0.2,16384,2,license_plate_bahnschrift.ttf,BFUCAOZJ9Y5KPW0TSHL38D2NGMVRX7Q64IE1,11,0,0,0.17,7.155418,0.919759,1.349142,SSS,0.972222,0.027778
0.3,16384,2,license_plate_bahnschrift.ttf,BFUCAOZJ9Y5KPW0TSHL38D2NGMVRX7Q64IE1,11,0,0,0.255,8.763561,0.881116,1.10157,SS,0.972222,0.027778
0.4,16384,2,license_plate_bahnschrift.ttf,BFUCAOZJ9Y5KPW0TSHL38D2NGMVRX7Q64IE1,11,0,0,0.34,10.119289,0.843436,0.953987,,1.0,0.0
0.5,16384,2,license_plate_bahnschrift.ttf,BFUCAOZJ9Y5KPW0TSHL38D2NGMVRX7Q64IE1,11,0,0,0.425,11.313708,0.8067,0.853272,,1.0,0.0
0.6,16384,2,license_plate_bahnschrift.ttf,BFUCAOZJ9Y5KPW0TSHL38D2NGMVRX7Q64IE1,11,0,0,0.51,12.393547,0.770893,0.778927,,1.0,0.0
0.7,16384,2,license_plate_bahnschrift.ttf,BFUCAOZJ9Y5KPW0TSHL38D2NGMVRX7Q64IE1,11,0,0,0.595,13.38656,0.735998,0.721147,,1.0,0.0
0.8,16384,2,license_plate_bahnschrift.ttf,BFUCAOZJ9Y5KPW0TSHL38D2NGMVRX7Q64IE1,11,0,0,0.68,14.310835,0.701998,0.674571,,1.0,0.0
0.9,16384,2,license_plate_bahnschrift.ttf,BFUCAOZJ9Y5KPW0TSHL38D2NGMVRX7Q64IE1,11,0,0,0.765,15.178933,0.668877,0.635992,,1.0,0.0
1.0,16384,2,license_plate_bahnschrift.ttf,BFUCAOZJ9Y5KPW0TSHL38D2NGMVRX7Q64IE1,11,0,0,0.85,16.0,0.63662,0.603355,,1.0,0.0
0.1,16384,2,license_plate_bahnschrift.ttf,BFUCAOZJ9Y5KPW0TSHL38D2NGMVRX7Q64IE1,11,3,0,0.085,5.059644,0.959381,1.907975,FTA,0.944444,0.055556
0.2,16384,2,license_plate_bahnschrift.ttf,BFUCAOZJ9Y5KPW0TSHL38D2NGMVRX7Q64IE1,11,3,0,0.17,7.155418,0.919759,1.349142,SO,0.972222,0.027778
0.3,16384,2,license_plate_bahnschrift.ttf,BFUCAOZJ9Y5KPW0TSHL38D2NGMVRX7Q64IE1,11,3,0,0.255,8.763561,0.881116,1.10157,WT,0.944444,0.055556
0.4,16384,2,license_plate_bahnschrift.ttf,BFUCAOZJ9Y5KPW0TSHL38D2NGMVRX7Q64IE1,11,3,0,0.34,10.119289,0.843436,0.953987,,1.0,0.0
0.5,16384,2,license_plate_bahnschrift.ttf,BFUCAOZJ9Y5KPW0TSHL38D2NGMVRX7Q64IE1,11,3,0,0.425,11.313708,0.8067,0.853272,,1.0,0.0
0.6,16384,2,license_plate_bahnschrift.ttf,BFUCAOZJ9Y5KPW0TSHL38D2NGMVRX7Q64IE1,11,3,0,0.51,12.393547,0.770893,0.778927,,1.0,0.0
0.7,16384,2,license_plate_bahnschrift.ttf,BFUCAOZJ9Y5KPW0TSHL38D2NGMVRX7Q64IE1,11,3,0,0.595,13.38656,0.735998,0.721147,,1.0,0.0
0.8,16384,2,license_plate_bahnschrift.ttf,BFUCAOZJ9Y5KPW0TSHL38D2NGMVRX7Q64IE1,11,3,0,0.68,14.310835,0.701998,0.674571,,1.0,0.0
0.9,16384,2,license_plate_bahnschrift.ttf,BFUCAOZJ9Y5KPW0TSHL38D2NGMVRX7Q64IE1,11,3,0,0.765,15.178933,0.668877,0.635992,,1.0,0.0
1.0,16384,2,license_plate_bahnschrift.ttf,BFUCAOZJ9Y5KPW0TSHL38D2NGMVRX7Q64IE1,11,3,0,0.85,16.0,0.63662,0.603355,,1.0,0.0
0.1,16384,2,license_plate_bahnschrift.ttf,BFUCAOZJ9Y5KPW0TSHL38D2NGMVRX7Q64IE1,11,7,0,0.085,5.059644,0.959381,1.907975,,1.0,0.0
0.2,16384,2,license_plate_bahnschrift.ttf,BFUCAOZJ9Y5KPW0TSHL38D2NGMVRX7Q64IE1,11,7,0,0.17,7.155418,0.919759,1.349142,,1.0,0.0
0.3,16384,2,license_plate_bahnschrift.ttf,BFUCAOZJ9Y5KPW0TSHL38D2NGMVRX7Q64IE1,11,7,0,0.255,8.763561,0.881116,1.10157,RT,0.972222,0.027778
0.4,16384,2,license_plate_bahnschrift.ttf,BFUCAOZJ9Y5KPW0TSHL38D2NGMVRX7Q64IE1,11,7,0,0.34,10.119289,0.843436,0.953987,4CCTETMMTOW,0.916667,0.083333
0.5,16384,2,license_plate_bahnschrift.ttf,BFUCAOZJ9Y5KPW0TSHL38D2NGMVRX7Q64IE1,11,7,0,0.425,11.313708,0.8067,0.853272,SOTEMTOW,0.916667,0.083333
0.6,16384,2,license_plate_bahnschrift.ttf,BFUCAOZJ9Y5KPW0TSHL38D2NGMVRX7Q64IE1,11,7,0,0.51,12.393547,0.770893,0.778927,P8STTMTBO,0.916667,0.083333
0.7,16384,2,license_plate_bahnschrift.ttf,BFUCAOZJ9Y5KPW0TSHL38D2NGMVRX7Q64IE1,11,7,0,0.595,13.38656,0.735998,0.721147,PPOMSEG,0.916667,0.083333
0.8,16384,2,license_plate_bahnschrift.ttf,BFUCAOZJ9Y5KPW0TSHL38D2NGMVRX7Q64IE1,11,7,0,0.68,14.310835,0.701998,0.674571,,1.0,0.0
0.9,16384,2,license_plate_bahnschrift.ttf,BFUCAOZJ9Y5KPW0TSHL38D2NGMVRX7Q64IE1,11,7,0,0.765,15.178933,0.668877,0.635992,,1.0,0.0
1.0,16384,2,license_plate_bahnschrift.ttf,BFUCAOZJ9Y5KPW0TSHL38D2NGMVRX7Q64IE1,11,7,0,0.85,16.0,0.63662,0.603355,,1.0,0.0
0.1,16384,2,license_plate_bahnschrift.ttf,BFUCAOZJ9Y5KPW0TSHL38D2NGMVRX7Q64IE1,11,11,0,0.085,5.059644,0.959381,1.907975,RD,0.972222,0.027778
0.2,16384,2,license_plate_bahnschrift.ttf,BFUCAOZJ9Y5KPW0TSHL38D2NGMVRX7Q64IE1,11,11,0,0.17,7.155418,0.919759,1.349142,TT,0.972222,0.027778
0.3,16384,2,license_plate_bahnschrift.ttf,BFUCAOZJ9Y5KPW0TSHL38D2NGMVRX7Q64IE1,11,11,0,0.255,8.763561,0.881116,1.10157,MT,0.972222,0.027778
0.4,16384,2,license_plate_bahnschrift.ttf,BFUCAOZJ9Y5KPW0TSHL38D2NGMVRX7Q64IE1,11,11,0,0.34,10.119289,0.843436,0.953987,8S,0.972222,0.027778
0.5,16384,2,license_plate_bahnschrift.ttf,BFUCAOZJ9Y5KPW0TSHL38D2NGMVRX7Q64IE1,11,11,0,0.425,11.313708,0.8067,0.853272,,1.0,0.0
0.6,16384,2,license_plate_bahnschrift.ttf,BFUCAOZJ9Y5KPW0TSHL38D2NGMVRX7Q64IE1,11,11,0,0.51,12.393547,0.770893,0.778927,S,0.972222,0.027778
0.7,16384,2,license_plate_bahnschrift.ttf,BFUCAOZJ9Y5KPW0TSHL38D2NGMVRX7Q64IE1,11,11,0,0.595,13.38656,0.735998,0.721147,,1.0,0.0
0.8,16384,2,license_plate_bahnschrift.ttf,BFUCAOZJ9Y5KPW0TSHL38D2NGMVRX7Q64IE1,11,11,0,0.68,14.310835,0.701998,0.674571,,1.0,0.0
0.9,16384,2,license_plate_bahnschrift.ttf,BFUCAOZJ9Y5KPW0TSHL38D2NGMVRX7Q64IE1,11,11,0,0.765,15.178933,0.668877,0.635992,,1.0,0.0
1.0,16384,2,license_plate_bahnschrift.ttf,BFUCAOZJ9Y5KPW0TSHL38D2NGMVRX7Q64IE1,11,11,0,0.85,16.0,0.63662,0.603355,,1.0,0.0
0.1,16384,2,license_plate_bahnschrift.ttf,BFUCAOZJ9Y5KPW0TSHL38D2NGMVRX7Q64IE1,11,15,0,0.085,5.059644,0.959381,1.907975,OFS,0.944444,0.055556
0.2,16384,2,license_plate_bahnschrift.ttf,BFUCAOZJ9Y5KPW0TSHL38D2NGMVRX7Q64IE1,11,15,0,0.17,7.155418,0.919759,1.349142,8S6,0.944444,0.055556
0.3,16384,2,license_plate_bahnschrift.ttf,BFUCAOZJ9Y5KPW0TSHL38D2NGMVRX7Q64IE1,11,15,0,0.255,8.763561,0.881116,1.10157,TSS,0.944444,0.055556
0.4,16384,2,license_plate_bahnschrift.ttf,BFUCAOZJ9Y5KPW0TSHL38D2NGMVRX7Q64IE1,11,15,0,0.34,10.119289,0.843436,0.953987,,1.0,0.0
0.5,16384,2,license_plate_bahnschrift.ttf,BFUCAOZJ9Y5KPW0TSHL38D2NGMVRX7Q64IE1,11,15,0,0.425,11.313708,0.8067,0.853272,,1.0,0.0
0.6,16384,2,license_plate_bahnschrift.ttf,BFUCAOZJ9Y5KPW0TSHL38D2NGMVRX7Q64IE1,11,15,0,0.51,12.393547,0.770893,0.778927,,1.0,0.0
0.7,16384,2,license_plate_bahnschrift.ttf,BFUCAOZJ9Y5KPW0TSHL38D2NGMVRX7Q64IE1,11,15,0,0.595,13.38656,0.735998,0.721147,,1.0,0.0
0.8,16384,2,license_plate_bahnschrift.ttf,BFUCAOZJ9Y5KPW0TSHL38D2NGMVRX7Q64IE1,11,15,0,0.68,14.310835,0.701998,0.674571,,1.0,0.0
0.9,16384,2,license_plate_bahnschrift.ttf,BFUCAOZJ9Y5KPW0TSHL38D2NGMVRX7Q64IE1,11,15,0,0.765,15.178933,0.668877,0.635992,,1.0,0.0
1.0,16384,2,license_plate_bahnschrift.ttf,BFUCAOZJ9Y5KPW0TSHL38D2NGMVRX7Q64IE1,11,15,0,0.85,16.0,0.63662,0.603355,,1.0,0.0
0.1,16384,2,license_plate_bahnschrift.ttf,BFUCAOZJ9Y5KPW0TSHL38D2NGMVRX7Q64IE1,15,0,0,0.085,5.059644,0.959381,1.907975,VA,0.972222,0.027778
0.2,16384,2,license_plate_bahnschrift.ttf,BFUCAOZJ9Y5KPW0TSHL38D2NGMVRX7Q64IE1,15,0,0,0.17,7.155418,0.919759,1.349142,,1.0,0.0
0.3,16384,2,license_plate_bahnschrift.ttf,BFUCAOZJ9Y5KPW0TSHL38D2NGMVRX7Q64IE1,15,0,0,0.255,8.763561,0.881116,1.10157,8,0.972222,0.027778
0.4,16384,2,license_plate_bahnschrift.ttf,BFUCAOZJ9Y5KPW0TSHL38D2NGMVRX7Q64IE1,15,0,0,0.34,10.119289,0.843436,0.953987,OE8,0.944444,0.055556
0.5,16384,2,license_plate_bahnschrift.ttf,BFUCAOZJ9Y5KPW0TSHL38D2NGMVRX7Q64IE1,15,0,0,0.425,11.313708,0.8067,0.853272,,1.0,0.0
0.6,16384,2,license_plate_bahnschrift.ttf,BFUCAOZJ9Y5KPW0TSHL38D2NGMVRX7Q64IE1,15,0,0,0.51,12.393547,0.770893,0.778927,,1.0,0.0
0.7,16384,2,license_plate_bahnschrift.ttf,BFUCAOZJ9Y5KPW0TSHL38D2NGMVRX7Q64IE1,15,0,0,0.595,13.38656,0.735998,0.721147,,1.0,0.0
0.8,16384,2,license_plate_bahnschrift.ttf,BFUCAOZJ9Y5KPW0TSHL38D2NGMVRX7Q64IE1,15,0,0,0.68,14.310835,0.701998,0.674571,,1.0,0.0
0.9,16384,2,license_plate_bahnschrift.ttf,BFUCAOZJ9Y5KPW0TSHL38D2NGMVRX7Q64IE1,15,0,0,0.765,15.178933,0.668877,0.635992,,1.0,0.0
1.0,16384,2,license_plate_bahnschrift.ttf,BFUCAOZJ9Y5KPW0TSHL38D2NGMVRX7Q64IE1,15,0,0,0.85,16.0,0.63662,0.603355,,1.0,0.0
0.1,16384,2,license_plate_bahnschrift.ttf,BFUCAOZJ9Y5KPW0TSHL38D2NGMVRX7Q64IE1,15,3,0,0.085,5.059644,0.959381,1.907975,2PT,0.944444,0.055556
0.2,16384,2,license_plate_bahnschrift.ttf,BFUCAOZJ9Y5KPW0TSHL38D2NGMVRX7Q64IE1,15,3,0,0.17,7.155418,0.919759,1.349142,C,0.972222,0.027778
0.3,16384,2,license_plate_bahnschrift.ttf,BFUCAOZJ9Y5KPW0TSHL38D2NGMVRX7Q64IE1,15,3,0,0.255,8.763561,0.881116,1.10157,O,0.972222,0.027778
0.4,16384,2,license_plate_bahnschrift.ttf,BFUCAOZJ9Y5KPW0TSHL38D2NGMVRX7Q64IE1,15,3,0,0.34,10.119289,0.843436,0.953987,WO,0.972222,0.027778
0.5,16384,2,license_plate_bahnschrift.ttf,BFUCAOZJ9Y5KPW0TSHL38D2NGMVRX7Q64IE1,15,3,0,0.425,11.313708,0.8067,0.853272,,1.0,0.0
0.6,16384,2,license_plate_bahnschrift.ttf,BFUCAOZJ9Y5KPW0TSHL38D2NGMVRX7Q64IE1,15,3,0,0.51,12.393547,0.770893,0.778927,,1.0,0.0
0.7,16384,2,license_plate_bahnschrift.ttf,BFUCAOZJ9Y5KPW0TSHL38D2NGMVRX7Q64IE1,15,3,0,0.595,13.38656,0.735998,0.721147,,1.0,0.0
0.8,16384,2,license_plate_bahnschrift.ttf,BFUCAOZJ9Y5KPW0TSHL38D2NGMVRX7Q64IE1,15,3,0,0.68,14.310835,0.701998,0.674571,,1.0,0.0
0.9,16384,2,license_plate_bahnschrift.ttf,BFUCAOZJ9Y5KPW0TSHL38D2NGMVRX7Q64IE1,15,3,0,0.765,15.178933,0.668877,0.635992,,1.0,0.0
1.0,16384,2,license_plate_bahnschrift.ttf,BFUCAOZJ9Y5KPW0TSHL38D2NGMVRX7Q64IE1,15,3,0,0.85,16.0,0.63662,0.603355,,1.0,0.0
0.1,16384,2,license_plate_bahnschrift.ttf,BFUCAOZJ9Y5KPW0TSHL38D2NGMVRX7Q64IE1,15,7,0,0.085,5.059644,0.959381,1.907975,VANS,0.944444,0.055556
0.2,16384,2,license_plate_bahnschrift.ttf,BFUCAOZJ9Y5KPW0TSHL38D2NGMVRX7Q64IE1,15,7,0,0.17,7.155418,0.919759,1.349142,W9,0.972222,0.027778
0.3,16384,2,license_plate_bahnschrift.ttf,BFUCAOZJ9Y5KPW0TSHL38D2NGMVRX7Q64IE1,15,7,0,0.255,8.763561,0.881116,1.10157,WO,0.972222,0.027778
0.4,16384,2,license_plate_bahnschrift.ttf,BFUCAOZJ9Y5KPW0TSHL38D2NGMVRX7Q64IE1,15,7,0,0.34,10.119289,0.843436,0.953987,OREO,0.916667,0.083333
0.5,16384,2,license_plate_bahnschrift.ttf,BFUCAOZJ9Y5KPW0TSHL38D2NGMVRX7Q64IE1,15,7,0,0.425,11.313708,0.8067,0.853272,O08OW8OGT,0.888889,0.111111
0.6,16384,2,license_plate_bahnschrift.ttf,BFUCAOZJ9Y5KPW0TSHL38D2NGMVRX7Q64IE1,15,7,0,0.51,12.393547,0.770893,0.778927,OO48OGE,0.888889,0.111111
0.7,16384,2,license_plate_bahnschrift.ttf,BFUCAOZJ9Y5KPW0TSHL38D2NGMVRX7Q64IE1,15,7,0,0.595,13.38656,0.735998,0.721147,OOET,0.944444,0.055556
0.8,16384,2,license_plate_bahnschrift.ttf,BFUCAOZJ9Y5KPW0TSHL38D2NGMVRX7Q64IE1,15,7,0,0.68,14.310835,0.701998,0.674571,,1.0,0.0
0.9,16384,2,license_plate_bahnschrift.ttf,BFUCAOZJ9Y5KPW0TSHL38D2NGMVRX7Q64IE1,15,7,0,0.765,15.178933,0.668877,0.635992,,1.0,0.0
1.0,16384,2,license_plate_bahnschrift.ttf,BFUCAOZJ9Y5KPW0TSHL38D2NGMVRX7Q64IE1,15,7,0,0.85,16.0,0.63662,0.603355,,1.0,0.0
0.1,16384,2,license_plate_bahnschrift.ttf,BFUCAOZJ9Y5KPW0TSHL38D2NGMVRX7Q64IE1,15,11,0,0.085,5.059644,0.959381,1.907975,7ST,0.972222,0.027778
0.2,16384,2,license_plate_bahnschrift.ttf,BFUCAOZJ9Y5KPW0TSHL38D2NGMVRX7Q64IE1,15,11,0,0.17,7.155418,0.919759,1.349142,TR,0.944444,0.055556
0.3,16384,2,license_plate_bahnschrift.ttf,BFUCAOZJ9Y5KPW0TSHL38D2NGMVRX7Q64IE1,15,11,0,0.255,8.763561,0.881116,1.10157,ER,0.972222,0.027778
0.4,16384,2,license_plate_bahnschrift.ttf,BFUCAOZJ9Y5KPW0TSHL38D2NGMVRX7Q64IE1,15,11,0,0.34,10.119289,0.843436,0.953987,8,0.972222,0.027778
0.5,16384,2,license_plate_bahnschrift.ttf,BFUCAOZJ9Y5KPW0TSHL38D2NGMVRX7Q64IE1,15,11,0,0.425,11.313708,0.8067,0.853272,PP,0.972222,0.027778
0.6,16384,2,license_plate_bahnschrift.ttf,BFUCAOZJ9Y5KPW0TSHL38D2NGMVRX7Q64IE1,15,11,0,0.51,12.393547,0.770893,0.778927,7,0.972222,0.027778
0.7,16384,2,license_plate_bahnschrift.ttf,BFUCAOZJ9Y5KPW0TSHL38D2NGMVRX7Q64IE1,15,11,0,0.595,13.38656,0.735998,0.721147,ORP,0.944444,0.055556
0.8,16384,2,license_plate_bahnschrift.ttf,BFUCAOZJ9Y5KPW0TSHL38D2NGMVRX7Q64IE1,15,11,0,0.68,14.310835,0.701998,0.674571,6,0.972222,0.027778
0.9,16384,2,license_plate_bahnschrift.ttf,BFUCAOZJ9Y5KPW0TSHL38D2NGMVRX7Q64IE1,15,11,0,0.765,15.178933,0.668877,0.635992,,1.0,0.0
1.0,16384,2,license_plate_bahnschrift.ttf,BFUCAOZJ9Y5KPW0TSHL38D2NGMVRX7Q64IE1,15,11,0,0.85,16.0,0.63662,0.603355,,1.0,0.0
0.1,16384,2,license_plate_bahnschrift.ttf,BFUCAOZJ9Y5KPW0TSHL38D2NGMVRX7Q64IE1,15,15,0,0.085,5.059644,0.959381,1.907975,V68,0.944444,0.055556
0.2,16384,2,license_plate_bahnschrift.ttf,BFUCAOZJ9Y5KPW0TSHL38D2NGMVRX7Q64IE1,15,15,0,0.17,7.155418,0.919759,1.349142,OR,0.944444,0.055556
0.3,16384,2,license_plate_bahnschrift.ttf,BFUCAOZJ9Y5KPW0TSHL38D2NGMVRX7Q64IE1,15,15,0,0.255,8.763561,0.881116,1.10157,8,0.972222,0.027778
0.4,16384,2,license_plate_bahnschrift.ttf,BFUCAOZJ9Y5KPW0TSHL38D2NGMVRX7Q64IE1,15,15,0,0.34,10.119289,0.843436,0.953987,R8,0.972222,0.027778
0.5,16384,2,license_plate_bahnschrift.ttf,BFUCAOZJ9Y5KPW0TSHL38D2NGMVRX7Q64IE1,15,15,0,0.425,11.313708,0.8067,0.853272,S,0.972222,0.027778
0.6,16384,2,license_plate_bahnschrift.ttf,BFUCAOZJ9Y5KPW0TSHL38D2NGMVRX7Q64IE1,15,15,0,0.51,12.393547,0.770893,0.778927,,1.0,0.0
0.7,16384,2,license_plate_bahnschrift.ttf,BFUCAOZJ9Y5KPW0TSHL38D2NGMVRX7Q64IE1,15,15,0,0.595,13.38656,0.735998,0.721147,,1.0,0.0
0.8,16384,2,license_plate_bahnschrift.ttf,BFUCAOZJ9Y5KPW0TSHL38D2NGMVRX7Q64IE1,15,15,0,0.68,14.310835,0.701998,0.674571,,1.0,0.0
0.9,16384,2,license_plate_bahnschrift.ttf,BFUCAOZJ9Y5KPW0TSHL38D2NGMVRX7Q64IE1,15,15,0,0.765,15.178933,0.668877,0.635992,,1.0,0.0
1.0,16384,2,license_plate_bahnschrift.ttf,BFUCAOZJ9Y5KPW0TSHL38D2NGMVRX7Q64IE1,15,15,0,0.85,16.0,0.63662,0.603355,,1.0,0.0
0.1,16384,3,license_plate_bahnschrift.ttf,BFUCAOZJ9Y5KPW0TSHL38D2NGMVRX7Q64IE1,0,0,0,0.085,5.059644,0.959381,1.907975,PSS,0.944444,0.055556
0.2,16384,3,license_plate_bahnschrift.ttf,BFUCAOZJ9Y5KPW0TSHL38D2NGMVRX7Q64IE1,0,0,0,0.17,7.155418,0.919759,1.349142,PSPSPS,0.944444,0.055556
0.3,16384,3,license_plate_bahnschrift.ttf,BFUCAOZJ9Y5KPW0TSHL38D2NGMVRX7Q64IE1,0,0,0,0.255,8.763561,0.881116,1.10157,ASSP,0.944444,0.055556
0.4,16384,3,license_plate_bahnschrift.ttf,BFUCAOZJ9Y5KPW0TSHL38D2NGMVRX7Q64IE1,0,0,0,0.34,10.119289,0.843436,0.953987,AAPG,0.916667,0.083333
0.5,16384,3,license_plate_bahnschrift.ttf,BFUCAOZJ9Y5KPW0TSHL38D2NGMVRX7Q64IE1,0,0,0,0.425,11.313708,0.8067,0.853272,BCARIGDACTD,0.861111,0.138889
0.6,16384,3,license_plate_bahnschrift.ttf,BFUCAOZJ9Y5KPW0TSHL38D2NGMVRX7Q64IE1,0,0,0,0.51,12.393547,0.770893,0.778927,BPLCAISACTDL,0.861111,0.138889
0.7,16384,3,license_plate_bahnschrift.ttf,BFUCAOZJ9Y5KPW0TSHL38D2NGMVRX7Q64IE1,0,0,0,0.595,13.38656,0.735998,0.721147,,1.0,0.0
0.8,16384,3,license_plate_bahnschrift.ttf,BFUCAOZJ9Y5KPW0TSHL38D2NGMVRX7Q64IE1,0,0,0,0.68,14.310835,0.701998,0.674571,CASATDU,0.888889,0.111111
0.9,16384,3,license_plate_bahnschrift.ttf,BFUCAOZJ9Y5KPW0TSHL38D2NGMVRX7Q64IE1,0,0,0,0.765,15.178933,0.668877,0.635992,7,0.972222,0.027778
1.0,16384,3,license_plate_bahnschrift.ttf,BFUCAOZJ9Y5KPW0TSHL38D2NGMVRX7Q64IE1,0,0,0,0.85,16.0,0.63662,0.603355,,1.0,0.0
0.1,16384,3,license_plate_bahnschrift.ttf,BFUCAOZJ9Y5KPW0TSHL38D2NGMVRX7Q64IE1,0,3,0,0.085,5.059644,0.959381,1.907975,PNSCRTANSOY,0.916667,0.083333
0.2,16384,3,license_plate_bahnschrift.ttf,BFUCAOZJ9Y5KPW0TSHL38D2NGMVRX7Q64IE1,0,3,0,0.17,7.155418,0.919759,1.349142,PARSCROTADVSOOV,0.888889,0.111111
0.3,16384,3,license_plate_bahnschrift.ttf,BFUCAOZJ9Y5KPW0TSHL38D2NGMVRX7Q64IE1,0,3,0,0.255,8.763561,0.881116,1.10157,PRSCRSTATDWOO,0.916667,0.083333
0.4,16384,3,license_plate_bahnschrift.ttf,BFUCAOZJ9Y5KPW0TSHL38D2NGMVRX7Q64IE1,0,3,0,0.34,10.119289,0.843436,0.953987,PTAC,0.944444,0.055556
0.5,16384,3,license_plate_bahnschrift.ttf,BFUCAOZJ9Y5KPW0TSHL38D2NGMVRX7Q64IE1,0,3,0,0.425,11.313708,0.8067,0.853272,OPSATDOE,0.861111,0.138889
0.6,16384,3,license_plate_bahnschrift.ttf,BFUCAOZJ9Y5KPW0TSHL38D2NGMVRX7Q64IE1,0,3,0,0.51,12.393547,0.770893,0.778927,OFLASTACTOO,0.916667,0.083333
0.7,16384,3,license_plate_bahnschrift.ttf,BFUCAOZJ9Y5KPW0TSHL38D2NGMVRX7Q64IE1,0,3,0,0.595,13.38656,0.735998,0.721147,OPLLASESACTOE,0.888889,0.111111
0.8,16384,3,license_plate_bahnschrift.ttf,BFUCAOZJ9Y5KPW0TSHL38D2NGMVRX7Q64IE1,0,3,0,0.68,14.310835,0.701998,0.674571,,1.0,0.0
0.9,16384,3,license_plate_bahnschrift.ttf,BFUCAOZJ9Y5KPW0TSHL38D2NGMVRX7Q64IE1,0,3,0,0.765,15.178933,0.668877,0.635992,TOWV,0.916667,0.083333
1.0,16384,3,license_plate_bahnschrift.ttf,BFUCAOZJ9Y5KPW0TSHL38D2NGMVRX7Q64IE1,0,3,0,0.85,16.0,0.63662,0.603355,,1.0,0.0
0.1,16384,3,license_plate_bahnschrift.ttf,BFUCAOZJ9Y5KPW0TSHL38D2NGMVRX7Q64IE1,0,7,0,0.085,5.059644,0.959381,1.907975,PV4RTAYW,0.944444,0.055556
0.2,16384,3,license_plate_bahnschrift.ttf,BFUCAOZJ9Y5KPW0TSHL38D2NGMVRX7Q64IE1,0,7,0,0.17,7.155418,0.919759,1.349142,PV2CPTAYW,0.916667,0.083333
0.3,16384,3,license_plate_bahnschrift.ttf,BFUCAOZJ9Y5KPW0TSHL38D2NGMVRX7Q64IE1,0,7,0,0.255,8.763561,0.881116,1.10157,PTAYW,0.916667,0.083333
0.4,16384,3,license_plate_bahnschrift.ttf,BFUCAOZJ9Y5KPW0TSHL38D2NGMVRX7Q64IE1,0,7,0,0.34,10.119289,0.843436,0.953987,CTATS,0.916667,0.083333
0.5,16384,3,license_plate_bahnschrift.ttf,BFUCAOZJ9Y5KPW0TSHL38D2NGMVRX7Q64IE1,0,7,0,0.425,11.313708,0.8067,0.853272,CTSTAETSOTT,0.916667,0.083333
0.6,16384,3,license_plate_bahnschrift.ttf,BFUCAOZJ9Y5KPW0TSHL38D2NGMVRX7Q64IE1,0,7,0,0.51,12.393547,0.770893,0.778927,CETTE,0.916667,0.083333
0.7,16384,3,license_plate_bahnschrift.ttf,BFUCAOZJ9Y5KPW0TSHL38D2NGMVRX7Q64IE1,0,7,0,0.595,13.38656,0.735998,0.721147,CPUS,0.916667,0.083333
0.8,16384,3,license_plate_bahnschrift.ttf,BFUCAOZJ9Y5KPW0TSHL38D2NGMVRX7Q64IE1,0,7,0,0.68,14.310835,0.701998,0.674571,CERST,0.944444,0.055556
0.9,16384,3,license_plate_bahnschrift.ttf,BFUCAOZJ9Y5KPW0TSHL38D2NGMVRX7Q64IE1,0,7,0,0.765,15.178933,0.668877,0.635992,7,0.972222,0.027778
1.0,16384,3,license_plate_bahnschrift.ttf,BFUCAOZJ9Y5KPW0TSHL38D2NGMVRX7Q64IE1,0,7,0,0.85,16.0,0.63662,0.603355,7,0.972222,0.027778
0.1,16384,3,license_plate_bahnschrift.ttf,BFUCAOZJ9Y5KPW0TSHL38D2NGMVRX7Q64IE1,0,11,0,0.085,5.059644,0.959381,1.907975,LVA2TRORTSD,0.888889,0.111111
0.2,16384,3,license_plate_bahnschrift.ttf,BFUCAOZJ9Y5KPW0TSHL38D2NGMVRX7Q64IE1,0,11,0,0.17,7.155418,0.919759,1.349142,CATIA,0.888889,0.111111
0.3,16384,3,license_plate_bahnschrift.ttf,BFUCAOZJ9Y5KPW0TSHL38D2NGMVRX7Q64IE1,0,11,0,0.255,8.763561,0.881116,1.10157,RALPSAOAP,0.916667,0.083333
0.4,16384,3,license_plate_bahnschrift.ttf,BFUCAOZJ9Y5KPW0TSHL38D2NGMVRX7Q64IE1,0,11,0,0.34,10.119289,0.843436,0.953987,004A,0.944444,0.055556
0.5,16384,3,license_plate_bahnschrift.ttf,BFUCAOZJ9Y5KPW0TSHL38D2NGMVRX7Q64IE1,0,11,0,0.425,11.313708,0.8067,0.853272,048A,0.944444,0.055556
0.6,16384,3,license_plate_bahnschrift.ttf,BFUCAOZJ9Y5KPW0TSHL38D2NGMVRX7Q64IE1,0,11,0,0.51,12.393547,0.770893,0.778927,ROLOAALIITSISROT,0.888889,0.111111
0.7,16384,3,license_plate_bahnschrift.ttf,BFUCAOZJ9Y5KPW0TSHL38D2NGMVRX7Q64IE1,0,11,0,0.595,13.38656,0.735998,0.721147,,1.0,0.0
0.8,16384,3,license_plate_bahnschrift.ttf,BFUCAOZJ9Y5KPW0TSHL38D2NGMVRX7Q64IE1,0,11,0,0.68,14.310835,0.701998,0.674571,OOLOARALIITISOLO,0.916667,0.083333
0.9,16384,3,license_plate_bahnschrift.ttf,BFUCAOZJ9Y5KPW0TSHL38D2NGMVRX7Q64IE1,0,11,0,0.765,15.178933,0.668877,0.635992,7,0.972222,0.027778
1.0,16384,3,license_plate_bahnschrift.ttf,BFUCAOZJ9Y5KPW0TSHL38D2NGMVRX7Q64IE1,0,11,0,0.85,16.0,0.63662,0.603355,,1.0,0.0
0.1,16384,3,license_plate_bahnschrift.ttf,BFUCAOZJ9Y5KPW0TSHL38D2NGMVRX7Q64IE1,0,15,0,0.085,5.059644,0.959381,1.907975,AE,0.944444,0.055556
0.2,16384,3,license_plate_bahnschrift.ttf,BFUCAOZJ9Y5KPW0TSHL38D2NGMVRX7Q64IE1,0,15,0,0.17,7.155418,0.919759,1.349142,BASS,0.916667,0.083333
0.3,16384,3,license_plate_bahnschrift.ttf,BFUCAOZJ9Y5KPW0TSHL38D2NGMVRX7Q64IE1,0,15,0,0.255,8.763561,0.881116,1.10157,HAIG,0.944444,0.055556
0.4,16384,3,license_plate_bahnschrift.ttf,BFUCAOZJ9Y5KPW0TSHL38D2NGMVRX7Q64IE1,0,15,0,0.34,10.119289,0.843436,0.953987,MARIS,0.916667,0.083333
0.5,16384,3,license_plate_bahnschrift.ttf,BFUCAOZJ9Y5KPW0TSHL38D2NGMVRX7Q64IE1,0,15,0,0.425,11.313708,0.8067,0.853272,OHARA,0.916667,0.083333
0.6,16384,3,license_plate_bahnschrift.ttf,BFUCAOZJ9Y5KPW0TSHL38D2NGMVRX7Q64IE1,0,15,0,0.51,12.393547,0.770893,0.778927,BAIS,0.916667,0.083333
0.7,16384,3,license_plate_bahnschrift.ttf,BFUCAOZJ9Y5KPW0TSHL38D2NGMVRX7Q64IE1,0,15,0,0.595,13.38656,0.735998,0.721147,,1.0,0.0
0.8,16384,3,license_plate_bahnschrift.ttf,BFUCAOZJ9Y5KPW0TSHL38D2NGMVRX7Q64IE1,0,15,0,0.68,14.310835,0.701998,0.674571,,1.0,0.0
0.9,16384,3,license_plate_bahnschrift.ttf,BFUCAOZJ9Y5KPW0TSHL38D2NGMVRX7Q64IE1,0,15,0,0.765,15.178933,0.668877,0.635992,,1.0,0.0
1.0,16384,3,license_plate_bahnschrift.ttf,BFUCAOZJ9Y5KPW0TSHL38D2NGMVRX7Q64IE1,0,15,0,0.85,16.0,0.63662,0.603355,,1.0,0.0
0.1,16384,3,license_plate_bahnschrift.ttf,BFUCAOZJ9Y5KPW0TSHL38D2NGMVRX7Q64IE1,3,0,0,0.085,5.059644,0.959381,1.907975,MSSCO,0.944444,0.055556
0.2,16384,3,license_plate_bahnschrift.ttf,BFUCAOZJ9Y5KPW0TSHL38D2NGMVRX7Q64IE1,3,0,0,0.17,7.155418,0.919759,1.349142,SIPTCP,0.944444,0.055556
0.3,16384,3,license_plate_bahnschrift.ttf,BFUCAOZJ9Y5KPW0TSHL38D2NGMVRX7Q64IE1,3,0,0,0.255,8.763561,0.881116,1.10157,RSLITOP,0.944444,0.055556
0.4,16384,3,license_plate_bahnschrift.ttf,BFUCAOZJ9Y5KPW0TSHL38D2NGMVRX7Q64IE1,3,0,0,0.34,10.119289,0.843436,0.953987,SPCLIO2TENO,0.916667,0.083333
0.5,16384,3,license_plate_bahnschrift.ttf,BFUCAOZJ9Y5KPW0TSHL38D2NGMVRX7Q64IE1,3,0,0,0.425,11.313708,0.8067,0.853272,SPLSLIWTPOP,0.916667,0.083333
0.6,16384,3,license_plate_bahnschrift.ttf,BFUCAOZJ9Y5KPW0TSHL38D2NGMVRX7Q64IE1,3,0,0,0.51,12.393547,0.770893,0.778927,SPUCLITW3TPODO,0.861111,0.138889
0.7,16384,3,license_plate_bahnschrift.ttf,BFUCAOZJ9Y5KPW0TSHL38D2NGMVRX7Q64IE1,3,0,0,0.595,13.38656,0.735998,0.721147,,1.0,0.0
0.8,16384,3,license_plate_bahnschrift.ttf,BFUCAOZJ9Y5KPW0TSHL38D2NGMVRX7Q64IE1,3,0,0,0.68,14.310835,0.701998,0.674571,,1.0,0.0
0.9,16384,3,license_plate_bahnschrift.ttf,BFUCAOZJ9Y5KPW0TSHL38D2NGMVRX7Q64IE1,3,0,0,0.765,15.178933,0.668877,0.635992,7,0.972222,0.027778
1.0,16384,3,license_plate_bahnschrift.ttf,BFUCAOZJ9Y5KPW0TSHL38D2NGMVRX7Q64IE1,3,0,0,0.85,16.0,0.63662,0.603355,4,0.972222,0.027778
0.1,16384,3,license_plate_bahnschrift.ttf,BFUCAOZJ9Y5KPW0TSHL38D2NGMVRX7Q64IE1,3,3,0,0.085,5.059644,0.959381,1.907975,PASCATS2TC,0.861111,0.138889
0.2,16384,3,license_plate_bahnschrift.ttf,BFUCAOZJ9Y5KPW0TSHL38D2NGMVRX7Q64IE1,3,3,0,0.17,7.155418,0.919759,1.349142,PALCSHTSI2TCV,0.861111,0.138889
0.3,16384,3,license_plate_bahnschrift.ttf,BFUCAOZJ9Y5KPW0TSHL38D2NGMVRX7Q64IE1,3,3,0,0.255,8.763561,0.881116,1.10157,PRCLOSACTS2TOVT,0.833333,0.166667
0.4,16384,3,license_plate_bahnschrift.ttf,BFUCAOZJ9Y5KPW0TSHL38D2NGMVRX7Q64IE1,3,3,0,0.34,10.119289,0.843436,0.953987,PRCLOOWTSEDTAODT,0.833333,0.166667
0.5,16384,3,license_plate_bahnschrift.ttf,BFUCAOZJ9Y5KPW0TSHL38D2NGMVRX7Q64IE1,3,3,0,0.425,11.313708,0.8067,0.853272,PPLCLEOPACTSEDTODIT,0.833333,0.166667
0.6,16384,3,license_plate_bahnschrift.ttf,BFUCAOZJ9Y5KPW0TSHL38D2NGMVRX7Q64IE1,3,3,0,0.51,12.393547,0.770893,0.778927,PPLCLEOWCTSTOT,0.888889,0.111111
0.7,16384,3,license_plate_bahnschrift.ttf,BFUCAOZJ9Y5KPW0TSHL38D2NGMVRX7Q64IE1,3,3,0,0.595,13.38656,0.735998,0.721147,PPUCLESACT8TT,0.888889,0.111111
0.8,16384,3,license_plate_bahnschrift.ttf,BFUCAOZJ9Y5KPW0TSHL38D2NGMVRX7Q64IE1,3,3,0,0.68,14.310835,0.701998,0.674571,,1.0,0.0
0.9,16384,3,license_plate_bahnschrift.ttf,BFUCAOZJ9Y5KPW0TSHL38D2NGMVRX7Q64IE1,3,3,0,0.765,15.178933,0.668877,0.635992,,1.0,0.0
1.0,16384,3,license_plate_bahnschrift.ttf,BFUCAOZJ9Y5KPW0TSHL38D2NGMVRX7Q64IE1,3,3,0,0.85,16.0,0.63662,0.603355,,1.0,0.0
0.1,16384,3,license_plate_bahnschrift.ttf,BFUCAOZJ9Y5KPW0TSHL38D2NGMVRX7Q64IE1,3,7,0,0.085,5.059644,0.959381,1.907975,M2OMEPRTET,0.888889,0.111111
0.2,16384,3,license_plate_bahnschrift.ttf,BFUCAOZJ9Y5KPW0TSHL38D2NGMVRX7Q64IE1,3,7,0,0.17,7.155418,0.919759,1.349142,MUEHPATLNS,0.861111,0.138889
0.3,16384,3,license_plate_bahnschrift.ttf,BFUCAOZJ9Y5KPW0TSHL38D2NGMVRX7Q64IE1,3,7,0,0.255,8.763561,0.881116,1.10157,MLSNI,0.916667,0.083333
0.4,16384,3,license_plate_bahnschrift.ttf,BFUCAOZJ9Y5KPW0TSHL38D2NGMVRX7Q64IE1,3,7,0,0.34,10.119289,0.843436,0.953987,COLEARROWTLM,0.833333,0.166667
0.5,16384,3,license_plate_bahnschrift.ttf,BFUCAOZJ9Y5KPW0TSHL38D2NGMVRX7Q64IE1,3,7,0,0.425,11.313708,0.8067,0.853272,CLEARHYOATRLMA,0.861111,0.138889
0.6,16384,3,license_plate_bahnschrift.ttf,BFUCAOZJ9Y5KPW0TSHL38D2NGMVRX7Q64IE1,3,7,0,0.51,12.393547,0.770893,0.778927,CLEARNSWTRMA0,0.888889,0.111111
0.7,16384,3,license_plate_bahnschrift.ttf,BFUCAOZJ9Y5KPW0TSHL38D2NGMVRX7Q64IE1,3,7,0,0.595,13.38656,0.735998,0.721147,LEARASATDEMPTI,0.861111,0.138889
0.8,16384,3,license_plate_bahnschrift.ttf,BFUCAOZJ9Y5KPW0TSHL38D2NGMVRX7Q64IE1,3,7,0,0.68,14.310835,0.701998,0.674571,UEARATOW2M,0.861111,0.138889
0.9,16384,3,license_plate_bahnschrift.ttf,BFUCAOZJ9Y5KPW0TSHL38D2NGMVRX7Q64IE1,3,7,0,0.765,15.178933,0.668877,0.635992,7,0.972222,0.027778
1.0,16384,3,license_plate_bahnschrift.ttf,BFUCAOZJ9Y5KPW0TSHL38D2NGMVRX7Q64IE1,3,7,0,0.85,16.0,0.63662,0.603355,77,0.972222,0.027778
0.1,16384,3,license_plate_bahnschrift.ttf,BFUCAOZJ9Y5KPW0TSHL38D2NGMVRX7Q64IE1,3,11,0,0.085,5.059644,0.959381,1.907975,VIRSALPPFFUP,0.944444,0.055556
0.2,16384,3,license_plate_bahnschrift.ttf,BFUCAOZJ9Y5KPW0TSHL38D2NGMVRX7Q64IE1,3,11,0,0.17,7.155418,0.919759,1.349142,VIRLALDTOPV1ASP,0.888889,0.111111
0.3,16384,3,license_plate_bahnschrift.ttf,BFUCAOZJ9Y5KPW0TSHL38D2NGMVRX7Q64IE1,3,11,0,0.255,8.763561,0.881116,1.10157,VACAALITOWLADSR,0.833333,0.166667
0.4,16384,3,license_plate_bahnschrift.ttf,BFUCAOZJ9Y5KPW0TSHL38D2NGMVRX7Q64IE1,3,11,0,0.34,10.119289,0.843436,0.953987,VOCALS,0.916667,0.083333
0.5,16384,3,license_plate_bahnschrift.ttf,BFUCAOZJ9Y5KPW0TSHL38D2NGMVRX7Q64IE1,3,11,0,0.425,11.313708,0.8067,0.853272,VILCAALITOW1AOKIR,0.888889,0.111111
0.6,16384,3,license_plate_bahnschrift.ttf,BFUCAOZJ9Y5KPW0TSHL38D2NGMVRX7Q64IE1,3,11,0,0.51,12.393547,0.770893,0.778927,VATALLITOW1ALDLIWAD,0.888889,0.111111
0.7,16384,3,license_plate_bahnschrift.ttf,BFUCAOZJ9Y5KPW0TSHL38D2NGMVRX7Q64IE1,3,11,0,0.595,13.38656,0.735998,0.721147,UPUCARLIVTWLWO,0.861111,0.138889
0.8,16384,3,license_plate_bahnschrift.ttf,BFUCAOZJ9Y5KPW0TSHL38D2NGMVRX7Q64IE1,3,11,0,0.68,14.310835,0.701998,0.674571,VELCARLINTOWLILPWAOT,0.888889,0.111111
0.9,16384,3,license_plate_bahnschrift.ttf,BFUCAOZJ9Y5KPW0TSHL38D2NGMVRX7Q64IE1,3,11,0,0.765,15.178933,0.668877,0.635992,AS,0.944444,0.055556
1.0,16384,3,license_plate_bahnschrift.ttf,BFUCAOZJ9Y5KPW0TSHL38D2NGMVRX7Q64IE1,3,11,0,0.85,16.0,0.63662,0.603355,77,0.972222,0.027778
0.1,16384,3,license_plate_bahnschrift.ttf,BFUCAOZJ9Y5KPW0TSHL38D2NGMVRX7Q64IE1,3,15,0,0.085,5.059644,0.959381,1.907975,OHSAS,0.944444,0.055556
0.2,16384,3,license_plate_bahnschrift.ttf,BFUCAOZJ9Y5KPW0TSHL38D2NGMVRX7Q64IE1,3,15,0,0.17,7.155418,0.919759,1.349142,HDF,0.944444,0.055556
0.3,16384,3,license_plate_bahnschrift.ttf,BFUCAOZJ9Y5KPW0TSHL38D2NGMVRX7Q64IE1,3,15,0,0.255,8.763561,0.881116,1.10157,SHSLIPPSOP,0.944444,0.055556
0.4,16384,3,license_plate_bahnschrift.ttf,BFUCAOZJ9Y5KPW0TSHL38D2NGMVRX7Q64IE1,3,15,0,0.34,10.119289,0.843436,0.953987,SCLIOTPOP,0.944444,0.055556
0.5,16384,3,license_plate_bahnschrift.ttf,BFUCAOZJ9Y5KPW0TSHL38D2NGMVRX7Q64IE1,3,15,0,0.425,11.313708,0.8067,0.853272,SPLCLIOWTZPOP,0.916667,0.083333
0.6,16384,3,license_plate_bahnschrift.ttf,BFUCAOZJ9Y5KPW0TSHL38D2NGMVRX7Q64IE1,3,15,0,0.51,12.393547,0.770893,0.778927,SPUCLITOWT21TPOD,0.861111,0.138889
0.7,16384,3,license_plate_bahnschrift.ttf,BFUCAOZJ9Y5KPW0TSHL38D2NGMVRX7Q64IE1,3,15,0,0.595,13.38656,0.735998,0.721147,,1.0,0.0
0.8,16384,3,license_plate_bahnschrift.ttf,BFUCAOZJ9Y5KPW0TSHL38D2NGMVRX7Q64IE1,3,15,0,0.68,14.310835,0.701998,0.674571,,1.0,0.0
0.9,16384,3,license_plate_bahnschrift.ttf,BFUCAOZJ9Y5KPW0TSHL38D2NGMVRX7Q64IE1,3,15,0,0.765,15.178933,0.668877,0.635992,4,0.972222,0.027778
1.0,16384,3,license_plate_bahnschrift.ttf,BFUCAOZJ9Y5KPW0TSHL38D2NGMVRX7Q64IE1,3,15,0,0.85,16.0,0.63662,0.603355,,1.0,0.0
0.1,16384,3,license_plate_bahnschrift.ttf,BFUCAOZJ9Y5KPW0TSHL38D2NGMVRX7Q64IE1,7,0,0,0.085,5.059644,0.959381,1.907975,SS,0.972222,0.027778
0.2,16384,3,license_plate_bahnschrift.ttf,BFUCAOZJ9Y5KPW0TSHL38D2NGMVRX7Q64IE1,7,0,0,0.17,7.155418,0.919759,1.349142,SS,0.972222,0.027778
0.3,16384,3,license_plate_bahnschrift.ttf,BFUCAOZJ9Y5KPW0TSHL38D2NGMVRX7Q64IE1,7,0,0,0.255,8.763561,0.881116,1.10157,BLPR,0.916667,0.083333
0.4,16384,3,license_plate_bahnschrift.ttf,BFUCAOZJ9Y5KPW0TSHL38D2NGMVRX7Q64IE1,7,0,0,0.34,10.119289,0.843436,0.953987,SR,0.944444,0.055556
0.5,16384,3,license_plate_bahnschrift.ttf,BFUCAOZJ9Y5KPW0TSHL38D2NGMVRX7Q64IE1,7,0,0,0.425,11.313708,0.8067,0.853272,PLILWTPIIO,0.916667,0.083333
0.6,16384,3,license_plate_bahnschrift.ttf,BFUCAOZJ9Y5KPW0TSHL38D2NGMVRX7Q64IE1,7,0,0,0.51,12.393547,0.770893,0.778927,PLELNMWFPLIISO,0.861111,0.138889
0.7,16384,3,license_plate_bahnschrift.ttf,BFUCAOZJ9Y5KPW0TSHL38D2NGMVRX7Q64IE1,7,0,0,0.595,13.38656,0.735998,0.721147,POLLNWIPIO,0.888889,0.111111
0.8,16384,3,license_plate_bahnschrift.ttf,BFUCAOZJ9Y5KPW0TSHL38D2NGMVRX7Q64IE1,7,0,0,0.68,14.310835,0.701998,0.674571,POLLNWFPOT,0.916667,0.083333
0.9,16384,3,license_plate_bahnschrift.ttf,BFUCAOZJ9Y5KPW0TSHL38D2NGMVRX7Q64IE1,7,0,0,0.765,15.178933,0.668877,0.635992,,1.0,0.0
1.0,16384,3,license_plate_bahnschrift.ttf,BFUCAOZJ9Y5KPW0TSHL38D2NGMVRX7Q64IE1,7,0,0,0.85,16.0,0.63662,0.603355,,1.0,0.0
0.1,16384,3,license_plate_bahnschrift.ttf,BFUCAOZJ9Y5KPW0TSHL38D2NGMVRX7Q64IE1,7,3,0,0.085,5.059644,0.959381,1.907975,TESTE,0.944444,0.055556
0.2,16384,3,license_plate_bahnschrift.ttf,BFUCAOZJ9Y5KPW0TSHL38D2NGMVRX7Q64IE1,7,3,0,0.17,7.155418,0.919759,1.349142,FESWEWTOSEV,0.888889,0.111111
0.3,16384,3,license_plate_bahnschrift.ttf,BFUCAOZJ9Y5KPW0TSHL38D2NGMVRX7Q64IE1,7,3,0,0.255,8.763561,0.881116,1.10157,PESWEWTOSIMEIVED,0.888889,0.111111
0.4,16384,3,license_plate_bahnschrift.ttf,BFUCAOZJ9Y5KPW0TSHL38D2NGMVRX7Q64IE1,7,3,0,0.34,10.119289,0.843436,0.953987,PESWEWTOSIICED,0.916667,0.083333
0.5,16384,3,license_plate_bahnschrift.ttf,BFUCAOZJ9Y5KPW0TSHL38D2NGMVRX7Q64IE1,7,3,0,0.425,11.313708,0.8067,0.853272,PELLETS,0.944444,0.055556
0.6,16384,3,license_plate_bahnschrift.ttf,BFUCAOZJ9Y5KPW0TSHL38D2NGMVRX7Q64IE1,7,3,0,0.51,12.393547,0.770893,0.778927,WELLWUEWTOCICIEADI,0.916667,0.083333
0.7,16384,3,license_plate_bahnschrift.ttf,BFUCAOZJ9Y5KPW0TSHL38D2NGMVRX7Q64IE1,7,3,0,0.595,13.38656,0.735998,0.721147,WEAWTCESADI,0.861111,0.138889
0.8,16384,3,license_plate_bahnschrift.ttf,BFUCAOZJ9Y5KPW0TSHL38D2NGMVRX7Q64IE1,7,3,0,0.68,14.310835,0.701998,0.674571,WALES,0.916667,0.083333
0.9,16384,3,license_plate_bahnschrift.ttf,BFUCAOZJ9Y5KPW0TSHL38D2NGMVRX7Q64IE1,7,3,0,0.765,15.178933,0.668877,0.635992,,1.0,0.0
1.0,16384,3,license_plate_bahnschrift.ttf,BFUCAOZJ9Y5KPW0TSHL38D2NGMVRX7Q64IE1,7,3,0,0.85,16.0,0.63662,0.603355,,1.0,0.0
0.1,16384,3,license_plate_bahnschrift.ttf,BFUCAOZJ9Y5KPW0TSHL38D2NGMVRX7Q64IE1,7,7,0,0.085,5.059644,0.959381,1.907975,2,0.972222,0.027778
0.2,16384,3,license_plate_bahnschrift.ttf,BFUCAOZJ9Y5KPW0TSHL38D2NGMVRX7Q64IE1,7,7,0,0.17,7.155418,0.919759,1.349142,WELSTEATORET,0.888889,0.111111
0.3,16384,3,license_plate_bahnschrift.ttf,BFUCAOZJ9Y5KPW0TSHL38D2NGMVRX7Q64IE1,7,7,0,0.255,8.763561,0.881116,1.10157,WELTEATORWAAT,0.916667,0.083333
0.4,16384,3,license_plate_bahnschrift.ttf,BFUCAOZJ9Y5KPW0TSHL38D2NGMVRX7Q64IE1,7,7,0,0.34,10.119289,0.843436,0.953987,WEEMS,0.944444,0.055556
0.5,16384,3,license_plate_bahnschrift.ttf,BFUCAOZJ9Y5KPW0TSHL38D2NGMVRX7Q64IE1,7,7,0,0.425,11.313708,0.8067,0.853272,WEA,0.944444,0.055556
0.6,16384,3,license_plate_bahnschrift.ttf,BFUCAOZJ9Y5KPW0TSHL38D2NGMVRX7Q64IE1,7,7,0,0.51,12.393547,0.770893,0.778927,WEALVSWOEMSA,0.916667,0.083333
0.7,16384,3,license_plate_bahnschrift.ttf,BFUCAOZJ9Y5KPW0TSHL38D2NGMVRX7Q64IE1,7,7,0,0.595,13.38656,0.735998,0.721147,WEARLTVEWOE1MWAATB,0.916667,0.083333
0.8,16384,3,license_plate_bahnschrift.ttf,BFUCAOZJ9Y5KPW0TSHL38D2NGMVRX7Q64IE1,7,7,0,0.68,14.310835,0.701998,0.674571,WEAALAVSWOEMISAATTB,0.916667,0.083333
0.9,16384,3,license_plate_bahnschrift.ttf,BFUCAOZJ9Y5KPW0TSHL38D2NGMVRX7Q64IE1,7,7,0,0.765,15.178933,0.668877,0.635992,WUEASLVSWOEMEISANETBD,0.861111,0.138889
1.0,16384,3,license_plate_bahnschrift.ttf,BFUCAOZJ9Y5KPW0TSHL38D2NGMVRX7Q64IE1,7,7,0,0.85,16.0,0.63662,0.603355,7,0.972222,0.027778
0.1,16384,3,license_plate_bahnschrift.ttf,BFUCAOZJ9Y5KPW0TSHL38D2NGMVRX7Q64IE1,7,11,0,0.085,5.059644,0.959381,1.907975,SS,0.972222,0.027778
0.2,16384,3,license_plate_bahnschrift.ttf,BFUCAOZJ9Y5KPW0TSHL38D2NGMVRX7Q64IE1,7,11,0,0.17,7.155418,0.919759,1.349142,STY,0.972222,0.027778
0.3,16384,3,license_plate_bahnschrift.ttf,BFUCAOZJ9Y5KPW0TSHL38D2NGMVRX7Q64IE1,7,11,0,0.255,8.763561,0.881116,1.10157,STDS,0.944444,0.055556
0.4,16384,3,license_plate_bahnschrift.ttf,BFUCAOZJ9Y5KPW0TSHL38D2NGMVRX7Q64IE1,7,11,0,0.34,10.119289,0.843436,0.953987,PAMLASOWFPELAVANU,0.888889,0.111111
0.5,16384,3,license_plate_bahnschrift.ttf,BFUCAOZJ9Y5KPW0TSHL38D2NGMVRX7Q64IE1,7,11,0,0.425,11.313708,0.8067,0.853272,PMLA,0.944444,0.055556
0.6,16384,3,license_plate_bahnschrift.ttf,BFUCAOZJ9Y5KPW0TSHL38D2NGMVRX7Q64IE1,7,11,0,0.51,12.393547,0.770893,0.778927,PIMLINEOWSPEIEVAN,0.916667,0.083333
0.7,16384,3,license_plate_bahnschrift.ttf,BFUCAOZJ9Y5KPW0TSHL38D2NGMVRX7Q64IE1,7,11,0,0.595,13.38656,0.735998,0.721147,PMLINEOWEPEIEIVAO,0.916667,0.083333
0.8,16384,3,license_plate_bahnschrift.ttf,BFUCAOZJ9Y5KPW0TSHL38D2NGMVRX7Q64IE1,7,11,0,0.68,14.310835,0.701998,0.674571,PMLVEPWEPIEEVAEH,0.888889,0.111111
0.9,16384,3,license_plate_bahnschrift.ttf,BFUCAOZJ9Y5KPW0TSHL38D2NGMVRX7Q64IE1,7,11,0,0.765,15.178933,0.668877,0.635992,PUALLITOPWEPIRWAEN,0.833333,0.166667
1.0,16384,3,license_plate_bahnschrift.ttf,BFUCAOZJ9Y5KPW0TSHL38D2NGMVRX7Q64IE1,7,11,0,0.85,16.0,0.63662,0.603355,PURALITIOPWEP,0.861111,0.138889
0.1,16384,3,license_plate_bahnschrift.ttf,BFUCAOZJ9Y5KPW0TSHL38D2NGMVRX7Q64IE1,7,15,0,0.085,5.059644,0.959381,1.907975,RONEN,0.916667,0.083333
0.2,16384,3,license_plate_bahnschrift.ttf,BFUCAOZJ9Y5KPW0TSHL38D2NGMVRX7Q64IE1,7,15,0,0.17,7.155418,0.919759,1.349142,,1.0,0.0
0.3,16384,3,license_plate_bahnschrift.ttf,BFUCAOZJ9Y5KPW0TSHL38D2NGMVRX7Q64IE1,7,15,0,0.255,8.763561,0.881116,1.10157,SU,0.972222,0.027778
0.4,16384,3,license_plate_bahnschrift.ttf,BFUCAOZJ9Y5KPW0TSHL38D2NGMVRX7Q64IE1,7,15,0,0.34,10.119289,0.843436,0.953987,SLR,0.916667,0.083333
0.5,16384,3,license_plate_bahnschrift.ttf,BFUCAOZJ9Y5KPW0TSHL38D2NGMVRX7Q64IE1,7,15,0,0.425,11.313708,0.8067,0.853272,PLILIWTPLIIIIO,0.888889,0.111111
0.6,16384,3,license_plate_bahnschrift.ttf,BFUCAOZJ9Y5KPW0TSHL38D2NGMVRX7Q64IE1,7,15,0,0.51,12.393547,0.770893,0.778927,PRLLNWFPLIIO,0.888889,0.111111
0.7,16384,3,license_plate_bahnschrift.ttf,BFUCAOZJ9Y5KPW0TSHL38D2NGMVRX7Q64IE1,7,15,0,0.595,13.38656,0.735998,0.721147,POELWFPLIIEIVO,0.888889,0.111111
0.8,16384,3,license_plate_bahnschrift.ttf,BFUCAOZJ9Y5KPW0TSHL38D2NGMVRX7Q64IE1,7,15,0,0.68,14.310835,0.701998,0.674571,PAALNWFPIIIOT,0.888889,0.111111
0.9,16384,3,license_plate_bahnschrift.ttf,BFUCAOZJ9Y5KPW0TSHL38D2NGMVRX7Q64IE1,7,15,0,0.765,15.178933,0.668877,0.635992,,1.0,0.0
1.0,16384,3,license_plate_bahnschrift.ttf,BFUCAOZJ9Y5KPW0TSHL38D2NGMVRX7Q64IE1,7,15,0,0.85,16.0,0.63662,0.603355,,1.0,0.0
0.1,16384,3,license_plate_bahnschrift.ttf,BFUCAOZJ9Y5KPW0TSHL38D2NGMVRX7Q64IE1,11,0,0,0.085,5.059644,0.959381,1.907975,2S,0.972222,0.027778
0.2,16384,3,license_plate_bahnschrift.ttf,BFUCAOZJ9Y5KPW0TSHL38D2NGMVRX7Q64IE1,11,0,0,0.17,7.155418,0.919759,1.349142,S,0.972222,0.027778
0.3,16384,3,license_plate_bahnschrift.ttf,BFUCAOZJ9Y5KPW0TSHL38D2NGMVRX7Q64IE1,11,0,0,0.255,8.763561,0.881116,1.10157,SS,0.972222,0.027778
0.4,16384,3,license_plate_bahnschrift.ttf,BFUCAOZJ9Y5KPW0TSHL38D2NGMVRX7Q64IE1,11,0,0,0.34,10.119289,0.843436,0.953987,S,0.972222,0.027778
0.5,16384,3,license_plate_bahnschrift.ttf,BFUCAOZJ9Y5KPW0TSHL38D2NGMVRX7Q64IE1,11,0,0,0.425,11.313708,0.8067,0.853272,PMLNSFSTILEC,0.888889,0.111111
0.6,16384,3,license_plate_bahnschrift.ttf,BFUCAOZJ9Y5KPW0TSHL38D2NGMVRX7Q64IE1,11,0,0,0.51,12.393547,0.770893,0.778927,PACISFTLEC,0.888889,0.111111
0.7,16384,3,license_plate_bahnschrift.ttf,BFUCAOZJ9Y5KPW0TSHL38D2NGMVRX7Q64IE1,11,0,0,0.595,13.38656,0.735998,0.721147,PPACLINFOTISLEC,0.888889,0.111111
0.8,16384,3,license_plate_bahnschrift.ttf,BFUCAOZJ9Y5KPW0TSHL38D2NGMVRX7Q64IE1,11,0,0,0.68,14.310835,0.701998,0.674571,,1.0,0.0
0.9,16384,3,license_plate_bahnschrift.ttf,BFUCAOZJ9Y5KPW0TSHL38D2NGMVRX7Q64IE1,11,0,0,0.765,15.178933,0.668877,0.635992,,1.0,0.0
1.0,16384,3,license_plate_bahnschrift.ttf,BFUCAOZJ9Y5KPW0TSHL38D2NGMVRX7Q64IE1,11,0,0,0.85,16.0,0.63662,0.603355,,1.0,0.0
0.1,16384,3,license_plate_bahnschrift.ttf,BFUCAOZJ9Y5KPW0TSHL38D2NGMVRX7Q64IE1,11,3,0,0.085,5.059644,0.959381,1.907975,,1.0,0.0
0.2,16384,3,license_plate_bahnschrift.ttf,BFUCAOZJ9Y5KPW0TSHL38D2NGMVRX7Q64IE1,11,3,0,0.17,7.155418,0.919759,1.349142,BS,0.944444,0.055556
0.3,16384,3,license_plate_bahnschrift.ttf,BFUCAOZJ9Y5KPW0TSHL38D2NGMVRX7Q64IE1,11,3,0,0.255,8.763561,0.881116,1.10157,2B2TD,0.944444,0.055556
0.4,16384,3,license_plate_bahnschrift.ttf,BFUCAOZJ9Y5KPW0TSHL38D2NGMVRX7Q64IE1,11,3,0,0.34,10.119289,0.843436,0.953987,2TZ,0.972222,0.027778
0.5,16384,3,license_plate_bahnschrift.ttf,BFUCAOZJ9Y5KPW0TSHL38D2NGMVRX7Q64IE1,11,3,0,0.425,11.313708,0.8067,0.853272,DB,0.972222,0.027778
0.6,16384,3,license_plate_bahnschrift.ttf,BFUCAOZJ9Y5KPW0TSHL38D2NGMVRX7Q64IE1,11,3,0,0.51,12.393547,0.770893,0.778927,NOPST4EAC,0.888889,0.111111
0.7,16384,3,license_plate_bahnschrift.ttf,BFUCAOZJ9Y5KPW0TSHL38D2NGMVRX7Q64IE1,11,3,0,0.595,13.38656,0.735998,0.721147,BT,0.944444,0.055556
0.8,16384,3,license_plate_bahnschrift.ttf,BFUCAOZJ9Y5KPW0TSHL38D2NGMVRX7Q64IE1,11,3,0,0.68,14.310835,0.701998,0.674571,NOPT4ENOAC,0.888889,0.111111
0.9,16384,3,license_plate_bahnschrift.ttf,BFUCAOZJ9Y5KPW0TSHL38D2NGMVRX7Q64IE1,11,3,0,0.765,15.178933,0.668877,0.635992,,1.0,0.0
1.0,16384,3,license_plate_bahnschrift.ttf,BFUCAOZJ9Y5KPW0TSHL38D2NGMVRX7Q64IE1,11,3,0,0.85,16.0,0.63662,0.603355,,1.0,0.0
0.1,16384,3,license_plate_bahnschrift.ttf,BFUCAOZJ9Y5KPW0TSHL38D2NGMVRX7Q64IE1,11,7,0,0.085,5.059644,0.959381,1.907975,OBS,0.944444,0.055556
0.2,16384,3,license_plate_bahnschrift.ttf,BFUCAOZJ9Y5KPW0TSHL38D2NGMVRX7Q64IE1,11,7,0,0.17,7.155418,0.919759,1.349142,AB,0.972222,0.027778
0.3,16384,3,license_plate_bahnschrift.ttf,BFUCAOZJ9Y5KPW0TSHL38D2NGMVRX7Q64IE1,11,7,0,0.255,8.763561,0.881116,1.10157,EE,0.972222,0.027778
0.4,16384,3,license_plate_bahnschrift.ttf,BFUCAOZJ9Y5KPW0TSHL38D2NGMVRX7Q64IE1,11,7,0,0.34,10.119289,0.843436,0.953987,B,0.972222,0.027778
0.5,16384,3,license_plate_bahnschrift.ttf,BFUCAOZJ9Y5KPW0TSHL38D2NGMVRX7Q64IE1,11,7,0,0.425,11.313708,0.8067,0.853272,PELSPY6EE,0.888889,0.111111
0.6,16384,3,license_plate_bahnschrift.ttf,BFUCAOZJ9Y5KPW0TSHL38D2NGMVRX7Q64IE1,11,7,0,0.51,12.393547,0.770893,0.778927,PLE,0.916667,0.083333
0.7,16384,3,license_plate_bahnschrift.ttf,BFUCAOZJ9Y5KPW0TSHL38D2NGMVRX7Q64IE1,11,7,0,0.595,13.38656,0.735998,0.721147,,1.0,0.0
0.8,16384,3,license_plate_bahnschrift.ttf,BFUCAOZJ9Y5KPW0TSHL38D2NGMVRX7Q64IE1,11,7,0,0.68,14.310835,0.701998,0.674571,PLOF4A,0.916667,0.083333
0.9,16384,3,license_plate_bahnschrift.ttf,BFUCAOZJ9Y5KPW0TSHL38D2NGMVRX7Q64IE1,11,7,0,0.765,15.178933,0.668877,0.635992,PLSFS4SE,0.888889,0.111111
1.0,16384,3,license_plate_bahnschrift.ttf,BFUCAOZJ9Y5KPW0TSHL38D2NGMVRX7Q64IE1,11,7,0,0.85,16.0,0.63662,0.603355,PLOFEAE,0.916667,0.083333
0.1,16384,3,license_plate_bahnschrift.ttf,BFUCAOZJ9Y5KPW0TSHL38D2NGMVRX7Q64IE1,11,11,0,0.085,5.059644,0.959381,1.907975,BT,0.944444,0.055556
0.2,16384,3,license_plate_bahnschrift.ttf,BFUCAOZJ9Y5KPW0TSHL38D2NGMVRX7Q64IE1,11,11,0,0.17,7.155418,0.919759,1.349142,DB,0.972222,0.027778
0.3,16384,3,license_plate_bahnschrift.ttf,BFUCAOZJ9Y5KPW0TSHL38D2NGMVRX7Q64IE1,11,11,0,0.255,8.763561,0.881116,1.10157,DD,0.972222,0.027778
0.4,16384,3,license_plate_bahnschrift.ttf,BFUCAOZJ9Y5KPW0TSHL38D2NGMVRX7Q64IE1,11,11,0,0.34,10.119289,0.843436,0.953987,EY,0.972222,0.027778
0.5,16384,3,license_plate_bahnschrift.ttf,BFUCAOZJ9Y5KPW0TSHL38D2NGMVRX7Q64IE1,11,11,0,0.425,11.313708,0.8067,0.853272,BPMANTIOLCE54DPUI,0.861111,0.138889
0.6,16384,3,license_plate_bahnschrift.ttf,BFUCAOZJ9Y5KPW0TSHL38D2NGMVRX7Q64IE1,11,11,0,0.51,12.393547,0.770893,0.778927,BPMANECE24ASPCUI,0.888889,0.111111
0.7,16384,3,license_plate_bahnschrift.ttf,BFUCAOZJ9Y5KPW0TSHL38D2NGMVRX7Q64IE1,11,11,0,0.595,13.38656,0.735998,0.721147,BPMAA8S,0.916667,0.083333
0.8,16384,3,license_plate_bahnschrift.ttf,BFUCAOZJ9Y5KPW0TSHL38D2NGMVRX7Q64IE1,11,11,0,0.68,14.310835,0.701998,0.674571,PL,0.944444,0.055556
0.9,16384,3,license_plate_bahnschrift.ttf,BFUCAOZJ9Y5KPW0TSHL38D2NGMVRX7Q64IE1,11,11,0,0.765,15.178933,0.668877,0.635992,L0F4EE,0.916667,0.083333
1.0,16384,3,license_plate_bahnschrift.ttf,BFUCAOZJ9Y5KPW0TSHL38D2NGMVRX7Q64IE1,11,11,0,0.85,16.0,0.63662,0.603355,OPOLFE,0.888889,0.111111
0.1,16384,3,license_plate_bahnschrift.ttf,BFUCAOZJ9Y5KPW0TSHL38D2NGMVRX7Q64IE1,11,15,0,0.085,5.059644,0.959381,1.907975,,1.0,0.0
0.2,16384,3,license_plate_bahnschrift.ttf,BFUCAOZJ9Y5KPW0TSHL38D2NGMVRX7Q64IE1,11,15,0,0.17,7.155418,0.919759,1.349142,OS,0.944444,0.055556
0.3,16384,3,license_plate_bahnschrift.ttf,BFUCAOZJ9Y5KPW0TSHL38D2NGMVRX7Q64IE1,11,15,0,0.255,8.763561,0.881116,1.10157,S,0.972222,0.027778
0.4,16384,3,license_plate_bahnschrift.ttf,BFUCAOZJ9Y5KPW0TSHL38D2NGMVRX7Q64IE1,11,15,0,0.34,10.119289,0.843436,0.953987,PMESFTEC,0.916667,0.083333
0.5,16384,3,license_plate_bahnschrift.ttf,BFUCAOZJ9Y5KPW0TSHL38D2NGMVRX7Q64IE1,11,15,0,0.425,11.313708,0.8067,0.853272,PMSF,0.944444,0.055556
0.6,16384,3,license_plate_bahnschrift.ttf,BFUCAOZJ9Y5KPW0TSHL38D2NGMVRX7Q64IE1,11,15,0,0.51,12.393547,0.770893,0.778927,PNMCIFPTLECC,0.888889,0.111111
0.7,16384,3,license_plate_bahnschrift.ttf,BFUCAOZJ9Y5KPW0TSHL38D2NGMVRX7Q64IE1,11,15,0,0.595,13.38656,0.735998,0.721147,LS,0.972222,0.027778
0.8,16384,3,license_plate_bahnschrift.ttf,BFUCAOZJ9Y5KPW0TSHL38D2NGMVRX7Q64IE1,11,15,0,0.68,14.310835,0.701998,0.674571,,1.0,0.0
0.9,16384,3,license_plate_bahnschrift.ttf,BFUCAOZJ9Y5KPW0TSHL38D2NGMVRX7Q64IE1,11,15,0,0.765,15.178933,0.668877,0.635992,,1.0,0.0
1.0,16384,3,license_plate_bahnschrift.ttf,BFUCAOZJ9Y5KPW0TSHL38D2NGMVRX7Q64IE1,11,15,0,0.85,16.0,0.63662,0.603355,,1.0,0.0
0.1,16384,3,license_plate_bahnschrift.ttf,BFUCAOZJ9Y5KPW0TSHL38D2NGMVRX7Q64IE1,15,0,0,0.085,5.059644,0.959381,1.907975,SA,0.972222,0.027778
0.2,16384,3,license_plate_bahnschrift.ttf,BFUCAOZJ9Y5KPW0TSHL38D2NGMVRX7Q64IE1,15,0,0,0.17,7.155418,0.919759,1.349142,OSA,0.944444,0.055556
0.3,16384,3,license_plate_bahnschrift.ttf,BFUCAOZJ9Y5KPW0TSHL38D2NGMVRX7Q64IE1,15,0,0,0.255,8.763561,0.881116,1.10157,OSOAEP,0.916667,0.083333
0.4,16384,3,license_plate_bahnschrift.ttf,BFUCAOZJ9Y5KPW0TSHL38D2NGMVRX7Q64IE1,15,0,0,0.34,10.119289,0.843436,0.953987,OSOPSSACTPS,0.916667,0.083333
0.5,16384,3,license_plate_bahnschrift.ttf,BFUCAOZJ9Y5KPW0TSHL38D2NGMVRX7Q64IE1,15,0,0,0.425,11.313708,0.8067,0.853272,BLOAT,0.916667,0.083333
0.6,16384,3,license_plate_bahnschrift.ttf,BFUCAOZJ9Y5KPW0TSHL38D2NGMVRX7Q64IE1,15,0,0,0.51,12.393547,0.770893,0.778927,,1.0,0.0
0.7,16384,3,license_plate_bahnschrift.ttf,BFUCAOZJ9Y5KPW0TSHL38D2NGMVRX7Q64IE1,15,0,0,0.595,13.38656,0.735998,0.721147,,1.0,0.0
0.8,16384,3,license_plate_bahnschrift.ttf,BFUCAOZJ9Y5KPW0TSHL38D2NGMVRX7Q64IE1,15,0,0,0.68,14.310835,0.701998,0.674571,,1.0,0.0
0.9,16384,3,license_plate_bahnschrift.ttf,BFUCAOZJ9Y5KPW0TSHL38D2NGMVRX7Q64IE1,15,0,0,0.765,15.178933,0.668877,0.635992,,1.0,0.0
1.0,16384,3,license_plate_bahnschrift.ttf,BFUCAOZJ9Y5KPW0TSHL38D2NGMVRX7Q64IE1,15,0,0,0.85,16.0,0.63662,0.603355,,1.0,0.0
0.1,16384,3,license_plate_bahnschrift.ttf,BFUCAOZJ9Y5KPW0TSHL38D2NGMVRX7Q64IE1,15,3,0,0.085,5.059644,0.959381,1.907975,PCOTAPUOTOV,0.861111,0.138889
0.2,16384,3,license_plate_bahnschrift.ttf,BFUCAOZJ9Y5KPW0TSHL38D2NGMVRX7Q64IE1,15,3,0,0.17,7.155418,0.919759,1.349142,PTA,0.944444,0.055556
0.3,16384,3,license_plate_bahnschrift.ttf,BFUCAOZJ9Y5KPW0TSHL38D2NGMVRX7Q64IE1,15,3,0,0.255,8.763561,0.881116,1.10157,AON,0.916667,0.083333
0.4,16384,3,license_plate_bahnschrift.ttf,BFUCAOZJ9Y5KPW0TSHL38D2NGMVRX7Q64IE1,15,3,0,0.34,10.119289,0.843436,0.953987,TATE,0.916667,0.083333
0.5,16384,3,license_plate_bahnschrift.ttf,BFUCAOZJ9Y5KPW0TSHL38D2NGMVRX7Q64IE1,15,3,0,0.425,11.313708,0.8067,0.853272,ATO,0.944444,0.055556
0.6,16384,3,license_plate_bahnschrift.ttf,BFUCAOZJ9Y5KPW0TSHL38D2NGMVRX7Q64IE1,15,3,0,0.51,12.393547,0.770893,0.778927,OPATOEC,0.888889,0.111111
0.7,16384,3,license_plate_bahnschrift.ttf,BFUCAOZJ9Y5KPW0TSHL38D2NGMVRX7Q64IE1,15,3,0,0.595,13.38656,0.735998,0.721147,,1.0,0.0
0.8,16384,3,license_plate_bahnschrift.ttf,BFUCAOZJ9Y5KPW0TSHL38D2NGMVRX7Q64IE1,15,3,0,0.68,14.310835,0.701998,0.674571,,1.0,0.0
0.9,16384,3,license_plate_bahnschrift.ttf,BFUCAOZJ9Y5KPW0TSHL38D2NGMVRX7Q64IE1,15,3,0,0.765,15.178933,0.668877,0.635992,,1.0,0.0
1.0,16384,3,license_plate_bahnschrift.ttf,BFUCAOZJ9Y5KPW0TSHL38D2NGMVRX7Q64IE1,15,3,0,0.85,16.0,0.63662,0.603355,,1.0,0.0
0.1,16384,3,license_plate_bahnschrift.ttf,BFUCAOZJ9Y5KPW0TSHL38D2NGMVRX7Q64IE1,15,7,0,0.085,5.059644,0.959381,1.907975,TAWE,0.916667,0.083333
0.2,16384,3,license_plate_bahnschrift.ttf,BFUCAOZJ9Y5KPW0TSHL38D2NGMVRX7Q64IE1,15,7,0,0.17,7.155418,0.919759,1.349142,TAO,0.944444,0.055556
0.3,16384,3,license_plate_bahnschrift.ttf,BFUCAOZJ9Y5KPW0TSHL38D2NGMVRX7Q64IE1,15,7,0,0.255,8.763561,0.881116,1.10157,CTA,0.944444,0.055556
0.4,16384,3,license_plate_bahnschrift.ttf,BFUCAOZJ9Y5KPW0TSHL38D2NGMVRX7Q64IE1,15,7,0,0.34,10.119289,0.843436,0.953987,CTA,0.944444,0.055556
0.5,16384,3,license_plate_bahnschrift.ttf,BFUCAOZJ9Y5KPW0TSHL38D2NGMVRX7Q64IE1,15,7,0,0.425,11.313708,0.8067,0.853272,CTA,0.944444,0.055556
0.6,16384,3,license_plate_bahnschrift.ttf,BFUCAOZJ9Y5KPW0TSHL38D2NGMVRX7Q64IE1,15,7,0,0.51,12.393547,0.770893,0.778927,CTAETS,0.916667,0.083333
0.7,16384,3,license_plate_bahnschrift.ttf,BFUCAOZJ9Y5KPW0TSHL38D2NGMVRX7Q64IE1,15,7,0,0.595,13.38656,0.735998,0.721147,CTA,0.944444,0.055556
0.8,16384,3,license_plate_bahnschrift.ttf,BFUCAOZJ9Y5KPW0TSHL38D2NGMVRX7Q64IE1,15,7,0,0.68,14.310835,0.701998,0.674571,CFUTT,0.916667,0.083333
0.9,16384,3,license_plate_bahnschrift.ttf,BFUCAOZJ9Y5KPW0TSHL38D2NGMVRX7Q64IE1,15,7,0,0.765,15.178933,0.668877,0.635992,7,0.972222,0.027778
1.0,16384,3,license_plate_bahnschrift.ttf,BFUCAOZJ9Y5KPW0TSHL38D2NGMVRX7Q64IE1,15,7,0,0.85,16.0,0.63662,0.603355,77,0.972222,0.027778
0.1,16384,3,license_plate_bahnschrift.ttf,BFUCAOZJ9Y5KPW0TSHL38D2NGMVRX7Q64IE1,15,11,0,0.085,5.059644,0.959381,1.907975,2ROAOR,0.916667,0.083333
0.2,16384,3,license_plate_bahnschrift.ttf,BFUCAOZJ9Y5KPW0TSHL38D2NGMVRX7Q64IE1,15,11,0,0.17,7.155418,0.919759,1.349142,CASA,0.916667,0.083333
0.3,16384,3,license_plate_bahnschrift.ttf,BFUCAOZJ9Y5KPW0TSHL38D2NGMVRX7Q64IE1,15,11,0,0.255,8.763561,0.881116,1.10157,RAS8IOA,0.888889,0.111111
0.4,16384,3,license_plate_bahnschrift.ttf,BFUCAOZJ9Y5KPW0TSHL38D2NGMVRX7Q64IE1,15,11,0,0.34,10.119289,0.843436,0.953987,ALS8OR,0.888889,0.111111
0.5,16384,3,license_plate_bahnschrift.ttf,BFUCAOZJ9Y5KPW0TSHL38D2NGMVRX7Q64IE1,15,11,0,0.425,11.313708,0.8067,0.853272,COALS,0.916667,0.083333
0.6,16384,3,license_plate_bahnschrift.ttf,BFUCAOZJ9Y5KPW0TSHL38D2NGMVRX7Q64IE1,15,11,0,0.51,12.393547,0.770893,0.778927,ROALSA8OR,0.888889,0.111111
0.7,16384,3,license_plate_bahnschrift.ttf,BFUCAOZJ9Y5KPW0TSHL38D2NGMVRX7Q64IE1,15,11,0,0.595,13.38656,0.735998,0.721147,CALS,0.916667,0.083333
0.8,16384,3,license_plate_bahnschrift.ttf,BFUCAOZJ9Y5KPW0TSHL38D2NGMVRX7Q64IE1,15,11,0,0.68,14.310835,0.701998,0.674571,CORALS,0.916667,0.083333
0.9,16384,3,license_plate_bahnschrift.ttf,BFUCAOZJ9Y5KPW0TSHL38D2NGMVRX7Q64IE1,15,11,0,0.765,15.178933,0.668877,0.635992,,1.0,0.0
1.0,16384,3,license_plate_bahnschrift.ttf,BFUCAOZJ9Y5KPW0TSHL38D2NGMVRX7Q64IE1,15,11,0,0.85,16.0,0.63662,0.603355,7,0.972222,0.027778
0.1,16384,3,license_plate_bahnschrift.ttf,BFUCAOZJ9Y5KPW0TSHL38D2NGMVRX7Q64IE1,15,15,0,0.085,5.059644,0.959381,1.907975,BSE,0.916667,0.083333
0.2,16384,3,license_plate_bahnschrift.ttf,BFUCAOZJ9Y5KPW0TSHL38D2NGMVRX7Q64IE1,15,15,0,0.17,7.155418,0.919759,1.349142,BME,0.916667,0.083333
0.3,16384,3,license_plate_bahnschrift.ttf,BFUCAOZJ9Y5KPW0TSHL38D2NGMVRX7Q64IE1,15,15,0,0.255,8.763561,0.881116,1.10157,BASAL,0.888889,0.111111
0.4,16384,3,license_plate_bahnschrift.ttf,BFUCAOZJ9Y5KPW0TSHL38D2NGMVRX7Q64IE1,15,15,0,0.34,10.119289,0.843436,0.953987,OSAP,0.944444,0.055556
0.5,16384,3,license_plate_bahnschrift.ttf,BFUCAOZJ9Y5KPW0TSHL38D2NGMVRX7Q64IE1,15,15,0,0.425,11.313708,0.8067,0.853272,BAEC,0.916667,0.083333
0.6,16384,3,license_plate_bahnschrift.ttf,BFUCAOZJ9Y5KPW0TSHL38D2NGMVRX7Q64IE1,15,15,0,0.51,12.393547,0.770893,0.778927,BPLAISDAET,0.861111,0.138889
0.7,16384,3,license_plate_bahnschrift.ttf,BFUCAOZJ9Y5KPW0TSHL38D2NGMVRX7Q64IE1,15,15,0,0.595,13.38656,0.735998,0.721147,,1.0,0.0
0.8,16384,3,license_plate_bahnschrift.ttf,BFUCAOZJ9Y5KPW0TSHL38D2NGMVRX7Q64IE1,15,15,0,0.68,14.310835,0.701998,0.674571,,1.0,0.0
0.9,16384,3,license_plate_bahnschrift.ttf,BFUCAOZJ9Y5KPW0TSHL38D2NGMVRX7Q64IE1,15,15,0,0.765,15.178933,0.668877,0.635992,,1.0,0.0
1.0,16384,3,license_plate_bahnschrift.ttf,BFUCAOZJ9Y5KPW0TSHL38D2NGMVRX7Q64IE1,15,15,0,0.85,16.0,0.63662,0.603355,,1.0,0.0
0.1,16384,4,license_plate_bahnschrift.ttf,BFUCAOZJ9Y5KPW0TSHL38D2NGMVRX7Q64IE1,0,0,0,0.085,5.059644,0.959381,1.907975,CAITALIONRO,0.833333,0.166667
0.2,16384,4,license_plate_bahnschrift.ttf,BFUCAOZJ9Y5KPW0TSHL38D2NGMVRX7Q64IE1,0,0,0,0.17,7.155418,0.919759,1.349142,CUCASITALILOGONROS,0.805556,0.194444
0.3,16384,4,license_plate_bahnschrift.ttf,BFUCAOZJ9Y5KPW0TSHL38D2NGMVRX7Q64IE1,0,0,0,0.255,8.763561,0.881116,1.10157,OFUCALSMITSALILOGHOMPOOS,0.777778,0.222222
0.4,16384,4,license_plate_bahnschrift.ttf,BFUCAOZJ9Y5KPW0TSHL38D2NGMVRX7Q64IE1,0,0,0,0.34,10.119289,0.843436,0.953987,CFUCAISIMSIMITSLILOGRNONROS,0.75,0.25
0.5,16384,4,license_plate_bahnschrift.ttf,BFUCAOZJ9Y5KPW0TSHL38D2NGMVRX7Q64IE1,0,0,0,0.425,11.313708,0.8067,0.853272,OFUCASLIPYSPPMITSALILOGHOMPOSYE,0.694444,0.305556
0.6,16384,4,license_plate_bahnschrift.ttf,BFUCAOZJ9Y5KPW0TSHL38D2NGMVRX7Q64IE1,0,0,0,0.51,12.393547,0.770893,0.778927,OFUCADLIPSPMITRLILOGHONRTOSYE,0.75,0.25
0.7,16384,4,license_plate_bahnschrift.ttf,BFUCAOZJ9Y5KPW0TSHL38D2NGMVRX7Q64IE1,0,0,0,0.595,13.38656,0.735998,0.721147,OFUCADLIPYSPPMOTSAILILOGNOMYRXTOSLYE,0.638889,0.361111
0.8,16384,4,license_plate_bahnschrift.ttf,BFUCAOZJ9Y5KPW0TSHL38D2NGMVRX7Q64IE1,0,0,0,0.68,14.310835,0.701998,0.674571,OFUCADLIPYSPMITRILIEOGNOMRXTOLYE,0.638889,0.361111
0.9,16384,4,license_plate_bahnschrift.ttf,BFUCAOZJ9Y5KPW0TSHL38D2NGMVRX7Q64IE1,0,0,0,0.765,15.178933,0.668877,0.635992,OFUCADLIPYSHPMOTSLIEOGNOMYRXTOLWED,0.611111,0.388889
1.0,16384,4,license_plate_bahnschrift.ttf,BFUCAOZJ9Y5KPW0TSHL38D2NGMVRX7Q64IE1,0,0,0,0.85,16.0,0.63662,0.603355,OFUCADLIPYSOPMITSLIEOGNOMERAXTOSED,0.638889,0.361111
0.1,16384,4,license_plate_bahnschrift.ttf,BFUCAOZJ9Y5KPW0TSHL38D2NGMVRX7Q64IE1,0,3,0,0.085,5.059644,0.959381,1.907975,OFSI2YIREITSLIEPOMR,0.805556,0.194444
0.2,16384,4,license_plate_bahnschrift.ttf,BFUCAOZJ9Y5KPW0TSHL38D2NGMVRX7Q64IE1,0,3,0,0.17,7.155418,0.919759,1.349142,OFSIPYVTRSITSLIEDOMR,0.777778,0.222222
0.3,16384,4,license_plate_bahnschrift.ttf,BFUCAOZJ9Y5KPW0TSHL38D2NGMVRX7Q64IE1,0,3,0,0.255,8.763561,0.881116,1.10157,OFUCSI2TAPMITSLIBDGROMPOTOSYE,0.722222,0.277778
0.4,16384,4,license_plate_bahnschrift.ttf,BFUCAOZJ9Y5KPW0TSHL38D2NGMVRX7Q64IE1,0,3,0,0.34,10.119289,0.843436,0.953987,GEUCSODPTRSITSLIEDGGMPTO,0.75,0.25
0.5,16384,4,license_plate_bahnschrift.ttf,BFUCAOZJ9Y5KPW0TSHL38D2NGMVRX7Q64IE1,0,3,0,0.425,11.313708,0.8067,0.853272,OFUCSODPMSPMITSLIBDGOMPTOSET,0.694444,0.305556
0.6,16384,4,license_plate_bahnschrift.ttf,BFUCAOZJ9Y5KPW0TSHL38D2NGMVRX7Q64IE1,0,3,0,0.51,12.393547,0.770893,0.778927,GEUCAODSMSPPMITSLIEDGPTORET,0.694444,0.305556
0.7,16384,4,license_plate_bahnschrift.ttf,BFUCAOZJ9Y5KPW0TSHL38D2NGMVRX7Q64IE1,0,3,0,0.595,13.38656,0.735998,0.721147,QFUCAOSPSPPMOTSLIEOGOPTOSYET,0.694444,0.305556
0.8,16384,4,license_plate_bahnschrift.ttf,BFUCAOZJ9Y5KPW0TSHL38D2NGMVRX7Q64IE1,0,3,0,0.68,14.310835,0.701998,0.674571,GEUCADLISOPMITSLIEONGMRTORYED,0.666667,0.333333
0.9,16384,4,license_plate_bahnschrift.ttf,BFUCAOZJ9Y5KPW0TSHL38D2NGMVRX7Q64IE1,0,3,0,0.765,15.178933,0.668877,0.635992,QFUCADLIPSPMOTSHLIEOGNORTOSYED,0.666667,0.333333
1.0,16384,4,license_plate_bahnschrift.ttf,BFUCAOZJ9Y5KPW0TSHL38D2NGMVRX7Q64IE1,0,3,0,0.85,16.0,0.63662,0.603355,QFUCADIIPVSOPMOTSHLIEDGNOMERXTOLYE,0.583333,0.416667
0.1,16384,4,license_plate_bahnschrift.ttf,BFUCAOZJ9Y5KPW0TSHL38D2NGMVRX7Q64IE1,0,7,0,0.085,5.059644,0.959381,1.907975,RELWSDTTSETODF,0.916667,0.083333
0.2,16384,4,license_plate_bahnschrift.ttf,BFUCAOZJ9Y5KPW0TSHL38D2NGMVRX7Q64IE1,0,7,0,0.17,7.155418,0.919759,1.349142,RELWSDVEITSETORAF,0.916667,0.083333
0.3,16384,4,license_plate_bahnschrift.ttf,BFUCAOZJ9Y5KPW0TSHL38D2NGMVRX7Q64IE1,0,7,0,0.255,8.763561,0.881116,1.10157,RELLSSHOERRTSETORPAF,0.916667,0.083333
0.4,16384,4,license_plate_bahnschrift.ttf,BFUCAOZJ9Y5KPW0TSHL38D2NGMVRX7Q64IE1,0,7,0,0.34,10.119289,0.843436,0.953987,BELLSODPVETSLETP,0.833333,0.166667
0.5,16384,4,license_plate_bahnschrift.ttf,BFUCAOZJ9Y5KPW0TSHL38D2NGMVRX7Q64IE1,0,7,0,0.425,11.313708,0.8067,0.853272,REUSONVEPTSLBTF,0.833333,0.166667
0.6,16384,4,license_plate_bahnschrift.ttf,BFUCAOZJ9Y5KPW0TSHL38D2NGMVRX7Q64IE1,0,7,0,0.51,12.393547,0.770893,0.778927,BFLSOSNVEOPTSDEDCTAF,0.805556,0.194444
0.7,16384,4,license_plate_bahnschrift.ttf,BFUCAOZJ9Y5KPW0TSHL38D2NGMVRX7Q64IE1,0,7,0,0.595,13.38656,0.735998,0.721147,BFUICSO2FVEOPTSDGRTOASFI,0.694444,0.305556
0.8,16384,4,license_plate_bahnschrift.ttf,BFUCAOZJ9Y5KPW0TSHL38D2NGMVRX7Q64IE1,0,7,0,0.68,14.310835,0.701998,0.674571,BFUCIODFVSOPMRTSJBCGRTORED,0.694444,0.305556
0.9,16384,4,license_plate_bahnschrift.ttf,BFUCAOZJ9Y5KPW0TSHL38D2NGMVRX7Q64IE1,0,7,0,0.765,15.178933,0.668877,0.635992,BFUCAODVSOPMATSHLJEDGNGRTORFD,0.583333,0.416667
1.0,16384,4,license_plate_bahnschrift.ttf,BFUCAOZJ9Y5KPW0TSHL38D2NGMVRX7Q64IE1,0,7,0,0.85,16.0,0.63662,0.603355,BFUCROTF7V5PMROTSHLDEGRKTORWEP,0.611111,0.388889
0.1,16384,4,license_plate_bahnschrift.ttf,BFUCAOZJ9Y5KPW0TSHL38D2NGMVRX7Q64IE1,0,11,0,0.085,5.059644,0.959381,1.907975,CPMSIOSPISELIOLODNUS,0.888889,0.111111
0.2,16384,4,license_plate_bahnschrift.ttf,BFUCAOZJ9Y5KPW0TSHL38D2NGMVRX7Q64IE1,0,11,0,0.17,7.155418,0.919759,1.349142,PPUAASIISPISLIELOROUSE,0.805556,0.194444
0.3,16384,4,license_plate_bahnschrift.ttf,BFUCAOZJ9Y5KPW0TSHL38D2NGMVRX7Q64IE1,0,11,0,0.255,8.763561,0.881116,1.10157,EPUAFVSPISLIBLORUOOUS,0.833333,0.166667
0.4,16384,4,license_plate_bahnschrift.ttf,BFUCAOZJ9Y5KPW0TSHL38D2NGMVRX7Q64IE1,0,11,0,0.34,10.119289,0.843436,0.953987,CPUAINIVSPTSLIBLRUNOUSW,0.805556,0.194444
0.5,16384,4,license_plate_bahnschrift.ttf,BFUCAOZJ9Y5KPW0TSHL38D2NGMVRX7Q64IE1,0,11,0,0.425,11.313708,0.8067,0.853272,BPULAIITYSFTSLIBLORUPUSE,0.75,0.25
0.6,16384,4,license_plate_bahnschrift.ttf,BFUCAOZJ9Y5KPW0TSHL38D2NGMVRX7Q64IE1,0,11,0,0.51,12.393547,0.770893,0.778927,BPUAILITYSTSLIRLNCUSWE,0.75,0.25
0.7,16384,4,license_plate_bahnschrift.ttf,BFUCAOZJ9Y5KPW0TSHL38D2NGMVRX7Q64IE1,0,11,0,0.595,13.38656,0.735998,0.721147,BPUCAIIVYSAMATSLIOLPSWE,0.75,0.25
0.8,16384,4,license_plate_bahnschrift.ttf,BFUCAOZJ9Y5KPW0TSHL38D2NGMVRX7Q64IE1,0,11,0,0.68,14.310835,0.701998,0.674571,BPUCADLIPYSAMITSHLIELINOTOSWE,0.694444,0.305556
0.9,16384,4,license_plate_bahnschrift.ttf,BFUCAOZJ9Y5KPW0TSHL38D2NGMVRX7Q64IE1,0,11,0,0.765,15.178933,0.668877,0.635992,BPUCADLIVVSAYMATSHLJELINGTOSEP,0.694444,0.305556
1.0,16384,4,license_plate_bahnschrift.ttf,BFUCAOZJ9Y5KPW0TSHL38D2NGMVRX7Q64IE1,0,11,0,0.85,16.0,0.63662,0.603355,BPUCADLIVYSAPBITSHLJEDINOCTOSWED,0.638889,0.361111
0.1,16384,4,license_plate_bahnschrift.ttf,BFUCAOZJ9Y5KPW0TSHL38D2NGMVRX7Q64IE1,0,15,0,0.085,5.059644,0.959381,1.907975,CMTALIGONRUL,0.861111,0.138889
0.2,16384,4,license_plate_bahnschrift.ttf,BFUCAOZJ9Y5KPW0TSHL38D2NGMVRX7Q64IE1,0,15,0,0.17,7.155418,0.919759,1.349142,CPUALSTSLILOGONRUS,0.805556,0.194444
0.3,16384,4,license_plate_bahnschrift.ttf,BFUCAOZJ9Y5KPW0TSHL38D2NGMVRX7Q64IE1,0,15,0,0.255,8.763561,0.881116,1.10157,OPUCAISTSMITSALILOGRONRUS,0.777778,0.222222
0.4,16384,4,license_plate_bahnschrift.ttf,BFUCAOZJ9Y5KPW0TSHL38D2NGMVRX7Q64IE1,0,15,0,0.34,10.119289,0.843436,0.953987,CPUCAILITSMITALILOGRONROS,0.805556,0.194444
0.5,16384,4,license_plate_bahnschrift.ttf,BFUCAOZJ9Y5KPW0TSHL38D2NGMVRX7Q64IE1,0,15,0,0.425,11.313708,0.8067,0.853272,CPUCADLIPYSMITSALILOGHOMPOSE,0.75,0.25
0.6,16384,4,license_plate_bahnschrift.ttf,BFUCAOZJ9Y5KPW0TSHL38D2NGMVRX7Q64IE1,0,15,0,0.51,12.393547,0.770893,0.778927,CPUCADLITISSMITSLILOGHONROSYE,0.777778,0.222222
0.7,16384,4,license_plate_bahnschrift.ttf,BFUCAOZJ9Y5KPW0TSHL38D2NGMVRX7Q64IE1,0,15,0,0.595,13.38656,0.735998,0.721147,CPUCADLIPYSFMOTSAILIEOGHOMRTOSE,0.75,0.25
0.8,16384,4,license_plate_bahnschrift.ttf,BFUCAOZJ9Y5KPW0TSHL38D2NGMVRX7Q64IE1,0,15,0,0.68,14.310835,0.701998,0.674571,CPUCADLIPYSPMITAILILOGNOMPXTOSVED,0.694444,0.305556
0.9,16384,4,license_plate_bahnschrift.ttf,BFUCAOZJ9Y5KPW0TSHL38D2NGMVRX7Q64IE1,0,15,0,0.765,15.178933,0.668877,0.635992,OPUCADLIPYSOPMITSLIEOGNOMRXTOSYED,0.638889,0.361111
1.0,16384,4,license_plate_bahnschrift.ttf,BFUCAOZJ9Y5KPW0TSHL38D2NGMVRX7Q64IE1,0,15,0,0.85,16.0,0.63662,0.603355,OPUCADLIPYSOPMITSLIEOGNOMYRXTOSWED,0.638889,0.361111
0.1,16384,4,license_plate_bahnschrift.ttf,BFUCAOZJ9Y5KPW0TSHL38D2NGMVRX7Q64IE1,3,0,0,0.085,5.059644,0.959381,1.907975,TUSOIITSEWITSLOLODGYMC,0.805556,0.194444
0.2,16384,4,license_plate_bahnschrift.ttf,BFUCAOZJ9Y5KPW0TSHL38D2NGMVRX7Q64IE1,3,0,0,0.17,7.155418,0.919759,1.349142,TTVOODITEWITSLOLODONMC,0.805556,0.194444
0.3,16384,4,license_plate_bahnschrift.ttf,BFUCAOZJ9Y5KPW0TSHL38D2NGMVRX7Q64IE1,3,0,0,0.255,8.763561,0.881116,1.10157,CIVCADQITWITSLILODONMO,0.777778,0.222222
0.4,16384,4,license_plate_bahnschrift.ttf,BFUCAOZJ9Y5KPW0TSHL38D2NGMVRX7Q64IE1,3,0,0,0.34,10.119289,0.843436,0.953987,TIUCADUITEWITSLICODGNIKMO,0.777778,0.222222
0.5,16384,4,license_plate_bahnschrift.ttf,BFUCAOZJ9Y5KPW0TSHL38D2NGMVRX7Q64IE1,3,0,0,0.425,11.313708,0.8067,0.853272,CUCADQUITWITSLIODONM,0.722222,0.277778
0.6,16384,4,license_plate_bahnschrift.ttf,BFUCAOZJ9Y5KPW0TSHL38D2NGMVRX7Q64IE1,3,0,0,0.51,12.393547,0.770893,0.778927,CPUCADQITISHWITSLIODONI,0.722222,0.277778
0.7,16384,4,license_plate_bahnschrift.ttf,BFUCAOZJ9Y5KPW0TSHL38D2NGMVRX7Q64IE1,3,0,0,0.595,13.38656,0.735998,0.721147,CIUCADIITISSWITSLILOMONIS,0.75,0.25
0.8,16384,4,license_plate_bahnschrift.ttf,BFUCAOZJ9Y5KPW0TSHL38D2NGMVRX7Q64IE1,3,0,0,0.68,14.310835,0.701998,0.674571,SPUCADIIFISPWITSLCODONVT,0.694444,0.305556
0.9,16384,4,license_plate_bahnschrift.ttf,BFUCAOZJ9Y5KPW0TSHL38D2NGMVRX7Q64IE1,3,0,0,0.765,15.178933,0.668877,0.635992,SPUCALCIFISAPWITSLEODOMRT,0.694444,0.305556
1.0,16384,4,license_plate_bahnschrift.ttf,BFUCAOZJ9Y5KPW0TSHL38D2NGMVRX7Q64IE1,3,0,0,0.85,16.0,0.63662,0.603355,,1.0,0.0
0.1,16384,4,license_plate_bahnschrift.ttf,BFUCAOZJ9Y5KPW0TSHL38D2NGMVRX7Q64IE1,3,3,0,0.085,5.059644,0.959381,1.907975,TPISSIKWITSLIGM,0.805556,0.194444
0.2,16384,4,license_plate_bahnschrift.ttf,BFUCAOZJ9Y5KPW0TSHL38D2NGMVRX7Q64IE1,3,3,0,0.17,7.155418,0.919759,1.349142,TPUSDINTKSWITSLIGNM,0.777778,0.222222
0.3,16384,4,license_plate_bahnschrift.ttf,BFUCAOZJ9Y5KPW0TSHL38D2NGMVRX7Q64IE1,3,3,0,0.255,8.763561,0.881116,1.10157,TIUCSOCINTESWITSLIDMGNM,0.75,0.25
0.4,16384,4,license_plate_bahnschrift.ttf,BFUCAOZJ9Y5KPW0TSHL38D2NGMVRX7Q64IE1,3,3,0,0.34,10.119289,0.843436,0.953987,TFUCADCINTEEWITSLENMGRNED,0.666667,0.333333
0.5,16384,4,license_plate_bahnschrift.ttf,BFUCAOZJ9Y5KPW0TSHL38D2NGMVRX7Q64IE1,3,3,0,0.425,11.313708,0.8067,0.853272,GPUCADIINTIREWITSLIOMGNRM,0.75,0.25
0.6,16384,4,license_plate_bahnschrift.ttf,BFUCAOZJ9Y5KPW0TSHL38D2NGMVRX7Q64IE1,3,3,0,0.51,12.393547,0.770893,0.778927,SFUCAICIMITIREWITSLIEDMGNIRNB,0.722222,0.277778
0.7,16384,4,license_plate_bahnschrift.ttf,BFUCAOZJ9Y5KPW0TSHL38D2NGMVRX7Q64IE1,3,3,0,0.595,13.38656,0.735998,0.721147,GFUCADIIVITROWITS4LIEDMGNIRCM,0.694444,0.305556
0.8,16384,4,license_plate_bahnschrift.ttf,BFUCAOZJ9Y5KPW0TSHL38D2NGMVRX7Q64IE1,3,3,0,0.68,14.310835,0.701998,0.674571,SFUCADIIFITAOWITS1EDNGNIRNE,0.666667,0.333333
0.9,16384,4,license_plate_bahnschrift.ttf,BFUCAOZJ9Y5KPW0TSHL38D2NGMVRX7Q64IE1,3,3,0,0.765,15.178933,0.668877,0.635992,SFUCADIIIITOSWITSLIEOMONIRC,0.722222,0.277778
1.0,16384,4,license_plate_bahnschrift.ttf,BFUCAOZJ9Y5KPW0TSHL38D2NGMVRX7Q64IE1,3,3,0,0.85,16.0,0.63662,0.603355,SFUCADII7VSAPWITSHJE0GNWRETE,0.666667,0.333333
0.1,16384,4,license_plate_bahnschrift.ttf,BFUCAOZJ9Y5KPW0TSHL38D2NGMVRX7Q64IE1,3,7,0,0.085,5.059644,0.959381,1.907975,FIPLSOTATRWITS1FIRF,0.861111,0.138889
0.2,16384,4,license_plate_bahnschrift.ttf,BFUCAOZJ9Y5KPW0TSHL38D2NGMVRX7Q64IE1,3,7,0,0.17,7.155418,0.919759,1.349142,FIPLSOLATRWSPRF,0.861111,0.138889
0.3,16384,4,license_plate_bahnschrift.ttf,BFUCAOZJ9Y5KPW0TSHL38D2NGMVRX7Q64IE1,3,7,0,0.255,8.763561,0.881116,1.10157,SPIPLOLOIATRWTS1SEDRF,0.833333,0.166667
0.4,16384,4,license_plate_bahnschrift.ttf,BFUCAOZJ9Y5KPW0TSHL38D2NGMVRX7Q64IE1,3,7,0,0.34,10.119289,0.843436,0.953987,SFIPLALOIATREWITSH1SETVRCNF,0.805556,0.194444
0.5,16384,4,license_plate_bahnschrift.ttf,BFUCAOZJ9Y5KPW0TSHL38D2NGMVRX7Q64IE1,3,7,0,0.425,11.313708,0.8067,0.853272,SFIPLALOIATRWITS1SERMF,0.861111,0.138889
0.6,16384,4,license_plate_bahnschrift.ttf,BFUCAOZJ9Y5KPW0TSHL38D2NGMVRX7Q64IE1,3,7,0,0.51,12.393547,0.770893,0.778927,SFLPLALOIAVEREWITS1SEDRNE,0.805556,0.194444
0.7,16384,4,license_plate_bahnschrift.ttf,BFUCAOZJ9Y5KPW0TSHL38D2NGMVRX7Q64IE1,3,7,0,0.595,13.38656,0.735998,0.721147,SFUCALOIPVEREWITS1SEDRMF,0.75,0.25
0.8,16384,4,license_plate_bahnschrift.ttf,BFUCAOZJ9Y5KPW0TSHL38D2NGMVRX7Q64IE1,3,7,0,0.68,14.310835,0.701998,0.674571,SFUCALDIAVEREWITS1JEDIMREME,0.694444,0.305556
0.9,16384,4,license_plate_bahnschrift.ttf,BFUCAOZJ9Y5KPW0TSHL38D2NGMVRX7Q64IE1,3,7,0,0.765,15.178933,0.668877,0.635992,GFUCALQSWVERPWITS4FEDIMRETE,0.666667,0.333333
1.0,16384,4,license_plate_bahnschrift.ttf,BFUCAOZJ9Y5KPW0TSHL38D2NGMVRX7Q64IE1,3,7,0,0.85,16.0,0.63662,0.603355,BFUCALDJPVERPWITSJ80IMVREMOE,0.583333,0.416667
0.1,16384,4,license_plate_bahnschrift.ttf,BFUCAOZJ9Y5KPW0TSHL38D2NGMVRX7Q64IE1,3,11,0,0.085,5.059644,0.959381,1.907975,TRLRIRIZERWIISLERUOUSHEU,0.861111,0.138889
0.2,16384,4,license_plate_bahnschrift.ttf,BFUCAOZJ9Y5KPW0TSHL38D2NGMVRX7Q64IE1,3,11,0,0.17,7.155418,0.919759,1.349142,TPUALIFRRMIISLELUOUSHU,0.888889,0.111111
0.3,16384,4,license_plate_bahnschrift.ttf,BFUCAOZJ9Y5KPW0TSHL38D2NGMVRX7Q64IE1,3,11,0,0.255,8.763561,0.881116,1.10157,SPURCALNIFIERWIISLARUUNSHU58,0.833333,0.166667
0.4,16384,4,license_plate_bahnschrift.ttf,BFUCAOZJ9Y5KPW0TSHL38D2NGMVRX7Q64IE1,3,11,0,0.34,10.119289,0.843436,0.953987,SPUCAIRIFIWITSLUH58EY,0.777778,0.222222
0.5,16384,4,license_plate_bahnschrift.ttf,BFUCAOZJ9Y5KPW0TSHL38D2NGMVRX7Q64IE1,3,11,0,0.425,11.313708,0.8067,0.853272,SPUCALLIFIEWITSLASUNHCUS8BD,0.777778,0.222222
0.6,16384,4,license_plate_bahnschrift.ttf,BFUCAOZJ9Y5KPW0TSHL38D2NGMVRX7Q64IE1,3,11,0,0.51,12.393547,0.770893,0.778927,SPUCALLIFISWITSLSUNH88ED,0.75,0.25
0.7,16384,4,license_plate_bahnschrift.ttf,BFUCAOZJ9Y5KPW0TSHL38D2NGMVRX7Q64IE1,3,11,0,0.595,13.38656,0.735998,0.721147,SPUCALLIFTERITSLISUINHCSE,0.777778,0.222222
0.8,16384,4,license_plate_bahnschrift.ttf,BFUCAOZJ9Y5KPW0TSHL38D2NGMVRX7Q64IE1,3,11,0,0.68,14.310835,0.701998,0.674571,SPUCALLIFTEPWTTSLISUSMHSE,0.722222,0.277778
0.9,16384,4,license_plate_bahnschrift.ttf,BFUCAOZJ9Y5KPW0TSHL38D2NGMVRX7Q64IE1,3,11,0,0.765,15.178933,0.668877,0.635992,SFUCALLIFYENTTSLIEUVMWHSWED,0.722222,0.277778
1.0,16384,4,license_plate_bahnschrift.ttf,BFUCAOZJ9Y5KPW0TSHL38D2NGMVRX7Q64IE1,3,11,0,0.85,16.0,0.63662,0.603355,SFUCALLIFYSPWTTSLIEUDVMVHCTSOE,0.638889,0.361111
0.1,16384,4,license_plate_bahnschrift.ttf,BFUCAOZJ9Y5KPW0TSHL38D2NGMVRX7Q64IE1,3,15,0,0.085,5.059644,0.959381,1.907975,STUCAITEEWITSLOLOSONSIM,0.777778,0.222222
0.2,16384,4,license_plate_bahnschrift.ttf,BFUCAOZJ9Y5KPW0TSHL38D2NGMVRX7Q64IE1,3,15,0,0.17,7.155418,0.919759,1.349142,STVALITEWITSLOLOSONSIM,0.833333,0.166667
0.3,16384,4,license_plate_bahnschrift.ttf,BFUCAOZJ9Y5KPW0TSHL38D2NGMVRX7Q64IE1,3,15,0,0.255,8.763561,0.881116,1.10157,CIVOALITOWITSLIOONM,0.805556,0.194444
0.4,16384,4,license_plate_bahnschrift.ttf,BFUCAOZJ9Y5KPW0TSHL38D2NGMVRX7Q64IE1,3,15,0,0.34,10.119289,0.843436,0.953987,TIVCADLITWITSLAODCNTN,0.777778,0.222222
0.5,16384,4,license_plate_bahnschrift.ttf,BFUCAOZJ9Y5KPW0TSHL38D2NGMVRX7Q64IE1,3,15,0,0.425,11.313708,0.8067,0.853272,CIUCALQLITWITSLODON,0.75,0.25
0.6,16384,4,license_plate_bahnschrift.ttf,BFUCAOZJ9Y5KPW0TSHL38D2NGMVRX7Q64IE1,3,15,0,0.51,12.393547,0.770893,0.778927,CPUCALQITSWITSLODON0,0.75,0.25
0.7,16384,4,license_plate_bahnschrift.ttf,BFUCAOZJ9Y5KPW0TSHL38D2NGMVRX7Q64IE1,3,15,0,0.595,13.38656,0.735998,0.721147,CIUCADLITISWITSLIOMON,0.777778,0.222222
0.8,16384,4,license_plate_bahnschrift.ttf,BFUCAOZJ9Y5KPW0TSHL38D2NGMVRX7Q64IE1,3,15,0,0.68,14.310835,0.701998,0.674571,CPUCADIIFISHPWITS4ODONTS,0.75,0.25
0.9,16384,4,license_plate_bahnschrift.ttf,BFUCAOZJ9Y5KPW0TSHL38D2NGMVRX7Q64IE1,3,15,0,0.765,15.178933,0.668877,0.635992,SPUCALLIFISWITS1EOONT,0.805556,0.194444
1.0,16384,4,license_plate_bahnschrift.ttf,BFUCAOZJ9Y5KPW0TSHL38D2NGMVRX7Q64IE1,3,15,0,0.85,16.0,0.63662,0.603355,SPUCALIIFTSPWITS8E0SVOMVRTE,0.694444,0.305556
0.1,16384,4,license_plate_bahnschrift.ttf,BFUCAOZJ9Y5KPW0TSHL38D2NGMVRX7Q64IE1,7,0,0,0.085,5.059644,0.959381,1.907975,SUADOTMATTSLACSCYATIOSCK,0.861111,0.138889
0.2,16384,4,license_plate_bahnschrift.ttf,BFUCAOZJ9Y5KPW0TSHL38D2NGMVRX7Q64IE1,7,0,0,0.17,7.155418,0.919759,1.349142,COUL4DSSAETSCSSCYATIOSSZSECT,0.888889,0.111111
0.3,16384,4,license_plate_bahnschrift.ttf,BFUCAOZJ9Y5KPW0TSHL38D2NGMVRX7Q64IE1,7,0,0,0.255,8.763561,0.881116,1.10157,CPULALTPSPATTSILOCSCVATIEDSSCT,0.805556,0.194444
0.4,16384,4,license_plate_bahnschrift.ttf,BFUCAOZJ9Y5KPW0TSHL38D2NGMVRX7Q64IE1,7,0,0,0.34,10.119289,0.843436,0.953987,CPULALSPSPATTSILSOCIMCVATTEDSSCICT,0.833333,0.166667
0.5,16384,4,license_plate_bahnschrift.ttf,BFUCAOZJ9Y5KPW0TSHL38D2NGMVRX7Q64IE1,7,0,0,0.425,11.313708,0.8067,0.853272,SPULALSPSPATTSILSOCDMCVATIEDSESCT,0.833333,0.166667
0.6,16384,4,license_plate_bahnschrift.ttf,BFUCAOZJ9Y5KPW0TSHL38D2NGMVRX7Q64IE1,7,0,0,0.51,12.393547,0.770893,0.778927,CFULALISPSPATTSILSOCTMCMATIEDSECICT,0.777778,0.222222
0.7,16384,4,license_plate_bahnschrift.ttf,BFUCAOZJ9Y5KPW0TSHL38D2NGMVRX7Q64IE1,7,0,0,0.595,13.38656,0.735998,0.721147,SPULALLF7SPATTSISOOIMGMATIEDSSCT,0.805556,0.194444
0.8,16384,4,license_plate_bahnschrift.ttf,BFUCAOZJ9Y5KPW0TSHL38D2NGMVRX7Q64IE1,7,0,0,0.68,14.310835,0.701998,0.674571,CFULADIT7SKPATTSS002NGMATLEDSECT,0.694444,0.305556
0.9,16384,4,license_plate_bahnschrift.ttf,BFUCAOZJ9Y5KPW0TSHL38D2NGMVRX7Q64IE1,7,0,0,0.765,15.178933,0.668877,0.635992,CPULADIF7SKPATTSS00INGMATLEDSS6T,0.75,0.25
1.0,16384,4,license_plate_bahnschrift.ttf,BFUCAOZJ9Y5KPW0TSHL38D2NGMVRX7Q64IE1,7,0,0,0.85,16.0,0.63662,0.603355,CFUCALLS7SKPWTTSHS00INGMVFLEDSS6IT,0.611111,0.388889
0.1,16384,4,license_plate_bahnschrift.ttf,BFUCAOZJ9Y5KPW0TSHL38D2NGMVRX7Q64IE1,7,3,0,0.085,5.059644,0.959381,1.907975,TPULADCLTATTSEOOETCYTR,0.861111,0.138889
0.2,16384,4,license_plate_bahnschrift.ttf,BFUCAOZJ9Y5KPW0TSHL38D2NGMVRX7Q64IE1,7,3,0,0.17,7.155418,0.919759,1.349142,DPULDCSTATTSOODOGVAR,0.833333,0.166667
0.3,16384,4,license_plate_bahnschrift.ttf,BFUCAOZJ9Y5KPW0TSHL38D2NGMVRX7Q64IE1,7,3,0,0.255,8.763561,0.881116,1.10157,DPUL4D0STATTSHOOOISGYARESK,0.833333,0.166667
0.4,16384,4,license_plate_bahnschrift.ttf,BFUCAOZJ9Y5KPW0TSHL38D2NGMVRX7Q64IE1,7,3,0,0.34,10.119289,0.843436,0.953987,BPULITLTPPATTSHOGOINGYAR,0.75,0.25
0.5,16384,4,license_plate_bahnschrift.ttf,BFUCAOZJ9Y5KPW0TSHL38D2NGMVRX7Q64IE1,7,3,0,0.425,11.313708,0.8067,0.853272,BPULAD0T7SMATTSHOGOINGYARESSKT,0.75,0.25
0.6,16384,4,license_plate_bahnschrift.ttf,BFUCAOZJ9Y5KPW0TSHL38D2NGMVRX7Q64IE1,7,3,0,0.51,12.393547,0.770893,0.778927,BPULAITTSAPATTSHOGDINGYAAESK,0.722222,0.277778
0.7,16384,4,license_plate_bahnschrift.ttf,BFUCAOZJ9Y5KPW0TSHL38D2NGMVRX7Q64IE1,7,3,0,0.595,13.38656,0.735998,0.721147,DPULADILFSKPATTSHOG0INGYATEDSC,0.75,0.25
0.8,16384,4,license_plate_bahnschrift.ttf,BFUCAOZJ9Y5KPW0TSHL38D2NGMVRX7Q64IE1,7,3,0,0.68,14.310835,0.701998,0.674571,BPULALILT7PSKPATTSHOGDINGYNAEDS,0.722222,0.277778
0.9,16384,4,license_plate_bahnschrift.ttf,BFUCAOZJ9Y5KPW0TSHL38D2NGMVRX7Q64IE1,7,3,0,0.765,15.178933,0.668877,0.635992,BEUCADIF7SKPATTSH280INGMVAEDSS6,0.611111,0.388889
1.0,16384,4,license_plate_bahnschrift.ttf,BFUCAOZJ9Y5KPW0TSHL38D2NGMVRX7Q64IE1,7,3,0,0.85,16.0,0.63662,0.603355,BFUCALILF7SAPWTTSH28DINGMVAEDS8,0.555556,0.444444
0.1,16384,4,license_plate_bahnschrift.ttf,BFUCAOZJ9Y5KPW0TSHL38D2NGMVRX7Q64IE1,7,7,0,0.085,5.059644,0.959381,1.907975,PAUIGRRATTSTLIWINR,0.833333,0.166667
0.2,16384,4,license_plate_bahnschrift.ttf,BFUCAOZJ9Y5KPW0TSHL38D2NGMVRX7Q64IE1,7,7,0,0.17,7.155418,0.919759,1.349142,PEUIEEARRATTSOTLIWIVR,0.861111,0.138889
0.3,16384,4,license_plate_bahnschrift.ttf,BFUCAOZJ9Y5KPW0TSHL38D2NGMVRX7Q64IE1,7,7,0,0.255,8.763561,0.881116,1.10157,PRUCEIELERRATTSWIVAR,0.861111,0.138889
0.4,16384,4,license_plate_bahnschrift.ttf,BFUCAOZJ9Y5KPW0TSHL38D2NGMVRX7Q64IE1,7,7,0,0.34,10.119289,0.843436,0.953987,PRUCEIESRRATTSHWOUAS,0.861111,0.138889
0.5,16384,4,license_plate_bahnschrift.ttf,BFUCAOZJ9Y5KPW0TSHL38D2NGMVRX7Q64IE1,7,7,0,0.425,11.313708,0.8067,0.853272,PPULEICLERRATTSHWIVAAE,0.833333,0.166667
0.6,16384,4,license_plate_bahnschrift.ttf,BFUCAOZJ9Y5KPW0TSHL38D2NGMVRX7Q64IE1,7,7,0,0.51,12.393547,0.770893,0.778927,PFUCEIOLEPORPATTSHMOUVAE,0.75,0.25
0.7,16384,4,license_plate_bahnschrift.ttf,BFUCAOZJ9Y5KPW0TSHL38D2NGMVRX7Q64IE1,7,7,0,0.595,13.38656,0.735998,0.721147,PFUCEIOLTPSRPWETSHDIMOVVRE,0.666667,0.333333
0.8,16384,4,license_plate_bahnschrift.ttf,BFUCAOZJ9Y5KPW0TSHL38D2NGMVRX7Q64IE1,7,7,0,0.68,14.310835,0.701998,0.674571,BFUCEISPGRPWETSHDIMOMVREE,0.611111,0.388889
0.9,16384,4,license_plate_bahnschrift.ttf,BFUCAOZJ9Y5KPW0TSHL38D2NGMVRX7Q64IE1,7,7,0,0.765,15.178933,0.668877,0.635992,BFUCLITFPGKPWETSHDIMOMVAEE,0.611111,0.388889
1.0,16384,4,license_plate_bahnschrift.ttf,BFUCAOZJ9Y5KPW0TSHL38D2NGMVRX7Q64IE1,7,7,0,0.85,16.0,0.63662,0.603355,BFUCAIT91GHPWETSHDIMOMVAESE,0.583333,0.416667
0.1,16384,4,license_plate_bahnschrift.ttf,BFUCAOZJ9Y5KPW0TSHL38D2NGMVRX7Q64IE1,7,11,0,0.085,5.059644,0.959381,1.907975,SPULEUSOSPRALSREOISHSS,0.888889,0.111111
0.2,16384,4,license_plate_bahnschrift.ttf,BFUCAOZJ9Y5KPW0TSHL38D2NGMVRX7Q64IE1,7,11,0,0.17,7.155418,0.919759,1.349142,SPULEUSSPORPALSUEAIEHEST,0.916667,0.083333
0.3,16384,4,license_plate_bahnschrift.ttf,BFUCAOZJ9Y5KPW0TSHL38D2NGMVRX7Q64IE1,7,11,0,0.255,8.763561,0.881116,1.10157,SPULEUSITORMATSMSUIIUHE,0.861111,0.138889
0.4,16384,4,license_plate_bahnschrift.ttf,BFUCAOZJ9Y5KPW0TSHL38D2NGMVRX7Q64IE1,7,11,0,0.34,10.119289,0.843436,0.953987,EPULEULSTORPATSHMIRIIMIUVHES,0.805556,0.194444
0.5,16384,4,license_plate_bahnschrift.ttf,BFUCAOZJ9Y5KPW0TSHL38D2NGMVRX7Q64IE1,7,11,0,0.425,11.313708,0.8067,0.853272,EPULEULTORMATSHMRUIMIUVHE,0.833333,0.166667
0.6,16384,4,license_plate_bahnschrift.ttf,BFUCAOZJ9Y5KPW0TSHL38D2NGMVRX7Q64IE1,7,11,0,0.51,12.393547,0.770893,0.778927,BPUCAALSPORPATSHIRUIMIUVHES,0.722222,0.277778
0.7,16384,4,license_plate_bahnschrift.ttf,BFUCAOZJ9Y5KPW0TSHL38D2NGMVRX7Q64IE1,7,11,0,0.595,13.38656,0.735998,0.721147,EPUCAILSTORPWTSHUUIMIUVHET,0.722222,0.277778
0.8,16384,4,license_plate_bahnschrift.ttf,BFUCAOZJ9Y5KPW0TSHL38D2NGMVRX7Q64IE1,7,11,0,0.68,14.310835,0.701998,0.674571,BFUTALLSPORPATESHSIMIMVAEGT,0.75,0.25
0.9,16384,4,license_plate_bahnschrift.ttf,BFUCAOZJ9Y5KPW0TSHL38D2NGMVRX7Q64IE1,7,11,0,0.765,15.178933,0.668877,0.635992,BPUCALISTORPWTTSHUSDIMOMVHEGET,0.638889,0.361111
1.0,16384,4,license_plate_bahnschrift.ttf,BFUCAOZJ9Y5KPW0TSHL38D2NGMVRX7Q64IE1,7,11,0,0.85,16.0,0.63662,0.603355,BPUCALLLISTSRPWETSHSDIMOMVAEDGE1,0.638889,0.361111
0.1,16384,4,license_plate_bahnschrift.ttf,BFUCAOZJ9Y5KPW0TSHL38D2NGMVRX7Q64IE1,7,15,0,0.085,5.059644,0.959381,1.907975,AUSEOMATTSLACSCMATES,0.805556,0.194444
0.2,16384,4,license_plate_bahnschrift.ttf,BFUCAOZJ9Y5KPW0TSHL38D2NGMVRX7Q64IE1,7,15,0,0.17,7.155418,0.919759,1.349142,CPULASSSMATTSDCYATIESST,0.861111,0.138889
0.3,16384,4,license_plate_bahnschrift.ttf,BFUCAOZJ9Y5KPW0TSHL38D2NGMVRX7Q64IE1,7,15,0,0.255,8.763561,0.881116,1.10157,SPULASSATTSILCSCMATTEDSCT,0.833333,0.166667
0.4,16384,4,license_plate_bahnschrift.ttf,BFUCAOZJ9Y5KPW0TSHL38D2NGMVRX7Q64IE1,7,15,0,0.34,10.119289,0.843436,0.953987,CPULAASSPATTSILCDMCATTESSSECT,0.777778,0.222222
0.5,16384,4,license_plate_bahnschrift.ttf,BFUCAOZJ9Y5KPW0TSHL38D2NGMVRX7Q64IE1,7,15,0,0.425,11.313708,0.8067,0.853272,SPULALESPSATTSILSODMCMATTEDSSCT,0.805556,0.194444
0.6,16384,4,license_plate_bahnschrift.ttf,BFUCAOZJ9Y5KPW0TSHL38D2NGMVRX7Q64IE1,7,15,0,0.51,12.393547,0.770893,0.778927,SPULALSPSPATTSISOCIMCMATTEDSCT,0.833333,0.166667
0.7,16384,4,license_plate_bahnschrift.ttf,BFUCAOZJ9Y5KPW0TSHL38D2NGMVRX7Q64IE1,7,15,0,0.595,13.38656,0.735998,0.721147,SPULALLF7SPATTSLS0DMGVATLEDS6T,0.75,0.25
0.8,16384,4,license_plate_bahnschrift.ttf,BFUCAOZJ9Y5KPW0TSHL38D2NGMVRX7Q64IE1,7,15,0,0.68,14.310835,0.701998,0.674571,CPUTALLF7SKPATTSHSO0IMGATLEDS6ICT,0.722222,0.277778
0.9,16384,4,license_plate_bahnschrift.ttf,BFUCAOZJ9Y5KPW0TSHL38D2NGMVRX7Q64IE1,7,15,0,0.765,15.178933,0.668877,0.635992,SPULALLF7SKPATTSHSS0IMGMATLEDSE6T,0.75,0.25
1.0,16384,4,license_plate_bahnschrift.ttf,BFUCAOZJ9Y5KPW0TSHL38D2NGMVRX7Q64IE1,7,15,0,0.85,16.0,0.63662,0.603355,BFUCALLT7SKPATTSS00IMGMVILEDS6T,0.666667,0.333333
0.1,16384,4,license_plate_bahnschrift.ttf,BFUCAOZJ9Y5KPW0TSHL38D2NGMVRX7Q64IE1,11,0,0,0.085,5.059644,0.959381,1.907975,LSBD,0.944444,0.055556
0.2,16384,4,license_plate_bahnschrift.ttf,BFUCAOZJ9Y5KPW0TSHL38D2NGMVRX7Q64IE1,11,0,0,0.17,7.155418,0.919759,1.349142,DCLSSSPADLJILIMIT,0.861111,0.138889
0.3,16384,4,license_plate_bahnschrift.ttf,BFUCAOZJ9Y5KPW0TSHL38D2NGMVRX7Q64IE1,11,0,0,0.255,8.763561,0.881116,1.10157,DCAILSSSPADTLJISIMIMI,0.805556,0.194444
0.4,16384,4,license_plate_bahnschrift.ttf,BFUCAOZJ9Y5KPW0TSHL38D2NGMVRX7Q64IE1,11,0,0,0.34,10.119289,0.843436,0.953987,DCAILSSSPADTAILJISINIMYTOIT,0.777778,0.222222
0.5,16384,4,license_plate_bahnschrift.ttf,BFUCAOZJ9Y5KPW0TSHL38D2NGMVRX7Q64IE1,11,0,0,0.425,11.313708,0.8067,0.853272,DLCAILSSSPADTSULSIDIMIMTSIE,0.722222,0.277778
0.6,16384,4,license_plate_bahnschrift.ttf,BFUCAOZJ9Y5KPW0TSHL38D2NGMVRX7Q64IE1,11,0,0,0.51,12.393547,0.770893,0.778927,DLCAILSSEPADTSULISDINIMTITT,0.722222,0.277778
0.7,16384,4,license_plate_bahnschrift.ttf,BFUCAOZJ9Y5KPW0TSHL38D2NGMVRX7Q64IE1,11,0,0,0.595,13.38656,0.735998,0.721147,COCAILASSPADTSULSSDINIMTIT,0.722222,0.277778
0.8,16384,4,license_plate_bahnschrift.ttf,BFUCAOZJ9Y5KPW0TSHL38D2NGMVRX7Q64IE1,11,0,0,0.68,14.310835,0.701998,0.674571,DPLCAMILIYSEPAWOTSULISDINIMELET,0.694444,0.305556
0.9,16384,4,license_plate_bahnschrift.ttf,BFUCAOZJ9Y5KPW0TSHL38D2NGMVRX7Q64IE1,11,0,0,0.765,15.178933,0.668877,0.635992,DPUCAMILIAESEPAOTSHLISDINSMEOIET,0.666667,0.333333
1.0,16384,4,license_plate_bahnschrift.ttf,BFUCAOZJ9Y5KPW0TSHL38D2NGMVRX7Q64IE1,11,0,0,0.85,16.0,0.63662,0.603355,DPICAMILATSEPWOTSHLISDINGMYEIOLIET,0.611111,0.388889
0.1,16384,4,license_plate_bahnschrift.ttf,BFUCAOZJ9Y5KPW0TSHL38D2NGMVRX7Q64IE1,11,3,0,0.085,5.059644,0.959381,1.907975,NOTASSPAYOCMDISHISE,0.861111,0.138889
0.2,16384,4,license_plate_bahnschrift.ttf,BFUCAOZJ9Y5KPW0TSHL38D2NGMVRX7Q64IE1,11,3,0,0.17,7.155418,0.919759,1.349142,NOCARS9SSPAYOSMDIIMISE,0.777778,0.222222
0.3,16384,4,license_plate_bahnschrift.ttf,BFUCAOZJ9Y5KPW0TSHL38D2NGMVRX7Q64IE1,11,3,0,0.255,8.763561,0.881116,1.10157,NOCVALSS4PALTSHDIIMIMS,0.777778,0.222222
0.4,16384,4,license_plate_bahnschrift.ttf,BFUCAOZJ9Y5KPW0TSHL38D2NGMVRX7Q64IE1,11,3,0,0.34,10.119289,0.843436,0.953987,ROCAALSS4PADTSHDIDIHIMSTOE,0.75,0.25
0.5,16384,4,license_plate_bahnschrift.ttf,BFUCAOZJ9Y5KPW0TSHL38D2NGMVRX7Q64IE1,11,3,0,0.425,11.313708,0.8067,0.853272,DOLCAALSS4PADTSHDIDIMIMSIE,0.722222,0.277778
0.6,16384,4,license_plate_bahnschrift.ttf,BFUCAOZJ9Y5KPW0TSHL38D2NGMVRX7Q64IE1,11,3,0,0.51,12.393547,0.770893,0.778927,ROCAALAS4PAOTSHIIDIMEMSE,0.75,0.25
0.7,16384,4,license_plate_bahnschrift.ttf,BFUCAOZJ9Y5KPW0TSHL38D2NGMVRX7Q64IE1,11,3,0,0.595,13.38656,0.735998,0.721147,DOLCAOALSAPAOTSHBDIMIMSE,0.722222,0.277778
0.8,16384,4,license_plate_bahnschrift.ttf,BFUCAOZJ9Y5KPW0TSHL38D2NGMVRX7Q64IE1,11,3,0,0.68,14.310835,0.701998,0.674571,ROLCAILITS4PA0TSHLDEDINSMSTOE,0.666667,0.333333
0.9,16384,4,license_plate_bahnschrift.ttf,BFUCAOZJ9Y5KPW0TSHL38D2NGMVRX7Q64IE1,11,3,0,0.765,15.178933,0.668877,0.635992,BECAOLITSEPA0TSHLIBDINSMSOE,0.611111,0.388889
1.0,16384,4,license_plate_bahnschrift.ttf,BFUCAOZJ9Y5KPW0TSHL38D2NGMVRX7Q64IE1,11,3,0,0.85,16.0,0.63662,0.603355,,1.0,0.0
0.1,16384,4,license_plate_bahnschrift.ttf,BFUCAOZJ9Y5KPW0TSHL38D2NGMVRX7Q64IE1,11,7,0,0.085,5.059644,0.959381,1.907975,ROVSFSTPAYSHWASHS,0.888889,0.111111
0.2,16384,4,license_plate_bahnschrift.ttf,BFUCAOZJ9Y5KPW0TSHL38D2NGMVRX7Q64IE1,11,7,0,0.17,7.155418,0.919759,1.349142,R0SPSARAYOSHT2SMSVO,0.861111,0.138889
0.3,16384,4,license_plate_bahnschrift.ttf,BFUCAOZJ9Y5KPW0TSHL38D2NGMVRX7Q64IE1,11,7,0,0.255,8.763561,0.881116,1.10157,RCAPSPSARAYOSHTA0SMOS2VO,0.861111,0.138889
0.4,16384,4,license_plate_bahnschrift.ttf,BFUCAOZJ9Y5KPW0TSHL38D2NGMVRX7Q64IE1,11,7,0,0.34,10.119289,0.843436,0.953987,RCAPNTSAPANTSHBASMOS2VOFE,0.777778,0.222222
0.5,16384,4,license_plate_bahnschrift.ttf,BFUCAOZJ9Y5KPW0TSHL38D2NGMVRX7Q64IE1,11,7,0,0.425,11.313708,0.8067,0.853272,RACAPSTSMPAYTSHTEDSMOMS2TOF,0.777778,0.222222
0.6,16384,4,license_plate_bahnschrift.ttf,BFUCAOZJ9Y5KPW0TSHL38D2NGMVRX7Q64IE1,11,7,0,0.51,12.393547,0.770893,0.778927,ROCAPESTSAPANITSHBEOSMSSDTOAEI,0.805556,0.194444
0.7,16384,4,license_plate_bahnschrift.ttf,BFUCAOZJ9Y5KPW0TSHL38D2NGMVRX7Q64IE1,11,7,0,0.595,13.38656,0.735998,0.721147,RRUCADESTSAPADTSHBEDINOMIISDTO,0.722222,0.277778
0.8,16384,4,license_plate_bahnschrift.ttf,BFUCAOZJ9Y5KPW0TSHL38D2NGMVRX7Q64IE1,11,7,0,0.68,14.310835,0.701998,0.674571,BOCLTATSEPATSHBRDINOETSDTOF,0.777778,0.222222
0.9,16384,4,license_plate_bahnschrift.ttf,BFUCAOZJ9Y5KPW0TSHL38D2NGMVRX7Q64IE1,11,7,0,0.765,15.178933,0.668877,0.635992,BEUCLDAZATS4PWOTGHBRDINSS2TORE,0.722222,0.277778
1.0,16384,4,license_plate_bahnschrift.ttf,BFUCAOZJ9Y5KPW0TSHL38D2NGMVRX7Q64IE1,11,7,0,0.85,16.0,0.63662,0.603355,BEVCAD2ATSEPWOTEHBRDINGME2TOA,0.694444,0.305556
0.1,16384,4,license_plate_bahnschrift.ttf,BFUCAOZJ9Y5KPW0TSHL38D2NGMVRX7Q64IE1,11,11,0,0.085,5.059644,0.959381,1.907975,EWLICSPSMLSSSM,0.888889,0.111111
0.2,16384,4,license_plate_bahnschrift.ttf,BFUCAOZJ9Y5KPW0TSHL38D2NGMVRX7Q64IE1,11,11,0,0.17,7.155418,0.919759,1.349142,ELSILSSPASMSSSM,0.916667,0.083333
0.3,16384,4,license_plate_bahnschrift.ttf,BFUCAOZJ9Y5KPW0TSHL38D2NGMVRX7Q64IE1,11,11,0,0.255,8.763561,0.881116,1.10157,BLUSILASPSSPAYSMSSOSMTD,0.861111,0.138889
0.4,16384,4,license_plate_bahnschrift.ttf,BFUCAOZJ9Y5KPW0TSHL38D2NGMVRX7Q64IE1,11,11,0,0.34,10.119289,0.843436,0.953987,BOLUSILATSSPAYSMLSSOLMTAD,0.861111,0.138889
0.5,16384,4,license_plate_bahnschrift.ttf,BFUCAOZJ9Y5KPW0TSHL38D2NGMVRX7Q64IE1,11,11,0,0.425,11.313708,0.8067,0.853272,BLCAILAPISPAYSMSSOSMDTID,0.805556,0.194444
0.6,16384,4,license_plate_bahnschrift.ttf,BFUCAOZJ9Y5KPW0TSHL38D2NGMVRX7Q64IE1,11,11,0,0.51,12.393547,0.770893,0.778927,BPLCILATSSPAUSMLSSOIWOTIND,0.833333,0.166667
0.7,16384,4,license_plate_bahnschrift.ttf,BFUCAOZJ9Y5KPW0TSHL38D2NGMVRX7Q64IE1,11,11,0,0.595,13.38656,0.735998,0.721147,BPUCAILIAPSSPAUTSHLSSDIMDTIAD,0.666667,0.333333
0.8,16384,4,license_plate_bahnschrift.ttf,BFUCAOZJ9Y5KPW0TSHL38D2NGMVRX7Q64IE1,11,11,0,0.68,14.310835,0.701998,0.674571,BPUCHILATSEPWUTSHLSSDINDMTINDTOET,0.638889,0.361111
0.9,16384,4,license_plate_bahnschrift.ttf,BFUCAOZJ9Y5KPW0TSHL38D2NGMVRX7Q64IE1,11,11,0,0.765,15.178933,0.668877,0.635992,BPUCHILATSEPWUTSHLSSDIWDMTADTOET,0.666667,0.333333
1.0,16384,4,license_plate_bahnschrift.ttf,BFUCAOZJ9Y5KPW0TSHL38D2NGMVRX7Q64IE1,11,11,0,0.85,16.0,0.63662,0.603355,BPOUCAILATSEPWOTSHLSSDINDMTNTOEET,0.638889,0.361111
0.1,16384,4,license_plate_bahnschrift.ttf,BFUCAOZJ9Y5KPW0TSHL38D2NGMVRX7Q64IE1,11,15,0,0.085,5.059644,0.959381,1.907975,DSLSLJILIMIT,0.888889,0.111111
0.2,16384,4,license_plate_bahnschrift.ttf,BFUCAOZJ9Y5KPW0TSHL38D2NGMVRX7Q64IE1,11,15,0,0.17,7.155418,0.919759,1.349142,DCHILSSADSLSILIMIT,0.861111,0.138889
0.3,16384,4,license_plate_bahnschrift.ttf,BFUCAOZJ9Y5KPW0TSHL38D2NGMVRX7Q64IE1,11,15,0,0.255,8.763561,0.881116,1.10157,DLCHILSSSADSNLSILIMIME,0.861111,0.138889
0.4,16384,4,license_plate_bahnschrift.ttf,BFUCAOZJ9Y5KPW0TSHL38D2NGMVRX7Q64IE1,11,15,0,0.34,10.119289,0.843436,0.953987,DLCHILSSEPAUTANLJISINIMTI,0.805556,0.194444
0.5,16384,4,license_plate_bahnschrift.ttf,BFUCAOZJ9Y5KPW0TSHL38D2NGMVRX7Q64IE1,11,15,0,0.425,11.313708,0.8067,0.853272,DLCHILSSSPAUTSNLSSDIMIMTSIE,0.75,0.25
0.6,16384,4,license_plate_bahnschrift.ttf,BFUCAOZJ9Y5KPW0TSHL38D2NGMVRX7Q64IE1,11,15,0,0.51,12.393547,0.770893,0.778927,DLCAILSSEPADTSANLISDINIMTUET,0.75,0.25
0.7,16384,4,license_plate_bahnschrift.ttf,BFUCAOZJ9Y5KPW0TSHL38D2NGMVRX7Q64IE1,11,15,0,0.595,13.38656,0.735998,0.721147,COVCHILASEPAUTSMLSSDINIMTIE,0.722222,0.277778
0.8,16384,4,license_plate_bahnschrift.ttf,BFUCAOZJ9Y5KPW0TSHL38D2NGMVRX7Q64IE1,11,15,0,0.68,14.310835,0.701998,0.674571,DPICMILAYSEPAOTSLISOINIMELET,0.75,0.25
0.9,16384,4,license_plate_bahnschrift.ttf,BFUCAOZJ9Y5KPW0TSHL38D2NGMVRX7Q64IE1,11,15,0,0.765,15.178933,0.668877,0.635992,BPUTAILAESEPAOTSHLSSDINIMEET,0.666667,0.333333
1.0,16384,4,license_plate_bahnschrift.ttf,BFUCAOZJ9Y5KPW0TSHL38D2NGMVRX7Q64IE1,11,15,0,0.85,16.0,0.63662,0.603355,DPICMILATSEPWOTSHLISDINSMEIOLET,0.694444,0.305556
0.1,16384,4,license_plate_bahnschrift.ttf,BFUCAOZJ9Y5KPW0TSHL38D2NGMVRX7Q64IE1,15,0,0,0.085,5.059644,0.959381,1.907975,OACASLSMITALILOGROMOOSYE,0.805556,0.194444
0.2,16384,4,license_plate_bahnschrift.ttf,BFUCAOZJ9Y5KPW0TSHL38D2NGMVRX7Q64IE1,15,0,0,0.17,7.155418,0.919759,1.349142,OFCALLISTSALILOGHOOOE,0.777778,0.222222
0.3,16384,4,license_plate_bahnschrift.ttf,BFUCAOZJ9Y5KPW0TSHL38D2NGMVRX7Q64IE1,15,0,0,0.255,8.763561,0.881116,1.10157,OFCASLSAPOTSALILOGHOMPOOSYE,0.75,0.25
0.4,16384,4,license_plate_bahnschrift.ttf,BFUCAOZJ9Y5KPW0TSHL38D2NGMVRX7Q64IE1,15,0,0,0.34,10.119289,0.843436,0.953987,OFUCAS2PYSAPMOTEALILOGHOMPOOSYE,0.722222,0.277778
0.5,16384,4,license_plate_bahnschrift.ttf,BFUCAOZJ9Y5KPW0TSHL38D2NGMVRX7Q64IE1,15,0,0,0.425,11.313708,0.8067,0.853272,OFCASLSPYSAPMOTSALIBOGHOMPOTOSYEI,0.722222,0.277778
0.6,16384,4,license_plate_bahnschrift.ttf,BFUCAOZJ9Y5KPW0TSHL38D2NGMVRX7Q64IE1,15,0,0,0.51,12.393547,0.770893,0.778927,OFUCADLIPYSPPMOTSALIBOGHOMPTOSYE,0.694444,0.305556
0.7,16384,4,license_plate_bahnschrift.ttf,BFUCAOZJ9Y5KPW0TSHL38D2NGMVRX7Q64IE1,15,0,0,0.595,13.38656,0.735998,0.721147,OPUCASLIPYSAPOTSALIBOGNOMYPTOSE,0.694444,0.305556
0.8,16384,4,license_plate_bahnschrift.ttf,BFUCAOZJ9Y5KPW0TSHL38D2NGMVRX7Q64IE1,15,0,0,0.68,14.310835,0.701998,0.674571,OFUCADLIPYSFPMOTSLIBOGHOMYRXTOSYE,0.638889,0.361111
0.9,16384,4,license_plate_bahnschrift.ttf,BFUCAOZJ9Y5KPW0TSHL38D2NGMVRX7Q64IE1,15,0,0,0.765,15.178933,0.668877,0.635992,OPUCASLIPYSAPMOTSYLISOGNOMRXTOSYE,0.638889,0.361111
1.0,16384,4,license_plate_bahnschrift.ttf,BFUCAOZJ9Y5KPW0TSHL38D2NGMVRX7Q64IE1,15,0,0,0.85,16.0,0.63662,0.603355,OFUCASLIPYSHPMOTSNLISOGNOMYRXTOLYE,0.611111,0.388889
0.1,16384,4,license_plate_bahnschrift.ttf,BFUCAOZJ9Y5KPW0TSHL38D2NGMVRX7Q64IE1,15,3,0,0.085,5.059644,0.959381,1.907975,1FMNIMTPITSLIBDURMOST,0.805556,0.194444
0.2,16384,4,license_plate_bahnschrift.ttf,BFUCAOZJ9Y5KPW0TSHL38D2NGMVRX7Q64IE1,15,3,0,0.17,7.155418,0.919759,1.349142,OFALNILMSPAITSLIBDMPOSET,0.75,0.25
0.3,16384,4,license_plate_bahnschrift.ttf,BFUCAOZJ9Y5KPW0TSHL38D2NGMVRX7Q64IE1,15,3,0,0.255,8.763561,0.881116,1.10157,DFUCNILMSPMTSHLIBDGROMPOOET,0.666667,0.333333
0.4,16384,4,license_plate_bahnschrift.ttf,BFUCAOZJ9Y5KPW0TSHL38D2NGMVRX7Q64IE1,15,3,0,0.34,10.119289,0.843436,0.953987,DEUCNIDYTRPMTSLIBDGOPTOYT,0.75,0.25
0.5,16384,4,license_plate_bahnschrift.ttf,BFUCAOZJ9Y5KPW0TSHL38D2NGMVRX7Q64IE1,15,3,0,0.425,11.313708,0.8067,0.853272,DFUCNILPSPMOTSHLIBDGOPTOLET,0.694444,0.305556
0.6,16384,4,license_plate_bahnschrift.ttf,BFUCAOZJ9Y5KPW0TSHL38D2NGMVRX7Q64IE1,15,3,0,0.51,12.393547,0.770893,0.778927,DEUCNODPPYSPMTSLIEGPCTORET,0.722222,0.277778
0.7,16384,4,license_plate_bahnschrift.ttf,BFUCAOZJ9Y5KPW0TSHL38D2NGMVRX7Q64IE1,15,3,0,0.595,13.38656,0.735998,0.721147,DFUCASLIPYSPMOTSHLIBOGHGRTOLYET,0.638889,0.361111
0.8,16384,4,license_plate_bahnschrift.ttf,BFUCAOZJ9Y5KPW0TSHL38D2NGMVRX7Q64IE1,15,3,0,0.68,14.310835,0.701998,0.674571,REUCAOLPSOPMOTSHLIEOGGRTORYET,0.666667,0.333333
0.9,16384,4,license_plate_bahnschrift.ttf,BFUCAOZJ9Y5KPW0TSHL38D2NGMVRX7Q64IE1,15,3,0,0.765,15.178933,0.668877,0.635992,DFUCASLIPYSOPMOTSHLIBOGNCRXTOLYET,0.611111,0.388889
1.0,16384,4,license_plate_bahnschrift.ttf,BFUCAOZJ9Y5KPW0TSHL38D2NGMVRX7Q64IE1,15,3,0,0.85,16.0,0.63662,0.603355,BFUCASLIVS0PMOTSHLIEOGWORXTOLYE,0.611111,0.388889
0.1,16384,4,license_plate_bahnschrift.ttf,BFUCAOZJ9Y5KPW0TSHL38D2NGMVRX7Q64IE1,15,7,0,0.085,5.059644,0.959381,1.907975,RE0PSRAITSROR,0.916667,0.083333
0.2,16384,4,license_plate_bahnschrift.ttf,BFUCAOZJ9Y5KPW0TSHL38D2NGMVRX7Q64IE1,15,7,0,0.17,7.155418,0.919759,1.349142,REYPSERAITSHODETORPASF,0.861111,0.138889
0.3,16384,4,license_plate_bahnschrift.ttf,BFUCAOZJ9Y5KPW0TSHL38D2NGMVRX7Q64IE1,15,7,0,0.255,8.763561,0.881116,1.10157,RELYFSOPATSOETORAAPAS,0.888889,0.111111
0.4,16384,4,license_plate_bahnschrift.ttf,BFUCAOZJ9Y5KPW0TSHL38D2NGMVRX7Q64IE1,15,7,0,0.34,10.119289,0.843436,0.953987,RESNODOPTSLBTORPAF,0.833333,0.166667
0.5,16384,4,license_plate_bahnschrift.ttf,BFUCAOZJ9Y5KPW0TSHL38D2NGMVRX7Q64IE1,15,7,0,0.425,11.313708,0.8067,0.853272,REUYO2NSOPAITSLOEORKPTOASF,0.805556,0.194444
0.6,16384,4,license_plate_bahnschrift.ttf,BFUCAOZJ9Y5KPW0TSHL38D2NGMVRX7Q64IE1,15,7,0,0.51,12.393547,0.770893,0.778927,BEUCLAO2NYSOPAATSLEDGKBCTOAFY,0.694444,0.305556
0.7,16384,4,license_plate_bahnschrift.ttf,BFUCAOZJ9Y5KPW0TSHL38D2NGMVRX7Q64IE1,15,7,0,0.595,13.38656,0.735998,0.721147,BEUCAOYSOPTSHLEDGKGPTOAFI,0.611111,0.388889
0.8,16384,4,license_plate_bahnschrift.ttf,BFUCAOZJ9Y5KPW0TSHL38D2NGMVRX7Q64IE1,15,7,0,0.68,14.310835,0.701998,0.674571,BFUCIOSFV5PRATSL80GPCTOAEF,0.638889,0.361111
0.9,16384,4,license_plate_bahnschrift.ttf,BFUCAOZJ9Y5KPW0TSHL38D2NGMVRX7Q64IE1,15,7,0,0.765,15.178933,0.668877,0.635992,BEUCAO2VSOPMATSHLDEDGNGRTOAYFI,0.583333,0.416667
1.0,16384,4,license_plate_bahnschrift.ttf,BFUCAOZJ9Y5KPW0TSHL38D2NGMVRX7Q64IE1,15,7,0,0.85,16.0,0.63662,0.603355,BFUCADLJ7V5OPRATSHLDECGRXTOAYEF,0.527778,0.472222
0.1,16384,4,license_plate_bahnschrift.ttf,BFUCAOZJ9Y5KPW0TSHL38D2NGMVRX7Q64IE1,15,11,0,0.085,5.059644,0.959381,1.907975,BBCSPAISELISLORPU,0.833333,0.166667
0.2,16384,4,license_plate_bahnschrift.ttf,BFUCAOZJ9Y5KPW0TSHL38D2NGMVRX7Q64IE1,15,11,0,0.17,7.155418,0.919759,1.349142,URCSPAISLOSLORU,0.861111,0.138889
0.3,16384,4,license_plate_bahnschrift.ttf,BFUCAOZJ9Y5KPW0TSHL38D2NGMVRX7Q64IE1,15,11,0,0.255,8.763561,0.881116,1.10157,BPULLIUSPMISHLISLORDU,0.805556,0.194444
0.4,16384,4,license_plate_bahnschrift.ttf,BFUCAOZJ9Y5KPW0TSHL38D2NGMVRX7Q64IE1,15,11,0,0.34,10.119289,0.843436,0.953987,PULSE,0.916667,0.083333
0.5,16384,4,license_plate_bahnschrift.ttf,BFUCAOZJ9Y5KPW0TSHL38D2NGMVRX7Q64IE1,15,11,0,0.425,11.313708,0.8067,0.853272,BPULDCIYYSATSLISLOPET,0.805556,0.194444
0.6,16384,4,license_plate_bahnschrift.ttf,BFUCAOZJ9Y5KPW0TSHL38D2NGMVRX7Q64IE1,15,11,0,0.51,12.393547,0.770893,0.778927,BPULOIYYSFATSLOOPOE,0.777778,0.222222
0.7,16384,4,license_plate_bahnschrift.ttf,BFUCAOZJ9Y5KPW0TSHL38D2NGMVRX7Q64IE1,15,11,0,0.595,13.38656,0.735998,0.721147,BPUOCIVYSFTSL8BPE,0.75,0.25
0.8,16384,4,license_plate_bahnschrift.ttf,BFUCAOZJ9Y5KPW0TSHL38D2NGMVRX7Q64IE1,15,11,0,0.68,14.310835,0.701998,0.674571,BPLUCADLIPYSFATSHLD8OCPTEP,0.722222,0.277778
0.9,16384,4,license_plate_bahnschrift.ttf,BFUCAOZJ9Y5KPW0TSHL38D2NGMVRX7Q64IE1,15,11,0,0.765,15.178933,0.668877,0.635992,BPUCADLIPYSOFTSHLOINCPTOSYEF,0.694444,0.305556
1.0,16384,4,license_plate_bahnschrift.ttf,BFUCAOZJ9Y5KPW0TSHL38D2NGMVRX7Q64IE1,15,11,0,0.85,16.0,0.63662,0.603355,BPUCAOLIVYSAFMAITSHLJECINOTOSYEP,0.694444,0.305556
0.1,16384,4,license_plate_bahnschrift.ttf,BFUCAOZJ9Y5KPW0TSHL38D2NGMVRX7Q64IE1,15,15,0,0.085,5.059644,0.959381,1.907975,UMALLISATALISOGRO,0.833333,0.166667
0.2,16384,4,license_plate_bahnschrift.ttf,BFUCAOZJ9Y5KPW0TSHL38D2NGMVRX7Q64IE1,15,15,0,0.17,7.155418,0.919759,1.349142,OFMAILSMTEALISOGHO,0.861111,0.138889
0.3,16384,4,license_plate_bahnschrift.ttf,BFUCAOZJ9Y5KPW0TSHL38D2NGMVRX7Q64IE1,15,15,0,0.255,8.763561,0.881116,1.10157,OFCASESOTSAILILOGHDOSE,0.805556,0.194444
0.4,16384,4,license_plate_bahnschrift.ttf,BFUCAOZJ9Y5KPW0TSHL38D2NGMVRX7Q64IE1,15,15,0,0.34,10.119289,0.843436,0.953987,OFCAISPSMITALILOGHOMPOOSYE,0.805556,0.194444
0.5,16384,4,license_plate_bahnschrift.ttf,BFUCAOZJ9Y5KPW0TSHL38D2NGMVRX7Q64IE1,15,15,0,0.425,11.313708,0.8067,0.853272,OPUCASSSPYSAOTEALIBOGHOPOOSE,0.777778,0.222222
0.6,16384,4,license_plate_bahnschrift.ttf,BFUCAOZJ9Y5KPW0TSHL38D2NGMVRX7Q64IE1,15,15,0,0.51,12.393547,0.770893,0.778927,OFUCADLIPYSAOTSALIBOGHOMPTOSYE,0.722222,0.277778
0.7,16384,4,license_plate_bahnschrift.ttf,BFUCAOZJ9Y5KPW0TSHL38D2NGMVRX7Q64IE1,15,15,0,0.595,13.38656,0.735998,0.721147,OPUCADLIPYSFFMOTSALIEOGHCRTOSVET,0.722222,0.277778
0.8,16384,4,license_plate_bahnschrift.ttf,BFUCAOZJ9Y5KPW0TSHL38D2NGMVRX7Q64IE1,15,15,0,0.68,14.310835,0.701998,0.674571,OPUCASLIPYSFPMOTSALIEOGNOMRTOSYE,0.666667,0.333333
0.9,16384,4,license_plate_bahnschrift.ttf,BFUCAOZJ9Y5KPW0TSHL38D2NGMVRX7Q64IE1,15,15,0,0.765,15.178933,0.668877,0.635992,OPUCASLIPYSFPMOTSLISOGNOYRXTOSE,0.666667,0.333333
1.0,16384,4,license_plate_bahnschrift.ttf,BFUCAOZJ9Y5KPW0TSHL38D2NGMVRX7Q64IE1,15,15,0,0.85,16.0,0.63662,0.603355,OPLUCASLIPYSOPMOTSLIEOGNOMYRXTOLYE,0.666667,0.333333
