rho,mu_p,char_height_px,font_name,text,phase_x,phase_y,qe_total,aperture_width_px,mtf_nyquist,aperture_f50_cpp,ocr_text,cer,char_acc
0.1,8,4,arial.ttf,999NG7,0,0,0.085,5.059644,0.959381,1.907975,,1.0,0.0
0.2,8,4,arial.ttf,999NG7,0,0,0.17,7.155418,0.919759,1.349142,,1.0,0.0
0.3,8,4,arial.ttf,999NG7,0,0,0.255,8.763561,0.881116,1.10157,,1.0,0.0
0.4,8,4,arial.ttf,999NG7,0,0,0.34,10.119289,0.843436,0.953987,,1.0,0.0
0.5,8,4,arial.ttf,999NG7,0,0,0.425,11.313708,0.8067,0.853272,,1.0,0.0
0.6,8,4,arial.ttf,999NG7,0,0,0.51,12.393547,0.770893,0.778927,1,1.0,0.0
0.7,8,4,arial.ttf,999NG7,0,0,0.595,13.38656,0.735998,0.721147,,1.0,0.0
0.8,8,4,arial.ttf,999NG7,0,0,0.68,14.310835,0.701998,0.674571,,1.0,0.0
0.9,8,4,arial.ttf,999NG7,0,0,0.765,15.178933,0.668877,0.635992,,1.0,0.0
1.0,8,4,arial.ttf,999NG7,0,0,0.85,16.0,0.63662,0.603355,,1.0,0.0
0.1,32,4,arial.ttf,999NG7,0,0,0.085,5.059644,0.959381,1.907975,,1.0,0.0
0.2,32,4,arial.ttf,999NG7,0,0,0.17,7.155418,0.919759,1.349142,,1.0,0.0
0.3,32,4,arial.ttf,999NG7,0,0,0.255,8.763561,0.881116,1.10157,,1.0,0.0
0.4,32,4,arial.ttf,999NG7,0,0,0.34,10.119289,0.843436,0.953987,,1.0,0.0
0.5,32,4,arial.ttf,999NG7,0,0,0.425,11.313708,0.8067,0.853272,,1.0,0.0
0.6,32,4,arial.ttf,999NG7,0,0,0.51,12.393547,0.770893,0.778927,,1.0,0.0
0.7,32,4,arial.ttf,999NG7,0,0,0.595,13.38656,0.735998,0.721147,,1.0,0.0
0.8,32,4,arial.ttf,999NG7,0,0,0.68,14.310835,0.701998,0.674571,,1.0,0.0
0.9,32,4,arial.ttf,999NG7,0,0,0.765,15.178933,0.668877,0.635992,,1.0,0.0
1.0,32,4,arial.ttf,999NG7,0,0,0.85,16.0,0.63662,0.603355,,1.0,0.0
0.1,128,4,arial.ttf,999NG7,0,0,0.085,5.059644,0.959381,1.907975,,1.0,0.0
0.2,128,4,arial.ttf,999NG7,0,0,0.17,7.155418,0.919759,1.349142,,1.0,0.0
0.3,128,4,arial.ttf,999NG7,0,0,0.255,8.763561,0.881116,1.10157,,1.0,0.0
0.4,128,4,arial.ttf,999NG7,0,0,0.34,10.119289,0.843436,0.953987,ONT,0.833333,0.166667
0.5,128,4,arial.ttf,999NG7,0,0,0.425,11.313708,0.8067,0.853272,,1.0,0.0
0.6,128,4,arial.ttf,999NG7,0,0,0.51,12.393547,0.770893,0.778927,WG,0.833333,0.166667
0.7,128,4,arial.ttf,999NG7,0,0,0.595,13.38656,0.735998,0.721147,THRT,1.0,0.0
0.8,128,4,arial.ttf,999NG7,0,0,0.68,14.310835,0.701998,0.674571,,1.0,0.0
0.9,128,4,arial.ttf,999NG7,0,0,0.765,15.178933,0.668877,0.635992,,1.0,0.0
1.0,128,4,arial.ttf,999NG7,0,0,0.85,16.0,0.63662,0.603355,,1.0,0.0
0.1,512,4,arial.ttf,999NG7,0,0,0.085,5.059644,0.959381,1.907975,VERGT,0.833333,0.166667
0.2,512,4,arial.ttf,999NG7,0,0,0.17,7.155418,0.919759,1.349142,A,1.0,0.0
0.3,512,4,arial.ttf,999NG7,0,0,0.255,8.763561,0.881116,1.10157,SLAG,0.833333,0.166667
0.4,512,4,arial.ttf,999NG7,0,0,0.34,10.119289,0.843436,0.953987,HRT,1.0,0.0
0.5,512,4,arial.ttf,999NG7,0,0,0.425,11.313708,0.8067,0.853272,PHARM,1.0,0.0
0.6,512,4,arial.ttf,999NG7,0,0,0.51,12.393547,0.770893,0.778927,EAGT,0.833333,0.166667
0.7,512,4,arial.ttf,999NG7,0,0,0.595,13.38656,0.735998,0.721147,CONGT,0.666667,0.333333
0.8,512,4,arial.ttf,999NG7,0,0,0.68,14.310835,0.701998,0.674571,GT,0.833333,0.166667
0.9,512,4,arial.ttf,999NG7,0,0,0.765,15.178933,0.668877,0.635992,,1.0,0.0
1.0,512,4,arial.ttf,999NG7,0,0,0.85,16.0,0.63662,0.603355,TT,1.0,0.0
0.1,2048,4,arial.ttf,999NG7,0,0,0.085,5.059644,0.959381,1.907975,4LAGT,0.833333,0.166667
0.2,2048,4,arial.ttf,999NG7,0,0,0.17,7.155418,0.919759,1.349142,FLAGT,0.833333,0.166667
0.3,2048,4,arial.ttf,999NG7,0,0,0.255,8.763561,0.881116,1.10157,SAG,0.833333,0.166667
0.4,2048,4,arial.ttf,999NG7,0,0,0.34,10.119289,0.843436,0.953987,SGT,0.833333,0.166667
0.5,2048,4,arial.ttf,999NG7,0,0,0.425,11.313708,0.8067,0.853272,TAT,1.0,0.0
0.6,2048,4,arial.ttf,999NG7,0,0,0.51,12.393547,0.770893,0.778927,RT,1.0,0.0
0.7,2048,4,arial.ttf,999NG7,0,0,0.595,13.38656,0.735998,0.721147,THRTY,1.0,0.0
0.8,2048,4,arial.ttf,999NG7,0,0,0.68,14.310835,0.701998,0.674571,,1.0,0.0
0.9,2048,4,arial.ttf,999NG7,0,0,0.765,15.178933,0.668877,0.635992,Y,1.0,0.0
1.0,2048,4,arial.ttf,999NG7,0,0,0.85,16.0,0.63662,0.603355,20,1.0,0.0
0.1,8,4,arial.ttf,999NG7,0,15,0.085,5.059644,0.959381,1.907975,,1.0,0.0
0.2,8,4,arial.ttf,999NG7,0,15,0.17,7.155418,0.919759,1.349142,,1.0,0.0
0.3,8,4,arial.ttf,999NG7,0,15,0.255,8.763561,0.881116,1.10157,,1.0,0.0
0.4,8,4,arial.ttf,999NG7,0,15,0.34,10.119289,0.843436,0.953987,,1.0,0.0
0.5,8,4,arial.ttf,999NG7,0,15,0.425,11.313708,0.8067,0.853272,,1.0,0.0
0.6,8,4,arial.ttf,999NG7,0,15,0.51,12.393547,0.770893,0.778927,,1.0,0.0
0.7,8,4,arial.ttf,999NG7,0,15,0.595,13.38656,0.735998,0.721147,,1.0,0.0
0.8,8,4,arial.ttf,999NG7,0,15,0.68,14.310835,0.701998,0.674571,,1.0,0.0
0.9,8,4,arial.ttf,999NG7,0,15,0.765,15.178933,0.668877,0.635992,,1.0,0.0
1.0,8,4,arial.ttf,999NG7,0,15,0.85,16.0,0.63662,0.603355,RS,1.0,0.0
0.1,32,4,arial.ttf,999NG7,0,15,0.085,5.059644,0.959381,1.907975,,1.0,0.0
0.2,32,4,arial.ttf,999NG7,0,15,0.17,7.155418,0.919759,1.349142,,1.0,0.0
0.3,32,4,arial.ttf,999NG7,0,15,0.255,8.763561,0.881116,1.10157,,1.0,0.0
0.4,32,4,arial.ttf,999NG7,0,15,0.34,10.119289,0.843436,0.953987,,1.0,0.0
0.5,32,4,arial.ttf,999NG7,0,15,0.425,11.313708,0.8067,0.853272,TO,1.0,0.0
0.6,32,4,arial.ttf,999NG7,0,15,0.51,12.393547,0.770893,0.778927,,1.0,0.0
0.7,32,4,arial.ttf,999NG7,0,15,0.595,13.38656,0.735998,0.721147,,1.0,0.0
0.8,32,4,arial.ttf,999NG7,0,15,0.68,14.310835,0.701998,0.674571,,1.0,0.0
0.9,32,4,arial.ttf,999NG7,0,15,0.765,15.178933,0.668877,0.635992,,1.0,0.0
1.0,32,4,arial.ttf,999NG7,0,15,0.85,16.0,0.63662,0.603355,,1.0,0.0
0.1,128,4,arial.ttf,999NG7,0,15,0.085,5.059644,0.959381,1.907975,WRG,0.833333,0.166667
0.2,128,4,arial.ttf,999NG7,0,15,0.17,7.155418,0.919759,1.349142,,1.0,0.0
0.3,128,4,arial.ttf,999NG7,0,15,0.255,8.763561,0.881116,1.10157,V,1.0,0.0
0.4,128,4,arial.ttf,999NG7,0,15,0.34,10.119289,0.843436,0.953987,,1.0,0.0
0.5,128,4,arial.ttf,999NG7,0,15,0.425,11.313708,0.8067,0.853272,CORCT,1.0,0.0
0.6,128,4,arial.ttf,999NG7,0,15,0.51,12.393547,0.770893,0.778927,,1.0,0.0
0.7,128,4,arial.ttf,999NG7,0,15,0.595,13.38656,0.735998,0.721147,WONGT,0.666667,0.333333
0.8,128,4,arial.ttf,999NG7,0,15,0.68,14.310835,0.701998,0.674571,,1.0,0.0
0.9,128,4,arial.ttf,999NG7,0,15,0.765,15.178933,0.668877,0.635992,RONGT,0.666667,0.333333
1.0,128,4,arial.ttf,999NG7,0,15,0.85,16.0,0.63662,0.603355,,1.0,0.0
0.1,512,4,arial.ttf,999NG7,0,15,0.085,5.059644,0.959381,1.907975,,1.0,0.0
0.2,512,4,arial.ttf,999NG7,0,15,0.17,7.155418,0.919759,1.349142,PT,1.0,0.0
0.3,512,4,arial.ttf,999NG7,0,15,0.255,8.763561,0.881116,1.10157,VIALS,1.0,0.0
0.4,512,4,arial.ttf,999NG7,0,15,0.34,10.119289,0.843436,0.953987,FPR,1.0,0.0
0.5,512,4,arial.ttf,999NG7,0,15,0.425,11.313708,0.8067,0.853272,,1.0,0.0
0.6,512,4,arial.ttf,999NG7,0,15,0.51,12.393547,0.770893,0.778927,FF,1.0,0.0
0.7,512,4,arial.ttf,999NG7,0,15,0.595,13.38656,0.735998,0.721147,SFR2,1.0,0.0
0.8,512,4,arial.ttf,999NG7,0,15,0.68,14.310835,0.701998,0.674571,,1.0,0.0
0.9,512,4,arial.ttf,999NG7,0,15,0.765,15.178933,0.668877,0.635992,TT,1.0,0.0
1.0,512,4,arial.ttf,999NG7,0,15,0.85,16.0,0.63662,0.603355,S,1.0,0.0
0.1,2048,4,arial.ttf,999NG7,0,15,0.085,5.059644,0.959381,1.907975,UAA,1.0,0.0
0.2,2048,4,arial.ttf,999NG7,0,15,0.17,7.155418,0.919759,1.349142,PIRACY,1.0,0.0
0.3,2048,4,arial.ttf,999NG7,0,15,0.255,8.763561,0.881116,1.10157,PART,1.0,0.0
0.4,2048,4,arial.ttf,999NG7,0,15,0.34,10.119289,0.843436,0.953987,FIR,1.0,0.0
0.5,2048,4,arial.ttf,999NG7,0,15,0.425,11.313708,0.8067,0.853272,TRG,0.833333,0.166667
0.6,2048,4,arial.ttf,999NG7,0,15,0.51,12.393547,0.770893,0.778927,T7AGT,0.833333,0.166667
0.7,2048,4,arial.ttf,999NG7,0,15,0.595,13.38656,0.735998,0.721147,TAT,1.0,0.0
0.8,2048,4,arial.ttf,999NG7,0,15,0.68,14.310835,0.701998,0.674571,VS,1.0,0.0
0.9,2048,4,arial.ttf,999NG7,0,15,0.765,15.178933,0.668877,0.635992,TT,1.0,0.0
1.0,2048,4,arial.ttf,999NG7,0,15,0.85,16.0,0.63662,0.603355,ST,1.0,0.0
0.1,8,4,arial.ttf,999NG7,15,0,0.085,5.059644,0.959381,1.907975,,1.0,0.0
0.2,8,4,arial.ttf,999NG7,15,0,0.17,7.155418,0.919759,1.349142,,1.0,0.0
0.3,8,4,arial.ttf,999NG7,15,0,0.255,8.763561,0.881116,1.10157,,1.0,0.0
0.4,8,4,arial.ttf,999NG7,15,0,0.34,10.119289,0.843436,0.953987,,1.0,0.0
0.5,8,4,arial.ttf,999NG7,15,0,0.425,11.313708,0.8067,0.853272,,1.0,0.0
0.6,8,4,arial.ttf,999NG7,15,0,0.51,12.393547,0.770893,0.778927,2,1.0,0.0
0.7,8,4,arial.ttf,999NG7,15,0,0.595,13.38656,0.735998,0.721147,,1.0,0.0
0.8,8,4,arial.ttf,999NG7,15,0,0.68,14.310835,0.701998,0.674571,CL,1.0,0.0
0.9,8,4,arial.ttf,999NG7,15,0,0.765,15.178933,0.668877,0.635992,,1.0,0.0
1.0,8,4,arial.ttf,999NG7,15,0,0.85,16.0,0.63662,0.603355,,1.0,0.0
0.1,32,4,arial.ttf,999NG7,15,0,0.085,5.059644,0.959381,1.907975,,1.0,0.0
0.2,32,4,arial.ttf,999NG7,15,0,0.17,7.155418,0.919759,1.349142,WREST,1.0,0.0
0.3,32,4,arial.ttf,999NG7,15,0,0.255,8.763561,0.881116,1.10157,,1.0,0.0
0.4,32,4,arial.ttf,999NG7,15,0,0.34,10.119289,0.843436,0.953987,,1.0,0.0
0.5,32,4,arial.ttf,999NG7,15,0,0.425,11.313708,0.8067,0.853272,,1.0,0.0
0.6,32,4,arial.ttf,999NG7,15,0,0.51,12.393547,0.770893,0.778927,,1.0,0.0
0.7,32,4,arial.ttf,999NG7,15,0,0.595,13.38656,0.735998,0.721147,,1.0,0.0
0.8,32,4,arial.ttf,999NG7,15,0,0.68,14.310835,0.701998,0.674571,,1.0,0.0
0.9,32,4,arial.ttf,999NG7,15,0,0.765,15.178933,0.668877,0.635992,,1.0,0.0
1.0,32,4,arial.ttf,999NG7,15,0,0.85,16.0,0.63662,0.603355,,1.0,0.0
0.1,128,4,arial.ttf,999NG7,15,0,0.085,5.059644,0.959381,1.907975,,1.0,0.0
0.2,128,4,arial.ttf,999NG7,15,0,0.17,7.155418,0.919759,1.349142,,1.0,0.0
0.3,128,4,arial.ttf,999NG7,15,0,0.255,8.763561,0.881116,1.10157,C,1.0,0.0
0.4,128,4,arial.ttf,999NG7,15,0,0.34,10.119289,0.843436,0.953987,,1.0,0.0
0.5,128,4,arial.ttf,999NG7,15,0,0.425,11.313708,0.8067,0.853272,RNG,0.666667,0.333333
0.6,128,4,arial.ttf,999NG7,15,0,0.51,12.393547,0.770893,0.778927,,1.0,0.0
0.7,128,4,arial.ttf,999NG7,15,0,0.595,13.38656,0.735998,0.721147,,1.0,0.0
0.8,128,4,arial.ttf,999NG7,15,0,0.68,14.310835,0.701998,0.674571,,1.0,0.0
0.9,128,4,arial.ttf,999NG7,15,0,0.765,15.178933,0.668877,0.635992,ONG,0.666667,0.333333
1.0,128,4,arial.ttf,999NG7,15,0,0.85,16.0,0.63662,0.603355,,1.0,0.0
0.1,512,4,arial.ttf,999NG7,15,0,0.085,5.059644,0.959381,1.907975,Y,1.0,0.0
0.2,512,4,arial.ttf,999NG7,15,0,0.17,7.155418,0.919759,1.349142,GY,0.833333,0.166667
0.3,512,4,arial.ttf,999NG7,15,0,0.255,8.763561,0.881116,1.10157,YAAGT,0.833333,0.166667
0.4,512,4,arial.ttf,999NG7,15,0,0.34,10.119289,0.843436,0.953987,GT,0.833333,0.166667
0.5,512,4,arial.ttf,999NG7,15,0,0.425,11.313708,0.8067,0.853272,CT,1.0,0.0
0.6,512,4,arial.ttf,999NG7,15,0,0.51,12.393547,0.770893,0.778927,T,1.0,0.0
0.7,512,4,arial.ttf,999NG7,15,0,0.595,13.38656,0.735998,0.721147,AGT,0.833333,0.166667
0.8,512,4,arial.ttf,999NG7,15,0,0.68,14.310835,0.701998,0.674571,ST,1.0,0.0
0.9,512,4,arial.ttf,999NG7,15,0,0.765,15.178933,0.668877,0.635992,SOONGT,0.666667,0.333333
1.0,512,4,arial.ttf,999NG7,15,0,0.85,16.0,0.63662,0.603355,ONT,0.833333,0.166667
0.1,2048,4,arial.ttf,999NG7,15,0,0.085,5.059644,0.959381,1.907975,444GT,0.833333,0.166667
0.2,2048,4,arial.ttf,999NG7,15,0,0.17,7.155418,0.919759,1.349142,YAGT,0.833333,0.166667
0.3,2048,4,arial.ttf,999NG7,15,0,0.255,8.763561,0.881116,1.10157,YAAGT,0.833333,0.166667
0.4,2048,4,arial.ttf,999NG7,15,0,0.34,10.119289,0.843436,0.953987,AGT,0.833333,0.166667
0.5,2048,4,arial.ttf,999NG7,15,0,0.425,11.313708,0.8067,0.853272,WAAGT,0.833333,0.166667
0.6,2048,4,arial.ttf,999NG7,15,0,0.51,12.393547,0.770893,0.778927,AGT,0.833333,0.166667
0.7,2048,4,arial.ttf,999NG7,15,0,0.595,13.38656,0.735998,0.721147,CT,1.0,0.0
0.8,2048,4,arial.ttf,999NG7,15,0,0.68,14.310835,0.701998,0.674571,ONGT,0.666667,0.333333
0.9,2048,4,arial.ttf,999NG7,15,0,0.765,15.178933,0.668877,0.635992,,1.0,0.0
1.0,2048,4,arial.ttf,999NG7,15,0,0.85,16.0,0.63662,0.603355,ST,1.0,0.0
0.1,8,4,arial.ttf,999NG7,15,15,0.085,5.059644,0.959381,1.907975,,1.0,0.0
0.2,8,4,arial.ttf,999NG7,15,15,0.17,7.155418,0.919759,1.349142,,1.0,0.0
0.3,8,4,arial.ttf,999NG7,15,15,0.255,8.763561,0.881116,1.10157,BS,1.0,0.0
0.4,8,4,arial.ttf,999NG7,15,15,0.34,10.119289,0.843436,0.953987,,1.0,0.0
0.5,8,4,arial.ttf,999NG7,15,15,0.425,11.313708,0.8067,0.853272,,1.0,0.0
0.6,8,4,arial.ttf,999NG7,15,15,0.51,12.393547,0.770893,0.778927,,1.0,0.0
0.7,8,4,arial.ttf,999NG7,15,15,0.595,13.38656,0.735998,0.721147,,1.0,0.0
0.8,8,4,arial.ttf,999NG7,15,15,0.68,14.310835,0.701998,0.674571,,1.0,0.0
0.9,8,4,arial.ttf,999NG7,15,15,0.765,15.178933,0.668877,0.635992,,1.0,0.0
1.0,8,4,arial.ttf,999NG7,15,15,0.85,16.0,0.63662,0.603355,,1.0,0.0
0.1,32,4,arial.ttf,999NG7,15,15,0.085,5.059644,0.959381,1.907975,NG,0.666667,0.333333
0.2,32,4,arial.ttf,999NG7,15,15,0.17,7.155418,0.919759,1.349142,BT,1.0,0.0
0.3,32,4,arial.ttf,999NG7,15,15,0.255,8.763561,0.881116,1.10157,,1.0,0.0
0.4,32,4,arial.ttf,999NG7,15,15,0.34,10.119289,0.843436,0.953987,,1.0,0.0
0.5,32,4,arial.ttf,999NG7,15,15,0.425,11.313708,0.8067,0.853272,,1.0,0.0
0.6,32,4,arial.ttf,999NG7,15,15,0.51,12.393547,0.770893,0.778927,,1.0,0.0
0.7,32,4,arial.ttf,999NG7,15,15,0.595,13.38656,0.735998,0.721147,,1.0,0.0
0.8,32,4,arial.ttf,999NG7,15,15,0.68,14.310835,0.701998,0.674571,,1.0,0.0
0.9,32,4,arial.ttf,999NG7,15,15,0.765,15.178933,0.668877,0.635992,,1.0,0.0
1.0,32,4,arial.ttf,999NG7,15,15,0.85,16.0,0.63662,0.603355,,1.0,0.0
0.1,128,4,arial.ttf,999NG7,15,15,0.085,5.059644,0.959381,1.907975,,1.0,0.0
0.2,128,4,arial.ttf,999NG7,15,15,0.17,7.155418,0.919759,1.349142,,1.0,0.0
0.3,128,4,arial.ttf,999NG7,15,15,0.255,8.763561,0.881116,1.10157,,1.0,0.0
0.4,128,4,arial.ttf,999NG7,15,15,0.34,10.119289,0.843436,0.953987,,1.0,0.0
0.5,128,4,arial.ttf,999NG7,15,15,0.425,11.313708,0.8067,0.853272,,1.0,0.0
0.6,128,4,arial.ttf,999NG7,15,15,0.51,12.393547,0.770893,0.778927,,1.0,0.0
0.7,128,4,arial.ttf,999NG7,15,15,0.595,13.38656,0.735998,0.721147,FT,1.0,0.0
0.8,128,4,arial.ttf,999NG7,15,15,0.68,14.310835,0.701998,0.674571,,1.0,0.0
0.9,128,4,arial.ttf,999NG7,15,15,0.765,15.178933,0.668877,0.635992,SOIT,1.0,0.0
1.0,128,4,arial.ttf,999NG7,15,15,0.85,16.0,0.63662,0.603355,EAGT,0.833333,0.166667
0.1,512,4,arial.ttf,999NG7,15,15,0.085,5.059644,0.959381,1.907975,UAG,0.833333,0.166667
0.2,512,4,arial.ttf,999NG7,15,15,0.17,7.155418,0.919759,1.349142,YAAOY,1.0,0.0
0.3,512,4,arial.ttf,999NG7,15,15,0.255,8.763561,0.881116,1.10157,YARCY,1.0,0.0
0.4,512,4,arial.ttf,999NG7,15,15,0.34,10.119289,0.843436,0.953987,SLAGT,0.833333,0.166667
0.5,512,4,arial.ttf,999NG7,15,15,0.425,11.313708,0.8067,0.853272,FAA,1.0,0.0
0.6,512,4,arial.ttf,999NG7,15,15,0.51,12.393547,0.770893,0.778927,IF,1.0,0.0
0.7,512,4,arial.ttf,999NG7,15,15,0.595,13.38656,0.735998,0.721147,ZANT,0.833333,0.166667
0.8,512,4,arial.ttf,999NG7,15,15,0.68,14.310835,0.701998,0.674571,GT,0.833333,0.166667
0.9,512,4,arial.ttf,999NG7,15,15,0.765,15.178933,0.668877,0.635992,WT,1.0,0.0
1.0,512,4,arial.ttf,999NG7,15,15,0.85,16.0,0.63662,0.603355,NT,0.833333,0.166667
0.1,2048,4,arial.ttf,999NG7,15,15,0.085,5.059644,0.959381,1.907975,UO,1.0,0.0
0.2,2048,4,arial.ttf,999NG7,15,15,0.17,7.155418,0.919759,1.349142,YAAY,1.0,0.0
0.3,2048,4,arial.ttf,999NG7,15,15,0.255,8.763561,0.881116,1.10157,YAY,1.0,0.0
0.4,2048,4,arial.ttf,999NG7,15,15,0.34,10.119289,0.843436,0.953987,TPAGT,0.833333,0.166667
0.5,2048,4,arial.ttf,999NG7,15,15,0.425,11.313708,0.8067,0.853272,YAY,1.0,0.0
0.6,2048,4,arial.ttf,999NG7,15,15,0.51,12.393547,0.770893,0.778927,PFAGT,0.833333,0.166667
0.7,2048,4,arial.ttf,999NG7,15,15,0.595,13.38656,0.735998,0.721147,FACT,1.0,0.0
0.8,2048,4,arial.ttf,999NG7,15,15,0.68,14.310835,0.701998,0.674571,,1.0,0.0
0.9,2048,4,arial.ttf,999NG7,15,15,0.765,15.178933,0.668877,0.635992,OONGT,0.666667,0.333333
1.0,2048,4,arial.ttf,999NG7,15,15,0.85,16.0,0.63662,0.603355,SOONGT,0.666667,0.333333
0.1,8,4,arial.ttf,DJELTE,0,0,0.085,5.059644,0.959381,1.907975,,1.0,0.0
0.2,8,4,arial.ttf,DJELTE,0,0,0.17,7.155418,0.919759,1.349142,,1.0,0.0
0.3,8,4,arial.ttf,DJELTE,0,0,0.255,8.763561,0.881116,1.10157,,1.0,0.0
0.4,8,4,arial.ttf,DJELTE,0,0,0.34,10.119289,0.843436,0.953987,,1.0,0.0
0.5,8,4,arial.ttf,DJELTE,0,0,0.425,11.313708,0.8067,0.853272,,1.0,0.0
0.6,8,4,arial.ttf,DJELTE,0,0,0.51,12.393547,0.770893,0.778927,,1.0,0.0
0.7,8,4,arial.ttf,DJELTE,0,0,0.595,13.38656,0.735998,0.721147,,1.0,0.0
0.8,8,4,arial.ttf,DJELTE,0,0,0.68,14.310835,0.701998,0.674571,,1.0,0.0
0.9,8,4,arial.ttf,DJELTE,0,0,0.765,15.178933,0.668877,0.635992,,1.0,0.0
1.0,8,4,arial.ttf,DJELTE,0,0,0.85,16.0,0.63662,0.603355,,1.0,0.0
0.1,32,4,arial.ttf,DJELTE,0,0,0.085,5.059644,0.959381,1.907975,,1.0,0.0
0.2,32,4,arial.ttf,DJELTE,0,0,0.17,7.155418,0.919759,1.349142,,1.0,0.0
0.3,32,4,arial.ttf,DJELTE,0,0,0.255,8.763561,0.881116,1.10157,,1.0,0.0
0.4,32,4,arial.ttf,DJELTE,0,0,0.34,10.119289,0.843436,0.953987,AR,1.0,0.0
0.5,32,4,arial.ttf,DJELTE,0,0,0.425,11.313708,0.8067,0.853272,,1.0,0.0
0.6,32,4,arial.ttf,DJELTE,0,0,0.51,12.393547,0.770893,0.778927,,1.0,0.0
0.7,32,4,arial.ttf,DJELTE,0,0,0.595,13.38656,0.735998,0.721147,,1.0,0.0
0.8,32,4,arial.ttf,DJELTE,0,0,0.68,14.310835,0.701998,0.674571,,1.0,0.0
0.9,32,4,arial.ttf,DJELTE,0,0,0.765,15.178933,0.668877,0.635992,,1.0,0.0
1.0,32,4,arial.ttf,DJELTE,0,0,0.85,16.0,0.63662,0.603355,,1.0,0.0
0.1,128,4,arial.ttf,DJELTE,0,0,0.085,5.059644,0.959381,1.907975,,1.0,0.0
0.2,128,4,arial.ttf,DJELTE,0,0,0.17,7.155418,0.919759,1.349142,,1.0,0.0
0.3,128,4,arial.ttf,DJELTE,0,0,0.255,8.763561,0.881116,1.10157,,1.0,0.0
0.4,128,4,arial.ttf,DJELTE,0,0,0.34,10.119289,0.843436,0.953987,,1.0,0.0
0.5,128,4,arial.ttf,DJELTE,0,0,0.425,11.313708,0.8067,0.853272,,1.0,0.0
0.6,128,4,arial.ttf,DJELTE,0,0,0.51,12.393547,0.770893,0.778927,,1.0,0.0
0.7,128,4,arial.ttf,DJELTE,0,0,0.595,13.38656,0.735998,0.721147,OUT,0.833333,0.166667
0.8,128,4,arial.ttf,DJELTE,0,0,0.68,14.310835,0.701998,0.674571,OUETS,0.666667,0.333333
0.9,128,4,arial.ttf,DJELTE,0,0,0.765,15.178933,0.668877,0.635992,,1.0,0.0
1.0,128,4,arial.ttf,DJELTE,0,0,0.85,16.0,0.63662,0.603355,ET,0.666667,0.333333
0.1,512,4,arial.ttf,DJELTE,0,0,0.085,5.059644,0.959381,1.907975,,1.0,0.0
0.2,512,4,arial.ttf,DJELTE,0,0,0.17,7.155418,0.919759,1.349142,OUT2,0.833333,0.166667
0.3,512,4,arial.ttf,DJELTE,0,0,0.255,8.763561,0.881116,1.10157,,1.0,0.0
0.4,512,4,arial.ttf,DJELTE,0,0,0.34,10.119289,0.843436,0.953987,DOTS,0.666667,0.333333
0.5,512,4,arial.ttf,DJELTE,0,0,0.425,11.313708,0.8067,0.853272,001C,1.0,0.0
0.6,512,4,arial.ttf,DJELTE,0,0,0.51,12.393547,0.770893,0.778927,O1,1.0,0.0
0.7,512,4,arial.ttf,DJELTE,0,0,0.595,13.38656,0.735998,0.721147,OTS,0.833333,0.166667
0.8,512,4,arial.ttf,DJELTE,0,0,0.68,14.310835,0.701998,0.674571,OJOLTS,0.5,0.5
0.9,512,4,arial.ttf,DJELTE,0,0,0.765,15.178933,0.668877,0.635992,OLTS,0.666667,0.333333
1.0,512,4,arial.ttf,DJELTE,0,0,0.85,16.0,0.63662,0.603355,OJELTS,0.333333,0.666667
0.1,2048,4,arial.ttf,DJELTE,0,0,0.085,5.059644,0.959381,1.907975,OCT,0.833333,0.166667
0.2,2048,4,arial.ttf,DJELTE,0,0,0.17,7.155418,0.919759,1.349142,O01S,1.0,0.0
0.3,2048,4,arial.ttf,DJELTE,0,0,0.255,8.763561,0.881116,1.10157,OOT,0.833333,0.166667
0.4,2048,4,arial.ttf,DJELTE,0,0,0.34,10.119289,0.843436,0.953987,O01C,1.0,0.0
0.5,2048,4,arial.ttf,DJELTE,0,0,0.425,11.313708,0.8067,0.853272,O0LT,0.666667,0.333333
0.6,2048,4,arial.ttf,DJELTE,0,0,0.51,12.393547,0.770893,0.778927,O0TC,0.833333,0.166667
0.7,2048,4,arial.ttf,DJELTE,0,0,0.595,13.38656,0.735998,0.721147,OOLT,0.666667,0.333333
0.8,2048,4,arial.ttf,DJELTE,0,0,0.68,14.310835,0.701998,0.674571,O0TC,0.833333,0.166667
0.9,2048,4,arial.ttf,DJELTE,0,0,0.765,15.178933,0.668877,0.635992,OLS,0.833333,0.166667
1.0,2048,4,arial.ttf,DJELTE,0,0,0.85,16.0,0.63662,0.603355,OJOLTS,0.5,0.5
0.1,8,4,arial.ttf,DJELTE,0,15,0.085,5.059644,0.959381,1.907975,,1.0,0.0
0.2,8,4,arial.ttf,DJELTE,0,15,0.17,7.155418,0.919759,1.349142,AES,0.833333,0.166667
0.3,8,4,arial.ttf,DJELTE,0,15,0.255,8.763561,0.881116,1.10157,,1.0,0.0
0.4,8,4,arial.ttf,DJELTE,0,15,0.34,10.119289,0.843436,0.953987,,1.0,0.0
0.5,8,4,arial.ttf,DJELTE,0,15,0.425,11.313708,0.8067,0.853272,,1.0,0.0
0.6,8,4,arial.ttf,DJELTE,0,15,0.51,12.393547,0.770893,0.778927,,1.0,0.0
0.7,8,4,arial.ttf,DJELTE,0,15,0.595,13.38656,0.735998,0.721147,,1.0,0.0
0.8,8,4,arial.ttf,DJELTE,0,15,0.68,14.310835,0.701998,0.674571,,1.0,0.0
0.9,8,4,arial.ttf,DJELTE,0,15,0.765,15.178933,0.668877,0.635992,,1.0,0.0
1.0,8,4,arial.ttf,DJELTE,0,15,0.85,16.0,0.63662,0.603355,S,1.0,0.0
0.1,32,4,arial.ttf,DJELTE,0,15,0.085,5.059644,0.959381,1.907975,,1.0,0.0
0.2,32,4,arial.ttf,DJELTE,0,15,0.17,7.155418,0.919759,1.349142,,1.0,0.0
0.3,32,4,arial.ttf,DJELTE,0,15,0.255,8.763561,0.881116,1.10157,,1.0,0.0
0.4,32,4,arial.ttf,DJELTE,0,15,0.34,10.119289,0.843436,0.953987,,1.0,0.0
0.5,32,4,arial.ttf,DJELTE,0,15,0.425,11.313708,0.8067,0.853272,,1.0,0.0
0.6,32,4,arial.ttf,DJELTE,0,15,0.51,12.393547,0.770893,0.778927,PDE,0.833333,0.166667
0.7,32,4,arial.ttf,DJELTE,0,15,0.595,13.38656,0.735998,0.721147,,1.0,0.0
0.8,32,4,arial.ttf,DJELTE,0,15,0.68,14.310835,0.701998,0.674571,,1.0,0.0
0.9,32,4,arial.ttf,DJELTE,0,15,0.765,15.178933,0.668877,0.635992,,1.0,0.0
1.0,32,4,arial.ttf,DJELTE,0,15,0.85,16.0,0.63662,0.603355,,1.0,0.0
0.1,128,4,arial.ttf,DJELTE,0,15,0.085,5.059644,0.959381,1.907975,,1.0,0.0
0.2,128,4,arial.ttf,DJELTE,0,15,0.17,7.155418,0.919759,1.349142,,1.0,0.0
0.3,128,4,arial.ttf,DJELTE,0,15,0.255,8.763561,0.881116,1.10157,,1.0,0.0
0.4,128,4,arial.ttf,DJELTE,0,15,0.34,10.119289,0.843436,0.953987,,1.0,0.0
0.5,128,4,arial.ttf,DJELTE,0,15,0.425,11.313708,0.8067,0.853272,,1.0,0.0
0.6,128,4,arial.ttf,DJELTE,0,15,0.51,12.393547,0.770893,0.778927,,1.0,0.0
0.7,128,4,arial.ttf,DJELTE,0,15,0.595,13.38656,0.735998,0.721147,,1.0,0.0
0.8,128,4,arial.ttf,DJELTE,0,15,0.68,14.310835,0.701998,0.674571,DT,0.666667,0.333333
0.9,128,4,arial.ttf,DJELTE,0,15,0.765,15.178933,0.668877,0.635992,O,1.0,0.0
1.0,128,4,arial.ttf,DJELTE,0,15,0.85,16.0,0.63662,0.603355,B,1.0,0.0
0.1,512,4,arial.ttf,DJELTE,0,15,0.085,5.059644,0.959381,1.907975,,1.0,0.0
0.2,512,4,arial.ttf,DJELTE,0,15,0.17,7.155418,0.919759,1.349142,ES,0.833333,0.166667
0.3,512,4,arial.ttf,DJELTE,0,15,0.255,8.763561,0.881116,1.10157,LS,0.833333,0.166667
0.4,512,4,arial.ttf,DJELTE,0,15,0.34,10.119289,0.843436,0.953987,OT,0.833333,0.166667
0.5,512,4,arial.ttf,DJELTE,0,15,0.425,11.313708,0.8067,0.853272,OLTS,0.666667,0.333333
0.6,512,4,arial.ttf,DJELTE,0,15,0.51,12.393547,0.770893,0.778927,OOLT,0.666667,0.333333
0.7,512,4,arial.ttf,DJELTE,0,15,0.595,13.38656,0.735998,0.721147,OJOLTS,0.5,0.5
0.8,512,4,arial.ttf,DJELTE,0,15,0.68,14.310835,0.701998,0.674571,OJELTS,0.333333,0.666667
0.9,512,4,arial.ttf,DJELTE,0,15,0.765,15.178933,0.668877,0.635992,OLS,0.833333,0.166667
1.0,512,4,arial.ttf,DJELTE,0,15,0.85,16.0,0.63662,0.603355,OT,0.833333,0.166667
0.1,2048,4,arial.ttf,DJELTE,0,15,0.085,5.059644,0.959381,1.907975,,1.0,0.0
0.2,2048,4,arial.ttf,DJELTE,0,15,0.17,7.155418,0.919759,1.349142,LDC1,1.0,0.0
0.3,2048,4,arial.ttf,DJELTE,0,15,0.255,8.763561,0.881116,1.10157,COLTS,0.666667,0.333333
0.4,2048,4,arial.ttf,DJELTE,0,15,0.34,10.119289,0.843436,0.953987,OC1T,0.833333,0.166667
0.5,2048,4,arial.ttf,DJELTE,0,15,0.425,11.313708,0.8067,0.853272,O1,1.0,0.0
0.6,2048,4,arial.ttf,DJELTE,0,15,0.51,12.393547,0.770893,0.778927,OT,0.833333,0.166667
0.7,2048,4,arial.ttf,DJELTE,0,15,0.595,13.38656,0.735998,0.721147,OLTS,0.666667,0.333333
0.8,2048,4,arial.ttf,DJELTE,0,15,0.68,14.310835,0.701998,0.674571,OTS,0.833333,0.166667
0.9,2048,4,arial.ttf,DJELTE,0,15,0.765,15.178933,0.668877,0.635992,OLT,0.666667,0.333333
1.0,2048,4,arial.ttf,DJELTE,0,15,0.85,16.0,0.63662,0.603355,OJLTES,0.5,0.5
0.1,8,4,arial.ttf,DJELTE,15,0,0.085,5.059644,0.959381,1.907975,,1.0,0.0
0.2,8,4,arial.ttf,DJELTE,15,0,0.17,7.155418,0.919759,1.349142,,1.0,0.0
0.3,8,4,arial.ttf,DJELTE,15,0,0.255,8.763561,0.881116,1.10157,AB,1.0,0.0
0.4,8,4,arial.ttf,DJELTE,15,0,0.34,10.119289,0.843436,0.953987,,1.0,0.0
0.5,8,4,arial.ttf,DJELTE,15,0,0.425,11.313708,0.8067,0.853272,,1.0,0.0
0.6,8,4,arial.ttf,DJELTE,15,0,0.51,12.393547,0.770893,0.778927,I,1.0,0.0
0.7,8,4,arial.ttf,DJELTE,15,0,0.595,13.38656,0.735998,0.721147,,1.0,0.0
0.8,8,4,arial.ttf,DJELTE,15,0,0.68,14.310835,0.701998,0.674571,,1.0,0.0
0.9,8,4,arial.ttf,DJELTE,15,0,0.765,15.178933,0.668877,0.635992,,1.0,0.0
1.0,8,4,arial.ttf,DJELTE,15,0,0.85,16.0,0.63662,0.603355,,1.0,0.0
0.1,32,4,arial.ttf,DJELTE,15,0,0.085,5.059644,0.959381,1.907975,SB,1.0,0.0
0.2,32,4,arial.ttf,DJELTE,15,0,0.17,7.155418,0.919759,1.349142,,1.0,0.0
0.3,32,4,arial.ttf,DJELTE,15,0,0.255,8.763561,0.881116,1.10157,,1.0,0.0
0.4,32,4,arial.ttf,DJELTE,15,0,0.34,10.119289,0.843436,0.953987,,1.0,0.0
0.5,32,4,arial.ttf,DJELTE,15,0,0.425,11.313708,0.8067,0.853272,,1.0,0.0
0.6,32,4,arial.ttf,DJELTE,15,0,0.51,12.393547,0.770893,0.778927,,1.0,0.0
0.7,32,4,arial.ttf,DJELTE,15,0,0.595,13.38656,0.735998,0.721147,,1.0,0.0
0.8,32,4,arial.ttf,DJELTE,15,0,0.68,14.310835,0.701998,0.674571,,1.0,0.0
0.9,32,4,arial.ttf,DJELTE,15,0,0.765,15.178933,0.668877,0.635992,,1.0,0.0
1.0,32,4,arial.ttf,DJELTE,15,0,0.85,16.0,0.63662,0.603355,,1.0,0.0
0.1,128,4,arial.ttf,DJELTE,15,0,0.085,5.059644,0.959381,1.907975,,1.0,0.0
0.2,128,4,arial.ttf,DJELTE,15,0,0.17,7.155418,0.919759,1.349142,,1.0,0.0
0.3,128,4,arial.ttf,DJELTE,15,0,0.255,8.763561,0.881116,1.10157,T,0.833333,0.166667
0.4,128,4,arial.ttf,DJELTE,15,0,0.34,10.119289,0.843436,0.953987,,1.0,0.0
0.5,128,4,arial.ttf,DJELTE,15,0,0.425,11.313708,0.8067,0.853272,,1.0,0.0
0.6,128,4,arial.ttf,DJELTE,15,0,0.51,12.393547,0.770893,0.778927,,1.0,0.0
0.7,128,4,arial.ttf,DJELTE,15,0,0.595,13.38656,0.735998,0.721147,,1.0,0.0
0.8,128,4,arial.ttf,DJELTE,15,0,0.68,14.310835,0.701998,0.674571,D,0.833333,0.166667
0.9,128,4,arial.ttf,DJELTE,15,0,0.765,15.178933,0.668877,0.635992,DIELS,0.5,0.5
1.0,128,4,arial.ttf,DJELTE,15,0,0.85,16.0,0.63662,0.603355,OLS,0.833333,0.166667
0.1,512,4,arial.ttf,DJELTE,15,0,0.085,5.059644,0.959381,1.907975,,1.0,0.0
0.2,512,4,arial.ttf,DJELTE,15,0,0.17,7.155418,0.919759,1.349142,COTL,0.833333,0.166667
0.3,512,4,arial.ttf,DJELTE,15,0,0.255,8.763561,0.881116,1.10157,OL1C,0.833333,0.166667
0.4,512,4,arial.ttf,DJELTE,15,0,0.34,10.119289,0.843436,0.953987,ODT,0.833333,0.166667
0.5,512,4,arial.ttf,DJELTE,15,0,0.425,11.313708,0.8067,0.853272,DLT,0.5,0.5
0.6,512,4,arial.ttf,DJELTE,15,0,0.51,12.393547,0.770893,0.778927,OOLTC,0.666667,0.333333
0.7,512,4,arial.ttf,DJELTE,15,0,0.595,13.38656,0.735998,0.721147,OLT,0.666667,0.333333
0.8,512,4,arial.ttf,DJELTE,15,0,0.68,14.310835,0.701998,0.674571,OLT,0.666667,0.333333
0.9,512,4,arial.ttf,DJELTE,15,0,0.765,15.178933,0.668877,0.635992,OLTS,0.666667,0.333333
1.0,512,4,arial.ttf,DJELTE,15,0,0.85,16.0,0.63662,0.603355,DLTS,0.5,0.5
0.1,2048,4,arial.ttf,DJELTE,15,0,0.085,5.059644,0.959381,1.907975,DO1C,0.833333,0.166667
0.2,2048,4,arial.ttf,DJELTE,15,0,0.17,7.155418,0.919759,1.349142,COLIC,0.833333,0.166667
0.3,2048,4,arial.ttf,DJELTE,15,0,0.255,8.763561,0.881116,1.10157,OSOLIC,0.833333,0.166667
0.4,2048,4,arial.ttf,DJELTE,15,0,0.34,10.119289,0.843436,0.953987,OOLTC,0.666667,0.333333
0.5,2048,4,arial.ttf,DJELTE,15,0,0.425,11.313708,0.8067,0.853272,OL1T,0.833333,0.166667
0.6,2048,4,arial.ttf,DJELTE,15,0,0.51,12.393547,0.770893,0.778927,OJOLT,0.5,0.5
0.7,2048,4,arial.ttf,DJELTE,15,0,0.595,13.38656,0.735998,0.721147,OLT,0.666667,0.333333
0.8,2048,4,arial.ttf,DJELTE,15,0,0.68,14.310835,0.701998,0.674571,OSCLTC,0.666667,0.333333
0.9,2048,4,arial.ttf,DJELTE,15,0,0.765,15.178933,0.668877,0.635992,OJLTC,0.5,0.5
1.0,2048,4,arial.ttf,DJELTE,15,0,0.85,16.0,0.63662,0.603355,OJELTS,0.333333,0.666667
0.1,8,4,arial.ttf,DJELTE,15,15,0.085,5.059644,0.959381,1.907975,,1.0,0.0
0.2,8,4,arial.ttf,DJELTE,15,15,0.17,7.155418,0.919759,1.349142,PE,0.833333,0.166667
0.3,8,4,arial.ttf,DJELTE,15,15,0.255,8.763561,0.881116,1.10157,,1.0,0.0
0.4,8,4,arial.ttf,DJELTE,15,15,0.34,10.119289,0.843436,0.953987,,1.0,0.0
0.5,8,4,arial.ttf,DJELTE,15,15,0.425,11.313708,0.8067,0.853272,,1.0,0.0
0.6,8,4,arial.ttf,DJELTE,15,15,0.51,12.393547,0.770893,0.778927,,1.0,0.0
0.7,8,4,arial.ttf,DJELTE,15,15,0.595,13.38656,0.735998,0.721147,,1.0,0.0
0.8,8,4,arial.ttf,DJELTE,15,15,0.68,14.310835,0.701998,0.674571,,1.0,0.0
0.9,8,4,arial.ttf,DJELTE,15,15,0.765,15.178933,0.668877,0.635992,,1.0,0.0
1.0,8,4,arial.ttf,DJELTE,15,15,0.85,16.0,0.63662,0.603355,,1.0,0.0
0.1,32,4,arial.ttf,DJELTE,15,15,0.085,5.059644,0.959381,1.907975,,1.0,0.0
0.2,32,4,arial.ttf,DJELTE,15,15,0.17,7.155418,0.919759,1.349142,,1.0,0.0
0.3,32,4,arial.ttf,DJELTE,15,15,0.255,8.763561,0.881116,1.10157,,1.0,0.0
0.4,32,4,arial.ttf,DJELTE,15,15,0.34,10.119289,0.843436,0.953987,,1.0,0.0
0.5,32,4,arial.ttf,DJELTE,15,15,0.425,11.313708,0.8067,0.853272,,1.0,0.0
0.6,32,4,arial.ttf,DJELTE,15,15,0.51,12.393547,0.770893,0.778927,,1.0,0.0
0.7,32,4,arial.ttf,DJELTE,15,15,0.595,13.38656,0.735998,0.721147,,1.0,0.0
0.8,32,4,arial.ttf,DJELTE,15,15,0.68,14.310835,0.701998,0.674571,,1.0,0.0
0.9,32,4,arial.ttf,DJELTE,15,15,0.765,15.178933,0.668877,0.635992,,1.0,0.0
1.0,32,4,arial.ttf,DJELTE,15,15,0.85,16.0,0.63662,0.603355,B,1.0,0.0
0.1,128,4,arial.ttf,DJELTE,15,15,0.085,5.059644,0.959381,1.907975,,1.0,0.0
0.2,128,4,arial.ttf,DJELTE,15,15,0.17,7.155418,0.919759,1.349142,,1.0,0.0
0.3,128,4,arial.ttf,DJELTE,15,15,0.255,8.763561,0.881116,1.10157,,1.0,0.0
0.4,128,4,arial.ttf,DJELTE,15,15,0.34,10.119289,0.843436,0.953987,,1.0,0.0
0.5,128,4,arial.ttf,DJELTE,15,15,0.425,11.313708,0.8067,0.853272,DULLTE,0.333333,0.666667
0.6,128,4,arial.ttf,DJELTE,15,15,0.51,12.393547,0.770893,0.778927,O,1.0,0.0
0.7,128,4,arial.ttf,DJELTE,15,15,0.595,13.38656,0.735998,0.721147,,1.0,0.0
0.8,128,4,arial.ttf,DJELTE,15,15,0.68,14.310835,0.701998,0.674571,DRATE,0.5,0.5
0.9,128,4,arial.ttf,DJELTE,15,15,0.765,15.178933,0.668877,0.635992,OLTE,0.5,0.5
1.0,128,4,arial.ttf,DJELTE,15,15,0.85,16.0,0.63662,0.603355,,1.0,0.0
0.1,512,4,arial.ttf,DJELTE,15,15,0.085,5.059644,0.959381,1.907975,,1.0,0.0
0.2,512,4,arial.ttf,DJELTE,15,15,0.17,7.155418,0.919759,1.349142,ESS,0.833333,0.166667
0.3,512,4,arial.ttf,DJELTE,15,15,0.255,8.763561,0.881116,1.10157,DLT,0.5,0.5
0.4,512,4,arial.ttf,DJELTE,15,15,0.34,10.119289,0.843436,0.953987,OOLT,0.666667,0.333333
0.5,512,4,arial.ttf,DJELTE,15,15,0.425,11.313708,0.8067,0.853272,D,0.833333,0.166667
0.6,512,4,arial.ttf,DJELTE,15,15,0.51,12.393547,0.770893,0.778927,OLT,0.666667,0.333333
0.7,512,4,arial.ttf,DJELTE,15,15,0.595,13.38656,0.735998,0.721147,QOLT,0.666667,0.333333
0.8,512,4,arial.ttf,DJELTE,15,15,0.68,14.310835,0.701998,0.674571,OLT,0.666667,0.333333
0.9,512,4,arial.ttf,DJELTE,15,15,0.765,15.178933,0.668877,0.635992,OJLT,0.5,0.5
1.0,512,4,arial.ttf,DJELTE,15,15,0.85,16.0,0.63662,0.603355,OELTE,0.333333,0.666667
0.1,2048,4,arial.ttf,DJELTE,15,15,0.085,5.059644,0.959381,1.907975,DLL,0.666667,0.333333
0.2,2048,4,arial.ttf,DJELTE,15,15,0.17,7.155418,0.919759,1.349142,8S,1.0,0.0
0.3,2048,4,arial.ttf,DJELTE,15,15,0.255,8.763561,0.881116,1.10157,C,1.0,0.0
0.4,2048,4,arial.ttf,DJELTE,15,15,0.34,10.119289,0.843436,0.953987,LS,0.833333,0.166667
0.5,2048,4,arial.ttf,DJELTE,15,15,0.425,11.313708,0.8067,0.853272,OLT,0.666667,0.333333
0.6,2048,4,arial.ttf,DJELTE,15,15,0.51,12.393547,0.770893,0.778927,OLT,0.666667,0.333333
0.7,2048,4,arial.ttf,DJELTE,15,15,0.595,13.38656,0.735998,0.721147,OLT,0.666667,0.333333
0.8,2048,4,arial.ttf,DJELTE,15,15,0.68,14.310835,0.701998,0.674571,OLT,0.666667,0.333333
0.9,2048,4,arial.ttf,DJELTE,15,15,0.765,15.178933,0.668877,0.635992,OLT,0.666667,0.333333
1.0,2048,4,arial.ttf,DJELTE,15,15,0.85,16.0,0.63662,0.603355,OJLTS,0.5,0.5
0.1,8,4,cambria.ttc,999NG7,0,0,0.085,5.059644,0.959381,1.907975,5,1.0,0.0
0.2,8,4,cambria.ttc,999NG7,0,0,0.17,7.155418,0.919759,1.349142,,1.0,0.0
0.3,8,4,cambria.ttc,999NG7,0,0,0.255,8.763561,0.881116,1.10157,,1.0,0.0
0.4,8,4,cambria.ttc,999NG7,0,0,0.34,10.119289,0.843436,0.953987,C,1.0,0.0
0.5,8,4,cambria.ttc,999NG7,0,0,0.425,11.313708,0.8067,0.853272,,1.0,0.0
0.6,8,4,cambria.ttc,999NG7,0,0,0.51,12.393547,0.770893,0.778927,,1.0,0.0
0.7,8,4,cambria.ttc,999NG7,0,0,0.595,13.38656,0.735998,0.721147,R,1.0,0.0
0.8,8,4,cambria.ttc,999NG7,0,0,0.68,14.310835,0.701998,0.674571,PARES,1.0,0.0
0.9,8,4,cambria.ttc,999NG7,0,0,0.765,15.178933,0.668877,0.635992,,1.0,0.0
1.0,8,4,cambria.ttc,999NG7,0,0,0.85,16.0,0.63662,0.603355,,1.0,0.0
0.1,32,4,cambria.ttc,999NG7,0,0,0.085,5.059644,0.959381,1.907975,,1.0,0.0
0.2,32,4,cambria.ttc,999NG7,0,0,0.17,7.155418,0.919759,1.349142,,1.0,0.0
0.3,32,4,cambria.ttc,999NG7,0,0,0.255,8.763561,0.881116,1.10157,,1.0,0.0
0.4,32,4,cambria.ttc,999NG7,0,0,0.34,10.119289,0.843436,0.953987,,1.0,0.0
0.5,32,4,cambria.ttc,999NG7,0,0,0.425,11.313708,0.8067,0.853272,,1.0,0.0
0.6,32,4,cambria.ttc,999NG7,0,0,0.51,12.393547,0.770893,0.778927,,1.0,0.0
0.7,32,4,cambria.ttc,999NG7,0,0,0.595,13.38656,0.735998,0.721147,,1.0,0.0
0.8,32,4,cambria.ttc,999NG7,0,0,0.68,14.310835,0.701998,0.674571,,1.0,0.0
0.9,32,4,cambria.ttc,999NG7,0,0,0.765,15.178933,0.668877,0.635992,,1.0,0.0
1.0,32,4,cambria.ttc,999NG7,0,0,0.85,16.0,0.63662,0.603355,,1.0,0.0
0.1,128,4,cambria.ttc,999NG7,0,0,0.085,5.059644,0.959381,1.907975,,1.0,0.0
0.2,128,4,cambria.ttc,999NG7,0,0,0.17,7.155418,0.919759,1.349142,,1.0,0.0
0.3,128,4,cambria.ttc,999NG7,0,0,0.255,8.763561,0.881116,1.10157,7,0.833333,0.166667
0.4,128,4,cambria.ttc,999NG7,0,0,0.34,10.119289,0.843436,0.953987,,1.0,0.0
0.5,128,4,cambria.ttc,999NG7,0,0,0.425,11.313708,0.8067,0.853272,,1.0,0.0
0.6,128,4,cambria.ttc,999NG7,0,0,0.51,12.393547,0.770893,0.778927,BART,1.0,0.0
0.7,128,4,cambria.ttc,999NG7,0,0,0.595,13.38656,0.735998,0.721147,G,0.833333,0.166667
0.8,128,4,cambria.ttc,999NG7,0,0,0.68,14.310835,0.701998,0.674571,RUNG,0.666667,0.333333
0.9,128,4,cambria.ttc,999NG7,0,0,0.765,15.178933,0.668877,0.635992,1,1.0,0.0
1.0,128,4,cambria.ttc,999NG7,0,0,0.85,16.0,0.63662,0.603355,,1.0,0.0
0.1,512,4,cambria.ttc,999NG7,0,0,0.085,5.059644,0.959381,1.907975,A,1.0,0.0
0.2,512,4,cambria.ttc,999NG7,0,0,0.17,7.155418,0.919759,1.349142,KT,1.0,0.0
0.3,512,4,cambria.ttc,999NG7,0,0,0.255,8.763561,0.881116,1.10157,WKT,1.0,0.0
0.4,512,4,cambria.ttc,999NG7,0,0,0.34,10.119289,0.843436,0.953987,VK,1.0,0.0
0.5,512,4,cambria.ttc,999NG7,0,0,0.425,11.313708,0.8067,0.853272,PKL,1.0,0.0
0.6,512,4,cambria.ttc,999NG7,0,0,0.51,12.393547,0.770893,0.778927,PIKLT,1.0,0.0
0.7,512,4,cambria.ttc,999NG7,0,0,0.595,13.38656,0.735998,0.721147,FPINGT,0.666667,0.333333
0.8,512,4,cambria.ttc,999NG7,0,0,0.68,14.310835,0.701998,0.674571,TING,0.666667,0.333333
0.9,512,4,cambria.ttc,999NG7,0,0,0.765,15.178933,0.668877,0.635992,TING,0.666667,0.333333
1.0,512,4,cambria.ttc,999NG7,0,0,0.85,16.0,0.63662,0.603355,TPN,0.833333,0.166667
0.1,2048,4,cambria.ttc,999NG7,0,0,0.085,5.059644,0.959381,1.907975,A,1.0,0.0
0.2,2048,4,cambria.ttc,999NG7,0,0,0.17,7.155418,0.919759,1.349142,SR,1.0,0.0
0.3,2048,4,cambria.ttc,999NG7,0,0,0.255,8.763561,0.881116,1.10157,PK,1.0,0.0
0.4,2048,4,cambria.ttc,999NG7,0,0,0.34,10.119289,0.843436,0.953987,IK,1.0,0.0
0.5,2048,4,cambria.ttc,999NG7,0,0,0.425,11.313708,0.8067,0.853272,KL,1.0,0.0
0.6,2048,4,cambria.ttc,999NG7,0,0,0.51,12.393547,0.770893,0.778927,IGT,0.833333,0.166667
0.7,2048,4,cambria.ttc,999NG7,0,0,0.595,13.38656,0.735998,0.721147,PING,0.666667,0.333333
0.8,2048,4,cambria.ttc,999NG7,0,0,0.68,14.310835,0.701998,0.674571,PING,0.666667,0.333333
0.9,2048,4,cambria.ttc,999NG7,0,0,0.765,15.178933,0.668877,0.635992,PING,0.666667,0.333333
1.0,2048,4,cambria.ttc,999NG7,0,0,0.85,16.0,0.63662,0.603355,FING,0.666667,0.333333
0.1,8,4,cambria.ttc,999NG7,0,15,0.085,5.059644,0.959381,1.907975,AP,1.0,0.0
0.2,8,4,cambria.ttc,999NG7,0,15,0.17,7.155418,0.919759,1.349142,P,1.0,0.0
0.3,8,4,cambria.ttc,999NG7,0,15,0.255,8.763561,0.881116,1.10157,,1.0,0.0
0.4,8,4,cambria.ttc,999NG7,0,15,0.34,10.119289,0.843436,0.953987,,1.0,0.0
0.5,8,4,cambria.ttc,999NG7,0,15,0.425,11.313708,0.8067,0.853272,,1.0,0.0
0.6,8,4,cambria.ttc,999NG7,0,15,0.51,12.393547,0.770893,0.778927,,1.0,0.0
0.7,8,4,cambria.ttc,999NG7,0,15,0.595,13.38656,0.735998,0.721147,,1.0,0.0
0.8,8,4,cambria.ttc,999NG7,0,15,0.68,14.310835,0.701998,0.674571,,1.0,0.0
0.9,8,4,cambria.ttc,999NG7,0,15,0.765,15.178933,0.668877,0.635992,NBSF,1.0,0.0
1.0,8,4,cambria.ttc,999NG7,0,15,0.85,16.0,0.63662,0.603355,,1.0,0.0
0.1,32,4,cambria.ttc,999NG7,0,15,0.085,5.059644,0.959381,1.907975,,1.0,0.0
0.2,32,4,cambria.ttc,999NG7,0,15,0.17,7.155418,0.919759,1.349142,,1.0,0.0
0.3,32,4,cambria.ttc,999NG7,0,15,0.255,8.763561,0.881116,1.10157,,1.0,0.0
0.4,32,4,cambria.ttc,999NG7,0,15,0.34,10.119289,0.843436,0.953987,,1.0,0.0
0.5,32,4,cambria.ttc,999NG7,0,15,0.425,11.313708,0.8067,0.853272,,1.0,0.0
0.6,32,4,cambria.ttc,999NG7,0,15,0.51,12.393547,0.770893,0.778927,,1.0,0.0
0.7,32,4,cambria.ttc,999NG7,0,15,0.595,13.38656,0.735998,0.721147,,1.0,0.0
0.8,32,4,cambria.ttc,999NG7,0,15,0.68,14.310835,0.701998,0.674571,,1.0,0.0
0.9,32,4,cambria.ttc,999NG7,0,15,0.765,15.178933,0.668877,0.635992,,1.0,0.0
1.0,32,4,cambria.ttc,999NG7,0,15,0.85,16.0,0.63662,0.603355,,1.0,0.0
0.1,128,4,cambria.ttc,999NG7,0,15,0.085,5.059644,0.959381,1.907975,,1.0,0.0
0.2,128,4,cambria.ttc,999NG7,0,15,0.17,7.155418,0.919759,1.349142,,1.0,0.0
0.3,128,4,cambria.ttc,999NG7,0,15,0.255,8.763561,0.881116,1.10157,,1.0,0.0
0.4,128,4,cambria.ttc,999NG7,0,15,0.34,10.119289,0.843436,0.953987,,1.0,0.0
0.5,128,4,cambria.ttc,999NG7,0,15,0.425,11.313708,0.8067,0.853272,,1.0,0.0
0.6,128,4,cambria.ttc,999NG7,0,15,0.51,12.393547,0.770893,0.778927,LK,1.0,0.0
0.7,128,4,cambria.ttc,999NG7,0,15,0.595,13.38656,0.735998,0.721147,,1.0,0.0
0.8,128,4,cambria.ttc,999NG7,0,15,0.68,14.310835,0.701998,0.674571,ON,0.833333,0.166667
0.9,128,4,cambria.ttc,999NG7,0,15,0.765,15.178933,0.668877,0.635992,NT,0.833333,0.166667
1.0,128,4,cambria.ttc,999NG7,0,15,0.85,16.0,0.63662,0.603355,PING,0.666667,0.333333
0.1,512,4,cambria.ttc,999NG7,0,15,0.085,5.059644,0.959381,1.907975,,1.0,0.0
0.2,512,4,cambria.ttc,999NG7,0,15,0.17,7.155418,0.919759,1.349142,VR,1.0,0.0
0.3,512,4,cambria.ttc,999NG7,0,15,0.255,8.763561,0.881116,1.10157,2K,1.0,0.0
0.4,512,4,cambria.ttc,999NG7,0,15,0.34,10.119289,0.843436,0.953987,STK,1.0,0.0
0.5,512,4,cambria.ttc,999NG7,0,15,0.425,11.313708,0.8067,0.853272,SKG7,0.666667,0.333333
0.6,512,4,cambria.ttc,999NG7,0,15,0.51,12.393547,0.770893,0.778927,PKG,0.833333,0.166667
0.7,512,4,cambria.ttc,999NG7,0,15,0.595,13.38656,0.735998,0.721147,PUNT,0.833333,0.166667
0.8,512,4,cambria.ttc,999NG7,0,15,0.68,14.310835,0.701998,0.674571,PING,0.666667,0.333333
0.9,512,4,cambria.ttc,999NG7,0,15,0.765,15.178933,0.668877,0.635992,PING,0.666667,0.333333
1.0,512,4,cambria.ttc,999NG7,0,15,0.85,16.0,0.63662,0.603355,TNL,0.833333,0.166667
0.1,2048,4,cambria.ttc,999NG7,0,15,0.085,5.059644,0.959381,1.907975,TT,1.0,0.0
0.2,2048,4,cambria.ttc,999NG7,0,15,0.17,7.155418,0.919759,1.349142,WK,1.0,0.0
0.3,2048,4,cambria.ttc,999NG7,0,15,0.255,8.763561,0.881116,1.10157,KL,1.0,0.0
0.4,2048,4,cambria.ttc,999NG7,0,15,0.34,10.119289,0.843436,0.953987,UUKLT,1.0,0.0
0.5,2048,4,cambria.ttc,999NG7,0,15,0.425,11.313708,0.8067,0.853272,IK,1.0,0.0
0.6,2048,4,cambria.ttc,999NG7,0,15,0.51,12.393547,0.770893,0.778927,KG,0.833333,0.166667
0.7,2048,4,cambria.ttc,999NG7,0,15,0.595,13.38656,0.735998,0.721147,VRINLT,0.833333,0.166667
0.8,2048,4,cambria.ttc,999NG7,0,15,0.68,14.310835,0.701998,0.674571,PING,0.666667,0.333333
0.9,2048,4,cambria.ttc,999NG7,0,15,0.765,15.178933,0.668877,0.635992,FPNG,0.666667,0.333333
1.0,2048,4,cambria.ttc,999NG7,0,15,0.85,16.0,0.63662,0.603355,TPNG,0.666667,0.333333
0.1,8,4,cambria.ttc,999NG7,15,0,0.085,5.059644,0.959381,1.907975,,1.0,0.0
0.2,8,4,cambria.ttc,999NG7,15,0,0.17,7.155418,0.919759,1.349142,,1.0,0.0
0.3,8,4,cambria.ttc,999NG7,15,0,0.255,8.763561,0.881116,1.10157,,1.0,0.0
0.4,8,4,cambria.ttc,999NG7,15,0,0.34,10.119289,0.843436,0.953987,,1.0,0.0
0.5,8,4,cambria.ttc,999NG7,15,0,0.425,11.313708,0.8067,0.853272,SD,1.0,0.0
0.6,8,4,cambria.ttc,999NG7,15,0,0.51,12.393547,0.770893,0.778927,,1.0,0.0
0.7,8,4,cambria.ttc,999NG7,15,0,0.595,13.38656,0.735998,0.721147,,1.0,0.0
0.8,8,4,cambria.ttc,999NG7,15,0,0.68,14.310835,0.701998,0.674571,B,1.0,0.0
0.9,8,4,cambria.ttc,999NG7,15,0,0.765,15.178933,0.668877,0.635992,,1.0,0.0
1.0,8,4,cambria.ttc,999NG7,15,0,0.85,16.0,0.63662,0.603355,,1.0,0.0
0.1,32,4,cambria.ttc,999NG7,15,0,0.085,5.059644,0.959381,1.907975,,1.0,0.0
0.2,32,4,cambria.ttc,999NG7,15,0,0.17,7.155418,0.919759,1.349142,,1.0,0.0
0.3,32,4,cambria.ttc,999NG7,15,0,0.255,8.763561,0.881116,1.10157,,1.0,0.0
0.4,32,4,cambria.ttc,999NG7,15,0,0.34,10.119289,0.843436,0.953987,,1.0,0.0
0.5,32,4,cambria.ttc,999NG7,15,0,0.425,11.313708,0.8067,0.853272,,1.0,0.0
0.6,32,4,cambria.ttc,999NG7,15,0,0.51,12.393547,0.770893,0.778927,,1.0,0.0
0.7,32,4,cambria.ttc,999NG7,15,0,0.595,13.38656,0.735998,0.721147,,1.0,0.0
0.8,32,4,cambria.ttc,999NG7,15,0,0.68,14.310835,0.701998,0.674571,,1.0,0.0
0.9,32,4,cambria.ttc,999NG7,15,0,0.765,15.178933,0.668877,0.635992,,1.0,0.0
1.0,32,4,cambria.ttc,999NG7,15,0,0.85,16.0,0.63662,0.603355,,1.0,0.0
0.1,128,4,cambria.ttc,999NG7,15,0,0.085,5.059644,0.959381,1.907975,,1.0,0.0
0.2,128,4,cambria.ttc,999NG7,15,0,0.17,7.155418,0.919759,1.349142,,1.0,0.0
0.3,128,4,cambria.ttc,999NG7,15,0,0.255,8.763561,0.881116,1.10157,TT,1.0,0.0
0.4,128,4,cambria.ttc,999NG7,15,0,0.34,10.119289,0.843436,0.953987,,1.0,0.0
0.5,128,4,cambria.ttc,999NG7,15,0,0.425,11.313708,0.8067,0.853272,,1.0,0.0
0.6,128,4,cambria.ttc,999NG7,15,0,0.51,12.393547,0.770893,0.778927,IK,1.0,0.0
0.7,128,4,cambria.ttc,999NG7,15,0,0.595,13.38656,0.735998,0.721147,OMT,1.0,0.0
0.8,128,4,cambria.ttc,999NG7,15,0,0.68,14.310835,0.701998,0.674571,NT,0.833333,0.166667
0.9,128,4,cambria.ttc,999NG7,15,0,0.765,15.178933,0.668877,0.635992,RNT,0.833333,0.166667
1.0,128,4,cambria.ttc,999NG7,15,0,0.85,16.0,0.63662,0.603355,TANG,0.666667,0.333333
0.1,512,4,cambria.ttc,999NG7,15,0,0.085,5.059644,0.959381,1.907975,OSE9,1.0,0.0
0.2,512,4,cambria.ttc,999NG7,15,0,0.17,7.155418,0.919759,1.349142,VRKT,1.0,0.0
0.3,512,4,cambria.ttc,999NG7,15,0,0.255,8.763561,0.881116,1.10157,,1.0,0.0
0.4,512,4,cambria.ttc,999NG7,15,0,0.34,10.119289,0.843436,0.953987,ARLTTY,1.0,0.0
0.5,512,4,cambria.ttc,999NG7,15,0,0.425,11.313708,0.8067,0.853272,DAK,1.0,0.0
0.6,512,4,cambria.ttc,999NG7,15,0,0.51,12.393547,0.770893,0.778927,NLT,0.833333,0.166667
0.7,512,4,cambria.ttc,999NG7,15,0,0.595,13.38656,0.735998,0.721147,VUNG,0.666667,0.333333
0.8,512,4,cambria.ttc,999NG7,15,0,0.68,14.310835,0.701998,0.674571,FPNGT,0.666667,0.333333
0.9,512,4,cambria.ttc,999NG7,15,0,0.765,15.178933,0.668877,0.635992,FKL,1.0,0.0
1.0,512,4,cambria.ttc,999NG7,15,0,0.85,16.0,0.63662,0.603355,PPMAGT,0.833333,0.166667
0.1,2048,4,cambria.ttc,999NG7,15,0,0.085,5.059644,0.959381,1.907975,WRT,1.0,0.0
0.2,2048,4,cambria.ttc,999NG7,15,0,0.17,7.155418,0.919759,1.349142,KT,1.0,0.0
0.3,2048,4,cambria.ttc,999NG7,15,0,0.255,8.763561,0.881116,1.10157,WRT,1.0,0.0
0.4,2048,4,cambria.ttc,999NG7,15,0,0.34,10.119289,0.843436,0.953987,KL,1.0,0.0
0.5,2048,4,cambria.ttc,999NG7,15,0,0.425,11.313708,0.8067,0.853272,FKL,1.0,0.0
0.6,2048,4,cambria.ttc,999NG7,15,0,0.51,12.393547,0.770893,0.778927,PKG,0.833333,0.166667
0.7,2048,4,cambria.ttc,999NG7,15,0,0.595,13.38656,0.735998,0.721147,VG,0.833333,0.166667
0.8,2048,4,cambria.ttc,999NG7,15,0,0.68,14.310835,0.701998,0.674571,FING,0.666667,0.333333
0.9,2048,4,cambria.ttc,999NG7,15,0,0.765,15.178933,0.668877,0.635992,FING,0.666667,0.333333
1.0,2048,4,cambria.ttc,999NG7,15,0,0.85,16.0,0.63662,0.603355,FING,0.666667,0.333333
0.1,8,4,cambria.ttc,999NG7,15,15,0.085,5.059644,0.959381,1.907975,,1.0,0.0
0.2,8,4,cambria.ttc,999NG7,15,15,0.17,7.155418,0.919759,1.349142,,1.0,0.0
0.3,8,4,cambria.ttc,999NG7,15,15,0.255,8.763561,0.881116,1.10157,,1.0,0.0
0.4,8,4,cambria.ttc,999NG7,15,15,0.34,10.119289,0.843436,0.953987,Y,1.0,0.0
0.5,8,4,cambria.ttc,999NG7,15,15,0.425,11.313708,0.8067,0.853272,,1.0,0.0
0.6,8,4,cambria.ttc,999NG7,15,15,0.51,12.393547,0.770893,0.778927,,1.0,0.0
0.7,8,4,cambria.ttc,999NG7,15,15,0.595,13.38656,0.735998,0.721147,,1.0,0.0
0.8,8,4,cambria.ttc,999NG7,15,15,0.68,14.310835,0.701998,0.674571,,1.0,0.0
0.9,8,4,cambria.ttc,999NG7,15,15,0.765,15.178933,0.668877,0.635992,,1.0,0.0
1.0,8,4,cambria.ttc,999NG7,15,15,0.85,16.0,0.63662,0.603355,,1.0,0.0
0.1,32,4,cambria.ttc,999NG7,15,15,0.085,5.059644,0.959381,1.907975,,1.0,0.0
0.2,32,4,cambria.ttc,999NG7,15,15,0.17,7.155418,0.919759,1.349142,,1.0,0.0
0.3,32,4,cambria.ttc,999NG7,15,15,0.255,8.763561,0.881116,1.10157,,1.0,0.0
0.4,32,4,cambria.ttc,999NG7,15,15,0.34,10.119289,0.843436,0.953987,,1.0,0.0
0.5,32,4,cambria.ttc,999NG7,15,15,0.425,11.313708,0.8067,0.853272,,1.0,0.0
0.6,32,4,cambria.ttc,999NG7,15,15,0.51,12.393547,0.770893,0.778927,,1.0,0.0
0.7,32,4,cambria.ttc,999NG7,15,15,0.595,13.38656,0.735998,0.721147,,1.0,0.0
0.8,32,4,cambria.ttc,999NG7,15,15,0.68,14.310835,0.701998,0.674571,,1.0,0.0
0.9,32,4,cambria.ttc,999NG7,15,15,0.765,15.178933,0.668877,0.635992,,1.0,0.0
1.0,32,4,cambria.ttc,999NG7,15,15,0.85,16.0,0.63662,0.603355,,1.0,0.0
0.1,128,4,cambria.ttc,999NG7,15,15,0.085,5.059644,0.959381,1.907975,,1.0,0.0
0.2,128,4,cambria.ttc,999NG7,15,15,0.17,7.155418,0.919759,1.349142,,1.0,0.0
0.3,128,4,cambria.ttc,999NG7,15,15,0.255,8.763561,0.881116,1.10157,,1.0,0.0
0.4,128,4,cambria.ttc,999NG7,15,15,0.34,10.119289,0.843436,0.953987,8,1.0,0.0
0.5,128,4,cambria.ttc,999NG7,15,15,0.425,11.313708,0.8067,0.853272,,1.0,0.0
0.6,128,4,cambria.ttc,999NG7,15,15,0.51,12.393547,0.770893,0.778927,MG,0.833333,0.166667
0.7,128,4,cambria.ttc,999NG7,15,15,0.595,13.38656,0.735998,0.721147,,1.0,0.0
0.8,128,4,cambria.ttc,999NG7,15,15,0.68,14.310835,0.701998,0.674571,ONG,0.666667,0.333333
0.9,128,4,cambria.ttc,999NG7,15,15,0.765,15.178933,0.668877,0.635992,VNGT,0.666667,0.333333
1.0,128,4,cambria.ttc,999NG7,15,15,0.85,16.0,0.63662,0.603355,,1.0,0.0
0.1,512,4,cambria.ttc,999NG7,15,15,0.085,5.059644,0.959381,1.907975,SR,1.0,0.0
0.2,512,4,cambria.ttc,999NG7,15,15,0.17,7.155418,0.919759,1.349142,,1.0,0.0
0.3,512,4,cambria.ttc,999NG7,15,15,0.255,8.763561,0.881116,1.10157,WK,1.0,0.0
0.4,512,4,cambria.ttc,999NG7,15,15,0.34,10.119289,0.843436,0.953987,URL,1.0,0.0
0.5,512,4,cambria.ttc,999NG7,15,15,0.425,11.313708,0.8067,0.853272,WINLT,0.833333,0.166667
0.6,512,4,cambria.ttc,999NG7,15,15,0.51,12.393547,0.770893,0.778927,NT,0.833333,0.166667
0.7,512,4,cambria.ttc,999NG7,15,15,0.595,13.38656,0.735998,0.721147,NLT,0.833333,0.166667
0.8,512,4,cambria.ttc,999NG7,15,15,0.68,14.310835,0.701998,0.674571,FING,0.666667,0.333333
0.9,512,4,cambria.ttc,999NG7,15,15,0.765,15.178933,0.668877,0.635992,FPNGT,0.666667,0.333333
1.0,512,4,cambria.ttc,999NG7,15,15,0.85,16.0,0.63662,0.603355,RUNG,0.666667,0.333333
0.1,2048,4,cambria.ttc,999NG7,15,15,0.085,5.059644,0.959381,1.907975,WR,1.0,0.0
0.2,2048,4,cambria.ttc,999NG7,15,15,0.17,7.155418,0.919759,1.349142,KT,1.0,0.0
0.3,2048,4,cambria.ttc,999NG7,15,15,0.255,8.763561,0.881116,1.10157,WUIKLT,1.0,0.0
0.4,2048,4,cambria.ttc,999NG7,15,15,0.34,10.119289,0.843436,0.953987,VAIKLT,1.0,0.0
0.5,2048,4,cambria.ttc,999NG7,15,15,0.425,11.313708,0.8067,0.853272,WIIKLT,1.0,0.0
0.6,2048,4,cambria.ttc,999NG7,15,15,0.51,12.393547,0.770893,0.778927,IK,1.0,0.0
0.7,2048,4,cambria.ttc,999NG7,15,15,0.595,13.38656,0.735998,0.721147,PING,0.666667,0.333333
0.8,2048,4,cambria.ttc,999NG7,15,15,0.68,14.310835,0.701998,0.674571,NLT,0.833333,0.166667
0.9,2048,4,cambria.ttc,999NG7,15,15,0.765,15.178933,0.668877,0.635992,FNL,0.833333,0.166667
1.0,2048,4,cambria.ttc,999NG7,15,15,0.85,16.0,0.63662,0.603355,PNG,0.666667,0.333333
0.1,8,4,cambria.ttc,DJELTE,0,0,0.085,5.059644,0.959381,1.907975,,1.0,0.0
0.2,8,4,cambria.ttc,DJELTE,0,0,0.17,7.155418,0.919759,1.349142,,1.0,0.0
0.3,8,4,cambria.ttc,DJELTE,0,0,0.255,8.763561,0.881116,1.10157,,1.0,0.0
0.4,8,4,cambria.ttc,DJELTE,0,0,0.34,10.119289,0.843436,0.953987,,1.0,0.0
0.5,8,4,cambria.ttc,DJELTE,0,0,0.425,11.313708,0.8067,0.853272,,1.0,0.0
0.6,8,4,cambria.ttc,DJELTE,0,0,0.51,12.393547,0.770893,0.778927,,1.0,0.0
0.7,8,4,cambria.ttc,DJELTE,0,0,0.595,13.38656,0.735998,0.721147,,1.0,0.0
0.8,8,4,cambria.ttc,DJELTE,0,0,0.68,14.310835,0.701998,0.674571,,1.0,0.0
0.9,8,4,cambria.ttc,DJELTE,0,0,0.765,15.178933,0.668877,0.635992,,1.0,0.0
1.0,8,4,cambria.ttc,DJELTE,0,0,0.85,16.0,0.63662,0.603355,,1.0,0.0
0.1,32,4,cambria.ttc,DJELTE,0,0,0.085,5.059644,0.959381,1.907975,,1.0,0.0
0.2,32,4,cambria.ttc,DJELTE,0,0,0.17,7.155418,0.919759,1.349142,,1.0,0.0
0.3,32,4,cambria.ttc,DJELTE,0,0,0.255,8.763561,0.881116,1.10157,,1.0,0.0
0.4,32,4,cambria.ttc,DJELTE,0,0,0.34,10.119289,0.843436,0.953987,,1.0,0.0
0.5,32,4,cambria.ttc,DJELTE,0,0,0.425,11.313708,0.8067,0.853272,,1.0,0.0
0.6,32,4,cambria.ttc,DJELTE,0,0,0.51,12.393547,0.770893,0.778927,,1.0,0.0
0.7,32,4,cambria.ttc,DJELTE,0,0,0.595,13.38656,0.735998,0.721147,,1.0,0.0
0.8,32,4,cambria.ttc,DJELTE,0,0,0.68,14.310835,0.701998,0.674571,,1.0,0.0
0.9,32,4,cambria.ttc,DJELTE,0,0,0.765,15.178933,0.668877,0.635992,,1.0,0.0
1.0,32,4,cambria.ttc,DJELTE,0,0,0.85,16.0,0.63662,0.603355,,1.0,0.0
0.1,128,4,cambria.ttc,DJELTE,0,0,0.085,5.059644,0.959381,1.907975,,1.0,0.0
0.2,128,4,cambria.ttc,DJELTE,0,0,0.17,7.155418,0.919759,1.349142,,1.0,0.0
0.3,128,4,cambria.ttc,DJELTE,0,0,0.255,8.763561,0.881116,1.10157,,1.0,0.0
0.4,128,4,cambria.ttc,DJELTE,0,0,0.34,10.119289,0.843436,0.953987,,1.0,0.0
0.5,128,4,cambria.ttc,DJELTE,0,0,0.425,11.313708,0.8067,0.853272,,1.0,0.0
0.6,128,4,cambria.ttc,DJELTE,0,0,0.51,12.393547,0.770893,0.778927,,1.0,0.0
0.7,128,4,cambria.ttc,DJELTE,0,0,0.595,13.38656,0.735998,0.721147,,1.0,0.0
0.8,128,4,cambria.ttc,DJELTE,0,0,0.68,14.310835,0.701998,0.674571,RT,0.833333,0.166667
0.9,128,4,cambria.ttc,DJELTE,0,0,0.765,15.178933,0.668877,0.635992,,1.0,0.0
1.0,128,4,cambria.ttc,DJELTE,0,0,0.85,16.0,0.63662,0.603355,N,1.0,0.0
0.1,512,4,cambria.ttc,DJELTE,0,0,0.085,5.059644,0.959381,1.907975,,1.0,0.0
0.2,512,4,cambria.ttc,DJELTE,0,0,0.17,7.155418,0.919759,1.349142,,1.0,0.0
0.3,512,4,cambria.ttc,DJELTE,0,0,0.255,8.763561,0.881116,1.10157,,1.0,0.0
0.4,512,4,cambria.ttc,DJELTE,0,0,0.34,10.119289,0.843436,0.953987,1T,0.833333,0.166667
0.5,512,4,cambria.ttc,DJELTE,0,0,0.425,11.313708,0.8067,0.853272,1,1.0,0.0
0.6,512,4,cambria.ttc,DJELTE,0,0,0.51,12.393547,0.770893,0.778927,,1.0,0.0
0.7,512,4,cambria.ttc,DJELTE,0,0,0.595,13.38656,0.735998,0.721147,TE,0.666667,0.333333
0.8,512,4,cambria.ttc,DJELTE,0,0,0.68,14.310835,0.701998,0.674571,E,0.833333,0.166667
0.9,512,4,cambria.ttc,DJELTE,0,0,0.765,15.178933,0.668877,0.635992,,1.0,0.0
1.0,512,4,cambria.ttc,DJELTE,0,0,0.85,16.0,0.63662,0.603355,,1.0,0.0
0.1,2048,4,cambria.ttc,DJELTE,0,0,0.085,5.059644,0.959381,1.907975,,1.0,0.0
0.2,2048,4,cambria.ttc,DJELTE,0,0,0.17,7.155418,0.919759,1.349142,TT,0.833333,0.166667
0.3,2048,4,cambria.ttc,DJELTE,0,0,0.255,8.763561,0.881116,1.10157,T,0.833333,0.166667
0.4,2048,4,cambria.ttc,DJELTE,0,0,0.34,10.119289,0.843436,0.953987,147,1.0,0.0
0.5,2048,4,cambria.ttc,DJELTE,0,0,0.425,11.313708,0.8067,0.853272,7,1.0,0.0
0.6,2048,4,cambria.ttc,DJELTE,0,0,0.51,12.393547,0.770893,0.778927,K,1.0,0.0
0.7,2048,4,cambria.ttc,DJELTE,0,0,0.595,13.38656,0.735998,0.721147,K,1.0,0.0
0.8,2048,4,cambria.ttc,DJELTE,0,0,0.68,14.310835,0.701998,0.674571,T,0.833333,0.166667
0.9,2048,4,cambria.ttc,DJELTE,0,0,0.765,15.178933,0.668877,0.635992,K,1.0,0.0
1.0,2048,4,cambria.ttc,DJELTE,0,0,0.85,16.0,0.63662,0.603355,,1.0,0.0
0.1,8,4,cambria.ttc,DJELTE,0,15,0.085,5.059644,0.959381,1.907975,,1.0,0.0
0.2,8,4,cambria.ttc,DJELTE,0,15,0.17,7.155418,0.919759,1.349142,,1.0,0.0
0.3,8,4,cambria.ttc,DJELTE,0,15,0.255,8.763561,0.881116,1.10157,,1.0,0.0
0.4,8,4,cambria.ttc,DJELTE,0,15,0.34,10.119289,0.843436,0.953987,,1.0,0.0
0.5,8,4,cambria.ttc,DJELTE,0,15,0.425,11.313708,0.8067,0.853272,,1.0,0.0
0.6,8,4,cambria.ttc,DJELTE,0,15,0.51,12.393547,0.770893,0.778927,,1.0,0.0
0.7,8,4,cambria.ttc,DJELTE,0,15,0.595,13.38656,0.735998,0.721147,,1.0,0.0
0.8,8,4,cambria.ttc,DJELTE,0,15,0.68,14.310835,0.701998,0.674571,,1.0,0.0
0.9,8,4,cambria.ttc,DJELTE,0,15,0.765,15.178933,0.668877,0.635992,,1.0,0.0
1.0,8,4,cambria.ttc,DJELTE,0,15,0.85,16.0,0.63662,0.603355,,1.0,0.0
0.1,32,4,cambria.ttc,DJELTE,0,15,0.085,5.059644,0.959381,1.907975,,1.0,0.0
0.2,32,4,cambria.ttc,DJELTE,0,15,0.17,7.155418,0.919759,1.349142,,1.0,0.0
0.3,32,4,cambria.ttc,DJELTE,0,15,0.255,8.763561,0.881116,1.10157,,1.0,0.0
0.4,32,4,cambria.ttc,DJELTE,0,15,0.34,10.119289,0.843436,0.953987,,1.0,0.0
0.5,32,4,cambria.ttc,DJELTE,0,15,0.425,11.313708,0.8067,0.853272,,1.0,0.0
0.6,32,4,cambria.ttc,DJELTE,0,15,0.51,12.393547,0.770893,0.778927,,1.0,0.0
0.7,32,4,cambria.ttc,DJELTE,0,15,0.595,13.38656,0.735998,0.721147,,1.0,0.0
0.8,32,4,cambria.ttc,DJELTE,0,15,0.68,14.310835,0.701998,0.674571,,1.0,0.0
0.9,32,4,cambria.ttc,DJELTE,0,15,0.765,15.178933,0.668877,0.635992,,1.0,0.0
1.0,32,4,cambria.ttc,DJELTE,0,15,0.85,16.0,0.63662,0.603355,,1.0,0.0
0.1,128,4,cambria.ttc,DJELTE,0,15,0.085,5.059644,0.959381,1.907975,,1.0,0.0
0.2,128,4,cambria.ttc,DJELTE,0,15,0.17,7.155418,0.919759,1.349142,,1.0,0.0
0.3,128,4,cambria.ttc,DJELTE,0,15,0.255,8.763561,0.881116,1.10157,,1.0,0.0
0.4,128,4,cambria.ttc,DJELTE,0,15,0.34,10.119289,0.843436,0.953987,,1.0,0.0
0.5,128,4,cambria.ttc,DJELTE,0,15,0.425,11.313708,0.8067,0.853272,,1.0,0.0
0.6,128,4,cambria.ttc,DJELTE,0,15,0.51,12.393547,0.770893,0.778927,,1.0,0.0
0.7,128,4,cambria.ttc,DJELTE,0,15,0.595,13.38656,0.735998,0.721147,,1.0,0.0
0.8,128,4,cambria.ttc,DJELTE,0,15,0.68,14.310835,0.701998,0.674571,,1.0,0.0
0.9,128,4,cambria.ttc,DJELTE,0,15,0.765,15.178933,0.668877,0.635992,,1.0,0.0
1.0,128,4,cambria.ttc,DJELTE,0,15,0.85,16.0,0.63662,0.603355,,1.0,0.0
0.1,512,4,cambria.ttc,DJELTE,0,15,0.085,5.059644,0.959381,1.907975,,1.0,0.0
0.2,512,4,cambria.ttc,DJELTE,0,15,0.17,7.155418,0.919759,1.349142,K,1.0,0.0
0.3,512,4,cambria.ttc,DJELTE,0,15,0.255,8.763561,0.881116,1.10157,T,0.833333,0.166667
0.4,512,4,cambria.ttc,DJELTE,0,15,0.34,10.119289,0.843436,0.953987,1KT,0.833333,0.166667
0.5,512,4,cambria.ttc,DJELTE,0,15,0.425,11.313708,0.8067,0.853272,7,1.0,0.0
0.6,512,4,cambria.ttc,DJELTE,0,15,0.51,12.393547,0.770893,0.778927,,1.0,0.0
0.7,512,4,cambria.ttc,DJELTE,0,15,0.595,13.38656,0.735998,0.721147,K,1.0,0.0
0.8,512,4,cambria.ttc,DJELTE,0,15,0.68,14.310835,0.701998,0.674571,Y,1.0,0.0
0.9,512,4,cambria.ttc,DJELTE,0,15,0.765,15.178933,0.668877,0.635992,,1.0,0.0
1.0,512,4,cambria.ttc,DJELTE,0,15,0.85,16.0,0.63662,0.603355,,1.0,0.0
0.1,2048,4,cambria.ttc,DJELTE,0,15,0.085,5.059644,0.959381,1.907975,1,1.0,0.0
0.2,2048,4,cambria.ttc,DJELTE,0,15,0.17,7.155418,0.919759,1.349142,7H,1.0,0.0
0.3,2048,4,cambria.ttc,DJELTE,0,15,0.255,8.763561,0.881116,1.10157,17K,1.0,0.0
0.4,2048,4,cambria.ttc,DJELTE,0,15,0.34,10.119289,0.843436,0.953987,,1.0,0.0
0.5,2048,4,cambria.ttc,DJELTE,0,15,0.425,11.313708,0.8067,0.853272,7K,1.0,0.0
0.6,2048,4,cambria.ttc,DJELTE,0,15,0.51,12.393547,0.770893,0.778927,TT,0.833333,0.166667
0.7,2048,4,cambria.ttc,DJELTE,0,15,0.595,13.38656,0.735998,0.721147,K,1.0,0.0
0.8,2048,4,cambria.ttc,DJELTE,0,15,0.68,14.310835,0.701998,0.674571,1K,1.0,0.0
0.9,2048,4,cambria.ttc,DJELTE,0,15,0.765,15.178933,0.668877,0.635992,M,1.0,0.0
1.0,2048,4,cambria.ttc,DJELTE,0,15,0.85,16.0,0.63662,0.603355,,1.0,0.0
0.1,8,4,cambria.ttc,DJELTE,15,0,0.085,5.059644,0.959381,1.907975,,1.0,0.0
0.2,8,4,cambria.ttc,DJELTE,15,0,0.17,7.155418,0.919759,1.349142,,1.0,0.0
0.3,8,4,cambria.ttc,DJELTE,15,0,0.255,8.763561,0.881116,1.10157,,1.0,0.0
0.4,8,4,cambria.ttc,DJELTE,15,0,0.34,10.119289,0.843436,0.953987,,1.0,0.0
0.5,8,4,cambria.ttc,DJELTE,15,0,0.425,11.313708,0.8067,0.853272,,1.0,0.0
0.6,8,4,cambria.ttc,DJELTE,15,0,0.51,12.393547,0.770893,0.778927,,1.0,0.0
0.7,8,4,cambria.ttc,DJELTE,15,0,0.595,13.38656,0.735998,0.721147,,1.0,0.0
0.8,8,4,cambria.ttc,DJELTE,15,0,0.68,14.310835,0.701998,0.674571,,1.0,0.0
0.9,8,4,cambria.ttc,DJELTE,15,0,0.765,15.178933,0.668877,0.635992,,1.0,0.0
1.0,8,4,cambria.ttc,DJELTE,15,0,0.85,16.0,0.63662,0.603355,,1.0,0.0
0.1,32,4,cambria.ttc,DJELTE,15,0,0.085,5.059644,0.959381,1.907975,,1.0,0.0
0.2,32,4,cambria.ttc,DJELTE,15,0,0.17,7.155418,0.919759,1.349142,,1.0,0.0
0.3,32,4,cambria.ttc,DJELTE,15,0,0.255,8.763561,0.881116,1.10157,,1.0,0.0
0.4,32,4,cambria.ttc,DJELTE,15,0,0.34,10.119289,0.843436,0.953987,,1.0,0.0
0.5,32,4,cambria.ttc,DJELTE,15,0,0.425,11.313708,0.8067,0.853272,,1.0,0.0
0.6,32,4,cambria.ttc,DJELTE,15,0,0.51,12.393547,0.770893,0.778927,,1.0,0.0
0.7,32,4,cambria.ttc,DJELTE,15,0,0.595,13.38656,0.735998,0.721147,,1.0,0.0
0.8,32,4,cambria.ttc,DJELTE,15,0,0.68,14.310835,0.701998,0.674571,,1.0,0.0
0.9,32,4,cambria.ttc,DJELTE,15,0,0.765,15.178933,0.668877,0.635992,,1.0,0.0
1.0,32,4,cambria.ttc,DJELTE,15,0,0.85,16.0,0.63662,0.603355,,1.0,0.0
0.1,128,4,cambria.ttc,DJELTE,15,0,0.085,5.059644,0.959381,1.907975,,1.0,0.0
0.2,128,4,cambria.ttc,DJELTE,15,0,0.17,7.155418,0.919759,1.349142,,1.0,0.0
0.3,128,4,cambria.ttc,DJELTE,15,0,0.255,8.763561,0.881116,1.10157,,1.0,0.0
0.4,128,4,cambria.ttc,DJELTE,15,0,0.34,10.119289,0.843436,0.953987,,1.0,0.0
0.5,128,4,cambria.ttc,DJELTE,15,0,0.425,11.313708,0.8067,0.853272,,1.0,0.0
0.6,128,4,cambria.ttc,DJELTE,15,0,0.51,12.393547,0.770893,0.778927,,1.0,0.0
0.7,128,4,cambria.ttc,DJELTE,15,0,0.595,13.38656,0.735998,0.721147,,1.0,0.0
0.8,128,4,cambria.ttc,DJELTE,15,0,0.68,14.310835,0.701998,0.674571,,1.0,0.0
0.9,128,4,cambria.ttc,DJELTE,15,0,0.765,15.178933,0.668877,0.635992,,1.0,0.0
1.0,128,4,cambria.ttc,DJELTE,15,0,0.85,16.0,0.63662,0.603355,L,0.833333,0.166667
0.1,512,4,cambria.ttc,DJELTE,15,0,0.085,5.059644,0.959381,1.907975,,1.0,0.0
0.2,512,4,cambria.ttc,DJELTE,15,0,0.17,7.155418,0.919759,1.349142,TG,0.833333,0.166667
0.3,512,4,cambria.ttc,DJELTE,15,0,0.255,8.763561,0.881116,1.10157,1T,0.833333,0.166667
0.4,512,4,cambria.ttc,DJELTE,15,0,0.34,10.119289,0.843436,0.953987,1407,1.0,0.0
0.5,512,4,cambria.ttc,DJELTE,15,0,0.425,11.313708,0.8067,0.853272,K,1.0,0.0
0.6,512,4,cambria.ttc,DJELTE,15,0,0.51,12.393547,0.770893,0.778927,1T,0.833333,0.166667
0.7,512,4,cambria.ttc,DJELTE,15,0,0.595,13.38656,0.735998,0.721147,,1.0,0.0
0.8,512,4,cambria.ttc,DJELTE,15,0,0.68,14.310835,0.701998,0.674571,EK,0.833333,0.166667
0.9,512,4,cambria.ttc,DJELTE,15,0,0.765,15.178933,0.668877,0.635992,M,1.0,0.0
1.0,512,4,cambria.ttc,DJELTE,15,0,0.85,16.0,0.63662,0.603355,,1.0,0.0
0.1,2048,4,cambria.ttc,DJELTE,15,0,0.085,5.059644,0.959381,1.907975,4,1.0,0.0
0.2,2048,4,cambria.ttc,DJELTE,15,0,0.17,7.155418,0.919759,1.349142,1T,0.833333,0.166667
0.3,2048,4,cambria.ttc,DJELTE,15,0,0.255,8.763561,0.881116,1.10157,14T,0.833333,0.166667
0.4,2048,4,cambria.ttc,DJELTE,15,0,0.34,10.119289,0.843436,0.953987,M,1.0,0.0
0.5,2048,4,cambria.ttc,DJELTE,15,0,0.425,11.313708,0.8067,0.853272,147,1.0,0.0
0.6,2048,4,cambria.ttc,DJELTE,15,0,0.51,12.393547,0.770893,0.778927,M,1.0,0.0
0.7,2048,4,cambria.ttc,DJELTE,15,0,0.595,13.38656,0.735998,0.721147,,1.0,0.0
0.8,2048,4,cambria.ttc,DJELTE,15,0,0.68,14.310835,0.701998,0.674571,K,1.0,0.0
0.9,2048,4,cambria.ttc,DJELTE,15,0,0.765,15.178933,0.668877,0.635992,T,0.833333,0.166667
1.0,2048,4,cambria.ttc,DJELTE,15,0,0.85,16.0,0.63662,0.603355,,1.0,0.0
0.1,8,4,cambria.ttc,DJELTE,15,15,0.085,5.059644,0.959381,1.907975,,1.0,0.0
0.2,8,4,cambria.ttc,DJELTE,15,15,0.17,7.155418,0.919759,1.349142,,1.0,0.0
0.3,8,4,cambria.ttc,DJELTE,15,15,0.255,8.763561,0.881116,1.10157,T,0.833333,0.166667
0.4,8,4,cambria.ttc,DJELTE,15,15,0.34,10.119289,0.843436,0.953987,,1.0,0.0
0.5,8,4,cambria.ttc,DJELTE,15,15,0.425,11.313708,0.8067,0.853272,LR,0.833333,0.166667
0.6,8,4,cambria.ttc,DJELTE,15,15,0.51,12.393547,0.770893,0.778927,,1.0,0.0
0.7,8,4,cambria.ttc,DJELTE,15,15,0.595,13.38656,0.735998,0.721147,H,1.0,0.0
0.8,8,4,cambria.ttc,DJELTE,15,15,0.68,14.310835,0.701998,0.674571,S,1.0,0.0
0.9,8,4,cambria.ttc,DJELTE,15,15,0.765,15.178933,0.668877,0.635992,,1.0,0.0
1.0,8,4,cambria.ttc,DJELTE,15,15,0.85,16.0,0.63662,0.603355,,1.0,0.0
0.1,32,4,cambria.ttc,DJELTE,15,15,0.085,5.059644,0.959381,1.907975,,1.0,0.0
0.2,32,4,cambria.ttc,DJELTE,15,15,0.17,7.155418,0.919759,1.349142,,1.0,0.0
0.3,32,4,cambria.ttc,DJELTE,15,15,0.255,8.763561,0.881116,1.10157,,1.0,0.0
0.4,32,4,cambria.ttc,DJELTE,15,15,0.34,10.119289,0.843436,0.953987,,1.0,0.0
0.5,32,4,cambria.ttc,DJELTE,15,15,0.425,11.313708,0.8067,0.853272,,1.0,0.0
0.6,32,4,cambria.ttc,DJELTE,15,15,0.51,12.393547,0.770893,0.778927,,1.0,0.0
0.7,32,4,cambria.ttc,DJELTE,15,15,0.595,13.38656,0.735998,0.721147,,1.0,0.0
0.8,32,4,cambria.ttc,DJELTE,15,15,0.68,14.310835,0.701998,0.674571,,1.0,0.0
0.9,32,4,cambria.ttc,DJELTE,15,15,0.765,15.178933,0.668877,0.635992,,1.0,0.0
1.0,32,4,cambria.ttc,DJELTE,15,15,0.85,16.0,0.63662,0.603355,,1.0,0.0
0.1,128,4,cambria.ttc,DJELTE,15,15,0.085,5.059644,0.959381,1.907975,,1.0,0.0
0.2,128,4,cambria.ttc,DJELTE,15,15,0.17,7.155418,0.919759,1.349142,,1.0,0.0
0.3,128,4,cambria.ttc,DJELTE,15,15,0.255,8.763561,0.881116,1.10157,,1.0,0.0
0.4,128,4,cambria.ttc,DJELTE,15,15,0.34,10.119289,0.843436,0.953987,,1.0,0.0
0.5,128,4,cambria.ttc,DJELTE,15,15,0.425,11.313708,0.8067,0.853272,,1.0,0.0
0.6,128,4,cambria.ttc,DJELTE,15,15,0.51,12.393547,0.770893,0.778927,,1.0,0.0
0.7,128,4,cambria.ttc,DJELTE,15,15,0.595,13.38656,0.735998,0.721147,,1.0,0.0
0.8,128,4,cambria.ttc,DJELTE,15,15,0.68,14.310835,0.701998,0.674571,,1.0,0.0
0.9,128,4,cambria.ttc,DJELTE,15,15,0.765,15.178933,0.668877,0.635992,,1.0,0.0
1.0,128,4,cambria.ttc,DJELTE,15,15,0.85,16.0,0.63662,0.603355,,1.0,0.0
0.1,512,4,cambria.ttc,DJELTE,15,15,0.085,5.059644,0.959381,1.907975,,1.0,0.0
0.2,512,4,cambria.ttc,DJELTE,15,15,0.17,7.155418,0.919759,1.349142,13,1.0,0.0
0.3,512,4,cambria.ttc,DJELTE,15,15,0.255,8.763561,0.881116,1.10157,7,1.0,0.0
0.4,512,4,cambria.ttc,DJELTE,15,15,0.34,10.119289,0.843436,0.953987,47,1.0,0.0
0.5,512,4,cambria.ttc,DJELTE,15,15,0.425,11.313708,0.8067,0.853272,K,1.0,0.0
0.6,512,4,cambria.ttc,DJELTE,15,15,0.51,12.393547,0.770893,0.778927,,1.0,0.0
0.7,512,4,cambria.ttc,DJELTE,15,15,0.595,13.38656,0.735998,0.721147,,1.0,0.0
0.8,512,4,cambria.ttc,DJELTE,15,15,0.68,14.310835,0.701998,0.674571,E,0.833333,0.166667
0.9,512,4,cambria.ttc,DJELTE,15,15,0.765,15.178933,0.668877,0.635992,K,1.0,0.0
1.0,512,4,cambria.ttc,DJELTE,15,15,0.85,16.0,0.63662,0.603355,,1.0,0.0
0.1,2048,4,cambria.ttc,DJELTE,15,15,0.085,5.059644,0.959381,1.907975,47,1.0,0.0
0.2,2048,4,cambria.ttc,DJELTE,15,15,0.17,7.155418,0.919759,1.349142,147,1.0,0.0
0.3,2048,4,cambria.ttc,DJELTE,15,15,0.255,8.763561,0.881116,1.10157,7,1.0,0.0
0.4,2048,4,cambria.ttc,DJELTE,15,15,0.34,10.119289,0.843436,0.953987,7K,1.0,0.0
0.5,2048,4,cambria.ttc,DJELTE,15,15,0.425,11.313708,0.8067,0.853272,K,1.0,0.0
0.6,2048,4,cambria.ttc,DJELTE,15,15,0.51,12.393547,0.770893,0.778927,147,1.0,0.0
0.7,2048,4,cambria.ttc,DJELTE,15,15,0.595,13.38656,0.735998,0.721147,TL,0.833333,0.166667
0.8,2048,4,cambria.ttc,DJELTE,15,15,0.68,14.310835,0.701998,0.674571,MK,1.0,0.0
0.9,2048,4,cambria.ttc,DJELTE,15,15,0.765,15.178933,0.668877,0.635992,K,1.0,0.0
1.0,2048,4,cambria.ttc,DJELTE,15,15,0.85,16.0,0.63662,0.603355,,1.0,0.0
0.1,8,6,arial.ttf,999NG7,0,0,0.085,5.059644,0.959381,1.907975,,1.0,0.0
0.2,8,6,arial.ttf,999NG7,0,0,0.17,7.155418,0.919759,1.349142,,1.0,0.0
0.3,8,6,arial.ttf,999NG7,0,0,0.255,8.763561,0.881116,1.10157,,1.0,0.0
0.4,8,6,arial.ttf,999NG7,0,0,0.34,10.119289,0.843436,0.953987,,1.0,0.0
0.5,8,6,arial.ttf,999NG7,0,0,0.425,11.313708,0.8067,0.853272,,1.0,0.0
0.6,8,6,arial.ttf,999NG7,0,0,0.51,12.393547,0.770893,0.778927,,1.0,0.0
0.7,8,6,arial.ttf,999NG7,0,0,0.595,13.38656,0.735998,0.721147,F,1.0,0.0
0.8,8,6,arial.ttf,999NG7,0,0,0.68,14.310835,0.701998,0.674571,,1.0,0.0
0.9,8,6,arial.ttf,999NG7,0,0,0.765,15.178933,0.668877,0.635992,323,1.0,0.0
1.0,8,6,arial.ttf,999NG7,0,0,0.85,16.0,0.63662,0.603355,SRONCT,0.833333,0.166667
0.1,32,6,arial.ttf,999NG7,0,0,0.085,5.059644,0.959381,1.907975,4C,1.0,0.0
0.2,32,6,arial.ttf,999NG7,0,0,0.17,7.155418,0.919759,1.349142,,1.0,0.0
0.3,32,6,arial.ttf,999NG7,0,0,0.255,8.763561,0.881116,1.10157,S,1.0,0.0
0.4,32,6,arial.ttf,999NG7,0,0,0.34,10.119289,0.843436,0.953987,,1.0,0.0
0.5,32,6,arial.ttf,999NG7,0,0,0.425,11.313708,0.8067,0.853272,,1.0,0.0
0.6,32,6,arial.ttf,999NG7,0,0,0.51,12.393547,0.770893,0.778927,,1.0,0.0
0.7,32,6,arial.ttf,999NG7,0,0,0.595,13.38656,0.735998,0.721147,,1.0,0.0
0.8,32,6,arial.ttf,999NG7,0,0,0.68,14.310835,0.701998,0.674571,,1.0,0.0
0.9,32,6,arial.ttf,999NG7,0,0,0.765,15.178933,0.668877,0.635992,,1.0,0.0
1.0,32,6,arial.ttf,999NG7,0,0,0.85,16.0,0.63662,0.603355,SDONKST,1.0,0.0
0.1,128,6,arial.ttf,999NG7,0,0,0.085,5.059644,0.959381,1.907975,,1.0,0.0
0.2,128,6,arial.ttf,999NG7,0,0,0.17,7.155418,0.919759,1.349142,,1.0,0.0
0.3,128,6,arial.ttf,999NG7,0,0,0.255,8.763561,0.881116,1.10157,OOSNG7,0.5,0.5
0.4,128,6,arial.ttf,999NG7,0,0,0.34,10.119289,0.843436,0.953987,IGING7,0.5,0.5
0.5,128,6,arial.ttf,999NG7,0,0,0.425,11.313708,0.8067,0.853272,SSING7,0.5,0.5
0.6,128,6,arial.ttf,999NG7,0,0,0.51,12.393547,0.770893,0.778927,S99NG7,0.166667,0.833333
0.7,128,6,arial.ttf,999NG7,0,0,0.595,13.38656,0.735998,0.721147,SONG7,0.5,0.5
0.8,128,6,arial.ttf,999NG7,0,0,0.68,14.310835,0.701998,0.674571,960NG7,0.333333,0.666667
0.9,128,6,arial.ttf,999NG7,0,0,0.765,15.178933,0.668877,0.635992,S99NG7,0.166667,0.833333
1.0,128,6,arial.ttf,999NG7,0,0,0.85,16.0,0.63662,0.603355,SS9NG7,0.333333,0.666667
0.1,512,6,arial.ttf,999NG7,0,0,0.085,5.059644,0.959381,1.907975,QE9NGF,0.5,0.5
0.2,512,6,arial.ttf,999NG7,0,0,0.17,7.155418,0.919759,1.349142,S93NG7,0.333333,0.666667
0.3,512,6,arial.ttf,999NG7,0,0,0.255,8.763561,0.881116,1.10157,SS3NG7,0.5,0.5
0.4,512,6,arial.ttf,999NG7,0,0,0.34,10.119289,0.843436,0.953987,393NG7,0.333333,0.666667
0.5,512,6,arial.ttf,999NG7,0,0,0.425,11.313708,0.8067,0.853272,SS9NG7,0.333333,0.666667
0.6,512,6,arial.ttf,999NG7,0,0,0.51,12.393547,0.770893,0.778927,SS9NG7,0.333333,0.666667
0.7,512,6,arial.ttf,999NG7,0,0,0.595,13.38656,0.735998,0.721147,SS9NG7,0.333333,0.666667
0.8,512,6,arial.ttf,999NG7,0,0,0.68,14.310835,0.701998,0.674571,9S9NG7,0.166667,0.833333
0.9,512,6,arial.ttf,999NG7,0,0,0.765,15.178933,0.668877,0.635992,IS9NG7,0.333333,0.666667
1.0,512,6,arial.ttf,999NG7,0,0,0.85,16.0,0.63662,0.603355,IS9NG7,0.333333,0.666667
0.1,2048,6,arial.ttf,999NG7,0,0,0.085,5.059644,0.959381,1.907975,393NCF7,0.666667,0.333333
0.2,2048,6,arial.ttf,999NG7,0,0,0.17,7.155418,0.919759,1.349142,S83NG7,0.5,0.5
0.3,2048,6,arial.ttf,999NG7,0,0,0.255,8.763561,0.881116,1.10157,SO3NG7,0.5,0.5
0.4,2048,6,arial.ttf,999NG7,0,0,0.34,10.119289,0.843436,0.953987,SS9NG7,0.333333,0.666667
0.5,2048,6,arial.ttf,999NG7,0,0,0.425,11.313708,0.8067,0.853272,SS9NG7,0.333333,0.666667
0.6,2048,6,arial.ttf,999NG7,0,0,0.51,12.393547,0.770893,0.778927,SS9NG7,0.333333,0.666667
0.7,2048,6,arial.ttf,999NG7,0,0,0.595,13.38656,0.735998,0.721147,SS9NG7,0.333333,0.666667
0.8,2048,6,arial.ttf,999NG7,0,0,0.68,14.310835,0.701998,0.674571,IS9NG7,0.333333,0.666667
0.9,2048,6,arial.ttf,999NG7,0,0,0.765,15.178933,0.668877,0.635992,9S9NG7,0.166667,0.833333
1.0,2048,6,arial.ttf,999NG7,0,0,0.85,16.0,0.63662,0.603355,9S9NG7,0.166667,0.833333
0.1,8,6,arial.ttf,999NG7,0,15,0.085,5.059644,0.959381,1.907975,ARAGEEB,1.166667,-0.166667
0.2,8,6,arial.ttf,999NG7,0,15,0.17,7.155418,0.919759,1.349142,,1.0,0.0
0.3,8,6,arial.ttf,999NG7,0,15,0.255,8.763561,0.881116,1.10157,35,1.0,0.0
0.4,8,6,arial.ttf,999NG7,0,15,0.34,10.119289,0.843436,0.953987,,1.0,0.0
0.5,8,6,arial.ttf,999NG7,0,15,0.425,11.313708,0.8067,0.853272,,1.0,0.0
0.6,8,6,arial.ttf,999NG7,0,15,0.51,12.393547,0.770893,0.778927,,1.0,0.0
0.7,8,6,arial.ttf,999NG7,0,15,0.595,13.38656,0.735998,0.721147,,1.0,0.0
0.8,8,6,arial.ttf,999NG7,0,15,0.68,14.310835,0.701998,0.674571,,1.0,0.0
0.9,8,6,arial.ttf,999NG7,0,15,0.765,15.178933,0.668877,0.635992,,1.0,0.0
1.0,8,6,arial.ttf,999NG7,0,15,0.85,16.0,0.63662,0.603355,,1.0,0.0
0.1,32,6,arial.ttf,999NG7,0,15,0.085,5.059644,0.959381,1.907975,,1.0,0.0
0.2,32,6,arial.ttf,999NG7,0,15,0.17,7.155418,0.919759,1.349142,,1.0,0.0
0.3,32,6,arial.ttf,999NG7,0,15,0.255,8.763561,0.881116,1.10157,,1.0,0.0
0.4,32,6,arial.ttf,999NG7,0,15,0.34,10.119289,0.843436,0.953987,,1.0,0.0
0.5,32,6,arial.ttf,999NG7,0,15,0.425,11.313708,0.8067,0.853272,,1.0,0.0
0.6,32,6,arial.ttf,999NG7,0,15,0.51,12.393547,0.770893,0.778927,,1.0,0.0
0.7,32,6,arial.ttf,999NG7,0,15,0.595,13.38656,0.735998,0.721147,,1.0,0.0
0.8,32,6,arial.ttf,999NG7,0,15,0.68,14.310835,0.701998,0.674571,,1.0,0.0
0.9,32,6,arial.ttf,999NG7,0,15,0.765,15.178933,0.668877,0.635992,,1.0,0.0
1.0,32,6,arial.ttf,999NG7,0,15,0.85,16.0,0.63662,0.603355,,1.0,0.0
0.1,128,6,arial.ttf,999NG7,0,15,0.085,5.059644,0.959381,1.907975,,1.0,0.0
0.2,128,6,arial.ttf,999NG7,0,15,0.17,7.155418,0.919759,1.349142,SN,0.833333,0.166667
0.3,128,6,arial.ttf,999NG7,0,15,0.255,8.763561,0.881116,1.10157,ISINGF,0.666667,0.333333
0.4,128,6,arial.ttf,999NG7,0,15,0.34,10.119289,0.843436,0.953987,Q99NG7,0.166667,0.833333
0.5,128,6,arial.ttf,999NG7,0,15,0.425,11.313708,0.8067,0.853272,IS9NGT,0.5,0.5
0.6,128,6,arial.ttf,999NG7,0,15,0.51,12.393547,0.770893,0.778927,993NG7,0.166667,0.833333
0.7,128,6,arial.ttf,999NG7,0,15,0.595,13.38656,0.735998,0.721147,SE9NG7T,0.5,0.5
0.8,128,6,arial.ttf,999NG7,0,15,0.68,14.310835,0.701998,0.674571,SS9NG7,0.333333,0.666667
0.9,128,6,arial.ttf,999NG7,0,15,0.765,15.178933,0.668877,0.635992,ISING7,0.5,0.5
1.0,128,6,arial.ttf,999NG7,0,15,0.85,16.0,0.63662,0.603355,SS3NG7,0.5,0.5
0.1,512,6,arial.ttf,999NG7,0,15,0.085,5.059644,0.959381,1.907975,Q9NCT,0.666667,0.333333
0.2,512,6,arial.ttf,999NG7,0,15,0.17,7.155418,0.919759,1.349142,S23NG7,0.5,0.5
0.3,512,6,arial.ttf,999NG7,0,15,0.255,8.763561,0.881116,1.10157,SS3NG7,0.5,0.5
0.4,512,6,arial.ttf,999NG7,0,15,0.34,10.119289,0.843436,0.953987,S93NG7,0.333333,0.666667
0.5,512,6,arial.ttf,999NG7,0,15,0.425,11.313708,0.8067,0.853272,SESNG,0.666667,0.333333
0.6,512,6,arial.ttf,999NG7,0,15,0.51,12.393547,0.770893,0.778927,SSING7,0.5,0.5
0.7,512,6,arial.ttf,999NG7,0,15,0.595,13.38656,0.735998,0.721147,IS9NG7,0.333333,0.666667
0.8,512,6,arial.ttf,999NG7,0,15,0.68,14.310835,0.701998,0.674571,SSONG7,0.5,0.5
0.9,512,6,arial.ttf,999NG7,0,15,0.765,15.178933,0.668877,0.635992,9S9NG7,0.166667,0.833333
1.0,512,6,arial.ttf,999NG7,0,15,0.85,16.0,0.63662,0.603355,ISONG7,0.5,0.5
0.1,2048,6,arial.ttf,999NG7,0,15,0.085,5.059644,0.959381,1.907975,993NCF,0.5,0.5
0.2,2048,6,arial.ttf,999NG7,0,15,0.17,7.155418,0.919759,1.349142,983NC7,0.5,0.5
0.3,2048,6,arial.ttf,999NG7,0,15,0.255,8.763561,0.881116,1.10157,SE3NG7,0.5,0.5
0.4,2048,6,arial.ttf,999NG7,0,15,0.34,10.119289,0.843436,0.953987,IS3NG7,0.5,0.5
0.5,2048,6,arial.ttf,999NG7,0,15,0.425,11.313708,0.8067,0.853272,SONG,0.666667,0.333333
0.6,2048,6,arial.ttf,999NG7,0,15,0.51,12.393547,0.770893,0.778927,IS9NG7,0.333333,0.666667
0.7,2048,6,arial.ttf,999NG7,0,15,0.595,13.38656,0.735998,0.721147,SS9NG7,0.333333,0.666667
0.8,2048,6,arial.ttf,999NG7,0,15,0.68,14.310835,0.701998,0.674571,ISONG7,0.5,0.5
0.9,2048,6,arial.ttf,999NG7,0,15,0.765,15.178933,0.668877,0.635992,IS9NG7,0.333333,0.666667
1.0,2048,6,arial.ttf,999NG7,0,15,0.85,16.0,0.63662,0.603355,9S9NG7,0.166667,0.833333
0.1,8,6,arial.ttf,999NG7,15,0,0.085,5.059644,0.959381,1.907975,,1.0,0.0
0.2,8,6,arial.ttf,999NG7,15,0,0.17,7.155418,0.919759,1.349142,,1.0,0.0
0.3,8,6,arial.ttf,999NG7,15,0,0.255,8.763561,0.881116,1.10157,,1.0,0.0
0.4,8,6,arial.ttf,999NG7,15,0,0.34,10.119289,0.843436,0.953987,,1.0,0.0
0.5,8,6,arial.ttf,999NG7,15,0,0.425,11.313708,0.8067,0.853272,P35,1.0,0.0
0.6,8,6,arial.ttf,999NG7,15,0,0.51,12.393547,0.770893,0.778927,,1.0,0.0
0.7,8,6,arial.ttf,999NG7,15,0,0.595,13.38656,0.735998,0.721147,,1.0,0.0
0.8,8,6,arial.ttf,999NG7,15,0,0.68,14.310835,0.701998,0.674571,,1.0,0.0
0.9,8,6,arial.ttf,999NG7,15,0,0.765,15.178933,0.668877,0.635992,ARENT,0.833333,0.166667
1.0,8,6,arial.ttf,999NG7,15,0,0.85,16.0,0.63662,0.603355,NENG,0.666667,0.333333
0.1,32,6,arial.ttf,999NG7,15,0,0.085,5.059644,0.959381,1.907975,,1.0,0.0
0.2,32,6,arial.ttf,999NG7,15,0,0.17,7.155418,0.919759,1.349142,,1.0,0.0
0.3,32,6,arial.ttf,999NG7,15,0,0.255,8.763561,0.881116,1.10157,,1.0,0.0
0.4,32,6,arial.ttf,999NG7,15,0,0.34,10.119289,0.843436,0.953987,,1.0,0.0
0.5,32,6,arial.ttf,999NG7,15,0,0.425,11.313708,0.8067,0.853272,SEONGT,0.666667,0.333333
0.6,32,6,arial.ttf,999NG7,15,0,0.51,12.393547,0.770893,0.778927,,1.0,0.0
0.7,32,6,arial.ttf,999NG7,15,0,0.595,13.38656,0.735998,0.721147,,1.0,0.0
0.8,32,6,arial.ttf,999NG7,15,0,0.68,14.310835,0.701998,0.674571,,1.0,0.0
0.9,32,6,arial.ttf,999NG7,15,0,0.765,15.178933,0.668877,0.635992,,1.0,0.0
1.0,32,6,arial.ttf,999NG7,15,0,0.85,16.0,0.63662,0.603355,,1.0,0.0
0.1,128,6,arial.ttf,999NG7,15,0,0.085,5.059644,0.959381,1.907975,,1.0,0.0
0.2,128,6,arial.ttf,999NG7,15,0,0.17,7.155418,0.919759,1.349142,,1.0,0.0
0.3,128,6,arial.ttf,999NG7,15,0,0.255,8.763561,0.881116,1.10157,S59NCT,0.666667,0.333333
0.4,128,6,arial.ttf,999NG7,15,0,0.34,10.119289,0.843436,0.953987,SEONGT,0.666667,0.333333
0.5,128,6,arial.ttf,999NG7,15,0,0.425,11.313708,0.8067,0.853272,SEINGT,0.666667,0.333333
0.6,128,6,arial.ttf,999NG7,15,0,0.51,12.393547,0.770893,0.778927,SD8NC7,0.666667,0.333333
0.7,128,6,arial.ttf,999NG7,15,0,0.595,13.38656,0.735998,0.721147,ISONGT,0.666667,0.333333
0.8,128,6,arial.ttf,999NG7,15,0,0.68,14.310835,0.701998,0.674571,SS9NG7,0.333333,0.666667
0.9,128,6,arial.ttf,999NG7,15,0,0.765,15.178933,0.668877,0.635992,SSONG7,0.5,0.5
1.0,128,6,arial.ttf,999NG7,15,0,0.85,16.0,0.63662,0.603355,QS9NG7,0.333333,0.666667
0.1,512,6,arial.ttf,999NG7,15,0,0.085,5.059644,0.959381,1.907975,SESNGF,0.666667,0.333333
0.2,512,6,arial.ttf,999NG7,15,0,0.17,7.155418,0.919759,1.349142,SS3NGF,0.666667,0.333333
0.3,512,6,arial.ttf,999NG7,15,0,0.255,8.763561,0.881116,1.10157,SP3NG7,0.5,0.5
0.4,512,6,arial.ttf,999NG7,15,0,0.34,10.119289,0.843436,0.953987,SSING7,0.5,0.5
0.5,512,6,arial.ttf,999NG7,15,0,0.425,11.313708,0.8067,0.853272,SS3NGF,0.666667,0.333333
0.6,512,6,arial.ttf,999NG7,15,0,0.51,12.393547,0.770893,0.778927,SSING7,0.5,0.5
0.7,512,6,arial.ttf,999NG7,15,0,0.595,13.38656,0.735998,0.721147,SS9NG7,0.333333,0.666667
0.8,512,6,arial.ttf,999NG7,15,0,0.68,14.310835,0.701998,0.674571,IS9ONG7,0.5,0.5
0.9,512,6,arial.ttf,999NG7,15,0,0.765,15.178933,0.668877,0.635992,9S9NG7,0.166667,0.833333
1.0,512,6,arial.ttf,999NG7,15,0,0.85,16.0,0.63662,0.603355,IS9NG7,0.333333,0.666667
0.1,2048,6,arial.ttf,999NG7,15,0,0.085,5.059644,0.959381,1.907975,SS3NCF,0.833333,0.166667
0.2,2048,6,arial.ttf,999NG7,15,0,0.17,7.155418,0.919759,1.349142,SE3NG7,0.5,0.5
0.3,2048,6,arial.ttf,999NG7,15,0,0.255,8.763561,0.881116,1.10157,SO3NG7,0.5,0.5
0.4,2048,6,arial.ttf,999NG7,15,0,0.34,10.119289,0.843436,0.953987,SS3NG7,0.5,0.5
0.5,2048,6,arial.ttf,999NG7,15,0,0.425,11.313708,0.8067,0.853272,SS9NG7,0.333333,0.666667
0.6,2048,6,arial.ttf,999NG7,15,0,0.51,12.393547,0.770893,0.778927,SS9NG7,0.333333,0.666667
0.7,2048,6,arial.ttf,999NG7,15,0,0.595,13.38656,0.735998,0.721147,SS9NG7,0.333333,0.666667
0.8,2048,6,arial.ttf,999NG7,15,0,0.68,14.310835,0.701998,0.674571,SSSNG7,0.5,0.5
0.9,2048,6,arial.ttf,999NG7,15,0,0.765,15.178933,0.668877,0.635992,IS9NG7,0.333333,0.666667
1.0,2048,6,arial.ttf,999NG7,15,0,0.85,16.0,0.63662,0.603355,IS9ONG7,0.5,0.5
0.1,8,6,arial.ttf,999NG7,15,15,0.085,5.059644,0.959381,1.907975,,1.0,0.0
0.2,8,6,arial.ttf,999NG7,15,15,0.17,7.155418,0.919759,1.349142,,1.0,0.0
0.3,8,6,arial.ttf,999NG7,15,15,0.255,8.763561,0.881116,1.10157,,1.0,0.0
0.4,8,6,arial.ttf,999NG7,15,15,0.34,10.119289,0.843436,0.953987,,1.0,0.0
0.5,8,6,arial.ttf,999NG7,15,15,0.425,11.313708,0.8067,0.853272,,1.0,0.0
0.6,8,6,arial.ttf,999NG7,15,15,0.51,12.393547,0.770893,0.778927,,1.0,0.0
0.7,8,6,arial.ttf,999NG7,15,15,0.595,13.38656,0.735998,0.721147,,1.0,0.0
0.8,8,6,arial.ttf,999NG7,15,15,0.68,14.310835,0.701998,0.674571,S7,0.833333,0.166667
0.9,8,6,arial.ttf,999NG7,15,15,0.765,15.178933,0.668877,0.635992,,1.0,0.0
1.0,8,6,arial.ttf,999NG7,15,15,0.85,16.0,0.63662,0.603355,,1.0,0.0
0.1,32,6,arial.ttf,999NG7,15,15,0.085,5.059644,0.959381,1.907975,,1.0,0.0
0.2,32,6,arial.ttf,999NG7,15,15,0.17,7.155418,0.919759,1.349142,SAIC,1.0,0.0
0.3,32,6,arial.ttf,999NG7,15,15,0.255,8.763561,0.881116,1.10157,BAHGY,0.833333,0.166667
0.4,32,6,arial.ttf,999NG7,15,15,0.34,10.119289,0.843436,0.953987,QAN7,0.666667,0.333333
0.5,32,6,arial.ttf,999NG7,15,15,0.425,11.313708,0.8067,0.853272,SSSNG7,0.5,0.5
0.6,32,6,arial.ttf,999NG7,15,15,0.51,12.393547,0.770893,0.778927,,1.0,0.0
0.7,32,6,arial.ttf,999NG7,15,15,0.595,13.38656,0.735998,0.721147,,1.0,0.0
0.8,32,6,arial.ttf,999NG7,15,15,0.68,14.310835,0.701998,0.674571,SEONGT,0.666667,0.333333
0.9,32,6,arial.ttf,999NG7,15,15,0.765,15.178933,0.668877,0.635992,SANG,0.666667,0.333333
1.0,32,6,arial.ttf,999NG7,15,15,0.85,16.0,0.63662,0.603355,,1.0,0.0
0.1,128,6,arial.ttf,999NG7,15,15,0.085,5.059644,0.959381,1.907975,,1.0,0.0
0.2,128,6,arial.ttf,999NG7,15,15,0.17,7.155418,0.919759,1.349142,,1.0,0.0
0.3,128,6,arial.ttf,999NG7,15,15,0.255,8.763561,0.881116,1.10157,QEINGT,0.666667,0.333333
0.4,128,6,arial.ttf,999NG7,15,15,0.34,10.119289,0.843436,0.953987,Q09NGT,0.5,0.5
0.5,128,6,arial.ttf,999NG7,15,15,0.425,11.313708,0.8067,0.853272,QSSNGT,0.666667,0.333333
0.6,128,6,arial.ttf,999NG7,15,15,0.51,12.393547,0.770893,0.778927,QDONCT,0.833333,0.166667
0.7,128,6,arial.ttf,999NG7,15,15,0.595,13.38656,0.735998,0.721147,SEONG,0.666667,0.333333
0.8,128,6,arial.ttf,999NG7,15,15,0.68,14.310835,0.701998,0.674571,ISING7,0.5,0.5
0.9,128,6,arial.ttf,999NG7,15,15,0.765,15.178933,0.668877,0.635992,SBSNG7,0.5,0.5
1.0,128,6,arial.ttf,999NG7,15,15,0.85,16.0,0.63662,0.603355,ISING7T,0.666667,0.333333
0.1,512,6,arial.ttf,999NG7,15,15,0.085,5.059644,0.959381,1.907975,S8QNGF,0.666667,0.333333
0.2,512,6,arial.ttf,999NG7,15,15,0.17,7.155418,0.919759,1.349142,SESNCF,0.833333,0.166667
0.3,512,6,arial.ttf,999NG7,15,15,0.255,8.763561,0.881116,1.10157,SE3NG7,0.5,0.5
0.4,512,6,arial.ttf,999NG7,15,15,0.34,10.119289,0.843436,0.953987,SS3NG7,0.5,0.5
0.5,512,6,arial.ttf,999NG7,15,15,0.425,11.313708,0.8067,0.853272,SE3NG7,0.5,0.5
0.6,512,6,arial.ttf,999NG7,15,15,0.51,12.393547,0.770893,0.778927,SO9NG7,0.333333,0.666667
0.7,512,6,arial.ttf,999NG7,15,15,0.595,13.38656,0.735998,0.721147,SS9NG7,0.333333,0.666667
0.8,512,6,arial.ttf,999NG7,15,15,0.68,14.310835,0.701998,0.674571,SS9NG7,0.333333,0.666667
0.9,512,6,arial.ttf,999NG7,15,15,0.765,15.178933,0.668877,0.635992,SSSNG7,0.5,0.5
1.0,512,6,arial.ttf,999NG7,15,15,0.85,16.0,0.63662,0.603355,IS9NG7,0.333333,0.666667
0.1,2048,6,arial.ttf,999NG7,15,15,0.085,5.059644,0.959381,1.907975,S23NCFT,1.0,0.0
0.2,2048,6,arial.ttf,999NG7,15,15,0.17,7.155418,0.919759,1.349142,SE3NGF,0.666667,0.333333
0.3,2048,6,arial.ttf,999NG7,15,15,0.255,8.763561,0.881116,1.10157,SESNG7,0.5,0.5
0.4,2048,6,arial.ttf,999NG7,15,15,0.34,10.119289,0.843436,0.953987,SS3NG7,0.5,0.5
0.5,2048,6,arial.ttf,999NG7,15,15,0.425,11.313708,0.8067,0.853272,SS9NG7,0.333333,0.666667
0.6,2048,6,arial.ttf,999NG7,15,15,0.51,12.393547,0.770893,0.778927,SS9NG7,0.333333,0.666667
0.7,2048,6,arial.ttf,999NG7,15,15,0.595,13.38656,0.735998,0.721147,SS9NG7,0.333333,0.666667
0.8,2048,6,arial.ttf,999NG7,15,15,0.68,14.310835,0.701998,0.674571,SS9NG7,0.333333,0.666667
0.9,2048,6,arial.ttf,999NG7,15,15,0.765,15.178933,0.668877,0.635992,9S9NG7,0.166667,0.833333
1.0,2048,6,arial.ttf,999NG7,15,15,0.85,16.0,0.63662,0.603355,IS9NG7,0.333333,0.666667
0.1,8,6,arial.ttf,DJELTE,0,0,0.085,5.059644,0.959381,1.907975,,1.0,0.0
0.2,8,6,arial.ttf,DJELTE,0,0,0.17,7.155418,0.919759,1.349142,,1.0,0.0
0.3,8,6,arial.ttf,DJELTE,0,0,0.255,8.763561,0.881116,1.10157,,1.0,0.0
0.4,8,6,arial.ttf,DJELTE,0,0,0.34,10.119289,0.843436,0.953987,,1.0,0.0
0.5,8,6,arial.ttf,DJELTE,0,0,0.425,11.313708,0.8067,0.853272,A,1.0,0.0
0.6,8,6,arial.ttf,DJELTE,0,0,0.51,12.393547,0.770893,0.778927,,1.0,0.0
0.7,8,6,arial.ttf,DJELTE,0,0,0.595,13.38656,0.735998,0.721147,R8AS8,1.0,0.0
0.8,8,6,arial.ttf,DJELTE,0,0,0.68,14.310835,0.701998,0.674571,,1.0,0.0
0.9,8,6,arial.ttf,DJELTE,0,0,0.765,15.178933,0.668877,0.635992,,1.0,0.0
1.0,8,6,arial.ttf,DJELTE,0,0,0.85,16.0,0.63662,0.603355,,1.0,0.0
0.1,32,6,arial.ttf,DJELTE,0,0,0.085,5.059644,0.959381,1.907975,P,1.0,0.0
0.2,32,6,arial.ttf,DJELTE,0,0,0.17,7.155418,0.919759,1.349142,MIELE,0.5,0.5
0.3,32,6,arial.ttf,DJELTE,0,0,0.255,8.763561,0.881116,1.10157,EUSLOE,0.666667,0.333333
0.4,32,6,arial.ttf,DJELTE,0,0,0.34,10.119289,0.843436,0.953987,S2,1.0,0.0
0.5,32,6,arial.ttf,DJELTE,0,0,0.425,11.313708,0.8067,0.853272,,1.0,0.0
0.6,32,6,arial.ttf,DJELTE,0,0,0.51,12.393547,0.770893,0.778927,,1.0,0.0
0.7,32,6,arial.ttf,DJELTE,0,0,0.595,13.38656,0.735998,0.721147,,1.0,0.0
0.8,32,6,arial.ttf,DJELTE,0,0,0.68,14.310835,0.701998,0.674571,,1.0,0.0
0.9,32,6,arial.ttf,DJELTE,0,0,0.765,15.178933,0.668877,0.635992,,1.0,0.0
1.0,32,6,arial.ttf,DJELTE,0,0,0.85,16.0,0.63662,0.603355,,1.0,0.0
0.1,128,6,arial.ttf,DJELTE,0,0,0.085,5.059644,0.959381,1.907975,,1.0,0.0
0.2,128,6,arial.ttf,DJELTE,0,0,0.17,7.155418,0.919759,1.349142,,1.0,0.0
0.3,128,6,arial.ttf,DJELTE,0,0,0.255,8.763561,0.881116,1.10157,QVELTE,0.333333,0.666667
0.4,128,6,arial.ttf,DJELTE,0,0,0.34,10.119289,0.843436,0.953987,NEVE,0.666667,0.333333
0.5,128,6,arial.ttf,DJELTE,0,0,0.425,11.313708,0.8067,0.853272,DSELTE,0.166667,0.833333
0.6,128,6,arial.ttf,DJELTE,0,0,0.51,12.393547,0.770893,0.778927,OJELTE,0.166667,0.833333
0.7,128,6,arial.ttf,DJELTE,0,0,0.595,13.38656,0.735998,0.721147,DJELTE,0.0,1.0
0.8,128,6,arial.ttf,DJELTE,0,0,0.68,14.310835,0.701998,0.674571,OJELTE,0.166667,0.833333
0.9,128,6,arial.ttf,DJELTE,0,0,0.765,15.178933,0.668877,0.635992,OJELTE,0.166667,0.833333
1.0,128,6,arial.ttf,DJELTE,0,0,0.85,16.0,0.63662,0.603355,DOJELTE,0.166667,0.833333
0.1,512,6,arial.ttf,DJELTE,0,0,0.085,5.059644,0.959381,1.907975,CVELTE,0.333333,0.666667
0.2,512,6,arial.ttf,DJELTE,0,0,0.17,7.155418,0.919759,1.349142,OVELTE,0.333333,0.666667
0.3,512,6,arial.ttf,DJELTE,0,0,0.255,8.763561,0.881116,1.10157,OVELTE,0.333333,0.666667
0.4,512,6,arial.ttf,DJELTE,0,0,0.34,10.119289,0.843436,0.953987,DVELTE,0.166667,0.833333
0.5,512,6,arial.ttf,DJELTE,0,0,0.425,11.313708,0.8067,0.853272,DJELTE,0.0,1.0
0.6,512,6,arial.ttf,DJELTE,0,0,0.51,12.393547,0.770893,0.778927,DJELTE,0.0,1.0
0.7,512,6,arial.ttf,DJELTE,0,0,0.595,13.38656,0.735998,0.721147,OJELTE,0.166667,0.833333
0.8,512,6,arial.ttf,DJELTE,0,0,0.68,14.310835,0.701998,0.674571,OJELTE,0.166667,0.833333
0.9,512,6,arial.ttf,DJELTE,0,0,0.765,15.178933,0.668877,0.635992,OJELTE,0.166667,0.833333
1.0,512,6,arial.ttf,DJELTE,0,0,0.85,16.0,0.63662,0.603355,OJELTE,0.166667,0.833333
0.1,2048,6,arial.ttf,DJELTE,0,0,0.085,5.059644,0.959381,1.907975,ELTE,0.333333,0.666667
0.2,2048,6,arial.ttf,DJELTE,0,0,0.17,7.155418,0.919759,1.349142,OLELTE,0.333333,0.666667
0.3,2048,6,arial.ttf,DJELTE,0,0,0.255,8.763561,0.881116,1.10157,OVELTE,0.333333,0.666667
0.4,2048,6,arial.ttf,DJELTE,0,0,0.34,10.119289,0.843436,0.953987,DJELTE,0.0,1.0
0.5,2048,6,arial.ttf,DJELTE,0,0,0.425,11.313708,0.8067,0.853272,OJELTE,0.166667,0.833333
0.6,2048,6,arial.ttf,DJELTE,0,0,0.51,12.393547,0.770893,0.778927,DJELTE,0.0,1.0
0.7,2048,6,arial.ttf,DJELTE,0,0,0.595,13.38656,0.735998,0.721147,OJELTE,0.166667,0.833333
0.8,2048,6,arial.ttf,DJELTE,0,0,0.68,14.310835,0.701998,0.674571,OJELTE,0.166667,0.833333
0.9,2048,6,arial.ttf,DJELTE,0,0,0.765,15.178933,0.668877,0.635992,DJELTE,0.0,1.0
1.0,2048,6,arial.ttf,DJELTE,0,0,0.85,16.0,0.63662,0.603355,DOJELTE,0.166667,0.833333
0.1,8,6,arial.ttf,DJELTE,0,15,0.085,5.059644,0.959381,1.907975,,1.0,0.0
0.2,8,6,arial.ttf,DJELTE,0,15,0.17,7.155418,0.919759,1.349142,,1.0,0.0
0.3,8,6,arial.ttf,DJELTE,0,15,0.255,8.763561,0.881116,1.10157,P,1.0,0.0
0.4,8,6,arial.ttf,DJELTE,0,15,0.34,10.119289,0.843436,0.953987,PS,1.0,0.0
0.5,8,6,arial.ttf,DJELTE,0,15,0.425,11.313708,0.8067,0.853272,,1.0,0.0
0.6,8,6,arial.ttf,DJELTE,0,15,0.51,12.393547,0.770893,0.778927,,1.0,0.0
0.7,8,6,arial.ttf,DJELTE,0,15,0.595,13.38656,0.735998,0.721147,,1.0,0.0
0.8,8,6,arial.ttf,DJELTE,0,15,0.68,14.310835,0.701998,0.674571,,1.0,0.0
0.9,8,6,arial.ttf,DJELTE,0,15,0.765,15.178933,0.668877,0.635992,,1.0,0.0
1.0,8,6,arial.ttf,DJELTE,0,15,0.85,16.0,0.63662,0.603355,P,1.0,0.0
0.1,32,6,arial.ttf,DJELTE,0,15,0.085,5.059644,0.959381,1.907975,,1.0,0.0
0.2,32,6,arial.ttf,DJELTE,0,15,0.17,7.155418,0.919759,1.349142,,1.0,0.0
0.3,32,6,arial.ttf,DJELTE,0,15,0.255,8.763561,0.881116,1.10157,R,1.0,0.0
0.4,32,6,arial.ttf,DJELTE,0,15,0.34,10.119289,0.843436,0.953987,,1.0,0.0
0.5,32,6,arial.ttf,DJELTE,0,15,0.425,11.313708,0.8067,0.853272,,1.0,0.0
0.6,32,6,arial.ttf,DJELTE,0,15,0.51,12.393547,0.770893,0.778927,,1.0,0.0
0.7,32,6,arial.ttf,DJELTE,0,15,0.595,13.38656,0.735998,0.721147,,1.0,0.0
0.8,32,6,arial.ttf,DJELTE,0,15,0.68,14.310835,0.701998,0.674571,DUELTE,0.166667,0.833333
0.9,32,6,arial.ttf,DJELTE,0,15,0.765,15.178933,0.668877,0.635992,,1.0,0.0
1.0,32,6,arial.ttf,DJELTE,0,15,0.85,16.0,0.63662,0.603355,,1.0,0.0
0.1,128,6,arial.ttf,DJELTE,0,15,0.085,5.059644,0.959381,1.907975,,1.0,0.0
0.2,128,6,arial.ttf,DJELTE,0,15,0.17,7.155418,0.919759,1.349142,,1.0,0.0
0.3,128,6,arial.ttf,DJELTE,0,15,0.255,8.763561,0.881116,1.10157,OSELIE,0.5,0.5
0.4,128,6,arial.ttf,DJELTE,0,15,0.34,10.119289,0.843436,0.953987,DELTE,0.166667,0.833333
0.5,128,6,arial.ttf,DJELTE,0,15,0.425,11.313708,0.8067,0.853272,OVELTE,0.333333,0.666667
0.6,128,6,arial.ttf,DJELTE,0,15,0.51,12.393547,0.770893,0.778927,OJELTE,0.166667,0.833333
0.7,128,6,arial.ttf,DJELTE,0,15,0.595,13.38656,0.735998,0.721147,OVELTE,0.333333,0.666667
0.8,128,6,arial.ttf,DJELTE,0,15,0.68,14.310835,0.701998,0.674571,DUELTE,0.166667,0.833333
0.9,128,6,arial.ttf,DJELTE,0,15,0.765,15.178933,0.668877,0.635992,OJELTE,0.166667,0.833333
1.0,128,6,arial.ttf,DJELTE,0,15,0.85,16.0,0.63662,0.603355,DJELTE,0.0,1.0
0.1,512,6,arial.ttf,DJELTE,0,15,0.085,5.059644,0.959381,1.907975,ELTE,0.333333,0.666667
0.2,512,6,arial.ttf,DJELTE,0,15,0.17,7.155418,0.919759,1.349142,OVELTE,0.333333,0.666667
0.3,512,6,arial.ttf,DJELTE,0,15,0.255,8.763561,0.881116,1.10157,OJELTE,0.166667,0.833333
0.4,512,6,arial.ttf,DJELTE,0,15,0.34,10.119289,0.843436,0.953987,DJELTE,0.0,1.0
0.5,512,6,arial.ttf,DJELTE,0,15,0.425,11.313708,0.8067,0.853272,OJELTE,0.166667,0.833333
0.6,512,6,arial.ttf,DJELTE,0,15,0.51,12.393547,0.770893,0.778927,OJELTE,0.166667,0.833333
0.7,512,6,arial.ttf,DJELTE,0,15,0.595,13.38656,0.735998,0.721147,OJELTE,0.166667,0.833333
0.8,512,6,arial.ttf,DJELTE,0,15,0.68,14.310835,0.701998,0.674571,OJELTE,0.166667,0.833333
0.9,512,6,arial.ttf,DJELTE,0,15,0.765,15.178933,0.668877,0.635992,DOJELTE,0.166667,0.833333
1.0,512,6,arial.ttf,DJELTE,0,15,0.85,16.0,0.63662,0.603355,DJELTE,0.0,1.0
0.1,2048,6,arial.ttf,DJELTE,0,15,0.085,5.059644,0.959381,1.907975,ELTE,0.333333,0.666667
0.2,2048,6,arial.ttf,DJELTE,0,15,0.17,7.155418,0.919759,1.349142,OSELTE,0.333333,0.666667
0.3,2048,6,arial.ttf,DJELTE,0,15,0.255,8.763561,0.881116,1.10157,OJELTE,0.166667,0.833333
0.4,2048,6,arial.ttf,DJELTE,0,15,0.34,10.119289,0.843436,0.953987,OJELTE,0.166667,0.833333
0.5,2048,6,arial.ttf,DJELTE,0,15,0.425,11.313708,0.8067,0.853272,OJELTE,0.166667,0.833333
0.6,2048,6,arial.ttf,DJELTE,0,15,0.51,12.393547,0.770893,0.778927,OJELTE,0.166667,0.833333
0.7,2048,6,arial.ttf,DJELTE,0,15,0.595,13.38656,0.735998,0.721147,OJELTE,0.166667,0.833333
0.8,2048,6,arial.ttf,DJELTE,0,15,0.68,14.310835,0.701998,0.674571,OJELTE,0.166667,0.833333
0.9,2048,6,arial.ttf,DJELTE,0,15,0.765,15.178933,0.668877,0.635992,OJELTE,0.166667,0.833333
1.0,2048,6,arial.ttf,DJELTE,0,15,0.85,16.0,0.63662,0.603355,OJELTE,0.166667,0.833333
0.1,8,6,arial.ttf,DJELTE,15,0,0.085,5.059644,0.959381,1.907975,,1.0,0.0
0.2,8,6,arial.ttf,DJELTE,15,0,0.17,7.155418,0.919759,1.349142,DP,0.833333,0.166667
0.3,8,6,arial.ttf,DJELTE,15,0,0.255,8.763561,0.881116,1.10157,CS,1.0,0.0
0.4,8,6,arial.ttf,DJELTE,15,0,0.34,10.119289,0.843436,0.953987,TS,0.833333,0.166667
0.5,8,6,arial.ttf,DJELTE,15,0,0.425,11.313708,0.8067,0.853272,,1.0,0.0
0.6,8,6,arial.ttf,DJELTE,15,0,0.51,12.393547,0.770893,0.778927,A,1.0,0.0
0.7,8,6,arial.ttf,DJELTE,15,0,0.595,13.38656,0.735998,0.721147,JSSE,0.666667,0.333333
0.8,8,6,arial.ttf,DJELTE,15,0,0.68,14.310835,0.701998,0.674571,,1.0,0.0
0.9,8,6,arial.ttf,DJELTE,15,0,0.765,15.178933,0.668877,0.635992,,1.0,0.0
1.0,8,6,arial.ttf,DJELTE,15,0,0.85,16.0,0.63662,0.603355,,1.0,0.0
0.1,32,6,arial.ttf,DJELTE,15,0,0.085,5.059644,0.959381,1.907975,OSE,0.833333,0.166667
0.2,32,6,arial.ttf,DJELTE,15,0,0.17,7.155418,0.919759,1.349142,,1.0,0.0
0.3,32,6,arial.ttf,DJELTE,15,0,0.255,8.763561,0.881116,1.10157,,1.0,0.0
0.4,32,6,arial.ttf,DJELTE,15,0,0.34,10.119289,0.843436,0.953987,,1.0,0.0
0.5,32,6,arial.ttf,DJELTE,15,0,0.425,11.313708,0.8067,0.853272,,1.0,0.0
0.6,32,6,arial.ttf,DJELTE,15,0,0.51,12.393547,0.770893,0.778927,,1.0,0.0
0.7,32,6,arial.ttf,DJELTE,15,0,0.595,13.38656,0.735998,0.721147,,1.0,0.0
0.8,32,6,arial.ttf,DJELTE,15,0,0.68,14.310835,0.701998,0.674571,,1.0,0.0
0.9,32,6,arial.ttf,DJELTE,15,0,0.765,15.178933,0.668877,0.635992,,1.0,0.0
1.0,32,6,arial.ttf,DJELTE,15,0,0.85,16.0,0.63662,0.603355,DSEUTE,0.333333,0.666667
0.1,128,6,arial.ttf,DJELTE,15,0,0.085,5.059644,0.959381,1.907975,,1.0,0.0
0.2,128,6,arial.ttf,DJELTE,15,0,0.17,7.155418,0.919759,1.349142,,1.0,0.0
0.3,128,6,arial.ttf,DJELTE,15,0,0.255,8.763561,0.881116,1.10157,DYEUE,0.5,0.5
0.4,128,6,arial.ttf,DJELTE,15,0,0.34,10.119289,0.843436,0.953987,OJELTE,0.166667,0.833333
0.5,128,6,arial.ttf,DJELTE,15,0,0.425,11.313708,0.8067,0.853272,OJELTE,0.166667,0.833333
0.6,128,6,arial.ttf,DJELTE,15,0,0.51,12.393547,0.770893,0.778927,OJELTE,0.166667,0.833333
0.7,128,6,arial.ttf,DJELTE,15,0,0.595,13.38656,0.735998,0.721147,OVJELTE,0.333333,0.666667
0.8,128,6,arial.ttf,DJELTE,15,0,0.68,14.310835,0.701998,0.674571,OVELTE,0.333333,0.666667
0.9,128,6,arial.ttf,DJELTE,15,0,0.765,15.178933,0.668877,0.635992,OJELTE,0.166667,0.833333
1.0,128,6,arial.ttf,DJELTE,15,0,0.85,16.0,0.63662,0.603355,OJELTE,0.166667,0.833333
0.1,512,6,arial.ttf,DJELTE,15,0,0.085,5.059644,0.959381,1.907975,CLSUE,0.833333,0.166667
0.2,512,6,arial.ttf,DJELTE,15,0,0.17,7.155418,0.919759,1.349142,SJELTE,0.166667,0.833333
0.3,512,6,arial.ttf,DJELTE,15,0,0.255,8.763561,0.881116,1.10157,OJELTE,0.166667,0.833333
0.4,512,6,arial.ttf,DJELTE,15,0,0.34,10.119289,0.843436,0.953987,OJELTE,0.166667,0.833333
0.5,512,6,arial.ttf,DJELTE,15,0,0.425,11.313708,0.8067,0.853272,OJELTE,0.166667,0.833333
0.6,512,6,arial.ttf,DJELTE,15,0,0.51,12.393547,0.770893,0.778927,OJELTE,0.166667,0.833333
0.7,512,6,arial.ttf,DJELTE,15,0,0.595,13.38656,0.735998,0.721147,OJELTE,0.166667,0.833333
0.8,512,6,arial.ttf,DJELTE,15,0,0.68,14.310835,0.701998,0.674571,OVJELTE,0.333333,0.666667
0.9,512,6,arial.ttf,DJELTE,15,0,0.765,15.178933,0.668877,0.635992,OJELTE,0.166667,0.833333
1.0,512,6,arial.ttf,DJELTE,15,0,0.85,16.0,0.63662,0.603355,OJELTE,0.166667,0.833333
0.1,2048,6,arial.ttf,DJELTE,15,0,0.085,5.059644,0.959381,1.907975,SJELTE,0.166667,0.833333
0.2,2048,6,arial.ttf,DJELTE,15,0,0.17,7.155418,0.919759,1.349142,CJELTE,0.166667,0.833333
0.3,2048,6,arial.ttf,DJELTE,15,0,0.255,8.763561,0.881116,1.10157,OJELTE,0.166667,0.833333
0.4,2048,6,arial.ttf,DJELTE,15,0,0.34,10.119289,0.843436,0.953987,OJELTE,0.166667,0.833333
0.5,2048,6,arial.ttf,DJELTE,15,0,0.425,11.313708,0.8067,0.853272,OJELTE,0.166667,0.833333
0.6,2048,6,arial.ttf,DJELTE,15,0,0.51,12.393547,0.770893,0.778927,OJELTE,0.166667,0.833333
0.7,2048,6,arial.ttf,DJELTE,15,0,0.595,13.38656,0.735998,0.721147,OJELTE,0.166667,0.833333
0.8,2048,6,arial.ttf,DJELTE,15,0,0.68,14.310835,0.701998,0.674571,OJELTE,0.166667,0.833333
0.9,2048,6,arial.ttf,DJELTE,15,0,0.765,15.178933,0.668877,0.635992,OJELTE,0.166667,0.833333
1.0,2048,6,arial.ttf,DJELTE,15,0,0.85,16.0,0.63662,0.603355,OJELTE,0.166667,0.833333
0.1,8,6,arial.ttf,DJELTE,15,15,0.085,5.059644,0.959381,1.907975,,1.0,0.0
0.2,8,6,arial.ttf,DJELTE,15,15,0.17,7.155418,0.919759,1.349142,,1.0,0.0
0.3,8,6,arial.ttf,DJELTE,15,15,0.255,8.763561,0.881116,1.10157,L,0.833333,0.166667
0.4,8,6,arial.ttf,DJELTE,15,15,0.34,10.119289,0.843436,0.953987,,1.0,0.0
0.5,8,6,arial.ttf,DJELTE,15,15,0.425,11.313708,0.8067,0.853272,,1.0,0.0
0.6,8,6,arial.ttf,DJELTE,15,15,0.51,12.393547,0.770893,0.778927,PS,1.0,0.0
0.7,8,6,arial.ttf,DJELTE,15,15,0.595,13.38656,0.735998,0.721147,AELR,0.666667,0.333333
0.8,8,6,arial.ttf,DJELTE,15,15,0.68,14.310835,0.701998,0.674571,,1.0,0.0
0.9,8,6,arial.ttf,DJELTE,15,15,0.765,15.178933,0.668877,0.635992,,1.0,0.0
1.0,8,6,arial.ttf,DJELTE,15,15,0.85,16.0,0.63662,0.603355,,1.0,0.0
0.1,32,6,arial.ttf,DJELTE,15,15,0.085,5.059644,0.959381,1.907975,,1.0,0.0
0.2,32,6,arial.ttf,DJELTE,15,15,0.17,7.155418,0.919759,1.349142,SOR,1.0,0.0
0.3,32,6,arial.ttf,DJELTE,15,15,0.255,8.763561,0.881116,1.10157,,1.0,0.0
0.4,32,6,arial.ttf,DJELTE,15,15,0.34,10.119289,0.843436,0.953987,,1.0,0.0
0.5,32,6,arial.ttf,DJELTE,15,15,0.425,11.313708,0.8067,0.853272,E,0.833333,0.166667
0.6,32,6,arial.ttf,DJELTE,15,15,0.51,12.393547,0.770893,0.778927,,1.0,0.0
0.7,32,6,arial.ttf,DJELTE,15,15,0.595,13.38656,0.735998,0.721147,,1.0,0.0
0.8,32,6,arial.ttf,DJELTE,15,15,0.68,14.310835,0.701998,0.674571,,1.0,0.0
0.9,32,6,arial.ttf,DJELTE,15,15,0.765,15.178933,0.668877,0.635992,,1.0,0.0
1.0,32,6,arial.ttf,DJELTE,15,15,0.85,16.0,0.63662,0.603355,,1.0,0.0
0.1,128,6,arial.ttf,DJELTE,15,15,0.085,5.059644,0.959381,1.907975,,1.0,0.0
0.2,128,6,arial.ttf,DJELTE,15,15,0.17,7.155418,0.919759,1.349142,,1.0,0.0
0.3,128,6,arial.ttf,DJELTE,15,15,0.255,8.763561,0.881116,1.10157,NSE,0.833333,0.166667
0.4,128,6,arial.ttf,DJELTE,15,15,0.34,10.119289,0.843436,0.953987,DUELTE,0.166667,0.833333
0.5,128,6,arial.ttf,DJELTE,15,15,0.425,11.313708,0.8067,0.853272,OVELTE,0.333333,0.666667
0.6,128,6,arial.ttf,DJELTE,15,15,0.51,12.393547,0.770893,0.778927,OWELTE,0.333333,0.666667
0.7,128,6,arial.ttf,DJELTE,15,15,0.595,13.38656,0.735998,0.721147,DUELTE,0.166667,0.833333
0.8,128,6,arial.ttf,DJELTE,15,15,0.68,14.310835,0.701998,0.674571,DJELTE,0.0,1.0
0.9,128,6,arial.ttf,DJELTE,15,15,0.765,15.178933,0.668877,0.635992,OUELTE,0.333333,0.666667
1.0,128,6,arial.ttf,DJELTE,15,15,0.85,16.0,0.63662,0.603355,DJELTE,0.0,1.0
0.1,512,6,arial.ttf,DJELTE,15,15,0.085,5.059644,0.959381,1.907975,DSL7,0.666667,0.333333
0.2,512,6,arial.ttf,DJELTE,15,15,0.17,7.155418,0.919759,1.349142,OJELTE,0.166667,0.833333
0.3,512,6,arial.ttf,DJELTE,15,15,0.255,8.763561,0.881116,1.10157,CJELTE,0.166667,0.833333
0.4,512,6,arial.ttf,DJELTE,15,15,0.34,10.119289,0.843436,0.953987,OVJELTE,0.333333,0.666667
0.5,512,6,arial.ttf,DJELTE,15,15,0.425,11.313708,0.8067,0.853272,OJELTE,0.166667,0.833333
0.6,512,6,arial.ttf,DJELTE,15,15,0.51,12.393547,0.770893,0.778927,OJELTE,0.166667,0.833333
0.7,512,6,arial.ttf,DJELTE,15,15,0.595,13.38656,0.735998,0.721147,OJELTE,0.166667,0.833333
0.8,512,6,arial.ttf,DJELTE,15,15,0.68,14.310835,0.701998,0.674571,OJELTE,0.166667,0.833333
0.9,512,6,arial.ttf,DJELTE,15,15,0.765,15.178933,0.668877,0.635992,OJELTE,0.166667,0.833333
1.0,512,6,arial.ttf,DJELTE,15,15,0.85,16.0,0.63662,0.603355,OJELTE,0.166667,0.833333
0.1,2048,6,arial.ttf,DJELTE,15,15,0.085,5.059644,0.959381,1.907975,CJELTE,0.166667,0.833333
0.2,2048,6,arial.ttf,DJELTE,15,15,0.17,7.155418,0.919759,1.349142,COJELTE,0.333333,0.666667
0.3,2048,6,arial.ttf,DJELTE,15,15,0.255,8.763561,0.881116,1.10157,OJELTE,0.166667,0.833333
0.4,2048,6,arial.ttf,DJELTE,15,15,0.34,10.119289,0.843436,0.953987,OJELTE,0.166667,0.833333
0.5,2048,6,arial.ttf,DJELTE,15,15,0.425,11.313708,0.8067,0.853272,OJELTE,0.166667,0.833333
0.6,2048,6,arial.ttf,DJELTE,15,15,0.51,12.393547,0.770893,0.778927,OJELTE,0.166667,0.833333
0.7,2048,6,arial.ttf,DJELTE,15,15,0.595,13.38656,0.735998,0.721147,OJELTE,0.166667,0.833333
0.8,2048,6,arial.ttf,DJELTE,15,15,0.68,14.310835,0.701998,0.674571,OJELTE,0.166667,0.833333
0.9,2048,6,arial.ttf,DJELTE,15,15,0.765,15.178933,0.668877,0.635992,OJELTE,0.166667,0.833333
1.0,2048,6,arial.ttf,DJELTE,15,15,0.85,16.0,0.63662,0.603355,OJELTE,0.166667,0.833333
0.1,8,6,cambria.ttc,999NG7,0,0,0.085,5.059644,0.959381,1.907975,,1.0,0.0
0.2,8,6,cambria.ttc,999NG7,0,0,0.17,7.155418,0.919759,1.349142,,1.0,0.0
0.3,8,6,cambria.ttc,999NG7,0,0,0.255,8.763561,0.881116,1.10157,,1.0,0.0
0.4,8,6,cambria.ttc,999NG7,0,0,0.34,10.119289,0.843436,0.953987,,1.0,0.0
0.5,8,6,cambria.ttc,999NG7,0,0,0.425,11.313708,0.8067,0.853272,,1.0,0.0
0.6,8,6,cambria.ttc,999NG7,0,0,0.51,12.393547,0.770893,0.778927,,1.0,0.0
0.7,8,6,cambria.ttc,999NG7,0,0,0.595,13.38656,0.735998,0.721147,SM2,1.0,0.0
0.8,8,6,cambria.ttc,999NG7,0,0,0.68,14.310835,0.701998,0.674571,TG,0.833333,0.166667
0.9,8,6,cambria.ttc,999NG7,0,0,0.765,15.178933,0.668877,0.635992,,1.0,0.0
1.0,8,6,cambria.ttc,999NG7,0,0,0.85,16.0,0.63662,0.603355,,1.0,0.0
0.1,32,6,cambria.ttc,999NG7,0,0,0.085,5.059644,0.959381,1.907975,,1.0,0.0
0.2,32,6,cambria.ttc,999NG7,0,0,0.17,7.155418,0.919759,1.349142,BG,0.833333,0.166667
0.3,32,6,cambria.ttc,999NG7,0,0,0.255,8.763561,0.881116,1.10157,,1.0,0.0
0.4,32,6,cambria.ttc,999NG7,0,0,0.34,10.119289,0.843436,0.953987,,1.0,0.0
0.5,32,6,cambria.ttc,999NG7,0,0,0.425,11.313708,0.8067,0.853272,,1.0,0.0
0.6,32,6,cambria.ttc,999NG7,0,0,0.51,12.393547,0.770893,0.778927,,1.0,0.0
0.7,32,6,cambria.ttc,999NG7,0,0,0.595,13.38656,0.735998,0.721147,,1.0,0.0
0.8,32,6,cambria.ttc,999NG7,0,0,0.68,14.310835,0.701998,0.674571,,1.0,0.0
0.9,32,6,cambria.ttc,999NG7,0,0,0.765,15.178933,0.668877,0.635992,,1.0,0.0
1.0,32,6,cambria.ttc,999NG7,0,0,0.85,16.0,0.63662,0.603355,,1.0,0.0
0.1,128,6,cambria.ttc,999NG7,0,0,0.085,5.059644,0.959381,1.907975,,1.0,0.0
0.2,128,6,cambria.ttc,999NG7,0,0,0.17,7.155418,0.919759,1.349142,,1.0,0.0
0.3,128,6,cambria.ttc,999NG7,0,0,0.255,8.763561,0.881116,1.10157,S99NG7,0.166667,0.833333
0.4,128,6,cambria.ttc,999NG7,0,0,0.34,10.119289,0.843436,0.953987,SS9NGF,0.5,0.5
0.5,128,6,cambria.ttc,999NG7,0,0,0.425,11.313708,0.8067,0.853272,S9INGT,0.5,0.5
0.6,128,6,cambria.ttc,999NG7,0,0,0.51,12.393547,0.770893,0.778927,S99NG,0.333333,0.666667
0.7,128,6,cambria.ttc,999NG7,0,0,0.595,13.38656,0.735998,0.721147,999NG7,0.0,1.0
0.8,128,6,cambria.ttc,999NG7,0,0,0.68,14.310835,0.701998,0.674571,S99NG7,0.166667,0.833333
0.9,128,6,cambria.ttc,999NG7,0,0,0.765,15.178933,0.668877,0.635992,SIING7,0.5,0.5
1.0,128,6,cambria.ttc,999NG7,0,0,0.85,16.0,0.63662,0.603355,9IING7,0.333333,0.666667
0.1,512,6,cambria.ttc,999NG7,0,0,0.085,5.059644,0.959381,1.907975,FIINGS,0.666667,0.333333
0.2,512,6,cambria.ttc,999NG7,0,0,0.17,7.155418,0.919759,1.349142,SOONG7,0.5,0.5
0.3,512,6,cambria.ttc,999NG7,0,0,0.255,8.763561,0.881116,1.10157,SIING,0.666667,0.333333
0.4,512,6,cambria.ttc,999NG7,0,0,0.34,10.119289,0.843436,0.953987,SIING,0.666667,0.333333
0.5,512,6,cambria.ttc,999NG7,0,0,0.425,11.313708,0.8067,0.853272,SIING7,0.5,0.5
0.6,512,6,cambria.ttc,999NG7,0,0,0.51,12.393547,0.770893,0.778927,SIING7,0.5,0.5
0.7,512,6,cambria.ttc,999NG7,0,0,0.595,13.38656,0.735998,0.721147,SI9NG7,0.333333,0.666667
0.8,512,6,cambria.ttc,999NG7,0,0,0.68,14.310835,0.701998,0.674571,SIING7,0.5,0.5
0.9,512,6,cambria.ttc,999NG7,0,0,0.765,15.178933,0.668877,0.635992,S9IING7,0.5,0.5
1.0,512,6,cambria.ttc,999NG7,0,0,0.85,16.0,0.63662,0.603355,999NG7,0.0,1.0
0.1,2048,6,cambria.ttc,999NG7,0,0,0.085,5.059644,0.959381,1.907975,SIINGF,0.666667,0.333333
0.2,2048,6,cambria.ttc,999NG7,0,0,0.17,7.155418,0.919759,1.349142,SIINGP,0.666667,0.333333
0.3,2048,6,cambria.ttc,999NG7,0,0,0.255,8.763561,0.881116,1.10157,SIINGP,0.666667,0.333333
0.4,2048,6,cambria.ttc,999NG7,0,0,0.34,10.119289,0.843436,0.953987,SIING,0.666667,0.333333
0.5,2048,6,cambria.ttc,999NG7,0,0,0.425,11.313708,0.8067,0.853272,SIING,0.666667,0.333333
0.6,2048,6,cambria.ttc,999NG7,0,0,0.51,12.393547,0.770893,0.778927,SIING,0.666667,0.333333
0.7,2048,6,cambria.ttc,999NG7,0,0,0.595,13.38656,0.735998,0.721147,S9IING7,0.5,0.5
0.8,2048,6,cambria.ttc,999NG7,0,0,0.68,14.310835,0.701998,0.674571,SIING7,0.5,0.5
0.9,2048,6,cambria.ttc,999NG7,0,0,0.765,15.178933,0.668877,0.635992,S9ING7,0.333333,0.666667
1.0,2048,6,cambria.ttc,999NG7,0,0,0.85,16.0,0.63662,0.603355,99ING7,0.166667,0.833333
0.1,8,6,cambria.ttc,999NG7,0,15,0.085,5.059644,0.959381,1.907975,F2,1.0,0.0
0.2,8,6,cambria.ttc,999NG7,0,15,0.17,7.155418,0.919759,1.349142,,1.0,0.0
0.3,8,6,cambria.ttc,999NG7,0,15,0.255,8.763561,0.881116,1.10157,,1.0,0.0
0.4,8,6,cambria.ttc,999NG7,0,15,0.34,10.119289,0.843436,0.953987,ESA3,1.0,0.0
0.5,8,6,cambria.ttc,999NG7,0,15,0.425,11.313708,0.8067,0.853272,,1.0,0.0
0.6,8,6,cambria.ttc,999NG7,0,15,0.51,12.393547,0.770893,0.778927,,1.0,0.0
0.7,8,6,cambria.ttc,999NG7,0,15,0.595,13.38656,0.735998,0.721147,LETT,1.0,0.0
0.8,8,6,cambria.ttc,999NG7,0,15,0.68,14.310835,0.701998,0.674571,SNG,0.666667,0.333333
0.9,8,6,cambria.ttc,999NG7,0,15,0.765,15.178933,0.668877,0.635992,,1.0,0.0
1.0,8,6,cambria.ttc,999NG7,0,15,0.85,16.0,0.63662,0.603355,,1.0,0.0
0.1,32,6,cambria.ttc,999NG7,0,15,0.085,5.059644,0.959381,1.907975,,1.0,0.0
0.2,32,6,cambria.ttc,999NG7,0,15,0.17,7.155418,0.919759,1.349142,SALES,1.0,0.0
0.3,32,6,cambria.ttc,999NG7,0,15,0.255,8.763561,0.881116,1.10157,,1.0,0.0
0.4,32,6,cambria.ttc,999NG7,0,15,0.34,10.119289,0.843436,0.953987,,1.0,0.0
0.5,32,6,cambria.ttc,999NG7,0,15,0.425,11.313708,0.8067,0.853272,,1.0,0.0
0.6,32,6,cambria.ttc,999NG7,0,15,0.51,12.393547,0.770893,0.778927,,1.0,0.0
0.7,32,6,cambria.ttc,999NG7,0,15,0.595,13.38656,0.735998,0.721147,,1.0,0.0
0.8,32,6,cambria.ttc,999NG7,0,15,0.68,14.310835,0.701998,0.674571,,1.0,0.0
0.9,32,6,cambria.ttc,999NG7,0,15,0.765,15.178933,0.668877,0.635992,A9ONGT,0.5,0.5
1.0,32,6,cambria.ttc,999NG7,0,15,0.85,16.0,0.63662,0.603355,,1.0,0.0
0.1,128,6,cambria.ttc,999NG7,0,15,0.085,5.059644,0.959381,1.907975,,1.0,0.0
0.2,128,6,cambria.ttc,999NG7,0,15,0.17,7.155418,0.919759,1.349142,,1.0,0.0
0.3,128,6,cambria.ttc,999NG7,0,15,0.255,8.763561,0.881116,1.10157,S99NG2,0.333333,0.666667
0.4,128,6,cambria.ttc,999NG7,0,15,0.34,10.119289,0.843436,0.953987,JONG,0.666667,0.333333
0.5,128,6,cambria.ttc,999NG7,0,15,0.425,11.313708,0.8067,0.853272,J9ONGT,0.5,0.5
0.6,128,6,cambria.ttc,999NG7,0,15,0.51,12.393547,0.770893,0.778927,JUONGT,0.666667,0.333333
0.7,128,6,cambria.ttc,999NG7,0,15,0.595,13.38656,0.735998,0.721147,4ONGT,0.666667,0.333333
0.8,128,6,cambria.ttc,999NG7,0,15,0.68,14.310835,0.701998,0.674571,9NGT,0.5,0.5
0.9,128,6,cambria.ttc,999NG7,0,15,0.765,15.178933,0.668877,0.635992,SUONGT,0.666667,0.333333
1.0,128,6,cambria.ttc,999NG7,0,15,0.85,16.0,0.63662,0.603355,ISINGT,0.666667,0.333333
0.1,512,6,cambria.ttc,999NG7,0,15,0.085,5.059644,0.959381,1.907975,SUINGF,0.666667,0.333333
0.2,512,6,cambria.ttc,999NG7,0,15,0.17,7.155418,0.919759,1.349142,JIINGF,0.666667,0.333333
0.3,512,6,cambria.ttc,999NG7,0,15,0.255,8.763561,0.881116,1.10157,SIING,0.666667,0.333333
0.4,512,6,cambria.ttc,999NG7,0,15,0.34,10.119289,0.843436,0.953987,SIING,0.666667,0.333333
0.5,512,6,cambria.ttc,999NG7,0,15,0.425,11.313708,0.8067,0.853272,SIING,0.666667,0.333333
0.6,512,6,cambria.ttc,999NG7,0,15,0.51,12.393547,0.770893,0.778927,SIING,0.666667,0.333333
0.7,512,6,cambria.ttc,999NG7,0,15,0.595,13.38656,0.735998,0.721147,JIING,0.666667,0.333333
0.8,512,6,cambria.ttc,999NG7,0,15,0.68,14.310835,0.701998,0.674571,SIING7,0.5,0.5
0.9,512,6,cambria.ttc,999NG7,0,15,0.765,15.178933,0.668877,0.635992,S9ING7,0.333333,0.666667
1.0,512,6,cambria.ttc,999NG7,0,15,0.85,16.0,0.63662,0.603355,SIING7,0.5,0.5
0.1,2048,6,cambria.ttc,999NG7,0,15,0.085,5.059644,0.959381,1.907975,SIINGF,0.666667,0.333333
0.2,2048,6,cambria.ttc,999NG7,0,15,0.17,7.155418,0.919759,1.349142,SIINGP,0.666667,0.333333
0.3,2048,6,cambria.ttc,999NG7,0,15,0.255,8.763561,0.881116,1.10157,SIING,0.666667,0.333333
0.4,2048,6,cambria.ttc,999NG7,0,15,0.34,10.119289,0.843436,0.953987,SIING,0.666667,0.333333
0.5,2048,6,cambria.ttc,999NG7,0,15,0.425,11.313708,0.8067,0.853272,SIING,0.666667,0.333333
0.6,2048,6,cambria.ttc,999NG7,0,15,0.51,12.393547,0.770893,0.778927,SIING7,0.5,0.5
0.7,2048,6,cambria.ttc,999NG7,0,15,0.595,13.38656,0.735998,0.721147,SIING7,0.5,0.5
0.8,2048,6,cambria.ttc,999NG7,0,15,0.68,14.310835,0.701998,0.674571,SIING7,0.5,0.5
0.9,2048,6,cambria.ttc,999NG7,0,15,0.765,15.178933,0.668877,0.635992,SIING7,0.5,0.5
1.0,2048,6,cambria.ttc,999NG7,0,15,0.85,16.0,0.63662,0.603355,99IONG7,0.333333,0.666667
0.1,8,6,cambria.ttc,999NG7,15,0,0.085,5.059644,0.959381,1.907975,AREA,1.0,0.0
0.2,8,6,cambria.ttc,999NG7,15,0,0.17,7.155418,0.919759,1.349142,SHEIRAT,1.166667,-0.166667
0.3,8,6,cambria.ttc,999NG7,15,0,0.255,8.763561,0.881116,1.10157,,1.0,0.0
0.4,8,6,cambria.ttc,999NG7,15,0,0.34,10.119289,0.843436,0.953987,,1.0,0.0
0.5,8,6,cambria.ttc,999NG7,15,0,0.425,11.313708,0.8067,0.853272,,1.0,0.0
0.6,8,6,cambria.ttc,999NG7,15,0,0.51,12.393547,0.770893,0.778927,,1.0,0.0
0.7,8,6,cambria.ttc,999NG7,15,0,0.595,13.38656,0.735998,0.721147,,1.0,0.0
0.8,8,6,cambria.ttc,999NG7,15,0,0.68,14.310835,0.701998,0.674571,,1.0,0.0
0.9,8,6,cambria.ttc,999NG7,15,0,0.765,15.178933,0.668877,0.635992,,1.0,0.0
1.0,8,6,cambria.ttc,999NG7,15,0,0.85,16.0,0.63662,0.603355,,1.0,0.0
0.1,32,6,cambria.ttc,999NG7,15,0,0.085,5.059644,0.959381,1.907975,,1.0,0.0
0.2,32,6,cambria.ttc,999NG7,15,0,0.17,7.155418,0.919759,1.349142,,1.0,0.0
0.3,32,6,cambria.ttc,999NG7,15,0,0.255,8.763561,0.881116,1.10157,BOUNG,0.666667,0.333333
0.4,32,6,cambria.ttc,999NG7,15,0,0.34,10.119289,0.843436,0.953987,,1.0,0.0
0.5,32,6,cambria.ttc,999NG7,15,0,0.425,11.313708,0.8067,0.853272,,1.0,0.0
0.6,32,6,cambria.ttc,999NG7,15,0,0.51,12.393547,0.770893,0.778927,,1.0,0.0
0.7,32,6,cambria.ttc,999NG7,15,0,0.595,13.38656,0.735998,0.721147,,1.0,0.0
0.8,32,6,cambria.ttc,999NG7,15,0,0.68,14.310835,0.701998,0.674571,,1.0,0.0
0.9,32,6,cambria.ttc,999NG7,15,0,0.765,15.178933,0.668877,0.635992,,1.0,0.0
1.0,32,6,cambria.ttc,999NG7,15,0,0.85,16.0,0.63662,0.603355,,1.0,0.0
0.1,128,6,cambria.ttc,999NG7,15,0,0.085,5.059644,0.959381,1.907975,,1.0,0.0
0.2,128,6,cambria.ttc,999NG7,15,0,0.17,7.155418,0.919759,1.349142,,1.0,0.0
0.3,128,6,cambria.ttc,999NG7,15,0,0.255,8.763561,0.881116,1.10157,SIONGF,0.666667,0.333333
0.4,128,6,cambria.ttc,999NG7,15,0,0.34,10.119289,0.843436,0.953987,JIANGF,0.666667,0.333333
0.5,128,6,cambria.ttc,999NG7,15,0,0.425,11.313708,0.8067,0.853272,S99NGT,0.333333,0.666667
0.6,128,6,cambria.ttc,999NG7,15,0,0.51,12.393547,0.770893,0.778927,JIING7,0.5,0.5
0.7,128,6,cambria.ttc,999NG7,15,0,0.595,13.38656,0.735998,0.721147,YIING,0.666667,0.333333
0.8,128,6,cambria.ttc,999NG7,15,0,0.68,14.310835,0.701998,0.674571,S9INGT,0.5,0.5
0.9,128,6,cambria.ttc,999NG7,15,0,0.765,15.178933,0.668877,0.635992,SOONG7,0.5,0.5
1.0,128,6,cambria.ttc,999NG7,15,0,0.85,16.0,0.63662,0.603355,999NG7,0.0,1.0
0.1,512,6,cambria.ttc,999NG7,15,0,0.085,5.059644,0.959381,1.907975,SONG,0.666667,0.333333
0.2,512,6,cambria.ttc,999NG7,15,0,0.17,7.155418,0.919759,1.349142,SIINGP,0.666667,0.333333
0.3,512,6,cambria.ttc,999NG7,15,0,0.255,8.763561,0.881116,1.10157,J9IING,0.666667,0.333333
0.4,512,6,cambria.ttc,999NG7,15,0,0.34,10.119289,0.843436,0.953987,SIING,0.666667,0.333333
0.5,512,6,cambria.ttc,999NG7,15,0,0.425,11.313708,0.8067,0.853272,SIING,0.666667,0.333333
0.6,512,6,cambria.ttc,999NG7,15,0,0.51,12.393547,0.770893,0.778927,J9IING,0.666667,0.333333
0.7,512,6,cambria.ttc,999NG7,15,0,0.595,13.38656,0.735998,0.721147,S9ING7,0.333333,0.666667
0.8,512,6,cambria.ttc,999NG7,15,0,0.68,14.310835,0.701998,0.674571,IIING7,0.5,0.5
0.9,512,6,cambria.ttc,999NG7,15,0,0.765,15.178933,0.668877,0.635992,SIING7,0.5,0.5
1.0,512,6,cambria.ttc,999NG7,15,0,0.85,16.0,0.63662,0.603355,S99NG7,0.166667,0.833333
0.1,2048,6,cambria.ttc,999NG7,15,0,0.085,5.059644,0.959381,1.907975,JIING2,0.666667,0.333333
0.2,2048,6,cambria.ttc,999NG7,15,0,0.17,7.155418,0.919759,1.349142,JIING,0.666667,0.333333
0.3,2048,6,cambria.ttc,999NG7,15,0,0.255,8.763561,0.881116,1.10157,JIING,0.666667,0.333333
0.4,2048,6,cambria.ttc,999NG7,15,0,0.34,10.119289,0.843436,0.953987,SIING,0.666667,0.333333
0.5,2048,6,cambria.ttc,999NG7,15,0,0.425,11.313708,0.8067,0.853272,J9IING,0.666667,0.333333
0.6,2048,6,cambria.ttc,999NG7,15,0,0.51,12.393547,0.770893,0.778927,S9IING,0.666667,0.333333
0.7,2048,6,cambria.ttc,999NG7,15,0,0.595,13.38656,0.735998,0.721147,SIONG,0.666667,0.333333
0.8,2048,6,cambria.ttc,999NG7,15,0,0.68,14.310835,0.701998,0.674571,S9IING7,0.5,0.5
0.9,2048,6,cambria.ttc,999NG7,15,0,0.765,15.178933,0.668877,0.635992,999NG7,0.0,1.0
1.0,2048,6,cambria.ttc,999NG7,15,0,0.85,16.0,0.63662,0.603355,S9ING7,0.333333,0.666667
0.1,8,6,cambria.ttc,999NG7,15,15,0.085,5.059644,0.959381,1.907975,,1.0,0.0
0.2,8,6,cambria.ttc,999NG7,15,15,0.17,7.155418,0.919759,1.349142,A,1.0,0.0
0.3,8,6,cambria.ttc,999NG7,15,15,0.255,8.763561,0.881116,1.10157,,1.0,0.0
0.4,8,6,cambria.ttc,999NG7,15,15,0.34,10.119289,0.843436,0.953987,,1.0,0.0
0.5,8,6,cambria.ttc,999NG7,15,15,0.425,11.313708,0.8067,0.853272,,1.0,0.0
0.6,8,6,cambria.ttc,999NG7,15,15,0.51,12.393547,0.770893,0.778927,GR,0.833333,0.166667
0.7,8,6,cambria.ttc,999NG7,15,15,0.595,13.38656,0.735998,0.721147,,1.0,0.0
0.8,8,6,cambria.ttc,999NG7,15,15,0.68,14.310835,0.701998,0.674571,UE,1.0,0.0
0.9,8,6,cambria.ttc,999NG7,15,15,0.765,15.178933,0.668877,0.635992,,1.0,0.0
1.0,8,6,cambria.ttc,999NG7,15,15,0.85,16.0,0.63662,0.603355,,1.0,0.0
0.1,32,6,cambria.ttc,999NG7,15,15,0.085,5.059644,0.959381,1.907975,,1.0,0.0
0.2,32,6,cambria.ttc,999NG7,15,15,0.17,7.155418,0.919759,1.349142,,1.0,0.0
0.3,32,6,cambria.ttc,999NG7,15,15,0.255,8.763561,0.881116,1.10157,H,1.0,0.0
0.4,32,6,cambria.ttc,999NG7,15,15,0.34,10.119289,0.843436,0.953987,,1.0,0.0
0.5,32,6,cambria.ttc,999NG7,15,15,0.425,11.313708,0.8067,0.853272,,1.0,0.0
0.6,32,6,cambria.ttc,999NG7,15,15,0.51,12.393547,0.770893,0.778927,,1.0,0.0
0.7,32,6,cambria.ttc,999NG7,15,15,0.595,13.38656,0.735998,0.721147,,1.0,0.0
0.8,32,6,cambria.ttc,999NG7,15,15,0.68,14.310835,0.701998,0.674571,,1.0,0.0
0.9,32,6,cambria.ttc,999NG7,15,15,0.765,15.178933,0.668877,0.635992,,1.0,0.0
1.0,32,6,cambria.ttc,999NG7,15,15,0.85,16.0,0.63662,0.603355,,1.0,0.0
0.1,128,6,cambria.ttc,999NG7,15,15,0.085,5.059644,0.959381,1.907975,,1.0,0.0
0.2,128,6,cambria.ttc,999NG7,15,15,0.17,7.155418,0.919759,1.349142,,1.0,0.0
0.3,128,6,cambria.ttc,999NG7,15,15,0.255,8.763561,0.881116,1.10157,,1.0,0.0
0.4,128,6,cambria.ttc,999NG7,15,15,0.34,10.119289,0.843436,0.953987,90NG7,0.333333,0.666667
0.5,128,6,cambria.ttc,999NG7,15,15,0.425,11.313708,0.8067,0.853272,SUINGT,0.666667,0.333333
0.6,128,6,cambria.ttc,999NG7,15,15,0.51,12.393547,0.770893,0.778927,Q9ONG,0.5,0.5
0.7,128,6,cambria.ttc,999NG7,15,15,0.595,13.38656,0.735998,0.721147,9I9NG7,0.166667,0.833333
0.8,128,6,cambria.ttc,999NG7,15,15,0.68,14.310835,0.701998,0.674571,SIINGF,0.666667,0.333333
0.9,128,6,cambria.ttc,999NG7,15,15,0.765,15.178933,0.668877,0.635992,O99NG7,0.166667,0.833333
1.0,128,6,cambria.ttc,999NG7,15,15,0.85,16.0,0.63662,0.603355,SIING7,0.5,0.5
0.1,512,6,cambria.ttc,999NG7,15,15,0.085,5.059644,0.959381,1.907975,SUUNGT,0.666667,0.333333
0.2,512,6,cambria.ttc,999NG7,15,15,0.17,7.155418,0.919759,1.349142,SYUNG,0.666667,0.333333
0.3,512,6,cambria.ttc,999NG7,15,15,0.255,8.763561,0.881116,1.10157,JIING,0.666667,0.333333
0.4,512,6,cambria.ttc,999NG7,15,15,0.34,10.119289,0.843436,0.953987,SIING,0.666667,0.333333
0.5,512,6,cambria.ttc,999NG7,15,15,0.425,11.313708,0.8067,0.853272,JIING,0.666667,0.333333
0.6,512,6,cambria.ttc,999NG7,15,15,0.51,12.393547,0.770893,0.778927,JIING7,0.5,0.5
0.7,512,6,cambria.ttc,999NG7,15,15,0.595,13.38656,0.735998,0.721147,SIING,0.666667,0.333333
0.8,512,6,cambria.ttc,999NG7,15,15,0.68,14.310835,0.701998,0.674571,SIING7,0.5,0.5
0.9,512,6,cambria.ttc,999NG7,15,15,0.765,15.178933,0.668877,0.635992,IIING7,0.5,0.5
1.0,512,6,cambria.ttc,999NG7,15,15,0.85,16.0,0.63662,0.603355,S99NG7,0.166667,0.833333
0.1,2048,6,cambria.ttc,999NG7,15,15,0.085,5.059644,0.959381,1.907975,IUINGF,0.666667,0.333333
0.2,2048,6,cambria.ttc,999NG7,15,15,0.17,7.155418,0.919759,1.349142,SIUNGF,0.666667,0.333333
0.3,2048,6,cambria.ttc,999NG7,15,15,0.255,8.763561,0.881116,1.10157,SIONG2,0.666667,0.333333
0.4,2048,6,cambria.ttc,999NG7,15,15,0.34,10.119289,0.843436,0.953987,JIING,0.666667,0.333333
0.5,2048,6,cambria.ttc,999NG7,15,15,0.425,11.313708,0.8067,0.853272,JIING,0.666667,0.333333
0.6,2048,6,cambria.ttc,999NG7,15,15,0.51,12.393547,0.770893,0.778927,SIING,0.666667,0.333333
0.7,2048,6,cambria.ttc,999NG7,15,15,0.595,13.38656,0.735998,0.721147,JIING,0.666667,0.333333
0.8,2048,6,cambria.ttc,999NG7,15,15,0.68,14.310835,0.701998,0.674571,SIING7,0.5,0.5
0.9,2048,6,cambria.ttc,999NG7,15,15,0.765,15.178933,0.668877,0.635992,IIING7,0.5,0.5
1.0,2048,6,cambria.ttc,999NG7,15,15,0.85,16.0,0.63662,0.603355,99ONG7,0.166667,0.833333
0.1,8,6,cambria.ttc,DJELTE,0,0,0.085,5.059644,0.959381,1.907975,,1.0,0.0
0.2,8,6,cambria.ttc,DJELTE,0,0,0.17,7.155418,0.919759,1.349142,B,1.0,0.0
0.3,8,6,cambria.ttc,DJELTE,0,0,0.255,8.763561,0.881116,1.10157,,1.0,0.0
0.4,8,6,cambria.ttc,DJELTE,0,0,0.34,10.119289,0.843436,0.953987,,1.0,0.0
0.5,8,6,cambria.ttc,DJELTE,0,0,0.425,11.313708,0.8067,0.853272,,1.0,0.0
0.6,8,6,cambria.ttc,DJELTE,0,0,0.51,12.393547,0.770893,0.778927,,1.0,0.0
0.7,8,6,cambria.ttc,DJELTE,0,0,0.595,13.38656,0.735998,0.721147,S,1.0,0.0
0.8,8,6,cambria.ttc,DJELTE,0,0,0.68,14.310835,0.701998,0.674571,,1.0,0.0
0.9,8,6,cambria.ttc,DJELTE,0,0,0.765,15.178933,0.668877,0.635992,,1.0,0.0
1.0,8,6,cambria.ttc,DJELTE,0,0,0.85,16.0,0.63662,0.603355,,1.0,0.0
0.1,32,6,cambria.ttc,DJELTE,0,0,0.085,5.059644,0.959381,1.907975,EI,0.833333,0.166667
0.2,32,6,cambria.ttc,DJELTE,0,0,0.17,7.155418,0.919759,1.349142,,1.0,0.0
0.3,32,6,cambria.ttc,DJELTE,0,0,0.255,8.763561,0.881116,1.10157,,1.0,0.0
0.4,32,6,cambria.ttc,DJELTE,0,0,0.34,10.119289,0.843436,0.953987,,1.0,0.0
0.5,32,6,cambria.ttc,DJELTE,0,0,0.425,11.313708,0.8067,0.853272,EE,0.666667,0.333333
0.6,32,6,cambria.ttc,DJELTE,0,0,0.51,12.393547,0.770893,0.778927,SOP,1.0,0.0
0.7,32,6,cambria.ttc,DJELTE,0,0,0.595,13.38656,0.735998,0.721147,,1.0,0.0
0.8,32,6,cambria.ttc,DJELTE,0,0,0.68,14.310835,0.701998,0.674571,,1.0,0.0
0.9,32,6,cambria.ttc,DJELTE,0,0,0.765,15.178933,0.668877,0.635992,,1.0,0.0
1.0,32,6,cambria.ttc,DJELTE,0,0,0.85,16.0,0.63662,0.603355,,1.0,0.0
0.1,128,6,cambria.ttc,DJELTE,0,0,0.085,5.059644,0.959381,1.907975,,1.0,0.0
0.2,128,6,cambria.ttc,DJELTE,0,0,0.17,7.155418,0.919759,1.349142,,1.0,0.0
0.3,128,6,cambria.ttc,DJELTE,0,0,0.255,8.763561,0.881116,1.10157,N,1.0,0.0
0.4,128,6,cambria.ttc,DJELTE,0,0,0.34,10.119289,0.843436,0.953987,,1.0,0.0
0.5,128,6,cambria.ttc,DJELTE,0,0,0.425,11.313708,0.8067,0.853272,,1.0,0.0
0.6,128,6,cambria.ttc,DJELTE,0,0,0.51,12.393547,0.770893,0.778927,,1.0,0.0
0.7,128,6,cambria.ttc,DJELTE,0,0,0.595,13.38656,0.735998,0.721147,DIBETE,0.5,0.5
0.8,128,6,cambria.ttc,DJELTE,0,0,0.68,14.310835,0.701998,0.674571,DIELTE,0.166667,0.833333
0.9,128,6,cambria.ttc,DJELTE,0,0,0.765,15.178933,0.668877,0.635992,,1.0,0.0
1.0,128,6,cambria.ttc,DJELTE,0,0,0.85,16.0,0.63662,0.603355,,1.0,0.0
0.1,512,6,cambria.ttc,DJELTE,0,0,0.085,5.059644,0.959381,1.907975,HT3,0.833333,0.166667
0.2,512,6,cambria.ttc,DJELTE,0,0,0.17,7.155418,0.919759,1.349142,BELTS,0.5,0.5
0.3,512,6,cambria.ttc,DJELTE,0,0,0.255,8.763561,0.881116,1.10157,DIELTE,0.166667,0.833333
0.4,512,6,cambria.ttc,DJELTE,0,0,0.34,10.119289,0.843436,0.953987,DIELTE,0.166667,0.833333
0.5,512,6,cambria.ttc,DJELTE,0,0,0.425,11.313708,0.8067,0.853272,DIELTE,0.166667,0.833333
0.6,512,6,cambria.ttc,DJELTE,0,0,0.51,12.393547,0.770893,0.778927,DIELTE,0.166667,0.833333
0.7,512,6,cambria.ttc,DJELTE,0,0,0.595,13.38656,0.735998,0.721147,DIELTE,0.166667,0.833333
0.8,512,6,cambria.ttc,DJELTE,0,0,0.68,14.310835,0.701998,0.674571,DIELTE,0.166667,0.833333
0.9,512,6,cambria.ttc,DJELTE,0,0,0.765,15.178933,0.668877,0.635992,DIELTE,0.166667,0.833333
1.0,512,6,cambria.ttc,DJELTE,0,0,0.85,16.0,0.63662,0.603355,DIELTE,0.166667,0.833333
0.1,2048,6,cambria.ttc,DJELTE,0,0,0.085,5.059644,0.959381,1.907975,HS,1.0,0.0
0.2,2048,6,cambria.ttc,DJELTE,0,0,0.17,7.155418,0.919759,1.349142,DL,0.666667,0.333333
0.3,2048,6,cambria.ttc,DJELTE,0,0,0.255,8.763561,0.881116,1.10157,DIELTE,0.166667,0.833333
0.4,2048,6,cambria.ttc,DJELTE,0,0,0.34,10.119289,0.843436,0.953987,DIELTE,0.166667,0.833333
0.5,2048,6,cambria.ttc,DJELTE,0,0,0.425,11.313708,0.8067,0.853272,BDIELTE,0.333333,0.666667
0.6,2048,6,cambria.ttc,DJELTE,0,0,0.51,12.393547,0.770893,0.778927,DIELTE,0.166667,0.833333
0.7,2048,6,cambria.ttc,DJELTE,0,0,0.595,13.38656,0.735998,0.721147,DIELTE,0.166667,0.833333
0.8,2048,6,cambria.ttc,DJELTE,0,0,0.68,14.310835,0.701998,0.674571,DIELTE,0.166667,0.833333
0.9,2048,6,cambria.ttc,DJELTE,0,0,0.765,15.178933,0.668877,0.635992,DIELTE,0.166667,0.833333
1.0,2048,6,cambria.ttc,DJELTE,0,0,0.85,16.0,0.63662,0.603355,DIELTE,0.166667,0.833333
0.1,8,6,cambria.ttc,DJELTE,0,15,0.085,5.059644,0.959381,1.907975,,1.0,0.0
0.2,8,6,cambria.ttc,DJELTE,0,15,0.17,7.155418,0.919759,1.349142,,1.0,0.0
0.3,8,6,cambria.ttc,DJELTE,0,15,0.255,8.763561,0.881116,1.10157,,1.0,0.0
0.4,8,6,cambria.ttc,DJELTE,0,15,0.34,10.119289,0.843436,0.953987,,1.0,0.0
0.5,8,6,cambria.ttc,DJELTE,0,15,0.425,11.313708,0.8067,0.853272,,1.0,0.0
0.6,8,6,cambria.ttc,DJELTE,0,15,0.51,12.393547,0.770893,0.778927,,1.0,0.0
0.7,8,6,cambria.ttc,DJELTE,0,15,0.595,13.38656,0.735998,0.721147,PA,1.0,0.0
0.8,8,6,cambria.ttc,DJELTE,0,15,0.68,14.310835,0.701998,0.674571,E,0.833333,0.166667
0.9,8,6,cambria.ttc,DJELTE,0,15,0.765,15.178933,0.668877,0.635992,,1.0,0.0
1.0,8,6,cambria.ttc,DJELTE,0,15,0.85,16.0,0.63662,0.603355,,1.0,0.0
0.1,32,6,cambria.ttc,DJELTE,0,15,0.085,5.059644,0.959381,1.907975,,1.0,0.0
0.2,32,6,cambria.ttc,DJELTE,0,15,0.17,7.155418,0.919759,1.349142,,1.0,0.0
0.3,32,6,cambria.ttc,DJELTE,0,15,0.255,8.763561,0.881116,1.10157,,1.0,0.0
0.4,32,6,cambria.ttc,DJELTE,0,15,0.34,10.119289,0.843436,0.953987,,1.0,0.0
0.5,32,6,cambria.ttc,DJELTE,0,15,0.425,11.313708,0.8067,0.853272,,1.0,0.0
0.6,32,6,cambria.ttc,DJELTE,0,15,0.51,12.393547,0.770893,0.778927,,1.0,0.0
0.7,32,6,cambria.ttc,DJELTE,0,15,0.595,13.38656,0.735998,0.721147,,1.0,0.0
0.8,32,6,cambria.ttc,DJELTE,0,15,0.68,14.310835,0.701998,0.674571,,1.0,0.0
0.9,32,6,cambria.ttc,DJELTE,0,15,0.765,15.178933,0.668877,0.635992,WES,0.833333,0.166667
1.0,32,6,cambria.ttc,DJELTE,0,15,0.85,16.0,0.63662,0.603355,,1.0,0.0
0.1,128,6,cambria.ttc,DJELTE,0,15,0.085,5.059644,0.959381,1.907975,,1.0,0.0
0.2,128,6,cambria.ttc,DJELTE,0,15,0.17,7.155418,0.919759,1.349142,,1.0,0.0
0.3,128,6,cambria.ttc,DJELTE,0,15,0.255,8.763561,0.881116,1.10157,,1.0,0.0
0.4,128,6,cambria.ttc,DJELTE,0,15,0.34,10.119289,0.843436,0.953987,,1.0,0.0
0.5,128,6,cambria.ttc,DJELTE,0,15,0.425,11.313708,0.8067,0.853272,M,1.0,0.0
0.6,128,6,cambria.ttc,DJELTE,0,15,0.51,12.393547,0.770893,0.778927,ETE,0.5,0.5
0.7,128,6,cambria.ttc,DJELTE,0,15,0.595,13.38656,0.735998,0.721147,,1.0,0.0
0.8,128,6,cambria.ttc,DJELTE,0,15,0.68,14.310835,0.701998,0.674571,AHEETE,0.5,0.5
0.9,128,6,cambria.ttc,DJELTE,0,15,0.765,15.178933,0.668877,0.635992,DERYE,0.5,0.5
1.0,128,6,cambria.ttc,DJELTE,0,15,0.85,16.0,0.63662,0.603355,DIELTE,0.166667,0.833333
0.1,512,6,cambria.ttc,DJELTE,0,15,0.085,5.059644,0.959381,1.907975,US,1.0,0.0
0.2,512,6,cambria.ttc,DJELTE,0,15,0.17,7.155418,0.919759,1.349142,DULLES,0.666667,0.333333
0.3,512,6,cambria.ttc,DJELTE,0,15,0.255,8.763561,0.881116,1.10157,DIELYS,0.5,0.5
0.4,512,6,cambria.ttc,DJELTE,0,15,0.34,10.119289,0.843436,0.953987,DIELYE,0.333333,0.666667
0.5,512,6,cambria.ttc,DJELTE,0,15,0.425,11.313708,0.8067,0.853272,DIELTE,0.166667,0.833333
0.6,512,6,cambria.ttc,DJELTE,0,15,0.51,12.393547,0.770893,0.778927,DIELTE,0.166667,0.833333
0.7,512,6,cambria.ttc,DJELTE,0,15,0.595,13.38656,0.735998,0.721147,DIELTE,0.166667,0.833333
0.8,512,6,cambria.ttc,DJELTE,0,15,0.68,14.310835,0.701998,0.674571,DIELTE,0.166667,0.833333
0.9,512,6,cambria.ttc,DJELTE,0,15,0.765,15.178933,0.668877,0.635992,DIELTE,0.166667,0.833333
1.0,512,6,cambria.ttc,DJELTE,0,15,0.85,16.0,0.63662,0.603355,DIELTE,0.166667,0.833333
0.1,2048,6,cambria.ttc,DJELTE,0,15,0.085,5.059644,0.959381,1.907975,J,0.833333,0.166667
0.2,2048,6,cambria.ttc,DJELTE,0,15,0.17,7.155418,0.919759,1.349142,BLL,0.833333,0.166667
0.3,2048,6,cambria.ttc,DJELTE,0,15,0.255,8.763561,0.881116,1.10157,DILLVE,0.5,0.5
0.4,2048,6,cambria.ttc,DJELTE,0,15,0.34,10.119289,0.843436,0.953987,BIELTE,0.333333,0.666667
0.5,2048,6,cambria.ttc,DJELTE,0,15,0.425,11.313708,0.8067,0.853272,DIELTE,0.166667,0.833333
0.6,2048,6,cambria.ttc,DJELTE,0,15,0.51,12.393547,0.770893,0.778927,DIELTE,0.166667,0.833333
0.7,2048,6,cambria.ttc,DJELTE,0,15,0.595,13.38656,0.735998,0.721147,DIELTE,0.166667,0.833333
0.8,2048,6,cambria.ttc,DJELTE,0,15,0.68,14.310835,0.701998,0.674571,DIELTE,0.166667,0.833333
0.9,2048,6,cambria.ttc,DJELTE,0,15,0.765,15.178933,0.668877,0.635992,DIELTE,0.166667,0.833333
1.0,2048,6,cambria.ttc,DJELTE,0,15,0.85,16.0,0.63662,0.603355,DIELTE,0.166667,0.833333
0.1,8,6,cambria.ttc,DJELTE,15,0,0.085,5.059644,0.959381,1.907975,,1.0,0.0
0.2,8,6,cambria.ttc,DJELTE,15,0,0.17,7.155418,0.919759,1.349142,,1.0,0.0
0.3,8,6,cambria.ttc,DJELTE,15,0,0.255,8.763561,0.881116,1.10157,,1.0,0.0
0.4,8,6,cambria.ttc,DJELTE,15,0,0.34,10.119289,0.843436,0.953987,PS,1.0,0.0
0.5,8,6,cambria.ttc,DJELTE,15,0,0.425,11.313708,0.8067,0.853272,,1.0,0.0
0.6,8,6,cambria.ttc,DJELTE,15,0,0.51,12.393547,0.770893,0.778927,,1.0,0.0
0.7,8,6,cambria.ttc,DJELTE,15,0,0.595,13.38656,0.735998,0.721147,,1.0,0.0
0.8,8,6,cambria.ttc,DJELTE,15,0,0.68,14.310835,0.701998,0.674571,,1.0,0.0
0.9,8,6,cambria.ttc,DJELTE,15,0,0.765,15.178933,0.668877,0.635992,,1.0,0.0
1.0,8,6,cambria.ttc,DJELTE,15,0,0.85,16.0,0.63662,0.603355,,1.0,0.0
0.1,32,6,cambria.ttc,DJELTE,15,0,0.085,5.059644,0.959381,1.907975,,1.0,0.0
0.2,32,6,cambria.ttc,DJELTE,15,0,0.17,7.155418,0.919759,1.349142,,1.0,0.0
0.3,32,6,cambria.ttc,DJELTE,15,0,0.255,8.763561,0.881116,1.10157,,1.0,0.0
0.4,32,6,cambria.ttc,DJELTE,15,0,0.34,10.119289,0.843436,0.953987,RS,1.0,0.0
0.5,32,6,cambria.ttc,DJELTE,15,0,0.425,11.313708,0.8067,0.853272,,1.0,0.0
0.6,32,6,cambria.ttc,DJELTE,15,0,0.51,12.393547,0.770893,0.778927,,1.0,0.0
0.7,32,6,cambria.ttc,DJELTE,15,0,0.595,13.38656,0.735998,0.721147,,1.0,0.0
0.8,32,6,cambria.ttc,DJELTE,15,0,0.68,14.310835,0.701998,0.674571,,1.0,0.0
0.9,32,6,cambria.ttc,DJELTE,15,0,0.765,15.178933,0.668877,0.635992,PRES,0.833333,0.166667
1.0,32,6,cambria.ttc,DJELTE,15,0,0.85,16.0,0.63662,0.603355,,1.0,0.0
0.1,128,6,cambria.ttc,DJELTE,15,0,0.085,5.059644,0.959381,1.907975,,1.0,0.0
0.2,128,6,cambria.ttc,DJELTE,15,0,0.17,7.155418,0.919759,1.349142,,1.0,0.0
0.3,128,6,cambria.ttc,DJELTE,15,0,0.255,8.763561,0.881116,1.10157,,1.0,0.0
0.4,128,6,cambria.ttc,DJELTE,15,0,0.34,10.119289,0.843436,0.953987,,1.0,0.0
0.5,128,6,cambria.ttc,DJELTE,15,0,0.425,11.313708,0.8067,0.853272,,1.0,0.0
0.6,128,6,cambria.ttc,DJELTE,15,0,0.51,12.393547,0.770893,0.778927,,1.0,0.0
0.7,128,6,cambria.ttc,DJELTE,15,0,0.595,13.38656,0.735998,0.721147,D,0.833333,0.166667
0.8,128,6,cambria.ttc,DJELTE,15,0,0.68,14.310835,0.701998,0.674571,DIBLTE,0.333333,0.666667
0.9,128,6,cambria.ttc,DJELTE,15,0,0.765,15.178933,0.668877,0.635992,,1.0,0.0
1.0,128,6,cambria.ttc,DJELTE,15,0,0.85,16.0,0.63662,0.603355,DIELTE,0.166667,0.833333
0.1,512,6,cambria.ttc,DJELTE,15,0,0.085,5.059644,0.959381,1.907975,,1.0,0.0
0.2,512,6,cambria.ttc,DJELTE,15,0,0.17,7.155418,0.919759,1.349142,SILLY,0.833333,0.166667
0.3,512,6,cambria.ttc,DJELTE,15,0,0.255,8.763561,0.881116,1.10157,DELLE,0.333333,0.666667
0.4,512,6,cambria.ttc,DJELTE,15,0,0.34,10.119289,0.843436,0.953987,DIELTE,0.166667,0.833333
0.5,512,6,cambria.ttc,DJELTE,15,0,0.425,11.313708,0.8067,0.853272,DIELTE,0.166667,0.833333
0.6,512,6,cambria.ttc,DJELTE,15,0,0.51,12.393547,0.770893,0.778927,DIELTE,0.166667,0.833333
0.7,512,6,cambria.ttc,DJELTE,15,0,0.595,13.38656,0.735998,0.721147,DIELTE,0.166667,0.833333
0.8,512,6,cambria.ttc,DJELTE,15,0,0.68,14.310835,0.701998,0.674571,DIELTE,0.166667,0.833333
0.9,512,6,cambria.ttc,DJELTE,15,0,0.765,15.178933,0.668877,0.635992,DIELTE,0.166667,0.833333
1.0,512,6,cambria.ttc,DJELTE,15,0,0.85,16.0,0.63662,0.603355,DIELTE,0.166667,0.833333
0.1,2048,6,cambria.ttc,DJELTE,15,0,0.085,5.059644,0.959381,1.907975,JL,0.666667,0.333333
0.2,2048,6,cambria.ttc,DJELTE,15,0,0.17,7.155418,0.919759,1.349142,JHELV,0.666667,0.333333
0.3,2048,6,cambria.ttc,DJELTE,15,0,0.255,8.763561,0.881116,1.10157,DIELTE,0.166667,0.833333
0.4,2048,6,cambria.ttc,DJELTE,15,0,0.34,10.119289,0.843436,0.953987,DIELTE,0.166667,0.833333
0.5,2048,6,cambria.ttc,DJELTE,15,0,0.425,11.313708,0.8067,0.853272,DIELTE,0.166667,0.833333
0.6,2048,6,cambria.ttc,DJELTE,15,0,0.51,12.393547,0.770893,0.778927,BDIELTE,0.333333,0.666667
0.7,2048,6,cambria.ttc,DJELTE,15,0,0.595,13.38656,0.735998,0.721147,DIJELTE,0.166667,0.833333
0.8,2048,6,cambria.ttc,DJELTE,15,0,0.68,14.310835,0.701998,0.674571,DIELTE,0.166667,0.833333
0.9,2048,6,cambria.ttc,DJELTE,15,0,0.765,15.178933,0.668877,0.635992,DJELTE,0.0,1.0
1.0,2048,6,cambria.ttc,DJELTE,15,0,0.85,16.0,0.63662,0.603355,DIELTE,0.166667,0.833333
0.1,8,6,cambria.ttc,DJELTE,15,15,0.085,5.059644,0.959381,1.907975,,1.0,0.0
0.2,8,6,cambria.ttc,DJELTE,15,15,0.17,7.155418,0.919759,1.349142,,1.0,0.0
0.3,8,6,cambria.ttc,DJELTE,15,15,0.255,8.763561,0.881116,1.10157,,1.0,0.0
0.4,8,6,cambria.ttc,DJELTE,15,15,0.34,10.119289,0.843436,0.953987,,1.0,0.0
0.5,8,6,cambria.ttc,DJELTE,15,15,0.425,11.313708,0.8067,0.853272,,1.0,0.0
0.6,8,6,cambria.ttc,DJELTE,15,15,0.51,12.393547,0.770893,0.778927,,1.0,0.0
0.7,8,6,cambria.ttc,DJELTE,15,15,0.595,13.38656,0.735998,0.721147,,1.0,0.0
0.8,8,6,cambria.ttc,DJELTE,15,15,0.68,14.310835,0.701998,0.674571,,1.0,0.0
0.9,8,6,cambria.ttc,DJELTE,15,15,0.765,15.178933,0.668877,0.635992,,1.0,0.0
1.0,8,6,cambria.ttc,DJELTE,15,15,0.85,16.0,0.63662,0.603355,,1.0,0.0
0.1,32,6,cambria.ttc,DJELTE,15,15,0.085,5.059644,0.959381,1.907975,AEN,0.833333,0.166667
0.2,32,6,cambria.ttc,DJELTE,15,15,0.17,7.155418,0.919759,1.349142,TN,0.833333,0.166667
0.3,32,6,cambria.ttc,DJELTE,15,15,0.255,8.763561,0.881116,1.10157,,1.0,0.0
0.4,32,6,cambria.ttc,DJELTE,15,15,0.34,10.119289,0.843436,0.953987,,1.0,0.0
0.5,32,6,cambria.ttc,DJELTE,15,15,0.425,11.313708,0.8067,0.853272,,1.0,0.0
0.6,32,6,cambria.ttc,DJELTE,15,15,0.51,12.393547,0.770893,0.778927,,1.0,0.0
0.7,32,6,cambria.ttc,DJELTE,15,15,0.595,13.38656,0.735998,0.721147,NESE,0.666667,0.333333
0.8,32,6,cambria.ttc,DJELTE,15,15,0.68,14.310835,0.701998,0.674571,,1.0,0.0
0.9,32,6,cambria.ttc,DJELTE,15,15,0.765,15.178933,0.668877,0.635992,,1.0,0.0
1.0,32,6,cambria.ttc,DJELTE,15,15,0.85,16.0,0.63662,0.603355,,1.0,0.0
0.1,128,6,cambria.ttc,DJELTE,15,15,0.085,5.059644,0.959381,1.907975,,1.0,0.0
0.2,128,6,cambria.ttc,DJELTE,15,15,0.17,7.155418,0.919759,1.349142,,1.0,0.0
0.3,128,6,cambria.ttc,DJELTE,15,15,0.255,8.763561,0.881116,1.10157,,1.0,0.0
0.4,128,6,cambria.ttc,DJELTE,15,15,0.34,10.119289,0.843436,0.953987,,1.0,0.0
0.5,128,6,cambria.ttc,DJELTE,15,15,0.425,11.313708,0.8067,0.853272,,1.0,0.0
0.6,128,6,cambria.ttc,DJELTE,15,15,0.51,12.393547,0.770893,0.778927,DLT,0.5,0.5
0.7,128,6,cambria.ttc,DJELTE,15,15,0.595,13.38656,0.735998,0.721147,ET,0.666667,0.333333
0.8,128,6,cambria.ttc,DJELTE,15,15,0.68,14.310835,0.701998,0.674571,,1.0,0.0
0.9,128,6,cambria.ttc,DJELTE,15,15,0.765,15.178933,0.668877,0.635992,,1.0,0.0
1.0,128,6,cambria.ttc,DJELTE,15,15,0.85,16.0,0.63662,0.603355,DET,0.5,0.5
0.1,512,6,cambria.ttc,DJELTE,15,15,0.085,5.059644,0.959381,1.907975,WELT,0.5,0.5
0.2,512,6,cambria.ttc,DJELTE,15,15,0.17,7.155418,0.919759,1.349142,JILLVE,0.666667,0.333333
0.3,512,6,cambria.ttc,DJELTE,15,15,0.255,8.763561,0.881116,1.10157,OWLS,0.833333,0.166667
0.4,512,6,cambria.ttc,DJELTE,15,15,0.34,10.119289,0.843436,0.953987,BILLY,0.833333,0.166667
0.5,512,6,cambria.ttc,DJELTE,15,15,0.425,11.313708,0.8067,0.853272,DIELTES,0.333333,0.666667
0.6,512,6,cambria.ttc,DJELTE,15,15,0.51,12.393547,0.770893,0.778927,DIELTE,0.166667,0.833333
0.7,512,6,cambria.ttc,DJELTE,15,15,0.595,13.38656,0.735998,0.721147,DIELTE,0.166667,0.833333
0.8,512,6,cambria.ttc,DJELTE,15,15,0.68,14.310835,0.701998,0.674571,DIELTE,0.166667,0.833333
0.9,512,6,cambria.ttc,DJELTE,15,15,0.765,15.178933,0.668877,0.635992,DIELTE,0.166667,0.833333
1.0,512,6,cambria.ttc,DJELTE,15,15,0.85,16.0,0.63662,0.603355,DIELTE,0.166667,0.833333
0.1,2048,6,cambria.ttc,DJELTE,15,15,0.085,5.059644,0.959381,1.907975,JL,0.666667,0.333333
0.2,2048,6,cambria.ttc,DJELTE,15,15,0.17,7.155418,0.919759,1.349142,ILLS,0.833333,0.166667
0.3,2048,6,cambria.ttc,DJELTE,15,15,0.255,8.763561,0.881116,1.10157,DIELS,0.5,0.5
0.4,2048,6,cambria.ttc,DJELTE,15,15,0.34,10.119289,0.843436,0.953987,DIELTE,0.166667,0.833333
0.5,2048,6,cambria.ttc,DJELTE,15,15,0.425,11.313708,0.8067,0.853272,DIELTE,0.166667,0.833333
0.6,2048,6,cambria.ttc,DJELTE,15,15,0.51,12.393547,0.770893,0.778927,DIELTE,0.166667,0.833333
0.7,2048,6,cambria.ttc,DJELTE,15,15,0.595,13.38656,0.735998,0.721147,DIELTE,0.166667,0.833333
0.8,2048,6,cambria.ttc,DJELTE,15,15,0.68,14.310835,0.701998,0.674571,DIELTE,0.166667,0.833333
0.9,2048,6,cambria.ttc,DJELTE,15,15,0.765,15.178933,0.668877,0.635992,DIELTE,0.166667,0.833333
1.0,2048,6,cambria.ttc,DJELTE,15,15,0.85,16.0,0.63662,0.603355,DIELTE,0.166667,0.833333
0.1,8,8,arial.ttf,999NG7,0,0,0.085,5.059644,0.959381,1.907975,,1.0,0.0
0.2,8,8,arial.ttf,999NG7,0,0,0.17,7.155418,0.919759,1.349142,,1.0,0.0
0.3,8,8,arial.ttf,999NG7,0,0,0.255,8.763561,0.881116,1.10157,,1.0,0.0
0.4,8,8,arial.ttf,999NG7,0,0,0.34,10.119289,0.843436,0.953987,,1.0,0.0
0.5,8,8,arial.ttf,999NG7,0,0,0.425,11.313708,0.8067,0.853272,,1.0,0.0
0.6,8,8,arial.ttf,999NG7,0,0,0.51,12.393547,0.770893,0.778927,,1.0,0.0
0.7,8,8,arial.ttf,999NG7,0,0,0.595,13.38656,0.735998,0.721147,SOONG,0.666667,0.333333
0.8,8,8,arial.ttf,999NG7,0,0,0.68,14.310835,0.701998,0.674571,,1.0,0.0
0.9,8,8,arial.ttf,999NG7,0,0,0.765,15.178933,0.668877,0.635992,BOSH,1.0,0.0
1.0,8,8,arial.ttf,999NG7,0,0,0.85,16.0,0.63662,0.603355,,1.0,0.0
0.1,32,8,arial.ttf,999NG7,0,0,0.085,5.059644,0.959381,1.907975,B5,1.0,0.0
0.2,32,8,arial.ttf,999NG7,0,0,0.17,7.155418,0.919759,1.349142,,1.0,0.0
0.3,32,8,arial.ttf,999NG7,0,0,0.255,8.763561,0.881116,1.10157,,1.0,0.0
0.4,32,8,arial.ttf,999NG7,0,0,0.34,10.119289,0.843436,0.953987,OSONGT,0.666667,0.333333
0.5,32,8,arial.ttf,999NG7,0,0,0.425,11.313708,0.8067,0.853272,,1.0,0.0
0.6,32,8,arial.ttf,999NG7,0,0,0.51,12.393547,0.770893,0.778927,,1.0,0.0
0.7,32,8,arial.ttf,999NG7,0,0,0.595,13.38656,0.735998,0.721147,,1.0,0.0
0.8,32,8,arial.ttf,999NG7,0,0,0.68,14.310835,0.701998,0.674571,,1.0,0.0
0.9,32,8,arial.ttf,999NG7,0,0,0.765,15.178933,0.668877,0.635992,,1.0,0.0
1.0,32,8,arial.ttf,999NG7,0,0,0.85,16.0,0.63662,0.603355,,1.0,0.0
0.1,128,8,arial.ttf,999NG7,0,0,0.085,5.059644,0.959381,1.907975,SPONGE,0.666667,0.333333
0.2,128,8,arial.ttf,999NG7,0,0,0.17,7.155418,0.919759,1.349142,,1.0,0.0
0.3,128,8,arial.ttf,999NG7,0,0,0.255,8.763561,0.881116,1.10157,,1.0,0.0
0.4,128,8,arial.ttf,999NG7,0,0,0.34,10.119289,0.843436,0.953987,SSENGT,0.666667,0.333333
0.5,128,8,arial.ttf,999NG7,0,0,0.425,11.313708,0.8067,0.853272,999NG7,0.0,1.0
0.6,128,8,arial.ttf,999NG7,0,0,0.51,12.393547,0.770893,0.778927,9S9NG7,0.166667,0.833333
0.7,128,8,arial.ttf,999NG7,0,0,0.595,13.38656,0.735998,0.721147,S9SNG7,0.333333,0.666667
0.8,128,8,arial.ttf,999NG7,0,0,0.68,14.310835,0.701998,0.674571,SSONG7,0.5,0.5
0.9,128,8,arial.ttf,999NG7,0,0,0.765,15.178933,0.668877,0.635992,999NG7,0.0,1.0
1.0,128,8,arial.ttf,999NG7,0,0,0.85,16.0,0.63662,0.603355,99SNG7,0.166667,0.833333
0.1,512,8,arial.ttf,999NG7,0,0,0.085,5.059644,0.959381,1.907975,SSONG7T,0.666667,0.333333
0.2,512,8,arial.ttf,999NG7,0,0,0.17,7.155418,0.919759,1.349142,SSSNG7,0.5,0.5
0.3,512,8,arial.ttf,999NG7,0,0,0.255,8.763561,0.881116,1.10157,S9SNG7,0.333333,0.666667
0.4,512,8,arial.ttf,999NG7,0,0,0.34,10.119289,0.843436,0.953987,SS9NG7,0.333333,0.666667
0.5,512,8,arial.ttf,999NG7,0,0,0.425,11.313708,0.8067,0.853272,SS9NG7,0.333333,0.666667
0.6,512,8,arial.ttf,999NG7,0,0,0.51,12.393547,0.770893,0.778927,S9SNG7,0.333333,0.666667
0.7,512,8,arial.ttf,999NG7,0,0,0.595,13.38656,0.735998,0.721147,999NG7,0.0,1.0
0.8,512,8,arial.ttf,999NG7,0,0,0.68,14.310835,0.701998,0.674571,SSONG7,0.5,0.5
0.9,512,8,arial.ttf,999NG7,0,0,0.765,15.178933,0.668877,0.635992,99SNG7,0.166667,0.833333
1.0,512,8,arial.ttf,999NG7,0,0,0.85,16.0,0.63662,0.603355,SS9NG7,0.333333,0.666667
0.1,2048,8,arial.ttf,999NG7,0,0,0.085,5.059644,0.959381,1.907975,SSSNG,0.666667,0.333333
0.2,2048,8,arial.ttf,999NG7,0,0,0.17,7.155418,0.919759,1.349142,SSSNG7,0.5,0.5
0.3,2048,8,arial.ttf,999NG7,0,0,0.255,8.763561,0.881116,1.10157,SS9NG7,0.333333,0.666667
0.4,2048,8,arial.ttf,999NG7,0,0,0.34,10.119289,0.843436,0.953987,S99NG7,0.166667,0.833333
0.5,2048,8,arial.ttf,999NG7,0,0,0.425,11.313708,0.8067,0.853272,S9S9NG7,0.333333,0.666667
0.6,2048,8,arial.ttf,999NG7,0,0,0.51,12.393547,0.770893,0.778927,SSSNG7,0.5,0.5
0.7,2048,8,arial.ttf,999NG7,0,0,0.595,13.38656,0.735998,0.721147,S99NG7,0.166667,0.833333
0.8,2048,8,arial.ttf,999NG7,0,0,0.68,14.310835,0.701998,0.674571,999NG7,0.0,1.0
0.9,2048,8,arial.ttf,999NG7,0,0,0.765,15.178933,0.668877,0.635992,999NG7,0.0,1.0
1.0,2048,8,arial.ttf,999NG7,0,0,0.85,16.0,0.63662,0.603355,SSONG7,0.5,0.5
0.1,8,8,arial.ttf,999NG7,0,15,0.085,5.059644,0.959381,1.907975,,1.0,0.0
0.2,8,8,arial.ttf,999NG7,0,15,0.17,7.155418,0.919759,1.349142,,1.0,0.0
0.3,8,8,arial.ttf,999NG7,0,15,0.255,8.763561,0.881116,1.10157,,1.0,0.0
0.4,8,8,arial.ttf,999NG7,0,15,0.34,10.119289,0.843436,0.953987,,1.0,0.0
0.5,8,8,arial.ttf,999NG7,0,15,0.425,11.313708,0.8067,0.853272,,1.0,0.0
0.6,8,8,arial.ttf,999NG7,0,15,0.51,12.393547,0.770893,0.778927,,1.0,0.0
0.7,8,8,arial.ttf,999NG7,0,15,0.595,13.38656,0.735998,0.721147,,1.0,0.0
0.8,8,8,arial.ttf,999NG7,0,15,0.68,14.310835,0.701998,0.674571,,1.0,0.0
0.9,8,8,arial.ttf,999NG7,0,15,0.765,15.178933,0.668877,0.635992,,1.0,0.0
1.0,8,8,arial.ttf,999NG7,0,15,0.85,16.0,0.63662,0.603355,,1.0,0.0
0.1,32,8,arial.ttf,999NG7,0,15,0.085,5.059644,0.959381,1.907975,,1.0,0.0
0.2,32,8,arial.ttf,999NG7,0,15,0.17,7.155418,0.919759,1.349142,SOONG,0.666667,0.333333
0.3,32,8,arial.ttf,999NG7,0,15,0.255,8.763561,0.881116,1.10157,,1.0,0.0
0.4,32,8,arial.ttf,999NG7,0,15,0.34,10.119289,0.843436,0.953987,,1.0,0.0
0.5,32,8,arial.ttf,999NG7,0,15,0.425,11.313708,0.8067,0.853272,O2ONGT,0.666667,0.333333
0.6,32,8,arial.ttf,999NG7,0,15,0.51,12.393547,0.770893,0.778927,,1.0,0.0
0.7,32,8,arial.ttf,999NG7,0,15,0.595,13.38656,0.735998,0.721147,,1.0,0.0
0.8,32,8,arial.ttf,999NG7,0,15,0.68,14.310835,0.701998,0.674571,,1.0,0.0
0.9,32,8,arial.ttf,999NG7,0,15,0.765,15.178933,0.668877,0.635992,,1.0,0.0
1.0,32,8,arial.ttf,999NG7,0,15,0.85,16.0,0.63662,0.603355,O29NG7,0.333333,0.666667
0.1,128,8,arial.ttf,999NG7,0,15,0.085,5.059644,0.959381,1.907975,SOONGT,0.666667,0.333333
0.2,128,8,arial.ttf,999NG7,0,15,0.17,7.155418,0.919759,1.349142,,1.0,0.0
0.3,128,8,arial.ttf,999NG7,0,15,0.255,8.763561,0.881116,1.10157,Q9ONGT,0.5,0.5
0.4,128,8,arial.ttf,999NG7,0,15,0.34,10.119289,0.843436,0.953987,S9ONG7,0.333333,0.666667
0.5,128,8,arial.ttf,999NG7,0,15,0.425,11.313708,0.8067,0.853272,999NG7,0.0,1.0
0.6,128,8,arial.ttf,999NG7,0,15,0.51,12.393547,0.770893,0.778927,SSONG7,0.5,0.5
0.7,128,8,arial.ttf,999NG7,0,15,0.595,13.38656,0.735998,0.721147,SSSNG7,0.5,0.5
0.8,128,8,arial.ttf,999NG7,0,15,0.68,14.310835,0.701998,0.674571,S9SNG7,0.333333,0.666667
0.9,128,8,arial.ttf,999NG7,0,15,0.765,15.178933,0.668877,0.635992,SSONG7,0.5,0.5
1.0,128,8,arial.ttf,999NG7,0,15,0.85,16.0,0.63662,0.603355,SSONG7,0.5,0.5
0.1,512,8,arial.ttf,999NG7,0,15,0.085,5.059644,0.959381,1.907975,S53NG7,0.5,0.5
0.2,512,8,arial.ttf,999NG7,0,15,0.17,7.155418,0.919759,1.349142,SSSNG7,0.5,0.5
0.3,512,8,arial.ttf,999NG7,0,15,0.255,8.763561,0.881116,1.10157,SSSNG7,0.5,0.5
0.4,512,8,arial.ttf,999NG7,0,15,0.34,10.119289,0.843436,0.953987,SSONG7,0.5,0.5
0.5,512,8,arial.ttf,999NG7,0,15,0.425,11.313708,0.8067,0.853272,SSONG7,0.5,0.5
0.6,512,8,arial.ttf,999NG7,0,15,0.51,12.393547,0.770893,0.778927,SSONG7,0.5,0.5
0.7,512,8,arial.ttf,999NG7,0,15,0.595,13.38656,0.735998,0.721147,SSSNG7,0.5,0.5
0.8,512,8,arial.ttf,999NG7,0,15,0.68,14.310835,0.701998,0.674571,SS9NG7,0.333333,0.666667
0.9,512,8,arial.ttf,999NG7,0,15,0.765,15.178933,0.668877,0.635992,S9S9NG7,0.333333,0.666667
1.0,512,8,arial.ttf,999NG7,0,15,0.85,16.0,0.63662,0.603355,SSSNG7,0.5,0.5
0.1,2048,8,arial.ttf,999NG7,0,15,0.085,5.059644,0.959381,1.907975,SSSONG7,0.666667,0.333333
0.2,2048,8,arial.ttf,999NG7,0,15,0.17,7.155418,0.919759,1.349142,SSSNG7,0.5,0.5
0.3,2048,8,arial.ttf,999NG7,0,15,0.255,8.763561,0.881116,1.10157,SSONG7,0.5,0.5
0.4,2048,8,arial.ttf,999NG7,0,15,0.34,10.119289,0.843436,0.953987,SSONG7,0.5,0.5
0.5,2048,8,arial.ttf,999NG7,0,15,0.425,11.313708,0.8067,0.853272,SSONG,0.666667,0.333333
0.6,2048,8,arial.ttf,999NG7,0,15,0.51,12.393547,0.770893,0.778927,SSONG7,0.5,0.5
0.7,2048,8,arial.ttf,999NG7,0,15,0.595,13.38656,0.735998,0.721147,SSONG7,0.5,0.5
0.8,2048,8,arial.ttf,999NG7,0,15,0.68,14.310835,0.701998,0.674571,SS9ONG7,0.5,0.5
0.9,2048,8,arial.ttf,999NG7,0,15,0.765,15.178933,0.668877,0.635992,S99NG7,0.166667,0.833333
1.0,2048,8,arial.ttf,999NG7,0,15,0.85,16.0,0.63662,0.603355,S9S9NG7,0.333333,0.666667
0.1,8,8,arial.ttf,999NG7,15,0,0.085,5.059644,0.959381,1.907975,,1.0,0.0
0.2,8,8,arial.ttf,999NG7,15,0,0.17,7.155418,0.919759,1.349142,,1.0,0.0
0.3,8,8,arial.ttf,999NG7,15,0,0.255,8.763561,0.881116,1.10157,,1.0,0.0
0.4,8,8,arial.ttf,999NG7,15,0,0.34,10.119289,0.843436,0.953987,,1.0,0.0
0.5,8,8,arial.ttf,999NG7,15,0,0.425,11.313708,0.8067,0.853272,,1.0,0.0
0.6,8,8,arial.ttf,999NG7,15,0,0.51,12.393547,0.770893,0.778927,,1.0,0.0
0.7,8,8,arial.ttf,999NG7,15,0,0.595,13.38656,0.735998,0.721147,,1.0,0.0
0.8,8,8,arial.ttf,999NG7,15,0,0.68,14.310835,0.701998,0.674571,PSST,1.0,0.0
0.9,8,8,arial.ttf,999NG7,15,0,0.765,15.178933,0.668877,0.635992,,1.0,0.0
1.0,8,8,arial.ttf,999NG7,15,0,0.85,16.0,0.63662,0.603355,,1.0,0.0
0.1,32,8,arial.ttf,999NG7,15,0,0.085,5.059644,0.959381,1.907975,WS,1.0,0.0
0.2,32,8,arial.ttf,999NG7,15,0,0.17,7.155418,0.919759,1.349142,,1.0,0.0
0.3,32,8,arial.ttf,999NG7,15,0,0.255,8.763561,0.881116,1.10157,,1.0,0.0
0.4,32,8,arial.ttf,999NG7,15,0,0.34,10.119289,0.843436,0.953987,,1.0,0.0
0.5,32,8,arial.ttf,999NG7,15,0,0.425,11.313708,0.8067,0.853272,,1.0,0.0
0.6,32,8,arial.ttf,999NG7,15,0,0.51,12.393547,0.770893,0.778927,,1.0,0.0
0.7,32,8,arial.ttf,999NG7,15,0,0.595,13.38656,0.735998,0.721147,,1.0,0.0
0.8,32,8,arial.ttf,999NG7,15,0,0.68,14.310835,0.701998,0.674571,,1.0,0.0
0.9,32,8,arial.ttf,999NG7,15,0,0.765,15.178933,0.668877,0.635992,,1.0,0.0
1.0,32,8,arial.ttf,999NG7,15,0,0.85,16.0,0.63662,0.603355,S99NG7,0.166667,0.833333
0.1,128,8,arial.ttf,999NG7,15,0,0.085,5.059644,0.959381,1.907975,,1.0,0.0
0.2,128,8,arial.ttf,999NG7,15,0,0.17,7.155418,0.919759,1.349142,,1.0,0.0
0.3,128,8,arial.ttf,999NG7,15,0,0.255,8.763561,0.881116,1.10157,S9SNGT,0.5,0.5
0.4,128,8,arial.ttf,999NG7,15,0,0.34,10.119289,0.843436,0.953987,S9SNG7,0.333333,0.666667
0.5,128,8,arial.ttf,999NG7,15,0,0.425,11.313708,0.8067,0.853272,999NG7,0.0,1.0
0.6,128,8,arial.ttf,999NG7,15,0,0.51,12.393547,0.770893,0.778927,SSONG7,0.5,0.5
0.7,128,8,arial.ttf,999NG7,15,0,0.595,13.38656,0.735998,0.721147,S99SNG,0.5,0.5
0.8,128,8,arial.ttf,999NG7,15,0,0.68,14.310835,0.701998,0.674571,S99NG7,0.166667,0.833333
0.9,128,8,arial.ttf,999NG7,15,0,0.765,15.178933,0.668877,0.635992,SSSNG7,0.5,0.5
1.0,128,8,arial.ttf,999NG7,15,0,0.85,16.0,0.63662,0.603355,SS9NG7,0.333333,0.666667
0.1,512,8,arial.ttf,999NG7,15,0,0.085,5.059644,0.959381,1.907975,I9ONG7,0.333333,0.666667
0.2,512,8,arial.ttf,999NG7,15,0,0.17,7.155418,0.919759,1.349142,SSONG7,0.5,0.5
0.3,512,8,arial.ttf,999NG7,15,0,0.255,8.763561,0.881116,1.10157,S9SNG7,0.333333,0.666667
0.4,512,8,arial.ttf,999NG7,15,0,0.34,10.119289,0.843436,0.953987,SS9NG7,0.333333,0.666667
0.5,512,8,arial.ttf,999NG7,15,0,0.425,11.313708,0.8067,0.853272,S99NG7,0.166667,0.833333
0.6,512,8,arial.ttf,999NG7,15,0,0.51,12.393547,0.770893,0.778927,S99NG7,0.166667,0.833333
0.7,512,8,arial.ttf,999NG7,15,0,0.595,13.38656,0.735998,0.721147,S99NG7,0.166667,0.833333
0.8,512,8,arial.ttf,999NG7,15,0,0.68,14.310835,0.701998,0.674571,999NG7,0.0,1.0
0.9,512,8,arial.ttf,999NG7,15,0,0.765,15.178933,0.668877,0.635992,S99NG7,0.166667,0.833333
1.0,512,8,arial.ttf,999NG7,15,0,0.85,16.0,0.63662,0.603355,S99NG7,0.166667,0.833333
0.1,2048,8,arial.ttf,999NG7,15,0,0.085,5.059644,0.959381,1.907975,SOISNG7,0.666667,0.333333
0.2,2048,8,arial.ttf,999NG7,15,0,0.17,7.155418,0.919759,1.349142,SSSNG7,0.5,0.5
0.3,2048,8,arial.ttf,999NG7,15,0,0.255,8.763561,0.881116,1.10157,S99NG7,0.166667,0.833333
0.4,2048,8,arial.ttf,999NG7,15,0,0.34,10.119289,0.843436,0.953987,S99NG7,0.166667,0.833333
0.5,2048,8,arial.ttf,999NG7,15,0,0.425,11.313708,0.8067,0.853272,S99NG7,0.166667,0.833333
0.6,2048,8,arial.ttf,999NG7,15,0,0.51,12.393547,0.770893,0.778927,S99NG7,0.166667,0.833333
0.7,2048,8,arial.ttf,999NG7,15,0,0.595,13.38656,0.735998,0.721147,999NG7,0.0,1.0
0.8,2048,8,arial.ttf,999NG7,15,0,0.68,14.310835,0.701998,0.674571,S9SSNG7,0.5,0.5
0.9,2048,8,arial.ttf,999NG7,15,0,0.765,15.178933,0.668877,0.635992,999NG7,0.0,1.0
1.0,2048,8,arial.ttf,999NG7,15,0,0.85,16.0,0.63662,0.603355,99S9NG7,0.166667,0.833333
0.1,8,8,arial.ttf,999NG7,15,15,0.085,5.059644,0.959381,1.907975,,1.0,0.0
0.2,8,8,arial.ttf,999NG7,15,15,0.17,7.155418,0.919759,1.349142,TN,0.833333,0.166667
0.3,8,8,arial.ttf,999NG7,15,15,0.255,8.763561,0.881116,1.10157,,1.0,0.0
0.4,8,8,arial.ttf,999NG7,15,15,0.34,10.119289,0.843436,0.953987,,1.0,0.0
0.5,8,8,arial.ttf,999NG7,15,15,0.425,11.313708,0.8067,0.853272,,1.0,0.0
0.6,8,8,arial.ttf,999NG7,15,15,0.51,12.393547,0.770893,0.778927,,1.0,0.0
0.7,8,8,arial.ttf,999NG7,15,15,0.595,13.38656,0.735998,0.721147,,1.0,0.0
0.8,8,8,arial.ttf,999NG7,15,15,0.68,14.310835,0.701998,0.674571,SRNG,0.666667,0.333333
0.9,8,8,arial.ttf,999NG7,15,15,0.765,15.178933,0.668877,0.635992,,1.0,0.0
1.0,8,8,arial.ttf,999NG7,15,15,0.85,16.0,0.63662,0.603355,,1.0,0.0
0.1,32,8,arial.ttf,999NG7,15,15,0.085,5.059644,0.959381,1.907975,,1.0,0.0
0.2,32,8,arial.ttf,999NG7,15,15,0.17,7.155418,0.919759,1.349142,SBONSF,0.833333,0.166667
0.3,32,8,arial.ttf,999NG7,15,15,0.255,8.763561,0.881116,1.10157,,1.0,0.0
0.4,32,8,arial.ttf,999NG7,15,15,0.34,10.119289,0.843436,0.953987,,1.0,0.0
0.5,32,8,arial.ttf,999NG7,15,15,0.425,11.313708,0.8067,0.853272,,1.0,0.0
0.6,32,8,arial.ttf,999NG7,15,15,0.51,12.393547,0.770893,0.778927,GOONG7,0.5,0.5
0.7,32,8,arial.ttf,999NG7,15,15,0.595,13.38656,0.735998,0.721147,,1.0,0.0
0.8,32,8,arial.ttf,999NG7,15,15,0.68,14.310835,0.701998,0.674571,,1.0,0.0
0.9,32,8,arial.ttf,999NG7,15,15,0.765,15.178933,0.668877,0.635992,,1.0,0.0
1.0,32,8,arial.ttf,999NG7,15,15,0.85,16.0,0.63662,0.603355,,1.0,0.0
0.1,128,8,arial.ttf,999NG7,15,15,0.085,5.059644,0.959381,1.907975,,1.0,0.0
0.2,128,8,arial.ttf,999NG7,15,15,0.17,7.155418,0.919759,1.349142,S99NG7,0.166667,0.833333
0.3,128,8,arial.ttf,999NG7,15,15,0.255,8.763561,0.881116,1.10157,Q9SNG7,0.333333,0.666667
0.4,128,8,arial.ttf,999NG7,15,15,0.34,10.119289,0.843436,0.953987,99SNG7,0.166667,0.833333
0.5,128,8,arial.ttf,999NG7,15,15,0.425,11.313708,0.8067,0.853272,SS9NG7,0.333333,0.666667
0.6,128,8,arial.ttf,999NG7,15,15,0.51,12.393547,0.770893,0.778927,999NG7,0.0,1.0
0.7,128,8,arial.ttf,999NG7,15,15,0.595,13.38656,0.735998,0.721147,SSING7,0.5,0.5
0.8,128,8,arial.ttf,999NG7,15,15,0.68,14.310835,0.701998,0.674571,SSONG7,0.5,0.5
0.9,128,8,arial.ttf,999NG7,15,15,0.765,15.178933,0.668877,0.635992,S99NG7,0.166667,0.833333
1.0,128,8,arial.ttf,999NG7,15,15,0.85,16.0,0.63662,0.603355,SSONG7,0.5,0.5
0.1,512,8,arial.ttf,999NG7,15,15,0.085,5.059644,0.959381,1.907975,SSSNG7,0.5,0.5
0.2,512,8,arial.ttf,999NG7,15,15,0.17,7.155418,0.919759,1.349142,SS9NG7,0.333333,0.666667
0.3,512,8,arial.ttf,999NG7,15,15,0.255,8.763561,0.881116,1.10157,SSSNG7,0.5,0.5
0.4,512,8,arial.ttf,999NG7,15,15,0.34,10.119289,0.843436,0.953987,SSONG7,0.5,0.5
0.5,512,8,arial.ttf,999NG7,15,15,0.425,11.313708,0.8067,0.853272,SS9ONG7,0.5,0.5
0.6,512,8,arial.ttf,999NG7,15,15,0.51,12.393547,0.770893,0.778927,SSSNG7,0.5,0.5
0.7,512,8,arial.ttf,999NG7,15,15,0.595,13.38656,0.735998,0.721147,S99NG7,0.166667,0.833333
0.8,512,8,arial.ttf,999NG7,15,15,0.68,14.310835,0.701998,0.674571,SSSNG7,0.5,0.5
0.9,512,8,arial.ttf,999NG7,15,15,0.765,15.178933,0.668877,0.635992,SS9NG7,0.333333,0.666667
1.0,512,8,arial.ttf,999NG7,15,15,0.85,16.0,0.63662,0.603355,999NG7,0.0,1.0
0.1,2048,8,arial.ttf,999NG7,15,15,0.085,5.059644,0.959381,1.907975,SSSNG7,0.5,0.5
0.2,2048,8,arial.ttf,999NG7,15,15,0.17,7.155418,0.919759,1.349142,S9SNG7,0.333333,0.666667
0.3,2048,8,arial.ttf,999NG7,15,15,0.255,8.763561,0.881116,1.10157,SSONG7,0.5,0.5
0.4,2048,8,arial.ttf,999NG7,15,15,0.34,10.119289,0.843436,0.953987,SS9ONG,0.666667,0.333333
0.5,2048,8,arial.ttf,999NG7,15,15,0.425,11.313708,0.8067,0.853272,SS9NG7,0.333333,0.666667
0.6,2048,8,arial.ttf,999NG7,15,15,0.51,12.393547,0.770893,0.778927,SS9ONG7,0.5,0.5
0.7,2048,8,arial.ttf,999NG7,15,15,0.595,13.38656,0.735998,0.721147,SS9NG7,0.333333,0.666667
0.8,2048,8,arial.ttf,999NG7,15,15,0.68,14.310835,0.701998,0.674571,SS9NG7,0.333333,0.666667
0.9,2048,8,arial.ttf,999NG7,15,15,0.765,15.178933,0.668877,0.635992,S99NG7,0.166667,0.833333
1.0,2048,8,arial.ttf,999NG7,15,15,0.85,16.0,0.63662,0.603355,S99NG7,0.166667,0.833333
0.1,8,8,arial.ttf,DJELTE,0,0,0.085,5.059644,0.959381,1.907975,BERS,0.833333,0.166667
0.2,8,8,arial.ttf,DJELTE,0,0,0.17,7.155418,0.919759,1.349142,CER,0.833333,0.166667
0.3,8,8,arial.ttf,DJELTE,0,0,0.255,8.763561,0.881116,1.10157,,1.0,0.0
0.4,8,8,arial.ttf,DJELTE,0,0,0.34,10.119289,0.843436,0.953987,,1.0,0.0
0.5,8,8,arial.ttf,DJELTE,0,0,0.425,11.313708,0.8067,0.853272,ERT,0.666667,0.333333
0.6,8,8,arial.ttf,DJELTE,0,0,0.51,12.393547,0.770893,0.778927,LATE,0.666667,0.333333
0.7,8,8,arial.ttf,DJELTE,0,0,0.595,13.38656,0.735998,0.721147,,1.0,0.0
0.8,8,8,arial.ttf,DJELTE,0,0,0.68,14.310835,0.701998,0.674571,RTE,0.666667,0.333333
0.9,8,8,arial.ttf,DJELTE,0,0,0.765,15.178933,0.668877,0.635992,PSRETS,0.833333,0.166667
1.0,8,8,arial.ttf,DJELTE,0,0,0.85,16.0,0.63662,0.603355,DYBSTES,0.666667,0.333333
0.1,32,8,arial.ttf,DJELTE,0,0,0.085,5.059644,0.959381,1.907975,,1.0,0.0
0.2,32,8,arial.ttf,DJELTE,0,0,0.17,7.155418,0.919759,1.349142,,1.0,0.0
0.3,32,8,arial.ttf,DJELTE,0,0,0.255,8.763561,0.881116,1.10157,DSELTE,0.166667,0.833333
0.4,32,8,arial.ttf,DJELTE,0,0,0.34,10.119289,0.843436,0.953987,,1.0,0.0
0.5,32,8,arial.ttf,DJELTE,0,0,0.425,11.313708,0.8067,0.853272,,1.0,0.0
0.6,32,8,arial.ttf,DJELTE,0,0,0.51,12.393547,0.770893,0.778927,DSELTE,0.166667,0.833333
0.7,32,8,arial.ttf,DJELTE,0,0,0.595,13.38656,0.735998,0.721147,,1.0,0.0
0.8,32,8,arial.ttf,DJELTE,0,0,0.68,14.310835,0.701998,0.674571,DJELTE,0.0,1.0
0.9,32,8,arial.ttf,DJELTE,0,0,0.765,15.178933,0.668877,0.635992,,1.0,0.0
1.0,32,8,arial.ttf,DJELTE,0,0,0.85,16.0,0.63662,0.603355,DJELTE,0.0,1.0
0.1,128,8,arial.ttf,DJELTE,0,0,0.085,5.059644,0.959381,1.907975,,1.0,0.0
0.2,128,8,arial.ttf,DJELTE,0,0,0.17,7.155418,0.919759,1.349142,DUELTE,0.166667,0.833333
0.3,128,8,arial.ttf,DJELTE,0,0,0.255,8.763561,0.881116,1.10157,DJELTE,0.0,1.0
0.4,128,8,arial.ttf,DJELTE,0,0,0.34,10.119289,0.843436,0.953987,DJELTE,0.0,1.0
0.5,128,8,arial.ttf,DJELTE,0,0,0.425,11.313708,0.8067,0.853272,DJELTE,0.0,1.0
0.6,128,8,arial.ttf,DJELTE,0,0,0.51,12.393547,0.770893,0.778927,DJELTE,0.0,1.0
0.7,128,8,arial.ttf,DJELTE,0,0,0.595,13.38656,0.735998,0.721147,DJELTE,0.0,1.0
0.8,128,8,arial.ttf,DJELTE,0,0,0.68,14.310835,0.701998,0.674571,DJELTE,0.0,1.0
0.9,128,8,arial.ttf,DJELTE,0,0,0.765,15.178933,0.668877,0.635992,DJELTE,0.0,1.0
1.0,128,8,arial.ttf,DJELTE,0,0,0.85,16.0,0.63662,0.603355,DJELTE,0.0,1.0
0.1,512,8,arial.ttf,DJELTE,0,0,0.085,5.059644,0.959381,1.907975,DJELTE,0.0,1.0
0.2,512,8,arial.ttf,DJELTE,0,0,0.17,7.155418,0.919759,1.349142,DJELTE,0.0,1.0
0.3,512,8,arial.ttf,DJELTE,0,0,0.255,8.763561,0.881116,1.10157,DJELTE,0.0,1.0
0.4,512,8,arial.ttf,DJELTE,0,0,0.34,10.119289,0.843436,0.953987,DJELTE,0.0,1.0
0.5,512,8,arial.ttf,DJELTE,0,0,0.425,11.313708,0.8067,0.853272,DJELTE,0.0,1.0
0.6,512,8,arial.ttf,DJELTE,0,0,0.51,12.393547,0.770893,0.778927,DJELTE,0.0,1.0
0.7,512,8,arial.ttf,DJELTE,0,0,0.595,13.38656,0.735998,0.721147,DJELTE,0.0,1.0
0.8,512,8,arial.ttf,DJELTE,0,0,0.68,14.310835,0.701998,0.674571,DJELTE,0.0,1.0
0.9,512,8,arial.ttf,DJELTE,0,0,0.765,15.178933,0.668877,0.635992,DJELTE,0.0,1.0
1.0,512,8,arial.ttf,DJELTE,0,0,0.85,16.0,0.63662,0.603355,DJELTE,0.0,1.0
0.1,2048,8,arial.ttf,DJELTE,0,0,0.085,5.059644,0.959381,1.907975,DJELTE,0.0,1.0
0.2,2048,8,arial.ttf,DJELTE,0,0,0.17,7.155418,0.919759,1.349142,DJELTE,0.0,1.0
0.3,2048,8,arial.ttf,DJELTE,0,0,0.255,8.763561,0.881116,1.10157,DJELTE,0.0,1.0
0.4,2048,8,arial.ttf,DJELTE,0,0,0.34,10.119289,0.843436,0.953987,DJELTE,0.0,1.0
0.5,2048,8,arial.ttf,DJELTE,0,0,0.425,11.313708,0.8067,0.853272,DJELTE,0.0,1.0
0.6,2048,8,arial.ttf,DJELTE,0,0,0.51,12.393547,0.770893,0.778927,DJELTE,0.0,1.0
0.7,2048,8,arial.ttf,DJELTE,0,0,0.595,13.38656,0.735998,0.721147,DJELTE,0.0,1.0
0.8,2048,8,arial.ttf,DJELTE,0,0,0.68,14.310835,0.701998,0.674571,DJELTE,0.0,1.0
0.9,2048,8,arial.ttf,DJELTE,0,0,0.765,15.178933,0.668877,0.635992,DJELTE,0.0,1.0
1.0,2048,8,arial.ttf,DJELTE,0,0,0.85,16.0,0.63662,0.603355,DJELTE,0.0,1.0
0.1,8,8,arial.ttf,DJELTE,0,15,0.085,5.059644,0.959381,1.907975,,1.0,0.0
0.2,8,8,arial.ttf,DJELTE,0,15,0.17,7.155418,0.919759,1.349142,,1.0,0.0
0.3,8,8,arial.ttf,DJELTE,0,15,0.255,8.763561,0.881116,1.10157,,1.0,0.0
0.4,8,8,arial.ttf,DJELTE,0,15,0.34,10.119289,0.843436,0.953987,,1.0,0.0
0.5,8,8,arial.ttf,DJELTE,0,15,0.425,11.313708,0.8067,0.853272,,1.0,0.0
0.6,8,8,arial.ttf,DJELTE,0,15,0.51,12.393547,0.770893,0.778927,,1.0,0.0
0.7,8,8,arial.ttf,DJELTE,0,15,0.595,13.38656,0.735998,0.721147,,1.0,0.0
0.8,8,8,arial.ttf,DJELTE,0,15,0.68,14.310835,0.701998,0.674571,GATES,0.833333,0.166667
0.9,8,8,arial.ttf,DJELTE,0,15,0.765,15.178933,0.668877,0.635992,,1.0,0.0
1.0,8,8,arial.ttf,DJELTE,0,15,0.85,16.0,0.63662,0.603355,,1.0,0.0
0.1,32,8,arial.ttf,DJELTE,0,15,0.085,5.059644,0.959381,1.907975,PR,1.0,0.0
0.2,32,8,arial.ttf,DJELTE,0,15,0.17,7.155418,0.919759,1.349142,OTE,0.666667,0.333333
0.3,32,8,arial.ttf,DJELTE,0,15,0.255,8.763561,0.881116,1.10157,,1.0,0.0
0.4,32,8,arial.ttf,DJELTE,0,15,0.34,10.119289,0.843436,0.953987,,1.0,0.0
0.5,32,8,arial.ttf,DJELTE,0,15,0.425,11.313708,0.8067,0.853272,,1.0,0.0
0.6,32,8,arial.ttf,DJELTE,0,15,0.51,12.393547,0.770893,0.778927,,1.0,0.0
0.7,32,8,arial.ttf,DJELTE,0,15,0.595,13.38656,0.735998,0.721147,DSELTE,0.166667,0.833333
0.8,32,8,arial.ttf,DJELTE,0,15,0.68,14.310835,0.701998,0.674571,DJELTE,0.0,1.0
0.9,32,8,arial.ttf,DJELTE,0,15,0.765,15.178933,0.668877,0.635992,PVELTE,0.333333,0.666667
1.0,32,8,arial.ttf,DJELTE,0,15,0.85,16.0,0.63662,0.603355,,1.0,0.0
0.1,128,8,arial.ttf,DJELTE,0,15,0.085,5.059644,0.959381,1.907975,DAELTE,0.166667,0.833333
0.2,128,8,arial.ttf,DJELTE,0,15,0.17,7.155418,0.919759,1.349142,DJELTE,0.0,1.0
0.3,128,8,arial.ttf,DJELTE,0,15,0.255,8.763561,0.881116,1.10157,DJELTE,0.0,1.0
0.4,128,8,arial.ttf,DJELTE,0,15,0.34,10.119289,0.843436,0.953987,DJELTE,0.0,1.0
0.5,128,8,arial.ttf,DJELTE,0,15,0.425,11.313708,0.8067,0.853272,QJELTE,0.166667,0.833333
0.6,128,8,arial.ttf,DJELTE,0,15,0.51,12.393547,0.770893,0.778927,DJELTE,0.0,1.0
0.7,128,8,arial.ttf,DJELTE,0,15,0.595,13.38656,0.735998,0.721147,DJELTE,0.0,1.0
0.8,128,8,arial.ttf,DJELTE,0,15,0.68,14.310835,0.701998,0.674571,DJELTE,0.0,1.0
0.9,128,8,arial.ttf,DJELTE,0,15,0.765,15.178933,0.668877,0.635992,DJELTE,0.0,1.0
1.0,128,8,arial.ttf,DJELTE,0,15,0.85,16.0,0.63662,0.603355,DJELTE,0.0,1.0
0.1,512,8,arial.ttf,DJELTE,0,15,0.085,5.059644,0.959381,1.907975,DJELTE,0.0,1.0
0.2,512,8,arial.ttf,DJELTE,0,15,0.17,7.155418,0.919759,1.349142,DJELTE,0.0,1.0
0.3,512,8,arial.ttf,DJELTE,0,15,0.255,8.763561,0.881116,1.10157,DJELTE,0.0,1.0
0.4,512,8,arial.ttf,DJELTE,0,15,0.34,10.119289,0.843436,0.953987,DJELTE,0.0,1.0
0.5,512,8,arial.ttf,DJELTE,0,15,0.425,11.313708,0.8067,0.853272,DJELTE,0.0,1.0
0.6,512,8,arial.ttf,DJELTE,0,15,0.51,12.393547,0.770893,0.778927,DJELTE,0.0,1.0
0.7,512,8,arial.ttf,DJELTE,0,15,0.595,13.38656,0.735998,0.721147,DJELTE,0.0,1.0
0.8,512,8,arial.ttf,DJELTE,0,15,0.68,14.310835,0.701998,0.674571,DJELTE,0.0,1.0
0.9,512,8,arial.ttf,DJELTE,0,15,0.765,15.178933,0.668877,0.635992,DJELTE,0.0,1.0
1.0,512,8,arial.ttf,DJELTE,0,15,0.85,16.0,0.63662,0.603355,DJELTE,0.0,1.0
0.1,2048,8,arial.ttf,DJELTE,0,15,0.085,5.059644,0.959381,1.907975,DJELTE,0.0,1.0
0.2,2048,8,arial.ttf,DJELTE,0,15,0.17,7.155418,0.919759,1.349142,DJELTE,0.0,1.0
0.3,2048,8,arial.ttf,DJELTE,0,15,0.255,8.763561,0.881116,1.10157,DJELTE,0.0,1.0
0.4,2048,8,arial.ttf,DJELTE,0,15,0.34,10.119289,0.843436,0.953987,DJELTE,0.0,1.0
0.5,2048,8,arial.ttf,DJELTE,0,15,0.425,11.313708,0.8067,0.853272,DJELTE,0.0,1.0
0.6,2048,8,arial.ttf,DJELTE,0,15,0.51,12.393547,0.770893,0.778927,DJELTE,0.0,1.0
0.7,2048,8,arial.ttf,DJELTE,0,15,0.595,13.38656,0.735998,0.721147,DJELTE,0.0,1.0
0.8,2048,8,arial.ttf,DJELTE,0,15,0.68,14.310835,0.701998,0.674571,DJELTE,0.0,1.0
0.9,2048,8,arial.ttf,DJELTE,0,15,0.765,15.178933,0.668877,0.635992,DJELTE,0.0,1.0
1.0,2048,8,arial.ttf,DJELTE,0,15,0.85,16.0,0.63662,0.603355,DJELTE,0.0,1.0
0.1,8,8,arial.ttf,DJELTE,15,0,0.085,5.059644,0.959381,1.907975,,1.0,0.0
0.2,8,8,arial.ttf,DJELTE,15,0,0.17,7.155418,0.919759,1.349142,SSATRO,1.0,0.0
0.3,8,8,arial.ttf,DJELTE,15,0,0.255,8.763561,0.881116,1.10157,,1.0,0.0
0.4,8,8,arial.ttf,DJELTE,15,0,0.34,10.119289,0.843436,0.953987,,1.0,0.0
0.5,8,8,arial.ttf,DJELTE,15,0,0.425,11.313708,0.8067,0.853272,ELT,0.5,0.5
0.6,8,8,arial.ttf,DJELTE,15,0,0.51,12.393547,0.770893,0.778927,EET,0.666667,0.333333
0.7,8,8,arial.ttf,DJELTE,15,0,0.595,13.38656,0.735998,0.721147,BR,1.0,0.0
0.8,8,8,arial.ttf,DJELTE,15,0,0.68,14.310835,0.701998,0.674571,PESTS,0.666667,0.333333
0.9,8,8,arial.ttf,DJELTE,15,0,0.765,15.178933,0.668877,0.635992,,1.0,0.0
1.0,8,8,arial.ttf,DJELTE,15,0,0.85,16.0,0.63662,0.603355,,1.0,0.0
0.1,32,8,arial.ttf,DJELTE,15,0,0.085,5.059644,0.959381,1.907975,SET,0.666667,0.333333
0.2,32,8,arial.ttf,DJELTE,15,0,0.17,7.155418,0.919759,1.349142,SDIELTE,0.333333,0.666667
0.3,32,8,arial.ttf,DJELTE,15,0,0.255,8.763561,0.881116,1.10157,DSELTE,0.166667,0.833333
0.4,32,8,arial.ttf,DJELTE,15,0,0.34,10.119289,0.843436,0.953987,DIELTE,0.166667,0.833333
0.5,32,8,arial.ttf,DJELTE,15,0,0.425,11.313708,0.8067,0.853272,DJELTE,0.0,1.0
0.6,32,8,arial.ttf,DJELTE,15,0,0.51,12.393547,0.770893,0.778927,DIELTE,0.166667,0.833333
0.7,32,8,arial.ttf,DJELTE,15,0,0.595,13.38656,0.735998,0.721147,,1.0,0.0
0.8,32,8,arial.ttf,DJELTE,15,0,0.68,14.310835,0.701998,0.674571,,1.0,0.0
0.9,32,8,arial.ttf,DJELTE,15,0,0.765,15.178933,0.668877,0.635992,DJELTE,0.0,1.0
1.0,32,8,arial.ttf,DJELTE,15,0,0.85,16.0,0.63662,0.603355,,1.0,0.0
0.1,128,8,arial.ttf,DJELTE,15,0,0.085,5.059644,0.959381,1.907975,DHELTE,0.166667,0.833333
0.2,128,8,arial.ttf,DJELTE,15,0,0.17,7.155418,0.919759,1.349142,,1.0,0.0
0.3,128,8,arial.ttf,DJELTE,15,0,0.255,8.763561,0.881116,1.10157,DJELTE,0.0,1.0
0.4,128,8,arial.ttf,DJELTE,15,0,0.34,10.119289,0.843436,0.953987,DJELTE,0.0,1.0
0.5,128,8,arial.ttf,DJELTE,15,0,0.425,11.313708,0.8067,0.853272,DJELTE,0.0,1.0
0.6,128,8,arial.ttf,DJELTE,15,0,0.51,12.393547,0.770893,0.778927,DJELTE,0.0,1.0
0.7,128,8,arial.ttf,DJELTE,15,0,0.595,13.38656,0.735998,0.721147,DJELTE,0.0,1.0
0.8,128,8,arial.ttf,DJELTE,15,0,0.68,14.310835,0.701998,0.674571,DJELTE,0.0,1.0
0.9,128,8,arial.ttf,DJELTE,15,0,0.765,15.178933,0.668877,0.635992,DJELTE,0.0,1.0
1.0,128,8,arial.ttf,DJELTE,15,0,0.85,16.0,0.63662,0.603355,DJELTE,0.0,1.0
0.1,512,8,arial.ttf,DJELTE,15,0,0.085,5.059644,0.959381,1.907975,DJELTE,0.0,1.0
0.2,512,8,arial.ttf,DJELTE,15,0,0.17,7.155418,0.919759,1.349142,DJELTE,0.0,1.0
0.3,512,8,arial.ttf,DJELTE,15,0,0.255,8.763561,0.881116,1.10157,DJELTE,0.0,1.0
0.4,512,8,arial.ttf,DJELTE,15,0,0.34,10.119289,0.843436,0.953987,DJELTE,0.0,1.0
0.5,512,8,arial.ttf,DJELTE,15,0,0.425,11.313708,0.8067,0.853272,DJELTE,0.0,1.0
0.6,512,8,arial.ttf,DJELTE,15,0,0.51,12.393547,0.770893,0.778927,DJELTE,0.0,1.0
0.7,512,8,arial.ttf,DJELTE,15,0,0.595,13.38656,0.735998,0.721147,DJELTE,0.0,1.0
0.8,512,8,arial.ttf,DJELTE,15,0,0.68,14.310835,0.701998,0.674571,DJELTE,0.0,1.0
0.9,512,8,arial.ttf,DJELTE,15,0,0.765,15.178933,0.668877,0.635992,DJELTE,0.0,1.0
1.0,512,8,arial.ttf,DJELTE,15,0,0.85,16.0,0.63662,0.603355,DJELTE,0.0,1.0
0.1,2048,8,arial.ttf,DJELTE,15,0,0.085,5.059644,0.959381,1.907975,DJELTE,0.0,1.0
0.2,2048,8,arial.ttf,DJELTE,15,0,0.17,7.155418,0.919759,1.349142,DJELTE,0.0,1.0
0.3,2048,8,arial.ttf,DJELTE,15,0,0.255,8.763561,0.881116,1.10157,DJELTE,0.0,1.0
0.4,2048,8,arial.ttf,DJELTE,15,0,0.34,10.119289,0.843436,0.953987,DJELTE,0.0,1.0
0.5,2048,8,arial.ttf,DJELTE,15,0,0.425,11.313708,0.8067,0.853272,DJELTE,0.0,1.0
0.6,2048,8,arial.ttf,DJELTE,15,0,0.51,12.393547,0.770893,0.778927,DJELTE,0.0,1.0
0.7,2048,8,arial.ttf,DJELTE,15,0,0.595,13.38656,0.735998,0.721147,DJELTE,0.0,1.0
0.8,2048,8,arial.ttf,DJELTE,15,0,0.68,14.310835,0.701998,0.674571,DJELTE,0.0,1.0
0.9,2048,8,arial.ttf,DJELTE,15,0,0.765,15.178933,0.668877,0.635992,DJELTE,0.0,1.0
1.0,2048,8,arial.ttf,DJELTE,15,0,0.85,16.0,0.63662,0.603355,DJELTE,0.0,1.0
0.1,8,8,arial.ttf,DJELTE,15,15,0.085,5.059644,0.959381,1.907975,,1.0,0.0
0.2,8,8,arial.ttf,DJELTE,15,15,0.17,7.155418,0.919759,1.349142,,1.0,0.0
0.3,8,8,arial.ttf,DJELTE,15,15,0.255,8.763561,0.881116,1.10157,PE,0.833333,0.166667
0.4,8,8,arial.ttf,DJELTE,15,15,0.34,10.119289,0.843436,0.953987,,1.0,0.0
0.5,8,8,arial.ttf,DJELTE,15,15,0.425,11.313708,0.8067,0.853272,,1.0,0.0
0.6,8,8,arial.ttf,DJELTE,15,15,0.51,12.393547,0.770893,0.778927,,1.0,0.0
0.7,8,8,arial.ttf,DJELTE,15,15,0.595,13.38656,0.735998,0.721147,SE,0.833333,0.166667
0.8,8,8,arial.ttf,DJELTE,15,15,0.68,14.310835,0.701998,0.674571,,1.0,0.0
0.9,8,8,arial.ttf,DJELTE,15,15,0.765,15.178933,0.668877,0.635992,,1.0,0.0
1.0,8,8,arial.ttf,DJELTE,15,15,0.85,16.0,0.63662,0.603355,P,1.0,0.0
0.1,32,8,arial.ttf,DJELTE,15,15,0.085,5.059644,0.959381,1.907975,M,1.0,0.0
0.2,32,8,arial.ttf,DJELTE,15,15,0.17,7.155418,0.919759,1.349142,SEUTE,0.5,0.5
0.3,32,8,arial.ttf,DJELTE,15,15,0.255,8.763561,0.881116,1.10157,DELTES,0.333333,0.666667
0.4,32,8,arial.ttf,DJELTE,15,15,0.34,10.119289,0.843436,0.953987,,1.0,0.0
0.5,32,8,arial.ttf,DJELTE,15,15,0.425,11.313708,0.8067,0.853272,SDSEETE,0.5,0.5
0.6,32,8,arial.ttf,DJELTE,15,15,0.51,12.393547,0.770893,0.778927,,1.0,0.0
0.7,32,8,arial.ttf,DJELTE,15,15,0.595,13.38656,0.735998,0.721147,SDJELTE,0.166667,0.833333
0.8,32,8,arial.ttf,DJELTE,15,15,0.68,14.310835,0.701998,0.674571,,1.0,0.0
0.9,32,8,arial.ttf,DJELTE,15,15,0.765,15.178933,0.668877,0.635992,,1.0,0.0
1.0,32,8,arial.ttf,DJELTE,15,15,0.85,16.0,0.63662,0.603355,DIELTE,0.166667,0.833333
0.1,128,8,arial.ttf,DJELTE,15,15,0.085,5.059644,0.959381,1.907975,DIELTE,0.166667,0.833333
0.2,128,8,arial.ttf,DJELTE,15,15,0.17,7.155418,0.919759,1.349142,,1.0,0.0
0.3,128,8,arial.ttf,DJELTE,15,15,0.255,8.763561,0.881116,1.10157,DJELTE,0.0,1.0
0.4,128,8,arial.ttf,DJELTE,15,15,0.34,10.119289,0.843436,0.953987,DJELTE,0.0,1.0
0.5,128,8,arial.ttf,DJELTE,15,15,0.425,11.313708,0.8067,0.853272,DJELTE,0.0,1.0
0.6,128,8,arial.ttf,DJELTE,15,15,0.51,12.393547,0.770893,0.778927,DJELTE,0.0,1.0
0.7,128,8,arial.ttf,DJELTE,15,15,0.595,13.38656,0.735998,0.721147,DJELTE,0.0,1.0
0.8,128,8,arial.ttf,DJELTE,15,15,0.68,14.310835,0.701998,0.674571,DJELTE,0.0,1.0
0.9,128,8,arial.ttf,DJELTE,15,15,0.765,15.178933,0.668877,0.635992,DJELTE,0.0,1.0
1.0,128,8,arial.ttf,DJELTE,15,15,0.85,16.0,0.63662,0.603355,DJELTE,0.0,1.0
0.1,512,8,arial.ttf,DJELTE,15,15,0.085,5.059644,0.959381,1.907975,DJELTE,0.0,1.0
0.2,512,8,arial.ttf,DJELTE,15,15,0.17,7.155418,0.919759,1.349142,DJELTE,0.0,1.0
0.3,512,8,arial.ttf,DJELTE,15,15,0.255,8.763561,0.881116,1.10157,DJELTE,0.0,1.0
0.4,512,8,arial.ttf,DJELTE,15,15,0.34,10.119289,0.843436,0.953987,DJELTE,0.0,1.0
0.5,512,8,arial.ttf,DJELTE,15,15,0.425,11.313708,0.8067,0.853272,DJELTE,0.0,1.0
0.6,512,8,arial.ttf,DJELTE,15,15,0.51,12.393547,0.770893,0.778927,DJELTE,0.0,1.0
0.7,512,8,arial.ttf,DJELTE,15,15,0.595,13.38656,0.735998,0.721147,DJELTE,0.0,1.0
0.8,512,8,arial.ttf,DJELTE,15,15,0.68,14.310835,0.701998,0.674571,DJELTE,0.0,1.0
0.9,512,8,arial.ttf,DJELTE,15,15,0.765,15.178933,0.668877,0.635992,DJELTE,0.0,1.0
1.0,512,8,arial.ttf,DJELTE,15,15,0.85,16.0,0.63662,0.603355,DJELTE,0.0,1.0
0.1,2048,8,arial.ttf,DJELTE,15,15,0.085,5.059644,0.959381,1.907975,DJELTE,0.0,1.0
0.2,2048,8,arial.ttf,DJELTE,15,15,0.17,7.155418,0.919759,1.349142,DJELTE,0.0,1.0
0.3,2048,8,arial.ttf,DJELTE,15,15,0.255,8.763561,0.881116,1.10157,DJELTE,0.0,1.0
0.4,2048,8,arial.ttf,DJELTE,15,15,0.34,10.119289,0.843436,0.953987,DJELTE,0.0,1.0
0.5,2048,8,arial.ttf,DJELTE,15,15,0.425,11.313708,0.8067,0.853272,DJELTE,0.0,1.0
0.6,2048,8,arial.ttf,DJELTE,15,15,0.51,12.393547,0.770893,0.778927,DJELTE,0.0,1.0
0.7,2048,8,arial.ttf,DJELTE,15,15,0.595,13.38656,0.735998,0.721147,DJELTE,0.0,1.0
0.8,2048,8,arial.ttf,DJELTE,15,15,0.68,14.310835,0.701998,0.674571,DJELTE,0.0,1.0
0.9,2048,8,arial.ttf,DJELTE,15,15,0.765,15.178933,0.668877,0.635992,DJELTE,0.0,1.0
1.0,2048,8,arial.ttf,DJELTE,15,15,0.85,16.0,0.63662,0.603355,DJELTE,0.0,1.0
0.1,8,8,cambria.ttc,999NG7,0,0,0.085,5.059644,0.959381,1.907975,SRR,1.0,0.0
0.2,8,8,cambria.ttc,999NG7,0,0,0.17,7.155418,0.919759,1.349142,SMEARS,1.0,0.0
0.3,8,8,cambria.ttc,999NG7,0,0,0.255,8.763561,0.881116,1.10157,,1.0,0.0
0.4,8,8,cambria.ttc,999NG7,0,0,0.34,10.119289,0.843436,0.953987,THA,1.0,0.0
0.5,8,8,cambria.ttc,999NG7,0,0,0.425,11.313708,0.8067,0.853272,RM,1.0,0.0
0.6,8,8,cambria.ttc,999NG7,0,0,0.51,12.393547,0.770893,0.778927,GA,0.833333,0.166667
0.7,8,8,cambria.ttc,999NG7,0,0,0.595,13.38656,0.735998,0.721147,,1.0,0.0
0.8,8,8,cambria.ttc,999NG7,0,0,0.68,14.310835,0.701998,0.674571,SOEKTN,1.0,0.0
0.9,8,8,cambria.ttc,999NG7,0,0,0.765,15.178933,0.668877,0.635992,OR,1.0,0.0
1.0,8,8,cambria.ttc,999NG7,0,0,0.85,16.0,0.63662,0.603355,,1.0,0.0
0.1,32,8,cambria.ttc,999NG7,0,0,0.085,5.059644,0.959381,1.907975,AUURAR,1.0,0.0
0.2,32,8,cambria.ttc,999NG7,0,0,0.17,7.155418,0.919759,1.349142,WUORGT,0.833333,0.166667
0.3,32,8,cambria.ttc,999NG7,0,0,0.255,8.763561,0.881116,1.10157,,1.0,0.0
0.4,32,8,cambria.ttc,999NG7,0,0,0.34,10.119289,0.843436,0.953987,SOONGT,0.666667,0.333333
0.5,32,8,cambria.ttc,999NG7,0,0,0.425,11.313708,0.8067,0.853272,,1.0,0.0
0.6,32,8,cambria.ttc,999NG7,0,0,0.51,12.393547,0.770893,0.778927,SIONGT,0.666667,0.333333
0.7,32,8,cambria.ttc,999NG7,0,0,0.595,13.38656,0.735998,0.721147,,1.0,0.0
0.8,32,8,cambria.ttc,999NG7,0,0,0.68,14.310835,0.701998,0.674571,,1.0,0.0
0.9,32,8,cambria.ttc,999NG7,0,0,0.765,15.178933,0.668877,0.635992,,1.0,0.0
1.0,32,8,cambria.ttc,999NG7,0,0,0.85,16.0,0.63662,0.603355,,1.0,0.0
0.1,128,8,cambria.ttc,999NG7,0,0,0.085,5.059644,0.959381,1.907975,Q99ONGT,0.5,0.5
0.2,128,8,cambria.ttc,999NG7,0,0,0.17,7.155418,0.919759,1.349142,GOONGT,0.666667,0.333333
0.3,128,8,cambria.ttc,999NG7,0,0,0.255,8.763561,0.881116,1.10157,99ONG7,0.166667,0.833333
0.4,128,8,cambria.ttc,999NG7,0,0,0.34,10.119289,0.843436,0.953987,S9IONGT,0.666667,0.333333
0.5,128,8,cambria.ttc,999NG7,0,0,0.425,11.313708,0.8067,0.853272,999NG7,0.0,1.0
0.6,128,8,cambria.ttc,999NG7,0,0,0.51,12.393547,0.770893,0.778927,999NG7,0.0,1.0
0.7,128,8,cambria.ttc,999NG7,0,0,0.595,13.38656,0.735998,0.721147,999NG7,0.0,1.0
0.8,128,8,cambria.ttc,999NG7,0,0,0.68,14.310835,0.701998,0.674571,999ONG7,0.166667,0.833333
0.9,128,8,cambria.ttc,999NG7,0,0,0.765,15.178933,0.668877,0.635992,999NG7,0.0,1.0
1.0,128,8,cambria.ttc,999NG7,0,0,0.85,16.0,0.63662,0.603355,999NG7,0.0,1.0
0.1,512,8,cambria.ttc,999NG7,0,0,0.085,5.059644,0.959381,1.907975,QOONGT,0.666667,0.333333
0.2,512,8,cambria.ttc,999NG7,0,0,0.17,7.155418,0.919759,1.349142,DIONG,0.666667,0.333333
0.3,512,8,cambria.ttc,999NG7,0,0,0.255,8.763561,0.881116,1.10157,99ONG7,0.166667,0.833333
0.4,512,8,cambria.ttc,999NG7,0,0,0.34,10.119289,0.843436,0.953987,999ONG7,0.166667,0.833333
0.5,512,8,cambria.ttc,999NG7,0,0,0.425,11.313708,0.8067,0.853272,999ONG7,0.166667,0.833333
0.6,512,8,cambria.ttc,999NG7,0,0,0.51,12.393547,0.770893,0.778927,SIONG7,0.5,0.5
0.7,512,8,cambria.ttc,999NG7,0,0,0.595,13.38656,0.735998,0.721147,999ONG7,0.166667,0.833333
0.8,512,8,cambria.ttc,999NG7,0,0,0.68,14.310835,0.701998,0.674571,S99ONG7,0.333333,0.666667
0.9,512,8,cambria.ttc,999NG7,0,0,0.765,15.178933,0.668877,0.635992,999ONG7,0.166667,0.833333
1.0,512,8,cambria.ttc,999NG7,0,0,0.85,16.0,0.63662,0.603355,999NG7,0.0,1.0
0.1,2048,8,cambria.ttc,999NG7,0,0,0.085,5.059644,0.959381,1.907975,S9ONG,0.5,0.5
0.2,2048,8,cambria.ttc,999NG7,0,0,0.17,7.155418,0.919759,1.349142,99ONG,0.333333,0.666667
0.3,2048,8,cambria.ttc,999NG7,0,0,0.255,8.763561,0.881116,1.10157,999NG7,0.0,1.0
0.4,2048,8,cambria.ttc,999NG7,0,0,0.34,10.119289,0.843436,0.953987,99ONG7,0.166667,0.833333
0.5,2048,8,cambria.ttc,999NG7,0,0,0.425,11.313708,0.8067,0.853272,99IONG7,0.333333,0.666667
0.6,2048,8,cambria.ttc,999NG7,0,0,0.51,12.393547,0.770893,0.778927,999ONG7,0.166667,0.833333
0.7,2048,8,cambria.ttc,999NG7,0,0,0.595,13.38656,0.735998,0.721147,999ONG7,0.166667,0.833333
0.8,2048,8,cambria.ttc,999NG7,0,0,0.68,14.310835,0.701998,0.674571,999NG7,0.0,1.0
0.9,2048,8,cambria.ttc,999NG7,0,0,0.765,15.178933,0.668877,0.635992,999NG7,0.0,1.0
1.0,2048,8,cambria.ttc,999NG7,0,0,0.85,16.0,0.63662,0.603355,999NG7,0.0,1.0
0.1,8,8,cambria.ttc,999NG7,0,15,0.085,5.059644,0.959381,1.907975,,1.0,0.0
0.2,8,8,cambria.ttc,999NG7,0,15,0.17,7.155418,0.919759,1.349142,,1.0,0.0
0.3,8,8,cambria.ttc,999NG7,0,15,0.255,8.763561,0.881116,1.10157,,1.0,0.0
0.4,8,8,cambria.ttc,999NG7,0,15,0.34,10.119289,0.843436,0.953987,,1.0,0.0
0.5,8,8,cambria.ttc,999NG7,0,15,0.425,11.313708,0.8067,0.853272,DM,1.0,0.0
0.6,8,8,cambria.ttc,999NG7,0,15,0.51,12.393547,0.770893,0.778927,,1.0,0.0
0.7,8,8,cambria.ttc,999NG7,0,15,0.595,13.38656,0.735998,0.721147,,1.0,0.0
0.8,8,8,cambria.ttc,999NG7,0,15,0.68,14.310835,0.701998,0.674571,,1.0,0.0
0.9,8,8,cambria.ttc,999NG7,0,15,0.765,15.178933,0.668877,0.635992,,1.0,0.0
1.0,8,8,cambria.ttc,999NG7,0,15,0.85,16.0,0.63662,0.603355,,1.0,0.0
0.1,32,8,cambria.ttc,999NG7,0,15,0.085,5.059644,0.959381,1.907975,NTNS,0.833333,0.166667
0.2,32,8,cambria.ttc,999NG7,0,15,0.17,7.155418,0.919759,1.349142,,1.0,0.0
0.3,32,8,cambria.ttc,999NG7,0,15,0.255,8.763561,0.881116,1.10157,GORGE,0.833333,0.166667
0.4,32,8,cambria.ttc,999NG7,0,15,0.34,10.119289,0.843436,0.953987,,1.0,0.0
0.5,32,8,cambria.ttc,999NG7,0,15,0.425,11.313708,0.8067,0.853272,,1.0,0.0
0.6,32,8,cambria.ttc,999NG7,0,15,0.51,12.393547,0.770893,0.778927,SOONGT,0.666667,0.333333
0.7,32,8,cambria.ttc,999NG7,0,15,0.595,13.38656,0.735998,0.721147,,1.0,0.0
0.8,32,8,cambria.ttc,999NG7,0,15,0.68,14.310835,0.701998,0.674571,9OONGT,0.5,0.5
0.9,32,8,cambria.ttc,999NG7,0,15,0.765,15.178933,0.668877,0.635992,O9GNGT,0.5,0.5
1.0,32,8,cambria.ttc,999NG7,0,15,0.85,16.0,0.63662,0.603355,,1.0,0.0
0.1,128,8,cambria.ttc,999NG7,0,15,0.085,5.059644,0.959381,1.907975,,1.0,0.0
0.2,128,8,cambria.ttc,999NG7,0,15,0.17,7.155418,0.919759,1.349142,,1.0,0.0
0.3,128,8,cambria.ttc,999NG7,0,15,0.255,8.763561,0.881116,1.10157,999NG7,0.0,1.0
0.4,128,8,cambria.ttc,999NG7,0,15,0.34,10.119289,0.843436,0.953987,999NG7,0.0,1.0
0.5,128,8,cambria.ttc,999NG7,0,15,0.425,11.313708,0.8067,0.853272,S9ONGT,0.5,0.5
0.6,128,8,cambria.ttc,999NG7,0,15,0.51,12.393547,0.770893,0.778927,999NG7,0.0,1.0
0.7,128,8,cambria.ttc,999NG7,0,15,0.595,13.38656,0.735998,0.721147,Q99ONG7,0.333333,0.666667
0.8,128,8,cambria.ttc,999NG7,0,15,0.68,14.310835,0.701998,0.674571,999ONG7,0.166667,0.833333
0.9,128,8,cambria.ttc,999NG7,0,15,0.765,15.178933,0.668877,0.635992,999ONG7,0.166667,0.833333
1.0,128,8,cambria.ttc,999NG7,0,15,0.85,16.0,0.63662,0.603355,999NG7,0.0,1.0
0.1,512,8,cambria.ttc,999NG7,0,15,0.085,5.059644,0.959381,1.907975,Q99NGT,0.333333,0.666667
0.2,512,8,cambria.ttc,999NG7,0,15,0.17,7.155418,0.919759,1.349142,SIONG7,0.5,0.5
0.3,512,8,cambria.ttc,999NG7,0,15,0.255,8.763561,0.881116,1.10157,SIONG7,0.5,0.5
0.4,512,8,cambria.ttc,999NG7,0,15,0.34,10.119289,0.843436,0.953987,999ONG7,0.166667,0.833333
0.5,512,8,cambria.ttc,999NG7,0,15,0.425,11.313708,0.8067,0.853272,GSIONG7,0.666667,0.333333
0.6,512,8,cambria.ttc,999NG7,0,15,0.51,12.393547,0.770893,0.778927,999ONG7,0.166667,0.833333
0.7,512,8,cambria.ttc,999NG7,0,15,0.595,13.38656,0.735998,0.721147,999ONG7,0.166667,0.833333
0.8,512,8,cambria.ttc,999NG7,0,15,0.68,14.310835,0.701998,0.674571,999NG7,0.0,1.0
0.9,512,8,cambria.ttc,999NG7,0,15,0.765,15.178933,0.668877,0.635992,99ONG7,0.166667,0.833333
1.0,512,8,cambria.ttc,999NG7,0,15,0.85,16.0,0.63662,0.603355,999NG7,0.0,1.0
0.1,2048,8,cambria.ttc,999NG7,0,15,0.085,5.059644,0.959381,1.907975,GIONG,0.666667,0.333333
0.2,2048,8,cambria.ttc,999NG7,0,15,0.17,7.155418,0.919759,1.349142,GIONG7,0.5,0.5
0.3,2048,8,cambria.ttc,999NG7,0,15,0.255,8.763561,0.881116,1.10157,99ONG7,0.166667,0.833333
0.4,2048,8,cambria.ttc,999NG7,0,15,0.34,10.119289,0.843436,0.953987,9SIONG,0.666667,0.333333
0.5,2048,8,cambria.ttc,999NG7,0,15,0.425,11.313708,0.8067,0.853272,GIONG7,0.5,0.5
0.6,2048,8,cambria.ttc,999NG7,0,15,0.51,12.393547,0.770893,0.778927,999NG7,0.0,1.0
0.7,2048,8,cambria.ttc,999NG7,0,15,0.595,13.38656,0.735998,0.721147,999NG7,0.0,1.0
0.8,2048,8,cambria.ttc,999NG7,0,15,0.68,14.310835,0.701998,0.674571,999NG7,0.0,1.0
0.9,2048,8,cambria.ttc,999NG7,0,15,0.765,15.178933,0.668877,0.635992,999NG7,0.0,1.0
1.0,2048,8,cambria.ttc,999NG7,0,15,0.85,16.0,0.63662,0.603355,999NG7,0.0,1.0
0.1,8,8,cambria.ttc,999NG7,15,0,0.085,5.059644,0.959381,1.907975,,1.0,0.0
0.2,8,8,cambria.ttc,999NG7,15,0,0.17,7.155418,0.919759,1.349142,K,1.0,0.0
0.3,8,8,cambria.ttc,999NG7,15,0,0.255,8.763561,0.881116,1.10157,,1.0,0.0
0.4,8,8,cambria.ttc,999NG7,15,0,0.34,10.119289,0.843436,0.953987,BV,1.0,0.0
0.5,8,8,cambria.ttc,999NG7,15,0,0.425,11.313708,0.8067,0.853272,RE,1.0,0.0
0.6,8,8,cambria.ttc,999NG7,15,0,0.51,12.393547,0.770893,0.778927,,1.0,0.0
0.7,8,8,cambria.ttc,999NG7,15,0,0.595,13.38656,0.735998,0.721147,APS7,0.833333,0.166667
0.8,8,8,cambria.ttc,999NG7,15,0,0.68,14.310835,0.701998,0.674571,,1.0,0.0
0.9,8,8,cambria.ttc,999NG7,15,0,0.765,15.178933,0.668877,0.635992,OGUNT,0.833333,0.166667
1.0,8,8,cambria.ttc,999NG7,15,0,0.85,16.0,0.63662,0.603355,MS9SNGT,0.666667,0.333333
0.1,32,8,cambria.ttc,999NG7,15,0,0.085,5.059644,0.959381,1.907975,,1.0,0.0
0.2,32,8,cambria.ttc,999NG7,15,0,0.17,7.155418,0.919759,1.349142,OGANEE,0.833333,0.166667
0.3,32,8,cambria.ttc,999NG7,15,0,0.255,8.763561,0.881116,1.10157,SOONGF,0.666667,0.333333
0.4,32,8,cambria.ttc,999NG7,15,0,0.34,10.119289,0.843436,0.953987,,1.0,0.0
0.5,32,8,cambria.ttc,999NG7,15,0,0.425,11.313708,0.8067,0.853272,QOONGZ,0.666667,0.333333
0.6,32,8,cambria.ttc,999NG7,15,0,0.51,12.393547,0.770893,0.778927,,1.0,0.0
0.7,32,8,cambria.ttc,999NG7,15,0,0.595,13.38656,0.735998,0.721147,S9SNGT,0.5,0.5
0.8,32,8,cambria.ttc,999NG7,15,0,0.68,14.310835,0.701998,0.674571,,1.0,0.0
0.9,32,8,cambria.ttc,999NG7,15,0,0.765,15.178933,0.668877,0.635992,QIONGT,0.666667,0.333333
1.0,32,8,cambria.ttc,999NG7,15,0,0.85,16.0,0.63662,0.603355,,1.0,0.0
0.1,128,8,cambria.ttc,999NG7,15,0,0.085,5.059644,0.959381,1.907975,,1.0,0.0
0.2,128,8,cambria.ttc,999NG7,15,0,0.17,7.155418,0.919759,1.349142,GOONGF,0.666667,0.333333
0.3,128,8,cambria.ttc,999NG7,15,0,0.255,8.763561,0.881116,1.10157,S9ONG7,0.333333,0.666667
0.4,128,8,cambria.ttc,999NG7,15,0,0.34,10.119289,0.843436,0.953987,99ONGT,0.333333,0.666667
0.5,128,8,cambria.ttc,999NG7,15,0,0.425,11.313708,0.8067,0.853272,GIONG7,0.5,0.5
0.6,128,8,cambria.ttc,999NG7,15,0,0.51,12.393547,0.770893,0.778927,999NG7,0.0,1.0
0.7,128,8,cambria.ttc,999NG7,15,0,0.595,13.38656,0.735998,0.721147,999NG7,0.0,1.0
0.8,128,8,cambria.ttc,999NG7,15,0,0.68,14.310835,0.701998,0.674571,S9ONG7,0.333333,0.666667
0.9,128,8,cambria.ttc,999NG7,15,0,0.765,15.178933,0.668877,0.635992,999NG7,0.0,1.0
1.0,128,8,cambria.ttc,999NG7,15,0,0.85,16.0,0.63662,0.603355,S99NG7,0.166667,0.833333
0.1,512,8,cambria.ttc,999NG7,15,0,0.085,5.059644,0.959381,1.907975,SIONGF,0.666667,0.333333
0.2,512,8,cambria.ttc,999NG7,15,0,0.17,7.155418,0.919759,1.349142,S9ONG,0.5,0.5
0.3,512,8,cambria.ttc,999NG7,15,0,0.255,8.763561,0.881116,1.10157,S9ONG7,0.333333,0.666667
0.4,512,8,cambria.ttc,999NG7,15,0,0.34,10.119289,0.843436,0.953987,S99ONG7,0.333333,0.666667
0.5,512,8,cambria.ttc,999NG7,15,0,0.425,11.313708,0.8067,0.853272,9IONG,0.5,0.5
0.6,512,8,cambria.ttc,999NG7,15,0,0.51,12.393547,0.770893,0.778927,999ONG7,0.166667,0.833333
0.7,512,8,cambria.ttc,999NG7,15,0,0.595,13.38656,0.735998,0.721147,99ONG7,0.166667,0.833333
0.8,512,8,cambria.ttc,999NG7,15,0,0.68,14.310835,0.701998,0.674571,999NG7,0.0,1.0
0.9,512,8,cambria.ttc,999NG7,15,0,0.765,15.178933,0.668877,0.635992,999NG7,0.0,1.0
1.0,512,8,cambria.ttc,999NG7,15,0,0.85,16.0,0.63662,0.603355,999NG7,0.0,1.0
0.1,2048,8,cambria.ttc,999NG7,15,0,0.085,5.059644,0.959381,1.907975,SIONG,0.666667,0.333333
0.2,2048,8,cambria.ttc,999NG7,15,0,0.17,7.155418,0.919759,1.349142,99ONG,0.333333,0.666667
0.3,2048,8,cambria.ttc,999NG7,15,0,0.255,8.763561,0.881116,1.10157,GIONG,0.666667,0.333333
0.4,2048,8,cambria.ttc,999NG7,15,0,0.34,10.119289,0.843436,0.953987,S9ONG7,0.333333,0.666667
0.5,2048,8,cambria.ttc,999NG7,15,0,0.425,11.313708,0.8067,0.853272,SIONG7,0.5,0.5
0.6,2048,8,cambria.ttc,999NG7,15,0,0.51,12.393547,0.770893,0.778927,999ONG7,0.166667,0.833333
0.7,2048,8,cambria.ttc,999NG7,15,0,0.595,13.38656,0.735998,0.721147,999ONG7,0.166667,0.833333
0.8,2048,8,cambria.ttc,999NG7,15,0,0.68,14.310835,0.701998,0.674571,999NG7,0.0,1.0
0.9,2048,8,cambria.ttc,999NG7,15,0,0.765,15.178933,0.668877,0.635992,999NG7,0.0,1.0
1.0,2048,8,cambria.ttc,999NG7,15,0,0.85,16.0,0.63662,0.603355,999NG7,0.0,1.0
0.1,8,8,cambria.ttc,999NG7,15,15,0.085,5.059644,0.959381,1.907975,,1.0,0.0
0.2,8,8,cambria.ttc,999NG7,15,15,0.17,7.155418,0.919759,1.349142,,1.0,0.0
0.3,8,8,cambria.ttc,999NG7,15,15,0.255,8.763561,0.881116,1.10157,,1.0,0.0
0.4,8,8,cambria.ttc,999NG7,15,15,0.34,10.119289,0.843436,0.953987,,1.0,0.0
0.5,8,8,cambria.ttc,999NG7,15,15,0.425,11.313708,0.8067,0.853272,ABICHG,1.0,0.0
0.6,8,8,cambria.ttc,999NG7,15,15,0.51,12.393547,0.770893,0.778927,ROORES,1.0,0.0
0.7,8,8,cambria.ttc,999NG7,15,15,0.595,13.38656,0.735998,0.721147,BE,1.0,0.0
0.8,8,8,cambria.ttc,999NG7,15,15,0.68,14.310835,0.701998,0.674571,,1.0,0.0
0.9,8,8,cambria.ttc,999NG7,15,15,0.765,15.178933,0.668877,0.635992,,1.0,0.0
1.0,8,8,cambria.ttc,999NG7,15,15,0.85,16.0,0.63662,0.603355,Y,1.0,0.0
0.1,32,8,cambria.ttc,999NG7,15,15,0.085,5.059644,0.959381,1.907975,,1.0,0.0
0.2,32,8,cambria.ttc,999NG7,15,15,0.17,7.155418,0.919759,1.349142,SSOONGI,0.833333,0.166667
0.3,32,8,cambria.ttc,999NG7,15,15,0.255,8.763561,0.881116,1.10157,,1.0,0.0
0.4,32,8,cambria.ttc,999NG7,15,15,0.34,10.119289,0.843436,0.953987,GOON,0.833333,0.166667
0.5,32,8,cambria.ttc,999NG7,15,15,0.425,11.313708,0.8067,0.853272,BOGNGT,0.666667,0.333333
0.6,32,8,cambria.ttc,999NG7,15,15,0.51,12.393547,0.770893,0.778927,QUONGT,0.666667,0.333333
0.7,32,8,cambria.ttc,999NG7,15,15,0.595,13.38656,0.735998,0.721147,SOONGT,0.666667,0.333333
0.8,32,8,cambria.ttc,999NG7,15,15,0.68,14.310835,0.701998,0.674571,,1.0,0.0
0.9,32,8,cambria.ttc,999NG7,15,15,0.765,15.178933,0.668877,0.635992,9YSNG7,0.333333,0.666667
1.0,32,8,cambria.ttc,999NG7,15,15,0.85,16.0,0.63662,0.603355,,1.0,0.0
0.1,128,8,cambria.ttc,999NG7,15,15,0.085,5.059644,0.959381,1.907975,,1.0,0.0
0.2,128,8,cambria.ttc,999NG7,15,15,0.17,7.155418,0.919759,1.349142,SOONGT,0.666667,0.333333
0.3,128,8,cambria.ttc,999NG7,15,15,0.255,8.763561,0.881116,1.10157,OUONGT,0.666667,0.333333
0.4,128,8,cambria.ttc,999NG7,15,15,0.34,10.119289,0.843436,0.953987,99ONG7,0.166667,0.833333
0.5,128,8,cambria.ttc,999NG7,15,15,0.425,11.313708,0.8067,0.853272,999NG7,0.0,1.0
0.6,128,8,cambria.ttc,999NG7,15,15,0.51,12.393547,0.770893,0.778927,999NG7,0.0,1.0
0.7,128,8,cambria.ttc,999NG7,15,15,0.595,13.38656,0.735998,0.721147,999NG7,0.0,1.0
0.8,128,8,cambria.ttc,999NG7,15,15,0.68,14.310835,0.701998,0.674571,999ONG7,0.166667,0.833333
0.9,128,8,cambria.ttc,999NG7,15,15,0.765,15.178933,0.668877,0.635992,999ONG7,0.166667,0.833333
1.0,128,8,cambria.ttc,999NG7,15,15,0.85,16.0,0.63662,0.603355,999ONG7,0.166667,0.833333
0.1,512,8,cambria.ttc,999NG7,15,15,0.085,5.059644,0.959381,1.907975,QUONGT,0.666667,0.333333
0.2,512,8,cambria.ttc,999NG7,15,15,0.17,7.155418,0.919759,1.349142,GIONG7,0.5,0.5
0.3,512,8,cambria.ttc,999NG7,15,15,0.255,8.763561,0.881116,1.10157,GIONG7,0.5,0.5
0.4,512,8,cambria.ttc,999NG7,15,15,0.34,10.119289,0.843436,0.953987,99ONG7,0.166667,0.833333
0.5,512,8,cambria.ttc,999NG7,15,15,0.425,11.313708,0.8067,0.853272,GSIONG7,0.666667,0.333333
0.6,512,8,cambria.ttc,999NG7,15,15,0.51,12.393547,0.770893,0.778927,9IONG7,0.333333,0.666667
0.7,512,8,cambria.ttc,999NG7,15,15,0.595,13.38656,0.735998,0.721147,999ONG7,0.166667,0.833333
0.8,512,8,cambria.ttc,999NG7,15,15,0.68,14.310835,0.701998,0.674571,99ONG7,0.166667,0.833333
0.9,512,8,cambria.ttc,999NG7,15,15,0.765,15.178933,0.668877,0.635992,9IONG7,0.333333,0.666667
1.0,512,8,cambria.ttc,999NG7,15,15,0.85,16.0,0.63662,0.603355,99ONG7,0.166667,0.833333
0.1,2048,8,cambria.ttc,999NG7,15,15,0.085,5.059644,0.959381,1.907975,GIONG,0.666667,0.333333
0.2,2048,8,cambria.ttc,999NG7,15,15,0.17,7.155418,0.919759,1.349142,GOIONG7,0.666667,0.333333
0.3,2048,8,cambria.ttc,999NG7,15,15,0.255,8.763561,0.881116,1.10157,GIONG7,0.5,0.5
0.4,2048,8,cambria.ttc,999NG7,15,15,0.34,10.119289,0.843436,0.953987,GSIONG7,0.666667,0.333333
0.5,2048,8,cambria.ttc,999NG7,15,15,0.425,11.313708,0.8067,0.853272,GIONG7,0.5,0.5
0.6,2048,8,cambria.ttc,999NG7,15,15,0.51,12.393547,0.770893,0.778927,999ONG7,0.166667,0.833333
0.7,2048,8,cambria.ttc,999NG7,15,15,0.595,13.38656,0.735998,0.721147,9IONG7,0.333333,0.666667
0.8,2048,8,cambria.ttc,999NG7,15,15,0.68,14.310835,0.701998,0.674571,999ONG7,0.166667,0.833333
0.9,2048,8,cambria.ttc,999NG7,15,15,0.765,15.178933,0.668877,0.635992,999ONG7,0.166667,0.833333
1.0,2048,8,cambria.ttc,999NG7,15,15,0.85,16.0,0.63662,0.603355,999NG7,0.0,1.0
0.1,8,8,cambria.ttc,DJELTE,0,0,0.085,5.059644,0.959381,1.907975,,1.0,0.0
0.2,8,8,cambria.ttc,DJELTE,0,0,0.17,7.155418,0.919759,1.349142,,1.0,0.0
0.3,8,8,cambria.ttc,DJELTE,0,0,0.255,8.763561,0.881116,1.10157,RE,0.833333,0.166667
0.4,8,8,cambria.ttc,DJELTE,0,0,0.34,10.119289,0.843436,0.953987,,1.0,0.0
0.5,8,8,cambria.ttc,DJELTE,0,0,0.425,11.313708,0.8067,0.853272,R,1.0,0.0
0.6,8,8,cambria.ttc,DJELTE,0,0,0.51,12.393547,0.770893,0.778927,ARR,1.0,0.0
0.7,8,8,cambria.ttc,DJELTE,0,0,0.595,13.38656,0.735998,0.721147,,1.0,0.0
0.8,8,8,cambria.ttc,DJELTE,0,0,0.68,14.310835,0.701998,0.674571,BST,0.833333,0.166667
0.9,8,8,cambria.ttc,DJELTE,0,0,0.765,15.178933,0.668877,0.635992,,1.0,0.0
1.0,8,8,cambria.ttc,DJELTE,0,0,0.85,16.0,0.63662,0.603355,,1.0,0.0
0.1,32,8,cambria.ttc,DJELTE,0,0,0.085,5.059644,0.959381,1.907975,,1.0,0.0
0.2,32,8,cambria.ttc,DJELTE,0,0,0.17,7.155418,0.919759,1.349142,,1.0,0.0
0.3,32,8,cambria.ttc,DJELTE,0,0,0.255,8.763561,0.881116,1.10157,,1.0,0.0
0.4,32,8,cambria.ttc,DJELTE,0,0,0.34,10.119289,0.843436,0.953987,,1.0,0.0
0.5,32,8,cambria.ttc,DJELTE,0,0,0.425,11.313708,0.8067,0.853272,,1.0,0.0
0.6,32,8,cambria.ttc,DJELTE,0,0,0.51,12.393547,0.770893,0.778927,,1.0,0.0
0.7,32,8,cambria.ttc,DJELTE,0,0,0.595,13.38656,0.735998,0.721147,,1.0,0.0
0.8,32,8,cambria.ttc,DJELTE,0,0,0.68,14.310835,0.701998,0.674571,,1.0,0.0
0.9,32,8,cambria.ttc,DJELTE,0,0,0.765,15.178933,0.668877,0.635992,,1.0,0.0
1.0,32,8,cambria.ttc,DJELTE,0,0,0.85,16.0,0.63662,0.603355,,1.0,0.0
0.1,128,8,cambria.ttc,DJELTE,0,0,0.085,5.059644,0.959381,1.907975,,1.0,0.0
0.2,128,8,cambria.ttc,DJELTE,0,0,0.17,7.155418,0.919759,1.349142,,1.0,0.0
0.3,128,8,cambria.ttc,DJELTE,0,0,0.255,8.763561,0.881116,1.10157,HYKETH,0.833333,0.166667
0.4,128,8,cambria.ttc,DJELTE,0,0,0.34,10.119289,0.843436,0.953987,RIKETE,0.666667,0.333333
0.5,128,8,cambria.ttc,DJELTE,0,0,0.425,11.313708,0.8067,0.853272,DIKETE,0.5,0.5
0.6,128,8,cambria.ttc,DJELTE,0,0,0.51,12.393547,0.770893,0.778927,DILL,0.666667,0.333333
0.7,128,8,cambria.ttc,DJELTE,0,0,0.595,13.38656,0.735998,0.721147,DIRLTE,0.333333,0.666667
0.8,128,8,cambria.ttc,DJELTE,0,0,0.68,14.310835,0.701998,0.674571,DIELTE,0.166667,0.833333
0.9,128,8,cambria.ttc,DJELTE,0,0,0.765,15.178933,0.668877,0.635992,DIELTE,0.166667,0.833333
1.0,128,8,cambria.ttc,DJELTE,0,0,0.85,16.0,0.63662,0.603355,DIELTE,0.166667,0.833333
0.1,512,8,cambria.ttc,DJELTE,0,0,0.085,5.059644,0.959381,1.907975,NYE,0.833333,0.166667
0.2,512,8,cambria.ttc,DJELTE,0,0,0.17,7.155418,0.919759,1.349142,DIRT,0.666667,0.333333
0.3,512,8,cambria.ttc,DJELTE,0,0,0.255,8.763561,0.881116,1.10157,DELTE,0.166667,0.833333
0.4,512,8,cambria.ttc,DJELTE,0,0,0.34,10.119289,0.843436,0.953987,DIRETE,0.5,0.5
0.5,512,8,cambria.ttc,DJELTE,0,0,0.425,11.313708,0.8067,0.853272,DIJELTE,0.166667,0.833333
0.6,512,8,cambria.ttc,DJELTE,0,0,0.51,12.393547,0.770893,0.778927,DIELTE,0.166667,0.833333
0.7,512,8,cambria.ttc,DJELTE,0,0,0.595,13.38656,0.735998,0.721147,DIELTE,0.166667,0.833333
0.8,512,8,cambria.ttc,DJELTE,0,0,0.68,14.310835,0.701998,0.674571,DIJELTE,0.166667,0.833333
0.9,512,8,cambria.ttc,DJELTE,0,0,0.765,15.178933,0.668877,0.635992,DIELTE,0.166667,0.833333
1.0,512,8,cambria.ttc,DJELTE,0,0,0.85,16.0,0.63662,0.603355,DIELTE,0.166667,0.833333
0.1,2048,8,cambria.ttc,DJELTE,0,0,0.085,5.059644,0.959381,1.907975,DPE,0.666667,0.333333
0.2,2048,8,cambria.ttc,DJELTE,0,0,0.17,7.155418,0.919759,1.349142,DIELTE,0.166667,0.833333
0.3,2048,8,cambria.ttc,DJELTE,0,0,0.255,8.763561,0.881116,1.10157,DIELTE,0.166667,0.833333
0.4,2048,8,cambria.ttc,DJELTE,0,0,0.34,10.119289,0.843436,0.953987,DIRT,0.666667,0.333333
0.5,2048,8,cambria.ttc,DJELTE,0,0,0.425,11.313708,0.8067,0.853272,DIELTE,0.166667,0.833333
0.6,2048,8,cambria.ttc,DJELTE,0,0,0.51,12.393547,0.770893,0.778927,DIELTE,0.166667,0.833333
0.7,2048,8,cambria.ttc,DJELTE,0,0,0.595,13.38656,0.735998,0.721147,DIELTE,0.166667,0.833333
0.8,2048,8,cambria.ttc,DJELTE,0,0,0.68,14.310835,0.701998,0.674571,DIELTE,0.166667,0.833333
0.9,2048,8,cambria.ttc,DJELTE,0,0,0.765,15.178933,0.668877,0.635992,DJELTE,0.0,1.0
1.0,2048,8,cambria.ttc,DJELTE,0,0,0.85,16.0,0.63662,0.603355,DIELTE,0.166667,0.833333
0.1,8,8,cambria.ttc,DJELTE,0,15,0.085,5.059644,0.959381,1.907975,,1.0,0.0
0.2,8,8,cambria.ttc,DJELTE,0,15,0.17,7.155418,0.919759,1.349142,,1.0,0.0
0.3,8,8,cambria.ttc,DJELTE,0,15,0.255,8.763561,0.881116,1.10157,,1.0,0.0
0.4,8,8,cambria.ttc,DJELTE,0,15,0.34,10.119289,0.843436,0.953987,,1.0,0.0
0.5,8,8,cambria.ttc,DJELTE,0,15,0.425,11.313708,0.8067,0.853272,ATF,0.833333,0.166667
0.6,8,8,cambria.ttc,DJELTE,0,15,0.51,12.393547,0.770893,0.778927,,1.0,0.0
0.7,8,8,cambria.ttc,DJELTE,0,15,0.595,13.38656,0.735998,0.721147,,1.0,0.0
0.8,8,8,cambria.ttc,DJELTE,0,15,0.68,14.310835,0.701998,0.674571,,1.0,0.0
0.9,8,8,cambria.ttc,DJELTE,0,15,0.765,15.178933,0.668877,0.635992,,1.0,0.0
1.0,8,8,cambria.ttc,DJELTE,0,15,0.85,16.0,0.63662,0.603355,,1.0,0.0
0.1,32,8,cambria.ttc,DJELTE,0,15,0.085,5.059644,0.959381,1.907975,,1.0,0.0
0.2,32,8,cambria.ttc,DJELTE,0,15,0.17,7.155418,0.919759,1.349142,,1.0,0.0
0.3,32,8,cambria.ttc,DJELTE,0,15,0.255,8.763561,0.881116,1.10157,TR,0.833333,0.166667
0.4,32,8,cambria.ttc,DJELTE,0,15,0.34,10.119289,0.843436,0.953987,,1.0,0.0
0.5,32,8,cambria.ttc,DJELTE,0,15,0.425,11.313708,0.8067,0.853272,,1.0,0.0
0.6,32,8,cambria.ttc,DJELTE,0,15,0.51,12.393547,0.770893,0.778927,,1.0,0.0
0.7,32,8,cambria.ttc,DJELTE,0,15,0.595,13.38656,0.735998,0.721147,,1.0,0.0
0.8,32,8,cambria.ttc,DJELTE,0,15,0.68,14.310835,0.701998,0.674571,,1.0,0.0
0.9,32,8,cambria.ttc,DJELTE,0,15,0.765,15.178933,0.668877,0.635992,,1.0,0.0
1.0,32,8,cambria.ttc,DJELTE,0,15,0.85,16.0,0.63662,0.603355,,1.0,0.0
0.1,128,8,cambria.ttc,DJELTE,0,15,0.085,5.059644,0.959381,1.907975,,1.0,0.0
0.2,128,8,cambria.ttc,DJELTE,0,15,0.17,7.155418,0.919759,1.349142,,1.0,0.0
0.3,128,8,cambria.ttc,DJELTE,0,15,0.255,8.763561,0.881116,1.10157,INKETK,0.833333,0.166667
0.4,128,8,cambria.ttc,DJELTE,0,15,0.34,10.119289,0.843436,0.953987,RLPK,0.833333,0.166667
0.5,128,8,cambria.ttc,DJELTE,0,15,0.425,11.313708,0.8067,0.853272,DIRETK,0.666667,0.333333
0.6,128,8,cambria.ttc,DJELTE,0,15,0.51,12.393547,0.770893,0.778927,DIELTE,0.166667,0.833333
0.7,128,8,cambria.ttc,DJELTE,0,15,0.595,13.38656,0.735998,0.721147,DIELTE,0.166667,0.833333
0.8,128,8,cambria.ttc,DJELTE,0,15,0.68,14.310835,0.701998,0.674571,DIKLTE,0.333333,0.666667
0.9,128,8,cambria.ttc,DJELTE,0,15,0.765,15.178933,0.668877,0.635992,DIELTE,0.166667,0.833333
1.0,128,8,cambria.ttc,DJELTE,0,15,0.85,16.0,0.63662,0.603355,DIEETE,0.333333,0.666667
0.1,512,8,cambria.ttc,DJELTE,0,15,0.085,5.059644,0.959381,1.907975,IMN,1.0,0.0
0.2,512,8,cambria.ttc,DJELTE,0,15,0.17,7.155418,0.919759,1.349142,DRL,0.666667,0.333333
0.3,512,8,cambria.ttc,DJELTE,0,15,0.255,8.763561,0.881116,1.10157,DRL,0.666667,0.333333
0.4,512,8,cambria.ttc,DJELTE,0,15,0.34,10.119289,0.843436,0.953987,DIELTE,0.166667,0.833333
0.5,512,8,cambria.ttc,DJELTE,0,15,0.425,11.313708,0.8067,0.853272,DIELTE,0.166667,0.833333
0.6,512,8,cambria.ttc,DJELTE,0,15,0.51,12.393547,0.770893,0.778927,DIELTE,0.166667,0.833333
0.7,512,8,cambria.ttc,DJELTE,0,15,0.595,13.38656,0.735998,0.721147,DJELTE,0.0,1.0
0.8,512,8,cambria.ttc,DJELTE,0,15,0.68,14.310835,0.701998,0.674571,DIELTE,0.166667,0.833333
0.9,512,8,cambria.ttc,DJELTE,0,15,0.765,15.178933,0.668877,0.635992,DJELTE,0.0,1.0
1.0,512,8,cambria.ttc,DJELTE,0,15,0.85,16.0,0.63662,0.603355,DIELTE,0.166667,0.833333
0.1,2048,8,cambria.ttc,DJELTE,0,15,0.085,5.059644,0.959381,1.907975,DLT,0.5,0.5
0.2,2048,8,cambria.ttc,DJELTE,0,15,0.17,7.155418,0.919759,1.349142,DIRT,0.666667,0.333333
0.3,2048,8,cambria.ttc,DJELTE,0,15,0.255,8.763561,0.881116,1.10157,DIELTE,0.166667,0.833333
0.4,2048,8,cambria.ttc,DJELTE,0,15,0.34,10.119289,0.843436,0.953987,DIELTE,0.166667,0.833333
0.5,2048,8,cambria.ttc,DJELTE,0,15,0.425,11.313708,0.8067,0.853272,DIELTE,0.166667,0.833333
0.6,2048,8,cambria.ttc,DJELTE,0,15,0.51,12.393547,0.770893,0.778927,DIELTE,0.166667,0.833333
0.7,2048,8,cambria.ttc,DJELTE,0,15,0.595,13.38656,0.735998,0.721147,DJELTE,0.0,1.0
0.8,2048,8,cambria.ttc,DJELTE,0,15,0.68,14.310835,0.701998,0.674571,DIELTE,0.166667,0.833333
0.9,2048,8,cambria.ttc,DJELTE,0,15,0.765,15.178933,0.668877,0.635992,DJELTE,0.0,1.0
1.0,2048,8,cambria.ttc,DJELTE,0,15,0.85,16.0,0.63662,0.603355,DIJELTE,0.166667,0.833333
0.1,8,8,cambria.ttc,DJELTE,15,0,0.085,5.059644,0.959381,1.907975,A,1.0,0.0
0.2,8,8,cambria.ttc,DJELTE,15,0,0.17,7.155418,0.919759,1.349142,S,1.0,0.0
0.3,8,8,cambria.ttc,DJELTE,15,0,0.255,8.763561,0.881116,1.10157,SOE,0.833333,0.166667
0.4,8,8,cambria.ttc,DJELTE,15,0,0.34,10.119289,0.843436,0.953987,,1.0,0.0
0.5,8,8,cambria.ttc,DJELTE,15,0,0.425,11.313708,0.8067,0.853272,,1.0,0.0
0.6,8,8,cambria.ttc,DJELTE,15,0,0.51,12.393547,0.770893,0.778927,EEE,0.666667,0.333333
0.7,8,8,cambria.ttc,DJELTE,15,0,0.595,13.38656,0.735998,0.721147,,1.0,0.0
0.8,8,8,cambria.ttc,DJELTE,15,0,0.68,14.310835,0.701998,0.674571,,1.0,0.0
0.9,8,8,cambria.ttc,DJELTE,15,0,0.765,15.178933,0.668877,0.635992,,1.0,0.0
1.0,8,8,cambria.ttc,DJELTE,15,0,0.85,16.0,0.63662,0.603355,,1.0,0.0
0.1,32,8,cambria.ttc,DJELTE,15,0,0.085,5.059644,0.959381,1.907975,,1.0,0.0
0.2,32,8,cambria.ttc,DJELTE,15,0,0.17,7.155418,0.919759,1.349142,,1.0,0.0
0.3,32,8,cambria.ttc,DJELTE,15,0,0.255,8.763561,0.881116,1.10157,,1.0,0.0
0.4,32,8,cambria.ttc,DJELTE,15,0,0.34,10.119289,0.843436,0.953987,,1.0,0.0
0.5,32,8,cambria.ttc,DJELTE,15,0,0.425,11.313708,0.8067,0.853272,,1.0,0.0
0.6,32,8,cambria.ttc,DJELTE,15,0,0.51,12.393547,0.770893,0.778927,SPRETE,0.666667,0.333333
0.7,32,8,cambria.ttc,DJELTE,15,0,0.595,13.38656,0.735998,0.721147,,1.0,0.0
0.8,32,8,cambria.ttc,DJELTE,15,0,0.68,14.310835,0.701998,0.674571,,1.0,0.0
0.9,32,8,cambria.ttc,DJELTE,15,0,0.765,15.178933,0.668877,0.635992,,1.0,0.0
1.0,32,8,cambria.ttc,DJELTE,15,0,0.85,16.0,0.63662,0.603355,,1.0,0.0
0.1,128,8,cambria.ttc,DJELTE,15,0,0.085,5.059644,0.959381,1.907975,,1.0,0.0
0.2,128,8,cambria.ttc,DJELTE,15,0,0.17,7.155418,0.919759,1.349142,DYELEK,0.5,0.5
0.3,128,8,cambria.ttc,DJELTE,15,0,0.255,8.763561,0.881116,1.10157,,1.0,0.0
0.4,128,8,cambria.ttc,DJELTE,15,0,0.34,10.119289,0.843436,0.953987,DIRE,0.666667,0.333333
0.5,128,8,cambria.ttc,DJELTE,15,0,0.425,11.313708,0.8067,0.853272,DIELTE,0.166667,0.833333
0.6,128,8,cambria.ttc,DJELTE,15,0,0.51,12.393547,0.770893,0.778927,DIELTE,0.166667,0.833333
0.7,128,8,cambria.ttc,DJELTE,15,0,0.595,13.38656,0.735998,0.721147,DIELTE,0.166667,0.833333
0.8,128,8,cambria.ttc,DJELTE,15,0,0.68,14.310835,0.701998,0.674571,DIELTE,0.166667,0.833333
0.9,128,8,cambria.ttc,DJELTE,15,0,0.765,15.178933,0.668877,0.635992,DIELTE,0.166667,0.833333
1.0,128,8,cambria.ttc,DJELTE,15,0,0.85,16.0,0.63662,0.603355,DIELTE,0.166667,0.833333
0.1,512,8,cambria.ttc,DJELTE,15,0,0.085,5.059644,0.959381,1.907975,DIELS,0.5,0.5
0.2,512,8,cambria.ttc,DJELTE,15,0,0.17,7.155418,0.919759,1.349142,DIRE,0.666667,0.333333
0.3,512,8,cambria.ttc,DJELTE,15,0,0.255,8.763561,0.881116,1.10157,DIELTE,0.166667,0.833333
0.4,512,8,cambria.ttc,DJELTE,15,0,0.34,10.119289,0.843436,0.953987,DIRT,0.666667,0.333333
0.5,512,8,cambria.ttc,DJELTE,15,0,0.425,11.313708,0.8067,0.853272,DIELTE,0.166667,0.833333
0.6,512,8,cambria.ttc,DJELTE,15,0,0.51,12.393547,0.770893,0.778927,DIELTE,0.166667,0.833333
0.7,512,8,cambria.ttc,DJELTE,15,0,0.595,13.38656,0.735998,0.721147,DJELTE,0.0,1.0
0.8,512,8,cambria.ttc,DJELTE,15,0,0.68,14.310835,0.701998,0.674571,DIELTE,0.166667,0.833333
0.9,512,8,cambria.ttc,DJELTE,15,0,0.765,15.178933,0.668877,0.635992,DIELTE,0.166667,0.833333
1.0,512,8,cambria.ttc,DJELTE,15,0,0.85,16.0,0.63662,0.603355,DIELTE,0.166667,0.833333
0.1,2048,8,cambria.ttc,DJELTE,15,0,0.085,5.059644,0.959381,1.907975,DYKLTE,0.333333,0.666667
0.2,2048,8,cambria.ttc,DJELTE,15,0,0.17,7.155418,0.919759,1.349142,DIELTE,0.166667,0.833333
0.3,2048,8,cambria.ttc,DJELTE,15,0,0.255,8.763561,0.881116,1.10157,DIELTE,0.166667,0.833333
0.4,2048,8,cambria.ttc,DJELTE,15,0,0.34,10.119289,0.843436,0.953987,DIJELTE,0.166667,0.833333
0.5,2048,8,cambria.ttc,DJELTE,15,0,0.425,11.313708,0.8067,0.853272,DIELTE,0.166667,0.833333
0.6,2048,8,cambria.ttc,DJELTE,15,0,0.51,12.393547,0.770893,0.778927,DIJELTE,0.166667,0.833333
0.7,2048,8,cambria.ttc,DJELTE,15,0,0.595,13.38656,0.735998,0.721147,DJELTE,0.0,1.0
0.8,2048,8,cambria.ttc,DJELTE,15,0,0.68,14.310835,0.701998,0.674571,DIELTE,0.166667,0.833333
0.9,2048,8,cambria.ttc,DJELTE,15,0,0.765,15.178933,0.668877,0.635992,DIELTE,0.166667,0.833333
1.0,2048,8,cambria.ttc,DJELTE,15,0,0.85,16.0,0.63662,0.603355,DJELTE,0.0,1.0
0.1,8,8,cambria.ttc,DJELTE,15,15,0.085,5.059644,0.959381,1.907975,,1.0,0.0
0.2,8,8,cambria.ttc,DJELTE,15,15,0.17,7.155418,0.919759,1.349142,SH,1.0,0.0
0.3,8,8,cambria.ttc,DJELTE,15,15,0.255,8.763561,0.881116,1.10157,,1.0,0.0
0.4,8,8,cambria.ttc,DJELTE,15,15,0.34,10.119289,0.843436,0.953987,,1.0,0.0
0.5,8,8,cambria.ttc,DJELTE,15,15,0.425,11.313708,0.8067,0.853272,,1.0,0.0
0.6,8,8,cambria.ttc,DJELTE,15,15,0.51,12.393547,0.770893,0.778927,PER,0.833333,0.166667
0.7,8,8,cambria.ttc,DJELTE,15,15,0.595,13.38656,0.735998,0.721147,,1.0,0.0
0.8,8,8,cambria.ttc,DJELTE,15,15,0.68,14.310835,0.701998,0.674571,,1.0,0.0
0.9,8,8,cambria.ttc,DJELTE,15,15,0.765,15.178933,0.668877,0.635992,,1.0,0.0
1.0,8,8,cambria.ttc,DJELTE,15,15,0.85,16.0,0.63662,0.603355,,1.0,0.0
0.1,32,8,cambria.ttc,DJELTE,15,15,0.085,5.059644,0.959381,1.907975,MRNERE,0.833333,0.166667
0.2,32,8,cambria.ttc,DJELTE,15,15,0.17,7.155418,0.919759,1.349142,,1.0,0.0
0.3,32,8,cambria.ttc,DJELTE,15,15,0.255,8.763561,0.881116,1.10157,,1.0,0.0
0.4,32,8,cambria.ttc,DJELTE,15,15,0.34,10.119289,0.843436,0.953987,,1.0,0.0
0.5,32,8,cambria.ttc,DJELTE,15,15,0.425,11.313708,0.8067,0.853272,,1.0,0.0
0.6,32,8,cambria.ttc,DJELTE,15,15,0.51,12.393547,0.770893,0.778927,,1.0,0.0
0.7,32,8,cambria.ttc,DJELTE,15,15,0.595,13.38656,0.735998,0.721147,,1.0,0.0
0.8,32,8,cambria.ttc,DJELTE,15,15,0.68,14.310835,0.701998,0.674571,,1.0,0.0
0.9,32,8,cambria.ttc,DJELTE,15,15,0.765,15.178933,0.668877,0.635992,,1.0,0.0
1.0,32,8,cambria.ttc,DJELTE,15,15,0.85,16.0,0.63662,0.603355,,1.0,0.0
0.1,128,8,cambria.ttc,DJELTE,15,15,0.085,5.059644,0.959381,1.907975,,1.0,0.0
0.2,128,8,cambria.ttc,DJELTE,15,15,0.17,7.155418,0.919759,1.349142,BRIEK,1.0,0.0
0.3,128,8,cambria.ttc,DJELTE,15,15,0.255,8.763561,0.881116,1.10157,DYRLTK,0.5,0.5
0.4,128,8,cambria.ttc,DJELTE,15,15,0.34,10.119289,0.843436,0.953987,DELTE,0.166667,0.833333
0.5,128,8,cambria.ttc,DJELTE,15,15,0.425,11.313708,0.8067,0.853272,DIELTE,0.166667,0.833333
0.6,128,8,cambria.ttc,DJELTE,15,15,0.51,12.393547,0.770893,0.778927,DJELTE,0.0,1.0
0.7,128,8,cambria.ttc,DJELTE,15,15,0.595,13.38656,0.735998,0.721147,DIELTE,0.166667,0.833333
0.8,128,8,cambria.ttc,DJELTE,15,15,0.68,14.310835,0.701998,0.674571,DIELTE,0.166667,0.833333
0.9,128,8,cambria.ttc,DJELTE,15,15,0.765,15.178933,0.668877,0.635992,DIELTE,0.166667,0.833333
1.0,128,8,cambria.ttc,DJELTE,15,15,0.85,16.0,0.63662,0.603355,DIELTE,0.166667,0.833333
0.1,512,8,cambria.ttc,DJELTE,15,15,0.085,5.059644,0.959381,1.907975,YKNIK,1.0,0.0
0.2,512,8,cambria.ttc,DJELTE,15,15,0.17,7.155418,0.919759,1.349142,DYKLTK,0.5,0.5
0.3,512,8,cambria.ttc,DJELTE,15,15,0.255,8.763561,0.881116,1.10157,DIKLTE,0.333333,0.666667
0.4,512,8,cambria.ttc,DJELTE,15,15,0.34,10.119289,0.843436,0.953987,DIELTE,0.166667,0.833333
0.5,512,8,cambria.ttc,DJELTE,15,15,0.425,11.313708,0.8067,0.853272,DIELTE,0.166667,0.833333
0.6,512,8,cambria.ttc,DJELTE,15,15,0.51,12.393547,0.770893,0.778927,DIJELTE,0.166667,0.833333
0.7,512,8,cambria.ttc,DJELTE,15,15,0.595,13.38656,0.735998,0.721147,DIELTE,0.166667,0.833333
0.8,512,8,cambria.ttc,DJELTE,15,15,0.68,14.310835,0.701998,0.674571,DIELTE,0.166667,0.833333
0.9,512,8,cambria.ttc,DJELTE,15,15,0.765,15.178933,0.668877,0.635992,DJELTE,0.0,1.0
1.0,512,8,cambria.ttc,DJELTE,15,15,0.85,16.0,0.63662,0.603355,DIJELTE,0.166667,0.833333
0.1,2048,8,cambria.ttc,DJELTE,15,15,0.085,5.059644,0.959381,1.907975,DJS,0.666667,0.333333
0.2,2048,8,cambria.ttc,DJELTE,15,15,0.17,7.155418,0.919759,1.349142,DJKLTK,0.333333,0.666667
0.3,2048,8,cambria.ttc,DJELTE,15,15,0.255,8.763561,0.881116,1.10157,DIKLTE,0.333333,0.666667
0.4,2048,8,cambria.ttc,DJELTE,15,15,0.34,10.119289,0.843436,0.953987,DIELTE,0.166667,0.833333
0.5,2048,8,cambria.ttc,DJELTE,15,15,0.425,11.313708,0.8067,0.853272,DJELTE,0.0,1.0
0.6,2048,8,cambria.ttc,DJELTE,15,15,0.51,12.393547,0.770893,0.778927,DIELTE,0.166667,0.833333
0.7,2048,8,cambria.ttc,DJELTE,15,15,0.595,13.38656,0.735998,0.721147,DJELTE,0.0,1.0
0.8,2048,8,cambria.ttc,DJELTE,15,15,0.68,14.310835,0.701998,0.674571,DIELTE,0.166667,0.833333
0.9,2048,8,cambria.ttc,DJELTE,15,15,0.765,15.178933,0.668877,0.635992,DIELTE,0.166667,0.833333
1.0,2048,8,cambria.ttc,DJELTE,15,15,0.85,16.0,0.63662,0.603355,DJELTE,0.0,1.0
0.1,8,12,arial.ttf,999NG7,0,0,0.085,5.059644,0.959381,1.907975,,1.0,0.0
0.2,8,12,arial.ttf,999NG7,0,0,0.17,7.155418,0.919759,1.349142,AAERCACE,1.333333,-0.333333
0.3,8,12,arial.ttf,999NG7,0,0,0.255,8.763561,0.881116,1.10157,,1.0,0.0
0.4,8,12,arial.ttf,999NG7,0,0,0.34,10.119289,0.843436,0.953987,,1.0,0.0
0.5,8,12,arial.ttf,999NG7,0,0,0.425,11.313708,0.8067,0.853272,,1.0,0.0
0.6,8,12,arial.ttf,999NG7,0,0,0.51,12.393547,0.770893,0.778927,,1.0,0.0
0.7,8,12,arial.ttf,999NG7,0,0,0.595,13.38656,0.735998,0.721147,GOSS,1.0,0.0
0.8,8,12,arial.ttf,999NG7,0,0,0.68,14.310835,0.701998,0.674571,,1.0,0.0
0.9,8,12,arial.ttf,999NG7,0,0,0.765,15.178933,0.668877,0.635992,,1.0,0.0
1.0,8,12,arial.ttf,999NG7,0,0,0.85,16.0,0.63662,0.603355,,1.0,0.0
0.1,32,12,arial.ttf,999NG7,0,0,0.085,5.059644,0.959381,1.907975,,1.0,0.0
0.2,32,12,arial.ttf,999NG7,0,0,0.17,7.155418,0.919759,1.349142,QSONGT,0.666667,0.333333
0.3,32,12,arial.ttf,999NG7,0,0,0.255,8.763561,0.881116,1.10157,,1.0,0.0
0.4,32,12,arial.ttf,999NG7,0,0,0.34,10.119289,0.843436,0.953987,SIONGT,0.666667,0.333333
0.5,32,12,arial.ttf,999NG7,0,0,0.425,11.313708,0.8067,0.853272,S9SNG7,0.333333,0.666667
0.6,32,12,arial.ttf,999NG7,0,0,0.51,12.393547,0.770893,0.778927,,1.0,0.0
0.7,32,12,arial.ttf,999NG7,0,0,0.595,13.38656,0.735998,0.721147,Q9QNG7,0.333333,0.666667
0.8,32,12,arial.ttf,999NG7,0,0,0.68,14.310835,0.701998,0.674571,,1.0,0.0
0.9,32,12,arial.ttf,999NG7,0,0,0.765,15.178933,0.668877,0.635992,99SNG7,0.166667,0.833333
1.0,32,12,arial.ttf,999NG7,0,0,0.85,16.0,0.63662,0.603355,Q99NG7,0.166667,0.833333
0.1,128,12,arial.ttf,999NG7,0,0,0.085,5.059644,0.959381,1.907975,SSSNGT,0.666667,0.333333
0.2,128,12,arial.ttf,999NG7,0,0,0.17,7.155418,0.919759,1.349142,Q9SNG7,0.333333,0.666667
0.3,128,12,arial.ttf,999NG7,0,0,0.255,8.763561,0.881116,1.10157,999NG7,0.0,1.0
0.4,128,12,arial.ttf,999NG7,0,0,0.34,10.119289,0.843436,0.953987,99SNG7,0.166667,0.833333
0.5,128,12,arial.ttf,999NG7,0,0,0.425,11.313708,0.8067,0.853272,999NG7,0.0,1.0
0.6,128,12,arial.ttf,999NG7,0,0,0.51,12.393547,0.770893,0.778927,999NG7,0.0,1.0
0.7,128,12,arial.ttf,999NG7,0,0,0.595,13.38656,0.735998,0.721147,S99NG7,0.166667,0.833333
0.8,128,12,arial.ttf,999NG7,0,0,0.68,14.310835,0.701998,0.674571,999NG7,0.0,1.0
0.9,128,12,arial.ttf,999NG7,0,0,0.765,15.178933,0.668877,0.635992,999NG7,0.0,1.0
1.0,128,12,arial.ttf,999NG7,0,0,0.85,16.0,0.63662,0.603355,999NG7,0.0,1.0
0.1,512,12,arial.ttf,999NG7,0,0,0.085,5.059644,0.959381,1.907975,S99NG7,0.166667,0.833333
0.2,512,12,arial.ttf,999NG7,0,0,0.17,7.155418,0.919759,1.349142,S99NG7,0.166667,0.833333
0.3,512,12,arial.ttf,999NG7,0,0,0.255,8.763561,0.881116,1.10157,999NG7,0.0,1.0
0.4,512,12,arial.ttf,999NG7,0,0,0.34,10.119289,0.843436,0.953987,S999NG7,0.166667,0.833333
0.5,512,12,arial.ttf,999NG7,0,0,0.425,11.313708,0.8067,0.853272,999NG7,0.0,1.0
0.6,512,12,arial.ttf,999NG7,0,0,0.51,12.393547,0.770893,0.778927,999NG7,0.0,1.0
0.7,512,12,arial.ttf,999NG7,0,0,0.595,13.38656,0.735998,0.721147,999NG7,0.0,1.0
0.8,512,12,arial.ttf,999NG7,0,0,0.68,14.310835,0.701998,0.674571,999NG7,0.0,1.0
0.9,512,12,arial.ttf,999NG7,0,0,0.765,15.178933,0.668877,0.635992,999NG7,0.0,1.0
1.0,512,12,arial.ttf,999NG7,0,0,0.85,16.0,0.63662,0.603355,999NG7,0.0,1.0
0.1,2048,12,arial.ttf,999NG7,0,0,0.085,5.059644,0.959381,1.907975,S9SNG7,0.333333,0.666667
0.2,2048,12,arial.ttf,999NG7,0,0,0.17,7.155418,0.919759,1.349142,SO9SNG7,0.5,0.5
0.3,2048,12,arial.ttf,999NG7,0,0,0.255,8.763561,0.881116,1.10157,S99NG7,0.166667,0.833333
0.4,2048,12,arial.ttf,999NG7,0,0,0.34,10.119289,0.843436,0.953987,999NG7,0.0,1.0
0.5,2048,12,arial.ttf,999NG7,0,0,0.425,11.313708,0.8067,0.853272,S99NG7,0.166667,0.833333
0.6,2048,12,arial.ttf,999NG7,0,0,0.51,12.393547,0.770893,0.778927,999NG7,0.0,1.0
0.7,2048,12,arial.ttf,999NG7,0,0,0.595,13.38656,0.735998,0.721147,S99NG7,0.166667,0.833333
0.8,2048,12,arial.ttf,999NG7,0,0,0.68,14.310835,0.701998,0.674571,999NG7,0.0,1.0
0.9,2048,12,arial.ttf,999NG7,0,0,0.765,15.178933,0.668877,0.635992,999NG7,0.0,1.0
1.0,2048,12,arial.ttf,999NG7,0,0,0.85,16.0,0.63662,0.603355,999NG7,0.0,1.0
0.1,8,12,arial.ttf,999NG7,0,15,0.085,5.059644,0.959381,1.907975,SS,1.0,0.0
0.2,8,12,arial.ttf,999NG7,0,15,0.17,7.155418,0.919759,1.349142,,1.0,0.0
0.3,8,12,arial.ttf,999NG7,0,15,0.255,8.763561,0.881116,1.10157,,1.0,0.0
0.4,8,12,arial.ttf,999NG7,0,15,0.34,10.119289,0.843436,0.953987,,1.0,0.0
0.5,8,12,arial.ttf,999NG7,0,15,0.425,11.313708,0.8067,0.853272,,1.0,0.0
0.6,8,12,arial.ttf,999NG7,0,15,0.51,12.393547,0.770893,0.778927,,1.0,0.0
0.7,8,12,arial.ttf,999NG7,0,15,0.595,13.38656,0.735998,0.721147,ESONGY,0.666667,0.333333
0.8,8,12,arial.ttf,999NG7,0,15,0.68,14.310835,0.701998,0.674571,SOONGT,0.666667,0.333333
0.9,8,12,arial.ttf,999NG7,0,15,0.765,15.178933,0.668877,0.635992,,1.0,0.0
1.0,8,12,arial.ttf,999NG7,0,15,0.85,16.0,0.63662,0.603355,,1.0,0.0
0.1,32,12,arial.ttf,999NG7,0,15,0.085,5.059644,0.959381,1.907975,BOON,0.833333,0.166667
0.2,32,12,arial.ttf,999NG7,0,15,0.17,7.155418,0.919759,1.349142,SOONG,0.666667,0.333333
0.3,32,12,arial.ttf,999NG7,0,15,0.255,8.763561,0.881116,1.10157,S9ONGZ,0.5,0.5
0.4,32,12,arial.ttf,999NG7,0,15,0.34,10.119289,0.843436,0.953987,,1.0,0.0
0.5,32,12,arial.ttf,999NG7,0,15,0.425,11.313708,0.8067,0.853272,,1.0,0.0
0.6,32,12,arial.ttf,999NG7,0,15,0.51,12.393547,0.770893,0.778927,Q99NG7,0.166667,0.833333
0.7,32,12,arial.ttf,999NG7,0,15,0.595,13.38656,0.735998,0.721147,SOSNG7,0.5,0.5
0.8,32,12,arial.ttf,999NG7,0,15,0.68,14.310835,0.701998,0.674571,SSSNG7,0.5,0.5
0.9,32,12,arial.ttf,999NG7,0,15,0.765,15.178933,0.668877,0.635992,999NG7,0.0,1.0
1.0,32,12,arial.ttf,999NG7,0,15,0.85,16.0,0.63662,0.603355,999NG7,0.0,1.0
0.1,128,12,arial.ttf,999NG7,0,15,0.085,5.059644,0.959381,1.907975,OSSNG7,0.5,0.5
0.2,128,12,arial.ttf,999NG7,0,15,0.17,7.155418,0.919759,1.349142,O9SNG7,0.333333,0.666667
0.3,128,12,arial.ttf,999NG7,0,15,0.255,8.763561,0.881116,1.10157,S9SNG7,0.333333,0.666667
0.4,128,12,arial.ttf,999NG7,0,15,0.34,10.119289,0.843436,0.953987,S99SNG7,0.333333,0.666667
0.5,128,12,arial.ttf,999NG7,0,15,0.425,11.313708,0.8067,0.853272,S9SNG7,0.333333,0.666667
0.6,128,12,arial.ttf,999NG7,0,15,0.51,12.393547,0.770893,0.778927,S9SSNG7,0.5,0.5
0.7,128,12,arial.ttf,999NG7,0,15,0.595,13.38656,0.735998,0.721147,999NG7,0.0,1.0
0.8,128,12,arial.ttf,999NG7,0,15,0.68,14.310835,0.701998,0.674571,S99NG7,0.166667,0.833333
0.9,128,12,arial.ttf,999NG7,0,15,0.765,15.178933,0.668877,0.635992,S999NG7,0.166667,0.833333
1.0,128,12,arial.ttf,999NG7,0,15,0.85,16.0,0.63662,0.603355,999NG7,0.0,1.0
0.1,512,12,arial.ttf,999NG7,0,15,0.085,5.059644,0.959381,1.907975,S9SNG7,0.333333,0.666667
0.2,512,12,arial.ttf,999NG7,0,15,0.17,7.155418,0.919759,1.349142,SSSONG7,0.666667,0.333333
0.3,512,12,arial.ttf,999NG7,0,15,0.255,8.763561,0.881116,1.10157,S99NG7,0.166667,0.833333
0.4,512,12,arial.ttf,999NG7,0,15,0.34,10.119289,0.843436,0.953987,S99NG7,0.166667,0.833333
0.5,512,12,arial.ttf,999NG7,0,15,0.425,11.313708,0.8067,0.853272,S9SNG7,0.333333,0.666667
0.6,512,12,arial.ttf,999NG7,0,15,0.51,12.393547,0.770893,0.778927,S999NG7,0.166667,0.833333
0.7,512,12,arial.ttf,999NG7,0,15,0.595,13.38656,0.735998,0.721147,S99NG7,0.166667,0.833333
0.8,512,12,arial.ttf,999NG7,0,15,0.68,14.310835,0.701998,0.674571,S99SNG7,0.333333,0.666667
0.9,512,12,arial.ttf,999NG7,0,15,0.765,15.178933,0.668877,0.635992,999NG7,0.0,1.0
1.0,512,12,arial.ttf,999NG7,0,15,0.85,16.0,0.63662,0.603355,S99NG7,0.166667,0.833333
0.1,2048,12,arial.ttf,999NG7,0,15,0.085,5.059644,0.959381,1.907975,S9SNG7,0.333333,0.666667
0.2,2048,12,arial.ttf,999NG7,0,15,0.17,7.155418,0.919759,1.349142,S9SNG7,0.333333,0.666667
0.3,2048,12,arial.ttf,999NG7,0,15,0.255,8.763561,0.881116,1.10157,S99SNG7,0.333333,0.666667
0.4,2048,12,arial.ttf,999NG7,0,15,0.34,10.119289,0.843436,0.953987,S99NG7,0.166667,0.833333
0.5,2048,12,arial.ttf,999NG7,0,15,0.425,11.313708,0.8067,0.853272,S99NG7,0.166667,0.833333
0.6,2048,12,arial.ttf,999NG7,0,15,0.51,12.393547,0.770893,0.778927,S999NG7,0.166667,0.833333
0.7,2048,12,arial.ttf,999NG7,0,15,0.595,13.38656,0.735998,0.721147,S999NG7,0.166667,0.833333
0.8,2048,12,arial.ttf,999NG7,0,15,0.68,14.310835,0.701998,0.674571,S999NG7,0.166667,0.833333
0.9,2048,12,arial.ttf,999NG7,0,15,0.765,15.178933,0.668877,0.635992,999NG7,0.0,1.0
1.0,2048,12,arial.ttf,999NG7,0,15,0.85,16.0,0.63662,0.603355,S999NG7,0.166667,0.833333
0.1,8,12,arial.ttf,999NG7,15,0,0.085,5.059644,0.959381,1.907975,,1.0,0.0
0.2,8,12,arial.ttf,999NG7,15,0,0.17,7.155418,0.919759,1.349142,,1.0,0.0
0.3,8,12,arial.ttf,999NG7,15,0,0.255,8.763561,0.881116,1.10157,,1.0,0.0
0.4,8,12,arial.ttf,999NG7,15,0,0.34,10.119289,0.843436,0.953987,ORAS,1.0,0.0
0.5,8,12,arial.ttf,999NG7,15,0,0.425,11.313708,0.8067,0.853272,SSUEARS7,1.166667,-0.166667
0.6,8,12,arial.ttf,999NG7,15,0,0.51,12.393547,0.770893,0.778927,,1.0,0.0
0.7,8,12,arial.ttf,999NG7,15,0,0.595,13.38656,0.735998,0.721147,,1.0,0.0
0.8,8,12,arial.ttf,999NG7,15,0,0.68,14.310835,0.701998,0.674571,,1.0,0.0
0.9,8,12,arial.ttf,999NG7,15,0,0.765,15.178933,0.668877,0.635992,,1.0,0.0
1.0,8,12,arial.ttf,999NG7,15,0,0.85,16.0,0.63662,0.603355,QSONGT,0.666667,0.333333
0.1,32,12,arial.ttf,999NG7,15,0,0.085,5.059644,0.959381,1.907975,,1.0,0.0
0.2,32,12,arial.ttf,999NG7,15,0,0.17,7.155418,0.919759,1.349142,,1.0,0.0
0.3,32,12,arial.ttf,999NG7,15,0,0.255,8.763561,0.881116,1.10157,SOONGT,0.666667,0.333333
0.4,32,12,arial.ttf,999NG7,15,0,0.34,10.119289,0.843436,0.953987,SSONG7,0.5,0.5
0.5,32,12,arial.ttf,999NG7,15,0,0.425,11.313708,0.8067,0.853272,Q9SNG7,0.333333,0.666667
0.6,32,12,arial.ttf,999NG7,15,0,0.51,12.393547,0.770893,0.778927,,1.0,0.0
0.7,32,12,arial.ttf,999NG7,15,0,0.595,13.38656,0.735998,0.721147,QS9NG7,0.333333,0.666667
0.8,32,12,arial.ttf,999NG7,15,0,0.68,14.310835,0.701998,0.674571,S9SNG7,0.333333,0.666667
0.9,32,12,arial.ttf,999NG7,15,0,0.765,15.178933,0.668877,0.635992,G99NG7,0.166667,0.833333
1.0,32,12,arial.ttf,999NG7,15,0,0.85,16.0,0.63662,0.603355,999NG7,0.0,1.0
0.1,128,12,arial.ttf,999NG7,15,0,0.085,5.059644,0.959381,1.907975,,1.0,0.0
0.2,128,12,arial.ttf,999NG7,15,0,0.17,7.155418,0.919759,1.349142,S9SNG7,0.333333,0.666667
0.3,128,12,arial.ttf,999NG7,15,0,0.255,8.763561,0.881116,1.10157,SSSNG7,0.5,0.5
0.4,128,12,arial.ttf,999NG7,15,0,0.34,10.119289,0.843436,0.953987,999NG7,0.0,1.0
0.5,128,12,arial.ttf,999NG7,15,0,0.425,11.313708,0.8067,0.853272,S9SNG7,0.333333,0.666667
0.6,128,12,arial.ttf,999NG7,15,0,0.51,12.393547,0.770893,0.778927,S99NG7,0.166667,0.833333
0.7,128,12,arial.ttf,999NG7,15,0,0.595,13.38656,0.735998,0.721147,S99ONG7,0.333333,0.666667
0.8,128,12,arial.ttf,999NG7,15,0,0.68,14.310835,0.701998,0.674571,999NG7,0.0,1.0
0.9,128,12,arial.ttf,999NG7,15,0,0.765,15.178933,0.668877,0.635992,999NG7,0.0,1.0
1.0,128,12,arial.ttf,999NG7,15,0,0.85,16.0,0.63662,0.603355,999NG7,0.0,1.0
0.1,512,12,arial.ttf,999NG7,15,0,0.085,5.059644,0.959381,1.907975,SSSNG7,0.5,0.5
0.2,512,12,arial.ttf,999NG7,15,0,0.17,7.155418,0.919759,1.349142,S9SNG7,0.333333,0.666667
0.3,512,12,arial.ttf,999NG7,15,0,0.255,8.763561,0.881116,1.10157,99SNG7,0.166667,0.833333
0.4,512,12,arial.ttf,999NG7,15,0,0.34,10.119289,0.843436,0.953987,S99NG7,0.166667,0.833333
0.5,512,12,arial.ttf,999NG7,15,0,0.425,11.313708,0.8067,0.853272,99SNG7,0.166667,0.833333
0.6,512,12,arial.ttf,999NG7,15,0,0.51,12.393547,0.770893,0.778927,999NG7,0.0,1.0
0.7,512,12,arial.ttf,999NG7,15,0,0.595,13.38656,0.735998,0.721147,S99NG7,0.166667,0.833333
0.8,512,12,arial.ttf,999NG7,15,0,0.68,14.310835,0.701998,0.674571,999NG7,0.0,1.0
0.9,512,12,arial.ttf,999NG7,15,0,0.765,15.178933,0.668877,0.635992,999NG7,0.0,1.0
1.0,512,12,arial.ttf,999NG7,15,0,0.85,16.0,0.63662,0.603355,999NG7,0.0,1.0
0.1,2048,12,arial.ttf,999NG7,15,0,0.085,5.059644,0.959381,1.907975,S9SNG7,0.333333,0.666667
0.2,2048,12,arial.ttf,999NG7,15,0,0.17,7.155418,0.919759,1.349142,S999NG7,0.166667,0.833333
0.3,2048,12,arial.ttf,999NG7,15,0,0.255,8.763561,0.881116,1.10157,S9SNG7,0.333333,0.666667
0.4,2048,12,arial.ttf,999NG7,15,0,0.34,10.119289,0.843436,0.953987,SS9NG7,0.333333,0.666667
0.5,2048,12,arial.ttf,999NG7,15,0,0.425,11.313708,0.8067,0.853272,S999NG7,0.166667,0.833333
0.6,2048,12,arial.ttf,999NG7,15,0,0.51,12.393547,0.770893,0.778927,S99NG7,0.166667,0.833333
0.7,2048,12,arial.ttf,999NG7,15,0,0.595,13.38656,0.735998,0.721147,999NG7,0.0,1.0
0.8,2048,12,arial.ttf,999NG7,15,0,0.68,14.310835,0.701998,0.674571,999NG7,0.0,1.0
0.9,2048,12,arial.ttf,999NG7,15,0,0.765,15.178933,0.668877,0.635992,999NG7,0.0,1.0
1.0,2048,12,arial.ttf,999NG7,15,0,0.85,16.0,0.63662,0.603355,999NG7,0.0,1.0
0.1,8,12,arial.ttf,999NG7,15,15,0.085,5.059644,0.959381,1.907975,,1.0,0.0
0.2,8,12,arial.ttf,999NG7,15,15,0.17,7.155418,0.919759,1.349142,B,1.0,0.0
0.3,8,12,arial.ttf,999NG7,15,15,0.255,8.763561,0.881116,1.10157,SCT,1.0,0.0
0.4,8,12,arial.ttf,999NG7,15,15,0.34,10.119289,0.843436,0.953987,,1.0,0.0
0.5,8,12,arial.ttf,999NG7,15,15,0.425,11.313708,0.8067,0.853272,GOONS,0.833333,0.166667
0.6,8,12,arial.ttf,999NG7,15,15,0.51,12.393547,0.770893,0.778927,ORONGT,0.666667,0.333333
0.7,8,12,arial.ttf,999NG7,15,15,0.595,13.38656,0.735998,0.721147,BOONG7,0.5,0.5
0.8,8,12,arial.ttf,999NG7,15,15,0.68,14.310835,0.701998,0.674571,,1.0,0.0
0.9,8,12,arial.ttf,999NG7,15,15,0.765,15.178933,0.668877,0.635992,,1.0,0.0
1.0,8,12,arial.ttf,999NG7,15,15,0.85,16.0,0.63662,0.603355,,1.0,0.0
0.1,32,12,arial.ttf,999NG7,15,15,0.085,5.059644,0.959381,1.907975,,1.0,0.0
0.2,32,12,arial.ttf,999NG7,15,15,0.17,7.155418,0.919759,1.349142,DSISNGZ,0.833333,0.166667
0.3,32,12,arial.ttf,999NG7,15,15,0.255,8.763561,0.881116,1.10157,QS5NG7,0.5,0.5
0.4,32,12,arial.ttf,999NG7,15,15,0.34,10.119289,0.843436,0.953987,,1.0,0.0
0.5,32,12,arial.ttf,999NG7,15,15,0.425,11.313708,0.8067,0.853272,,1.0,0.0
0.6,32,12,arial.ttf,999NG7,15,15,0.51,12.393547,0.770893,0.778927,SQ9ONG7,0.5,0.5
0.7,32,12,arial.ttf,999NG7,15,15,0.595,13.38656,0.735998,0.721147,,1.0,0.0
0.8,32,12,arial.ttf,999NG7,15,15,0.68,14.310835,0.701998,0.674571,Q99NG7,0.166667,0.833333
0.9,32,12,arial.ttf,999NG7,15,15,0.765,15.178933,0.668877,0.635992,O9SNG7,0.333333,0.666667
1.0,32,12,arial.ttf,999NG7,15,15,0.85,16.0,0.63662,0.603355,999NG7,0.0,1.0
0.1,128,12,arial.ttf,999NG7,15,15,0.085,5.059644,0.959381,1.907975,,1.0,0.0
0.2,128,12,arial.ttf,999NG7,15,15,0.17,7.155418,0.919759,1.349142,,1.0,0.0
0.3,128,12,arial.ttf,999NG7,15,15,0.255,8.763561,0.881116,1.10157,O99NG7,0.166667,0.833333
0.4,128,12,arial.ttf,999NG7,15,15,0.34,10.119289,0.843436,0.953987,S9SNG7,0.333333,0.666667
0.5,128,12,arial.ttf,999NG7,15,15,0.425,11.313708,0.8067,0.853272,S9SNG7,0.333333,0.666667
0.6,128,12,arial.ttf,999NG7,15,15,0.51,12.393547,0.770893,0.778927,S999NG7,0.166667,0.833333
0.7,128,12,arial.ttf,999NG7,15,15,0.595,13.38656,0.735998,0.721147,999NG7,0.0,1.0
0.8,128,12,arial.ttf,999NG7,15,15,0.68,14.310835,0.701998,0.674571,S99SNG7,0.333333,0.666667
0.9,128,12,arial.ttf,999NG7,15,15,0.765,15.178933,0.668877,0.635992,999NG7,0.0,1.0
1.0,128,12,arial.ttf,999NG7,15,15,0.85,16.0,0.63662,0.603355,999NG7,0.0,1.0
0.1,512,12,arial.ttf,999NG7,15,15,0.085,5.059644,0.959381,1.907975,S9SNG7,0.333333,0.666667
0.2,512,12,arial.ttf,999NG7,15,15,0.17,7.155418,0.919759,1.349142,S9SNG7,0.333333,0.666667
0.3,512,12,arial.ttf,999NG7,15,15,0.255,8.763561,0.881116,1.10157,S9SNG7,0.333333,0.666667
0.4,512,12,arial.ttf,999NG7,15,15,0.34,10.119289,0.843436,0.953987,SSSNG7,0.5,0.5
0.5,512,12,arial.ttf,999NG7,15,15,0.425,11.313708,0.8067,0.853272,S9S9NG7,0.333333,0.666667
0.6,512,12,arial.ttf,999NG7,15,15,0.51,12.393547,0.770893,0.778927,S99SNG7,0.333333,0.666667
0.7,512,12,arial.ttf,999NG7,15,15,0.595,13.38656,0.735998,0.721147,S99NG7,0.166667,0.833333
0.8,512,12,arial.ttf,999NG7,15,15,0.68,14.310835,0.701998,0.674571,S999NG7,0.166667,0.833333
0.9,512,12,arial.ttf,999NG7,15,15,0.765,15.178933,0.668877,0.635992,999NG7,0.0,1.0
1.0,512,12,arial.ttf,999NG7,15,15,0.85,16.0,0.63662,0.603355,999NG7,0.0,1.0
0.1,2048,12,arial.ttf,999NG7,15,15,0.085,5.059644,0.959381,1.907975,SSSNG7,0.5,0.5
0.2,2048,12,arial.ttf,999NG7,15,15,0.17,7.155418,0.919759,1.349142,S9SNG7,0.333333,0.666667
0.3,2048,12,arial.ttf,999NG7,15,15,0.255,8.763561,0.881116,1.10157,S9S9NG7,0.333333,0.666667
0.4,2048,12,arial.ttf,999NG7,15,15,0.34,10.119289,0.843436,0.953987,S9SNG7,0.333333,0.666667
0.5,2048,12,arial.ttf,999NG7,15,15,0.425,11.313708,0.8067,0.853272,S9SNG7,0.333333,0.666667
0.6,2048,12,arial.ttf,999NG7,15,15,0.51,12.393547,0.770893,0.778927,S999NG7,0.166667,0.833333
0.7,2048,12,arial.ttf,999NG7,15,15,0.595,13.38656,0.735998,0.721147,S999NG7,0.166667,0.833333
0.8,2048,12,arial.ttf,999NG7,15,15,0.68,14.310835,0.701998,0.674571,999NG7,0.0,1.0
0.9,2048,12,arial.ttf,999NG7,15,15,0.765,15.178933,0.668877,0.635992,999NG7,0.0,1.0
1.0,2048,12,arial.ttf,999NG7,15,15,0.85,16.0,0.63662,0.603355,999NG7,0.0,1.0
0.1,8,12,arial.ttf,DJELTE,0,0,0.085,5.059644,0.959381,1.907975,S,1.0,0.0
0.2,8,12,arial.ttf,DJELTE,0,0,0.17,7.155418,0.919759,1.349142,,1.0,0.0
0.3,8,12,arial.ttf,DJELTE,0,0,0.255,8.763561,0.881116,1.10157,,1.0,0.0
0.4,8,12,arial.ttf,DJELTE,0,0,0.34,10.119289,0.843436,0.953987,,1.0,0.0
0.5,8,12,arial.ttf,DJELTE,0,0,0.425,11.313708,0.8067,0.853272,,1.0,0.0
0.6,8,12,arial.ttf,DJELTE,0,0,0.51,12.393547,0.770893,0.778927,,1.0,0.0
0.7,8,12,arial.ttf,DJELTE,0,0,0.595,13.38656,0.735998,0.721147,,1.0,0.0
0.8,8,12,arial.ttf,DJELTE,0,0,0.68,14.310835,0.701998,0.674571,DJEETE,0.166667,0.833333
0.9,8,12,arial.ttf,DJELTE,0,0,0.765,15.178933,0.668877,0.635992,DECTE,0.333333,0.666667
1.0,8,12,arial.ttf,DJELTE,0,0,0.85,16.0,0.63662,0.603355,,1.0,0.0
0.1,32,12,arial.ttf,DJELTE,0,0,0.085,5.059644,0.959381,1.907975,,1.0,0.0
0.2,32,12,arial.ttf,DJELTE,0,0,0.17,7.155418,0.919759,1.349142,,1.0,0.0
0.3,32,12,arial.ttf,DJELTE,0,0,0.255,8.763561,0.881116,1.10157,,1.0,0.0
0.4,32,12,arial.ttf,DJELTE,0,0,0.34,10.119289,0.843436,0.953987,DPJELTE,0.166667,0.833333
0.5,32,12,arial.ttf,DJELTE,0,0,0.425,11.313708,0.8067,0.853272,,1.0,0.0
0.6,32,12,arial.ttf,DJELTE,0,0,0.51,12.393547,0.770893,0.778927,DJELTE,0.0,1.0
0.7,32,12,arial.ttf,DJELTE,0,0,0.595,13.38656,0.735998,0.721147,DJELTE,0.0,1.0
0.8,32,12,arial.ttf,DJELTE,0,0,0.68,14.310835,0.701998,0.674571,DJELTE,0.0,1.0
0.9,32,12,arial.ttf,DJELTE,0,0,0.765,15.178933,0.668877,0.635992,DJELTE,0.0,1.0
1.0,32,12,arial.ttf,DJELTE,0,0,0.85,16.0,0.63662,0.603355,DJELTE,0.0,1.0
0.1,128,12,arial.ttf,DJELTE,0,0,0.085,5.059644,0.959381,1.907975,,1.0,0.0
0.2,128,12,arial.ttf,DJELTE,0,0,0.17,7.155418,0.919759,1.349142,DJELTE,0.0,1.0
0.3,128,12,arial.ttf,DJELTE,0,0,0.255,8.763561,0.881116,1.10157,DJELTE,0.0,1.0
0.4,128,12,arial.ttf,DJELTE,0,0,0.34,10.119289,0.843436,0.953987,DJELTE,0.0,1.0
0.5,128,12,arial.ttf,DJELTE,0,0,0.425,11.313708,0.8067,0.853272,DJELTE,0.0,1.0
0.6,128,12,arial.ttf,DJELTE,0,0,0.51,12.393547,0.770893,0.778927,DJELTE,0.0,1.0
0.7,128,12,arial.ttf,DJELTE,0,0,0.595,13.38656,0.735998,0.721147,DJELTE,0.0,1.0
0.8,128,12,arial.ttf,DJELTE,0,0,0.68,14.310835,0.701998,0.674571,DJELTE,0.0,1.0
0.9,128,12,arial.ttf,DJELTE,0,0,0.765,15.178933,0.668877,0.635992,DJELTE,0.0,1.0
1.0,128,12,arial.ttf,DJELTE,0,0,0.85,16.0,0.63662,0.603355,DJELTE,0.0,1.0
0.1,512,12,arial.ttf,DJELTE,0,0,0.085,5.059644,0.959381,1.907975,DJELTE,0.0,1.0
0.2,512,12,arial.ttf,DJELTE,0,0,0.17,7.155418,0.919759,1.349142,DJELTE,0.0,1.0
0.3,512,12,arial.ttf,DJELTE,0,0,0.255,8.763561,0.881116,1.10157,DJELTE,0.0,1.0
0.4,512,12,arial.ttf,DJELTE,0,0,0.34,10.119289,0.843436,0.953987,DJELTE,0.0,1.0
0.5,512,12,arial.ttf,DJELTE,0,0,0.425,11.313708,0.8067,0.853272,DJELTE,0.0,1.0
0.6,512,12,arial.ttf,DJELTE,0,0,0.51,12.393547,0.770893,0.778927,DJELTE,0.0,1.0
0.7,512,12,arial.ttf,DJELTE,0,0,0.595,13.38656,0.735998,0.721147,DJELTE,0.0,1.0
0.8,512,12,arial.ttf,DJELTE,0,0,0.68,14.310835,0.701998,0.674571,DJELTE,0.0,1.0
0.9,512,12,arial.ttf,DJELTE,0,0,0.765,15.178933,0.668877,0.635992,DJELTE,0.0,1.0
1.0,512,12,arial.ttf,DJELTE,0,0,0.85,16.0,0.63662,0.603355,DJELTE,0.0,1.0
0.1,2048,12,arial.ttf,DJELTE,0,0,0.085,5.059644,0.959381,1.907975,DJELTE,0.0,1.0
0.2,2048,12,arial.ttf,DJELTE,0,0,0.17,7.155418,0.919759,1.349142,DJELTE,0.0,1.0
0.3,2048,12,arial.ttf,DJELTE,0,0,0.255,8.763561,0.881116,1.10157,DJELTE,0.0,1.0
0.4,2048,12,arial.ttf,DJELTE,0,0,0.34,10.119289,0.843436,0.953987,DJELTE,0.0,1.0
0.5,2048,12,arial.ttf,DJELTE,0,0,0.425,11.313708,0.8067,0.853272,DJELTE,0.0,1.0
0.6,2048,12,arial.ttf,DJELTE,0,0,0.51,12.393547,0.770893,0.778927,DJELTE,0.0,1.0
0.7,2048,12,arial.ttf,DJELTE,0,0,0.595,13.38656,0.735998,0.721147,DJELTE,0.0,1.0
0.8,2048,12,arial.ttf,DJELTE,0,0,0.68,14.310835,0.701998,0.674571,DJELTE,0.0,1.0
0.9,2048,12,arial.ttf,DJELTE,0,0,0.765,15.178933,0.668877,0.635992,DJELTE,0.0,1.0
1.0,2048,12,arial.ttf,DJELTE,0,0,0.85,16.0,0.63662,0.603355,DJELTE,0.0,1.0
0.1,8,12,arial.ttf,DJELTE,0,15,0.085,5.059644,0.959381,1.907975,,1.0,0.0
0.2,8,12,arial.ttf,DJELTE,0,15,0.17,7.155418,0.919759,1.349142,,1.0,0.0
0.3,8,12,arial.ttf,DJELTE,0,15,0.255,8.763561,0.881116,1.10157,,1.0,0.0
0.4,8,12,arial.ttf,DJELTE,0,15,0.34,10.119289,0.843436,0.953987,,1.0,0.0
0.5,8,12,arial.ttf,DJELTE,0,15,0.425,11.313708,0.8067,0.853272,,1.0,0.0
0.6,8,12,arial.ttf,DJELTE,0,15,0.51,12.393547,0.770893,0.778927,,1.0,0.0
0.7,8,12,arial.ttf,DJELTE,0,15,0.595,13.38656,0.735998,0.721147,,1.0,0.0
0.8,8,12,arial.ttf,DJELTE,0,15,0.68,14.310835,0.701998,0.674571,,1.0,0.0
0.9,8,12,arial.ttf,DJELTE,0,15,0.765,15.178933,0.668877,0.635992,,1.0,0.0
1.0,8,12,arial.ttf,DJELTE,0,15,0.85,16.0,0.63662,0.603355,DIELTE,0.166667,0.833333
0.1,32,12,arial.ttf,DJELTE,0,15,0.085,5.059644,0.959381,1.907975,,1.0,0.0
0.2,32,12,arial.ttf,DJELTE,0,15,0.17,7.155418,0.919759,1.349142,,1.0,0.0
0.3,32,12,arial.ttf,DJELTE,0,15,0.255,8.763561,0.881116,1.10157,DJBETE,0.333333,0.666667
0.4,32,12,arial.ttf,DJELTE,0,15,0.34,10.119289,0.843436,0.953987,DJELTE,0.0,1.0
0.5,32,12,arial.ttf,DJELTE,0,15,0.425,11.313708,0.8067,0.853272,,1.0,0.0
0.6,32,12,arial.ttf,DJELTE,0,15,0.51,12.393547,0.770893,0.778927,DJELTE,0.0,1.0
0.7,32,12,arial.ttf,DJELTE,0,15,0.595,13.38656,0.735998,0.721147,DJELTE,0.0,1.0
0.8,32,12,arial.ttf,DJELTE,0,15,0.68,14.310835,0.701998,0.674571,DJELTE,0.0,1.0
0.9,32,12,arial.ttf,DJELTE,0,15,0.765,15.178933,0.668877,0.635992,DJELTE,0.0,1.0
1.0,32,12,arial.ttf,DJELTE,0,15,0.85,16.0,0.63662,0.603355,DJELTE,0.0,1.0
0.1,128,12,arial.ttf,DJELTE,0,15,0.085,5.059644,0.959381,1.907975,BUELTE,0.333333,0.666667
0.2,128,12,arial.ttf,DJELTE,0,15,0.17,7.155418,0.919759,1.349142,DJELTE,0.0,1.0
0.3,128,12,arial.ttf,DJELTE,0,15,0.255,8.763561,0.881116,1.10157,DJELTE,0.0,1.0
0.4,128,12,arial.ttf,DJELTE,0,15,0.34,10.119289,0.843436,0.953987,DJELTE,0.0,1.0
0.5,128,12,arial.ttf,DJELTE,0,15,0.425,11.313708,0.8067,0.853272,DJELTE,0.0,1.0
0.6,128,12,arial.ttf,DJELTE,0,15,0.51,12.393547,0.770893,0.778927,DJELTE,0.0,1.0
0.7,128,12,arial.ttf,DJELTE,0,15,0.595,13.38656,0.735998,0.721147,DJELTE,0.0,1.0
0.8,128,12,arial.ttf,DJELTE,0,15,0.68,14.310835,0.701998,0.674571,DJELTE,0.0,1.0
0.9,128,12,arial.ttf,DJELTE,0,15,0.765,15.178933,0.668877,0.635992,DJELTE,0.0,1.0
1.0,128,12,arial.ttf,DJELTE,0,15,0.85,16.0,0.63662,0.603355,DJELTE,0.0,1.0
0.1,512,12,arial.ttf,DJELTE,0,15,0.085,5.059644,0.959381,1.907975,DJELTE,0.0,1.0
0.2,512,12,arial.ttf,DJELTE,0,15,0.17,7.155418,0.919759,1.349142,DJELTE,0.0,1.0
0.3,512,12,arial.ttf,DJELTE,0,15,0.255,8.763561,0.881116,1.10157,DJELTE,0.0,1.0
0.4,512,12,arial.ttf,DJELTE,0,15,0.34,10.119289,0.843436,0.953987,DJELTE,0.0,1.0
0.5,512,12,arial.ttf,DJELTE,0,15,0.425,11.313708,0.8067,0.853272,DJELTE,0.0,1.0
0.6,512,12,arial.ttf,DJELTE,0,15,0.51,12.393547,0.770893,0.778927,DJELTE,0.0,1.0
0.7,512,12,arial.ttf,DJELTE,0,15,0.595,13.38656,0.735998,0.721147,DJELTE,0.0,1.0
0.8,512,12,arial.ttf,DJELTE,0,15,0.68,14.310835,0.701998,0.674571,DJELTE,0.0,1.0
0.9,512,12,arial.ttf,DJELTE,0,15,0.765,15.178933,0.668877,0.635992,DJELTE,0.0,1.0
1.0,512,12,arial.ttf,DJELTE,0,15,0.85,16.0,0.63662,0.603355,DJELTE,0.0,1.0
0.1,2048,12,arial.ttf,DJELTE,0,15,0.085,5.059644,0.959381,1.907975,DJELTE,0.0,1.0
0.2,2048,12,arial.ttf,DJELTE,0,15,0.17,7.155418,0.919759,1.349142,DJELTE,0.0,1.0
0.3,2048,12,arial.ttf,DJELTE,0,15,0.255,8.763561,0.881116,1.10157,DJELTE,0.0,1.0
0.4,2048,12,arial.ttf,DJELTE,0,15,0.34,10.119289,0.843436,0.953987,DJELTE,0.0,1.0
0.5,2048,12,arial.ttf,DJELTE,0,15,0.425,11.313708,0.8067,0.853272,DJELTE,0.0,1.0
0.6,2048,12,arial.ttf,DJELTE,0,15,0.51,12.393547,0.770893,0.778927,DJELTE,0.0,1.0
0.7,2048,12,arial.ttf,DJELTE,0,15,0.595,13.38656,0.735998,0.721147,DJELTE,0.0,1.0
0.8,2048,12,arial.ttf,DJELTE,0,15,0.68,14.310835,0.701998,0.674571,DJELTE,0.0,1.0
0.9,2048,12,arial.ttf,DJELTE,0,15,0.765,15.178933,0.668877,0.635992,DJELTE,0.0,1.0
1.0,2048,12,arial.ttf,DJELTE,0,15,0.85,16.0,0.63662,0.603355,DJELTE,0.0,1.0
0.1,8,12,arial.ttf,DJELTE,15,0,0.085,5.059644,0.959381,1.907975,,1.0,0.0
0.2,8,12,arial.ttf,DJELTE,15,0,0.17,7.155418,0.919759,1.349142,,1.0,0.0
0.3,8,12,arial.ttf,DJELTE,15,0,0.255,8.763561,0.881116,1.10157,,1.0,0.0
0.4,8,12,arial.ttf,DJELTE,15,0,0.34,10.119289,0.843436,0.953987,,1.0,0.0
0.5,8,12,arial.ttf,DJELTE,15,0,0.425,11.313708,0.8067,0.853272,,1.0,0.0
0.6,8,12,arial.ttf,DJELTE,15,0,0.51,12.393547,0.770893,0.778927,,1.0,0.0
0.7,8,12,arial.ttf,DJELTE,15,0,0.595,13.38656,0.735998,0.721147,,1.0,0.0
0.8,8,12,arial.ttf,DJELTE,15,0,0.68,14.310835,0.701998,0.674571,,1.0,0.0
0.9,8,12,arial.ttf,DJELTE,15,0,0.765,15.178933,0.668877,0.635992,,1.0,0.0
1.0,8,12,arial.ttf,DJELTE,15,0,0.85,16.0,0.63662,0.603355,,1.0,0.0
0.1,32,12,arial.ttf,DJELTE,15,0,0.085,5.059644,0.959381,1.907975,,1.0,0.0
0.2,32,12,arial.ttf,DJELTE,15,0,0.17,7.155418,0.919759,1.349142,,1.0,0.0
0.3,32,12,arial.ttf,DJELTE,15,0,0.255,8.763561,0.881116,1.10157,DIJELETE,0.333333,0.666667
0.4,32,12,arial.ttf,DJELTE,15,0,0.34,10.119289,0.843436,0.953987,,1.0,0.0
0.5,32,12,arial.ttf,DJELTE,15,0,0.425,11.313708,0.8067,0.853272,DJELTE,0.0,1.0
0.6,32,12,arial.ttf,DJELTE,15,0,0.51,12.393547,0.770893,0.778927,,1.0,0.0
0.7,32,12,arial.ttf,DJELTE,15,0,0.595,13.38656,0.735998,0.721147,DJELTE,0.0,1.0
0.8,32,12,arial.ttf,DJELTE,15,0,0.68,14.310835,0.701998,0.674571,DJELTE,0.0,1.0
0.9,32,12,arial.ttf,DJELTE,15,0,0.765,15.178933,0.668877,0.635992,DJELTE,0.0,1.0
1.0,32,12,arial.ttf,DJELTE,15,0,0.85,16.0,0.63662,0.603355,DJELTE,0.0,1.0
0.1,128,12,arial.ttf,DJELTE,15,0,0.085,5.059644,0.959381,1.907975,DJELTE,0.0,1.0
0.2,128,12,arial.ttf,DJELTE,15,0,0.17,7.155418,0.919759,1.349142,DJELTE,0.0,1.0
0.3,128,12,arial.ttf,DJELTE,15,0,0.255,8.763561,0.881116,1.10157,DJELTE,0.0,1.0
0.4,128,12,arial.ttf,DJELTE,15,0,0.34,10.119289,0.843436,0.953987,DJELTE,0.0,1.0
0.5,128,12,arial.ttf,DJELTE,15,0,0.425,11.313708,0.8067,0.853272,DJELTE,0.0,1.0
0.6,128,12,arial.ttf,DJELTE,15,0,0.51,12.393547,0.770893,0.778927,DJELTE,0.0,1.0
0.7,128,12,arial.ttf,DJELTE,15,0,0.595,13.38656,0.735998,0.721147,DJELTE,0.0,1.0
0.8,128,12,arial.ttf,DJELTE,15,0,0.68,14.310835,0.701998,0.674571,DJELTE,0.0,1.0
0.9,128,12,arial.ttf,DJELTE,15,0,0.765,15.178933,0.668877,0.635992,DJELTE,0.0,1.0
1.0,128,12,arial.ttf,DJELTE,15,0,0.85,16.0,0.63662,0.603355,DJELTE,0.0,1.0
0.1,512,12,arial.ttf,DJELTE,15,0,0.085,5.059644,0.959381,1.907975,DJELTE,0.0,1.0
0.2,512,12,arial.ttf,DJELTE,15,0,0.17,7.155418,0.919759,1.349142,DJELTE,0.0,1.0
0.3,512,12,arial.ttf,DJELTE,15,0,0.255,8.763561,0.881116,1.10157,DJELTE,0.0,1.0
0.4,512,12,arial.ttf,DJELTE,15,0,0.34,10.119289,0.843436,0.953987,DJELTE,0.0,1.0
0.5,512,12,arial.ttf,DJELTE,15,0,0.425,11.313708,0.8067,0.853272,DJELTE,0.0,1.0
0.6,512,12,arial.ttf,DJELTE,15,0,0.51,12.393547,0.770893,0.778927,DJELTE,0.0,1.0
0.7,512,12,arial.ttf,DJELTE,15,0,0.595,13.38656,0.735998,0.721147,DJELTE,0.0,1.0
0.8,512,12,arial.ttf,DJELTE,15,0,0.68,14.310835,0.701998,0.674571,DJELTE,0.0,1.0
0.9,512,12,arial.ttf,DJELTE,15,0,0.765,15.178933,0.668877,0.635992,DJELTE,0.0,1.0
1.0,512,12,arial.ttf,DJELTE,15,0,0.85,16.0,0.63662,0.603355,DJELTE,0.0,1.0
0.1,2048,12,arial.ttf,DJELTE,15,0,0.085,5.059644,0.959381,1.907975,DJELTE,0.0,1.0
0.2,2048,12,arial.ttf,DJELTE,15,0,0.17,7.155418,0.919759,1.349142,DJELTE,0.0,1.0
0.3,2048,12,arial.ttf,DJELTE,15,0,0.255,8.763561,0.881116,1.10157,DJELTE,0.0,1.0
0.4,2048,12,arial.ttf,DJELTE,15,0,0.34,10.119289,0.843436,0.953987,DJELTE,0.0,1.0
0.5,2048,12,arial.ttf,DJELTE,15,0,0.425,11.313708,0.8067,0.853272,DJELTE,0.0,1.0
0.6,2048,12,arial.ttf,DJELTE,15,0,0.51,12.393547,0.770893,0.778927,DJELTE,0.0,1.0
0.7,2048,12,arial.ttf,DJELTE,15,0,0.595,13.38656,0.735998,0.721147,DJELTE,0.0,1.0
0.8,2048,12,arial.ttf,DJELTE,15,0,0.68,14.310835,0.701998,0.674571,DJELTE,0.0,1.0
0.9,2048,12,arial.ttf,DJELTE,15,0,0.765,15.178933,0.668877,0.635992,DJELTE,0.0,1.0
1.0,2048,12,arial.ttf,DJELTE,15,0,0.85,16.0,0.63662,0.603355,DJELTE,0.0,1.0
0.1,8,12,arial.ttf,DJELTE,15,15,0.085,5.059644,0.959381,1.907975,,1.0,0.0
0.2,8,12,arial.ttf,DJELTE,15,15,0.17,7.155418,0.919759,1.349142,,1.0,0.0
0.3,8,12,arial.ttf,DJELTE,15,15,0.255,8.763561,0.881116,1.10157,,1.0,0.0
0.4,8,12,arial.ttf,DJELTE,15,15,0.34,10.119289,0.843436,0.953987,,1.0,0.0
0.5,8,12,arial.ttf,DJELTE,15,15,0.425,11.313708,0.8067,0.853272,,1.0,0.0
0.6,8,12,arial.ttf,DJELTE,15,15,0.51,12.393547,0.770893,0.778927,FETS,0.666667,0.333333
0.7,8,12,arial.ttf,DJELTE,15,15,0.595,13.38656,0.735998,0.721147,,1.0,0.0
0.8,8,12,arial.ttf,DJELTE,15,15,0.68,14.310835,0.701998,0.674571,PRETE,0.5,0.5
0.9,8,12,arial.ttf,DJELTE,15,15,0.765,15.178933,0.668877,0.635992,,1.0,0.0
1.0,8,12,arial.ttf,DJELTE,15,15,0.85,16.0,0.63662,0.603355,,1.0,0.0
0.1,32,12,arial.ttf,DJELTE,15,15,0.085,5.059644,0.959381,1.907975,,1.0,0.0
0.2,32,12,arial.ttf,DJELTE,15,15,0.17,7.155418,0.919759,1.349142,,1.0,0.0
0.3,32,12,arial.ttf,DJELTE,15,15,0.255,8.763561,0.881116,1.10157,DIELTE,0.166667,0.833333
0.4,32,12,arial.ttf,DJELTE,15,15,0.34,10.119289,0.843436,0.953987,DJELTE,0.0,1.0
0.5,32,12,arial.ttf,DJELTE,15,15,0.425,11.313708,0.8067,0.853272,,1.0,0.0
0.6,32,12,arial.ttf,DJELTE,15,15,0.51,12.393547,0.770893,0.778927,,1.0,0.0
0.7,32,12,arial.ttf,DJELTE,15,15,0.595,13.38656,0.735998,0.721147,DJELTE,0.0,1.0
0.8,32,12,arial.ttf,DJELTE,15,15,0.68,14.310835,0.701998,0.674571,DJELTE,0.0,1.0
0.9,32,12,arial.ttf,DJELTE,15,15,0.765,15.178933,0.668877,0.635992,DJELTE,0.0,1.0
1.0,32,12,arial.ttf,DJELTE,15,15,0.85,16.0,0.63662,0.603355,DJELTE,0.0,1.0
0.1,128,12,arial.ttf,DJELTE,15,15,0.085,5.059644,0.959381,1.907975,DJELTE,0.0,1.0
0.2,128,12,arial.ttf,DJELTE,15,15,0.17,7.155418,0.919759,1.349142,DJELTE,0.0,1.0
0.3,128,12,arial.ttf,DJELTE,15,15,0.255,8.763561,0.881116,1.10157,DJELTE,0.0,1.0
0.4,128,12,arial.ttf,DJELTE,15,15,0.34,10.119289,0.843436,0.953987,DJELTE,0.0,1.0
0.5,128,12,arial.ttf,DJELTE,15,15,0.425,11.313708,0.8067,0.853272,DJELTE,0.0,1.0
0.6,128,12,arial.ttf,DJELTE,15,15,0.51,12.393547,0.770893,0.778927,DJELTE,0.0,1.0
0.7,128,12,arial.ttf,DJELTE,15,15,0.595,13.38656,0.735998,0.721147,DJELTE,0.0,1.0
0.8,128,12,arial.ttf,DJELTE,15,15,0.68,14.310835,0.701998,0.674571,DJELTE,0.0,1.0
0.9,128,12,arial.ttf,DJELTE,15,15,0.765,15.178933,0.668877,0.635992,DJELTE,0.0,1.0
1.0,128,12,arial.ttf,DJELTE,15,15,0.85,16.0,0.63662,0.603355,DJELTE,0.0,1.0
0.1,512,12,arial.ttf,DJELTE,15,15,0.085,5.059644,0.959381,1.907975,DJELTE,0.0,1.0
0.2,512,12,arial.ttf,DJELTE,15,15,0.17,7.155418,0.919759,1.349142,DJELTE,0.0,1.0
0.3,512,12,arial.ttf,DJELTE,15,15,0.255,8.763561,0.881116,1.10157,DJELTE,0.0,1.0
0.4,512,12,arial.ttf,DJELTE,15,15,0.34,10.119289,0.843436,0.953987,DJELTE,0.0,1.0
0.5,512,12,arial.ttf,DJELTE,15,15,0.425,11.313708,0.8067,0.853272,DJELTE,0.0,1.0
0.6,512,12,arial.ttf,DJELTE,15,15,0.51,12.393547,0.770893,0.778927,DJELTE,0.0,1.0
0.7,512,12,arial.ttf,DJELTE,15,15,0.595,13.38656,0.735998,0.721147,DJELTE,0.0,1.0
0.8,512,12,arial.ttf,DJELTE,15,15,0.68,14.310835,0.701998,0.674571,DJELTE,0.0,1.0
0.9,512,12,arial.ttf,DJELTE,15,15,0.765,15.178933,0.668877,0.635992,DJELTE,0.0,1.0
1.0,512,12,arial.ttf,DJELTE,15,15,0.85,16.0,0.63662,0.603355,DJELTE,0.0,1.0
0.1,2048,12,arial.ttf,DJELTE,15,15,0.085,5.059644,0.959381,1.907975,DJELTE,0.0,1.0
0.2,2048,12,arial.ttf,DJELTE,15,15,0.17,7.155418,0.919759,1.349142,DJELTE,0.0,1.0
0.3,2048,12,arial.ttf,DJELTE,15,15,0.255,8.763561,0.881116,1.10157,DJELTE,0.0,1.0
0.4,2048,12,arial.ttf,DJELTE,15,15,0.34,10.119289,0.843436,0.953987,DJELTE,0.0,1.0
0.5,2048,12,arial.ttf,DJELTE,15,15,0.425,11.313708,0.8067,0.853272,DJELTE,0.0,1.0
0.6,2048,12,arial.ttf,DJELTE,15,15,0.51,12.393547,0.770893,0.778927,DJELTE,0.0,1.0
0.7,2048,12,arial.ttf,DJELTE,15,15,0.595,13.38656,0.735998,0.721147,DJELTE,0.0,1.0
0.8,2048,12,arial.ttf,DJELTE,15,15,0.68,14.310835,0.701998,0.674571,DJELTE,0.0,1.0
0.9,2048,12,arial.ttf,DJELTE,15,15,0.765,15.178933,0.668877,0.635992,DJELTE,0.0,1.0
1.0,2048,12,arial.ttf,DJELTE,15,15,0.85,16.0,0.63662,0.603355,DJELTE,0.0,1.0
0.1,8,12,cambria.ttc,999NG7,0,0,0.085,5.059644,0.959381,1.907975,,1.0,0.0
0.2,8,12,cambria.ttc,999NG7,0,0,0.17,7.155418,0.919759,1.349142,S,1.0,0.0
0.3,8,12,cambria.ttc,999NG7,0,0,0.255,8.763561,0.881116,1.10157,,1.0,0.0
0.4,8,12,cambria.ttc,999NG7,0,0,0.34,10.119289,0.843436,0.953987,GORE,1.0,0.0
0.5,8,12,cambria.ttc,999NG7,0,0,0.425,11.313708,0.8067,0.853272,,1.0,0.0
0.6,8,12,cambria.ttc,999NG7,0,0,0.51,12.393547,0.770893,0.778927,,1.0,0.0
0.7,8,12,cambria.ttc,999NG7,0,0,0.595,13.38656,0.735998,0.721147,,1.0,0.0
0.8,8,12,cambria.ttc,999NG7,0,0,0.68,14.310835,0.701998,0.674571,,1.0,0.0
0.9,8,12,cambria.ttc,999NG7,0,0,0.765,15.178933,0.668877,0.635992,GOGNGT,0.666667,0.333333
1.0,8,12,cambria.ttc,999NG7,0,0,0.85,16.0,0.63662,0.603355,QOONG7,0.5,0.5
0.1,32,12,cambria.ttc,999NG7,0,0,0.085,5.059644,0.959381,1.907975,,1.0,0.0
0.2,32,12,cambria.ttc,999NG7,0,0,0.17,7.155418,0.919759,1.349142,SOINGZ,0.666667,0.333333
0.3,32,12,cambria.ttc,999NG7,0,0,0.255,8.763561,0.881116,1.10157,,1.0,0.0
0.4,32,12,cambria.ttc,999NG7,0,0,0.34,10.119289,0.843436,0.953987,,1.0,0.0
0.5,32,12,cambria.ttc,999NG7,0,0,0.425,11.313708,0.8067,0.853272,,1.0,0.0
0.6,32,12,cambria.ttc,999NG7,0,0,0.51,12.393547,0.770893,0.778927,,1.0,0.0
0.7,32,12,cambria.ttc,999NG7,0,0,0.595,13.38656,0.735998,0.721147,,1.0,0.0
0.8,32,12,cambria.ttc,999NG7,0,0,0.68,14.310835,0.701998,0.674571,S99NG7,0.166667,0.833333
0.9,32,12,cambria.ttc,999NG7,0,0,0.765,15.178933,0.668877,0.635992,999NG7,0.0,1.0
1.0,32,12,cambria.ttc,999NG7,0,0,0.85,16.0,0.63662,0.603355,999NG7,0.0,1.0
0.1,128,12,cambria.ttc,999NG7,0,0,0.085,5.059644,0.959381,1.907975,,1.0,0.0
0.2,128,12,cambria.ttc,999NG7,0,0,0.17,7.155418,0.919759,1.349142,999NG7,0.0,1.0
0.3,128,12,cambria.ttc,999NG7,0,0,0.255,8.763561,0.881116,1.10157,S99ONG7,0.333333,0.666667
0.4,128,12,cambria.ttc,999NG7,0,0,0.34,10.119289,0.843436,0.953987,999ONG7,0.166667,0.833333
0.5,128,12,cambria.ttc,999NG7,0,0,0.425,11.313708,0.8067,0.853272,999NG7,0.0,1.0
0.6,128,12,cambria.ttc,999NG7,0,0,0.51,12.393547,0.770893,0.778927,I9SONG7,0.5,0.5
0.7,128,12,cambria.ttc,999NG7,0,0,0.595,13.38656,0.735998,0.721147,999NG7,0.0,1.0
0.8,128,12,cambria.ttc,999NG7,0,0,0.68,14.310835,0.701998,0.674571,999ONG7,0.166667,0.833333
0.9,128,12,cambria.ttc,999NG7,0,0,0.765,15.178933,0.668877,0.635992,999NG7,0.0,1.0
1.0,128,12,cambria.ttc,999NG7,0,0,0.85,16.0,0.63662,0.603355,999ONG7,0.166667,0.833333
0.1,512,12,cambria.ttc,999NG7,0,0,0.085,5.059644,0.959381,1.907975,I9D9ONG7,0.5,0.5
0.2,512,12,cambria.ttc,999NG7,0,0,0.17,7.155418,0.919759,1.349142,I99ONG7,0.333333,0.666667
0.3,512,12,cambria.ttc,999NG7,0,0,0.255,8.763561,0.881116,1.10157,I9DONG7,0.5,0.5
0.4,512,12,cambria.ttc,999NG7,0,0,0.34,10.119289,0.843436,0.953987,999ONG7,0.166667,0.833333
0.5,512,12,cambria.ttc,999NG7,0,0,0.425,11.313708,0.8067,0.853272,999ONG7,0.166667,0.833333
0.6,512,12,cambria.ttc,999NG7,0,0,0.51,12.393547,0.770893,0.778927,999ONG7,0.166667,0.833333
0.7,512,12,cambria.ttc,999NG7,0,0,0.595,13.38656,0.735998,0.721147,999ONG7,0.166667,0.833333
0.8,512,12,cambria.ttc,999NG7,0,0,0.68,14.310835,0.701998,0.674571,999ONG7,0.166667,0.833333
0.9,512,12,cambria.ttc,999NG7,0,0,0.765,15.178933,0.668877,0.635992,999ONG7,0.166667,0.833333
1.0,512,12,cambria.ttc,999NG7,0,0,0.85,16.0,0.63662,0.603355,999NG7,0.0,1.0
0.1,2048,12,cambria.ttc,999NG7,0,0,0.085,5.059644,0.959381,1.907975,I9SONG7,0.5,0.5
0.2,2048,12,cambria.ttc,999NG7,0,0,0.17,7.155418,0.919759,1.349142,999NG7,0.0,1.0
0.3,2048,12,cambria.ttc,999NG7,0,0,0.255,8.763561,0.881116,1.10157,999ONG7,0.166667,0.833333
0.4,2048,12,cambria.ttc,999NG7,0,0,0.34,10.119289,0.843436,0.953987,999NG7,0.0,1.0
0.5,2048,12,cambria.ttc,999NG7,0,0,0.425,11.313708,0.8067,0.853272,999ONG7,0.166667,0.833333
0.6,2048,12,cambria.ttc,999NG7,0,0,0.51,12.393547,0.770893,0.778927,999ONG7,0.166667,0.833333
0.7,2048,12,cambria.ttc,999NG7,0,0,0.595,13.38656,0.735998,0.721147,999ONG7,0.166667,0.833333
0.8,2048,12,cambria.ttc,999NG7,0,0,0.68,14.310835,0.701998,0.674571,999ONG7,0.166667,0.833333
0.9,2048,12,cambria.ttc,999NG7,0,0,0.765,15.178933,0.668877,0.635992,999NG7,0.0,1.0
1.0,2048,12,cambria.ttc,999NG7,0,0,0.85,16.0,0.63662,0.603355,999NG7,0.0,1.0
0.1,8,12,cambria.ttc,999NG7,0,15,0.085,5.059644,0.959381,1.907975,,1.0,0.0
0.2,8,12,cambria.ttc,999NG7,0,15,0.17,7.155418,0.919759,1.349142,RG,0.833333,0.166667
0.3,8,12,cambria.ttc,999NG7,0,15,0.255,8.763561,0.881116,1.10157,,1.0,0.0
0.4,8,12,cambria.ttc,999NG7,0,15,0.34,10.119289,0.843436,0.953987,WOON,0.833333,0.166667
0.5,8,12,cambria.ttc,999NG7,0,15,0.425,11.313708,0.8067,0.853272,,1.0,0.0
0.6,8,12,cambria.ttc,999NG7,0,15,0.51,12.393547,0.770893,0.778927,,1.0,0.0
0.7,8,12,cambria.ttc,999NG7,0,15,0.595,13.38656,0.735998,0.721147,GOGNE7,0.666667,0.333333
0.8,8,12,cambria.ttc,999NG7,0,15,0.68,14.310835,0.701998,0.674571,,1.0,0.0
0.9,8,12,cambria.ttc,999NG7,0,15,0.765,15.178933,0.668877,0.635992,O99NG7,0.166667,0.833333
1.0,8,12,cambria.ttc,999NG7,0,15,0.85,16.0,0.63662,0.603355,AGONGI,0.666667,0.333333
0.1,32,12,cambria.ttc,999NG7,0,15,0.085,5.059644,0.959381,1.907975,,1.0,0.0
0.2,32,12,cambria.ttc,999NG7,0,15,0.17,7.155418,0.919759,1.349142,MOONGT,0.666667,0.333333
0.3,32,12,cambria.ttc,999NG7,0,15,0.255,8.763561,0.881116,1.10157,OOONGT,0.666667,0.333333
0.4,32,12,cambria.ttc,999NG7,0,15,0.34,10.119289,0.843436,0.953987,,1.0,0.0
0.5,32,12,cambria.ttc,999NG7,0,15,0.425,11.313708,0.8067,0.853272,,1.0,0.0
0.6,32,12,cambria.ttc,999NG7,0,15,0.51,12.393547,0.770893,0.778927,O99NG7,0.166667,0.833333
0.7,32,12,cambria.ttc,999NG7,0,15,0.595,13.38656,0.735998,0.721147,,1.0,0.0
0.8,32,12,cambria.ttc,999NG7,0,15,0.68,14.310835,0.701998,0.674571,S99ONG7,0.333333,0.666667
0.9,32,12,cambria.ttc,999NG7,0,15,0.765,15.178933,0.668877,0.635992,O99NG7,0.166667,0.833333
1.0,32,12,cambria.ttc,999NG7,0,15,0.85,16.0,0.63662,0.603355,999NG7,0.0,1.0
0.1,128,12,cambria.ttc,999NG7,0,15,0.085,5.059644,0.959381,1.907975,OSONG7,0.5,0.5
0.2,128,12,cambria.ttc,999NG7,0,15,0.17,7.155418,0.919759,1.349142,999NG7,0.0,1.0
0.3,128,12,cambria.ttc,999NG7,0,15,0.255,8.763561,0.881116,1.10157,999NG7,0.0,1.0
0.4,128,12,cambria.ttc,999NG7,0,15,0.34,10.119289,0.843436,0.953987,999NG7,0.0,1.0
0.5,128,12,cambria.ttc,999NG7,0,15,0.425,11.313708,0.8067,0.853272,999ONG7,0.166667,0.833333
0.6,128,12,cambria.ttc,999NG7,0,15,0.51,12.393547,0.770893,0.778927,999ONG7,0.166667,0.833333
0.7,128,12,cambria.ttc,999NG7,0,15,0.595,13.38656,0.735998,0.721147,999NG7,0.0,1.0
0.8,128,12,cambria.ttc,999NG7,0,15,0.68,14.310835,0.701998,0.674571,999ONG7,0.166667,0.833333
0.9,128,12,cambria.ttc,999NG7,0,15,0.765,15.178933,0.668877,0.635992,999ONG7,0.166667,0.833333
1.0,128,12,cambria.ttc,999NG7,0,15,0.85,16.0,0.63662,0.603355,999ONG7,0.166667,0.833333
0.1,512,12,cambria.ttc,999NG7,0,15,0.085,5.059644,0.959381,1.907975,999NG7,0.0,1.0
0.2,512,12,cambria.ttc,999NG7,0,15,0.17,7.155418,0.919759,1.349142,999ONG7,0.166667,0.833333
0.3,512,12,cambria.ttc,999NG7,0,15,0.255,8.763561,0.881116,1.10157,999ONG7,0.166667,0.833333
0.4,512,12,cambria.ttc,999NG7,0,15,0.34,10.119289,0.843436,0.953987,999NG7,0.0,1.0
0.5,512,12,cambria.ttc,999NG7,0,15,0.425,11.313708,0.8067,0.853272,999NG7,0.0,1.0
0.6,512,12,cambria.ttc,999NG7,0,15,0.51,12.393547,0.770893,0.778927,999ONG7,0.166667,0.833333
0.7,512,12,cambria.ttc,999NG7,0,15,0.595,13.38656,0.735998,0.721147,999NG7,0.0,1.0
0.8,512,12,cambria.ttc,999NG7,0,15,0.68,14.310835,0.701998,0.674571,999NG7,0.0,1.0
0.9,512,12,cambria.ttc,999NG7,0,15,0.765,15.178933,0.668877,0.635992,999NG7,0.0,1.0
1.0,512,12,cambria.ttc,999NG7,0,15,0.85,16.0,0.63662,0.603355,999NG7,0.0,1.0
0.1,2048,12,cambria.ttc,999NG7,0,15,0.085,5.059644,0.959381,1.907975,999NG7,0.0,1.0
0.2,2048,12,cambria.ttc,999NG7,0,15,0.17,7.155418,0.919759,1.349142,999NG7,0.0,1.0
0.3,2048,12,cambria.ttc,999NG7,0,15,0.255,8.763561,0.881116,1.10157,999NG7,0.0,1.0
0.4,2048,12,cambria.ttc,999NG7,0,15,0.34,10.119289,0.843436,0.953987,999NG7,0.0,1.0
0.5,2048,12,cambria.ttc,999NG7,0,15,0.425,11.313708,0.8067,0.853272,999NG7,0.0,1.0
0.6,2048,12,cambria.ttc,999NG7,0,15,0.51,12.393547,0.770893,0.778927,999NG7,0.0,1.0
0.7,2048,12,cambria.ttc,999NG7,0,15,0.595,13.38656,0.735998,0.721147,999NG7,0.0,1.0
0.8,2048,12,cambria.ttc,999NG7,0,15,0.68,14.310835,0.701998,0.674571,999NG7,0.0,1.0
0.9,2048,12,cambria.ttc,999NG7,0,15,0.765,15.178933,0.668877,0.635992,999NG7,0.0,1.0
1.0,2048,12,cambria.ttc,999NG7,0,15,0.85,16.0,0.63662,0.603355,999ONG7,0.166667,0.833333
0.1,8,12,cambria.ttc,999NG7,15,0,0.085,5.059644,0.959381,1.907975,,1.0,0.0
0.2,8,12,cambria.ttc,999NG7,15,0,0.17,7.155418,0.919759,1.349142,,1.0,0.0
0.3,8,12,cambria.ttc,999NG7,15,0,0.255,8.763561,0.881116,1.10157,S,1.0,0.0
0.4,8,12,cambria.ttc,999NG7,15,0,0.34,10.119289,0.843436,0.953987,,1.0,0.0
0.5,8,12,cambria.ttc,999NG7,15,0,0.425,11.313708,0.8067,0.853272,,1.0,0.0
0.6,8,12,cambria.ttc,999NG7,15,0,0.51,12.393547,0.770893,0.778927,,1.0,0.0
0.7,8,12,cambria.ttc,999NG7,15,0,0.595,13.38656,0.735998,0.721147,OOSNGE,0.666667,0.333333
0.8,8,12,cambria.ttc,999NG7,15,0,0.68,14.310835,0.701998,0.674571,,1.0,0.0
0.9,8,12,cambria.ttc,999NG7,15,0,0.765,15.178933,0.668877,0.635992,,1.0,0.0
1.0,8,12,cambria.ttc,999NG7,15,0,0.85,16.0,0.63662,0.603355,SOONG,0.666667,0.333333
0.1,32,12,cambria.ttc,999NG7,15,0,0.085,5.059644,0.959381,1.907975,,1.0,0.0
0.2,32,12,cambria.ttc,999NG7,15,0,0.17,7.155418,0.919759,1.349142,,1.0,0.0
0.3,32,12,cambria.ttc,999NG7,15,0,0.255,8.763561,0.881116,1.10157,SSONGT,0.666667,0.333333
0.4,32,12,cambria.ttc,999NG7,15,0,0.34,10.119289,0.843436,0.953987,,1.0,0.0
0.5,32,12,cambria.ttc,999NG7,15,0,0.425,11.313708,0.8067,0.853272,,1.0,0.0
0.6,32,12,cambria.ttc,999NG7,15,0,0.51,12.393547,0.770893,0.778927,S9SNG7,0.333333,0.666667
0.7,32,12,cambria.ttc,999NG7,15,0,0.595,13.38656,0.735998,0.721147,S99NG7,0.166667,0.833333
0.8,32,12,cambria.ttc,999NG7,15,0,0.68,14.310835,0.701998,0.674571,999NG7,0.0,1.0
0.9,32,12,cambria.ttc,999NG7,15,0,0.765,15.178933,0.668877,0.635992,,1.0,0.0
1.0,32,12,cambria.ttc,999NG7,15,0,0.85,16.0,0.63662,0.603355,999NG7,0.0,1.0
0.1,128,12,cambria.ttc,999NG7,15,0,0.085,5.059644,0.959381,1.907975,S99NG7,0.166667,0.833333
0.2,128,12,cambria.ttc,999NG7,15,0,0.17,7.155418,0.919759,1.349142,999NG7,0.0,1.0
0.3,128,12,cambria.ttc,999NG7,15,0,0.255,8.763561,0.881116,1.10157,999NG7,0.0,1.0
0.4,128,12,cambria.ttc,999NG7,15,0,0.34,10.119289,0.843436,0.953987,999NG7,0.0,1.0
0.5,128,12,cambria.ttc,999NG7,15,0,0.425,11.313708,0.8067,0.853272,999NG7,0.0,1.0
0.6,128,12,cambria.ttc,999NG7,15,0,0.51,12.393547,0.770893,0.778927,999NG7,0.0,1.0
0.7,128,12,cambria.ttc,999NG7,15,0,0.595,13.38656,0.735998,0.721147,999ONG7,0.166667,0.833333
0.8,128,12,cambria.ttc,999NG7,15,0,0.68,14.310835,0.701998,0.674571,999ONG7,0.166667,0.833333
0.9,128,12,cambria.ttc,999NG7,15,0,0.765,15.178933,0.668877,0.635992,999NG7,0.0,1.0
1.0,128,12,cambria.ttc,999NG7,15,0,0.85,16.0,0.63662,0.603355,999NG7,0.0,1.0
0.1,512,12,cambria.ttc,999NG7,15,0,0.085,5.059644,0.959381,1.907975,999NG7,0.0,1.0
0.2,512,12,cambria.ttc,999NG7,15,0,0.17,7.155418,0.919759,1.349142,999ONG7,0.166667,0.833333
0.3,512,12,cambria.ttc,999NG7,15,0,0.255,8.763561,0.881116,1.10157,IIDIONG7,0.833333,0.166667
0.4,512,12,cambria.ttc,999NG7,15,0,0.34,10.119289,0.843436,0.953987,I9D9ONG7,0.5,0.5
0.5,512,12,cambria.ttc,999NG7,15,0,0.425,11.313708,0.8067,0.853272,999ONG7,0.166667,0.833333
0.6,512,12,cambria.ttc,999NG7,15,0,0.51,12.393547,0.770893,0.778927,999ONG7,0.166667,0.833333
0.7,512,12,cambria.ttc,999NG7,15,0,0.595,13.38656,0.735998,0.721147,999ONG7,0.166667,0.833333
0.8,512,12,cambria.ttc,999NG7,15,0,0.68,14.310835,0.701998,0.674571,999ONG7,0.166667,0.833333
0.9,512,12,cambria.ttc,999NG7,15,0,0.765,15.178933,0.668877,0.635992,999ONG7,0.166667,0.833333
1.0,512,12,cambria.ttc,999NG7,15,0,0.85,16.0,0.63662,0.603355,999NG7,0.0,1.0
0.1,2048,12,cambria.ttc,999NG7,15,0,0.085,5.059644,0.959381,1.907975,I9S9ONG7,0.5,0.5
0.2,2048,12,cambria.ttc,999NG7,15,0,0.17,7.155418,0.919759,1.349142,999ONG7,0.166667,0.833333
0.3,2048,12,cambria.ttc,999NG7,15,0,0.255,8.763561,0.881116,1.10157,999ONG7,0.166667,0.833333
0.4,2048,12,cambria.ttc,999NG7,15,0,0.34,10.119289,0.843436,0.953987,999ONG7,0.166667,0.833333
0.5,2048,12,cambria.ttc,999NG7,15,0,0.425,11.313708,0.8067,0.853272,999ONG7,0.166667,0.833333
0.6,2048,12,cambria.ttc,999NG7,15,0,0.51,12.393547,0.770893,0.778927,999ONG7,0.166667,0.833333
0.7,2048,12,cambria.ttc,999NG7,15,0,0.595,13.38656,0.735998,0.721147,999NG7,0.0,1.0
0.8,2048,12,cambria.ttc,999NG7,15,0,0.68,14.310835,0.701998,0.674571,999NG7,0.0,1.0
0.9,2048,12,cambria.ttc,999NG7,15,0,0.765,15.178933,0.668877,0.635992,999NG7,0.0,1.0
1.0,2048,12,cambria.ttc,999NG7,15,0,0.85,16.0,0.63662,0.603355,999NG7,0.0,1.0
0.1,8,12,cambria.ttc,999NG7,15,15,0.085,5.059644,0.959381,1.907975,,1.0,0.0
0.2,8,12,cambria.ttc,999NG7,15,15,0.17,7.155418,0.919759,1.349142,,1.0,0.0
0.3,8,12,cambria.ttc,999NG7,15,15,0.255,8.763561,0.881116,1.10157,,1.0,0.0
0.4,8,12,cambria.ttc,999NG7,15,15,0.34,10.119289,0.843436,0.953987,BOONE,0.833333,0.166667
0.5,8,12,cambria.ttc,999NG7,15,15,0.425,11.313708,0.8067,0.853272,,1.0,0.0
0.6,8,12,cambria.ttc,999NG7,15,15,0.51,12.393547,0.770893,0.778927,,1.0,0.0
0.7,8,12,cambria.ttc,999NG7,15,15,0.595,13.38656,0.735998,0.721147,,1.0,0.0
0.8,8,12,cambria.ttc,999NG7,15,15,0.68,14.310835,0.701998,0.674571,BOONGT,0.666667,0.333333
0.9,8,12,cambria.ttc,999NG7,15,15,0.765,15.178933,0.668877,0.635992,O9GNG7,0.333333,0.666667
1.0,8,12,cambria.ttc,999NG7,15,15,0.85,16.0,0.63662,0.603355,,1.0,0.0
0.1,32,12,cambria.ttc,999NG7,15,15,0.085,5.059644,0.959381,1.907975,,1.0,0.0
0.2,32,12,cambria.ttc,999NG7,15,15,0.17,7.155418,0.919759,1.349142,,1.0,0.0
0.3,32,12,cambria.ttc,999NG7,15,15,0.255,8.763561,0.881116,1.10157,,1.0,0.0
0.4,32,12,cambria.ttc,999NG7,15,15,0.34,10.119289,0.843436,0.953987,O9ONGT,0.5,0.5
0.5,32,12,cambria.ttc,999NG7,15,15,0.425,11.313708,0.8067,0.853272,Q99NGT,0.333333,0.666667
0.6,32,12,cambria.ttc,999NG7,15,15,0.51,12.393547,0.770893,0.778927,,1.0,0.0
0.7,32,12,cambria.ttc,999NG7,15,15,0.595,13.38656,0.735998,0.721147,O99ONG7,0.333333,0.666667
0.8,32,12,cambria.ttc,999NG7,15,15,0.68,14.310835,0.701998,0.674571,999NG7,0.0,1.0
0.9,32,12,cambria.ttc,999NG7,15,15,0.765,15.178933,0.668877,0.635992,S9ONGT,0.5,0.5
1.0,32,12,cambria.ttc,999NG7,15,15,0.85,16.0,0.63662,0.603355,9Q99ONG7,0.333333,0.666667
0.1,128,12,cambria.ttc,999NG7,15,15,0.085,5.059644,0.959381,1.907975,,1.0,0.0
0.2,128,12,cambria.ttc,999NG7,15,15,0.17,7.155418,0.919759,1.349142,O99NG7,0.166667,0.833333
0.3,128,12,cambria.ttc,999NG7,15,15,0.255,8.763561,0.881116,1.10157,999NG7,0.0,1.0
0.4,128,12,cambria.ttc,999NG7,15,15,0.34,10.119289,0.843436,0.953987,S9ONG7,0.333333,0.666667
0.5,128,12,cambria.ttc,999NG7,15,15,0.425,11.313708,0.8067,0.853272,9J9ONG7,0.333333,0.666667
0.6,128,12,cambria.ttc,999NG7,15,15,0.51,12.393547,0.770893,0.778927,999NG7,0.0,1.0
0.7,128,12,cambria.ttc,999NG7,15,15,0.595,13.38656,0.735998,0.721147,999ONG7,0.166667,0.833333
0.8,128,12,cambria.ttc,999NG7,15,15,0.68,14.310835,0.701998,0.674571,999ONG7,0.166667,0.833333
0.9,128,12,cambria.ttc,999NG7,15,15,0.765,15.178933,0.668877,0.635992,999NG7,0.0,1.0
1.0,128,12,cambria.ttc,999NG7,15,15,0.85,16.0,0.63662,0.603355,999ONG7,0.166667,0.833333
0.1,512,12,cambria.ttc,999NG7,15,15,0.085,5.059644,0.959381,1.907975,999NG7,0.0,1.0
0.2,512,12,cambria.ttc,999NG7,15,15,0.17,7.155418,0.919759,1.349142,999NG7,0.0,1.0
0.3,512,12,cambria.ttc,999NG7,15,15,0.255,8.763561,0.881116,1.10157,999NG7,0.0,1.0
0.4,512,12,cambria.ttc,999NG7,15,15,0.34,10.119289,0.843436,0.953987,999NG7,0.0,1.0
0.5,512,12,cambria.ttc,999NG7,15,15,0.425,11.313708,0.8067,0.853272,999NG7,0.0,1.0
0.6,512,12,cambria.ttc,999NG7,15,15,0.51,12.393547,0.770893,0.778927,999NG7,0.0,1.0
0.7,512,12,cambria.ttc,999NG7,15,15,0.595,13.38656,0.735998,0.721147,999NG7,0.0,1.0
0.8,512,12,cambria.ttc,999NG7,15,15,0.68,14.310835,0.701998,0.674571,999ONG7,0.166667,0.833333
0.9,512,12,cambria.ttc,999NG7,15,15,0.765,15.178933,0.668877,0.635992,999NG7,0.0,1.0
1.0,512,12,cambria.ttc,999NG7,15,15,0.85,16.0,0.63662,0.603355,999NG7,0.0,1.0
0.1,2048,12,cambria.ttc,999NG7,15,15,0.085,5.059644,0.959381,1.907975,999NG7,0.0,1.0
0.2,2048,12,cambria.ttc,999NG7,15,15,0.17,7.155418,0.919759,1.349142,999NG7,0.0,1.0
0.3,2048,12,cambria.ttc,999NG7,15,15,0.255,8.763561,0.881116,1.10157,999NG7,0.0,1.0
0.4,2048,12,cambria.ttc,999NG7,15,15,0.34,10.119289,0.843436,0.953987,999NG7,0.0,1.0
0.5,2048,12,cambria.ttc,999NG7,15,15,0.425,11.313708,0.8067,0.853272,999NG7,0.0,1.0
0.6,2048,12,cambria.ttc,999NG7,15,15,0.51,12.393547,0.770893,0.778927,999NG7,0.0,1.0
0.7,2048,12,cambria.ttc,999NG7,15,15,0.595,13.38656,0.735998,0.721147,999ONG7,0.166667,0.833333
0.8,2048,12,cambria.ttc,999NG7,15,15,0.68,14.310835,0.701998,0.674571,999NG7,0.0,1.0
0.9,2048,12,cambria.ttc,999NG7,15,15,0.765,15.178933,0.668877,0.635992,999NG7,0.0,1.0
1.0,2048,12,cambria.ttc,999NG7,15,15,0.85,16.0,0.63662,0.603355,999ONG7,0.166667,0.833333
0.1,8,12,cambria.ttc,DJELTE,0,0,0.085,5.059644,0.959381,1.907975,,1.0,0.0
0.2,8,12,cambria.ttc,DJELTE,0,0,0.17,7.155418,0.919759,1.349142,,1.0,0.0
0.3,8,12,cambria.ttc,DJELTE,0,0,0.255,8.763561,0.881116,1.10157,,1.0,0.0
0.4,8,12,cambria.ttc,DJELTE,0,0,0.34,10.119289,0.843436,0.953987,CRBH,1.0,0.0
0.5,8,12,cambria.ttc,DJELTE,0,0,0.425,11.313708,0.8067,0.853272,,1.0,0.0
0.6,8,12,cambria.ttc,DJELTE,0,0,0.51,12.393547,0.770893,0.778927,,1.0,0.0
0.7,8,12,cambria.ttc,DJELTE,0,0,0.595,13.38656,0.735998,0.721147,DEE,0.5,0.5
0.8,8,12,cambria.ttc,DJELTE,0,0,0.68,14.310835,0.701998,0.674571,PREME,0.666667,0.333333
0.9,8,12,cambria.ttc,DJELTE,0,0,0.765,15.178933,0.668877,0.635992,,1.0,0.0
1.0,8,12,cambria.ttc,DJELTE,0,0,0.85,16.0,0.63662,0.603355,SRUPE,0.833333,0.166667
0.1,32,12,cambria.ttc,DJELTE,0,0,0.085,5.059644,0.959381,1.907975,,1.0,0.0
0.2,32,12,cambria.ttc,DJELTE,0,0,0.17,7.155418,0.919759,1.349142,,1.0,0.0
0.3,32,12,cambria.ttc,DJELTE,0,0,0.255,8.763561,0.881116,1.10157,,1.0,0.0
0.4,32,12,cambria.ttc,DJELTE,0,0,0.34,10.119289,0.843436,0.953987,,1.0,0.0
0.5,32,12,cambria.ttc,DJELTE,0,0,0.425,11.313708,0.8067,0.853272,,1.0,0.0
0.6,32,12,cambria.ttc,DJELTE,0,0,0.51,12.393547,0.770893,0.778927,,1.0,0.0
0.7,32,12,cambria.ttc,DJELTE,0,0,0.595,13.38656,0.735998,0.721147,,1.0,0.0
0.8,32,12,cambria.ttc,DJELTE,0,0,0.68,14.310835,0.701998,0.674571,,1.0,0.0
0.9,32,12,cambria.ttc,DJELTE,0,0,0.765,15.178933,0.668877,0.635992,,1.0,0.0
1.0,32,12,cambria.ttc,DJELTE,0,0,0.85,16.0,0.63662,0.603355,,1.0,0.0
0.1,128,12,cambria.ttc,DJELTE,0,0,0.085,5.059644,0.959381,1.907975,,1.0,0.0
0.2,128,12,cambria.ttc,DJELTE,0,0,0.17,7.155418,0.919759,1.349142,,1.0,0.0
0.3,128,12,cambria.ttc,DJELTE,0,0,0.255,8.763561,0.881116,1.10157,DJELTE,0.0,1.0
0.4,128,12,cambria.ttc,DJELTE,0,0,0.34,10.119289,0.843436,0.953987,DJELTE,0.0,1.0
0.5,128,12,cambria.ttc,DJELTE,0,0,0.425,11.313708,0.8067,0.853272,DJELTE,0.0,1.0
0.6,128,12,cambria.ttc,DJELTE,0,0,0.51,12.393547,0.770893,0.778927,DIELTE,0.166667,0.833333
0.7,128,12,cambria.ttc,DJELTE,0,0,0.595,13.38656,0.735998,0.721147,DJELTE,0.0,1.0
0.8,128,12,cambria.ttc,DJELTE,0,0,0.68,14.310835,0.701998,0.674571,DJELTE,0.0,1.0
0.9,128,12,cambria.ttc,DJELTE,0,0,0.765,15.178933,0.668877,0.635992,DJELTE,0.0,1.0
1.0,128,12,cambria.ttc,DJELTE,0,0,0.85,16.0,0.63662,0.603355,DJELTE,0.0,1.0
0.1,512,12,cambria.ttc,DJELTE,0,0,0.085,5.059644,0.959381,1.907975,DELETE,0.333333,0.666667
0.2,512,12,cambria.ttc,DJELTE,0,0,0.17,7.155418,0.919759,1.349142,NJELTE,0.166667,0.833333
0.3,512,12,cambria.ttc,DJELTE,0,0,0.255,8.763561,0.881116,1.10157,DJELTE,0.0,1.0
0.4,512,12,cambria.ttc,DJELTE,0,0,0.34,10.119289,0.843436,0.953987,DJELTE,0.0,1.0
0.5,512,12,cambria.ttc,DJELTE,0,0,0.425,11.313708,0.8067,0.853272,DJELTE,0.0,1.0
0.6,512,12,cambria.ttc,DJELTE,0,0,0.51,12.393547,0.770893,0.778927,DJELTE,0.0,1.0
0.7,512,12,cambria.ttc,DJELTE,0,0,0.595,13.38656,0.735998,0.721147,DJELTE,0.0,1.0
0.8,512,12,cambria.ttc,DJELTE,0,0,0.68,14.310835,0.701998,0.674571,DJELTE,0.0,1.0
0.9,512,12,cambria.ttc,DJELTE,0,0,0.765,15.178933,0.668877,0.635992,DJELTE,0.0,1.0
1.0,512,12,cambria.ttc,DJELTE,0,0,0.85,16.0,0.63662,0.603355,DJELTE,0.0,1.0
0.1,2048,12,cambria.ttc,DJELTE,0,0,0.085,5.059644,0.959381,1.907975,NJELTE,0.166667,0.833333
0.2,2048,12,cambria.ttc,DJELTE,0,0,0.17,7.155418,0.919759,1.349142,DJELTE,0.0,1.0
0.3,2048,12,cambria.ttc,DJELTE,0,0,0.255,8.763561,0.881116,1.10157,DJELTE,0.0,1.0
0.4,2048,12,cambria.ttc,DJELTE,0,0,0.34,10.119289,0.843436,0.953987,DJELTE,0.0,1.0
0.5,2048,12,cambria.ttc,DJELTE,0,0,0.425,11.313708,0.8067,0.853272,DJELTE,0.0,1.0
0.6,2048,12,cambria.ttc,DJELTE,0,0,0.51,12.393547,0.770893,0.778927,DJELTE,0.0,1.0
0.7,2048,12,cambria.ttc,DJELTE,0,0,0.595,13.38656,0.735998,0.721147,DJELTE,0.0,1.0
0.8,2048,12,cambria.ttc,DJELTE,0,0,0.68,14.310835,0.701998,0.674571,DJELTE,0.0,1.0
0.9,2048,12,cambria.ttc,DJELTE,0,0,0.765,15.178933,0.668877,0.635992,DJELTE,0.0,1.0
1.0,2048,12,cambria.ttc,DJELTE,0,0,0.85,16.0,0.63662,0.603355,DJELTE,0.0,1.0
0.1,8,12,cambria.ttc,DJELTE,0,15,0.085,5.059644,0.959381,1.907975,S,1.0,0.0
0.2,8,12,cambria.ttc,DJELTE,0,15,0.17,7.155418,0.919759,1.349142,,1.0,0.0
0.3,8,12,cambria.ttc,DJELTE,0,15,0.255,8.763561,0.881116,1.10157,P,1.0,0.0
0.4,8,12,cambria.ttc,DJELTE,0,15,0.34,10.119289,0.843436,0.953987,,1.0,0.0
0.5,8,12,cambria.ttc,DJELTE,0,15,0.425,11.313708,0.8067,0.853272,,1.0,0.0
0.6,8,12,cambria.ttc,DJELTE,0,15,0.51,12.393547,0.770893,0.778927,,1.0,0.0
0.7,8,12,cambria.ttc,DJELTE,0,15,0.595,13.38656,0.735998,0.721147,,1.0,0.0
0.8,8,12,cambria.ttc,DJELTE,0,15,0.68,14.310835,0.701998,0.674571,DESTE,0.333333,0.666667
0.9,8,12,cambria.ttc,DJELTE,0,15,0.765,15.178933,0.668877,0.635992,THERE,0.666667,0.333333
1.0,8,12,cambria.ttc,DJELTE,0,15,0.85,16.0,0.63662,0.603355,,1.0,0.0
0.1,32,12,cambria.ttc,DJELTE,0,15,0.085,5.059644,0.959381,1.907975,P,1.0,0.0
0.2,32,12,cambria.ttc,DJELTE,0,15,0.17,7.155418,0.919759,1.349142,DHRER,0.833333,0.166667
0.3,32,12,cambria.ttc,DJELTE,0,15,0.255,8.763561,0.881116,1.10157,,1.0,0.0
0.4,32,12,cambria.ttc,DJELTE,0,15,0.34,10.119289,0.843436,0.953987,,1.0,0.0
0.5,32,12,cambria.ttc,DJELTE,0,15,0.425,11.313708,0.8067,0.853272,,1.0,0.0
0.6,32,12,cambria.ttc,DJELTE,0,15,0.51,12.393547,0.770893,0.778927,,1.0,0.0
0.7,32,12,cambria.ttc,DJELTE,0,15,0.595,13.38656,0.735998,0.721147,,1.0,0.0
0.8,32,12,cambria.ttc,DJELTE,0,15,0.68,14.310835,0.701998,0.674571,,1.0,0.0
0.9,32,12,cambria.ttc,DJELTE,0,15,0.765,15.178933,0.668877,0.635992,,1.0,0.0
1.0,32,12,cambria.ttc,DJELTE,0,15,0.85,16.0,0.63662,0.603355,,1.0,0.0
0.1,128,12,cambria.ttc,DJELTE,0,15,0.085,5.059644,0.959381,1.907975,,1.0,0.0
0.2,128,12,cambria.ttc,DJELTE,0,15,0.17,7.155418,0.919759,1.349142,,1.0,0.0
0.3,128,12,cambria.ttc,DJELTE,0,15,0.255,8.763561,0.881116,1.10157,DJELTE,0.0,1.0
0.4,128,12,cambria.ttc,DJELTE,0,15,0.34,10.119289,0.843436,0.953987,DJELTE,0.0,1.0
0.5,128,12,cambria.ttc,DJELTE,0,15,0.425,11.313708,0.8067,0.853272,DJELTE,0.0,1.0
0.6,128,12,cambria.ttc,DJELTE,0,15,0.51,12.393547,0.770893,0.778927,DJELTE,0.0,1.0
0.7,128,12,cambria.ttc,DJELTE,0,15,0.595,13.38656,0.735998,0.721147,DJELTE,0.0,1.0
0.8,128,12,cambria.ttc,DJELTE,0,15,0.68,14.310835,0.701998,0.674571,DIJELTE,0.166667,0.833333
0.9,128,12,cambria.ttc,DJELTE,0,15,0.765,15.178933,0.668877,0.635992,DJELTE,0.0,1.0
1.0,128,12,cambria.ttc,DJELTE,0,15,0.85,16.0,0.63662,0.603355,DJELTE,0.0,1.0
0.1,512,12,cambria.ttc,DJELTE,0,15,0.085,5.059644,0.959381,1.907975,DJELTE,0.0,1.0
0.2,512,12,cambria.ttc,DJELTE,0,15,0.17,7.155418,0.919759,1.349142,DJELTE,0.0,1.0
0.3,512,12,cambria.ttc,DJELTE,0,15,0.255,8.763561,0.881116,1.10157,DJELTE,0.0,1.0
0.4,512,12,cambria.ttc,DJELTE,0,15,0.34,10.119289,0.843436,0.953987,DJELTE,0.0,1.0
0.5,512,12,cambria.ttc,DJELTE,0,15,0.425,11.313708,0.8067,0.853272,DJELTE,0.0,1.0
0.6,512,12,cambria.ttc,DJELTE,0,15,0.51,12.393547,0.770893,0.778927,DJELTE,0.0,1.0
0.7,512,12,cambria.ttc,DJELTE,0,15,0.595,13.38656,0.735998,0.721147,DJELTE,0.0,1.0
0.8,512,12,cambria.ttc,DJELTE,0,15,0.68,14.310835,0.701998,0.674571,DJELTE,0.0,1.0
0.9,512,12,cambria.ttc,DJELTE,0,15,0.765,15.178933,0.668877,0.635992,DJELTE,0.0,1.0
1.0,512,12,cambria.ttc,DJELTE,0,15,0.85,16.0,0.63662,0.603355,DJELTE,0.0,1.0
0.1,2048,12,cambria.ttc,DJELTE,0,15,0.085,5.059644,0.959381,1.907975,DJELTE,0.0,1.0
0.2,2048,12,cambria.ttc,DJELTE,0,15,0.17,7.155418,0.919759,1.349142,DJELTE,0.0,1.0
0.3,2048,12,cambria.ttc,DJELTE,0,15,0.255,8.763561,0.881116,1.10157,DJELTE,0.0,1.0
0.4,2048,12,cambria.ttc,DJELTE,0,15,0.34,10.119289,0.843436,0.953987,DJELTE,0.0,1.0
0.5,2048,12,cambria.ttc,DJELTE,0,15,0.425,11.313708,0.8067,0.853272,DJELTE,0.0,1.0
0.6,2048,12,cambria.ttc,DJELTE,0,15,0.51,12.393547,0.770893,0.778927,DJELTE,0.0,1.0
0.7,2048,12,cambria.ttc,DJELTE,0,15,0.595,13.38656,0.735998,0.721147,DJELTE,0.0,1.0
0.8,2048,12,cambria.ttc,DJELTE,0,15,0.68,14.310835,0.701998,0.674571,DJELTE,0.0,1.0
0.9,2048,12,cambria.ttc,DJELTE,0,15,0.765,15.178933,0.668877,0.635992,DJELTE,0.0,1.0
1.0,2048,12,cambria.ttc,DJELTE,0,15,0.85,16.0,0.63662,0.603355,DJELTE,0.0,1.0
0.1,8,12,cambria.ttc,DJELTE,15,0,0.085,5.059644,0.959381,1.907975,,1.0,0.0
0.2,8,12,cambria.ttc,DJELTE,15,0,0.17,7.155418,0.919759,1.349142,A,1.0,0.0
0.3,8,12,cambria.ttc,DJELTE,15,0,0.255,8.763561,0.881116,1.10157,SPATS,0.833333,0.166667
0.4,8,12,cambria.ttc,DJELTE,15,0,0.34,10.119289,0.843436,0.953987,,1.0,0.0
0.5,8,12,cambria.ttc,DJELTE,15,0,0.425,11.313708,0.8067,0.853272,,1.0,0.0
0.6,8,12,cambria.ttc,DJELTE,15,0,0.51,12.393547,0.770893,0.778927,BRE,0.833333,0.166667
0.7,8,12,cambria.ttc,DJELTE,15,0,0.595,13.38656,0.735998,0.721147,,1.0,0.0
0.8,8,12,cambria.ttc,DJELTE,15,0,0.68,14.310835,0.701998,0.674571,,1.0,0.0
0.9,8,12,cambria.ttc,DJELTE,15,0,0.765,15.178933,0.668877,0.635992,DIEEEE,0.5,0.5
1.0,8,12,cambria.ttc,DJELTE,15,0,0.85,16.0,0.63662,0.603355,,1.0,0.0
0.1,32,12,cambria.ttc,DJELTE,15,0,0.085,5.059644,0.959381,1.907975,SA,1.0,0.0
0.2,32,12,cambria.ttc,DJELTE,15,0,0.17,7.155418,0.919759,1.349142,PRERE,0.666667,0.333333
0.3,32,12,cambria.ttc,DJELTE,15,0,0.255,8.763561,0.881116,1.10157,,1.0,0.0
0.4,32,12,cambria.ttc,DJELTE,15,0,0.34,10.119289,0.843436,0.953987,TDYEETE,0.5,0.5
0.5,32,12,cambria.ttc,DJELTE,15,0,0.425,11.313708,0.8067,0.853272,,1.0,0.0
0.6,32,12,cambria.ttc,DJELTE,15,0,0.51,12.393547,0.770893,0.778927,,1.0,0.0
0.7,32,12,cambria.ttc,DJELTE,15,0,0.595,13.38656,0.735998,0.721147,,1.0,0.0
0.8,32,12,cambria.ttc,DJELTE,15,0,0.68,14.310835,0.701998,0.674571,DIEETE,0.333333,0.666667
0.9,32,12,cambria.ttc,DJELTE,15,0,0.765,15.178933,0.668877,0.635992,DJEEFE,0.333333,0.666667
1.0,32,12,cambria.ttc,DJELTE,15,0,0.85,16.0,0.63662,0.603355,DJBETE,0.333333,0.666667
0.1,128,12,cambria.ttc,DJELTE,15,0,0.085,5.059644,0.959381,1.907975,,1.0,0.0
0.2,128,12,cambria.ttc,DJELTE,15,0,0.17,7.155418,0.919759,1.349142,,1.0,0.0
0.3,128,12,cambria.ttc,DJELTE,15,0,0.255,8.763561,0.881116,1.10157,DJELTE,0.0,1.0
0.4,128,12,cambria.ttc,DJELTE,15,0,0.34,10.119289,0.843436,0.953987,DJELTE,0.0,1.0
0.5,128,12,cambria.ttc,DJELTE,15,0,0.425,11.313708,0.8067,0.853272,DJELTE,0.0,1.0
0.6,128,12,cambria.ttc,DJELTE,15,0,0.51,12.393547,0.770893,0.778927,DJELTE,0.0,1.0
0.7,128,12,cambria.ttc,DJELTE,15,0,0.595,13.38656,0.735998,0.721147,DJELTE,0.0,1.0
0.8,128,12,cambria.ttc,DJELTE,15,0,0.68,14.310835,0.701998,0.674571,DJELTE,0.0,1.0
0.9,128,12,cambria.ttc,DJELTE,15,0,0.765,15.178933,0.668877,0.635992,DJELTE,0.0,1.0
1.0,128,12,cambria.ttc,DJELTE,15,0,0.85,16.0,0.63662,0.603355,DJELTE,0.0,1.0
0.1,512,12,cambria.ttc,DJELTE,15,0,0.085,5.059644,0.959381,1.907975,DJELTE,0.0,1.0
0.2,512,12,cambria.ttc,DJELTE,15,0,0.17,7.155418,0.919759,1.349142,DJELTE,0.0,1.0
0.3,512,12,cambria.ttc,DJELTE,15,0,0.255,8.763561,0.881116,1.10157,DJELTE,0.0,1.0
0.4,512,12,cambria.ttc,DJELTE,15,0,0.34,10.119289,0.843436,0.953987,DJELTE,0.0,1.0
0.5,512,12,cambria.ttc,DJELTE,15,0,0.425,11.313708,0.8067,0.853272,DJELTE,0.0,1.0
0.6,512,12,cambria.ttc,DJELTE,15,0,0.51,12.393547,0.770893,0.778927,DJELTE,0.0,1.0
0.7,512,12,cambria.ttc,DJELTE,15,0,0.595,13.38656,0.735998,0.721147,DJELTE,0.0,1.0
0.8,512,12,cambria.ttc,DJELTE,15,0,0.68,14.310835,0.701998,0.674571,DJELTE,0.0,1.0
0.9,512,12,cambria.ttc,DJELTE,15,0,0.765,15.178933,0.668877,0.635992,DJELTE,0.0,1.0
1.0,512,12,cambria.ttc,DJELTE,15,0,0.85,16.0,0.63662,0.603355,DJELTE,0.0,1.0
0.1,2048,12,cambria.ttc,DJELTE,15,0,0.085,5.059644,0.959381,1.907975,NJELTE,0.166667,0.833333
0.2,2048,12,cambria.ttc,DJELTE,15,0,0.17,7.155418,0.919759,1.349142,NJELTE,0.166667,0.833333
0.3,2048,12,cambria.ttc,DJELTE,15,0,0.255,8.763561,0.881116,1.10157,DJELTE,0.0,1.0
0.4,2048,12,cambria.ttc,DJELTE,15,0,0.34,10.119289,0.843436,0.953987,DJELTE,0.0,1.0
0.5,2048,12,cambria.ttc,DJELTE,15,0,0.425,11.313708,0.8067,0.853272,DJELTE,0.0,1.0
0.6,2048,12,cambria.ttc,DJELTE,15,0,0.51,12.393547,0.770893,0.778927,DJELTE,0.0,1.0
0.7,2048,12,cambria.ttc,DJELTE,15,0,0.595,13.38656,0.735998,0.721147,DJELTE,0.0,1.0
0.8,2048,12,cambria.ttc,DJELTE,15,0,0.68,14.310835,0.701998,0.674571,DJELTE,0.0,1.0
0.9,2048,12,cambria.ttc,DJELTE,15,0,0.765,15.178933,0.668877,0.635992,DJELTE,0.0,1.0
1.0,2048,12,cambria.ttc,DJELTE,15,0,0.85,16.0,0.63662,0.603355,DJELTE,0.0,1.0
0.1,8,12,cambria.ttc,DJELTE,15,15,0.085,5.059644,0.959381,1.907975,B,1.0,0.0
0.2,8,12,cambria.ttc,DJELTE,15,15,0.17,7.155418,0.919759,1.349142,,1.0,0.0
0.3,8,12,cambria.ttc,DJELTE,15,15,0.255,8.763561,0.881116,1.10157,,1.0,0.0
0.4,8,12,cambria.ttc,DJELTE,15,15,0.34,10.119289,0.843436,0.953987,,1.0,0.0
0.5,8,12,cambria.ttc,DJELTE,15,15,0.425,11.313708,0.8067,0.853272,,1.0,0.0
0.6,8,12,cambria.ttc,DJELTE,15,15,0.51,12.393547,0.770893,0.778927,DIBLER,0.666667,0.333333
0.7,8,12,cambria.ttc,DJELTE,15,15,0.595,13.38656,0.735998,0.721147,,1.0,0.0
0.8,8,12,cambria.ttc,DJELTE,15,15,0.68,14.310835,0.701998,0.674571,,1.0,0.0
0.9,8,12,cambria.ttc,DJELTE,15,15,0.765,15.178933,0.668877,0.635992,,1.0,0.0
1.0,8,12,cambria.ttc,DJELTE,15,15,0.85,16.0,0.63662,0.603355,,1.0,0.0
0.1,32,12,cambria.ttc,DJELTE,15,15,0.085,5.059644,0.959381,1.907975,,1.0,0.0
0.2,32,12,cambria.ttc,DJELTE,15,15,0.17,7.155418,0.919759,1.349142,,1.0,0.0
0.3,32,12,cambria.ttc,DJELTE,15,15,0.255,8.763561,0.881116,1.10157,,1.0,0.0
0.4,32,12,cambria.ttc,DJELTE,15,15,0.34,10.119289,0.843436,0.953987,,1.0,0.0
0.5,32,12,cambria.ttc,DJELTE,15,15,0.425,11.313708,0.8067,0.853272,,1.0,0.0
0.6,32,12,cambria.ttc,DJELTE,15,15,0.51,12.393547,0.770893,0.778927,,1.0,0.0
0.7,32,12,cambria.ttc,DJELTE,15,15,0.595,13.38656,0.735998,0.721147,DIELTE,0.166667,0.833333
0.8,32,12,cambria.ttc,DJELTE,15,15,0.68,14.310835,0.701998,0.674571,,1.0,0.0
0.9,32,12,cambria.ttc,DJELTE,15,15,0.765,15.178933,0.668877,0.635992,,1.0,0.0
1.0,32,12,cambria.ttc,DJELTE,15,15,0.85,16.0,0.63662,0.603355,DJELTE,0.0,1.0
0.1,128,12,cambria.ttc,DJELTE,15,15,0.085,5.059644,0.959381,1.907975,DIBETE,0.5,0.5
0.2,128,12,cambria.ttc,DJELTE,15,15,0.17,7.155418,0.919759,1.349142,,1.0,0.0
0.3,128,12,cambria.ttc,DJELTE,15,15,0.255,8.763561,0.881116,1.10157,DJELTE,0.0,1.0
0.4,128,12,cambria.ttc,DJELTE,15,15,0.34,10.119289,0.843436,0.953987,DJBLTE,0.166667,0.833333
0.5,128,12,cambria.ttc,DJELTE,15,15,0.425,11.313708,0.8067,0.853272,DJELTE,0.0,1.0
0.6,128,12,cambria.ttc,DJELTE,15,15,0.51,12.393547,0.770893,0.778927,DJELTE,0.0,1.0
0.7,128,12,cambria.ttc,DJELTE,15,15,0.595,13.38656,0.735998,0.721147,DJELTE,0.0,1.0
0.8,128,12,cambria.ttc,DJELTE,15,15,0.68,14.310835,0.701998,0.674571,DJELTE,0.0,1.0
0.9,128,12,cambria.ttc,DJELTE,15,15,0.765,15.178933,0.668877,0.635992,DJELTE,0.0,1.0
1.0,128,12,cambria.ttc,DJELTE,15,15,0.85,16.0,0.63662,0.603355,DJELTE,0.0,1.0
0.1,512,12,cambria.ttc,DJELTE,15,15,0.085,5.059644,0.959381,1.907975,DJELTE,0.0,1.0
0.2,512,12,cambria.ttc,DJELTE,15,15,0.17,7.155418,0.919759,1.349142,DJELTE,0.0,1.0
0.3,512,12,cambria.ttc,DJELTE,15,15,0.255,8.763561,0.881116,1.10157,DJELTE,0.0,1.0
0.4,512,12,cambria.ttc,DJELTE,15,15,0.34,10.119289,0.843436,0.953987,DJELTE,0.0,1.0
0.5,512,12,cambria.ttc,DJELTE,15,15,0.425,11.313708,0.8067,0.853272,DJELTE,0.0,1.0
0.6,512,12,cambria.ttc,DJELTE,15,15,0.51,12.393547,0.770893,0.778927,DJELTE,0.0,1.0
0.7,512,12,cambria.ttc,DJELTE,15,15,0.595,13.38656,0.735998,0.721147,DJELTE,0.0,1.0
0.8,512,12,cambria.ttc,DJELTE,15,15,0.68,14.310835,0.701998,0.674571,DJELTE,0.0,1.0
0.9,512,12,cambria.ttc,DJELTE,15,15,0.765,15.178933,0.668877,0.635992,DJELTE,0.0,1.0
1.0,512,12,cambria.ttc,DJELTE,15,15,0.85,16.0,0.63662,0.603355,DJELTE,0.0,1.0
0.1,2048,12,cambria.ttc,DJELTE,15,15,0.085,5.059644,0.959381,1.907975,DJELTE,0.0,1.0
0.2,2048,12,cambria.ttc,DJELTE,15,15,0.17,7.155418,0.919759,1.349142,DJELTE,0.0,1.0
0.3,2048,12,cambria.ttc,DJELTE,15,15,0.255,8.763561,0.881116,1.10157,DJELTE,0.0,1.0
0.4,2048,12,cambria.ttc,DJELTE,15,15,0.34,10.119289,0.843436,0.953987,DJELTE,0.0,1.0
0.5,2048,12,cambria.ttc,DJELTE,15,15,0.425,11.313708,0.8067,0.853272,DJELTE,0.0,1.0
0.6,2048,12,cambria.ttc,DJELTE,15,15,0.51,12.393547,0.770893,0.778927,DJELTE,0.0,1.0
0.7,2048,12,cambria.ttc,DJELTE,15,15,0.595,13.38656,0.735998,0.721147,DJELTE,0.0,1.0
0.8,2048,12,cambria.ttc,DJELTE,15,15,0.68,14.310835,0.701998,0.674571,DJELTE,0.0,1.0
0.9,2048,12,cambria.ttc,DJELTE,15,15,0.765,15.178933,0.668877,0.635992,DJELTE,0.0,1.0
1.0,2048,12,cambria.ttc,DJELTE,15,15,0.85,16.0,0.63662,0.603355,DJELTE,0.0,1.0
0.1,8,16,arial.ttf,999NG7,0,0,0.085,5.059644,0.959381,1.907975,,1.0,0.0
0.2,8,16,arial.ttf,999NG7,0,0,0.17,7.155418,0.919759,1.349142,,1.0,0.0
0.3,8,16,arial.ttf,999NG7,0,0,0.255,8.763561,0.881116,1.10157,,1.0,0.0
0.4,8,16,arial.ttf,999NG7,0,0,0.34,10.119289,0.843436,0.953987,,1.0,0.0
0.5,8,16,arial.ttf,999NG7,0,0,0.425,11.313708,0.8067,0.853272,,1.0,0.0
0.6,8,16,arial.ttf,999NG7,0,0,0.51,12.393547,0.770893,0.778927,,1.0,0.0
0.7,8,16,arial.ttf,999NG7,0,0,0.595,13.38656,0.735998,0.721147,,1.0,0.0
0.8,8,16,arial.ttf,999NG7,0,0,0.68,14.310835,0.701998,0.674571,,1.0,0.0
0.9,8,16,arial.ttf,999NG7,0,0,0.765,15.178933,0.668877,0.635992,OGONG7,0.5,0.5
1.0,8,16,arial.ttf,999NG7,0,0,0.85,16.0,0.63662,0.603355,,1.0,0.0
0.1,32,16,arial.ttf,999NG7,0,0,0.085,5.059644,0.959381,1.907975,,1.0,0.0
0.2,32,16,arial.ttf,999NG7,0,0,0.17,7.155418,0.919759,1.349142,,1.0,0.0
0.3,32,16,arial.ttf,999NG7,0,0,0.255,8.763561,0.881116,1.10157,S9ONGZ,0.5,0.5
0.4,32,16,arial.ttf,999NG7,0,0,0.34,10.119289,0.843436,0.953987,,1.0,0.0
0.5,32,16,arial.ttf,999NG7,0,0,0.425,11.313708,0.8067,0.853272,999NG7,0.0,1.0
0.6,32,16,arial.ttf,999NG7,0,0,0.51,12.393547,0.770893,0.778927,99ONG7,0.166667,0.833333
0.7,32,16,arial.ttf,999NG7,0,0,0.595,13.38656,0.735998,0.721147,QSONG7,0.5,0.5
0.8,32,16,arial.ttf,999NG7,0,0,0.68,14.310835,0.701998,0.674571,999NG7,0.0,1.0
0.9,32,16,arial.ttf,999NG7,0,0,0.765,15.178933,0.668877,0.635992,999NG7,0.0,1.0
1.0,32,16,arial.ttf,999NG7,0,0,0.85,16.0,0.63662,0.603355,999NG7,0.0,1.0
0.1,128,16,arial.ttf,999NG7,0,0,0.085,5.059644,0.959381,1.907975,,1.0,0.0
0.2,128,16,arial.ttf,999NG7,0,0,0.17,7.155418,0.919759,1.349142,999NG7,0.0,1.0
0.3,128,16,arial.ttf,999NG7,0,0,0.255,8.763561,0.881116,1.10157,999NG,0.166667,0.833333
0.4,128,16,arial.ttf,999NG7,0,0,0.34,10.119289,0.843436,0.953987,999NG7,0.0,1.0
0.5,128,16,arial.ttf,999NG7,0,0,0.425,11.313708,0.8067,0.853272,Q9ONG7,0.333333,0.666667
0.6,128,16,arial.ttf,999NG7,0,0,0.51,12.393547,0.770893,0.778927,999NG7,0.0,1.0
0.7,128,16,arial.ttf,999NG7,0,0,0.595,13.38656,0.735998,0.721147,999NG7,0.0,1.0
0.8,128,16,arial.ttf,999NG7,0,0,0.68,14.310835,0.701998,0.674571,999NG7,0.0,1.0
0.9,128,16,arial.ttf,999NG7,0,0,0.765,15.178933,0.668877,0.635992,999NG,0.166667,0.833333
1.0,128,16,arial.ttf,999NG7,0,0,0.85,16.0,0.63662,0.603355,999NG7,0.0,1.0
0.1,512,16,arial.ttf,999NG7,0,0,0.085,5.059644,0.959381,1.907975,999NG,0.166667,0.833333
0.2,512,16,arial.ttf,999NG7,0,0,0.17,7.155418,0.919759,1.349142,999NG,0.166667,0.833333
0.3,512,16,arial.ttf,999NG7,0,0,0.255,8.763561,0.881116,1.10157,999NG7,0.0,1.0
0.4,512,16,arial.ttf,999NG7,0,0,0.34,10.119289,0.843436,0.953987,999NG7,0.0,1.0
0.5,512,16,arial.ttf,999NG7,0,0,0.425,11.313708,0.8067,0.853272,999NG,0.166667,0.833333
0.6,512,16,arial.ttf,999NG7,0,0,0.51,12.393547,0.770893,0.778927,999NG7,0.0,1.0
0.7,512,16,arial.ttf,999NG7,0,0,0.595,13.38656,0.735998,0.721147,999NG,0.166667,0.833333
0.8,512,16,arial.ttf,999NG7,0,0,0.68,14.310835,0.701998,0.674571,999NG7,0.0,1.0
0.9,512,16,arial.ttf,999NG7,0,0,0.765,15.178933,0.668877,0.635992,999NG7,0.0,1.0
1.0,512,16,arial.ttf,999NG7,0,0,0.85,16.0,0.63662,0.603355,999NG7,0.0,1.0
0.1,2048,16,arial.ttf,999NG7,0,0,0.085,5.059644,0.959381,1.907975,999NG7,0.0,1.0
0.2,2048,16,arial.ttf,999NG7,0,0,0.17,7.155418,0.919759,1.349142,999NG,0.166667,0.833333
0.3,2048,16,arial.ttf,999NG7,0,0,0.255,8.763561,0.881116,1.10157,999NG,0.166667,0.833333
0.4,2048,16,arial.ttf,999NG7,0,0,0.34,10.119289,0.843436,0.953987,999NG7,0.0,1.0
0.5,2048,16,arial.ttf,999NG7,0,0,0.425,11.313708,0.8067,0.853272,999NG,0.166667,0.833333
0.6,2048,16,arial.ttf,999NG7,0,0,0.51,12.393547,0.770893,0.778927,999NG7,0.0,1.0
0.7,2048,16,arial.ttf,999NG7,0,0,0.595,13.38656,0.735998,0.721147,999NG7,0.0,1.0
0.8,2048,16,arial.ttf,999NG7,0,0,0.68,14.310835,0.701998,0.674571,999NG7,0.0,1.0
0.9,2048,16,arial.ttf,999NG7,0,0,0.765,15.178933,0.668877,0.635992,999NG7,0.0,1.0
1.0,2048,16,arial.ttf,999NG7,0,0,0.85,16.0,0.63662,0.603355,999NG7,0.0,1.0
0.1,8,16,arial.ttf,999NG7,0,15,0.085,5.059644,0.959381,1.907975,,1.0,0.0
0.2,8,16,arial.ttf,999NG7,0,15,0.17,7.155418,0.919759,1.349142,,1.0,0.0
0.3,8,16,arial.ttf,999NG7,0,15,0.255,8.763561,0.881116,1.10157,,1.0,0.0
0.4,8,16,arial.ttf,999NG7,0,15,0.34,10.119289,0.843436,0.953987,,1.0,0.0
0.5,8,16,arial.ttf,999NG7,0,15,0.425,11.313708,0.8067,0.853272,,1.0,0.0
0.6,8,16,arial.ttf,999NG7,0,15,0.51,12.393547,0.770893,0.778927,,1.0,0.0
0.7,8,16,arial.ttf,999NG7,0,15,0.595,13.38656,0.735998,0.721147,,1.0,0.0
0.8,8,16,arial.ttf,999NG7,0,15,0.68,14.310835,0.701998,0.674571,,1.0,0.0
0.9,8,16,arial.ttf,999NG7,0,15,0.765,15.178933,0.668877,0.635992,SOONGZ,0.666667,0.333333
1.0,8,16,arial.ttf,999NG7,0,15,0.85,16.0,0.63662,0.603355,,1.0,0.0
0.1,32,16,arial.ttf,999NG7,0,15,0.085,5.059644,0.959381,1.907975,,1.0,0.0
0.2,32,16,arial.ttf,999NG7,0,15,0.17,7.155418,0.919759,1.349142,,1.0,0.0
0.3,32,16,arial.ttf,999NG7,0,15,0.255,8.763561,0.881116,1.10157,,1.0,0.0
0.4,32,16,arial.ttf,999NG7,0,15,0.34,10.119289,0.843436,0.953987,,1.0,0.0
0.5,32,16,arial.ttf,999NG7,0,15,0.425,11.313708,0.8067,0.853272,,1.0,0.0
0.6,32,16,arial.ttf,999NG7,0,15,0.51,12.393547,0.770893,0.778927,,1.0,0.0
0.7,32,16,arial.ttf,999NG7,0,15,0.595,13.38656,0.735998,0.721147,Q99NG7,0.166667,0.833333
0.8,32,16,arial.ttf,999NG7,0,15,0.68,14.310835,0.701998,0.674571,9Q99NG7,0.166667,0.833333
0.9,32,16,arial.ttf,999NG7,0,15,0.765,15.178933,0.668877,0.635992,999NG7,0.0,1.0
1.0,32,16,arial.ttf,999NG7,0,15,0.85,16.0,0.63662,0.603355,999NG7,0.0,1.0
0.1,128,16,arial.ttf,999NG7,0,15,0.085,5.059644,0.959381,1.907975,QSONG7,0.5,0.5
0.2,128,16,arial.ttf,999NG7,0,15,0.17,7.155418,0.919759,1.349142,999NG7,0.0,1.0
0.3,128,16,arial.ttf,999NG7,0,15,0.255,8.763561,0.881116,1.10157,999NG7,0.0,1.0
0.4,128,16,arial.ttf,999NG7,0,15,0.34,10.119289,0.843436,0.953987,999NG7,0.0,1.0
0.5,128,16,arial.ttf,999NG7,0,15,0.425,11.313708,0.8067,0.853272,999ONG7,0.166667,0.833333
0.6,128,16,arial.ttf,999NG7,0,15,0.51,12.393547,0.770893,0.778927,999NG,0.166667,0.833333
0.7,128,16,arial.ttf,999NG7,0,15,0.595,13.38656,0.735998,0.721147,999NG,0.166667,0.833333
0.8,128,16,arial.ttf,999NG7,0,15,0.68,14.310835,0.701998,0.674571,999NG7,0.0,1.0
0.9,128,16,arial.ttf,999NG7,0,15,0.765,15.178933,0.668877,0.635992,999NG7,0.0,1.0
1.0,128,16,arial.ttf,999NG7,0,15,0.85,16.0,0.63662,0.603355,999NG7,0.0,1.0
0.1,512,16,arial.ttf,999NG7,0,15,0.085,5.059644,0.959381,1.907975,999NG,0.166667,0.833333
0.2,512,16,arial.ttf,999NG7,0,15,0.17,7.155418,0.919759,1.349142,999NG,0.166667,0.833333
0.3,512,16,arial.ttf,999NG7,0,15,0.255,8.763561,0.881116,1.10157,999NG,0.166667,0.833333
0.4,512,16,arial.ttf,999NG7,0,15,0.34,10.119289,0.843436,0.953987,999NG7,0.0,1.0
0.5,512,16,arial.ttf,999NG7,0,15,0.425,11.313708,0.8067,0.853272,999NG7,0.0,1.0
0.6,512,16,arial.ttf,999NG7,0,15,0.51,12.393547,0.770893,0.778927,999NG,0.166667,0.833333
0.7,512,16,arial.ttf,999NG7,0,15,0.595,13.38656,0.735998,0.721147,999NG7,0.0,1.0
0.8,512,16,arial.ttf,999NG7,0,15,0.68,14.310835,0.701998,0.674571,999NG7,0.0,1.0
0.9,512,16,arial.ttf,999NG7,0,15,0.765,15.178933,0.668877,0.635992,999NG,0.166667,0.833333
1.0,512,16,arial.ttf,999NG7,0,15,0.85,16.0,0.63662,0.603355,999NG,0.166667,0.833333
0.1,2048,16,arial.ttf,999NG7,0,15,0.085,5.059644,0.959381,1.907975,999NG7,0.0,1.0
0.2,2048,16,arial.ttf,999NG7,0,15,0.17,7.155418,0.919759,1.349142,999NG7,0.0,1.0
0.3,2048,16,arial.ttf,999NG7,0,15,0.255,8.763561,0.881116,1.10157,999NG7,0.0,1.0
0.4,2048,16,arial.ttf,999NG7,0,15,0.34,10.119289,0.843436,0.953987,999NG7,0.0,1.0
0.5,2048,16,arial.ttf,999NG7,0,15,0.425,11.313708,0.8067,0.853272,999NG7,0.0,1.0
0.6,2048,16,arial.ttf,999NG7,0,15,0.51,12.393547,0.770893,0.778927,999NG7,0.0,1.0
0.7,2048,16,arial.ttf,999NG7,0,15,0.595,13.38656,0.735998,0.721147,999NG,0.166667,0.833333
0.8,2048,16,arial.ttf,999NG7,0,15,0.68,14.310835,0.701998,0.674571,999NG7,0.0,1.0
0.9,2048,16,arial.ttf,999NG7,0,15,0.765,15.178933,0.668877,0.635992,999NG7,0.0,1.0
1.0,2048,16,arial.ttf,999NG7,0,15,0.85,16.0,0.63662,0.603355,999NG7,0.0,1.0
0.1,8,16,arial.ttf,999NG7,15,0,0.085,5.059644,0.959381,1.907975,,1.0,0.0
0.2,8,16,arial.ttf,999NG7,15,0,0.17,7.155418,0.919759,1.349142,RECO,1.0,0.0
0.3,8,16,arial.ttf,999NG7,15,0,0.255,8.763561,0.881116,1.10157,,1.0,0.0
0.4,8,16,arial.ttf,999NG7,15,0,0.34,10.119289,0.843436,0.953987,,1.0,0.0
0.5,8,16,arial.ttf,999NG7,15,0,0.425,11.313708,0.8067,0.853272,,1.0,0.0
0.6,8,16,arial.ttf,999NG7,15,0,0.51,12.393547,0.770893,0.778927,,1.0,0.0
0.7,8,16,arial.ttf,999NG7,15,0,0.595,13.38656,0.735998,0.721147,,1.0,0.0
0.8,8,16,arial.ttf,999NG7,15,0,0.68,14.310835,0.701998,0.674571,,1.0,0.0
0.9,8,16,arial.ttf,999NG7,15,0,0.765,15.178933,0.668877,0.635992,,1.0,0.0
1.0,8,16,arial.ttf,999NG7,15,0,0.85,16.0,0.63662,0.603355,,1.0,0.0
0.1,32,16,arial.ttf,999NG7,15,0,0.085,5.059644,0.959381,1.907975,,1.0,0.0
0.2,32,16,arial.ttf,999NG7,15,0,0.17,7.155418,0.919759,1.349142,,1.0,0.0
0.3,32,16,arial.ttf,999NG7,15,0,0.255,8.763561,0.881116,1.10157,S9ONGT,0.5,0.5
0.4,32,16,arial.ttf,999NG7,15,0,0.34,10.119289,0.843436,0.953987,Q99NG7,0.166667,0.833333
0.5,32,16,arial.ttf,999NG7,15,0,0.425,11.313708,0.8067,0.853272,,1.0,0.0
0.6,32,16,arial.ttf,999NG7,15,0,0.51,12.393547,0.770893,0.778927,,1.0,0.0
0.7,32,16,arial.ttf,999NG7,15,0,0.595,13.38656,0.735998,0.721147,999ONG7,0.166667,0.833333
0.8,32,16,arial.ttf,999NG7,15,0,0.68,14.310835,0.701998,0.674571,999NG7,0.0,1.0
0.9,32,16,arial.ttf,999NG7,15,0,0.765,15.178933,0.668877,0.635992,Q99NG7,0.166667,0.833333
1.0,32,16,arial.ttf,999NG7,15,0,0.85,16.0,0.63662,0.603355,999NG7,0.0,1.0
0.1,128,16,arial.ttf,999NG7,15,0,0.085,5.059644,0.959381,1.907975,,1.0,0.0
0.2,128,16,arial.ttf,999NG7,15,0,0.17,7.155418,0.919759,1.349142,Q99NG7,0.166667,0.833333
0.3,128,16,arial.ttf,999NG7,15,0,0.255,8.763561,0.881116,1.10157,9Q99NG7,0.166667,0.833333
0.4,128,16,arial.ttf,999NG7,15,0,0.34,10.119289,0.843436,0.953987,999ONG7,0.166667,0.833333
0.5,128,16,arial.ttf,999NG7,15,0,0.425,11.313708,0.8067,0.853272,999ONG,0.333333,0.666667
0.6,128,16,arial.ttf,999NG7,15,0,0.51,12.393547,0.770893,0.778927,999NG7,0.0,1.0
0.7,128,16,arial.ttf,999NG7,15,0,0.595,13.38656,0.735998,0.721147,999NG7,0.0,1.0
0.8,128,16,arial.ttf,999NG7,15,0,0.68,14.310835,0.701998,0.674571,999NG7,0.0,1.0
0.9,128,16,arial.ttf,999NG7,15,0,0.765,15.178933,0.668877,0.635992,999NG7,0.0,1.0
1.0,128,16,arial.ttf,999NG7,15,0,0.85,16.0,0.63662,0.603355,999NG7,0.0,1.0
0.1,512,16,arial.ttf,999NG7,15,0,0.085,5.059644,0.959381,1.907975,999NG7,0.0,1.0
0.2,512,16,arial.ttf,999NG7,15,0,0.17,7.155418,0.919759,1.349142,999NG,0.166667,0.833333
0.3,512,16,arial.ttf,999NG7,15,0,0.255,8.763561,0.881116,1.10157,999NG,0.166667,0.833333
0.4,512,16,arial.ttf,999NG7,15,0,0.34,10.119289,0.843436,0.953987,999NG7,0.0,1.0
0.5,512,16,arial.ttf,999NG7,15,0,0.425,11.313708,0.8067,0.853272,999NG,0.166667,0.833333
0.6,512,16,arial.ttf,999NG7,15,0,0.51,12.393547,0.770893,0.778927,999NG,0.166667,0.833333
0.7,512,16,arial.ttf,999NG7,15,0,0.595,13.38656,0.735998,0.721147,999NG7,0.0,1.0
0.8,512,16,arial.ttf,999NG7,15,0,0.68,14.310835,0.701998,0.674571,999NG,0.166667,0.833333
0.9,512,16,arial.ttf,999NG7,15,0,0.765,15.178933,0.668877,0.635992,999NG,0.166667,0.833333
1.0,512,16,arial.ttf,999NG7,15,0,0.85,16.0,0.63662,0.603355,999NG7,0.0,1.0
0.1,2048,16,arial.ttf,999NG7,15,0,0.085,5.059644,0.959381,1.907975,999NG,0.166667,0.833333
0.2,2048,16,arial.ttf,999NG7,15,0,0.17,7.155418,0.919759,1.349142,999NG,0.166667,0.833333
0.3,2048,16,arial.ttf,999NG7,15,0,0.255,8.763561,0.881116,1.10157,999NG,0.166667,0.833333
0.4,2048,16,arial.ttf,999NG7,15,0,0.34,10.119289,0.843436,0.953987,999NG,0.166667,0.833333
0.5,2048,16,arial.ttf,999NG7,15,0,0.425,11.313708,0.8067,0.853272,999NG,0.166667,0.833333
0.6,2048,16,arial.ttf,999NG7,15,0,0.51,12.393547,0.770893,0.778927,999NG,0.166667,0.833333
0.7,2048,16,arial.ttf,999NG7,15,0,0.595,13.38656,0.735998,0.721147,999NG,0.166667,0.833333
0.8,2048,16,arial.ttf,999NG7,15,0,0.68,14.310835,0.701998,0.674571,999NG7,0.0,1.0
0.9,2048,16,arial.ttf,999NG7,15,0,0.765,15.178933,0.668877,0.635992,999NG7,0.0,1.0
1.0,2048,16,arial.ttf,999NG7,15,0,0.85,16.0,0.63662,0.603355,999NG7,0.0,1.0
0.1,8,16,arial.ttf,999NG7,15,15,0.085,5.059644,0.959381,1.907975,,1.0,0.0
0.2,8,16,arial.ttf,999NG7,15,15,0.17,7.155418,0.919759,1.349142,,1.0,0.0
0.3,8,16,arial.ttf,999NG7,15,15,0.255,8.763561,0.881116,1.10157,,1.0,0.0
0.4,8,16,arial.ttf,999NG7,15,15,0.34,10.119289,0.843436,0.953987,,1.0,0.0
0.5,8,16,arial.ttf,999NG7,15,15,0.425,11.313708,0.8067,0.853272,,1.0,0.0
0.6,8,16,arial.ttf,999NG7,15,15,0.51,12.393547,0.770893,0.778927,,1.0,0.0
0.7,8,16,arial.ttf,999NG7,15,15,0.595,13.38656,0.735998,0.721147,,1.0,0.0
0.8,8,16,arial.ttf,999NG7,15,15,0.68,14.310835,0.701998,0.674571,,1.0,0.0
0.9,8,16,arial.ttf,999NG7,15,15,0.765,15.178933,0.668877,0.635992,,1.0,0.0
1.0,8,16,arial.ttf,999NG7,15,15,0.85,16.0,0.63662,0.603355,OGONGT,0.666667,0.333333
0.1,32,16,arial.ttf,999NG7,15,15,0.085,5.059644,0.959381,1.907975,,1.0,0.0
0.2,32,16,arial.ttf,999NG7,15,15,0.17,7.155418,0.919759,1.349142,,1.0,0.0
0.3,32,16,arial.ttf,999NG7,15,15,0.255,8.763561,0.881116,1.10157,,1.0,0.0
0.4,32,16,arial.ttf,999NG7,15,15,0.34,10.119289,0.843436,0.953987,SOS9NG7,0.5,0.5
0.5,32,16,arial.ttf,999NG7,15,15,0.425,11.313708,0.8067,0.853272,OQ99NGT,0.5,0.5
0.6,32,16,arial.ttf,999NG7,15,15,0.51,12.393547,0.770893,0.778927,,1.0,0.0
0.7,32,16,arial.ttf,999NG7,15,15,0.595,13.38656,0.735998,0.721147,,1.0,0.0
0.8,32,16,arial.ttf,999NG7,15,15,0.68,14.310835,0.701998,0.674571,999NG7,0.0,1.0
0.9,32,16,arial.ttf,999NG7,15,15,0.765,15.178933,0.668877,0.635992,9Q9S9NG7,0.333333,0.666667
1.0,32,16,arial.ttf,999NG7,15,15,0.85,16.0,0.63662,0.603355,999NG7,0.0,1.0
0.1,128,16,arial.ttf,999NG7,15,15,0.085,5.059644,0.959381,1.907975,,1.0,0.0
0.2,128,16,arial.ttf,999NG7,15,15,0.17,7.155418,0.919759,1.349142,999NG7,0.0,1.0
0.3,128,16,arial.ttf,999NG7,15,15,0.255,8.763561,0.881116,1.10157,QOQOONGS,1.0,0.0
0.4,128,16,arial.ttf,999NG7,15,15,0.34,10.119289,0.843436,0.953987,999NGS,0.166667,0.833333
0.5,128,16,arial.ttf,999NG7,15,15,0.425,11.313708,0.8067,0.853272,999NG7,0.0,1.0
0.6,128,16,arial.ttf,999NG7,15,15,0.51,12.393547,0.770893,0.778927,999NG7,0.0,1.0
0.7,128,16,arial.ttf,999NG7,15,15,0.595,13.38656,0.735998,0.721147,999NG7,0.0,1.0
0.8,128,16,arial.ttf,999NG7,15,15,0.68,14.310835,0.701998,0.674571,999NG,0.166667,0.833333
0.9,128,16,arial.ttf,999NG7,15,15,0.765,15.178933,0.668877,0.635992,999NG7,0.0,1.0
1.0,128,16,arial.ttf,999NG7,15,15,0.85,16.0,0.63662,0.603355,999NG,0.166667,0.833333
0.1,512,16,arial.ttf,999NG7,15,15,0.085,5.059644,0.959381,1.907975,999NG,0.166667,0.833333
0.2,512,16,arial.ttf,999NG7,15,15,0.17,7.155418,0.919759,1.349142,999NG,0.166667,0.833333
0.3,512,16,arial.ttf,999NG7,15,15,0.255,8.763561,0.881116,1.10157,999NG,0.166667,0.833333
0.4,512,16,arial.ttf,999NG7,15,15,0.34,10.119289,0.843436,0.953987,999NG,0.166667,0.833333
0.5,512,16,arial.ttf,999NG7,15,15,0.425,11.313708,0.8067,0.853272,999NG,0.166667,0.833333
0.6,512,16,arial.ttf,999NG7,15,15,0.51,12.393547,0.770893,0.778927,999NG,0.166667,0.833333
0.7,512,16,arial.ttf,999NG7,15,15,0.595,13.38656,0.735998,0.721147,999NG7,0.0,1.0
0.8,512,16,arial.ttf,999NG7,15,15,0.68,14.310835,0.701998,0.674571,999NG,0.166667,0.833333
0.9,512,16,arial.ttf,999NG7,15,15,0.765,15.178933,0.668877,0.635992,S999NG,0.333333,0.666667
1.0,512,16,arial.ttf,999NG7,15,15,0.85,16.0,0.63662,0.603355,999ONG7,0.166667,0.833333
0.1,2048,16,arial.ttf,999NG7,15,15,0.085,5.059644,0.959381,1.907975,999NG7,0.0,1.0
0.2,2048,16,arial.ttf,999NG7,15,15,0.17,7.155418,0.919759,1.349142,999NG,0.166667,0.833333
0.3,2048,16,arial.ttf,999NG7,15,15,0.255,8.763561,0.881116,1.10157,999NG7,0.0,1.0
0.4,2048,16,arial.ttf,999NG7,15,15,0.34,10.119289,0.843436,0.953987,999NG,0.166667,0.833333
0.5,2048,16,arial.ttf,999NG7,15,15,0.425,11.313708,0.8067,0.853272,999NG,0.166667,0.833333
0.6,2048,16,arial.ttf,999NG7,15,15,0.51,12.393547,0.770893,0.778927,999NG,0.166667,0.833333
0.7,2048,16,arial.ttf,999NG7,15,15,0.595,13.38656,0.735998,0.721147,999NG7,0.0,1.0
0.8,2048,16,arial.ttf,999NG7,15,15,0.68,14.310835,0.701998,0.674571,999NG,0.166667,0.833333
0.9,2048,16,arial.ttf,999NG7,15,15,0.765,15.178933,0.668877,0.635992,S999ONG,0.5,0.5
1.0,2048,16,arial.ttf,999NG7,15,15,0.85,16.0,0.63662,0.603355,S999NG,0.333333,0.666667
0.1,8,16,arial.ttf,DJELTE,0,0,0.085,5.059644,0.959381,1.907975,,1.0,0.0
0.2,8,16,arial.ttf,DJELTE,0,0,0.17,7.155418,0.919759,1.349142,B,1.0,0.0
0.3,8,16,arial.ttf,DJELTE,0,0,0.255,8.763561,0.881116,1.10157,TEB,0.833333,0.166667
0.4,8,16,arial.ttf,DJELTE,0,0,0.34,10.119289,0.843436,0.953987,,1.0,0.0
0.5,8,16,arial.ttf,DJELTE,0,0,0.425,11.313708,0.8067,0.853272,,1.0,0.0
0.6,8,16,arial.ttf,DJELTE,0,0,0.51,12.393547,0.770893,0.778927,,1.0,0.0
0.7,8,16,arial.ttf,DJELTE,0,0,0.595,13.38656,0.735998,0.721147,,1.0,0.0
0.8,8,16,arial.ttf,DJELTE,0,0,0.68,14.310835,0.701998,0.674571,,1.0,0.0
0.9,8,16,arial.ttf,DJELTE,0,0,0.765,15.178933,0.668877,0.635992,PJELTE,0.166667,0.833333
1.0,8,16,arial.ttf,DJELTE,0,0,0.85,16.0,0.63662,0.603355,,1.0,0.0
0.1,32,16,arial.ttf,DJELTE,0,0,0.085,5.059644,0.959381,1.907975,,1.0,0.0
0.2,32,16,arial.ttf,DJELTE,0,0,0.17,7.155418,0.919759,1.349142,,1.0,0.0
0.3,32,16,arial.ttf,DJELTE,0,0,0.255,8.763561,0.881116,1.10157,,1.0,0.0
0.4,32,16,arial.ttf,DJELTE,0,0,0.34,10.119289,0.843436,0.953987,,1.0,0.0
0.5,32,16,arial.ttf,DJELTE,0,0,0.425,11.313708,0.8067,0.853272,DJELTE,0.0,1.0
0.6,32,16,arial.ttf,DJELTE,0,0,0.51,12.393547,0.770893,0.778927,,1.0,0.0
0.7,32,16,arial.ttf,DJELTE,0,0,0.595,13.38656,0.735998,0.721147,DJELTE,0.0,1.0
0.8,32,16,arial.ttf,DJELTE,0,0,0.68,14.310835,0.701998,0.674571,DJELTE,0.0,1.0
0.9,32,16,arial.ttf,DJELTE,0,0,0.765,15.178933,0.668877,0.635992,DJELTE,0.0,1.0
1.0,32,16,arial.ttf,DJELTE,0,0,0.85,16.0,0.63662,0.603355,DJELTE,0.0,1.0
0.1,128,16,arial.ttf,DJELTE,0,0,0.085,5.059644,0.959381,1.907975,,1.0,0.0
0.2,128,16,arial.ttf,DJELTE,0,0,0.17,7.155418,0.919759,1.349142,DJELTE,0.0,1.0
0.3,128,16,arial.ttf,DJELTE,0,0,0.255,8.763561,0.881116,1.10157,DJELTE,0.0,1.0
0.4,128,16,arial.ttf,DJELTE,0,0,0.34,10.119289,0.843436,0.953987,DJELTE,0.0,1.0
0.5,128,16,arial.ttf,DJELTE,0,0,0.425,11.313708,0.8067,0.853272,DJELTE,0.0,1.0
0.6,128,16,arial.ttf,DJELTE,0,0,0.51,12.393547,0.770893,0.778927,DJELTE,0.0,1.0
0.7,128,16,arial.ttf,DJELTE,0,0,0.595,13.38656,0.735998,0.721147,DJELTE,0.0,1.0
0.8,128,16,arial.ttf,DJELTE,0,0,0.68,14.310835,0.701998,0.674571,DJELTE,0.0,1.0
0.9,128,16,arial.ttf,DJELTE,0,0,0.765,15.178933,0.668877,0.635992,DJELTE,0.0,1.0
1.0,128,16,arial.ttf,DJELTE,0,0,0.85,16.0,0.63662,0.603355,DJELTE,0.0,1.0
0.1,512,16,arial.ttf,DJELTE,0,0,0.085,5.059644,0.959381,1.907975,DJELTE,0.0,1.0
0.2,512,16,arial.ttf,DJELTE,0,0,0.17,7.155418,0.919759,1.349142,DJELTE,0.0,1.0
0.3,512,16,arial.ttf,DJELTE,0,0,0.255,8.763561,0.881116,1.10157,DJELTE,0.0,1.0
0.4,512,16,arial.ttf,DJELTE,0,0,0.34,10.119289,0.843436,0.953987,DJELTE,0.0,1.0
0.5,512,16,arial.ttf,DJELTE,0,0,0.425,11.313708,0.8067,0.853272,DJELTE,0.0,1.0
0.6,512,16,arial.ttf,DJELTE,0,0,0.51,12.393547,0.770893,0.778927,DJELTE,0.0,1.0
0.7,512,16,arial.ttf,DJELTE,0,0,0.595,13.38656,0.735998,0.721147,DJELTE,0.0,1.0
0.8,512,16,arial.ttf,DJELTE,0,0,0.68,14.310835,0.701998,0.674571,DJELTE,0.0,1.0
0.9,512,16,arial.ttf,DJELTE,0,0,0.765,15.178933,0.668877,0.635992,DJELTE,0.0,1.0
1.0,512,16,arial.ttf,DJELTE,0,0,0.85,16.0,0.63662,0.603355,DJELTE,0.0,1.0
0.1,2048,16,arial.ttf,DJELTE,0,0,0.085,5.059644,0.959381,1.907975,DJELTE,0.0,1.0
0.2,2048,16,arial.ttf,DJELTE,0,0,0.17,7.155418,0.919759,1.349142,DJELTE,0.0,1.0
0.3,2048,16,arial.ttf,DJELTE,0,0,0.255,8.763561,0.881116,1.10157,DJELTE,0.0,1.0
0.4,2048,16,arial.ttf,DJELTE,0,0,0.34,10.119289,0.843436,0.953987,DJELTE,0.0,1.0
0.5,2048,16,arial.ttf,DJELTE,0,0,0.425,11.313708,0.8067,0.853272,DJELTE,0.0,1.0
0.6,2048,16,arial.ttf,DJELTE,0,0,0.51,12.393547,0.770893,0.778927,DJELTE,0.0,1.0
0.7,2048,16,arial.ttf,DJELTE,0,0,0.595,13.38656,0.735998,0.721147,DJELTE,0.0,1.0
0.8,2048,16,arial.ttf,DJELTE,0,0,0.68,14.310835,0.701998,0.674571,DJELTE,0.0,1.0
0.9,2048,16,arial.ttf,DJELTE,0,0,0.765,15.178933,0.668877,0.635992,DJELTE,0.0,1.0
1.0,2048,16,arial.ttf,DJELTE,0,0,0.85,16.0,0.63662,0.603355,DJELTE,0.0,1.0
0.1,8,16,arial.ttf,DJELTE,0,15,0.085,5.059644,0.959381,1.907975,,1.0,0.0
0.2,8,16,arial.ttf,DJELTE,0,15,0.17,7.155418,0.919759,1.349142,,1.0,0.0
0.3,8,16,arial.ttf,DJELTE,0,15,0.255,8.763561,0.881116,1.10157,,1.0,0.0
0.4,8,16,arial.ttf,DJELTE,0,15,0.34,10.119289,0.843436,0.953987,,1.0,0.0
0.5,8,16,arial.ttf,DJELTE,0,15,0.425,11.313708,0.8067,0.853272,PIETE,0.5,0.5
0.6,8,16,arial.ttf,DJELTE,0,15,0.51,12.393547,0.770893,0.778927,,1.0,0.0
0.7,8,16,arial.ttf,DJELTE,0,15,0.595,13.38656,0.735998,0.721147,,1.0,0.0
0.8,8,16,arial.ttf,DJELTE,0,15,0.68,14.310835,0.701998,0.674571,,1.0,0.0
0.9,8,16,arial.ttf,DJELTE,0,15,0.765,15.178933,0.668877,0.635992,,1.0,0.0
1.0,8,16,arial.ttf,DJELTE,0,15,0.85,16.0,0.63662,0.603355,,1.0,0.0
0.1,32,16,arial.ttf,DJELTE,0,15,0.085,5.059644,0.959381,1.907975,,1.0,0.0
0.2,32,16,arial.ttf,DJELTE,0,15,0.17,7.155418,0.919759,1.349142,,1.0,0.0
0.3,32,16,arial.ttf,DJELTE,0,15,0.255,8.763561,0.881116,1.10157,,1.0,0.0
0.4,32,16,arial.ttf,DJELTE,0,15,0.34,10.119289,0.843436,0.953987,,1.0,0.0
0.5,32,16,arial.ttf,DJELTE,0,15,0.425,11.313708,0.8067,0.853272,DJELTE,0.0,1.0
0.6,32,16,arial.ttf,DJELTE,0,15,0.51,12.393547,0.770893,0.778927,,1.0,0.0
0.7,32,16,arial.ttf,DJELTE,0,15,0.595,13.38656,0.735998,0.721147,DJELTE,0.0,1.0
0.8,32,16,arial.ttf,DJELTE,0,15,0.68,14.310835,0.701998,0.674571,DJELTE,0.0,1.0
0.9,32,16,arial.ttf,DJELTE,0,15,0.765,15.178933,0.668877,0.635992,DJELTE,0.0,1.0
1.0,32,16,arial.ttf,DJELTE,0,15,0.85,16.0,0.63662,0.603355,DJELTE,0.0,1.0
0.1,128,16,arial.ttf,DJELTE,0,15,0.085,5.059644,0.959381,1.907975,,1.0,0.0
0.2,128,16,arial.ttf,DJELTE,0,15,0.17,7.155418,0.919759,1.349142,DJELTE,0.0,1.0
0.3,128,16,arial.ttf,DJELTE,0,15,0.255,8.763561,0.881116,1.10157,DJELTE,0.0,1.0
0.4,128,16,arial.ttf,DJELTE,0,15,0.34,10.119289,0.843436,0.953987,DJELTE,0.0,1.0
0.5,128,16,arial.ttf,DJELTE,0,15,0.425,11.313708,0.8067,0.853272,DJELTE,0.0,1.0
0.6,128,16,arial.ttf,DJELTE,0,15,0.51,12.393547,0.770893,0.778927,DJELTE,0.0,1.0
0.7,128,16,arial.ttf,DJELTE,0,15,0.595,13.38656,0.735998,0.721147,DJELTE,0.0,1.0
0.8,128,16,arial.ttf,DJELTE,0,15,0.68,14.310835,0.701998,0.674571,DJELTE,0.0,1.0
0.9,128,16,arial.ttf,DJELTE,0,15,0.765,15.178933,0.668877,0.635992,DJELTE,0.0,1.0
1.0,128,16,arial.ttf,DJELTE,0,15,0.85,16.0,0.63662,0.603355,DJELTE,0.0,1.0
0.1,512,16,arial.ttf,DJELTE,0,15,0.085,5.059644,0.959381,1.907975,DJELTE,0.0,1.0
0.2,512,16,arial.ttf,DJELTE,0,15,0.17,7.155418,0.919759,1.349142,DJELTE,0.0,1.0
0.3,512,16,arial.ttf,DJELTE,0,15,0.255,8.763561,0.881116,1.10157,DJELTE,0.0,1.0
0.4,512,16,arial.ttf,DJELTE,0,15,0.34,10.119289,0.843436,0.953987,DJELTE,0.0,1.0
0.5,512,16,arial.ttf,DJELTE,0,15,0.425,11.313708,0.8067,0.853272,DJELTE,0.0,1.0
0.6,512,16,arial.ttf,DJELTE,0,15,0.51,12.393547,0.770893,0.778927,DJELTE,0.0,1.0
0.7,512,16,arial.ttf,DJELTE,0,15,0.595,13.38656,0.735998,0.721147,DJELTE,0.0,1.0
0.8,512,16,arial.ttf,DJELTE,0,15,0.68,14.310835,0.701998,0.674571,DJELTE,0.0,1.0
0.9,512,16,arial.ttf,DJELTE,0,15,0.765,15.178933,0.668877,0.635992,DJELTE,0.0,1.0
1.0,512,16,arial.ttf,DJELTE,0,15,0.85,16.0,0.63662,0.603355,DJELTE,0.0,1.0
0.1,2048,16,arial.ttf,DJELTE,0,15,0.085,5.059644,0.959381,1.907975,DJELTE,0.0,1.0
0.2,2048,16,arial.ttf,DJELTE,0,15,0.17,7.155418,0.919759,1.349142,DJELTE,0.0,1.0
0.3,2048,16,arial.ttf,DJELTE,0,15,0.255,8.763561,0.881116,1.10157,DJELTE,0.0,1.0
0.4,2048,16,arial.ttf,DJELTE,0,15,0.34,10.119289,0.843436,0.953987,DJELTE,0.0,1.0
0.5,2048,16,arial.ttf,DJELTE,0,15,0.425,11.313708,0.8067,0.853272,DJELTE,0.0,1.0
0.6,2048,16,arial.ttf,DJELTE,0,15,0.51,12.393547,0.770893,0.778927,DJELTE,0.0,1.0
0.7,2048,16,arial.ttf,DJELTE,0,15,0.595,13.38656,0.735998,0.721147,DJELTE,0.0,1.0
0.8,2048,16,arial.ttf,DJELTE,0,15,0.68,14.310835,0.701998,0.674571,DJELTE,0.0,1.0
0.9,2048,16,arial.ttf,DJELTE,0,15,0.765,15.178933,0.668877,0.635992,DJELTE,0.0,1.0
1.0,2048,16,arial.ttf,DJELTE,0,15,0.85,16.0,0.63662,0.603355,DIJELTLE,0.333333,0.666667
0.1,8,16,arial.ttf,DJELTE,15,0,0.085,5.059644,0.959381,1.907975,,1.0,0.0
0.2,8,16,arial.ttf,DJELTE,15,0,0.17,7.155418,0.919759,1.349142,,1.0,0.0
0.3,8,16,arial.ttf,DJELTE,15,0,0.255,8.763561,0.881116,1.10157,,1.0,0.0
0.4,8,16,arial.ttf,DJELTE,15,0,0.34,10.119289,0.843436,0.953987,,1.0,0.0
0.5,8,16,arial.ttf,DJELTE,15,0,0.425,11.313708,0.8067,0.853272,,1.0,0.0
0.6,8,16,arial.ttf,DJELTE,15,0,0.51,12.393547,0.770893,0.778927,,1.0,0.0
0.7,8,16,arial.ttf,DJELTE,15,0,0.595,13.38656,0.735998,0.721147,,1.0,0.0
0.8,8,16,arial.ttf,DJELTE,15,0,0.68,14.310835,0.701998,0.674571,,1.0,0.0
0.9,8,16,arial.ttf,DJELTE,15,0,0.765,15.178933,0.668877,0.635992,,1.0,0.0
1.0,8,16,arial.ttf,DJELTE,15,0,0.85,16.0,0.63662,0.603355,DIELTE,0.166667,0.833333
0.1,32,16,arial.ttf,DJELTE,15,0,0.085,5.059644,0.959381,1.907975,,1.0,0.0
0.2,32,16,arial.ttf,DJELTE,15,0,0.17,7.155418,0.919759,1.349142,,1.0,0.0
0.3,32,16,arial.ttf,DJELTE,15,0,0.255,8.763561,0.881116,1.10157,,1.0,0.0
0.4,32,16,arial.ttf,DJELTE,15,0,0.34,10.119289,0.843436,0.953987,,1.0,0.0
0.5,32,16,arial.ttf,DJELTE,15,0,0.425,11.313708,0.8067,0.853272,,1.0,0.0
0.6,32,16,arial.ttf,DJELTE,15,0,0.51,12.393547,0.770893,0.778927,DJELTE,0.0,1.0
0.7,32,16,arial.ttf,DJELTE,15,0,0.595,13.38656,0.735998,0.721147,DJELTE,0.0,1.0
0.8,32,16,arial.ttf,DJELTE,15,0,0.68,14.310835,0.701998,0.674571,DJELTE,0.0,1.0
0.9,32,16,arial.ttf,DJELTE,15,0,0.765,15.178933,0.668877,0.635992,DJELTE,0.0,1.0
1.0,32,16,arial.ttf,DJELTE,15,0,0.85,16.0,0.63662,0.603355,DJELTE,0.0,1.0
0.1,128,16,arial.ttf,DJELTE,15,0,0.085,5.059644,0.959381,1.907975,DBJELTE,0.166667,0.833333
0.2,128,16,arial.ttf,DJELTE,15,0,0.17,7.155418,0.919759,1.349142,DJELTE,0.0,1.0
0.3,128,16,arial.ttf,DJELTE,15,0,0.255,8.763561,0.881116,1.10157,DJELTE,0.0,1.0
0.4,128,16,arial.ttf,DJELTE,15,0,0.34,10.119289,0.843436,0.953987,DJELTE,0.0,1.0
0.5,128,16,arial.ttf,DJELTE,15,0,0.425,11.313708,0.8067,0.853272,DJELTE,0.0,1.0
0.6,128,16,arial.ttf,DJELTE,15,0,0.51,12.393547,0.770893,0.778927,DJELTE,0.0,1.0
0.7,128,16,arial.ttf,DJELTE,15,0,0.595,13.38656,0.735998,0.721147,DJELTE,0.0,1.0
0.8,128,16,arial.ttf,DJELTE,15,0,0.68,14.310835,0.701998,0.674571,DJELTE,0.0,1.0
0.9,128,16,arial.ttf,DJELTE,15,0,0.765,15.178933,0.668877,0.635992,DJELTE,0.0,1.0
1.0,128,16,arial.ttf,DJELTE,15,0,0.85,16.0,0.63662,0.603355,DJELTE,0.0,1.0
0.1,512,16,arial.ttf,DJELTE,15,0,0.085,5.059644,0.959381,1.907975,DJELTE,0.0,1.0
0.2,512,16,arial.ttf,DJELTE,15,0,0.17,7.155418,0.919759,1.349142,DJELTE,0.0,1.0
0.3,512,16,arial.ttf,DJELTE,15,0,0.255,8.763561,0.881116,1.10157,DJELTE,0.0,1.0
0.4,512,16,arial.ttf,DJELTE,15,0,0.34,10.119289,0.843436,0.953987,DJELTE,0.0,1.0
0.5,512,16,arial.ttf,DJELTE,15,0,0.425,11.313708,0.8067,0.853272,DJELTE,0.0,1.0
0.6,512,16,arial.ttf,DJELTE,15,0,0.51,12.393547,0.770893,0.778927,DJELTE,0.0,1.0
0.7,512,16,arial.ttf,DJELTE,15,0,0.595,13.38656,0.735998,0.721147,DJELTE,0.0,1.0
0.8,512,16,arial.ttf,DJELTE,15,0,0.68,14.310835,0.701998,0.674571,DJELTE,0.0,1.0
0.9,512,16,arial.ttf,DJELTE,15,0,0.765,15.178933,0.668877,0.635992,DJELTE,0.0,1.0
1.0,512,16,arial.ttf,DJELTE,15,0,0.85,16.0,0.63662,0.603355,DJELTE,0.0,1.0
0.1,2048,16,arial.ttf,DJELTE,15,0,0.085,5.059644,0.959381,1.907975,DJELTE,0.0,1.0
0.2,2048,16,arial.ttf,DJELTE,15,0,0.17,7.155418,0.919759,1.349142,DJELTE,0.0,1.0
0.3,2048,16,arial.ttf,DJELTE,15,0,0.255,8.763561,0.881116,1.10157,DJELTE,0.0,1.0
0.4,2048,16,arial.ttf,DJELTE,15,0,0.34,10.119289,0.843436,0.953987,DJELTE,0.0,1.0
0.5,2048,16,arial.ttf,DJELTE,15,0,0.425,11.313708,0.8067,0.853272,DJELTE,0.0,1.0
0.6,2048,16,arial.ttf,DJELTE,15,0,0.51,12.393547,0.770893,0.778927,DJELTE,0.0,1.0
0.7,2048,16,arial.ttf,DJELTE,15,0,0.595,13.38656,0.735998,0.721147,DJELTE,0.0,1.0
0.8,2048,16,arial.ttf,DJELTE,15,0,0.68,14.310835,0.701998,0.674571,DJELTE,0.0,1.0
0.9,2048,16,arial.ttf,DJELTE,15,0,0.765,15.178933,0.668877,0.635992,DJELTE,0.0,1.0
1.0,2048,16,arial.ttf,DJELTE,15,0,0.85,16.0,0.63662,0.603355,DJELTE,0.0,1.0
0.1,8,16,arial.ttf,DJELTE,15,15,0.085,5.059644,0.959381,1.907975,EOS,0.833333,0.166667
0.2,8,16,arial.ttf,DJELTE,15,15,0.17,7.155418,0.919759,1.349142,,1.0,0.0
0.3,8,16,arial.ttf,DJELTE,15,15,0.255,8.763561,0.881116,1.10157,,1.0,0.0
0.4,8,16,arial.ttf,DJELTE,15,15,0.34,10.119289,0.843436,0.953987,,1.0,0.0
0.5,8,16,arial.ttf,DJELTE,15,15,0.425,11.313708,0.8067,0.853272,,1.0,0.0
0.6,8,16,arial.ttf,DJELTE,15,15,0.51,12.393547,0.770893,0.778927,,1.0,0.0
0.7,8,16,arial.ttf,DJELTE,15,15,0.595,13.38656,0.735998,0.721147,,1.0,0.0
0.8,8,16,arial.ttf,DJELTE,15,15,0.68,14.310835,0.701998,0.674571,,1.0,0.0
0.9,8,16,arial.ttf,DJELTE,15,15,0.765,15.178933,0.668877,0.635992,,1.0,0.0
1.0,8,16,arial.ttf,DJELTE,15,15,0.85,16.0,0.63662,0.603355,,1.0,0.0
0.1,32,16,arial.ttf,DJELTE,15,15,0.085,5.059644,0.959381,1.907975,,1.0,0.0
0.2,32,16,arial.ttf,DJELTE,15,15,0.17,7.155418,0.919759,1.349142,,1.0,0.0
0.3,32,16,arial.ttf,DJELTE,15,15,0.255,8.763561,0.881116,1.10157,,1.0,0.0
0.4,32,16,arial.ttf,DJELTE,15,15,0.34,10.119289,0.843436,0.953987,DJELTE,0.0,1.0
0.5,32,16,arial.ttf,DJELTE,15,15,0.425,11.313708,0.8067,0.853272,,1.0,0.0
0.6,32,16,arial.ttf,DJELTE,15,15,0.51,12.393547,0.770893,0.778927,DJELTE,0.0,1.0
0.7,32,16,arial.ttf,DJELTE,15,15,0.595,13.38656,0.735998,0.721147,,1.0,0.0
0.8,32,16,arial.ttf,DJELTE,15,15,0.68,14.310835,0.701998,0.674571,DJELTE,0.0,1.0
0.9,32,16,arial.ttf,DJELTE,15,15,0.765,15.178933,0.668877,0.635992,DJELTE,0.0,1.0
1.0,32,16,arial.ttf,DJELTE,15,15,0.85,16.0,0.63662,0.603355,DJELTE,0.0,1.0
0.1,128,16,arial.ttf,DJELTE,15,15,0.085,5.059644,0.959381,1.907975,,1.0,0.0
0.2,128,16,arial.ttf,DJELTE,15,15,0.17,7.155418,0.919759,1.349142,DJELTE,0.0,1.0
0.3,128,16,arial.ttf,DJELTE,15,15,0.255,8.763561,0.881116,1.10157,DJELTE,0.0,1.0
0.4,128,16,arial.ttf,DJELTE,15,15,0.34,10.119289,0.843436,0.953987,DJELTE,0.0,1.0
0.5,128,16,arial.ttf,DJELTE,15,15,0.425,11.313708,0.8067,0.853272,DJELTE,0.0,1.0
0.6,128,16,arial.ttf,DJELTE,15,15,0.51,12.393547,0.770893,0.778927,DJELTE,0.0,1.0
0.7,128,16,arial.ttf,DJELTE,15,15,0.595,13.38656,0.735998,0.721147,DJELTE,0.0,1.0
0.8,128,16,arial.ttf,DJELTE,15,15,0.68,14.310835,0.701998,0.674571,DJELTE,0.0,1.0
0.9,128,16,arial.ttf,DJELTE,15,15,0.765,15.178933,0.668877,0.635992,DJELTE,0.0,1.0
1.0,128,16,arial.ttf,DJELTE,15,15,0.85,16.0,0.63662,0.603355,DJELTE,0.0,1.0
0.1,512,16,arial.ttf,DJELTE,15,15,0.085,5.059644,0.959381,1.907975,DJELTE,0.0,1.0
0.2,512,16,arial.ttf,DJELTE,15,15,0.17,7.155418,0.919759,1.349142,DJELTE,0.0,1.0
0.3,512,16,arial.ttf,DJELTE,15,15,0.255,8.763561,0.881116,1.10157,DJELTE,0.0,1.0
0.4,512,16,arial.ttf,DJELTE,15,15,0.34,10.119289,0.843436,0.953987,DJELTE,0.0,1.0
0.5,512,16,arial.ttf,DJELTE,15,15,0.425,11.313708,0.8067,0.853272,DJELTE,0.0,1.0
0.6,512,16,arial.ttf,DJELTE,15,15,0.51,12.393547,0.770893,0.778927,DJELTE,0.0,1.0
0.7,512,16,arial.ttf,DJELTE,15,15,0.595,13.38656,0.735998,0.721147,DJELTE,0.0,1.0
0.8,512,16,arial.ttf,DJELTE,15,15,0.68,14.310835,0.701998,0.674571,DJELTE,0.0,1.0
0.9,512,16,arial.ttf,DJELTE,15,15,0.765,15.178933,0.668877,0.635992,DJELTE,0.0,1.0
1.0,512,16,arial.ttf,DJELTE,15,15,0.85,16.0,0.63662,0.603355,DJELTE,0.0,1.0
0.1,2048,16,arial.ttf,DJELTE,15,15,0.085,5.059644,0.959381,1.907975,DJELTE,0.0,1.0
0.2,2048,16,arial.ttf,DJELTE,15,15,0.17,7.155418,0.919759,1.349142,DJELTE,0.0,1.0
0.3,2048,16,arial.ttf,DJELTE,15,15,0.255,8.763561,0.881116,1.10157,DJELTE,0.0,1.0
0.4,2048,16,arial.ttf,DJELTE,15,15,0.34,10.119289,0.843436,0.953987,DJELTE,0.0,1.0
0.5,2048,16,arial.ttf,DJELTE,15,15,0.425,11.313708,0.8067,0.853272,DJELTE,0.0,1.0
0.6,2048,16,arial.ttf,DJELTE,15,15,0.51,12.393547,0.770893,0.778927,DJELTE,0.0,1.0
0.7,2048,16,arial.ttf,DJELTE,15,15,0.595,13.38656,0.735998,0.721147,DJELTE,0.0,1.0
0.8,2048,16,arial.ttf,DJELTE,15,15,0.68,14.310835,0.701998,0.674571,DJELTE,0.0,1.0
0.9,2048,16,arial.ttf,DJELTE,15,15,0.765,15.178933,0.668877,0.635992,DJELTE,0.0,1.0
1.0,2048,16,arial.ttf,DJELTE,15,15,0.85,16.0,0.63662,0.603355,DJELTE,0.0,1.0
0.1,8,16,cambria.ttc,999NG7,0,0,0.085,5.059644,0.959381,1.907975,,1.0,0.0
0.2,8,16,cambria.ttc,999NG7,0,0,0.17,7.155418,0.919759,1.349142,,1.0,0.0
0.3,8,16,cambria.ttc,999NG7,0,0,0.255,8.763561,0.881116,1.10157,,1.0,0.0
0.4,8,16,cambria.ttc,999NG7,0,0,0.34,10.119289,0.843436,0.953987,,1.0,0.0
0.5,8,16,cambria.ttc,999NG7,0,0,0.425,11.313708,0.8067,0.853272,,1.0,0.0
0.6,8,16,cambria.ttc,999NG7,0,0,0.51,12.393547,0.770893,0.778927,,1.0,0.0
0.7,8,16,cambria.ttc,999NG7,0,0,0.595,13.38656,0.735998,0.721147,,1.0,0.0
0.8,8,16,cambria.ttc,999NG7,0,0,0.68,14.310835,0.701998,0.674571,,1.0,0.0
0.9,8,16,cambria.ttc,999NG7,0,0,0.765,15.178933,0.668877,0.635992,,1.0,0.0
1.0,8,16,cambria.ttc,999NG7,0,0,0.85,16.0,0.63662,0.603355,,1.0,0.0
0.1,32,16,cambria.ttc,999NG7,0,0,0.085,5.059644,0.959381,1.907975,GOON,0.833333,0.166667
0.2,32,16,cambria.ttc,999NG7,0,0,0.17,7.155418,0.919759,1.349142,,1.0,0.0
0.3,32,16,cambria.ttc,999NG7,0,0,0.255,8.763561,0.881116,1.10157,S99ONG7,0.333333,0.666667
0.4,32,16,cambria.ttc,999NG7,0,0,0.34,10.119289,0.843436,0.953987,S9IONG7,0.5,0.5
0.5,32,16,cambria.ttc,999NG7,0,0,0.425,11.313708,0.8067,0.853272,,1.0,0.0
0.6,32,16,cambria.ttc,999NG7,0,0,0.51,12.393547,0.770893,0.778927,,1.0,0.0
0.7,32,16,cambria.ttc,999NG7,0,0,0.595,13.38656,0.735998,0.721147,999NG7,0.0,1.0
0.8,32,16,cambria.ttc,999NG7,0,0,0.68,14.310835,0.701998,0.674571,S9ONG7,0.333333,0.666667
0.9,32,16,cambria.ttc,999NG7,0,0,0.765,15.178933,0.668877,0.635992,S9IONG7,0.5,0.5
1.0,32,16,cambria.ttc,999NG7,0,0,0.85,16.0,0.63662,0.603355,99IONG7,0.333333,0.666667
0.1,128,16,cambria.ttc,999NG7,0,0,0.085,5.059644,0.959381,1.907975,,1.0,0.0
0.2,128,16,cambria.ttc,999NG7,0,0,0.17,7.155418,0.919759,1.349142,99ONG7,0.166667,0.833333
0.3,128,16,cambria.ttc,999NG7,0,0,0.255,8.763561,0.881116,1.10157,999NG7,0.0,1.0
0.4,128,16,cambria.ttc,999NG7,0,0,0.34,10.119289,0.843436,0.953987,999ONG7,0.166667,0.833333
0.5,128,16,cambria.ttc,999NG7,0,0,0.425,11.313708,0.8067,0.853272,999ONG7,0.166667,0.833333
0.6,128,16,cambria.ttc,999NG7,0,0,0.51,12.393547,0.770893,0.778927,999ONG7,0.166667,0.833333
0.7,128,16,cambria.ttc,999NG7,0,0,0.595,13.38656,0.735998,0.721147,999ONG7,0.166667,0.833333
0.8,128,16,cambria.ttc,999NG7,0,0,0.68,14.310835,0.701998,0.674571,999ONG7,0.166667,0.833333
0.9,128,16,cambria.ttc,999NG7,0,0,0.765,15.178933,0.668877,0.635992,999ONG7,0.166667,0.833333
1.0,128,16,cambria.ttc,999NG7,0,0,0.85,16.0,0.63662,0.603355,999ONG7,0.166667,0.833333
0.1,512,16,cambria.ttc,999NG7,0,0,0.085,5.059644,0.959381,1.907975,999NG7,0.0,1.0
0.2,512,16,cambria.ttc,999NG7,0,0,0.17,7.155418,0.919759,1.349142,999ONG7,0.166667,0.833333
0.3,512,16,cambria.ttc,999NG7,0,0,0.255,8.763561,0.881116,1.10157,999ONG7,0.166667,0.833333
0.4,512,16,cambria.ttc,999NG7,0,0,0.34,10.119289,0.843436,0.953987,99IONG7,0.333333,0.666667
0.5,512,16,cambria.ttc,999NG7,0,0,0.425,11.313708,0.8067,0.853272,99N9ONG7,0.333333,0.666667
0.6,512,16,cambria.ttc,999NG7,0,0,0.51,12.393547,0.770893,0.778927,99I9ONG7,0.333333,0.666667
0.7,512,16,cambria.ttc,999NG7,0,0,0.595,13.38656,0.735998,0.721147,999ONG7,0.166667,0.833333
0.8,512,16,cambria.ttc,999NG7,0,0,0.68,14.310835,0.701998,0.674571,999ONG7,0.166667,0.833333
0.9,512,16,cambria.ttc,999NG7,0,0,0.765,15.178933,0.668877,0.635992,999ONG7,0.166667,0.833333
1.0,512,16,cambria.ttc,999NG7,0,0,0.85,16.0,0.63662,0.603355,999ONG7,0.166667,0.833333
0.1,2048,16,cambria.ttc,999NG7,0,0,0.085,5.059644,0.959381,1.907975,99OIONG7,0.5,0.5
0.2,2048,16,cambria.ttc,999NG7,0,0,0.17,7.155418,0.919759,1.349142,99D9ONG7,0.333333,0.666667
0.3,2048,16,cambria.ttc,999NG7,0,0,0.255,8.763561,0.881116,1.10157,999ONG7,0.166667,0.833333
0.4,2048,16,cambria.ttc,999NG7,0,0,0.34,10.119289,0.843436,0.953987,99I9ONG7,0.333333,0.666667
0.5,2048,16,cambria.ttc,999NG7,0,0,0.425,11.313708,0.8067,0.853272,999ONG7,0.166667,0.833333
0.6,2048,16,cambria.ttc,999NG7,0,0,0.51,12.393547,0.770893,0.778927,999ONG7,0.166667,0.833333
0.7,2048,16,cambria.ttc,999NG7,0,0,0.595,13.38656,0.735998,0.721147,99NIONG7,0.5,0.5
0.8,2048,16,cambria.ttc,999NG7,0,0,0.68,14.310835,0.701998,0.674571,99N9ONG7,0.333333,0.666667
0.9,2048,16,cambria.ttc,999NG7,0,0,0.765,15.178933,0.668877,0.635992,999ONG7,0.166667,0.833333
1.0,2048,16,cambria.ttc,999NG7,0,0,0.85,16.0,0.63662,0.603355,999ONG7,0.166667,0.833333
0.1,8,16,cambria.ttc,999NG7,0,15,0.085,5.059644,0.959381,1.907975,,1.0,0.0
0.2,8,16,cambria.ttc,999NG7,0,15,0.17,7.155418,0.919759,1.349142,,1.0,0.0
0.3,8,16,cambria.ttc,999NG7,0,15,0.255,8.763561,0.881116,1.10157,,1.0,0.0
0.4,8,16,cambria.ttc,999NG7,0,15,0.34,10.119289,0.843436,0.953987,,1.0,0.0
0.5,8,16,cambria.ttc,999NG7,0,15,0.425,11.313708,0.8067,0.853272,,1.0,0.0
0.6,8,16,cambria.ttc,999NG7,0,15,0.51,12.393547,0.770893,0.778927,,1.0,0.0
0.7,8,16,cambria.ttc,999NG7,0,15,0.595,13.38656,0.735998,0.721147,,1.0,0.0
0.8,8,16,cambria.ttc,999NG7,0,15,0.68,14.310835,0.701998,0.674571,,1.0,0.0
0.9,8,16,cambria.ttc,999NG7,0,15,0.765,15.178933,0.668877,0.635992,,1.0,0.0
1.0,8,16,cambria.ttc,999NG7,0,15,0.85,16.0,0.63662,0.603355,,1.0,0.0
0.1,32,16,cambria.ttc,999NG7,0,15,0.085,5.059644,0.959381,1.907975,,1.0,0.0
0.2,32,16,cambria.ttc,999NG7,0,15,0.17,7.155418,0.919759,1.349142,,1.0,0.0
0.3,32,16,cambria.ttc,999NG7,0,15,0.255,8.763561,0.881116,1.10157,,1.0,0.0
0.4,32,16,cambria.ttc,999NG7,0,15,0.34,10.119289,0.843436,0.953987,,1.0,0.0
0.5,32,16,cambria.ttc,999NG7,0,15,0.425,11.313708,0.8067,0.853272,SQ9ONG7T,0.666667,0.333333
0.6,32,16,cambria.ttc,999NG7,0,15,0.51,12.393547,0.770893,0.778927,Q99NG7,0.166667,0.833333
0.7,32,16,cambria.ttc,999NG7,0,15,0.595,13.38656,0.735998,0.721147,Q99ONG7,0.333333,0.666667
0.8,32,16,cambria.ttc,999NG7,0,15,0.68,14.310835,0.701998,0.674571,,1.0,0.0
0.9,32,16,cambria.ttc,999NG7,0,15,0.765,15.178933,0.668877,0.635992,999NG7,0.0,1.0
1.0,32,16,cambria.ttc,999NG7,0,15,0.85,16.0,0.63662,0.603355,999ONG7,0.166667,0.833333
0.1,128,16,cambria.ttc,999NG7,0,15,0.085,5.059644,0.959381,1.907975,S99NG7,0.166667,0.833333
0.2,128,16,cambria.ttc,999NG7,0,15,0.17,7.155418,0.919759,1.349142,999NG7,0.0,1.0
0.3,128,16,cambria.ttc,999NG7,0,15,0.255,8.763561,0.881116,1.10157,999ONG7,0.166667,0.833333
0.4,128,16,cambria.ttc,999NG7,0,15,0.34,10.119289,0.843436,0.953987,999ONG7,0.166667,0.833333
0.5,128,16,cambria.ttc,999NG7,0,15,0.425,11.313708,0.8067,0.853272,999ONG,0.333333,0.666667
0.6,128,16,cambria.ttc,999NG7,0,15,0.51,12.393547,0.770893,0.778927,999ONG,0.333333,0.666667
0.7,128,16,cambria.ttc,999NG7,0,15,0.595,13.38656,0.735998,0.721147,999ONG7,0.166667,0.833333
0.8,128,16,cambria.ttc,999NG7,0,15,0.68,14.310835,0.701998,0.674571,999ONG7,0.166667,0.833333
0.9,128,16,cambria.ttc,999NG7,0,15,0.765,15.178933,0.668877,0.635992,999ONG7,0.166667,0.833333
1.0,128,16,cambria.ttc,999NG7,0,15,0.85,16.0,0.63662,0.603355,999NG7,0.0,1.0
0.1,512,16,cambria.ttc,999NG7,0,15,0.085,5.059644,0.959381,1.907975,999NG7,0.0,1.0
0.2,512,16,cambria.ttc,999NG7,0,15,0.17,7.155418,0.919759,1.349142,99D9ONG,0.5,0.5
0.3,512,16,cambria.ttc,999NG7,0,15,0.255,8.763561,0.881116,1.10157,999ONG,0.333333,0.666667
0.4,512,16,cambria.ttc,999NG7,0,15,0.34,10.119289,0.843436,0.953987,999ONG7,0.166667,0.833333
0.5,512,16,cambria.ttc,999NG7,0,15,0.425,11.313708,0.8067,0.853272,999ONG7,0.166667,0.833333
0.6,512,16,cambria.ttc,999NG7,0,15,0.51,12.393547,0.770893,0.778927,999ONG7,0.166667,0.833333
0.7,512,16,cambria.ttc,999NG7,0,15,0.595,13.38656,0.735998,0.721147,99I9ONG7,0.333333,0.666667
0.8,512,16,cambria.ttc,999NG7,0,15,0.68,14.310835,0.701998,0.674571,999ONG7,0.166667,0.833333
0.9,512,16,cambria.ttc,999NG7,0,15,0.765,15.178933,0.668877,0.635992,999ONG7,0.166667,0.833333
1.0,512,16,cambria.ttc,999NG7,0,15,0.85,16.0,0.63662,0.603355,999ONG7,0.166667,0.833333
0.1,2048,16,cambria.ttc,999NG7,0,15,0.085,5.059644,0.959381,1.907975,999ONG,0.333333,0.666667
0.2,2048,16,cambria.ttc,999NG7,0,15,0.17,7.155418,0.919759,1.349142,999ONG7,0.166667,0.833333
0.3,2048,16,cambria.ttc,999NG7,0,15,0.255,8.763561,0.881116,1.10157,999ONG7,0.166667,0.833333
0.4,2048,16,cambria.ttc,999NG7,0,15,0.34,10.119289,0.843436,0.953987,99IONG7,0.333333,0.666667
0.5,2048,16,cambria.ttc,999NG7,0,15,0.425,11.313708,0.8067,0.853272,99I9ONG7,0.333333,0.666667
0.6,2048,16,cambria.ttc,999NG7,0,15,0.51,12.393547,0.770893,0.778927,999ONG7,0.166667,0.833333
0.7,2048,16,cambria.ttc,999NG7,0,15,0.595,13.38656,0.735998,0.721147,99I9ONG7,0.333333,0.666667
0.8,2048,16,cambria.ttc,999NG7,0,15,0.68,14.310835,0.701998,0.674571,999ONG7,0.166667,0.833333
0.9,2048,16,cambria.ttc,999NG7,0,15,0.765,15.178933,0.668877,0.635992,999ONG7,0.166667,0.833333
1.0,2048,16,cambria.ttc,999NG7,0,15,0.85,16.0,0.63662,0.603355,999ONG7,0.166667,0.833333
0.1,8,16,cambria.ttc,999NG7,15,0,0.085,5.059644,0.959381,1.907975,P,1.0,0.0
0.2,8,16,cambria.ttc,999NG7,15,0,0.17,7.155418,0.919759,1.349142,,1.0,0.0
0.3,8,16,cambria.ttc,999NG7,15,0,0.255,8.763561,0.881116,1.10157,,1.0,0.0
0.4,8,16,cambria.ttc,999NG7,15,0,0.34,10.119289,0.843436,0.953987,SONG,0.666667,0.333333
0.5,8,16,cambria.ttc,999NG7,15,0,0.425,11.313708,0.8067,0.853272,,1.0,0.0
0.6,8,16,cambria.ttc,999NG7,15,0,0.51,12.393547,0.770893,0.778927,AXSN,0.833333,0.166667
0.7,8,16,cambria.ttc,999NG7,15,0,0.595,13.38656,0.735998,0.721147,,1.0,0.0
0.8,8,16,cambria.ttc,999NG7,15,0,0.68,14.310835,0.701998,0.674571,,1.0,0.0
0.9,8,16,cambria.ttc,999NG7,15,0,0.765,15.178933,0.668877,0.635992,,1.0,0.0
1.0,8,16,cambria.ttc,999NG7,15,0,0.85,16.0,0.63662,0.603355,,1.0,0.0
0.1,32,16,cambria.ttc,999NG7,15,0,0.085,5.059644,0.959381,1.907975,,1.0,0.0
0.2,32,16,cambria.ttc,999NG7,15,0,0.17,7.155418,0.919759,1.349142,,1.0,0.0
0.3,32,16,cambria.ttc,999NG7,15,0,0.255,8.763561,0.881116,1.10157,SIONGT,0.666667,0.333333
0.4,32,16,cambria.ttc,999NG7,15,0,0.34,10.119289,0.843436,0.953987,,1.0,0.0
0.5,32,16,cambria.ttc,999NG7,15,0,0.425,11.313708,0.8067,0.853272,S9IONGT,0.666667,0.333333
0.6,32,16,cambria.ttc,999NG7,15,0,0.51,12.393547,0.770893,0.778927,OQ9ONG7,0.5,0.5
0.7,32,16,cambria.ttc,999NG7,15,0,0.595,13.38656,0.735998,0.721147,,1.0,0.0
0.8,32,16,cambria.ttc,999NG7,15,0,0.68,14.310835,0.701998,0.674571,99ONG7,0.166667,0.833333
0.9,32,16,cambria.ttc,999NG7,15,0,0.765,15.178933,0.668877,0.635992,,1.0,0.0
1.0,32,16,cambria.ttc,999NG7,15,0,0.85,16.0,0.63662,0.603355,999NG7,0.0,1.0
0.1,128,16,cambria.ttc,999NG7,15,0,0.085,5.059644,0.959381,1.907975,,1.0,0.0
0.2,128,16,cambria.ttc,999NG7,15,0,0.17,7.155418,0.919759,1.349142,9S9ONG7,0.333333,0.666667
0.3,128,16,cambria.ttc,999NG7,15,0,0.255,8.763561,0.881116,1.10157,999NG7,0.0,1.0
0.4,128,16,cambria.ttc,999NG7,15,0,0.34,10.119289,0.843436,0.953987,999ONG7,0.166667,0.833333
0.5,128,16,cambria.ttc,999NG7,15,0,0.425,11.313708,0.8067,0.853272,999ONG7,0.166667,0.833333
0.6,128,16,cambria.ttc,999NG7,15,0,0.51,12.393547,0.770893,0.778927,999ONG7,0.166667,0.833333
0.7,128,16,cambria.ttc,999NG7,15,0,0.595,13.38656,0.735998,0.721147,999NG7,0.0,1.0
0.8,128,16,cambria.ttc,999NG7,15,0,0.68,14.310835,0.701998,0.674571,999ONG7,0.166667,0.833333
0.9,128,16,cambria.ttc,999NG7,15,0,0.765,15.178933,0.668877,0.635992,999ONG7,0.166667,0.833333
1.0,128,16,cambria.ttc,999NG7,15,0,0.85,16.0,0.63662,0.603355,999ONG7,0.166667,0.833333
0.1,512,16,cambria.ttc,999NG7,15,0,0.085,5.059644,0.959381,1.907975,99ING7,0.166667,0.833333
0.2,512,16,cambria.ttc,999NG7,15,0,0.17,7.155418,0.919759,1.349142,999ONG,0.333333,0.666667
0.3,512,16,cambria.ttc,999NG7,15,0,0.255,8.763561,0.881116,1.10157,999ONG7,0.166667,0.833333
0.4,512,16,cambria.ttc,999NG7,15,0,0.34,10.119289,0.843436,0.953987,99I9ONG7,0.333333,0.666667
0.5,512,16,cambria.ttc,999NG7,15,0,0.425,11.313708,0.8067,0.853272,999ONG7,0.166667,0.833333
0.6,512,16,cambria.ttc,999NG7,15,0,0.51,12.393547,0.770893,0.778927,999ONG7,0.166667,0.833333
0.7,512,16,cambria.ttc,999NG7,15,0,0.595,13.38656,0.735998,0.721147,999ONG7,0.166667,0.833333
0.8,512,16,cambria.ttc,999NG7,15,0,0.68,14.310835,0.701998,0.674571,99NIONG7,0.5,0.5
0.9,512,16,cambria.ttc,999NG7,15,0,0.765,15.178933,0.668877,0.635992,999ONG7,0.166667,0.833333
1.0,512,16,cambria.ttc,999NG7,15,0,0.85,16.0,0.63662,0.603355,999ONG7,0.166667,0.833333
0.1,2048,16,cambria.ttc,999NG7,15,0,0.085,5.059644,0.959381,1.907975,999ONG7,0.166667,0.833333
0.2,2048,16,cambria.ttc,999NG7,15,0,0.17,7.155418,0.919759,1.349142,999ONG7,0.166667,0.833333
0.3,2048,16,cambria.ttc,999NG7,15,0,0.255,8.763561,0.881116,1.10157,999ONG7,0.166667,0.833333
0.4,2048,16,cambria.ttc,999NG7,15,0,0.34,10.119289,0.843436,0.953987,999ONG7,0.166667,0.833333
0.5,2048,16,cambria.ttc,999NG7,15,0,0.425,11.313708,0.8067,0.853272,99N9ONG7,0.333333,0.666667
0.6,2048,16,cambria.ttc,999NG7,15,0,0.51,12.393547,0.770893,0.778927,99NIONG7,0.5,0.5
0.7,2048,16,cambria.ttc,999NG7,15,0,0.595,13.38656,0.735998,0.721147,999ONG7,0.166667,0.833333
0.8,2048,16,cambria.ttc,999NG7,15,0,0.68,14.310835,0.701998,0.674571,999ONG7,0.166667,0.833333
0.9,2048,16,cambria.ttc,999NG7,15,0,0.765,15.178933,0.668877,0.635992,99N9ONG7,0.333333,0.666667
1.0,2048,16,cambria.ttc,999NG7,15,0,0.85,16.0,0.63662,0.603355,999ONG7,0.166667,0.833333
0.1,8,16,cambria.ttc,999NG7,15,15,0.085,5.059644,0.959381,1.907975,R26YE,1.0,0.0
0.2,8,16,cambria.ttc,999NG7,15,15,0.17,7.155418,0.919759,1.349142,REED,1.0,0.0
0.3,8,16,cambria.ttc,999NG7,15,15,0.255,8.763561,0.881116,1.10157,,1.0,0.0
0.4,8,16,cambria.ttc,999NG7,15,15,0.34,10.119289,0.843436,0.953987,,1.0,0.0
0.5,8,16,cambria.ttc,999NG7,15,15,0.425,11.313708,0.8067,0.853272,,1.0,0.0
0.6,8,16,cambria.ttc,999NG7,15,15,0.51,12.393547,0.770893,0.778927,,1.0,0.0
0.7,8,16,cambria.ttc,999NG7,15,15,0.595,13.38656,0.735998,0.721147,SOONG,0.666667,0.333333
0.8,8,16,cambria.ttc,999NG7,15,15,0.68,14.310835,0.701998,0.674571,,1.0,0.0
0.9,8,16,cambria.ttc,999NG7,15,15,0.765,15.178933,0.668877,0.635992,,1.0,0.0
1.0,8,16,cambria.ttc,999NG7,15,15,0.85,16.0,0.63662,0.603355,AOONGZ,0.666667,0.333333
0.1,32,16,cambria.ttc,999NG7,15,15,0.085,5.059644,0.959381,1.907975,,1.0,0.0
0.2,32,16,cambria.ttc,999NG7,15,15,0.17,7.155418,0.919759,1.349142,,1.0,0.0
0.3,32,16,cambria.ttc,999NG7,15,15,0.255,8.763561,0.881116,1.10157,,1.0,0.0
0.4,32,16,cambria.ttc,999NG7,15,15,0.34,10.119289,0.843436,0.953987,,1.0,0.0
0.5,32,16,cambria.ttc,999NG7,15,15,0.425,11.313708,0.8067,0.853272,,1.0,0.0
0.6,32,16,cambria.ttc,999NG7,15,15,0.51,12.393547,0.770893,0.778927,S9ONG7,0.333333,0.666667
0.7,32,16,cambria.ttc,999NG7,15,15,0.595,13.38656,0.735998,0.721147,9Q99NG7,0.166667,0.833333
0.8,32,16,cambria.ttc,999NG7,15,15,0.68,14.310835,0.701998,0.674571,9Q99NG7,0.166667,0.833333
0.9,32,16,cambria.ttc,999NG7,15,15,0.765,15.178933,0.668877,0.635992,999NG7,0.0,1.0
1.0,32,16,cambria.ttc,999NG7,15,15,0.85,16.0,0.63662,0.603355,99ONG7,0.166667,0.833333
0.1,128,16,cambria.ttc,999NG7,15,15,0.085,5.059644,0.959381,1.907975,,1.0,0.0
0.2,128,16,cambria.ttc,999NG7,15,15,0.17,7.155418,0.919759,1.349142,999ONG7,0.166667,0.833333
0.3,128,16,cambria.ttc,999NG7,15,15,0.255,8.763561,0.881116,1.10157,Q9ONG7,0.333333,0.666667
0.4,128,16,cambria.ttc,999NG7,15,15,0.34,10.119289,0.843436,0.953987,999NG7,0.0,1.0
0.5,128,16,cambria.ttc,999NG7,15,15,0.425,11.313708,0.8067,0.853272,I9IONG,0.666667,0.333333
0.6,128,16,cambria.ttc,999NG7,15,15,0.51,12.393547,0.770893,0.778927,999ONG7,0.166667,0.833333
0.7,128,16,cambria.ttc,999NG7,15,15,0.595,13.38656,0.735998,0.721147,999ONG,0.333333,0.666667
0.8,128,16,cambria.ttc,999NG7,15,15,0.68,14.310835,0.701998,0.674571,999ONG7,0.166667,0.833333
0.9,128,16,cambria.ttc,999NG7,15,15,0.765,15.178933,0.668877,0.635992,999NG7,0.0,1.0
1.0,128,16,cambria.ttc,999NG7,15,15,0.85,16.0,0.63662,0.603355,999ONG,0.333333,0.666667
0.1,512,16,cambria.ttc,999NG7,15,15,0.085,5.059644,0.959381,1.907975,999ONG,0.333333,0.666667
0.2,512,16,cambria.ttc,999NG7,15,15,0.17,7.155418,0.919759,1.349142,999ONG,0.333333,0.666667
0.3,512,16,cambria.ttc,999NG7,15,15,0.255,8.763561,0.881116,1.10157,999ONG,0.333333,0.666667
0.4,512,16,cambria.ttc,999NG7,15,15,0.34,10.119289,0.843436,0.953987,99I9ONG7,0.333333,0.666667
0.5,512,16,cambria.ttc,999NG7,15,15,0.425,11.313708,0.8067,0.853272,999ONG,0.333333,0.666667
0.6,512,16,cambria.ttc,999NG7,15,15,0.51,12.393547,0.770893,0.778927,99I9ONG7,0.333333,0.666667
0.7,512,16,cambria.ttc,999NG7,15,15,0.595,13.38656,0.735998,0.721147,999ONG7,0.166667,0.833333
0.8,512,16,cambria.ttc,999NG7,15,15,0.68,14.310835,0.701998,0.674571,999ONG7,0.166667,0.833333
0.9,512,16,cambria.ttc,999NG7,15,15,0.765,15.178933,0.668877,0.635992,999ONG7,0.166667,0.833333
1.0,512,16,cambria.ttc,999NG7,15,15,0.85,16.0,0.63662,0.603355,999ONG7,0.166667,0.833333
0.1,2048,16,cambria.ttc,999NG7,15,15,0.085,5.059644,0.959381,1.907975,999ONG,0.333333,0.666667
0.2,2048,16,cambria.ttc,999NG7,15,15,0.17,7.155418,0.919759,1.349142,999ONG7,0.166667,0.833333
0.3,2048,16,cambria.ttc,999NG7,15,15,0.255,8.763561,0.881116,1.10157,999ONG7,0.166667,0.833333
0.4,2048,16,cambria.ttc,999NG7,15,15,0.34,10.119289,0.843436,0.953987,999ONG7,0.166667,0.833333
0.5,2048,16,cambria.ttc,999NG7,15,15,0.425,11.313708,0.8067,0.853272,99I9ONG7,0.333333,0.666667
0.6,2048,16,cambria.ttc,999NG7,15,15,0.51,12.393547,0.770893,0.778927,999ONG7,0.166667,0.833333
0.7,2048,16,cambria.ttc,999NG7,15,15,0.595,13.38656,0.735998,0.721147,999ONG7,0.166667,0.833333
0.8,2048,16,cambria.ttc,999NG7,15,15,0.68,14.310835,0.701998,0.674571,999ONG7,0.166667,0.833333
0.9,2048,16,cambria.ttc,999NG7,15,15,0.765,15.178933,0.668877,0.635992,999ONG7,0.166667,0.833333
1.0,2048,16,cambria.ttc,999NG7,15,15,0.85,16.0,0.63662,0.603355,999ONG7,0.166667,0.833333
0.1,8,16,cambria.ttc,DJELTE,0,0,0.085,5.059644,0.959381,1.907975,,1.0,0.0
0.2,8,16,cambria.ttc,DJELTE,0,0,0.17,7.155418,0.919759,1.349142,,1.0,0.0
0.3,8,16,cambria.ttc,DJELTE,0,0,0.255,8.763561,0.881116,1.10157,SM,1.0,0.0
0.4,8,16,cambria.ttc,DJELTE,0,0,0.34,10.119289,0.843436,0.953987,,1.0,0.0
0.5,8,16,cambria.ttc,DJELTE,0,0,0.425,11.313708,0.8067,0.853272,RS,1.0,0.0
0.6,8,16,cambria.ttc,DJELTE,0,0,0.51,12.393547,0.770893,0.778927,,1.0,0.0
0.7,8,16,cambria.ttc,DJELTE,0,0,0.595,13.38656,0.735998,0.721147,,1.0,0.0
0.8,8,16,cambria.ttc,DJELTE,0,0,0.68,14.310835,0.701998,0.674571,DIELS,0.5,0.5
0.9,8,16,cambria.ttc,DJELTE,0,0,0.765,15.178933,0.668877,0.635992,ABLE,0.666667,0.333333
1.0,8,16,cambria.ttc,DJELTE,0,0,0.85,16.0,0.63662,0.603355,,1.0,0.0
0.1,32,16,cambria.ttc,DJELTE,0,0,0.085,5.059644,0.959381,1.907975,,1.0,0.0
0.2,32,16,cambria.ttc,DJELTE,0,0,0.17,7.155418,0.919759,1.349142,,1.0,0.0
0.3,32,16,cambria.ttc,DJELTE,0,0,0.255,8.763561,0.881116,1.10157,,1.0,0.0
0.4,32,16,cambria.ttc,DJELTE,0,0,0.34,10.119289,0.843436,0.953987,,1.0,0.0
0.5,32,16,cambria.ttc,DJELTE,0,0,0.425,11.313708,0.8067,0.853272,,1.0,0.0
0.6,32,16,cambria.ttc,DJELTE,0,0,0.51,12.393547,0.770893,0.778927,DIELTE,0.166667,0.833333
0.7,32,16,cambria.ttc,DJELTE,0,0,0.595,13.38656,0.735998,0.721147,,1.0,0.0
0.8,32,16,cambria.ttc,DJELTE,0,0,0.68,14.310835,0.701998,0.674571,DJELTE,0.0,1.0
0.9,32,16,cambria.ttc,DJELTE,0,0,0.765,15.178933,0.668877,0.635992,,1.0,0.0
1.0,32,16,cambria.ttc,DJELTE,0,0,0.85,16.0,0.63662,0.603355,,1.0,0.0
0.1,128,16,cambria.ttc,DJELTE,0,0,0.085,5.059644,0.959381,1.907975,,1.0,0.0
0.2,128,16,cambria.ttc,DJELTE,0,0,0.17,7.155418,0.919759,1.349142,,1.0,0.0
0.3,128,16,cambria.ttc,DJELTE,0,0,0.255,8.763561,0.881116,1.10157,DJELTE,0.0,1.0
0.4,128,16,cambria.ttc,DJELTE,0,0,0.34,10.119289,0.843436,0.953987,DJELTE,0.0,1.0
0.5,128,16,cambria.ttc,DJELTE,0,0,0.425,11.313708,0.8067,0.853272,DJELTE,0.0,1.0
0.6,128,16,cambria.ttc,DJELTE,0,0,0.51,12.393547,0.770893,0.778927,DJELTE,0.0,1.0
0.7,128,16,cambria.ttc,DJELTE,0,0,0.595,13.38656,0.735998,0.721147,DJELTE,0.0,1.0
0.8,128,16,cambria.ttc,DJELTE,0,0,0.68,14.310835,0.701998,0.674571,DJELTE,0.0,1.0
0.9,128,16,cambria.ttc,DJELTE,0,0,0.765,15.178933,0.668877,0.635992,DJELTE,0.0,1.0
1.0,128,16,cambria.ttc,DJELTE,0,0,0.85,16.0,0.63662,0.603355,DJELTE,0.0,1.0
0.1,512,16,cambria.ttc,DJELTE,0,0,0.085,5.059644,0.959381,1.907975,DJELTE,0.0,1.0
0.2,512,16,cambria.ttc,DJELTE,0,0,0.17,7.155418,0.919759,1.349142,DJELTE,0.0,1.0
0.3,512,16,cambria.ttc,DJELTE,0,0,0.255,8.763561,0.881116,1.10157,DJELTE,0.0,1.0
0.4,512,16,cambria.ttc,DJELTE,0,0,0.34,10.119289,0.843436,0.953987,DJELTE,0.0,1.0
0.5,512,16,cambria.ttc,DJELTE,0,0,0.425,11.313708,0.8067,0.853272,DJELTE,0.0,1.0
0.6,512,16,cambria.ttc,DJELTE,0,0,0.51,12.393547,0.770893,0.778927,DJELTE,0.0,1.0
0.7,512,16,cambria.ttc,DJELTE,0,0,0.595,13.38656,0.735998,0.721147,DJELTE,0.0,1.0
0.8,512,16,cambria.ttc,DJELTE,0,0,0.68,14.310835,0.701998,0.674571,DJELTE,0.0,1.0
0.9,512,16,cambria.ttc,DJELTE,0,0,0.765,15.178933,0.668877,0.635992,DJELTE,0.0,1.0
1.0,512,16,cambria.ttc,DJELTE,0,0,0.85,16.0,0.63662,0.603355,DJELTE,0.0,1.0
0.1,2048,16,cambria.ttc,DJELTE,0,0,0.085,5.059644,0.959381,1.907975,DJELTE,0.0,1.0
0.2,2048,16,cambria.ttc,DJELTE,0,0,0.17,7.155418,0.919759,1.349142,DJELTE,0.0,1.0
0.3,2048,16,cambria.ttc,DJELTE,0,0,0.255,8.763561,0.881116,1.10157,DJELTE,0.0,1.0
0.4,2048,16,cambria.ttc,DJELTE,0,0,0.34,10.119289,0.843436,0.953987,DJELTE,0.0,1.0
0.5,2048,16,cambria.ttc,DJELTE,0,0,0.425,11.313708,0.8067,0.853272,DJELTE,0.0,1.0
0.6,2048,16,cambria.ttc,DJELTE,0,0,0.51,12.393547,0.770893,0.778927,DJELTE,0.0,1.0
0.7,2048,16,cambria.ttc,DJELTE,0,0,0.595,13.38656,0.735998,0.721147,DJELTE,0.0,1.0
0.8,2048,16,cambria.ttc,DJELTE,0,0,0.68,14.310835,0.701998,0.674571,DJELTE,0.0,1.0
0.9,2048,16,cambria.ttc,DJELTE,0,0,0.765,15.178933,0.668877,0.635992,DJELTE,0.0,1.0
1.0,2048,16,cambria.ttc,DJELTE,0,0,0.85,16.0,0.63662,0.603355,DJELTE,0.0,1.0
0.1,8,16,cambria.ttc,DJELTE,0,15,0.085,5.059644,0.959381,1.907975,,1.0,0.0
0.2,8,16,cambria.ttc,DJELTE,0,15,0.17,7.155418,0.919759,1.349142,NP,1.0,0.0
0.3,8,16,cambria.ttc,DJELTE,0,15,0.255,8.763561,0.881116,1.10157,,1.0,0.0
0.4,8,16,cambria.ttc,DJELTE,0,15,0.34,10.119289,0.843436,0.953987,,1.0,0.0
0.5,8,16,cambria.ttc,DJELTE,0,15,0.425,11.313708,0.8067,0.853272,,1.0,0.0
0.6,8,16,cambria.ttc,DJELTE,0,15,0.51,12.393547,0.770893,0.778927,,1.0,0.0
0.7,8,16,cambria.ttc,DJELTE,0,15,0.595,13.38656,0.735998,0.721147,,1.0,0.0
0.8,8,16,cambria.ttc,DJELTE,0,15,0.68,14.310835,0.701998,0.674571,,1.0,0.0
0.9,8,16,cambria.ttc,DJELTE,0,15,0.765,15.178933,0.668877,0.635992,DYRETE,0.5,0.5
1.0,8,16,cambria.ttc,DJELTE,0,15,0.85,16.0,0.63662,0.603355,DISLTE,0.333333,0.666667
0.1,32,16,cambria.ttc,DJELTE,0,15,0.085,5.059644,0.959381,1.907975,,1.0,0.0
0.2,32,16,cambria.ttc,DJELTE,0,15,0.17,7.155418,0.919759,1.349142,,1.0,0.0
0.3,32,16,cambria.ttc,DJELTE,0,15,0.255,8.763561,0.881116,1.10157,DIELTE,0.166667,0.833333
0.4,32,16,cambria.ttc,DJELTE,0,15,0.34,10.119289,0.843436,0.953987,,1.0,0.0
0.5,32,16,cambria.ttc,DJELTE,0,15,0.425,11.313708,0.8067,0.853272,DJELTE,0.0,1.0
0.6,32,16,cambria.ttc,DJELTE,0,15,0.51,12.393547,0.770893,0.778927,,1.0,0.0
0.7,32,16,cambria.ttc,DJELTE,0,15,0.595,13.38656,0.735998,0.721147,,1.0,0.0
0.8,32,16,cambria.ttc,DJELTE,0,15,0.68,14.310835,0.701998,0.674571,,1.0,0.0
0.9,32,16,cambria.ttc,DJELTE,0,15,0.765,15.178933,0.668877,0.635992,,1.0,0.0
1.0,32,16,cambria.ttc,DJELTE,0,15,0.85,16.0,0.63662,0.603355,DIELTE,0.166667,0.833333
0.1,128,16,cambria.ttc,DJELTE,0,15,0.085,5.059644,0.959381,1.907975,,1.0,0.0
0.2,128,16,cambria.ttc,DJELTE,0,15,0.17,7.155418,0.919759,1.349142,DJELTE,0.0,1.0
0.3,128,16,cambria.ttc,DJELTE,0,15,0.255,8.763561,0.881116,1.10157,DJELTE,0.0,1.0
0.4,128,16,cambria.ttc,DJELTE,0,15,0.34,10.119289,0.843436,0.953987,DJELTE,0.0,1.0
0.5,128,16,cambria.ttc,DJELTE,0,15,0.425,11.313708,0.8067,0.853272,DJELTE,0.0,1.0
0.6,128,16,cambria.ttc,DJELTE,0,15,0.51,12.393547,0.770893,0.778927,DJELTE,0.0,1.0
0.7,128,16,cambria.ttc,DJELTE,0,15,0.595,13.38656,0.735998,0.721147,DJELTE,0.0,1.0
0.8,128,16,cambria.ttc,DJELTE,0,15,0.68,14.310835,0.701998,0.674571,DJELTE,0.0,1.0
0.9,128,16,cambria.ttc,DJELTE,0,15,0.765,15.178933,0.668877,0.635992,DJELTE,0.0,1.0
1.0,128,16,cambria.ttc,DJELTE,0,15,0.85,16.0,0.63662,0.603355,DJELTE,0.0,1.0
0.1,512,16,cambria.ttc,DJELTE,0,15,0.085,5.059644,0.959381,1.907975,DJELTE,0.0,1.0
0.2,512,16,cambria.ttc,DJELTE,0,15,0.17,7.155418,0.919759,1.349142,DJELTE,0.0,1.0
0.3,512,16,cambria.ttc,DJELTE,0,15,0.255,8.763561,0.881116,1.10157,DJELTE,0.0,1.0
0.4,512,16,cambria.ttc,DJELTE,0,15,0.34,10.119289,0.843436,0.953987,DJELTE,0.0,1.0
0.5,512,16,cambria.ttc,DJELTE,0,15,0.425,11.313708,0.8067,0.853272,DJELTE,0.0,1.0
0.6,512,16,cambria.ttc,DJELTE,0,15,0.51,12.393547,0.770893,0.778927,DJELTE,0.0,1.0
0.7,512,16,cambria.ttc,DJELTE,0,15,0.595,13.38656,0.735998,0.721147,DJELTE,0.0,1.0
0.8,512,16,cambria.ttc,DJELTE,0,15,0.68,14.310835,0.701998,0.674571,DJELTE,0.0,1.0
0.9,512,16,cambria.ttc,DJELTE,0,15,0.765,15.178933,0.668877,0.635992,DJELTE,0.0,1.0
1.0,512,16,cambria.ttc,DJELTE,0,15,0.85,16.0,0.63662,0.603355,DJELTE,0.0,1.0
0.1,2048,16,cambria.ttc,DJELTE,0,15,0.085,5.059644,0.959381,1.907975,DJELTE,0.0,1.0
0.2,2048,16,cambria.ttc,DJELTE,0,15,0.17,7.155418,0.919759,1.349142,DJELTE,0.0,1.0
0.3,2048,16,cambria.ttc,DJELTE,0,15,0.255,8.763561,0.881116,1.10157,DJELTE,0.0,1.0
0.4,2048,16,cambria.ttc,DJELTE,0,15,0.34,10.119289,0.843436,0.953987,DJELTE,0.0,1.0
0.5,2048,16,cambria.ttc,DJELTE,0,15,0.425,11.313708,0.8067,0.853272,DJELTE,0.0,1.0
0.6,2048,16,cambria.ttc,DJELTE,0,15,0.51,12.393547,0.770893,0.778927,DJELTE,0.0,1.0
0.7,2048,16,cambria.ttc,DJELTE,0,15,0.595,13.38656,0.735998,0.721147,DJELTE,0.0,1.0
0.8,2048,16,cambria.ttc,DJELTE,0,15,0.68,14.310835,0.701998,0.674571,DJELTE,0.0,1.0
0.9,2048,16,cambria.ttc,DJELTE,0,15,0.765,15.178933,0.668877,0.635992,DJELTE,0.0,1.0
1.0,2048,16,cambria.ttc,DJELTE,0,15,0.85,16.0,0.63662,0.603355,DJELTE,0.0,1.0
0.1,8,16,cambria.ttc,DJELTE,15,0,0.085,5.059644,0.959381,1.907975,,1.0,0.0
0.2,8,16,cambria.ttc,DJELTE,15,0,0.17,7.155418,0.919759,1.349142,SEATEE,0.666667,0.333333
0.3,8,16,cambria.ttc,DJELTE,15,0,0.255,8.763561,0.881116,1.10157,OO,1.0,0.0
0.4,8,16,cambria.ttc,DJELTE,15,0,0.34,10.119289,0.843436,0.953987,,1.0,0.0
0.5,8,16,cambria.ttc,DJELTE,15,0,0.425,11.313708,0.8067,0.853272,,1.0,0.0
0.6,8,16,cambria.ttc,DJELTE,15,0,0.51,12.393547,0.770893,0.778927,,1.0,0.0
0.7,8,16,cambria.ttc,DJELTE,15,0,0.595,13.38656,0.735998,0.721147,,1.0,0.0
0.8,8,16,cambria.ttc,DJELTE,15,0,0.68,14.310835,0.701998,0.674571,,1.0,0.0
0.9,8,16,cambria.ttc,DJELTE,15,0,0.765,15.178933,0.668877,0.635992,DEE,0.5,0.5
1.0,8,16,cambria.ttc,DJELTE,15,0,0.85,16.0,0.63662,0.603355,,1.0,0.0
0.1,32,16,cambria.ttc,DJELTE,15,0,0.085,5.059644,0.959381,1.907975,,1.0,0.0
0.2,32,16,cambria.ttc,DJELTE,15,0,0.17,7.155418,0.919759,1.349142,,1.0,0.0
0.3,32,16,cambria.ttc,DJELTE,15,0,0.255,8.763561,0.881116,1.10157,DIELTE,0.166667,0.833333
0.4,32,16,cambria.ttc,DJELTE,15,0,0.34,10.119289,0.843436,0.953987,,1.0,0.0
0.5,32,16,cambria.ttc,DJELTE,15,0,0.425,11.313708,0.8067,0.853272,DJELTE,0.0,1.0
0.6,32,16,cambria.ttc,DJELTE,15,0,0.51,12.393547,0.770893,0.778927,,1.0,0.0
0.7,32,16,cambria.ttc,DJELTE,15,0,0.595,13.38656,0.735998,0.721147,,1.0,0.0
0.8,32,16,cambria.ttc,DJELTE,15,0,0.68,14.310835,0.701998,0.674571,,1.0,0.0
0.9,32,16,cambria.ttc,DJELTE,15,0,0.765,15.178933,0.668877,0.635992,DJELTE,0.0,1.0
1.0,32,16,cambria.ttc,DJELTE,15,0,0.85,16.0,0.63662,0.603355,,1.0,0.0
0.1,128,16,cambria.ttc,DJELTE,15,0,0.085,5.059644,0.959381,1.907975,,1.0,0.0
0.2,128,16,cambria.ttc,DJELTE,15,0,0.17,7.155418,0.919759,1.349142,DJELTE,0.0,1.0
0.3,128,16,cambria.ttc,DJELTE,15,0,0.255,8.763561,0.881116,1.10157,,1.0,0.0
0.4,128,16,cambria.ttc,DJELTE,15,0,0.34,10.119289,0.843436,0.953987,DJELTE,0.0,1.0
0.5,128,16,cambria.ttc,DJELTE,15,0,0.425,11.313708,0.8067,0.853272,DJELTE,0.0,1.0
0.6,128,16,cambria.ttc,DJELTE,15,0,0.51,12.393547,0.770893,0.778927,DJELTE,0.0,1.0
0.7,128,16,cambria.ttc,DJELTE,15,0,0.595,13.38656,0.735998,0.721147,DJELTE,0.0,1.0
0.8,128,16,cambria.ttc,DJELTE,15,0,0.68,14.310835,0.701998,0.674571,DJELTE,0.0,1.0
0.9,128,16,cambria.ttc,DJELTE,15,0,0.765,15.178933,0.668877,0.635992,DJELTE,0.0,1.0
1.0,128,16,cambria.ttc,DJELTE,15,0,0.85,16.0,0.63662,0.603355,DJELTE,0.0,1.0
0.1,512,16,cambria.ttc,DJELTE,15,0,0.085,5.059644,0.959381,1.907975,DJELTE,0.0,1.0
0.2,512,16,cambria.ttc,DJELTE,15,0,0.17,7.155418,0.919759,1.349142,DJELTE,0.0,1.0
0.3,512,16,cambria.ttc,DJELTE,15,0,0.255,8.763561,0.881116,1.10157,DJELTE,0.0,1.0
0.4,512,16,cambria.ttc,DJELTE,15,0,0.34,10.119289,0.843436,0.953987,DJELTE,0.0,1.0
0.5,512,16,cambria.ttc,DJELTE,15,0,0.425,11.313708,0.8067,0.853272,DJELTE,0.0,1.0
0.6,512,16,cambria.ttc,DJELTE,15,0,0.51,12.393547,0.770893,0.778927,DJELTE,0.0,1.0
0.7,512,16,cambria.ttc,DJELTE,15,0,0.595,13.38656,0.735998,0.721147,DJELTE,0.0,1.0
0.8,512,16,cambria.ttc,DJELTE,15,0,0.68,14.310835,0.701998,0.674571,DJELTE,0.0,1.0
0.9,512,16,cambria.ttc,DJELTE,15,0,0.765,15.178933,0.668877,0.635992,DJELTE,0.0,1.0
1.0,512,16,cambria.ttc,DJELTE,15,0,0.85,16.0,0.63662,0.603355,DJELTE,0.0,1.0
0.1,2048,16,cambria.ttc,DJELTE,15,0,0.085,5.059644,0.959381,1.907975,DJELTE,0.0,1.0
0.2,2048,16,cambria.ttc,DJELTE,15,0,0.17,7.155418,0.919759,1.349142,DJELTE,0.0,1.0
0.3,2048,16,cambria.ttc,DJELTE,15,0,0.255,8.763561,0.881116,1.10157,DJELTE,0.0,1.0
0.4,2048,16,cambria.ttc,DJELTE,15,0,0.34,10.119289,0.843436,0.953987,DJELTE,0.0,1.0
0.5,2048,16,cambria.ttc,DJELTE,15,0,0.425,11.313708,0.8067,0.853272,DJELTE,0.0,1.0
0.6,2048,16,cambria.ttc,DJELTE,15,0,0.51,12.393547,0.770893,0.778927,DJELTE,0.0,1.0
0.7,2048,16,cambria.ttc,DJELTE,15,0,0.595,13.38656,0.735998,0.721147,DJELTE,0.0,1.0
0.8,2048,16,cambria.ttc,DJELTE,15,0,0.68,14.310835,0.701998,0.674571,DJELTE,0.0,1.0
0.9,2048,16,cambria.ttc,DJELTE,15,0,0.765,15.178933,0.668877,0.635992,DJELTE,0.0,1.0
1.0,2048,16,cambria.ttc,DJELTE,15,0,0.85,16.0,0.63662,0.603355,DJELTE,0.0,1.0
0.1,8,16,cambria.ttc,DJELTE,15,15,0.085,5.059644,0.959381,1.907975,,1.0,0.0
0.2,8,16,cambria.ttc,DJELTE,15,15,0.17,7.155418,0.919759,1.349142,,1.0,0.0
0.3,8,16,cambria.ttc,DJELTE,15,15,0.255,8.763561,0.881116,1.10157,,1.0,0.0
0.4,8,16,cambria.ttc,DJELTE,15,15,0.34,10.119289,0.843436,0.953987,,1.0,0.0
0.5,8,16,cambria.ttc,DJELTE,15,15,0.425,11.313708,0.8067,0.853272,,1.0,0.0
0.6,8,16,cambria.ttc,DJELTE,15,15,0.51,12.393547,0.770893,0.778927,,1.0,0.0
0.7,8,16,cambria.ttc,DJELTE,15,15,0.595,13.38656,0.735998,0.721147,,1.0,0.0
0.8,8,16,cambria.ttc,DJELTE,15,15,0.68,14.310835,0.701998,0.674571,,1.0,0.0
0.9,8,16,cambria.ttc,DJELTE,15,15,0.765,15.178933,0.668877,0.635992,DRELTS,0.333333,0.666667
1.0,8,16,cambria.ttc,DJELTE,15,15,0.85,16.0,0.63662,0.603355,,1.0,0.0
0.1,32,16,cambria.ttc,DJELTE,15,15,0.085,5.059644,0.959381,1.907975,,1.0,0.0
0.2,32,16,cambria.ttc,DJELTE,15,15,0.17,7.155418,0.919759,1.349142,,1.0,0.0
0.3,32,16,cambria.ttc,DJELTE,15,15,0.255,8.763561,0.881116,1.10157,,1.0,0.0
0.4,32,16,cambria.ttc,DJELTE,15,15,0.34,10.119289,0.843436,0.953987,,1.0,0.0
0.5,32,16,cambria.ttc,DJELTE,15,15,0.425,11.313708,0.8067,0.853272,,1.0,0.0
0.6,32,16,cambria.ttc,DJELTE,15,15,0.51,12.393547,0.770893,0.778927,,1.0,0.0
0.7,32,16,cambria.ttc,DJELTE,15,15,0.595,13.38656,0.735998,0.721147,,1.0,0.0
0.8,32,16,cambria.ttc,DJELTE,15,15,0.68,14.310835,0.701998,0.674571,,1.0,0.0
0.9,32,16,cambria.ttc,DJELTE,15,15,0.765,15.178933,0.668877,0.635992,DJELTE,0.0,1.0
1.0,32,16,cambria.ttc,DJELTE,15,15,0.85,16.0,0.63662,0.603355,,1.0,0.0
0.1,128,16,cambria.ttc,DJELTE,15,15,0.085,5.059644,0.959381,1.907975,,1.0,0.0
0.2,128,16,cambria.ttc,DJELTE,15,15,0.17,7.155418,0.919759,1.349142,DJELTE,0.0,1.0
0.3,128,16,cambria.ttc,DJELTE,15,15,0.255,8.763561,0.881116,1.10157,DJELTE,0.0,1.0
0.4,128,16,cambria.ttc,DJELTE,15,15,0.34,10.119289,0.843436,0.953987,DJELTE,0.0,1.0
0.5,128,16,cambria.ttc,DJELTE,15,15,0.425,11.313708,0.8067,0.853272,DJELTE,0.0,1.0
0.6,128,16,cambria.ttc,DJELTE,15,15,0.51,12.393547,0.770893,0.778927,DJELTE,0.0,1.0
0.7,128,16,cambria.ttc,DJELTE,15,15,0.595,13.38656,0.735998,0.721147,DJELTE,0.0,1.0
0.8,128,16,cambria.ttc,DJELTE,15,15,0.68,14.310835,0.701998,0.674571,DJELTE,0.0,1.0
0.9,128,16,cambria.ttc,DJELTE,15,15,0.765,15.178933,0.668877,0.635992,DJELTE,0.0,1.0
1.0,128,16,cambria.ttc,DJELTE,15,15,0.85,16.0,0.63662,0.603355,DJELTE,0.0,1.0
0.1,512,16,cambria.ttc,DJELTE,15,15,0.085,5.059644,0.959381,1.907975,DJELTE,0.0,1.0
0.2,512,16,cambria.ttc,DJELTE,15,15,0.17,7.155418,0.919759,1.349142,DJELTE,0.0,1.0
0.3,512,16,cambria.ttc,DJELTE,15,15,0.255,8.763561,0.881116,1.10157,DJELTE,0.0,1.0
0.4,512,16,cambria.ttc,DJELTE,15,15,0.34,10.119289,0.843436,0.953987,DJELTE,0.0,1.0
0.5,512,16,cambria.ttc,DJELTE,15,15,0.425,11.313708,0.8067,0.853272,DJELTE,0.0,1.0
0.6,512,16,cambria.ttc,DJELTE,15,15,0.51,12.393547,0.770893,0.778927,DJELTE,0.0,1.0
0.7,512,16,cambria.ttc,DJELTE,15,15,0.595,13.38656,0.735998,0.721147,DJELTE,0.0,1.0
0.8,512,16,cambria.ttc,DJELTE,15,15,0.68,14.310835,0.701998,0.674571,DJELTE,0.0,1.0
0.9,512,16,cambria.ttc,DJELTE,15,15,0.765,15.178933,0.668877,0.635992,DJELTE,0.0,1.0
1.0,512,16,cambria.ttc,DJELTE,15,15,0.85,16.0,0.63662,0.603355,DJELTE,0.0,1.0
0.1,2048,16,cambria.ttc,DJELTE,15,15,0.085,5.059644,0.959381,1.907975,DJELTE,0.0,1.0
0.2,2048,16,cambria.ttc,DJELTE,15,15,0.17,7.155418,0.919759,1.349142,DJELTE,0.0,1.0
0.3,2048,16,cambria.ttc,DJELTE,15,15,0.255,8.763561,0.881116,1.10157,DJELTE,0.0,1.0
0.4,2048,16,cambria.ttc,DJELTE,15,15,0.34,10.119289,0.843436,0.953987,DJELTE,0.0,1.0
0.5,2048,16,cambria.ttc,DJELTE,15,15,0.425,11.313708,0.8067,0.853272,DJELTE,0.0,1.0
0.6,2048,16,cambria.ttc,DJELTE,15,15,0.51,12.393547,0.770893,0.778927,DJELTE,0.0,1.0
0.7,2048,16,cambria.ttc,DJELTE,15,15,0.595,13.38656,0.735998,0.721147,DJELTE,0.0,1.0
0.8,2048,16,cambria.ttc,DJELTE,15,15,0.68,14.310835,0.701998,0.674571,DJELTE,0.0,1.0
0.9,2048,16,cambria.ttc,DJELTE,15,15,0.765,15.178933,0.668877,0.635992,DJELTE,0.0,1.0
1.0,2048,16,cambria.ttc,DJELTE,15,15,0.85,16.0,0.63662,0.603355,DJELTE,0.0,1.0
